2023-05-02 13:49:49,1683049789,19.5,30.0,96300,2.00,8.00,13.0,16.0,,
2023-05-02 13:54:47,1683050087,19.7,29.4,96300,1.00,3.00,5.00,6.00,,
2023-05-02 13:55:07,1683050107,19.8,28.9,96300,1.00,1.00,1.00,1.00,,
2023-05-02 14:09:49,1683050990,20.2,28.3,96300,1e-7,2.00,4.00,4.00,,
2023-05-02 14:14:07,1683051247,19.9,28.4,96300,1.00,3.00,4.00,4.00,0.0407,0
2023-05-02 14:19:44,1683051584,19.2,28.9,96300,1e-7,1.00,3.00,3.00,0.0407,0
2023-05-02 14:24:42,1683051883,19.0,29.1,96300,3.00,4.00,4.00,5.00,0.0230,0
2023-05-02 14:29:42,1683052182,18.7,29.4,96360,1.00,5.00,7.00,9.00,0.0237,0
2023-05-02 14:34:47,1683052488,18.2,30.0,96386,1.00,1.00,1.00,2.00,0.0226,0
2023-05-02 14:39:47,1683052788,17.7,30.3,96373,3.00,5.00,8.00,10.0,0.0248,0
2023-05-02 14:44:46,1683053087,17.4,30.9,96400,3.00,9.00,16.0,19.0,0.0428,0
2023-05-02 14:46:26,1683053186,17.2,31.4,96400,1.00,7.00,12.0,14.0,0.0420,0
2023-05-02 14:59:51,1683053992,17.4,31.5,96300,1.00,1.00,1.00,1.00,0.0319,0
2023-05-02 15:04:10,1683054251,17.5,31.5,96300,1.00,4.00,6.00,7.00,0.0319,0
2023-05-02 15:14:47,1683054887,17.6,31.0,96300,1.00,3.00,5.00,6.00,0.0655,0
2023-05-02 15:19:46,1683055186,17.6,31.1,96300,2.00,4.00,6.00,8.00,0.0353,0
2023-05-02 15:22:05,1683055325,17.4,31.1,96300,1.00,4.00,7.00,9.00,0.0182,0
2023-05-02 15:29:43,1683055784,17.3,31.8,96300,2.00,8.00,12.0,14.0,0.0182,0
2023-05-02 15:34:43,1683056083,17.3,32.0,96300,3.00,3.00,6.00,7.00,0.0200,0
2023-05-02 15:39:01,1683056342,17.5,31.6,96300,1.00,5.00,8.00,10.0,0.0167,0
2023-05-02 15:49:44,1683056985,18.3,31.1,96300,1.00,1.00,3.00,3.00,0.0167,0
2023-05-02 15:54:43,1683057284,18.8,30.9,96300,2.00,3.00,4.00,4.00,0.0185,0
2023-05-02 15:55:23,1683057323,19.3,30.4,96300,1e-7,1e-7,1.00,1.00,0.0188,0
2023-05-02 16:09:41,1683058182,20.4,27.7,96300,1e-7,1.00,3.00,3.00,0.0188,0
2023-05-02 16:13:27,1683058407,20.5,27.8,96300,1.00,2.00,3.00,4.00,0.0188,0
2023-05-02 16:24:59,1683059099,21.2,27.1,96300,1.00,2.00,3.00,4.00,0.0102,0
2023-05-02 16:29:37,1683059377,21.0,26.9,96300,1.00,4.00,6.00,7.00,0.0115,0
2023-05-02 16:39:49,1683059990,21.1,26.7,96300,1.00,3.00,4.00,5.00,0.0114,0
2023-05-02 16:44:47,1683060288,21.2,26.4,96300,1.00,2.00,4.00,4.00,0.0104,0
2023-05-02 16:47:45,1683060466,21.2,26.5,96300,1.00,2.00,3.00,4.00,0.0107,0
2023-05-02 16:54:42,1683060882,21.2,26.7,96300,1e-7,1.00,2.00,2.00,0.0108,0
2023-05-02 16:59:59,1683061200,20.9,26.5,96300,2.00,5.00,8.00,9.00,0.0211,0
2023-05-02 17:03:38,1683061418,20.3,26.9,96300,1.00,2.00,3.00,4.00,0.0245,0
2023-05-02 17:14:56,1683062097,19.0,28.7,96300,2.00,7.00,11.0,14.0,0.0214,0
2023-05-02 17:19:55,1683062395,18.7,29.0,96300,1.00,3.00,5.00,6.00,0.0187,0
2023-05-02 17:22:32,1683062552,18.6,29.3,96300,1.00,3.00,4.00,4.00,0.0183,0
2023-05-02 17:29:45,1683062986,18.5,29.7,96343,1.00,2.00,4.00,4.00,0.0152,0
2023-05-02 17:34:44,1683063284,18.3,29.8,96360,2.00,9.00,15.0,18.0,0.0182,0
2023-05-02 17:37:52,1683063473,18.1,29.8,96400,1.00,3.00,5.00,6.00,0.0186,0
2023-05-02 17:49:56,1683064197,17.6,30.5,96400,2.00,3.00,4.00,5.00,0.0250,0
2023-05-02 17:54:56,1683064496,17.5,30.7,96400,3.00,5.00,9.00,10.0,0.0193,0
2023-05-02 17:59:55,1683064795,17.5,30.9,96400,1.00,2.00,3.00,4.00,0.0210,0
2023-05-02 18:04:54,1683065094,17.4,30.8,96400,3.00,9.00,15.0,17.0,0.0330,0
2023-05-02 18:09:53,1683065393,17.2,31.1,96400,1.00,3.00,5.00,6.00,0.0190,0
2023-05-02 18:14:52,1683065693,17.0,31.3,96400,1.00,3.00,4.00,5.00,0.0190,0
2023-05-02 18:19:52,1683065992,16.7,31.7,96400,1.00,2.00,3.00,4.00,0.0127,0
2023-05-02 18:24:52,1683066293,16.6,32.1,96400,1.00,4.00,7.00,9.00,0.0116,0
2023-05-02 18:29:52,1683066592,16.3,32.4,96413,1.00,3.00,4.00,5.00,0.0162,0
2023-05-02 18:34:52,1683066892,16.1,32.6,96480,1e-7,1e-7,1.00,1.00,0.0242,0
2023-05-02 18:39:53,1683067193,16.0,32.8,96500,1e-7,2.00,3.00,4.00,0.0214,0
2023-05-02 18:44:53,1683067493,15.9,33.0,96500,1.00,2.00,4.00,5.00,0.0104,0
2023-05-02 18:49:54,1683067795,15.8,33.1,96500,1.00,4.00,6.00,7.00,0.0179,0
2023-05-02 18:54:55,1683068095,15.7,33.2,96500,1.00,5.00,9.00,11.0,0.0205,0
2023-05-02 18:59:55,1683068395,15.5,33.6,96500,1.00,4.00,7.00,8.00,0.0188,0
2023-05-02 19:04:55,1683068695,15.4,33.7,96500,1.00,3.00,5.00,6.00,0.0188,0
2023-05-02 19:09:56,1683068996,15.3,34.0,96500,1e-7,2.00,3.00,4.00,0.0326,0
2023-05-02 19:14:56,1683069296,15.2,34.4,96500,1.00,3.00,6.00,7.00,0.0234,0
2023-05-02 19:19:56,1683069596,15.1,34.5,96500,1.00,2.00,4.00,4.00,0.0110,0
2023-05-02 19:24:57,1683069897,15.0,35.0,96500,3.00,7.00,12.0,14.0,0.0110,0
2023-05-02 19:29:57,1683070197,14.8,35.2,96500,1.00,4.00,7.00,9.00,0.0258,0
2023-05-02 19:34:57,1683070497,14.7,35.3,96500,1.00,2.00,4.00,4.00,0.0258,0
2023-05-02 19:39:57,1683070798,14.6,35.5,96500,2.00,6.00,9.00,10.0,0.0160,0
2023-05-02 19:44:55,1683071096,14.5,36.3,96500,1.00,2.00,4.00,4.00,0.0248,0
2023-05-02 19:49:44,1683071385,14.4,36.2,96500,1.00,2.00,4.00,4.00,0.0248,0
2023-05-02 19:54:44,1683071685,14.3,36.7,96500,1.00,3.00,4.00,5.00,0.0170,0
2023-05-02 19:59:45,1683071986,14.2,37.0,96500,1.00,2.00,4.00,5.00,0.00966,0
2023-05-02 20:04:46,1683072286,14.1,37.3,96500,2.00,2.00,4.00,5.00,0.0106,0
2023-05-02 20:09:46,1683072586,14.0,37.4,96587,2.00,6.00,9.00,10.0,0.0133,0
2023-05-02 20:14:46,1683072887,14.0,37.6,96600,1.00,2.00,3.00,4.00,0.0156,0
2023-05-02 20:19:47,1683073187,13.9,37.8,96600,1.00,3.00,6.00,7.00,0.0176,0
2023-05-02 20:24:47,1683073487,13.9,38.0,96600,1.00,3.00,5.00,6.00,0.0141,0
2023-05-02 20:29:47,1683073788,13.8,38.1,96600,1.00,2.00,3.00,4.00,0.0136,0
2023-05-02 20:34:48,1683074088,13.7,38.0,96600,1.00,2.00,3.00,4.00,0.0153,0
2023-05-02 20:39:48,1683074389,13.7,38.3,96600,1.00,2.00,3.00,3.00,0.0108,0
2023-05-02 20:44:49,1683074690,13.7,38.6,96600,2.00,4.00,7.00,9.00,0.0149,0
2023-05-02 20:49:50,1683074990,13.6,38.7,96600,1.00,2.00,3.00,3.00,0.0206,0
2023-05-02 20:54:50,1683075291,13.6,39.1,96600,1.00,4.00,7.00,8.00,0.0177,0
2023-05-02 20:59:51,1683075591,13.5,39.3,96600,1.00,2.00,3.00,4.00,0.0137,0
2023-05-02 21:04:52,1683075892,13.5,39.4,96600,1e-7,2.00,4.00,5.00,0.0148,0
2023-05-02 21:09:52,1683076192,13.5,39.1,96600,1.00,3.00,4.00,5.00,0.0148,0
2023-05-02 21:14:53,1683076493,13.4,39.4,96600,1.00,4.00,6.00,6.00,0.0128,0
2023-05-02 21:19:53,1683076794,13.4,39.5,96600,1.00,3.00,5.00,6.00,0.0128,0
2023-05-02 21:24:54,1683077094,13.4,39.1,96600,1.00,3.00,6.00,7.00,0.0138,0
2023-05-02 21:29:55,1683077395,13.4,39.4,96600,1.00,2.00,3.00,4.00,0.0138,0
2023-05-02 21:34:55,1683077696,13.3,39.8,96620,1e-7,2.00,4.00,5.00,0.0125,0
2023-05-02 21:39:57,1683077998,13.3,39.7,96673,1.00,3.00,5.00,6.00,0.0122,0
2023-05-02 21:44:58,1683078298,13.2,40.3,96700,1.00,2.00,4.00,5.00,0.0111,0
2023-05-02 21:49:59,1683078599,13.1,40.2,96700,1.00,3.00,4.00,5.00,0.0106,0
2023-05-02 21:54:59,1683078900,13.0,40.6,96667,1.00,4.00,6.00,7.00,0.0140,0
2023-05-02 21:59:40,1683079181,12.9,40.8,96700,1.00,2.00,4.00,5.00,0.0202,0
2023-05-02 22:04:43,1683079483,12.8,40.6,96700,1.00,4.00,7.00,9.00,0.0204,0
2023-05-02 22:09:47,1683079787,12.7,41.2,96700,1e-7,2.00,3.00,4.00,0.0123,0
2023-05-02 22:14:48,1683080088,12.6,42.8,96700,1.00,2.00,4.00,5.00,0.0153,0
2023-05-02 22:19:49,1683080389,12.4,43.1,96700,1.00,5.00,8.00,10.0,0.0333,0
2023-05-02 22:24:48,1683080689,12.3,43.9,96700,1.00,2.00,4.00,4.00,0.0398,0
2023-05-02 22:29:49,1683080990,12.2,44.2,96700,2.00,4.00,5.00,6.00,0.0522,0
2023-05-02 22:34:51,1683081292,12.1,44.7,96700,1.00,2.00,4.00,4.00,0.0242,0
2023-05-02 22:39:52,1683081593,12.0,45.6,96700,1.00,4.00,6.00,7.00,0.0133,0
2023-05-02 22:44:53,1683081894,11.9,46.1,96700,1.00,2.00,4.00,4.00,0.0141,0
2023-05-02 22:49:54,1683082195,11.9,45.5,96700,1.00,2.00,4.00,5.00,0.0132,0
2023-05-02 22:54:55,1683082496,11.8,45.9,96700,2.00,2.00,4.00,4.00,0.0102,0
2023-05-02 22:59:56,1683082797,11.8,45.9,96700,1e-7,1.00,3.00,3.00,0.0103,0
2023-05-02 23:04:57,1683083098,11.8,45.8,96700,1.00,2.00,4.00,5.00,0.0103,0
2023-05-02 23:09:59,1683083400,11.8,45.8,96700,1.00,2.00,4.00,4.00,0.0103,0
2023-05-02 23:14:40,1683083681,11.7,45.6,96700,1.00,4.00,8.00,9.00,0.0126,0
2023-05-02 23:19:41,1683083982,11.7,45.4,96700,1e-7,2.00,4.00,4.00,0.0183,0
2023-05-02 23:24:43,1683084283,11.7,45.6,96700,2.00,2.00,4.00,5.00,0.0149,0
2023-05-02 23:29:44,1683084584,11.7,45.4,96700,1.00,4.00,7.00,8.00,0.0195,0
2023-05-02 23:34:45,1683084885,11.7,45.2,96700,1.00,5.00,8.00,10.0,0.0185,0
2023-05-02 23:39:46,1683085186,11.7,45.0,96700,2.00,9.00,14.0,17.0,0.0160,0
2023-05-02 23:44:47,1683085488,11.7,45.2,96700,1e-7,2.00,4.00,5.00,0.0134,0
2023-05-02 23:49:48,1683085789,11.7,45.0,96700,1e-7,2.00,3.00,3.00,0.0259,0
2023-05-02 23:54:49,1683086090,11.7,44.8,96700,1.00,4.00,6.00,7.00,0.0222,0
2023-05-02 23:59:51,1683086391,11.7,44.8,96700,1.00,2.00,3.00,4.00,0.0129,0
2023-05-03 00:04:52,1683086692,11.6,45.2,96700,1.00,3.00,4.00,5.00,0.0129,0
2023-05-03 00:09:53,1683086993,11.6,45.3,96700,1.00,4.00,6.00,7.00,0.0128,0
2023-05-03 00:14:54,1683087295,11.5,45.1,96700,1.00,4.00,6.00,7.00,0.0119,0
2023-05-03 00:19:57,1683087597,11.5,45.1,96700,1e-7,2.00,4.00,4.00,0.0114,0
2023-05-03 00:24:58,1683087899,11.5,44.9,96700,1.00,2.00,4.00,5.00,0.0114,0
2023-05-03 00:29:40,1683088181,11.5,44.8,96700,1.00,2.00,4.00,5.00,0.0110,0
2023-05-03 00:34:42,1683088482,11.5,44.5,96700,2.00,10.0,16.0,19.0,0.0173,0
2023-05-03 00:39:49,1683088789,11.5,44.4,96700,3.00,3.00,3.00,3.00,0.0145,0
2023-05-03 00:44:48,1683089088,11.6,44.3,96700,1.00,3.00,6.00,7.00,0.0254,0
2023-05-03 00:49:49,1683089390,11.6,44.1,96700,1.00,5.00,8.00,10.0,0.0219,0
2023-05-03 00:54:55,1683089695,11.6,44.0,96700,1.00,2.00,4.00,4.00,0.0172,0
2023-05-03 00:59:34,1683089975,11.5,44.2,96700,1e-7,2.00,4.00,4.00,0.0141,0
2023-05-03 01:04:43,1683090284,11.5,43.8,96700,1.00,1.00,1.00,1.00,0.0141,0
2023-05-03 01:09:44,1683090585,11.5,43.8,96700,1.00,3.00,5.00,6.00,0.0116,0
2023-05-03 01:14:55,1683090896,11.5,43.7,96700,1e-7,2.00,4.00,4.00,0.0137,0
2023-05-03 01:19:57,1683091198,11.5,43.6,96700,2.00,2.00,3.00,4.00,0.0128,0
2023-05-03 01:24:59,1683091499,11.4,43.7,96700,1.00,4.00,6.00,7.00,0.0116,0
2023-05-03 01:29:44,1683091785,11.3,43.4,96700,1.00,3.00,6.00,7.00,0.0152,0
2023-05-03 01:34:45,1683092085,11.3,43.4,96700,1.00,4.00,6.00,7.00,0.0152,0
2023-05-03 01:39:46,1683092387,11.2,43.2,96700,1.00,3.00,6.00,7.00,0.0128,0
2023-05-03 01:44:48,1683092689,11.2,43.0,96700,1.00,2.00,3.00,4.00,0.0156,0
2023-05-03 01:49:51,1683092992,10.5,40.2,90656,1.00,2.00,3.00,3.00,0.0156,0
2023-05-03 01:54:53,1683093293,11.2,42.8,96700,1.00,4.00,6.00,8.00,0.0119,0
2023-05-03 01:59:54,1683093595,11.2,42.7,96700,1e-7,2.00,4.00,4.00,0.0117,0
2023-05-03 02:04:55,1683093896,11.2,42.7,96700,1.00,2.00,4.00,5.00,0.0140,0
2023-05-03 02:09:57,1683094197,11.1,42.6,96700,1e-7,2.00,3.00,3.00,0.0119,0
2023-05-03 02:14:59,1683094500,11.1,42.7,96700,1e-7,1.00,3.00,3.00,0.0101,0
2023-05-03 02:19:40,1683094781,11.1,42.4,96700,1.00,5.00,9.00,11.0,0.0159,0
2023-05-03 02:24:41,1683095082,11.1,42.3,96700,1e-7,1e-7,1.00,1.00,0.0183,0
2023-05-03 02:29:42,1683095383,11.1,42.2,96700,1e-7,2.00,4.00,5.00,0.0178,0
2023-05-03 02:34:44,1683095684,11.0,42.2,96700,1e-7,1.00,1.00,1.00,0.0149,0
2023-05-03 02:39:45,1683095986,11.0,42.3,96700,1e-7,2.00,3.00,4.00,0.0103,0
2023-05-03 02:44:47,1683096287,11.0,42.4,96700,1e-7,2.00,3.00,3.00,0.0102,0
2023-05-03 02:49:48,1683096589,11.0,42.4,96700,1.00,1.00,3.00,3.00,0.00995,0
2023-05-03 02:54:50,1683096890,10.9,42.4,96700,1.00,1.00,1.00,1.00,0.00995,0
2023-05-03 02:59:51,1683097192,10.9,42.2,96700,1e-7,2.00,3.00,3.00,0.00995,0
2023-05-03 03:04:53,1683097493,10.9,42.4,96700,1.00,2.00,4.00,4.00,0.00995,0
2023-05-03 03:09:54,1683097795,10.9,42.4,96700,1e-7,2.00,4.00,4.00,0.00995,0
2023-05-03 03:14:56,1683098096,10.8,42.6,96700,1e-7,2.00,3.00,4.00,0.00995,0
2023-05-03 03:19:57,1683098398,10.8,42.2,96700,1e-7,2.00,3.00,4.00,0.00995,0
2023-05-03 03:24:59,1683098699,10.8,42.4,96700,1e-7,2.00,3.00,4.00,0.00995,0
2023-05-03 03:29:40,1683098980,10.8,42.4,96700,1.00,2.00,4.00,4.00,0.00995,0
2023-05-03 03:34:41,1683099282,10.8,42.5,96700,1.00,2.00,3.00,4.00,0.00995,0
2023-05-03 03:39:43,1683099583,10.7,42.5,96700,1e-7,2.00,4.00,4.00,0.00995,0
2023-05-03 03:44:44,1683099885,10.7,42.4,96700,1.00,2.00,4.00,4.00,0.00995,0
2023-05-03 03:49:46,1683100186,10.7,42.5,96700,1.00,4.00,6.00,7.00,0.0130,0
2023-05-03 03:54:47,1683100488,10.7,42.4,96700,1.00,2.00,3.00,4.00,0.0130,0
2023-05-03 03:59:49,1683100790,10.6,42.5,96700,1e-7,2.00,3.00,3.00,0.0117,0
2023-05-03 04:04:51,1683101091,10.6,42.3,96700,1e-7,2.00,3.00,4.00,0.0121,0
2023-05-03 04:09:52,1683101393,10.6,42.4,96700,1.00,2.00,4.00,5.00,0.0106,0
2023-05-03 04:14:54,1683101694,10.5,42.1,96700,2.00,2.00,4.00,4.00,0.0106,0
2023-05-03 04:19:55,1683101996,10.5,41.9,96700,1.00,3.00,6.00,7.00,0.0105,0
2023-05-03 04:24:58,1683102299,10.4,41.6,96700,1.00,2.00,3.00,4.00,0.0128,0
2023-05-03 04:29:45,1683102585,10.4,41.6,96700,2.00,7.00,11.0,13.0,0.0189,0
2023-05-03 04:34:46,1683102887,10.3,41.7,96700,1.00,7.00,11.0,14.0,0.0329,0
2023-05-03 04:39:48,1683103188,10.3,41.6,96700,1e-7,2.00,4.00,5.00,0.0329,0
2023-05-03 04:44:49,1683103490,10.3,41.3,96700,1.00,2.00,4.00,4.00,0.0372,0
2023-05-03 04:49:53,1683103793,10.2,41.0,96700,1.00,2.00,4.00,5.00,0.0146,0
2023-05-03 04:54:54,1683104095,10.2,40.6,96700,1e-7,1e-7,1.00,1.00,0.00995,0
2023-05-03 04:59:57,1683104398,10.2,40.5,96700,1e-7,2.00,4.00,4.00,0.0101,0
2023-05-03 05:04:41,1683104681,10.1,40.5,96700,1e-7,2.00,3.00,4.00,0.00995,0
2023-05-03 05:09:42,1683104983,10.1,40.4,96713,1e-7,2.00,4.00,5.00,0.0101,0
2023-05-03 05:14:44,1683105284,10.1,40.5,96793,1e-7,2.00,4.00,5.00,0.0105,0
2023-05-03 05:19:45,1683105586,10.1,40.7,96800,1.00,3.00,6.00,7.00,0.00995,0
2023-05-03 05:24:47,1683105887,10.1,40.6,96800,1e-7,2.00,4.00,5.00,0.0119,0
2023-05-03 05:29:48,1683106189,10.1,40.3,96800,1e-7,2.00,4.00,5.00,0.0124,0
2023-05-03 05:34:50,1683106490,10.1,39.8,96800,1e-7,1.00,3.00,3.00,0.0124,0
2023-05-03 05:39:51,1683106792,10.0,39.7,96800,1e-7,2.00,3.00,4.00,0.0101,0
2023-05-03 05:44:42,1683107082,10.0,39.6,96800,1e-7,2.00,3.00,4.00,0.0101,0
2023-05-03 05:49:43,1683107384,10.0,39.6,96800,1.00,4.00,8.00,9.00,0.0106,0
2023-05-03 05:54:45,1683107685,10.0,39.3,96800,1e-7,2.00,4.00,5.00,0.0188,0
2023-05-03 05:59:46,1683107987,10.0,39.2,96800,1e-7,2.00,4.00,4.00,0.0201,0
2023-05-03 06:04:08,1683108248,10.0,39.2,96800,1e-7,1.00,3.00,3.00,0.0147,0
2023-05-03 09:09:46,1683119386,11.3,34.1,97000,1e-7,2.00,3.00,4.00,,
2023-05-03 09:14:46,1683119687,11.1,34.7,97000,1e-7,2.00,4.00,5.00,,
2023-05-03 09:19:47,1683119987,10.9,34.9,97000,1e-7,1e-7,1e-7,1e-7,,
2023-05-03 09:24:28,1683120268,10.7,35.1,97000,1e-7,1e-7,1e-7,1e-7,,
2023-05-03 10:24:48,1683123888,12.5,34.4,97000,1e-7,1e-7,1e-7,1e-7,0.0100,0
2023-05-03 10:28:38,1683124118,12.8,33.2,97000,1e-7,2.00,4.00,4.00,0.0100,0
2023-05-08 10:39:51,1683556792,18.8,15.3,98100,1e-7,2.00,4.00,5.00,,
2023-05-08 10:44:51,1683557092,18.8,14.8,98100,1.00,4.00,6.00,7.00,,
2023-05-08 10:48:11,1683557291,18.7,15.0,98100,1e-7,1.00,1.00,2.00,,
2023-05-08 11:04:56,1683558296,19.9,12.8,97400,1.00,2.00,4.00,4.00,0.0144,0
2023-05-08 11:09:57,1683558597,20.9,13.1,97400,2.00,2.00,3.00,4.00,0.0119,0
2023-05-08 11:14:31,1683558872,21.8,11.7,97358,3.00,14.0,23.0,27.0,0.0407,0
2023-05-08 11:34:51,1683560091,23.5,10.9,97500,1e-7,2.00,4.00,4.00,,
2023-05-08 11:39:51,1683560392,23.2,11.5,97500,3.00,15.0,24.0,29.0,,
2023-05-08 11:40:11,1683560412,22.9,12.4,97500,4.00,17.0,28.0,34.0,,
2023-05-08 11:54:44,1683561284,21.4,11.3,97400,1e-7,2.00,3.00,3.00,,
2023-05-08 11:55:33,1683561333,21.3,11.4,97400,1e-7,2.00,4.00,4.00,,
2023-05-08 12:09:44,1683562184,22.6,12.5,97500,1.00,3.00,6.00,7.00,,
2023-05-08 12:10:43,1683562243,23.0,12.9,97500,1.00,6.00,9.00,11.0,,
2023-05-08 12:29:43,1683563383,23.6,13.1,98767,3.00,11.0,18.0,21.0,,
2023-05-08 12:34:40,1683563681,23.6,13.2,99060,1.00,7.00,12.0,15.0,0.258,0
2023-05-08 12:39:58,1683563998,23.7,13.6,99063,1e-7,1.00,1.00,2.00,0.235,0
2023-05-08 12:44:56,1683564296,24.2,13.7,99027,1.00,2.00,3.00,4.00,0.150,0
2023-05-08 12:49:53,1683564594,24.6,13.5,99087,1e-7,2.00,3.00,4.00,0.0191,0
2023-05-08 12:54:51,1683564892,25.0,13.2,99027,1.00,3.00,6.00,7.00,0.0125,0
2023-05-08 12:59:49,1683565189,25.3,12.8,98920,1.00,4.00,6.00,7.00,0.0125,0
2023-05-08 13:04:46,1683565487,25.3,12.5,99093,1e-7,2.00,4.00,4.00,0.0132,0
2023-05-08 13:09:44,1683565785,25.4,13.0,99100,1e-7,1e-7,1e-7,1e-7,0.0116,0
2023-05-08 13:14:41,1683566082,25.8,13.2,99033,1e-7,2.00,3.00,4.00,0.0116,0
2023-05-08 13:19:59,1683566399,26.3,13.0,99013,1e-7,1e-7,1e-7,1e-7,0.00995,0
2023-05-08 13:24:56,1683566697,26.7,13.0,99040,1e-7,4.00,8.00,9.00,0.0101,0
2023-05-08 13:29:54,1683566994,27.1,12.7,99007,87.0,92.0,94.0,95.0,0.108,0
2023-05-08 13:34:51,1683567291,27.1,11.9,98733,50.0,53.0,53.0,53.0,3.16,0
2023-05-08 13:35:10,1683567311,26.9,11.6,98800,22.0,23.0,23.0,23.0,3.63,0
2023-05-08 13:54:48,1683568489,25.5,12.3,98800,1e-7,4.00,8.00,9.00,,
2023-05-08 13:57:25,1683568645,25.4,12.4,98750,1e-7,2.00,4.00,5.00,,
2023-05-08 14:14:37,1683569678,23.0,10.9,97500,1.00,1.00,1.00,1.00,,
2023-05-08 14:19:42,1683569982,22.2,12.2,97500,1.00,4.00,6.00,7.00,,
2023-05-08 14:24:45,1683570286,22.6,12.8,97500,1.00,2.00,4.00,5.00,0.0106,0
2023-05-08 14:29:41,1683570582,23.4,12.9,97500,1e-7,2.00,3.00,4.00,0.0106,0
2023-05-08 14:33:20,1683570801,23.9,12.0,97500,1e-7,2.00,3.00,4.00,0.0115,0
2023-05-08 15:49:58,1683575398,18.5,12.9,97500,1.00,3.00,4.00,5.00,,
2023-05-08 15:54:56,1683575697,18.5,13.5,97500,2.00,2.00,4.00,5.00,,
2023-05-08 15:59:55,1683575995,18.6,13.4,97500,1e-7,2.00,4.00,4.00,,
2023-05-08 16:00:54,1683576055,18.6,13.1,97500,1e-7,1e-7,1e-7,1e-7,,
2023-05-08 16:18:11,1683577091,19.0,13.0,97500,1e-7,2.00,3.00,3.00,,
2023-05-08 16:29:56,1683577796,19.2,12.9,97500,2.00,12.0,20.0,24.0,,
2023-05-08 16:34:48,1683578088,19.0,12.8,97500,1e-7,1.00,3.00,3.00,0.0352,0
2023-05-08 16:39:49,1683578389,18.5,13.0,97500,1.00,3.00,4.00,5.00,0.0352,0
2023-05-08 16:44:51,1683578691,18.0,13.2,97500,1e-7,1.00,3.00,3.00,0.0353,0
2023-05-08 16:49:33,1683578974,17.8,13.5,97500,1e-7,1.00,3.00,3.00,0.0383,0
2023-05-08 16:53:10,1683579190,17.6,13.8,97500,2.00,8.00,14.0,17.0,0.0164,0
2023-05-08 17:04:48,1683579889,17.1,13.4,97500,1e-7,2.00,3.00,4.00,0.0224,0
2023-05-08 17:07:26,1683580047,16.9,13.6,97500,1e-7,1.00,1.00,2.00,0.0245,0
2023-05-08 17:13:59,1683580440,16.9,13.8,97500,1.00,2.00,3.00,4.00,0.0187,0
2023-05-08 17:19:48,1683580788,17.1,13.9,97500,1e-7,2.00,3.00,4.00,0.0141,0
2023-05-08 17:24:47,1683581088,17.1,13.8,97500,1e-7,1.00,3.00,3.00,0.0141,0
2023-05-08 17:29:47,1683581387,17.2,13.9,97500,1.00,2.00,4.00,5.00,0.0102,0
2023-05-08 17:34:46,1683581686,17.3,13.7,97500,2.00,6.00,9.00,10.0,0.0149,0
2023-05-08 17:39:45,1683581986,17.1,13.5,97500,1.00,2.00,4.00,5.00,0.0133,0
2023-05-08 17:44:44,1683582285,16.9,13.7,97500,1.00,2.00,4.00,4.00,0.0108,0
2023-05-08 17:49:42,1683582582,16.7,13.8,97500,1.00,2.00,4.00,4.00,0.0138,0
2023-05-08 17:54:41,1683582882,16.5,13.8,97500,1.00,4.00,5.00,6.00,0.0115,0
2023-05-08 17:59:47,1683583188,16.3,13.7,97557,1.00,1.00,1.00,1.00,0.0115,0
2023-05-08 18:04:56,1683583496,16.2,13.6,97543,2.00,4.00,6.00,7.00,0.0115,0
2023-05-08 18:09:53,1683583794,16.1,13.9,97562,1e-7,2.00,4.00,5.00,0.0137,0
2023-05-08 18:14:11,1683584051,16.1,14.1,97600,1e-7,1.00,3.00,3.00,0.0137,0
2023-05-08 18:19:14,1683584354,16.1,13.9,97600,1.00,2.00,3.00,4.00,0.0172,0
2023-05-08 18:24:57,1683584697,15.9,13.8,97600,1e-7,2.00,4.00,4.00,0.0114,0
2023-05-08 18:29:57,1683584997,15.7,14.0,97600,1.00,2.00,3.00,3.00,0.00995,0
2023-05-08 18:34:57,1683585298,15.5,14.1,97600,1e-7,2.00,4.00,4.00,0.00995,0
2023-05-08 18:39:40,1683585581,15.3,14.2,97600,1.00,2.00,3.00,3.00,0.00995,0
2023-05-08 18:44:47,1683585888,15.1,14.4,97600,1.00,2.00,4.00,5.00,0.0102,0
2023-05-08 18:49:47,1683586188,14.9,14.3,97600,1e-7,2.00,3.00,4.00,0.0102,0
2023-05-08 18:54:47,1683586488,14.7,14.2,97600,1e-7,1.00,3.00,3.00,0.0103,0
2023-05-08 18:59:47,1683586788,14.5,14.4,97600,2.00,3.00,6.00,7.00,0.0140,0
2023-05-08 19:04:47,1683587088,14.4,14.6,97600,1e-7,2.00,4.00,4.00,0.0150,0
2023-05-08 19:09:22,1683587363,14.2,14.7,97611,1.00,2.00,3.00,4.00,0.0150,0
2023-05-08 19:14:40,1683587681,14.0,14.8,97700,1e-7,1e-7,1e-7,1e-7,0.0143,0
2023-05-08 19:19:47,1683587988,13.8,14.9,97700,1e-7,2.00,4.00,4.00,0.0111,0
2023-05-08 19:24:49,1683588290,13.6,15.1,97700,1e-7,2.00,4.00,4.00,0.00995,0
2023-05-08 19:29:50,1683588590,13.4,15.2,97700,1.00,2.00,4.00,4.00,0.00995,0
2023-05-08 19:34:50,1683588891,13.2,15.5,97700,1.00,4.00,6.00,7.00,0.00995,0
2023-05-08 19:39:50,1683589191,13.0,15.6,97700,1.00,2.00,3.00,4.00,0.00995,0
2023-05-08 19:44:51,1683589492,12.8,16.0,97700,1e-7,1.00,3.00,3.00,0.0121,0
2023-05-08 19:49:42,1683589783,12.6,16.2,97700,1.00,2.00,3.00,4.00,0.0113,0
2023-05-08 19:54:26,1683590067,12.4,16.3,97700,1e-7,2.00,3.00,4.00,0.00995,0
2023-05-08 19:59:52,1683590392,12.1,16.5,97700,1e-7,1e-7,1e-7,1e-7,0.00995,0
2023-05-08 20:04:52,1683590693,11.9,16.7,97700,1e-7,2.00,3.00,4.00,0.00995,0
2023-05-08 20:09:51,1683590992,11.8,16.9,97700,1e-7,1e-7,1e-7,1e-7,0.00995,0
2023-05-08 20:14:33,1683591273,11.6,16.9,97721,1e-7,1.00,3.00,3.00,0.00995,0
2023-05-08 20:19:44,1683591585,11.4,16.9,97769,1e-7,2.00,3.00,4.00,0.00995,0
2023-05-08 20:24:52,1683591893,11.2,17.3,97800,1e-7,2.00,4.00,4.00,0.00995,0
2023-05-08 20:29:54,1683592195,11.0,17.4,97800,1e-7,1e-7,1e-7,1e-7,0.00995,0
2023-05-08 20:34:42,1683592483,10.7,17.5,97800,1e-7,2.00,4.00,5.00,0.00995,0
2023-05-08 20:39:44,1683592785,10.5,17.6,97800,1e-7,1e-7,1e-7,1e-7,0.0101,0
2023-05-08 20:44:43,1683593084,10.4,17.6,97800,1e-7,2.00,4.00,5.00,0.0101,0
2023-05-08 20:49:45,1683593385,10.2,17.9,97800,1.00,2.00,3.00,3.00,0.0101,0
2023-05-08 20:54:50,1683593690,10.0,18.1,97800,1e-7,1e-7,1e-7,1e-7,0.0101,0
2023-05-08 20:59:43,1683593984,9.85,18.3,97800,1e-7,1.00,3.00,3.00,0.0100,0
2023-05-08 21:04:46,1683594286,9.75,18.8,97800,1e-7,1.00,1.00,2.00,0.00995,0
2023-05-08 21:09:29,1683594570,9.65,18.8,97800,1e-7,1e-7,1e-7,1e-7,0.00995,0
2023-05-08 21:14:49,1683594889,9.56,19.0,97800,1e-7,2.00,3.00,4.00,0.00995,0
2023-05-08 21:19:53,1683595193,9.52,19.4,97807,1e-7,1e-7,1e-7,1e-7,0.00995,0
2023-05-08 21:24:40,1683595480,9.54,19.5,97900,1e-7,2.00,4.00,5.00,0.0101,0
2023-05-08 21:29:39,1683595779,9.53,19.5,97900,1e-7,2.00,4.00,4.00,0.0100,0
2023-05-08 21:34:41,1683596082,9.48,19.5,97900,1.00,2.00,3.00,4.00,0.0100,0
2023-05-08 21:39:23,1683596364,9.43,19.7,97900,1e-7,1e-7,1e-7,1e-7,0.00995,0
2023-05-08 21:44:40,1683596681,9.40,19.8,97900,1.00,2.00,4.00,5.00,0.00995,0
2023-05-08 21:49:42,1683596982,9.37,20.0,97900,1e-7,1e-7,1e-7,1e-7,0.0101,0
2023-05-08 21:54:53,1683597293,9.28,19.5,97900,1e-7,1e-7,1e-7,1e-7,0.0101,0
2023-05-08 21:59:56,1683597597,9.15,19.6,97900,1e-7,1e-7,1e-7,1e-7,0.0101,0
2023-05-08 22:04:20,1683597860,9.03,19.6,97900,1e-7,1e-7,1e-7,1e-7,0.00995,0
2023-05-08 22:09:41,1683598182,8.83,19.7,97900,1e-7,2.00,3.00,4.00,0.00995,0
2023-05-08 22:14:43,1683598483,8.64,20.0,97900,1e-7,1e-7,1e-7,1e-7,0.00995,0
2023-05-08 22:19:45,1683598785,8.45,20.2,97900,1.00,1.00,1.00,1.00,0.00995,0
2023-05-08 22:24:47,1683599087,8.29,20.3,97900,1e-7,2.00,4.00,4.00,0.00995,0
2023-05-08 22:29:51,1683599391,8.16,20.6,97900,1e-7,1e-7,1e-7,1e-7,0.00995,0
2023-05-08 22:34:40,1683599681,8.07,20.7,97900,1e-7,1e-7,1e-7,1e-7,0.00995,0
2023-05-08 22:39:42,1683599983,7.97,21.1,97900,1e-7,1e-7,1e-7,1e-7,0.00995,0
2023-05-08 22:44:46,1683600286,7.87,21.7,97900,1e-7,1e-7,1e-7,1e-7,0.00995,0
2023-05-08 22:49:40,1683600581,7.77,21.9,97900,1e-7,1e-7,1e-7,1e-7,0.00995,0
2023-05-08 22:54:50,1683600890,7.69,22.2,97900,1e-7,2.00,4.00,4.00,0.00995,0
2023-05-08 22:59:52,1683601192,7.65,22.3,97900,1e-7,1e-7,1e-7,1e-7,0.00995,0
2023-05-08 23:04:41,1683601481,7.62,22.9,97900,1e-7,1e-7,1e-7,1e-7,0.00995,0
2023-05-08 23:09:50,1683601791,7.64,23.1,97900,1e-7,1.00,3.00,3.00,0.00995,0
2023-05-08 23:14:54,1683602095,7.65,23.2,97900,1e-7,1e-7,1e-7,1e-7,0.00995,0
2023-05-08 23:19:52,1683602393,7.65,23.3,97900,1e-7,1e-7,1e-7,1e-7,0.00995,0
2023-05-08 23:24:54,1683602694,7.62,23.2,97900,1e-7,2.00,3.00,4.00,0.00995,0
2023-05-08 23:29:50,1683602991,7.58,23.2,97900,1e-7,1e-7,1e-7,1e-7,0.00995,0
2023-05-08 23:34:53,1683603293,7.59,23.2,97900,1e-7,2.00,3.00,3.00,0.00995,0
2023-05-08 23:39:55,1683603596,7.59,23.2,97900,1e-7,2.00,4.00,4.00,0.00995,0
2023-05-08 23:44:58,1683603898,7.49,23.1,97900,1.00,1.00,1.00,1.00,0.00995,0
2023-05-08 23:49:41,1683604181,7.37,23.1,97900,1e-7,2.00,4.00,5.00,0.0100,0
2023-05-08 23:54:47,1683604487,7.27,23.5,97900,1e-7,2.00,3.00,3.00,0.0101,0
2023-05-08 23:59:49,1683604790,7.15,23.7,97900,1e-7,2.00,4.00,5.00,0.0101,0
2023-05-09 00:04:59,1683605099,7.00,23.6,97960,1e-7,2.00,3.00,3.00,0.0101,0
2023-05-09 00:09:41,1683605382,6.86,23.7,98000,1e-7,1e-7,1e-7,1e-7,0.0101,0
2023-05-09 00:14:23,1683605664,6.73,23.8,98000,1e-7,1e-7,1e-7,1e-7,0.0101,0
2023-05-09 00:19:40,1683605981,6.54,23.9,98000,1e-7,1e-7,1e-7,1e-7,0.00995,0
2023-05-09 00:24:52,1683606293,6.39,23.8,98000,1e-7,1e-7,1e-7,1e-7,0.00995,0
2023-05-09 00:29:45,1683606585,6.25,24.2,98000,1e-7,1e-7,1e-7,1e-7,0.00995,0
2023-05-09 00:32:46,1683606767,6.11,24.3,98000,1.00,5.00,8.00,9.00,0.0116,0
2023-05-09 00:39:10,1683607151,5.92,24.9,98000,1e-7,1e-7,1e-7,1e-7,0.0121,0
2023-05-09 00:44:51,1683607491,5.77,25.1,98000,1e-7,2.00,4.00,4.00,0.0134,0
2023-05-09 00:49:54,1683607794,5.62,25.3,98000,1e-7,1e-7,1e-7,1e-7,0.0104,0
2023-05-09 00:54:44,1683608084,5.48,25.5,98000,1e-7,1e-7,1e-7,1e-7,0.00995,0
2023-05-09 00:59:44,1683608385,5.38,25.9,98000,1e-7,2.00,4.00,5.00,0.0101,0
2023-05-09 01:04:45,1683608685,5.28,26.4,98000,1e-7,2.00,4.00,5.00,0.0103,0
2023-05-09 01:09:48,1683608988,5.17,26.6,98000,1.00,1.00,2.00,2.00,0.0103,0
2023-05-09 01:14:53,1683609294,5.05,26.8,98000,1e-7,2.00,4.00,4.00,0.0103,0
2023-05-09 01:19:57,1683609598,4.94,27.0,98000,1e-7,1e-7,1e-7,1e-7,0.00995,0
2023-05-09 01:24:41,1683609881,4.82,27.0,98000,1e-7,2.00,3.00,4.00,0.00995,0
2023-05-09 01:29:44,1683610184,4.70,27.1,98000,1e-7,1e-7,1e-7,1e-7,0.00995,0
2023-05-09 01:34:46,1683610486,4.59,27.6,98000,1e-7,1e-7,1e-7,1e-7,0.00995,0
2023-05-09 01:39:49,1683610789,4.47,27.6,98000,1e-7,1e-7,1e-7,1e-7,0.00995,0
2023-05-09 01:44:50,1683611090,4.38,27.7,98000,1.00,1.00,1.00,1.00,0.00995,0
2023-05-09 01:49:53,1683611393,4.30,27.9,98000,1e-7,1e-7,1e-7,1e-7,0.00995,0
2023-05-09 01:54:58,1683611699,4.22,28.1,98000,1e-7,2.00,4.00,5.00,0.0101,0
2023-05-09 01:59:21,1683611962,4.14,28.2,98000,1e-7,2.00,3.00,3.00,0.0103,0
2023-05-09 02:04:42,1683612283,4.07,28.3,98000,1e-7,1e-7,1e-7,1e-7,0.0103,0
2023-05-09 02:09:53,1683612593,4.01,28.4,98000,1.00,2.00,3.00,3.00,0.0103,0
2023-05-09 02:14:58,1683612899,3.95,28.6,98000,1e-7,1e-7,1e-7,1e-7,0.00995,0
2023-05-09 02:19:48,1683613188,3.90,28.6,98000,1e-7,1e-7,1e-7,1e-7,0.00995,0
2023-05-09 02:24:50,1683613491,3.85,28.7,98000,1e-7,2.00,3.00,3.00,0.00995,0
2023-05-09 02:29:51,1683613791,3.79,29.0,98000,1e-7,1e-7,1e-7,1e-7,0.00995,0
2023-05-09 02:34:34,1683614075,3.74,29.0,98000,1e-7,1e-7,1e-7,1e-7,0.00995,0
2023-05-09 02:39:56,1683614396,3.69,29.1,98000,1e-7,1e-7,1e-7,1e-7,0.00995,0
2023-05-09 02:44:50,1683614691,3.66,29.1,98000,1e-7,2.00,4.00,4.00,0.00995,0
2023-05-09 02:49:51,1683614991,3.63,29.2,98000,1e-7,1e-7,1e-7,1e-7,0.00995,0
2023-05-09 02:54:54,1683615295,3.61,29.3,98000,1e-7,2.00,3.00,3.00,0.00995,0
2023-05-09 02:59:53,1683615593,3.58,29.5,98000,1e-7,2.00,3.00,4.00,0.00995,0
2023-05-09 03:04:42,1683615883,3.57,30.0,98000,1e-7,1e-7,1e-7,1e-7,0.00995,0
2023-05-09 03:09:46,1683616186,3.59,30.5,98000,1e-7,1e-7,1e-7,1e-7,0.00995,0
2023-05-09 03:14:47,1683616487,3.60,30.2,98000,1.00,2.00,4.00,4.00,0.00995,0
2023-05-09 03:19:56,1683616796,3.59,30.0,98000,1e-7,1e-7,1e-7,1e-7,0.00995,0
2023-05-09 03:24:56,1683617097,3.55,30.1,98000,1e-7,1e-7,1e-7,1e-7,0.00995,0
2023-05-09 03:29:41,1683617381,3.54,30.2,98000,1.00,2.00,3.00,3.00,0.00995,0
2023-05-09 03:34:12,1683617652,3.54,30.3,98000,1e-7,2.00,4.00,5.00,0.0101,0
2023-05-09 03:39:51,1683617992,3.55,30.7,98000,1e-7,1e-7,1e-7,1e-7,0.0101,0
2023-05-09 03:44:55,1683618296,3.53,30.8,98000,1e-7,2.00,4.00,5.00,0.0101,0
2023-05-09 03:49:57,1683618597,3.50,30.7,98000,1e-7,1e-7,1e-7,1e-7,0.0101,0
2023-05-09 03:54:40,1683618880,3.46,30.8,98000,1e-7,2.00,4.00,5.00,0.0101,0
2023-05-09 03:59:50,1683619191,3.41,30.6,98000,1e-7,2.00,4.00,4.00,0.0101,0
2023-05-09 04:04:55,1683619495,3.36,30.7,98000,1.00,4.00,7.00,9.00,0.0106,0
2023-05-09 04:09:59,1683619799,3.31,30.6,98000,1e-7,1e-7,1e-7,1e-7,0.0122,0
2023-05-09 04:14:59,1683620100,3.25,30.7,98000,1.00,4.00,6.00,7.00,0.0132,0
2023-05-09 04:19:43,1683620383,3.18,30.7,98000,1e-7,1e-7,1e-7,1e-7,0.0118,0
2023-05-09 04:24:46,1683620687,3.12,30.8,98020,1e-7,1e-7,1e-7,1e-7,0.0108,0
2023-05-09 04:29:50,1683620991,3.07,30.9,98087,1e-7,1e-7,1e-7,1e-7,0.0108,0
2023-05-09 04:34:54,1683621294,3.03,30.8,98100,1.00,4.00,6.00,7.00,0.00995,0
2023-05-09 04:39:58,1683621598,3.00,30.8,98100,1.00,2.00,3.00,4.00,0.0132,0
2023-05-09 04:44:43,1683621883,2.98,31.0,98100,1e-7,1e-7,1e-7,1e-7,0.0132,0
2023-05-09 04:49:51,1683622192,2.95,30.9,98100,1e-7,1e-7,1e-7,1e-7,0.0132,0
2023-05-09 04:54:41,1683622482,2.91,30.9,98100,1e-7,1e-7,1e-7,1e-7,0.00995,0
2023-05-09 04:59:45,1683622786,2.86,30.8,98100,1e-7,1e-7,1e-7,1e-7,0.00995,0
2023-05-09 05:04:49,1683623089,2.81,30.7,98100,1e-7,1.00,3.00,3.00,0.00995,0
2023-05-09 05:09:53,1683623393,2.77,31.1,98100,1e-7,1e-7,1e-7,1e-7,0.00995,0
2023-05-09 05:14:57,1683623697,2.75,31.3,98100,1e-7,2.00,4.00,5.00,0.00995,0
2023-05-09 05:19:41,1683623981,2.72,31.5,98100,1e-7,1e-7,1e-7,1e-7,0.0100,0
2023-05-09 05:24:46,1683624287,2.70,31.6,98100,1e-7,1e-7,1e-7,1e-7,0.0100,0
2023-05-09 05:29:50,1683624591,2.67,31.5,98100,1e-7,2.00,3.00,3.00,0.0100,0
2023-05-09 05:34:54,1683624894,2.66,31.8,98100,1e-7,1e-7,1e-7,1e-7,0.00995,0
2023-05-09 05:35:57,1683624958,2.66,31.9,98100,1e-7,1.00,3.00,3.00,0.00995,0
2023-05-09 10:24:47,1683642287,21.7,14.2,98200,1e-7,1.00,3.00,3.00,,
2023-05-09 10:29:55,1683642596,21.8,14.0,98200,1.00,3.00,4.00,4.00,,
2023-05-09 10:30:51,1683642651,21.9,14.0,98200,1e-7,1e-7,1e-7,1e-7,,
2023-05-09 10:44:46,1683643487,22.7,13.9,98200,1.00,1.00,3.00,3.00,,
2023-05-09 10:48:08,1683643689,22.8,12.9,98200,1.00,3.00,6.00,7.00,,
2023-05-09 10:59:23,1683644363,22.8,13.1,98200,1.00,2.00,4.00,4.00,0.0121,0
2023-05-09 11:02:13,1683644533,23.1,12.3,98200,1e-7,2.00,3.00,3.00,0.0113,0
2023-05-09 11:19:58,1683645598,24.9,12.2,98200,1e-7,1e-7,1.00,1.00,0.0125,0
2023-05-09 11:23:14,1683645795,25.4,12.0,98200,1e-7,2.00,4.00,5.00,0.0117,0
2023-05-09 11:29:56,1683646196,26.0,10.2,98200,1e-7,1e-7,1e-7,1e-7,0.0131,0
2023-05-09 11:34:52,1683646492,26.3,10.8,98200,1e-7,2.00,4.00,4.00,0.0101,0
2023-05-09 11:38:49,1683646729,26.3,10.7,98200,1e-7,2.00,4.00,5.00,0.0101,0
2023-05-09 11:49:42,1683647382,27.0,9.90,98143,1e-7,2.00,3.00,3.00,0.0102,0
2023-05-09 11:54:58,1683647698,26.8,10.3,98194,1.00,3.00,4.00,4.00,0.0102,0
2023-05-09 11:55:57,1683647757,26.9,10.3,98200,1e-7,1e-7,1e-7,1e-7,0.0100,0
2023-05-09 12:04:47,1683648288,27.7,9.95,98100,1e-7,1.00,3.00,3.00,0.0100,0
2023-05-09 12:09:43,1683648584,26.7,9.89,98147,1.00,2.00,4.00,5.00,0.0101,0
2023-05-09 12:14:00,1683648840,25.7,9.90,98146,1e-7,1e-7,1e-7,1e-7,0.0101,0
2023-05-09 12:24:42,1683649482,26.4,9.90,98100,1e-7,1e-7,1e-7,1e-7,0.0104,0
2023-05-09 12:29:57,1683649798,26.4,10.2,98100,1e-7,2.00,3.00,4.00,0.0104,0
2023-05-09 12:31:15,1683649876,26.8,10.0,98100,1e-7,1e-7,1e-7,1e-7,0.00995,0
2023-05-09 12:39:48,1683650388,27.2,9.73,98100,1e-7,2.00,4.00,5.00,0.00995,0
2023-05-09 12:44:44,1683650685,26.1,9.78,98100,1.00,2.00,4.00,5.00,0.0109,0
2023-05-09 12:46:43,1683650803,25.7,10.4,98100,1e-7,1e-7,1e-7,1e-7,0.0109,0
2023-05-09 12:54:56,1683651296,26.6,10.5,98100,1.00,3.00,4.00,4.00,0.0109,0
2023-05-09 12:59:52,1683651592,26.8,10.4,98100,1e-7,2.00,3.00,3.00,0.0103,0
2023-05-09 13:03:49,1683651829,26.9,10.1,98100,1e-7,2.00,3.00,4.00,0.00995,0
2023-05-09 13:14:42,1683652483,27.1,10.2,98100,1e-7,1e-7,1.00,1.00,0.00995,0
2023-05-09 13:19:58,1683652798,27.5,10.1,98100,1e-7,1e-7,1e-7,1e-7,0.00995,0
2023-05-09 13:21:55,1683652916,27.9,9.02,98100,2.00,2.00,4.00,4.00,0.00995,0
2023-05-09 13:29:49,1683653389,28.0,8.58,98100,1e-7,1e-7,1e-7,1e-7,0.00995,0
2023-05-09 13:34:45,1683653686,28.0,8.92,98100,1.00,2.00,3.00,3.00,0.00995,0
2023-05-09 13:39:01,1683653942,27.7,9.25,98100,1.00,4.00,8.00,9.00,0.0197,0
2023-05-09 13:44:56,1683654297,27.8,9.63,98100,1e-7,1e-7,1e-7,1e-7,0.0204,0
2023-05-09 13:49:52,1683654592,28.0,8.79,98100,1e-7,2.00,3.00,4.00,0.0204,0
2023-05-09 13:54:48,1683654888,27.5,8.82,98100,1.00,3.00,4.00,5.00,0.0211,0
2023-05-09 14:04:58,1683655498,26.5,9.32,98100,1.00,2.00,4.00,4.00,0.0126,0
2023-05-09 14:09:54,1683655795,26.0,9.22,98100,1e-7,1.00,1.00,2.00,0.0108,0
2023-05-09 14:11:33,1683655894,25.9,8.83,98100,2.00,2.00,2.00,2.00,0.0102,0
2023-05-09 14:24:55,1683656695,25.4,9.08,98100,1e-7,2.00,3.00,4.00,0.0102,0
2023-05-09 14:29:12,1683656952,25.5,9.31,98100,1.00,4.00,8.00,9.00,0.0143,0
2023-05-09 14:34:59,1683657299,25.2,9.33,98100,1e-7,1.00,3.00,3.00,0.0141,0
2023-05-09 14:39:55,1683657596,25.1,9.40,98100,2.00,6.00,9.00,11.0,0.0111,0
2023-05-09 14:44:52,1683657893,24.5,8.54,98100,1.00,4.00,7.00,8.00,0.0129,0
2023-05-09 14:45:52,1683657952,24.0,8.86,98100,3.00,6.00,9.00,10.0,0.00956,0
2023-05-09 14:54:52,1683658492,23.9,9.96,98100,1e-7,1e-7,1e-7,1e-7,0.0145,0
2023-05-09 14:59:49,1683658790,23.9,9.82,98100,1e-7,4.00,7.00,9.00,0.0156,0
2023-05-09 15:02:47,1683658968,24.0,10.0,98100,1.00,4.00,7.00,8.00,0.0146,0
2023-05-09 15:09:55,1683659396,23.6,8.78,98100,1e-7,4.00,7.00,9.00,0.0106,0
2023-05-09 15:14:52,1683659693,23.4,9.64,98100,1.00,4.00,7.00,8.00,0.0178,0
2023-05-09 15:19:50,1683659990,23.1,9.98,98100,1e-7,2.00,4.00,5.00,0.0230,0
2023-05-09 15:29:59,1683660600,22.2,10.0,98100,1.00,4.00,6.00,7.00,0.0268,0
2023-05-09 15:34:58,1683660898,21.7,10.4,98100,1.00,2.00,4.00,4.00,0.0144,0
2023-05-09 15:39:56,1683661197,21.3,10.6,98100,1e-7,2.00,3.00,4.00,0.0130,0
2023-05-09 15:44:55,1683661495,20.7,10.7,98100,1.00,3.00,5.00,5.00,0.0121,0
2023-05-09 15:49:53,1683661794,20.3,11.2,98100,1e-7,2.00,4.00,4.00,0.0121,0
2023-05-09 15:54:52,1683662092,20.4,11.3,98100,1e-7,2.00,3.00,4.00,0.0120,0
2023-05-09 15:59:51,1683662391,20.5,11.2,98100,1.00,4.00,7.00,9.00,0.0161,0
2023-05-09 16:04:50,1683662690,20.4,11.2,98100,1.00,2.00,3.00,4.00,0.0252,0
2023-05-09 16:09:48,1683662989,20.5,11.2,98100,1.00,4.00,6.00,7.00,0.0186,0
2023-05-09 16:14:46,1683663286,20.7,11.0,98100,1.00,4.00,7.00,8.00,0.0186,0
2023-05-09 16:19:53,1683663594,20.7,10.9,98100,2.00,9.00,16.0,19.0,0.0446,0
2023-05-09 16:24:52,1683663892,20.6,10.8,98100,1.00,4.00,6.00,7.00,0.0306,0
2023-05-09 16:29:51,1683664191,20.5,10.8,98100,1.00,4.00,6.00,7.00,0.0306,0
2023-05-09 16:34:50,1683664490,20.3,10.9,98100,1e-7,2.00,4.00,4.00,0.0163,0
2023-05-09 16:39:49,1683664789,20.2,11.4,98100,1.00,2.00,4.00,5.00,0.0149,0
2023-05-09 16:44:48,1683665088,20.5,11.7,98100,1e-7,2.00,4.00,5.00,0.0101,0
2023-05-09 16:45:27,1683665128,20.7,11.2,98100,1.00,4.00,7.00,9.00,0.00995,0
2023-05-09 16:54:50,1683665691,20.8,11.0,98100,1e-7,5.00,8.00,9.00,0.0135,0
2023-05-09 16:59:49,1683665989,20.6,10.8,98100,1.00,5.00,9.00,11.0,0.0376,0
2023-05-09 17:04:48,1683666288,20.2,10.9,98100,1.00,2.00,4.00,5.00,0.0393,0
2023-05-09 17:09:47,1683666587,19.8,10.8,98100,1.00,2.00,4.00,5.00,0.0393,0
2023-05-09 17:14:46,1683666887,19.7,11.2,98100,1.00,3.00,5.00,6.00,0.0158,0
2023-05-09 17:19:46,1683667186,19.6,11.4,98100,1e-7,2.00,4.00,5.00,0.0112,0
2023-05-09 17:24:45,1683667486,19.3,11.5,98100,1.00,2.00,4.00,4.00,0.0110,0
2023-05-09 17:29:44,1683667785,19.1,11.4,98100,1.00,2.00,4.00,5.00,0.0101,0
2023-05-09 17:34:44,1683668084,18.8,11.5,98100,1.00,4.00,7.00,8.00,0.0101,0
2023-05-09 17:39:43,1683668384,18.5,11.5,98100,1.00,3.00,6.00,7.00,0.0301,0
2023-05-09 17:44:43,1683668683,18.2,11.6,98100,1.00,3.00,5.00,6.00,0.0301,0
2023-05-09 17:49:43,1683668984,18.0,11.9,98100,1.00,2.00,4.00,4.00,0.0188,0
2023-05-09 17:54:43,1683669283,17.9,12.2,98100,1e-7,2.00,4.00,5.00,0.0115,0
2023-05-09 17:59:42,1683669583,17.8,12.3,98100,1e-7,2.00,4.00,5.00,0.0119,0
2023-05-09 18:04:43,1683669884,17.7,12.3,98100,1e-7,2.00,4.00,5.00,0.0101,0
2023-05-09 18:09:43,1683670184,17.7,12.5,98100,1.00,2.00,4.00,4.00,0.0101,0
2023-05-09 18:14:44,1683670484,17.6,12.5,98100,1.00,3.00,4.00,5.00,0.0100,0
2023-05-09 18:19:44,1683670784,17.4,12.3,98100,1.00,4.00,7.00,9.00,0.0104,0
2023-05-09 18:24:44,1683671084,17.3,12.3,98100,1.00,4.00,6.00,7.00,0.0139,0
2023-05-09 18:29:52,1683671393,17.2,12.4,98100,2.00,2.00,4.00,4.00,0.0163,0
2023-05-09 18:34:53,1683671693,17.0,12.3,98100,1.00,2.00,3.00,4.00,0.0123,0
2023-05-09 18:39:52,1683671993,16.8,12.5,98100,1.00,4.00,8.00,9.00,0.0138,0
2023-05-09 18:44:52,1683672293,16.6,12.8,98100,1.00,4.00,6.00,7.00,0.0216,0
2023-05-09 18:49:52,1683672593,16.4,13.1,98100,1e-7,2.00,4.00,5.00,0.0270,0
2023-05-09 18:54:52,1683672893,16.1,13.7,98100,1.00,2.00,4.00,4.00,0.0270,0
2023-05-09 18:59:41,1683673182,15.8,13.5,98100,1e-7,4.00,7.00,8.00,0.0119,0
2023-05-09 19:04:42,1683673482,15.6,13.5,98100,1e-7,2.00,4.00,4.00,0.0119,0
2023-05-09 19:09:42,1683673782,15.3,13.7,98100,1e-7,2.00,4.00,4.00,0.0144,0
2023-05-09 19:14:42,1683674083,15.1,13.9,98100,1e-7,2.00,4.00,4.00,0.0134,0
2023-05-09 19:19:43,1683674383,14.9,13.8,98100,1e-7,2.00,3.00,4.00,0.00995,0
2023-05-09 19:24:44,1683674684,14.8,14.2,98100,1.00,3.00,4.00,5.00,0.0106,0
2023-05-09 19:29:44,1683674985,14.7,14.3,98100,1.00,2.00,4.00,5.00,0.0124,0
2023-05-09 19:34:45,1683675285,14.5,14.2,98100,1e-7,1.00,3.00,3.00,0.0124,0
2023-05-09 19:39:46,1683675586,14.3,14.3,98100,1e-7,2.00,4.00,5.00,0.0127,0
2023-05-09 19:44:46,1683675887,14.1,14.4,98100,1.00,2.00,4.00,4.00,0.0100,0
2023-05-09 19:49:47,1683676188,13.9,14.7,98100,1e-7,1e-7,1e-7,1e-7,0.0100,0
2023-05-09 19:54:48,1683676489,13.6,14.8,98173,1.00,2.00,3.00,4.00,0.00995,0
2023-05-09 19:59:49,1683676790,13.4,15.0,98200,1e-7,2.00,3.00,4.00,0.00995,0
2023-05-09 20:04:51,1683677091,13.1,15.1,98200,1e-7,1e-7,1e-7,1e-7,0.00995,0
2023-05-09 20:09:52,1683677392,12.9,15.1,98200,1e-7,1e-7,1e-7,1e-7,0.00995,0
2023-05-09 20:14:54,1683677694,12.7,15.3,98200,1.00,3.00,6.00,7.00,0.0107,0
2023-05-09 20:19:55,1683677995,12.4,15.3,98200,1e-7,1e-7,1e-7,1e-7,0.0107,0
2023-05-09 20:24:56,1683678296,12.2,15.6,98200,1e-7,2.00,3.00,4.00,0.0107,0
2023-05-09 20:29:57,1683678598,11.9,15.9,98200,1e-7,2.00,4.00,4.00,0.00995,0
2023-05-09 20:34:59,1683678899,11.7,16.0,98200,1e-7,1e-7,1e-7,1e-7,0.00995,0
2023-05-09 20:39:41,1683679182,11.4,15.9,98200,1e-7,2.00,4.00,4.00,0.00995,0
2023-05-09 20:44:43,1683679484,11.2,16.1,98200,1e-7,1e-7,1e-7,1e-7,0.00995,0
2023-05-09 20:49:46,1683679786,11.0,16.3,98200,1e-7,2.00,3.00,3.00,0.00995,0
2023-05-09 20:54:48,1683680089,10.8,16.7,98200,1.00,3.00,6.00,7.00,0.0121,0
2023-05-09 20:59:50,1683680390,10.5,16.8,98200,1e-7,1e-7,1.00,1.00,0.0118,0
2023-05-09 21:04:52,1683680692,10.4,16.9,98200,1.00,4.00,7.00,9.00,0.0120,0
2023-05-09 21:09:54,1683680994,10.2,17.3,98207,1e-7,2.00,3.00,4.00,0.0133,0
2023-05-09 21:14:56,1683681296,10.0,17.4,98287,1.00,1.00,1.00,1.00,0.0132,0
2023-05-09 21:19:59,1683681599,9.86,17.4,98300,1e-7,2.00,4.00,5.00,0.0121,0
2023-05-09 21:24:41,1683681881,9.71,17.4,98300,1.00,1.00,1.00,1.00,0.0101,0
2023-05-09 21:29:43,1683682184,9.55,17.5,98300,1.00,3.00,6.00,7.00,0.0109,0
2023-05-09 21:34:46,1683682487,9.39,17.8,98300,1e-7,1e-7,1e-7,1e-7,0.0117,0
2023-05-09 21:39:48,1683682789,9.24,18.0,98300,1e-7,1e-7,1.00,1.00,0.0125,0
2023-05-09 21:44:52,1683683092,9.08,18.1,98300,1e-7,2.00,4.00,5.00,0.0118,0
2023-05-09 21:49:54,1683683395,8.92,18.0,98300,1e-7,2.00,4.00,5.00,0.0103,0
2023-05-09 21:54:57,1683683697,8.76,18.5,98300,1e-7,2.00,4.00,5.00,0.0103,0
2023-05-09 21:59:59,1683684000,8.58,18.6,98300,1e-7,2.00,4.00,4.00,0.0101,0
2023-05-09 22:04:42,1683684282,8.42,18.9,98300,1e-7,2.00,4.00,5.00,0.0103,0
2023-05-09 22:09:44,1683684585,8.27,19.1,98300,1.00,2.00,4.00,4.00,0.0103,0
2023-05-09 22:14:47,1683684887,8.11,19.2,98300,1e-7,2.00,3.00,3.00,0.0107,0
2023-05-09 22:19:50,1683685190,7.96,19.7,98300,1e-7,4.00,7.00,8.00,0.0120,0
2023-05-09 22:24:52,1683685493,7.82,20.2,98300,1e-7,2.00,4.00,4.00,0.0120,0
2023-05-09 22:29:55,1683685795,7.67,20.2,98300,1e-7,2.00,3.00,4.00,0.0120,0
2023-05-09 22:34:58,1683686098,7.52,20.5,98300,1e-7,1.00,3.00,3.00,0.0100,0
2023-05-09 22:39:40,1683686381,7.39,21.1,98300,1e-7,2.00,4.00,5.00,0.0101,0
2023-05-09 22:44:43,1683686684,7.25,20.9,98300,1e-7,2.00,3.00,4.00,0.0102,0
2023-05-09 22:49:47,1683686988,7.10,21.6,98300,1e-7,2.00,3.00,4.00,0.0101,0
2023-05-09 22:54:50,1683687291,6.97,21.7,98300,1.00,2.00,4.00,4.00,0.00995,0
2023-05-09 22:59:54,1683687595,6.83,22.0,98300,1e-7,1e-7,1e-7,1e-7,0.00995,0
2023-05-09 23:04:57,1683687898,6.72,22.2,98300,1.00,5.00,8.00,10.0,0.0136,0
2023-05-09 23:09:40,1683688181,6.61,22.5,98300,1e-7,4.00,7.00,9.00,0.0291,0
2023-05-09 23:14:52,1683688493,6.49,23.0,98300,1e-7,2.00,4.00,5.00,0.0240,0
2023-05-09 23:19:56,1683688796,6.37,23.0,98300,1e-7,1e-7,1e-7,1e-7,0.0240,0
2023-05-09 23:24:59,1683689100,6.28,22.8,98300,1e-7,2.00,3.00,3.00,0.0136,0
2023-05-09 23:29:42,1683689383,6.20,23.2,98300,1.00,2.00,2.00,3.00,0.0100,0
2023-05-09 23:34:46,1683689686,6.11,23.5,98300,1.00,3.00,6.00,7.00,0.0107,0
2023-05-09 23:39:49,1683689990,6.03,23.7,98300,1e-7,2.00,4.00,5.00,0.0133,0
2023-05-09 23:44:53,1683690293,5.94,23.7,98300,1e-7,2.00,3.00,3.00,0.0133,0
2023-05-09 23:49:56,1683690596,5.86,23.7,98300,1e-7,2.00,3.00,4.00,0.0125,0
2023-05-09 23:54:59,1683690900,5.79,24.2,98300,1.00,2.00,4.00,4.00,0.00995,0
2023-05-09 23:59:42,1683691183,5.74,24.4,98300,1.00,1.00,1.00,1.00,0.00995,0
2023-05-10 00:04:46,1683691486,5.68,24.0,98300,1e-7,1.00,1.00,2.00,0.00995,0
2023-05-10 00:09:49,1683691790,5.63,24.4,98300,1e-7,2.00,4.00,4.00,0.00995,0
2023-05-10 00:14:54,1683692094,5.56,24.6,98300,1.00,3.00,6.00,7.00,0.0148,0
2023-05-10 00:19:57,1683692398,5.49,24.9,98300,1.00,2.00,3.00,3.00,0.0156,0
2023-05-10 00:24:40,1683692681,5.42,25.0,98300,1.00,6.00,9.00,11.0,0.0136,0
2023-05-10 00:29:45,1683692985,5.35,25.2,98300,1.00,3.00,4.00,5.00,0.0147,0
2023-05-10 00:34:48,1683693289,5.28,25.5,98300,2.00,2.00,4.00,4.00,0.0173,0
2023-05-10 00:39:53,1683693594,5.22,25.8,98300,1.00,4.00,6.00,8.00,0.0129,0
2023-05-10 00:44:56,1683693897,5.17,25.7,98300,1.00,4.00,8.00,9.00,0.0125,0
2023-05-10 00:49:40,1683694180,5.10,26.2,98300,1e-7,2.00,4.00,5.00,0.0177,0
2023-05-10 00:54:43,1683694484,5.05,26.3,98300,1.00,4.00,6.00,8.00,0.0124,0
2023-05-10 00:59:47,1683694788,5.00,26.6,98300,1e-7,2.00,3.00,4.00,0.0113,0
2023-05-10 01:04:52,1683695092,4.96,26.7,98300,1.00,2.00,4.00,5.00,0.0185,0
2023-05-10 01:09:55,1683695396,4.91,26.8,98300,1e-7,1.00,1.00,1.00,0.0103,0
2023-05-10 01:14:59,1683695699,4.87,26.8,98300,1e-7,2.00,4.00,4.00,0.0103,0
2023-05-10 01:19:42,1683695983,4.84,27.1,98300,1.00,1.00,2.00,2.00,0.0101,0
2023-05-10 01:24:46,1683696287,4.82,27.2,98300,1.00,1.00,1.00,1.00,0.00995,0
2023-05-10 01:29:50,1683696590,4.79,27.2,98300,1e-7,2.00,4.00,4.00,0.00995,0
2023-05-10 01:34:54,1683696894,4.77,27.0,98300,1.00,3.00,6.00,7.00,0.0131,0
2023-05-10 01:39:58,1683697198,4.77,26.9,98300,1.00,2.00,4.00,5.00,0.0115,0
2023-05-10 01:44:41,1683697482,4.82,26.9,98300,1.00,4.00,7.00,9.00,0.0106,0
2023-05-10 01:49:45,1683697785,4.91,27.0,98300,1.00,3.00,4.00,5.00,0.0111,0
2023-05-10 01:54:50,1683698090,5.03,27.1,98300,1e-7,1e-7,1e-7,1e-7,,
2023-05-10 01:59:53,1683698394,5.15,27.0,98300,1.00,4.00,6.00,7.00,0.0107,0
2023-05-10 02:04:57,1683698697,5.23,27.2,98300,1e-7,2.00,3.00,4.00,0.0117,0
2023-05-10 02:09:40,1683698981,5.29,27.5,98300,1e-7,2.00,4.00,5.00,0.00958,0
2023-05-10 02:14:44,1683699285,5.30,27.8,98300,1.00,2.00,4.00,4.00,0.0101,0
2023-05-10 02:19:48,1683699588,5.27,27.7,98300,1.00,2.00,4.00,5.00,0.0103,0
2023-05-10 02:24:52,1683699892,5.21,27.8,98300,1.00,3.00,5.00,6.00,0.0111,0
2023-05-10 02:29:56,1683700196,5.12,27.9,98300,1e-7,2.00,4.00,5.00,0.0112,0
2023-05-10 02:34:39,1683700480,5.02,27.8,98300,1.00,2.00,3.00,4.00,0.0112,0
2023-05-10 02:39:43,1683700784,4.92,28.1,98300,1e-7,2.00,4.00,4.00,0.0114,0
2023-05-10 02:44:47,1683701088,4.84,28.1,98300,1e-7,2.00,4.00,5.00,0.0103,0
2023-05-10 02:49:39,1683701380,4.76,28.0,98300,1e-7,2.00,4.00,5.00,0.0103,0
2023-05-10 02:54:43,1683701684,4.72,28.7,98300,1.00,4.00,8.00,9.00,0.0158,0
2023-05-10 02:59:47,1683701988,4.69,28.8,98300,1.00,2.00,3.00,4.00,0.0158,0
2023-05-10 03:04:40,1683702280,4.71,28.7,98300,1e-7,2.00,4.00,5.00,0.0142,0
2023-05-10 03:09:43,1683702584,4.81,28.9,98207,1e-7,2.00,3.00,4.00,0.0107,0
2023-05-10 03:14:47,1683702887,4.98,29.2,98253,1.00,2.00,4.00,4.00,0.0107,0
2023-05-10 03:19:51,1683703191,5.16,29.1,98200,1e-7,2.00,3.00,4.00,0.0103,0
2023-05-10 03:24:55,1683703495,5.29,29.0,98240,1.00,1.00,3.00,3.00,0.00995,0
2023-05-10 03:29:58,1683703799,5.31,28.8,98207,1e-7,2.00,4.00,4.00,0.00995,0
2023-05-10 03:34:42,1683704082,5.27,28.8,98229,1e-7,2.00,4.00,4.00,0.00995,0
2023-05-10 03:39:45,1683704386,5.21,28.5,98227,1.00,2.00,3.00,3.00,0.00995,0
2023-05-10 03:44:49,1683704690,5.18,28.4,98267,1e-7,1e-7,1e-7,1e-7,0.00995,0
2023-05-10 03:49:53,1683704993,5.14,28.5,98300,1e-7,2.00,4.00,5.00,0.00995,0
2023-05-10 03:54:58,1683705298,5.09,28.5,98300,1e-7,2.00,4.00,4.00,0.0101,0
2023-05-10 03:59:41,1683705582,5.05,28.8,98300,1.00,4.00,6.00,7.00,0.0116,0
2023-05-10 04:04:45,1683705885,4.98,28.9,98300,1e-7,2.00,4.00,4.00,0.0117,0
2023-05-10 04:09:49,1683706189,4.92,28.9,98300,1.00,4.00,6.00,7.00,0.0125,0
2023-05-10 04:14:52,1683706493,4.85,29.0,98300,1.00,9.00,15.0,19.0,0.0384,0
2023-05-10 04:19:56,1683706797,4.78,29.2,98247,1e-7,1e-7,1e-7,1.00,0.0392,0
2023-05-10 04:24:39,1683707080,4.71,29.1,98221,1e-7,2.00,3.00,4.00,0.0377,0
2023-05-10 04:29:43,1683707384,4.67,29.0,98233,1e-7,2.00,4.00,5.00,0.0101,0
2023-05-10 04:34:47,1683707687,4.67,29.2,98280,1e-7,1e-7,1e-7,1e-7,0.0101,0
2023-05-10 04:39:51,1683707991,4.76,29.3,98287,1.00,3.00,6.00,7.00,0.0114,0
2023-05-10 04:44:54,1683708295,4.92,29.8,98233,1e-7,1e-7,1e-7,1e-7,0.0114,0
2023-05-10 04:49:58,1683708599,5.08,29.9,98213,1.00,3.00,6.00,7.00,0.0114,0
2023-05-10 04:54:42,1683708882,5.22,30.0,98200,1e-7,2.00,3.00,4.00,0.0131,0
2023-05-10 04:59:45,1683709186,5.35,29.9,98220,1e-7,2.00,4.00,5.00,0.0138,0
2023-05-10 05:04:49,1683709489,5.47,29.9,98200,1.00,4.00,6.00,7.00,0.0119,0
2023-05-10 05:09:53,1683709793,5.54,29.8,98200,1e-7,1e-7,1e-7,1e-7,0.0117,0
2023-05-10 05:14:56,1683710097,5.57,29.7,98200,1.00,2.00,3.00,3.00,0.0127,0
2023-05-10 05:19:40,1683710380,5.58,29.9,98200,1e-7,2.00,3.00,3.00,0.0108,0
2023-05-10 05:24:44,1683710684,5.54,29.8,98233,2.00,2.00,4.00,5.00,0.0101,0
2023-05-10 05:29:47,1683710988,5.50,29.8,98280,1e-7,2.00,3.00,4.00,0.0101,0
2023-05-10 05:34:51,1683711291,5.48,29.6,98200,1.00,2.00,4.00,4.00,0.0101,0
2023-05-10 05:39:54,1683711595,5.47,29.8,98267,1e-7,2.00,4.00,4.00,0.0101,0
2023-05-10 05:44:58,1683711899,5.47,30.0,98300,2.00,2.00,4.00,5.00,0.00995,0
2023-05-10 05:46:40,1683712000,5.46,29.9,98300,1e-7,2.00,4.00,4.00,0.0101,0
2023-05-10 10:19:41,1683728381,25.4,10.4,98100,2.00,5.00,9.00,10.0,,
2023-05-10 10:22:58,1683728579,25.5,11.0,98100,1.00,3.00,6.00,7.00,,
2023-05-10 10:29:50,1683728990,26.4,10.4,98100,1e-7,1.00,3.00,3.00,0.00995,0
2023-05-10 10:34:46,1683729286,26.6,9.88,98100,1.00,2.00,3.00,4.00,,
2023-05-10 10:39:42,1683729583,26.5,9.57,98100,1.00,2.00,4.00,5.00,,
2023-05-10 10:41:20,1683729681,26.5,9.94,98100,1e-7,1e-7,1e-7,1e-7,,
2023-05-10 10:49:57,1683730198,27.5,10.1,98100,1e-7,2.00,3.00,4.00,,
2023-05-10 10:54:53,1683730494,27.5,8.77,98100,1.00,2.00,3.00,3.00,0.0103,0
2023-05-10 10:56:53,1683730613,27.5,8.74,98100,2.00,5.00,8.00,9.00,,
2023-05-10 11:04:45,1683731085,28.0,9.18,98025,1e-7,2.00,3.00,4.00,0.0109,0
2023-05-10 11:09:40,1683731381,28.4,8.65,98053,2.00,8.00,13.0,15.0,0.0180,0
2023-05-10 11:13:56,1683731637,28.7,8.57,98008,1.00,4.00,7.00,8.00,0.0147,0
2023-05-10 11:24:51,1683732292,29.1,8.51,98000,3.00,4.00,5.00,5.00,0.0145,0
2023-05-10 11:29:47,1683732587,29.4,8.36,98000,1.00,2.00,4.00,4.00,0.0196,0
2023-05-10 11:30:46,1683732646,29.6,8.85,98000,1e-7,2.00,3.00,3.00,0.00857,0
2023-05-10 11:39:54,1683733194,29.9,8.45,98000,1.00,2.00,3.00,4.00,0.0110,0
2023-05-10 11:44:49,1683733489,30.1,8.53,98000,2.00,5.00,7.00,7.00,0.0113,0
2023-05-10 11:47:46,1683733666,30.1,8.25,98000,2.00,3.00,4.00,4.00,0.0118,0
2023-05-10 11:54:59,1683734100,29.5,9.05,98000,1e-7,2.00,4.00,4.00,0.0127,0
2023-05-10 11:59:54,1683734395,29.4,8.69,98000,2.00,2.00,3.00,3.00,0.0127,0
2023-05-10 12:04:50,1683734690,29.6,8.85,98000,3.00,3.00,6.00,7.00,0.00995,0
2023-05-10 12:06:26,1683734787,29.7,8.52,98000,1e-7,1.00,1.00,1.00,0.00995,0
2023-05-10 12:14:42,1683735283,29.7,8.47,98000,1e-7,2.00,3.00,3.00,0.00995,0
2023-05-10 12:19:57,1683735598,29.7,8.55,97981,2.00,3.00,5.00,5.00,0.0113,0
2023-05-10 12:21:36,1683735697,29.7,8.35,97940,1.00,1.00,1.00,1.00,0.00960,0
2023-05-10 12:29:46,1683736186,29.7,8.51,97900,3.00,3.00,3.00,3.00,0.00960,0
2023-05-10 12:34:41,1683736481,29.6,8.66,97920,3.00,4.00,5.00,6.00,0.00993,0
2023-05-10 12:38:37,1683736718,29.6,8.45,97900,2.00,4.00,7.00,9.00,0.0108,0
2023-05-10 12:49:47,1683737387,29.9,8.51,97900,2.00,3.00,4.00,5.00,0.0128,0
2023-05-10 12:54:42,1683737683,30.1,8.61,97900,2.00,2.00,3.00,3.00,0.0153,0
2023-05-10 12:55:22,1683737722,30.3,8.48,97900,1.00,2.00,3.00,3.00,0.0176,0
2023-05-10 13:04:59,1683738300,30.3,8.93,97900,1.00,2.00,2.00,3.00,0.0195,0
2023-05-10 13:09:54,1683738595,30.5,9.08,97900,1.00,4.00,6.00,8.00,0.0195,0
2023-05-10 13:12:32,1683738752,31.1,8.85,97900,2.00,3.00,4.00,4.00,0.0128,0
2023-05-10 13:19:43,1683739184,31.8,8.60,97900,1.00,2.00,3.00,4.00,0.0114,0
2023-05-10 13:24:58,1683739498,31.9,8.37,97894,2.00,3.00,4.00,4.00,0.0121,0
2023-05-10 13:29:13,1683739754,31.7,8.07,97900,1.00,4.00,7.00,8.00,0.0144,0
2023-05-10 13:39:40,1683740381,30.9,8.48,97877,2.00,2.00,3.00,4.00,0.0275,0
2023-05-10 13:44:55,1683740695,30.8,8.12,97800,1.00,5.00,8.00,9.00,0.0275,0
2023-05-10 13:47:32,1683740852,30.8,8.25,97800,1.00,2.00,3.00,4.00,0.0138,0
2023-05-10 13:54:43,1683741284,30.7,8.38,97800,1.00,2.00,4.00,4.00,0.0226,0
2023-05-10 13:59:58,1683741598,30.8,8.20,97800,2.00,3.00,5.00,6.00,0.0128,0
2023-05-10 14:03:14,1683741795,30.8,7.78,97800,2.00,6.00,10.0,13.0,0.0189,0
2023-05-10 14:14:44,1683742484,30.8,7.78,97800,2.00,8.00,12.0,14.0,0.0236,0
2023-05-10 14:19:58,1683742799,31.1,7.82,97800,1.00,4.00,6.00,7.00,0.0254,0
2023-05-10 14:21:16,1683742877,31.2,7.65,97800,1e-7,2.00,3.00,4.00,0.0305,0
2023-05-10 14:29:48,1683743388,30.9,7.80,97800,3.00,3.00,6.00,7.00,0.0370,0
2023-05-10 14:34:43,1683743683,30.8,7.73,97800,1.00,2.00,3.00,4.00,0.0239,0
2023-05-10 14:38:19,1683743899,30.5,7.84,97800,1.00,2.00,3.00,4.00,0.0164,0
2023-05-10 14:44:53,1683744293,29.8,8.18,97800,1e-7,1e-7,1.00,1.00,0.0120,0
2023-05-10 14:49:48,1683744589,29.6,8.48,97800,1.00,4.00,7.00,9.00,0.0131,0
2023-05-10 14:54:44,1683744884,29.7,8.20,97700,1.00,3.00,4.00,5.00,0.0152,0
2023-05-10 14:55:23,1683744923,29.7,8.05,97700,1e-7,1.00,3.00,3.00,0.0123,0
2023-05-10 15:04:53,1683745493,29.5,8.28,97700,2.00,7.00,11.0,13.0,0.0173,0
2023-05-10 15:09:49,1683745789,29.2,8.24,97700,2.00,2.00,4.00,5.00,0.0322,0
2023-05-10 15:11:07,1683745868,29.0,8.43,97700,1e-7,1e-7,1e-7,1e-7,0.0244,0
2023-05-10 15:19:46,1683746387,28.6,8.66,97700,2.00,5.00,7.00,8.00,0.0331,0
2023-05-10 15:24:42,1683746683,28.4,8.69,97700,2.00,6.00,9.00,11.0,0.0330,0
2023-05-10 15:28:00,1683746880,28.1,9.05,97700,1.00,4.00,6.00,7.00,0.0330,0
2023-05-10 15:34:53,1683747294,28.1,9.49,97700,1e-7,1e-7,1.00,1.00,0.0153,0
2023-05-10 15:39:49,1683747590,28.0,9.36,97700,1.00,7.00,11.0,14.0,0.0153,0
2023-05-10 15:44:46,1683747886,27.9,9.36,97700,1e-7,2.00,3.00,4.00,0.0375,0
2023-05-10 15:49:42,1683748182,27.9,9.59,97700,1.00,6.00,9.00,11.0,0.0259,0
2023-05-10 15:54:58,1683748499,27.8,9.70,97700,1.00,2.00,3.00,4.00,0.0215,0
2023-05-10 15:59:55,1683748795,27.7,9.73,97700,2.00,9.00,14.0,17.0,0.0227,0
2023-05-10 16:04:51,1683749091,28.0,9.62,97700,2.00,7.00,12.0,14.0,0.0346,0
2023-05-10 16:09:47,1683749388,28.0,9.63,97700,2.00,4.00,7.00,8.00,0.0285,0
2023-05-10 16:14:43,1683749683,27.8,9.92,97700,2.00,3.00,5.00,5.00,0.0239,0
2023-05-10 16:19:52,1683749992,27.5,9.94,97700,2.00,4.00,7.00,8.00,0.0207,0
2023-05-10 16:24:57,1683750298,27.3,10.2,97700,1.00,5.00,8.00,10.0,0.0157,0
2023-05-10 16:29:54,1683750594,27.3,10.1,97700,2.00,5.00,7.00,8.00,0.0129,0
2023-05-10 16:34:51,1683750891,27.2,10.3,97700,2.00,3.00,4.00,4.00,0.0147,0
2023-05-10 16:36:10,1683750970,27.2,10.1,97700,1.00,2.00,3.00,3.00,0.0152,0
2023-05-10 16:54:55,1683752095,27.5,10.2,97700,2.00,6.00,9.00,11.0,,
2023-05-10 16:59:51,1683752392,27.3,10.1,97700,2.00,7.00,11.0,13.0,,
2023-05-10 17:04:48,1683752689,27.0,10.3,97700,2.00,6.00,10.0,12.0,,
2023-05-10 17:09:45,1683752985,26.9,10.6,97700,1.00,4.00,6.00,7.00,0.0270,0
2023-05-10 17:14:42,1683753282,26.8,10.5,97700,1.00,3.00,6.00,7.00,0.0265,0
2023-05-10 17:19:58,1683753599,26.6,10.6,97700,2.00,6.00,9.00,11.0,0.0158,0
2023-05-10 17:24:55,1683753896,26.4,10.9,97700,2.00,5.00,8.00,9.00,0.0281,0
2023-05-10 17:29:52,1683754193,26.3,10.8,97700,1.00,7.00,12.0,14.0,0.0281,0
2023-05-10 17:34:49,1683754490,26.1,10.8,97700,2.00,2.00,4.00,4.00,0.0363,0
2023-05-10 17:39:46,1683754787,25.8,10.8,97700,2.00,3.00,5.00,5.00,0.0295,0
2023-05-10 17:44:44,1683755084,25.7,11.1,97700,1.00,1.00,3.00,3.00,0.0118,0
2023-05-10 17:49:41,1683755382,25.5,11.1,97700,1.00,2.00,3.00,3.00,0.0128,0
2023-05-10 17:54:58,1683755699,25.4,11.6,97700,2.00,2.00,3.00,3.00,0.0104,0
2023-05-10 17:59:56,1683755996,25.3,11.8,97700,1.00,5.00,8.00,10.0,0.0115,0
2023-05-10 18:04:53,1683756294,25.2,11.9,97700,2.00,2.00,4.00,5.00,0.0156,0
2023-05-10 18:09:50,1683756591,25.1,11.9,97700,1e-7,2.00,4.00,4.00,0.0152,0
2023-05-10 18:14:48,1683756888,25.1,11.6,97700,2.00,2.00,4.00,4.00,0.0152,0
2023-05-10 18:19:45,1683757186,25.0,11.7,97700,2.00,3.00,4.00,5.00,0.0120,0
2023-05-10 18:24:43,1683757483,24.8,12.0,97700,2.00,7.00,10.0,12.0,0.0177,0
2023-05-10 18:29:41,1683757781,24.7,11.9,97700,1.00,4.00,7.00,9.00,0.00873,0
2023-05-10 18:34:58,1683758099,24.5,12.6,97700,1.00,3.00,4.00,5.00,0.0302,0
2023-05-10 18:39:56,1683758396,24.2,12.8,97700,1e-7,2.00,4.00,4.00,0.0302,0
2023-05-10 18:44:54,1683758694,23.9,13.0,97700,1e-7,2.00,4.00,5.00,0.0115,0
2023-05-10 18:49:52,1683758992,23.6,13.2,97700,1.00,2.00,4.00,4.00,0.0105,0
2023-05-10 18:54:50,1683759290,23.4,13.3,97700,1.00,4.00,7.00,8.00,0.0156,0
2023-05-10 18:59:48,1683759588,23.2,13.5,97700,1e-7,2.00,4.00,5.00,0.0170,0
2023-05-10 19:04:45,1683759886,23.1,13.4,97700,1.00,2.00,4.00,4.00,0.0146,0
2023-05-10 19:09:45,1683760185,22.9,13.8,97700,1e-7,2.00,3.00,4.00,0.0139,0
2023-05-10 19:14:43,1683760483,22.7,13.9,97700,1.00,5.00,9.00,10.0,0.0211,0
2023-05-10 19:19:41,1683760782,22.6,13.6,97700,1e-7,2.00,4.00,5.00,0.0212,0
2023-05-10 19:24:41,1683761081,22.5,13.8,97700,1e-7,2.00,4.00,4.00,0.0219,0
2023-05-10 19:29:59,1683761399,22.4,14.1,97700,1.00,2.00,4.00,5.00,0.0118,0
2023-05-10 19:34:57,1683761698,22.2,14.4,97700,1.00,4.00,6.00,7.00,0.0119,0
2023-05-10 19:39:56,1683761996,22.0,14.4,97747,1.00,2.00,4.00,4.00,0.0132,0
2023-05-10 19:44:55,1683762296,21.9,14.4,97800,1.00,2.00,3.00,4.00,0.0131,0
2023-05-10 19:49:54,1683762594,21.7,14.7,97800,1.00,2.00,4.00,5.00,0.0139,0
2023-05-10 19:54:52,1683762893,21.5,15.0,97800,1e-7,2.00,3.00,3.00,0.0103,0
2023-05-10 19:59:51,1683763191,21.1,15.2,97800,1e-7,2.00,4.00,5.00,0.0101,0
2023-05-10 20:04:50,1683763490,20.9,15.4,97800,2.00,4.00,6.00,7.00,0.0101,0
2023-05-10 20:09:49,1683763789,20.6,16.0,97800,1e-7,2.00,4.00,5.00,0.0104,0
2023-05-10 20:14:47,1683764088,20.3,16.0,97800,1.00,2.00,4.00,5.00,0.0117,0
2023-05-10 20:19:47,1683764388,20.1,16.0,97800,3.00,12.0,20.0,23.0,0.0101,0
2023-05-10 20:24:46,1683764687,19.8,16.4,97800,1.00,1.00,1.00,1.00,0.0252,0
2023-05-10 20:29:46,1683764986,19.5,16.4,97800,1e-7,1e-7,1e-7,1e-7,0.0381,0
2023-05-10 20:34:45,1683765286,19.2,17.0,97800,1.00,2.00,3.00,4.00,0.0287,0
2023-05-10 20:39:44,1683765585,18.9,17.1,97800,1.00,2.00,4.00,5.00,0.0103,0
2023-05-10 20:44:44,1683765884,18.6,17.1,97800,1e-7,2.00,4.00,4.00,0.0101,0
2023-05-10 20:49:44,1683766184,18.4,17.1,97800,1e-7,2.00,4.00,5.00,0.0101,0
2023-05-10 20:54:43,1683766484,18.1,17.5,97800,1e-7,4.00,7.00,9.00,0.0108,0
2023-05-10 20:59:43,1683766783,17.8,17.8,97800,1.00,2.00,4.00,5.00,0.0137,0
2023-05-10 21:04:43,1683767084,17.6,17.8,97863,1e-7,1e-7,1e-7,1e-7,0.0167,0
2023-05-10 21:09:43,1683767384,17.4,18.4,97900,1.00,2.00,3.00,3.00,0.0191,0
2023-05-10 21:14:43,1683767684,17.2,19.0,97900,1e-7,2.00,4.00,5.00,0.0105,0
2023-05-10 21:19:44,1683767985,16.9,19.5,97900,1.00,3.00,5.00,6.00,0.0131,0
2023-05-10 21:24:44,1683768285,16.7,19.6,97900,1e-7,2.00,4.00,4.00,0.0131,0
2023-05-10 21:29:45,1683768586,16.5,19.2,97900,1e-7,2.00,3.00,4.00,0.0126,0
2023-05-10 21:34:45,1683768886,16.3,19.1,97900,1.00,2.00,3.00,3.00,0.0108,0
2023-05-10 21:39:45,1683769186,16.1,19.3,97900,1.00,4.00,7.00,8.00,0.00995,0
2023-05-10 21:44:45,1683769486,15.9,19.4,97900,1.00,2.00,3.00,3.00,0.0126,0
2023-05-10 21:49:46,1683769786,15.7,19.9,97900,1e-7,2.00,4.00,5.00,0.0142,0
2023-05-10 21:54:46,1683770086,15.6,20.0,97900,1e-7,2.00,3.00,4.00,0.0119,0
2023-05-10 21:59:47,1683770387,15.4,20.2,97900,1e-7,2.00,3.00,3.00,0.0101,0
2023-05-10 22:04:47,1683770688,15.3,20.6,97900,1.00,3.00,4.00,4.00,0.0101,0
2023-05-10 22:09:48,1683770988,15.1,20.8,97900,1.00,3.00,6.00,7.00,0.0140,0
2023-05-10 22:14:49,1683771289,15.0,21.1,97900,1e-7,2.00,3.00,4.00,0.0126,0
2023-05-10 22:19:49,1683771590,14.8,21.3,97900,1e-7,2.00,3.00,4.00,0.0120,0
2023-05-10 22:24:50,1683771890,14.7,21.8,97900,1.00,3.00,5.00,6.00,0.0104,0
2023-05-10 22:29:51,1683772191,14.5,21.9,97900,1.00,3.00,6.00,7.00,0.0112,0
2023-05-10 22:34:51,1683772492,14.4,22.0,97900,1e-7,2.00,3.00,3.00,0.0113,0
2023-05-10 22:39:52,1683772793,14.2,22.1,97900,1e-7,2.00,4.00,5.00,0.0113,0
2023-05-10 22:44:53,1683773093,14.1,22.3,97900,1e-7,2.00,4.00,4.00,0.0103,0
2023-05-10 22:49:54,1683773394,13.9,22.4,97900,1e-7,1e-7,1.00,1.00,0.0102,0
2023-05-10 22:54:55,1683773695,13.8,22.5,97900,1e-7,1.00,3.00,3.00,0.0102,0
2023-05-10 22:59:56,1683773997,13.7,22.8,97900,1e-7,2.00,3.00,4.00,0.00995,0
2023-05-10 23:04:57,1683774298,13.5,22.9,97900,1.00,2.00,3.00,4.00,0.00995,0
2023-05-10 23:09:58,1683774599,13.4,23.1,97900,1.00,1.00,1.00,1.00,0.00995,0
2023-05-10 23:14:59,1683774900,13.3,23.3,97900,1e-7,2.00,3.00,4.00,0.00995,0
2023-05-10 23:19:41,1683775181,13.2,23.3,97900,1e-7,2.00,4.00,4.00,0.00995,0
2023-05-10 23:24:43,1683775484,13.1,23.3,97900,1e-7,2.00,3.00,3.00,0.00995,0
2023-05-10 23:29:44,1683775785,13.0,23.3,97900,1e-7,2.00,4.00,5.00,0.00995,0
2023-05-10 23:34:46,1683776086,12.9,23.6,97900,1e-7,2.00,4.00,5.00,0.0103,0
2023-05-10 23:39:48,1683776389,12.9,23.8,97900,1e-7,2.00,3.00,4.00,0.0103,0
2023-05-10 23:44:49,1683776690,12.8,23.9,97900,1.00,2.00,4.00,5.00,0.00995,0
2023-05-10 23:49:50,1683776991,12.7,24.0,97900,1.00,4.00,7.00,9.00,0.0139,0
2023-05-10 23:54:53,1683777293,12.6,24.2,97900,1.00,3.00,6.00,7.00,0.0139,0
2023-05-10 23:59:54,1683777595,12.5,24.3,97900,1e-7,2.00,4.00,4.00,0.0116,0
2023-05-11 00:04:55,1683777896,12.4,24.4,97900,1.00,2.00,3.00,4.00,0.0164,0
2023-05-11 00:09:57,1683778197,12.3,24.7,97900,1e-7,2.00,3.00,3.00,0.0121,0
2023-05-11 00:14:59,1683778499,12.2,24.7,97900,1.00,2.00,4.00,4.00,0.00995,0
2023-05-11 00:19:40,1683778781,12.1,25.1,97900,1.00,2.00,4.00,5.00,0.0107,0
2023-05-11 00:24:43,1683779084,12.0,25.3,97900,1e-7,2.00,3.00,3.00,0.0109,0
2023-05-11 00:29:45,1683779385,11.9,25.8,97900,1e-7,2.00,4.00,5.00,0.0107,0
2023-05-11 00:34:46,1683779687,11.8,26.3,97900,1.00,2.00,4.00,5.00,0.0113,0
2023-05-11 00:39:48,1683779988,11.6,26.4,97900,1e-7,2.00,4.00,5.00,0.0113,0
2023-05-11 00:44:50,1683780290,11.5,26.6,97900,1e-7,2.00,4.00,4.00,0.0105,0
2023-05-11 00:49:51,1683780592,11.4,26.7,97900,1e-7,2.00,4.00,4.00,0.0105,0
2023-05-11 00:54:54,1683780894,11.3,27.0,97960,1e-7,2.00,3.00,4.00,0.0102,0
2023-05-11 00:59:55,1683781196,11.2,27.3,97900,1.00,2.00,3.00,3.00,0.00995,0
2023-05-11 01:04:57,1683781498,11.1,27.7,97900,1e-7,1e-7,1e-7,1e-7,0.00995,0
2023-05-11 01:09:59,1683781800,11.1,27.9,97987,1e-7,2.00,4.00,5.00,0.0101,0
2023-05-11 01:14:41,1683782081,11.0,27.9,97964,2.00,4.00,7.00,8.00,0.0152,0
2023-05-11 01:19:43,1683782383,10.9,28.0,97953,1e-7,2.00,3.00,3.00,0.0149,0
2023-05-11 01:24:45,1683782685,10.8,28.2,97967,2.00,3.00,4.00,5.00,0.0153,0
2023-05-11 01:29:46,1683782987,10.7,28.4,97960,1e-7,2.00,4.00,4.00,0.0142,0
2023-05-11 01:34:49,1683783290,10.7,28.6,97947,1.00,3.00,4.00,4.00,0.0111,0
2023-05-11 01:39:51,1683783592,10.6,28.7,97960,2.00,5.00,8.00,9.00,0.0138,0
2023-05-11 01:44:53,1683783893,10.6,28.7,97973,1e-7,2.00,4.00,4.00,0.0201,0
2023-05-11 01:49:55,1683784195,10.5,29.0,97907,1.00,3.00,6.00,7.00,0.0150,0
2023-05-11 01:54:57,1683784497,10.5,29.0,97920,1e-7,2.00,4.00,4.00,0.0150,0
2023-05-11 01:59:59,1683784799,10.4,29.1,97987,1.00,2.00,4.00,5.00,0.0114,0
2023-05-11 02:04:41,1683785081,10.4,29.1,98000,1e-7,2.00,3.00,3.00,0.0114,0
2023-05-11 02:09:42,1683785383,10.3,29.6,98000,1.00,4.00,7.00,9.00,0.0114,0
2023-05-11 02:14:45,1683785685,10.3,29.5,98000,1e-7,2.00,4.00,5.00,0.0143,0
2023-05-11 02:19:47,1683785987,10.3,29.4,98000,1e-7,2.00,4.00,5.00,0.0122,0
2023-05-11 02:24:48,1683786289,10.3,29.3,98000,1.00,6.00,10.0,12.0,0.0165,0
2023-05-11 02:29:50,1683786591,10.3,29.4,98000,1e-7,2.00,3.00,4.00,0.0165,0
2023-05-11 02:34:53,1683786893,10.2,29.5,98000,1e-7,2.00,4.00,5.00,0.0184,0
2023-05-11 02:39:55,1683787195,10.1,29.8,98000,1.00,3.00,6.00,7.00,0.0127,0
2023-05-11 02:44:57,1683787497,10.1,30.0,98000,1e-7,2.00,4.00,4.00,0.0124,0
2023-05-11 02:49:40,1683787780,10.0,30.1,98000,1e-7,2.00,3.00,4.00,0.00995,0
2023-05-11 02:54:41,1683788082,9.96,30.1,98000,1e-7,2.00,3.00,3.00,0.00995,0
2023-05-11 02:59:44,1683788385,9.93,29.9,98000,1.00,3.00,5.00,6.00,0.0104,0
2023-05-11 03:04:46,1683788687,9.90,30.1,98000,1.00,2.00,3.00,3.00,0.0112,0
2023-05-11 03:09:48,1683788989,9.86,30.5,98000,1e-7,2.00,4.00,4.00,0.0107,0
2023-05-11 03:14:51,1683789291,9.81,30.6,98000,3.00,6.00,9.00,10.0,0.0152,0
2023-05-11 03:19:53,1683789594,9.75,30.6,98000,1.00,2.00,4.00,4.00,0.0134,0
2023-05-11 03:24:55,1683789896,9.69,30.7,98000,1e-7,1e-7,1e-7,1e-7,0.0146,0
2023-05-11 03:29:58,1683790198,9.62,31.0,98000,1e-7,1.00,1.00,2.00,0.0146,0
2023-05-11 03:34:40,1683790480,9.58,30.9,98000,1e-7,2.00,4.00,4.00,0.00995,0
2023-05-11 03:39:42,1683790783,9.56,31.0,98000,2.00,3.00,6.00,7.00,0.0168,0
2023-05-11 03:44:44,1683791085,9.57,31.1,98000,1.00,2.00,4.00,4.00,0.0168,0
2023-05-11 03:49:46,1683791387,9.60,31.1,98000,1.00,2.00,4.00,4.00,0.0150,0
2023-05-11 03:54:49,1683791689,9.60,31.4,98000,1.00,2.00,3.00,4.00,0.0103,0
2023-05-11 03:59:51,1683791992,9.60,31.5,98000,1.00,2.00,3.00,3.00,0.00995,0
2023-05-11 04:04:53,1683792294,9.63,31.2,98000,1e-7,2.00,3.00,3.00,0.00995,0
2023-05-11 04:09:56,1683792596,9.66,31.2,98000,1.00,3.00,6.00,7.00,0.00995,0
2023-05-11 04:14:58,1683792898,9.65,31.4,98000,1e-7,2.00,3.00,3.00,0.0132,0
2023-05-11 04:19:40,1683793181,9.58,31.8,98000,1.00,2.00,3.00,4.00,0.0121,0
2023-05-11 04:24:42,1683793483,9.50,31.4,98000,1.00,4.00,6.00,7.00,0.0134,0
2023-05-11 04:29:45,1683793785,9.49,31.4,98000,1e-7,2.00,4.00,5.00,0.0124,0
2023-05-11 04:34:47,1683794088,9.46,31.3,98000,2.00,2.00,4.00,4.00,0.0124,0
2023-05-11 04:39:50,1683794390,9.44,31.2,98000,1.00,2.00,4.00,4.00,0.0105,0
2023-05-11 04:44:52,1683794693,9.40,31.3,98000,1.00,2.00,4.00,4.00,0.0101,0
2023-05-11 04:49:55,1683794995,9.35,31.6,98000,1e-7,2.00,4.00,5.00,0.0100,0
2023-05-11 04:54:57,1683795297,9.26,31.9,98000,1.00,3.00,4.00,5.00,0.0101,0
2023-05-11 04:59:59,1683795600,9.14,31.9,98000,1.00,4.00,7.00,9.00,0.0154,0
2023-05-11 05:04:42,1683795882,9.03,32.0,98000,1.00,3.00,4.00,5.00,0.0154,0
2023-05-11 05:09:44,1683796185,8.93,32.0,98000,1e-7,2.00,4.00,4.00,0.0174,0
2023-05-11 05:14:48,1683796488,8.87,32.3,98000,1e-7,2.00,4.00,4.00,0.0137,0
2023-05-11 05:19:50,1683796791,8.81,32.2,98000,1.00,2.00,3.00,3.00,0.00995,0
2023-05-11 05:24:53,1683797093,8.75,32.6,98000,1e-7,2.00,4.00,4.00,0.00995,0
2023-05-11 05:29:55,1683797396,8.68,32.8,98000,1.00,2.00,3.00,4.00,0.00995,0
2023-05-11 05:34:58,1683797699,8.62,32.9,98000,1e-7,2.00,4.00,5.00,0.00995,0
2023-05-11 05:38:40,1683797921,8.56,32.9,98000,1.00,1.00,1.00,1.00,0.0102,0
2023-05-11 10:14:56,1683814496,29.3,14.4,98000,4.00,10.0,15.0,17.0,,
2023-05-11 10:19:51,1683814791,29.5,15.0,98000,3.00,3.00,4.00,4.00,,
2023-05-11 10:23:47,1683815027,29.9,14.4,98000,3.00,3.00,3.00,3.00,,
2023-05-11 10:39:54,1683815994,30.8,13.4,98000,2.00,3.00,4.00,4.00,,
2023-05-11 10:42:11,1683816131,30.8,12.6,98000,5.00,6.00,8.00,8.00,,
2023-05-11 10:49:51,1683816591,31.0,12.2,98000,3.00,4.00,6.00,7.00,0.0242,0
2023-05-11 10:54:45,1683816886,31.2,12.4,98000,6.00,7.00,10.0,12.0,0.0242,0
2023-05-11 10:57:42,1683817063,31.4,12.7,98000,4.00,4.00,5.00,5.00,0.0272,0
2023-05-11 11:09:43,1683817783,31.7,11.5,98000,2.00,2.00,2.00,2.00,0.0272,0
2023-05-11 11:14:37,1683818078,31.8,11.6,98000,5.00,5.00,5.00,5.00,0.0236,0
2023-05-11 11:24:45,1683818686,31.2,11.2,98000,3.00,6.00,8.00,9.00,0.0260,0
2023-05-11 11:29:41,1683818981,31.1,11.6,98000,5.00,6.00,9.00,10.0,0.0338,0
2023-05-11 11:31:39,1683819099,31.1,11.5,98000,3.00,4.00,4.00,4.00,0.0164,0
2023-05-11 11:39:49,1683819590,31.6,10.7,98000,1.00,3.00,5.00,5.00,0.0256,0
2023-05-11 11:44:44,1683819884,31.6,10.9,98000,4.00,6.00,8.00,9.00,0.0268,0
2023-05-11 11:48:19,1683820100,31.8,11.2,98000,5.00,6.00,7.00,7.00,0.0107,0
2023-05-11 11:59:54,1683820794,32.8,11.0,98000,7.00,7.00,7.00,9.00,0.00796,0
2023-05-11 12:04:48,1683821088,33.1,10.5,98000,2.00,5.00,7.00,9.00,0.0458,0
2023-05-11 12:05:27,1683821128,33.2,10.6,98000,1.00,1.00,1.00,1.00,0.0241,0
2023-05-11 12:14:48,1683821688,32.9,10.7,98000,1.00,2.00,4.00,5.00,0.0663,0
2023-05-11 12:19:42,1683821983,33.1,10.5,98000,3.00,5.00,8.00,9.00,0.0663,0
2023-05-11 12:22:19,1683822139,33.3,9.37,98000,4.00,5.00,7.00,8.00,0.0146,0
2023-05-11 12:29:50,1683822590,33.0,9.71,98000,2.00,3.00,5.00,5.00,0.0147,0
2023-05-11 12:34:44,1683822884,33.1,9.82,98000,5.00,7.00,8.00,9.00,0.0151,0
2023-05-11 12:39:00,1683823140,33.1,10.3,98000,6.00,8.00,11.0,13.0,0.0126,0
2023-05-11 12:49:54,1683823795,33.2,9.96,98000,3.00,3.00,3.00,3.00,0.0221,0
2023-05-11 12:54:48,1683824089,33.4,10.1,98000,2.00,3.00,4.00,4.00,0.0445,0
2023-05-11 12:56:26,1683824187,33.7,8.93,98000,2.00,3.00,4.00,4.00,0.0429,0
2023-05-11 13:04:54,1683824694,33.8,9.22,98000,1.00,1.00,2.00,3.00,0.0304,0
2023-05-11 13:09:47,1683824987,33.4,8.21,98000,3.00,6.00,10.0,12.0,0.0164,0
2023-05-11 13:12:44,1683825164,33.1,8.98,98000,2.00,2.00,2.00,2.00,0.0308,0
2023-05-11 13:19:54,1683825595,33.5,9.34,98000,1e-7,2.00,3.00,3.00,0.0175,0
2023-05-11 13:24:48,1683825889,33.7,9.07,98000,2.00,3.00,4.00,4.00,0.0444,0
2023-05-11 13:29:42,1683826183,33.8,9.34,98000,1.00,2.00,3.00,3.00,0.0444,0
2023-05-11 13:39:48,1683826788,33.9,9.04,98000,1.00,2.00,3.00,3.00,0.00995,0
2023-05-11 13:44:42,1683827082,34.0,9.06,97953,1.00,2.00,3.00,4.00,0.00995,0
2023-05-11 13:46:39,1683827200,34.1,8.87,97900,1.00,2.00,3.00,4.00,0.00995,0
2023-05-11 13:54:47,1683827688,34.5,9.05,97900,2.00,2.00,2.00,2.00,0.00995,0
2023-05-11 13:59:41,1683827981,34.8,8.70,97900,1.00,2.00,4.00,4.00,0.00995,0
2023-05-11 14:04:53,1683828293,35.0,8.42,97900,1.00,3.00,6.00,7.00,0.00995,0
2023-05-11 14:05:31,1683828332,34.9,8.11,97900,1.00,1.00,1.00,1.00,0.0112,0
2023-05-11 14:14:55,1683828896,34.5,8.22,97900,1.00,4.00,7.00,9.00,0.0141,0
2023-05-11 14:19:49,1683829189,34.2,8.43,97900,1.00,2.00,2.00,2.00,0.0204,0
2023-05-11 14:21:45,1683829306,34.0,8.29,97900,1.00,2.00,3.00,3.00,0.0200,0
2023-05-11 14:29:55,1683829795,33.7,8.15,97900,2.00,2.00,4.00,4.00,0.0183,0
2023-05-11 14:34:49,1683830089,33.1,8.49,97900,3.00,8.00,11.0,13.0,0.0361,0
2023-05-11 14:38:24,1683830305,32.6,8.94,97900,2.00,4.00,7.00,8.00,0.0444,0
2023-05-11 14:44:57,1683830697,32.3,9.41,97900,1.00,3.00,4.00,4.00,0.0444,0
2023-05-11 14:49:52,1683830993,32.6,9.62,97900,2.00,4.00,6.00,7.00,0.0328,0
2023-05-11 14:54:07,1683831248,33.0,9.53,97900,1.00,5.00,8.00,9.00,0.0194,0
2023-05-11 15:04:42,1683831882,33.2,9.04,97900,1.00,3.00,4.00,5.00,0.0174,0
2023-05-11 15:09:55,1683832196,32.8,8.95,97900,2.00,4.00,6.00,7.00,0.0186,0
2023-05-11 15:12:20,1683832341,32.5,9.38,97900,1e-7,1.00,1.00,2.00,0.00905,0
2023-05-11 15:19:52,1683832793,32.2,8.92,97900,2.00,3.00,3.00,4.00,0.0203,0
2023-05-11 15:24:47,1683833088,31.8,9.42,97900,1.00,4.00,6.00,7.00,0.0192,0
2023-05-11 15:28:04,1683833284,31.6,9.62,97900,1.00,2.00,4.00,4.00,0.0212,0
2023-05-11 15:39:47,1683833987,30.8,9.83,97900,1.00,2.00,3.00,3.00,0.0187,0
2023-05-11 15:44:42,1683834283,30.4,10.1,97900,1.00,2.00,3.00,4.00,0.0198,0
2023-05-11 15:45:02,1683834302,30.4,10.1,97900,1.00,3.00,3.00,4.00,0.00995,0
2023-05-11 15:54:46,1683834886,30.1,10.4,97900,2.00,5.00,8.00,10.0,0.0169,0
2023-05-11 15:59:41,1683835182,29.9,10.6,97900,2.00,5.00,8.00,10.0,0.0256,0
2023-05-11 16:01:59,1683835320,29.8,10.6,97900,2.00,6.00,9.00,11.0,0.0117,0
2023-05-11 16:09:58,1683835799,30.1,11.1,97900,2.00,6.00,10.0,12.0,0.00548,0
2023-05-11 16:14:54,1683836094,30.1,10.7,97900,2.00,2.00,4.00,4.00,0.0118,0
2023-05-11 16:18:50,1683836330,30.0,10.6,97900,2.00,2.00,4.00,5.00,0.0168,0
2023-05-11 16:29:53,1683836994,29.6,10.9,97900,1.00,2.00,4.00,4.00,0.0160,0
2023-05-11 16:34:49,1683837289,29.5,11.0,97900,1.00,2.00,3.00,4.00,0.0102,0
2023-05-11 16:37:44,1683837465,29.5,11.1,97900,1.00,3.00,4.00,5.00,0.00995,0
2023-05-11 16:44:44,1683837885,29.6,11.3,97900,1.00,2.00,3.00,3.00,0.00995,0
2023-05-11 16:49:40,1683838180,29.7,11.3,97900,2.00,5.00,8.00,10.0,0.0204,0
2023-05-11 16:54:55,1683838496,29.8,11.4,97900,2.00,5.00,7.00,8.00,0.0250,0
2023-05-11 16:59:51,1683838792,29.6,11.5,97900,1.00,3.00,5.00,6.00,0.0141,0
2023-05-11 17:04:47,1683839087,29.2,11.6,97900,2.00,4.00,7.00,8.00,0.0152,0
2023-05-11 17:09:43,1683839383,29.1,11.5,97900,1.00,2.00,3.00,4.00,0.0185,0
2023-05-11 17:14:40,1683839680,29.0,11.5,97900,2.00,3.00,5.00,6.00,0.0177,0
2023-05-11 17:19:56,1683839996,28.8,11.6,97900,1.00,2.00,3.00,4.00,0.0150,0
2023-05-11 17:24:52,1683840293,28.5,11.5,97900,2.00,2.00,3.00,3.00,0.0114,0
2023-05-11 17:29:48,1683840589,28.3,11.9,97900,2.00,4.00,7.00,8.00,0.0114,0
2023-05-11 17:34:46,1683840886,28.0,12.1,97900,2.00,5.00,8.00,9.00,0.0145,0
2023-05-11 17:39:43,1683841184,27.8,12.0,97900,3.00,3.00,3.00,4.00,0.0134,0
2023-05-11 17:44:40,1683841480,27.6,12.0,97900,1.00,3.00,5.00,5.00,0.0189,0
2023-05-11 17:49:56,1683841797,27.4,12.4,97900,3.00,7.00,11.0,12.0,0.0175,0
2023-05-11 17:54:53,1683842093,27.3,12.9,97900,4.00,9.00,14.0,16.0,0.0383,0
2023-05-11 17:59:50,1683842390,27.2,12.7,97900,2.00,2.00,4.00,4.00,0.0336,0
2023-05-11 18:04:46,1683842687,27.1,12.8,97900,3.00,5.00,8.00,10.0,0.0561,0
2023-05-11 18:09:43,1683842983,27.0,12.8,97900,2.00,3.00,4.00,5.00,0.0220,0
2023-05-11 18:14:59,1683843300,26.9,12.9,97900,2.00,4.00,5.00,6.00,0.0220,0
2023-05-11 18:19:57,1683843598,26.7,13.2,97900,1.00,2.00,3.00,4.00,0.0159,0
2023-05-11 18:24:54,1683843895,26.5,13.5,97900,1.00,3.00,4.00,5.00,0.0167,0
2023-05-11 18:29:51,1683844192,26.2,13.8,97900,2.00,5.00,8.00,10.0,0.0185,0
2023-05-11 18:34:48,1683844489,26.0,13.9,97900,1.00,5.00,8.00,10.0,0.0312,0
2023-05-11 18:39:45,1683844786,25.8,13.8,97900,3.00,3.00,3.00,3.00,0.0264,0
2023-05-11 18:44:43,1683845083,25.7,14.5,97900,2.00,6.00,10.0,11.0,0.0402,0
2023-05-11 18:49:40,1683845381,25.5,14.7,97900,2.00,2.00,4.00,5.00,0.0174,0
2023-05-11 18:54:57,1683845698,25.2,14.8,97900,1.00,4.00,7.00,9.00,0.0174,0
2023-05-11 18:59:54,1683845995,24.9,15.0,97900,1.00,2.00,4.00,5.00,0.0117,0
2023-05-11 19:04:52,1683846292,24.7,15.2,97900,1e-7,2.00,4.00,5.00,0.0132,0
2023-05-11 19:09:49,1683846589,24.4,15.4,97900,1.00,2.00,4.00,5.00,0.0145,0
2023-05-11 19:14:46,1683846887,24.1,15.8,97900,1.00,4.00,7.00,8.00,0.0118,0
2023-05-11 19:19:44,1683847185,23.8,15.8,97900,1.00,4.00,6.00,7.00,0.0215,0
2023-05-11 19:24:42,1683847483,23.5,16.0,97900,1.00,2.00,3.00,3.00,0.0225,0
2023-05-11 19:29:40,1683847781,23.2,16.3,97900,1.00,2.00,3.00,4.00,0.0294,0
2023-05-11 19:34:58,1683848099,22.9,16.4,97900,1.00,4.00,6.00,8.00,0.0110,0
2023-05-11 19:39:56,1683848397,22.6,16.7,97900,1e-7,2.00,3.00,3.00,0.0158,0
2023-05-11 19:44:55,1683848695,22.3,16.8,97900,1e-7,2.00,3.00,3.00,0.0192,0
2023-05-11 19:49:54,1683848995,22.0,17.0,97900,1.00,2.00,4.00,5.00,0.0136,0
2023-05-11 19:54:53,1683849293,21.7,17.2,97900,1.00,3.00,6.00,7.00,0.0128,0
2023-05-11 19:59:51,1683849592,21.4,17.7,97900,1e-7,2.00,4.00,4.00,0.0122,0
2023-05-11 20:04:50,1683849891,21.2,17.7,97900,1e-7,4.00,7.00,9.00,0.0144,0
2023-05-11 20:09:50,1683850191,20.9,18.3,97900,1.00,2.00,3.00,3.00,0.00952,0
2023-05-11 20:14:49,1683850490,20.6,18.9,97900,1.00,4.00,6.00,7.00,0.0122,0
2023-05-11 20:19:48,1683850789,20.3,19.6,97900,2.00,4.00,7.00,8.00,0.0126,0
2023-05-11 20:24:47,1683851088,20.0,19.7,97900,1e-7,2.00,4.00,4.00,0.0150,0
2023-05-11 20:29:48,1683851389,19.8,19.7,97900,1.00,5.00,8.00,10.0,0.0186,0
2023-05-11 20:34:47,1683851688,19.6,19.8,98000,1.00,3.00,4.00,4.00,0.0191,0
2023-05-11 20:39:46,1683851987,19.4,19.9,98000,1.00,2.00,3.00,4.00,0.0138,0
2023-05-11 20:44:46,1683852286,19.3,20.0,98000,2.00,3.00,6.00,7.00,0.0139,0
2023-05-11 20:49:45,1683852586,19.1,20.4,98000,1.00,4.00,8.00,9.00,0.0127,0
2023-05-11 20:54:44,1683852885,18.9,21.0,98000,1.00,2.00,3.00,4.00,0.0130,0
2023-05-11 20:59:53,1683853193,18.7,21.4,98000,2.00,3.00,4.00,4.00,0.0157,0
2023-05-11 21:04:52,1683853493,18.5,21.6,98000,1.00,4.00,6.00,7.00,0.0134,0
2023-05-11 21:09:52,1683853793,18.3,21.6,98000,1.00,4.00,7.00,9.00,0.0145,0
2023-05-11 21:14:52,1683854092,18.2,21.7,98000,1.00,3.00,6.00,7.00,0.0152,0
2023-05-11 21:19:52,1683854393,18.1,21.8,98000,1.00,2.00,3.00,4.00,0.0163,0
2023-05-11 21:24:53,1683854693,18.0,21.9,98000,1.00,2.00,4.00,5.00,0.0118,0
2023-05-11 21:29:52,1683854993,17.8,22.2,98000,1.00,2.00,3.00,4.00,0.0118,0
2023-05-11 21:34:52,1683855293,17.7,22.7,98000,1.00,4.00,6.00,7.00,0.0134,0
2023-05-11 21:39:52,1683855593,17.5,23.2,98000,2.00,4.00,5.00,5.00,0.0134,0
2023-05-11 21:44:42,1683855882,17.4,23.0,98000,1.00,2.00,4.00,5.00,0.0128,0
2023-05-11 21:49:42,1683856182,17.3,23.0,98000,1.00,4.00,8.00,9.00,0.0164,0
2023-05-11 21:54:50,1683856491,17.2,23.2,98000,2.00,2.00,4.00,5.00,0.0264,0
2023-05-11 21:59:50,1683856791,17.1,23.6,98000,1.00,5.00,8.00,9.00,0.0128,0
2023-05-11 22:04:50,1683857091,17.0,23.6,98000,2.00,6.00,9.00,11.0,0.0128,0
2023-05-11 22:09:43,1683857384,16.9,23.6,98000,1.00,3.00,6.00,7.00,0.0113,0
2023-05-11 22:14:43,1683857684,16.8,23.6,98000,1.00,4.00,7.00,9.00,0.0114,0
2023-05-11 22:19:45,1683857986,16.7,23.8,98000,3.00,4.00,6.00,7.00,0.0234,0
2023-05-11 22:24:45,1683858286,16.7,23.8,98000,1.00,4.00,6.00,7.00,0.0347,0
2023-05-11 22:29:45,1683858586,16.6,24.0,98000,1.00,4.00,6.00,8.00,0.0318,0
2023-05-11 22:34:46,1683858886,16.6,24.1,98000,1.00,4.00,7.00,8.00,0.0207,0
2023-05-11 22:39:46,1683859186,16.5,24.1,98000,1.00,7.00,12.0,14.0,0.0205,0
2023-05-11 22:44:45,1683859486,16.5,24.1,98000,1.00,2.00,4.00,5.00,0.0191,0
2023-05-11 22:49:46,1683859786,16.4,24.3,98000,2.00,2.00,3.00,4.00,0.0216,0
2023-05-11 22:54:46,1683860086,16.4,24.4,98000,1.00,2.00,3.00,4.00,0.0206,0
2023-05-11 22:59:45,1683860386,16.4,24.4,98000,1.00,3.00,6.00,7.00,0.0103,0
2023-05-11 23:04:45,1683860686,16.4,24.8,98000,1.00,4.00,5.00,6.00,0.0141,0
2023-05-11 23:09:45,1683860986,16.3,24.7,98000,2.00,5.00,9.00,11.0,0.0135,0
2023-05-11 23:14:47,1683861287,16.3,24.7,98000,2.00,3.00,6.00,7.00,0.0152,0
2023-05-11 23:19:46,1683861587,16.3,24.7,98000,2.00,3.00,4.00,4.00,0.0134,0
2023-05-11 23:24:46,1683861887,16.3,25.1,98000,1.00,2.00,4.00,5.00,0.0113,0
2023-05-11 23:29:46,1683862187,16.2,25.2,98000,2.00,2.00,3.00,4.00,0.0137,0
2023-05-11 23:34:46,1683862487,16.2,25.5,98000,1.00,2.00,4.00,4.00,0.0106,0
2023-05-11 23:39:46,1683862787,16.1,25.8,98000,1.00,2.00,3.00,4.00,0.00995,0
2023-05-11 23:44:46,1683863087,16.0,25.9,98000,2.00,2.00,4.00,5.00,0.00995,0
2023-05-11 23:49:47,1683863387,15.9,26.1,98000,1.00,4.00,6.00,7.00,0.0161,0
2023-05-11 23:54:47,1683863688,15.9,26.5,98000,1.00,3.00,6.00,7.00,0.0157,0
2023-05-11 23:59:47,1683863988,15.8,26.6,98000,1.00,3.00,6.00,7.00,0.0139,0
2023-05-12 00:04:50,1683864290,15.7,26.8,98000,2.00,5.00,8.00,9.00,0.0148,0
2023-05-12 00:09:50,1683864590,15.6,27.0,98000,1.00,3.00,6.00,7.00,0.00995,0
2023-05-12 00:14:50,1683864891,15.6,27.1,98000,1.00,4.00,6.00,7.00,0.0139,0
2023-05-12 00:19:50,1683865191,15.6,27.2,98000,1.00,4.00,7.00,9.00,0.0215,0
2023-05-12 00:24:51,1683865492,15.5,27.3,97927,1.00,4.00,8.00,9.00,0.0142,0
2023-05-12 00:29:52,1683865792,15.4,27.5,97900,1.00,2.00,3.00,4.00,0.0189,0
2023-05-12 00:34:52,1683866093,15.4,27.7,97900,1.00,3.00,5.00,6.00,0.0117,0
2023-05-12 00:39:53,1683866394,15.2,28.1,97900,1.00,4.00,7.00,9.00,0.0129,0
2023-05-12 00:44:54,1683866695,15.1,28.0,97900,2.00,2.00,4.00,5.00,0.0153,0
2023-05-12 00:49:55,1683866995,15.0,27.9,97900,1.00,3.00,5.00,6.00,0.0192,0
2023-05-12 00:54:55,1683867296,14.9,27.9,97900,1.00,3.00,6.00,7.00,0.0145,0
2023-05-12 00:59:56,1683867597,15.0,27.9,97900,1.00,3.00,6.00,7.00,0.0124,0
2023-05-12 01:04:57,1683867898,15.0,28.1,97900,1.00,2.00,4.00,4.00,0.0108,0
2023-05-12 01:09:56,1683868197,15.1,28.2,97900,6.00,12.0,17.0,19.0,0.0257,0
2023-05-12 01:14:57,1683868497,15.1,28.4,97900,4.00,4.00,5.00,6.00,0.0577,0
2023-05-12 01:19:57,1683868798,15.1,28.6,97900,1.00,2.00,4.00,4.00,0.0545,0
2023-05-12 01:24:58,1683869098,15.1,28.5,97900,1.00,3.00,5.00,5.00,0.0441,0
2023-05-12 01:29:59,1683869399,15.0,28.3,97900,1.00,5.00,8.00,10.0,0.0118,0
2023-05-12 01:34:40,1683869680,15.0,28.3,97900,1.00,4.00,6.00,7.00,0.0220,0
2023-05-12 01:39:40,1683869981,15.0,28.1,97900,1.00,2.00,4.00,4.00,0.0166,0
2023-05-12 01:44:41,1683870281,15.1,28.2,97900,1e-7,2.00,4.00,4.00,0.0199,0
2023-05-12 01:49:42,1683870582,15.2,28.2,97900,1.00,2.00,3.00,3.00,0.0105,0
2023-05-12 01:54:42,1683870883,15.2,28.2,97900,1.00,3.00,4.00,5.00,0.0104,0
2023-05-12 01:59:43,1683871184,15.3,28.1,97900,1.00,4.00,7.00,9.00,0.0164,0
2023-05-12 02:04:44,1683871484,15.4,28.0,97900,1.00,2.00,4.00,5.00,0.0157,0
2023-05-12 02:09:44,1683871785,15.5,28.0,97900,1.00,3.00,5.00,7.00,0.0135,0
2023-05-12 02:14:45,1683872085,15.5,28.2,97900,1.00,2.00,4.00,5.00,0.0128,0
2023-05-12 02:19:45,1683872386,15.5,28.1,97900,1.00,2.00,4.00,4.00,0.0128,0
2023-05-12 02:24:46,1683872686,15.4,28.2,97900,2.00,2.00,2.00,2.00,0.0105,0
2023-05-12 02:29:47,1683872987,15.4,28.5,97900,1.00,3.00,3.00,4.00,0.00995,0
2023-05-12 02:34:47,1683873288,15.3,28.5,97900,1.00,3.00,6.00,7.00,0.0167,0
2023-05-12 02:39:48,1683873589,15.3,28.6,97900,2.00,3.00,5.00,5.00,0.0167,0
2023-05-12 02:44:48,1683873889,15.2,29.2,97900,1.00,4.00,7.00,9.00,0.0114,0
2023-05-12 02:49:49,1683874189,15.1,29.4,97900,2.00,2.00,3.00,4.00,0.0134,0
2023-05-12 02:54:49,1683874490,15.1,29.4,97900,2.00,3.00,5.00,6.00,0.0160,0
2023-05-12 02:59:50,1683874790,15.0,29.4,97900,1.00,6.00,9.00,11.0,0.0186,0
2023-05-12 03:04:50,1683875091,15.0,29.6,97900,1.00,7.00,12.0,14.0,0.0331,0
2023-05-12 03:09:51,1683875392,15.0,29.6,97900,2.00,3.00,5.00,6.00,0.0303,0
2023-05-12 03:14:52,1683875692,15.0,29.6,97900,2.00,4.00,6.00,7.00,0.0303,0
2023-05-12 03:19:52,1683875993,15.1,29.6,97900,1.00,3.00,6.00,7.00,0.0143,0
2023-05-12 03:24:53,1683876293,15.2,29.5,97900,1.00,2.00,4.00,5.00,0.0216,0
2023-05-12 03:29:53,1683876594,15.3,29.5,97900,1.00,3.00,6.00,7.00,0.0159,0
2023-05-12 03:34:54,1683876894,15.3,29.6,97900,3.00,7.00,11.0,13.0,0.0170,0
2023-05-12 03:39:55,1683877195,15.4,29.7,97900,1.00,2.00,4.00,5.00,0.0118,0
2023-05-12 03:44:55,1683877496,15.4,30.0,97900,2.00,2.00,4.00,4.00,0.0264,0
2023-05-12 03:49:56,1683877796,15.4,30.3,97900,1.00,4.00,6.00,7.00,0.0121,0
2023-05-12 03:54:56,1683878096,15.4,31.1,97900,1.00,2.00,4.00,4.00,0.0122,0
2023-05-12 03:59:57,1683878397,15.5,31.3,97900,1.00,2.00,4.00,5.00,0.0117,0
2023-05-12 04:04:58,1683878698,15.5,31.3,97900,1e-7,2.00,4.00,5.00,0.00995,0
2023-05-12 04:09:58,1683878998,15.5,30.9,97900,1.00,2.00,4.00,5.00,0.0101,0
2023-05-12 04:14:59,1683879300,15.5,31.1,97900,1.00,3.00,4.00,5.00,0.0101,0
2023-05-12 04:19:40,1683879580,15.5,31.0,97900,1.00,2.00,4.00,4.00,0.0101,0
2023-05-12 04:24:40,1683879881,15.4,31.2,97900,3.00,4.00,6.00,7.00,0.0114,0
2023-05-12 04:29:41,1683880181,15.4,30.9,97900,1.00,2.00,4.00,5.00,0.0175,0
2023-05-12 04:34:41,1683880482,15.5,30.8,97900,3.00,5.00,7.00,8.00,0.0164,0
2023-05-12 04:39:42,1683880782,15.5,30.8,97900,1.00,3.00,5.00,5.00,0.0151,0
2023-05-12 04:44:42,1683881083,15.5,32.9,97927,1.00,2.00,3.00,3.00,0.0165,0
2023-05-12 04:49:43,1683881383,15.5,32.4,97900,1.00,2.00,4.00,4.00,0.0193,0
2023-05-12 04:54:44,1683881685,15.5,31.9,97900,2.00,5.00,8.00,9.00,0.00995,0
2023-05-12 04:59:45,1683881985,15.5,31.9,97900,1.00,4.00,6.00,7.00,0.0124,0
2023-05-12 05:04:45,1683882286,15.5,31.7,97900,1.00,4.00,5.00,6.00,0.0185,0
2023-05-12 05:09:45,1683882586,15.5,31.4,97900,1.00,4.00,6.00,7.00,0.0169,0
2023-05-12 05:14:46,1683882886,15.6,31.6,97900,1.00,2.00,4.00,4.00,0.0114,0
2023-05-12 05:19:46,1683883187,15.6,31.4,97900,1.00,3.00,4.00,5.00,0.0114,0
2023-05-12 05:24:47,1683883487,15.6,31.4,97900,1.00,2.00,4.00,4.00,0.0114,0
2023-05-12 05:29:47,1683883788,15.7,31.2,97900,1.00,2.00,3.00,4.00,0.0102,0
2023-05-12 05:34:47,1683884088,15.8,31.6,97900,1.00,3.00,5.00,6.00,0.0102,0
2023-05-12 05:39:48,1683884388,15.8,31.9,97900,1.00,2.00,4.00,4.00,0.0126,0
2023-05-12 05:44:49,1683884690,15.8,32.2,97900,1.00,4.00,6.00,7.00,0.0130,0
2023-05-12 05:49:50,1683884990,15.8,32.2,97900,1.00,3.00,5.00,6.00,0.0107,0
2023-05-12 05:54:50,1683885290,15.8,32.4,97900,1.00,3.00,5.00,6.00,0.0108,0
2023-05-12 05:59:51,1683885591,15.8,32.7,97900,1.00,4.00,8.00,9.00,0.0167,0
2023-05-12 06:04:51,1683885892,15.8,33.6,97900,1.00,2.00,4.00,4.00,0.0171,0
2023-05-12 06:05:51,1683885952,15.8,33.4,97900,1e-7,1.00,3.00,3.00,0.0116,0
2023-05-12 10:09:40,1683900580,24.7,25.3,98000,1.00,3.00,4.00,4.00,,
2023-05-12 10:14:57,1683900897,24.3,25.6,98000,3.00,4.00,5.00,5.00,,
2023-05-12 10:19:55,1683901195,23.7,26.2,98000,2.00,4.00,5.00,6.00,,
2023-05-12 10:24:52,1683901493,23.2,27.4,98000,5.00,6.00,7.00,8.00,0.0226,0
2023-05-12 10:29:29,1683901769,22.6,28.7,98000,3.00,5.00,6.00,6.00,0.0226,0
2023-05-12 10:33:06,1683901987,21.9,29.9,98000,1.00,3.00,4.00,5.00,0.0192,0
2023-05-12 12:14:53,1683908094,25.8,27.0,97900,1.00,4.00,6.00,7.00,,
2023-05-12 12:19:11,1683908351,25.5,27.8,97900,4.00,8.00,11.0,13.0,,
2023-05-12 12:41:29,1683909689,27.0,27.6,97900,1.00,3.00,4.00,5.00,,
2023-05-12 12:54:46,1683910487,28.6,25.9,97900,3.00,3.00,5.00,6.00,,
2023-05-12 12:58:09,1683910690,29.4,25.1,97840,3.00,5.00,7.00,8.00,0.0188,0
2023-05-12 13:14:47,1683911688,31.4,23.5,97800,3.00,8.00,12.0,14.0,0.0213,0
2023-05-12 13:16:45,1683911805,32.2,21.5,97800,2.00,2.00,2.00,2.00,0.00812,0
2023-05-12 13:24:57,1683912298,32.3,20.0,97800,3.00,3.00,3.00,3.00,0.0109,0
2023-05-12 13:29:59,1683912599,32.5,20.3,97800,2.00,2.00,3.00,3.00,0.0212,0
2023-05-12 13:32:56,1683912776,32.4,20.0,97800,2.00,3.00,4.00,5.00,0.0198,0
2023-05-12 13:44:49,1683913490,30.5,20.0,97800,1.00,3.00,5.00,6.00,0.0113,0
2023-05-12 13:49:45,1683913785,29.9,20.7,97800,2.00,6.00,9.00,11.0,0.0200,0
2023-05-12 13:59:54,1683914395,30.5,20.2,97800,1e-7,1.00,1.00,1.00,0.0200,0
2023-05-12 14:04:49,1683914689,31.1,19.5,97800,2.00,2.00,3.00,4.00,0.0181,0
2023-05-12 14:06:46,1683914807,31.2,18.2,97800,2.00,4.00,5.00,6.00,0.0181,0
2023-05-12 14:14:40,1683915281,29.9,18.6,97800,1.00,2.00,3.00,3.00,0.0127,0
2023-05-12 14:19:55,1683915595,29.6,19.3,97800,1.00,2.00,3.00,4.00,0.0104,0
2023-05-12 14:23:11,1683915792,29.7,20.0,97800,1.00,2.00,3.00,3.00,0.0128,0
2023-05-12 14:34:58,1683916499,30.8,18.3,97800,1.00,2.00,2.00,3.00,0.0128,0
2023-05-12 14:39:53,1683916794,30.7,18.7,97800,2.00,6.00,9.00,11.0,0.0113,0
2023-05-12 14:40:32,1683916833,30.8,18.9,97800,1e-7,1e-7,1e-7,1e-7,0.0109,0
2023-05-12 14:54:59,1683917700,30.8,18.3,97738,1e-7,2.00,4.00,5.00,0.0139,0
2023-05-12 14:58:54,1683917935,30.7,18.8,97783,1.00,3.00,6.00,7.00,0.0158,0
2023-05-12 15:09:58,1683918598,31.3,18.5,97800,1.00,2.00,3.00,4.00,0.00814,0
2023-05-12 15:13:34,1683918814,31.4,18.3,97800,1e-7,2.00,4.00,4.00,0.0142,0
2023-05-12 15:24:55,1683919495,30.3,16.8,97800,1.00,2.00,4.00,4.00,0.0142,0
2023-05-12 15:29:50,1683919791,29.6,17.1,97780,1.00,4.00,7.00,8.00,0.0134,0
2023-05-12 15:32:08,1683919929,29.2,17.4,97700,1e-7,2.00,4.00,4.00,0.0105,0
2023-05-12 15:44:46,1683920687,28.5,17.5,97800,1.00,2.00,4.00,5.00,0.0116,0
2023-05-12 15:48:04,1683920885,28.2,17.8,97790,1.00,4.00,7.00,9.00,0.0109,0
2023-05-12 15:59:42,1683921582,28.6,17.5,97700,1e-7,2.00,3.00,4.00,0.0156,0
2023-05-12 16:04:57,1683921898,28.7,17.5,97700,1.00,4.00,7.00,8.00,0.0182,0
2023-05-12 16:06:16,1683921976,28.9,16.7,97700,1.00,4.00,5.00,6.00,0.0114,0
2023-05-12 16:14:48,1683922488,28.6,16.5,97725,1.00,2.00,4.00,4.00,0.0116,0
2023-05-12 16:19:42,1683922782,28.5,16.5,97769,1.00,2.00,4.00,4.00,0.0165,0
2023-05-12 16:22:23,1683922944,28.5,16.7,97800,1.00,1.00,3.00,3.00,0.0235,0
2023-05-12 16:34:54,1683923694,28.3,16.8,97800,1e-7,1.00,3.00,3.00,0.0279,0
2023-05-12 16:39:50,1683923990,28.1,16.8,97800,2.00,3.00,4.00,5.00,0.0279,0
2023-05-12 16:40:48,1683924049,28.0,16.9,97800,1e-7,1e-7,1e-7,1e-7,0.0104,0
2023-05-12 16:49:51,1683924592,28.1,17.3,97800,1e-7,2.00,3.00,4.00,0.0104,0
2023-05-12 16:54:45,1683924886,28.0,17.3,97800,1e-7,2.00,4.00,5.00,0.0106,0
2023-05-12 16:55:53,1683924954,27.8,17.3,97800,1e-7,1e-7,1e-7,1e-7,0.0106,0
2023-05-12 18:09:51,1683929392,26.2,19.0,97800,1.00,2.00,3.00,4.00,,
2023-05-12 18:14:46,1683929686,26.0,19.6,97800,2.00,3.00,6.00,7.00,,
2023-05-12 18:19:59,1683929999,25.9,19.7,97800,1.00,5.00,8.00,9.00,,
2023-05-12 18:22:09,1683930129,25.7,20.5,97800,1.00,2.00,2.00,3.00,,
2023-05-12 18:29:42,1683930583,25.6,19.7,97800,2.00,2.00,4.00,5.00,,
2023-05-12 18:34:44,1683930885,25.5,20.0,97800,2.00,3.00,4.00,5.00,0.0178,0
2023-05-12 18:39:54,1683931194,25.4,20.0,97800,2.00,3.00,5.00,6.00,0.0141,0
2023-05-12 18:44:48,1683931489,25.3,20.0,97800,1.00,3.00,3.00,4.00,0.0110,0
2023-05-12 18:46:47,1683931608,25.3,20.2,97800,1.00,2.00,4.00,5.00,0.0101,0
2023-05-12 18:59:59,1683932399,25.0,21.0,97800,1.00,2.00,4.00,4.00,0.0104,0
2023-05-12 19:04:56,1683932696,24.9,21.0,97800,1.00,2.00,4.00,4.00,0.0105,0
2023-05-12 19:09:53,1683932994,24.7,21.0,97800,1.00,2.00,4.00,5.00,0.0104,0
2023-05-12 19:14:51,1683933292,24.7,21.1,97800,1.00,3.00,6.00,7.00,0.0159,0
2023-05-12 19:19:49,1683933589,24.6,21.3,97800,1.00,3.00,4.00,4.00,0.0159,0
2023-05-12 19:24:47,1683933887,24.4,21.7,97800,1e-7,2.00,4.00,4.00,0.0171,0
2023-05-12 19:29:44,1683934185,24.4,21.6,97800,1.00,2.00,4.00,5.00,0.0181,0
2023-05-12 19:34:42,1683934482,24.3,22.0,97800,1e-7,2.00,4.00,4.00,0.0105,0
2023-05-12 19:39:40,1683934780,24.2,21.7,97800,1.00,2.00,4.00,5.00,0.0103,0
2023-05-12 19:44:58,1683935098,24.0,22.1,97800,2.00,3.00,6.00,7.00,0.0106,0
2023-05-12 19:49:55,1683935396,23.6,22.6,97800,3.00,4.00,4.00,5.00,0.0142,0
2023-05-12 19:54:53,1683935694,23.1,23.6,97873,3.00,6.00,9.00,10.0,0.0278,0
2023-05-12 19:59:52,1683935992,22.7,24.6,97900,3.00,4.00,5.00,5.00,0.0252,0
2023-05-12 20:04:50,1683936290,22.1,25.3,97900,2.00,4.00,7.00,9.00,0.0246,0
2023-05-12 20:09:48,1683936589,21.9,26.1,97900,1.00,2.00,3.00,4.00,0.0131,0
2023-05-12 20:14:47,1683936887,21.9,26.7,97900,3.00,4.00,6.00,7.00,0.0181,0
2023-05-12 20:19:45,1683937186,21.8,26.0,97900,4.00,7.00,10.0,11.0,0.0149,0
2023-05-12 20:24:44,1683937484,21.8,26.5,97900,2.00,3.00,6.00,7.00,0.0149,0
2023-05-12 20:29:42,1683937783,21.7,26.6,97900,4.00,4.00,7.00,9.00,0.0124,0
2023-05-12 20:34:42,1683938082,21.6,26.5,97900,6.00,7.00,7.00,7.00,0.0116,0
2023-05-12 20:39:40,1683938381,21.5,27.1,97900,1.00,4.00,6.00,7.00,0.0152,0
2023-05-12 20:44:40,1683938681,21.3,27.2,97900,3.00,5.00,6.00,6.00,0.0118,0
2023-05-12 20:49:59,1683938999,21.1,27.4,97900,1.00,4.00,6.00,7.00,0.0137,0
2023-05-12 20:54:58,1683939298,20.9,27.5,97900,2.00,4.00,7.00,8.00,0.0152,0
2023-05-12 20:59:56,1683939596,20.6,27.9,97900,4.00,4.00,7.00,8.00,0.0219,0
2023-05-12 21:04:55,1683939895,20.3,28.3,97900,1.00,3.00,4.00,5.00,0.0219,0
2023-05-12 21:09:54,1683940194,20.1,28.8,97900,1.00,5.00,8.00,10.0,0.0141,0
2023-05-12 21:14:53,1683940493,19.8,29.4,97900,1.00,2.00,3.00,4.00,0.0153,0
2023-05-12 21:19:52,1683940792,19.6,29.5,97900,1.00,2.00,4.00,5.00,0.0184,0
2023-05-12 21:24:52,1683941092,19.3,30.0,97900,1.00,4.00,7.00,8.00,0.0167,0
2023-05-12 21:29:51,1683941392,19.1,30.0,97900,1.00,2.00,4.00,5.00,0.0169,0
2023-05-12 21:34:51,1683941691,18.9,30.0,97900,3.00,4.00,6.00,6.00,0.0150,0
2023-05-12 21:39:51,1683941991,18.8,30.3,97967,1.00,2.00,4.00,5.00,0.0150,0
2023-05-12 21:44:50,1683942291,18.7,30.8,98000,1.00,2.00,4.00,5.00,0.0122,0
2023-05-12 21:49:50,1683942590,18.5,32.8,98000,2.00,6.00,9.00,11.0,0.0127,0
2023-05-12 21:54:49,1683942890,18.2,33.5,97960,1.00,2.00,4.00,5.00,0.0187,0
2023-05-12 21:59:49,1683943189,17.8,36.3,97973,1.00,3.00,5.00,7.00,0.0220,0
2023-05-12 22:04:49,1683943489,17.5,37.4,97967,1.00,2.00,3.00,4.00,0.0112,0
2023-05-12 22:09:50,1683943790,17.3,37.4,98000,1.00,3.00,4.00,5.00,0.0124,0
2023-05-12 22:14:50,1683944090,17.1,37.1,98000,1.00,2.00,4.00,4.00,0.0111,0
2023-05-12 22:19:50,1683944390,16.9,37.4,97980,1.00,2.00,2.00,3.00,0.0110,0
2023-05-12 22:24:59,1683944699,16.6,38.5,97936,1e-7,2.00,4.00,5.00,0.0108,0
2023-05-12 22:29:59,1683944999,16.4,39.0,97947,1.00,4.00,8.00,9.00,0.0191,0
2023-05-12 22:34:59,1683945299,16.2,38.8,97900,1.00,2.00,4.00,5.00,0.0191,0
2023-05-12 22:39:59,1683945599,15.9,38.4,97900,1e-7,1.00,1.00,2.00,0.0164,0
2023-05-12 22:44:59,1683945899,15.7,38.4,97913,1.00,3.00,6.00,7.00,0.0130,0
2023-05-12 22:49:48,1683946188,15.6,38.7,97931,1e-7,2.00,4.00,5.00,0.0135,0
2023-05-12 22:54:48,1683946489,15.4,39.0,97920,1.00,2.00,4.00,4.00,0.0135,0
2023-05-12 22:59:50,1683946790,15.2,39.1,97993,1e-7,1.00,3.00,3.00,0.0133,0
2023-05-12 23:04:50,1683947091,15.1,39.1,98000,1.00,2.00,4.00,5.00,0.0103,0
2023-05-12 23:09:52,1683947392,14.9,39.7,98000,1.00,2.00,4.00,4.00,0.0103,0
2023-05-12 23:14:52,1683947693,14.7,40.4,98000,1.00,2.00,3.00,4.00,0.0102,0
2023-05-12 23:19:53,1683947993,14.6,41.2,98000,1.00,4.00,7.00,9.00,0.0161,0
2023-05-12 23:24:55,1683948296,14.5,41.6,98000,1.00,2.00,4.00,5.00,0.0161,0
2023-05-12 23:29:55,1683948596,14.3,42.0,98000,1.00,2.00,3.00,4.00,0.0160,0
2023-05-12 23:34:57,1683948897,14.2,42.4,98000,1e-7,2.00,3.00,3.00,0.0196,0
2023-05-12 23:39:58,1683949198,14.1,42.4,98000,1.00,4.00,6.00,7.00,0.0120,0
2023-05-12 23:44:58,1683949499,14.0,42.5,98000,1.00,3.00,6.00,7.00,0.0117,0
2023-05-12 23:49:59,1683949799,13.9,42.3,98000,1e-7,2.00,4.00,4.00,0.0106,0
2023-05-12 23:54:40,1683950080,13.8,42.5,98000,1.00,2.00,4.00,5.00,0.0143,0
2023-05-12 23:59:41,1683950382,13.7,42.6,98000,1.00,4.00,7.00,9.00,0.0266,0
2023-05-13 00:04:42,1683950683,13.6,42.1,98000,1.00,2.00,4.00,5.00,0.0266,0
2023-05-13 00:09:43,1683950984,13.5,41.3,98000,1.00,2.00,4.00,5.00,0.0225,0
2023-05-13 00:14:45,1683951285,13.4,41.0,98000,2.00,4.00,6.00,7.00,0.0166,0
2023-05-13 00:19:47,1683951587,13.3,40.7,98000,1.00,2.00,4.00,5.00,0.0122,0
2023-05-13 00:24:48,1683951889,13.2,40.4,98000,2.00,7.00,10.0,12.0,0.0119,0
2023-05-13 00:29:49,1683952190,13.1,39.9,98000,3.00,4.00,8.00,9.00,0.0253,0
2023-05-13 00:34:51,1683952491,13.1,40.3,98047,1.00,4.00,6.00,7.00,0.0329,0
2023-05-13 00:39:52,1683952792,13.0,40.1,98100,1.00,2.00,4.00,5.00,0.0154,0
2023-05-13 00:44:53,1683953093,13.0,39.2,98100,5.00,6.00,7.00,7.00,0.0191,0
2023-05-13 00:49:54,1683953395,13.0,38.1,98100,3.00,5.00,6.00,7.00,0.0244,0
2023-05-13 00:54:55,1683953696,13.0,37.7,98100,2.00,4.00,6.00,7.00,0.0177,0
2023-05-13 00:59:57,1683953997,13.1,37.2,98100,2.00,4.00,6.00,8.00,0.0157,0
2023-05-13 01:04:58,1683954298,13.1,35.8,98100,4.00,5.00,7.00,8.00,0.0198,0
2023-05-13 01:09:48,1683954588,13.2,35.7,98100,4.00,7.00,9.00,11.0,0.0211,0
2023-05-13 01:14:49,1683954890,13.2,35.3,98100,5.00,6.00,8.00,9.00,0.0215,0
2023-05-13 01:19:50,1683955191,13.1,34.8,98100,3.00,4.00,5.00,7.00,0.0497,0
2023-05-13 01:24:51,1683955492,13.1,34.3,98100,4.00,4.00,4.00,5.00,0.0662,0
2023-05-13 01:29:53,1683955793,13.1,34.6,98100,3.00,3.00,5.00,5.00,0.0217,0
2023-05-13 01:34:55,1683956095,13.0,34.2,98100,3.00,6.00,8.00,9.00,0.0106,0
2023-05-13 01:39:56,1683956397,12.9,34.2,98100,2.00,3.00,4.00,4.00,0.0150,0
2023-05-13 01:44:57,1683956698,12.8,34.1,98100,1.00,4.00,5.00,6.00,0.0151,0
2023-05-13 01:49:59,1683956999,12.7,33.9,98100,3.00,8.00,12.0,13.0,0.0323,0
2023-05-13 01:54:40,1683957280,12.6,34.3,98100,3.00,4.00,5.00,5.00,0.0517,0
2023-05-13 01:59:41,1683957582,12.5,34.1,98100,2.00,4.00,6.00,7.00,0.0126,0
2023-05-13 02:04:42,1683957883,12.4,34.0,98100,3.00,4.00,7.00,8.00,0.0118,0
2023-05-13 02:09:44,1683958184,12.2,33.6,98100,2.00,5.00,8.00,9.00,0.0149,0
2023-05-13 02:14:45,1683958486,12.2,33.3,98100,4.00,6.00,8.00,10.0,0.0190,0
2023-05-13 02:19:47,1683958787,12.1,33.2,98100,1.00,4.00,6.00,7.00,0.0203,0
2023-05-13 02:24:48,1683959089,12.0,33.2,98100,2.00,5.00,8.00,9.00,0.0315,0
2023-05-13 02:29:50,1683959390,11.9,32.8,98100,1.00,4.00,7.00,8.00,0.0192,0
2023-05-13 02:34:52,1683959692,11.8,32.7,98100,4.00,4.00,4.00,5.00,0.0111,0
2023-05-13 02:39:42,1683959982,11.8,32.7,98100,2.00,2.00,4.00,4.00,0.0146,0
2023-05-13 02:44:43,1683960284,11.7,32.9,98100,3.00,5.00,8.00,10.0,0.0162,0
2023-05-13 02:49:45,1683960585,11.6,32.6,98100,2.00,4.00,6.00,7.00,0.0190,0
2023-05-13 02:54:47,1683960887,11.4,32.6,98100,2.00,5.00,8.00,10.0,0.0171,0
2023-05-13 02:59:48,1683961188,11.4,32.8,98100,2.00,4.00,6.00,7.00,0.0195,0
2023-05-13 03:04:49,1683961490,11.3,33.0,98100,2.00,4.00,6.00,7.00,0.0195,0
2023-05-13 03:09:51,1683961792,11.2,33.4,98100,3.00,6.00,10.0,12.0,0.0181,0
2023-05-13 03:14:53,1683962094,11.1,33.4,98100,2.00,2.00,3.00,3.00,0.0165,0
2023-05-13 03:19:55,1683962395,11.0,33.1,98100,2.00,4.00,6.00,7.00,0.0422,0
2023-05-13 03:24:57,1683962697,11.0,33.2,98100,2.00,4.00,8.00,9.00,0.0305,0
2023-05-13 03:29:59,1683963000,10.9,33.2,98100,1.00,3.00,6.00,7.00,0.0214,0
2023-05-13 03:34:41,1683963282,10.8,33.4,98100,1.00,3.00,5.00,6.00,0.0268,0
2023-05-13 03:39:43,1683963584,10.6,33.5,98100,1.00,4.00,7.00,9.00,0.0257,0
2023-05-13 03:44:45,1683963885,10.5,34.0,98100,1e-7,2.00,4.00,5.00,0.0177,0
2023-05-13 03:49:47,1683964187,10.3,34.5,98153,1e-7,2.00,4.00,4.00,0.0207,0
2023-05-13 03:54:49,1683964489,10.3,34.3,98200,2.00,3.00,4.00,4.00,0.0134,0
2023-05-13 03:59:39,1683964780,10.2,34.7,98169,1.00,3.00,4.00,5.00,0.0110,0
2023-05-13 04:04:41,1683965082,10.3,34.4,98120,1.00,3.00,6.00,7.00,0.0113,0
2023-05-13 04:09:43,1683965384,10.3,34.4,98100,4.00,5.00,6.00,7.00,0.0131,0
2023-05-13 04:14:46,1683965686,10.2,34.3,98100,1.00,2.00,4.00,4.00,0.0170,0
2023-05-13 04:19:48,1683965988,10.2,34.8,98100,2.00,3.00,4.00,5.00,0.0165,0
2023-05-13 04:24:49,1683966290,10.2,34.7,98100,1.00,3.00,5.00,7.00,0.0108,0
2023-05-13 04:29:51,1683966592,10.1,34.6,98147,1.00,3.00,6.00,7.00,0.0122,0
2023-05-13 04:34:42,1683966883,10.0,34.6,98200,1.00,4.00,8.00,9.00,0.0157,0
2023-05-13 04:39:44,1683967185,10.0,34.4,98200,1.00,2.00,3.00,4.00,0.0123,0
2023-05-13 04:44:46,1683967487,10.0,34.8,98180,1.00,2.00,4.00,5.00,0.0126,0
2023-05-13 04:49:48,1683967789,9.96,34.9,98160,1e-7,4.00,7.00,9.00,0.0115,0
2023-05-13 04:54:50,1683968091,9.87,34.8,98107,1.00,4.00,6.00,7.00,0.0127,0
2023-05-13 04:59:53,1683968393,9.74,35.0,98173,2.00,3.00,6.00,7.00,0.0127,0
2023-05-13 05:04:55,1683968695,9.60,35.2,98193,1e-7,2.00,4.00,5.00,0.0103,0
2023-05-13 05:09:57,1683968998,9.48,35.2,98200,1.00,3.00,6.00,7.00,0.0137,0
2023-05-13 05:14:59,1683969300,9.37,35.9,98200,1.00,2.00,4.00,4.00,0.0110,0
2023-05-13 05:19:42,1683969582,9.26,36.3,98200,1.00,4.00,7.00,9.00,0.0116,0
2023-05-13 05:24:44,1683969885,9.18,36.2,98200,1.00,3.00,4.00,5.00,0.0129,0
2023-05-13 05:29:46,1683970187,9.10,36.4,98200,3.00,6.00,9.00,10.0,0.0144,0
2023-05-13 05:33:37,1683970417,9.05,37.0,98200,1.00,2.00,3.00,3.00,0.0177,0
2023-05-13 10:39:42,1683988782,18.9,26.5,98200,1.00,2.00,4.00,5.00,,
2023-05-13 10:44:40,1683989081,19.3,25.7,98200,2.00,5.00,8.00,9.00,,
2023-05-13 10:59:55,1683989996,19.8,23.4,98153,2.00,3.00,5.00,6.00,,
2023-05-13 11:01:15,1683990075,19.6,23.8,98200,3.00,4.00,5.00,5.00,,
2023-05-13 11:14:52,1683990892,20.5,22.2,98100,1.00,2.00,3.00,3.00,0.0117,0
2023-05-13 11:19:10,1683991150,20.5,22.0,98100,2.00,4.00,7.00,9.00,0.0115,0
2023-05-13 11:29:52,1683991793,20.2,23.1,98100,1.00,1.00,2.00,3.00,0.0115,0
2023-05-13 11:34:54,1683992094,20.4,22.6,98106,3.00,5.00,7.00,7.00,0.0197,0
2023-05-13 11:36:13,1683992174,20.0,22.2,98200,1.00,1.00,3.00,3.00,0.0149,0
2023-05-13 11:44:58,1683992698,18.3,25.0,98200,1.00,1.00,3.00,3.00,0.0110,0
2023-05-13 11:49:56,1683992997,18.2,25.4,98193,1.00,4.00,6.00,7.00,0.0168,0
2023-05-13 11:53:35,1683993216,18.4,25.4,98200,1.00,2.00,4.00,4.00,0.0120,0
2023-05-13 12:04:58,1683993898,19.5,24.3,98200,1.00,3.00,6.00,7.00,0.0150,0
2023-05-13 12:08:36,1683994117,19.1,25.3,98200,1.00,6.00,10.0,12.0,0.0125,0
2023-05-13 12:19:32,1683994772,21.9,20.9,98100,1e-7,2.00,3.00,3.00,0.0164,0
2023-05-13 12:24:41,1683995081,22.1,21.3,98100,1.00,2.00,3.00,4.00,0.0164,0
2023-05-13 12:27:20,1683995240,22.5,20.4,98100,2.00,5.00,8.00,9.00,0.0158,0
2023-05-13 12:39:51,1683995991,21.5,20.5,98200,1e-7,2.00,4.00,5.00,0.0118,0
2023-05-13 12:44:07,1683996248,21.7,19.8,98190,1.00,2.00,4.00,5.00,0.0126,0
2023-05-13 12:59:43,1683997184,21.7,19.9,98200,1.00,2.00,4.00,5.00,0.0110,0
2023-05-13 13:01:22,1683997283,21.6,19.9,98200,2.00,8.00,13.0,15.0,0.0120,0
2023-05-13 13:09:41,1683997781,20.3,21.1,98200,2.00,9.00,16.0,19.0,0.0466,0
2023-05-13 13:12:04,1683997925,20.1,21.1,98200,1.00,3.00,5.00,6.00,0.0485,0
2023-05-13 13:17:27,1683998247,19.1,21.6,98200,1.00,4.00,5.00,6.00,0.0485,0
2023-05-13 13:29:55,1683998996,18.1,23.7,98200,1e-7,1.00,3.00,3.00,0.0408,0
2023-05-13 13:34:54,1683999295,18.5,23.5,98200,1.00,3.00,6.00,7.00,0.0581,0
2023-05-13 13:37:13,1683999433,18.9,23.1,98214,1e-7,1e-7,1e-7,1e-7,0.0365,0
2023-05-13 13:44:56,1683999897,19.4,22.1,98280,1e-7,2.00,3.00,4.00,0.0365,0
2023-05-13 13:49:55,1684000196,19.5,21.1,98300,1e-7,1e-7,1e-7,1e-7,0.0131,0
2023-05-13 13:52:54,1684000375,19.4,21.0,98300,1e-7,1e-7,1e-7,1e-7,0.00995,0
2023-05-13 14:04:57,1684001097,19.8,21.3,98300,1.00,4.00,7.00,8.00,0.00995,0
2023-05-13 14:09:55,1684001395,20.3,20.5,98300,1e-7,4.00,7.00,8.00,0.0169,0
2023-05-13 14:19:47,1684001987,19.0,20.9,98300,1e-7,1.00,3.00,3.00,0.0169,0
2023-05-13 14:24:46,1684002286,18.9,20.9,98300,1e-7,1.00,3.00,3.00,0.0141,0
2023-05-13 14:28:24,1684002505,19.1,21.4,98300,1e-7,1e-7,1e-7,1e-7,0.0126,0
2023-05-13 14:34:43,1684002884,19.3,20.3,98300,1e-7,1e-7,1e-7,1e-7,0.0115,0
2023-05-13 14:39:42,1684003183,19.1,20.5,98300,1e-7,1.00,3.00,3.00,0.00995,0
2023-05-13 14:44:41,1684003482,18.9,21.2,98300,1e-7,1.00,3.00,3.00,0.00995,0
2023-05-13 14:45:40,1684003541,19.0,21.2,98300,1e-7,1e-7,1e-7,1e-7,0.00995,0
2023-05-13 14:54:59,1684004100,19.4,20.9,98300,1.00,4.00,8.00,9.00,0.00995,0
2023-05-13 14:59:58,1684004399,18.7,21.1,98300,1e-7,2.00,3.00,4.00,0.0126,0
2023-05-13 15:01:38,1684004499,18.1,21.8,98300,1e-7,1e-7,1e-7,1e-7,0.0132,0
2023-05-13 15:09:41,1684004982,18.0,21.9,98400,1e-7,2.00,4.00,4.00,0.0132,0
2023-05-13 15:14:42,1684005282,17.8,21.7,98400,1e-7,1.00,3.00,3.00,0.0126,0
2023-05-13 15:18:41,1684005522,17.7,22.1,98400,2.00,2.00,4.00,5.00,0.0114,0
2023-05-13 15:29:50,1684006190,17.3,22.6,98400,1e-7,1e-7,1e-7,1e-7,0.0107,0
2023-05-13 15:34:49,1684006490,17.1,22.4,98400,1.00,4.00,6.00,7.00,0.0106,0
2023-05-13 15:37:09,1684006629,16.9,22.8,98400,1e-7,1.00,3.00,3.00,0.00929,0
2023-05-13 15:44:47,1684007087,17.3,22.4,98400,1e-7,1e-7,1.00,1.00,0.0114,0
2023-05-13 15:49:46,1684007387,17.2,21.8,98400,2.00,2.00,3.00,4.00,0.0108,0
2023-05-13 15:54:25,1684007666,16.9,21.8,98400,1.00,2.00,4.00,4.00,0.00995,0
2023-05-13 15:59:53,1684007993,16.6,21.6,98400,1e-7,2.00,4.00,4.00,0.00995,0
2023-05-13 16:04:53,1684008293,16.4,21.7,98400,1.00,6.00,10.0,12.0,0.0103,0
2023-05-13 16:09:53,1684008593,16.1,21.8,98400,1e-7,2.00,4.00,4.00,0.0226,0
2023-05-13 16:10:13,1684008613,16.0,22.0,98400,1e-7,1e-7,1e-7,1e-7,0.00601,0
2023-05-13 16:24:51,1684009492,15.5,22.2,98400,2.00,5.00,7.00,8.00,0.0256,0
2023-05-13 16:29:51,1684009792,15.2,21.9,98400,1e-7,2.00,3.00,4.00,0.0159,0
2023-05-13 16:34:52,1684010092,15.0,22.1,98400,1.00,3.00,6.00,7.00,0.0168,0
2023-05-13 16:39:52,1684010393,14.9,21.9,98400,1e-7,2.00,4.00,4.00,0.0151,0
2023-05-13 16:44:52,1684010693,14.8,22.2,98400,1e-7,2.00,4.00,4.00,0.0151,0
2023-05-13 16:46:12,1684010772,14.8,21.8,98400,1e-7,2.00,3.00,3.00,0.0123,0
2023-05-13 16:54:48,1684011288,14.8,21.8,98400,1.00,3.00,6.00,7.00,0.0123,0
2023-05-13 16:59:48,1684011588,14.9,21.2,98400,1e-7,2.00,4.00,5.00,0.0129,0
2023-05-13 17:04:48,1684011889,14.9,21.1,98400,1.00,2.00,3.00,4.00,0.0129,0
2023-05-13 17:09:48,1684012189,15.0,21.2,98400,1.00,2.00,4.00,4.00,0.0101,0
2023-05-13 17:14:48,1684012489,15.1,21.2,98400,1.00,4.00,7.00,9.00,0.0123,0
2023-05-13 17:19:49,1684012789,15.1,21.0,98400,1e-7,2.00,4.00,5.00,0.0123,0
2023-05-13 17:24:49,1684013090,15.0,21.0,98400,1.00,7.00,11.0,14.0,0.0131,0
2023-05-13 17:29:50,1684013390,14.8,21.0,98400,1.00,4.00,7.00,9.00,0.0175,0
2023-05-13 17:34:50,1684013691,14.6,20.9,98400,1.00,2.00,3.00,3.00,0.0169,0
2023-05-13 17:39:51,1684013991,14.4,21.0,98400,1e-7,4.00,8.00,9.00,0.0189,0
2023-05-13 17:44:52,1684014292,14.2,21.2,98400,1.00,2.00,4.00,5.00,0.0116,0
2023-05-13 17:49:52,1684014593,14.0,21.3,98400,1.00,2.00,3.00,4.00,0.0173,0
2023-05-13 17:54:53,1684014894,13.9,21.4,98400,1.00,2.00,4.00,5.00,0.00995,0
2023-05-13 17:59:54,1684015194,13.8,21.6,98400,1.00,2.00,3.00,3.00,0.0101,0
2023-05-13 18:04:54,1684015495,13.7,21.7,98400,1.00,2.00,4.00,5.00,0.0105,0
2023-05-13 18:09:55,1684015796,13.6,21.6,98400,2.00,2.00,4.00,4.00,0.0102,0
2023-05-13 18:14:56,1684016097,13.6,21.9,98413,1e-7,2.00,4.00,4.00,0.0101,0
2023-05-13 18:19:58,1684016399,13.6,21.8,98467,1e-7,2.00,3.00,4.00,0.0102,0
2023-05-13 18:24:59,1684016700,13.6,21.8,98500,1e-7,4.00,8.00,9.00,0.0153,0
2023-05-13 18:29:40,1684016981,13.5,22.1,98500,3.00,5.00,7.00,8.00,0.0256,0
2023-05-13 18:34:41,1684017282,13.5,22.3,98500,1.00,2.00,4.00,4.00,0.0285,0
2023-05-13 18:39:43,1684017583,13.5,22.3,98500,1.00,3.00,5.00,5.00,0.0263,0
2023-05-13 18:44:44,1684017884,13.4,22.1,98500,1.00,2.00,3.00,3.00,0.0152,0
2023-05-13 18:49:45,1684018185,13.3,22.1,98500,1e-7,2.00,3.00,4.00,0.0110,0
2023-05-13 18:54:55,1684018495,13.3,22.2,98500,1.00,4.00,7.00,9.00,0.0172,0
2023-05-13 18:59:56,1684018796,13.2,22.3,98500,1.00,3.00,6.00,7.00,0.0172,0
2023-05-13 19:04:57,1684019097,13.2,22.4,98500,1e-7,4.00,7.00,9.00,0.0131,0
2023-05-13 19:09:58,1684019398,13.1,22.5,98540,1.00,5.00,8.00,10.0,0.0132,0
2023-05-13 19:14:59,1684019700,13.0,22.4,98600,1e-7,2.00,4.00,4.00,0.0164,0
2023-05-13 19:19:40,1684019981,12.8,22.5,98600,1e-7,1.00,3.00,3.00,0.0164,0
2023-05-13 19:24:50,1684020291,12.7,22.6,98600,1e-7,2.00,4.00,5.00,0.0101,0
2023-05-13 19:29:52,1684020592,12.6,22.7,98600,2.00,3.00,4.00,4.00,0.0101,0
2023-05-13 19:34:53,1684020894,12.5,22.8,98600,1.00,4.00,7.00,9.00,0.0109,0
2023-05-13 19:39:54,1684021195,12.4,23.0,98600,1.00,2.00,3.00,4.00,0.0125,0
2023-05-13 19:44:57,1684021497,12.3,23.3,98600,1.00,2.00,4.00,4.00,0.0106,0
2023-05-13 19:49:58,1684021798,12.3,23.3,98600,1e-7,1e-7,1e-7,1e-7,0.0106,0
2023-05-13 19:54:59,1684022100,12.2,23.5,98600,1.00,2.00,4.00,5.00,0.00995,0
2023-05-13 19:59:40,1684022381,12.2,24.0,98600,1e-7,2.00,4.00,4.00,0.0102,0
2023-05-13 20:04:41,1684022682,12.3,23.8,98607,1.00,4.00,7.00,9.00,0.0138,0
2023-05-13 20:09:43,1684022983,12.2,23.9,98673,1e-7,2.00,3.00,4.00,0.0147,0
2023-05-13 20:14:24,1684023264,12.2,24.0,98700,1e-7,2.00,3.00,4.00,0.0135,0
2023-05-13 20:19:54,1684023595,12.1,24.1,98673,1e-7,2.00,3.00,4.00,0.0111,0
2023-05-13 20:24:56,1684023896,12.0,24.2,98700,1e-7,2.00,4.00,4.00,0.00995,0
2023-05-13 20:29:58,1684024199,12.0,24.3,98700,1e-7,2.00,4.00,4.00,0.00995,0
2023-05-13 20:34:59,1684024500,11.9,24.3,98700,1e-7,1e-7,1e-7,1e-7,0.00995,0
2023-05-13 20:39:41,1684024782,11.9,24.3,98700,1.00,3.00,5.00,6.00,0.00995,0
2023-05-13 20:44:43,1684025083,11.9,24.6,98700,1e-7,1e-7,1e-7,1e-7,0.0104,0
2023-05-13 20:49:53,1684025394,11.9,24.9,98700,1.00,4.00,6.00,7.00,0.0135,0
2023-05-13 20:54:55,1684025695,11.8,25.0,98700,1e-7,2.00,3.00,4.00,0.0135,0
2023-05-13 20:59:56,1684025997,11.8,24.9,98700,1e-7,2.00,3.00,3.00,0.0135,0
2023-05-13 21:04:58,1684026298,11.8,24.6,98700,1.00,4.00,7.00,9.00,0.0163,0
2023-05-13 21:09:59,1684026600,11.7,24.7,98700,1e-7,2.00,3.00,4.00,0.0140,0
2023-05-13 21:14:41,1684026881,11.7,25.0,98700,1e-7,1e-7,1e-7,1e-7,0.0152,0
2023-05-13 21:19:42,1684027183,11.6,25.2,98700,1e-7,2.00,3.00,3.00,0.0126,0
2023-05-13 21:24:44,1684027484,11.6,25.3,98700,1e-7,1.00,3.00,3.00,0.00995,0
2023-05-13 21:29:47,1684027787,11.6,25.5,98700,2.00,2.00,4.00,5.00,0.00995,0
2023-05-13 21:34:48,1684028089,11.6,25.8,98700,1e-7,2.00,3.00,4.00,0.0102,0
2023-05-13 21:39:50,1684028391,11.6,25.8,98700,1.00,1.00,2.00,2.00,0.0102,0
2023-05-13 21:44:51,1684028692,11.6,25.6,98700,1e-7,2.00,4.00,5.00,0.0102,0
2023-05-13 21:49:42,1684028982,11.6,25.8,98700,1e-7,1e-7,1e-7,1e-7,0.0101,0
2023-05-13 21:54:43,1684029284,11.6,25.6,98700,1e-7,1e-7,1e-7,1e-7,0.0101,0
2023-05-13 21:59:45,1684029586,11.5,25.6,98700,1e-7,1e-7,1e-7,1e-7,0.0101,0
2023-05-13 22:04:47,1684029887,11.5,25.7,98700,1e-7,2.00,4.00,4.00,0.00995,0
2023-05-13 22:09:49,1684030190,11.5,25.8,98700,1e-7,2.00,4.00,5.00,0.0111,0
2023-05-13 22:14:51,1684030492,11.4,25.7,98700,1e-7,2.00,4.00,4.00,0.0111,0
2023-05-13 22:19:41,1684030781,11.4,25.8,98700,1.00,2.00,3.00,3.00,0.0107,0
2023-05-13 22:24:42,1684031083,11.4,25.6,98700,1e-7,1.00,3.00,3.00,0.0101,0
2023-05-13 22:29:44,1684031385,11.4,26.2,98700,1e-7,1e-7,1e-7,1e-7,0.00995,0
2023-05-13 22:34:46,1684031687,11.4,26.0,98700,1e-7,1e-7,1e-7,1e-7,0.00995,0
2023-05-13 22:39:48,1684031988,11.3,26.0,98700,1.00,2.00,4.00,4.00,0.00995,0
2023-05-13 22:44:50,1684032290,11.3,26.4,98700,1.00,2.00,3.00,4.00,0.00995,0
2023-05-13 22:49:52,1684032592,11.3,26.3,98700,1e-7,1e-7,1e-7,1e-7,0.00995,0
2023-05-13 22:54:53,1684032894,11.3,26.3,98700,1e-7,1e-7,1e-7,1e-7,0.00995,0
2023-05-13 22:59:55,1684033196,11.3,26.2,98700,1e-7,1e-7,1e-7,1e-7,0.00995,0
2023-05-13 23:04:57,1684033498,11.3,26.3,98700,1e-7,1e-7,1e-7,1e-7,0.00995,0
2023-05-13 23:09:59,1684033799,11.3,26.4,98700,1e-7,1e-7,1e-7,1e-7,0.00995,0
2023-05-13 23:14:40,1684034081,11.2,26.2,98700,1.00,4.00,5.00,6.00,0.00995,0
2023-05-13 23:19:42,1684034383,11.2,26.5,98707,1.00,1.00,3.00,3.00,0.0113,0
2023-05-13 23:24:44,1684034684,11.2,26.5,98700,1e-7,2.00,3.00,3.00,0.0113,0
2023-05-13 23:29:46,1684034986,11.2,26.5,98700,1e-7,4.00,7.00,9.00,0.0134,0
2023-05-13 23:34:47,1684035288,11.2,26.7,98700,1e-7,2.00,3.00,4.00,0.0149,0
2023-05-13 23:39:49,1684035590,11.2,26.5,98700,1e-7,2.00,3.00,3.00,0.0136,0
2023-05-13 23:44:51,1684035891,11.1,26.3,98700,1e-7,1e-7,1e-7,1e-7,0.00995,0
2023-05-13 23:49:54,1684036194,11.1,26.7,98700,1e-7,2.00,4.00,5.00,0.0100,0
2023-05-13 23:54:55,1684036496,11.1,27.0,98700,1e-7,2.00,4.00,4.00,0.0101,0
2023-05-13 23:59:58,1684036798,11.1,27.0,98700,1e-7,1e-7,1e-7,1e-7,0.0101,0
2023-05-14 00:04:59,1684037100,11.0,26.7,98700,1e-7,1e-7,1e-7,1e-7,0.0101,0
2023-05-14 00:09:41,1684037382,11.0,27.0,98700,1e-7,1.00,1.00,1.00,0.00995,0
2023-05-14 00:14:43,1684037684,11.0,26.8,98700,1.00,4.00,7.00,9.00,0.0118,0
2023-05-14 00:19:54,1684037994,10.9,26.9,98721,1e-7,1e-7,1e-7,1e-7,0.0118,0
2023-05-14 00:24:56,1684038296,10.9,27.1,98800,1e-7,2.00,3.00,4.00,0.0118,0
2023-05-14 00:29:58,1684038598,10.9,27.1,98800,1.00,4.00,7.00,8.00,0.0104,0
2023-05-14 00:34:59,1684038900,10.9,26.8,98720,1e-7,1e-7,1e-7,1e-7,0.0115,0
2023-05-14 00:39:41,1684039182,10.9,27.0,98700,1e-7,1e-7,1e-7,1e-7,0.0115,0
2023-05-14 00:44:52,1684039492,10.9,26.9,98700,1e-7,2.00,3.00,3.00,0.0115,0
2023-05-14 00:49:42,1684039783,10.8,27.0,98700,1e-7,1e-7,1e-7,1e-7,0.00995,0
2023-05-14 00:54:53,1684040093,10.8,27.1,98700,1e-7,2.00,3.00,4.00,0.00995,0
2023-05-14 00:59:54,1684040395,10.8,27.0,98700,1e-7,1e-7,1e-7,1e-7,0.00995,0
2023-05-14 01:04:56,1684040697,10.8,27.0,98700,1.00,2.00,3.00,4.00,0.00995,0
2023-05-14 01:09:58,1684040999,10.8,27.0,98700,1e-7,2.00,4.00,5.00,0.0103,0
2023-05-14 01:14:41,1684041281,10.7,27.1,98700,1e-7,1e-7,1e-7,1e-7,0.0103,0
2023-05-14 01:19:42,1684041583,10.7,27.1,98700,1e-7,1e-7,1e-7,1e-7,0.0103,0
2023-05-14 01:24:45,1684041886,10.7,27.3,98700,1e-7,2.00,4.00,4.00,0.0101,0
2023-05-14 01:29:47,1684042188,10.7,27.3,98700,1e-7,1e-7,1e-7,1e-7,0.00995,0
2023-05-14 01:34:49,1684042489,10.7,27.6,98700,1.00,6.00,10.0,12.0,0.0185,0
2023-05-14 01:39:51,1684042791,10.6,27.5,98700,1e-7,1e-7,1e-7,1e-7,0.0205,0
2023-05-14 01:44:53,1684043093,10.7,27.7,98700,1e-7,1e-7,1e-7,1e-7,0.0205,0
2023-05-14 01:49:55,1684043396,10.7,27.8,98727,1e-7,1e-7,1e-7,1e-7,0.0205,0
2023-05-14 01:54:45,1684043686,10.7,28.0,98700,1e-7,1.00,3.00,3.00,0.00995,0
2023-05-14 01:59:47,1684043988,10.6,28.4,98700,1.00,4.00,7.00,9.00,0.0137,0
2023-05-14 02:04:49,1684044289,10.6,28.4,98700,1e-7,2.00,4.00,5.00,0.0137,0
2023-05-14 02:09:51,1684044591,10.6,28.1,98700,1e-7,2.00,3.00,4.00,0.0130,0
2023-05-14 02:14:52,1684044893,10.6,28.2,98700,1e-7,2.00,3.00,4.00,0.0102,0
2023-05-14 02:19:54,1684045195,10.6,28.0,98700,1.00,1.00,1.00,1.00,0.00995,0
2023-05-14 02:24:56,1684045496,10.6,28.1,98700,1e-7,1e-7,1e-7,1e-7,0.00995,0
2023-05-14 02:29:58,1684045798,10.6,28.3,98700,1e-7,2.00,4.00,5.00,0.0101,0
2023-05-14 02:34:40,1684046080,10.6,28.1,98700,1.00,2.00,3.00,4.00,0.0102,0
2023-05-14 02:39:42,1684046382,10.6,28.2,98700,1e-7,2.00,4.00,5.00,0.0102,0
2023-05-14 02:44:43,1684046684,10.5,28.5,98700,1.00,3.00,6.00,7.00,0.0132,0
2023-05-14 02:49:46,1684046987,10.4,28.7,98700,1e-7,2.00,3.00,3.00,0.0125,0
2023-05-14 02:54:48,1684047289,10.3,28.7,98700,1e-7,2.00,4.00,5.00,0.0146,0
2023-05-14 02:59:50,1684047591,10.2,28.9,98700,1e-7,2.00,4.00,5.00,0.0105,0
2023-05-14 03:04:52,1684047893,10.1,28.9,98700,1.00,3.00,4.00,5.00,0.0102,0
2023-05-14 03:09:55,1684048195,10.0,28.8,98700,1.00,2.00,4.00,4.00,0.0103,0
2023-05-14 03:14:57,1684048497,9.99,29.2,98700,1.00,3.00,6.00,7.00,0.0144,0
2023-05-14 03:19:59,1684048799,9.95,29.0,98700,1e-7,1e-7,1e-7,1e-7,0.0157,0
2023-05-14 03:24:41,1684049081,9.90,29.3,98700,1.00,4.00,8.00,9.00,0.0140,0
2023-05-14 03:29:43,1684049383,9.89,29.3,98700,3.00,5.00,7.00,8.00,0.0195,0
2023-05-14 03:34:45,1684049686,9.91,29.2,98700,1.00,2.00,4.00,4.00,0.0195,0
2023-05-14 03:39:47,1684049988,9.96,29.1,98700,1.00,4.00,6.00,8.00,0.0137,0
2023-05-14 03:44:49,1684050290,10.00,29.5,98700,1e-7,1e-7,1e-7,1e-7,0.0129,0
2023-05-14 03:49:51,1684050592,10.0,29.7,98700,1.00,3.00,6.00,7.00,0.0156,0
2023-05-14 03:54:53,1684050894,10.1,29.7,98700,1.00,2.00,4.00,5.00,0.0132,0
2023-05-14 03:59:56,1684051196,10.1,30.1,98700,1e-7,2.00,3.00,4.00,0.0125,0
2023-05-14 04:04:58,1684051498,10.2,29.9,98700,2.00,2.00,3.00,4.00,0.0115,0
2023-05-14 04:09:40,1684051780,10.2,29.8,98700,1.00,4.00,8.00,9.00,0.0132,0
2023-05-14 04:14:42,1684052082,10.3,29.6,98700,1.00,4.00,5.00,6.00,0.0142,0
2023-05-14 04:19:43,1684052384,10.3,29.8,98700,1e-7,2.00,3.00,4.00,0.0181,0
2023-05-14 04:24:45,1684052686,10.3,29.9,98700,1.00,2.00,3.00,4.00,0.0144,0
2023-05-14 04:29:48,1684052988,10.3,29.8,98700,1e-7,2.00,4.00,5.00,0.0101,0
2023-05-14 04:34:50,1684053290,10.2,30.1,98700,1.00,4.00,7.00,9.00,0.0101,0
2023-05-14 04:39:52,1684053592,10.2,29.9,98700,1e-7,2.00,3.00,4.00,0.0123,0
2023-05-14 04:44:54,1684053894,10.2,30.1,98700,1e-7,2.00,3.00,4.00,0.0141,0
2023-05-14 04:49:56,1684054197,10.1,29.8,98700,1.00,3.00,6.00,7.00,0.0139,0
2023-05-14 04:54:58,1684054499,10.1,29.9,98700,1.00,3.00,5.00,6.00,0.0127,0
2023-05-14 04:59:40,1684054781,10.0,30.1,98700,1.00,2.00,3.00,3.00,0.0139,0
2023-05-14 05:04:43,1684055083,10.0,30.1,98700,1e-7,2.00,4.00,4.00,0.0127,0
2023-05-14 05:09:45,1684055385,10.0,30.3,98700,1e-7,2.00,4.00,5.00,0.0112,0
2023-05-14 05:14:47,1684055687,10.1,30.3,98700,1e-7,2.00,4.00,5.00,0.0105,0
2023-05-14 05:19:49,1684055990,10.1,30.4,98700,1.00,3.00,6.00,7.00,0.0114,0
2023-05-14 05:24:51,1684056292,10.1,30.2,98700,1.00,2.00,3.00,3.00,0.0159,0
2023-05-14 05:29:53,1684056594,9.97,29.8,98700,1e-7,2.00,4.00,4.00,0.0159,0
2023-05-14 05:34:35,1684056875,9.85,30.0,98700,1e-7,2.00,4.00,5.00,0.0140,0
2023-05-14 09:54:59,1684072500,18.5,19.6,98700,2.00,2.00,4.00,4.00,,
2023-05-14 09:59:58,1684072798,18.8,19.6,98700,1.00,4.00,6.00,7.00,,
2023-05-14 10:02:57,1684072977,19.0,18.8,98700,1.00,2.00,3.00,4.00,,
2023-05-14 10:14:47,1684073688,19.0,17.8,98700,1e-7,1.00,3.00,3.00,,
2023-05-14 10:19:46,1684073986,19.4,18.1,98700,1.00,2.00,4.00,4.00,0.0182,0
2023-05-14 10:20:05,1684074006,19.8,18.4,98700,1e-7,1e-7,1e-7,1e-7,0.0182,0
2023-05-14 10:29:41,1684074582,21.1,16.6,98700,1.00,1.00,1.00,1.00,0.0188,0
2023-05-14 10:34:59,1684074899,21.3,16.8,98700,2.00,2.00,3.00,4.00,0.0188,0
2023-05-14 10:37:18,1684075038,21.8,17.2,98700,1.00,3.00,4.00,5.00,0.0106,0
2023-05-14 10:44:53,1684075493,22.8,15.1,98700,1.00,1.00,2.00,2.00,0.0106,0
2023-05-14 10:49:50,1684075791,22.8,14.2,98733,1.00,2.00,3.00,3.00,0.0106,0
2023-05-14 10:54:47,1684076088,23.1,14.0,98700,1.00,2.00,3.00,3.00,0.0114,0
2023-05-14 10:55:07,1684076107,23.4,13.0,98700,1e-7,1e-7,1e-7,1e-7,0.0112,0
2023-05-14 11:04:44,1684076685,24.1,13.7,98700,1.00,3.00,4.00,4.00,0.0112,0
2023-05-14 11:09:41,1684076982,24.4,14.1,98700,2.00,5.00,8.00,9.00,0.0167,0
2023-05-14 11:11:20,1684077081,24.6,14.8,98700,1.00,3.00,4.00,5.00,0.0191,0
2023-05-14 11:19:54,1684077594,25.5,13.0,98700,1e-7,1e-7,1e-7,1e-7,0.0218,0
2023-05-14 11:24:51,1684077892,25.7,12.8,98700,1.00,3.00,4.00,5.00,0.0218,0
2023-05-14 11:29:47,1684078187,25.8,12.5,98700,1.00,2.00,3.00,4.00,0.0182,0
2023-05-14 11:39:57,1684078798,25.6,12.8,98700,1.00,2.00,3.00,3.00,0.0174,0
2023-05-14 11:44:54,1684079094,26.1,12.5,98700,1.00,4.00,7.00,9.00,0.0159,0
2023-05-14 11:45:14,1684079114,26.2,11.4,98700,1e-7,2.00,3.00,3.00,0.0159,0
2023-05-14 11:54:54,1684079695,26.4,12.5,98700,1.00,1.00,1.00,1.00,0.0180,0
2023-05-14 11:59:50,1684079991,26.8,12.3,98700,2.00,5.00,8.00,9.00,0.0186,0
2023-05-14 12:02:09,1684080129,27.2,11.7,98700,1e-7,2.00,4.00,4.00,0.0149,0
2023-05-14 12:09:58,1684080598,26.9,11.2,98700,1e-7,2.00,4.00,4.00,0.0135,0
2023-05-14 12:14:53,1684080894,26.9,11.1,98700,1e-7,2.00,3.00,3.00,0.0123,0
2023-05-14 12:19:50,1684081190,27.1,10.5,98700,1.00,2.00,4.00,5.00,0.0130,0
2023-05-14 12:20:29,1684081229,27.1,9.46,98700,1e-7,1e-7,1e-7,1e-7,0.00995,0
2023-05-14 12:29:52,1684081793,27.4,10.7,98700,1.00,2.00,3.00,4.00,0.00995,0
2023-05-14 12:34:48,1684082089,27.3,10.1,98700,1.00,1.00,3.00,3.00,0.0103,0
2023-05-14 12:36:27,1684082187,27.4,10.5,98700,1.00,1.00,3.00,3.00,0.00995,0
2023-05-14 12:44:42,1684082682,27.7,9.59,98700,1e-7,1.00,1.00,2.00,0.00995,0
2023-05-14 12:49:57,1684082998,27.8,9.50,98681,1.00,2.00,3.00,4.00,0.0100,0
2023-05-14 12:54:33,1684083273,27.8,10.2,98621,1.00,3.00,6.00,7.00,0.0112,0
2023-05-14 13:04:46,1684083887,27.8,9.11,98621,2.00,4.00,6.00,7.00,0.0209,0
2023-05-14 13:09:42,1684084183,27.8,9.12,98600,1.00,4.00,7.00,9.00,0.0209,0
2023-05-14 13:10:02,1684084203,27.8,9.42,98600,1e-7,1e-7,1e-7,1e-7,0.0110,0
2023-05-14 13:19:43,1684084784,28.2,9.46,98600,1.00,2.00,3.00,4.00,0.0113,0
2023-05-14 13:24:59,1684085099,28.3,9.61,98600,1.00,3.00,4.00,5.00,0.0167,0
2023-05-14 13:27:17,1684085237,28.4,8.92,98600,1.00,2.00,3.00,4.00,0.0148,0
2023-05-14 13:34:43,1684085683,28.2,9.53,98600,1e-7,2.00,4.00,5.00,0.0101,0
2023-05-14 13:39:58,1684085999,28.2,9.24,98600,1.00,2.00,4.00,4.00,0.0101,0
2023-05-14 13:44:54,1684086294,28.3,9.02,98600,1.00,2.00,4.00,4.00,0.0101,0
2023-05-14 13:45:13,1684086313,28.4,9.25,98600,1e-7,1.00,1.00,1.00,0.0101,0
2023-05-14 13:54:46,1684086887,27.7,8.78,98600,3.00,4.00,6.00,6.00,0.0120,0
2023-05-14 13:59:42,1684087183,27.4,8.95,98600,1.00,2.00,3.00,4.00,0.0149,0
2023-05-14 14:01:01,1684087262,27.4,9.31,98600,1.00,2.00,2.00,3.00,0.0113,0
2023-05-14 14:09:42,1684087783,27.5,8.92,98600,1.00,1.00,1.00,1.00,0.0110,0
2023-05-14 14:14:58,1684088098,27.4,9.48,98600,1.00,3.00,6.00,7.00,0.0134,0
2023-05-14 14:17:55,1684088276,27.3,9.59,98600,2.00,2.00,3.00,4.00,0.0109,0
2023-05-14 14:24:47,1684088688,27.0,9.23,98600,1e-7,1e-7,1.00,1.00,0.0109,0
2023-05-14 14:29:43,1684088984,26.9,9.10,98600,1.00,2.00,3.00,3.00,0.0125,0
2023-05-14 14:34:59,1684089300,26.8,8.90,98600,5.00,13.0,19.0,23.0,0.0376,0
2023-05-14 14:44:50,1684089891,26.1,9.68,98600,2.00,2.00,4.00,4.00,0.0610,0
2023-05-14 14:49:47,1684090187,26.0,10.1,98600,2.00,4.00,5.00,5.00,0.0604,0
2023-05-14 14:52:06,1684090327,25.9,10.3,98600,1.00,6.00,10.0,11.0,0.0579,0
2023-05-14 14:59:47,1684090787,25.2,10.1,98600,1.00,3.00,5.00,6.00,0.0495,0
2023-05-14 15:04:44,1684091084,25.0,10.1,98600,3.00,5.00,7.00,8.00,0.0175,0
2023-05-14 15:09:21,1684091361,24.6,10.3,98600,2.00,5.00,7.00,8.00,0.0145,0
2023-05-14 15:10:58,1684091458,24.3,10.5,98600,5.00,15.0,23.0,26.0,0.0389,0
2023-05-14 15:19:50,1684091991,24.2,10.6,98600,1e-7,1e-7,1e-7,1e-7,0.0389,0
2023-05-14 15:24:49,1684092289,24.2,10.6,98600,1.00,5.00,9.00,11.0,0.0899,0
2023-05-14 15:29:46,1684092587,23.9,10.6,98600,1.00,3.00,5.00,6.00,0.0569,0
2023-05-14 15:34:44,1684092884,23.5,10.8,98600,1.00,2.00,3.00,4.00,0.0277,0
2023-05-14 15:39:42,1684093182,23.1,11.0,98600,1.00,2.00,3.00,4.00,0.0217,0
2023-05-14 15:44:40,1684093480,22.9,11.2,98600,1.00,3.00,4.00,5.00,0.0118,0
2023-05-14 15:49:58,1684093798,23.0,11.4,98600,1.00,4.00,7.00,8.00,0.0137,0
2023-05-14 15:54:56,1684094096,23.1,11.2,98600,1.00,4.00,6.00,7.00,0.0135,0
2023-05-14 15:59:54,1684094394,23.2,11.4,98600,3.00,3.00,3.00,3.00,0.0113,0
2023-05-14 16:04:52,1684094692,22.9,11.3,98600,1.00,4.00,7.00,9.00,0.0128,0
2023-05-14 16:09:50,1684094990,23.0,11.5,98600,2.00,3.00,4.00,4.00,0.0178,0
2023-05-14 16:14:47,1684095288,23.0,11.4,98600,1.00,4.00,7.00,8.00,0.0106,0
2023-05-14 16:19:45,1684095586,22.7,11.7,98600,1.00,2.00,4.00,4.00,0.0143,0
2023-05-14 16:24:44,1684095884,22.6,11.8,98600,1.00,2.00,4.00,5.00,0.0129,0
2023-05-14 16:29:42,1684096182,22.3,11.7,98600,2.00,3.00,5.00,5.00,0.0132,0
2023-05-14 16:34:40,1684096481,22.3,11.8,98600,1e-7,2.00,3.00,4.00,0.0129,0
2023-05-14 16:49:58,1684097398,23.2,11.7,98600,1.00,2.00,3.00,4.00,0.0125,0
2023-05-14 16:54:56,1684097696,22.9,11.8,98600,1.00,2.00,4.00,5.00,0.0105,0
2023-05-14 16:59:54,1684097994,22.5,11.7,98600,2.00,3.00,4.00,5.00,0.0103,0
2023-05-14 17:04:52,1684098293,22.2,11.4,98600,1e-7,2.00,4.00,4.00,0.0110,0
2023-05-14 17:09:50,1684098591,22.2,11.2,98600,2.00,4.00,7.00,8.00,0.0110,0
2023-05-14 17:14:49,1684098889,21.9,11.6,98600,2.00,3.00,4.00,4.00,0.0184,0
2023-05-14 17:19:47,1684099188,21.5,11.7,98600,1.00,2.00,4.00,4.00,0.0184,0
2023-05-14 17:24:46,1684099486,21.3,11.7,98600,2.00,4.00,7.00,9.00,0.0113,0
2023-05-14 17:29:44,1684099785,21.0,12.1,98600,1.00,3.00,5.00,6.00,0.0253,0
2023-05-14 17:34:44,1684100084,20.7,12.2,98600,1e-7,2.00,4.00,4.00,0.0253,0
2023-05-14 17:39:43,1684100384,20.4,12.4,98600,1.00,5.00,8.00,9.00,0.0334,0
2023-05-14 17:44:42,1684100683,20.3,12.3,98600,2.00,2.00,3.00,4.00,0.0143,0
2023-05-14 17:49:41,1684100982,20.1,12.6,98600,1.00,1.00,3.00,3.00,0.0147,0
2023-05-14 17:54:40,1684101281,20.0,12.7,98600,2.00,3.00,5.00,6.00,0.0115,0
2023-05-14 17:59:59,1684101599,19.9,13.0,98600,1.00,3.00,6.00,7.00,0.0150,0
2023-05-14 18:04:58,1684101898,19.7,13.1,98600,1.00,2.00,3.00,4.00,0.0134,0
2023-05-14 18:09:58,1684102198,19.7,13.2,98600,3.00,5.00,7.00,9.00,0.0134,0
2023-05-14 18:14:57,1684102497,19.5,13.4,98600,2.00,4.00,6.00,6.00,0.0160,0
2023-05-14 18:19:56,1684102796,19.4,13.6,98600,2.00,6.00,11.0,13.0,0.0341,0
2023-05-14 18:24:55,1684103096,19.3,13.5,98600,1.00,3.00,6.00,7.00,0.0341,0
2023-05-14 18:29:54,1684103395,19.2,13.5,98600,1.00,7.00,11.0,13.0,0.0338,0
2023-05-14 18:34:54,1684103694,19.1,13.7,98600,2.00,4.00,6.00,7.00,0.0364,0
2023-05-14 18:39:53,1684103994,18.9,14.0,98600,1.00,4.00,7.00,8.00,0.0463,0
2023-05-14 18:44:53,1684104294,18.7,14.2,98607,1.00,2.00,4.00,5.00,0.0371,0
2023-05-14 18:49:52,1684104593,18.5,14.6,98647,1.00,2.00,4.00,5.00,0.0157,0
2023-05-14 18:54:41,1684104882,18.4,14.8,98700,1.00,1.00,1.00,1.00,0.0101,0
2023-05-14 18:59:41,1684105181,18.1,14.9,98700,1e-7,2.00,4.00,5.00,0.0103,0
2023-05-14 19:04:41,1684105481,17.9,14.8,98700,1.00,2.00,3.00,4.00,0.0100,0
2023-05-14 19:09:40,1684105781,17.8,15.1,98700,1.00,2.00,4.00,5.00,0.0101,0
2023-05-14 19:14:41,1684106082,17.6,15.4,98700,1.00,2.00,3.00,4.00,0.0100,0
2023-05-14 19:19:41,1684106382,17.4,15.4,98700,2.00,2.00,4.00,5.00,0.0100,0
2023-05-14 19:24:42,1684106683,17.3,15.3,98700,2.00,2.00,3.00,4.00,0.0104,0
2023-05-14 19:29:43,1684106984,17.2,15.4,98700,1.00,4.00,7.00,8.00,0.0104,0
2023-05-14 19:34:43,1684107284,17.1,15.7,98700,1.00,2.00,3.00,4.00,0.0119,0
2023-05-14 19:39:43,1684107584,17.0,16.0,98700,1.00,2.00,4.00,4.00,0.0119,0
2023-05-14 19:44:43,1684107884,16.9,16.2,98700,1.00,3.00,5.00,6.00,0.0125,0
2023-05-14 19:49:43,1684108184,16.7,16.2,98700,1e-7,2.00,4.00,4.00,0.0116,0
2023-05-14 19:54:43,1684108484,16.5,16.5,98700,1e-7,1e-7,1e-7,1e-7,0.0129,0
2023-05-14 19:59:43,1684108784,16.3,16.5,98700,1.00,2.00,3.00,4.00,0.0129,0
2023-05-14 20:04:43,1684109084,16.2,17.0,98700,1e-7,2.00,4.00,5.00,0.0100,0
2023-05-14 20:09:43,1684109384,16.0,17.0,98700,1.00,2.00,3.00,4.00,0.0100,0
2023-05-14 20:14:44,1684109684,15.8,17.2,98700,1.00,5.00,8.00,10.0,0.0137,0
2023-05-14 20:19:53,1684109993,15.6,17.3,98700,1.00,4.00,6.00,8.00,0.0142,0
2023-05-14 20:24:53,1684110293,15.4,17.2,98700,1e-7,2.00,3.00,4.00,0.0101,0
2023-05-14 20:29:53,1684110594,15.2,17.3,98700,1.00,2.00,3.00,4.00,0.0110,0
2023-05-14 20:34:54,1684110895,15.0,17.9,98700,1.00,1.00,1.00,1.00,0.0109,0
2023-05-14 20:39:44,1684111184,14.8,18.2,98700,1.00,2.00,3.00,4.00,0.00995,0
2023-05-14 20:44:44,1684111484,14.6,18.9,98700,1e-7,2.00,4.00,5.00,0.00995,0
2023-05-14 20:49:45,1684111785,14.4,18.9,98700,1e-7,1e-7,1e-7,1e-7,0.00995,0
2023-05-14 20:54:45,1684112086,14.2,19.2,98700,1e-7,2.00,4.00,5.00,0.00995,0
2023-05-14 20:59:46,1684112387,14.0,19.2,98700,1e-7,2.00,3.00,4.00,0.00995,0
2023-05-14 21:04:48,1684112689,13.8,19.5,98700,1.00,3.00,6.00,7.00,,
2023-05-14 21:09:49,1684112989,13.6,19.6,98700,1.00,2.00,4.00,4.00,0.0121,0
2023-05-14 21:14:50,1684113290,13.5,19.4,98700,1e-7,1e-7,1e-7,1e-7,0.0139,0
2023-05-14 21:19:51,1684113591,13.4,19.9,98700,1.00,4.00,7.00,9.00,0.0139,0
2023-05-14 21:24:52,1684113892,13.3,19.9,98700,2.00,5.00,8.00,9.00,0.0166,0
2023-05-14 21:29:53,1684114194,13.2,20.0,98700,1e-7,1e-7,1e-7,1e-7,0.0106,0
2023-05-14 21:34:54,1684114495,13.1,20.0,98700,1e-7,2.00,3.00,4.00,0.0122,0
2023-05-14 21:39:56,1684114796,13.0,20.0,98700,1e-7,2.00,4.00,4.00,0.0102,0
2023-05-14 21:44:57,1684115097,12.9,20.0,98700,1e-7,2.00,3.00,4.00,0.00995,0
2023-05-14 21:49:59,1684115399,12.8,20.2,98700,4.00,4.00,4.00,4.00,0.0111,0
2023-05-14 21:54:40,1684115681,12.7,20.3,98700,1.00,6.00,11.0,13.0,0.0219,0
2023-05-14 21:59:41,1684115982,12.7,20.7,98700,1e-7,1e-7,1e-7,1e-7,0.0248,0
2023-05-14 22:04:43,1684116283,12.6,20.6,98700,1e-7,2.00,3.00,4.00,0.0248,0
2023-05-14 22:09:45,1684116586,12.5,20.9,98700,1e-7,1e-7,1e-7,1e-7,0.0140,0
2023-05-14 22:14:46,1684116887,12.4,21.1,98700,1e-7,2.00,4.00,4.00,0.00995,0
2023-05-14 22:19:48,1684117188,12.4,21.8,98700,1e-7,2.00,4.00,5.00,0.0104,0
2023-05-14 22:24:49,1684117490,12.4,21.7,98700,1.00,2.00,3.00,4.00,0.0103,0
2023-05-14 22:29:50,1684117791,12.3,21.4,98700,1.00,2.00,4.00,5.00,0.0103,0
2023-05-14 22:34:52,1684118093,12.2,21.5,98700,1.00,2.00,3.00,4.00,0.0102,0
2023-05-14 22:39:54,1684118394,12.2,21.5,98700,1.00,2.00,4.00,5.00,0.0101,0
2023-05-14 22:44:54,1684118695,12.1,21.6,98700,1e-7,1e-7,1e-7,1e-7,0.0104,0
2023-05-14 22:49:56,1684118996,12.0,21.7,98700,1e-7,2.00,4.00,4.00,0.0105,0
2023-05-14 22:54:58,1684119299,12.0,21.6,98700,1.00,2.00,4.00,4.00,0.0104,0
2023-05-14 22:59:40,1684119580,11.9,21.7,98700,1.00,4.00,7.00,9.00,0.0211,0
2023-05-14 23:04:42,1684119882,11.8,21.9,98700,1e-7,2.00,4.00,4.00,0.0173,0
2023-05-14 23:09:43,1684120184,11.7,22.0,98700,1e-7,2.00,3.00,3.00,0.0185,0
2023-05-14 23:14:45,1684120486,11.6,22.1,98700,1.00,3.00,6.00,7.00,0.0116,0
2023-05-14 23:19:47,1684120787,11.5,22.6,98700,1.00,2.00,3.00,3.00,0.0114,0
2023-05-14 23:24:57,1684121098,11.4,23.2,98700,1.00,2.00,3.00,4.00,0.0107,0
2023-05-14 23:29:59,1684121400,11.4,23.1,98700,1e-7,1e-7,1e-7,1e-7,0.00995,0
2023-05-14 23:34:41,1684121681,11.3,23.1,98700,1e-7,1.00,3.00,3.00,0.00995,0
2023-05-14 23:39:43,1684121983,11.2,23.4,98700,2.00,10.0,17.0,20.0,0.0644,0
2023-05-14 23:44:44,1684122285,11.2,23.6,98700,1.00,2.00,3.00,4.00,0.0637,0
2023-05-14 23:49:46,1684122587,11.2,23.9,98700,1e-7,2.00,4.00,4.00,0.0501,0
2023-05-14 23:54:48,1684122889,11.2,24.1,98700,1e-7,2.00,3.00,4.00,0.0160,0
2023-05-14 23:59:50,1684123190,11.2,24.1,98700,1e-7,2.00,4.00,5.00,0.00995,0
2023-05-15 00:04:52,1684123492,11.3,24.5,98700,1e-7,2.00,4.00,5.00,0.0106,0
2023-05-15 00:09:53,1684123794,11.3,24.9,98673,1.00,2.00,4.00,4.00,0.0106,0
2023-05-15 00:14:56,1684124097,11.4,25.0,98600,1.00,2.00,3.00,4.00,0.0102,0
2023-05-15 00:19:58,1684124399,11.4,24.8,98600,1e-7,1e-7,1e-7,1e-7,0.00995,0
2023-05-15 00:24:40,1684124680,11.5,24.7,98600,1e-7,2.00,3.00,4.00,0.00995,0
2023-05-15 00:29:41,1684124982,11.7,24.9,98600,1e-7,2.00,4.00,5.00,0.00995,0
2023-05-15 00:34:43,1684125284,11.8,24.9,98600,1e-7,2.00,3.00,4.00,0.0101,0
2023-05-15 00:39:45,1684125586,11.9,25.0,98600,2.00,4.00,6.00,7.00,0.0107,0
2023-05-15 00:44:46,1684125887,12.0,24.9,98600,1e-7,2.00,4.00,4.00,0.0125,0
2023-05-15 00:49:48,1684126188,12.0,25.4,98600,1e-7,1e-7,1e-7,1e-7,0.0141,0
2023-05-15 00:54:51,1684126491,12.2,25.5,98600,1e-7,4.00,7.00,8.00,0.0141,0
2023-05-15 00:59:52,1684126793,12.2,25.4,98600,1e-7,1.00,3.00,3.00,0.0150,0
2023-05-15 01:04:43,1684127083,12.4,25.4,98600,1e-7,2.00,3.00,3.00,0.0139,0
2023-05-15 01:09:44,1684127384,12.4,25.8,98600,1.00,2.00,4.00,4.00,0.0139,0
2023-05-15 01:14:45,1684127686,12.6,25.4,98600,1e-7,2.00,4.00,4.00,0.00995,0
2023-05-15 01:19:47,1684127987,12.7,25.1,98600,1.00,6.00,10.0,13.0,0.0179,0
2023-05-15 01:24:49,1684128289,12.8,24.9,98600,1e-7,2.00,3.00,4.00,0.0205,0
2023-05-15 01:29:50,1684128590,13.0,24.8,98600,2.00,2.00,3.00,4.00,0.0261,0
2023-05-15 01:34:51,1684128892,13.1,24.8,98600,1.00,3.00,6.00,7.00,0.0203,0
2023-05-15 01:39:53,1684129193,13.3,24.7,98600,1.00,2.00,4.00,5.00,0.0146,0
2023-05-15 01:44:53,1684129494,13.3,24.9,98560,1.00,2.00,4.00,4.00,0.0120,0
2023-05-15 01:49:55,1684129795,13.3,24.5,98500,1.00,4.00,6.00,7.00,0.0106,0
2023-05-15 01:54:56,1684130096,13.3,24.4,98500,1.00,2.00,3.00,4.00,0.0106,0
2023-05-15 01:59:57,1684130398,13.3,24.8,98500,1e-7,2.00,3.00,3.00,0.0117,0
2023-05-15 02:04:59,1684130699,13.2,24.9,98500,1.00,3.00,4.00,5.00,0.0117,0
2023-05-15 02:09:40,1684130980,13.2,24.9,98500,1.00,3.00,5.00,7.00,0.0104,0
2023-05-15 02:14:41,1684131281,13.1,25.2,98500,1e-7,2.00,3.00,3.00,0.0126,0
2023-05-15 02:19:42,1684131582,13.2,25.0,98500,1e-7,2.00,4.00,5.00,0.0128,0
2023-05-15 02:24:43,1684131884,13.2,25.0,98500,1e-7,2.00,3.00,3.00,0.0115,0
2023-05-15 02:29:44,1684132185,13.3,25.2,98500,1.00,2.00,4.00,5.00,0.0103,0
2023-05-15 02:34:46,1684132486,13.4,25.2,98500,1.00,2.00,3.00,4.00,0.0101,0
2023-05-15 02:39:47,1684132787,13.6,25.0,98500,1e-7,2.00,4.00,4.00,0.0100,0
2023-05-15 02:44:48,1684133089,13.7,25.3,98500,1.00,2.00,3.00,4.00,0.00995,0
2023-05-15 02:49:49,1684133390,13.7,25.3,98500,1.00,3.00,6.00,7.00,0.0113,0
2023-05-15 02:54:50,1684133691,13.8,25.3,98500,1.00,3.00,5.00,7.00,0.0149,0
2023-05-15 02:59:51,1684133992,13.9,25.1,98500,1.00,2.00,3.00,4.00,0.0133,0
2023-05-15 03:04:52,1684134293,14.1,25.1,98500,1.00,2.00,4.00,5.00,0.0153,0
2023-05-15 03:09:54,1684134594,14.3,24.9,98500,2.00,2.00,3.00,4.00,0.0144,0
2023-05-15 03:14:54,1684134895,14.4,24.6,98500,1e-7,1.00,3.00,3.00,0.0103,0
2023-05-15 03:19:55,1684135195,14.4,24.8,98500,1.00,4.00,6.00,7.00,0.0138,0
2023-05-15 03:24:56,1684135496,14.4,24.7,98500,1.00,2.00,3.00,3.00,0.0146,0
2023-05-15 03:29:57,1684135798,14.4,24.4,98500,1.00,2.00,3.00,4.00,0.0133,0
2023-05-15 03:34:59,1684136100,14.4,24.6,98500,1e-7,2.00,4.00,4.00,0.00995,0
2023-05-15 03:39:40,1684136380,14.4,24.5,98457,1e-7,2.00,3.00,3.00,0.00995,0
2023-05-15 03:44:40,1684136681,14.4,24.6,98400,1.00,2.00,4.00,4.00,0.00995,0
2023-05-15 03:49:41,1684136981,14.4,24.7,98400,1e-7,2.00,4.00,5.00,0.0101,0
2023-05-15 03:54:42,1684137282,14.5,24.7,98400,2.00,4.00,6.00,7.00,0.0126,0
2023-05-15 03:59:43,1684137583,14.4,24.6,98400,1e-7,1e-7,1.00,1.00,0.0134,0
2023-05-15 04:04:44,1684137885,14.4,24.5,98400,1.00,4.00,7.00,9.00,0.0136,0
2023-05-15 04:09:45,1684138186,14.5,24.2,98400,1.00,2.00,3.00,3.00,0.0153,0
2023-05-15 04:14:46,1684138486,14.9,24.1,98400,1.00,3.00,6.00,7.00,0.0153,0
2023-05-15 04:19:46,1684138787,15.1,23.7,98400,1.00,2.00,3.00,4.00,0.0117,0
2023-05-15 04:24:47,1684139087,15.3,23.7,98400,1.00,2.00,3.00,4.00,0.0111,0
2023-05-15 04:29:48,1684139388,15.4,23.8,98400,1.00,4.00,6.00,7.00,0.0113,0
2023-05-15 04:34:48,1684139689,15.4,23.5,98400,1.00,2.00,4.00,5.00,0.0131,0
2023-05-15 04:39:49,1684139989,15.5,23.2,98400,1.00,3.00,5.00,5.00,0.0131,0
2023-05-15 04:44:48,1684140289,15.6,23.2,98400,2.00,8.00,13.0,16.0,0.0232,0
2023-05-15 04:49:49,1684140589,15.5,23.1,98400,1.00,2.00,4.00,5.00,0.0232,0
2023-05-15 04:54:49,1684140890,15.5,23.0,98400,1.00,2.00,4.00,4.00,0.0338,0
2023-05-15 04:59:51,1684141191,15.4,23.3,98400,1.00,4.00,6.00,7.00,0.0267,0
2023-05-15 05:04:51,1684141492,15.4,23.4,98400,1.00,4.00,7.00,9.00,0.0272,0
2023-05-15 05:09:52,1684141792,15.4,23.5,98400,1.00,2.00,4.00,4.00,0.0237,0
2023-05-15 05:14:52,1684142092,15.5,23.6,98400,2.00,3.00,5.00,6.00,0.0237,0
2023-05-15 05:19:53,1684142394,15.4,23.9,98400,1.00,2.00,4.00,5.00,0.0200,0
2023-05-15 05:24:55,1684142695,15.3,23.8,98400,2.00,2.00,4.00,5.00,0.0131,0
2023-05-15 05:29:55,1684142996,15.2,23.7,98380,1e-7,2.00,4.00,5.00,0.0121,0
2023-05-15 05:34:57,1684143297,15.1,23.9,98320,1.00,2.00,4.00,5.00,0.0107,0
2023-05-15 05:38:17,1684143498,15.0,23.9,98300,1.00,2.00,3.00,3.00,0.0102,0
2023-05-15 11:24:45,1684164286,23.8,19.0,97800,1.00,3.00,6.00,7.00,0.00995,0
2023-05-15 11:29:42,1684164583,23.9,18.9,97780,1.00,2.00,3.00,4.00,,
2023-05-15 11:31:41,1684164702,24.2,18.8,97700,1.00,1.00,2.00,2.00,,
2023-05-15 11:44:51,1684165492,24.6,17.8,97700,1.00,3.00,5.00,6.00,,
2023-05-15 11:49:10,1684165751,24.2,17.7,97700,1.00,3.00,6.00,7.00,0.0106,0
2023-05-15 11:59:51,1684166391,23.2,18.5,97700,1.00,1.00,3.00,3.00,0.0108,0
2023-05-15 12:04:48,1684166689,22.9,18.5,97700,2.00,5.00,9.00,10.0,0.0112,0
2023-05-15 12:05:48,1684166748,22.7,18.6,97700,1e-7,1.00,1.00,2.00,0.0110,0
2023-05-15 12:14:50,1684167291,22.6,19.1,97700,1e-7,1e-7,1e-7,1e-7,0.0103,0
2023-05-15 12:19:48,1684167588,22.6,19.1,97700,2.00,8.00,14.0,16.0,0.0212,0
2023-05-15 12:24:48,1684167889,22.6,19.3,97700,1.00,3.00,6.00,7.00,0.0152,0
2023-05-15 12:29:41,1684168181,22.4,18.5,97700,1.00,3.00,4.00,5.00,0.0145,0
2023-05-15 12:34:59,1684168500,22.2,18.2,97700,2.00,5.00,8.00,10.0,0.0103,0
2023-05-15 12:38:57,1684168738,22.1,18.8,97700,1.00,2.00,4.00,4.00,0.0166,0
2023-05-15 12:59:51,1684169991,23.2,18.2,97600,1.00,3.00,6.00,7.00,,
2023-05-15 13:04:48,1684170288,23.4,18.1,97600,2.00,3.00,4.00,4.00,,
2023-05-15 13:09:45,1684170585,23.4,18.1,97600,2.00,4.00,7.00,8.00,,
2023-05-15 13:14:04,1684170844,23.2,17.9,97600,1.00,2.00,4.00,4.00,0.0150,0
2023-05-15 13:29:53,1684171793,21.9,19.2,97600,5.00,5.00,5.00,6.00,0.0150,0
2023-05-15 13:34:31,1684172071,21.7,18.4,97600,3.00,6.00,8.00,9.00,0.0188,0
2023-05-15 13:39:55,1684172395,21.5,18.9,97600,6.00,19.0,29.0,34.0,0.0248,0
2023-05-15 13:44:55,1684172696,21.2,19.5,97600,3.00,3.00,4.00,5.00,0.0725,0
2023-05-15 13:47:14,1684172835,21.0,19.8,97600,2.00,5.00,7.00,8.00,0.0994,0
2023-05-15 14:04:56,1684173896,21.7,20.3,97500,1.00,2.00,2.00,3.00,,
2023-05-15 14:09:37,1684174178,21.6,20.2,97500,2.00,4.00,7.00,8.00,,
2023-05-15 14:14:49,1684174490,21.5,19.9,97500,2.00,3.00,3.00,3.00,,
2023-05-15 14:19:47,1684174788,21.3,19.7,97500,4.00,8.00,11.0,12.0,0.0262,0
2023-05-15 14:24:45,1684175086,21.0,19.7,97500,2.00,4.00,7.00,8.00,0.0520,0
2023-05-15 14:29:44,1684175384,20.9,20.1,97419,2.00,4.00,5.00,5.00,0.0342,0
2023-05-15 14:34:19,1684175659,21.0,20.3,97430,1.00,3.00,6.00,7.00,0.0318,0
2023-05-15 14:39:38,1684175978,21.2,20.6,97436,3.00,4.00,6.00,8.00,0.0134,0
2023-05-15 14:54:35,1684176876,21.6,20.4,97400,1.00,4.00,6.00,7.00,0.0103,0
2023-05-15 14:59:35,1684177175,21.4,19.8,97400,2.00,4.00,6.00,7.00,0.0150,0
2023-05-15 15:00:49,1684177249,21.3,19.8,97400,1e-7,2.00,3.00,4.00,0.0150,0
2023-05-15 15:09:49,1684177790,20.7,21.4,97400,1.00,2.00,4.00,4.00,0.0149,0
2023-05-15 15:11:47,1684177907,20.5,21.5,97400,1.00,2.00,4.00,5.00,0.0107,0
2023-05-15 15:19:45,1684178386,20.1,21.8,97400,1.00,2.00,4.00,4.00,0.0146,0
2023-05-15 15:24:47,1684178687,20.2,21.7,97400,2.00,4.00,6.00,7.00,0.0202,0
2023-05-15 15:29:45,1684178986,20.1,22.7,97400,2.00,3.00,4.00,4.00,0.0172,0
2023-05-15 15:31:05,1684179066,20.0,22.4,97400,1.00,3.00,4.00,4.00,0.0154,0
2023-05-15 16:14:45,1684181685,19.7,24.1,97400,2.00,2.00,4.00,4.00,,
2023-05-15 16:19:51,1684181991,20.1,23.7,97400,3.00,5.00,8.00,10.0,,
2023-05-15 16:21:50,1684182111,20.4,23.4,97400,1e-7,4.00,7.00,9.00,,
2023-05-15 16:34:44,1684182884,21.3,21.5,97300,1.00,2.00,3.00,3.00,,
2023-05-15 16:39:20,1684183160,21.3,21.4,97300,2.00,3.00,4.00,5.00,0.0159,0
2023-05-15 16:49:57,1684183798,21.2,21.7,97300,2.00,4.00,7.00,8.00,0.0159,0
2023-05-15 16:54:20,1684184061,21.2,21.7,97300,2.00,3.00,5.00,6.00,0.0164,0
2023-05-15 16:56:35,1684184196,21.2,21.6,97300,2.00,3.00,3.00,3.00,0.0147,0
2023-05-15 17:09:40,1684184981,21.1,22.1,97300,1.00,3.00,6.00,7.00,0.0199,0
2023-05-15 17:14:58,1684185299,21.1,22.5,97300,3.00,5.00,9.00,10.0,0.0259,0
2023-05-15 17:19:58,1684185599,21.2,22.5,97300,3.00,3.00,3.00,3.00,0.0130,0
2023-05-15 17:24:57,1684185898,21.1,22.3,97300,2.00,3.00,3.00,4.00,0.0255,0
2023-05-15 17:29:55,1684186196,21.0,22.3,97300,4.00,6.00,10.0,12.0,0.0183,0
2023-05-15 17:34:53,1684186494,20.8,22.5,97300,6.00,6.00,6.00,7.00,0.0510,0
2023-05-15 17:39:50,1684186790,20.5,23.1,97300,3.00,5.00,6.00,7.00,0.0266,0
2023-05-15 17:44:54,1684187094,20.2,23.5,97300,2.00,2.00,3.00,4.00,0.0232,0
2023-05-15 17:49:56,1684187397,20.1,24.3,97300,1.00,2.00,3.00,3.00,0.0185,0
2023-05-15 17:54:55,1684187695,19.9,24.4,97300,3.00,4.00,6.00,7.00,0.0150,0
2023-05-15 17:59:40,1684187981,19.8,24.2,97271,2.00,6.00,9.00,11.0,0.0150,0
2023-05-15 18:04:58,1684188299,19.8,24.5,97200,2.00,3.00,3.00,3.00,0.0109,0
2023-05-15 18:09:56,1684188597,19.9,24.7,97200,3.00,6.00,9.00,11.0,0.0115,0
2023-05-15 18:14:55,1684188895,20.0,24.3,97200,1.00,5.00,8.00,10.0,0.0247,0
2023-05-15 18:19:53,1684189194,20.2,24.3,97200,2.00,3.00,4.00,5.00,0.0247,0
2023-05-15 18:24:51,1684189492,20.3,24.1,97200,2.00,4.00,8.00,9.00,0.0256,0
2023-05-15 18:29:50,1684189790,20.3,24.1,97200,3.00,6.00,8.00,10.0,0.0178,0
2023-05-15 18:34:48,1684190088,20.4,24.0,97200,4.00,7.00,8.00,9.00,0.0178,0
2023-05-15 18:39:48,1684190388,20.4,23.9,97200,4.00,4.00,6.00,6.00,0.0158,0
2023-05-15 18:43:25,1684190606,20.3,24.0,97200,4.00,4.00,5.00,5.00,0.0170,0
2023-05-15 18:49:42,1684190982,20.3,24.1,97200,2.00,8.00,14.0,16.0,0.0170,0
2023-05-15 18:54:41,1684191281,20.2,24.4,97200,3.00,6.00,9.00,11.0,0.0276,0
2023-05-15 18:59:59,1684191600,20.1,24.8,97200,4.00,9.00,14.0,16.0,0.0371,0
2023-05-15 19:04:58,1684191898,19.9,24.6,97200,5.00,7.00,10.0,12.0,0.0358,0
2023-05-15 19:09:59,1684192199,19.8,24.7,97200,3.00,5.00,9.00,10.0,0.0154,0
2023-05-15 19:14:57,1684192498,19.7,24.8,97200,2.00,3.00,4.00,4.00,0.0241,0
2023-05-15 19:19:54,1684192795,19.6,24.9,97200,3.00,5.00,7.00,8.00,0.0261,0
2023-05-15 19:24:53,1684193093,19.5,25.2,97200,4.00,5.00,6.00,7.00,0.0143,0
2023-05-15 19:29:52,1684193393,19.4,25.5,97200,4.00,6.00,7.00,8.00,0.0143,0
2023-05-15 19:34:54,1684193694,19.3,26.2,97200,4.00,5.00,6.00,7.00,0.0194,0
2023-05-15 19:39:54,1684193994,19.1,26.3,97200,3.00,5.00,8.00,9.00,0.0175,0
2023-05-15 19:44:54,1684194294,19.0,26.5,97200,2.00,6.00,8.00,10.0,0.0175,0
2023-05-15 19:49:52,1684194593,18.8,26.8,97200,2.00,4.00,6.00,8.00,0.0110,0
2023-05-15 19:54:51,1684194892,18.6,26.9,97200,3.00,4.00,7.00,8.00,0.0169,0
2023-05-15 19:59:51,1684195191,18.3,27.3,97200,2.00,7.00,11.0,13.0,0.0169,0
2023-05-15 20:04:53,1684195493,18.1,27.9,97200,2.00,5.00,7.00,8.00,0.0128,0
2023-05-15 20:09:52,1684195792,18.0,27.9,97200,2.00,3.00,5.00,5.00,0.0184,0
2023-05-15 20:14:51,1684196091,18.0,28.2,97200,1.00,2.00,4.00,4.00,0.0189,0
2023-05-15 20:19:50,1684196390,17.9,28.8,97200,1.00,4.00,6.00,7.00,0.0165,0
2023-05-15 20:24:54,1684196694,17.8,29.1,97200,1.00,4.00,7.00,9.00,0.0218,0
2023-05-15 20:29:53,1684196994,17.7,29.0,97200,1.00,2.00,4.00,5.00,0.0213,0
2023-05-15 20:34:40,1684197280,17.7,29.0,97200,1.00,2.00,3.00,3.00,0.0219,0
2023-05-15 20:39:42,1684197582,17.6,29.3,97200,1.00,2.00,4.00,4.00,0.0136,0
2023-05-15 20:44:50,1684197891,17.6,30.0,97200,1.00,2.00,4.00,5.00,0.0103,0
2023-05-15 20:49:50,1684198190,17.5,30.1,97200,1.00,4.00,6.00,7.00,0.0104,0
2023-05-15 20:54:47,1684198488,17.4,30.4,97200,2.00,4.00,6.00,7.00,0.0114,0
2023-05-15 20:59:47,1684198787,17.3,30.3,97200,2.00,4.00,7.00,8.00,0.0155,0
2023-05-15 21:04:46,1684199087,17.2,30.2,97200,1.00,2.00,4.00,4.00,0.0216,0
2023-05-15 21:09:49,1684199390,17.2,30.7,97200,1.00,3.00,6.00,7.00,0.0216,0
2023-05-15 21:14:49,1684199690,17.1,31.1,97200,1.00,2.00,3.00,3.00,0.0118,0
2023-05-15 21:19:49,1684199989,17.0,31.1,97200,1.00,3.00,6.00,7.00,0.0131,0
2023-05-15 21:24:50,1684200290,17.0,31.6,97200,1.00,2.00,4.00,5.00,0.0146,0
2023-05-15 21:29:55,1684200596,16.9,32.2,97200,1e-7,2.00,3.00,4.00,0.0144,0
2023-05-15 21:34:55,1684200895,16.9,32.4,97200,1.00,4.00,7.00,9.00,0.0135,0
2023-05-15 21:39:54,1684201195,16.9,32.3,97200,1.00,2.00,3.00,4.00,0.0140,0
2023-05-15 21:44:55,1684201495,16.8,32.8,97200,1.00,3.00,6.00,7.00,0.0126,0
2023-05-15 21:49:57,1684201797,16.8,33.3,97200,1.00,2.00,3.00,4.00,0.0171,0
2023-05-15 21:54:57,1684202098,16.8,32.1,97200,1.00,3.00,5.00,6.00,0.0147,0
2023-05-15 21:59:55,1684202395,16.8,32.3,97200,3.00,4.00,7.00,9.00,0.0125,0
2023-05-15 22:04:52,1684202693,16.8,32.2,97200,1.00,3.00,5.00,7.00,0.0176,0
2023-05-15 22:09:10,1684202950,16.8,32.3,97200,1.00,3.00,5.00,6.00,0.0165,0
2023-05-15 22:14:47,1684203287,16.9,32.4,97200,2.00,3.00,4.00,5.00,0.0165,0
2023-05-15 22:19:47,1684203587,16.8,32.1,97200,1.00,4.00,6.00,7.00,0.0102,0
2023-05-15 22:24:42,1684203882,16.8,31.9,97200,2.00,8.00,12.0,15.0,0.0277,0
2023-05-15 22:29:56,1684204196,16.8,32.2,97192,1.00,3.00,6.00,7.00,0.0190,0
2023-05-15 22:34:46,1684204487,16.7,32.1,97171,2.00,3.00,3.00,4.00,0.0239,0
2023-05-15 22:39:46,1684204786,16.7,32.4,97100,2.00,5.00,7.00,8.00,0.0130,0
2023-05-15 22:44:50,1684205091,16.7,33.0,97127,2.00,4.00,7.00,8.00,0.0109,0
2023-05-15 22:49:50,1684205390,16.6,33.1,97113,1.00,3.00,6.00,7.00,0.0119,0
2023-05-15 22:54:50,1684205690,16.6,33.3,97113,2.00,2.00,3.00,3.00,0.0246,0
2023-05-15 22:59:49,1684205990,16.5,33.1,97113,3.00,4.00,7.00,9.00,0.0244,0
2023-05-15 23:04:49,1684206290,16.4,33.0,97100,1.00,3.00,5.00,6.00,0.0263,0
2023-05-15 23:09:49,1684206589,16.3,33.6,97100,2.00,6.00,10.0,12.0,0.0193,0
2023-05-15 23:14:49,1684206889,16.1,33.6,97100,1.00,5.00,9.00,10.0,0.0153,0
2023-05-15 23:19:49,1684207189,16.1,33.9,97100,2.00,2.00,3.00,4.00,0.0284,0
2023-05-15 23:24:50,1684207490,16.0,33.7,97100,1.00,3.00,6.00,7.00,0.0183,0
2023-05-15 23:29:40,1684207780,16.1,33.6,97100,2.00,4.00,7.00,9.00,0.0139,0
2023-05-15 23:34:59,1684208100,16.1,33.7,97100,1.00,5.00,9.00,11.0,0.0273,0
2023-05-15 23:39:59,1684208400,16.0,34.2,97100,2.00,4.00,7.00,8.00,0.0173,0
2023-05-15 23:44:57,1684208697,16.0,34.0,97100,1e-7,2.00,4.00,5.00,0.0197,0
2023-05-15 23:49:57,1684208997,16.0,34.3,97100,3.00,4.00,8.00,9.00,0.0166,0
2023-05-15 23:54:54,1684209294,15.9,34.2,97100,1.00,4.00,7.00,8.00,0.0216,0
2023-05-15 23:59:51,1684209592,15.8,35.2,97100,2.00,4.00,7.00,9.00,0.0123,0
2023-05-16 00:04:51,1684209892,15.8,35.0,97100,4.00,4.00,6.00,7.00,0.0139,0
2023-05-16 00:09:51,1684210192,15.8,34.8,97100,2.00,3.00,4.00,5.00,0.0196,0
2023-05-16 00:14:57,1684210498,15.8,34.9,97100,3.00,4.00,7.00,8.00,0.0180,0
2023-05-16 00:19:57,1684210798,15.7,35.1,97100,1.00,3.00,4.00,5.00,0.0140,0
2023-05-16 00:24:57,1684211098,15.6,35.1,97100,1.00,2.00,3.00,4.00,0.0149,0
2023-05-16 00:29:57,1684211398,15.6,35.3,97100,1.00,2.00,4.00,4.00,0.0136,0
2023-05-16 00:34:56,1684211697,15.6,34.9,97100,1.00,4.00,6.00,7.00,0.0119,0
2023-05-16 00:39:54,1684211995,15.6,35.1,97100,1.00,3.00,5.00,6.00,0.0129,0
2023-05-16 00:44:54,1684212295,15.6,35.2,97100,1.00,3.00,4.00,5.00,0.0120,0
2023-05-16 00:49:52,1684212593,15.6,35.3,97100,2.00,2.00,3.00,3.00,0.0134,0
2023-05-16 00:54:52,1684212893,15.5,35.2,97100,2.00,5.00,8.00,9.00,0.0156,0
2023-05-16 00:59:52,1684213193,15.5,35.3,97100,2.00,4.00,6.00,7.00,0.0339,0
2023-05-16 01:04:52,1684213493,15.5,35.1,97100,1.00,1.00,2.00,2.00,0.0414,0
2023-05-16 01:09:52,1684213793,15.5,35.0,97100,1e-7,2.00,3.00,3.00,0.0414,0
2023-05-16 01:14:52,1684214093,15.4,35.4,97100,1e-7,2.00,4.00,5.00,0.0129,0
2023-05-16 01:19:53,1684214394,15.3,35.6,97100,1.00,6.00,9.00,11.0,0.0169,0
2023-05-16 01:24:53,1684214694,15.2,35.5,97073,2.00,3.00,6.00,7.00,0.0353,0
2023-05-16 01:29:53,1684214994,15.1,35.4,97000,1.00,3.00,5.00,5.00,0.0353,0
2023-05-16 01:34:53,1684215294,15.0,35.9,97000,1.00,3.00,6.00,7.00,0.0258,0
2023-05-16 01:39:54,1684215594,15.0,35.7,97000,1.00,2.00,4.00,4.00,0.0140,0
2023-05-16 01:44:54,1684215895,15.0,36.3,97000,1.00,4.00,6.00,7.00,0.0140,0
2023-05-16 01:49:54,1684216195,15.0,36.5,97000,3.00,4.00,5.00,6.00,0.0108,0
2023-05-16 01:54:56,1684216497,15.0,35.6,97000,1.00,3.00,6.00,7.00,0.0121,0
2023-05-16 01:59:54,1684216795,15.0,35.5,97000,1.00,3.00,6.00,7.00,0.00959,0
2023-05-16 02:04:54,1684217095,15.1,35.6,97000,1.00,3.00,4.00,4.00,0.0107,0
2023-05-16 02:09:54,1684217395,15.1,35.4,97000,1.00,3.00,3.00,4.00,0.00977,0
2023-05-16 02:14:45,1684217685,15.1,35.4,97000,2.00,5.00,8.00,9.00,0.0135,0
2023-05-16 02:19:45,1684217985,15.0,35.4,97000,1.00,2.00,3.00,4.00,0.0101,0
2023-05-16 02:24:54,1684218294,14.9,35.4,97000,1e-7,2.00,4.00,4.00,0.0182,0
2023-05-16 02:29:51,1684218592,14.8,35.3,97000,1.00,4.00,6.00,7.00,0.0167,0
2023-05-16 02:34:53,1684218893,14.7,36.1,97000,2.00,2.00,4.00,4.00,0.0145,0
2023-05-16 02:39:55,1684219196,14.6,36.2,97000,1.00,3.00,4.00,5.00,0.0111,0
2023-05-16 02:44:44,1684219484,14.5,36.1,97000,1.00,2.00,4.00,4.00,0.0110,0
2023-05-16 02:49:44,1684219785,14.5,35.8,97000,1.00,3.00,5.00,6.00,0.0108,0
2023-05-16 02:54:44,1684220085,14.4,35.9,97000,1e-7,2.00,3.00,3.00,0.00955,0
2023-05-16 02:59:44,1684220385,14.4,35.9,97000,1.00,4.00,7.00,9.00,0.0173,0
2023-05-16 03:04:44,1684220685,14.4,36.1,97000,1.00,4.00,8.00,9.00,0.0298,0
2023-05-16 03:09:44,1684220985,14.3,35.7,97000,3.00,4.00,5.00,5.00,0.0172,0
2023-05-16 03:12:24,1684221145,14.3,35.5,97000,1.00,2.00,3.00,4.00,0.0172,0
2023-05-16 03:19:41,1684221581,14.2,35.3,97000,1.00,2.00,4.00,5.00,0.00800,0
2023-05-16 03:24:50,1684221890,14.2,35.4,97000,1.00,4.00,7.00,9.00,0.0144,0
2023-05-16 03:29:50,1684222191,14.1,35.4,97000,1e-7,1e-7,1e-7,1e-7,0.0214,0
2023-05-16 03:34:50,1684222491,14.0,35.1,97000,1.00,2.00,4.00,4.00,0.0411,0
2023-05-16 03:39:51,1684222791,13.9,35.1,97000,1e-7,2.00,3.00,4.00,0.0243,0
2023-05-16 03:44:51,1684223091,13.8,35.2,97000,1.00,2.00,4.00,5.00,0.0102,0
2023-05-16 03:49:51,1684223392,13.7,35.3,97000,1.00,2.00,4.00,4.00,0.0103,0
2023-05-16 03:54:53,1684223694,13.5,35.3,97000,1.00,3.00,6.00,7.00,0.0104,0
2023-05-16 03:59:54,1684223995,13.4,35.1,97000,1.00,3.00,6.00,7.00,0.0207,0
2023-05-16 04:04:55,1684224295,13.3,35.4,97000,1e-7,1e-7,1e-7,1e-7,0.0207,0
2023-05-16 04:09:55,1684224596,13.2,36.1,97000,2.00,3.00,4.00,5.00,0.0221,0
2023-05-16 04:14:56,1684224897,13.1,35.6,97000,1.00,2.00,4.00,5.00,0.0110,0
2023-05-16 04:19:59,1684225199,13.1,35.3,97000,1.00,3.00,6.00,7.00,0.0110,0
2023-05-16 04:24:59,1684225500,13.1,35.2,97000,1e-7,2.00,4.00,5.00,0.0106,0
2023-05-16 04:29:40,1684225781,13.1,35.4,97000,1e-7,2.00,3.00,4.00,0.0117,0
2023-05-16 04:34:41,1684226082,13.0,35.4,97000,1.00,2.00,3.00,3.00,0.00989,0
2023-05-16 04:39:42,1684226382,13.0,35.4,97000,1.00,1.00,3.00,3.00,0.0101,0
2023-05-16 04:44:43,1684226683,12.9,35.2,97000,1e-7,2.00,4.00,5.00,0.0105,0
2023-05-16 04:49:43,1684226984,12.9,35.2,97000,1.00,2.00,4.00,4.00,0.0103,0
2023-05-16 04:54:44,1684227284,12.8,35.4,97000,1.00,4.00,7.00,8.00,0.0131,0
2023-05-16 04:59:47,1684227587,12.7,35.6,97000,1.00,3.00,6.00,7.00,0.0175,0
2023-05-16 05:04:47,1684227888,12.6,35.7,97000,1.00,3.00,6.00,7.00,0.0168,0
2023-05-16 05:09:43,1684228184,12.6,35.9,97000,1e-7,2.00,3.00,4.00,0.0128,0
2023-05-16 05:14:45,1684228486,12.5,35.8,97000,1.00,3.00,4.00,5.00,0.0128,0
2023-05-16 05:19:46,1684228786,12.5,36.1,97000,1e-7,2.00,4.00,4.00,0.0122,0
2023-05-16 05:24:47,1684229087,12.5,35.8,97000,1e-7,2.00,4.00,5.00,0.0110,0
2023-05-16 05:29:47,1684229388,12.5,35.7,96907,1e-7,2.00,4.00,5.00,0.0105,0
2023-05-16 05:34:30,1684229671,12.5,35.6,96907,1e-7,2.00,4.00,4.00,0.0103,0
2023-05-16 05:39:44,1684229984,12.5,35.8,96900,1.00,1.00,1.00,1.00,0.0107,0
2023-05-16 05:43:04,1684230185,12.6,35.8,96900,1.00,2.00,4.00,5.00,0.0101,0
2023-05-16 05:49:54,1684230595,12.6,35.7,96971,1.00,2.00,3.00,3.00,0.0104,0
2023-05-16 05:54:55,1684230896,12.7,35.5,96973,1e-7,2.00,4.00,5.00,0.0107,0
2023-05-16 05:59:56,1684231196,12.7,35.5,96900,1e-7,2.00,4.00,5.00,0.0103,0
2023-05-16 06:04:41,1684231482,12.8,35.7,96900,2.00,2.00,4.00,4.00,0.00995,0
2023-05-16 06:09:42,1684231783,12.9,35.8,96900,1.00,2.00,4.00,4.00,0.0102,0
2023-05-16 06:10:02,1684231803,12.9,35.5,96900,1e-7,2.00,4.00,4.00,0.00975,0
2023-05-16 11:08:42,1684249723,15.9,28.3,96800,1e-7,1e-7,1e-7,1e-7,,
2023-05-16 11:44:50,1684251890,14.3,29.4,96800,1e-7,1e-7,1e-7,1e-7,,
2023-05-16 11:47:10,1684252030,14.2,29.6,96800,1e-7,4.00,8.00,9.00,,
2023-05-16 11:57:16,1684252636,13.4,31.2,96800,1.00,2.00,3.00,3.00,,
2023-05-16 12:09:56,1684253396,12.9,32.7,96800,1.00,1.00,2.00,2.00,,
2023-05-16 12:14:56,1684253696,12.8,33.3,96800,1.00,2.00,3.00,4.00,,
2023-05-16 12:19:54,1684253994,12.7,33.8,96800,1.00,4.00,7.00,9.00,0.0129,0
2023-05-16 12:24:44,1684254284,12.6,33.7,96800,1e-7,2.00,4.00,4.00,0.0158,0
2023-05-16 12:29:44,1684254585,12.5,34.4,96800,1e-7,2.00,4.00,4.00,0.0187,0
2023-05-16 12:34:46,1684254887,12.4,34.6,96740,1e-7,2.00,3.00,4.00,0.0132,0
2023-05-16 12:36:46,1684255007,12.3,34.6,96700,1e-7,1e-7,1e-7,1e-7,0.00995,0
2023-05-16 13:32:51,1684258372,12.6,35.4,96700,1e-7,1.00,2.00,2.00,,
2023-05-16 13:39:46,1684258786,12.6,35.5,96700,1e-7,1e-7,1e-7,1e-7,,
2023-05-16 13:40:06,1684258806,12.6,35.6,96700,1e-7,1e-7,1e-7,1e-7,,
2023-05-16 14:29:41,1684261782,13.3,35.4,96600,1.00,2.00,4.00,5.00,,
2023-05-16 14:33:21,1684262002,13.3,35.3,96600,1.00,2.00,3.00,3.00,,
2023-05-16 14:39:48,1684262388,13.2,34.3,96600,1e-7,2.00,4.00,4.00,,
2023-05-16 14:44:49,1684262689,13.2,33.7,96600,3.00,5.00,7.00,8.00,0.0117,0
2023-05-16 14:49:49,1684262990,13.1,33.4,96600,1.00,2.00,4.00,4.00,0.0194,0
2023-05-16 14:54:50,1684263291,13.1,33.5,96600,2.00,2.00,4.00,4.00,0.0192,0
2023-05-16 14:59:51,1684263592,13.2,33.7,96640,1e-7,2.00,3.00,3.00,0.0131,0
2023-05-16 15:04:52,1684263893,13.2,33.3,96700,1e-7,2.00,4.00,4.00,0.00995,0
2023-05-16 15:09:53,1684264194,13.2,32.9,96693,1e-7,2.00,3.00,3.00,0.00995,0
2023-05-16 15:14:54,1684264494,13.2,32.8,96700,1.00,5.00,8.00,10.0,0.0121,0
2023-05-16 15:19:55,1684264795,13.2,32.0,96700,1.00,4.00,6.00,7.00,0.0467,0
2023-05-16 15:24:54,1684265095,13.1,31.7,96700,1.00,2.00,4.00,4.00,0.0503,0
2023-05-16 15:29:55,1684265395,13.1,31.3,96700,1.00,2.00,4.00,5.00,0.0503,0
2023-05-16 15:34:57,1684265698,13.0,30.9,96700,1.00,4.00,6.00,7.00,0.0119,0
2023-05-16 15:39:58,1684265998,12.7,30.6,96700,2.00,4.00,7.00,8.00,0.0170,0
2023-05-16 15:44:41,1684266281,12.4,30.8,96700,1e-7,1.00,3.00,3.00,0.0170,0
2023-05-16 15:49:42,1684266582,12.2,31.0,96700,1e-7,2.00,4.00,4.00,0.0206,0
2023-05-16 15:54:43,1684266883,12.1,31.6,96700,1e-7,2.00,4.00,5.00,0.0158,0
2023-05-16 15:58:04,1684267084,12.0,31.8,96700,1e-7,2.00,4.00,4.00,0.0101,0
2023-05-16 16:34:41,1684269281,12.8,29.0,96700,1e-7,2.00,3.00,3.00,,
2023-05-16 16:38:01,1684269482,12.8,28.8,96700,2.00,2.00,3.00,4.00,,
2023-05-16 16:54:49,1684270490,12.9,28.8,96700,1e-7,1.00,1.00,2.00,,
2023-05-16 16:59:50,1684270790,12.9,29.2,96700,1e-7,2.00,4.00,5.00,0.00995,0
2023-05-16 17:00:10,1684270811,12.9,29.7,96700,1e-7,1e-7,1e-7,1e-7,0.00995,0
2023-05-16 17:09:47,1684271388,13.1,27.9,96700,1.00,3.00,6.00,7.00,0.00995,0
2023-05-16 17:11:27,1684271487,13.2,28.0,96700,1.00,2.00,3.00,3.00,0.0129,0
2023-05-16 17:19:46,1684271986,13.2,26.6,96700,2.00,4.00,5.00,6.00,0.0190,0
2023-05-16 17:24:48,1684272288,13.2,27.2,96700,1.00,3.00,4.00,4.00,0.0199,0
2023-05-16 17:29:53,1684272594,13.2,27.6,96700,1.00,3.00,6.00,7.00,0.0138,0
2023-05-16 17:32:53,1684272773,13.2,27.5,96700,1.00,3.00,6.00,7.00,0.0117,0
2023-05-16 17:43:58,1684273439,13.3,27.4,96700,3.00,5.00,7.00,8.00,0.0277,0
2023-05-16 17:49:45,1684273785,13.2,26.8,96700,1.00,4.00,7.00,9.00,0.0348,0
2023-05-16 17:54:45,1684274086,13.1,27.4,96700,1.00,2.00,4.00,4.00,0.0348,0
2023-05-16 17:59:46,1684274387,12.9,27.2,96700,1.00,4.00,7.00,8.00,0.0278,0
2023-05-16 18:04:47,1684274688,12.8,27.2,96700,1.00,7.00,11.0,14.0,0.0178,0
2023-05-16 18:09:48,1684274989,12.8,27.0,96700,1.00,2.00,4.00,5.00,0.0202,0
2023-05-16 18:14:49,1684275290,12.8,26.8,96700,2.00,4.00,6.00,7.00,0.0243,0
2023-05-16 18:19:51,1684275591,12.7,26.9,96700,1.00,3.00,6.00,7.00,0.0182,0
2023-05-16 18:24:53,1684275893,12.6,26.8,96700,1.00,3.00,4.00,5.00,0.0133,0
2023-05-16 18:29:54,1684276195,12.6,27.6,96700,2.00,3.00,4.00,5.00,0.0121,0
2023-05-16 18:34:55,1684276496,12.7,27.6,96700,2.00,3.00,6.00,7.00,0.0130,0
2023-05-16 18:39:57,1684276798,12.6,26.9,96700,1.00,3.00,5.00,6.00,0.0173,0
2023-05-16 18:44:58,1684277098,12.5,27.2,96700,1.00,3.00,6.00,7.00,0.0140,0
2023-05-16 18:49:37,1684277378,12.4,27.0,96700,1e-7,2.00,4.00,5.00,0.0140,0
2023-05-16 19:54:58,1684281299,9.98,27.4,96800,1.00,2.00,3.00,4.00,,
2023-05-16 19:59:59,1684281600,9.87,27.3,96800,1.00,3.00,6.00,7.00,,
2023-05-16 20:04:41,1684281881,9.68,26.7,96800,1e-7,2.00,4.00,5.00,,
2023-05-16 20:09:43,1684282183,9.51,27.2,96800,2.00,2.00,3.00,3.00,0.0122,0
2023-05-16 20:14:52,1684282492,9.28,27.6,96800,1.00,5.00,8.00,10.0,0.0197,0
2023-05-16 20:19:53,1684282794,9.06,27.5,96800,1e-7,1e-7,1e-7,1e-7,0.0241,0
2023-05-16 20:24:55,1684283096,8.85,27.7,96800,1e-7,2.00,4.00,4.00,0.0241,0
2023-05-16 20:29:40,1684283381,8.64,28.1,96800,1e-7,1e-7,1e-7,1e-7,0.0108,0
2023-05-16 20:34:44,1684283684,8.42,27.9,96800,1.00,3.00,6.00,7.00,0.00995,0
2023-05-16 20:39:46,1684283986,8.21,28.2,96800,1e-7,1e-7,1e-7,1e-7,0.0110,0
2023-05-16 20:44:48,1684284288,8.01,28.6,96800,1.00,3.00,5.00,7.00,0.0111,0
2023-05-16 20:49:52,1684284593,7.81,28.7,96800,1e-7,2.00,4.00,4.00,0.0111,0
2023-05-16 20:54:55,1684284895,7.60,29.1,96880,1e-7,2.00,4.00,4.00,0.00995,0
2023-05-16 20:59:57,1684285197,7.41,28.9,96880,1e-7,2.00,3.00,3.00,0.00995,0
2023-05-16 21:04:59,1684285500,7.21,28.9,96900,1e-7,1e-7,1e-7,1e-7,0.00995,0
2023-05-16 21:09:43,1684285783,7.02,29.7,96900,1e-7,2.00,4.00,4.00,0.00995,0
2023-05-16 21:14:45,1684286086,6.84,29.9,96900,1e-7,2.00,4.00,5.00,0.0100,0
2023-05-16 21:19:48,1684286388,6.65,29.9,96900,1e-7,1e-7,1e-7,1e-7,0.0101,0
2023-05-16 21:24:51,1684286691,6.50,30.4,96900,1e-7,2.00,4.00,4.00,0.0101,0
2023-05-16 21:29:53,1684286994,6.36,30.7,96900,1e-7,2.00,4.00,5.00,0.0100,0
2023-05-16 21:34:56,1684287297,6.23,30.5,96900,1.00,1.00,1.00,1.00,0.0102,0
2023-05-16 21:39:59,1684287600,6.11,30.6,96900,1e-7,1e-7,1e-7,1e-7,0.0102,0
2023-05-16 21:44:42,1684287882,5.98,30.8,96900,2.00,2.00,2.00,2.00,0.0102,0
2023-05-16 21:49:44,1684288185,5.86,31.2,96900,1e-7,2.00,4.00,5.00,0.00995,0
2023-05-16 21:54:47,1684288487,5.71,31.5,96900,1.00,7.00,12.0,14.0,0.0171,0
2023-05-16 21:59:50,1684288790,5.54,31.6,96900,1e-7,1e-7,1e-7,1e-7,0.0171,0
2023-05-16 22:04:54,1684289094,5.41,31.9,96900,1e-7,1e-7,1e-7,1e-7,0.0171,0
2023-05-16 22:09:59,1684289399,5.28,31.9,96900,1e-7,2.00,3.00,4.00,0.0143,0
2023-05-16 22:14:43,1684289683,5.16,32.1,96900,1.00,3.00,6.00,7.00,0.0114,0
2023-05-16 22:19:46,1684289987,5.05,32.5,96900,1e-7,1e-7,1e-7,1e-7,0.0114,0
2023-05-16 22:24:50,1684290291,4.95,32.6,96900,1.00,1.00,1.00,1.00,0.0107,0
2023-05-16 22:29:53,1684290594,4.85,32.8,96900,1e-7,2.00,3.00,3.00,0.00995,0
2023-05-16 22:34:59,1684290899,4.78,33.2,96900,1e-7,2.00,3.00,4.00,0.00995,0
2023-05-16 22:39:42,1684291182,4.75,33.4,96900,2.00,3.00,4.00,4.00,0.00995,0
2023-05-16 22:44:50,1684291490,4.80,33.6,96900,1.00,3.00,6.00,7.00,0.0115,0
2023-05-16 22:49:53,1684291793,4.91,33.5,96940,4.00,5.00,5.00,5.00,0.0165,0
2023-05-16 22:54:56,1684292096,5.01,33.6,97000,1e-7,2.00,4.00,5.00,0.0165,0
2023-05-16 22:59:59,1684292399,5.11,33.9,97000,1e-7,2.00,4.00,4.00,0.0139,0
2023-05-16 23:04:41,1684292682,5.23,34.2,97000,1e-7,2.00,4.00,5.00,0.0114,0
2023-05-16 23:09:45,1684292985,5.37,34.4,97000,1.00,2.00,4.00,4.00,0.0111,0
2023-05-16 23:14:50,1684293290,5.49,34.0,97000,1e-7,2.00,3.00,4.00,0.0111,0
2023-05-16 23:19:53,1684293594,5.57,33.9,97000,1.00,5.00,9.00,11.0,0.0111,0
2023-05-16 23:24:56,1684293897,5.62,33.6,97000,4.00,4.00,4.00,4.00,0.0190,0
2023-05-16 23:29:59,1684294199,5.61,33.1,97000,1e-7,2.00,4.00,5.00,0.0152,0
2023-05-16 23:34:42,1684294482,5.65,32.4,97000,1.00,3.00,6.00,7.00,0.0127,0
2023-05-16 23:39:42,1684294783,5.68,32.2,97000,1e-7,2.00,4.00,4.00,0.0115,0
2023-05-16 23:44:46,1684295087,5.75,32.0,97000,1.00,2.00,4.00,5.00,0.0129,0
2023-05-16 23:49:49,1684295390,5.74,31.9,97000,2.00,12.0,20.0,24.0,0.0140,0
2023-05-16 23:54:49,1684295690,5.69,31.6,97000,1.00,2.00,3.00,3.00,0.0311,0
2023-05-16 23:59:53,1684295994,5.64,31.7,97000,1e-7,2.00,4.00,5.00,0.0331,0
2023-05-17 00:04:56,1684296297,5.57,31.7,97000,1.00,2.00,4.00,4.00,0.0216,0
2023-05-17 00:09:40,1684296580,5.46,31.6,97000,1e-7,2.00,4.00,5.00,0.0100,0
2023-05-17 00:14:43,1684296883,5.37,31.8,97000,1.00,3.00,5.00,6.00,0.0110,0
2023-05-17 00:19:46,1684297186,5.30,31.7,97000,1e-7,2.00,4.00,4.00,0.0110,0
2023-05-17 00:24:49,1684297490,5.24,31.7,97040,1.00,2.00,3.00,4.00,0.0110,0
2023-05-17 00:29:54,1684297794,5.18,31.9,97067,1e-7,2.00,4.00,4.00,0.00995,0
2023-05-17 00:34:56,1684298097,5.12,31.6,97100,1.00,5.00,9.00,11.0,0.0110,0
2023-05-17 00:39:39,1684298380,5.10,31.7,97021,1.00,2.00,4.00,4.00,0.0247,0
2023-05-17 00:44:43,1684298683,5.06,31.2,97093,1.00,3.00,6.00,7.00,0.0174,0
2023-05-17 00:49:25,1684298966,5.02,30.9,97100,1.00,4.00,6.00,7.00,0.0125,0
2023-05-17 00:54:49,1684299290,5.04,30.3,97100,1.00,3.00,4.00,4.00,0.0100,0
2023-05-17 00:59:49,1684299589,5.09,30.3,97100,1.00,4.00,7.00,9.00,0.0124,0
2023-05-17 01:04:49,1684299890,5.12,30.3,97100,1e-7,2.00,4.00,5.00,0.0124,0
2023-05-17 01:09:50,1684300190,5.06,30.2,97100,1.00,2.00,4.00,5.00,0.0153,0
2023-05-17 01:14:53,1684300494,5.01,30.3,97100,1e-7,2.00,4.00,4.00,0.0157,0
2023-05-17 01:19:57,1684300797,4.96,30.2,97100,1.00,4.00,7.00,9.00,0.0139,0
2023-05-17 01:24:39,1684301080,4.95,30.1,97100,1.00,2.00,3.00,3.00,0.0170,0
2023-05-17 01:29:43,1684301383,4.98,30.1,97100,1.00,3.00,5.00,6.00,0.0158,0
2023-05-17 01:34:47,1684301687,4.96,30.0,97100,1e-7,2.00,3.00,4.00,0.0123,0
2023-05-17 01:39:50,1684301990,4.94,30.3,97100,1e-7,2.00,3.00,4.00,0.0116,0
2023-05-17 01:44:57,1684302297,4.93,30.0,97100,1.00,4.00,8.00,9.00,0.0183,0
2023-05-17 01:49:40,1684302580,4.91,29.6,97100,1.00,2.00,3.00,3.00,0.0183,0
2023-05-17 01:54:43,1684302883,4.92,29.5,97100,1e-7,2.00,3.00,4.00,0.0194,0
2023-05-17 01:59:46,1684303186,4.93,29.6,97100,1e-7,2.00,4.00,5.00,0.0143,0
2023-05-17 02:04:49,1684303490,4.87,29.8,97100,1.00,2.00,4.00,5.00,0.0109,0
2023-05-17 02:09:52,1684303793,4.85,29.8,97100,1e-7,2.00,4.00,4.00,0.0111,0
2023-05-17 02:14:55,1684304096,4.83,29.7,97100,1e-7,2.00,4.00,5.00,0.0111,0
2023-05-17 02:19:40,1684304381,4.83,29.7,97100,1e-7,1e-7,1e-7,1e-7,0.0101,0
2023-05-17 02:24:44,1684304684,4.80,30.1,97100,1e-7,2.00,4.00,5.00,0.0101,0
2023-05-17 02:29:47,1684304987,4.72,30.2,97100,1e-7,2.00,4.00,4.00,0.0101,0
2023-05-17 02:34:50,1684305291,4.69,30.4,97100,1.00,1.00,2.00,2.00,0.0101,0
2023-05-17 02:39:53,1684305594,4.72,30.1,97100,1e-7,1e-7,1e-7,1e-7,0.00995,0
2023-05-17 02:44:56,1684305897,4.79,30.2,97100,1e-7,2.00,3.00,4.00,0.00995,0
2023-05-17 02:49:40,1684306181,4.82,30.4,97100,1e-7,2.00,3.00,3.00,0.00995,0
2023-05-17 02:54:43,1684306484,4.88,30.2,97100,1.00,1.00,3.00,3.00,0.00995,0
2023-05-17 02:59:49,1684306789,4.91,29.9,97093,1e-7,2.00,4.00,4.00,0.00995,0
2023-05-17 03:04:52,1684307092,4.91,29.9,97100,1e-7,2.00,4.00,4.00,0.00995,0
2023-05-17 03:09:55,1684307395,4.89,30.2,97100,3.00,16.0,27.0,32.0,0.0493,0
2023-05-17 03:14:58,1684307699,4.86,30.6,97100,1e-7,2.00,4.00,5.00,0.0493,0
2023-05-17 03:19:41,1684307981,4.78,31.0,97100,1.00,2.00,2.00,2.00,0.0480,0
2023-05-17 03:24:44,1684308284,4.69,31.1,97100,1e-7,2.00,4.00,5.00,0.0101,0
2023-05-17 03:29:47,1684308588,4.62,30.9,97100,1.00,2.00,3.00,4.00,0.0101,0
2023-05-17 03:34:50,1684308890,4.61,30.9,97100,1e-7,2.00,3.00,3.00,0.0100,0
2023-05-17 03:39:53,1684309193,4.64,31.3,97100,1e-7,1e-7,1e-7,1e-7,0.00995,0
2023-05-17 03:44:56,1684309496,4.62,31.1,97100,1.00,4.00,6.00,7.00,0.0116,0
2023-05-17 03:49:59,1684309800,4.63,31.4,97100,1e-7,2.00,4.00,4.00,0.0116,0
2023-05-17 03:54:42,1684310083,4.64,31.3,97100,1e-7,2.00,4.00,4.00,0.0108,0
2023-05-17 03:59:46,1684310387,4.68,31.1,97100,1e-7,2.00,3.00,3.00,0.0108,0
2023-05-17 04:04:49,1684310690,4.72,31.1,97100,1e-7,2.00,3.00,3.00,0.00995,0
2023-05-17 04:09:53,1684310993,4.78,31.3,97100,1.00,4.00,6.00,7.00,0.0124,0
2023-05-17 04:14:40,1684311280,4.83,31.4,97100,1.00,2.00,4.00,5.00,0.0125,0
2023-05-17 04:19:52,1684311592,4.84,31.5,97100,1e-7,2.00,4.00,4.00,0.0117,0
2023-05-17 04:24:55,1684311895,4.88,31.5,97147,1e-7,1e-7,1e-7,1e-7,0.0108,0
2023-05-17 04:29:38,1684312178,4.91,31.2,97200,1.00,3.00,6.00,7.00,0.0107,0
2023-05-17 04:34:50,1684312490,4.93,31.0,97200,1.00,4.00,8.00,9.00,0.0119,0
2023-05-17 04:39:53,1684312793,4.96,30.9,97200,1e-7,2.00,3.00,4.00,0.0106,0
2023-05-17 04:44:56,1684313096,4.98,30.8,97200,1.00,4.00,6.00,7.00,0.0110,0
2023-05-17 04:49:42,1684313383,5.01,30.8,97200,1.00,3.00,6.00,7.00,0.0130,0
2023-05-17 04:54:45,1684313686,5.00,31.0,97200,1e-7,1.00,3.00,3.00,0.0130,0
2023-05-17 04:59:50,1684313990,4.97,31.0,97200,1e-7,1.00,3.00,3.00,0.0130,0
2023-05-17 05:04:50,1684314291,4.97,31.1,97200,1e-7,2.00,4.00,5.00,0.0107,0
2023-05-17 05:09:54,1684314594,4.97,31.1,97200,1.00,1.00,1.00,1.00,0.0101,0
2023-05-17 05:14:57,1684314898,4.95,31.1,97200,2.00,2.00,3.00,4.00,0.0101,0
2023-05-17 05:19:40,1684315180,4.95,31.0,97200,1e-7,2.00,4.00,4.00,0.0101,0
2023-05-17 05:24:47,1684315488,4.94,31.0,97200,1e-7,2.00,4.00,5.00,0.0101,0
2023-05-17 05:29:50,1684315791,4.93,31.0,97200,1.00,2.00,4.00,5.00,0.0105,0
2023-05-17 05:34:33,1684316074,4.92,30.9,97200,2.00,2.00,3.00,4.00,0.0105,0
2023-05-17 11:14:57,1684336497,15.3,18.2,97500,1e-7,2.00,3.00,3.00,,
2023-05-17 11:19:09,1684336750,15.7,18.2,97500,1e-7,2.00,3.00,4.00,,
2023-05-17 11:34:53,1684337694,15.2,18.5,97500,1e-7,2.00,4.00,4.00,,
2023-05-17 11:36:53,1684337814,14.3,19.5,97500,1e-7,2.00,4.00,5.00,,
2023-05-17 11:49:47,1684338588,12.0,22.9,97500,1e-7,2.00,4.00,4.00,0.00995,0
2023-05-17 11:53:07,1684338788,12.6,22.9,97500,1e-7,2.00,4.00,4.00,0.0101,0
2023-05-17 12:09:55,1684339795,15.3,20.2,97500,1e-7,2.00,4.00,4.00,0.00995,0
2023-05-17 12:11:14,1684339875,15.8,20.5,97500,1e-7,1e-7,1e-7,1e-7,0.00995,0
2023-05-17 12:19:53,1684340394,14.4,19.8,97500,1e-7,2.00,3.00,4.00,0.00995,0
2023-05-17 12:24:53,1684340694,14.7,20.3,97500,1.00,2.00,4.00,5.00,0.0101,0
2023-05-17 12:29:33,1684340973,15.9,19.8,97500,1e-7,2.00,3.00,4.00,0.0101,0
2023-05-17 12:39:57,1684341598,17.6,18.2,97500,1e-7,2.00,4.00,5.00,0.0102,0
2023-05-17 12:44:57,1684341897,17.5,17.5,97500,1e-7,4.00,7.00,9.00,0.0114,0
2023-05-17 12:49:57,1684342198,16.0,18.3,97600,1.00,6.00,11.0,13.0,0.0206,0
2023-05-17 12:54:57,1684342498,13.9,19.4,97600,1e-7,2.00,4.00,4.00,0.0191,0
2023-05-17 12:59:58,1684342799,12.7,21.4,97600,1e-7,1e-7,1e-7,1e-7,0.0191,0
2023-05-17 13:02:38,1684342959,13.2,22.7,97600,1e-7,1e-7,1e-7,1e-7,0.0147,0
2023-05-17 13:19:42,1684343982,17.9,16.9,97500,1e-7,1e-7,1e-7,1e-7,,
2023-05-17 13:24:42,1684344283,18.3,16.4,97500,1e-7,2.00,3.00,4.00,,
2023-05-17 13:29:41,1684344581,19.1,16.6,97500,1e-7,2.00,4.00,5.00,,
2023-05-17 13:34:40,1684344881,19.2,16.2,97500,1e-7,2.00,4.00,4.00,,
2023-05-17 13:37:00,1684345020,19.4,16.7,97500,1e-7,2.00,3.00,3.00,0.0102,0
2023-05-17 13:49:51,1684345791,20.0,15.1,97564,3.00,9.00,15.0,17.0,0.0287,0
2023-05-17 13:54:11,1684346051,18.8,14.9,97600,1e-7,2.00,4.00,4.00,0.0366,0
2023-05-17 14:04:54,1684346695,15.9,18.0,97600,1e-7,1e-7,1e-7,1e-7,0.0473,0
2023-05-17 14:09:54,1684346994,16.7,17.8,97600,1.00,4.00,6.00,7.00,0.0473,0
2023-05-17 14:11:34,1684347094,17.2,17.3,97500,1.00,6.00,10.0,12.0,0.0124,0
2023-05-17 14:24:57,1684347898,17.8,17.0,97593,1.00,2.00,4.00,5.00,0.0260,0
2023-05-17 14:28:37,1684348117,16.6,17.8,97600,1e-7,1e-7,1e-7,1e-7,0.0260,0
2023-05-17 14:39:54,1684348794,16.5,19.0,97557,1e-7,1e-7,1e-7,1e-7,0.0280,0
2023-05-17 14:44:53,1684349094,16.7,17.8,97513,1e-7,2.00,4.00,5.00,0.0179,0
2023-05-17 14:45:53,1684349154,16.6,17.7,97500,1e-7,1e-7,1e-7,1e-7,0.0102,0
2023-05-17 14:54:43,1684349683,15.9,17.3,97588,1e-7,1.00,3.00,3.00,0.0103,0
2023-05-17 14:59:44,1684349985,15.3,17.2,97600,1e-7,1e-7,1e-7,1e-7,0.0103,0
2023-05-17 15:03:05,1684350186,14.7,17.5,97600,1e-7,2.00,3.00,4.00,0.0103,0
2023-05-17 15:09:50,1684350590,13.9,17.7,97600,1e-7,1e-7,1e-7,1e-7,0.0100,0
2023-05-17 15:14:49,1684350889,13.9,18.0,97600,1.00,2.00,4.00,4.00,0.0100,0
2023-05-17 15:19:49,1684351190,13.7,18.4,97600,1e-7,1e-7,1e-7,1e-7,0.00995,0
2023-05-17 15:20:09,1684351210,13.5,19.0,97600,1e-7,1e-7,1e-7,1e-7,0.00995,0
2023-05-17 15:29:42,1684351783,13.7,19.3,97600,1e-7,1e-7,1e-7,1e-7,0.00995,0
2023-05-17 15:34:43,1684352083,13.8,18.9,97600,1e-7,2.00,3.00,4.00,0.00995,0
2023-05-17 15:39:43,1684352384,13.7,18.5,97600,1.00,2.00,4.00,4.00,0.00995,0
2023-05-17 15:44:44,1684352685,13.6,18.4,97600,1e-7,2.00,3.00,4.00,0.00995,0
2023-05-17 15:49:45,1684352985,13.7,17.7,97600,1e-7,2.00,3.00,3.00,0.00995,0
2023-05-17 15:54:46,1684353287,13.6,17.8,97600,1e-7,1.00,3.00,3.00,0.00995,0
2023-05-17 16:14:06,1684354446,14.3,19.0,97600,1e-7,2.00,3.00,3.00,,
2023-05-17 16:19:51,1684354791,14.3,18.7,97600,1.00,6.00,9.00,11.0,,
2023-05-17 16:24:44,1684355084,14.1,18.4,97600,1e-7,2.00,3.00,3.00,,
2023-05-17 16:29:37,1684355377,13.7,17.8,97600,1.00,2.00,4.00,5.00,0.00905,0
2023-05-17 16:34:51,1684355691,13.1,18.0,97700,1e-7,1e-7,1e-7,1e-7,0.0103,0
2023-05-17 16:36:01,1684355761,12.7,18.7,97700,1e-7,2.00,3.00,3.00,0.00989,0
2023-05-17 16:46:31,1684356391,11.3,21.1,97700,1e-7,1e-7,1e-7,1e-7,0.00989,0
2023-05-17 16:54:50,1684356890,10.9,22.2,97700,1e-7,1e-7,1e-7,1e-7,0.0103,0
2023-05-17 16:59:53,1684357194,11.0,23.3,97747,1e-7,2.00,4.00,5.00,0.0103,0
2023-05-17 17:04:55,1684357495,11.0,23.6,97700,1e-7,1e-7,1e-7,1e-7,0.0103,0
2023-05-17 17:09:58,1684357798,10.9,23.6,97700,1.00,1.00,2.00,2.00,0.0103,0
2023-05-17 17:14:39,1684358079,11.0,23.1,97707,1e-7,1e-7,1e-7,1e-7,0.0103,0
2023-05-17 17:19:38,1684358378,11.1,23.0,97800,1e-7,2.00,4.00,4.00,0.00995,0
2023-05-17 17:20:36,1684358436,11.1,23.0,97800,1e-7,2.00,3.00,3.00,0.00995,0
2023-05-17 17:29:19,1684358959,10.9,23.0,97800,1e-7,1e-7,1e-7,1e-7,0.00995,0
2023-05-17 17:34:47,1684359287,10.8,23.1,97800,1e-7,1.00,3.00,3.00,0.00995,0
2023-05-17 17:39:42,1684359582,10.5,22.8,97800,1e-7,1.00,3.00,3.00,0.00995,0
2023-05-17 17:44:51,1684359892,10.3,22.8,97800,1e-7,1e-7,1e-7,1e-7,0.00995,0
2023-05-17 17:49:55,1684360196,10.0,23.0,97800,1e-7,1e-7,1.00,1.00,0.00995,0
2023-05-17 17:54:57,1684360498,9.83,22.9,97800,1e-7,2.00,4.00,5.00,0.00995,0
2023-05-17 17:59:18,1684360759,9.69,23.0,97800,1e-7,2.00,4.00,4.00,0.0102,0
2023-05-17 18:04:49,1684361090,9.63,23.1,97800,1e-7,2.00,3.00,4.00,0.0101,0
2023-05-17 18:09:44,1684361384,9.55,23.2,97800,3.00,4.00,5.00,5.00,0.0107,0
2023-05-17 18:13:49,1684361630,9.43,23.4,97800,1.00,2.00,4.00,4.00,0.0117,0
2023-05-17 18:19:58,1684361998,9.37,23.7,97800,1e-7,1e-7,1e-7,1e-7,0.0117,0
2023-05-17 18:24:40,1684362280,9.34,24.0,97800,1e-7,2.00,3.00,3.00,0.0122,0
2023-05-17 18:29:48,1684362589,9.37,24.3,97881,1e-7,1e-7,1e-7,1e-7,0.0126,0
2023-05-17 18:31:15,1684362676,9.36,25.4,97900,1e-7,1e-7,1e-7,1e-7,0.00995,0
2023-05-17 18:39:41,1684363182,9.10,26.2,97900,1e-7,1e-7,1e-7,1e-7,0.00995,0
2023-05-17 18:42:43,1684363364,8.81,26.3,97886,1e-7,1e-7,1e-7,1e-7,0.00995,0
2023-05-17 18:49:42,1684363782,8.36,26.1,97900,1e-7,2.00,3.00,3.00,0.00995,0
2023-05-17 18:54:45,1684364085,8.14,26.2,97900,1e-7,1e-7,1e-7,1e-7,0.00995,0
2023-05-17 18:59:49,1684364390,7.95,26.6,97900,1e-7,1e-7,1e-7,1e-7,0.00995,0
2023-05-17 19:04:52,1684364693,7.77,26.7,97900,1e-7,1e-7,1e-7,1e-7,0.00995,0
2023-05-17 19:09:56,1684364996,7.63,27.2,97900,1e-7,1e-7,1e-7,1e-7,0.00995,0
2023-05-17 19:14:58,1684365298,7.53,27.1,97900,1e-7,2.00,4.00,5.00,0.0100,0
2023-05-17 19:19:47,1684365587,7.46,27.2,97900,1e-7,1e-7,1e-7,1e-7,0.0100,0
2023-05-17 19:24:51,1684365892,7.43,26.9,97900,1e-7,1e-7,1e-7,1e-7,0.0100,0
2023-05-17 19:29:59,1684366199,7.36,27.3,97900,1e-7,1e-7,1e-7,1e-7,0.0100,0
2023-05-17 19:34:56,1684366497,7.31,27.3,97900,1e-7,1e-7,1e-7,1e-7,0.00995,0
2023-05-17 19:39:46,1684366787,7.26,27.3,97900,1e-7,1e-7,1e-7,1e-7,0.00995,0
2023-05-17 19:44:43,1684367084,7.24,28.8,97956,3.00,14.0,23.0,28.0,0.0329,0
2023-05-17 19:49:48,1684367389,7.10,29.3,98000,1e-7,2.00,4.00,4.00,0.0370,0
2023-05-17 19:54:47,1684367687,6.79,29.4,98000,1e-7,1e-7,1e-7,1e-7,0.0370,0
2023-05-17 19:59:49,1684367990,6.57,31.0,98000,1e-7,2.00,4.00,4.00,0.0370,0
2023-05-17 20:04:52,1684368293,6.35,30.5,98000,1e-7,1e-7,1e-7,1e-7,0.00995,0
2023-05-17 20:09:57,1684368597,6.12,31.2,98000,1e-7,1e-7,1e-7,1e-7,0.00995,0
2023-05-17 20:14:40,1684368880,5.88,31.5,98000,1e-7,1e-7,1e-7,1e-7,0.00995,0
2023-05-17 20:19:42,1684369183,5.64,31.8,98000,1e-7,1e-7,1e-7,1e-7,0.00995,0
2023-05-17 20:24:47,1684369488,5.40,32.1,98000,1e-7,1e-7,1e-7,1e-7,0.00995,0
2023-05-17 20:29:50,1684369791,5.20,32.2,98000,1e-7,1e-7,1e-7,1e-7,0.00995,0
2023-05-17 20:34:51,1684370091,5.00,32.9,98000,1e-7,1e-7,1e-7,1e-7,0.00995,0
2023-05-17 20:39:54,1684370395,4.83,33.0,98000,1e-7,1e-7,1e-7,1e-7,0.00995,0
2023-05-17 20:44:45,1684370686,4.69,33.3,98000,1e-7,1e-7,1e-7,1e-7,0.00995,0
2023-05-17 20:49:46,1684370986,4.57,33.4,98000,1e-7,2.00,4.00,5.00,0.0100,0
2023-05-17 20:54:49,1684371290,4.42,33.4,98050,1e-7,1e-7,1e-7,1e-7,0.0100,0
2023-05-17 20:59:53,1684371593,4.29,33.6,98100,1.00,1.00,1.00,1.00,0.0101,0
2023-05-17 21:04:57,1684371897,4.19,33.4,98100,1e-7,1e-7,1e-7,1e-7,0.0101,0
2023-05-17 21:09:40,1684372180,4.07,33.2,98100,1e-7,1e-7,1e-7,1e-7,0.0101,0
2023-05-17 21:14:43,1684372484,3.96,33.4,98100,1e-7,1e-7,1e-7,1e-7,0.00995,0
2023-05-17 21:19:44,1684372784,3.88,33.5,98100,1e-7,1e-7,1e-7,1e-7,0.00995,0
2023-05-17 21:24:47,1684373088,3.78,33.8,98100,1e-7,1e-7,1e-7,1e-7,0.00995,0
2023-05-17 21:29:49,1684373390,3.70,33.4,98100,1e-7,1e-7,1e-7,1e-7,0.00995,0
2023-05-17 21:34:54,1684373694,3.63,33.4,98100,1e-7,1e-7,1e-7,1e-7,0.00995,0
2023-05-17 21:39:58,1684373999,3.54,33.5,98100,1e-7,1e-7,1e-7,1e-7,,
2023-05-17 21:44:41,1684374282,3.47,33.5,98100,1e-7,1e-7,1e-7,1e-7,0.00995,0
2023-05-17 21:49:45,1684374585,3.40,33.6,98127,1e-7,1e-7,1e-7,1e-7,0.00995,0
2023-05-17 21:54:48,1684374889,3.34,33.8,98187,1e-7,1e-7,1e-7,1e-7,0.00995,0
2023-05-17 21:59:50,1684375191,3.32,34.0,98200,1e-7,2.00,4.00,4.00,0.00995,0
2023-05-17 22:04:48,1684375488,3.35,34.0,98200,1e-7,1e-7,1e-7,1e-7,0.00995,0
2023-05-17 22:09:48,1684375789,3.42,34.0,98200,1e-7,1e-7,1e-7,1e-7,0.00995,0
2023-05-17 22:14:53,1684376093,3.51,34.0,98200,1.00,1.00,1.00,1.00,0.00995,0
2023-05-17 22:19:57,1684376397,3.55,33.9,98200,1e-7,1e-7,1e-7,1e-7,0.00995,0
2023-05-17 22:24:40,1684376680,3.59,34.0,98200,1e-7,1e-7,1e-7,1e-7,0.00995,0
2023-05-17 22:29:43,1684376984,3.65,34.3,98200,1e-7,1e-7,1e-7,1e-7,0.00995,0
2023-05-17 22:34:47,1684377288,3.71,34.1,98200,1e-7,1e-7,1e-7,1e-7,0.00995,0
2023-05-17 22:39:51,1684377591,3.73,34.3,98200,1e-7,1e-7,1e-7,1e-7,0.00995,0
2023-05-17 22:44:55,1684377896,3.69,34.5,98200,1e-7,1e-7,1e-7,1e-7,0.00995,0
2023-05-17 22:49:59,1684378199,3.64,34.5,98200,1e-7,1e-7,1e-7,1e-7,0.00995,0
2023-05-17 22:54:42,1684378483,3.58,34.6,98200,1e-7,1e-7,1e-7,1e-7,0.00995,0
2023-05-17 22:59:46,1684378786,3.51,34.7,98200,1e-7,1e-7,1e-7,1e-7,0.00995,0
2023-05-17 23:04:51,1684379091,3.45,35.0,98200,1e-7,1e-7,1e-7,1e-7,0.00995,0
2023-05-17 23:09:54,1684379395,3.41,35.0,98207,1e-7,1e-7,1e-7,1e-7,0.00995,0
2023-05-17 23:14:58,1684379698,3.37,34.9,98300,1e-7,1e-7,1e-7,1e-7,0.00995,0
2023-05-17 23:19:41,1684379982,3.34,34.5,98300,1e-7,1e-7,1e-7,1e-7,0.00995,0
2023-05-17 23:24:45,1684380286,3.31,34.5,98300,1e-7,1e-7,1e-7,1e-7,0.00995,0
2023-05-17 23:29:49,1684380589,3.29,34.4,98300,1e-7,2.00,3.00,3.00,0.00995,0
2023-05-17 23:34:53,1684380893,3.25,34.6,98300,1e-7,1e-7,1e-7,1e-7,0.00995,0
2023-05-17 23:39:56,1684381197,3.25,34.4,98300,1e-7,2.00,4.00,4.00,0.00995,0
2023-05-17 23:44:42,1684381482,3.21,34.0,98300,1e-7,1e-7,1e-7,1e-7,0.00995,0
2023-05-17 23:49:45,1684381786,3.15,33.9,98300,1e-7,2.00,4.00,5.00,0.0101,0
2023-05-17 23:54:49,1684382090,3.11,34.0,98300,1e-7,1e-7,1e-7,1e-7,0.0101,0
2023-05-17 23:59:53,1684382394,3.07,33.7,98300,1e-7,1.00,3.00,3.00,0.0101,0
2023-05-18 00:04:40,1684382681,3.04,33.4,98300,1e-7,1e-7,1e-7,1e-7,0.00995,0
2023-05-18 00:09:44,1684382985,3.00,33.4,98300,1e-7,2.00,4.00,4.00,0.00995,0
2023-05-18 00:14:48,1684383289,2.97,33.5,98300,1e-7,1e-7,1e-7,1e-7,0.00995,0
2023-05-18 00:19:53,1684383593,2.96,33.0,98300,1e-7,1e-7,1e-7,1e-7,0.00995,0
2023-05-18 00:24:57,1684383897,2.93,32.9,98300,1e-7,1.00,3.00,3.00,0.00995,0
2023-05-18 00:29:40,1684384181,2.91,32.9,98300,1e-7,1e-7,1e-7,1e-7,0.00995,0
2023-05-18 00:34:44,1684384484,2.88,32.8,98300,1e-7,1e-7,1e-7,1e-7,0.00995,0
2023-05-18 00:39:48,1684384788,2.85,32.8,98300,1e-7,2.00,4.00,5.00,0.0100,0
2023-05-18 00:44:51,1684385092,2.86,33.0,98300,1e-7,1e-7,1e-7,1e-7,0.0100,0
2023-05-18 00:49:55,1684385396,2.93,33.1,98300,1e-7,1e-7,1e-7,1e-7,0.0100,0
2023-05-18 00:54:59,1684385699,3.02,32.9,98300,1e-7,1e-7,1e-7,1e-7,0.00995,0
2023-05-18 00:59:42,1684385983,3.16,33.1,98300,1e-7,1e-7,1e-7,1e-7,0.00995,0
2023-05-18 01:04:47,1684386287,3.30,33.0,98300,1e-7,1e-7,1e-7,1e-7,0.00995,0
2023-05-18 01:09:50,1684386591,3.45,32.9,98300,1e-7,2.00,3.00,3.00,0.00995,0
2023-05-18 01:14:54,1684386894,3.61,33.1,98300,1e-7,1e-7,1e-7,1e-7,0.00995,0
2023-05-18 01:19:57,1684387198,3.79,32.9,98300,1e-7,1e-7,1e-7,1e-7,0.00995,0
2023-05-18 01:24:41,1684387481,3.94,32.6,98300,1e-7,1e-7,1e-7,1e-7,0.00995,0
2023-05-18 01:29:44,1684387785,4.05,32.3,98300,1e-7,1e-7,1e-7,1e-7,0.00995,0
2023-05-18 01:34:48,1684388089,4.19,32.5,98300,1e-7,1e-7,1e-7,1e-7,0.00995,0
2023-05-18 01:39:51,1684388392,4.31,32.2,98307,1e-7,1e-7,1e-7,1e-7,0.00995,0
2023-05-18 01:44:55,1684388695,4.43,32.2,98300,1e-7,1e-7,1e-7,1e-7,0.00995,0
2023-05-18 01:49:58,1684388999,4.54,32.0,98393,1e-7,1e-7,1e-7,1e-7,0.00995,0
2023-05-18 01:54:41,1684389282,4.62,32.0,98400,1e-7,1e-7,1e-7,1e-7,0.00995,0
2023-05-18 01:59:45,1684389585,4.70,31.9,98400,1e-7,1e-7,1e-7,1e-7,0.00995,0
2023-05-18 02:04:49,1684389890,4.80,31.7,98400,1e-7,1e-7,1e-7,1e-7,0.00995,0
2023-05-18 02:09:54,1684390195,4.87,31.5,98400,1e-7,1e-7,1e-7,1e-7,0.00995,0
2023-05-18 02:14:58,1684390498,4.93,31.4,98400,1e-7,1e-7,1e-7,1e-7,0.00995,0
2023-05-18 02:19:41,1684390781,4.99,31.3,98400,1e-7,1e-7,1e-7,1e-7,0.00995,0
2023-05-18 02:24:44,1684391084,5.03,31.2,98400,1e-7,2.00,4.00,4.00,0.00995,0
2023-05-18 02:29:47,1684391388,5.06,31.0,98400,1e-7,1e-7,1e-7,1e-7,0.00995,0
2023-05-18 02:34:50,1684391691,5.10,30.9,98400,1e-7,1e-7,1e-7,1e-7,0.00995,0
2023-05-18 02:39:53,1684391994,5.15,31.1,98400,1e-7,1e-7,1e-7,1e-7,0.00995,0
2023-05-18 02:44:57,1684392297,5.20,31.0,98400,1e-7,1.00,3.00,3.00,0.00995,0
2023-05-18 02:49:40,1684392580,5.22,31.1,98400,1e-7,1e-7,1e-7,1e-7,0.00995,0
2023-05-18 02:54:48,1684392888,5.23,31.2,98400,1e-7,1e-7,1e-7,1e-7,0.00995,0
2023-05-18 02:59:52,1684393192,5.24,31.1,98400,1e-7,1e-7,1e-7,1e-7,0.00995,0
2023-05-18 03:04:55,1684393495,5.27,30.9,98400,1e-7,1e-7,1e-7,1e-7,0.00995,0
2023-05-18 03:09:58,1684393798,5.29,31.0,98400,1e-7,2.00,3.00,4.00,0.00995,0
2023-05-18 03:14:41,1684394081,5.31,31.1,98400,1e-7,2.00,4.00,4.00,0.00995,0
2023-05-18 03:19:45,1684394385,5.33,30.9,98400,1e-7,1e-7,1e-7,1e-7,0.00995,0
2023-05-18 03:24:39,1684394680,5.34,30.7,98400,1e-7,1.00,3.00,3.00,0.00995,0
2023-05-18 03:29:42,1684394983,5.35,30.6,98400,1e-7,1e-7,1e-7,1e-7,0.00995,0
2023-05-18 03:34:47,1684395287,5.37,30.8,98400,1e-7,1e-7,1e-7,1e-7,0.00995,0
2023-05-18 03:39:51,1684395591,5.38,30.7,98400,1e-7,1e-7,1e-7,1e-7,0.00995,0
2023-05-18 03:44:54,1684395894,5.41,30.6,98400,1e-7,2.00,4.00,5.00,0.0101,0
2023-05-18 03:49:57,1684396197,5.42,30.5,98400,1e-7,1e-7,1e-7,1e-7,0.0101,0
2023-05-18 03:54:39,1684396480,5.44,30.2,98400,1e-7,2.00,3.00,3.00,0.0101,0
2023-05-18 03:59:42,1684396783,5.44,30.1,98400,1e-7,1e-7,1e-7,1e-7,0.0100,0
2023-05-18 04:04:46,1684397087,5.46,30.3,98400,1e-7,1e-7,1e-7,1e-7,0.00995,0
2023-05-18 04:09:49,1684397390,5.48,30.7,98400,1e-7,1e-7,1e-7,1e-7,0.00995,0
2023-05-18 04:14:52,1684397693,5.47,30.6,98400,1e-7,1e-7,1e-7,1e-7,0.00995,0
2023-05-18 04:19:58,1684397999,5.45,30.2,98400,1.00,4.00,6.00,7.00,,
2023-05-18 04:24:40,1684398281,5.47,30.3,98400,1e-7,2.00,4.00,4.00,0.0124,0
2023-05-18 04:29:43,1684398584,5.52,30.3,98400,1e-7,1e-7,1e-7,1e-7,0.0116,0
2023-05-18 04:34:46,1684398886,5.54,29.9,98433,1e-7,1e-7,1e-7,1e-7,0.0124,0
2023-05-18 04:39:29,1684399169,5.60,29.8,98457,1e-7,1e-7,1e-7,1e-7,0.00995,0
2023-05-18 04:44:49,1684399490,5.64,29.7,98500,1e-7,2.00,3.00,4.00,0.00995,0
2023-05-18 04:49:54,1684399794,5.69,29.7,98500,1e-7,1e-7,1e-7,1e-7,0.00995,0
2023-05-18 04:54:57,1684400097,5.74,29.9,98500,1e-7,1e-7,1e-7,1e-7,0.00995,0
2023-05-18 04:59:40,1684400380,5.80,29.7,98500,1e-7,2.00,4.00,5.00,0.0100,0
2023-05-18 05:04:42,1684400683,5.84,29.6,98500,1e-7,2.00,3.00,4.00,0.0102,0
2023-05-18 05:09:51,1684400991,5.87,29.4,98500,1e-7,1e-7,1e-7,1e-7,0.0102,0
2023-05-18 05:14:55,1684401295,5.90,29.5,98500,1e-7,1e-7,1e-7,1e-7,0.0102,0
2023-05-18 05:19:58,1684401598,5.87,29.8,98500,1e-7,2.00,4.00,5.00,0.0101,0
2023-05-18 05:24:40,1684401881,5.86,29.6,98500,1e-7,2.00,4.00,4.00,0.0102,0
2023-05-18 05:29:43,1684402184,5.84,29.3,98500,1e-7,2.00,3.00,4.00,0.0102,0
2023-05-18 05:34:46,1684402487,5.83,29.6,98500,1e-7,1e-7,1e-7,1e-7,0.0102,0
2023-05-18 05:38:48,1684402729,5.84,29.5,98500,1e-7,1e-7,1e-7,1e-7,0.00995,0
2023-05-18 10:59:47,1684421987,19.5,16.1,98800,1.00,2.00,3.00,3.00,,
2023-05-18 11:02:45,1684422166,19.8,16.0,98800,1.00,3.00,6.00,7.00,,
2023-05-18 11:14:47,1684422888,19.9,15.9,98800,1.00,4.00,7.00,8.00,,
2023-05-18 11:19:25,1684423165,19.9,15.6,98800,1.00,4.00,7.00,9.00,0.0257,0
2023-05-18 11:29:59,1684423799,21.7,15.2,98700,1e-7,2.00,3.00,3.00,0.0323,0
2023-05-18 11:34:56,1684424096,22.0,14.5,98700,1e-7,2.00,4.00,4.00,0.0385,0
2023-05-18 11:36:55,1684424215,22.2,14.0,98700,1.00,4.00,7.00,9.00,0.0390,0
2023-05-18 11:49:46,1684424987,23.1,14.7,98700,1e-7,2.00,4.00,5.00,0.0390,0
2023-05-18 11:50:50,1684425051,23.4,14.0,98700,1e-7,1.00,1.00,1.00,0.0110,0
2023-05-18 12:07:20,1684426040,23.5,13.3,98700,1e-7,1e-7,1e-7,1e-7,0.00805,0
2023-05-18 12:19:55,1684426795,22.9,14.2,98700,1e-7,2.00,4.00,5.00,0.0148,0
2023-05-18 12:24:51,1684427092,23.2,13.8,98700,1e-7,2.00,4.00,4.00,0.0152,0
2023-05-18 12:27:49,1684427270,23.6,13.9,98700,1e-7,2.00,3.00,4.00,0.00995,0
2023-05-18 12:39:48,1684427989,24.2,12.7,98700,1.00,5.00,9.00,10.0,0.0133,0
2023-05-18 12:44:26,1684428266,24.2,12.8,98700,1.00,2.00,4.00,5.00,0.0140,0
2023-05-18 12:54:32,1684428873,24.6,12.8,98700,1e-7,2.00,3.00,3.00,0.0140,0
2023-05-18 13:09:42,1684429783,23.8,13.0,98700,1e-7,1e-7,1e-7,1e-7,0.0140,0
2023-05-18 13:14:41,1684430082,23.9,12.8,98700,2.00,9.00,15.0,18.0,0.0221,0
2023-05-18 13:17:00,1684430220,23.9,12.7,98700,1e-7,1.00,1.00,2.00,0.0204,0
2023-05-18 13:34:29,1684431270,24.3,12.4,98700,1e-7,2.00,3.00,3.00,0.0279,0
2023-05-18 13:44:50,1684431891,24.4,12.3,98700,1e-7,2.00,4.00,4.00,0.0256,0
2023-05-18 13:48:56,1684432137,24.6,12.3,98700,2.00,2.00,3.00,4.00,0.0256,0
2023-05-18 13:51:12,1684432272,24.9,12.4,98700,1.00,1.00,1.00,1.00,0.0212,0
2023-05-18 14:04:42,1684433082,25.1,12.0,98700,1.00,4.00,6.00,7.00,0.0212,0
2023-05-18 14:06:40,1684433201,24.9,11.9,98700,1e-7,2.00,3.00,4.00,0.0146,0
2023-05-18 14:19:48,1684433988,24.7,12.3,98700,1.00,2.00,4.00,5.00,0.0131,0
2023-05-18 14:24:44,1684434285,24.7,12.2,98700,1.00,4.00,7.00,9.00,0.0124,0
2023-05-18 14:39:56,1684435197,23.2,12.6,98700,1.00,2.00,4.00,4.00,0.0212,0
2023-05-18 14:43:22,1684435403,22.9,12.5,98700,1.00,2.00,3.00,4.00,0.0215,0
2023-05-18 14:54:41,1684436081,22.3,13.0,98692,2.00,2.00,3.00,4.00,0.0234,0
2023-05-18 14:57:40,1684436261,22.2,12.6,98700,2.00,6.00,9.00,10.0,0.00995,0
2023-05-18 15:09:52,1684436993,21.6,12.9,98600,1e-7,1e-7,1e-7,1e-7,0.0145,0
2023-05-18 15:14:53,1684437294,21.4,13.2,98600,1.00,2.00,3.00,4.00,0.0164,0
2023-05-18 15:18:12,1684437492,21.2,12.6,98600,1e-7,2.00,3.00,4.00,0.0151,0
2023-05-18 15:29:45,1684438185,20.2,13.5,98600,1e-7,2.00,3.00,4.00,0.0151,0
2023-05-18 15:33:32,1684438413,20.1,13.6,98636,1e-7,2.00,4.00,5.00,0.0134,0
2023-05-18 15:44:45,1684439086,19.9,14.2,98600,1e-7,1e-7,1e-7,1e-7,0.00995,0
2023-05-18 15:49:44,1684439384,19.9,14.7,98600,1.00,2.00,3.00,4.00,0.0101,0
2023-05-18 15:52:03,1684439524,19.9,14.9,98600,1.00,2.00,3.00,4.00,0.0101,0
2023-05-18 15:59:52,1684439993,19.6,15.2,98600,1.00,4.00,7.00,8.00,0.0106,0
2023-05-18 16:04:51,1684440292,19.5,15.7,98600,2.00,4.00,7.00,8.00,0.0312,0
2023-05-18 16:09:50,1684440591,19.4,15.9,98600,1e-7,2.00,4.00,4.00,0.0312,0
2023-05-18 16:14:49,1684440889,19.3,15.8,98600,2.00,2.00,4.00,4.00,0.0326,0
2023-05-18 16:19:48,1684441188,19.2,15.9,98600,1.00,4.00,6.00,7.00,0.0173,0
2023-05-18 16:24:47,1684441487,19.1,16.1,98600,1.00,2.00,4.00,5.00,0.0153,0
2023-05-18 16:26:26,1684441587,19.1,16.0,98600,1e-7,2.00,4.00,4.00,0.0148,0
2023-05-18 16:44:44,1684442684,19.1,16.4,98600,1e-7,2.00,4.00,4.00,,
2023-05-18 16:49:45,1684442985,18.9,16.7,98600,1.00,5.00,9.00,10.0,,
2023-05-18 16:54:44,1684443285,18.7,16.7,98600,1.00,3.00,5.00,5.00,,
2023-05-18 16:59:43,1684443584,18.5,17.1,98600,1.00,3.00,5.00,7.00,0.0272,0
2023-05-18 17:04:43,1684443883,18.4,17.3,98600,1.00,3.00,4.00,5.00,0.0180,0
2023-05-18 17:09:42,1684444183,18.4,17.4,98600,1.00,2.00,4.00,4.00,0.0111,0
2023-05-18 17:14:42,1684444482,18.2,17.6,98600,1.00,2.00,3.00,3.00,0.0114,0
2023-05-18 17:19:41,1684444782,18.1,18.0,98600,1.00,2.00,3.00,4.00,0.0108,0
2023-05-18 17:24:43,1684445083,17.9,17.7,98600,1.00,5.00,9.00,10.0,0.00995,0
2023-05-18 17:29:43,1684445383,17.7,17.6,98600,2.00,4.00,6.00,7.00,0.0202,0
2023-05-18 17:34:42,1684445683,17.5,17.9,98600,1.00,5.00,8.00,9.00,0.0303,0
2023-05-18 17:39:42,1684445983,17.3,18.1,98600,1.00,4.00,7.00,8.00,0.0133,0
2023-05-18 17:44:51,1684446292,17.2,18.2,98600,1.00,4.00,6.00,7.00,0.0203,0
2023-05-18 17:49:51,1684446591,17.0,18.2,98613,1.00,3.00,5.00,6.00,0.0193,0
2023-05-18 17:54:51,1684446891,16.9,18.5,98653,1.00,3.00,6.00,7.00,0.0136,0
2023-05-18 17:59:51,1684447191,16.7,18.5,98640,1.00,2.00,3.00,4.00,0.0145,0
2023-05-18 18:04:51,1684447491,16.7,18.4,98700,1.00,2.00,4.00,5.00,0.0165,0
2023-05-18 18:09:40,1684447780,16.6,18.4,98700,2.00,2.00,4.00,4.00,0.0165,0
2023-05-18 18:14:40,1684448080,16.5,18.6,98700,1.00,5.00,8.00,10.0,0.0178,0
2023-05-18 18:19:40,1684448380,16.4,18.9,98700,1.00,3.00,5.00,5.00,0.0202,0
2023-05-18 18:24:40,1684448680,16.3,19.0,98700,2.00,5.00,7.00,8.00,0.0155,0
2023-05-18 18:29:40,1684448980,16.2,19.6,98700,1.00,1.00,1.00,2.00,0.0179,0
2023-05-18 18:34:40,1684449280,16.1,19.4,98700,1.00,4.00,6.00,7.00,0.0179,0
2023-05-18 18:39:40,1684449581,15.9,19.2,98700,2.00,8.00,14.0,16.0,0.0173,0
2023-05-18 18:44:40,1684449881,15.8,19.2,98700,1.00,2.00,3.00,4.00,0.0158,0
2023-05-18 18:49:40,1684450181,15.7,19.2,98700,4.00,5.00,6.00,7.00,0.0194,0
2023-05-18 18:54:40,1684450481,15.5,19.4,98700,1.00,2.00,4.00,5.00,0.0141,0
2023-05-18 18:59:49,1684450790,15.4,19.8,98700,1.00,2.00,4.00,4.00,0.0122,0
2023-05-18 19:04:49,1684451090,15.3,19.5,98700,2.00,4.00,6.00,7.00,0.0102,0
2023-05-18 19:09:59,1684451399,15.2,19.5,98700,1.00,3.00,4.00,4.00,0.0134,0
2023-05-18 19:14:59,1684451700,15.1,20.2,98700,1.00,3.00,6.00,7.00,0.0136,0
2023-05-18 19:19:59,1684452000,15.1,20.2,98700,1.00,6.00,9.00,11.0,0.0343,0
2023-05-18 19:24:40,1684452280,15.0,20.0,98700,2.00,2.00,4.00,4.00,0.0343,0
2023-05-18 19:29:41,1684452581,14.9,20.3,98700,1.00,2.00,4.00,4.00,0.0303,0
2023-05-18 19:34:42,1684452883,14.8,20.2,98700,1.00,4.00,6.00,7.00,0.0179,0
2023-05-18 19:39:43,1684453183,14.8,20.5,98700,1.00,5.00,9.00,11.0,0.0180,0
2023-05-18 19:44:45,1684453485,14.7,20.6,98700,1.00,5.00,8.00,10.0,0.0216,0
2023-05-18 19:49:45,1684453786,14.6,21.1,98700,3.00,7.00,12.0,14.0,0.0151,0
2023-05-18 19:54:46,1684454086,14.6,20.9,98700,1.00,4.00,7.00,9.00,0.0172,0
2023-05-18 19:59:46,1684454387,14.5,21.0,98700,1e-7,2.00,4.00,5.00,0.0172,0
2023-05-18 20:04:47,1684454688,14.3,21.1,98700,1.00,2.00,4.00,5.00,0.0171,0
2023-05-18 20:09:48,1684454988,14.2,21.3,98700,1e-7,2.00,4.00,4.00,0.0123,0
2023-05-18 20:14:48,1684455289,14.0,21.3,98700,1e-7,2.00,4.00,5.00,0.0111,0
2023-05-18 20:19:49,1684455590,13.8,21.5,98700,1e-7,2.00,4.00,4.00,0.0103,0
2023-05-18 20:24:51,1684455891,13.5,21.7,98700,1.00,2.00,3.00,3.00,0.0103,0
2023-05-18 20:29:52,1684456192,13.3,21.8,98700,1.00,2.00,4.00,4.00,0.00995,0
2023-05-18 20:34:53,1684456494,13.0,22.0,98700,1e-7,2.00,3.00,3.00,0.00995,0
2023-05-18 20:39:55,1684456795,12.8,22.0,98767,1e-7,2.00,4.00,4.00,0.00995,0
2023-05-18 20:44:56,1684457096,12.5,22.2,98800,1.00,6.00,11.0,13.0,0.0231,0
2023-05-18 20:49:57,1684457398,12.2,22.5,98800,1e-7,2.00,4.00,4.00,0.0228,0
2023-05-18 20:54:59,1684457699,12.0,22.7,98800,1.00,2.00,4.00,4.00,0.0268,0
2023-05-18 20:59:40,1684457980,11.8,22.8,98800,1e-7,2.00,3.00,3.00,0.0148,0
2023-05-18 21:04:42,1684458283,11.6,23.1,98800,1e-7,2.00,4.00,4.00,0.00995,0
2023-05-18 21:09:44,1684458585,11.4,23.2,98800,1.00,3.00,6.00,7.00,0.00995,0
2023-05-18 21:14:46,1684458887,11.2,23.5,98800,1e-7,1e-7,1e-7,1e-7,0.0114,0
2023-05-18 21:19:48,1684459189,11.0,23.7,98800,1e-7,2.00,4.00,4.00,0.0114,0
2023-05-18 21:24:50,1684459491,10.8,24.0,98800,1.00,2.00,4.00,4.00,0.00995,0
2023-05-18 21:29:52,1684459792,10.6,24.3,98800,1e-7,2.00,4.00,4.00,0.00995,0
2023-05-18 21:34:54,1684460095,10.4,24.4,98800,1e-7,2.00,4.00,5.00,0.0100,0
2023-05-18 21:39:56,1684460396,10.2,24.7,98800,1.00,4.00,8.00,9.00,0.0102,0
2023-05-18 21:44:59,1684460699,10.1,24.8,98800,1e-7,1e-7,1e-7,1e-7,0.0102,0
2023-05-18 21:49:41,1684460981,9.92,25.1,98800,1e-7,1e-7,1e-7,1e-7,0.0133,0
2023-05-18 21:54:44,1684461284,9.78,25.5,98800,1.00,2.00,3.00,4.00,0.0120,0
2023-05-18 21:59:46,1684461586,9.62,25.5,98800,1e-7,1e-7,1e-7,1e-7,0.00995,0
2023-05-18 22:04:48,1684461889,9.47,25.6,98800,1e-7,2.00,4.00,4.00,0.00995,0
2023-05-18 22:09:50,1684462191,9.32,26.0,98800,1e-7,2.00,3.00,3.00,0.00995,0
2023-05-18 22:14:53,1684462493,9.18,26.2,98800,1e-7,1.00,3.00,3.00,0.00995,0
2023-05-18 22:19:55,1684462796,9.05,26.2,98807,1e-7,2.00,4.00,4.00,0.00995,0
2023-05-18 22:24:58,1684463098,8.90,26.4,98800,1e-7,2.00,3.00,3.00,0.00995,0
2023-05-18 22:29:40,1684463380,8.77,26.8,98800,1e-7,2.00,3.00,4.00,0.00995,0
2023-05-18 22:34:42,1684463683,8.64,26.8,98800,1e-7,2.00,4.00,5.00,0.0102,0
2023-05-18 22:39:44,1684463985,8.49,26.8,98800,1e-7,1e-7,1e-7,1e-7,0.0103,0
2023-05-18 22:44:47,1684464287,8.35,27.3,98800,1e-7,2.00,4.00,5.00,0.0103,0
2023-05-18 22:49:49,1684464590,8.20,27.8,98807,1e-7,2.00,3.00,4.00,0.0102,0
2023-05-18 22:54:52,1684464892,8.07,27.7,98800,2.00,5.00,8.00,9.00,0.0136,0
2023-05-18 22:59:54,1684465195,7.99,27.8,98800,1e-7,2.00,4.00,5.00,0.0230,0
2023-05-18 23:04:57,1684465498,7.91,27.9,98800,1e-7,2.00,3.00,4.00,0.0230,0
2023-05-18 23:09:40,1684465780,7.82,28.3,98800,1.00,2.00,3.00,4.00,0.0235,0
2023-05-18 23:14:43,1684466083,7.72,28.7,98800,1.00,1.00,1.00,1.00,0.00995,0
2023-05-18 23:19:45,1684466386,7.63,28.5,98800,1e-7,2.00,3.00,4.00,0.00995,0
2023-05-18 23:24:48,1684466689,7.53,28.7,98800,1e-7,2.00,3.00,4.00,0.00995,0
2023-05-18 23:29:51,1684466992,7.44,28.8,98800,1e-7,2.00,3.00,4.00,0.00995,0
2023-05-18 23:34:54,1684467294,7.35,29.0,98800,1.00,2.00,3.00,4.00,0.00995,0
2023-05-18 23:39:57,1684467597,7.28,29.1,98800,1.00,2.00,3.00,3.00,0.00995,0
2023-05-18 23:44:40,1684467880,7.22,29.6,98800,1e-7,2.00,4.00,4.00,0.00995,0
2023-05-18 23:49:43,1684468183,7.15,29.8,98800,1.00,3.00,5.00,6.00,0.0116,0
2023-05-18 23:54:46,1684468486,7.08,29.7,98800,2.00,4.00,8.00,9.00,0.0187,0
2023-05-18 23:59:49,1684468789,7.02,29.7,98800,1e-7,2.00,4.00,4.00,0.0187,0
2023-05-19 00:04:52,1684469092,6.99,29.6,98800,1e-7,2.00,4.00,4.00,0.0187,0
2023-05-19 00:09:56,1684469396,6.95,29.8,98800,1e-7,2.00,3.00,4.00,0.00995,0
2023-05-19 00:14:59,1684469699,6.93,30.4,98800,2.00,7.00,12.0,14.0,0.0164,0
2023-05-19 00:19:42,1684469982,6.94,30.8,98800,1e-7,2.00,4.00,5.00,0.0192,0
2023-05-19 00:24:45,1684470285,6.97,31.0,98800,1.00,2.00,4.00,4.00,0.0179,0
2023-05-19 00:29:48,1684470588,7.00,31.0,98800,2.00,9.00,14.0,17.0,0.0163,0
2023-05-19 00:34:52,1684470892,7.08,31.0,98800,1e-7,2.00,4.00,4.00,0.0192,0
2023-05-19 00:39:55,1684471195,7.15,31.0,98800,1.00,2.00,4.00,5.00,0.0222,0
2023-05-19 00:44:58,1684471498,7.20,30.7,98800,1.00,2.00,4.00,5.00,0.0203,0
2023-05-19 00:49:41,1684471781,7.18,30.7,98800,1e-7,1e-7,1e-7,1e-7,0.0103,0
2023-05-19 00:54:44,1684472084,7.12,30.8,98800,1e-7,2.00,4.00,5.00,0.0106,0
2023-05-19 00:59:47,1684472387,7.08,30.9,98800,1e-7,2.00,4.00,4.00,0.0103,0
2023-05-19 01:04:50,1684472690,7.05,31.3,98800,1e-7,2.00,3.00,3.00,0.0103,0
2023-05-19 01:09:53,1684472993,7.02,31.3,98800,1.00,4.00,6.00,6.00,0.0141,0
2023-05-19 01:14:56,1684473296,7.00,31.5,98800,1e-7,2.00,3.00,4.00,0.0153,0
2023-05-19 01:19:59,1684473599,6.98,31.3,98800,1e-7,2.00,4.00,5.00,0.0148,0
2023-05-19 01:24:42,1684473883,6.95,31.4,98800,1.00,2.00,3.00,4.00,0.0134,0
2023-05-19 01:29:45,1684474186,6.89,31.4,98800,1e-7,2.00,4.00,4.00,0.00995,0
2023-05-19 01:34:48,1684474489,6.86,31.4,98800,1e-7,2.00,3.00,4.00,0.00995,0
2023-05-19 01:39:52,1684474792,6.88,31.7,98800,1.00,2.00,4.00,5.00,0.0103,0
2023-05-19 01:44:55,1684475095,6.94,31.7,98800,1.00,6.00,10.0,12.0,0.0106,0
2023-05-19 01:49:59,1684475399,7.01,31.9,98800,1e-7,1e-7,1e-7,1e-7,0.0121,0
2023-05-19 01:54:42,1684475682,7.06,32.0,98800,1e-7,2.00,3.00,4.00,0.0192,0
2023-05-19 01:59:45,1684475985,7.08,32.4,98800,1e-7,2.00,4.00,4.00,0.0132,0
2023-05-19 02:04:48,1684476289,7.04,32.3,98800,1e-7,2.00,3.00,3.00,0.00995,0
2023-05-19 02:09:51,1684476592,6.98,32.7,98800,1e-7,2.00,4.00,5.00,0.00995,0
2023-05-19 02:14:54,1684476895,6.93,32.5,98800,1e-7,1e-7,1e-7,1e-7,0.0100,0
2023-05-19 02:19:57,1684477198,6.88,32.5,98800,1e-7,2.00,4.00,4.00,0.0101,0
2023-05-19 02:24:40,1684477481,6.83,32.6,98800,1e-7,2.00,4.00,5.00,0.0102,0
2023-05-19 02:29:44,1684477784,6.78,32.9,98800,1e-7,2.00,3.00,4.00,0.0101,0
2023-05-19 02:34:47,1684478087,6.70,32.8,98800,1.00,2.00,3.00,3.00,0.0103,0
2023-05-19 02:39:50,1684478391,6.63,33.4,98800,1.00,4.00,7.00,9.00,0.0185,0
2023-05-19 02:44:53,1684478694,6.56,33.1,98800,1e-7,2.00,4.00,4.00,0.0185,0
2023-05-19 02:49:56,1684478997,6.48,32.9,98800,1e-7,1e-7,1e-7,1e-7,0.0150,0
2023-05-19 02:54:39,1684479280,6.41,33.0,98800,2.00,3.00,4.00,4.00,0.00995,0
2023-05-19 02:59:43,1684479583,6.35,33.1,98800,1.00,3.00,6.00,7.00,0.0100,0
2023-05-19 03:04:46,1684479886,6.27,33.6,98800,2.00,2.00,4.00,5.00,0.0136,0
2023-05-19 03:09:49,1684480190,6.20,33.7,98800,1.00,3.00,4.00,4.00,0.0139,0
2023-05-19 03:14:52,1684480493,6.13,33.9,98800,1e-7,2.00,4.00,4.00,0.0119,0
2023-05-19 03:19:55,1684480796,6.07,33.9,98800,1e-7,2.00,4.00,4.00,0.0104,0
2023-05-19 03:24:59,1684481099,6.00,33.7,98800,1e-7,2.00,3.00,3.00,0.0101,0
2023-05-19 03:29:42,1684481382,5.95,33.8,98800,1e-7,1e-7,1e-7,1e-7,0.00995,0
2023-05-19 03:34:45,1684481686,5.92,33.7,98800,1.00,6.00,9.00,11.0,0.0143,0
2023-05-19 03:39:48,1684481989,5.90,34.0,98800,1.00,2.00,3.00,3.00,0.0143,0
2023-05-19 03:44:52,1684482292,5.92,34.5,98800,1.00,4.00,6.00,8.00,0.0143,0
2023-05-19 03:49:55,1684482595,5.98,34.9,98800,1e-7,2.00,3.00,4.00,0.0146,0
2023-05-19 03:54:58,1684482899,6.01,34.7,98800,1e-7,2.00,4.00,4.00,0.0127,0
2023-05-19 03:59:41,1684483182,6.00,34.3,98800,1.00,1.00,2.00,2.00,0.00995,0
2023-05-19 04:04:44,1684483485,5.97,34.5,98800,1e-7,2.00,3.00,3.00,0.00995,0
2023-05-19 04:09:48,1684483788,5.96,34.7,98800,1.00,1.00,2.00,2.00,0.00995,0
2023-05-19 04:14:51,1684484092,5.94,34.8,98800,1e-7,2.00,4.00,5.00,0.0100,0
2023-05-19 04:19:56,1684484396,5.91,34.6,98800,1.00,2.00,4.00,5.00,0.0107,0
2023-05-19 04:24:59,1684484699,5.89,34.5,98800,1e-7,2.00,4.00,5.00,0.0105,0
2023-05-19 04:29:42,1684484983,5.88,34.9,98800,1e-7,2.00,4.00,5.00,0.0105,0
2023-05-19 04:34:45,1684485286,5.89,35.3,98800,1e-7,1e-7,1e-7,1e-7,0.0106,0
2023-05-19 04:39:48,1684485588,5.90,35.2,98800,1.00,2.00,4.00,5.00,0.0106,0
2023-05-19 04:44:51,1684485891,5.89,34.8,98800,1.00,2.00,4.00,4.00,0.0101,0
2023-05-19 04:49:54,1684486195,5.90,34.8,98800,1.00,3.00,6.00,7.00,0.0110,0
2023-05-19 04:54:58,1684486498,5.92,34.7,98800,1.00,4.00,7.00,8.00,0.0117,0
2023-05-19 04:59:41,1684486781,5.92,34.9,98800,1.00,2.00,3.00,3.00,0.0117,0
2023-05-19 05:04:44,1684487084,5.94,35.0,98800,1.00,1.00,3.00,3.00,0.0163,0
2023-05-19 05:09:47,1684487388,5.96,34.9,98800,1e-7,2.00,3.00,3.00,0.0145,0
2023-05-19 05:14:51,1684487691,5.99,34.8,98800,1e-7,2.00,4.00,4.00,0.00995,0
2023-05-19 05:19:55,1684487995,6.02,34.8,98800,1e-7,2.00,4.00,5.00,0.00995,0
2023-05-19 05:24:47,1684488287,6.07,34.8,98800,1e-7,2.00,4.00,5.00,0.0101,0
2023-05-19 05:29:51,1684488592,6.12,35.1,98800,1.00,2.00,4.00,4.00,0.0102,0
2023-05-19 05:33:07,1684488787,6.18,35.7,98800,1e-7,1e-7,1e-7,1e-7,0.0101,0
2023-05-19 10:44:41,1684507482,21.0,21.6,98600,2.00,4.00,7.00,8.00,,
2023-05-19 10:49:59,1684507799,21.4,21.4,98600,2.00,4.00,7.00,8.00,,
2023-05-19 10:54:57,1684508097,21.8,21.2,98600,2.00,4.00,6.00,7.00,0.0105,0
2023-05-19 10:55:17,1684508117,21.9,20.8,98600,1.00,3.00,5.00,6.00,0.0108,0
2023-05-19 11:14:09,1684509250,22.9,20.4,98600,2.00,5.00,7.00,9.00,,
2023-05-19 11:19:45,1684509586,23.0,20.3,98600,3.00,3.00,6.00,7.00,,
2023-05-19 11:24:43,1684509883,23.3,20.1,98600,2.00,4.00,6.00,7.00,,
2023-05-19 11:29:40,1684510181,23.5,19.6,98593,2.00,6.00,9.00,11.0,0.0155,0
2023-05-19 11:44:54,1684511095,23.6,19.7,98500,3.00,9.00,14.0,16.0,0.0360,0
2023-05-19 11:47:52,1684511272,23.7,19.8,98500,3.00,5.00,7.00,8.00,0.0360,0
2023-05-19 11:54:56,1684511696,24.2,19.7,98500,3.00,4.00,6.00,7.00,0.0384,0
2023-05-19 11:59:53,1684511993,24.5,19.5,98500,4.00,7.00,10.0,12.0,0.0470,0
2023-05-19 12:03:31,1684512211,24.9,19.5,98500,3.00,5.00,8.00,9.00,0.0207,0
2023-05-19 12:14:50,1684512890,25.3,19.0,98500,3.00,3.00,3.00,3.00,0.0207,0
2023-05-19 12:19:46,1684513187,25.3,18.4,98500,4.00,4.00,6.00,6.00,0.0244,0
2023-05-19 12:20:46,1684513246,25.3,18.9,98500,2.00,2.00,2.00,2.00,0.0169,0
2023-05-19 12:29:52,1684513793,25.9,18.9,98500,1.00,3.00,5.00,7.00,0.0160,0
2023-05-19 12:34:49,1684514089,26.2,18.2,98500,4.00,4.00,4.00,4.00,0.0129,0
2023-05-19 12:37:47,1684514267,26.2,18.3,98467,2.00,7.00,10.0,12.0,0.0236,0
2023-05-19 12:49:42,1684514982,27.1,18.1,98400,3.00,5.00,6.00,7.00,0.0322,0
2023-05-19 12:54:38,1684515278,27.4,18.1,98400,2.00,5.00,8.00,10.0,0.0322,0
2023-05-19 13:04:43,1684515884,28.1,18.1,98400,1.00,3.00,6.00,7.00,0.0324,0
2023-05-19 13:09:59,1684516199,28.5,17.6,98400,2.00,4.00,5.00,5.00,0.0324,0
2023-05-19 13:11:37,1684516298,28.7,17.0,98400,2.00,4.00,5.00,6.00,0.0100,0
2023-05-19 13:19:49,1684516790,29.2,16.8,98400,2.00,3.00,4.00,4.00,0.0100,0
2023-05-19 13:24:45,1684517085,29.3,17.0,98400,5.00,6.00,7.00,8.00,0.0138,0
2023-05-19 13:28:41,1684517321,29.6,17.1,98400,3.00,5.00,6.00,7.00,0.0138,0
2023-05-19 13:39:58,1684517999,29.8,16.6,98300,4.00,4.00,6.00,7.00,0.0109,0
2023-05-19 13:44:54,1684518294,29.9,16.8,98300,2.00,2.00,3.00,3.00,0.0187,0
2023-05-19 13:45:33,1684518334,30.1,16.9,98300,2.00,2.00,2.00,2.00,0.0187,0
2023-05-19 13:54:59,1684518899,30.1,16.8,98300,1.00,3.00,4.00,5.00,0.0182,0
2023-05-19 13:59:54,1684519195,30.1,16.5,98300,2.00,3.00,4.00,4.00,0.0119,0
2023-05-19 14:02:32,1684519352,30.0,16.6,98300,2.00,3.00,4.00,4.00,0.0102,0
2023-05-19 14:09:45,1684519786,30.1,16.6,98300,8.00,10.0,12.0,12.0,0.0104,0
2023-05-19 14:14:41,1684520081,30.1,16.8,98300,3.00,3.00,4.00,5.00,0.0130,0
2023-05-19 14:19:16,1684520357,30.1,16.5,98300,4.00,8.00,13.0,15.0,0.0233,0
2023-05-19 14:29:54,1684520995,29.4,17.1,98300,2.00,5.00,8.00,10.0,0.0156,0
2023-05-19 14:34:50,1684521290,29.4,17.2,98300,3.00,4.00,5.00,6.00,0.0314,0
2023-05-19 14:36:28,1684521389,29.4,17.3,98300,3.00,4.00,5.00,6.00,0.0169,0
2023-05-19 14:44:46,1684521886,29.2,17.1,98200,3.00,4.00,5.00,5.00,0.0250,0
2023-05-19 14:49:41,1684522182,29.1,17.5,98200,3.00,4.00,6.00,7.00,0.0260,0
2023-05-19 14:53:18,1684522398,29.1,17.4,98200,2.00,3.00,4.00,5.00,0.0117,0
2023-05-19 14:59:51,1684522791,29.0,16.8,98200,1.00,1.00,1.00,1.00,0.00979,0
2023-05-19 15:04:55,1684523096,28.9,17.1,98200,3.00,7.00,11.0,12.0,0.0266,0
2023-05-19 15:09:51,1684523391,28.8,17.4,98200,4.00,6.00,7.00,8.00,0.0302,0
2023-05-19 15:11:29,1684523490,28.7,17.6,98200,1.00,2.00,2.00,2.00,0.0192,0
2023-05-19 15:19:44,1684523984,28.4,17.6,98200,2.00,4.00,6.00,7.00,0.0192,0
2023-05-19 15:24:40,1684524280,28.3,17.9,98200,3.00,5.00,7.00,8.00,0.0135,0
2023-05-19 15:28:36,1684524516,28.2,17.9,98200,4.00,4.00,6.00,7.00,0.0130,0
2023-05-19 15:39:57,1684525198,27.9,18.1,98200,4.00,5.00,7.00,8.00,0.0130,0
2023-05-19 15:44:34,1684525474,27.7,18.5,98200,4.00,4.00,4.00,5.00,0.0128,0
2023-05-19 15:46:10,1684525571,27.7,18.3,98200,2.00,2.00,2.00,2.00,0.00839,0
2023-05-19 15:54:41,1684526081,27.6,18.3,98200,4.00,5.00,5.00,5.00,0.0171,0
2023-05-19 15:59:58,1684526398,27.3,18.6,98200,3.00,5.00,7.00,8.00,0.0151,0
2023-05-19 16:01:17,1684526477,27.1,18.7,98200,5.00,7.00,9.00,10.0,0.0115,0
2023-05-19 16:09:44,1684526984,27.1,19.0,98150,1.00,2.00,3.00,3.00,0.0205,0
2023-05-19 16:14:40,1684527281,27.3,18.8,98100,4.00,4.00,6.00,7.00,0.0223,0
2023-05-19 16:18:18,1684527498,27.6,18.3,98100,3.00,7.00,10.0,12.0,0.0130,0
2023-05-19 16:29:41,1684528182,27.8,18.3,98100,2.00,2.00,2.00,2.00,0.0113,0
2023-05-19 16:34:57,1684528498,27.9,18.1,98100,2.00,4.00,6.00,7.00,0.0292,0
2023-05-19 16:35:17,1684528518,28.0,17.7,98100,1.00,3.00,4.00,5.00,0.0110,0
2023-05-19 16:44:44,1684529084,27.9,17.4,98100,3.00,4.00,6.00,7.00,0.0116,0
2023-05-19 16:49:40,1684529381,27.7,17.6,98100,2.00,5.00,8.00,9.00,0.0164,0
2023-05-19 16:54:15,1684529656,27.4,17.6,98100,3.00,5.00,7.00,8.00,0.0165,0
2023-05-19 16:59:48,1684529989,27.2,17.9,98100,2.00,2.00,2.00,2.00,0.0113,0
2023-05-19 17:04:45,1684530285,27.2,18.1,98100,5.00,6.00,6.00,7.00,0.0182,0
2023-05-19 17:09:42,1684530582,27.1,18.1,98100,5.00,8.00,9.00,10.0,0.0182,0
2023-05-19 17:11:18,1684530679,27.0,17.9,98100,4.00,6.00,8.00,8.00,0.0137,0
2023-05-19 17:19:50,1684531190,26.8,18.5,98100,4.00,6.00,10.0,11.0,0.0208,0
2023-05-19 17:24:47,1684531487,26.6,18.5,98100,3.00,3.00,4.00,5.00,0.0194,0
2023-05-19 17:29:44,1684531784,26.4,18.8,98100,3.00,4.00,5.00,6.00,0.0270,0
2023-05-19 17:34:50,1684532090,26.2,19.1,98100,5.00,6.00,8.00,9.00,0.0151,0
2023-05-19 17:39:46,1684532387,26.1,19.3,98100,3.00,4.00,5.00,6.00,0.0119,0
2023-05-19 17:44:44,1684532684,25.9,19.5,98100,3.00,6.00,9.00,11.0,0.0119,0
2023-05-19 17:49:41,1684532981,25.7,19.8,98100,4.00,8.00,11.0,13.0,0.0129,0
2023-05-19 17:54:57,1684533298,25.6,20.1,98100,4.00,4.00,4.00,4.00,0.0134,0
2023-05-19 17:59:55,1684533595,25.4,20.4,98100,4.00,6.00,9.00,10.0,0.0383,0
2023-05-19 18:04:52,1684533892,25.2,20.6,98100,3.00,5.00,7.00,8.00,0.0205,0
2023-05-19 18:09:49,1684534190,25.1,20.7,98100,4.00,4.00,6.00,7.00,0.0147,0
2023-05-19 18:14:47,1684534487,25.0,21.0,98100,2.00,3.00,4.00,5.00,0.0122,0
2023-05-19 18:19:44,1684534784,25.0,21.2,98100,3.00,7.00,10.0,12.0,0.0193,0
2023-05-19 18:24:41,1684535082,25.0,21.2,98100,2.00,5.00,7.00,9.00,0.0145,0
2023-05-19 18:29:58,1684535399,25.1,21.6,98100,3.00,4.00,6.00,6.00,0.0143,0
2023-05-19 18:34:56,1684535696,25.1,21.5,98100,2.00,7.00,12.0,14.0,0.0313,0
2023-05-19 18:39:53,1684535993,25.2,21.5,98100,2.00,4.00,5.00,6.00,0.0138,0
2023-05-19 18:44:50,1684536291,25.2,21.6,98100,3.00,8.00,12.0,14.0,0.0153,0
2023-05-19 18:49:49,1684536589,25.2,21.5,98100,2.00,4.00,7.00,9.00,0.0153,0
2023-05-19 18:54:46,1684536886,25.1,21.7,98100,3.00,3.00,4.00,4.00,0.0216,0
2023-05-19 18:59:43,1684537184,25.0,21.7,98100,2.00,3.00,5.00,5.00,0.0103,0
2023-05-19 19:04:41,1684537481,24.9,22.0,98100,3.00,3.00,4.00,5.00,0.0110,0
2023-05-19 19:09:58,1684537799,24.7,22.2,98100,3.00,5.00,8.00,10.0,0.0217,0
2023-05-19 19:14:56,1684538096,24.6,22.3,98100,3.00,5.00,8.00,9.00,0.0217,0
2023-05-19 19:19:53,1684538394,24.5,22.8,98100,1.00,4.00,6.00,7.00,0.0163,0
2023-05-19 19:24:51,1684538692,24.4,22.3,98100,3.00,4.00,7.00,8.00,0.0128,0
2023-05-19 19:29:49,1684538989,24.3,22.6,98100,2.00,2.00,4.00,4.00,0.0126,0
2023-05-19 19:34:47,1684539287,24.3,23.1,98100,3.00,5.00,7.00,9.00,0.0148,0
2023-05-19 19:39:44,1684539585,24.2,23.3,98100,2.00,2.00,3.00,4.00,0.0244,0
2023-05-19 19:44:42,1684539883,24.1,23.5,98100,3.00,7.00,10.0,12.0,0.0197,0
2023-05-19 19:49:41,1684540182,24.0,23.8,98100,1.00,2.00,4.00,4.00,0.0262,0
2023-05-19 19:54:59,1684540499,23.9,23.8,98100,2.00,5.00,9.00,10.0,0.0303,0
2023-05-19 19:59:57,1684540797,23.8,23.9,98100,3.00,4.00,6.00,7.00,0.0126,0
2023-05-19 20:04:55,1684541095,23.8,23.9,98100,1.00,4.00,7.00,9.00,0.0142,0
2023-05-19 20:09:52,1684541393,23.7,24.2,98193,1.00,3.00,5.00,6.00,0.0252,0
2023-05-19 20:14:50,1684541691,23.6,24.4,98120,2.00,4.00,5.00,6.00,0.0147,0
2023-05-19 20:19:48,1684541989,23.5,24.6,98107,2.00,4.00,7.00,9.00,0.0136,0
2023-05-19 20:24:46,1684542287,23.5,24.6,98173,2.00,5.00,9.00,11.0,0.0298,0
2023-05-19 20:29:46,1684542586,23.4,24.7,98200,2.00,3.00,5.00,6.00,0.0282,0
2023-05-19 20:34:44,1684542884,23.4,24.8,98193,2.00,2.00,4.00,5.00,0.0282,0
2023-05-19 20:39:42,1684543182,23.3,24.9,98200,2.00,3.00,4.00,5.00,0.0109,0
2023-05-19 20:44:40,1684543480,23.2,25.0,98200,1.00,3.00,4.00,4.00,0.0106,0
2023-05-19 20:49:58,1684543798,23.2,25.2,98200,2.00,3.00,6.00,7.00,0.0109,0
2023-05-19 20:54:56,1684544096,23.1,25.3,98200,2.00,4.00,6.00,6.00,0.0111,0
2023-05-19 20:59:54,1684544395,23.1,25.8,98200,3.00,4.00,7.00,8.00,0.0127,0
2023-05-19 21:04:54,1684544695,23.1,26.1,98200,1.00,3.00,6.00,7.00,0.0127,0
2023-05-19 21:09:52,1684544993,23.0,26.3,98200,1.00,3.00,6.00,7.00,0.0134,0
2023-05-19 21:14:51,1684545291,23.0,26.2,98200,2.00,3.00,4.00,4.00,0.0133,0
2023-05-19 21:19:49,1684545589,22.9,26.6,98200,1.00,2.00,4.00,4.00,0.0129,0
2023-05-19 21:24:47,1684545887,22.9,26.8,98200,1.00,3.00,4.00,4.00,0.0102,0
2023-05-19 21:29:45,1684546186,22.8,27.1,98200,2.00,3.00,3.00,4.00,0.0101,0
2023-05-19 21:34:44,1684546484,22.6,27.5,98200,2.00,3.00,3.00,4.00,0.00998,0
2023-05-19 21:39:42,1684546783,22.5,27.7,98200,2.00,2.00,4.00,4.00,0.00995,0
2023-05-19 21:44:41,1684547081,22.5,28.3,98200,2.00,3.00,4.00,5.00,0.0105,0
2023-05-19 21:49:59,1684547399,22.4,28.3,98200,1.00,5.00,7.00,9.00,0.0103,0
2023-05-19 21:54:58,1684547698,22.3,28.0,98200,1.00,6.00,10.0,12.0,0.0136,0
2023-05-19 21:59:56,1684547996,22.3,28.1,98200,1.00,2.00,3.00,4.00,0.0136,0
2023-05-19 22:04:54,1684548295,22.2,28.1,98200,2.00,2.00,3.00,3.00,0.0270,0
2023-05-19 22:09:55,1684548595,22.1,28.4,98200,1.00,2.00,4.00,5.00,0.0243,0
2023-05-19 22:14:53,1684548894,22.0,28.7,98200,1.00,5.00,8.00,10.0,0.0155,0
2023-05-19 22:19:52,1684549192,22.0,28.8,98200,2.00,2.00,4.00,4.00,0.0207,0
2023-05-19 22:24:51,1684549491,21.9,29.2,98200,2.00,3.00,5.00,6.00,0.0166,0
2023-05-19 22:29:49,1684549790,21.9,29.5,98200,2.00,3.00,5.00,6.00,0.0133,0
2023-05-19 22:34:48,1684550088,21.9,29.2,98200,2.00,2.00,2.00,3.00,0.0100,0
2023-05-19 22:39:47,1684550388,21.8,30.0,98200,1.00,3.00,6.00,7.00,0.0106,0
2023-05-19 22:44:46,1684550686,21.8,30.3,98200,4.00,5.00,7.00,8.00,0.0294,0
2023-05-19 22:49:44,1684550985,21.7,30.7,98200,3.00,5.00,6.00,6.00,0.0222,0
2023-05-19 22:54:44,1684551284,21.7,31.2,98200,2.00,5.00,8.00,9.00,0.0154,0
2023-05-19 22:59:42,1684551583,21.6,31.3,98200,3.00,4.00,6.00,7.00,0.0135,0
2023-05-19 23:04:41,1684551881,21.6,31.8,98200,2.00,7.00,12.0,14.0,0.0269,0
2023-05-19 23:09:40,1684552180,21.6,31.4,98200,2.00,4.00,5.00,6.00,0.0279,0
2023-05-19 23:14:58,1684552499,21.5,31.3,98200,3.00,5.00,7.00,8.00,0.0306,0
2023-05-19 23:19:57,1684552797,21.5,31.9,98200,1.00,3.00,4.00,4.00,0.0120,0
2023-05-19 23:24:56,1684553096,21.4,31.8,98200,1.00,2.00,3.00,4.00,0.0161,0
2023-05-19 23:29:54,1684553395,21.3,32.1,98200,1.00,3.00,5.00,6.00,0.0106,0
2023-05-19 23:34:54,1684553695,21.2,32.1,98269,2.00,3.00,6.00,7.00,0.0138,0
2023-05-19 23:39:52,1684553992,21.1,32.2,98300,3.00,5.00,8.00,9.00,0.0141,0
2023-05-19 23:44:50,1684554291,21.0,32.2,98300,1.00,2.00,4.00,4.00,0.0156,0
2023-05-19 23:49:49,1684554590,20.9,32.0,98300,1.00,4.00,7.00,8.00,0.0133,0
2023-05-19 23:54:48,1684554889,20.7,31.8,98300,1.00,3.00,4.00,5.00,0.0124,0
2023-05-19 23:59:48,1684555188,20.5,31.9,98300,1.00,2.00,3.00,4.00,0.0166,0
2023-05-20 00:04:47,1684555488,20.3,32.1,98300,3.00,3.00,3.00,3.00,0.0166,0
2023-05-20 00:09:46,1684555787,20.2,32.4,98300,1.00,2.00,3.00,3.00,0.0101,0
2023-05-20 00:14:45,1684556086,20.0,32.6,98300,1.00,2.00,4.00,5.00,0.0102,0
2023-05-20 00:19:44,1684556385,19.9,32.6,98300,1.00,2.00,4.00,5.00,0.0107,0
2023-05-20 00:24:44,1684556684,19.7,32.7,98300,1.00,2.00,4.00,5.00,0.0106,0
2023-05-20 00:29:43,1684556983,19.6,33.0,98300,2.00,5.00,8.00,9.00,0.0147,0
2023-05-20 00:34:42,1684557283,19.4,32.9,98300,2.00,2.00,4.00,4.00,0.0147,0
2023-05-20 00:39:42,1684557582,19.3,33.1,98300,2.00,4.00,6.00,7.00,0.0123,0
2023-05-20 00:44:41,1684557882,19.2,33.1,98300,1.00,2.00,4.00,4.00,0.0147,0
2023-05-20 00:49:42,1684558182,19.1,33.6,98300,1.00,3.00,5.00,7.00,0.0147,0
2023-05-20 00:54:41,1684558482,19.0,34.0,98300,1.00,3.00,6.00,7.00,0.0116,0
2023-05-20 00:59:41,1684558781,18.9,34.0,98300,1.00,3.00,4.00,5.00,0.0107,0
2023-05-20 01:04:41,1684559081,18.9,34.2,98300,2.00,3.00,4.00,5.00,0.0107,0
2023-05-20 01:09:40,1684559381,18.8,34.5,98300,3.00,4.00,6.00,6.00,0.0103,0
2023-05-20 01:14:41,1684559681,18.8,34.9,98300,1.00,1.00,3.00,3.00,0.0112,0
2023-05-20 01:19:40,1684559981,18.8,34.7,98300,1.00,3.00,6.00,7.00,0.0102,0
2023-05-20 01:24:40,1684560280,18.7,34.7,98300,1.00,4.00,7.00,9.00,0.0147,0
2023-05-20 01:29:48,1684560589,18.7,34.7,98300,1.00,2.00,4.00,5.00,0.0147,0
2023-05-20 01:34:48,1684560889,18.8,35.1,98300,2.00,7.00,12.0,14.0,0.0189,0
2023-05-20 01:39:48,1684561189,18.8,35.2,98300,1.00,3.00,6.00,7.00,0.0331,0
2023-05-20 01:44:48,1684561488,18.8,34.9,98300,1.00,2.00,4.00,4.00,0.0193,0
2023-05-20 01:49:48,1684561789,18.8,35.0,98300,1e-7,2.00,4.00,5.00,0.0128,0
2023-05-20 01:54:48,1684562089,18.8,34.9,98360,1.00,4.00,6.00,7.00,0.0107,0
2023-05-20 01:59:48,1684562388,18.8,35.0,98373,1.00,1.00,3.00,3.00,0.00956,0
2023-05-20 02:04:48,1684562688,18.8,35.2,98300,1.00,4.00,6.00,7.00,0.0116,0
2023-05-20 02:09:47,1684562988,18.8,35.1,98300,1e-7,2.00,4.00,4.00,0.0146,0
2023-05-20 02:14:48,1684563288,18.8,35.3,98300,1e-7,2.00,4.00,4.00,0.0174,0
2023-05-20 02:19:50,1684563591,18.8,35.4,98300,1.00,3.00,4.00,4.00,0.0138,0
2023-05-20 02:24:49,1684563889,18.8,35.3,98300,1.00,2.00,4.00,5.00,0.0109,0
2023-05-20 02:29:50,1684564190,18.7,35.4,98300,3.00,3.00,6.00,7.00,0.0104,0
2023-05-20 02:34:49,1684564490,18.6,35.3,98300,1.00,4.00,6.00,8.00,0.0126,0
2023-05-20 02:39:49,1684564790,18.5,35.4,98300,1.00,2.00,4.00,4.00,0.0111,0
2023-05-20 02:44:50,1684565091,18.5,35.6,98300,1.00,3.00,5.00,7.00,0.0122,0
2023-05-20 02:49:49,1684565390,18.5,36.0,98300,1.00,3.00,6.00,7.00,0.0127,0
2023-05-20 02:54:50,1684565690,18.5,35.8,98300,1.00,2.00,4.00,5.00,0.0127,0
2023-05-20 02:59:50,1684565990,18.5,35.8,98300,1.00,2.00,3.00,4.00,0.0124,0
2023-05-20 03:04:49,1684566290,18.5,35.8,98320,1.00,2.00,4.00,4.00,0.0124,0
2023-05-20 03:09:49,1684566590,18.5,36.0,98360,1.00,3.00,4.00,5.00,0.0101,0
2023-05-20 03:14:58,1684566898,18.5,36.0,98300,2.00,3.00,4.00,5.00,0.0104,0
2023-05-20 03:19:58,1684567198,18.5,35.9,98300,1.00,2.00,4.00,5.00,0.0105,0
2023-05-20 03:24:57,1684567498,18.5,35.9,98300,2.00,3.00,4.00,4.00,0.0102,0
2023-05-20 03:29:57,1684567797,18.5,36.0,98387,1.00,4.00,7.00,9.00,0.0102,0
2023-05-20 03:34:57,1684568097,18.4,36.2,98340,1.00,4.00,6.00,7.00,0.0209,0
2023-05-20 03:39:57,1684568397,18.4,36.1,98300,1.00,4.00,7.00,9.00,0.0163,0
2023-05-20 03:44:56,1684568697,18.4,36.2,98300,1.00,3.00,6.00,7.00,0.0146,0
2023-05-20 03:49:56,1684568997,18.4,36.2,98300,1.00,3.00,6.00,7.00,0.0146,0
2023-05-20 03:54:56,1684569297,18.4,36.0,98300,1.00,3.00,6.00,7.00,0.0138,0
2023-05-20 03:59:56,1684569597,18.4,36.4,98320,1.00,2.00,4.00,4.00,0.0168,0
2023-05-20 04:04:57,1684569897,18.4,36.2,98400,1e-7,2.00,4.00,5.00,0.0133,0
2023-05-20 04:09:56,1684570197,18.4,36.2,98400,1.00,3.00,6.00,7.00,0.0124,0
2023-05-20 04:14:56,1684570497,18.4,36.3,98400,1.00,2.00,3.00,4.00,0.0147,0
2023-05-20 04:19:56,1684570797,18.4,36.3,98400,1e-7,2.00,4.00,5.00,0.0147,0
2023-05-20 04:24:56,1684571096,18.4,36.4,98400,1.00,3.00,6.00,7.00,0.0133,0
2023-05-20 04:29:55,1684571396,18.3,36.3,98400,1.00,4.00,6.00,7.00,0.0118,0
2023-05-20 04:34:56,1684571696,18.3,37.1,98400,1.00,1.00,2.00,2.00,0.0145,0
2023-05-20 04:39:55,1684571996,18.2,37.6,98400,1.00,2.00,3.00,4.00,0.0145,0
2023-05-20 04:44:56,1684572297,18.2,37.7,98400,1.00,3.00,5.00,7.00,0.0154,0
2023-05-20 04:49:56,1684572597,18.1,37.9,98400,2.00,4.00,6.00,7.00,0.0216,0
2023-05-20 04:54:56,1684572897,18.0,38.2,98400,2.00,2.00,4.00,4.00,0.0145,0
2023-05-20 04:59:56,1684573197,17.9,38.6,98400,1.00,5.00,8.00,10.0,0.0186,0
2023-05-20 05:04:56,1684573497,17.8,38.6,98400,1.00,4.00,7.00,9.00,0.0269,0
2023-05-20 05:09:56,1684573797,17.8,38.8,98400,2.00,2.00,4.00,4.00,0.0422,0
2023-05-20 05:14:56,1684574097,17.8,39.1,98400,2.00,4.00,6.00,7.00,0.0422,0
2023-05-20 05:19:56,1684574397,17.7,39.3,98400,2.00,2.00,3.00,3.00,0.0226,0
2023-05-20 05:24:57,1684574697,17.7,39.5,98400,1.00,3.00,4.00,5.00,0.0162,0
2023-05-20 05:29:57,1684574997,17.7,39.5,98400,1.00,2.00,4.00,4.00,0.0146,0
2023-05-20 05:34:56,1684575297,17.7,39.5,98400,1.00,4.00,7.00,9.00,0.0107,0
2023-05-20 05:39:56,1684575597,17.6,39.6,98400,1.00,4.00,7.00,8.00,0.0281,0
2023-05-20 05:44:56,1684575897,17.6,39.8,98400,1.00,3.00,6.00,7.00,0.0225,0
2023-05-20 05:49:56,1684576197,17.6,39.8,98400,1.00,2.00,4.00,4.00,0.0161,0
2023-05-20 05:54:56,1684576497,17.6,39.8,98400,1.00,2.00,4.00,5.00,0.0132,0
2023-05-20 05:59:56,1684576796,17.6,40.0,98400,2.00,6.00,9.00,11.0,0.0140,0
2023-05-20 06:04:56,1684577096,17.6,40.0,98400,2.00,2.00,3.00,3.00,0.0190,0
2023-05-20 06:09:56,1684577397,17.6,39.9,98400,1.00,2.00,3.00,4.00,0.0184,0
2023-05-20 06:14:56,1684577697,17.6,40.1,98400,1.00,4.00,7.00,8.00,0.0187,0
2023-05-20 06:19:57,1684577997,17.6,40.2,98400,1.00,2.00,4.00,4.00,0.0238,0
2023-05-20 06:24:57,1684578297,17.6,40.4,98400,1.00,3.00,6.00,7.00,0.0189,0
2023-05-20 06:29:46,1684578586,17.6,40.4,98400,1.00,3.00,6.00,7.00,0.0155,0
2023-05-20 06:34:46,1684578886,17.6,40.7,98500,1.00,2.00,3.00,4.00,0.0103,0
2023-05-20 06:39:47,1684579187,17.6,40.9,98500,2.00,2.00,3.00,4.00,0.0119,0
2023-05-20 06:44:47,1684579487,17.6,40.9,98500,2.00,4.00,5.00,6.00,0.0114,0
2023-05-20 06:49:47,1684579787,17.6,41.0,98500,1.00,4.00,6.00,7.00,0.0115,0
2023-05-20 06:54:48,1684580088,17.6,41.0,98500,1.00,2.00,4.00,5.00,0.0119,0
2023-05-20 06:59:48,1684580388,17.6,41.1,98500,1.00,3.00,6.00,7.00,0.0119,0
2023-05-20 07:04:48,1684580688,17.6,41.1,98500,1.00,3.00,6.00,7.00,0.0140,0
2023-05-20 07:05:08,1684580708,17.6,41.3,98500,1e-7,2.00,3.00,3.00,0.0113,0
2023-05-20 09:58:59,1684591139,22.2,36.8,98475,2.00,3.00,4.00,5.00,,
2023-05-20 10:03:22,1684591403,22.2,37.0,98400,1.00,3.00,6.00,7.00,,
2023-05-20 10:09:41,1684591782,22.1,37.7,98400,1.00,1.00,1.00,1.00,,
2023-05-20 10:14:39,1684592079,22.1,37.0,98400,1.00,2.00,4.00,4.00,,
2023-05-20 10:24:51,1684592692,22.3,36.6,98400,1.00,4.00,6.00,8.00,,
2023-05-20 10:28:46,1684592927,22.3,36.3,98400,3.00,3.00,3.00,3.00,,
2023-05-20 10:54:46,1684594486,22.2,36.1,98400,1e-7,2.00,3.00,3.00,0.0110,0
2023-05-20 10:59:05,1684594745,22.3,35.9,98400,2.00,2.00,3.00,4.00,0.0127,0
2023-05-20 11:24:48,1684596289,21.9,35.8,98400,1.00,3.00,6.00,7.00,,
2023-05-20 13:04:52,1684602292,23.4,35.1,98300,1.00,6.00,10.0,12.0,,
2023-05-20 13:09:52,1684602592,23.4,34.7,98300,2.00,3.00,5.00,7.00,,
2023-05-20 13:14:49,1684602890,23.3,34.8,98300,1.00,4.00,8.00,9.00,,
2023-05-20 13:15:29,1684602930,23.3,34.5,98300,1e-7,2.00,3.00,4.00,,
2023-05-20 16:09:48,1684613388,27.3,29.4,98044,1.00,2.00,4.00,4.00,,
2023-05-20 16:14:44,1684613684,27.3,29.1,98000,2.00,3.00,5.00,6.00,,
2023-05-20 16:16:03,1684613764,27.2,29.1,98000,1.00,2.00,4.00,4.00,,
2023-05-20 16:29:54,1684614594,26.9,29.3,98000,1.00,2.00,3.00,4.00,,
2023-05-20 16:34:30,1684614871,26.8,29.3,98000,1.00,2.00,3.00,4.00,,
2023-05-20 16:39:59,1684615199,26.6,29.4,98000,1e-7,1e-7,1e-7,1e-7,,
2023-05-20 16:44:56,1684615496,26.6,29.5,98000,1.00,4.00,6.00,7.00,,
2023-05-20 16:49:53,1684615793,26.4,29.4,98000,2.00,3.00,4.00,4.00,0.0161,0
2023-05-20 16:50:12,1684615813,26.3,29.5,98000,1e-7,1e-7,1e-7,1e-7,0.00854,0
2023-05-20 16:59:46,1684616386,26.1,29.8,98000,1e-7,1.00,3.00,3.00,0.0114,0
2023-05-20 17:04:42,1684616683,26.1,29.9,98000,1.00,6.00,11.0,13.0,0.0136,0
2023-05-20 17:09:59,1684616999,26.2,29.6,98000,1.00,2.00,3.00,3.00,0.0190,0
2023-05-20 17:14:56,1684617296,26.1,29.8,98000,1.00,3.00,5.00,6.00,0.0174,0
2023-05-20 17:19:53,1684617593,26.0,29.9,98000,2.00,4.00,6.00,7.00,0.0127,0
2023-05-20 17:24:50,1684617891,26.1,29.8,97953,1.00,6.00,9.00,11.0,0.0599,0
2023-05-20 17:29:47,1684618188,26.1,29.8,97900,1.00,3.00,4.00,5.00,0.0648,0
2023-05-20 17:34:45,1684618485,26.1,29.7,97900,1.00,3.00,6.00,7.00,0.0578,0
2023-05-20 17:39:42,1684618782,26.1,29.8,97900,1.00,2.00,3.00,4.00,0.0241,0
2023-05-20 17:44:59,1684619099,26.0,29.8,97900,1.00,4.00,5.00,7.00,0.0145,0
2023-05-20 17:49:56,1684619396,25.9,29.9,97900,2.00,2.00,3.00,3.00,0.0145,0
2023-05-20 17:54:53,1684619693,25.8,30.0,97900,2.00,3.00,4.00,4.00,0.0141,0
2023-05-20 17:59:50,1684619991,25.8,30.0,97900,2.00,2.00,3.00,3.00,0.0103,0
2023-05-20 18:04:48,1684620288,25.8,30.3,97900,2.00,2.00,3.00,4.00,0.0101,0
2023-05-20 18:09:45,1684620585,25.7,30.3,97900,1.00,2.00,4.00,5.00,0.0101,0
2023-05-20 18:14:42,1684620883,25.7,30.6,97900,2.00,2.00,4.00,5.00,0.0105,0
2023-05-20 18:19:59,1684621200,25.5,30.6,97900,1.00,3.00,4.00,5.00,0.0105,0
2023-05-20 18:24:57,1684621497,25.4,30.8,97900,2.00,4.00,6.00,7.00,0.0116,0
2023-05-20 18:29:54,1684621794,25.1,30.9,97893,1.00,2.00,4.00,5.00,0.0161,0
2023-05-20 18:34:51,1684622092,24.9,31.1,97800,1.00,2.00,4.00,5.00,0.0161,0
2023-05-20 18:39:49,1684622389,24.7,31.5,97800,1.00,3.00,5.00,6.00,0.0139,0
2023-05-20 18:44:46,1684622687,24.6,31.9,97867,1.00,4.00,8.00,9.00,0.0144,0
2023-05-20 18:49:44,1684622984,24.5,32.0,97800,1e-7,2.00,4.00,5.00,0.0124,0
2023-05-20 18:54:42,1684623282,24.5,32.3,97800,1.00,4.00,6.00,7.00,0.0124,0
2023-05-20 18:59:59,1684623600,24.4,32.5,97800,1.00,2.00,4.00,5.00,0.0159,0
2023-05-20 19:04:41,1684623881,24.3,32.6,97800,2.00,5.00,9.00,11.0,0.0270,0
2023-05-20 19:09:58,1684624199,24.3,32.8,97800,1.00,4.00,7.00,9.00,0.0164,0
2023-05-20 19:14:56,1684624496,24.2,33.4,97800,2.00,3.00,6.00,7.00,0.0213,0
2023-05-20 19:19:54,1684624794,24.1,34.1,97800,2.00,2.00,3.00,4.00,0.0128,0
2023-05-20 19:24:52,1684625092,23.9,34.1,97800,3.00,5.00,8.00,9.00,0.0102,0
2023-05-20 19:29:50,1684625391,23.8,33.9,97800,2.00,2.00,3.00,4.00,0.00936,0
2023-05-20 19:34:48,1684625689,23.6,34.5,97800,3.00,4.00,6.00,6.00,0.0156,0
2023-05-20 19:39:47,1684625988,23.5,34.6,97800,1.00,2.00,4.00,5.00,0.0144,0
2023-05-20 19:44:45,1684626286,23.3,35.0,97800,2.00,2.00,4.00,5.00,0.0138,0
2023-05-20 19:49:43,1684626584,23.2,35.4,97800,1.00,3.00,6.00,7.00,0.0132,0
2023-05-20 19:54:41,1684626882,23.1,36.0,97800,2.00,7.00,11.0,13.0,0.0128,0
2023-05-20 19:59:59,1684627200,23.0,36.1,97769,2.00,5.00,8.00,9.00,0.0214,0
2023-05-20 20:04:57,1684627498,22.9,36.2,97793,1.00,2.00,4.00,4.00,0.0214,0
2023-05-20 20:09:56,1684627797,22.7,36.2,97740,1.00,4.00,6.00,7.00,0.0296,0
2023-05-20 20:14:55,1684628095,22.6,36.2,97700,3.00,5.00,7.00,8.00,0.0170,0
2023-05-20 20:19:53,1684628394,22.4,36.3,97773,1.00,2.00,4.00,5.00,0.0207,0
2023-05-20 20:24:52,1684628692,22.3,36.7,97700,1.00,2.00,3.00,4.00,0.0131,0
2023-05-20 20:29:50,1684628990,22.2,36.9,97700,3.00,5.00,8.00,10.0,0.0170,0
2023-05-20 20:34:48,1684629289,22.2,36.8,97700,1.00,5.00,7.00,9.00,0.0329,0
2023-05-20 20:39:56,1684629596,22.1,36.7,97700,1.00,2.00,4.00,4.00,0.0464,0
2023-05-20 20:44:54,1684629895,22.1,36.4,97700,1.00,2.00,4.00,4.00,0.0464,0
2023-05-20 20:49:54,1684630194,22.1,36.4,97700,1.00,2.00,4.00,5.00,0.0136,0
2023-05-20 20:54:52,1684630493,22.0,36.4,97700,1e-7,1.00,3.00,3.00,0.0105,0
2023-05-20 20:59:51,1684630791,21.9,36.9,97700,1.00,4.00,7.00,8.00,0.0105,0
2023-05-20 21:04:50,1684631091,21.9,37.0,97700,1.00,2.00,4.00,4.00,0.0167,0
2023-05-20 21:09:49,1684631389,21.8,37.3,97747,1.00,4.00,8.00,9.00,0.0132,0
2023-05-20 21:14:47,1684631688,21.6,38.1,97800,2.00,8.00,13.0,15.0,0.0313,0
2023-05-20 21:19:46,1684631987,21.3,39.9,97753,1.00,2.00,3.00,4.00,0.0357,0
2023-05-20 21:24:46,1684632287,20.9,40.2,97700,1.00,4.00,6.00,7.00,0.0206,0
2023-05-20 21:29:45,1684632586,20.7,40.0,97700,1.00,3.00,5.00,5.00,0.0175,0
2023-05-20 21:34:44,1684632885,20.4,40.2,97700,1.00,3.00,4.00,5.00,0.0109,0
2023-05-20 21:39:43,1684633184,20.3,40.5,97700,1.00,2.00,4.00,4.00,0.0164,0
2023-05-20 21:44:42,1684633483,20.1,42.2,97700,3.00,4.00,5.00,5.00,0.0140,0
2023-05-20 21:49:42,1684633782,20.1,42.2,97700,1.00,2.00,3.00,3.00,0.0118,0
2023-05-20 21:54:41,1684634081,20.0,41.9,97700,1.00,2.00,2.00,2.00,0.0125,0
2023-05-20 21:59:40,1684634380,19.9,42.0,97653,1.00,2.00,3.00,4.00,0.0100,0
2023-05-20 22:04:40,1684634681,19.9,41.9,97600,1.00,4.00,6.00,8.00,0.0211,0
2023-05-20 22:09:59,1684635000,19.8,42.1,97638,1.00,2.00,3.00,4.00,0.0192,0
2023-05-20 22:14:58,1684635299,19.8,42.8,97600,2.00,3.00,6.00,7.00,0.0168,0
2023-05-20 22:19:58,1684635598,19.7,43.1,97600,2.00,5.00,8.00,9.00,0.0171,0
2023-05-20 22:24:56,1684635897,19.7,43.5,97600,2.00,3.00,6.00,7.00,0.0111,0
2023-05-20 22:29:55,1684636196,19.7,43.2,97600,1.00,2.00,4.00,5.00,0.0111,0
2023-05-20 22:34:55,1684636495,19.7,43.5,97600,1.00,2.00,4.00,5.00,0.0139,0
2023-05-20 22:39:54,1684636795,19.7,43.8,97600,1.00,4.00,7.00,9.00,0.0128,0
2023-05-20 22:44:53,1684637094,19.8,43.8,97600,1e-7,2.00,3.00,4.00,0.0117,0
2023-05-20 22:49:52,1684637393,19.8,43.7,97600,1.00,4.00,6.00,7.00,0.0116,0
2023-05-20 22:54:51,1684637692,19.8,43.5,97600,1.00,1.00,3.00,3.00,0.0142,0
2023-05-20 22:59:40,1684637981,19.8,43.5,97600,2.00,2.00,3.00,4.00,0.0162,0
2023-05-20 23:04:59,1684638300,19.8,43.3,97563,1e-7,2.00,3.00,4.00,0.0151,0
2023-05-20 23:09:59,1684638599,19.7,43.5,97500,1.00,4.00,6.00,7.00,0.00995,0
2023-05-20 23:14:58,1684638899,19.7,43.5,97500,1.00,4.00,7.00,8.00,0.0161,0
2023-05-20 23:19:57,1684639198,19.7,43.5,97500,1.00,2.00,4.00,5.00,0.0227,0
2023-05-20 23:24:57,1684639497,19.7,43.4,97500,2.00,2.00,4.00,4.00,0.0150,0
2023-05-20 23:29:56,1684639797,19.6,43.6,97500,1.00,2.00,3.00,3.00,0.0103,0
2023-05-20 23:34:44,1684640085,19.6,43.7,97500,1e-7,2.00,4.00,4.00,0.0102,0
2023-05-20 23:39:44,1684640384,19.6,43.8,97500,1e-7,1.00,3.00,3.00,0.00995,0
2023-05-20 23:44:43,1684640684,19.5,43.9,97500,1e-7,2.00,4.00,5.00,0.00995,0
2023-05-20 23:49:43,1684640983,19.5,44.0,97460,1e-7,2.00,3.00,3.00,0.0101,0
2023-05-20 23:54:42,1684641283,19.5,44.3,97400,1e-7,2.00,4.00,5.00,0.0102,0
2023-05-20 23:59:42,1684641582,19.5,44.4,97400,2.00,2.00,4.00,4.00,0.0102,0
2023-05-21 00:04:41,1684641882,19.4,44.3,97400,1e-7,1.00,1.00,1.00,0.0105,0
2023-05-21 00:09:41,1684642182,19.4,45.2,97400,1.00,2.00,4.00,5.00,0.0103,0
2023-05-21 00:14:40,1684642481,19.3,45.6,97400,1.00,4.00,6.00,7.00,0.0155,0
2023-05-21 00:19:40,1684642781,19.3,46.0,97400,1.00,2.00,4.00,5.00,0.0120,0
2023-05-21 00:24:59,1684643100,19.2,45.9,97400,1.00,4.00,6.00,7.00,0.0108,0
2023-05-21 00:29:59,1684643399,19.2,46.2,97400,1e-7,2.00,4.00,5.00,0.0126,0
2023-05-21 00:34:58,1684643699,19.1,46.0,97400,1.00,1.00,3.00,3.00,0.0152,0
2023-05-21 00:39:58,1684643998,19.1,45.9,97313,1e-7,2.00,4.00,4.00,0.0155,0
2023-05-21 00:44:57,1684644298,19.0,45.6,97300,1e-7,2.00,3.00,3.00,0.0102,0
2023-05-21 00:49:57,1684644598,19.0,45.8,97300,1.00,2.00,3.00,4.00,0.00995,0
2023-05-21 00:54:57,1684644897,18.9,45.7,97300,1e-7,1.00,3.00,3.00,0.00995,0
2023-05-21 00:59:57,1684645197,18.9,46.2,97300,1.00,2.00,4.00,4.00,0.00995,0
2023-05-21 01:04:56,1684645497,18.7,46.3,97300,1e-7,2.00,4.00,4.00,0.00995,0
2023-05-21 01:09:56,1684645796,18.7,46.1,97300,1e-7,1.00,3.00,3.00,0.00995,0
2023-05-21 01:14:56,1684646096,18.6,46.2,97293,1.00,2.00,3.00,4.00,0.00995,0
2023-05-21 01:19:55,1684646396,18.5,46.1,97213,1.00,2.00,3.00,3.00,0.00995,0
2023-05-21 01:24:55,1684646695,18.5,46.3,97200,1e-7,2.00,3.00,4.00,0.00995,0
2023-05-21 01:29:55,1684646995,18.5,46.7,97200,1e-7,1e-7,1e-7,1e-7,0.00995,0
2023-05-21 01:34:55,1684647296,18.5,46.7,97200,1e-7,1e-7,1e-7,1e-7,0.00995,0
2023-05-21 01:39:55,1684647595,18.5,47.3,97200,1e-7,2.00,3.00,3.00,0.00995,0
2023-05-21 01:44:54,1684647895,18.5,47.8,97200,1e-7,2.00,3.00,4.00,0.00995,0
2023-05-21 01:49:54,1684648195,18.5,48.3,97200,1e-7,2.00,3.00,4.00,0.00995,0
2023-05-21 01:54:54,1684648494,18.4,48.8,97193,1e-7,2.00,4.00,5.00,0.0101,0
2023-05-21 01:59:54,1684648794,18.5,48.2,97100,1e-7,1e-7,1e-7,1e-7,0.0101,0
2023-05-21 02:04:54,1684649094,18.4,48.3,97100,1e-7,1e-7,1e-7,1e-7,0.0101,0
2023-05-21 02:09:54,1684649394,18.4,48.0,97100,1.00,2.00,3.00,3.00,0.00995,0
2023-05-21 02:14:54,1684649694,18.4,47.8,97100,1e-7,1.00,3.00,3.00,0.00995,0
2023-05-21 02:19:54,1684649994,18.4,47.8,97100,1e-7,1e-7,1e-7,1e-7,0.00995,0
2023-05-21 02:24:53,1684650294,18.4,47.9,97100,1e-7,2.00,3.00,3.00,0.00995,0
2023-05-21 02:29:53,1684650593,18.4,48.6,97100,1e-7,1.00,3.00,3.00,0.00995,0
2023-05-21 02:34:52,1684650893,18.4,49.2,97100,1e-7,2.00,3.00,3.00,0.00995,0
2023-05-21 02:39:52,1684651193,18.3,49.1,97100,1.00,3.00,5.00,7.00,0.0105,0
2023-05-21 02:44:41,1684651482,18.3,49.1,97100,1e-7,2.00,3.00,3.00,0.0111,0
2023-05-21 02:49:41,1684651781,18.3,49.1,97100,1e-7,1e-7,1e-7,1e-7,0.0105,0
2023-05-21 02:54:41,1684652081,18.3,49.8,97100,1e-7,1.00,3.00,3.00,0.0111,0
2023-05-21 02:59:41,1684652382,18.2,49.8,97100,1e-7,2.00,3.00,4.00,0.00995,0
2023-05-21 03:04:41,1684652682,18.2,50.4,97100,1e-7,1e-7,1e-7,1e-7,0.00995,0
2023-05-21 03:09:41,1684652982,18.2,50.4,97100,1e-7,1.00,3.00,3.00,0.00995,0
2023-05-21 03:14:42,1684653283,18.2,50.7,97100,1e-7,1e-7,1e-7,1e-7,0.00995,0
2023-05-21 03:19:42,1684653583,18.2,50.4,97013,1e-7,2.00,3.00,3.00,0.00995,0
2023-05-21 03:24:42,1684653882,18.2,50.2,97000,1e-7,1.00,3.00,3.00,0.00995,0
2023-05-21 03:29:41,1684654182,18.2,50.0,97000,1e-7,2.00,4.00,5.00,0.0101,0
2023-05-21 03:34:41,1684654482,18.2,50.9,97000,1e-7,1e-7,1e-7,1e-7,0.0101,0
2023-05-21 03:39:41,1684654781,18.1,51.4,97000,1e-7,1.00,3.00,3.00,0.0101,0
2023-05-21 03:44:41,1684655081,18.1,51.1,97000,1e-7,2.00,3.00,3.00,0.00995,0
2023-05-21 03:49:41,1684655382,18.1,51.3,97000,1e-7,1.00,3.00,3.00,0.00995,0
2023-05-21 03:54:41,1684655682,18.1,51.6,97000,1e-7,1.00,3.00,3.00,0.00995,0
2023-05-21 03:59:41,1684655981,18.1,51.2,97000,1.00,2.00,3.00,4.00,0.00995,0
2023-05-21 04:04:41,1684656281,18.1,50.6,97000,1e-7,1.00,3.00,3.00,0.00995,0
2023-05-21 04:09:40,1684656581,18.1,50.5,97000,1e-7,2.00,3.00,3.00,0.00995,0
2023-05-21 04:14:40,1684656880,18.1,50.6,97000,1e-7,2.00,4.00,4.00,0.00995,0
2023-05-21 04:19:40,1684657180,18.1,50.5,97000,1e-7,2.00,3.00,4.00,0.00995,0
2023-05-21 04:24:59,1684657500,18.1,50.5,97000,1e-7,1e-7,1e-7,1e-7,0.00995,0
2023-05-21 04:29:59,1684657799,18.1,50.7,97000,1.00,1.00,2.00,2.00,0.00995,0
2023-05-21 04:34:59,1684658100,18.1,50.7,96980,1e-7,2.00,3.00,3.00,0.00995,0
2023-05-21 04:39:59,1684658399,18.0,50.8,96900,1.00,1.00,3.00,3.00,0.00995,0
2023-05-21 04:44:59,1684658699,18.0,51.1,96900,1e-7,2.00,3.00,3.00,0.00995,0
2023-05-21 04:49:59,1684658999,18.0,52.0,96900,1.00,2.00,3.00,3.00,0.00995,0
2023-05-21 04:54:58,1684659299,18.0,52.2,96900,1e-7,2.00,3.00,4.00,0.00995,0
2023-05-21 04:59:58,1684659598,18.0,52.5,96900,1e-7,2.00,4.00,5.00,0.0100,0
2023-05-21 05:04:40,1684659881,18.0,52.2,96900,1e-7,1e-7,1e-7,1e-7,0.0101,0
2023-05-21 05:09:40,1684660180,18.0,52.5,96900,1.00,1.00,2.00,2.00,0.0101,0
2023-05-21 05:14:42,1684660482,18.0,52.8,96900,1.00,3.00,6.00,7.00,0.0107,0
2023-05-21 05:19:41,1684660782,18.0,53.1,96900,1.00,2.00,4.00,5.00,0.0123,0
2023-05-21 05:24:41,1684661081,18.0,53.1,96900,1.00,2.00,4.00,5.00,0.0123,0
2023-05-21 05:29:41,1684661381,18.0,53.6,96900,1.00,3.00,4.00,5.00,0.0108,0
2023-05-21 05:34:21,1684661661,18.0,53.3,96900,1.00,4.00,7.00,8.00,0.0131,0
2023-05-21 05:39:50,1684661990,18.0,53.6,96900,1.00,2.00,3.00,3.00,0.0131,0
2023-05-21 05:44:50,1684662290,18.0,53.3,96900,1.00,2.00,3.00,4.00,0.0167,0
2023-05-21 05:49:50,1684662590,18.0,53.2,96900,2.00,4.00,6.00,7.00,0.0139,0
2023-05-21 05:54:50,1684662890,17.9,53.1,96900,2.00,2.00,3.00,3.00,0.0125,0
2023-05-21 05:59:49,1684663190,17.9,53.0,96900,2.00,2.00,2.00,2.00,0.0129,0
2023-05-21 06:04:49,1684663489,17.8,52.9,96900,1.00,3.00,6.00,7.00,0.0149,0
2023-05-21 06:09:48,1684663789,17.8,53.2,96900,3.00,5.00,6.00,7.00,0.0152,0
2023-05-21 06:14:48,1684664089,17.7,52.9,96900,1.00,2.00,4.00,4.00,0.0113,0
2023-05-21 06:19:49,1684664389,17.7,53.3,96900,2.00,2.00,3.00,4.00,0.0130,0
2023-05-21 07:04:44,1684667085,17.6,52.6,97000,2.00,7.00,11.0,13.0,,
2023-05-21 07:09:43,1684667384,17.6,52.4,97000,1.00,2.00,3.00,3.00,,
2023-05-21 07:14:44,1684667685,17.5,52.1,97000,2.00,3.00,6.00,7.00,,
2023-05-21 07:19:44,1684667984,17.3,51.9,97000,1.00,3.00,4.00,5.00,0.0112,0
2023-05-21 07:24:44,1684668284,17.2,52.1,97000,2.00,3.00,4.00,4.00,0.0112,0
2023-05-21 07:27:43,1684668464,17.1,52.0,97000,2.00,9.00,15.0,18.0,0.0155,0
2023-05-21 08:02:37,1684670557,16.6,53.2,97000,1.00,2.00,3.00,4.00,,
2023-05-21 08:19:40,1684671581,16.4,53.1,97000,1.00,3.00,6.00,7.00,,
2023-05-21 08:24:41,1684671882,16.4,53.1,97000,1.00,3.00,5.00,6.00,,
2023-05-21 08:25:41,1684671942,16.4,53.4,97000,1.00,1.00,2.00,2.00,,
2023-05-21 13:29:54,1684690194,26.6,30.2,97464,5.00,6.00,6.00,6.00,0.00838,0
2023-05-21 13:34:50,1684690491,25.7,31.1,97500,9.00,9.00,9.00,9.00,0.0454,0
2023-05-21 13:39:47,1684690788,25.5,32.2,97500,4.00,6.00,7.00,8.00,0.0454,0
2023-05-21 13:41:26,1684690887,26.0,33.0,97500,3.00,4.00,4.00,5.00,0.0156,0
2023-05-21 13:59:51,1684691992,29.1,28.0,97500,2.00,2.00,2.00,2.00,,
2023-05-21 14:04:46,1684692287,28.9,27.3,97500,10.0,13.0,15.0,18.0,,
2023-05-21 14:09:43,1684692584,28.6,26.7,97500,4.00,5.00,5.00,5.00,,
2023-05-21 14:14:59,1684692899,27.9,26.1,97500,4.00,6.00,7.00,8.00,0.136,0
2023-05-21 14:15:38,1684692939,27.6,26.9,97500,1.00,1.00,1.00,2.00,0.0230,0
2023-05-21 14:29:56,1684693797,28.6,24.2,97550,4.00,6.00,8.00,8.00,0.0219,0
2023-05-21 14:34:30,1684694071,28.2,24.4,97525,9.00,9.00,12.0,14.0,0.0229,0
2023-05-21 14:39:52,1684694393,27.6,24.8,97600,3.00,4.00,7.00,8.00,0.0413,0
2023-05-21 14:44:49,1684694690,27.5,24.7,97600,10.0,13.0,15.0,16.0,0.0286,0
2023-05-21 14:49:25,1684694966,27.2,23.7,97600,9.00,10.0,10.0,11.0,0.0519,0
2023-05-21 15:03:58,1684695838,26.1,23.2,97600,6.00,7.00,7.00,7.00,0.124,0
2023-05-21 15:09:43,1684696183,25.7,24.2,97600,10.0,13.0,15.0,16.0,0.0866,0
2023-05-21 15:14:57,1684696497,25.3,24.2,97600,14.0,16.0,17.0,17.0,0.0866,0
2023-05-21 15:19:05,1684696745,25.0,25.0,97600,4.00,5.00,5.00,5.00,0.0337,0
2023-05-21 15:23:28,1684697008,24.7,24.5,97600,5.00,7.00,8.00,8.00,0.0179,0
2023-05-21 15:29:53,1684697393,24.7,23.4,97600,8.00,9.00,9.00,9.00,0.106,0
2023-05-21 15:30:52,1684697453,24.6,23.3,97600,2.00,3.00,4.00,4.00,0.0763,0
2023-05-21 15:39:00,1684697941,24.3,23.7,97636,8.00,9.00,9.00,9.00,0.0554,0
2023-05-21 15:44:49,1684698290,24.1,22.6,97700,9.00,10.0,10.0,10.0,0.108,0
2023-05-21 15:47:06,1684698427,24.1,23.3,97700,6.00,6.00,6.00,6.00,0.0729,0
2023-05-21 15:54:19,1684698860,24.0,22.5,97700,5.00,5.00,5.00,5.00,0.0129,0
2023-05-21 15:56:16,1684698977,23.9,23.3,97700,2.00,3.00,3.00,3.00,0.0432,0
2023-05-21 16:24:57,1684700698,24.2,22.5,97700,3.00,5.00,7.00,7.00,,
2023-05-21 16:29:55,1684700995,24.1,21.5,97700,5.00,7.00,9.00,10.0,,
2023-05-21 16:31:34,1684701094,23.9,19.1,97700,3.00,6.00,9.00,10.0,,
2023-05-21 16:39:48,1684701588,23.6,20.3,97767,3.00,5.00,6.00,7.00,,
2023-05-21 16:44:46,1684701887,23.4,20.1,97800,3.00,4.00,6.00,7.00,0.0138,0
2023-05-21 16:49:44,1684702185,23.2,20.6,97800,1.00,3.00,6.00,7.00,0.0149,0
2023-05-21 16:54:42,1684702482,23.1,21.1,97800,3.00,6.00,9.00,11.0,0.0307,0
2023-05-21 16:59:59,1684702800,23.1,20.6,97800,3.00,4.00,6.00,7.00,0.0273,0
2023-05-21 17:04:46,1684703087,23.1,21.9,97800,1.00,2.00,4.00,5.00,0.0192,0
2023-05-21 17:09:44,1684703385,23.2,22.5,97800,2.00,3.00,4.00,5.00,0.0117,0
2023-05-21 17:14:42,1684703682,23.1,22.0,97800,4.00,6.00,8.00,9.00,0.0158,0
2023-05-21 17:19:40,1684703980,22.8,21.6,97800,1.00,4.00,7.00,8.00,0.0212,0
2023-05-21 17:24:58,1684704298,22.4,21.4,97813,1.00,4.00,6.00,7.00,0.0176,0
2023-05-21 17:29:56,1684704597,22.2,21.3,97900,1e-7,2.00,4.00,5.00,0.0399,0
2023-05-21 17:34:54,1684704895,21.9,21.1,97900,2.00,2.00,4.00,4.00,0.0294,0
2023-05-21 17:39:53,1684705193,21.7,21.1,97900,1.00,3.00,6.00,7.00,0.0143,0
2023-05-21 17:44:51,1684705491,21.5,21.1,97900,2.00,2.00,4.00,4.00,0.0136,0
2023-05-21 17:49:49,1684705790,21.3,22.1,97900,1e-7,2.00,4.00,4.00,0.0146,0
2023-05-21 17:54:49,1684706090,21.1,22.5,97900,3.00,4.00,5.00,5.00,0.0131,0
2023-05-21 17:59:48,1684706388,20.9,21.7,97900,2.00,3.00,4.00,4.00,0.0129,0
2023-05-21 18:04:47,1684706688,20.8,21.1,97900,2.00,6.00,10.0,12.0,0.0191,0
2023-05-21 18:09:46,1684706986,20.6,19.6,97900,2.00,4.00,5.00,5.00,0.0203,0
2023-05-21 18:14:45,1684707285,20.4,20.8,97940,1.00,4.00,6.00,8.00,0.0143,0
2023-05-21 18:19:44,1684707584,20.2,21.5,98000,1e-7,2.00,4.00,4.00,0.0151,0
2023-05-21 18:24:43,1684707883,20.0,22.6,98000,1e-7,2.00,4.00,5.00,0.0162,0
2023-05-21 18:29:42,1684708183,19.7,23.5,98000,1.00,2.00,3.00,3.00,0.0137,0
2023-05-21 18:34:41,1684708482,19.4,23.8,98000,1e-7,2.00,4.00,4.00,0.0103,0
2023-05-21 18:39:40,1684708781,19.1,24.2,98000,1.00,3.00,4.00,5.00,0.0104,0
2023-05-21 18:44:40,1684709080,18.8,24.6,98000,1.00,4.00,7.00,8.00,0.0107,0
2023-05-21 18:49:59,1684709399,18.5,23.3,98000,1.00,2.00,4.00,4.00,0.0161,0
2023-05-21 18:54:59,1684709699,18.3,23.5,98007,1.00,1.00,2.00,2.00,0.0151,0
2023-05-21 18:59:58,1684709998,18.1,23.7,98093,1.00,4.00,7.00,8.00,0.0159,0
2023-05-21 19:04:58,1684710299,17.9,23.8,98100,1e-7,2.00,4.00,5.00,0.0131,0
2023-05-21 19:09:58,1684710598,17.7,24.3,98100,1.00,2.00,3.00,3.00,0.0123,0
2023-05-21 19:14:58,1684710898,17.5,24.7,98100,2.00,2.00,2.00,2.00,0.00995,0
2023-05-21 19:19:58,1684711198,17.3,24.5,98100,1e-7,2.00,4.00,4.00,0.0100,0
2023-05-21 19:24:58,1684711498,17.1,24.8,98100,1e-7,2.00,4.00,4.00,0.00995,0
2023-05-21 19:29:58,1684711798,16.9,25.3,98100,1e-7,2.00,4.00,5.00,0.00995,0
2023-05-21 19:34:58,1684712099,16.7,24.7,98127,1e-7,2.00,4.00,5.00,0.0102,0
2023-05-21 19:39:58,1684712398,16.6,24.4,98200,1e-7,2.00,4.00,4.00,0.0106,0
2023-05-21 19:44:58,1684712698,16.5,25.5,98200,1e-7,1.00,3.00,3.00,0.0109,0
2023-05-21 19:49:58,1684712999,16.3,25.5,98200,1.00,1.00,2.00,2.00,0.0103,0
2023-05-21 19:54:58,1684713299,16.0,25.7,98200,1.00,2.00,3.00,4.00,0.00995,0
2023-05-21 19:59:58,1684713599,15.8,25.9,98200,1.00,2.00,4.00,5.00,0.0100,0
2023-05-21 20:04:58,1684713899,15.5,26.0,98200,1.00,4.00,7.00,9.00,0.0130,0
2023-05-21 20:09:58,1684714199,15.4,25.1,98200,1.00,2.00,3.00,3.00,0.0144,0
2023-05-21 20:14:58,1684714499,15.3,25.7,98200,1.00,2.00,4.00,5.00,0.0144,0
2023-05-21 20:19:59,1684714800,15.1,26.3,98247,1.00,2.00,4.00,5.00,0.0102,0
2023-05-21 20:24:59,1684715100,14.9,25.8,98300,2.00,4.00,6.00,7.00,0.0128,0
2023-05-21 20:29:40,1684715380,14.7,26.2,98300,1e-7,1e-7,1e-7,1e-7,0.0128,0
2023-05-21 20:34:41,1684715682,14.5,26.3,98300,1.00,2.00,4.00,4.00,0.0160,0
2023-05-21 20:39:42,1684715982,14.3,26.5,98300,1e-7,2.00,3.00,4.00,0.00995,0
2023-05-21 20:44:43,1684716283,14.2,26.6,98300,1e-7,2.00,4.00,4.00,0.00995,0
2023-05-21 20:49:44,1684716584,14.0,26.3,98300,1e-7,2.00,4.00,4.00,0.00995,0
2023-05-21 20:54:44,1684716885,13.7,26.5,98320,1e-7,2.00,4.00,4.00,0.00995,0
2023-05-21 20:59:45,1684717186,13.5,26.7,98400,1.00,1.00,2.00,2.00,0.00995,0
2023-05-21 21:04:46,1684717487,13.3,27.2,98400,1e-7,2.00,4.00,4.00,0.00995,0
2023-05-21 21:09:47,1684717788,13.1,27.5,98400,1e-7,2.00,3.00,4.00,0.00995,0
2023-05-21 21:14:48,1684718089,13.0,27.2,98400,1.00,2.00,4.00,4.00,0.00995,0
2023-05-21 21:19:50,1684718391,12.9,27.2,98400,1.00,2.00,4.00,4.00,0.00995,0
2023-05-21 21:24:51,1684718692,12.8,27.0,98400,1.00,3.00,4.00,4.00,0.00998,0
2023-05-21 21:29:53,1684718993,12.7,27.2,98400,1.00,1.00,2.00,2.00,0.00998,0
2023-05-21 21:34:54,1684719294,12.5,27.0,98467,1e-7,2.00,3.00,4.00,0.0100,0
2023-05-21 21:39:55,1684719595,12.4,27.0,98500,1e-7,1.00,3.00,3.00,0.00998,0
2023-05-21 21:44:45,1684719885,12.2,27.1,98500,1.00,4.00,7.00,8.00,0.00995,0
2023-05-21 21:49:46,1684720187,12.1,27.4,98500,1e-7,2.00,3.00,4.00,0.0131,0
2023-05-21 21:54:48,1684720488,11.9,27.5,98500,1e-7,2.00,4.00,4.00,0.0129,0
2023-05-21 21:59:49,1684720789,11.7,27.5,98500,1.00,3.00,6.00,7.00,0.00995,0
2023-05-21 22:04:51,1684721092,11.6,27.5,98500,1.00,5.00,9.00,10.0,0.0192,0
2023-05-21 22:09:53,1684721393,11.4,27.5,98500,1.00,2.00,3.00,4.00,0.0210,0
2023-05-21 22:14:55,1684721695,11.2,27.8,98533,1e-7,2.00,3.00,4.00,0.0220,0
2023-05-21 22:19:57,1684721998,11.1,27.9,98600,1e-7,2.00,3.00,4.00,0.0205,0
2023-05-21 22:24:59,1684722300,10.9,28.5,98600,1e-7,2.00,3.00,4.00,0.00995,0
2023-05-21 22:29:41,1684722582,10.7,28.6,98600,1e-7,2.00,4.00,5.00,0.00995,0
2023-05-21 22:34:43,1684722884,10.6,28.6,98600,1.00,2.00,3.00,4.00,0.0101,0
2023-05-21 22:39:45,1684723186,10.5,28.6,98600,1.00,5.00,8.00,10.0,0.0221,0
2023-05-21 22:44:47,1684723488,10.3,29.2,98600,1.00,6.00,11.0,13.0,0.0328,0
2023-05-21 22:49:49,1684723789,10.2,29.9,98600,1.00,4.00,6.00,7.00,0.0250,0
2023-05-21 22:54:51,1684724091,10.0,29.8,98600,1e-7,2.00,4.00,4.00,0.0297,0
2023-05-21 22:59:53,1684724393,9.84,29.5,98600,2.00,2.00,3.00,4.00,0.0217,0
2023-05-21 23:04:55,1684724696,9.70,29.6,98680,1e-7,2.00,4.00,4.00,0.00995,0
2023-05-21 23:09:57,1684724998,9.54,29.9,98700,1e-7,2.00,4.00,5.00,0.00995,0
2023-05-21 23:14:59,1684725300,9.39,30.1,98700,1.00,2.00,3.00,4.00,0.0101,0
2023-05-21 23:19:41,1684725582,9.25,30.0,98700,1.00,2.00,3.00,4.00,0.0101,0
2023-05-21 23:24:45,1684725886,9.09,29.9,98700,1.00,2.00,4.00,4.00,0.00995,0
2023-05-21 23:29:47,1684726188,8.92,30.3,98700,1.00,2.00,4.00,5.00,0.00995,0
2023-05-21 23:34:50,1684726491,8.76,30.3,98700,1e-7,2.00,3.00,4.00,0.0101,0
2023-05-21 23:39:54,1684726794,8.59,30.4,98700,1.00,4.00,6.00,7.00,0.0102,0
2023-05-21 23:44:56,1684727097,8.43,30.4,98700,1.00,5.00,9.00,10.0,0.0276,0
2023-05-21 23:49:59,1684727399,8.29,30.9,98700,1e-7,2.00,4.00,5.00,0.0294,0
2023-05-21 23:54:41,1684727682,8.14,30.9,98700,1e-7,2.00,4.00,4.00,0.0246,0
2023-05-21 23:59:45,1684727985,8.00,31.2,98740,2.00,2.00,4.00,4.00,0.0220,0
2023-05-22 00:04:47,1684728288,7.86,31.5,98800,2.00,4.00,7.00,8.00,0.0119,0
2023-05-22 00:09:51,1684728591,7.70,31.5,98800,1.00,4.00,6.00,7.00,0.0137,0
2023-05-22 00:14:54,1684728894,7.59,31.5,98800,1.00,2.00,4.00,4.00,0.0110,0
2023-05-22 00:19:56,1684729196,7.46,32.0,98800,1.00,2.00,3.00,4.00,0.0117,0
2023-05-22 00:24:59,1684729499,7.34,32.1,98800,1.00,3.00,6.00,7.00,0.0117,0
2023-05-22 00:29:43,1684729784,7.22,32.1,98800,1e-7,1e-7,1e-7,1e-7,0.0103,0
2023-05-22 00:34:46,1684730087,7.10,32.2,98800,1e-7,2.00,3.00,4.00,0.0124,0
2023-05-22 00:39:49,1684730390,6.96,32.9,98800,1.00,2.00,4.00,4.00,0.0101,0
2023-05-22 00:44:52,1684730693,6.85,32.9,98800,1.00,2.00,4.00,5.00,0.0100,0
2023-05-22 00:49:55,1684730996,6.73,33.4,98800,1.00,1.00,1.00,2.00,0.0103,0
2023-05-22 00:54:58,1684731299,6.64,32.9,98800,2.00,2.00,3.00,4.00,0.0103,0
2023-05-22 00:59:41,1684731582,6.55,33.0,98800,1e-7,2.00,4.00,4.00,0.0103,0
2023-05-22 01:04:44,1684731885,6.48,32.7,98800,1e-7,2.00,3.00,4.00,0.00995,0
2023-05-22 01:09:47,1684732188,6.39,32.7,98800,1.00,2.00,3.00,4.00,0.00995,0
2023-05-22 01:14:51,1684732491,6.32,32.6,98800,2.00,4.00,6.00,7.00,0.0143,0
2023-05-22 01:19:54,1684732794,6.25,32.4,98800,1e-7,2.00,3.00,3.00,0.0143,0
2023-05-22 01:24:58,1684733099,6.19,32.4,98800,1e-7,2.00,4.00,5.00,0.0154,0
2023-05-22 01:29:41,1684733382,6.11,32.1,98800,1.00,3.00,4.00,4.00,0.0111,0
2023-05-22 01:34:44,1684733685,6.06,32.2,98833,2.00,3.00,6.00,7.00,0.0110,0
2023-05-22 01:39:48,1684733988,6.02,32.2,98900,1.00,5.00,9.00,11.0,0.0162,0
2023-05-22 01:44:51,1684734291,5.99,32.1,98900,1.00,4.00,8.00,9.00,0.0210,0
2023-05-22 01:49:54,1684734595,5.96,32.1,98900,1e-7,2.00,4.00,4.00,0.0210,0
2023-05-22 01:54:57,1684734898,5.92,32.3,98900,1e-7,2.00,4.00,5.00,0.0187,0
2023-05-22 01:59:40,1684735181,5.87,32.1,98900,1.00,4.00,7.00,9.00,0.0168,0
2023-05-22 02:04:43,1684735484,5.82,32.0,98900,1e-7,2.00,4.00,5.00,0.0212,0
2023-05-22 02:09:48,1684735788,5.78,31.9,98900,1.00,3.00,6.00,7.00,0.0191,0
2023-05-22 02:14:51,1684736091,5.70,32.0,98900,1.00,1.00,1.00,1.00,0.0176,0
2023-05-22 02:19:55,1684736395,5.63,32.4,98900,1.00,2.00,4.00,5.00,0.0124,0
2023-05-22 02:24:58,1684736699,5.55,32.7,98900,1e-7,2.00,3.00,4.00,0.0107,0
2023-05-22 02:29:42,1684736983,5.48,32.8,98900,1e-7,2.00,4.00,5.00,0.0101,0
2023-05-22 02:34:46,1684737286,5.42,33.2,98900,1e-7,2.00,3.00,3.00,0.00995,0
2023-05-22 02:39:49,1684737590,5.34,33.2,98900,1.00,2.00,4.00,4.00,0.0101,0
2023-05-22 02:44:52,1684737893,5.23,33.2,98900,1e-7,2.00,4.00,5.00,0.0101,0
2023-05-22 02:49:56,1684738196,5.09,33.5,98900,1.00,2.00,3.00,3.00,0.0101,0
2023-05-22 02:54:40,1684738481,4.97,33.6,98987,1e-7,1.00,1.00,2.00,0.0101,0
2023-05-22 02:59:44,1684738784,4.85,33.6,99000,1e-7,2.00,4.00,5.00,0.0100,0
2023-05-22 03:04:49,1684739089,4.74,33.6,99000,1e-7,2.00,4.00,4.00,0.0101,0
2023-05-22 03:09:52,1684739393,4.63,33.6,99000,1e-7,2.00,4.00,4.00,0.0100,0
2023-05-22 03:14:56,1684739697,4.52,33.6,99000,1.00,2.00,4.00,5.00,0.0101,0
2023-05-22 03:19:40,1684739980,4.40,33.7,99000,1e-7,2.00,4.00,4.00,0.0102,0
2023-05-22 03:24:44,1684740284,4.29,33.8,99000,1e-7,1e-7,1e-7,1e-7,0.0101,0
2023-05-22 03:29:48,1684740588,4.18,33.7,99000,1e-7,2.00,4.00,5.00,0.00995,0
2023-05-22 03:34:51,1684740892,4.07,34.2,99000,1.00,2.00,4.00,5.00,0.0101,0
2023-05-22 03:39:55,1684741196,3.98,34.3,99000,1.00,5.00,8.00,10.0,0.0134,0
2023-05-22 03:44:59,1684741500,3.88,34.3,99000,1e-7,1e-7,1e-7,1e-7,0.0148,0
2023-05-22 03:49:43,1684741784,3.76,34.7,99000,1e-7,1e-7,1e-7,1e-7,0.0164,0
2023-05-22 03:54:47,1684742088,3.68,35.3,99000,1e-7,2.00,4.00,4.00,0.0134,0
2023-05-22 03:59:52,1684742392,3.60,35.4,99000,1e-7,1e-7,1e-7,1e-7,0.00995,0
2023-05-22 04:04:56,1684742696,3.52,35.6,99000,1.00,3.00,6.00,7.00,0.0128,0
2023-05-22 04:09:40,1684742980,3.46,36.0,99000,1e-7,1e-7,1e-7,1e-7,0.0128,0
2023-05-22 04:14:44,1684743284,3.41,35.9,99000,1e-7,2.00,4.00,4.00,0.0135,0
2023-05-22 04:19:47,1684743588,3.36,36.4,99000,1e-7,2.00,4.00,4.00,0.0121,0
2023-05-22 04:24:51,1684743892,3.32,36.5,99033,1e-7,2.00,3.00,3.00,0.00995,0
2023-05-22 04:29:55,1684744196,3.26,36.5,99047,1.00,1.00,1.00,1.00,0.00995,0
2023-05-22 04:34:59,1684744500,3.21,36.9,99100,1e-7,1e-7,1e-7,1e-7,0.00995,0
2023-05-22 04:39:43,1684744784,3.16,37.0,99100,1e-7,1e-7,1e-7,1e-7,0.00995,0
2023-05-22 04:44:47,1684745088,3.14,37.0,99100,1e-7,2.00,4.00,5.00,0.0101,0
2023-05-22 04:49:51,1684745392,3.11,37.2,99100,1e-7,2.00,4.00,4.00,0.0101,0
2023-05-22 04:54:56,1684745696,3.08,37.2,99100,1e-7,1e-7,1e-7,1e-7,0.0101,0
2023-05-22 04:59:40,1684745980,3.05,37.5,99100,1e-7,2.00,4.00,4.00,0.0101,0
2023-05-22 05:04:44,1684746284,3.02,37.4,99100,1e-7,2.00,3.00,4.00,0.00995,0
2023-05-22 05:09:48,1684746589,3.00,37.6,99100,1.00,2.00,4.00,5.00,0.00995,0
2023-05-22 05:14:52,1684746893,2.99,37.4,99100,1e-7,2.00,3.00,4.00,0.0103,0
2023-05-22 05:19:57,1684747197,2.96,37.5,99100,1e-7,2.00,4.00,5.00,0.0103,0
2023-05-22 05:21:58,1684747319,2.96,37.5,99100,1e-7,1e-7,1e-7,1e-7,0.00995,0
2023-05-22 10:19:52,1684765192,21.1,19.0,99200,1.00,3.00,5.00,5.00,,
2023-05-22 10:24:08,1684765448,21.1,19.4,99200,1e-7,2.00,4.00,4.00,,
2023-05-22 10:39:47,1684766388,22.0,18.5,99200,1.00,2.00,3.00,4.00,,
2023-05-22 10:41:06,1684766467,22.0,18.4,99200,1e-7,1e-7,1e-7,1e-7,,
2023-05-22 10:54:47,1684767288,22.6,17.2,99200,1.00,2.00,4.00,4.00,0.0115,0
2023-05-22 10:58:49,1684767530,22.9,17.1,99200,1e-7,2.00,4.00,4.00,0.0112,0
2023-05-22 11:09:44,1684768184,23.2,16.9,99200,1e-7,1e-7,1e-7,1e-7,0.00995,0
2023-05-22 11:14:40,1684768481,23.2,17.4,99200,1.00,5.00,8.00,10.0,0.0117,0
2023-05-22 11:15:39,1684768540,23.1,16.9,99200,1e-7,1e-7,1e-7,1e-7,0.0117,0
2023-05-22 11:29:59,1684769399,23.9,17.0,99131,1e-7,2.00,3.00,4.00,0.0134,0
2023-05-22 11:32:57,1684769578,24.6,16.6,99100,1.00,2.00,3.00,4.00,0.0123,0
2023-05-22 11:39:51,1684769991,25.4,16.6,99100,1e-7,1e-7,1e-7,1e-7,0.00934,0
2023-05-22 11:44:48,1684770289,25.4,15.5,99100,1.00,2.00,3.00,4.00,0.0128,0
2023-05-22 11:49:45,1684770585,25.1,15.2,99100,1.00,2.00,3.00,3.00,0.00995,0
2023-05-22 11:50:04,1684770605,24.9,14.1,99100,1e-7,1e-7,1e-7,1e-7,0.00995,0
2023-05-22 11:59:45,1684771186,24.8,14.1,99100,1e-7,2.00,4.00,4.00,0.00995,0
2023-05-22 12:04:51,1684771491,25.3,14.6,99100,1e-7,1.00,3.00,3.00,0.00995,0
2023-05-22 12:07:10,1684771631,25.8,15.1,99100,1.00,1.00,2.00,2.00,0.00995,0
2023-05-22 12:14:42,1684772082,26.3,14.6,99100,1e-7,1e-7,1e-7,1e-7,0.00995,0
2023-05-22 12:19:59,1684772399,26.3,14.2,99100,1.00,1.00,3.00,3.00,0.00995,0
2023-05-22 12:24:54,1684772695,26.5,14.7,99100,1.00,2.00,4.00,5.00,0.0103,0
2023-05-22 12:25:14,1684772714,26.5,14.4,99100,1e-7,1e-7,1e-7,1e-7,0.0103,0
2023-05-22 12:34:53,1684773294,26.3,14.5,99100,1e-7,2.00,4.00,4.00,0.0103,0
2023-05-22 12:39:50,1684773591,26.3,13.9,99100,1.00,5.00,8.00,9.00,0.0150,0
2023-05-22 12:41:29,1684773689,26.4,14.1,99100,1e-7,1e-7,1e-7,1e-7,0.0150,0
2023-05-22 12:49:41,1684774181,26.7,14.5,99100,1.00,1.00,2.00,2.00,0.0131,0
2023-05-22 12:54:58,1684774498,27.1,14.5,99100,1.00,1.00,3.00,3.00,0.0255,0
2023-05-22 12:59:14,1684774754,27.0,13.9,99100,2.00,4.00,5.00,6.00,0.0190,0
2023-05-22 13:09:48,1684775389,26.5,12.0,99100,2.00,5.00,7.00,9.00,0.0203,0
2023-05-22 13:14:44,1684775685,26.2,12.5,99100,1e-7,2.00,4.00,4.00,0.0251,1.84
2023-05-22 13:24:33,1684776274,26.4,12.7,99100,1e-7,1.00,3.00,3.00,0.00938,1.84
2023-05-22 13:29:58,1684776599,26.5,12.7,99100,1.00,2.00,4.00,4.00,0.0176,1.84
2023-05-22 13:31:57,1684776717,26.6,13.3,99100,1.00,3.00,4.00,4.00,0.0101,1.84
2023-05-22 13:39:49,1684777190,26.8,12.4,99100,1e-7,1.00,1.00,1.00,0.00998,1.84
2023-05-22 13:44:45,1684777486,27.0,12.9,99073,1.00,3.00,6.00,7.00,0.00998,1.84
2023-05-22 13:48:42,1684777723,27.1,12.7,99058,1.00,5.00,8.00,10.0,0.0123,0.968
2023-05-22 13:59:55,1684778396,27.1,12.6,99000,1e-7,1e-7,1e-7,1e-7,0.0116,0
2023-05-22 14:00:15,1684778416,27.1,12.6,99000,1e-7,1e-7,1e-7,1e-7,0.0122,0
2023-05-22 14:14:45,1684779286,26.6,13.0,99000,1e-7,2.00,4.00,5.00,0.0147,0
2023-05-22 14:19:52,1684779593,26.6,12.2,99000,1e-7,1e-7,1e-7,1e-7,0.0173,0
2023-05-22 14:22:09,1684779730,26.5,12.3,99000,1.00,2.00,3.00,4.00,0.0173,0
2023-05-22 14:29:59,1684780200,26.0,12.7,99000,1e-7,1e-7,1e-7,1e-7,0.0182,0
2023-05-22 14:34:53,1684780494,25.7,12.6,99000,1.00,2.00,4.00,4.00,0.0215,0
2023-05-22 14:39:51,1684780791,25.4,12.7,99000,1e-7,2.00,3.00,4.00,0.00995,0
2023-05-22 14:40:10,1684780811,25.1,13.0,99000,1e-7,2.00,3.00,4.00,0.00995,0
2023-05-22 14:49:51,1684781391,23.8,13.8,99000,1.00,1.00,3.00,3.00,0.00995,0
2023-05-22 14:54:48,1684781688,23.4,13.7,99000,1.00,2.00,4.00,5.00,0.0103,0
2023-05-22 14:56:27,1684781787,23.2,14.3,99000,1.00,4.00,6.00,7.00,0.0103,0
2023-05-22 15:09:37,1684782577,22.2,13.6,99000,1.00,2.00,3.00,3.00,0.0121,0
2023-05-22 15:13:52,1684782832,22.0,14.2,99000,2.00,2.00,3.00,4.00,0.0153,0
2023-05-22 15:22:51,1684783372,21.6,15.1,99000,1e-7,2.00,4.00,4.00,0.0153,0
2023-05-22 15:29:57,1684783798,21.7,15.2,99000,1e-7,2.00,3.00,3.00,0.0128,0
2023-05-22 15:34:55,1684784095,21.6,15.1,99000,1.00,5.00,9.00,11.0,0.0123,0
2023-05-22 15:39:51,1684784391,21.3,14.6,99000,1.00,4.00,7.00,9.00,0.0246,0
2023-05-22 15:44:34,1684784675,21.0,15.0,99000,1.00,2.00,2.00,3.00,0.0307,0
2023-05-22 15:45:52,1684784752,20.9,15.3,99000,1e-7,1e-7,1e-7,1e-7,0.00785,0
2023-05-22 15:54:56,1684785296,20.8,15.9,99000,1e-7,2.00,4.00,4.00,0.0360,0
2023-05-22 15:59:47,1684785588,20.7,15.8,99000,1.00,3.00,4.00,5.00,0.0360,0
2023-05-22 16:02:06,1684785727,20.6,15.9,99000,1.00,2.00,3.00,4.00,0.0160,0
2023-05-22 16:09:45,1684786186,20.6,16.4,99000,1.00,2.00,3.00,3.00,0.0103,0
2023-05-22 16:14:43,1684786484,20.5,16.7,99000,1.00,3.00,6.00,7.00,0.0106,0
2023-05-22 16:19:26,1684786767,20.5,16.8,99000,1.00,4.00,6.00,7.00,0.00995,0
2023-05-22 16:22:32,1684786953,20.4,17.1,99000,2.00,4.00,6.00,7.00,0.0230,0
2023-05-22 16:39:48,1684787989,20.2,17.7,99000,1.00,2.00,3.00,3.00,0.0262,0
2023-05-22 16:41:48,1684788108,20.1,18.0,99000,3.00,6.00,9.00,10.0,0.00982,0
2023-05-22 16:49:52,1684788593,19.7,17.9,99000,1.00,4.00,6.00,7.00,0.0119,0
2023-05-22 16:54:35,1684788876,19.6,18.1,99000,2.00,2.00,3.00,4.00,0.0164,0
2023-05-22 16:59:28,1684789168,19.6,18.4,99000,1.00,2.00,4.00,4.00,0.0207,0
2023-05-22 17:00:25,1684789226,19.8,18.4,99000,1e-7,1.00,3.00,3.00,0.0207,0
2023-05-22 17:09:41,1684789781,19.9,18.1,99000,1.00,5.00,7.00,9.00,0.0207,0
2023-05-22 17:14:17,1684790058,19.6,18.2,99000,2.00,4.00,7.00,8.00,0.0169,0
2023-05-22 17:19:43,1684790383,19.3,18.2,99000,1.00,3.00,6.00,7.00,0.0125,0
2023-05-22 17:24:41,1684790682,19.2,18.5,99000,2.00,4.00,6.00,7.00,0.0192,0
2023-05-22 17:29:42,1684790983,19.0,18.3,99000,1.00,3.00,6.00,7.00,0.0166,0
2023-05-22 17:34:46,1684791286,18.9,18.2,99000,1e-7,1.00,3.00,3.00,0.0145,0
2023-05-22 17:39:41,1684791582,18.7,18.6,99000,1e-7,2.00,4.00,5.00,0.0145,0
2023-05-22 17:44:44,1684791885,18.5,18.7,99000,1.00,4.00,6.00,7.00,0.0134,0
2023-05-22 17:49:43,1684792184,18.4,18.7,99000,2.00,7.00,11.0,14.0,0.0102,0
2023-05-22 17:54:42,1684792482,18.2,18.8,99000,2.00,2.00,4.00,4.00,0.0106,0
2023-05-22 17:59:41,1684792781,18.1,19.2,99000,1.00,2.00,4.00,5.00,0.0152,0
2023-05-22 18:04:41,1684793082,17.9,19.5,99000,1e-7,2.00,4.00,5.00,0.0139,0
2023-05-22 18:09:56,1684793397,17.8,19.6,99000,1.00,2.00,3.00,4.00,0.00995,0
2023-05-22 18:14:59,1684793699,17.7,19.7,99000,1.00,3.00,6.00,7.00,0.0104,0
2023-05-22 18:19:58,1684793999,17.6,19.6,99000,1.00,4.00,6.00,7.00,0.0129,0
2023-05-22 18:24:56,1684794296,17.5,19.5,99000,1.00,3.00,4.00,5.00,0.0129,0
2023-05-22 18:28:45,1684794526,17.4,19.3,99000,1.00,2.00,3.00,3.00,0.0101,0
2023-05-22 18:34:52,1684794893,17.2,20.2,99060,1.00,3.00,5.00,6.00,0.0189,0
2023-05-22 18:39:53,1684795193,17.1,20.0,99040,2.00,3.00,6.00,7.00,0.0189,0
2023-05-22 18:44:52,1684795493,16.9,20.4,99100,1.00,5.00,8.00,10.0,0.0150,0
2023-05-22 18:49:52,1684795792,16.8,20.3,99100,1e-7,2.00,3.00,4.00,0.0208,0
2023-05-22 18:54:52,1684796092,16.6,20.7,99100,2.00,6.00,10.0,12.0,0.0212,0
2023-05-22 18:59:40,1684796380,16.4,20.9,99100,1.00,2.00,4.00,4.00,0.0185,0
2023-05-22 19:04:41,1684796682,16.3,21.0,99100,1e-7,2.00,4.00,4.00,0.0212,0
2023-05-22 19:09:30,1684796970,16.1,21.1,99100,1e-7,2.00,3.00,4.00,0.0190,0
2023-05-22 19:10:28,1684797028,16.0,21.2,99100,1e-7,2.00,4.00,4.00,0.00995,0
2023-05-22 19:19:20,1684797560,15.7,21.5,99100,1.00,4.00,6.00,7.00,0.00995,0
2023-05-22 19:24:49,1684797889,15.5,22.1,99100,1.00,4.00,5.00,6.00,0.0107,0
2023-05-22 19:29:49,1684798189,15.4,22.1,99100,1.00,5.00,8.00,9.00,0.0116,0
2023-05-22 19:34:53,1684798493,15.2,22.5,99100,1.00,5.00,8.00,10.0,0.0151,0
2023-05-22 19:39:40,1684798781,15.0,22.7,99100,1e-7,2.00,3.00,3.00,0.0211,0
2023-05-22 19:44:59,1684799099,14.8,22.9,99100,1.00,2.00,4.00,5.00,0.0227,0
2023-05-22 19:49:32,1684799372,14.6,23.1,99100,1.00,2.00,3.00,4.00,0.0143,0
2023-05-22 19:54:41,1684799681,14.5,23.2,99100,1e-7,2.00,4.00,4.00,0.0101,0
2023-05-22 19:59:14,1684799955,14.3,23.2,99100,1e-7,2.00,4.00,5.00,0.0101,0
2023-05-22 20:04:28,1684800268,14.1,23.4,99100,2.00,2.00,4.00,4.00,0.00995,0
2023-05-22 20:09:41,1684800582,13.8,23.4,99100,1e-7,1.00,1.00,2.00,0.0101,0
2023-05-22 20:14:55,1684800895,13.6,23.6,99100,1e-7,1e-7,1e-7,1e-7,0.0101,0
2023-05-22 20:19:49,1684801189,13.3,24.1,99100,1e-7,2.00,3.00,4.00,0.0103,0
2023-05-22 20:24:43,1684801483,13.1,24.7,99100,1e-7,2.00,3.00,3.00,0.00995,0
2023-05-22 20:29:49,1684801790,12.8,24.7,99100,1e-7,1e-7,1e-7,1e-7,,
2023-05-22 20:34:42,1684802082,12.6,25.3,99100,1e-7,2.00,3.00,3.00,0.00995,0
2023-05-22 20:37:38,1684802258,12.4,25.3,99200,2.00,2.00,2.00,2.00,0.00995,0
2023-05-22 20:44:57,1684802698,12.1,25.2,99200,1e-7,1e-7,1e-7,1e-7,0.00995,0
2023-05-22 20:49:58,1684802999,11.9,25.4,99200,1e-7,2.00,3.00,4.00,0.00995,0
2023-05-22 20:54:56,1684803297,11.7,25.3,99200,1e-7,2.00,4.00,5.00,0.0102,0
2023-05-22 20:59:57,1684803598,11.5,26.0,99200,1e-7,2.00,4.00,4.00,0.0103,0
2023-05-22 21:04:59,1684803899,11.3,26.3,99200,1e-7,2.00,4.00,5.00,0.0103,0
2023-05-22 21:09:41,1684804182,11.1,26.7,99200,1e-7,2.00,4.00,5.00,0.0111,0
2023-05-22 21:14:43,1684804483,11.0,26.9,99200,1e-7,2.00,3.00,4.00,0.0105,0
2023-05-22 21:19:44,1684804784,10.8,27.1,99200,1e-7,1.00,1.00,2.00,0.0109,0
2023-05-22 21:24:51,1684805091,10.6,27.4,99200,1e-7,2.00,3.00,4.00,,
2023-05-22 21:29:47,1684805387,10.5,27.3,99200,1e-7,4.00,7.00,9.00,0.00995,0
2023-05-22 21:34:47,1684805688,10.4,27.6,99200,1.00,3.00,4.00,5.00,0.0183,0
2023-05-22 21:39:51,1684805991,10.2,27.7,99200,1.00,3.00,6.00,7.00,0.0183,0
2023-05-22 21:44:57,1684806297,10.1,27.9,99200,1e-7,1e-7,1e-7,1e-7,0.0133,0
2023-05-22 21:49:59,1684806600,10.0,28.0,99200,1e-7,1.00,3.00,3.00,0.0155,0
2023-05-22 21:54:44,1684806885,9.90,28.3,99200,1.00,2.00,3.00,4.00,0.0129,0
2023-05-22 21:59:46,1684807187,9.80,28.7,99200,1.00,4.00,5.00,6.00,0.00995,0
2023-05-22 22:04:48,1684807488,9.68,29.0,99200,1.00,2.00,3.00,4.00,0.0118,0
2023-05-22 22:09:49,1684807789,9.54,29.0,99200,1e-7,2.00,3.00,3.00,0.0123,0
2023-05-22 22:14:56,1684808097,9.43,29.0,99200,1e-7,2.00,4.00,4.00,0.0118,0
2023-05-22 22:19:58,1684808399,9.34,29.1,99247,1e-7,2.00,3.00,4.00,0.00995,0
2023-05-22 22:24:40,1684808680,9.28,29.2,99221,1.00,2.00,4.00,5.00,0.0103,0
2023-05-22 22:29:42,1684808982,9.23,29.3,99300,1e-7,2.00,3.00,4.00,0.0103,0
2023-05-22 22:34:45,1684809285,9.18,29.5,99300,1e-7,2.00,3.00,4.00,0.0102,0
2023-05-22 22:39:46,1684809587,9.09,29.8,99300,1e-7,2.00,3.00,4.00,0.0102,0
2023-05-22 22:44:48,1684809889,8.98,29.8,99300,1.00,3.00,4.00,5.00,0.00995,0
2023-05-22 22:49:51,1684810191,8.85,29.7,99300,1e-7,4.00,8.00,9.00,0.0137,0
2023-05-22 22:54:40,1684810480,8.72,30.0,99300,1e-7,2.00,4.00,5.00,0.0141,0
2023-05-22 22:59:39,1684810780,8.60,30.3,99300,1.00,2.00,3.00,4.00,0.0127,0
2023-05-22 23:04:41,1684811082,8.51,30.3,99300,1.00,1.00,1.00,2.00,0.0103,0
2023-05-22 23:09:44,1684811384,8.44,30.5,99300,1.00,2.00,4.00,5.00,0.0101,0
2023-05-22 23:14:45,1684811686,8.37,30.7,99300,1.00,4.00,8.00,9.00,0.0210,0
2023-05-22 23:19:47,1684811988,8.33,30.5,99300,1.00,1.00,1.00,1.00,0.0224,0
2023-05-22 23:24:50,1684812290,8.29,30.6,99300,1.00,5.00,9.00,10.0,0.0234,0
2023-05-22 23:29:52,1684812592,8.25,30.8,99300,1e-7,2.00,3.00,3.00,0.0143,0
2023-05-22 23:34:54,1684812894,8.23,30.7,99300,1e-7,2.00,4.00,4.00,0.0122,0
2023-05-22 23:39:57,1684813197,8.18,30.8,99300,1.00,2.00,3.00,3.00,0.0108,0
2023-05-22 23:44:59,1684813499,8.14,31.0,99300,2.00,2.00,3.00,4.00,0.00995,0
2023-05-22 23:49:41,1684813781,8.11,31.1,99300,1.00,1.00,1.00,1.00,0.00995,0
2023-05-22 23:54:47,1684814087,8.07,31.1,99300,1.00,2.00,4.00,4.00,0.00995,0
2023-05-22 23:59:52,1684814392,8.01,31.2,99300,1e-7,2.00,4.00,4.00,0.00995,0
2023-05-23 00:04:54,1684814694,7.96,31.2,99300,1.00,2.00,4.00,5.00,0.00995,0
2023-05-23 00:09:56,1684814996,7.89,31.2,99300,1e-7,2.00,4.00,5.00,0.0107,0
2023-05-23 00:14:58,1684815299,7.81,31.5,99300,1.00,1.00,1.00,1.00,0.0103,0
2023-05-23 00:19:45,1684815586,7.74,31.5,99300,1e-7,2.00,4.00,4.00,0.0107,0
2023-05-23 00:24:48,1684815888,7.67,31.7,99300,1.00,4.00,6.00,7.00,0.0149,0
2023-05-23 00:29:50,1684816190,7.61,32.0,99300,1.00,2.00,4.00,5.00,0.0141,0
2023-05-23 00:34:51,1684816492,7.56,31.9,99300,2.00,2.00,4.00,4.00,0.0128,0
2023-05-23 00:39:54,1684816794,7.53,32.0,99300,1.00,1.00,2.00,2.00,0.0103,0
2023-05-23 00:44:56,1684817097,7.53,31.9,99300,2.00,2.00,4.00,5.00,0.0103,0
2023-05-23 00:49:59,1684817399,7.51,31.9,99300,1.00,4.00,6.00,6.00,0.0137,0
2023-05-23 00:54:41,1684817682,7.46,32.1,99300,1e-7,2.00,3.00,4.00,0.0137,0
2023-05-23 00:59:44,1684817984,7.41,32.3,99300,1.00,5.00,9.00,10.0,0.0146,0
2023-05-23 01:04:46,1684818287,7.34,32.3,99300,1e-7,2.00,4.00,5.00,0.0142,0
2023-05-23 01:09:48,1684818589,7.30,32.6,99300,1.00,2.00,4.00,4.00,0.0142,0
2023-05-23 01:14:52,1684818892,7.26,32.6,99300,1.00,1.00,3.00,3.00,0.0101,0
2023-05-23 01:19:54,1684819195,7.21,32.7,99300,1.00,5.00,9.00,10.0,0.0101,0
2023-05-23 01:24:58,1684819499,7.15,33.1,99300,1.00,4.00,8.00,9.00,0.0151,0
2023-05-23 01:29:40,1684819781,7.14,33.5,99300,2.00,2.00,3.00,4.00,0.0222,0
2023-05-23 01:34:44,1684820084,7.13,33.3,99287,1.00,4.00,6.00,7.00,0.0152,0
2023-05-23 01:39:46,1684820387,7.13,33.1,99300,1.00,4.00,7.00,9.00,0.0167,0
2023-05-23 01:44:49,1684820689,7.10,33.1,99300,1e-7,2.00,4.00,4.00,0.0248,0
2023-05-23 01:49:52,1684820993,7.05,33.1,99300,1.00,4.00,8.00,9.00,0.0301,0
2023-05-23 01:54:55,1684821295,6.99,33.4,99293,1.00,2.00,3.00,4.00,0.0241,0
2023-05-23 01:59:39,1684821580,6.94,33.7,99300,1e-7,2.00,4.00,5.00,0.0126,0
2023-05-23 02:04:42,1684821883,6.92,33.7,99300,1.00,2.00,4.00,5.00,0.0101,0
2023-05-23 02:09:46,1684822186,6.90,33.7,99300,1.00,4.00,8.00,9.00,0.0103,0
2023-05-23 02:14:48,1684822489,6.89,33.6,99300,1e-7,2.00,4.00,5.00,0.0191,0
2023-05-23 02:19:51,1684822792,6.84,33.5,99300,1e-7,2.00,3.00,3.00,0.0195,0
2023-05-23 02:24:54,1684823094,6.80,33.6,99300,1.00,2.00,3.00,4.00,0.0193,0
2023-05-23 02:29:56,1684823397,6.77,33.6,99300,2.00,2.00,4.00,5.00,0.0101,0
2023-05-23 02:34:59,1684823699,6.72,33.6,99300,1.00,3.00,6.00,7.00,0.0103,0
2023-05-23 02:39:41,1684823982,6.67,33.7,99300,1.00,2.00,4.00,5.00,0.0105,0
2023-05-23 02:44:44,1684824284,6.62,33.8,99300,1.00,2.00,3.00,3.00,0.0135,0
2023-05-23 02:49:47,1684824587,6.57,34.0,99300,1.00,2.00,3.00,3.00,0.0146,0
2023-05-23 02:54:49,1684824890,6.53,34.0,99300,1.00,2.00,4.00,5.00,0.0102,0
2023-05-23 02:59:52,1684825193,6.51,34.0,99300,1.00,2.00,4.00,5.00,0.0109,0
2023-05-23 03:04:55,1684825495,6.48,34.0,99300,1e-7,2.00,4.00,4.00,0.0107,0
2023-05-23 03:09:57,1684825798,6.44,34.2,99300,1.00,2.00,3.00,4.00,0.0107,0
2023-05-23 03:14:42,1684826083,6.39,34.3,99300,1e-7,2.00,4.00,4.00,0.00995,0
2023-05-23 03:19:46,1684826386,6.35,34.4,99300,2.00,3.00,6.00,7.00,0.0107,0
2023-05-23 03:24:49,1684826689,6.31,34.5,99300,1.00,4.00,7.00,9.00,0.0115,0
2023-05-23 03:29:51,1684826992,6.26,34.5,99300,1.00,4.00,6.00,7.00,0.0114,0
2023-05-23 03:34:58,1684827298,6.23,34.5,99300,1.00,3.00,6.00,7.00,0.0112,0
2023-05-23 03:39:40,1684827581,6.20,34.6,99300,1e-7,2.00,3.00,4.00,0.0127,0
2023-05-23 03:44:43,1684827883,6.18,34.6,99300,1.00,4.00,8.00,9.00,0.0199,0
2023-05-23 03:49:46,1684828187,6.18,34.7,99300,1.00,2.00,3.00,3.00,0.0145,0
2023-05-23 03:54:49,1684828490,6.17,34.8,99300,1e-7,2.00,4.00,4.00,0.0145,0
2023-05-23 03:59:52,1684828792,6.14,34.7,99300,1.00,2.00,4.00,5.00,0.0128,0
2023-05-23 04:04:58,1684829099,6.11,34.8,99300,1e-7,2.00,4.00,5.00,0.0103,0
2023-05-23 04:09:41,1684829381,6.07,34.8,99300,1.00,5.00,8.00,10.0,0.0101,0
2023-05-23 04:14:43,1684829684,6.04,35.0,99300,1e-7,1.00,3.00,3.00,0.0183,0
2023-05-23 04:19:47,1684829987,6.02,34.9,99300,1.00,2.00,4.00,4.00,0.0183,0
2023-05-23 04:24:52,1684830293,5.99,34.8,99300,1e-7,4.00,8.00,9.00,0.0168,0
2023-05-23 04:29:56,1684830596,5.97,35.0,99300,1e-7,2.00,4.00,4.00,0.0141,0
2023-05-23 04:34:59,1684830899,5.93,35.0,99300,1.00,2.00,4.00,5.00,0.0129,0
2023-05-23 04:39:42,1684831182,5.90,34.9,99300,1.00,3.00,4.00,5.00,0.0109,0
2023-05-23 04:44:45,1684831485,5.87,35.1,99300,1.00,2.00,4.00,5.00,0.0113,0
2023-05-23 04:49:48,1684831788,5.82,35.0,99300,1e-7,2.00,3.00,3.00,0.0117,0
2023-05-23 04:54:52,1684832093,5.78,35.2,99300,1.00,2.00,4.00,5.00,0.0109,0
2023-05-23 04:59:55,1684832396,5.74,35.4,99300,2.00,4.00,7.00,8.00,0.0176,0
2023-05-23 05:04:58,1684832698,5.71,35.4,99300,1.00,4.00,8.00,9.00,0.0176,0
2023-05-23 05:09:41,1684832981,5.69,35.4,99300,1.00,3.00,5.00,6.00,0.0126,0
2023-05-23 05:14:44,1684833284,5.69,35.4,99300,1e-7,2.00,3.00,4.00,0.0132,0
2023-05-23 05:19:46,1684833587,5.70,35.5,99300,1e-7,2.00,3.00,3.00,0.0144,0
2023-05-23 05:24:49,1684833890,5.71,35.6,99300,1.00,3.00,6.00,7.00,0.0111,0
2023-05-23 10:48:51,1684853332,29.0,14.7,99100,1e-7,1e-7,1e-7,1e-7,,
2023-05-23 10:54:49,1684853689,29.2,13.6,99100,1.00,4.00,6.00,7.00,,
2023-05-23 10:56:36,1684853796,29.3,14.0,99100,1e-7,1e-7,1e-7,1e-7,,
2023-05-23 11:02:48,1684854168,29.7,13.1,99100,1e-7,1e-7,1e-7,1e-7,,
2023-05-23 11:19:41,1684855182,30.5,13.4,99000,1.00,3.00,5.00,6.00,,
2023-05-23 11:20:59,1684855260,30.5,13.2,99000,1.00,2.00,2.00,2.00,,
2023-05-23 11:29:59,1684855800,31.2,13.4,99000,1e-7,2.00,4.00,5.00,,
2023-05-23 11:34:52,1684856092,31.3,12.7,99000,2.00,5.00,9.00,11.0,0.0335,0
2023-05-23 11:52:51,1684857171,30.4,10.6,99000,2.00,2.00,3.00,4.00,,
2023-05-23 12:08:22,1684858102,30.8,10.9,99000,2.00,4.00,5.00,6.00,,
2023-05-23 12:22:08,1684858929,31.3,10.8,98900,1.00,2.00,3.00,4.00,,
2023-05-23 12:29:15,1684859356,31.5,9.31,98900,1.00,4.00,7.00,8.00,,
2023-05-23 12:39:43,1684859984,31.3,9.92,98900,1e-7,4.00,7.00,8.00,,
2023-05-23 12:44:45,1684860286,31.4,10.1,98900,1.00,3.00,5.00,6.00,0.0143,0
2023-05-23 12:59:56,1684861196,31.7,9.26,98900,1.00,4.00,7.00,8.00,0.0108,0
2023-05-23 13:03:12,1684861392,31.8,9.41,98900,1.00,5.00,9.00,11.0,0.0123,0
2023-05-23 13:14:54,1684862095,31.8,9.39,98900,2.00,4.00,6.00,7.00,0.0120,0
2023-05-23 13:18:01,1684862282,31.6,9.45,98900,1e-7,1e-7,1e-7,1.00,0.0215,0
2023-05-23 13:29:59,1684862999,31.7,8.44,98900,1.00,2.00,3.00,3.00,0.0220,0
2023-05-23 13:34:53,1684863293,31.6,8.71,98820,2.00,5.00,8.00,9.00,0.0248,0
2023-05-23 13:37:49,1684863470,31.5,9.53,98800,2.00,2.00,3.00,4.00,0.0220,0
2023-05-23 13:49:53,1684864193,31.4,9.46,98800,1.00,4.00,7.00,9.00,0.0171,0
2023-05-23 13:54:08,1684864449,31.3,9.79,98800,2.00,7.00,12.0,15.0,0.0141,0
2023-05-23 14:04:54,1684865095,31.2,9.09,98800,1.00,2.00,4.00,4.00,0.0252,0
2023-05-23 14:09:58,1684865399,31.2,9.37,98800,2.00,5.00,9.00,11.0,0.0277,0
2023-05-23 14:10:57,1684865458,31.2,9.73,98800,2.00,2.00,4.00,5.00,0.0143,0
2023-05-23 14:19:46,1684865986,30.8,9.69,98800,1.00,3.00,5.00,6.00,0.0336,0
2023-05-23 14:24:41,1684866281,30.7,9.93,98800,1.00,3.00,5.00,6.00,0.0336,0
2023-05-23 14:27:38,1684866458,30.6,9.74,98800,1.00,1.00,3.00,3.00,0.0209,0
2023-05-23 14:39:59,1684867200,29.7,9.56,98800,1e-7,1.00,3.00,3.00,0.0197,0
2023-05-23 14:44:54,1684867495,29.3,9.87,98800,1e-7,2.00,4.00,4.00,0.0170,0
2023-05-23 14:49:54,1684867794,28.9,10.2,98800,2.00,3.00,4.00,5.00,0.0109,0
2023-05-23 14:54:49,1684868090,28.6,10.1,98800,2.00,5.00,8.00,10.0,0.0156,0
2023-05-23 14:59:45,1684868386,28.4,10.3,98787,2.00,2.00,4.00,5.00,0.0156,0
2023-05-23 15:01:44,1684868504,28.1,10.3,98733,1.00,2.00,4.00,4.00,0.0102,0
2023-05-23 15:14:41,1684869281,27.4,11.1,98700,2.00,2.00,3.00,4.00,0.0102,0
2023-05-23 15:18:38,1684869519,27.3,11.5,98700,2.00,2.00,3.00,3.00,0.0102,0
2023-05-23 15:29:48,1684870189,26.9,11.3,98700,1.00,3.00,6.00,7.00,0.0101,0
2023-05-23 15:34:45,1684870485,26.7,11.7,98700,1.00,2.00,4.00,5.00,0.0128,0
2023-05-23 15:35:44,1684870544,26.6,11.5,98700,1.00,2.00,3.00,3.00,0.0128,0
2023-05-23 15:44:45,1684871085,26.2,10.8,98700,1.00,2.00,4.00,4.00,0.0128,0
2023-05-23 15:49:41,1684871382,26.1,11.0,98700,1.00,5.00,7.00,9.00,0.0126,0
2023-05-23 15:53:58,1684871638,26.0,11.5,98700,1.00,2.00,4.00,5.00,0.0174,0
2023-05-23 15:59:55,1684871996,25.8,11.4,98600,1.00,1.00,1.00,1.00,0.0102,0
2023-05-23 16:04:53,1684872294,25.9,11.8,98600,1.00,2.00,4.00,4.00,0.0192,0
2023-05-23 16:09:50,1684872591,26.0,11.8,98600,1.00,3.00,6.00,7.00,0.0159,0
2023-05-23 16:19:43,1684873183,26.0,12.3,98600,1.00,2.00,4.00,5.00,0.0111,0
2023-05-23 16:24:59,1684873500,25.9,12.4,98600,2.00,2.00,4.00,4.00,0.0109,0
2023-05-23 16:27:57,1684873677,25.9,11.9,98600,1e-7,2.00,4.00,4.00,0.0101,0
2023-05-23 16:34:54,1684874094,25.8,12.2,98600,1e-7,1.00,1.00,1.00,0.0103,0
2023-05-23 16:39:49,1684874390,25.7,11.6,98600,2.00,2.00,2.00,2.00,0.0103,0
2023-05-23 16:44:46,1684874686,25.6,11.9,98600,2.00,8.00,13.0,15.0,0.0263,0
2023-05-23 16:49:41,1684874982,25.5,12.2,98600,1.00,2.00,3.00,4.00,0.0279,0
2023-05-23 16:54:58,1684875299,25.4,12.0,98581,1.00,4.00,7.00,9.00,0.0202,0
2023-05-23 16:59:56,1684875596,25.5,11.8,98500,2.00,3.00,6.00,7.00,0.0205,0
2023-05-23 17:04:53,1684875894,25.5,11.9,98500,1.00,3.00,6.00,7.00,0.0120,0
2023-05-23 17:09:50,1684876191,25.4,11.4,98500,1.00,2.00,4.00,4.00,0.0116,0
2023-05-23 17:14:47,1684876488,25.2,12.1,98500,1e-7,2.00,4.00,4.00,0.0123,0
2023-05-23 17:19:24,1684876764,25.1,12.2,98500,1.00,4.00,8.00,9.00,0.0123,0
2023-05-23 17:24:56,1684877096,25.0,11.9,98500,1e-7,2.00,3.00,4.00,0.00849,0
2023-05-23 17:29:53,1684877394,24.9,12.2,98500,1.00,3.00,6.00,7.00,0.0123,0
2023-05-23 17:34:50,1684877691,24.7,11.8,98500,2.00,4.00,6.00,7.00,0.0140,0
2023-05-23 17:39:48,1684877988,24.6,12.0,98500,1.00,7.00,11.0,13.0,0.0290,0
2023-05-23 17:44:45,1684878286,24.5,11.6,98500,1.00,1.00,3.00,3.00,0.0295,0
2023-05-23 17:49:43,1684878583,24.4,11.5,98500,1.00,3.00,6.00,7.00,0.0295,0
2023-05-23 17:54:40,1684878881,24.3,11.9,98500,1.00,2.00,4.00,5.00,0.0131,0
2023-05-23 17:59:58,1684879198,24.2,11.9,98500,2.00,2.00,3.00,4.00,0.0128,0
2023-05-23 18:04:56,1684879496,24.0,11.7,98500,2.00,4.00,5.00,6.00,0.0113,0
2023-05-23 18:09:54,1684879794,23.9,12.0,98500,1e-7,2.00,4.00,4.00,0.0108,0
2023-05-23 18:14:52,1684880092,23.8,12.0,98500,2.00,3.00,6.00,7.00,0.0116,0
2023-05-23 18:19:50,1684880390,23.7,12.3,98500,1.00,2.00,4.00,4.00,0.0128,0
2023-05-23 18:24:50,1684880690,23.6,12.4,98500,2.00,5.00,8.00,9.00,0.0140,0
2023-05-23 18:29:48,1684880989,23.5,12.7,98500,1.00,2.00,3.00,4.00,0.0225,0
2023-05-23 18:34:46,1684881287,23.4,13.1,98500,4.00,5.00,6.00,6.00,0.0344,0
2023-05-23 18:39:44,1684881585,23.2,13.3,98407,1.00,4.00,8.00,9.00,0.0289,0
2023-05-23 18:44:42,1684881883,23.1,13.9,98400,1.00,5.00,8.00,10.0,0.0303,0
2023-05-23 18:49:40,1684882181,23.0,13.9,98400,1.00,4.00,7.00,8.00,0.0273,0
2023-05-23 18:54:58,1684882499,22.9,13.9,98400,1.00,3.00,6.00,7.00,0.0226,0
2023-05-23 18:59:57,1684882797,22.8,14.1,98400,1e-7,2.00,4.00,5.00,0.0150,0
2023-05-23 19:04:55,1684883095,22.7,14.4,98400,1.00,1.00,1.00,1.00,0.0130,0
2023-05-23 19:09:53,1684883393,22.6,14.8,98400,1e-7,1.00,3.00,3.00,0.0134,0
2023-05-23 19:14:40,1684883681,22.4,14.8,98400,1e-7,2.00,3.00,4.00,0.0101,0
2023-05-23 19:19:59,1684883999,22.2,15.2,98400,1.00,2.00,3.00,4.00,0.00995,0
2023-05-23 19:24:57,1684884298,21.9,15.5,98400,1.00,1.00,2.00,2.00,0.00995,0
2023-05-23 19:29:56,1684884596,21.6,15.8,98400,1e-7,2.00,3.00,3.00,0.00995,0
2023-05-23 19:34:54,1684884895,21.4,15.9,98400,1e-7,1e-7,1e-7,1e-7,0.00995,0
2023-05-23 19:39:53,1684885193,21.2,16.2,98400,1e-7,2.00,3.00,3.00,0.00995,0
2023-05-23 19:44:51,1684885492,21.0,16.4,98400,1e-7,1e-7,1e-7,1e-7,0.00995,0
2023-05-23 19:49:50,1684885791,20.7,16.7,98400,1.00,3.00,5.00,7.00,0.0111,0
2023-05-23 19:54:49,1684886090,20.5,17.0,98400,1.00,4.00,6.00,7.00,0.0154,0
2023-05-23 19:59:48,1684886389,20.3,17.4,98400,1e-7,2.00,4.00,4.00,0.0154,0
2023-05-23 20:04:47,1684886688,20.0,17.7,98400,1.00,2.00,3.00,4.00,0.0141,0
2023-05-23 20:09:49,1684886990,19.8,18.0,98400,1e-7,2.00,4.00,4.00,0.0101,0
2023-05-23 20:14:49,1684887289,19.5,18.0,98400,1e-7,2.00,4.00,4.00,0.00995,0
2023-05-23 20:19:48,1684887588,19.3,18.2,98400,1.00,3.00,6.00,7.00,0.0109,0
2023-05-23 20:24:47,1684887888,19.1,18.4,98400,1e-7,2.00,4.00,4.00,0.0123,0
2023-05-23 20:29:47,1684888188,18.8,18.6,98400,1.00,4.00,6.00,7.00,0.0114,0
2023-05-23 20:34:47,1684888488,18.5,19.0,98400,1e-7,4.00,7.00,9.00,0.0117,0
2023-05-23 20:39:46,1684888786,18.3,19.2,98400,1e-7,2.00,4.00,4.00,0.0120,0
2023-05-23 20:44:45,1684889086,18.1,19.5,98400,1e-7,1e-7,1e-7,1e-7,0.0153,0
2023-05-23 20:49:45,1684889385,17.9,19.9,98400,2.00,2.00,4.00,5.00,0.0151,0
2023-05-23 20:54:45,1684889685,17.7,20.4,98400,1.00,1.00,1.00,2.00,0.0103,0
2023-05-23 20:59:45,1684889985,17.5,20.8,98400,1e-7,2.00,4.00,4.00,0.0101,0
2023-05-23 21:04:45,1684890285,17.4,21.0,98400,1.00,2.00,4.00,5.00,0.0107,0
2023-05-23 21:09:45,1684890585,17.2,21.2,98400,1e-7,2.00,3.00,4.00,0.0109,0
2023-05-23 21:14:45,1684890885,17.0,21.6,98400,2.00,7.00,11.0,14.0,0.0107,0
2023-05-23 21:19:45,1684891185,16.8,21.8,98400,1e-7,2.00,3.00,4.00,0.0173,0
2023-05-23 21:24:45,1684891485,16.7,22.2,98400,1.00,2.00,4.00,4.00,0.0120,0
2023-05-23 21:29:46,1684891787,16.5,22.3,98400,1e-7,1.00,1.00,2.00,0.0139,0
2023-05-23 21:34:46,1684892086,16.4,22.6,98400,1.00,2.00,3.00,4.00,0.00995,0
2023-05-23 21:39:46,1684892386,16.2,23.1,98400,1.00,2.00,4.00,4.00,0.00995,0
2023-05-23 21:44:46,1684892686,16.1,23.3,98400,1e-7,2.00,4.00,5.00,0.00995,0
2023-05-23 21:49:47,1684892988,15.9,23.6,98400,1.00,3.00,6.00,7.00,0.0129,0
2023-05-23 21:54:47,1684893288,15.8,23.9,98387,1e-7,2.00,4.00,4.00,0.0143,0
2023-05-23 21:59:48,1684893588,15.6,24.1,98300,1.00,2.00,3.00,3.00,0.0139,0
2023-05-23 22:04:49,1684893890,15.5,24.2,98300,1e-7,2.00,4.00,4.00,0.0139,0
2023-05-23 22:09:50,1684894191,15.3,24.6,98300,1e-7,2.00,4.00,4.00,0.00995,0
2023-05-23 22:14:51,1684894491,15.1,24.5,98300,1e-7,1e-7,1e-7,1e-7,0.00995,0
2023-05-23 22:19:52,1684894793,15.0,24.7,98300,1.00,7.00,12.0,14.0,0.0176,0
2023-05-23 22:24:53,1684895094,14.9,24.9,98300,1.00,5.00,8.00,9.00,0.0184,0
2023-05-23 22:29:54,1684895395,14.7,24.9,98300,1e-7,2.00,4.00,5.00,0.0105,0
2023-05-23 22:34:56,1684895696,14.6,25.2,98300,1.00,3.00,4.00,4.00,0.0154,0
2023-05-23 22:39:56,1684895996,14.5,25.3,98300,2.00,2.00,2.00,2.00,0.0145,0
2023-05-23 22:44:57,1684896297,14.4,25.6,98300,1.00,3.00,6.00,7.00,0.0135,0
2023-05-23 22:49:58,1684896598,14.3,25.9,98300,2.00,5.00,9.00,11.0,0.0375,0
2023-05-23 22:54:59,1684896899,14.2,26.1,98300,1e-7,2.00,4.00,5.00,0.0199,0
2023-05-23 22:59:59,1684897200,14.1,26.2,98300,1.00,4.00,7.00,9.00,0.0282,0
2023-05-23 23:04:40,1684897481,14.0,26.2,98300,1e-7,2.00,3.00,4.00,0.0282,0
2023-05-23 23:09:41,1684897782,13.9,26.5,98300,1e-7,2.00,4.00,5.00,0.0151,0
2023-05-23 23:14:42,1684898082,13.9,26.8,98300,1.00,4.00,7.00,8.00,0.0135,0
2023-05-23 23:19:43,1684898384,13.8,26.8,98300,1e-7,2.00,4.00,5.00,0.0147,0
2023-05-23 23:24:44,1684898685,13.7,26.8,98273,1.00,2.00,4.00,4.00,0.0166,0
2023-05-23 23:29:45,1684898986,13.7,27.1,98200,1e-7,2.00,4.00,4.00,0.0119,0
2023-05-23 23:34:46,1684899287,13.6,27.6,98200,1.00,2.00,4.00,5.00,0.0100,0
2023-05-23 23:39:48,1684899588,13.5,27.7,98200,1e-7,2.00,4.00,4.00,0.0103,0
2023-05-23 23:44:49,1684899889,13.5,27.8,98200,1.00,2.00,4.00,5.00,0.0101,0
2023-05-23 23:49:50,1684900190,13.5,27.9,98200,1e-7,2.00,4.00,4.00,0.0102,0
2023-05-23 23:54:51,1684900491,13.4,28.1,98200,1.00,4.00,6.00,7.00,0.0102,0
2023-05-23 23:59:52,1684900792,13.4,28.2,98200,1.00,2.00,4.00,5.00,0.00995,0
2023-05-24 00:04:53,1684901093,13.4,28.2,98200,2.00,6.00,10.0,11.0,0.0114,0
2023-05-24 00:09:54,1684901395,13.3,28.5,98200,2.00,2.00,4.00,5.00,0.0192,0
2023-05-24 00:14:55,1684901696,13.3,28.5,98200,1.00,2.00,4.00,4.00,0.0129,0
2023-05-24 00:19:57,1684901998,13.3,28.5,98200,1e-7,1e-7,1e-7,1e-7,0.0109,0
2023-05-24 00:24:58,1684902299,13.3,28.8,98200,1e-7,2.00,4.00,5.00,0.0105,0
2023-05-24 00:29:59,1684902600,13.2,28.8,98200,1.00,3.00,5.00,6.00,0.0114,0
2023-05-24 00:34:41,1684902881,13.2,28.8,98200,1.00,2.00,3.00,4.00,0.0118,0
2023-05-24 00:39:42,1684903182,13.1,28.9,98200,1.00,2.00,4.00,5.00,0.0109,0
2023-05-24 00:44:44,1684903485,13.0,28.9,98187,2.00,2.00,4.00,5.00,0.0104,0
2023-05-24 00:49:45,1684903786,13.0,28.9,98140,1.00,2.00,4.00,5.00,0.0101,0
2023-05-24 00:54:47,1684904087,12.9,29.3,98100,1e-7,1e-7,1e-7,1e-7,0.0102,0
2023-05-24 00:59:49,1684904389,12.8,29.4,98100,1.00,3.00,6.00,7.00,0.0110,0
2023-05-24 01:04:50,1684904690,12.8,29.6,98100,1.00,4.00,8.00,9.00,0.0142,0
2023-05-24 01:09:53,1684904993,12.7,29.9,98100,1.00,5.00,8.00,10.0,0.0142,0
2023-05-24 01:14:56,1684905296,12.7,29.8,98100,2.00,5.00,7.00,8.00,0.0170,0
2023-05-24 01:19:57,1684905598,12.7,29.8,98100,1.00,2.00,4.00,4.00,0.0105,0
2023-05-24 01:24:58,1684905899,12.6,29.6,98100,1.00,4.00,6.00,7.00,0.0131,0
2023-05-24 01:29:40,1684906180,12.6,29.8,98100,1e-7,5.00,8.00,9.00,0.0119,0
2023-05-24 01:34:41,1684906481,12.6,29.8,98100,1e-7,4.00,8.00,9.00,0.0172,0
2023-05-24 01:39:42,1684906783,12.6,30.1,98100,1.00,4.00,8.00,9.00,0.00961,0
2023-05-24 01:44:44,1684907085,12.6,30.4,98100,1e-7,2.00,4.00,5.00,0.0120,0
2023-05-24 01:49:45,1684907386,12.6,30.2,98100,1.00,3.00,5.00,5.00,0.0250,0
2023-05-24 01:54:47,1684907687,12.7,30.7,98100,1.00,4.00,6.00,7.00,0.0135,0
2023-05-24 01:59:48,1684907989,12.9,31.6,98100,2.00,4.00,6.00,7.00,0.0127,0
2023-05-24 02:04:49,1684908290,13.3,32.5,98100,1.00,6.00,10.0,12.0,0.0350,0
2023-05-24 02:09:50,1684908591,13.7,30.9,98100,2.00,6.00,11.0,13.0,0.0234,0
2023-05-24 02:14:52,1684908892,14.1,30.4,98100,2.00,4.00,6.00,7.00,0.0234,0
2023-05-24 02:19:52,1684909193,14.5,30.0,98100,1.00,2.00,4.00,4.00,0.0287,0
2023-05-24 02:24:55,1684909496,14.8,30.1,98100,1.00,4.00,7.00,9.00,0.0208,0
2023-05-24 02:29:57,1684909797,15.1,29.7,98100,1.00,4.00,6.00,7.00,0.0208,0
2023-05-24 02:34:57,1684910098,15.3,29.4,98100,1e-7,2.00,3.00,4.00,0.0281,0
2023-05-24 02:39:58,1684910399,15.5,28.8,98053,1.00,3.00,4.00,5.00,0.0243,0
2023-05-24 02:44:59,1684910699,15.6,28.3,98027,2.00,5.00,8.00,9.00,0.0167,0
2023-05-24 02:49:59,1684911000,15.8,28.3,98060,1e-7,2.00,4.00,5.00,0.0146,0
2023-05-24 02:54:41,1684911281,15.9,29.1,98000,1e-7,2.00,3.00,3.00,0.0139,0
2023-05-24 02:59:41,1684911582,15.9,29.8,98000,1e-7,2.00,4.00,5.00,0.0139,0
2023-05-24 03:04:42,1684911882,15.8,30.4,98000,2.00,5.00,9.00,10.0,0.0165,0
2023-05-24 03:09:42,1684912183,15.7,29.7,98000,2.00,7.00,11.0,13.0,0.0152,0
2023-05-24 03:14:43,1684912483,15.6,29.5,98000,1.00,2.00,4.00,4.00,0.0112,0
2023-05-24 03:19:44,1684912785,15.5,29.3,98000,1.00,3.00,4.00,4.00,0.0170,0
2023-05-24 03:24:45,1684913085,15.3,28.8,98000,1.00,2.00,4.00,5.00,0.0149,0
2023-05-24 03:29:45,1684913386,15.2,28.5,98000,1.00,2.00,3.00,4.00,0.0112,0
2023-05-24 03:34:46,1684913686,15.0,28.6,98000,1.00,1.00,1.00,2.00,0.0112,0
2023-05-24 03:39:47,1684913988,14.9,28.8,98000,1.00,2.00,3.00,4.00,0.0112,0
2023-05-24 03:44:48,1684914288,14.7,28.9,98000,1e-7,2.00,4.00,4.00,0.00995,0
2023-05-24 03:49:48,1684914589,14.6,29.4,98000,1e-7,4.00,7.00,8.00,0.0107,0
2023-05-24 03:54:49,1684914890,14.4,29.5,98000,2.00,2.00,3.00,4.00,0.0141,0
2023-05-24 03:59:50,1684915190,14.2,29.8,98000,1.00,2.00,4.00,4.00,0.0141,0
2023-05-24 04:04:52,1684915492,14.1,30.6,98000,1.00,2.00,4.00,5.00,0.0103,0
2023-05-24 04:09:55,1684915795,14.0,30.6,98000,2.00,7.00,11.0,13.0,0.0183,0
2023-05-24 04:14:55,1684916095,13.9,30.7,98000,1.00,2.00,3.00,4.00,0.0222,0
2023-05-24 04:19:56,1684916396,13.9,31.0,98000,1.00,7.00,12.0,15.0,0.0222,0
2023-05-24 04:24:56,1684916697,13.9,31.1,98000,1.00,3.00,5.00,6.00,0.0441,0
2023-05-24 04:29:57,1684916998,13.9,31.1,98000,1.00,2.00,3.00,4.00,0.0420,0
2023-05-24 04:34:58,1684917299,13.9,31.3,98000,1e-7,2.00,4.00,5.00,0.0420,0
2023-05-24 04:39:59,1684917600,14.0,31.5,98000,1.00,3.00,4.00,4.00,0.0109,0
2023-05-24 04:44:40,1684917880,14.0,31.7,98000,1e-7,2.00,4.00,5.00,0.0100,0
2023-05-24 04:49:42,1684918182,14.1,31.8,98000,1.00,2.00,4.00,4.00,0.0100,0
2023-05-24 04:54:43,1684918483,14.1,31.7,98000,1.00,2.00,4.00,4.00,0.0101,0
2023-05-24 04:59:43,1684918784,14.1,31.6,98000,1.00,2.00,4.00,5.00,0.0100,0
2023-05-24 05:04:44,1684919085,14.2,31.6,98000,1.00,5.00,8.00,10.0,0.0107,0
2023-05-24 05:09:45,1684919386,14.2,32.0,98000,1.00,2.00,4.00,4.00,0.0196,0
2023-05-24 05:14:46,1684919686,14.2,32.0,98000,2.00,2.00,2.00,2.00,0.0180,0
2023-05-24 05:19:47,1684919987,14.3,32.1,98000,1.00,2.00,4.00,4.00,0.00995,0
2023-05-24 05:24:47,1684920288,14.3,32.6,98000,1e-7,2.00,4.00,5.00,0.00995,0
2023-05-24 05:29:49,1684920590,14.3,32.8,98000,1.00,2.00,4.00,4.00,0.0102,0
2023-05-24 05:34:50,1684920890,14.4,32.7,98000,1e-7,2.00,4.00,5.00,0.0103,0
2023-05-24 05:39:50,1684921191,14.6,32.9,98000,1.00,2.00,3.00,4.00,0.0103,0
2023-05-24 05:44:52,1684921492,14.7,33.1,98000,1.00,2.00,3.00,4.00,0.0104,0
2023-05-24 05:49:54,1684921794,14.8,33.1,98000,1e-7,2.00,4.00,4.00,0.0101,0
2023-05-24 05:54:54,1684922095,14.9,33.3,98000,1.00,2.00,4.00,5.00,0.0107,0
2023-05-24 05:59:43,1684922384,15.0,33.6,98000,1.00,4.00,6.00,7.00,0.0145,0
2023-05-24 06:04:44,1684922684,15.2,33.9,98000,1.00,2.00,4.00,5.00,0.0160,0
2023-05-24 06:09:45,1684922986,15.3,34.2,98100,1.00,3.00,6.00,7.00,0.0189,0
2023-05-24 06:14:46,1684923286,15.5,34.5,98040,1.00,2.00,4.00,4.00,0.0127,0
2023-05-24 06:19:46,1684923587,15.6,34.8,98047,1e-7,2.00,3.00,4.00,0.0123,0
2023-05-24 06:24:47,1684923887,15.7,35.8,98100,1.00,2.00,3.00,4.00,0.0131,0
2023-05-24 06:25:06,1684923907,15.8,36.4,98100,1e-7,2.00,3.00,3.00,0.00995,0
2023-05-24 06:34:23,1684924464,15.9,36.6,98100,1.00,1.00,1.00,2.00,0.00995,0
2023-05-24 06:39:52,1684924792,16.0,36.8,98100,1.00,2.00,4.00,4.00,0.00995,0
2023-05-24 06:44:52,1684925093,16.0,37.8,98100,1.00,3.00,5.00,6.00,0.00995,0
2023-05-24 06:49:41,1684925382,16.0,38.2,98100,1.00,2.00,4.00,4.00,0.0112,0
2023-05-24 06:51:01,1684925462,16.0,38.5,98100,1e-7,2.00,4.00,5.00,0.0112,0
2023-05-24 13:09:43,1684948184,21.6,24.0,98300,1e-7,1e-7,1e-7,1e-7,,
2023-05-24 13:14:41,1684948482,22.1,24.1,98300,1e-7,2.00,4.00,5.00,,
2023-05-24 13:19:59,1684948799,22.5,23.2,98300,1e-7,1e-7,1.00,1.00,,
2023-05-24 13:22:57,1684948978,22.8,23.0,98300,1.00,2.00,3.00,4.00,0.0105,0
2023-05-24 13:39:53,1684949993,25.1,21.3,98300,1e-7,1.00,3.00,3.00,,
2023-05-24 13:44:57,1684950297,25.3,20.9,98300,1.00,2.00,3.00,3.00,,
2023-05-24 13:49:55,1684950595,25.5,20.6,98300,1.00,4.00,6.00,7.00,,
2023-05-24 13:54:51,1684950892,25.8,20.2,98300,1.00,2.00,4.00,5.00,0.0121,0
2023-05-24 13:57:10,1684951030,25.9,19.3,98300,1.00,2.00,4.00,4.00,0.0128,0
2023-05-24 14:09:51,1684951791,25.3,17.5,98300,1e-7,1e-7,1.00,1.00,0.0128,0
2023-05-24 14:11:29,1684951890,25.2,18.1,98300,1.00,2.00,3.00,4.00,0.00955,0
2023-05-24 14:24:40,1684952681,23.5,18.7,98300,1e-7,1.00,2.00,2.00,0.00875,0
2023-05-24 14:29:58,1684952999,23.1,18.7,98300,1.00,1.00,3.00,3.00,0.0101,0
2023-05-24 14:30:58,1684953058,22.4,18.6,98300,1e-7,2.00,4.00,5.00,0.0103,0
2023-05-24 14:39:56,1684953597,21.3,20.7,98400,1e-7,2.00,3.00,4.00,0.0103,0
2023-05-24 14:44:54,1684953895,21.1,20.5,98400,1.00,2.00,4.00,5.00,0.0103,0
2023-05-24 14:48:14,1684954095,20.8,20.8,98380,1e-7,2.00,3.00,3.00,0.0103,0
2023-05-24 14:59:42,1684954782,20.3,21.3,98400,1.00,3.00,6.00,7.00,0.0109,0
2023-05-24 15:04:40,1684955081,20.2,21.5,98373,1.00,4.00,7.00,9.00,0.0162,0
2023-05-24 15:05:20,1684955121,20.0,20.9,98300,1e-7,2.00,3.00,3.00,0.0113,0
2023-05-24 15:14:51,1684955692,19.6,21.6,98400,1.00,2.00,4.00,5.00,0.0129,0
2023-05-24 15:19:50,1684955990,19.5,21.8,98400,1.00,3.00,5.00,5.00,0.0129,0
2023-05-24 15:22:29,1684956150,19.3,22.1,98400,1.00,4.00,6.00,8.00,0.0113,0
2023-05-24 15:29:59,1684956599,19.1,22.4,98400,1e-7,2.00,4.00,4.00,0.0118,0
2023-05-24 15:34:58,1684956898,19.1,22.9,98400,2.00,3.00,6.00,7.00,0.0148,0
2023-05-24 15:39:36,1684957177,19.0,22.3,98400,1e-7,2.00,3.00,3.00,0.0148,0
2023-05-24 15:49:49,1684957790,18.7,22.8,98400,1e-7,2.00,4.00,5.00,0.0179,0
2023-05-24 15:54:48,1684958089,18.7,23.1,98400,1e-7,2.00,4.00,5.00,0.0126,0
2023-05-24 15:58:45,1684958325,18.8,22.9,98400,1e-7,2.00,3.00,4.00,0.00995,0
2023-05-24 16:04:43,1684958683,18.6,22.8,98400,1.00,2.00,3.00,4.00,0.0105,0
2023-05-24 16:09:42,1684958982,18.5,22.7,98400,2.00,2.00,4.00,4.00,0.0105,0
2023-05-24 16:14:48,1684959289,18.3,22.8,98400,1.00,2.00,3.00,3.00,0.00995,0
2023-05-24 16:15:38,1684959339,18.2,23.0,98400,1e-7,2.00,4.00,4.00,0.00995,0
2023-05-24 16:24:44,1684959884,18.2,23.0,98400,1e-7,1.00,3.00,3.00,0.00995,0
2023-05-24 16:29:43,1684960184,18.2,23.0,98400,1.00,6.00,11.0,13.0,0.0201,0
2023-05-24 16:31:03,1684960264,18.2,22.7,98400,1.00,2.00,3.00,4.00,0.0174,0
2023-05-24 16:44:41,1684961081,18.0,23.2,98400,1e-7,1e-7,1e-7,1e-7,0.0174,0
2023-05-24 16:45:20,1684961121,18.0,23.2,98400,1e-7,1e-7,1e-7,1e-7,0.0171,0
2023-05-24 16:59:48,1684961989,18.0,23.5,98400,1e-7,1e-7,1e-7,1e-7,0.0203,0
2023-05-24 17:03:08,1684962188,18.1,23.7,98400,1e-7,2.00,4.00,4.00,0.0215,0
2023-05-24 17:14:47,1684962887,17.8,23.0,98400,1e-7,1.00,1.00,1.00,0.0215,0
2023-05-24 17:19:56,1684963196,17.7,23.1,98400,1e-7,1e-7,1e-7,1e-7,0.0203,0
2023-05-24 17:22:15,1684963336,17.6,23.6,98457,1e-7,2.00,4.00,5.00,0.00995,0
2023-05-24 17:34:43,1684964084,17.6,24.2,98500,1.00,3.00,6.00,7.00,0.0100,0
2023-05-24 17:38:43,1684964323,17.6,24.0,98500,1e-7,2.00,3.00,4.00,0.0128,0
2023-05-24 17:49:44,1684964985,17.4,24.0,98500,1e-7,5.00,8.00,9.00,0.0128,0
2023-05-24 17:54:20,1684965260,17.4,24.0,98500,1e-7,2.00,3.00,4.00,0.0125,0
2023-05-24 18:04:47,1684965887,17.3,23.8,98500,1e-7,2.00,4.00,5.00,0.00907,0
2023-05-24 18:07:07,1684966028,17.3,23.8,98500,1e-7,1e-7,1e-7,1e-7,0.0115,0
2023-05-24 18:14:06,1684966447,17.2,23.5,98500,1e-7,1e-7,1e-7,1e-7,0.0115,0
2023-05-24 18:34:48,1684967689,17.4,23.9,98500,1e-7,1e-7,1e-7,1e-7,,
2023-05-24 18:39:47,1684967988,17.4,24.0,98500,1.00,1.00,1.00,1.00,,
2023-05-24 18:43:03,1684968183,17.5,23.8,98500,1e-7,1e-7,1e-7,1e-7,,
2023-05-24 18:48:06,1684968487,17.4,23.9,98500,1e-7,1e-7,1e-7,1e-7,,
2023-05-24 18:54:44,1684968884,17.3,24.0,98500,1e-7,1e-7,1e-7,1e-7,,
2023-05-24 18:59:51,1684969192,17.3,24.0,98500,1.00,2.00,3.00,4.00,0.00995,0
2023-05-24 19:01:36,1684969297,17.1,24.1,98500,1e-7,2.00,4.00,4.00,0.00995,0
2023-05-24 19:09:10,1684969750,16.8,23.8,98500,1e-7,2.00,3.00,3.00,0.00995,0
2023-05-24 19:14:41,1684970081,16.7,23.9,98500,1e-7,1e-7,1e-7,1e-7,0.00995,0
2023-05-24 19:19:44,1684970384,16.4,24.1,98500,1e-7,1e-7,1e-7,1e-7,0.00995,0
2023-05-24 19:23:05,1684970586,16.3,24.2,98500,1.00,1.00,2.00,2.00,0.00995,0
2023-05-24 19:29:57,1684970997,16.0,24.7,98500,1e-7,2.00,4.00,5.00,0.0101,0
2023-05-24 19:34:40,1684971280,15.8,24.8,98500,1e-7,1e-7,1e-7,1e-7,0.0101,0
2023-05-24 19:35:00,1684971300,15.7,26.0,98500,1e-7,1e-7,1e-7,1e-7,0.0100,0
2023-05-24 19:42:17,1684971737,15.4,25.9,98500,1e-7,1e-7,1e-7,1e-7,0.0101,0
2023-05-24 19:59:57,1684972798,14.5,26.5,98600,1e-7,2.00,4.00,4.00,0.0101,0
2023-05-24 20:04:58,1684973098,14.3,27.2,98600,1.00,4.00,7.00,8.00,0.0100,0
2023-05-24 20:09:59,1684973399,14.1,27.4,98600,1e-7,2.00,3.00,3.00,0.0122,0
2023-05-24 20:14:40,1684973680,13.9,27.7,98600,1e-7,1e-7,1e-7,1e-7,0.0122,0
2023-05-24 20:19:40,1684973981,13.6,28.2,98600,1e-7,2.00,4.00,4.00,0.0122,0
2023-05-24 20:24:41,1684974282,13.4,28.7,98600,1e-7,1e-7,1e-7,1e-7,0.00995,0
2023-05-24 20:29:43,1684974584,13.2,29.4,98600,1e-7,1e-7,1e-7,1e-7,0.00995,0
2023-05-24 20:34:44,1684974885,13.0,29.9,98600,1.00,3.00,6.00,7.00,0.0107,0
2023-05-24 20:39:46,1684975186,12.7,30.0,98600,1e-7,1e-7,1e-7,1e-7,0.0107,0
2023-05-24 20:44:47,1684975488,12.5,30.0,98600,1e-7,2.00,4.00,4.00,0.0107,0
2023-05-24 20:49:48,1684975789,12.4,30.5,98600,1e-7,1e-7,1e-7,1e-7,0.00995,0
2023-05-24 20:54:51,1684976091,12.2,31.2,98600,1e-7,1e-7,1e-7,1e-7,0.00995,0
2023-05-24 20:59:53,1684976393,12.0,31.7,98600,1e-7,1e-7,1e-7,1e-7,0.00995,0
2023-05-24 21:04:54,1684976695,11.9,32.0,98600,1e-7,1e-7,1e-7,1e-7,0.00995,0
2023-05-24 21:09:56,1684976996,11.7,32.4,98600,1e-7,1e-7,1e-7,1e-7,0.00995,0
2023-05-24 21:14:58,1684977299,11.6,32.6,98600,1e-7,2.00,3.00,4.00,0.00995,0
2023-05-24 21:19:40,1684977580,11.5,32.4,98600,1e-7,1e-7,1e-7,1e-7,0.00995,0
2023-05-24 21:24:41,1684977882,11.4,32.6,98600,1e-7,2.00,4.00,5.00,0.00995,0
2023-05-24 21:29:43,1684978183,11.4,33.0,98600,1e-7,1e-7,1e-7,1e-7,0.0100,0
2023-05-24 21:34:45,1684978485,11.3,33.2,98600,1e-7,1e-7,1e-7,1e-7,0.0100,0
2023-05-24 21:39:46,1684978787,11.2,33.3,98600,1e-7,2.00,3.00,3.00,0.0100,0
2023-05-24 21:44:48,1684979089,11.1,33.6,98600,1e-7,1.00,3.00,3.00,0.00995,0
2023-05-24 21:49:59,1684979399,11.1,33.7,98600,1e-7,1e-7,1e-7,1e-7,0.00995,0
2023-05-24 21:54:40,1684979680,11.1,34.0,98600,1.00,2.00,4.00,5.00,0.00995,0
2023-05-24 21:59:42,1684979982,11.1,34.2,98600,1e-7,1e-7,1e-7,1e-7,0.0101,0
2023-05-24 22:04:43,1684980284,11.2,34.4,98600,1e-7,1.00,3.00,3.00,0.0101,0
2023-05-24 22:09:45,1684980586,11.2,34.4,98600,1e-7,1e-7,1e-7,1e-7,0.0101,0
2023-05-24 22:14:48,1684980888,11.3,34.2,98600,1e-7,1e-7,1e-7,1e-7,0.00995,0
2023-05-24 22:19:50,1684981190,11.4,34.3,98600,1e-7,2.00,3.00,3.00,0.00995,0
2023-05-24 22:24:51,1684981492,11.4,34.8,98600,1e-7,1.00,3.00,3.00,0.00995,0
2023-05-24 22:29:53,1684981793,11.5,34.6,98600,1e-7,1e-7,1e-7,1e-7,0.00995,0
2023-05-24 22:34:54,1684982095,11.5,34.4,98600,1e-7,2.00,4.00,5.00,0.0101,0
2023-05-24 22:39:56,1684982396,11.6,34.4,98600,1e-7,1e-7,1e-7,1e-7,0.0101,0
2023-05-24 22:44:58,1684982699,11.6,34.8,98600,1e-7,2.00,3.00,4.00,0.0101,0
2023-05-24 22:49:40,1684982980,11.7,34.5,98600,1e-7,1e-7,1e-7,1e-7,0.0100,0
2023-05-24 22:54:41,1684983282,11.7,34.3,98600,1e-7,2.00,3.00,4.00,0.00995,0
2023-05-24 22:59:43,1684983583,11.7,34.1,98600,1e-7,2.00,4.00,5.00,0.0101,0
2023-05-24 23:04:45,1684983885,11.7,34.1,98600,1.00,2.00,3.00,4.00,0.0101,0
2023-05-24 23:09:46,1684984187,11.7,34.6,98600,1e-7,2.00,4.00,4.00,0.0101,0
2023-05-24 23:14:48,1684984488,11.7,35.7,98600,1e-7,1e-7,1e-7,1e-7,0.0101,0
2023-05-24 23:19:49,1684984790,11.7,35.1,98600,1e-7,2.00,4.00,4.00,0.00995,0
2023-05-24 23:24:51,1684985091,11.8,35.0,98600,1e-7,1e-7,1e-7,1e-7,0.00995,0
2023-05-24 23:29:52,1684985393,11.8,34.8,98600,1e-7,2.00,3.00,4.00,0.00995,0
2023-05-24 23:34:54,1684985694,11.8,35.0,98600,1e-7,2.00,3.00,3.00,0.00995,0
2023-05-24 23:39:55,1684985996,11.8,35.1,98600,1e-7,2.00,4.00,4.00,0.00995,0
2023-05-24 23:44:57,1684986297,11.8,35.2,98600,1e-7,1.00,3.00,3.00,0.00995,0
2023-05-24 23:49:58,1684986599,11.7,35.0,98600,1e-7,1e-7,1e-7,1e-7,0.00995,0
2023-05-24 23:54:40,1684986880,11.7,35.3,98600,1e-7,2.00,4.00,4.00,0.00995,0
2023-05-24 23:59:50,1684987191,11.6,35.1,98600,1e-7,1e-7,1e-7,1e-7,0.00995,0
2023-05-25 00:04:52,1684987492,11.5,35.6,98600,1e-7,2.00,3.00,3.00,0.00995,0
2023-05-25 00:09:53,1684987794,11.5,35.9,98600,1e-7,1e-7,1e-7,1e-7,0.00995,0
2023-05-25 00:14:55,1684988095,11.4,35.7,98600,1e-7,2.00,4.00,4.00,0.00995,0
2023-05-25 00:19:57,1684988397,11.3,36.0,98600,1e-7,2.00,3.00,3.00,0.00995,0
2023-05-25 00:24:58,1684988699,11.2,35.9,98600,1e-7,2.00,3.00,4.00,0.00995,0
2023-05-25 00:29:49,1684988989,11.2,36.1,98600,1e-7,1e-7,1e-7,1e-7,0.00995,0
2023-05-25 00:34:50,1684989291,11.1,36.1,98600,1e-7,1.00,3.00,3.00,0.00995,0
2023-05-25 00:39:52,1684989593,11.1,35.9,98600,1e-7,2.00,3.00,3.00,0.00995,0
2023-05-25 00:44:54,1684989894,11.1,36.1,98600,1e-7,2.00,3.00,4.00,0.00995,0
2023-05-25 00:49:56,1684990196,11.0,36.7,98600,1e-7,1e-7,1e-7,1e-7,0.00995,0
2023-05-25 00:54:58,1684990499,11.0,37.1,98600,1.00,1.00,1.00,1.00,0.00995,0
2023-05-25 00:59:40,1684990780,10.9,38.0,98600,1e-7,2.00,3.00,4.00,0.00995,0
2023-05-25 01:04:42,1684991082,11.0,37.8,98600,1e-7,2.00,3.00,3.00,0.00995,0
2023-05-25 01:09:43,1684991384,11.0,37.8,98600,1e-7,1e-7,1e-7,1e-7,0.00995,0
2023-05-25 01:14:45,1684991686,11.0,37.7,98600,1e-7,2.00,3.00,4.00,0.00995,0
2023-05-25 01:19:47,1684991987,11.0,37.6,98600,1e-7,4.00,7.00,8.00,0.00995,0
2023-05-25 01:24:49,1684992289,11.0,38.1,98600,1e-7,2.00,4.00,4.00,0.0144,0
2023-05-25 01:29:50,1684992591,11.0,38.3,98600,1.00,2.00,3.00,3.00,0.0123,0
2023-05-25 01:34:43,1684992883,11.0,37.5,98600,1e-7,2.00,4.00,5.00,0.0123,0
2023-05-25 01:39:45,1684993185,11.0,37.7,98600,1e-7,2.00,4.00,5.00,0.0103,0
2023-05-25 01:44:47,1684993487,11.0,38.2,98600,1e-7,2.00,4.00,5.00,0.0101,0
2023-05-25 01:49:48,1684993789,11.0,37.1,98600,1.00,3.00,5.00,7.00,0.0102,0
2023-05-25 01:54:50,1684994090,11.1,36.9,98600,1.00,2.00,4.00,4.00,0.0110,0
2023-05-25 01:59:51,1684994392,11.1,37.3,98600,1e-7,2.00,4.00,5.00,0.0110,0
2023-05-25 02:04:53,1684994694,11.2,37.5,98600,1e-7,1e-7,1e-7,1e-7,0.0105,0
2023-05-25 02:09:44,1684994984,11.2,38.1,98600,1.00,5.00,8.00,10.0,0.0105,0
2023-05-25 02:14:45,1684995286,11.3,37.9,98600,1e-7,2.00,4.00,4.00,0.0163,0
2023-05-25 02:19:47,1684995587,11.3,37.8,98600,1e-7,2.00,3.00,4.00,0.0161,0
2023-05-25 02:24:48,1684995889,11.4,37.2,98600,1e-7,2.00,4.00,5.00,0.0161,0
2023-05-25 02:29:50,1684996191,11.4,37.0,98600,1.00,2.00,3.00,4.00,0.0103,0
2023-05-25 02:34:52,1684996492,11.4,36.9,98600,2.00,2.00,4.00,4.00,0.0103,0
2023-05-25 02:39:53,1684996794,11.4,36.3,98600,2.00,3.00,4.00,5.00,0.00995,0
2023-05-25 02:44:55,1684997096,11.4,36.1,98600,1.00,4.00,7.00,9.00,0.0139,0
2023-05-25 02:49:57,1684997397,11.4,36.2,98600,1.00,2.00,3.00,4.00,0.0173,0
2023-05-25 02:54:58,1684997699,11.4,36.4,98600,1e-7,2.00,3.00,3.00,0.0223,0
2023-05-25 02:59:40,1684997980,11.4,36.4,98600,1.00,5.00,8.00,9.00,0.0223,0
2023-05-25 03:04:42,1684998282,11.4,36.2,98600,2.00,2.00,4.00,5.00,0.0218,0
2023-05-25 03:09:44,1684998584,11.4,36.2,98600,1e-7,2.00,3.00,4.00,0.0123,0
2023-05-25 03:14:45,1684998886,11.4,36.2,98600,1.00,2.00,4.00,4.00,0.0101,0
2023-05-25 03:19:47,1684999187,11.4,36.1,98600,1e-7,2.00,4.00,5.00,0.0101,0
2023-05-25 03:24:48,1684999489,11.5,36.1,98600,1.00,2.00,4.00,5.00,0.00995,0
2023-05-25 03:29:51,1684999791,11.5,35.9,98600,1.00,4.00,6.00,8.00,0.0127,0
2023-05-25 03:34:52,1685000093,11.4,35.8,98600,1.00,2.00,4.00,4.00,0.0143,0
2023-05-25 03:39:54,1685000395,11.4,35.6,98600,1.00,3.00,5.00,5.00,0.0119,0
2023-05-25 03:44:57,1685000697,11.4,35.5,98600,1.00,2.00,4.00,5.00,0.0112,0
2023-05-25 03:49:58,1685000999,11.4,35.6,98600,1.00,1.00,2.00,2.00,0.0109,0
2023-05-25 03:54:40,1685001280,11.4,35.7,98600,1.00,5.00,9.00,10.0,0.0119,0
2023-05-25 03:59:41,1685001582,11.3,35.3,98600,1.00,5.00,9.00,10.0,0.0187,0
2023-05-25 04:04:43,1685001884,11.3,35.2,98600,1.00,2.00,3.00,3.00,0.0299,0
2023-05-25 04:09:45,1685002186,11.2,35.5,98600,1.00,2.00,4.00,4.00,0.0231,0
2023-05-25 04:14:47,1685002487,11.1,35.2,98600,1.00,1.00,2.00,2.00,0.0123,0
2023-05-25 04:19:49,1685002789,11.0,35.2,98600,1e-7,2.00,3.00,4.00,0.00995,0
2023-05-25 04:24:50,1685003091,10.9,35.5,98600,1.00,3.00,5.00,6.00,0.0144,0
2023-05-25 04:29:52,1685003392,10.8,35.7,98600,1.00,4.00,7.00,8.00,0.0131,0
2023-05-25 04:34:54,1685003694,10.7,35.6,98600,1.00,2.00,4.00,5.00,0.0179,0
2023-05-25 04:39:55,1685003996,10.6,36.3,98600,1.00,4.00,6.00,7.00,0.0179,0
2023-05-25 04:44:57,1685004298,10.6,36.2,98600,1.00,2.00,3.00,4.00,0.0144,0
2023-05-25 04:49:59,1685004599,10.5,36.3,98600,2.00,6.00,10.0,12.0,0.0184,0
2023-05-25 04:54:41,1685004881,10.5,36.4,98600,2.00,2.00,4.00,4.00,0.0211,0
2023-05-25 04:59:42,1685005183,10.4,36.3,98600,1.00,2.00,3.00,4.00,0.0210,0
2023-05-25 05:04:44,1685005485,10.4,36.5,98600,1.00,2.00,3.00,3.00,0.0210,0
2023-05-25 05:09:46,1685005787,10.3,36.4,98600,2.00,4.00,6.00,6.00,0.0121,0
2023-05-25 05:14:48,1685006088,10.3,36.4,98600,1.00,5.00,9.00,11.0,0.0118,0
2023-05-25 05:19:50,1685006390,10.3,36.6,98600,1.00,6.00,11.0,13.0,0.0208,0
2023-05-25 05:24:52,1685006692,10.3,36.5,98600,1.00,5.00,8.00,10.0,0.0208,0
2023-05-25 05:28:33,1685006913,10.3,36.3,98636,1.00,3.00,5.00,6.00,0.0158,0
2023-05-25 10:19:51,1685024391,25.2,16.2,98700,2.00,3.00,4.00,5.00,,
2023-05-25 10:21:30,1685024490,25.4,16.7,98700,1.00,2.00,4.00,5.00,,
2023-05-25 10:29:45,1685024985,25.8,15.9,98700,1e-7,1e-7,1.00,1.00,,
2023-05-25 10:34:41,1685025281,26.0,16.0,98693,1.00,3.00,6.00,7.00,,
2023-05-25 10:37:58,1685025478,26.3,15.8,98700,1.00,1.00,3.00,3.00,0.0103,0
2023-05-25 10:49:45,1685026186,26.2,16.1,98600,1e-7,2.00,3.00,4.00,0.0104,0
2023-05-25 10:54:41,1685026482,26.5,15.8,98600,1.00,4.00,6.00,7.00,0.0116,0
2023-05-25 10:55:01,1685026501,26.8,16.0,98600,1e-7,1e-7,1e-7,1e-7,0.00999,0
2023-05-25 11:04:58,1685027098,26.7,13.3,98680,1e-7,1.00,1.00,1.00,0.0131,0
2023-05-25 11:09:53,1685027394,26.7,13.4,98600,1.00,4.00,7.00,8.00,0.0131,0
2023-05-25 11:11:52,1685027512,26.9,13.2,98600,1.00,2.00,3.00,4.00,0.0110,0
2023-05-25 11:19:42,1685027982,27.6,12.2,98600,1.00,3.00,6.00,7.00,0.0126,0
2023-05-25 11:24:57,1685028297,27.7,12.8,98600,1.00,3.00,6.00,7.00,0.0131,0
2023-05-25 11:28:53,1685028534,27.9,13.0,98600,1.00,6.00,10.0,12.0,0.0158,0
2023-05-25 11:39:42,1685029182,28.7,12.6,98600,1.00,2.00,3.00,3.00,0.0175,0
2023-05-25 11:44:59,1685029499,29.0,12.9,98600,1.00,4.00,6.00,7.00,0.0170,0
2023-05-25 11:46:56,1685029616,29.1,12.8,98600,1.00,2.00,2.00,3.00,0.00934,0
2023-05-25 11:54:56,1685030096,29.7,12.8,98600,1e-7,1e-7,1e-7,1e-7,0.00981,0
2023-05-25 11:59:51,1685030391,30.0,13.1,98600,2.00,3.00,4.00,5.00,0.0138,0
2023-05-25 12:03:46,1685030626,30.2,12.4,98600,1.00,2.00,4.00,5.00,0.0138,0
2023-05-25 12:09:59,1685031000,30.0,11.5,98600,1.00,1.00,1.00,1.00,0.0102,0
2023-05-25 12:14:54,1685031295,30.1,11.6,98600,1.00,3.00,6.00,7.00,0.0106,0
2023-05-25 12:19:30,1685031570,30.3,11.8,98600,1.00,3.00,5.00,7.00,0.0130,0
2023-05-25 12:29:50,1685032190,30.7,10.0,98600,1.00,3.00,4.00,5.00,0.0100,0
2023-05-25 12:34:45,1685032485,30.7,10.6,98600,2.00,2.00,3.00,4.00,0.0102,0
2023-05-25 12:37:26,1685032647,30.7,11.1,98600,1.00,3.00,6.00,7.00,0.0133,0
2023-05-25 12:44:48,1685033088,31.1,11.2,98600,1.00,2.00,3.00,4.00,0.0133,0
2023-05-25 12:49:43,1685033383,30.9,10.5,98600,1.00,2.00,3.00,3.00,0.0120,0
2023-05-25 12:53:19,1685033599,30.8,9.91,98527,1.00,1.00,3.00,3.00,0.0139,0
2023-05-25 13:04:56,1685034296,30.3,10.7,98600,1.00,3.00,5.00,6.00,0.0124,0
2023-05-25 13:09:51,1685034591,30.1,10.5,98560,2.00,5.00,8.00,9.00,0.0205,0
2023-05-25 13:10:11,1685034611,30.1,11.5,98500,1.00,1.00,1.00,1.00,0.0138,0
2023-05-25 13:24:48,1685035489,30.9,10.3,98500,2.00,5.00,8.00,9.00,0.0156,0
2023-05-25 13:26:46,1685035607,31.1,10.5,98500,1e-7,4.00,7.00,8.00,0.0156,0
2023-05-25 13:39:53,1685036393,31.3,10.5,98500,1.00,4.00,5.00,6.00,0.0142,0
2023-05-25 13:41:55,1685036516,31.1,11.4,98500,1.00,2.00,3.00,4.00,0.0142,0
2023-05-25 13:54:42,1685037282,30.9,10.1,98500,1.00,2.00,3.00,4.00,0.0201,0
2023-05-25 13:59:43,1685037583,31.1,10.2,98500,1.00,2.00,3.00,4.00,0.0220,0
2023-05-25 14:00:03,1685037603,31.1,9.51,98500,1e-7,1e-7,1e-7,1e-7,0.00740,0
2023-05-25 14:09:50,1685038190,30.2,10.4,98500,1e-7,1e-7,1e-7,1e-7,0.00740,0
2023-05-25 14:14:44,1685038484,30.1,10.7,98500,1.00,9.00,15.0,18.0,0.0170,0
2023-05-25 14:18:20,1685038700,30.2,10.3,98555,1.00,3.00,4.00,5.00,0.0197,0
2023-05-25 14:29:56,1685039396,30.1,10.5,98550,1.00,2.00,3.00,3.00,0.0197,0
2023-05-25 14:34:30,1685039671,29.7,10.6,98571,2.00,2.00,3.00,3.00,0.0160,0
2023-05-25 14:49:54,1685040595,26.6,11.4,98573,1.00,2.00,3.00,3.00,0.0104,0
2023-05-25 15:04:55,1685041496,26.0,12.5,98592,3.00,4.00,5.00,6.00,0.0125,0
2023-05-25 15:09:35,1685041775,25.6,12.4,98585,1.00,1.00,2.00,2.00,0.0125,0
2023-05-25 15:10:11,1685041811,25.4,12.0,98500,1e-7,1e-7,1e-7,1e-7,0.0101,0
2023-05-25 15:19:54,1685042394,24.6,12.8,98600,1e-7,1.00,3.00,3.00,0.0164,0
2023-05-25 15:21:33,1685042493,24.5,12.8,98600,1e-7,2.00,4.00,5.00,0.0186,0
2023-05-25 15:39:59,1685043599,24.2,13.0,98600,1e-7,2.00,3.00,4.00,0.0186,0
2023-05-25 15:44:35,1685043876,24.2,13.2,98600,1.00,3.00,4.00,5.00,0.0104,0
2023-05-25 15:49:51,1685044192,24.1,13.4,98600,1e-7,2.00,4.00,5.00,0.0100,0
2023-05-25 15:54:50,1685044490,23.8,13.3,98600,1.00,5.00,8.00,10.0,0.0206,0
2023-05-25 15:59:47,1685044788,23.5,13.0,98600,1.00,2.00,4.00,5.00,0.0304,0
2023-05-25 16:14:42,1685045683,23.0,13.8,98600,1e-7,2.00,3.00,4.00,0.0242,0
2023-05-25 16:19:40,1685045981,22.8,13.9,98600,1.00,4.00,6.00,7.00,0.0330,0
2023-05-25 16:24:58,1685046298,22.6,13.8,98600,1.00,3.00,4.00,5.00,0.0190,0
2023-05-25 16:29:56,1685046596,22.4,13.6,98600,1.00,2.00,3.00,3.00,0.0166,0
2023-05-25 16:34:55,1685046895,22.4,14.1,98600,1e-7,2.00,4.00,4.00,0.0166,0
2023-05-25 16:39:53,1685047193,22.4,14.3,98600,2.00,4.00,6.00,7.00,0.0121,0
2023-05-25 16:44:51,1685047492,22.2,14.3,98600,1e-7,1.00,3.00,3.00,0.0177,0
2023-05-25 16:49:50,1685047790,22.1,14.3,98600,1.00,2.00,4.00,5.00,0.0190,0
2023-05-25 16:54:48,1685048088,22.1,14.3,98600,1e-7,2.00,4.00,5.00,0.0170,0
2023-05-25 16:59:46,1685048387,22.0,14.0,98600,2.00,3.00,6.00,7.00,0.0103,0
2023-05-25 17:04:45,1685048685,21.9,14.2,98600,1.00,2.00,4.00,4.00,0.0117,0
2023-05-25 17:09:43,1685048984,21.7,14.4,98600,1.00,3.00,5.00,6.00,0.0117,0
2023-05-25 17:14:42,1685049283,21.5,14.8,98600,1.00,1.00,1.00,2.00,0.0109,0
2023-05-25 17:19:40,1685049581,21.3,14.8,98600,1.00,2.00,3.00,4.00,0.0115,0
2023-05-25 17:24:59,1685049899,21.1,15.0,98600,2.00,4.00,6.00,7.00,0.0122,0
2023-05-25 17:29:57,1685050198,20.9,15.1,98600,1.00,2.00,4.00,4.00,0.0138,0
2023-05-25 17:34:59,1685050499,20.8,15.3,98600,1.00,4.00,6.00,7.00,0.0130,0
2023-05-25 17:39:57,1685050798,20.8,15.2,98600,2.00,2.00,3.00,3.00,0.0150,0
2023-05-25 17:44:56,1685051097,20.8,15.4,98600,1.00,3.00,4.00,4.00,0.0151,0
2023-05-25 17:49:56,1685051396,20.7,15.4,98600,1.00,2.00,4.00,4.00,0.0127,0
2023-05-25 17:54:55,1685051695,20.6,14.9,98600,2.00,6.00,9.00,11.0,0.0212,0
2023-05-25 17:59:54,1685051994,20.6,15.2,98600,1.00,4.00,8.00,9.00,0.0212,0
2023-05-25 18:04:52,1685052293,20.5,15.1,98600,1.00,3.00,6.00,7.00,0.0140,0
2023-05-25 18:09:51,1685052592,20.4,15.1,98600,2.00,2.00,4.00,5.00,0.0134,0
2023-05-25 18:14:51,1685052891,20.3,15.2,98600,1.00,4.00,6.00,7.00,0.0134,0
2023-05-25 18:19:50,1685053191,20.1,15.4,98600,3.00,7.00,11.0,12.0,0.0140,0
2023-05-25 18:24:49,1685053490,20.0,15.6,98600,1.00,4.00,7.00,8.00,0.0348,0
2023-05-25 18:29:48,1685053789,19.8,15.7,98600,1.00,4.00,6.00,7.00,0.0348,0
2023-05-25 18:34:47,1685054088,19.6,16.0,98600,1.00,1.00,2.00,2.00,0.0241,0
2023-05-25 18:39:47,1685054387,19.5,15.9,98600,1.00,3.00,5.00,6.00,0.0164,0
2023-05-25 18:44:46,1685054686,19.4,16.0,98600,2.00,2.00,4.00,4.00,0.0126,0
2023-05-25 18:49:45,1685054985,19.3,16.0,98600,1.00,2.00,3.00,4.00,0.0117,0
2023-05-25 18:54:44,1685055285,19.3,16.0,98633,1.00,4.00,7.00,9.00,0.0118,0
2023-05-25 18:59:44,1685055584,19.1,16.4,98700,1.00,3.00,5.00,7.00,0.0235,0
2023-05-25 19:04:43,1685055883,18.9,16.3,98700,2.00,2.00,3.00,4.00,0.0174,0
2023-05-25 19:09:44,1685056185,18.8,16.3,98700,1e-7,2.00,4.00,5.00,0.0174,0
2023-05-25 19:14:44,1685056484,18.6,16.7,98700,1e-7,2.00,3.00,4.00,0.0103,0
2023-05-25 19:19:44,1685056784,18.4,16.9,98700,1e-7,2.00,4.00,4.00,0.0101,0
2023-05-25 19:24:43,1685057084,18.2,17.2,98700,1.00,3.00,6.00,7.00,0.0102,0
2023-05-25 19:29:43,1685057383,18.0,17.3,98700,1.00,2.00,4.00,4.00,0.0127,0
2023-05-25 19:34:43,1685057683,17.7,20.2,98700,1.00,2.00,4.00,5.00,0.00969,0
2023-05-25 19:39:43,1685057983,17.2,20.1,98700,1e-7,1.00,3.00,3.00,0.0103,0
2023-05-25 19:44:43,1685058283,16.8,20.3,98760,1.00,1.00,1.00,2.00,0.0110,0
2023-05-25 19:49:43,1685058584,16.4,20.3,98800,1e-7,2.00,4.00,4.00,0.0105,0
2023-05-25 19:54:43,1685058884,16.1,20.6,98800,1.00,2.00,4.00,4.00,0.00995,0
2023-05-25 19:59:43,1685059184,15.8,21.0,98800,1e-7,2.00,3.00,4.00,0.00995,0
2023-05-25 20:04:43,1685059484,15.5,21.8,98800,1.00,2.00,3.00,4.00,0.00995,0
2023-05-25 20:09:44,1685059784,15.2,22.5,98800,1e-7,2.00,3.00,3.00,0.00995,0
2023-05-25 20:14:44,1685060084,15.0,22.4,98800,1e-7,1.00,3.00,3.00,0.00995,0
2023-05-25 20:19:44,1685060385,14.7,22.4,98800,1.00,2.00,3.00,3.00,0.00995,0
2023-05-25 20:24:44,1685060685,14.5,22.8,98800,1e-7,2.00,3.00,3.00,0.00995,0
2023-05-25 20:29:46,1685060986,14.2,23.0,98800,1.00,2.00,3.00,3.00,0.00995,0
2023-05-25 20:34:47,1685061288,13.9,23.5,98800,1e-7,1e-7,1e-7,1e-7,0.00995,0
2023-05-25 20:39:49,1685061589,13.6,23.6,98800,1e-7,2.00,4.00,4.00,0.00995,0
2023-05-25 20:44:49,1685061890,13.3,23.7,98800,1e-7,5.00,8.00,9.00,0.0137,0
2023-05-25 20:49:51,1685062191,13.1,24.4,98800,1e-7,1e-7,1e-7,1e-7,0.0141,0
2023-05-25 20:54:52,1685062492,12.9,24.7,98800,1.00,2.00,4.00,5.00,0.0143,0
2023-05-25 20:59:53,1685062794,12.6,24.8,98800,1.00,3.00,6.00,7.00,0.0126,0
2023-05-25 21:04:54,1685063095,12.4,25.0,98800,1e-7,2.00,3.00,4.00,0.0125,0
2023-05-25 21:09:56,1685063396,12.2,25.1,98820,1e-7,1e-7,1e-7,1e-7,0.0142,0
2023-05-25 21:14:46,1685063686,12.1,25.4,98900,1e-7,2.00,4.00,4.00,0.00995,0
2023-05-25 21:19:47,1685063987,12.0,25.6,98900,1e-7,2.00,4.00,5.00,0.0101,0
2023-05-25 21:24:48,1685064289,12.0,25.8,98900,1e-7,2.00,4.00,5.00,0.0102,0
2023-05-25 21:29:50,1685064590,12.0,25.9,98900,1e-7,1e-7,1e-7,1e-7,0.0102,0
2023-05-25 21:34:51,1685064892,12.0,26.0,98900,1e-7,1e-7,1e-7,1e-7,0.0103,0
2023-05-25 21:39:53,1685065193,11.9,26.3,98900,1e-7,1e-7,1e-7,1e-7,0.0101,0
2023-05-25 21:44:54,1685065494,11.9,26.4,98900,1.00,2.00,4.00,4.00,0.00995,0
2023-05-25 21:49:55,1685065796,11.9,26.6,98900,1e-7,2.00,3.00,3.00,0.00995,0
2023-05-25 21:54:57,1685066097,11.8,26.5,98900,1e-7,1e-7,1e-7,1e-7,0.00995,0
2023-05-25 21:59:58,1685066399,11.7,26.7,98900,1e-7,1e-7,1e-7,1e-7,0.00995,0
2023-05-25 22:04:41,1685066681,11.6,27.0,98900,1e-7,1e-7,1e-7,1e-7,0.00995,0
2023-05-25 22:09:43,1685066983,11.5,27.6,98900,1e-7,1e-7,1.00,1.00,0.00995,0
2023-05-25 22:14:43,1685067284,11.4,27.6,98900,1e-7,1e-7,1e-7,1e-7,0.00995,0
2023-05-25 22:19:45,1685067585,11.3,27.9,98900,1e-7,1e-7,1e-7,1e-7,0.00995,0
2023-05-25 22:24:47,1685067887,11.2,28.5,98900,1e-7,1e-7,1e-7,1e-7,0.00995,0
2023-05-25 22:29:49,1685068189,11.1,29.1,98900,1.00,2.00,4.00,4.00,0.00995,0
2023-05-25 22:34:50,1685068491,11.0,29.4,98900,1e-7,2.00,4.00,4.00,0.00995,0
2023-05-25 22:39:52,1685068793,10.9,29.2,98900,1e-7,2.00,3.00,4.00,0.00995,0
2023-05-25 22:44:54,1685069094,10.8,29.4,98900,1e-7,2.00,4.00,4.00,0.00995,0
2023-05-25 22:49:15,1685069356,10.6,29.6,98900,1e-7,2.00,3.00,4.00,0.00995,0
2023-05-25 22:54:47,1685069687,10.5,29.5,98900,1.00,3.00,5.00,5.00,0.00995,0
2023-05-25 22:59:49,1685069990,10.4,30.1,98900,1e-7,2.00,3.00,4.00,0.0107,0
2023-05-25 23:04:51,1685070292,10.3,30.4,98900,1.00,4.00,6.00,7.00,0.0111,0
2023-05-25 23:09:53,1685070593,10.3,30.7,98900,1e-7,1e-7,1e-7,1e-7,0.0111,0
2023-05-25 23:14:55,1685070895,10.3,30.9,98900,1e-7,1e-7,1e-7,1e-7,0.0116,0
2023-05-25 23:19:57,1685071197,10.4,30.9,98900,1e-7,1e-7,1e-7,1e-7,0.0108,0
2023-05-25 23:24:59,1685071499,10.4,31.2,98900,1e-7,1e-7,1e-7,1e-7,0.00995,0
2023-05-25 23:29:40,1685071781,10.4,31.2,98900,1e-7,1e-7,1e-7,1e-7,0.00995,0
2023-05-25 23:34:42,1685072083,10.4,31.4,98900,1e-7,2.00,3.00,4.00,0.00995,0
2023-05-25 23:39:44,1685072385,10.3,31.4,98900,1e-7,2.00,3.00,4.00,0.00995,0
2023-05-25 23:44:46,1685072687,10.1,31.6,98900,1e-7,2.00,3.00,4.00,0.00995,0
2023-05-25 23:49:49,1685072989,9.91,31.9,98900,1e-7,2.00,4.00,5.00,0.0101,0
2023-05-25 23:54:51,1685073291,9.70,32.0,98900,1e-7,2.00,3.00,4.00,0.0101,0
2023-05-25 23:59:53,1685073593,9.48,32.2,98900,1.00,1.00,2.00,2.00,0.00995,0
2023-05-26 00:04:58,1685073898,9.28,32.3,98900,1e-7,2.00,3.00,3.00,0.0101,0
2023-05-26 00:09:40,1685074180,9.09,32.5,98900,1e-7,2.00,4.00,4.00,0.00995,0
2023-05-26 00:14:43,1685074484,8.95,33.0,98900,1e-7,1e-7,1e-7,1e-7,0.00995,0
2023-05-26 00:19:46,1685074786,8.82,33.3,98900,1e-7,2.00,4.00,4.00,0.00995,0
2023-05-26 00:24:48,1685075089,8.69,33.4,98900,1e-7,1e-7,1e-7,1e-7,0.00995,0
2023-05-26 00:29:51,1685075391,8.56,33.8,98900,1e-7,2.00,4.00,4.00,0.00995,0
2023-05-26 00:34:53,1685075694,8.41,33.8,98953,1.00,2.00,3.00,4.00,0.00995,0
2023-05-26 00:39:56,1685075996,8.27,34.0,99000,1.00,2.00,4.00,5.00,0.0101,0
2023-05-26 00:44:58,1685076299,8.17,33.9,99000,1e-7,2.00,4.00,4.00,0.0102,0
2023-05-26 00:49:43,1685076583,8.10,34.6,99000,1e-7,1e-7,1e-7,1e-7,0.0102,0
2023-05-26 00:54:45,1685076885,8.07,34.8,99000,1e-7,1e-7,1e-7,1e-7,0.0103,0
2023-05-26 00:59:48,1685077188,7.99,34.8,98953,1e-7,1e-7,1e-7,1e-7,0.00995,0
2023-05-26 01:04:50,1685077491,7.90,34.7,98907,1.00,4.00,7.00,8.00,0.0127,0
2023-05-26 01:09:53,1685077794,7.79,35.4,98927,1e-7,2.00,4.00,4.00,0.0161,0
2023-05-26 01:14:56,1685078096,7.68,35.3,98900,1e-7,1e-7,1e-7,1e-7,0.0138,0
2023-05-26 01:19:59,1685078399,7.58,35.8,98900,1.00,1.00,1.00,1.00,0.00995,0
2023-05-26 01:24:42,1685078683,7.49,35.7,98900,1e-7,2.00,4.00,5.00,0.0102,0
2023-05-26 01:29:47,1685078988,7.42,35.7,98900,1.00,2.00,4.00,4.00,0.0102,0
2023-05-26 01:34:50,1685079291,7.36,35.6,98940,2.00,2.00,2.00,2.00,0.0100,0
2023-05-26 01:39:53,1685079594,7.28,35.7,98967,1.00,2.00,4.00,4.00,0.00995,0
2023-05-26 01:44:57,1685079897,7.23,35.5,98907,1.00,2.00,3.00,4.00,0.00995,0
2023-05-26 01:49:40,1685080180,7.18,35.8,98950,1.00,5.00,7.00,9.00,0.0147,0
2023-05-26 01:54:42,1685080483,7.12,35.9,98993,1e-7,2.00,3.00,4.00,0.0144,0
2023-05-26 01:59:45,1685080786,7.06,35.8,98933,1e-7,2.00,4.00,4.00,0.0141,0
2023-05-26 02:04:49,1685081090,7.01,35.9,98994,1e-7,1e-7,1e-7,1e-7,0.00995,0
2023-05-26 02:09:52,1685081393,6.94,36.0,98987,1e-7,2.00,3.00,3.00,0.00995,0
2023-05-26 02:14:55,1685081695,6.87,36.5,98900,1e-7,1e-7,1e-7,1e-7,0.00995,0
2023-05-26 02:19:58,1685081999,6.81,36.7,98900,1.00,2.00,4.00,4.00,0.00995,0
2023-05-26 02:24:41,1685082282,6.74,37.0,98921,1.00,2.00,3.00,4.00,0.00995,0
2023-05-26 02:29:44,1685082585,6.70,37.8,98953,1e-7,2.00,3.00,4.00,0.00995,0
2023-05-26 02:34:47,1685082888,6.65,37.6,99000,1e-7,2.00,4.00,5.00,0.00995,0
2023-05-26 02:39:50,1685083191,6.61,37.5,99000,1e-7,2.00,3.00,4.00,0.0101,0
2023-05-26 02:44:53,1685083494,6.59,37.4,99000,1.00,2.00,4.00,5.00,0.0101,0
2023-05-26 02:49:56,1685083797,6.60,38.2,99000,1e-7,2.00,3.00,3.00,0.0101,0
2023-05-26 02:54:39,1685084080,6.60,37.9,99000,1e-7,2.00,4.00,5.00,0.0101,0
2023-05-26 02:59:43,1685084383,6.56,37.9,99000,1e-7,2.00,4.00,5.00,0.0103,0
2023-05-26 03:04:46,1685084686,6.51,38.2,99000,1e-7,2.00,4.00,5.00,0.0101,0
2023-05-26 03:09:49,1685084989,6.48,38.1,98980,1e-7,4.00,7.00,8.00,0.0105,0
2023-05-26 03:14:52,1685085292,6.45,38.1,99000,1e-7,2.00,3.00,3.00,0.0124,0
2023-05-26 03:19:55,1685085596,6.42,38.2,99000,1.00,7.00,12.0,14.0,0.0129,0
2023-05-26 03:24:58,1685085899,6.43,38.1,99000,1.00,4.00,6.00,7.00,0.0159,0
2023-05-26 03:29:41,1685086182,6.47,38.0,99000,1.00,4.00,7.00,9.00,0.0136,0
2023-05-26 03:34:44,1685086485,6.49,38.1,99000,1e-7,1.00,1.00,2.00,0.0122,0
2023-05-26 03:39:48,1685086788,6.49,37.8,99000,1e-7,2.00,3.00,3.00,0.0178,0
2023-05-26 03:44:51,1685087091,6.49,37.9,99000,1e-7,2.00,3.00,4.00,0.0159,0
2023-05-26 03:49:54,1685087394,6.49,38.0,99000,1e-7,2.00,3.00,3.00,0.00995,0
2023-05-26 03:54:57,1685087697,6.49,38.0,98947,1e-7,1e-7,1e-7,1e-7,0.00995,0
2023-05-26 03:59:40,1685087980,6.47,37.8,98971,1e-7,1e-7,1e-7,1e-7,0.00995,0
2023-05-26 04:04:43,1685088283,6.42,37.7,99000,3.00,6.00,9.00,10.0,0.0123,0
2023-05-26 04:09:46,1685088587,6.35,37.6,99000,1.00,1.00,2.00,2.00,0.0134,0
2023-05-26 04:14:50,1685088891,6.29,37.8,99000,1e-7,4.00,7.00,9.00,0.0113,0
2023-05-26 04:19:53,1685089194,6.24,38.0,99000,1e-7,2.00,3.00,3.00,0.0121,0
2023-05-26 04:24:57,1685089497,6.20,38.1,99000,1e-7,1e-7,1e-7,1e-7,0.0113,0
2023-05-26 04:29:40,1685089780,6.18,38.1,99000,1e-7,1e-7,1e-7,1e-7,0.00995,0
2023-05-26 04:34:43,1685090083,6.17,38.3,99000,1.00,2.00,4.00,5.00,0.0101,0
2023-05-26 04:39:46,1685090386,6.18,38.1,99000,1e-7,2.00,4.00,4.00,0.0102,0
2023-05-26 04:44:49,1685090690,6.20,37.9,99000,1e-7,2.00,4.00,4.00,0.0101,0
2023-05-26 04:49:52,1685090993,6.21,37.8,99000,1e-7,2.00,4.00,4.00,0.0101,0
2023-05-26 04:54:55,1685091296,6.18,37.9,99000,1.00,1.00,1.00,1.00,0.00995,0
2023-05-26 04:59:59,1685091599,6.13,38.0,99000,1e-7,2.00,4.00,5.00,0.00995,0
2023-05-26 05:04:42,1685091882,6.12,38.1,99000,1.00,3.00,6.00,7.00,0.0118,0
2023-05-26 05:09:45,1685092185,6.11,38.0,99000,1e-7,1e-7,1e-7,1e-7,0.0114,0
2023-05-26 05:14:49,1685092489,6.12,38.2,99000,1.00,4.00,7.00,9.00,0.0134,0
2023-05-26 05:19:52,1685092793,6.15,38.0,99000,1.00,2.00,3.00,4.00,0.0134,0
2023-05-26 05:24:55,1685093096,6.19,38.1,99000,1.00,3.00,6.00,7.00,0.0132,0
2023-05-26 05:26:56,1685093217,6.21,38.1,99000,1e-7,2.00,3.00,3.00,0.0124,0
2023-05-26 10:44:59,1685112299,30.6,16.1,98900,1e-7,4.00,7.00,9.00,,
2023-05-26 10:49:54,1685112594,30.0,16.2,98900,1.00,3.00,4.00,4.00,,
2023-05-26 10:54:48,1685112889,30.6,16.3,98900,1.00,2.00,4.00,5.00,,
2023-05-26 10:58:44,1685113124,31.3,15.5,98900,1e-7,2.00,4.00,5.00,0.0113,0
2023-05-26 11:14:57,1685114098,28.8,15.2,98900,1e-7,2.00,3.00,4.00,0.0107,0
2023-05-26 11:16:55,1685114215,28.6,15.4,98900,1.00,3.00,6.00,7.00,0.0107,0
2023-05-26 11:24:51,1685114691,29.6,15.2,98900,1.00,2.00,3.00,4.00,0.0129,0
2023-05-26 11:29:46,1685114987,30.4,14.9,98900,2.00,2.00,3.00,4.00,0.0138,0
2023-05-26 11:32:43,1685115164,31.5,15.1,98900,1.00,2.00,3.00,3.00,0.0121,0
2023-05-26 11:44:56,1685115896,33.4,12.7,98900,1.00,2.00,4.00,5.00,0.0121,0
2023-05-26 11:49:49,1685116190,33.5,12.8,98833,1e-7,2.00,4.00,4.00,0.0103,0
2023-05-26 11:50:47,1685116248,33.4,12.0,98800,1.00,3.00,4.00,5.00,0.0103,0
2023-05-26 11:59:54,1685116795,33.7,12.6,98800,1e-7,4.00,7.00,8.00,0.0119,0
2023-05-26 12:04:52,1685117093,33.3,12.2,98800,1.00,3.00,6.00,7.00,0.0119,0
2023-05-26 12:06:30,1685117191,32.7,12.3,98800,1e-7,1.00,1.00,2.00,0.0110,0
2023-05-26 12:19:49,1685117990,33.2,12.5,98800,1.00,2.00,4.00,4.00,0.0105,0
2023-05-26 12:23:25,1685118205,33.4,11.9,98800,1.00,2.00,3.00,4.00,0.0104,0
2023-05-26 12:29:55,1685118596,33.0,11.9,98800,1e-7,1e-7,1e-7,1e-7,0.00776,0
2023-05-26 12:34:49,1685118889,33.3,12.0,98800,2.00,5.00,7.00,8.00,0.0121,0
2023-05-26 12:39:42,1685119183,33.9,11.6,98800,1.00,2.00,4.00,4.00,0.0169,0
2023-05-26 12:40:02,1685119202,34.0,11.4,98800,1e-7,2.00,3.00,4.00,0.0169,0
2023-05-26 12:49:57,1685119798,34.6,10.2,98800,1e-7,1e-7,1.00,1.00,0.0169,0
2023-05-26 12:54:51,1685120092,34.6,10.2,98769,1.00,3.00,6.00,7.00,0.0128,0
2023-05-26 12:56:50,1685120210,34.4,9.47,98800,1.00,2.00,3.00,3.00,0.0123,0
2023-05-26 13:04:59,1685120700,34.5,10.3,98700,1.00,2.00,4.00,5.00,0.0127,0
2023-05-26 13:09:53,1685120993,34.7,10.2,98700,1.00,2.00,4.00,5.00,0.0128,0
2023-05-26 13:14:46,1685121286,35.0,9.97,98700,1.00,2.00,3.00,3.00,0.0115,0
2023-05-26 13:15:05,1685121305,35.1,9.90,98700,1.00,1.00,1.00,1.00,0.0115,0
2023-05-26 13:24:41,1685121881,35.2,9.86,98700,1e-7,1.00,1.00,2.00,0.0115,0
2023-05-26 13:29:54,1685122194,34.9,9.30,98700,1.00,2.00,4.00,4.00,0.0103,0
2023-05-26 13:30:33,1685122233,34.6,9.34,98700,1e-7,2.00,4.00,5.00,0.00995,0
2023-05-26 13:39:42,1685122782,34.5,9.92,98700,1.00,2.00,3.00,4.00,0.0102,0
2023-05-26 13:44:56,1685123096,34.7,9.91,98700,1.00,2.00,4.00,4.00,0.0103,0
2023-05-26 13:47:33,1685123254,34.7,9.84,98700,1.00,3.00,5.00,6.00,0.0102,0
2023-05-26 13:54:44,1685123684,34.0,9.53,98700,1.00,1.00,1.00,1.00,0.00966,0
2023-05-26 13:59:58,1685123999,33.7,9.29,98700,2.00,5.00,9.00,10.0,0.0142,0
2023-05-26 14:04:33,1685124273,33.3,8.98,98700,2.00,4.00,7.00,8.00,0.0145,0
2023-05-26 14:14:41,1685124881,33.0,9.67,98700,1.00,2.00,3.00,4.00,0.0125,0
2023-05-26 14:19:54,1685125195,32.6,9.30,98700,1.00,2.00,4.00,4.00,0.0119,0
2023-05-26 14:21:13,1685125273,32.6,9.04,98700,2.00,6.00,10.0,12.0,0.0119,0
2023-05-26 14:29:41,1685125781,32.1,9.72,98700,1.00,2.00,3.00,3.00,0.0102,0
2023-05-26 14:34:54,1685126095,32.2,9.65,98700,2.00,2.00,3.00,4.00,0.0143,0
2023-05-26 14:39:48,1685126388,31.6,9.58,98700,3.00,4.00,4.00,5.00,0.0116,0
2023-05-26 14:44:42,1685126682,30.6,9.95,98700,1.00,3.00,4.00,5.00,0.0117,0
2023-05-26 14:49:57,1685126997,29.9,10.5,98700,1.00,4.00,6.00,7.00,0.0113,0
2023-05-26 14:54:52,1685127293,29.5,11.1,98700,1.00,3.00,6.00,7.00,0.0120,0
2023-05-26 14:55:12,1685127312,29.6,10.8,98700,1.00,3.00,4.00,4.00,0.0120,0
2023-05-26 15:09:44,1685128185,28.0,11.1,98700,1.00,4.00,6.00,7.00,0.0113,0
2023-05-26 15:13:20,1685128401,27.7,11.4,98700,1.00,2.00,3.00,4.00,0.0127,0
2023-05-26 15:19:44,1685128785,27.2,11.5,98700,2.00,5.00,8.00,9.00,0.0133,0
2023-05-26 15:24:41,1685129082,27.0,11.4,98700,2.00,3.00,4.00,5.00,0.0133,0
2023-05-26 15:29:58,1685129399,27.0,11.8,98700,2.00,3.00,4.00,5.00,0.0161,0
2023-05-26 15:34:55,1685129695,27.0,11.7,98700,1.00,2.00,3.00,3.00,0.0122,0
2023-05-26 15:39:51,1685129992,27.1,11.7,98700,1.00,2.00,3.00,4.00,0.0111,0
2023-05-26 15:44:48,1685130289,27.0,11.8,98680,3.00,3.00,3.00,4.00,0.0111,0
2023-05-26 15:49:45,1685130585,27.0,11.7,98700,1.00,3.00,6.00,7.00,0.0117,0
2023-05-26 15:54:41,1685130882,26.9,11.9,98660,2.00,3.00,3.00,3.00,0.0118,0
2023-05-26 15:59:58,1685131198,26.8,11.3,98638,2.00,4.00,6.00,7.00,0.0122,0
2023-05-26 16:04:54,1685131495,26.7,12.0,98653,2.00,5.00,8.00,10.0,0.0197,0
2023-05-26 16:09:51,1685131792,26.6,11.9,98700,1.00,2.00,3.00,4.00,0.0219,0
2023-05-26 16:14:48,1685132088,26.8,12.0,98620,1.00,2.00,3.00,4.00,0.0281,0
2023-05-26 16:19:44,1685132385,26.9,11.9,98627,2.00,2.00,3.00,4.00,0.0101,0
2023-05-26 16:24:41,1685132681,27.0,12.0,98600,4.00,4.00,4.00,4.00,0.00995,0
2023-05-26 16:29:57,1685132998,26.8,12.3,98600,1.00,4.00,6.00,7.00,0.0131,0
2023-05-26 16:34:54,1685133295,26.7,12.3,98627,2.00,4.00,6.00,6.00,0.0152,0
2023-05-26 16:39:52,1685133592,26.5,12.5,98627,2.00,4.00,6.00,7.00,0.0154,0
2023-05-26 16:44:50,1685133890,26.2,12.7,98656,3.00,3.00,6.00,7.00,0.0156,0
2023-05-26 16:49:47,1685134187,26.0,12.9,98633,1.00,3.00,5.00,6.00,0.0156,0
2023-05-26 16:54:44,1685134485,26.0,13.0,98620,1.00,3.00,6.00,7.00,0.0149,0
2023-05-26 16:59:41,1685134782,26.2,13.1,98600,1.00,2.00,4.00,5.00,0.0132,0
2023-05-26 17:04:57,1685135098,26.4,13.5,98600,1.00,2.00,4.00,5.00,0.0157,0
2023-05-26 17:09:54,1685135394,26.5,13.4,98620,2.00,3.00,6.00,7.00,0.0157,0
2023-05-26 17:14:51,1685135691,26.4,12.9,98600,2.00,4.00,6.00,7.00,0.0170,0
2023-05-26 17:19:48,1685135988,26.2,13.4,98600,2.00,7.00,11.0,13.0,0.0260,0
2023-05-26 17:24:45,1685136286,26.0,13.5,98600,1.00,4.00,6.00,7.00,0.0152,0
2023-05-26 17:29:42,1685136583,25.8,13.8,98600,1.00,3.00,6.00,7.00,0.0130,0
2023-05-26 17:34:41,1685136882,25.6,13.8,98600,1.00,3.00,6.00,7.00,0.0147,0
2023-05-26 17:39:58,1685137198,25.7,14.1,98600,2.00,3.00,5.00,5.00,0.0156,0
2023-05-26 17:44:55,1685137495,25.8,14.0,98600,1.00,2.00,3.00,4.00,0.0149,0
2023-05-26 17:49:52,1685137792,25.7,13.7,98600,2.00,5.00,9.00,10.0,0.0199,0
2023-05-26 17:54:49,1685138090,25.5,14.0,98647,1.00,2.00,3.00,4.00,0.0263,0
2023-05-26 17:59:46,1685138387,25.3,13.8,98687,2.00,7.00,11.0,14.0,0.0121,0
2023-05-26 18:04:44,1685138684,25.2,14.0,98647,2.00,3.00,6.00,7.00,0.0170,0
2023-05-26 18:09:41,1685138981,25.3,14.4,98673,1.00,2.00,3.00,4.00,0.0279,0
2023-05-26 18:14:59,1685139300,25.4,14.7,98700,2.00,4.00,5.00,5.00,0.0225,0
2023-05-26 18:19:56,1685139597,25.4,15.0,98700,1.00,1.00,1.00,1.00,0.0112,0
2023-05-26 18:24:54,1685139894,25.5,14.9,98700,1e-7,2.00,3.00,4.00,0.0128,0
2023-05-26 18:29:52,1685140193,25.5,14.5,98700,1.00,3.00,6.00,7.00,0.0147,0
2023-05-26 18:34:49,1685140490,25.5,14.4,98693,2.00,2.00,3.00,3.00,0.0143,0
2023-05-26 18:39:47,1685140787,25.4,14.1,98640,3.00,4.00,6.00,7.00,0.0116,0
2023-05-26 18:44:44,1685141084,25.3,13.9,98647,2.00,2.00,4.00,4.00,0.0165,0
2023-05-26 18:49:41,1685141382,25.1,14.1,98680,3.00,14.0,23.0,28.0,0.0163,0
2023-05-26 18:54:59,1685141700,24.9,14.8,98700,2.00,3.00,4.00,4.00,0.0174,0
2023-05-26 18:59:57,1685141997,24.7,14.7,98700,1.00,3.00,4.00,5.00,0.0278,0
2023-05-26 19:04:54,1685142294,24.7,14.6,98660,1.00,2.00,4.00,5.00,0.0283,0
2023-05-26 19:09:51,1685142592,24.6,14.9,98700,1.00,2.00,4.00,5.00,0.0107,0
2023-05-26 19:14:49,1685142889,24.5,15.0,98700,2.00,2.00,4.00,5.00,0.0107,0
2023-05-26 19:19:46,1685143187,24.4,15.2,98700,1.00,2.00,4.00,4.00,0.0103,0
2023-05-26 19:24:45,1685143485,24.3,15.2,98700,3.00,4.00,6.00,7.00,0.0119,0
2023-05-26 19:29:43,1685143783,24.3,15.0,98700,2.00,4.00,5.00,6.00,0.0181,0
2023-05-26 19:34:41,1685144081,24.2,15.3,98700,1.00,3.00,6.00,7.00,0.0181,0
2023-05-26 19:39:58,1685144399,24.0,15.7,98700,1.00,5.00,9.00,10.0,0.0144,0
2023-05-26 19:44:56,1685144697,23.8,16.3,98700,1e-7,2.00,4.00,5.00,0.0279,0
2023-05-26 19:49:55,1685144995,23.5,16.8,98700,1.00,2.00,3.00,3.00,0.0279,0
2023-05-26 19:54:53,1685145294,23.1,16.8,98700,1.00,2.00,4.00,4.00,0.0100,0
2023-05-26 19:59:52,1685145592,22.8,16.9,98700,1.00,2.00,4.00,4.00,0.00995,0
2023-05-26 20:04:50,1685145890,22.5,17.4,98700,1.00,3.00,4.00,5.00,0.00995,0
2023-05-26 20:09:49,1685146190,22.3,17.7,98700,2.00,2.00,4.00,4.00,0.0102,0
2023-05-26 20:14:49,1685146489,22.1,17.9,98700,1.00,3.00,4.00,5.00,0.0104,0
2023-05-26 20:19:48,1685146788,21.9,17.9,98700,1e-7,2.00,4.00,5.00,0.0101,0
2023-05-26 20:24:46,1685147087,21.6,18.2,98700,1.00,2.00,4.00,4.00,0.0102,0
2023-05-26 20:29:46,1685147387,21.3,18.3,98700,1e-7,2.00,4.00,4.00,0.0101,0
2023-05-26 20:34:45,1685147685,21.0,18.6,98700,1e-7,1.00,3.00,3.00,0.00995,0
2023-05-26 20:39:44,1685147984,20.7,18.9,98700,1.00,2.00,4.00,5.00,0.0102,0
2023-05-26 20:44:43,1685148283,20.4,19.1,98700,1e-7,2.00,3.00,3.00,0.0102,0
2023-05-26 20:49:42,1685148582,20.1,19.6,98767,1.00,4.00,6.00,7.00,0.0131,0
2023-05-26 20:54:41,1685148882,19.8,20.2,98800,1.00,2.00,4.00,5.00,0.0146,0
2023-05-26 20:59:40,1685149181,19.5,20.1,98800,1.00,4.00,7.00,8.00,0.0121,0
2023-05-26 21:04:59,1685149500,19.3,20.2,98800,1.00,3.00,6.00,7.00,0.0173,0
2023-05-26 21:09:59,1685149799,19.0,20.6,98800,1.00,2.00,3.00,3.00,0.0186,0
2023-05-26 21:14:58,1685150098,18.8,20.9,98800,1e-7,2.00,3.00,4.00,0.0164,0
2023-05-26 21:19:57,1685150398,18.5,21.1,98800,1e-7,2.00,3.00,3.00,0.0103,0
2023-05-26 21:24:57,1685150697,18.3,21.5,98800,1.00,1.00,1.00,1.00,0.00995,0
2023-05-26 21:29:56,1685150997,18.1,21.9,98800,1e-7,1e-7,1e-7,1e-7,0.00995,0
2023-05-26 21:34:56,1685151296,17.9,22.2,98800,1.00,7.00,11.0,14.0,0.0167,0
2023-05-26 21:39:55,1685151596,17.7,22.5,98800,1e-7,2.00,4.00,4.00,0.0254,0
2023-05-26 21:44:55,1685151896,17.5,22.7,98800,1.00,3.00,6.00,7.00,0.0216,0
2023-05-26 21:49:55,1685152196,17.3,22.7,98800,1e-7,1e-7,1e-7,1e-7,0.0177,0
2023-05-26 21:54:44,1685152484,17.1,22.8,98800,1.00,1.00,2.00,2.00,0.0124,0
2023-05-26 21:59:45,1685152786,16.9,23.0,98800,2.00,2.00,3.00,4.00,0.0107,0
2023-05-26 22:04:45,1685153086,16.7,23.2,98800,1.00,2.00,3.00,4.00,0.00995,0
2023-05-26 22:09:45,1685153386,16.6,23.5,98800,1e-7,1e-7,1e-7,1e-7,0.00995,0
2023-05-26 22:14:54,1685153695,16.4,23.7,98800,1e-7,1e-7,1.00,1.00,0.00995,0
2023-05-26 22:19:54,1685153995,16.2,23.9,98800,1e-7,1e-7,1e-7,1e-7,0.00995,0
2023-05-26 22:24:54,1685154295,16.0,23.9,98800,1.00,2.00,3.00,4.00,0.00995,0
2023-05-26 22:29:54,1685154595,15.9,24.0,98800,1e-7,1e-7,1e-7,1e-7,0.00995,0
2023-05-26 22:34:54,1685154895,15.7,24.2,98800,1e-7,2.00,4.00,5.00,0.0103,0
2023-05-26 22:39:54,1685155195,15.6,24.4,98800,1.00,4.00,6.00,7.00,0.0156,0
2023-05-26 22:44:43,1685155484,15.4,24.6,98800,1e-7,2.00,4.00,5.00,0.0166,0
2023-05-26 22:49:44,1685155784,15.3,24.7,98800,1e-7,2.00,4.00,5.00,0.0158,0
2023-05-26 22:54:44,1685156085,15.2,24.5,98800,1e-7,2.00,3.00,3.00,0.0173,0
2023-05-26 22:59:45,1685156386,15.2,24.5,98800,1e-7,2.00,3.00,4.00,0.0107,0
2023-05-26 23:04:46,1685156686,15.1,24.7,98800,1.00,3.00,4.00,5.00,0.0102,0
2023-05-26 23:09:47,1685156987,15.0,25.0,98800,1e-7,1e-7,1e-7,1e-7,0.0101,0
2023-05-26 23:14:49,1685157289,14.9,25.6,98800,1.00,3.00,6.00,7.00,0.0102,0
2023-05-26 23:19:49,1685157590,14.9,25.7,98800,1e-7,2.00,4.00,5.00,0.0131,0
2023-05-26 23:24:50,1685157890,14.8,25.7,98800,1.00,3.00,5.00,7.00,0.0115,0
2023-05-26 23:29:52,1685158192,14.6,25.6,98800,1.00,6.00,9.00,11.0,0.0102,0
2023-05-26 23:34:52,1685158493,14.5,25.9,98800,1.00,1.00,2.00,2.00,0.0107,0
2023-05-26 23:39:53,1685158794,14.4,25.9,98800,1e-7,1.00,1.00,2.00,0.0190,0
2023-05-26 23:44:54,1685159094,14.3,26.3,98800,1.00,3.00,4.00,4.00,0.0136,0
2023-05-26 23:49:54,1685159395,14.2,26.6,98800,2.00,4.00,6.00,7.00,0.0103,0
2023-05-26 23:54:55,1685159696,14.1,26.6,98800,1.00,2.00,4.00,5.00,0.0135,0
2023-05-26 23:59:56,1685159997,13.9,26.1,98800,1.00,3.00,5.00,6.00,0.0144,0
2023-05-27 00:04:57,1685160297,13.8,26.6,98800,1.00,4.00,5.00,6.00,0.0129,0
2023-05-27 00:09:58,1685160598,13.8,26.8,98800,1.00,4.00,7.00,9.00,0.0145,0
2023-05-27 00:14:58,1685160899,13.7,27.0,98800,1.00,4.00,6.00,7.00,0.0145,0
2023-05-27 00:19:59,1685161200,13.6,27.1,98867,1e-7,2.00,3.00,4.00,0.0184,0
2023-05-27 00:24:40,1685161481,13.5,27.3,98893,1e-7,2.00,4.00,5.00,0.0196,0
2023-05-27 00:29:41,1685161782,13.5,27.4,98900,1e-7,2.00,4.00,5.00,0.0119,0
2023-05-27 00:34:43,1685162083,13.5,27.6,98900,1.00,3.00,6.00,7.00,0.0134,0
2023-05-27 00:39:44,1685162384,13.4,27.5,98900,1e-7,2.00,3.00,3.00,0.0136,0
2023-05-27 00:44:45,1685162685,13.4,27.6,98900,1.00,2.00,4.00,4.00,0.0138,0
2023-05-27 00:49:46,1685162986,13.3,27.8,98900,1e-7,2.00,3.00,4.00,0.0113,0
2023-05-27 00:54:48,1685163289,13.2,28.0,98900,1.00,2.00,4.00,4.00,0.00995,0
2023-05-27 00:59:49,1685163590,13.2,28.1,98900,1e-7,2.00,3.00,4.00,0.00995,0
2023-05-27 01:04:50,1685163891,13.2,28.4,98900,1e-7,2.00,4.00,5.00,0.0101,0
2023-05-27 01:09:51,1685164192,13.1,28.6,98900,1.00,3.00,6.00,7.00,0.0119,0
2023-05-27 01:14:53,1685164493,13.1,28.9,98900,2.00,6.00,10.0,12.0,0.0274,0
2023-05-27 01:19:54,1685164794,13.0,29.0,98900,1.00,2.00,4.00,5.00,0.0267,0
2023-05-27 01:24:55,1685165096,12.9,29.3,98900,1.00,2.00,3.00,4.00,0.0267,0
2023-05-27 01:29:56,1685165397,12.9,29.7,98900,1.00,2.00,4.00,5.00,0.0192,0
2023-05-27 01:34:57,1685165698,12.8,29.9,98900,2.00,2.00,3.00,4.00,0.0101,0
2023-05-27 01:39:58,1685165999,12.8,30.2,98900,1.00,2.00,3.00,4.00,0.0101,0
2023-05-27 01:44:41,1685166281,12.8,30.5,98900,1e-7,2.00,3.00,4.00,0.0101,0
2023-05-27 01:49:42,1685166582,12.8,30.5,98900,2.00,7.00,11.0,14.0,0.0220,0
2023-05-27 01:54:43,1685166883,12.8,30.5,98900,1e-7,2.00,4.00,4.00,0.0175,0
2023-05-27 01:59:44,1685167185,12.7,30.4,98900,2.00,2.00,4.00,4.00,0.0145,0
2023-05-27 02:04:47,1685167487,12.7,30.4,98900,2.00,2.00,4.00,5.00,0.00995,0
2023-05-27 02:09:48,1685167789,12.6,30.5,98900,1.00,2.00,4.00,5.00,0.0111,0
2023-05-27 02:14:49,1685168090,12.6,30.5,98900,1e-7,2.00,3.00,3.00,0.0107,0
2023-05-27 02:19:51,1685168391,12.4,30.6,98900,1e-7,2.00,4.00,4.00,0.0109,0
2023-05-27 02:24:53,1685168693,12.3,30.7,98900,1.00,2.00,4.00,5.00,0.0103,0
2023-05-27 02:29:54,1685168995,12.2,31.0,98900,1.00,2.00,4.00,5.00,0.0105,0
2023-05-27 02:34:44,1685169285,12.1,31.3,98900,1.00,2.00,4.00,5.00,0.0102,0
2023-05-27 02:39:46,1685169586,12.0,31.5,98900,1.00,4.00,7.00,9.00,0.0105,0
2023-05-27 02:44:48,1685169889,12.0,31.7,98900,1.00,1.00,3.00,3.00,0.0105,0
2023-05-27 02:49:50,1685170190,11.9,31.8,98900,1.00,2.00,4.00,4.00,0.0126,0
2023-05-27 02:54:52,1685170492,11.9,32.2,98900,1.00,5.00,8.00,10.0,0.0194,0
2023-05-27 02:59:53,1685170794,11.8,32.3,98900,1.00,2.00,4.00,4.00,0.0194,0
2023-05-27 03:04:57,1685171098,11.7,32.4,98900,1e-7,2.00,3.00,4.00,0.0159,0
2023-05-27 03:09:59,1685171399,11.7,32.6,98900,1.00,2.00,4.00,4.00,0.00995,0
2023-05-27 03:14:40,1685171681,11.7,32.8,98900,1.00,2.00,3.00,4.00,0.00995,0
2023-05-27 03:19:42,1685171982,11.7,33.1,98900,1e-7,2.00,4.00,4.00,0.00995,0
2023-05-27 03:24:43,1685172284,11.7,33.2,98900,1.00,4.00,7.00,8.00,0.00995,0
2023-05-27 03:29:45,1685172585,11.6,33.1,98900,1.00,3.00,6.00,7.00,0.0122,0
2023-05-27 03:34:46,1685172887,11.6,33.2,98900,1.00,4.00,6.00,7.00,0.0158,0
2023-05-27 03:39:48,1685173189,11.6,33.3,99000,1.00,9.00,15.0,18.0,0.0134,0
2023-05-27 03:44:51,1685173492,11.5,33.3,99000,1.00,3.00,6.00,7.00,0.0191,0
2023-05-27 03:49:53,1685173793,11.5,33.7,98993,3.00,4.00,7.00,9.00,0.0483,0
2023-05-27 03:54:54,1685174095,11.6,34.0,99000,1.00,2.00,4.00,4.00,0.0353,0
2023-05-27 03:59:56,1685174396,11.6,33.6,99000,1.00,3.00,6.00,7.00,0.0146,0
2023-05-27 04:04:57,1685174698,11.6,33.6,99000,1.00,4.00,6.00,7.00,0.0113,0
2023-05-27 04:09:59,1685174999,11.6,33.6,99000,1.00,2.00,4.00,4.00,0.0104,0
2023-05-27 04:14:40,1685175281,11.7,33.6,98986,1e-7,2.00,4.00,5.00,0.0148,0
2023-05-27 04:19:51,1685175591,11.8,33.8,99000,1.00,2.00,3.00,4.00,0.0129,0
2023-05-27 04:24:52,1685175893,12.0,33.9,99000,1.00,2.00,4.00,4.00,0.0103,0
2023-05-27 04:29:54,1685176194,12.1,33.8,99000,1.00,2.00,4.00,4.00,0.0101,0
2023-05-27 04:34:55,1685176496,12.2,33.9,99000,1e-7,2.00,4.00,4.00,0.00995,0
2023-05-27 04:39:57,1685176797,12.4,34.1,99000,1e-7,2.00,4.00,4.00,0.00995,0
2023-05-27 04:44:58,1685177098,12.5,34.0,99000,1.00,2.00,3.00,4.00,0.00995,0
2023-05-27 04:49:59,1685177400,12.7,33.9,99000,1e-7,2.00,3.00,4.00,0.00995,0
2023-05-27 04:54:41,1685177682,12.8,34.1,99000,1e-7,1e-7,1e-7,1e-7,0.00995,0
2023-05-27 04:59:42,1685177983,13.0,33.9,99000,1e-7,2.00,4.00,5.00,0.00995,0
2023-05-27 05:04:44,1685178284,13.1,33.9,99000,1e-7,1.00,3.00,3.00,0.0101,0
2023-05-27 05:09:45,1685178585,13.3,33.9,99000,1e-7,2.00,4.00,5.00,0.0100,0
2023-05-27 05:14:46,1685178887,13.4,34.1,99000,1.00,2.00,3.00,3.00,0.0101,0
2023-05-27 05:19:47,1685179188,13.4,34.1,99000,1.00,2.00,3.00,4.00,0.00995,0
2023-05-27 05:24:48,1685179489,13.5,33.8,99000,1.00,4.00,6.00,7.00,0.0125,0
2023-05-27 05:29:50,1685179790,13.6,33.8,99000,1.00,2.00,3.00,4.00,0.0125,0
2023-05-27 05:34:51,1685180091,13.7,33.8,99000,1.00,1.00,1.00,1.00,0.0113,0
2023-05-27 05:39:51,1685180392,13.8,33.8,99000,1.00,4.00,6.00,7.00,0.00995,0
2023-05-27 05:44:52,1685180693,13.8,33.7,99000,1e-7,2.00,4.00,4.00,0.0138,0
2023-05-27 05:49:53,1685180994,13.9,33.7,99000,1e-7,2.00,4.00,5.00,0.0136,0
2023-05-27 05:54:55,1685181295,14.0,33.8,99000,1e-7,2.00,4.00,4.00,0.0136,0
2023-05-27 05:59:55,1685181596,14.1,33.7,99000,1e-7,1e-7,1e-7,1e-7,0.0101,0
2023-05-27 06:04:56,1685181897,14.1,33.3,99000,1e-7,1e-7,1e-7,1e-7,0.00995,0
2023-05-27 06:07:16,1685182037,14.2,33.3,99000,1e-7,1e-7,1e-7,1e-7,0.00995,0
2023-05-27 06:14:44,1685182485,14.4,33.0,99000,1.00,3.00,5.00,6.00,0.0111,0
2023-05-27 06:19:45,1685182785,14.4,32.8,99000,1e-7,2.00,4.00,4.00,0.0119,0
2023-05-27 06:24:46,1685183086,14.5,32.7,99000,1e-7,2.00,3.00,3.00,0.00995,0
2023-05-27 06:28:46,1685183327,14.6,32.6,99000,1.00,2.00,4.00,4.00,0.00995,0
2023-05-27 11:49:58,1685202598,33.8,12.7,98800,1.00,1.00,2.00,2.00,,
2023-05-27 11:54:53,1685202893,33.9,12.5,98800,1.00,6.00,10.0,12.0,,
2023-05-27 11:59:47,1685203187,34.2,12.4,98800,3.00,4.00,6.00,7.00,,
2023-05-27 12:04:40,1685203481,34.3,12.4,98800,2.00,8.00,13.0,15.0,0.0192,0
2023-05-27 12:05:00,1685203500,34.3,12.5,98800,1e-7,1e-7,1e-7,1e-7,0.0174,0
2023-05-27 12:19:49,1685204389,34.3,13.1,98800,4.00,4.00,4.00,4.00,0.0259,0
2023-05-27 12:23:42,1685204622,33.9,13.2,98800,2.00,4.00,7.00,8.00,0.0140,0
2023-05-27 12:29:43,1685204984,33.2,13.5,98800,2.00,2.00,4.00,5.00,0.0256,0
2023-05-27 12:34:58,1685205299,33.2,13.8,98800,1.00,2.00,3.00,4.00,0.0141,0
2023-05-27 12:38:34,1685205514,33.5,13.4,98800,2.00,3.00,6.00,7.00,0.0121,0
2023-05-27 12:49:54,1685206194,33.8,13.5,98800,2.00,4.00,6.00,8.00,0.0135,0
2023-05-27 12:54:49,1685206489,33.8,13.7,98800,1.00,2.00,4.00,4.00,0.0199,0
2023-05-27 12:55:28,1685206529,33.7,13.6,98800,1.00,1.00,2.00,2.00,0.0118,0
2023-05-27 13:04:54,1685207094,34.2,13.6,98800,5.00,9.00,12.0,14.0,0.0138,0
2023-05-27 13:09:48,1685207388,34.0,13.6,98800,2.00,11.0,19.0,23.0,0.0499,0
2023-05-27 13:12:24,1685207545,33.8,13.8,98800,1.00,3.00,5.00,6.00,0.0499,0
2023-05-27 13:19:53,1685207994,33.0,14.2,98800,1e-7,1.00,2.00,3.00,0.0193,0
2023-05-27 13:24:48,1685208288,33.3,14.4,98700,2.00,6.00,10.0,12.0,0.0531,0
2023-05-27 13:29:42,1685208582,33.6,14.1,98700,3.00,6.00,9.00,11.0,0.0386,0
2023-05-27 13:30:01,1685208601,33.7,14.1,98700,1.00,2.00,3.00,3.00,0.0358,0
2023-05-27 13:39:57,1685209198,34.7,13.7,98700,1.00,2.00,3.00,3.00,0.0138,0
2023-05-27 13:44:51,1685209491,34.9,13.5,98700,3.00,3.00,5.00,5.00,0.0523,0
2023-05-27 13:46:09,1685209570,35.0,13.3,98700,1.00,2.00,3.00,4.00,0.0292,0
2023-05-27 13:54:56,1685210097,34.9,13.7,98700,2.00,2.00,3.00,3.00,0.0253,0
2023-05-27 13:59:49,1685210390,35.1,13.9,98700,1.00,3.00,5.00,7.00,0.0109,0
2023-05-27 14:03:05,1685210586,35.3,13.6,98700,1.00,2.00,4.00,4.00,0.0112,0
2023-05-27 14:09:54,1685210995,35.6,13.9,98700,1e-7,1e-7,1.00,1.00,0.0110,0
2023-05-27 14:14:47,1685211288,35.7,13.4,98687,2.00,3.00,5.00,5.00,0.0125,0
2023-05-27 14:19:41,1685211581,35.9,13.1,98613,3.00,3.00,4.00,5.00,0.0127,0
2023-05-27 14:29:45,1685212186,35.3,13.0,98600,2.00,3.00,5.00,6.00,0.0112,0
2023-05-27 14:34:58,1685212499,35.1,13.1,98600,3.00,3.00,6.00,7.00,0.0118,0
2023-05-27 14:36:36,1685212597,34.8,13.2,98600,1.00,2.00,2.00,2.00,0.0117,0
2023-05-27 14:44:46,1685213086,34.0,13.7,98600,2.00,5.00,7.00,8.00,0.0117,0
2023-05-27 14:49:41,1685213381,33.7,13.7,98600,2.00,3.00,3.00,3.00,0.00968,0
2023-05-27 14:53:36,1685213616,33.6,14.1,98600,1.00,2.00,3.00,3.00,0.0131,0
2023-05-27 15:04:50,1685214291,33.3,14.0,98600,2.00,4.00,6.00,7.00,0.0123,0
2023-05-27 15:09:45,1685214585,33.1,14.0,98600,2.00,2.00,4.00,4.00,0.0137,0
2023-05-27 15:12:20,1685214741,32.9,14.3,98600,2.00,2.00,3.00,3.00,0.0135,0
2023-05-27 15:19:48,1685215189,32.9,14.4,98600,3.00,5.00,8.00,9.00,0.0105,0
2023-05-27 15:24:43,1685215483,32.8,14.5,98600,2.00,3.00,6.00,7.00,0.0133,0
2023-05-27 15:29:57,1685215798,32.5,14.6,98600,2.00,3.00,5.00,6.00,0.0127,0
2023-05-27 15:34:53,1685216094,32.3,15.0,98600,2.00,5.00,8.00,9.00,0.0125,0
2023-05-27 15:39:48,1685216389,32.0,15.3,98600,1.00,2.00,4.00,4.00,0.0119,0
2023-05-27 15:44:43,1685216684,31.8,15.3,98600,2.00,4.00,6.00,7.00,0.0159,0
2023-05-27 15:49:48,1685216989,31.6,15.7,98567,2.00,6.00,10.0,12.0,0.0235,0
2023-05-27 15:54:43,1685217284,31.4,15.8,98540,2.00,2.00,3.00,4.00,0.0270,0
2023-05-27 15:59:48,1685217588,31.3,15.9,98500,2.00,5.00,8.00,9.00,0.0156,0
2023-05-27 16:04:43,1685217884,31.2,16.0,98500,1.00,3.00,5.00,7.00,0.0182,0
2023-05-27 16:09:58,1685218199,31.1,16.2,98500,3.00,4.00,6.00,7.00,0.0203,0
2023-05-27 16:14:53,1685218494,31.0,16.3,98500,1.00,2.00,4.00,5.00,0.0203,0
2023-05-27 16:19:50,1685218790,31.0,16.4,98500,2.00,4.00,7.00,8.00,0.0125,0
2023-05-27 16:24:45,1685219086,31.0,16.5,98500,2.00,4.00,5.00,6.00,0.0131,0
2023-05-27 16:29:41,1685219381,30.9,16.6,98500,1.00,2.00,4.00,4.00,0.0131,0
2023-05-27 16:34:56,1685219696,30.9,16.7,98500,3.00,8.00,13.0,15.0,0.0166,0
2023-05-27 16:39:52,1685219993,30.9,16.8,98500,3.00,4.00,6.00,7.00,0.0354,0
2023-05-27 16:44:48,1685220288,30.8,16.8,98500,2.00,3.00,5.00,6.00,0.0371,0
2023-05-27 16:49:44,1685220584,30.7,17.1,98500,2.00,5.00,6.00,7.00,0.0282,0
2023-05-27 16:54:59,1685220899,30.7,17.2,98500,2.00,3.00,5.00,6.00,0.0113,0
2023-05-27 16:59:43,1685221184,30.7,17.2,98500,2.00,6.00,11.0,13.0,0.0112,0
2023-05-27 17:04:48,1685221488,30.7,17.1,98500,2.00,5.00,7.00,9.00,0.0214,0
2023-05-27 17:09:43,1685221784,30.7,17.3,98500,2.00,6.00,10.0,12.0,0.0262,0
2023-05-27 17:14:59,1685222099,30.7,17.3,98500,1.00,5.00,8.00,10.0,0.0259,0
2023-05-27 17:19:54,1685222395,30.6,17.3,98500,6.00,15.0,21.0,25.0,0.0278,0
2023-05-27 17:24:50,1685222690,30.5,17.1,98500,3.00,3.00,4.00,4.00,0.0351,0
2023-05-27 17:29:45,1685222986,30.4,17.3,98500,2.00,3.00,5.00,5.00,0.0436,0
2023-05-27 17:34:42,1685223282,30.3,17.4,98500,2.00,4.00,7.00,8.00,0.0331,0
2023-05-27 17:39:57,1685223598,30.2,17.5,98500,2.00,4.00,7.00,9.00,0.0150,0
2023-05-27 17:44:53,1685223894,30.1,17.5,98500,1.00,4.00,7.00,8.00,0.0135,0
2023-05-27 17:49:49,1685224189,30.1,17.7,98500,2.00,3.00,5.00,7.00,0.0299,0
2023-05-27 17:54:45,1685224485,30.0,17.7,98493,2.00,8.00,13.0,16.0,0.0266,0
2023-05-27 17:59:41,1685224781,29.9,17.9,98447,2.00,3.00,6.00,7.00,0.0288,0
2023-05-27 18:04:57,1685225097,29.9,17.8,98400,2.00,4.00,7.00,8.00,0.0185,0
2023-05-27 18:09:53,1685225393,29.8,17.7,98420,2.00,4.00,5.00,6.00,0.0138,0
2023-05-27 18:14:48,1685225689,29.8,17.6,98400,1.00,3.00,6.00,7.00,0.0113,0
2023-05-27 18:19:45,1685225985,29.7,17.4,98400,3.00,6.00,9.00,10.0,0.0132,0
2023-05-27 18:24:50,1685226290,29.7,17.5,98400,1.00,4.00,7.00,8.00,0.0145,0
2023-05-27 18:29:46,1685226586,29.6,17.6,98400,2.00,5.00,7.00,8.00,0.0163,0
2023-05-27 18:34:42,1685226882,29.5,17.8,98400,3.00,5.00,7.00,8.00,0.0170,0
2023-05-27 18:39:57,1685227198,29.4,17.9,98400,1.00,2.00,4.00,5.00,0.0153,0
2023-05-27 18:44:53,1685227494,29.3,18.1,98400,2.00,3.00,4.00,4.00,0.0178,0
2023-05-27 18:49:48,1685227789,29.1,18.6,98400,1.00,1.00,3.00,3.00,0.0178,0
2023-05-27 18:54:45,1685228086,28.9,18.8,98400,2.00,3.00,6.00,7.00,0.0136,0
2023-05-27 18:59:42,1685228382,28.7,19.0,98400,2.00,2.00,4.00,5.00,0.0145,0
2023-05-27 19:04:57,1685228698,28.5,19.2,98400,1.00,3.00,4.00,4.00,0.0136,0
2023-05-27 19:09:54,1685228994,28.3,19.3,98400,1e-7,2.00,4.00,4.00,0.0125,0
2023-05-27 19:14:50,1685229291,28.1,19.6,98400,1.00,2.00,4.00,5.00,0.0101,0
2023-05-27 19:19:47,1685229587,27.9,20.2,98400,1.00,2.00,4.00,4.00,0.0101,0
2023-05-27 19:24:43,1685229884,27.7,20.4,98400,1.00,4.00,6.00,7.00,0.0137,0
2023-05-27 19:29:40,1685230181,27.5,20.6,98400,1.00,2.00,3.00,3.00,0.0129,0
2023-05-27 19:34:57,1685230497,27.2,20.9,98400,1.00,4.00,6.00,7.00,0.0142,0
2023-05-27 19:39:53,1685230794,27.0,21.1,98400,1.00,3.00,6.00,7.00,0.0152,0
2023-05-27 19:44:50,1685231091,26.8,21.3,98400,2.00,2.00,4.00,5.00,0.0102,0
2023-05-27 19:49:56,1685231397,26.6,21.9,98400,1e-7,2.00,3.00,4.00,0.0130,0
2023-05-27 19:54:54,1685231695,26.3,22.4,98400,1e-7,1.00,1.00,2.00,0.0130,0
2023-05-27 19:59:52,1685231992,26.1,22.5,98400,1.00,2.00,4.00,5.00,0.0103,0
2023-05-27 20:04:49,1685232289,25.8,22.7,98400,1.00,2.00,3.00,3.00,0.0102,0
2023-05-27 20:09:46,1685232587,25.6,22.7,98400,1.00,2.00,4.00,5.00,0.00989,0
2023-05-27 20:14:44,1685232884,25.3,22.8,98400,1e-7,2.00,4.00,4.00,0.0103,0
2023-05-27 20:19:47,1685233188,25.1,22.9,98400,2.00,3.00,3.00,4.00,0.0105,0
2023-05-27 20:24:45,1685233485,24.8,22.8,98400,1e-7,2.00,4.00,4.00,0.0104,0
2023-05-27 20:29:43,1685233783,24.6,23.1,98400,1.00,4.00,6.00,7.00,0.0106,0
2023-05-27 20:34:40,1685234081,24.3,23.6,98400,1e-7,2.00,4.00,5.00,0.0113,0
2023-05-27 20:39:58,1685234399,24.1,23.7,98400,2.00,4.00,6.00,7.00,0.0128,0
2023-05-27 20:44:56,1685234697,23.8,24.0,98493,1.00,2.00,4.00,5.00,0.0218,0
2023-05-27 20:49:56,1685234996,23.6,24.3,98494,1e-7,2.00,3.00,4.00,0.0187,0
2023-05-27 20:54:54,1685235294,23.4,24.5,98493,1e-7,2.00,3.00,4.00,0.0187,0
2023-05-27 20:59:52,1685235592,23.1,24.8,98500,1e-7,2.00,4.00,4.00,0.0104,0
2023-05-27 21:04:50,1685235891,22.9,24.8,98500,1.00,2.00,4.00,5.00,0.0101,0
2023-05-27 21:09:48,1685236189,22.7,25.1,98500,2.00,2.00,4.00,5.00,0.0107,0
2023-05-27 21:14:47,1685236487,22.5,25.4,98500,1.00,2.00,4.00,4.00,0.0106,0
2023-05-27 21:19:45,1685236786,22.3,25.6,98500,1.00,2.00,3.00,3.00,0.0106,0
2023-05-27 21:24:44,1685237084,22.1,25.8,98500,1.00,3.00,6.00,7.00,0.0153,0
2023-05-27 21:29:51,1685237392,21.9,26.2,98500,1.00,2.00,4.00,4.00,0.0164,0
2023-05-27 21:34:50,1685237690,21.7,26.4,98500,1.00,2.00,3.00,4.00,0.0119,0
2023-05-27 21:39:48,1685237989,21.5,26.7,98500,1.00,2.00,4.00,5.00,0.0119,0
2023-05-27 21:44:47,1685238287,21.3,27.0,98500,2.00,2.00,4.00,5.00,0.0105,0
2023-05-27 21:49:46,1685238586,21.1,27.4,98500,1.00,2.00,4.00,5.00,0.0103,0
2023-05-27 21:54:45,1685238885,20.9,27.7,98500,1.00,3.00,4.00,5.00,0.0101,0
2023-05-27 21:59:44,1685239185,20.7,27.9,98500,1.00,2.00,3.00,4.00,0.0102,0
2023-05-27 22:04:46,1685239486,20.6,28.2,98500,1.00,4.00,6.00,7.00,0.0105,0
2023-05-27 22:09:45,1685239785,20.4,28.6,98500,1.00,4.00,7.00,9.00,0.0184,0
2023-05-27 22:14:44,1685240084,20.2,28.8,98500,1.00,4.00,7.00,8.00,0.0188,0
2023-05-27 22:19:43,1685240383,20.1,28.9,98500,1.00,2.00,3.00,4.00,0.0104,0
2023-05-27 22:24:43,1685240683,19.9,29.1,98500,1.00,2.00,4.00,4.00,0.0177,0
2023-05-27 22:29:42,1685240982,19.7,29.3,98500,1.00,2.00,4.00,5.00,0.0135,0
2023-05-27 22:34:41,1685241281,19.6,29.6,98500,2.00,10.0,16.0,19.0,0.0293,0
2023-05-27 22:39:40,1685241581,19.5,29.7,98500,1.00,2.00,4.00,4.00,0.0278,0
2023-05-27 22:44:48,1685241889,19.3,29.8,98500,1.00,2.00,4.00,5.00,0.0278,0
2023-05-27 22:49:48,1685242188,19.2,30.2,98500,1.00,2.00,4.00,4.00,0.0100,0
2023-05-27 22:54:47,1685242488,19.0,30.4,98500,1.00,2.00,4.00,5.00,0.0101,0
2023-05-27 22:59:47,1685242787,18.9,30.6,98447,1.00,2.00,3.00,3.00,0.0100,0
2023-05-27 23:04:46,1685243087,18.8,31.2,98500,3.00,4.00,4.00,4.00,0.0103,0
2023-05-27 23:09:46,1685243386,18.7,31.4,98500,1.00,4.00,6.00,7.00,0.0182,0
2023-05-27 23:14:45,1685243686,18.6,31.3,98500,1.00,2.00,4.00,4.00,0.0220,0
2023-05-27 23:19:45,1685243985,18.4,31.8,98500,1.00,2.00,4.00,4.00,0.0137,0
2023-05-27 23:24:44,1685244285,18.3,32.0,98500,1.00,3.00,6.00,7.00,0.0120,0
2023-05-27 23:29:44,1685244585,18.2,32.1,98500,1e-7,2.00,4.00,5.00,0.0124,0
2023-05-27 23:34:44,1685244884,18.1,32.3,98500,1.00,2.00,3.00,3.00,0.0132,0
2023-05-27 23:39:43,1685245184,18.0,32.7,98500,1.00,2.00,4.00,5.00,0.0107,0
2023-05-27 23:44:44,1685245485,17.9,32.9,98500,1.00,3.00,6.00,7.00,0.0109,0
2023-05-27 23:49:44,1685245785,17.8,33.1,98500,1.00,2.00,3.00,4.00,0.0118,0
2023-05-27 23:54:45,1685246086,17.7,33.3,98500,1e-7,2.00,4.00,4.00,0.0120,0
2023-05-27 23:59:54,1685246395,17.6,33.5,98500,1.00,4.00,6.00,7.00,0.0115,0
2023-05-28 00:04:54,1685246695,17.5,33.6,98500,1.00,3.00,4.00,5.00,0.0115,0
2023-05-28 00:09:54,1685246995,17.4,33.8,98500,1e-7,2.00,3.00,4.00,0.0114,0
2023-05-28 00:14:54,1685247295,17.3,33.9,98493,1e-7,2.00,4.00,4.00,0.0114,0
2023-05-28 00:19:54,1685247595,17.2,34.2,98453,2.00,2.00,4.00,4.00,0.0114,0
2023-05-28 00:24:55,1685247896,17.0,34.3,98467,1.00,6.00,10.0,11.0,0.0158,0
2023-05-28 00:29:55,1685248196,16.9,34.7,98493,1e-7,2.00,4.00,4.00,0.0158,0
2023-05-28 00:34:57,1685248497,16.9,34.8,98500,1.00,5.00,8.00,9.00,0.0222,0
2023-05-28 00:39:56,1685248797,16.7,34.7,98500,2.00,3.00,4.00,5.00,0.0218,0
2023-05-28 00:44:56,1685249097,16.6,34.9,98493,2.00,4.00,7.00,9.00,0.0218,0
2023-05-28 00:49:56,1685249396,16.5,35.0,98460,1e-7,2.00,4.00,5.00,0.0144,0
2023-05-28 00:54:56,1685249696,16.4,35.3,98447,1.00,2.00,4.00,5.00,0.0143,0
2023-05-28 00:59:56,1685249996,16.3,35.6,98500,2.00,4.00,6.00,7.00,0.0143,0
2023-05-28 01:04:57,1685250297,16.2,35.7,98438,1.00,2.00,3.00,3.00,0.0115,0
2023-05-28 01:09:57,1685250597,16.1,36.0,98400,1.00,2.00,3.00,4.00,0.0129,0
2023-05-28 01:14:58,1685250898,16.0,36.1,98400,1.00,2.00,4.00,5.00,0.0121,0
2023-05-28 01:19:58,1685251199,15.9,36.5,98400,1.00,2.00,4.00,4.00,0.0103,0
2023-05-28 01:24:58,1685251499,15.8,36.4,98400,2.00,5.00,9.00,10.0,0.0173,0
2023-05-28 01:29:59,1685251799,15.7,36.7,98400,2.00,2.00,4.00,4.00,0.0173,0
2023-05-28 01:34:39,1685252080,15.6,36.8,98400,1.00,2.00,4.00,4.00,0.0171,0
2023-05-28 01:39:41,1685252381,15.5,36.8,98400,1.00,2.00,4.00,5.00,0.0166,0
2023-05-28 01:44:42,1685252683,15.4,36.9,98400,1.00,4.00,6.00,7.00,0.0110,0
2023-05-28 01:49:43,1685252983,15.3,37.2,98400,1e-7,2.00,3.00,4.00,0.0130,0
2023-05-28 01:54:43,1685253284,15.2,37.8,98400,1.00,2.00,3.00,3.00,0.0142,0
2023-05-28 01:59:44,1685253584,15.2,38.0,98400,1.00,3.00,6.00,7.00,0.0131,0
2023-05-28 02:04:44,1685253885,15.1,38.0,98400,2.00,2.00,3.00,4.00,0.0147,0
2023-05-28 02:09:45,1685254185,15.0,38.0,98400,1.00,3.00,5.00,7.00,0.0143,0
2023-05-28 02:14:46,1685254486,14.9,38.3,98400,1.00,5.00,8.00,9.00,0.0104,0
2023-05-28 02:19:47,1685254788,14.9,38.1,98400,1.00,2.00,4.00,5.00,0.0150,0
2023-05-28 02:24:48,1685255088,14.8,38.3,98400,1.00,6.00,9.00,11.0,0.0108,0
2023-05-28 02:29:49,1685255390,14.7,38.6,98400,1.00,4.00,7.00,9.00,0.0116,0
2023-05-28 02:34:51,1685255691,14.6,38.5,98400,1.00,6.00,11.0,13.0,0.0196,0
2023-05-28 02:39:51,1685255992,14.5,38.7,98400,2.00,8.00,13.0,15.0,0.0203,0
2023-05-28 02:44:52,1685256293,14.5,38.7,98400,3.00,3.00,3.00,4.00,0.0157,0
2023-05-28 02:49:53,1685256593,14.4,38.8,98400,2.00,2.00,4.00,4.00,0.0259,0
2023-05-28 02:54:54,1685256894,14.3,38.9,98400,1.00,2.00,4.00,4.00,0.0215,0
2023-05-28 02:59:56,1685257196,14.2,38.7,98400,2.00,4.00,6.00,7.00,0.0117,0
2023-05-28 03:04:57,1685257497,14.1,38.8,98400,2.00,2.00,4.00,5.00,0.0159,0
2023-05-28 03:09:58,1685257798,14.0,39.0,98400,1.00,2.00,4.00,5.00,0.0218,0
2023-05-28 03:14:59,1685258099,14.0,39.1,98400,1.00,2.00,4.00,4.00,0.0158,0
2023-05-28 03:19:40,1685258380,13.9,38.9,98400,1.00,2.00,4.00,5.00,0.0103,0
2023-05-28 03:24:41,1685258681,13.8,39.0,98400,1.00,2.00,3.00,4.00,0.00995,0
2023-05-28 03:29:42,1685258982,13.7,39.1,98400,1.00,2.00,4.00,4.00,0.0109,0
2023-05-28 03:34:43,1685259284,13.7,39.3,98400,1.00,4.00,7.00,9.00,0.0153,0
2023-05-28 03:39:44,1685259585,13.6,39.7,98400,2.00,5.00,9.00,11.0,0.0172,0
2023-05-28 03:44:55,1685259895,13.6,39.9,98400,1.00,2.00,4.00,4.00,0.0172,0
2023-05-28 03:49:56,1685260196,13.5,40.0,98400,3.00,7.00,10.0,12.0,0.0134,0
2023-05-28 03:54:57,1685260498,13.5,39.9,98400,1.00,5.00,8.00,10.0,0.0199,0
2023-05-28 03:59:58,1685260799,13.5,39.9,98400,1e-7,2.00,4.00,4.00,0.0352,0
2023-05-28 04:04:59,1685261100,13.4,40.1,98400,1.00,2.00,4.00,5.00,0.0352,0
2023-05-28 04:09:40,1685261381,13.4,40.2,98400,1.00,3.00,4.00,5.00,0.0155,0
2023-05-28 04:14:41,1685261682,13.3,40.0,98400,2.00,4.00,6.00,7.00,0.0110,0
2023-05-28 04:19:42,1685261983,13.2,40.0,98400,1.00,2.00,4.00,5.00,0.0122,0
2023-05-28 04:24:43,1685262284,13.1,39.8,98400,1.00,3.00,4.00,5.00,0.0129,0
2023-05-28 04:29:44,1685262585,13.1,40.1,98400,1.00,2.00,4.00,4.00,0.0130,0
2023-05-28 04:34:45,1685262886,13.0,40.2,98400,1.00,2.00,4.00,5.00,0.0107,0
2023-05-28 04:39:55,1685263196,12.9,40.2,98400,1.00,5.00,7.00,9.00,0.0172,0
2023-05-28 04:44:56,1685263497,12.9,40.2,98400,2.00,4.00,7.00,8.00,0.0275,0
2023-05-28 04:49:58,1685263798,12.8,40.1,98400,1.00,3.00,4.00,4.00,0.0218,0
2023-05-28 04:54:59,1685264099,12.7,40.1,98400,1.00,3.00,6.00,7.00,0.0188,0
2023-05-28 04:59:40,1685264380,12.7,40.2,98400,1e-7,2.00,4.00,4.00,0.0117,0
2023-05-28 05:04:41,1685264681,12.6,40.6,98400,1e-7,2.00,4.00,5.00,0.0158,0
2023-05-28 05:09:51,1685264991,12.6,40.7,98400,1.00,3.00,6.00,7.00,0.0153,0
2023-05-28 05:14:53,1685265294,12.6,40.7,98400,1.00,3.00,6.00,7.00,0.0308,0
2023-05-28 05:19:54,1685265595,12.6,40.9,98400,1.00,5.00,8.00,9.00,0.0247,0
2023-05-28 05:24:56,1685265896,12.6,41.2,98373,1.00,2.00,3.00,4.00,0.0355,0
2023-05-28 05:27:17,1685266038,12.6,41.1,98400,1.00,3.00,4.00,5.00,0.0264,0
2023-05-28 10:54:58,1685285699,35.3,18.2,97900,1.00,1.00,1.00,1.00,,
2023-05-28 10:59:51,1685285992,35.4,18.2,97900,2.00,2.00,3.00,4.00,,
2023-05-28 11:04:45,1685286286,35.5,17.9,97900,3.00,3.00,3.00,4.00,,
2023-05-28 11:07:41,1685286462,35.6,17.7,97900,2.00,2.00,3.00,3.00,,
2023-05-28 11:19:52,1685287193,36.5,17.0,97900,2.00,2.00,2.00,2.00,0.00995,0
2023-05-28 11:24:45,1685287486,36.8,17.0,97900,2.00,4.00,6.00,7.00,0.0103,0
2023-05-28 11:29:48,1685287788,37.8,16.6,97900,1e-7,1e-7,1e-7,1e-7,0.00990,0
2023-05-28 11:34:59,1685288100,38.2,15.9,97844,2.00,3.00,4.00,5.00,0.0113,0
2023-05-28 11:39:51,1685288392,38.9,15.1,97800,4.00,5.00,9.00,11.0,0.0118,0
2023-05-28 11:41:29,1685288489,39.4,14.7,97800,2.00,8.00,13.0,16.0,0.0143,0
2023-05-28 11:54:45,1685289286,40.6,13.3,97800,2.00,3.00,4.00,4.00,0.0298,0
2023-05-28 11:59:36,1685289576,40.7,13.2,97800,3.00,3.00,4.00,4.00,0.0138,0
2023-05-28 12:09:43,1685290184,41.4,12.5,97800,4.00,4.00,5.00,5.00,0.0254,0
2023-05-28 12:14:54,1685290494,41.4,11.8,97800,5.00,9.00,13.0,15.0,0.0373,0
2023-05-28 12:24:55,1685291096,40.7,12.2,97800,2.00,5.00,7.00,8.00,0.0286,0
2023-05-28 12:29:46,1685291387,41.1,12.7,97800,2.00,3.00,4.00,5.00,0.0579,0
2023-05-28 12:31:43,1685291503,41.5,12.5,97800,4.00,7.00,9.00,10.0,0.0579,0
2023-05-28 12:44:46,1685292287,41.7,11.1,97800,4.00,5.00,5.00,5.00,0.0298,0
2023-05-28 12:49:38,1685292578,40.5,11.6,97793,3.00,3.00,4.00,5.00,0.0298,0
2023-05-28 12:59:45,1685293185,39.8,12.1,97700,5.00,6.00,7.00,8.00,0.0199,0
2023-05-28 13:04:56,1685293497,39.6,12.2,97719,6.00,6.00,6.00,7.00,0.0337,0
2023-05-28 13:05:16,1685293516,39.1,12.3,97700,4.00,5.00,6.00,6.00,0.0123,0
2023-05-28 13:14:41,1685294082,38.3,13.4,97700,5.00,6.00,6.00,6.00,0.0220,0
2023-05-28 13:19:53,1685294394,38.1,13.5,97700,6.00,7.00,8.00,8.00,0.0236,0
2023-05-28 13:22:10,1685294531,37.7,13.6,97700,2.00,4.00,6.00,6.00,0.0144,0
2023-05-28 13:34:48,1685295289,37.3,14.4,97700,2.00,5.00,8.00,9.00,0.0115,0
2023-05-28 13:39:02,1685295542,37.5,14.4,97700,5.00,6.00,6.00,6.00,0.0143,0
2023-05-28 13:49:46,1685296186,38.1,13.9,97700,5.00,9.00,12.0,13.0,0.0359,0
2023-05-28 13:54:59,1685296500,37.8,14.0,97700,6.00,6.00,7.00,8.00,0.0266,1.66
2023-05-28 13:59:42,1685296782,37.6,14.2,97700,4.00,7.00,10.0,11.0,0.0172,1.66
2023-05-28 14:04:54,1685297095,37.0,14.7,97700,5.00,11.0,16.0,18.0,0.0224,1.66
2023-05-28 14:09:48,1685297388,36.4,14.9,97700,3.00,3.00,4.00,5.00,0.0225,1.64
2023-05-28 14:12:24,1685297545,36.1,15.2,97700,3.00,11.0,18.0,21.0,0.0162,0
2023-05-28 14:24:44,1685298284,37.0,14.4,97700,1e-7,1.00,1.00,2.00,0.0310,0
2023-05-28 14:29:17,1685298558,37.3,14.1,97700,3.00,4.00,6.00,6.00,0.0310,0
2023-05-28 14:39:53,1685299194,37.4,13.4,97700,3.00,5.00,8.00,9.00,0.0432,0
2023-05-28 14:44:46,1685299487,37.1,13.3,97700,2.00,5.00,7.00,8.00,0.0441,0
2023-05-28 14:49:59,1685299799,36.5,13.3,97700,3.00,3.00,4.00,4.00,0.0102,0
2023-05-28 14:54:52,1685300093,35.9,13.2,97700,2.00,6.00,10.0,11.0,0.0232,0
2023-05-28 14:59:53,1685300394,35.6,13.4,97700,5.00,5.00,5.00,5.00,0.0232,0
2023-05-28 15:04:46,1685300686,35.3,13.7,97700,5.00,7.00,8.00,9.00,0.0162,0
2023-05-28 15:09:59,1685300999,35.1,14.1,97700,4.00,5.00,8.00,9.00,0.0173,0
2023-05-28 15:14:53,1685301293,35.1,13.5,97700,4.00,8.00,12.0,14.0,0.0212,0
2023-05-28 15:19:47,1685301587,34.9,13.3,97700,5.00,7.00,10.0,12.0,0.0221,0
2023-05-28 15:24:41,1685301881,34.7,13.0,97700,4.00,5.00,6.00,7.00,0.0351,0
2023-05-28 15:29:54,1685302195,34.5,13.2,97750,3.00,4.00,6.00,7.00,0.00883,0
2023-05-28 15:34:49,1685302489,34.3,13.1,97800,2.00,4.00,5.00,5.00,0.0264,0
2023-05-28 15:39:43,1685302783,34.1,12.7,97740,5.00,6.00,7.00,7.00,0.0222,0
2023-05-28 15:44:57,1685303097,33.8,12.3,97800,6.00,7.00,7.00,7.00,0.0266,0
2023-05-28 15:49:51,1685303392,33.5,12.2,97800,3.00,3.00,4.00,4.00,0.0228,0
2023-05-28 15:54:46,1685303686,33.2,12.1,97800,5.00,6.00,7.00,7.00,0.0172,0
2023-05-28 15:59:41,1685303982,33.0,11.7,97800,7.00,8.00,10.0,11.0,0.0582,0
2023-05-28 16:04:58,1685304299,32.8,11.8,97800,3.00,9.00,14.0,16.0,0.0577,0
2023-05-28 16:09:53,1685304594,32.6,11.3,97800,7.00,8.00,9.00,9.00,0.0487,0
2023-05-28 16:14:48,1685304889,32.4,11.5,97800,6.00,6.00,8.00,8.00,0.112,0
2023-05-28 16:19:43,1685305183,32.2,11.0,97800,3.00,4.00,6.00,7.00,0.0789,0
2023-05-28 16:24:59,1685305499,32.1,11.5,97800,5.00,7.00,11.0,14.0,0.0439,0
2023-05-28 16:29:56,1685305796,32.0,11.8,97800,2.00,3.00,4.00,4.00,0.0128,0
2023-05-28 16:34:51,1685306091,31.9,11.8,97800,3.00,4.00,4.00,4.00,0.0460,0
2023-05-28 16:39:46,1685306386,31.8,11.5,97800,3.00,5.00,6.00,7.00,0.0272,0
2023-05-28 16:44:41,1685306681,31.6,11.4,97800,2.00,3.00,6.00,7.00,0.0267,0
2023-05-28 16:49:59,1685307000,31.5,11.5,97800,6.00,7.00,8.00,8.00,0.0213,0
2023-05-28 16:54:55,1685307296,31.4,11.6,97800,5.00,6.00,7.00,8.00,0.0237,0
2023-05-28 16:59:50,1685307591,31.3,11.6,97800,2.00,4.00,6.00,7.00,0.0175,0
2023-05-28 17:04:46,1685307886,31.2,11.7,97800,5.00,5.00,5.00,5.00,0.0166,0
2023-05-28 17:09:41,1685308182,31.0,11.7,97800,6.00,6.00,11.0,13.0,0.0377,0
2023-05-28 17:14:56,1685308497,30.9,11.6,97800,6.00,7.00,8.00,9.00,0.0184,0
2023-05-28 17:19:51,1685308792,30.7,11.6,97800,5.00,6.00,7.00,8.00,0.0137,0
2023-05-28 17:24:47,1685309087,30.5,11.9,97880,3.00,7.00,11.0,13.0,0.0281,0
2023-05-28 17:29:42,1685309383,30.3,11.9,97900,2.00,3.00,4.00,5.00,0.0165,0
2023-05-28 17:34:58,1685309698,30.2,11.7,97900,2.00,3.00,5.00,6.00,0.0144,0
2023-05-28 17:39:54,1685309994,30.0,11.8,97900,3.00,5.00,6.00,7.00,0.0144,0
2023-05-28 17:44:50,1685310291,29.8,12.0,97900,3.00,6.00,8.00,9.00,0.0166,0
2023-05-28 17:49:46,1685310587,29.6,12.2,97900,5.00,7.00,9.00,9.00,0.0144,0
2023-05-28 17:54:42,1685310883,29.4,12.6,97900,5.00,6.00,8.00,8.00,0.0227,0
2023-05-28 17:59:58,1685311198,29.1,13.2,97900,2.00,3.00,5.00,7.00,0.0249,0
2023-05-28 18:04:54,1685311494,28.9,13.6,97900,1.00,3.00,5.00,6.00,0.0284,0
2023-05-28 18:09:50,1685311790,28.7,13.7,97900,3.00,3.00,3.00,3.00,0.0156,0
2023-05-28 18:14:46,1685312087,28.5,13.9,97900,1.00,2.00,3.00,4.00,0.0156,0
2023-05-28 18:19:44,1685312384,28.4,14.6,97931,1.00,2.00,4.00,5.00,,
2023-05-28 18:24:40,1685312680,28.1,14.9,98000,3.00,7.00,10.0,12.0,0.0171,0
2023-05-28 18:29:57,1685312997,27.9,14.9,98000,2.00,3.00,4.00,5.00,0.0320,0
2023-05-28 18:34:53,1685313294,27.7,15.4,98000,3.00,5.00,7.00,7.00,0.0283,0
2023-05-28 18:39:50,1685313590,27.4,15.3,98000,3.00,9.00,15.0,18.0,0.0257,0
2023-05-28 18:44:55,1685313896,27.2,15.7,98000,2.00,4.00,6.00,7.00,0.0155,0
2023-05-28 18:49:53,1685314193,26.9,15.9,98000,3.00,5.00,9.00,10.0,0.0155,0
2023-05-28 18:54:50,1685314490,26.6,16.2,98000,2.00,5.00,8.00,9.00,0.0190,0
2023-05-28 18:59:47,1685314787,26.3,16.4,98000,1.00,4.00,7.00,8.00,0.0265,0
2023-05-28 19:04:44,1685315084,26.0,16.7,98000,1.00,2.00,3.00,4.00,0.0292,0
2023-05-28 19:09:41,1685315381,25.7,16.7,98027,3.00,4.00,6.00,7.00,0.0294,0
2023-05-28 19:14:40,1685315681,25.4,17.0,98056,2.00,4.00,6.00,6.00,0.0105,0
2023-05-28 19:19:58,1685315998,25.2,17.3,98100,2.00,4.00,7.00,8.00,0.0156,0
2023-05-28 19:24:55,1685316296,24.9,17.1,98100,1.00,2.00,4.00,4.00,0.0160,0
2023-05-28 19:29:54,1685316594,24.7,17.5,98100,3.00,4.00,6.00,7.00,0.0119,0
2023-05-28 19:34:51,1685316892,24.4,17.4,98100,3.00,5.00,6.00,7.00,0.0119,0
2023-05-28 19:39:49,1685317189,24.3,17.0,98100,2.00,3.00,5.00,7.00,0.0140,0
2023-05-28 19:44:47,1685317487,24.1,17.4,98100,1.00,3.00,5.00,5.00,0.0110,0
2023-05-28 19:49:44,1685317785,23.9,17.6,98100,1.00,3.00,6.00,7.00,0.0113,0
2023-05-28 19:54:42,1685318083,23.6,17.7,98100,1.00,4.00,6.00,7.00,0.0123,0
2023-05-28 19:59:40,1685318381,23.4,17.9,98100,1.00,2.00,4.00,4.00,0.0112,0
2023-05-28 20:04:58,1685318698,23.2,17.8,98181,1.00,4.00,6.00,7.00,0.0126,0
2023-05-28 20:09:57,1685318998,23.0,17.7,98200,2.00,3.00,6.00,7.00,0.0105,0
2023-05-28 20:14:55,1685319296,22.7,17.9,98200,1.00,3.00,5.00,6.00,0.0125,0
2023-05-28 20:19:54,1685319594,22.5,17.9,98200,1.00,4.00,7.00,9.00,0.0125,0
2023-05-28 20:24:51,1685319891,22.3,18.2,98200,1.00,4.00,6.00,7.00,0.0137,0
2023-05-28 20:29:49,1685320190,22.0,18.4,98200,1.00,4.00,6.00,8.00,0.0141,0
2023-05-28 20:34:48,1685320488,21.8,18.8,98200,1.00,4.00,6.00,7.00,0.0107,0
2023-05-28 20:39:48,1685320788,21.5,18.8,98200,1.00,4.00,8.00,9.00,0.0129,0
2023-05-28 20:44:46,1685321087,21.2,18.8,98200,1e-7,2.00,4.00,5.00,0.0128,0
2023-05-28 20:49:45,1685321386,21.0,19.1,98200,1.00,6.00,11.0,13.0,0.0128,0
2023-05-28 20:54:44,1685321685,20.8,19.5,98247,1.00,3.00,6.00,7.00,0.0134,0
2023-05-28 20:59:43,1685321984,20.6,19.5,98300,1.00,3.00,6.00,7.00,0.0151,0
2023-05-28 21:04:42,1685322283,20.4,19.7,98300,1e-7,2.00,4.00,4.00,0.0135,0
2023-05-28 21:09:41,1685322581,20.1,19.9,98300,1.00,2.00,4.00,4.00,0.0138,0
2023-05-28 21:14:40,1685322880,19.9,20.0,98300,1.00,2.00,4.00,4.00,0.0113,0
2023-05-28 21:19:59,1685323200,19.7,20.5,98300,1.00,4.00,8.00,9.00,0.0146,0
2023-05-28 21:24:59,1685323499,19.4,20.3,98300,1.00,2.00,3.00,3.00,0.0156,0
2023-05-28 21:28:57,1685323737,19.3,20.5,98300,1.00,4.00,6.00,7.00,0.0194,0
2023-05-28 21:34:58,1685324099,19.0,20.9,98322,1e-7,2.00,4.00,4.00,0.0125,0
2023-05-28 21:38:59,1685324339,18.9,21.2,98400,1.00,2.00,4.00,5.00,0.0141,0
2023-05-28 21:43:42,1685324623,18.7,21.4,98400,1e-7,1e-7,1.00,1.00,0.00818,0
2023-05-28 21:49:46,1685324986,18.6,21.8,98400,1.00,3.00,4.00,5.00,0.0103,0
2023-05-28 21:54:05,1685325246,18.7,21.5,98400,1.00,3.00,6.00,7.00,0.0143,0
2023-05-28 21:59:49,1685325590,18.8,21.3,98400,1.00,4.00,8.00,9.00,0.0213,0
2023-05-28 22:03:57,1685325838,18.8,21.3,98400,1.00,3.00,5.00,6.00,0.0213,0
2023-05-28 22:08:19,1685326100,18.7,21.5,98400,1.00,2.00,3.00,3.00,0.0188,0
2023-05-28 22:14:53,1685326494,18.7,21.3,98400,1.00,2.00,3.00,4.00,0.0219,0
2023-05-28 22:19:53,1685326793,18.6,21.2,98400,1e-7,2.00,3.00,4.00,0.0213,0
2023-05-28 22:20:33,1685326833,18.6,21.3,98400,1e-7,2.00,4.00,5.00,0.0265,0
2023-05-28 22:29:58,1685327399,18.4,21.4,98400,1.00,4.00,7.00,8.00,0.0265,0
2023-05-28 22:34:58,1685327698,18.3,21.6,98400,3.00,4.00,6.00,7.00,0.0198,0
2023-05-28 22:39:46,1685327987,18.1,21.8,98400,1.00,1.00,1.00,2.00,0.0142,0
2023-05-28 22:44:51,1685328292,17.9,22.1,98400,1e-7,2.00,4.00,5.00,0.0239,0
2023-05-28 22:49:51,1685328591,17.7,22.2,98400,1.00,2.00,4.00,4.00,0.0210,0
2023-05-28 22:54:51,1685328891,17.5,22.1,98400,1.00,4.00,6.00,7.00,0.0120,0
2023-05-28 22:59:51,1685329191,17.3,22.5,98400,1e-7,2.00,3.00,3.00,0.0121,0
2023-05-28 23:04:51,1685329491,17.1,22.7,98400,2.00,2.00,4.00,5.00,0.0123,0
2023-05-28 23:09:51,1685329792,16.9,22.8,98400,1.00,6.00,9.00,11.0,0.0160,0
2023-05-28 23:14:51,1685330092,16.7,23.1,98493,1.00,2.00,4.00,4.00,0.0168,0
2023-05-28 23:19:40,1685330380,16.5,23.3,98500,1.00,3.00,3.00,4.00,0.0168,0
2023-05-28 23:24:40,1685330680,16.3,23.5,98500,1.00,2.00,4.00,4.00,0.0123,0
2023-05-28 23:29:40,1685330980,16.2,23.6,98500,2.00,2.00,4.00,5.00,0.00995,0
2023-05-28 23:34:40,1685331280,16.1,23.6,98500,1.00,3.00,6.00,7.00,0.0100,0
2023-05-28 23:39:40,1685331580,16.0,23.8,98500,1.00,2.00,3.00,4.00,0.0113,0
2023-05-28 23:44:40,1685331881,15.9,23.9,98500,1.00,2.00,3.00,3.00,0.0113,0
2023-05-28 23:49:41,1685332181,15.9,24.3,98500,2.00,3.00,4.00,4.00,0.0100,0
2023-05-28 23:54:41,1685332481,15.9,24.5,98500,1.00,2.00,3.00,4.00,0.0100,0
2023-05-28 23:59:41,1685332782,16.0,24.5,98500,2.00,2.00,4.00,5.00,0.0101,0
2023-05-29 00:04:41,1685333082,16.1,24.6,98500,1.00,4.00,6.00,7.00,0.0161,0
2023-05-29 00:09:41,1685333382,16.1,24.3,98500,1.00,2.00,4.00,4.00,0.0165,0
2023-05-29 00:14:42,1685333682,16.1,24.7,98500,2.00,6.00,9.00,10.0,0.0166,0
2023-05-29 00:19:51,1685333991,16.1,24.6,98500,1.00,6.00,10.0,12.0,0.0480,0
2023-05-29 00:24:51,1685334291,16.1,24.6,98500,1.00,2.00,4.00,5.00,0.0480,0
2023-05-29 00:29:51,1685334591,16.0,24.8,98500,1.00,3.00,6.00,7.00,0.0417,0
2023-05-29 00:34:52,1685334892,16.0,25.0,98500,1e-7,2.00,4.00,5.00,0.0112,0
2023-05-29 00:39:52,1685335192,16.0,25.0,98500,1.00,2.00,4.00,4.00,0.0125,0
2023-05-29 00:44:52,1685335492,16.0,24.9,98500,2.00,4.00,7.00,9.00,0.0228,0
2023-05-29 00:49:52,1685335792,16.1,24.7,98500,1.00,2.00,4.00,5.00,0.0228,0
2023-05-29 00:54:52,1685336092,16.1,24.9,98500,1.00,2.00,3.00,4.00,0.0158,0
2023-05-29 00:59:52,1685336393,16.1,24.9,98500,1.00,2.00,4.00,5.00,0.0107,0
2023-05-29 01:04:53,1685336694,16.2,24.8,98500,2.00,3.00,4.00,5.00,0.0101,0
2023-05-29 01:09:43,1685336983,16.3,24.7,98500,1.00,4.00,7.00,9.00,0.0108,0
2023-05-29 01:14:43,1685337283,16.3,24.8,98500,1.00,2.00,4.00,4.00,0.00970,0
2023-05-29 01:19:52,1685337592,16.4,25.3,98500,2.00,3.00,5.00,6.00,0.0135,0
2023-05-29 01:24:52,1685337892,16.5,24.8,98500,2.00,4.00,7.00,9.00,0.0198,0
2023-05-29 01:29:52,1685338192,16.6,24.6,98500,2.00,3.00,4.00,5.00,0.0178,0
2023-05-29 01:34:52,1685338492,16.7,24.3,98500,3.00,4.00,7.00,8.00,0.0149,0
2023-05-29 01:39:52,1685338792,16.7,24.2,98500,2.00,5.00,9.00,11.0,0.0119,0
2023-05-29 01:44:52,1685339092,16.6,24.0,98500,1.00,2.00,4.00,4.00,0.0117,0
2023-05-29 01:49:55,1685339395,16.5,23.9,98500,2.00,4.00,8.00,9.00,0.0133,0
2023-05-29 01:54:44,1685339684,16.5,24.1,98500,1.00,4.00,7.00,8.00,0.0128,0
2023-05-29 01:59:44,1685339984,16.3,24.4,98500,1.00,3.00,6.00,7.00,0.0199,0
2023-05-29 02:04:45,1685340285,16.2,24.7,98500,1.00,2.00,4.00,4.00,0.0272,0
2023-05-29 02:09:45,1685340585,16.0,24.9,98500,1.00,4.00,6.00,7.00,0.0175,0
2023-05-29 02:14:54,1685340894,15.8,25.0,98557,1.00,4.00,7.00,9.00,0.0179,0
2023-05-29 02:19:54,1685341195,15.5,25.5,98580,1.00,4.00,7.00,9.00,0.0246,0
2023-05-29 02:24:54,1685341495,15.3,25.7,98600,1.00,3.00,6.00,7.00,0.0168,0
2023-05-29 02:29:55,1685341795,15.0,26.3,98600,1.00,4.00,7.00,9.00,0.0103,0
2023-05-29 02:34:55,1685342096,14.8,26.4,98600,1.00,3.00,4.00,4.00,0.0103,0
2023-05-29 02:39:56,1685342396,14.5,26.3,98600,1.00,2.00,4.00,4.00,0.0134,0
2023-05-29 02:44:57,1685342698,14.3,27.0,98600,1.00,3.00,6.00,7.00,0.0124,0
2023-05-29 02:49:58,1685342998,14.1,27.1,98600,3.00,5.00,6.00,6.00,0.0144,0
2023-05-29 02:54:59,1685343299,13.9,27.6,98600,1.00,2.00,3.00,4.00,0.0114,0
2023-05-29 02:59:40,1685343581,13.8,27.8,98600,1.00,3.00,6.00,7.00,0.0103,0
2023-05-29 03:04:43,1685343883,13.6,27.9,98600,1.00,3.00,6.00,7.00,0.0103,0
2023-05-29 03:09:43,1685344184,13.4,28.5,98600,1.00,2.00,4.00,5.00,0.0100,0
2023-05-29 03:14:45,1685344485,13.3,28.8,98600,1e-7,2.00,4.00,5.00,0.0147,0
2023-05-29 03:19:46,1685344786,13.2,28.9,98600,1.00,4.00,8.00,9.00,0.0172,0
2023-05-29 03:24:47,1685345088,13.1,29.1,98600,2.00,2.00,4.00,4.00,0.0170,0
2023-05-29 03:29:49,1685345389,12.9,29.1,98600,1.00,2.00,3.00,3.00,0.0162,0
2023-05-29 03:34:50,1685345691,12.7,29.3,98600,1e-7,2.00,4.00,5.00,0.0137,0
2023-05-29 03:39:51,1685345992,12.5,29.4,98627,1e-7,2.00,4.00,5.00,0.0111,0
2023-05-29 03:44:53,1685346293,12.4,29.7,98700,1e-7,4.00,7.00,8.00,0.0111,0
2023-05-29 03:49:54,1685346595,12.2,29.9,98700,1.00,2.00,3.00,4.00,0.0124,0
2023-05-29 03:54:55,1685346896,12.0,29.8,98700,1e-7,2.00,4.00,4.00,0.0124,0
2023-05-29 03:59:57,1685347197,11.9,30.1,98700,1.00,1.00,1.00,1.00,0.00999,0
2023-05-29 04:04:58,1685347499,11.7,30.3,98700,1.00,2.00,3.00,4.00,0.00995,0
2023-05-29 04:09:49,1685347789,11.5,30.8,98700,1.00,2.00,4.00,5.00,0.0102,0
2023-05-29 04:14:51,1685348091,11.3,31.0,98700,2.00,7.00,12.0,14.0,0.0194,0
2023-05-29 04:19:41,1685348382,11.2,31.0,98700,1.00,2.00,4.00,5.00,0.0155,0
2023-05-29 04:24:43,1685348683,11.0,31.3,98700,1.00,3.00,4.00,5.00,0.0169,0
2023-05-29 04:29:44,1685348985,10.9,31.6,98700,1.00,5.00,8.00,10.0,0.0169,0
2023-05-29 04:34:55,1685349296,10.8,31.5,98700,2.00,4.00,8.00,9.00,0.0172,0
2023-05-29 04:39:57,1685349598,10.6,31.6,98700,1.00,2.00,3.00,4.00,0.0101,0
2023-05-29 04:44:39,1685349879,10.5,31.6,98700,1.00,2.00,4.00,4.00,0.0151,0
2023-05-29 04:49:42,1685350182,10.4,31.9,98760,1e-7,2.00,4.00,4.00,0.0151,0
2023-05-29 04:54:44,1685350484,10.2,32.3,98800,1.00,2.00,4.00,5.00,0.00995,0
2023-05-29 04:59:46,1685350786,10.1,32.6,98800,1.00,2.00,3.00,4.00,0.0100,0
2023-05-29 05:04:49,1685351089,9.97,32.5,98800,1.00,2.00,4.00,5.00,0.0101,0
2023-05-29 05:09:51,1685351391,9.86,32.7,98800,1.00,4.00,6.00,7.00,0.0109,0
2023-05-29 05:14:53,1685351693,9.79,33.1,98800,1.00,4.00,7.00,9.00,0.0144,0
2023-05-29 05:19:55,1685351996,9.75,33.3,98800,1.00,3.00,5.00,6.00,0.0138,0
2023-05-29 05:23:16,1685352197,9.73,33.3,98800,1e-7,1.00,3.00,3.00,0.0138,0
2023-05-29 11:14:44,1685373284,30.9,13.4,98800,1.00,4.00,6.00,7.00,,
2023-05-29 11:17:01,1685373421,31.0,13.4,98800,1.00,2.00,3.00,4.00,,
2023-05-29 11:32:21,1685374341,31.5,13.8,98800,1.00,3.00,6.00,7.00,,
2023-05-29 11:53:00,1685375581,32.2,13.1,98800,1e-7,1e-7,1e-7,1e-7,,
2023-05-29 12:02:49,1685376169,32.6,13.2,98800,1.00,2.00,3.00,3.00,,
2023-05-29 12:08:45,1685376525,32.6,12.8,98800,1.00,2.00,3.00,4.00,,
2023-05-29 12:19:45,1685377186,32.3,12.7,98800,1e-7,1e-7,1e-7,1e-7,,
2023-05-29 12:20:05,1685377205,32.3,12.7,98800,1.00,2.00,2.00,2.00,,
2023-05-29 12:39:47,1685378388,33.5,12.6,98800,1e-7,2.00,3.00,4.00,,
2023-05-29 12:42:24,1685378544,33.9,12.6,98800,2.00,5.00,7.00,8.00,,
2023-05-29 12:54:42,1685379282,34.0,12.0,98800,1e-7,2.00,3.00,4.00,,
2023-05-29 12:59:41,1685379581,34.2,12.1,98800,2.00,3.00,6.00,7.00,,
2023-05-29 13:14:48,1685380489,34.9,11.8,98771,1e-7,2.00,4.00,4.00,0.0119,0
2023-05-29 13:19:01,1685380742,35.1,11.5,98738,1.00,2.00,4.00,5.00,0.0170,0
2023-05-29 13:24:58,1685381099,35.0,11.3,98800,1e-7,1.00,1.00,1.00,0.0172,0
2023-05-29 13:29:52,1685381392,34.9,11.4,98707,1.00,2.00,3.00,3.00,0.0103,0
2023-05-29 13:34:26,1685381667,34.7,11.6,98700,1.00,5.00,9.00,10.0,0.0243,0
2023-05-29 13:36:22,1685381782,34.7,11.5,98700,1.00,2.00,4.00,4.00,0.0243,0
2023-05-29 13:44:56,1685382296,35.0,11.3,98700,1e-7,2.00,3.00,4.00,0.0253,0
2023-05-29 13:49:51,1685382591,35.0,11.2,98700,31.0,116,186,220,0.0628,0
2023-05-29 13:51:48,1685382709,35.0,11.3,98700,1e-7,2.00,3.00,4.00,0.0892,0
2023-05-29 13:59:58,1685383198,35.1,10.3,98700,1.00,2.00,4.00,4.00,0.0893,0
2023-05-29 14:04:51,1685383492,35.1,10.5,98700,1.00,2.00,4.00,5.00,0.106,0
2023-05-29 14:08:07,1685383688,35.1,10.9,98700,2.00,2.00,3.00,3.00,0.0975,0
2023-05-29 14:19:59,1685384400,34.2,10.9,98700,1e-7,1.00,3.00,3.00,0.0871,0
2023-05-29 14:24:53,1685384694,33.9,11.1,98700,1.00,4.00,7.00,9.00,0.0148,0
2023-05-29 14:34:59,1685385299,32.4,11.1,98700,1e-7,2.00,3.00,4.00,0.0148,0
2023-05-29 14:39:53,1685385594,31.3,11.4,98700,1.00,2.00,3.00,4.00,0.0195,0
2023-05-29 14:44:48,1685385889,30.3,12.2,98700,1.00,2.00,3.00,4.00,0.0188,0
2023-05-29 14:49:43,1685386184,29.7,12.5,98700,1.00,4.00,8.00,9.00,0.0146,0
2023-05-29 14:54:59,1685386499,29.3,12.7,98700,1.00,2.00,4.00,5.00,0.0145,0
2023-05-29 14:59:55,1685386796,29.0,13.1,98700,1.00,2.00,3.00,4.00,0.0134,0
2023-05-29 15:04:51,1685387091,28.7,13.8,98700,2.00,3.00,5.00,6.00,0.0122,0
2023-05-29 15:09:46,1685387387,28.5,14.1,98700,1.00,2.00,4.00,4.00,0.0118,0
2023-05-29 15:14:42,1685387683,28.3,14.2,98700,1.00,2.00,4.00,4.00,0.0113,0
2023-05-29 15:19:58,1685387999,28.1,14.2,98700,1.00,4.00,7.00,9.00,0.01000,0
2023-05-29 15:24:54,1685388295,28.0,14.4,98693,1.00,3.00,6.00,7.00,0.0125,0
2023-05-29 15:29:50,1685388591,27.8,14.7,98673,1.00,3.00,4.00,5.00,0.0125,0
2023-05-29 15:34:47,1685388887,27.7,15.1,98673,1.00,2.00,4.00,4.00,0.0125,0
2023-05-29 15:39:43,1685389184,27.5,15.3,98647,1e-7,2.00,4.00,5.00,0.0108,0
2023-05-29 15:44:40,1685389480,27.2,15.3,98647,1.00,2.00,4.00,4.00,0.0102,0
2023-05-29 15:49:56,1685389797,27.0,15.6,98600,19.0,65.0,103,122,0.0101,0
2023-05-29 15:54:53,1685390093,27.0,15.8,98600,7.00,23.0,37.0,44.0,0.140,0
2023-05-29 15:59:50,1685390390,26.8,16.1,98600,1.00,4.00,7.00,8.00,0.170,0
2023-05-29 16:04:46,1685390687,26.7,16.2,98600,2.00,2.00,3.00,4.00,0.160,0
2023-05-29 16:09:43,1685390983,26.5,16.4,98600,2.00,2.00,4.00,5.00,0.0776,0
2023-05-29 16:14:59,1685391300,26.4,16.6,98600,1.00,4.00,6.00,6.00,0.0119,0
2023-05-29 16:19:46,1685391586,26.3,17.1,98600,2.00,2.00,3.00,4.00,0.0119,0
2023-05-29 16:24:43,1685391883,26.1,17.2,98600,1.00,2.00,3.00,4.00,0.0132,0
2023-05-29 16:29:41,1685392182,26.0,17.6,98600,1.00,4.00,6.00,7.00,0.0139,0
2023-05-29 16:34:59,1685392499,25.9,17.4,98600,1.00,2.00,4.00,4.00,0.0120,0
2023-05-29 16:39:56,1685392796,25.7,17.5,98600,2.00,2.00,4.00,5.00,0.0120,0
2023-05-29 16:44:53,1685393094,25.5,17.5,98600,1.00,6.00,10.0,12.0,0.0178,0
2023-05-29 16:49:51,1685393391,25.4,17.7,98600,1e-7,2.00,3.00,4.00,0.0251,0
2023-05-29 16:54:48,1685393688,25.3,17.8,98600,2.00,2.00,4.00,4.00,0.0239,0
2023-05-29 16:59:45,1685393986,25.2,17.7,98600,1.00,2.00,4.00,5.00,0.0126,0
2023-05-29 17:04:44,1685394285,25.1,18.0,98600,1.00,3.00,6.00,7.00,0.0126,0
2023-05-29 17:09:41,1685394582,25.0,17.9,98600,1.00,4.00,7.00,8.00,0.0122,0
2023-05-29 17:14:58,1685394899,24.9,17.9,98600,1.00,2.00,4.00,4.00,0.0157,0
2023-05-29 17:19:55,1685395196,24.8,18.1,98600,1.00,2.00,4.00,5.00,0.0157,0
2023-05-29 17:24:53,1685395493,24.6,18.2,98600,1.00,2.00,3.00,4.00,0.0103,0
2023-05-29 17:29:52,1685395792,24.5,18.4,98600,1e-7,2.00,4.00,5.00,,
2023-05-29 17:34:49,1685396089,24.3,18.6,98600,1.00,2.00,4.00,4.00,0.0103,0
2023-05-29 17:39:46,1685396387,24.2,18.7,98600,1e-7,2.00,4.00,4.00,0.0102,0
2023-05-29 17:44:44,1685396685,24.1,18.8,98600,1.00,2.00,4.00,5.00,0.0102,0
2023-05-29 17:49:42,1685396982,24.0,18.8,98600,1.00,4.00,6.00,7.00,0.0105,0
2023-05-29 17:54:59,1685397300,23.8,18.6,98600,1.00,2.00,4.00,4.00,0.0136,0
2023-05-29 17:59:58,1685397598,23.6,18.7,98600,1e-7,2.00,4.00,5.00,0.0144,0
2023-05-29 18:04:56,1685397896,23.5,18.7,98600,1e-7,2.00,4.00,5.00,0.0141,0
2023-05-29 18:09:53,1685398194,23.4,18.8,98600,1.00,2.00,3.00,4.00,0.0109,0
2023-05-29 18:14:51,1685398492,23.3,19.0,98600,1.00,4.00,7.00,9.00,0.0207,0
2023-05-29 18:19:49,1685398790,23.2,19.4,98600,2.00,7.00,11.0,13.0,0.0222,0
2023-05-29 18:24:47,1685399088,23.1,19.5,98600,1.00,2.00,4.00,5.00,0.0148,0
2023-05-29 18:29:45,1685399386,22.9,19.4,98633,5.00,22.0,36.0,42.0,0.0148,0
2023-05-29 18:34:45,1685399686,22.8,19.6,98680,1.00,2.00,4.00,5.00,0.0359,0
2023-05-29 18:39:43,1685399984,22.7,19.8,98700,1e-7,2.00,4.00,5.00,0.0451,0
2023-05-29 18:44:41,1685400282,22.5,20.1,98700,1e-7,2.00,4.00,5.00,0.0453,0
2023-05-29 18:49:40,1685400581,22.4,20.1,98700,1.00,4.00,6.00,7.00,0.0103,0
2023-05-29 18:54:59,1685400899,22.2,20.5,98700,1.00,2.00,3.00,4.00,0.0115,0
2023-05-29 18:59:57,1685401198,22.0,20.5,98700,1e-7,1e-7,1e-7,1e-7,0.0123,0
2023-05-29 19:04:42,1685401482,21.8,20.8,98700,1.00,2.00,4.00,4.00,0.0123,0
2023-05-29 19:09:41,1685401782,21.6,20.9,98700,1e-7,2.00,3.00,4.00,0.00995,0
2023-05-29 19:14:59,1685402100,21.4,20.9,98700,1e-7,1e-7,1e-7,1e-7,0.00995,0
2023-05-29 19:19:58,1685402398,21.2,21.3,98700,1e-7,2.00,4.00,4.00,0.00995,0
2023-05-29 19:24:57,1685402697,20.9,21.4,98700,1e-7,2.00,4.00,5.00,0.0101,0
2023-05-29 19:29:56,1685402997,20.7,21.5,98700,1.00,2.00,4.00,4.00,0.0101,0
2023-05-29 19:34:55,1685403296,20.5,21.8,98700,1.00,2.00,4.00,4.00,0.0101,0
2023-05-29 19:39:54,1685403594,20.3,21.9,98700,1e-7,1e-7,1e-7,1e-7,0.0101,0
2023-05-29 19:44:53,1685403893,20.1,22.0,98700,1e-7,2.00,3.00,4.00,0.00995,0
2023-05-29 19:49:52,1685404193,19.9,22.4,98700,1e-7,2.00,4.00,5.00,0.0100,0
2023-05-29 19:54:51,1685404492,19.6,22.6,98700,1e-7,2.00,4.00,5.00,0.0102,0
2023-05-29 19:59:50,1685404791,19.4,22.7,98700,1.00,6.00,11.0,13.0,0.0104,0
2023-05-29 20:04:50,1685405090,19.1,22.8,98700,1e-7,2.00,4.00,5.00,0.0156,0
2023-05-29 20:09:49,1685405390,18.9,23.1,98700,1.00,3.00,6.00,7.00,0.0156,0
2023-05-29 20:14:49,1685405689,18.6,23.1,98700,1.00,4.00,6.00,7.00,0.0106,0
2023-05-29 20:19:48,1685405988,18.3,23.4,98700,1.00,1.00,3.00,3.00,0.00998,0
2023-05-29 20:24:48,1685406288,18.1,23.8,98700,1e-7,2.00,3.00,3.00,0.0122,0
2023-05-29 20:29:47,1685406588,17.8,24.0,98700,1e-7,2.00,4.00,4.00,0.0120,0
2023-05-29 20:34:47,1685406888,17.5,24.4,98700,1e-7,2.00,4.00,5.00,0.0101,0
2023-05-29 20:39:47,1685407188,17.3,24.7,98700,1e-7,2.00,3.00,3.00,0.0102,0
2023-05-29 20:44:48,1685407489,17.0,25.0,98700,1.00,4.00,6.00,7.00,0.00995,0
2023-05-29 20:49:48,1685407789,16.8,25.2,98700,1e-7,2.00,3.00,4.00,0.0107,0
2023-05-29 20:54:48,1685408089,16.6,25.7,98700,1e-7,1.00,3.00,3.00,0.0123,0
2023-05-29 20:59:48,1685408389,16.4,26.1,98713,1e-7,1.00,3.00,3.00,0.0115,0
2023-05-29 21:04:48,1685408689,16.2,26.5,98793,1e-7,2.00,4.00,4.00,0.00995,0
2023-05-29 21:09:49,1685408989,16.0,26.7,98800,1.00,3.00,5.00,7.00,0.0108,0
2023-05-29 21:14:50,1685409290,15.9,26.7,98800,1e-7,2.00,4.00,4.00,0.0111,0
2023-05-29 21:19:50,1685409590,15.7,27.5,98800,1e-7,1e-7,1e-7,1e-7,0.0117,0
2023-05-29 21:24:50,1685409890,15.6,27.3,98800,1.00,2.00,4.00,5.00,0.0117,0
2023-05-29 21:29:50,1685410191,15.5,27.2,98800,1.00,4.00,6.00,7.00,0.0109,0
2023-05-29 21:34:51,1685410491,15.4,27.2,98800,1e-7,2.00,4.00,5.00,0.0155,0
2023-05-29 21:39:51,1685410792,15.3,27.6,98800,1.00,2.00,4.00,4.00,0.0135,0
2023-05-29 21:44:51,1685411092,15.1,27.4,98800,1.00,2.00,4.00,4.00,0.0135,0
2023-05-29 21:49:52,1685411392,14.9,28.0,98800,1e-7,2.00,3.00,3.00,0.00995,0
2023-05-29 21:54:52,1685411693,14.8,28.3,98800,2.00,2.00,2.00,2.00,0.00995,0
2023-05-29 21:59:53,1685411993,14.7,28.2,98800,1.00,4.00,7.00,9.00,0.0149,0
2023-05-29 22:04:54,1685412294,14.6,27.9,98800,1.00,2.00,3.00,4.00,0.0289,0
2023-05-29 22:09:55,1685412596,14.5,28.2,98800,1e-7,2.00,4.00,5.00,0.0186,0
2023-05-29 22:14:56,1685412897,14.4,28.5,98800,1e-7,2.00,3.00,3.00,0.0139,0
2023-05-29 22:19:57,1685413197,14.3,28.5,98800,1.00,2.00,4.00,5.00,0.0101,0
2023-05-29 22:24:58,1685413498,14.2,28.3,98800,1e-7,2.00,3.00,4.00,0.0104,0
2023-05-29 22:29:59,1685413799,14.1,28.4,98800,1e-7,2.00,3.00,4.00,0.0105,0
2023-05-29 22:34:41,1685414081,13.9,28.6,98800,1e-7,2.00,3.00,4.00,,
2023-05-29 22:39:41,1685414382,13.8,28.8,98800,1e-7,1.00,1.00,2.00,0.00995,0
2023-05-29 22:44:42,1685414683,13.7,28.9,98800,1e-7,1.00,2.00,2.00,0.00995,0
2023-05-29 22:49:43,1685414984,13.6,29.4,98800,1e-7,2.00,3.00,3.00,0.00995,0
2023-05-29 22:54:44,1685415285,13.5,29.5,98800,1.00,3.00,5.00,6.00,0.0125,0
2023-05-29 22:59:45,1685415585,13.4,29.4,98800,1e-7,2.00,4.00,5.00,0.0125,0
2023-05-29 23:04:46,1685415887,13.3,29.3,98800,1.00,5.00,9.00,10.0,0.0133,0
2023-05-29 23:09:47,1685416187,13.2,29.2,98800,1e-7,2.00,4.00,5.00,0.0156,0
2023-05-29 23:14:48,1685416488,13.2,29.5,98800,1e-7,2.00,4.00,4.00,0.0142,0
2023-05-29 23:19:49,1685416789,13.2,29.5,98800,1e-7,2.00,4.00,4.00,0.0123,0
2023-05-29 23:24:51,1685417092,13.1,29.4,98800,1.00,4.00,6.00,7.00,0.0105,0
2023-05-29 23:29:52,1685417393,13.1,29.6,98800,1.00,4.00,7.00,8.00,0.0201,0
2023-05-29 23:34:53,1685417694,13.0,29.8,98800,1e-7,2.00,3.00,4.00,0.0201,0
2023-05-29 23:39:54,1685417995,12.9,29.8,98800,1e-7,2.00,3.00,4.00,0.0149,0
2023-05-29 23:44:55,1685418296,12.9,29.7,98800,1.00,2.00,4.00,5.00,0.00995,0
2023-05-29 23:49:57,1685418597,12.8,29.9,98800,1e-7,2.00,3.00,4.00,0.0100,0
2023-05-29 23:54:58,1685418898,12.8,30.2,98800,1e-7,1.00,2.00,2.00,0.00995,0
2023-05-29 23:59:40,1685419181,12.8,30.0,98800,1e-7,2.00,4.00,5.00,0.00995,0
2023-05-30 00:04:41,1685419482,12.8,30.0,98800,1.00,3.00,6.00,7.00,0.0147,0
2023-05-30 00:09:44,1685419784,12.8,29.7,98800,1.00,5.00,9.00,11.0,0.0149,0
2023-05-30 00:14:45,1685420085,12.8,29.8,98800,1e-7,2.00,3.00,4.00,0.0147,0
2023-05-30 00:19:46,1685420387,12.8,29.7,98800,1e-7,1.00,3.00,3.00,0.0147,0
2023-05-30 00:24:56,1685420697,12.8,30.1,98800,1e-7,2.00,3.00,3.00,0.0109,0
2023-05-30 00:29:57,1685420998,12.7,30.2,98800,1e-7,4.00,7.00,9.00,0.0117,0
2023-05-30 00:34:58,1685421299,12.7,30.2,98800,1.00,2.00,3.00,4.00,0.0150,0
2023-05-30 00:39:39,1685421580,12.6,30.6,98800,1.00,4.00,7.00,8.00,0.0145,0
2023-05-30 00:44:41,1685421881,12.6,30.6,98800,1.00,2.00,4.00,4.00,0.0104,0
2023-05-30 00:49:42,1685422183,12.6,30.4,98800,1e-7,2.00,3.00,3.00,0.0116,0
2023-05-30 00:54:45,1685422485,12.6,30.2,98800,1e-7,2.00,4.00,5.00,0.00995,0
2023-05-30 00:59:46,1685422787,12.6,30.2,98800,1.00,6.00,10.0,12.0,0.0103,0
2023-05-30 01:04:47,1685423088,12.6,30.2,98800,1e-7,2.00,3.00,4.00,0.0164,0
2023-05-30 01:09:48,1685423388,12.6,30.1,98800,1.00,4.00,6.00,7.00,0.0164,0
2023-05-30 01:14:49,1685423689,12.6,30.0,98800,1e-7,2.00,3.00,3.00,0.0129,0
2023-05-30 01:19:50,1685423991,12.7,30.2,98800,1.00,2.00,3.00,4.00,0.0112,0
2023-05-30 01:24:51,1685424292,12.7,30.5,98800,1.00,5.00,8.00,10.0,0.0112,0
2023-05-30 01:29:53,1685424594,12.7,30.5,98800,1e-7,2.00,3.00,3.00,0.00997,0
2023-05-30 01:34:55,1685424895,12.6,30.4,98800,1e-7,2.00,4.00,4.00,0.0120,0
2023-05-30 01:39:56,1685425196,12.5,30.8,98800,1.00,2.00,4.00,5.00,0.0111,0
2023-05-30 01:44:57,1685425498,12.4,30.9,98800,1e-7,2.00,3.00,4.00,0.0115,0
2023-05-30 01:49:59,1685425799,12.4,31.1,98800,1.00,3.00,5.00,7.00,0.0113,0
2023-05-30 01:54:40,1685426080,12.3,31.0,98800,1.00,2.00,3.00,3.00,0.0113,0
2023-05-30 01:59:41,1685426382,12.2,31.5,98800,1e-7,2.00,4.00,4.00,0.0113,0
2023-05-30 02:04:43,1685426684,12.2,31.7,98800,1.00,5.00,8.00,9.00,0.00995,0
2023-05-30 02:09:44,1685426985,12.2,31.6,98800,1.00,2.00,4.00,5.00,0.0178,0
2023-05-30 02:14:47,1685427287,12.1,31.8,98800,1.00,4.00,7.00,8.00,0.0178,0
2023-05-30 02:19:50,1685427590,12.1,31.9,98800,1e-7,1e-7,1.00,1.00,0.0126,0
2023-05-30 02:24:51,1685427891,12.2,31.6,98800,1e-7,2.00,4.00,4.00,0.0143,0
2023-05-30 02:29:41,1685428181,12.2,31.4,98800,1e-7,2.00,4.00,4.00,0.00995,0
2023-05-30 02:34:42,1685428483,12.2,31.2,98800,1.00,3.00,6.00,7.00,0.0103,0
2023-05-30 02:39:44,1685428784,12.1,31.3,98800,1e-7,2.00,4.00,5.00,0.0115,0
2023-05-30 02:44:45,1685429085,12.1,31.2,98760,1.00,4.00,8.00,9.00,0.0118,0
2023-05-30 02:49:46,1685429387,12.1,31.2,98740,1e-7,1e-7,1e-7,1e-7,0.0179,0
2023-05-30 02:54:48,1685429689,12.0,31.2,98720,1.00,3.00,4.00,5.00,0.0179,0
2023-05-30 02:59:50,1685429991,11.9,31.3,98700,1.00,2.00,4.00,5.00,0.0114,0
2023-05-30 03:04:52,1685430292,11.9,31.4,98700,1e-7,2.00,3.00,4.00,0.0108,0
2023-05-30 03:09:53,1685430594,11.8,31.6,98700,1.00,2.00,4.00,5.00,0.0108,0
2023-05-30 03:14:55,1685430895,11.8,31.8,98700,1.00,1.00,2.00,2.00,0.0101,0
2023-05-30 03:19:57,1685431197,11.7,31.8,98700,1.00,2.00,4.00,4.00,0.0101,0
2023-05-30 03:24:58,1685431499,11.7,31.8,98700,1e-7,5.00,8.00,10.0,0.0101,0
2023-05-30 03:29:40,1685431780,11.7,31.7,98700,1.00,4.00,6.00,7.00,0.0172,0
2023-05-30 03:34:42,1685432083,11.7,31.7,98731,1e-7,2.00,4.00,5.00,0.0176,0
2023-05-30 03:39:44,1685432384,11.6,31.7,98800,1e-7,2.00,4.00,5.00,0.0202,0
2023-05-30 03:44:46,1685432686,11.6,32.0,98800,1e-7,2.00,4.00,5.00,0.0134,0
2023-05-30 03:49:49,1685432989,11.5,32.3,98800,1e-7,1.00,3.00,3.00,0.0110,0
2023-05-30 03:54:50,1685433290,11.5,32.7,98800,1.00,3.00,6.00,7.00,0.0109,0
2023-05-30 03:59:52,1685433592,11.4,32.7,98800,1.00,3.00,4.00,4.00,0.0136,0
2023-05-30 04:04:54,1685433895,11.3,32.7,98800,1e-7,2.00,3.00,4.00,0.0116,0
2023-05-30 04:09:57,1685434197,11.2,32.8,98800,1e-7,2.00,4.00,5.00,0.0109,0
2023-05-30 04:14:58,1685434499,11.2,32.7,98800,1e-7,2.00,4.00,4.00,0.0100,0
2023-05-30 04:19:40,1685434781,11.2,33.0,98800,1.00,3.00,6.00,7.00,0.0112,0
2023-05-30 04:24:42,1685435082,11.1,33.1,98800,1.00,4.00,6.00,7.00,0.00994,0
2023-05-30 04:29:43,1685435384,11.1,33.2,98800,1.00,2.00,4.00,4.00,0.0102,0
2023-05-30 04:34:45,1685435686,11.0,33.1,98800,1e-7,2.00,4.00,4.00,0.0100,0
2023-05-30 04:39:47,1685435988,10.9,33.3,98707,1.00,2.00,4.00,4.00,0.00995,0
2023-05-30 04:44:49,1685436290,10.9,33.4,98700,1.00,3.00,6.00,7.00,0.00995,0
2023-05-30 04:49:51,1685436592,10.9,33.6,98700,1.00,6.00,10.0,11.0,0.0238,0
2023-05-30 04:54:53,1685436893,10.9,33.5,98747,2.00,2.00,4.00,4.00,0.0217,0
2023-05-30 04:59:54,1685437195,10.9,33.9,98780,2.00,2.00,4.00,4.00,0.0297,0
2023-05-30 05:04:45,1685437485,11.0,33.6,98800,1.00,4.00,8.00,9.00,0.0191,0
2023-05-30 05:09:46,1685437786,11.0,33.6,98800,1.00,3.00,5.00,6.00,0.0115,0
2023-05-30 05:14:48,1685438088,11.0,33.6,98800,1e-7,2.00,4.00,4.00,0.0115,0
2023-05-30 05:19:49,1685438390,11.0,33.8,98800,1.00,2.00,4.00,5.00,0.0103,0
2023-05-30 05:21:50,1685438511,11.0,34.1,98800,1e-7,1.00,3.00,3.00,0.0101,0
2023-05-30 11:17:58,1685459878,36.6,12.3,98600,1e-7,2.00,3.00,3.00,,
2023-05-30 11:24:56,1685460296,36.6,12.3,98600,2.00,5.00,8.00,9.00,,
2023-05-30 11:29:49,1685460589,36.7,12.6,98600,1.00,2.00,4.00,5.00,,
2023-05-30 11:34:43,1685460883,36.8,11.8,98600,1.00,5.00,9.00,11.0,0.0229,0
2023-05-30 11:49:48,1685461788,37.2,11.6,98600,1.00,2.00,2.00,3.00,0.0249,0
2023-05-30 11:52:43,1685461963,37.2,11.4,98600,1.00,1.00,2.00,2.00,0.0355,0
2023-05-30 11:59:42,1685462382,37.1,11.5,98600,3.00,4.00,6.00,6.00,0.0355,0
2023-05-30 12:04:54,1685462694,37.1,11.5,98600,1.00,2.00,4.00,5.00,0.0172,0
2023-05-30 12:08:28,1685462909,37.1,11.7,98600,1.00,3.00,6.00,7.00,0.0101,0
2023-05-30 12:19:49,1685463589,37.0,11.5,98600,1.00,3.00,6.00,7.00,0.0119,0
2023-05-30 12:24:41,1685463881,37.0,11.4,98600,1.00,1.00,3.00,3.00,0.0130,0
2023-05-30 12:25:58,1685463959,37.0,11.3,98600,1e-7,2.00,4.00,4.00,0.0145,0
2023-05-30 12:34:46,1685464486,37.2,11.0,98600,1.00,4.00,6.00,7.00,0.0146,0
2023-05-30 12:39:58,1685464798,37.3,10.7,98500,2.00,3.00,6.00,7.00,0.0165,0
2023-05-30 12:41:55,1685464915,37.4,10.3,98500,1.00,2.00,3.00,3.00,0.0101,0
2023-05-30 12:54:52,1685465692,37.8,10.3,98500,1e-7,2.00,3.00,4.00,0.0108,0
2023-05-30 12:58:46,1685465926,38.0,10.8,98500,1.00,2.00,3.00,4.00,0.0122,0
2023-05-30 13:09:50,1685466590,38.2,10.7,98500,1.00,3.00,6.00,7.00,0.0122,0
2023-05-30 13:14:42,1685466882,38.4,10.5,98500,2.00,2.00,4.00,5.00,0.0130,0
2023-05-30 13:15:40,1685466941,38.4,10.3,98500,1.00,2.00,3.00,3.00,0.0130,0
2023-05-30 13:29:21,1685467761,38.5,10.3,98500,1.00,4.00,6.00,7.00,0.0116,0
2023-05-30 13:30:47,1685467847,38.6,10.3,98500,1.00,2.00,4.00,4.00,0.0113,0
2023-05-30 13:44:44,1685468685,38.7,10.5,98500,1e-7,2.00,4.00,4.00,0.0125,0
2023-05-30 13:49:55,1685468996,38.6,10.2,98500,1.00,3.00,6.00,7.00,0.0136,0
2023-05-30 13:54:42,1685469282,38.5,9.94,98500,1.00,3.00,6.00,7.00,0.0143,0
2023-05-30 13:59:53,1685469594,38.2,10.1,98463,3.00,4.00,4.00,4.00,0.0203,0
2023-05-30 14:04:45,1685469886,38.1,10.5,98400,1.00,2.00,3.00,4.00,0.0205,0
2023-05-30 14:06:03,1685469964,38.1,10.3,98400,1.00,2.00,3.00,3.00,0.0195,0
2023-05-30 14:19:52,1685470792,37.5,10.2,98400,1e-7,1e-7,1e-7,1e-7,0.0113,0
2023-05-30 14:20:31,1685470831,37.5,10.4,98400,2.00,2.00,2.00,2.00,0.0108,0
2023-05-30 14:32:33,1685471553,37.0,10.3,98400,1.00,2.00,2.00,3.00,0.0104,0
2023-05-30 14:39:46,1685471986,35.5,10.8,98400,2.00,5.00,8.00,10.0,0.0193,0
2023-05-30 14:44:53,1685472294,34.7,11.1,98400,1.00,2.00,3.00,3.00,0.0283,0
2023-05-30 14:49:27,1685472568,34.0,11.4,98400,1.00,2.00,3.00,4.00,0.0324,0
2023-05-30 14:50:25,1685472625,33.7,11.1,98400,1e-7,1.00,1.00,2.00,0.0296,0
2023-05-30 14:59:59,1685473200,32.9,11.9,98400,1.00,5.00,8.00,10.0,0.0277,0
2023-05-30 15:00:38,1685473239,32.7,11.8,98400,1.00,6.00,10.0,11.0,0.0158,0
2023-05-30 15:14:55,1685474096,31.9,12.0,98400,1e-7,2.00,4.00,4.00,0.0287,0
2023-05-30 15:16:53,1685474213,31.8,12.0,98400,1.00,3.00,5.00,5.00,0.0283,0
2023-05-30 15:24:54,1685474695,31.5,12.2,98400,1.00,2.00,2.00,2.00,0.0212,0
2023-05-30 15:29:47,1685474987,31.4,12.3,98400,1.00,2.00,3.00,3.00,0.0273,0
2023-05-30 15:30:06,1685475007,31.4,12.3,98400,1e-7,1.00,3.00,3.00,0.0226,0
2023-05-30 15:44:45,1685475886,31.1,12.6,98400,1e-7,2.00,3.00,3.00,0.0226,0
2023-05-30 15:49:41,1685476182,31.0,12.7,98400,1.00,4.00,6.00,7.00,0.0186,0
2023-05-30 15:54:56,1685476497,30.9,12.8,98400,1.00,5.00,9.00,10.0,0.0279,0
2023-05-30 15:59:52,1685476792,30.8,13.3,98400,1.00,6.00,11.0,13.0,0.0292,0
2023-05-30 16:04:49,1685477089,30.7,13.2,98400,1.00,2.00,4.00,5.00,0.0268,0
2023-05-30 16:09:46,1685477386,30.6,13.2,98400,2.00,5.00,8.00,10.0,0.0226,0
2023-05-30 16:14:43,1685477683,30.6,13.4,98400,1.00,4.00,7.00,9.00,0.0133,0
2023-05-30 16:19:58,1685477999,30.5,13.4,98400,2.00,4.00,7.00,9.00,0.0133,0
2023-05-30 16:24:54,1685478294,30.4,13.3,98400,1.00,3.00,4.00,5.00,0.0220,0
2023-05-30 16:29:49,1685478590,30.4,13.4,98400,1.00,4.00,8.00,9.00,0.0219,0
2023-05-30 16:34:45,1685478885,30.4,13.3,98400,1.00,2.00,3.00,3.00,0.0228,0
2023-05-30 16:39:40,1685479181,30.4,13.2,98400,2.00,5.00,8.00,9.00,0.0162,0
2023-05-30 16:44:55,1685479496,30.2,13.2,98400,1.00,3.00,5.00,7.00,0.0172,0
2023-05-30 16:49:52,1685479792,30.1,13.6,98400,1.00,3.00,6.00,7.00,0.0140,0
2023-05-30 16:54:48,1685480088,30.1,13.7,98400,1.00,4.00,7.00,9.00,0.0144,0
2023-05-30 16:59:43,1685480384,30.0,13.5,98400,2.00,2.00,3.00,4.00,0.0187,0
2023-05-30 17:04:39,1685480680,29.9,13.7,98400,2.00,3.00,5.00,5.00,0.0187,0
2023-05-30 17:09:55,1685480996,29.8,14.0,98400,1.00,3.00,6.00,7.00,0.0115,0
2023-05-30 17:14:51,1685481292,29.7,14.1,98400,2.00,3.00,6.00,7.00,0.0123,0
2023-05-30 17:19:47,1685481588,29.6,14.3,98400,1.00,5.00,8.00,10.0,0.0266,0
2023-05-30 17:24:43,1685481883,29.4,14.6,98400,1.00,3.00,6.00,7.00,0.0205,0
2023-05-30 17:29:58,1685482199,29.4,14.6,98400,1.00,2.00,4.00,4.00,0.0205,0
2023-05-30 17:34:57,1685482497,29.3,14.6,98400,1.00,4.00,7.00,8.00,0.0118,0
2023-05-30 17:39:53,1685482793,29.3,15.0,98400,2.00,2.00,3.00,3.00,0.0125,0
2023-05-30 17:44:48,1685483088,29.2,14.6,98400,1.00,3.00,5.00,7.00,0.0217,0
2023-05-30 17:49:45,1685483385,29.1,14.5,98400,1.00,4.00,6.00,7.00,0.0151,0
2023-05-30 17:54:41,1685483681,29.1,14.5,98400,1.00,5.00,8.00,10.0,0.0139,0
2023-05-30 17:59:57,1685483997,29.0,14.7,98400,2.00,2.00,4.00,4.00,0.0139,0
2023-05-30 18:04:58,1685484299,28.9,14.9,98400,1.00,2.00,4.00,4.00,0.0143,0
2023-05-30 18:09:55,1685484595,28.7,14.8,98400,1.00,5.00,8.00,10.0,0.0165,0
2023-05-30 18:14:53,1685484893,28.6,15.4,98400,1.00,2.00,3.00,4.00,0.0158,0
2023-05-30 18:19:51,1685485192,28.4,15.6,98400,1.00,3.00,6.00,7.00,0.0129,0
2023-05-30 18:24:48,1685485488,28.2,15.9,98400,1.00,2.00,3.00,4.00,0.0109,0
2023-05-30 18:29:53,1685485794,28.1,16.0,98400,1.00,1.00,1.00,1.00,0.0110,0
2023-05-30 18:34:50,1685486090,27.8,16.1,98400,1.00,2.00,4.00,5.00,0.0121,0
2023-05-30 18:39:48,1685486388,27.6,16.2,98400,1.00,4.00,7.00,8.00,0.0174,0
2023-05-30 18:44:44,1685486685,27.4,16.7,98400,2.00,6.00,9.00,10.0,0.0164,0
2023-05-30 18:49:41,1685486981,27.2,16.8,98400,1e-7,2.00,4.00,4.00,0.0246,0
2023-05-30 18:54:58,1685487299,27.0,17.1,98400,1.00,2.00,4.00,5.00,0.0222,0
2023-05-30 18:59:55,1685487596,26.7,17.6,98400,2.00,10.0,17.0,21.0,0.0372,0
2023-05-30 19:04:52,1685487893,26.5,18.0,98400,1e-7,1e-7,1e-7,1e-7,0.0411,0
2023-05-30 19:09:50,1685488190,26.3,18.4,98400,1e-7,2.00,4.00,5.00,0.0501,0
2023-05-30 19:14:47,1685488487,26.0,18.8,98400,1.00,2.00,4.00,4.00,0.0106,0
2023-05-30 19:19:44,1685488784,25.8,19.2,98400,1.00,3.00,6.00,7.00,0.00995,0
2023-05-30 19:24:41,1685489082,25.6,19.5,98400,1.00,1.00,1.00,1.00,0.00994,0
2023-05-30 19:29:59,1685489399,25.4,19.7,98400,1e-7,2.00,4.00,5.00,0.0123,0
2023-05-30 19:34:56,1685489696,25.1,19.9,98400,1.00,2.00,3.00,4.00,0.0101,0
2023-05-30 19:39:53,1685489994,24.9,20.2,98400,1.00,2.00,3.00,4.00,0.0101,0
2023-05-30 19:44:51,1685490291,24.6,20.4,98400,1.00,2.00,3.00,3.00,0.00995,0
2023-05-30 19:49:49,1685490589,24.3,20.5,98400,1.00,1.00,3.00,3.00,0.00995,0
2023-05-30 19:54:46,1685490887,24.0,21.0,98400,1.00,2.00,4.00,4.00,0.00995,0
2023-05-30 19:59:44,1685491185,23.7,21.4,98400,1e-7,2.00,3.00,3.00,0.00995,0
2023-05-30 20:04:42,1685491482,23.4,21.8,98400,1e-7,2.00,3.00,4.00,0.00995,0
2023-05-30 20:09:40,1685491780,23.1,22.4,98400,1.00,2.00,4.00,4.00,0.00995,0
2023-05-30 20:14:59,1685492099,22.8,22.9,98400,2.00,7.00,12.0,15.0,0.0192,0
2023-05-30 20:19:57,1685492397,22.5,23.6,98400,1.00,7.00,12.0,15.0,0.0242,0
2023-05-30 20:24:55,1685492696,22.2,23.5,98400,1e-7,2.00,4.00,4.00,0.0249,0
2023-05-30 20:29:54,1685492994,22.0,23.9,98400,1e-7,2.00,4.00,5.00,0.0249,0
2023-05-30 20:34:52,1685493292,21.7,24.2,98400,2.00,2.00,3.00,4.00,0.0187,0
2023-05-30 20:39:52,1685493592,21.4,24.2,98400,1.00,3.00,6.00,7.00,0.0102,0
2023-05-30 20:44:50,1685493891,21.1,24.5,98400,1e-7,2.00,3.00,3.00,0.0118,0
2023-05-30 20:49:49,1685494190,20.9,24.6,98400,1.00,2.00,4.00,4.00,0.0122,0
2023-05-30 20:54:49,1685494489,20.7,24.8,98400,1.00,2.00,4.00,4.00,0.00995,0
2023-05-30 20:59:49,1685494789,20.4,24.8,98400,1.00,4.00,7.00,9.00,0.0133,0
2023-05-30 21:04:48,1685495088,20.2,25.2,98440,1.00,2.00,3.00,3.00,0.0143,0
2023-05-30 21:09:47,1685495387,19.9,25.4,98500,1.00,5.00,9.00,10.0,0.0201,0
2023-05-30 21:14:46,1685495686,19.7,25.5,98500,2.00,3.00,6.00,7.00,0.0136,0
2023-05-30 21:19:46,1685495986,19.5,25.7,98500,1.00,3.00,4.00,4.00,0.0133,0
2023-05-30 21:24:45,1685496286,19.4,25.9,98500,1e-7,2.00,4.00,5.00,0.0127,0
2023-05-30 21:29:45,1685496585,19.2,25.8,98500,1e-7,2.00,4.00,4.00,0.0114,0
2023-05-30 21:34:44,1685496884,19.1,26.0,98500,1e-7,4.00,7.00,9.00,0.0138,0
2023-05-30 21:39:43,1685497184,18.9,26.0,98500,1.00,2.00,3.00,4.00,0.0141,0
2023-05-30 21:44:43,1685497483,18.8,26.2,98500,1e-7,2.00,3.00,4.00,0.0141,0
2023-05-30 21:49:52,1685497792,18.7,26.3,98500,1.00,7.00,11.0,13.0,0.0207,0
2023-05-30 21:54:51,1685498092,18.6,26.4,98500,1.00,1.00,3.00,3.00,0.0250,0
2023-05-30 21:59:51,1685498391,18.5,26.5,98500,1e-7,1e-7,1.00,1.00,0.0298,0
2023-05-30 22:04:51,1685498692,18.4,26.9,98500,1.00,2.00,4.00,5.00,0.0103,0
2023-05-30 22:09:51,1685498992,18.3,27.1,98500,1e-7,2.00,4.00,5.00,0.0111,0
2023-05-30 22:14:51,1685499291,18.2,27.2,98500,1.00,2.00,4.00,5.00,0.0109,0
2023-05-30 22:19:59,1685499600,18.1,27.3,98500,2.00,3.00,4.00,4.00,0.0106,0
2023-05-30 22:24:59,1685499899,18.1,27.3,98500,1.00,4.00,7.00,9.00,0.0174,0
2023-05-30 22:29:59,1685500199,18.0,27.7,98500,1.00,2.00,4.00,4.00,0.0137,0
2023-05-30 22:34:58,1685500499,17.9,27.8,98500,1.00,5.00,8.00,9.00,0.0151,0
2023-05-30 22:39:58,1685500799,17.9,27.7,98500,2.00,4.00,7.00,8.00,0.0284,0
2023-05-30 22:44:59,1685501100,17.8,27.9,98500,1.00,3.00,5.00,6.00,0.0332,0
2023-05-30 22:49:59,1685501400,17.7,28.1,98500,2.00,4.00,5.00,5.00,0.0252,0
2023-05-30 22:54:48,1685501688,17.6,28.0,98500,1.00,4.00,7.00,8.00,0.0158,0
2023-05-30 22:59:48,1685501988,17.5,28.4,98500,1e-7,4.00,8.00,9.00,0.0182,0
2023-05-30 23:04:49,1685502289,17.5,28.7,98500,2.00,2.00,4.00,4.00,0.0259,0
2023-05-30 23:09:49,1685502589,17.4,28.6,98500,1.00,4.00,7.00,9.00,0.0163,0
2023-05-30 23:14:49,1685502889,17.3,29.1,98500,1.00,2.00,3.00,3.00,0.0163,0
2023-05-30 23:19:49,1685503189,17.3,29.2,98500,1.00,4.00,7.00,9.00,0.0143,0
2023-05-30 23:24:49,1685503489,17.2,29.4,98500,1.00,2.00,3.00,3.00,0.0140,0
2023-05-30 23:29:49,1685503789,17.1,29.3,98500,1e-7,1e-7,1e-7,1e-7,0.0153,0
2023-05-30 23:34:49,1685504089,17.1,29.5,98500,1.00,5.00,8.00,9.00,0.0130,0
2023-05-30 23:39:49,1685504389,17.0,29.7,98500,1.00,4.00,7.00,9.00,0.0323,0
2023-05-30 23:44:49,1685504689,16.9,29.8,98500,2.00,2.00,4.00,5.00,0.0142,0
2023-05-30 23:49:57,1685504998,16.8,30.0,98500,1.00,4.00,6.00,7.00,0.0160,0
2023-05-30 23:54:57,1685505298,16.7,30.0,98500,1.00,3.00,6.00,7.00,0.0125,0
2023-05-30 23:59:46,1685505587,16.7,30.3,98500,2.00,3.00,6.00,7.00,0.0133,0
2023-05-31 00:04:46,1685505887,16.7,30.1,98500,1e-7,2.00,4.00,5.00,0.0133,0
2023-05-31 00:09:46,1685506187,16.8,30.0,98500,1.00,2.00,4.00,5.00,0.0176,0
2023-05-31 00:14:46,1685506487,16.8,29.9,98500,1.00,2.00,4.00,5.00,0.0151,0
2023-05-31 00:19:46,1685506787,16.8,30.1,98500,1.00,3.00,6.00,7.00,0.0118,0
2023-05-31 00:24:46,1685507087,16.8,30.4,98500,1.00,2.00,3.00,3.00,0.0133,0
2023-05-31 00:29:46,1685507387,16.7,30.3,98500,1.00,2.00,4.00,5.00,0.0134,0
2023-05-31 00:34:46,1685507687,16.7,30.5,98500,1e-7,2.00,4.00,5.00,0.0127,0
2023-05-31 00:39:46,1685507987,16.7,31.0,98500,1.00,2.00,4.00,5.00,0.0103,0
2023-05-31 00:44:46,1685508287,16.6,31.2,98500,1.00,2.00,3.00,4.00,0.0103,0
2023-05-31 00:49:46,1685508587,16.6,31.4,98500,1.00,3.00,4.00,4.00,0.0113,0
2023-05-31 00:54:46,1685508887,16.5,31.4,98500,1e-7,2.00,3.00,3.00,0.0101,0
2023-05-31 00:59:46,1685509187,16.4,31.6,98500,1.00,2.00,4.00,5.00,0.0100,0
2023-05-31 01:04:55,1685509496,16.3,31.6,98500,1e-7,2.00,4.00,5.00,0.0105,0
2023-05-31 01:09:55,1685509796,16.3,31.9,98500,1.00,2.00,4.00,4.00,0.0102,0
2023-05-31 01:14:55,1685510096,16.2,32.1,98500,3.00,6.00,8.00,9.00,0.0243,0
2023-05-31 01:19:55,1685510396,16.2,32.4,98500,1.00,5.00,8.00,10.0,0.0362,0
2023-05-31 01:24:55,1685510696,16.1,32.3,98500,1.00,4.00,6.00,7.00,0.0353,0
2023-05-31 01:29:56,1685510997,16.0,32.9,98500,1.00,4.00,7.00,9.00,0.0262,0
2023-05-31 01:34:57,1685511297,16.0,33.0,98500,1.00,2.00,4.00,5.00,0.0267,0
2023-05-31 01:39:58,1685511599,16.0,33.1,98500,1.00,4.00,7.00,8.00,0.0255,0
2023-05-31 01:44:58,1685511898,15.9,33.4,98500,1.00,2.00,4.00,4.00,0.0112,0
2023-05-31 01:49:58,1685512199,15.9,33.8,98500,1e-7,2.00,3.00,4.00,0.0137,0
2023-05-31 01:54:59,1685512499,15.8,33.7,98500,1.00,4.00,6.00,7.00,0.0130,0
2023-05-31 01:59:39,1685512779,15.8,33.8,98500,1.00,2.00,3.00,3.00,0.0137,0
2023-05-31 02:04:40,1685513080,15.7,34.2,98500,1e-7,1.00,3.00,3.00,0.0129,0
2023-05-31 02:09:42,1685513382,15.6,34.3,98500,2.00,3.00,4.00,5.00,0.0126,0
2023-05-31 02:14:42,1685513682,15.6,34.3,98500,2.00,9.00,14.0,17.0,0.0271,0
2023-05-31 02:19:42,1685513983,15.5,34.4,98500,1.00,4.00,6.00,8.00,0.0246,0
2023-05-31 02:24:43,1685514283,15.5,34.6,98500,1.00,3.00,5.00,6.00,0.0173,0
2023-05-31 02:29:43,1685514583,15.5,34.8,98500,2.00,2.00,4.00,5.00,0.0173,0
2023-05-31 02:34:44,1685514885,15.4,34.5,98500,2.00,3.00,4.00,4.00,0.00996,0
2023-05-31 02:39:45,1685515185,15.4,34.6,98500,1.00,2.00,4.00,5.00,0.0122,0
2023-05-31 02:44:45,1685515485,15.4,34.7,98500,1.00,2.00,4.00,5.00,0.0107,0
2023-05-31 02:49:46,1685515786,15.4,35.3,98500,1.00,3.00,6.00,7.00,0.0108,0
2023-05-31 02:54:46,1685516087,15.4,35.3,98500,1.00,4.00,6.00,7.00,0.00962,0
2023-05-31 02:59:47,1685516387,15.3,35.4,98500,2.00,5.00,7.00,8.00,0.0250,0
2023-05-31 03:04:47,1685516688,15.3,35.7,98500,1e-7,2.00,4.00,5.00,0.0250,0
2023-05-31 03:09:48,1685516988,15.3,35.8,98500,2.00,2.00,3.00,4.00,0.0213,0
2023-05-31 03:14:49,1685517289,15.3,35.7,98500,1.00,2.00,4.00,4.00,0.0191,0
2023-05-31 03:19:50,1685517591,15.3,36.0,98500,1.00,7.00,12.0,14.0,0.0166,0
2023-05-31 03:24:51,1685517891,15.2,36.0,98500,1.00,3.00,6.00,7.00,0.0277,0
2023-05-31 03:29:52,1685518192,15.2,36.2,98500,1.00,4.00,7.00,9.00,0.0269,0
2023-05-31 03:34:53,1685518493,15.1,36.3,98500,1e-7,2.00,3.00,3.00,0.0143,0
2023-05-31 03:39:53,1685518793,15.0,36.5,98500,1.00,4.00,7.00,8.00,0.0197,0
2023-05-31 03:44:53,1685519094,14.9,36.4,98500,1.00,3.00,6.00,7.00,0.0194,0
2023-05-31 03:49:54,1685519394,14.8,36.6,98500,1.00,4.00,7.00,9.00,0.0212,0
2023-05-31 03:54:54,1685519695,14.8,37.0,98500,1.00,4.00,8.00,9.00,0.0179,0
2023-05-31 03:59:55,1685519995,14.7,37.4,98500,1.00,2.00,4.00,4.00,0.0394,0
2023-05-31 04:04:55,1685520296,14.7,38.1,98500,1.00,2.00,3.00,3.00,0.0333,0
2023-05-31 04:09:56,1685520596,14.7,39.6,98500,1.00,3.00,5.00,7.00,0.0143,0
2023-05-31 04:14:56,1685520897,14.8,39.9,98500,1.00,3.00,6.00,7.00,0.0169,0
2023-05-31 04:19:57,1685521197,14.9,39.2,98500,2.00,4.00,6.00,7.00,0.0107,0
2023-05-31 04:24:57,1685521498,15.0,38.7,98500,1e-7,2.00,3.00,3.00,0.00997,0
2023-05-31 04:29:59,1685521799,15.1,38.4,98500,1.00,1.00,3.00,3.00,0.0161,0
2023-05-31 04:34:59,1685522100,15.1,38.4,98520,1.00,4.00,6.00,7.00,0.0148,0
2023-05-31 04:39:40,1685522380,15.0,38.6,98600,1.00,4.00,7.00,9.00,0.0217,0
2023-05-31 04:44:40,1685522681,15.0,38.5,98600,1.00,4.00,7.00,9.00,0.0124,0
2023-05-31 04:49:41,1685522981,14.9,38.2,98600,1.00,2.00,3.00,4.00,0.0145,0
2023-05-31 04:54:41,1685523282,14.8,38.2,98600,1.00,4.00,7.00,9.00,0.0149,0
2023-05-31 04:59:42,1685523582,14.7,38.2,98600,1.00,2.00,4.00,5.00,0.0142,0
2023-05-31 05:04:43,1685523883,14.7,38.4,98600,1.00,2.00,4.00,5.00,0.0150,0
2023-05-31 05:09:43,1685524184,14.6,38.6,98600,2.00,5.00,9.00,11.0,0.0140,0
2023-05-31 05:14:44,1685524484,14.5,38.6,98600,1.00,2.00,4.00,5.00,0.0204,0
2023-05-31 05:19:45,1685524786,14.4,38.7,98600,2.00,2.00,3.00,3.00,0.0113,0
2023-05-31 05:24:46,1685525087,14.4,38.8,98600,1.00,3.00,6.00,7.00,0.0173,0
2023-05-31 05:28:27,1685525307,14.4,38.9,98600,1e-7,2.00,3.00,3.00,0.0103,0
2023-05-31 11:34:59,1685547299,38.4,16.4,98500,3.00,5.00,7.00,9.00,,
2023-05-31 11:39:52,1685547592,38.4,16.3,98500,2.00,3.00,5.00,6.00,,
2023-05-31 11:44:24,1685547865,38.5,16.1,98500,4.00,5.00,6.00,6.00,,
2023-05-31 12:01:09,1685548870,39.6,15.4,98500,2.00,2.00,2.00,2.00,,
2023-05-31 12:09:56,1685549396,39.5,14.9,98500,1.00,2.00,2.00,3.00,,
2023-05-31 12:12:57,1685549578,39.5,14.4,98500,3.00,4.00,6.00,7.00,,
2023-05-31 12:18:36,1685549917,39.4,13.9,98500,2.00,2.00,3.00,3.00,0.0133,0
2023-05-31 12:29:13,1685550554,39.2,13.8,98500,1.00,4.00,7.00,8.00,0.0133,0
2023-05-31 12:33:07,1685550787,39.4,13.8,98500,1.00,2.00,3.00,3.00,0.00972,0
2023-05-31 12:44:55,1685551495,39.5,13.2,98500,3.00,5.00,6.00,7.00,0.00972,0
2023-05-31 12:49:52,1685551792,39.6,12.9,98500,2.00,3.00,4.00,5.00,0.0110,0
2023-05-31 12:52:08,1685551928,39.6,13.2,98500,4.00,5.00,5.00,6.00,0.0148,0
2023-05-31 12:59:50,1685552390,39.9,13.3,98500,1.00,1.00,2.00,3.00,0.0148,0
2023-05-31 13:19:49,1685553589,40.5,12.8,98400,2.00,2.00,2.00,2.00,0.0148,0
2023-05-31 13:21:54,1685553715,40.6,13.1,98400,4.00,4.00,4.00,4.00,,
2023-05-31 13:34:55,1685554495,40.9,13.1,98400,2.00,2.00,3.00,3.00,,
2023-05-31 13:39:16,1685554757,40.8,13.0,98400,3.00,5.00,7.00,7.00,,
2023-05-31 13:54:57,1685555698,40.8,13.2,98400,3.00,3.00,3.00,4.00,,
2023-05-31 13:57:59,1685555880,40.7,13.1,98400,3.00,3.00,3.00,3.00,,
2023-05-31 14:09:57,1685556597,40.7,13.1,98400,3.00,7.00,10.0,11.0,0.0120,0
2023-05-31 14:13:48,1685556829,40.7,13.3,98400,2.00,3.00,4.00,4.00,0.0120,0
2023-05-31 14:29:48,1685557789,40.0,13.5,98400,4.00,6.00,7.00,8.00,0.0189,0
2023-05-31 14:34:59,1685558100,39.3,13.6,98369,2.00,7.00,11.0,13.0,0.0122,0
2023-05-31 14:39:52,1685558392,38.3,14.1,98347,2.00,3.00,3.00,4.00,0.0197,0
2023-05-31 14:44:44,1685558685,37.5,14.6,98300,2.00,3.00,5.00,5.00,0.0298,0
2023-05-31 14:49:56,1685558997,36.8,15.2,98325,4.00,4.00,5.00,6.00,0.0162,0
2023-05-31 14:54:50,1685559290,36.3,15.6,98313,5.00,6.00,8.00,9.00,0.0109,0
2023-05-31 14:59:43,1685559584,35.9,15.8,98300,2.00,2.00,3.00,3.00,0.0129,0
2023-05-31 15:04:56,1685559897,35.6,15.9,98300,3.00,4.00,4.00,5.00,0.0166,0
2023-05-31 15:09:50,1685560191,35.3,16.3,98300,2.00,4.00,5.00,5.00,0.0116,0
2023-05-31 15:14:44,1685560485,35.1,16.5,98300,4.00,4.00,6.00,6.00,0.0104,0
2023-05-31 15:19:47,1685560787,35.0,16.6,98300,2.00,5.00,8.00,10.0,0.0165,0
2023-05-31 15:24:41,1685561081,35.0,17.0,98300,3.00,4.00,6.00,7.00,0.0151,0
2023-05-31 15:29:54,1685561395,34.9,16.8,98300,3.00,4.00,5.00,5.00,0.0122,0
2023-05-31 15:34:48,1685561689,34.8,17.0,98300,3.00,4.00,5.00,6.00,0.0111,0
2023-05-31 15:39:43,1685561983,34.8,17.0,98300,4.00,4.00,6.00,6.00,0.0124,0
2023-05-31 15:44:57,1685562297,34.7,17.3,98300,4.00,7.00,10.0,11.0,0.0118,0
2023-05-31 15:49:51,1685562591,34.6,17.3,98300,2.00,3.00,4.00,5.00,0.0200,0
2023-05-31 15:54:45,1685562886,34.5,17.2,98300,1.00,3.00,4.00,5.00,0.0268,0
2023-05-31 15:59:59,1685563200,34.5,17.2,98300,4.00,4.00,5.00,7.00,0.0157,0
2023-05-31 16:04:53,1685563494,34.5,17.3,98300,3.00,4.00,4.00,4.00,0.0134,0
2023-05-31 16:09:49,1685563789,34.4,17.4,98300,3.00,4.00,4.00,4.00,0.0116,0
2023-05-31 16:14:43,1685564083,34.4,17.6,98300,1.00,4.00,6.00,6.00,0.0122,0
2023-05-31 16:19:57,1685564397,34.3,17.8,98300,3.00,4.00,5.00,5.00,0.00997,0
2023-05-31 16:24:52,1685564692,34.3,17.7,98300,3.00,4.00,4.00,4.00,0.0101,0
2023-05-31 16:29:46,1685564987,34.3,17.8,98300,2.00,3.00,4.00,5.00,0.0105,0
2023-05-31 16:34:40,1685565281,34.4,17.8,98300,4.00,8.00,12.0,14.0,0.0183,0
2023-05-31 16:39:54,1685565595,34.3,17.7,98300,3.00,5.00,6.00,7.00,0.0200,0
2023-05-31 16:44:51,1685565891,34.3,17.6,98300,2.00,5.00,8.00,10.0,0.0239,0
2023-05-31 16:49:45,1685566186,34.2,17.7,98300,4.00,4.00,4.00,5.00,0.0251,0
2023-05-31 16:54:59,1685566499,34.1,17.6,98300,2.00,4.00,5.00,6.00,0.0251,0
2023-05-31 16:59:53,1685566794,34.2,17.8,98300,3.00,4.00,4.00,4.00,0.0132,0
2023-05-31 17:04:48,1685567088,34.1,17.8,98300,3.00,4.00,6.00,7.00,0.0152,0
2023-05-31 17:09:42,1685567383,34.0,17.8,98233,2.00,3.00,4.00,4.00,0.0159,0
2023-05-31 17:14:56,1685567697,33.9,18.0,98288,2.00,3.00,5.00,6.00,0.0148,0
2023-05-31 17:19:51,1685567991,33.8,18.1,98273,2.00,3.00,4.00,5.00,0.0112,0
2023-05-31 17:24:45,1685568286,33.8,18.3,98240,2.00,6.00,9.00,10.0,0.0113,0
2023-05-31 17:29:40,1685568580,33.7,18.2,98200,4.00,4.00,7.00,9.00,0.0249,0
2023-05-31 17:34:54,1685568895,33.6,18.3,98200,3.00,5.00,7.00,8.00,0.0249,0
2023-05-31 17:38:50,1685569130,33.6,18.4,98200,2.00,3.00,5.00,6.00,0.0187,0
2023-05-31 17:42:25,1685569345,33.5,18.5,98200,3.00,6.00,10.0,12.0,0.0155,0
2023-05-31 17:49:43,1685569784,33.5,18.7,98200,3.00,3.00,5.00,6.00,0.0255,0
2023-05-31 17:51:02,1685569862,33.4,18.6,98200,2.00,3.00,4.00,5.00,0.0255,0
2023-05-31 17:56:21,1685570181,33.3,18.6,98200,2.00,2.00,2.00,2.00,0.0200,0
2023-05-31 18:09:37,1685570977,33.1,18.9,98200,2.00,3.00,4.00,4.00,0.0189,0
2023-05-31 18:10:35,1685571035,33.1,19.0,98200,1e-7,1.00,1.00,2.00,0.0237,0
2023-05-31 18:26:55,1685572016,32.8,19.5,98300,1.00,1.00,2.00,2.00,0.0237,0
2023-05-31 18:34:00,1685572441,32.6,19.7,98300,2.00,3.00,4.00,5.00,0.0227,0
2023-05-31 18:39:45,1685572786,32.3,20.3,98300,1.00,1.00,2.00,2.00,0.0117,0
2023-05-31 18:42:41,1685572961,32.2,20.3,98300,1.00,3.00,6.00,7.00,0.0100,0
2023-05-31 18:49:58,1685573398,31.9,20.7,98300,1.00,3.00,4.00,5.00,0.0108,0
2023-05-31 18:54:46,1685573686,31.7,20.8,98300,1.00,3.00,6.00,7.00,0.0110,0
2023-05-31 18:59:59,1685574000,31.4,21.2,98300,1.00,4.00,6.00,7.00,0.0111,0
2023-05-31 19:03:16,1685574197,31.1,21.6,98300,1.00,2.00,3.00,3.00,0.0124,0
2023-05-31 19:19:43,1685575184,30.3,22.3,98300,1.00,3.00,6.00,7.00,0.0147,0
2023-05-31 19:24:43,1685575483,30.0,22.9,98300,1.00,4.00,6.00,7.00,0.0150,0
2023-05-31 19:29:46,1685575786,29.9,23.0,98300,1e-7,2.00,4.00,4.00,0.0150,0
2023-05-31 19:34:41,1685576082,29.7,23.3,98300,1.00,2.00,4.00,5.00,0.0161,0
2023-05-31 19:38:18,1685576298,29.5,23.6,98300,1.00,2.00,3.00,4.00,0.0161,0
2023-05-31 19:44:41,1685576682,29.3,23.9,98300,1e-7,2.00,3.00,3.00,0.0126,0
2023-05-31 19:49:42,1685576983,29.1,24.3,98300,1e-7,1.00,1.00,1.00,0.0157,0
2023-05-31 19:50:22,1685577022,29.1,24.3,98300,1e-7,1.00,3.00,3.00,0.0157,0
2023-05-31 19:59:42,1685577583,29.0,24.0,98300,1.00,4.00,7.00,9.00,0.0126,0
2023-05-31 20:00:02,1685577602,29.0,24.1,98300,1e-7,1e-7,1e-7,1e-7,0.0103,0
2023-05-31 20:14:48,1685578488,29.0,23.7,98300,3.00,5.00,7.00,9.00,0.0172,0
2023-05-31 20:19:44,1685578784,29.1,23.3,98300,1.00,2.00,4.00,5.00,0.0306,0
2023-05-31 20:24:40,1685579081,29.2,23.1,98300,1.00,3.00,6.00,7.00,0.0198,0
2023-05-31 20:29:56,1685579396,29.4,22.8,98300,1.00,2.00,4.00,4.00,0.0112,0
2023-05-31 20:34:52,1685579693,29.5,22.5,98300,2.00,4.00,6.00,7.00,0.0142,0
2023-05-31 20:39:49,1685579990,29.6,22.3,98300,2.00,4.00,6.00,7.00,0.0156,0
2023-05-31 20:44:45,1685580286,29.7,22.0,98300,3.00,3.00,4.00,4.00,0.0156,0
2023-05-31 20:49:41,1685580582,29.7,22.1,98300,2.00,2.00,4.00,4.00,0.00978,0
2023-05-31 20:54:58,1685580898,29.8,22.0,98300,5.00,5.00,5.00,5.00,0.0105,0
2023-05-31 20:59:54,1685581194,29.7,22.2,98300,2.00,2.00,3.00,4.00,0.0125,0
2023-05-31 21:04:50,1685581490,29.6,22.6,98300,1.00,2.00,4.00,5.00,0.0126,0
2023-05-31 21:09:46,1685581787,29.3,23.3,98300,1.00,3.00,5.00,6.00,0.0132,0
2023-05-31 21:14:42,1685582083,28.9,23.7,98300,1.00,2.00,3.00,4.00,0.0132,0
2023-05-31 21:19:59,1685582399,28.5,24.6,98319,3.00,5.00,9.00,10.0,0.0129,0
2023-05-31 21:24:55,1685582696,28.1,24.9,98367,1.00,2.00,4.00,5.00,0.0159,0
2023-05-31 21:29:52,1685582993,27.8,25.4,98387,2.00,3.00,4.00,5.00,0.0161,0
2023-05-31 21:34:49,1685583289,27.5,25.6,98400,1.00,5.00,8.00,10.0,0.0231,0
2023-05-31 21:39:46,1685583586,27.2,25.6,98400,4.00,4.00,5.00,5.00,0.0200,0
2023-05-31 21:44:43,1685583884,27.0,26.3,98400,2.00,2.00,4.00,4.00,0.0193,0
2023-05-31 21:49:41,1685584181,26.7,26.7,98400,6.00,7.00,8.00,8.00,0.0148,0
2023-05-31 21:54:57,1685584498,26.4,27.1,98400,2.00,4.00,5.00,6.00,0.0192,0
2023-05-31 21:59:55,1685584796,26.1,27.5,98400,2.00,3.00,4.00,5.00,0.0181,0
2023-05-31 22:04:53,1685585093,25.9,27.7,98400,1.00,3.00,5.00,6.00,0.0165,0
2023-05-31 22:09:49,1685585390,25.7,28.0,98400,2.00,7.00,11.0,13.0,0.0118,0
2023-05-31 22:14:47,1685585687,25.5,28.0,98400,1.00,3.00,5.00,6.00,0.0163,0
2023-05-31 22:19:46,1685585986,25.3,28.3,98400,3.00,4.00,7.00,9.00,0.0207,0
2023-05-31 22:24:43,1685586283,25.1,28.5,98400,1.00,3.00,3.00,4.00,0.0173,0
2023-05-31 22:29:40,1685586581,24.9,28.7,98400,1.00,5.00,8.00,10.0,0.0173,0
2023-05-31 22:34:58,1685586898,24.7,28.7,98400,1.00,2.00,4.00,5.00,0.0174,0
2023-05-31 22:39:56,1685587196,24.5,29.1,98400,1.00,3.00,6.00,7.00,0.0142,0
2023-05-31 22:44:53,1685587494,24.3,29.4,98400,1.00,2.00,4.00,4.00,0.0119,0
2023-05-31 22:49:51,1685587792,24.1,29.7,98400,2.00,2.00,3.00,4.00,0.0133,0
2023-05-31 22:54:49,1685588089,24.0,30.2,98400,1.00,3.00,3.00,4.00,0.0112,0
2023-05-31 22:59:47,1685588387,23.8,30.3,98400,2.00,3.00,5.00,7.00,0.0130,0
2023-05-31 23:04:45,1685588685,23.6,30.8,98400,2.00,4.00,6.00,7.00,0.0142,0
2023-05-31 23:09:43,1685588984,23.5,31.0,98400,3.00,4.00,5.00,6.00,0.0148,0
2023-05-31 23:14:41,1685589282,23.3,31.2,98400,3.00,4.00,6.00,6.00,0.0124,0
2023-05-31 23:19:59,1685589600,23.2,31.4,98400,2.00,4.00,5.00,5.00,0.0156,0
2023-05-31 23:24:57,1685589898,23.1,31.7,98400,5.00,7.00,9.00,9.00,0.0156,0
2023-05-31 23:29:56,1685590196,23.0,32.3,98400,1.00,2.00,3.00,4.00,0.0152,0
2023-05-31 23:34:55,1685590495,23.0,32.1,98400,2.00,4.00,6.00,7.00,0.0123,0
2023-05-31 23:39:53,1685590794,22.9,32.7,98400,2.00,3.00,4.00,5.00,0.0150,0
2023-05-31 23:44:52,1685591092,23.0,32.3,98400,6.00,7.00,9.00,11.0,0.0214,0
2023-05-31 23:49:50,1685591390,23.1,32.5,98400,3.00,3.00,4.00,4.00,0.0411,0
2023-05-31 23:54:48,1685591688,23.2,32.5,98400,3.00,6.00,9.00,11.0,0.0179,0
2023-05-31 23:59:46,1685591987,23.2,32.9,98400,3.00,5.00,7.00,7.00,0.0110,0
2023-06-01 00:04:44,1685592285,23.1,33.0,98400,3.00,5.00,7.00,8.00,0.0147,0
2023-06-01 00:09:43,1685592583,22.9,33.0,98400,1.00,2.00,4.00,5.00,0.0202,0
2023-06-01 00:14:41,1685592881,22.8,33.2,98400,1.00,4.00,6.00,7.00,0.0202,0
2023-06-01 00:19:59,1685593200,22.7,33.1,98400,2.00,7.00,11.0,14.0,0.0138,0
2023-06-01 00:24:59,1685593499,22.6,33.1,98400,2.00,2.00,4.00,4.00,0.0209,0
2023-06-01 00:29:59,1685593799,22.4,33.1,98400,2.00,2.00,3.00,4.00,0.0299,0
2023-06-01 00:34:57,1685594098,22.3,33.1,98400,1.00,4.00,8.00,9.00,0.0312,0
2023-06-01 00:39:56,1685594396,22.2,33.3,98400,2.00,2.00,3.00,4.00,0.0211,0
2023-06-01 00:44:54,1685594695,22.0,33.2,98400,1.00,4.00,6.00,7.00,0.0221,0
2023-06-01 00:49:53,1685594993,21.9,33.4,98400,1.00,4.00,8.00,9.00,0.0258,0
2023-06-01 00:54:51,1685595292,21.8,33.6,98400,1.00,3.00,5.00,6.00,0.0258,0
2023-06-01 00:59:50,1685595590,21.7,33.6,98400,1.00,2.00,3.00,3.00,0.0192,0
2023-06-01 01:04:48,1685595889,21.5,33.8,98400,3.00,5.00,7.00,8.00,0.0224,0
2023-06-01 01:09:47,1685596188,21.4,34.1,98400,3.00,5.00,7.00,8.00,0.0282,0
2023-06-01 01:14:46,1685596486,21.3,34.3,98400,1.00,4.00,6.00,7.00,0.0130,0
2023-06-01 01:19:46,1685596787,21.2,34.6,98400,1.00,3.00,5.00,7.00,0.0253,0
2023-06-01 01:24:46,1685597086,21.0,34.9,98400,2.00,3.00,4.00,5.00,0.0253,0
2023-06-01 01:29:44,1685597385,20.9,35.1,98400,1.00,3.00,5.00,5.00,0.0105,0
2023-06-01 01:34:43,1685597684,20.8,35.1,98400,1.00,3.00,6.00,7.00,0.0115,0
2023-06-01 01:39:42,1685597983,20.7,35.3,98400,2.00,6.00,11.0,13.0,0.0175,0
2023-06-01 01:44:41,1685598282,20.6,35.2,98400,1.00,3.00,5.00,6.00,0.0286,0
2023-06-01 01:49:40,1685598580,20.5,35.2,98400,1.00,3.00,4.00,5.00,0.0300,0
2023-06-01 01:54:59,1685598900,20.4,35.5,98400,1.00,4.00,6.00,8.00,0.0311,0
2023-06-01 01:59:59,1685599200,20.3,35.4,98400,1.00,4.00,6.00,7.00,0.0120,0
2023-06-01 02:04:58,1685599499,20.3,35.4,98400,1.00,2.00,4.00,5.00,0.0127,0
2023-06-01 02:09:57,1685599798,20.2,35.6,98400,1.00,3.00,5.00,6.00,0.0123,0
2023-06-01 02:14:56,1685600097,20.1,35.8,98400,1.00,2.00,4.00,5.00,0.0149,0
2023-06-01 02:19:55,1685600396,20.1,35.8,98400,1.00,3.00,4.00,5.00,0.0116,0
2023-06-01 02:24:43,1685600684,20.0,36.0,98400,1.00,3.00,5.00,5.00,0.0120,0
2023-06-01 02:29:43,1685600983,20.0,36.1,98400,3.00,6.00,9.00,10.0,0.0398,0
2023-06-01 02:34:42,1685601282,19.9,36.4,98400,1.00,4.00,6.00,7.00,0.0480,0
2023-06-01 02:39:41,1685601581,19.9,36.6,98400,1.00,6.00,10.0,12.0,0.0222,0
2023-06-01 02:44:40,1685601881,19.8,37.0,98400,2.00,4.00,6.00,7.00,0.0152,0
2023-06-01 02:49:59,1685602200,19.7,37.3,98400,1.00,2.00,4.00,4.00,0.00827,0
2023-06-01 02:54:59,1685602499,19.6,37.2,98400,1.00,2.00,4.00,4.00,0.0187,0
2023-06-01 02:59:58,1685602799,19.6,37.1,98400,1.00,2.00,3.00,4.00,0.0162,0
2023-06-01 03:04:58,1685603098,19.5,37.1,98400,2.00,5.00,7.00,8.00,0.00995,0
2023-06-01 03:09:58,1685603399,19.5,37.2,98400,1.00,4.00,7.00,9.00,0.0283,0
2023-06-01 03:14:58,1685603698,19.4,37.3,98400,2.00,2.00,4.00,4.00,0.0283,0
2023-06-01 03:19:57,1685603998,19.4,37.6,98400,2.00,2.00,3.00,4.00,0.0134,0
2023-06-01 03:24:57,1685604297,19.4,37.7,98400,2.00,5.00,7.00,8.00,0.0134,0
2023-06-01 03:29:57,1685604597,19.4,38.0,98400,3.00,3.00,6.00,7.00,0.0129,0
2023-06-01 03:34:56,1685604897,19.4,38.0,98400,2.00,4.00,7.00,9.00,0.0213,0
2023-06-01 03:39:56,1685605196,19.4,38.0,98400,3.00,5.00,7.00,8.00,0.0213,0
2023-06-01 03:44:44,1685605484,19.4,38.0,98400,1.00,2.00,4.00,5.00,0.0198,0
2023-06-01 03:49:43,1685605784,19.4,38.0,98400,2.00,4.00,6.00,7.00,0.0282,0
2023-06-01 03:54:43,1685606083,19.3,38.0,98400,2.00,5.00,7.00,8.00,0.0132,0
2023-06-01 03:59:42,1685606383,19.3,38.1,98400,1.00,4.00,6.00,7.00,0.0196,0
2023-06-01 04:04:43,1685606683,19.2,38.1,98400,1.00,3.00,5.00,6.00,0.0196,0
2023-06-01 04:09:41,1685606982,19.2,38.4,98400,1.00,3.00,6.00,7.00,0.0134,0
2023-06-01 04:14:41,1685607281,19.1,38.6,98400,2.00,3.00,4.00,5.00,0.0128,0
2023-06-01 04:19:41,1685607581,19.0,38.6,98400,2.00,4.00,6.00,8.00,0.0122,0
2023-06-01 04:24:41,1685607881,19.0,38.7,98400,2.00,5.00,7.00,8.00,0.0242,0
2023-06-01 04:29:41,1685608181,18.9,38.7,98400,1.00,4.00,7.00,9.00,0.0242,0
2023-06-01 04:34:40,1685608480,18.8,39.0,98400,1.00,4.00,6.00,7.00,0.0159,0
2023-06-01 04:39:40,1685608781,18.7,39.1,98400,1.00,2.00,4.00,5.00,0.0119,0
2023-06-01 04:44:40,1685609080,18.7,39.3,98400,1.00,2.00,3.00,4.00,0.0204,0
2023-06-01 04:49:59,1685609400,18.6,39.3,98400,1.00,4.00,7.00,9.00,0.0121,0
2023-06-01 04:54:59,1685609699,18.6,39.4,98400,1.00,3.00,4.00,5.00,0.0164,0
2023-06-01 04:59:40,1685609980,18.5,39.5,98400,2.00,2.00,3.00,3.00,0.0163,0
2023-06-01 05:04:59,1685610300,18.5,39.5,98400,1.00,4.00,6.00,7.00,0.0191,0
2023-06-01 05:09:59,1685610599,18.4,39.6,98400,1.00,4.00,7.00,9.00,0.0172,0
2023-06-01 05:14:59,1685610899,18.4,39.9,98400,1.00,2.00,3.00,4.00,0.0121,0
2023-06-01 05:19:59,1685611200,18.3,40.0,98400,1.00,2.00,4.00,5.00,0.0109,0
2023-06-01 05:24:59,1685611499,18.3,40.2,98400,1.00,4.00,6.00,7.00,0.0121,0
2023-06-01 05:29:19,1685611759,18.3,40.2,98400,1.00,3.00,5.00,6.00,0.0113,0
2023-06-01 11:14:44,1685632484,42.3,17.5,98300,2.00,2.00,2.00,2.00,,
2023-06-01 11:19:44,1685632784,41.8,17.4,98300,1.00,3.00,4.00,5.00,,
2023-06-01 11:24:55,1685633095,40.6,18.0,98300,1.00,2.00,4.00,4.00,,
2023-06-01 11:29:47,1685633387,39.7,18.6,98300,3.00,4.00,7.00,8.00,0.0113,0
2023-06-01 11:31:05,1685633465,39.2,19.2,98300,2.00,3.00,4.00,5.00,0.0113,0
2023-06-01 12:03:18,1685635398,42.3,17.4,98300,2.00,3.00,4.00,4.00,,
2023-06-01 12:09:46,1685635787,42.4,17.2,98286,1.00,2.00,3.00,3.00,,
2023-06-01 12:13:55,1685636035,42.0,17.2,98260,1.00,1.00,2.00,2.00,,
2023-06-01 12:19:39,1685636379,40.7,18.3,98300,1e-7,1.00,2.00,2.00,,
2023-06-01 12:20:53,1685636453,40.6,18.5,98200,1.00,2.00,3.00,4.00,,
2023-06-01 12:49:53,1685638194,41.1,15.3,98200,3.00,4.00,4.00,4.00,,
2023-06-01 12:54:45,1685638485,41.5,14.6,98200,2.00,4.00,6.00,7.00,0.0111,0
2023-06-01 13:09:40,1685639381,40.5,14.7,98200,3.00,4.00,5.00,5.00,0.0122,0
2023-06-01 13:11:37,1685639497,40.8,14.9,98200,5.00,6.00,7.00,8.00,0.0106,0
2023-06-01 13:39:49,1685641189,44.5,11.7,98100,3.00,4.00,5.00,6.00,,
2023-06-01 13:44:59,1685641499,44.8,11.5,98100,3.00,6.00,8.00,9.00,,
2023-06-01 13:54:44,1685642085,45.5,11.0,98100,2.00,4.00,5.00,6.00,,
2023-06-01 13:59:54,1685642394,45.4,10.8,98100,3.00,3.00,4.00,5.00,0.0130,0
2023-06-01 14:01:50,1685642510,45.2,11.3,98100,2.00,2.00,3.00,3.00,0.00984,0
2023-06-01 14:29:59,1685644199,45.0,10.7,98100,1.00,2.00,3.00,4.00,,
2023-06-01 14:31:16,1685644277,44.6,10.6,98100,1.00,2.00,4.00,5.00,,
2023-06-01 14:43:45,1685645026,42.6,11.1,98200,2.00,2.00,3.00,3.00,,
2023-06-01 14:49:56,1685645397,41.1,12.0,98200,6.00,13.0,18.0,21.0,,
2023-06-01 14:50:16,1685645416,40.6,12.3,98200,2.00,2.00,2.00,2.00,,
2023-06-01 14:58:53,1685645933,38.6,13.5,98200,3.00,4.00,6.00,6.00,,
2023-06-01 15:04:56,1685646296,37.4,14.4,98200,1.00,2.00,3.00,4.00,,
2023-06-01 15:06:52,1685646413,37.0,14.7,98200,1.00,1.00,1.00,1.00,,
2023-06-01 15:14:45,1685646885,35.9,15.9,98258,2.00,2.00,3.00,4.00,0.0343,1.91
2023-06-01 15:17:09,1685647030,35.6,16.4,98214,1.00,2.00,3.00,3.00,0.0343,1.91
2023-06-01 15:21:32,1685647293,35.0,17.1,98200,1.00,2.00,3.00,3.00,0.0145,1.91
2023-06-01 15:39:46,1685648386,33.9,18.9,98200,2.00,4.00,5.00,6.00,0.0137,1.91
2023-06-01 15:41:04,1685648465,33.8,19.2,98200,1.00,1.00,2.00,2.00,0.0137,1.91
2023-06-01 16:14:52,1685650493,32.7,20.5,98354,1.00,2.00,4.00,4.00,,
2023-06-01 16:19:47,1685650787,32.4,21.1,98373,1.00,3.00,6.00,7.00,,
2023-06-01 16:24:42,1685651082,32.0,21.8,98340,1.00,2.00,3.00,4.00,0.00851,0
2023-06-01 16:29:56,1685651397,31.7,22.2,98331,2.00,2.00,3.00,3.00,0.0103,0
2023-06-01 16:34:51,1685651692,31.4,22.8,98400,1.00,3.00,4.00,4.00,0.00995,0
2023-06-01 16:39:47,1685651988,31.2,23.4,98380,2.00,2.00,4.00,4.00,0.0100,0
2023-06-01 16:44:43,1685652283,31.1,23.2,98393,2.00,5.00,9.00,10.0,0.0154,0
2023-06-01 16:49:58,1685652599,31.0,23.4,98400,1.00,4.00,7.00,9.00,0.0171,0
2023-06-01 16:54:54,1685652894,30.9,23.5,98373,2.00,2.00,4.00,5.00,0.0211,0
2023-06-01 16:59:49,1685653190,30.9,23.8,98387,1.00,2.00,4.00,5.00,0.0149,0
2023-06-01 17:04:45,1685653486,30.8,24.0,98400,1.00,3.00,4.00,4.00,0.0129,0
2023-06-01 17:09:41,1685653781,30.8,23.8,98353,2.00,2.00,4.00,5.00,0.0106,0
2023-06-01 17:14:56,1685654097,30.8,24.4,98300,1.00,2.00,3.00,3.00,0.0106,0
2023-06-01 17:19:52,1685654392,30.9,24.5,98300,1.00,2.00,3.00,4.00,0.0101,0
2023-06-01 17:24:47,1685654688,31.0,24.4,98300,1.00,2.00,3.00,4.00,0.0101,0
2023-06-01 17:29:43,1685654983,31.0,24.0,98300,1.00,2.00,4.00,4.00,0.00995,0
2023-06-01 17:34:58,1685655298,31.0,24.0,98300,1.00,3.00,6.00,7.00,0.0109,0
2023-06-01 17:39:53,1685655594,31.0,24.2,98300,2.00,2.00,4.00,4.00,0.0152,0
2023-06-01 17:44:49,1685655889,31.0,24.6,98300,1.00,4.00,6.00,7.00,0.0148,0
2023-06-01 17:49:45,1685656185,31.0,24.5,98300,1.00,2.00,3.00,4.00,0.00996,0
2023-06-01 17:54:40,1685656481,30.9,24.9,98300,1.00,6.00,10.0,12.0,0.0123,0
2023-06-01 17:59:55,1685656796,30.8,25.1,98300,1.00,3.00,5.00,6.00,0.0163,0
2023-06-01 18:04:51,1685657092,30.6,25.5,98300,1.00,4.00,6.00,7.00,0.0114,0
2023-06-01 18:09:47,1685657387,30.3,25.7,98300,1.00,4.00,6.00,7.00,0.0152,0
2023-06-01 18:14:42,1685657683,30.1,25.6,98300,1.00,2.00,3.00,4.00,0.0152,0
2023-06-01 18:19:59,1685658000,29.8,26.0,98300,1e-7,4.00,7.00,9.00,0.0148,0
2023-06-01 18:24:56,1685658296,29.6,26.3,98300,1.00,4.00,6.00,7.00,0.0111,0
2023-06-01 18:29:52,1685658593,29.4,26.6,98300,1.00,3.00,6.00,7.00,0.0118,0
2023-06-01 18:34:48,1685658889,29.1,26.9,98300,1.00,2.00,3.00,3.00,0.0124,0
2023-06-01 18:39:44,1685659185,28.9,27.1,98300,1.00,2.00,4.00,5.00,0.0157,0
2023-06-01 18:44:41,1685659481,28.7,27.0,98300,2.00,2.00,4.00,4.00,0.0109,0
2023-06-01 18:49:57,1685659797,28.5,27.2,98300,1.00,2.00,3.00,4.00,0.0103,0
2023-06-01 18:54:53,1685660094,28.3,27.3,98300,1.00,2.00,4.00,5.00,0.0103,0
2023-06-01 18:59:50,1685660390,28.1,27.5,98300,1.00,3.00,6.00,7.00,0.0169,0
2023-06-01 19:04:47,1685660687,27.9,27.4,98300,1.00,2.00,4.00,4.00,0.0150,0
2023-06-01 19:09:43,1685660984,27.7,27.6,98300,1e-7,2.00,4.00,5.00,0.0155,0
2023-06-01 19:14:40,1685661280,27.5,27.6,98300,1.00,2.00,4.00,5.00,0.0147,0
2023-06-01 19:19:57,1685661597,27.3,27.6,98300,1.00,2.00,4.00,4.00,0.00995,0
2023-06-01 19:24:54,1685661895,27.2,27.7,98300,1e-7,2.00,4.00,4.00,0.0102,0
2023-06-01 19:29:51,1685662192,26.9,27.8,98300,1.00,2.00,4.00,4.00,0.0101,0
2023-06-01 19:34:48,1685662489,26.7,28.0,98300,1.00,2.00,4.00,5.00,0.0101,0
2023-06-01 19:39:46,1685662787,26.5,28.1,98300,1.00,2.00,4.00,5.00,0.0101,0
2023-06-01 19:44:43,1685663084,26.2,28.0,98300,1.00,2.00,4.00,5.00,0.0103,0
2023-06-01 19:49:40,1685663381,26.1,28.6,98300,1.00,2.00,4.00,5.00,0.0103,0
2023-06-01 19:54:58,1685663698,25.9,29.0,98300,1.00,2.00,3.00,3.00,0.0103,0
2023-06-01 19:59:55,1685663996,25.7,29.1,98300,2.00,3.00,5.00,6.00,0.0115,0
2023-06-01 20:04:53,1685664293,25.6,29.6,98353,3.00,4.00,6.00,6.00,0.0189,0
2023-06-01 20:09:50,1685664590,25.7,30.0,98307,1.00,4.00,7.00,9.00,0.0175,0
2023-06-01 20:14:47,1685664887,25.8,30.1,98400,2.00,4.00,6.00,7.00,0.0105,0
2023-06-01 20:19:44,1685665185,26.0,30.2,98400,1.00,2.00,4.00,5.00,0.0214,0
2023-06-01 20:24:41,1685665482,26.2,29.9,98340,4.00,4.00,4.00,4.00,0.0199,0
2023-06-01 20:29:58,1685665799,26.5,30.0,98325,5.00,6.00,7.00,7.00,0.0135,0
2023-06-01 20:34:55,1685666096,26.7,29.8,98300,4.00,4.00,4.00,4.00,0.0111,0
2023-06-01 20:39:55,1685666395,26.8,30.1,98300,4.00,4.00,4.00,4.00,0.0214,0
2023-06-01 20:44:52,1685666692,26.9,29.6,98300,3.00,4.00,5.00,5.00,0.0166,0
2023-06-01 20:49:49,1685666989,27.0,29.4,98300,4.00,4.00,4.00,5.00,0.0197,0
2023-06-01 20:54:46,1685667286,27.1,29.2,98300,4.00,5.00,8.00,9.00,0.0125,0
2023-06-01 20:59:43,1685667583,27.2,29.0,98300,2.00,2.00,3.00,4.00,0.0135,0
2023-06-01 21:04:59,1685667900,27.2,29.6,98300,2.00,2.00,4.00,5.00,0.0200,0
2023-06-01 21:09:56,1685668197,27.3,29.0,98300,2.00,8.00,13.0,16.0,0.0130,0
2023-06-01 21:14:53,1685668494,27.3,28.7,98300,1.00,2.00,4.00,5.00,0.0233,0
2023-06-01 21:19:50,1685668791,27.3,28.8,98300,2.00,3.00,4.00,5.00,0.0219,0
2023-06-01 21:24:47,1685669088,27.3,28.6,98300,2.00,2.00,3.00,4.00,0.0196,0
2023-06-01 21:29:44,1685669384,27.4,28.6,98300,2.00,3.00,4.00,5.00,0.0107,0
2023-06-01 21:34:42,1685669682,27.3,28.7,98300,3.00,6.00,9.00,10.0,0.0105,0
2023-06-01 21:39:58,1685669999,27.3,28.1,98300,7.00,15.0,21.0,24.0,0.152,0
2023-06-01 21:44:55,1685670296,27.4,28.6,98300,1.00,3.00,6.00,7.00,0.152,0
2023-06-01 21:49:52,1685670592,27.3,29.0,98300,1.00,4.00,8.00,9.00,0.0898,0
2023-06-01 21:54:49,1685670889,27.2,28.7,98300,2.00,3.00,4.00,5.00,0.0399,0
2023-06-01 21:59:46,1685671186,27.1,28.5,98300,1.00,4.00,8.00,9.00,0.0194,0
2023-06-01 22:04:43,1685671483,27.1,28.1,98300,1.00,4.00,7.00,9.00,0.0202,0
2023-06-01 22:09:48,1685671788,27.1,27.8,98300,3.00,5.00,6.00,7.00,0.0200,0
2023-06-01 22:14:45,1685672085,27.1,27.7,98300,1.00,2.00,4.00,4.00,0.0200,0
2023-06-01 22:19:42,1685672382,27.2,27.8,98240,3.00,5.00,7.00,8.00,0.0131,0
2023-06-01 22:24:58,1685672699,27.3,27.7,98206,4.00,4.00,4.00,4.00,0.0145,0
2023-06-01 22:29:55,1685672996,27.4,27.4,98207,2.00,3.00,4.00,5.00,0.0145,0
2023-06-01 22:34:52,1685673293,27.4,27.3,98207,2.00,2.00,3.00,3.00,0.0145,0
2023-06-01 22:39:50,1685673590,27.5,27.3,98200,1.00,2.00,3.00,3.00,0.0108,0
2023-06-01 22:44:47,1685673887,27.5,27.5,98200,2.00,2.00,3.00,4.00,0.0101,0
2023-06-01 22:49:43,1685674184,27.4,27.8,98200,1.00,3.00,6.00,7.00,0.00995,0
2023-06-01 22:54:40,1685674481,27.2,28.1,98200,1e-7,4.00,7.00,9.00,0.0108,0
2023-06-01 22:59:57,1685674798,27.0,28.3,98200,1.00,2.00,3.00,3.00,0.0204,0
2023-06-01 23:04:54,1685675095,26.9,28.4,98233,1.00,2.00,4.00,4.00,0.0164,0
2023-06-01 23:09:51,1685675392,26.8,28.6,98293,1.00,4.00,7.00,8.00,0.0138,0
2023-06-01 23:14:48,1685675689,26.7,28.9,98300,1.00,4.00,6.00,7.00,0.0155,0
2023-06-01 23:19:45,1685675986,26.5,29.5,98300,1.00,2.00,3.00,4.00,0.0155,0
2023-06-01 23:24:42,1685676283,26.5,29.6,98300,1.00,2.00,4.00,4.00,0.0123,0
2023-06-01 23:29:40,1685676580,26.4,29.5,98300,1.00,4.00,6.00,7.00,0.0141,0
2023-06-01 23:34:57,1685676897,26.4,30.0,98300,3.00,3.00,5.00,6.00,0.0124,0
2023-06-01 23:39:54,1685677194,26.5,29.8,98300,1.00,2.00,3.00,3.00,0.0109,0
2023-06-01 23:44:51,1685677492,26.6,29.7,98300,3.00,5.00,7.00,8.00,0.0114,0
2023-06-01 23:49:48,1685677789,26.7,29.3,98300,4.00,5.00,5.00,5.00,0.0194,0
2023-06-01 23:54:46,1685678086,26.7,29.3,98300,2.00,4.00,5.00,6.00,0.0116,0
2023-06-01 23:59:43,1685678383,26.7,29.4,98300,2.00,4.00,6.00,7.00,0.0101,0
2023-06-02 00:04:40,1685678680,26.7,29.2,98240,1.00,4.00,7.00,8.00,0.0141,0
2023-06-02 00:09:59,1685678999,26.6,29.3,98200,2.00,3.00,5.00,6.00,0.0162,0
2023-06-02 00:14:56,1685679296,26.5,29.4,98200,4.00,4.00,6.00,7.00,0.0173,0
2023-06-02 00:19:53,1685679594,26.4,29.6,98200,1.00,2.00,4.00,4.00,0.0143,0
2023-06-02 00:24:50,1685679891,26.3,29.5,98200,1.00,1.00,2.00,2.00,0.0157,0
2023-06-02 00:29:47,1685680188,26.2,29.6,98200,1.00,2.00,4.00,5.00,0.0157,0
2023-06-02 00:34:45,1685680485,26.1,30.3,98200,2.00,3.00,4.00,5.00,0.00987,0
2023-06-02 00:39:42,1685680783,26.0,30.2,98200,2.00,4.00,7.00,8.00,0.0155,0
2023-06-02 00:44:59,1685681100,25.9,30.6,98200,1.00,2.00,3.00,3.00,0.0186,0
2023-06-02 00:49:57,1685681398,25.9,30.9,98200,1.00,4.00,6.00,8.00,0.0172,0
2023-06-02 00:54:54,1685681695,25.9,30.8,98200,3.00,3.00,4.00,5.00,0.0227,0
2023-06-02 00:59:52,1685681992,25.9,30.5,98200,1.00,2.00,4.00,5.00,0.0211,0
2023-06-02 01:04:49,1685682289,25.8,30.5,98200,4.00,4.00,7.00,9.00,0.0164,0
2023-06-02 01:09:46,1685682587,25.8,30.5,98200,1.00,3.00,5.00,6.00,0.0206,0
2023-06-02 01:14:44,1685682884,25.8,30.5,98200,1.00,3.00,6.00,7.00,0.0104,0
2023-06-02 01:19:41,1685683181,25.8,30.4,98200,2.00,4.00,6.00,7.00,0.0129,0
2023-06-02 01:24:58,1685683498,25.8,30.7,98200,2.00,2.00,3.00,4.00,0.0136,0
2023-06-02 01:29:55,1685683796,25.8,30.5,98200,3.00,3.00,4.00,5.00,0.0132,0
2023-06-02 01:34:53,1685684093,25.8,30.5,98200,2.00,4.00,6.00,7.00,0.0136,0
2023-06-02 01:39:50,1685684390,25.8,30.6,98200,2.00,4.00,7.00,8.00,0.0117,0
2023-06-02 01:44:49,1685684690,25.8,30.9,98167,3.00,8.00,13.0,15.0,0.0292,0
2023-06-02 01:49:46,1685684987,25.8,30.8,98107,1.00,5.00,8.00,10.0,0.0298,0
2023-06-02 01:54:44,1685685284,25.8,30.7,98100,1.00,2.00,3.00,3.00,0.0250,0
2023-06-02 01:59:41,1685685582,25.8,30.7,98100,1.00,3.00,6.00,7.00,0.0250,0
2023-06-02 02:04:58,1685685899,25.8,30.6,98100,2.00,3.00,4.00,4.00,0.0210,0
2023-06-02 02:09:56,1685686196,25.8,30.4,98100,2.00,5.00,8.00,9.00,0.0123,0
2023-06-02 02:14:53,1685686494,25.9,30.5,98100,4.00,4.00,6.00,7.00,0.0206,0
2023-06-02 02:19:50,1685686791,25.9,30.3,98100,3.00,4.00,5.00,6.00,0.0154,0
2023-06-02 02:24:48,1685687088,25.9,30.3,98100,3.00,4.00,6.00,7.00,0.0219,0
2023-06-02 02:29:54,1685687395,25.9,30.2,98100,1.00,4.00,6.00,7.00,0.0116,0
2023-06-02 02:34:53,1685687693,25.9,30.2,98100,1.00,2.00,4.00,4.00,0.0116,0
2023-06-02 02:39:50,1685687990,25.9,30.3,98100,2.00,2.00,2.00,2.00,0.0131,0
2023-06-02 02:44:47,1685688288,25.9,30.3,98100,3.00,5.00,8.00,9.00,0.0157,0
2023-06-02 02:49:44,1685688585,25.9,30.4,98100,2.00,2.00,4.00,4.00,0.0246,0
2023-06-02 02:54:42,1685688882,25.9,30.4,98100,2.00,2.00,3.00,4.00,0.0146,0
2023-06-02 02:59:59,1685689199,25.9,30.3,98100,1.00,3.00,6.00,7.00,0.0126,0
2023-06-02 03:04:56,1685689497,25.8,30.7,98100,1.00,2.00,3.00,4.00,0.0126,0
2023-06-02 03:09:54,1685689794,25.8,30.8,98100,1e-7,2.00,4.00,4.00,0.0126,0
2023-06-02 03:14:51,1685690092,25.7,30.9,98100,1.00,5.00,9.00,11.0,0.0109,0
2023-06-02 03:19:49,1685690390,25.6,31.2,98100,1.00,2.00,3.00,4.00,0.0152,0
2023-06-02 03:24:47,1685690687,25.5,31.3,98100,1.00,6.00,11.0,13.0,0.0206,0
2023-06-02 03:29:45,1685690986,25.4,31.5,98100,1.00,2.00,4.00,4.00,0.0352,0
2023-06-02 03:34:43,1685691283,25.3,31.8,98100,1e-7,2.00,4.00,5.00,0.0391,0
2023-06-02 03:39:40,1685691581,25.2,32.2,98100,2.00,2.00,4.00,5.00,0.0236,0
2023-06-02 03:44:58,1685691898,25.2,32.4,98100,2.00,2.00,4.00,4.00,0.0106,0
2023-06-02 03:49:55,1685692196,25.1,32.5,98100,2.00,2.00,3.00,4.00,0.0106,0
2023-06-02 03:54:53,1685692494,25.0,32.6,98100,1.00,1.00,3.00,3.00,0.00995,0
2023-06-02 03:59:51,1685692791,25.0,32.6,98100,1.00,2.00,4.00,5.00,0.0101,0
2023-06-02 04:04:48,1685693089,24.9,33.0,98100,1.00,3.00,4.00,5.00,0.0110,0
2023-06-02 04:09:46,1685693387,24.9,33.1,98100,1.00,2.00,4.00,4.00,0.0117,0
2023-06-02 04:14:44,1685693684,24.9,33.0,98100,2.00,2.00,4.00,5.00,0.0121,0
2023-06-02 04:19:41,1685693982,25.0,32.8,98100,2.00,2.00,3.00,3.00,0.0105,0
2023-06-02 04:24:59,1685694299,25.1,32.5,98100,1.00,2.00,4.00,5.00,0.0103,0
2023-06-02 04:29:56,1685694597,25.2,32.3,98100,1.00,3.00,5.00,6.00,0.0107,0
2023-06-02 04:34:54,1685694895,25.3,31.9,98100,3.00,3.00,4.00,4.00,0.0114,0
2023-06-02 04:39:52,1685695192,25.4,32.0,98100,1.00,4.00,6.00,7.00,0.0111,0
2023-06-02 04:44:49,1685695490,25.3,32.2,98100,1e-7,2.00,4.00,4.00,0.0118,0
2023-06-02 04:49:47,1685695787,25.2,32.5,98100,1.00,3.00,4.00,5.00,0.0115,0
2023-06-02 04:54:45,1685696085,25.1,32.6,98100,2.00,3.00,4.00,5.00,0.0132,0
2023-06-02 04:59:42,1685696383,25.0,32.7,98100,1.00,2.00,3.00,4.00,0.0114,0
2023-06-02 05:04:40,1685696680,24.9,32.8,98100,1.00,2.00,3.00,4.00,0.0108,0
2023-06-02 05:09:58,1685696998,24.8,32.9,98100,1.00,4.00,8.00,9.00,0.0144,0
2023-06-02 05:14:55,1685697296,24.7,33.1,98100,1.00,2.00,4.00,5.00,0.0154,0
2023-06-02 05:19:53,1685697594,24.6,33.3,98100,1.00,3.00,6.00,7.00,0.0154,0
2023-06-02 05:24:51,1685697891,24.5,33.4,98100,1e-7,2.00,4.00,5.00,0.0154,0
2023-06-02 05:29:49,1685698189,24.4,33.8,98100,1.00,2.00,4.00,5.00,0.0137,0
2023-06-02 05:34:47,1685698487,24.4,34.0,98100,1e-7,2.00,4.00,5.00,0.0102,0
2023-06-02 05:39:44,1685698785,24.3,34.2,98100,1.00,6.00,9.00,11.0,0.0103,0
2023-06-02 05:44:43,1685699084,24.2,34.4,98150,1e-7,2.00,3.00,4.00,0.0148,0
2023-06-02 05:49:41,1685699382,24.2,34.7,98113,1.00,1.00,3.00,3.00,0.0136,0
2023-06-02 05:54:59,1685699699,24.1,34.9,98113,2.00,3.00,4.00,5.00,0.0135,0
2023-06-02 05:59:57,1685699997,24.1,35.0,98187,1e-7,2.00,4.00,5.00,0.0103,0
2023-06-02 06:04:55,1685700295,24.0,35.2,98187,1e-7,1.00,3.00,3.00,0.0103,0
2023-06-02 06:09:52,1685700592,23.9,35.5,98180,1.00,2.00,4.00,5.00,0.0101,0
2023-06-02 06:14:50,1685700890,23.9,35.6,98200,1e-7,2.00,4.00,5.00,0.0101,0
2023-06-02 06:19:48,1685701188,23.9,35.7,98193,2.00,2.00,4.00,5.00,0.0103,0
2023-06-02 06:24:46,1685701486,23.8,35.7,98200,1.00,2.00,4.00,4.00,0.0103,0
2023-06-02 06:29:43,1685701784,23.8,36.0,98200,2.00,6.00,9.00,11.0,0.0142,0
2023-06-02 06:34:42,1685702082,23.8,36.1,98200,2.00,2.00,4.00,5.00,0.0186,0
2023-06-02 06:39:59,1685702400,23.7,36.2,98200,1.00,2.00,4.00,5.00,0.0186,0
2023-06-02 06:44:57,1685702698,23.7,36.5,98200,1.00,4.00,6.00,7.00,0.0114,0
2023-06-02 06:49:55,1685702996,23.7,36.7,98200,2.00,10.0,16.0,19.0,0.0162,0
2023-06-02 06:54:53,1685703294,23.6,36.7,98200,1.00,2.00,3.00,4.00,0.0209,0
2023-06-02 06:59:51,1685703592,23.6,37.1,98200,2.00,2.00,4.00,4.00,0.0298,0
2023-06-02 07:04:49,1685703890,23.6,37.1,98200,1e-7,2.00,3.00,4.00,0.0198,0
2023-06-02 07:09:48,1685704188,23.6,37.3,98200,1.00,2.00,4.00,4.00,0.00995,0
2023-06-02 07:14:46,1685704486,23.6,37.5,98200,1.00,2.00,3.00,4.00,0.00995,0
2023-06-02 07:19:24,1685704764,23.5,37.6,98200,1.00,2.00,3.00,4.00,0.00995,0
2023-06-02 11:54:42,1685721283,31.6,25.4,98200,1.00,4.00,6.00,7.00,,
2023-06-02 11:59:56,1685721596,31.9,25.2,98200,2.00,4.00,6.00,7.00,,
2023-06-02 12:04:50,1685721891,32.7,24.7,98200,2.00,2.00,3.00,3.00,,
2023-06-02 12:07:27,1685722048,33.1,24.1,98200,2.00,5.00,8.00,10.0,,
2023-06-02 12:19:59,1685722799,31.5,23.6,98300,1e-7,1.00,1.00,1.00,,
2023-06-02 12:24:24,1685723065,31.2,24.2,98300,1.00,1.00,1.00,2.00,0.0113,0
2023-06-02 12:30:49,1685723449,30.9,24.3,98200,1.00,3.00,6.00,7.00,0.0114,0
2023-06-02 12:39:45,1685723986,29.6,25.0,98300,3.00,8.00,12.0,14.0,0.0114,0
2023-06-02 12:41:04,1685724064,29.4,25.0,98300,2.00,4.00,6.00,8.00,0.0109,0
2023-06-02 12:54:45,1685724885,29.9,26.3,98300,1e-7,1e-7,1e-7,1e-7,0.0145,0
2023-06-02 12:59:20,1685725160,30.4,26.1,98300,1.00,3.00,6.00,7.00,0.0243,0
2023-06-02 13:04:42,1685725483,30.9,25.3,98300,2.00,2.00,3.00,3.00,0.0261,0
2023-06-02 13:09:57,1685725798,30.8,25.1,98300,2.00,3.00,4.00,5.00,0.0230,0
2023-06-02 13:14:52,1685726093,30.3,25.2,98300,3.00,3.00,4.00,4.00,0.0103,0
2023-06-02 13:16:11,1685726171,30.0,25.5,98300,3.00,4.00,5.00,6.00,0.0103,0
2023-06-02 13:24:51,1685726692,31.4,25.2,98300,3.00,4.00,4.00,5.00,0.0103,0
2023-06-02 13:29:55,1685726996,31.7,24.7,98243,2.00,5.00,8.00,9.00,0.0186,0
2023-06-02 13:32:32,1685727153,32.2,24.4,98200,1.00,2.00,4.00,4.00,0.0186,0
2023-06-02 13:39:45,1685727585,32.9,23.5,98200,2.00,2.00,3.00,4.00,0.0152,0
2023-06-02 13:44:48,1685727888,33.2,23.4,98200,3.00,4.00,4.00,4.00,0.0237,0
2023-06-02 13:48:43,1685728123,33.6,22.8,98200,2.00,2.00,3.00,4.00,0.0187,0
2023-06-02 13:59:56,1685728797,34.1,22.3,98200,2.00,2.00,4.00,4.00,0.0108,0
2023-06-02 14:04:50,1685729090,34.0,21.9,98200,1.00,3.00,4.00,5.00,0.0104,0
2023-06-02 14:09:44,1685729384,33.6,21.7,98200,3.00,8.00,12.0,14.0,0.0161,0
2023-06-02 14:14:58,1685729698,32.9,22.2,98200,3.00,6.00,10.0,12.0,0.0301,0
2023-06-02 14:19:52,1685729993,32.7,22.3,98200,2.00,4.00,7.00,8.00,0.0257,0
2023-06-02 14:22:29,1685730150,32.6,22.4,98200,1.00,4.00,7.00,9.00,0.0216,0
2023-06-02 14:44:45,1685731486,29.7,23.5,98200,1e-7,2.00,3.00,4.00,,
2023-06-02 14:49:41,1685731781,29.3,24.0,98260,2.00,3.00,4.00,4.00,,
2023-06-02 14:54:56,1685732097,28.7,24.6,98269,3.00,5.00,6.00,7.00,,
2023-06-02 14:56:15,1685732176,28.5,25.0,98200,1.00,2.00,3.00,3.00,,
2023-06-02 15:09:45,1685732986,28.2,25.9,98300,2.00,3.00,5.00,6.00,0.0145,0
2023-06-02 15:14:41,1685733281,28.3,25.6,98300,2.00,4.00,7.00,9.00,0.0187,0
2023-06-02 15:19:45,1685733585,28.2,26.2,98214,4.00,4.00,4.00,4.00,0.0146,0
2023-06-02 15:24:41,1685733881,28.2,26.4,98213,2.00,6.00,9.00,11.0,0.0178,0
2023-06-02 15:29:57,1685734197,28.1,26.4,98238,2.00,2.00,3.00,4.00,0.0139,0
2023-06-02 15:34:54,1685734495,28.0,26.4,98200,1.00,2.00,3.00,3.00,0.0208,0
2023-06-02 15:39:50,1685734791,27.9,26.7,98200,2.00,4.00,6.00,7.00,0.0216,0
2023-06-02 15:44:47,1685735087,27.8,26.6,98200,1.00,2.00,4.00,5.00,0.0146,0
2023-06-02 15:47:25,1685735245,27.9,27.1,98200,1e-7,2.00,4.00,4.00,0.0115,0
2023-06-02 16:04:45,1685736286,28.1,27.1,98200,3.00,3.00,4.00,4.00,0.0115,0
2023-06-02 16:09:41,1685736582,28.0,27.2,98200,2.00,3.00,4.00,5.00,0.0103,0
2023-06-02 16:14:57,1685736898,27.8,27.0,98200,1.00,2.00,4.00,4.00,0.0103,0
2023-06-02 16:19:54,1685737194,27.5,27.2,98227,2.00,6.00,11.0,13.0,0.0112,0
2023-06-02 16:24:50,1685737491,27.2,27.5,98220,1.00,6.00,9.00,11.0,0.0198,0
2023-06-02 16:29:47,1685737788,26.7,27.6,98207,2.00,5.00,9.00,10.0,0.0177,0
2023-06-02 16:34:44,1685738085,26.4,28.1,98300,3.00,6.00,9.00,11.0,0.0177,0
2023-06-02 16:39:41,1685738382,26.1,28.1,98300,1.00,2.00,3.00,4.00,0.0228,0
2023-06-02 16:44:58,1685738698,25.9,28.1,98300,1.00,2.00,4.00,5.00,0.0452,0
2023-06-02 16:49:55,1685738996,25.7,28.4,98300,2.00,5.00,8.00,10.0,0.0316,0
2023-06-02 16:54:42,1685739283,25.3,28.8,98300,1.00,4.00,6.00,7.00,0.0165,0
2023-06-02 16:59:59,1685739600,25.1,29.0,98300,1.00,3.00,6.00,7.00,0.0155,0
2023-06-02 17:04:57,1685739897,25.0,29.1,98300,2.00,4.00,6.00,7.00,0.0126,0
2023-06-02 17:09:54,1685740194,24.8,29.2,98300,1.00,3.00,6.00,7.00,0.0114,0
2023-06-02 17:14:51,1685740492,24.6,29.4,98300,1.00,3.00,5.00,7.00,0.0178,0
2023-06-02 17:19:49,1685740789,24.4,29.7,98300,1.00,3.00,5.00,6.00,0.0161,0
2023-06-02 17:24:46,1685741087,24.2,30.1,98300,1.00,5.00,9.00,10.0,0.0137,0
2023-06-02 17:29:45,1685741385,24.0,30.3,98300,3.00,8.00,12.0,14.0,0.0156,0
2023-06-02 17:34:43,1685741683,23.7,30.2,98300,2.00,4.00,6.00,7.00,0.0197,0
2023-06-02 17:39:41,1685741981,23.5,30.5,98300,1.00,2.00,3.00,4.00,0.0206,0
2023-06-02 17:44:58,1685742299,23.2,30.7,98300,1.00,3.00,5.00,6.00,0.0232,0
2023-06-02 17:49:56,1685742597,23.0,31.2,98353,3.00,4.00,7.00,9.00,0.0127,0
2023-06-02 17:54:54,1685742895,22.8,31.4,98400,2.00,4.00,7.00,9.00,0.0131,0
2023-06-02 17:59:41,1685743182,22.8,31.6,98400,1.00,2.00,4.00,5.00,0.0221,0
2023-06-02 18:04:40,1685743481,22.8,31.3,98400,2.00,6.00,10.0,13.0,0.0160,0
2023-06-02 18:09:58,1685743799,22.5,31.6,98400,5.00,6.00,7.00,8.00,0.0443,0
2023-06-02 18:14:56,1685744097,22.4,32.0,98400,1.00,3.00,4.00,5.00,0.0431,0
2023-06-02 18:19:55,1685744396,22.3,32.2,98400,2.00,7.00,11.0,13.0,0.0526,0
2023-06-02 18:24:54,1685744694,22.1,32.2,98400,1.00,4.00,7.00,9.00,0.0108,0
2023-06-02 18:29:52,1685744992,22.0,32.3,98400,6.00,12.0,17.0,19.0,0.0253,0
2023-06-02 18:34:51,1685745291,21.8,32.4,98400,2.00,4.00,8.00,9.00,0.0650,0
2023-06-02 18:39:49,1685745590,21.8,32.6,98400,2.00,2.00,4.00,5.00,0.0340,0
2023-06-02 18:44:48,1685745888,21.8,33.0,98440,8.00,9.00,9.00,9.00,0.0340,0
2023-06-02 18:49:46,1685746186,21.7,33.0,98500,3.00,4.00,6.00,7.00,0.0325,0
2023-06-02 18:54:46,1685746487,21.6,33.4,98500,9.00,26.0,40.0,47.0,0.0396,0
2023-06-02 18:59:46,1685746786,21.5,33.3,98500,6.00,7.00,7.00,8.00,0.147,0
2023-06-02 19:04:45,1685747086,21.4,33.1,98500,5.00,11.0,16.0,18.0,0.147,0
2023-06-02 19:09:53,1685747393,21.3,33.3,98500,7.00,7.00,7.00,7.00,0.142,0
2023-06-02 19:14:52,1685747692,21.3,33.3,98500,7.00,7.00,9.00,10.0,0.0393,0
2023-06-02 19:19:51,1685747991,21.2,33.3,98500,4.00,7.00,11.0,13.0,0.0212,0
2023-06-02 19:24:50,1685748291,21.1,33.2,98581,7.00,10.0,12.0,13.0,0.0427,0
2023-06-02 19:29:49,1685748590,21.0,33.1,98600,6.00,7.00,8.00,8.00,0.0453,0
2023-06-02 19:34:48,1685748888,21.0,33.1,98600,7.00,10.0,14.0,15.0,0.0541,0
2023-06-02 19:39:47,1685749187,20.9,32.9,98600,8.00,10.0,11.0,12.0,0.0626,0
2023-06-02 19:44:46,1685749486,20.7,32.8,98600,6.00,8.00,9.00,10.0,0.0434,0
2023-06-02 19:49:45,1685749785,20.6,32.8,98600,5.00,10.0,15.0,17.0,0.0232,0
2023-06-02 19:54:44,1685750085,20.4,33.2,98600,11.0,12.0,13.0,13.0,0.0355,0
2023-06-02 19:59:43,1685750383,20.2,33.4,98600,5.00,6.00,7.00,8.00,0.0375,0
2023-06-02 20:04:42,1685750682,20.1,33.2,98600,3.00,5.00,7.00,8.00,0.0672,0
2023-06-02 20:09:41,1685750981,20.0,33.7,98600,4.00,5.00,5.00,6.00,0.0110,0
2023-06-02 20:14:40,1685751280,19.9,33.4,98600,14.0,16.0,17.0,17.0,0.0509,0
2023-06-02 20:19:59,1685751599,19.8,33.3,98663,6.00,8.00,10.0,11.0,0.0422,0
2023-06-02 20:24:58,1685751898,19.7,32.9,98700,8.00,9.00,10.0,10.0,0.0228,0
2023-06-02 20:29:57,1685752198,19.6,33.2,98700,8.00,9.00,12.0,14.0,0.0171,0
2023-06-02 20:34:56,1685752497,19.4,33.3,98700,10.0,10.0,10.0,10.0,0.0223,0
2023-06-02 20:39:56,1685752796,19.3,33.0,98700,6.00,7.00,10.0,11.0,0.0391,0
2023-06-02 20:44:55,1685753095,19.2,33.5,98700,9.00,10.0,11.0,11.0,0.0346,0
2023-06-02 20:49:55,1685753395,19.1,33.1,98700,8.00,10.0,12.0,12.0,0.0472,0
2023-06-02 20:54:54,1685753695,19.0,32.9,98700,12.0,16.0,18.0,19.0,0.0472,0
2023-06-02 20:59:54,1685753994,18.8,32.8,98700,6.00,7.00,8.00,9.00,0.0742,0
2023-06-02 21:04:53,1685754294,18.7,32.7,98700,10.0,10.0,10.0,10.0,0.0552,0
2023-06-02 21:09:53,1685754593,18.5,32.1,98700,5.00,8.00,10.0,10.0,0.0142,0
2023-06-02 21:14:50,1685754891,18.4,31.8,98700,9.00,10.0,10.0,12.0,0.0153,0
2023-06-02 21:19:50,1685755190,18.2,31.5,98700,6.00,7.00,9.00,10.0,0.0153,0
2023-06-02 21:24:49,1685755490,18.0,31.4,98700,17.0,52.0,81.0,95.0,0.181,0
2023-06-02 21:29:49,1685755789,17.9,31.2,98700,5.00,6.00,6.00,7.00,0.218,0
2023-06-02 21:34:49,1685756089,17.8,30.9,98727,6.00,10.0,14.0,15.0,0.218,0
2023-06-02 21:39:49,1685756389,17.7,30.8,98700,7.00,8.00,9.00,10.0,0.149,0
2023-06-02 21:44:49,1685756689,17.6,30.6,98700,6.00,7.00,8.00,9.00,0.0308,0
2023-06-02 21:49:49,1685756989,17.5,30.5,98700,6.00,9.00,13.0,15.0,0.0157,0
2023-06-02 21:54:49,1685757289,17.4,29.9,98700,8.00,9.00,10.0,10.0,0.0657,0
2023-06-02 21:59:49,1685757589,17.4,29.9,98707,4.00,6.00,10.0,11.0,0.0617,0
2023-06-02 22:04:49,1685757889,17.3,29.9,98773,5.00,7.00,9.00,9.00,0.0517,0
2023-06-02 22:09:49,1685758189,17.3,29.7,98787,6.00,7.00,10.0,11.0,0.0243,0
2023-06-02 22:14:49,1685758489,17.2,29.5,98727,4.00,5.00,7.00,7.00,0.0182,0
2023-06-02 22:19:49,1685758789,17.2,29.4,98700,4.00,8.00,12.0,13.0,0.0232,0
2023-06-02 22:24:49,1685759089,17.2,29.3,98773,4.00,5.00,5.00,5.00,0.0232,0
2023-06-02 22:29:49,1685759389,17.1,29.1,98713,8.00,8.00,8.00,8.00,0.0159,0
2023-06-02 22:34:49,1685759689,17.1,28.7,98700,4.00,7.00,10.0,11.0,0.117,0
2023-06-02 22:39:58,1685759998,17.1,28.7,98764,2.00,3.00,4.00,5.00,0.117,0
2023-06-02 22:44:58,1685760298,17.0,28.7,98800,7.00,10.0,15.0,18.0,0.116,0
2023-06-02 22:49:58,1685760598,17.0,28.6,98800,6.00,11.0,15.0,17.0,0.0396,0
2023-06-02 22:54:58,1685760898,17.0,28.5,98800,2.00,5.00,8.00,9.00,0.0306,0
2023-06-02 22:59:58,1685761198,16.9,28.5,98800,2.00,3.00,6.00,7.00,0.0444,0
2023-06-02 23:04:58,1685761498,16.9,28.4,98800,3.00,3.00,4.00,4.00,0.0289,0
2023-06-02 23:09:58,1685761798,16.9,28.2,98800,2.00,4.00,6.00,7.00,0.0118,0
2023-06-02 23:14:58,1685762098,16.9,28.2,98800,5.00,7.00,8.00,8.00,0.0322,0
2023-06-02 23:19:47,1685762387,16.9,27.9,98800,1.00,4.00,6.00,7.00,0.0352,0
2023-06-02 23:24:47,1685762687,16.9,27.9,98800,2.00,3.00,5.00,6.00,0.0222,0
2023-06-02 23:29:47,1685762987,16.9,27.7,98800,3.00,5.00,8.00,9.00,0.0110,0
2023-06-02 23:34:47,1685763287,16.9,27.7,98800,10.0,11.0,11.0,11.0,0.0147,0
2023-06-02 23:39:47,1685763587,16.8,27.7,98800,7.00,8.00,13.0,15.0,0.0203,0
2023-06-02 23:44:56,1685763896,16.8,27.7,98800,2.00,3.00,5.00,5.00,0.0378,0
2023-06-02 23:49:56,1685764196,16.8,27.5,98800,5.00,8.00,10.0,11.0,0.0733,0
2023-06-02 23:54:56,1685764496,16.8,27.5,98800,9.00,11.0,12.0,13.0,0.112,0
2023-06-02 23:59:55,1685764795,16.8,27.6,98800,5.00,6.00,6.00,7.00,0.0977,0
2023-06-03 00:04:55,1685765095,16.8,27.7,98800,3.00,3.00,5.00,6.00,0.0468,0
2023-06-03 00:09:55,1685765395,16.8,27.7,98800,6.00,9.00,11.0,13.0,0.0292,0
2023-06-03 00:14:55,1685765695,16.7,27.5,98800,7.00,7.00,7.00,7.00,0.0731,0
2023-06-03 00:19:55,1685765995,16.7,27.5,98800,3.00,5.00,8.00,9.00,0.0630,0
2023-06-03 00:24:55,1685766295,16.7,27.5,98800,3.00,3.00,5.00,6.00,0.0535,0
2023-06-03 00:29:55,1685766595,16.7,27.5,98800,2.00,4.00,5.00,6.00,0.0164,0
2023-06-03 00:34:54,1685766895,16.6,27.5,98800,4.00,11.0,16.0,19.0,0.0358,0
2023-06-03 00:39:54,1685767195,16.6,27.6,98800,3.00,5.00,8.00,9.00,0.0573,0
2023-06-03 00:44:54,1685767495,16.5,27.6,98800,2.00,5.00,8.00,10.0,0.0573,0
2023-06-03 00:49:54,1685767795,16.5,27.6,98800,1.00,3.00,6.00,7.00,0.0344,0
2023-06-03 00:54:54,1685768095,16.5,27.6,98800,3.00,5.00,8.00,9.00,0.0285,0
2023-06-03 00:59:54,1685768395,16.4,27.7,98800,2.00,3.00,4.00,4.00,0.0227,0
2023-06-03 01:04:54,1685768695,16.4,27.8,98800,3.00,6.00,9.00,10.0,0.0106,0
2023-06-03 01:09:54,1685768995,16.4,27.8,98800,2.00,2.00,4.00,5.00,0.0193,0
2023-06-03 01:14:54,1685769295,16.3,27.7,98800,3.00,5.00,7.00,8.00,0.0334,0
2023-06-03 01:19:56,1685769596,16.3,27.8,98800,4.00,4.00,4.00,5.00,0.0188,0
2023-06-03 01:24:57,1685769897,16.3,27.9,98800,1.00,2.00,3.00,4.00,0.0206,0
2023-06-03 01:29:56,1685770197,16.2,28.1,98800,4.00,4.00,7.00,9.00,0.0206,0
2023-06-03 01:34:57,1685770497,16.1,28.4,98800,2.00,2.00,4.00,5.00,0.0178,0
2023-06-03 01:39:37,1685770777,16.0,28.5,98800,2.00,4.00,6.00,7.00,0.0104,0
2023-06-03 01:44:46,1685771086,15.9,28.8,98800,1.00,4.00,6.00,7.00,0.0105,0
2023-06-03 01:49:46,1685771387,15.8,29.2,98800,1.00,2.00,4.00,5.00,0.0135,0
2023-06-03 01:54:47,1685771687,15.6,29.2,98800,2.00,4.00,8.00,9.00,0.0169,0
2023-06-03 01:59:47,1685771988,15.5,29.5,98800,1.00,3.00,6.00,7.00,0.0146,0
2023-06-03 02:04:48,1685772288,15.4,29.7,98800,1.00,4.00,8.00,9.00,0.0193,0
2023-06-03 02:09:48,1685772589,15.3,29.8,98800,2.00,7.00,11.0,13.0,0.0269,0
2023-06-03 02:14:49,1685772889,15.2,29.9,98800,1.00,3.00,5.00,6.00,0.0269,0
2023-06-03 02:19:49,1685773190,15.1,30.1,98800,3.00,4.00,4.00,4.00,0.0182,0
2023-06-03 02:24:50,1685773490,14.9,30.4,98800,2.00,2.00,4.00,4.00,0.0183,0
2023-06-03 02:29:51,1685773791,14.7,30.5,98800,1.00,2.00,3.00,4.00,0.0111,0
2023-06-03 02:34:51,1685774092,14.4,30.8,98867,3.00,5.00,9.00,10.0,0.0122,0
2023-06-03 02:39:53,1685774393,14.2,31.0,98900,3.00,4.00,6.00,6.00,0.0374,0
2023-06-03 02:44:54,1685774694,14.1,31.4,98900,2.00,4.00,6.00,7.00,0.0235,0
2023-06-03 02:49:54,1685774995,14.0,31.5,98900,1.00,9.00,15.0,18.0,0.0208,0
2023-06-03 02:54:56,1685775296,13.9,32.0,98900,2.00,4.00,7.00,9.00,0.0215,0
2023-06-03 02:59:57,1685775597,13.8,32.4,98900,1e-7,2.00,4.00,5.00,0.0475,0
2023-06-03 03:04:58,1685775898,13.8,32.2,98900,1.00,2.00,4.00,4.00,0.0475,0
2023-06-03 03:09:59,1685776199,13.7,32.4,98900,1.00,4.00,7.00,8.00,0.0156,0
2023-06-03 03:14:40,1685776480,13.7,32.7,98900,1e-7,2.00,4.00,4.00,0.0132,0
2023-06-03 03:19:41,1685776781,13.6,32.8,98900,1.00,3.00,6.00,7.00,0.0168,0
2023-06-03 03:24:42,1685777082,13.6,33.3,98900,1.00,4.00,6.00,7.00,0.0187,0
2023-06-03 03:29:43,1685777383,13.5,33.3,98900,1.00,4.00,7.00,9.00,0.0160,0
2023-06-03 03:34:45,1685777685,13.5,33.4,98880,1.00,4.00,7.00,9.00,0.0196,0
2023-06-03 03:39:26,1685777967,13.4,33.9,98900,1e-7,2.00,4.00,4.00,0.0196,0
2023-06-03 03:44:56,1685778297,13.3,34.3,98900,1.00,2.00,4.00,5.00,0.0232,0
2023-06-03 03:49:57,1685778598,13.2,34.4,98900,1.00,3.00,6.00,7.00,0.0168,0
2023-06-03 03:54:58,1685778899,13.1,34.7,98900,1.00,4.00,7.00,8.00,0.0104,0
2023-06-03 03:59:40,1685779180,13.0,35.1,98900,4.00,6.00,10.0,12.0,0.0106,0
2023-06-03 04:04:41,1685779481,13.0,35.2,98900,1.00,2.00,4.00,5.00,0.0144,0
2023-06-03 04:09:42,1685779782,12.9,35.3,98900,1.00,4.00,6.00,7.00,0.0135,0
2023-06-03 04:14:43,1685780084,12.9,35.4,98900,1.00,4.00,7.00,8.00,0.0251,0
2023-06-03 04:19:45,1685780386,12.9,35.6,98900,1.00,2.00,4.00,5.00,0.0206,0
2023-06-03 04:24:46,1685780687,12.9,36.0,98900,1.00,2.00,4.00,5.00,0.0206,0
2023-06-03 04:29:47,1685780988,12.8,36.1,98900,1.00,4.00,7.00,9.00,0.0113,0
2023-06-03 04:34:49,1685781289,12.8,36.2,98900,4.00,6.00,8.00,9.00,0.0190,0
2023-06-03 04:39:50,1685781590,12.7,36.0,98900,2.00,4.00,7.00,9.00,0.0331,0
2023-06-03 04:44:52,1685781893,12.7,36.5,98900,1.00,1.00,1.00,1.00,0.0494,0
2023-06-03 04:49:53,1685782194,12.7,36.7,98900,2.00,2.00,4.00,5.00,0.0291,0
2023-06-03 04:54:55,1685782495,12.7,36.9,98900,1.00,4.00,7.00,8.00,0.0245,0
2023-06-03 04:59:56,1685782796,12.7,36.9,98900,1.00,3.00,4.00,5.00,0.0202,0
2023-06-03 05:04:57,1685783098,12.7,36.9,98900,1.00,3.00,6.00,7.00,0.0192,0
2023-06-03 05:09:59,1685783399,12.7,36.9,98900,1.00,4.00,7.00,8.00,0.0102,0
2023-06-03 05:14:40,1685783681,12.8,36.9,98900,1.00,3.00,6.00,7.00,0.0160,0
2023-06-03 05:19:41,1685783982,12.8,36.9,98900,1.00,4.00,6.00,7.00,0.0160,0
2023-06-03 05:24:42,1685784283,12.9,36.8,98900,4.00,5.00,6.00,7.00,0.0186,0
2023-06-03 05:27:03,1685784423,12.9,36.9,98900,1.00,3.00,4.00,4.00,0.0192,0
2023-06-03 11:24:43,1685805883,32.1,14.3,99000,3.00,3.00,4.00,4.00,,
2023-06-03 11:29:56,1685806197,32.3,14.2,99000,2.00,4.00,5.00,6.00,,
2023-06-03 11:31:14,1685806275,32.5,13.8,99000,1e-7,2.00,4.00,5.00,,
2023-06-03 11:44:46,1685807086,33.0,13.3,99000,43.0,152,242,285,0.134,0
2023-06-03 11:48:02,1685807282,33.2,13.2,99000,1.00,4.00,7.00,9.00,0.139,0
2023-06-03 11:59:42,1685807982,33.9,12.1,99000,1.00,1.00,3.00,3.00,0.146,0
2023-06-03 12:04:55,1685808295,33.9,12.2,99000,2.00,4.00,5.00,6.00,0.142,0
2023-06-03 12:14:41,1685808881,33.9,12.2,99000,1e-7,2.00,3.00,4.00,0.0265,0
2023-06-03 12:19:55,1685809195,34.1,11.7,99000,1.00,2.00,3.00,4.00,0.0114,0
2023-06-03 12:21:34,1685809295,34.2,11.5,99000,1.00,1.00,2.00,2.00,0.0108,0
2023-06-03 12:34:47,1685810087,34.7,11.5,99000,5.00,8.00,10.0,11.0,0.0114,0
2023-06-03 12:39:40,1685810380,34.7,11.8,99000,1.00,2.00,3.00,3.00,0.0148,0
2023-06-03 12:49:47,1685810988,34.5,11.6,98943,1e-7,2.00,4.00,4.00,0.0236,0
2023-06-03 12:54:40,1685811281,34.6,11.4,98907,1.00,3.00,5.00,6.00,0.0196,0
2023-06-03 12:56:37,1685811398,34.4,10.8,98900,1e-7,1e-7,1e-7,1e-7,0.00995,0
2023-06-03 13:09:41,1685812181,34.3,11.3,98900,1.00,5.00,8.00,10.0,0.0240,0
2023-06-03 13:12:17,1685812338,34.4,11.3,98900,1.00,2.00,3.00,3.00,0.0220,0
2023-06-03 13:19:56,1685812797,34.8,11.2,98900,1e-7,1e-7,1e-7,1e-7,0.0202,0
2023-06-03 13:24:49,1685813090,34.9,11.4,98900,1.00,5.00,9.00,11.0,0.0178,0
2023-06-03 13:29:04,1685813344,35.2,11.3,98900,1.00,4.00,7.00,8.00,0.0198,0
2023-06-03 13:39:51,1685813991,35.6,11.5,98900,1e-7,2.00,4.00,5.00,0.0208,0
2023-06-03 13:44:44,1685814284,35.3,12.0,98900,1.00,2.00,4.00,5.00,0.0151,0
2023-06-03 13:46:22,1685814382,34.8,12.1,98900,1.00,3.00,6.00,7.00,0.0143,0
2023-06-03 13:59:41,1685815181,33.0,12.6,98900,1.00,2.00,3.00,3.00,0.0132,0
2023-06-03 14:03:55,1685815435,32.6,13.0,98900,1.00,4.00,7.00,8.00,0.0122,0
2023-06-03 14:09:47,1685815788,32.1,13.2,98900,1e-7,1e-7,1e-7,1e-7,0.0113,0
2023-06-03 14:14:43,1685816083,31.7,13.3,98900,2.00,8.00,14.0,17.0,0.0193,0
2023-06-03 14:19:39,1685816380,31.0,13.7,98900,2.00,7.00,11.0,14.0,0.0274,0
2023-06-03 14:29:44,1685816985,29.2,14.4,98900,1.00,1.00,2.00,2.00,0.0182,0
2023-06-03 14:34:59,1685817300,28.5,14.7,98900,1.00,2.00,3.00,4.00,0.0297,0
2023-06-03 14:39:55,1685817595,27.5,15.4,98900,2.00,5.00,7.00,8.00,0.0278,0
2023-06-03 14:44:51,1685817892,26.9,15.9,98900,1.00,3.00,6.00,7.00,0.0136,0
2023-06-03 14:49:48,1685818188,26.4,16.1,98900,1e-7,2.00,3.00,4.00,0.0136,0
2023-06-03 14:54:44,1685818485,25.9,16.4,98900,1e-7,2.00,4.00,4.00,0.0129,0
2023-06-03 14:59:41,1685818782,25.5,16.9,98900,1.00,2.00,4.00,4.00,0.00995,0
2023-06-03 15:04:47,1685819087,25.3,17.3,98900,1.00,2.00,4.00,5.00,0.00995,0
2023-06-03 15:09:44,1685819385,25.0,17.4,98900,1.00,2.00,3.00,4.00,0.0103,0
2023-06-03 15:14:43,1685819683,24.6,17.5,98900,33.0,130,210,248,0.481,0
2023-06-03 15:19:41,1685819981,24.3,18.1,98900,1.00,4.00,6.00,7.00,0.481,0
2023-06-03 15:24:58,1685820298,23.9,18.1,98900,1e-7,2.00,4.00,5.00,0.478,0
2023-06-03 15:29:56,1685820596,23.6,18.3,98900,1e-7,2.00,4.00,5.00,0.474,0
2023-06-03 15:34:55,1685820896,23.4,18.6,98900,1.00,2.00,4.00,4.00,0.00995,0
2023-06-03 15:39:53,1685821194,23.1,18.9,98900,1.00,4.00,7.00,9.00,0.0146,0
2023-06-03 15:44:51,1685821492,23.0,19.2,98900,1.00,3.00,6.00,7.00,0.0167,0
2023-06-03 15:49:49,1685821789,22.9,19.2,98900,1.00,2.00,4.00,5.00,0.0234,0
2023-06-03 15:54:48,1685822089,22.7,19.4,98900,1.00,2.00,4.00,4.00,,
2023-06-03 15:59:46,1685822386,22.6,19.4,98900,2.00,2.00,3.00,4.00,0.0100,0
2023-06-03 16:04:44,1685822684,22.5,19.3,98900,1e-7,2.00,4.00,5.00,0.00995,0
2023-06-03 16:09:42,1685822982,22.4,19.1,98900,1e-7,2.00,3.00,4.00,0.00995,0
2023-06-03 16:14:42,1685823283,22.4,18.9,98900,1.00,2.00,3.00,4.00,0.0100,0
2023-06-03 16:19:40,1685823581,22.4,18.9,98900,1.00,1.00,1.00,1.00,0.0100,0
2023-06-03 16:24:58,1685823899,22.4,18.7,98900,1.00,6.00,11.0,13.0,0.0135,0
2023-06-03 16:29:56,1685824196,22.4,18.7,98900,1e-7,2.00,4.00,4.00,0.0219,0
2023-06-03 16:34:54,1685824495,22.4,18.8,98900,1.00,4.00,7.00,9.00,0.0116,0
2023-06-03 16:39:52,1685824793,22.3,18.9,98900,1.00,4.00,6.00,7.00,0.0117,0
2023-06-03 16:44:51,1685825091,22.2,18.8,98900,1e-7,2.00,3.00,4.00,0.0136,0
2023-06-03 16:49:49,1685825390,22.1,18.8,98900,1e-7,2.00,3.00,4.00,0.0136,0
2023-06-03 16:54:48,1685825688,22.0,18.8,98900,1e-7,1.00,1.00,1.00,0.0124,0
2023-06-03 16:59:46,1685825987,21.9,18.7,98900,1.00,2.00,3.00,3.00,0.00995,0
2023-06-03 17:04:45,1685826285,21.8,18.9,98900,1.00,2.00,3.00,4.00,0.00995,0
2023-06-03 17:09:43,1685826584,21.7,18.8,98900,1.00,2.00,4.00,5.00,0.00995,0
2023-06-03 17:14:42,1685826882,21.7,18.7,98900,1e-7,2.00,4.00,4.00,0.0102,0
2023-06-03 17:19:42,1685827182,21.6,18.8,98900,1e-7,2.00,4.00,4.00,0.0102,0
2023-06-03 17:24:40,1685827481,21.6,18.9,98900,1e-7,2.00,3.00,4.00,0.0100,0
2023-06-03 17:29:48,1685827789,21.5,19.2,98900,1.00,4.00,7.00,8.00,0.0160,0
2023-06-03 17:34:47,1685828087,21.4,19.4,98900,1.00,3.00,6.00,7.00,0.0160,0
2023-06-03 17:39:55,1685828396,21.2,19.3,98900,1.00,2.00,4.00,4.00,0.0115,0
2023-06-03 17:44:54,1685828695,21.1,19.2,98900,2.00,5.00,8.00,9.00,0.0114,0
2023-06-03 17:49:53,1685828993,21.0,19.3,98900,1.00,2.00,4.00,5.00,0.0128,0
2023-06-03 17:54:42,1685829282,20.9,19.5,98900,1e-7,2.00,3.00,3.00,0.0172,0
2023-06-03 17:59:41,1685829581,20.8,19.7,98900,2.00,5.00,8.00,10.0,0.0172,0
2023-06-03 18:04:41,1685829881,20.6,19.5,98900,1.00,4.00,7.00,9.00,0.0384,0
2023-06-03 18:09:59,1685830200,20.5,19.5,98900,3.00,3.00,3.00,4.00,0.0277,0
2023-06-03 18:14:59,1685830499,20.3,19.4,98900,1.00,2.00,4.00,5.00,0.0277,0
2023-06-03 18:19:58,1685830798,20.1,19.5,98900,1e-7,2.00,4.00,4.00,0.0134,0
2023-06-03 18:24:46,1685831087,20.0,19.8,98900,1e-7,2.00,3.00,3.00,0.00995,0
2023-06-03 18:29:45,1685831385,19.9,19.9,98900,1.00,2.00,3.00,4.00,0.00995,0
2023-06-03 18:34:44,1685831684,19.8,20.1,98900,1.00,2.00,3.00,4.00,0.00995,0
2023-06-03 18:39:43,1685831983,19.7,20.5,98900,1.00,2.00,3.00,3.00,0.00995,0
2023-06-03 18:44:42,1685832282,19.6,20.6,98900,1e-7,2.00,4.00,4.00,0.00995,0
2023-06-03 18:49:41,1685832582,19.4,20.5,98900,1e-7,2.00,4.00,4.00,0.00995,0
2023-06-03 18:54:41,1685832881,19.2,21.0,98900,1e-7,1.00,3.00,3.00,0.00995,0
2023-06-03 18:59:40,1685833180,19.0,21.2,98900,1e-7,2.00,4.00,4.00,0.00995,0
2023-06-03 19:04:40,1685833480,18.8,21.5,98900,1e-7,2.00,3.00,4.00,0.00995,0
2023-06-03 19:09:59,1685833800,18.5,21.7,98900,1.00,2.00,4.00,4.00,0.00995,0
2023-06-03 19:14:59,1685834099,18.2,21.9,98900,1e-7,2.00,4.00,5.00,0.0102,0
2023-06-03 19:19:58,1685834399,18.0,22.1,98900,1e-7,2.00,3.00,3.00,0.0102,0
2023-06-03 19:24:58,1685834698,17.7,22.4,98900,1e-7,4.00,7.00,9.00,0.0134,0
2023-06-03 19:29:46,1685834986,17.5,23.0,98900,1.00,3.00,4.00,4.00,0.0134,0
2023-06-03 19:34:46,1685835286,17.3,23.3,98900,1e-7,1.00,3.00,3.00,0.0122,0
2023-06-03 19:39:46,1685835586,17.1,23.5,98907,1.00,3.00,5.00,5.00,0.0103,0
2023-06-03 19:44:47,1685835887,16.9,24.0,99000,2.00,2.00,4.00,5.00,0.0122,0
2023-06-03 19:49:47,1685836187,16.7,24.0,98993,1e-7,2.00,4.00,5.00,0.0122,0
2023-06-03 19:54:47,1685836487,16.5,23.9,98987,1.00,2.00,4.00,5.00,0.0109,0
2023-06-03 19:59:47,1685836787,16.2,24.2,98953,1.00,4.00,7.00,8.00,0.0123,0
2023-06-03 20:04:47,1685837087,16.0,24.8,98967,2.00,2.00,4.00,5.00,0.0136,0
2023-06-03 20:09:48,1685837389,15.8,24.9,98993,1e-7,2.00,3.00,4.00,0.0136,0
2023-06-03 20:14:48,1685837689,15.5,25.2,99000,1e-7,2.00,4.00,5.00,0.0116,0
2023-06-03 20:19:49,1685837989,15.2,25.4,99000,1.00,4.00,6.00,7.00,0.0108,0
2023-06-03 20:24:49,1685838290,15.0,25.8,99000,1.00,2.00,4.00,5.00,0.0125,0
2023-06-03 20:29:51,1685838591,14.7,26.1,99000,1e-7,2.00,4.00,4.00,0.0125,0
2023-06-03 20:34:52,1685838892,14.5,26.6,99000,1.00,2.00,4.00,5.00,0.0128,0
2023-06-03 20:39:54,1685839194,14.3,26.9,99000,1.00,2.00,3.00,3.00,0.0103,0
2023-06-03 20:44:55,1685839495,14.1,27.4,99000,1e-7,2.00,4.00,5.00,0.0102,0
2023-06-03 20:49:56,1685839796,13.9,27.7,99000,1.00,2.00,4.00,4.00,0.0100,0
2023-06-03 20:54:57,1685840097,13.7,28.3,99000,1.00,1.00,1.00,1.00,0.00995,0
2023-06-03 20:59:58,1685840398,13.5,28.7,99000,1.00,2.00,3.00,4.00,0.00995,0
2023-06-03 21:04:59,1685840699,13.3,29.1,99000,5.00,13.0,20.0,23.0,0.0374,0
2023-06-03 21:09:41,1685840981,13.1,29.2,99000,1.00,5.00,9.00,11.0,0.0374,0
2023-06-03 21:14:42,1685841283,12.9,29.3,99000,1.00,2.00,4.00,5.00,0.0321,0
2023-06-03 21:19:52,1685841592,12.8,29.8,99000,2.00,2.00,4.00,5.00,0.0133,0
2023-06-03 21:24:53,1685841894,12.6,30.1,99000,1.00,2.00,4.00,5.00,0.0119,0
2023-06-03 21:29:55,1685842195,12.5,30.5,99000,1e-7,2.00,3.00,3.00,0.0117,0
2023-06-03 21:34:56,1685842496,12.4,30.2,99000,1.00,2.00,3.00,3.00,0.0113,0
2023-06-03 21:39:57,1685842798,12.4,30.0,99000,1.00,3.00,6.00,7.00,0.0146,0
2023-06-03 21:44:58,1685843099,12.5,29.6,99000,1.00,2.00,4.00,5.00,0.0154,0
2023-06-03 21:49:40,1685843380,12.5,29.3,99000,5.00,7.00,12.0,14.0,0.0164,0
2023-06-03 21:54:43,1685843683,12.7,28.6,99000,1.00,3.00,6.00,7.00,0.0382,0
2023-06-03 21:59:43,1685843984,13.0,27.7,99000,11.0,11.0,13.0,15.0,0.0958,0
2023-06-03 22:04:44,1685844285,13.4,26.0,99000,12.0,14.0,16.0,16.0,0.212,0
2023-06-03 22:09:45,1685844586,13.9,24.7,99000,21.0,25.0,27.0,29.0,0.146,0
2023-06-03 22:14:46,1685844887,14.3,23.8,99000,18.0,19.0,20.0,20.0,0.447,0
2023-06-03 22:19:47,1685845188,14.6,23.0,99000,14.0,15.0,15.0,15.0,0.248,0
2023-06-03 22:24:48,1685845488,14.9,22.1,98967,13.0,14.0,14.0,15.0,0.248,0
2023-06-03 22:29:48,1685845789,15.1,21.7,98900,18.0,20.0,21.0,21.0,0.197,0
2023-06-03 22:34:48,1685846089,15.3,20.9,98900,17.0,19.0,20.0,20.0,0.186,0
2023-06-03 22:39:49,1685846390,15.4,20.4,98900,16.0,17.0,18.0,19.0,0.0942,0
2023-06-03 22:44:50,1685846690,15.5,20.2,98900,11.0,14.0,16.0,17.0,0.224,0
2023-06-03 22:49:50,1685846991,15.5,20.0,98900,12.0,13.0,13.0,13.0,0.171,0
2023-06-03 22:54:50,1685847291,15.5,19.8,98900,9.00,10.0,10.0,10.0,0.0264,0
2023-06-03 22:59:51,1685847592,15.5,19.6,98900,10.0,11.0,11.0,11.0,0.0436,0
2023-06-03 23:04:52,1685847892,15.5,19.7,98900,9.00,10.0,10.0,10.0,0.0297,0
2023-06-03 23:09:52,1685848193,15.5,19.4,98900,11.0,12.0,12.0,12.0,0.0337,0
2023-06-03 23:14:53,1685848494,15.5,19.0,98900,10.0,11.0,14.0,17.0,0.0337,0
2023-06-03 23:19:53,1685848794,15.5,19.0,98900,10.0,12.0,12.0,12.0,0.0285,0
2023-06-03 23:24:54,1685849095,15.5,18.7,98900,12.0,14.0,15.0,15.0,0.0693,0
2023-06-03 23:29:54,1685849395,15.4,18.9,98900,12.0,12.0,12.0,12.0,0.0605,0
2023-06-03 23:34:55,1685849696,15.3,19.3,98900,10.0,12.0,12.0,13.0,0.0515,0
2023-06-03 23:39:55,1685849996,15.2,19.9,98900,7.00,8.00,8.00,8.00,0.125,0
2023-06-03 23:44:56,1685850297,15.0,20.1,98900,11.0,13.0,14.0,14.0,0.137,0
2023-06-03 23:49:56,1685850597,14.7,20.4,98900,5.00,7.00,8.00,9.00,0.116,0
2023-06-03 23:54:57,1685850898,14.5,20.5,98900,3.00,5.00,7.00,8.00,0.116,0
2023-06-03 23:59:58,1685851198,14.3,20.4,98900,7.00,7.00,7.00,7.00,0.144,0
2023-06-04 00:04:59,1685851499,14.1,20.5,98900,2.00,5.00,9.00,11.0,0.0188,0
2023-06-04 00:09:59,1685851800,13.9,21.0,98900,3.00,3.00,3.00,4.00,0.0247,0
2023-06-04 00:14:40,1685852081,13.7,20.9,98900,1.00,2.00,3.00,4.00,0.0253,0
2023-06-04 00:19:43,1685852383,13.5,21.2,98900,2.00,2.00,4.00,5.00,0.0129,0
2023-06-04 00:24:44,1685852684,13.3,21.6,98900,1.00,4.00,6.00,7.00,0.0142,0
2023-06-04 00:29:45,1685852985,13.1,22.0,98900,3.00,3.00,6.00,7.00,0.0213,0
2023-06-04 00:34:46,1685853286,12.9,22.4,98900,3.00,6.00,9.00,10.0,0.0146,0
2023-06-04 00:39:47,1685853587,12.8,22.7,98900,3.00,4.00,7.00,8.00,0.0112,0
2023-06-04 00:44:48,1685853889,12.6,22.8,98900,3.00,4.00,6.00,7.00,0.0137,0
2023-06-04 00:49:49,1685854190,12.5,23.2,98900,2.00,5.00,8.00,9.00,0.0117,0
2023-06-04 00:54:59,1685854500,12.3,23.4,98900,3.00,4.00,5.00,6.00,0.0137,0
2023-06-04 00:59:41,1685854781,12.2,23.4,98900,3.00,4.00,5.00,5.00,0.0145,0
2023-06-04 01:04:51,1685855091,12.2,23.3,98900,2.00,5.00,8.00,10.0,0.0158,0
2023-06-04 01:09:52,1685855392,12.1,23.3,98900,2.00,3.00,4.00,5.00,0.0158,0
2023-06-04 01:14:53,1685855694,12.0,23.5,98900,1.00,4.00,6.00,7.00,0.0153,0
2023-06-04 01:19:55,1685855995,11.9,23.7,98900,4.00,7.00,11.0,13.0,0.0283,0
2023-06-04 01:24:57,1685856297,11.8,23.7,98900,4.00,4.00,4.00,5.00,0.0249,0
2023-06-04 01:29:58,1685856599,11.7,24.0,98900,5.00,6.00,7.00,7.00,0.0258,0
2023-06-04 01:34:40,1685856881,11.6,24.1,98900,2.00,5.00,7.00,9.00,0.0308,0
2023-06-04 01:39:42,1685857182,11.5,24.0,98900,4.00,5.00,6.00,6.00,0.0279,0
2023-06-04 01:44:44,1685857484,11.4,24.0,98900,7.00,8.00,8.00,8.00,0.0250,0
2023-06-04 01:49:46,1685857786,11.2,24.0,98900,7.00,10.0,11.0,12.0,0.0402,0
2023-06-04 01:54:47,1685858088,11.1,24.1,98900,3.00,7.00,10.0,11.0,0.0700,0
2023-06-04 01:59:49,1685858390,11.0,24.3,98900,3.00,4.00,6.00,7.00,0.0561,0
2023-06-04 02:04:51,1685858691,10.8,24.6,98900,2.00,4.00,7.00,8.00,0.0404,0
2023-06-04 02:09:53,1685858993,10.7,25.3,98900,3.00,4.00,6.00,7.00,0.0114,0
2023-06-04 02:14:55,1685859296,10.6,26.0,98900,3.00,4.00,7.00,9.00,0.0125,0
2023-06-04 02:19:57,1685859597,10.5,26.4,98900,2.00,5.00,9.00,10.0,0.0125,0
2023-06-04 02:24:59,1685859899,10.4,26.4,98900,4.00,5.00,7.00,8.00,0.0238,0
2023-06-04 02:29:42,1685860182,10.3,26.2,98900,3.00,4.00,4.00,5.00,0.0224,0
2023-06-04 02:34:44,1685860484,10.2,26.6,98900,2.00,3.00,4.00,5.00,0.0205,0
2023-06-04 02:39:46,1685860786,10.1,26.8,98900,2.00,3.00,4.00,5.00,0.00965,0
2023-06-04 02:44:48,1685861088,10.00,27.1,98900,3.00,3.00,5.00,6.00,0.0100,0
2023-06-04 02:49:51,1685861391,9.89,26.7,98900,4.00,4.00,4.00,4.00,0.0110,0
2023-06-04 02:54:53,1685861694,9.82,26.6,98900,3.00,4.00,6.00,7.00,0.0106,0
2023-06-04 02:59:55,1685861996,9.74,26.8,98880,3.00,5.00,7.00,8.00,0.0106,0
2023-06-04 03:04:58,1685862299,9.61,27.1,98819,2.00,3.00,4.00,4.00,0.0169,0
2023-06-04 03:09:41,1685862581,9.48,27.6,98900,6.00,6.00,6.00,6.00,0.0157,0
2023-06-04 03:14:44,1685862884,9.36,27.9,98869,4.00,4.00,6.00,7.00,0.0128,0
2023-06-04 03:19:46,1685863187,9.25,28.1,98900,2.00,4.00,7.00,9.00,0.0283,0
2023-06-04 03:24:49,1685863490,9.13,28.4,98900,3.00,5.00,7.00,8.00,0.0283,0
2023-06-04 03:29:51,1685863792,9.01,28.1,98900,2.00,3.00,4.00,5.00,0.0325,0
2023-06-04 03:34:54,1685864094,8.89,28.0,98900,2.00,2.00,4.00,5.00,0.0325,0
2023-06-04 03:39:56,1685864397,8.79,27.9,98900,1.00,2.00,4.00,5.00,0.0119,0
2023-06-04 03:44:59,1685864699,8.66,27.7,98900,1.00,5.00,9.00,11.0,0.00995,0
2023-06-04 03:49:41,1685864981,8.56,27.6,98900,1.00,2.00,3.00,3.00,0.0155,0
2023-06-04 03:54:44,1685865285,8.48,27.8,98900,1.00,3.00,5.00,6.00,0.0160,0
2023-06-04 03:59:47,1685865587,8.41,28.2,98873,1.00,3.00,5.00,6.00,0.0103,0
2023-06-04 04:04:50,1685865890,8.34,28.7,98800,1.00,4.00,6.00,8.00,0.0130,0
2023-06-04 04:09:52,1685866193,8.28,28.9,98800,1.00,2.00,4.00,5.00,0.0135,0
2023-06-04 04:14:56,1685866496,8.23,29.4,98800,3.00,4.00,6.00,7.00,0.0131,0
2023-06-04 04:19:58,1685866799,8.19,29.6,98800,2.00,3.00,6.00,7.00,0.0109,0
2023-06-04 04:24:41,1685867081,8.15,30.0,98800,2.00,3.00,4.00,5.00,0.0139,0
2023-06-04 04:29:43,1685867383,8.12,30.3,98800,2.00,4.00,7.00,8.00,0.0119,0
2023-06-04 04:34:45,1685867686,8.12,30.9,98800,2.00,5.00,8.00,9.00,0.0259,0
2023-06-04 04:39:48,1685867989,8.16,31.1,98800,5.00,6.00,7.00,9.00,0.0206,0
2023-06-04 04:44:51,1685868291,8.24,31.0,98800,4.00,5.00,6.00,6.00,0.0188,0
2023-06-04 04:49:54,1685868595,8.38,31.2,98800,2.00,3.00,6.00,7.00,0.0428,0
2023-06-04 04:54:56,1685868897,8.55,31.9,98800,1.00,4.00,7.00,9.00,0.0159,0
2023-06-04 04:59:59,1685869199,8.70,31.7,98800,3.00,7.00,11.0,14.0,0.0303,0
2023-06-04 05:04:41,1685869482,8.86,31.9,98800,1.00,4.00,7.00,9.00,0.0225,0
2023-06-04 05:09:44,1685869785,8.97,31.6,98800,1.00,3.00,5.00,6.00,0.0176,0
2023-06-04 05:14:46,1685870087,9.06,31.6,98800,1.00,2.00,4.00,5.00,0.0276,0
2023-06-04 05:19:50,1685870390,9.11,31.4,98800,1.00,2.00,3.00,4.00,0.0165,0
2023-06-04 05:24:52,1685870693,9.14,31.1,98800,1.00,2.00,4.00,5.00,0.0103,0
2023-06-04 11:54:48,1685894089,27.8,17.1,98800,1.00,2.00,3.00,4.00,0.00995,0
2023-06-04 11:56:07,1685894167,27.7,17.1,98800,1e-7,1e-7,1e-7,1e-7,,
2023-06-04 12:19:47,1685895587,26.7,18.5,98700,1.00,4.00,8.00,9.00,,
2023-06-04 12:23:42,1685895822,27.5,18.8,98700,1e-7,2.00,4.00,5.00,,
2023-06-04 12:34:41,1685896481,30.4,17.2,98700,1e-7,1e-7,1e-7,1e-7,,
2023-06-04 12:37:37,1685896658,30.8,16.5,98700,1e-7,2.00,3.00,4.00,,
2023-06-04 12:49:46,1685897387,32.6,16.1,98600,1.00,2.00,3.00,4.00,,
2023-06-04 12:51:44,1685897504,32.9,15.8,98600,1e-7,1e-7,1e-7,1e-7,0.0282,0
2023-06-04 12:57:31,1685897851,34.3,14.5,98600,1e-7,2.00,3.00,4.00,0.0247,0
2023-06-04 13:24:00,1685899440,35.7,13.6,98600,1e-7,1e-7,1e-7,1e-7,,
2023-06-04 13:29:42,1685899782,35.3,13.6,98600,1.00,2.00,3.00,3.00,,
2023-06-04 13:44:46,1685900687,33.5,14.2,98513,1e-7,1.00,3.00,3.00,,
2023-06-04 13:47:21,1685900842,33.7,14.0,98500,1e-7,2.00,4.00,5.00,,
2023-06-04 14:02:16,1685901737,33.3,13.9,98500,1e-7,1e-7,1e-7,1e-7,,
2023-06-04 14:14:43,1685902484,32.0,14.8,98500,1e-7,2.00,4.00,5.00,,
2023-06-04 14:15:23,1685902523,31.7,14.8,98500,1e-7,1e-7,1e-7,1e-7,0.0107,0
2023-06-04 14:21:28,1685902889,30.8,15.6,98500,1e-7,1e-7,1e-7,1e-7,0.0107,0
2023-06-04 14:34:45,1685903686,28.7,16.2,98500,1e-7,2.00,3.00,4.00,0.0101,0
2023-06-04 14:39:41,1685903981,28.3,16.6,98500,1e-7,2.00,4.00,4.00,0.0105,0
2023-06-04 14:44:56,1685904297,27.7,17.2,98563,1e-7,2.00,4.00,4.00,0.0101,0
2023-06-04 14:49:53,1685904593,27.1,17.4,98600,1e-7,2.00,3.00,4.00,0.00995,0
2023-06-04 14:54:49,1685904890,26.6,17.7,98600,1e-7,1e-7,1e-7,1e-7,0.00995,0
2023-06-04 14:59:46,1685905187,26.2,18.3,98600,1e-7,2.00,4.00,5.00,0.0102,0
2023-06-04 15:04:43,1685905483,25.9,18.7,98600,3.00,6.00,8.00,9.00,0.0103,0
2023-06-04 15:09:59,1685905800,25.5,19.1,98600,1.00,2.00,3.00,4.00,0.0132,0
2023-06-04 15:14:25,1685906065,25.4,19.2,98600,1e-7,1.00,3.00,3.00,0.0138,0
2023-06-04 15:19:54,1685906395,25.3,19.5,98580,1e-7,1.00,2.00,2.00,0.0138,0
2023-06-04 15:24:51,1685906692,25.3,19.5,98593,1e-7,2.00,4.00,4.00,0.0147,0
2023-06-04 15:29:49,1685906989,25.2,19.2,98527,1e-7,1.00,1.00,2.00,0.00995,0
2023-06-04 15:34:45,1685907286,25.0,19.5,98540,1e-7,1e-7,1e-7,1e-7,0.00995,0
2023-06-04 15:39:42,1685907583,24.9,19.5,98500,1e-7,2.00,3.00,3.00,0.00995,0
2023-06-04 15:44:40,1685907880,24.9,19.8,98500,1e-7,2.00,4.00,4.00,0.00995,0
2023-06-04 15:49:58,1685908199,24.8,19.9,98519,1e-7,1e-7,1e-7,1e-7,0.00995,0
2023-06-04 15:54:55,1685908496,24.7,19.8,98500,1.00,2.00,3.00,3.00,0.00995,0
2023-06-04 15:59:53,1685908793,24.6,19.9,98500,1.00,2.00,4.00,5.00,0.00995,0
2023-06-04 16:04:11,1685909051,24.5,20.2,98500,1e-7,2.00,4.00,4.00,0.0102,0
2023-06-04 16:14:42,1685909682,24.3,20.6,98500,1e-7,2.00,4.00,5.00,0.0101,0
2023-06-04 16:19:40,1685909981,24.3,20.7,98500,1e-7,2.00,4.00,5.00,0.0101,0
2023-06-04 16:24:58,1685910298,24.2,20.7,98500,1.00,2.00,4.00,5.00,0.0103,0
2023-06-04 16:29:55,1685910596,23.9,20.8,98500,1e-7,1e-7,1e-7,1e-7,0.0102,0
2023-06-04 16:34:54,1685910894,23.7,21.0,98500,1e-7,2.00,3.00,4.00,0.0103,0
2023-06-04 16:39:51,1685911192,23.6,21.0,98500,1e-7,2.00,3.00,4.00,0.0101,0
2023-06-04 16:44:49,1685911490,23.5,21.4,98500,1.00,3.00,4.00,5.00,0.0102,0
2023-06-04 16:49:47,1685911787,23.5,21.6,98500,2.00,7.00,11.0,13.0,0.0225,0
2023-06-04 16:54:45,1685912085,23.4,21.7,98500,1.00,4.00,8.00,9.00,0.0201,0
2023-06-04 16:59:43,1685912383,23.3,21.7,98500,1e-7,2.00,4.00,5.00,0.0186,0
2023-06-04 17:04:21,1685912661,23.2,21.8,98500,1e-7,2.00,4.00,4.00,0.0161,0
2023-06-04 17:09:48,1685912988,23.1,22.1,98500,1.00,2.00,4.00,4.00,0.0126,0
2023-06-04 17:14:49,1685913290,23.0,22.1,98500,1e-7,2.00,4.00,4.00,0.0101,0
2023-06-04 17:19:47,1685913588,22.9,22.1,98500,1.00,3.00,6.00,7.00,0.00998,0
2023-06-04 17:24:45,1685913886,22.8,22.3,98500,2.00,2.00,4.00,4.00,0.0138,0
2023-06-04 17:29:42,1685914182,22.7,22.2,98500,1.00,3.00,6.00,7.00,0.00989,0
2023-06-04 17:34:40,1685914480,22.7,22.2,98500,1.00,4.00,6.00,7.00,0.0140,0
2023-06-04 17:39:58,1685914798,22.7,22.4,98500,1e-7,2.00,4.00,4.00,0.0205,0
2023-06-04 17:44:56,1685915097,22.5,22.7,98500,1e-7,1.00,3.00,3.00,0.0205,0
2023-06-04 17:49:55,1685915395,22.3,22.7,98500,1e-7,2.00,4.00,4.00,0.00995,0
2023-06-04 17:54:53,1685915694,22.1,22.9,98500,1e-7,2.00,3.00,4.00,0.00995,0
2023-06-04 17:59:52,1685915993,22.0,22.9,98500,1.00,2.00,4.00,4.00,0.00995,0
2023-06-04 18:04:51,1685916291,21.8,23.0,98500,1e-7,1e-7,1e-7,1e-7,0.00995,0
2023-06-04 18:09:49,1685916590,21.7,23.3,98500,1e-7,2.00,3.00,4.00,0.00995,0
2023-06-04 18:14:49,1685916889,21.7,23.3,98500,1.00,1.00,1.00,1.00,0.00995,0
2023-06-04 18:19:47,1685917188,21.6,23.5,98500,1e-7,1e-7,1e-7,1e-7,0.00995,0
2023-06-04 18:24:46,1685917486,21.5,23.5,98500,1e-7,2.00,3.00,3.00,0.00995,0
2023-06-04 18:29:44,1685917785,21.4,23.3,98500,1.00,3.00,6.00,7.00,0.0128,0
2023-06-04 18:34:42,1685918083,21.3,23.6,98500,1.00,2.00,3.00,3.00,0.0128,0
2023-06-04 18:39:41,1685918381,21.2,23.7,98500,1e-7,2.00,4.00,4.00,0.0121,0
2023-06-04 18:44:40,1685918680,21.1,24.0,98500,1.00,1.00,2.00,2.00,0.00995,0
2023-06-04 18:49:58,1685918999,21.1,24.0,98506,1e-7,2.00,4.00,4.00,0.00995,0
2023-06-04 18:54:57,1685919298,21.0,24.4,98593,1e-7,1e-7,1e-7,1e-7,0.00995,0
2023-06-04 18:59:56,1685919597,20.9,24.4,98533,1e-7,1.00,3.00,3.00,0.00995,0
2023-06-04 19:04:55,1685919895,20.8,24.6,98500,2.00,4.00,6.00,7.00,0.0125,0
2023-06-04 19:09:54,1685920194,20.7,24.8,98500,1e-7,2.00,3.00,3.00,0.0125,0
2023-06-04 19:14:53,1685920494,20.5,25.0,98500,1e-7,2.00,4.00,5.00,0.0116,0
2023-06-04 19:19:52,1685920793,20.2,24.9,98500,1.00,3.00,4.00,4.00,0.0103,0
2023-06-04 19:24:51,1685921092,20.0,25.1,98533,1.00,2.00,4.00,4.00,0.0102,0
2023-06-04 19:29:51,1685921391,19.7,25.2,98500,1e-7,1e-7,1e-7,1e-7,0.0100,0
2023-06-04 19:34:50,1685921690,19.4,25.4,98500,1e-7,2.00,3.00,4.00,0.00995,0
2023-06-04 19:39:49,1685921990,19.1,25.9,98500,1e-7,2.00,3.00,3.00,0.00995,0
2023-06-04 19:44:50,1685922291,18.8,26.4,98500,1e-7,2.00,3.00,3.00,0.00995,0
2023-06-04 19:49:50,1685922590,18.6,26.7,98500,1e-7,2.00,3.00,3.00,0.00995,0
2023-06-04 19:54:49,1685922890,18.3,26.8,98500,1e-7,1e-7,1e-7,1e-7,0.00995,0
2023-06-04 19:59:50,1685923190,18.1,27.2,98500,1e-7,1e-7,1e-7,1e-7,0.00995,0
2023-06-04 20:04:49,1685923490,17.8,27.5,98500,1e-7,2.00,3.00,3.00,0.00995,0
2023-06-04 20:09:49,1685923790,17.6,27.8,98500,1e-7,1e-7,1e-7,1e-7,0.00995,0
2023-06-04 20:14:58,1685924098,17.4,28.4,98500,1e-7,2.00,3.00,3.00,0.00995,0
2023-06-04 20:19:58,1685924399,17.2,28.5,98500,1e-7,2.00,4.00,5.00,0.0101,0
2023-06-04 20:24:58,1685924699,17.0,28.6,98500,1e-7,2.00,3.00,3.00,0.0101,0
2023-06-04 20:29:58,1685924999,16.8,29.1,98500,1e-7,1.00,3.00,3.00,0.0101,0
2023-06-04 20:34:58,1685925298,16.6,29.3,98500,1e-7,2.00,4.00,5.00,0.00995,0
2023-06-04 20:39:58,1685925599,16.4,29.4,98500,1e-7,2.00,3.00,4.00,0.0102,0
2023-06-04 20:44:58,1685925899,16.2,29.9,98500,1e-7,1e-7,1e-7,1e-7,0.0100,0
2023-06-04 20:49:58,1685926199,15.9,30.3,98500,1e-7,1.00,3.00,3.00,0.00995,0
2023-06-04 20:54:58,1685926499,15.7,30.7,98500,1e-7,2.00,4.00,4.00,0.00995,0
2023-06-04 20:59:59,1685926799,15.5,31.3,98500,1e-7,2.00,4.00,4.00,0.00995,0
2023-06-04 21:04:40,1685927081,15.4,31.4,98500,1e-7,5.00,8.00,9.00,0.00995,0
2023-06-04 21:09:40,1685927381,15.2,31.4,98513,1e-7,1e-7,1e-7,1e-7,0.00995,0
2023-06-04 21:14:41,1685927682,15.0,31.7,98507,1.00,4.00,7.00,9.00,0.0121,0
2023-06-04 21:19:43,1685927983,14.8,32.0,98500,1e-7,2.00,4.00,4.00,0.0128,0
2023-06-04 21:24:43,1685928284,14.7,32.7,98500,1e-7,2.00,4.00,5.00,0.0128,0
2023-06-04 21:29:45,1685928585,14.5,32.8,98500,1e-7,1e-7,1e-7,1e-7,0.0126,0
2023-06-04 21:34:45,1685928886,14.4,33.2,98500,1e-7,2.00,4.00,4.00,0.0101,0
2023-06-04 21:39:46,1685929186,14.2,33.6,98500,1.00,6.00,9.00,11.0,0.0158,0
2023-06-04 21:44:47,1685929487,14.1,34.2,98500,1.00,3.00,6.00,7.00,0.0129,0
2023-06-04 21:49:57,1685929797,14.0,34.1,98500,1.00,2.00,3.00,4.00,0.0101,0
2023-06-04 21:54:57,1685930098,13.9,34.1,98500,1.00,4.00,6.00,7.00,0.0106,0
2023-06-04 21:59:59,1685930400,13.8,34.3,98500,1.00,3.00,5.00,7.00,0.0127,0
2023-06-04 22:04:40,1685930681,13.7,34.6,98500,1.00,2.00,3.00,4.00,0.0111,0
2023-06-04 22:09:41,1685930982,13.6,35.7,98500,1.00,2.00,4.00,5.00,0.0110,0
2023-06-04 22:14:42,1685931283,13.5,35.4,98500,1e-7,1.00,2.00,2.00,0.0110,0
2023-06-04 22:19:43,1685931584,13.5,34.9,98500,1e-7,2.00,3.00,3.00,0.0102,0
2023-06-04 22:24:44,1685931885,13.4,34.9,98500,1e-7,2.00,4.00,4.00,0.0102,0
2023-06-04 22:29:46,1685932187,13.4,34.9,98500,1e-7,2.00,4.00,5.00,0.0101,0
2023-06-04 22:34:47,1685932488,13.3,34.7,98500,1e-7,2.00,3.00,4.00,0.0101,0
2023-06-04 22:39:49,1685932789,13.1,34.9,98500,1e-7,1e-7,1e-7,1e-7,0.0102,0
2023-06-04 22:44:50,1685933090,13.0,35.0,98500,1e-7,2.00,3.00,4.00,0.0101,0
2023-06-04 22:49:51,1685933392,12.9,35.5,98500,1e-7,1e-7,1e-7,1e-7,0.00995,0
2023-06-04 22:54:53,1685933694,12.8,35.9,98500,1e-7,2.00,4.00,4.00,0.00995,0
2023-06-04 22:59:55,1685933996,12.8,35.9,98500,1.00,4.00,6.00,7.00,0.0133,0
2023-06-04 23:04:56,1685934297,12.7,35.8,98500,1.00,5.00,9.00,10.0,0.0291,0
2023-06-04 23:09:58,1685934598,12.7,35.7,98500,1e-7,1.00,3.00,3.00,0.0313,0
2023-06-04 23:14:59,1685934899,12.7,35.6,98500,1.00,6.00,10.0,12.0,0.0313,0
2023-06-04 23:19:40,1685935180,12.7,35.6,98457,1.00,2.00,4.00,5.00,0.0215,0
2023-06-04 23:24:41,1685935482,12.7,35.6,98473,1e-7,2.00,4.00,5.00,0.0192,0
2023-06-04 23:29:42,1685935783,12.6,35.7,98500,1e-7,2.00,4.00,5.00,0.0129,0
2023-06-04 23:34:52,1685936093,12.5,36.2,98500,1e-7,2.00,3.00,3.00,0.0105,0
2023-06-04 23:39:54,1685936394,12.5,36.4,98500,1e-7,1e-7,1e-7,1e-7,0.0105,0
2023-06-04 23:44:55,1685936695,12.5,37.0,98500,1e-7,1e-7,1e-7,1e-7,0.0101,0
2023-06-04 23:49:56,1685936997,12.4,37.1,98460,1e-7,2.00,4.00,5.00,0.0101,0
2023-06-04 23:54:58,1685937298,12.4,37.0,98500,1e-7,2.00,4.00,4.00,0.0101,0
2023-06-04 23:59:39,1685937579,12.3,36.8,98457,1e-7,2.00,3.00,3.00,0.00995,0
