2023-05-02 18:14:53,1683065694,15.9,36.2,98000,2.00,3.00,4.00,5.00,,
2023-05-02 18:19:56,1683065997,16.0,36.4,98000,2.00,2.00,4.00,5.00,,
2023-05-02 18:21:13,1683066073,16.0,36.0,98000,2.00,2.00,2.00,3.00,,
2023-05-02 18:54:43,1683068083,16.1,35.5,98000,1.00,3.00,5.00,6.00,,
2023-05-02 18:59:19,1683068359,16.0,35.7,98000,1.00,5.00,8.00,10.0,0.0263,0
2023-05-02 19:00:17,1683068417,15.8,35.9,98000,1.00,1.00,2.00,2.00,0.0263,0
2023-05-02 19:09:57,1683068998,15.8,36.0,98000,2.00,4.00,5.00,6.00,0.0303,0
2023-05-02 19:14:49,1683069289,15.8,36.0,98000,2.00,2.00,3.00,4.00,0.0195,0
2023-05-02 19:16:06,1683069366,15.8,36.1,98025,1e-7,1.00,2.00,2.00,0.0245,0
2023-05-02 19:24:40,1683069881,15.7,36.5,98100,2.00,5.00,7.00,8.00,0.0245,0
2023-05-02 19:29:37,1683070177,15.6,36.9,98100,3.00,5.00,7.00,8.00,,
2023-05-02 19:34:46,1683070486,15.5,36.9,98100,3.00,4.00,6.00,7.00,0.0186,0
2023-05-02 19:39:49,1683070789,15.4,37.1,98100,2.00,3.00,4.00,4.00,0.0129,0
2023-05-02 19:44:40,1683071081,15.3,37.4,98100,1.00,3.00,4.00,5.00,0.0158,0
2023-05-02 19:49:48,1683071389,15.2,37.8,98100,3.00,8.00,12.0,13.0,0.0156,0
2023-05-02 19:50:07,1683071408,15.1,38.1,98100,1.00,1.00,1.00,1.00,0.0237,0
2023-05-02 19:57:02,1683071823,15.2,38.2,98100,2.00,4.00,5.00,5.00,0.0301,0
2023-05-02 20:14:53,1683072894,14.9,39.1,98100,3.00,4.00,4.00,5.00,0.0234,0
2023-05-02 20:19:47,1683073188,15.0,39.3,98100,1.00,2.00,3.00,3.00,0.0186,0
2023-05-02 20:24:04,1683073445,14.9,39.3,98100,2.00,2.00,3.00,4.00,0.0211,0
2023-05-02 20:28:51,1683073732,14.9,39.2,98100,1.00,3.00,6.00,7.00,0.0211,0
2023-05-02 20:39:41,1683074382,14.6,40.1,98200,1.00,1.00,2.00,2.00,0.0112,0
2023-05-02 20:41:56,1683074516,14.6,40.1,98200,2.00,3.00,3.00,3.00,0.0124,0
2023-05-02 20:49:47,1683074987,14.7,39.8,98200,1.00,1.00,2.00,2.00,0.0134,0
2023-05-02 20:54:35,1683075275,14.7,39.8,98200,2.00,3.00,4.00,5.00,0.0132,0
2023-05-02 20:57:46,1683075467,14.6,39.9,98200,1.00,4.00,7.00,8.00,0.0115,0
2023-05-02 21:03:29,1683075810,14.7,39.9,98200,1.00,2.00,2.00,3.00,0.0104,0
2023-05-02 21:09:50,1683076190,14.6,40.0,98200,4.00,4.00,4.00,4.00,0.0122,0
2023-05-02 21:11:46,1683076306,14.6,40.1,98200,2.00,2.00,4.00,4.00,0.0119,0
2023-05-02 21:19:20,1683076760,14.4,40.3,98200,2.00,4.00,5.00,6.00,0.0141,0
2023-05-02 21:24:54,1683077094,14.3,40.9,98200,2.00,3.00,4.00,5.00,0.0118,0
2023-05-02 21:28:26,1683077307,14.2,40.9,98200,2.00,5.00,9.00,11.0,0.0146,0
2023-05-02 21:33:43,1683077623,14.3,41.0,98200,1.00,3.00,5.00,6.00,0.0146,0
2023-05-02 21:39:55,1683077996,14.3,40.9,98200,2.00,4.00,7.00,8.00,0.0118,0
2023-05-02 21:44:44,1683078284,14.2,41.6,98200,2.00,5.00,7.00,8.00,0.0140,0
2023-05-02 21:46:58,1683078419,13.9,42.6,98200,1e-7,3.00,4.00,5.00,0.0116,0
2023-05-02 21:51:40,1683078701,13.9,42.5,98200,2.00,3.00,3.00,3.00,0.0116,0
2023-05-02 22:04:56,1683079497,13.5,44.8,98200,2.00,2.00,2.00,3.00,0.0151,0
2023-05-02 22:07:31,1683079651,13.3,45.6,98200,1.00,4.00,6.00,7.00,0.0167,0
2023-05-02 22:24:45,1683080686,13.1,46.6,98200,2.00,2.00,3.00,4.00,,
2023-05-02 22:28:19,1683080899,13.0,46.7,98200,2.00,4.00,7.00,8.00,,
2023-05-02 22:34:51,1683081292,13.1,46.3,98200,1.00,3.00,5.00,7.00,,
2023-05-02 22:36:27,1683081387,13.1,46.2,98200,1.00,3.00,4.00,4.00,,
2023-05-02 22:42:02,1683081722,13.2,46.1,98200,1.00,1.00,2.00,3.00,,
2023-05-02 22:49:50,1683082191,13.2,45.9,98200,1.00,3.00,6.00,7.00,,
2023-05-02 22:51:27,1683082288,13.1,45.9,98200,1.00,3.00,5.00,7.00,0.0202,0
2023-05-02 22:57:56,1683082677,13.1,45.9,98200,3.00,4.00,4.00,4.00,0.0134,0
2023-05-02 23:04:54,1683083094,13.2,45.3,98200,2.00,6.00,10.0,12.0,0.0195,0
2023-05-02 23:09:50,1683083391,13.2,45.4,98200,1.00,2.00,3.00,3.00,0.0195,0
2023-05-02 23:13:04,1683083584,13.2,45.0,98200,2.00,6.00,10.0,12.0,0.0237,0
2023-05-02 23:19:40,1683083981,13.2,44.2,98200,1.00,3.00,4.00,5.00,0.0141,0
2023-05-02 23:23:13,1683084193,13.3,44.0,98200,3.00,4.00,5.00,6.00,0.0272,0
2023-05-02 23:34:41,1683084882,13.0,44.1,98200,1e-7,1.00,2.00,3.00,0.0163,0
2023-05-02 23:35:39,1683084940,12.9,44.4,98200,2.00,2.00,2.00,2.00,0.0163,0
2023-05-02 23:41:39,1683085300,12.7,44.7,98200,1.00,3.00,4.00,4.00,0.0104,0
2023-05-02 23:49:43,1683085784,12.7,44.6,98200,2.00,4.00,7.00,8.00,0.0137,0
2023-05-02 23:54:59,1683086100,12.6,44.6,98200,4.00,5.00,7.00,9.00,0.0108,0
2023-05-03 00:09:54,1683086994,12.3,44.9,98300,2.00,2.00,3.00,3.00,0.0124,0
2023-05-03 00:12:29,1683087149,12.3,44.5,98300,1e-7,3.00,5.00,6.00,0.0128,0
2023-05-03 00:24:51,1683087892,12.3,44.6,98300,1.00,2.00,3.00,4.00,0.0154,0
2023-05-03 00:27:26,1683088047,12.3,44.7,98300,2.00,3.00,5.00,6.00,0.0173,0
2023-05-03 00:34:55,1683088495,12.3,44.5,98300,2.00,3.00,6.00,7.00,0.0173,0
2023-05-03 00:35:19,1683088519,12.2,44.4,98300,1e-7,1e-7,1e-7,1e-7,0.0110,0
2023-05-03 00:49:57,1683089397,12.2,44.3,98300,2.00,7.00,13.0,16.0,0.0134,0
2023-05-03 01:07:43,1683090464,12.0,44.2,98300,1.00,3.00,5.00,6.00,,
2023-05-03 01:18:42,1683091123,11.8,44.3,98300,1.00,1.00,2.00,2.00,,
2023-05-03 01:24:43,1683091483,11.8,44.0,98300,1.00,2.00,3.00,3.00,,
2023-05-03 01:26:38,1683091598,11.7,44.1,98300,1e-7,1e-7,1e-7,1e-7,,
2023-05-03 01:34:50,1683092090,11.9,43.5,98300,1e-7,2.00,3.00,4.00,,
2023-05-03 01:39:49,1683092389,11.7,43.8,98300,1e-7,3.00,5.00,6.00,,
2023-05-03 01:44:55,1683092696,11.7,43.6,98300,1e-7,1e-7,1e-7,1e-7,,
2023-05-03 01:49:55,1683092995,11.8,43.5,98300,1e-7,2.00,3.00,4.00,,
2023-05-03 01:52:48,1683093168,11.9,43.0,98300,1.00,2.00,3.00,4.00,,
2023-05-03 02:04:43,1683093884,11.9,42.8,98300,2.00,2.00,2.00,2.00,0.0107,0
2023-05-03 02:09:34,1683094174,11.8,42.7,98300,1.00,2.00,3.00,4.00,0.0120,0
2023-05-03 02:14:15,1683094456,11.8,42.7,98300,1.00,1.00,2.00,3.00,0.00948,0
2023-05-03 02:22:32,1683094952,11.8,42.8,98300,2.00,4.00,6.00,7.00,0.0113,0
2023-05-03 02:34:57,1683095698,11.7,42.7,98300,1.00,2.00,3.00,4.00,0.0113,0
2023-05-03 02:36:26,1683095787,11.7,43.0,98300,1e-7,1e-7,1e-7,1e-7,0.0106,0
2023-05-03 02:43:05,1683096186,11.6,42.9,98300,1.00,3.00,5.00,7.00,0.0114,0
2023-05-03 02:47:28,1683096449,11.7,42.9,98300,1e-7,3.00,5.00,6.00,0.0112,0
2023-05-03 03:02:06,1683097326,11.3,43.6,98300,1.00,2.00,3.00,3.00,0.0103,0
2023-05-03 03:14:54,1683098094,11.2,43.7,98300,1.00,3.00,5.00,6.00,0.00966,0
2023-05-03 03:15:52,1683098152,11.2,43.8,98300,1e-7,1.00,1.00,1.00,0.00991,0
2023-05-03 03:23:06,1683098586,11.3,43.5,98300,1.00,2.00,3.00,3.00,0.0139,0
2023-05-03 03:59:58,1683100798,10.7,43.7,98300,1.00,3.00,5.00,7.00,,
2023-05-03 04:02:14,1683100934,10.7,43.6,98300,1.00,1.00,2.00,3.00,,
2023-05-03 04:06:52,1683101213,10.5,43.9,98300,1e-7,2.00,3.00,4.00,,
2023-05-03 04:14:49,1683101689,10.8,42.9,98300,1e-7,1e-7,1.00,1.00,,
2023-05-03 04:19:38,1683101978,10.7,42.8,98300,3.00,4.00,4.00,5.00,,
2023-05-03 04:21:39,1683102100,10.7,42.8,98300,1.00,1.00,2.00,2.00,,
2023-05-03 04:34:51,1683102892,10.7,40.9,98300,1.00,1.00,1.00,1.00,,
2023-05-03 04:38:04,1683103085,10.6,41.0,98300,1.00,2.00,3.00,4.00,,
2023-05-03 04:47:36,1683103657,10.5,41.1,98300,1.00,3.00,5.00,6.00,0.0129,0
2023-05-03 04:54:58,1683104098,10.5,40.9,98300,1e-7,1.00,2.00,3.00,0.0107,0
2023-05-03 12:31:52,1683131513,13.8,30.2,98700,1e-7,1e-7,1e-7,1e-7,,
2023-05-03 12:44:49,1683132289,13.4,30.9,98700,1e-7,1e-7,1e-7,1e-7,,
2023-05-03 13:49:43,1683136183,12.7,31.7,98800,1.00,3.00,6.00,7.00,,
2023-05-03 13:54:49,1683136489,12.8,31.8,98800,1e-7,1e-7,1.00,1.00,,
2023-05-03 13:55:45,1683136546,12.8,32.0,98800,1e-7,1e-7,1.00,1.00,,
2023-05-03 14:24:20,1683138261,13.8,30.9,98800,1e-7,2.00,3.00,4.00,,
2023-05-03 14:47:46,1683139666,13.0,31.5,98800,1e-7,1e-7,1e-7,1e-7,,
2023-05-03 14:57:35,1683140256,13.3,31.4,98800,1e-7,1.00,1.00,1.00,,
2023-05-03 15:18:51,1683141531,13.2,31.3,98800,1.00,2.00,3.00,3.00,,
2023-05-03 15:36:29,1683142590,12.9,32.5,98800,1e-7,2.00,3.00,4.00,0.0119,0
2023-05-03 15:41:29,1683142890,13.2,31.6,98800,1e-7,1.00,2.00,3.00,0.0119,0
2023-05-03 16:27:27,1683145648,12.9,33.7,98817,1e-7,3.00,5.00,6.00,,
2023-05-03 16:39:20,1683146360,13.0,33.3,98863,1.00,4.00,7.00,9.00,,
2023-05-03 16:44:45,1683146685,12.8,33.2,98900,1e-7,1.00,2.00,3.00,,
2023-05-03 16:46:21,1683146782,12.9,33.1,98900,1.00,4.00,7.00,9.00,,
2023-05-03 17:33:52,1683149633,12.7,33.8,98900,1e-7,2.00,4.00,4.00,,
2023-05-03 17:54:44,1683150884,12.6,33.8,98900,1e-7,1e-7,1e-7,1e-7,,
2023-05-03 18:03:55,1683151436,12.3,34.7,99000,1e-7,3.00,5.00,6.00,0.0283,0
2023-05-03 18:23:34,1683152615,11.9,36.2,99000,1.00,2.00,3.00,3.00,,
2023-05-03 18:34:44,1683153285,12.0,35.9,99000,1.00,1.00,2.00,3.00,,
2023-05-03 18:37:00,1683153421,11.9,36.1,99000,1.00,3.00,6.00,7.00,,
2023-05-03 18:49:47,1683154188,11.8,36.8,99000,1.00,2.00,4.00,4.00,,
2023-05-03 18:51:39,1683154300,11.8,36.6,99000,1.00,2.00,3.00,3.00,,
2023-05-03 18:59:43,1683154783,11.7,37.2,99000,1e-7,1e-7,1e-7,1e-7,,
2023-05-03 19:01:00,1683154860,11.7,37.4,99000,1.00,2.00,3.00,3.00,,
2023-05-03 19:06:06,1683155167,11.7,37.4,99000,1e-7,1e-7,1e-7,1e-7,,
2023-05-03 19:14:45,1683155685,11.7,37.2,99000,1e-7,1.00,3.00,3.00,0.0120,0
2023-05-03 19:15:04,1683155705,11.8,37.0,99000,1.00,1.00,1.00,1.00,0.0120,0
2023-05-03 19:20:48,1683156048,11.7,36.8,99000,1e-7,1e-7,1e-7,1e-7,0.0121,0
2023-05-03 19:33:26,1683156806,11.6,37.0,99100,1e-7,1e-7,1e-7,1e-7,0.0121,0
2023-05-03 19:52:38,1683157958,11.5,37.5,99100,1.00,2.00,3.00,4.00,,
2023-05-03 20:06:20,1683158781,11.5,37.7,99100,1e-7,1.00,2.00,3.00,,
2023-05-03 20:13:58,1683159239,11.5,37.9,99100,1.00,2.00,3.00,4.00,,
2023-05-03 20:19:46,1683159587,11.5,37.4,99100,1e-7,4.00,6.00,8.00,,
2023-05-03 20:24:46,1683159887,11.3,38.1,99100,2.00,3.00,4.00,4.00,,
2023-05-03 20:25:44,1683159945,11.3,38.4,99100,1e-7,1.00,3.00,3.00,,
2023-05-03 20:33:47,1683160428,11.4,38.0,99100,1.00,4.00,6.00,8.00,0.0164,0
2023-05-03 20:42:17,1683160937,11.3,38.1,99100,1e-7,2.00,3.00,4.00,0.0196,0
2023-05-03 20:48:20,1683161300,11.3,38.3,99100,2.00,2.00,3.00,4.00,0.00995,0
2023-05-03 20:59:43,1683161984,11.1,39.1,99100,1.00,3.00,4.00,5.00,0.00995,0
2023-05-03 21:00:22,1683162023,11.1,39.1,99100,1e-7,1.00,3.00,3.00,0.00995,0
2023-05-03 21:19:38,1683163179,10.9,39.3,99175,1e-7,2.00,4.00,4.00,,
2023-05-03 21:20:36,1683163237,10.8,39.6,99100,1e-7,1e-7,1.00,1.00,,
2023-05-03 21:26:14,1683163574,10.6,39.7,99200,1.00,8.00,13.0,16.0,,
2023-05-03 21:38:54,1683164335,10.5,40.2,99200,2.00,6.00,10.0,12.0,,
2023-05-03 21:44:57,1683164698,10.6,40.0,99200,1e-7,1.00,2.00,3.00,,
2023-05-03 21:45:17,1683164717,10.6,39.9,99200,1e-7,1e-7,1e-7,1e-7,,
2023-05-03 21:59:12,1683165553,10.8,39.5,99200,1.00,1.00,2.00,2.00,,
2023-05-03 22:12:19,1683166340,10.7,39.7,99200,1e-7,5.00,9.00,11.0,,
2023-05-03 22:19:53,1683166793,10.7,39.4,99200,2.00,7.00,13.0,15.0,0.0399,0
2023-05-03 22:24:52,1683167093,10.7,39.1,99200,1.00,4.00,7.00,8.00,0.0384,0
2023-05-03 22:26:12,1683167172,10.7,39.1,99200,1e-7,2.00,4.00,4.00,0.0284,0
2023-05-03 22:34:42,1683167683,10.7,39.1,99200,1e-7,1.00,2.00,3.00,0.0319,0
2023-05-03 22:36:38,1683167799,10.8,39.0,99200,2.00,4.00,5.00,5.00,0.0222,0
2023-05-03 22:54:08,1683168849,10.7,38.9,99200,2.00,3.00,4.00,5.00,,
2023-05-03 23:08:26,1683169707,10.6,38.8,99200,1.00,2.00,3.00,4.00,,
2023-05-03 23:22:00,1683170520,10.5,38.8,99200,1.00,4.00,6.00,7.00,,
2023-05-03 23:34:51,1683171292,10.4,38.4,99200,1.00,2.00,3.00,4.00,,
2023-05-03 23:36:48,1683171408,10.4,38.5,99200,1.00,4.00,7.00,8.00,,
2023-05-03 23:41:53,1683171714,10.4,38.5,99200,1e-7,3.00,6.00,7.00,,
2023-05-03 23:53:15,1683172395,10.4,38.5,99283,2.00,2.00,3.00,3.00,,
2023-05-03 23:59:42,1683172782,10.3,38.6,99300,1e-7,1.00,1.00,2.00,,
2023-05-04 00:00:59,1683172860,10.3,38.5,99300,1.00,2.00,3.00,4.00,0.0118,0
2023-05-04 00:08:29,1683173309,10.3,38.2,99300,1.00,2.00,3.00,4.00,0.0166,0
2023-05-04 00:19:47,1683173988,10.2,38.2,99300,1.00,6.00,10.0,13.0,0.0262,0
2023-05-04 00:20:46,1683174046,10.1,38.6,99300,2.00,2.00,3.00,4.00,0.0152,0
2023-05-04 00:34:50,1683174890,10.1,38.2,99300,1.00,2.00,2.00,3.00,0.0120,0
2023-05-04 00:36:27,1683174987,10.1,38.1,99300,2.00,2.00,3.00,4.00,0.0118,0
2023-05-04 00:46:58,1683175619,10.1,38.5,99300,1e-7,5.00,10.0,12.0,0.0104,0
2023-05-04 00:54:57,1683176098,10.0,38.9,99300,1.00,2.00,3.00,3.00,0.0216,0
2023-05-04 00:59:57,1683176397,10.0,38.6,99300,1e-7,1.00,1.00,2.00,0.00995,0
2023-05-04 01:01:32,1683176492,9.92,39.2,99300,1.00,3.00,6.00,7.00,0.0318,0
2023-05-04 01:08:14,1683176895,10.1,38.9,99300,1.00,7.00,11.0,14.0,0.0318,0
2023-05-04 01:13:12,1683177192,9.99,39.3,99300,1.00,7.00,11.0,13.0,0.0155,0
2023-05-04 01:19:52,1683177593,9.83,39.9,99300,1.00,4.00,7.00,8.00,0.0393,0
2023-05-04 01:20:12,1683177612,9.84,39.6,99300,1e-7,1.00,2.00,3.00,0.0335,0
2023-05-04 01:28:46,1683178127,9.90,40.0,99300,1e-7,1.00,2.00,3.00,0.0416,0
2023-05-04 01:37:05,1683178625,9.71,40.7,99283,1e-7,1e-7,1e-7,1e-7,0.0316,0
2023-05-04 01:44:39,1683179080,9.63,41.7,99300,1.00,1.00,1.00,1.00,0.0774,0
2023-05-04 01:54:43,1683179684,9.51,42.2,99300,1e-7,1e-7,1e-7,1e-7,0.0515,0
2023-05-04 01:55:21,1683179721,9.50,42.3,99300,1e-7,1.00,1.00,1.00,0.0499,0
2023-05-04 02:09:58,1683180598,9.16,44.3,99300,1e-7,1e-7,1e-7,1e-7,0.0413,0
2023-05-04 02:24:00,1683181440,9.14,44.7,99300,1e-7,1.00,2.00,3.00,0.0190,0
2023-05-04 02:34:46,1683182086,9.08,44.9,99300,1e-7,1e-7,1e-7,1e-7,0.0111,0
2023-05-04 02:39:05,1683182346,9.08,45.3,99300,1e-7,2.00,3.00,4.00,0.0111,0
2023-05-04 02:53:35,1683183215,9.08,46.0,99300,1e-7,1e-7,1e-7,1e-7,0.00995,0
2023-05-04 02:59:59,1683183599,9.09,46.1,99300,1e-7,1e-7,1e-7,1e-7,0.00995,0
2023-05-04 03:04:32,1683183872,9.08,45.8,99300,1e-7,2.00,3.00,4.00,0.00995,0
2023-05-04 03:14:25,1683184465,9.03,47.1,99300,1e-7,1e-7,1e-7,1e-7,0.00995,0
2023-05-04 03:19:49,1683184790,9.02,47.1,99300,1e-7,1e-7,1e-7,1e-7,0.00995,0
2023-05-04 03:20:28,1683184829,9.02,47.0,99300,1e-7,1.00,3.00,3.00,0.00995,0
2023-05-04 03:29:54,1683185395,9.05,46.7,99300,1.00,4.00,6.00,7.00,0.0116,0
2023-05-04 03:30:33,1683185434,9.12,45.0,99300,1e-7,1e-7,1e-7,1e-7,0.0108,0
2023-05-04 03:37:01,1683185821,9.04,44.7,99300,1e-7,1e-7,1e-7,1e-7,0.0108,0
2023-05-04 03:46:59,1683186420,9.12,44.1,99300,1e-7,4.00,7.00,8.00,0.0120,0
2023-05-04 04:04:54,1683187495,9.22,43.3,99300,1e-7,1e-7,1e-7,1e-7,,
2023-05-04 04:09:53,1683187793,9.26,43.4,99300,1.00,2.00,3.00,4.00,,
2023-05-04 04:11:11,1683187871,9.36,43.0,99300,1e-7,2.00,3.00,4.00,,
2023-05-04 04:17:50,1683188270,9.31,43.4,99300,1e-7,1e-7,1e-7,1e-7,,
2023-05-04 04:23:08,1683188589,9.35,42.8,99300,1e-7,1.00,2.00,3.00,,
2023-05-04 04:33:11,1683189192,9.35,43.9,99400,1e-7,1e-7,1e-7,1e-7,,
2023-05-04 04:39:29,1683189570,9.52,42.7,99350,1.00,1.00,1.00,1.00,,
2023-05-04 04:48:24,1683190104,9.39,43.6,99400,1e-7,1e-7,1e-7,1e-7,,
2023-05-04 04:59:28,1683190769,9.35,43.8,99400,1e-7,1e-7,1e-7,1e-7,,
2023-05-04 05:09:48,1683191389,9.29,44.0,99400,1e-7,1e-7,1e-7,1e-7,0.00995,0
2023-05-04 05:14:59,1683191700,9.26,44.5,99400,1e-7,1.00,3.00,3.00,0.00995,0
2023-05-04 05:17:22,1683191842,9.32,44.7,99400,1e-7,2.00,3.00,4.00,0.00995,0
2023-05-04 05:24:58,1683192298,9.25,44.3,99400,1.00,2.00,3.00,3.00,0.00995,0
2023-05-04 05:25:36,1683192337,9.30,44.3,99400,1e-7,1e-7,1e-7,1e-7,0.00995,0
2023-05-04 05:31:13,1683192674,9.29,44.3,99400,1.00,1.00,1.00,1.00,0.00995,0
2023-05-04 05:39:57,1683193197,9.38,44.3,99400,1e-7,1.00,2.00,3.00,,
2023-05-04 05:42:46,1683193367,9.34,44.6,99400,1e-7,2.00,3.00,4.00,0.00995,0
2023-05-04 11:19:27,1683213567,17.9,26.4,99700,1e-7,1e-7,1e-7,1e-7,0.00995,0
2023-05-04 11:36:35,1683214596,18.4,25.7,99700,1e-7,1.00,3.00,3.00,,
2023-05-04 12:27:25,1683217645,18.3,26.0,99700,1e-7,2.00,3.00,4.00,,
2023-05-04 13:22:24,1683220945,16.8,28.7,99800,1e-7,1.00,1.00,2.00,,
2023-05-04 13:48:35,1683222516,17.4,27.6,99800,1e-7,1e-7,1e-7,1e-7,,
2023-05-04 13:58:59,1683223139,17.9,26.7,99800,1e-7,1e-7,1e-7,1e-7,,
2023-05-04 14:24:52,1683224692,18.2,27.3,99800,1e-7,2.00,3.00,4.00,,
2023-05-04 14:31:35,1683225095,16.8,31.6,99800,1e-7,1e-7,1e-7,1e-7,,
2023-05-04 15:44:52,1683229493,18.4,27.6,99800,1e-7,2.00,3.00,4.00,,
2023-05-04 15:45:50,1683229550,18.3,28.6,99800,1e-7,1e-7,1e-7,1e-7,,
2023-05-04 15:59:10,1683230351,17.2,34.0,99800,1.00,4.00,7.00,8.00,,
2023-05-04 16:14:48,1683231288,16.0,36.5,99800,1e-7,2.00,3.00,4.00,,
2023-05-04 16:18:42,1683231523,16.2,35.2,99800,1.00,2.00,3.00,3.00,,
2023-05-04 16:34:51,1683232492,18.2,31.3,99800,1e-7,1.00,2.00,3.00,,
2023-05-04 16:37:05,1683232626,18.2,30.5,99800,1e-7,1.00,1.00,1.00,,
2023-05-04 16:54:17,1683233657,17.8,29.7,99800,1e-7,1.00,1.00,1.00,,
2023-05-04 17:10:43,1683234643,18.2,28.0,99800,1e-7,1.00,2.00,3.00,,
2023-05-04 17:29:45,1683235786,18.5,27.1,99800,1e-7,1e-7,1e-7,1e-7,,
2023-05-04 17:34:42,1683236082,18.3,27.1,99800,1e-7,2.00,3.00,4.00,,
2023-05-04 17:35:01,1683236101,18.1,27.6,99800,1e-7,1e-7,1e-7,1e-7,,
2023-05-04 17:42:14,1683236534,17.7,28.5,99900,1e-7,1.00,2.00,3.00,,
2023-05-04 17:54:41,1683237282,17.4,28.9,99900,1e-7,5.00,9.00,12.0,,
2023-05-04 17:58:51,1683237531,17.2,28.8,99900,1.00,2.00,3.00,4.00,0.0271,0
2023-05-04 18:24:44,1683239084,16.6,30.6,99900,1e-7,1e-7,1e-7,1e-7,,
2023-05-04 18:25:02,1683239103,16.6,30.6,99900,1e-7,1e-7,1e-7,1e-7,,
2023-05-04 18:43:08,1683240188,16.1,31.8,99900,1e-7,6.00,10.0,12.0,,
2023-05-04 18:54:56,1683240897,15.9,31.4,100000,1e-7,1e-7,1e-7,1e-7,,
2023-05-04 19:04:13,1683241454,15.9,31.4,100000,1e-7,3.00,5.00,6.00,,
2023-05-04 19:13:06,1683241986,15.6,31.4,100000,1e-7,1e-7,1e-7,1e-7,,
2023-05-04 19:49:21,1683244161,15.1,32.5,100000,1e-7,1e-7,1e-7,1e-7,,
2023-05-04 19:59:32,1683244773,14.5,33.5,100014,1e-7,1e-7,1e-7,1e-7,,
2023-05-04 20:07:10,1683245230,14.1,34.1,100100,1e-7,1e-7,1e-7,1e-7,0.0155,0
2023-05-04 20:13:24,1683245604,13.9,34.4,100088,1e-7,1.00,2.00,3.00,,
2023-05-04 20:19:45,1683245986,13.6,34.7,100100,1e-7,1e-7,1e-7,1e-7,0.0252,0
2023-05-04 20:31:48,1683246709,13.1,36.5,100100,1e-7,1e-7,1e-7,1e-7,,
2023-05-04 20:44:53,1683247493,12.4,37.4,100100,1e-7,1e-7,1e-7,1e-7,0.0119,0
2023-05-04 20:49:51,1683247792,12.2,38.1,100100,1e-7,1e-7,1e-7,1e-7,0.0119,0
2023-05-04 20:52:13,1683247934,12.0,38.4,100100,1e-7,1e-7,1e-7,1e-7,0.00995,0
2023-05-04 20:57:52,1683248272,11.6,39.1,100100,1e-7,1e-7,1e-7,1e-7,0.00995,0
2023-05-04 21:03:12,1683248593,11.4,39.4,100100,1e-7,1e-7,1e-7,1e-7,0.00995,0
2023-05-04 21:09:50,1683248990,11.1,40.3,100100,1e-7,1e-7,1e-7,1e-7,0.00995,0
2023-05-04 21:13:43,1683249224,11.0,40.5,100100,1e-7,1e-7,1e-7,1e-7,0.00995,0
2023-05-04 21:24:59,1683249900,10.6,41.6,100100,1e-7,1e-7,1e-7,1e-7,0.00995,0
2023-05-04 21:26:36,1683249997,10.5,41.7,100100,1e-7,1e-7,1e-7,1e-7,0.00995,0
2023-05-04 21:33:51,1683250432,10.3,42.3,100158,1e-7,1e-7,1e-7,1e-7,0.00995,0
2023-05-04 21:37:16,1683250636,10.2,42.7,100200,1e-7,1e-7,1e-7,1e-7,0.00995,0
2023-05-04 21:43:33,1683251013,10.2,43.2,100200,1e-7,1e-7,1e-7,1e-7,0.00995,0
2023-05-04 21:59:52,1683251993,10.2,42.9,100200,1e-7,2.00,3.00,4.00,,
2023-05-04 22:04:45,1683252285,10.2,42.6,100200,1e-7,1e-7,1e-7,1e-7,,
2023-05-04 22:09:04,1683252545,10.2,42.6,100200,1e-7,1e-7,1e-7,1e-7,,
2023-05-04 22:14:41,1683252882,10.2,42.9,100200,1e-7,1e-7,1e-7,1e-7,,
2023-05-04 22:19:56,1683253196,10.2,43.0,100200,1e-7,2.00,4.00,4.00,0.00995,0
2023-05-04 22:23:24,1683253405,10.3,43.0,100200,1e-7,3.00,6.00,7.00,0.0106,0
2023-05-04 22:39:44,1683254384,10.4,42.8,100200,1e-7,1e-7,1e-7,1e-7,,
2023-05-04 22:44:55,1683254696,10.4,42.9,100200,1e-7,1e-7,1e-7,1e-7,,
2023-05-04 22:49:59,1683254999,10.4,42.9,100200,1e-7,1e-7,1e-7,1e-7,,
2023-05-04 22:50:18,1683255019,10.4,42.8,100200,1e-7,1e-7,1e-7,1e-7,,
2023-05-04 23:04:43,1683255883,10.5,43.5,100200,1e-7,1.00,2.00,3.00,,
2023-05-04 23:09:54,1683256194,10.5,43.5,100200,1e-7,1.00,2.00,3.00,0.00995,0
2023-05-04 23:14:46,1683256486,10.5,44.0,100200,1e-7,1.00,3.00,3.00,0.00995,0
2023-05-04 23:19:18,1683256759,10.5,43.9,100200,1e-7,1e-7,1e-7,1e-7,0.00995,0
2023-05-04 23:24:58,1683257098,10.4,43.9,100200,1e-7,1e-7,1e-7,1e-7,0.00995,0
2023-05-04 23:29:50,1683257390,10.3,44.0,100200,1e-7,1e-7,1e-7,1e-7,0.00995,0
2023-05-04 23:34:47,1683257688,10.3,44.3,100200,1e-7,1e-7,1e-7,1e-7,0.00995,0
2023-05-04 23:39:58,1683257999,10.2,44.3,100200,1e-7,1e-7,1e-7,1e-7,0.00995,0
2023-05-04 23:44:50,1683258291,10.2,44.8,100200,1e-7,1.00,2.00,3.00,0.00995,0
2023-05-04 23:49:41,1683258581,10.2,45.0,100200,1e-7,2.00,3.00,4.00,0.00995,0
2023-05-04 23:54:52,1683258893,10.3,45.1,100200,1e-7,1e-7,1e-7,1e-7,0.00995,0
2023-05-04 23:57:27,1683259047,10.3,45.4,100200,1e-7,1e-7,1e-7,1e-7,0.00995,0
2023-05-05 00:04:55,1683259495,10.4,45.0,100236,1e-7,2.00,3.00,4.00,0.00995,0
2023-05-05 00:05:53,1683259554,10.4,45.0,100200,1.00,8.00,14.0,16.0,0.00995,0
2023-05-05 00:19:48,1683260388,10.4,45.6,100300,1e-7,1e-7,1e-7,1e-7,0.0221,0
2023-05-05 00:23:22,1683260602,10.4,45.4,100300,1e-7,1e-7,1e-7,1e-7,0.0246,0
2023-05-05 00:29:55,1683260995,10.3,45.5,100300,1e-7,2.00,3.00,4.00,0.0163,0
2023-05-05 00:34:47,1683261287,10.2,45.7,100300,1e-7,2.00,3.00,4.00,0.0203,0
2023-05-05 00:44:58,1683261899,9.83,46.2,100300,1e-7,2.00,3.00,4.00,0.0177,0
2023-05-05 00:49:51,1683262191,9.71,46.5,100300,1e-7,1.00,2.00,3.00,0.00995,0
2023-05-05 00:54:43,1683262483,9.55,46.8,100300,1e-7,2.00,3.00,4.00,0.00995,0
2023-05-05 00:59:55,1683262795,9.38,46.8,100300,1e-7,1e-7,1e-7,1e-7,0.00995,0
2023-05-05 01:07:21,1683263241,9.13,46.7,100300,1e-7,1e-7,1e-7,1e-7,0.00995,0
2023-05-05 01:14:57,1683263697,8.92,46.6,100300,1e-7,1e-7,1e-7,1e-7,0.00995,0
2023-05-05 01:29:58,1683264599,8.37,47.6,100300,1e-7,1e-7,1e-7,1e-7,0.00995,0
2023-05-05 01:34:51,1683264891,8.22,47.6,100300,1e-7,1e-7,1e-7,1e-7,0.00995,0
2023-05-05 01:39:44,1683265184,8.09,47.7,100300,1e-7,2.00,4.00,4.00,0.00995,0
2023-05-05 01:40:42,1683265243,8.02,48.3,100300,1e-7,1e-7,1e-7,1e-7,0.00995,0
2023-05-05 01:49:47,1683265787,7.79,47.6,100300,1e-7,1.00,2.00,3.00,0.00995,0
2023-05-05 01:51:44,1683265905,7.72,48.2,100300,1e-7,1.00,3.00,3.00,0.00995,0
2023-05-05 02:04:55,1683266695,7.48,48.0,100300,1e-7,1e-7,1e-7,1e-7,0.00995,0
2023-05-05 02:09:48,1683266989,7.43,47.9,100300,1.00,1.00,1.00,1.00,0.00995,0
2023-05-05 02:14:53,1683267294,7.33,48.4,100300,1e-7,2.00,3.00,4.00,0.00995,0
2023-05-05 02:19:13,1683267553,7.22,48.4,100300,1e-7,1.00,2.00,3.00,0.00995,0
2023-05-05 02:24:42,1683267882,7.10,48.6,100309,1e-7,1.00,2.00,3.00,0.00995,0
2023-05-05 02:29:49,1683268189,6.99,48.8,100386,1e-7,1e-7,1e-7,1e-7,0.00995,0
2023-05-05 02:34:45,1683268485,6.90,48.8,100400,1e-7,1e-7,1e-7,1e-7,0.00995,0
2023-05-05 02:39:49,1683268790,6.87,49.2,100400,1e-7,1e-7,1e-7,1e-7,0.00995,0
2023-05-05 02:44:44,1683269085,6.82,49.3,100400,1e-7,1e-7,1e-7,1e-7,0.00995,0
2023-05-05 02:47:01,1683269222,6.76,49.3,100400,1e-7,2.00,3.00,4.00,0.00995,0
2023-05-05 02:54:48,1683269688,6.76,49.3,100400,1e-7,1.00,2.00,3.00,0.00995,0
2023-05-05 02:59:02,1683269943,6.79,49.2,100400,1e-7,1e-7,1e-7,1e-7,0.00995,0
2023-05-05 03:04:44,1683270284,6.76,49.1,100400,1e-7,1e-7,1e-7,1e-7,0.00995,0
2023-05-05 03:09:57,1683270598,6.70,49.0,100400,1e-7,1e-7,1e-7,1e-7,0.00995,0
2023-05-05 03:14:12,1683270852,6.62,48.9,100400,1e-7,1e-7,1e-7,1e-7,0.00995,0
2023-05-05 03:19:43,1683271184,6.53,49.0,100400,1e-7,1e-7,1e-7,1e-7,0.00995,0
2023-05-05 03:24:57,1683271497,6.40,49.2,100400,1.00,6.00,11.0,13.0,0.0136,0
2023-05-05 03:29:51,1683271791,6.28,49.2,100400,1e-7,1.00,2.00,3.00,0.0150,0
2023-05-05 03:34:44,1683272084,6.15,48.8,100400,1e-7,1e-7,1e-7,1e-7,0.0136,0
2023-05-05 03:39:51,1683272392,6.08,49.2,100400,1e-7,1e-7,1e-7,1e-7,0.0136,0
2023-05-05 03:44:45,1683272686,6.02,49.2,100400,1e-7,1.00,2.00,3.00,0.00995,0
2023-05-05 03:49:59,1683273000,5.93,49.4,100400,1e-7,1e-7,1e-7,1e-7,0.00995,0
2023-05-05 03:54:53,1683273294,5.93,49.6,100400,1e-7,1.00,2.00,3.00,0.00995,0
2023-05-05 03:59:47,1683273588,5.95,49.8,100400,1e-7,1e-7,1e-7,1e-7,0.00995,0
2023-05-05 04:04:42,1683273882,5.96,49.6,100400,1e-7,1.00,2.00,3.00,0.00995,0
2023-05-05 04:09:36,1683274176,6.01,49.7,100400,1e-7,1e-7,1e-7,1e-7,0.00995,0
2023-05-05 04:10:33,1683274234,6.02,49.5,100400,1e-7,1e-7,1e-7,1e-7,0.00995,0
2023-05-05 04:19:57,1683274798,6.08,49.3,100400,1e-7,2.00,3.00,4.00,0.00995,0
2023-05-05 04:24:57,1683275098,6.09,49.2,100400,1e-7,2.00,4.00,4.00,0.00995,0
2023-05-05 04:26:55,1683275216,6.11,49.4,100400,1e-7,1e-7,1e-7,1e-7,0.00995,0
2023-05-05 04:34:52,1683275693,6.19,49.7,100400,1e-7,1e-7,1e-7,1e-7,0.00995,0
2023-05-05 04:39:46,1683275986,6.25,49.5,100400,1e-7,1e-7,1e-7,1e-7,0.00995,0
2023-05-05 04:42:03,1683276123,6.30,49.0,100400,1e-7,1e-7,1e-7,1e-7,0.00995,0
2023-05-05 04:49:58,1683276599,6.37,49.1,100400,1e-7,2.00,3.00,4.00,0.00995,0
2023-05-05 04:50:38,1683276638,6.40,49.4,100400,1e-7,1e-7,1e-7,1e-7,0.00995,0
2023-05-05 04:59:46,1683277187,6.47,49.7,100400,1e-7,1e-7,1e-7,1e-7,0.00995,0
2023-05-05 05:04:40,1683277480,6.49,49.4,100400,1e-7,1e-7,1e-7,1e-7,0.00995,0
2023-05-05 05:09:53,1683277794,6.52,49.3,100400,1e-7,2.00,3.00,4.00,0.00995,0
2023-05-05 05:14:27,1683278068,6.57,49.6,100400,1e-7,1e-7,1e-7,1e-7,0.00995,0
2023-05-05 05:19:46,1683278386,6.67,49.5,100400,1.00,1.00,2.00,3.00,0.00995,0
2023-05-05 05:24:59,1683278700,6.81,49.5,100400,1e-7,1.00,2.00,3.00,0.00995,0
2023-05-05 05:27:56,1683278876,6.87,49.2,100400,1e-7,1e-7,1e-7,1e-7,0.00995,0
2023-05-05 05:34:54,1683279294,6.95,49.5,100450,1e-7,1.00,2.00,3.00,0.00995,0
2023-05-05 05:35:52,1683279353,6.99,49.0,100400,1e-7,1e-7,1e-7,1e-7,0.00995,0
2023-05-05 10:22:14,1683296535,26.1,18.3,100500,1e-7,1e-7,1e-7,1e-7,0.00995,0
2023-05-05 10:53:17,1683298397,25.6,19.5,100500,1e-7,1e-7,1e-7,1e-7,,
2023-05-05 11:09:47,1683299388,25.5,18.8,100500,1.00,2.00,3.00,4.00,,
2023-05-05 11:11:41,1683299501,25.3,18.7,100500,1e-7,1.00,2.00,3.00,,
2023-05-05 11:29:23,1683300563,24.8,19.4,100500,1e-7,2.00,3.00,4.00,,
2023-05-05 11:33:46,1683300827,24.7,19.9,100400,1e-7,4.00,7.00,8.00,,
2023-05-05 12:17:16,1683303436,25.9,17.9,100400,1e-7,1e-7,1e-7,1e-7,,
2023-05-05 13:14:05,1683306846,25.7,17.8,100400,1e-7,1e-7,1e-7,1e-7,,
2023-05-05 13:49:47,1683308987,26.0,16.8,100300,1e-7,1e-7,1e-7,1e-7,,
2023-05-05 13:52:18,1683309139,25.9,16.9,100300,1e-7,2.00,3.00,4.00,0.0102,0
2023-05-05 14:04:04,1683309844,25.8,16.9,100300,1e-7,1e-7,1e-7,1e-7,0.0113,0
2023-05-05 14:07:18,1683310038,25.7,16.4,100300,1e-7,1e-7,1e-7,1e-7,0.0120,0
2023-05-05 17:03:41,1683320621,27.7,14.7,100100,1.00,2.00,3.00,4.00,,
2023-05-05 17:13:20,1683321201,26.9,14.3,100200,1e-7,1.00,2.00,3.00,,
2023-05-05 18:07:57,1683324477,24.8,15.1,100100,1.00,2.00,3.00,3.00,,
2023-05-05 18:23:13,1683325394,24.6,16.0,100100,1.00,2.00,3.00,4.00,,
2023-05-05 18:58:12,1683327493,22.2,17.9,100200,1e-7,1e-7,1e-7,1e-7,,
2023-05-05 19:53:22,1683330803,19.8,20.6,100200,1e-7,1e-7,1e-7,1e-7,,
2023-05-05 19:59:30,1683331170,19.5,21.2,100200,1.00,2.00,3.00,4.00,,
2023-05-05 20:02:01,1683331322,19.3,21.3,100200,1e-7,1e-7,1e-7,1e-7,,
2023-05-05 20:49:52,1683334192,15.7,29.1,100200,1e-7,1e-7,1e-7,1e-7,,
2023-05-05 21:07:18,1683335239,14.5,31.8,100200,1e-7,1e-7,1e-7,1e-7,,
2023-05-05 22:29:55,1683340195,10.8,39.0,100200,1e-7,1e-7,1e-7,1e-7,,
2023-05-05 22:34:27,1683340467,10.7,39.7,100200,1e-7,1e-7,1e-7,1e-7,0.00995,0
2023-05-05 23:34:53,1683344093,9.05,43.0,100200,1e-7,1e-7,1e-7,1e-7,,
2023-05-05 23:37:47,1683344268,9.01,42.7,100200,1e-7,1e-7,1e-7,1e-7,,
2023-05-05 23:49:57,1683344997,8.74,43.3,100200,1e-7,1e-7,1e-7,1e-7,,
2023-05-05 23:54:50,1683345290,8.65,43.6,100200,1.00,2.00,3.00,4.00,,
2023-05-05 23:59:23,1683345564,8.53,43.8,100200,1e-7,2.00,3.00,4.00,0.00995,0
2023-05-06 00:14:07,1683346448,8.25,44.5,100200,1e-7,2.00,3.00,4.00,0.00995,0
2023-05-06 00:21:41,1683346902,8.11,44.7,100200,1e-7,1e-7,1e-7,1e-7,0.00995,0
2023-05-06 01:32:03,1683351123,6.99,46.6,100100,1e-7,1e-7,1e-7,1e-7,0.00995,0
2023-05-06 01:46:44,1683352004,6.88,46.1,100100,1e-7,1e-7,1e-7,1e-7,,
2023-05-06 01:54:52,1683352492,6.78,46.1,100100,1e-7,1e-7,1e-7,1e-7,,
2023-05-06 01:56:49,1683352610,6.76,46.1,100100,1e-7,1e-7,1e-7,1e-7,,
2023-05-06 02:08:27,1683353308,6.61,46.1,100100,1e-7,1e-7,1e-7,1e-7,,
2023-05-06 02:38:08,1683355088,6.20,46.4,100100,1e-7,1e-7,1e-7,1e-7,,
2023-05-06 03:01:38,1683356499,5.87,47.3,100100,1e-7,2.00,3.00,4.00,,
2023-05-06 03:09:29,1683356969,5.75,47.4,100100,1e-7,1e-7,1e-7,1e-7,,
2023-05-06 03:34:47,1683358488,5.47,47.6,100100,1e-7,1e-7,1e-7,1e-7,,
2023-05-06 03:35:07,1683358507,5.47,47.6,100100,1e-7,1e-7,1e-7,1e-7,,
2023-05-06 03:48:13,1683359294,5.21,48.2,100100,1e-7,1e-7,1e-7,1e-7,0.00995,0
2023-05-06 05:02:00,1683363720,4.62,48.4,100100,1e-7,2.00,3.00,4.00,,
2023-05-06 05:07:43,1683364063,4.59,48.1,100100,1e-7,1e-7,1e-7,1e-7,,
2023-05-06 05:22:35,1683364956,4.52,48.4,100100,1e-7,1e-7,1e-7,1e-7,,
2023-05-06 05:28:59,1683365339,4.52,48.3,100100,1e-7,1e-7,1e-7,1e-7,,
2023-05-06 10:11:41,1683382301,30.4,12.6,100000,1.00,1.00,1.00,1.00,,
2023-05-06 10:23:45,1683383026,30.1,12.4,100000,1e-7,1.00,3.00,3.00,,
2023-05-06 10:59:40,1683385181,29.8,12.9,99900,1e-7,2.00,3.00,4.00,,
2023-05-06 11:13:13,1683385993,29.8,12.6,99900,1.00,2.00,3.00,3.00,,
2023-05-06 11:45:31,1683387931,28.9,12.4,99900,1e-7,1.00,3.00,3.00,,
2023-05-06 12:23:13,1683390193,28.5,13.1,99800,2.00,2.00,2.00,2.00,,
2023-05-06 12:41:44,1683391304,28.9,11.6,99800,1e-7,1.00,2.00,3.00,,
2023-05-06 12:51:24,1683391884,28.8,11.8,99800,1.00,2.00,3.00,3.00,,
2023-05-06 12:59:43,1683392383,28.7,11.5,99800,2.00,2.00,3.00,4.00,0.00995,5.74
2023-05-06 13:01:17,1683392478,28.7,11.5,99800,1e-7,2.00,3.00,4.00,0.00995,5.74
2023-05-06 13:16:13,1683393373,28.9,11.3,99800,1e-7,1.00,1.00,1.00,0.00995,5.74
2023-05-06 13:23:24,1683393804,28.8,12.1,99800,2.00,3.00,3.00,4.00,0.00995,5.74
2023-05-06 13:34:09,1683394449,28.8,12.0,99800,1.00,1.00,1.00,1.00,0.00995,9.10
2023-05-06 13:49:40,1683395381,28.3,12.3,99800,2.00,2.00,2.00,2.00,0.00995,0
2023-05-06 15:35:33,1683401733,29.5,10.7,99700,1e-7,1e-7,1e-7,1e-7,,
2023-05-06 15:40:33,1683402033,29.7,10.4,99700,1e-7,2.00,3.00,4.00,,
2023-05-06 16:08:57,1683403737,30.4,10.1,99600,1e-7,1.00,2.00,3.00,,
2023-05-06 17:04:57,1683407097,30.7,10.4,99600,1.00,2.00,3.00,3.00,,
2023-05-06 17:05:15,1683407116,30.7,9.95,99600,1e-7,1e-7,1e-7,1e-7,,
2023-05-06 19:15:37,1683414937,25.1,14.1,99500,1e-7,1e-7,1e-7,1e-7,,
2023-05-06 19:57:42,1683417462,23.4,16.2,99500,1e-7,1e-7,1e-7,1e-7,,
2023-05-06 20:19:45,1683418785,22.1,17.8,99500,1e-7,3.00,5.00,6.00,,
2023-05-06 20:24:50,1683419091,21.7,19.0,99500,1e-7,2.00,3.00,4.00,0.0108,0
2023-05-06 20:25:29,1683419129,21.5,19.3,99500,1e-7,2.00,3.00,4.00,0.0108,0
2023-05-06 20:41:18,1683420079,20.0,20.8,99600,1e-7,1.00,3.00,3.00,,
2023-05-06 20:48:10,1683420491,19.5,21.3,99600,1e-7,1e-7,1e-7,1e-7,,
2023-05-06 20:53:11,1683420792,19.1,22.2,99600,1e-7,1e-7,1e-7,1e-7,,
2023-05-06 20:59:43,1683421184,18.6,24.3,99600,1.00,2.00,3.00,4.00,,
2023-05-06 21:04:19,1683421460,18.2,26.7,99600,1e-7,1e-7,1e-7,1e-7,,
2023-05-06 21:18:17,1683422298,17.2,28.5,99600,1e-7,2.00,3.00,4.00,,
2023-05-06 21:24:43,1683422684,16.7,28.0,99600,1.00,3.00,6.00,7.00,,
2023-05-06 21:27:17,1683422837,16.6,28.9,99600,1e-7,1e-7,1e-7,1e-7,,
2023-05-06 21:44:59,1683423899,15.7,31.0,99600,1e-7,2.00,3.00,4.00,0.0135,0
2023-05-06 21:49:57,1683424198,15.5,30.0,99600,1e-7,2.00,3.00,4.00,0.0135,0
2023-05-06 21:54:57,1683424497,15.4,30.0,99600,1e-7,1.00,2.00,3.00,0.0104,0
2023-05-06 21:59:47,1683424787,15.2,31.2,99600,1e-7,6.00,11.0,13.0,0.00995,0
2023-05-06 22:04:18,1683425059,15.0,32.5,99600,1.00,2.00,3.00,4.00,0.0130,0
2023-05-06 22:07:34,1683425254,14.8,33.2,99600,1e-7,2.00,3.00,4.00,0.0178,0
2023-05-06 22:14:52,1683425692,14.4,33.1,99600,1e-7,1e-7,1e-7,1e-7,0.0219,0
2023-05-06 22:19:59,1683426000,14.3,33.5,99600,1.00,1.00,2.00,3.00,0.0219,0
2023-05-06 22:20:43,1683426043,14.1,34.7,99600,1e-7,1e-7,1e-7,1e-7,0.0159,0
2023-05-06 22:29:45,1683426586,13.8,36.0,99600,1.00,1.00,2.00,2.00,0.0207,0
2023-05-06 22:32:38,1683426758,13.7,35.9,99600,1.00,2.00,3.00,4.00,0.00995,0
2023-05-06 22:39:41,1683427182,13.3,34.9,99600,1e-7,1e-7,1e-7,1e-7,0.00995,0
2023-05-06 22:41:55,1683427316,13.2,34.8,99600,1e-7,2.00,3.00,4.00,0.00995,0
2023-05-06 22:54:55,1683428095,12.7,37.5,99600,1e-7,2.00,3.00,4.00,0.00995,0
2023-05-06 22:59:46,1683428386,12.6,37.4,99600,1e-7,1.00,2.00,3.00,0.00995,0
2023-05-06 23:14:42,1683429283,12.0,37.6,99600,1.00,2.00,3.00,4.00,0.00995,0
2023-05-06 23:19:53,1683429593,11.8,37.1,99600,1e-7,1.00,2.00,3.00,0.00995,0
2023-05-06 23:24:44,1683429885,11.7,37.6,99600,1e-7,2.00,3.00,4.00,0.00995,0
2023-05-06 23:26:21,1683429982,11.6,38.7,99600,1e-7,1e-7,1e-7,1e-7,0.00995,0
2023-05-06 23:41:04,1683430864,11.2,39.9,99600,1e-7,1e-7,1e-7,1e-7,0.00995,0
2023-05-06 23:49:54,1683431394,10.9,40.4,99600,1e-7,4.00,6.00,8.00,0.00995,0
2023-05-06 23:54:46,1683431686,10.8,40.4,99600,1e-7,2.00,3.00,4.00,0.0137,0
2023-05-06 23:59:46,1683431987,10.7,40.1,99600,1.00,2.00,3.00,4.00,0.0137,0
2023-05-07 00:00:06,1683432006,10.6,40.1,99600,1e-7,1e-7,1e-7,1e-7,0.00812,0
2023-05-07 00:09:47,1683432588,10.4,40.9,99600,1e-7,1e-7,1e-7,1e-7,0.0125,0
2023-05-07 00:14:48,1683432889,10.2,40.9,99600,1e-7,1e-7,1e-7,1e-7,0.0115,0
2023-05-07 00:15:46,1683432947,10.1,41.3,99600,1e-7,2.00,3.00,4.00,0.00995,0
2023-05-07 00:21:26,1683433286,10.0,42.0,99600,1e-7,2.00,3.00,4.00,0.00995,0
2023-05-07 00:39:44,1683434384,9.56,42.8,99600,1e-7,2.00,3.00,4.00,,
2023-05-07 00:44:48,1683434688,9.47,43.3,99600,1e-7,2.00,3.00,4.00,,
2023-05-07 00:46:45,1683434805,9.39,43.5,99600,1e-7,1e-7,1e-7,1e-7,,
2023-05-07 00:54:42,1683435283,9.26,43.4,99600,1e-7,1.00,2.00,3.00,,
2023-05-07 00:55:21,1683435322,9.20,43.3,99600,1e-7,1e-7,1e-7,1e-7,0.00995,0
2023-05-07 01:04:21,1683435861,9.05,43.8,99600,1e-7,1.00,2.00,3.00,0.00995,0
2023-05-07 01:09:50,1683436191,8.95,43.7,99600,1.00,2.00,3.00,4.00,0.00995,0
2023-05-07 01:14:31,1683436472,8.86,43.6,99600,1.00,2.00,3.00,4.00,0.00995,0
2023-05-07 01:23:54,1683437035,8.50,42.6,99600,2.00,2.00,2.00,3.00,0.00995,0
2023-05-07 01:29:52,1683437392,8.39,43.0,99600,1e-7,2.00,3.00,4.00,0.00995,0
2023-05-07 01:34:50,1683437691,8.32,43.4,99586,1e-7,1e-7,1e-7,1e-7,0.00995,0
2023-05-07 01:39:44,1683437984,8.24,43.8,99507,1.00,2.00,4.00,4.00,0.00995,0
2023-05-07 01:44:56,1683438297,8.15,43.9,99525,1e-7,2.00,3.00,4.00,0.00995,0
2023-05-07 01:49:49,1683438590,8.02,44.6,99593,1e-7,2.00,3.00,4.00,0.00995,0
2023-05-07 01:54:43,1683438883,7.89,45.2,99600,1e-7,2.00,3.00,4.00,0.00995,0
2023-05-07 01:58:00,1683439081,7.83,45.0,99600,1e-7,2.00,3.00,4.00,0.00995,0
2023-05-07 02:03:08,1683439389,7.78,45.0,99525,1e-7,1e-7,1e-7,1e-7,0.00995,0
2023-05-07 02:14:59,1683440100,7.67,45.5,99500,1e-7,1e-7,1e-7,1e-7,0.00995,0
2023-05-07 02:15:38,1683440138,7.65,45.3,99500,1e-7,1e-7,1.00,1.00,0.00995,0
2023-05-07 02:24:50,1683440690,7.51,44.8,99500,1e-7,1e-7,1e-7,1e-7,0.00995,0
2023-05-07 02:29:43,1683440983,7.44,44.9,99600,1.00,2.00,3.00,3.00,0.00995,0
2023-05-07 02:34:56,1683441297,7.35,45.2,99600,1e-7,2.00,3.00,4.00,0.00995,0
2023-05-07 02:39:50,1683441590,7.27,45.9,99600,1.00,2.00,3.00,4.00,0.00995,0
2023-05-07 02:40:29,1683441629,7.23,45.9,99600,1.00,1.00,1.00,1.00,0.00995,0
2023-05-07 02:54:53,1683442494,7.01,45.7,99600,1e-7,4.00,6.00,8.00,0.0118,0
2023-05-07 02:56:53,1683442613,6.99,45.4,99600,1e-7,2.00,4.00,4.00,0.0118,0
2023-05-07 03:04:48,1683443089,6.92,45.5,99600,1e-7,1e-7,1e-7,1e-7,0.0111,0
2023-05-07 03:09:41,1683443382,6.88,45.7,99600,1e-7,2.00,3.00,4.00,0.0119,0
2023-05-07 03:10:40,1683443441,6.83,45.6,99600,1e-7,2.00,3.00,4.00,0.0119,0
2023-05-07 03:23:46,1683444226,6.62,46.3,99527,1e-7,1.00,2.00,3.00,0.0129,0
2023-05-07 03:28:13,1683444493,6.54,46.5,99517,1e-7,2.00,3.00,4.00,0.0105,0
2023-05-07 03:34:48,1683444889,6.46,46.8,99500,1e-7,1e-7,1e-7,1e-7,0.00995,0
2023-05-07 03:39:42,1683445183,6.42,46.8,99507,1e-7,1.00,3.00,3.00,0.00995,0
2023-05-07 03:41:05,1683445266,6.38,46.9,99550,1e-7,1e-7,1.00,1.00,0.00995,0
2023-05-07 03:54:49,1683446090,6.23,46.9,99500,1e-7,1e-7,1e-7,1e-7,0.00995,0
2023-05-07 03:56:07,1683446167,6.22,46.8,99500,1e-7,1e-7,1e-7,1e-7,0.00995,0
2023-05-07 04:04:53,1683446693,6.14,47.1,99500,1e-7,1e-7,1e-7,1e-7,0.00995,0
2023-05-07 04:07:29,1683446849,6.09,47.0,99500,1e-7,1.00,3.00,3.00,0.00995,0
2023-05-07 04:14:57,1683447298,5.95,47.0,99500,1e-7,1e-7,1e-7,1e-7,0.00995,0
2023-05-07 04:18:12,1683447492,5.89,46.8,99500,1e-7,2.00,3.00,4.00,0.00995,0
2023-05-07 04:24:41,1683447881,5.77,46.9,99500,1e-7,3.00,5.00,7.00,0.00995,0
2023-05-07 04:28:36,1683448117,5.74,47.0,99500,1e-7,1e-7,1e-7,1e-7,0.0120,0
2023-05-07 04:43:24,1683449004,5.59,47.2,99500,1e-7,1e-7,1e-7,1e-7,0.0109,0
2023-05-07 04:54:58,1683449698,5.45,47.3,99500,1e-7,1e-7,1e-7,1e-7,0.0107,0
2023-05-07 04:59:33,1683449974,5.43,47.1,99500,1e-7,2.00,3.00,4.00,0.0120,0
2023-05-07 05:04:47,1683450287,5.39,47.2,99500,1e-7,1.00,2.00,3.00,0.0120,0
2023-05-07 05:06:24,1683450384,5.38,47.3,99500,1e-7,2.00,3.00,4.00,0.00995,0
2023-05-07 05:19:44,1683451184,5.25,47.0,99500,1e-7,1e-7,1e-7,1e-7,0.00995,0
2023-05-07 05:24:58,1683451499,5.23,47.2,99500,1e-7,2.00,3.00,4.00,0.00995,0
2023-05-07 05:27:16,1683451636,5.22,47.1,99500,1e-7,1.00,2.00,3.00,0.00995,0
2023-05-07 09:51:22,1683467483,28.8,11.5,99200,1e-7,1e-7,1e-7,1e-7,,
2023-05-07 10:11:35,1683468695,28.3,11.8,99200,1e-7,2.00,3.00,4.00,0.00995,0
2023-05-07 10:44:09,1683470650,26.7,12.5,99100,1e-7,1e-7,1e-7,1e-7,,
2023-05-07 10:54:56,1683471296,26.8,12.8,99100,1e-7,1e-7,1e-7,1e-7,,
2023-05-07 10:58:04,1683471484,26.8,12.9,99100,1e-7,2.00,3.00,4.00,,
2023-05-07 12:14:13,1683476053,26.8,14.2,99000,1e-7,1.00,2.00,3.00,,
2023-05-07 12:37:12,1683477432,26.8,13.7,99000,1.00,2.00,3.00,4.00,,
2023-05-07 12:44:44,1683477885,26.9,13.6,99000,1.00,3.00,4.00,5.00,,
2023-05-07 12:47:34,1683478055,27.0,13.4,99000,1e-7,2.00,4.00,4.00,,
2023-05-07 13:01:46,1683478907,27.2,13.0,99000,1e-7,1e-7,1e-7,1e-7,,
2023-05-07 13:26:33,1683480394,26.9,13.9,98900,1e-7,1.00,2.00,3.00,0.0104,0
2023-05-07 13:44:42,1683481483,26.5,13.8,98900,1e-7,1e-7,1e-7,1e-7,0.0104,0
2023-05-07 13:45:20,1683481520,26.5,14.3,98900,1e-7,1e-7,1e-7,1e-7,,
2023-05-07 14:06:14,1683482775,26.4,13.6,98900,1e-7,1e-7,1e-7,1e-7,,
2023-05-07 14:24:08,1683483848,26.3,13.2,98800,1.00,1.00,1.00,1.00,,
2023-05-07 14:54:06,1683485647,26.7,13.1,98800,1e-7,1.00,2.00,3.00,,
2023-05-07 18:22:41,1683498162,25.1,14.4,98600,1e-7,1e-7,1e-7,1e-7,,
2023-05-07 18:38:56,1683499137,24.3,14.8,98600,1e-7,2.00,3.00,4.00,,
2023-05-07 18:56:13,1683500174,23.3,14.4,98600,1.00,2.00,3.00,4.00,,
2023-05-07 19:24:37,1683501878,21.9,15.9,98600,1e-7,1.00,2.00,3.00,,
2023-05-07 19:32:47,1683502367,21.6,16.6,98600,1e-7,1e-7,1e-7,1e-7,,
2023-05-07 20:06:04,1683504364,20.0,17.7,98600,1.00,2.00,3.00,3.00,,
2023-05-07 22:43:20,1683513800,13.7,30.2,98700,1e-7,1e-7,1e-7,1e-7,,
2023-05-07 22:54:02,1683514443,13.6,31.3,98700,1e-7,1e-7,1e-7,1e-7,,
2023-05-07 22:59:26,1683514767,13.6,31.5,98700,1e-7,1e-7,1e-7,1e-7,,
2023-05-07 23:14:49,1683515690,13.2,33.5,98700,1e-7,1.00,2.00,3.00,0.00995,0
2023-05-07 23:48:11,1683517691,12.2,35.0,98700,1e-7,2.00,3.00,4.00,,
2023-05-08 00:11:54,1683519114,11.6,36.3,98700,1e-7,1e-7,1e-7,1e-7,,
2023-05-08 04:13:18,1683533599,5.29,43.9,98700,1e-7,1e-7,1e-7,1e-7,,
2023-05-08 04:34:44,1683534884,4.91,45.1,98700,2.00,3.00,4.00,5.00,,
2023-05-08 04:35:23,1683534923,4.88,45.2,98700,1e-7,1e-7,1e-7,1e-7,,
2023-05-08 04:55:59,1683536160,4.59,45.3,98800,1e-7,1e-7,1e-7,1e-7,,
2023-05-08 05:02:10,1683536531,4.43,45.5,98800,1e-7,1e-7,1e-7,1e-7,,
2023-05-08 05:07:38,1683536859,4.33,45.1,98800,1e-7,2.00,3.00,4.00,,
2023-05-08 05:21:39,1683537700,4.09,45.8,98800,1e-7,1.00,1.00,1.00,,
2023-05-08 10:47:56,1683557277,18.2,13.8,99000,1.00,3.00,5.00,6.00,,
2023-05-08 10:52:12,1683557533,18.0,14.1,99000,2.00,2.00,2.00,3.00,,
2023-05-08 11:07:17,1683558437,17.3,14.8,99000,1e-7,2.00,3.00,4.00,0.0116,0
2023-05-08 11:12:28,1683558749,17.3,15.2,99000,1.00,3.00,6.00,7.00,0.0121,0
2023-05-08 11:42:32,1683560553,17.1,15.4,99000,1.00,2.00,3.00,3.00,,
2023-05-08 12:37:09,1683563829,19.7,13.8,99000,1e-7,4.00,7.00,8.00,,
2023-05-08 14:42:37,1683571358,20.0,12.4,99000,1e-7,1e-7,1e-7,1e-7,,
2023-05-08 16:24:44,1683577484,20.6,11.7,98900,1.00,4.00,7.00,8.00,,
2023-05-08 16:27:35,1683577656,20.7,12.3,98900,1.00,5.00,8.00,10.0,,
2023-05-10 13:54:56,1683741297,27.5,11.6,99300,1.00,3.00,4.00,5.00,,
2023-05-10 13:59:59,1683741599,28.2,10.9,99300,1.00,5.00,9.00,11.0,0.0125,0
2023-05-10 14:04:42,1683741882,28.6,10.0,99300,1.00,2.00,2.00,3.00,0.0152,0
2023-05-10 14:09:43,1683742184,28.5,8.96,99263,2.00,7.00,10.0,12.0,0.0185,0
2023-05-10 14:14:45,1683742485,28.3,9.01,99225,1.00,3.00,5.00,6.00,0.0286,0
2023-05-10 14:19:46,1683742787,28.3,9.18,99200,1.00,2.00,3.00,4.00,0.0239,0
2023-05-10 14:24:48,1683743088,28.5,9.25,99200,1.00,3.00,5.00,6.00,0.0239,0
2023-05-10 14:29:49,1683743389,28.8,8.85,99200,1e-7,2.00,3.00,4.00,0.0115,0
2023-05-10 14:34:50,1683743691,28.7,8.65,99200,1.00,3.00,4.00,5.00,0.0111,0
2023-05-10 14:39:52,1683743992,28.7,9.01,99200,2.00,2.00,3.00,4.00,0.0106,0
2023-05-10 14:44:53,1683744293,28.9,8.70,99200,2.00,2.00,3.00,3.00,0.0105,0
2023-05-10 14:49:54,1683744595,29.0,8.67,99200,1.00,2.00,3.00,4.00,0.00995,0
2023-05-10 14:54:55,1683744896,29.0,8.72,99200,2.00,3.00,5.00,6.00,0.0118,0
2023-05-10 14:59:56,1683745197,29.0,8.81,99200,3.00,3.00,5.00,6.00,0.0172,0
2023-05-10 15:04:57,1683745498,28.9,8.82,99200,1.00,3.00,5.00,6.00,0.0143,0
2023-05-10 15:09:58,1683745799,29.1,8.77,99194,2.00,3.00,5.00,6.00,0.0143,0
2023-05-10 15:14:59,1683746100,29.1,8.48,99156,2.00,2.00,3.00,4.00,0.0127,0
2023-05-10 15:19:42,1683746382,29.2,8.71,99100,2.00,5.00,8.00,10.0,0.0134,0
2023-05-10 15:24:43,1683746683,29.4,8.52,99100,1.00,3.00,5.00,6.00,0.0180,0
2023-05-10 15:29:44,1683746984,29.5,8.27,99100,2.00,4.00,7.00,8.00,0.0161,0
2023-05-10 15:34:44,1683747285,29.5,8.49,99100,2.00,3.00,5.00,6.00,0.0176,0
2023-05-10 15:39:45,1683747585,29.5,8.47,99100,3.00,4.00,6.00,6.00,0.0118,0
2023-05-10 15:44:46,1683747886,29.4,8.61,99100,1.00,5.00,8.00,9.00,0.0118,0
2023-05-10 15:49:47,1683748187,29.2,8.83,99100,2.00,3.00,6.00,8.00,0.0133,0
2023-05-10 15:54:45,1683748486,29.4,8.65,99100,2.00,2.00,3.00,4.00,0.0196,0
2023-05-10 15:59:46,1683748786,29.6,8.55,99100,2.00,5.00,7.00,9.00,0.0151,0
2023-05-10 16:04:47,1683749087,29.8,8.25,99100,3.00,4.00,5.00,5.00,0.0133,0
2023-05-10 16:09:47,1683749388,29.7,8.58,99100,2.00,4.00,6.00,7.00,0.0109,0
2023-05-10 16:14:48,1683749688,30.0,8.58,99100,1.00,2.00,3.00,4.00,0.0110,0
2023-05-10 16:19:48,1683749989,30.1,8.32,99100,2.00,3.00,5.00,7.00,0.0159,0
2023-05-10 16:24:49,1683750290,30.1,8.53,99100,1.00,3.00,5.00,6.00,0.0140,0
2023-05-10 16:29:49,1683750590,30.1,8.44,99100,1.00,2.00,3.00,4.00,0.0112,0
2023-05-10 16:34:50,1683750890,30.3,8.05,99100,2.00,3.00,5.00,6.00,0.0121,0
2023-05-10 16:39:50,1683751191,30.1,8.26,99100,1.00,2.00,3.00,4.00,0.0135,0
2023-05-10 16:44:51,1683751491,30.1,8.55,99100,1.00,2.00,3.00,4.00,0.0130,0
2023-05-10 16:49:51,1683751791,30.0,8.33,99100,1.00,2.00,3.00,4.00,0.0110,0
2023-05-10 16:54:52,1683752092,30.0,8.29,99100,1.00,2.00,3.00,4.00,0.00995,0
2023-05-10 16:59:52,1683752393,30.1,8.26,99100,1.00,3.00,5.00,7.00,0.0103,0
2023-05-10 17:04:53,1683752693,30.1,8.12,99100,1e-7,3.00,5.00,6.00,0.0106,0
2023-05-10 17:09:53,1683752994,30.0,8.46,99100,1.00,4.00,7.00,8.00,0.0140,0
2023-05-10 17:14:54,1683753294,29.9,8.42,99100,2.00,2.00,3.00,4.00,0.0124,0
2023-05-10 17:19:54,1683753595,30.0,8.40,99100,2.00,4.00,7.00,8.00,0.0153,0
2023-05-10 17:24:55,1683753895,30.0,8.19,99100,2.00,4.00,7.00,9.00,0.0196,0
2023-05-10 17:29:56,1683754196,29.9,8.41,99100,2.00,3.00,5.00,6.00,0.0196,0
2023-05-10 17:34:56,1683754497,30.0,8.75,99100,1.00,2.00,3.00,4.00,0.0162,0
2023-05-10 17:39:57,1683754797,30.1,8.22,99100,1.00,4.00,6.00,8.00,0.0126,0
2023-05-10 17:44:57,1683755098,30.0,8.38,99100,1.00,2.00,3.00,4.00,0.0152,0
2023-05-10 17:49:58,1683755399,29.8,8.72,99100,1.00,3.00,4.00,5.00,0.0238,0
2023-05-10 17:54:41,1683755682,29.5,8.64,99100,2.00,2.00,3.00,4.00,0.0177,0
2023-05-10 17:59:42,1683755983,29.0,8.84,99100,3.00,7.00,11.0,13.0,0.0230,0
2023-05-10 18:04:44,1683756284,28.4,9.28,99100,2.00,5.00,7.00,9.00,0.0230,0
2023-05-10 18:09:45,1683756586,28.0,9.45,99100,3.00,6.00,9.00,11.0,0.0160,0
2023-05-10 18:14:47,1683756888,27.8,9.69,99100,2.00,2.00,4.00,5.00,0.0211,0
2023-05-10 18:19:49,1683757190,27.6,10.1,99100,3.00,4.00,5.00,6.00,0.0211,0
2023-05-10 18:24:52,1683757492,27.4,10.1,99100,1.00,5.00,8.00,10.0,0.0124,0
2023-05-10 18:29:54,1683757795,27.0,10.4,99100,1.00,2.00,3.00,4.00,0.0267,0
2023-05-10 18:34:57,1683758097,26.8,10.5,99100,1.00,3.00,5.00,5.00,0.0183,0
2023-05-10 18:39:41,1683758381,26.7,10.4,99100,1.00,4.00,6.00,7.00,0.0197,0
2023-05-10 18:44:44,1683758684,26.6,10.6,99100,1.00,4.00,5.00,6.00,0.0197,0
2023-05-10 18:49:47,1683758987,26.4,10.7,99100,2.00,4.00,6.00,8.00,0.0156,0
2023-05-10 18:54:50,1683759291,26.2,10.8,99100,1e-7,2.00,4.00,5.00,0.0202,0
2023-05-10 18:59:53,1683759594,26.0,11.1,99100,1.00,2.00,3.00,4.00,0.0201,0
2023-05-10 19:04:57,1683759897,25.8,11.4,99100,1.00,3.00,5.00,7.00,0.0118,0
2023-05-10 19:09:41,1683760182,25.5,11.5,99100,1.00,2.00,3.00,4.00,0.0124,0
2023-05-10 19:14:45,1683760486,25.2,11.9,99100,2.00,2.00,3.00,4.00,0.0116,0
2023-05-10 19:19:49,1683760789,25.0,12.1,99100,2.00,5.00,8.00,10.0,0.0155,0
2023-05-10 19:24:53,1683761094,24.8,12.2,99100,1e-7,3.00,5.00,6.00,0.0163,0
2023-05-10 19:29:57,1683761398,24.6,12.3,99100,1.00,3.00,5.00,6.00,0.0170,0
2023-05-10 19:34:42,1683761683,24.4,12.6,99100,1.00,2.00,3.00,4.00,0.0109,0
2023-05-10 19:39:46,1683761987,24.2,12.8,99100,1.00,3.00,5.00,6.00,0.0109,0
2023-05-10 19:44:50,1683762291,24.0,13.1,99100,1.00,2.00,3.00,4.00,0.0114,0
2023-05-10 19:49:55,1683762596,23.8,13.3,99100,1.00,3.00,5.00,6.00,0.00998,0
2023-05-10 19:54:41,1683762881,23.6,13.7,99100,1e-7,2.00,3.00,4.00,0.0129,0
2023-05-10 19:59:46,1683763186,23.2,13.9,99100,1e-7,2.00,3.00,4.00,0.0111,0
2023-05-10 20:04:50,1683763491,22.9,14.2,99131,1.00,1.00,3.00,3.00,0.00995,0
2023-05-10 20:09:56,1683763796,22.6,14.3,99200,1.00,2.00,3.00,4.00,0.00995,0
2023-05-10 20:14:42,1683764082,22.4,14.6,99200,1e-7,2.00,3.00,4.00,0.00995,0
2023-05-10 20:19:47,1683764388,22.2,14.8,99200,2.00,3.00,5.00,6.00,0.00995,0
2023-05-10 20:24:53,1683764693,22.0,15.0,99200,1.00,2.00,3.00,4.00,0.0130,0
2023-05-10 20:29:58,1683764999,21.8,15.0,99200,1e-7,2.00,3.00,4.00,0.0132,0
2023-05-10 20:34:45,1683765286,21.5,15.4,99200,1.00,3.00,5.00,6.00,0.0133,0
2023-05-10 20:39:51,1683765592,21.2,16.2,99200,1.00,3.00,6.00,8.00,0.0118,0
2023-05-10 20:44:58,1683765898,20.7,16.6,99200,1e-7,2.00,3.00,4.00,0.0121,0
2023-05-10 20:49:45,1683766186,20.2,17.1,99200,1e-7,3.00,6.00,7.00,0.0125,0
2023-05-10 20:54:52,1683766492,19.7,17.3,99200,1e-7,2.00,3.00,4.00,0.0124,0
2023-05-10 20:59:59,1683766799,19.3,17.9,99200,1.00,1.00,2.00,3.00,0.0137,0
2023-05-10 21:04:46,1683767087,18.9,18.5,99200,1e-7,2.00,3.00,4.00,0.0134,0
2023-05-10 21:09:54,1683767394,18.5,19.3,99200,1.00,4.00,7.00,8.00,0.0135,0
2023-05-10 21:14:42,1683767682,18.0,19.6,99200,1.00,2.00,3.00,4.00,0.0236,0
2023-05-10 21:19:50,1683767990,17.6,20.6,99200,1.00,5.00,9.00,10.0,0.0155,0
2023-05-10 21:24:57,1683768298,17.2,20.7,99200,1.00,2.00,3.00,4.00,0.0155,0
2023-05-10 21:29:46,1683768587,16.8,21.6,99200,1.00,2.00,3.00,4.00,0.0119,0
2023-05-10 21:34:55,1683768895,16.4,22.0,99213,1.00,5.00,8.00,9.00,0.0172,0
2023-05-10 21:39:44,1683769184,16.1,22.7,99260,1.00,2.00,3.00,4.00,0.0172,0
2023-05-10 21:44:52,1683769493,15.8,23.8,99300,1e-7,3.00,5.00,6.00,0.0172,0
2023-05-10 21:49:42,1683769783,15.5,24.0,99300,1e-7,1.00,1.00,1.00,0.0107,0
2023-05-10 21:54:51,1683770091,15.2,25.3,99300,1.00,3.00,4.00,4.00,0.0119,0
2023-05-10 21:59:41,1683770382,14.9,25.5,99300,1.00,2.00,3.00,4.00,0.0101,0
2023-05-10 22:04:50,1683770691,14.7,27.2,99300,1e-7,2.00,4.00,4.00,0.0101,0
2023-05-10 22:09:40,1683770981,14.4,27.4,99300,1e-7,3.00,5.00,6.00,0.0100,0
2023-05-10 22:14:50,1683771291,14.1,27.2,99300,1.00,1.00,2.00,3.00,0.0107,0
2023-05-10 22:19:40,1683771581,13.9,27.4,99300,1.00,2.00,3.00,4.00,0.0109,0
2023-05-10 22:24:50,1683771891,13.6,27.9,99300,1e-7,2.00,3.00,4.00,0.0109,0
2023-05-10 22:29:41,1683772181,13.4,28.7,99300,1.00,2.00,3.00,4.00,0.00995,0
2023-05-10 22:34:51,1683772492,13.2,29.4,99300,1.00,2.00,3.00,4.00,0.00995,0
2023-05-10 22:39:42,1683772782,12.9,30.5,99300,1e-7,2.00,3.00,4.00,0.00995,0
2023-05-10 22:44:52,1683773093,12.7,30.9,99300,1e-7,2.00,4.00,4.00,0.00995,0
2023-05-10 22:49:44,1683773384,12.5,31.0,99300,1.00,2.00,3.00,4.00,0.00995,0
2023-05-10 22:54:54,1683773695,12.3,31.0,99300,1e-7,2.00,3.00,4.00,0.00995,0
2023-05-10 22:59:45,1683773986,12.1,31.4,99300,1e-7,1.00,3.00,3.00,0.00995,0
2023-05-10 23:04:56,1683774297,12.0,32.2,99300,2.00,3.00,4.00,4.00,0.0104,0
2023-05-10 23:09:48,1683774588,11.8,33.7,99300,1.00,2.00,3.00,3.00,0.0105,0
2023-05-10 23:14:59,1683774899,11.7,33.6,99300,1e-7,3.00,5.00,7.00,0.0103,0
2023-05-10 23:19:50,1683775191,11.6,32.5,99300,1e-7,2.00,3.00,4.00,0.0109,0
2023-05-10 23:24:42,1683775482,11.5,32.6,99300,1.00,2.00,3.00,4.00,0.0117,0
2023-05-10 23:29:53,1683775794,11.4,33.0,99300,1e-7,2.00,3.00,4.00,0.0119,0
2023-05-10 23:34:45,1683776086,11.3,33.3,99300,1e-7,1.00,3.00,3.00,0.00995,0
2023-05-10 23:39:56,1683776397,11.1,33.1,99300,1e-7,2.00,3.00,4.00,0.00995,0
2023-05-10 23:44:48,1683776689,11.0,33.6,99300,1e-7,2.00,3.00,4.00,0.00995,0
2023-05-10 23:49:40,1683776981,10.8,34.2,99300,1e-7,2.00,3.00,4.00,0.00995,0
2023-05-10 23:54:52,1683777293,10.7,33.9,99300,1e-7,2.00,3.00,4.00,0.00995,0
2023-05-10 23:59:44,1683777585,10.7,34.4,99300,4.00,8.00,12.0,13.0,0.0130,0
2023-05-11 00:04:56,1683777896,10.7,34.9,99300,1e-7,2.00,4.00,4.00,0.0203,0
2023-05-11 00:09:48,1683778189,10.6,35.4,99300,1e-7,4.00,7.00,8.00,0.0172,0
2023-05-11 00:14:40,1683778481,10.5,36.2,99300,1e-7,2.00,3.00,4.00,0.0138,0
2023-05-11 00:19:53,1683778793,10.3,36.2,99300,1.00,2.00,3.00,4.00,0.0121,0
2023-05-11 00:24:45,1683779086,10.2,36.1,99300,1.00,1.00,3.00,3.00,0.00995,0
2023-05-11 00:29:57,1683779398,10.1,36.6,99300,2.00,4.00,6.00,7.00,0.0102,0
2023-05-11 00:34:50,1683779690,9.99,37.5,99300,1.00,1.00,1.00,1.00,0.00968,0
2023-05-11 00:39:42,1683779982,9.93,37.4,99300,2.00,2.00,3.00,3.00,0.0126,0
2023-05-11 00:44:54,1683780294,9.89,36.8,99300,1.00,2.00,3.00,4.00,0.00995,0
2023-05-11 00:49:47,1683780587,9.79,36.5,99300,1.00,2.00,3.00,4.00,0.00995,0
2023-05-11 00:54:59,1683780899,9.65,36.7,99300,1.00,2.00,3.00,4.00,0.00995,0
2023-05-11 00:59:51,1683781192,9.49,38.3,99300,1e-7,3.00,5.00,7.00,0.0128,0
2023-05-11 01:04:44,1683781484,9.33,39.4,99300,1.00,8.00,13.0,16.0,0.0250,0
2023-05-11 01:09:56,1683781797,9.25,39.4,99300,1e-7,2.00,3.00,4.00,0.0170,0
2023-05-11 01:14:49,1683782090,9.19,39.0,99300,1e-7,4.00,7.00,9.00,0.0170,0
2023-05-11 01:19:42,1683782382,9.09,38.7,99300,1.00,7.00,13.0,16.0,0.0137,0
2023-05-11 01:24:55,1683782695,9.01,38.7,99300,1e-7,4.00,7.00,8.00,0.0282,0
2023-05-11 01:29:48,1683782988,8.94,38.4,99300,1e-7,2.00,4.00,4.00,0.0194,0
2023-05-11 01:34:41,1683783281,8.87,38.3,99300,1e-7,1.00,2.00,3.00,0.0155,0
2023-05-11 01:39:54,1683783594,8.78,39.4,99300,1e-7,2.00,3.00,4.00,0.0160,0
2023-05-11 01:44:47,1683783888,8.64,40.3,99300,1e-7,1.00,2.00,3.00,0.00995,0
2023-05-11 01:49:40,1683784181,8.54,39.5,99300,1e-7,2.00,3.00,4.00,0.00995,0
2023-05-11 01:54:52,1683784493,8.44,40.8,99300,1.00,1.00,2.00,3.00,0.00995,0
2023-05-11 01:59:46,1683784786,8.32,41.1,99300,1e-7,2.00,3.00,4.00,0.00995,0
2023-05-11 02:04:59,1683785099,8.28,40.9,99300,1.00,2.00,3.00,4.00,0.00995,0
2023-05-11 02:09:52,1683785392,8.24,40.1,99300,1.00,3.00,4.00,4.00,0.00995,0
2023-05-11 02:14:45,1683785686,8.15,39.9,99300,1e-7,2.00,3.00,4.00,0.00995,0
2023-05-11 02:19:58,1683785999,8.03,39.9,99300,1.00,2.00,3.00,4.00,0.00995,0
2023-05-11 02:24:52,1683786293,7.91,40.0,99300,1.00,2.00,3.00,4.00,0.00995,0
2023-05-11 02:29:46,1683786586,7.76,41.3,99300,1e-7,2.00,3.00,4.00,0.00995,0
2023-05-11 02:34:59,1683786900,7.64,41.9,99300,1.00,2.00,3.00,4.00,0.00995,0
2023-05-11 02:39:53,1683787194,7.57,41.8,99333,1e-7,2.00,3.00,4.00,0.00995,0
2023-05-11 02:44:47,1683787488,7.50,41.2,99307,1e-7,1.00,1.00,1.00,0.00995,0
2023-05-11 02:49:41,1683787782,7.40,40.7,99300,1e-7,1.00,2.00,3.00,0.00995,0
2023-05-11 02:54:55,1683788095,7.27,40.7,99306,1e-7,2.00,3.00,4.00,0.00995,0
2023-05-11 02:59:49,1683788389,7.14,41.9,99307,1e-7,2.00,4.00,4.00,0.00995,0
2023-05-11 03:04:43,1683788683,7.05,43.1,99347,2.00,3.00,5.00,6.00,0.0112,0
2023-05-11 03:09:56,1683788997,6.99,43.0,99388,1e-7,2.00,4.00,4.00,0.0112,0
2023-05-11 03:14:50,1683789291,6.94,42.4,99400,1e-7,2.00,3.00,4.00,0.0115,0
2023-05-11 03:19:44,1683789585,6.86,44.4,99400,1.00,4.00,7.00,8.00,0.0144,0
2023-05-11 03:24:58,1683789899,6.82,44.7,99394,1e-7,4.00,7.00,8.00,0.0142,0
2023-05-11 03:29:52,1683790193,6.84,44.9,99400,1e-7,4.00,6.00,8.00,0.0142,0
2023-05-11 03:34:46,1683790487,6.91,44.9,99400,1e-7,1.00,3.00,3.00,0.0178,0
2023-05-11 03:39:40,1683790781,6.97,43.5,99400,2.00,4.00,6.00,8.00,0.0178,0
2023-05-11 03:44:54,1683791094,6.93,43.2,99400,1e-7,3.00,5.00,7.00,0.0169,0
2023-05-11 03:49:48,1683791388,6.83,43.2,99400,1.00,2.00,3.00,4.00,0.0147,0
2023-05-11 03:54:42,1683791683,6.74,42.8,99400,1.00,2.00,3.00,4.00,0.0129,0
2023-05-11 03:59:56,1683791997,6.66,44.2,99400,1.00,3.00,4.00,4.00,0.00998,0
2023-05-11 04:04:50,1683792291,6.63,45.6,99400,1.00,2.00,3.00,4.00,0.0101,0
2023-05-11 04:09:45,1683792585,6.69,46.0,99400,1.00,2.00,3.00,4.00,0.0101,0
2023-05-11 04:14:58,1683792899,6.75,45.4,99400,1e-7,2.00,3.00,4.00,0.00995,0
2023-05-11 04:19:53,1683793193,6.72,45.2,99400,1.00,2.00,3.00,4.00,0.00995,0
2023-05-11 04:24:47,1683793487,6.66,45.1,99400,1.00,2.00,3.00,4.00,0.00995,0
2023-05-11 04:29:41,1683793782,6.62,45.0,99400,1e-7,2.00,3.00,4.00,0.00995,0
2023-05-11 04:34:55,1683794096,6.60,45.0,99400,1e-7,2.00,3.00,4.00,0.00995,0
2023-05-11 04:39:49,1683794390,6.62,44.7,99400,1e-7,1.00,3.00,3.00,0.00995,0
2023-05-11 04:44:44,1683794684,6.57,44.1,99400,1e-7,1e-7,1e-7,1e-7,0.00995,0
2023-05-11 04:49:58,1683794998,6.46,45.3,99400,1.00,2.00,3.00,4.00,0.00995,0
2023-05-11 04:54:52,1683795293,6.41,46.1,99400,1.00,1.00,3.00,3.00,0.00995,0
2023-05-11 04:59:47,1683795587,6.42,45.8,99400,1e-7,2.00,3.00,4.00,0.00995,0
2023-05-11 05:04:41,1683795882,6.41,45.1,99400,2.00,2.00,3.00,4.00,0.00995,0
2023-05-11 05:09:55,1683796196,6.33,44.2,99400,1.00,1.00,3.00,3.00,0.00995,0
2023-05-11 05:14:50,1683796490,6.20,43.7,99400,1e-7,2.00,3.00,4.00,0.00995,0
2023-05-11 05:19:44,1683796785,6.04,43.8,99400,1.00,3.00,6.00,7.00,0.0124,0
2023-05-11 05:24:59,1683797099,5.90,45.3,99400,1.00,4.00,7.00,8.00,0.0135,0
2023-05-11 05:29:54,1683797394,5.85,46.0,99400,1.00,2.00,3.00,4.00,0.0125,0
2023-05-11 05:34:48,1683797689,5.85,46.0,99400,1.00,2.00,3.00,4.00,0.0125,0
2023-05-11 05:39:43,1683797984,5.83,45.9,99400,1.00,2.00,3.00,4.00,0.0122,0
2023-05-11 05:44:57,1683798298,5.83,44.7,99400,1e-7,1.00,2.00,3.00,0.00995,0
2023-05-11 05:49:52,1683798592,5.81,44.2,99400,1e-7,1.00,3.00,3.00,0.00995,0
2023-05-11 05:54:46,1683798887,5.81,44.2,99400,1e-7,2.00,3.00,4.00,0.00995,0
2023-05-11 05:59:41,1683799181,5.86,44.3,99400,1.00,2.00,3.00,4.00,0.00995,0
2023-05-11 06:04:54,1683799495,5.98,44.1,99400,2.00,2.00,2.00,3.00,0.00995,0
2023-05-11 06:09:48,1683799789,6.16,43.9,99400,1e-7,2.00,3.00,4.00,0.00995,0
2023-05-11 06:14:42,1683800083,6.36,43.6,99400,1.00,1.00,1.00,1.00,0.00995,0
2023-05-11 06:19:56,1683800396,6.62,43.2,99400,1e-7,1e-7,1.00,1.00,0.00995,0
2023-05-11 06:24:49,1683800690,6.83,42.8,99400,2.00,2.00,2.00,3.00,0.00995,0
2023-05-11 06:29:43,1683800983,7.06,42.9,99433,1.00,4.00,7.00,8.00,0.0189,0
2023-05-11 06:34:55,1683801296,7.41,42.7,99494,1.00,2.00,3.00,4.00,0.0189,0
2023-05-11 06:39:48,1683801589,7.83,42.5,99460,1e-7,2.00,3.00,4.00,0.0168,0
2023-05-11 06:44:41,1683801881,8.28,41.9,99500,1.00,2.00,3.00,3.00,0.00995,0
2023-05-11 06:49:53,1683802193,8.75,41.3,99500,1e-7,2.00,3.00,4.00,0.00995,0
2023-05-11 06:54:44,1683802485,9.27,41.2,99500,1e-7,2.00,3.00,4.00,0.00995,0
2023-05-11 06:59:56,1683802796,9.86,41.1,99500,1e-7,2.00,3.00,4.00,0.00995,0
2023-05-11 07:04:47,1683803087,10.5,40.8,99500,1.00,2.00,3.00,3.00,0.00995,0
2023-05-11 07:09:57,1683803398,11.1,40.4,99500,1.00,5.00,8.00,10.0,0.0144,0
2023-05-11 07:14:48,1683803689,11.6,40.0,99500,2.00,2.00,2.00,2.00,0.0153,0
2023-05-11 07:19:58,1683803998,12.1,39.0,99500,1.00,3.00,6.00,8.00,0.0190,0
2023-05-11 07:24:48,1683804288,12.8,38.8,99500,1e-7,1e-7,1e-7,1e-7,0.0135,0
2023-05-11 07:29:57,1683804597,13.4,38.2,99500,1e-7,4.00,6.00,8.00,0.0102,0
2023-05-11 07:34:46,1683804886,14.1,37.3,99500,1e-7,2.00,3.00,4.00,0.0110,0
2023-05-11 08:24:55,1683807895,21.6,25.7,99500,1.00,2.00,3.00,3.00,,
2023-05-11 08:29:58,1683808199,22.2,25.1,99500,2.00,2.00,3.00,4.00,,
2023-05-11 08:34:42,1683808483,23.1,23.4,99500,1.00,3.00,5.00,7.00,,
2023-05-11 08:39:45,1683808785,24.0,21.4,99500,2.00,2.00,3.00,4.00,0.0122,0
2023-05-11 08:44:47,1683809087,24.9,20.1,99500,2.00,8.00,14.0,17.0,0.0179,0
2023-05-11 08:49:48,1683809389,25.6,18.8,99500,1.00,2.00,3.00,4.00,0.0195,0
2023-05-11 08:54:49,1683809690,26.3,18.0,99500,3.00,4.00,5.00,6.00,0.0216,0
2023-05-11 08:59:50,1683809991,26.7,17.4,99500,2.00,2.00,4.00,5.00,0.0189,0
2023-05-11 09:04:51,1683810292,27.2,16.7,99500,2.00,3.00,3.00,4.00,0.0141,0
2023-05-11 09:09:52,1683810593,27.3,16.5,99500,2.00,3.00,4.00,4.00,0.0134,0
2023-05-11 09:14:52,1683810893,27.6,16.1,99500,2.00,3.00,5.00,6.00,0.0131,0
2023-05-11 09:19:53,1683811193,27.8,15.6,99500,2.00,2.00,3.00,4.00,0.0131,0
2023-05-11 09:24:53,1683811494,28.1,15.4,99500,2.00,5.00,8.00,9.00,0.0125,0
2023-05-11 09:29:53,1683811794,28.4,14.7,99500,2.00,9.00,14.0,17.0,0.0392,0
2023-05-11 09:34:53,1683812094,28.8,14.4,99500,2.00,4.00,5.00,6.00,0.0243,0
2023-05-11 09:39:53,1683812393,29.4,13.8,99500,2.00,2.00,4.00,4.00,0.0148,0
2023-05-11 09:44:52,1683812693,29.8,13.6,99494,4.00,4.00,7.00,8.00,0.0131,0
2023-05-11 09:49:52,1683812992,29.8,13.1,99481,3.00,3.00,5.00,7.00,0.0103,0
2023-05-11 09:54:51,1683813292,29.5,13.3,99463,4.00,5.00,5.00,5.00,0.00960,0
2023-05-11 09:59:51,1683813592,29.1,13.3,99475,3.00,8.00,12.0,14.0,0.0254,0
2023-05-11 10:04:51,1683813892,28.8,13.6,99475,4.00,5.00,6.00,7.00,0.0178,0
2023-05-11 10:09:51,1683814192,29.0,13.5,99500,2.00,4.00,6.00,7.00,0.0190,0
2023-05-11 10:14:51,1683814492,29.3,13.3,99500,3.00,5.00,6.00,7.00,0.0155,0
2023-05-11 10:19:52,1683814793,29.4,13.3,99488,2.00,4.00,7.00,8.00,0.0162,0
2023-05-11 10:24:52,1683815093,29.5,13.3,99438,3.00,5.00,7.00,7.00,0.0210,0
2023-05-11 10:29:52,1683815393,29.7,13.2,99456,5.00,7.00,8.00,9.00,0.0216,0
2023-05-11 10:34:52,1683815693,30.0,12.3,99400,6.00,7.00,7.00,7.00,0.0236,0
2023-05-11 10:39:53,1683815993,29.9,12.3,99413,3.00,3.00,4.00,4.00,0.0236,0
2023-05-11 10:44:53,1683816293,29.7,12.3,99419,5.00,5.00,5.00,6.00,0.0193,0
2023-05-11 10:49:53,1683816594,29.4,12.0,99400,2.00,3.00,4.00,4.00,0.0123,0
2023-05-11 10:54:54,1683816895,29.1,12.8,99425,5.00,7.00,9.00,9.00,0.0150,0
2023-05-11 10:59:55,1683817195,28.9,12.2,99463,3.00,4.00,6.00,8.00,0.0462,0
2023-05-11 11:04:55,1683817496,29.0,12.1,99456,5.00,6.00,9.00,10.0,0.0262,0
2023-05-11 11:09:56,1683817797,29.1,12.4,99450,2.00,2.00,3.00,4.00,0.0206,0
2023-05-11 11:14:57,1683818097,29.6,12.1,99438,4.00,5.00,6.00,7.00,0.0188,0
2023-05-11 11:19:57,1683818398,29.7,11.7,99444,3.00,4.00,5.00,7.00,0.0113,0
2023-05-11 11:24:58,1683818698,29.6,12.1,99444,4.00,9.00,13.0,14.0,0.0162,0
2023-05-11 11:29:58,1683818999,30.0,11.9,99400,4.00,4.00,5.00,6.00,0.0292,0
2023-05-11 11:34:59,1683819299,30.2,11.3,99400,6.00,6.00,6.00,6.00,0.0292,0
2023-05-11 11:39:59,1683819599,30.3,11.5,99400,2.00,5.00,8.00,9.00,0.0199,0
2023-05-11 11:44:59,1683819900,30.5,11.0,99400,5.00,5.00,7.00,8.00,0.0207,0
2023-05-11 11:49:59,1683820200,30.7,10.8,99400,3.00,5.00,8.00,9.00,0.0189,0
2023-05-11 11:54:59,1683820499,30.8,10.7,99400,4.00,4.00,5.00,6.00,0.0114,0
2023-05-11 11:59:59,1683820799,31.0,10.7,99400,2.00,3.00,4.00,5.00,0.0221,0
2023-05-11 12:04:59,1683821099,31.2,10.8,99400,3.00,4.00,5.00,6.00,0.0124,0
2023-05-11 12:09:58,1683821399,31.1,10.6,99400,3.00,4.00,5.00,5.00,0.0115,0
2023-05-11 12:14:58,1683821698,30.8,10.6,99400,4.00,4.00,4.00,4.00,0.0110,0
2023-05-11 12:19:58,1683821998,30.8,10.8,99400,5.00,6.00,7.00,9.00,0.0135,0
2023-05-11 12:24:58,1683822298,30.7,10.7,99400,5.00,7.00,9.00,10.0,0.0232,0
2023-05-11 12:29:57,1683822598,30.7,10.9,99400,2.00,3.00,4.00,5.00,0.0232,0
2023-05-11 12:34:57,1683822898,30.9,10.9,99400,6.00,7.00,7.00,7.00,0.0359,0
2023-05-11 12:39:57,1683823198,30.7,10.6,99400,5.00,6.00,7.00,7.00,0.0451,0
2023-05-11 12:44:57,1683823498,30.3,10.7,99400,7.00,7.00,7.00,7.00,0.0451,0
2023-05-11 12:49:57,1683823798,29.9,11.5,99400,4.00,4.00,4.00,5.00,0.0205,0
2023-05-11 12:54:57,1683824098,30.1,11.1,99400,4.00,5.00,5.00,6.00,0.0235,0
2023-05-11 12:59:58,1683824398,30.1,10.9,99400,5.00,6.00,7.00,8.00,0.0227,0
2023-05-11 13:04:58,1683824698,29.9,11.2,99400,4.00,5.00,6.00,6.00,0.0192,0
2023-05-11 13:09:58,1683824999,30.2,11.6,99400,9.00,33.0,53.0,63.0,0.0618,0
2023-05-11 13:14:58,1683825299,30.4,10.7,99400,5.00,9.00,12.0,13.0,0.0653,0
2023-05-11 13:19:58,1683825599,30.7,10.6,99400,2.00,6.00,9.00,10.0,0.0518,0
2023-05-11 13:24:58,1683825899,30.8,10.2,99400,2.00,3.00,4.00,5.00,0.0234,0
2023-05-11 13:29:58,1683826199,30.6,10.3,99400,3.00,4.00,5.00,6.00,0.0154,0
2023-05-11 13:34:59,1683826499,30.5,10.3,99400,3.00,7.00,10.0,11.0,0.0174,0
2023-05-11 13:39:59,1683826799,30.7,10.2,99400,5.00,17.0,28.0,34.0,0.0769,0
2023-05-11 13:44:59,1683827099,30.6,10.1,99400,1.00,3.00,5.00,5.00,0.0769,0
2023-05-11 13:49:59,1683827400,30.6,10.5,99400,1.00,5.00,9.00,11.0,0.128,0
2023-05-11 13:54:59,1683827700,30.6,10.2,99400,2.00,3.00,3.00,3.00,0.0932,0
2023-05-11 13:59:41,1683827981,30.1,10.0,99400,1.00,3.00,5.00,6.00,0.0129,0
2023-05-11 14:04:42,1683828282,29.9,10.4,99400,2.00,3.00,4.00,4.00,0.0137,0
2023-05-11 14:09:42,1683828583,30.0,10.8,99363,1.00,3.00,4.00,4.00,0.0127,0
2023-05-11 14:14:43,1683828883,30.1,10.5,99300,2.00,2.00,3.00,4.00,0.0101,0
2023-05-11 14:19:43,1683829184,30.1,10.4,99300,1.00,2.00,3.00,4.00,0.0102,0
2023-05-11 14:24:44,1683829484,30.1,10.3,99300,1.00,2.00,3.00,4.00,0.0102,0
2023-05-11 14:29:44,1683829785,30.1,10.4,99300,1.00,3.00,5.00,7.00,0.0114,0
2023-05-11 14:34:45,1683830086,30.5,10.1,99300,2.00,2.00,3.00,4.00,0.0126,0
2023-05-11 14:39:46,1683830386,30.7,10.2,99300,1.00,4.00,7.00,9.00,0.0122,0
2023-05-11 14:44:46,1683830686,30.9,10.2,99300,1.00,2.00,3.00,4.00,0.0122,0
2023-05-11 14:49:46,1683830987,31.2,10.1,99300,1.00,4.00,6.00,8.00,0.0104,0
2023-05-11 14:54:46,1683831287,31.5,9.82,99300,1.00,6.00,10.0,12.0,0.0139,0
2023-05-11 14:59:46,1683831587,31.7,9.60,99300,2.00,2.00,3.00,4.00,0.0170,0
2023-05-11 15:04:46,1683831887,31.5,9.88,99300,2.00,2.00,3.00,4.00,0.0170,0
2023-05-11 15:09:46,1683832187,31.5,9.80,99300,2.00,5.00,8.00,10.0,0.0151,0
2023-05-11 15:14:46,1683832487,31.5,9.38,99300,1.00,3.00,5.00,6.00,0.0177,0
2023-05-11 15:19:46,1683832787,31.2,9.68,99300,2.00,3.00,5.00,6.00,0.0177,0
2023-05-11 15:24:46,1683833087,31.0,9.96,99300,4.00,4.00,5.00,6.00,0.0139,0
2023-05-11 15:29:46,1683833386,31.3,10.0,99300,2.00,4.00,6.00,7.00,0.0117,0
2023-05-11 15:34:46,1683833686,31.6,9.80,99300,2.00,2.00,3.00,4.00,0.0108,0
2023-05-11 15:39:45,1683833985,31.8,9.30,99300,3.00,4.00,5.00,6.00,0.0101,0
2023-05-11 15:44:44,1683834285,31.7,9.70,99300,3.00,4.00,6.00,7.00,0.0119,0
2023-05-11 15:49:44,1683834584,32.0,9.74,99300,3.00,4.00,6.00,7.00,0.0121,0
2023-05-11 15:54:43,1683834884,32.1,9.43,99300,2.00,2.00,3.00,4.00,0.0121,0
2023-05-11 15:59:43,1683835183,32.2,9.29,99300,4.00,5.00,7.00,8.00,0.0193,0
2023-05-11 16:04:42,1683835483,32.3,9.22,99300,1.00,2.00,3.00,4.00,0.0169,0
2023-05-11 16:09:42,1683835782,32.3,9.35,99300,2.00,5.00,8.00,9.00,0.0145,0
2023-05-11 16:14:59,1683836100,32.4,9.35,99300,2.00,2.00,3.00,3.00,0.0146,0
2023-05-11 16:19:58,1683836399,32.6,9.18,99300,2.00,2.00,2.00,3.00,0.0313,0
2023-05-11 16:24:57,1683836698,32.8,8.93,99300,1.00,2.00,3.00,4.00,0.0283,0
2023-05-11 16:29:56,1683836997,32.9,8.69,99300,2.00,5.00,9.00,10.0,0.0146,0
2023-05-11 16:34:56,1683837296,32.9,8.47,99300,4.00,4.00,4.00,4.00,0.0168,0
2023-05-11 16:39:55,1683837596,32.2,9.33,99300,2.00,3.00,4.00,4.00,0.0145,0
2023-05-11 16:44:54,1683837895,32.2,9.79,99300,2.00,4.00,6.00,6.00,0.0101,0
2023-05-11 16:49:53,1683838194,32.5,8.78,99300,2.00,4.00,5.00,6.00,0.0110,0
2023-05-11 16:54:52,1683838493,32.5,9.21,99300,3.00,3.00,3.00,3.00,0.0157,0
2023-05-11 16:59:52,1683838792,32.6,9.17,99300,2.00,2.00,3.00,3.00,0.0134,0
2023-05-11 17:04:51,1683839091,32.4,9.15,99300,4.00,5.00,8.00,9.00,0.0156,0
2023-05-11 17:09:50,1683839391,32.2,9.55,99300,1.00,2.00,4.00,4.00,0.0247,0
2023-05-11 17:14:50,1683839690,32.2,9.52,99300,2.00,3.00,4.00,4.00,0.0193,0
2023-05-11 17:19:49,1683839990,32.2,9.25,99300,2.00,2.00,3.00,4.00,0.0101,0
2023-05-11 17:24:48,1683840289,32.3,9.26,99300,2.00,4.00,7.00,9.00,0.0150,0
2023-05-11 17:29:47,1683840588,32.2,9.21,99300,2.00,2.00,3.00,4.00,0.0158,0
2023-05-11 17:34:47,1683840887,32.1,9.24,99300,3.00,4.00,6.00,7.00,0.0214,0
2023-05-11 17:39:47,1683841187,32.1,9.47,99300,2.00,3.00,4.00,4.00,0.0130,0
2023-05-11 17:44:46,1683841487,32.0,9.55,99300,1.00,3.00,6.00,7.00,0.0151,0
2023-05-11 17:49:46,1683841786,31.9,9.52,99300,3.00,3.00,6.00,7.00,0.0167,0
2023-05-11 17:54:46,1683842086,31.6,9.35,99300,4.00,4.00,7.00,9.00,0.0143,0
2023-05-11 17:59:46,1683842386,31.0,9.62,99300,2.00,3.00,5.00,6.00,0.0154,0
2023-05-11 18:04:46,1683842687,30.5,10.1,99300,3.00,4.00,6.00,6.00,0.0177,0
2023-05-11 18:09:47,1683842987,30.2,10.2,99300,5.00,10.0,14.0,16.0,0.0367,0
2023-05-11 18:14:48,1683843288,29.9,10.4,99300,2.00,3.00,4.00,5.00,0.0374,0
2023-05-11 18:19:48,1683843589,29.7,10.7,99300,2.00,4.00,5.00,6.00,0.0286,0
2023-05-11 18:24:50,1683843890,29.4,10.8,99300,2.00,3.00,5.00,6.00,0.0162,0
2023-05-11 18:29:51,1683844192,29.1,11.1,99300,2.00,2.00,3.00,4.00,0.0132,0
2023-05-11 18:34:52,1683844493,28.9,11.4,99300,2.00,2.00,2.00,2.00,0.0123,0
2023-05-11 18:39:54,1683844795,28.9,11.4,99300,2.00,9.00,15.0,19.0,0.0321,0
2023-05-11 18:44:56,1683845096,28.8,11.5,99300,2.00,7.00,11.0,13.0,0.0564,0
2023-05-11 18:49:58,1683845398,28.5,11.8,99300,2.00,3.00,4.00,5.00,0.0356,0
2023-05-11 18:54:41,1683845681,28.3,11.9,99300,1.00,4.00,6.00,7.00,0.0307,0
2023-05-11 18:59:43,1683845983,28.1,12.0,99300,2.00,5.00,7.00,8.00,0.0115,0
2023-05-11 19:04:45,1683846286,27.9,12.2,99300,2.00,2.00,3.00,4.00,0.0135,0
2023-05-11 19:09:48,1683846588,27.6,12.4,99300,2.00,3.00,6.00,7.00,0.0140,0
2023-05-11 19:14:50,1683846891,27.3,12.8,99300,2.00,2.00,4.00,4.00,0.0125,0
2023-05-11 19:19:53,1683847194,27.0,13.6,99300,2.00,3.00,5.00,6.00,0.0124,0
2023-05-11 19:24:56,1683847497,26.5,14.6,99300,1.00,3.00,5.00,7.00,0.0124,0
2023-05-11 19:29:41,1683847781,26.1,15.4,99300,2.00,3.00,5.00,6.00,0.0118,0
2023-05-11 19:34:44,1683848085,25.5,15.8,99300,1.00,3.00,5.00,5.00,0.0122,0
2023-05-11 19:39:48,1683848389,25.0,16.9,99300,2.00,4.00,6.00,7.00,0.0112,0
2023-05-11 19:44:52,1683848693,24.4,17.5,99300,2.00,3.00,5.00,6.00,0.0112,0
2023-05-11 19:49:56,1683848997,23.9,18.4,99300,1.00,4.00,6.00,8.00,0.0142,0
2023-05-11 19:54:41,1683849282,23.4,19.0,99300,2.00,4.00,6.00,8.00,0.0129,0
2023-05-11 19:59:46,1683849587,23.0,19.6,99300,1.00,3.00,5.00,7.00,0.0130,0
2023-05-11 20:04:51,1683849892,22.5,20.1,99300,1.00,3.00,5.00,6.00,0.0147,0
2023-05-11 20:09:57,1683850197,22.0,21.2,99300,2.00,3.00,6.00,7.00,0.0147,0
2023-05-11 20:14:43,1683850484,21.5,21.7,99300,1.00,3.00,5.00,6.00,0.0127,0
2023-05-11 20:19:48,1683850788,21.1,22.4,99300,1.00,2.00,4.00,4.00,0.0127,0
2023-05-11 20:24:54,1683851094,20.6,22.8,99300,1.00,3.00,4.00,5.00,0.0112,0
2023-05-11 20:29:41,1683851382,20.1,23.5,99300,1.00,3.00,5.00,7.00,0.0104,0
2023-05-11 20:34:48,1683851688,19.7,24.4,99300,1.00,4.00,7.00,8.00,0.0132,0
2023-05-11 20:39:54,1683851995,19.4,24.7,99300,1e-7,3.00,6.00,7.00,0.0149,0
2023-05-11 20:44:42,1683852283,19.0,26.2,99300,1.00,4.00,7.00,8.00,0.0112,0
2023-05-11 20:49:49,1683852590,18.8,25.7,99300,2.00,3.00,5.00,7.00,0.0150,0
2023-05-11 20:54:56,1683852897,18.6,26.0,99300,1.00,2.00,3.00,4.00,0.0131,0
2023-05-11 20:59:45,1683853185,18.4,26.4,99300,2.00,4.00,7.00,9.00,0.0116,0
2023-05-11 21:04:52,1683853493,18.1,27.2,99306,2.00,4.00,6.00,7.00,0.0204,0
2023-05-11 21:09:40,1683853781,17.8,27.6,99400,1.00,5.00,8.00,10.0,0.0109,0
2023-05-11 21:14:48,1683854089,17.6,28.1,99400,1.00,3.00,5.00,6.00,0.0144,0
2023-05-11 21:19:56,1683854397,17.4,29.3,99400,2.00,5.00,7.00,8.00,0.0194,0
2023-05-11 21:24:45,1683854686,17.1,30.5,99400,1.00,5.00,8.00,9.00,0.0262,0
2023-05-11 21:29:53,1683854994,16.9,30.4,99400,1.00,2.00,3.00,4.00,0.0262,0
2023-05-11 21:34:42,1683855283,16.7,30.5,99400,1.00,3.00,6.00,8.00,0.0164,0
2023-05-11 21:39:51,1683855591,16.5,31.0,99400,1.00,3.00,5.00,6.00,0.0135,0
2023-05-11 21:44:59,1683855900,16.3,31.7,99400,2.00,2.00,3.00,4.00,0.0124,0
2023-05-11 21:49:49,1683856189,16.1,32.6,99400,2.00,4.00,7.00,8.00,0.0116,0
2023-05-11 21:54:58,1683856498,15.8,32.9,99400,1.00,4.00,7.00,8.00,0.0122,0
2023-05-11 21:59:48,1683856788,15.6,32.8,99400,2.00,2.00,3.00,4.00,0.0148,0
2023-05-11 22:04:57,1683857097,15.4,33.1,99400,2.00,4.00,6.00,7.00,0.0148,0
2023-05-11 22:09:46,1683857387,15.2,34.0,99400,1.00,3.00,6.00,7.00,0.0181,0
2023-05-11 22:14:56,1683857696,15.1,34.4,99400,1.00,4.00,7.00,9.00,0.0181,0
2023-05-11 22:19:46,1683857986,15.0,34.7,99400,2.00,3.00,5.00,6.00,0.0113,0
2023-05-11 22:24:55,1683858296,14.9,34.1,99400,1.00,3.00,5.00,6.00,0.0205,0
2023-05-11 22:29:45,1683858586,14.7,33.9,99400,2.00,4.00,6.00,7.00,0.0206,0
2023-05-11 22:34:55,1683858895,14.5,34.6,99400,2.00,4.00,6.00,8.00,0.0206,0
2023-05-11 22:39:45,1683859186,14.4,34.0,99400,2.00,2.00,3.00,4.00,0.0127,0
2023-05-11 22:44:55,1683859495,14.2,34.2,99400,1.00,2.00,3.00,4.00,0.0127,0
2023-05-11 22:49:46,1683859786,14.1,34.4,99400,1.00,2.00,3.00,4.00,0.00995,0
2023-05-11 22:54:56,1683860096,14.0,34.3,99400,2.00,4.00,6.00,8.00,0.0122,0
2023-05-11 22:59:46,1683860387,14.0,34.7,99400,1.00,3.00,5.00,6.00,0.0122,0
2023-05-11 23:04:56,1683860697,13.9,35.7,99400,2.00,5.00,8.00,9.00,0.0216,0
2023-05-11 23:09:47,1683860987,13.8,36.5,99400,1.00,2.00,4.00,4.00,0.0216,0
2023-05-11 23:14:57,1683861297,13.7,36.3,99400,1.00,4.00,7.00,8.00,0.0164,0
2023-05-11 23:19:47,1683861588,13.7,36.6,99347,1.00,3.00,4.00,5.00,0.00965,0
2023-05-11 23:24:57,1683861898,13.6,37.3,99306,1.00,6.00,10.0,12.0,0.0119,0
2023-05-11 23:29:48,1683862189,13.6,38.0,99300,1.00,3.00,5.00,6.00,0.0225,0
2023-05-11 23:34:58,1683862499,13.5,37.4,99300,3.00,4.00,5.00,6.00,0.0304,0
2023-05-11 23:39:49,1683862789,13.6,36.3,99300,1.00,2.00,3.00,4.00,0.0152,0
2023-05-11 23:44:59,1683863100,13.6,36.7,99300,1.00,3.00,5.00,7.00,0.0106,0
2023-05-11 23:49:50,1683863390,13.6,36.8,99300,1.00,4.00,7.00,8.00,0.0106,0
2023-05-11 23:54:41,1683863681,13.6,36.4,99300,1.00,2.00,3.00,4.00,0.0117,0
2023-05-11 23:59:51,1683863991,13.6,36.4,99300,2.00,2.00,3.00,4.00,0.0138,0
2023-05-12 00:04:42,1683864282,13.5,36.8,99300,1.00,3.00,6.00,7.00,0.0138,0
2023-05-12 00:09:52,1683864593,13.5,37.5,99300,1.00,2.00,4.00,4.00,0.0121,0
2023-05-12 00:14:43,1683864883,13.5,37.8,99300,2.00,2.00,3.00,4.00,0.0120,0
2023-05-12 00:19:52,1683865193,13.4,38.2,99300,1.00,3.00,6.00,7.00,0.00995,0
2023-05-12 00:24:43,1683865484,13.4,38.5,99300,1.00,7.00,12.0,14.0,0.0268,0
2023-05-12 00:29:54,1683865794,13.4,38.3,99300,1.00,2.00,3.00,4.00,0.0268,0
2023-05-12 00:34:45,1683866085,13.4,38.1,99300,1.00,3.00,4.00,5.00,0.0305,0
2023-05-12 00:39:55,1683866396,13.3,37.9,99300,1.00,3.00,4.00,5.00,0.0144,0
2023-05-12 00:44:46,1683866687,13.3,37.6,99300,1.00,2.00,3.00,4.00,0.0104,0
2023-05-12 00:49:57,1683866997,13.2,38.0,99300,2.00,4.00,6.00,8.00,0.00995,0
2023-05-12 00:54:48,1683867288,13.1,38.5,99300,2.00,2.00,3.00,4.00,0.0110,0
2023-05-12 00:59:58,1683867599,13.1,38.9,99300,1.00,2.00,3.00,4.00,0.0153,0
2023-05-12 01:04:49,1683867890,13.1,39.3,99300,1.00,3.00,5.00,6.00,0.0117,0
2023-05-12 01:09:41,1683868181,13.0,39.7,99300,2.00,4.00,6.00,7.00,0.0117,0
2023-05-12 01:14:51,1683868492,13.0,39.7,99300,1.00,5.00,8.00,9.00,0.0124,0
2023-05-12 01:19:42,1683868783,13.1,39.8,99300,1.00,1.00,3.00,3.00,0.0124,0
2023-05-12 01:24:53,1683869093,13.1,39.2,99300,1.00,2.00,3.00,4.00,0.0161,0
2023-05-12 01:29:44,1683869385,13.0,39.5,99300,1.00,2.00,3.00,4.00,0.0161,0
2023-05-12 01:34:55,1683869695,13.0,39.5,99300,2.00,2.00,4.00,4.00,0.00995,0
2023-05-12 01:39:46,1683869986,13.0,39.2,99300,2.00,2.00,4.00,5.00,0.0106,0
2023-05-12 01:44:56,1683870297,12.9,40.3,99300,1.00,6.00,10.0,12.0,0.0103,0
2023-05-12 01:49:48,1683870588,12.8,40.1,99300,4.00,5.00,6.00,6.00,0.0259,0
2023-05-12 01:54:58,1683870899,12.8,41.1,99300,2.00,3.00,4.00,4.00,0.0259,0
2023-05-12 01:59:50,1683871190,12.7,40.6,99300,2.00,5.00,7.00,8.00,0.0196,0
2023-05-12 02:04:41,1683871481,12.8,40.5,99300,1.00,4.00,7.00,8.00,0.0127,0
2023-05-12 02:09:51,1683871792,12.9,40.9,99300,2.00,3.00,3.00,4.00,0.0114,0
2023-05-12 02:14:04,1683872044,12.9,41.3,99300,2.00,3.00,5.00,6.00,0.00999,0
2023-05-12 02:24:51,1683872691,12.9,40.7,99300,2.00,4.00,5.00,6.00,0.0101,0
2023-05-12 02:29:42,1683872982,12.9,40.7,99300,2.00,5.00,7.00,9.00,0.0101,0
2023-05-12 02:34:53,1683873293,12.9,41.1,99300,1.00,2.00,4.00,4.00,0.0130,0
2023-05-12 02:39:44,1683873585,12.9,41.1,99300,1.00,4.00,7.00,8.00,0.0121,0
2023-05-12 02:44:55,1683873895,12.8,41.1,99300,2.00,4.00,6.00,7.00,0.0154,0
2023-05-12 02:49:48,1683874188,12.8,41.5,99300,2.00,2.00,3.00,4.00,0.0154,0
2023-05-12 02:54:58,1683874499,12.9,42.1,99300,1.00,2.00,3.00,4.00,0.0110,0
2023-05-12 02:59:50,1683874790,12.9,41.9,99300,2.00,2.00,3.00,4.00,0.0108,0
2023-05-12 03:04:41,1683875081,13.0,42.7,99300,4.00,6.00,9.00,11.0,0.0344,0
2023-05-12 03:09:52,1683875392,13.1,41.4,99300,2.00,2.00,4.00,4.00,0.0344,0
2023-05-12 03:14:43,1683875683,13.1,41.4,99300,2.00,3.00,3.00,4.00,0.0392,0
2023-05-12 03:19:53,1683875994,13.0,42.9,99300,4.00,6.00,10.0,12.0,0.0222,0
2023-05-12 03:24:45,1683876285,13.0,42.4,99300,1.00,3.00,6.00,8.00,0.0229,0
2023-05-12 03:29:55,1683876596,13.1,42.2,99300,2.00,4.00,8.00,9.00,0.0245,0
2023-05-12 03:34:46,1683876887,13.2,41.7,99300,3.00,6.00,9.00,11.0,0.0176,0
2023-05-12 03:39:57,1683877197,13.4,41.4,99300,2.00,3.00,5.00,6.00,0.0150,0
2023-05-12 03:44:48,1683877488,13.5,40.9,99300,2.00,4.00,6.00,8.00,0.0136,0
2023-05-12 03:49:58,1683877799,13.5,41.8,99300,3.00,4.00,5.00,6.00,0.0162,0
2023-05-12 03:54:49,1683878090,13.5,41.4,99300,4.00,7.00,10.0,11.0,0.0187,0
2023-05-12 03:59:59,1683878400,13.5,41.6,99300,4.00,4.00,6.00,8.00,0.0291,0
2023-05-12 04:04:50,1683878691,13.5,42.8,99300,4.00,5.00,6.00,6.00,0.0319,0
2023-05-12 04:09:41,1683878982,13.5,42.1,99300,2.00,3.00,5.00,6.00,0.0319,0
2023-05-12 04:14:52,1683879292,13.6,42.5,99300,3.00,11.0,17.0,20.0,0.0174,0
2023-05-12 04:19:43,1683879583,13.6,42.5,99300,7.00,11.0,14.0,16.0,0.130,0
2023-05-12 04:24:53,1683879893,13.7,42.2,99300,1.00,3.00,5.00,6.00,0.0920,0
2023-05-12 04:29:43,1683880184,13.8,42.4,99300,4.00,7.00,10.0,12.0,0.0920,0
2023-05-12 04:34:54,1683880494,13.8,41.1,99300,10.0,12.0,13.0,14.0,0.0217,0
2023-05-12 04:39:44,1683880785,13.8,42.0,99300,5.00,6.00,6.00,6.00,0.0409,0
2023-05-12 04:44:54,1683881095,13.9,41.4,99300,2.00,3.00,4.00,4.00,0.0477,0
2023-05-12 04:49:44,1683881384,14.0,41.4,99300,2.00,2.00,2.00,3.00,0.0574,0
2023-05-12 04:54:54,1683881694,14.1,41.4,99300,2.00,3.00,5.00,6.00,0.0148,0
2023-05-12 04:59:45,1683881985,14.1,40.9,99300,3.00,4.00,5.00,7.00,0.0218,0
2023-05-12 05:04:54,1683882295,14.2,40.9,99300,2.00,3.00,6.00,8.00,0.0212,0
2023-05-12 05:09:45,1683882586,14.2,40.5,99300,3.00,4.00,7.00,8.00,0.0143,0
2023-05-12 05:14:55,1683882896,14.3,41.3,99300,6.00,7.00,8.00,9.00,0.0401,0
2023-05-12 05:19:46,1683883186,14.3,42.1,99300,3.00,5.00,7.00,8.00,0.0712,0
2023-05-12 05:24:56,1683883496,14.3,41.7,99300,4.00,7.00,11.0,12.0,0.0400,0
2023-05-12 05:29:46,1683883787,14.2,41.1,99300,8.00,8.00,8.00,10.0,0.0248,0
2023-05-12 05:34:56,1683884097,14.2,42.1,99300,3.00,4.00,6.00,7.00,0.0725,0
2023-05-12 05:39:47,1683884387,14.3,41.2,99300,1.00,2.00,3.00,3.00,0.126,0
2023-05-12 05:44:56,1683884697,14.4,41.0,99300,1.00,2.00,3.00,4.00,0.126,0
2023-05-12 05:49:47,1683884987,14.5,40.7,99300,2.00,4.00,6.00,7.00,0.0119,0
2023-05-12 05:54:57,1683885297,14.6,40.5,99300,2.00,3.00,4.00,5.00,0.0128,0
2023-05-12 05:59:47,1683885587,14.6,41.1,99300,5.00,5.00,7.00,8.00,0.0124,0
2023-05-12 06:04:56,1683885897,14.5,42.1,99300,2.00,3.00,4.00,4.00,0.0305,0
2023-05-12 06:09:47,1683886187,14.5,41.3,99300,1.00,2.00,3.00,4.00,0.0290,0
2023-05-12 06:14:56,1683886497,14.6,42.3,99300,3.00,3.00,5.00,6.00,0.0259,0
2023-05-12 06:19:46,1683886787,14.6,42.2,99300,2.00,3.00,4.00,4.00,0.0156,0
2023-05-12 06:24:56,1683887096,14.6,42.7,99300,2.00,5.00,8.00,9.00,0.0123,0
2023-05-12 06:29:46,1683887386,14.6,42.8,99300,3.00,4.00,6.00,6.00,0.0135,0
2023-05-12 06:34:55,1683887696,14.7,42.3,99300,2.00,3.00,4.00,4.00,0.0161,0
2023-05-12 06:39:45,1683887986,14.8,42.2,99300,2.00,3.00,5.00,7.00,0.0213,0
2023-05-12 06:44:54,1683888295,15.0,42.0,99319,2.00,4.00,6.00,7.00,0.0137,0
2023-05-12 06:49:44,1683888584,15.3,41.3,99387,3.00,3.00,5.00,7.00,0.0174,0
2023-05-12 06:54:53,1683888893,15.6,40.2,99394,2.00,6.00,10.0,11.0,0.0141,0
2023-05-12 06:59:42,1683889182,15.9,39.8,99400,3.00,4.00,5.00,6.00,0.0206,0
2023-05-12 07:04:50,1683889491,16.2,38.7,99400,1.00,4.00,6.00,8.00,0.0262,0
2023-05-12 07:09:58,1683889799,16.4,38.4,99400,1.00,2.00,3.00,4.00,0.0211,0
2023-05-12 07:14:47,1683890088,16.6,38.5,99400,1.00,2.00,3.00,4.00,0.0123,0
2023-05-12 07:19:55,1683890396,16.8,37.9,99400,1.00,2.00,3.00,4.00,0.00995,0
2023-05-12 07:24:44,1683890684,16.9,37.3,99400,1.00,2.00,4.00,4.00,0.00995,0
2023-05-12 07:29:52,1683890992,17.0,37.0,99400,2.00,3.00,6.00,8.00,0.0141,0
2023-05-12 07:34:41,1683891281,17.1,37.3,99400,2.00,8.00,13.0,16.0,0.0150,0
2023-05-12 07:39:48,1683891589,17.2,36.9,99400,4.00,5.00,7.00,8.00,0.0189,0
2023-05-12 07:44:56,1683891897,17.3,36.5,99400,6.00,7.00,8.00,9.00,0.0933,0
2023-05-12 07:49:44,1683892185,17.3,35.6,99400,5.00,6.00,6.00,7.00,0.0959,0
2023-05-12 07:54:52,1683892493,17.5,35.5,99400,2.00,4.00,6.00,7.00,0.132,0
2023-05-12 07:59:41,1683892781,17.7,36.4,99400,2.00,2.00,3.00,4.00,0.127,0
2023-05-12 08:04:48,1683893089,17.8,36.2,99400,2.00,4.00,6.00,7.00,0.0140,0
2023-05-12 08:09:56,1683893396,17.8,35.8,99400,3.00,4.00,5.00,5.00,0.0191,0
2023-05-12 08:14:44,1683893685,17.9,36.4,99400,1.00,3.00,5.00,6.00,0.0179,0
2023-05-12 08:19:51,1683893992,17.9,37.4,99400,2.00,4.00,6.00,7.00,0.0178,0
2023-05-12 08:24:59,1683894299,17.9,37.8,99400,3.00,3.00,5.00,6.00,0.0190,0
2023-05-12 08:29:47,1683894588,17.9,37.6,99400,2.00,4.00,7.00,8.00,0.0106,0
2023-05-12 08:34:54,1683894895,18.0,37.8,99400,2.00,2.00,3.00,4.00,0.0186,0
2023-05-12 08:39:42,1683895183,18.0,37.1,99400,3.00,4.00,6.00,7.00,0.0178,0
2023-05-12 08:44:50,1683895490,18.0,37.0,99400,2.00,3.00,4.00,5.00,0.0131,0
2023-05-12 08:49:56,1683895797,18.0,37.0,99400,6.00,7.00,7.00,7.00,0.0151,0
2023-05-12 08:54:44,1683896085,18.1,38.0,99400,2.00,3.00,5.00,6.00,0.0303,0
2023-05-12 08:59:52,1683896392,18.2,36.9,99400,2.00,3.00,5.00,6.00,0.0228,0
2023-05-12 09:04:59,1683896699,18.6,35.9,99400,3.00,6.00,8.00,9.00,0.0281,0
2023-05-12 09:09:46,1683896987,18.9,35.4,99400,2.00,4.00,6.00,6.00,0.0264,0
2023-05-12 09:14:34,1683897274,19.4,34.6,99400,2.00,3.00,5.00,6.00,0.0264,0
2023-05-12 10:39:41,1683902381,21.8,35.9,99400,7.00,7.00,7.00,8.00,,
2023-05-12 10:44:46,1683902686,21.6,36.6,99400,7.00,8.00,9.00,10.0,,
2023-05-12 10:49:51,1683902992,21.5,37.0,99400,6.00,10.0,15.0,17.0,,
2023-05-12 10:54:57,1683903297,21.6,37.1,99400,6.00,7.00,7.00,8.00,,
2023-05-12 10:55:53,1683903354,21.7,37.0,99400,4.00,5.00,5.00,5.00,,
2023-05-12 11:01:51,1683903712,22.0,36.3,99400,9.00,10.0,10.0,10.0,0.0292,0
2023-05-12 11:28:56,1683905336,23.5,34.1,99400,7.00,8.00,9.00,10.0,,
2023-05-12 11:39:55,1683905996,24.6,32.7,99400,9.00,10.0,10.0,10.0,,
2023-05-12 11:43:23,1683906204,25.0,31.4,99400,7.00,8.00,9.00,10.0,,
2023-05-12 11:59:59,1683907200,26.9,28.5,99350,7.00,8.00,9.00,10.0,,
2023-05-12 12:04:42,1683907482,27.2,27.6,99300,7.00,8.00,8.00,8.00,0.0173,0
2023-05-12 12:09:44,1683907784,27.3,26.7,99300,4.00,5.00,6.00,6.00,0.0651,0
2023-05-12 12:14:45,1683908086,27.0,27.4,99300,4.00,6.00,8.00,10.0,0.0788,0
2023-05-12 12:19:47,1683908388,27.0,27.4,99300,6.00,7.00,8.00,9.00,0.0310,0
2023-05-12 12:24:49,1683908690,26.5,27.6,99300,3.00,3.00,3.00,4.00,0.0249,0
2023-05-12 12:29:51,1683908992,26.1,28.8,99300,7.00,7.00,7.00,7.00,0.0271,0
2023-05-12 12:34:54,1683909295,25.0,31.0,99300,6.00,6.00,6.00,6.00,0.0338,0
2023-05-12 12:39:57,1683909598,24.8,31.9,99300,6.00,6.00,6.00,6.00,0.0238,0
2023-05-12 12:44:22,1683909863,25.6,30.8,99300,4.00,6.00,7.00,8.00,0.0190,0
2023-05-12 12:59:37,1683910777,27.1,27.5,99300,4.00,5.00,6.00,7.00,0.0206,0
2023-05-12 13:04:50,1683911091,26.8,28.0,99300,2.00,4.00,5.00,6.00,0.0107,0
2023-05-12 13:09:52,1683911392,27.0,27.7,99300,3.00,4.00,4.00,5.00,0.0137,0
2023-05-12 13:14:54,1683911694,27.4,26.4,99300,7.00,9.00,10.0,10.0,0.0129,0
2023-05-12 13:19:55,1683911996,28.0,25.9,99213,5.00,5.00,8.00,10.0,0.0177,0
2023-05-12 13:24:56,1683912297,28.5,24.6,99200,4.00,5.00,6.00,6.00,0.0184,0
2023-05-12 13:29:57,1683912598,28.7,24.0,99200,4.00,4.00,4.00,4.00,0.0162,0
2023-05-12 13:34:59,1683912899,28.6,22.9,99200,2.00,3.00,4.00,4.00,0.0145,0
2023-05-12 13:39:41,1683913182,28.6,23.4,99200,5.00,5.00,6.00,6.00,0.0174,0
2023-05-12 13:44:43,1683913483,28.3,23.5,99200,5.00,6.00,8.00,8.00,0.0216,0
2023-05-12 13:49:45,1683913785,28.0,24.1,99200,3.00,4.00,5.00,6.00,0.0166,0
2023-05-12 13:54:46,1683914087,27.7,26.8,99200,3.00,4.00,6.00,7.00,0.0125,0
2023-05-12 13:59:49,1683914389,27.0,28.6,99263,3.00,5.00,5.00,6.00,0.0107,0
2023-05-12 14:04:51,1683914692,25.6,31.6,99206,3.00,4.00,5.00,6.00,0.0110,0
2023-05-12 14:09:54,1683914995,25.0,31.9,99200,3.00,6.00,7.00,8.00,0.0135,0
2023-05-12 14:14:57,1683915298,25.0,31.7,99200,5.00,5.00,5.00,5.00,0.0200,0
2023-05-12 14:19:42,1683915582,24.9,31.1,99200,2.00,3.00,4.00,5.00,0.0281,0
2023-05-12 14:24:45,1683915886,24.7,30.2,99200,3.00,3.00,3.00,3.00,0.0313,0
2023-05-12 14:29:48,1683916189,25.2,28.4,99200,2.00,8.00,12.0,14.0,0.0376,0
2023-05-12 14:34:51,1683916492,25.8,27.4,99200,2.00,5.00,7.00,8.00,0.0390,0
2023-05-12 14:39:54,1683916794,26.6,25.7,99200,2.00,3.00,4.00,5.00,0.0248,0
2023-05-12 14:44:56,1683917096,27.4,23.7,99200,2.00,3.00,5.00,6.00,0.0185,0
2023-05-12 14:49:58,1683917398,28.1,22.7,99200,2.00,3.00,4.00,5.00,0.0185,0
2023-05-12 14:54:59,1683917700,28.6,22.1,99200,2.00,2.00,3.00,4.00,0.0127,0
2023-05-12 14:59:42,1683917982,28.8,21.2,99200,1.00,3.00,5.00,6.00,0.0123,0
2023-05-12 15:04:44,1683918284,28.6,21.1,99200,1.00,2.00,3.00,4.00,0.0113,0
2023-05-12 15:09:46,1683918586,28.3,21.1,99200,3.00,4.00,4.00,4.00,0.0114,0
2023-05-12 15:14:48,1683918888,27.8,20.9,99200,2.00,3.00,5.00,6.00,0.0123,0
2023-05-12 15:18:34,1683919114,27.4,21.6,99200,1.00,1.00,2.00,2.00,0.0103,0
2023-05-12 15:24:54,1683919494,27.8,21.6,99200,1.00,1.00,2.00,2.00,0.0116,0
2023-05-12 15:29:56,1683919796,28.2,21.8,99200,1.00,3.00,5.00,5.00,0.0105,0
2023-05-12 15:34:57,1683920097,28.9,20.8,99200,1.00,3.00,5.00,6.00,0.0109,0
2023-05-12 15:39:58,1683920399,29.2,19.6,99200,1e-7,1.00,3.00,4.00,0.0142,0
2023-05-12 15:44:41,1683920681,29.1,18.9,99173,2.00,2.00,3.00,4.00,0.0143,0
2023-05-12 15:49:42,1683920982,29.6,18.0,99181,2.00,2.00,3.00,4.00,0.0112,0
2023-05-12 15:54:43,1683921283,29.9,17.9,99138,1.00,4.00,6.00,8.00,0.0118,0
2023-05-12 15:59:44,1683921584,30.0,17.4,99200,1.00,2.00,3.00,4.00,0.0119,0
2023-05-12 16:04:44,1683921885,30.1,17.2,99200,1.00,3.00,3.00,4.00,0.0158,0
2023-05-12 16:09:45,1683922186,30.5,16.3,99200,2.00,3.00,5.00,6.00,0.0158,0
2023-05-12 16:14:44,1683922485,31.1,14.9,99200,1.00,3.00,6.00,7.00,0.0129,0
2023-05-12 16:19:44,1683922785,31.3,14.8,99200,2.00,2.00,3.00,3.00,0.0181,0
2023-05-12 16:24:45,1683923085,31.2,14.5,99200,1.00,2.00,3.00,3.00,0.0160,0
2023-05-12 16:29:45,1683923385,30.7,15.0,99200,2.00,2.00,3.00,3.00,0.0119,0
2023-05-12 16:34:45,1683923686,30.4,15.1,99200,1.00,4.00,7.00,8.00,0.00995,0
2023-05-12 16:39:46,1683923986,30.1,15.3,99200,1.00,3.00,5.00,6.00,0.0172,0
2023-05-12 16:44:47,1683924287,29.6,15.4,99200,1.00,6.00,11.0,13.0,0.0172,0
2023-05-12 16:49:48,1683924588,29.3,15.9,99200,1.00,2.00,3.00,4.00,0.0154,0
2023-05-12 16:54:49,1683924890,29.0,16.2,99200,1.00,2.00,3.00,4.00,0.0212,0
2023-05-12 16:59:50,1683925191,28.8,16.7,99200,1.00,4.00,7.00,8.00,0.00995,0
2023-05-12 17:04:52,1683925492,28.6,16.9,99200,1.00,2.00,3.00,4.00,0.0167,0
2023-05-12 17:09:53,1683925794,28.3,17.5,99200,1.00,3.00,5.00,6.00,0.0167,0
2023-05-12 17:14:55,1683926095,28.1,17.7,99200,1.00,2.00,3.00,3.00,0.0121,0
2023-05-12 17:19:57,1683926397,28.1,17.9,99200,1.00,2.00,3.00,4.00,0.0136,0
2023-05-12 17:24:59,1683926699,28.2,17.8,99200,2.00,2.00,3.00,4.00,0.0123,0
2023-05-12 17:29:41,1683926982,28.3,18.0,99200,1e-7,2.00,3.00,4.00,0.00995,0
2023-05-12 17:34:43,1683927284,28.4,18.0,99200,2.00,2.00,2.00,3.00,0.00995,0
2023-05-12 17:39:45,1683927585,28.4,18.0,99200,1.00,3.00,5.00,6.00,0.0173,0
2023-05-12 17:44:47,1683927887,28.4,18.1,99200,1e-7,1.00,3.00,3.00,0.0173,0
2023-05-12 17:49:49,1683928189,28.4,18.0,99200,1.00,2.00,3.00,3.00,0.0159,0
2023-05-12 17:54:51,1683928491,28.3,18.0,99200,2.00,2.00,3.00,4.00,0.0122,0
2023-05-12 17:59:52,1683928793,28.0,18.3,99200,1.00,3.00,5.00,7.00,0.0114,0
2023-05-12 18:04:54,1683929095,27.8,18.2,99200,3.00,4.00,4.00,4.00,0.0125,0
2023-05-12 18:09:57,1683929397,27.7,18.5,99200,1.00,4.00,7.00,8.00,0.0131,0
2023-05-12 18:14:59,1683929700,27.5,18.5,99200,1.00,3.00,4.00,4.00,0.0119,0
2023-05-12 18:19:43,1683929983,27.4,18.8,99200,2.00,3.00,5.00,7.00,0.0167,0
2023-05-12 18:24:45,1683930286,27.2,19.0,99200,1.00,1.00,3.00,3.00,0.0117,0
2023-05-12 18:29:48,1683930589,27.0,19.2,99200,2.00,3.00,4.00,4.00,0.0112,0
2023-05-12 18:34:51,1683930892,26.8,19.4,99200,2.00,6.00,10.0,13.0,0.0281,0
2023-05-12 18:39:54,1683931195,26.7,19.6,99200,2.00,2.00,4.00,5.00,0.0281,0
2023-05-12 18:44:42,1683931483,26.6,19.8,99200,1e-7,2.00,3.00,4.00,0.0283,0
2023-05-12 18:47:14,1683931635,26.5,19.8,99200,1.00,2.00,3.00,4.00,0.00970,0
2023-05-12 18:54:42,1683932083,26.4,20.0,99200,1.00,2.00,4.00,4.00,0.00970,0
2023-05-12 18:59:48,1683932388,26.3,20.1,99200,2.00,2.00,2.00,3.00,0.0100,0
2023-05-12 19:04:51,1683932692,26.2,20.4,99200,2.00,2.00,3.00,4.00,0.00995,0
2023-05-12 19:09:55,1683932995,26.0,20.6,99200,1.00,2.00,3.00,4.00,0.00995,0
2023-05-12 19:14:59,1683933299,25.8,20.8,99200,1.00,2.00,3.00,4.00,0.00995,0
2023-05-12 19:19:44,1683933584,25.6,21.1,99200,1.00,3.00,5.00,6.00,0.0124,0
2023-05-12 19:24:48,1683933888,25.5,21.3,99200,1.00,2.00,3.00,4.00,0.0121,0
2023-05-12 19:29:52,1683934192,25.3,21.1,99200,2.00,3.00,5.00,6.00,0.0118,0
2023-05-12 19:34:56,1683934496,25.1,21.1,99200,1.00,3.00,5.00,6.00,0.0140,0
2023-05-12 19:39:41,1683934781,25.0,21.1,99200,1.00,2.00,3.00,4.00,0.0140,0
2023-05-12 19:44:45,1683935085,24.9,21.2,99200,2.00,4.00,6.00,7.00,0.0159,0
2023-05-12 19:49:49,1683935390,24.7,22.4,99200,5.00,6.00,7.00,8.00,0.0224,0
2023-05-12 19:54:53,1683935694,24.4,24.0,99200,2.00,6.00,10.0,11.0,0.0118,0
2023-05-12 19:59:58,1683935999,24.0,25.0,99288,3.00,6.00,9.00,10.0,0.0168,0
2023-05-12 20:04:44,1683936285,23.7,25.7,99293,3.00,4.00,4.00,5.00,0.0292,0
2023-05-12 20:09:49,1683936590,23.4,26.5,99256,2.00,2.00,3.00,4.00,0.0106,0
2023-05-12 20:14:54,1683936895,23.1,27.0,99206,2.00,4.00,5.00,6.00,0.0105,0
2023-05-12 20:19:59,1683937200,22.9,27.2,99200,4.00,5.00,5.00,6.00,0.0109,0
2023-05-12 20:24:45,1683937486,22.7,27.2,99200,1.00,3.00,5.00,6.00,0.0126,0
2023-05-12 20:29:51,1683937791,22.6,27.2,99206,3.00,3.00,3.00,4.00,0.0129,0
2023-05-12 20:34:56,1683938097,22.5,27.4,99300,1.00,4.00,7.00,8.00,0.0191,0
2023-05-12 20:39:43,1683938383,22.5,27.8,99300,4.00,5.00,9.00,11.0,0.0224,0
2023-05-12 20:44:48,1683938689,22.4,28.1,99300,1.00,3.00,5.00,6.00,0.0119,0
2023-05-12 20:49:54,1683938994,22.3,28.5,99300,3.00,4.00,6.00,7.00,0.0281,0
2023-05-12 20:54:41,1683939281,22.1,28.8,99300,5.00,6.00,10.0,12.0,0.0219,0
2023-05-12 20:59:46,1683939586,21.9,29.2,99300,2.00,3.00,5.00,6.00,0.0208,0
2023-05-12 21:04:52,1683939892,21.8,29.5,99300,3.00,5.00,8.00,9.00,0.0225,0
2023-05-12 21:09:58,1683940198,21.6,29.8,99300,2.00,3.00,5.00,6.00,0.0122,0
2023-05-12 21:14:44,1683940485,21.3,30.1,99300,2.00,4.00,6.00,7.00,0.0154,0
2023-05-12 21:19:51,1683940791,21.1,30.6,99300,3.00,3.00,5.00,5.00,0.0154,0
2023-05-12 21:24:57,1683941097,20.9,30.5,99300,1.00,2.00,4.00,4.00,0.0214,0
2023-05-12 21:29:44,1683941385,20.8,30.9,99300,2.00,4.00,7.00,8.00,0.0215,0
2023-05-12 21:34:50,1683941691,20.6,31.1,99300,1.00,3.00,6.00,7.00,0.0201,0
2023-05-12 21:39:57,1683941997,20.3,31.5,99300,2.00,2.00,4.00,4.00,0.0160,0
2023-05-12 21:44:45,1683942285,20.2,31.7,99353,1.00,3.00,5.00,6.00,0.0159,0
2023-05-12 21:49:51,1683942592,20.1,33.9,99400,1.00,3.00,5.00,6.00,0.0113,0
2023-05-12 21:54:58,1683942899,20.0,35.4,99400,2.00,5.00,8.00,9.00,0.0116,0
2023-05-12 21:59:46,1683943187,19.8,36.8,99360,1.00,2.00,4.00,4.00,0.0178,0
2023-05-12 22:04:53,1683943494,19.5,38.5,99300,1.00,4.00,7.00,9.00,0.0102,0
2023-05-12 22:09:41,1683943782,19.2,39.3,99300,1.00,1.00,2.00,3.00,0.0218,0
2023-05-12 22:14:48,1683944089,18.9,39.6,99300,1.00,3.00,5.00,6.00,0.0228,0
2023-05-12 22:19:56,1683944396,18.6,40.2,99300,1.00,2.00,4.00,5.00,0.0118,0
2023-05-12 22:24:44,1683944685,18.4,40.2,99300,1e-7,2.00,3.00,4.00,0.0117,0
2023-05-12 22:29:52,1683944992,18.0,41.0,99300,1e-7,2.00,3.00,4.00,0.0101,0
2023-05-12 22:34:41,1683945282,17.7,41.7,99300,2.00,2.00,3.00,4.00,0.0102,0
2023-05-12 22:39:49,1683945590,17.4,42.3,99300,2.00,4.00,7.00,8.00,0.0187,0
2023-05-12 22:44:57,1683945898,17.0,42.7,99300,1e-7,2.00,3.00,4.00,0.0187,0
2023-05-12 22:49:47,1683946187,16.7,43.0,99300,1.00,2.00,3.00,4.00,0.0230,0
2023-05-12 22:54:55,1683946496,16.3,43.3,99300,2.00,4.00,7.00,8.00,0.0207,0
2023-05-12 22:59:45,1683946785,16.1,45.2,99300,1.00,2.00,3.00,4.00,0.0207,0
2023-05-12 23:04:53,1683947094,15.8,44.9,99300,1.00,2.00,3.00,4.00,0.0167,0
2023-05-12 23:09:43,1683947384,15.6,44.3,99300,1.00,2.00,4.00,5.00,0.00995,0
2023-05-12 23:14:53,1683947693,15.3,45.6,99300,2.00,2.00,4.00,4.00,0.0101,0
2023-05-12 23:19:43,1683947983,15.0,45.3,99373,1.00,4.00,7.00,8.00,0.0128,0
2023-05-12 23:24:52,1683948293,14.7,45.9,99400,1.00,4.00,6.00,8.00,0.0122,0
2023-05-12 23:29:42,1683948583,14.6,46.7,99400,1.00,3.00,6.00,8.00,0.0197,0
2023-05-12 23:34:52,1683948892,14.6,46.2,99400,1.00,4.00,7.00,9.00,0.0197,0
2023-05-12 23:39:42,1683949182,14.7,45.1,99373,2.00,2.00,2.00,2.00,0.0140,0
2023-05-12 23:44:51,1683949492,14.9,43.6,99394,2.00,4.00,7.00,8.00,0.0243,0
2023-05-12 23:49:41,1683949782,15.2,42.4,99400,1.00,3.00,6.00,7.00,0.0160,0
2023-05-12 23:54:51,1683950091,15.3,41.1,99400,1.00,3.00,4.00,4.00,0.0156,0
2023-05-12 23:59:41,1683950381,15.4,40.6,99400,2.00,4.00,6.00,7.00,0.0192,0
2023-05-13 00:04:50,1683950691,15.4,40.2,99400,2.00,7.00,11.0,13.0,0.0133,0
2023-05-13 00:09:40,1683950981,15.5,39.3,99400,3.00,5.00,6.00,6.00,0.0256,0
2023-05-13 00:14:49,1683951290,15.6,38.4,99400,4.00,5.00,6.00,7.00,0.0256,0
2023-05-13 00:19:59,1683951599,15.7,37.7,99400,2.00,3.00,5.00,6.00,0.0195,0
2023-05-13 00:24:49,1683951889,15.8,37.4,99400,3.00,5.00,7.00,8.00,0.0186,0
2023-05-13 00:29:58,1683952198,15.9,37.0,99400,2.00,3.00,3.00,3.00,0.0112,0
2023-05-13 00:34:48,1683952488,15.8,36.6,99400,2.00,5.00,7.00,9.00,0.0192,0
2023-05-13 00:39:57,1683952797,15.8,36.0,99400,4.00,5.00,6.00,7.00,0.0231,0
2023-05-13 00:44:47,1683953087,15.7,35.4,99400,4.00,4.00,4.00,5.00,0.0130,0
2023-05-13 00:49:56,1683953396,15.7,35.3,99400,5.00,6.00,7.00,7.00,0.0131,0
2023-05-13 00:54:46,1683953686,15.6,35.2,99473,6.00,7.00,7.00,7.00,0.0214,0
2023-05-13 00:59:54,1683953995,15.5,35.4,99500,5.00,7.00,8.00,9.00,0.0512,0
2023-05-13 01:04:44,1683954285,15.4,35.3,99500,6.00,7.00,7.00,7.00,0.0476,0
2023-05-13 01:09:54,1683954594,15.2,34.8,99500,5.00,6.00,7.00,7.00,0.0423,0
2023-05-13 01:14:44,1683954884,15.0,34.0,99500,3.00,4.00,5.00,6.00,0.0151,0
2023-05-13 01:19:53,1683955194,14.8,33.7,99500,5.00,6.00,8.00,9.00,0.0108,0
2023-05-13 01:24:43,1683955484,14.6,33.8,99500,6.00,7.00,7.00,8.00,0.0148,0
2023-05-13 01:29:53,1683955793,14.5,33.6,99500,3.00,5.00,6.00,6.00,0.0457,0
2023-05-13 01:34:43,1683956084,14.3,33.6,99500,4.00,5.00,8.00,9.00,0.0273,0
2023-05-13 01:39:53,1683956394,14.2,33.6,99500,4.00,5.00,7.00,9.00,0.0245,0
2023-05-13 01:44:44,1683956684,14.0,33.5,99500,4.00,6.00,9.00,11.0,0.0336,0
2023-05-13 01:49:54,1683956994,13.9,33.6,99500,3.00,4.00,6.00,7.00,0.0336,0
2023-05-13 01:54:44,1683957285,13.7,33.7,99500,3.00,3.00,5.00,6.00,0.0242,0
2023-05-13 01:59:55,1683957595,13.5,33.8,99500,2.00,5.00,7.00,8.00,0.0112,0
2023-05-13 02:04:45,1683957886,13.4,33.9,99500,4.00,4.00,6.00,7.00,0.0214,0
2023-05-13 02:09:55,1683958196,13.3,33.9,99500,2.00,2.00,3.00,4.00,0.0260,0
2023-05-13 02:14:46,1683958487,13.2,33.6,99500,4.00,4.00,5.00,6.00,0.0363,0
2023-05-13 02:19:57,1683958797,13.0,33.7,99500,4.00,4.00,7.00,8.00,0.0313,0
2023-05-13 02:24:48,1683959088,13.0,33.5,99500,5.00,6.00,6.00,7.00,0.0228,0
2023-05-13 02:29:58,1683959399,12.9,33.2,99500,3.00,4.00,7.00,9.00,0.0184,0
2023-05-13 02:34:50,1683959690,12.9,33.1,99500,4.00,4.00,5.00,6.00,0.0154,0
2023-05-13 02:39:41,1683959981,12.8,32.9,99500,1.00,2.00,3.00,4.00,0.0224,0
2023-05-13 02:44:52,1683960292,12.7,32.7,99500,1.00,3.00,5.00,7.00,0.0159,0
2023-05-13 02:49:43,1683960584,12.6,32.7,99500,1.00,3.00,5.00,6.00,0.0111,0
2023-05-13 02:54:54,1683960894,12.5,32.9,99500,2.00,5.00,7.00,8.00,0.0108,0
2023-05-13 02:59:46,1683961186,12.4,32.8,99500,2.00,5.00,8.00,9.00,0.0207,0
2023-05-13 03:04:56,1683961497,12.4,32.8,99500,2.00,3.00,4.00,4.00,0.0240,0
2023-05-13 03:09:48,1683961789,12.3,32.9,99600,1.00,2.00,4.00,5.00,0.0160,0
2023-05-13 03:14:59,1683962100,12.2,33.3,99581,2.00,3.00,5.00,6.00,0.0165,0
2023-05-13 03:19:50,1683962391,12.1,33.2,99600,1.00,3.00,4.00,5.00,0.0111,0
2023-05-13 03:24:42,1683962682,12.0,33.5,99600,3.00,5.00,8.00,10.0,0.0110,0
2023-05-13 03:29:53,1683962994,12.0,33.3,99600,3.00,3.00,4.00,5.00,0.0155,0
2023-05-13 03:34:45,1683963285,11.9,33.5,99593,1.00,3.00,5.00,6.00,0.0137,0
2023-05-13 03:39:56,1683963596,11.7,33.7,99600,2.00,3.00,5.00,7.00,0.0137,0
2023-05-13 03:44:48,1683963888,11.6,34.0,99567,2.00,2.00,3.00,4.00,0.0148,0
2023-05-13 03:49:59,1683964200,11.5,34.1,99600,2.00,3.00,5.00,6.00,0.0144,0
2023-05-13 03:54:51,1683964492,11.3,34.4,99600,3.00,4.00,7.00,8.00,0.0121,0
2023-05-13 03:59:43,1683964784,11.1,34.5,99600,1.00,4.00,6.00,7.00,0.0125,0
2023-05-13 04:04:55,1683965095,10.9,35.2,99600,1.00,5.00,9.00,11.0,0.00993,0
2023-05-13 04:09:47,1683965388,10.7,36.2,99600,2.00,3.00,3.00,4.00,0.0183,0
2023-05-13 04:14:59,1683965699,10.6,36.0,99600,1.00,5.00,9.00,11.0,0.0183,0
2023-05-13 04:19:51,1683965992,10.6,36.1,99600,2.00,4.00,7.00,8.00,0.0200,0
2023-05-13 04:24:43,1683966284,10.6,35.8,99600,2.00,3.00,5.00,6.00,0.0225,0
2023-05-13 04:29:55,1683966596,10.6,35.7,99600,1.00,2.00,3.00,4.00,0.0246,0
2023-05-13 04:34:48,1683966888,10.6,36.1,99600,1.00,4.00,6.00,8.00,0.0129,0
2023-05-13 04:39:40,1683967181,10.4,36.3,99600,1.00,6.00,10.0,12.0,0.0133,0
2023-05-13 04:44:52,1683967493,10.2,37.2,99600,1.00,2.00,4.00,4.00,0.0169,0
2023-05-13 04:49:45,1683967785,10.0,37.4,99600,1.00,4.00,6.00,8.00,0.0139,0
2023-05-13 04:54:57,1683968098,9.71,37.6,99600,1.00,2.00,3.00,4.00,0.0121,0
2023-05-13 04:59:50,1683968390,9.46,37.9,99600,1.00,3.00,6.00,8.00,0.0228,0
2023-05-13 05:04:43,1683968683,9.22,38.5,99600,1.00,3.00,5.00,7.00,0.0198,0
2023-05-13 05:09:55,1683968996,9.09,38.7,99600,1.00,2.00,3.00,4.00,0.0180,0
2023-05-13 05:14:48,1683969289,8.91,39.4,99600,1.00,2.00,3.00,4.00,0.0154,0
2023-05-13 05:19:41,1683969582,8.72,39.4,99600,1.00,3.00,5.00,6.00,0.0127,0
2023-05-13 05:24:54,1683969894,8.69,40.3,99600,2.00,4.00,7.00,9.00,0.0131,0
2023-05-13 05:29:47,1683970188,8.69,40.2,99600,2.00,2.00,3.00,4.00,0.0177,0
2023-05-13 05:34:40,1683970481,8.63,39.9,99600,1.00,2.00,3.00,4.00,0.0188,0
2023-05-13 05:39:53,1683970794,8.50,39.9,99600,1.00,2.00,3.00,4.00,0.0162,0
2023-05-13 05:44:46,1683971087,8.37,40.3,99600,1.00,3.00,4.00,5.00,0.0104,0
2023-05-13 05:49:59,1683971399,8.26,40.4,99600,1.00,2.00,3.00,4.00,0.0102,0
2023-05-13 05:54:52,1683971693,8.19,40.7,99600,1.00,2.00,3.00,4.00,0.0104,0
2023-05-13 05:59:45,1683971985,8.34,40.9,99600,1e-7,2.00,3.00,4.00,0.0104,0
2023-05-13 06:04:57,1683972298,8.64,40.8,99600,1.00,3.00,5.00,6.00,0.0126,0
2023-05-13 06:09:49,1683972590,9.03,40.7,99600,1e-7,4.00,7.00,8.00,0.0123,0
2023-05-13 06:14:41,1683972882,9.40,40.8,99647,1.00,3.00,5.00,6.00,0.0130,0
2023-05-13 06:19:52,1683973193,9.85,40.4,99675,1.00,3.00,4.00,5.00,0.0202,0
2023-05-13 06:24:44,1683973484,10.2,39.6,99700,2.00,2.00,3.00,4.00,0.0153,0
2023-05-13 06:29:54,1683973795,10.7,39.5,99613,2.00,5.00,8.00,9.00,0.0102,0
2023-05-13 06:34:45,1683974085,11.2,39.0,99600,1.00,2.00,3.00,3.00,0.0119,0
2023-05-13 06:39:54,1683974395,11.8,38.4,99600,2.00,5.00,7.00,8.00,0.0143,0
2023-05-13 06:44:43,1683974684,12.4,37.8,99600,2.00,2.00,4.00,4.00,0.0367,0
2023-05-13 06:49:52,1683974993,13.1,37.2,99600,2.00,4.00,5.00,6.00,0.0338,0
2023-05-13 06:54:41,1683975282,13.8,36.0,99600,2.00,3.00,6.00,7.00,0.0338,0
2023-05-13 06:59:48,1683975589,14.5,34.8,99600,4.00,6.00,9.00,10.0,0.0239,0
2023-05-13 07:04:56,1683975896,15.1,33.0,99600,2.00,6.00,10.0,12.0,0.0322,0
2023-05-13 07:09:44,1683976184,15.8,32.5,99600,3.00,3.00,5.00,6.00,0.0475,0
2023-05-13 07:11:57,1683976318,16.2,30.9,99600,2.00,2.00,3.00,4.00,0.0415,0
2023-05-13 07:19:55,1683976796,16.5,29.1,99600,4.00,4.00,5.00,6.00,0.0181,0
2023-05-13 07:24:43,1683977084,16.2,29.5,99600,2.00,4.00,6.00,7.00,0.0132,0
2023-05-13 07:29:51,1683977391,15.8,30.1,99600,5.00,7.00,9.00,10.0,0.0365,0
2023-05-13 07:34:39,1683977680,15.5,30.4,99600,2.00,3.00,5.00,6.00,0.0431,0
2023-05-13 08:44:56,1683981896,16.4,29.3,99600,2.00,5.00,10.0,12.0,,
2023-05-13 08:49:55,1683982196,16.4,28.7,99600,1e-7,1.00,3.00,3.00,,
2023-05-13 08:52:09,1683982329,16.5,28.8,99600,2.00,7.00,10.0,12.0,,
2023-05-13 08:57:25,1683982646,17.4,28.0,99600,2.00,4.00,6.00,8.00,,
2023-05-13 09:34:59,1683984900,17.9,26.3,99600,1e-7,1e-7,1.00,1.00,,
2023-05-13 09:39:47,1683985187,18.0,26.0,99600,2.00,2.00,3.00,4.00,0.0144,0
2023-05-13 09:42:20,1683985340,18.2,26.1,99600,2.00,3.00,5.00,5.00,0.0221,0
2023-05-13 09:49:51,1683985791,18.5,25.0,99600,4.00,4.00,5.00,6.00,0.0109,0
2023-05-13 09:54:57,1683986098,18.6,25.1,99600,1.00,5.00,8.00,9.00,0.0149,0
2023-05-13 09:59:44,1683986385,18.6,25.6,99600,2.00,5.00,8.00,9.00,0.0149,0
2023-05-13 10:04:51,1683986691,18.3,27.0,99600,2.00,3.00,3.00,4.00,0.0166,0
2023-05-13 10:09:57,1683986998,18.0,27.9,99600,4.00,5.00,8.00,10.0,0.0261,0
2023-05-13 10:14:45,1683987285,17.5,28.6,99600,2.00,3.00,5.00,6.00,0.0261,0
2023-05-13 10:19:51,1683987592,17.6,28.3,99600,2.00,2.00,3.00,4.00,0.0273,0
2023-05-13 10:24:58,1683987899,17.7,27.8,99600,2.00,3.00,5.00,6.00,0.0234,0
2023-05-13 10:29:46,1683988186,18.3,26.5,99600,2.00,11.0,19.0,23.0,0.0540,0
2023-05-13 10:34:52,1683988493,18.6,25.9,99600,1.00,5.00,8.00,9.00,0.0350,0
2023-05-13 10:39:59,1683988799,18.5,25.9,99600,2.00,2.00,3.00,4.00,0.0322,0
2023-05-13 10:44:46,1683989087,18.2,25.7,99600,1.00,3.00,5.00,5.00,0.0261,0
2023-05-13 10:49:53,1683989393,18.3,25.6,99600,2.00,3.00,5.00,5.00,0.0148,0
2023-05-13 10:54:59,1683989700,18.7,24.9,99600,2.00,2.00,4.00,4.00,0.0119,0
2023-05-13 10:59:46,1683989987,19.3,23.7,99600,4.00,5.00,8.00,9.00,0.0117,0
2023-05-13 11:02:57,1683990178,19.8,22.5,99600,2.00,2.00,2.00,2.00,0.0153,0
2023-05-13 11:14:53,1683990893,21.3,20.9,99600,1e-7,1.00,3.00,4.00,0.0154,0
2023-05-13 11:19:57,1683991198,21.6,20.9,99600,1.00,2.00,3.00,4.00,0.0202,0
2023-05-13 11:24:52,1683991493,21.7,20.9,99600,3.00,4.00,4.00,4.00,0.0202,0
2023-05-13 11:29:57,1683991797,21.9,20.9,99600,2.00,4.00,7.00,8.00,0.0180,0
2023-05-13 11:34:43,1683992083,22.3,20.7,99600,1.00,4.00,7.00,8.00,0.0178,0
2023-05-13 11:39:47,1683992387,22.6,20.2,99600,2.00,5.00,8.00,9.00,0.0262,0
2023-05-13 11:44:51,1683992691,22.6,19.8,99600,2.00,2.00,3.00,3.00,0.0422,0
2023-05-13 11:49:55,1683992996,21.8,20.4,99600,2.00,6.00,10.0,12.0,0.0472,0
2023-05-13 11:54:41,1683993282,20.8,21.6,99600,1.00,2.00,3.00,4.00,0.0226,0
2023-05-13 11:59:47,1683993587,20.4,22.5,99600,2.00,4.00,6.00,8.00,0.0165,0
2023-05-13 12:04:52,1683993892,21.0,22.1,99600,1.00,3.00,6.00,7.00,0.0139,0
2023-05-13 12:09:57,1683994197,21.4,21.6,99600,2.00,4.00,6.00,7.00,0.0107,0
2023-05-13 12:12:28,1683994349,20.9,23.0,99600,2.00,2.00,3.00,3.00,0.0104,0
2023-05-13 12:19:56,1683994797,19.7,22.8,99600,1.00,6.00,10.0,13.0,0.0148,0
2023-05-13 12:24:43,1683995083,19.8,22.3,99600,1.00,2.00,3.00,4.00,0.0128,0
2023-05-13 12:29:29,1683995369,19.8,21.5,99600,1.00,4.00,7.00,8.00,0.0127,0
2023-05-13 12:34:43,1683995683,19.8,21.3,99600,1.00,2.00,3.00,4.00,0.0126,0
2023-05-13 12:39:49,1683995989,19.6,21.7,99600,1.00,2.00,4.00,5.00,0.0160,0
2023-05-13 12:40:08,1683996008,19.3,22.0,99600,1e-7,1.00,1.00,2.00,0.0102,0
2023-05-13 12:49:42,1683996583,19.4,21.9,99600,2.00,2.00,2.00,2.00,0.0104,0
2023-05-13 12:54:48,1683996889,19.3,21.7,99600,1.00,3.00,5.00,6.00,0.0101,0
2023-05-13 12:59:55,1683997195,18.7,21.9,99600,2.00,3.00,5.00,6.00,0.00999,0
2023-05-13 13:04:42,1683997483,18.5,22.5,99600,1.00,3.00,5.00,6.00,0.0135,0
2023-05-13 13:09:57,1683997797,18.3,23.4,99600,2.00,3.00,5.00,6.00,0.0135,0
2023-05-13 13:14:44,1683998085,17.9,23.9,99627,2.00,4.00,6.00,7.00,0.0107,0
2023-05-13 13:19:51,1683998392,17.1,24.5,99700,3.00,3.00,4.00,4.00,0.0156,0
2023-05-13 13:24:51,1683998692,16.5,26.1,99700,1e-7,2.00,3.00,4.00,0.0146,0
2023-05-13 13:29:59,1683998999,16.4,26.4,99700,1.00,2.00,3.00,4.00,0.0119,0
2023-05-13 13:34:47,1683999288,16.5,26.1,99700,1.00,4.00,6.00,8.00,0.0115,0
2023-05-13 13:39:55,1683999595,16.6,24.3,99700,1.00,3.00,5.00,7.00,0.0136,0
2023-05-13 13:44:46,1683999887,16.3,24.2,99700,1e-7,2.00,3.00,4.00,0.0136,0
2023-05-13 13:49:54,1684000194,16.3,24.0,99700,1.00,5.00,9.00,11.0,0.0225,0
2023-05-13 13:54:04,1684000445,16.6,23.5,99700,1.00,2.00,3.00,4.00,0.0212,0
2023-05-13 14:04:58,1684001098,16.3,23.7,99700,1.00,3.00,5.00,6.00,0.0199,0
2023-05-13 14:09:47,1684001387,16.2,24.0,99700,2.00,4.00,5.00,6.00,0.0180,0
2023-05-13 14:12:20,1684001541,16.2,24.0,99700,2.00,2.00,2.00,2.00,0.0100,0
2023-05-13 14:19:44,1684001984,16.0,23.9,99757,1e-7,3.00,5.00,7.00,0.0132,0
2023-05-13 14:24:52,1684002292,15.7,23.8,99800,1e-7,4.00,7.00,8.00,0.0132,0
2023-05-13 14:29:41,1684002582,15.3,23.7,99800,1.00,2.00,3.00,4.00,0.0106,0
2023-05-13 14:34:49,1684002890,15.5,24.4,99763,1e-7,2.00,3.00,4.00,0.0115,0
2023-05-13 14:39:57,1684003198,16.0,24.0,99800,1.00,4.00,7.00,8.00,0.0136,0
2023-05-13 14:44:46,1684003487,16.2,22.9,99800,1.00,1.00,2.00,3.00,0.0121,0
2023-05-13 14:48:55,1684003735,15.9,23.3,99800,1.00,2.00,3.00,4.00,0.0139,0
2023-05-13 14:54:42,1684004083,15.9,23.8,99800,1e-7,1e-7,1e-7,1e-7,0.00685,0
2023-05-13 14:59:50,1684004391,16.0,24.4,99800,1.00,2.00,3.00,4.00,0.00995,0
2023-05-13 15:04:58,1684004699,15.9,25.2,99800,1e-7,2.00,4.00,4.00,0.00995,0
2023-05-13 15:09:08,1684004948,15.9,24.7,99800,1e-7,2.00,3.00,4.00,0.00995,0
2023-05-13 15:14:54,1684005295,16.1,23.9,99800,1.00,2.00,3.00,4.00,0.00995,0
2023-05-13 15:19:43,1684005583,16.4,22.4,99800,1e-7,2.00,3.00,4.00,0.00995,0
2023-05-13 15:24:51,1684005891,16.7,23.2,99800,1e-7,2.00,3.00,4.00,0.00995,0
2023-05-13 15:29:46,1684006187,17.0,23.5,99800,1.00,2.00,3.00,4.00,0.00995,0
2023-05-13 15:34:54,1684006494,17.3,23.4,99800,1e-7,1.00,2.00,3.00,0.00995,0
2023-05-13 15:39:42,1684006782,17.6,22.2,99800,1e-7,4.00,7.00,8.00,0.0131,0
2023-05-13 15:44:28,1684007069,17.7,21.8,99800,1.00,4.00,7.00,8.00,0.0204,0
2023-05-13 15:49:54,1684007394,17.8,21.7,99800,2.00,4.00,7.00,8.00,0.0138,0
2023-05-13 15:54:42,1684007682,17.7,21.6,99800,1e-7,2.00,3.00,4.00,0.0156,0
2023-05-13 15:59:10,1684007950,17.1,21.2,99800,1e-7,2.00,3.00,4.00,0.0150,0
2023-05-13 16:04:55,1684008295,16.7,21.4,99800,1.00,5.00,9.00,11.0,0.0150,0
2023-05-13 16:09:43,1684008583,16.8,21.6,99800,1.00,2.00,4.00,5.00,0.0177,0
2023-05-13 16:14:50,1684008891,17.1,21.7,99800,1e-7,2.00,3.00,4.00,0.0177,0
2023-05-13 16:19:57,1684009198,17.3,21.7,99800,1e-7,1.00,2.00,3.00,0.0151,0
2023-05-13 16:24:43,1684009484,17.4,21.1,99800,1e-7,2.00,3.00,4.00,0.0101,0
2023-05-13 16:29:51,1684009791,17.3,20.7,99800,1.00,1.00,2.00,3.00,0.00995,0
2023-05-13 16:33:21,1684010002,17.3,20.2,99800,2.00,4.00,7.00,8.00,0.00995,0
2023-05-13 16:39:46,1684010386,17.5,19.6,99800,1e-7,4.00,6.00,8.00,0.0160,0
2023-05-13 16:44:53,1684010693,17.7,19.7,99800,1e-7,2.00,3.00,4.00,0.0330,0
2023-05-13 16:49:41,1684010982,18.0,19.6,99800,1e-7,2.00,4.00,5.00,0.0271,0
2023-05-13 16:54:48,1684011289,18.0,19.3,99800,1.00,2.00,3.00,4.00,0.0251,0
2023-05-13 16:59:55,1684011596,17.8,18.6,99863,2.00,5.00,9.00,11.0,0.0143,0
2023-05-13 17:04:43,1684011883,17.8,18.0,99893,2.00,2.00,3.00,4.00,0.0149,0
2023-05-13 17:09:50,1684012190,17.7,18.2,99900,1e-7,2.00,3.00,4.00,0.0158,0
2023-05-13 17:14:57,1684012498,17.3,18.5,99900,1e-7,2.00,3.00,4.00,0.0187,0
2023-05-13 17:19:45,1684012786,17.0,18.5,99900,1.00,4.00,7.00,9.00,0.0146,0
2023-05-13 17:24:53,1684013094,16.7,18.7,99900,2.00,3.00,4.00,4.00,0.0138,0
2023-05-13 17:29:42,1684013382,16.5,19.1,99900,1.00,3.00,5.00,6.00,0.0107,0
2023-05-13 17:34:49,1684013690,16.3,18.9,99900,1.00,3.00,4.00,4.00,0.0121,0
2023-05-13 17:39:57,1684013998,16.1,19.4,99900,1e-7,3.00,5.00,6.00,0.0107,0
2023-05-13 17:44:46,1684014287,15.9,19.6,99900,2.00,5.00,7.00,8.00,0.0108,0
2023-05-13 17:49:55,1684014595,15.9,19.7,99900,2.00,4.00,5.00,6.00,0.0213,0
2023-05-13 17:54:43,1684014884,15.8,19.8,99900,1.00,3.00,5.00,6.00,0.0283,0
2023-05-13 18:04:48,1684015489,15.3,20.0,99900,1e-7,2.00,3.00,4.00,0.0247,0
2023-05-13 18:09:57,1684015798,15.2,20.2,99900,1.00,2.00,4.00,4.00,0.0117,0
2023-05-13 18:14:47,1684016087,15.1,20.4,99900,2.00,2.00,3.00,4.00,0.0115,0
2023-05-13 18:19:56,1684016396,15.2,20.4,99900,1e-7,1.00,3.00,3.00,0.00995,0
2023-05-13 18:24:45,1684016686,15.2,20.1,99900,1.00,3.00,5.00,6.00,0.0101,0
2023-05-13 18:29:54,1684016995,15.0,20.3,99900,1.00,2.00,3.00,4.00,0.0146,0
2023-05-13 18:34:44,1684017285,14.9,20.7,99900,1.00,4.00,7.00,9.00,0.0131,0
2023-05-13 18:39:53,1684017594,15.1,20.7,99963,1e-7,2.00,3.00,4.00,0.0153,0
2023-05-13 18:44:43,1684017884,15.1,20.5,99993,1.00,2.00,3.00,4.00,0.0170,0
2023-05-13 18:49:52,1684018193,15.1,20.0,99994,1e-7,2.00,3.00,4.00,0.0141,0
2023-05-13 18:54:42,1684018483,14.9,20.3,100000,2.00,4.00,5.00,6.00,0.0102,0
2023-05-13 18:59:52,1684018792,14.8,20.7,100000,1.00,3.00,6.00,7.00,0.0131,0
2023-05-13 19:04:42,1684019082,14.5,21.2,100000,1.00,2.00,3.00,4.00,0.0109,0
2023-05-13 19:09:51,1684019392,14.2,21.4,100000,1.00,3.00,5.00,6.00,0.0127,0
2023-05-13 19:14:41,1684019682,14.0,21.5,100000,1e-7,3.00,5.00,6.00,0.0107,0
2023-05-13 19:19:51,1684019992,13.9,21.8,100000,1e-7,2.00,3.00,4.00,0.0107,0
2023-05-13 19:24:42,1684020282,13.8,22.1,100000,1e-7,2.00,3.00,4.00,0.0128,0
2023-05-13 19:29:52,1684020592,13.7,22.2,100000,1.00,2.00,3.00,4.00,0.00995,0
2023-05-13 19:34:42,1684020883,13.6,22.5,100000,2.00,2.00,3.00,4.00,0.00995,0
2023-05-13 19:39:52,1684021193,13.5,22.5,100044,1e-7,2.00,3.00,4.00,0.00995,0
2023-05-13 19:44:43,1684021484,13.4,22.6,100100,1e-7,1.00,2.00,3.00,0.00995,0
2023-05-13 19:49:53,1684021794,13.4,22.9,100100,1e-7,2.00,3.00,4.00,0.00995,0
2023-05-13 19:54:44,1684022085,13.3,23.0,100100,1e-7,2.00,4.00,4.00,0.00995,0
2023-05-13 19:59:54,1684022395,13.2,23.1,100100,1.00,1.00,3.00,3.00,0.00995,0
2023-05-13 20:04:44,1684022684,13.1,23.2,100100,1e-7,2.00,3.00,4.00,0.00995,0
2023-05-13 20:09:54,1684022995,13.1,23.5,100100,1e-7,1.00,3.00,3.00,0.00995,0
2023-05-13 20:14:45,1684023286,13.0,23.4,100100,1.00,1.00,2.00,3.00,0.00995,0
2023-05-13 20:19:56,1684023596,12.9,23.6,100100,1.00,1.00,2.00,3.00,0.00995,0
2023-05-13 20:24:47,1684023888,12.8,23.7,100100,2.00,2.00,2.00,3.00,0.00995,0
2023-05-13 20:29:58,1684024198,12.7,24.0,100100,1e-7,2.00,3.00,4.00,0.00995,0
2023-05-13 20:34:49,1684024489,12.7,24.1,100100,1.00,1.00,2.00,3.00,0.00995,0
2023-05-13 20:39:40,1684024781,12.7,24.2,100100,1e-7,2.00,3.00,4.00,0.00995,0
2023-05-13 20:44:51,1684025091,12.7,24.5,100100,1.00,2.00,3.00,4.00,0.00995,0
2023-05-13 20:49:42,1684025383,12.6,24.8,100100,1.00,2.00,3.00,3.00,0.00995,0
2023-05-13 20:54:53,1684025694,12.6,24.7,100100,1e-7,2.00,3.00,4.00,0.00995,0
2023-05-13 20:59:44,1684025985,12.5,24.9,100100,1.00,2.00,3.00,4.00,0.00995,0
2023-05-13 21:04:55,1684026296,12.5,24.9,100100,1e-7,2.00,3.00,4.00,0.00995,0
2023-05-13 21:09:46,1684026587,12.5,25.1,100100,1e-7,2.00,3.00,4.00,0.00995,0
2023-05-13 21:14:57,1684026898,12.4,25.1,100100,1e-7,1.00,2.00,3.00,0.00995,0
2023-05-13 21:19:49,1684027189,12.3,25.3,100113,1e-7,4.00,7.00,8.00,0.0107,0
2023-05-13 21:24:59,1684027500,12.3,25.4,100175,1e-7,1.00,3.00,3.00,0.0128,0
2023-05-13 21:29:51,1684027791,12.3,25.4,100200,1e-7,2.00,3.00,4.00,0.0142,0
2023-05-13 21:34:42,1684028083,12.2,25.7,100200,1e-7,2.00,3.00,4.00,0.0142,0
2023-05-13 21:39:53,1684028394,12.2,25.6,100200,1.00,2.00,3.00,4.00,0.00995,0
2023-05-13 21:44:45,1684028685,12.2,25.8,100200,1e-7,2.00,3.00,4.00,0.00995,0
2023-05-13 21:49:56,1684028996,12.2,26.0,100200,1e-7,2.00,4.00,5.00,0.0101,0
2023-05-13 21:54:47,1684029288,12.2,25.9,100200,1e-7,1.00,3.00,3.00,0.0101,0
2023-05-13 21:59:58,1684029599,12.2,25.9,100200,1.00,1.00,3.00,3.00,0.0103,0
2023-05-13 22:04:50,1684029890,12.1,25.9,100200,1e-7,5.00,9.00,11.0,0.0150,0
2023-05-13 22:09:41,1684030182,12.1,25.9,100200,1e-7,2.00,3.00,4.00,0.0161,0
2023-05-13 22:14:52,1684030493,12.1,26.2,100200,1e-7,2.00,3.00,4.00,0.0161,0
2023-05-13 22:19:44,1684030785,12.0,26.2,100200,1e-7,3.00,5.00,6.00,0.0151,0
2023-05-13 22:24:55,1684031096,12.0,26.3,100200,1.00,1.00,1.00,1.00,0.0113,0
2023-05-13 22:29:47,1684031387,12.0,26.3,100200,1e-7,2.00,4.00,4.00,0.0109,0
2023-05-13 22:34:58,1684031699,12.0,26.3,100200,1e-7,2.00,3.00,4.00,0.0105,0
2023-05-13 22:39:50,1684031990,12.0,26.3,100200,1.00,7.00,11.0,14.0,0.0166,0
2023-05-13 22:44:42,1684032282,11.9,26.3,100200,1e-7,2.00,3.00,4.00,0.0178,0
2023-05-13 22:49:53,1684032593,11.9,26.5,100200,1e-7,1e-7,1e-7,1e-7,0.0187,0
2023-05-13 22:54:44,1684032885,11.9,26.3,100200,1e-7,2.00,4.00,4.00,0.00995,0
2023-05-13 22:59:56,1684033196,11.9,26.5,100200,1e-7,2.00,3.00,4.00,0.00995,0
2023-05-13 23:04:48,1684033488,11.9,26.5,100200,1e-7,1.00,2.00,3.00,0.00995,0
2023-05-13 23:09:59,1684033800,11.8,26.7,100200,1e-7,1e-7,1e-7,1e-7,0.00995,0
2023-05-13 23:14:51,1684034091,11.8,26.7,100200,1e-7,1e-7,1e-7,1e-7,0.00995,0
2023-05-13 23:19:43,1684034383,11.8,26.9,100200,1e-7,2.00,3.00,4.00,0.00995,0
2023-05-13 23:24:54,1684034694,11.8,27.0,100200,1e-7,1e-7,1e-7,1e-7,0.00995,0
2023-05-13 23:29:46,1684034986,11.8,27.0,100200,1e-7,1.00,2.00,3.00,0.00995,0
2023-05-13 23:34:57,1684035298,11.7,27.1,100200,1e-7,2.00,3.00,4.00,0.00995,0
2023-05-13 23:39:49,1684035589,11.7,27.2,100200,1e-7,1e-7,1e-7,1e-7,0.00995,0
2023-05-13 23:44:41,1684035881,11.7,27.2,100200,1e-7,2.00,3.00,4.00,0.00995,0
2023-05-13 23:49:52,1684036193,11.7,27.2,100200,1.00,1.00,2.00,2.00,0.00995,0
2023-05-13 23:54:44,1684036484,11.7,27.4,100200,1e-7,2.00,4.00,4.00,0.00995,0
2023-05-13 23:59:55,1684036796,11.7,27.3,100200,1e-7,2.00,3.00,4.00,0.00995,0
2023-05-14 00:04:47,1684037088,11.7,27.4,100200,1e-7,2.00,3.00,4.00,0.00995,0
2023-05-14 00:09:59,1684037399,11.6,27.5,100200,1e-7,1.00,2.00,3.00,0.00995,0
2023-05-14 00:14:51,1684037691,11.6,27.6,100200,1.00,3.00,3.00,4.00,0.00995,0
2023-05-14 00:19:43,1684037983,11.6,27.7,100200,1e-7,1e-7,1e-7,1e-7,0.00995,0
2023-05-14 00:24:54,1684038294,11.6,27.8,100200,1.00,3.00,4.00,4.00,0.0100,0
2023-05-14 00:29:46,1684038586,11.6,27.8,100200,1e-7,1.00,2.00,3.00,0.0100,0
2023-05-14 00:34:57,1684038898,11.5,27.9,100200,1e-7,2.00,3.00,4.00,0.0101,0
2023-05-14 00:39:49,1684039190,11.5,28.0,100200,1.00,2.00,3.00,4.00,0.00995,0
2023-05-14 00:44:41,1684039482,11.5,28.1,100200,1e-7,1.00,3.00,3.00,0.00995,0
2023-05-14 00:49:53,1684039793,11.5,28.4,100200,1e-7,1e-7,1e-7,1e-7,0.00995,0
2023-05-14 00:54:45,1684040085,11.4,28.4,100200,1e-7,1e-7,1e-7,1e-7,0.00995,0
2023-05-14 00:59:56,1684040397,11.4,28.5,100200,1e-7,1e-7,1e-7,1e-7,0.00995,0
2023-05-14 01:04:48,1684040689,11.3,28.6,100200,1e-7,2.00,3.00,4.00,0.00995,0
2023-05-14 01:09:40,1684040981,11.3,28.7,100200,1e-7,1e-7,1e-7,1e-7,0.00995,0
2023-05-14 01:14:52,1684041292,11.3,28.6,100200,1e-7,1.00,3.00,3.00,0.00995,0
2023-05-14 01:19:44,1684041584,11.2,28.9,100200,1e-7,2.00,3.00,4.00,0.00995,0
2023-05-14 01:24:55,1684041896,11.2,28.8,100200,1e-7,1e-7,1e-7,1e-7,0.00995,0
2023-05-14 01:29:47,1684042188,11.2,29.0,100200,1.00,2.00,3.00,4.00,0.00995,0
2023-05-14 01:34:59,1684042499,11.2,29.3,100200,1e-7,2.00,3.00,4.00,0.00995,0
2023-05-14 01:39:51,1684042791,11.2,29.2,100200,1e-7,3.00,5.00,7.00,0.00995,0
2023-05-14 01:44:43,1684043083,11.2,29.3,100200,1e-7,2.00,3.00,4.00,0.0122,0
2023-05-14 01:49:54,1684043395,11.2,29.4,100200,1e-7,4.00,7.00,9.00,0.0116,0
2023-05-14 01:54:46,1684043686,11.2,29.4,100200,1e-7,1e-7,1e-7,1e-7,0.0126,0
2023-05-14 01:59:57,1684043998,11.2,29.5,100200,1e-7,2.00,3.00,4.00,0.0172,0
2023-05-14 02:04:49,1684044289,11.2,29.7,100200,1e-7,1e-7,1e-7,1e-7,0.0113,0
2023-05-14 02:09:41,1684044582,11.1,29.8,100200,1e-7,2.00,3.00,4.00,0.00995,0
2023-05-14 02:14:53,1684044893,11.1,29.8,100200,1e-7,1e-7,1.00,1.00,0.00995,0
2023-05-14 02:19:45,1684045185,11.0,29.9,100200,1e-7,2.00,3.00,4.00,0.00995,0
2023-05-14 02:24:56,1684045497,11.0,29.9,100200,1e-7,2.00,3.00,4.00,0.00995,0
2023-05-14 02:29:48,1684045789,11.0,30.1,100200,1e-7,2.00,3.00,4.00,0.00995,0
2023-05-14 02:34:40,1684046081,11.0,30.1,100180,1e-7,2.00,3.00,4.00,0.00995,0
2023-05-14 02:39:52,1684046393,11.0,30.1,100113,1e-7,2.00,3.00,4.00,0.00995,0
2023-05-14 02:44:44,1684046685,11.0,30.1,100100,1e-7,4.00,6.00,8.00,0.0108,0
2023-05-14 02:49:56,1684046996,10.9,30.3,100100,1e-7,3.00,5.00,6.00,0.0118,0
2023-05-14 02:54:48,1684047289,10.8,30.6,100100,1e-7,4.00,7.00,8.00,0.0158,0
2023-05-14 02:59:40,1684047581,10.7,30.8,100100,1e-7,2.00,3.00,4.00,0.0158,0
2023-05-14 03:04:52,1684047893,10.6,30.9,100100,1.00,2.00,3.00,4.00,0.0131,0
2023-05-14 03:09:45,1684048185,10.5,31.0,100100,1.00,2.00,3.00,4.00,0.0100,0
2023-05-14 03:14:57,1684048497,10.6,31.1,100100,1.00,2.00,3.00,4.00,0.00995,0
2023-05-14 03:19:49,1684048789,10.6,31.2,100100,1e-7,3.00,5.00,6.00,0.0101,0
2023-05-14 03:24:41,1684049082,10.6,31.3,100100,1e-7,2.00,3.00,4.00,0.0111,0
2023-05-14 03:29:53,1684049394,10.6,31.4,100100,1.00,4.00,7.00,8.00,0.0113,0
2023-05-14 03:34:46,1684049686,10.6,31.5,100100,1.00,2.00,3.00,4.00,0.0127,0
2023-05-14 03:39:57,1684049998,10.6,31.5,100100,2.00,3.00,4.00,5.00,0.0134,0
2023-05-14 03:44:50,1684050290,10.5,31.7,100100,1e-7,2.00,3.00,4.00,0.0130,0
2023-05-14 03:49:42,1684050583,10.5,31.9,100100,1.00,2.00,3.00,4.00,0.0112,0
2023-05-14 03:54:54,1684050895,10.5,31.9,100100,1e-7,1e-7,1e-7,1e-7,0.0109,0
2023-05-14 03:59:47,1684051187,10.5,32.1,100100,1e-7,3.00,5.00,6.00,0.0110,0
2023-05-14 04:04:58,1684051498,10.6,32.2,100100,1e-7,3.00,5.00,6.00,0.0159,0
2023-05-14 04:09:50,1684051791,10.6,32.3,100100,1e-7,3.00,6.00,7.00,0.0107,0
2023-05-14 04:14:43,1684052083,10.7,32.2,100100,2.00,2.00,3.00,4.00,0.0109,0
2023-05-14 04:19:54,1684052395,10.6,31.9,100100,1.00,3.00,5.00,6.00,0.0146,0
2023-05-14 04:24:47,1684052687,10.6,32.0,100100,3.00,3.00,3.00,4.00,0.0146,0
2023-05-14 04:29:58,1684052999,10.6,32.5,100100,1.00,8.00,13.0,16.0,0.0155,0
2023-05-14 04:34:51,1684053291,10.5,32.7,100100,1.00,2.00,3.00,4.00,0.0270,0
2023-05-14 04:39:43,1684053584,10.5,32.7,100100,1e-7,3.00,5.00,7.00,0.0270,0
2023-05-14 04:44:55,1684053896,10.5,32.9,100100,2.00,3.00,5.00,6.00,0.0155,0
2023-05-14 04:49:48,1684054188,10.4,32.6,100100,1.00,2.00,4.00,4.00,0.0112,0
2023-05-14 04:54:59,1684054500,10.4,32.6,100100,1.00,2.00,3.00,4.00,0.0114,0
2023-05-14 04:59:52,1684054792,10.3,32.5,100100,1.00,2.00,3.00,4.00,0.00995,0
2023-05-14 05:04:44,1684055085,10.3,32.5,100100,1.00,3.00,6.00,8.00,0.0118,0
2023-05-14 05:09:56,1684055397,10.2,32.4,100100,1e-7,3.00,5.00,6.00,0.0130,0
2023-05-14 05:14:49,1684055689,10.2,32.2,100100,1.00,3.00,4.00,5.00,0.0132,0
2023-05-14 05:19:41,1684055982,10.2,31.7,100100,1.00,3.00,5.00,6.00,0.0110,0
2023-05-14 05:24:53,1684056294,10.2,32.1,100100,1.00,2.00,4.00,5.00,0.0109,0
2023-05-14 05:29:46,1684056586,10.2,32.2,100100,1.00,4.00,7.00,9.00,0.0108,0
2023-05-14 05:34:57,1684056898,10.2,32.3,100100,1e-7,2.00,3.00,4.00,0.0137,0
2023-05-14 05:39:50,1684057190,10.1,32.1,100100,1.00,2.00,3.00,4.00,0.0133,0
2023-05-14 05:44:42,1684057482,10.1,32.2,100100,1.00,2.00,3.00,4.00,0.0133,0
2023-05-14 05:49:54,1684057794,10.1,32.2,100100,2.00,4.00,6.00,7.00,0.0114,0
2023-05-14 05:54:46,1684058086,10.1,32.1,100113,1.00,2.00,3.00,4.00,0.0169,0
2023-05-14 05:59:57,1684058398,10.2,31.8,100169,1.00,3.00,5.00,6.00,0.0147,0
2023-05-14 06:04:50,1684058690,10.3,31.6,100153,1.00,3.00,5.00,5.00,0.0143,0
2023-05-14 06:09:42,1684058982,10.4,30.9,100200,1.00,2.00,3.00,4.00,0.0110,0
2023-05-14 06:14:53,1684059293,10.5,31.1,100200,1.00,2.00,3.00,4.00,0.0108,0
2023-05-14 06:19:44,1684059585,10.7,30.5,100200,1.00,5.00,7.00,9.00,0.0132,0
2023-05-14 06:24:55,1684059896,11.0,30.0,100181,1.00,9.00,15.0,18.0,0.0132,0
2023-05-14 06:29:46,1684060187,11.4,29.4,100187,1.00,2.00,3.00,4.00,0.0162,0
2023-05-14 06:34:56,1684060497,11.7,29.3,100200,1e-7,3.00,5.00,7.00,0.0295,0
2023-05-14 06:39:47,1684060787,12.1,28.8,100200,2.00,5.00,8.00,9.00,0.0240,0
2023-05-14 06:44:48,1684061088,12.5,28.4,100200,1.00,5.00,8.00,10.0,0.0143,0
2023-05-14 06:49:57,1684061398,12.9,27.5,100200,1.00,3.00,4.00,4.00,0.0120,0
2023-05-14 06:54:47,1684061687,13.2,27.0,100200,2.00,4.00,7.00,8.00,0.0116,0
2023-05-14 06:59:56,1684061996,13.5,26.4,100200,1.00,2.00,3.00,4.00,0.0108,0
2023-05-14 07:01:50,1684062111,13.7,26.1,100200,1.00,3.00,5.00,6.00,0.0168,0
2023-05-14 07:09:53,1684062594,14.0,25.6,100200,1e-7,2.00,3.00,4.00,0.0182,0
2023-05-14 07:14:42,1684062882,14.1,25.3,100200,2.00,6.00,9.00,11.0,0.0157,0
2023-05-14 07:15:01,1684062902,14.1,25.4,100200,1e-7,1e-7,1e-7,1e-7,0.0157,0
2023-05-14 08:09:57,1684066198,16.2,21.8,100200,1e-7,1.00,2.00,3.00,,
2023-05-14 08:14:45,1684066485,16.4,21.7,100200,1.00,2.00,3.00,4.00,,
2023-05-14 08:19:59,1684066800,16.7,21.2,100200,1.00,2.00,3.00,3.00,,
2023-05-14 08:24:46,1684067087,16.8,21.0,100200,1e-7,2.00,3.00,4.00,,
2023-05-14 08:29:52,1684067393,17.1,20.7,100200,1.00,1.00,3.00,3.00,0.00995,0
2023-05-14 08:34:53,1684067693,17.3,20.3,100200,1.00,2.00,3.00,4.00,0.00995,0
2023-05-14 08:39:59,1684067999,17.3,19.8,100200,1.00,4.00,6.00,7.00,0.0138,0
2023-05-14 08:44:46,1684068287,17.2,20.4,100200,1.00,3.00,5.00,6.00,0.0146,0
2023-05-14 08:49:53,1684068594,17.0,20.2,100200,1.00,5.00,8.00,10.0,0.0109,0
2023-05-14 08:54:41,1684068881,17.0,20.1,100200,1.00,2.00,3.00,4.00,0.0153,0
2023-05-14 08:56:16,1684068977,17.1,20.2,100200,1.00,2.00,3.00,4.00,0.0153,0
2023-05-14 09:14:59,1684070099,19.0,18.3,100200,1e-7,1e-7,1e-7,1e-7,0.00989,0
2023-05-14 09:19:44,1684070385,19.1,18.4,100200,1.00,2.00,3.00,4.00,,
2023-05-14 09:24:49,1684070689,19.4,17.8,100200,1e-7,4.00,7.00,9.00,,
2023-05-14 09:29:53,1684070994,19.8,17.4,100200,2.00,4.00,6.00,7.00,0.0109,0
2023-05-14 09:34:58,1684071298,19.9,17.2,100200,1.00,2.00,3.00,4.00,0.0112,0
2023-05-14 09:39:44,1684071584,19.6,17.1,100200,1.00,3.00,6.00,7.00,0.0129,0
2023-05-14 09:44:49,1684071889,19.5,17.0,100200,1.00,2.00,3.00,4.00,0.0175,0
2023-05-14 09:49:54,1684072194,19.6,16.9,100200,2.00,6.00,11.0,13.0,0.0165,0
2023-05-14 09:54:58,1684072498,19.9,16.7,100200,1.00,3.00,5.00,6.00,0.0153,0
2023-05-14 09:59:44,1684072784,20.3,16.1,100200,2.00,3.00,5.00,6.00,0.0163,0
2023-05-14 10:04:48,1684073088,20.7,15.6,100200,1.00,5.00,8.00,10.0,0.0158,0
2023-05-14 10:14:59,1684073700,19.9,14.6,100200,1.00,3.00,6.00,7.00,0.0158,0
2023-05-14 10:19:46,1684073986,19.4,15.0,100200,1.00,2.00,3.00,4.00,0.0139,0
2023-05-14 10:24:51,1684074292,19.4,15.3,100200,2.00,2.00,3.00,3.00,0.0188,0
2023-05-14 10:29:56,1684074597,19.9,14.8,100200,1.00,3.00,5.00,7.00,0.0122,0
2023-05-14 10:34:43,1684074883,20.4,14.1,100200,1.00,2.00,3.00,4.00,0.0114,0
2023-05-14 10:39:48,1684075189,20.6,13.7,100200,1.00,4.00,6.00,7.00,0.0103,0
2023-05-14 10:44:54,1684075494,20.7,13.4,100200,1e-7,3.00,6.00,7.00,0.0124,0
2023-05-14 10:49:59,1684075800,20.6,13.5,100200,1.00,2.00,4.00,5.00,0.0124,0
2023-05-14 10:54:45,1684076085,20.7,13.2,100200,1.00,2.00,3.00,4.00,0.0153,0
2023-05-14 10:59:58,1684076399,20.6,13.2,100200,1.00,5.00,8.00,9.00,0.0143,0
2023-05-14 11:04:44,1684076685,20.9,13.2,100200,1.00,3.00,4.00,4.00,0.0146,0
2023-05-14 11:09:49,1684076990,21.4,12.8,100200,1.00,3.00,5.00,6.00,0.0150,0
2023-05-14 11:13:55,1684077236,21.9,12.9,100200,1e-7,4.00,7.00,9.00,0.0133,0
2023-05-14 11:19:57,1684077598,22.0,11.7,100200,1e-7,2.00,3.00,4.00,0.0133,0
2023-05-14 11:24:43,1684077883,21.7,12.0,100200,2.00,5.00,8.00,9.00,0.0396,0
2023-05-14 11:29:48,1684078189,21.1,12.4,100200,1.00,6.00,10.0,12.0,0.0396,0
2023-05-14 11:34:59,1684078500,21.0,12.4,100200,2.00,2.00,2.00,2.00,0.0154,0
2023-05-14 11:39:45,1684078786,21.1,12.3,100200,1.00,6.00,10.0,13.0,0.0301,0
2023-05-14 11:44:50,1684079091,21.3,12.4,100200,1.00,2.00,3.00,4.00,0.0177,0
2023-05-14 11:47:42,1684079263,21.3,12.4,100200,1e-7,2.00,3.00,4.00,0.0149,0
2023-05-14 11:54:48,1684079689,21.5,11.9,100146,3.00,4.00,4.00,5.00,0.0165,0
2023-05-14 11:59:53,1684079994,21.5,12.6,100100,1.00,2.00,3.00,4.00,0.0119,0
2023-05-14 12:04:58,1684080299,21.3,12.1,100100,1.00,3.00,5.00,7.00,0.0119,0
2023-05-14 12:09:44,1684080585,21.5,12.9,100100,1.00,3.00,5.00,6.00,0.00913,0
2023-05-14 12:14:48,1684080889,22.2,11.6,100100,1.00,3.00,5.00,7.00,0.0120,0
2023-05-14 12:19:53,1684081194,22.1,11.4,100100,2.00,4.00,6.00,8.00,0.0113,0
2023-05-14 12:24:58,1684081498,21.8,11.5,100100,1.00,4.00,6.00,8.00,0.0128,0
2023-05-14 12:29:44,1684081784,21.6,11.4,100100,2.00,2.00,3.00,4.00,0.0132,0
2023-05-14 12:34:49,1684082089,21.4,11.6,100100,1.00,2.00,3.00,4.00,0.0113,0
2023-05-14 12:39:54,1684082394,21.3,12.4,100100,1.00,2.00,3.00,4.00,0.0118,0
2023-05-14 12:44:48,1684082688,21.8,11.9,100100,1.00,2.00,3.00,4.00,0.00995,0
2023-05-14 12:49:52,1684082993,22.4,11.5,100100,1e-7,2.00,4.00,4.00,0.00995,0
2023-05-14 12:54:57,1684083297,22.8,11.4,100100,2.00,7.00,10.0,12.0,0.0110,0
2023-05-14 12:59:42,1684083582,22.9,11.3,100100,2.00,4.00,6.00,8.00,0.0137,0
2023-05-14 13:04:45,1684083885,23.0,11.4,100100,1e-7,2.00,3.00,4.00,0.0234,0
2023-05-14 13:09:49,1684084189,23.3,11.3,100100,2.00,2.00,3.00,4.00,0.0214,0
2023-05-14 13:14:52,1684084493,23.3,11.1,100100,1.00,3.00,6.00,7.00,0.0113,0
2023-05-14 13:19:56,1684084797,23.4,10.1,100100,1e-7,1e-7,1e-7,1e-7,0.0109,0
2023-05-14 13:24:41,1684085082,23.2,10.4,100100,1.00,3.00,4.00,4.00,0.0150,0
2023-05-14 13:29:45,1684085386,22.9,10.6,100100,1.00,2.00,3.00,4.00,0.0137,0
2023-05-14 13:34:30,1684085670,22.6,11.0,100100,1.00,3.00,5.00,5.00,0.0133,0
2023-05-14 13:39:41,1684085981,22.5,10.9,100100,1.00,2.00,2.00,3.00,0.0103,0
2023-05-14 13:44:45,1684086286,22.4,11.0,100100,2.00,2.00,3.00,4.00,0.0117,0
2023-05-14 13:48:53,1684086533,22.4,11.0,100100,1e-7,2.00,3.00,4.00,0.0107,0
2023-05-14 14:04:50,1684087490,22.7,10.6,100100,1.00,2.00,3.00,4.00,0.0107,0
2023-05-14 14:06:06,1684087566,22.7,11.2,100100,1e-7,2.00,3.00,4.00,0.00995,0
2023-05-14 14:14:43,1684088083,22.9,10.7,100100,2.00,2.00,4.00,5.00,0.00995,0
2023-05-14 14:19:47,1684088388,23.0,10.1,100100,2.00,3.00,5.00,6.00,0.0103,0
2023-05-14 14:24:52,1684088692,22.8,10.1,100100,1.00,4.00,6.00,8.00,0.0200,0
2023-05-14 14:29:56,1684088997,22.7,10.2,100100,1.00,3.00,5.00,7.00,0.0200,0
2023-05-14 14:34:42,1684089283,22.5,10.0,100100,1.00,3.00,4.00,5.00,0.0140,0
2023-05-14 14:39:47,1684089588,22.4,10.3,100100,2.00,7.00,12.0,14.0,0.0134,0
2023-05-14 14:44:52,1684089892,22.5,9.96,100088,1.00,2.00,3.00,4.00,0.0203,0
2023-05-14 14:49:55,1684090195,22.6,10.3,100100,2.00,3.00,5.00,6.00,0.0149,0
2023-05-14 14:54:59,1684090500,22.8,10.1,100025,2.00,4.00,7.00,8.00,0.0121,0
2023-05-14 14:59:25,1684090765,22.8,9.73,100100,2.00,3.00,5.00,6.00,0.0110,0
2023-05-14 15:04:48,1684091088,22.6,9.89,100000,1e-7,2.00,3.00,4.00,0.00670,0
2023-05-14 15:09:52,1684091393,22.4,10.1,100000,3.00,7.00,9.00,11.0,0.0127,0
2023-05-14 15:14:57,1684091697,22.3,10.4,100000,1.00,2.00,3.00,4.00,0.0145,0
2023-05-14 15:18:26,1684091906,22.4,10.9,100000,2.00,4.00,7.00,8.00,0.0176,0
2023-05-14 15:24:57,1684092297,22.6,10.0,100000,1.00,2.00,4.00,4.00,0.0164,0
2023-05-14 15:29:42,1684092583,22.8,10.2,100000,1.00,3.00,5.00,6.00,0.0161,0
2023-05-14 15:34:46,1684092887,23.0,10.2,100000,1e-7,3.00,6.00,7.00,0.0106,0
2023-05-14 15:39:50,1684093191,23.1,10.3,100000,1.00,4.00,6.00,8.00,0.0157,0
2023-05-14 15:44:54,1684093495,23.2,10.2,100000,1.00,6.00,10.0,12.0,0.0272,0
2023-05-14 15:49:58,1684093799,23.3,9.92,100000,2.00,3.00,5.00,7.00,0.0184,0
2023-05-14 15:52:30,1684093950,23.6,10.0,100000,1e-7,2.00,3.00,4.00,0.0147,0
2023-05-14 15:59:48,1684094388,23.8,9.81,100000,1.00,3.00,3.00,4.00,0.0279,0
2023-05-14 16:04:51,1684094691,23.7,9.82,100000,1.00,4.00,6.00,8.00,0.0173,0
2023-05-14 16:09:55,1684094995,23.8,9.69,100000,2.00,3.00,3.00,4.00,0.0173,0
2023-05-14 16:14:48,1684095288,23.8,10.0,100000,1e-7,2.00,3.00,4.00,0.0157,0
2023-05-14 16:19:51,1684095592,24.1,9.79,100000,1e-7,3.00,5.00,6.00,0.0201,0
2023-05-14 16:24:55,1684095895,24.3,9.64,100000,1.00,3.00,6.00,7.00,0.0118,0
2023-05-14 16:29:58,1684096199,24.5,9.83,100000,1e-7,1.00,2.00,3.00,0.0102,0
2023-05-14 16:34:43,1684096483,24.7,9.71,100000,1.00,2.00,3.00,3.00,0.0121,0
2023-05-14 16:39:47,1684096787,25.0,9.28,100000,1e-7,3.00,5.00,7.00,0.0124,0
2023-05-14 16:44:50,1684097090,25.0,9.22,100000,2.00,2.00,3.00,4.00,0.0124,0
2023-05-14 16:49:59,1684097400,24.8,9.24,100000,1.00,2.00,3.00,4.00,0.0117,0
2023-05-14 16:54:44,1684097684,24.6,9.84,100000,1.00,2.00,4.00,4.00,0.0111,0
2023-05-14 16:59:47,1684097987,24.6,9.54,100000,2.00,2.00,3.00,4.00,0.0102,0
2023-05-14 17:04:50,1684098291,24.4,9.63,100000,2.00,2.00,3.00,3.00,0.00995,0
2023-05-14 17:09:54,1684098594,24.2,9.73,100000,1.00,3.00,5.00,6.00,0.0111,0
2023-05-14 17:14:58,1684098898,24.1,9.37,100000,1e-7,2.00,3.00,4.00,0.0117,0
2023-05-14 17:19:43,1684099183,23.9,9.44,100000,6.00,8.00,10.0,11.0,0.0124,0
2023-05-14 17:24:47,1684099487,23.7,9.77,100000,2.00,2.00,3.00,4.00,0.0191,0
2023-05-14 17:29:51,1684099791,23.7,10.0,100000,1.00,3.00,5.00,7.00,0.0131,0
2023-05-14 17:34:55,1684100095,23.6,9.87,100000,1.00,4.00,7.00,8.00,0.0217,0
2023-05-14 17:39:59,1684100399,23.4,10.1,100000,2.00,5.00,9.00,11.0,0.0219,0
2023-05-14 17:44:44,1684100684,23.3,10.3,100000,1.00,3.00,5.00,6.00,0.0216,0
2023-05-14 17:49:48,1684100988,23.2,10.3,100031,1.00,2.00,3.00,4.00,0.0216,0
2023-05-14 17:54:52,1684101292,22.8,10.5,100000,1.00,3.00,5.00,6.00,0.0107,0
2023-05-14 17:59:57,1684101597,22.4,10.6,100000,1.00,7.00,12.0,14.0,0.0105,0
2023-05-14 18:04:43,1684101883,22.1,11.2,100000,1.00,2.00,3.00,4.00,0.0152,0
2023-05-14 18:09:48,1684102189,21.9,11.4,100000,1.00,3.00,4.00,5.00,0.0266,0
2023-05-14 18:14:53,1684102494,21.8,11.6,100000,2.00,3.00,5.00,6.00,0.0219,0
2023-05-14 18:19:59,1684102799,21.6,11.9,100000,2.00,2.00,3.00,3.00,0.0130,0
2023-05-14 18:24:45,1684103086,21.4,11.9,100000,1.00,3.00,4.00,5.00,0.0122,0
2023-05-14 18:29:51,1684103392,21.2,12.0,100000,1.00,4.00,7.00,8.00,0.0118,0
2023-05-14 18:34:57,1684103698,21.0,11.9,100000,1e-7,4.00,6.00,8.00,0.0192,0
2023-05-14 18:39:44,1684103984,20.8,12.3,100100,2.00,3.00,5.00,6.00,0.0131,0
2023-05-14 18:44:50,1684104290,20.7,12.4,100100,2.00,3.00,4.00,4.00,0.0114,0
2023-05-14 18:49:56,1684104596,20.5,12.8,100100,2.00,4.00,6.00,6.00,0.0116,0
2023-05-14 18:54:43,1684104883,20.4,12.9,100100,2.00,3.00,5.00,6.00,0.0113,0
2023-05-14 18:59:49,1684105190,20.4,12.8,100100,3.00,5.00,8.00,9.00,0.0134,0
2023-05-14 19:04:55,1684105496,20.2,13.0,100100,1.00,2.00,3.00,4.00,0.0164,0
2023-05-14 19:09:43,1684105783,20.0,13.3,100100,1.00,2.00,3.00,4.00,0.0183,0
2023-05-14 19:14:49,1684106090,19.8,13.7,100100,1e-7,2.00,3.00,4.00,0.0136,0
2023-05-14 19:19:56,1684106397,19.6,13.7,100100,2.00,5.00,8.00,9.00,0.0159,0
2023-05-14 19:24:44,1684106684,19.4,13.9,100100,1e-7,2.00,3.00,4.00,0.0182,0
2023-05-14 19:29:51,1684106991,19.3,14.2,100100,1.00,2.00,3.00,4.00,0.0188,0
2023-05-14 19:34:58,1684107298,19.1,14.2,100100,1.00,5.00,8.00,9.00,0.0211,0
2023-05-14 19:39:45,1684107586,18.9,14.4,100100,1e-7,2.00,3.00,4.00,0.0198,0
2023-05-14 19:44:53,1684107893,18.8,14.6,100100,1.00,2.00,3.00,4.00,0.0182,0
2023-05-14 19:49:41,1684108181,18.6,14.7,100100,2.00,2.00,3.00,4.00,0.00995,0
2023-05-14 19:54:48,1684108489,18.4,14.9,100100,1.00,2.00,3.00,4.00,0.00995,0
2023-05-14 19:59:55,1684108796,18.2,15.2,100100,2.00,3.00,5.00,6.00,0.0106,0
2023-05-14 20:04:44,1684109084,18.0,15.3,100100,1e-7,2.00,3.00,4.00,0.0121,0
2023-05-14 20:09:52,1684109392,17.8,15.6,100100,1.00,2.00,3.00,4.00,0.0120,0
2023-05-14 20:14:40,1684109681,17.4,16.5,100100,1e-7,3.00,6.00,7.00,0.0101,0
2023-05-14 20:19:49,1684109989,17.0,17.1,100100,1e-7,2.00,3.00,4.00,0.0105,0
2023-05-14 20:24:57,1684110298,16.4,17.9,100100,1e-7,4.00,6.00,8.00,0.0131,0
2023-05-14 20:29:47,1684110588,15.9,18.7,100100,2.00,2.00,3.00,4.00,0.0141,0
2023-05-14 20:34:56,1684110897,15.4,19.1,100100,1e-7,1.00,3.00,3.00,0.0156,0
2023-05-14 20:39:46,1684111186,14.9,19.8,100100,1e-7,2.00,3.00,4.00,0.0137,0
2023-05-14 20:44:55,1684111496,14.5,20.3,100100,1e-7,2.00,3.00,4.00,0.00995,0
2023-05-14 20:49:46,1684111786,14.1,21.5,100100,1e-7,3.00,5.00,6.00,0.0115,0
2023-05-14 20:54:56,1684112096,13.7,22.4,100156,1.00,2.00,3.00,4.00,0.0123,0
2023-05-14 20:59:46,1684112387,13.3,22.9,100140,1e-7,2.00,3.00,4.00,0.0102,0
2023-05-14 21:04:57,1684112697,12.9,23.6,100194,1e-7,2.00,3.00,4.00,0.00995,0
2023-05-14 21:09:48,1684112988,12.5,24.4,100200,1.00,1.00,2.00,3.00,0.00995,0
2023-05-14 21:14:59,1684113299,12.2,25.0,100188,1e-7,2.00,3.00,4.00,0.00995,0
2023-05-14 21:19:50,1684113591,11.9,25.6,100160,1e-7,2.00,3.00,4.00,0.00995,0
2023-05-14 21:24:42,1684113882,11.6,25.8,100180,1e-7,1.00,2.00,3.00,0.00995,0
2023-05-14 21:29:53,1684114193,11.3,26.4,100200,1e-7,2.00,3.00,4.00,0.00995,0
2023-05-14 21:34:45,1684114485,11.1,26.6,100200,1e-7,1.00,2.00,3.00,0.00995,0
2023-05-14 21:39:56,1684114797,10.9,27.2,100200,1.00,2.00,3.00,4.00,0.00995,0
2023-05-14 21:44:48,1684115089,10.7,27.6,100200,1e-7,1e-7,1e-7,1e-7,0.00995,0
2023-05-14 21:49:41,1684115381,10.6,27.5,100200,1.00,2.00,3.00,4.00,0.00995,0
2023-05-14 21:54:52,1684115693,10.5,28.5,100200,1.00,2.00,3.00,4.00,0.00995,0
2023-05-14 21:59:45,1684115985,10.4,28.6,100200,1e-7,3.00,6.00,7.00,0.0117,0
2023-05-14 22:04:55,1684116296,10.3,29.2,100200,1e-7,3.00,5.00,6.00,0.0109,0
2023-05-14 22:09:48,1684116589,10.1,29.6,100160,1.00,2.00,3.00,4.00,0.0114,0
2023-05-14 22:14:41,1684116881,10.00,30.0,100100,1.00,3.00,5.00,6.00,0.0114,0
2023-05-14 22:19:53,1684117193,9.90,30.8,100144,1e-7,2.00,3.00,4.00,0.0118,0
2023-05-14 22:24:45,1684117486,9.71,31.1,100100,1e-7,1.00,2.00,3.00,0.0116,0
2023-05-14 22:29:57,1684117798,9.51,31.2,100100,1.00,2.00,3.00,4.00,0.0118,0
2023-05-14 22:34:50,1684118091,9.31,31.3,100100,1.00,2.00,4.00,4.00,0.00995,0
2023-05-14 22:39:43,1684118384,9.14,32.0,100100,1e-7,3.00,5.00,7.00,0.0140,0
2023-05-14 22:44:56,1684118696,9.01,33.1,100100,1.00,2.00,3.00,4.00,0.0150,0
2023-05-14 22:49:49,1684118990,8.86,33.4,100100,1e-7,2.00,3.00,4.00,0.0121,0
2023-05-14 22:54:42,1684119283,8.77,33.5,100100,1e-7,4.00,6.00,8.00,0.0131,0
2023-05-14 22:59:55,1684119596,8.64,32.8,100100,1e-7,2.00,3.00,4.00,0.0133,0
2023-05-14 23:04:48,1684119889,8.51,33.6,100100,1e-7,2.00,3.00,4.00,0.0133,0
2023-05-14 23:09:42,1684120182,8.40,34.6,100100,1.00,4.00,7.00,8.00,0.0145,0
2023-05-14 23:14:55,1684120495,8.27,34.0,100100,1e-7,2.00,3.00,4.00,0.0149,0
2023-05-14 23:19:48,1684120789,8.14,34.0,100100,1e-7,1.00,2.00,3.00,0.0154,0
2023-05-14 23:24:42,1684121082,7.99,34.6,100100,1e-7,2.00,4.00,4.00,0.0154,0
2023-05-14 23:29:55,1684121395,7.84,34.7,100100,1e-7,1.00,3.00,3.00,0.00995,0
2023-05-14 23:34:49,1684121689,7.68,35.5,100100,1.00,1.00,3.00,3.00,0.00995,0
2023-05-14 23:39:43,1684121983,7.55,36.0,100100,1e-7,4.00,7.00,8.00,0.0110,0
2023-05-14 23:44:56,1684122297,7.47,36.1,100100,1e-7,2.00,3.00,4.00,0.0137,0
2023-05-14 23:49:50,1684122591,7.43,36.4,100100,1.00,1.00,3.00,3.00,0.0134,0
2023-05-14 23:54:44,1684122884,7.41,36.4,100100,1e-7,1.00,2.00,3.00,0.0133,0
2023-05-14 23:59:57,1684123198,7.44,36.9,100100,1e-7,2.00,3.00,4.00,0.00995,0
2023-05-15 00:04:51,1684123492,7.50,36.7,100100,1e-7,3.00,5.00,6.00,0.00995,0
2023-05-15 00:09:45,1684123785,7.57,37.0,100100,1.00,3.00,5.00,5.00,0.0125,0
2023-05-15 00:14:58,1684124099,7.64,37.5,100100,1.00,2.00,4.00,4.00,0.0125,0
2023-05-15 00:19:52,1684124393,7.73,37.8,100100,1.00,2.00,3.00,4.00,0.0102,0
2023-05-15 00:24:46,1684124687,7.80,38.1,100100,1.00,3.00,5.00,6.00,0.0110,0
2023-05-15 00:29:59,1684125000,7.84,38.2,100100,1e-7,4.00,7.00,8.00,0.0158,0
2023-05-15 00:34:53,1684125294,7.88,38.3,100100,1e-7,3.00,5.00,6.00,0.0150,0
2023-05-15 00:39:47,1684125587,7.95,38.7,100080,1e-7,2.00,3.00,4.00,0.0134,0
2023-05-15 00:44:41,1684125881,7.98,38.6,100053,1.00,5.00,9.00,10.0,0.0121,0
2023-05-15 00:49:54,1684126195,7.97,39.0,100000,2.00,2.00,3.00,4.00,0.0193,0
2023-05-15 00:54:48,1684126488,7.93,39.1,100000,1e-7,2.00,3.00,4.00,0.0177,0
2023-05-15 00:59:42,1684126782,7.92,38.4,100000,1.00,2.00,3.00,4.00,0.00995,0
2023-05-15 01:04:55,1684127095,7.94,38.4,100000,1.00,3.00,5.00,7.00,0.0110,0
2023-05-15 01:09:49,1684127389,7.94,39.0,100000,1e-7,2.00,3.00,4.00,0.0147,0
2023-05-15 01:14:42,1684127683,7.89,38.3,100000,1.00,2.00,3.00,4.00,0.0119,0
2023-05-15 01:19:56,1684127996,7.86,38.3,100000,1.00,5.00,9.00,11.0,0.0162,0
2023-05-15 01:24:49,1684128290,7.77,38.8,100000,2.00,4.00,6.00,8.00,0.0176,0
2023-05-15 01:29:43,1684128584,7.67,38.9,100000,1.00,2.00,3.00,4.00,0.0111,0
2023-05-15 01:34:57,1684128897,7.59,38.5,100000,2.00,4.00,6.00,8.00,0.0122,0
2023-05-15 01:39:51,1684129191,7.55,38.7,100000,1e-7,2.00,3.00,4.00,0.0151,0
2023-05-15 01:44:44,1684129485,7.53,38.9,99987,1.00,2.00,3.00,4.00,0.0151,0
2023-05-15 01:49:58,1684129798,7.56,39.2,99938,1.00,3.00,5.00,6.00,0.0152,0
2023-05-15 01:54:52,1684130092,7.51,39.1,99900,1e-7,3.00,5.00,6.00,0.0152,0
2023-05-15 01:59:46,1684130386,7.39,39.2,99900,2.00,5.00,6.00,7.00,0.0153,0
2023-05-15 02:04:59,1684130700,7.34,39.5,99900,1.00,6.00,11.0,13.0,0.0253,0
2023-05-15 02:09:53,1684130994,7.42,39.6,99900,1.00,3.00,5.00,6.00,0.0258,0
2023-05-15 02:14:47,1684131288,7.56,38.8,99900,4.00,8.00,12.0,15.0,0.0147,0
2023-05-15 02:19:41,1684131581,7.90,39.7,99900,1.00,3.00,5.00,7.00,0.0174,0
2023-05-15 02:24:54,1684131894,8.27,38.7,99900,2.00,3.00,6.00,7.00,0.0198,0
2023-05-15 02:29:47,1684132188,8.81,37.8,99900,1.00,2.00,3.00,4.00,0.0139,0
2023-05-15 02:34:40,1684132481,9.53,36.5,99900,1.00,4.00,7.00,9.00,0.0132,0
2023-05-15 02:39:53,1684132793,10.4,34.1,99900,2.00,4.00,5.00,6.00,0.0156,0
2023-05-15 02:44:45,1684133085,11.6,32.1,99900,1.00,2.00,3.00,4.00,0.0153,0
2023-05-15 02:49:56,1684133397,12.7,29.8,99900,1e-7,4.00,7.00,8.00,0.0158,0
2023-05-15 02:54:47,1684133688,13.6,28.4,99900,2.00,5.00,7.00,8.00,0.0130,0
2023-05-15 02:59:58,1684133998,14.3,26.9,99900,1.00,4.00,6.00,8.00,0.0184,0
2023-05-15 03:04:49,1684134289,14.7,26.1,99900,1.00,2.00,3.00,4.00,0.0291,0
2023-05-15 03:09:59,1684134599,15.0,25.4,99900,1.00,2.00,3.00,4.00,0.0291,0
2023-05-15 03:14:49,1684134889,15.3,24.8,99900,1e-7,2.00,3.00,4.00,0.0126,0
2023-05-15 03:19:59,1684135199,15.5,24.4,99900,2.00,3.00,5.00,7.00,0.0101,0
2023-05-15 03:24:49,1684135489,15.7,24.1,99900,2.00,4.00,7.00,8.00,0.0129,0
2023-05-15 03:29:58,1684135798,15.8,24.2,99900,1.00,4.00,6.00,8.00,0.0113,0
2023-05-15 03:34:48,1684136088,15.8,23.7,99893,1.00,4.00,7.00,9.00,0.0108,0
2023-05-15 03:39:57,1684136398,15.8,24.7,99881,2.00,2.00,4.00,5.00,0.0108,0
2023-05-15 03:44:47,1684136688,15.6,25.3,99900,1.00,2.00,3.00,3.00,0.0133,0
2023-05-15 03:49:57,1684136997,15.1,25.8,99881,1.00,3.00,4.00,4.00,0.0142,0
2023-05-15 03:54:47,1684137287,14.6,26.5,99900,1.00,4.00,6.00,8.00,0.0201,0
2023-05-15 03:59:57,1684137597,14.1,27.4,99900,1.00,2.00,3.00,4.00,0.0173,0
2023-05-15 04:04:47,1684137888,13.7,27.8,99900,2.00,3.00,4.00,4.00,0.0202,0
2023-05-15 04:09:57,1684138198,13.4,28.3,99900,2.00,5.00,7.00,9.00,0.0167,0
2023-05-15 04:14:48,1684138489,13.1,28.8,99800,1.00,6.00,10.0,12.0,0.0305,0
2023-05-15 04:19:59,1684138799,12.8,29.7,99800,3.00,4.00,7.00,8.00,0.0166,0
2023-05-15 04:24:50,1684139090,12.5,30.0,99800,1.00,2.00,4.00,4.00,0.0308,0
2023-05-15 04:29:41,1684139382,12.4,30.0,99800,1.00,3.00,5.00,7.00,0.0227,0
2023-05-15 04:34:52,1684139692,12.4,30.3,99800,1.00,2.00,3.00,4.00,0.0124,0
2023-05-15 04:39:43,1684139984,12.3,30.0,99800,1.00,2.00,3.00,4.00,0.0122,0
2023-05-15 04:44:54,1684140294,12.2,30.4,99800,1.00,3.00,6.00,7.00,0.00995,0
2023-05-15 04:49:45,1684140586,12.2,30.6,99800,3.00,3.00,4.00,4.00,0.0187,0
2023-05-15 04:54:56,1684140897,12.1,30.8,99800,5.00,8.00,10.0,11.0,0.0187,0
2023-05-15 04:59:48,1684141188,12.0,31.0,99800,2.00,4.00,7.00,8.00,0.0199,0
2023-05-15 05:04:59,1684141499,11.9,31.8,99800,2.00,5.00,9.00,11.0,0.0199,0
2023-05-15 05:09:50,1684141791,11.8,31.8,99800,1.00,3.00,5.00,7.00,0.0157,0
2023-05-15 05:14:42,1684142083,11.6,32.0,99800,3.00,4.00,6.00,7.00,0.0300,0
2023-05-15 05:19:53,1684142394,11.6,32.4,99800,2.00,5.00,8.00,10.0,0.0417,0
2023-05-15 05:24:45,1684142686,11.5,32.7,99800,5.00,9.00,12.0,14.0,0.0417,0
2023-05-15 05:29:56,1684142997,11.5,32.2,99800,2.00,6.00,10.0,12.0,0.0357,0
2023-05-15 05:34:48,1684143289,11.5,32.1,99800,4.00,5.00,6.00,7.00,0.0291,0
2023-05-15 05:39:59,1684143600,11.5,32.3,99800,4.00,6.00,10.0,12.0,0.0241,0
2023-05-15 05:44:51,1684143892,11.5,31.9,99800,7.00,8.00,10.0,11.0,0.0255,0
2023-05-15 05:49:43,1684144183,11.6,31.9,99800,3.00,4.00,5.00,7.00,0.0287,0
2023-05-15 05:54:54,1684144494,11.6,31.9,99800,2.00,5.00,9.00,11.0,0.107,0
2023-05-15 05:59:45,1684144785,11.7,31.6,99800,3.00,6.00,8.00,10.0,0.0983,0
2023-05-15 06:04:55,1684145096,11.8,31.5,99800,3.00,7.00,10.0,11.0,0.0752,0
2023-05-15 06:09:47,1684145387,12.0,31.1,99800,3.00,4.00,6.00,8.00,0.0313,0
2023-05-15 06:14:57,1684145698,12.1,31.2,99800,5.00,6.00,10.0,12.0,0.0353,0
2023-05-15 06:19:48,1684145989,12.3,30.9,99800,3.00,8.00,12.0,14.0,0.0723,0
2023-05-15 06:24:59,1684146299,12.4,30.7,99763,1.00,5.00,8.00,9.00,0.0495,0
2023-05-15 06:29:50,1684146590,12.5,30.6,99700,1.00,3.00,5.00,6.00,0.0744,0
2023-05-15 06:34:41,1684146881,12.6,30.4,99700,4.00,8.00,13.0,15.0,0.0415,0
2023-05-15 06:39:51,1684147191,12.7,30.4,99706,4.00,4.00,7.00,9.00,0.0264,0
2023-05-15 06:44:42,1684147482,12.9,30.3,99700,1.00,3.00,4.00,4.00,0.0194,0
2023-05-15 06:49:52,1684147792,13.1,30.1,99700,2.00,4.00,6.00,8.00,0.0441,0
2023-05-15 06:54:42,1684148082,13.3,29.8,99700,2.00,7.00,11.0,13.0,0.0387,0
2023-05-15 06:59:52,1684148392,13.5,29.7,99700,3.00,4.00,5.00,6.00,0.0387,0
2023-05-15 07:04:42,1684148682,13.7,29.8,99700,2.00,4.00,6.00,7.00,0.0323,0
2023-05-15 07:09:51,1684148992,13.9,29.5,99700,2.00,4.00,6.00,7.00,0.0139,0
2023-05-15 07:14:41,1684149282,14.0,29.1,99700,1.00,3.00,5.00,6.00,0.0137,0
2023-05-15 07:19:51,1684149591,14.3,29.1,99700,1.00,2.00,3.00,4.00,0.0173,0
2023-05-15 07:24:41,1684149881,14.4,28.7,99700,2.00,3.00,5.00,6.00,0.0168,0
2023-05-15 07:29:50,1684150190,14.6,28.6,99700,2.00,3.00,5.00,5.00,0.0108,0
2023-05-15 07:34:59,1684150499,14.7,28.6,99700,2.00,10.0,17.0,20.0,0.0381,0
2023-05-15 07:39:48,1684150789,14.8,28.4,99687,3.00,4.00,5.00,6.00,0.0375,0
2023-05-15 07:44:57,1684151097,14.9,28.3,99600,4.00,6.00,8.00,9.00,0.0194,0
2023-05-15 07:49:46,1684151387,14.9,28.2,99600,3.00,4.00,5.00,6.00,0.0213,0
2023-05-15 07:54:55,1684151695,15.0,28.1,99600,4.00,7.00,9.00,11.0,0.0186,0
2023-05-15 07:59:44,1684151985,15.1,28.1,99600,5.00,7.00,11.0,12.0,0.0509,0
2023-05-15 08:04:52,1684152292,15.1,28.1,99600,5.00,13.0,19.0,22.0,0.0509,0
2023-05-15 08:09:41,1684152582,15.1,28.3,99600,1.00,6.00,10.0,12.0,0.0433,0
2023-05-15 08:13:33,1684152813,15.1,28.5,99600,3.00,6.00,8.00,9.00,0.0725,0
2023-05-15 08:24:50,1684153490,15.9,28.0,99600,1.00,2.00,3.00,3.00,0.0371,0
2023-05-15 08:29:58,1684153798,16.2,26.9,99600,2.00,3.00,6.00,7.00,0.0371,0
2023-05-15 08:34:47,1684154087,16.3,25.9,99600,3.00,3.00,6.00,7.00,0.0160,0
2023-05-15 08:39:55,1684154396,16.0,26.3,99600,3.00,3.00,4.00,5.00,0.0115,0
2023-05-15 08:42:10,1684154530,16.0,26.6,99600,1.00,2.00,3.00,3.00,0.0104,0
2023-05-15 08:59:54,1684155594,17.4,25.2,99500,1.00,2.00,3.00,3.00,0.00906,0
2023-05-15 09:02:46,1684155767,17.6,25.4,99500,2.00,3.00,6.00,7.00,,
2023-05-15 09:29:46,1684157386,18.8,23.9,99500,2.00,3.00,5.00,5.00,,
2023-05-15 09:34:52,1684157692,19.6,22.7,99500,2.00,4.00,6.00,8.00,,
2023-05-15 09:39:56,1684157997,20.6,22.0,99406,2.00,4.00,6.00,7.00,0.0258,0
2023-05-15 09:40:53,1684158054,21.5,21.1,99400,1.00,4.00,7.00,8.00,0.0122,0
2023-05-15 09:49:49,1684158589,21.6,19.8,99400,2.00,3.00,4.00,5.00,0.0154,0
2023-05-15 09:54:34,1684158874,21.5,20.0,99400,2.00,3.00,3.00,4.00,0.0141,0
2023-05-15 10:14:45,1684160086,21.3,20.8,99367,2.00,2.00,3.00,3.00,,
2023-05-15 10:19:49,1684160390,22.1,19.7,99300,2.00,4.00,6.00,7.00,,
2023-05-15 10:24:54,1684160694,22.0,19.2,99300,4.00,5.00,7.00,8.00,0.0313,0
2023-05-15 10:29:58,1684160998,21.2,19.8,99300,4.00,9.00,13.0,16.0,0.0236,0
2023-05-15 10:34:44,1684161284,20.9,20.8,99300,2.00,3.00,4.00,5.00,0.00896,0
2023-05-15 10:39:48,1684161589,20.7,20.9,99300,3.00,5.00,7.00,8.00,0.0236,0
2023-05-15 10:44:53,1684161894,20.4,21.1,99300,3.00,4.00,7.00,8.00,0.0117,0
2023-05-15 10:49:59,1684162199,20.2,21.9,99300,4.00,4.00,7.00,9.00,0.0164,0
2023-05-15 10:54:45,1684162485,20.3,21.4,99300,3.00,5.00,6.00,7.00,0.0159,0
2023-05-15 10:59:50,1684162791,20.2,21.6,99300,2.00,3.00,4.00,5.00,0.0216,0
2023-05-15 11:04:56,1684163096,20.3,21.6,99300,2.00,3.00,4.00,5.00,0.0176,0
2023-05-15 11:09:42,1684163382,20.5,21.4,99300,5.00,6.00,6.00,6.00,0.0108,0
2023-05-15 11:14:47,1684163688,20.8,21.2,99275,1.00,3.00,4.00,5.00,0.0143,0
2023-05-15 11:19:53,1684163993,21.3,20.4,99200,2.00,3.00,5.00,5.00,0.0115,0
2023-05-15 11:24:58,1684164298,21.1,20.7,99200,5.00,8.00,10.0,11.0,0.0187,0
2023-05-15 11:29:44,1684164584,20.8,20.7,99200,3.00,4.00,5.00,6.00,0.0228,0
2023-05-15 11:34:49,1684164889,21.1,21.0,99200,2.00,3.00,5.00,6.00,0.0125,0
2023-05-15 11:39:54,1684165194,21.8,20.3,99200,4.00,4.00,4.00,4.00,0.0136,0
2023-05-15 11:44:59,1684165499,21.8,19.7,99200,4.00,4.00,6.00,7.00,0.0164,0
2023-05-15 11:49:44,1684165785,21.2,20.4,99200,3.00,3.00,5.00,5.00,0.0173,0
2023-05-15 11:54:50,1684166090,20.9,20.8,99194,4.00,6.00,7.00,7.00,0.0127,0
2023-05-15 11:59:55,1684166395,21.0,20.7,99175,2.00,8.00,13.0,16.0,0.0185,0
2023-05-15 12:04:41,1684166682,20.9,20.6,99140,3.00,7.00,11.0,12.0,0.0228,0
2023-05-15 12:09:47,1684166987,20.8,21.0,99100,2.00,3.00,5.00,6.00,0.0325,0
2023-05-15 12:14:52,1684167293,20.6,21.6,99131,5.00,5.00,5.00,5.00,0.0213,0
2023-05-15 12:19:58,1684167598,20.7,21.8,99100,2.00,4.00,6.00,6.00,0.0107,0
2023-05-15 12:24:44,1684167885,21.1,21.5,99100,1.00,4.00,6.00,8.00,0.0112,0
2023-05-15 12:29:50,1684168190,21.2,20.5,99100,3.00,4.00,4.00,5.00,0.0112,0
2023-05-15 12:34:55,1684168496,20.6,20.7,99100,4.00,4.00,5.00,6.00,0.0112,0
2023-05-15 12:39:43,1684168783,19.7,22.3,99100,4.00,4.00,4.00,5.00,0.0138,0
2023-05-15 12:44:49,1684169089,19.7,22.4,99100,2.00,3.00,4.00,5.00,0.0144,0
2023-05-15 12:49:55,1684169395,20.2,21.5,99100,4.00,9.00,14.0,16.0,0.0299,0
2023-05-15 12:54:41,1684169682,20.4,20.6,99100,2.00,5.00,8.00,9.00,0.0308,0
2023-05-15 12:59:47,1684169987,20.5,20.5,99069,3.00,4.00,6.00,7.00,0.0200,0
2023-05-15 13:04:53,1684170293,21.0,19.9,99025,2.00,5.00,7.00,9.00,0.0149,0
2023-05-15 13:09:58,1684170598,21.1,19.6,99000,2.00,6.00,10.0,12.0,0.0182,0
2023-05-15 13:14:44,1684170885,20.9,19.7,99000,3.00,6.00,10.0,12.0,0.0237,0
2023-05-15 13:19:50,1684171190,20.8,20.0,99000,4.00,5.00,7.00,8.00,0.0237,0
2023-05-15 13:24:56,1684171496,20.8,20.7,99000,3.00,5.00,6.00,7.00,0.0171,0
2023-05-15 13:29:42,1684171783,20.6,21.0,99000,3.00,5.00,8.00,10.0,0.0144,0
2023-05-15 13:34:48,1684172088,20.6,21.4,99000,4.00,6.00,8.00,9.00,0.0235,0
2023-05-15 13:39:54,1684172394,20.1,22.3,99000,6.00,9.00,11.0,12.0,0.0232,0
2023-05-15 13:44:40,1684172681,20.2,22.1,99000,3.00,6.00,9.00,10.0,0.0348,0
2023-05-15 13:49:46,1684172986,20.5,21.5,99000,3.00,4.00,5.00,6.00,0.0164,0
2023-05-15 13:54:51,1684173292,21.1,21.2,99000,3.00,3.00,6.00,8.00,0.0163,0
2023-05-15 13:59:57,1684173597,21.9,21.1,98950,4.00,4.00,6.00,7.00,0.0107,0
2023-05-15 14:04:59,1684173899,22.4,20.4,98913,2.00,4.00,6.00,7.00,0.0127,0
2023-05-15 14:09:44,1684174185,22.8,19.7,98900,2.00,4.00,6.00,7.00,0.0109,0
2023-05-15 14:14:49,1684174489,22.9,19.0,98900,2.00,2.00,3.00,4.00,0.0183,0
2023-05-15 14:19:54,1684174794,22.5,19.1,98900,5.00,6.00,8.00,10.0,0.0298,0
2023-05-15 14:24:59,1684175100,22.0,19.0,98900,4.00,5.00,8.00,9.00,0.0472,0
2023-05-15 14:29:46,1684175386,21.7,19.2,98900,5.00,6.00,8.00,10.0,0.0174,0
2023-05-15 14:34:51,1684175692,21.5,19.3,98900,4.00,6.00,8.00,9.00,0.0130,0
2023-05-15 14:38:40,1684175921,21.4,19.3,98900,4.00,5.00,5.00,5.00,0.0145,0
2023-05-15 14:44:43,1684176284,21.6,19.4,98850,3.00,4.00,4.00,4.00,0.0144,0
2023-05-15 14:49:49,1684176589,21.7,19.0,98800,4.00,5.00,6.00,7.00,0.0143,0
2023-05-15 14:54:53,1684176893,21.7,19.1,98800,3.00,4.00,6.00,7.00,0.0149,0
2023-05-15 14:59:58,1684177199,21.5,19.4,98800,3.00,4.00,5.00,6.00,0.0149,0
2023-05-15 15:04:45,1684177485,21.3,19.9,98800,4.00,9.00,13.0,15.0,0.0134,0
2023-05-15 15:09:50,1684177791,20.7,21.7,98800,6.00,6.00,6.00,7.00,0.0335,0
2023-05-15 15:11:06,1684177866,19.9,23.3,98800,2.00,3.00,4.00,4.00,0.0267,0
2023-05-15 15:19:41,1684178382,19.6,24.7,98800,5.00,6.00,7.00,7.00,0.0241,0
2023-05-15 15:24:47,1684178688,19.8,24.4,98800,4.00,4.00,5.00,5.00,0.0157,0
2023-05-15 15:29:15,1684178956,20.1,23.3,98800,3.00,4.00,5.00,6.00,0.0170,0
2023-05-15 15:34:44,1684179284,20.0,24.9,98800,6.00,6.00,6.00,7.00,0.0126,0
2023-05-15 15:39:50,1684179590,20.2,24.1,98800,5.00,5.00,6.00,7.00,0.0110,0
2023-05-15 15:44:56,1684179896,20.5,23.5,98800,3.00,5.00,9.00,11.0,0.0146,0
2023-05-15 15:49:43,1684180183,20.8,23.3,98840,2.00,5.00,8.00,10.0,0.0122,0
2023-05-15 15:54:50,1684180491,21.0,22.6,98800,2.00,4.00,5.00,6.00,0.0163,0
2023-05-15 15:59:56,1684180796,21.2,22.3,98800,3.00,3.00,3.00,4.00,0.0163,0
2023-05-15 16:03:25,1684181006,21.5,22.4,98800,3.00,4.00,4.00,5.00,0.0140,0
2023-05-15 16:09:58,1684181399,22.0,21.3,98800,3.00,6.00,11.0,14.0,0.0169,0
2023-05-15 16:14:45,1684181685,22.1,20.9,98800,2.00,3.00,4.00,4.00,0.0420,0
2023-05-15 16:19:50,1684181990,22.3,21.1,98800,2.00,7.00,11.0,13.0,0.0290,0
2023-05-15 16:24:55,1684182295,22.5,20.4,98800,3.00,4.00,5.00,6.00,0.0270,0
2023-05-15 16:29:59,1684182600,22.5,19.7,98800,3.00,4.00,5.00,5.00,0.0166,0
2023-05-15 16:34:45,1684182885,22.5,19.4,98733,3.00,5.00,9.00,11.0,0.0111,0
2023-05-15 16:39:50,1684183190,22.4,19.8,98700,2.00,4.00,6.00,7.00,0.0192,0
2023-05-15 16:44:55,1684183495,22.5,19.7,98775,2.00,3.00,5.00,6.00,0.0336,0
2023-05-15 16:49:41,1684183781,22.6,19.7,98747,2.00,5.00,8.00,9.00,0.0239,0
2023-05-15 16:54:46,1684184086,22.6,19.9,98700,3.00,4.00,4.00,4.00,0.0172,0
2023-05-15 16:59:59,1684184399,22.5,20.0,98700,3.00,3.00,3.00,3.00,0.0158,0
2023-05-15 17:04:44,1684184685,22.4,20.2,98700,2.00,4.00,6.00,8.00,0.0162,0
2023-05-15 17:09:50,1684184990,22.4,20.5,98700,2.00,3.00,6.00,7.00,0.0130,0
2023-05-15 17:14:55,1684185295,22.3,20.7,98700,2.00,5.00,10.0,12.0,0.0145,0
2023-05-15 17:19:41,1684185581,22.2,20.8,98700,2.00,2.00,3.00,3.00,0.0175,0
2023-05-15 17:24:46,1684185886,22.2,20.8,98700,2.00,3.00,4.00,5.00,0.0210,0
2023-05-15 17:29:51,1684186192,22.0,20.8,98700,2.00,2.00,3.00,4.00,0.0120,0
2023-05-15 17:34:57,1684186497,21.9,21.8,98700,2.00,5.00,9.00,10.0,0.0122,0
2023-05-15 17:39:43,1684186784,21.6,22.8,98700,2.00,6.00,9.00,10.0,0.0157,0
2023-05-15 17:44:49,1684187089,21.3,22.9,98700,2.00,4.00,7.00,8.00,0.0143,0
2023-05-15 17:49:55,1684187395,21.2,23.4,98700,5.00,6.00,8.00,9.00,0.0261,0
2023-05-15 17:54:42,1684187682,21.1,23.6,98700,2.00,3.00,5.00,6.00,0.0173,0
2023-05-15 17:59:48,1684187988,20.9,24.1,98700,4.00,5.00,7.00,8.00,0.0193,0
2023-05-15 18:04:53,1684188294,20.9,24.0,98700,3.00,5.00,7.00,8.00,0.0208,0
2023-05-15 18:09:40,1684188581,20.9,24.0,98700,4.00,5.00,5.00,6.00,0.0253,0
2023-05-15 18:14:47,1684188887,20.9,24.1,98656,3.00,3.00,4.00,4.00,0.0123,0
2023-05-15 18:19:53,1684189193,20.8,24.1,98600,5.00,6.00,7.00,8.00,0.0234,0
2023-05-15 18:24:59,1684189499,20.6,24.1,98600,6.00,7.00,7.00,8.00,0.0446,0
2023-05-15 18:29:46,1684189786,20.8,24.0,98600,4.00,5.00,5.00,5.00,0.0396,0
2023-05-15 18:34:52,1684190093,20.9,24.1,98600,4.00,6.00,7.00,8.00,0.0329,0
2023-05-15 18:39:58,1684190399,20.8,24.2,98600,4.00,4.00,4.00,5.00,0.0171,0
2023-05-15 18:44:46,1684190686,20.8,24.3,98627,4.00,7.00,10.0,11.0,0.0110,0
2023-05-15 18:49:52,1684190992,20.8,24.4,98619,3.00,8.00,11.0,12.0,0.0185,0
2023-05-15 18:54:58,1684191299,20.8,24.7,98600,4.00,5.00,7.00,9.00,0.0184,0
2023-05-15 18:59:45,1684191586,20.7,25.0,98600,3.00,4.00,6.00,8.00,0.0157,0
2023-05-15 19:04:51,1684191892,20.7,24.8,98600,2.00,3.00,4.00,4.00,0.0148,0
2023-05-15 19:09:58,1684192198,20.6,24.8,98600,4.00,4.00,5.00,7.00,0.0114,0
2023-05-15 19:14:45,1684192486,20.5,24.8,98600,3.00,5.00,5.00,6.00,0.0126,0
2023-05-15 19:19:51,1684192792,20.5,25.0,98600,3.00,4.00,5.00,5.00,0.0214,0
2023-05-15 19:24:58,1684193098,20.4,25.0,98600,1.00,2.00,3.00,3.00,0.0181,0
2023-05-15 19:29:45,1684193386,20.3,25.2,98600,4.00,6.00,9.00,11.0,0.0133,0
2023-05-15 19:34:52,1684193692,20.2,25.5,98600,3.00,3.00,4.00,5.00,0.0174,0
2023-05-15 19:39:58,1684193999,20.1,26.2,98600,3.00,4.00,6.00,6.00,0.0113,0
2023-05-15 19:44:46,1684194287,19.9,26.4,98600,5.00,7.00,8.00,8.00,0.0211,0
2023-05-15 19:49:53,1684194593,19.8,26.7,98600,2.00,3.00,4.00,4.00,0.0330,0
2023-05-15 19:54:41,1684194881,19.6,27.0,98600,2.00,3.00,5.00,6.00,0.0330,0
2023-05-15 19:59:48,1684195188,19.5,27.5,98600,2.00,2.00,3.00,4.00,0.0188,0
2023-05-15 20:04:55,1684195495,19.4,28.0,98600,2.00,2.00,3.00,4.00,0.0106,0
2023-05-15 20:09:42,1684195783,19.2,28.4,98600,2.00,3.00,4.00,5.00,0.0102,0
2023-05-15 20:14:50,1684196090,19.1,28.8,98600,3.00,4.00,5.00,5.00,0.0110,0
2023-05-15 20:19:57,1684196397,19.0,29.3,98600,2.00,2.00,4.00,4.00,0.0101,0
2023-05-15 20:24:45,1684196686,18.9,29.7,98600,2.00,7.00,12.0,14.0,0.0154,0
2023-05-15 20:29:42,1684196982,18.8,30.0,98600,2.00,2.00,3.00,4.00,0.0133,0
2023-05-15 20:34:49,1684197290,18.7,30.3,98600,1.00,2.00,3.00,4.00,0.0239,0
2023-05-15 20:39:57,1684197597,18.5,30.5,98600,2.00,3.00,5.00,6.00,0.0212,0
2023-05-15 20:44:45,1684197886,18.5,30.8,98600,2.00,3.00,5.00,6.00,0.0114,0
2023-05-15 20:49:53,1684198193,18.4,31.5,98600,1.00,2.00,3.00,4.00,0.0110,0
2023-05-15 20:54:41,1684198481,18.3,31.3,98600,1.00,2.00,3.00,4.00,0.0110,0
2023-05-15 20:59:49,1684198789,18.2,31.8,98600,1.00,5.00,9.00,10.0,0.0182,0
2023-05-15 21:04:56,1684199097,18.1,32.2,98600,1.00,2.00,3.00,4.00,0.0182,0
2023-05-15 21:09:45,1684199386,18.0,32.6,98600,2.00,2.00,3.00,4.00,0.0196,0
2023-05-15 21:14:53,1684199693,17.9,33.1,98600,2.00,5.00,7.00,8.00,0.0153,0
2023-05-15 21:19:42,1684199982,17.9,33.1,98600,2.00,2.00,3.00,4.00,0.0122,0
2023-05-15 21:24:50,1684200290,17.8,33.2,98600,1.00,6.00,10.0,13.0,0.0133,0
2023-05-15 21:29:58,1684200598,17.8,33.3,98600,1.00,3.00,5.00,6.00,0.0178,0
2023-05-15 21:34:46,1684200887,17.8,33.2,98600,1.00,2.00,3.00,4.00,0.0178,0
2023-05-15 21:39:55,1684201195,17.7,33.1,98600,1.00,3.00,6.00,7.00,0.0252,0
2023-05-15 21:44:43,1684201484,17.7,33.2,98600,1.00,4.00,7.00,8.00,0.0194,0
2023-05-15 21:49:52,1684201792,17.7,33.2,98600,1e-7,2.00,3.00,4.00,0.0176,0
2023-05-15 21:54:40,1684202081,17.7,33.2,98600,1.00,3.00,5.00,6.00,0.0176,0
2023-05-15 21:59:48,1684202389,17.6,33.7,98600,1.00,3.00,5.00,6.00,0.0152,0
2023-05-15 22:04:57,1684202697,17.6,33.7,98600,3.00,4.00,5.00,6.00,0.0152,0
2023-05-15 22:09:45,1684202986,17.5,33.9,98600,2.00,4.00,5.00,6.00,0.0117,0
2023-05-15 22:14:54,1684203294,17.6,33.8,98600,1.00,2.00,3.00,4.00,0.0121,0
2023-05-15 22:19:42,1684203583,17.6,33.9,98600,2.00,2.00,3.00,4.00,0.0145,0
2023-05-15 22:24:51,1684203891,17.6,34.0,98600,2.00,4.00,7.00,9.00,0.0103,0
2023-05-15 22:29:58,1684204198,17.6,34.1,98600,2.00,5.00,8.00,10.0,0.0176,0
2023-05-15 22:34:46,1684204487,17.6,34.2,98600,1.00,4.00,7.00,8.00,0.0231,0
2023-05-15 22:39:55,1684204795,17.6,34.1,98600,3.00,4.00,7.00,8.00,0.0153,0
2023-05-15 22:44:43,1684205084,17.6,34.3,98600,2.00,3.00,5.00,5.00,0.0177,0
2023-05-15 22:49:51,1684205392,17.5,34.2,98600,2.00,2.00,2.00,3.00,0.0138,0
2023-05-15 22:54:59,1684205700,17.5,34.1,98600,1.00,2.00,3.00,4.00,0.0138,0
2023-05-15 22:59:48,1684205989,17.4,34.1,98600,1.00,4.00,6.00,8.00,0.00995,0
2023-05-15 23:04:56,1684206297,17.3,34.2,98600,1.00,4.00,7.00,9.00,0.0184,0
2023-05-15 23:09:45,1684206586,17.3,34.7,98600,1.00,3.00,6.00,7.00,0.0239,0
2023-05-15 23:14:54,1684206894,17.2,35.1,98556,2.00,4.00,7.00,8.00,0.0118,0
2023-05-15 23:19:43,1684207183,17.1,35.1,98553,2.00,4.00,6.00,7.00,0.0125,0
2023-05-15 23:24:51,1684207492,17.1,35.2,98500,3.00,3.00,4.00,5.00,0.0135,0
2023-05-15 23:29:59,1684207800,17.1,35.2,98500,2.00,3.00,4.00,4.00,0.0208,0
2023-05-15 23:34:49,1684208089,17.1,35.0,98500,2.00,3.00,6.00,7.00,0.0132,0
2023-05-15 23:39:57,1684208397,17.1,35.0,98500,2.00,3.00,5.00,6.00,0.0125,0
2023-05-15 23:44:46,1684208687,17.0,35.0,98500,2.00,3.00,4.00,5.00,0.0112,0
2023-05-15 23:49:55,1684208995,17.0,34.8,98500,2.00,3.00,5.00,6.00,0.0112,0
2023-05-15 23:54:44,1684209284,16.9,35.3,98500,2.00,2.00,3.00,4.00,0.0116,0
2023-05-15 23:59:52,1684209593,16.9,35.8,98500,2.00,2.00,3.00,4.00,0.0121,0
2023-05-16 00:04:42,1684209882,16.8,35.7,98500,2.00,4.00,6.00,7.00,0.0115,0
2023-05-16 00:09:50,1684210191,16.8,35.8,98500,2.00,3.00,5.00,7.00,0.0146,0
2023-05-16 00:14:59,1684210500,16.8,35.7,98500,2.00,5.00,8.00,9.00,0.0119,0
2023-05-16 00:19:48,1684210789,16.7,35.6,98500,1.00,2.00,4.00,5.00,0.0127,0
2023-05-16 00:24:57,1684211097,16.7,36.0,98500,1.00,5.00,9.00,11.0,0.0171,0
2023-05-16 00:29:47,1684211387,16.6,35.9,98500,1.00,4.00,7.00,8.00,0.0170,0
2023-05-16 00:34:55,1684211696,16.5,36.1,98500,2.00,4.00,6.00,7.00,0.0183,0
2023-05-16 00:39:45,1684211985,16.5,36.6,98500,2.00,3.00,4.00,4.00,0.0235,0
2023-05-16 00:44:53,1684212294,16.4,36.5,98500,1.00,4.00,6.00,8.00,0.0135,0
2023-05-16 00:49:43,1684212583,16.4,36.4,98500,1.00,3.00,4.00,4.00,0.0121,0
2023-05-16 00:54:52,1684212892,16.4,36.8,98500,1.00,3.00,6.00,7.00,0.0135,0
2023-05-16 00:59:41,1684213181,16.4,36.7,98500,1.00,2.00,3.00,4.00,0.0143,0
2023-05-16 01:04:50,1684213490,16.4,37.0,98500,2.00,5.00,7.00,8.00,0.0137,0
2023-05-16 01:09:58,1684213799,16.4,37.1,98500,2.00,4.00,6.00,6.00,0.0124,0
2023-05-16 01:14:48,1684214088,16.4,37.3,98500,1.00,2.00,3.00,4.00,0.0133,0
2023-05-16 01:19:56,1684214397,16.3,37.3,98500,1.00,5.00,8.00,9.00,0.0133,0
2023-05-16 01:24:46,1684214686,16.3,37.1,98493,2.00,3.00,6.00,7.00,0.0150,0
2023-05-16 01:29:54,1684214995,16.2,37.1,98400,2.00,3.00,5.00,6.00,0.0113,0
2023-05-16 01:34:44,1684215284,16.2,37.6,98400,2.00,3.00,5.00,6.00,0.0115,0
2023-05-16 01:39:52,1684215593,16.1,37.7,98400,2.00,3.00,5.00,5.00,0.0112,0
2023-05-16 01:44:42,1684215882,16.0,37.6,98400,1.00,3.00,5.00,7.00,0.0109,0
2023-05-16 01:49:51,1684216191,16.0,37.9,98400,1.00,3.00,4.00,4.00,0.0109,0
2023-05-16 01:54:59,1684216500,15.9,37.9,98400,1.00,2.00,3.00,4.00,0.0105,0
2023-05-16 01:59:49,1684216789,15.9,37.8,98400,1e-7,2.00,3.00,4.00,0.0115,0
2023-05-16 02:04:58,1684217098,15.8,37.9,98400,1.00,5.00,8.00,10.0,0.0106,0
2023-05-16 02:09:48,1684217388,15.8,37.8,98400,1.00,2.00,3.00,4.00,0.0335,0
2023-05-16 02:14:57,1684217697,15.7,37.8,98400,1.00,2.00,4.00,4.00,0.0327,0
2023-05-16 02:19:46,1684217987,15.7,37.9,98400,1.00,4.00,7.00,8.00,0.0195,0
2023-05-16 02:24:55,1684218296,15.6,38.2,98400,1.00,2.00,3.00,4.00,0.0172,0
2023-05-16 02:29:45,1684218585,15.6,38.4,98400,1.00,3.00,5.00,6.00,0.0137,0
2023-05-16 02:34:54,1684218895,15.5,38.2,98400,1.00,3.00,5.00,7.00,0.0110,0
2023-05-16 02:39:44,1684219184,15.4,38.2,98400,1.00,4.00,7.00,8.00,0.0105,0
2023-05-16 02:44:53,1684219494,15.4,38.3,98400,1.00,2.00,3.00,4.00,0.0179,0
2023-05-16 02:49:43,1684219784,15.3,38.3,98400,1.00,3.00,5.00,7.00,0.0192,0
2023-05-16 02:54:52,1684220093,15.2,38.1,98400,4.00,4.00,4.00,4.00,0.0192,0
2023-05-16 02:59:42,1684220383,15.1,37.7,98400,3.00,4.00,6.00,8.00,0.0140,0
2023-05-16 03:04:52,1684220692,15.1,37.3,98400,2.00,3.00,4.00,4.00,0.0140,0
2023-05-16 03:09:42,1684220982,15.1,37.0,98400,1.00,2.00,3.00,4.00,0.0134,0
2023-05-16 03:14:51,1684221292,15.1,36.9,98400,1.00,3.00,5.00,6.00,0.0105,0
2023-05-16 03:19:41,1684221582,15.1,36.8,98400,2.00,6.00,9.00,11.0,0.0157,0
2023-05-16 03:24:50,1684221891,15.1,37.0,98400,1.00,3.00,6.00,7.00,0.0256,0
2023-05-16 03:29:40,1684222181,15.0,36.9,98400,2.00,3.00,5.00,6.00,0.0171,0
2023-05-16 03:34:50,1684222490,14.9,37.0,98400,2.00,5.00,8.00,10.0,0.0151,0
2023-05-16 03:39:59,1684222800,14.8,37.0,98400,1e-7,3.00,6.00,7.00,0.0119,0
2023-05-16 03:44:49,1684223090,14.7,36.6,98400,1.00,3.00,6.00,7.00,0.0199,0
2023-05-16 03:49:59,1684223399,14.6,36.4,98400,1.00,3.00,5.00,7.00,0.0211,0
2023-05-16 03:54:49,1684223689,14.6,36.4,98400,1.00,3.00,5.00,6.00,0.00999,0
2023-05-16 03:59:58,1684223999,14.5,36.3,98394,1.00,2.00,3.00,4.00,0.0115,0
2023-05-16 04:04:48,1684224289,14.4,36.3,98400,1.00,3.00,5.00,6.00,0.0109,0
2023-05-16 04:09:58,1684224599,14.3,36.2,98400,1.00,2.00,4.00,4.00,0.0118,0
2023-05-16 04:14:48,1684224889,14.3,36.0,98400,1.00,2.00,3.00,4.00,0.0122,0
2023-05-16 04:19:58,1684225199,14.2,36.1,98400,2.00,3.00,4.00,5.00,0.0116,0
2023-05-16 04:24:49,1684225489,14.1,36.1,98400,1.00,4.00,7.00,8.00,0.0179,0
2023-05-16 04:29:58,1684225798,14.1,35.8,98400,1.00,2.00,3.00,3.00,0.0218,0
2023-05-16 04:34:48,1684226089,14.0,35.8,98400,1.00,2.00,3.00,4.00,0.0218,0
2023-05-16 04:39:58,1684226399,13.9,36.1,98400,1.00,3.00,5.00,7.00,0.0143,0
2023-05-16 04:44:49,1684226689,13.8,35.9,98400,1.00,5.00,8.00,9.00,0.0159,0
2023-05-16 04:49:59,1684226999,13.7,36.7,98400,2.00,4.00,6.00,7.00,0.0118,0
2023-05-16 04:54:50,1684227290,13.5,37.2,98387,2.00,4.00,6.00,6.00,0.0118,0
2023-05-16 04:59:40,1684227581,13.3,37.1,98340,1e-7,3.00,6.00,7.00,0.0178,0
2023-05-16 05:04:51,1684227891,13.2,37.2,98344,2.00,3.00,5.00,7.00,0.0139,0
2023-05-16 05:09:42,1684228182,13.1,37.4,98400,1.00,2.00,3.00,4.00,0.0167,0
2023-05-16 05:14:52,1684228493,13.0,37.6,98400,1.00,2.00,3.00,4.00,0.0159,0
2023-05-16 05:19:43,1684228783,12.9,37.5,98400,1.00,5.00,8.00,10.0,0.0145,0
2023-05-16 05:24:53,1684229094,12.9,37.7,98375,1.00,2.00,3.00,4.00,0.0337,0
2023-05-16 05:29:45,1684229385,12.8,37.9,98300,1e-7,4.00,7.00,8.00,0.0222,0
2023-05-16 05:34:55,1684229696,12.8,37.9,98300,1e-7,2.00,3.00,4.00,0.0181,0
2023-05-16 05:39:46,1684229987,12.8,38.2,98300,1e-7,2.00,3.00,4.00,0.0198,0
2023-05-16 05:44:57,1684230297,12.7,38.8,98300,1e-7,4.00,6.00,8.00,0.0152,0
2023-05-16 05:49:48,1684230588,12.7,39.2,98300,1.00,6.00,11.0,13.0,0.0339,0
2023-05-16 05:54:58,1684230899,12.8,39.2,98394,1.00,2.00,3.00,4.00,0.0339,0
2023-05-16 05:59:49,1684231190,12.8,38.8,98367,1.00,2.00,3.00,4.00,0.0333,0
2023-05-16 06:04:40,1684231481,12.9,38.5,98300,1.00,2.00,3.00,4.00,0.0113,0
2023-05-16 06:09:51,1684231791,13.0,38.1,98300,1.00,1.00,3.00,3.00,0.00995,0
2023-05-16 06:14:41,1684232082,13.1,38.0,98300,1e-7,1.00,3.00,3.00,0.00995,0
2023-05-16 06:19:52,1684232392,13.1,38.1,98300,1e-7,2.00,4.00,4.00,0.00995,0
2023-05-16 06:24:42,1684232683,13.3,37.8,98300,1e-7,2.00,3.00,4.00,0.00995,0
2023-05-16 06:29:52,1684232993,13.4,37.7,98300,1e-7,2.00,3.00,4.00,0.00995,0
2023-05-16 06:34:43,1684233283,13.5,38.1,98300,1.00,2.00,3.00,4.00,0.00995,0
2023-05-16 06:39:53,1684233593,13.6,37.7,98300,1.00,2.00,3.00,4.00,0.00995,0
2023-05-16 06:44:43,1684233884,13.7,36.6,98300,1e-7,2.00,4.00,4.00,0.00995,0
2023-05-16 06:49:53,1684234193,13.8,36.6,98300,1e-7,3.00,6.00,8.00,0.00996,0
2023-05-16 06:54:43,1684234483,14.0,35.9,98300,2.00,3.00,5.00,6.00,0.0147,0
2023-05-16 06:59:52,1684234793,14.1,35.7,98300,1.00,2.00,3.00,4.00,0.0130,0
2023-05-16 07:04:42,1684235083,14.2,35.5,98300,1.00,1.00,3.00,3.00,0.0126,0
2023-05-16 07:09:52,1684235392,14.4,35.5,98300,1.00,3.00,6.00,7.00,0.0116,0
2023-05-16 07:14:41,1684235682,14.7,34.6,98300,1.00,4.00,7.00,8.00,0.0164,0
2023-05-16 07:19:50,1684235991,14.8,33.7,98300,2.00,2.00,3.00,4.00,0.0164,0
2023-05-16 07:24:59,1684236300,15.0,32.6,98300,1e-7,5.00,10.0,12.0,0.0112,0
2023-05-16 07:29:48,1684236589,15.0,31.9,98300,1.00,2.00,3.00,4.00,0.0220,0
2023-05-16 07:34:57,1684236898,14.9,31.9,98300,1e-7,2.00,3.00,4.00,0.0159,0
2023-05-16 07:39:47,1684237187,14.9,32.0,98300,1.00,3.00,4.00,4.00,0.00995,0
2023-05-16 07:44:56,1684237496,14.8,31.6,98300,1.00,4.00,6.00,8.00,0.0134,0
2023-05-16 07:49:45,1684237786,14.8,32.0,98300,1e-7,3.00,5.00,7.00,0.0155,0
2023-05-16 07:54:54,1684238095,14.7,31.7,98300,1.00,2.00,4.00,4.00,0.0135,0
2023-05-16 07:59:44,1684238384,14.8,31.6,98300,1e-7,3.00,5.00,6.00,0.0110,0
2023-05-16 08:04:52,1684238693,14.9,31.6,98300,2.00,2.00,3.00,4.00,0.0114,0
2023-05-16 08:09:42,1684238982,14.9,31.5,98300,1.00,3.00,5.00,6.00,0.0102,0
2023-05-16 08:14:50,1684239291,15.0,31.4,98300,1.00,4.00,7.00,8.00,0.0116,0
2023-05-16 08:19:59,1684239599,15.0,31.3,98300,1.00,4.00,7.00,8.00,0.0162,0
2023-05-16 08:24:48,1684239889,15.1,31.2,98300,1.00,2.00,3.00,4.00,0.0129,0
2023-05-16 08:28:01,1684240082,15.1,31.2,98300,1e-7,2.00,3.00,4.00,0.0162,0
2023-05-16 08:34:52,1684240493,15.2,30.9,98300,1.00,5.00,9.00,11.0,0.0133,0
2023-05-16 08:39:42,1684240782,15.2,30.9,98300,2.00,4.00,7.00,8.00,0.0200,0
2023-05-16 08:44:50,1684241091,15.3,30.5,98300,1.00,2.00,3.00,4.00,0.0200,0
2023-05-16 08:49:59,1684241399,15.4,30.0,98300,1.00,5.00,8.00,9.00,0.0193,0
2023-05-16 08:54:48,1684241688,15.4,30.2,98300,2.00,2.00,3.00,4.00,0.0142,0
2023-05-16 08:59:56,1684241997,15.4,30.1,98300,1e-7,4.00,7.00,8.00,0.0168,0
2023-05-16 09:04:46,1684242286,15.4,29.4,98300,1.00,4.00,7.00,8.00,0.0162,0
2023-05-16 09:09:54,1684242595,15.3,29.9,98300,1.00,2.00,3.00,4.00,0.0229,0
2023-05-16 09:14:43,1684242884,15.3,29.0,98300,2.00,4.00,7.00,8.00,0.0229,0
2023-05-16 09:19:52,1684243193,15.4,28.7,98300,1.00,4.00,6.00,8.00,0.0256,0
2023-05-16 09:24:41,1684243482,15.5,28.2,98300,1.00,2.00,4.00,4.00,0.0283,0
2023-05-16 09:25:58,1684243559,15.6,27.7,98300,1e-7,2.00,3.00,4.00,0.0283,0
2023-05-16 09:34:55,1684244096,15.7,26.6,98300,1.00,2.00,4.00,4.00,0.0261,0
2023-05-16 09:39:44,1684244384,15.8,26.4,98300,1.00,2.00,3.00,4.00,0.00995,0
2023-05-16 09:44:52,1684244692,15.9,26.2,98213,1.00,2.00,3.00,4.00,0.00995,0
2023-05-16 09:49:41,1684244981,16.0,26.3,98200,1e-7,2.00,4.00,4.00,0.00995,0
2023-05-16 09:54:49,1684245289,16.1,25.9,98200,1e-7,3.00,6.00,7.00,0.0125,0
2023-05-16 09:59:57,1684245597,16.2,25.4,98200,1.00,3.00,5.00,6.00,0.0123,0
2023-05-16 10:04:45,1684245886,16.2,25.0,98200,1e-7,1.00,3.00,3.00,0.0108,0
2023-05-16 10:09:53,1684246194,16.1,25.4,98200,1.00,2.00,3.00,4.00,0.0113,0
2023-05-16 10:14:42,1684246483,16.0,25.1,98200,1.00,2.00,3.00,4.00,0.0113,0
2023-05-16 10:19:50,1684246791,15.9,25.8,98200,1.00,4.00,7.00,8.00,0.0125,0
2023-05-16 10:24:58,1684247098,15.9,25.9,98200,1e-7,2.00,4.00,4.00,0.0119,0
2023-05-16 10:29:46,1684247387,16.0,25.8,98200,1e-7,2.00,3.00,4.00,0.0157,0
2023-05-16 10:34:35,1684247675,16.1,25.3,98200,1.00,2.00,3.00,4.00,0.0123,0
2023-05-16 11:14:40,1684250081,16.4,28.4,98200,2.00,4.00,7.00,8.00,,
2023-05-16 11:19:48,1684250388,16.3,28.8,98200,1.00,5.00,8.00,9.00,,
2023-05-16 11:24:56,1684250696,16.1,29.3,98200,3.00,4.00,6.00,7.00,0.0199,0
2023-05-16 11:29:44,1684250985,15.9,29.5,98200,2.00,6.00,9.00,11.0,0.0199,0
2023-05-16 11:34:52,1684251293,15.6,29.8,98200,2.00,2.00,3.00,4.00,0.0202,0
2023-05-16 11:39:42,1684251582,15.2,30.6,98200,2.00,6.00,10.0,12.0,0.0192,0
2023-05-16 11:44:50,1684251891,14.7,31.6,98200,2.00,3.00,4.00,5.00,0.0159,0
2023-05-16 11:49:59,1684252200,14.2,33.7,98200,1.00,3.00,5.00,7.00,0.0128,0
2023-05-16 11:54:49,1684252489,13.9,35.2,98200,1.00,2.00,3.00,3.00,0.00995,0
2023-05-16 11:59:58,1684252798,13.7,36.1,98200,1.00,6.00,10.0,12.0,0.0219,0
2023-05-16 12:04:28,1684253069,13.4,37.5,98200,1.00,2.00,4.00,4.00,0.0269,0
2023-05-16 12:24:59,1684254300,12.7,39.1,98200,1.00,4.00,6.00,8.00,,
2023-05-16 12:29:50,1684254591,12.4,38.3,98200,1.00,3.00,4.00,5.00,,
2023-05-16 12:34:41,1684254882,12.1,39.4,98200,1.00,2.00,3.00,3.00,,
2023-05-16 12:37:56,1684255076,12.0,39.8,98200,1e-7,1.00,2.00,3.00,0.0176,0
2023-05-16 14:34:54,1684262094,13.4,38.0,98091,1.00,3.00,5.00,6.00,,
2023-05-16 14:39:44,1684262385,13.4,37.6,98100,1.00,3.00,4.00,4.00,,
2023-05-16 14:44:54,1684262695,13.2,38.9,98100,4.00,4.00,6.00,8.00,0.0151,0
2023-05-16 14:49:45,1684262986,13.1,39.0,98100,1.00,5.00,8.00,10.0,0.0195,0
2023-05-16 14:54:56,1684263296,12.9,39.1,98100,2.00,2.00,3.00,4.00,0.0116,0
2023-05-16 14:59:47,1684263587,12.8,40.0,98100,1.00,2.00,3.00,4.00,0.0190,0
2023-05-16 15:04:57,1684263898,12.8,41.0,98100,3.00,4.00,6.00,8.00,0.0161,0
2023-05-16 15:09:48,1684264189,12.6,42.3,98100,1.00,3.00,5.00,6.00,0.0234,0
2023-05-16 15:14:59,1684264500,12.4,42.2,98100,1.00,4.00,6.00,7.00,0.0227,0
2023-05-16 15:19:50,1684264791,12.3,43.1,98100,1.00,3.00,6.00,7.00,0.0189,0
2023-05-16 15:24:42,1684265082,12.3,43.4,98100,2.00,4.00,7.00,8.00,0.0149,0
2023-05-16 15:29:53,1684265393,12.2,42.8,98100,1.00,4.00,7.00,8.00,0.0149,0
2023-05-16 15:34:44,1684265684,12.1,42.6,98100,2.00,2.00,3.00,4.00,0.0108,0
2023-05-16 15:39:55,1684265995,12.1,43.1,98100,3.00,5.00,7.00,8.00,0.0124,0
2023-05-16 15:44:46,1684266287,12.2,43.2,98100,1.00,2.00,3.00,4.00,0.0166,0
2023-05-16 15:49:57,1684266598,12.2,40.1,98100,1.00,3.00,5.00,6.00,0.0182,0
2023-05-16 15:54:49,1684266889,12.2,38.7,98100,1.00,2.00,4.00,4.00,0.0119,0
2023-05-16 15:59:40,1684267181,12.2,36.7,98100,1e-7,2.00,3.00,4.00,0.0111,0
2023-05-16 16:04:51,1684267492,12.1,34.5,98100,2.00,3.00,5.00,6.00,0.0116,0
2023-05-16 16:09:43,1684267783,12.1,33.4,98100,1.00,2.00,3.00,4.00,0.0134,0
2023-05-16 16:11:20,1684267881,12.1,33.9,98100,1e-7,1.00,2.00,3.00,0.0112,0
2023-05-16 16:39:54,1684269594,12.8,33.9,98100,1.00,4.00,7.00,8.00,,
2023-05-16 16:44:44,1684269885,12.9,33.3,98100,2.00,2.00,3.00,4.00,,
2023-05-16 16:49:55,1684270195,12.9,31.6,98100,2.00,3.00,4.00,5.00,,
2023-05-16 16:54:46,1684270486,12.7,31.4,98100,2.00,4.00,7.00,9.00,0.0117,0
2023-05-16 16:59:56,1684270797,12.8,31.2,98100,1.00,3.00,5.00,6.00,0.0187,0
2023-05-16 17:04:47,1684271088,12.8,30.5,98100,1.00,5.00,10.0,12.0,0.0166,0
2023-05-16 17:09:58,1684271398,12.9,31.7,98100,1.00,3.00,4.00,4.00,0.0210,0
2023-05-16 17:14:49,1684271690,12.9,33.9,98100,2.00,3.00,4.00,5.00,0.0151,0
2023-05-16 17:19:59,1684272000,12.8,34.0,98100,1.00,2.00,4.00,5.00,0.0156,0
2023-05-16 17:22:15,1684272136,12.7,32.5,98100,1.00,2.00,3.00,4.00,0.0107,0
2023-05-16 17:34:52,1684272893,12.7,32.9,98100,2.00,3.00,5.00,6.00,0.0107,0
2023-05-16 17:39:44,1684273184,12.6,33.9,98100,2.00,4.00,6.00,8.00,0.0120,0
2023-05-16 17:40:03,1684273203,12.5,33.8,98100,1.00,1.00,1.00,1.00,0.00955,0
2023-05-16 17:54:56,1684274097,12.5,34.4,98100,1.00,2.00,3.00,4.00,0.0106,0
2023-05-16 17:59:48,1684274388,12.6,30.1,98100,1.00,3.00,6.00,8.00,0.0180,0
2023-05-16 18:04:58,1684274699,12.5,29.0,98100,1.00,4.00,7.00,8.00,0.0215,0
2023-05-16 18:09:49,1684274990,12.4,28.1,98100,2.00,4.00,5.00,5.00,0.0108,0
2023-05-16 18:14:41,1684275281,12.3,27.9,98100,2.00,3.00,4.00,5.00,0.01000,0
2023-05-16 18:19:51,1684275592,12.3,27.5,98119,1.00,3.00,4.00,5.00,0.0108,0
2023-05-16 18:24:43,1684275883,12.3,27.9,98160,1.00,2.00,3.00,3.00,0.0126,0
2023-05-16 18:29:53,1684276194,12.3,28.0,98100,1.00,5.00,8.00,10.0,0.0134,0
2023-05-16 18:34:45,1684276485,12.3,28.2,98100,1.00,2.00,3.00,4.00,0.0154,0
2023-05-16 18:39:55,1684276796,12.3,28.1,98100,2.00,2.00,3.00,4.00,0.0145,0
2023-05-16 18:44:47,1684277087,12.2,27.6,98100,2.00,7.00,13.0,16.0,0.0301,0
2023-05-16 18:49:57,1684277398,12.2,27.2,98100,1.00,2.00,3.00,4.00,0.0304,0
2023-05-16 18:54:49,1684277689,12.4,27.1,98167,1.00,4.00,6.00,7.00,0.0226,0
2023-05-16 18:59:59,1684278000,12.5,26.8,98138,1.00,3.00,6.00,8.00,0.0121,0
2023-05-16 19:04:51,1684278291,12.4,27.0,98107,1.00,3.00,4.00,4.00,0.0121,0
2023-05-16 19:09:42,1684278582,12.2,26.5,98193,1.00,7.00,12.0,14.0,0.0113,0
2023-05-16 19:14:53,1684278893,12.0,26.3,98200,1.00,2.00,2.00,3.00,0.0141,0
2023-05-16 19:19:44,1684279185,11.7,25.8,98200,1.00,3.00,5.00,6.00,0.0141,0
2023-05-16 19:24:55,1684279496,11.5,26.2,98200,2.00,5.00,6.00,7.00,0.0119,0
2023-05-16 19:29:47,1684279788,11.4,26.5,98200,1.00,2.00,3.00,4.00,0.0108,0
2023-05-16 19:34:58,1684280099,11.2,26.7,98200,1.00,6.00,10.0,11.0,0.0319,0
2023-05-16 19:39:50,1684280391,11.0,26.9,98200,1.00,3.00,5.00,7.00,0.0319,0
2023-05-16 19:44:42,1684280683,10.9,27.2,98200,1.00,3.00,5.00,7.00,0.0377,0
2023-05-16 19:49:53,1684280994,10.7,27.3,98200,1.00,4.00,7.00,8.00,0.0120,0
2023-05-16 19:54:45,1684281286,10.6,27.0,98200,2.00,3.00,5.00,7.00,0.0209,0
2023-05-16 19:59:57,1684281598,10.5,27.2,98200,1e-7,2.00,4.00,4.00,0.0250,0
2023-05-16 20:04:49,1684281890,10.4,27.2,98200,1.00,2.00,4.00,4.00,0.0250,0
2023-05-16 20:09:42,1684282182,10.2,27.0,98200,1e-7,2.00,3.00,4.00,0.00998,0
2023-05-16 20:14:54,1684282494,10.1,27.2,98200,1e-7,2.00,3.00,4.00,0.00995,0
2023-05-16 20:19:46,1684282787,9.87,27.3,98200,1.00,8.00,14.0,17.0,0.0198,0
2023-05-16 20:24:58,1684283099,9.68,27.3,98200,1.00,3.00,4.00,4.00,0.0212,0
2023-05-16 20:29:51,1684283392,9.49,27.5,98200,1.00,2.00,3.00,4.00,0.0195,0
2023-05-16 20:34:44,1684283685,9.30,27.8,98200,1e-7,2.00,3.00,4.00,0.0100,0
2023-05-16 20:39:57,1684283997,9.11,28.2,98200,1e-7,2.00,3.00,4.00,0.0100,0
2023-05-16 20:44:50,1684284290,8.89,28.9,98200,1e-7,1.00,3.00,3.00,0.00995,0
2023-05-16 20:49:43,1684284584,8.58,29.5,98200,1e-7,1.00,3.00,3.00,0.00995,0
2023-05-16 20:54:56,1684284897,8.21,30.1,98244,1.00,1.00,1.00,1.00,0.00995,0
2023-05-16 20:59:50,1684285191,7.82,31.6,98300,1e-7,1.00,1.00,2.00,0.00995,0
2023-05-16 21:04:44,1684285485,7.42,33.3,98300,1.00,4.00,6.00,8.00,0.0142,0
2023-05-16 21:09:58,1684285798,7.02,33.8,98300,1e-7,3.00,5.00,6.00,0.0156,0
2023-05-16 21:14:52,1684286093,6.67,34.1,98300,1e-7,1e-7,1.00,1.00,0.0125,0
2023-05-16 21:19:47,1684286387,6.37,34.3,98300,1e-7,1.00,2.00,3.00,0.0120,0
2023-05-16 21:24:41,1684286682,6.08,35.0,98300,1e-7,1.00,2.00,3.00,0.0102,0
2023-05-16 21:29:56,1684286996,5.78,35.6,98300,1e-7,2.00,3.00,4.00,0.00995,0
2023-05-16 21:34:50,1684287291,5.47,36.6,98300,1e-7,2.00,3.00,4.00,0.00995,0
2023-05-16 21:39:45,1684287586,5.17,37.2,98300,1e-7,2.00,3.00,4.00,0.00995,0
2023-05-16 21:44:41,1684287881,4.94,37.5,98300,1e-7,1.00,2.00,3.00,0.00995,0
2023-05-16 21:49:56,1684288196,4.78,38.1,98300,1e-7,2.00,3.00,4.00,0.00995,0
2023-05-16 21:54:51,1684288492,4.64,38.7,98300,1e-7,2.00,3.00,4.00,0.00995,0
2023-05-16 21:59:46,1684288787,4.52,38.9,98300,1.00,5.00,7.00,9.00,0.00995,0
2023-05-16 22:04:42,1684289082,4.41,38.9,98300,1e-7,1e-7,1e-7,1e-7,0.0103,0
2023-05-16 22:09:57,1684289398,4.26,39.3,98300,1e-7,2.00,3.00,4.00,0.0126,0
2023-05-16 22:14:53,1684289693,4.06,39.5,98300,1e-7,2.00,3.00,4.00,0.00995,0
2023-05-16 22:19:48,1684289989,3.86,39.5,98300,1e-7,2.00,3.00,4.00,0.00995,0
2023-05-16 22:24:44,1684290285,3.68,39.8,98300,1e-7,2.00,3.00,4.00,0.00995,0
2023-05-16 22:29:40,1684290581,3.52,40.1,98300,1e-7,1e-7,1e-7,1e-7,0.00995,0
2023-05-16 22:34:56,1684290897,3.35,40.4,98300,1e-7,1e-7,1e-7,1e-7,0.00995,0
2023-05-16 22:39:52,1684291193,3.22,41.2,98300,1.00,2.00,3.00,4.00,0.00995,0
2023-05-16 22:44:48,1684291489,3.14,41.2,98300,2.00,2.00,3.00,4.00,0.00995,0
2023-05-16 22:49:45,1684291785,3.04,41.1,98300,1e-7,1e-7,1e-7,1e-7,0.00995,0
2023-05-16 22:54:41,1684292082,2.92,41.5,98347,1e-7,1e-7,1e-7,1e-7,0.00995,0
2023-05-16 22:59:57,1684292398,2.81,41.9,98400,1e-7,1e-7,1e-7,1e-7,0.00995,0
2023-05-16 23:04:54,1684292694,2.77,42.8,98400,2.00,2.00,2.00,3.00,0.00995,0
2023-05-16 23:09:50,1684292990,2.78,42.4,98400,1.00,3.00,3.00,4.00,0.00995,0
2023-05-16 23:14:46,1684293287,3.23,41.1,98400,1.00,4.00,6.00,8.00,0.0135,0
2023-05-16 23:19:42,1684293583,4.08,38.8,98400,2.00,5.00,8.00,10.0,0.0160,0
2023-05-16 23:24:57,1684293898,4.89,36.2,98369,2.00,3.00,5.00,6.00,0.0160,0
2023-05-16 23:29:52,1684294193,5.50,35.3,98400,1.00,2.00,3.00,4.00,0.0170,0
2023-05-16 23:34:47,1684294488,5.88,33.7,98400,1.00,3.00,5.00,6.00,0.0170,0
2023-05-16 23:39:42,1684294783,6.13,32.9,98400,3.00,4.00,6.00,8.00,0.0151,0
2023-05-16 23:44:56,1684295097,6.32,32.5,98400,2.00,4.00,7.00,8.00,0.0210,0
2023-05-16 23:49:51,1684295391,6.44,31.9,98400,1e-7,3.00,5.00,6.00,0.0159,0
2023-05-16 23:54:45,1684295686,6.50,31.8,98400,1.00,2.00,3.00,4.00,0.0129,0
2023-05-16 23:59:40,1684295980,6.51,31.9,98400,1e-7,3.00,5.00,6.00,0.0104,0
2023-05-17 00:04:54,1684296294,6.46,31.7,98400,1e-7,4.00,7.00,8.00,0.0141,0
2023-05-17 00:09:48,1684296589,6.41,31.5,98400,2.00,7.00,11.0,14.0,0.0108,0
2023-05-17 00:14:43,1684296884,6.36,31.5,98400,1.00,2.00,3.00,4.00,0.0142,0
2023-05-17 00:19:57,1684297198,6.31,31.2,98400,1.00,2.00,4.00,5.00,0.0265,0
2023-05-17 00:24:52,1684297492,6.31,30.6,98400,1.00,6.00,11.0,13.0,0.0189,0
2023-05-17 00:29:46,1684297787,6.34,30.5,98400,2.00,2.00,3.00,4.00,0.0278,0
2023-05-17 00:34:41,1684298081,6.34,30.4,98400,1.00,4.00,6.00,7.00,0.0395,0
2023-05-17 00:39:55,1684298396,6.30,30.4,98400,1.00,3.00,4.00,5.00,0.0216,0
2023-05-17 00:44:50,1684298690,6.26,30.4,98400,1.00,5.00,8.00,10.0,0.0123,0
2023-05-17 00:49:44,1684298985,6.23,30.3,98473,1.00,3.00,3.00,4.00,0.0133,0
2023-05-17 00:54:58,1684299299,6.19,30.1,98500,1e-7,2.00,3.00,4.00,0.0162,0
2023-05-17 00:59:53,1684299593,6.15,30.1,98500,1.00,2.00,3.00,4.00,0.0162,0
2023-05-17 01:04:47,1684299888,6.07,30.2,98500,1.00,5.00,9.00,11.0,0.0147,0
2023-05-17 01:09:42,1684300183,5.95,30.3,98500,1e-7,3.00,6.00,7.00,0.0222,0
2023-05-17 01:14:56,1684300497,5.83,30.7,98500,1e-7,4.00,7.00,8.00,0.0141,0
2023-05-17 01:19:51,1684300792,5.68,30.8,98500,1e-7,1.00,2.00,3.00,0.0162,0
2023-05-17 01:24:46,1684301087,5.58,30.8,98500,1.00,4.00,7.00,8.00,0.0162,0
2023-05-17 01:29:41,1684301382,5.53,30.9,98500,1e-7,2.00,3.00,4.00,0.0135,0
2023-05-17 01:34:56,1684301696,5.50,31.1,98500,1.00,2.00,3.00,4.00,0.0131,0
2023-05-17 01:39:51,1684301991,5.47,30.9,98500,1e-7,1.00,2.00,3.00,0.00995,0
2023-05-17 01:44:46,1684302286,5.41,30.9,98500,1.00,5.00,10.0,12.0,0.0179,0
2023-05-17 01:49:41,1684302581,5.37,30.9,98500,1e-7,3.00,6.00,7.00,0.0199,0
2023-05-17 01:54:55,1684302895,5.33,31.2,98500,1.00,2.00,3.00,4.00,0.0199,0
2023-05-17 01:59:50,1684303190,5.29,31.0,98500,2.00,3.00,5.00,6.00,0.0131,0
2023-05-17 02:04:45,1684303485,5.27,31.0,98500,1.00,2.00,3.00,4.00,0.0112,0
2023-05-17 02:09:40,1684303780,5.29,30.9,98500,1.00,2.00,3.00,4.00,0.0120,0
2023-05-17 02:14:55,1684304095,5.33,30.6,98500,2.00,2.00,3.00,3.00,0.0120,0
2023-05-17 02:19:50,1684304390,5.37,30.7,98500,1.00,3.00,5.00,6.00,0.0117,0
2023-05-17 02:24:45,1684304685,5.41,30.7,98500,1.00,3.00,5.00,5.00,0.0121,0
2023-05-17 02:29:59,1684305000,5.43,30.5,98500,1e-7,2.00,3.00,4.00,0.0113,0
2023-05-17 02:34:54,1684305295,5.46,30.2,98500,1e-7,4.00,7.00,8.00,0.0129,0
2023-05-17 02:39:49,1684305590,5.49,30.1,98500,1e-7,1.00,1.00,2.00,0.0164,0
2023-05-17 02:44:44,1684305885,5.52,30.1,98500,1e-7,2.00,3.00,4.00,0.0164,0
2023-05-17 02:49:59,1684306199,5.54,29.9,98500,1.00,2.00,4.00,5.00,0.0104,0
2023-05-17 02:54:54,1684306494,5.58,30.0,98500,1.00,2.00,3.00,4.00,0.0103,0
2023-05-17 02:59:49,1684306789,5.60,29.9,98500,2.00,3.00,6.00,7.00,0.0127,0
2023-05-17 03:04:43,1684307084,5.61,30.0,98500,1.00,4.00,7.00,9.00,0.0144,0
2023-05-17 03:09:58,1684307399,5.58,30.0,98500,1.00,2.00,3.00,4.00,0.0124,0
2023-05-17 03:14:53,1684307694,5.56,30.1,98500,1.00,3.00,5.00,6.00,0.0132,0
2023-05-17 03:19:48,1684307989,5.55,30.3,98500,1.00,4.00,6.00,8.00,0.0110,0
2023-05-17 03:24:43,1684308284,5.55,30.2,98500,1e-7,2.00,3.00,4.00,0.0115,0
2023-05-17 03:29:58,1684308598,5.55,30.3,98500,1.00,2.00,3.00,4.00,0.0135,0
2023-05-17 03:34:53,1684308893,5.55,30.5,98500,1e-7,3.00,5.00,6.00,0.0103,0
2023-05-17 03:39:48,1684309188,5.53,30.6,98500,1e-7,2.00,3.00,4.00,0.0108,0
2023-05-17 03:44:43,1684309483,5.49,30.4,98500,1e-7,2.00,3.00,4.00,0.0125,0
2023-05-17 03:49:57,1684309798,5.45,30.7,98500,1.00,2.00,3.00,4.00,0.0125,0
2023-05-17 03:54:52,1684310093,5.42,30.9,98500,2.00,3.00,5.00,7.00,0.0153,0
2023-05-17 03:59:47,1684310388,5.40,31.0,98580,1e-7,2.00,4.00,4.00,0.0163,0
2023-05-17 04:04:42,1684310683,5.42,31.1,98600,1e-7,2.00,3.00,4.00,0.0163,0
2023-05-17 04:09:57,1684310997,5.44,31.0,98600,1e-7,1e-7,1e-7,1e-7,0.0121,0
2023-05-17 04:14:52,1684311292,5.45,31.0,98600,1.00,1.00,3.00,3.00,0.00995,0
2023-05-17 04:19:47,1684311587,5.46,31.3,98600,1.00,2.00,3.00,4.00,0.00995,0
2023-05-17 04:24:42,1684311882,5.48,31.4,98600,1e-7,4.00,6.00,8.00,0.0101,0
2023-05-17 04:29:57,1684312197,5.50,31.2,98600,1.00,6.00,9.00,11.0,0.0162,0
2023-05-17 04:34:51,1684312492,5.50,31.6,98600,1e-7,1e-7,1e-7,1e-7,0.0226,0
2023-05-17 04:39:46,1684312787,5.52,31.7,98600,1e-7,4.00,7.00,8.00,0.0226,0
2023-05-17 04:44:41,1684313082,5.52,31.8,98600,1.00,2.00,3.00,4.00,0.0145,0
2023-05-17 04:49:56,1684313397,5.51,32.1,98600,1e-7,3.00,6.00,8.00,0.0145,0
2023-05-17 04:54:51,1684313692,5.51,32.0,98600,1e-7,1.00,3.00,3.00,0.0133,0
2023-05-17 04:59:46,1684313987,5.51,31.8,98600,1.00,2.00,3.00,4.00,0.0133,0
2023-05-17 05:04:41,1684314282,5.51,31.9,98600,1.00,2.00,4.00,5.00,0.0104,0
2023-05-17 05:09:56,1684314596,5.50,31.7,98600,1e-7,2.00,3.00,4.00,0.0104,0
2023-05-17 05:14:51,1684314891,5.50,31.6,98600,1.00,2.00,3.00,4.00,0.0104,0
2023-05-17 05:19:46,1684315186,5.50,31.4,98600,1e-7,2.00,3.00,4.00,0.00995,0
2023-05-17 05:24:40,1684315481,5.50,31.4,98600,1e-7,2.00,4.00,4.00,0.00995,0
2023-05-17 05:29:55,1684315795,5.51,31.2,98600,1.00,3.00,5.00,7.00,0.0106,0
2023-05-17 05:34:53,1684316094,5.52,30.8,98700,1.00,2.00,3.00,4.00,0.0132,0
2023-05-17 05:39:48,1684316388,5.55,30.7,98700,1e-7,6.00,10.0,13.0,0.0102,0
2023-05-17 05:44:42,1684316683,5.57,31.0,98700,1.00,2.00,4.00,4.00,0.0142,0
2023-05-17 05:49:56,1684316997,5.60,31.0,98700,1.00,5.00,8.00,10.0,0.0155,0
2023-05-17 05:54:58,1684317298,5.63,30.7,98700,1.00,1.00,2.00,2.00,0.0156,0
2023-05-17 05:59:52,1684317593,5.65,30.4,98700,1.00,2.00,3.00,4.00,0.0204,0
2023-05-17 06:04:46,1684317887,5.67,30.7,98700,1.00,3.00,5.00,6.00,0.0131,0
2023-05-17 06:09:41,1684318181,5.70,30.6,98700,3.00,4.00,5.00,6.00,0.0131,0
2023-05-17 06:14:55,1684318495,5.75,30.4,98700,1.00,3.00,6.00,7.00,0.0150,0
2023-05-17 06:19:49,1684318789,5.80,30.2,98700,1e-7,2.00,3.00,4.00,0.0146,0
2023-05-17 06:24:43,1684319083,5.89,30.0,98700,1.00,2.00,2.00,3.00,0.0144,0
2023-05-17 06:29:57,1684319397,6.00,29.7,98700,1e-7,2.00,3.00,4.00,0.0126,0
2023-05-17 06:34:50,1684319691,6.09,29.3,98700,1.00,2.00,3.00,4.00,0.00995,0
2023-05-17 06:39:44,1684319985,6.17,29.0,98700,1e-7,2.00,3.00,4.00,0.00995,0
2023-05-17 06:44:57,1684320298,6.26,28.5,98700,1.00,5.00,8.00,10.0,0.0235,0
2023-05-17 06:49:51,1684320591,6.32,28.5,98700,1e-7,2.00,3.00,4.00,0.0322,0
2023-05-17 06:54:45,1684320885,6.46,28.4,98700,1.00,4.00,7.00,9.00,0.0322,0
2023-05-17 06:59:58,1684321198,6.59,27.9,98700,1e-7,3.00,5.00,7.00,0.0222,0
2023-05-17 07:04:51,1684321492,6.77,27.8,98700,1.00,2.00,3.00,4.00,0.0143,0
2023-05-17 07:09:45,1684321785,6.85,27.5,98700,1e-7,5.00,10.0,12.0,0.0174,0
2023-05-17 07:14:57,1684322098,6.93,27.1,98750,1.00,4.00,7.00,8.00,0.0178,0
2023-05-17 07:19:51,1684322391,7.02,26.7,98800,1e-7,2.00,3.00,4.00,0.0176,0
2023-05-17 07:24:44,1684322684,7.18,26.6,98800,1.00,3.00,5.00,6.00,0.0168,0
2023-05-17 07:29:56,1684322997,7.37,26.6,98800,1.00,2.00,3.00,4.00,0.0130,0
2023-05-17 07:30:55,1684323055,7.55,26.6,98800,1e-7,1e-7,1e-7,1e-7,0.00961,0
2023-05-17 08:59:50,1684328391,9.38,21.7,98886,1.00,2.00,4.00,5.00,,
2023-05-17 09:04:42,1684328682,9.95,21.6,98820,1e-7,2.00,3.00,4.00,,
2023-05-17 09:06:38,1684328798,10.6,21.0,98867,1e-7,2.00,3.00,4.00,,
2023-05-17 09:59:48,1684331988,15.4,16.3,98900,1e-7,2.00,3.00,4.00,,
2023-05-17 10:04:55,1684332296,15.2,15.9,98900,1.00,3.00,5.00,6.00,,
2023-05-17 10:08:07,1684332488,14.7,16.1,98900,1.00,4.00,6.00,8.00,0.00931,0
2023-05-17 10:19:57,1684333198,13.0,17.4,98900,1e-7,2.00,4.00,4.00,0.0107,0
2023-05-17 10:20:54,1684333255,12.7,17.4,98900,1e-7,1.00,1.00,1.00,0.0113,0
2023-05-17 10:29:52,1684333792,12.2,17.8,98900,1e-7,3.00,5.00,6.00,0.0140,0
2023-05-17 10:34:42,1684334082,12.1,18.5,98900,1e-7,2.00,3.00,4.00,0.0119,0
2023-05-17 10:36:18,1684334179,12.3,18.9,98900,1e-7,1e-7,1e-7,1e-7,0.0111,0
2023-05-17 10:49:59,1684335000,12.9,17.0,98900,1e-7,1.00,2.00,3.00,0.0107,0
2023-05-17 10:54:49,1684335290,12.9,17.0,98900,1e-7,2.00,3.00,4.00,0.00995,0
2023-05-17 10:58:22,1684335502,13.0,17.8,98900,1e-7,1e-7,1e-7,1e-7,0.00995,0
2023-05-17 11:09:40,1684336181,13.0,18.1,99000,1.00,1.00,2.00,3.00,0.00995,0
2023-05-17 11:14:50,1684336490,12.8,18.4,98913,1e-7,1e-7,1e-7,1e-7,0.00995,0
2023-05-17 11:19:01,1684336741,12.9,17.7,98923,1.00,4.00,6.00,8.00,0.0133,0
2023-05-17 11:24:52,1684337093,13.0,17.0,98900,1e-7,2.00,3.00,4.00,0.0176,0
2023-05-17 11:29:42,1684337383,13.3,17.3,98900,2.00,2.00,3.00,4.00,0.0167,0
2023-05-17 11:34:51,1684337692,13.8,17.5,98900,2.00,3.00,4.00,5.00,0.0167,0
2023-05-17 11:36:47,1684337807,13.7,17.1,98900,1e-7,2.00,3.00,4.00,0.0113,0
2023-05-17 11:44:50,1684338290,13.4,20.1,99000,2.00,3.00,4.00,5.00,0.0109,0
2023-05-17 11:49:59,1684338600,12.5,23.3,99000,1.00,1.00,1.00,1.00,0.0114,0
2023-05-17 11:53:13,1684338793,11.5,24.6,99000,1e-7,2.00,3.00,4.00,0.0114,0
2023-05-17 11:59:48,1684339189,10.7,24.7,99000,1e-7,2.00,3.00,4.00,0.0109,0
2023-05-17 12:04:59,1684339499,11.3,24.2,99000,1e-7,2.00,3.00,4.00,0.00995,0
2023-05-17 12:09:10,1684339750,12.1,23.1,99000,1e-7,2.00,3.00,4.00,0.00995,0
2023-05-17 12:19:58,1684340398,12.5,20.2,99000,1e-7,1.00,2.00,3.00,0.00995,0
2023-05-17 12:24:48,1684340688,13.1,20.2,99000,1e-7,1.00,3.00,3.00,0.00995,0
2023-05-17 12:28:58,1684340939,13.6,19.8,99000,1e-7,2.00,3.00,4.00,0.00995,0
2023-05-17 12:39:41,1684341582,13.8,17.6,99000,1e-7,2.00,3.00,4.00,0.00995,0
2023-05-17 12:44:11,1684341851,14.0,17.5,99000,1e-7,3.00,5.00,6.00,0.00995,0
2023-05-17 12:54:56,1684342497,14.6,19.1,99000,1e-7,4.00,7.00,8.00,0.0169,0
2023-05-17 12:59:46,1684342787,13.5,23.5,99100,1e-7,4.00,7.00,8.00,0.0158,0
2023-05-17 13:04:56,1684343097,11.9,23.1,99019,1e-7,2.00,3.00,4.00,0.0129,0
2023-05-17 13:09:47,1684343387,11.1,23.7,99000,1e-7,2.00,3.00,4.00,0.0172,0
2023-05-17 13:14:57,1684343697,11.5,23.5,99000,1.00,1.00,2.00,2.00,0.0167,0
2023-05-17 13:19:47,1684343988,12.4,21.2,99000,1.00,2.00,3.00,4.00,0.00995,0
2023-05-17 13:24:55,1684344296,13.0,19.1,99000,1.00,2.00,2.00,3.00,0.00995,0
2023-05-17 13:29:54,1684344595,13.2,17.8,99000,1e-7,1.00,3.00,3.00,0.00995,0
2023-05-17 13:34:44,1684344885,13.0,18.3,99000,1e-7,2.00,4.00,4.00,0.00995,0
2023-05-17 13:36:01,1684344962,13.0,18.3,99000,1e-7,2.00,4.00,4.00,0.00995,0
2023-05-17 13:49:53,1684345793,13.1,18.0,99000,1e-7,2.00,3.00,4.00,0.00995,0
2023-05-17 13:54:43,1684346083,13.3,20.2,99000,1e-7,4.00,7.00,8.00,0.0104,0
2023-05-17 13:55:21,1684346122,13.1,22.0,99000,1e-7,1e-7,1e-7,1e-7,0.0154,0
2023-05-17 14:04:44,1684346685,11.4,24.4,99056,1e-7,2.00,3.00,4.00,0.0177,0
2023-05-17 14:09:55,1684346995,11.2,23.9,99031,1.00,2.00,3.00,4.00,0.0214,0
2023-05-17 14:14:25,1684347266,11.4,22.4,99000,1e-7,2.00,3.00,4.00,0.0214,0
2023-05-17 14:19:43,1684347584,11.9,21.3,99000,1e-7,4.00,7.00,8.00,0.0181,0
2023-05-17 14:24:53,1684347894,12.0,21.0,99000,1e-7,4.00,6.00,8.00,0.0229,0
2023-05-17 14:29:44,1684348185,12.1,21.8,99027,1.00,2.00,3.00,4.00,0.0188,0
2023-05-17 14:34:54,1684348495,11.6,24.5,99100,1e-7,3.00,5.00,7.00,0.0176,0
2023-05-17 14:39:46,1684348786,10.7,27.3,99100,1e-7,2.00,3.00,4.00,0.0118,0
2023-05-17 14:44:57,1684349097,10.8,26.7,99044,1e-7,2.00,3.00,4.00,0.0128,0
2023-05-17 14:49:47,1684349388,11.6,23.0,99000,2.00,3.00,4.00,5.00,0.0105,0
2023-05-17 14:54:57,1684349698,12.5,21.1,99000,1e-7,2.00,3.00,4.00,0.0103,0
2023-05-17 14:57:31,1684349851,13.1,19.6,99000,1.00,2.00,3.00,3.00,0.0101,0
2023-05-17 15:04:48,1684350289,12.9,19.8,99000,1.00,1.00,2.00,2.00,0.0101,0
2023-05-17 15:09:45,1684350585,13.3,19.3,99000,1e-7,1.00,1.00,1.00,0.00995,0
2023-05-17 15:14:54,1684350894,13.8,18.5,99000,1e-7,3.00,6.00,7.00,0.0114,0
2023-05-17 15:19:43,1684351184,13.9,17.7,99073,1e-7,1.00,2.00,3.00,0.0128,0
2023-05-17 15:24:52,1684351493,14.2,18.9,99088,1e-7,2.00,3.00,4.00,0.0121,0
2023-05-17 15:27:44,1684351665,13.7,20.0,99100,1e-7,2.00,3.00,4.00,0.00995,0
2023-05-17 15:34:59,1684352100,12.6,20.4,99100,1e-7,2.00,3.00,4.00,0.00995,0
2023-05-17 15:39:49,1684352390,12.8,20.3,99100,1e-7,4.00,7.00,9.00,0.00995,0
2023-05-17 15:42:23,1684352544,13.2,18.1,99088,1e-7,1e-7,1e-7,1e-7,0.0100,0
2023-05-17 15:49:47,1684352988,14.2,17.2,99000,1e-7,2.00,3.00,4.00,0.0100,0
2023-05-17 15:54:56,1684353296,14.7,15.5,99000,1e-7,1e-7,1e-7,1e-7,0.0139,0
2023-05-17 15:59:45,1684353585,15.3,14.8,99047,1.00,2.00,3.00,4.00,0.0123,0
2023-05-17 16:04:52,1684353893,15.2,15.0,99100,1e-7,4.00,7.00,9.00,0.0151,0
2023-05-17 16:09:42,1684354182,14.5,16.8,99100,1e-7,4.00,7.00,8.00,0.0265,0
2023-05-17 16:14:51,1684354491,13.4,19.6,99100,1e-7,1e-7,1e-7,1e-7,0.0265,0
2023-05-17 16:19:41,1684354782,12.8,21.3,99100,1e-7,1.00,2.00,3.00,0.0252,0
2023-05-17 16:24:49,1684355090,13.0,20.6,99100,1e-7,1.00,2.00,3.00,0.0181,0
2023-05-17 16:29:58,1684355399,13.6,19.1,99100,1e-7,2.00,3.00,4.00,0.00995,0
2023-05-17 16:34:47,1684355688,14.2,17.5,99100,1e-7,2.00,3.00,4.00,0.00995,0
2023-05-17 16:37:40,1684355861,14.3,16.6,99100,1.00,4.00,7.00,8.00,0.0154,0
2023-05-17 16:44:51,1684356292,13.5,17.8,99100,1.00,2.00,3.00,4.00,0.0154,0
2023-05-17 16:49:41,1684356582,12.9,19.5,99193,1.00,3.00,5.00,7.00,0.0150,0
2023-05-17 16:52:54,1684356775,12.5,20.8,99200,1e-7,2.00,3.00,4.00,0.0109,0
2023-05-17 16:59:58,1684357199,12.5,23.0,99200,1e-7,1.00,2.00,3.00,0.0121,0
2023-05-17 17:04:49,1684357489,12.9,23.4,99200,1e-7,2.00,3.00,4.00,0.0125,0
2023-05-17 17:09:58,1684357799,13.3,23.2,99200,1e-7,1.00,3.00,3.00,0.00995,0
2023-05-17 17:14:48,1684358089,13.2,23.0,99200,1e-7,5.00,10.0,12.0,0.00995,0
2023-05-17 17:19:58,1684358398,13.4,22.2,99200,1.00,3.00,5.00,6.00,0.0204,0
2023-05-17 17:24:48,1684358688,13.2,22.0,99200,1e-7,6.00,10.0,13.0,0.0204,0
2023-05-17 17:29:58,1684358998,12.8,22.7,99200,1e-7,2.00,4.00,4.00,0.0186,0
2023-05-17 17:34:47,1684359287,12.2,23.3,99200,1e-7,2.00,3.00,4.00,0.0127,0
2023-05-17 17:39:57,1684359597,12.0,23.5,99200,1.00,3.00,5.00,5.00,0.0109,0
2023-05-17 17:44:47,1684359888,11.8,24.0,99200,1.00,2.00,3.00,4.00,0.0102,0
2023-05-17 17:49:58,1684360198,11.5,24.0,99200,1e-7,2.00,3.00,4.00,0.0110,0
2023-05-17 17:54:49,1684360489,11.2,24.3,99200,1e-7,2.00,3.00,4.00,0.0110,0
2023-05-17 17:59:40,1684360781,11.1,24.2,99200,1.00,4.00,7.00,8.00,0.0118,0
2023-05-17 18:04:51,1684361092,11.3,23.9,99200,1e-7,2.00,4.00,4.00,0.0133,0
2023-05-17 18:09:42,1684361383,11.6,23.1,99200,1e-7,2.00,3.00,4.00,0.0167,0
2023-05-17 18:14:53,1684361694,11.8,22.9,99200,2.00,2.00,2.00,2.00,0.0117,0
2023-05-17 18:19:44,1684361985,11.8,22.9,99200,1.00,2.00,3.00,3.00,0.00995,0
2023-05-17 18:24:55,1684362295,11.7,22.7,99231,1e-7,2.00,3.00,4.00,0.00995,0
2023-05-17 18:29:46,1684362587,11.4,23.2,99273,1e-7,1e-7,1e-7,1e-7,0.00995,0
2023-05-17 18:34:57,1684362898,11.0,24.1,99300,1e-7,1.00,3.00,3.00,0.00995,0
2023-05-17 18:39:49,1684363190,10.5,28.5,99300,1e-7,2.00,4.00,4.00,0.00995,0
2023-05-17 18:44:41,1684363482,9.98,29.2,99300,1e-7,1e-7,1.00,1.00,0.00995,0
2023-05-17 18:49:53,1684363793,9.77,29.2,99300,1e-7,1e-7,1e-7,1e-7,0.00995,0
2023-05-17 18:54:45,1684364085,9.70,28.5,99300,1e-7,1e-7,1e-7,1e-7,0.00995,0
2023-05-17 18:59:57,1684364397,9.58,28.0,99300,1.00,4.00,6.00,8.00,0.0125,0
2023-05-17 19:04:49,1684364690,9.46,27.8,99300,1e-7,1e-7,1.00,1.00,0.0125,0
2023-05-17 19:09:42,1684364983,9.31,27.9,99300,1e-7,1.00,3.00,3.00,0.0121,0
2023-05-17 19:14:54,1684365295,9.17,28.0,99300,1e-7,3.00,6.00,7.00,0.0117,0
2023-05-17 19:19:47,1684365587,9.02,27.8,99300,1e-7,2.00,4.00,5.00,0.0120,0
2023-05-17 19:24:59,1684365899,8.89,28.0,99300,1e-7,1e-7,1e-7,1e-7,0.0120,0
2023-05-17 19:29:52,1684366192,8.78,28.0,99300,1.00,2.00,3.00,4.00,0.0100,0
2023-05-17 19:34:44,1684366485,8.67,27.9,99327,1e-7,1.00,3.00,3.00,0.00995,0
2023-05-17 19:39:57,1684366798,8.58,27.7,99400,1e-7,2.00,3.00,4.00,0.00995,0
2023-05-17 19:44:50,1684367091,8.49,27.9,99400,1e-7,2.00,3.00,4.00,0.00995,0
2023-05-17 19:49:42,1684367383,8.40,28.3,99400,1e-7,2.00,3.00,4.00,0.00995,0
2023-05-17 19:54:55,1684367696,8.28,29.0,99400,1.00,4.00,8.00,9.00,0.0123,0
2023-05-17 19:59:49,1684367989,7.99,31.2,99400,1e-7,4.00,7.00,8.00,0.0205,0
2023-05-17 20:04:42,1684368283,7.70,32.0,99400,1e-7,1e-7,1e-7,1e-7,0.0188,0
2023-05-17 20:09:55,1684368596,7.40,32.3,99400,1e-7,2.00,3.00,4.00,0.0280,0
2023-05-17 20:14:49,1684368890,7.11,32.2,99400,1e-7,1e-7,1e-7,1e-7,0.00995,0
2023-05-17 20:19:43,1684369184,6.87,32.6,99400,1e-7,4.00,6.00,8.00,0.00995,0
2023-05-17 20:24:57,1684369497,6.62,33.0,99413,1e-7,1e-7,1e-7,1e-7,0.0123,0
2023-05-17 20:29:51,1684369792,6.40,32.9,99460,1e-7,2.00,3.00,4.00,0.0123,0
2023-05-17 20:34:46,1684370086,6.19,32.9,99500,1e-7,1e-7,1e-7,1e-7,0.0123,0
2023-05-17 20:39:40,1684370381,5.91,33.8,99500,1e-7,2.00,3.00,4.00,0.00995,0
2023-05-17 20:44:55,1684370695,5.58,34.3,99500,1e-7,1e-7,1e-7,1e-7,0.00995,0
2023-05-17 20:49:49,1684370990,5.26,34.8,99500,1e-7,1.00,2.00,3.00,0.00995,0
2023-05-17 20:54:45,1684371285,4.94,35.1,99500,1e-7,1.00,2.00,3.00,0.00995,0
2023-05-17 20:59:59,1684371600,4.63,35.2,99500,1e-7,1e-7,1e-7,1e-7,0.00995,0
2023-05-17 21:04:55,1684371895,4.38,35.7,99500,1e-7,1e-7,1e-7,1e-7,0.00995,0
2023-05-17 21:09:51,1684372191,4.14,36.0,99500,1e-7,1e-7,1e-7,1e-7,0.00995,0
2023-05-17 21:14:46,1684372487,3.90,36.2,99500,1e-7,1e-7,1e-7,1e-7,0.00995,0
2023-05-17 21:19:42,1684372782,3.67,36.3,99600,1e-7,1e-7,1e-7,1e-7,0.00995,0
2023-05-17 21:24:57,1684373098,3.45,36.5,99600,1e-7,1e-7,1e-7,1e-7,0.00995,0
2023-05-17 21:29:53,1684373394,3.21,36.7,99600,1e-7,2.00,3.00,4.00,0.00995,0
2023-05-17 21:34:49,1684373690,2.98,37.6,99600,1e-7,1e-7,1e-7,1e-7,0.00995,0
2023-05-17 21:39:46,1684373986,2.80,37.7,99600,1e-7,1e-7,1e-7,1e-7,0.00995,0
2023-05-17 21:44:42,1684374282,2.63,38.0,99600,1e-7,1e-7,1e-7,1e-7,0.00995,0
2023-05-17 21:49:58,1684374599,2.49,38.4,99600,1e-7,1e-7,1e-7,1e-7,0.00995,0
2023-05-17 21:54:54,1684374895,2.33,39.4,99600,1e-7,1e-7,1e-7,1e-7,0.00995,0
2023-05-17 21:59:51,1684375191,2.20,39.5,99600,1e-7,1e-7,1e-7,1e-7,0.00995,0
2023-05-17 22:04:47,1684375488,2.06,40.2,99600,1e-7,1e-7,1e-7,1e-7,0.00995,0
2023-05-17 22:09:44,1684375784,2.00,40.9,99600,1e-7,1e-7,1e-7,1e-7,0.00995,0
2023-05-17 22:14:40,1684376081,2.02,40.4,99600,1e-7,1.00,2.00,3.00,0.00995,0
2023-05-17 22:19:57,1684376397,2.07,40.3,99600,1e-7,4.00,7.00,8.00,0.0120,0
2023-05-17 22:24:53,1684376694,2.12,41.2,99600,1e-7,2.00,3.00,4.00,0.0120,0
2023-05-17 22:29:50,1684376990,2.16,41.9,99600,1e-7,2.00,3.00,4.00,0.0108,0
2023-05-17 22:34:47,1684377287,2.16,42.2,99600,1e-7,2.00,3.00,4.00,0.00995,0
2023-05-17 22:39:43,1684377584,2.16,42.1,99660,1e-7,1e-7,1e-7,1e-7,0.00995,0
2023-05-17 22:44:59,1684377900,2.15,41.6,99663,1e-7,1e-7,1e-7,1e-7,0.00995,0
2023-05-17 22:49:56,1684378196,2.10,41.6,99700,1e-7,1e-7,1e-7,1e-7,0.00995,0
2023-05-17 22:54:53,1684378493,2.08,41.2,99700,1e-7,1.00,2.00,3.00,0.00995,0
2023-05-17 22:59:49,1684378790,2.02,41.2,99700,1e-7,1e-7,1e-7,1e-7,0.00995,0
2023-05-17 23:04:46,1684379086,1.93,41.2,99700,1e-7,1e-7,1e-7,1e-7,0.00995,0
2023-05-17 23:09:43,1684379383,1.82,41.5,99700,1e-7,1e-7,1e-7,1e-7,0.00995,0
2023-05-17 23:14:59,1684379700,1.68,41.9,99700,1e-7,1e-7,1e-7,1e-7,0.00995,0
2023-05-17 23:19:56,1684379997,1.60,41.5,99700,1e-7,1e-7,1e-7,1e-7,0.00995,0
2023-05-17 23:24:53,1684380293,1.71,40.7,99700,1e-7,1e-7,1e-7,1e-7,0.00995,0
2023-05-17 23:29:50,1684380590,1.88,40.3,99700,1.00,1.00,3.00,3.00,0.00995,0
2023-05-17 23:34:46,1684380887,2.00,39.8,99700,1.00,4.00,7.00,8.00,0.0168,0
2023-05-17 23:39:43,1684381183,2.08,40.4,99700,1e-7,2.00,3.00,4.00,0.0168,0
2023-05-17 23:44:59,1684381500,2.01,41.2,99700,1e-7,2.00,3.00,4.00,0.0154,0
2023-05-17 23:49:55,1684381796,1.81,41.5,99700,1e-7,1e-7,1e-7,1e-7,0.00995,0
2023-05-17 23:54:52,1684382093,1.62,41.8,99700,1e-7,1e-7,1e-7,1e-7,0.00995,0
2023-05-17 23:59:49,1684382390,1.49,41.7,99700,1e-7,3.00,5.00,7.00,0.0105,0
2023-05-18 00:04:46,1684382686,1.42,41.8,99700,1e-7,1e-7,1e-7,1e-7,0.0105,0
2023-05-18 00:09:43,1684382983,1.35,41.8,99700,1e-7,2.00,3.00,4.00,0.0105,0
2023-05-18 00:14:59,1684383300,1.26,42.1,99700,1e-7,1e-7,1e-7,1e-7,0.00995,0
2023-05-18 00:19:56,1684383597,1.18,42.3,99700,1e-7,1.00,2.00,3.00,0.00995,0
2023-05-18 00:24:53,1684383894,1.08,42.3,99700,1e-7,1e-7,1e-7,1e-7,0.00995,0
2023-05-18 00:29:50,1684384191,0.947,42.4,99700,1e-7,1e-7,1e-7,1e-7,0.00995,0
2023-05-18 00:34:48,1684384488,0.805,42.7,99700,1.00,3.00,5.00,6.00,0.0112,0
2023-05-18 00:39:45,1684384785,0.701,43.2,99700,1e-7,2.00,3.00,4.00,0.0123,0
2023-05-18 00:44:42,1684385083,0.640,42.7,99747,1e-7,1.00,2.00,3.00,0.0119,0
2023-05-18 00:49:59,1684385400,0.563,42.5,99800,1e-7,1e-7,1e-7,1e-7,0.0119,0
2023-05-18 00:54:57,1684385697,0.494,42.8,99800,1e-7,1.00,2.00,3.00,0.00995,0
2023-05-18 00:59:54,1684385995,0.432,43.3,99800,1e-7,2.00,3.00,4.00,0.00995,0
2023-05-18 01:04:52,1684386292,0.412,42.5,99800,1e-7,2.00,3.00,4.00,0.00995,0
2023-05-18 01:09:49,1684386590,0.450,41.6,99800,1e-7,1.00,3.00,3.00,0.00995,0
2023-05-18 01:14:47,1684386887,0.562,41.2,99800,1.00,2.00,3.00,3.00,0.00995,0
2023-05-18 01:19:44,1684387184,0.775,41.2,99800,1e-7,1.00,2.00,3.00,0.00995,0
2023-05-18 01:24:41,1684387482,1.08,41.1,99800,1e-7,2.00,3.00,4.00,0.00995,0
2023-05-18 01:29:58,1684387798,1.42,40.4,99800,1e-7,2.00,3.00,4.00,0.00995,0
2023-05-18 01:34:55,1684388095,1.82,39.7,99800,1e-7,2.00,3.00,4.00,0.00995,0
2023-05-18 01:39:51,1684388392,2.17,39.3,99800,1.00,1.00,2.00,2.00,0.00995,0
2023-05-18 01:44:48,1684388688,2.52,38.1,99800,1e-7,2.00,3.00,4.00,0.00995,0
2023-05-18 01:49:44,1684388985,2.83,37.9,99800,1e-7,1e-7,1e-7,1e-7,0.00995,0
2023-05-18 01:54:40,1684389281,3.09,37.1,99800,1e-7,1e-7,1e-7,1e-7,0.00995,0
2023-05-18 01:59:56,1684389597,3.31,37.7,99800,1e-7,1e-7,1e-7,1e-7,0.00995,0
2023-05-18 02:04:53,1684389893,3.44,37.8,99800,1e-7,3.00,5.00,6.00,0.00995,0
2023-05-18 02:09:49,1684390189,3.43,38.5,99800,1e-7,1e-7,1e-7,1e-7,0.0107,0
2023-05-18 02:14:45,1684390485,3.42,38.9,99800,1e-7,3.00,6.00,7.00,0.0107,0
2023-05-18 02:19:41,1684390781,3.38,39.7,99800,1e-7,3.00,5.00,6.00,0.0167,0
2023-05-18 02:24:56,1684391097,3.32,39.9,99800,1e-7,1e-7,1e-7,1e-7,0.0167,0
2023-05-18 02:29:53,1684391393,3.33,39.5,99800,1e-7,2.00,3.00,4.00,0.0177,0
2023-05-18 02:34:49,1684391689,3.35,39.5,99800,1e-7,1e-7,1e-7,1e-7,0.0111,0
2023-05-18 02:39:45,1684391985,3.39,39.7,99800,1e-7,2.00,3.00,4.00,0.00995,0
2023-05-18 02:44:41,1684392281,3.47,39.6,99800,1e-7,1e-7,1.00,1.00,0.00995,0
2023-05-18 02:49:57,1684392597,3.42,39.7,99800,1e-7,1e-7,1e-7,1e-7,0.00995,0
2023-05-18 02:54:53,1684392893,3.38,39.5,99800,1e-7,1.00,3.00,3.00,0.00995,0
2023-05-18 02:59:49,1684393189,3.39,40.1,99800,1e-7,1.00,2.00,3.00,0.00995,0
2023-05-18 03:04:45,1684393485,3.40,40.5,99800,1.00,2.00,3.00,4.00,0.00995,0
2023-05-18 03:09:41,1684393781,3.43,40.5,99800,1e-7,2.00,3.00,4.00,0.00995,0
2023-05-18 03:14:56,1684394097,3.50,40.2,99800,1e-7,1.00,1.00,1.00,0.00995,0
2023-05-18 03:19:52,1684394393,3.56,40.3,99800,1e-7,1.00,2.00,3.00,0.00995,0
2023-05-18 03:24:48,1684394689,3.62,40.5,99800,1e-7,1e-7,1e-7,1e-7,0.00995,0
2023-05-18 03:29:44,1684394985,3.65,40.9,99800,1e-7,2.00,3.00,4.00,0.00995,0
2023-05-18 03:34:40,1684395281,3.65,40.5,99800,1e-7,1.00,2.00,3.00,0.00995,0
2023-05-18 03:39:56,1684395597,3.69,39.3,99800,1e-7,2.00,4.00,4.00,0.00995,0
2023-05-18 03:44:52,1684395892,3.78,39.8,99800,1e-7,1e-7,1e-7,1e-7,0.00995,0
2023-05-18 03:49:48,1684396189,3.84,39.7,99800,1e-7,2.00,3.00,4.00,0.00995,0
2023-05-18 03:54:44,1684396485,3.88,39.6,99800,1e-7,1e-7,1e-7,1e-7,0.00995,0
2023-05-18 03:59:40,1684396780,3.93,39.6,99800,1e-7,1e-7,1e-7,1e-7,0.00995,0
2023-05-18 04:04:55,1684397096,3.97,40.0,99800,1e-7,1e-7,1e-7,1e-7,0.00995,0
2023-05-18 04:09:51,1684397392,3.98,40.0,99800,1e-7,2.00,3.00,4.00,0.00995,0
2023-05-18 04:14:47,1684397687,4.00,40.0,99807,1e-7,2.00,3.00,4.00,0.00995,0
2023-05-18 04:19:43,1684397983,3.99,40.2,99893,1e-7,1e-7,1e-7,1e-7,0.00995,0
2023-05-18 04:24:58,1684398298,4.00,39.7,99900,1e-7,4.00,7.00,9.00,0.0110,0
2023-05-18 04:29:54,1684398594,3.97,40.3,99900,1e-7,1e-7,1e-7,1e-7,0.0123,0
2023-05-18 04:34:49,1684398890,3.94,40.2,99900,1e-7,1e-7,1e-7,1e-7,0.0123,0
2023-05-18 04:39:49,1684399189,3.95,41.0,99900,1e-7,2.00,3.00,4.00,0.0123,0
2023-05-18 04:44:44,1684399485,3.99,41.7,99900,1e-7,1.00,1.00,1.00,0.00995,0
2023-05-18 04:49:40,1684399781,4.04,41.0,99900,1e-7,1e-7,1e-7,1e-7,0.00995,0
2023-05-18 04:54:56,1684400096,4.08,40.7,99900,1e-7,1e-7,1e-7,1e-7,0.00995,0
2023-05-18 04:59:51,1684400392,4.12,40.2,99900,1e-7,1e-7,1e-7,1e-7,0.00995,0
2023-05-18 05:04:47,1684400688,4.19,38.7,99900,1e-7,1.00,2.00,3.00,0.00995,0
2023-05-18 05:09:43,1684400983,4.30,38.2,99900,1e-7,2.00,3.00,4.00,0.00995,0
2023-05-18 05:14:58,1684401298,4.46,36.6,100000,1.00,3.00,4.00,4.00,0.0101,0
2023-05-18 05:19:53,1684401594,4.70,35.5,100000,1e-7,1e-7,1e-7,1e-7,0.0101,0
2023-05-18 05:24:48,1684401889,4.94,34.8,100000,1e-7,3.00,5.00,7.00,0.0100,0
2023-05-18 05:29:43,1684402184,5.17,34.1,100000,1e-7,2.00,3.00,4.00,0.0122,0
2023-05-18 05:34:58,1684402499,5.35,33.6,100000,1e-7,2.00,3.00,4.00,0.0122,0
2023-05-18 05:39:53,1684402793,5.49,33.1,100000,1e-7,1e-7,1e-7,1e-7,0.0122,0
2023-05-18 05:44:48,1684403088,5.62,32.6,100000,1e-7,1e-7,1e-7,1e-7,0.00995,0
2023-05-18 05:49:42,1684403382,5.73,31.9,100000,1e-7,1e-7,1e-7,1e-7,0.00995,0
2023-05-18 05:54:17,1684403657,5.83,31.8,100000,1e-7,1e-7,1e-7,1e-7,0.00995,0
2023-05-18 08:44:50,1684413891,14.6,20.3,100300,1e-7,2.00,3.00,4.00,,
2023-05-18 08:49:57,1684414198,15.4,19.3,100294,1.00,2.00,3.00,4.00,,
2023-05-18 08:54:45,1684414485,15.8,18.9,100300,1.00,3.00,6.00,8.00,0.00995,0
2023-05-18 08:59:51,1684414792,16.0,18.5,100300,1.00,2.00,3.00,4.00,0.0157,0
2023-05-18 09:04:58,1684415099,15.9,18.3,100300,1.00,3.00,6.00,8.00,0.0198,0
2023-05-18 09:08:29,1684415309,16.1,17.8,100300,1e-7,1.00,2.00,3.00,0.0239,0
2023-05-18 09:49:44,1684417784,16.1,16.4,100244,2.00,7.00,11.0,13.0,,
2023-05-18 09:54:50,1684418091,16.3,16.3,100200,2.00,3.00,4.00,4.00,,
2023-05-18 09:59:56,1684418396,16.8,16.3,100200,1.00,3.00,6.00,8.00,,
2023-05-18 10:04:43,1684418683,17.3,16.1,100213,1.00,2.00,3.00,4.00,0.0134,0
2023-05-18 10:09:48,1684418989,17.8,15.8,100231,1.00,2.00,3.00,4.00,0.0208,0
2023-05-18 10:14:54,1684419294,18.2,15.4,100244,2.00,3.00,4.00,4.00,0.0141,0
2023-05-18 10:19:59,1684419600,18.1,15.3,100263,1.00,4.00,6.00,8.00,0.0155,0
2023-05-18 10:24:26,1684419866,18.1,15.4,100264,1.00,3.00,4.00,4.00,0.0152,0
2023-05-18 10:34:46,1684420487,18.9,14.2,100300,1.00,3.00,6.00,8.00,0.0130,0
2023-05-18 10:39:53,1684420793,17.8,14.7,100300,1.00,5.00,9.00,11.0,0.0549,0
2023-05-18 10:44:59,1684421100,16.7,15.7,100300,1.00,3.00,5.00,6.00,0.0689,0
2023-05-18 10:45:18,1684421119,16.1,15.7,100300,1.00,7.00,12.0,14.0,0.0477,0
2023-05-18 10:59:55,1684421996,15.2,16.6,100300,1.00,2.00,3.00,4.00,0.0540,0
2023-05-18 11:04:05,1684422246,15.3,17.2,100300,2.00,5.00,9.00,11.0,0.0447,0
2023-05-18 11:14:59,1684422899,17.1,16.5,100300,1e-7,1.00,1.00,2.00,0.0447,0
2023-05-18 11:19:46,1684423187,17.1,15.3,100300,1e-7,4.00,6.00,8.00,0.0313,0
2023-05-18 11:24:54,1684423494,16.8,15.0,100294,1.00,2.00,3.00,4.00,0.0313,0
2023-05-18 11:29:42,1684423782,16.3,15.9,100300,1.00,2.00,3.00,4.00,0.0187,0
2023-05-18 11:34:49,1684424089,16.9,16.2,100231,3.00,14.0,23.0,27.0,0.0122,0
2023-05-18 11:38:39,1684424319,17.2,15.3,100200,4.00,11.0,17.0,19.0,0.171,0
2023-05-18 11:44:54,1684424695,16.4,15.8,100200,1.00,2.00,3.00,4.00,0.193,0
2023-05-18 11:49:42,1684424983,16.8,16.0,100233,1.00,3.00,5.00,7.00,0.193,0
2023-05-18 11:54:49,1684425290,17.1,15.6,100200,1.00,3.00,5.00,6.00,0.173,0
2023-05-18 11:58:19,1684425500,17.0,15.8,100200,2.00,5.00,8.00,10.0,0.0105,0
2023-05-18 12:04:42,1684425882,15.7,16.9,100200,1.00,1.00,1.00,2.00,0.0241,0
2023-05-18 12:09:49,1684426190,16.0,17.2,100200,1.00,3.00,5.00,7.00,0.0214,0
2023-05-18 12:14:56,1684426497,16.5,17.4,100200,1.00,2.00,3.00,4.00,0.0176,0
2023-05-18 12:17:29,1684426650,16.9,17.0,100200,1.00,6.00,10.0,12.0,0.0120,0
2023-05-18 12:24:58,1684427099,16.8,16.4,100200,1.00,4.00,6.00,7.00,0.0130,0
2023-05-18 12:29:46,1684427387,16.8,16.4,100200,1.00,2.00,2.00,3.00,0.0179,0
2023-05-18 12:31:42,1684427502,16.7,16.4,100200,1.00,3.00,4.00,5.00,0.0210,0
2023-05-18 12:39:43,1684427984,16.3,16.7,100200,1.00,5.00,8.00,10.0,0.0210,0
2023-05-18 12:44:50,1684428291,16.2,16.9,100200,1.00,6.00,10.0,12.0,0.0264,0
2023-05-18 12:49:57,1684428598,17.2,16.5,100200,1.00,4.00,6.00,7.00,0.0221,0
2023-05-18 12:54:50,1684428891,17.5,16.1,100200,1.00,6.00,10.0,12.0,0.0133,0
2023-05-18 12:59:57,1684429197,17.4,15.5,100200,2.00,5.00,9.00,11.0,0.0194,0
2023-05-18 13:04:45,1684429485,16.6,16.8,100200,2.00,3.00,5.00,6.00,0.0108,0
2023-05-18 13:08:15,1684429696,16.5,17.1,100200,1e-7,2.00,4.00,5.00,0.0108,0
2023-05-18 13:14:54,1684430095,16.9,16.1,100200,2.00,2.00,3.00,4.00,0.0104,0
2023-05-18 13:19:42,1684430382,16.7,16.5,100200,1.00,2.00,4.00,4.00,0.0219,0
2023-05-18 13:24:49,1684430689,16.4,17.0,100200,2.00,4.00,6.00,8.00,0.0121,0
2023-05-18 13:29:48,1684430988,16.2,17.6,100200,2.00,9.00,14.0,17.0,0.0104,0
2023-05-18 13:34:55,1684431296,16.2,17.3,100200,1.00,3.00,5.00,6.00,0.0154,0
2023-05-18 13:39:44,1684431584,16.6,16.6,100200,1.00,2.00,3.00,4.00,0.0188,0
2023-05-18 13:44:31,1684431872,16.6,16.5,100200,11.0,46.0,73.0,88.0,0.0803,0
2023-05-18 13:49:47,1684432188,17.6,15.9,100200,4.00,17.0,27.0,33.0,0.159,0
2023-05-18 13:54:55,1684432495,17.4,15.9,100200,1.00,3.00,4.00,4.00,0.159,0
2023-05-18 13:59:43,1684432783,17.1,16.1,100200,2.00,3.00,5.00,6.00,0.180,0
2023-05-18 14:02:16,1684432936,17.0,16.6,100200,1.00,6.00,11.0,13.0,0.0345,0
2023-05-18 14:09:47,1684433387,17.3,16.3,100200,1.00,4.00,6.00,7.00,0.0289,0
2023-05-18 14:14:54,1684433694,17.7,16.0,100200,1.00,3.00,6.00,7.00,0.0350,0
2023-05-18 14:19:22,1684433962,18.0,15.2,100200,1.00,3.00,4.00,4.00,0.0350,0
2023-05-18 14:24:47,1684434288,18.3,15.2,100200,1e-7,2.00,3.00,4.00,0.0115,0
2023-05-18 14:29:54,1684434594,18.3,15.1,100200,1.00,4.00,7.00,9.00,0.0144,0
2023-05-18 14:34:42,1684434882,18.1,15.4,100200,2.00,3.00,5.00,6.00,0.0156,0
2023-05-18 14:35:00,1684434901,18.4,15.5,100200,1.00,1.00,2.00,2.00,0.0121,0
2023-05-18 14:44:55,1684435496,18.3,15.1,100200,2.00,3.00,6.00,8.00,0.0137,0
2023-05-18 14:49:43,1684435783,18.1,15.3,100200,1.00,4.00,7.00,9.00,0.0102,0
2023-05-18 14:53:32,1684436013,18.2,15.8,100200,2.00,2.00,3.00,4.00,0.0110,0
2023-05-18 14:59:58,1684436398,18.7,15.0,100200,1e-7,1.00,1.00,1.00,0.0114,0
2023-05-18 15:04:45,1684436686,19.0,14.8,100167,3.00,4.00,6.00,6.00,0.0114,0
2023-05-18 15:09:51,1684436992,19.6,14.1,100100,2.00,3.00,5.00,6.00,0.0111,0
2023-05-18 15:11:07,1684437068,19.7,13.5,100100,1.00,1.00,2.00,3.00,0.00921,0
2023-05-18 15:19:46,1684437586,19.4,14.7,100100,2.00,2.00,3.00,4.00,0.0106,0
2023-05-18 15:24:52,1684437892,19.4,14.3,100100,4.00,4.00,4.00,4.00,0.0101,0
2023-05-18 15:28:41,1684438121,19.1,14.3,100100,2.00,2.00,3.00,4.00,0.0109,0
2023-05-18 15:34:43,1684438484,19.0,14.5,100100,1.00,3.00,5.00,6.00,0.0110,0
2023-05-18 15:39:49,1684438790,19.1,14.3,100100,1.00,2.00,3.00,4.00,0.0110,0
2023-05-18 15:44:55,1684439096,19.8,14.5,100100,1.00,4.00,7.00,8.00,0.0107,0
2023-05-18 15:48:25,1684439305,20.0,14.6,100100,1.00,2.00,3.00,4.00,0.0117,0
2023-05-18 15:54:56,1684439696,19.7,15.5,100100,1.00,4.00,7.00,9.00,0.0117,0
2023-05-18 15:59:43,1684439983,19.1,15.9,100100,1.00,5.00,9.00,10.0,0.0222,0
2023-05-18 16:04:48,1684440289,19.1,16.2,100100,1.00,3.00,5.00,6.00,0.0142,0
2023-05-18 16:09:43,1684440584,19.7,16.0,100100,2.00,2.00,4.00,4.00,0.0197,0
2023-05-18 16:14:49,1684440890,19.7,16.0,100100,2.00,3.00,4.00,5.00,0.0197,0
2023-05-18 16:19:55,1684441196,20.1,15.9,100100,1.00,2.00,3.00,4.00,0.0108,0
2023-05-18 16:21:11,1684441271,20.5,15.4,100100,2.00,2.00,3.00,3.00,0.0108,0
2023-05-18 16:29:46,1684441786,20.0,15.9,100100,1.00,3.00,6.00,7.00,0.0119,0
2023-05-18 16:34:52,1684442092,19.6,16.3,100100,2.00,7.00,12.0,14.0,0.0303,0
2023-05-18 16:39:38,1684442378,19.2,16.9,100100,2.00,8.00,14.0,17.0,0.0324,0
2023-05-18 16:44:42,1684442682,18.9,17.7,100100,1.00,3.00,3.00,4.00,0.00444,0
2023-05-18 16:49:48,1684442988,18.6,17.7,100100,2.00,5.00,8.00,9.00,0.0139,0
2023-05-18 16:54:54,1684443295,18.8,17.8,100100,4.00,4.00,6.00,7.00,0.0363,0
2023-05-18 16:59:02,1684443542,18.7,17.8,100100,1.00,3.00,4.00,4.00,0.0272,0
2023-05-18 17:04:55,1684443895,18.1,18.7,100100,1.00,4.00,6.00,8.00,0.0124,0
2023-05-18 17:09:42,1684444183,18.1,18.9,100100,1.00,3.00,6.00,8.00,0.0167,0
2023-05-18 17:14:48,1684444488,18.3,18.6,100100,2.00,6.00,10.0,12.0,0.0150,0
2023-05-18 17:19:45,1684444785,18.2,18.3,100100,2.00,2.00,3.00,4.00,0.0178,0
2023-05-18 17:24:51,1684445092,18.2,18.5,100100,1.00,3.00,4.00,5.00,0.0207,0
2023-05-18 17:29:58,1684445399,18.2,18.1,100100,2.00,6.00,11.0,13.0,0.0309,0
2023-05-18 17:32:31,1684445551,18.2,18.1,100100,2.00,2.00,3.00,4.00,0.0309,0
2023-05-18 17:39:46,1684445987,17.8,18.4,100100,2.00,3.00,5.00,5.00,0.0227,0
2023-05-18 17:44:53,1684446294,17.7,18.1,100100,2.00,3.00,5.00,6.00,0.0227,0
2023-05-18 17:49:41,1684446582,17.3,18.5,100100,2.00,4.00,7.00,8.00,0.0125,0
2023-05-18 17:54:48,1684446889,16.9,19.4,100100,2.00,4.00,6.00,8.00,0.0215,0
2023-05-18 17:59:56,1684447196,16.6,19.4,100100,2.00,6.00,10.0,12.0,0.0215,0
2023-05-18 18:04:44,1684447485,16.8,18.7,100100,1.00,3.00,4.00,5.00,0.0119,0
2023-05-18 18:09:52,1684447792,16.8,18.7,100100,3.00,4.00,6.00,8.00,0.0135,0
2023-05-18 18:14:59,1684448100,16.8,18.5,100100,3.00,5.00,8.00,9.00,0.0305,0
2023-05-18 18:19:48,1684448388,16.9,18.8,100100,2.00,3.00,4.00,5.00,0.0261,0
2023-05-18 18:24:56,1684448696,16.7,18.5,100100,4.00,4.00,6.00,7.00,0.0211,0
2023-05-18 18:29:44,1684448985,16.4,18.8,100100,3.00,3.00,4.00,4.00,0.0126,0
2023-05-18 18:34:52,1684449293,16.4,18.8,100100,3.00,5.00,7.00,7.00,0.0135,0
2023-05-18 18:39:41,1684449582,16.4,18.8,100100,2.00,6.00,9.00,10.0,0.0228,0
2023-05-18 18:44:49,1684449890,16.4,18.6,100100,2.00,4.00,6.00,7.00,0.0231,0
2023-05-18 18:49:57,1684450198,16.4,18.7,100100,2.00,3.00,5.00,6.00,0.0166,0
2023-05-18 18:54:46,1684450487,16.5,18.5,100100,2.00,3.00,6.00,7.00,0.0143,0
2023-05-18 18:59:54,1684450795,16.3,18.4,100100,2.00,7.00,12.0,14.0,0.0158,0
2023-05-18 19:04:43,1684451084,16.2,18.4,100100,2.00,6.00,10.0,13.0,0.0273,0
2023-05-18 19:09:52,1684451392,16.0,18.6,100100,2.00,3.00,4.00,5.00,0.0184,0
2023-05-18 19:14:42,1684451682,15.8,18.7,100173,3.00,4.00,4.00,5.00,0.0156,0
2023-05-18 19:19:50,1684451991,15.7,19.2,100200,2.00,8.00,12.0,14.0,0.0100,0
2023-05-18 19:24:59,1684452299,15.8,19.5,100200,2.00,4.00,6.00,8.00,0.0267,0
2023-05-18 19:29:48,1684452589,15.7,19.9,100200,3.00,3.00,5.00,6.00,0.0310,0
2023-05-18 19:34:57,1684452898,15.5,20.3,100200,2.00,3.00,5.00,6.00,0.0223,0
2023-05-18 19:39:47,1684453187,15.4,20.7,100200,2.00,2.00,3.00,4.00,0.0186,0
2023-05-18 19:44:56,1684453496,15.3,21.1,100200,2.00,4.00,5.00,6.00,0.0108,0
2023-05-18 19:49:45,1684453786,15.1,21.5,100200,2.00,5.00,8.00,10.0,0.0273,0
2023-05-18 19:54:54,1684454095,15.1,21.7,100200,2.00,5.00,8.00,9.00,0.0250,0
2023-05-18 19:59:44,1684454385,15.0,22.1,100200,2.00,8.00,13.0,16.0,0.0377,0
2023-05-18 20:04:54,1684454694,14.8,22.5,100200,1.00,4.00,6.00,8.00,0.0377,0
2023-05-18 20:09:44,1684454984,14.7,22.7,100200,2.00,10.0,17.0,21.0,0.0354,0
2023-05-18 20:14:53,1684455294,14.5,23.2,100200,1.00,3.00,4.00,4.00,0.0250,0
2023-05-18 20:19:43,1684455584,14.3,23.5,100200,1.00,2.00,3.00,3.00,0.0430,0
2023-05-18 20:24:53,1684455893,14.1,23.7,100200,1.00,2.00,3.00,3.00,0.0337,0
2023-05-18 20:29:43,1684456184,13.9,24.2,100200,2.00,2.00,3.00,3.00,0.00995,0
2023-05-18 20:34:53,1684456494,13.6,24.8,100200,1.00,4.00,7.00,8.00,0.0196,0
2023-05-18 20:39:44,1684456785,13.3,25.3,100200,1.00,5.00,8.00,10.0,0.0387,0
2023-05-18 20:44:54,1684457095,13.0,25.5,100200,2.00,3.00,4.00,5.00,0.0219,0
2023-05-18 20:49:45,1684457386,12.7,25.9,100200,1.00,2.00,3.00,4.00,0.0321,0
2023-05-18 20:54:56,1684457697,12.3,26.8,100200,2.00,4.00,5.00,6.00,0.0154,0
2023-05-18 20:59:47,1684457988,11.9,27.2,100200,1e-7,2.00,3.00,4.00,0.0113,0
2023-05-18 21:04:58,1684458299,11.6,27.5,100200,1e-7,2.00,3.00,4.00,0.0107,0
2023-05-18 21:09:50,1684458591,11.3,27.9,100200,1e-7,3.00,5.00,6.00,0.0114,0
2023-05-18 21:14:42,1684458882,11.1,28.4,100200,1.00,2.00,3.00,4.00,0.0114,0
2023-05-18 21:19:53,1684459194,10.8,29.0,100200,1e-7,2.00,3.00,4.00,0.0102,0
2023-05-18 21:24:45,1684459486,10.5,29.4,100200,1e-7,2.00,3.00,4.00,0.0102,0
2023-05-18 21:29:57,1684459798,10.1,30.0,100200,1.00,2.00,3.00,4.00,0.00995,0
2023-05-18 21:34:50,1684460090,9.73,30.6,100200,1.00,2.00,4.00,4.00,0.00995,0
2023-05-18 21:39:43,1684460383,9.38,30.8,100213,1.00,2.00,3.00,4.00,0.00995,0
2023-05-18 21:44:55,1684460696,9.10,31.6,100300,1e-7,2.00,4.00,5.00,0.00995,0
2023-05-18 21:49:48,1684460989,8.83,32.1,100300,1e-7,1.00,2.00,3.00,0.0101,0
2023-05-18 21:54:41,1684461282,8.56,33.3,100300,1e-7,1.00,1.00,1.00,0.0101,0
2023-05-18 21:59:54,1684461595,8.29,33.2,100300,1.00,2.00,3.00,4.00,0.0101,0
2023-05-18 22:04:48,1684461888,8.06,33.1,100300,1e-7,2.00,4.00,4.00,0.00995,0
2023-05-18 22:09:41,1684462182,7.85,33.5,100300,1.00,2.00,3.00,4.00,0.00995,0
2023-05-18 22:14:55,1684462495,7.58,34.1,100300,2.00,5.00,7.00,8.00,0.00995,0
2023-05-18 22:19:48,1684462789,7.35,34.3,100300,1e-7,1.00,1.00,1.00,0.0127,0
2023-05-18 22:24:42,1684463083,7.17,34.4,100300,1.00,4.00,6.00,8.00,0.0140,0
2023-05-18 22:29:56,1684463397,7.00,35.2,100300,1e-7,1e-7,1e-7,1e-7,0.0141,0
2023-05-18 22:34:50,1684463691,6.81,36.5,100300,1e-7,1e-7,1e-7,1e-7,0.0141,0
2023-05-18 22:39:45,1684463985,6.65,36.3,100300,1e-7,2.00,3.00,4.00,0.00995,0
2023-05-18 22:44:58,1684464299,6.52,35.9,100300,1e-7,2.00,3.00,4.00,0.00995,0
2023-05-18 22:49:53,1684464593,6.35,36.6,100300,1e-7,2.00,3.00,4.00,0.00995,0
2023-05-18 22:54:47,1684464888,6.15,37.9,100300,1.00,2.00,3.00,4.00,0.00995,0
2023-05-18 22:59:42,1684465183,5.98,38.5,100300,1.00,2.00,3.00,3.00,0.00995,0
2023-05-18 23:04:57,1684465497,5.85,38.4,100300,1.00,2.00,3.00,4.00,0.00995,0
2023-05-18 23:09:51,1684465792,5.75,38.5,100300,1e-7,3.00,5.00,6.00,0.0108,0
2023-05-18 23:14:46,1684466086,5.61,39.3,100300,1.00,2.00,3.00,4.00,0.0115,0
2023-05-18 23:19:41,1684466381,5.49,39.1,100300,1e-7,4.00,7.00,8.00,0.0140,0
2023-05-18 23:24:55,1684466696,5.37,38.4,100300,1e-7,2.00,3.00,4.00,0.0140,0
2023-05-18 23:29:50,1684466991,5.26,39.5,100300,1e-7,2.00,4.00,4.00,0.0131,0
2023-05-18 23:34:45,1684467286,5.14,39.3,100300,1e-7,2.00,3.00,4.00,0.0122,0
2023-05-18 23:39:40,1684467581,5.05,39.7,100300,1e-7,2.00,3.00,4.00,0.00995,0
2023-05-18 23:44:55,1684467895,4.94,40.3,100300,1e-7,2.00,3.00,4.00,0.00995,0
2023-05-18 23:49:50,1684468191,4.86,40.9,100300,1e-7,2.00,3.00,4.00,0.00995,0
2023-05-18 23:54:45,1684468486,4.81,40.1,100300,1.00,3.00,4.00,5.00,0.00995,0
2023-05-18 23:59:41,1684468782,4.75,40.2,100300,1.00,2.00,3.00,4.00,0.0107,0
2023-05-19 00:04:56,1684469097,4.70,40.4,100300,2.00,2.00,2.00,3.00,0.0107,0
2023-05-19 00:09:52,1684469392,4.67,40.6,100300,1.00,2.00,3.00,4.00,0.0104,0
2023-05-19 00:14:47,1684469687,4.66,40.2,100300,1e-7,2.00,3.00,4.00,0.00995,0
2023-05-19 00:19:42,1684469983,4.60,40.8,100300,1.00,3.00,5.00,7.00,0.0132,0
2023-05-19 00:24:58,1684470298,4.52,40.4,100300,1e-7,2.00,3.00,4.00,0.0134,0
2023-05-19 00:29:53,1684470593,4.48,40.1,100300,1e-7,1.00,3.00,3.00,0.0134,0
2023-05-19 00:34:48,1684470889,4.49,40.2,100300,1e-7,2.00,4.00,4.00,0.0114,0
2023-05-19 00:39:44,1684471184,4.52,40.5,100300,1e-7,1.00,2.00,3.00,0.00995,0
2023-05-19 00:44:59,1684471499,4.60,40.6,100300,1e-7,2.00,3.00,4.00,0.00995,0
2023-05-19 00:49:54,1684471795,4.66,41.3,100300,1e-7,4.00,7.00,8.00,0.00995,0
2023-05-19 00:54:50,1684472090,4.66,41.1,100300,1e-7,1e-7,1e-7,1e-7,0.0106,0
2023-05-19 00:59:45,1684472385,4.62,40.9,100300,1e-7,2.00,4.00,4.00,0.0117,0
2023-05-19 01:04:40,1684472681,4.58,41.1,100300,1e-7,2.00,3.00,4.00,0.0106,0
2023-05-19 01:09:56,1684472996,4.55,41.5,100300,1e-7,1.00,3.00,3.00,0.00995,0
2023-05-19 01:14:51,1684473292,4.50,41.6,100300,1e-7,3.00,6.00,7.00,0.0120,0
2023-05-19 01:19:46,1684473587,4.48,42.4,100287,1.00,2.00,3.00,4.00,0.0120,0
2023-05-19 01:24:42,1684473882,4.46,42.2,100267,1e-7,3.00,5.00,6.00,0.0110,0
2023-05-19 01:29:57,1684474197,4.45,42.1,100238,1e-7,1.00,3.00,3.00,0.0108,0
2023-05-19 01:34:52,1684474493,4.42,41.7,100200,1e-7,2.00,3.00,4.00,0.0115,0
2023-05-19 01:39:48,1684474789,4.39,41.7,100200,1e-7,1.00,3.00,3.00,0.0115,0
2023-05-19 01:44:44,1684475085,4.30,42.2,100200,1.00,3.00,5.00,7.00,0.0116,0
2023-05-19 01:49:41,1684475381,4.22,43.0,100200,1e-7,2.00,3.00,4.00,0.0116,0
2023-05-19 01:54:56,1684475696,4.19,43.5,100200,1e-7,2.00,3.00,4.00,0.0111,0
2023-05-19 01:59:51,1684475992,4.19,43.4,100200,1e-7,2.00,3.00,4.00,0.0116,0
2023-05-19 02:04:47,1684476288,4.20,43.2,100233,1e-7,4.00,6.00,8.00,0.0133,0
2023-05-19 02:09:43,1684476583,4.16,42.9,100247,1.00,2.00,3.00,4.00,0.0128,0
2023-05-19 02:14:58,1684476899,4.08,42.5,100269,1e-7,3.00,5.00,6.00,0.0128,0
2023-05-19 02:19:54,1684477194,4.01,42.5,100200,1.00,2.00,3.00,4.00,0.0116,0
2023-05-19 02:24:49,1684477490,3.92,42.4,100200,1e-7,2.00,3.00,4.00,0.0116,0
2023-05-19 02:29:45,1684477786,3.86,42.5,100200,1e-7,2.00,3.00,4.00,0.0112,0
2023-05-19 02:34:41,1684478082,3.77,43.0,100200,1.00,2.00,3.00,4.00,0.00995,0
2023-05-19 02:39:57,1684478397,3.67,43.0,100200,1e-7,2.00,3.00,4.00,0.00995,0
2023-05-19 02:44:53,1684478693,3.57,43.0,100200,1e-7,1e-7,1e-7,1e-7,0.00995,0
2023-05-19 02:49:49,1684478989,3.49,43.2,100200,1.00,5.00,8.00,10.0,0.00995,0
2023-05-19 02:54:45,1684479285,3.41,43.2,100200,1.00,3.00,6.00,7.00,0.0124,0
2023-05-19 02:59:41,1684479582,3.32,43.4,100200,1e-7,2.00,3.00,4.00,0.0124,0
2023-05-19 03:04:57,1684479898,3.26,43.6,100200,1e-7,2.00,3.00,4.00,0.0124,0
2023-05-19 03:09:53,1684480194,3.17,44.6,100200,1.00,2.00,3.00,4.00,0.0117,0
2023-05-19 03:14:49,1684480490,3.10,44.4,100200,1e-7,1e-7,1e-7,1e-7,0.00995,0
2023-05-19 03:19:45,1684480786,3.04,44.7,100200,1e-7,2.00,4.00,4.00,0.00995,0
2023-05-19 03:24:42,1684481082,2.98,44.8,100200,1.00,2.00,3.00,4.00,0.00995,0
2023-05-19 03:29:58,1684481398,2.95,45.4,100200,1.00,2.00,3.00,4.00,0.00995,0
2023-05-19 03:34:54,1684481694,2.93,44.8,100200,1e-7,2.00,3.00,4.00,0.00995,0
2023-05-19 03:39:50,1684481990,2.90,44.6,100200,2.00,6.00,9.00,11.0,0.00995,0
2023-05-19 03:44:46,1684482286,2.87,45.7,100200,1e-7,2.00,3.00,4.00,0.0139,0
2023-05-19 03:49:42,1684482583,2.88,47.3,100200,1e-7,2.00,3.00,4.00,0.0158,0
2023-05-19 03:54:58,1684482899,2.93,45.4,100200,1e-7,3.00,5.00,6.00,0.0138,0
2023-05-19 03:59:54,1684483195,2.92,44.8,100200,1e-7,4.00,7.00,8.00,0.0111,0
2023-05-19 04:04:50,1684483491,2.91,44.8,100227,1e-7,2.00,3.00,4.00,0.0107,0
2023-05-19 04:09:47,1684483787,2.88,44.8,100200,1e-7,2.00,3.00,4.00,0.0125,0
2023-05-19 04:14:43,1684484083,2.87,45.0,100200,1e-7,2.00,3.00,4.00,0.0120,0
2023-05-19 04:19:59,1684484399,2.85,45.1,100200,1.00,2.00,3.00,4.00,0.00995,0
2023-05-19 04:24:55,1684484696,2.83,44.7,100200,1e-7,2.00,3.00,4.00,0.00995,0
2023-05-19 04:29:52,1684484992,2.80,45.0,100200,1e-7,1.00,2.00,3.00,0.00995,0
2023-05-19 04:34:48,1684485288,2.76,45.0,100200,1e-7,2.00,3.00,4.00,0.00995,0
2023-05-19 04:39:44,1684485585,2.73,45.8,100200,1.00,4.00,8.00,9.00,0.00995,0
2023-05-19 04:44:40,1684485881,2.72,45.4,100200,1e-7,1.00,2.00,3.00,0.0113,0
2023-05-19 04:49:57,1684486197,2.75,45.4,100200,1e-7,2.00,3.00,4.00,0.0141,0
2023-05-19 04:54:53,1684486493,2.77,44.9,100200,1e-7,1e-7,1e-7,1e-7,0.0149,0
2023-05-19 04:59:49,1684486790,2.80,44.7,100200,1.00,2.00,3.00,4.00,0.00995,0
2023-05-19 05:04:45,1684487086,2.83,44.6,100200,1e-7,1e-7,1e-7,1e-7,0.00995,0
2023-05-19 05:09:42,1684487382,2.89,45.2,100200,1e-7,1e-7,1e-7,1e-7,0.00995,0
2023-05-19 05:14:57,1684487697,2.95,46.3,100200,1e-7,2.00,4.00,4.00,0.00995,0
2023-05-19 05:19:53,1684487994,3.03,46.0,100200,1e-7,2.00,3.00,4.00,0.00995,0
2023-05-19 05:24:49,1684488290,3.15,45.7,100200,1e-7,1.00,2.00,3.00,0.00995,0
2023-05-19 05:29:45,1684488586,3.28,45.8,100200,2.00,4.00,5.00,6.00,0.0108,0
2023-05-19 05:34:41,1684488882,3.40,45.5,100200,1e-7,2.00,3.00,4.00,0.0115,0
2023-05-19 05:39:57,1684489197,3.53,44.9,100200,1.00,3.00,6.00,8.00,0.0120,0
2023-05-19 05:44:52,1684489493,3.63,44.7,100200,1e-7,3.00,5.00,6.00,0.0116,0
2023-05-19 05:49:48,1684489788,3.75,44.8,100200,1e-7,1.00,1.00,1.00,0.0139,0
2023-05-19 05:54:43,1684490084,3.87,45.3,100200,1e-7,2.00,3.00,4.00,0.0139,0
2023-05-19 05:59:58,1684490399,3.95,45.8,100200,1.00,3.00,5.00,6.00,0.00995,0
2023-05-19 06:04:54,1684490694,4.07,45.5,100200,1e-7,4.00,7.00,8.00,0.0144,0
2023-05-19 06:06:13,1684490773,4.16,45.1,100200,1e-7,1.00,3.00,3.00,0.0141,0
2023-05-19 06:29:44,1684492184,4.85,45.0,100200,1e-7,3.00,5.00,6.00,,
2023-05-19 06:34:58,1684492499,4.95,45.2,100200,1.00,5.00,8.00,10.0,,
2023-05-19 06:39:53,1684492793,5.03,44.5,100200,1.00,2.00,3.00,4.00,0.0124,0
2023-05-19 06:44:47,1684493088,5.21,44.3,100200,2.00,2.00,4.00,4.00,0.0183,0
2023-05-19 06:49:42,1684493382,5.43,44.6,100200,1.00,5.00,7.00,9.00,0.0143,0
2023-05-19 06:54:55,1684493696,5.66,44.4,100200,1.00,2.00,3.00,4.00,0.0134,0
2023-05-19 06:59:50,1684493990,5.93,44.2,100200,1e-7,3.00,5.00,6.00,0.0123,0
2023-05-19 07:04:43,1684494284,6.25,44.2,100200,2.00,4.00,6.00,7.00,0.0126,0
2023-05-19 07:09:57,1684494597,6.57,44.4,100200,1.00,2.00,3.00,4.00,0.0126,0
2023-05-19 07:14:50,1684494891,6.73,43.8,100200,1.00,4.00,7.00,9.00,0.0149,0
2023-05-19 07:19:43,1684495184,6.95,43.2,100200,1e-7,2.00,3.00,4.00,0.0189,0
2023-05-19 07:24:56,1684495496,7.35,43.0,100200,1e-7,2.00,3.00,4.00,0.0224,0
2023-05-19 07:29:49,1684495789,7.82,43.4,100200,2.00,2.00,3.00,4.00,0.0150,0
2023-05-19 07:34:42,1684496082,8.24,43.2,100200,1e-7,1.00,2.00,3.00,0.00995,0
2023-05-19 07:39:54,1684496394,8.58,42.9,100200,1.00,4.00,6.00,8.00,0.00995,0
2023-05-19 07:44:46,1684496687,8.85,42.1,100200,1.00,2.00,3.00,4.00,0.0157,0
2023-05-19 07:45:45,1684496745,9.04,42.0,100200,1e-7,2.00,3.00,4.00,0.0142,0
2023-05-19 08:54:51,1684500892,18.5,25.2,100200,1.00,2.00,3.00,3.00,,
2023-05-19 08:59:57,1684501197,18.8,24.5,100125,1.00,2.00,3.00,4.00,,
2023-05-19 09:04:43,1684501484,19.4,23.2,100100,1.00,4.00,7.00,9.00,,
2023-05-19 09:05:40,1684501541,19.6,22.6,100100,1e-7,1e-7,1e-7,1e-7,,
2023-05-19 09:44:59,1684503900,21.5,19.0,100100,1.00,5.00,8.00,10.0,,
2023-05-19 09:49:45,1684504185,21.2,18.9,100100,3.00,4.00,6.00,7.00,0.0233,0
2023-05-19 09:54:50,1684504490,20.3,19.6,100100,4.00,4.00,5.00,5.00,0.0236,0
2023-05-19 09:59:55,1684504795,19.6,20.6,100100,3.00,6.00,8.00,10.0,0.0155,0
2023-05-19 10:04:41,1684505081,19.3,21.3,100100,2.00,5.00,7.00,9.00,0.0114,0
2023-05-19 10:07:35,1684505256,19.2,21.2,100100,3.00,5.00,5.00,6.00,0.0124,0
2023-05-19 10:19:42,1684505982,18.6,22.1,100100,3.00,5.00,7.00,8.00,0.0138,0
2023-05-19 10:22:14,1684506134,18.7,22.3,100100,3.00,8.00,13.0,16.0,0.0265,0
2023-05-19 10:29:59,1684506599,19.3,22.0,100100,2.00,3.00,5.00,6.00,0.0265,0
2023-05-19 10:34:45,1684506886,19.4,21.5,100100,3.00,4.00,6.00,7.00,0.0186,0
2023-05-19 10:39:51,1684507192,19.7,21.3,100100,2.00,7.00,11.0,14.0,0.0254,0
2023-05-19 10:44:56,1684507497,20.4,20.7,100063,2.00,4.00,5.00,6.00,0.0254,0
2023-05-19 10:49:43,1684507783,21.0,20.3,100000,4.00,5.00,5.00,5.00,0.0134,0
2023-05-19 10:53:12,1684507993,21.4,19.8,100000,3.00,5.00,8.00,10.0,0.0144,0
2023-05-19 10:59:53,1684508393,21.4,19.7,100000,2.00,3.00,3.00,3.00,0.0144,0
2023-05-19 11:04:57,1684508698,21.5,19.6,100000,3.00,3.00,4.00,5.00,0.0152,0
2023-05-19 11:09:43,1684508983,21.6,19.5,100000,6.00,6.00,6.00,6.00,0.0152,0
2023-05-19 11:14:48,1684509288,21.6,20.0,100000,5.00,5.00,5.00,6.00,0.0147,0
2023-05-19 11:19:52,1684509593,21.6,19.9,100000,4.00,4.00,7.00,8.00,0.0132,0
2023-05-19 11:24:57,1684509897,21.8,20.0,100000,5.00,7.00,9.00,11.0,0.0384,0
2023-05-19 11:25:34,1684509935,21.7,20.2,100000,1.00,2.00,3.00,4.00,0.0306,0
2023-05-19 11:34:46,1684510486,21.5,21.3,100000,3.00,4.00,5.00,6.00,0.0350,0
2023-05-19 11:39:50,1684510790,22.2,20.8,100000,2.00,4.00,6.00,6.00,0.0404,0
2023-05-19 11:44:43,1684511084,22.4,20.2,100000,4.00,5.00,5.00,5.00,0.0288,0
2023-05-19 11:49:47,1684511388,22.6,20.5,100000,3.00,5.00,8.00,10.0,0.0271,0
2023-05-19 11:54:51,1684511692,22.6,20.8,100000,4.00,6.00,8.00,10.0,0.0420,0
2023-05-19 11:58:20,1684511900,21.9,21.5,100000,4.00,5.00,6.00,7.00,0.0154,0
2023-05-19 12:04:59,1684512299,22.0,22.0,100000,3.00,5.00,6.00,7.00,0.0119,0
2023-05-19 12:09:44,1684512584,22.1,22.3,100000,4.00,7.00,9.00,10.0,0.0119,0
2023-05-19 12:14:09,1684512849,22.1,22.1,100000,6.00,6.00,7.00,8.00,0.0106,0
2023-05-19 12:19:51,1684513192,21.7,22.8,100000,5.00,7.00,9.00,10.0,0.0106,0
2023-05-19 12:24:55,1684513496,21.8,23.0,99981,6.00,6.00,7.00,8.00,0.0211,0
2023-05-19 12:29:59,1684513800,22.6,22.1,99900,5.00,8.00,11.0,12.0,0.0211,0
2023-05-19 12:33:08,1684513989,22.7,22.2,99900,5.00,8.00,9.00,10.0,0.0201,0
2023-05-19 12:39:57,1684514398,22.7,22.4,99900,4.00,6.00,8.00,9.00,0.0278,0
2023-05-19 12:44:42,1684514683,22.9,22.3,99900,4.00,7.00,9.00,10.0,0.0225,0
2023-05-19 12:49:46,1684514987,23.4,22.3,99900,3.00,5.00,7.00,7.00,0.0158,0
2023-05-19 12:54:43,1684515283,23.6,22.1,99900,2.00,3.00,3.00,3.00,0.0227,0
2023-05-19 12:59:46,1684515587,23.4,22.8,99900,5.00,6.00,8.00,9.00,0.0231,0
2023-05-19 13:04:50,1684515890,23.9,22.5,99900,4.00,6.00,6.00,7.00,0.0361,0
2023-05-19 13:08:37,1684516117,24.7,21.6,99900,6.00,6.00,7.00,8.00,0.0328,0
2023-05-19 13:14:48,1684516488,24.5,22.0,99900,4.00,5.00,7.00,8.00,0.0328,0
2023-05-19 13:19:51,1684516791,24.9,21.9,99819,6.00,7.00,9.00,11.0,0.0204,0
2023-05-19 13:22:41,1684516962,25.1,21.4,99800,6.00,6.00,8.00,9.00,0.0119,0
2023-05-19 13:34:47,1684517687,24.7,22.0,99800,6.00,11.0,14.0,16.0,0.0678,0
2023-05-19 13:39:50,1684517991,24.7,21.9,99800,7.00,9.00,10.0,11.0,0.0719,0
2023-05-19 13:41:43,1684518103,24.8,22.2,99800,8.00,9.00,10.0,11.0,0.0101,0
2023-05-19 13:49:50,1684518590,25.0,21.8,99800,3.00,5.00,7.00,9.00,0.0483,0
2023-05-19 13:54:52,1684518893,25.2,21.8,99800,4.00,6.00,8.00,9.00,0.0353,0
2023-05-19 13:59:55,1684519196,25.5,21.7,99800,3.00,5.00,6.00,7.00,0.0164,0
2023-05-19 14:04:49,1684519489,25.4,21.3,99800,7.00,7.00,7.00,7.00,0.0148,0
2023-05-19 14:09:52,1684519792,25.2,21.7,99769,5.00,7.00,9.00,10.0,0.0400,0
2023-05-19 14:14:55,1684520095,25.8,21.6,99713,5.00,6.00,7.00,8.00,0.0498,0
2023-05-19 14:15:50,1684520151,26.0,20.6,99700,6.00,6.00,6.00,6.00,0.0231,0
2023-05-19 14:24:59,1684520699,25.9,20.8,99700,6.00,7.00,7.00,7.00,0.0288,0
2023-05-19 14:29:43,1684520983,25.7,20.5,99700,5.00,5.00,6.00,7.00,0.0118,0
2023-05-19 14:33:10,1684521191,25.5,20.9,99700,8.00,9.00,9.00,9.00,0.0146,0
2023-05-19 14:44:41,1684521882,25.8,21.2,99700,6.00,6.00,8.00,9.00,0.0155,0
2023-05-19 14:49:44,1684522184,26.1,20.3,99700,5.00,5.00,6.00,7.00,0.0227,0
2023-05-19 14:51:17,1684522278,26.0,20.1,99700,6.00,6.00,7.00,7.00,0.0164,0
2023-05-19 14:59:48,1684522788,26.7,19.6,99700,6.00,9.00,13.0,16.0,0.0690,0
2023-05-19 15:04:50,1684523091,26.7,19.7,99700,6.00,7.00,9.00,10.0,0.0690,0
2023-05-19 15:07:40,1684523260,26.8,19.4,99700,4.00,5.00,6.00,6.00,0.0322,0
2023-05-19 15:14:51,1684523691,26.5,19.4,99700,6.00,6.00,6.00,6.00,0.0197,0
2023-05-19 15:19:53,1684523993,26.6,19.5,99694,4.00,6.00,8.00,9.00,0.0191,0
2023-05-19 15:24:55,1684524296,26.9,19.0,99688,6.00,10.0,12.0,13.0,0.0391,0
2023-05-19 15:25:51,1684524352,26.7,19.0,99600,4.00,4.00,5.00,5.00,0.0354,0
2023-05-19 15:34:45,1684524886,26.1,19.8,99600,4.00,5.00,6.00,6.00,0.0354,0
2023-05-19 15:39:47,1684525188,26.7,19.3,99600,4.00,6.00,7.00,8.00,0.0343,0
2023-05-19 15:43:14,1684525395,27.1,18.7,99600,4.00,6.00,8.00,9.00,0.00941,0
2023-05-19 15:49:54,1684525795,27.1,18.5,99600,4.00,4.00,4.00,4.00,0.0133,0
2023-05-19 15:54:56,1684526096,27.1,18.7,99600,5.00,9.00,12.0,14.0,0.0141,0
2023-05-19 15:59:58,1684526398,27.3,18.2,99600,10.0,10.0,10.0,10.0,0.0157,0
2023-05-19 16:02:09,1684526530,26.8,18.3,99600,4.00,5.00,6.00,7.00,0.0120,0
2023-05-19 16:09:48,1684526988,26.4,18.8,99600,5.00,6.00,8.00,9.00,0.0191,0
2023-05-19 16:14:50,1684527291,26.5,18.6,99600,5.00,6.00,6.00,7.00,0.0163,0
2023-05-19 16:19:53,1684527593,26.9,18.0,99600,7.00,11.0,14.0,16.0,0.0278,0
2023-05-19 16:24:54,1684527895,26.8,17.6,99600,7.00,8.00,9.00,10.0,0.0707,0
2023-05-19 16:29:56,1684528197,26.7,17.6,99594,4.00,5.00,5.00,5.00,0.0845,0
2023-05-19 16:34:02,1684528442,26.2,17.7,99600,7.00,8.00,8.00,8.00,0.0682,0
2023-05-19 16:49:54,1684529395,26.8,17.4,99506,6.00,7.00,7.00,7.00,0.0446,0
2023-05-19 16:53:03,1684529584,27.0,17.3,99500,5.00,7.00,9.00,10.0,0.0420,0
2023-05-19 17:04:50,1684530290,26.5,17.6,99500,4.00,5.00,5.00,5.00,0.0118,0
2023-05-19 17:09:52,1684530593,26.3,18.0,99500,6.00,7.00,8.00,9.00,0.0157,0
2023-05-19 17:14:47,1684530887,26.7,17.6,99500,7.00,7.00,7.00,7.00,0.0117,0
2023-05-19 17:19:49,1684531189,26.8,17.1,99500,6.00,8.00,10.0,11.0,0.0117,0
2023-05-19 17:24:51,1684531492,26.9,17.4,99500,5.00,7.00,8.00,8.00,0.0132,0
2023-05-19 17:28:38,1684531718,26.9,17.3,99500,4.00,10.0,16.0,19.0,0.0164,0
2023-05-19 17:34:57,1684532097,26.7,17.7,99500,4.00,5.00,5.00,6.00,0.0164,0
2023-05-19 17:39:59,1684532400,26.8,17.7,99500,4.00,5.00,6.00,7.00,0.0239,0
2023-05-19 17:44:43,1684532683,27.0,17.6,99500,4.00,6.00,8.00,9.00,0.0239,0
2023-05-19 17:49:54,1684532994,27.0,17.5,99500,5.00,5.00,5.00,5.00,0.0167,0
2023-05-19 17:54:56,1684533296,26.6,18.2,99500,7.00,8.00,9.00,9.00,0.0207,0
2023-05-19 17:59:59,1684533599,26.5,18.6,99500,6.00,7.00,7.00,7.00,0.0354,0
2023-05-19 18:04:43,1684533883,26.3,18.7,99500,5.00,6.00,6.00,7.00,0.0354,0
2023-05-19 18:09:46,1684534186,26.0,19.2,99500,4.00,7.00,9.00,10.0,0.0135,0
2023-05-19 18:14:49,1684534489,25.9,19.6,99500,4.00,5.00,7.00,8.00,0.0135,0
2023-05-19 18:19:52,1684534793,25.6,20.0,99500,4.00,5.00,7.00,8.00,0.0146,0
2023-05-19 18:24:56,1684535096,25.5,20.2,99500,4.00,6.00,9.00,10.0,0.0222,0
2023-05-19 18:29:59,1684535399,25.5,20.4,99500,4.00,5.00,6.00,7.00,0.0194,0
2023-05-19 18:34:43,1684535684,25.6,20.6,99500,6.00,11.0,16.0,18.0,0.0258,0
2023-05-19 18:39:55,1684535995,25.7,20.5,99500,6.00,7.00,9.00,11.0,0.0258,0
2023-05-19 18:44:58,1684536299,25.8,20.4,99500,6.00,7.00,7.00,8.00,0.0261,0
2023-05-19 18:49:42,1684536583,25.8,20.4,99500,5.00,5.00,5.00,6.00,0.0261,0
2023-05-19 18:54:46,1684536886,25.9,20.5,99500,5.00,6.00,7.00,7.00,0.0132,0
2023-05-19 18:59:49,1684537189,25.7,20.4,99500,4.00,5.00,6.00,6.00,0.0113,0
2023-05-19 19:04:52,1684537492,25.6,20.9,99500,6.00,6.00,7.00,8.00,0.0212,0
2023-05-19 19:09:55,1684537796,25.5,21.1,99500,5.00,7.00,9.00,10.0,0.0150,0
2023-05-19 19:14:59,1684538100,25.4,21.2,99500,4.00,5.00,5.00,6.00,0.0294,0
2023-05-19 19:19:44,1684538385,25.3,21.4,99500,4.00,5.00,5.00,6.00,0.0155,0
2023-05-19 19:24:48,1684538689,25.2,21.6,99500,6.00,7.00,8.00,8.00,0.0137,0
2023-05-19 19:29:52,1684538993,25.1,21.8,99500,5.00,7.00,12.0,14.0,0.0275,0
2023-05-19 19:34:56,1684539297,25.0,21.9,99500,5.00,11.0,15.0,17.0,0.0166,0
2023-05-19 19:39:41,1684539582,25.0,22.1,99500,3.00,4.00,5.00,6.00,0.0410,0
2023-05-19 19:44:45,1684539886,25.0,22.1,99500,3.00,5.00,6.00,7.00,0.0524,0
2023-05-19 19:49:49,1684540190,25.0,22.1,99500,3.00,5.00,8.00,9.00,0.0154,0
2023-05-19 19:54:53,1684540494,25.0,22.4,99575,2.00,3.00,5.00,5.00,0.0183,0
2023-05-19 19:59:57,1684540798,24.9,22.3,99600,3.00,3.00,5.00,6.00,0.0178,0
2023-05-19 20:04:42,1684541083,24.9,22.6,99600,2.00,4.00,5.00,6.00,0.0114,0
2023-05-19 20:09:46,1684541387,24.8,22.9,99600,3.00,3.00,3.00,3.00,0.0104,0
2023-05-19 20:14:51,1684541691,24.7,22.8,99600,2.00,3.00,6.00,7.00,0.0104,0
2023-05-19 20:19:55,1684541996,24.7,22.9,99600,4.00,10.0,14.0,16.0,0.0261,0
2023-05-19 20:24:40,1684542281,24.6,23.0,99600,3.00,6.00,7.00,8.00,0.0240,0
2023-05-19 20:29:45,1684542585,24.6,23.3,99600,3.00,7.00,11.0,13.0,0.0240,0
2023-05-19 20:34:49,1684542890,24.5,23.5,99600,5.00,6.00,8.00,9.00,0.0335,0
2023-05-19 20:39:54,1684543194,24.5,23.9,99600,4.00,5.00,5.00,6.00,0.0237,0
2023-05-19 20:44:58,1684543499,24.4,23.7,99600,2.00,2.00,3.00,4.00,0.0370,0
2023-05-19 20:49:44,1684543784,24.3,23.8,99600,2.00,2.00,3.00,4.00,0.0508,0
2023-05-19 20:54:48,1684544089,24.3,24.1,99600,5.00,7.00,8.00,9.00,0.0206,0
2023-05-19 20:59:53,1684544393,24.2,24.4,99600,3.00,5.00,6.00,7.00,0.0257,0
2023-05-19 21:04:57,1684544698,24.2,24.3,99600,2.00,5.00,8.00,10.0,0.0273,0
2023-05-19 21:09:43,1684544983,24.1,24.4,99600,2.00,8.00,13.0,16.0,0.0234,0
2023-05-19 21:14:47,1684545288,24.1,24.7,99600,3.00,3.00,4.00,4.00,0.0260,0
2023-05-19 21:19:52,1684545593,24.0,25.3,99600,4.00,4.00,5.00,5.00,0.0149,0
2023-05-19 21:24:57,1684545897,23.9,25.4,99600,3.00,3.00,5.00,6.00,0.0169,0
2023-05-19 21:29:42,1684546183,23.8,26.1,99600,3.00,4.00,5.00,6.00,0.0110,0
2023-05-19 21:34:47,1684546488,23.8,26.0,99600,4.00,5.00,7.00,8.00,0.0183,0
2023-05-19 21:39:52,1684546792,23.8,26.3,99600,4.00,4.00,5.00,5.00,0.0274,0
2023-05-19 21:44:57,1684547097,23.7,26.4,99600,3.00,8.00,11.0,13.0,0.0388,0
2023-05-19 21:49:43,1684547383,23.6,26.9,99600,2.00,5.00,8.00,9.00,0.0388,0
2023-05-19 21:54:48,1684547688,23.5,27.7,99600,4.00,5.00,7.00,7.00,0.0213,0
2023-05-19 21:59:53,1684547993,23.4,28.1,99600,3.00,5.00,6.00,7.00,0.0358,0
2023-05-19 22:04:58,1684548298,23.3,29.3,99600,4.00,5.00,6.00,7.00,0.0325,0
2023-05-19 22:09:43,1684548584,23.2,29.5,99600,6.00,6.00,7.00,8.00,0.0376,0
2023-05-19 22:14:48,1684548889,23.2,29.6,99600,5.00,6.00,7.00,8.00,0.0181,0
2023-05-19 22:19:54,1684549194,23.2,29.9,99600,4.00,4.00,6.00,8.00,0.0165,0
2023-05-19 22:24:59,1684549499,23.1,29.1,99600,3.00,4.00,6.00,7.00,0.0146,0
2023-05-19 22:29:45,1684549785,23.0,29.2,99600,2.00,4.00,6.00,7.00,0.0236,0
2023-05-19 22:34:50,1684550091,22.9,30.0,99600,4.00,7.00,9.00,10.0,0.0137,0
2023-05-19 22:39:55,1684550396,22.9,30.6,99600,4.00,5.00,6.00,6.00,0.0233,0
2023-05-19 22:44:42,1684550682,22.8,30.3,99600,2.00,3.00,6.00,7.00,0.0159,0
2023-05-19 22:49:47,1684550988,22.6,30.2,99600,2.00,3.00,3.00,4.00,0.0164,0
2023-05-19 22:54:53,1684551293,22.5,30.6,99600,1.00,5.00,8.00,10.0,0.0156,0
2023-05-19 22:59:58,1684551599,22.3,31.1,99638,2.00,2.00,4.00,5.00,0.0158,0
2023-05-19 23:04:44,1684551884,22.2,31.2,99700,3.00,4.00,4.00,4.00,0.0184,0
2023-05-19 23:09:50,1684552190,22.1,31.5,99663,2.00,5.00,7.00,8.00,0.0151,0
2023-05-19 23:14:55,1684552496,22.0,31.6,99675,2.00,4.00,5.00,6.00,0.0160,0
2023-05-19 23:19:42,1684552782,21.9,31.8,99693,2.00,4.00,7.00,8.00,0.0129,0
2023-05-19 23:24:48,1684553088,21.8,32.1,99700,2.00,5.00,8.00,10.0,0.0122,0
2023-05-19 23:29:54,1684553394,21.6,32.3,99700,1.00,2.00,3.00,4.00,0.0149,0
2023-05-19 23:34:41,1684553681,21.4,32.7,99700,2.00,5.00,7.00,8.00,0.0149,0
2023-05-19 23:39:47,1684553987,21.3,33.3,99700,2.00,4.00,7.00,8.00,0.0205,0
2023-05-19 23:44:53,1684554294,21.1,33.3,99700,1.00,3.00,5.00,6.00,0.0177,0
2023-05-19 23:49:59,1684554600,20.9,33.6,99700,4.00,6.00,8.00,9.00,0.0164,0
2023-05-19 23:54:47,1684554887,20.6,35.1,99700,4.00,5.00,8.00,9.00,0.0289,0
2023-05-19 23:59:53,1684555193,20.5,36.1,99700,4.00,6.00,8.00,9.00,0.0268,0
2023-05-20 00:04:40,1684555481,20.4,35.4,99700,2.00,6.00,9.00,10.0,0.0158,0
2023-05-20 00:09:47,1684555788,20.3,35.4,99700,3.00,3.00,5.00,6.00,0.0318,0
2023-05-20 00:14:54,1684556094,20.2,35.7,99700,2.00,4.00,6.00,7.00,0.0217,0
2023-05-20 00:19:41,1684556382,20.2,35.9,99700,3.00,3.00,6.00,7.00,0.0158,0
2023-05-20 00:24:49,1684556689,20.1,36.5,99700,2.00,3.00,4.00,4.00,0.0110,0
2023-05-20 00:29:55,1684556996,20.1,37.2,99700,2.00,4.00,6.00,7.00,0.0112,0
2023-05-20 00:34:43,1684557283,20.2,37.2,99700,5.00,6.00,7.00,7.00,0.0162,0
2023-05-20 00:39:50,1684557590,20.2,36.8,99700,2.00,3.00,3.00,4.00,0.0297,0
2023-05-20 00:44:57,1684557897,20.1,36.7,99700,3.00,4.00,7.00,8.00,0.0303,0
2023-05-20 00:49:44,1684558185,20.1,36.9,99700,2.00,2.00,4.00,5.00,0.0176,0
2023-05-20 00:54:51,1684558492,20.0,36.6,99700,2.00,3.00,5.00,7.00,0.0175,0
2023-05-20 00:59:58,1684558798,19.9,36.9,99700,2.00,5.00,8.00,9.00,0.0175,0
2023-05-20 01:04:46,1684559086,19.8,37.0,99700,2.00,4.00,5.00,6.00,0.0258,0
2023-05-20 01:09:53,1684559393,19.7,37.3,99700,1.00,3.00,4.00,5.00,0.0191,0
2023-05-20 01:14:41,1684559681,19.5,38.1,99700,2.00,5.00,7.00,9.00,0.0142,0
2023-05-20 01:19:48,1684559988,19.3,38.9,99700,2.00,3.00,5.00,6.00,0.0125,0
2023-05-20 01:24:55,1684560296,19.2,39.2,99700,2.00,3.00,5.00,5.00,0.0117,0
2023-05-20 01:29:43,1684560584,19.1,39.0,99700,3.00,4.00,5.00,6.00,0.0110,0
2023-05-20 01:34:50,1684560891,19.2,39.4,99700,3.00,4.00,5.00,6.00,0.0130,0
2023-05-20 01:39:58,1684561198,19.1,38.8,99700,3.00,3.00,4.00,5.00,0.0131,0
2023-05-20 01:44:46,1684561486,19.1,38.8,99700,2.00,3.00,4.00,5.00,0.0147,0
2023-05-20 01:49:53,1684561794,19.2,38.9,99700,1.00,5.00,8.00,9.00,0.0134,0
2023-05-20 01:54:41,1684562082,19.2,38.6,99700,2.00,5.00,8.00,10.0,0.0259,0
2023-05-20 01:59:49,1684562389,19.3,39.1,99744,2.00,4.00,5.00,6.00,0.0189,0
2023-05-20 02:04:56,1684562697,19.3,40.3,99700,3.00,7.00,13.0,15.0,0.0189,0
2023-05-20 02:09:44,1684562985,19.3,40.3,99700,1.00,2.00,3.00,3.00,0.0180,0
2023-05-20 02:14:52,1684563292,19.3,39.9,99700,5.00,5.00,5.00,6.00,0.0180,0
2023-05-20 02:19:59,1684563599,19.3,40.2,99700,5.00,6.00,6.00,7.00,0.0352,0
2023-05-20 02:24:47,1684563887,19.4,39.8,99700,2.00,3.00,6.00,7.00,0.0233,0
2023-05-20 02:29:54,1684564195,19.4,39.9,99700,2.00,5.00,9.00,11.0,0.0147,0
2023-05-20 02:34:42,1684564483,19.4,39.0,99700,3.00,7.00,10.0,11.0,0.0143,0
2023-05-20 02:39:50,1684564790,19.3,39.2,99700,1.00,5.00,9.00,11.0,0.0157,0
2023-05-20 02:44:57,1684565097,19.3,39.4,99700,1.00,5.00,8.00,10.0,0.0249,0
2023-05-20 02:49:45,1684565385,19.2,40.0,99700,2.00,6.00,8.00,10.0,0.0434,0
2023-05-20 02:54:52,1684565693,19.1,40.3,99700,1.00,3.00,3.00,4.00,0.0239,0
2023-05-20 02:59:41,1684565981,19.0,40.1,99700,2.00,4.00,6.00,7.00,0.0234,0
2023-05-20 03:04:48,1684566289,19.0,41.2,99700,2.00,3.00,5.00,6.00,0.0111,0
2023-05-20 03:09:56,1684566596,18.9,41.2,99756,2.00,5.00,8.00,10.0,0.0127,0
2023-05-20 03:14:44,1684566884,18.8,40.9,99700,2.00,2.00,4.00,4.00,0.0127,0
2023-05-20 03:19:52,1684567192,18.8,41.0,99700,2.00,3.00,5.00,6.00,0.0148,0
2023-05-20 03:24:59,1684567500,18.8,40.7,99744,1.00,2.00,3.00,4.00,0.0117,0
2023-05-20 03:29:47,1684567788,18.7,40.9,99800,2.00,3.00,3.00,4.00,0.0107,0
2023-05-20 03:34:55,1684568095,18.6,41.0,99800,2.00,3.00,5.00,6.00,0.0101,0
2023-05-20 03:39:43,1684568384,18.5,41.4,99800,2.00,4.00,5.00,6.00,0.0126,0
2023-05-20 03:44:51,1684568692,18.4,42.0,99800,2.00,5.00,8.00,9.00,0.0135,0
2023-05-20 03:49:59,1684568999,18.4,42.6,99800,2.00,2.00,3.00,3.00,0.0136,0
2023-05-20 03:54:47,1684569288,18.3,42.0,99800,2.00,3.00,4.00,4.00,0.0227,0
2023-05-20 03:59:55,1684569595,18.2,42.4,99800,2.00,2.00,3.00,4.00,0.0102,0
2023-05-20 04:04:43,1684569884,18.2,42.8,99800,1.00,6.00,10.0,13.0,0.0215,0
2023-05-20 04:09:51,1684570192,18.2,42.9,99800,4.00,5.00,6.00,8.00,0.0262,0
2023-05-20 04:14:59,1684570499,18.2,42.9,99800,4.00,8.00,12.0,14.0,0.0281,0
2023-05-20 04:19:47,1684570788,18.3,43.7,99800,3.00,5.00,8.00,9.00,0.0200,0
2023-05-20 04:24:55,1684571096,18.3,46.3,99800,5.00,6.00,7.00,8.00,0.0200,0
2023-05-20 04:29:44,1684571384,18.4,49.1,99800,5.00,6.00,7.00,8.00,0.0408,0
2023-05-20 04:34:51,1684571692,18.5,50.0,99800,4.00,10.0,14.0,16.0,0.0392,0
2023-05-20 04:39:59,1684571999,18.5,49.3,99800,2.00,4.00,6.00,7.00,0.0703,0
2023-05-20 04:44:47,1684572288,18.4,48.7,99800,2.00,4.00,6.00,7.00,0.0804,0
2023-05-20 04:49:55,1684572595,18.4,48.5,99800,2.00,3.00,5.00,7.00,0.0515,0
2023-05-20 04:54:43,1684572884,18.4,48.6,99800,6.00,7.00,7.00,8.00,0.0133,0
2023-05-20 04:59:51,1684573192,18.4,49.2,99800,3.00,3.00,3.00,4.00,0.0127,0
2023-05-20 05:04:59,1684573500,18.3,49.1,99800,1.00,3.00,4.00,5.00,0.0130,0
2023-05-20 05:09:48,1684573788,18.3,49.5,99800,2.00,2.00,3.00,4.00,0.00981,0
2023-05-20 05:14:56,1684574096,18.3,49.4,99800,2.00,3.00,5.00,6.00,0.0112,0
2023-05-20 05:19:44,1684574385,18.2,49.8,99800,2.00,4.00,6.00,7.00,0.0154,0
2023-05-20 05:24:52,1684574693,18.2,49.9,99800,2.00,3.00,6.00,7.00,0.0112,0
2023-05-20 05:29:41,1684574981,18.2,49.9,99800,2.00,2.00,3.00,4.00,0.0124,0
2023-05-20 05:34:49,1684575289,18.1,49.5,99800,1.00,4.00,7.00,9.00,0.0129,0
2023-05-20 05:39:56,1684575597,18.1,49.3,99800,1.00,2.00,4.00,4.00,0.0122,0
2023-05-20 05:44:45,1684575886,18.1,49.2,99800,2.00,2.00,3.00,4.00,0.0123,0
2023-05-20 05:49:53,1684576193,18.0,49.0,99800,1.00,3.00,5.00,6.00,0.0137,0
2023-05-20 05:54:42,1684576482,17.9,49.3,99800,1.00,3.00,5.00,7.00,0.0109,0
2023-05-20 05:59:50,1684576790,17.8,49.2,99800,2.00,3.00,5.00,6.00,0.0107,0
2023-05-20 06:04:58,1684577098,17.7,49.6,99800,2.00,3.00,4.00,5.00,0.0101,0
2023-05-20 06:09:46,1684577387,17.6,49.9,99800,2.00,3.00,6.00,7.00,0.00981,0
2023-05-20 06:14:54,1684577695,17.6,49.8,99800,2.00,3.00,3.00,4.00,0.0121,0
2023-05-20 06:19:43,1684577984,17.6,49.2,99827,1.00,5.00,9.00,10.0,0.0169,0
2023-05-20 06:24:51,1684578292,17.5,49.5,99888,1.00,3.00,4.00,5.00,0.0191,0
2023-05-20 06:29:59,1684578600,17.4,50.3,99900,2.00,3.00,5.00,6.00,0.0148,0
2023-05-20 06:34:48,1684578889,17.3,50.4,99900,2.00,3.00,5.00,6.00,0.0116,0
2023-05-20 06:39:56,1684579197,17.2,51.2,99900,5.00,5.00,5.00,5.00,0.0170,0
2023-05-20 06:44:45,1684579486,17.2,51.5,99900,1.00,3.00,5.00,6.00,0.0247,0
2023-05-20 06:49:54,1684579794,17.2,51.5,99900,1.00,7.00,11.0,14.0,0.0516,0
2023-05-20 06:54:42,1684580082,17.2,51.4,99900,1.00,2.00,2.00,2.00,0.0204,0
2023-05-20 06:55:01,1684580101,17.3,51.4,99900,1e-7,1e-7,1e-7,1e-7,0.0204,0
2023-05-20 09:29:44,1684589384,22.4,40.4,99900,1e-7,1e-7,1.00,1.00,,
2023-05-20 09:34:48,1684589689,22.3,40.4,99900,5.00,6.00,10.0,11.0,,
2023-05-20 09:39:53,1684589994,22.1,41.0,99900,5.00,6.00,7.00,8.00,,
2023-05-20 09:44:59,1684590299,21.9,40.5,99900,5.00,6.00,8.00,9.00,0.0170,0
2023-05-20 09:49:45,1684590585,21.8,40.7,99900,4.00,5.00,7.00,8.00,0.0170,0
2023-05-20 09:54:50,1684590891,21.8,41.1,99900,4.00,6.00,8.00,9.00,0.0252,0
2023-05-20 09:57:42,1684591062,21.8,40.8,99900,4.00,5.00,5.00,5.00,0.0252,0
2023-05-20 10:19:58,1684592399,22.4,38.3,99900,4.00,5.00,7.00,7.00,,
2023-05-20 10:24:44,1684592685,22.2,38.2,99900,6.00,6.00,9.00,10.0,,
2023-05-20 10:29:49,1684592990,22.0,38.5,99900,3.00,6.00,8.00,9.00,0.00969,0
2023-05-20 11:09:45,1684595385,22.6,37.1,99900,6.00,6.00,6.00,6.00,,
2023-05-20 11:14:50,1684595690,22.2,37.7,99900,10.0,12.0,12.0,13.0,,
2023-05-20 11:19:55,1684595995,21.9,38.6,99900,5.00,7.00,8.00,9.00,0.0261,0
2023-05-20 11:23:43,1684596224,21.7,38.8,99900,8.00,8.00,8.00,9.00,0.0261,0
2023-05-20 11:29:54,1684596595,21.7,39.3,99900,5.00,5.00,5.00,5.00,0.0230,0
2023-05-20 11:34:41,1684596881,21.8,39.2,99900,3.00,5.00,8.00,10.0,0.0316,0
2023-05-20 11:39:46,1684597187,21.8,38.9,99900,5.00,6.00,7.00,7.00,0.0191,0
2023-05-20 11:44:52,1684597492,21.9,38.8,99900,5.00,7.00,10.0,11.0,0.0170,0
2023-05-20 11:49:57,1684597798,21.8,38.7,99900,6.00,7.00,7.00,7.00,0.0185,0
2023-05-20 11:54:44,1684598085,21.8,39.1,99900,2.00,4.00,7.00,8.00,0.0205,0
2023-05-20 11:59:50,1684598390,21.8,39.0,99900,4.00,5.00,6.00,7.00,0.0197,0
2023-05-20 12:04:55,1684598696,21.7,39.5,99900,5.00,6.00,7.00,7.00,0.0111,0
2023-05-20 12:09:42,1684598982,21.7,39.8,99900,3.00,4.00,5.00,6.00,0.0126,0
2023-05-20 12:14:48,1684599288,21.7,39.8,99838,2.00,5.00,8.00,9.00,0.0168,0
2023-05-20 12:19:53,1684599594,21.8,39.8,99800,4.00,4.00,6.00,7.00,0.0168,0
2023-05-20 12:24:59,1684599899,21.8,39.7,99800,3.00,4.00,6.00,8.00,0.0115,0
2023-05-20 12:29:46,1684600186,21.9,39.9,99800,5.00,7.00,8.00,9.00,0.0138,0
2023-05-20 12:34:51,1684600492,21.9,40.1,99800,4.00,4.00,4.00,4.00,0.0118,0
2023-05-20 12:39:57,1684600797,22.0,40.2,99800,7.00,8.00,8.00,8.00,0.0250,0
2023-05-20 12:44:43,1684601083,22.1,39.7,99800,2.00,6.00,11.0,13.0,0.0547,0
2023-05-20 12:49:47,1684601388,22.3,39.4,99800,2.00,4.00,6.00,7.00,0.0547,0
2023-05-20 12:54:52,1684601693,22.4,39.0,99800,8.00,9.00,9.00,10.0,0.0541,0
2023-05-20 12:59:57,1684601997,22.4,38.8,99800,4.00,5.00,7.00,8.00,0.111,0
2023-05-20 13:04:43,1684602283,22.5,38.9,99800,8.00,10.0,13.0,15.0,0.0412,0
2023-05-20 13:09:47,1684602587,22.4,38.6,99800,7.00,8.00,10.0,10.0,0.0501,0
2023-05-20 13:14:52,1684602892,22.3,38.9,99800,9.00,11.0,11.0,12.0,0.0487,0
2023-05-20 13:17:43,1684603064,22.3,39.4,99800,4.00,10.0,16.0,19.0,0.0537,0
2023-05-20 14:53:58,1684608838,24.8,33.6,99600,8.00,10.0,10.0,10.0,,
2023-05-20 15:04:53,1684609493,24.9,33.6,99600,9.00,10.0,11.0,11.0,,
2023-05-20 15:09:56,1684609796,25.0,33.5,99600,9.00,11.0,13.0,13.0,0.0784,0
2023-05-20 15:14:48,1684610089,25.1,33.2,99600,4.00,5.00,7.00,8.00,0.147,0
2023-05-20 15:19:52,1684610392,25.1,33.1,99600,7.00,10.0,12.0,13.0,0.166,0
2023-05-20 15:24:55,1684610696,24.9,33.0,99600,7.00,9.00,10.0,11.0,0.0937,0
2023-05-20 15:29:59,1684610999,24.9,33.4,99563,5.00,6.00,6.00,6.00,0.0360,0
2023-05-20 15:34:46,1684611287,25.1,33.0,99500,5.00,6.00,7.00,8.00,0.0676,0
2023-05-20 15:39:49,1684611590,25.4,32.5,99500,6.00,6.00,6.00,7.00,0.0503,0
2023-05-20 15:44:53,1684611893,25.7,32.0,99500,4.00,5.00,6.00,7.00,0.0181,0
2023-05-20 15:47:04,1684612025,26.0,31.7,99500,2.00,4.00,7.00,8.00,0.0253,0
2023-05-20 15:54:48,1684612488,26.4,30.6,99500,2.00,4.00,5.00,6.00,0.0319,0
2023-05-20 15:59:50,1684612791,26.8,30.2,99500,5.00,8.00,11.0,12.0,0.0508,0
2023-05-20 16:02:02,1684612922,27.0,29.5,99500,6.00,6.00,6.00,6.00,0.0594,0
2023-05-20 16:09:49,1684613389,27.1,29.4,99500,9.00,11.0,11.0,12.0,0.0859,0
2023-05-20 16:14:51,1684613691,27.1,29.2,99500,5.00,7.00,9.00,10.0,0.0124,0
2023-05-20 16:19:53,1684613994,27.1,29.4,99500,7.00,8.00,8.00,8.00,0.0267,0
2023-05-20 16:24:41,1684614281,26.9,29.4,99500,4.00,4.00,4.00,4.00,0.0197,0
2023-05-20 16:29:43,1684614584,26.7,30.0,99438,2.00,5.00,7.00,8.00,0.0418,0
2023-05-20 16:34:46,1684614886,26.7,30.4,99400,6.00,6.00,8.00,9.00,0.0484,0
2023-05-20 16:38:32,1684615112,26.9,29.9,99400,4.00,6.00,8.00,9.00,0.0153,0
2023-05-20 16:44:59,1684615500,26.9,29.8,99400,2.00,2.00,4.00,5.00,0.0187,0
2023-05-20 16:49:43,1684615783,27.0,29.7,99400,2.00,2.00,4.00,5.00,0.0248,0
2023-05-20 16:54:45,1684616086,27.0,29.6,99400,3.00,4.00,5.00,5.00,0.0230,0
2023-05-20 16:59:56,1684616396,26.9,29.8,99400,4.00,5.00,6.00,7.00,0.0140,0
2023-05-20 17:04:58,1684616699,26.8,30.3,99400,4.00,5.00,7.00,8.00,0.0260,0
2023-05-20 17:09:42,1684616982,26.9,29.7,99400,3.00,5.00,9.00,10.0,0.0159,0
2023-05-20 17:14:44,1684617285,26.9,29.8,99400,2.00,6.00,8.00,9.00,0.0160,0
2023-05-20 17:19:47,1684617587,27.0,30.0,99400,2.00,4.00,5.00,6.00,0.0202,0
2023-05-20 17:24:49,1684617890,27.2,30.3,99400,3.00,5.00,7.00,7.00,0.0121,0
2023-05-20 17:29:51,1684618192,27.3,30.1,99400,3.00,3.00,5.00,6.00,0.0123,0
2023-05-20 17:34:53,1684618494,27.5,29.8,99400,2.00,5.00,8.00,10.0,0.0131,0
2023-05-20 17:39:55,1684618796,27.5,29.6,99363,2.00,3.00,5.00,6.00,0.0163,0
2023-05-20 17:44:58,1684619098,27.5,29.6,99363,2.00,4.00,5.00,6.00,0.0133,0
2023-05-20 17:49:41,1684619381,27.3,30.1,99300,4.00,6.00,7.00,7.00,0.0121,0
2023-05-20 17:54:43,1684619684,27.2,29.8,99300,8.00,9.00,10.0,10.0,0.102,0
2023-05-20 17:59:46,1684619986,27.0,30.2,99300,3.00,6.00,8.00,9.00,0.102,0
2023-05-20 18:04:48,1684620289,27.0,30.4,99300,3.00,9.00,15.0,18.0,0.0497,0
2023-05-20 18:09:51,1684620591,27.1,30.4,99300,4.00,4.00,7.00,8.00,0.0188,0
2023-05-20 18:14:53,1684620894,27.3,30.5,99300,3.00,4.00,5.00,5.00,0.0478,0
2023-05-20 18:19:56,1684621196,27.6,30.1,99300,5.00,5.00,5.00,6.00,0.0353,0
2023-05-20 18:24:58,1684621499,27.7,29.7,99300,7.00,7.00,7.00,7.00,0.0217,0
2023-05-20 18:29:42,1684621782,27.5,29.9,99300,4.00,5.00,5.00,6.00,0.0136,0
2023-05-20 18:34:45,1684622085,27.2,30.2,99300,8.00,8.00,8.00,8.00,0.0167,0
2023-05-20 18:39:48,1684622388,26.7,30.9,99300,8.00,9.00,11.0,12.0,0.155,0
2023-05-20 18:44:51,1684622692,26.3,31.8,99300,4.00,4.00,5.00,6.00,0.155,0
2023-05-20 18:49:54,1684622995,26.0,32.7,99300,11.0,14.0,15.0,16.0,0.125,0
2023-05-20 18:54:58,1684623298,25.7,33.3,99263,10.0,12.0,13.0,14.0,0.159,0
2023-05-20 18:59:42,1684623583,25.3,34.0,99200,14.0,16.0,16.0,17.0,0.129,0
2023-05-20 19:04:46,1684623887,25.1,34.3,99200,11.0,11.0,12.0,13.0,0.147,0
2023-05-20 19:09:50,1684624191,25.0,34.4,99200,10.0,10.0,12.0,14.0,0.0648,0
2023-05-20 19:14:54,1684624495,24.9,34.7,99200,7.00,8.00,10.0,11.0,0.0593,0
2023-05-20 19:19:58,1684624799,24.8,34.7,99200,7.00,7.00,7.00,7.00,0.0500,0
2023-05-20 19:24:43,1684625084,24.7,35.0,99200,9.00,9.00,9.00,9.00,0.0527,0
2023-05-20 19:29:47,1684625388,24.5,35.2,99200,5.00,6.00,7.00,8.00,0.0527,0
2023-05-20 19:34:52,1684625692,24.4,35.7,99200,3.00,4.00,5.00,5.00,0.0435,0
2023-05-20 19:39:56,1684625996,24.2,35.7,99200,4.00,6.00,9.00,10.0,0.0134,0
2023-05-20 19:44:41,1684626281,24.0,36.4,99200,4.00,5.00,7.00,9.00,0.0169,0
2023-05-20 19:49:45,1684626586,23.9,37.2,99200,7.00,9.00,10.0,11.0,0.0264,0
2023-05-20 19:54:50,1684626890,23.7,37.4,99200,6.00,6.00,7.00,7.00,0.0283,0
2023-05-20 19:59:55,1684627195,23.5,37.9,99200,4.00,5.00,6.00,7.00,0.0523,0
2023-05-20 20:04:59,1684627500,23.4,38.7,99200,4.00,6.00,8.00,9.00,0.0523,0
2023-05-20 20:09:45,1684627786,23.2,38.9,99200,4.00,5.00,6.00,7.00,0.0263,0
2023-05-20 20:14:51,1684628091,23.0,38.9,99200,5.00,6.00,7.00,7.00,0.0252,0
2023-05-20 20:19:56,1684628396,22.9,39.5,99200,4.00,6.00,9.00,10.0,0.0198,0
2023-05-20 20:24:42,1684628682,22.7,39.8,99200,5.00,6.00,8.00,10.0,0.0176,0
2023-05-20 20:29:47,1684628987,22.6,40.3,99169,5.00,5.00,5.00,5.00,0.0186,0
2023-05-20 20:34:52,1684629293,22.4,40.2,99131,3.00,5.00,6.00,6.00,0.0136,0
2023-05-20 20:39:58,1684629598,22.4,40.1,99100,6.00,7.00,8.00,9.00,0.0172,0
2023-05-20 20:44:44,1684629885,22.3,40.0,99100,4.00,9.00,14.0,17.0,0.0301,0
2023-05-20 20:49:50,1684630191,22.3,40.4,99100,4.00,4.00,4.00,4.00,0.0325,0
2023-05-20 20:54:56,1684630496,22.2,40.7,99100,6.00,6.00,7.00,8.00,0.0163,0
2023-05-20 20:59:42,1684630783,22.1,40.6,99140,12.0,13.0,13.0,13.0,0.114,0
2023-05-20 21:04:48,1684631089,22.0,40.7,99200,7.00,9.00,10.0,11.0,0.114,0
2023-05-20 21:09:54,1684631394,21.6,42.7,99200,6.00,7.00,7.00,7.00,0.0956,0
2023-05-20 21:14:41,1684631681,21.1,43.1,99180,3.00,7.00,12.0,15.0,0.0956,0
2023-05-20 21:19:47,1684631988,20.9,44.3,99100,3.00,4.00,5.00,5.00,0.0579,0
2023-05-20 21:24:53,1684632294,20.7,45.5,99100,3.00,4.00,5.00,5.00,0.0294,0
2023-05-20 21:29:41,1684632581,20.5,46.8,99100,2.00,6.00,8.00,10.0,0.0110,0
2023-05-20 21:34:47,1684632888,20.4,46.9,99100,2.00,4.00,6.00,7.00,0.0182,0
2023-05-20 21:39:54,1684633194,20.2,47.3,99100,2.00,4.00,7.00,8.00,0.0204,0
2023-05-20 21:44:41,1684633482,20.1,47.8,99100,2.00,5.00,8.00,10.0,0.0143,0
2023-05-20 21:49:48,1684633788,20.1,48.2,99100,7.00,8.00,8.00,9.00,0.0301,0
2023-05-20 21:54:55,1684634095,20.0,47.9,99100,3.00,4.00,7.00,8.00,0.0400,0
2023-05-20 21:59:43,1684634383,20.0,47.9,99100,2.00,4.00,6.00,7.00,0.0573,0
2023-05-20 22:04:49,1684634690,20.0,48.3,99100,4.00,6.00,8.00,8.00,0.0464,0
2023-05-20 22:09:56,1684634997,20.0,49.3,99063,4.00,6.00,8.00,9.00,0.0415,0
2023-05-20 22:14:44,1684635285,20.0,47.8,99000,6.00,6.00,6.00,7.00,0.0415,0
2023-05-20 22:19:51,1684635591,20.0,45.8,99063,6.00,7.00,9.00,10.0,0.0289,0
2023-05-20 22:24:58,1684635898,20.0,46.5,99000,7.00,9.00,10.0,11.0,0.0367,0
2023-05-20 22:29:45,1684636186,19.9,47.5,99000,6.00,8.00,14.0,16.0,0.0346,0
2023-05-20 22:34:52,1684636493,19.7,48.6,99000,9.00,10.0,10.0,10.0,0.0304,0
2023-05-20 22:39:59,1684636800,19.6,49.6,99000,4.00,4.00,5.00,5.00,0.0504,0
2023-05-20 22:44:46,1684637087,19.6,50.5,99000,3.00,5.00,8.00,10.0,0.0504,0
2023-05-20 22:49:53,1684637394,19.5,51.3,99000,3.00,3.00,4.00,5.00,0.0156,0
2023-05-20 22:54:41,1684637681,19.5,51.3,99000,2.00,6.00,10.0,12.0,0.0193,0
2023-05-20 22:59:48,1684637988,19.5,51.5,99000,4.00,4.00,5.00,6.00,0.0223,0
2023-05-20 23:04:55,1684638295,19.5,51.7,99000,2.00,6.00,10.0,12.0,0.0223,0
2023-05-20 23:09:43,1684638583,19.5,51.2,98927,3.00,4.00,6.00,8.00,0.0119,0
2023-05-20 23:14:49,1684638890,19.5,51.1,98900,2.00,3.00,5.00,6.00,0.0212,0
2023-05-20 23:19:56,1684639197,19.6,50.8,98900,1.00,3.00,6.00,7.00,0.0166,0
2023-05-20 23:24:44,1684639485,19.6,50.8,98900,3.00,5.00,6.00,6.00,0.0114,0
2023-05-20 23:29:51,1684639792,19.6,51.0,98900,2.00,4.00,6.00,7.00,0.0129,0
2023-05-20 23:34:58,1684640099,19.6,51.0,98900,2.00,3.00,4.00,4.00,0.0178,0
2023-05-20 23:39:46,1684640386,19.6,50.8,98900,1.00,2.00,3.00,4.00,0.0154,0
2023-05-20 23:44:53,1684640693,19.6,50.7,98900,3.00,4.00,7.00,9.00,0.0184,0
2023-05-20 23:49:41,1684640981,19.5,51.2,98900,2.00,3.00,4.00,5.00,0.0184,0
2023-05-20 23:54:48,1684641288,19.5,50.8,98900,4.00,4.00,4.00,4.00,0.0152,0
2023-05-20 23:59:55,1684641595,19.5,50.2,98825,1.00,5.00,9.00,11.0,0.0231,0
2023-05-21 00:04:43,1684641883,19.5,50.2,98800,2.00,3.00,4.00,4.00,0.0212,0
2023-05-21 00:09:50,1684642190,19.5,50.5,98800,1.00,7.00,12.0,14.0,0.0205,0
2023-05-21 00:14:57,1684642497,19.4,50.8,98800,2.00,3.00,6.00,7.00,0.0313,0
2023-05-21 00:19:45,1684642785,19.2,51.1,98800,2.00,5.00,6.00,7.00,0.0205,0
2023-05-21 00:24:52,1684643093,19.0,51.8,98800,2.00,3.00,5.00,6.00,0.0106,0
2023-05-21 00:29:40,1684643381,18.9,52.4,98800,3.00,3.00,3.00,4.00,0.0153,0
2023-05-21 00:34:48,1684643688,18.8,53.0,98800,1.00,3.00,5.00,6.00,0.0149,0
2023-05-21 00:39:55,1684643996,18.7,53.2,98750,1.00,2.00,3.00,4.00,0.0122,0
2023-05-21 00:44:44,1684644284,18.7,53.2,98700,1.00,3.00,5.00,6.00,0.0114,0
2023-05-21 00:49:51,1684644592,18.6,53.6,98700,4.00,4.00,4.00,4.00,0.0108,0
2023-05-21 00:54:59,1684644899,18.6,53.7,98700,2.00,5.00,9.00,11.0,0.0110,0
2023-05-21 00:59:47,1684645188,18.5,53.9,98700,3.00,3.00,3.00,3.00,0.0158,0
2023-05-21 01:04:55,1684645495,18.5,54.3,98700,2.00,6.00,10.0,11.0,0.0330,0
2023-05-21 01:09:43,1684645784,18.4,54.6,98700,3.00,5.00,6.00,6.00,0.0211,0
2023-05-21 01:14:51,1684646091,18.3,55.0,98700,3.00,5.00,7.00,8.00,0.0206,0
2023-05-21 01:19:58,1684646399,18.3,55.3,98669,3.00,3.00,5.00,6.00,0.0206,0
2023-05-21 01:24:47,1684646687,18.2,55.4,98600,2.00,4.00,6.00,8.00,0.0224,0
2023-05-21 01:29:54,1684646995,18.3,55.7,98600,1.00,6.00,10.0,12.0,0.0252,0
2023-05-21 01:34:43,1684647283,18.3,55.5,98600,4.00,5.00,7.00,9.00,0.0252,0
2023-05-21 01:39:50,1684647591,18.3,56.0,98600,1.00,3.00,4.00,5.00,0.0396,0
2023-05-21 01:44:58,1684647898,18.3,56.0,98600,2.00,5.00,7.00,8.00,0.0339,0
2023-05-21 01:49:46,1684648187,18.3,55.8,98600,2.00,2.00,2.00,3.00,0.0311,0
2023-05-21 01:54:54,1684648494,18.4,55.8,98600,1e-7,2.00,3.00,4.00,0.0129,0
2023-05-21 01:59:42,1684648783,18.4,55.7,98600,1e-7,2.00,3.00,4.00,0.0108,0
2023-05-21 02:04:50,1684649091,18.5,55.6,98538,1e-7,4.00,7.00,8.00,0.0131,0
2023-05-21 02:09:58,1684649398,18.5,55.5,98500,1e-7,1.00,2.00,3.00,0.0131,0
2023-05-21 02:14:46,1684649687,18.5,55.5,98500,1e-7,1.00,1.00,2.00,0.0125,0
2023-05-21 02:19:54,1684649994,18.5,56.1,98500,1.00,2.00,3.00,4.00,0.00995,0
2023-05-21 02:24:42,1684650283,18.4,55.9,98500,2.00,2.00,2.00,2.00,0.00995,0
2023-05-21 02:26:37,1684650398,18.4,55.3,98500,1e-7,2.00,3.00,4.00,0.00995,0
2023-05-21 02:39:55,1684651195,18.3,56.7,98500,1e-7,1.00,1.00,1.00,0.00995,0
2023-05-21 02:44:43,1684651484,18.3,56.6,98500,1e-7,2.00,3.00,4.00,0.00995,0
2023-05-21 02:49:50,1684651790,18.3,56.6,98500,3.00,4.00,5.00,6.00,0.0152,0
2023-05-21 02:54:57,1684652098,18.3,56.7,98500,2.00,3.00,4.00,4.00,0.0181,0
2023-05-21 02:59:45,1684652386,18.3,57.1,98500,1.00,3.00,5.00,6.00,0.0138,0
2023-05-21 03:00:43,1684652444,18.3,57.4,98500,1e-7,2.00,3.00,4.00,0.0104,0
2023-05-21 03:19:59,1684653599,18.2,57.4,98446,1.00,3.00,5.00,6.00,,
2023-05-21 03:24:51,1684653892,18.2,57.0,98400,1.00,3.00,5.00,7.00,,
2023-05-21 03:29:59,1684654199,18.2,57.1,98400,1e-7,2.00,4.00,4.00,0.0144,0
2023-05-21 03:34:48,1684654488,18.2,57.4,98400,2.00,2.00,3.00,3.00,0.0144,0
2023-05-21 03:39:56,1684654796,18.2,57.4,98400,1e-7,4.00,7.00,8.00,0.0143,0
2023-05-21 03:44:44,1684655085,18.2,57.5,98400,2.00,3.00,4.00,5.00,0.0121,0
2023-05-21 03:49:52,1684655393,18.2,57.7,98400,2.00,2.00,3.00,4.00,0.0112,0
2023-05-21 03:54:41,1684655682,18.2,57.9,98400,2.00,6.00,10.0,12.0,0.0271,0
2023-05-21 03:59:49,1684655989,18.1,58.0,98400,1.00,3.00,5.00,6.00,0.0282,0
2023-05-21 04:04:57,1684656297,18.1,57.5,98400,1.00,3.00,5.00,6.00,0.0288,0
2023-05-21 04:09:46,1684656586,18.1,57.1,98400,2.00,2.00,3.00,4.00,0.0183,0
2023-05-21 04:14:54,1684656894,18.1,57.4,98400,1.00,2.00,3.00,4.00,0.0111,0
2023-05-21 04:19:42,1684657183,18.1,57.7,98400,4.00,4.00,6.00,7.00,0.0111,0
2023-05-21 04:24:50,1684657491,18.1,57.8,98400,1.00,1.00,3.00,3.00,0.0134,0
2023-05-21 04:29:58,1684657799,18.1,57.9,98400,1.00,2.00,3.00,4.00,0.0163,0
2023-05-21 04:34:47,1684658088,18.1,57.9,98400,1.00,3.00,6.00,7.00,0.0122,0
2023-05-21 04:39:55,1684658396,18.2,58.1,98400,2.00,2.00,3.00,3.00,0.0121,0
2023-05-21 04:44:44,1684658684,18.1,58.0,98393,1.00,4.00,6.00,8.00,0.0140,0
2023-05-21 04:49:52,1684658992,18.2,58.2,98400,2.00,6.00,11.0,13.0,0.0188,0
2023-05-21 04:54:41,1684659281,18.1,58.0,98400,1.00,3.00,5.00,7.00,0.0216,0
2023-05-21 04:59:49,1684659589,18.1,58.8,98400,1.00,3.00,4.00,5.00,0.0139,0
2023-05-21 05:04:56,1684659897,18.0,58.9,98394,3.00,5.00,7.00,9.00,0.0139,0
2023-05-21 05:09:45,1684660186,18.1,58.8,98400,5.00,6.00,7.00,7.00,0.0173,0
2023-05-21 05:14:53,1684660494,17.9,59.2,98400,7.00,8.00,8.00,8.00,0.0832,0
2023-05-21 05:19:42,1684660783,17.9,59.2,98400,9.00,9.00,9.00,9.00,0.0832,0
2023-05-21 05:24:50,1684661090,17.6,60.0,98400,8.00,10.0,11.0,11.0,0.0475,0
2023-05-21 05:29:58,1684661398,17.6,59.9,98400,7.00,8.00,9.00,9.00,0.0434,0
2023-05-21 05:34:47,1684661687,17.6,60.0,98393,6.00,6.00,6.00,6.00,0.0968,0
2023-05-21 05:39:55,1684661995,17.5,59.9,98400,6.00,7.00,7.00,7.00,0.0433,0
2023-05-21 05:44:43,1684662284,17.4,60.3,98400,4.00,4.00,4.00,4.00,0.0132,0
2023-05-21 05:49:51,1684662592,17.5,60.0,98400,4.00,5.00,7.00,7.00,0.0162,0
2023-05-21 05:54:59,1684662899,17.5,59.5,98400,4.00,8.00,10.0,11.0,0.0404,0
2023-05-21 05:55:37,1684662938,17.5,59.3,98400,2.00,4.00,5.00,6.00,0.0524,0
2023-05-21 07:22:45,1684668166,16.8,56.3,98500,1.00,3.00,3.00,4.00,,
2023-05-21 13:22:49,1684689769,26.5,32.4,98900,2.00,5.00,7.00,8.00,,
2023-05-21 13:29:47,1684690187,26.4,31.6,98900,5.00,6.00,7.00,8.00,,
2023-05-21 13:34:49,1684690490,26.0,32.6,98900,5.00,7.00,8.00,9.00,,
2023-05-21 13:39:52,1684690793,25.5,34.1,98925,6.00,6.00,6.00,7.00,0.0150,0
2023-05-21 13:40:11,1684690812,25.4,34.8,99000,2.00,2.00,2.00,2.00,0.0101,0
2023-05-21 13:54:41,1684691681,26.5,33.8,99000,4.00,5.00,6.00,6.00,0.0111,0
2023-05-21 13:59:04,1684691945,26.7,31.8,99000,10.0,12.0,12.0,14.0,0.0240,0
2023-05-21 14:04:48,1684692289,26.7,29.5,98980,8.00,9.00,9.00,9.00,0.153,0
2023-05-21 14:09:50,1684692591,26.8,29.3,99000,5.00,7.00,8.00,9.00,0.153,0
2023-05-21 14:14:52,1684692893,27.0,28.7,99000,9.00,9.00,9.00,11.0,0.108,0
2023-05-21 14:15:11,1684692912,26.9,27.5,99000,4.00,4.00,4.00,4.00,0.0140,0
2023-05-21 14:24:48,1684693489,25.6,27.0,99000,4.00,6.00,7.00,8.00,0.0105,0
2023-05-21 14:29:51,1684693792,25.4,27.8,99000,9.00,9.00,9.00,10.0,0.0187,0
2023-05-21 14:33:38,1684694018,25.6,28.0,99000,6.00,7.00,7.00,7.00,0.0363,0
2023-05-21 14:44:51,1684694692,26.7,26.4,99000,16.0,17.0,17.0,17.0,0.0389,0
2023-05-21 14:49:53,1684694994,26.7,25.0,99000,11.0,13.0,16.0,18.0,0.156,0
2023-05-21 14:59:41,1684695582,25.8,24.4,99092,9.00,9.00,10.0,10.0,0.0394,0
2023-05-21 15:04:44,1684695884,25.8,23.8,99100,12.0,13.0,13.0,14.0,0.0236,0
2023-05-21 15:07:34,1684696055,25.9,24.4,99100,8.00,9.00,12.0,13.0,0.0212,0
2023-05-21 15:19:44,1684696784,26.4,24.1,99100,15.0,17.0,17.0,18.0,0.0436,0
2023-05-21 15:24:46,1684697087,26.2,23.1,99100,17.0,21.0,23.0,24.0,0.187,0
2023-05-21 15:27:17,1684697237,25.8,22.4,99100,8.00,9.00,9.00,9.00,0.152,0
2023-05-21 15:34:41,1684697682,25.5,23.7,99100,15.0,16.0,16.0,16.0,0.114,0
2023-05-21 15:39:44,1684697984,25.8,21.5,99100,10.0,12.0,13.0,14.0,0.113,0
2023-05-21 15:43:29,1684698210,26.1,20.5,99100,10.0,13.0,15.0,16.0,0.0322,0
2023-05-21 15:54:59,1684698900,26.7,20.4,99100,9.00,9.00,9.00,9.00,0.0146,0
2023-05-21 15:59:42,1684699183,26.8,20.6,99107,6.00,6.00,7.00,8.00,0.0309,0
2023-05-21 16:02:13,1684699334,27.0,20.2,99100,3.00,5.00,6.00,6.00,0.0723,0
2023-05-21 16:09:59,1684699799,27.6,18.7,99200,9.00,9.00,9.00,9.00,0.0723,0
2023-05-21 16:14:41,1684700082,27.7,18.2,99200,7.00,9.00,10.0,11.0,0.0585,0
2023-05-21 16:19:43,1684700384,27.6,17.8,99200,6.00,11.0,14.0,16.0,0.0262,0
2023-05-21 16:20:20,1684700421,27.5,17.4,99200,2.00,3.00,4.00,5.00,0.0197,0
2023-05-21 16:29:50,1684700990,27.1,16.4,99200,3.00,3.00,4.00,5.00,0.0241,0
2023-05-21 16:34:33,1684701273,26.9,16.4,99200,4.00,5.00,6.00,6.00,0.0725,0
2023-05-21 16:44:58,1684701898,26.8,16.1,99200,2.00,7.00,10.0,12.0,0.0274,0
2023-05-21 16:49:59,1684702200,26.9,16.4,99200,2.00,3.00,3.00,4.00,0.0149,0
2023-05-21 16:54:42,1684702482,27.0,15.6,99200,1.00,4.00,6.00,7.00,0.0150,0
2023-05-21 16:59:52,1684702792,27.0,15.7,99200,2.00,6.00,9.00,11.0,0.0179,0
2023-05-21 17:04:54,1684703094,26.8,16.8,99238,2.00,3.00,5.00,5.00,0.0224,0
2023-05-21 17:09:56,1684703396,26.6,16.5,99294,3.00,6.00,10.0,12.0,0.0142,0
2023-05-21 17:11:29,1684703490,26.4,16.4,99300,1.00,1.00,2.00,2.00,0.00703,0
2023-05-21 17:19:43,1684703984,26.0,18.1,99300,2.00,2.00,3.00,4.00,0.00970,0
2023-05-21 17:24:46,1684704286,25.8,17.6,99300,2.00,4.00,7.00,8.00,0.0189,0
2023-05-21 17:28:32,1684704513,25.5,17.1,99300,3.00,7.00,11.0,12.0,0.0233,0
2023-05-21 17:34:53,1684704894,25.3,16.8,99300,1e-7,1.00,3.00,3.00,0.0132,0
2023-05-21 17:39:56,1684705197,25.2,16.1,99300,2.00,5.00,8.00,10.0,0.0270,0
2023-05-21 17:44:59,1684705500,24.9,16.3,99300,2.00,5.00,7.00,8.00,0.0256,0
2023-05-21 17:49:45,1684705785,24.4,16.3,99300,2.00,2.00,3.00,4.00,0.0256,0
2023-05-21 17:54:49,1684706089,23.8,16.7,99300,2.00,3.00,3.00,4.00,0.0338,0
2023-05-21 17:59:53,1684706393,23.4,17.0,99300,3.00,4.00,5.00,7.00,0.0177,0
2023-05-21 18:04:57,1684706698,23.3,17.6,99325,3.00,3.00,4.00,4.00,0.0177,0
2023-05-21 18:09:42,1684706983,23.3,17.5,99400,1.00,4.00,6.00,7.00,0.0194,0
2023-05-21 18:14:47,1684707287,23.3,18.3,99400,1.00,3.00,5.00,6.00,0.0117,0
2023-05-21 18:19:51,1684707592,23.1,18.9,99400,4.00,4.00,6.00,8.00,0.0114,0
2023-05-21 18:24:56,1684707896,22.8,19.9,99400,1.00,2.00,3.00,4.00,0.0130,0
2023-05-21 18:29:41,1684708182,22.6,23.4,99400,1.00,2.00,3.00,4.00,0.0125,0
2023-05-21 18:34:46,1684708487,22.5,22.4,99400,1.00,2.00,3.00,4.00,0.0119,0
2023-05-21 18:39:51,1684708792,22.3,23.0,99400,2.00,3.00,4.00,4.00,0.00995,0
2023-05-21 18:44:56,1684709097,22.0,23.2,99425,2.00,4.00,7.00,9.00,0.0118,0
2023-05-21 18:49:42,1684709383,21.7,21.9,99500,1.00,3.00,5.00,7.00,0.0171,0
2023-05-21 18:54:48,1684709688,21.3,20.9,99500,1.00,3.00,5.00,6.00,0.0171,0
2023-05-21 18:59:54,1684709994,20.8,21.2,99500,2.00,4.00,7.00,9.00,0.0104,0
2023-05-21 19:04:59,1684710300,20.4,21.7,99500,1.00,2.00,3.00,4.00,0.00960,0
2023-05-21 19:09:46,1684710587,20.1,22.8,99500,2.00,3.00,5.00,6.00,0.0123,0
2023-05-21 19:14:52,1684710893,19.8,24.9,99500,1e-7,1.00,2.00,3.00,0.00866,0
2023-05-21 19:19:59,1684711199,19.6,24.1,99500,1.00,3.00,5.00,6.00,0.0162,0
2023-05-21 19:24:46,1684711487,19.3,23.1,99533,1.00,4.00,6.00,8.00,0.0194,0
2023-05-21 19:29:53,1684711793,19.1,23.7,99600,1.00,3.00,5.00,6.00,0.0194,0
2023-05-21 19:34:41,1684712081,18.8,23.2,99600,1.00,3.00,6.00,7.00,0.0128,0
2023-05-21 19:39:48,1684712388,18.5,22.8,99600,1.00,3.00,5.00,7.00,0.0156,0
2023-05-21 19:44:55,1684712695,18.3,23.1,99600,2.00,2.00,3.00,4.00,0.0169,0
2023-05-21 19:49:43,1684712983,18.1,24.6,99600,2.00,3.00,6.00,8.00,0.0152,0
2023-05-21 19:54:50,1684713290,17.9,23.9,99600,1.00,3.00,6.00,7.00,0.0141,0
2023-05-21 19:59:58,1684713598,17.7,23.4,99600,1.00,2.00,4.00,4.00,0.0139,0
2023-05-21 20:04:46,1684713887,17.5,23.6,99600,2.00,5.00,9.00,10.0,0.0113,0
2023-05-21 20:09:54,1684714194,17.3,23.8,99606,1.00,5.00,8.00,10.0,0.0174,0
2023-05-21 20:14:43,1684714483,17.1,23.5,99693,1.00,2.00,4.00,5.00,0.0325,0
2023-05-21 20:19:51,1684714791,16.9,23.1,99700,1.00,2.00,3.00,4.00,0.0325,0
2023-05-21 20:24:59,1684715099,16.7,22.5,99700,2.00,2.00,3.00,4.00,0.0101,0
2023-05-21 20:29:48,1684715388,16.6,22.7,99700,1e-7,2.00,3.00,4.00,0.00995,0
2023-05-21 20:34:57,1684715697,16.4,22.8,99700,1e-7,2.00,3.00,4.00,0.00995,0
2023-05-21 20:39:46,1684715987,16.1,22.9,99700,1e-7,2.00,3.00,4.00,0.00995,0
2023-05-21 20:44:55,1684716295,15.9,23.7,99700,1e-7,1.00,3.00,3.00,0.00995,0
2023-05-21 20:49:44,1684716585,15.6,23.6,99760,2.00,4.00,5.00,6.00,0.0139,0
2023-05-21 20:54:53,1684716894,15.3,23.8,99800,1.00,2.00,3.00,4.00,0.0166,0
2023-05-21 20:59:43,1684717184,15.1,24.1,99800,1.00,2.00,3.00,4.00,0.0129,0
2023-05-21 21:04:52,1684717493,15.0,24.2,99800,1e-7,2.00,3.00,4.00,0.0117,0
2023-05-21 21:09:42,1684717783,14.7,24.2,99800,2.00,3.00,3.00,4.00,0.00995,0
2023-05-21 21:14:52,1684718092,14.5,25.0,99800,1.00,2.00,3.00,4.00,0.00995,0
2023-05-21 21:19:42,1684718382,14.3,25.2,99800,1.00,4.00,7.00,9.00,0.0178,0
2023-05-21 21:24:51,1684718692,14.1,25.5,99888,2.00,3.00,4.00,5.00,0.0178,0
2023-05-21 21:29:42,1684718982,13.9,25.4,99900,3.00,3.00,5.00,6.00,0.0156,0
2023-05-21 21:34:52,1684719292,13.7,25.9,99900,2.00,4.00,7.00,9.00,0.0197,0
2023-05-21 21:39:42,1684719583,13.5,26.0,99900,1.00,2.00,3.00,4.00,0.0187,0
2023-05-21 21:44:52,1684719893,13.3,26.6,99900,1.00,2.00,3.00,4.00,0.0210,0
2023-05-21 21:49:43,1684720183,13.1,27.1,99900,2.00,3.00,5.00,7.00,0.0124,0
2023-05-21 21:54:53,1684720494,12.8,27.1,99900,1.00,3.00,5.00,6.00,0.0130,0
2023-05-21 21:59:44,1684720785,12.6,27.1,99987,1.00,1.00,2.00,3.00,0.0109,0
2023-05-21 22:04:55,1684721095,12.3,27.4,100000,1.00,2.00,3.00,4.00,0.0108,0
2023-05-21 22:09:46,1684721387,12.2,27.8,100000,1.00,3.00,4.00,5.00,0.0122,0
2023-05-21 22:14:57,1684721697,12.0,27.9,100000,2.00,4.00,7.00,9.00,0.0184,0
2023-05-21 22:19:48,1684721989,11.8,28.1,100000,2.00,4.00,7.00,8.00,0.0184,0
2023-05-21 22:24:59,1684722300,11.6,28.6,100000,1.00,3.00,5.00,6.00,0.0144,0
2023-05-21 22:29:51,1684722591,11.4,28.5,100000,1.00,3.00,5.00,6.00,0.0188,0
2023-05-21 22:34:43,1684722883,11.3,28.3,100067,1.00,4.00,7.00,9.00,0.0137,0
2023-05-21 22:39:54,1684723195,11.1,28.7,100100,2.00,6.00,10.0,12.0,0.0185,0
2023-05-21 22:44:46,1684723487,10.9,29.0,100100,1.00,4.00,7.00,8.00,0.0240,0
2023-05-21 22:49:58,1684723798,10.8,29.0,100100,2.00,4.00,7.00,9.00,0.0240,0
2023-05-21 22:54:50,1684724090,10.6,29.0,100100,1.00,3.00,5.00,6.00,0.0117,0
2023-05-21 22:59:42,1684724382,10.5,29.3,100100,2.00,5.00,7.00,9.00,0.0142,0
2023-05-21 23:04:53,1684724694,10.3,29.7,100100,2.00,2.00,4.00,4.00,0.0141,0
2023-05-21 23:09:46,1684724986,10.1,30.0,100100,1.00,3.00,5.00,7.00,0.0152,0
2023-05-21 23:14:58,1684725298,9.97,30.2,100100,2.00,5.00,8.00,10.0,0.0203,0
2023-05-21 23:19:50,1684725591,9.80,30.1,100100,1.00,3.00,4.00,5.00,0.0186,0
2023-05-21 23:24:43,1684725883,9.66,30.3,100100,1.00,4.00,7.00,8.00,0.0164,0
2023-05-21 23:29:55,1684726195,9.54,30.3,100100,1.00,4.00,7.00,8.00,0.0141,0
2023-05-21 23:34:47,1684726488,9.39,30.6,100187,1.00,3.00,6.00,7.00,0.0141,0
2023-05-21 23:39:59,1684726800,9.22,30.8,100200,2.00,2.00,3.00,4.00,0.0206,0
2023-05-21 23:44:52,1684727093,9.07,30.8,100200,2.00,2.00,3.00,4.00,0.0195,0
2023-05-21 23:49:45,1684727385,8.94,30.6,100200,2.00,4.00,6.00,8.00,0.0149,0
2023-05-21 23:54:57,1684727698,8.82,30.9,100200,2.00,2.00,3.00,4.00,0.0144,0
2023-05-21 23:59:50,1684727991,8.71,31.4,100200,1.00,2.00,3.00,4.00,0.0135,0
2023-05-22 00:04:43,1684728284,8.56,31.1,100200,2.00,3.00,5.00,6.00,0.0105,0
2023-05-22 00:09:56,1684728596,8.44,31.3,100200,1.00,2.00,3.00,4.00,0.0116,0
2023-05-22 00:14:49,1684728890,8.33,31.7,100200,1.00,3.00,6.00,7.00,0.0112,0
2023-05-22 00:19:42,1684729183,8.21,31.9,100240,1.00,2.00,3.00,4.00,0.0121,0
2023-05-22 00:24:55,1684729496,8.09,32.0,100300,2.00,4.00,6.00,7.00,0.0127,0
2023-05-22 00:29:48,1684729789,7.96,31.9,100300,1.00,5.00,9.00,11.0,0.0141,0
2023-05-22 00:34:42,1684730082,7.84,32.2,100300,1.00,5.00,9.00,11.0,0.0151,0
2023-05-22 00:39:55,1684730395,7.69,32.3,100300,1.00,1.00,3.00,3.00,0.0131,0
2023-05-22 00:44:49,1684730689,7.58,32.3,100300,1e-7,2.00,3.00,4.00,0.0329,0
2023-05-22 00:49:42,1684730983,7.49,32.7,100300,1e-7,3.00,6.00,7.00,0.0208,0
2023-05-22 00:54:56,1684731296,7.37,32.8,100300,1.00,3.00,5.00,6.00,0.0134,0
2023-05-22 00:59:50,1684731590,7.23,33.0,100300,1.00,4.00,6.00,7.00,0.0131,0
2023-05-22 01:04:44,1684731884,7.09,33.2,100300,1.00,2.00,3.00,4.00,0.0173,0
2023-05-22 01:09:58,1684732198,6.93,33.5,100300,1.00,1.00,2.00,3.00,0.0173,0
2023-05-22 01:14:52,1684732492,6.75,33.5,100300,1.00,2.00,3.00,4.00,0.0124,0
2023-05-22 01:19:46,1684732786,6.60,34.4,100300,1e-7,2.00,3.00,4.00,0.00995,0
2023-05-22 01:24:40,1684733080,6.47,34.4,100300,1e-7,2.00,3.00,4.00,0.00995,0
2023-05-22 01:29:54,1684733394,6.35,34.7,100300,1.00,2.00,3.00,4.00,0.00995,0
2023-05-22 01:34:48,1684733689,6.26,34.9,100300,1.00,4.00,7.00,8.00,0.0139,0
2023-05-22 01:39:43,1684733983,6.20,35.2,100300,1.00,2.00,3.00,4.00,0.0127,0
2023-05-22 01:44:57,1684734297,6.05,35.5,100300,1.00,3.00,5.00,6.00,0.0112,0
2023-05-22 01:49:52,1684734593,5.86,35.6,100300,1e-7,2.00,3.00,4.00,0.0119,0
2023-05-22 01:54:47,1684734887,5.63,36.1,100300,1.00,1.00,2.00,2.00,0.0123,0
2023-05-22 01:59:42,1684735183,5.40,36.8,100300,1e-7,3.00,5.00,7.00,0.0120,0
2023-05-22 02:01:01,1684735261,5.24,37.2,100300,1e-7,1.00,2.00,3.00,0.0111,0
2023-05-22 02:14:47,1684736087,4.61,38.4,100400,1e-7,1.00,3.00,3.00,0.0111,0
2023-05-22 02:19:42,1684736383,4.52,38.7,100400,1e-7,1.00,2.00,3.00,0.0111,0
2023-05-22 02:24:57,1684736698,4.36,39.4,100400,1e-7,4.00,7.00,8.00,0.0129,0
2023-05-22 02:29:52,1684736993,4.16,40.0,100400,1e-7,1e-7,1.00,1.00,0.0131,0
2023-05-22 02:34:48,1684737288,3.96,39.8,100400,1e-7,1.00,3.00,3.00,0.0146,0
2023-05-22 02:39:43,1684737584,3.80,39.9,100400,1e-7,2.00,3.00,4.00,0.0119,0
2023-05-22 02:44:59,1684737899,3.66,40.1,100400,1.00,1.00,1.00,1.00,0.00995,0
2023-05-22 02:49:55,1684738195,3.51,40.5,100400,1.00,2.00,3.00,4.00,0.00995,0
2023-05-22 02:54:51,1684738491,3.36,40.6,100400,1e-7,2.00,3.00,4.00,0.00995,0
2023-05-22 02:59:47,1684738787,3.24,40.7,100400,2.00,3.00,5.00,7.00,0.00995,0
2023-05-22 03:04:43,1684739083,3.10,41.5,100400,1e-7,2.00,4.00,4.00,0.0116,0
2023-05-22 03:09:59,1684739399,2.95,41.9,100400,1e-7,2.00,3.00,4.00,0.0122,0
2023-05-22 03:14:55,1684739695,2.82,41.7,100400,1e-7,2.00,4.00,4.00,0.0122,0
2023-05-22 03:19:51,1684739992,2.71,41.8,100400,1.00,2.00,3.00,4.00,0.00995,0
2023-05-22 03:24:47,1684740288,2.63,42.5,100400,1e-7,2.00,3.00,4.00,0.00995,0
2023-05-22 03:29:43,1684740584,2.53,42.3,100400,1.00,3.00,5.00,6.00,0.0103,0
2023-05-22 03:34:40,1684740880,2.46,42.4,100400,1e-7,2.00,3.00,4.00,0.0109,0
2023-05-22 03:39:56,1684741196,2.38,42.4,100419,1e-7,2.00,3.00,4.00,0.0109,0
2023-05-22 03:44:52,1684741493,2.28,42.2,100440,1e-7,2.00,3.00,4.00,0.0104,0
2023-05-22 03:49:49,1684741789,2.14,42.4,100500,1e-7,3.00,6.00,7.00,0.00995,0
2023-05-22 03:54:45,1684742086,2.00,42.8,100500,1.00,2.00,3.00,4.00,0.0131,0
2023-05-22 03:59:42,1684742383,1.88,43.4,100500,1e-7,2.00,3.00,4.00,0.0145,0
2023-05-22 04:04:59,1684742699,1.77,44.6,100500,1e-7,3.00,5.00,7.00,0.0124,0
2023-05-22 04:09:55,1684742996,1.74,45.5,100500,1e-7,2.00,3.00,4.00,0.0127,0
2023-05-22 04:14:51,1684743291,1.78,45.5,100500,2.00,3.00,5.00,6.00,0.0127,0
2023-05-22 04:19:48,1684743588,1.72,45.2,100500,1.00,4.00,6.00,7.00,0.0198,0
2023-05-22 04:24:44,1684743885,1.65,45.0,100500,1e-7,2.00,3.00,4.00,0.0198,0
2023-05-22 04:29:41,1684744182,1.61,45.0,100500,1e-7,2.00,4.00,4.00,0.0221,0
2023-05-22 04:34:58,1684744498,1.55,44.6,100500,1.00,1.00,2.00,3.00,0.0162,0
2023-05-22 04:39:55,1684744795,1.47,44.2,100500,1e-7,1e-7,1e-7,1e-7,0.00995,0
2023-05-22 04:44:51,1684745092,1.37,44.8,100500,1e-7,2.00,3.00,4.00,0.00995,0
2023-05-22 04:49:48,1684745389,1.31,44.9,100540,1e-7,2.00,3.00,4.00,0.00995,0
2023-05-22 04:54:45,1684745686,1.25,44.8,100600,1e-7,1.00,2.00,3.00,0.00995,0
2023-05-22 04:59:42,1684745983,1.18,45.0,100600,1.00,5.00,8.00,9.00,0.0123,0
2023-05-22 05:04:59,1684746299,1.11,45.0,100600,1e-7,2.00,3.00,4.00,0.0143,0
2023-05-22 05:09:56,1684746596,1.04,45.8,100600,1.00,2.00,3.00,4.00,0.00995,0
2023-05-22 05:14:53,1684746893,1.04,46.6,100600,1e-7,1e-7,1e-7,1e-7,0.00995,0
2023-05-22 05:19:50,1684747190,1.08,45.8,100600,1e-7,1e-7,1e-7,1e-7,0.00995,0
2023-05-22 05:24:46,1684747487,1.09,46.1,100600,1.00,1.00,2.00,2.00,0.00995,0
2023-05-22 05:29:42,1684747783,1.12,47.0,100600,1e-7,2.00,3.00,4.00,0.00995,0
2023-05-22 05:34:59,1684748100,1.18,47.5,100600,1e-7,2.00,3.00,4.00,0.00995,0
2023-05-22 05:35:39,1684748139,1.24,47.8,100600,1e-7,1e-7,1e-7,1e-7,0.00995,0
2023-05-22 05:54:50,1684749290,2.55,47.1,100600,1e-7,1e-7,1.00,1.00,,
2023-05-22 05:59:45,1684749585,2.85,46.2,100600,1.00,6.00,10.0,12.0,,
2023-05-22 06:04:59,1684749900,3.40,45.5,100600,1.00,6.00,11.0,13.0,,
2023-05-22 06:09:54,1684750195,3.98,44.2,100600,2.00,2.00,3.00,3.00,0.0334,0
2023-05-22 06:14:48,1684750488,4.59,43.1,100600,1.00,4.00,7.00,8.00,0.0318,0
2023-05-22 06:19:42,1684750782,5.23,41.4,100600,1e-7,2.00,3.00,4.00,0.0186,0
2023-05-22 06:24:54,1684751095,5.97,40.4,100600,1e-7,2.00,3.00,4.00,0.0148,0
2023-05-22 06:29:47,1684751387,6.76,39.5,100600,1e-7,2.00,3.00,4.00,0.0135,0
2023-05-22 06:34:58,1684751699,7.50,37.9,100600,1.00,3.00,6.00,7.00,0.0129,0
2023-05-22 06:39:50,1684751991,8.17,37.0,100600,1e-7,3.00,5.00,7.00,0.0129,0
2023-05-22 06:44:41,1684752282,8.87,35.7,100600,1.00,2.00,3.00,3.00,0.0167,0
2023-05-22 06:49:15,1684752556,9.51,34.1,100650,1.00,4.00,7.00,8.00,0.0167,0
2023-05-22 06:54:43,1684752884,10.1,32.7,100700,1e-7,5.00,9.00,11.0,0.0236,0
2023-05-22 06:59:53,1684753193,10.7,31.0,100700,1.00,2.00,3.00,4.00,0.0251,0
2023-05-22 07:04:42,1684753483,11.0,29.8,100700,1.00,5.00,8.00,10.0,0.0257,0
2023-05-22 07:09:51,1684753792,11.3,29.0,100700,1.00,2.00,3.00,4.00,0.0217,0
2023-05-22 07:10:30,1684753831,11.3,28.2,100700,1e-7,1e-7,1e-7,1e-7,0.0134,0
2023-05-22 09:54:46,1684763687,20.8,16.0,100700,1e-7,2.00,3.00,4.00,,
2023-05-22 09:59:50,1684763991,21.1,15.7,100700,1.00,2.00,3.00,4.00,,
2023-05-22 10:02:22,1684764143,21.4,15.4,100700,1.00,2.00,3.00,3.00,,
2023-05-22 10:19:45,1684765185,21.0,15.4,100700,2.00,5.00,8.00,10.0,0.0119,0
2023-05-22 10:21:00,1684765260,20.8,16.1,100700,1.00,2.00,2.00,3.00,0.0117,0
2023-05-22 10:29:54,1684765794,20.6,14.7,100700,1.00,1.00,3.00,3.00,0.0152,0
2023-05-22 10:34:58,1684766099,20.3,14.6,100700,3.00,4.00,5.00,7.00,0.0123,0
2023-05-22 10:38:46,1684766327,20.0,15.5,100700,2.00,5.00,9.00,11.0,0.0183,0
2023-05-22 10:49:44,1684766985,20.1,15.3,100700,1.00,2.00,3.00,4.00,0.0155,0
2023-05-22 10:54:49,1684767290,20.1,15.7,100700,1.00,3.00,5.00,6.00,0.0182,0
2023-05-22 10:55:28,1684767328,20.0,16.0,100700,1e-7,1e-7,1e-7,1e-7,0.0184,0
2023-05-22 11:04:52,1684767892,19.6,16.0,100700,1.00,1.00,2.00,2.00,0.0184,0
2023-05-22 11:09:57,1684768197,19.4,16.1,100700,3.00,3.00,3.00,4.00,0.0131,0
2023-05-22 11:13:08,1684768389,19.3,16.3,100700,1.00,2.00,3.00,4.00,0.00995,0
2023-05-22 11:19:50,1684768790,19.7,16.2,100700,2.00,2.00,3.00,4.00,0.00995,0
2023-05-22 11:24:56,1684769096,19.8,15.8,100700,3.00,5.00,6.00,7.00,0.0174,0
2023-05-22 11:29:42,1684769383,19.4,16.9,100700,3.00,3.00,3.00,3.00,0.0174,0
2023-05-22 11:31:17,1684769477,19.5,16.0,100700,2.00,2.00,2.00,2.00,0.0102,0
2023-05-22 11:39:43,1684769984,18.9,15.4,100700,1e-7,1.00,2.00,3.00,0.0143,0
2023-05-22 11:44:50,1684770290,18.8,15.6,100700,1.00,3.00,4.00,4.00,0.0143,0
2023-05-22 11:49:55,1684770596,19.0,15.2,100700,1.00,2.00,3.00,4.00,0.0101,0
2023-05-22 11:54:52,1684770892,19.4,15.4,100633,1e-7,1.00,2.00,3.00,0.0101,0
2023-05-22 11:59:57,1684771198,20.1,15.7,100631,1.00,3.00,6.00,7.00,0.0101,0
2023-05-22 12:04:43,1684771484,20.5,14.7,100600,2.00,5.00,7.00,8.00,0.0242,0
2023-05-22 12:07:16,1684771636,20.2,14.4,100600,1.00,3.00,4.00,5.00,0.0253,0
2023-05-22 12:14:52,1684772092,20.0,14.6,100600,1.00,6.00,10.0,12.0,0.0247,0
2023-05-22 12:19:57,1684772398,20.2,14.7,100600,1.00,3.00,5.00,6.00,0.0247,0
2023-05-22 12:24:42,1684772683,20.7,14.8,100600,2.00,4.00,7.00,8.00,0.0345,0
2023-05-22 12:25:01,1684772702,21.0,14.8,100600,1e-7,1e-7,1.00,1.00,0.0292,0
2023-05-22 12:34:52,1684773293,21.2,14.4,100600,2.00,2.00,4.00,4.00,0.0292,0
2023-05-22 12:39:57,1684773598,21.0,13.9,100600,2.00,3.00,5.00,6.00,0.0168,0
2023-05-22 12:40:16,1684773617,21.0,14.2,100600,1e-7,1e-7,1e-7,1e-7,0.0109,0
2023-05-22 12:54:58,1684774498,21.5,13.8,100600,2.00,2.00,3.00,4.00,0.0119,0
2023-05-22 12:59:05,1684774745,20.8,14.1,100600,2.00,3.00,5.00,6.00,0.0107,0
2023-05-22 13:04:49,1684775090,20.8,14.0,100600,1e-7,1e-7,1e-7,1e-7,0.00843,0
2023-05-22 13:09:54,1684775394,21.0,14.5,100600,2.00,3.00,5.00,6.00,0.0114,0
2023-05-22 13:14:59,1684775699,21.3,13.8,100600,1.00,2.00,4.00,4.00,0.00995,0
2023-05-22 13:18:08,1684775889,21.3,13.9,100600,3.00,4.00,6.00,7.00,0.0115,0
2023-05-22 13:24:48,1684776288,20.8,14.5,100600,1.00,2.00,3.00,4.00,0.0129,0
2023-05-22 13:29:53,1684776593,20.7,14.5,100600,2.00,3.00,5.00,6.00,0.0152,0
2023-05-22 13:34:19,1684776860,20.5,14.6,100600,1.00,2.00,3.00,4.00,0.0111,0
2023-05-22 13:39:44,1684777185,20.8,14.5,100600,1.00,3.00,4.00,5.00,0.0109,0
2023-05-22 13:44:49,1684777490,20.8,15.5,100600,2.00,3.00,4.00,4.00,0.0122,0
2023-05-22 13:49:55,1684777795,21.0,14.5,100600,1.00,2.00,3.00,4.00,0.00983,0
2023-05-22 13:50:52,1684777852,20.9,15.3,100600,1e-7,2.00,3.00,4.00,0.0103,0
2023-05-22 13:59:47,1684778388,20.5,14.2,100600,2.00,2.00,3.00,3.00,0.0105,0
2023-05-22 14:04:53,1684778693,20.0,14.9,100600,2.00,3.00,4.00,4.00,0.0101,0
2023-05-22 14:08:04,1684778884,19.8,15.8,100600,2.00,3.00,5.00,6.00,0.0101,0
2023-05-22 14:14:45,1684779285,19.6,15.6,100600,1e-7,1.00,1.00,1.00,0.0123,0
2023-05-22 14:19:50,1684779591,19.7,16.6,100550,2.00,5.00,8.00,9.00,0.0150,0
2023-05-22 14:24:56,1684779897,19.7,16.0,100563,2.00,2.00,3.00,4.00,0.0138,0
2023-05-22 14:26:51,1684780011,19.9,15.8,100500,1.00,1.00,2.00,2.00,0.00910,0
2023-05-22 14:34:47,1684780488,20.4,15.9,100500,2.00,3.00,4.00,5.00,0.0223,0
2023-05-22 14:39:53,1684780793,20.6,15.7,100500,2.00,4.00,6.00,7.00,0.0125,0
2023-05-22 14:43:23,1684781003,20.8,15.8,100500,1.00,6.00,9.00,11.0,0.0181,0
2023-05-22 14:49:43,1684781384,20.1,16.2,100500,1e-7,1e-7,1e-7,1e-7,0.0192,0
2023-05-22 14:54:47,1684781688,20.3,15.8,100500,2.00,2.00,3.00,4.00,0.0196,0
2023-05-22 14:59:53,1684781993,20.6,16.0,100500,3.00,4.00,4.00,5.00,0.0180,0
2023-05-22 15:01:46,1684782107,20.5,16.1,100500,2.00,2.00,4.00,4.00,0.0131,0
2023-05-22 15:09:55,1684782596,20.9,15.7,100500,2.00,2.00,2.00,2.00,0.0125,0
2023-05-22 15:14:42,1684782882,21.0,15.2,100500,2.00,5.00,7.00,8.00,0.0106,0
2023-05-22 15:19:27,1684783168,20.7,15.5,100500,2.00,3.00,5.00,6.00,0.0140,0
2023-05-22 15:24:53,1684783494,20.7,15.7,100500,1e-7,1.00,1.00,1.00,0.0105,0
2023-05-22 15:29:58,1684783799,20.9,15.4,100500,2.00,3.00,5.00,6.00,0.0106,0
2023-05-22 15:34:44,1684784085,21.3,14.9,100500,2.00,3.00,5.00,6.00,0.0124,0
2023-05-22 15:36:57,1684784218,21.6,15.4,100500,2.00,3.00,4.00,4.00,0.0103,0
2023-05-22 15:44:55,1684784696,21.0,16.4,100500,2.00,4.00,6.00,7.00,0.0123,0
2023-05-22 15:49:41,1684784982,21.1,15.9,100500,3.00,3.00,4.00,4.00,0.0107,0
2023-05-22 15:54:46,1684785287,21.1,15.6,100500,1.00,2.00,3.00,4.00,0.0135,0
2023-05-22 15:55:43,1684785343,21.2,15.8,100500,1.00,2.00,3.00,3.00,0.0135,0
2023-05-22 16:04:57,1684785898,21.5,16.1,100500,5.00,5.00,10.0,12.0,0.0151,0
2023-05-22 16:09:43,1684786183,21.6,15.7,100500,4.00,6.00,9.00,11.0,0.0389,0
2023-05-22 16:12:15,1684786335,21.8,15.8,100500,2.00,2.00,3.00,4.00,0.0163,0
2023-05-22 16:19:51,1684786792,21.8,15.7,100500,1.00,2.00,4.00,5.00,0.0289,0
2023-05-22 16:24:56,1684787096,22.1,15.6,100500,3.00,5.00,8.00,10.0,0.0326,0
2023-05-22 16:28:25,1684787306,22.0,15.6,100500,3.00,4.00,4.00,5.00,0.0254,0
2023-05-22 16:39:52,1684787992,21.8,15.6,100500,1.00,3.00,5.00,6.00,0.0244,0
2023-05-22 16:44:57,1684788297,22.2,15.7,100500,4.00,4.00,5.00,6.00,0.0163,0
2023-05-22 16:46:32,1684788392,22.2,14.8,100500,4.00,9.00,13.0,15.0,0.0123,0
2023-05-22 16:54:47,1684788888,22.2,15.4,100500,2.00,4.00,6.00,7.00,0.0358,0
2023-05-22 16:59:52,1684789193,21.9,15.3,100500,2.00,5.00,6.00,8.00,0.0358,0
2023-05-22 17:04:57,1684789497,21.7,15.7,100500,3.00,4.00,6.00,7.00,0.0230,0
2023-05-22 17:19:58,1684790398,20.5,16.4,100500,3.00,4.00,6.00,6.00,0.0122,0
2023-05-22 17:24:24,1684790664,20.5,16.4,100500,3.00,6.00,10.0,12.0,0.0110,0
2023-05-22 17:29:57,1684790998,20.8,16.3,100500,2.00,3.00,3.00,4.00,0.0123,0
2023-05-22 17:34:44,1684791284,20.9,16.2,100500,2.00,3.00,4.00,4.00,0.0206,0
2023-05-22 17:39:49,1684791590,21.0,16.5,100500,2.00,4.00,5.00,5.00,0.0106,0
2023-05-22 17:44:55,1684791896,20.9,16.6,100500,2.00,4.00,6.00,8.00,0.0113,0
2023-05-22 17:49:42,1684792182,20.0,17.2,100500,4.00,4.00,4.00,5.00,0.0130,0
2023-05-22 17:54:48,1684792489,19.5,18.1,100500,3.00,3.00,4.00,4.00,0.0149,0
2023-05-22 17:59:54,1684792795,19.3,17.8,100500,4.00,5.00,7.00,8.00,0.0149,0
2023-05-22 18:04:41,1684793082,19.5,17.5,100500,4.00,4.00,4.00,5.00,0.0172,0
2023-05-22 18:09:48,1684793388,19.7,17.6,100500,2.00,4.00,5.00,5.00,0.0116,0
2023-05-22 18:14:54,1684793694,19.9,17.0,100500,2.00,5.00,7.00,8.00,0.0137,0
2023-05-22 18:19:41,1684793982,19.7,17.1,100500,4.00,5.00,5.00,5.00,0.0160,0
2023-05-22 18:24:47,1684794288,19.7,17.4,100500,4.00,4.00,5.00,6.00,0.0160,0
2023-05-22 18:29:54,1684794594,19.4,17.5,100500,2.00,3.00,4.00,5.00,0.0107,0
2023-05-22 18:34:41,1684794882,19.2,17.9,100500,2.00,5.00,8.00,9.00,0.0137,0
2023-05-22 18:39:48,1684795188,19.0,17.7,100500,4.00,6.00,10.0,12.0,0.0126,0
2023-05-22 18:44:55,1684795495,18.7,17.9,100500,3.00,4.00,6.00,7.00,0.0157,0
2023-05-22 18:49:42,1684795783,18.6,18.4,100500,2.00,3.00,5.00,5.00,0.0286,0
2023-05-22 18:54:49,1684796090,18.3,18.6,100500,2.00,3.00,5.00,6.00,0.0221,0
2023-05-22 18:59:57,1684796397,18.0,19.2,100500,2.00,6.00,11.0,13.0,0.0117,0
2023-05-22 19:04:45,1684796686,17.9,19.5,100500,4.00,4.00,6.00,8.00,0.0156,0
2023-05-22 19:09:52,1684796993,17.8,19.7,100500,1.00,5.00,8.00,10.0,0.0145,0
2023-05-22 19:14:41,1684797281,17.5,20.1,100500,1.00,6.00,9.00,11.0,0.0154,0
2023-05-22 19:19:49,1684797589,17.4,20.2,100500,3.00,3.00,4.00,5.00,0.0154,0
2023-05-22 19:24:57,1684797897,17.2,20.6,100500,1.00,5.00,8.00,9.00,0.0129,0
2023-05-22 19:29:45,1684798186,17.0,20.6,100500,2.00,5.00,8.00,10.0,0.0123,0
2023-05-22 19:34:53,1684798494,16.9,21.1,100500,2.00,6.00,10.0,12.0,0.0149,0
2023-05-22 19:39:42,1684798783,16.7,21.2,100500,1.00,2.00,3.00,4.00,0.0144,0
2023-05-22 19:44:50,1684799091,16.5,21.3,100500,1.00,2.00,3.00,4.00,0.0195,0
2023-05-22 19:49:59,1684799400,16.2,21.7,100500,1e-7,3.00,5.00,6.00,0.0220,0
2023-05-22 19:54:48,1684799689,15.9,22.4,100500,1.00,2.00,3.00,4.00,0.0118,0
2023-05-22 19:59:57,1684799998,15.7,23.2,100500,1e-7,2.00,3.00,4.00,0.0121,0
2023-05-22 20:04:49,1684800290,15.4,23.4,100500,1.00,2.00,3.00,4.00,0.0111,0
2023-05-22 20:09:58,1684800599,15.0,23.9,100506,1e-7,2.00,3.00,4.00,0.00995,0
2023-05-22 20:14:48,1684800889,14.7,24.5,100520,1.00,2.00,3.00,4.00,0.00995,0
2023-05-22 20:19:58,1684801198,14.4,25.4,100594,1.00,3.00,6.00,7.00,0.00995,0
2023-05-22 20:24:48,1684801489,14.0,26.9,100600,2.00,4.00,5.00,6.00,0.0131,0
2023-05-22 20:29:58,1684801799,13.5,27.1,100600,1.00,2.00,3.00,4.00,0.0124,0
2023-05-22 20:34:49,1684802090,13.1,28.0,100600,1e-7,2.00,3.00,4.00,0.0113,0
2023-05-22 20:39:40,1684802381,12.7,29.8,100600,2.00,3.00,6.00,7.00,0.0122,0
2023-05-22 20:44:51,1684802691,12.3,31.2,100600,1.00,3.00,5.00,6.00,0.0162,0
2023-05-22 20:49:42,1684802983,11.9,31.6,100600,1e-7,2.00,3.00,4.00,0.0137,0
2023-05-22 20:54:53,1684803294,11.6,32.0,100600,1e-7,2.00,3.00,4.00,0.0120,0
2023-05-22 20:59:45,1684803585,11.3,32.2,100600,1.00,2.00,3.00,4.00,0.0112,0
2023-05-22 21:04:56,1684803897,11.0,33.7,100600,2.00,3.00,4.00,5.00,0.0103,0
2023-05-22 21:09:48,1684804189,10.7,35.3,100600,1.00,2.00,3.00,4.00,0.0112,0
2023-05-22 21:14:40,1684804481,10.4,35.1,100600,1.00,2.00,3.00,4.00,0.0110,0
2023-05-22 21:19:51,1684804791,10.1,34.8,100600,1.00,3.00,5.00,6.00,0.0114,0
2023-05-22 21:24:43,1684805084,9.83,35.2,100600,1.00,3.00,5.00,7.00,0.0115,0
2023-05-22 21:29:55,1684805396,9.58,35.9,100663,1.00,3.00,5.00,6.00,0.0117,0
2023-05-22 21:34:48,1684805689,9.31,36.5,100700,1e-7,2.00,3.00,4.00,0.0134,0
2023-05-22 21:39:41,1684805981,9.11,37.7,100687,1.00,1.00,1.00,2.00,0.0134,0
2023-05-22 21:44:53,1684806294,8.89,37.6,100650,1e-7,4.00,7.00,8.00,0.0117,0
2023-05-22 21:49:46,1684806587,8.70,38.2,100700,1.00,2.00,3.00,4.00,0.0135,0
2023-05-22 21:54:59,1684806899,8.54,39.0,100700,1e-7,2.00,3.00,4.00,0.0123,0
2023-05-22 21:59:52,1684807193,8.41,39.6,100700,2.00,3.00,3.00,4.00,0.0115,0
2023-05-22 22:04:46,1684807486,8.27,40.7,100700,1e-7,2.00,3.00,4.00,0.00995,0
2023-05-22 22:09:59,1684807799,8.11,41.1,100700,1.00,5.00,10.0,12.0,0.0160,0
2023-05-22 22:14:52,1684808093,7.97,41.5,100700,1e-7,2.00,3.00,4.00,0.0196,0
2023-05-22 22:19:46,1684808386,7.80,41.4,100700,1e-7,4.00,7.00,9.00,0.0173,0
2023-05-22 22:24:59,1684808699,7.56,41.8,100700,1e-7,3.00,5.00,7.00,0.0118,0
2023-05-22 22:29:52,1684808993,7.35,41.7,100700,1.00,2.00,3.00,4.00,0.0105,0
2023-05-22 22:34:46,1684809287,7.20,41.6,100700,1e-7,4.00,7.00,8.00,0.0124,0
2023-05-22 22:39:40,1684809581,7.05,42.7,100700,2.00,2.00,3.00,4.00,0.0137,0
2023-05-22 22:44:54,1684809894,6.96,43.4,100700,1.00,3.00,4.00,5.00,0.0125,0
2023-05-22 22:49:48,1684810188,6.93,42.8,100700,1e-7,2.00,3.00,4.00,0.0107,0
2023-05-22 22:54:42,1684810482,6.89,42.9,100700,1.00,2.00,3.00,4.00,0.0105,0
2023-05-22 22:59:55,1684810796,6.80,42.5,100700,2.00,4.00,5.00,6.00,0.0102,0
2023-05-22 23:04:49,1684811090,6.66,43.0,100700,1.00,3.00,5.00,6.00,0.0106,0
2023-05-22 23:09:44,1684811384,6.52,42.3,100700,1e-7,2.00,3.00,4.00,0.0139,0
2023-05-22 23:14:57,1684811698,6.37,42.1,100700,1.00,1.00,2.00,3.00,0.0136,0
2023-05-22 23:19:52,1684811992,6.25,42.9,100700,1.00,2.00,4.00,4.00,0.00999,0
2023-05-22 23:24:46,1684812287,6.14,42.9,100700,1.00,3.00,5.00,6.00,0.0105,0
2023-05-22 23:29:41,1684812581,5.98,43.4,100700,1.00,4.00,7.00,8.00,0.0123,0
2023-05-22 23:34:55,1684812895,5.85,45.4,100700,1.00,2.00,4.00,4.00,0.0123,0
2023-05-22 23:39:50,1684813190,5.77,45.4,100700,1.00,3.00,5.00,7.00,0.0110,0
2023-05-22 23:44:44,1684813485,5.65,45.4,100700,1.00,2.00,3.00,4.00,0.0120,0
2023-05-22 23:49:59,1684813799,5.53,45.2,100700,1.00,2.00,3.00,4.00,0.0133,0
2023-05-22 23:54:53,1684814094,5.50,45.3,100700,1.00,3.00,6.00,7.00,0.0109,0
2023-05-22 23:59:48,1684814389,5.48,44.8,100700,1.00,2.00,3.00,4.00,0.0109,0
2023-05-23 00:04:43,1684814684,5.44,45.1,100700,2.00,3.00,5.00,7.00,0.0115,0
2023-05-23 00:09:57,1684814998,5.39,44.7,100700,3.00,5.00,8.00,10.0,0.0256,0
2023-05-23 00:14:52,1684815293,5.27,44.1,100700,1.00,3.00,5.00,6.00,0.0203,0
2023-05-23 00:19:47,1684815588,5.18,44.7,100700,1.00,4.00,7.00,8.00,0.0165,0
2023-05-23 00:24:42,1684815883,5.07,44.9,100700,1e-7,3.00,5.00,6.00,0.0182,0
2023-05-23 00:29:57,1684816197,4.93,45.2,100700,1.00,4.00,6.00,8.00,0.0182,0
2023-05-23 00:34:52,1684816493,4.77,46.4,100700,1.00,3.00,4.00,5.00,0.0131,0
2023-05-23 00:39:47,1684816788,4.69,47.1,100700,1.00,2.00,3.00,4.00,0.0156,0
2023-05-23 00:44:42,1684817083,4.65,47.1,100700,1.00,4.00,7.00,8.00,0.0123,0
2023-05-23 00:49:57,1684817398,4.58,45.9,100700,2.00,6.00,10.0,12.0,0.0127,0
2023-05-23 00:54:53,1684817693,4.46,45.8,100700,2.00,3.00,4.00,5.00,0.0155,0
2023-05-23 00:59:48,1684817989,4.36,45.1,100700,1.00,2.00,3.00,4.00,0.0251,0
2023-05-23 01:04:44,1684818284,4.27,45.6,100700,1.00,4.00,8.00,9.00,0.0230,0
2023-05-23 01:09:59,1684818599,4.20,47.1,100700,1e-7,2.00,3.00,4.00,0.0145,0
2023-05-23 01:14:54,1684818895,4.13,46.0,100700,1.00,3.00,3.00,4.00,0.0128,0
2023-05-23 01:19:50,1684819190,4.07,46.1,100700,2.00,3.00,6.00,7.00,0.0120,0
2023-05-23 01:24:45,1684819486,4.03,47.4,100700,1e-7,2.00,4.00,4.00,0.0127,0
2023-05-23 01:29:41,1684819781,4.02,46.6,100700,1e-7,2.00,3.00,4.00,0.0116,0
2023-05-23 01:34:56,1684820097,3.98,46.4,100700,1.00,4.00,7.00,9.00,0.0126,0
2023-05-23 01:39:52,1684820393,3.94,46.9,100700,1e-7,1e-7,1e-7,1e-7,0.0110,0
2023-05-23 01:44:48,1684820688,3.91,47.0,100700,2.00,4.00,6.00,8.00,0.0137,0
2023-05-23 01:49:44,1684820984,3.83,47.7,100700,1e-7,1.00,2.00,3.00,0.0150,0
2023-05-23 01:54:59,1684821299,3.79,48.2,100700,1e-7,2.00,3.00,4.00,0.0126,0
2023-05-23 01:59:55,1684821595,3.78,47.4,100700,1e-7,2.00,3.00,4.00,0.0126,0
2023-05-23 02:04:50,1684821891,3.75,46.5,100700,1.00,4.00,7.00,9.00,0.0109,0
2023-05-23 02:09:46,1684822186,3.66,47.1,100700,2.00,2.00,4.00,4.00,0.0200,0
2023-05-23 02:14:42,1684822482,3.60,47.0,100700,1e-7,2.00,3.00,4.00,0.0215,0
2023-05-23 02:19:57,1684822798,3.56,46.5,100700,1e-7,2.00,4.00,4.00,0.0203,0
2023-05-23 02:24:53,1684823094,3.44,46.6,100700,1e-7,2.00,3.00,4.00,0.00995,0
2023-05-23 02:29:49,1684823390,3.32,46.1,100700,1.00,4.00,7.00,8.00,0.0114,0
2023-05-23 02:34:45,1684823686,3.22,46.8,100700,1.00,2.00,3.00,4.00,0.0143,0
2023-05-23 02:39:41,1684823982,3.13,46.9,100700,1e-7,1.00,3.00,3.00,0.0161,0
2023-05-23 02:44:57,1684824298,3.06,46.5,100700,2.00,5.00,7.00,7.00,0.0169,0
2023-05-23 02:49:53,1684824594,2.97,46.5,100700,1e-7,4.00,6.00,8.00,0.0128,0
2023-05-23 02:54:50,1684824890,2.90,46.7,100700,1.00,3.00,5.00,7.00,0.0132,0
2023-05-23 02:59:46,1684825186,2.83,46.9,100700,1.00,1.00,2.00,3.00,0.0158,0
2023-05-23 03:04:42,1684825482,2.77,47.3,100700,1e-7,2.00,3.00,4.00,0.0183,0
2023-05-23 03:09:58,1684825798,2.74,47.6,100700,2.00,2.00,3.00,4.00,0.0124,0
2023-05-23 03:14:54,1684826094,2.70,48.3,100700,1.00,2.00,3.00,4.00,0.00995,0
2023-05-23 03:19:50,1684826390,2.68,48.9,100700,1.00,2.00,3.00,4.00,0.00995,0
2023-05-23 03:24:46,1684826687,2.69,47.5,100700,1e-7,3.00,6.00,7.00,0.00995,0
2023-05-23 03:29:42,1684826983,2.65,47.1,100700,1.00,2.00,3.00,4.00,0.0124,0
2023-05-23 03:34:58,1684827299,2.60,47.1,100700,1e-7,2.00,4.00,4.00,0.0124,0
2023-05-23 03:39:54,1684827595,2.54,47.9,100700,1.00,2.00,3.00,4.00,0.0119,0
2023-05-23 03:44:51,1684827891,2.51,47.7,100700,1e-7,3.00,5.00,6.00,0.0107,0
2023-05-23 03:49:47,1684828188,2.49,49.3,100700,1.00,2.00,3.00,4.00,0.0115,0
2023-05-23 03:54:43,1684828484,2.52,49.4,100700,1.00,2.00,3.00,4.00,0.0118,0
2023-05-23 03:59:59,1684828800,2.55,49.9,100700,1e-7,2.00,3.00,4.00,0.00995,0
2023-05-23 04:04:56,1684829096,2.56,49.3,100700,1.00,2.00,3.00,4.00,0.00995,0
2023-05-23 04:09:52,1684829392,2.54,49.3,100700,1.00,2.00,3.00,4.00,0.00995,0
2023-05-23 04:14:48,1684829689,2.54,48.7,100700,1.00,2.00,3.00,4.00,0.00995,0
2023-05-23 04:19:45,1684829985,2.51,48.7,100700,2.00,3.00,5.00,6.00,0.0110,0
2023-05-23 04:24:41,1684830281,2.50,49.1,100700,1e-7,2.00,3.00,4.00,0.0110,0
2023-05-23 04:29:57,1684830597,2.52,49.6,100700,1.00,3.00,5.00,7.00,0.0109,0
2023-05-23 04:34:53,1684830894,2.54,49.0,100753,1.00,2.00,3.00,4.00,0.0105,0
2023-05-23 04:39:49,1684831190,2.51,49.6,100733,1.00,2.00,4.00,4.00,0.0100,0
2023-05-23 04:44:46,1684831486,2.49,49.4,100800,1e-7,3.00,5.00,7.00,0.0134,0
2023-05-23 04:49:42,1684831782,2.47,48.3,100800,1.00,2.00,3.00,4.00,0.0138,0
2023-05-23 04:54:58,1684832098,2.43,49.0,100800,1.00,2.00,3.00,4.00,0.0143,0
2023-05-23 04:59:54,1684832395,2.40,49.1,100800,1.00,1.00,1.00,1.00,0.00995,0
2023-05-23 05:04:51,1684832691,2.35,48.0,100773,1.00,2.00,4.00,4.00,0.00995,0
2023-05-23 05:09:47,1684832987,2.31,48.9,100800,1e-7,4.00,7.00,8.00,0.0155,0
2023-05-23 05:14:44,1684833284,2.31,49.7,100800,1e-7,2.00,3.00,4.00,0.0139,0
2023-05-23 05:19:59,1684833599,2.36,49.6,100800,1e-7,2.00,3.00,4.00,0.0122,0
2023-05-23 05:24:55,1684833895,2.41,48.9,100800,1.00,2.00,3.00,4.00,0.00995,0
2023-05-23 05:29:51,1684834191,2.48,49.7,100800,1.00,2.00,3.00,4.00,0.00995,0
2023-05-23 05:49:59,1684835400,3.35,48.4,100700,1e-7,1e-7,1e-7,1e-7,,
2023-05-23 05:54:54,1684835695,3.67,47.9,100753,1e-7,1.00,3.00,3.00,,
2023-05-23 05:59:49,1684835990,4.20,47.3,100760,1e-7,1.00,2.00,3.00,,
2023-05-23 06:04:43,1684836284,4.80,46.8,100800,1e-7,1.00,3.00,3.00,0.00995,0
2023-05-23 06:09:57,1684836597,5.46,45.7,100794,2.00,2.00,3.00,4.00,0.00995,0
2023-05-23 06:14:50,1684836890,6.16,44.7,100780,1.00,2.00,3.00,4.00,0.00995,0
2023-05-23 06:19:43,1684837183,6.79,44.0,100800,1e-7,2.00,3.00,4.00,0.00995,0
2023-05-23 06:24:54,1684837495,7.55,43.7,100788,1e-7,2.00,3.00,4.00,0.00995,0
2023-05-23 06:29:46,1684837786,8.33,42.6,100800,1.00,2.00,3.00,4.00,0.00995,0
2023-05-23 06:34:57,1684838097,9.17,41.2,100800,1e-7,3.00,5.00,7.00,0.0106,0
2023-05-23 06:39:46,1684838387,10.0,39.8,100800,1.00,2.00,3.00,4.00,0.0134,0
2023-05-23 06:45:54,1684838755,11.3,37.6,100800,1e-7,1.00,2.00,3.00,0.0134,0
2023-05-23 09:49:51,1684849791,24.3,13.7,100600,2.00,5.00,8.00,9.00,,
2023-05-23 09:54:53,1684850093,24.6,13.8,100600,4.00,4.00,4.00,5.00,,
2023-05-23 09:58:58,1684850339,25.1,13.4,100600,3.00,3.00,5.00,5.00,,
2023-05-23 10:14:54,1684851295,26.0,13.3,100600,3.00,3.00,3.00,4.00,0.00987,0
2023-05-23 10:19:45,1684851586,26.2,13.0,100600,1.00,3.00,4.00,4.00,0.0122,0
2023-05-23 10:24:47,1684851887,26.2,12.6,100600,2.00,4.00,6.00,7.00,0.0122,0
2023-05-23 10:29:49,1684852189,26.4,12.5,100600,3.00,3.00,5.00,6.00,0.0113,0
2023-05-23 10:34:12,1684852453,26.7,12.7,100600,1.00,3.00,5.00,6.00,0.0108,0
2023-05-23 10:44:46,1684853086,25.6,11.6,100600,2.00,3.00,4.00,4.00,0.0108,0
2023-05-23 10:49:48,1684853389,25.0,11.7,100600,3.00,5.00,7.00,8.00,0.0141,0
2023-05-23 10:51:42,1684853502,24.5,11.8,100600,2.00,2.00,3.00,4.00,0.0162,0
2023-05-23 10:59:58,1684853999,23.9,12.7,100600,2.00,7.00,11.0,13.0,0.0209,0
2023-05-23 11:04:42,1684854283,23.8,13.0,100600,4.00,4.00,4.00,4.00,0.0223,0
2023-05-23 11:09:45,1684854586,23.7,12.0,100569,2.00,2.00,4.00,4.00,0.0208,0
2023-05-23 11:10:04,1684854604,24.0,12.4,100500,3.00,3.00,3.00,3.00,0.0121,0
2023-05-23 11:19:53,1684855194,24.5,12.2,100500,2.00,5.00,8.00,10.0,0.0121,0
2023-05-23 11:24:56,1684855497,24.9,11.7,100500,2.00,3.00,5.00,6.00,0.0111,0
2023-05-23 11:25:15,1684855516,24.9,11.0,100500,1e-7,1e-7,1e-7,1e-7,0.00637,0
2023-05-23 11:34:44,1684856085,25.0,11.2,100500,3.00,3.00,4.00,4.00,0.0122,0
2023-05-23 11:39:48,1684856388,24.4,11.1,100500,1.00,3.00,5.00,6.00,0.0103,0
2023-05-23 11:44:12,1684856653,24.2,12.1,100500,3.00,4.00,5.00,6.00,0.0127,0
2023-05-23 11:49:57,1684856997,24.6,12.3,100500,1.00,1.00,1.00,1.00,0.0112,0
2023-05-23 11:54:41,1684857281,24.5,12.3,100500,5.00,16.0,25.0,30.0,0.0154,0
2023-05-23 11:59:44,1684857584,24.2,12.6,100500,4.00,4.00,5.00,6.00,0.0483,0
2023-05-23 12:00:59,1684857659,23.8,12.9,100500,1.00,2.00,3.00,4.00,0.0483,0
2023-05-23 12:09:51,1684858192,24.5,12.4,100500,3.00,7.00,9.00,11.0,0.0147,0
2023-05-23 12:14:54,1684858495,24.7,12.0,100444,2.00,3.00,4.00,5.00,0.0210,0
2023-05-23 12:17:45,1684858665,24.6,12.1,100400,2.00,4.00,6.00,7.00,0.0287,0
2023-05-23 12:29:54,1684859394,25.1,12.0,100400,3.00,6.00,10.0,12.0,0.0245,0
2023-05-23 12:34:57,1684859697,24.5,12.4,100400,2.00,7.00,10.0,12.0,0.0245,0
2023-05-23 12:36:32,1684859792,24.6,12.4,100400,2.00,6.00,10.0,12.0,0.0110,0
2023-05-23 12:49:54,1684860594,24.9,12.1,100400,2.00,2.00,3.00,4.00,0.0322,0
2023-05-23 12:53:22,1684860802,25.0,12.4,100400,2.00,5.00,8.00,10.0,0.0324,0
2023-05-23 12:59:42,1684861182,24.9,12.1,100400,1.00,2.00,4.00,5.00,0.0171,0
2023-05-23 13:04:45,1684861485,24.7,12.2,100400,5.00,5.00,5.00,5.00,0.0224,0
2023-05-23 13:09:48,1684861788,25.0,12.1,100400,2.00,5.00,7.00,8.00,0.0162,0
2023-05-23 13:10:44,1684861844,25.3,11.9,100400,2.00,2.00,2.00,2.00,0.0132,0
2023-05-23 13:19:55,1684862395,25.5,11.9,100385,2.00,8.00,13.0,16.0,0.0110,0
2023-05-23 13:24:58,1684862698,25.3,11.7,100331,2.00,4.00,5.00,5.00,0.0156,0
2023-05-23 13:29:41,1684862982,25.0,11.7,100300,1.00,2.00,3.00,3.00,0.0180,0
2023-05-23 13:34:54,1684863295,25.1,11.7,100300,2.00,4.00,6.00,7.00,0.0280,0
2023-05-23 13:39:57,1684863598,25.5,11.4,100300,5.00,5.00,5.00,6.00,0.0239,0
2023-05-23 13:44:41,1684863882,25.8,11.4,100300,2.00,3.00,4.00,4.00,0.0239,0
2023-05-23 13:47:31,1684864052,26.1,11.2,100300,2.00,8.00,12.0,14.0,0.0137,0
2023-05-23 13:54:57,1684864498,25.8,11.6,100300,2.00,3.00,6.00,8.00,0.0155,0
2023-05-23 13:59:41,1684864782,25.3,11.9,100300,2.00,2.00,3.00,3.00,0.0238,0
2023-05-23 14:04:44,1684865084,25.3,12.0,100300,2.00,4.00,6.00,8.00,0.0180,0
2023-05-23 14:09:57,1684865397,25.7,11.5,100300,1.00,1.00,1.00,2.00,0.0129,0
2023-05-23 14:14:59,1684865700,25.8,11.5,100300,4.00,4.00,4.00,4.00,0.0121,0
2023-05-23 14:19:43,1684865984,25.9,12.0,100300,2.00,4.00,5.00,6.00,0.0112,0
2023-05-23 14:21:17,1684866078,26.1,11.7,100300,2.00,2.00,3.00,3.00,0.0113,0
2023-05-23 14:29:50,1684866591,26.4,11.5,100300,2.00,4.00,6.00,7.00,0.0164,0
2023-05-23 14:34:53,1684866893,26.5,11.5,100275,2.00,3.00,5.00,6.00,0.0164,0
2023-05-23 14:38:38,1684867119,26.5,11.7,100200,2.00,6.00,10.0,12.0,0.0181,0
2023-05-23 14:44:59,1684867499,25.8,12.6,100200,4.00,7.00,10.0,11.0,0.0181,0
2023-05-23 14:49:41,1684867782,26.0,12.5,100200,1.00,2.00,4.00,5.00,0.0259,0
2023-05-23 14:54:44,1684868084,26.7,11.9,100200,3.00,5.00,8.00,9.00,0.0465,0
2023-05-23 14:55:40,1684868140,26.5,11.1,100200,1.00,2.00,3.00,3.00,0.0162,0
2023-05-23 15:04:52,1684868693,27.0,10.9,100200,3.00,4.00,6.00,6.00,0.0162,0
2023-05-23 15:09:54,1684868994,27.4,10.3,100200,2.00,3.00,5.00,6.00,0.00967,0
2023-05-23 15:13:02,1684869182,27.5,9.64,100200,3.00,5.00,8.00,10.0,0.0109,0
2023-05-23 15:19:59,1684869600,27.9,8.85,100200,2.00,2.00,3.00,4.00,0.0110,0
2023-05-23 15:24:42,1684869882,27.7,9.38,100200,2.00,7.00,11.0,13.0,0.0272,0
2023-05-23 15:29:44,1684870184,27.5,9.81,100113,2.00,3.00,5.00,6.00,0.0240,0
2023-05-23 15:31:17,1684870278,27.7,9.09,100100,1.00,4.00,5.00,6.00,0.0236,0
2023-05-23 15:39:48,1684870789,27.7,8.95,100100,2.00,4.00,7.00,8.00,0.0154,0
2023-05-23 15:44:50,1684871090,28.0,9.36,100100,2.00,4.00,6.00,7.00,0.0184,0
2023-05-23 15:47:58,1684871278,28.1,9.00,100100,1.00,2.00,3.00,3.00,0.0154,0
2023-05-23 15:54:53,1684871693,27.5,9.90,100100,2.00,3.00,4.00,5.00,0.0154,0
2023-05-23 15:59:54,1684871995,27.6,9.71,100100,2.00,2.00,3.00,4.00,0.0113,0
2023-05-23 16:04:56,1684872296,27.7,9.60,100100,3.00,6.00,7.00,8.00,0.0121,0
2023-05-23 16:07:26,1684872446,27.7,9.84,100100,1.00,2.00,4.00,4.00,0.0128,0
2023-05-23 16:14:59,1684872899,27.9,9.35,100100,3.00,6.00,8.00,8.00,0.0134,0
2023-05-23 16:19:42,1684873182,27.9,9.65,100100,3.00,5.00,6.00,6.00,0.0105,0
2023-05-23 16:23:08,1684873388,27.8,9.80,100064,2.00,2.00,3.00,4.00,0.0166,0
2023-05-23 16:29:44,1684873785,27.6,9.60,100000,2.00,2.00,3.00,4.00,0.0149,0
2023-05-23 16:34:46,1684874086,27.3,9.70,100000,3.00,4.00,6.00,6.00,0.0175,0
2023-05-23 16:39:48,1684874388,27.1,9.62,100000,3.00,6.00,10.0,11.0,0.0159,0
2023-05-23 16:40:25,1684874425,27.1,9.44,100000,4.00,6.00,7.00,8.00,0.00981,0
2023-05-23 16:49:53,1684874993,27.3,9.74,100000,1.00,5.00,9.00,11.0,0.0131,0
2023-05-23 16:54:55,1684875295,27.4,9.36,100000,2.00,7.00,11.0,14.0,0.0114,0
2023-05-23 16:58:04,1684875484,27.4,9.79,100000,2.00,5.00,10.0,12.0,0.0155,0
2023-05-23 17:04:58,1684875899,26.8,9.73,100000,1e-7,3.00,5.00,6.00,0.0155,0
2023-05-23 17:09:42,1684876182,26.3,8.90,100000,2.00,2.00,3.00,4.00,0.0175,0
2023-05-23 17:14:44,1684876484,25.5,9.02,99975,4.00,6.00,9.00,11.0,0.0145,0
2023-05-23 17:24:52,1684877092,25.4,10.4,99900,2.00,4.00,6.00,7.00,0.0357,0
2023-05-23 17:29:55,1684877395,25.9,9.99,99906,3.00,4.00,4.00,5.00,0.0398,0
2023-05-23 17:34:19,1684877659,26.2,10.1,99957,2.00,3.00,5.00,6.00,0.0355,0
2023-05-23 17:39:50,1684877990,26.0,10.1,99967,1.00,2.00,3.00,4.00,0.0101,0
2023-05-23 17:44:53,1684878293,25.9,10.5,99900,2.00,5.00,8.00,10.0,0.0102,0
2023-05-23 17:49:55,1684878596,25.8,10.8,99900,1.00,2.00,3.00,4.00,0.0129,0
2023-05-23 17:59:45,1684879186,25.9,10.9,99900,1.00,3.00,5.00,5.00,0.0147,0
2023-05-23 18:04:48,1684879489,26.1,10.6,99900,2.00,2.00,3.00,4.00,0.0106,0
2023-05-23 18:09:51,1684879791,26.0,10.7,99900,1.00,2.00,4.00,5.00,0.0104,0
2023-05-23 18:14:54,1684880095,26.1,10.9,99900,1.00,3.00,5.00,6.00,0.0108,0
2023-05-23 18:19:57,1684880398,25.9,10.8,99900,2.00,6.00,10.0,12.0,0.0338,0
2023-05-23 18:24:42,1684880682,25.6,11.3,99900,2.00,3.00,4.00,4.00,0.0241,0
2023-05-23 18:29:45,1684880985,25.4,11.9,99900,3.00,3.00,5.00,7.00,0.0215,0
2023-05-23 18:34:49,1684881289,25.3,12.0,99900,2.00,4.00,6.00,7.00,0.0127,0
2023-05-23 18:39:53,1684881593,25.1,12.5,99900,2.00,5.00,8.00,10.0,0.0127,0
2023-05-23 18:44:57,1684881897,24.9,12.8,99900,5.00,10.0,14.0,15.0,0.0342,0
2023-05-23 18:49:41,1684882182,24.8,13.0,99820,3.00,10.0,15.0,18.0,0.0613,0
2023-05-23 18:54:45,1684882486,24.6,13.3,99800,3.00,6.00,9.00,11.0,0.0613,0
2023-05-23 18:59:49,1684882790,24.4,13.8,99800,1.00,5.00,9.00,10.0,0.0599,0
2023-05-23 19:04:53,1684883094,24.2,14.3,99800,2.00,6.00,10.0,12.0,0.0521,0
2023-05-23 19:09:58,1684883398,24.0,14.7,99800,6.00,13.0,19.0,23.0,0.0342,0
2023-05-23 19:14:43,1684883684,23.7,15.0,99800,2.00,2.00,4.00,4.00,0.0303,0
2023-05-23 19:19:48,1684883988,23.5,15.4,99800,1.00,3.00,5.00,6.00,0.0327,0
2023-05-23 19:24:53,1684884293,23.2,15.8,99800,1.00,4.00,7.00,8.00,0.0158,0
2023-05-23 19:29:58,1684884598,22.8,16.0,99800,1e-7,2.00,3.00,4.00,0.0193,0
2023-05-23 19:34:44,1684884884,22.5,16.5,99800,1.00,2.00,3.00,4.00,0.0157,0
2023-05-23 19:39:49,1684885190,22.3,17.4,99800,1.00,2.00,3.00,4.00,0.00995,0
2023-05-23 19:44:54,1684885495,21.9,18.6,99800,1e-7,3.00,5.00,7.00,0.0107,0
2023-05-23 19:49:41,1684885781,21.5,19.2,99800,1.00,2.00,3.00,4.00,0.0132,0
2023-05-23 19:54:47,1684886087,21.2,19.6,99800,1.00,3.00,6.00,7.00,0.0127,0
2023-05-23 19:59:53,1684886393,20.8,20.6,99800,1.00,2.00,3.00,4.00,0.0127,0
2023-05-23 20:04:21,1684886661,20.5,20.9,99800,2.00,3.00,6.00,7.00,0.0120,0
2023-05-23 20:09:50,1684886991,20.2,21.7,99800,1e-7,2.00,3.00,4.00,0.0122,0
2023-05-23 20:14:57,1684887297,19.9,23.2,99800,1.00,2.00,3.00,4.00,0.0113,0
2023-05-23 20:19:44,1684887585,19.5,23.9,99800,2.00,2.00,3.00,4.00,0.00995,0
2023-05-23 20:24:51,1684887892,19.2,23.6,99800,1.00,2.00,3.00,4.00,0.00995,0
2023-05-23 20:29:58,1684888199,18.8,25.2,99800,1e-7,1.00,3.00,3.00,0.00995,0
2023-05-23 20:34:47,1684888487,18.4,25.2,99800,1e-7,2.00,3.00,4.00,0.00995,0
2023-05-23 20:39:54,1684888794,18.1,26.5,99800,1.00,2.00,3.00,4.00,0.00995,0
2023-05-23 20:44:42,1684889083,17.7,26.8,99800,1e-7,2.00,3.00,4.00,0.00995,0
2023-05-23 20:49:50,1684889391,17.4,27.6,99800,2.00,2.00,3.00,4.00,0.00995,0
2023-05-23 20:54:58,1684889699,17.1,28.7,99800,1.00,7.00,11.0,14.0,0.0164,0
2023-05-23 20:59:47,1684889988,16.7,30.2,99800,1.00,4.00,6.00,7.00,0.0345,0
2023-05-23 21:04:56,1684890296,16.4,29.9,99800,2.00,3.00,5.00,5.00,0.0370,0
2023-05-23 21:09:45,1684890585,16.1,30.6,99800,1e-7,2.00,3.00,4.00,0.0440,0
2023-05-23 21:14:54,1684890894,15.9,30.7,99800,1.00,3.00,4.00,4.00,0.0127,0
2023-05-23 21:19:43,1684891184,15.6,31.4,99800,1e-7,2.00,3.00,4.00,0.0101,0
2023-05-23 21:24:52,1684891493,15.4,31.1,99800,1.00,2.00,4.00,4.00,0.0101,0
2023-05-23 21:29:42,1684891783,15.2,31.3,99793,1.00,2.00,3.00,3.00,0.0101,0
2023-05-23 21:34:51,1684892092,15.0,32.3,99800,1.00,2.00,3.00,4.00,0.00995,0
2023-05-23 21:39:41,1684892382,14.8,32.2,99800,1.00,1.00,1.00,2.00,0.00995,0
2023-05-23 21:44:51,1684892691,14.6,32.7,99800,1.00,1.00,1.00,1.00,0.00995,0
2023-05-23 21:49:41,1684892982,14.4,33.4,99800,1.00,5.00,8.00,9.00,0.0166,0
2023-05-23 21:54:51,1684893291,14.2,33.7,99800,1.00,2.00,3.00,3.00,0.0208,0
2023-05-23 21:59:41,1684893582,14.1,34.0,99760,1e-7,3.00,5.00,6.00,0.0171,0
2023-05-23 22:04:52,1684893892,13.8,34.6,99719,1.00,2.00,4.00,4.00,0.0114,0
2023-05-23 22:09:42,1684894183,13.6,35.0,99700,1.00,2.00,3.00,4.00,0.0107,0
2023-05-23 22:14:52,1684894493,13.4,35.4,99700,1.00,3.00,5.00,6.00,0.0111,0
2023-05-23 22:19:43,1684894784,13.2,36.2,99700,1e-7,1.00,2.00,3.00,0.0107,0
2023-05-23 22:24:54,1684895094,13.0,36.5,99700,1e-7,2.00,3.00,4.00,0.0126,0
2023-05-23 22:29:45,1684895385,12.8,36.5,99700,1e-7,2.00,3.00,4.00,0.0107,0
2023-05-23 22:34:55,1684895696,12.6,36.9,99700,1e-7,2.00,4.00,4.00,0.00995,0
2023-05-23 22:39:47,1684895987,12.4,37.4,99700,1.00,3.00,5.00,6.00,0.0111,0
2023-05-23 22:44:57,1684896298,12.3,38.4,99700,1.00,3.00,5.00,6.00,0.0111,0
2023-05-23 22:49:48,1684896588,12.1,38.0,99700,1e-7,2.00,3.00,4.00,0.0114,0
2023-05-23 22:54:59,1684896899,12.0,38.2,99700,1.00,2.00,4.00,4.00,0.0121,0
2023-05-23 22:59:50,1684897191,11.8,38.4,99700,1.00,2.00,3.00,4.00,0.0103,0
2023-05-23 23:04:42,1684897483,11.7,39.2,99700,1.00,4.00,7.00,8.00,0.00995,0
2023-05-23 23:09:53,1684897794,11.5,39.6,99700,1e-7,2.00,3.00,4.00,0.0157,0
2023-05-23 23:14:45,1684898086,11.4,40.2,99700,1.00,2.00,3.00,4.00,0.0139,0
2023-05-23 23:19:57,1684898397,11.3,39.7,99694,1.00,1.00,2.00,3.00,0.0137,0
2023-05-23 23:24:49,1684898689,11.2,39.8,99600,1.00,2.00,3.00,4.00,0.00995,0
2023-05-23 23:29:40,1684898981,11.1,39.9,99600,1e-7,3.00,6.00,7.00,0.0124,0
2023-05-23 23:34:52,1684899292,11.1,40.1,99600,1e-7,2.00,3.00,4.00,0.0124,0
2023-05-23 23:39:44,1684899584,11.0,40.5,99600,1.00,3.00,5.00,6.00,0.0123,0
2023-05-23 23:44:55,1684899896,10.9,40.5,99600,1.00,2.00,3.00,4.00,0.0111,0
2023-05-23 23:49:48,1684900188,10.8,41.0,99600,2.00,4.00,5.00,6.00,0.0104,0
2023-05-23 23:54:59,1684900500,10.7,41.5,99600,1.00,1.00,2.00,3.00,0.0123,0
2023-05-23 23:59:52,1684900792,10.7,41.5,99600,2.00,2.00,3.00,4.00,0.0123,0
2023-05-24 00:04:44,1684901084,10.7,41.5,99600,1.00,2.00,3.00,4.00,0.00995,0
2023-05-24 00:09:56,1684901396,10.6,41.3,99600,1e-7,2.00,3.00,4.00,0.00995,0
2023-05-24 00:14:48,1684901688,10.5,41.5,99600,1e-7,6.00,11.0,13.0,0.0144,0
2023-05-24 00:19:40,1684901981,10.5,41.4,99600,1.00,2.00,3.00,4.00,0.0138,0
2023-05-24 00:24:52,1684902293,10.4,41.8,99600,1e-7,3.00,5.00,6.00,0.0106,0
2023-05-24 00:29:45,1684902586,10.3,41.7,99600,2.00,3.00,5.00,6.00,0.0123,0
2023-05-24 00:34:57,1684902898,10.3,42.0,99600,1e-7,2.00,3.00,4.00,0.0126,0
2023-05-24 00:39:50,1684903190,10.2,42.2,99600,1.00,4.00,6.00,8.00,0.0119,0
2023-05-24 00:44:42,1684903483,10.0,42.3,99600,1.00,2.00,4.00,4.00,0.0151,0
2023-05-24 00:49:54,1684903794,9.92,42.3,99600,1e-7,1.00,3.00,3.00,0.0141,0
2023-05-24 00:54:46,1684904087,9.82,42.2,99547,3.00,6.00,8.00,9.00,0.0141,0
2023-05-24 00:59:58,1684904399,9.75,42.5,99500,1.00,2.00,4.00,4.00,0.0161,0
2023-05-24 01:04:51,1684904692,9.63,42.7,99500,1.00,2.00,3.00,4.00,0.0107,0
2023-05-24 01:09:44,1684904984,9.54,42.9,99500,1.00,1.00,2.00,3.00,0.00995,0
2023-05-24 01:14:56,1684905297,9.43,42.9,99500,1e-7,1.00,2.00,3.00,0.00995,0
2023-05-24 01:19:49,1684905590,9.34,43.0,99500,1.00,2.00,3.00,4.00,0.00995,0
2023-05-24 01:24:42,1684905883,9.25,43.0,99500,1.00,4.00,7.00,9.00,0.0153,0
2023-05-24 01:29:55,1684906196,9.18,43.2,99500,1.00,2.00,3.00,4.00,0.0151,0
2023-05-24 01:34:48,1684906489,9.11,44.2,99500,1e-7,1.00,1.00,1.00,0.0139,0
2023-05-24 01:39:41,1684906782,9.04,44.3,99500,1e-7,2.00,3.00,4.00,0.0139,0
2023-05-24 01:44:54,1684907095,8.98,44.4,99500,1.00,1.00,2.00,3.00,0.00995,0
2023-05-24 01:49:48,1684907388,8.91,44.1,99500,1.00,3.00,5.00,7.00,0.0101,0
2023-05-24 01:54:41,1684907681,8.84,44.2,99500,1.00,1.00,2.00,2.00,0.0117,0
2023-05-24 01:59:54,1684907994,8.80,46.4,99500,1.00,3.00,5.00,7.00,0.0116,0
2023-05-24 02:04:47,1684908287,8.97,46.9,99500,3.00,5.00,7.00,8.00,0.0122,0
2023-05-24 02:09:59,1684908600,9.29,45.9,99500,1e-7,3.00,5.00,6.00,0.0180,0
2023-05-24 02:14:52,1684908892,9.54,45.9,99500,1.00,3.00,4.00,5.00,0.0180,0
2023-05-24 02:19:45,1684909185,9.74,46.3,99500,4.00,4.00,5.00,5.00,0.0121,0
2023-05-24 02:24:57,1684909497,9.89,46.3,99500,2.00,4.00,6.00,8.00,0.0123,0
2023-05-24 02:29:49,1684909790,10.1,45.1,99500,1.00,2.00,4.00,4.00,0.0115,0
2023-05-24 02:34:42,1684910082,10.3,46.3,99500,2.00,5.00,9.00,10.0,0.0234,0
2023-05-24 02:39:54,1684910394,10.4,45.3,99500,3.00,5.00,5.00,6.00,0.0343,0
2023-05-24 02:44:46,1684910687,10.4,45.5,99500,2.00,3.00,5.00,6.00,0.0262,0
2023-05-24 02:49:58,1684910999,10.6,44.6,99500,2.00,3.00,5.00,7.00,0.0186,0
2023-05-24 02:54:51,1684911291,10.7,44.7,99500,3.00,5.00,5.00,6.00,0.0143,0
2023-05-24 02:59:43,1684911584,10.7,45.3,99500,1.00,3.00,4.00,5.00,0.0130,0
2023-05-24 03:04:55,1684911895,10.8,44.8,99500,1.00,6.00,10.0,12.0,0.0130,0
2023-05-24 03:09:47,1684912188,10.8,44.0,99447,1.00,3.00,5.00,6.00,0.0183,0
2023-05-24 03:14:59,1684912500,10.8,44.2,99400,1.00,2.00,3.00,4.00,0.0268,0
2023-05-24 03:19:51,1684912792,10.8,43.7,99400,1e-7,3.00,5.00,6.00,0.0245,0
2023-05-24 03:24:44,1684913084,10.8,43.5,99400,2.00,2.00,3.00,4.00,0.0138,0
2023-05-24 03:29:56,1684913396,10.7,44.6,99400,1e-7,3.00,5.00,6.00,0.0128,0
2023-05-24 03:34:48,1684913689,10.6,43.9,99400,1e-7,2.00,4.00,4.00,0.0118,0
2023-05-24 03:39:41,1684913981,10.5,44.2,99427,1.00,4.00,6.00,8.00,0.0118,0
2023-05-24 03:44:53,1684914293,10.4,44.2,99500,1e-7,3.00,6.00,7.00,0.0150,0
2023-05-24 03:49:45,1684914586,10.2,44.4,99500,1.00,2.00,3.00,4.00,0.0214,0
2023-05-24 03:54:57,1684914898,10.1,44.6,99450,1.00,3.00,4.00,4.00,0.0214,0
2023-05-24 03:59:50,1684915190,10.0,44.3,99400,1e-7,2.00,3.00,4.00,0.0101,0
2023-05-24 04:04:42,1684915483,9.96,44.8,99400,1.00,3.00,5.00,6.00,0.0100,0
2023-05-24 04:09:54,1684915795,9.87,44.9,99400,2.00,2.00,3.00,4.00,0.0116,0
2023-05-24 04:14:47,1684916087,9.72,45.0,99400,1e-7,4.00,7.00,8.00,0.0121,0
2023-05-24 04:19:59,1684916399,9.65,45.3,99456,1.00,2.00,3.00,4.00,0.0176,0
2023-05-24 04:24:51,1684916692,9.71,45.2,99460,1e-7,2.00,3.00,4.00,0.0176,0
2023-05-24 04:29:44,1684916985,9.78,45.1,99413,1e-7,3.00,5.00,7.00,0.0122,0
2023-05-24 04:34:56,1684917297,9.88,45.3,99400,1.00,2.00,3.00,4.00,0.0114,0
2023-05-24 04:39:49,1684917589,9.98,45.8,99400,1e-7,2.00,3.00,4.00,0.0114,0
2023-05-24 04:44:41,1684917882,10.0,46.1,99400,1.00,2.00,3.00,3.00,0.00995,0
2023-05-24 04:49:53,1684918193,10.1,45.9,99400,1.00,3.00,6.00,7.00,0.0137,0
2023-05-24 04:54:45,1684918486,10.2,46.3,99400,1.00,2.00,3.00,4.00,0.0137,0
2023-05-24 04:59:57,1684918798,10.3,46.0,99419,1e-7,2.00,4.00,4.00,0.0123,0
2023-05-24 05:04:50,1684919090,10.4,45.9,99440,2.00,2.00,3.00,4.00,0.00995,0
2023-05-24 05:09:42,1684919383,10.4,46.6,99400,1.00,3.00,4.00,4.00,0.00998,0
2023-05-24 05:14:54,1684919695,10.6,46.6,99400,1.00,2.00,3.00,4.00,0.0100,0
2023-05-24 05:19:47,1684919987,10.7,46.1,99400,1.00,3.00,5.00,6.00,0.0103,0
2023-05-24 05:24:59,1684920299,10.8,45.7,99400,2.00,2.00,3.00,4.00,0.0112,0
2023-05-24 05:29:51,1684920591,10.9,45.7,99400,1e-7,4.00,6.00,8.00,0.0105,0
2023-05-24 05:34:43,1684920884,10.8,46.0,99400,2.00,3.00,4.00,5.00,0.0200,0
2023-05-24 05:39:55,1684921195,10.8,45.3,99400,1.00,7.00,13.0,16.0,0.0260,0
2023-05-24 05:44:47,1684921488,10.9,45.1,99400,1.00,3.00,5.00,7.00,0.0349,0
2023-05-24 05:49:59,1684921799,11.0,45.1,99400,1.00,2.00,4.00,4.00,0.0312,0
2023-05-24 05:54:50,1684922091,11.2,44.9,99400,1.00,4.00,7.00,8.00,0.0120,0
2023-05-24 05:59:42,1684922383,11.3,45.7,99400,1e-7,4.00,6.00,8.00,0.0141,0
2023-05-24 06:04:53,1684922694,11.4,46.6,99488,1.00,3.00,5.00,6.00,0.0163,0
2023-05-24 06:09:45,1684922985,11.5,45.5,99500,1.00,3.00,6.00,7.00,0.0163,0
2023-05-24 06:14:56,1684923296,11.6,45.3,99500,1.00,3.00,5.00,6.00,0.0175,0
2023-05-24 06:19:48,1684923588,11.8,45.3,99500,1.00,1.00,2.00,3.00,0.0131,0
2023-05-24 06:24:59,1684923899,11.9,46.0,99500,1.00,2.00,3.00,4.00,0.0122,0
2023-05-24 06:29:50,1684924190,11.9,47.2,99500,2.00,3.00,5.00,5.00,0.0138,0
2023-05-24 06:34:41,1684924482,11.9,46.1,99500,2.00,3.00,4.00,5.00,0.0138,0
2023-05-24 06:39:52,1684924793,11.9,46.5,99500,1.00,2.00,3.00,4.00,0.0120,0
2023-05-24 06:44:51,1684925091,12.0,46.2,99500,1.00,4.00,7.00,8.00,0.0120,0
2023-05-24 06:49:41,1684925382,12.1,46.6,99500,2.00,4.00,7.00,8.00,0.0142,0
2023-05-24 06:54:52,1684925693,12.2,46.7,99500,1.00,6.00,10.0,12.0,0.0149,0
2023-05-24 06:59:43,1684925984,12.2,46.8,99500,1e-7,2.00,3.00,4.00,0.0281,0
2023-05-24 07:03:36,1684926217,12.3,47.2,99500,2.00,4.00,6.00,8.00,0.0281,0
2023-05-24 12:49:46,1684946987,19.8,28.8,99700,1.00,3.00,6.00,7.00,,
2023-05-24 12:54:52,1684947293,19.7,28.5,99700,3.00,6.00,10.0,12.0,,
2023-05-24 12:59:58,1684947599,19.5,28.5,99700,1.00,2.00,3.00,4.00,0.0259,0
2023-05-24 13:04:45,1684947886,19.4,28.5,99700,1.00,2.00,3.00,3.00,0.0259,0
2023-05-24 13:19:52,1684948793,19.4,27.6,99746,1e-7,2.00,3.00,4.00,0.00995,0
2023-05-24 13:24:47,1684949088,19.5,27.2,99700,1e-7,1.00,2.00,3.00,0.00995,0
2023-05-24 13:29:54,1684949394,19.4,27.2,99700,1e-7,3.00,5.00,6.00,0.00995,0
2023-05-24 13:34:41,1684949681,19.5,27.4,99700,1.00,2.00,3.00,4.00,0.0107,0
2023-05-24 13:36:16,1684949777,19.6,26.8,99700,1.00,3.00,5.00,6.00,0.0114,0
2023-05-24 13:49:47,1684950587,20.3,25.0,99700,1e-7,4.00,7.00,8.00,0.0128,0
2023-05-24 13:53:55,1684950835,20.5,24.7,99700,1.00,2.00,4.00,4.00,0.0128,0
2023-05-24 14:09:53,1684951793,21.6,23.5,99700,1e-7,2.00,3.00,4.00,0.0115,0
2023-05-24 14:13:22,1684952002,21.9,23.0,99700,1e-7,1.00,2.00,3.00,0.0112,0
2023-05-24 14:19:59,1684952399,22.2,21.3,99700,1e-7,2.00,3.00,4.00,0.00995,0
2023-05-24 14:24:44,1684952684,22.2,21.7,99700,1.00,1.00,1.00,1.00,0.00995,0
2023-05-24 14:29:49,1684952989,22.1,21.5,99700,1.00,3.00,5.00,6.00,0.00995,0
2023-05-24 14:31:05,1684953065,21.9,20.8,99700,1e-7,1.00,3.00,3.00,0.0130,0
2023-05-24 14:39:52,1684953592,21.3,21.9,99800,1.00,1.00,2.00,3.00,0.0137,0
2023-05-24 14:44:57,1684953898,21.1,22.2,99800,1.00,3.00,5.00,6.00,0.0129,0
2023-05-24 14:48:08,1684954088,20.9,21.9,99800,1.00,2.00,3.00,4.00,0.00995,0
2023-05-24 14:54:42,1684954483,20.4,21.6,99800,1.00,1.00,2.00,2.00,0.0116,0
2023-05-24 14:59:48,1684954788,20.1,22.2,99800,1.00,5.00,8.00,10.0,0.0164,0
2023-05-24 15:04:53,1684955094,19.8,22.9,99800,1e-7,2.00,3.00,4.00,0.0169,0
2023-05-24 15:19:55,1684955996,19.4,23.7,99800,1.00,3.00,5.00,6.00,0.0288,0
2023-05-24 15:24:22,1684956263,19.4,23.6,99800,1.00,2.00,3.00,4.00,0.0110,0
2023-05-24 15:29:58,1684956598,19.4,23.9,99800,1e-7,2.00,3.00,4.00,0.0110,0
2023-05-24 15:34:45,1684956885,19.4,23.7,99800,1.00,2.00,4.00,4.00,0.0111,0
2023-05-24 15:39:51,1684957191,19.4,23.4,99800,1.00,2.00,3.00,4.00,0.00995,0
2023-05-24 15:41:26,1684957286,19.3,23.7,99800,1e-7,1.00,2.00,3.00,0.00995,0
2023-05-24 15:49:43,1684957784,18.9,23.5,99800,1.00,4.00,7.00,8.00,0.0123,0
2023-05-24 15:54:49,1684958090,18.8,24.2,99800,1e-7,2.00,3.00,4.00,0.0162,0
2023-05-24 15:58:00,1684958281,18.8,24.1,99800,1e-7,1.00,3.00,4.00,0.0162,0
2023-05-24 16:04:41,1684958682,18.9,23.3,99800,1.00,2.00,3.00,4.00,0.0151,0
2023-05-24 16:09:48,1684958988,18.8,23.1,99800,1.00,2.00,4.00,5.00,0.0103,0
2023-05-24 16:14:55,1684959295,18.5,23.6,99800,1.00,2.00,3.00,4.00,0.0103,0
2023-05-24 16:15:33,1684959333,18.5,23.8,99800,1e-7,2.00,3.00,4.00,0.0100,0
2023-05-24 16:24:41,1684959882,18.5,24.0,99800,1.00,3.00,5.00,6.00,0.0105,0
2023-05-24 16:29:48,1684960189,18.5,23.8,99800,1.00,3.00,4.00,4.00,0.0119,0
2023-05-24 16:33:19,1684960399,18.5,23.7,99800,4.00,4.00,4.00,4.00,0.0119,0
2023-05-24 16:39:59,1684960799,18.4,24.1,99800,1e-7,1.00,2.00,3.00,0.0122,0
2023-05-24 16:44:46,1684961087,18.3,24.1,99820,1.00,3.00,4.00,4.00,0.0120,0
2023-05-24 16:49:53,1684961394,18.2,24.1,99900,1.00,2.00,3.00,4.00,0.0110,0
2023-05-24 16:50:12,1684961413,18.2,24.0,99900,1e-7,1.00,2.00,3.00,0.0110,0
2023-05-24 16:59:50,1684961991,17.8,24.0,99900,1.00,2.00,4.00,4.00,0.0110,0
2023-05-24 17:04:57,1684962298,17.6,24.5,99900,1.00,3.00,6.00,7.00,0.0142,0
2023-05-24 17:09:45,1684962586,17.4,24.6,99900,1.00,2.00,4.00,4.00,0.0110,0
2023-05-24 17:14:58,1684962899,17.2,24.9,99900,1.00,2.00,3.00,4.00,0.00884,0
2023-05-24 17:19:47,1684963187,17.1,25.1,99900,1.00,2.00,3.00,4.00,0.00995,0
2023-05-24 17:24:54,1684963495,17.0,24.9,99900,1.00,2.00,3.00,4.00,0.00995,0
2023-05-24 17:29:43,1684963783,16.9,25.1,99900,1e-7,2.00,3.00,4.00,0.00995,0
2023-05-24 17:34:50,1684964090,16.7,25.1,99900,1.00,2.00,4.00,4.00,0.00995,0
2023-05-24 17:39:58,1684964398,16.6,25.3,99900,1e-7,1e-7,1.00,1.00,0.00995,0
2023-05-24 17:44:46,1684964687,16.6,25.3,99900,1e-7,2.00,3.00,4.00,0.00995,0
2023-05-24 17:49:54,1684964995,16.6,25.2,99900,2.00,3.00,5.00,6.00,0.0132,0
2023-05-24 17:54:43,1684965283,16.5,25.2,99900,1e-7,2.00,3.00,4.00,0.0132,0
2023-05-24 17:59:51,1684965591,16.5,25.3,99900,1.00,2.00,3.00,4.00,0.0122,0
2023-05-24 18:04:59,1684965899,16.5,25.4,99900,1e-7,1.00,2.00,3.00,0.0108,0
2023-05-24 18:09:47,1684966188,16.5,25.3,99900,1.00,2.00,3.00,4.00,0.00995,0
2023-05-24 18:14:55,1684966496,16.4,25.6,99900,1.00,2.00,4.00,5.00,0.0103,0
2023-05-24 18:19:44,1684966785,16.4,25.7,99900,1.00,2.00,3.00,4.00,0.0103,0
2023-05-24 18:21:20,1684966880,16.4,25.6,99900,1e-7,1e-7,1e-7,1e-7,0.0103,0
2023-05-24 18:29:42,1684967382,16.3,25.6,99900,1e-7,2.00,3.00,4.00,0.0101,0
2023-05-24 18:34:50,1684967690,16.4,25.4,99900,1.00,3.00,5.00,6.00,0.0105,0
2023-05-24 18:39:58,1684967998,16.5,25.1,99900,1.00,1.00,2.00,3.00,0.0117,0
2023-05-24 18:44:54,1684968295,16.6,25.2,99900,1e-7,1e-7,1e-7,1e-7,0.0117,0
2023-05-24 18:49:43,1684968583,16.7,25.3,99900,1.00,4.00,7.00,8.00,0.0127,0
2023-05-24 18:54:50,1684968891,16.9,24.7,99900,1.00,2.00,3.00,4.00,0.0136,0
2023-05-24 18:57:43,1684969063,17.0,24.5,99900,1e-7,1e-7,1e-7,1e-7,0.0124,0
2023-05-24 19:04:55,1684969495,16.9,25.0,99900,1.00,3.00,5.00,6.00,0.0124,0
2023-05-24 19:09:43,1684969784,16.9,24.9,99900,1e-7,2.00,3.00,4.00,0.0117,0
2023-05-24 19:14:52,1684970092,16.9,25.0,99900,1e-7,4.00,7.00,9.00,0.0124,0
2023-05-24 19:19:59,1684970400,16.8,24.9,99900,1e-7,3.00,5.00,6.00,0.0129,0
2023-05-24 19:24:48,1684970689,16.7,25.4,99900,1e-7,1.00,2.00,3.00,0.0131,0
2023-05-24 19:29:56,1684970997,16.6,25.8,99900,1e-7,2.00,3.00,4.00,0.0111,0
2023-05-24 19:34:45,1684971286,16.5,26.0,99927,1.00,2.00,3.00,4.00,0.0107,0
2023-05-24 19:39:53,1684971594,16.4,26.3,99963,1.00,4.00,7.00,8.00,0.0183,0
2023-05-24 19:44:43,1684971883,16.3,26.7,100000,1.00,2.00,3.00,4.00,0.0244,0
2023-05-24 19:49:51,1684972192,16.2,27.0,100000,1.00,2.00,3.00,4.00,0.0163,0
2023-05-24 19:54:41,1684972481,16.0,27.4,100000,1e-7,2.00,3.00,4.00,0.0112,0
2023-05-24 19:59:49,1684972790,15.8,27.5,100000,1e-7,2.00,3.00,4.00,0.00995,0
2023-05-24 20:04:58,1684973099,15.5,28.0,100000,1.00,4.00,8.00,9.00,0.0159,0
2023-05-24 20:09:48,1684973388,15.2,28.4,100000,1e-7,1e-7,1.00,1.00,0.0159,0
2023-05-24 20:14:57,1684973698,15.0,29.0,100000,1e-7,2.00,3.00,4.00,0.0225,0
2023-05-24 20:19:47,1684973987,14.7,29.6,100000,1e-7,1.00,2.00,3.00,0.0101,0
2023-05-24 20:24:56,1684974297,14.5,29.9,100000,1e-7,4.00,7.00,8.00,0.0104,0
2023-05-24 20:29:46,1684974587,14.3,30.4,100000,1.00,2.00,3.00,4.00,0.0113,0
2023-05-24 20:34:56,1684974896,14.1,30.7,100000,1e-7,2.00,3.00,4.00,0.0122,0
2023-05-24 20:39:46,1684975187,13.9,31.2,100000,1e-7,1e-7,1e-7,1e-7,0.0107,0
2023-05-24 20:44:56,1684975497,13.7,31.7,100000,1e-7,1e-7,1e-7,1e-7,0.00995,0
2023-05-24 20:49:47,1684975787,13.5,31.9,100000,1e-7,1.00,3.00,3.00,0.00995,0
2023-05-24 20:54:57,1684976098,13.3,32.3,100000,1e-7,1e-7,1e-7,1e-7,0.00995,0
2023-05-24 20:59:48,1684976388,13.2,32.7,100000,1e-7,2.00,4.00,4.00,0.00995,0
2023-05-24 21:04:58,1684976699,13.0,32.9,100000,1.00,1.00,2.00,3.00,0.00995,0
2023-05-24 21:09:49,1684976990,12.8,33.3,100000,1e-7,1.00,2.00,3.00,0.00995,0
2023-05-24 21:14:40,1684977281,12.7,33.4,100000,1e-7,1.00,3.00,3.00,0.00995,0
2023-05-24 21:19:51,1684977591,12.4,33.6,100000,1e-7,2.00,3.00,4.00,0.00995,0
2023-05-24 21:24:43,1684977883,12.0,34.3,100067,1e-7,1e-7,1e-7,1e-7,0.00995,0
2023-05-24 21:29:54,1684978194,11.7,34.7,100100,1e-7,1.00,2.00,3.00,0.00995,0
2023-05-24 21:34:46,1684978486,11.3,35.3,100100,1e-7,1e-7,1e-7,1e-7,0.00995,0
2023-05-24 21:39:57,1684978797,11.0,36.3,100100,1e-7,2.00,4.00,4.00,0.00995,0
2023-05-24 21:44:49,1684979089,10.7,36.9,100100,1e-7,1.00,2.00,3.00,0.00995,0
2023-05-24 21:49:41,1684979381,10.5,37.2,100100,1e-7,1e-7,1e-7,1e-7,0.00995,0
2023-05-24 21:54:53,1684979693,10.3,38.3,100100,1e-7,1e-7,1e-7,1e-7,0.00995,0
2023-05-24 21:59:45,1684979985,10.4,39.2,100100,1e-7,2.00,3.00,4.00,0.00995,0
2023-05-24 22:04:57,1684980297,10.5,39.2,100100,1e-7,1.00,3.00,3.00,0.00995,0
2023-05-24 22:09:49,1684980589,10.7,39.6,100093,1e-7,1e-7,1e-7,1e-7,0.00995,0
2023-05-24 22:14:41,1684980881,10.9,39.6,100100,1e-7,1e-7,1e-7,1e-7,0.00995,0
2023-05-24 22:19:52,1684981193,11.1,39.6,100050,1e-7,1e-7,1e-7,1e-7,0.00995,0
2023-05-24 22:24:44,1684981485,11.3,39.4,100007,1e-7,2.00,3.00,4.00,0.00995,0
2023-05-24 22:29:55,1684981796,11.4,39.1,100000,1e-7,2.00,3.00,4.00,0.00995,0
2023-05-24 22:34:47,1684982088,11.6,39.1,100000,1e-7,2.00,3.00,4.00,0.00995,0
2023-05-24 22:39:59,1684982399,11.8,39.1,100000,1e-7,2.00,3.00,4.00,0.00995,0
2023-05-24 22:44:50,1684982691,11.9,38.7,100000,1e-7,1e-7,1e-7,1e-7,0.00995,0
2023-05-24 22:49:42,1684982982,12.0,38.5,100000,1e-7,2.00,3.00,4.00,0.00995,0
2023-05-24 22:54:53,1684983293,12.1,38.5,100000,1e-7,2.00,3.00,4.00,0.00995,0
2023-05-24 22:59:44,1684983585,12.1,38.4,100000,1e-7,2.00,3.00,4.00,0.00995,0
2023-05-24 23:04:55,1684983896,12.2,38.3,100000,1e-7,1e-7,1e-7,1e-7,0.00995,0
2023-05-24 23:09:46,1684984187,12.2,38.3,100000,1e-7,2.00,3.00,4.00,0.00995,0
2023-05-24 23:14:57,1684984498,12.3,38.2,100000,1e-7,2.00,3.00,4.00,0.00995,0
2023-05-24 23:19:48,1684984788,12.3,37.9,100000,1.00,4.00,7.00,8.00,0.0125,0
2023-05-24 23:24:59,1684985099,12.3,38.1,100006,1e-7,2.00,3.00,4.00,0.0141,0
2023-05-24 23:29:50,1684985390,12.4,38.1,100073,1.00,1.00,2.00,3.00,0.0122,0
2023-05-24 23:34:41,1684985682,12.4,38.3,100087,1e-7,1.00,1.00,1.00,0.0129,0
2023-05-24 23:39:52,1684985992,12.4,38.3,100025,1e-7,2.00,3.00,4.00,0.00995,0
2023-05-24 23:44:43,1684986284,12.4,38.1,100000,1e-7,4.00,7.00,8.00,0.0200,0
2023-05-24 23:49:54,1684986594,12.4,38.0,100000,1e-7,1.00,2.00,3.00,0.0184,0
2023-05-24 23:54:45,1684986886,12.4,38.4,100000,1e-7,1.00,2.00,3.00,0.0184,0
2023-05-24 23:59:56,1684987196,12.4,38.5,100000,1.00,4.00,6.00,8.00,0.0119,0
2023-05-25 00:04:47,1684987488,12.3,38.6,100000,1.00,2.00,3.00,4.00,0.0124,0
2023-05-25 00:09:58,1684987798,12.3,38.5,100000,1e-7,2.00,3.00,4.00,0.0129,0
2023-05-25 00:14:49,1684988090,12.3,38.8,100000,1.00,8.00,14.0,17.0,0.0182,0
2023-05-25 00:19:41,1684988381,12.2,38.8,100000,1e-7,1.00,2.00,3.00,0.0270,0
2023-05-25 00:24:51,1684988692,12.2,38.9,100000,1e-7,1e-7,1e-7,1e-7,0.0330,0
2023-05-25 00:29:43,1684988983,12.1,39.2,100000,1.00,1.00,2.00,3.00,0.0330,0
2023-05-25 00:34:53,1684989294,12.0,39.3,100000,1e-7,1.00,2.00,3.00,0.00995,0
2023-05-25 00:39:45,1684989585,11.9,39.7,100040,1e-7,4.00,7.00,8.00,0.0123,0
2023-05-25 00:44:56,1684989896,11.9,39.8,100063,1e-7,1e-7,1e-7,1e-7,0.0124,0
2023-05-25 00:49:47,1684990188,11.8,39.8,100100,1e-7,3.00,5.00,6.00,0.0138,0
2023-05-25 00:54:58,1684990499,11.8,39.9,100100,1e-7,2.00,3.00,4.00,0.0115,0
2023-05-25 00:59:50,1684990790,11.8,39.9,100100,1.00,2.00,3.00,4.00,0.0115,0
2023-05-25 01:04:42,1684991082,11.7,40.1,100100,1.00,8.00,14.0,16.0,0.0218,0
2023-05-25 01:09:53,1684991393,11.7,40.1,100100,1e-7,2.00,3.00,4.00,0.0200,0
2023-05-25 01:14:44,1684991685,11.7,40.3,100013,1e-7,1e-7,1e-7,1e-7,0.0176,0
2023-05-25 01:19:55,1684991996,11.6,40.5,100000,1e-7,2.00,4.00,4.00,0.00995,0
2023-05-25 01:24:47,1684992287,11.6,40.2,100020,1e-7,2.00,3.00,4.00,0.00995,0
2023-05-25 01:29:58,1684992598,11.6,40.0,100000,1e-7,2.00,3.00,4.00,0.00995,0
2023-05-25 01:34:50,1684992890,11.7,40.0,100000,1.00,2.00,3.00,4.00,0.00995,0
2023-05-25 01:39:41,1684993182,11.7,39.8,100000,1.00,2.00,3.00,4.00,0.00995,0
2023-05-25 01:44:52,1684993493,11.8,39.8,100000,1e-7,2.00,3.00,4.00,0.00995,0
2023-05-25 01:49:44,1684993784,11.8,39.5,100000,1.00,4.00,7.00,8.00,0.0163,0
2023-05-25 01:54:55,1684994095,11.7,38.9,100000,1.00,2.00,3.00,4.00,0.0173,0
2023-05-25 01:59:47,1684994387,11.7,39.1,100000,1e-7,2.00,3.00,4.00,0.0143,0
2023-05-25 02:04:58,1684994698,11.8,38.7,100000,2.00,2.00,3.00,4.00,0.0140,0
2023-05-25 02:09:49,1684994990,11.8,38.4,100000,1.00,3.00,5.00,5.00,0.0113,0
2023-05-25 02:14:41,1684995281,11.9,38.5,100000,1.00,3.00,5.00,7.00,0.0118,0
2023-05-25 02:19:51,1684995592,11.9,38.3,100000,1.00,2.00,4.00,5.00,0.0111,0
2023-05-25 02:24:43,1684995883,12.0,38.3,100000,1e-7,4.00,7.00,8.00,0.0191,0
2023-05-25 02:29:54,1684996194,12.0,38.4,100000,1.00,4.00,7.00,9.00,0.0191,0
2023-05-25 02:34:45,1684996486,12.0,38.2,100000,1.00,4.00,6.00,7.00,0.0106,0
2023-05-25 02:39:56,1684996796,12.1,38.3,100000,1.00,2.00,3.00,4.00,0.0149,0
2023-05-25 02:44:47,1684997088,12.0,38.3,100000,1.00,2.00,3.00,4.00,0.0157,0
2023-05-25 02:49:58,1684997399,12.0,38.3,100000,1.00,2.00,3.00,4.00,0.0103,0
2023-05-25 02:54:50,1684997690,12.0,38.2,100000,1.00,3.00,4.00,5.00,0.0104,0
2023-05-25 02:59:41,1684997981,12.0,38.2,100000,1.00,3.00,5.00,6.00,0.0106,0
2023-05-25 03:04:52,1684998292,12.0,37.9,100000,2.00,4.00,6.00,7.00,0.0145,0
2023-05-25 03:09:43,1684998584,12.0,37.9,100000,1.00,4.00,7.00,8.00,0.0116,0
2023-05-25 03:14:54,1684998895,12.0,37.7,100000,1.00,5.00,8.00,10.0,0.0120,0
2023-05-25 03:19:45,1684999186,12.1,37.8,100000,1e-7,2.00,4.00,4.00,0.0224,0
2023-05-25 03:24:56,1684999497,12.1,37.7,100000,1.00,5.00,10.0,12.0,0.0224,0
2023-05-25 03:29:47,1684999788,12.1,37.5,100000,2.00,2.00,4.00,5.00,0.0250,0
2023-05-25 03:34:58,1685000099,12.1,37.4,100000,2.00,5.00,9.00,11.0,0.0171,0
2023-05-25 03:39:50,1685000390,12.0,37.5,100000,2.00,3.00,4.00,4.00,0.0154,0
2023-05-25 03:44:41,1685000682,12.0,37.4,100000,2.00,3.00,4.00,5.00,0.0136,0
2023-05-25 03:49:52,1685000992,12.0,37.2,100000,1.00,2.00,3.00,4.00,0.0102,0
2023-05-25 03:54:43,1685001284,12.0,37.4,100000,2.00,3.00,5.00,6.00,0.0102,0
2023-05-25 03:59:54,1685001594,12.0,37.2,100000,1.00,2.00,3.00,4.00,0.0105,0
2023-05-25 04:04:45,1685001886,12.0,37.3,100000,1.00,5.00,8.00,10.0,0.0134,0
2023-05-25 04:09:56,1685002197,12.0,37.6,100000,1.00,2.00,3.00,4.00,0.0194,0
2023-05-25 04:14:48,1685002488,11.9,37.5,100000,1e-7,5.00,10.0,12.0,0.0214,0
2023-05-25 04:19:59,1685002799,11.9,37.5,100000,2.00,3.00,4.00,4.00,0.0131,0
2023-05-25 04:24:50,1685003091,11.8,37.7,100000,1.00,2.00,4.00,4.00,0.0183,0
2023-05-25 04:29:42,1685003382,11.8,37.7,100000,2.00,3.00,6.00,7.00,0.0131,0
2023-05-25 04:34:53,1685003693,11.7,37.7,100000,1e-7,4.00,7.00,8.00,0.0123,0
2023-05-25 04:39:45,1685003985,11.6,37.9,100000,2.00,3.00,5.00,7.00,0.0125,0
2023-05-25 04:44:56,1685004296,11.6,38.0,100000,1.00,2.00,3.00,4.00,0.0171,0
2023-05-25 04:49:48,1685004588,11.5,38.2,100000,1.00,2.00,3.00,4.00,0.0100,0
2023-05-25 04:54:59,1685004899,11.4,38.4,100000,1.00,2.00,3.00,3.00,0.00995,0
2023-05-25 04:59:59,1685005199,11.3,38.4,100038,1.00,2.00,3.00,4.00,0.00995,0
2023-05-25 05:04:51,1685005491,11.1,38.4,100100,1.00,2.00,3.00,4.00,0.00995,0
2023-05-25 05:09:43,1685005783,10.9,38.7,100100,1e-7,1.00,3.00,3.00,0.00995,0
2023-05-25 05:14:54,1685006095,10.8,39.1,100100,1e-7,2.00,3.00,4.00,0.00995,0
2023-05-25 05:19:46,1685006387,10.6,39.7,100100,1e-7,2.00,4.00,4.00,0.00995,0
2023-05-25 05:24:58,1685006698,10.5,39.8,100100,2.00,3.00,4.00,4.00,0.00995,0
2023-05-25 05:29:50,1685006990,10.5,40.0,100100,1.00,2.00,3.00,4.00,0.0105,0
2023-05-25 05:34:42,1685007282,10.6,39.8,100100,2.00,9.00,15.0,18.0,0.0269,0
2023-05-25 05:35:21,1685007321,10.6,39.5,100100,2.00,2.00,3.00,4.00,0.0176,0
2023-05-25 06:49:59,1685011799,13.7,33.1,100200,1.00,4.00,7.00,8.00,,
2023-05-25 06:54:48,1685012088,14.2,32.6,100200,1.00,3.00,5.00,7.00,,
2023-05-25 06:59:56,1685012396,14.7,31.5,100200,1.00,3.00,5.00,6.00,0.0114,0
2023-05-25 07:04:44,1685012685,15.1,30.5,100200,3.00,4.00,6.00,6.00,0.0114,0
2023-05-25 07:09:52,1685012992,15.4,30.0,100200,1.00,2.00,3.00,4.00,0.0141,0
2023-05-25 07:10:30,1685013031,15.5,29.9,100200,1.00,2.00,3.00,4.00,0.0141,0
2023-05-25 08:14:55,1685016896,19.9,22.1,100200,1.00,2.00,3.00,4.00,,
2023-05-25 08:17:46,1685017067,20.0,21.7,100200,1e-7,2.00,3.00,4.00,,
2023-05-25 09:39:53,1685021993,20.9,18.2,100200,1e-7,1.00,2.00,3.00,,
2023-05-25 09:44:56,1685022296,21.1,18.0,100200,2.00,3.00,5.00,7.00,,
2023-05-25 09:49:41,1685022582,21.2,18.1,100200,3.00,4.00,6.00,6.00,0.0137,0
2023-05-25 09:54:46,1685022886,21.2,17.9,100200,1.00,3.00,5.00,7.00,0.0117,0
2023-05-25 09:57:56,1685023076,21.2,17.7,100200,2.00,2.00,3.00,4.00,0.0145,0
2023-05-25 10:14:53,1685024094,21.8,17.2,100138,2.00,4.00,6.00,7.00,0.0139,0
2023-05-25 10:16:09,1685024169,21.9,17.4,100100,1.00,2.00,3.00,3.00,0.0121,0
2023-05-25 10:24:43,1685024684,21.9,16.9,100100,1.00,3.00,4.00,4.00,0.0121,0
2023-05-25 10:29:48,1685024988,21.9,16.5,100100,2.00,2.00,3.00,4.00,0.0121,0
2023-05-25 10:34:13,1685025254,22.1,16.4,100100,1.00,2.00,3.00,4.00,0.0134,0
2023-05-25 10:44:51,1685025891,22.3,15.9,100100,1.00,4.00,7.00,8.00,0.0142,0
2023-05-25 10:49:55,1685026195,22.4,15.9,100100,1.00,3.00,5.00,6.00,0.0141,0
2023-05-25 10:51:48,1685026309,22.2,16.0,100100,1.00,1.00,3.00,3.00,0.0112,0
2023-05-25 10:59:43,1685026784,21.8,16.4,100100,1e-7,2.00,3.00,4.00,0.0109,0
2023-05-25 11:04:48,1685027088,21.7,15.9,100056,1.00,2.00,3.00,3.00,0.0122,0
2023-05-25 11:08:17,1685027297,21.9,15.9,100100,1.00,2.00,3.00,4.00,0.0114,0
2023-05-25 11:14:58,1685027698,22.3,14.9,100100,1.00,1.00,2.00,3.00,0.00995,0
2023-05-25 11:19:43,1685027983,22.5,14.5,100100,2.00,2.00,3.00,4.00,0.00995,0
2023-05-25 11:24:48,1685028288,22.7,14.8,100100,1e-7,3.00,6.00,7.00,0.0119,0
2023-05-25 11:27:38,1685028459,22.8,15.0,100100,2.00,3.00,5.00,6.00,0.0109,0
2023-05-25 11:34:57,1685028898,23.1,14.3,100100,2.00,4.00,7.00,8.00,0.0121,0
2023-05-25 11:39:42,1685029183,23.0,13.7,100100,1.00,2.00,4.00,4.00,0.0180,0
2023-05-25 11:42:15,1685029335,22.7,13.9,100100,1.00,3.00,5.00,6.00,0.0164,0
2023-05-25 11:54:41,1685030081,23.4,13.7,100100,1.00,2.00,3.00,4.00,0.0161,0
2023-05-25 11:59:44,1685030385,23.3,13.8,100100,3.00,6.00,10.0,12.0,0.0161,0
2023-05-25 12:01:37,1685030498,23.2,14.4,100100,2.00,2.00,3.00,4.00,0.0227,0
2023-05-25 12:09:59,1685030999,23.1,14.0,100100,1.00,4.00,6.00,8.00,0.0227,0
2023-05-25 12:14:44,1685031285,23.2,13.9,100053,1.00,2.00,4.00,5.00,0.0279,0
2023-05-25 12:17:16,1685031437,23.3,14.3,100063,1.00,2.00,3.00,4.00,0.0254,0
2023-05-25 12:24:53,1685031894,23.6,14.2,100000,1.00,2.00,3.00,3.00,0.0254,0
2023-05-25 12:29:57,1685032198,23.7,13.9,100000,1.00,3.00,6.00,7.00,0.0124,0
2023-05-25 12:34:42,1685032483,23.8,13.6,100000,1.00,2.00,3.00,4.00,0.0111,0
2023-05-25 12:35:57,1685032558,23.7,13.6,100000,1.00,3.00,5.00,6.00,0.00981,0
2023-05-25 12:44:50,1685033091,23.7,13.8,100000,1.00,3.00,5.00,7.00,0.0104,0
2023-05-25 12:49:54,1685033395,23.8,12.8,100000,1.00,4.00,6.00,8.00,0.0108,0
2023-05-25 12:54:58,1685033698,23.9,13.1,100000,2.00,6.00,11.0,13.0,0.0151,0
2023-05-25 12:59:52,1685033992,23.9,12.9,100000,2.00,5.00,7.00,8.00,0.0267,0
2023-05-25 13:04:56,1685034296,23.8,13.2,100000,2.00,4.00,6.00,7.00,0.0379,0
2023-05-25 13:09:41,1685034581,23.6,13.1,100000,1.00,2.00,4.00,4.00,0.0566,0
2023-05-25 13:14:45,1685034885,23.6,13.1,100000,1.00,4.00,7.00,8.00,0.0566,0
2023-05-25 13:19:47,1685035188,23.6,13.4,100000,1.00,2.00,3.00,4.00,0.0107,0
2023-05-25 13:24:51,1685035492,23.6,13.1,100000,3.00,4.00,7.00,9.00,0.0114,0
2023-05-25 13:29:54,1685035795,23.6,13.1,100000,3.00,4.00,7.00,8.00,0.0224,0
2023-05-25 13:34:49,1685036090,23.5,13.1,100000,2.00,2.00,3.00,3.00,0.0201,0
2023-05-25 13:39:53,1685036394,23.4,13.3,100000,2.00,2.00,3.00,3.00,0.0223,0
2023-05-25 13:44:57,1685036698,23.6,13.2,100000,1.00,6.00,11.0,13.0,0.0223,0
2023-05-25 13:46:31,1685036792,23.8,12.8,100000,1.00,1.00,2.00,2.00,0.0199,0
2023-05-25 13:54:47,1685037288,23.7,13.0,100000,1.00,5.00,9.00,11.0,0.0252,0
2023-05-25 13:59:51,1685037592,23.7,12.8,100000,1.00,5.00,9.00,11.0,0.0203,0
2023-05-25 14:04:55,1685037896,23.7,12.8,100000,3.00,4.00,7.00,9.00,0.0503,0
2023-05-25 14:09:51,1685038192,23.8,12.7,100000,1.00,3.00,5.00,6.00,0.0503,0
2023-05-25 14:14:55,1685038496,23.6,13.0,100000,1.00,4.00,7.00,8.00,0.0280,0
2023-05-25 14:19:59,1685038800,23.5,13.0,100000,2.00,5.00,7.00,9.00,0.0255,0
2023-05-25 14:21:14,1685038875,23.4,13.1,100000,1.00,2.00,3.00,4.00,0.0107,0
2023-05-25 14:29:42,1685039383,23.9,13.6,100000,1.00,3.00,5.00,7.00,0.0175,0
2023-05-25 14:34:46,1685039686,24.4,13.2,100000,1.00,3.00,4.00,4.00,0.0142,0
2023-05-25 14:39:49,1685039990,24.5,12.5,100000,1.00,5.00,8.00,9.00,0.0103,0
2023-05-25 14:42:01,1685040122,24.5,12.8,100000,1.00,1.00,2.00,3.00,0.0120,0
2023-05-25 14:49:45,1685040585,25.2,12.7,100000,1.00,2.00,4.00,4.00,0.0165,0
2023-05-25 14:54:48,1685040888,25.1,12.7,100000,1e-7,3.00,5.00,6.00,0.0165,0
2023-05-25 14:56:23,1685040983,24.9,12.5,100000,1e-7,1.00,3.00,3.00,0.0122,0
2023-05-25 15:04:48,1685041488,24.5,13.2,100000,3.00,4.00,5.00,6.00,0.0122,0
2023-05-25 15:09:51,1685041791,24.8,13.5,100000,1.00,4.00,7.00,8.00,0.0167,0
2023-05-25 15:12:03,1685041924,25.1,12.7,100000,3.00,6.00,9.00,10.0,0.0138,0
2023-05-25 15:24:51,1685042692,24.3,13.6,100000,1.00,2.00,3.00,4.00,0.0150,0
2023-05-25 15:29:55,1685042996,24.0,13.7,100000,2.00,2.00,3.00,4.00,0.0214,0
2023-05-25 15:34:53,1685043293,23.8,13.6,100000,1.00,2.00,3.00,4.00,0.00982,0
2023-05-25 15:39:56,1685043597,23.9,13.7,100000,2.00,5.00,9.00,11.0,0.0215,0
2023-05-25 15:44:41,1685043882,23.8,13.9,100000,1.00,4.00,7.00,8.00,0.0191,0
2023-05-25 15:49:45,1685044186,23.7,13.9,100000,2.00,4.00,6.00,7.00,0.0179,0
2023-05-25 15:54:41,1685044482,23.5,14.1,100000,1.00,1.00,2.00,2.00,0.0110,0
2023-05-25 15:59:45,1685044786,23.6,13.8,100000,1.00,3.00,5.00,5.00,0.0133,0
2023-05-25 16:04:49,1685045090,23.9,13.9,100000,3.00,3.00,3.00,4.00,0.0142,0
2023-05-25 16:07:59,1685045279,24.2,13.5,100000,1.00,2.00,3.00,4.00,0.0141,0
2023-05-25 16:14:59,1685045700,24.3,13.2,100000,1.00,1.00,3.00,3.00,0.0107,0
2023-05-25 16:19:44,1685045985,24.7,13.3,100000,1.00,2.00,3.00,4.00,0.00995,0
2023-05-25 16:24:47,1685046288,24.9,12.6,100000,2.00,3.00,5.00,6.00,0.0126,0
2023-05-25 16:29:50,1685046590,24.4,12.7,100000,2.00,5.00,8.00,10.0,0.0118,0
2023-05-25 16:34:53,1685046894,24.0,13.1,100000,2.00,5.00,8.00,10.0,0.0176,0
2023-05-25 16:39:57,1685047198,24.2,12.8,100000,1.00,2.00,3.00,4.00,0.0187,0
2023-05-25 16:43:07,1685047387,24.5,12.7,100000,2.00,4.00,7.00,9.00,0.0189,0
2023-05-25 16:49:54,1685047794,24.4,12.9,100000,2.00,2.00,3.00,3.00,0.0170,0
2023-05-25 16:54:57,1685048098,24.3,13.0,100000,1.00,2.00,3.00,4.00,0.0139,0
2023-05-25 16:58:07,1685048288,24.4,13.2,100000,1.00,2.00,3.00,4.00,0.0111,0
2023-05-25 17:04:45,1685048685,24.7,12.7,100000,1e-7,1.00,1.00,2.00,0.00995,0
2023-05-25 17:09:48,1685048988,24.6,12.8,100000,2.00,3.00,3.00,4.00,0.00995,0
2023-05-25 17:14:52,1685049292,24.5,12.8,100000,1.00,3.00,5.00,6.00,0.0122,0
2023-05-25 17:15:48,1685049348,24.5,12.9,100000,1e-7,2.00,4.00,4.00,0.00946,0
2023-05-25 17:24:45,1685049885,24.6,12.4,100000,1.00,2.00,2.00,3.00,0.0131,0
2023-05-25 17:29:48,1685050189,24.5,12.5,100000,1.00,5.00,9.00,11.0,0.0169,0
2023-05-25 17:33:54,1685050435,24.4,12.7,100000,2.00,3.00,4.00,4.00,0.0220,0
2023-05-25 17:39:57,1685050798,24.1,13.2,100000,1e-7,1.00,2.00,3.00,0.00960,0
2023-05-25 17:44:42,1685051083,23.9,13.0,100000,1.00,2.00,3.00,4.00,0.0239,0
2023-05-25 17:49:46,1685051387,23.4,13.4,100000,2.00,4.00,6.00,8.00,0.0185,0
2023-05-25 17:54:50,1685051691,23.2,13.4,100000,2.00,2.00,3.00,4.00,0.0136,0
2023-05-25 17:59:54,1685051995,22.9,13.5,100000,1.00,5.00,8.00,10.0,0.0127,0
2023-05-25 18:04:58,1685052299,22.5,13.7,100000,2.00,2.00,3.00,4.00,0.0225,0
2023-05-25 18:08:28,1685052508,22.3,13.9,100000,1.00,2.00,3.00,4.00,0.0235,0
2023-05-25 18:19:59,1685053199,21.6,19.8,100067,1e-7,2.00,4.00,5.00,0.0235,0
2023-05-25 18:24:45,1685053486,21.2,20.5,100040,3.00,4.00,5.00,6.00,0.0226,0
2023-05-25 18:29:51,1685053791,20.7,21.2,100100,1.00,6.00,9.00,11.0,0.0149,0
2023-05-25 18:34:57,1685054097,20.4,21.7,100100,1.00,3.00,5.00,6.00,0.0112,0
2023-05-25 18:39:43,1685054384,19.9,22.3,100100,3.00,4.00,5.00,5.00,0.0112,0
2023-05-25 18:44:50,1685054690,19.4,22.7,100100,3.00,6.00,8.00,10.0,0.0183,0
2023-05-25 18:49:56,1685054997,19.0,22.7,100100,2.00,5.00,7.00,8.00,0.0179,0
2023-05-25 18:54:44,1685055285,18.7,22.9,100100,2.00,4.00,7.00,9.00,0.0179,0
2023-05-25 18:59:51,1685055591,18.6,23.1,100100,1.00,6.00,10.0,12.0,0.0115,0
2023-05-25 19:04:58,1685055898,18.3,23.3,100100,2.00,4.00,7.00,8.00,0.0187,0
2023-05-25 19:09:46,1685056186,18.0,23.3,100100,3.00,6.00,10.0,12.0,0.0197,0
2023-05-25 19:14:53,1685056494,17.7,23.5,100100,2.00,6.00,11.0,13.0,0.0197,0
2023-05-25 19:19:42,1685056782,17.4,23.4,100100,1.00,6.00,10.0,12.0,0.0237,0
2023-05-25 19:24:50,1685057090,17.1,23.4,100131,1.00,4.00,6.00,7.00,0.0238,0
2023-05-25 19:29:58,1685057398,16.7,23.6,100200,2.00,8.00,14.0,16.0,0.0258,0
2023-05-25 19:34:47,1685057687,16.3,24.6,100200,1.00,2.00,3.00,4.00,0.0394,0
2023-05-25 19:39:56,1685057996,16.0,25.3,100200,1.00,3.00,5.00,6.00,0.0394,0
2023-05-25 19:44:45,1685058286,15.6,25.9,100200,2.00,6.00,9.00,10.0,0.0325,0
2023-05-25 19:49:54,1685058594,15.4,26.9,100200,2.00,4.00,6.00,7.00,0.0419,0
2023-05-25 19:54:44,1685058884,15.1,27.3,100200,1.00,3.00,5.00,6.00,0.0351,0
2023-05-25 19:59:53,1685059193,14.7,27.8,100200,2.00,5.00,8.00,9.00,0.0144,0
2023-05-25 20:04:43,1685059483,14.5,28.0,100200,2.00,2.00,2.00,3.00,0.0150,0
2023-05-25 20:09:52,1685059793,14.2,28.6,100200,1.00,3.00,4.00,5.00,0.0165,0
2023-05-25 20:14:42,1685060083,14.1,29.1,100200,2.00,4.00,7.00,9.00,0.0149,0
2023-05-25 20:19:51,1685060392,13.7,29.9,100200,2.00,5.00,8.00,9.00,0.0181,0
2023-05-25 20:24:42,1685060682,13.4,30.9,100200,2.00,4.00,7.00,8.00,0.0170,0
2023-05-25 20:29:52,1685060992,13.2,31.3,100200,1.00,5.00,8.00,10.0,0.0176,0
2023-05-25 20:34:43,1685061283,13.0,31.6,100200,2.00,4.00,6.00,7.00,0.0210,0
2023-05-25 20:39:53,1685061593,12.8,32.3,100200,2.00,6.00,9.00,11.0,0.0136,0
2023-05-25 20:44:44,1685061884,12.6,32.9,100207,3.00,4.00,4.00,4.00,0.0112,0
2023-05-25 20:49:54,1685062195,12.4,33.6,100300,1.00,6.00,10.0,12.0,0.0132,0
2023-05-25 20:54:46,1685062486,12.2,34.3,100300,1.00,8.00,14.0,17.0,0.0258,0
2023-05-25 20:59:56,1685062797,12.0,35.6,100300,1.00,3.00,6.00,7.00,0.0287,0
2023-05-25 21:04:48,1685063088,11.7,36.6,100300,1.00,4.00,6.00,8.00,0.0177,0
2023-05-25 21:09:58,1685063399,11.6,36.8,100300,2.00,3.00,5.00,6.00,0.0129,0
2023-05-25 21:14:50,1685063690,11.6,36.8,100300,2.00,5.00,7.00,9.00,0.0177,0
2023-05-25 21:19:41,1685063982,11.7,36.5,100300,1.00,3.00,4.00,5.00,0.0177,0
2023-05-25 21:24:52,1685064293,11.7,36.0,100300,2.00,4.00,7.00,8.00,0.0161,0
2023-05-25 21:29:44,1685064584,11.8,35.2,100300,1.00,6.00,9.00,11.0,0.0153,0
2023-05-25 21:34:55,1685064895,11.7,35.4,100300,1e-7,4.00,7.00,8.00,0.0101,0
2023-05-25 21:39:47,1685065187,11.7,35.9,100300,2.00,3.00,6.00,7.00,0.0112,0
2023-05-25 21:44:58,1685065498,11.7,37.0,100300,1.00,3.00,5.00,5.00,0.0118,0
2023-05-25 21:49:50,1685065791,11.7,37.6,100300,1.00,4.00,8.00,9.00,0.0105,0
2023-05-25 21:54:42,1685066082,11.6,37.2,100300,1e-7,2.00,3.00,4.00,0.00824,0
2023-05-25 21:59:53,1685066394,11.6,37.0,100300,1e-7,2.00,4.00,4.00,0.0173,0
2023-05-25 22:04:45,1685066685,11.5,37.2,100300,2.00,4.00,6.00,7.00,0.0123,0
2023-05-25 22:09:56,1685066997,11.3,37.9,100300,2.00,3.00,5.00,6.00,0.0233,0
2023-05-25 22:14:48,1685067289,11.2,37.5,100300,1e-7,1e-7,1e-7,1e-7,0.0272,0
2023-05-25 22:19:59,1685067599,11.1,37.6,100300,1.00,2.00,3.00,4.00,0.0232,0
2023-05-25 22:24:51,1685067891,11.0,37.3,100300,1e-7,4.00,7.00,8.00,0.0138,0
2023-05-25 22:29:43,1685068183,11.0,37.4,100300,1.00,3.00,5.00,6.00,0.0138,0
2023-05-25 22:34:54,1685068495,10.9,37.7,100300,1e-7,2.00,4.00,4.00,0.0129,0
2023-05-25 22:39:47,1685068787,10.8,39.1,100300,1.00,2.00,3.00,4.00,0.0101,0
2023-05-25 22:44:50,1685069090,10.5,39.9,100300,1e-7,2.00,3.00,4.00,0.00995,0
2023-05-25 22:49:42,1685069383,10.2,39.3,100380,1e-7,2.00,3.00,4.00,0.00995,0
2023-05-25 22:54:54,1685069695,10.1,39.4,100400,1e-7,2.00,3.00,4.00,0.00995,0
2023-05-25 22:59:47,1685069987,9.88,39.4,100400,1e-7,2.00,3.00,4.00,0.00995,0
2023-05-25 23:04:59,1685070299,9.74,39.7,100400,1e-7,2.00,3.00,4.00,0.00995,0
2023-05-25 23:09:51,1685070592,9.64,40.0,100400,1e-7,3.00,5.00,6.00,0.0103,0
2023-05-25 23:14:44,1685070885,9.59,40.5,100400,1e-7,1.00,2.00,3.00,0.0107,0
2023-05-25 23:19:56,1685071197,9.56,40.3,100381,1e-7,2.00,3.00,4.00,0.0107,0
2023-05-25 23:24:49,1685071490,9.54,41.5,100400,1e-7,2.00,3.00,4.00,0.0108,0
2023-05-25 23:29:42,1685071782,9.51,41.8,100400,1e-7,1.00,1.00,2.00,0.00995,0
2023-05-25 23:34:54,1685072095,9.48,42.2,100388,1e-7,1e-7,1e-7,1e-7,0.00995,0
2023-05-25 23:39:47,1685072388,9.46,42.6,100360,1e-7,3.00,6.00,7.00,0.0108,0
2023-05-25 23:44:59,1685072700,9.42,42.2,100400,1e-7,1.00,2.00,3.00,0.0113,0
2023-05-25 23:49:52,1685072993,9.36,42.3,100393,1e-7,2.00,3.00,4.00,0.0113,0
2023-05-25 23:54:45,1685073286,9.25,42.1,100313,1e-7,1.00,2.00,3.00,0.00995,0
2023-05-25 23:59:58,1685073599,9.09,42.0,100325,1e-7,2.00,3.00,4.00,0.00995,0
2023-05-26 00:04:51,1685073892,8.89,42.2,100400,2.00,4.00,6.00,8.00,0.0141,0
2023-05-26 00:09:45,1685074185,8.62,42.5,100400,1e-7,1.00,2.00,3.00,0.0147,0
2023-05-26 00:14:58,1685074498,8.38,43.0,100400,1.00,1.00,2.00,2.00,0.0158,0
2023-05-26 00:19:51,1685074792,8.13,43.2,100400,2.00,2.00,2.00,3.00,0.0140,0
2023-05-26 00:24:45,1685075085,7.85,43.9,100400,1e-7,2.00,3.00,4.00,0.00995,0
2023-05-26 00:29:58,1685075399,7.63,43.8,100400,1e-7,3.00,5.00,6.00,0.00995,0
2023-05-26 00:34:52,1685075693,7.43,44.8,100400,1e-7,2.00,4.00,4.00,0.0104,0
2023-05-26 00:39:46,1685075987,7.27,45.3,100400,1e-7,2.00,3.00,4.00,0.0107,0
2023-05-26 00:44:59,1685076300,7.18,44.9,100400,1e-7,2.00,3.00,4.00,0.0107,0
2023-05-26 00:49:53,1685076594,7.07,44.9,100400,1.00,2.00,3.00,3.00,0.00995,0
2023-05-26 00:54:47,1685076888,6.95,44.7,100400,1e-7,2.00,3.00,4.00,0.00995,0
2023-05-26 00:59:41,1685077182,6.82,44.8,100400,1e-7,1e-7,1e-7,1e-7,0.00995,0
2023-05-26 01:04:55,1685077496,6.65,45.1,100400,1e-7,2.00,3.00,4.00,0.00995,0
2023-05-26 01:09:50,1685077790,6.45,45.4,100400,1.00,2.00,3.00,4.00,0.00995,0
2023-05-26 01:14:44,1685078085,6.29,46.2,100400,1.00,2.00,3.00,3.00,0.00995,0
2023-05-26 01:19:58,1685078399,6.16,47.0,100400,1e-7,2.00,4.00,5.00,0.0101,0
2023-05-26 01:24:53,1685078694,6.07,47.5,100400,1.00,3.00,4.00,4.00,0.0104,0
2023-05-26 01:29:48,1685078988,6.00,48.1,100400,1e-7,2.00,3.00,4.00,0.0104,0
2023-05-26 01:34:42,1685079283,5.97,47.9,100400,1e-7,1e-7,1.00,1.00,0.0104,0
2023-05-26 01:39:57,1685079597,5.89,46.8,100400,1e-7,1.00,2.00,3.00,0.00995,0
2023-05-26 01:44:52,1685079892,5.77,46.6,100400,1.00,2.00,3.00,4.00,0.00995,0
2023-05-26 01:49:46,1685080187,5.63,46.6,100400,1e-7,1e-7,1e-7,1e-7,0.00995,0
2023-05-26 01:54:41,1685080482,5.52,46.7,100400,1e-7,2.00,3.00,4.00,0.00995,0
2023-05-26 01:59:56,1685080797,5.43,46.6,100400,1e-7,2.00,4.00,4.00,0.00995,0
2023-05-26 02:04:51,1685081092,5.32,46.1,100400,1.00,1.00,2.00,3.00,0.00995,0
2023-05-26 02:09:46,1685081387,5.19,46.1,100400,1e-7,1e-7,1e-7,1e-7,0.00995,0
2023-05-26 02:14:41,1685081682,5.06,46.5,100400,1e-7,2.00,3.00,4.00,0.00995,0
2023-05-26 02:19:56,1685081996,4.93,46.4,100400,1e-7,2.00,3.00,4.00,0.00995,0
2023-05-26 02:24:52,1685082292,4.83,47.0,100400,1e-7,2.00,3.00,4.00,0.00995,0
2023-05-26 02:29:47,1685082587,4.74,47.1,100400,1e-7,1.00,2.00,3.00,0.00995,0
2023-05-26 02:34:42,1685082883,4.67,47.3,100400,1e-7,1.00,2.00,3.00,0.00995,0
2023-05-26 02:39:57,1685083198,4.59,46.6,100400,1.00,2.00,3.00,4.00,0.00995,0
2023-05-26 02:44:53,1685083493,4.43,46.6,100400,1e-7,1.00,3.00,3.00,0.00995,0
2023-05-26 02:49:48,1685083789,4.30,47.1,100400,1.00,2.00,3.00,3.00,0.00995,0
2023-05-26 02:54:43,1685084084,4.27,47.5,100400,1e-7,2.00,3.00,4.00,0.00995,0
2023-05-26 02:59:59,1685084399,4.23,47.6,100400,1e-7,2.00,4.00,4.00,0.00995,0
2023-05-26 03:04:54,1685084695,4.16,48.2,100400,1e-7,2.00,3.00,4.00,0.00995,0
2023-05-26 03:09:50,1685084990,4.10,48.3,100400,1e-7,4.00,7.00,8.00,0.0111,0
2023-05-26 03:14:45,1685085286,4.05,48.3,100400,1e-7,4.00,7.00,9.00,0.0195,0
2023-05-26 03:19:41,1685085581,4.03,47.7,100400,1e-7,1e-7,1e-7,1e-7,0.0153,0
2023-05-26 03:24:56,1685085897,3.96,48.0,100400,1.00,2.00,3.00,3.00,0.0220,0
2023-05-26 03:29:52,1685086192,3.90,48.5,100400,1.00,1.00,1.00,1.00,0.0105,0
2023-05-26 03:34:48,1685086488,3.86,48.9,100400,1e-7,2.00,3.00,4.00,0.00995,0
2023-05-26 03:39:43,1685086784,3.87,48.6,100400,1e-7,2.00,3.00,4.00,0.00995,0
2023-05-26 03:44:59,1685087099,3.86,47.6,100400,1e-7,2.00,3.00,4.00,0.00995,0
2023-05-26 03:49:54,1685087395,3.83,47.8,100400,1e-7,1.00,2.00,3.00,0.00995,0
2023-05-26 03:54:50,1685087691,3.80,47.6,100400,1e-7,3.00,5.00,7.00,0.00995,0
2023-05-26 03:59:46,1685087986,3.79,47.0,100400,1e-7,2.00,4.00,4.00,0.0116,0
2023-05-26 04:04:41,1685088282,3.77,47.2,100400,1e-7,1.00,2.00,3.00,0.0111,0
2023-05-26 04:09:57,1685088597,3.76,47.4,100400,1e-7,2.00,3.00,4.00,0.0111,0
2023-05-26 04:14:52,1685088893,3.70,47.7,100400,1e-7,2.00,3.00,4.00,0.00995,0
2023-05-26 04:19:48,1685089189,3.64,48.1,100400,1e-7,1.00,2.00,3.00,0.00995,0
2023-05-26 04:24:44,1685089485,3.58,47.9,100400,1e-7,2.00,3.00,4.00,0.00995,0
2023-05-26 04:29:40,1685089781,3.55,47.8,100400,1e-7,3.00,5.00,7.00,0.00995,0
2023-05-26 04:34:56,1685090096,3.52,48.8,100400,1.00,2.00,3.00,4.00,0.0123,0
2023-05-26 04:39:52,1685090392,3.48,49.0,100400,1e-7,2.00,3.00,4.00,0.0123,0
2023-05-26 04:44:48,1685090688,3.44,48.7,100400,1e-7,2.00,3.00,4.00,0.0111,0
2023-05-26 04:49:44,1685090984,3.39,48.5,100400,1e-7,2.00,3.00,4.00,0.00995,0
2023-05-26 04:54:59,1685091300,3.36,49.2,100400,1e-7,2.00,3.00,4.00,0.00995,0
2023-05-26 04:59:55,1685091596,3.40,50.1,100400,1.00,1.00,3.00,3.00,0.00995,0
2023-05-26 05:04:51,1685091892,3.44,49.3,100400,1e-7,1.00,2.00,3.00,0.00995,0
2023-05-26 05:09:47,1685092187,3.43,49.4,100400,1e-7,1e-7,1e-7,1e-7,0.00995,0
2023-05-26 05:14:43,1685092483,3.42,49.1,100400,1e-7,1e-7,1e-7,1e-7,0.00995,0
2023-05-26 05:19:59,1685092799,3.45,48.2,100400,1e-7,1.00,1.00,1.00,0.00995,0
2023-05-26 05:24:54,1685093095,3.45,47.9,100400,1e-7,4.00,7.00,8.00,0.0147,0
2023-05-26 05:29:50,1685093391,3.46,49.4,100480,1e-7,3.00,5.00,7.00,0.0174,0
2023-05-26 05:34:46,1685093686,3.51,50.5,100500,1e-7,2.00,3.00,4.00,0.0106,0
2023-05-26 05:39:42,1685093982,3.61,50.7,100493,1.00,3.00,5.00,7.00,0.00995,0
2023-05-26 05:44:57,1685094297,3.70,49.5,100488,1e-7,2.00,3.00,4.00,0.0112,0
2023-05-26 05:49:52,1685094593,3.80,49.4,100500,1e-7,2.00,3.00,4.00,0.0114,0
2023-05-26 05:54:48,1685094888,3.86,49.5,100500,1.00,2.00,4.00,5.00,0.00995,0
2023-05-26 05:59:43,1685095183,3.98,49.3,100500,1e-7,2.00,3.00,4.00,0.0103,0
2023-05-26 06:04:58,1685095498,4.17,49.3,100500,1e-7,2.00,3.00,4.00,0.0107,0
2023-05-26 06:09:53,1685095793,4.31,48.5,100500,1e-7,2.00,3.00,4.00,0.0105,0
2023-05-26 06:14:48,1685096089,4.53,48.4,100500,1e-7,2.00,3.00,4.00,0.00995,0
2023-05-26 06:19:43,1685096383,5.07,48.6,100500,1.00,2.00,3.00,4.00,0.00995,0
2023-05-26 06:24:56,1685096697,5.82,48.2,100500,1.00,2.00,3.00,4.00,0.00995,0
2023-05-26 06:29:50,1685096990,6.58,47.0,100500,2.00,2.00,3.00,3.00,0.00995,0
2023-05-26 06:34:42,1685097283,7.23,46.4,100500,2.00,2.00,3.00,4.00,0.00995,0
2023-05-26 06:39:54,1685097595,8.00,46.1,100500,1e-7,2.00,3.00,4.00,0.00995,0
2023-05-26 06:44:46,1685097886,8.91,45.3,100500,1e-7,3.00,5.00,6.00,0.0105,0
2023-05-26 06:49:56,1685098196,9.91,43.8,100500,1.00,6.00,10.0,13.0,0.0108,0
2023-05-26 06:54:46,1685098487,10.8,42.4,100500,1e-7,2.00,3.00,4.00,0.0194,0
2023-05-26 06:59:56,1685098796,11.7,41.7,100500,1.00,3.00,4.00,5.00,0.0194,0
2023-05-26 07:04:45,1685099086,12.6,40.1,100500,1.00,3.00,4.00,4.00,0.0166,0
2023-05-26 07:09:53,1685099393,13.5,38.8,100500,1e-7,4.00,7.00,8.00,0.0105,0
2023-05-26 07:14:42,1685099682,14.3,37.6,100500,1.00,2.00,3.00,4.00,0.0121,0
2023-05-26 07:19:49,1685099989,15.2,36.0,100500,1.00,2.00,3.00,4.00,0.0136,0
2023-05-26 07:24:55,1685100295,16.1,35.0,100500,1e-7,4.00,7.00,8.00,0.0127,0
2023-05-26 07:29:42,1685100582,17.0,33.4,100500,1e-7,2.00,3.00,4.00,0.0129,0
2023-05-26 07:34:47,1685100888,17.8,31.7,100500,1.00,2.00,3.00,4.00,0.0143,0
2023-05-26 07:39:52,1685101193,18.6,30.3,100500,1e-7,4.00,7.00,8.00,0.0148,0
2023-05-26 07:44:57,1685101497,19.4,28.9,100500,1.00,2.00,3.00,4.00,0.0153,0
2023-05-26 07:49:42,1685101782,19.9,28.1,100500,2.00,2.00,3.00,4.00,0.0116,0
2023-05-26 07:54:46,1685102086,20.4,27.1,100500,2.00,2.00,3.00,4.00,0.00995,0
2023-05-26 07:59:49,1685102390,20.8,26.3,100500,2.00,5.00,9.00,11.0,0.0125,0
2023-05-26 08:04:53,1685102694,21.2,25.5,100500,1.00,2.00,3.00,4.00,0.0155,0
2023-05-26 08:09:56,1685102996,22.0,24.9,100500,1e-7,2.00,3.00,4.00,0.0221,0
2023-05-26 08:14:58,1685103299,22.8,23.3,100500,1.00,8.00,13.0,16.0,0.0214,0
2023-05-26 08:19:42,1685103582,23.3,22.7,100500,1.00,1.00,2.00,2.00,0.0241,0
2023-05-26 08:24:43,1685103884,23.9,22.2,100500,1e-7,2.00,3.00,4.00,0.0260,0
2023-05-26 08:29:45,1685104186,24.4,21.4,100500,1e-7,4.00,7.00,8.00,0.0183,0
2023-05-26 08:34:47,1685104487,24.8,20.9,100500,1.00,2.00,3.00,4.00,0.0111,0
2023-05-26 08:39:48,1685104788,25.1,20.2,100500,1e-7,3.00,5.00,7.00,0.00995,0
2023-05-26 08:44:48,1685105089,25.5,19.3,100500,2.00,2.00,3.00,4.00,0.0114,0
2023-05-26 08:49:49,1685105390,25.5,18.8,100500,1e-7,2.00,3.00,4.00,0.0114,0
2023-05-26 08:54:50,1685105691,25.3,19.2,100500,1.00,4.00,7.00,8.00,0.0159,0
2023-05-26 08:59:51,1685105992,25.7,18.9,100500,1e-7,1.00,3.00,3.00,0.0155,0
2023-05-26 09:04:52,1685106293,26.0,18.3,100500,1e-7,1e-7,1.00,1.00,0.0162,0
2023-05-26 09:09:53,1685106593,26.3,18.2,100500,1.00,5.00,8.00,9.00,0.0204,0
2023-05-26 09:14:53,1685106894,26.7,17.8,100500,1e-7,2.00,3.00,4.00,0.0287,0
2023-05-26 09:19:53,1685107194,27.2,17.3,100500,2.00,2.00,3.00,4.00,0.0256,0
2023-05-26 09:24:57,1685107497,27.3,17.3,100500,2.00,3.00,3.00,3.00,0.0126,0
2023-05-26 09:29:58,1685107798,27.5,17.0,100500,1.00,6.00,10.0,11.0,0.0141,0
2023-05-26 09:34:57,1685108098,27.6,16.6,100500,25.0,128,212,255,0.0658,0
2023-05-26 09:39:57,1685108398,27.8,15.9,100500,2.00,5.00,8.00,10.0,0.219,0
2023-05-26 09:44:57,1685108698,27.6,16.2,100500,2.00,4.00,8.00,9.00,0.212,0
2023-05-26 09:49:58,1685108998,27.3,15.9,100500,2.00,4.00,8.00,9.00,0.188,0
2023-05-26 09:54:58,1685109299,27.1,15.8,100500,1.00,4.00,7.00,8.00,0.0211,0
2023-05-26 09:59:59,1685109599,27.3,16.5,100500,1.00,9.00,15.0,18.0,0.0219,0
2023-05-26 10:04:59,1685109900,27.6,16.5,100500,1.00,3.00,4.00,4.00,0.0678,0
2023-05-26 10:09:41,1685110181,28.1,15.5,100433,1.00,4.00,7.00,8.00,0.0617,0
2023-05-26 10:14:41,1685110482,27.8,15.1,100400,1.00,3.00,5.00,7.00,0.0472,0
2023-05-26 10:19:42,1685110783,27.1,15.5,100400,2.00,3.00,5.00,5.00,0.0121,0
2023-05-26 10:24:43,1685111084,26.8,16.0,100400,5.00,9.00,15.0,18.0,0.0136,0
2023-05-26 10:29:45,1685111385,26.6,16.2,100400,1.00,4.00,6.00,8.00,0.0754,0
2023-05-26 10:34:46,1685111686,26.9,16.0,100400,1.00,5.00,8.00,10.0,0.0678,0
2023-05-26 10:39:47,1685111988,27.3,15.9,100400,2.00,2.00,3.00,4.00,0.0563,0
2023-05-26 10:44:48,1685112289,27.4,15.7,100400,4.00,4.00,4.00,4.00,0.0288,0
2023-05-26 10:49:49,1685112590,27.6,15.3,100400,1.00,4.00,7.00,9.00,0.0188,0
2023-05-26 10:54:51,1685112892,26.9,15.0,100400,1.00,6.00,11.0,13.0,0.0154,0
2023-05-26 10:59:53,1685113194,26.3,15.9,100400,2.00,3.00,5.00,6.00,0.0183,0
2023-05-26 11:04:55,1685113496,26.0,16.1,100400,2.00,4.00,6.00,6.00,0.0183,0
2023-05-26 11:09:57,1685113798,26.5,15.5,100400,2.00,2.00,3.00,4.00,0.0132,0
2023-05-26 11:14:59,1685114099,27.2,15.2,100400,2.00,2.00,3.00,4.00,0.0144,0
2023-05-26 11:19:42,1685114382,27.9,14.7,100400,1.00,2.00,3.00,4.00,0.00995,0
2023-05-26 11:24:43,1685114683,28.5,14.1,100350,1.00,2.00,3.00,4.00,0.00995,0
2023-05-26 11:29:43,1685114984,29.1,13.4,100300,1.00,3.00,6.00,7.00,0.0120,0
2023-05-26 11:34:44,1685115285,28.3,13.7,100300,3.00,3.00,5.00,6.00,0.0153,0
2023-05-26 11:39:46,1685115586,26.1,15.1,100300,2.00,2.00,4.00,4.00,0.00972,0
2023-05-26 11:44:48,1685115889,24.9,17.0,100300,2.00,2.00,3.00,4.00,0.00995,0
2023-05-26 11:49:51,1685116191,24.7,17.0,100300,1.00,2.00,3.00,4.00,0.00995,0
2023-05-26 11:54:53,1685116494,25.0,16.4,100300,2.00,2.00,3.00,4.00,0.00995,0
2023-05-26 11:59:56,1685116796,25.0,16.2,100300,1.00,3.00,4.00,5.00,0.00995,0
2023-05-26 12:04:58,1685117099,25.8,15.8,100300,2.00,3.00,4.00,5.00,0.0102,0
2023-05-26 12:09:42,1685117382,25.9,15.4,100300,1.00,2.00,4.00,5.00,0.0111,0
2023-05-26 12:14:44,1685117685,25.3,15.4,100300,3.00,13.0,22.0,26.0,0.0109,0
2023-05-26 12:19:46,1685117987,25.6,15.7,100300,2.00,5.00,8.00,10.0,0.204,0
2023-05-26 12:24:49,1685118289,25.9,14.5,100300,3.00,4.00,6.00,7.00,0.204,0
2023-05-26 12:29:51,1685118592,25.9,14.3,100300,1.00,3.00,5.00,6.00,0.193,0
2023-05-26 12:34:54,1685118894,25.9,14.3,100300,1.00,4.00,7.00,9.00,0.0129,0
2023-05-26 12:39:56,1685119197,26.0,13.9,100288,1.00,6.00,10.0,12.0,0.0112,0
2023-05-26 12:44:58,1685119499,26.3,13.6,100213,1.00,3.00,6.00,7.00,0.0133,0
2023-05-26 12:49:42,1685119782,26.6,13.2,100200,1.00,3.00,4.00,5.00,0.0157,0
2023-05-26 12:54:44,1685120085,26.6,13.4,100200,3.00,3.00,6.00,7.00,0.0149,0
2023-05-26 12:59:46,1685120387,26.9,13.0,100200,3.00,3.00,3.00,4.00,0.0128,0
2023-05-26 13:04:48,1685120689,27.5,13.6,100200,1e-7,3.00,5.00,6.00,0.0110,0
2023-05-26 13:09:50,1685120990,27.7,12.7,100200,1.00,5.00,8.00,9.00,0.0112,0
2023-05-26 13:14:51,1685121292,28.0,12.3,100200,2.00,6.00,10.0,13.0,0.0305,0
2023-05-26 13:19:53,1685121593,28.3,11.8,100200,1.00,5.00,8.00,9.00,0.0291,0
2023-05-26 13:24:47,1685121888,28.6,11.3,100200,2.00,3.00,5.00,7.00,0.0261,0
2023-05-26 13:29:48,1685122189,28.6,11.1,100200,1.00,2.00,3.00,4.00,0.0143,0
2023-05-26 13:34:49,1685122490,28.6,10.7,100200,2.00,2.00,3.00,4.00,0.0194,0
2023-05-26 13:39:51,1685122791,28.4,10.6,100200,2.00,2.00,3.00,4.00,0.00995,0
2023-05-26 13:44:52,1685123092,28.5,10.8,100200,1.00,2.00,3.00,4.00,0.00995,0
2023-05-26 13:49:53,1685123394,28.5,10.8,100200,2.00,3.00,5.00,6.00,0.0140,0
2023-05-26 13:54:55,1685123695,28.3,11.3,100200,2.00,3.00,6.00,7.00,0.0140,0
2023-05-26 13:59:56,1685123996,28.0,11.1,100200,2.00,3.00,5.00,6.00,0.0117,0
2023-05-26 14:04:57,1685124298,28.0,11.8,100194,1.00,2.00,4.00,4.00,0.0114,0
2023-05-26 14:09:58,1685124599,28.3,11.3,100106,1.00,2.00,3.00,4.00,0.0110,0
2023-05-26 14:14:41,1685124881,28.6,11.7,100180,1.00,2.00,3.00,4.00,0.0104,0
2023-05-26 14:19:42,1685125182,29.0,11.0,100100,17.0,80.0,132,158,0.0936,0
2023-05-26 14:24:43,1685125483,29.2,10.9,100100,4.00,16.0,27.0,32.0,0.113,0
2023-05-26 14:29:44,1685125784,29.3,11.0,100100,4.00,7.00,12.0,14.0,0.0893,0
2023-05-26 14:34:45,1685126085,29.5,10.3,100100,2.00,4.00,7.00,9.00,0.0815,0
2023-05-26 14:39:46,1685126386,29.4,10.4,100100,2.00,5.00,7.00,8.00,0.0531,0
2023-05-26 14:44:47,1685126687,29.3,10.3,100100,2.00,4.00,6.00,7.00,0.0146,0
2023-05-26 14:49:48,1685126988,29.0,10.9,100100,1.00,2.00,3.00,4.00,0.0324,0
2023-05-26 14:54:48,1685127289,29.1,11.0,100100,1.00,2.00,3.00,3.00,0.0194,0
2023-05-26 14:59:49,1685127590,29.4,10.1,100100,2.00,4.00,6.00,7.00,0.0117,0
2023-05-26 15:04:50,1685127890,29.5,10.2,100100,1.00,1.00,3.00,3.00,0.0162,0
2023-05-26 15:09:50,1685128191,29.6,10.3,100100,2.00,8.00,14.0,17.0,0.0171,0
2023-05-26 15:14:51,1685128491,29.7,9.98,100100,2.00,4.00,6.00,7.00,0.0240,0
2023-05-26 15:19:51,1685128792,29.8,9.75,100100,2.00,2.00,3.00,4.00,0.0233,0
2023-05-26 15:24:51,1685129092,30.0,10.1,100100,1.00,3.00,5.00,6.00,0.0148,0
2023-05-26 15:29:52,1685129392,30.2,10.2,100100,2.00,2.00,3.00,4.00,0.0140,0
2023-05-26 15:34:52,1685129692,30.5,10.0,100100,1.00,3.00,5.00,5.00,0.0144,0
2023-05-26 15:39:52,1685129992,30.7,9.33,100100,2.00,4.00,7.00,8.00,0.0138,0
2023-05-26 15:44:52,1685130292,30.8,9.06,100100,1.00,4.00,7.00,8.00,0.0124,0
2023-05-26 15:49:52,1685130592,30.9,8.83,100100,2.00,2.00,3.00,4.00,0.0168,0
2023-05-26 15:54:52,1685130892,31.0,8.59,100100,1.00,2.00,3.00,4.00,0.0174,0
2023-05-26 15:59:51,1685131192,30.9,8.62,100100,2.00,3.00,5.00,6.00,0.0163,0
2023-05-26 16:04:51,1685131492,30.5,8.81,100100,2.00,4.00,6.00,7.00,0.0148,0
2023-05-26 16:09:51,1685131792,30.4,9.14,100100,2.00,3.00,5.00,7.00,0.0148,0
2023-05-26 16:14:51,1685132092,30.5,9.08,100100,2.00,3.00,5.00,7.00,0.0119,0
2023-05-26 16:19:51,1685132392,30.7,8.76,100100,1.00,3.00,5.00,5.00,0.0115,0
2023-05-26 16:24:51,1685132692,30.5,9.16,100069,1.00,3.00,5.00,7.00,0.0119,0
2023-05-26 16:29:51,1685132992,30.3,9.50,100100,1.00,2.00,3.00,4.00,0.0110,0
2023-05-26 16:34:52,1685133292,30.3,9.35,100100,3.00,5.00,6.00,7.00,0.00999,0
2023-05-26 16:39:52,1685133592,30.4,9.33,100100,4.00,4.00,7.00,9.00,0.0215,0
2023-05-26 16:44:52,1685133893,30.4,9.47,100100,2.00,2.00,4.00,4.00,0.0280,0
2023-05-26 16:49:52,1685134193,30.6,9.78,100100,2.00,2.00,3.00,4.00,0.0252,0
2023-05-26 16:54:52,1685134493,30.8,9.47,100100,2.00,2.00,3.00,4.00,0.0128,0
2023-05-26 16:59:52,1685134793,31.1,9.49,100100,2.00,5.00,8.00,9.00,0.0108,0
2023-05-26 17:04:52,1685135093,31.2,9.52,100100,2.00,5.00,8.00,10.0,0.0118,0
2023-05-26 17:09:52,1685135393,31.1,9.46,100100,2.00,4.00,7.00,8.00,0.0146,0
2023-05-26 17:14:52,1685135692,30.8,9.70,100038,1e-7,3.00,6.00,7.00,0.0150,0
2023-05-26 17:19:52,1685135993,30.4,10.0,100063,2.00,2.00,3.00,4.00,0.0174,0
2023-05-26 17:24:53,1685136293,30.2,10.5,100100,4.00,11.0,17.0,20.0,0.0229,0
2023-05-26 17:29:53,1685136593,30.2,10.5,100100,1.00,4.00,6.00,7.00,0.0378,0
2023-05-26 17:34:53,1685136894,29.9,10.9,100094,1.00,2.00,3.00,4.00,0.0220,0
2023-05-26 17:39:54,1685137195,29.5,11.0,100044,1.00,4.00,7.00,8.00,0.0112,0
2023-05-26 17:44:55,1685137496,29.1,11.3,100100,1.00,2.00,3.00,4.00,0.0175,0
2023-05-26 17:49:57,1685137797,28.6,11.6,100100,2.00,2.00,3.00,4.00,0.0252,0
2023-05-26 17:54:58,1685138099,28.2,11.9,100100,1.00,2.00,3.00,4.00,0.0177,0
2023-05-26 17:59:41,1685138382,28.0,11.9,100100,1.00,4.00,6.00,7.00,0.0121,0
2023-05-26 18:04:43,1685138683,27.8,12.2,100100,1.00,2.00,3.00,3.00,0.0115,0
2023-05-26 18:09:45,1685138986,27.6,12.4,100100,2.00,3.00,5.00,7.00,0.0118,0
2023-05-26 18:14:47,1685139288,27.4,12.6,100100,2.00,2.00,3.00,4.00,0.0122,0
2023-05-26 18:19:50,1685139590,27.4,12.4,100100,1.00,2.00,3.00,4.00,0.0122,0
2023-05-26 18:24:52,1685139892,27.3,12.4,100100,1.00,3.00,4.00,5.00,0.0102,0
2023-05-26 18:29:54,1685140195,27.2,12.2,100100,2.00,5.00,8.00,9.00,0.0191,0
2023-05-26 18:34:57,1685140497,27.2,12.5,100100,3.00,4.00,7.00,9.00,0.0246,0
2023-05-26 18:39:59,1685140800,27.2,12.2,100100,2.00,2.00,3.00,4.00,0.0172,0
2023-05-26 18:44:43,1685141083,27.1,12.3,100100,1.00,2.00,3.00,3.00,0.0178,0
2023-05-26 18:49:45,1685141386,27.1,12.3,100100,2.00,3.00,3.00,4.00,0.0127,0
2023-05-26 18:54:48,1685141689,27.0,12.1,100100,1.00,2.00,3.00,4.00,0.00995,0
2023-05-26 18:59:51,1685141992,26.8,12.4,100100,2.00,3.00,4.00,4.00,0.00995,0
2023-05-26 19:04:54,1685142295,26.5,12.6,100100,2.00,5.00,10.0,12.0,0.0164,0
2023-05-26 19:09:57,1685142598,26.3,12.9,100100,1.00,3.00,5.00,6.00,0.0184,0
2023-05-26 19:14:42,1685142882,26.1,13.1,100100,1.00,4.00,7.00,8.00,0.0184,0
2023-05-26 19:19:45,1685143185,25.9,13.6,100100,1.00,3.00,4.00,4.00,0.0153,0
2023-05-26 19:24:49,1685143489,25.7,13.8,100100,2.00,4.00,5.00,6.00,0.0125,0
2023-05-26 19:29:52,1685143793,25.5,13.9,100100,1.00,3.00,5.00,6.00,0.0140,0
2023-05-26 19:34:56,1685144097,25.4,14.1,100100,1.00,2.00,3.00,4.00,0.0110,0
2023-05-26 19:39:41,1685144381,25.2,14.2,100100,1.00,2.00,4.00,4.00,0.0122,0
2023-05-26 19:44:45,1685144686,25.0,14.3,100100,2.00,3.00,5.00,7.00,0.0152,0
2023-05-26 19:49:49,1685144990,24.7,14.4,100100,2.00,3.00,4.00,4.00,0.0171,0
2023-05-26 19:54:53,1685145294,24.4,14.6,100100,3.00,4.00,4.00,4.00,0.0161,0
2023-05-26 19:59:57,1685145598,24.1,15.0,100100,1.00,2.00,3.00,4.00,0.0128,0
2023-05-26 20:04:43,1685145883,23.9,15.4,100100,1.00,3.00,6.00,7.00,0.0107,0
2023-05-26 20:09:47,1685146188,23.6,15.7,100100,1.00,2.00,3.00,4.00,0.0116,0
2023-05-26 20:14:52,1685146493,23.3,16.2,100100,1.00,2.00,3.00,4.00,0.0113,0
2023-05-26 20:19:57,1685146797,23.1,16.6,100100,2.00,2.00,3.00,4.00,0.00995,0
2023-05-26 20:24:43,1685147083,22.8,17.0,100100,1e-7,3.00,6.00,7.00,0.0104,0
2023-05-26 20:29:48,1685147389,22.6,17.3,100100,1.00,3.00,4.00,4.00,0.0108,0
2023-05-26 20:34:54,1685147694,22.3,17.6,100100,1.00,3.00,5.00,6.00,0.0108,0
2023-05-26 20:39:59,1685148000,22.1,18.0,100100,1.00,3.00,5.00,7.00,0.0108,0
2023-05-26 20:44:46,1685148286,21.9,18.4,100100,1.00,4.00,7.00,8.00,0.0118,0
2023-05-26 20:49:52,1685148592,21.7,18.5,100100,1e-7,2.00,4.00,4.00,0.0122,0
2023-05-26 20:54:57,1685148898,21.5,18.9,100150,1.00,2.00,3.00,4.00,0.0124,0
2023-05-26 20:59:44,1685149185,21.3,18.9,100200,1e-7,2.00,3.00,4.00,0.00995,0
2023-05-26 21:04:50,1685149491,21.0,19.4,100200,1.00,3.00,3.00,4.00,0.00995,0
2023-05-26 21:09:56,1685149797,20.8,19.7,100200,1.00,2.00,3.00,4.00,0.00995,0
2023-05-26 21:14:44,1685150084,20.5,20.2,100200,1.00,2.00,3.00,4.00,0.00995,0
2023-05-26 21:19:50,1685150391,20.1,21.1,100200,1.00,4.00,7.00,8.00,0.0153,0
2023-05-26 21:24:56,1685150696,19.6,21.8,100200,1.00,2.00,3.00,4.00,0.0156,0
2023-05-26 21:29:43,1685150984,19.1,22.4,100200,1.00,2.00,3.00,4.00,0.0147,0
2023-05-26 21:34:51,1685151291,18.6,23.2,100200,1.00,2.00,3.00,4.00,0.00995,0
2023-05-26 21:39:58,1685151598,18.2,24.1,100200,1.00,2.00,3.00,4.00,0.00995,0
2023-05-26 21:44:46,1685151887,17.8,25.0,100200,3.00,4.00,7.00,9.00,0.0130,0
2023-05-26 21:49:54,1685152195,17.5,25.2,100200,1.00,3.00,4.00,5.00,0.0144,0
2023-05-26 21:54:43,1685152483,17.1,25.9,100200,1.00,2.00,3.00,4.00,0.0140,0
2023-05-26 21:59:51,1685152791,16.8,27.7,100200,1e-7,2.00,3.00,4.00,0.0103,0
2023-05-26 22:04:59,1685153100,16.5,28.6,100200,2.00,2.00,3.00,4.00,0.00995,0
2023-05-26 22:09:49,1685153390,16.1,28.5,100200,1e-7,2.00,3.00,4.00,0.00995,0
2023-05-26 22:14:58,1685153698,15.9,29.0,100200,1.00,2.00,4.00,4.00,0.00995,0
2023-05-26 22:19:47,1685153988,15.7,29.2,100200,1.00,4.00,7.00,9.00,0.0111,0
2023-05-26 22:24:56,1685154297,15.4,29.5,100200,1e-7,2.00,4.00,4.00,0.0123,0
2023-05-26 22:29:46,1685154586,15.3,29.5,100200,1.00,3.00,6.00,7.00,0.0135,0
2023-05-26 22:34:55,1685154896,15.0,30.2,100200,1.00,2.00,3.00,4.00,0.0151,0
2023-05-26 22:39:45,1685155186,14.7,30.4,100200,1e-7,2.00,4.00,5.00,0.0124,0
2023-05-26 22:44:55,1685155495,14.4,31.3,100200,1.00,2.00,4.00,4.00,0.0102,0
2023-05-26 22:49:45,1685155786,14.1,32.6,100200,1e-7,3.00,5.00,7.00,0.0113,0
2023-05-26 22:54:55,1685156095,13.9,33.6,100200,2.00,4.00,7.00,8.00,0.0145,0
2023-05-26 22:59:45,1685156386,13.7,34.5,100200,1.00,2.00,3.00,4.00,0.0154,0
2023-05-26 23:04:55,1685156696,13.5,34.5,100200,1.00,2.00,4.00,4.00,0.0185,0
2023-05-26 23:09:46,1685156987,13.3,35.1,100200,3.00,8.00,13.0,15.0,0.0232,0
2023-05-26 23:14:56,1685157297,13.1,35.4,100200,1.00,2.00,3.00,4.00,0.0259,0
2023-05-26 23:19:47,1685157588,13.0,35.8,100200,1e-7,2.00,4.00,4.00,0.0259,0
2023-05-26 23:24:58,1685157898,13.0,35.6,100200,1e-7,2.00,3.00,4.00,0.0109,0
2023-05-26 23:29:49,1685158189,12.9,35.6,100200,1e-7,2.00,4.00,4.00,0.00995,0
2023-05-26 23:34:59,1685158500,12.8,35.9,100200,1.00,3.00,6.00,8.00,0.0173,0
2023-05-26 23:39:50,1685158791,12.7,36.9,100200,1e-7,2.00,4.00,4.00,0.0193,0
2023-05-26 23:44:41,1685159082,12.6,36.9,100200,1.00,2.00,4.00,4.00,0.0183,0
2023-05-26 23:49:52,1685159392,12.4,37.1,100200,1.00,2.00,3.00,4.00,0.0170,0
2023-05-26 23:54:43,1685159684,12.2,37.4,100200,1e-7,3.00,5.00,6.00,0.00995,0
2023-05-26 23:59:54,1685159995,12.0,38.8,100200,1.00,2.00,3.00,3.00,0.00995,0
2023-05-27 00:04:46,1685160286,11.8,39.5,100200,1.00,1.00,2.00,3.00,0.0101,0
2023-05-27 00:09:57,1685160597,11.7,39.2,100200,1e-7,2.00,3.00,4.00,0.0108,0
2023-05-27 00:14:48,1685160889,11.5,38.3,100200,1.00,3.00,6.00,7.00,0.00995,0
2023-05-27 00:19:40,1685161181,11.4,39.2,100220,1e-7,4.00,7.00,8.00,0.0134,0
2023-05-27 00:24:52,1685161492,11.3,39.8,100269,1.00,4.00,7.00,8.00,0.0281,0
2023-05-27 00:29:44,1685161784,11.2,40.2,100300,1.00,2.00,3.00,3.00,0.0163,0
2023-05-27 00:34:55,1685162095,11.1,40.6,100294,1.00,2.00,3.00,4.00,0.0228,0
2023-05-27 00:39:47,1685162387,11.1,40.2,100300,2.00,2.00,3.00,4.00,0.00995,0
2023-05-27 00:44:58,1685162699,11.1,39.4,100300,1.00,2.00,3.00,4.00,0.00995,0
2023-05-27 00:49:50,1685162991,11.0,39.3,100300,1.00,2.00,3.00,4.00,0.00995,0
2023-05-27 00:54:42,1685163283,10.9,39.3,100300,1e-7,2.00,4.00,4.00,0.00995,0
2023-05-27 00:59:54,1685163594,10.8,39.3,100300,1.00,2.00,3.00,4.00,0.00995,0
2023-05-27 01:04:46,1685163886,10.6,39.9,100293,1.00,3.00,5.00,6.00,0.0117,0
2023-05-27 01:09:58,1685164198,10.5,40.5,100300,1e-7,2.00,4.00,4.00,0.0117,0
2023-05-27 01:14:50,1685164491,10.3,41.6,100300,1.00,2.00,4.00,4.00,0.00995,0
2023-05-27 01:19:43,1685164783,10.2,41.6,100300,1e-7,2.00,3.00,4.00,0.00995,0
2023-05-27 01:24:54,1685165095,10.1,40.7,100300,1.00,2.00,3.00,4.00,0.00995,0
2023-05-27 01:29:47,1685165387,9.95,41.4,100300,1.00,2.00,3.00,4.00,0.00995,0
2023-05-27 01:34:59,1685165699,9.83,41.5,100300,2.00,4.00,7.00,8.00,0.0139,0
2023-05-27 01:39:51,1685165992,9.72,41.6,100300,1e-7,2.00,3.00,4.00,0.0176,0
2023-05-27 01:44:44,1685166284,9.59,41.7,100300,1e-7,2.00,3.00,4.00,0.0165,0
2023-05-27 01:49:56,1685166597,9.48,41.9,100300,1.00,3.00,5.00,6.00,0.0127,0
2023-05-27 01:54:49,1685166890,9.37,42.4,100300,1.00,3.00,5.00,6.00,0.0127,0
2023-05-27 01:59:42,1685167182,9.30,42.9,100300,1.00,4.00,7.00,8.00,0.0141,0
2023-05-27 02:04:54,1685167495,9.24,42.8,100300,1.00,2.00,3.00,4.00,0.0117,0
2023-05-27 02:09:47,1685167788,9.15,43.0,100300,1e-7,3.00,5.00,6.00,0.0167,0
2023-05-27 02:14:40,1685168081,9.07,43.3,100300,1e-7,3.00,6.00,7.00,0.0133,0
2023-05-27 02:19:53,1685168393,9.00,43.8,100300,1e-7,2.00,3.00,4.00,0.0134,0
2023-05-27 02:24:46,1685168686,8.95,42.7,100300,1e-7,2.00,3.00,4.00,0.0155,0
2023-05-27 02:29:58,1685168999,8.81,43.6,100300,1.00,4.00,7.00,8.00,0.0120,0
2023-05-27 02:34:51,1685169292,8.71,43.9,100300,1.00,2.00,3.00,4.00,0.0130,0
2023-05-27 02:39:45,1685169585,8.63,43.9,100300,1e-7,2.00,3.00,4.00,0.0189,0
2023-05-27 02:44:57,1685169898,8.49,44.1,100300,1.00,2.00,3.00,4.00,0.00995,0
2023-05-27 02:49:51,1685170191,8.37,43.7,100300,1e-7,2.00,3.00,4.00,0.00995,0
2023-05-27 02:54:44,1685170485,8.29,43.7,100300,1.00,2.00,3.00,4.00,0.00995,0
2023-05-27 02:59:57,1685170798,8.21,43.2,100338,1.00,2.00,3.00,4.00,0.00995,0
2023-05-27 03:04:51,1685171091,8.08,44.1,100393,1e-7,3.00,5.00,6.00,0.00995,0
2023-05-27 03:09:44,1685171385,7.97,45.1,100400,1e-7,3.00,5.00,6.00,0.0119,0
2023-05-27 03:14:57,1685171698,7.91,44.9,100356,1.00,2.00,3.00,4.00,0.0137,0
2023-05-27 03:19:51,1685171992,7.88,44.9,100393,2.00,5.00,8.00,9.00,0.0178,0
2023-05-27 03:24:45,1685172285,7.83,44.4,100393,1.00,3.00,5.00,7.00,0.0216,0
2023-05-27 03:29:58,1685172599,7.76,44.3,100400,1e-7,2.00,3.00,4.00,0.0227,0
2023-05-27 03:34:52,1685172892,7.71,44.4,100400,1e-7,2.00,3.00,4.00,0.0250,0
2023-05-27 03:39:45,1685173186,7.65,45.0,100400,1.00,4.00,6.00,8.00,0.0141,0
2023-05-27 03:44:59,1685173499,7.59,46.7,100400,1e-7,3.00,5.00,6.00,0.0194,0
2023-05-27 03:49:52,1685173793,7.57,46.9,100400,1.00,1.00,2.00,3.00,0.0198,0
2023-05-27 03:54:46,1685174086,7.60,45.9,100400,1.00,2.00,3.00,4.00,0.0198,0
2023-05-27 03:59:59,1685174400,7.63,45.9,100400,1.00,2.00,4.00,4.00,0.00995,0
2023-05-27 04:04:53,1685174693,7.66,45.8,100400,1e-7,1.00,2.00,3.00,0.00995,0
2023-05-27 04:09:46,1685174987,7.71,45.1,100400,2.00,2.00,3.00,4.00,0.00995,0
2023-05-27 04:14:59,1685175300,7.74,44.8,100400,1e-7,1.00,3.00,3.00,0.00995,0
2023-05-27 04:19:53,1685175594,7.78,45.0,100400,1.00,2.00,3.00,4.00,0.00995,0
2023-05-27 04:24:47,1685175887,7.86,45.0,100400,1e-7,2.00,3.00,4.00,0.00995,0
2023-05-27 04:29:40,1685176181,7.96,45.0,100400,1e-7,3.00,6.00,7.00,0.0110,0
2023-05-27 04:34:53,1685176494,8.06,45.5,100400,1e-7,2.00,3.00,4.00,0.0179,0
2023-05-27 04:39:47,1685176787,8.13,45.6,100400,2.00,2.00,3.00,3.00,0.0152,0
2023-05-27 04:44:40,1685177081,8.30,45.7,100400,1e-7,2.00,3.00,4.00,0.0152,0
2023-05-27 04:49:54,1685177394,8.46,46.1,100400,1.00,2.00,3.00,4.00,0.00995,0
2023-05-27 04:54:47,1685177687,8.61,45.8,100400,2.00,2.00,3.00,4.00,0.00995,0
2023-05-27 04:59:40,1685177981,8.71,45.6,100400,2.00,2.00,3.00,3.00,0.00995,0
2023-05-27 05:04:53,1685178294,8.85,45.3,100400,2.00,2.00,4.00,4.00,0.00995,0
2023-05-27 05:09:46,1685178587,8.98,45.5,100400,2.00,2.00,2.00,3.00,0.00995,0
2023-05-27 05:14:59,1685178899,9.09,45.8,100400,1.00,3.00,5.00,6.00,0.00995,0
2023-05-27 05:19:52,1685179192,9.21,45.2,100400,1e-7,4.00,6.00,8.00,0.0123,0
2023-05-27 05:24:44,1685179484,9.35,44.8,100400,1.00,2.00,3.00,4.00,0.0123,0
2023-05-27 05:29:56,1685179797,9.50,44.5,100400,2.00,2.00,3.00,4.00,0.0152,0
2023-05-27 05:34:49,1685180089,9.65,44.8,100400,1.00,2.00,3.00,4.00,0.0111,0
2023-05-27 05:39:42,1685180382,9.82,44.9,100400,2.00,2.00,3.00,3.00,0.00995,0
2023-05-27 05:44:54,1685180694,9.97,44.9,100400,3.00,4.00,4.00,5.00,0.0105,0
2023-05-27 05:49:46,1685180987,10.1,44.7,100400,1.00,1.00,2.00,3.00,0.0113,0
2023-05-27 05:54:58,1685181299,10.2,44.9,100400,1.00,2.00,3.00,4.00,0.0109,0
2023-05-27 05:59:51,1685181591,10.3,44.9,100400,2.00,2.00,4.00,4.00,0.00995,0
2023-05-27 06:04:43,1685181883,10.4,45.0,100400,1.00,1.00,3.00,3.00,0.00995,0
2023-05-27 06:09:55,1685182195,10.6,45.2,100444,1e-7,2.00,3.00,4.00,0.00995,0
2023-05-27 06:14:47,1685182488,10.7,45.0,100493,2.00,3.00,5.00,7.00,0.0119,0
2023-05-27 06:19:59,1685182799,10.9,45.3,100500,1.00,4.00,6.00,8.00,0.0115,0
2023-05-27 06:24:51,1685183091,11.0,45.5,100500,1.00,2.00,3.00,4.00,0.0130,0
2023-05-27 06:29:43,1685183383,11.2,45.4,100500,1.00,3.00,5.00,7.00,0.0130,0
2023-05-27 06:34:54,1685183694,11.3,45.5,100500,2.00,3.00,5.00,6.00,0.0126,0
2023-05-27 06:39:46,1685183986,11.4,44.6,100500,1.00,3.00,5.00,6.00,0.0114,0
2023-05-27 06:44:57,1685184297,11.6,44.0,100500,1.00,2.00,3.00,4.00,0.0145,0
2023-05-27 06:49:49,1685184589,11.8,43.4,100500,1e-7,3.00,5.00,7.00,0.0145,0
2023-05-27 06:54:59,1685184900,11.9,43.8,100500,1.00,2.00,3.00,4.00,0.0122,0
2023-05-27 06:59:51,1685185191,12.1,43.6,100500,1e-7,2.00,3.00,4.00,0.0116,0
2023-05-27 07:04:42,1685185482,12.3,44.1,100500,1.00,2.00,3.00,4.00,0.0116,0
2023-05-27 07:09:52,1685185793,12.5,43.6,100500,1.00,2.00,3.00,3.00,0.00995,0
2023-05-27 07:14:43,1685186084,12.9,43.2,100500,1.00,2.00,4.00,4.00,0.00995,0
2023-05-27 07:19:53,1685186393,13.3,42.9,100500,2.00,4.00,7.00,8.00,0.0121,0
2023-05-27 07:24:43,1685186684,13.5,42.6,100500,2.00,4.00,6.00,7.00,0.0122,0
2023-05-27 07:29:53,1685186994,13.8,42.0,100500,1.00,4.00,7.00,8.00,0.0119,0
2023-05-27 07:34:43,1685187284,14.1,41.8,100500,1.00,6.00,10.0,12.0,0.0159,0
2023-05-27 07:39:52,1685187593,14.4,42.0,100500,1e-7,2.00,4.00,5.00,0.0203,0
2023-05-27 07:44:42,1685187883,14.7,41.3,100500,2.00,4.00,7.00,8.00,0.0191,0
2023-05-27 07:49:51,1685188192,14.9,40.4,100500,1.00,3.00,4.00,4.00,0.0132,0
2023-05-27 07:54:41,1685188481,15.3,40.0,100500,1.00,2.00,3.00,4.00,0.0137,0
2023-05-27 07:59:49,1685188789,16.5,39.5,100500,3.00,4.00,6.00,6.00,0.0152,0
2023-05-27 08:04:55,1685189096,18.3,35.5,100500,1e-7,2.00,3.00,4.00,0.0159,0
2023-05-27 08:09:42,1685189382,19.5,32.4,100500,1.00,3.00,6.00,7.00,0.0166,0
2023-05-27 08:14:46,1685189687,20.7,29.5,100500,1.00,3.00,4.00,4.00,0.0132,0
2023-05-27 08:19:51,1685189992,21.1,28.7,100500,1.00,2.00,3.00,4.00,0.0125,0
2023-05-27 08:24:56,1685190296,21.2,28.0,100500,1.00,4.00,7.00,9.00,0.0115,0
2023-05-27 08:29:42,1685190582,21.3,28.0,100500,2.00,4.00,6.00,7.00,0.0254,0
2023-05-27 08:34:47,1685190887,21.2,27.7,100500,3.00,5.00,6.00,7.00,0.0254,0
2023-05-27 08:39:52,1685191192,21.0,27.3,100500,4.00,4.00,4.00,4.00,0.0101,0
2023-05-27 08:44:57,1685191498,20.8,27.7,100500,2.00,3.00,5.00,6.00,0.0125,0
2023-05-27 08:49:44,1685191784,20.7,27.2,100500,1.00,4.00,6.00,8.00,0.0152,0
2023-05-27 08:54:49,1685192090,20.7,27.0,100500,1.00,3.00,6.00,7.00,0.0125,0
2023-05-27 08:59:55,1685192395,21.0,27.2,100500,1.00,4.00,7.00,8.00,0.0141,0
2023-05-27 09:04:41,1685192681,21.3,25.2,100500,3.00,4.00,5.00,6.00,0.0136,0
2023-05-27 09:09:46,1685192987,21.5,25.2,100500,1.00,3.00,5.00,6.00,0.0105,0
2023-05-27 09:14:51,1685193291,22.1,24.5,100500,1.00,2.00,3.00,4.00,0.0158,0
2023-05-27 09:19:55,1685193595,22.7,23.4,100500,2.00,3.00,6.00,8.00,0.0119,0
2023-05-27 09:24:59,1685193899,22.9,22.9,100494,1.00,3.00,5.00,6.00,0.0113,0
2023-05-27 09:29:44,1685194184,23.1,22.6,100400,1.00,4.00,7.00,8.00,0.0122,0
2023-05-27 09:34:48,1685194488,23.5,21.4,100400,1.00,3.00,5.00,6.00,0.0173,0
2023-05-27 09:39:52,1685194792,23.7,21.7,100400,1.00,4.00,7.00,8.00,0.0133,0
2023-05-27 09:44:55,1685195096,23.9,21.2,100400,2.00,3.00,6.00,7.00,0.0125,0
2023-05-27 09:49:59,1685195400,24.1,21.0,100400,2.00,2.00,4.00,4.00,0.0128,0
2023-05-27 09:54:44,1685195684,24.4,21.1,100453,1e-7,3.00,5.00,7.00,0.0184,0
2023-05-27 09:59:47,1685195987,24.9,21.0,100494,3.00,3.00,4.00,4.00,0.0140,0
2023-05-27 10:04:50,1685196290,25.0,20.1,100463,1.00,3.00,5.00,6.00,0.0140,0
2023-05-27 10:09:52,1685196593,25.1,20.2,100400,1.00,3.00,4.00,4.00,0.0107,0
2023-05-27 10:14:55,1685196896,25.5,19.8,100400,3.00,4.00,6.00,8.00,0.0110,0
2023-05-27 10:19:58,1685197198,25.8,18.9,100400,1.00,3.00,4.00,5.00,0.0143,0
2023-05-27 10:24:41,1685197482,26.1,18.8,100400,4.00,4.00,5.00,6.00,0.0148,0
2023-05-27 10:29:43,1685197783,26.7,18.1,100400,1.00,3.00,4.00,5.00,0.0161,0
2023-05-27 10:34:45,1685198085,27.4,16.7,100400,2.00,3.00,5.00,6.00,0.0161,0
2023-05-27 10:39:46,1685198386,27.7,16.8,100400,3.00,3.00,3.00,4.00,0.0119,0
2023-05-27 10:44:47,1685198687,28.6,15.5,100400,2.00,3.00,5.00,6.00,0.0127,0
2023-05-27 10:49:47,1685198988,28.6,15.1,100400,3.00,3.00,3.00,3.00,0.0117,0
2023-05-27 10:54:49,1685199289,28.4,14.9,100400,3.00,3.00,4.00,5.00,0.0114,0
2023-05-27 10:59:50,1685199590,27.9,15.4,100400,4.00,6.00,8.00,10.0,0.0268,0
2023-05-27 11:04:51,1685199892,27.5,15.9,100400,4.00,5.00,5.00,5.00,0.0268,0
2023-05-27 11:09:53,1685200193,27.0,16.6,100400,4.00,5.00,6.00,7.00,0.0229,0
2023-05-27 11:14:54,1685200495,27.4,16.8,100331,2.00,4.00,7.00,8.00,0.0173,0
2023-05-27 11:19:56,1685200796,27.6,16.6,100300,4.00,4.00,4.00,5.00,0.0168,0
2023-05-27 11:24:56,1685201097,27.6,16.6,100300,2.00,3.00,4.00,5.00,0.0201,0
2023-05-27 11:29:58,1685201398,27.8,16.0,100300,2.00,3.00,5.00,6.00,0.0107,0
2023-05-27 11:34:59,1685201699,28.2,16.1,100300,3.00,4.00,6.00,7.00,0.0110,0
2023-05-27 11:39:43,1685201983,28.5,15.2,100300,3.00,3.00,4.00,5.00,0.0120,0
2023-05-27 11:44:44,1685202284,28.1,14.8,100300,3.00,4.00,5.00,6.00,0.0115,0
2023-05-27 11:49:45,1685202586,28.3,15.3,100300,2.00,5.00,8.00,9.00,0.0174,0
2023-05-27 11:54:46,1685202887,28.4,14.7,100300,5.00,8.00,10.0,11.0,0.0466,0
2023-05-27 11:59:48,1685203188,27.7,15.4,100300,5.00,8.00,11.0,12.0,0.0561,0
2023-05-27 12:04:49,1685203490,27.5,16.6,100300,4.00,7.00,11.0,13.0,0.0239,0
2023-05-27 12:09:51,1685203791,28.0,16.1,100300,4.00,5.00,5.00,5.00,0.0626,0
2023-05-27 12:14:52,1685204093,28.3,16.0,100300,6.00,7.00,10.0,11.0,0.0303,0
2023-05-27 12:19:53,1685204394,28.6,16.5,100300,6.00,9.00,11.0,12.0,0.0498,0
2023-05-27 12:24:54,1685204695,28.5,16.1,100300,5.00,7.00,8.00,9.00,0.0498,0
2023-05-27 12:29:55,1685204996,28.3,16.7,100300,4.00,6.00,8.00,9.00,0.0205,0
2023-05-27 12:34:56,1685205297,28.2,17.6,100300,5.00,11.0,16.0,18.0,0.0251,0
2023-05-27 12:39:57,1685205598,28.1,18.0,100281,19.0,68.0,108,129,0.925,0
2023-05-27 12:44:58,1685205898,28.5,17.5,100219,8.00,16.0,21.0,24.0,2.03,0
2023-05-27 12:49:59,1685206200,28.7,17.7,100200,2.00,6.00,9.00,11.0,2.16,0
2023-05-27 12:54:41,1685206482,28.7,17.6,100200,4.00,6.00,8.00,9.00,2.16,0
2023-05-27 12:59:42,1685206782,28.7,17.5,100200,4.00,9.00,12.0,14.0,0.0312,0
2023-05-27 13:04:43,1685207083,28.7,18.1,100200,4.00,5.00,6.00,6.00,0.0209,0
2023-05-27 13:09:44,1685207384,29.0,17.8,100200,4.00,5.00,5.00,6.00,0.0366,0
2023-05-27 13:14:44,1685207684,29.4,17.9,100200,4.00,5.00,5.00,5.00,0.0197,0
2023-05-27 13:19:44,1685207985,29.2,18.1,100200,4.00,4.00,6.00,7.00,0.0122,0
2023-05-27 13:24:47,1685208288,29.6,17.9,100200,5.00,6.00,6.00,6.00,0.0121,0
2023-05-27 13:29:48,1685208588,30.1,18.0,100200,3.00,3.00,5.00,5.00,0.0127,0
2023-05-27 13:34:48,1685208888,30.1,17.7,100200,5.00,8.00,11.0,12.0,0.0118,0
2023-05-27 13:39:49,1685209189,29.9,17.9,100200,3.00,4.00,5.00,6.00,0.0152,0
2023-05-27 13:44:49,1685209490,29.8,18.2,100200,2.00,3.00,4.00,5.00,0.0177,0
2023-05-27 13:49:50,1685209790,30.0,17.5,100200,4.00,6.00,10.0,12.0,0.0384,0
2023-05-27 13:54:50,1685210091,30.2,17.4,100100,3.00,4.00,5.00,5.00,0.0384,0
2023-05-27 13:59:50,1685210391,30.4,16.9,100100,3.00,3.00,5.00,6.00,0.0403,0
2023-05-27 14:04:51,1685210691,30.9,16.5,100100,3.00,4.00,5.00,5.00,0.0149,0
2023-05-27 14:09:57,1685210997,30.7,16.4,100100,3.00,6.00,10.0,12.0,,
2023-05-27 14:14:57,1685211298,30.8,16.2,100100,4.00,5.00,6.00,6.00,,
2023-05-27 14:19:58,1685211598,30.7,16.3,100100,5.00,5.00,7.00,8.00,0.00994,0
2023-05-27 14:24:58,1685211898,30.6,16.3,100100,4.00,6.00,8.00,9.00,0.0104,0
2023-05-27 14:29:58,1685212199,30.3,16.5,100100,4.00,7.00,10.0,11.0,0.0326,0
2023-05-27 14:34:59,1685212499,30.7,16.0,100100,6.00,19.0,29.0,34.0,0.103,0
2023-05-27 14:39:59,1685212799,31.2,16.2,100100,5.00,5.00,6.00,7.00,0.104,0
2023-05-27 14:44:59,1685213099,31.4,15.9,100100,4.00,5.00,6.00,6.00,0.190,0
2023-05-27 14:49:58,1685213399,31.7,15.4,100100,4.00,8.00,13.0,15.0,0.167,0
2023-05-27 14:54:58,1685213698,32.1,14.9,100100,6.00,10.0,13.0,15.0,0.0569,0
2023-05-27 14:59:57,1685213998,32.0,15.1,100063,4.00,7.00,10.0,12.0,0.0672,0
2023-05-27 15:04:57,1685214297,32.0,15.1,100006,5.00,5.00,5.00,6.00,0.0221,0
2023-05-27 15:09:56,1685214597,32.0,15.1,100000,17.0,74.0,120,143,0.193,0
2023-05-27 15:14:55,1685214896,31.9,15.6,100000,4.00,5.00,7.00,8.00,0.284,0
2023-05-27 15:19:55,1685215195,31.9,15.1,100000,6.00,8.00,10.0,11.0,0.284,0
2023-05-27 15:24:54,1685215495,32.3,15.1,100000,2.00,4.00,5.00,6.00,0.227,0
2023-05-27 15:29:53,1685215794,32.8,14.9,100000,6.00,9.00,14.0,17.0,0.0373,0
2023-05-27 15:34:52,1685216093,32.9,14.2,100000,5.00,13.0,20.0,24.0,0.0635,0
2023-05-27 15:39:51,1685216392,32.7,14.5,100000,4.00,5.00,7.00,8.00,0.0643,0
2023-05-27 15:44:51,1685216691,32.8,15.0,100000,4.00,4.00,4.00,4.00,0.0728,0
2023-05-27 15:49:50,1685216990,32.8,15.1,100000,5.00,13.0,19.0,22.0,0.127,0
2023-05-27 15:54:49,1685217289,33.0,15.0,100000,3.00,4.00,6.00,7.00,0.145,0
2023-05-27 15:59:48,1685217588,33.1,14.4,100000,4.00,5.00,5.00,6.00,0.127,0
2023-05-27 16:04:47,1685217887,32.7,14.4,100000,4.00,7.00,9.00,10.0,0.0131,0
2023-05-27 16:09:47,1685218187,32.9,14.5,100000,30.0,144,238,285,2.21,0
2023-05-27 16:14:47,1685218488,32.9,14.2,99943,8.00,12.0,17.0,19.0,3.66,0
2023-05-27 16:19:46,1685218787,32.8,14.3,99900,6.00,8.00,12.0,14.0,3.49,0
2023-05-27 16:24:45,1685219086,32.5,14.8,99900,5.00,6.00,6.00,7.00,3.45,0
2023-05-27 16:29:46,1685219387,32.7,15.0,99900,4.00,5.00,5.00,6.00,0.0589,0
2023-05-27 16:34:45,1685219686,32.8,14.5,99900,4.00,4.00,4.00,4.00,0.0211,0
2023-05-27 16:39:44,1685219985,32.7,14.4,99900,3.00,8.00,13.0,15.0,0.00880,0
2023-05-27 16:44:44,1685220284,32.7,14.8,99900,4.00,6.00,8.00,10.0,0.0148,0
2023-05-27 16:49:43,1685220583,33.0,14.5,99900,4.00,4.00,4.00,5.00,0.0126,0
2023-05-27 16:54:42,1685220883,33.0,14.5,99900,4.00,5.00,6.00,7.00,0.0125,0
2023-05-27 16:59:41,1685221182,32.9,14.7,99900,4.00,5.00,5.00,6.00,0.0104,0
2023-05-27 17:04:59,1685221499,33.1,14.1,99900,4.00,5.00,6.00,6.00,0.0170,0
2023-05-27 17:09:58,1685221798,32.6,14.7,99900,4.00,6.00,8.00,9.00,0.0257,0
2023-05-27 17:14:57,1685222098,32.5,14.8,99900,3.00,5.00,8.00,9.00,0.0194,0
2023-05-27 17:19:56,1685222397,32.3,14.8,99900,5.00,7.00,8.00,9.00,0.0151,0
2023-05-27 17:24:56,1685222696,32.4,14.5,99900,3.00,4.00,6.00,6.00,0.0135,0
2023-05-27 17:29:55,1685222995,32.3,14.3,99900,3.00,5.00,6.00,6.00,0.0135,0
2023-05-27 17:34:54,1685223295,32.3,14.5,99900,5.00,6.00,7.00,8.00,0.0163,0
2023-05-27 17:39:54,1685223594,32.4,14.2,99900,3.00,4.00,4.00,5.00,0.0163,0
2023-05-27 17:44:53,1685223893,32.5,14.4,99900,8.00,8.00,8.00,8.00,0.0214,0
2023-05-27 17:49:53,1685224193,32.3,14.4,99900,4.00,6.00,9.00,10.0,0.0421,0
2023-05-27 17:54:52,1685224493,32.2,14.2,99900,3.00,5.00,6.00,6.00,0.0385,0
2023-05-27 17:59:52,1685224793,32.4,14.0,99869,5.00,5.00,5.00,6.00,0.0290,0
2023-05-27 18:04:52,1685225092,32.5,14.2,99875,5.00,6.00,11.0,13.0,0.0124,0
2023-05-27 18:09:52,1685225392,32.5,14.1,99806,6.00,7.00,8.00,8.00,0.0311,0
2023-05-27 18:14:51,1685225692,32.2,14.2,99838,5.00,5.00,7.00,8.00,0.0302,0
2023-05-27 18:19:51,1685225992,32.1,14.1,99800,5.00,6.00,7.00,8.00,0.0256,0
2023-05-27 18:24:51,1685226292,31.9,14.4,99800,12.0,38.0,60.0,70.0,0.0143,0
2023-05-27 18:29:51,1685226591,31.8,14.7,99800,6.00,13.0,20.0,23.0,0.248,0
2023-05-27 18:34:51,1685226891,31.7,14.7,99800,12.0,27.0,39.0,45.0,0.322,0
2023-05-27 18:39:51,1685227192,31.5,14.9,99800,5.00,6.00,7.00,7.00,0.257,0
2023-05-27 18:44:51,1685227492,31.4,15.0,99800,4.00,6.00,9.00,10.0,0.327,0
2023-05-27 18:49:52,1685227792,31.4,15.3,99800,4.00,6.00,7.00,8.00,0.0419,0
2023-05-27 18:54:52,1685228093,31.3,15.5,99800,4.00,6.00,8.00,9.00,0.0219,0
2023-05-27 18:59:53,1685228393,31.1,15.7,99800,5.00,6.00,7.00,8.00,0.0224,0
2023-05-27 19:04:53,1685228694,30.9,15.9,99800,4.00,5.00,6.00,6.00,0.0222,0
2023-05-27 19:09:54,1685228994,30.7,16.3,99800,4.00,8.00,10.0,12.0,0.0264,0
2023-05-27 19:14:55,1685229295,30.5,16.6,99800,4.00,6.00,8.00,8.00,0.0236,0
2023-05-27 19:19:56,1685229596,30.3,16.9,99800,4.00,4.00,5.00,5.00,0.0140,0
2023-05-27 19:24:57,1685229897,30.2,17.0,99800,3.00,5.00,8.00,10.0,0.0157,0
2023-05-27 19:29:58,1685230199,30.0,17.3,99800,6.00,7.00,7.00,7.00,0.0234,0
2023-05-27 19:34:41,1685230481,29.8,17.7,99800,3.00,4.00,5.00,5.00,0.0206,0
2023-05-27 19:39:42,1685230783,29.6,17.8,99800,3.00,4.00,4.00,4.00,0.0173,0
2023-05-27 19:44:44,1685231084,29.4,17.9,99800,3.00,5.00,6.00,7.00,0.00972,0
2023-05-27 19:49:46,1685231386,29.2,18.0,99800,5.00,6.00,6.00,6.00,0.0179,0
2023-05-27 19:54:48,1685231688,29.0,18.4,99800,6.00,9.00,11.0,12.0,0.0228,0
2023-05-27 19:59:49,1685231990,28.9,18.3,99800,4.00,6.00,8.00,9.00,0.0139,0
2023-05-27 20:04:51,1685232292,28.7,18.6,99800,6.00,6.00,6.00,7.00,0.0180,0
2023-05-27 20:09:53,1685232594,28.4,18.6,99800,6.00,6.00,6.00,6.00,0.0220,0
2023-05-27 20:14:56,1685232896,28.4,19.0,99800,4.00,7.00,9.00,10.0,0.0107,0
2023-05-27 20:19:58,1685233199,28.1,19.1,99800,4.00,5.00,6.00,7.00,0.0133,0
2023-05-27 20:24:41,1685233482,27.9,19.4,99800,4.00,6.00,8.00,9.00,0.0129,0
2023-05-27 20:29:44,1685233784,27.9,19.5,99800,4.00,7.00,9.00,10.0,0.0129,0
2023-05-27 20:34:46,1685234086,27.8,19.6,99800,3.00,3.00,5.00,6.00,0.0152,0
2023-05-27 20:39:48,1685234389,27.7,19.7,99800,10.0,13.0,14.0,15.0,0.0223,0
2023-05-27 20:44:51,1685234691,27.6,20.0,99800,7.00,8.00,9.00,9.00,0.0360,0
2023-05-27 20:49:54,1685234994,27.5,20.2,99800,4.00,6.00,7.00,7.00,0.0273,0
2023-05-27 20:54:57,1685235297,27.4,20.2,99800,3.00,4.00,4.00,5.00,0.0225,0
2023-05-27 20:59:41,1685235581,27.2,20.5,99800,3.00,4.00,6.00,8.00,0.0167,0
2023-05-27 21:04:44,1685235884,27.0,20.6,99800,2.00,4.00,6.00,7.00,0.0112,0
2023-05-27 21:09:47,1685236187,26.7,21.1,99800,1.00,3.00,4.00,4.00,0.0137,0
2023-05-27 21:14:50,1685236490,26.4,21.2,99800,2.00,3.00,3.00,4.00,0.0169,0
2023-05-27 21:19:54,1685236794,26.1,21.7,99800,2.00,4.00,5.00,6.00,0.0123,0
2023-05-27 21:24:57,1685237098,25.6,22.4,99800,2.00,3.00,5.00,6.00,0.0118,0
2023-05-27 21:29:42,1685237383,25.2,23.9,99800,2.00,3.00,5.00,5.00,0.0116,0
2023-05-27 21:34:46,1685237687,24.6,24.8,99800,1.00,3.00,5.00,6.00,0.0103,0
2023-05-27 21:39:50,1685237991,24.1,25.7,99800,1.00,3.00,5.00,7.00,0.0103,0
2023-05-27 21:44:55,1685238295,23.5,26.8,99800,1.00,3.00,4.00,5.00,0.0103,0
2023-05-27 21:49:40,1685238581,23.0,27.4,99800,1.00,2.00,3.00,4.00,0.0118,0
2023-05-27 21:54:46,1685238886,22.5,28.4,99800,1.00,1.00,2.00,3.00,0.0118,0
2023-05-27 21:59:51,1685239192,22.0,29.1,99800,1.00,2.00,3.00,4.00,0.00995,0
2023-05-27 22:04:57,1685239497,21.6,29.9,99800,3.00,5.00,9.00,11.0,0.0186,0
2023-05-27 22:09:43,1685239784,21.2,30.7,99800,1.00,5.00,8.00,9.00,0.0231,0
2023-05-27 22:14:49,1685240090,20.8,31.7,99800,2.00,3.00,4.00,5.00,0.0224,0
2023-05-27 22:19:55,1685240396,20.4,32.5,99800,2.00,2.00,3.00,4.00,0.0122,0
2023-05-27 22:24:43,1685240683,20.0,32.7,99800,2.00,2.00,3.00,3.00,0.0122,0
2023-05-27 22:29:49,1685240990,19.7,33.4,99800,1.00,2.00,3.00,4.00,0.00995,0
2023-05-27 22:34:56,1685241296,19.4,34.8,99800,2.00,2.00,3.00,4.00,0.00995,0
2023-05-27 22:39:43,1685241584,19.1,35.3,99800,1.00,4.00,7.00,8.00,0.0106,0
2023-05-27 22:44:51,1685241891,18.8,35.5,99800,1.00,3.00,5.00,7.00,0.0137,0
2023-05-27 22:49:58,1685242198,18.5,36.3,99800,1.00,3.00,5.00,7.00,0.0158,0
2023-05-27 22:54:46,1685242486,18.1,36.6,99800,1.00,2.00,4.00,5.00,0.0158,0
2023-05-27 22:59:53,1685242794,17.9,37.5,99800,1.00,3.00,4.00,5.00,0.0116,0
2023-05-27 23:04:42,1685243083,17.6,38.4,99800,2.00,2.00,3.00,4.00,0.0112,0
2023-05-27 23:09:50,1685243391,17.4,38.8,99800,1.00,2.00,3.00,4.00,0.0106,0
2023-05-27 23:14:58,1685243699,17.2,39.8,99800,1.00,2.00,3.00,4.00,0.0105,0
2023-05-27 23:19:47,1685243987,17.0,40.6,99800,1.00,4.00,7.00,8.00,0.0159,0
2023-05-27 23:24:55,1685244295,16.9,40.1,99838,1.00,2.00,3.00,4.00,0.0191,0
2023-05-27 23:29:44,1685244584,16.7,40.5,99813,1.00,2.00,3.00,4.00,0.0217,0
2023-05-27 23:34:52,1685244893,16.5,40.2,99838,3.00,4.00,6.00,6.00,0.0137,0
2023-05-27 23:39:42,1685245182,16.4,42.2,99800,1.00,3.00,6.00,7.00,0.0118,0
2023-05-27 23:44:50,1685245491,16.2,41.8,99800,2.00,3.00,5.00,6.00,0.0109,0
2023-05-27 23:49:59,1685245799,16.1,41.5,99800,1e-7,3.00,5.00,6.00,0.0109,0
2023-05-27 23:54:48,1685246089,16.0,42.4,99800,1.00,5.00,8.00,10.0,0.0127,0
2023-05-27 23:59:57,1685246398,15.8,41.9,99800,1.00,4.00,5.00,6.00,0.0208,0
2023-05-28 00:04:47,1685246687,15.7,43.3,99800,1.00,2.00,3.00,4.00,0.0133,0
2023-05-28 00:09:56,1685246996,15.5,43.0,99800,2.00,4.00,5.00,7.00,0.0110,0
2023-05-28 00:14:46,1685247286,15.4,43.0,99800,1.00,3.00,5.00,7.00,0.0122,0
2023-05-28 00:19:55,1685247595,15.2,43.6,99800,3.00,6.00,10.0,12.0,0.0151,0
2023-05-28 00:24:45,1685247885,15.0,43.6,99800,1.00,2.00,3.00,4.00,0.0200,0
2023-05-28 00:29:53,1685248194,14.9,44.2,99800,3.00,3.00,4.00,4.00,0.0225,0
2023-05-28 00:34:43,1685248484,14.8,44.9,99800,2.00,3.00,5.00,6.00,0.0116,0
2023-05-28 00:39:53,1685248793,14.7,44.5,99800,1.00,2.00,3.00,4.00,0.0112,0
2023-05-28 00:44:43,1685249083,14.5,44.8,99800,1.00,3.00,5.00,6.00,0.0117,0
2023-05-28 00:49:52,1685249393,14.4,45.0,99800,1.00,4.00,6.00,7.00,0.0104,0
2023-05-28 00:54:43,1685249683,14.4,44.1,99800,1.00,2.00,3.00,4.00,0.0111,0
2023-05-28 00:59:53,1685249993,14.2,45.2,99800,2.00,6.00,10.0,11.0,0.0191,0
2023-05-28 01:04:43,1685250284,14.1,45.3,99800,1.00,3.00,5.00,6.00,0.0214,0
2023-05-28 01:09:53,1685250593,14.0,45.8,99800,1.00,5.00,8.00,10.0,0.0207,0
2023-05-28 01:14:43,1685250884,13.8,45.0,99800,1.00,2.00,4.00,5.00,0.0228,0
2023-05-28 01:19:53,1685251194,13.7,45.7,99800,1.00,2.00,3.00,4.00,0.0181,0
2023-05-28 01:24:44,1685251485,13.5,45.2,99800,1.00,2.00,3.00,4.00,0.0180,0
2023-05-28 01:29:54,1685251795,13.4,46.1,99800,1.00,4.00,7.00,8.00,0.0100,0
2023-05-28 01:34:45,1685252086,13.2,45.2,99800,1.00,2.00,3.00,3.00,0.0154,0
2023-05-28 01:39:55,1685252396,13.0,46.8,99800,1.00,4.00,6.00,8.00,0.0135,0
2023-05-28 01:44:46,1685252687,12.9,46.2,99800,1e-7,3.00,6.00,7.00,0.0135,0
2023-05-28 01:49:57,1685252997,12.8,46.2,99800,1.00,2.00,3.00,4.00,0.0108,0
2023-05-28 01:54:48,1685253289,12.7,47.2,99800,1.00,2.00,3.00,4.00,0.0112,0
2023-05-28 01:59:59,1685253599,12.6,47.7,99800,6.00,8.00,9.00,10.0,0.0188,0
2023-05-28 02:04:50,1685253890,12.4,48.4,99800,2.00,3.00,5.00,6.00,0.0220,0
2023-05-28 02:09:41,1685254182,12.4,47.1,99800,1.00,3.00,4.00,5.00,0.0164,0
2023-05-28 02:14:52,1685254493,12.2,46.8,99800,1.00,3.00,5.00,6.00,0.0152,0
2023-05-28 02:19:44,1685254784,12.1,46.8,99800,1.00,2.00,4.00,4.00,0.0108,0
2023-05-28 02:24:55,1685255095,12.0,47.0,99800,2.00,2.00,3.00,4.00,0.0102,0
2023-05-28 02:29:47,1685255387,11.9,47.7,99800,1.00,2.00,3.00,4.00,0.00995,0
2023-05-28 02:34:58,1685255698,11.8,47.3,99800,2.00,2.00,3.00,4.00,0.00995,0
2023-05-28 02:39:49,1685255990,11.7,47.5,99800,3.00,4.00,6.00,8.00,0.00995,0
2023-05-28 02:44:41,1685256282,11.6,47.7,99800,1.00,3.00,6.00,7.00,0.0285,0
2023-05-28 02:49:52,1685256593,11.5,48.2,99800,1.00,3.00,5.00,7.00,0.0285,0
2023-05-28 02:54:44,1685256885,11.5,48.1,99800,2.00,5.00,9.00,11.0,0.0361,0
2023-05-28 02:59:55,1685257196,11.3,49.3,99800,1.00,2.00,3.00,4.00,0.0361,0
2023-05-28 03:04:47,1685257488,11.2,49.7,99800,1.00,2.00,3.00,4.00,0.0361,0
2023-05-28 03:09:59,1685257799,11.2,48.3,99800,1.00,3.00,5.00,6.00,0.0254,0
2023-05-28 03:14:51,1685258091,11.1,48.4,99800,1.00,4.00,7.00,8.00,0.0123,0
2023-05-28 03:19:43,1685258383,11.0,48.9,99800,2.00,2.00,3.00,4.00,0.0193,0
2023-05-28 03:24:54,1685258695,10.9,48.9,99800,1.00,4.00,7.00,8.00,0.0193,0
2023-05-28 03:29:46,1685258987,10.8,48.8,99800,1.00,3.00,5.00,7.00,0.0133,0
2023-05-28 03:34:58,1685259299,10.7,49.3,99800,1.00,2.00,4.00,4.00,0.0100,0
2023-05-28 03:39:50,1685259591,10.6,49.5,99800,1.00,3.00,5.00,7.00,0.0108,0
2023-05-28 03:44:43,1685259883,10.5,49.4,99800,2.00,4.00,7.00,8.00,0.0124,0
2023-05-28 03:49:55,1685260195,10.5,49.1,99800,1.00,2.00,3.00,4.00,0.0127,0
2023-05-28 03:54:47,1685260487,10.4,49.3,99800,1.00,4.00,6.00,8.00,0.0136,0
2023-05-28 03:59:59,1685260799,10.3,49.5,99800,1.00,3.00,5.00,6.00,0.0106,0
2023-05-28 04:04:51,1685261092,10.2,49.0,99800,1e-7,2.00,3.00,4.00,0.0127,0
2023-05-28 04:09:44,1685261384,10.1,49.1,99800,1.00,1.00,3.00,3.00,0.0148,0
2023-05-28 04:14:56,1685261696,10.00,49.2,99800,1e-7,2.00,3.00,4.00,0.0113,0
2023-05-28 04:19:48,1685261989,9.89,49.1,99800,1.00,3.00,5.00,7.00,0.0138,0
2023-05-28 04:24:41,1685262282,9.79,49.2,99800,1.00,2.00,3.00,3.00,0.0138,0
2023-05-28 04:29:53,1685262593,9.67,49.3,99800,1.00,5.00,8.00,9.00,0.0111,0
2023-05-28 04:34:45,1685262886,9.55,48.9,99800,1e-7,3.00,6.00,8.00,0.0151,0
2023-05-28 04:39:58,1685263198,9.44,49.0,99800,1e-7,2.00,3.00,4.00,0.0114,0
2023-05-28 04:44:51,1685263491,9.35,49.1,99800,1e-7,1.00,1.00,1.00,0.0189,0
2023-05-28 04:49:44,1685263784,9.27,49.2,99800,1.00,2.00,3.00,4.00,0.0156,0
2023-05-28 04:54:56,1685264096,9.19,49.3,99800,1.00,3.00,5.00,6.00,0.0131,0
2023-05-28 04:59:49,1685264389,9.10,50.0,99800,2.00,5.00,8.00,9.00,0.0138,0
2023-05-28 05:04:42,1685264682,9.03,50.4,99800,1e-7,2.00,3.00,4.00,0.0161,0
2023-05-28 05:09:54,1685264995,9.01,50.1,99800,1e-7,2.00,3.00,4.00,0.0245,0
2023-05-28 05:14:47,1685265288,9.00,50.1,99800,1.00,3.00,6.00,7.00,0.0168,0
2023-05-28 05:19:40,1685265581,8.98,50.3,99800,1.00,1.00,3.00,3.00,0.0104,0
2023-05-28 05:24:53,1685265893,8.94,50.5,99800,1.00,3.00,6.00,7.00,0.0110,0
2023-05-28 05:29:46,1685266186,8.94,50.3,99800,1e-7,4.00,6.00,8.00,0.0115,0
2023-05-28 05:34:58,1685266499,8.95,50.2,99781,1.00,2.00,3.00,4.00,0.0106,0
2023-05-28 05:39:51,1685266791,9.05,50.4,99780,1.00,4.00,7.00,8.00,0.0105,0
2023-05-28 05:44:43,1685267084,9.30,50.3,99747,1.00,4.00,7.00,9.00,0.0166,0
2023-05-28 05:49:55,1685267396,9.66,49.3,99700,2.00,4.00,7.00,8.00,0.0220,0
2023-05-28 05:54:47,1685267688,10.0,49.0,99700,1.00,2.00,3.00,4.00,0.0164,0
2023-05-28 05:59:58,1685267999,10.5,49.3,99700,1.00,3.00,5.00,6.00,0.0306,0
2023-05-28 06:04:50,1685268290,10.9,49.1,99700,1e-7,2.00,3.00,4.00,0.0145,0
2023-05-28 06:09:41,1685268581,11.3,48.8,99700,1.00,3.00,5.00,7.00,0.0145,0
2023-05-28 06:14:51,1685268892,11.8,48.0,99700,1e-7,1.00,3.00,3.00,0.0160,0
2023-05-28 06:19:42,1685269182,12.2,47.5,99700,2.00,3.00,4.00,5.00,0.0130,0
2023-05-28 06:24:51,1685269492,12.7,47.6,99700,4.00,4.00,5.00,6.00,0.0171,0
2023-05-28 06:29:42,1685269782,13.3,47.1,99700,1.00,2.00,3.00,4.00,0.0171,0
2023-05-28 06:34:50,1685270091,14.0,46.1,99700,1.00,4.00,6.00,7.00,0.0166,0
2023-05-28 06:39:59,1685270399,14.8,45.5,99700,2.00,5.00,7.00,9.00,0.0165,0
2023-05-28 06:44:47,1685270688,15.5,44.4,99700,1.00,6.00,10.0,12.0,0.0143,0
2023-05-28 06:49:54,1685270995,16.2,43.6,99700,1.00,3.00,5.00,5.00,0.0143,0
2023-05-28 06:54:42,1685271282,17.0,42.3,99700,1.00,3.00,5.00,6.00,0.0168,0
2023-05-28 06:59:48,1685271589,17.9,41.3,99700,3.00,4.00,6.00,8.00,0.0171,0
2023-05-28 07:04:54,1685271894,18.7,40.0,99700,1.00,4.00,7.00,8.00,0.0114,0
2023-05-28 07:09:58,1685272199,19.6,38.8,99700,3.00,3.00,5.00,6.00,0.0143,0
2023-05-28 07:14:44,1685272484,20.3,37.5,99700,2.00,6.00,10.0,13.0,0.0160,0
2023-05-28 07:19:48,1685272789,21.0,36.8,99700,2.00,2.00,3.00,4.00,0.0163,0
2023-05-28 07:24:52,1685273092,21.8,36.1,99700,3.00,6.00,8.00,9.00,0.0261,0
2023-05-28 07:29:55,1685273396,22.4,34.9,99700,2.00,7.00,11.0,13.0,0.0363,0
2023-05-28 07:34:58,1685273698,23.2,34.1,99700,2.00,3.00,5.00,5.00,0.0350,0
2023-05-28 07:39:41,1685273982,23.9,33.3,99700,4.00,12.0,19.0,22.0,0.0350,0
2023-05-28 07:44:43,1685274283,24.6,31.5,99644,3.00,5.00,6.00,7.00,0.0373,0
2023-05-28 07:49:44,1685274585,25.3,29.9,99600,5.00,5.00,5.00,5.00,0.0453,0
2023-05-28 07:54:45,1685274886,26.0,28.4,99600,4.00,5.00,7.00,7.00,0.0279,0
2023-05-28 07:59:46,1685275186,26.4,27.2,99600,4.00,4.00,5.00,5.00,0.0171,0
2023-05-28 08:04:46,1685275487,26.8,26.3,99600,6.00,8.00,9.00,10.0,0.0148,0
2023-05-28 08:09:46,1685275787,27.1,25.4,99600,4.00,5.00,6.00,7.00,0.0322,0
2023-05-28 08:14:47,1685276087,27.2,25.4,99600,4.00,4.00,5.00,6.00,0.0231,0
2023-05-28 08:19:47,1685276388,27.6,25.4,99600,1.00,4.00,7.00,8.00,0.0194,0
2023-05-28 08:24:47,1685276688,28.1,24.8,99600,8.00,32.0,53.0,63.0,1.24,0
2023-05-28 08:29:46,1685276987,28.6,24.0,99600,12.0,44.0,70.0,83.0,1.70,0
2023-05-28 08:34:46,1685277286,29.1,23.0,99588,7.00,8.00,8.00,10.0,1.42,0
2023-05-28 08:39:45,1685277585,29.3,22.8,99513,5.00,6.00,6.00,7.00,0.835,0
2023-05-28 08:44:44,1685277884,29.7,22.4,99500,3.00,7.00,12.0,14.0,0.0518,0
2023-05-28 08:49:43,1685278183,29.8,22.2,99500,2.00,4.00,7.00,8.00,0.0232,0
2023-05-28 08:54:42,1685278482,30.3,22.2,99500,3.00,3.00,5.00,5.00,0.0147,0
2023-05-28 08:59:59,1685278799,30.8,21.5,99500,2.00,3.00,5.00,6.00,0.0152,0
2023-05-28 09:04:57,1685279098,30.9,19.8,99500,3.00,4.00,7.00,8.00,0.0201,0
2023-05-28 09:09:56,1685279396,30.2,20.6,99500,5.00,6.00,6.00,6.00,0.0265,0
2023-05-28 09:14:55,1685279695,29.9,21.1,99500,4.00,4.00,5.00,6.00,0.0187,0
2023-05-28 09:19:54,1685279994,29.8,21.4,99500,3.00,5.00,8.00,9.00,0.0178,0
2023-05-28 09:24:53,1685280293,30.1,20.8,99500,7.00,16.0,23.0,26.0,0.0625,0
2023-05-28 09:29:51,1685280592,29.8,21.3,99500,6.00,6.00,7.00,8.00,0.105,0
2023-05-28 09:34:51,1685280891,29.6,21.7,99500,6.00,11.0,16.0,19.0,0.0969,0
2023-05-28 09:39:50,1685281190,29.3,22.0,99463,5.00,6.00,7.00,8.00,0.0385,0
2023-05-28 09:44:49,1685281490,29.3,22.2,99413,6.00,7.00,7.00,7.00,0.0332,0
2023-05-28 09:49:48,1685281789,29.6,22.0,99400,6.00,12.0,18.0,21.0,0.0605,0
2023-05-28 09:54:48,1685282088,29.6,21.7,99400,6.00,6.00,6.00,6.00,0.0702,0
2023-05-28 09:59:47,1685282388,29.5,21.8,99400,7.00,10.0,14.0,16.0,0.0657,0
2023-05-28 10:04:47,1685282687,29.5,22.1,99400,6.00,7.00,8.00,9.00,0.0681,0
2023-05-28 10:09:47,1685282987,29.9,21.4,99400,6.00,7.00,8.00,9.00,0.0879,0
2023-05-28 10:14:46,1685283287,30.1,21.5,99400,6.00,6.00,6.00,6.00,0.0349,0
2023-05-28 10:19:46,1685283586,30.2,20.7,99400,6.00,7.00,7.00,7.00,0.0163,0
2023-05-28 10:24:45,1685283886,30.3,20.6,99400,5.00,9.00,13.0,14.0,0.0151,0
2023-05-28 10:29:43,1685284184,30.8,20.1,99400,4.00,9.00,12.0,14.0,0.0298,0
2023-05-28 10:34:43,1685284483,30.6,20.0,99400,6.00,8.00,11.0,13.0,0.0298,0
2023-05-28 10:39:42,1685284783,30.4,20.3,99400,7.00,8.00,8.00,8.00,0.0204,0
2023-05-28 10:44:42,1685285083,30.3,20.3,99400,5.00,7.00,8.00,9.00,0.0169,0
2023-05-28 10:49:42,1685285382,30.2,20.6,99400,7.00,8.00,11.0,13.0,0.0282,0
2023-05-28 10:54:42,1685285682,29.8,20.8,99400,11.0,17.0,25.0,30.0,0.0386,0
2023-05-28 10:59:41,1685285982,30.1,21.0,99400,7.00,13.0,20.0,24.0,0.158,0
2023-05-28 11:04:41,1685286282,30.4,20.6,99313,7.00,9.00,12.0,13.0,0.262,0
2023-05-28 11:09:41,1685286582,30.2,20.9,99300,5.00,6.00,9.00,10.0,0.154,0
2023-05-28 11:14:41,1685286881,30.4,21.2,99300,7.00,8.00,8.00,9.00,0.0238,0
2023-05-28 11:19:59,1685287200,30.2,21.2,99300,8.00,14.0,19.0,22.0,0.0415,0
2023-05-28 11:24:59,1685287500,30.7,21.1,99300,7.00,9.00,11.0,12.0,0.0659,0
2023-05-28 11:29:59,1685287799,31.2,21.0,99300,6.00,7.00,8.00,9.00,0.144,0
2023-05-28 11:34:58,1685288099,31.3,20.2,99300,9.00,10.0,10.0,10.0,0.0940,0
2023-05-28 11:39:58,1685288398,31.6,19.9,99300,5.00,6.00,7.00,7.00,0.0430,0
2023-05-28 11:44:57,1685288697,31.6,19.7,99300,7.00,8.00,9.00,10.0,0.0325,0
2023-05-28 11:49:56,1685288997,31.7,19.8,99300,16.0,36.0,52.0,60.0,0.288,0
2023-05-28 11:54:55,1685289296,31.8,19.2,99238,7.00,8.00,10.0,10.0,0.219,0
2023-05-28 11:59:54,1685289595,31.8,19.2,99200,7.00,11.0,13.0,15.0,0.187,0
2023-05-28 12:04:53,1685289894,32.0,19.2,99200,6.00,7.00,7.00,7.00,0.0191,0
2023-05-28 12:09:52,1685290193,32.6,18.9,99200,4.00,6.00,8.00,9.00,0.0447,0
2023-05-28 12:14:51,1685290492,33.2,18.8,99200,7.00,9.00,10.0,10.0,0.0447,0
2023-05-28 12:19:50,1685290790,33.3,18.4,99200,6.00,8.00,11.0,13.0,0.0116,0
2023-05-28 12:24:48,1685291089,33.7,17.7,99200,6.00,9.00,11.0,12.0,0.0174,0
2023-05-28 12:29:47,1685291387,34.4,17.2,99200,4.00,5.00,6.00,7.00,0.0239,0
2023-05-28 12:34:45,1685291686,34.9,16.4,99200,7.00,8.00,9.00,9.00,0.0414,0
2023-05-28 12:39:43,1685291983,35.4,16.4,99200,7.00,8.00,10.0,11.0,0.0355,0
2023-05-28 12:44:59,1685292300,35.8,16.1,99200,4.00,5.00,5.00,5.00,0.0334,0
2023-05-28 12:49:56,1685292597,36.1,15.1,99200,10.0,11.0,12.0,12.0,0.0588,0
2023-05-28 12:54:54,1685292894,36.5,14.8,99200,6.00,7.00,10.0,11.0,0.129,0
2023-05-28 12:59:50,1685293191,37.0,14.5,99200,6.00,7.00,8.00,9.00,0.0255,0
2023-05-28 13:04:47,1685293488,37.3,14.2,99163,9.00,11.0,12.0,12.0,0.0340,0
2023-05-28 13:09:44,1685293785,37.2,13.8,99113,6.00,6.00,6.00,6.00,0.0285,0
2023-05-28 13:14:41,1685294081,36.9,14.3,99100,4.00,6.00,7.00,7.00,0.0276,0
2023-05-28 13:19:57,1685294397,36.8,14.5,99100,3.00,6.00,8.00,9.00,0.0262,0
2023-05-28 13:24:54,1685294694,37.0,14.6,99100,5.00,6.00,8.00,9.00,0.0170,0
2023-05-28 13:29:50,1685294991,37.1,14.2,99100,8.00,8.00,8.00,8.00,0.0190,0
2023-05-28 13:34:47,1685295288,37.0,14.5,99100,5.00,5.00,6.00,7.00,0.0168,0
2023-05-28 13:39:44,1685295585,36.8,14.6,99100,4.00,5.00,5.00,5.00,0.0268,0
2023-05-28 13:44:41,1685295881,36.9,15.1,99100,4.00,6.00,8.00,10.0,0.0277,0
2023-05-28 13:49:56,1685296197,37.3,14.6,99112,4.00,6.00,6.00,7.00,0.0444,0
2023-05-28 13:54:53,1685296494,37.3,14.5,99100,6.00,8.00,10.0,11.0,0.0231,0
2023-05-28 13:59:50,1685296791,37.1,15.0,99100,8.00,10.0,11.0,12.0,0.0231,0
2023-05-28 14:04:47,1685297087,37.3,14.6,99100,5.00,5.00,7.00,8.00,0.0210,0
2023-05-28 14:09:43,1685297384,37.5,14.4,99100,5.00,5.00,6.00,6.00,0.0273,0
2023-05-28 14:14:59,1685297699,37.3,14.5,99100,4.00,6.00,7.00,7.00,0.0253,0
2023-05-28 14:19:55,1685297996,36.8,14.9,99100,3.00,3.00,5.00,6.00,0.0224,0
2023-05-28 14:24:52,1685298293,36.6,14.9,99100,4.00,6.00,9.00,10.0,0.0152,0
2023-05-28 14:29:49,1685298590,36.5,14.8,99100,2.00,2.00,3.00,4.00,0.0149,0
2023-05-28 14:34:46,1685298887,36.7,13.9,99100,2.00,2.00,4.00,5.00,0.0230,0
2023-05-28 14:39:43,1685299184,36.7,13.6,99100,3.00,4.00,7.00,8.00,0.0132,0
2023-05-28 14:44:59,1685299499,36.8,13.5,99100,6.00,6.00,8.00,8.00,0.0119,0
2023-05-28 14:49:55,1685299796,37.0,12.9,99100,2.00,4.00,7.00,9.00,0.0352,0
2023-05-28 14:54:52,1685300093,36.8,12.7,99100,2.00,3.00,3.00,3.00,0.0310,0
2023-05-28 14:59:49,1685300390,36.6,12.5,99100,3.00,5.00,6.00,7.00,0.0299,0
2023-05-28 15:04:46,1685300687,36.7,12.1,99100,3.00,4.00,6.00,7.00,0.0133,0
2023-05-28 15:09:43,1685300984,36.9,11.9,99100,6.00,6.00,6.00,6.00,0.0240,0
2023-05-28 15:14:58,1685301299,37.1,12.3,99100,3.00,4.00,5.00,6.00,0.0205,0
2023-05-28 15:19:55,1685301595,37.4,11.6,99100,4.00,6.00,7.00,8.00,0.0177,0
2023-05-28 15:24:52,1685301892,37.2,10.7,99100,4.00,4.00,5.00,6.00,0.0127,0
2023-05-28 15:29:48,1685302189,36.6,10.7,99100,5.00,7.00,8.00,8.00,0.0143,0
2023-05-28 15:34:45,1685302486,36.6,10.6,99100,4.00,4.00,5.00,6.00,0.0180,0
2023-05-28 15:39:42,1685302783,36.5,10.4,99106,4.00,6.00,8.00,9.00,0.0180,0
2023-05-28 15:44:58,1685303098,36.5,9.91,99100,6.00,7.00,9.00,9.00,0.0256,0
2023-05-28 15:49:55,1685303395,36.2,9.53,99125,9.00,12.0,14.0,15.0,0.0691,0
2023-05-28 15:54:52,1685303692,35.8,9.14,99200,8.00,12.0,15.0,16.0,0.0603,0
2023-05-28 15:59:49,1685303990,35.5,8.87,99200,9.00,13.0,16.0,17.0,0.0233,0
2023-05-28 16:04:47,1685304287,35.3,8.44,99200,7.00,9.00,12.0,14.0,0.0819,0
2023-05-28 16:09:45,1685304585,35.1,8.67,99200,5.00,7.00,8.00,9.00,0.0217,0
2023-05-28 16:14:42,1685304883,35.1,8.64,99200,7.00,9.00,10.0,11.0,0.0352,0
2023-05-28 16:19:59,1685305199,35.2,7.99,99200,6.00,7.00,8.00,9.00,0.0220,0
2023-05-28 16:24:57,1685305497,34.9,7.61,99200,6.00,6.00,7.00,9.00,0.0208,0
2023-05-28 16:29:49,1685305790,34.7,7.94,99200,7.00,9.00,10.0,10.0,0.0147,0
2023-05-28 16:34:47,1685306088,34.5,8.34,99200,4.00,5.00,7.00,8.00,0.0382,0
2023-05-28 16:39:46,1685306386,34.7,7.86,99200,5.00,6.00,9.00,11.0,0.0382,0
2023-05-28 16:44:44,1685306684,34.8,7.75,99200,4.00,5.00,5.00,5.00,0.0142,0
2023-05-28 16:49:42,1685306982,34.9,7.95,99200,5.00,5.00,7.00,8.00,0.0187,0
2023-05-28 16:54:58,1685307299,35.1,7.92,99200,5.00,12.0,18.0,20.0,0.0251,0
2023-05-28 16:59:56,1685307597,35.1,7.62,99200,11.0,12.0,13.0,13.0,0.0505,0
2023-05-28 17:04:54,1685307895,34.8,7.91,99200,6.00,7.00,7.00,8.00,0.0697,0
2023-05-28 17:09:53,1685308193,34.3,8.32,99200,6.00,8.00,9.00,10.0,0.0250,0
2023-05-28 17:14:51,1685308491,34.0,8.62,99200,5.00,7.00,8.00,9.00,0.0475,0
2023-05-28 17:19:50,1685308790,33.8,8.93,99200,8.00,10.0,11.0,12.0,0.0160,0
2023-05-28 17:24:48,1685309089,33.5,8.86,99200,6.00,7.00,8.00,9.00,0.0760,0
2023-05-28 17:29:47,1685309387,33.0,9.08,99200,6.00,6.00,7.00,7.00,0.0760,0
2023-05-28 17:34:46,1685309687,32.6,8.81,99275,8.00,8.00,8.00,8.00,0.0453,0
2023-05-28 17:39:46,1685309986,32.3,8.75,99300,3.00,6.00,9.00,11.0,0.0161,0
2023-05-28 17:44:45,1685310286,32.0,9.22,99300,7.00,8.00,8.00,9.00,0.0323,0
2023-05-28 17:49:45,1685310586,31.6,9.72,99300,4.00,5.00,6.00,7.00,0.0114,0
2023-05-28 17:54:45,1685310885,31.6,10.2,99300,4.00,5.00,6.00,8.00,0.0213,0
2023-05-28 17:59:45,1685311185,31.7,11.3,99300,4.00,5.00,5.00,5.00,0.0180,0
2023-05-28 18:04:45,1685311485,31.7,11.6,99300,4.00,5.00,6.00,7.00,0.0127,0
2023-05-28 18:09:45,1685311785,31.4,11.6,99300,6.00,7.00,8.00,9.00,0.0350,0
2023-05-28 18:14:45,1685312086,31.1,11.9,99300,2.00,5.00,9.00,10.0,0.0350,0
2023-05-28 18:19:46,1685312386,30.7,12.4,99300,6.00,10.0,14.0,16.0,0.0356,0
2023-05-28 18:24:46,1685312687,30.3,12.9,99300,3.00,4.00,5.00,6.00,0.0845,0
2023-05-28 18:29:47,1685312987,30.0,13.5,99350,4.00,8.00,11.0,13.0,0.0845,0
2023-05-28 18:34:48,1685313288,29.7,13.9,99375,6.00,8.00,10.0,11.0,0.0289,0
2023-05-28 18:39:49,1685313590,29.3,14.6,99400,4.00,7.00,12.0,14.0,0.0247,0
2023-05-28 18:44:51,1685313891,28.9,14.6,99400,4.00,5.00,7.00,8.00,0.0157,0
2023-05-28 18:49:52,1685314193,28.6,14.6,99400,4.00,5.00,5.00,5.00,0.0241,0
2023-05-28 18:54:55,1685314495,28.3,15.2,99400,4.00,4.00,5.00,5.00,0.0278,0
2023-05-28 18:59:57,1685314797,27.9,15.1,99400,3.00,3.00,4.00,5.00,0.0136,0
2023-05-28 19:04:59,1685315100,27.6,15.3,99400,7.00,7.00,7.00,7.00,0.0160,0
2023-05-28 19:09:42,1685315383,27.2,15.3,99400,8.00,11.0,13.0,14.0,0.0809,0
2023-05-28 19:14:45,1685315686,26.8,15.4,99400,6.00,8.00,9.00,10.0,0.0764,0
2023-05-28 19:19:48,1685315989,26.5,15.6,99450,4.00,6.00,8.00,9.00,0.0641,0
2023-05-28 19:24:51,1685316292,26.2,15.8,99500,4.00,5.00,5.00,6.00,0.0338,0
2023-05-28 19:29:54,1685316595,25.9,16.1,99500,5.00,7.00,10.0,11.0,0.0106,0
2023-05-28 19:34:58,1685316898,25.7,15.8,99500,4.00,5.00,7.00,9.00,0.0230,0
2023-05-28 19:39:42,1685317183,25.5,15.8,99500,2.00,4.00,5.00,6.00,0.0236,0
2023-05-28 19:44:46,1685317487,25.3,16.0,99500,2.00,3.00,4.00,5.00,0.0146,0
2023-05-28 19:49:50,1685317791,25.2,16.1,99500,4.00,5.00,7.00,7.00,0.0158,0
2023-05-28 19:54:54,1685318095,25.0,16.0,99500,2.00,3.00,6.00,8.00,0.0158,0
2023-05-28 19:59:58,1685318399,24.8,16.1,99500,4.00,5.00,6.00,8.00,0.0137,0
2023-05-28 20:04:44,1685318684,24.5,15.8,99500,3.00,5.00,6.00,6.00,0.0149,0
2023-05-28 20:09:48,1685318988,24.3,16.0,99500,4.00,6.00,7.00,8.00,0.0101,0
2023-05-28 20:14:52,1685319292,24.1,16.2,99506,3.00,5.00,8.00,9.00,0.0198,0
2023-05-28 20:19:56,1685319597,23.7,16.4,99600,3.00,6.00,9.00,10.0,0.0191,0
2023-05-28 20:24:42,1685319883,23.5,16.9,99600,4.00,8.00,12.0,14.0,0.0180,0
2023-05-28 20:29:47,1685320188,23.3,16.9,99600,1.00,3.00,5.00,6.00,0.0194,0
2023-05-28 20:34:52,1685320493,23.0,17.2,99600,2.00,3.00,5.00,7.00,0.0311,0
2023-05-28 20:39:57,1685320798,22.7,17.6,99600,2.00,3.00,5.00,6.00,0.0249,0
2023-05-28 20:44:44,1685321084,22.4,18.0,99600,1.00,3.00,6.00,7.00,0.0135,0
2023-05-28 20:49:49,1685321390,22.1,18.4,99600,1.00,3.00,4.00,5.00,0.0141,0
2023-05-28 20:54:55,1685321695,21.7,18.8,99600,1.00,3.00,6.00,7.00,0.0107,0
2023-05-28 20:59:41,1685321982,21.5,19.2,99673,1.00,4.00,7.00,8.00,0.0130,0
2023-05-28 21:04:47,1685322288,21.2,19.5,99700,3.00,6.00,9.00,10.0,0.0168,0
2023-05-28 21:09:53,1685322594,21.0,19.7,99700,1.00,5.00,7.00,9.00,0.0226,0
2023-05-28 21:14:59,1685322900,20.9,19.9,99700,2.00,3.00,5.00,5.00,0.0167,0
2023-05-28 21:19:46,1685323187,20.7,20.1,99700,2.00,3.00,5.00,7.00,0.0225,0
2023-05-28 21:24:52,1685323493,20.5,20.5,99700,1.00,4.00,7.00,9.00,0.0183,0
2023-05-28 21:29:59,1685323799,20.3,20.7,99700,2.00,3.00,5.00,5.00,0.0142,0
2023-05-28 21:34:46,1685324087,20.0,21.0,99700,2.00,3.00,5.00,7.00,0.0147,0
2023-05-28 21:39:53,1685324393,19.7,21.6,99700,1.00,3.00,5.00,6.00,0.0125,0
2023-05-28 21:44:41,1685324681,19.4,21.8,99700,1.00,2.00,3.00,4.00,0.0117,0
2023-05-28 21:49:47,1685324988,19.2,22.2,99788,1.00,3.00,3.00,4.00,0.0140,0
2023-05-28 21:54:55,1685325295,19.1,22.7,99800,2.00,3.00,4.00,5.00,0.0120,0
2023-05-28 21:59:43,1685325583,18.8,22.9,99800,2.00,2.00,3.00,4.00,0.0105,0
2023-05-28 22:04:50,1685325890,18.5,23.0,99800,1.00,5.00,9.00,11.0,0.0103,0
2023-05-28 22:09:57,1685326198,18.2,23.6,99800,1.00,3.00,5.00,6.00,0.0202,0
2023-05-28 22:14:46,1685326486,17.8,25.0,99800,1.00,2.00,3.00,4.00,0.0186,0
2023-05-28 22:19:54,1685326794,17.5,25.2,99800,1.00,3.00,5.00,7.00,0.0118,0
2023-05-28 22:24:43,1685327083,17.1,26.0,99800,1.00,2.00,3.00,4.00,0.0107,0
2023-05-28 22:29:50,1685327391,16.8,25.9,99800,1.00,3.00,5.00,6.00,0.0135,0
2023-05-28 22:34:59,1685327699,16.5,26.0,99800,1.00,5.00,9.00,12.0,0.0111,0
2023-05-28 22:39:48,1685327988,16.3,26.4,99800,2.00,2.00,4.00,5.00,0.0171,0
2023-05-28 22:44:57,1685328297,16.2,26.5,99800,1.00,2.00,3.00,4.00,0.0171,0
2023-05-28 22:49:46,1685328586,16.0,27.5,99800,1.00,3.00,5.00,7.00,0.0152,0
2023-05-28 22:54:54,1685328895,15.9,27.3,99800,1.00,3.00,4.00,5.00,0.0109,0
2023-05-28 22:59:44,1685329185,15.7,27.3,99800,2.00,3.00,5.00,7.00,0.0109,0
2023-05-28 23:04:53,1685329494,15.5,27.8,99800,1.00,4.00,7.00,9.00,0.0141,0
2023-05-28 23:09:43,1685329783,15.2,29.3,99800,2.00,2.00,3.00,4.00,0.0141,0
2023-05-28 23:14:52,1685330093,14.9,29.9,99806,2.00,2.00,3.00,4.00,0.0149,0
2023-05-28 23:19:42,1685330383,14.6,30.2,99900,2.00,2.00,3.00,4.00,0.00995,0
2023-05-28 23:24:52,1685330692,14.3,30.7,99900,1.00,4.00,7.00,8.00,0.00995,0
2023-05-28 23:29:42,1685330983,14.0,31.3,99900,1.00,3.00,4.00,5.00,0.0141,0
2023-05-28 23:34:52,1685331293,13.8,31.3,99900,1.00,4.00,7.00,8.00,0.0141,0
2023-05-28 23:39:43,1685331583,13.6,32.0,99900,1.00,4.00,6.00,8.00,0.0205,0
2023-05-28 23:44:53,1685331893,13.3,32.0,99900,1.00,4.00,7.00,8.00,0.0170,0
2023-05-28 23:49:44,1685332184,13.1,32.8,99900,1.00,2.00,3.00,4.00,0.0179,0
2023-05-28 23:54:54,1685332495,12.8,33.3,99900,1.00,4.00,7.00,8.00,0.0175,0
2023-05-28 23:59:45,1685332786,12.6,33.9,99900,1.00,4.00,6.00,7.00,0.0175,0
2023-05-29 00:04:56,1685333096,12.5,34.9,99900,1.00,2.00,3.00,4.00,0.0201,0
2023-05-29 00:09:47,1685333387,12.4,34.4,99900,1.00,3.00,5.00,6.00,0.0190,0
2023-05-29 00:14:58,1685333698,12.2,35.5,99900,1.00,2.00,3.00,4.00,0.0112,0
2023-05-29 00:19:49,1685333989,12.1,36.6,99900,1.00,4.00,6.00,8.00,0.0143,0
2023-05-29 00:24:41,1685334281,12.0,36.6,99900,1.00,2.00,3.00,4.00,0.0143,0
2023-05-29 00:29:52,1685334593,12.0,36.9,99900,1.00,2.00,3.00,4.00,0.0139,0
2023-05-29 00:34:44,1685334884,12.0,36.7,99900,2.00,5.00,9.00,11.0,0.0143,0
2023-05-29 00:39:54,1685335195,12.0,37.5,99900,1.00,3.00,5.00,6.00,0.0135,0
2023-05-29 00:44:46,1685335486,12.2,36.1,99900,2.00,4.00,6.00,7.00,0.0137,0
2023-05-29 00:49:56,1685335797,12.7,35.2,99900,1.00,3.00,5.00,6.00,0.0145,0
2023-05-29 00:54:47,1685336088,13.2,34.1,99900,1.00,2.00,3.00,4.00,0.0146,0
2023-05-29 00:59:58,1685336398,13.6,33.2,99900,3.00,8.00,12.0,14.0,0.0399,0
2023-05-29 01:04:48,1685336689,13.7,32.6,99900,1.00,3.00,5.00,7.00,0.0500,0
2023-05-29 01:09:59,1685336999,13.6,32.3,99900,3.00,3.00,3.00,4.00,0.0336,0
2023-05-29 01:14:50,1685337290,13.5,32.7,99900,2.00,4.00,7.00,8.00,0.0296,0
2023-05-29 01:19:41,1685337581,13.4,32.6,99900,2.00,4.00,5.00,6.00,0.0133,0
2023-05-29 01:24:51,1685337892,13.3,33.2,99900,3.00,5.00,8.00,10.0,0.0168,0
2023-05-29 01:29:42,1685338183,13.0,33.4,99900,1.00,5.00,8.00,10.0,0.0188,0
2023-05-29 01:34:53,1685338493,12.7,34.2,99900,2.00,3.00,4.00,5.00,0.0234,0
2023-05-29 01:39:44,1685338785,12.5,33.5,99900,2.00,4.00,6.00,8.00,0.0249,0
2023-05-29 01:44:55,1685339095,12.5,34.7,99900,5.00,6.00,7.00,7.00,0.0317,0
2023-05-29 01:49:46,1685339386,12.3,34.7,99900,1.00,3.00,6.00,8.00,0.0317,0
2023-05-29 01:54:57,1685339697,12.1,35.1,99900,1.00,2.00,3.00,4.00,0.0275,0
2023-05-29 01:59:48,1685339989,11.9,35.4,99900,2.00,3.00,5.00,6.00,0.0275,0
2023-05-29 02:04:59,1685340300,11.6,35.7,99900,4.00,4.00,5.00,6.00,0.0127,0
2023-05-29 02:09:51,1685340592,11.5,36.1,99960,3.00,5.00,7.00,8.00,0.0144,0
2023-05-29 02:14:43,1685340883,11.3,36.2,100000,3.00,4.00,6.00,6.00,0.0144,0
2023-05-29 02:19:54,1685341195,11.1,36.9,100000,1.00,4.00,7.00,8.00,0.0155,0
2023-05-29 02:24:46,1685341486,11.0,36.7,100000,1.00,2.00,3.00,4.00,0.0130,0
2023-05-29 02:29:57,1685341798,10.8,36.7,100000,1e-7,3.00,5.00,6.00,0.0149,0
2023-05-29 02:34:49,1685342090,10.6,37.2,100000,2.00,3.00,5.00,6.00,0.0139,0
2023-05-29 02:39:41,1685342382,10.5,37.5,100000,1.00,3.00,5.00,6.00,0.0139,0
2023-05-29 02:44:53,1685342694,10.3,37.8,100000,1.00,4.00,7.00,8.00,0.0109,0
2023-05-29 02:49:46,1685342986,10.1,38.7,100000,1.00,4.00,7.00,8.00,0.0162,0
2023-05-29 02:54:58,1685343298,9.87,38.7,100000,1.00,2.00,3.00,4.00,0.0168,0
2023-05-29 02:59:51,1685343591,9.65,38.8,100000,1.00,2.00,3.00,4.00,0.0255,0
2023-05-29 03:04:43,1685343884,9.46,39.0,100000,1.00,3.00,6.00,7.00,0.0185,0
2023-05-29 03:09:55,1685344196,9.31,40.1,100000,3.00,6.00,10.0,13.0,0.0533,0
2023-05-29 03:14:48,1685344489,9.18,40.2,100000,1.00,3.00,5.00,6.00,0.0299,0
2023-05-29 03:19:41,1685344782,9.06,39.8,100000,1.00,2.00,3.00,4.00,0.0239,0
2023-05-29 03:24:54,1685345094,8.85,40.3,100000,1.00,2.00,4.00,4.00,0.0161,0
2023-05-29 03:29:47,1685345387,8.65,40.6,100000,1.00,2.00,3.00,3.00,0.0125,0
2023-05-29 03:34:40,1685345680,8.48,41.0,100000,1.00,4.00,6.00,8.00,0.00995,0
2023-05-29 03:39:53,1685345993,8.36,41.5,100000,2.00,5.00,9.00,11.0,0.0239,0
2023-05-29 03:44:46,1685346287,8.22,41.5,100093,2.00,4.00,7.00,9.00,0.00887,0
2023-05-29 03:49:59,1685346600,8.07,42.8,100100,2.00,2.00,4.00,4.00,0.0154,0
2023-05-29 03:54:53,1685346893,7.92,42.6,100100,1.00,2.00,3.00,4.00,0.0169,0
2023-05-29 03:59:46,1685347187,7.75,42.7,100100,2.00,3.00,4.00,4.00,0.0135,0
2023-05-29 04:04:40,1685347480,7.62,43.7,100100,1.00,2.00,3.00,4.00,0.0101,0
2023-05-29 04:09:53,1685347794,7.53,44.2,100100,3.00,5.00,6.00,8.00,0.0137,0
2023-05-29 04:14:47,1685348088,7.49,45.0,100100,1.00,4.00,6.00,8.00,0.0145,0
2023-05-29 04:19:41,1685348381,7.52,45.8,100100,2.00,4.00,7.00,9.00,0.0162,0
2023-05-29 04:24:54,1685348695,7.60,45.7,100100,1.00,3.00,4.00,4.00,0.0213,0
2023-05-29 04:29:48,1685348988,7.61,43.9,100100,3.00,3.00,5.00,6.00,0.0174,0
2023-05-29 04:34:42,1685349282,7.45,44.3,100100,2.00,6.00,10.0,13.0,0.0111,0
2023-05-29 04:39:55,1685349595,7.31,45.9,100100,3.00,4.00,7.00,8.00,0.0239,0
2023-05-29 04:44:49,1685349889,7.34,46.6,100100,3.00,4.00,6.00,8.00,0.0144,0
2023-05-29 04:49:42,1685350183,7.44,46.3,100100,2.00,3.00,5.00,6.00,0.0140,0
2023-05-29 04:54:56,1685350496,7.45,46.0,100100,3.00,4.00,4.00,5.00,0.0269,0
2023-05-29 04:59:49,1685350790,7.36,45.5,100153,1.00,6.00,10.0,12.0,0.0237,0
2023-05-29 05:04:43,1685351084,7.31,45.8,100120,2.00,2.00,3.00,3.00,0.0237,0
2023-05-29 05:09:57,1685351397,7.36,46.8,100200,2.00,2.00,4.00,4.00,0.0318,0
2023-05-29 05:14:50,1685351691,7.50,47.2,100200,1.00,3.00,4.00,5.00,0.0222,0
2023-05-29 05:19:44,1685351984,7.76,46.6,100200,2.00,5.00,7.00,8.00,0.0174,0
2023-05-29 05:24:57,1685352297,7.93,45.2,100200,1.00,5.00,9.00,11.0,0.0111,0
2023-05-29 05:29:50,1685352591,8.02,44.8,100200,1.00,2.00,4.00,5.00,0.0137,0
2023-05-29 05:34:43,1685352884,8.08,44.1,100200,1.00,3.00,6.00,7.00,0.0198,0
2023-05-29 05:39:56,1685353197,8.17,44.4,100200,1.00,3.00,6.00,7.00,0.0143,0
2023-05-29 05:44:49,1685353490,8.34,43.9,100200,2.00,6.00,10.0,12.0,0.0114,0
2023-05-29 05:49:42,1685353782,8.65,44.2,100200,2.00,4.00,6.00,7.00,0.0386,0
2023-05-29 05:54:54,1685354094,9.03,43.7,100200,1.00,2.00,3.00,3.00,0.0386,0
2023-05-29 05:59:46,1685354386,9.46,42.8,100200,1.00,4.00,7.00,9.00,0.0396,0
2023-05-29 06:04:57,1685354698,9.97,42.2,100200,1.00,2.00,3.00,4.00,0.0145,0
2023-05-29 06:09:49,1685354989,10.4,42.0,100200,1.00,3.00,4.00,4.00,0.0134,0
2023-05-29 06:14:40,1685355281,10.9,41.8,100200,7.00,9.00,10.0,11.0,0.0730,0
2023-05-29 06:19:51,1685355591,11.3,41.4,100200,1.00,3.00,5.00,6.00,0.0937,0
2023-05-29 06:24:42,1685355882,11.7,40.4,100200,2.00,3.00,5.00,6.00,0.0760,0
2023-05-29 06:29:52,1685356192,12.4,40.3,100200,2.00,5.00,8.00,9.00,0.0760,0
2023-05-29 06:34:42,1685356482,13.1,39.3,100200,1.00,4.00,7.00,8.00,0.0298,0
2023-05-29 06:39:50,1685356791,13.9,37.6,100200,3.00,5.00,6.00,7.00,0.0296,0
2023-05-29 06:44:58,1685357098,14.7,36.5,100200,2.00,5.00,7.00,9.00,0.0146,0
2023-05-29 06:49:46,1685357386,15.5,35.1,100267,1.00,4.00,6.00,8.00,0.0188,0
2023-05-29 06:54:52,1685357693,16.3,33.9,100300,4.00,7.00,11.0,13.0,0.0188,0
2023-05-29 06:59:59,1685357999,17.0,32.4,100300,2.00,5.00,7.00,8.00,0.0323,0
2023-05-29 07:01:35,1685358095,17.5,31.5,100300,2.00,2.00,2.00,2.00,0.00884,0
2023-05-29 07:09:52,1685358592,18.7,30.3,100300,2.00,2.00,3.00,4.00,0.00884,0
2023-05-29 07:14:56,1685358897,19.3,29.0,100300,2.00,4.00,7.00,8.00,0.0211,0
2023-05-29 07:19:42,1685359182,20.1,27.9,100300,1.00,2.00,3.00,4.00,0.0127,0
2023-05-29 07:24:46,1685359486,20.7,25.5,100300,1.00,3.00,4.00,4.00,0.0213,0
2023-05-29 07:29:49,1685359790,21.3,25.0,100300,2.00,3.00,5.00,5.00,0.0118,0
2023-05-29 07:34:53,1685360093,21.8,24.5,100300,3.00,7.00,11.0,12.0,0.0105,0
2023-05-29 07:39:56,1685360397,21.5,23.5,100300,2.00,3.00,4.00,5.00,0.0254,0
2023-05-29 07:44:41,1685360682,21.3,23.5,100300,3.00,4.00,6.00,7.00,0.0198,0
2023-05-29 07:49:46,1685360986,21.3,23.0,100300,2.00,3.00,5.00,6.00,0.0162,0
2023-05-29 07:54:49,1685361290,21.4,22.0,100300,3.00,4.00,6.00,7.00,0.0143,0
2023-05-29 07:59:53,1685361594,21.6,21.8,100300,3.00,7.00,10.0,12.0,0.0154,0
2023-05-29 08:04:56,1685361897,22.0,21.5,100300,1.00,9.00,14.0,17.0,0.0220,0
2023-05-29 08:09:59,1685362200,22.5,20.8,100300,3.00,4.00,6.00,8.00,0.0244,0
2023-05-29 08:14:43,1685362483,23.2,20.0,100300,1.00,3.00,4.00,5.00,0.0320,0
2023-05-29 08:19:45,1685362785,24.0,19.2,100300,1.00,4.00,7.00,8.00,0.0320,0
2023-05-29 08:24:46,1685363087,24.6,18.1,100300,2.00,3.00,3.00,4.00,0.0130,0
2023-05-29 08:29:46,1685363387,24.9,17.4,100300,2.00,3.00,5.00,6.00,0.0115,0
2023-05-29 08:34:48,1685363688,25.2,16.2,100300,3.00,4.00,5.00,6.00,0.0117,0
2023-05-29 08:39:49,1685363990,25.3,16.6,100300,1.00,2.00,3.00,4.00,0.0116,0
2023-05-29 08:44:50,1685364291,25.6,16.2,100300,2.00,4.00,7.00,9.00,0.0115,0
2023-05-29 08:49:51,1685364592,25.7,16.1,100300,1.00,2.00,4.00,4.00,0.0158,0
2023-05-29 08:54:52,1685364892,26.1,15.3,100300,6.00,26.0,43.0,51.0,0.209,0
2023-05-29 08:59:53,1685365193,26.2,15.2,100300,5.00,27.0,44.0,53.0,0.264,0
2023-05-29 09:04:53,1685365494,26.4,15.4,100300,2.00,7.00,13.0,16.0,0.194,0
2023-05-29 09:09:54,1685365794,26.5,15.2,100300,2.00,5.00,8.00,10.0,0.235,0
2023-05-29 09:14:54,1685366095,26.7,15.4,100300,5.00,7.00,8.00,9.00,0.245,0
2023-05-29 09:19:55,1685366395,26.7,15.3,100300,1.00,3.00,5.00,6.00,0.0173,0
2023-05-29 09:24:55,1685366696,26.6,15.5,100300,2.00,9.00,15.0,17.0,0.0250,0
2023-05-29 09:29:56,1685366996,26.7,14.9,100394,3.00,3.00,4.00,4.00,0.0256,0
2023-05-29 09:34:57,1685367297,25.6,15.7,100388,2.00,5.00,8.00,10.0,0.0326,0
2023-05-29 09:39:58,1685367598,25.5,16.4,100381,2.00,4.00,7.00,8.00,0.0146,0
2023-05-29 09:44:59,1685367900,26.0,16.3,100400,1.00,3.00,6.00,8.00,0.0117,0
2023-05-29 09:49:41,1685368181,26.6,16.2,100400,8.00,26.0,40.0,48.0,0.362,0
2023-05-29 09:54:41,1685368482,27.2,14.9,100381,2.00,7.00,11.0,14.0,0.581,0
2023-05-29 09:59:42,1685368782,27.1,14.5,100338,3.00,5.00,7.00,9.00,0.523,0
2023-05-29 10:04:43,1685369083,27.1,14.7,100344,2.00,3.00,5.00,6.00,0.523,0
2023-05-29 10:09:44,1685369384,27.3,14.5,100300,4.00,6.00,7.00,8.00,0.0375,0
2023-05-29 10:14:45,1685369685,27.3,14.9,100300,3.00,4.00,7.00,8.00,0.0304,0
2023-05-29 10:19:46,1685369986,27.1,15.2,100300,3.00,5.00,8.00,9.00,0.0163,0
2023-05-29 10:24:47,1685370288,26.5,15.8,100300,3.00,4.00,4.00,5.00,0.0221,0
2023-05-29 10:29:49,1685370589,26.2,15.7,100306,4.00,7.00,10.0,11.0,0.0221,0
2023-05-29 10:34:50,1685370891,26.3,16.0,100300,1.00,4.00,7.00,8.00,0.0194,0
2023-05-29 10:39:52,1685371193,26.7,15.6,100300,2.00,3.00,4.00,4.00,0.0265,0
2023-05-29 10:44:54,1685371494,27.5,15.2,100300,1.00,3.00,4.00,5.00,0.0123,0
2023-05-29 10:49:55,1685371795,28.0,14.6,100300,1.00,2.00,3.00,4.00,0.0123,0
2023-05-29 10:54:56,1685372096,27.6,15.3,100300,2.00,2.00,4.00,5.00,0.0107,0
2023-05-29 10:59:57,1685372398,26.5,16.3,100300,1.00,3.00,4.00,5.00,0.0114,0
2023-05-29 11:04:59,1685372700,25.9,17.5,100300,3.00,3.00,3.00,3.00,0.0116,0
2023-05-29 11:09:43,1685372983,25.4,17.6,100300,2.00,3.00,4.00,5.00,0.0114,0
2023-05-29 11:14:45,1685373286,25.5,17.8,100300,3.00,8.00,13.0,15.0,0.0246,0
2023-05-29 11:15:04,1685373305,25.5,17.9,100300,2.00,2.00,3.00,3.00,0.0263,0
2023-05-29 11:24:52,1685373893,25.5,17.1,100300,3.00,4.00,5.00,6.00,0.0263,0
2023-05-29 11:29:55,1685374195,25.4,17.9,100300,2.00,3.00,5.00,5.00,0.0182,0
2023-05-29 11:33:04,1685374384,25.6,18.4,100300,2.00,3.00,4.00,5.00,0.0199,0
2023-05-29 11:49:05,1685375346,25.6,17.8,100300,2.00,2.00,3.00,4.00,0.0111,0
2023-05-29 11:59:57,1685375997,24.9,18.7,100300,5.00,5.00,5.00,5.00,0.0104,0
2023-05-29 12:04:41,1685376281,24.7,18.9,100300,2.00,4.00,6.00,7.00,0.0133,0
2023-05-29 12:06:15,1685376376,24.8,19.4,100300,2.00,8.00,12.0,14.0,0.0247,0
2023-05-29 12:19:43,1685377184,25.4,18.5,100300,2.00,2.00,3.00,3.00,0.0272,0
2023-05-29 12:23:50,1685377430,25.4,18.5,100300,13.0,53.0,87.0,103,0.162,0
2023-05-29 12:34:57,1685378098,25.7,18.0,100300,1e-7,2.00,3.00,4.00,0.183,0
2023-05-29 12:39:41,1685378382,25.8,18.0,100300,2.00,7.00,13.0,15.0,0.214,0
2023-05-29 12:41:16,1685378476,25.9,17.5,100300,1e-7,2.00,4.00,4.00,0.223,0
2023-05-29 12:54:51,1685379292,26.8,16.5,100269,4.00,4.00,5.00,5.00,0.283,0
2023-05-29 12:58:38,1685379519,26.9,16.6,100292,3.00,3.00,3.00,3.00,0.248,0
2023-05-29 13:09:54,1685380194,26.4,16.8,100200,3.00,3.00,3.00,4.00,0.0150,0
2023-05-29 13:14:56,1685380497,26.5,16.5,100200,2.00,3.00,5.00,6.00,0.0109,0
2023-05-29 13:16:12,1685380572,26.7,16.5,100200,2.00,2.00,3.00,4.00,0.0109,0
2023-05-29 13:29:46,1685381386,27.1,16.2,100200,2.00,3.00,3.00,4.00,0.0106,0
2023-05-29 13:33:32,1685381613,26.9,16.5,100200,2.00,4.00,6.00,7.00,0.0113,0
2023-05-29 13:44:54,1685382294,25.9,17.7,100200,2.00,4.00,6.00,8.00,0.0117,0
2023-05-29 13:49:56,1685382597,26.1,17.9,100200,2.00,5.00,10.0,12.0,0.0207,0
2023-05-29 13:50:53,1685382654,26.3,17.4,100200,4.00,9.00,14.0,16.0,0.0373,0
2023-05-29 14:04:52,1685383493,26.1,17.8,100200,2.00,2.00,2.00,3.00,0.0539,0
2023-05-29 14:09:54,1685383795,26.1,18.1,100200,3.00,5.00,8.00,10.0,0.0320,0
2023-05-29 14:14:57,1685384097,26.2,18.0,100200,3.00,4.00,5.00,6.00,0.0234,0
2023-05-29 14:19:59,1685384399,26.6,17.3,100200,4.00,7.00,11.0,13.0,0.0135,0
2023-05-29 14:24:42,1685384683,26.8,17.0,100200,2.00,5.00,8.00,10.0,0.0271,0
2023-05-29 14:26:55,1685384815,26.8,17.4,100200,2.00,4.00,6.00,7.00,0.0142,0
2023-05-29 14:39:58,1685385599,26.8,17.3,100200,1.00,1.00,1.00,1.00,0.0143,0
2023-05-29 14:44:42,1685385882,26.7,17.8,100127,3.00,4.00,6.00,8.00,0.0143,0
2023-05-29 14:49:44,1685386185,26.7,18.0,100100,4.00,5.00,6.00,6.00,0.0213,0
2023-05-29 14:54:46,1685386487,26.8,17.6,100100,4.00,7.00,11.0,13.0,0.0147,0
2023-05-29 14:59:48,1685386789,26.8,17.7,100100,26.0,98.0,157,186,0.184,0
2023-05-29 15:04:50,1685387091,26.9,17.7,100100,3.00,4.00,4.00,4.00,0.184,0
2023-05-29 15:09:53,1685387393,27.1,17.5,100100,3.00,4.00,6.00,8.00,0.184,0
2023-05-29 15:14:54,1685387695,26.9,17.5,100100,8.00,32.0,51.0,60.0,0.184,0
2023-05-29 15:19:56,1685387997,26.9,17.5,100100,9.00,34.0,55.0,65.0,0.320,0
2023-05-29 15:24:58,1685388299,26.9,17.8,100100,3.00,4.00,5.00,6.00,0.339,0
2023-05-29 15:29:41,1685388582,26.8,18.1,100100,4.00,8.00,13.0,15.0,0.339,0
2023-05-29 15:34:43,1685388883,26.9,17.7,100100,2.00,4.00,6.00,7.00,0.0508,0
2023-05-29 15:39:45,1685389185,26.8,17.6,100100,9.00,30.0,46.0,55.0,0.0508,0
2023-05-29 15:44:47,1685389487,26.9,17.6,100100,7.00,27.0,44.0,52.0,0.130,0
2023-05-29 15:49:49,1685389789,27.1,17.5,100100,3.00,12.0,19.0,23.0,0.194,0
2023-05-29 15:54:51,1685390091,27.2,17.3,100100,2.00,3.00,4.00,5.00,0.259,0
2023-05-29 15:59:52,1685390393,27.2,17.1,100100,2.00,6.00,10.0,13.0,0.259,0
2023-05-29 16:04:54,1685390695,27.2,17.2,100100,3.00,4.00,5.00,6.00,0.0171,0
2023-05-29 16:09:56,1685390997,27.2,17.1,100100,4.00,5.00,5.00,6.00,0.0132,0
2023-05-29 16:14:58,1685391298,27.1,17.0,100100,4.00,6.00,10.0,12.0,0.0182,0
2023-05-29 16:19:41,1685391581,27.2,16.7,100100,1.00,3.00,6.00,7.00,0.0182,0
2023-05-29 16:24:43,1685391883,27.2,16.7,100069,27.0,133,221,265,0.0690,0
2023-05-29 16:29:45,1685392185,27.2,16.6,100006,2.00,5.00,8.00,9.00,0.0888,0
2023-05-29 16:34:47,1685392487,27.0,16.5,100000,4.00,5.00,5.00,5.00,0.0946,0
2023-05-29 16:39:49,1685392790,27.0,16.5,100031,4.00,4.00,5.00,6.00,0.0874,0
2023-05-29 16:44:51,1685393092,27.1,16.3,100081,2.00,3.00,5.00,6.00,0.0114,0
2023-05-29 16:49:54,1685393394,27.2,15.8,100000,25.0,110,178,213,0.0654,0
2023-05-29 16:54:56,1685393696,27.1,15.8,100000,2.00,4.00,6.00,8.00,0.0639,0
2023-05-29 16:59:58,1685393998,27.1,16.4,100000,2.00,4.00,6.00,8.00,0.0634,0
2023-05-29 17:04:41,1685394282,27.2,15.8,100000,3.00,6.00,10.0,12.0,0.0610,0
2023-05-29 17:09:43,1685394584,27.1,15.9,100000,2.00,8.00,12.0,14.0,0.0199,0
2023-05-29 17:14:45,1685394886,27.0,16.1,100000,1.00,2.00,4.00,4.00,0.0191,0
2023-05-29 17:19:48,1685395188,26.7,16.5,100000,3.00,5.00,10.0,12.0,0.0234,0
2023-05-29 17:24:50,1685395491,26.7,15.9,100000,3.00,4.00,6.00,8.00,0.0160,0
2023-05-29 17:29:52,1685395793,26.4,16.0,100000,2.00,4.00,6.00,8.00,0.0108,0
2023-05-29 17:34:55,1685396096,26.1,16.2,100000,2.00,2.00,3.00,4.00,0.0104,0
2023-05-29 17:39:58,1685396399,25.7,16.7,100000,2.00,2.00,3.00,3.00,0.0143,0
2023-05-29 17:44:42,1685396683,25.4,16.5,100000,2.00,3.00,5.00,6.00,0.0135,0
2023-05-29 17:49:46,1685396986,25.1,17.0,100000,2.00,4.00,6.00,6.00,0.0118,0
2023-05-29 17:54:49,1685397290,24.9,17.1,100000,2.00,4.00,6.00,7.00,0.0114,0
2023-05-29 17:59:53,1685397593,25.2,17.4,100000,8.00,47.0,79.0,95.0,0.197,0
2023-05-29 18:04:56,1685397897,25.4,17.0,100031,3.00,10.0,15.0,18.0,0.365,0
2023-05-29 18:09:41,1685398182,25.3,17.2,100100,3.00,4.00,6.00,7.00,0.392,0
2023-05-29 18:14:45,1685398485,25.1,17.3,100100,1.00,4.00,6.00,7.00,0.242,0
2023-05-29 18:19:49,1685398789,25.0,17.4,100100,2.00,4.00,6.00,7.00,0.0189,0
2023-05-29 18:24:52,1685399093,24.9,17.4,100100,1.00,2.00,3.00,4.00,0.0140,0
2023-05-29 18:29:56,1685399397,24.9,17.3,100100,2.00,6.00,10.0,12.0,0.0178,0
2023-05-29 18:34:41,1685399682,24.7,17.4,100100,1.00,2.00,2.00,3.00,0.0237,0
2023-05-29 18:39:44,1685399985,24.5,17.7,100100,1.00,5.00,8.00,10.0,0.0237,0
2023-05-29 18:44:48,1685400289,24.2,18.1,100100,2.00,6.00,9.00,10.0,0.0125,0
2023-05-29 18:49:52,1685400593,23.9,17.8,100100,1.00,3.00,5.00,6.00,0.0117,0
2023-05-29 18:54:56,1685400897,23.7,18.1,100100,2.00,4.00,6.00,8.00,0.0230,0
2023-05-29 18:59:42,1685401182,23.5,17.8,100100,1.00,3.00,5.00,6.00,0.0287,0
2023-05-29 19:04:46,1685401487,23.3,17.5,100100,1e-7,2.00,3.00,4.00,0.0269,0
2023-05-29 19:09:51,1685401792,23.1,17.5,100100,1.00,6.00,10.0,12.0,0.0166,0
2023-05-29 19:14:56,1685402097,22.9,17.8,100100,2.00,2.00,3.00,4.00,0.0212,0
2023-05-29 19:19:42,1685402382,22.8,17.8,100100,1.00,5.00,9.00,11.0,0.0241,0
2023-05-29 19:24:47,1685402687,22.6,18.1,100100,2.00,6.00,10.0,12.0,0.0234,0
2023-05-29 19:29:52,1685402992,22.4,18.3,100100,2.00,4.00,6.00,8.00,0.0188,0
2023-05-29 19:34:57,1685403298,22.3,18.7,100100,2.00,3.00,5.00,7.00,0.0150,0
2023-05-29 19:39:43,1685403584,22.1,19.2,100100,1e-7,3.00,5.00,7.00,0.0128,0
2023-05-29 19:44:49,1685403889,21.9,19.9,100100,2.00,4.00,7.00,8.00,0.0165,0
2023-05-29 19:49:55,1685404195,21.6,20.9,100100,1e-7,2.00,3.00,4.00,0.0132,0
2023-05-29 19:54:41,1685404482,21.2,22.2,100100,1e-7,2.00,3.00,4.00,0.0245,0
2023-05-29 19:59:47,1685404788,20.7,22.7,100100,1.00,2.00,3.00,4.00,0.0181,0
2023-05-29 20:04:53,1685405094,20.3,23.3,100100,1e-7,2.00,3.00,4.00,0.00995,0
2023-05-29 20:09:41,1685405381,19.8,24.7,100100,1e-7,2.00,3.00,4.00,0.00995,0
2023-05-29 20:14:47,1685405688,19.3,25.2,100100,1.00,2.00,3.00,4.00,0.00995,0
2023-05-29 20:19:54,1685405995,18.8,26.5,100100,1.00,3.00,5.00,6.00,0.00995,0
2023-05-29 20:24:42,1685406283,18.3,26.8,100100,1e-7,2.00,4.00,4.00,0.0103,0
2023-05-29 20:29:50,1685406590,17.9,28.1,100100,2.00,10.0,17.0,20.0,0.0322,0
2023-05-29 20:34:58,1685406898,17.4,28.6,100100,1e-7,2.00,3.00,4.00,0.0355,0
2023-05-29 20:39:46,1685407186,17.0,28.8,100100,1e-7,2.00,3.00,4.00,0.0352,0
2023-05-29 20:44:54,1685407495,16.7,29.6,100100,1e-7,4.00,7.00,8.00,0.0102,0
2023-05-29 20:49:43,1685407784,16.3,30.8,100100,1.00,4.00,7.00,8.00,0.0234,0
2023-05-29 20:54:52,1685408092,15.9,31.7,100100,1e-7,2.00,3.00,4.00,0.0180,0
2023-05-29 20:59:41,1685408382,15.6,32.2,100100,1.00,2.00,3.00,4.00,0.0170,0
2023-05-29 21:04:50,1685408691,15.4,33.5,100169,1.00,1.00,1.00,1.00,0.00995,0
2023-05-29 21:09:59,1685409000,15.1,33.7,100200,1.00,2.00,3.00,4.00,0.00995,0
2023-05-29 21:14:49,1685409290,14.8,34.2,100200,2.00,3.00,3.00,4.00,0.00995,0
2023-05-29 21:19:59,1685409599,14.4,34.9,100200,1.00,3.00,4.00,4.00,0.00995,0
2023-05-29 21:24:49,1685409889,14.1,35.9,100200,1.00,2.00,3.00,4.00,0.0101,0
2023-05-29 21:29:58,1685410199,13.9,36.4,100200,2.00,2.00,3.00,4.00,0.0101,0
2023-05-29 21:34:49,1685410490,13.7,36.5,100200,1.00,4.00,7.00,8.00,0.00995,0
2023-05-29 21:39:59,1685410800,13.4,37.4,100200,2.00,4.00,7.00,9.00,0.0191,0
2023-05-29 21:44:50,1685411090,13.2,38.3,100200,1.00,3.00,6.00,7.00,0.0338,0
2023-05-29 21:49:40,1685411381,13.0,37.6,100200,1.00,2.00,3.00,4.00,0.0291,0
2023-05-29 21:54:51,1685411691,12.8,37.0,100200,1e-7,2.00,3.00,4.00,0.0135,0
2023-05-29 21:59:42,1685411983,12.5,37.5,100200,1e-7,4.00,7.00,8.00,0.00995,0
2023-05-29 22:04:53,1685412293,12.3,38.4,100200,1e-7,6.00,10.0,12.0,0.0134,0
2023-05-29 22:09:44,1685412584,12.0,38.5,100200,1e-7,2.00,3.00,4.00,0.0155,0
2023-05-29 22:14:55,1685412895,11.8,39.5,100200,2.00,2.00,4.00,4.00,0.0155,0
2023-05-29 22:19:47,1685413187,11.6,40.2,100200,1.00,3.00,5.00,6.00,0.0140,0
2023-05-29 22:24:58,1685413498,11.4,40.2,100200,1.00,4.00,7.00,8.00,0.0125,0
2023-05-29 22:29:50,1685413790,11.2,39.5,100200,1e-7,2.00,4.00,4.00,0.0125,0
2023-05-29 22:34:42,1685414082,11.0,39.8,100200,1e-7,4.00,7.00,8.00,0.0196,0
2023-05-29 22:39:53,1685414393,10.9,41.5,100200,1.00,2.00,3.00,4.00,0.0152,0
2023-05-29 22:44:45,1685414685,10.9,42.7,100200,1.00,4.00,7.00,8.00,0.0121,0
2023-05-29 22:49:56,1685414996,10.9,41.3,100200,1.00,2.00,4.00,5.00,0.0162,0
2023-05-29 22:54:48,1685415288,10.8,40.7,100200,1.00,1.00,3.00,3.00,0.0150,0
2023-05-29 22:59:59,1685415600,10.6,40.4,100200,1e-7,2.00,3.00,4.00,0.0105,0
2023-05-29 23:04:52,1685415892,10.5,41.9,100200,1.00,4.00,7.00,8.00,0.0133,0
2023-05-29 23:09:44,1685416185,10.4,42.2,100200,1.00,2.00,3.00,4.00,0.0134,0
2023-05-29 23:14:56,1685416496,10.4,42.5,100200,1e-7,2.00,3.00,4.00,0.0125,0
2023-05-29 23:19:48,1685416789,10.3,42.0,100200,1.00,3.00,5.00,7.00,0.0118,0
2023-05-29 23:24:41,1685417081,10.2,41.6,100200,1e-7,1e-7,1e-7,1e-7,0.0121,0
2023-05-29 23:29:53,1685417393,9.99,42.6,100200,1.00,2.00,4.00,5.00,0.0123,0
2023-05-29 23:34:45,1685417686,9.88,42.3,100200,1e-7,2.00,3.00,4.00,0.0103,0
2023-05-29 23:39:57,1685417998,9.78,43.3,100200,1.00,3.00,5.00,7.00,0.0101,0
2023-05-29 23:44:50,1685418290,9.72,43.8,100200,2.00,3.00,5.00,7.00,0.0106,0
2023-05-29 23:49:43,1685418583,9.73,44.0,100200,1.00,3.00,5.00,6.00,0.0134,0
2023-05-29 23:54:55,1685418895,9.74,42.9,100200,1e-7,2.00,3.00,4.00,0.0121,0
2023-05-29 23:59:47,1685419188,9.65,43.1,100200,1.00,3.00,5.00,6.00,0.0121,0
2023-05-30 00:04:59,1685419500,9.54,42.5,100200,1.00,2.00,3.00,4.00,0.0123,0
2023-05-30 00:09:52,1685419793,9.36,42.3,100200,1e-7,2.00,3.00,4.00,0.0111,0
2023-05-30 00:14:45,1685420086,9.20,42.2,100200,1e-7,2.00,3.00,4.00,0.00995,0
2023-05-30 00:19:58,1685420398,9.09,43.1,100200,1e-7,3.00,5.00,7.00,0.00995,0
2023-05-30 00:24:51,1685420691,8.98,43.3,100200,1e-7,2.00,3.00,4.00,0.0113,0
2023-05-30 00:29:44,1685420984,8.90,44.3,100200,1e-7,2.00,4.00,4.00,0.0102,0
2023-05-30 00:34:56,1685421297,8.86,44.9,100200,1e-7,2.00,3.00,4.00,0.0102,0
2023-05-30 00:39:50,1685421590,8.79,45.5,100200,1e-7,4.00,7.00,8.00,0.00995,0
2023-05-30 00:44:43,1685421883,8.76,45.4,100200,1.00,3.00,5.00,6.00,0.0120,0
2023-05-30 00:49:56,1685422196,8.81,45.2,100200,1.00,2.00,3.00,4.00,0.0161,0
2023-05-30 00:54:49,1685422489,8.80,44.0,100200,1e-7,4.00,7.00,8.00,0.0106,0
2023-05-30 00:59:42,1685422783,8.69,43.6,100200,1e-7,2.00,3.00,4.00,0.0127,0
2023-05-30 01:04:55,1685423095,8.58,45.2,100200,1.00,2.00,3.00,4.00,0.0148,0
2023-05-30 01:09:48,1685423388,8.49,45.5,100200,1.00,3.00,5.00,6.00,0.00995,0
2023-05-30 01:14:41,1685423682,8.40,45.3,100200,2.00,2.00,3.00,4.00,0.0114,0
2023-05-30 01:19:54,1685423995,8.28,45.0,100200,1.00,2.00,3.00,4.00,0.0122,0
2023-05-30 01:24:48,1685424288,8.14,44.6,100200,1e-7,3.00,6.00,7.00,0.0118,0
2023-05-30 01:29:41,1685424582,8.04,45.3,100200,1.00,1.00,2.00,2.00,0.0110,0
2023-05-30 01:34:54,1685424895,7.93,45.9,100200,2.00,2.00,3.00,3.00,0.0124,0
2023-05-30 01:39:48,1685425188,7.79,45.1,100200,1e-7,3.00,5.00,7.00,0.0111,0
2023-05-30 01:44:41,1685425482,7.70,46.0,100200,1e-7,1.00,2.00,3.00,0.0116,0
2023-05-30 01:49:55,1685425795,7.70,46.2,100200,2.00,3.00,4.00,4.00,0.0114,0
2023-05-30 01:54:49,1685426089,7.67,45.1,100200,1.00,2.00,4.00,4.00,0.0114,0
2023-05-30 01:59:42,1685426383,7.59,45.4,100200,1.00,6.00,11.0,13.0,0.0148,0
2023-05-30 02:04:56,1685426696,7.54,46.2,100200,1.00,2.00,3.00,4.00,0.0166,0
2023-05-30 02:09:50,1685426990,7.48,47.8,100200,1e-7,2.00,3.00,4.00,0.0209,0
2023-05-30 02:14:44,1685427284,7.49,47.6,100200,1e-7,3.00,5.00,6.00,0.0104,0
2023-05-30 02:19:57,1685427597,7.52,47.2,100200,2.00,2.00,3.00,4.00,0.0107,0
2023-05-30 02:24:51,1685427891,7.49,47.6,100200,2.00,2.00,3.00,4.00,0.00995,0
2023-05-30 02:29:44,1685428185,7.50,46.0,100200,1e-7,3.00,5.00,6.00,0.0103,0
2023-05-30 02:34:58,1685428498,7.47,45.9,100200,1e-7,2.00,3.00,4.00,0.0103,0
2023-05-30 02:39:52,1685428792,7.44,46.2,100200,1.00,3.00,4.00,4.00,0.0121,0
2023-05-30 02:44:46,1685429086,7.36,46.0,100193,1e-7,3.00,5.00,7.00,0.0101,0
2023-05-30 02:49:59,1685429400,7.25,46.4,100100,1e-7,1e-7,1e-7,1e-7,0.0114,0
2023-05-30 02:54:53,1685429694,7.22,47.2,100120,1e-7,2.00,3.00,4.00,0.0114,0
2023-05-30 02:59:47,1685429988,7.20,46.1,100113,1.00,2.00,3.00,4.00,0.00995,0
2023-05-30 03:04:41,1685430282,7.17,47.4,100100,1e-7,1e-7,1e-7,1e-7,0.00995,0
2023-05-30 03:09:55,1685430595,7.14,46.9,100100,1e-7,4.00,7.00,8.00,0.0125,0
2023-05-30 03:14:49,1685430889,7.10,46.7,100113,1e-7,1e-7,1e-7,1e-7,0.0171,0
2023-05-30 03:19:43,1685431183,7.00,47.3,100113,1e-7,3.00,5.00,6.00,0.0171,0
2023-05-30 03:24:57,1685431497,6.93,47.9,100200,1e-7,2.00,3.00,4.00,0.0114,0
2023-05-30 03:29:51,1685431791,6.90,48.6,100200,1e-7,2.00,3.00,4.00,0.0105,0
2023-05-30 03:34:45,1685432085,6.93,48.4,100200,1e-7,2.00,3.00,4.00,0.0101,0
2023-05-30 03:39:59,1685432399,6.94,46.6,100200,1e-7,4.00,7.00,8.00,0.00995,0
2023-05-30 03:44:53,1685432693,6.87,47.9,100200,1e-7,2.00,3.00,4.00,0.0125,0
2023-05-30 03:49:47,1685432987,6.80,47.5,100200,1e-7,3.00,5.00,6.00,0.0107,0
2023-05-30 03:54:41,1685433281,6.74,47.6,100200,1.00,1.00,2.00,2.00,0.0115,0
2023-05-30 03:59:55,1685433595,6.65,47.4,100200,2.00,2.00,3.00,4.00,0.0115,0
2023-05-30 04:04:49,1685433890,6.57,48.9,100200,1e-7,2.00,3.00,4.00,0.00995,0
2023-05-30 04:09:43,1685434184,6.54,49.2,100200,1.00,5.00,8.00,9.00,0.0111,0
2023-05-30 04:14:57,1685434498,6.57,49.0,100200,1e-7,2.00,3.00,4.00,0.0111,0
2023-05-30 04:19:52,1685434792,6.55,47.4,100200,1.00,3.00,5.00,6.00,0.0125,0
2023-05-30 04:24:46,1685435087,6.46,48.8,100200,1e-7,2.00,4.00,4.00,0.0114,0
2023-05-30 04:29:40,1685435381,6.40,49.6,100200,1e-7,3.00,5.00,6.00,0.0108,0
2023-05-30 04:34:54,1685435695,6.39,48.4,100200,1e-7,1e-7,1e-7,1e-7,0.0103,0
2023-05-30 04:39:48,1685435989,6.32,47.5,100193,1e-7,2.00,3.00,4.00,0.0131,0
2023-05-30 04:44:43,1685436283,6.25,47.2,100173,1.00,3.00,5.00,7.00,0.0133,0
2023-05-30 04:49:57,1685436598,6.17,47.9,100150,1e-7,2.00,3.00,4.00,0.0133,0
2023-05-30 04:54:52,1685436892,6.13,49.6,100200,1e-7,1.00,3.00,3.00,0.0122,0
2023-05-30 04:59:46,1685437187,6.15,49.2,100200,1.00,4.00,7.00,8.00,0.0117,0
2023-05-30 05:04:41,1685437481,6.15,47.7,100200,1.00,2.00,3.00,4.00,0.0155,0
2023-05-30 05:09:55,1685437795,6.12,49.3,100200,1e-7,2.00,3.00,4.00,0.0101,0
2023-05-30 05:14:49,1685438090,6.12,49.5,100200,1e-7,2.00,4.00,4.00,0.0101,0
2023-05-30 05:19:44,1685438384,6.19,50.2,100200,1.00,4.00,7.00,9.00,0.00995,0
2023-05-30 05:24:57,1685438698,6.31,50.1,100200,1e-7,2.00,3.00,4.00,0.0145,0
2023-05-30 05:29:52,1685438992,6.43,48.5,100200,1.00,2.00,3.00,4.00,0.0134,0
2023-05-30 05:34:46,1685439286,6.51,48.3,100200,1e-7,2.00,3.00,4.00,0.0116,0
2023-05-30 05:39:59,1685439599,6.64,48.5,100200,1.00,2.00,3.00,4.00,0.00995,0
2023-05-30 05:44:53,1685439893,6.88,48.1,100200,1e-7,1e-7,1e-7,1e-7,0.00995,0
2023-05-30 05:49:46,1685440187,7.16,48.2,100200,1e-7,2.00,3.00,4.00,0.00995,0
2023-05-30 05:54:59,1685440499,7.51,48.0,100200,1.00,4.00,8.00,9.00,0.0170,0
2023-05-30 05:59:52,1685440792,7.91,47.6,100200,1e-7,1.00,3.00,3.00,0.0212,0
2023-05-30 06:04:45,1685441085,8.37,47.3,100200,1e-7,2.00,3.00,4.00,0.0196,0
2023-05-30 06:09:57,1685441397,8.91,46.8,100200,1.00,2.00,3.00,4.00,0.0177,0
2023-05-30 06:14:49,1685441689,9.41,46.5,100200,1.00,2.00,3.00,4.00,0.00995,0
2023-05-30 06:19:41,1685441981,9.82,46.2,100200,1e-7,2.00,3.00,4.00,0.00995,0
2023-05-30 06:24:52,1685442292,10.4,46.2,100200,1e-7,2.00,3.00,4.00,0.00995,0
2023-05-30 06:29:43,1685442584,11.0,45.2,100200,1e-7,2.00,3.00,4.00,0.00995,0
2023-05-30 06:34:53,1685442894,11.7,44.5,100200,1.00,2.00,3.00,4.00,0.00995,0
2023-05-30 06:39:43,1685443184,12.5,43.9,100200,1e-7,3.00,6.00,8.00,0.0115,0
2023-05-30 06:44:52,1685443492,13.3,42.6,100200,1e-7,2.00,4.00,4.00,0.0133,0
2023-05-30 06:49:41,1685443781,14.1,41.2,100200,1.00,3.00,4.00,4.00,0.0136,0
2023-05-30 06:54:49,1685444089,14.9,39.4,100200,1.00,3.00,5.00,7.00,0.0136,0
2023-05-30 06:59:56,1685444396,15.7,37.6,100200,1.00,4.00,7.00,8.00,0.0141,0
2023-05-30 07:04:43,1685444684,16.5,36.4,100200,1e-7,4.00,7.00,8.00,0.0227,0
2023-05-30 07:09:50,1685444990,17.4,35.6,100200,2.00,3.00,5.00,7.00,0.0187,0
2023-05-30 07:14:47,1685445288,18.2,34.1,100200,1.00,3.00,5.00,7.00,,
2023-05-30 07:19:53,1685445594,19.0,32.9,100200,2.00,2.00,3.00,4.00,0.0136,0
2023-05-30 07:24:57,1685445898,19.9,31.7,100200,1e-7,5.00,9.00,11.0,0.0143,0
2023-05-30 07:27:10,1685446031,20.4,31.1,100200,1e-7,2.00,3.00,4.00,0.0126,0
2023-05-30 08:04:51,1685448292,24.8,25.1,100200,2.00,4.00,7.00,8.00,,
2023-05-30 08:09:52,1685448593,25.2,24.7,100200,1.00,3.00,5.00,6.00,,
2023-05-30 08:14:53,1685448893,25.7,24.5,100200,2.00,2.00,3.00,4.00,,
2023-05-30 08:19:53,1685449194,26.2,23.6,100200,1.00,2.00,3.00,4.00,0.0228,0
2023-05-30 08:24:53,1685449494,26.8,23.0,100200,2.00,5.00,7.00,9.00,0.0159,0
2023-05-30 08:29:53,1685449794,27.6,22.3,100200,2.00,5.00,7.00,8.00,0.0172,0
2023-05-30 08:34:53,1685450093,28.2,21.5,100200,2.00,2.00,3.00,4.00,0.0186,0
2023-05-30 08:39:51,1685450392,28.8,20.9,100200,1e-7,3.00,5.00,6.00,0.0209,0
2023-05-30 08:44:50,1685450690,29.4,20.5,100200,2.00,3.00,4.00,5.00,0.0115,0
2023-05-30 08:49:48,1685450989,29.9,19.3,100200,2.00,4.00,7.00,8.00,0.00976,0
2023-05-30 08:54:47,1685451287,30.2,17.0,100200,1.00,4.00,7.00,9.00,0.00976,0
2023-05-30 08:59:45,1685451585,30.4,16.2,100200,1.00,3.00,5.00,6.00,0.0133,0
2023-05-30 09:04:43,1685451884,30.5,15.0,100200,3.00,9.00,15.0,17.0,0.0264,0
2023-05-30 09:09:42,1685452182,30.4,14.4,100200,3.00,4.00,5.00,6.00,0.0233,0
2023-05-30 09:14:59,1685452499,30.3,13.8,100200,1.00,2.00,3.00,4.00,0.0152,0
2023-05-30 09:19:58,1685452798,30.1,14.2,100200,2.00,2.00,3.00,4.00,0.0109,0
2023-05-30 09:24:56,1685453097,30.2,14.9,100200,2.00,4.00,7.00,8.00,0.0125,0
2023-05-30 09:29:55,1685453395,30.4,14.4,100200,2.00,4.00,6.00,7.00,0.0169,0
2023-05-30 09:34:54,1685453694,30.5,14.7,100119,2.00,6.00,11.0,13.0,0.0209,0
2023-05-30 09:39:52,1685453992,30.8,15.1,100100,2.00,5.00,8.00,9.00,0.0291,0
2023-05-30 09:44:50,1685454291,30.9,14.7,100100,1.00,3.00,4.00,5.00,0.0125,0
2023-05-30 09:49:49,1685454589,30.9,14.6,100131,2.00,4.00,6.00,7.00,0.0107,0
2023-05-30 09:54:47,1685454888,30.8,14.2,100163,2.00,4.00,6.00,7.00,0.0178,0
2023-05-30 09:59:46,1685455186,30.6,14.0,100119,2.00,4.00,6.00,8.00,0.0294,0
2023-05-30 10:04:45,1685455485,30.5,14.2,100100,2.00,3.00,5.00,6.00,0.0294,0
2023-05-30 10:09:44,1685455784,30.8,14.0,100100,1.00,2.00,3.00,4.00,0.0278,0
2023-05-30 10:14:43,1685456083,30.7,14.5,100100,4.00,12.0,21.0,25.0,0.0426,0
2023-05-30 10:19:42,1685456382,30.7,14.1,100100,16.0,63.0,101,120,0.264,0
2023-05-30 10:24:41,1685456681,30.4,14.3,100100,1.00,7.00,12.0,14.0,0.243,0
2023-05-30 10:29:59,1685456999,30.5,14.5,100100,1.00,6.00,10.0,13.0,0.165,0
2023-05-30 10:34:58,1685457299,30.9,14.5,100100,2.00,5.00,10.0,12.0,0.0202,0
2023-05-30 10:39:57,1685457598,31.1,14.7,100100,2.00,7.00,11.0,13.0,0.0367,0
2023-05-30 10:44:57,1685457897,31.1,14.3,100100,1.00,4.00,6.00,8.00,0.0367,0
2023-05-30 10:49:56,1685458197,31.3,14.3,100100,2.00,2.00,4.00,4.00,0.0323,0
2023-05-30 10:54:56,1685458496,30.8,14.7,100100,1.00,4.00,6.00,8.00,0.0384,0
2023-05-30 10:59:55,1685458796,30.4,15.1,100100,2.00,2.00,3.00,4.00,0.0194,0
2023-05-30 11:04:55,1685459096,30.1,15.8,100100,3.00,4.00,5.00,5.00,0.0169,0
2023-05-30 11:09:55,1685459395,29.6,16.7,100100,2.00,3.00,4.00,5.00,0.0113,0
2023-05-30 11:14:55,1685459696,29.5,16.8,100100,3.00,4.00,5.00,5.00,0.0109,0
2023-05-30 11:19:55,1685459996,29.9,15.9,100100,2.00,3.00,4.00,5.00,0.0106,0
2023-05-30 11:24:56,1685460296,30.2,15.9,100100,3.00,4.00,6.00,8.00,0.0111,0
2023-05-30 11:29:55,1685460596,30.0,15.8,100100,2.00,3.00,5.00,5.00,0.0116,0
2023-05-30 11:34:55,1685460896,30.1,16.2,100100,3.00,5.00,8.00,10.0,0.0135,0
2023-05-30 11:39:55,1685461196,30.0,16.4,100100,2.00,5.00,7.00,8.00,0.0182,0
2023-05-30 11:44:56,1685461496,29.5,17.3,100100,2.00,4.00,7.00,8.00,0.0239,0
2023-05-30 11:49:56,1685461797,29.3,17.5,100100,25.0,125,207,249,0.938,0
2023-05-30 11:54:57,1685462097,29.3,17.5,100088,5.00,5.00,5.00,5.00,0.938,0
2023-05-30 11:59:58,1685462398,29.1,17.5,100081,4.00,5.00,7.00,9.00,0.893,0
2023-05-30 12:04:58,1685462698,29.0,17.1,100013,5.00,6.00,7.00,8.00,0.0324,0
2023-05-30 12:09:58,1685462999,29.2,16.4,100000,5.00,8.00,13.0,16.0,0.0352,0
2023-05-30 12:14:59,1685463299,29.3,15.1,100000,8.00,26.0,41.0,49.0,0.229,0
2023-05-30 12:19:59,1685463600,29.3,14.5,100000,3.00,6.00,10.0,12.0,0.194,0
2023-05-30 12:24:41,1685463881,29.6,14.4,100000,4.00,5.00,5.00,5.00,0.182,0
2023-05-30 12:29:41,1685464182,29.9,14.9,100000,4.00,4.00,4.00,5.00,0.0244,0
2023-05-30 12:34:41,1685464482,30.2,15.0,100000,4.00,4.00,5.00,5.00,0.0141,0
2023-05-30 12:39:41,1685464782,30.2,15.5,100000,4.00,6.00,7.00,7.00,0.0122,0
2023-05-30 12:44:41,1685465082,30.3,15.7,100000,4.00,4.00,5.00,6.00,0.0149,0
2023-05-30 12:49:41,1685465382,30.5,15.1,100000,4.00,11.0,18.0,22.0,0.0317,0
2023-05-30 12:54:41,1685465682,30.6,14.9,100000,2.00,3.00,4.00,4.00,0.0248,0
2023-05-30 12:59:41,1685465981,30.5,14.7,100000,3.00,5.00,6.00,6.00,0.0235,0
2023-05-30 13:04:03,1685466244,30.6,14.6,100000,3.00,3.00,4.00,4.00,0.0125,0
2023-05-30 13:09:59,1685466600,31.1,14.2,100000,4.00,7.00,13.0,15.0,0.0147,0
2023-05-30 13:14:59,1685466900,31.5,13.8,100000,3.00,9.00,13.0,15.0,0.0412,0
2023-05-30 13:19:59,1685467199,31.5,13.2,100000,3.00,14.0,23.0,27.0,0.0972,0
2023-05-30 13:24:59,1685467499,31.3,12.9,100000,1.00,3.00,4.00,5.00,0.131,0
2023-05-30 13:29:58,1685467799,31.2,13.1,99950,2.00,4.00,6.00,6.00,0.161,0
2023-05-30 13:34:58,1685468099,31.0,13.0,99900,4.00,4.00,4.00,5.00,0.0640,0
2023-05-30 13:39:58,1685468398,31.1,13.0,99900,4.00,10.0,16.0,20.0,0.0550,0
2023-05-30 13:44:58,1685468698,31.3,12.6,99900,3.00,5.00,8.00,10.0,0.0587,0
2023-05-30 13:49:58,1685468998,31.3,12.6,99900,4.00,4.00,5.00,6.00,0.0587,0
2023-05-30 13:54:58,1685469298,31.0,12.5,99900,2.00,3.00,4.00,5.00,0.0221,0
2023-05-30 13:59:57,1685469597,31.1,12.9,99900,2.00,7.00,12.0,14.0,0.0264,0
2023-05-30 14:04:57,1685469897,31.2,12.9,99900,4.00,4.00,4.00,4.00,0.0262,0
2023-05-30 14:09:56,1685470197,31.3,12.7,99900,2.00,2.00,3.00,4.00,0.0316,0
2023-05-30 14:14:56,1685470497,31.4,12.8,99900,3.00,9.00,13.0,15.0,0.0307,0
2023-05-30 14:19:56,1685470796,31.7,12.5,99900,4.00,5.00,6.00,7.00,0.0328,0
2023-05-30 14:24:55,1685471096,32.0,12.1,99900,2.00,8.00,14.0,17.0,0.0750,0
2023-05-30 14:29:55,1685471395,32.1,12.0,99900,3.00,4.00,5.00,6.00,0.0769,0
2023-05-30 14:34:54,1685471695,32.1,11.9,99900,3.00,4.00,6.00,7.00,0.0562,0
2023-05-30 14:39:54,1685471994,32.1,12.1,99900,2.00,4.00,5.00,6.00,0.0209,0
2023-05-30 14:44:53,1685472294,32.4,12.4,99900,3.00,4.00,5.00,5.00,0.0209,0
2023-05-30 14:49:52,1685472593,32.7,11.8,99900,3.00,5.00,6.00,6.00,0.0111,0
2023-05-30 14:54:51,1685472892,32.7,11.6,99900,2.00,4.00,5.00,6.00,0.0151,0
2023-05-30 14:59:50,1685473191,32.3,11.5,99900,2.00,4.00,6.00,7.00,0.0123,0
2023-05-30 15:04:50,1685473490,32.2,11.9,99806,4.00,6.00,10.0,11.0,0.0124,0
2023-05-30 15:09:49,1685473789,32.3,11.8,99800,5.00,6.00,7.00,7.00,0.0139,0
2023-05-30 15:14:48,1685474089,32.6,11.8,99800,7.00,7.00,7.00,7.00,0.0159,0
2023-05-30 15:19:47,1685474388,33.0,11.6,99800,4.00,4.00,4.00,4.00,0.0210,0
2023-05-30 15:24:46,1685474687,33.1,11.2,99800,2.00,2.00,2.00,3.00,0.0210,0
2023-05-30 15:29:45,1685474985,33.1,10.7,99800,2.00,4.00,7.00,8.00,0.0119,0
2023-05-30 15:34:44,1685475284,33.1,11.0,99800,3.00,4.00,6.00,7.00,0.0109,0
2023-05-30 15:39:42,1685475583,33.0,10.9,99800,3.00,7.00,13.0,16.0,0.0248,0
2023-05-30 15:44:41,1685475882,32.9,11.1,99800,1.00,5.00,8.00,10.0,0.0248,0
2023-05-30 15:49:58,1685476199,32.9,10.9,99800,2.00,6.00,10.0,12.0,0.0240,0
2023-05-30 15:54:57,1685476498,33.1,10.7,99800,3.00,6.00,9.00,10.0,0.0377,0
2023-05-30 15:59:55,1685476796,33.1,10.7,99800,3.00,4.00,7.00,8.00,0.0377,0
2023-05-30 16:04:54,1685477094,33.1,10.6,99800,6.00,6.00,6.00,6.00,0.0223,0
2023-05-30 16:09:52,1685477393,33.2,10.7,99800,1.00,3.00,4.00,4.00,0.0254,0
2023-05-30 16:14:51,1685477692,33.3,10.4,99800,5.00,7.00,8.00,9.00,0.0254,0
2023-05-30 16:19:50,1685477990,33.3,10.4,99800,2.00,3.00,6.00,8.00,0.0292,0
2023-05-30 16:24:48,1685478289,33.4,10.4,99800,3.00,5.00,7.00,8.00,0.0190,0
2023-05-30 16:29:47,1685478588,33.5,10.7,99800,2.00,4.00,7.00,8.00,0.0136,0
2023-05-30 16:34:46,1685478886,33.5,10.7,99800,4.00,5.00,6.00,6.00,0.0137,0
2023-05-30 16:39:44,1685479185,33.2,11.0,99800,4.00,5.00,5.00,6.00,0.0132,0
2023-05-30 16:44:43,1685479484,32.9,11.5,99800,2.00,5.00,7.00,8.00,0.0115,0
2023-05-30 16:49:42,1685479782,32.7,11.6,99800,2.00,5.00,6.00,7.00,0.0119,0
2023-05-30 16:54:59,1685480100,32.8,11.4,99800,2.00,4.00,7.00,8.00,0.0166,0
2023-05-30 16:59:59,1685480399,32.6,11.7,99800,2.00,4.00,5.00,6.00,0.0176,0
2023-05-30 17:04:58,1685480698,32.5,11.7,99800,3.00,7.00,9.00,11.0,0.0126,0
2023-05-30 17:09:57,1685480998,32.4,11.8,99800,2.00,5.00,8.00,10.0,0.0315,0
2023-05-30 17:14:56,1685481297,32.3,11.9,99800,3.00,5.00,8.00,9.00,0.0139,0
2023-05-30 17:19:56,1685481596,32.0,12.1,99800,3.00,5.00,6.00,7.00,0.0188,0
2023-05-30 17:24:55,1685481896,31.6,12.5,99800,3.00,6.00,8.00,9.00,0.0155,0
2023-05-30 17:29:55,1685482196,31.4,12.7,99800,2.00,3.00,4.00,4.00,0.0155,0
2023-05-30 17:34:55,1685482495,31.3,12.9,99800,2.00,5.00,7.00,8.00,0.0236,0
2023-05-30 17:39:55,1685482795,31.1,12.1,99800,3.00,4.00,6.00,7.00,0.0228,0
2023-05-30 17:44:55,1685483096,30.7,12.2,99800,2.00,5.00,7.00,8.00,0.0196,0
2023-05-30 17:49:55,1685483396,30.6,12.1,99800,2.00,3.00,3.00,4.00,0.0135,0
2023-05-30 17:54:55,1685483696,30.7,11.6,99800,2.00,3.00,5.00,6.00,0.0126,0
2023-05-30 17:59:56,1685483996,30.9,11.4,99800,3.00,6.00,8.00,9.00,0.0154,0
2023-05-30 18:04:56,1685484296,30.9,11.2,99800,2.00,4.00,6.00,7.00,0.0155,0
2023-05-30 18:09:56,1685484597,30.9,11.2,99800,3.00,4.00,5.00,5.00,0.0132,0
2023-05-30 18:14:57,1685484897,30.8,11.5,99800,3.00,4.00,5.00,5.00,0.0131,0
2023-05-30 18:19:57,1685485198,30.8,12.0,99800,3.00,4.00,4.00,5.00,0.0104,0
2023-05-30 18:24:58,1685485498,30.7,12.5,99800,2.00,3.00,3.00,3.00,0.0133,0
2023-05-30 18:29:58,1685485799,30.5,13.1,99800,2.00,4.00,7.00,8.00,0.0121,0
2023-05-30 18:34:59,1685486099,30.3,13.7,99800,2.00,3.00,4.00,5.00,0.0113,0
2023-05-30 18:39:41,1685486382,30.1,14.5,99800,2.00,3.00,5.00,6.00,0.0109,0
2023-05-30 18:44:42,1685486683,29.9,14.9,99800,3.00,3.00,3.00,4.00,0.0106,0
2023-05-30 18:49:43,1685486984,29.6,15.3,99800,4.00,5.00,6.00,7.00,0.0106,0
2023-05-30 18:54:44,1685487285,29.5,15.7,99800,5.00,6.00,7.00,8.00,0.0154,0
2023-05-30 18:59:46,1685487586,29.3,16.2,99800,3.00,5.00,7.00,7.00,0.0149,0
2023-05-30 19:04:48,1685487888,29.0,16.5,99800,6.00,7.00,8.00,9.00,0.0177,0
2023-05-30 19:09:50,1685488190,28.8,16.7,99725,6.00,8.00,8.00,9.00,0.0193,0
2023-05-30 19:14:51,1685488492,28.5,17.1,99744,4.00,6.00,11.0,13.0,0.0193,0
2023-05-30 19:19:53,1685488794,28.3,17.3,99800,2.00,5.00,8.00,9.00,0.0235,0
2023-05-30 19:24:56,1685489096,28.1,17.4,99800,2.00,4.00,7.00,9.00,0.0235,0
2023-05-30 19:29:58,1685489398,27.9,17.7,99800,3.00,5.00,6.00,6.00,0.0355,0
2023-05-30 19:34:41,1685489682,27.7,17.7,99800,3.00,3.00,5.00,6.00,0.0355,0
2023-05-30 19:39:44,1685489984,27.4,17.7,99794,2.00,3.00,5.00,6.00,0.0102,0
2023-05-30 19:44:46,1685490287,27.2,17.9,99800,3.00,4.00,6.00,8.00,0.0105,0
2023-05-30 19:49:49,1685490590,27.0,17.8,99800,2.00,2.00,3.00,3.00,0.0131,0
2023-05-30 19:54:52,1685490893,26.7,18.3,99800,3.00,3.00,3.00,4.00,0.0142,0
2023-05-30 19:59:55,1685491196,26.4,18.4,99800,1.00,2.00,4.00,4.00,0.0142,0
2023-05-30 20:04:59,1685491499,26.1,18.9,99800,1.00,3.00,6.00,7.00,0.00995,0
2023-05-30 20:09:44,1685491784,25.7,19.8,99800,1.00,4.00,7.00,9.00,0.0130,0
2023-05-30 20:14:47,1685492088,25.2,20.6,99800,1.00,2.00,3.00,4.00,0.0150,0
2023-05-30 20:19:52,1685492392,24.8,21.0,99800,2.00,4.00,5.00,6.00,0.0156,0
2023-05-30 20:24:56,1685492696,24.3,22.5,99800,2.00,7.00,12.0,15.0,0.0157,0
2023-05-30 20:29:41,1685492981,23.7,23.9,99800,1.00,2.00,3.00,4.00,0.0221,0
2023-05-30 20:34:46,1685493286,23.1,24.9,99800,1.00,4.00,7.00,8.00,0.0279,0
2023-05-30 20:39:51,1685493591,22.5,25.5,99800,1.00,2.00,3.00,4.00,0.0167,0
2023-05-30 20:44:56,1685493897,21.9,26.2,99800,1.00,4.00,7.00,9.00,0.0109,0
2023-05-30 20:49:43,1685494183,21.4,27.0,99800,1.00,4.00,7.00,8.00,0.0138,0
2023-05-30 20:54:48,1685494489,20.9,28.1,99800,1.00,3.00,6.00,8.00,0.0138,0
2023-05-30 20:59:54,1685494795,20.4,28.7,99800,1e-7,2.00,3.00,4.00,0.0142,0
2023-05-30 21:04:41,1685495082,20.0,29.2,99800,1e-7,4.00,6.00,8.00,0.0161,0
2023-05-30 21:09:48,1685495388,19.6,30.5,99800,1.00,3.00,5.00,6.00,0.0116,0
2023-05-30 21:14:55,1685495695,19.2,31.2,99800,1e-7,2.00,4.00,4.00,0.0106,0
2023-05-30 21:19:42,1685495983,18.9,32.4,99800,2.00,3.00,5.00,6.00,0.0106,0
2023-05-30 21:24:50,1685496290,18.5,32.2,99800,2.00,2.00,3.00,4.00,0.0115,0
2023-05-30 21:29:57,1685496597,18.3,32.7,99800,1.00,3.00,5.00,7.00,0.0138,0
2023-05-30 21:34:45,1685496885,18.0,33.8,99800,1.00,3.00,5.00,7.00,0.0190,0
2023-05-30 21:39:53,1685497193,17.7,34.1,99881,1e-7,3.00,5.00,6.00,0.0226,0
2023-05-30 21:44:41,1685497482,17.4,34.8,99900,1.00,5.00,8.00,9.00,0.0188,0
2023-05-30 21:49:49,1685497790,17.2,36.4,99900,2.00,3.00,5.00,6.00,0.0211,0
2023-05-30 21:54:58,1685498098,16.9,36.4,99900,1.00,4.00,7.00,9.00,0.0110,0
2023-05-30 21:59:46,1685498386,16.6,37.2,99900,2.00,2.00,3.00,4.00,0.0111,0
2023-05-30 22:04:54,1685498694,16.4,37.2,99900,1e-7,2.00,3.00,4.00,0.0148,0
2023-05-30 22:09:43,1685498984,16.2,37.9,99900,2.00,3.00,3.00,4.00,0.00995,0
2023-05-30 22:14:52,1685499292,16.0,38.4,99900,2.00,2.00,3.00,4.00,0.00995,0
2023-05-30 22:19:41,1685499582,15.8,37.9,99900,1.00,5.00,8.00,10.0,0.0127,0
2023-05-30 22:24:50,1685499890,15.6,38.3,99900,1.00,2.00,4.00,4.00,0.0166,0
2023-05-30 22:29:59,1685500199,15.4,39.1,99900,1.00,9.00,16.0,19.0,0.0173,0
2023-05-30 22:34:49,1685500489,15.3,39.6,99900,1.00,2.00,3.00,3.00,0.0179,0
2023-05-30 22:39:58,1685500799,15.2,40.2,99900,2.00,3.00,5.00,6.00,0.0212,0
2023-05-30 22:44:48,1685501089,15.0,40.5,99900,1.00,4.00,6.00,8.00,0.0124,0
2023-05-30 22:49:57,1685501398,14.8,40.5,99900,1.00,2.00,3.00,4.00,0.0124,0
2023-05-30 22:54:47,1685501688,14.6,41.6,99900,1.00,4.00,7.00,8.00,0.0116,0
2023-05-30 22:59:57,1685501997,14.5,42.4,99900,1.00,3.00,6.00,7.00,0.0244,0
2023-05-30 23:04:47,1685502287,14.4,42.5,99900,1.00,3.00,5.00,7.00,0.0196,0
2023-05-30 23:09:57,1685502597,14.4,42.0,99900,1.00,3.00,5.00,6.00,0.0202,0
2023-05-30 23:14:47,1685502887,14.3,41.0,99900,1.00,2.00,3.00,4.00,0.0122,0
2023-05-30 23:19:57,1685503197,14.2,41.8,99900,1.00,3.00,5.00,6.00,0.0115,0
2023-05-30 23:24:47,1685503488,14.0,42.4,99900,2.00,3.00,5.00,6.00,0.0135,0
2023-05-30 23:29:57,1685503798,13.9,42.3,99900,2.00,2.00,3.00,4.00,0.0160,0
2023-05-30 23:34:48,1685504088,13.8,42.4,99900,1.00,3.00,5.00,6.00,0.0152,0
2023-05-30 23:39:58,1685504398,13.7,42.9,99900,1.00,3.00,5.00,6.00,0.0146,0
2023-05-30 23:44:48,1685504689,13.6,43.9,99900,1.00,3.00,5.00,6.00,0.00998,0
2023-05-30 23:49:58,1685504999,13.6,43.9,99900,1.00,3.00,4.00,4.00,0.00999,0
2023-05-30 23:54:49,1685505289,13.6,43.8,99900,1.00,4.00,7.00,8.00,0.0118,0
2023-05-30 23:59:59,1685505599,13.7,43.6,99900,1.00,4.00,6.00,8.00,0.0132,0
2023-05-31 00:04:49,1685505890,13.6,43.2,99900,1.00,2.00,4.00,4.00,0.0122,0
2023-05-31 00:09:59,1685506200,13.7,42.6,99900,1.00,5.00,8.00,9.00,0.0143,0
2023-05-31 00:14:50,1685506490,13.6,43.1,99900,1.00,2.00,3.00,4.00,0.0224,0
2023-05-31 00:19:41,1685506781,13.5,42.7,99900,1.00,2.00,3.00,4.00,0.0224,0
2023-05-31 00:24:51,1685507091,13.5,44.1,99900,1.00,4.00,7.00,8.00,0.0100,0
2023-05-31 00:29:41,1685507382,13.4,44.0,99900,1.00,3.00,5.00,6.00,0.0223,0
2023-05-31 00:34:52,1685507692,13.4,43.5,99900,1e-7,2.00,4.00,4.00,0.0223,0
2023-05-31 00:39:42,1685507983,13.5,43.4,99900,1.00,4.00,7.00,8.00,0.0133,0
2023-05-31 00:44:53,1685508293,13.5,43.9,99900,1e-7,2.00,4.00,4.00,0.0117,0
2023-05-31 00:49:43,1685508584,13.4,44.2,99900,1.00,4.00,6.00,8.00,0.0141,0
2023-05-31 00:54:54,1685508894,13.3,44.3,99900,1.00,2.00,3.00,4.00,0.0136,0
2023-05-31 00:59:44,1685509185,13.3,44.0,99900,1.00,2.00,4.00,4.00,0.0134,0
2023-05-31 01:04:55,1685509495,13.3,43.4,99900,3.00,3.00,4.00,5.00,0.00995,0
2023-05-31 01:09:46,1685509786,13.4,43.4,99900,1e-7,6.00,10.0,12.0,0.0162,0
2023-05-31 01:14:56,1685510096,13.3,43.8,99900,1.00,2.00,4.00,4.00,0.0174,0
2023-05-31 01:19:47,1685510387,13.2,42.9,99900,2.00,2.00,3.00,4.00,0.0221,0
2023-05-31 01:24:57,1685510698,13.1,43.9,99900,1.00,4.00,7.00,8.00,0.0105,0
2023-05-31 01:29:49,1685510989,13.0,44.3,99900,1.00,2.00,3.00,4.00,0.0131,0
2023-05-31 01:34:59,1685511300,13.0,44.4,99900,1.00,5.00,8.00,9.00,0.0112,0
2023-05-31 01:39:50,1685511591,13.0,43.9,99900,1.00,3.00,5.00,5.00,0.0145,0
2023-05-31 01:44:41,1685511882,12.9,43.1,99900,1.00,3.00,5.00,6.00,0.0142,0
2023-05-31 01:49:52,1685512192,12.8,43.1,99900,1.00,3.00,5.00,7.00,0.0131,0
2023-05-31 01:54:43,1685512484,12.7,43.1,99900,1.00,1.00,3.00,3.00,0.0119,0
2023-05-31 01:59:54,1685512794,12.6,44.5,99900,1.00,3.00,6.00,7.00,0.0138,0
2023-05-31 02:04:45,1685513086,12.4,44.7,99900,2.00,2.00,2.00,2.00,0.0137,0
2023-05-31 02:09:56,1685513396,12.3,45.3,99900,1e-7,3.00,5.00,7.00,0.0172,0
2023-05-31 02:14:47,1685513688,12.3,45.9,99900,1e-7,2.00,3.00,4.00,0.0158,0
2023-05-31 02:19:58,1685513999,12.2,45.6,99900,1.00,4.00,7.00,8.00,0.0135,0
2023-05-31 02:24:49,1685514290,12.2,45.2,99900,1.00,2.00,3.00,4.00,0.0197,0
2023-05-31 02:29:41,1685514581,12.1,45.4,99900,1e-7,3.00,5.00,6.00,0.0186,0
2023-05-31 02:34:52,1685514892,12.1,46.6,99900,1.00,3.00,5.00,6.00,0.0128,0
2023-05-31 02:39:43,1685515184,12.0,47.2,99900,2.00,2.00,4.00,4.00,0.00995,0
2023-05-31 02:44:54,1685515495,12.0,46.7,99900,1.00,2.00,3.00,4.00,0.0110,0
2023-05-31 02:49:46,1685515786,11.9,45.6,99900,1.00,3.00,5.00,7.00,0.0122,0
2023-05-31 02:54:57,1685516097,11.8,46.3,99900,1.00,2.00,3.00,4.00,0.0122,0
2023-05-31 02:59:49,1685516389,11.7,47.2,99900,1e-7,3.00,5.00,6.00,0.0137,0
2023-05-31 03:04:40,1685516681,11.6,48.2,99900,1.00,3.00,5.00,7.00,0.0125,0
2023-05-31 03:09:52,1685516992,11.6,48.7,99900,1.00,3.00,5.00,6.00,0.0125,0
2023-05-31 03:14:43,1685517284,11.7,48.9,99900,1.00,2.00,3.00,4.00,0.00982,0
2023-05-31 03:19:54,1685517595,11.7,47.3,99900,1.00,2.00,3.00,4.00,0.0118,0
2023-05-31 03:24:46,1685517887,11.7,47.9,99900,1.00,4.00,6.00,7.00,0.0117,0
2023-05-31 03:29:57,1685518198,11.6,48.2,99900,1e-7,3.00,5.00,6.00,0.0123,0
2023-05-31 03:34:49,1685518490,11.6,48.5,99900,1.00,4.00,7.00,9.00,0.0181,0
2023-05-31 03:39:41,1685518781,11.5,48.0,99900,1e-7,2.00,4.00,4.00,0.0256,0
2023-05-31 03:44:52,1685519093,11.5,49.0,99900,1.00,3.00,6.00,8.00,0.0281,0
2023-05-31 03:49:44,1685519384,11.5,50.1,99900,1.00,3.00,5.00,7.00,0.0143,0
2023-05-31 03:54:55,1685519696,11.5,48.8,99900,1.00,3.00,5.00,6.00,0.0138,0
2023-05-31 03:59:47,1685519988,11.5,48.4,99900,1.00,2.00,3.00,4.00,0.0109,0
2023-05-31 04:04:59,1685520299,11.5,47.4,99900,1e-7,2.00,4.00,4.00,0.0127,0
2023-05-31 04:09:50,1685520591,11.4,48.3,99900,2.00,4.00,6.00,8.00,0.0122,0
2023-05-31 04:14:42,1685520883,11.3,48.1,99900,2.00,2.00,3.00,4.00,0.0145,0
2023-05-31 04:19:54,1685521194,11.3,48.3,99900,1.00,2.00,3.00,4.00,0.0145,0
2023-05-31 04:24:46,1685521486,11.2,48.2,99900,2.00,4.00,5.00,6.00,0.0145,0
2023-05-31 04:29:57,1685521798,11.0,49.8,99900,2.00,5.00,8.00,9.00,0.0230,0
2023-05-31 04:34:49,1685522090,11.0,50.7,99900,2.00,4.00,7.00,9.00,0.0274,0
2023-05-31 04:39:41,1685522382,11.0,48.4,99900,1.00,3.00,4.00,5.00,0.0213,0
2023-05-31 04:44:53,1685522693,10.9,47.2,99900,1.00,3.00,5.00,7.00,0.0192,0
2023-05-31 04:49:45,1685522985,10.9,46.8,99907,1.00,2.00,3.00,4.00,0.0135,0
2023-05-31 04:54:57,1685523297,10.8,47.5,99975,1.00,2.00,3.00,4.00,0.0135,0
2023-05-31 04:59:49,1685523589,10.8,47.4,100000,1.00,2.00,3.00,4.00,0.00995,0
2023-05-31 05:04:41,1685523881,10.7,47.8,100000,1.00,4.00,6.00,8.00,0.0176,0
2023-05-31 05:09:53,1685524193,10.6,47.5,100000,2.00,8.00,13.0,15.0,0.0151,0
2023-05-31 05:14:45,1685524485,10.6,47.6,100000,2.00,3.00,6.00,7.00,0.0182,0
2023-05-31 05:19:57,1685524797,10.6,47.2,100000,1.00,2.00,4.00,4.00,0.0274,0
2023-05-31 05:24:49,1685525089,10.6,47.4,100000,1.00,2.00,3.00,4.00,0.0274,0
2023-05-31 05:29:41,1685525381,10.6,47.3,100000,1.00,4.00,8.00,9.00,0.0186,0
2023-05-31 05:34:52,1685525693,10.6,46.7,100000,1.00,4.00,7.00,8.00,0.0141,0
2023-05-31 05:39:44,1685525985,10.8,46.5,100000,1.00,4.00,7.00,8.00,0.0168,0
2023-05-31 05:44:55,1685526296,11.1,47.0,100000,1e-7,2.00,4.00,4.00,0.0171,0
2023-05-31 05:49:46,1685526587,11.5,47.1,100000,1.00,3.00,5.00,6.00,0.0171,0
2023-05-31 05:54:57,1685526897,11.9,46.7,100000,1.00,3.00,5.00,6.00,0.0129,0
2023-05-31 05:59:47,1685527187,12.3,45.5,100000,2.00,4.00,7.00,8.00,0.0108,0
2023-05-31 06:04:57,1685527497,12.7,45.1,100000,1e-7,2.00,3.00,4.00,0.0147,0
2023-05-31 06:09:47,1685527788,13.1,45.1,100000,1.00,3.00,5.00,6.00,0.0147,0
2023-05-31 06:14:57,1685528097,13.5,45.3,100000,1.00,4.00,6.00,8.00,0.0137,0
2023-05-31 06:19:46,1685528387,14.1,45.8,100000,1.00,2.00,3.00,4.00,0.0124,0
2023-05-31 06:24:55,1685528695,14.7,45.8,100000,1.00,2.00,3.00,4.00,0.0154,0
2023-05-31 06:29:43,1685528984,15.5,46.1,100000,1.00,3.00,5.00,6.00,0.0116,0
2023-05-31 06:34:50,1685529291,16.4,44.6,100000,1.00,2.00,4.00,4.00,0.0122,0
2023-05-31 06:39:57,1685529598,17.3,42.4,100000,1.00,3.00,5.00,7.00,0.0110,0
2023-05-31 06:44:44,1685529884,18.1,41.5,100000,1.00,3.00,4.00,5.00,0.0105,0
2023-05-31 06:49:49,1685530190,18.8,41.7,100000,2.00,5.00,8.00,9.00,0.0198,0
2023-05-31 06:54:54,1685530494,19.7,40.8,100000,2.00,5.00,7.00,8.00,0.0217,0
2023-05-31 06:59:58,1685530798,20.7,39.4,100000,2.00,4.00,6.00,7.00,0.0192,0
2023-05-31 07:04:42,1685531083,21.5,37.9,100000,4.00,4.00,4.00,5.00,0.0192,0
2023-05-31 07:09:46,1685531386,22.2,36.0,100000,2.00,3.00,3.00,3.00,0.0146,0
2023-05-31 07:14:49,1685531689,22.9,34.6,100000,1.00,4.00,6.00,8.00,0.0149,0
2023-05-31 07:19:51,1685531992,23.6,33.8,100000,2.00,5.00,8.00,9.00,0.0227,0
2023-05-31 07:23:00,1685532181,24.2,33.1,100000,4.00,5.00,6.00,6.00,0.0210,0
2023-05-31 08:14:59,1685535299,30.4,23.5,100000,2.00,4.00,5.00,6.00,,
2023-05-31 08:19:57,1685535597,30.6,23.6,100000,3.00,5.00,8.00,9.00,,
2023-05-31 08:24:55,1685535895,30.8,23.2,100000,5.00,12.0,18.0,21.0,,
2023-05-31 08:29:53,1685536193,30.9,23.3,100000,53.0,239,390,467,0.301,0
2023-05-31 08:34:51,1685536491,31.1,22.0,100000,3.00,5.00,7.00,8.00,0.320,0
2023-05-31 08:39:49,1685536789,31.0,22.1,100000,4.00,4.00,7.00,8.00,0.320,0
2023-05-31 08:44:47,1685537087,31.0,22.4,100000,4.00,6.00,7.00,8.00,0.0194,0
2023-05-31 08:49:45,1685537385,31.0,22.0,100000,3.00,5.00,8.00,9.00,0.0205,0
2023-05-31 08:54:43,1685537683,31.3,22.2,100000,6.00,6.00,7.00,8.00,0.0236,0
2023-05-31 08:55:20,1685537720,31.7,21.8,100000,1.00,3.00,3.00,4.00,0.0109,0
2023-05-31 09:04:45,1685538285,32.5,20.4,100000,31.0,146,239,286,0.178,0
2023-05-31 09:09:42,1685538582,32.8,20.5,100000,5.00,7.00,9.00,10.0,0.185,0
2023-05-31 09:14:57,1685538898,33.2,20.3,100000,7.00,8.00,10.0,12.0,0.170,0
2023-05-31 09:19:54,1685539195,33.5,19.9,100000,9.00,10.0,10.0,10.0,0.122,0
2023-05-31 09:24:51,1685539492,33.6,19.9,100000,4.00,9.00,14.0,17.0,0.0393,0
2023-05-31 09:29:48,1685539789,33.8,19.5,100000,4.00,6.00,7.00,8.00,0.0270,0
2023-05-31 09:34:45,1685540085,34.1,19.5,100000,4.00,7.00,9.00,10.0,0.0214,0
2023-05-31 09:39:42,1685540382,34.2,19.0,100000,7.00,21.0,33.0,39.0,0.0239,0
2023-05-31 09:44:57,1685540697,34.2,19.2,100000,13.0,35.0,53.0,62.0,0.286,0
2023-05-31 09:49:53,1685540994,34.2,18.7,100000,5.00,6.00,8.00,9.00,0.272,0
2023-05-31 09:54:50,1685541291,33.8,18.9,100000,49.0,177,281,334,0.825,0
2023-05-31 09:59:47,1685541588,33.7,19.2,100000,4.00,5.00,5.00,6.00,0.891,0
2023-05-31 10:04:45,1685541885,33.9,18.9,100000,4.00,6.00,9.00,11.0,0.949,0
2023-05-31 10:09:42,1685542183,33.9,19.2,100000,4.00,8.00,13.0,16.0,0.0334,0
2023-05-31 10:14:58,1685542498,34.1,19.5,100000,6.00,6.00,8.00,9.00,0.0208,0
2023-05-31 10:19:55,1685542796,34.0,19.4,100000,5.00,6.00,8.00,9.00,0.0361,0
2023-05-31 10:24:52,1685543093,33.9,20.0,100000,5.00,5.00,6.00,7.00,0.0357,0
2023-05-31 10:29:50,1685543390,34.0,19.9,100000,10.0,11.0,11.0,11.0,0.0177,0
2023-05-31 10:34:48,1685543688,33.9,20.2,100000,10.0,14.0,16.0,17.0,0.0821,0
2023-05-31 10:39:45,1685543986,33.8,20.1,100000,8.00,8.00,10.0,12.0,0.0821,0
2023-05-31 10:44:43,1685544284,33.6,20.7,99981,10.0,11.0,12.0,13.0,0.0363,0
2023-05-31 10:49:41,1685544582,33.4,21.0,99975,13.0,26.0,37.0,42.0,0.129,0
2023-05-31 10:54:58,1685544898,33.0,21.2,99982,9.00,10.0,10.0,10.0,0.129,0
2023-05-31 10:59:56,1685545197,32.5,22.3,100000,34.0,137,221,263,0.542,0
2023-05-31 11:04:55,1685545495,32.1,22.5,99969,7.00,8.00,10.0,11.0,0.542,0
2023-05-31 11:09:54,1685545794,31.7,22.7,99906,7.00,8.00,8.00,8.00,0.554,0
2023-05-31 11:14:52,1685546093,32.3,22.3,99913,8.00,8.00,10.0,11.0,0.0209,0
2023-05-31 11:19:51,1685546392,33.0,21.2,99900,8.00,9.00,9.00,9.00,0.0197,0
2023-05-31 11:24:49,1685546690,33.7,20.5,99900,5.00,6.00,7.00,7.00,0.0137,0
2023-05-31 11:29:47,1685546988,33.9,19.9,99900,7.00,8.00,9.00,10.0,0.0301,0
2023-05-31 11:34:46,1685547286,33.8,20.0,99900,9.00,11.0,13.0,13.0,0.0325,0
2023-05-31 11:39:44,1685547584,33.6,20.3,99900,17.0,46.0,69.0,81.0,0.593,0
2023-05-31 11:44:43,1685547883,33.2,20.8,99900,9.00,18.0,25.0,29.0,0.822,0
2023-05-31 11:49:41,1685548182,33.3,20.1,99900,5.00,7.00,10.0,11.0,0.864,0
2023-05-31 11:54:58,1685548499,33.4,20.0,99900,5.00,8.00,10.0,11.0,0.828,0
2023-05-31 11:59:56,1685548797,33.5,20.4,99900,9.00,10.0,10.0,10.0,0.0159,0
2023-05-31 12:04:55,1685549095,33.6,20.0,99900,9.00,9.00,10.0,11.0,0.0192,0
2023-05-31 12:09:52,1685549393,33.3,19.5,99900,9.00,10.0,13.0,15.0,0.0581,0
2023-05-31 12:14:51,1685549691,33.3,19.8,99900,9.00,10.0,11.0,11.0,0.0581,0
2023-05-31 12:19:49,1685549989,33.6,19.3,99900,15.0,31.0,47.0,55.0,0.154,0
2023-05-31 12:24:47,1685550287,33.8,18.5,99900,8.00,16.0,25.0,29.0,0.594,0
2023-05-31 12:29:45,1685550585,34.0,19.0,99900,7.00,10.0,12.0,14.0,0.537,0
2023-05-31 12:34:43,1685550883,34.2,18.3,99900,6.00,8.00,9.00,9.00,0.503,0
2023-05-31 12:39:59,1685551200,33.9,18.3,99900,9.00,9.00,10.0,10.0,0.0188,0
2023-05-31 12:44:58,1685551498,34.1,18.6,99900,6.00,9.00,11.0,12.0,0.0161,0
2023-05-31 12:49:55,1685551796,34.5,17.8,99900,6.00,7.00,7.00,7.00,0.0383,0
2023-05-31 12:54:53,1685552094,34.2,17.8,99900,9.00,14.0,18.0,20.0,0.212,0
2023-05-31 12:59:51,1685552392,34.0,18.1,99900,8.00,8.00,8.00,8.00,0.215,0
2023-05-31 13:04:49,1685552690,34.3,18.0,99900,7.00,10.0,11.0,12.0,0.203,0
2023-05-31 13:09:47,1685552988,34.3,18.2,99900,7.00,9.00,10.0,10.0,0.154,0
2023-05-31 13:14:45,1685553286,34.2,18.3,99900,6.00,8.00,9.00,9.00,0.0140,0
2023-05-31 13:19:43,1685553584,34.3,18.2,99900,9.00,10.0,10.0,11.0,0.0341,0
2023-05-31 13:24:41,1685553882,34.4,18.1,99900,7.00,9.00,9.00,10.0,0.0341,0
2023-05-31 13:29:58,1685554199,34.2,18.1,99900,9.00,9.00,11.0,12.0,0.0238,0
2023-05-31 13:34:56,1685554497,34.1,18.0,99900,6.00,7.00,8.00,9.00,0.0248,0
2023-05-31 13:39:55,1685554795,34.2,18.3,99831,29.0,109,173,206,1.20,0
2023-05-31 13:44:53,1685555093,34.6,17.7,99825,8.00,14.0,20.0,23.0,1.74,0
2023-05-31 13:49:51,1685555391,34.8,17.7,99800,8.00,17.0,26.0,30.0,1.54,0
2023-05-31 13:53:15,1685555596,34.9,17.4,99800,8.00,11.0,12.0,14.0,0.339,0
2023-05-31 14:04:56,1685556297,35.3,17.8,99800,4.00,5.00,6.00,7.00,0.159,0
2023-05-31 14:09:54,1685556594,35.6,16.4,99800,8.00,10.0,13.0,14.0,0.318,0
2023-05-31 14:14:51,1685556892,35.7,16.3,99800,8.00,14.0,19.0,21.0,0.0811,0
2023-05-31 14:19:49,1685557190,35.7,16.6,99800,7.00,8.00,10.0,10.0,0.0288,0
2023-05-31 14:24:47,1685557487,35.6,16.7,99800,6.00,8.00,11.0,13.0,0.0737,0
2023-05-31 14:29:45,1685557785,35.5,16.6,99800,11.0,19.0,25.0,28.0,0.139,0
2023-05-31 14:34:42,1685558083,35.6,16.6,99800,24.0,97.0,156,186,0.286,0
2023-05-31 14:39:58,1685558399,35.7,16.6,99800,12.0,24.0,33.0,38.0,0.149,0
2023-05-31 14:44:56,1685558696,35.7,16.3,99800,10.0,11.0,11.0,11.0,0.156,0
2023-05-31 14:49:53,1685558994,35.8,16.5,99800,6.00,8.00,8.00,9.00,0.156,0
2023-05-31 14:54:51,1685559291,36.1,15.8,99800,11.0,12.0,12.0,12.0,0.113,0
2023-05-31 14:59:48,1685559589,36.1,15.9,99800,10.0,22.0,32.0,36.0,0.234,0
2023-05-31 15:04:45,1685559886,36.5,15.4,99800,7.00,10.0,12.0,13.0,0.250,0
2023-05-31 15:09:42,1685560183,36.5,15.0,99775,10.0,18.0,26.0,30.0,0.159,0
2023-05-31 15:14:58,1685560499,36.2,15.3,99759,8.00,17.0,23.0,26.0,0.269,0
2023-05-31 15:19:55,1685560796,36.3,15.6,99700,8.00,9.00,10.0,12.0,0.258,0
2023-05-31 15:24:52,1685561093,36.4,15.4,99700,11.0,18.0,24.0,27.0,0.289,0
2023-05-31 15:29:49,1685561390,36.6,15.3,99700,23.0,87.0,138,164,1.77,0
2023-05-31 15:34:46,1685561687,37.0,15.0,99700,8.00,8.00,8.00,9.00,1.84,0
2023-05-31 15:39:43,1685561984,37.2,14.8,99700,8.00,8.00,8.00,9.00,1.92,0
2023-05-31 15:44:59,1685562299,37.1,14.6,99700,7.00,10.0,12.0,13.0,0.902,0
2023-05-31 15:49:56,1685562596,37.0,14.8,99700,6.00,6.00,7.00,8.00,0.0538,0
2023-05-31 15:54:52,1685562893,37.2,14.5,99700,7.00,8.00,9.00,9.00,0.0444,0
2023-05-31 15:59:49,1685563190,37.2,14.5,99700,6.00,6.00,6.00,6.00,0.0195,0
2023-05-31 16:04:45,1685563486,37.0,14.7,99700,5.00,6.00,8.00,9.00,0.0235,0
2023-05-31 16:09:42,1685563783,37.3,14.6,99700,5.00,6.00,6.00,7.00,0.0212,0
2023-05-31 16:14:57,1685564098,37.6,14.2,99700,9.00,11.0,12.0,13.0,0.0549,0
2023-05-31 16:19:54,1685564395,37.4,14.2,99700,7.00,8.00,8.00,8.00,0.0549,0
2023-05-31 16:24:51,1685564692,37.2,14.5,99700,28.0,116,187,223,1.73,0
2023-05-31 16:29:48,1685564988,37.2,14.3,99700,11.0,25.0,38.0,45.0,3.08,0
2023-05-31 16:34:44,1685565285,37.2,14.6,99700,9.00,9.00,10.0,10.0,2.79,0
2023-05-31 16:39:41,1685565582,36.9,14.8,99700,9.00,9.00,9.00,10.0,1.69,0
2023-05-31 16:44:57,1685565897,37.0,14.9,99700,8.00,9.00,13.0,15.0,0.0398,0
2023-05-31 16:49:53,1685566194,36.9,14.9,99700,7.00,8.00,9.00,10.0,0.0179,0
2023-05-31 16:54:50,1685566490,36.8,14.9,99675,15.0,46.0,70.0,83.0,0.492,0
2023-05-31 16:59:47,1685566787,36.8,14.9,99600,8.00,8.00,8.00,8.00,0.646,0
2023-05-31 17:04:44,1685567084,36.7,14.9,99600,8.00,8.00,9.00,9.00,0.659,0
2023-05-31 17:09:41,1685567381,36.5,15.3,99600,8.00,8.00,8.00,8.00,0.615,0
2023-05-31 17:14:57,1685567697,36.4,15.3,99600,15.0,44.0,67.0,79.0,0.579,0
2023-05-31 17:19:54,1685567994,36.4,15.5,99600,8.00,9.00,9.00,9.00,0.592,0
2023-05-31 17:24:51,1685568292,36.7,15.5,99600,6.00,7.00,8.00,9.00,0.569,0
2023-05-31 17:29:48,1685568589,36.8,15.4,99600,8.00,9.00,10.0,10.0,0.0833,0
2023-05-31 17:34:46,1685568886,36.6,15.7,99600,7.00,8.00,8.00,8.00,0.0326,0
2023-05-31 17:39:47,1685569187,36.4,15.9,99600,7.00,9.00,10.0,10.0,0.0326,0
2023-05-31 17:44:44,1685569485,35.7,16.4,99600,7.00,9.00,12.0,13.0,0.0255,0
2023-05-31 17:49:42,1685569783,35.4,16.6,99600,7.00,8.00,9.00,9.00,0.0407,0
2023-05-31 17:54:59,1685570100,35.5,16.6,99600,8.00,12.0,15.0,16.0,0.0231,0
2023-05-31 17:59:57,1685570398,35.7,16.5,99600,7.00,9.00,13.0,15.0,0.0113,0
2023-05-31 18:04:55,1685570695,35.9,16.2,99600,9.00,18.0,25.0,28.0,0.0303,0
2023-05-31 18:09:53,1685570993,35.8,16.3,99600,9.00,9.00,10.0,10.0,0.0425,0
2023-05-31 18:14:51,1685571291,35.6,16.7,99600,7.00,8.00,8.00,8.00,0.114,0
2023-05-31 18:19:49,1685571589,35.5,16.6,99600,7.00,8.00,8.00,9.00,0.1000,0
2023-05-31 18:24:47,1685571888,35.3,16.8,99600,8.00,8.00,9.00,10.0,0.0288,0
2023-05-31 18:29:45,1685572186,35.2,17.0,99600,6.00,7.00,8.00,9.00,0.0249,0
2023-05-31 18:34:44,1685572484,34.9,17.1,99600,10.0,10.0,10.0,10.0,0.0268,0
2023-05-31 18:39:42,1685572783,34.5,17.4,99600,7.00,8.00,9.00,10.0,0.0314,0
2023-05-31 18:44:41,1685573081,34.1,17.8,99600,10.0,10.0,10.0,11.0,0.0131,0
2023-05-31 18:49:58,1685573399,33.9,18.3,99600,7.00,9.00,10.0,10.0,0.0267,0
2023-05-31 18:54:57,1685573698,33.8,18.5,99600,8.00,8.00,8.00,8.00,0.0788,0
2023-05-31 18:59:57,1685573997,33.6,18.6,99600,6.00,8.00,9.00,10.0,0.0408,0
2023-05-31 19:04:56,1685574296,33.4,19.1,99600,4.00,5.00,7.00,7.00,0.0426,0
2023-05-31 19:09:55,1685574596,33.2,19.6,99600,6.00,9.00,11.0,12.0,0.0481,0
2023-05-31 19:14:55,1685574895,33.1,20.0,99600,7.00,9.00,10.0,11.0,0.0210,0
2023-05-31 19:19:54,1685575195,32.9,20.1,99600,5.00,9.00,13.0,15.0,0.0205,0
2023-05-31 19:24:54,1685575495,32.7,20.3,99600,4.00,6.00,8.00,9.00,0.0541,0
2023-05-31 19:29:54,1685575795,32.4,20.4,99600,4.00,6.00,7.00,7.00,0.0656,0
2023-05-31 19:34:54,1685576095,32.2,20.8,99600,4.00,5.00,7.00,8.00,0.0384,0
2023-05-31 19:39:54,1685576395,32.1,21.1,99600,3.00,5.00,6.00,7.00,0.0183,0
2023-05-31 19:44:54,1685576695,31.8,21.7,99600,2.00,4.00,6.00,7.00,0.0141,0
2023-05-31 19:49:55,1685576995,31.5,22.0,99613,2.00,4.00,7.00,8.00,0.0183,0
2023-05-31 19:54:56,1685577296,31.3,22.4,99631,2.00,5.00,7.00,8.00,0.0166,0
2023-05-31 19:59:56,1685577597,31.0,22.7,99669,2.00,6.00,11.0,13.0,0.0166,0
2023-05-31 20:04:43,1685577884,30.7,23.4,99700,3.00,5.00,7.00,8.00,0.0294,0
2023-05-31 20:09:44,1685578185,30.3,24.2,99700,3.00,3.00,5.00,6.00,0.0402,0
2023-05-31 20:14:45,1685578486,30.0,24.5,99700,2.00,2.00,3.00,4.00,0.0542,0
2023-05-31 20:19:47,1685578787,29.6,24.5,99700,3.00,6.00,8.00,9.00,0.0118,0
2023-05-31 20:24:48,1685579089,29.3,25.1,99700,2.00,5.00,8.00,10.0,0.0121,0
2023-05-31 20:29:50,1685579391,28.9,25.8,99700,2.00,3.00,3.00,3.00,0.0185,0
2023-05-31 20:34:52,1685579693,28.5,26.8,99700,3.00,5.00,7.00,8.00,0.0128,0
2023-05-31 20:39:55,1685579995,28.1,27.5,99700,4.00,7.00,11.0,13.0,0.0203,0
2023-05-31 20:44:57,1685580298,27.7,27.9,99700,3.00,6.00,9.00,10.0,0.0318,0
2023-05-31 20:49:41,1685580581,27.3,28.7,99700,3.00,6.00,9.00,10.0,0.0234,0
2023-05-31 20:54:44,1685580884,26.9,29.4,99700,6.00,6.00,8.00,9.00,0.0264,0
2023-05-31 20:59:47,1685581187,26.4,29.9,99700,6.00,8.00,10.0,11.0,0.0588,0
2023-05-31 21:04:50,1685581491,26.0,31.0,99700,4.00,6.00,8.00,10.0,0.0663,0
2023-05-31 21:09:54,1685581794,25.7,31.5,99700,4.00,7.00,10.0,12.0,0.0444,0
2023-05-31 21:14:57,1685582098,25.3,32.3,99700,4.00,6.00,8.00,10.0,0.0254,0
2023-05-31 21:19:42,1685582383,25.1,32.7,99700,5.00,8.00,12.0,14.0,0.0267,0
2023-05-31 21:24:46,1685582687,24.8,33.4,99700,7.00,8.00,9.00,10.0,0.0356,0
2023-05-31 21:29:51,1685582991,24.5,34.5,99700,6.00,7.00,9.00,10.0,0.0356,0
2023-05-31 21:34:55,1685583295,24.2,35.1,99700,11.0,12.0,12.0,12.0,0.0943,0
2023-05-31 21:39:59,1685583599,23.9,35.5,99731,8.00,10.0,14.0,16.0,0.159,0
2023-05-31 21:44:45,1685583885,23.7,36.0,99793,9.00,13.0,16.0,18.0,0.0774,0
2023-05-31 21:49:49,1685584190,23.4,36.2,99800,16.0,19.0,20.0,21.0,0.132,0
2023-05-31 21:54:55,1685584495,23.3,37.7,99800,10.0,14.0,18.0,19.0,0.166,0
2023-05-31 21:59:40,1685584781,23.1,38.5,99800,7.00,9.00,12.0,13.0,0.102,0
2023-05-31 22:04:45,1685585086,22.9,38.5,99800,7.00,11.0,16.0,18.0,0.175,0
2023-05-31 22:09:50,1685585391,22.7,38.9,99800,4.00,6.00,9.00,10.0,0.100,0
2023-05-31 22:14:56,1685585696,22.5,38.6,99800,4.00,8.00,11.0,13.0,0.0532,0
2023-05-31 22:19:42,1685585983,22.3,39.1,99800,9.00,11.0,14.0,16.0,0.0583,0
2023-05-31 22:24:48,1685586288,22.1,40.0,99800,8.00,10.0,12.0,13.0,0.0583,0
2023-05-31 22:29:53,1685586594,21.9,40.6,99800,9.00,14.0,18.0,20.0,0.0841,0
2023-05-31 22:34:59,1685586899,21.8,40.3,99800,4.00,5.00,6.00,7.00,0.175,0
2023-05-31 22:39:45,1685587186,21.7,40.5,99800,5.00,9.00,12.0,14.0,0.192,0
2023-05-31 22:44:51,1685587492,21.5,40.7,99800,8.00,10.0,14.0,16.0,0.0809,0
2023-05-31 22:49:57,1685587798,21.3,40.6,99800,11.0,13.0,15.0,16.0,0.126,0
2023-05-31 22:54:44,1685588085,21.2,40.6,99800,9.00,12.0,14.0,15.0,0.0605,0
2023-05-31 22:59:50,1685588391,21.1,41.0,99800,11.0,12.0,14.0,15.0,0.0420,0
2023-05-31 23:04:56,1685588697,20.9,41.7,99800,10.0,13.0,15.0,16.0,0.0255,0
2023-05-31 23:09:43,1685588984,20.8,41.1,99800,3.00,6.00,9.00,10.0,0.139,0
2023-05-31 23:14:50,1685589290,20.6,41.9,99800,6.00,7.00,10.0,12.0,0.0993,0
2023-05-31 23:19:56,1685589597,20.4,43.1,99800,6.00,7.00,8.00,9.00,0.0429,0
2023-05-31 23:24:44,1685589884,20.3,43.4,99800,5.00,6.00,9.00,10.0,0.0326,0
2023-05-31 23:29:50,1685590191,20.2,43.5,99800,5.00,6.00,9.00,10.0,0.0304,0
2023-05-31 23:34:57,1685590497,20.1,43.1,99800,5.00,6.00,7.00,7.00,0.0148,0
2023-05-31 23:39:44,1685590785,19.9,43.5,99800,6.00,7.00,9.00,11.0,0.0148,0
2023-05-31 23:44:51,1685591092,19.7,43.2,99800,5.00,7.00,9.00,10.0,0.0127,0
2023-05-31 23:49:58,1685591398,19.5,43.7,99800,4.00,11.0,17.0,20.0,0.0128,0
2023-05-31 23:54:46,1685591686,19.4,43.7,99800,3.00,5.00,5.00,6.00,0.0684,0
2023-05-31 23:59:53,1685591993,19.3,44.3,99800,4.00,7.00,11.0,13.0,0.0734,0
2023-06-01 00:04:40,1685592281,19.2,44.4,99800,4.00,5.00,6.00,6.00,0.0161,0
2023-06-01 00:09:48,1685592588,19.0,44.6,99800,5.00,7.00,8.00,9.00,0.0153,0
2023-06-01 00:14:55,1685592895,18.9,45.5,99800,4.00,5.00,6.00,6.00,0.0185,0
2023-06-01 00:19:43,1685593183,18.7,44.6,99800,3.00,8.00,13.0,15.0,0.0185,0
2023-06-01 00:24:50,1685593491,18.6,44.8,99800,4.00,7.00,11.0,13.0,0.0133,0
2023-06-01 00:29:58,1685593798,18.5,45.2,99800,3.00,6.00,9.00,10.0,0.0270,0
2023-06-01 00:34:46,1685594087,18.4,45.8,99800,8.00,8.00,8.00,9.00,0.0405,0
2023-06-01 00:39:54,1685594395,18.2,46.0,99800,5.00,7.00,10.0,11.0,0.0509,0
2023-06-01 00:44:43,1685594683,18.1,46.8,99800,6.00,11.0,15.0,17.0,0.0509,0
2023-06-01 00:49:50,1685594991,17.9,46.8,99800,9.00,16.0,21.0,23.0,0.128,0
2023-06-01 00:54:58,1685595299,17.9,47.8,99800,4.00,7.00,9.00,10.0,0.144,0
2023-06-01 00:59:47,1685595588,17.8,47.2,99800,3.00,6.00,7.00,8.00,0.178,0
2023-06-01 01:04:55,1685595896,17.7,47.6,99800,4.00,4.00,7.00,8.00,0.0805,0
2023-06-01 01:09:44,1685596184,17.6,47.7,99800,3.00,5.00,6.00,6.00,0.0113,0
2023-06-01 01:14:52,1685596492,17.6,47.6,99800,3.00,5.00,7.00,8.00,0.0117,0
2023-06-01 01:19:40,1685596781,17.5,46.1,99800,4.00,5.00,5.00,6.00,0.0170,0
2023-06-01 01:24:48,1685597089,17.4,46.9,99800,4.00,4.00,6.00,7.00,0.0125,0
2023-06-01 01:29:56,1685597397,17.4,47.2,99800,2.00,4.00,6.00,7.00,0.0129,0
2023-06-01 01:34:45,1685597686,17.3,48.4,99800,3.00,6.00,8.00,9.00,0.0146,0
2023-06-01 01:39:53,1685597994,17.2,48.4,99800,2.00,9.00,15.0,18.0,0.0349,0
2023-06-01 01:44:42,1685598283,17.2,47.9,99800,3.00,4.00,5.00,5.00,0.0559,0
2023-06-01 01:49:50,1685598591,17.2,48.2,99800,2.00,3.00,4.00,5.00,0.0883,0
2023-06-01 01:54:58,1685598899,17.1,48.5,99800,2.00,3.00,5.00,6.00,0.0622,0
2023-06-01 01:59:47,1685599188,17.0,49.6,99800,2.00,6.00,8.00,10.0,0.0119,0
2023-06-01 02:04:55,1685599496,17.0,49.9,99800,3.00,4.00,6.00,6.00,0.0234,0
2023-06-01 02:09:44,1685599785,17.0,50.7,99800,7.00,8.00,9.00,11.0,0.0254,0
2023-06-01 02:14:53,1685600093,17.0,49.9,99800,3.00,4.00,7.00,9.00,0.0232,0
2023-06-01 02:19:42,1685600382,17.0,50.2,99800,4.00,4.00,5.00,5.00,0.0224,0
2023-06-01 02:24:50,1685600690,17.1,49.7,99800,4.00,4.00,5.00,6.00,0.0206,0
2023-06-01 02:29:58,1685600999,17.1,48.8,99800,3.00,3.00,4.00,5.00,0.0141,0
2023-06-01 02:34:47,1685601287,17.1,48.0,99800,2.00,3.00,4.00,5.00,0.0127,0
2023-06-01 02:39:55,1685601596,17.1,48.8,99800,5.00,6.00,6.00,6.00,0.0127,0
2023-06-01 02:44:44,1685601885,17.0,49.0,99800,4.00,8.00,10.0,12.0,0.0315,0
2023-06-01 02:49:53,1685602193,17.0,47.6,99800,3.00,3.00,4.00,4.00,0.0249,0
2023-06-01 02:54:42,1685602482,16.9,47.2,99800,2.00,8.00,14.0,16.0,0.0169,0
2023-06-01 02:59:50,1685602791,16.8,48.4,99800,2.00,4.00,6.00,7.00,0.0285,0
2023-06-01 03:04:59,1685603099,16.7,48.9,99800,2.00,4.00,7.00,8.00,0.0156,0
2023-06-01 03:09:48,1685603388,16.6,47.6,99800,3.00,4.00,4.00,5.00,0.0267,0
2023-06-01 03:14:56,1685603697,16.5,47.7,99800,2.00,5.00,8.00,9.00,0.0207,0
2023-06-01 03:19:46,1685603986,16.4,49.8,99800,5.00,5.00,5.00,5.00,0.0207,0
2023-06-01 03:24:54,1685604295,16.4,50.0,99800,5.00,6.00,7.00,8.00,0.0199,0
2023-06-01 03:29:44,1685604584,16.4,49.1,99780,2.00,5.00,9.00,11.0,0.0199,0
2023-06-01 03:34:52,1685604893,16.3,47.8,99800,4.00,8.00,12.0,14.0,0.0150,0
2023-06-01 03:39:41,1685605182,16.3,49.2,99793,4.00,7.00,10.0,12.0,0.0167,0
2023-06-01 03:44:50,1685605491,16.2,49.3,99794,4.00,4.00,7.00,8.00,0.0186,0
2023-06-01 03:49:59,1685605799,16.2,48.3,99788,2.00,8.00,13.0,15.0,0.0178,0
2023-06-01 03:54:48,1685606089,16.1,47.9,99800,4.00,5.00,9.00,11.0,0.0211,0
2023-06-01 03:59:57,1685606397,16.0,48.6,99800,5.00,6.00,7.00,8.00,0.0272,0
2023-06-01 04:04:47,1685606687,16.0,48.1,99800,3.00,3.00,3.00,4.00,0.0272,0
2023-06-01 04:09:55,1685606996,15.9,47.5,99800,2.00,4.00,7.00,8.00,0.0218,0
2023-06-01 04:14:45,1685607286,15.8,47.8,99800,3.00,4.00,5.00,6.00,0.0227,0
2023-06-01 04:19:54,1685607595,15.7,48.0,99800,2.00,4.00,6.00,8.00,0.0251,0
2023-06-01 04:24:44,1685607884,15.7,48.2,99800,4.00,6.00,8.00,9.00,0.0182,0
2023-06-01 04:29:53,1685608193,15.5,49.1,99800,1.00,4.00,6.00,7.00,0.0284,0
2023-06-01 04:34:43,1685608483,15.5,50.2,99800,4.00,5.00,9.00,10.0,0.0228,0
2023-06-01 04:39:52,1685608792,15.4,48.5,99800,3.00,4.00,5.00,5.00,0.0180,0
2023-06-01 04:44:42,1685609082,15.3,48.6,99800,2.00,3.00,5.00,7.00,0.0250,0
2023-06-01 04:49:51,1685609391,15.2,49.2,99800,2.00,3.00,5.00,6.00,0.0244,0
2023-06-01 04:54:41,1685609681,15.2,49.6,99800,2.00,3.00,4.00,5.00,0.0141,0
2023-06-01 04:59:50,1685609990,15.1,49.2,99800,2.00,4.00,5.00,7.00,0.0163,0
2023-06-01 05:04:59,1685610300,15.1,49.0,99800,3.00,5.00,6.00,7.00,0.0237,0
2023-06-01 05:09:49,1685610589,15.0,48.7,99800,2.00,7.00,11.0,13.0,0.0102,0
2023-06-01 05:14:58,1685610899,14.9,48.5,99800,2.00,5.00,9.00,10.0,0.0193,0
2023-06-01 05:19:48,1685611189,14.9,49.3,99800,3.00,6.00,9.00,10.0,0.0178,0
2023-06-01 05:24:57,1685611498,14.9,49.4,99800,3.00,6.00,8.00,9.00,0.0115,0
2023-06-01 05:29:47,1685611788,14.9,49.3,99800,3.00,4.00,7.00,9.00,0.0126,0
2023-06-01 05:34:56,1685612097,14.9,49.4,99800,3.00,4.00,5.00,5.00,0.0104,0
2023-06-01 05:39:46,1685612386,15.1,49.6,99800,3.00,4.00,5.00,5.00,0.0165,0
2023-06-01 05:44:55,1685612695,15.4,48.9,99800,2.00,3.00,4.00,5.00,0.0159,0
2023-06-01 05:49:44,1685612984,15.7,48.0,99800,3.00,4.00,7.00,8.00,0.0107,0
2023-06-01 05:54:52,1685613293,15.9,48.0,99800,2.00,5.00,8.00,10.0,0.0213,0
2023-06-01 05:59:41,1685613581,16.3,48.4,99800,2.00,7.00,11.0,13.0,0.0213,0
2023-06-01 06:04:47,1685613888,16.7,48.3,99800,2.00,6.00,9.00,11.0,0.0190,0
2023-06-01 06:09:55,1685614196,17.0,47.4,99800,3.00,4.00,5.00,6.00,0.0252,0
2023-06-01 06:14:43,1685614484,17.3,47.1,99800,2.00,3.00,4.00,5.00,0.0223,0
2023-06-01 06:19:50,1685614791,17.7,47.0,99800,2.00,7.00,11.0,13.0,0.0116,0
2023-06-01 06:24:57,1685615098,18.3,46.5,99800,5.00,9.00,12.0,13.0,0.0673,0
2023-06-01 06:29:44,1685615384,18.9,45.8,99800,3.00,9.00,14.0,16.0,0.0471,0
2023-06-01 06:34:50,1685615690,19.5,45.4,99800,2.00,5.00,8.00,9.00,0.0706,0
2023-06-01 06:39:55,1685615995,20.2,44.6,99800,6.00,7.00,8.00,8.00,0.0579,0
2023-06-01 06:44:59,1685616300,21.0,43.5,99800,3.00,5.00,7.00,8.00,0.0494,0
2023-06-01 06:49:44,1685616584,21.7,42.9,99800,6.00,7.00,7.00,7.00,0.0270,0
2023-06-01 06:54:47,1685616888,22.5,41.8,99800,6.00,7.00,8.00,9.00,0.0213,0
2023-06-01 06:59:51,1685617192,23.2,40.4,99825,3.00,7.00,11.0,13.0,0.0310,0
2023-06-01 07:04:54,1685617495,23.9,39.1,99800,4.00,6.00,9.00,11.0,0.0306,0
2023-06-01 07:09:56,1685617797,24.5,38.3,99800,3.00,5.00,7.00,8.00,0.0274,0
2023-06-01 07:14:58,1685618099,25.1,37.2,99800,4.00,6.00,7.00,8.00,0.0308,0
2023-06-01 07:19:41,1685618381,25.7,36.5,99800,8.00,9.00,10.0,12.0,0.0968,0
2023-06-01 07:24:42,1685618682,26.4,35.1,99800,4.00,5.00,6.00,7.00,0.117,0
2023-06-01 07:27:12,1685618833,27.0,34.6,99800,5.00,6.00,7.00,8.00,0.0879,0
2023-06-01 08:29:45,1685622586,34.2,23.0,99800,3.00,4.00,5.00,5.00,,
2023-06-01 08:34:41,1685622882,34.6,22.2,99800,5.00,5.00,5.00,7.00,,
2023-06-01 08:39:55,1685623196,35.0,22.1,99800,4.00,4.00,4.00,4.00,0.0125,0
2023-06-01 08:44:51,1685623491,35.4,21.6,99800,4.00,5.00,6.00,7.00,0.0165,0
2023-06-01 08:49:46,1685623786,35.7,21.5,99800,4.00,4.00,6.00,6.00,0.0141,0
2023-06-01 08:51:37,1685623897,35.9,21.3,99800,5.00,5.00,6.00,6.00,0.0119,0
2023-06-01 09:04:49,1685624689,36.9,21.4,99800,2.00,3.00,3.00,3.00,0.0120,0
2023-06-01 09:09:43,1685624984,37.4,20.8,99800,4.00,6.00,8.00,9.00,0.0106,0
2023-06-01 09:14:56,1685625296,37.8,20.4,99800,4.00,6.00,8.00,9.00,0.0177,0
2023-06-01 09:19:50,1685625591,37.7,19.9,99800,4.00,7.00,10.0,12.0,0.0321,0
2023-06-01 09:24:45,1685625885,37.6,19.9,99800,6.00,6.00,9.00,10.0,0.0324,0
2023-06-01 09:29:58,1685626198,37.7,20.2,99800,5.00,5.00,6.00,7.00,0.0509,0
2023-06-01 09:34:52,1685626492,38.3,19.6,99800,6.00,6.00,6.00,6.00,0.0509,0
2023-06-01 09:39:46,1685626786,38.5,18.8,99800,31.0,143,235,281,0.115,0
2023-06-01 09:44:58,1685627099,38.6,18.6,99800,6.00,6.00,7.00,7.00,0.109,0
2023-06-01 09:49:53,1685627393,38.6,18.8,99800,7.00,8.00,9.00,10.0,0.0715,0
2023-06-01 09:54:47,1685627687,38.6,18.6,99800,9.00,10.0,10.0,10.0,0.0690,0
2023-06-01 09:59:41,1685627982,38.6,18.5,99800,8.00,8.00,8.00,8.00,0.0796,0
2023-06-01 10:04:54,1685628294,38.8,18.4,99800,6.00,7.00,10.0,12.0,0.152,0
2023-06-01 10:09:49,1685628589,38.7,17.5,99800,6.00,6.00,8.00,9.00,0.0715,0
2023-06-01 10:14:44,1685628884,38.6,18.2,99800,4.00,6.00,7.00,8.00,0.0584,0
2023-06-01 10:19:57,1685629197,38.6,18.5,99800,7.00,13.0,17.0,19.0,0.0608,0
2023-06-01 10:24:51,1685629492,38.5,19.0,99800,4.00,5.00,6.00,7.00,0.0655,0
2023-06-01 10:29:46,1685629787,38.8,18.6,99800,6.00,7.00,9.00,10.0,0.0655,0
2023-06-01 10:34:59,1685630100,38.8,17.5,99800,8.00,8.00,8.00,8.00,0.0556,0
2023-06-01 10:39:54,1685630395,38.8,18.6,99800,8.00,9.00,9.00,9.00,0.0284,0
2023-06-01 10:44:49,1685630690,38.8,18.9,99800,7.00,8.00,9.00,9.00,0.0274,0
2023-06-01 10:49:44,1685630985,39.2,19.1,99800,7.00,10.0,13.0,15.0,0.0448,0
2023-06-01 10:54:58,1685631298,39.3,18.4,99800,6.00,8.00,8.00,9.00,0.0652,0
2023-06-01 10:59:53,1685631593,38.7,18.4,99794,9.00,9.00,9.00,9.00,0.0268,0
2023-06-01 11:04:49,1685631889,38.0,19.3,99800,8.00,8.00,8.00,8.00,0.0290,0
2023-06-01 11:09:44,1685632185,37.9,19.1,99800,8.00,12.0,15.0,17.0,0.0426,0
2023-06-01 11:14:59,1685632499,37.9,19.3,99800,11.0,13.0,14.0,15.0,0.144,0
2023-06-01 11:19:55,1685632795,38.2,18.7,99800,7.00,8.00,8.00,9.00,0.233,0
2023-06-01 11:24:50,1685633091,38.6,18.1,99800,10.0,10.0,10.0,10.0,0.168,0
2023-06-01 11:29:46,1685633386,38.8,17.9,99700,6.00,7.00,9.00,9.00,0.0433,0
2023-06-01 11:34:41,1685633682,39.0,18.1,99700,8.00,8.00,9.00,10.0,0.0357,0
2023-06-01 11:39:55,1685633996,39.2,18.4,99700,9.00,10.0,10.0,11.0,0.0412,0
2023-06-01 11:44:51,1685634292,38.9,18.5,99700,5.00,6.00,7.00,8.00,0.0519,0
2023-06-01 11:49:47,1685634587,39.4,17.5,99700,10.0,11.0,11.0,11.0,0.0329,0
2023-06-01 11:54:42,1685634882,39.8,16.4,99700,8.00,8.00,8.00,8.00,0.0909,0
2023-06-01 11:59:55,1685635196,39.7,16.5,99700,7.00,10.0,12.0,13.0,0.0909,0
2023-06-01 12:04:51,1685635492,39.5,16.1,99700,8.00,8.00,8.00,8.00,0.0306,0
2023-06-01 12:09:46,1685635787,39.5,17.2,99700,9.00,10.0,10.0,11.0,0.0158,0
2023-06-01 12:14:41,1685636082,39.4,17.7,99700,10.0,11.0,11.0,11.0,0.0158,0
2023-06-01 12:19:55,1685636395,39.2,17.8,99700,8.00,10.0,11.0,11.0,0.0408,0
2023-06-01 12:24:50,1685636691,39.2,17.8,99644,12.0,25.0,35.0,40.0,0.0408,0
2023-06-01 12:29:45,1685636986,39.3,17.4,99600,21.0,61.0,94.0,111,1.38,0
2023-06-01 12:34:44,1685637284,39.6,17.3,99600,9.00,10.0,10.0,10.0,1.38,0
2023-06-01 12:39:57,1685637598,39.7,16.2,99600,20.0,54.0,82.0,96.0,1.55,0
2023-06-01 12:44:52,1685637893,39.7,15.9,99600,10.0,11.0,14.0,15.0,0.466,0
2023-06-01 12:49:48,1685638188,39.7,16.2,99600,8.00,8.00,8.00,8.00,0.412,0
2023-06-01 12:54:43,1685638483,39.6,16.9,99600,7.00,8.00,9.00,9.00,0.412,0
2023-06-01 12:59:57,1685638797,39.1,16.4,99600,5.00,7.00,8.00,8.00,0.0634,0
2023-06-01 13:04:53,1685639093,38.9,16.0,99600,4.00,4.00,5.00,5.00,0.0525,0
2023-06-01 13:09:48,1685639389,39.2,14.9,99600,8.00,15.0,21.0,23.0,0.0591,0
2023-06-01 13:14:44,1685639684,40.1,13.1,99600,5.00,5.00,6.00,6.00,0.0660,0
2023-06-01 13:19:57,1685639998,40.6,13.1,99600,6.00,7.00,7.00,7.00,0.0490,0
2023-06-01 13:24:53,1685640293,40.6,13.0,99600,5.00,5.00,5.00,5.00,0.0354,0
2023-06-01 13:29:47,1685640588,41.0,13.3,99600,6.00,6.00,7.00,7.00,0.0507,0
2023-06-01 13:34:42,1685640882,41.4,12.3,99594,5.00,6.00,7.00,9.00,0.0470,0
2023-06-01 13:39:55,1685641195,41.6,11.9,99571,4.00,4.00,4.00,4.00,0.0525,0
2023-06-01 13:44:49,1685641490,41.8,12.0,99538,10.0,29.0,43.0,51.0,0.0488,0
2023-06-01 13:49:43,1685641784,42.2,11.5,99544,4.00,10.0,14.0,16.0,0.114,0
2023-06-01 13:54:56,1685642096,42.3,11.2,99512,5.00,5.00,6.00,7.00,0.116,0
2023-06-01 13:59:50,1685642390,42.1,11.2,99500,8.00,10.0,15.0,18.0,0.0948,0
2023-06-01 14:04:44,1685642684,42.0,11.2,99500,5.00,8.00,9.00,10.0,0.101,0
2023-06-01 14:09:56,1685642997,42.1,11.3,99500,9.00,16.0,20.0,23.0,0.0567,0
2023-06-01 14:14:50,1685643291,42.4,11.1,99500,4.00,7.00,9.00,11.0,0.0340,0
2023-06-01 14:19:44,1685643585,42.5,10.7,99500,4.00,5.00,5.00,5.00,0.0340,0
2023-06-01 14:24:57,1685643897,42.6,10.6,99500,3.00,5.00,6.00,6.00,0.0459,0
2023-06-01 14:29:51,1685644191,42.6,10.7,99500,5.00,8.00,10.0,11.0,0.0135,0
2023-06-01 14:34:45,1685644485,42.6,10.8,99500,9.00,17.0,24.0,27.0,0.0500,0
2023-06-01 14:39:57,1685644797,42.5,11.3,99500,4.00,5.00,5.00,6.00,0.0535,0
2023-06-01 14:44:51,1685645091,42.9,11.1,99550,5.00,6.00,8.00,8.00,0.0380,0
2023-06-01 14:49:45,1685645385,42.0,11.2,99600,6.00,7.00,8.00,8.00,0.0427,0
2023-06-01 14:54:59,1685645699,39.5,12.7,99600,6.00,8.00,10.0,11.0,0.0281,0
2023-06-01 14:59:55,1685645995,37.4,14.7,99600,4.00,5.00,6.00,7.00,0.0128,0
2023-06-01 15:04:52,1685646292,36.0,16.3,99600,4.00,5.00,8.00,10.0,0.0104,0
2023-06-01 15:09:49,1685646590,35.1,17.8,99700,10.0,10.0,10.0,10.0,0.0266,0
2023-06-01 15:14:48,1685646888,34.4,19.4,99700,4.00,5.00,5.00,5.00,0.0375,0
2023-06-01 15:19:46,1685647187,33.8,21.4,99700,7.00,8.00,9.00,10.0,0.0375,0
2023-06-01 15:24:45,1685647486,33.1,22.6,99700,9.00,12.0,14.0,15.0,0.0802,0
2023-06-01 15:29:45,1685647785,32.4,24.5,99675,8.00,10.0,12.0,13.0,0.0487,0
2023-06-01 15:34:44,1685648084,31.9,25.4,99619,6.00,8.00,10.0,11.0,0.0227,0
2023-06-01 15:39:43,1685648384,31.8,25.4,99600,7.00,7.00,9.00,9.00,0.0271,0
2023-06-01 15:44:43,1685648683,31.5,25.9,99600,10.0,10.0,10.0,10.0,0.0206,0
2023-06-01 15:49:43,1685648983,31.4,26.9,99600,7.00,8.00,8.00,8.00,0.0245,0
2023-06-01 15:54:42,1685649283,31.6,26.9,99600,8.00,9.00,9.00,10.0,0.0245,0
2023-06-01 15:59:42,1685649583,31.7,26.7,99600,5.00,6.00,8.00,9.00,0.0276,0
2023-06-01 16:04:42,1685649883,31.6,26.9,99681,2.00,3.00,5.00,6.00,0.0647,0
2023-06-01 16:09:42,1685650182,31.8,28.2,99731,7.00,8.00,11.0,12.0,0.0680,0
2023-06-01 16:14:42,1685650482,31.7,28.8,99800,8.00,8.00,8.00,9.00,0.179,0
2023-06-01 16:19:42,1685650782,31.5,28.8,99800,10.0,10.0,10.0,10.0,0.0484,0
2023-06-01 16:24:42,1685651082,31.1,29.9,99800,15.0,27.0,40.0,46.0,0.251,0
2023-06-01 16:29:42,1685651383,30.7,30.9,99800,8.00,10.0,11.0,12.0,0.435,0
2023-06-01 16:34:43,1685651683,30.4,31.3,99800,7.00,7.00,8.00,9.00,0.382,0
2023-06-01 16:39:43,1685651984,30.3,31.1,99794,4.00,5.00,6.00,7.00,0.382,0
2023-06-01 16:44:44,1685652285,30.1,31.2,99800,9.00,10.0,12.0,13.0,0.0796,0
2023-06-01 16:49:46,1685652586,29.9,31.2,99769,5.00,5.00,6.00,6.00,0.108,0
2023-06-01 16:54:47,1685652887,29.8,30.9,99700,6.00,7.00,7.00,8.00,0.0709,0
2023-06-01 16:59:48,1685653189,29.7,30.3,99700,3.00,3.00,3.00,4.00,0.0459,0
2023-06-01 17:04:49,1685653490,29.8,31.0,99700,2.00,3.00,4.00,5.00,0.0369,0
2023-06-01 17:09:51,1685653791,29.9,30.6,99700,5.00,6.00,7.00,8.00,0.0138,0
2023-06-01 17:14:52,1685654092,30.0,30.4,99700,3.00,4.00,6.00,8.00,0.0338,0
2023-06-01 17:19:53,1685654394,30.1,30.0,99700,4.00,4.00,5.00,5.00,0.0338,0
2023-06-01 17:24:54,1685654695,30.3,29.5,99700,2.00,4.00,6.00,8.00,0.0317,0
2023-06-01 17:29:55,1685654996,30.4,29.2,99700,4.00,5.00,5.00,5.00,0.0125,0
2023-06-01 17:34:56,1685655296,30.5,28.9,99700,4.00,8.00,10.0,12.0,0.0188,0
2023-06-01 17:39:56,1685655597,30.7,28.7,99700,2.00,4.00,5.00,5.00,0.0178,0
2023-06-01 17:44:57,1685655897,30.9,28.1,99700,4.00,5.00,5.00,6.00,0.0211,0
2023-06-01 17:49:57,1685656198,31.1,27.7,99700,3.00,6.00,9.00,10.0,0.0104,0
2023-06-01 17:54:57,1685656498,31.4,27.5,99700,2.00,3.00,4.00,5.00,0.0128,0
2023-06-01 17:59:58,1685656798,31.6,27.5,99700,2.00,2.00,3.00,3.00,0.0175,0
2023-06-01 18:04:58,1685657099,31.7,27.2,99700,3.00,4.00,7.00,9.00,0.0175,0
2023-06-01 18:09:58,1685657399,31.9,27.0,99700,5.00,6.00,8.00,9.00,0.0148,0
2023-06-01 18:14:58,1685657699,31.9,27.3,99700,2.00,5.00,8.00,9.00,0.0148,0
2023-06-01 18:19:58,1685657999,32.1,26.9,99700,3.00,7.00,10.0,12.0,0.0202,0
2023-06-01 18:24:58,1685658299,32.1,26.9,99625,3.00,3.00,3.00,3.00,0.0296,0
2023-06-01 18:29:58,1685658599,32.1,27.3,99600,2.00,2.00,3.00,3.00,0.0254,0
2023-06-01 18:34:58,1685658899,32.0,26.9,99600,2.00,3.00,6.00,7.00,0.00995,0
2023-06-01 18:39:58,1685659199,31.9,26.6,99600,3.00,4.00,4.00,5.00,0.0153,0
2023-06-01 18:44:59,1685659499,31.9,26.7,99600,3.00,4.00,6.00,6.00,0.0153,0
2023-06-01 18:49:59,1685659799,31.8,27.1,99600,4.00,5.00,7.00,7.00,0.0124,0
2023-06-01 18:54:59,1685660099,31.7,27.7,99600,2.00,5.00,7.00,9.00,0.0178,0
2023-06-01 18:59:59,1685660400,31.4,28.1,99600,4.00,5.00,5.00,5.00,0.0230,0
2023-06-01 19:04:59,1685660700,31.0,28.7,99600,2.00,8.00,13.0,16.0,0.0213,0
2023-06-01 19:09:41,1685660982,30.7,28.8,99600,3.00,4.00,7.00,8.00,0.0112,0
2023-06-01 19:14:42,1685661282,30.5,29.6,99600,2.00,3.00,4.00,4.00,0.0103,0
2023-06-01 19:19:43,1685661583,30.2,29.9,99600,2.00,4.00,6.00,7.00,0.0106,0
2023-06-01 19:24:44,1685661885,30.0,30.4,99600,3.00,3.00,6.00,8.00,0.0117,0
2023-06-01 19:29:45,1685662186,29.8,31.3,99600,2.00,3.00,5.00,6.00,0.0110,0
2023-06-01 19:34:47,1685662487,29.5,31.5,99600,2.00,3.00,5.00,5.00,0.0108,0
2023-06-01 19:39:49,1685662789,29.2,32.6,99600,2.00,4.00,7.00,8.00,0.0135,0
2023-06-01 19:44:50,1685663091,28.9,33.0,99700,3.00,5.00,7.00,7.00,0.0138,0
2023-06-01 19:49:52,1685663393,28.5,33.8,99700,3.00,3.00,5.00,5.00,0.0119,0
2023-06-01 19:54:54,1685663695,28.2,34.2,99700,2.00,3.00,5.00,6.00,0.0119,0
2023-06-01 19:59:57,1685663997,27.9,34.7,99700,2.00,3.00,5.00,6.00,0.0140,0
2023-06-01 20:04:59,1685664300,27.7,35.1,99700,2.00,2.00,3.00,3.00,0.0137,0
2023-06-01 20:09:43,1685664584,27.4,35.7,99700,2.00,4.00,6.00,7.00,0.0143,0
2023-06-01 20:14:46,1685664886,27.2,36.4,99700,2.00,2.00,2.00,3.00,0.0160,0
2023-06-01 20:19:49,1685665189,27.0,36.4,99700,4.00,4.00,4.00,4.00,0.0143,0
2023-06-01 20:24:52,1685665492,26.8,36.3,99700,1.00,3.00,4.00,4.00,0.0127,0
2023-06-01 20:29:55,1685665795,26.6,36.4,99700,2.00,5.00,7.00,9.00,0.0107,0
2023-06-01 20:34:58,1685666099,26.4,36.9,99700,4.00,5.00,6.00,8.00,0.0125,0
2023-06-01 20:39:43,1685666383,26.1,37.6,99700,2.00,3.00,4.00,4.00,0.0123,0
2023-06-01 20:44:46,1685666687,25.9,36.9,99700,1.00,4.00,6.00,7.00,0.0117,0
2023-06-01 20:49:50,1685666991,25.8,36.0,99700,2.00,4.00,5.00,5.00,0.0107,0
2023-06-01 20:54:54,1685667294,25.9,36.0,99700,4.00,4.00,7.00,8.00,0.0110,0
2023-06-01 20:59:58,1685667598,26.1,36.0,99700,3.00,4.00,4.00,4.00,0.0107,0
2023-06-01 21:04:42,1685667883,26.2,35.4,99700,2.00,6.00,10.0,12.0,0.0221,0
2023-06-01 21:09:46,1685668186,26.3,35.3,99700,3.00,3.00,5.00,5.00,0.0217,0
2023-06-01 21:14:50,1685668490,26.4,35.1,99700,1.00,6.00,9.00,11.0,0.0241,0
2023-06-01 21:19:53,1685668794,26.4,34.9,99700,3.00,4.00,5.00,6.00,0.0143,0
2023-06-01 21:24:57,1685669097,26.4,34.7,99700,2.00,5.00,8.00,9.00,0.0143,0
2023-06-01 21:29:41,1685669382,26.5,34.8,99700,3.00,8.00,14.0,17.0,0.0117,0
2023-06-01 21:34:45,1685669685,26.5,34.4,99700,2.00,3.00,6.00,7.00,0.0186,0
2023-06-01 21:39:48,1685669989,26.5,34.1,99700,2.00,3.00,4.00,4.00,0.0236,0
2023-06-01 21:44:51,1685670292,26.6,33.7,99700,2.00,2.00,2.00,3.00,0.0364,0
2023-06-01 21:49:55,1685670595,26.7,33.3,99700,4.00,6.00,7.00,8.00,0.0113,0
2023-06-01 21:54:58,1685670899,26.8,32.9,99700,2.00,3.00,5.00,6.00,0.0120,0
2023-06-01 21:59:42,1685671183,26.8,32.8,99600,2.00,4.00,6.00,7.00,0.00955,0
2023-06-01 22:04:46,1685671486,26.9,32.4,99600,2.00,4.00,5.00,6.00,0.0150,0
2023-06-01 22:09:49,1685671789,26.9,32.5,99600,3.00,4.00,6.00,7.00,0.0105,0
2023-06-01 22:14:52,1685672092,26.9,32.1,99600,3.00,4.00,5.00,6.00,0.0122,0
2023-06-01 22:19:55,1685672396,26.9,31.8,99600,1.00,2.00,3.00,4.00,0.0147,0
2023-06-01 22:24:58,1685672699,27.0,31.6,99600,2.00,3.00,4.00,5.00,0.0117,0
2023-06-01 22:29:42,1685672983,27.1,31.6,99600,2.00,2.00,3.00,3.00,0.0104,0
2023-06-01 22:34:45,1685673286,27.2,31.5,99600,2.00,3.00,5.00,7.00,0.0103,0
2023-06-01 22:39:49,1685673589,27.2,31.5,99600,3.00,4.00,5.00,6.00,0.0113,0
2023-06-01 22:44:52,1685673892,27.2,31.5,99600,2.00,3.00,5.00,7.00,0.0115,0
2023-06-01 22:49:55,1685674195,27.2,31.4,99600,2.00,3.00,4.00,5.00,0.0131,0
2023-06-01 22:54:58,1685674498,27.2,31.5,99600,2.00,3.00,5.00,5.00,0.0110,0
2023-06-01 22:59:42,1685674782,27.0,31.8,99600,2.00,3.00,5.00,6.00,0.0105,0
2023-06-01 23:04:45,1685675085,26.9,31.5,99600,1.00,2.00,3.00,3.00,0.0104,0
2023-06-01 23:09:48,1685675389,26.9,31.4,99600,2.00,2.00,3.00,3.00,0.0106,0
2023-06-01 23:14:51,1685675692,26.9,31.4,99600,4.00,6.00,7.00,8.00,0.0170,0
2023-06-01 23:19:54,1685675995,27.0,31.5,99600,5.00,6.00,7.00,7.00,0.0233,0
2023-06-01 23:24:58,1685676298,27.1,31.4,99600,3.00,5.00,8.00,10.0,0.0147,0
2023-06-01 23:29:42,1685676582,27.2,31.1,99600,4.00,8.00,12.0,14.0,0.0186,0
2023-06-01 23:34:45,1685676885,27.3,30.9,99600,4.00,5.00,5.00,5.00,0.0159,0
2023-06-01 23:39:48,1685677188,27.4,30.8,99600,6.00,7.00,7.00,7.00,0.0134,0
2023-06-01 23:44:51,1685677491,27.4,30.9,99600,2.00,2.00,4.00,5.00,0.0240,0
2023-06-01 23:49:54,1685677794,27.4,30.9,99600,2.00,5.00,8.00,9.00,0.0202,0
2023-06-01 23:54:57,1685678097,27.3,31.1,99600,2.00,7.00,11.0,13.0,0.0483,0
2023-06-01 23:59:41,1685678381,27.3,31.0,99600,2.00,4.00,6.00,7.00,0.0451,0
2023-06-02 00:04:44,1685678684,27.3,31.0,99600,2.00,2.00,3.00,4.00,0.0451,0
2023-06-02 00:09:47,1685678988,27.2,31.0,99600,2.00,3.00,6.00,7.00,0.0110,0
2023-06-02 00:14:50,1685679291,27.1,31.0,99600,2.00,3.00,5.00,7.00,0.0140,0
2023-06-02 00:19:53,1685679594,27.0,31.2,99600,2.00,2.00,3.00,3.00,0.0116,0
2023-06-02 00:24:56,1685679897,26.9,31.5,99600,3.00,3.00,4.00,4.00,0.0127,0
2023-06-02 00:29:41,1685680181,26.8,31.8,99600,2.00,4.00,7.00,8.00,0.0142,0
2023-06-02 00:34:44,1685680484,26.8,32.0,99600,4.00,4.00,6.00,8.00,0.0142,0
2023-06-02 00:39:47,1685680788,26.7,32.1,99600,2.00,3.00,4.00,5.00,0.0123,0
2023-06-02 00:44:50,1685681091,26.7,32.1,99600,3.00,4.00,5.00,6.00,0.0114,0
2023-06-02 00:49:54,1685681394,26.7,32.1,99594,4.00,5.00,7.00,8.00,0.0149,0
2023-06-02 00:54:57,1685681697,26.7,32.2,99500,4.00,4.00,4.00,4.00,0.0176,0
2023-06-02 00:59:41,1685681982,26.6,32.3,99500,4.00,5.00,5.00,6.00,0.0188,0
2023-06-02 01:04:43,1685682284,26.6,32.3,99506,4.00,4.00,5.00,6.00,0.0120,0
2023-06-02 01:09:47,1685682587,26.5,32.3,99600,1.00,3.00,4.00,4.00,0.0188,0
2023-06-02 01:14:50,1685682891,26.5,32.3,99600,2.00,5.00,8.00,10.0,0.0168,0
2023-06-02 01:19:54,1685683194,26.5,32.5,99594,5.00,5.00,5.00,5.00,0.0197,0
2023-06-02 01:24:57,1685683498,26.4,32.6,99556,3.00,10.0,15.0,18.0,0.0180,0
2023-06-02 01:29:42,1685683782,26.4,32.6,99513,4.00,5.00,7.00,8.00,0.0277,0
2023-06-02 01:34:45,1685684086,26.4,32.7,99500,3.00,5.00,8.00,10.0,0.0289,0
2023-06-02 01:39:49,1685684390,26.3,32.6,99500,3.00,6.00,8.00,9.00,0.0138,0
2023-06-02 01:44:53,1685684693,26.3,32.7,99500,3.00,4.00,5.00,6.00,0.0161,0
2023-06-02 01:49:56,1685684997,26.3,32.8,99500,2.00,2.00,2.00,3.00,0.0255,0
2023-06-02 01:54:41,1685685281,26.3,32.6,99500,2.00,4.00,6.00,8.00,0.0298,0
2023-06-02 01:59:44,1685685585,26.2,32.6,99500,3.00,5.00,8.00,10.0,0.0214,0
2023-06-02 02:04:48,1685685888,26.3,32.8,99500,3.00,5.00,8.00,10.0,0.0280,0
2023-06-02 02:09:51,1685686192,26.3,32.4,99500,2.00,3.00,5.00,6.00,0.0298,0
2023-06-02 02:14:55,1685686496,26.3,32.3,99500,2.00,4.00,7.00,8.00,0.0167,0
2023-06-02 02:19:59,1685686799,26.3,32.2,99500,2.00,4.00,6.00,7.00,0.0117,0
2023-06-02 02:24:44,1685687084,26.4,31.9,99500,2.00,4.00,6.00,8.00,0.0117,0
2023-06-02 02:29:47,1685687388,26.4,31.8,99500,3.00,3.00,4.00,5.00,0.0138,0
2023-06-02 02:34:51,1685687691,26.4,31.8,99500,2.00,2.00,3.00,3.00,0.00995,0
2023-06-02 02:39:54,1685687995,26.4,31.7,99500,2.00,2.00,3.00,4.00,0.0108,0
2023-06-02 02:44:58,1685688299,26.4,31.8,99500,2.00,4.00,5.00,6.00,0.0125,0
2023-06-02 02:49:43,1685688584,26.4,31.9,99500,1.00,2.00,3.00,4.00,0.0131,0
2023-06-02 02:54:47,1685688887,26.4,31.8,99500,4.00,5.00,5.00,6.00,0.0113,0
2023-06-02 02:59:50,1685689191,26.3,32.5,99500,3.00,3.00,3.00,3.00,0.0106,0
2023-06-02 03:04:54,1685689495,26.2,32.9,99500,2.00,2.00,3.00,4.00,0.0136,0
2023-06-02 03:09:58,1685689799,26.1,33.5,99500,4.00,5.00,6.00,7.00,0.0209,0
2023-06-02 03:14:43,1685690084,25.9,33.9,99500,2.00,3.00,4.00,5.00,0.0209,0
2023-06-02 03:19:47,1685690387,25.9,34.0,99500,2.00,2.00,3.00,4.00,0.0104,0
2023-06-02 03:24:50,1685690691,25.9,33.8,99500,3.00,3.00,5.00,6.00,0.0101,0
2023-06-02 03:29:54,1685690995,25.9,34.0,99500,3.00,4.00,5.00,5.00,0.0110,0
2023-06-02 03:34:58,1685691299,25.8,34.1,99500,2.00,3.00,5.00,7.00,0.0130,0
2023-06-02 03:39:43,1685691584,25.8,34.2,99500,2.00,4.00,5.00,6.00,0.0130,0
2023-06-02 03:44:47,1685691888,25.7,34.0,99469,3.00,4.00,7.00,8.00,0.0115,0
2023-06-02 03:49:51,1685692192,25.8,33.8,99494,2.00,3.00,5.00,5.00,0.0118,0
2023-06-02 03:54:55,1685692496,25.9,33.8,99450,1.00,2.00,3.00,4.00,0.0127,0
2023-06-02 03:59:59,1685692800,25.9,33.8,99406,3.00,4.00,5.00,6.00,0.0121,0
2023-06-02 04:04:44,1685693085,25.9,34.0,99400,4.00,4.00,4.00,4.00,0.0109,0
2023-06-02 04:09:48,1685693389,25.8,34.2,99469,2.00,3.00,5.00,6.00,0.0106,0
2023-06-02 04:14:52,1685693693,25.6,34.5,99456,2.00,3.00,5.00,6.00,0.0129,0
2023-06-02 04:19:56,1685693997,25.5,34.8,99500,2.00,2.00,2.00,3.00,0.0129,0
2023-06-02 04:24:41,1685694282,25.3,36.2,99500,4.00,4.00,4.00,5.00,0.0118,0
2023-06-02 04:29:46,1685694586,24.9,37.5,99500,4.00,5.00,5.00,6.00,0.0293,0
2023-06-02 04:34:50,1685694890,24.5,38.7,99500,7.00,8.00,8.00,8.00,0.0293,0
2023-06-02 04:39:54,1685695195,24.2,38.8,99500,3.00,4.00,6.00,7.00,0.0439,0
2023-06-02 04:44:59,1685695499,24.0,38.8,99500,2.00,3.00,4.00,5.00,0.0521,0
2023-06-02 04:49:45,1685695785,23.8,39.9,99500,6.00,6.00,7.00,8.00,0.0355,0
2023-06-02 04:54:50,1685696090,23.7,39.9,99500,4.00,5.00,5.00,5.00,0.0335,0
2023-06-02 04:59:54,1685696395,23.5,40.1,99500,3.00,4.00,4.00,4.00,0.0185,0
2023-06-02 05:04:59,1685696700,23.5,40.7,99500,4.00,6.00,9.00,10.0,0.0141,0
2023-06-02 05:09:45,1685696986,23.4,40.1,99500,3.00,3.00,5.00,6.00,0.0174,0
2023-06-02 05:14:50,1685697291,23.3,40.4,99500,2.00,3.00,3.00,3.00,0.0392,0
2023-06-02 05:19:55,1685697596,23.3,40.3,99500,2.00,4.00,5.00,6.00,0.0134,0
2023-06-02 05:24:41,1685697881,23.3,40.3,99500,2.00,3.00,4.00,4.00,0.0129,0
2023-06-02 05:29:46,1685698186,23.3,40.2,99500,2.00,2.00,2.00,3.00,0.0125,0
2023-06-02 05:34:51,1685698491,23.3,40.4,99500,3.00,5.00,6.00,8.00,0.0162,0
2023-06-02 05:39:56,1685698796,23.3,40.3,99500,2.00,7.00,10.0,12.0,0.0218,0
2023-06-02 05:44:41,1685699082,23.4,40.4,99500,2.00,4.00,7.00,8.00,0.0143,0
2023-06-02 05:49:46,1685699387,23.4,40.5,99500,2.00,3.00,5.00,6.00,0.0120,0
2023-06-02 05:54:51,1685699692,23.4,40.8,99550,2.00,6.00,10.0,12.0,0.0135,0
2023-06-02 05:59:56,1685699997,23.3,41.9,99556,1.00,3.00,4.00,5.00,0.0117,0
2023-06-02 06:04:42,1685700283,23.1,41.9,99553,1.00,2.00,3.00,3.00,0.0213,0
2023-06-02 06:09:47,1685700588,23.1,41.9,99588,2.00,4.00,6.00,7.00,0.0202,0
2023-06-02 06:14:53,1685700893,23.1,42.0,99600,2.00,3.00,4.00,5.00,0.0148,0
2023-06-02 06:19:58,1685701198,23.1,42.0,99600,2.00,4.00,6.00,7.00,0.0111,0
2023-06-02 06:24:44,1685701484,23.0,42.2,99600,2.00,2.00,3.00,4.00,0.0111,0
2023-06-02 06:29:49,1685701789,22.9,42.4,99600,2.00,4.00,7.00,8.00,0.0116,0
2023-06-02 06:34:54,1685702095,22.8,42.5,99600,1.00,3.00,5.00,6.00,0.0173,0
2023-06-02 06:39:40,1685702381,22.8,42.7,99600,5.00,6.00,7.00,8.00,0.0250,0
2023-06-02 06:44:46,1685702686,22.8,43.7,99600,2.00,3.00,5.00,6.00,0.0354,0
2023-06-02 06:49:51,1685702992,22.7,44.3,99600,2.00,3.00,4.00,4.00,0.0213,0
2023-06-02 06:54:56,1685703297,22.6,43.7,99600,2.00,4.00,5.00,6.00,0.0213,0
2023-06-02 06:59:43,1685703583,22.7,43.4,99600,2.00,6.00,11.0,13.0,0.0274,0
2023-06-02 07:04:47,1685703888,22.8,43.3,99600,2.00,4.00,6.00,7.00,0.0261,0
2023-06-02 07:09:52,1685704193,22.8,43.1,99600,2.00,2.00,3.00,4.00,0.0241,0
2023-06-02 07:14:58,1685704498,22.9,43.6,99600,3.00,6.00,9.00,10.0,0.0241,0
2023-06-02 07:19:44,1685704785,22.8,44.4,99600,2.00,3.00,6.00,7.00,0.0338,0
2023-06-02 07:24:49,1685705090,22.8,44.4,99600,1.00,3.00,5.00,6.00,0.0273,0
2023-06-02 07:29:55,1685705395,22.7,44.2,99600,1.00,5.00,8.00,9.00,0.0178,0
2023-06-02 07:34:41,1685705681,22.8,44.6,99600,2.00,3.00,5.00,6.00,0.0139,0
2023-06-02 07:39:46,1685705986,22.8,45.2,99600,6.00,7.00,8.00,8.00,0.0120,0
2023-06-02 07:44:51,1685706291,22.8,45.7,99600,3.00,6.00,8.00,9.00,0.0146,0
2023-06-02 07:49:56,1685706596,22.8,45.4,99600,2.00,8.00,14.0,17.0,0.0284,0
2023-06-02 07:54:42,1685706882,22.8,45.1,99600,2.00,3.00,6.00,7.00,0.0392,0
2023-06-02 07:59:47,1685707187,22.9,45.6,99600,2.00,3.00,4.00,4.00,0.0309,0
2023-06-02 08:04:51,1685707492,23.1,45.3,99600,3.00,3.00,4.00,4.00,0.0304,0
2023-06-02 08:09:56,1685707797,23.3,45.2,99650,3.00,4.00,5.00,6.00,0.0119,0
2023-06-02 08:14:42,1685708082,23.5,45.2,99700,3.00,6.00,11.0,13.0,0.0286,0
2023-06-02 08:19:46,1685708386,23.6,45.1,99700,3.00,4.00,5.00,6.00,0.0286,0
2023-06-02 08:21:40,1685708501,23.8,45.2,99700,2.00,6.00,9.00,11.0,0.0325,0
2023-06-02 08:56:57,1685710617,26.7,40.0,99700,9.00,12.0,14.0,15.0,,
2023-06-02 09:09:44,1685711384,27.5,38.4,99700,5.00,8.00,11.0,12.0,,
2023-06-02 09:14:45,1685711685,28.0,37.0,99700,11.0,13.0,14.0,14.0,,
2023-06-02 09:19:45,1685711986,28.3,36.2,99700,9.00,10.0,10.0,10.0,,
2023-06-02 09:24:46,1685712286,28.2,36.2,99700,10.0,11.0,11.0,11.0,0.0241,0
2023-06-02 09:29:46,1685712587,28.2,35.8,99700,11.0,11.0,11.0,11.0,0.0263,0
2023-06-02 09:34:47,1685712887,28.1,35.6,99700,10.0,12.0,14.0,15.0,0.0174,0
2023-06-02 09:39:48,1685713188,27.6,35.9,99700,10.0,12.0,13.0,14.0,0.0545,0
2023-06-02 09:44:49,1685713489,27.2,36.5,99700,12.0,13.0,13.0,13.0,0.0545,0
2023-06-02 09:49:50,1685713790,26.8,36.8,99700,12.0,13.0,13.0,14.0,0.0849,0
2023-06-02 09:54:51,1685714092,27.0,36.2,99700,14.0,19.0,26.0,30.0,0.122,0
2023-06-02 09:57:03,1685714223,26.9,36.0,99700,10.0,14.0,18.0,20.0,0.120,0
2023-06-02 10:09:45,1685714986,26.4,36.0,99700,13.0,16.0,18.0,20.0,0.120,0
2023-06-02 10:14:47,1685715287,26.5,35.9,99700,16.0,17.0,17.0,17.0,0.0487,0
2023-06-02 10:19:48,1685715589,26.5,36.0,99700,16.0,42.0,62.0,73.0,0.0904,0
2023-06-02 10:24:50,1685715890,26.4,35.8,99700,13.0,16.0,17.0,18.0,0.126,0
2023-06-02 10:29:52,1685716192,26.3,35.9,99700,14.0,16.0,17.0,18.0,0.126,0
2023-06-02 10:34:53,1685716494,26.7,34.5,99700,12.0,13.0,15.0,16.0,0.109,0
2023-06-02 10:39:54,1685716795,27.2,32.9,99700,18.0,19.0,19.0,19.0,0.0612,0
2023-06-02 10:44:55,1685717096,27.6,32.3,99700,13.0,16.0,17.0,18.0,0.0279,0
2023-06-02 10:49:56,1685717397,28.1,31.6,99700,14.0,15.0,16.0,16.0,0.0787,0
2023-06-02 10:54:57,1685717697,28.2,31.1,99700,13.0,13.0,13.0,13.0,0.0787,0
2023-06-02 10:59:58,1685717998,28.1,30.8,99700,11.0,13.0,13.0,14.0,0.0631,0
2023-06-02 11:04:59,1685718299,27.8,31.2,99700,11.0,14.0,17.0,18.0,0.0649,0
2023-06-02 11:09:41,1685718581,27.6,31.0,99700,20.0,42.0,60.0,69.0,0.0880,0
2023-06-02 11:14:42,1685718882,27.7,31.0,99700,13.0,14.0,14.0,14.0,0.0925,0
2023-06-02 11:19:43,1685719183,27.2,31.4,99700,11.0,12.0,14.0,15.0,0.0785,0
2023-06-02 11:24:44,1685719485,25.7,33.6,99700,12.0,13.0,13.0,13.0,0.0561,0
2023-06-02 11:29:47,1685719787,25.0,35.1,99700,10.0,10.0,11.0,12.0,0.0481,0
2023-06-02 11:30:24,1685719825,24.8,35.5,99700,8.00,8.00,8.00,8.00,0.0481,0
2023-06-02 11:44:26,1685720667,24.0,36.3,99700,11.0,13.0,17.0,19.0,0.0818,0
2023-06-02 11:49:55,1685720995,23.9,36.7,99700,7.00,8.00,9.00,10.0,0.0249,0
2023-06-02 11:54:58,1685721299,23.9,36.3,99700,11.0,12.0,12.0,12.0,0.0323,0
2023-06-02 11:59:43,1685721583,23.8,36.7,99700,8.00,12.0,15.0,17.0,0.0263,0
2023-06-02 12:04:46,1685721887,24.2,35.8,99700,8.00,11.0,13.0,14.0,0.0411,0
2023-06-02 12:09:49,1685722190,24.4,35.4,99700,11.0,15.0,18.0,19.0,0.0980,0
2023-06-02 12:14:53,1685722494,24.4,35.5,99700,7.00,8.00,9.00,10.0,0.0604,0
2023-06-02 12:19:56,1685722797,25.1,34.6,99700,6.00,10.0,14.0,16.0,0.0974,0
2023-06-02 12:24:59,1685723100,25.3,33.7,99700,7.00,8.00,9.00,10.0,0.0242,0
2023-06-02 12:29:43,1685723384,25.3,34.2,99700,8.00,8.00,8.00,8.00,0.0242,0
2023-06-02 12:34:46,1685723687,25.6,34.2,99700,10.0,11.0,16.0,18.0,0.0655,0
2023-06-02 12:39:49,1685723990,26.0,33.2,99700,6.00,8.00,11.0,12.0,0.0874,0
2023-06-02 12:44:52,1685724292,26.0,33.1,99700,8.00,8.00,10.0,11.0,0.0939,0
2023-06-02 12:49:55,1685724595,25.9,33.4,99700,6.00,7.00,8.00,8.00,0.0423,0
2023-06-02 12:54:58,1685724898,25.9,33.1,99700,7.00,8.00,9.00,10.0,0.0423,0
2023-06-02 12:59:42,1685725182,25.8,33.0,99700,9.00,11.0,15.0,17.0,0.0305,0
2023-06-02 13:04:45,1685725485,25.6,32.8,99700,7.00,8.00,9.00,9.00,0.0833,0
2023-06-02 13:09:48,1685725789,25.3,33.4,99700,7.00,7.00,10.0,11.0,0.0464,0
2023-06-02 13:14:51,1685726092,25.3,33.5,99700,5.00,6.00,8.00,9.00,0.0500,0
2023-06-02 13:19:54,1685726395,25.4,33.5,99700,8.00,12.0,14.0,16.0,0.0340,0
2023-06-02 13:24:57,1685726698,25.6,33.3,99700,9.00,9.00,13.0,15.0,0.0342,0
2023-06-02 13:29:41,1685726982,25.8,33.1,99700,5.00,6.00,7.00,8.00,0.0504,0
2023-06-02 13:34:44,1685727285,25.8,32.6,99700,8.00,8.00,8.00,8.00,0.0385,0
2023-06-02 13:39:47,1685727588,25.7,33.0,99700,10.0,12.0,13.0,14.0,0.0656,0
2023-06-02 13:44:50,1685727890,25.8,32.3,99700,42.0,125,192,226,0.140,0
2023-06-02 13:49:53,1685728193,25.7,32.0,99700,7.00,8.00,8.00,9.00,0.222,0
2023-06-02 13:54:55,1685728496,25.4,32.2,99700,7.00,8.00,9.00,9.00,0.275,0
2023-06-02 13:59:58,1685728799,25.3,32.9,99700,7.00,9.00,13.0,15.0,0.0661,0
2023-06-02 14:04:43,1685729083,25.4,32.6,99700,5.00,6.00,6.00,7.00,0.0404,0
2023-06-02 14:08:30,1685729310,25.5,32.0,99700,8.00,12.0,16.0,19.0,0.0404,0
2023-06-02 14:19:42,1685729983,25.9,31.4,99700,4.00,5.00,7.00,8.00,0.0218,0
2023-06-02 14:24:45,1685730286,26.1,31.1,99700,6.00,9.00,11.0,12.0,0.0394,0
2023-06-02 14:29:48,1685730589,26.0,31.0,99700,7.00,10.0,12.0,14.0,0.0309,0
2023-06-02 14:34:51,1685730891,25.9,30.8,99700,6.00,8.00,8.00,9.00,0.0317,0
2023-06-02 14:39:54,1685731195,25.7,31.6,99700,10.0,34.0,52.0,62.0,0.0986,0
2023-06-02 14:44:57,1685731497,25.9,31.6,99700,7.00,7.00,9.00,9.00,0.0985,0
2023-06-02 14:49:41,1685731781,26.1,31.2,99700,8.00,9.00,10.0,11.0,0.0769,0
2023-06-02 14:54:44,1685732085,26.0,31.2,99700,7.00,8.00,8.00,8.00,0.0470,0
2023-06-02 14:59:47,1685732387,26.3,31.0,99700,7.00,12.0,15.0,17.0,0.0385,0
2023-06-02 15:04:49,1685732690,26.3,30.9,99700,39.0,172,281,336,0.166,0
2023-06-02 15:09:51,1685732992,26.4,30.5,99700,9.00,10.0,10.0,12.0,0.109,0
2023-06-02 15:14:54,1685733294,26.5,30.6,99700,5.00,9.00,14.0,16.0,0.109,0
2023-06-02 15:19:56,1685733597,26.8,31.1,99700,6.00,6.00,6.00,6.00,0.0389,0
2023-06-02 15:24:58,1685733899,27.3,30.4,99700,6.00,7.00,9.00,10.0,0.0283,0
2023-06-02 15:29:41,1685734182,27.6,29.6,99700,4.00,6.00,8.00,9.00,0.0163,0
2023-06-02 15:34:43,1685734484,27.7,28.6,99700,8.00,10.0,11.0,12.0,0.0230,0
2023-06-02 15:39:45,1685734785,27.7,28.6,99700,5.00,8.00,10.0,10.0,0.0230,0
2023-06-02 15:44:47,1685735087,27.5,28.4,99700,5.00,5.00,8.00,9.00,0.0118,0
2023-06-02 15:49:49,1685735389,27.1,28.7,99700,11.0,12.0,13.0,15.0,0.0609,0
2023-06-02 15:54:51,1685735692,26.1,30.4,99700,7.00,10.0,13.0,14.0,0.103,0
2023-06-02 15:59:54,1685735994,25.9,31.1,99700,7.00,8.00,9.00,9.00,0.117,0
2023-06-02 16:04:57,1685736297,25.2,31.8,99700,6.00,8.00,10.0,12.0,0.117,0
2023-06-02 16:09:41,1685736582,24.8,32.6,99700,6.00,7.00,8.00,9.00,0.0332,0
2023-06-02 16:14:44,1685736885,24.2,32.9,99700,10.0,12.0,13.0,14.0,0.0480,0
2023-06-02 16:19:48,1685737189,23.8,33.9,99700,5.00,6.00,8.00,9.00,0.0158,0
2023-06-02 16:24:52,1685737493,23.2,35.0,99700,7.00,9.00,11.0,12.0,0.0157,0
2023-06-02 16:29:56,1685737797,23.2,35.3,99700,6.00,7.00,9.00,10.0,0.0105,0
2023-06-02 16:34:41,1685738082,22.8,35.8,99700,8.00,11.0,13.0,14.0,0.0159,0
2023-06-02 16:39:46,1685738386,22.6,36.8,99700,7.00,12.0,16.0,18.0,0.0258,0
2023-06-02 16:44:50,1685738690,22.8,36.9,99700,6.00,8.00,9.00,11.0,0.0258,0
2023-06-02 16:49:53,1685738994,23.0,36.6,99700,5.00,9.00,12.0,14.0,0.0181,0
2023-06-02 16:54:57,1685739298,23.4,35.9,99700,5.00,7.00,8.00,9.00,0.0366,0
2023-06-02 16:59:43,1685739583,23.7,35.0,99700,6.00,8.00,10.0,12.0,0.0503,0
2023-06-02 17:04:46,1685739887,23.8,34.7,99700,9.00,10.0,12.0,13.0,0.0640,0
2023-06-02 17:09:50,1685740191,23.8,34.4,99700,8.00,9.00,11.0,12.0,0.0402,0
2023-06-02 17:14:54,1685740495,23.8,34.1,99719,12.0,13.0,14.0,15.0,0.0376,0
2023-06-02 17:19:58,1685740799,23.6,34.1,99800,7.00,9.00,10.0,11.0,0.0217,0
2023-06-02 17:24:43,1685741084,23.5,33.9,99753,7.00,9.00,11.0,13.0,0.0222,0
2023-06-02 17:29:47,1685741388,23.3,34.3,99794,8.00,9.00,9.00,10.0,0.0408,0
2023-06-02 17:34:52,1685741692,23.2,34.1,99800,8.00,8.00,9.00,10.0,0.0485,0
2023-06-02 17:39:57,1685741997,22.9,34.5,99800,11.0,13.0,14.0,14.0,0.0857,0
2023-06-02 17:44:42,1685742283,22.5,35.0,99800,7.00,11.0,15.0,17.0,0.0871,0
2023-06-02 17:49:47,1685742588,22.2,35.3,99800,9.00,14.0,19.0,21.0,0.0135,0
2023-06-02 17:54:52,1685742892,22.1,35.7,99800,8.00,11.0,13.0,14.0,0.0669,0
2023-06-02 17:59:57,1685743198,22.0,35.6,99800,9.00,12.0,13.0,14.0,0.0782,0
2023-06-02 18:04:43,1685743484,21.6,36.6,99800,12.0,14.0,17.0,18.0,0.0784,0
2023-06-02 18:09:49,1685743790,21.2,37.0,99800,9.00,11.0,13.0,13.0,0.0938,0
2023-06-02 18:14:55,1685744095,21.0,37.5,99800,13.0,14.0,14.0,14.0,0.0746,0
2023-06-02 18:19:41,1685744382,20.7,38.2,99807,14.0,16.0,17.0,18.0,0.241,0
2023-06-02 18:24:47,1685744688,20.5,38.5,99900,31.0,121,194,231,0.273,0
2023-06-02 18:29:53,1685744994,20.5,39.1,99900,9.00,11.0,12.0,13.0,0.324,0
2023-06-02 18:34:59,1685745300,20.7,38.8,99900,10.0,11.0,12.0,13.0,0.244,0
2023-06-02 18:39:46,1685745587,20.9,39.0,99900,9.00,11.0,12.0,13.0,0.0345,0
2023-06-02 18:44:52,1685745893,21.1,39.0,99900,12.0,17.0,22.0,24.0,0.0793,0
2023-06-02 18:49:58,1685746199,21.5,38.1,99900,9.00,11.0,13.0,14.0,0.288,0
2023-06-02 18:54:45,1685746485,21.7,36.2,99973,11.0,13.0,14.0,15.0,0.337,0
2023-06-02 18:59:50,1685746791,21.7,35.5,100000,12.0,14.0,16.0,17.0,0.635,0
2023-06-02 19:04:56,1685747096,21.6,35.0,100000,18.0,20.0,21.0,21.0,0.178,0
2023-06-02 19:09:43,1685747383,21.3,34.8,100000,11.0,12.0,14.0,15.0,0.0210,0
2023-06-02 19:14:49,1685747689,21.1,35.3,100000,11.0,13.0,18.0,21.0,0.0526,0
2023-06-02 19:19:55,1685747995,20.9,35.4,100000,11.0,13.0,15.0,16.0,0.0295,0
2023-06-02 19:24:42,1685748282,20.7,35.4,100000,14.0,14.0,16.0,17.0,0.0333,0
2023-06-02 19:29:48,1685748588,20.6,35.2,100000,12.0,14.0,16.0,16.0,0.0786,0
2023-06-02 19:34:54,1685748894,20.5,35.7,100000,7.00,9.00,11.0,11.0,0.157,0
2023-06-02 19:39:41,1685749182,20.3,35.7,100040,10.0,11.0,13.0,14.0,0.245,0
2023-06-02 19:44:48,1685749488,20.2,35.5,100100,8.00,10.0,12.0,13.0,0.0346,0
2023-06-02 19:49:54,1685749795,20.1,36.1,100100,4.00,4.00,4.00,5.00,0.232,0
2023-06-02 19:54:42,1685750082,20.0,36.0,100100,8.00,9.00,14.0,16.0,0.232,0
2023-06-02 19:59:48,1685750389,19.8,36.0,100100,8.00,8.00,10.0,11.0,0.0996,0
2023-06-02 20:04:55,1685750696,19.6,35.7,100100,9.00,11.0,13.0,15.0,0.0437,0
2023-06-02 20:09:43,1685750983,19.3,36.0,100100,10.0,11.0,12.0,12.0,0.0983,0
2023-06-02 20:14:50,1685751290,19.1,36.3,100100,7.00,11.0,14.0,16.0,0.0289,0
2023-06-02 20:19:57,1685751597,19.0,36.5,100100,6.00,7.00,8.00,9.00,0.0463,0
2023-06-02 20:24:45,1685751885,18.8,36.7,100100,5.00,6.00,8.00,9.00,0.0757,0
2023-06-02 20:29:52,1685752193,18.7,36.8,100100,5.00,7.00,8.00,9.00,0.0213,0
2023-06-02 20:34:59,1685752500,18.6,37.0,100100,7.00,8.00,11.0,13.0,0.0123,0
2023-06-02 20:39:47,1685752788,18.5,37.0,100100,7.00,7.00,7.00,8.00,0.0173,0
2023-06-02 20:44:55,1685753095,18.4,37.1,100100,10.0,12.0,13.0,14.0,0.0315,0
2023-06-02 20:49:43,1685753383,18.3,37.1,100173,8.00,9.00,9.00,9.00,0.0644,0
2023-06-02 20:54:50,1685753691,18.3,37.1,100200,5.00,7.00,11.0,12.0,0.0824,0
2023-06-02 20:59:58,1685753999,18.1,36.8,100175,11.0,14.0,16.0,17.0,0.110,0
2023-06-02 21:04:47,1685754287,18.0,36.7,100200,9.00,9.00,12.0,13.0,0.110,0
2023-06-02 21:09:55,1685754595,17.9,36.6,100200,5.00,8.00,12.0,14.0,0.0802,0
2023-06-02 21:14:43,1685754884,17.9,36.3,100200,4.00,5.00,6.00,7.00,0.0429,0
2023-06-02 21:19:51,1685755192,17.8,35.9,100200,6.00,9.00,11.0,12.0,0.0252,0
2023-06-02 21:24:59,1685755499,17.7,35.6,100200,6.00,8.00,10.0,11.0,0.0189,0
2023-06-02 21:29:48,1685755788,17.6,35.4,100200,3.00,5.00,7.00,8.00,0.0132,0
2023-06-02 21:34:55,1685756096,17.5,35.2,100200,6.00,9.00,11.0,12.0,0.0269,0
2023-06-02 21:39:44,1685756385,17.4,34.8,100200,3.00,6.00,8.00,9.00,0.0247,0
2023-06-02 21:44:52,1685756693,17.3,34.6,100200,4.00,7.00,10.0,12.0,0.0162,0
2023-06-02 21:49:41,1685756982,17.2,34.5,100200,5.00,7.00,9.00,10.0,0.0224,0
2023-06-02 21:54:49,1685757290,17.1,34.3,100200,6.00,7.00,8.00,9.00,0.0262,0
2023-06-02 21:59:57,1685757598,17.0,34.0,100200,7.00,8.00,9.00,10.0,0.0233,0
2023-06-02 22:04:46,1685757887,17.0,34.0,100200,4.00,6.00,7.00,7.00,0.0226,0
2023-06-02 22:09:55,1685758195,16.9,33.9,100200,5.00,9.00,15.0,17.0,0.0352,0
2023-06-02 22:14:44,1685758484,16.9,33.9,100200,4.00,6.00,7.00,7.00,0.0322,0
2023-06-02 22:19:51,1685758792,16.8,33.9,100200,4.00,6.00,7.00,7.00,0.0322,0
2023-06-02 22:24:40,1685759081,16.7,33.7,100200,3.00,4.00,5.00,6.00,0.0231,0
2023-06-02 22:29:49,1685759389,16.6,33.4,100200,4.00,6.00,9.00,11.0,0.0262,0
2023-06-02 22:34:57,1685759698,16.5,33.6,100200,3.00,6.00,10.0,11.0,0.0399,0
2023-06-02 22:39:46,1685759987,16.4,33.5,100200,4.00,4.00,5.00,6.00,0.0329,0
2023-06-02 22:44:55,1685760295,16.3,33.7,100200,3.00,6.00,8.00,9.00,0.0301,0
2023-06-02 22:49:44,1685760585,16.2,33.9,100200,2.00,3.00,4.00,5.00,0.0153,0
2023-06-02 22:54:53,1685760893,16.1,33.9,100200,3.00,4.00,5.00,5.00,0.0188,0
2023-06-02 22:59:42,1685761183,16.0,33.5,100200,6.00,8.00,11.0,13.0,0.0194,0
2023-06-02 23:04:51,1685761492,15.9,33.5,100200,4.00,6.00,8.00,9.00,0.0315,0
2023-06-02 23:09:41,1685761781,15.9,33.6,100200,2.00,4.00,6.00,7.00,0.0219,0
2023-06-02 23:14:50,1685762090,15.8,33.5,100200,2.00,7.00,11.0,13.0,0.0347,0
2023-06-02 23:19:59,1685762399,15.6,34.3,100200,8.00,9.00,10.0,11.0,0.0727,0
2023-06-02 23:24:49,1685762689,15.3,35.1,100200,7.00,11.0,14.0,15.0,0.192,0
2023-06-02 23:29:58,1685762998,14.9,36.3,100200,7.00,8.00,10.0,12.0,0.127,0
2023-06-02 23:34:48,1685763289,14.5,38.5,100200,4.00,6.00,8.00,9.00,0.127,0
2023-06-02 23:39:58,1685763598,14.2,38.6,100200,3.00,5.00,9.00,10.0,0.0306,0
2023-06-02 23:44:48,1685763889,13.9,40.8,100200,3.00,5.00,6.00,6.00,0.0306,0
2023-06-02 23:49:58,1685764199,13.6,40.7,100200,3.00,5.00,6.00,7.00,0.0223,0
2023-06-02 23:54:49,1685764489,13.3,41.4,100200,2.00,4.00,5.00,6.00,0.0185,0
2023-06-02 23:59:59,1685764800,13.1,41.9,100200,2.00,4.00,7.00,8.00,0.0155,0
2023-06-03 00:04:50,1685765091,12.8,43.3,100200,3.00,6.00,9.00,10.0,0.0149,0
2023-06-03 00:09:41,1685765382,12.6,43.7,100200,4.00,4.00,6.00,7.00,0.0226,0
2023-06-03 00:14:52,1685765692,12.4,45.2,100200,5.00,6.00,9.00,11.0,0.0168,0
2023-06-03 00:19:43,1685765984,12.3,47.2,100200,4.00,5.00,6.00,7.00,0.0218,0
2023-06-03 00:24:54,1685766294,12.2,47.3,100200,11.0,15.0,18.0,20.0,0.0477,0
2023-06-03 00:29:46,1685766586,12.1,45.7,100227,6.00,8.00,10.0,12.0,0.0702,0
2023-06-03 00:34:57,1685766897,11.9,45.2,100281,3.00,5.00,7.00,8.00,0.0702,0
2023-06-03 00:39:48,1685767189,11.7,44.9,100267,2.00,2.00,3.00,4.00,0.0718,0
2023-06-03 00:44:59,1685767500,11.4,45.0,100288,2.00,5.00,7.00,8.00,0.0525,0
2023-06-03 00:49:51,1685767792,11.1,45.6,100233,7.00,9.00,11.0,12.0,0.0130,0
2023-06-03 00:54:43,1685768084,10.8,46.2,100200,4.00,5.00,6.00,7.00,0.0442,0
2023-06-03 00:59:55,1685768395,10.6,46.4,100200,3.00,4.00,5.00,5.00,0.0418,0
2023-06-03 01:04:47,1685768687,10.3,46.6,100200,2.00,3.00,5.00,7.00,0.0183,0
2023-06-03 01:09:59,1685768999,10.1,46.9,100200,3.00,3.00,5.00,7.00,0.0171,0
2023-06-03 01:14:51,1685769292,9.95,47.4,100200,2.00,4.00,6.00,7.00,0.0189,0
2023-06-03 01:19:44,1685769584,9.81,48.2,100287,1.00,2.00,4.00,5.00,0.0196,0
2023-06-03 01:24:56,1685769896,9.71,48.0,100300,2.00,3.00,4.00,5.00,0.0196,0
2023-06-03 01:29:48,1685770189,9.58,48.7,100300,9.00,9.00,9.00,10.0,0.0293,0
2023-06-03 01:34:41,1685770481,9.40,48.4,100300,4.00,8.00,11.0,13.0,0.0989,0
2023-06-03 01:39:53,1685770793,9.22,48.3,100300,3.00,3.00,3.00,4.00,0.0855,0
2023-06-03 01:44:46,1685771086,9.11,49.0,100300,3.00,4.00,5.00,5.00,0.0863,0
2023-06-03 01:49:58,1685771399,9.06,48.9,100300,2.00,4.00,6.00,7.00,0.0134,0
2023-06-03 01:54:51,1685771692,8.95,50.4,100300,2.00,3.00,3.00,4.00,0.0156,0
2023-06-03 01:59:44,1685771985,8.88,49.5,100300,2.00,4.00,5.00,6.00,0.0118,0
2023-06-03 02:04:57,1685772297,8.81,51.3,100300,2.00,5.00,9.00,10.0,0.0106,0
2023-06-03 02:09:50,1685772590,8.81,50.9,100300,2.00,3.00,5.00,6.00,0.0130,0
2023-06-03 02:14:43,1685772883,8.77,50.3,100300,6.00,8.00,12.0,14.0,0.0134,0
2023-06-03 02:19:55,1685773195,8.70,49.8,100300,7.00,9.00,11.0,12.0,0.0221,0
2023-06-03 02:24:48,1685773488,8.48,50.0,100300,5.00,6.00,7.00,8.00,0.0472,0
2023-06-03 02:29:41,1685773781,8.30,50.0,100300,2.00,2.00,4.00,5.00,0.0667,0
2023-06-03 02:34:54,1685774094,8.19,50.4,100300,4.00,6.00,10.0,12.0,0.0802,0
2023-06-03 02:39:47,1685774388,8.10,50.1,100300,3.00,4.00,7.00,8.00,0.0234,0
2023-06-03 02:44:41,1685774681,8.01,50.5,100300,4.00,5.00,6.00,8.00,0.0165,0
2023-06-03 02:49:54,1685774994,7.91,50.9,100300,1.00,4.00,7.00,9.00,0.0206,0
2023-06-03 02:54:47,1685775288,7.86,51.2,100300,7.00,8.00,9.00,9.00,0.0319,0
2023-06-03 02:59:41,1685775581,7.88,54.0,100300,4.00,7.00,11.0,13.0,0.112,0
2023-06-03 03:04:54,1685775895,8.01,53.4,100300,2.00,2.00,3.00,4.00,0.103,0
2023-06-03 03:09:47,1685776188,8.13,51.6,100300,3.00,3.00,4.00,4.00,0.105,0
2023-06-03 03:14:41,1685776481,8.09,50.2,100300,1.00,3.00,5.00,6.00,0.0193,0
2023-06-03 03:19:54,1685776794,8.00,51.3,100300,2.00,3.00,6.00,7.00,0.0107,0
2023-06-03 03:24:48,1685777088,7.95,52.0,100300,2.00,3.00,3.00,4.00,0.0103,0
2023-06-03 03:29:41,1685777382,7.88,51.2,100300,1.00,2.00,3.00,4.00,0.0103,0
2023-06-03 03:34:54,1685777695,7.77,50.9,100300,4.00,4.00,6.00,7.00,0.0105,0
2023-06-03 03:39:48,1685777988,7.70,51.6,100300,4.00,5.00,7.00,8.00,0.0143,0
2023-06-03 03:44:42,1685778282,7.64,51.3,100300,2.00,3.00,5.00,6.00,0.0143,0
2023-06-03 03:49:55,1685778595,7.59,52.1,100300,2.00,3.00,6.00,7.00,0.0122,0
2023-06-03 03:54:49,1685778889,7.61,53.0,100300,1.00,2.00,3.00,4.00,0.0124,0
2023-06-03 03:59:42,1685779183,7.65,52.4,100300,2.00,6.00,9.00,11.0,0.0142,0
2023-06-03 04:04:55,1685779496,7.69,52.6,100300,2.00,4.00,7.00,8.00,0.0257,0
2023-06-03 04:09:49,1685779789,7.72,54.2,100300,2.00,4.00,7.00,9.00,0.0258,0
2023-06-03 04:14:43,1685780083,7.83,54.9,100300,2.00,3.00,5.00,6.00,0.0148,0
2023-06-03 04:19:56,1685780396,7.92,54.5,100300,7.00,8.00,9.00,9.00,0.0450,0
2023-06-03 04:24:49,1685780690,8.00,54.1,100300,3.00,4.00,7.00,8.00,0.0450,0
2023-06-03 04:29:43,1685780983,8.16,54.6,100300,3.00,6.00,10.0,13.0,0.0359,0
2023-06-03 04:34:56,1685781296,8.31,54.8,100300,4.00,4.00,7.00,9.00,0.0254,0
2023-06-03 04:39:49,1685781589,8.57,54.3,100300,1.00,4.00,6.00,8.00,0.0328,0
2023-06-03 04:44:42,1685781883,8.90,54.2,100300,8.00,8.00,9.00,10.0,0.0328,0
2023-06-03 04:49:54,1685782195,9.65,53.2,100300,8.00,8.00,8.00,8.00,0.167,0
2023-06-03 04:54:47,1685782487,10.5,51.4,100340,6.00,8.00,9.00,10.0,0.0729,0
2023-06-03 04:59:59,1685782799,11.1,49.5,100400,6.00,8.00,10.0,11.0,0.0601,0
2023-06-03 05:04:51,1685783091,11.7,48.0,100400,2.00,3.00,5.00,6.00,0.0133,0
2023-06-03 05:09:42,1685783383,12.0,46.8,100400,2.00,5.00,8.00,9.00,0.0315,0
2023-06-03 05:14:54,1685783694,12.2,46.1,100400,2.00,2.00,3.00,4.00,0.0185,0
2023-06-03 05:19:45,1685783986,12.2,45.9,100400,1.00,4.00,6.00,7.00,0.0258,0
2023-06-03 05:24:56,1685784297,12.2,45.6,100400,2.00,6.00,9.00,11.0,0.0183,0
2023-06-03 05:29:48,1685784588,12.2,46.1,100400,1.00,5.00,8.00,10.0,0.0167,0
2023-06-03 05:34:59,1685784899,12.1,46.0,100400,4.00,4.00,6.00,7.00,0.0169,0
2023-06-03 05:39:50,1685785190,12.2,46.1,100400,2.00,5.00,8.00,9.00,0.0169,0
2023-06-03 05:44:41,1685785481,12.3,46.1,100400,6.00,7.00,8.00,9.00,0.0116,0
2023-06-03 05:49:51,1685785791,12.5,45.8,100400,2.00,5.00,8.00,9.00,0.0234,0
2023-06-03 05:54:41,1685786082,12.7,45.0,100400,1.00,3.00,6.00,7.00,0.0149,0
2023-06-03 05:59:51,1685786392,13.1,44.6,100400,1.00,3.00,4.00,5.00,0.0190,0
2023-06-03 06:04:42,1685786682,13.4,43.7,100400,2.00,4.00,7.00,9.00,0.0150,0
2023-06-03 06:09:51,1685786992,13.7,42.4,100450,2.00,5.00,8.00,9.00,0.0116,0
2023-06-03 06:14:41,1685787281,14.1,41.7,100487,2.00,5.00,8.00,9.00,0.0123,0
2023-06-03 06:19:50,1685787590,14.6,40.5,100500,2.00,6.00,9.00,10.0,0.0186,0
2023-06-03 06:24:58,1685787898,15.2,38.1,100500,4.00,7.00,10.0,12.0,0.0165,0
2023-06-03 06:29:46,1685788186,15.9,37.6,100500,1.00,2.00,3.00,3.00,0.0109,0
2023-06-03 06:34:53,1685788493,16.6,36.7,100500,4.00,6.00,7.00,8.00,0.0452,0
2023-06-03 06:39:41,1685788781,17.1,34.1,100500,2.00,3.00,4.00,4.00,0.0341,0
2023-06-03 06:44:47,1685789087,17.6,33.0,100500,3.00,4.00,5.00,6.00,0.0222,0
2023-06-03 06:49:53,1685789393,17.9,31.8,100500,1.00,2.00,3.00,4.00,0.0124,0
2023-06-03 06:54:59,1685789699,18.3,31.0,100500,2.00,3.00,4.00,5.00,0.0114,0
2023-06-03 06:59:45,1685789986,18.6,29.7,100500,2.00,3.00,4.00,4.00,0.0114,0
2023-06-03 07:04:51,1685790291,19.0,28.6,100500,3.00,4.00,5.00,5.00,0.0118,0
2023-06-03 07:09:56,1685790596,19.4,27.7,100500,2.00,5.00,8.00,9.00,0.0209,0
2023-06-03 07:14:41,1685790882,19.8,27.7,100500,1.00,8.00,13.0,16.0,0.0145,0
2023-06-03 07:19:46,1685791186,20.4,26.6,100500,1.00,3.00,5.00,6.00,0.0162,0
2023-06-03 07:24:49,1685791490,20.8,26.0,100500,1.00,7.00,12.0,14.0,0.0158,0
2023-06-03 07:27:59,1685791680,21.0,25.3,100500,3.00,5.00,9.00,11.0,0.0132,0
2023-06-03 07:54:45,1685793285,21.7,22.3,100500,2.00,6.00,9.00,10.0,,
2023-06-03 07:59:48,1685793589,21.6,22.4,100594,1.00,5.00,9.00,10.0,,
2023-06-03 08:04:52,1685793892,21.3,22.3,100600,2.00,6.00,9.00,11.0,0.0125,0
2023-06-03 08:09:56,1685794196,20.8,22.5,100600,1.00,3.00,5.00,7.00,0.0114,0
2023-06-03 08:14:41,1685794481,20.7,22.3,100600,3.00,4.00,5.00,6.00,0.0135,0
2023-06-03 08:19:44,1685794785,21.1,22.3,100600,2.00,4.00,5.00,6.00,0.0110,0
2023-06-03 08:24:48,1685795089,21.4,21.8,100600,1.00,4.00,7.00,8.00,0.0125,0
2023-06-03 08:29:52,1685795392,21.9,21.7,100600,1.00,3.00,4.00,4.00,0.0118,0
2023-06-03 08:34:55,1685795695,22.3,21.2,100600,2.00,2.00,3.00,3.00,0.0171,0
2023-06-03 08:39:58,1685795999,22.0,21.5,100600,1.00,6.00,11.0,13.0,0.0139,0
2023-06-03 08:44:43,1685796283,21.9,21.5,100600,2.00,3.00,5.00,6.00,0.0145,0
2023-06-03 08:49:46,1685796587,21.8,21.5,100600,2.00,5.00,8.00,9.00,0.0161,0
2023-06-03 08:54:50,1685796890,21.7,21.7,100600,3.00,6.00,8.00,9.00,0.0367,0
2023-06-03 08:59:53,1685797194,21.6,21.5,100600,2.00,2.00,3.00,3.00,0.0312,0
2023-06-03 09:04:57,1685797497,22.0,21.2,100600,2.00,5.00,7.00,9.00,0.0312,0
2023-06-03 09:09:41,1685797782,22.5,20.5,100600,1.00,5.00,10.0,12.0,0.0126,0
2023-06-03 09:14:44,1685798085,23.0,20.3,100600,1.00,2.00,3.00,4.00,0.0123,0
2023-06-03 09:19:47,1685798387,23.2,19.7,100600,3.00,7.00,10.0,11.0,0.0138,0
2023-06-03 09:24:50,1685798690,23.3,19.5,100600,1.00,4.00,7.00,8.00,0.0238,0
2023-06-03 09:29:53,1685798993,23.1,19.4,100600,2.00,3.00,5.00,6.00,0.0185,0
2023-06-03 09:34:56,1685799296,22.7,19.5,100600,1.00,3.00,5.00,6.00,0.0175,0
2023-06-03 09:39:59,1685799599,22.9,19.7,100600,1.00,2.00,3.00,4.00,0.0128,0
2023-06-03 09:44:42,1685799883,23.7,19.3,100600,2.00,7.00,11.0,13.0,0.0195,0
2023-06-03 09:49:44,1685800185,24.1,18.6,100600,2.00,4.00,6.00,8.00,0.0368,0
2023-06-03 09:54:47,1685800487,24.1,18.8,100600,2.00,5.00,8.00,10.0,0.0368,0
2023-06-03 09:59:49,1685800790,24.0,19.5,100600,2.00,3.00,4.00,5.00,0.0189,0
2023-06-03 10:04:52,1685801093,24.1,19.3,100600,8.00,31.0,51.0,61.0,0.0909,0
2023-06-03 10:09:55,1685801396,23.8,18.5,100600,4.00,5.00,9.00,11.0,0.131,0
2023-06-03 10:14:58,1685801699,23.6,18.7,100600,2.00,5.00,8.00,9.00,0.0753,0
2023-06-03 10:19:43,1685801983,23.2,19.2,100600,14.0,54.0,86.0,102,0.115,0
2023-06-03 10:24:46,1685802287,22.8,20.1,100600,2.00,5.00,9.00,11.0,0.140,0
2023-06-03 10:29:50,1685802591,22.4,20.6,100538,2.00,3.00,4.00,5.00,0.145,0
2023-06-03 10:34:54,1685802895,22.4,21.4,100500,4.00,4.00,4.00,5.00,0.0674,0
2023-06-03 10:39:59,1685803199,22.8,20.0,100500,2.00,6.00,10.0,12.0,0.0243,0
2023-06-03 10:44:43,1685803484,23.4,19.6,100500,2.00,9.00,15.0,18.0,0.0323,0
2023-06-03 10:49:47,1685803788,23.4,19.7,100500,1.00,6.00,9.00,11.0,0.0472,0
2023-06-03 10:54:51,1685804091,23.8,20.1,100500,4.00,9.00,15.0,18.0,0.0267,0
2023-06-03 10:59:54,1685804395,23.7,19.8,100500,3.00,7.00,10.0,11.0,0.0617,0
2023-06-03 11:04:58,1685804699,23.4,20.2,100500,2.00,3.00,4.00,5.00,0.0617,0
2023-06-03 11:09:43,1685804984,23.2,20.1,100500,2.00,3.00,5.00,7.00,0.0720,0
2023-06-03 11:14:47,1685805288,23.3,20.8,100500,1.00,2.00,3.00,4.00,0.0140,0
2023-06-03 11:19:51,1685805591,23.6,20.7,100500,26.0,106,170,203,0.184,0
2023-06-03 11:24:55,1685805895,23.7,20.7,100500,3.00,8.00,11.0,13.0,0.212,0
2023-06-03 11:29:59,1685806199,23.0,21.5,100500,3.00,7.00,11.0,13.0,0.191,0
2023-06-03 11:34:44,1685806484,22.7,21.8,100500,2.00,3.00,4.00,4.00,0.0719,0
2023-06-03 11:39:48,1685806788,23.0,21.4,100500,2.00,3.00,6.00,7.00,0.0444,0
2023-06-03 11:44:52,1685807092,23.3,21.7,100500,10.0,52.0,86.0,103,0.0689,0
2023-06-03 11:49:56,1685807396,23.3,20.5,100500,3.00,10.0,14.0,17.0,0.0851,0
2023-06-03 11:54:59,1685807700,23.6,20.2,100500,21.0,102,168,201,0.0727,0
2023-06-03 11:59:44,1685807985,24.1,20.0,100500,3.00,5.00,8.00,10.0,0.182,0
2023-06-03 12:04:48,1685808289,24.1,20.9,100500,4.00,4.00,4.00,4.00,0.221,0
2023-06-03 12:09:52,1685808593,24.1,19.9,100500,17.0,65.0,105,124,0.248,0
2023-06-03 12:14:56,1685808897,24.0,20.6,100500,3.00,17.0,28.0,34.0,0.159,0
2023-06-03 12:19:41,1685809182,23.8,21.6,100500,2.00,4.00,7.00,8.00,0.0794,0
2023-06-03 12:24:45,1685809486,23.6,21.4,100500,10.0,44.0,72.0,86.0,0.136,0
2023-06-03 12:29:49,1685809790,23.7,21.9,100500,2.00,3.00,5.00,6.00,0.166,0
2023-06-03 12:34:52,1685810093,24.0,20.8,100500,46.0,221,363,435,0.256,0
2023-06-03 12:39:56,1685810397,24.0,21.0,100500,3.00,10.0,16.0,19.0,0.166,0
2023-06-03 12:44:41,1685810682,23.7,21.4,100500,2.00,3.00,5.00,6.00,0.147,0
2023-06-03 12:49:45,1685810985,23.5,21.3,100500,4.00,7.00,8.00,9.00,0.147,0
2023-06-03 12:54:48,1685811289,23.4,21.6,100500,2.00,4.00,6.00,7.00,0.0161,0
2023-06-03 12:59:52,1685811593,23.7,20.9,100500,2.00,7.00,12.0,14.0,0.0266,0
2023-06-03 13:04:56,1685811897,23.6,21.8,100488,2.00,8.00,13.0,15.0,0.0506,0
2023-06-03 13:09:41,1685812182,23.4,21.9,100473,3.00,5.00,6.00,6.00,0.0215,0
2023-06-03 13:14:45,1685812486,23.3,21.4,100425,4.00,17.0,27.0,33.0,0.0238,0
2023-06-03 13:19:49,1685812790,23.1,22.1,100400,2.00,3.00,4.00,5.00,0.0613,0
2023-06-03 13:24:54,1685813094,22.8,22.5,100400,3.00,4.00,5.00,6.00,0.0674,0
2023-06-03 13:29:58,1685813398,22.5,23.1,100400,4.00,5.00,6.00,7.00,0.0198,0
2023-06-03 13:34:43,1685813684,22.2,23.1,100400,3.00,5.00,9.00,11.0,0.0140,0
2023-06-03 13:39:48,1685813988,22.0,23.4,100400,2.00,3.00,5.00,6.00,0.0188,0
2023-06-03 13:44:52,1685814293,22.1,23.4,100400,3.00,6.00,9.00,10.0,0.0245,0
2023-06-03 13:49:57,1685814598,22.1,23.5,100400,4.00,11.0,18.0,21.0,0.0669,0
2023-06-03 13:54:43,1685814883,22.0,23.8,100400,2.00,4.00,6.00,7.00,0.0872,0
2023-06-03 13:59:48,1685815188,21.8,23.9,100400,2.00,8.00,13.0,16.0,0.0314,0
2023-06-03 14:04:53,1685815493,21.7,23.5,100400,4.00,4.00,6.00,7.00,0.0814,0
2023-06-03 14:09:58,1685815798,21.7,23.8,100400,1.00,3.00,4.00,5.00,0.0814,0
2023-06-03 14:14:43,1685816084,22.0,23.7,100400,2.00,3.00,5.00,6.00,0.0126,0
2023-06-03 14:19:48,1685816388,22.3,23.3,100400,4.00,7.00,11.0,13.0,0.0327,0
2023-06-03 14:24:53,1685816693,22.4,23.0,100400,3.00,7.00,13.0,15.0,0.0294,0
2023-06-03 14:29:57,1685816998,22.5,23.3,100400,2.00,4.00,6.00,7.00,0.0172,0
2023-06-03 14:34:43,1685817283,22.6,22.7,100400,3.00,3.00,5.00,5.00,0.0170,0
2023-06-03 14:39:48,1685817588,22.4,22.7,100400,4.00,5.00,7.00,7.00,0.0170,0
2023-06-03 14:44:52,1685817893,22.4,22.9,100400,2.00,3.00,4.00,5.00,0.0158,0
2023-06-03 14:49:57,1685818198,22.4,22.5,100400,3.00,9.00,14.0,16.0,0.0158,0
2023-06-03 14:54:43,1685818483,22.3,22.9,100400,2.00,11.0,17.0,21.0,0.0403,0
2023-06-03 14:59:47,1685818788,22.3,23.0,100400,3.00,5.00,6.00,8.00,0.0507,0
2023-06-03 15:04:52,1685819092,22.4,22.5,100400,2.00,4.00,6.00,7.00,0.0152,0
2023-06-03 15:09:56,1685819397,22.5,21.6,100400,2.00,4.00,5.00,6.00,0.0183,0
2023-06-03 15:14:42,1685819682,22.4,21.6,100400,3.00,3.00,5.00,6.00,0.0183,0
2023-06-03 15:19:46,1685819987,22.5,21.8,100375,2.00,5.00,7.00,8.00,0.0134,0
2023-06-03 15:24:51,1685820291,22.5,21.8,100375,2.00,6.00,10.0,12.0,0.0133,0
2023-06-03 15:29:55,1685820596,22.7,21.7,100313,3.00,3.00,4.00,4.00,0.0173,0
2023-06-03 15:34:59,1685820900,22.9,21.2,100338,4.00,4.00,4.00,4.00,0.0302,0
2023-06-03 15:39:45,1685821185,22.8,21.0,100300,4.00,6.00,11.0,13.0,0.0226,0
2023-06-03 15:44:49,1685821489,22.7,20.9,100300,2.00,5.00,7.00,8.00,0.0669,0
2023-06-03 15:49:52,1685821793,22.8,20.6,100300,4.00,6.00,10.0,12.0,0.0557,0
2023-06-03 15:54:57,1685822097,22.6,21.1,100300,3.00,3.00,5.00,6.00,0.0221,0
2023-06-03 15:59:42,1685822382,22.9,20.6,100300,3.00,4.00,4.00,4.00,0.0180,0
2023-06-03 16:04:46,1685822686,23.1,20.0,100300,3.00,5.00,7.00,8.00,0.0180,0
2023-06-03 16:09:50,1685822990,23.1,19.5,100300,5.00,6.00,7.00,7.00,0.0138,0
2023-06-03 16:14:54,1685823294,22.7,19.4,100300,13.0,45.0,70.0,84.0,0.175,0
2023-06-03 16:19:45,1685823586,22.5,19.5,100300,3.00,4.00,6.00,6.00,0.212,0
2023-06-03 16:24:49,1685823890,22.4,19.7,100300,3.00,5.00,6.00,6.00,0.214,0
2023-06-03 16:29:54,1685824194,22.4,19.7,100300,2.00,3.00,4.00,5.00,0.214,0
2023-06-03 16:34:58,1685824499,22.4,19.6,100300,2.00,7.00,11.0,14.0,0.0206,0
2023-06-03 16:35:17,1685824518,22.5,19.2,100300,1.00,1.00,1.00,1.00,0.0206,0
2023-06-03 16:49:42,1685825383,22.4,19.2,100300,4.00,6.00,10.0,12.0,0.0268,0
2023-06-03 16:54:47,1685825687,22.3,19.5,100300,5.00,6.00,6.00,7.00,0.0237,0
2023-06-03 16:59:51,1685825992,22.4,19.3,100300,4.00,4.00,4.00,4.00,0.0125,0
2023-06-03 17:04:56,1685826297,22.3,19.4,100300,3.00,5.00,6.00,7.00,0.0149,0
2023-06-03 17:09:42,1685826582,22.2,19.1,100300,2.00,4.00,6.00,6.00,0.0118,0
2023-06-03 17:14:46,1685826887,22.1,19.1,100300,2.00,9.00,14.0,16.0,0.0203,0
2023-06-03 17:19:51,1685827192,21.5,19.5,100300,3.00,5.00,7.00,8.00,0.0227,0
2023-06-03 17:24:56,1685827497,21.2,19.8,100300,4.00,10.0,14.0,16.0,0.0154,0
2023-06-03 17:29:43,1685827783,21.1,19.7,100300,10.0,44.0,71.0,85.0,0.107,0
2023-06-03 17:34:48,1685828089,20.9,19.8,100300,2.00,3.00,6.00,8.00,0.150,0
2023-06-03 17:39:54,1685828394,20.6,20.0,100300,2.00,4.00,7.00,8.00,0.150,0
2023-06-03 17:44:41,1685828681,20.2,20.1,100300,2.00,6.00,9.00,11.0,0.0228,0
2023-06-03 17:49:47,1685828987,20.2,20.5,100300,4.00,7.00,9.00,11.0,0.0324,0
2023-06-03 17:54:53,1685829293,20.3,20.6,100300,3.00,4.00,6.00,7.00,0.0226,0
2023-06-03 17:59:59,1685829599,20.2,20.8,100300,3.00,5.00,8.00,9.00,0.0226,0
2023-06-03 18:04:46,1685829886,20.3,20.4,100300,4.00,5.00,8.00,10.0,0.0148,0
2023-06-03 18:09:52,1685830192,20.2,20.7,100300,6.00,6.00,6.00,6.00,0.0123,0
2023-06-03 18:14:58,1685830498,20.1,20.3,100300,7.00,7.00,9.00,10.0,0.0165,0
2023-06-03 18:19:45,1685830785,19.9,20.6,100300,3.00,3.00,4.00,5.00,0.0235,0
2023-06-03 18:24:51,1685831091,19.9,20.0,100300,3.00,5.00,8.00,10.0,0.0601,0
2023-06-03 18:29:57,1685831397,19.7,20.2,100300,2.00,9.00,14.0,17.0,0.0566,0
2023-06-03 18:34:44,1685831685,19.5,20.3,100300,2.00,5.00,8.00,9.00,0.0490,0
2023-06-03 18:39:51,1685831991,19.3,20.8,100300,3.00,11.0,17.0,20.0,0.0331,0
2023-06-03 18:44:58,1685832299,19.3,21.1,100300,1.00,6.00,10.0,12.0,0.0424,0
2023-06-03 18:49:46,1685832586,19.3,21.1,100300,10.0,40.0,63.0,75.0,0.0708,0
2023-06-03 18:54:52,1685832893,19.2,21.2,100300,27.0,119,195,233,0.379,0
2023-06-03 18:59:59,1685833200,19.2,21.2,100300,1.00,5.00,8.00,9.00,0.379,0
2023-06-03 19:04:47,1685833487,19.1,21.3,100300,2.00,4.00,7.00,8.00,0.340,0
2023-06-03 19:09:54,1685833794,19.1,21.7,100300,3.00,9.00,13.0,15.0,0.218,0
2023-06-03 19:14:41,1685834082,19.0,21.7,100300,2.00,3.00,4.00,5.00,0.0165,0
2023-06-03 19:19:48,1685834389,18.8,22.2,100300,2.00,5.00,9.00,11.0,0.0153,0
2023-06-03 19:24:56,1685834696,18.7,22.5,100369,1.00,6.00,10.0,12.0,0.0168,0
2023-06-03 19:29:44,1685834984,18.4,22.8,100400,3.00,6.00,9.00,11.0,0.0131,0
2023-06-03 19:34:51,1685835292,18.1,23.1,100400,2.00,6.00,10.0,11.0,0.0133,0
2023-06-03 19:39:58,1685835599,17.9,23.6,100400,2.00,4.00,6.00,7.00,0.0254,0
2023-06-03 19:44:47,1685835887,17.7,24.2,100400,3.00,3.00,5.00,7.00,0.0254,0
2023-06-03 19:49:55,1685836195,17.5,24.3,100400,1.00,4.00,7.00,8.00,0.0122,0
2023-06-03 19:54:43,1685836484,17.3,24.3,100400,1.00,2.00,3.00,4.00,0.0150,0
2023-06-03 19:59:51,1685836792,17.1,25.0,100400,2.00,7.00,10.0,12.0,0.0150,0
2023-06-03 20:04:40,1685837081,16.9,25.4,100400,1e-7,1.00,3.00,3.00,0.0193,0
2023-06-03 20:09:49,1685837389,16.6,25.8,100400,1e-7,2.00,3.00,4.00,0.0190,0
2023-06-03 20:14:57,1685837698,16.4,26.2,100400,1.00,2.00,4.00,4.00,0.0111,0
2023-06-03 20:19:46,1685837987,16.1,26.7,100400,1e-7,2.00,3.00,4.00,0.00995,0
2023-06-03 20:24:55,1685838296,15.8,27.3,100400,1e-7,2.00,3.00,4.00,0.00995,0
2023-06-03 20:29:45,1685838585,15.4,27.7,100400,1.00,2.00,3.00,4.00,0.00995,0
2023-06-03 20:34:54,1685838894,15.1,28.4,100400,1.00,3.00,5.00,6.00,0.00995,0
2023-06-03 20:39:44,1685839184,14.7,29.4,100400,1.00,2.00,3.00,4.00,0.0120,0
2023-06-03 20:44:53,1685839494,14.2,29.6,100400,1.00,6.00,10.0,13.0,0.0148,0
2023-06-03 20:49:43,1685839784,13.8,30.5,100400,1e-7,2.00,3.00,4.00,0.0214,0
2023-06-03 20:54:53,1685840094,13.5,31.3,100400,1e-7,2.00,3.00,4.00,0.0187,0
2023-06-03 20:59:44,1685840384,13.0,31.4,100400,1.00,4.00,7.00,8.00,0.0147,0
2023-06-03 21:04:54,1685840695,12.6,32.2,100400,2.00,4.00,5.00,5.00,0.0147,0
2023-06-03 21:09:45,1685840986,12.3,32.7,100400,1.00,2.00,3.00,4.00,0.0145,0
2023-06-03 21:14:56,1685841296,11.9,33.3,100400,1.00,2.00,4.00,4.00,0.00995,0
2023-06-03 21:19:48,1685841588,11.6,33.9,100400,1.00,8.00,14.0,17.0,0.0262,0
2023-06-03 21:24:59,1685841899,11.2,34.9,100400,2.00,4.00,5.00,6.00,0.0172,0
2023-06-03 21:29:51,1685842191,10.9,35.5,100400,1.00,4.00,6.00,8.00,0.0125,0
2023-06-03 21:34:43,1685842483,10.6,36.2,100400,6.00,8.00,13.0,15.0,0.0622,0
2023-06-03 21:39:54,1685842795,10.5,36.4,100400,14.0,14.0,14.0,14.0,0.100,0
2023-06-03 21:44:46,1685843087,10.7,32.7,100400,9.00,10.0,10.0,10.0,0.129,0
2023-06-03 21:49:57,1685843398,11.3,30.2,100400,3.00,4.00,4.00,5.00,0.239,0
2023-06-03 21:54:49,1685843689,12.0,29.9,100400,8.00,9.00,9.00,9.00,0.246,0
2023-06-03 21:59:59,1685844000,12.6,25.8,100400,17.0,20.0,22.0,23.0,0.409,0
2023-06-03 22:04:51,1685844291,13.3,22.5,100400,19.0,20.0,20.0,20.0,0.893,0
2023-06-03 22:09:41,1685844582,14.0,20.9,100400,13.0,14.0,17.0,19.0,0.577,0
2023-06-03 22:14:51,1685844892,14.5,20.1,100400,11.0,11.0,11.0,11.0,0.553,0
2023-06-03 22:19:41,1685845182,14.8,19.4,100400,8.00,9.00,10.0,11.0,0.114,0
2023-06-03 22:24:51,1685845491,15.0,19.2,100400,7.00,8.00,8.00,8.00,0.130,0
2023-06-03 22:29:41,1685845782,15.1,18.7,100400,6.00,7.00,9.00,11.0,0.0588,0
2023-06-03 22:34:50,1685846091,15.1,18.5,100400,7.00,8.00,9.00,10.0,0.0117,0
2023-06-03 22:39:40,1685846381,15.0,19.4,100400,6.00,7.00,7.00,7.00,0.0186,0
2023-06-03 22:44:50,1685846691,14.8,20.7,100400,15.0,17.0,18.0,18.0,0.0375,0
2023-06-03 22:49:41,1685846981,14.3,21.6,100400,10.0,13.0,17.0,18.0,0.215,0
2023-06-03 22:54:50,1685847291,13.7,22.5,100400,12.0,13.0,15.0,15.0,0.215,0
2023-06-03 22:59:41,1685847582,13.1,23.3,100400,9.00,10.0,10.0,10.0,0.136,0
2023-06-03 23:04:52,1685847892,12.6,23.7,100400,6.00,7.00,8.00,9.00,0.0398,0
2023-06-03 23:09:43,1685848184,12.2,24.4,100400,7.00,8.00,8.00,9.00,0.100,0
2023-06-03 23:14:54,1685848494,11.7,25.7,100400,4.00,4.00,4.00,5.00,0.0337,0
2023-06-03 23:19:46,1685848786,11.3,26.6,100400,4.00,7.00,10.0,11.0,0.0137,0
2023-06-03 23:24:57,1685849097,10.9,27.5,100400,4.00,4.00,4.00,5.00,0.0191,0
2023-06-03 23:29:49,1685849389,10.6,28.0,100400,5.00,7.00,8.00,9.00,0.0220,0
2023-06-03 23:34:41,1685849682,10.3,28.5,100400,6.00,7.00,7.00,7.00,0.0282,0
2023-06-03 23:39:53,1685849993,10.1,28.9,100400,4.00,7.00,10.0,11.0,0.0136,0
2023-06-03 23:44:45,1685850286,10.0,29.3,100400,4.00,7.00,9.00,10.0,0.0110,0
2023-06-03 23:49:57,1685850598,9.89,29.8,100400,6.00,6.00,6.00,6.00,0.0226,0
2023-06-03 23:54:50,1685850890,9.66,30.0,100400,3.00,4.00,6.00,6.00,0.0188,0
2023-06-03 23:59:42,1685851183,9.40,30.6,100400,2.00,3.00,5.00,5.00,0.0126,0
2023-06-04 00:04:55,1685851495,9.09,31.2,100350,3.00,4.00,6.00,7.00,0.0126,0
2023-06-04 00:09:47,1685851788,8.79,31.3,100380,3.00,5.00,6.00,7.00,0.0192,0
2023-06-04 00:14:41,1685852081,8.67,31.4,100300,2.00,3.00,4.00,5.00,0.0223,0
2023-06-04 00:19:53,1685852394,8.57,31.8,100300,3.00,5.00,6.00,7.00,0.0223,0
2023-06-04 00:24:47,1685852687,8.37,32.5,100333,2.00,5.00,7.00,8.00,0.0129,0
2023-06-04 00:29:59,1685853000,8.14,34.3,100306,9.00,13.0,15.0,16.0,0.0249,0
2023-06-04 00:34:53,1685853293,7.83,35.8,100400,8.00,9.00,11.0,12.0,0.196,0
2023-06-04 00:39:46,1685853587,7.57,35.1,100353,4.00,7.00,9.00,10.0,0.196,0
2023-06-04 00:44:40,1685853881,7.33,35.5,100300,3.00,4.00,5.00,6.00,0.142,0
2023-06-04 00:49:53,1685854194,7.09,35.6,100300,3.00,5.00,6.00,7.00,0.0520,0
2023-06-04 00:54:47,1685854488,6.83,35.6,100300,5.00,7.00,9.00,9.00,0.0122,0
2023-06-04 00:59:41,1685854782,6.60,36.3,100300,5.00,6.00,7.00,7.00,0.0179,0
2023-06-04 01:04:55,1685855096,6.39,36.8,100300,3.00,6.00,9.00,11.0,0.0170,0
2023-06-04 01:09:50,1685855390,6.19,37.1,100300,2.00,2.00,3.00,3.00,0.0322,0
2023-06-04 01:14:44,1685855685,6.00,37.6,100300,2.00,5.00,8.00,10.0,0.0322,0
2023-06-04 01:19:59,1685855999,5.79,38.4,100300,5.00,6.00,7.00,8.00,0.0140,0
2023-06-04 01:24:53,1685856294,5.58,39.0,100300,2.00,3.00,4.00,5.00,0.0135,0
2023-06-04 01:29:48,1685856588,5.41,39.3,100300,10.0,11.0,14.0,16.0,0.0405,0
2023-06-04 01:34:43,1685856883,5.24,39.3,100300,3.00,5.00,8.00,9.00,0.0666,0
2023-06-04 01:39:57,1685857198,5.09,39.3,100300,2.00,3.00,5.00,6.00,0.111,0
2023-06-04 01:44:52,1685857493,4.96,39.7,100300,2.00,4.00,7.00,8.00,0.0195,0
2023-06-04 01:49:48,1685857788,4.82,39.9,100300,2.00,3.00,5.00,6.00,0.0128,0
2023-06-04 01:54:43,1685858083,4.67,40.6,100300,3.00,4.00,4.00,5.00,0.0127,0
2023-06-04 01:59:58,1685858398,4.55,41.0,100300,2.00,3.00,4.00,4.00,0.0127,0
2023-06-04 02:04:53,1685858693,4.44,41.1,100300,3.00,3.00,4.00,4.00,0.0118,0
2023-06-04 02:09:48,1685858989,4.34,41.2,100300,2.00,5.00,8.00,9.00,0.0136,0
2023-06-04 02:14:43,1685859284,4.24,41.3,100300,2.00,2.00,3.00,4.00,0.0136,0
2023-06-04 02:19:59,1685859599,4.12,41.2,100300,4.00,6.00,8.00,10.0,0.0138,0
2023-06-04 02:24:54,1685859894,4.01,42.0,100300,2.00,3.00,4.00,5.00,0.0164,0
2023-06-04 02:29:50,1685860190,3.90,42.3,100300,2.00,3.00,6.00,7.00,0.0161,0
2023-06-04 02:34:45,1685860486,3.81,42.8,100300,2.00,3.00,3.00,4.00,0.0133,0
2023-06-04 02:39:41,1685860782,3.71,42.7,100300,1.00,3.00,5.00,6.00,0.0156,0
2023-06-04 02:44:57,1685861097,3.62,43.0,100300,1.00,3.00,5.00,6.00,0.0129,0
2023-06-04 02:49:53,1685861393,3.54,43.1,100300,2.00,3.00,4.00,5.00,0.0103,0
2023-06-04 02:54:48,1685861689,3.48,43.7,100300,3.00,5.00,9.00,12.0,0.0231,0
2023-06-04 02:59:44,1685861985,3.42,42.9,100300,2.00,5.00,8.00,10.0,0.0322,0
2023-06-04 03:04:40,1685862281,3.36,42.8,100300,2.00,4.00,6.00,7.00,0.0213,0
2023-06-04 03:09:56,1685862596,3.29,43.1,100300,2.00,3.00,4.00,5.00,0.0162,0
2023-06-04 03:14:52,1685862892,3.24,43.2,100300,2.00,5.00,7.00,8.00,0.0177,0
2023-06-04 03:19:48,1685863189,3.19,43.4,100300,3.00,6.00,10.0,12.0,0.0146,0
2023-06-04 03:24:44,1685863485,3.13,43.2,100300,3.00,6.00,7.00,9.00,0.0298,0
2023-06-04 03:29:40,1685863780,3.05,43.2,100300,2.00,4.00,7.00,8.00,0.0298,0
2023-06-04 03:34:56,1685864096,2.99,44.2,100300,2.00,3.00,5.00,6.00,0.0278,0
2023-06-04 03:39:52,1685864392,2.95,44.7,100300,3.00,5.00,8.00,9.00,0.0160,0
2023-06-04 03:44:48,1685864688,2.93,44.2,100300,3.00,6.00,7.00,8.00,0.0192,0
2023-06-04 03:49:44,1685864984,2.88,44.3,100300,1.00,2.00,4.00,4.00,0.0124,0
2023-06-04 03:54:40,1685865281,2.85,45.6,100300,2.00,4.00,5.00,6.00,0.0187,0
2023-06-04 03:59:56,1685865596,2.83,46.1,100300,15.0,18.0,19.0,20.0,0.393,0
2023-06-04 04:04:52,1685865893,2.80,45.9,100300,2.00,3.00,6.00,7.00,0.435,0
2023-06-04 04:09:48,1685866189,2.81,45.7,100300,1.00,3.00,5.00,7.00,0.395,0
2023-06-04 04:14:44,1685866485,2.83,45.4,100300,2.00,3.00,5.00,5.00,0.240,0
2023-06-04 04:19:40,1685866781,2.83,46.3,100300,3.00,5.00,6.00,7.00,0.0110,0
2023-06-04 04:24:56,1685867097,2.84,46.2,100300,2.00,3.00,4.00,4.00,0.0137,0
2023-06-04 04:29:52,1685867393,2.85,45.3,100300,1.00,3.00,5.00,6.00,0.0107,0
2023-06-04 04:34:48,1685867689,2.90,46.7,100300,2.00,4.00,5.00,6.00,0.0107,0
2023-06-04 04:39:44,1685867985,3.03,45.9,100300,1.00,3.00,5.00,6.00,0.0116,0
2023-06-04 04:44:40,1685868281,3.13,45.7,100300,3.00,4.00,7.00,8.00,0.0201,0
2023-06-04 04:49:56,1685868597,3.17,46.1,100300,2.00,6.00,10.0,12.0,0.0420,0
2023-06-04 04:54:52,1685868893,3.21,46.4,100300,2.00,2.00,3.00,4.00,0.0246,0
2023-06-04 04:59:48,1685869188,3.27,46.0,100300,1.00,3.00,5.00,6.00,0.0208,0
2023-06-04 05:04:44,1685869484,3.36,45.3,100293,2.00,4.00,5.00,6.00,0.0222,0
2023-06-04 05:09:59,1685869800,3.44,45.0,100213,3.00,4.00,5.00,5.00,0.0142,0
2023-06-04 05:14:55,1685870096,3.50,44.8,100200,1.00,3.00,5.00,6.00,0.0103,0
2023-06-04 05:19:51,1685870391,3.50,46.3,100200,2.00,4.00,6.00,7.00,0.0133,0
2023-06-04 05:24:47,1685870687,3.52,46.9,100200,4.00,6.00,7.00,8.00,0.0311,0
2023-06-04 05:29:42,1685870983,3.68,47.0,100200,4.00,5.00,7.00,8.00,0.0311,0
2023-06-04 05:34:57,1685871297,4.03,47.0,100200,3.00,5.00,6.00,7.00,0.0181,0
2023-06-04 05:39:52,1685871592,4.46,45.9,100200,2.00,3.00,6.00,7.00,0.0147,0
2023-06-04 05:44:47,1685871887,4.84,45.3,100200,2.00,3.00,5.00,6.00,0.0148,0
2023-06-04 05:49:41,1685872182,5.29,44.8,100200,2.00,2.00,3.00,4.00,0.0148,0
2023-06-04 05:54:55,1685872495,5.80,44.2,100200,3.00,3.00,5.00,6.00,0.0140,0
2023-06-04 05:59:49,1685872789,6.36,43.5,100200,2.00,2.00,3.00,4.00,0.0110,0
2023-06-04 06:04:42,1685873083,6.72,42.6,100200,2.00,4.00,7.00,8.00,0.0114,0
2023-06-04 06:09:55,1685873396,6.90,41.9,100200,4.00,6.00,7.00,8.00,0.0154,0
2023-06-04 06:14:49,1685873689,7.11,42.3,100200,2.00,2.00,3.00,4.00,0.0194,0
2023-06-04 06:19:42,1685873982,7.46,42.5,100200,2.00,5.00,8.00,10.0,0.0204,0
2023-06-04 06:24:53,1685874294,8.10,42.3,100200,2.00,5.00,7.00,9.00,0.0141,0
2023-06-04 06:29:45,1685874586,8.74,41.6,100200,3.00,6.00,9.00,11.0,0.0184,0
2023-06-04 06:34:56,1685874897,9.41,40.4,100200,5.00,7.00,8.00,9.00,0.0127,0
2023-06-04 06:39:47,1685875188,10.1,40.0,100200,5.00,6.00,9.00,11.0,0.0175,0
2023-06-04 06:44:57,1685875497,10.9,39.8,100200,1.00,3.00,5.00,6.00,0.0175,0
2023-06-04 06:49:47,1685875788,11.3,38.9,100200,2.00,4.00,7.00,8.00,0.0356,0
2023-06-04 06:54:57,1685876098,11.5,38.0,100200,4.00,5.00,9.00,11.0,0.0268,0
2023-06-04 06:59:48,1685876388,11.6,37.4,100200,4.00,4.00,7.00,9.00,0.0320,0
2023-06-04 07:04:58,1685876698,11.7,36.8,100200,4.00,6.00,8.00,9.00,0.0155,0
2023-06-04 07:09:48,1685876989,11.7,36.5,100200,8.00,9.00,12.0,13.0,0.0131,0
2023-06-04 07:14:58,1685877299,11.7,35.7,100200,2.00,3.00,4.00,4.00,0.0375,0
2023-06-04 07:19:49,1685877590,11.8,36.7,100200,1.00,3.00,5.00,6.00,0.0402,0
2023-06-04 07:24:59,1685877900,12.0,37.7,100200,7.00,8.00,9.00,10.0,0.0170,0
2023-06-04 07:29:50,1685878190,12.1,38.0,100213,2.00,3.00,5.00,6.00,0.0225,0
2023-06-04 07:34:41,1685878481,12.3,37.1,100273,2.00,3.00,5.00,6.00,0.0225,0
2023-06-04 07:39:50,1685878791,12.7,36.2,100219,2.00,4.00,6.00,8.00,0.0186,0
2023-06-04 07:44:41,1685879081,13.1,34.0,100293,2.00,4.00,5.00,6.00,0.0130,0
2023-06-04 07:49:31,1685879371,13.6,33.3,100233,1.00,4.00,7.00,8.00,0.0130,0
2023-06-04 08:04:52,1685880293,17.9,27.8,100200,1e-7,2.00,3.00,4.00,0.0119,0
2023-06-04 08:09:57,1685880598,18.8,26.5,100200,1e-7,2.00,3.00,4.00,0.0135,0
2023-06-04 08:14:43,1685880883,20.1,25.5,100200,2.00,2.00,3.00,4.00,0.0127,0
2023-06-04 08:19:46,1685881187,21.3,23.5,100200,2.00,4.00,7.00,9.00,0.0150,0
2023-06-04 08:24:50,1685881490,22.1,22.1,100200,1.00,6.00,10.0,12.0,0.0295,0
2023-06-04 08:29:53,1685881793,22.6,20.9,100281,2.00,3.00,4.00,5.00,0.0202,0
2023-06-04 08:34:55,1685882096,23.3,20.2,100300,1.00,3.00,6.00,7.00,0.0214,0
2023-06-04 08:35:14,1685882115,23.8,19.6,100300,1e-7,1e-7,1.00,1.00,0.0106,0
2023-06-04 08:49:53,1685882994,24.7,19.2,100247,1.00,2.00,4.00,4.00,0.0120,0
2023-06-04 08:54:55,1685883295,25.3,18.8,100200,1e-7,3.00,5.00,7.00,0.0148,0
2023-06-04 08:59:56,1685883597,25.9,18.3,100200,1.00,2.00,3.00,3.00,0.0105,0
2023-06-04 09:04:57,1685883898,25.7,17.3,100200,7.00,25.0,39.0,46.0,0.0224,0
2023-06-04 09:09:59,1685884199,24.8,18.4,100200,2.00,3.00,6.00,7.00,0.109,0
2023-06-04 09:10:56,1685884256,24.2,18.2,100200,1.00,2.00,3.00,3.00,0.0538,0
2023-06-04 09:24:42,1685885082,23.6,20.0,100209,1.00,3.00,6.00,7.00,0.0819,0
2023-06-04 09:29:44,1685885384,24.2,19.3,100231,1.00,2.00,3.00,3.00,0.0780,0
2023-06-04 09:34:46,1685885686,24.7,19.0,100200,3.00,5.00,7.00,7.00,0.0144,0
2023-06-04 09:39:48,1685885988,24.8,18.5,100200,2.00,2.00,3.00,4.00,0.0199,0
2023-06-04 09:44:50,1685886290,24.9,18.4,100200,2.00,4.00,7.00,8.00,0.0143,0
2023-06-04 09:49:51,1685886592,25.4,18.7,100200,2.00,4.00,6.00,7.00,0.0141,0
2023-06-04 09:54:53,1685886893,26.5,17.2,100200,1.00,3.00,5.00,6.00,0.0109,0
2023-06-04 09:59:54,1685887194,26.4,16.8,100200,1.00,3.00,4.00,4.00,0.0106,0
2023-06-04 10:04:55,1685887496,26.1,16.8,100200,1.00,2.00,4.00,4.00,0.0107,0
2023-06-04 10:09:56,1685887797,26.0,16.8,100200,1.00,3.00,5.00,6.00,0.0105,0
2023-06-04 10:14:58,1685888099,25.9,17.0,100200,2.00,5.00,8.00,10.0,0.0136,0
2023-06-04 10:19:41,1685888382,25.7,17.4,100200,1.00,2.00,4.00,4.00,0.0148,0
2023-06-04 10:24:43,1685888684,25.3,17.5,100200,2.00,4.00,8.00,9.00,0.0148,0
2023-06-04 10:29:46,1685888986,24.6,18.1,100200,1.00,2.00,3.00,4.00,0.0119,0
2023-06-04 10:34:49,1685889290,24.0,18.7,100200,3.00,7.00,11.0,14.0,0.0192,0
2023-06-04 10:39:53,1685889593,23.3,19.2,100200,2.00,5.00,8.00,10.0,0.0252,0
2023-06-04 10:44:56,1685889897,23.3,19.5,100200,2.00,5.00,9.00,11.0,0.0284,0
2023-06-04 10:49:41,1685890181,23.7,19.5,100200,1.00,4.00,7.00,9.00,0.0284,0
2023-06-04 10:54:44,1685890485,24.0,19.5,100200,1.00,3.00,4.00,5.00,0.0264,0
2023-06-04 10:59:48,1685890788,23.9,19.7,100200,2.00,6.00,9.00,11.0,0.0244,0
2023-06-04 11:04:51,1685891092,23.5,20.0,100200,4.00,8.00,14.0,16.0,0.0794,0
2023-06-04 11:09:56,1685891396,23.0,20.2,100200,4.00,5.00,10.0,12.0,0.0441,0
2023-06-04 11:14:41,1685891681,22.2,20.8,100200,2.00,4.00,5.00,6.00,0.0441,0
2023-06-04 11:19:45,1685891986,21.7,21.6,100200,4.00,7.00,13.0,15.0,0.0186,0
2023-06-04 11:24:50,1685892290,21.4,22.1,100281,2.00,5.00,8.00,9.00,0.0230,0
2023-06-04 11:29:55,1685892595,21.1,22.3,100300,3.00,13.0,22.0,26.0,0.0219,0
2023-06-04 11:34:41,1685892881,20.7,22.9,100300,3.00,4.00,7.00,8.00,0.0333,0
2023-06-04 11:39:46,1685893187,20.3,23.9,100225,2.00,3.00,4.00,5.00,0.0280,0
2023-06-04 11:44:52,1685893492,20.1,24.5,100200,2.00,8.00,12.0,14.0,0.0127,0
2023-06-04 11:49:57,1685893798,20.1,24.9,100200,2.00,4.00,6.00,7.00,0.0138,0
2023-06-04 11:54:44,1685894084,20.3,24.8,100200,2.00,4.00,6.00,8.00,0.0116,0
2023-06-04 11:59:49,1685894390,20.7,25.2,100200,3.00,5.00,7.00,8.00,0.0116,0
2023-06-04 12:04:54,1685894695,20.9,24.7,100200,2.00,3.00,4.00,5.00,0.0210,0
2023-06-04 12:09:40,1685894981,21.1,24.9,100200,3.00,4.00,7.00,8.00,0.0263,0
2023-06-04 12:14:46,1685895286,21.6,24.3,100200,1.00,2.00,3.00,4.00,0.0177,0
2023-06-04 12:19:50,1685895591,22.0,24.4,100200,2.00,4.00,5.00,6.00,0.0175,0
2023-06-04 12:24:55,1685895895,22.8,23.8,100200,1.00,3.00,4.00,5.00,0.0130,0
2023-06-04 12:29:59,1685896199,23.6,22.2,100200,1.00,5.00,8.00,10.0,0.0152,0
2023-06-04 12:34:44,1685896484,23.9,22.1,100200,1.00,3.00,4.00,5.00,0.0245,0
2023-06-04 12:39:47,1685896788,24.0,21.9,100200,2.00,2.00,3.00,4.00,0.0247,0
2023-06-04 12:44:51,1685897091,24.5,22.0,100188,1.00,3.00,4.00,4.00,0.00986,0
2023-06-04 12:49:54,1685897394,25.1,21.1,100100,2.00,3.00,5.00,6.00,0.0117,0
2023-06-04 12:54:57,1685897697,25.6,20.8,100100,2.00,5.00,7.00,8.00,0.0128,0
2023-06-04 12:59:59,1685898000,25.7,20.4,100100,1e-7,1.00,2.00,3.00,0.0128,0
2023-06-04 13:04:43,1685898284,25.9,20.0,100100,3.00,11.0,16.0,19.0,0.0310,0
2023-06-04 13:09:46,1685898587,25.6,20.7,100100,3.00,4.00,5.00,6.00,0.126,0
2023-06-04 13:14:49,1685898889,25.5,20.3,100100,2.00,2.00,4.00,4.00,0.0807,0
2023-06-04 13:19:52,1685899192,25.0,20.6,100100,1.00,3.00,5.00,6.00,0.0807,0
2023-06-04 13:24:55,1685899496,24.5,21.0,100100,2.00,9.00,15.0,18.0,0.0424,0
2023-06-04 13:29:59,1685899799,24.2,21.3,100100,1.00,3.00,6.00,7.00,0.0543,0
2023-06-04 13:34:44,1685900084,24.0,21.7,100100,2.00,3.00,5.00,6.00,0.0673,0
2023-06-04 13:39:47,1685900388,24.0,22.0,100050,2.00,6.00,8.00,10.0,0.0582,0
2023-06-04 13:44:51,1685900692,24.3,21.8,100000,2.00,6.00,10.0,13.0,0.0207,0
2023-06-04 13:49:55,1685900995,24.8,21.6,100000,2.00,4.00,5.00,6.00,0.0139,0
2023-06-04 13:54:58,1685901298,25.1,21.2,100000,2.00,5.00,8.00,9.00,0.0206,0
2023-06-04 13:59:42,1685901583,24.9,21.5,100000,2.00,4.00,6.00,7.00,0.0284,0
2023-06-04 14:04:46,1685901886,24.7,21.8,100000,2.00,8.00,13.0,15.0,0.0258,0
2023-06-04 14:09:49,1685902190,24.6,21.4,100000,3.00,7.00,10.0,11.0,0.0258,0
2023-06-04 14:14:52,1685902493,24.5,21.9,100000,2.00,5.00,8.00,10.0,0.0466,0
2023-06-04 14:19:56,1685902797,24.6,22.0,100000,2.00,4.00,7.00,8.00,0.0391,0
2023-06-04 14:24:41,1685903081,24.6,22.1,100000,22.0,86.0,137,163,0.144,0
2023-06-04 14:29:44,1685903385,24.4,21.8,100000,2.00,12.0,21.0,25.0,0.241,0
2023-06-04 14:34:48,1685903689,24.6,21.7,100000,1.00,4.00,7.00,8.00,0.230,0
2023-06-04 14:39:51,1685903992,24.6,21.8,100000,2.00,3.00,5.00,6.00,0.229,0
2023-06-04 14:44:55,1685904296,24.7,21.2,100000,2.00,4.00,6.00,8.00,0.0153,0
2023-06-04 14:49:58,1685904599,24.7,21.7,100000,2.00,7.00,11.0,13.0,0.0290,0
2023-06-04 14:54:43,1685904884,24.9,21.5,100000,3.00,7.00,9.00,11.0,0.0134,0
2023-06-04 14:59:59,1685905199,24.9,21.2,100000,2.00,8.00,13.0,15.0,0.0134,0
2023-06-04 15:04:43,1685905484,24.9,21.0,100000,2.00,4.00,5.00,6.00,0.0115,0
2023-06-04 15:09:46,1685905787,25.1,21.0,100000,2.00,5.00,8.00,9.00,0.0170,0
2023-06-04 15:14:50,1685906090,25.1,21.1,100000,2.00,5.00,8.00,10.0,0.0136,0
2023-06-04 15:19:52,1685906393,24.9,21.1,100000,1.00,5.00,8.00,9.00,0.0123,0
2023-06-04 15:24:55,1685906696,24.8,21.2,100000,3.00,5.00,9.00,11.0,0.0139,0
2023-06-04 15:29:59,1685906999,24.6,21.6,100000,2.00,7.00,10.0,12.0,0.0139,0
2023-06-04 15:34:43,1685907284,24.6,21.6,100000,2.00,6.00,10.0,12.0,0.0198,0
2023-06-04 15:39:47,1685907587,24.6,21.4,100000,2.00,5.00,8.00,9.00,0.0242,0
2023-06-04 15:44:50,1685907891,24.4,21.1,100000,2.00,3.00,5.00,6.00,0.0131,0
2023-06-04 15:49:54,1685908195,24.2,21.7,100000,2.00,3.00,5.00,6.00,0.0154,0
2023-06-04 15:54:58,1685908498,24.5,21.7,100000,1.00,4.00,7.00,8.00,0.0111,0
2023-06-04 15:59:42,1685908782,25.0,21.4,100000,3.00,3.00,5.00,6.00,0.0153,0
2023-06-04 16:04:45,1685909085,25.6,20.7,100000,2.00,8.00,12.0,14.0,0.0183,0
2023-06-04 16:09:48,1685909388,25.8,20.5,100000,2.00,5.00,7.00,8.00,0.0309,0
2023-06-04 16:14:51,1685909691,25.9,20.5,100000,3.00,10.0,17.0,21.0,0.0412,0
2023-06-04 16:19:54,1685909994,25.8,20.4,100000,2.00,4.00,6.00,7.00,0.0408,0
2023-06-04 16:24:57,1685910297,25.5,20.6,100000,2.00,6.00,9.00,11.0,0.0433,0
2023-06-04 16:29:59,1685910600,25.0,21.4,100000,2.00,4.00,6.00,7.00,0.0300,0
2023-06-04 16:34:43,1685910884,25.2,21.1,99907,4.00,8.00,12.0,13.0,0.0114,0
2023-06-04 16:39:47,1685911187,25.1,21.2,99900,2.00,7.00,11.0,13.0,0.0310,0
2023-06-04 16:44:50,1685911490,25.1,21.0,99900,2.00,5.00,7.00,9.00,0.0444,0
2023-06-04 16:49:53,1685911793,24.9,21.0,99900,1.00,3.00,5.00,6.00,0.0279,0
2023-06-04 16:54:57,1685912097,24.5,21.6,99900,2.00,5.00,8.00,9.00,0.0205,0
2023-06-04 16:59:59,1685912400,24.4,21.8,99900,1.00,5.00,8.00,10.0,0.0205,0
2023-06-04 17:04:44,1685912684,24.6,21.2,99900,2.00,5.00,7.00,8.00,0.0168,0
2023-06-04 17:09:47,1685912988,24.5,21.4,99900,2.00,2.00,4.00,4.00,0.0155,0
2023-06-04 17:14:51,1685913292,24.2,21.5,99900,2.00,5.00,7.00,9.00,0.0169,0
2023-06-04 17:19:55,1685913595,24.2,21.3,99900,1.00,3.00,6.00,7.00,0.0180,0
2023-06-04 17:24:58,1685913899,24.0,21.6,99900,1.00,5.00,7.00,9.00,0.0181,0
2023-06-04 17:29:43,1685914184,24.2,21.4,99900,1.00,4.00,7.00,9.00,0.0163,0
2023-06-04 17:34:47,1685914488,24.1,21.2,99900,3.00,5.00,8.00,9.00,0.0217,0
2023-06-04 17:39:51,1685914792,23.8,21.6,99900,3.00,10.0,16.0,19.0,0.0364,0
2023-06-04 17:44:55,1685915096,23.6,22.4,99900,2.00,3.00,5.00,6.00,0.0338,0
2023-06-04 17:49:41,1685915381,23.6,22.4,99900,2.00,3.00,5.00,6.00,0.0454,0
2023-06-04 17:54:44,1685915685,23.8,22.5,99900,2.00,3.00,4.00,5.00,0.0454,0
2023-06-04 17:59:48,1685915989,23.9,22.4,99900,1.00,3.00,5.00,6.00,0.0147,0
2023-06-04 18:04:52,1685916293,23.8,22.1,99900,2.00,10.0,16.0,19.0,0.0356,0
2023-06-04 18:09:56,1685916597,23.6,22.4,99900,1.00,3.00,5.00,6.00,0.0235,0
2023-06-04 18:14:41,1685916882,23.5,22.8,99900,1.00,3.00,5.00,6.00,0.0239,0
2023-06-04 18:19:46,1685917186,23.2,23.0,99900,1.00,2.00,3.00,4.00,0.0239,0
2023-06-04 18:24:50,1685917491,22.7,23.3,99900,2.00,7.00,12.0,15.0,0.0143,0
2023-06-04 18:29:55,1685917795,22.4,23.9,99900,1.00,3.00,6.00,7.00,0.0241,0
2023-06-04 18:34:41,1685918081,22.1,24.4,99900,1.00,3.00,5.00,6.00,0.0308,0
2023-06-04 18:39:46,1685918387,21.8,24.6,99938,1.00,4.00,6.00,8.00,0.0308,0
2023-06-04 18:44:52,1685918692,21.5,25.2,100000,2.00,3.00,5.00,6.00,0.0183,0
2023-06-04 18:49:57,1685918998,21.4,25.3,100000,1.00,3.00,5.00,5.00,0.0269,0
2023-06-04 18:54:44,1685919284,21.3,25.4,100000,1.00,2.00,3.00,4.00,0.0269,0
2023-06-04 18:59:49,1685919589,21.3,25.1,100000,1.00,4.00,7.00,8.00,0.0120,0
2023-06-04 19:04:54,1685919895,21.2,25.2,100000,2.00,7.00,11.0,13.0,0.0762,0
2023-06-04 19:09:41,1685920182,21.0,24.9,100000,3.00,7.00,11.0,13.0,0.0762,0
2023-06-04 19:14:47,1685920488,20.8,25.2,100000,1.00,6.00,10.0,12.0,0.0329,0
2023-06-04 19:19:54,1685920794,20.5,25.3,100000,1.00,3.00,5.00,6.00,0.0389,0
2023-06-04 19:24:41,1685921081,20.3,25.5,100000,2.00,3.00,5.00,6.00,0.0352,0
2023-06-04 19:29:47,1685921388,20.0,25.7,100000,1.00,4.00,7.00,8.00,0.0220,0
2023-06-04 19:34:54,1685921694,19.8,25.7,99988,2.00,2.00,3.00,4.00,0.0200,0
2023-06-04 19:39:41,1685921982,19.5,25.6,99967,1.00,2.00,3.00,4.00,0.0179,0
2023-06-04 19:44:48,1685922289,19.4,26.0,100000,1.00,2.00,4.00,5.00,0.0117,0
2023-06-04 19:49:55,1685922595,19.3,26.3,100000,1e-7,3.00,5.00,6.00,0.0120,0
2023-06-04 19:54:42,1685922883,19.2,26.6,100000,1e-7,2.00,3.00,4.00,0.0120,0
2023-06-04 19:59:50,1685923190,19.0,26.9,100000,1e-7,4.00,7.00,8.00,0.0139,0
2023-06-04 20:04:57,1685923497,18.8,27.0,99994,1e-7,2.00,3.00,4.00,0.0181,0
2023-06-04 20:09:45,1685923785,18.6,27.4,99927,1.00,4.00,7.00,8.00,0.0159,0
2023-06-04 20:14:52,1685924093,18.4,28.6,99963,1.00,5.00,8.00,10.0,0.0384,0
2023-06-04 20:19:40,1685924381,18.1,29.6,99960,2.00,4.00,6.00,7.00,0.0384,0
2023-06-04 20:24:48,1685924689,17.8,29.7,99931,1.00,4.00,7.00,8.00,0.0214,0
2023-06-04 20:29:56,1685924996,17.5,29.4,99944,2.00,3.00,5.00,6.00,0.0258,0
2023-06-04 20:34:45,1685925285,17.3,29.5,99900,2.00,4.00,6.00,7.00,0.0314,0
2023-06-04 20:39:53,1685925593,17.1,29.3,99900,1.00,3.00,5.00,6.00,0.0202,0
2023-06-04 20:44:41,1685925882,16.9,28.8,99900,3.00,3.00,3.00,3.00,0.0169,0
2023-06-04 20:49:50,1685926190,16.8,28.4,99900,1.00,10.0,17.0,20.0,0.0334,0
2023-06-04 20:54:58,1685926498,16.7,31.2,99900,2.00,6.00,10.0,13.0,0.0436,0
2023-06-04 20:59:47,1685926788,16.4,32.0,99900,1.00,3.00,5.00,7.00,0.0328,0
2023-06-04 21:04:56,1685927096,16.0,32.9,99900,2.00,2.00,3.00,4.00,0.00881,0
2023-06-04 21:09:45,1685927386,15.7,33.2,99907,2.00,3.00,3.00,4.00,0.0124,0
2023-06-04 21:14:54,1685927695,15.5,33.1,99919,1.00,5.00,8.00,10.0,0.00995,0
2023-06-04 21:19:44,1685927985,15.2,33.9,99900,1e-7,1.00,3.00,3.00,0.0112,0
2023-06-04 21:24:53,1685928294,14.9,35.5,99900,1e-7,2.00,3.00,4.00,0.0130,0
2023-06-04 21:29:44,1685928584,14.5,36.1,99900,1e-7,2.00,3.00,4.00,0.0130,0
2023-06-04 21:34:53,1685928894,14.3,36.6,99900,1e-7,2.00,3.00,4.00,0.00995,0
2023-06-04 21:39:44,1685929184,14.0,37.2,99900,1.00,1.00,3.00,3.00,0.00995,0
2023-06-04 21:44:53,1685929494,13.8,37.9,99900,1.00,3.00,6.00,7.00,0.0212,0
2023-06-04 21:49:44,1685929785,13.5,37.8,99900,1e-7,2.00,3.00,4.00,0.0212,0
2023-06-04 21:54:54,1685930095,13.3,38.1,99900,1.00,2.00,3.00,4.00,0.0197,0
2023-06-04 21:59:45,1685930385,13.1,38.2,99900,1e-7,4.00,7.00,9.00,0.0124,0
2023-06-04 22:04:55,1685930696,12.9,39.0,99900,1e-7,3.00,6.00,7.00,0.0160,0
2023-06-04 22:09:46,1685930987,12.7,40.4,99900,1.00,2.00,3.00,4.00,0.0157,0
2023-06-04 22:14:57,1685931297,12.6,40.7,99900,1.00,2.00,3.00,4.00,0.0134,0
2023-06-04 22:19:48,1685931589,12.5,40.1,99900,1e-7,2.00,4.00,4.00,0.0100,0
2023-06-04 22:24:59,1685931899,12.3,40.7,99900,1.00,2.00,3.00,4.00,0.00995,0
2023-06-04 22:29:50,1685932190,12.2,40.8,99900,1.00,2.00,3.00,4.00,0.00995,0
2023-06-04 22:34:41,1685932482,12.0,41.5,99900,1e-7,4.00,7.00,8.00,0.0111,0
2023-06-04 22:39:52,1685932793,11.8,41.5,99900,1.00,2.00,3.00,4.00,0.0123,0
2023-06-04 22:44:44,1685933085,11.5,41.4,99900,1e-7,2.00,3.00,4.00,0.00995,0
2023-06-04 22:49:55,1685933396,11.4,41.8,99900,1.00,2.00,3.00,4.00,0.00995,0
2023-06-04 22:54:47,1685933688,11.2,41.8,99900,1e-7,2.00,3.00,4.00,0.00995,0
2023-06-04 22:59:58,1685933998,11.0,42.7,99900,1.00,2.00,4.00,5.00,0.0101,0
2023-06-04 23:04:50,1685934290,10.7,43.4,99900,1.00,3.00,5.00,6.00,0.0134,0
2023-06-04 23:09:42,1685934583,10.5,43.4,99900,1e-7,2.00,3.00,4.00,0.0134,0
2023-06-04 23:14:54,1685934895,10.4,43.5,99900,1e-7,2.00,3.00,4.00,0.0129,0
2023-06-04 23:19:46,1685935187,10.3,42.8,99900,1e-7,1.00,2.00,3.00,0.00995,0
2023-06-04 23:24:58,1685935499,10.1,43.4,99900,2.00,2.00,3.00,4.00,0.00995,0
2023-06-04 23:29:51,1685935791,9.92,44.3,99900,1e-7,2.00,3.00,4.00,0.00995,0
2023-06-04 23:34:43,1685936084,9.82,43.9,99900,1e-7,2.00,3.00,4.00,0.00995,0
2023-06-04 23:39:55,1685936396,9.71,44.2,99900,1.00,2.00,3.00,4.00,0.00995,0
2023-06-04 23:44:48,1685936689,9.56,43.8,99900,1.00,4.00,7.00,9.00,0.00995,0
2023-06-04 23:49:41,1685936981,9.44,44.1,99900,1e-7,1.00,2.00,3.00,0.0126,0
2023-06-04 23:54:54,1685937294,9.31,46.0,99900,1e-7,2.00,3.00,4.00,0.0153,0
2023-06-04 23:59:46,1685937587,9.20,47.1,99900,1.00,4.00,8.00,9.00,0.0121,0
