2023-05-03 12:28:37,1683131317,20.6,23.5,98500,1.00,2.00,4.00,4.00,,
2023-05-03 16:44:52,1683146693,14.5,33.3,98600,1.00,5.00,8.00,9.00,,
2023-05-03 16:49:50,1683146990,14.5,33.7,98600,1.00,2.00,4.00,4.00,,
2023-05-03 16:54:47,1683147288,14.4,33.8,98700,1.00,3.00,5.00,6.00,0.0130,5.67
2023-05-03 16:59:45,1683147585,14.3,33.9,98694,1.00,4.00,7.00,9.00,0.0197,8.23
2023-05-03 17:04:49,1683147890,14.3,34.1,98700,1.00,2.00,3.00,4.00,0.0130,8.23
2023-05-03 17:06:03,1683147964,14.2,34.0,98700,1.00,2.00,3.00,4.00,0.0151,8.23
2023-05-03 17:13:08,1683148388,14.2,34.2,98700,1.00,4.00,7.00,8.00,0.0151,8.23
2023-05-03 17:36:50,1683149810,13.9,34.4,98700,1e-7,1e-7,1e-7,1e-7,,
2023-05-03 17:54:59,1683150899,13.5,35.2,98700,1e-7,2.00,3.00,4.00,,
2023-05-03 17:59:43,1683151184,13.4,35.5,98717,1.00,1.00,1.00,1.00,,
2023-05-03 18:04:41,1683151482,13.3,35.8,98750,1e-7,1.00,2.00,3.00,0.00995,0
2023-05-03 18:09:58,1683151798,13.2,36.3,98788,1.00,4.00,6.00,7.00,0.0135,0
2023-05-03 18:14:56,1683152097,13.1,36.5,98800,1.00,2.00,3.00,4.00,0.0135,0
2023-05-03 18:19:55,1683152395,13.1,36.7,98800,1.00,4.00,7.00,8.00,0.0138,0
2023-05-03 18:24:53,1683152693,13.1,37.0,98800,1.00,5.00,8.00,9.00,0.0226,0
2023-05-03 18:29:51,1683152991,13.0,37.1,98800,1.00,2.00,3.00,3.00,0.0232,0
2023-05-03 18:34:49,1683153290,12.9,37.2,98800,1.00,4.00,7.00,9.00,0.0245,0
2023-05-03 18:39:48,1683153588,12.8,37.9,98800,2.00,6.00,9.00,11.0,0.0396,0
2023-05-03 18:44:46,1683153887,12.7,37.8,98800,1.00,3.00,5.00,6.00,0.0396,0
2023-05-03 18:49:45,1683154185,12.7,37.8,98800,1.00,4.00,7.00,8.00,0.0268,0
2023-05-03 18:54:43,1683154484,12.6,38.0,98800,1.00,4.00,7.00,9.00,0.0139,0
2023-05-03 18:59:42,1683154782,12.6,38.3,98800,1.00,5.00,9.00,10.0,0.0149,0
2023-05-03 19:04:59,1683155099,12.5,38.0,98800,2.00,4.00,6.00,7.00,0.0167,0
2023-05-03 19:09:57,1683155398,12.5,38.2,98800,1.00,4.00,7.00,8.00,0.0217,0
2023-05-03 19:14:56,1683155696,12.5,38.2,98800,1e-7,2.00,4.00,4.00,0.0113,0
2023-05-03 19:19:55,1683155995,12.4,38.4,98800,1.00,2.00,4.00,5.00,0.0113,0
2023-05-03 19:24:53,1683156294,12.4,38.5,98844,1.00,3.00,5.00,6.00,0.0114,0
2023-05-03 19:29:52,1683156592,12.4,38.6,98894,1.00,2.00,3.00,4.00,0.0116,0
2023-05-03 19:34:50,1683156891,12.4,38.8,98900,2.00,4.00,7.00,9.00,0.0116,0
2023-05-03 19:39:49,1683157190,12.4,38.7,98900,1.00,3.00,5.00,6.00,0.0151,0
2023-05-03 19:44:48,1683157488,12.3,39.1,98900,2.00,7.00,12.0,14.0,0.0105,0
2023-05-03 19:49:46,1683157787,12.3,39.2,98900,1.00,2.00,4.00,4.00,0.0153,0
2023-05-03 19:54:45,1683158086,12.2,39.2,98900,1.00,5.00,7.00,9.00,0.0255,0
2023-05-03 19:59:44,1683158384,12.2,39.8,98900,4.00,14.0,22.0,26.0,0.0233,0
2023-05-03 20:04:43,1683158683,12.1,39.8,98900,2.00,7.00,11.0,13.0,0.0233,0
2023-05-03 20:09:41,1683158982,12.1,39.7,98900,1e-7,2.00,4.00,4.00,0.0570,0
2023-05-03 20:14:59,1683159299,12.1,39.7,98900,1.00,4.00,6.00,7.00,0.0273,0
2023-05-03 20:19:58,1683159598,12.1,39.8,98900,3.00,7.00,11.0,13.0,0.0145,0
2023-05-03 20:24:57,1683159897,12.0,40.4,98900,3.00,4.00,6.00,7.00,0.0520,0
2023-05-03 20:29:55,1683160196,11.9,40.2,98900,2.00,4.00,7.00,8.00,0.0332,0
2023-05-03 20:34:54,1683160495,11.8,40.8,98900,2.00,6.00,10.0,12.0,0.0498,0
2023-05-03 20:39:53,1683160794,11.8,40.8,98900,1.00,2.00,4.00,4.00,0.0498,0
2023-05-03 20:44:52,1683161093,11.8,40.9,98900,1.00,5.00,8.00,10.0,0.0289,0
2023-05-03 20:49:51,1683161392,11.7,41.1,98900,3.00,7.00,12.0,14.0,0.0537,0
2023-05-03 20:54:50,1683161691,11.7,41.1,98900,1.00,2.00,4.00,5.00,0.0712,0
2023-05-03 20:59:49,1683161989,11.7,41.3,98900,2.00,5.00,7.00,9.00,0.0671,0
2023-05-03 21:04:48,1683162289,11.7,41.1,98913,1.00,3.00,5.00,6.00,0.0200,0
2023-05-03 21:09:47,1683162588,11.6,41.2,98975,1.00,4.00,5.00,6.00,0.0201,0
2023-05-03 21:14:46,1683162886,11.6,41.2,98956,2.00,7.00,11.0,13.0,0.0228,0
2023-05-03 21:19:45,1683163186,11.5,41.1,98919,1.00,4.00,6.00,8.00,0.0269,0
2023-05-03 21:24:45,1683163485,11.4,41.6,99000,1.00,3.00,6.00,7.00,0.0271,0
2023-05-03 21:29:44,1683163785,11.4,41.4,99000,1.00,4.00,6.00,7.00,0.0217,0
2023-05-03 21:34:43,1683164084,11.3,41.8,99000,2.00,4.00,5.00,6.00,0.0154,0
2023-05-03 21:39:42,1683164383,11.3,41.8,99000,1.00,5.00,8.00,10.0,0.0154,0
2023-05-03 21:44:41,1683164682,11.3,41.9,99000,2.00,5.00,8.00,9.00,0.0149,0
2023-05-03 21:49:59,1683164999,11.3,42.3,99000,2.00,2.00,3.00,4.00,0.0167,0
2023-05-03 21:54:58,1683165298,11.3,42.2,99000,4.00,10.0,15.0,18.0,0.0291,0
2023-05-03 21:59:57,1683165598,11.3,42.3,99000,2.00,5.00,7.00,8.00,0.0486,0
2023-05-03 22:04:56,1683165897,11.3,42.3,99000,2.00,7.00,10.0,12.0,0.0334,0
2023-05-03 22:09:48,1683166188,11.3,41.6,99000,1.00,2.00,4.00,5.00,0.0126,0
2023-05-03 22:14:47,1683166487,11.2,41.8,99000,1.00,4.00,6.00,7.00,0.0148,0
2023-05-03 22:19:46,1683166786,11.2,42.0,99000,1.00,3.00,5.00,6.00,0.0187,0
2023-05-03 22:24:45,1683167086,11.2,41.7,99000,1.00,3.00,5.00,6.00,0.0110,0
2023-05-03 22:29:44,1683167385,11.3,41.9,99000,1.00,4.00,7.00,9.00,0.0141,0
2023-05-03 22:34:44,1683167684,11.2,41.7,99000,2.00,3.00,5.00,5.00,0.0163,0
2023-05-03 22:39:43,1683167983,11.3,41.7,99000,1.00,3.00,5.00,6.00,0.0166,0
2023-05-03 22:44:42,1683168283,11.2,41.7,99000,1.00,3.00,6.00,7.00,0.0166,0
2023-05-03 22:49:42,1683168582,11.2,41.6,99000,4.00,7.00,10.0,11.0,0.0225,0
2023-05-03 22:54:41,1683168881,11.2,41.6,99000,1.00,4.00,6.00,7.00,0.0302,0
2023-05-03 22:59:59,1683169199,11.1,41.5,99000,2.00,3.00,5.00,6.00,0.0409,0
2023-05-03 23:04:58,1683169499,11.1,41.7,99000,2.00,5.00,8.00,10.0,0.0257,0
2023-05-03 23:09:58,1683169798,11.0,41.5,99000,1.00,4.00,7.00,8.00,0.0235,0
2023-05-03 23:14:57,1683170098,11.0,41.6,99000,2.00,5.00,8.00,9.00,0.0200,0
2023-05-03 23:19:57,1683170397,11.0,41.4,99000,2.00,4.00,7.00,9.00,0.0200,0
2023-05-03 23:24:56,1683170697,11.0,41.5,99000,2.00,5.00,7.00,8.00,0.0208,0
2023-05-03 23:29:56,1683170996,11.0,41.4,99000,1.00,4.00,6.00,7.00,0.0179,0
2023-05-03 23:34:55,1683171295,10.9,41.4,99000,2.00,8.00,13.0,15.0,0.0168,0
2023-05-03 23:39:54,1683171595,11.0,41.3,99000,1.00,2.00,4.00,4.00,0.0194,0
2023-05-03 23:44:54,1683171894,10.9,41.3,99000,2.00,2.00,4.00,4.00,0.0256,0
2023-05-03 23:49:54,1683172194,10.9,41.3,99075,2.00,6.00,11.0,12.0,0.0249,0
2023-05-03 23:54:53,1683172494,10.9,41.3,99063,2.00,7.00,11.0,13.0,0.0249,0
2023-05-03 23:59:53,1683172793,10.9,41.0,99100,2.00,7.00,12.0,14.0,0.0177,0
2023-05-04 00:04:52,1683173093,10.8,41.2,99100,3.00,3.00,3.00,4.00,0.0279,0
2023-05-04 00:09:52,1683173392,10.8,40.9,99100,2.00,6.00,9.00,11.0,0.0374,0
2023-05-04 00:14:51,1683173691,10.8,41.1,99100,2.00,5.00,8.00,10.0,0.0147,0
2023-05-04 00:19:50,1683173991,10.8,41.2,99100,1.00,2.00,3.00,4.00,0.0154,0
2023-05-04 00:24:50,1683174290,10.7,41.2,99100,1.00,4.00,6.00,7.00,0.0188,0
2023-05-04 00:29:49,1683174590,10.6,41.3,99100,3.00,9.00,14.0,16.0,0.0188,0
2023-05-04 00:34:49,1683174889,10.6,41.3,99100,1.00,3.00,5.00,6.00,0.0388,0
2023-05-04 00:39:48,1683175189,10.6,41.5,99100,2.00,6.00,9.00,10.0,0.0370,0
2023-05-04 00:44:48,1683175488,10.5,41.5,99100,1.00,3.00,5.00,6.00,0.0205,0
2023-05-04 00:49:47,1683175788,10.5,41.6,99100,1.00,4.00,7.00,9.00,0.0137,0
2023-05-04 00:54:47,1683176087,10.5,41.8,99100,1.00,2.00,3.00,4.00,0.0168,0
2023-05-04 00:59:46,1683176387,10.5,41.8,99100,2.00,6.00,11.0,12.0,0.0272,0
2023-05-04 01:04:46,1683176687,10.4,41.9,99100,1.00,3.00,5.00,5.00,0.0272,0
2023-05-04 01:09:46,1683176986,10.4,42.0,99100,1.00,3.00,5.00,6.00,0.0192,0
2023-05-04 01:14:45,1683177286,10.4,42.2,99100,1.00,4.00,7.00,9.00,0.0103,0
2023-05-04 01:19:45,1683177585,10.4,42.4,99100,1.00,3.00,5.00,6.00,0.0132,0
2023-05-04 01:24:44,1683177885,10.4,42.9,99100,1.00,3.00,5.00,6.00,0.0107,0
2023-05-04 01:29:44,1683178184,10.4,43.0,99100,1.00,5.00,7.00,9.00,0.0110,0
2023-05-04 01:34:43,1683178484,10.3,43.1,99081,1.00,2.00,4.00,4.00,0.0279,0
2023-05-04 01:39:43,1683178783,10.3,43.1,99094,1.00,3.00,4.00,5.00,0.0279,0
2023-05-04 01:44:42,1683179083,10.3,43.1,99094,1.00,4.00,7.00,8.00,0.0108,0
2023-05-04 01:49:42,1683179382,10.3,43.1,99100,1e-7,2.00,4.00,5.00,0.0144,0
2023-05-04 01:54:41,1683179682,10.3,43.7,99100,1.00,2.00,4.00,4.00,0.0172,0
2023-05-04 01:59:41,1683179981,10.2,44.7,99100,1.00,2.00,3.00,4.00,0.0172,0
2023-05-04 02:04:41,1683180281,10.1,44.9,99100,1.00,5.00,8.00,10.0,0.0114,0
2023-05-04 02:09:59,1683180600,10.0,45.1,99100,1.00,6.00,10.0,12.0,0.0114,0
2023-05-04 02:14:59,1683180899,10.0,45.5,99100,1.00,1.00,3.00,3.00,0.0237,0
2023-05-04 02:19:59,1683181199,10.0,45.4,99100,3.00,5.00,7.00,8.00,0.0170,0
2023-05-04 02:24:58,1683181499,10.1,45.3,99100,1e-7,2.00,3.00,4.00,0.0139,0
2023-05-04 02:29:58,1683181799,10.1,45.7,99100,1e-7,2.00,4.00,4.00,0.0136,0
2023-05-04 02:34:58,1683182098,10.1,45.9,99100,1e-7,2.00,3.00,4.00,0.00995,0
2023-05-04 02:39:58,1683182398,10.1,46.6,99100,1e-7,2.00,4.00,4.00,0.00995,0
2023-05-04 02:44:57,1683182698,10.1,46.7,99100,1.00,2.00,3.00,3.00,0.00995,0
2023-05-04 02:49:57,1683182997,10.1,45.7,99100,1e-7,2.00,4.00,4.00,0.00995,0
2023-05-04 02:54:57,1683183297,10.1,46.3,99100,1e-7,2.00,4.00,4.00,0.00995,0
2023-05-04 02:59:56,1683183597,10.1,45.9,99100,2.00,4.00,6.00,7.00,0.00995,0
2023-05-04 03:04:56,1683183897,10.1,45.8,99100,1e-7,2.00,3.00,4.00,0.0125,0
2023-05-04 03:09:56,1683184196,10.1,46.0,99100,1.00,3.00,5.00,6.00,0.0125,0
2023-05-04 03:14:56,1683184496,10.1,45.9,99100,1.00,2.00,4.00,4.00,0.0120,0
2023-05-04 03:19:55,1683184796,10.0,46.1,99100,3.00,5.00,7.00,8.00,0.0120,0
2023-05-04 03:24:55,1683185096,10.0,46.3,99100,1.00,5.00,8.00,9.00,0.0147,0
2023-05-04 03:29:55,1683185395,9.98,46.4,99100,1.00,1.00,2.00,3.00,0.0194,0
2023-05-04 03:34:55,1683185695,9.91,46.5,99100,2.00,7.00,11.0,13.0,0.0184,0
2023-05-04 03:39:54,1683185995,9.88,46.9,99100,1e-7,1e-7,1e-7,1e-7,0.0173,0
2023-05-04 03:44:54,1683186295,9.87,47.3,99100,1e-7,2.00,3.00,4.00,0.0211,0
2023-05-04 03:49:54,1683186594,9.88,47.9,99100,1e-7,1.00,2.00,3.00,0.0104,0
2023-05-04 03:54:53,1683186894,9.88,47.2,99100,1e-7,2.00,3.00,4.00,0.00995,0
2023-05-04 03:59:41,1683187182,9.88,48.1,99100,1.00,4.00,7.00,9.00,0.00995,0
2023-05-04 04:00:37,1683187238,9.90,48.5,99100,1e-7,1.00,3.00,3.00,0.0108,0
2023-05-04 04:14:51,1683188092,9.86,47.0,99192,1e-7,2.00,3.00,4.00,0.0127,0
2023-05-04 04:19:51,1683188391,9.84,47.3,99200,1.00,2.00,3.00,4.00,0.0128,0
2023-05-04 04:24:51,1683188691,9.84,46.9,99200,1e-7,1.00,2.00,3.00,0.0109,0
2023-05-04 04:29:50,1683188991,9.83,47.2,99200,1.00,2.00,3.00,4.00,0.00995,0
2023-05-04 04:34:50,1683189290,9.83,46.6,99200,1e-7,2.00,4.00,4.00,0.00995,0
2023-05-04 04:39:50,1683189590,9.83,46.5,99200,1e-7,1.00,3.00,3.00,0.00995,0
2023-05-04 04:43:16,1683189796,9.84,46.7,99200,1e-7,1e-7,1e-7,1e-7,0.00995,0
2023-05-04 05:00:59,1683190859,9.85,47.0,99200,1e-7,1e-7,1e-7,1e-7,0.00995,0
2023-05-04 13:09:56,1683220197,17.9,30.8,99500,1.00,2.00,4.00,4.00,,
2023-05-04 13:12:23,1683220344,17.7,30.6,99500,1e-7,1.00,3.00,3.00,,
2023-05-04 13:19:46,1683220787,17.2,30.9,99600,1.00,4.00,7.00,8.00,,
2023-05-04 13:24:42,1683221083,17.1,31.8,99600,3.00,13.0,21.0,25.0,0.0573,0
2023-05-04 13:29:01,1683221341,17.1,32.2,99600,1e-7,2.00,4.00,4.00,0.0293,0
2023-05-04 14:09:44,1683223785,18.3,37.8,88533,1e-7,2.00,3.00,4.00,,
2023-05-04 14:13:43,1683224023,18.5,29.9,99600,1.00,3.00,6.00,7.00,,
2023-05-04 14:44:43,1683225883,17.9,30.7,99600,1e-7,2.00,4.00,4.00,,
2023-05-04 14:48:24,1683226104,17.8,30.9,99600,1.00,4.00,7.00,8.00,,
2023-05-04 15:04:56,1683227097,17.8,32.6,99600,1.00,4.00,6.00,7.00,0.0158,0
2023-05-04 15:08:19,1683227299,17.9,32.2,99600,1e-7,2.00,4.00,4.00,0.0196,0
2023-05-04 15:19:30,1683227971,18.2,32.8,99600,1e-7,2.00,3.00,3.00,0.0121,0
2023-05-04 15:24:29,1683228269,19.0,32.4,99600,1e-7,1e-7,1e-7,1e-7,0.0103,0
2023-05-04 16:09:42,1683230983,19.7,31.7,99600,1.00,3.00,5.00,6.00,,
2023-05-04 16:14:18,1683231258,19.6,31.4,99600,1.00,2.00,3.00,4.00,,
2023-05-04 16:29:47,1683232188,20.3,29.8,99600,1.00,3.00,4.00,5.00,,
2023-05-04 16:30:06,1683232206,20.4,29.3,99600,1e-7,1e-7,1e-7,1e-7,,
2023-05-04 16:39:58,1683232799,20.3,28.3,99600,1.00,2.00,3.00,4.00,0.0105,0
2023-05-04 16:44:52,1683233092,20.1,29.2,99600,2.00,5.00,6.00,7.00,0.0105,0
2023-05-04 16:49:45,1683233386,19.9,29.2,99600,1.00,4.00,7.00,9.00,0.0115,0
2023-05-04 16:51:54,1683233514,19.6,29.3,99600,2.00,6.00,10.0,12.0,0.0210,0
2023-05-04 16:57:51,1683233872,19.1,30.0,99600,1.00,1.00,3.00,3.00,0.0218,0
2023-05-04 17:03:32,1683234212,19.2,31.0,99600,1.00,4.00,7.00,9.00,0.0389,0
2023-05-04 17:14:48,1683234888,20.3,27.4,99600,1e-7,1.00,1.00,1.00,0.0389,0
2023-05-04 17:19:59,1683235200,20.1,28.0,99600,1.00,2.00,3.00,4.00,0.0344,0
2023-05-04 17:24:56,1683235497,19.7,28.0,99600,1.00,2.00,3.00,4.00,0.0160,0
2023-05-04 17:34:51,1683236092,19.1,31.6,99600,1.00,4.00,7.00,8.00,0.0126,0
2023-05-04 17:39:46,1683236386,18.7,32.7,99625,1.00,4.00,7.00,9.00,0.0200,0
2023-05-04 17:44:59,1683236699,18.3,33.7,99700,1.00,3.00,5.00,6.00,0.0149,0
2023-05-04 17:49:56,1683236997,17.9,34.3,99700,2.00,5.00,7.00,9.00,0.0272,0
2023-05-04 17:51:10,1683237070,17.8,34.2,99700,1e-7,1e-7,1e-7,1e-7,0.0155,0
2023-05-04 17:59:48,1683237588,17.6,34.7,99700,1.00,3.00,5.00,6.00,0.00999,0
2023-05-04 18:04:43,1683237884,17.6,34.6,99700,1.00,4.00,7.00,8.00,0.0113,0
2023-05-04 18:09:57,1683238197,18.0,34.0,99700,1.00,2.00,3.00,4.00,0.0112,0
2023-05-04 18:14:52,1683238492,18.2,32.8,99700,2.00,8.00,13.0,15.0,0.0146,0
2023-05-04 18:17:01,1683238622,18.2,32.3,99700,2.00,7.00,11.0,13.0,0.0280,0
2023-05-04 18:24:02,1683239043,17.9,32.5,99700,1.00,3.00,5.00,5.00,0.0280,0
2023-05-04 18:34:46,1683239687,17.3,32.3,99700,1e-7,1e-7,1e-7,1e-7,0.00975,0
2023-05-04 18:39:42,1683239983,17.2,32.5,99700,1.00,4.00,7.00,8.00,0.0203,0
2023-05-04 18:44:56,1683240297,17.0,33.1,99700,1.00,2.00,4.00,4.00,0.0215,0
2023-05-04 18:49:52,1683240592,16.9,32.9,99700,1.00,4.00,6.00,8.00,0.00975,0
2023-05-04 18:52:01,1683240722,16.8,32.9,99700,1e-7,1e-7,1e-7,1e-7,0.0122,0
2023-05-04 18:59:54,1683241195,16.7,32.9,99757,1.00,5.00,8.00,9.00,0.0122,0
2023-05-04 19:04:50,1683241490,16.6,33.1,99800,1e-7,2.00,4.00,4.00,0.0161,0
2023-05-04 19:09:46,1683241787,16.4,33.7,99800,1.00,3.00,5.00,6.00,0.0161,0
2023-05-04 19:14:42,1683242083,16.3,33.6,99800,1.00,3.00,5.00,6.00,0.0137,0
2023-05-04 19:19:56,1683242397,16.2,33.9,99800,1.00,6.00,9.00,11.0,0.0129,0
2023-05-04 19:24:52,1683242692,16.2,34.2,99800,1.00,3.00,6.00,7.00,0.0171,0
2023-05-04 19:29:29,1683242970,16.1,34.6,99800,1.00,2.00,3.00,4.00,0.0171,0
2023-05-04 19:34:55,1683243296,15.7,34.8,99800,1e-7,1.00,2.00,3.00,0.0250,0
2023-05-04 19:38:45,1683243525,15.6,35.2,99800,1.00,3.00,5.00,6.00,0.0250,0
2023-05-04 19:49:55,1683244195,15.1,36.1,99800,1e-7,2.00,4.00,4.00,0.0114,0
2023-05-04 19:54:53,1683244494,14.9,36.4,99800,1e-7,1.00,2.00,3.00,0.00995,0
2023-05-04 19:59:50,1683244791,14.7,36.5,99800,1.00,4.00,7.00,9.00,0.0160,0
2023-05-04 20:04:47,1683245087,14.5,36.8,99800,1.00,2.00,3.00,4.00,0.0194,0
2023-05-04 20:09:44,1683245384,14.3,37.0,99813,1e-7,2.00,4.00,4.00,0.0140,0
2023-05-04 20:14:41,1683245682,14.1,37.1,99863,1.00,4.00,7.00,8.00,0.0127,0
2023-05-04 20:19:57,1683245998,13.9,37.6,99900,1e-7,2.00,3.00,4.00,0.0126,0
2023-05-04 20:24:54,1683246295,13.7,37.7,99900,1e-7,2.00,4.00,4.00,0.0131,0
2023-05-04 20:29:50,1683246590,13.6,37.9,99900,1e-7,1e-7,1e-7,1e-7,0.0131,0
2023-05-04 20:34:46,1683246887,13.5,38.2,99900,1.00,2.00,3.00,4.00,0.00995,0
2023-05-04 20:39:44,1683247185,13.4,38.4,99900,3.00,9.00,15.0,17.0,0.0190,0
2023-05-04 20:44:42,1683247483,13.2,38.6,99900,1e-7,1.00,3.00,3.00,0.0190,0
2023-05-04 20:49:58,1683247799,13.1,39.1,99900,1.00,2.00,3.00,4.00,0.0254,0
2023-05-04 20:54:56,1683248097,13.0,39.6,99900,2.00,4.00,5.00,6.00,0.0176,0
2023-05-04 20:59:54,1683248395,12.9,39.7,99900,1e-7,2.00,4.00,4.00,0.0128,0
2023-05-04 21:04:53,1683248693,12.8,40.0,99900,2.00,7.00,11.0,13.0,0.0132,0
2023-05-04 21:09:51,1683248991,12.6,40.4,99900,1e-7,2.00,4.00,4.00,0.0231,0
2023-05-04 21:14:49,1683249290,12.4,41.0,99900,1e-7,1.00,1.00,1.00,0.0233,0
2023-05-04 21:19:47,1683249588,12.3,41.0,99900,1e-7,1e-7,1.00,1.00,0.0179,0
2023-05-04 21:24:46,1683249886,12.1,41.5,99900,1e-7,2.00,3.00,4.00,0.00995,0
2023-05-04 21:29:45,1683250185,12.0,41.9,99900,1e-7,2.00,4.00,4.00,0.00995,0
2023-05-04 21:34:43,1683250484,11.9,42.5,99925,1e-7,2.00,3.00,4.00,0.00995,0
2023-05-04 21:39:42,1683250782,11.8,42.6,99988,1.00,2.00,3.00,4.00,0.00995,0
2023-05-04 21:44:59,1683251100,11.6,42.8,100000,1e-7,1e-7,1e-7,1e-7,0.00995,0
2023-05-04 21:49:58,1683251398,11.5,43.0,100000,1e-7,1e-7,1e-7,1e-7,0.00995,0
2023-05-04 21:54:57,1683251698,11.4,43.7,100000,1.00,4.00,7.00,8.00,0.0146,0
2023-05-04 21:59:56,1683251996,11.3,43.7,100000,1.00,3.00,5.00,6.00,0.0208,0
2023-05-04 22:04:55,1683252295,11.3,44.2,100000,1.00,4.00,7.00,9.00,0.0161,0
2023-05-04 22:09:54,1683252594,11.1,44.6,100000,1.00,2.00,3.00,4.00,0.0131,0
2023-05-04 22:14:53,1683252893,11.0,45.0,100000,1.00,3.00,5.00,6.00,0.0144,0
2023-05-04 22:19:52,1683253192,10.9,44.9,100000,1.00,5.00,9.00,10.0,0.0160,0
2023-05-04 22:24:51,1683253491,10.9,45.4,100000,1.00,4.00,7.00,9.00,0.0215,0
2023-05-04 22:29:50,1683253790,10.8,46.0,100000,1.00,3.00,5.00,6.00,0.0215,0
2023-05-04 22:34:49,1683254090,10.8,46.9,100000,4.00,9.00,14.0,16.0,0.0110,0
2023-05-04 22:39:49,1683254389,10.7,46.3,100000,1e-7,1e-7,1e-7,1e-7,0.0170,0
2023-05-04 22:44:48,1683254688,10.6,46.1,100000,1e-7,1.00,3.00,3.00,0.0321,0
2023-05-04 22:49:47,1683254988,10.5,46.5,100000,1.00,2.00,4.00,4.00,0.0263,0
2023-05-04 22:54:46,1683255287,10.5,46.7,100000,1.00,4.00,6.00,7.00,0.0133,0
2023-05-04 22:59:46,1683255586,10.5,47.1,100000,1e-7,2.00,4.00,4.00,0.0124,0
2023-05-04 23:04:45,1683255886,10.5,46.9,100000,1.00,3.00,6.00,7.00,0.0142,0
2023-05-04 23:09:44,1683256185,10.4,47.3,100000,1.00,2.00,4.00,4.00,0.0147,0
2023-05-04 23:14:44,1683256484,10.4,47.3,100000,1.00,4.00,6.00,7.00,0.0130,0
2023-05-04 23:19:43,1683256783,10.4,47.1,100000,2.00,6.00,10.0,11.0,0.0234,0
2023-05-04 23:24:42,1683257083,10.3,47.4,100000,1.00,3.00,5.00,6.00,0.0184,0
2023-05-04 23:29:42,1683257382,10.3,47.1,100000,1.00,3.00,6.00,7.00,0.0159,0
2023-05-04 23:34:41,1683257682,10.3,47.8,100006,1.00,2.00,3.00,4.00,0.0102,0
2023-05-04 23:39:59,1683258000,10.3,48.1,100000,1.00,4.00,7.00,8.00,0.0110,0
2023-05-04 23:44:59,1683258299,10.3,48.5,100000,1.00,4.00,6.00,8.00,0.0166,0
2023-05-04 23:49:58,1683258599,10.3,48.8,100006,1.00,1.00,2.00,3.00,0.0183,0
2023-05-04 23:54:57,1683258898,10.3,48.6,100050,1.00,4.00,7.00,8.00,0.0266,0
2023-05-04 23:59:57,1683259197,10.3,48.5,100094,1.00,3.00,5.00,6.00,0.0397,0
2023-05-05 00:04:56,1683259497,10.4,48.8,100100,1.00,3.00,5.00,6.00,0.0169,0
2023-05-05 00:09:56,1683259796,10.4,49.3,100100,1.00,2.00,4.00,4.00,0.0113,0
2023-05-05 00:14:55,1683260095,10.4,49.4,100100,1.00,4.00,7.00,8.00,0.0145,0
2023-05-05 00:19:54,1683260395,10.5,49.5,100100,1.00,3.00,6.00,7.00,0.0145,0
2023-05-05 00:24:54,1683260694,10.5,49.3,100100,1.00,2.00,3.00,4.00,0.0178,0
2023-05-05 00:29:53,1683260993,10.4,49.4,100100,1.00,4.00,6.00,8.00,0.0197,0
2023-05-05 00:34:51,1683261292,10.3,49.3,100100,2.00,7.00,11.0,13.0,0.0147,0
2023-05-05 00:39:51,1683261591,10.3,49.8,100100,2.00,3.00,4.00,4.00,0.0151,0
2023-05-05 00:44:50,1683261891,10.2,50.1,100100,1.00,2.00,3.00,4.00,0.0106,0
2023-05-05 00:49:50,1683262190,10.1,50.2,100100,2.00,2.00,3.00,4.00,0.00995,0
2023-05-05 00:54:50,1683262490,9.94,49.8,100100,1e-7,2.00,4.00,5.00,0.0101,0
2023-05-05 00:59:49,1683262790,9.78,50.1,100100,1.00,4.00,6.00,8.00,0.0111,0
2023-05-05 01:04:49,1683263090,9.59,50.5,100100,1.00,2.00,4.00,4.00,0.0136,0
2023-05-05 01:09:49,1683263390,9.38,50.1,100100,1e-7,2.00,4.00,4.00,0.0158,0
2023-05-05 01:14:49,1683263690,9.19,50.2,100100,1.00,5.00,8.00,9.00,0.00995,0
2023-05-05 01:19:49,1683263989,9.02,50.3,100100,1.00,2.00,4.00,4.00,0.0128,0
2023-05-05 01:24:49,1683264289,8.85,50.5,100100,2.00,5.00,8.00,9.00,0.0147,0
2023-05-05 01:29:49,1683264590,8.70,50.6,100100,1.00,5.00,8.00,9.00,0.0166,0
2023-05-05 01:34:49,1683264890,8.51,50.5,100100,1.00,3.00,4.00,5.00,0.0204,0
2023-05-05 01:39:50,1683265190,8.34,50.7,100100,1.00,3.00,5.00,6.00,0.0204,0
2023-05-05 01:44:50,1683265491,8.14,50.2,100100,1.00,4.00,7.00,9.00,0.0128,0
2023-05-05 01:49:51,1683265791,8.00,50.2,100100,1e-7,2.00,4.00,4.00,0.0158,0
2023-05-05 01:54:53,1683266093,7.84,51.5,100100,1.00,3.00,4.00,5.00,0.0169,0
2023-05-05 01:59:54,1683266395,7.78,51.0,100163,1.00,2.00,3.00,4.00,0.0148,0
2023-05-05 02:04:55,1683266695,7.70,51.1,100200,1.00,4.00,5.00,6.00,0.0110,0
2023-05-05 02:09:55,1683266996,7.61,52.6,100200,1.00,3.00,6.00,7.00,0.0115,0
2023-05-05 02:14:56,1683267297,7.60,52.0,100200,1.00,3.00,5.00,6.00,0.0116,0
2023-05-05 02:19:57,1683267597,7.58,52.0,100200,1.00,3.00,6.00,7.00,0.0165,0
2023-05-05 02:24:58,1683267898,7.47,51.9,100200,1e-7,2.00,3.00,4.00,0.0226,0
2023-05-05 02:29:58,1683268199,7.49,53.1,100200,2.00,4.00,7.00,9.00,0.0226,0
2023-05-05 02:34:59,1683268500,7.46,52.8,100200,1.00,3.00,5.00,6.00,0.0198,0
2023-05-05 02:39:41,1683268782,7.50,52.6,100200,1.00,2.00,3.00,4.00,0.0198,0
2023-05-05 02:44:42,1683269083,7.52,52.9,100200,1e-7,2.00,4.00,5.00,0.0213,0
2023-05-05 02:49:43,1683269384,7.56,53.5,100200,1.00,6.00,10.0,12.0,0.0109,0
2023-05-05 02:54:44,1683269684,7.66,53.8,100200,1.00,4.00,7.00,9.00,0.0324,0
2023-05-05 02:59:45,1683269985,7.68,53.4,100200,2.00,3.00,5.00,6.00,0.0324,0
2023-05-05 03:04:46,1683270286,7.61,53.7,100200,1.00,2.00,4.00,4.00,0.0210,0
2023-05-05 03:09:46,1683270587,7.57,53.2,100200,1.00,3.00,6.00,7.00,0.0241,0
2023-05-05 03:14:47,1683270888,7.53,53.0,100200,1.00,5.00,8.00,9.00,0.0154,0
2023-05-05 03:19:29,1683271170,7.50,53.0,100200,2.00,9.00,14.0,16.0,0.0187,0
2023-05-05 03:24:50,1683271491,7.42,53.1,100200,1.00,4.00,7.00,9.00,0.0308,0
2023-05-05 03:29:51,1683271792,7.38,53.3,100200,1.00,3.00,6.00,7.00,0.0324,0
2023-05-05 03:34:52,1683272093,7.37,53.7,100200,1.00,6.00,9.00,11.0,0.0324,0
2023-05-05 03:39:53,1683272394,7.30,53.4,100200,1.00,4.00,7.00,9.00,0.0134,0
2023-05-05 03:44:54,1683272695,7.27,53.5,100200,1.00,6.00,10.0,11.0,0.0436,0
2023-05-05 03:49:55,1683272996,7.23,53.4,100200,1e-7,2.00,4.00,5.00,0.0205,0
2023-05-05 03:54:56,1683273297,7.19,53.0,100200,1.00,4.00,6.00,7.00,0.0131,0
2023-05-05 03:59:57,1683273598,7.12,53.0,100200,2.00,6.00,9.00,10.0,0.0123,0
2023-05-05 04:04:58,1683273899,7.04,52.6,100200,1e-7,2.00,4.00,4.00,0.0170,0
2023-05-05 04:09:59,1683274200,6.96,52.8,100200,2.00,7.00,11.0,13.0,0.0193,0
2023-05-05 04:14:42,1683274482,6.89,52.5,100200,1e-7,2.00,4.00,4.00,0.0172,0
2023-05-05 04:19:43,1683274783,6.87,52.8,100200,1.00,3.00,5.00,6.00,0.0145,0
2023-05-05 04:24:44,1683275085,6.85,52.8,100200,1.00,2.00,4.00,4.00,0.0124,0
2023-05-05 04:29:45,1683275386,6.85,52.7,100200,1.00,5.00,8.00,9.00,0.0124,0
2023-05-05 04:34:45,1683275686,6.87,52.8,100200,1e-7,2.00,3.00,4.00,0.0155,0
2023-05-05 04:39:47,1683275987,6.88,52.7,100200,2.00,8.00,13.0,15.0,0.0113,0
2023-05-05 04:44:48,1683276288,6.92,53.0,100200,1.00,2.00,3.00,4.00,0.0141,0
2023-05-05 04:49:49,1683276589,6.95,53.1,100200,1.00,3.00,5.00,6.00,0.0122,0
2023-05-05 04:54:50,1683276890,7.01,53.1,100200,1.00,6.00,9.00,11.0,0.0226,0
2023-05-05 04:59:51,1683277191,7.05,53.2,100219,1.00,4.00,7.00,8.00,0.0226,0
2023-05-05 05:04:52,1683277492,7.08,53.1,100231,1.00,5.00,8.00,9.00,0.0196,0
2023-05-05 05:09:53,1683277793,7.13,53.5,100269,1.00,2.00,4.00,5.00,0.0264,0
2023-05-05 05:14:54,1683278095,7.18,53.6,100300,1.00,4.00,6.00,8.00,0.0272,0
2023-05-05 05:19:55,1683278395,7.27,53.8,100294,3.00,8.00,12.0,14.0,0.0205,0
2023-05-05 05:24:56,1683278696,7.38,53.8,100300,2.00,4.00,6.00,7.00,0.0182,0
2023-05-05 05:29:57,1683278997,7.51,53.8,100300,2.00,7.00,11.0,13.0,0.0182,0
2023-05-05 05:34:58,1683279298,7.59,53.8,100300,1.00,3.00,5.00,6.00,0.0159,0
2023-05-05 05:39:59,1683279599,7.62,53.7,100300,1.00,2.00,3.00,4.00,0.0189,0
2023-05-05 05:44:59,1683279900,7.67,53.9,100300,1.00,6.00,9.00,11.0,0.0137,0
2023-05-05 05:45:37,1683279937,7.69,53.8,100300,1.00,2.00,3.00,4.00,0.0166,0
2023-05-05 11:03:49,1683299030,30.7,14.6,100200,1e-7,2.00,3.00,4.00,,
2023-05-05 11:19:55,1683299995,31.3,14.0,100200,1e-7,1.00,2.00,3.00,,
2023-05-05 11:29:58,1683300599,30.3,15.0,100200,1e-7,1e-7,1e-7,1e-7,,
2023-05-05 11:34:46,1683300886,30.2,15.4,100200,1.00,3.00,6.00,7.00,,
2023-05-05 11:36:16,1683300976,30.3,15.3,100200,1.00,5.00,8.00,9.00,0.0171,0
2023-05-05 11:49:55,1683301795,28.9,16.0,100200,7.00,20.0,30.0,35.0,0.0534,0
2023-05-05 11:52:19,1683301939,28.4,16.4,100200,10.0,27.0,41.0,48.0,0.138,0
2023-05-05 12:04:44,1683302684,26.4,18.6,100200,1e-7,1.00,2.00,3.00,0.261,0
2023-05-05 12:08:39,1683302920,26.8,18.6,100200,1.00,3.00,5.00,6.00,0.264,0
2023-05-05 12:19:59,1683303599,26.8,18.1,100200,1e-7,2.00,3.00,4.00,0.324,0
2023-05-05 12:24:48,1683303888,26.1,18.8,100200,1.00,4.00,7.00,8.00,0.331,0
2023-05-05 12:25:24,1683303924,25.6,19.0,100200,1e-7,1e-7,1e-7,1e-7,0.126,0
2023-05-05 12:34:58,1683304499,24.7,20.1,100200,1e-7,2.00,3.00,4.00,0.0406,0
2023-05-05 12:39:49,1683304790,24.5,20.2,100200,1.00,4.00,6.00,8.00,0.0134,0
2023-05-05 12:41:20,1683304881,24.3,20.5,100200,1e-7,1.00,2.00,3.00,0.0136,0
2023-05-05 12:54:52,1683305692,24.1,20.7,100192,1.00,5.00,8.00,9.00,0.0230,0
2023-05-05 12:58:12,1683305893,24.4,20.6,100136,1e-7,2.00,3.00,4.00,0.0241,0
2023-05-05 13:04:56,1683306297,25.3,19.2,100100,1e-7,2.00,4.00,5.00,0.0241,0
2023-05-05 13:09:47,1683306587,25.5,19.6,100100,1.00,4.00,7.00,9.00,0.0241,0
2023-05-05 13:14:37,1683306878,26.0,18.9,100100,3.00,11.0,17.0,20.0,0.0507,0
2023-05-05 13:24:58,1683307498,25.9,18.2,100100,1e-7,1.00,3.00,3.00,0.0474,0
2023-05-05 13:29:49,1683307789,25.7,18.8,100100,1.00,3.00,4.00,5.00,0.0649,0
2023-05-05 13:31:01,1683307862,25.6,19.0,100100,1.00,2.00,4.00,4.00,0.0649,0
2023-05-05 13:44:50,1683308691,25.4,19.7,100100,1.00,5.00,7.00,8.00,0.0575,0
2023-05-05 13:47:16,1683308836,26.0,19.3,100100,1e-7,2.00,4.00,4.00,0.0211,0
2023-05-05 13:59:48,1683309588,26.4,18.2,100100,1.00,4.00,7.00,8.00,0.0182,0
2023-05-05 14:03:25,1683309806,26.4,17.9,100100,1.00,2.00,3.00,3.00,0.0120,0
2023-05-05 14:14:44,1683310484,26.1,17.9,100100,1e-7,2.00,3.00,4.00,0.0113,0
2023-05-05 14:19:34,1683310775,26.0,18.4,100100,1.00,4.00,7.00,9.00,0.0135,0
2023-05-05 14:29:45,1683311386,26.2,17.4,100000,1.00,1.00,1.00,1.00,0.0103,0
2023-05-05 14:34:54,1683311694,26.4,17.1,100000,1.00,3.00,6.00,7.00,0.0164,0
2023-05-05 14:36:06,1683311766,26.7,16.7,100000,1e-7,1e-7,1.00,1.00,0.0118,0
2023-05-05 14:52:38,1683312758,26.9,16.3,100000,1.00,1.00,1.00,1.00,,
2023-05-05 14:59:45,1683313185,27.5,16.7,100000,1e-7,1e-7,1e-7,1e-7,,
2023-05-05 15:04:53,1683313493,27.8,15.8,100000,1.00,5.00,9.00,10.0,,
2023-05-05 15:09:06,1683313747,27.5,16.0,100000,1.00,4.00,6.00,7.00,,
2023-05-05 15:19:42,1683314382,27.5,16.1,100000,1.00,1.00,2.00,3.00,0.0179,0
2023-05-05 15:24:49,1683314690,27.8,15.7,100000,2.00,4.00,6.00,7.00,0.0179,0
2023-05-05 15:25:07,1683314708,27.9,15.3,100000,1e-7,2.00,3.00,4.00,0.00999,0
2023-05-05 15:39:55,1683315595,27.0,15.7,100000,1.00,3.00,4.00,5.00,0.0101,0
2023-05-05 15:41:25,1683315686,26.7,15.9,100000,1e-7,1e-7,1.00,1.00,0.0124,0
2023-05-05 15:54:55,1683316495,27.4,16.3,99900,2.00,4.00,6.00,7.00,0.0127,0
2023-05-05 15:59:07,1683316748,28.0,15.8,99900,1e-7,2.00,4.00,4.00,0.0107,0
2023-05-05 16:09:42,1683317382,28.6,14.9,99900,1e-7,2.00,3.00,4.00,0.0104,0
2023-05-05 16:14:49,1683317690,28.6,14.9,99900,1.00,3.00,5.00,6.00,0.0115,0
2023-05-05 16:24:57,1683318297,27.6,15.0,99900,1.00,4.00,7.00,8.00,0.0152,0
2023-05-05 16:29:46,1683318587,27.8,15.2,99900,1.00,6.00,11.0,13.0,0.0432,0
2023-05-05 16:31:34,1683318695,28.2,14.8,99900,1.00,3.00,5.00,6.00,0.0436,0
2023-05-05 16:39:52,1683319192,28.3,14.7,99900,1.00,4.00,6.00,8.00,0.0396,0
2023-05-05 16:44:42,1683319482,27.8,14.9,99900,3.00,7.00,11.0,12.0,0.0221,0
2023-05-05 16:47:07,1683319627,27.2,15.2,99900,1.00,2.00,4.00,4.00,0.0173,0
2023-05-05 16:59:58,1683320398,27.2,15.8,99900,1.00,1.00,1.00,1.00,0.00945,0
2023-05-05 17:03:16,1683320597,27.4,15.7,99900,1.00,2.00,3.00,3.00,0.0243,0
2023-05-05 17:19:44,1683321585,27.3,15.5,99900,1.00,2.00,4.00,4.00,0.0205,0
2023-05-05 17:24:53,1683321894,26.7,15.7,99900,1.00,5.00,8.00,9.00,0.0158,0
2023-05-05 17:29:44,1683322185,26.1,16.6,99900,1.00,4.00,7.00,9.00,0.0155,0
2023-05-05 17:34:54,1683322494,26.0,16.6,99900,1.00,2.00,4.00,4.00,0.0186,0
2023-05-05 17:35:30,1683322531,26.1,16.4,99900,1e-7,1.00,2.00,2.00,0.0172,0
2023-05-05 17:49:42,1683323382,26.3,16.1,99900,1.00,3.00,4.00,5.00,0.0127,0
2023-05-05 17:54:51,1683323691,26.0,16.5,99900,1.00,3.00,4.00,4.00,0.0104,0
2023-05-05 17:59:42,1683323983,25.9,16.4,99900,1.00,6.00,10.0,12.0,0.0114,0
2023-05-05 18:04:51,1683324292,26.0,16.6,99900,1.00,2.00,3.00,4.00,0.0188,0
2023-05-05 18:09:43,1683324583,26.2,16.3,99900,1.00,5.00,8.00,9.00,0.0154,0
2023-05-05 18:14:52,1683324893,26.3,16.3,99900,2.00,2.00,4.00,4.00,0.0208,0
2023-05-05 18:19:43,1683325184,26.3,16.3,99900,1.00,2.00,3.00,3.00,0.0332,0
2023-05-05 18:24:52,1683325493,26.2,16.1,99900,1.00,2.00,3.00,4.00,0.0157,0
2023-05-05 18:29:43,1683325784,26.0,16.4,99900,1.00,2.00,3.00,4.00,0.00995,0
2023-05-05 18:34:53,1683326093,25.8,16.6,99900,2.00,3.00,4.00,4.00,0.00995,0
2023-05-05 18:39:44,1683326385,25.6,16.6,99900,1.00,2.00,4.00,4.00,0.00995,0
2023-05-05 18:44:54,1683326694,25.4,16.6,99900,1.00,3.00,4.00,4.00,0.0101,0
2023-05-05 18:49:46,1683326986,25.2,16.6,99900,1.00,2.00,4.00,5.00,0.0102,0
2023-05-05 18:54:56,1683327296,24.9,17.2,99900,1.00,2.00,3.00,4.00,0.0102,0
2023-05-05 18:59:48,1683327588,24.5,17.4,99900,1.00,4.00,7.00,8.00,0.0103,0
2023-05-05 19:04:58,1683327899,24.2,17.6,99900,1.00,2.00,4.00,5.00,0.0124,0
2023-05-05 19:09:51,1683328191,23.9,17.9,99900,1.00,2.00,3.00,4.00,0.0124,0
2023-05-05 19:14:43,1683328484,23.6,18.3,99981,1.00,2.00,4.00,4.00,0.0153,0
2023-05-05 19:19:54,1683328795,23.3,18.5,100000,1.00,2.00,4.00,4.00,0.0103,0
2023-05-05 19:24:47,1683329088,23.0,18.9,100000,1.00,4.00,7.00,8.00,0.0106,0
2023-05-05 19:29:58,1683329399,22.7,19.4,99924,1.00,2.00,4.00,4.00,0.0134,0
2023-05-05 19:34:51,1683329692,22.4,19.7,99900,1.00,2.00,3.00,4.00,0.0108,0
2023-05-05 19:39:45,1683329986,22.0,20.0,99944,1.00,4.00,7.00,8.00,0.00995,0
2023-05-05 19:44:57,1683330297,21.7,25.1,94118,1.00,2.00,4.00,4.00,0.0104,0
2023-05-05 19:49:49,1683330589,21.3,20.7,100000,1.00,2.00,4.00,4.00,0.0118,0
2023-05-05 19:54:42,1683330883,21.0,21.0,100000,1.00,4.00,7.00,8.00,0.0130,0
2023-05-05 19:59:55,1683331195,20.7,21.4,100000,1.00,3.00,4.00,4.00,0.0221,0
2023-05-05 20:04:49,1683331490,20.3,22.1,100000,1.00,5.00,7.00,9.00,0.0101,0
2023-05-05 20:09:43,1683331784,20.0,22.2,100000,2.00,4.00,7.00,8.00,0.0103,0
2023-05-05 20:14:56,1683332097,19.6,23.6,100000,1.00,2.00,3.00,3.00,0.0170,0
2023-05-05 20:19:52,1683332393,19.2,24.5,100000,1e-7,2.00,4.00,5.00,0.0170,0
2023-05-05 20:24:47,1683332688,18.6,26.1,100000,1e-7,2.00,4.00,4.00,0.0101,0
2023-05-05 20:29:42,1683332983,18.1,26.9,100000,1.00,2.00,4.00,4.00,0.0101,0
2023-05-05 20:34:56,1683333297,17.6,28.1,100000,1.00,3.00,5.00,6.00,0.0113,0
2023-05-05 20:39:52,1683333593,17.1,29.5,100000,1.00,7.00,11.0,13.0,0.0123,0
2023-05-05 20:44:49,1683333889,16.6,28.8,100000,1.00,3.00,5.00,6.00,0.0221,0
2023-05-05 20:49:45,1683334185,16.2,29.7,100000,1.00,4.00,7.00,8.00,0.0138,0
2023-05-05 20:54:41,1683334482,15.9,29.7,100000,1.00,2.00,3.00,4.00,0.0132,0
2023-05-05 20:59:56,1683334797,15.6,30.5,100000,1.00,3.00,6.00,7.00,0.0117,0
2023-05-05 21:04:53,1683335093,15.3,31.7,100000,1.00,4.00,7.00,8.00,0.0287,0
2023-05-05 21:09:50,1683335390,15.0,32.4,100000,2.00,2.00,4.00,4.00,0.0314,0
2023-05-05 21:14:47,1683335687,14.8,32.3,100000,1.00,3.00,6.00,7.00,0.0251,0
2023-05-05 21:19:44,1683335984,14.6,32.3,100000,1e-7,2.00,4.00,5.00,0.0199,0
2023-05-05 21:24:41,1683336281,14.4,33.0,100000,1.00,1.00,3.00,3.00,0.0128,0
2023-05-05 21:29:57,1683336597,14.2,34.3,100000,1.00,4.00,7.00,8.00,0.0148,0
2023-05-05 21:34:54,1683336895,14.1,34.4,100000,1.00,2.00,4.00,5.00,0.0138,0
2023-05-05 21:39:52,1683337192,13.9,34.7,100000,1.00,2.00,4.00,4.00,0.0105,0
2023-05-05 21:44:49,1683337490,13.8,34.8,100000,1.00,1.00,2.00,3.00,0.0110,0
2023-05-05 21:49:48,1683337789,13.7,35.7,100000,1.00,2.00,4.00,5.00,0.0110,0
2023-05-05 21:54:46,1683338086,13.5,36.4,100000,1.00,3.00,6.00,7.00,0.0111,0
2023-05-05 21:59:44,1683338384,13.4,36.5,100000,1e-7,2.00,4.00,4.00,0.0128,0
2023-05-05 22:04:42,1683338682,13.2,36.3,100000,1.00,3.00,6.00,7.00,0.0144,0
2023-05-05 22:09:58,1683338999,13.1,36.6,100000,1.00,5.00,8.00,9.00,0.0322,0
2023-05-05 22:14:57,1683339297,13.0,36.5,100000,1.00,5.00,8.00,9.00,0.0245,0
2023-05-05 22:19:55,1683339595,12.9,37.4,100000,1.00,3.00,6.00,7.00,0.0146,0
2023-05-05 22:24:53,1683339893,12.8,37.5,100000,1.00,3.00,5.00,6.00,0.0112,0
2023-05-05 22:29:52,1683340192,12.7,37.8,100000,1.00,2.00,3.00,4.00,0.0165,0
2023-05-05 22:34:50,1683340491,12.5,37.8,100000,1.00,4.00,7.00,8.00,0.0149,0
2023-05-05 22:39:49,1683340789,12.4,37.7,100000,1.00,2.00,4.00,5.00,0.0188,0
2023-05-05 22:44:47,1683341088,12.3,38.1,100000,1.00,3.00,5.00,6.00,0.0205,0
2023-05-05 22:49:46,1683341386,12.2,38.9,100000,1.00,2.00,3.00,4.00,0.0162,0
2023-05-05 22:54:44,1683341685,12.1,38.9,100000,2.00,3.00,5.00,6.00,0.0106,0
2023-05-05 22:59:43,1683341983,12.0,39.0,100000,2.00,7.00,11.0,13.0,0.0523,0
2023-05-05 23:04:42,1683342282,11.9,39.5,100000,1.00,5.00,8.00,10.0,0.0874,0
2023-05-05 23:09:59,1683342600,11.8,39.7,100000,1.00,5.00,8.00,10.0,0.0792,0
2023-05-05 23:14:58,1683342899,11.7,39.4,100000,1.00,3.00,4.00,4.00,0.0445,0
2023-05-05 23:19:57,1683343198,11.6,39.4,100000,1.00,4.00,7.00,8.00,0.0122,0
2023-05-05 23:24:56,1683343497,11.5,39.9,100000,1.00,2.00,4.00,5.00,0.0214,0
2023-05-05 23:29:55,1683343796,11.5,41.0,100000,2.00,2.00,4.00,4.00,0.0158,0
2023-05-05 23:34:54,1683344095,11.4,40.9,100000,2.00,4.00,7.00,8.00,0.0113,0
2023-05-05 23:39:53,1683344394,11.3,41.0,100000,1.00,4.00,6.00,7.00,0.0123,0
2023-05-05 23:44:52,1683344693,11.2,40.8,100000,1.00,2.00,4.00,4.00,0.0191,0
2023-05-05 23:49:52,1683344992,11.1,40.9,100000,1.00,4.00,6.00,7.00,0.0132,0
2023-05-05 23:54:51,1683345292,11.0,41.1,100000,1.00,3.00,5.00,6.00,0.0124,0
2023-05-05 23:59:50,1683345591,10.9,41.3,100000,1.00,3.00,5.00,6.00,0.0111,0
2023-05-06 00:04:50,1683345890,10.8,41.7,100000,3.00,10.0,16.0,19.0,0.0127,0
2023-05-06 00:09:49,1683346190,10.7,42.4,100000,2.00,2.00,3.00,4.00,0.0221,0
2023-05-06 00:14:49,1683346489,10.6,42.3,100000,2.00,2.00,4.00,5.00,0.0221,0
2023-05-06 00:19:48,1683346788,10.5,42.4,100000,1.00,5.00,9.00,10.0,0.0174,0
2023-05-06 00:24:47,1683347088,10.4,42.1,100000,1.00,2.00,3.00,4.00,0.0139,0
2023-05-06 00:29:47,1683347388,10.3,42.7,100000,1.00,3.00,5.00,6.00,0.0139,0
2023-05-06 00:34:47,1683347687,10.2,42.8,100000,1.00,2.00,3.00,4.00,0.0120,0
2023-05-06 00:39:46,1683347987,10.1,42.7,100000,1.00,5.00,8.00,9.00,0.0171,0
2023-05-06 00:44:46,1683348286,10.0,43.2,100000,1.00,2.00,3.00,4.00,0.0171,0
2023-05-06 00:49:46,1683348586,9.98,43.3,100000,1.00,2.00,4.00,4.00,0.0184,0
2023-05-06 00:54:45,1683348886,9.97,43.6,100000,1.00,5.00,7.00,9.00,0.0249,0
2023-05-06 00:59:45,1683349186,9.94,43.8,100000,1.00,3.00,5.00,6.00,0.0262,0
2023-05-06 01:04:45,1683349485,9.91,43.6,100000,1.00,4.00,6.00,8.00,0.0265,0
2023-05-06 01:09:45,1683349785,9.88,43.5,100000,1.00,3.00,5.00,6.00,0.0166,0
2023-05-06 01:14:45,1683350085,9.85,43.6,100000,1.00,3.00,5.00,6.00,0.0163,0
2023-05-06 01:19:44,1683350385,9.85,44.0,100000,1.00,3.00,6.00,7.00,0.0134,0
2023-05-06 01:24:44,1683350685,9.85,43.7,100000,1.00,4.00,7.00,8.00,0.0148,0
2023-05-06 01:29:44,1683350985,9.83,44.2,100000,1.00,1.00,3.00,3.00,0.0125,0
2023-05-06 01:34:44,1683351285,9.78,43.8,100000,1.00,5.00,8.00,9.00,0.0244,0
2023-05-06 01:39:44,1683351585,9.76,44.1,100000,1.00,3.00,5.00,6.00,0.0158,0
2023-05-06 01:44:44,1683351885,9.69,44.1,100000,2.00,2.00,3.00,4.00,0.0179,0
2023-05-06 01:49:44,1683352184,9.62,44.1,100000,1e-7,1.00,1.00,2.00,0.0106,0
2023-05-06 01:54:44,1683352484,9.54,44.0,100000,1.00,3.00,5.00,6.00,0.0116,0
2023-05-06 01:59:44,1683352784,9.43,43.9,100000,1.00,4.00,6.00,8.00,0.0258,0
2023-05-06 02:04:44,1683353084,9.33,43.7,100000,1.00,2.00,3.00,4.00,0.0242,0
2023-05-06 02:09:44,1683353384,9.22,43.5,100000,1.00,4.00,7.00,8.00,0.0242,0
2023-05-06 02:14:44,1683353685,9.09,43.7,100000,1.00,2.00,3.00,4.00,0.0120,0
2023-05-06 02:19:44,1683353985,8.97,44.1,99994,1.00,2.00,4.00,4.00,0.0116,0
2023-05-06 02:24:45,1683354285,8.86,44.1,99913,1.00,2.00,3.00,4.00,0.0108,0
2023-05-06 02:29:45,1683354586,8.73,44.1,99906,1.00,2.00,3.00,4.00,0.00995,0
2023-05-06 02:34:46,1683354886,8.59,44.7,99950,1.00,2.00,3.00,4.00,0.00995,0
2023-05-06 02:39:46,1683355187,8.49,45.2,99925,2.00,6.00,9.00,10.0,0.0108,0
2023-05-06 02:44:47,1683355487,8.42,45.7,99969,2.00,4.00,5.00,6.00,0.0266,0
2023-05-06 02:49:47,1683355788,8.39,45.7,100000,1.00,3.00,5.00,5.00,0.0263,0
2023-05-06 02:54:48,1683356088,8.36,45.9,99994,1.00,2.00,3.00,4.00,0.0263,0
2023-05-06 02:59:48,1683356389,8.31,46.2,100000,2.00,4.00,6.00,8.00,0.0145,0
2023-05-06 03:04:49,1683356690,8.24,46.4,100000,2.00,4.00,6.00,7.00,0.0177,0
2023-05-06 03:09:50,1683356990,8.17,46.7,100000,1.00,4.00,6.00,8.00,0.0203,0
2023-05-06 03:14:50,1683357291,8.14,46.9,100000,1.00,2.00,3.00,3.00,0.0203,0
2023-05-06 03:19:51,1683357592,8.12,47.0,100000,1.00,3.00,6.00,7.00,0.0107,0
2023-05-06 03:24:52,1683357892,8.08,47.1,99975,1.00,4.00,7.00,8.00,0.0155,0
2023-05-06 03:29:52,1683358193,8.04,46.9,99944,1.00,5.00,7.00,9.00,0.0210,0
2023-05-06 03:34:53,1683358494,8.00,46.7,99938,1.00,5.00,7.00,9.00,0.0205,0
2023-05-06 03:39:54,1683358795,7.93,46.2,99925,1.00,3.00,4.00,4.00,0.0159,0
2023-05-06 03:44:55,1683359095,7.84,46.5,99931,1.00,2.00,3.00,4.00,0.0163,0
2023-05-06 03:49:56,1683359396,7.78,47.1,99900,1.00,2.00,3.00,4.00,0.0163,0
2023-05-06 03:54:56,1683359697,7.79,47.3,99944,1.00,4.00,6.00,8.00,0.0175,0
2023-05-06 03:59:57,1683359998,7.79,47.4,100000,1.00,2.00,4.00,4.00,0.0180,0
2023-05-06 04:04:59,1683360299,7.78,47.7,100000,1.00,2.00,3.00,4.00,0.0164,0
2023-05-06 04:09:41,1683360581,7.76,48.0,100000,1.00,2.00,4.00,4.00,0.00995,0
2023-05-06 04:14:42,1683360882,7.76,48.1,100000,2.00,3.00,4.00,4.00,0.0101,0
2023-05-06 04:19:43,1683361183,7.79,48.2,99981,1.00,2.00,3.00,4.00,0.0101,0
2023-05-06 04:24:52,1683361492,7.80,47.7,100000,1.00,4.00,7.00,8.00,0.0125,0
2023-05-06 04:29:52,1683361793,7.75,47.7,99950,2.00,6.00,10.0,12.0,0.0115,0
2023-05-06 04:34:53,1683362094,7.72,47.6,100000,1.00,2.00,3.00,4.00,0.0165,0
2023-05-06 04:39:54,1683362395,7.70,47.6,100000,1.00,2.00,4.00,4.00,0.0223,0
2023-05-06 04:44:56,1683362696,7.60,47.1,100000,2.00,6.00,11.0,13.0,0.0223,0
2023-05-06 04:49:57,1683362997,7.45,47.3,99994,1.00,4.00,7.00,8.00,0.0175,0
2023-05-06 04:54:58,1683363298,7.40,47.7,100000,1.00,2.00,3.00,4.00,0.0134,0
2023-05-06 04:59:59,1683363599,7.40,47.8,100000,1.00,2.00,4.00,4.00,0.0128,0
2023-05-06 05:04:41,1683363882,7.39,47.5,100000,1.00,2.00,3.00,4.00,0.0128,0
2023-05-06 05:09:42,1683364183,7.39,47.5,100000,1.00,3.00,5.00,6.00,0.0115,0
2023-05-06 05:14:43,1683364484,7.37,47.3,100000,1.00,3.00,5.00,6.00,0.0116,0
2023-05-06 05:19:44,1683364785,7.37,47.7,100000,1.00,3.00,4.00,5.00,0.0107,0
2023-05-06 05:24:46,1683365086,7.35,47.6,100000,1.00,4.00,7.00,8.00,0.0202,0
2023-05-06 05:29:47,1683365387,7.34,47.6,99956,1.00,4.00,7.00,8.00,0.0223,0
2023-05-06 05:34:48,1683365688,7.38,48.5,100000,1.00,3.00,5.00,6.00,0.0137,0
2023-05-06 05:39:49,1683365989,7.51,48.6,100000,1.00,2.00,3.00,4.00,0.0146,0
2023-05-06 05:44:50,1683366290,7.61,48.9,100000,1.00,2.00,3.00,4.00,0.0113,0
2023-05-06 05:49:51,1683366591,7.75,49.4,100000,2.00,7.00,11.0,13.0,0.0277,0
2023-05-06 05:52:59,1683366779,7.91,49.3,100000,2.00,6.00,9.00,11.0,0.0269,0
2023-05-06 11:19:58,1683386399,33.8,10.1,99700,2.00,3.00,4.00,5.00,,
2023-05-06 11:24:44,1683386684,34.1,9.77,99700,1.00,2.00,3.00,3.00,,
2023-05-06 11:29:48,1683386989,34.4,9.63,99694,1.00,3.00,5.00,6.00,0.0136,0
2023-05-06 11:47:11,1683388031,33.7,10.0,99600,2.00,6.00,9.00,10.0,,
2023-05-06 11:54:54,1683388495,32.8,9.98,99600,1.00,2.00,3.00,4.00,,
2023-05-06 11:59:59,1683388799,32.4,10.3,99600,2.00,4.00,6.00,7.00,,
2023-05-06 12:02:05,1683388925,32.3,10.3,99600,1.00,3.00,5.00,6.00,0.0135,0
2023-05-06 12:14:56,1683389697,33.0,9.88,99600,1.00,3.00,5.00,5.00,0.0135,0
2023-05-06 12:19:07,1683389947,32.8,9.94,99600,2.00,4.00,7.00,8.00,0.0115,0
2023-05-06 12:29:44,1683390585,32.2,10.7,99600,2.00,4.00,7.00,8.00,0.0181,0
2023-05-06 12:34:49,1683390890,32.1,10.6,99600,2.00,4.00,7.00,8.00,0.0181,0
2023-05-06 12:49:48,1683391789,31.8,10.7,99600,2.00,7.00,11.0,13.0,0.0214,0
2023-05-06 12:50:42,1683391843,31.7,10.9,99600,2.00,2.00,2.00,2.00,0.0176,0
2023-05-06 13:04:58,1683392698,31.2,10.7,99600,2.00,2.00,3.00,4.00,0.0277,0
2023-05-06 13:06:10,1683392770,31.2,10.9,99600,1.00,2.00,3.00,4.00,0.0278,0
2023-05-06 13:24:40,1683393880,31.2,11.3,99600,2.00,6.00,10.0,11.0,0.0278,0
2023-05-06 13:34:46,1683394486,31.0,11.5,99600,1.00,1.00,2.00,3.00,0.0127,0
2023-05-06 13:39:52,1683394792,30.8,11.6,99600,2.00,4.00,5.00,6.00,0.0154,0
2023-05-06 13:40:45,1683394846,30.9,11.9,99600,1.00,1.00,1.00,1.00,0.0104,0
2023-05-06 13:49:49,1683395389,30.7,11.5,99600,2.00,8.00,13.0,15.0,0.0123,0
2023-05-06 13:54:55,1683395696,30.5,11.5,99529,2.00,3.00,5.00,6.00,0.0193,0
2023-05-06 13:55:49,1683395750,30.5,11.9,99500,1.00,1.00,1.00,1.00,0.0181,0
2023-05-06 14:09:57,1683396598,30.6,12.2,99500,1.00,3.00,5.00,6.00,0.0138,0
2023-05-06 14:13:14,1683396795,30.8,12.1,99500,2.00,6.00,8.00,10.0,0.0185,0
2023-05-06 14:24:54,1683397495,31.8,11.3,99500,6.00,16.0,25.0,29.0,0.158,0
2023-05-06 14:28:30,1683397711,31.9,11.2,99500,1.00,2.00,4.00,5.00,0.219,0
2023-05-06 14:39:46,1683398387,32.2,10.6,99500,2.00,5.00,7.00,8.00,0.220,0
2023-05-06 14:44:38,1683398678,31.8,11.1,99500,1.00,4.00,5.00,6.00,0.132,0
2023-05-06 14:59:59,1683399599,31.6,11.5,99469,1.00,4.00,6.00,7.00,0.0147,0
2023-05-06 15:01:46,1683399706,31.7,11.2,99500,1.00,1.00,2.00,2.00,0.0115,0
2023-05-06 15:09:47,1683400187,32.2,10.1,99457,1.00,3.00,6.00,7.00,0.0115,0
2023-05-06 15:14:53,1683400493,32.2,10.2,99459,3.00,3.00,6.00,7.00,0.0109,0
2023-05-06 15:16:58,1683400619,32.2,10.5,99486,2.00,2.00,4.00,4.00,0.00995,0
2023-05-06 15:29:54,1683401394,32.6,10.5,99400,2.00,6.00,10.0,12.0,0.0187,0
2023-05-06 15:33:29,1683401610,32.7,10.3,99400,1.00,2.00,2.00,3.00,0.0292,0
2023-05-06 15:44:46,1683402286,32.6,9.79,99400,1.00,3.00,5.00,6.00,0.0468,0
2023-05-06 15:49:33,1683402574,32.4,9.74,99400,1.00,2.00,3.00,4.00,0.0312,0
2023-05-06 16:04:55,1683403495,32.3,9.67,99400,1.00,1.00,1.00,1.00,0.0109,0
2023-05-06 16:07:00,1683403621,32.3,9.76,99400,1.00,4.00,7.00,9.00,,
2023-05-06 16:14:45,1683404086,32.1,10.1,99400,1.00,4.00,6.00,7.00,,
2023-05-06 16:19:51,1683404392,32.1,10.1,99400,1.00,3.00,6.00,7.00,,
2023-05-06 16:22:15,1683404536,32.1,10.1,99400,1.00,3.00,5.00,6.00,,
2023-05-06 16:49:50,1683406191,32.1,10.1,99400,1e-7,1.00,3.00,3.00,0.0151,0
2023-05-06 16:54:38,1683406479,31.8,10.3,99400,1.00,1.00,1.00,1.00,0.0151,0
2023-05-06 17:14:42,1683407683,31.4,10.9,99300,1.00,2.00,2.00,3.00,0.0107,0
2023-05-06 17:19:48,1683407988,31.6,11.1,99300,2.00,5.00,7.00,9.00,,
2023-05-06 17:24:54,1683408295,31.7,10.3,99300,1.00,2.00,3.00,4.00,,
2023-05-06 17:28:30,1683408510,31.6,10.4,99300,3.00,7.00,11.0,13.0,0.0105,0
2023-05-06 17:34:51,1683408892,31.2,10.4,99300,1.00,3.00,6.00,7.00,0.0180,0
2023-05-06 17:39:58,1683409199,30.8,10.7,99300,1.00,2.00,3.00,4.00,0.0256,0
2023-05-06 17:44:47,1683409487,30.4,11.0,99300,1.00,2.00,4.00,4.00,0.0256,0
2023-05-06 17:49:54,1683409794,30.0,11.1,99300,2.00,4.00,6.00,7.00,0.0100,0
2023-05-06 17:54:43,1683410084,29.3,11.4,99300,1.00,3.00,5.00,6.00,0.00973,0
2023-05-06 17:59:51,1683410392,28.7,11.8,99300,2.00,3.00,6.00,7.00,0.0106,0
2023-05-06 18:04:42,1683410682,28.2,12.3,99300,1.00,4.00,6.00,8.00,0.0113,0
2023-05-06 18:09:50,1683410991,27.9,12.6,99300,3.00,5.00,8.00,10.0,0.0247,0
2023-05-06 18:14:59,1683411299,28.0,12.7,99300,3.00,3.00,3.00,4.00,0.0376,0
2023-05-06 18:19:49,1683411589,27.9,12.8,99300,2.00,5.00,8.00,10.0,0.0287,0
2023-05-06 18:24:58,1683411898,27.7,12.8,99300,1.00,3.00,5.00,6.00,0.0208,0
2023-05-06 18:29:48,1683412189,27.4,13.1,99300,1.00,2.00,3.00,3.00,0.0259,0
2023-05-06 18:34:57,1683412498,27.1,13.3,99300,2.00,5.00,7.00,9.00,0.0188,0
2023-05-06 18:39:48,1683412789,26.8,13.6,99300,1.00,2.00,2.00,3.00,0.0119,0
2023-05-06 18:44:58,1683413098,26.7,13.9,99300,1.00,5.00,8.00,9.00,0.0172,0
2023-05-06 18:49:45,1683413385,26.8,14.0,99300,1.00,2.00,3.00,4.00,0.0214,0
2023-05-06 18:54:54,1683413694,27.0,14.1,99300,1.00,4.00,7.00,8.00,0.0214,0
2023-05-06 18:59:49,1683413990,27.1,14.0,99300,2.00,4.00,5.00,6.00,0.0139,0
2023-05-06 19:04:58,1683414299,27.1,14.0,99300,1.00,3.00,6.00,7.00,0.0165,0
2023-05-06 19:09:49,1683414590,27.0,13.9,99300,1.00,4.00,7.00,9.00,0.0165,0
2023-05-06 19:14:58,1683414899,26.8,13.9,99300,2.00,4.00,5.00,6.00,0.0114,0
2023-05-06 19:19:49,1683415190,26.6,14.0,99300,2.00,3.00,5.00,5.00,0.00913,0
2023-05-06 19:24:59,1683415499,26.4,14.3,99300,2.00,3.00,4.00,5.00,0.0122,0
2023-05-06 19:29:50,1683415790,38.7,30.6,77194,3.00,6.00,9.00,10.0,0.0121,0
2023-05-06 19:34:41,1683416082,25.8,14.8,99300,1.00,2.00,3.00,4.00,0.0121,0
2023-05-06 19:39:51,1683416392,25.5,15.1,99300,2.00,3.00,5.00,6.00,0.0146,0
2023-05-06 19:44:43,1683416683,25.1,15.3,99300,1.00,2.00,4.00,5.00,0.0114,0
2023-05-06 19:49:53,1683416993,24.8,15.8,99300,1.00,5.00,8.00,9.00,0.0121,0
2023-05-06 19:54:45,1683417285,24.5,16.3,99300,1.00,2.00,2.00,3.00,0.0140,0
2023-05-06 19:59:55,1683417596,24.2,16.5,99300,2.00,6.00,10.0,12.0,0.0140,0
2023-05-06 20:04:48,1683417889,23.9,22.4,93094,1.00,3.00,5.00,6.00,0.0194,0
2023-05-06 20:09:59,1683418199,23.5,18.1,99300,2.00,4.00,6.00,6.00,0.0117,0
2023-05-06 20:14:52,1683418492,23.1,17.9,99300,1.00,2.00,3.00,4.00,0.0108,0
2023-05-06 20:19:45,1683418785,22.8,18.2,99300,2.00,4.00,6.00,8.00,0.0147,0
2023-05-06 20:24:56,1683419097,22.5,20.0,99382,2.00,3.00,3.00,4.00,0.0170,0
2023-05-06 20:29:49,1683419390,22.0,20.7,99400,1e-7,2.00,3.00,4.00,0.0169,0
2023-05-06 20:34:43,1683419683,21.6,20.7,99400,1.00,2.00,3.00,4.00,0.0148,0
2023-05-06 20:39:55,1683419996,21.0,21.0,99400,1.00,3.00,5.00,6.00,0.0114,0
2023-05-06 20:44:49,1683420290,20.6,21.9,99400,1.00,4.00,7.00,8.00,0.0152,0
2023-05-06 20:49:43,1683420584,20.1,22.8,99400,1.00,2.00,3.00,4.00,0.0164,0
2023-05-06 20:54:56,1683420897,19.6,24.2,99400,1.00,2.00,3.00,4.00,0.0164,0
2023-05-06 20:59:51,1683421191,19.2,24.4,99400,1.00,4.00,6.00,7.00,0.0145,0
2023-05-06 21:04:46,1683421486,18.7,24.3,99400,1e-7,2.00,3.00,4.00,0.0157,0
2023-05-06 21:09:41,1683421782,18.4,24.6,99400,1.00,4.00,7.00,9.00,0.0163,0
2023-05-06 21:14:55,1683422095,18.0,25.9,99400,1.00,6.00,9.00,11.0,0.0579,0
2023-05-06 21:19:50,1683422391,17.7,27.1,99400,1.00,4.00,7.00,8.00,0.0492,0
2023-05-06 21:24:46,1683422686,17.4,27.7,99400,1.00,3.00,5.00,6.00,0.0196,0
2023-05-06 21:29:42,1683422982,17.1,27.0,99400,1.00,2.00,3.00,4.00,0.0207,0
2023-05-06 21:34:56,1683423297,16.9,28.3,99400,1.00,2.00,3.00,4.00,0.0162,0
2023-05-06 21:39:52,1683423593,16.7,29.0,99400,1.00,5.00,8.00,10.0,0.0196,0
2023-05-06 21:44:48,1683423889,16.5,28.7,99400,1.00,4.00,7.00,8.00,0.0166,0
2023-05-06 21:49:45,1683424185,16.4,29.7,99400,2.00,3.00,5.00,5.00,0.0222,0
2023-05-06 21:54:59,1683424500,16.2,29.7,99400,1.00,3.00,5.00,5.00,0.0157,0
2023-05-06 21:59:56,1683424797,16.1,30.1,99400,1.00,5.00,8.00,9.00,0.0157,0
2023-05-06 22:04:53,1683425093,15.9,30.0,99400,1.00,5.00,8.00,9.00,0.0156,0
2023-05-06 22:09:49,1683425390,15.8,29.7,99400,1.00,3.00,4.00,5.00,0.0131,0
2023-05-06 22:14:46,1683425687,15.6,29.6,99400,1.00,4.00,7.00,8.00,0.0242,0
2023-05-06 22:19:43,1683425983,15.4,29.7,99400,1.00,4.00,7.00,8.00,0.0205,0
2023-05-06 22:24:58,1683426299,15.2,29.9,99400,1.00,2.00,4.00,4.00,0.0153,0
2023-05-06 22:29:55,1683426596,15.0,31.3,99400,2.00,5.00,8.00,9.00,0.0128,0
2023-05-06 22:34:52,1683426893,14.9,31.5,99400,1.00,2.00,3.00,4.00,0.0208,0
2023-05-06 22:39:50,1683427190,14.7,30.9,99400,1.00,3.00,5.00,6.00,0.0194,0
2023-05-06 22:44:47,1683427487,14.6,31.3,99400,1.00,4.00,5.00,6.00,0.0156,0
2023-05-06 22:49:44,1683427785,14.5,32.0,99400,1.00,4.00,7.00,8.00,0.0121,0
2023-05-06 22:54:41,1683428082,14.4,32.7,99400,1.00,4.00,6.00,6.00,0.0123,0
2023-05-06 22:59:58,1683428398,14.2,33.3,99400,1.00,4.00,7.00,8.00,0.0115,0
2023-05-06 23:04:56,1683428696,14.1,33.6,99400,2.00,4.00,6.00,7.00,0.0147,0
2023-05-06 23:09:53,1683428994,13.9,34.4,99400,2.00,6.00,9.00,10.0,0.0303,0
2023-05-06 23:14:51,1683429292,13.8,34.7,99400,2.00,3.00,5.00,5.00,0.0303,0
2023-05-06 23:19:49,1683429589,13.7,34.8,99400,2.00,6.00,9.00,10.0,0.0171,0
2023-05-06 23:24:47,1683429887,13.7,34.6,99400,2.00,4.00,7.00,8.00,0.0171,0
2023-05-06 23:29:45,1683430185,13.6,34.8,99400,1.00,5.00,8.00,10.0,0.0237,0
2023-05-06 23:34:43,1683430483,13.6,34.7,99400,2.00,3.00,4.00,4.00,0.0159,0
2023-05-06 23:39:59,1683430800,13.6,35.0,99400,1.00,2.00,3.00,3.00,0.0157,0
2023-05-06 23:44:57,1683431098,13.5,35.3,99400,1.00,3.00,4.00,5.00,0.0101,0
2023-05-06 23:49:55,1683431396,13.4,36.0,99400,2.00,3.00,5.00,6.00,0.0131,0
2023-05-06 23:54:53,1683431694,13.3,36.1,99400,2.00,3.00,5.00,5.00,0.0124,0
2023-05-06 23:59:52,1683431992,13.2,36.3,99400,1.00,3.00,5.00,6.00,0.0109,0
2023-05-07 00:04:50,1683432290,13.1,35.8,99400,2.00,5.00,7.00,9.00,0.0126,0
2023-05-07 00:09:48,1683432589,13.0,35.9,99400,1.00,6.00,10.0,12.0,0.0205,0
2023-05-07 00:14:47,1683432887,13.0,36.0,99400,1e-7,2.00,3.00,4.00,0.0453,0
2023-05-07 00:19:45,1683433185,12.9,36.5,99400,1.00,2.00,4.00,5.00,0.0308,0
2023-05-07 00:24:43,1683433484,12.9,36.7,99400,1.00,5.00,8.00,9.00,0.0185,0
2023-05-07 00:29:42,1683433782,12.8,36.9,99400,2.00,5.00,7.00,8.00,0.0220,0
2023-05-07 00:34:59,1683434099,12.7,37.6,99400,2.00,3.00,6.00,7.00,0.0142,0
2023-05-07 00:39:57,1683434398,12.6,38.4,99400,1.00,2.00,3.00,4.00,0.0135,0
2023-05-07 00:44:56,1683434696,12.4,38.1,99400,1.00,3.00,6.00,7.00,0.0163,0
2023-05-07 00:49:54,1683434995,12.2,38.4,99400,2.00,3.00,5.00,6.00,0.0151,0
2023-05-07 00:54:53,1683435293,12.1,38.0,99400,1.00,3.00,4.00,5.00,0.0129,0
2023-05-07 00:59:52,1683435592,11.9,38.1,99400,2.00,6.00,8.00,9.00,0.0150,0
2023-05-07 01:04:51,1683435891,11.7,38.4,99400,1.00,3.00,4.00,5.00,0.0191,0
2023-05-07 01:09:49,1683436190,11.6,39.0,99400,2.00,6.00,9.00,11.0,0.0498,0
2023-05-07 01:14:48,1683436489,11.4,39.7,99400,1.00,4.00,7.00,8.00,0.0850,0
2023-05-07 01:19:47,1683436788,11.3,39.2,99400,1.00,3.00,5.00,6.00,0.0489,0
2023-05-07 01:24:46,1683437087,11.2,37.8,99400,1.00,3.00,6.00,7.00,0.0134,0
2023-05-07 01:29:46,1683437386,11.1,39.0,99400,2.00,3.00,4.00,5.00,0.0122,0
2023-05-07 01:34:45,1683437685,11.1,40.2,99400,2.00,3.00,4.00,5.00,0.00998,0
2023-05-07 01:39:44,1683437985,10.9,40.4,99400,1.00,2.00,3.00,4.00,0.0102,0
2023-05-07 01:44:44,1683438284,10.8,40.3,99400,1.00,4.00,6.00,7.00,0.0150,0
2023-05-07 01:49:43,1683438584,10.7,40.9,99400,1.00,5.00,8.00,9.00,0.0321,0
2023-05-07 01:54:43,1683438883,10.6,41.1,99400,1.00,5.00,8.00,9.00,0.0208,0
2023-05-07 01:59:42,1683439183,10.5,41.3,99400,2.00,5.00,8.00,9.00,0.0132,0
2023-05-07 02:04:42,1683439482,10.4,41.6,99400,1.00,2.00,3.00,4.00,0.0123,0
2023-05-07 02:09:41,1683439782,10.3,41.3,99400,1.00,2.00,4.00,4.00,0.0219,0
2023-05-07 02:14:41,1683440082,10.2,41.5,99400,1.00,2.00,3.00,4.00,0.0174,0
2023-05-07 02:19:41,1683440381,10.1,40.8,99400,1.00,4.00,7.00,8.00,0.00995,0
2023-05-07 02:24:59,1683440700,10.0,40.8,99400,1.00,3.00,5.00,6.00,0.0181,0
2023-05-07 02:29:59,1683441000,9.93,41.9,99400,1.00,4.00,7.00,9.00,0.0186,0
2023-05-07 02:34:59,1683441300,9.84,42.4,99400,2.00,6.00,9.00,11.0,0.0178,0
2023-05-07 02:39:59,1683441600,9.75,42.4,99400,1.00,5.00,7.00,9.00,0.0225,0
2023-05-07 02:44:59,1683441900,9.61,42.5,99400,2.00,3.00,5.00,6.00,0.0203,0
2023-05-07 02:49:59,1683442200,9.48,42.9,99400,2.00,5.00,7.00,9.00,0.0155,0
2023-05-07 02:54:59,1683442500,9.38,43.2,99400,2.00,3.00,4.00,5.00,0.0185,0
2023-05-07 02:59:59,1683442800,9.31,44.0,99400,2.00,4.00,6.00,7.00,0.0174,0
2023-05-07 03:04:59,1683443100,9.25,44.0,99400,2.00,6.00,9.00,10.0,0.0183,0
2023-05-07 03:09:41,1683443381,9.18,44.0,99400,2.00,7.00,11.0,13.0,0.0183,0
2023-05-07 03:14:41,1683443681,9.10,44.0,99400,2.00,5.00,9.00,10.0,0.0163,0
2023-05-07 03:19:41,1683443982,9.02,44.2,99400,2.00,4.00,6.00,8.00,0.0230,0
2023-05-07 03:24:41,1683444282,8.95,44.6,99400,2.00,5.00,8.00,9.00,0.0215,0
2023-05-07 03:29:42,1683444582,8.92,44.7,99400,1.00,4.00,7.00,8.00,0.0143,0
2023-05-07 03:34:42,1683444883,8.84,44.2,99400,1.00,4.00,6.00,8.00,0.0143,0
2023-05-07 03:39:43,1683445183,8.75,44.5,99400,2.00,4.00,6.00,6.00,0.0203,0
2023-05-07 03:44:43,1683445484,8.64,44.5,99400,2.00,3.00,5.00,6.00,0.0150,0
2023-05-07 03:49:44,1683445785,8.57,44.9,99400,1.00,5.00,8.00,9.00,0.0127,0
2023-05-07 03:54:45,1683446085,8.52,45.4,99400,3.00,6.00,10.0,11.0,0.0157,0
2023-05-07 03:59:45,1683446386,8.48,45.6,99400,2.00,4.00,6.00,7.00,0.0157,0
2023-05-07 04:04:46,1683446686,8.40,45.5,99400,2.00,3.00,5.00,5.00,0.0147,0
2023-05-07 04:09:47,1683446987,8.30,45.2,99400,3.00,7.00,11.0,13.0,0.0147,0
2023-05-07 04:14:50,1683447290,8.20,45.3,99400,2.00,7.00,11.0,13.0,0.0228,0
2023-05-07 04:19:50,1683447591,8.13,45.4,99400,2.00,4.00,6.00,7.00,0.0340,0
2023-05-07 04:24:51,1683447892,8.04,45.3,99400,2.00,4.00,5.00,5.00,0.0313,0
2023-05-07 04:29:52,1683448193,7.98,45.6,99400,1.00,3.00,4.00,5.00,0.0331,0
2023-05-07 04:34:53,1683448493,7.92,45.5,99400,2.00,5.00,8.00,9.00,0.0165,0
2023-05-07 04:39:54,1683448794,7.83,45.3,99400,3.00,5.00,8.00,10.0,0.0143,0
2023-05-07 04:44:55,1683449095,7.72,45.9,99319,2.00,2.00,3.00,4.00,0.0130,0
2023-05-07 04:49:56,1683449396,7.63,45.7,99375,2.00,3.00,5.00,6.00,0.0166,0
2023-05-07 04:54:57,1683449697,7.55,45.7,99381,2.00,5.00,7.00,9.00,0.0141,0
2023-05-07 04:59:58,1683449998,7.47,45.8,99331,1.00,3.00,6.00,7.00,0.0214,0
2023-05-07 05:04:59,1683450299,7.41,46.0,99331,3.00,4.00,6.00,7.00,0.0214,0
2023-05-07 05:09:41,1683450582,7.36,46.4,99313,2.00,2.00,3.00,3.00,0.0155,0
2023-05-07 05:14:42,1683450883,7.34,46.9,99313,1.00,2.00,3.00,4.00,0.0164,0
2023-05-07 05:19:43,1683451184,7.37,47.3,99300,1.00,2.00,3.00,4.00,0.0111,0
2023-05-07 05:24:44,1683451485,7.40,47.3,99300,2.00,6.00,9.00,11.0,0.0137,0
2023-05-07 05:29:45,1683451786,7.37,46.6,99369,3.00,3.00,5.00,6.00,0.0157,0
2023-05-07 05:34:47,1683452087,7.33,46.4,99300,1.00,4.00,7.00,8.00,0.0136,0
2023-05-07 05:39:48,1683452388,7.32,46.8,99356,3.00,9.00,14.0,16.0,0.0352,0
2023-05-07 05:44:49,1683452689,7.37,47.1,99306,2.00,3.00,3.00,4.00,0.0352,0
2023-05-07 05:48:34,1683452915,7.39,46.7,99400,2.00,5.00,7.00,9.00,0.0121,0
2023-05-07 10:29:47,1683469788,30.9,10.4,98900,1.00,2.00,3.00,4.00,,
2023-05-07 10:33:05,1683469985,30.9,10.4,98900,1.00,3.00,5.00,6.00,,
2023-05-07 10:49:09,1683470949,31.5,10.4,98900,3.00,11.0,17.0,20.0,,
2023-05-07 11:04:46,1683471887,31.2,10.3,98900,1.00,5.00,7.00,9.00,0.0492,0
2023-05-07 11:05:40,1683471941,31.3,10.4,98900,1.00,1.00,2.00,2.00,0.0492,0
2023-05-07 11:34:42,1683473682,30.5,11.2,98900,1e-7,1.00,3.00,3.00,,
2023-05-07 11:38:00,1683473881,30.6,11.2,98900,10.0,34.0,53.0,63.0,,
2023-05-07 12:04:51,1683475491,30.0,11.5,98867,3.00,9.00,13.0,15.0,,
2023-05-07 12:09:57,1683475797,29.6,11.5,98800,23.0,72.0,113,132,,
2023-05-07 12:11:26,1683475887,29.4,12.1,98800,1e-7,1.00,2.00,3.00,0.0621,0
2023-05-07 12:19:42,1683476383,29.6,12.3,98800,1.00,2.00,4.00,4.00,0.328,0
2023-05-07 12:24:49,1683476689,29.7,12.2,98800,2.00,7.00,11.0,13.0,0.247,0
2023-05-07 12:26:55,1683476815,29.6,12.6,98800,1.00,2.00,3.00,3.00,0.0599,0
2023-05-07 12:39:59,1683477600,29.2,12.6,98800,1.00,1.00,1.00,1.00,0.0520,0
2023-05-07 12:43:53,1683477834,29.0,12.5,98800,2.00,4.00,6.00,7.00,0.0630,0
2023-05-07 12:54:53,1683478494,28.9,12.8,98800,2.00,7.00,10.0,12.0,0.0492,0
2023-05-07 12:59:42,1683478783,29.0,12.3,98800,1.00,6.00,9.00,11.0,0.0154,0
2023-05-07 13:00:00,1683478801,29.0,12.5,98800,1e-7,1e-7,1e-7,1e-7,0.0154,0
2023-05-07 13:09:50,1683479390,29.0,12.7,98767,1.00,1.00,2.00,2.00,0.0154,0
2023-05-07 13:14:56,1683479697,29.0,13.0,98782,1.00,2.00,3.00,4.00,0.0368,0
2023-05-07 13:15:51,1683479751,29.0,12.6,98700,2.00,3.00,4.00,5.00,0.0368,0
2023-05-07 13:29:56,1683480597,28.8,13.1,98700,2.00,5.00,8.00,10.0,0.0177,0
2023-05-07 13:32:39,1683480759,28.7,12.9,98700,1.00,1.00,2.00,2.00,0.0276,0
2023-05-07 13:39:53,1683481193,28.3,13.2,98700,2.00,4.00,6.00,7.00,0.0160,0
2023-05-07 13:44:56,1683481497,28.1,13.5,98700,1.00,3.00,4.00,5.00,0.0165,0
2023-05-07 13:48:33,1683481714,28.1,14.0,98700,1.00,4.00,6.00,7.00,0.0102,0
2023-05-07 13:59:53,1683482394,28.2,12.9,98700,1.00,1.00,1.00,1.00,0.0114,0
2023-05-07 14:04:43,1683482683,27.9,13.3,98700,2.00,4.00,6.00,8.00,0.0114,0
2023-05-07 14:14:49,1683483289,27.8,13.1,98600,1.00,4.00,7.00,8.00,0.0102,0
2023-05-07 14:19:56,1683483596,27.8,13.0,98618,1.00,3.00,4.00,5.00,0.0147,0
2023-05-07 14:21:26,1683483687,27.7,13.0,98600,1.00,2.00,3.00,4.00,0.0157,0
2023-05-07 14:34:44,1683484484,27.6,13.1,98600,2.00,2.00,4.00,4.00,0.0157,0
2023-05-07 14:37:27,1683484647,27.8,12.9,98600,1.00,4.00,7.00,8.00,0.0107,0
2023-05-07 14:44:50,1683485090,28.3,12.6,98600,1e-7,1.00,3.00,3.00,0.0107,0
2023-05-07 14:49:57,1683485397,28.4,12.6,98600,1.00,3.00,5.00,6.00,0.0132,0
2023-05-07 14:53:52,1683485633,28.5,12.3,98600,2.00,7.00,11.0,13.0,0.0132,0
2023-05-07 15:04:44,1683486285,28.2,12.6,98600,1e-7,1.00,1.00,2.00,0.0124,0
2023-05-07 15:09:51,1683486591,28.2,12.8,98600,1.00,6.00,9.00,11.0,0.0439,0
2023-05-07 15:10:45,1683486645,28.2,13.1,98600,1.00,1.00,1.00,1.00,0.0252,0
2023-05-07 15:19:56,1683487197,28.6,13.1,98600,1.00,3.00,4.00,5.00,0.0582,0
2023-05-07 15:23:33,1683487413,28.9,12.6,98533,1.00,2.00,3.00,4.00,0.0399,0
2023-05-07 15:26:22,1683487582,28.8,12.0,98500,2.00,4.00,5.00,5.00,0.0126,0
2023-05-07 15:42:38,1683488558,28.5,12.7,98500,1.00,2.00,3.00,4.00,0.0126,0
2023-05-07 15:54:48,1683489288,28.8,12.3,98500,1e-7,1e-7,1e-7,1e-7,0.0109,0
2023-05-07 15:59:01,1683489541,28.8,12.5,98500,2.00,2.00,3.00,4.00,0.0130,0
2023-05-07 16:14:46,1683490486,28.3,12.7,98500,2.00,5.00,7.00,8.00,0.0130,0
2023-05-07 16:15:22,1683490522,28.0,12.9,98500,1e-7,1.00,3.00,3.00,0.0105,0
2023-05-07 16:29:53,1683491394,26.7,13.8,98500,1.00,3.00,5.00,5.00,0.00986,0
2023-05-07 16:31:24,1683491485,26.7,14.0,98500,1.00,3.00,4.00,4.00,0.0132,0
2023-05-07 16:59:57,1683493197,27.6,13.1,98400,1.00,4.00,7.00,9.00,,
2023-05-07 17:04:29,1683493469,27.2,13.4,98400,1.00,5.00,9.00,10.0,,
2023-05-07 17:19:47,1683494387,26.0,14.6,98400,2.00,4.00,6.00,7.00,,
2023-05-07 17:21:00,1683494460,25.9,14.8,98400,1e-7,2.00,3.00,4.00,,
2023-05-07 17:29:45,1683494985,26.2,14.3,98400,2.00,4.00,6.00,7.00,0.0111,0
2023-05-07 17:34:54,1683495294,26.2,14.3,98400,1.00,4.00,7.00,8.00,0.0116,0
2023-05-07 17:39:44,1683495585,26.4,14.1,98400,2.00,3.00,4.00,5.00,0.0140,0
2023-05-07 17:44:53,1683495893,26.5,14.0,98400,2.00,3.00,5.00,6.00,0.0140,0
2023-05-07 17:49:44,1683496184,26.6,13.5,98400,2.00,5.00,7.00,8.00,0.0129,0
2023-05-07 17:54:53,1683496493,26.6,13.6,98400,1.00,4.00,6.00,8.00,0.0115,0
2023-05-07 17:59:44,1683496784,26.6,13.8,98400,2.00,4.00,6.00,7.00,0.0160,0
2023-05-07 18:04:52,1683497093,26.7,13.5,98400,2.00,5.00,7.00,9.00,0.0144,0
2023-05-07 18:09:43,1683497384,26.7,13.4,98400,1.00,4.00,6.00,7.00,0.0168,0
2023-05-07 18:14:52,1683497693,26.5,13.6,98400,1.00,2.00,3.00,3.00,0.0142,0
2023-05-07 18:19:43,1683497984,26.3,13.9,98400,1.00,2.00,4.00,4.00,0.0147,0
2023-05-07 18:24:52,1683498292,26.2,14.1,98400,2.00,4.00,7.00,8.00,0.0141,0
2023-05-07 18:29:43,1683498583,26.1,14.1,98400,1.00,3.00,5.00,6.00,0.0144,0
2023-05-07 18:34:52,1683498893,25.8,14.4,98400,2.00,3.00,5.00,6.00,0.0144,0
2023-05-07 18:39:44,1683499184,25.6,14.6,98400,1.00,3.00,6.00,7.00,0.0104,0
2023-05-07 18:44:53,1683499493,25.2,14.6,98400,1.00,2.00,3.00,4.00,0.0109,0
2023-05-07 18:48:29,1683499709,24.9,15.1,98400,1.00,1.00,1.00,1.00,0.0120,0
2023-05-07 18:54:50,1683500090,24.4,15.5,98400,1.00,2.00,3.00,4.00,0.0133,0
2023-05-07 18:59:42,1683500382,24.2,15.4,98400,1.00,3.00,4.00,5.00,0.0135,0
2023-05-07 19:04:52,1683500693,23.9,20.6,98012,1.00,3.00,5.00,6.00,0.0111,0
2023-05-07 19:09:45,1683500985,23.5,15.7,98400,1.00,2.00,3.00,4.00,0.0111,0
2023-05-07 19:14:56,1683501296,23.2,15.8,98400,2.00,3.00,5.00,6.00,0.0117,0
2023-05-07 19:19:48,1683501589,23.0,16.0,98400,1.00,5.00,8.00,9.00,0.0133,0
2023-05-07 19:24:59,1683501900,22.9,16.0,98400,2.00,2.00,3.00,4.00,0.0165,0
2023-05-07 19:29:52,1683502192,22.7,16.3,98400,2.00,5.00,9.00,10.0,0.0137,0
2023-05-07 19:34:45,1683502485,22.5,16.6,98400,2.00,5.00,8.00,9.00,0.00965,0
2023-05-07 19:39:57,1683502797,22.2,16.8,98400,2.00,5.00,8.00,9.00,0.0129,0
2023-05-07 19:44:50,1683503090,21.9,17.3,98400,5.00,8.00,10.0,11.0,0.0229,0
2023-05-07 19:49:43,1683503384,21.6,17.7,98400,1.00,5.00,8.00,9.00,0.0205,0
2023-05-07 19:54:55,1683503696,21.3,17.7,98400,2.00,7.00,12.0,14.0,0.0223,0
2023-05-07 19:59:49,1683503989,21.1,17.8,98400,1.00,3.00,5.00,6.00,0.0147,0
2023-05-07 20:04:43,1683504283,20.9,18.1,98400,1.00,2.00,4.00,4.00,0.0159,0
2023-05-07 20:09:55,1683504596,20.7,18.3,98471,2.00,4.00,6.00,7.00,0.0240,0
2023-05-07 20:14:50,1683504890,20.5,18.5,98500,1.00,3.00,5.00,6.00,0.0134,0
2023-05-07 20:19:44,1683505184,20.3,18.9,98500,1.00,4.00,7.00,8.00,0.0134,0
2023-05-07 20:24:57,1683505497,20.2,19.2,98500,1.00,4.00,7.00,8.00,0.0105,0
2023-05-07 20:29:51,1683505792,20.0,19.2,98500,1.00,2.00,4.00,4.00,0.0134,0
2023-05-07 20:34:46,1683506086,19.8,19.5,98500,1.00,3.00,5.00,6.00,0.0141,0
2023-05-07 20:39:59,1683506399,19.6,20.4,98500,2.00,2.00,4.00,4.00,0.0141,0
2023-05-07 20:44:53,1683506694,19.3,21.0,98500,1.00,3.00,5.00,6.00,0.0107,0
2023-05-07 20:49:49,1683506989,18.9,21.6,98500,1.00,2.00,4.00,4.00,0.0107,0
2023-05-07 20:54:44,1683507284,18.5,22.2,98500,2.00,7.00,11.0,13.0,0.0242,0
2023-05-07 20:59:58,1683507598,18.2,22.9,98500,2.00,3.00,5.00,6.00,0.0139,0
2023-05-07 21:04:53,1683507894,17.9,23.1,98500,2.00,3.00,5.00,6.00,0.0132,0
2023-05-07 21:09:49,1683508189,17.7,23.9,98500,1.00,4.00,6.00,7.00,0.0123,0
2023-05-07 21:14:44,1683508485,17.5,24.5,98500,1.00,3.00,6.00,7.00,0.0115,0
2023-05-07 21:19:59,1683508799,17.2,24.8,98500,1.00,5.00,8.00,9.00,0.0146,0
2023-05-07 21:24:55,1683509095,17.0,25.2,98500,1.00,4.00,7.00,8.00,0.0121,0
2023-05-07 21:29:51,1683509392,16.8,24.6,98500,1.00,3.00,5.00,6.00,0.0121,0
2023-05-07 21:34:47,1683509688,16.7,24.4,98500,1.00,4.00,7.00,8.00,0.0135,0
2023-05-07 21:39:43,1683509984,16.6,24.8,98500,1.00,2.00,4.00,4.00,0.0146,0
2023-05-07 21:44:58,1683510299,16.4,25.9,98500,1.00,2.00,3.00,4.00,0.0128,0
2023-05-07 21:49:55,1683510595,16.3,25.9,98500,2.00,7.00,11.0,12.0,0.0194,0
2023-05-07 21:54:51,1683510892,16.2,25.8,98500,2.00,2.00,3.00,4.00,0.0231,0
2023-05-07 21:59:48,1683511188,16.1,25.8,98500,1.00,2.00,3.00,4.00,0.0248,0
2023-05-07 22:04:44,1683511485,16.0,26.1,98500,2.00,7.00,11.0,13.0,0.0228,0
2023-05-07 22:09:41,1683511782,15.9,26.2,98500,2.00,2.00,3.00,4.00,0.0190,0
2023-05-07 22:14:57,1683512097,15.7,25.9,98500,1.00,3.00,5.00,6.00,0.0136,0
2023-05-07 22:19:54,1683512394,15.6,25.9,98500,1.00,3.00,5.00,6.00,0.0111,0
2023-05-07 22:24:50,1683512691,15.5,26.1,98500,1.00,3.00,5.00,5.00,0.0112,0
2023-05-07 22:29:47,1683512988,15.5,25.7,98500,1.00,4.00,7.00,8.00,0.0112,0
2023-05-07 22:34:44,1683513285,15.5,26.6,98500,2.00,3.00,6.00,7.00,0.0148,0
2023-05-07 22:39:42,1683513582,15.4,27.3,98500,1.00,3.00,5.00,6.00,0.0158,0
2023-05-07 22:44:57,1683513898,15.3,27.9,98500,1.00,4.00,7.00,9.00,0.0123,0
2023-05-07 22:49:54,1683514195,15.2,28.6,98500,1.00,2.00,3.00,4.00,0.0159,0
2023-05-07 22:54:52,1683514492,15.1,29.2,98500,1.00,1.00,3.00,3.00,0.0166,0
2023-05-07 22:59:49,1683514789,14.9,29.2,98500,1.00,4.00,6.00,8.00,0.0112,0
2023-05-07 23:04:46,1683515087,14.7,30.5,98500,2.00,6.00,10.0,12.0,0.0488,0
2023-05-07 23:09:44,1683515384,14.5,30.8,98500,1.00,2.00,3.00,4.00,0.0488,0
2023-05-07 23:14:59,1683515699,14.4,30.5,98500,1.00,3.00,5.00,6.00,0.0206,0
2023-05-07 23:19:57,1683515997,14.3,30.1,98500,1.00,2.00,4.00,4.00,0.0102,0
2023-05-07 23:24:55,1683516295,14.2,30.2,98500,2.00,7.00,11.0,13.0,0.0157,0
2023-05-07 23:29:52,1683516593,14.1,30.7,98500,1.00,2.00,3.00,3.00,0.0206,0
2023-05-07 23:34:50,1683516891,14.0,30.5,98500,1.00,2.00,4.00,4.00,0.0161,0
2023-05-07 23:39:48,1683517188,13.8,31.1,98500,1.00,3.00,5.00,6.00,0.00995,0
2023-05-07 23:44:46,1683517486,13.6,31.2,98500,1.00,4.00,6.00,7.00,0.0148,0
2023-05-07 23:49:44,1683517785,13.5,30.8,98500,3.00,6.00,8.00,9.00,0.0123,0
2023-05-07 23:54:42,1683518083,13.3,31.3,98500,2.00,4.00,6.00,7.00,0.0151,0
2023-05-07 23:59:59,1683518399,13.2,31.9,98500,1.00,4.00,7.00,8.00,0.0251,0
2023-05-08 00:04:57,1683518698,13.1,32.1,98500,1.00,1.00,2.00,2.00,0.0286,0
2023-05-08 00:09:56,1683518996,13.0,32.5,98500,1.00,3.00,6.00,7.00,0.0330,0
2023-05-08 00:14:54,1683519295,12.9,33.5,98519,2.00,3.00,4.00,4.00,0.0127,0
2023-05-08 00:19:52,1683519593,12.8,33.8,98525,1.00,3.00,4.00,5.00,0.0106,0
2023-05-08 00:24:51,1683519891,12.6,34.2,98519,1.00,3.00,5.00,6.00,0.0103,0
2023-05-08 00:29:49,1683520190,12.5,34.1,98506,1.00,2.00,4.00,4.00,0.0118,0
2023-05-08 00:34:48,1683520489,12.3,34.6,98506,1.00,3.00,4.00,5.00,0.0112,0
2023-05-08 00:39:47,1683520787,12.1,35.0,98519,1.00,4.00,7.00,8.00,0.0186,0
2023-05-08 00:44:51,1683521091,12.0,35.1,98500,1.00,3.00,5.00,6.00,0.0186,0
2023-05-08 00:49:49,1683521390,11.8,35.3,98531,1.00,2.00,3.00,4.00,0.0153,0
2023-05-08 00:54:48,1683521689,11.7,35.1,98563,1.00,4.00,6.00,7.00,0.0153,0
2023-05-08 00:59:47,1683521988,11.6,36.1,98594,1.00,2.00,3.00,4.00,0.0185,0
2023-05-08 01:04:46,1683522287,11.5,36.3,98600,1.00,3.00,5.00,6.00,0.0162,0
2023-05-08 01:09:45,1683522586,11.3,36.1,98569,1.00,3.00,4.00,5.00,0.0120,0
2023-05-08 01:14:44,1683522885,11.3,36.5,98600,1.00,4.00,7.00,8.00,0.0112,0
2023-05-08 01:19:44,1683523184,11.2,36.5,98600,1.00,3.00,6.00,7.00,0.0177,0
2023-05-08 01:24:43,1683523483,11.1,36.8,98600,1.00,2.00,4.00,5.00,0.0265,0
2023-05-08 01:29:42,1683523783,10.9,37.0,98600,1.00,2.00,3.00,4.00,0.0252,0
2023-05-08 01:34:42,1683524082,10.7,36.5,98538,1.00,3.00,5.00,5.00,0.0103,0
2023-05-08 01:39:41,1683524382,10.5,36.0,98538,1.00,2.00,3.00,4.00,0.0115,0
2023-05-08 01:44:41,1683524682,10.3,36.5,98519,2.00,3.00,5.00,6.00,0.0115,0
2023-05-08 01:49:41,1683524981,10.1,37.0,98500,1e-7,2.00,4.00,4.00,0.0113,0
2023-05-08 01:54:59,1683525300,9.88,37.4,98500,1.00,2.00,4.00,4.00,0.0122,0
2023-05-08 01:59:59,1683525600,9.75,37.7,98500,1.00,4.00,7.00,8.00,0.0164,0
2023-05-08 02:04:59,1683525900,9.60,38.0,98500,1.00,3.00,5.00,6.00,0.0122,0
2023-05-08 02:09:59,1683526200,9.44,38.4,98500,1.00,2.00,4.00,4.00,0.0113,0
2023-05-08 02:14:59,1683526500,9.26,37.8,98500,1.00,2.00,4.00,4.00,0.0117,0
2023-05-08 02:19:41,1683526781,9.09,37.4,98500,1.00,3.00,5.00,6.00,0.0117,0
2023-05-08 02:24:41,1683527082,9.00,38.5,98500,1.00,4.00,6.00,7.00,0.0184,0
2023-05-08 02:29:41,1683527382,8.91,39.0,98550,1.00,3.00,5.00,6.00,0.0184,0
2023-05-08 02:34:42,1683527683,8.81,38.8,98513,1.00,1.00,3.00,3.00,0.0153,0
2023-05-08 02:39:43,1683527983,8.70,38.4,98500,2.00,7.00,10.0,12.0,0.0149,0
2023-05-08 02:44:43,1683528284,8.70,38.7,98500,1.00,2.00,4.00,4.00,0.0195,0
2023-05-08 02:49:44,1683528584,8.70,39.1,98538,2.00,7.00,11.0,13.0,0.0150,0
2023-05-08 02:54:44,1683528885,8.67,39.3,98600,2.00,4.00,7.00,9.00,0.0182,0
2023-05-08 02:59:45,1683529185,8.62,39.2,98563,2.00,4.00,7.00,8.00,0.0135,0
2023-05-08 03:04:46,1683529486,8.57,39.3,98581,1.00,3.00,5.00,6.00,0.0198,0
2023-05-08 03:09:46,1683529787,8.46,39.0,98594,1.00,3.00,4.00,5.00,0.0177,0
2023-05-08 03:14:47,1683530088,8.36,39.7,98594,2.00,3.00,5.00,6.00,0.0120,0
2023-05-08 03:19:48,1683530388,8.25,40.4,98588,2.00,2.00,4.00,4.00,0.0122,0
2023-05-08 03:24:49,1683530690,8.09,40.6,98600,1.00,2.00,3.00,4.00,0.0110,0
2023-05-08 03:29:50,1683530991,7.93,41.1,98600,1.00,4.00,7.00,8.00,0.0110,0
2023-05-08 03:34:51,1683531292,7.72,40.7,98600,1.00,2.00,3.00,4.00,0.0154,0
2023-05-08 03:39:52,1683531593,7.55,41.5,98600,1.00,4.00,6.00,7.00,0.0181,0
2023-05-08 03:44:54,1683531894,7.32,40.8,98600,1.00,3.00,4.00,4.00,0.0134,0
2023-05-08 03:49:55,1683532195,7.14,40.7,98600,2.00,6.00,8.00,10.0,0.0129,0
2023-05-08 03:54:56,1683532497,6.97,40.9,98600,1.00,2.00,3.00,4.00,0.0172,0
2023-05-08 03:59:57,1683532798,6.81,40.4,98600,1e-7,1.00,2.00,3.00,0.0188,0
2023-05-08 04:04:59,1683533099,6.69,41.0,98600,1.00,5.00,8.00,9.00,0.0188,0
2023-05-08 04:09:42,1683533382,6.58,41.6,98600,2.00,6.00,10.0,12.0,0.0178,0
2023-05-08 04:14:43,1683533684,6.52,42.0,98600,1.00,2.00,3.00,4.00,0.0229,0
2023-05-08 04:19:45,1683533985,6.48,42.1,98600,1.00,4.00,6.00,7.00,0.0150,0
2023-05-08 04:24:47,1683534287,6.44,42.1,98600,2.00,6.00,9.00,10.0,0.0167,0
2023-05-08 04:29:48,1683534589,6.42,42.6,98600,1.00,2.00,2.00,3.00,0.0133,0
2023-05-08 04:34:50,1683534891,6.37,42.0,98600,1.00,2.00,3.00,4.00,0.0180,0
2023-05-08 04:39:52,1683535192,6.32,42.6,98600,1e-7,2.00,3.00,4.00,0.0167,0
2023-05-08 04:44:54,1683535494,6.26,42.7,98600,1.00,3.00,4.00,5.00,0.0106,0
2023-05-08 04:49:56,1683535796,6.18,42.4,98600,1.00,2.00,3.00,4.00,0.0116,0
2023-05-08 04:54:57,1683536098,6.06,42.7,98600,1.00,2.00,4.00,5.00,0.0102,0
2023-05-08 04:59:59,1683536400,5.92,42.1,98600,1.00,2.00,3.00,4.00,0.0103,0
2023-05-08 05:04:42,1683536683,5.79,42.3,98600,1.00,4.00,7.00,8.00,0.0101,0
2023-05-08 05:09:44,1683536985,5.66,42.0,98600,1.00,4.00,7.00,9.00,0.0143,0
2023-05-08 05:14:45,1683537286,5.57,42.1,98600,1.00,4.00,7.00,8.00,0.0187,0
2023-05-08 05:19:47,1683537588,5.50,42.6,98600,1.00,4.00,7.00,8.00,0.0163,0
2023-05-08 05:24:49,1683537890,5.36,42.1,98600,1e-7,2.00,3.00,4.00,0.0119,0
2023-05-08 05:29:52,1683538192,5.30,43.3,98600,1.00,2.00,4.00,4.00,0.0130,0
2023-05-08 05:34:54,1683538494,5.26,43.4,98600,1.00,2.00,3.00,4.00,0.00995,0
2023-05-08 05:39:56,1683538796,5.25,43.8,98600,1e-7,1.00,3.00,3.00,0.00995,0
2023-05-08 05:44:20,1683539061,5.27,43.9,98614,1.00,2.00,3.00,4.00,0.00995,0
2023-05-08 08:29:48,1683548988,19.5,16.5,98800,1e-7,2.00,4.00,4.00,,
2023-05-08 08:31:19,1683549080,19.4,16.8,98800,2.00,3.00,5.00,5.00,,
2023-05-08 10:39:59,1683556800,23.6,10.6,98800,1e-7,2.00,4.00,4.00,,
2023-05-08 10:44:51,1683557092,23.5,10.7,98800,1.00,5.00,8.00,9.00,,
2023-05-08 10:46:23,1683557183,23.2,10.7,98800,1.00,2.00,3.00,4.00,,
2023-05-08 11:09:48,1683558588,23.4,10.8,98800,1.00,6.00,10.0,12.0,,
2023-05-08 11:14:58,1683558899,22.9,11.2,98800,3.00,7.00,11.0,12.0,0.0143,0
2023-05-08 11:17:43,1683559063,22.9,11.2,98800,1.00,3.00,5.00,6.00,0.0150,0
2023-05-08 11:34:44,1683560084,20.8,12.3,98800,2.00,8.00,13.0,15.0,,
2023-05-08 11:39:50,1683560390,20.7,12.2,98800,16.0,51.0,80.0,95.0,,
2023-05-08 11:44:43,1683560683,20.7,12.9,98800,1.00,2.00,3.00,4.00,,
2023-05-08 12:54:54,1683564894,20.7,14.0,98800,1e-7,1.00,2.00,3.00,,
2023-05-08 12:58:51,1683565132,21.0,13.6,98800,3.00,8.00,12.0,14.0,,
2023-05-08 13:09:43,1683565784,21.2,13.0,98800,1.00,4.00,7.00,8.00,,
2023-05-08 13:14:36,1683566077,21.2,13.3,98769,1.00,3.00,4.00,5.00,0.0600,0
2023-05-08 13:24:59,1683566699,21.6,12.5,98700,1.00,2.00,3.00,4.00,0.0291,0
2023-05-08 13:29:51,1683566992,21.6,12.3,98731,1.00,3.00,5.00,6.00,0.0173,0
2023-05-08 13:30:46,1683567047,21.6,12.3,98700,1.00,3.00,4.00,5.00,0.0111,0
2023-05-08 13:39:42,1683567583,21.8,12.9,98800,1e-7,1.00,1.00,1.00,0.0111,0
2023-05-08 13:44:53,1683567894,21.8,12.5,98794,1.00,5.00,7.00,9.00,0.0146,0
2023-05-08 13:47:01,1683568022,21.9,12.9,98800,1.00,4.00,6.00,7.00,0.0131,0
2023-05-08 13:59:58,1683568799,21.5,12.3,98800,1.00,1.00,1.00,1.00,0.0131,0
2023-05-08 14:03:20,1683569000,21.4,12.4,98800,73.0,220,341,399,0.0764,0
2023-05-08 14:14:47,1683569687,21.1,12.6,98800,1.00,4.00,6.00,7.00,0.150,0
2023-05-08 14:19:58,1683569999,21.1,12.3,98800,5.00,15.0,24.0,28.0,0.174,0
2023-05-08 14:34:54,1683570894,21.3,13.4,98800,3.00,7.00,10.0,11.0,0.0854,0
2023-05-08 14:36:43,1683571004,21.5,13.4,98800,1.00,2.00,3.00,4.00,0.0112,0
2023-05-08 14:49:50,1683571791,21.4,12.4,98800,2.00,6.00,9.00,10.0,0.0236,0
2023-05-08 14:52:53,1683571974,20.9,12.7,98800,1.00,4.00,7.00,9.00,0.0242,0
2023-05-08 15:04:50,1683572690,20.7,13.3,98800,1.00,3.00,5.00,6.00,0.0265,0
2023-05-08 15:09:43,1683572983,20.9,13.1,98800,6.00,19.0,29.0,34.0,0.0932,0
2023-05-08 15:10:37,1683573038,21.1,13.3,98800,1.00,1.00,3.00,3.00,0.119,0
2023-05-08 15:19:57,1683573597,21.8,12.8,98800,2.00,4.00,6.00,8.00,0.120,0
2023-05-08 15:24:49,1683573890,22.0,12.6,98800,2.00,6.00,9.00,10.0,0.0989,0
2023-05-08 15:26:57,1683574017,22.1,12.7,98800,1.00,2.00,3.00,4.00,0.0546,0
2023-05-08 15:34:53,1683574494,22.5,12.1,98800,1e-7,2.00,4.00,4.00,0.00651,0
2023-05-08 15:39:46,1683574786,22.3,12.1,98800,2.00,7.00,12.0,14.0,0.0113,0
2023-05-08 15:42:12,1683574933,21.9,12.5,98800,1.00,2.00,3.00,3.00,0.00875,0
2023-05-08 15:54:55,1683575695,20.3,13.3,98800,1.00,2.00,3.00,4.00,0.0183,0
2023-05-08 15:58:35,1683575915,20.3,13.4,98800,2.00,3.00,5.00,6.00,0.0199,0
2023-05-08 16:14:54,1683576895,21.8,11.6,98727,2.00,3.00,4.00,5.00,0.0140,0
2023-05-08 16:15:49,1683576949,21.8,12.0,98800,1e-7,1e-7,1.00,1.00,0.0103,0
2023-05-08 16:24:47,1683577488,22.1,11.5,98744,1.00,2.00,2.00,3.00,0.0106,0
2023-05-08 16:29:58,1683577799,22.0,11.8,98729,4.00,7.00,9.00,10.0,0.0241,0
2023-05-08 16:31:30,1683577890,22.0,11.8,98740,1.00,4.00,6.00,8.00,0.0241,0
2023-05-08 16:44:52,1683578693,21.5,11.8,98800,1e-7,2.00,4.00,4.00,0.0383,0
2023-05-08 16:49:08,1683578949,21.0,12.0,98786,1.00,4.00,7.00,8.00,0.0304,0
2023-05-08 16:59:45,1683579586,19.7,12.7,98800,2.00,5.00,7.00,8.00,0.0304,0
2023-05-08 17:04:58,1683579899,19.3,12.8,98800,1.00,3.00,6.00,7.00,0.0165,0
2023-05-08 17:05:34,1683579935,19.0,13.2,98800,1e-7,1.00,2.00,3.00,0.0167,0
2023-05-08 17:14:59,1683580499,19.2,13.3,98800,1.00,2.00,3.00,3.00,0.0170,0
2023-05-08 17:19:53,1683580794,19.3,13.2,98781,1.00,3.00,4.00,4.00,0.0159,0
2023-05-08 17:24:48,1683581088,19.4,12.6,98781,2.00,6.00,9.00,11.0,0.0186,0
2023-05-08 17:29:43,1683581383,19.2,12.7,98800,1.00,3.00,4.00,5.00,0.0242,0
2023-05-08 17:34:56,1683581696,19.5,12.8,98800,2.00,3.00,5.00,6.00,0.0179,0
2023-05-08 17:37:23,1683581844,19.5,12.6,98800,2.00,2.00,3.00,3.00,0.0123,0
2023-05-08 17:54:21,1683582861,19.4,11.9,98800,1.00,4.00,5.00,6.00,0.0113,0
2023-05-08 17:59:45,1683583185,19.4,11.9,98800,1.00,3.00,5.00,5.00,0.0111,0
2023-05-08 18:04:59,1683583500,19.3,11.9,98800,1.00,3.00,6.00,7.00,0.0119,0
2023-05-08 18:09:54,1683583794,18.9,12.3,98800,1.00,4.00,7.00,8.00,0.0131,0
2023-05-08 18:14:49,1683584090,18.5,12.9,98800,1.00,3.00,6.00,7.00,0.0131,0
2023-05-08 18:19:44,1683584385,18.6,13.0,98800,2.00,6.00,10.0,12.0,0.0283,0
2023-05-08 18:24:58,1683584698,18.5,13.2,98800,1.00,4.00,6.00,7.00,0.0298,0
2023-05-08 18:29:52,1683584993,18.1,13.4,98800,1.00,5.00,8.00,9.00,0.0162,0
2023-05-08 18:34:10,1683585250,17.7,13.5,98800,1.00,3.00,5.00,6.00,0.0131,0
2023-05-08 18:39:47,1683585587,17.3,14.0,98825,1.00,4.00,7.00,8.00,0.0116,0
2023-05-08 18:44:42,1683585883,17.0,14.2,98888,1.00,2.00,4.00,4.00,0.0170,0
2023-05-08 18:49:56,1683586197,16.6,14.4,98900,1.00,2.00,4.00,4.00,0.0134,0
2023-05-08 18:54:52,1683586493,16.3,14.5,98900,1.00,4.00,7.00,9.00,0.0159,0
2023-05-08 18:59:49,1683586789,16.0,14.7,98900,1.00,2.00,4.00,4.00,0.0146,0
2023-05-08 19:04:45,1683587085,15.9,14.9,98900,1.00,4.00,7.00,8.00,0.0139,0
2023-05-08 19:09:41,1683587382,15.8,15.1,98900,1.00,3.00,5.00,6.00,0.0127,0
2023-05-08 19:14:56,1683587697,15.7,15.1,98900,1.00,3.00,5.00,6.00,0.0137,0
2023-05-08 19:19:52,1683587993,15.7,15.1,98900,2.00,4.00,6.00,7.00,0.0137,0
2023-05-08 19:24:49,1683588290,15.6,14.9,98900,2.00,3.00,5.00,6.00,0.0169,0
2023-05-08 19:29:45,1683588586,15.5,15.0,98900,1.00,4.00,6.00,7.00,0.0106,0
2023-05-08 19:34:42,1683588883,15.4,15.4,98938,1.00,2.00,4.00,4.00,0.0133,0
2023-05-08 19:39:58,1683589198,15.2,15.4,98976,1.00,4.00,6.00,8.00,0.0127,0
2023-05-08 19:44:55,1683589495,15.0,15.4,99000,2.00,7.00,10.0,12.0,0.0233,0
2023-05-08 19:49:52,1683589793,14.8,15.8,99000,1.00,2.00,3.00,4.00,0.0219,0
2023-05-08 19:54:49,1683590090,14.6,15.8,99000,1.00,4.00,7.00,9.00,0.0195,0
2023-05-08 19:59:47,1683590387,14.4,16.1,99000,3.00,10.0,16.0,19.0,0.0131,0
2023-05-08 20:04:44,1683590685,14.1,16.4,99000,2.00,4.00,5.00,6.00,0.0294,0
2023-05-08 20:09:42,1683590982,13.9,16.6,99000,1.00,2.00,4.00,4.00,0.0294,0
2023-05-08 20:14:59,1683591299,13.6,17.1,99000,1.00,2.00,3.00,4.00,0.0107,0
2023-05-08 20:19:57,1683591597,13.4,17.3,99000,1.00,2.00,4.00,4.00,0.0107,0
2023-05-08 20:24:55,1683591895,13.1,17.7,99000,2.00,6.00,11.0,12.0,0.0196,0
2023-05-08 20:29:53,1683592194,12.9,17.7,99000,1.00,2.00,4.00,4.00,0.0246,0
2023-05-08 20:34:52,1683592492,12.6,17.7,99000,1.00,2.00,4.00,4.00,0.0349,0
2023-05-08 20:39:50,1683592791,12.4,18.1,99000,1.00,3.00,5.00,6.00,0.0128,0
2023-05-08 20:44:49,1683593089,12.2,18.2,99094,1e-7,1.00,1.00,1.00,0.0123,0
2023-05-08 20:49:47,1683593388,12.0,18.7,99094,1.00,4.00,7.00,8.00,0.0134,0
2023-05-08 20:54:46,1683593686,11.8,18.8,99100,1.00,2.00,4.00,4.00,0.0198,0
2023-05-08 20:59:45,1683593985,11.7,19.2,99100,2.00,5.00,8.00,9.00,0.0164,0
2023-05-08 21:04:44,1683594284,11.5,19.3,99100,1.00,2.00,3.00,4.00,0.0189,0
2023-05-08 21:09:43,1683594583,11.3,19.9,99100,1.00,2.00,3.00,4.00,0.0203,0
2023-05-08 21:14:42,1683594882,11.1,20.1,99100,1.00,3.00,6.00,7.00,0.0150,0
2023-05-08 21:19:41,1683595182,11.0,19.8,99100,2.00,7.00,11.0,13.0,0.0150,0
2023-05-08 21:24:59,1683595499,11.0,20.4,99100,2.00,4.00,7.00,8.00,0.0283,0
2023-05-08 21:29:58,1683595799,11.0,20.1,99100,1.00,3.00,6.00,7.00,0.0296,0
2023-05-08 21:34:57,1683596098,10.9,20.1,99100,1.00,2.00,4.00,4.00,0.0242,0
2023-05-08 21:39:57,1683596397,10.9,20.4,99100,1.00,3.00,5.00,6.00,0.0117,0
2023-05-08 21:44:56,1683596697,10.8,20.3,99106,1.00,2.00,4.00,4.00,0.0117,0
2023-05-08 21:49:54,1683596995,10.7,21.0,99156,1e-7,2.00,4.00,4.00,0.0117,0
2023-05-08 21:54:54,1683597294,10.5,22.3,99200,1e-7,2.00,3.00,4.00,0.0113,0
2023-05-08 21:59:54,1683597594,10.3,22.3,99200,1e-7,2.00,3.00,4.00,0.00995,0
2023-05-08 22:04:53,1683597894,9.96,22.6,99200,1e-7,2.00,4.00,4.00,0.00995,0
2023-05-08 22:09:53,1683598194,9.67,23.5,99200,1.00,2.00,4.00,4.00,0.00995,0
2023-05-08 22:14:53,1683598494,9.29,23.2,99200,1e-7,2.00,4.00,4.00,0.00995,0
2023-05-08 22:19:53,1683598794,9.01,23.9,99200,1.00,2.00,3.00,4.00,0.00995,0
2023-05-08 22:24:54,1683599094,8.77,24.6,99200,1.00,4.00,7.00,8.00,0.0160,0
2023-05-08 22:29:55,1683599395,8.52,24.5,99200,1.00,2.00,3.00,4.00,0.0154,0
2023-05-08 22:34:55,1683599696,8.30,24.8,99200,1.00,2.00,3.00,4.00,0.0127,0
2023-05-08 22:39:56,1683599997,8.16,25.8,99200,1.00,3.00,5.00,6.00,0.00995,0
2023-05-08 22:44:57,1683600297,8.05,26.0,99200,1.00,3.00,4.00,5.00,0.0120,0
2023-05-08 22:49:57,1683600598,7.94,26.4,99200,1e-7,2.00,4.00,4.00,0.0120,0
2023-05-08 22:54:59,1683600899,7.90,27.7,99200,1.00,3.00,5.00,6.00,0.0120,0
2023-05-08 22:59:41,1683601181,7.65,27.4,99200,1.00,4.00,6.00,7.00,0.0172,0
2023-05-08 23:04:42,1683601482,7.49,28.1,99200,1.00,3.00,6.00,7.00,0.0172,0
2023-05-08 23:09:43,1683601783,7.34,28.2,99200,3.00,8.00,13.0,15.0,0.0127,0
2023-05-08 23:14:44,1683602085,7.19,29.0,99200,1.00,3.00,6.00,7.00,0.0373,0
2023-05-08 23:19:45,1683602386,7.04,29.8,99200,1.00,4.00,7.00,8.00,0.0374,0
2023-05-08 23:24:47,1683602687,6.87,30.5,99200,1.00,4.00,7.00,9.00,0.0339,0
2023-05-08 23:29:48,1683602989,6.64,28.7,99200,1e-7,2.00,3.00,4.00,0.0186,0
2023-05-08 23:34:50,1683603291,6.43,29.6,99200,1.00,2.00,4.00,4.00,0.0139,0
2023-05-08 23:39:52,1683603592,6.28,30.7,99200,1e-7,2.00,4.00,4.00,0.00995,0
2023-05-08 23:44:53,1683603894,6.14,30.3,99200,1e-7,2.00,4.00,5.00,0.00995,0
2023-05-08 23:49:55,1683604196,6.08,31.3,99200,1.00,2.00,4.00,4.00,0.0101,0
2023-05-08 23:54:57,1683604498,5.99,31.1,99200,1e-7,1e-7,1e-7,1e-7,0.0101,0
2023-05-08 23:59:59,1683604799,5.85,30.7,99200,1e-7,2.00,4.00,4.00,0.0101,0
2023-05-09 00:04:42,1683605083,5.70,31.0,99200,1.00,5.00,8.00,10.0,0.0120,0
2023-05-09 00:09:44,1683605385,5.54,31.4,99200,1.00,2.00,4.00,4.00,0.0178,0
2023-05-09 00:14:46,1683605687,5.40,31.8,99200,1.00,2.00,4.00,5.00,0.0178,0
2023-05-09 00:19:49,1683605989,5.26,32.2,99200,1.00,4.00,7.00,9.00,0.0172,0
2023-05-09 00:24:51,1683606291,5.15,32.9,99200,1e-7,2.00,4.00,4.00,0.0145,0
2023-05-09 00:29:53,1683606594,4.99,32.2,99200,1.00,2.00,4.00,4.00,0.0145,0
2023-05-09 00:34:56,1683606896,4.94,33.7,99225,1.00,2.00,4.00,5.00,0.0129,0
2023-05-09 00:39:58,1683607199,4.80,33.0,99250,1e-7,2.00,4.00,4.00,0.0104,0
2023-05-09 00:44:42,1683607482,4.74,34.3,99280,1e-7,2.00,4.00,5.00,0.0105,0
2023-05-09 00:49:44,1683607785,4.69,35.1,99300,1.00,5.00,8.00,9.00,0.0101,0
2023-05-09 00:54:47,1683608087,4.61,35.0,99300,1.00,2.00,3.00,4.00,0.0157,0
2023-05-09 00:59:50,1683608390,4.50,34.9,99300,1.00,3.00,5.00,6.00,0.0180,0
2023-05-09 01:04:52,1683608693,4.42,35.7,99300,1.00,2.00,4.00,4.00,0.0166,0
2023-05-09 01:09:55,1683608996,4.33,36.2,99300,1.00,3.00,6.00,7.00,0.0134,0
2023-05-09 01:14:58,1683609299,4.21,35.7,99300,1.00,2.00,3.00,4.00,0.0165,0
2023-05-09 01:19:42,1683609583,4.14,36.0,99300,1.00,4.00,7.00,8.00,0.0158,0
2023-05-09 01:24:45,1683609886,4.08,36.2,99300,3.00,9.00,14.0,17.0,0.0399,0
2023-05-09 01:29:48,1683610189,4.02,36.1,99300,1.00,2.00,3.00,4.00,0.0399,0
2023-05-09 01:34:51,1683610492,3.96,36.2,99300,2.00,5.00,8.00,9.00,0.0408,0
2023-05-09 01:39:54,1683610795,3.87,36.4,99300,1.00,3.00,5.00,6.00,0.0207,0
2023-05-09 01:44:58,1683611098,3.80,36.3,99300,1.00,4.00,6.00,8.00,0.0207,0
2023-05-09 01:49:42,1683611383,3.73,36.4,99300,1.00,3.00,5.00,6.00,0.0138,0
2023-05-09 01:54:45,1683611686,3.66,36.4,99300,1.00,2.00,4.00,4.00,0.0129,0
2023-05-09 01:59:49,1683611989,3.60,36.4,99300,1.00,3.00,5.00,6.00,0.0115,0
2023-05-09 02:04:52,1683612292,3.56,36.6,99300,2.00,6.00,8.00,10.0,0.0111,0
2023-05-09 02:09:55,1683612596,3.53,36.9,99300,1.00,4.00,7.00,8.00,0.0119,0
2023-05-09 02:14:58,1683612899,3.49,36.9,99300,1.00,3.00,5.00,6.00,0.0171,0
2023-05-09 02:19:43,1683613184,3.44,37.1,99300,1.00,4.00,6.00,7.00,0.0215,0
2023-05-09 02:24:46,1683613487,3.38,37.2,99300,1.00,3.00,5.00,6.00,0.0215,0
2023-05-09 02:29:50,1683613791,3.31,37.2,99300,1.00,2.00,4.00,4.00,0.0110,0
2023-05-09 02:34:53,1683614094,3.24,37.7,99300,1.00,3.00,5.00,6.00,0.0109,0
2023-05-09 02:39:57,1683614398,3.18,37.6,99300,1e-7,2.00,3.00,4.00,0.00995,0
2023-05-09 02:44:42,1683614682,3.15,38.1,99300,1.00,5.00,8.00,9.00,0.0129,0
2023-05-09 02:49:45,1683614986,3.09,38.1,99300,1.00,2.00,4.00,4.00,0.0325,0
2023-05-09 02:54:49,1683615289,3.03,38.0,99300,1.00,3.00,5.00,6.00,0.0259,0
2023-05-09 02:59:52,1683615593,2.99,37.9,99300,1.00,2.00,3.00,4.00,0.0147,0
2023-05-09 03:04:56,1683615897,2.98,38.2,99300,2.00,4.00,6.00,7.00,0.0115,0
2023-05-09 03:09:41,1683616181,2.96,38.5,99300,1.00,3.00,5.00,7.00,0.0127,0
2023-05-09 03:14:44,1683616485,2.93,38.4,99300,1.00,2.00,4.00,4.00,0.0153,0
2023-05-09 03:19:48,1683616789,2.89,38.6,99300,1.00,2.00,4.00,4.00,0.0123,0
2023-05-09 03:24:52,1683617093,2.82,38.7,99300,1.00,2.00,4.00,4.00,0.00995,0
2023-05-09 03:29:56,1683617396,2.74,39.1,99300,1.00,2.00,4.00,4.00,0.00995,0
2023-05-09 03:34:59,1683617700,2.69,39.3,99300,1.00,2.00,4.00,4.00,0.00995,0
2023-05-09 03:39:44,1683617985,2.62,39.6,99300,1e-7,2.00,4.00,4.00,0.00995,0
2023-05-09 03:44:48,1683618289,2.58,40.3,99300,1.00,3.00,5.00,5.00,0.00995,0
2023-05-09 03:49:51,1683618592,2.56,40.2,99300,1.00,5.00,8.00,10.0,0.0175,0
2023-05-09 03:54:55,1683618896,2.51,39.8,99300,1.00,2.00,3.00,4.00,0.0188,0
2023-05-09 03:59:59,1683619199,2.41,39.9,99300,1.00,2.00,4.00,4.00,0.0154,0
2023-05-09 04:04:44,1683619484,2.34,39.9,99300,1.00,2.00,3.00,4.00,0.0151,0
2023-05-09 04:09:48,1683619788,2.29,40.7,99300,2.00,3.00,4.00,5.00,0.00995,0
2023-05-09 04:14:52,1683620092,2.23,41.5,99300,1.00,5.00,8.00,9.00,0.0158,0
2023-05-09 04:19:56,1683620396,2.16,41.5,99306,1.00,2.00,4.00,4.00,0.0247,0
2023-05-09 04:22:28,1683620548,2.13,41.3,99363,1.00,2.00,3.00,4.00,0.0247,0
2023-05-09 04:29:54,1683620994,2.09,40.8,99392,1.00,3.00,5.00,6.00,0.0138,0
2023-05-09 04:34:58,1683621298,2.07,40.9,99400,2.00,3.00,6.00,7.00,0.0134,0
2023-05-09 04:39:43,1683621583,2.05,40.9,99400,1.00,2.00,3.00,4.00,0.0112,0
2023-05-09 04:44:47,1683621887,2.07,41.4,99400,1.00,5.00,8.00,10.0,0.0181,0
2023-05-09 04:49:51,1683622191,2.09,41.1,99400,1.00,2.00,3.00,4.00,0.0196,0
2023-05-09 04:54:55,1683622495,2.12,41.2,99400,2.00,6.00,10.0,11.0,0.0314,0
2023-05-09 04:59:59,1683622799,2.16,41.7,99400,1.00,2.00,4.00,4.00,0.0187,0
2023-05-09 05:04:44,1683623084,2.15,41.5,99400,1.00,3.00,5.00,6.00,0.0164,0
2023-05-09 05:09:48,1683623388,2.12,41.4,99400,1.00,2.00,4.00,4.00,0.0164,0
2023-05-09 05:14:52,1683623692,2.07,41.2,99400,1.00,3.00,5.00,6.00,0.0130,0
2023-05-09 05:19:56,1683623996,2.05,41.8,99400,2.00,5.00,7.00,8.00,0.0105,0
2023-05-09 05:24:41,1683624281,2.03,41.8,99400,1.00,4.00,7.00,9.00,0.0153,0
2023-05-09 05:29:45,1683624585,2.04,41.8,99400,2.00,4.00,7.00,9.00,0.0182,0
2023-05-09 05:34:49,1683624889,2.06,41.9,99400,1.00,4.00,7.00,9.00,0.0222,0
2023-05-09 05:39:53,1683625193,2.10,41.9,99400,1.00,4.00,7.00,8.00,0.0333,0
2023-05-09 05:40:31,1683625231,2.15,42.1,99400,1.00,3.00,5.00,6.00,0.0161,0
2023-05-09 10:24:56,1683642296,25.5,9.39,99500,2.00,6.00,9.00,11.0,,
2023-05-09 10:29:46,1683642587,25.4,9.98,99500,1.00,2.00,4.00,4.00,,
2023-05-09 10:34:55,1683642896,25.7,9.70,99500,1.00,4.00,7.00,8.00,,
2023-05-09 10:35:13,1683642914,26.0,9.43,99500,1e-7,1.00,2.00,3.00,,
2023-05-09 10:59:43,1683644384,26.3,9.09,99485,1.00,3.00,5.00,5.00,0.0213,0
2023-05-09 11:04:51,1683644691,26.6,8.75,99424,22.0,70.0,109,129,0.0646,0
2023-05-09 11:07:52,1683644872,26.8,8.38,99490,2.00,6.00,9.00,10.0,0.0646,0
2023-05-09 11:23:59,1683645839,24.9,9.25,99500,1e-7,2.00,4.00,4.00,0.0633,0
2023-05-09 11:29:42,1683646183,25.1,9.23,99400,1e-7,2.00,3.00,4.00,0.0721,0
2023-05-09 11:34:51,1683646491,25.2,9.04,99412,1.00,4.00,7.00,8.00,0.0808,0
2023-05-09 11:39:59,1683646800,25.1,8.73,99400,3.00,11.0,17.0,19.0,0.0774,0
2023-05-09 11:40:36,1683646836,25.1,9.33,99400,1e-7,2.00,3.00,4.00,0.0279,0
2023-05-09 11:54:51,1683647691,22.9,9.86,99427,1.00,4.00,6.00,8.00,0.0687,0
2023-05-09 11:57:17,1683647837,22.9,9.83,99413,1.00,3.00,4.00,5.00,0.0687,0
2023-05-09 12:04:52,1683648292,23.4,9.43,99400,1e-7,1e-7,1e-7,1e-7,0.0674,0
2023-05-09 12:09:44,1683648584,36.9,26.7,78438,1.00,2.00,4.00,5.00,0.0747,0
2023-05-09 12:13:22,1683648803,24.2,9.30,99400,1.00,3.00,5.00,6.00,0.0167,0
2023-05-09 12:29:46,1683649786,24.1,9.78,99400,3.00,10.0,16.0,19.0,0.0350,0
2023-05-09 12:34:52,1683650092,23.4,9.52,99400,1e-7,1e-7,1e-7,1e-7,0.0350,0
2023-05-09 12:39:44,1683650384,22.7,10.2,99400,1.00,4.00,7.00,8.00,0.0347,0
2023-05-09 12:44:54,1683650694,22.6,10.5,99400,1.00,2.00,4.00,4.00,0.0342,0
2023-05-09 12:46:07,1683650767,22.7,10.3,99400,1.00,3.00,5.00,6.00,0.0162,0
2023-05-09 12:59:55,1683651596,23.1,9.85,99400,1.00,1.00,2.00,2.00,0.00873,0
2023-05-09 13:02:39,1683651760,23.1,9.77,99400,1.00,3.00,5.00,6.00,0.00981,0
2023-05-09 13:09:54,1683652195,23.0,9.95,99400,1e-7,2.00,3.00,4.00,0.0108,0
2023-05-09 13:14:46,1683652487,23.0,10.0,99400,1.00,4.00,6.00,8.00,0.0116,0
2023-05-09 13:18:43,1683652724,22.9,10.8,99400,1.00,4.00,7.00,8.00,0.0102,0
2023-05-09 13:29:55,1683653396,22.4,10.6,99400,2.00,3.00,4.00,4.00,0.0102,0
2023-05-09 13:34:48,1683653688,22.4,10.5,99400,2.00,3.00,5.00,5.00,0.0106,0
2023-05-09 13:36:01,1683653761,22.4,10.9,99400,1.00,1.00,1.00,1.00,0.00788,0
2023-05-09 13:44:44,1683654284,22.6,11.1,99400,1.00,2.00,4.00,5.00,0.0111,0
2023-05-09 13:49:54,1683654594,22.8,10.8,99400,3.00,5.00,7.00,7.00,0.0111,0
2023-05-09 13:51:44,1683654704,23.0,10.7,99400,1.00,3.00,5.00,6.00,0.0103,0
2023-05-09 14:04:41,1683655482,22.6,10.7,99400,1.00,3.00,4.00,5.00,0.0152,0
2023-05-09 14:09:33,1683655774,22.6,10.8,99400,1.00,3.00,5.00,6.00,0.0149,0
2023-05-09 14:19:48,1683656389,23.2,11.2,99400,1.00,2.00,4.00,4.00,0.0123,0
2023-05-09 14:24:22,1683656663,23.3,10.8,99400,2.00,5.00,7.00,9.00,0.0102,0
2023-05-09 14:39:43,1683657584,23.7,10.3,99400,1e-7,2.00,3.00,4.00,0.00931,0
2023-05-09 14:42:09,1683657729,23.6,10.1,99400,1.00,2.00,4.00,4.00,0.0117,0
2023-05-09 14:49:45,1683658186,23.4,10.3,99400,1e-7,2.00,3.00,4.00,0.0137,0
2023-05-09 14:54:56,1683658496,23.5,15.8,93553,1.00,5.00,8.00,9.00,0.0137,0
2023-05-09 14:57:22,1683658642,23.5,10.1,99400,1.00,2.00,4.00,5.00,0.0132,0
2023-05-09 15:13:56,1683659637,23.1,10.4,99400,1e-7,2.00,4.00,4.00,0.0111,0
2023-05-09 15:29:54,1683660595,23.2,10.5,99400,1.00,4.00,7.00,9.00,0.0130,0
2023-05-09 15:30:12,1683660613,23.2,10.3,99400,1.00,3.00,5.00,6.00,0.0105,0
2023-05-09 15:44:45,1683661486,23.4,10.1,99400,1.00,3.00,5.00,6.00,0.0185,0
2023-05-09 15:47:11,1683661632,23.3,9.89,99388,1.00,3.00,4.00,5.00,0.0185,0
2023-05-09 15:54:56,1683662096,23.0,10.3,99400,2.00,4.00,7.00,8.00,0.0120,0
2023-05-09 15:59:47,1683662388,23.0,10.2,99400,1.00,5.00,8.00,9.00,0.0141,0
2023-05-09 16:03:08,1683662589,23.2,10.3,99400,1.00,5.00,8.00,10.0,0.0129,0
2023-05-09 16:14:55,1683663296,23.3,10.4,99350,1.00,1.00,1.00,2.00,0.0151,0
2023-05-09 16:19:47,1683663588,23.3,9.81,99369,1.00,3.00,5.00,6.00,0.0225,0
2023-05-09 16:20:41,1683663642,23.4,9.64,99300,1e-7,1.00,2.00,2.00,0.0225,0
2023-05-09 16:29:45,1683664186,23.1,9.74,99300,1.00,3.00,5.00,6.00,0.0149,0
2023-05-09 16:34:56,1683664496,23.0,10.1,99376,2.00,4.00,6.00,7.00,0.0209,0
2023-05-09 16:35:51,1683664551,23.0,10.1,99400,1e-7,2.00,4.00,4.00,0.0113,0
2023-05-09 16:49:43,1683665384,23.2,9.73,99300,2.00,3.00,3.00,3.00,0.0113,0
2023-05-09 16:52:27,1683665548,23.3,10.1,99300,1.00,3.00,5.00,6.00,0.0115,0
2023-05-09 16:59:42,1683665982,23.2,10.2,99300,1e-7,2.00,3.00,4.00,0.0105,0
2023-05-09 17:04:52,1683666293,23.2,10.1,99300,1.00,6.00,9.00,11.0,0.0161,0
2023-05-09 17:09:43,1683666584,23.2,9.92,99300,2.00,2.00,3.00,4.00,0.0151,0
2023-05-09 17:10:01,1683666602,23.2,10.2,99300,1e-7,1.00,1.00,1.00,0.0104,0
2023-05-09 17:19:46,1683667187,23.1,9.88,99300,1.00,2.00,4.00,4.00,0.0104,0
2023-05-09 17:24:57,1683667497,22.9,9.99,99300,2.00,4.00,6.00,7.00,0.0119,0
2023-05-09 17:25:51,1683667552,22.7,10.0,99333,1.00,3.00,5.00,6.00,0.00713,0
2023-05-09 17:34:47,1683668088,22.5,10.1,99300,2.00,4.00,6.00,7.00,0.0114,0
2023-05-09 17:39:58,1683668399,22.4,10.4,99324,1.00,3.00,5.00,6.00,0.0114,0
2023-05-09 17:41:48,1683668508,22.3,10.4,99367,1.00,1.00,2.00,3.00,0.00995,0
2023-05-09 17:49:53,1683668993,22.3,10.4,99300,2.00,4.00,6.00,7.00,0.0111,0
2023-05-09 17:54:46,1683669286,22.1,10.5,99300,2.00,2.00,3.00,4.00,0.0147,0
2023-05-09 17:59:57,1683669597,21.9,10.5,99318,2.00,5.00,7.00,7.00,0.0139,0
2023-05-09 18:04:50,1683669890,21.8,10.5,99356,1.00,4.00,6.00,7.00,0.0178,0
2023-05-09 18:09:43,1683670184,21.6,10.5,99325,1.00,3.00,4.00,5.00,0.0207,0
2023-05-09 18:14:55,1683670495,21.5,10.5,99300,1.00,4.00,7.00,9.00,0.0193,0
2023-05-09 18:19:48,1683670789,21.4,11.0,99300,3.00,6.00,8.00,9.00,0.0133,0
2023-05-09 18:24:41,1683671082,21.4,10.9,99300,1.00,2.00,3.00,4.00,0.0115,0
2023-05-09 18:29:53,1683671394,21.2,10.6,99300,1.00,2.00,3.00,4.00,0.0204,0
2023-05-09 18:34:47,1683671687,20.9,10.5,99300,1.00,4.00,7.00,8.00,0.0149,0
2023-05-09 18:39:59,1683671999,20.6,16.2,93488,2.00,2.00,3.00,3.00,0.0164,0
2023-05-09 18:44:53,1683672293,20.4,11.2,99400,2.00,2.00,4.00,4.00,0.0173,0
2023-05-09 18:49:47,1683672587,20.3,11.2,99350,2.00,3.00,5.00,6.00,0.0116,0
2023-05-09 18:54:59,1683672899,20.1,11.1,99341,2.00,2.00,4.00,4.00,0.0116,0
2023-05-09 18:59:53,1683673194,19.9,11.1,99338,2.00,6.00,9.00,10.0,0.0209,0
2023-05-09 19:04:48,1683673488,19.6,11.2,99400,2.00,4.00,5.00,6.00,0.0209,0
2023-05-09 19:09:42,1683673782,19.3,11.2,99400,2.00,4.00,7.00,9.00,0.0222,0
2023-05-09 19:14:55,1683674096,19.1,11.6,99400,2.00,4.00,5.00,6.00,0.0147,0
2023-05-09 19:19:50,1683674390,18.9,11.9,99400,1.00,3.00,5.00,6.00,0.0126,0
2023-05-09 19:24:45,1683674685,18.7,11.9,99400,1.00,3.00,4.00,5.00,0.0114,0
2023-05-09 19:29:58,1683674998,18.4,12.0,99400,2.00,5.00,8.00,9.00,0.0174,0
2023-05-09 19:33:58,1683675239,18.1,12.1,99400,1.00,3.00,4.00,5.00,0.0171,0
2023-05-09 19:49:44,1683676185,17.1,12.8,99400,1.00,3.00,4.00,4.00,0.0214,0
2023-05-09 19:54:59,1683676499,16.9,12.8,99400,1.00,2.00,4.00,4.00,0.0223,0
2023-05-09 19:59:55,1683676795,16.6,13.1,99400,1.00,5.00,7.00,9.00,0.0156,0
2023-05-09 20:04:51,1683677092,16.3,13.7,99400,3.00,3.00,4.00,5.00,0.0142,0
2023-05-09 20:09:47,1683677388,15.9,14.7,99400,3.00,6.00,9.00,11.0,0.0143,0
2023-05-09 20:14:44,1683677685,15.5,15.5,99400,1.00,2.00,3.00,3.00,0.0202,0
2023-05-09 20:19:59,1683678000,15.1,15.9,99400,1.00,3.00,5.00,6.00,0.0240,0
2023-05-09 20:24:57,1683678297,14.6,16.1,99400,2.00,7.00,11.0,13.0,0.0116,0
2023-05-09 20:29:54,1683678594,14.3,16.3,99400,3.00,3.00,5.00,6.00,0.0251,0
2023-05-09 20:34:52,1683678892,13.9,16.8,99456,1.00,3.00,5.00,5.00,0.0289,0
2023-05-09 20:39:49,1683679190,13.5,17.2,99500,1.00,2.00,4.00,4.00,0.0295,0
2023-05-09 20:44:48,1683679488,13.1,18.6,99500,1.00,4.00,7.00,9.00,0.0191,0
2023-05-09 20:49:46,1683679786,12.7,18.8,99500,1.00,2.00,3.00,4.00,0.0191,0
2023-05-09 20:54:44,1683680085,12.2,19.4,99500,1.00,2.00,3.00,4.00,0.0161,0
2023-05-09 20:59:43,1683680383,11.8,19.9,99500,1.00,2.00,3.00,4.00,0.0161,0
2023-05-09 21:04:42,1683680682,11.4,20.4,99500,1.00,3.00,5.00,6.00,0.0118,0
2023-05-09 21:09:59,1683681000,11.1,21.4,99500,1.00,4.00,7.00,8.00,0.0117,0
2023-05-09 21:14:59,1683681299,10.7,21.8,99500,1.00,3.00,5.00,6.00,0.0130,0
2023-05-09 21:19:58,1683681598,10.3,21.8,99500,2.00,4.00,6.00,7.00,0.0134,0
2023-05-09 21:24:57,1683681898,10.0,21.7,99500,1.00,2.00,3.00,4.00,0.0120,0
2023-05-09 21:29:57,1683682198,9.73,22.6,99500,2.00,6.00,10.0,12.0,0.0128,0
2023-05-09 21:34:57,1683682497,9.47,22.9,99500,1e-7,2.00,3.00,4.00,0.0213,0
2023-05-09 21:39:57,1683682798,9.18,22.6,99500,1.00,4.00,7.00,8.00,0.0289,0
2023-05-09 21:44:57,1683683098,8.96,23.6,99500,1e-7,2.00,4.00,5.00,0.0138,0
2023-05-09 21:49:56,1683683397,8.71,23.7,99500,1.00,4.00,7.00,8.00,0.0138,0
2023-05-09 21:54:57,1683683697,8.49,24.5,99500,1.00,4.00,7.00,8.00,0.0156,0
2023-05-09 21:59:58,1683683998,8.30,24.9,99500,1.00,2.00,3.00,4.00,0.0184,0
2023-05-09 22:04:58,1683684299,8.07,24.4,99500,1e-7,2.00,3.00,4.00,0.0239,0
2023-05-09 22:09:59,1683684599,7.91,25.7,99500,1.00,5.00,8.00,9.00,0.0132,0
2023-05-09 22:14:41,1683684881,7.74,26.4,99500,1e-7,2.00,4.00,4.00,0.0132,0
2023-05-09 22:19:43,1683685184,7.53,25.5,99500,1.00,3.00,5.00,5.00,0.0126,0
2023-05-09 22:24:44,1683685485,7.32,26.2,99531,1.00,2.00,4.00,4.00,0.0107,0
2023-05-09 22:29:45,1683685786,7.16,28.2,99525,1.00,5.00,7.00,9.00,0.0121,0
2023-05-09 22:34:46,1683686087,7.00,28.6,99600,1e-7,2.00,3.00,4.00,0.0232,0
2023-05-09 22:39:48,1683686388,6.88,28.6,99588,2.00,3.00,5.00,6.00,0.0211,0
2023-05-09 22:44:49,1683686690,6.80,28.6,99550,1.00,4.00,5.00,6.00,0.0143,0
2023-05-09 22:49:50,1683686991,6.77,29.0,99594,1.00,2.00,3.00,4.00,0.0168,0
2023-05-09 22:54:52,1683687292,6.80,28.6,99600,1.00,2.00,4.00,4.00,0.0168,0
2023-05-09 22:59:53,1683687594,6.84,29.1,99600,1.00,2.00,4.00,4.00,0.00995,0
2023-05-09 23:04:55,1683687895,6.88,29.7,99600,1.00,4.00,7.00,8.00,0.0184,0
2023-05-09 23:09:56,1683688197,6.86,29.5,99600,1.00,3.00,5.00,6.00,0.0254,0
2023-05-09 23:14:58,1683688498,6.88,29.4,99600,1e-7,1.00,3.00,3.00,0.0246,0
2023-05-09 23:19:59,1683688799,6.86,29.5,99600,1e-7,1.00,3.00,3.00,0.0246,0
2023-05-09 23:24:42,1683689082,6.81,30.0,99600,1.00,3.00,5.00,6.00,0.0109,0
2023-05-09 23:29:43,1683689384,6.71,30.9,99600,2.00,5.00,7.00,9.00,0.0123,0
2023-05-09 23:34:45,1683689685,6.58,30.6,99600,1.00,3.00,5.00,6.00,0.0152,0
2023-05-09 23:39:46,1683689987,6.49,31.3,99600,1.00,6.00,9.00,11.0,0.0195,0
2023-05-09 23:44:48,1683690289,6.43,31.0,99600,2.00,5.00,9.00,10.0,0.0217,0
2023-05-09 23:49:50,1683690590,6.39,31.6,99600,1.00,3.00,5.00,6.00,0.0146,0
2023-05-09 23:54:52,1683690892,6.35,31.5,99600,1.00,4.00,6.00,8.00,0.0137,0
2023-05-09 23:59:53,1683691194,6.32,30.8,99600,1.00,2.00,3.00,4.00,0.0184,0
2023-05-10 00:04:55,1683691496,6.33,31.3,99600,1.00,5.00,8.00,9.00,0.0146,0
2023-05-10 00:09:57,1683691798,6.29,30.9,99600,1.00,2.00,3.00,4.00,0.0158,0
2023-05-10 00:14:59,1683692099,6.24,31.3,99600,2.00,2.00,4.00,4.00,0.0135,0
2023-05-10 00:19:42,1683692382,6.18,30.8,99600,1.00,4.00,7.00,8.00,0.0254,0
2023-05-10 00:24:44,1683692684,6.13,30.9,99600,1.00,4.00,7.00,8.00,0.0315,0
2023-05-10 00:29:46,1683692986,6.09,31.3,99600,1.00,2.00,3.00,4.00,0.0319,0
2023-05-10 00:34:47,1683693288,6.05,31.2,99600,1.00,4.00,6.00,7.00,0.0215,0
2023-05-10 00:39:49,1683693590,6.02,30.8,99600,1.00,3.00,4.00,4.00,0.0132,0
2023-05-10 00:44:51,1683693892,6.03,30.7,99600,1.00,2.00,3.00,4.00,0.0110,0
2023-05-10 00:49:53,1683694194,6.03,30.7,99600,1.00,3.00,5.00,6.00,0.0114,0
2023-05-10 00:54:55,1683694496,6.03,31.9,99600,2.00,7.00,10.0,12.0,0.0175,0
2023-05-10 00:59:57,1683694798,5.97,31.8,99600,1.00,3.00,6.00,7.00,0.0247,0
2023-05-10 01:04:59,1683695100,5.93,31.7,99600,1.00,4.00,7.00,8.00,0.0216,0
2023-05-10 01:09:42,1683695383,5.90,31.7,99600,1.00,5.00,8.00,9.00,0.0192,0
2023-05-10 01:14:44,1683695685,5.89,31.9,99600,1.00,3.00,5.00,6.00,0.0187,0
2023-05-10 01:19:46,1683695987,5.85,32.2,99600,2.00,3.00,5.00,5.00,0.0158,0
2023-05-10 01:24:49,1683696289,5.82,32.0,99600,2.00,4.00,6.00,7.00,0.0148,0
2023-05-10 01:29:51,1683696591,5.81,32.1,99600,1.00,5.00,8.00,9.00,0.0104,0
2023-05-10 01:34:53,1683696893,5.78,32.8,99600,2.00,5.00,7.00,8.00,0.0341,0
2023-05-10 01:39:55,1683697196,5.73,32.7,99600,2.00,3.00,6.00,7.00,0.0269,0
2023-05-10 01:44:57,1683697498,5.71,33.0,99600,2.00,3.00,4.00,5.00,0.0269,0
2023-05-10 01:49:59,1683697800,5.74,33.0,99575,1.00,4.00,7.00,8.00,0.0124,0
2023-05-10 01:54:43,1683698083,5.81,33.6,99600,2.00,4.00,6.00,7.00,0.0140,0
2023-05-10 01:59:45,1683698385,5.89,34.0,99575,1.00,5.00,8.00,10.0,0.0132,0
2023-05-10 02:04:47,1683698687,5.97,33.7,99500,2.00,2.00,4.00,4.00,0.0156,0
2023-05-10 02:09:49,1683698989,6.05,34.0,99500,1.00,2.00,3.00,4.00,0.0163,0
2023-05-10 02:14:51,1683699291,6.06,34.3,99500,2.00,5.00,7.00,8.00,0.0131,0
2023-05-10 02:19:53,1683699593,5.98,33.9,99500,2.00,5.00,8.00,9.00,0.0374,0
2023-05-10 02:24:55,1683699895,5.93,33.5,99556,2.00,3.00,6.00,7.00,0.0374,0
2023-05-10 02:29:57,1683700197,5.88,33.0,99581,2.00,8.00,13.0,16.0,0.0245,0
2023-05-10 02:34:59,1683700499,5.85,33.9,99550,1.00,5.00,8.00,9.00,0.0251,0
2023-05-10 02:39:42,1683700783,5.79,33.6,99567,1.00,2.00,3.00,4.00,0.0272,0
2023-05-10 02:44:44,1683701085,5.71,33.5,99563,1.00,2.00,3.00,4.00,0.0201,0
2023-05-10 02:49:46,1683701387,5.65,33.7,99600,2.00,2.00,4.00,4.00,0.0201,0
2023-05-10 02:54:49,1683701689,5.64,34.3,99550,2.00,7.00,11.0,13.0,0.0194,0
2023-05-10 02:59:51,1683701991,5.64,33.6,99500,1.00,3.00,5.00,6.00,0.0338,0
2023-05-10 03:04:53,1683702293,5.65,33.2,99500,2.00,7.00,11.0,13.0,0.0299,0
2023-05-10 03:09:55,1683702596,5.71,33.3,99500,2.00,4.00,5.00,6.00,0.0230,0
2023-05-10 03:14:57,1683702898,5.82,34.0,99500,2.00,2.00,4.00,4.00,0.0230,0
2023-05-10 03:19:59,1683703200,5.98,34.4,99500,1.00,4.00,7.00,9.00,0.0230,0
2023-05-10 03:24:42,1683703483,6.15,34.6,99500,1.00,3.00,5.00,6.00,0.0187,0
2023-05-10 03:29:44,1683703785,6.25,34.4,99500,1.00,3.00,5.00,6.00,0.0154,0
2023-05-10 03:34:46,1683704087,6.28,34.2,99500,2.00,4.00,6.00,7.00,0.0161,0
2023-05-10 03:39:48,1683704388,6.20,33.5,99500,1.00,4.00,7.00,8.00,0.0184,0
2023-05-10 03:44:50,1683704690,6.12,32.8,99500,1.00,2.00,3.00,4.00,0.0165,0
2023-05-10 03:49:51,1683704992,6.02,33.0,99500,1.00,5.00,7.00,9.00,0.0212,0
2023-05-10 03:54:53,1683705294,5.93,32.8,99500,1.00,3.00,5.00,6.00,0.0245,0
2023-05-10 03:59:55,1683705596,5.92,33.8,99500,2.00,7.00,11.0,13.0,0.0200,0
2023-05-10 04:04:57,1683705898,5.85,33.7,99500,1.00,2.00,4.00,5.00,0.0228,0
2023-05-10 04:09:59,1683706200,5.77,34.1,99500,1.00,4.00,6.00,7.00,0.0287,0
2023-05-10 04:14:43,1683706483,5.68,34.5,99500,1.00,3.00,4.00,5.00,0.0220,0
2023-05-10 04:19:45,1683706785,5.55,34.5,99500,1.00,3.00,4.00,4.00,0.0186,0
2023-05-10 04:24:47,1683707088,5.38,34.6,99500,1.00,3.00,5.00,6.00,0.0145,0
2023-05-10 04:29:50,1683707390,5.19,34.8,99500,1.00,5.00,8.00,10.0,0.0166,0
2023-05-10 04:34:52,1683707693,5.05,34.7,99500,1.00,4.00,6.00,7.00,0.0154,0
2023-05-10 04:38:20,1683707900,4.95,35.2,99500,2.00,2.00,4.00,4.00,0.00833,0
2023-05-10 04:49:51,1683708591,5.07,36.6,99500,3.00,9.00,14.0,17.0,0.0141,0
2023-05-10 04:54:53,1683708893,5.22,37.0,99500,3.00,7.00,10.0,11.0,0.0188,0
2023-05-10 04:59:55,1683709196,5.43,37.0,99500,1.00,2.00,4.00,4.00,0.0228,0
2023-05-10 05:04:57,1683709498,5.61,36.3,99500,1.00,2.00,3.00,4.00,0.0274,0
2023-05-10 05:09:59,1683709800,5.77,36.3,99500,1.00,4.00,7.00,8.00,0.0217,0
2023-05-10 05:14:42,1683710083,5.90,35.9,99500,2.00,8.00,12.0,15.0,0.0210,0
2023-05-10 05:19:44,1683710385,5.97,35.6,99500,1.00,2.00,4.00,4.00,0.0134,0
2023-05-10 05:24:46,1683710687,6.01,35.6,99500,1.00,4.00,7.00,8.00,0.0239,0
2023-05-10 05:29:48,1683710989,6.00,35.2,99500,1.00,3.00,5.00,6.00,0.0165,0
2023-05-10 05:34:50,1683711291,6.02,35.1,99500,1.00,3.00,6.00,7.00,0.0105,0
2023-05-10 05:39:52,1683711592,6.05,34.4,99500,1.00,2.00,4.00,5.00,0.0102,0
2023-05-10 05:44:54,1683711894,6.15,34.7,99500,2.00,5.00,8.00,9.00,0.0155,0
2023-05-10 05:49:36,1683712177,6.26,35.1,99500,1.00,2.00,3.00,4.00,0.0246,0
2023-05-10 07:29:48,1683718188,17.0,22.8,99500,1.00,2.00,3.00,3.00,,
2023-05-10 07:31:20,1683718280,17.0,22.6,99500,1.00,1.00,1.00,2.00,,
2023-05-10 10:24:49,1683728690,27.7,8.38,99300,1.00,1.00,1.00,2.00,,
2023-05-10 10:29:57,1683728997,27.9,8.81,99306,2.00,7.00,11.0,13.0,,
2023-05-10 10:34:46,1683729286,28.4,8.56,99300,1.00,2.00,3.00,4.00,0.0115,3.62
2023-05-10 10:36:52,1683729412,28.8,8.34,99300,1.00,3.00,5.00,6.00,0.0269,4.76
2023-05-10 11:24:44,1683732284,29.9,7.31,99300,3.00,4.00,7.00,9.00,,
2023-05-10 11:26:49,1683732410,29.7,7.33,99300,2.00,7.00,11.0,13.0,,
2023-05-10 11:31:57,1683732718,29.4,7.78,99300,2.00,2.00,2.00,3.00,,
2023-05-10 11:39:27,1683733168,29.1,7.91,99300,1.00,5.00,8.00,10.0,,
2023-05-10 11:41:56,1683733316,28.9,7.93,99300,2.00,2.00,3.00,3.00,,
2023-05-10 11:59:34,1683734374,28.3,9.24,99280,2.00,5.00,8.00,9.00,0.0148,0
2023-05-10 12:09:43,1683734984,28.4,9.76,99200,3.00,4.00,5.00,6.00,0.0148,0
2023-05-10 12:14:32,1683735273,28.4,9.79,99200,1.00,3.00,5.00,6.00,0.0153,0
2023-05-10 12:29:45,1683736185,28.3,10.1,99200,3.00,4.00,6.00,7.00,0.0172,0
2023-05-10 12:31:33,1683736293,28.4,10.1,99200,4.00,4.00,5.00,5.00,0.0110,0
2023-05-10 12:39:51,1683736792,28.6,10.1,99200,3.00,4.00,4.00,5.00,0.0138,0
2023-05-10 12:44:58,1683737099,28.6,9.89,99200,4.00,7.00,10.0,11.0,0.0138,0
2023-05-10 12:47:23,1683737243,28.4,10.1,99200,2.00,2.00,3.00,3.00,0.0126,0
2023-05-10 13:14:57,1683738898,28.9,10.5,99118,4.00,4.00,5.00,5.00,,
2023-05-10 13:19:47,1683739187,28.8,11.2,99144,3.00,8.00,12.0,15.0,,
2023-05-10 13:24:54,1683739494,29.1,11.5,99100,3.00,5.00,7.00,7.00,0.0334,0
2023-05-10 13:29:43,1683739784,29.3,11.0,99050,2.00,3.00,5.00,6.00,0.0334,0
2023-05-10 13:34:51,1683740092,28.8,10.3,99000,2.00,4.00,6.00,7.00,0.0112,0
2023-05-10 13:36:22,1683740183,28.3,10.3,99000,1.00,1.00,1.00,1.00,0.0119,0
2023-05-10 13:54:44,1683741285,27.0,12.1,99000,1.00,2.00,2.00,3.00,,
2023-05-10 13:59:52,1683741593,27.3,11.8,99000,2.00,5.00,8.00,10.0,,
2023-05-10 14:04:43,1683741883,27.7,11.3,99000,2.00,6.00,8.00,10.0,,
2023-05-10 14:08:56,1683742137,27.8,10.9,99000,2.00,2.00,2.00,3.00,0.0135,0
2023-05-10 14:24:58,1683743098,28.0,10.2,99000,2.00,4.00,6.00,7.00,0.0135,0
2023-05-10 14:25:16,1683743117,28.0,9.93,99000,1e-7,1.00,1.00,2.00,0.0122,0
2023-05-10 14:34:50,1683743691,28.3,10.4,99000,1e-7,1e-7,1e-7,1e-7,0.0122,0
2023-05-10 14:39:56,1683743997,28.4,10.3,98976,1.00,3.00,4.00,5.00,0.0154,0
2023-05-10 14:41:27,1683744087,28.6,9.88,98920,1e-7,1.00,3.00,3.00,0.0154,0
2023-05-10 14:54:45,1683744886,28.6,9.96,98900,1.00,2.00,3.00,3.00,0.0110,0
2023-05-10 14:57:46,1683745066,28.6,9.79,98900,1.00,3.00,4.00,5.00,0.0107,0
2023-05-10 15:09:49,1683745789,28.5,10.1,98900,2.00,7.00,11.0,13.0,0.0218,0
2023-05-10 15:14:02,1683746043,28.6,9.93,98900,3.00,5.00,9.00,10.0,0.0386,0
2023-05-10 15:24:46,1683746687,28.5,9.79,98900,1.00,2.00,2.00,3.00,0.01000,0
2023-05-10 15:29:54,1683746994,28.4,9.76,98900,1.00,3.00,4.00,5.00,0.0240,0
2023-05-10 15:30:30,1683747030,28.4,9.91,98900,1.00,1.00,1.00,1.00,0.0240,0
2023-05-10 15:44:52,1683747893,28.6,10.1,98882,2.00,4.00,7.00,8.00,0.0240,0
2023-05-10 15:46:41,1683748001,28.7,10.0,98800,1.00,2.00,3.00,4.00,0.0184,0
2023-05-10 15:59:47,1683748787,29.1,9.87,98800,2.00,3.00,4.00,5.00,0.0161,0
2023-05-10 16:03:05,1683748986,29.2,9.84,98800,2.00,4.00,5.00,5.00,0.0123,0
2023-05-10 16:14:42,1683749682,29.5,10.1,98800,2.00,4.00,6.00,7.00,0.0132,0
2023-05-10 16:19:12,1683749953,29.6,9.97,98800,2.00,4.00,5.00,6.00,0.0143,0
2023-05-10 16:29:47,1683750587,29.6,9.30,98800,4.00,4.00,5.00,6.00,0.0124,0
2023-05-10 16:34:53,1683750894,29.4,9.81,98800,1.00,2.00,3.00,3.00,0.0167,0
2023-05-10 16:35:30,1683750930,29.4,9.98,98800,1e-7,2.00,4.00,4.00,0.0142,0
2023-05-10 16:49:50,1683751790,29.6,9.87,98800,2.00,4.00,5.00,5.00,0.0143,0
2023-05-10 16:51:56,1683751916,29.8,9.66,98800,2.00,5.00,7.00,8.00,0.0126,0
2023-05-10 17:04:43,1683752684,29.7,9.26,98800,3.00,9.00,14.0,16.0,0.0125,0
2023-05-10 17:08:01,1683752882,29.7,9.41,98800,2.00,3.00,4.00,5.00,0.0420,0
2023-05-10 17:19:56,1683753597,29.6,9.53,98800,2.00,7.00,11.0,13.0,0.0341,0
2023-05-10 17:24:27,1683753867,29.7,9.40,98800,2.00,3.00,4.00,5.00,0.0262,0
2023-05-10 17:34:51,1683754492,30.0,9.05,98800,1.00,3.00,4.00,5.00,0.0151,0
2023-05-10 17:39:58,1683754798,30.0,8.91,98800,1.00,4.00,7.00,8.00,0.0162,0
2023-05-10 17:40:34,1683754834,29.9,9.09,98800,2.00,2.00,2.00,2.00,0.0117,0
2023-05-10 17:49:55,1683755395,30.0,9.15,98800,2.00,2.00,2.00,2.00,0.0117,0
2023-05-10 17:54:43,1683755684,30.0,9.13,98800,2.00,4.00,6.00,8.00,0.0160,0
2023-05-10 17:56:49,1683755810,29.8,9.30,98800,1.00,2.00,2.00,3.00,0.0104,0
2023-05-10 18:09:57,1683756598,29.8,9.15,98800,2.00,4.00,6.00,6.00,0.0138,0
2023-05-10 18:13:16,1683756796,29.7,9.32,98800,1.00,2.00,3.00,4.00,0.0113,0
2023-05-10 18:24:50,1683757491,29.3,9.72,98800,2.00,2.00,3.00,4.00,0.0109,0
2023-05-10 18:29:40,1683757780,29.1,9.81,98800,2.00,3.00,4.00,5.00,0.0109,0
2023-05-10 18:39:47,1683758387,28.9,10.4,98800,2.00,2.00,3.00,3.00,0.0111,0
2023-05-10 18:44:54,1683758695,28.8,9.98,98800,2.00,4.00,5.00,6.00,0.0116,0
2023-05-10 18:45:49,1683758749,28.8,10.3,98800,1.00,2.00,3.00,4.00,0.0116,0
2023-05-10 18:59:57,1683759598,27.9,10.4,98800,2.00,3.00,4.00,4.00,0.0112,0
2023-05-10 19:04:48,1683759888,27.5,10.9,98800,2.00,4.00,5.00,5.00,0.0147,0
2023-05-10 19:09:57,1683760197,27.3,10.9,98800,3.00,4.00,6.00,6.00,0.0134,0
2023-05-10 19:14:47,1683760488,27.1,11.2,98869,2.00,5.00,8.00,10.0,0.0136,0
2023-05-10 19:19:56,1683760797,26.8,11.3,98900,3.00,4.00,6.00,7.00,0.0160,0
2023-05-10 19:24:47,1683761088,26.6,11.5,98900,2.00,4.00,6.00,7.00,0.0141,0
2023-05-10 19:29:57,1683761397,26.3,12.0,98900,2.00,3.00,5.00,5.00,0.0126,0
2023-05-10 19:34:49,1683761689,25.8,12.3,98900,2.00,3.00,5.00,6.00,0.0126,0
2023-05-10 19:39:59,1683761999,25.5,12.5,98900,3.00,4.00,6.00,6.00,0.0140,0
2023-05-10 19:44:51,1683762291,25.2,12.9,98900,2.00,4.00,6.00,7.00,0.0105,0
2023-05-10 19:49:43,1683762583,24.8,13.3,98900,1.00,5.00,9.00,10.0,0.0117,0
2023-05-10 19:54:54,1683762894,24.3,13.9,98900,4.00,6.00,7.00,8.00,0.0132,0
2023-05-10 19:59:47,1683763187,24.0,14.2,98900,3.00,4.00,5.00,6.00,0.0132,0
2023-05-10 20:04:58,1683763499,23.6,14.4,98900,2.00,5.00,7.00,8.00,0.0161,0
2023-05-10 20:09:51,1683763792,23.3,14.9,98900,2.00,4.00,7.00,8.00,0.0245,0
2023-05-10 20:14:44,1683764085,22.9,15.3,98900,3.00,4.00,5.00,6.00,0.0245,0
2023-05-10 20:19:56,1683764397,22.6,15.5,98900,2.00,3.00,4.00,5.00,0.0177,0
2023-05-10 20:24:50,1683764690,22.3,21.1,92719,2.00,5.00,8.00,9.00,0.0169,0
2023-05-10 20:29:44,1683764984,22.0,16.1,98931,3.00,7.00,10.0,12.0,0.0183,0
2023-05-10 20:34:56,1683765296,21.7,16.5,98976,2.00,7.00,10.0,12.0,0.0217,0
2023-05-10 20:39:50,1683765591,21.4,17.0,99000,2.00,3.00,5.00,6.00,0.0213,0
2023-05-10 20:44:45,1683765885,21.0,17.6,99000,2.00,4.00,6.00,7.00,0.0141,0
2023-05-10 20:49:58,1683766198,20.6,18.8,99000,3.00,4.00,4.00,5.00,0.0166,0
2023-05-10 20:54:52,1683766493,20.1,20.0,99000,2.00,4.00,6.00,7.00,0.0107,0
2023-05-10 20:59:47,1683766788,19.7,20.1,99000,3.00,5.00,8.00,9.00,0.0273,0
2023-05-10 21:04:43,1683767083,19.2,20.1,99000,3.00,4.00,5.00,6.00,0.0250,0
2023-05-10 21:09:56,1683767397,18.8,20.5,99000,3.00,7.00,11.0,13.0,0.0160,0
2023-05-10 21:14:53,1683767693,18.3,21.3,99000,2.00,3.00,4.00,4.00,0.0179,0
2023-05-10 21:19:48,1683767989,18.0,22.0,99000,3.00,5.00,8.00,10.0,0.0234,0
2023-05-10 21:24:45,1683768285,17.6,22.5,99000,1.00,3.00,5.00,6.00,0.0181,0
2023-05-10 21:29:59,1683768600,17.3,22.8,99000,2.00,6.00,9.00,11.0,0.0150,0
2023-05-10 21:34:56,1683768896,16.9,23.8,99000,3.00,4.00,6.00,6.00,0.0234,0
2023-05-10 21:39:53,1683769193,16.6,24.3,99000,2.00,5.00,8.00,9.00,0.0215,0
2023-05-10 21:44:49,1683769490,16.3,24.2,99000,2.00,4.00,7.00,8.00,0.0215,0
2023-05-10 21:49:46,1683769787,16.0,25.2,99025,2.00,6.00,8.00,9.00,0.0227,0
2023-05-10 21:54:44,1683770084,15.7,26.0,99069,3.00,5.00,7.00,7.00,0.0136,0
2023-05-10 21:59:41,1683770381,15.4,26.7,99100,2.00,4.00,5.00,6.00,0.0143,0
2023-05-10 22:04:57,1683770698,15.1,26.8,99100,3.00,5.00,8.00,10.0,0.0143,0
2023-05-10 22:09:55,1683770995,14.9,27.0,99100,2.00,3.00,4.00,5.00,0.0116,0
2023-05-10 22:14:52,1683771293,14.6,27.1,99100,2.00,6.00,9.00,11.0,0.0146,0
2023-05-10 22:19:50,1683771591,14.3,27.6,99100,2.00,3.00,5.00,5.00,0.0365,0
2023-05-10 22:24:48,1683771889,14.1,27.9,99100,2.00,3.00,4.00,4.00,0.0366,0
2023-05-10 22:29:46,1683772187,13.8,28.3,99100,2.00,4.00,6.00,7.00,0.0122,0
2023-05-10 22:34:45,1683772486,13.6,28.9,99100,2.00,4.00,7.00,8.00,0.0116,0
2023-05-10 22:39:43,1683772784,13.4,29.2,99100,2.00,3.00,6.00,7.00,0.0177,0
2023-05-10 22:44:42,1683773082,13.2,29.6,99100,1.00,3.00,4.00,5.00,0.0242,0
2023-05-10 22:49:59,1683773400,13.0,29.8,99100,2.00,5.00,7.00,8.00,0.0242,0
2023-05-10 22:54:58,1683773698,12.9,30.5,99100,3.00,4.00,6.00,8.00,0.0151,0
2023-05-10 22:59:56,1683773997,12.8,30.9,99100,1.00,3.00,5.00,6.00,0.0142,0
2023-05-10 23:04:55,1683774296,12.6,31.3,99100,2.00,4.00,7.00,8.00,0.0112,0
2023-05-10 23:09:54,1683774595,12.5,31.4,99100,2.00,4.00,6.00,7.00,0.0150,0
2023-05-10 23:14:53,1683774894,12.4,31.8,99100,2.00,3.00,5.00,5.00,0.0108,0
2023-05-10 23:19:52,1683775193,12.3,31.9,99100,2.00,3.00,4.00,5.00,0.00920,0
2023-05-10 23:24:51,1683775492,12.3,31.9,99100,3.00,7.00,12.0,14.0,0.0189,0
2023-05-10 23:29:50,1683775791,12.2,32.6,99100,3.00,10.0,15.0,18.0,0.0189,0
2023-05-10 23:34:49,1683776090,12.1,33.5,99100,3.00,7.00,11.0,13.0,0.0255,0
2023-05-10 23:39:48,1683776389,12.1,33.5,99100,4.00,7.00,8.00,9.00,0.0347,0
2023-05-10 23:44:47,1683776688,12.1,33.2,99100,2.00,7.00,11.0,12.0,0.0404,0
2023-05-10 23:49:47,1683776987,12.0,33.6,99100,2.00,2.00,3.00,3.00,0.0211,0
2023-05-10 23:54:46,1683777286,12.0,33.7,99100,2.00,3.00,5.00,6.00,0.0159,0
2023-05-10 23:59:45,1683777586,11.9,33.9,99100,3.00,4.00,5.00,5.00,0.0112,0
2023-05-11 00:04:44,1683777885,11.8,34.3,99100,2.00,4.00,7.00,8.00,0.00993,0
2023-05-11 00:09:44,1683778184,11.8,34.6,99100,2.00,4.00,6.00,7.00,0.0130,0
2023-05-11 00:14:43,1683778483,11.9,34.6,99100,2.00,3.00,6.00,7.00,0.0143,0
2023-05-11 00:19:42,1683778782,12.1,34.5,99100,2.00,6.00,9.00,10.0,0.0182,0
2023-05-11 00:24:41,1683779082,12.2,34.5,99100,3.00,5.00,7.00,8.00,0.0182,0
2023-05-11 00:29:59,1683779399,12.2,34.4,99100,2.00,3.00,4.00,5.00,0.0276,0
2023-05-11 00:34:58,1683779698,12.2,34.5,99100,3.00,4.00,5.00,6.00,0.0217,0
2023-05-11 00:39:57,1683779997,12.1,34.8,99100,3.00,4.00,6.00,8.00,0.0153,0
2023-05-11 00:44:56,1683780296,12.0,35.2,99100,2.00,2.00,3.00,4.00,0.0117,0
2023-05-11 00:49:55,1683780595,12.0,35.1,99100,2.00,3.00,6.00,7.00,0.0117,0
2023-05-11 00:54:54,1683780895,11.9,35.4,99100,2.00,3.00,5.00,6.00,0.0106,0
2023-05-11 00:59:52,1683781193,11.9,35.2,99100,2.00,3.00,5.00,5.00,0.0146,0
2023-05-11 01:04:51,1683781492,11.8,35.6,99100,3.00,5.00,7.00,8.00,0.0156,0
2023-05-11 01:09:51,1683781791,11.7,35.9,99100,2.00,4.00,6.00,7.00,0.0196,0
2023-05-11 01:14:50,1683782091,11.6,36.1,99100,2.00,3.00,5.00,6.00,0.0128,0
2023-05-11 01:19:50,1683782390,11.5,36.4,99100,1.00,3.00,5.00,6.00,0.0148,0
2023-05-11 01:24:49,1683782690,11.5,36.5,99100,2.00,5.00,8.00,9.00,0.0125,0
2023-05-11 01:29:48,1683782989,11.5,36.4,99100,2.00,3.00,4.00,5.00,0.0150,0
2023-05-11 01:34:48,1683783288,11.5,36.5,99100,3.00,4.00,6.00,6.00,0.0176,0
2023-05-11 01:39:47,1683783588,11.4,37.1,99100,2.00,6.00,9.00,10.0,0.0126,0
2023-05-11 01:44:47,1683783887,11.4,37.5,99100,2.00,3.00,4.00,5.00,0.0154,0
2023-05-11 01:49:46,1683784187,11.3,37.0,99100,2.00,2.00,4.00,4.00,0.0180,0
2023-05-11 01:54:46,1683784486,11.2,37.1,99100,3.00,3.00,3.00,3.00,0.0161,0
2023-05-11 01:59:45,1683784786,11.0,36.9,99100,3.00,4.00,6.00,7.00,0.0168,0
2023-05-11 02:04:45,1683785086,10.8,36.6,99100,2.00,3.00,4.00,5.00,0.0168,0
2023-05-11 02:09:45,1683785385,10.6,36.9,99100,2.00,3.00,4.00,4.00,0.0154,0
2023-05-11 02:14:45,1683785685,10.4,37.2,99100,2.00,4.00,7.00,8.00,0.0154,0
2023-05-11 02:19:45,1683785985,10.1,36.9,99100,1.00,2.00,4.00,4.00,0.0155,0
2023-05-11 02:24:45,1683786285,9.93,37.6,99100,2.00,3.00,3.00,4.00,0.0140,0
2023-05-11 02:29:45,1683786586,9.74,38.1,99100,2.00,3.00,5.00,6.00,0.0164,0
2023-05-11 02:34:45,1683786886,9.54,38.0,99100,1.00,3.00,4.00,4.00,0.0107,0
2023-05-11 02:39:46,1683787186,9.37,38.7,99100,2.00,5.00,8.00,9.00,0.0128,0
2023-05-11 02:44:46,1683787487,9.24,38.9,99100,2.00,3.00,5.00,6.00,0.0151,0
2023-05-11 02:49:47,1683787787,9.11,39.4,99100,2.00,5.00,7.00,9.00,0.0176,0
2023-05-11 02:54:48,1683788088,8.99,40.1,99144,4.00,6.00,7.00,8.00,0.0206,0
2023-05-11 02:59:48,1683788389,8.90,41.7,99100,2.00,5.00,8.00,9.00,0.0285,0
2023-05-11 03:04:49,1683788689,8.94,42.4,99188,3.00,4.00,6.00,7.00,0.0180,0
2023-05-11 03:09:49,1683788990,9.01,42.2,99144,3.00,4.00,6.00,8.00,0.0110,0
2023-05-11 03:14:51,1683789291,9.05,42.6,99113,1.00,3.00,6.00,7.00,0.0115,0
2023-05-11 03:19:51,1683789592,9.14,43.5,99100,4.00,4.00,5.00,6.00,0.0116,0
2023-05-11 03:24:52,1683789892,9.38,43.8,99100,2.00,4.00,6.00,6.00,0.0107,0
2023-05-11 03:29:52,1683790192,9.61,43.3,99106,3.00,5.00,8.00,9.00,0.0172,0
2023-05-11 03:34:52,1683790493,9.79,42.7,99181,2.00,5.00,7.00,7.00,0.0165,0
2023-05-11 03:39:52,1683790793,9.93,42.9,99200,4.00,4.00,4.00,4.00,0.0236,0
2023-05-11 03:44:52,1683791093,10.0,42.4,99200,3.00,4.00,4.00,5.00,0.0142,0
2023-05-11 03:49:53,1683791393,10.1,42.1,99200,2.00,3.00,4.00,5.00,0.0107,0
2023-05-11 03:54:53,1683791693,10.1,41.9,99200,2.00,4.00,5.00,6.00,0.0107,0
2023-05-11 03:59:53,1683791993,10.1,41.9,99163,2.00,4.00,7.00,8.00,0.0139,0
2023-05-11 04:04:53,1683792293,10.1,42.0,99150,4.00,6.00,7.00,7.00,0.0112,0
2023-05-11 04:09:53,1683792593,10.1,41.9,99138,3.00,4.00,5.00,5.00,0.0143,0
2023-05-11 04:14:53,1683792894,10.1,41.9,99181,2.00,3.00,4.00,5.00,0.0143,0
2023-05-11 04:19:53,1683793194,10.1,41.6,99200,2.00,2.00,3.00,3.00,0.0104,0
2023-05-11 04:24:53,1683793494,10.1,41.6,99200,4.00,10.0,15.0,17.0,0.0230,0
2023-05-11 04:29:54,1683793794,10.0,41.6,99200,3.00,4.00,6.00,6.00,0.0436,0
2023-05-11 04:34:54,1683794094,9.96,41.4,99200,3.00,5.00,6.00,7.00,0.0257,0
2023-05-11 04:39:54,1683794394,9.91,41.5,99200,3.00,3.00,5.00,6.00,0.0227,0
2023-05-11 04:44:54,1683794694,9.88,41.7,99200,3.00,8.00,12.0,14.0,0.0255,0
2023-05-11 04:49:54,1683794995,9.83,41.9,99200,2.00,4.00,6.00,7.00,0.0255,0
2023-05-11 04:54:54,1683795295,9.76,42.1,99200,2.00,4.00,6.00,7.00,0.0341,0
2023-05-11 04:59:55,1683795595,9.69,42.9,99200,3.00,6.00,9.00,11.0,0.0341,0
2023-05-11 05:04:55,1683795895,9.66,42.9,99200,2.00,4.00,5.00,6.00,0.0132,0
2023-05-11 05:09:55,1683796196,9.63,42.9,99200,2.00,3.00,4.00,5.00,0.0144,0
2023-05-11 05:14:55,1683796496,9.59,43.2,99200,2.00,3.00,3.00,3.00,0.0122,0
2023-05-11 05:19:56,1683796796,9.50,42.9,99200,2.00,3.00,5.00,5.00,0.0101,0
2023-05-11 05:24:56,1683797096,9.38,43.1,99200,3.00,5.00,8.00,9.00,0.0101,0
2023-05-11 05:29:56,1683797397,9.26,42.2,99200,2.00,3.00,5.00,5.00,0.0106,0
2023-05-11 05:34:57,1683797697,9.08,41.4,99200,2.00,5.00,8.00,9.00,0.0154,0
2023-05-11 05:39:57,1683797998,8.86,41.7,99200,1.00,2.00,4.00,4.00,0.0175,0
2023-05-11 05:44:58,1683798299,8.66,42.1,99200,3.00,5.00,7.00,8.00,0.0193,0
2023-05-11 05:49:59,1683798599,8.49,42.8,99200,1.00,4.00,7.00,9.00,0.0112,0
2023-05-11 05:50:55,1683798656,8.42,43.5,99200,1.00,2.00,3.00,4.00,0.0125,0
2023-05-11 08:04:45,1683806686,15.5,35.1,99300,3.00,5.00,6.00,7.00,,
2023-05-11 08:09:59,1683807000,15.9,34.6,99300,3.00,6.00,9.00,10.0,,
2023-05-11 08:14:55,1683807295,16.4,33.5,99300,2.00,5.00,7.00,8.00,0.0117,0
2023-05-11 08:18:54,1683807535,16.9,33.4,99300,2.00,2.00,4.00,4.00,0.0253,0
2023-05-11 12:04:47,1683821088,27.5,14.7,99200,4.00,6.00,7.00,8.00,,
2023-05-11 12:09:56,1683821396,27.6,14.6,99200,7.00,9.00,10.0,11.0,,
2023-05-11 12:11:27,1683821487,27.7,14.3,99200,4.00,7.00,9.00,10.0,,
2023-05-11 12:24:53,1683822294,27.7,14.6,99200,6.00,9.00,12.0,13.0,,
2023-05-11 12:27:37,1683822457,27.8,14.4,99200,7.00,8.00,10.0,10.0,0.0112,0
2023-05-11 12:39:44,1683823184,28.1,14.0,99200,4.00,5.00,5.00,6.00,0.0394,0
2023-05-11 12:44:51,1683823492,28.2,14.1,99200,7.00,9.00,11.0,12.0,0.0385,0
2023-05-11 12:45:09,1683823510,28.2,13.6,99200,3.00,3.00,3.00,3.00,0.0338,0
2023-05-11 12:54:49,1683824089,28.4,13.9,99200,7.00,8.00,9.00,9.00,0.0877,0
2023-05-11 12:59:57,1683824397,28.5,13.9,99200,4.00,5.00,6.00,7.00,0.0774,0
2023-05-11 13:01:27,1683824487,28.7,13.6,99200,4.00,8.00,10.0,12.0,0.0504,0
2023-05-11 13:09:54,1683824995,28.8,13.7,99200,3.00,4.00,4.00,5.00,0.0390,0
2023-05-11 13:14:44,1683825284,28.8,13.8,99200,22.0,58.0,87.0,101,0.0904,0
2023-05-11 13:18:02,1683825482,29.0,13.7,99200,3.00,4.00,5.00,5.00,0.110,0
2023-05-11 13:24:47,1683825887,29.3,12.4,99200,2.00,3.00,3.00,4.00,0.110,0
2023-05-11 13:29:54,1683826195,29.3,12.3,99200,2.00,3.00,5.00,6.00,0.224,0
2023-05-11 13:32:55,1683826376,29.3,11.8,99200,1.00,2.00,3.00,3.00,0.177,0
2023-05-11 13:44:57,1683827098,29.4,12.3,99200,3.00,6.00,9.00,10.0,0.0124,0
2023-05-11 13:49:10,1683827351,29.4,12.5,99157,3.00,3.00,4.00,5.00,0.0214,0
2023-05-11 13:59:57,1683827998,29.7,12.0,99100,3.00,3.00,3.00,4.00,0.0218,0
2023-05-11 14:04:46,1683828287,29.7,11.8,99100,3.00,8.00,12.0,14.0,0.0252,0
2023-05-11 14:05:41,1683828341,29.6,12.0,99100,1.00,1.00,1.00,1.00,0.0148,0
2023-05-11 14:14:49,1683828890,29.7,12.3,99100,2.00,3.00,4.00,4.00,0.0200,0
2023-05-11 14:19:56,1683829197,29.8,12.3,99100,10.0,22.0,31.0,36.0,0.0649,0
2023-05-11 14:21:44,1683829305,29.9,12.1,99100,1.00,2.00,3.00,4.00,0.0654,0
2023-05-11 14:34:57,1683830098,30.2,11.8,99100,3.00,5.00,8.00,10.0,0.0850,0
2023-05-11 14:38:16,1683830296,30.2,12.0,99100,4.00,9.00,12.0,14.0,0.0348,0
2023-05-11 14:44:59,1683830700,30.3,11.4,99100,1.00,1.00,1.00,1.00,0.0270,0
2023-05-11 14:49:47,1683830988,30.3,11.9,99100,2.00,4.00,5.00,6.00,0.0193,0
2023-05-11 14:54:36,1683831276,30.4,11.5,99100,1.00,5.00,7.00,9.00,0.0212,0
2023-05-11 15:04:48,1683831888,30.5,11.9,99100,3.00,3.00,3.00,3.00,0.0153,0
2023-05-11 15:09:54,1683832195,30.6,11.5,99100,2.00,4.00,5.00,6.00,0.0171,0
2023-05-11 15:11:59,1683832320,30.6,11.2,99100,57.0,166,255,299,0.202,0
2023-05-11 15:19:55,1683832796,30.5,11.6,99100,2.00,2.00,4.00,4.00,0.372,0
2023-05-11 15:24:43,1683833084,30.6,12.0,99094,1.00,2.00,4.00,4.00,0.375,0
2023-05-11 15:26:49,1683833210,30.8,11.7,99100,1.00,2.00,2.00,3.00,0.369,0
2023-05-11 15:39:42,1683833983,30.7,11.4,99000,2.00,4.00,5.00,6.00,0.367,0
2023-05-11 15:44:29,1683834270,30.8,11.4,99000,2.00,3.00,4.00,4.00,0.0110,0
2023-05-11 15:54:59,1683834900,30.9,11.7,99000,2.00,3.00,5.00,5.00,0.0108,0
2023-05-11 15:59:47,1683835188,31.0,11.6,99000,2.00,4.00,6.00,8.00,0.0102,0
2023-05-11 16:00:40,1683835241,31.2,10.6,99000,2.00,3.00,5.00,7.00,0.00790,0
2023-05-11 16:09:48,1683835788,31.3,11.2,99000,3.00,6.00,10.0,12.0,0.00952,0
2023-05-11 16:14:53,1683836093,31.4,11.3,99000,4.00,6.00,8.00,9.00,0.0217,0
2023-05-11 16:16:58,1683836219,31.5,11.2,99000,3.00,6.00,7.00,8.00,0.0217,0
2023-05-11 16:24:45,1683836686,31.5,10.7,99000,1.00,1.00,1.00,1.00,0.0103,0
2023-05-11 16:29:51,1683836991,31.5,10.8,99000,2.00,6.00,10.0,11.0,0.0143,0
2023-05-11 16:33:08,1683837188,31.6,10.9,99000,2.00,2.00,3.00,4.00,0.0143,0
2023-05-11 16:39:53,1683837593,31.7,10.9,99000,1.00,1.00,3.00,3.00,0.00987,0
2023-05-11 16:44:58,1683837898,31.9,10.9,99000,3.00,5.00,7.00,9.00,0.0190,0
2023-05-11 16:49:26,1683838166,32.0,10.6,99000,3.00,3.00,5.00,5.00,0.0205,0
2023-05-11 16:59:55,1683838795,32.3,10.8,99000,3.00,4.00,4.00,5.00,0.0153,0
2023-05-11 17:04:59,1683839100,32.4,10.3,99000,3.00,5.00,8.00,9.00,0.0186,0
2023-05-11 17:05:34,1683839135,32.4,9.92,99000,2.00,2.00,2.00,2.00,0.0116,0
2023-05-11 17:14:58,1683839699,32.5,10.5,99000,2.00,3.00,4.00,5.00,0.0177,0
2023-05-11 17:19:45,1683839986,32.5,10.3,99000,4.00,5.00,6.00,6.00,0.0151,0
2023-05-11 17:20:39,1683840040,32.6,10.1,99000,1.00,2.00,3.00,4.00,0.0148,0
2023-05-11 17:29:55,1683840596,32.4,9.79,99000,10.0,30.0,46.0,54.0,0.0106,0
2023-05-11 17:34:42,1683840883,32.3,9.92,99000,8.00,18.0,27.0,32.0,0.303,0
2023-05-11 17:36:48,1683841008,32.2,10.1,99000,3.00,4.00,4.00,5.00,0.315,0
2023-05-11 17:44:42,1683841482,32.2,10.3,99000,1.00,1.00,2.00,2.00,0.260,0
2023-05-11 17:49:47,1683841787,32.3,10.4,99000,3.00,4.00,5.00,5.00,0.313,0
2023-05-11 17:53:04,1683841985,32.3,10.3,99000,2.00,3.00,5.00,6.00,0.0462,0
2023-05-11 18:04:44,1683842684,32.4,10.1,99000,3.00,4.00,6.00,7.00,0.0108,0
2023-05-11 18:09:13,1683842953,32.4,9.84,99000,5.00,7.00,8.00,9.00,0.0242,0
2023-05-11 18:19:48,1683843589,32.1,10.3,99000,4.00,9.00,13.0,15.0,0.0261,0
2023-05-11 18:24:54,1683843895,31.6,10.6,99000,5.00,8.00,11.0,12.0,0.0137,0
2023-05-11 18:29:43,1683844183,31.3,10.6,99000,4.00,5.00,6.00,7.00,0.0255,0
2023-05-11 18:34:49,1683844489,31.0,11.0,99000,6.00,6.00,6.00,7.00,0.0255,0
2023-05-11 18:39:55,1683844795,31.0,11.1,99000,3.00,5.00,8.00,10.0,0.0142,0
2023-05-11 18:42:54,1683844975,30.9,10.9,99000,4.00,5.00,6.00,6.00,0.0148,0
2023-05-11 18:49:45,1683845386,30.5,11.2,99000,4.00,5.00,6.00,6.00,0.0150,0
2023-05-11 18:54:52,1683845693,30.2,11.6,99000,4.00,7.00,9.00,11.0,0.0150,0
2023-05-11 18:59:59,1683846000,30.1,11.7,99000,4.00,6.00,9.00,10.0,0.0205,0
2023-05-11 19:04:49,1683846289,29.8,12.0,99000,5.00,6.00,7.00,8.00,0.0336,0
2023-05-11 19:09:56,1683846597,29.4,12.4,99000,5.00,8.00,11.0,13.0,0.0336,0
2023-05-11 19:14:46,1683846886,29.2,13.1,99000,4.00,4.00,5.00,6.00,0.0267,0
2023-05-11 19:19:54,1683847195,28.7,14.3,99000,4.00,7.00,9.00,10.0,0.0209,0
2023-05-11 19:24:44,1683847485,28.2,15.0,99000,5.00,9.00,11.0,12.0,0.0504,0
2023-05-11 19:29:53,1683847794,27.5,16.4,99000,7.00,7.00,7.00,7.00,0.0438,0
2023-05-11 19:34:44,1683848084,26.9,17.3,99038,3.00,4.00,5.00,5.00,0.0270,0
2023-05-11 19:39:53,1683848394,26.2,18.6,99000,3.00,6.00,8.00,10.0,0.0149,0
2023-05-11 19:44:45,1683848686,25.5,19.3,99088,5.00,6.00,7.00,8.00,0.0286,0
2023-05-11 19:49:55,1683848996,24.8,20.4,99076,4.00,5.00,7.00,8.00,0.0324,0
2023-05-11 19:54:48,1683849288,24.2,21.0,99100,5.00,6.00,6.00,7.00,0.0291,0
2023-05-11 19:59:59,1683849599,23.6,21.2,99100,5.00,5.00,6.00,7.00,0.0162,0
2023-05-11 20:04:52,1683849892,23.1,22.1,99100,5.00,7.00,10.0,12.0,0.0266,0
2023-05-11 20:09:45,1683850186,22.6,22.9,99100,3.00,4.00,5.00,5.00,0.0311,0
2023-05-11 20:14:57,1683850498,22.1,23.3,99100,3.00,5.00,7.00,8.00,0.0334,0
2023-05-11 20:19:51,1683850791,21.6,24.1,99100,5.00,7.00,8.00,9.00,0.0115,0
2023-05-11 20:24:45,1683851085,21.2,24.9,99100,6.00,8.00,10.0,11.0,0.0204,0
2023-05-11 20:29:57,1683851398,20.8,25.5,99100,5.00,6.00,6.00,6.00,0.0172,0
2023-05-11 20:34:52,1683851692,20.3,26.2,99100,5.00,5.00,5.00,6.00,0.0120,0
2023-05-11 20:39:46,1683851987,20.0,26.5,99100,2.00,3.00,4.00,5.00,0.0155,0
2023-05-11 20:44:41,1683852282,19.7,26.7,99100,4.00,5.00,6.00,7.00,0.0127,0
2023-05-11 20:49:55,1683852595,19.5,27.6,99100,4.00,6.00,8.00,10.0,0.0121,0
2023-05-11 20:54:50,1683852890,19.3,27.5,99100,4.00,7.00,10.0,11.0,0.0183,0
2023-05-11 20:59:45,1683853186,19.1,27.3,99100,3.00,7.00,11.0,13.0,0.0291,0
2023-05-11 21:04:59,1683853500,18.8,28.0,99100,4.00,5.00,6.00,7.00,0.0288,0
2023-05-11 21:09:55,1683853795,18.6,28.1,99100,3.00,5.00,6.00,7.00,0.0131,0
2023-05-11 21:14:51,1683854091,18.4,28.2,99100,4.00,7.00,9.00,10.0,0.0150,0
2023-05-11 21:19:47,1683854387,18.2,29.0,99100,4.00,4.00,6.00,6.00,0.0214,0
2023-05-11 21:24:43,1683854683,18.0,29.7,99113,4.00,6.00,9.00,11.0,0.0229,0
2023-05-11 21:29:57,1683854998,17.8,30.2,99124,4.00,8.00,11.0,13.0,0.0375,0
2023-05-11 21:34:54,1683855294,17.6,30.4,99156,5.00,6.00,8.00,9.00,0.0291,0
2023-05-11 21:39:50,1683855591,17.4,30.5,99163,3.00,5.00,8.00,9.00,0.0183,0
2023-05-11 21:44:47,1683855887,17.2,31.0,99200,4.00,7.00,10.0,11.0,0.0131,0
2023-05-11 21:49:43,1683856184,17.1,31.6,99200,4.00,5.00,5.00,5.00,0.0146,0
2023-05-11 21:54:58,1683856499,17.0,32.3,99200,3.00,5.00,7.00,8.00,0.0186,0
2023-05-11 21:59:55,1683856795,16.9,32.5,99200,4.00,8.00,12.0,13.0,0.0156,0
2023-05-11 22:04:51,1683857092,16.8,32.7,99200,7.00,8.00,10.0,11.0,0.0594,0
2023-05-11 22:09:48,1683857389,16.7,32.7,99200,4.00,7.00,10.0,11.0,0.0638,0
2023-05-11 22:14:45,1683857686,16.5,32.7,99200,4.00,5.00,8.00,9.00,0.0638,0
2023-05-11 22:19:42,1683857983,16.4,33.0,99200,5.00,7.00,9.00,10.0,0.0242,0
2023-05-11 22:24:58,1683858298,16.3,33.1,99200,4.00,6.00,9.00,10.0,0.0242,0
2023-05-11 22:29:55,1683858595,16.1,33.2,99200,4.00,7.00,9.00,11.0,0.0238,0
2023-05-11 22:34:52,1683858892,15.9,32.8,99200,5.00,7.00,8.00,9.00,0.0238,0
2023-05-11 22:39:49,1683859190,15.7,33.2,99175,3.00,4.00,5.00,5.00,0.0310,0
2023-05-11 22:44:46,1683859487,15.6,33.5,99100,4.00,4.00,4.00,4.00,0.0372,0
2023-05-11 22:49:44,1683859784,15.5,33.7,99100,4.00,7.00,10.0,12.0,0.0388,0
2023-05-11 22:54:41,1683860082,15.4,34.1,99100,4.00,8.00,12.0,14.0,0.0428,0
2023-05-11 22:59:58,1683860398,15.3,34.5,99100,5.00,8.00,10.0,11.0,0.0509,0
2023-05-11 23:04:55,1683860696,15.2,34.8,99100,4.00,7.00,9.00,10.0,0.0531,0
2023-05-11 23:09:53,1683860993,15.1,34.8,99100,6.00,7.00,9.00,11.0,0.0279,0
2023-05-11 23:14:50,1683861291,15.1,35.3,99100,8.00,8.00,9.00,10.0,0.0279,0
2023-05-11 23:19:48,1683861589,15.1,35.6,99100,3.00,6.00,8.00,9.00,0.0333,0
2023-05-11 23:24:46,1683861886,15.0,35.9,99100,5.00,6.00,7.00,8.00,0.0214,0
2023-05-11 23:29:43,1683862184,15.0,35.7,99100,4.00,6.00,7.00,8.00,0.0134,0
2023-05-11 23:34:41,1683862481,15.0,36.1,99100,5.00,6.00,7.00,8.00,0.0138,0
2023-05-11 23:39:57,1683862798,15.0,36.3,99100,4.00,7.00,9.00,10.0,0.0156,0
2023-05-11 23:44:55,1683863095,14.9,36.0,99100,3.00,6.00,9.00,10.0,0.0204,0
2023-05-11 23:49:53,1683863393,14.9,36.6,99100,5.00,8.00,11.0,13.0,0.0272,0
2023-05-11 23:54:50,1683863691,14.9,36.6,99100,5.00,6.00,7.00,8.00,0.0235,0
2023-05-11 23:59:48,1683863989,14.9,36.7,99100,7.00,10.0,15.0,17.0,0.0235,0
2023-05-12 00:04:46,1683864286,14.9,36.8,99100,6.00,9.00,12.0,13.0,0.0285,0
2023-05-12 00:09:44,1683864584,14.9,36.8,99100,5.00,6.00,7.00,8.00,0.0387,0
2023-05-12 00:14:42,1683864882,14.8,37.2,99100,3.00,5.00,6.00,7.00,0.0733,0
2023-05-12 00:19:58,1683865199,14.8,37.6,99100,3.00,5.00,6.00,7.00,0.0597,0
2023-05-12 00:24:56,1683865497,14.8,37.8,99100,3.00,7.00,10.0,12.0,0.0264,0
2023-05-12 00:29:54,1683865794,14.8,38.1,99100,6.00,7.00,9.00,11.0,0.0333,0
2023-05-12 00:34:52,1683866092,14.8,37.6,99100,5.00,7.00,9.00,11.0,0.0148,0
2023-05-12 00:39:49,1683866389,14.7,37.3,99100,3.00,4.00,5.00,6.00,0.0190,0
2023-05-12 00:44:47,1683866688,14.7,37.5,99100,5.00,8.00,11.0,12.0,0.0215,0
2023-05-12 00:49:45,1683866986,14.6,37.3,99100,5.00,6.00,7.00,8.00,0.0269,0
2023-05-12 00:54:44,1683867284,14.5,37.6,99100,4.00,8.00,12.0,14.0,0.0280,0
2023-05-12 00:59:42,1683867582,14.4,37.6,99100,5.00,8.00,10.0,11.0,0.0258,0
2023-05-12 01:04:59,1683867899,14.3,38.4,99100,4.00,5.00,7.00,8.00,0.0235,0
2023-05-12 01:09:57,1683868197,14.2,38.7,99100,4.00,8.00,12.0,14.0,0.0159,0
2023-05-12 01:14:55,1683868495,14.2,39.3,99100,4.00,7.00,9.00,11.0,0.0477,0
2023-05-12 01:19:53,1683868793,14.2,39.6,99100,3.00,4.00,4.00,5.00,0.0444,0
2023-05-12 01:24:51,1683869092,14.1,39.9,99100,4.00,5.00,7.00,8.00,0.0444,0
2023-05-12 01:29:49,1683869390,14.1,39.9,99100,7.00,8.00,8.00,9.00,0.0124,0
2023-05-12 01:34:47,1683869688,14.1,39.8,99100,4.00,6.00,7.00,7.00,0.0280,0
2023-05-12 01:39:46,1683869986,14.1,39.8,99100,5.00,6.00,9.00,10.0,0.0186,0
2023-05-12 01:44:44,1683870284,14.1,39.7,99100,6.00,7.00,8.00,8.00,0.0172,0
2023-05-12 01:49:42,1683870582,14.1,39.6,99100,5.00,7.00,10.0,12.0,0.0172,0
2023-05-12 01:54:59,1683870899,14.1,39.7,99100,7.00,9.00,10.0,12.0,0.0471,0
2023-05-12 01:59:57,1683871197,14.0,40.0,99100,4.00,6.00,7.00,8.00,0.0486,0
2023-05-12 02:04:55,1683871496,13.9,40.3,99100,5.00,6.00,7.00,8.00,0.0340,0
2023-05-12 02:09:53,1683871794,13.9,39.9,99100,5.00,6.00,7.00,7.00,0.0118,0
2023-05-12 02:14:51,1683872092,14.0,40.5,99100,4.00,5.00,7.00,8.00,0.0124,0
2023-05-12 02:19:49,1683872390,14.0,40.4,99100,7.00,9.00,12.0,13.0,0.0106,0
2023-05-12 02:24:48,1683872688,14.1,40.6,99100,4.00,10.0,14.0,16.0,0.0342,0
2023-05-12 02:29:46,1683872986,14.2,40.7,99100,5.00,7.00,8.00,8.00,0.0426,0
2023-05-12 02:34:44,1683873284,14.2,39.6,99100,5.00,5.00,6.00,7.00,0.0578,0
2023-05-12 02:39:41,1683873582,14.2,39.4,99100,7.00,9.00,10.0,11.0,0.0578,0
2023-05-12 02:44:58,1683873899,14.4,39.8,99100,5.00,7.00,8.00,8.00,0.0686,0
2023-05-12 02:49:56,1683874197,14.4,39.9,99100,5.00,8.00,12.0,13.0,0.0366,0
2023-05-12 02:54:54,1683874495,14.5,39.9,99019,4.00,6.00,7.00,8.00,0.0368,0
2023-05-12 02:59:52,1683874793,14.6,40.4,99000,4.00,6.00,7.00,8.00,0.0332,0
2023-05-12 03:04:50,1683875091,14.7,41.2,99088,6.00,9.00,12.0,14.0,0.0166,0
2023-05-12 03:09:48,1683875388,14.7,40.5,99063,4.00,5.00,5.00,6.00,0.0226,0
2023-05-12 03:14:46,1683875686,14.7,40.0,99100,6.00,10.0,14.0,15.0,0.0227,0
2023-05-12 03:19:44,1683875984,14.7,40.6,99038,5.00,6.00,7.00,7.00,0.0190,0
2023-05-12 03:24:42,1683876282,14.7,40.6,99019,6.00,7.00,8.00,9.00,0.0191,0
2023-05-12 03:29:58,1683876599,14.7,40.3,99029,4.00,5.00,6.00,6.00,0.0167,0
2023-05-12 03:34:56,1683876897,14.8,40.6,99088,6.00,8.00,10.0,11.0,0.0347,0
2023-05-12 03:39:54,1683877194,14.7,40.9,99100,6.00,9.00,11.0,12.0,0.0465,0
2023-05-12 03:44:52,1683877492,14.7,41.6,99100,5.00,5.00,6.00,7.00,0.0287,0
2023-05-12 03:49:50,1683877790,14.7,41.1,99100,4.00,6.00,9.00,11.0,0.0206,0
2023-05-12 03:54:47,1683878088,14.7,41.3,99100,4.00,8.00,10.0,11.0,0.0166,0
2023-05-12 03:59:45,1683878386,14.8,41.3,99100,5.00,6.00,8.00,9.00,0.0145,0
2023-05-12 04:04:43,1683878684,14.8,41.1,99100,5.00,6.00,7.00,8.00,0.0330,0
2023-05-12 04:09:59,1683879000,14.9,41.1,99100,4.00,5.00,6.00,7.00,0.0330,0
2023-05-12 04:14:57,1683879298,14.9,41.1,99100,7.00,8.00,9.00,10.0,0.0119,0
2023-05-12 04:19:55,1683879595,14.8,42.4,99013,5.00,8.00,11.0,13.0,0.0486,0
2023-05-12 04:24:53,1683879893,14.8,41.0,99100,6.00,7.00,8.00,9.00,0.0358,0
2023-05-12 04:29:50,1683880191,14.9,41.5,99100,6.00,6.00,8.00,9.00,0.0615,0
2023-05-12 04:34:48,1683880488,15.0,40.8,99100,4.00,5.00,7.00,8.00,0.0385,0
2023-05-12 04:39:46,1683880786,15.1,40.7,99100,6.00,8.00,10.0,11.0,0.0179,0
2023-05-12 04:44:43,1683881084,15.2,40.7,99100,4.00,6.00,8.00,8.00,0.0392,0
2023-05-12 04:49:41,1683881381,15.2,40.7,99100,7.00,8.00,10.0,11.0,0.0114,0
2023-05-12 04:54:57,1683881698,15.2,40.8,99100,6.00,7.00,8.00,9.00,0.0274,0
2023-05-12 04:59:55,1683881995,15.2,41.0,99100,4.00,5.00,5.00,6.00,0.0805,0
2023-05-12 05:04:52,1683882293,15.2,40.8,99100,4.00,5.00,7.00,8.00,0.0599,0
2023-05-12 05:09:50,1683882590,15.2,41.3,99100,5.00,5.00,6.00,6.00,0.0212,0
2023-05-12 05:14:47,1683882888,15.2,41.0,99100,4.00,11.0,17.0,19.0,0.0133,0
2023-05-12 05:19:45,1683883185,15.2,40.1,99100,5.00,6.00,9.00,10.0,0.0476,0
2023-05-12 05:24:42,1683883483,15.3,40.2,99100,4.00,6.00,8.00,9.00,0.0906,0
2023-05-12 05:29:59,1683883799,15.4,40.2,99100,6.00,8.00,10.0,11.0,0.0779,0
2023-05-12 05:34:56,1683884097,15.4,40.5,99100,8.00,10.0,11.0,12.0,0.0426,0
2023-05-12 05:39:54,1683884394,15.4,40.8,99100,5.00,8.00,11.0,12.0,0.0437,0
2023-05-12 05:44:51,1683884692,15.4,41.0,99100,5.00,7.00,8.00,10.0,0.0424,0
2023-05-12 05:49:48,1683884989,15.4,41.1,99100,6.00,6.00,6.00,7.00,0.0168,0
2023-05-12 05:54:46,1683885286,15.4,41.4,99100,7.00,9.00,12.0,14.0,0.0261,0
2023-05-12 05:59:43,1683885584,15.4,41.5,99100,5.00,7.00,9.00,10.0,0.0476,0
2023-05-12 06:04:59,1683885900,15.4,42.3,99100,8.00,9.00,11.0,12.0,0.0250,0
2023-05-12 06:09:57,1683886197,15.4,42.6,99100,4.00,5.00,6.00,7.00,0.0232,0
2023-05-12 06:14:35,1683886476,15.4,42.0,99100,6.00,7.00,9.00,9.00,0.0402,0
2023-05-12 10:44:46,1683902687,23.3,35.4,99200,7.00,9.00,12.0,13.0,,
2023-05-12 10:45:23,1683902723,23.1,35.9,99200,4.00,5.00,5.00,5.00,,
2023-05-12 12:59:59,1683910799,27.1,30.0,99100,3.00,3.00,3.00,3.00,,
2023-05-12 13:04:49,1683911089,27.2,30.0,99100,4.00,6.00,8.00,9.00,,
2023-05-12 13:09:39,1683911380,27.2,30.2,99013,2.00,3.00,3.00,4.00,0.114,0
2023-05-12 13:24:45,1683912285,27.8,29.0,99000,7.00,8.00,9.00,9.00,0.0425,0
2023-05-12 13:25:57,1683912358,27.9,28.5,99000,3.00,4.00,5.00,5.00,0.0102,0
2023-05-12 13:34:50,1683912890,28.3,27.8,99000,4.00,4.00,5.00,5.00,0.0243,0
2023-05-12 13:39:58,1683913198,28.5,27.8,99000,4.00,4.00,5.00,6.00,0.0243,0
2023-05-12 13:42:22,1683913343,28.6,27.6,99000,6.00,6.00,6.00,6.00,0.0152,0
2023-05-12 13:54:57,1683914097,28.9,27.2,99000,4.00,4.00,4.00,4.00,0.0101,0
2023-05-12 13:58:34,1683914315,28.5,27.9,99000,5.00,5.00,6.00,6.00,0.0142,0
2023-05-12 14:09:46,1683914987,26.9,30.1,99000,3.00,4.00,6.00,7.00,0.0130,0
2023-05-12 14:14:55,1683915296,26.4,30.2,99000,2.00,5.00,7.00,8.00,0.0200,0
2023-05-12 14:16:07,1683915368,26.1,30.5,99000,4.00,6.00,8.00,10.0,0.0208,0
2023-05-12 14:24:49,1683915889,25.9,30.9,99000,1.00,2.00,4.00,5.00,0.0208,0
2023-05-12 14:29:58,1683916198,26.1,31.0,99000,4.00,5.00,5.00,6.00,0.0227,0
2023-05-12 14:32:23,1683916343,26.5,30.7,99000,2.00,2.00,3.00,3.00,0.0251,0
2023-05-12 14:44:50,1683917090,28.3,26.5,98900,2.00,3.00,4.00,5.00,0.0244,0
2023-05-12 14:48:44,1683917325,28.6,25.0,98900,2.00,5.00,7.00,8.00,0.0118,0
2023-05-12 14:59:53,1683917994,29.0,24.2,98900,2.00,3.00,5.00,6.00,0.0126,0
2023-05-12 15:04:42,1683918283,28.8,23.5,98900,2.00,3.00,4.00,5.00,0.0134,0
2023-05-12 15:14:51,1683918892,28.0,23.8,98900,2.00,4.00,7.00,8.00,0.0155,0
2023-05-12 15:19:41,1683919182,27.8,24.0,98900,2.00,3.00,5.00,6.00,0.0119,0
2023-05-12 15:21:30,1683919290,27.7,24.2,98900,1.00,3.00,4.00,5.00,0.00965,0
2023-05-12 15:29:57,1683919798,27.6,24.9,98900,1.00,2.00,2.00,3.00,0.00913,0
2023-05-12 15:34:47,1683920088,27.8,24.7,98900,1.00,4.00,7.00,8.00,0.00936,0
2023-05-12 15:37:47,1683920268,28.1,24.3,98900,2.00,2.00,3.00,4.00,0.00948,0
2023-05-12 15:44:56,1683920696,28.8,23.4,98900,1e-7,1.00,1.00,2.00,0.0103,0
2023-05-12 15:49:45,1683920985,29.0,21.5,98900,1.00,2.00,3.00,4.00,0.0138,0
2023-05-12 15:52:45,1683921166,29.2,20.9,98900,2.00,3.00,5.00,6.00,0.0132,0
2023-05-12 16:04:49,1683921890,29.9,19.2,98900,1.00,2.00,3.00,4.00,0.0163,0
2023-05-12 16:09:01,1683922141,30.1,18.9,98900,1.00,1.00,2.00,2.00,0.0168,0
2023-05-12 16:19:56,1683922797,30.2,17.2,98900,2.00,6.00,10.0,12.0,0.0164,0
2023-05-12 16:24:45,1683923085,30.3,17.4,98900,1.00,3.00,5.00,6.00,0.0246,0
2023-05-12 16:26:32,1683923193,30.5,17.0,98900,1.00,2.00,4.00,4.00,0.00776,0
2023-05-12 16:34:58,1683923699,30.2,17.4,98900,1e-7,2.00,4.00,4.00,0.00949,0
2023-05-12 16:39:47,1683923988,30.0,17.1,98900,1.00,2.00,4.00,4.00,0.00951,0
2023-05-12 16:41:35,1683924096,29.8,16.7,98900,1.00,2.00,3.00,4.00,0.00889,0
2023-05-12 16:49:51,1683924591,29.3,17.8,98900,1.00,3.00,5.00,6.00,0.0107,0
2023-05-12 16:54:58,1683924899,29.2,18.1,98900,1.00,2.00,4.00,4.00,0.0107,0
2023-05-12 16:57:59,1683925080,29.1,18.0,98900,1.00,2.00,3.00,4.00,0.0122,0
2023-05-12 17:09:44,1683925784,28.6,18.7,98900,1.00,2.00,3.00,3.00,0.0117,0
2023-05-12 17:14:52,1683926092,28.5,19.0,98900,2.00,4.00,6.00,7.00,0.0120,0
2023-05-12 17:15:27,1683926128,28.5,19.1,98900,1e-7,1.00,2.00,3.00,0.0111,0
2023-05-12 17:24:43,1683926683,28.8,19.0,98900,1.00,4.00,6.00,7.00,0.0124,0
2023-05-12 17:29:50,1683926991,28.8,18.9,98900,2.00,3.00,5.00,5.00,0.0136,0
2023-05-12 17:31:38,1683927099,28.8,19.1,98900,1.00,4.00,7.00,8.00,0.0116,0
2023-05-12 17:39:47,1683927587,28.8,18.4,98967,1e-7,1.00,2.00,2.00,0.0110,0
2023-05-12 17:44:55,1683927895,28.8,18.7,98953,1.00,5.00,8.00,9.00,0.0141,0
2023-05-12 17:48:13,1683928093,28.6,18.8,98973,2.00,3.00,4.00,4.00,0.0141,0
2023-05-12 17:54:42,1683928482,28.3,19.3,99000,1.00,1.00,2.00,2.00,0.0127,0
2023-05-12 17:59:50,1683928790,28.1,19.5,99000,1.00,4.00,7.00,9.00,0.0127,0
2023-05-12 18:03:09,1683928990,28.0,19.7,99000,2.00,2.00,3.00,3.00,0.0126,0
2023-05-12 18:14:55,1683929696,27.7,20.2,98973,1.00,4.00,7.00,8.00,0.0158,0
2023-05-12 18:19:46,1683929986,27.5,20.5,98931,2.00,5.00,7.00,8.00,0.0158,0
2023-05-12 18:24:55,1683930295,27.4,20.8,98900,1.00,3.00,4.00,5.00,0.0250,0
2023-05-12 18:29:46,1683930586,27.2,21.0,98900,2.00,6.00,8.00,10.0,0.0113,0
2023-05-12 18:34:55,1683930895,27.1,21.2,98900,4.00,6.00,7.00,8.00,0.0151,0
2023-05-12 18:39:46,1683931186,26.9,21.2,98900,3.00,8.00,12.0,14.0,0.0162,0
2023-05-12 18:44:55,1683931496,26.9,21.5,98900,2.00,3.00,5.00,6.00,0.0239,0
2023-05-12 18:49:46,1683931787,26.9,21.5,98900,3.00,7.00,11.0,12.0,0.0165,0
2023-05-12 18:54:55,1683932096,26.8,21.8,98900,1.00,2.00,3.00,4.00,0.0245,0
2023-05-12 18:59:47,1683932387,26.7,21.9,98900,2.00,3.00,5.00,6.00,0.0329,0
2023-05-12 19:04:56,1683932697,26.6,21.9,98900,2.00,5.00,6.00,7.00,0.0197,0
2023-05-12 19:09:48,1683932988,26.3,22.0,98900,4.00,9.00,14.0,16.0,0.0108,0
2023-05-12 19:14:57,1683933298,26.1,22.1,98900,3.00,4.00,6.00,7.00,0.0227,0
2023-05-12 19:19:49,1683933590,25.9,22.5,98900,3.00,5.00,7.00,8.00,0.0173,0
2023-05-12 19:24:41,1683933882,25.7,22.8,98900,2.00,6.00,9.00,11.0,0.0141,0
2023-05-12 19:29:51,1683934192,25.5,23.0,98900,3.00,5.00,7.00,7.00,0.0105,0
2023-05-12 19:34:43,1683934484,25.4,23.0,98900,2.00,4.00,5.00,6.00,0.0139,0
2023-05-12 19:39:54,1683934794,25.2,23.1,98900,3.00,7.00,11.0,13.0,0.0139,0
2023-05-12 19:44:46,1683935087,25.1,23.5,98900,3.00,7.00,9.00,10.0,0.0177,0
2023-05-12 19:49:57,1683935398,24.9,23.6,98900,3.00,4.00,6.00,7.00,0.0178,0
2023-05-12 19:54:50,1683935690,24.8,24.3,98969,6.00,7.00,8.00,9.00,0.0178,0
2023-05-12 19:59:43,1683935983,24.5,25.8,99000,4.00,4.00,5.00,5.00,0.0261,0
2023-05-12 20:04:54,1683936295,24.0,27.9,99000,6.00,7.00,8.00,8.00,0.0155,0
2023-05-12 20:09:47,1683936588,23.2,29.6,99000,4.00,4.00,6.00,6.00,0.0233,0
2023-05-12 20:14:59,1683936900,22.6,30.4,99000,4.00,8.00,10.0,12.0,0.0150,0
2023-05-12 20:19:53,1683937193,22.4,31.2,99000,5.00,6.00,7.00,7.00,0.0142,0
2023-05-12 20:24:46,1683937487,22.4,30.9,99000,3.00,4.00,5.00,5.00,0.0134,0
2023-05-12 20:29:59,1683937799,22.4,31.1,99000,5.00,10.0,16.0,18.0,0.0224,0
2023-05-12 20:34:52,1683938093,22.4,31.0,99000,3.00,5.00,7.00,8.00,0.0369,0
2023-05-12 20:39:46,1683938387,22.4,31.2,99000,4.00,6.00,9.00,10.0,0.0210,0
2023-05-12 20:44:58,1683938699,22.3,31.1,99000,4.00,9.00,12.0,14.0,0.0167,0
2023-05-12 20:49:52,1683938993,22.3,31.4,99000,5.00,7.00,8.00,9.00,0.0350,0
2023-05-12 20:54:46,1683939287,22.2,31.5,99000,5.00,7.00,10.0,11.0,0.0252,0
2023-05-12 20:59:58,1683939599,22.1,32.1,99000,5.00,5.00,6.00,6.00,0.0612,0
2023-05-12 21:04:52,1683939893,21.9,32.1,99000,5.00,6.00,7.00,7.00,0.0338,0
2023-05-12 21:09:46,1683940187,21.8,32.5,99000,6.00,8.00,10.0,12.0,0.0206,0
2023-05-12 21:14:59,1683940500,21.5,32.7,99041,4.00,5.00,7.00,8.00,0.0433,0
2023-05-12 21:19:53,1683940794,21.3,33.4,99081,3.00,8.00,13.0,15.0,0.0318,0
2023-05-12 21:24:48,1683941088,21.1,33.4,99094,3.00,7.00,9.00,10.0,0.0177,0
2023-05-12 21:29:42,1683941383,20.9,33.8,99025,3.00,4.00,6.00,7.00,0.0320,0
2023-05-12 21:34:55,1683941696,20.7,34.1,99100,3.00,3.00,4.00,4.00,0.0259,0
2023-05-12 21:39:50,1683941991,20.5,34.4,99100,4.00,4.00,6.00,7.00,0.0259,0
2023-05-12 21:44:45,1683942285,20.4,35.0,99100,4.00,5.00,6.00,7.00,0.0207,0
2023-05-12 21:49:58,1683942599,20.4,35.7,99100,3.00,7.00,9.00,10.0,0.0167,0
2023-05-12 21:54:53,1683942893,20.2,36.7,99131,4.00,9.00,12.0,14.0,0.0173,0
2023-05-12 21:59:48,1683943188,20.0,39.3,99100,4.00,7.00,10.0,11.0,0.00975,0
2023-05-12 22:04:43,1683943484,19.4,41.1,99100,3.00,4.00,6.00,7.00,0.0181,0
2023-05-12 22:09:57,1683943797,18.9,43.0,99100,2.00,3.00,5.00,5.00,0.0208,0
2023-05-12 22:14:53,1683944093,18.5,44.4,99100,3.00,5.00,7.00,8.00,0.0165,0
2023-05-12 22:19:49,1683944389,18.2,45.7,99100,3.00,5.00,8.00,9.00,0.0165,0
2023-05-12 22:24:45,1683944685,17.9,45.6,99100,3.00,6.00,8.00,9.00,0.0148,0
2023-05-12 22:29:59,1683945000,17.6,46.1,99100,3.00,5.00,7.00,8.00,0.0140,0
2023-05-12 22:34:55,1683945296,17.4,47.1,99100,3.00,5.00,7.00,8.00,0.0106,0
2023-05-12 22:39:52,1683945592,17.1,47.3,99100,3.00,4.00,6.00,7.00,0.0211,0
2023-05-12 22:44:48,1683945889,16.9,47.3,99100,3.00,4.00,5.00,5.00,0.0233,0
2023-05-12 22:49:45,1683946185,16.6,47.6,99100,4.00,8.00,11.0,13.0,0.0283,0
2023-05-12 22:54:42,1683946482,16.4,48.0,99100,5.00,7.00,11.0,12.0,0.0518,0
2023-05-12 22:59:57,1683946798,16.1,48.2,99100,2.00,4.00,5.00,6.00,0.0217,0
2023-05-12 23:04:54,1683947095,15.9,48.8,99100,3.00,4.00,5.00,6.00,0.0327,0
2023-05-12 23:09:51,1683947392,15.6,48.8,99100,3.00,6.00,9.00,10.0,0.0102,0
2023-05-12 23:14:48,1683947689,15.3,49.5,99100,5.00,5.00,6.00,7.00,0.0113,0
2023-05-12 23:19:46,1683947986,15.1,49.8,99100,6.00,17.0,27.0,32.0,0.0338,0
2023-05-12 23:24:43,1683948284,14.9,50.0,99100,6.00,6.00,7.00,8.00,0.113,0
2023-05-12 23:29:59,1683948600,14.6,51.0,99100,4.00,7.00,10.0,11.0,0.0756,0
2023-05-12 23:34:57,1683948898,14.5,51.9,99100,4.00,4.00,4.00,5.00,0.0576,0
2023-05-12 23:39:55,1683949195,14.4,51.9,99100,4.00,9.00,13.0,15.0,0.0148,0
2023-05-12 23:44:52,1683949493,14.2,51.5,99100,5.00,8.00,10.0,10.0,0.0321,0
2023-05-12 23:49:50,1683949791,14.1,51.9,99106,3.00,4.00,6.00,7.00,0.0325,0
2023-05-12 23:54:48,1683950089,14.0,51.5,99150,3.00,5.00,6.00,7.00,0.0131,0
2023-05-12 23:59:46,1683950387,13.9,50.9,99188,4.00,7.00,10.0,11.0,0.0188,0
2023-05-13 00:04:44,1683950685,13.8,50.7,99194,4.00,6.00,8.00,9.00,0.0187,0
2023-05-13 00:09:42,1683950983,13.6,50.2,99200,3.00,9.00,14.0,17.0,0.0402,0
2023-05-13 00:14:59,1683951299,13.6,49.6,99200,2.00,3.00,4.00,5.00,0.0334,0
2023-05-13 00:19:57,1683951598,13.8,48.6,99200,5.00,6.00,6.00,6.00,0.0421,0
2023-05-13 00:24:55,1683951896,14.0,47.6,99200,4.00,8.00,11.0,13.0,0.0307,0
2023-05-13 00:29:53,1683952194,14.2,46.7,99200,4.00,4.00,5.00,6.00,0.0266,0
2023-05-13 00:34:51,1683952492,14.3,46.0,99200,3.00,8.00,11.0,12.0,0.0181,0
2023-05-13 00:39:49,1683952790,14.4,45.6,99200,5.00,8.00,10.0,11.0,0.0556,0
2023-05-13 00:44:47,1683953088,14.5,44.9,99200,5.00,6.00,8.00,9.00,0.0338,0
2023-05-13 00:49:45,1683953385,14.5,44.0,99200,3.00,4.00,5.00,6.00,0.0257,0
2023-05-13 00:54:43,1683953683,14.5,43.6,99200,5.00,7.00,8.00,8.00,0.0104,0
2023-05-13 00:59:59,1683954000,14.5,43.2,99200,6.00,7.00,7.00,8.00,0.0135,0
2023-05-13 01:04:57,1683954298,14.5,42.9,99206,6.00,6.00,9.00,10.0,0.0118,0
2023-05-13 01:09:55,1683954596,14.4,42.7,99294,7.00,15.0,22.0,25.0,0.0174,0
2023-05-13 01:14:53,1683954894,14.4,41.9,99300,4.00,5.00,6.00,7.00,0.0344,0
2023-05-13 01:19:51,1683955192,14.3,40.2,99300,3.00,4.00,5.00,6.00,0.0639,0
2023-05-13 01:24:49,1683955490,14.3,40.2,99300,5.00,8.00,12.0,13.0,0.0429,0
2023-05-13 01:29:47,1683955788,14.2,39.8,99300,3.00,5.00,7.00,7.00,0.0198,0
2023-05-13 01:34:45,1683956086,14.2,39.5,99300,5.00,5.00,8.00,9.00,0.0217,0
2023-05-13 01:39:43,1683956384,14.1,39.2,99300,4.00,7.00,9.00,10.0,0.0302,0
2023-05-13 01:44:42,1683956682,14.0,39.0,99300,3.00,4.00,5.00,6.00,0.0243,0
2023-05-13 01:49:59,1683956999,13.9,38.8,99300,4.00,6.00,8.00,9.00,0.0243,0
2023-05-13 01:54:57,1683957297,13.7,38.9,99300,3.00,7.00,11.0,12.0,0.0134,0
2023-05-13 01:59:55,1683957595,13.6,39.0,99300,4.00,6.00,7.00,8.00,0.0315,0
2023-05-13 02:04:53,1683957894,13.4,39.0,99300,5.00,9.00,13.0,14.0,0.0338,0
2023-05-13 02:09:52,1683958193,13.3,39.0,99300,4.00,5.00,7.00,8.00,0.0243,0
2023-05-13 02:14:50,1683958491,13.2,39.0,99300,3.00,6.00,9.00,10.0,0.0283,0
2023-05-13 02:19:49,1683958789,13.1,38.9,99300,4.00,7.00,11.0,13.0,0.0256,0
2023-05-13 02:24:48,1683959088,13.0,38.9,99300,3.00,5.00,6.00,7.00,0.0172,0
2023-05-13 02:29:46,1683959387,12.9,38.9,99300,3.00,6.00,7.00,8.00,0.0171,0
2023-05-13 02:34:45,1683959685,12.8,38.6,99300,3.00,6.00,10.0,11.0,0.0123,0
2023-05-13 02:39:44,1683959984,12.7,38.3,99300,4.00,6.00,8.00,9.00,0.0150,0
2023-05-13 02:44:42,1683960283,12.7,38.1,99300,2.00,7.00,11.0,13.0,0.0199,0
2023-05-13 02:49:41,1683960581,12.7,38.0,99300,2.00,4.00,6.00,7.00,0.0199,0
2023-05-13 02:54:58,1683960899,12.6,37.9,99300,1.00,4.00,6.00,7.00,0.0229,0
2023-05-13 02:59:57,1683961198,12.5,37.8,99300,3.00,4.00,6.00,7.00,0.0114,0
2023-05-13 03:04:56,1683961496,12.3,38.0,99306,4.00,7.00,10.0,11.0,0.0299,0
2023-05-13 03:09:55,1683961795,12.2,38.0,99381,3.00,4.00,5.00,6.00,0.0299,0
2023-05-13 03:14:54,1683962094,12.1,38.1,99394,2.00,5.00,8.00,9.00,0.0199,0
2023-05-13 03:19:53,1683962394,12.0,38.1,99306,4.00,6.00,10.0,11.0,0.0260,0
2023-05-13 03:24:52,1683962693,11.9,38.1,99388,3.00,5.00,6.00,7.00,0.0275,0
2023-05-13 03:29:51,1683962992,11.9,38.2,99363,3.00,6.00,9.00,10.0,0.0399,0
2023-05-13 03:34:51,1683963291,11.9,38.2,99300,2.00,4.00,6.00,7.00,0.0125,0
2023-05-13 03:39:50,1683963590,11.8,38.2,99300,3.00,5.00,6.00,7.00,0.00953,0
2023-05-13 03:44:49,1683963890,11.7,38.5,99300,3.00,7.00,10.0,12.0,0.0198,0
2023-05-13 03:49:48,1683964189,11.5,38.7,99300,2.00,5.00,7.00,8.00,0.0245,0
2023-05-13 03:54:48,1683964488,11.3,38.9,99350,3.00,6.00,10.0,12.0,0.0245,0
2023-05-13 03:59:47,1683964788,11.1,39.5,99400,3.00,9.00,13.0,15.0,0.0426,0
2023-05-13 04:04:47,1683965087,10.9,40.3,99400,3.00,4.00,5.00,6.00,0.0405,0
2023-05-13 04:09:46,1683965387,10.6,40.5,99400,2.00,4.00,6.00,7.00,0.0405,0
2023-05-13 04:14:46,1683965687,10.4,40.9,99400,3.00,3.00,5.00,6.00,0.0122,0
2023-05-13 04:19:46,1683965986,10.3,41.8,99363,1.00,4.00,7.00,8.00,0.0117,0
2023-05-13 04:24:46,1683966286,10.2,41.9,99350,3.00,6.00,9.00,11.0,0.0106,0
2023-05-13 04:29:46,1683966586,10.1,42.0,99400,2.00,5.00,7.00,8.00,0.0130,0
2023-05-13 04:34:46,1683966886,10.0,42.0,99400,2.00,3.00,5.00,6.00,0.0152,0
2023-05-13 04:39:46,1683967187,9.92,42.7,99400,2.00,4.00,6.00,7.00,0.0193,0
2023-05-13 04:44:46,1683967487,9.79,42.4,99400,2.00,6.00,10.0,11.0,0.0191,0
2023-05-13 04:49:47,1683967787,9.65,43.4,99400,2.00,3.00,5.00,6.00,0.0263,0
2023-05-13 04:54:47,1683968087,9.49,43.2,99400,2.00,4.00,6.00,7.00,0.0179,0
2023-05-13 04:59:47,1683968388,9.34,43.3,99400,3.00,4.00,6.00,7.00,0.0170,0
2023-05-13 05:04:48,1683968688,9.20,43.2,99400,2.00,4.00,6.00,7.00,0.0167,0
2023-05-13 05:09:48,1683968989,9.03,43.6,99400,2.00,3.00,4.00,5.00,0.0167,0
2023-05-13 05:14:49,1683969290,8.83,43.8,99400,2.00,5.00,7.00,9.00,0.0130,0
2023-05-13 05:19:50,1683969590,8.62,43.8,99400,3.00,4.00,6.00,7.00,0.0115,0
2023-05-13 05:24:51,1683969892,8.40,44.2,99400,2.00,4.00,6.00,7.00,0.0112,0
2023-05-13 05:29:52,1683970193,8.22,44.6,99400,2.00,3.00,4.00,5.00,0.0115,0
2023-05-13 05:34:53,1683970494,8.06,44.8,99400,2.00,4.00,6.00,6.00,0.0129,0
2023-05-13 05:39:54,1683970795,7.92,45.2,99400,2.00,5.00,7.00,9.00,0.0121,0
2023-05-13 05:42:25,1683970945,7.84,45.6,99400,2.00,4.00,5.00,6.00,0.0144,0
2023-05-13 07:24:49,1683977089,14.5,37.3,99400,4.00,6.00,7.00,7.00,,
2023-05-13 07:29:44,1683977385,14.5,37.0,99400,3.00,4.00,5.00,6.00,,
2023-05-13 07:31:54,1683977514,14.5,37.3,99400,2.00,3.00,5.00,6.00,,
2023-05-13 12:04:51,1683993892,17.9,29.6,99400,1.00,2.00,3.00,4.00,,
2023-05-13 12:09:46,1683994187,18.1,29.3,99394,1.00,5.00,7.00,9.00,0.0197,0
2023-05-13 12:14:41,1683994482,18.4,29.1,99394,1.00,2.00,4.00,4.00,0.0148,0
2023-05-13 12:17:28,1683994648,18.2,28.1,99400,1.00,3.00,5.00,6.00,0.0148,0
2023-05-13 12:34:42,1683995683,18.4,25.4,99380,1.00,6.00,10.0,11.0,,
2023-05-13 12:39:43,1683995983,18.6,25.4,99391,3.00,4.00,6.00,6.00,,
2023-05-13 12:44:56,1683996297,18.3,25.4,99371,2.00,6.00,10.0,12.0,,
2023-05-13 12:49:52,1683996592,18.0,26.3,99400,1.00,3.00,5.00,6.00,0.0128,0
2023-05-13 12:50:28,1683996629,18.0,26.5,99400,1.00,1.00,1.00,1.00,0.0155,0
2023-05-13 13:04:44,1683997484,17.9,26.1,99400,1.00,3.00,4.00,4.00,0.0246,0
2023-05-13 13:08:24,1683997705,17.8,26.2,99400,1.00,3.00,5.00,6.00,0.0246,0
2023-05-13 13:14:47,1683998087,17.6,27.1,99400,2.00,4.00,6.00,8.00,0.0165,0
2023-05-13 13:19:42,1683998383,17.4,27.3,99400,2.00,5.00,8.00,10.0,0.0199,0
2023-05-13 13:23:42,1683998623,17.1,27.7,99400,3.00,8.00,12.0,14.0,0.0115,0
2023-05-13 13:34:56,1683999296,16.6,28.7,99500,1.00,2.00,4.00,4.00,0.0127,0
2023-05-13 13:39:52,1683999592,16.6,28.8,99494,1.00,2.00,4.00,4.00,0.0282,0
2023-05-13 13:41:23,1683999684,16.8,28.4,99460,1.00,2.00,3.00,4.00,0.0298,0
2023-05-13 13:49:58,1684000199,17.2,26.1,99500,1e-7,2.00,3.00,4.00,0.0328,0
2023-05-13 13:54:54,1684000494,17.3,26.1,99500,1.00,4.00,7.00,9.00,0.0287,0
2023-05-13 13:56:45,1684000605,17.5,25.6,99500,1e-7,2.00,3.00,4.00,0.00593,0
2023-05-13 14:04:49,1684001089,17.7,24.7,99500,1e-7,1.00,2.00,3.00,0.00821,0
2023-05-13 14:09:44,1684001385,17.6,25.0,99500,1.00,5.00,8.00,9.00,0.0129,0
2023-05-13 14:14:39,1684001679,17.6,25.3,99500,1e-7,2.00,3.00,4.00,0.0132,0
2023-05-13 14:24:43,1684002284,17.5,24.4,99500,1e-7,2.00,3.00,4.00,0.0101,0
2023-05-13 14:29:57,1684002598,17.3,24.6,99500,1.00,2.00,4.00,4.00,0.00995,0
2023-05-13 14:39:48,1684003189,16.9,25.3,99500,1.00,5.00,8.00,9.00,0.0151,0
2023-05-13 14:44:44,1684003484,17.1,25.0,99500,1.00,3.00,4.00,4.00,0.0175,0
2023-05-13 14:47:29,1684003650,17.4,23.9,99500,1.00,2.00,3.00,4.00,0.0106,0
2023-05-13 14:59:48,1684004388,16.9,25.3,99500,1.00,4.00,7.00,8.00,0.0137,0
2023-05-13 15:04:06,1684004646,16.7,25.7,99529,2.00,6.00,10.0,11.0,0.0101,0
2023-05-13 15:09:44,1684004984,16.7,25.9,99600,1e-7,1.00,1.00,1.00,0.00879,0
2023-05-13 15:14:58,1684005298,16.6,25.7,99600,1.00,2.00,4.00,4.00,0.0181,0
2023-05-13 15:19:53,1684005594,16.5,25.2,99600,1e-7,2.00,4.00,4.00,0.0109,0
2023-05-13 15:20:30,1684005630,16.6,25.0,99600,1e-7,1e-7,1.00,1.00,0.00995,0
2023-05-13 15:29:59,1684006200,17.1,26.1,99600,2.00,2.00,3.00,4.00,0.00995,0
2023-05-13 15:34:53,1684006494,17.1,25.9,99600,1.00,2.00,4.00,4.00,0.00995,0
2023-05-13 15:37:02,1684006622,17.1,25.3,99600,1.00,3.00,5.00,6.00,0.00995,0
2023-05-13 15:44:58,1684007099,17.3,25.0,99600,1.00,4.00,7.00,8.00,0.0106,0
2023-05-13 15:49:53,1684007393,17.5,24.6,99600,1.00,2.00,3.00,4.00,0.0122,0
2023-05-13 15:53:33,1684007614,17.9,24.0,99600,1.00,4.00,7.00,8.00,0.0126,0
2023-05-13 15:59:52,1684007992,17.7,23.4,99600,1e-7,1e-7,1e-7,1e-7,0.00955,0
2023-05-13 16:04:47,1684008287,17.6,23.7,99600,1.00,2.00,4.00,5.00,0.0106,0
2023-05-13 16:09:42,1684008582,17.2,23.1,99600,1.00,2.00,4.00,4.00,0.0122,0
2023-05-13 16:10:00,1684008600,17.1,23.3,99600,1e-7,1e-7,1e-7,1e-7,0.00649,0
2023-05-13 16:19:59,1684009199,17.1,23.6,99600,1.00,2.00,3.00,4.00,0.0103,0
2023-05-13 16:24:54,1684009494,17.3,23.8,99600,1.00,4.00,7.00,9.00,0.0167,0
2023-05-13 16:25:31,1684009531,17.4,23.4,99600,1e-7,1e-7,1e-7,1e-7,0.0248,0
2023-05-13 16:34:41,1684010082,17.6,22.2,99600,1e-7,2.00,4.00,4.00,0.0248,0
2023-05-13 16:39:54,1684010395,17.7,21.5,99600,2.00,3.00,5.00,7.00,0.0248,0
2023-05-13 16:42:58,1684010578,17.5,21.2,99600,1.00,2.00,3.00,4.00,0.0230,0
2023-05-13 16:49:49,1684010990,17.2,22.0,99600,1e-7,2.00,4.00,4.00,0.0212,0
2023-05-13 16:54:44,1684011285,17.2,22.1,99600,1.00,3.00,6.00,7.00,0.0130,0
2023-05-13 16:59:39,1684011579,17.1,22.2,99600,1.00,3.00,4.00,5.00,0.0121,0
2023-05-13 17:09:44,1684012184,17.5,20.6,99600,1.00,2.00,4.00,5.00,0.0106,0
2023-05-13 17:14:57,1684012498,17.4,20.2,99600,1.00,2.00,3.00,4.00,0.0108,0
2023-05-13 17:24:51,1684013091,17.0,20.2,99600,1.00,2.00,4.00,4.00,0.0108,0
2023-05-13 17:29:46,1684013387,16.7,20.1,99600,1.00,4.00,7.00,9.00,0.0258,0
2023-05-13 17:31:37,1684013498,16.7,20.7,99600,1.00,4.00,6.00,8.00,0.0280,0
2023-05-13 17:39:44,1684013985,16.6,20.6,99600,1e-7,2.00,4.00,4.00,0.0166,0
2023-05-13 17:44:59,1684014299,16.5,21.0,99600,1e-7,2.00,4.00,4.00,0.0260,0
2023-05-13 17:48:04,1684014484,16.5,21.3,99600,1.00,2.00,3.00,4.00,0.0181,0
2023-05-13 17:59:58,1684015199,17.4,20.4,99600,1.00,2.00,3.00,4.00,0.0130,0
2023-05-13 18:04:54,1684015494,17.6,20.1,99600,1.00,2.00,4.00,4.00,0.00995,0
2023-05-13 18:09:49,1684015789,17.4,19.8,99688,1.00,3.00,4.00,5.00,0.0102,0
2023-05-13 18:14:44,1684016085,17.2,20.3,99700,1.00,2.00,4.00,4.00,0.0102,0
2023-05-13 18:19:58,1684016399,17.2,20.5,99700,1e-7,2.00,4.00,5.00,0.0101,0
2023-05-13 18:24:54,1684016694,17.4,20.4,99700,1e-7,2.00,4.00,4.00,0.0103,0
2023-05-13 18:29:49,1684016990,17.2,20.0,99700,1.00,3.00,6.00,7.00,0.0112,0
2023-05-13 18:34:45,1684017285,16.7,20.3,99700,1.00,2.00,4.00,4.00,0.0126,0
2023-05-13 18:38:44,1684017525,16.4,21.1,99700,1.00,2.00,4.00,4.00,0.0105,0
2023-05-13 18:44:48,1684017889,16.8,20.5,99700,1e-7,2.00,3.00,4.00,0.00995,0
2023-05-13 18:49:44,1684018185,16.6,20.5,99700,2.00,3.00,3.00,4.00,0.00995,0
2023-05-13 18:54:59,1684018499,16.2,20.6,99700,1.00,3.00,5.00,6.00,0.0112,0
2023-05-13 18:59:56,1684018796,15.7,21.4,99700,1.00,3.00,5.00,6.00,0.0112,0
2023-05-13 19:04:52,1684019093,15.8,21.6,99719,1.00,3.00,5.00,6.00,0.0112,0
2023-05-13 19:09:48,1684019389,16.1,21.4,99713,1.00,5.00,8.00,9.00,0.0125,0
2023-05-13 19:14:44,1684019685,16.4,21.2,99794,1.00,2.00,4.00,4.00,0.0149,0
2023-05-13 19:19:59,1684019999,16.3,21.1,99800,1.00,2.00,3.00,4.00,0.0125,0
2023-05-13 19:24:55,1684020296,15.9,21.7,99800,1.00,3.00,5.00,6.00,0.0124,0
2023-05-13 19:29:52,1684020593,15.4,22.0,99800,1.00,4.00,7.00,9.00,0.0110,0
2023-05-13 19:34:49,1684020890,15.1,22.6,99800,1e-7,2.00,4.00,5.00,0.0126,0
2023-05-13 19:39:46,1684021187,15.1,22.7,99800,1.00,2.00,4.00,4.00,0.0173,0
2023-05-13 19:44:44,1684021484,14.8,23.0,99800,1.00,3.00,6.00,7.00,0.0159,0
2023-05-13 19:49:41,1684021782,14.5,23.4,99800,1.00,2.00,3.00,4.00,0.0137,0
2023-05-13 19:54:57,1684022098,14.2,23.5,99853,1.00,2.00,4.00,4.00,0.0112,0
2023-05-13 19:59:55,1684022396,14.0,24.1,99900,1.00,3.00,5.00,6.00,0.0111,0
2023-05-13 20:04:53,1684022694,13.9,24.4,99900,2.00,6.00,10.0,12.0,0.0143,0
2023-05-13 20:09:52,1684022992,13.8,24.7,99900,1.00,6.00,9.00,11.0,0.0187,0
2023-05-13 20:14:50,1684023290,13.7,24.6,99875,2.00,8.00,13.0,15.0,0.0110,0
2023-05-13 20:19:48,1684023589,13.5,24.9,99831,2.00,2.00,3.00,4.00,0.0112,0
2023-05-13 20:24:46,1684023887,13.3,25.2,99881,1.00,3.00,5.00,6.00,0.0188,0
2023-05-13 20:29:45,1684024185,13.2,25.8,99900,1.00,3.00,4.00,4.00,0.0193,0
2023-05-13 20:34:43,1684024483,13.1,25.7,99900,2.00,3.00,5.00,6.00,0.0124,0
2023-05-13 20:39:41,1684024781,13.1,26.1,99900,2.00,5.00,8.00,10.0,0.0114,0
2023-05-13 20:44:58,1684025099,13.0,26.3,99900,1.00,4.00,7.00,8.00,0.0530,0
2023-05-13 20:49:57,1684025397,13.0,26.3,99900,1.00,2.00,4.00,4.00,0.0530,0
2023-05-13 20:54:55,1684025696,13.0,26.5,99900,1.00,4.00,6.00,8.00,0.0350,0
2023-05-13 20:59:54,1684025994,12.9,26.6,99900,1.00,2.00,3.00,4.00,0.0157,0
2023-05-13 21:04:53,1684026293,12.9,26.7,99900,1.00,4.00,7.00,9.00,0.0157,0
2023-05-13 21:09:51,1684026592,12.8,27.0,99900,2.00,5.00,8.00,9.00,0.0152,0
2023-05-13 21:14:50,1684026890,12.7,27.2,99900,2.00,4.00,7.00,8.00,0.0152,0
2023-05-13 21:19:49,1684027189,12.7,27.3,99900,1.00,2.00,4.00,4.00,0.0175,0
2023-05-13 21:24:47,1684027488,12.6,27.6,99900,2.00,5.00,8.00,10.0,0.0201,0
2023-05-13 21:29:46,1684027786,12.6,27.7,99900,1.00,5.00,8.00,9.00,0.0366,0
2023-05-13 21:34:45,1684028085,12.6,27.6,99900,1.00,2.00,3.00,4.00,0.0261,0
2023-05-13 21:39:43,1684028384,12.6,27.6,99900,1.00,5.00,8.00,10.0,0.0182,0
2023-05-13 21:44:42,1684028682,12.6,27.9,99900,1.00,3.00,5.00,6.00,0.0145,0
2023-05-13 21:49:59,1684029000,12.6,27.9,99900,1.00,4.00,7.00,8.00,0.0125,0
2023-05-13 21:54:58,1684029299,12.6,27.8,99900,1.00,2.00,3.00,3.00,0.0244,0
2023-05-13 21:59:57,1684029597,12.6,27.9,99900,1.00,3.00,4.00,5.00,0.0244,0
2023-05-13 22:04:55,1684029896,12.6,28.2,99900,1.00,2.00,3.00,4.00,0.0110,0
2023-05-13 22:09:54,1684030195,12.5,28.0,99925,1.00,4.00,7.00,8.00,0.0105,0
2023-05-13 22:14:53,1684030493,12.5,28.0,99969,1.00,3.00,5.00,6.00,0.0149,0
2023-05-13 22:19:51,1684030792,12.4,28.2,99944,1e-7,1.00,3.00,3.00,0.0145,0
2023-05-13 22:24:50,1684031091,12.4,28.3,99900,1.00,2.00,3.00,4.00,0.0121,0
2023-05-13 22:29:49,1684031390,12.4,28.3,99900,1.00,2.00,3.00,4.00,0.0113,0
2023-05-13 22:34:49,1684031689,12.4,28.6,99900,1e-7,2.00,4.00,5.00,0.0101,0
2023-05-13 22:39:48,1684031988,12.3,28.6,99900,1.00,2.00,4.00,4.00,0.0102,0
2023-05-13 22:44:46,1684032287,12.3,28.6,99900,1.00,3.00,5.00,6.00,0.0102,0
2023-05-13 22:49:45,1684032586,12.3,28.4,99900,1e-7,2.00,3.00,4.00,0.0108,0
2023-05-13 22:54:44,1684032885,12.3,28.6,99900,1.00,4.00,7.00,8.00,0.0118,0
2023-05-13 22:59:43,1684033184,12.3,28.7,99900,1.00,2.00,3.00,4.00,0.0163,0
2023-05-13 23:04:42,1684033483,12.2,28.4,99900,1.00,2.00,3.00,4.00,0.0162,0
2023-05-13 23:09:41,1684033782,12.3,28.7,99900,1.00,2.00,4.00,4.00,0.0123,0
2023-05-13 23:14:59,1684034099,12.2,28.6,99900,1e-7,2.00,4.00,4.00,0.00995,0
2023-05-13 23:19:58,1684034398,12.3,29.0,99900,1.00,4.00,6.00,7.00,0.00995,0
2023-05-13 23:24:57,1684034697,12.2,29.0,99900,1e-7,2.00,3.00,4.00,0.0108,0
2023-05-13 23:29:56,1684034996,12.2,29.2,99900,1e-7,2.00,3.00,4.00,0.0155,0
2023-05-13 23:34:55,1684035295,12.2,29.1,99900,1.00,2.00,4.00,5.00,0.0102,0
2023-05-13 23:39:54,1684035595,12.2,29.4,99900,1e-7,2.00,4.00,4.00,0.0102,0
2023-05-13 23:44:53,1684035894,12.1,29.4,99900,1.00,2.00,4.00,4.00,0.0101,0
2023-05-13 23:49:52,1684036193,12.1,29.3,99900,1.00,4.00,6.00,8.00,0.0106,0
2023-05-13 23:54:51,1684036492,12.1,29.3,99900,1.00,4.00,7.00,9.00,0.0106,0
2023-05-13 23:59:50,1684036791,12.1,29.3,99900,1e-7,2.00,3.00,4.00,0.0115,0
2023-05-14 00:04:49,1684037090,12.1,29.6,99900,1.00,3.00,5.00,6.00,0.0115,0
2023-05-14 00:09:48,1684037389,12.1,29.5,99944,1e-7,2.00,3.00,4.00,0.0110,0
2023-05-14 00:14:47,1684037688,12.1,29.7,99913,1e-7,2.00,3.00,4.00,0.0111,0
2023-05-14 00:19:47,1684037987,12.0,29.7,99938,1.00,3.00,4.00,5.00,0.0107,0
2023-05-14 00:24:46,1684038286,12.0,29.8,99969,1e-7,2.00,3.00,4.00,0.0104,0
2023-05-14 00:29:45,1684038585,12.0,30.0,99956,1.00,2.00,3.00,4.00,0.0104,0
2023-05-14 00:34:43,1684038884,12.0,30.0,99981,1.00,3.00,5.00,6.00,0.00995,0
2023-05-14 00:39:42,1684039183,11.9,30.0,99925,1.00,2.00,4.00,4.00,0.0108,0
2023-05-14 00:44:42,1684039482,11.9,30.2,99900,1.00,2.00,3.00,4.00,0.0108,0
2023-05-14 00:49:59,1684039800,11.9,30.3,99900,1.00,3.00,5.00,6.00,0.0108,0
2023-05-14 00:54:59,1684040099,11.9,30.6,99925,2.00,2.00,3.00,3.00,0.0108,0
2023-05-14 00:59:58,1684040398,11.8,30.6,99900,1.00,4.00,6.00,7.00,0.0130,0
2023-05-14 01:04:57,1684040698,11.8,30.8,99963,1e-7,2.00,3.00,4.00,0.0157,0
2023-05-14 01:09:56,1684040997,11.8,30.7,99994,1.00,3.00,6.00,7.00,0.0177,0
2023-05-14 01:14:56,1684041296,11.8,30.7,99981,1.00,2.00,3.00,4.00,0.0111,0
2023-05-14 01:19:55,1684041595,11.8,30.9,99900,1.00,2.00,4.00,4.00,0.0124,0
2023-05-14 01:24:54,1684041894,11.7,31.1,99913,1.00,2.00,4.00,5.00,0.0103,0
2023-05-14 01:29:53,1684042194,11.7,31.2,99900,1.00,2.00,3.00,4.00,0.0103,0
2023-05-14 01:34:52,1684042493,11.7,31.4,99963,1.00,5.00,8.00,10.0,0.0156,0
2023-05-14 01:39:51,1684042792,11.7,31.6,99900,1.00,2.00,4.00,4.00,0.0165,0
2023-05-14 01:44:51,1684043091,11.6,31.6,99925,1.00,4.00,6.00,8.00,0.0208,0
2023-05-14 01:49:50,1684043390,11.6,31.7,99969,1.00,3.00,5.00,6.00,0.0116,0
2023-05-14 01:54:49,1684043690,11.6,32.0,99900,1.00,2.00,4.00,4.00,0.0162,0
2023-05-14 01:59:48,1684043989,11.6,31.9,99900,1.00,4.00,7.00,8.00,0.0246,0
2023-05-14 02:04:47,1684044288,11.6,31.9,99900,1.00,3.00,5.00,6.00,0.0262,0
2023-05-14 02:09:47,1684044587,11.6,31.8,99900,1.00,4.00,7.00,8.00,0.0136,0
2023-05-14 02:14:46,1684044887,11.5,31.7,99900,1.00,4.00,7.00,8.00,0.0115,0
2023-05-14 02:19:45,1684045186,11.5,32.1,99900,1.00,5.00,7.00,9.00,0.0110,0
2023-05-14 02:24:45,1684045485,11.5,32.2,99900,1.00,4.00,7.00,8.00,0.0112,0
2023-05-14 02:29:44,1684045785,11.5,32.3,99900,1.00,2.00,4.00,5.00,0.0128,0
2023-05-14 02:34:43,1684046084,11.5,32.2,99900,2.00,2.00,4.00,4.00,0.0149,0
2023-05-14 02:39:43,1684046383,11.5,32.5,99900,2.00,5.00,8.00,9.00,0.0188,0
2023-05-14 02:44:42,1684046683,11.4,32.7,99900,2.00,5.00,8.00,10.0,0.0140,0
2023-05-14 02:49:42,1684046982,11.3,32.5,99900,2.00,2.00,3.00,4.00,0.0110,0
2023-05-14 02:54:41,1684047282,11.2,32.7,99900,1.00,5.00,8.00,9.00,0.0110,0
2023-05-14 02:59:59,1684047600,11.1,33.1,99900,3.00,3.00,3.00,4.00,0.0123,0
2023-05-14 03:04:59,1684047900,11.0,33.2,99900,2.00,4.00,5.00,6.00,0.0135,0
2023-05-14 03:09:59,1684048199,11.0,33.5,99900,2.00,4.00,6.00,6.00,0.0181,0
2023-05-14 03:14:59,1684048499,10.9,33.7,99900,2.00,4.00,7.00,8.00,0.0135,0
2023-05-14 03:19:58,1684048799,11.0,33.8,99900,2.00,3.00,5.00,6.00,0.0143,0
2023-05-14 03:24:58,1684049098,11.0,33.6,99900,1.00,4.00,6.00,7.00,0.0164,0
2023-05-14 03:29:58,1684049398,10.9,33.8,99900,1.00,5.00,7.00,8.00,0.0154,0
2023-05-14 03:34:57,1684049698,10.9,34.0,99900,3.00,7.00,11.0,13.0,0.0180,0
2023-05-14 03:39:57,1684049998,10.9,34.1,99900,1.00,3.00,4.00,5.00,0.0232,0
2023-05-14 03:44:57,1684050297,10.8,33.9,99900,1.00,3.00,5.00,6.00,0.0238,0
2023-05-14 03:49:57,1684050597,10.8,34.1,99900,1.00,2.00,4.00,4.00,0.0166,0
2023-05-14 03:54:56,1684050897,10.7,34.5,99900,1.00,5.00,8.00,10.0,0.0108,0
2023-05-14 03:59:56,1684051197,10.7,34.9,99900,1.00,2.00,4.00,4.00,0.0144,0
2023-05-14 04:04:56,1684051496,10.7,35.4,99900,1.00,3.00,4.00,5.00,0.0178,0
2023-05-14 04:09:56,1684051796,10.7,35.1,99900,2.00,6.00,9.00,10.0,0.0109,0
2023-05-14 04:14:55,1684052096,10.8,34.9,99900,1.00,4.00,6.00,7.00,0.0210,0
2023-05-14 04:19:55,1684052395,10.8,35.2,99900,1.00,2.00,4.00,5.00,0.0124,0
2023-05-14 04:24:55,1684052695,10.9,35.2,99900,1.00,4.00,6.00,8.00,0.0103,0
2023-05-14 04:29:54,1684052995,10.8,36.3,99900,2.00,6.00,9.00,11.0,0.0109,0
2023-05-14 04:34:53,1684053294,10.8,36.5,99900,1.00,2.00,4.00,4.00,0.0135,0
2023-05-14 04:39:53,1684053594,10.7,36.5,99900,2.00,4.00,7.00,9.00,0.0152,0
2023-05-14 04:44:53,1684053893,10.6,36.4,99900,1.00,4.00,6.00,8.00,0.0111,0
2023-05-14 04:49:53,1684054193,10.7,36.3,99900,2.00,4.00,7.00,9.00,0.0119,0
2023-05-14 04:54:52,1684054493,10.6,36.1,99875,1.00,2.00,3.00,4.00,0.0193,0
2023-05-14 04:59:52,1684054793,10.5,36.2,99900,1.00,6.00,10.0,12.0,0.0207,0
2023-05-14 05:04:52,1684055093,10.4,36.3,99900,1.00,2.00,3.00,4.00,0.0186,0
2023-05-14 05:09:52,1684055392,10.4,36.3,99900,1.00,2.00,2.00,3.00,0.0179,0
2023-05-14 05:14:52,1684055692,10.4,36.4,99900,1.00,4.00,6.00,7.00,0.0122,0
2023-05-14 05:19:52,1684055992,10.4,36.1,99900,1.00,4.00,7.00,9.00,0.0145,0
2023-05-14 05:24:52,1684056292,10.4,36.1,99900,1e-7,2.00,4.00,4.00,0.0148,0
2023-05-14 05:29:51,1684056592,10.4,36.1,99900,2.00,4.00,7.00,8.00,0.0161,0
2023-05-14 05:34:51,1684056892,10.4,36.0,99900,1.00,4.00,7.00,8.00,0.0338,0
2023-05-14 05:39:51,1684057191,10.3,35.8,99900,1.00,4.00,7.00,9.00,0.0258,0
2023-05-14 05:44:51,1684057491,10.3,35.8,99900,1.00,3.00,5.00,6.00,0.0124,0
2023-05-14 05:49:51,1684057791,10.3,35.8,99900,1.00,3.00,5.00,6.00,0.0168,0
2023-05-14 05:50:09,1684057810,10.3,35.8,99900,1e-7,1.00,2.00,3.00,0.0119,0
2023-05-14 09:04:58,1684069498,13.8,26.5,99960,1.00,3.00,5.00,5.00,,
2023-05-14 09:05:17,1684069517,13.8,26.7,99900,1e-7,1.00,1.00,1.00,,
2023-05-14 12:34:52,1684082092,20.3,13.4,99900,1.00,3.00,4.00,4.00,,
2023-05-14 12:39:27,1684082368,20.3,12.9,99900,2.00,2.00,3.00,3.00,,
2023-05-14 12:54:44,1684083284,21.1,13.6,99886,2.00,2.00,3.00,4.00,0.00998,2.38
2023-05-14 12:55:57,1684083358,21.3,13.2,99800,2.00,4.00,6.00,6.00,0.0106,2.38
2023-05-14 13:09:52,1684084192,21.5,12.9,99800,1.00,4.00,7.00,8.00,0.0179,3.81
2023-05-14 13:12:19,1684084339,21.5,13.2,99800,2.00,4.00,6.00,6.00,0.0156,3.81
2023-05-14 13:24:43,1684085084,21.9,12.1,99800,1.00,5.00,8.00,9.00,0.0109,3.81
2023-05-14 13:28:42,1684085322,21.9,12.5,99800,2.00,7.00,11.0,13.0,0.0207,0
2023-05-14 13:39:49,1684085989,21.9,12.4,99800,1e-7,1.00,1.00,2.00,0.0207,0
2023-05-14 13:44:42,1684086282,22.0,11.9,99813,1.00,5.00,8.00,9.00,0.0222,0
2023-05-14 13:45:18,1684086319,22.0,11.6,99800,1.00,2.00,3.00,4.00,0.0139,0
2023-05-14 13:59:49,1684087190,22.0,11.9,99800,1.00,3.00,4.00,5.00,0.0152,0
2023-05-14 14:01:39,1684087299,22.1,12.0,99800,2.00,2.00,3.00,3.00,0.0162,0
2023-05-14 14:14:50,1684088090,22.4,11.9,99800,2.00,3.00,5.00,6.00,0.0162,0
2023-05-14 14:17:53,1684088273,22.4,11.7,99800,2.00,3.00,5.00,6.00,0.0103,0
2023-05-14 14:29:56,1684088997,22.7,11.7,99800,3.00,5.00,7.00,8.00,0.0140,0
2023-05-14 14:34:30,1684089271,22.9,11.8,99800,1.00,3.00,5.00,6.00,0.0162,0
2023-05-14 14:44:43,1684089884,23.1,10.9,99800,1e-7,1.00,2.00,2.00,0.0140,0
2023-05-14 14:49:54,1684090194,23.1,10.7,99800,2.00,6.00,9.00,10.0,0.0140,0
2023-05-14 14:50:48,1684090249,23.1,10.7,99800,1e-7,2.00,3.00,4.00,0.00877,0
2023-05-14 14:59:42,1684090783,23.1,10.9,99800,2.00,3.00,3.00,4.00,0.00725,0
2023-05-14 15:04:53,1684091093,23.2,10.9,99800,2.00,5.00,8.00,10.0,0.0136,0
2023-05-14 15:07:19,1684091239,23.2,10.5,99800,2.00,7.00,11.0,12.0,0.0224,0
2023-05-14 15:19:56,1684091996,23.2,10.9,99800,2.00,3.00,4.00,5.00,0.0227,0
2023-05-14 15:23:35,1684092215,23.2,10.8,99800,2.00,4.00,6.00,8.00,0.0166,0
2023-05-14 15:34:42,1684092882,23.1,10.5,99800,1.00,3.00,5.00,6.00,0.0139,0
2023-05-14 15:39:52,1684093193,23.1,10.6,99800,2.00,4.00,6.00,8.00,0.0132,0
2023-05-14 15:40:10,1684093211,23.1,11.0,99800,1e-7,1e-7,1e-7,1e-7,0.00834,0
2023-05-14 15:49:47,1684093788,23.4,10.9,99800,1e-7,1.00,2.00,3.00,0.00834,0
2023-05-14 15:54:56,1684094097,23.4,10.7,99800,1.00,5.00,8.00,9.00,0.0112,0
2023-05-14 15:56:27,1684094188,23.4,10.9,99800,1.00,2.00,3.00,3.00,0.0112,0
2023-05-14 16:09:52,1684094993,23.4,11.2,99800,1.00,2.00,4.00,4.00,0.0113,0
2023-05-14 16:12:55,1684095175,23.6,11.4,99800,1.00,2.00,4.00,5.00,0.0174,0
2023-05-14 16:24:56,1684095897,24.1,10.6,99800,1.00,2.00,3.00,4.00,0.0161,0
2023-05-14 16:29:11,1684096151,24.2,10.5,99800,2.00,3.00,4.00,4.00,0.0127,0
2023-05-14 16:39:57,1684096798,24.4,10.7,99800,1.00,3.00,5.00,6.00,0.0109,0
2023-05-14 16:44:48,1684097089,24.5,10.3,99800,2.00,4.00,6.00,7.00,0.0115,0
2023-05-14 16:45:43,1684097143,24.4,10.5,99800,1.00,1.00,2.00,2.00,0.00935,0
2023-05-14 16:59:50,1684097990,24.6,10.5,99800,3.00,5.00,8.00,9.00,0.0143,0
2023-05-14 17:01:57,1684098118,24.6,9.85,99800,2.00,3.00,5.00,5.00,0.0205,0
2023-05-14 17:14:44,1684098884,24.7,10.1,99800,3.00,4.00,7.00,8.00,0.0322,0
2023-05-14 17:18:22,1684099102,24.7,10.1,99800,1.00,2.00,4.00,4.00,0.0247,0
2023-05-14 17:29:54,1684099795,25.0,9.88,99800,1.00,2.00,4.00,4.00,0.0247,0
2023-05-14 17:34:27,1684100067,25.0,10.1,99800,3.00,4.00,5.00,6.00,0.0166,0
2023-05-14 17:44:49,1684100690,25.3,9.96,99800,2.00,4.00,6.00,6.00,0.0100,0
2023-05-14 17:49:58,1684100999,25.2,9.78,99800,3.00,4.00,6.00,8.00,0.0162,0
2023-05-14 17:50:53,1684101053,25.2,9.84,99800,1.00,2.00,3.00,4.00,0.0162,0
2023-05-14 18:04:56,1684101897,25.1,10.0,99800,4.00,5.00,7.00,7.00,0.0150,0
2023-05-14 18:07:22,1684102042,25.1,10.3,99800,1.00,3.00,5.00,6.00,0.0114,0
2023-05-14 18:19:55,1684102796,24.9,10.6,99800,1.00,3.00,5.00,6.00,0.0130,0
2023-05-14 18:23:34,1684103014,24.9,10.7,99800,4.00,11.0,17.0,19.0,0.0218,0
2023-05-14 18:34:55,1684103696,25.1,10.3,99800,1.00,3.00,5.00,6.00,0.0241,0
2023-05-14 18:39:46,1684103987,25.0,10.1,99800,2.00,4.00,5.00,6.00,0.0334,0
2023-05-14 18:40:04,1684104005,25.0,10.3,99800,1e-7,2.00,3.00,4.00,0.0241,0
2023-05-14 18:49:57,1684104597,25.2,10.9,99800,1e-7,1.00,1.00,1.00,0.0241,0
2023-05-14 18:54:48,1684104888,25.2,10.7,99800,2.00,3.00,3.00,4.00,0.0242,0
2023-05-14 18:56:19,1684104979,25.2,10.8,99800,2.00,3.00,5.00,5.00,0.00959,0
2023-05-14 19:09:50,1684105790,24.9,11.0,99800,3.00,5.00,7.00,8.00,0.0131,0
2023-05-14 19:14:59,1684106100,24.7,11.0,99800,2.00,3.00,5.00,6.00,0.0131,0
2023-05-14 19:19:51,1684106392,24.2,11.5,99800,2.00,3.00,5.00,6.00,0.0113,0
2023-05-14 19:24:43,1684106684,23.7,11.6,99800,2.00,3.00,5.00,6.00,0.0104,0
2023-05-14 19:29:54,1684106994,23.4,12.0,99800,2.00,3.00,4.00,4.00,0.0124,0
2023-05-14 19:34:46,1684107287,23.2,12.3,99813,2.00,5.00,8.00,9.00,0.0162,0
2023-05-14 19:39:57,1684107598,23.0,12.3,99900,2.00,3.00,5.00,6.00,0.0189,0
2023-05-14 19:44:50,1684107891,22.4,12.6,99900,1.00,2.00,3.00,4.00,0.0114,0
2023-05-14 19:49:44,1684108184,21.5,13.2,99900,2.00,4.00,6.00,7.00,0.0136,0
2023-05-14 19:54:56,1684108497,20.8,13.8,99900,3.00,7.00,9.00,11.0,0.0213,0
2023-05-14 19:59:50,1684108791,20.1,14.3,99900,3.00,5.00,6.00,7.00,0.0202,0
2023-05-14 20:04:45,1684109086,19.6,14.7,99900,2.00,3.00,5.00,6.00,0.0201,0
2023-05-14 20:09:59,1684109399,19.2,15.1,99900,2.00,4.00,6.00,7.00,0.0105,0
2023-05-14 20:14:54,1684109695,18.6,16.2,99900,2.00,4.00,6.00,7.00,0.0127,0
2023-05-14 20:19:50,1684109991,18.1,17.0,99900,2.00,4.00,5.00,6.00,0.0111,0
2023-05-14 20:24:46,1684110287,17.5,17.6,99900,2.00,3.00,5.00,6.00,0.0123,0
2023-05-14 20:29:42,1684110583,16.9,18.3,99900,2.00,3.00,5.00,6.00,0.0120,0
2023-05-14 20:34:57,1684110898,16.4,19.4,99900,3.00,6.00,8.00,9.00,0.0101,0
2023-05-14 20:39:54,1684111195,15.8,20.3,99900,1.00,4.00,6.00,7.00,0.0152,0
2023-05-14 20:44:51,1684111492,15.4,20.6,99900,3.00,10.0,16.0,19.0,0.0230,0
2023-05-14 20:49:48,1684111789,14.9,21.4,99900,2.00,3.00,5.00,6.00,0.0293,0
2023-05-14 20:54:46,1684112086,14.5,21.8,99900,1.00,4.00,7.00,8.00,0.0169,0
2023-05-14 20:59:43,1684112384,14.1,22.2,99900,1.00,3.00,4.00,5.00,0.0168,0
2023-05-14 21:04:41,1684112682,13.7,23.1,99900,2.00,3.00,4.00,5.00,0.0218,0
2023-05-14 21:09:57,1684112998,13.3,23.7,99900,2.00,4.00,7.00,8.00,0.0132,0
2023-05-14 21:14:56,1684113296,13.0,24.4,99900,2.00,3.00,5.00,6.00,0.0131,0
2023-05-14 21:19:54,1684113595,12.7,24.6,99900,2.00,6.00,9.00,11.0,0.0252,0
2023-05-14 21:24:53,1684113894,12.3,24.8,99900,2.00,3.00,5.00,6.00,0.0258,0
2023-05-14 21:29:52,1684114192,12.1,25.8,99900,2.00,4.00,7.00,9.00,0.0235,0
2023-05-14 21:34:51,1684114491,11.8,26.0,99931,2.00,7.00,11.0,13.0,0.0154,0
2023-05-14 21:39:50,1684114790,11.5,26.3,99900,1.00,5.00,8.00,9.00,0.0179,0
2023-05-14 21:44:49,1684115090,11.3,27.3,99900,3.00,7.00,10.0,12.0,0.0170,0
2023-05-14 21:49:48,1684115389,11.1,27.7,99900,1.00,2.00,4.00,4.00,0.0153,0
2023-05-14 21:54:48,1684115688,10.9,28.0,99900,2.00,5.00,7.00,9.00,0.0374,0
2023-05-14 21:59:48,1684115988,10.8,28.1,99900,1.00,6.00,10.0,12.0,0.0142,0
2023-05-14 22:04:47,1684116288,10.6,28.4,99900,2.00,7.00,11.0,13.0,0.0174,0
2023-05-14 22:09:47,1684116587,10.5,28.8,99900,3.00,5.00,6.00,7.00,0.0254,0
2023-05-14 22:14:47,1684116887,10.3,29.1,99900,1.00,4.00,6.00,7.00,0.0247,0
2023-05-14 22:19:47,1684117187,10.2,29.9,99900,2.00,3.00,6.00,7.00,0.0114,0
2023-05-14 22:24:47,1684117487,10.0,30.0,99900,1.00,2.00,4.00,4.00,0.0116,0
2023-05-14 22:29:47,1684117787,9.91,30.5,99900,2.00,5.00,8.00,10.0,0.0129,0
2023-05-14 22:34:47,1684118088,9.78,30.8,99900,2.00,5.00,7.00,9.00,0.0197,0
2023-05-14 22:39:47,1684118388,9.66,31.0,99900,2.00,3.00,4.00,4.00,0.0170,0
2023-05-14 22:44:48,1684118688,9.55,31.2,99900,1.00,5.00,8.00,9.00,0.0160,0
2023-05-14 22:49:48,1684118988,9.42,31.5,99900,2.00,4.00,5.00,6.00,0.0131,0
2023-05-14 22:54:49,1684119289,9.26,31.8,99900,2.00,8.00,12.0,14.0,0.0133,0
2023-05-14 22:59:49,1684119590,9.13,32.3,99900,2.00,3.00,5.00,5.00,0.0186,0
2023-05-14 23:04:50,1684119890,9.00,32.5,99900,2.00,5.00,7.00,9.00,0.0251,0
2023-05-14 23:09:50,1684120191,8.86,32.8,99900,2.00,4.00,7.00,9.00,0.0186,0
2023-05-14 23:14:51,1684120492,8.73,32.9,99900,2.00,5.00,7.00,9.00,0.0252,0
2023-05-14 23:19:52,1684120793,8.61,33.2,99900,2.00,6.00,10.0,11.0,0.0252,0
2023-05-14 23:24:53,1684121094,8.50,33.4,99900,2.00,2.00,3.00,4.00,0.0369,0
2023-05-14 23:29:54,1684121395,8.38,33.8,99900,3.00,7.00,11.0,13.0,0.0452,0
2023-05-14 23:34:55,1684121696,8.26,34.5,99900,1.00,5.00,8.00,10.0,0.0281,0
2023-05-14 23:39:56,1684121997,8.17,35.0,99900,1.00,4.00,7.00,8.00,0.0170,0
2023-05-14 23:44:58,1684122299,8.12,35.5,99900,2.00,3.00,5.00,6.00,0.0170,0
2023-05-14 23:49:59,1684122600,8.10,35.7,99900,2.00,5.00,8.00,10.0,0.0227,0
2023-05-14 23:54:42,1684122882,8.10,36.5,99900,1.00,5.00,8.00,9.00,0.0196,0
2023-05-14 23:59:43,1684123183,8.14,36.9,99900,2.00,2.00,4.00,4.00,0.0341,0
2023-05-15 00:04:44,1684123484,8.22,37.2,99900,3.00,9.00,14.0,16.0,0.0342,0
2023-05-15 00:09:45,1684123786,8.35,37.2,99900,1.00,2.00,3.00,4.00,0.0442,0
2023-05-15 00:14:46,1684124087,8.46,37.1,99900,1.00,2.00,4.00,4.00,0.0399,0
2023-05-15 00:19:47,1684124388,8.54,36.9,99900,2.00,4.00,7.00,8.00,0.0143,0
2023-05-15 00:24:49,1684124689,8.60,36.5,99900,2.00,7.00,11.0,13.0,0.0136,0
2023-05-15 00:29:49,1684124990,8.67,36.6,99813,1.00,3.00,6.00,7.00,0.0132,0
2023-05-15 00:34:50,1684125291,8.71,37.1,99800,2.00,3.00,5.00,6.00,0.0186,0
2023-05-15 00:39:53,1684125593,8.75,37.2,99800,2.00,4.00,5.00,6.00,0.0142,0
2023-05-15 00:44:53,1684125894,8.83,37.2,99800,2.00,3.00,4.00,5.00,0.0124,0
2023-05-15 00:49:54,1684126195,8.89,37.7,99800,2.00,3.00,4.00,5.00,0.0133,0
2023-05-15 00:54:55,1684126495,8.94,37.9,99800,2.00,5.00,9.00,10.0,0.0157,0
2023-05-15 00:59:56,1684126796,8.96,37.4,99800,3.00,7.00,11.0,13.0,0.0226,0
2023-05-15 01:04:58,1684127099,8.90,37.5,99800,3.00,8.00,13.0,15.0,0.0166,0
2023-05-15 01:09:59,1684127400,8.84,37.7,99800,2.00,5.00,7.00,8.00,0.0197,0
2023-05-15 01:14:41,1684127682,8.76,37.5,99800,2.00,5.00,8.00,10.0,0.0223,0
2023-05-15 01:19:43,1684127983,8.66,37.2,99800,1.00,6.00,9.00,11.0,0.0253,0
2023-05-15 01:24:44,1684128285,8.59,37.7,99800,2.00,5.00,6.00,7.00,0.0255,0
2023-05-15 01:29:47,1684128587,8.52,38.2,99800,2.00,3.00,5.00,6.00,0.0280,0
2023-05-15 01:34:49,1684128889,8.42,38.1,99800,1.00,4.00,7.00,8.00,0.0208,0
2023-05-15 01:39:50,1684129190,8.34,38.2,99800,1.00,5.00,8.00,9.00,0.0125,0
2023-05-15 01:44:51,1684129492,8.24,38.3,99800,3.00,3.00,5.00,5.00,0.0155,0
2023-05-15 01:49:52,1684129793,8.14,38.7,99738,2.00,4.00,6.00,8.00,0.0103,0
2023-05-15 01:54:54,1684130094,8.08,38.8,99700,1.00,2.00,3.00,4.00,0.0133,0
2023-05-15 01:59:55,1684130395,8.04,39.1,99700,3.00,5.00,8.00,9.00,0.0133,0
2023-05-15 02:04:56,1684130696,8.02,39.0,99700,1.00,2.00,3.00,3.00,0.0221,0
2023-05-15 02:09:57,1684130998,8.00,39.3,99700,2.00,3.00,5.00,6.00,0.0283,0
2023-05-15 02:14:58,1684131299,8.02,39.9,99700,4.00,11.0,16.0,19.0,0.0269,0
2023-05-15 02:19:41,1684131581,8.04,39.3,99700,3.00,6.00,9.00,11.0,0.0471,0
2023-05-15 02:24:42,1684131882,8.09,39.8,99700,2.00,5.00,8.00,10.0,0.0237,0
2023-05-15 02:29:43,1684132184,8.15,40.0,99700,2.00,3.00,4.00,5.00,0.0179,0
2023-05-15 02:34:44,1684132485,8.28,39.8,99700,2.00,4.00,5.00,6.00,0.0221,0
2023-05-15 02:39:45,1684132786,8.42,39.9,99700,1.00,3.00,4.00,5.00,0.0187,0
2023-05-15 02:44:47,1684133087,8.57,39.9,99700,2.00,5.00,8.00,9.00,0.0254,0
2023-05-15 02:49:48,1684133388,8.68,39.7,99700,1.00,3.00,5.00,6.00,0.0262,0
2023-05-15 02:54:49,1684133689,8.78,39.4,99700,2.00,4.00,5.00,6.00,0.0232,0
2023-05-15 02:59:49,1684133990,8.87,39.8,99700,3.00,7.00,9.00,10.0,0.0181,0
2023-05-15 03:04:51,1684134291,8.93,39.9,99700,2.00,5.00,7.00,9.00,0.0167,0
2023-05-15 03:09:51,1684134592,9.01,40.0,99700,1.00,4.00,6.00,7.00,0.0168,0
2023-05-15 03:14:52,1684134892,9.09,40.2,99700,2.00,6.00,9.00,11.0,0.0188,0
2023-05-15 03:19:52,1684135193,9.17,41.2,99700,2.00,3.00,5.00,5.00,0.0230,0
2023-05-15 03:24:53,1684135494,9.23,40.7,99700,2.00,5.00,7.00,8.00,0.0180,0
2023-05-15 03:29:54,1684135794,9.28,40.7,99700,1.00,3.00,5.00,6.00,0.0180,0
2023-05-15 03:34:54,1684136095,9.35,41.2,99700,1.00,5.00,8.00,9.00,0.0122,0
2023-05-15 03:39:55,1684136395,9.43,40.7,99700,1.00,3.00,4.00,5.00,0.0155,0
2023-05-15 03:44:56,1684136696,9.56,40.5,99700,2.00,4.00,5.00,6.00,0.0155,0
2023-05-15 03:49:56,1684136997,9.66,40.3,99700,1.00,3.00,5.00,7.00,0.0121,0
2023-05-15 03:54:56,1684137297,9.72,40.3,99700,3.00,7.00,11.0,13.0,0.0111,0
2023-05-15 03:59:57,1684137597,9.75,39.7,99700,2.00,2.00,3.00,4.00,0.0318,0
2023-05-15 04:04:57,1684137898,9.83,39.7,99700,3.00,5.00,7.00,8.00,0.0209,0
2023-05-15 04:09:58,1684138198,9.84,39.5,99700,2.00,3.00,5.00,6.00,0.0117,0
2023-05-15 04:14:58,1684138498,9.86,39.5,99663,3.00,4.00,7.00,8.00,0.0131,0
2023-05-15 04:19:58,1684138799,9.89,39.5,99600,2.00,6.00,10.0,11.0,0.0213,0
2023-05-15 04:24:58,1684139099,9.90,39.8,99600,2.00,3.00,5.00,6.00,0.0309,0
2023-05-15 04:29:59,1684139399,9.89,39.8,99600,2.00,6.00,9.00,10.0,0.0270,0
2023-05-15 04:34:59,1684139700,9.87,40.0,99600,2.00,4.00,6.00,6.00,0.0228,0
2023-05-15 04:39:59,1684140000,9.82,40.3,99600,3.00,3.00,5.00,6.00,0.0162,0
2023-05-15 04:44:41,1684140281,9.77,39.9,99600,3.00,5.00,6.00,6.00,0.0165,0
2023-05-15 04:49:41,1684140582,9.72,39.6,99600,3.00,3.00,5.00,6.00,0.0120,0
2023-05-15 04:54:42,1684140882,9.66,40.0,99600,3.00,6.00,9.00,10.0,0.0153,0
2023-05-15 04:59:42,1684141183,9.58,40.2,99600,3.00,4.00,6.00,7.00,0.0153,0
2023-05-15 05:04:43,1684141483,9.51,40.6,99600,3.00,5.00,8.00,9.00,0.0136,0
2023-05-15 05:09:43,1684141784,9.47,40.7,99600,2.00,4.00,7.00,8.00,0.0173,0
2023-05-15 05:14:44,1684142085,9.43,40.8,99600,2.00,4.00,6.00,7.00,0.0138,0
2023-05-15 05:19:45,1684142385,9.39,41.1,99600,2.00,5.00,8.00,10.0,0.0109,0
2023-05-15 05:24:45,1684142686,9.34,41.1,99600,2.00,6.00,9.00,10.0,0.0119,0
2023-05-15 05:29:46,1684142986,9.27,41.2,99600,3.00,8.00,13.0,16.0,0.0122,0
2023-05-15 05:34:46,1684143287,9.15,41.3,99600,3.00,7.00,11.0,13.0,0.0520,0
2023-05-15 05:39:47,1684143588,9.02,41.9,99600,3.00,7.00,10.0,12.0,0.0499,0
2023-05-15 05:44:48,1684143888,8.95,41.9,99600,4.00,7.00,8.00,9.00,0.0570,0
2023-05-15 05:47:18,1684144038,8.93,41.5,99600,2.00,6.00,9.00,11.0,0.00986,0
2023-05-15 06:59:49,1684148390,11.4,41.9,99500,2.00,4.00,6.00,7.00,,
2023-05-15 07:04:47,1684148688,11.7,42.1,99500,2.00,6.00,9.00,10.0,,
2023-05-15 07:09:46,1684148986,12.1,41.2,99500,3.00,5.00,8.00,10.0,0.00271,0
2023-05-15 07:14:44,1684149284,12.5,40.1,99500,4.00,7.00,11.0,13.0,0.0187,0
2023-05-15 07:19:42,1684149582,12.9,39.3,99500,3.00,7.00,10.0,11.0,0.0184,0
2023-05-15 07:24:58,1684149899,13.3,38.2,99500,3.00,5.00,8.00,9.00,0.0194,0
2023-05-15 07:29:55,1684150196,13.7,37.2,99500,3.00,6.00,9.00,10.0,0.0167,0
2023-05-15 07:34:53,1684150493,14.1,36.9,99469,2.00,4.00,7.00,8.00,0.0117,0
2023-05-15 07:37:58,1684150679,14.3,36.8,99420,2.00,3.00,5.00,6.00,0.0162,0
2023-05-15 07:54:47,1684151688,15.2,34.4,99400,1.00,2.00,3.00,4.00,,
2023-05-15 07:56:38,1684151799,15.2,34.3,99400,3.00,4.00,6.00,6.00,,
2023-05-15 08:11:17,1684152678,15.6,30.5,99400,2.00,2.00,2.00,3.00,,
2023-05-15 08:29:56,1684153796,16.3,29.8,99300,2.00,6.00,8.00,10.0,,
2023-05-15 08:34:52,1684154092,16.4,29.5,99300,2.00,3.00,5.00,6.00,,
2023-05-15 08:37:56,1684154277,16.4,29.6,99300,2.00,4.00,5.00,5.00,0.0125,0
2023-05-15 11:49:50,1684165791,22.5,21.3,98900,3.00,4.00,6.00,7.00,,
2023-05-15 11:52:53,1684165973,22.5,21.0,98900,3.00,3.00,4.00,4.00,,
2023-05-15 12:04:45,1684166686,22.1,21.8,98900,2.00,3.00,5.00,5.00,,
2023-05-15 12:09:20,1684166960,21.8,22.2,98900,2.00,2.00,3.00,3.00,0.0113,0
2023-05-15 12:19:41,1684167582,21.6,22.4,98900,3.00,5.00,8.00,9.00,0.0148,0
2023-05-15 12:24:53,1684167894,21.6,27.4,93082,2.00,4.00,7.00,8.00,0.0314,0
2023-05-15 12:29:59,1684168199,21.6,22.6,98900,4.00,11.0,17.0,20.0,0.00990,0
2023-05-15 12:34:52,1684168493,21.4,22.2,98900,3.00,7.00,9.00,10.0,0.0228,0
2023-05-15 12:39:46,1684168787,21.1,22.4,98900,3.00,4.00,5.00,6.00,0.0228,0
2023-05-15 12:41:18,1684168879,21.1,23.0,98900,1.00,3.00,5.00,5.00,0.0231,0
2023-05-15 12:54:53,1684169693,21.6,22.0,98800,1.00,1.00,2.00,2.00,0.0166,0
2023-05-15 12:58:50,1684169931,21.7,22.0,98800,3.00,5.00,8.00,9.00,0.0203,0
2023-05-15 13:04:51,1684170292,22.2,21.7,98800,4.00,6.00,8.00,9.00,0.0423,0
2023-05-15 13:09:44,1684170585,22.5,21.3,98800,3.00,3.00,4.00,5.00,0.0423,0
2023-05-15 13:14:01,1684170841,22.6,20.7,98800,3.00,8.00,12.0,14.0,0.0442,0
2023-05-15 13:24:58,1684171499,22.3,21.1,98800,1e-7,1.00,1.00,1.00,0.0188,0
2023-05-15 13:29:51,1684171792,22.2,21.4,98800,4.00,5.00,8.00,9.00,0.0257,0
2023-05-15 13:30:46,1684171847,22.1,21.5,98800,1.00,4.00,6.00,8.00,0.0220,0
2023-05-15 13:39:43,1684172384,21.6,22.2,98756,3.00,4.00,7.00,9.00,0.0220,0
2023-05-15 13:44:56,1684172696,21.4,22.0,98700,5.00,5.00,6.00,7.00,0.0131,0
2023-05-15 13:47:04,1684172825,21.3,22.1,98700,3.00,5.00,7.00,8.00,0.0159,0
2023-05-15 13:59:41,1684173582,22.3,22.4,98700,6.00,12.0,17.0,19.0,0.0972,0
2023-05-15 14:04:34,1684173874,22.8,21.6,98700,4.00,5.00,7.00,8.00,0.0727,0
2023-05-15 14:14:47,1684174487,22.8,21.0,98700,4.00,9.00,12.0,14.0,0.0914,0
2023-05-15 14:19:58,1684174799,22.5,21.2,98700,3.00,6.00,9.00,11.0,0.0536,0
2023-05-15 14:24:52,1684175092,22.2,21.4,98631,3.00,6.00,8.00,9.00,0.0530,0
2023-05-15 14:29:45,1684175386,21.9,21.8,98600,3.00,6.00,8.00,8.00,0.0204,0
2023-05-15 14:34:57,1684175698,21.8,21.7,98600,3.00,5.00,7.00,8.00,0.0138,0
2023-05-15 14:36:11,1684175771,21.8,22.0,98600,4.00,6.00,8.00,9.00,0.0137,0
2023-05-15 14:54:50,1684176890,22.3,21.3,98600,2.00,2.00,3.00,4.00,,
2023-05-15 14:59:43,1684177184,22.2,21.1,98594,4.00,7.00,9.00,10.0,,
2023-05-15 15:04:55,1684177495,22.0,21.2,98600,5.00,6.00,7.00,7.00,,
2023-05-15 15:09:12,1684177752,21.9,22.0,98600,4.00,4.00,5.00,6.00,0.0119,0
2023-05-15 15:24:56,1684178696,20.9,24.1,98600,3.00,4.00,5.00,6.00,0.0135,0
2023-05-15 15:27:04,1684178824,20.9,24.3,98600,3.00,5.00,6.00,6.00,0.0115,0
2023-05-15 15:34:56,1684179296,20.8,24.4,98600,5.00,7.00,9.00,10.0,0.0231,0
2023-05-15 15:39:50,1684179590,20.8,24.8,98600,4.00,6.00,8.00,9.00,0.0231,0
2023-05-15 15:42:17,1684179737,20.7,26.4,98600,5.00,10.0,14.0,16.0,0.0196,0
2023-05-15 15:54:48,1684180489,20.0,27.2,98600,3.00,4.00,6.00,7.00,0.0358,0
2023-05-15 15:59:42,1684180783,20.4,26.3,98600,4.00,7.00,10.0,11.0,0.113,0
2023-05-15 16:09:45,1684181386,21.4,24.6,98522,3.00,5.00,7.00,8.00,0.0732,0
2023-05-15 16:14:57,1684181698,21.8,24.2,98500,2.00,4.00,7.00,8.00,0.0260,0
2023-05-15 16:15:16,1684181716,22.0,23.6,98500,2.00,2.00,2.00,2.00,0.0249,0
2023-05-15 16:24:47,1684182288,22.3,22.5,98500,3.00,3.00,4.00,5.00,0.0247,0
2023-05-15 16:29:59,1684182600,22.4,22.2,98500,3.00,8.00,11.0,13.0,0.0207,0
2023-05-15 16:32:44,1684182764,22.5,22.3,98500,3.00,6.00,8.00,9.00,0.0292,0
2023-05-15 16:44:55,1684183496,22.6,21.8,98500,2.00,3.00,5.00,5.00,0.0329,0
2023-05-15 16:49:11,1684183752,22.6,21.7,98500,4.00,6.00,9.00,11.0,0.0310,0
2023-05-15 16:59:42,1684184383,22.5,22.1,98443,4.00,9.00,13.0,15.0,0.0217,0
2023-05-15 17:04:54,1684184694,22.4,22.2,98400,3.00,3.00,5.00,6.00,0.0170,0
2023-05-15 17:05:48,1684184749,22.3,22.4,98467,2.00,2.00,2.00,2.00,0.0143,0
2023-05-15 17:14:46,1684185286,22.3,22.5,98442,2.00,4.00,5.00,6.00,0.0210,0
2023-05-15 17:19:57,1684185598,22.3,22.9,98400,3.00,4.00,6.00,6.00,0.0108,0
2023-05-15 17:24:51,1684185891,22.2,22.5,98400,3.00,6.00,9.00,11.0,0.0165,0
2023-05-15 17:29:44,1684186185,22.1,22.9,98469,4.00,7.00,9.00,10.0,0.0281,0
2023-05-15 17:34:56,1684186497,21.8,24.1,98476,4.00,6.00,9.00,10.0,0.0132,0
2023-05-15 17:39:50,1684186791,21.5,24.9,98500,3.00,4.00,5.00,5.00,0.0151,0
2023-05-15 17:44:44,1684187085,21.4,25.3,98500,3.00,5.00,7.00,8.00,0.0214,0
2023-05-15 17:49:57,1684187397,21.2,25.5,98441,4.00,4.00,5.00,6.00,0.0172,0
2023-05-15 17:54:51,1684187692,21.1,25.7,98400,3.00,4.00,6.00,7.00,0.0195,0
2023-05-15 17:59:45,1684187986,21.0,26.1,98400,4.00,6.00,7.00,7.00,0.0123,0
2023-05-15 18:04:58,1684188299,20.9,26.1,98400,5.00,6.00,6.00,6.00,0.0140,0
2023-05-15 18:09:52,1684188593,21.0,26.2,98394,6.00,7.00,8.00,8.00,0.0158,0
2023-05-15 18:14:47,1684188887,21.0,26.3,98400,4.00,5.00,7.00,7.00,0.0195,0
2023-05-15 18:19:59,1684189200,21.1,26.1,98400,4.00,6.00,7.00,8.00,0.0137,0
2023-05-15 18:24:53,1684189494,21.1,26.1,98400,3.00,5.00,7.00,7.00,0.0170,0
2023-05-15 18:29:48,1684189788,21.2,26.1,98400,4.00,6.00,8.00,9.00,0.0141,0
2023-05-15 18:34:42,1684190083,21.2,26.2,98400,5.00,6.00,6.00,7.00,0.0160,0
2023-05-15 18:39:55,1684190395,21.1,26.3,98400,4.00,7.00,9.00,10.0,0.0143,0
2023-05-15 18:44:49,1684190690,21.1,26.5,98400,4.00,5.00,7.00,8.00,0.0122,0
2023-05-15 18:49:43,1684190984,21.0,26.7,98400,5.00,6.00,8.00,8.00,0.0185,0
2023-05-15 18:54:56,1684191297,21.0,26.9,98400,5.00,6.00,7.00,8.00,0.0306,0
2023-05-15 18:59:51,1684191591,20.9,27.1,98400,7.00,7.00,7.00,8.00,0.0358,0
2023-05-15 19:04:45,1684191886,20.7,27.4,98400,4.00,5.00,6.00,7.00,0.0385,0
2023-05-15 19:09:58,1684192199,20.7,27.5,98400,5.00,5.00,6.00,7.00,0.0385,0
2023-05-15 19:14:53,1684192493,20.6,27.6,98400,4.00,5.00,7.00,8.00,0.0232,0
2023-05-15 19:19:47,1684192787,20.6,28.0,98400,5.00,7.00,9.00,10.0,0.0148,0
2023-05-15 19:24:41,1684193082,20.5,27.7,98400,5.00,8.00,10.0,11.0,0.0181,0
2023-05-15 19:29:54,1684193395,20.4,27.9,98400,5.00,8.00,11.0,12.0,0.0233,0
2023-05-15 19:34:49,1684193690,20.4,28.1,98400,5.00,6.00,8.00,8.00,0.0218,0
2023-05-15 19:39:44,1684193984,20.2,28.5,98400,9.00,12.0,15.0,16.0,0.0146,0
2023-05-15 19:44:57,1684194298,20.1,29.2,98400,3.00,9.00,13.0,16.0,0.0422,0
2023-05-15 19:49:52,1684194593,20.0,29.2,98400,5.00,8.00,10.0,10.0,0.0422,0
2023-05-15 19:54:47,1684194888,19.9,29.4,98400,4.00,6.00,8.00,8.00,0.0141,0
2023-05-15 19:59:42,1684195183,19.7,29.8,98400,5.00,6.00,7.00,8.00,0.0377,0
2023-05-15 20:04:56,1684195496,19.6,30.1,98400,4.00,4.00,5.00,6.00,0.0190,0
2023-05-15 20:09:51,1684195792,19.4,30.9,98400,3.00,4.00,6.00,7.00,0.0228,0
2023-05-15 20:14:46,1684196087,19.3,31.5,98400,4.00,8.00,12.0,14.0,0.0206,0
2023-05-15 20:19:42,1684196382,19.3,31.8,98400,4.00,5.00,6.00,7.00,0.0206,0
2023-05-15 20:24:56,1684196696,19.2,31.9,98400,3.00,5.00,7.00,8.00,0.0290,0
2023-05-15 20:29:51,1684196992,19.2,32.2,98400,3.00,5.00,6.00,7.00,0.0295,0
2023-05-15 20:34:46,1684197287,19.1,32.4,98400,4.00,5.00,7.00,8.00,0.0357,0
2023-05-15 20:39:42,1684197583,19.0,33.1,98400,3.00,5.00,7.00,7.00,0.0229,0
2023-05-15 20:44:56,1684197897,18.9,33.3,98400,3.00,7.00,9.00,11.0,0.0243,0
2023-05-15 20:49:52,1684198192,18.8,33.6,98400,4.00,7.00,10.0,11.0,0.0253,0
2023-05-15 20:54:47,1684198488,18.7,33.8,98400,5.00,6.00,7.00,7.00,0.0221,0
2023-05-15 20:59:43,1684198783,18.6,33.8,98400,4.00,6.00,8.00,9.00,0.0221,0
2023-05-15 21:04:57,1684199098,18.5,34.4,98400,5.00,8.00,10.0,11.0,0.0227,0
2023-05-15 21:09:53,1684199393,18.5,34.4,98400,5.00,8.00,12.0,13.0,0.0137,0
2023-05-15 21:14:48,1684199689,18.4,34.8,98400,3.00,4.00,6.00,7.00,0.0304,0
2023-05-15 21:19:45,1684199985,18.3,35.1,98400,4.00,6.00,8.00,9.00,0.0304,0
2023-05-15 21:24:59,1684200299,18.3,35.6,98400,4.00,7.00,10.0,11.0,0.0209,0
2023-05-15 21:29:55,1684200595,18.2,36.0,98400,4.00,5.00,6.00,7.00,0.0120,0
2023-05-15 21:34:51,1684200891,18.1,36.5,98400,4.00,4.00,5.00,5.00,0.0158,0
2023-05-15 21:39:47,1684201188,18.0,36.4,98400,3.00,5.00,6.00,7.00,0.0123,0
2023-05-15 21:44:43,1684201484,17.9,36.5,98400,3.00,5.00,8.00,9.00,0.0151,0
2023-05-15 21:49:58,1684201798,17.9,36.8,98400,3.00,4.00,5.00,6.00,0.0139,0
2023-05-15 21:54:54,1684202094,17.9,37.1,98400,2.00,4.00,5.00,5.00,0.0221,0
2023-05-15 21:59:50,1684202390,17.8,36.9,98400,4.00,7.00,9.00,10.0,0.0159,0
2023-05-15 22:04:46,1684202686,17.8,37.0,98400,4.00,6.00,8.00,8.00,0.0223,0
2023-05-15 22:09:42,1684202982,17.8,36.8,98400,3.00,3.00,6.00,7.00,0.0201,0
2023-05-15 22:14:56,1684203297,17.8,36.8,98371,4.00,5.00,6.00,6.00,0.0261,0
2023-05-15 22:19:52,1684203593,17.8,37.0,98319,4.00,6.00,8.00,9.00,0.0161,0
2023-05-15 22:24:49,1684203889,17.9,36.9,98300,3.00,4.00,6.00,7.00,0.0218,0
2023-05-15 22:29:45,1684204185,17.9,37.1,98300,6.00,8.00,8.00,9.00,0.0134,0
2023-05-15 22:34:59,1684204500,18.0,37.5,98300,5.00,6.00,7.00,8.00,0.0184,0
2023-05-15 22:39:55,1684204796,18.0,37.2,98300,3.00,4.00,6.00,7.00,0.0219,0
2023-05-15 22:44:51,1684205092,18.0,37.1,98300,4.00,6.00,8.00,9.00,0.0153,0
2023-05-15 22:49:47,1684205388,17.9,37.2,98300,4.00,5.00,5.00,6.00,0.00982,0
2023-05-15 22:54:43,1684205684,17.9,37.5,98300,4.00,6.00,9.00,11.0,0.0154,0
2023-05-15 22:59:58,1684205998,17.8,37.8,98300,5.00,7.00,10.0,12.0,0.0329,0
2023-05-15 23:04:54,1684206294,17.8,37.7,98300,3.00,3.00,5.00,5.00,0.0370,0
2023-05-15 23:09:50,1684206590,17.7,37.8,98300,4.00,6.00,9.00,11.0,0.0713,0
2023-05-15 23:14:46,1684206887,17.7,37.9,98300,6.00,10.0,13.0,15.0,0.0265,0
2023-05-15 23:19:42,1684207183,17.6,38.2,98300,4.00,4.00,6.00,7.00,0.0204,0
2023-05-15 23:24:57,1684207497,17.6,38.4,98300,4.00,5.00,6.00,7.00,0.0260,0
2023-05-15 23:29:53,1684207794,17.6,38.1,98300,3.00,4.00,5.00,5.00,0.0260,0
2023-05-15 23:34:49,1684208090,17.5,38.2,98300,5.00,9.00,13.0,14.0,0.0124,0
2023-05-15 23:39:46,1684208386,17.5,38.6,98300,5.00,9.00,13.0,15.0,0.0906,0
2023-05-15 23:44:42,1684208682,17.4,38.6,98300,5.00,8.00,9.00,10.0,0.0677,0
2023-05-15 23:49:57,1684208997,17.4,38.8,98300,5.00,9.00,12.0,14.0,0.0421,0
2023-05-15 23:54:53,1684209294,17.3,38.9,98300,5.00,6.00,7.00,7.00,0.0313,0
2023-05-15 23:59:50,1684209590,17.2,39.2,98300,4.00,9.00,12.0,14.0,0.0171,0
2023-05-16 00:04:46,1684209887,17.1,39.5,98300,5.00,7.00,9.00,10.0,0.0346,0
2023-05-16 00:09:43,1684210183,17.1,39.4,98300,5.00,7.00,10.0,11.0,0.0346,0
2023-05-16 00:14:58,1684210498,17.0,39.4,98300,5.00,7.00,9.00,10.0,0.0214,0
2023-05-16 00:19:54,1684210795,17.1,39.7,98300,5.00,8.00,10.0,11.0,0.0267,0
2023-05-16 00:24:51,1684211091,17.0,39.8,98263,5.00,6.00,9.00,10.0,0.0316,0
2023-05-16 00:29:47,1684211388,17.0,39.9,98200,6.00,8.00,12.0,13.0,0.0450,0
2023-05-16 00:34:44,1684211684,17.0,40.1,98200,4.00,6.00,8.00,10.0,0.0543,0
2023-05-16 00:39:59,1684212000,17.0,40.1,98200,4.00,8.00,13.0,15.0,0.0438,0
2023-05-16 00:44:56,1684212296,17.0,40.4,98200,3.00,6.00,8.00,9.00,0.0212,0
2023-05-16 00:49:52,1684212593,17.0,40.3,98200,7.00,8.00,8.00,9.00,0.0231,0
2023-05-16 00:54:49,1684212889,17.0,40.2,98200,5.00,9.00,11.0,13.0,0.0324,0
2023-05-16 00:59:45,1684213186,17.0,40.3,98200,4.00,5.00,5.00,6.00,0.0212,0
2023-05-16 01:04:42,1684213482,17.0,40.5,98200,3.00,5.00,6.00,7.00,0.0107,0
2023-05-16 01:09:57,1684213797,17.0,40.7,98200,4.00,6.00,8.00,8.00,0.0107,0
2023-05-16 01:14:53,1684214094,17.0,40.8,98200,3.00,6.00,9.00,10.0,0.0120,0
2023-05-16 01:19:50,1684214390,16.9,40.9,98200,6.00,9.00,12.0,14.0,0.0113,0
2023-05-16 01:24:46,1684214686,16.9,41.0,98200,3.00,9.00,14.0,17.0,0.0302,0
2023-05-16 01:29:42,1684214983,16.9,40.6,98200,4.00,8.00,10.0,11.0,0.0466,0
2023-05-16 01:34:58,1684215298,16.8,40.7,98200,4.00,11.0,16.0,18.0,0.0466,0
2023-05-16 01:39:54,1684215595,16.7,40.8,98200,4.00,10.0,14.0,16.0,0.0251,0
2023-05-16 01:44:51,1684215891,16.7,41.0,98200,4.00,4.00,5.00,6.00,0.0136,0
2023-05-16 01:49:48,1684216188,16.5,41.3,98200,4.00,7.00,10.0,11.0,0.0458,0
2023-05-16 01:54:45,1684216485,16.3,41.6,98200,3.00,5.00,8.00,9.00,0.0170,0
2023-05-16 01:59:41,1684216782,16.2,42.0,98200,4.00,5.00,7.00,8.00,0.0348,0
2023-05-16 02:04:57,1684217098,16.0,42.2,98200,5.00,10.0,15.0,17.0,0.0450,0
2023-05-16 02:09:54,1684217395,15.9,42.5,98200,4.00,7.00,10.0,12.0,0.0232,0
2023-05-16 02:14:51,1684217692,15.9,42.6,98200,3.00,5.00,7.00,8.00,0.0232,0
2023-05-16 02:19:48,1684217989,15.8,42.7,98194,5.00,7.00,10.0,12.0,0.0171,0
2023-05-16 02:24:45,1684218286,15.8,42.7,98200,4.00,6.00,8.00,9.00,0.0252,0
2023-05-16 02:29:42,1684218583,15.8,42.7,98200,4.00,9.00,14.0,16.0,0.0282,0
2023-05-16 02:34:58,1684218898,15.8,42.6,98200,3.00,5.00,7.00,8.00,0.0213,0
2023-05-16 02:39:55,1684219196,15.8,42.6,98200,3.00,5.00,6.00,7.00,0.0456,0
2023-05-16 02:44:52,1684219493,15.7,42.4,98200,4.00,6.00,7.00,7.00,0.0221,0
2023-05-16 02:49:49,1684219790,15.7,42.4,98181,4.00,8.00,10.0,12.0,0.0383,0
2023-05-16 02:54:47,1684220087,15.6,42.6,98150,5.00,7.00,9.00,10.0,0.0150,0
2023-05-16 02:59:44,1684220385,15.5,42.7,98194,3.00,6.00,9.00,10.0,0.0100,0
2023-05-16 03:04:42,1684220682,15.4,42.7,98200,4.00,8.00,10.0,11.0,0.0173,0
2023-05-16 03:09:58,1684220998,15.3,42.3,98200,4.00,9.00,12.0,14.0,0.0273,0
2023-05-16 03:14:55,1684221296,15.2,42.6,98200,2.00,5.00,8.00,9.00,0.0251,0
2023-05-16 03:19:52,1684221592,15.1,42.6,98200,4.00,6.00,8.00,9.00,0.0251,0
2023-05-16 03:24:49,1684221890,15.1,42.4,98200,4.00,6.00,7.00,7.00,0.0123,0
2023-05-16 03:29:47,1684222187,15.0,42.0,98200,4.00,5.00,6.00,7.00,0.0197,0
2023-05-16 03:34:44,1684222485,15.0,41.8,98200,4.00,5.00,6.00,8.00,0.0227,0
2023-05-16 03:39:42,1684222782,14.9,41.8,98200,3.00,5.00,7.00,8.00,0.0227,0
2023-05-16 03:44:58,1684223099,14.8,41.6,98200,4.00,6.00,8.00,9.00,0.0143,0
2023-05-16 03:49:56,1684223396,14.7,41.5,98194,3.00,4.00,5.00,6.00,0.0270,0
2023-05-16 03:54:53,1684223694,14.6,41.7,98169,3.00,7.00,11.0,12.0,0.0201,0
2023-05-16 03:59:51,1684223992,14.6,41.6,98100,3.00,7.00,10.0,11.0,0.0205,0
2023-05-16 04:04:49,1684224289,14.5,41.5,98113,3.00,6.00,9.00,11.0,0.0483,0
2023-05-16 04:09:47,1684224587,14.5,41.4,98188,2.00,4.00,6.00,7.00,0.0199,0
2023-05-16 04:14:45,1684224885,14.4,41.3,98200,3.00,4.00,6.00,6.00,0.0195,0
2023-05-16 04:19:42,1684225183,14.4,41.3,98200,2.00,3.00,5.00,6.00,0.0150,0
2023-05-16 04:24:59,1684225500,14.3,41.4,98194,2.00,3.00,4.00,4.00,0.0129,0
2023-05-16 04:29:57,1684225798,14.2,41.4,98119,2.00,5.00,7.00,8.00,0.0144,0
2023-05-16 04:34:55,1684226096,14.2,41.3,98131,3.00,4.00,6.00,7.00,0.0187,0
2023-05-16 04:39:53,1684226394,14.1,41.4,98138,3.00,7.00,11.0,13.0,0.0299,0
2023-05-16 04:44:51,1684226692,14.0,41.6,98100,2.00,5.00,8.00,9.00,0.0299,0
2023-05-16 04:49:49,1684226990,13.9,42.0,98169,3.00,6.00,10.0,11.0,0.0410,0
2023-05-16 04:54:47,1684227288,13.8,42.2,98100,2.00,3.00,5.00,6.00,0.0259,0
2023-05-16 04:59:45,1684227586,13.7,42.3,98100,2.00,4.00,5.00,6.00,0.0367,0
2023-05-16 05:04:44,1684227884,13.6,42.5,98100,3.00,6.00,10.0,12.0,0.0172,0
2023-05-16 05:09:42,1684228182,13.5,42.5,98100,2.00,4.00,5.00,6.00,0.0172,0
2023-05-16 05:14:59,1684228499,13.4,42.8,98100,4.00,10.0,16.0,19.0,0.0224,0
2023-05-16 05:19:57,1684228798,13.3,42.9,98100,3.00,4.00,5.00,6.00,0.0261,0
2023-05-16 05:24:56,1684229096,13.3,42.9,98100,4.00,7.00,10.0,11.0,0.0181,0
2023-05-16 05:29:54,1684229395,13.3,43.0,98100,4.00,5.00,7.00,9.00,0.0205,0
2023-05-16 05:34:53,1684229693,13.3,43.2,98100,3.00,5.00,7.00,8.00,0.0126,0
2023-05-16 05:39:51,1684229991,13.3,43.0,98100,3.00,4.00,5.00,6.00,0.0149,0
2023-05-16 05:44:49,1684230290,13.3,42.8,98100,4.00,9.00,14.0,16.0,0.0149,0
2023-05-16 05:49:47,1684230588,13.4,42.9,98100,3.00,7.00,11.0,13.0,0.0373,0
2023-05-16 05:54:46,1684230886,13.4,42.9,98100,4.00,6.00,8.00,9.00,0.0373,0
2023-05-16 05:59:44,1684231184,13.4,42.9,98100,2.00,3.00,4.00,5.00,0.0185,0
2023-05-16 06:04:42,1684231483,13.5,42.7,98100,2.00,4.00,6.00,7.00,0.0139,0
2023-05-16 06:09:59,1684231800,13.5,42.7,98100,3.00,8.00,12.0,14.0,0.0177,0
2023-05-16 06:13:24,1684232005,13.6,42.7,98100,2.00,3.00,4.00,4.00,0.0293,0
2023-05-16 08:19:45,1684239585,15.8,34.8,98100,2.00,4.00,6.00,7.00,,
2023-05-16 08:24:59,1684239899,15.8,34.6,98100,2.00,5.00,8.00,9.00,,
2023-05-16 08:25:54,1684239954,15.9,35.0,98100,1.00,2.00,4.00,4.00,,
2023-05-16 08:44:55,1684241095,16.2,33.5,98100,2.00,3.00,5.00,6.00,,
2023-05-16 08:49:50,1684241390,16.2,33.3,98100,2.00,3.00,6.00,7.00,0.0207,0
2023-05-16 08:51:59,1684241520,16.2,33.2,98100,1.00,2.00,3.00,4.00,0.0103,0
2023-05-16 09:18:34,1684243115,15.8,31.2,98100,2.00,4.00,7.00,9.00,,
2023-05-16 09:24:48,1684243488,15.9,30.8,98100,2.00,3.00,6.00,7.00,,
2023-05-16 11:34:47,1684251287,15.4,33.5,98000,3.00,3.00,3.00,3.00,,
2023-05-16 11:37:52,1684251472,15.1,34.0,98000,1.00,2.00,2.00,3.00,,
2023-05-16 12:00:15,1684252816,13.4,40.9,98000,1e-7,1e-7,1e-7,1e-7,,
2023-05-16 12:19:59,1684254000,12.7,45.1,98000,2.00,4.00,7.00,8.00,0.0232,0
2023-05-16 12:24:57,1684254298,12.6,45.1,98000,2.00,6.00,9.00,10.0,0.0224,0
2023-05-16 12:29:56,1684254596,12.5,45.9,98000,1.00,5.00,8.00,10.0,0.0278,0
2023-05-16 12:34:35,1684254876,12.3,45.9,98000,1.00,2.00,3.00,4.00,0.0165,0
2023-05-16 14:34:47,1684262087,12.9,44.7,97900,1.00,1.00,1.00,1.00,,
2023-05-16 14:39:45,1684262385,12.9,44.7,97894,2.00,3.00,5.00,5.00,,
2023-05-16 14:44:43,1684262683,12.8,44.9,97900,2.00,3.00,4.00,5.00,,
2023-05-16 14:49:41,1684262982,12.7,45.4,97900,1.00,3.00,5.00,6.00,0.0110,0
2023-05-16 14:54:58,1684263299,12.6,46.5,97900,2.00,4.00,5.00,6.00,0.0109,0
2023-05-16 14:59:57,1684263597,12.6,47.1,97844,2.00,4.00,5.00,6.00,0.0167,0
2023-05-16 15:04:56,1684263896,12.5,46.8,97900,2.00,3.00,5.00,6.00,0.0122,0
2023-05-16 15:09:54,1684264195,12.4,46.5,97900,3.00,6.00,8.00,9.00,0.0127,0
2023-05-16 15:14:53,1684264493,12.4,47.1,97900,2.00,5.00,7.00,8.00,0.0155,0
2023-05-16 15:19:52,1684264792,12.3,46.9,97900,3.00,6.00,9.00,11.0,0.00993,0
2023-05-16 15:24:50,1684265091,12.2,47.2,97900,1.00,3.00,4.00,5.00,0.0281,0
2023-05-16 15:29:49,1684265390,12.1,47.2,97900,2.00,4.00,6.00,7.00,0.0281,0
2023-05-16 15:34:48,1684265689,12.1,47.2,97900,3.00,5.00,7.00,8.00,0.0156,0
2023-05-16 15:39:47,1684265988,12.1,47.5,97900,2.00,3.00,5.00,6.00,0.0199,0
2023-05-16 15:44:46,1684266286,12.1,47.8,97900,3.00,8.00,12.0,14.0,0.0210,0
2023-05-16 15:49:45,1684266585,12.1,47.4,97900,3.00,5.00,7.00,8.00,0.0222,0
2023-05-16 15:54:44,1684266884,12.0,47.6,97900,1.00,3.00,4.00,4.00,0.0131,0
2023-05-16 15:59:43,1684267183,12.0,45.7,97900,1.00,2.00,4.00,4.00,0.0167,0
2023-05-16 16:04:42,1684267482,11.9,45.0,97900,2.00,4.00,6.00,7.00,0.0124,0
2023-05-16 16:05:38,1684267538,11.8,45.0,97900,1e-7,1.00,1.00,2.00,0.0158,0
2023-05-16 16:39:59,1684269600,12.8,41.4,97900,2.00,3.00,4.00,5.00,,
2023-05-16 16:43:42,1684269822,12.8,41.5,97900,2.00,5.00,8.00,9.00,,
2023-05-16 16:49:59,1684270200,12.9,41.0,97900,1.00,2.00,3.00,4.00,,
2023-05-16 16:54:58,1684270498,13.0,40.4,97900,4.00,8.00,12.0,14.0,,
2023-05-16 16:59:55,1684270796,13.0,41.0,97900,2.00,3.00,4.00,4.00,0.0229,0
2023-05-16 17:04:54,1684271094,13.0,40.5,97900,3.00,6.00,10.0,12.0,0.0343,0
2023-05-16 17:09:52,1684271392,13.0,40.1,97900,3.00,5.00,6.00,7.00,0.0140,0
2023-05-16 17:14:50,1684271691,13.0,39.3,97900,4.00,5.00,6.00,6.00,0.0131,0
2023-05-16 17:16:05,1684271765,13.0,39.7,97900,2.00,5.00,7.00,7.00,0.0117,0
2023-05-16 17:29:54,1684272595,13.0,37.5,97900,1.00,4.00,6.00,7.00,0.0163,0
2023-05-16 17:34:52,1684272893,13.0,38.0,97900,3.00,3.00,4.00,4.00,0.0179,0
2023-05-16 17:39:51,1684273191,12.8,38.4,97900,2.00,3.00,5.00,6.00,0.0171,0
2023-05-16 17:44:49,1684273490,12.8,39.0,97900,2.00,4.00,6.00,7.00,0.0116,0
2023-05-16 17:49:48,1684273788,12.8,38.9,97900,2.00,8.00,13.0,16.0,0.0485,0
2023-05-16 17:54:46,1684274087,12.8,38.8,97900,3.00,5.00,9.00,10.0,0.0575,0
2023-05-16 17:59:45,1684274385,12.8,39.0,97900,1.00,2.00,4.00,4.00,0.0550,0
2023-05-16 18:04:44,1684274684,12.8,39.3,97900,2.00,5.00,7.00,9.00,0.0604,0
2023-05-16 18:06:35,1684274795,12.8,39.5,97900,2.00,3.00,4.00,5.00,0.0149,0
2023-05-16 18:24:56,1684275897,13.0,32.5,97900,1.00,1.00,1.00,2.00,,
2023-05-16 18:29:55,1684276195,13.0,31.9,97900,2.00,4.00,6.00,7.00,,
2023-05-16 18:34:53,1684276493,13.0,32.6,97900,2.00,3.00,4.00,4.00,,
2023-05-16 18:38:55,1684276736,13.0,32.2,97900,2.00,4.00,6.00,7.00,0.0122,0
2023-05-16 18:59:50,1684277990,14.4,29.5,97900,1.00,2.00,3.00,3.00,,
2023-05-16 19:04:47,1684278287,14.2,28.4,97900,1.00,4.00,6.00,7.00,,
2023-05-16 19:09:44,1684278585,14.0,28.3,97900,2.00,2.00,3.00,4.00,,
2023-05-16 19:14:42,1684278882,14.0,28.1,97900,2.00,5.00,7.00,8.00,0.00956,0
2023-05-16 19:19:58,1684279198,13.8,28.2,97994,2.00,5.00,7.00,8.00,0.00995,0
2023-05-16 19:24:56,1684279496,13.4,27.6,98000,1.00,2.00,4.00,5.00,0.0120,0
2023-05-16 19:29:54,1684279795,13.0,28.4,98000,2.00,6.00,8.00,10.0,0.0112,0
2023-05-16 19:34:52,1684280093,12.7,29.3,98000,2.00,4.00,5.00,6.00,0.0130,0
2023-05-16 19:39:51,1684280392,12.3,29.4,98000,1.00,4.00,6.00,7.00,0.0130,0
2023-05-16 19:44:50,1684280690,12.1,30.2,98000,1.00,5.00,8.00,10.0,0.0119,0
2023-05-16 19:49:49,1684280989,11.9,30.5,98000,1.00,2.00,3.00,4.00,0.0138,0
2023-05-16 19:54:48,1684281288,11.7,30.5,98000,1.00,4.00,7.00,8.00,0.0182,0
2023-05-16 19:59:47,1684281587,11.4,30.1,98000,1.00,2.00,3.00,4.00,0.0134,0
2023-05-16 20:04:46,1684281887,11.2,30.3,98000,1.00,3.00,5.00,6.00,0.0114,0
2023-05-16 20:09:46,1684282186,11.0,30.8,98000,2.00,3.00,4.00,4.00,0.0106,0
2023-05-16 20:14:46,1684282486,10.7,30.9,98000,1.00,4.00,7.00,9.00,0.0133,0
2023-05-16 20:19:45,1684282786,10.5,31.0,98000,1.00,6.00,9.00,11.0,0.0306,0
2023-05-16 20:24:45,1684283086,10.2,32.6,98000,2.00,3.00,5.00,6.00,0.0293,0
2023-05-16 20:29:45,1684283386,9.94,33.9,98000,1.00,3.00,6.00,7.00,0.0293,0
2023-05-16 20:34:46,1684283686,9.58,34.3,98000,1.00,3.00,5.00,6.00,0.0114,0
2023-05-16 20:39:46,1684283987,9.24,35.9,98000,1.00,3.00,6.00,7.00,0.0117,0
2023-05-16 20:44:47,1684284287,8.88,36.2,98000,3.00,8.00,12.0,13.0,0.0155,0
2023-05-16 20:49:48,1684284588,8.50,36.7,98000,1.00,4.00,7.00,8.00,0.0165,0
2023-05-16 20:54:48,1684284889,8.10,37.1,98000,1.00,2.00,4.00,4.00,0.0127,0
2023-05-16 20:59:50,1684285190,7.68,37.5,98000,1.00,2.00,3.00,4.00,0.0160,0
2023-05-16 21:04:51,1684285492,7.27,38.5,98100,2.00,5.00,8.00,10.0,0.0245,0
2023-05-16 21:09:53,1684285794,6.91,39.3,98100,1.00,4.00,7.00,8.00,0.0245,0
2023-05-16 21:14:55,1684286096,6.59,39.8,98100,2.00,5.00,8.00,9.00,0.0156,0
2023-05-16 21:19:57,1684286398,6.30,40.3,98100,1.00,3.00,5.00,6.00,0.0148,0
2023-05-16 21:24:59,1684286700,6.02,40.6,98100,1.00,4.00,7.00,8.00,0.0133,0
2023-05-16 21:29:42,1684286983,5.76,41.0,98100,1.00,2.00,3.00,4.00,0.0112,0
2023-05-16 21:34:45,1684287285,5.50,41.4,98100,2.00,2.00,3.00,4.00,0.0112,0
2023-05-16 21:39:50,1684287591,5.26,41.8,98100,1.00,3.00,5.00,6.00,0.0104,0
2023-05-16 21:44:53,1684287893,5.02,42.6,98100,1.00,2.00,3.00,3.00,0.0110,0
2023-05-16 21:49:56,1684288196,4.77,42.5,98100,1.00,4.00,7.00,8.00,0.0128,0
2023-05-16 21:54:58,1684288499,4.55,42.6,98100,1.00,2.00,3.00,3.00,0.0129,0
2023-05-16 21:59:42,1684288783,4.36,43.3,98100,1.00,2.00,3.00,4.00,0.0129,0
2023-05-16 22:04:46,1684289086,4.18,43.7,98100,1.00,2.00,3.00,4.00,0.00995,0
2023-05-16 22:09:49,1684289389,4.06,44.7,98100,2.00,5.00,8.00,9.00,0.0125,0
2023-05-16 22:14:52,1684289693,3.96,44.8,98100,1.00,4.00,6.00,8.00,0.0176,0
2023-05-16 22:19:56,1684289996,3.86,45.5,98100,1.00,3.00,5.00,6.00,0.0101,0
2023-05-16 22:24:59,1684290299,3.78,45.9,98100,2.00,3.00,6.00,7.00,0.00997,0
2023-05-16 22:29:43,1684290584,3.69,45.9,98100,1.00,3.00,6.00,7.00,0.00995,0
2023-05-16 22:34:47,1684290888,3.61,46.0,98100,2.00,3.00,4.00,4.00,0.0120,0
2023-05-16 22:39:51,1684291191,3.51,46.4,98100,2.00,2.00,4.00,4.00,0.0133,0
2023-05-16 22:44:55,1684291495,3.42,46.5,98100,2.00,3.00,6.00,7.00,0.0143,0
2023-05-16 22:49:58,1684291799,3.35,46.8,98100,2.00,3.00,6.00,7.00,0.0158,0
2023-05-16 22:54:44,1684292084,3.26,47.0,98200,2.00,6.00,9.00,11.0,0.0118,0
2023-05-16 22:59:48,1684292388,3.20,47.3,98200,2.00,4.00,6.00,6.00,0.0122,0
2023-05-16 23:04:52,1684292692,3.16,47.2,98200,1.00,4.00,7.00,8.00,0.0119,0
2023-05-16 23:09:56,1684292996,3.12,47.2,98200,3.00,6.00,9.00,10.0,0.0276,0
2023-05-16 23:14:59,1684293300,3.11,47.6,98200,2.00,5.00,7.00,8.00,0.0230,0
2023-05-16 23:19:45,1684293585,3.21,48.5,98200,2.00,8.00,12.0,15.0,0.0189,0
2023-05-16 23:24:49,1684293889,3.38,48.5,98200,2.00,7.00,11.0,13.0,0.0189,0
2023-05-16 23:29:52,1684294193,3.71,47.9,98200,1.00,2.00,3.00,3.00,0.0172,0
2023-05-16 23:34:55,1684294496,4.11,46.1,98200,1.00,3.00,5.00,6.00,0.0458,0
2023-05-16 23:39:59,1684294799,4.48,44.2,98200,1.00,2.00,3.00,4.00,0.0207,0
2023-05-16 23:44:43,1684295083,4.87,42.4,98200,2.00,5.00,8.00,9.00,0.0145,0
2023-05-16 23:49:45,1684295386,5.21,41.2,98200,1.00,5.00,8.00,9.00,0.0249,0
2023-05-16 23:54:48,1684295688,5.49,40.3,98200,2.00,6.00,10.0,12.0,0.0245,0
2023-05-16 23:59:50,1684295991,5.72,39.6,98200,3.00,4.00,4.00,5.00,0.00981,0
2023-05-17 00:04:53,1684296293,5.84,39.2,98200,3.00,5.00,6.00,7.00,0.0139,0
2023-05-17 00:09:55,1684296596,5.90,38.6,98200,1.00,2.00,3.00,4.00,0.0168,0
2023-05-17 00:14:58,1684296898,5.93,38.4,98200,1.00,4.00,6.00,7.00,0.0168,0
2023-05-17 00:19:41,1684297182,5.93,37.9,98200,2.00,5.00,8.00,10.0,0.0131,0
2023-05-17 00:24:43,1684297484,5.92,37.7,98200,1.00,2.00,3.00,4.00,0.0118,0
2023-05-17 00:29:46,1684297786,5.89,37.3,98200,1.00,2.00,3.00,4.00,0.0174,0
2023-05-17 00:34:48,1684298088,5.94,36.6,98200,1.00,3.00,5.00,6.00,0.0119,0
2023-05-17 00:39:50,1684298391,6.03,36.1,98200,1.00,4.00,6.00,7.00,0.0118,0
2023-05-17 00:44:52,1684298693,6.10,35.4,98200,1.00,3.00,6.00,7.00,0.0118,0
2023-05-17 00:49:54,1684298995,6.14,35.1,98200,1.00,2.00,4.00,4.00,0.0122,0
2023-05-17 00:54:55,1684299296,6.19,34.9,98200,2.00,4.00,6.00,7.00,0.0108,0
2023-05-17 00:59:57,1684299598,6.24,35.0,98263,1.00,4.00,6.00,8.00,0.0194,0
2023-05-17 01:04:41,1684299881,6.18,34.9,98300,2.00,4.00,7.00,8.00,0.0239,0
2023-05-17 01:09:43,1684300183,6.19,34.8,98300,1.00,2.00,3.00,3.00,0.0135,0
2023-05-17 01:14:45,1684300486,6.12,35.2,98300,1.00,3.00,4.00,4.00,0.0145,0
2023-05-17 01:19:47,1684300788,6.01,35.5,98300,1.00,2.00,4.00,4.00,0.0102,0
2023-05-17 01:24:50,1684301090,5.89,35.7,98300,2.00,2.00,3.00,4.00,0.0102,0
2023-05-17 01:29:52,1684301393,5.74,35.7,98300,1.00,5.00,8.00,10.0,0.0141,0
2023-05-17 01:34:54,1684301695,5.63,36.0,98300,1.00,2.00,4.00,4.00,0.0162,0
2023-05-17 01:39:57,1684301998,5.52,36.1,98300,2.00,2.00,3.00,4.00,0.0162,0
2023-05-17 01:44:41,1684302281,5.37,36.1,98300,1.00,3.00,5.00,6.00,0.0129,0
2023-05-17 01:49:44,1684302584,5.16,36.5,98300,1.00,4.00,6.00,8.00,0.0152,0
2023-05-17 01:54:46,1684302887,4.91,37.6,98300,1.00,3.00,6.00,7.00,0.0184,0
2023-05-17 01:59:49,1684303190,4.68,38.4,98300,1.00,3.00,6.00,7.00,0.0155,0
2023-05-17 02:04:52,1684303493,4.50,38.6,98300,1.00,3.00,6.00,7.00,0.0129,0
2023-05-17 02:09:55,1684303796,4.47,38.1,98300,1.00,4.00,7.00,8.00,0.0129,0
2023-05-17 02:14:58,1684304099,4.59,37.9,98300,1.00,2.00,4.00,4.00,0.0129,0
2023-05-17 02:19:42,1684304383,4.68,37.3,98300,2.00,4.00,7.00,8.00,0.0186,0
2023-05-17 02:24:45,1684304685,4.86,36.7,98300,1.00,4.00,7.00,8.00,0.0242,0
2023-05-17 02:29:47,1684304988,5.05,36.6,98300,1.00,3.00,4.00,5.00,0.0213,0
2023-05-17 02:34:50,1684305291,5.15,36.4,98300,1.00,4.00,7.00,8.00,0.0122,0
2023-05-17 02:39:53,1684305593,5.20,36.1,98300,1.00,4.00,6.00,7.00,0.0155,0
2023-05-17 02:44:56,1684305896,5.30,35.7,98300,1.00,3.00,6.00,7.00,0.0306,0
2023-05-17 02:49:58,1684306199,5.37,35.8,98300,1.00,4.00,7.00,8.00,0.0214,0
2023-05-17 02:54:42,1684306482,5.44,35.3,98300,1.00,2.00,3.00,4.00,0.0136,0
2023-05-17 02:59:44,1684306785,5.54,34.9,98300,1.00,3.00,5.00,6.00,0.0155,0
2023-05-17 03:04:47,1684307087,5.62,34.6,98300,2.00,3.00,5.00,6.00,0.0131,0
2023-05-17 03:09:49,1684307390,5.72,34.6,98300,1.00,2.00,3.00,4.00,0.0133,0
2023-05-17 03:14:52,1684307692,5.72,34.7,98300,1.00,2.00,4.00,4.00,0.0111,0
2023-05-17 03:19:54,1684307995,5.67,34.6,98300,1.00,4.00,7.00,8.00,0.0107,0
2023-05-17 03:24:57,1684308297,5.66,34.7,98300,1.00,5.00,8.00,9.00,0.0230,0
2023-05-17 03:29:59,1684308600,5.68,34.8,98300,1.00,4.00,6.00,7.00,0.0192,0
2023-05-17 03:34:43,1684308883,5.69,34.7,98300,1.00,3.00,6.00,7.00,0.0252,0
2023-05-17 03:39:45,1684309186,5.74,34.6,98300,1.00,2.00,4.00,5.00,0.0175,0
2023-05-17 03:44:47,1684309488,5.74,34.9,98300,1e-7,2.00,4.00,4.00,0.0111,0
2023-05-17 03:49:50,1684309790,5.72,34.8,98300,1.00,2.00,3.00,4.00,0.0111,0
2023-05-17 03:54:52,1684310093,5.69,34.9,98300,2.00,5.00,8.00,10.0,0.0210,0
2023-05-17 03:59:55,1684310395,5.66,35.0,98300,1.00,2.00,4.00,4.00,0.0186,0
2023-05-17 04:04:57,1684310698,5.67,35.2,98313,1.00,4.00,7.00,8.00,0.0209,0
2023-05-17 04:09:41,1684310981,5.70,35.2,98347,1.00,5.00,8.00,9.00,0.0193,0
2023-05-17 04:14:43,1684311284,5.72,35.3,98394,1.00,2.00,4.00,4.00,0.0219,0
2023-05-17 04:19:45,1684311586,5.71,35.6,98400,1.00,5.00,8.00,9.00,0.0151,0
2023-05-17 04:24:48,1684311888,5.71,35.5,98400,1e-7,2.00,4.00,4.00,0.0160,0
2023-05-17 04:29:50,1684312191,5.77,35.8,98400,1.00,2.00,4.00,4.00,0.0186,0
2023-05-17 04:34:52,1684312493,5.77,35.6,98400,2.00,3.00,4.00,5.00,0.0109,0
2023-05-17 04:39:55,1684312795,5.77,35.7,98400,1e-7,1.00,2.00,3.00,0.0103,0
2023-05-17 04:44:57,1684313098,5.77,35.9,98400,1.00,4.00,7.00,8.00,0.0105,0
2023-05-17 04:49:59,1684313400,5.79,36.1,98400,2.00,7.00,11.0,13.0,0.0339,0
2023-05-17 04:54:43,1684313683,5.75,36.2,98400,1.00,2.00,4.00,4.00,0.0226,0
2023-05-17 04:59:45,1684313986,5.81,36.4,98400,1.00,2.00,3.00,4.00,0.0158,0
2023-05-17 05:04:47,1684314288,5.76,36.1,98400,1.00,2.00,3.00,4.00,0.0111,0
2023-05-17 05:09:50,1684314590,5.77,35.7,98400,1.00,4.00,7.00,9.00,0.0159,0
2023-05-17 05:14:52,1684314892,5.81,35.7,98400,1.00,5.00,9.00,10.0,0.0223,0
2023-05-17 05:19:54,1684315194,5.81,35.7,98400,1.00,3.00,5.00,6.00,0.0212,0
2023-05-17 05:24:56,1684315497,5.84,35.7,98400,1e-7,2.00,3.00,4.00,0.0212,0
2023-05-17 05:29:58,1684315799,5.87,35.6,98400,1.00,4.00,7.00,8.00,0.0124,0
2023-05-17 05:34:42,1684316082,5.91,35.5,98427,1.00,3.00,5.00,5.00,0.0110,0
2023-05-17 05:39:44,1684316384,5.92,35.3,98481,2.00,4.00,5.00,6.00,0.0123,0
2023-05-17 05:41:37,1684316498,5.88,35.3,98500,1.00,5.00,8.00,10.0,0.0186,0
2023-05-17 12:39:42,1684341582,12.2,22.6,98800,1.00,1.00,3.00,3.00,,
2023-05-17 12:54:48,1684342488,13.1,21.4,98721,1e-7,2.00,3.00,4.00,,
2023-05-17 12:56:21,1684342581,13.4,21.5,98800,1e-7,2.00,3.00,4.00,,
2023-05-17 13:09:43,1684343383,11.4,27.5,98800,1.00,6.00,10.0,12.0,,
2023-05-17 13:13:08,1684343589,11.0,27.7,98800,2.00,2.00,3.00,4.00,0.0203,0
2023-05-17 13:24:53,1684344294,11.4,24.4,98800,1e-7,2.00,3.00,4.00,0.0214,0
2023-05-17 13:29:52,1684344592,11.9,23.1,98781,1.00,2.00,3.00,4.00,0.0221,0
2023-05-17 13:44:58,1684345498,13.1,19.9,98800,2.00,7.00,12.0,14.0,0.0614,0
2023-05-17 13:47:26,1684345646,13.1,19.7,98800,1.00,4.00,7.00,8.00,0.0614,0
2023-05-17 13:54:58,1684346099,14.0,19.3,98800,1e-7,2.00,4.00,4.00,0.0608,0
2023-05-17 13:59:55,1684346396,14.0,21.8,98800,1.00,2.00,4.00,4.00,0.0608,0
2023-05-17 14:03:38,1684346618,13.5,23.9,98800,1e-7,2.00,4.00,4.00,0.0773,0
2023-05-17 14:14:43,1684347284,12.8,23.2,98800,1.00,1.00,2.00,2.00,0.0124,0
2023-05-17 14:19:22,1684347563,12.8,22.7,98800,1.00,2.00,4.00,4.00,0.00995,0
2023-05-17 14:29:43,1684348184,13.0,21.5,98800,1.00,4.00,7.00,8.00,0.00995,0
2023-05-17 14:34:59,1684348499,13.4,24.4,98865,1e-7,2.00,3.00,4.00,0.0102,0
2023-05-17 14:36:13,1684348574,13.1,26.7,98900,1e-7,1e-7,1e-7,1e-7,0.0134,0
2023-05-17 14:49:44,1684349384,12.0,28.8,98800,1.00,4.00,7.00,8.00,0.0135,0
2023-05-17 14:52:50,1684349570,12.4,26.4,98800,1.00,2.00,3.00,4.00,0.0107,0
2023-05-17 15:04:50,1684350291,14.0,22.9,98800,1e-7,2.00,3.00,4.00,0.0123,0
2023-05-17 15:09:10,1684350550,13.9,22.2,98800,1.00,3.00,4.00,5.00,0.0122,0
2023-05-17 15:19:46,1684351186,14.2,18.5,98800,1e-7,1.00,2.00,3.00,0.0118,0
2023-05-17 15:24:42,1684351483,14.4,18.9,98800,1.00,3.00,5.00,5.00,0.0120,0
2023-05-17 15:25:56,1684351557,14.6,19.4,98800,1e-7,1e-7,1e-7,1e-7,0.0103,0
2023-05-17 15:39:57,1684352397,13.9,21.6,98800,1.00,2.00,4.00,4.00,0.0108,0
2023-05-17 15:42:25,1684352546,13.9,19.9,98800,1e-7,2.00,4.00,4.00,0.0105,0
2023-05-17 15:54:54,1684353295,14.7,18.2,98800,1e-7,2.00,3.00,4.00,0.0110,0
2023-05-17 15:58:55,1684353535,15.1,18.2,98800,1e-7,1.00,3.00,3.00,0.00995,0
2023-05-17 16:09:49,1684354189,14.7,17.5,98800,1e-7,2.00,3.00,4.00,0.00995,0
2023-05-17 16:14:46,1684354486,14.5,18.7,98894,1.00,4.00,7.00,9.00,0.0143,0
2023-05-17 16:15:41,1684354542,14.2,20.3,98900,1e-7,1e-7,1e-7,1e-7,0.0135,0
2023-05-17 16:24:42,1684355083,13.8,22.5,98900,1e-7,2.00,3.00,4.00,0.0135,0
2023-05-17 16:29:58,1684355398,14.0,22.0,98876,1.00,4.00,6.00,7.00,0.0144,0
2023-05-17 16:32:07,1684355528,14.5,21.1,98800,1e-7,2.00,4.00,5.00,0.0108,0
2023-05-17 16:44:50,1684356290,14.9,17.8,98900,1.00,4.00,6.00,7.00,0.0125,0
2023-05-17 16:48:51,1684356532,14.4,19.0,98900,2.00,9.00,14.0,16.0,0.0104,0
2023-05-17 16:59:48,1684357188,12.7,24.6,99000,1.00,1.00,2.00,2.00,0.0132,0
2023-05-17 17:04:45,1684357486,12.6,25.7,99000,1.00,2.00,4.00,5.00,0.0211,0
2023-05-17 17:05:22,1684357523,12.8,26.6,99000,1e-7,1.00,2.00,3.00,0.0206,0
2023-05-17 17:19:44,1684358384,13.5,25.3,99000,1.00,2.00,4.00,4.00,0.0206,0
2023-05-17 17:21:54,1684358514,13.8,24.4,99000,1.00,2.00,4.00,4.00,0.0103,0
2023-05-17 17:34:57,1684359298,14.0,24.0,99000,1e-7,1e-7,1.00,1.00,0.0101,0
2023-05-17 17:38:21,1684359502,13.7,23.9,99000,1e-7,1.00,1.00,1.00,0.0101,0
2023-05-17 17:49:54,1684360194,13.9,23.2,99000,1e-7,1e-7,1.00,1.00,0.00995,0
2023-05-17 17:54:50,1684360491,14.0,23.1,99000,1e-7,2.00,3.00,4.00,0.00995,0
2023-05-17 17:55:09,1684360509,14.1,22.8,99000,1e-7,1e-7,1e-7,1e-7,0.00995,0
2023-05-17 18:09:48,1684361388,14.7,22.2,99000,1e-7,2.00,3.00,4.00,0.00995,0
2023-05-17 18:11:39,1684361499,14.6,21.6,99000,1e-7,2.00,4.00,4.00,0.00995,0
2023-05-17 18:24:45,1684362286,14.4,22.2,99000,1e-7,2.00,3.00,4.00,0.00995,0
2023-05-17 18:29:42,1684362582,14.4,21.8,99000,1.00,2.00,4.00,4.00,0.00995,0
2023-05-17 18:34:58,1684362898,13.5,21.9,99000,1e-7,2.00,3.00,4.00,0.00995,0
2023-05-17 18:39:56,1684363196,12.6,24.4,99088,1e-7,2.00,4.00,4.00,0.00995,0
2023-05-17 18:44:55,1684363495,11.8,30.3,99100,1e-7,2.00,4.00,4.00,0.00995,0
2023-05-17 19:04:51,1684364691,13.2,26.0,99100,1e-7,1.00,2.00,3.00,,
2023-05-17 19:09:48,1684364988,13.3,25.8,99100,1.00,5.00,8.00,9.00,,
2023-05-17 19:14:44,1684365285,13.5,25.3,99100,2.00,3.00,4.00,4.00,,
2023-05-17 19:17:50,1684365471,13.6,24.8,99100,1e-7,2.00,3.00,4.00,0.0128,0
2023-05-17 19:29:42,1684366182,13.6,24.2,99100,1.00,4.00,6.00,7.00,0.0128,0
2023-05-17 19:34:58,1684366498,13.6,23.9,99100,1e-7,2.00,4.00,4.00,0.0104,0
2023-05-17 19:39:55,1684366796,13.4,23.7,99100,1e-7,2.00,4.00,4.00,0.0120,0
2023-05-17 19:44:53,1684367094,12.6,24.4,99100,1e-7,2.00,4.00,4.00,0.0112,0
2023-05-17 19:49:52,1684367392,11.7,25.0,99100,1e-7,2.00,3.00,4.00,0.00995,0
2023-05-17 19:54:51,1684367691,10.9,27.1,99194,1.00,4.00,7.00,8.00,0.0174,0
2023-05-17 19:59:51,1684367991,10.2,29.2,99200,1.00,3.00,5.00,6.00,0.0167,0
2023-05-17 20:04:51,1684368292,9.51,30.6,99200,1e-7,2.00,4.00,4.00,0.0147,0
2023-05-17 20:09:51,1684368592,8.98,31.1,99200,1e-7,2.00,4.00,4.00,0.0114,0
2023-05-17 20:14:52,1684368892,8.54,31.5,99200,1e-7,2.00,4.00,4.00,0.0112,0
2023-05-17 20:19:52,1684369193,8.12,31.9,99200,1e-7,2.00,4.00,5.00,0.00995,0
2023-05-17 20:24:53,1684369494,7.79,32.5,99200,1e-7,1e-7,1e-7,1e-7,0.00995,0
2023-05-17 20:29:54,1684369795,7.45,32.7,99200,1.00,4.00,7.00,9.00,0.0122,0
2023-05-17 20:34:56,1684370097,7.15,33.5,99200,1.00,3.00,5.00,6.00,0.0169,0
2023-05-17 20:39:58,1684370398,6.83,34.0,99200,1.00,2.00,3.00,4.00,0.0136,0
2023-05-17 20:44:59,1684370700,6.53,34.7,99231,1e-7,2.00,4.00,4.00,0.0136,0
2023-05-17 20:49:42,1684370983,6.26,35.0,99300,1e-7,1e-7,1e-7,1e-7,0.00995,0
2023-05-17 20:54:44,1684371285,5.99,35.1,99300,1e-7,2.00,4.00,4.00,0.00995,0
2023-05-17 20:59:46,1684371587,5.72,35.9,99300,1e-7,2.00,3.00,4.00,0.00995,0
2023-05-17 21:04:49,1684371889,5.45,36.4,99300,1.00,1.00,3.00,3.00,0.00995,0
2023-05-17 21:09:51,1684372192,5.18,36.5,99300,1.00,4.00,7.00,9.00,0.0136,0
2023-05-17 21:14:54,1684372494,4.93,36.9,99300,1e-7,2.00,3.00,4.00,0.0135,0
2023-05-17 21:19:56,1684372797,4.68,37.2,99300,1e-7,1.00,3.00,3.00,0.0119,0
2023-05-17 21:24:59,1684373100,4.46,37.2,99300,1.00,2.00,4.00,5.00,0.0110,0
2023-05-17 21:29:43,1684373383,4.25,37.5,99300,1.00,1.00,3.00,3.00,0.0110,0
2023-05-17 21:34:46,1684373686,4.03,37.4,99381,1e-7,2.00,3.00,4.00,0.0111,0
2023-05-17 21:39:49,1684373989,3.84,38.1,99394,1.00,2.00,3.00,4.00,0.00995,0
2023-05-17 21:44:53,1684374293,3.64,38.3,99400,1e-7,2.00,4.00,4.00,0.00995,0
2023-05-17 21:49:56,1684374597,3.46,38.0,99400,1.00,2.00,3.00,4.00,0.00995,0
2023-05-17 21:54:41,1684374881,3.31,39.0,99400,1.00,3.00,5.00,6.00,0.0102,0
2023-05-17 21:59:44,1684375185,3.18,39.7,99400,1.00,2.00,3.00,4.00,0.0118,0
2023-05-17 22:04:48,1684375489,3.07,40.2,99400,1.00,4.00,7.00,8.00,0.0151,0
2023-05-17 22:09:52,1684375792,3.00,40.5,99400,1e-7,2.00,3.00,4.00,0.0151,0
2023-05-17 22:14:55,1684376096,2.96,40.2,99400,1.00,3.00,5.00,6.00,0.0143,0
2023-05-17 22:19:59,1684376400,3.02,40.8,99400,1e-7,2.00,4.00,4.00,0.0130,0
2023-05-17 22:24:44,1684376684,3.05,41.0,99400,1.00,2.00,3.00,4.00,0.00995,0
2023-05-17 22:29:48,1684376988,3.07,41.0,99400,1.00,2.00,3.00,3.00,0.00995,0
2023-05-17 22:34:51,1684377292,3.10,41.6,99400,1.00,4.00,7.00,8.00,0.0119,0
2023-05-17 22:39:55,1684377595,3.10,41.5,99400,1e-7,2.00,4.00,4.00,0.0138,0
2023-05-17 22:44:59,1684377899,3.07,41.5,99400,1.00,4.00,7.00,9.00,0.0166,0
2023-05-17 22:49:43,1684378184,2.99,41.5,99473,1.00,2.00,3.00,4.00,0.0271,0
2023-05-17 22:54:47,1684378488,2.89,41.4,99500,1.00,1.00,3.00,3.00,0.0221,0
2023-05-17 22:59:51,1684378792,2.79,41.5,99500,2.00,7.00,11.0,13.0,0.0232,0
2023-05-17 23:04:55,1684379096,2.66,41.5,99500,1.00,4.00,7.00,9.00,0.0222,0
2023-05-17 23:09:59,1684379400,2.51,41.6,99500,1.00,4.00,7.00,9.00,0.0174,0
2023-05-17 23:14:44,1684379685,2.35,41.5,99500,1.00,3.00,5.00,6.00,0.0154,0
2023-05-17 23:19:48,1684379989,2.21,41.9,99500,1.00,2.00,3.00,4.00,0.0179,0
2023-05-17 23:24:52,1684380293,2.05,41.3,99500,1.00,3.00,5.00,6.00,0.0179,0
2023-05-17 23:29:57,1684380597,1.93,41.7,99500,2.00,6.00,8.00,10.0,0.0559,0
2023-05-17 23:34:41,1684380882,1.80,41.5,99500,4.00,10.0,15.0,18.0,0.121,0
2023-05-17 23:39:46,1684381186,1.69,42.3,99500,4.00,11.0,17.0,20.0,0.129,0
2023-05-17 23:44:50,1684381490,1.57,42.8,99500,2.00,5.00,8.00,10.0,0.0853,0
2023-05-17 23:49:54,1684381795,1.48,43.2,99500,3.00,6.00,10.0,12.0,0.205,0
2023-05-17 23:54:59,1684382099,1.40,42.7,99500,3.00,7.00,11.0,12.0,0.0365,0
2023-05-17 23:59:44,1684382384,1.31,42.4,99500,2.00,8.00,13.0,15.0,0.0275,0
2023-05-18 00:04:48,1684382689,1.26,43.1,99500,2.00,5.00,7.00,9.00,0.0187,0
2023-05-18 00:09:53,1684382993,1.15,42.8,99500,2.00,6.00,10.0,11.0,0.0294,0
2023-05-18 00:14:58,1684383298,1.05,43.2,99500,2.00,7.00,11.0,12.0,0.0119,0
2023-05-18 00:19:43,1684383584,0.983,43.3,99500,1.00,2.00,4.00,4.00,0.0261,0
2023-05-18 00:24:48,1684383888,0.909,43.4,99500,2.00,6.00,10.0,12.0,0.0411,0
2023-05-18 00:29:53,1684384193,0.866,43.5,99500,2.00,5.00,8.00,10.0,0.0335,0
2023-05-18 00:34:57,1684384498,0.769,42.9,99500,1.00,5.00,8.00,10.0,0.0154,0
2023-05-18 00:39:43,1684384783,0.711,43.0,99500,1.00,3.00,5.00,6.00,0.0188,0
2023-05-18 00:44:47,1684385088,0.659,43.8,99500,2.00,6.00,9.00,10.0,0.0338,0
2023-05-18 00:49:52,1684385393,0.609,43.9,99519,1.00,3.00,6.00,7.00,0.0214,0
2023-05-18 00:54:57,1684385697,0.562,43.9,99600,1.00,4.00,7.00,9.00,0.0212,0
2023-05-18 00:59:43,1684385983,0.497,44.0,99600,2.00,5.00,8.00,9.00,0.0275,0
2023-05-18 01:04:48,1684386288,0.472,44.1,99600,1.00,4.00,7.00,9.00,0.0275,0
2023-05-18 01:09:53,1684386593,0.464,43.8,99600,1e-7,2.00,4.00,4.00,0.0268,0
2023-05-18 01:14:57,1684386898,0.518,44.3,99600,2.00,5.00,7.00,8.00,0.0242,0
2023-05-18 01:19:43,1684387184,0.619,44.7,99600,1.00,3.00,5.00,6.00,0.0152,0
2023-05-18 01:24:48,1684387488,0.790,45.3,99600,1.00,3.00,5.00,6.00,0.0156,0
2023-05-18 01:29:53,1684387793,0.979,45.7,99600,1.00,4.00,7.00,8.00,0.0128,0
2023-05-18 01:34:57,1684388097,1.14,44.9,99600,1.00,2.00,3.00,4.00,0.00934,0
2023-05-18 01:39:43,1684388383,1.29,45.3,99600,2.00,4.00,7.00,8.00,0.0147,0
2023-05-18 01:44:47,1684388687,1.42,45.4,99600,1.00,4.00,7.00,8.00,0.0200,0
2023-05-18 01:49:52,1684388992,1.51,45.1,99600,1.00,4.00,7.00,8.00,0.0132,0
2023-05-18 01:54:56,1684389297,1.57,44.4,99600,2.00,3.00,5.00,5.00,0.0244,0
2023-05-18 01:59:42,1684389582,1.73,45.0,99600,1.00,4.00,6.00,7.00,0.0209,0
2023-05-18 02:04:46,1684389886,1.89,44.8,99600,1e-7,2.00,4.00,4.00,0.0144,0
2023-05-18 02:09:50,1684390190,2.06,45.2,99600,1.00,2.00,3.00,4.00,0.0122,0
2023-05-18 02:14:54,1684390494,2.22,45.2,99600,1.00,4.00,7.00,9.00,0.00995,0
2023-05-18 02:19:58,1684390798,2.38,45.2,99600,1.00,5.00,8.00,10.0,0.0132,0
2023-05-18 02:24:42,1684391083,2.50,44.6,99600,2.00,2.00,4.00,5.00,0.0157,0
2023-05-18 02:29:46,1684391387,2.60,45.1,99600,1.00,2.00,3.00,4.00,0.0171,0
2023-05-18 02:34:50,1684391691,2.69,44.7,99600,1.00,2.00,4.00,4.00,0.0123,0
2023-05-18 02:39:54,1684391995,2.80,44.5,99600,1.00,5.00,8.00,9.00,0.0139,0
2023-05-18 02:44:58,1684392299,2.93,44.8,99600,1.00,3.00,6.00,7.00,0.0172,0
2023-05-18 02:49:43,1684392584,3.02,44.5,99600,1.00,2.00,3.00,4.00,0.0172,0
2023-05-18 02:54:47,1684392888,3.13,44.6,99600,1.00,4.00,7.00,8.00,0.0120,0
2023-05-18 02:59:51,1684393192,3.21,44.5,99600,1.00,5.00,7.00,8.00,0.0121,0
2023-05-18 03:04:55,1684393496,3.30,44.5,99600,1.00,4.00,7.00,8.00,0.0114,0
2023-05-18 03:09:59,1684393799,3.39,44.4,99600,1.00,3.00,5.00,5.00,0.0102,0
2023-05-18 03:14:43,1684394084,3.47,44.6,99600,1e-7,2.00,4.00,4.00,0.0160,0
2023-05-18 03:19:47,1684394387,3.55,44.5,99600,1.00,2.00,4.00,4.00,0.0160,0
2023-05-18 03:24:50,1684394691,3.63,44.3,99600,1e-7,2.00,4.00,4.00,0.0102,0
2023-05-18 03:29:53,1684394994,3.72,44.2,99600,1.00,4.00,6.00,8.00,0.0142,0
2023-05-18 03:34:58,1684395298,3.80,44.2,99600,1.00,4.00,7.00,8.00,0.0179,0
2023-05-18 03:39:43,1684395583,3.86,44.4,99600,1.00,3.00,5.00,6.00,0.0128,0
2023-05-18 03:44:46,1684395887,3.92,44.5,99600,1.00,5.00,8.00,9.00,0.0178,0
2023-05-18 03:49:50,1684396190,3.97,43.8,99600,1.00,3.00,6.00,7.00,0.0151,0
2023-05-18 03:54:53,1684396494,4.01,43.9,99600,1.00,2.00,3.00,4.00,0.0172,0
2023-05-18 03:59:57,1684396797,4.06,44.1,99600,1.00,2.00,3.00,4.00,0.0181,0
2023-05-18 04:04:41,1684397082,4.10,43.9,99600,1.00,4.00,7.00,8.00,0.0113,0
2023-05-18 04:09:45,1684397385,4.15,44.2,99600,1.00,5.00,7.00,9.00,0.0113,0
2023-05-18 04:14:48,1684397689,4.18,43.6,99600,1.00,2.00,4.00,4.00,0.0158,0
2023-05-18 04:19:51,1684397992,4.21,43.8,99613,1.00,1.00,3.00,3.00,0.0166,0
2023-05-18 04:24:55,1684398295,4.24,44.0,99700,1.00,1.00,1.00,1.00,0.0153,0
2023-05-18 04:29:58,1684398598,4.28,43.9,99700,1.00,1.00,3.00,3.00,0.00995,0
2023-05-18 04:34:42,1684398883,4.32,43.6,99700,1.00,2.00,4.00,4.00,0.00995,0
2023-05-18 04:39:45,1684399186,4.36,43.6,99700,1.00,3.00,5.00,6.00,0.0112,0
2023-05-18 04:44:48,1684399489,4.36,42.8,99700,1.00,3.00,6.00,7.00,0.0144,0
2023-05-18 04:49:51,1684399792,4.39,42.4,99700,1.00,2.00,4.00,4.00,0.0125,0
2023-05-18 04:54:55,1684400095,4.42,42.9,99700,1.00,2.00,3.00,4.00,0.0104,0
2023-05-18 04:59:58,1684400398,4.43,43.0,99700,1.00,2.00,3.00,4.00,0.0104,0
2023-05-18 05:04:42,1684400682,4.45,43.3,99700,1.00,3.00,5.00,6.00,0.0103,0
2023-05-18 05:09:45,1684400985,4.47,43.5,99700,1.00,2.00,3.00,4.00,0.0118,0
2023-05-18 05:14:48,1684401289,4.51,43.8,99700,1.00,2.00,3.00,4.00,0.0118,0
2023-05-18 05:19:51,1684401592,4.54,43.9,99713,1.00,2.00,4.00,4.00,0.00995,0
2023-05-18 05:24:54,1684401894,4.59,44.0,99800,1.00,2.00,3.00,4.00,0.00995,0
2023-05-18 05:29:57,1684402197,4.68,43.5,99800,1.00,3.00,5.00,5.00,0.00995,0
2023-05-18 05:34:59,1684402500,4.80,42.5,99800,1.00,2.00,3.00,4.00,0.0107,0
2023-05-18 05:39:43,1684402784,4.90,41.0,99800,1.00,2.00,4.00,5.00,0.0107,0
2023-05-18 05:44:46,1684403086,5.08,39.7,99800,1.00,2.00,3.00,4.00,0.0101,0
2023-05-18 05:48:14,1684403294,5.23,39.0,99800,1e-7,1e-7,1e-7,1e-7,0.0102,0
2023-05-18 07:09:46,1684408186,7.70,33.7,99900,1e-7,1e-7,1e-7,1e-7,,
2023-05-18 07:14:45,1684408485,7.86,33.1,99900,1.00,5.00,8.00,9.00,,
2023-05-18 07:19:45,1684408786,7.97,32.9,99900,1.00,3.00,6.00,7.00,,
2023-05-18 07:23:11,1684408992,7.99,32.4,99900,1e-7,2.00,4.00,4.00,,
2023-05-18 07:44:53,1684410294,8.72,30.6,100000,1e-7,1.00,3.00,3.00,,
2023-05-18 07:49:52,1684410593,8.80,30.4,100000,1.00,2.00,4.00,4.00,0.0105,0
2023-05-18 07:54:52,1684410892,8.88,30.4,100000,1.00,2.00,4.00,4.00,0.0105,0
2023-05-18 07:59:51,1684411192,8.94,30.0,100000,1.00,3.00,5.00,6.00,0.0108,0
2023-05-18 08:04:49,1684411489,8.89,29.4,100000,2.00,2.00,4.00,4.00,0.0112,0
2023-05-18 08:09:48,1684411789,8.70,29.1,100000,1.00,5.00,8.00,9.00,0.0101,0
2023-05-18 08:14:48,1684412088,8.58,29.4,100000,1.00,3.00,6.00,7.00,0.0159,0
2023-05-18 08:15:44,1684412144,8.52,28.9,100000,1e-7,2.00,3.00,4.00,0.0159,0
2023-05-18 08:29:43,1684412983,8.59,29.9,100000,1.00,2.00,4.00,4.00,0.0137,0
2023-05-18 08:34:42,1684413283,9.03,29.7,100000,1.00,2.00,4.00,4.00,0.0129,0
2023-05-18 08:39:59,1684413599,9.57,29.2,100000,1.00,2.00,3.00,4.00,0.0132,0
2023-05-18 08:44:58,1684413898,9.99,28.7,100000,1.00,3.00,4.00,4.00,0.00998,0
2023-05-18 08:49:57,1684414198,10.2,28.0,100000,1.00,2.00,4.00,5.00,0.00998,0
2023-05-18 08:54:56,1684414496,10.2,27.4,100000,1.00,5.00,8.00,9.00,0.0139,0
2023-05-18 08:59:54,1684414795,10.3,27.7,100000,1.00,2.00,3.00,4.00,0.0187,0
2023-05-18 09:04:53,1684415093,10.5,27.5,100000,2.00,8.00,13.0,15.0,0.0208,0
2023-05-18 09:05:30,1684415131,10.6,27.1,100000,1e-7,1e-7,1e-7,1e-7,0.0108,0
2023-05-18 09:19:46,1684415986,10.8,26.3,100000,1.00,2.00,4.00,4.00,0.0170,0
2023-05-18 09:21:19,1684416079,10.9,26.5,100000,1.00,4.00,7.00,8.00,0.0212,0
2023-05-18 12:24:51,1684427092,16.0,21.1,100000,1e-7,2.00,3.00,4.00,,
2023-05-18 12:29:48,1684427388,16.1,21.1,100000,1.00,4.00,6.00,7.00,,
2023-05-18 12:34:44,1684427685,16.4,21.0,100000,1.00,3.00,5.00,6.00,,
2023-05-18 12:38:45,1684427926,16.6,19.5,100000,1.00,2.00,3.00,4.00,0.0117,0
2023-05-18 12:59:45,1684429186,17.5,19.6,100000,1.00,3.00,5.00,6.00,,
2023-05-18 13:04:59,1684429500,17.6,19.4,100000,2.00,5.00,8.00,9.00,,
2023-05-18 13:09:55,1684429796,17.5,19.0,100000,1.00,4.00,7.00,9.00,,
2023-05-18 13:11:46,1684429906,17.5,19.3,100000,1e-7,1.00,3.00,3.00,0.0125,0
2023-05-18 13:29:55,1684430996,17.8,19.6,100000,1.00,3.00,4.00,5.00,,
2023-05-18 13:34:51,1684431292,18.0,19.3,100000,1.00,4.00,7.00,8.00,,
2023-05-18 13:39:46,1684431587,18.3,18.5,100000,4.00,15.0,24.0,29.0,,
2023-05-18 13:44:41,1684431882,18.5,18.4,100000,1.00,2.00,3.00,3.00,0.0473,0
2023-05-18 13:59:59,1684432800,19.0,18.0,99936,1.00,4.00,7.00,8.00,0.0736,0
2023-05-18 14:02:26,1684432946,19.1,17.5,99900,2.00,4.00,5.00,5.00,0.0585,0
2023-05-18 14:09:53,1684433394,19.1,17.9,99900,1.00,2.00,3.00,4.00,0.0568,0
2023-05-18 14:14:47,1684433688,19.1,18.0,99900,1.00,5.00,8.00,9.00,0.0141,0
2023-05-18 14:17:51,1684433872,19.2,17.8,99900,1.00,2.00,4.00,4.00,0.0135,0
2023-05-18 14:29:54,1684434594,19.2,17.4,99950,1.00,3.00,5.00,6.00,0.0135,0
2023-05-18 14:34:11,1684434852,19.2,17.2,99900,2.00,3.00,5.00,6.00,0.0135,0
2023-05-18 14:44:56,1684435496,19.5,17.2,99900,3.00,10.0,16.0,19.0,0.0173,0
2023-05-18 14:49:50,1684435790,19.6,16.7,99900,3.00,10.0,16.0,19.0,0.0638,0
2023-05-18 14:50:45,1684435845,19.5,16.6,99900,1.00,1.00,3.00,3.00,0.0581,0
2023-05-18 14:59:44,1684436385,19.6,16.9,99900,2.00,2.00,3.00,3.00,0.0578,0
2023-05-18 15:04:56,1684436697,19.7,17.0,99900,1.00,3.00,4.00,4.00,0.0712,0
2023-05-18 15:08:17,1684436898,19.8,17.1,99900,2.00,7.00,12.0,14.0,0.0292,0
2023-05-18 15:19:53,1684437593,20.0,16.4,99900,1.00,2.00,3.00,3.00,0.0252,0
2023-05-18 15:24:45,1684437886,20.1,17.1,99900,8.00,21.0,32.0,38.0,0.0233,0
2023-05-18 15:34:49,1684438489,20.2,17.7,99900,2.00,5.00,8.00,9.00,0.0671,0
2023-05-18 15:39:42,1684438783,20.2,18.3,99900,2.00,6.00,9.00,11.0,0.0550,0
2023-05-18 15:40:37,1684438838,20.1,18.7,99900,1.00,2.00,3.00,4.00,0.0333,0
2023-05-18 15:49:54,1684439395,19.8,18.7,99900,1.00,4.00,7.00,8.00,0.0289,0
2023-05-18 15:54:48,1684439688,19.7,18.6,99900,3.00,8.00,12.0,15.0,0.0183,0
2023-05-18 15:56:20,1684439780,19.8,18.7,99900,1.00,3.00,5.00,6.00,0.0183,0
2023-05-18 16:04:55,1684440296,19.9,18.5,99900,4.00,12.0,18.0,21.0,0.0237,0
2023-05-18 16:09:49,1684440589,19.9,18.6,99900,10.0,30.0,46.0,53.0,0.137,0
2023-05-18 16:14:05,1684440845,20.0,18.3,99900,3.00,5.00,7.00,8.00,0.188,0
2023-05-18 16:19:44,1684441184,20.1,19.0,99900,1.00,1.00,1.00,1.00,0.169,0
2023-05-18 16:24:54,1684441495,20.2,18.6,99900,4.00,13.0,20.0,23.0,0.173,0
2023-05-18 16:29:30,1684441770,20.2,18.3,99900,3.00,5.00,9.00,10.0,0.0405,0
2023-05-18 16:39:48,1684442389,20.3,18.3,99900,1.00,2.00,3.00,4.00,0.0308,0
2023-05-18 16:44:41,1684442682,20.3,18.2,99900,2.00,6.00,9.00,10.0,0.0381,0
2023-05-18 16:47:07,1684442828,20.3,18.2,99900,2.00,3.00,5.00,6.00,0.0116,0
2023-05-18 16:54:49,1684443290,20.4,18.6,99900,1.00,5.00,8.00,10.0,0.0326,0
2023-05-18 16:59:42,1684443583,20.5,18.4,99900,1.00,3.00,5.00,6.00,0.0326,0
2023-05-18 17:03:22,1684443802,20.7,18.1,99900,1.00,3.00,5.00,6.00,0.0146,0
2023-05-18 17:14:55,1684444496,20.9,17.8,99900,3.00,5.00,7.00,9.00,0.0172,0
2023-05-18 17:18:35,1684444715,21.0,17.5,99900,1.00,5.00,8.00,9.00,0.0200,0
2023-05-18 17:29:41,1684445382,21.0,17.1,99900,2.00,4.00,5.00,6.00,0.0189,0
2023-05-18 17:34:53,1684445693,21.0,17.1,99900,1.00,3.00,5.00,6.00,0.0216,0
2023-05-18 17:35:11,1684445711,21.0,16.9,99900,1.00,3.00,4.00,5.00,0.0106,0
2023-05-18 17:49:42,1684446582,21.1,16.9,99900,2.00,6.00,9.00,11.0,0.0201,0
2023-05-18 17:52:44,1684446765,21.2,16.3,99900,2.00,5.00,8.00,10.0,0.0201,0
2023-05-18 17:59:49,1684447190,21.2,16.9,99900,1.00,3.00,4.00,5.00,0.0104,0
2023-05-18 18:04:42,1684447482,21.2,16.4,99900,3.00,4.00,7.00,8.00,0.0144,0
2023-05-18 18:09:16,1684447756,21.1,16.1,99900,2.00,4.00,6.00,7.00,0.0116,0
2023-05-18 18:14:52,1684448093,20.5,16.7,99900,1.00,3.00,5.00,6.00,0.0118,0
2023-05-18 18:19:45,1684448386,20.6,16.7,99900,2.00,2.00,3.00,4.00,0.0136,0
2023-05-18 18:24:20,1684448661,20.8,16.4,99900,2.00,4.00,5.00,6.00,0.0136,0
2023-05-18 18:34:59,1684449300,21.0,15.9,99900,3.00,5.00,8.00,9.00,0.0131,0
2023-05-18 18:39:52,1684449593,20.9,15.8,99900,3.00,3.00,5.00,6.00,0.0198,0
2023-05-18 18:40:47,1684449648,20.9,15.7,99900,1.00,2.00,3.00,3.00,0.0109,0
2023-05-18 18:49:43,1684450183,20.8,15.8,99900,1.00,3.00,4.00,5.00,0.0111,0
2023-05-18 18:54:54,1684450495,20.8,15.8,99900,2.00,5.00,8.00,9.00,0.0133,0
2023-05-18 18:57:21,1684450641,20.7,15.8,99900,2.00,2.00,3.00,4.00,0.0149,0
2023-05-18 19:09:48,1684451389,20.7,15.8,99900,2.00,2.00,3.00,4.00,0.0242,0
2023-05-18 19:14:42,1684451682,20.5,16.0,99900,3.00,6.00,8.00,9.00,0.0257,0
2023-05-18 19:19:54,1684451995,20.3,21.5,94024,1.00,4.00,6.00,7.00,0.0219,0
2023-05-18 19:24:48,1684452289,20.1,17.0,99900,2.00,4.00,6.00,7.00,0.0258,0
2023-05-18 19:29:42,1684452583,20.0,17.3,99900,3.00,8.00,13.0,15.0,0.0332,0
2023-05-18 19:34:55,1684452895,19.9,17.6,99900,3.00,5.00,8.00,10.0,0.0539,0
2023-05-18 19:39:49,1684453190,19.6,17.9,99900,2.00,5.00,7.00,9.00,0.0432,0
2023-05-18 19:44:44,1684453485,19.0,18.5,99900,2.00,3.00,6.00,7.00,0.0248,0
2023-05-18 19:49:58,1684453799,18.3,19.3,99900,2.00,3.00,4.00,5.00,0.0163,0
2023-05-18 19:54:54,1684454094,17.7,19.9,99900,2.00,4.00,7.00,8.00,0.0134,0
2023-05-18 19:59:50,1684454390,17.2,20.6,99900,2.00,3.00,5.00,6.00,0.0134,0
2023-05-18 20:04:46,1684454687,16.8,21.2,99900,1.00,2.00,3.00,4.00,0.0125,0
2023-05-18 20:09:43,1684454983,16.4,21.6,99900,2.00,5.00,8.00,10.0,0.0110,0
2023-05-18 20:14:58,1684455298,16.1,22.2,99900,2.00,6.00,9.00,11.0,0.0214,0
2023-05-18 20:19:55,1684455595,15.8,22.8,99900,2.00,4.00,6.00,7.00,0.0225,0
2023-05-18 20:24:52,1684455893,15.4,23.2,99900,2.00,2.00,4.00,4.00,0.0213,0
2023-05-18 20:29:49,1684456190,15.0,23.8,99900,2.00,3.00,5.00,6.00,0.0126,0
2023-05-18 20:34:47,1684456487,14.6,24.3,99900,2.00,3.00,5.00,6.00,0.0114,0
2023-05-18 20:39:45,1684456785,14.2,24.7,99919,1.00,3.00,5.00,6.00,0.0116,0
2023-05-18 20:44:43,1684457083,13.8,25.4,100000,2.00,6.00,9.00,11.0,0.0106,0
2023-05-18 20:49:59,1684457400,13.4,26.4,100000,2.00,5.00,8.00,9.00,0.0260,0
2023-05-18 20:54:58,1684457699,13.0,26.8,100000,2.00,7.00,11.0,12.0,0.0241,0
2023-05-18 20:59:57,1684457998,12.6,27.4,100000,2.00,5.00,8.00,9.00,0.0188,0
2023-05-18 21:04:56,1684458296,12.3,28.2,100000,3.00,5.00,6.00,7.00,0.0234,0
2023-05-18 21:09:55,1684458595,11.9,28.9,100000,2.00,4.00,6.00,8.00,0.0203,0
2023-05-18 21:14:54,1684458894,11.6,29.2,100000,1.00,4.00,7.00,9.00,0.0135,0
2023-05-18 21:19:53,1684459194,11.2,30.0,100000,1.00,4.00,6.00,8.00,0.0190,0
2023-05-18 21:24:53,1684459493,10.9,30.7,100000,3.00,4.00,5.00,6.00,0.0131,0
2023-05-18 21:29:52,1684459793,10.7,31.1,100000,2.00,4.00,7.00,9.00,0.0126,0
2023-05-18 21:34:52,1684460093,10.4,31.2,100000,3.00,7.00,10.0,12.0,0.0227,0
2023-05-18 21:39:52,1684460392,10.1,32.0,100000,2.00,4.00,6.00,7.00,0.0165,0
2023-05-18 21:44:52,1684460692,9.89,32.4,100000,7.00,9.00,13.0,14.0,0.0655,0
2023-05-18 21:49:52,1684460993,9.62,32.2,100000,8.00,9.00,12.0,13.0,0.221,0
2023-05-18 21:54:52,1684461293,9.38,33.2,100000,9.00,16.0,22.0,25.0,0.432,0
2023-05-18 21:59:53,1684461593,9.16,33.8,100000,9.00,15.0,20.0,22.0,0.264,0
2023-05-18 22:04:53,1684461894,8.96,34.2,100000,3.00,7.00,9.00,11.0,0.487,0
2023-05-18 22:09:54,1684462194,8.80,34.6,100006,7.00,13.0,18.0,21.0,0.412,0
2023-05-18 22:14:55,1684462495,8.64,35.2,100044,7.00,15.0,21.0,24.0,0.230,0
2023-05-18 22:19:55,1684462796,8.49,36.2,100100,5.00,7.00,10.0,11.0,0.171,0
2023-05-18 22:24:57,1684463097,8.33,36.5,100063,5.00,12.0,20.0,23.0,0.154,0
2023-05-18 22:29:58,1684463398,8.18,36.3,100088,5.00,12.0,18.0,21.0,0.186,0
2023-05-18 22:34:59,1684463699,7.99,35.7,100006,3.00,6.00,8.00,9.00,0.210,0
2023-05-18 22:39:41,1684463982,7.82,36.2,100000,2.00,5.00,8.00,9.00,0.266,0
2023-05-18 22:44:43,1684464284,7.69,37.2,100000,4.00,8.00,11.0,12.0,0.0878,0
2023-05-18 22:49:45,1684464585,7.55,37.6,100031,3.00,7.00,11.0,13.0,0.0208,0
2023-05-18 22:54:46,1684464887,7.40,38.0,100006,3.00,5.00,6.00,7.00,0.0388,0
2023-05-18 22:59:48,1684465188,7.28,38.8,100000,3.00,6.00,8.00,9.00,0.0184,0
2023-05-18 23:04:49,1684465490,7.14,39.1,100000,3.00,5.00,8.00,9.00,0.0184,0
2023-05-18 23:09:51,1684465791,7.05,38.7,100000,6.00,8.00,9.00,9.00,0.0162,0
2023-05-18 23:14:53,1684466093,6.95,38.8,100000,2.00,5.00,8.00,9.00,0.0184,0
2023-05-18 23:19:54,1684466395,6.85,39.1,100013,2.00,6.00,9.00,11.0,0.0227,0
2023-05-18 23:24:56,1684466697,6.76,39.3,100006,3.00,5.00,8.00,9.00,0.0226,0
2023-05-18 23:29:58,1684466999,6.67,39.4,100056,2.00,4.00,6.00,7.00,0.0108,0
2023-05-18 23:34:42,1684467282,6.57,39.9,100007,3.00,4.00,6.00,7.00,0.0116,0
2023-05-18 23:39:44,1684467584,6.48,40.1,100075,3.00,6.00,8.00,9.00,0.0135,0
2023-05-18 23:44:46,1684467886,6.39,39.9,100013,3.00,5.00,9.00,10.0,0.0169,0
2023-05-18 23:49:48,1684468189,6.29,39.9,100000,1.00,4.00,7.00,8.00,0.0177,0
2023-05-18 23:54:50,1684468491,6.21,40.4,100000,3.00,7.00,11.0,13.0,0.0123,0
2023-05-18 23:59:52,1684468793,6.11,40.1,100044,2.00,5.00,7.00,8.00,0.0172,0
2023-05-19 00:04:55,1684469095,6.04,40.4,100025,2.00,5.00,7.00,9.00,0.0273,0
2023-05-19 00:09:57,1684469397,5.95,40.2,100000,3.00,7.00,9.00,11.0,0.0291,0
2023-05-19 00:14:59,1684469700,5.91,40.8,100000,3.00,9.00,15.0,17.0,0.0426,0
2023-05-19 00:19:43,1684469983,5.89,41.0,100000,2.00,6.00,9.00,10.0,0.0430,0
2023-05-19 00:24:45,1684470285,5.86,41.1,100000,2.00,3.00,5.00,6.00,0.0196,0
2023-05-19 00:29:47,1684470588,5.87,41.4,100000,3.00,4.00,6.00,7.00,0.0282,0
2023-05-19 00:34:50,1684470890,5.89,41.8,100000,1.00,2.00,4.00,5.00,0.0176,0
2023-05-19 00:39:52,1684471192,5.96,42.6,100000,3.00,3.00,5.00,6.00,0.0118,0
2023-05-19 00:44:54,1684471495,6.00,42.2,100000,2.00,4.00,7.00,8.00,0.0159,0
2023-05-19 00:49:57,1684471797,6.02,42.3,100000,4.00,6.00,7.00,8.00,0.0184,0
2023-05-19 00:54:59,1684472099,6.00,42.7,100000,1.00,3.00,6.00,7.00,0.0193,0
2023-05-19 00:59:42,1684472383,5.99,42.9,100000,3.00,5.00,7.00,8.00,0.0254,0
2023-05-19 01:04:45,1684472685,5.98,43.2,100000,2.00,3.00,4.00,5.00,0.0135,0
2023-05-19 01:09:47,1684472987,5.98,42.9,100000,3.00,3.00,6.00,7.00,0.0203,0
2023-05-19 01:14:49,1684473290,5.97,42.6,100000,2.00,8.00,13.0,15.0,0.0449,0
2023-05-19 01:19:52,1684473592,5.96,43.1,100000,2.00,4.00,7.00,9.00,0.0354,0
2023-05-19 01:24:54,1684473895,5.92,43.6,100000,1.00,4.00,7.00,8.00,0.0194,0
2023-05-19 01:29:56,1684474197,5.85,43.5,100000,1.00,5.00,8.00,10.0,0.0178,0
2023-05-19 01:34:59,1684474499,5.83,43.8,100000,2.00,7.00,12.0,14.0,0.0200,0
2023-05-19 01:39:42,1684474783,5.87,44.0,100000,2.00,3.00,4.00,5.00,0.0203,0
2023-05-19 01:44:44,1684475085,5.93,43.5,100000,1.00,2.00,3.00,4.00,0.0148,0
2023-05-19 01:49:47,1684475387,5.97,43.3,100000,1.00,3.00,6.00,7.00,0.0111,0
2023-05-19 01:54:49,1684475690,5.99,43.4,100000,3.00,8.00,12.0,14.0,0.0191,0
2023-05-19 01:59:52,1684475992,5.97,43.4,100000,2.00,3.00,4.00,4.00,0.0346,0
2023-05-19 02:04:54,1684476295,5.89,43.4,100000,2.00,3.00,5.00,5.00,0.0336,0
2023-05-19 02:09:57,1684476597,5.77,43.2,100000,2.00,2.00,3.00,4.00,0.0311,0
2023-05-19 02:14:59,1684476900,5.63,43.2,100000,1.00,3.00,5.00,6.00,0.0134,0
2023-05-19 02:19:43,1684477184,5.50,43.5,100000,2.00,4.00,6.00,7.00,0.0163,0
2023-05-19 02:24:46,1684477486,5.37,43.6,100000,1.00,5.00,8.00,9.00,0.0233,0
2023-05-19 02:29:49,1684477789,5.23,43.5,100000,2.00,4.00,6.00,7.00,0.0255,0
2023-05-19 02:34:51,1684478092,5.12,44.0,100000,1.00,3.00,5.00,6.00,0.0255,0
2023-05-19 02:39:54,1684478395,5.00,44.4,100000,1.00,4.00,7.00,8.00,0.0164,0
2023-05-19 02:44:57,1684478697,4.88,45.3,100000,2.00,6.00,10.0,11.0,0.0343,0
2023-05-19 02:49:41,1684478981,4.77,45.6,100000,3.00,4.00,6.00,7.00,0.0379,0
2023-05-19 02:54:44,1684479284,4.71,45.4,100000,1.00,5.00,8.00,10.0,0.0158,0
2023-05-19 02:59:47,1684479587,4.66,45.1,100000,1.00,2.00,4.00,4.00,0.0170,0
2023-05-19 03:04:50,1684479890,4.57,44.7,100000,1.00,2.00,3.00,4.00,0.0285,0
2023-05-19 03:09:53,1684480193,4.45,45.2,100000,2.00,4.00,5.00,6.00,0.0109,0
2023-05-19 03:14:56,1684480497,4.38,45.5,100000,2.00,5.00,7.00,8.00,0.0125,0
2023-05-19 03:19:59,1684480800,4.32,45.3,100000,2.00,4.00,7.00,9.00,0.0128,0
2023-05-19 03:24:44,1684481084,4.30,45.7,100000,2.00,6.00,8.00,9.00,0.0205,0
2023-05-19 03:29:47,1684481387,4.27,45.8,100000,2.00,3.00,4.00,5.00,0.0223,0
2023-05-19 03:34:50,1684481691,4.22,45.6,100000,2.00,5.00,8.00,9.00,0.0223,0
2023-05-19 03:39:54,1684481994,4.18,46.0,100000,2.00,3.00,5.00,6.00,0.0125,0
2023-05-19 03:44:56,1684482297,4.17,46.2,100000,2.00,4.00,6.00,7.00,0.0125,0
2023-05-19 03:49:59,1684482600,4.17,46.0,100000,1.00,2.00,3.00,4.00,0.0121,0
2023-05-19 03:54:44,1684482884,4.16,46.0,100000,2.00,4.00,6.00,7.00,0.0130,0
2023-05-19 03:59:47,1684483188,4.14,46.1,100000,2.00,4.00,6.00,7.00,0.0108,0
2023-05-19 04:04:51,1684483491,4.09,46.3,100000,3.00,5.00,7.00,8.00,0.0155,0
2023-05-19 04:09:54,1684483794,4.07,46.7,100000,2.00,3.00,5.00,6.00,0.0194,0
2023-05-19 04:14:57,1684484098,4.01,46.5,100000,2.00,5.00,7.00,8.00,0.0161,0
2023-05-19 04:19:42,1684484382,3.99,46.6,100000,1.00,5.00,8.00,9.00,0.0122,0
2023-05-19 04:24:45,1684484686,3.95,46.4,100000,2.00,3.00,5.00,6.00,0.0102,0
2023-05-19 04:29:48,1684484989,3.92,46.5,100000,2.00,3.00,3.00,4.00,0.0126,0
2023-05-19 04:34:52,1684485292,3.91,46.7,100000,2.00,4.00,5.00,6.00,0.0156,0
2023-05-19 04:39:55,1684485596,3.94,47.0,100000,2.00,5.00,8.00,10.0,0.0281,0
2023-05-19 04:44:59,1684485899,3.97,47.2,100000,3.00,8.00,12.0,14.0,0.0427,0
2023-05-19 04:49:43,1684486184,3.98,47.3,100000,1.00,3.00,5.00,6.00,0.0259,0
2023-05-19 04:54:46,1684486487,3.99,47.5,100000,1.00,3.00,5.00,6.00,0.0452,0
2023-05-19 04:59:50,1684486790,4.02,47.5,100000,2.00,5.00,7.00,9.00,0.0406,0
2023-05-19 05:04:53,1684487094,4.07,47.7,100000,3.00,6.00,8.00,9.00,0.0227,0
2023-05-19 05:09:56,1684487397,4.12,47.8,100000,2.00,4.00,7.00,8.00,0.0211,0
2023-05-19 05:14:41,1684487681,4.16,47.3,100000,2.00,7.00,10.0,12.0,0.0238,0
2023-05-19 05:19:44,1684487984,4.25,47.9,100000,2.00,4.00,6.00,7.00,0.0428,0
2023-05-19 05:24:47,1684488288,4.34,48.5,100000,1.00,3.00,5.00,6.00,0.0272,0
2023-05-19 05:29:50,1684488591,4.46,48.7,100000,2.00,4.00,6.00,6.00,0.0272,0
2023-05-19 05:34:53,1684488894,4.58,48.4,100000,6.00,13.0,19.0,21.0,0.0232,0
2023-05-19 05:39:56,1684489197,4.75,49.0,100000,2.00,7.00,11.0,13.0,0.0284,0
2023-05-19 05:44:59,1684489499,4.91,48.3,100000,2.00,5.00,8.00,9.00,0.0242,0
2023-05-19 05:49:43,1684489783,5.06,47.8,100000,2.00,4.00,5.00,6.00,0.0174,0
2023-05-19 05:52:14,1684489934,5.17,48.2,100000,2.00,2.00,3.00,3.00,0.0408,0
2023-05-19 07:09:58,1684494599,8.09,46.3,100000,2.00,5.00,8.00,9.00,,
2023-05-19 07:14:58,1684494899,8.25,45.8,100000,3.00,5.00,8.00,9.00,,
2023-05-19 07:15:35,1684494936,8.44,45.9,100000,1.00,2.00,3.00,3.00,,
2023-05-19 07:24:49,1684495489,9.04,45.1,100000,3.00,6.00,8.00,9.00,,
2023-05-19 07:29:48,1684495789,9.32,43.8,100000,2.00,4.00,5.00,5.00,,
2023-05-19 07:34:46,1684496087,9.60,43.1,100000,2.00,5.00,7.00,9.00,0.0112,0
2023-05-19 07:39:45,1684496385,9.81,42.4,100000,2.00,5.00,8.00,9.00,0.0140,0
2023-05-19 11:29:42,1684510183,22.3,22.7,99800,2.00,3.00,5.00,6.00,,
2023-05-19 11:34:53,1684510494,22.4,22.8,99800,4.00,8.00,12.0,14.0,,
2023-05-19 11:39:46,1684510787,22.4,23.1,99800,4.00,5.00,7.00,8.00,,
2023-05-19 11:54:51,1684511692,22.9,23.4,99714,5.00,9.00,13.0,15.0,0.0320,0
2023-05-19 11:57:35,1684511856,23.0,23.8,99700,9.00,23.0,36.0,41.0,0.0176,0
2023-05-19 12:04:53,1684512294,23.4,23.1,99700,6.00,10.0,14.0,16.0,0.0793,0
2023-05-19 12:09:46,1684512586,23.5,23.1,99700,5.00,5.00,5.00,6.00,0.0786,0
2023-05-19 12:12:49,1684512769,23.4,22.9,99700,5.00,7.00,8.00,9.00,0.103,0
2023-05-19 12:24:57,1684513498,23.5,23.5,99700,3.00,5.00,6.00,6.00,0.101,0
2023-05-19 12:29:13,1684513753,23.5,23.4,99700,4.00,12.0,19.0,22.0,0.0275,0
2023-05-19 12:39:59,1684514400,23.6,24.1,99700,5.00,7.00,9.00,10.0,0.0114,0
2023-05-19 12:44:52,1684514693,23.7,24.2,99700,5.00,8.00,9.00,10.0,0.0282,0
2023-05-19 12:45:29,1684514729,23.8,24.3,99700,2.00,4.00,5.00,6.00,0.0129,0
2023-05-19 12:54:53,1684515293,24.3,24.1,99700,4.00,5.00,5.00,5.00,0.0117,0
2023-05-19 12:59:45,1684515585,24.4,24.0,99650,7.00,8.00,8.00,9.00,0.0386,0
2023-05-19 13:01:53,1684515713,24.5,24.2,99600,4.00,7.00,9.00,11.0,0.0135,0
2023-05-19 13:14:42,1684516482,25.1,23.8,99600,4.00,5.00,6.00,7.00,0.0329,0
2023-05-19 13:18:21,1684516701,25.3,23.6,99600,5.00,7.00,7.00,8.00,0.0290,0
2023-05-19 13:29:59,1684517400,25.9,23.0,99600,5.00,6.00,6.00,6.00,0.0150,0
2023-05-19 13:34:50,1684517691,26.1,23.0,99600,5.00,8.00,10.0,11.0,0.0188,0
2023-05-19 13:49:43,1684518584,26.6,22.5,99500,6.00,7.00,7.00,7.00,0.0411,0
2023-05-19 13:52:08,1684518729,26.7,22.2,99500,2.00,3.00,4.00,5.00,0.0255,0
2023-05-19 13:59:51,1684519191,27.1,22.3,99500,4.00,4.00,5.00,5.00,0.0457,0
2023-05-19 14:04:59,1684519500,27.3,21.9,99500,6.00,12.0,16.0,18.0,0.0361,0
2023-05-19 14:07:24,1684519645,27.4,21.7,99500,4.00,6.00,6.00,7.00,0.0280,0
2023-05-19 14:19:46,1684520387,27.7,21.8,99500,5.00,7.00,8.00,8.00,0.0325,0
2023-05-19 14:23:42,1684520622,28.0,21.3,99500,4.00,5.00,6.00,6.00,0.0368,0
2023-05-19 14:34:59,1684521299,28.2,20.9,99500,5.00,7.00,8.00,9.00,0.0305,0
2023-05-19 14:39:48,1684521589,28.4,20.5,99500,6.00,8.00,9.00,10.0,0.0414,0
2023-05-19 14:41:18,1684521679,28.5,20.2,99480,3.00,4.00,5.00,6.00,0.0414,0
2023-05-19 14:49:52,1684522192,28.8,20.2,99400,5.00,7.00,9.00,10.0,0.0403,0
2023-05-19 14:54:59,1684522500,29.0,20.0,99400,5.00,7.00,9.00,10.0,0.0403,0
2023-05-19 14:57:23,1684522644,29.1,19.4,99400,4.00,6.00,7.00,8.00,0.0301,0
2023-05-19 15:04:56,1684523096,29.0,19.9,99400,3.00,3.00,3.00,3.00,0.0152,0
2023-05-19 15:09:45,1684523385,29.0,19.9,99400,5.00,7.00,9.00,10.0,0.0253,0
2023-05-19 15:13:57,1684523637,29.1,19.1,99400,4.00,5.00,5.00,6.00,0.0171,0
2023-05-19 15:24:59,1684524299,29.5,18.8,99400,4.00,6.00,8.00,9.00,0.0138,0
2023-05-19 15:29:47,1684524588,29.4,18.3,99400,5.00,6.00,6.00,7.00,0.0117,0
2023-05-19 15:30:05,1684524605,29.2,18.0,99400,2.00,2.00,2.00,2.00,0.0117,0
2023-05-19 15:39:45,1684525185,29.0,30.4,98314,3.00,4.00,6.00,7.00,0.0130,0
2023-05-19 15:44:52,1684525492,29.1,18.7,99400,6.00,8.00,9.00,10.0,0.0187,0
2023-05-19 15:46:22,1684525582,29.1,18.6,99400,4.00,5.00,6.00,6.00,0.0105,0
2023-05-19 15:54:57,1684526097,29.2,18.4,99400,6.00,7.00,8.00,9.00,0.0321,0
2023-05-19 15:59:46,1684526386,29.3,18.4,99394,4.00,7.00,9.00,10.0,0.0321,0
2023-05-19 16:01:34,1684526494,29.3,18.5,99350,3.00,4.00,5.00,5.00,0.0108,0
2023-05-19 16:14:48,1684527288,29.4,18.0,99300,6.00,11.0,17.0,20.0,0.0547,0
2023-05-19 16:19:00,1684527540,29.6,17.6,99300,4.00,4.00,5.00,5.00,0.0614,0
2023-05-19 16:24:51,1684527892,29.8,17.3,99300,3.00,3.00,3.00,3.00,0.0167,0
2023-05-19 16:29:58,1684528198,30.0,17.1,99300,6.00,7.00,8.00,8.00,0.0693,0
2023-05-19 16:34:11,1684528451,30.2,16.6,99300,4.00,5.00,5.00,5.00,0.0132,0
2023-05-19 16:44:54,1684529095,29.8,16.8,99300,3.00,4.00,5.00,6.00,0.0225,0
2023-05-19 16:49:43,1684529384,41.8,32.3,77194,4.00,6.00,10.0,12.0,0.0231,0
2023-05-19 16:50:55,1684529456,61.7,58.3,40350,2.00,2.00,4.00,5.00,0.0358,0
2023-05-19 16:59:45,1684529985,30.4,16.1,99300,3.00,5.00,7.00,8.00,0.0358,0
2023-05-19 17:04:51,1684530291,30.4,15.9,99300,6.00,7.00,7.00,7.00,0.0372,0
2023-05-19 17:07:32,1684530453,30.2,15.5,99300,2.00,3.00,4.00,5.00,0.0142,0
2023-05-19 17:19:52,1684531192,29.9,16.0,99300,5.00,7.00,9.00,11.0,0.0168,0
2023-05-19 17:22:52,1684531373,30.0,16.2,99300,4.00,4.00,6.00,6.00,0.0127,0
2023-05-19 17:39:57,1684532397,30.1,15.9,99300,3.00,5.00,8.00,9.00,0.0127,0
2023-05-19 17:40:14,1684532415,29.9,16.1,99300,1.00,2.00,2.00,2.00,0.0139,0
2023-05-19 17:49:48,1684532988,29.7,16.9,99300,6.00,10.0,13.0,14.0,0.0187,0
2023-05-19 17:54:54,1684533295,29.8,16.7,99300,3.00,4.00,5.00,5.00,0.0269,0
2023-05-19 17:56:24,1684533385,29.7,16.7,99300,6.00,6.00,6.00,6.00,0.0255,0
2023-05-19 18:04:51,1684533892,29.3,17.0,99300,4.00,5.00,5.00,6.00,0.0255,0
2023-05-19 18:09:59,1684534199,28.7,17.5,99300,6.00,6.00,6.00,7.00,0.0216,0
2023-05-19 18:14:49,1684534490,28.3,18.1,99300,4.00,4.00,4.00,4.00,0.0141,0
2023-05-19 18:19:58,1684534798,27.9,18.4,99300,5.00,6.00,8.00,9.00,0.0110,0
2023-05-19 18:24:48,1684535089,27.7,18.7,99300,5.00,7.00,8.00,9.00,0.0356,0
2023-05-19 18:28:08,1684535288,27.6,19.2,99300,4.00,6.00,8.00,9.00,0.0249,0
2023-05-19 18:44:49,1684536290,28.6,19.0,99300,3.00,7.00,10.0,11.0,,
2023-05-19 18:49:57,1684536598,28.6,18.8,99300,6.00,7.00,8.00,8.00,,
2023-05-19 18:54:47,1684536888,28.4,19.0,99300,7.00,7.00,7.00,7.00,,
2023-05-19 18:59:56,1684537197,28.0,19.5,99300,5.00,7.00,8.00,9.00,0.0111,0
2023-05-19 19:04:47,1684537487,27.7,19.9,99300,8.00,19.0,28.0,33.0,0.0515,0
2023-05-19 19:09:56,1684537796,27.4,20.2,99300,6.00,9.00,12.0,14.0,0.0847,0
2023-05-19 19:14:47,1684538087,27.2,20.5,99300,5.00,6.00,7.00,8.00,0.0612,0
2023-05-19 19:19:56,1684538397,26.9,20.8,99300,6.00,8.00,10.0,11.0,0.0444,0
2023-05-19 19:24:48,1684538689,26.6,21.2,99300,4.00,6.00,8.00,9.00,0.0299,0
2023-05-19 19:29:58,1684538998,26.4,21.5,99300,4.00,8.00,11.0,13.0,0.0155,0
2023-05-19 19:34:50,1684539290,26.2,21.8,99300,4.00,8.00,11.0,13.0,0.0155,0
2023-05-19 19:39:42,1684539582,26.1,22.2,99300,4.00,4.00,5.00,6.00,0.0302,0
2023-05-19 19:44:52,1684539892,26.0,22.3,99300,3.00,4.00,5.00,6.00,0.0205,0
2023-05-19 19:49:44,1684540184,25.8,22.8,99300,5.00,8.00,10.0,11.0,0.0101,0
2023-05-19 19:54:54,1684540495,25.6,23.3,99300,4.00,6.00,7.00,7.00,0.0183,0
2023-05-19 19:59:47,1684540787,25.5,23.6,99300,8.00,9.00,9.00,9.00,0.0220,0
2023-05-19 20:04:57,1684541098,25.3,24.2,99300,5.00,6.00,7.00,7.00,0.0317,0
2023-05-19 20:09:50,1684541390,25.2,24.5,99300,4.00,6.00,9.00,10.0,0.0252,0
2023-05-19 20:14:42,1684541683,25.0,25.0,99300,5.00,7.00,8.00,9.00,0.0163,0
2023-05-19 20:19:53,1684541994,24.9,25.6,99300,4.00,6.00,7.00,8.00,0.0161,0
2023-05-19 20:24:46,1684542287,24.6,25.6,99300,5.00,6.00,7.00,8.00,0.0165,0
2023-05-19 20:29:57,1684542598,24.5,25.9,99300,4.00,8.00,12.0,13.0,0.0130,0
2023-05-19 20:34:50,1684542891,24.3,26.5,99300,5.00,5.00,6.00,7.00,0.0265,0
2023-05-19 20:39:43,1684543183,24.1,26.8,99300,4.00,6.00,8.00,9.00,0.0201,0
2023-05-19 20:44:54,1684543495,24.0,31.5,93459,5.00,6.00,8.00,9.00,0.0206,0
2023-05-19 20:49:47,1684543788,23.9,27.4,99300,4.00,6.00,8.00,9.00,0.0235,0
2023-05-19 20:54:59,1684544099,23.8,27.8,99300,5.00,7.00,9.00,10.0,0.0155,0
2023-05-19 20:59:52,1684544393,23.6,27.9,99300,5.00,10.0,14.0,16.0,0.0146,0
2023-05-19 21:04:45,1684544686,23.6,28.1,99300,5.00,6.00,7.00,8.00,0.0196,0
2023-05-19 21:09:57,1684544998,23.5,28.9,99300,5.00,6.00,7.00,8.00,0.0204,0
2023-05-19 21:14:51,1684545291,23.4,28.4,99300,5.00,8.00,12.0,14.0,0.0253,0
2023-05-19 21:19:44,1684545584,23.3,28.9,99300,5.00,9.00,14.0,16.0,0.0253,0
2023-05-19 21:24:56,1684545896,23.2,29.2,99300,4.00,5.00,7.00,8.00,0.0180,0
2023-05-19 21:29:49,1684546190,23.1,29.5,99375,4.00,5.00,7.00,8.00,0.0180,0
2023-05-19 21:34:43,1684546483,23.0,29.5,99400,4.00,5.00,7.00,8.00,0.0149,0
2023-05-19 21:39:55,1684546795,23.0,29.7,99400,4.00,5.00,7.00,8.00,0.0125,0
2023-05-19 21:44:48,1684547089,22.9,29.5,99400,4.00,5.00,5.00,6.00,0.0143,0
2023-05-19 21:49:42,1684547382,22.9,29.8,99400,4.00,7.00,9.00,10.0,0.0143,0
2023-05-19 21:54:54,1684547694,22.7,30.0,99400,6.00,6.00,6.00,7.00,0.0128,0
2023-05-19 21:59:48,1684547988,22.6,30.6,99400,4.00,5.00,6.00,7.00,0.0136,0
2023-05-19 22:04:42,1684548282,22.4,30.9,99400,4.00,5.00,7.00,8.00,0.0110,0
2023-05-19 22:09:54,1684548595,22.3,31.4,99400,2.00,3.00,3.00,4.00,0.0172,0
2023-05-19 22:14:48,1684548889,22.3,31.7,99400,3.00,4.00,6.00,7.00,0.0174,0
2023-05-19 22:19:42,1684549183,22.4,32.3,99400,4.00,8.00,11.0,13.0,0.0220,0
2023-05-19 22:24:54,1684549495,22.5,32.1,99400,4.00,5.00,5.00,6.00,0.0235,0
2023-05-19 22:29:48,1684549789,22.5,32.5,99400,4.00,5.00,6.00,6.00,0.0235,0
2023-05-19 22:34:42,1684550083,22.5,32.8,99400,5.00,5.00,8.00,10.0,0.0185,0
2023-05-19 22:39:54,1684550395,22.6,33.1,99400,6.00,11.0,14.0,16.0,0.0423,0
2023-05-19 22:44:48,1684550689,22.5,33.0,99400,6.00,6.00,6.00,6.00,0.0738,0
2023-05-19 22:49:42,1684550983,22.4,33.5,99400,4.00,5.00,5.00,6.00,0.0738,0
2023-05-19 22:54:55,1684551295,22.3,33.5,99400,4.00,9.00,13.0,14.0,0.0254,0
2023-05-19 22:59:49,1684551589,22.3,34.1,99400,4.00,7.00,10.0,12.0,0.0133,0
2023-05-19 23:04:43,1684551883,22.3,34.4,99400,6.00,7.00,10.0,11.0,0.0122,0
2023-05-19 23:09:55,1684552196,22.3,34.4,99400,5.00,10.0,15.0,17.0,0.0287,0
2023-05-19 23:14:49,1684552490,22.3,38.8,93188,4.00,5.00,5.00,6.00,0.0530,0
2023-05-19 23:19:43,1684552784,22.3,34.9,99400,5.00,8.00,10.0,11.0,0.0530,0
2023-05-19 23:24:56,1684553096,22.3,35.2,99400,6.00,7.00,8.00,8.00,0.0375,0
2023-05-19 23:29:50,1684553390,22.2,34.8,99400,4.00,6.00,8.00,9.00,0.0256,0
2023-05-19 23:34:44,1684553684,22.2,35.4,99400,5.00,11.0,16.0,18.0,0.0557,0
2023-05-19 23:39:56,1684553997,22.1,35.7,99400,5.00,7.00,9.00,10.0,0.0711,0
2023-05-19 23:44:50,1684554291,22.0,36.1,99400,5.00,6.00,6.00,6.00,0.0711,0
2023-05-19 23:49:44,1684554585,21.9,36.3,99400,6.00,7.00,7.00,8.00,0.0214,0
2023-05-19 23:54:57,1684554897,21.8,36.3,99400,6.00,7.00,8.00,9.00,0.0208,0
2023-05-19 23:59:51,1684555192,21.7,36.5,99400,4.00,5.00,6.00,6.00,0.0208,0
2023-05-20 00:04:45,1684555486,21.6,36.7,99400,7.00,8.00,11.0,12.0,0.0245,0
2023-05-20 00:09:58,1684555799,21.5,37.1,99400,6.00,7.00,10.0,11.0,0.0535,0
2023-05-20 00:14:53,1684556093,21.3,37.7,99400,7.00,8.00,8.00,8.00,0.0471,0
2023-05-20 00:19:47,1684556388,21.1,37.8,99400,5.00,7.00,8.00,8.00,0.0448,0
2023-05-20 00:24:42,1684556682,20.9,38.1,99400,7.00,8.00,11.0,12.0,0.0274,0
2023-05-20 00:29:55,1684556995,20.7,38.4,99424,6.00,7.00,8.00,9.00,0.0352,0
2023-05-20 00:34:50,1684557290,20.5,38.9,99494,6.00,8.00,10.0,11.0,0.0352,0
2023-05-20 00:39:43,1684557584,20.3,39.3,99488,5.00,7.00,9.00,10.0,0.0211,0
2023-05-20 00:44:57,1684557897,20.0,39.7,99447,4.00,5.00,6.00,7.00,0.0343,0
2023-05-20 00:49:52,1684558193,19.8,40.2,99500,6.00,6.00,6.00,7.00,0.0283,0
2023-05-20 00:54:47,1684558488,19.6,40.5,99500,5.00,6.00,7.00,8.00,0.0180,0
2023-05-20 00:59:43,1684558783,19.5,40.8,99500,4.00,6.00,7.00,8.00,0.0165,0
2023-05-20 01:04:57,1684559097,19.3,41.1,99500,5.00,8.00,10.0,12.0,0.0127,0
2023-05-20 01:09:52,1684559393,19.2,41.4,99500,6.00,7.00,9.00,9.00,0.0171,0
2023-05-20 01:14:48,1684559689,19.1,41.8,99500,5.00,7.00,9.00,9.00,0.0187,0
2023-05-20 01:19:44,1684559984,19.1,42.2,99500,6.00,7.00,7.00,8.00,0.0201,0
2023-05-20 01:24:58,1684560298,19.1,42.5,99500,6.00,7.00,8.00,8.00,0.0123,0
2023-05-20 01:29:53,1684560594,19.2,42.7,99500,7.00,8.00,8.00,8.00,0.0150,0
2023-05-20 01:34:49,1684560890,19.2,42.9,99500,8.00,9.00,10.0,11.0,0.0345,0
2023-05-20 01:39:45,1684561185,19.3,42.5,99500,4.00,8.00,12.0,14.0,0.0236,0
2023-05-20 01:44:59,1684561499,19.4,42.9,99500,5.00,8.00,10.0,12.0,0.0214,0
2023-05-20 01:49:54,1684561795,19.4,42.8,99500,6.00,7.00,7.00,7.00,0.0180,0
2023-05-20 01:54:50,1684562090,19.5,42.8,99500,4.00,6.00,8.00,9.00,0.0140,0
2023-05-20 01:59:45,1684562386,19.6,42.7,99500,3.00,5.00,7.00,8.00,0.0137,0
2023-05-20 02:04:59,1684562700,19.7,42.7,99500,8.00,10.0,12.0,13.0,0.0177,0
2023-05-20 02:09:55,1684562995,19.7,42.7,99500,6.00,8.00,10.0,10.0,0.0190,0
2023-05-20 02:14:50,1684563291,19.8,42.5,99500,4.00,6.00,8.00,9.00,0.0171,0
2023-05-20 02:19:45,1684563586,19.8,42.6,99500,6.00,8.00,11.0,12.0,0.0174,0
2023-05-20 02:24:59,1684563900,19.8,42.8,99500,6.00,8.00,9.00,9.00,0.0258,0
2023-05-20 02:29:55,1684564195,19.7,43.1,99500,6.00,6.00,8.00,9.00,0.0209,0
2023-05-20 02:34:50,1684564491,19.6,43.2,99500,4.00,8.00,11.0,12.0,0.0174,0
2023-05-20 02:39:46,1684564786,19.5,43.2,99500,4.00,5.00,7.00,8.00,0.0218,0
2023-05-20 02:44:41,1684565082,19.4,43.5,99500,4.00,6.00,7.00,8.00,0.0337,0
2023-05-20 02:49:55,1684565396,19.4,43.7,99500,6.00,7.00,9.00,10.0,0.0234,0
2023-05-20 02:54:51,1684565691,19.4,43.9,99500,6.00,7.00,8.00,8.00,0.0234,0
2023-05-20 02:59:47,1684565987,19.3,44.0,99500,7.00,10.0,12.0,13.0,0.0322,0
2023-05-20 03:04:42,1684566283,19.3,44.3,99500,6.00,6.00,8.00,9.00,0.0630,0
2023-05-20 03:09:56,1684566597,19.3,44.3,99500,6.00,8.00,11.0,12.0,0.0283,0
2023-05-20 03:14:52,1684566892,19.3,44.4,99500,7.00,7.00,10.0,12.0,0.0436,0
2023-05-20 03:19:48,1684567188,19.3,44.9,99500,9.00,14.0,17.0,19.0,0.0281,0
2023-05-20 03:24:43,1684567484,19.2,45.0,99500,5.00,6.00,7.00,7.00,0.0136,0
2023-05-20 03:29:57,1684567798,19.2,45.2,99500,5.00,6.00,9.00,10.0,0.0282,0
2023-05-20 03:34:53,1684568094,19.2,45.2,99500,4.00,6.00,8.00,9.00,0.0189,0
2023-05-20 03:39:49,1684568389,19.2,45.5,99500,6.00,10.0,14.0,16.0,0.0359,0
2023-05-20 03:44:45,1684568685,19.1,45.6,99500,6.00,12.0,16.0,18.0,0.0359,0
2023-05-20 03:49:59,1684568999,19.1,45.8,99500,6.00,8.00,9.00,9.00,0.0228,0
2023-05-20 03:54:54,1684569295,19.2,45.6,99500,9.00,12.0,14.0,15.0,0.0251,0
2023-05-20 03:59:50,1684569591,19.2,45.7,99500,7.00,10.0,14.0,16.0,0.0203,0
2023-05-20 04:04:46,1684569886,19.2,45.8,99500,5.00,5.00,5.00,5.00,0.0503,0
2023-05-20 04:09:42,1684570182,19.2,45.8,99500,7.00,8.00,8.00,9.00,0.0871,0
2023-05-20 04:14:56,1684570496,19.2,45.9,99500,7.00,7.00,9.00,11.0,0.0365,0
2023-05-20 04:19:51,1684570792,19.2,46.5,99500,4.00,6.00,7.00,8.00,0.0365,0
2023-05-20 04:24:47,1684571088,19.2,46.5,99500,6.00,8.00,10.0,10.0,0.0257,0
2023-05-20 04:29:43,1684571383,19.1,47.1,99500,6.00,7.00,10.0,11.0,0.0160,0
2023-05-20 04:34:57,1684571698,19.1,47.7,99500,5.00,7.00,8.00,8.00,0.0163,0
2023-05-20 04:39:53,1684571993,19.0,48.3,99500,6.00,9.00,11.0,12.0,0.00912,0
2023-05-20 04:44:49,1684572289,18.9,48.8,99500,7.00,7.00,8.00,9.00,0.0110,0
2023-05-20 04:49:44,1684572585,18.9,49.3,99500,6.00,9.00,11.0,12.0,0.0133,0
2023-05-20 04:54:59,1684572899,18.9,49.3,99500,6.00,8.00,9.00,10.0,0.0245,0
2023-05-20 04:59:55,1684573195,18.8,49.6,99506,5.00,8.00,10.0,11.0,0.0173,0
2023-05-20 05:04:51,1684573491,18.8,49.8,99544,7.00,9.00,10.0,11.0,0.0128,0
2023-05-20 05:09:46,1684573787,18.8,49.9,99556,5.00,6.00,8.00,9.00,0.0137,0
2023-05-20 05:14:42,1684574083,18.7,50.2,99600,7.00,8.00,9.00,10.0,0.0121,0
2023-05-20 05:19:57,1684574397,18.6,50.3,99600,7.00,8.00,9.00,10.0,0.00899,0
2023-05-20 05:24:53,1684574693,18.6,50.8,99600,7.00,7.00,8.00,9.00,0.0165,0
2023-05-20 05:29:49,1684574989,18.6,50.7,99600,6.00,8.00,11.0,12.0,0.0165,0
2023-05-20 05:34:45,1684575285,18.6,51.0,99600,8.00,11.0,13.0,14.0,0.0323,0
2023-05-20 05:39:59,1684575600,18.6,51.1,99600,9.00,9.00,9.00,9.00,0.0254,0
2023-05-20 05:44:55,1684575896,18.6,50.9,99600,6.00,9.00,11.0,12.0,0.0346,0
2023-05-20 05:49:51,1684576191,18.6,51.4,99600,6.00,6.00,8.00,9.00,0.0180,0
2023-05-20 05:54:47,1684576487,18.5,51.9,99600,7.00,8.00,9.00,10.0,0.0180,0
2023-05-20 05:59:43,1684576783,18.6,52.0,99600,9.00,14.0,17.0,18.0,0.0970,0
2023-05-20 06:04:57,1684577098,18.6,52.0,99600,7.00,8.00,9.00,10.0,0.0970,0
2023-05-20 06:09:53,1684577393,18.7,52.1,99600,8.00,10.0,13.0,15.0,0.134,0
2023-05-20 06:14:49,1684577689,18.6,51.9,99600,8.00,9.00,11.0,11.0,0.0715,0
2023-05-20 06:19:44,1684577985,18.7,52.0,99600,9.00,11.0,14.0,15.0,0.0331,0
2023-05-20 06:24:59,1684578299,18.7,52.3,99600,7.00,8.00,9.00,9.00,0.0331,0
2023-05-20 06:29:54,1684578595,18.8,52.4,99600,9.00,10.0,11.0,11.0,0.0156,0
2023-05-20 06:34:50,1684578891,18.7,52.2,99600,6.00,8.00,10.0,11.0,0.0364,0
2023-05-20 06:39:45,1684579186,18.6,51.6,99600,7.00,8.00,10.0,11.0,0.0379,0
2023-05-20 06:44:41,1684579482,18.5,53.2,99600,8.00,9.00,11.0,13.0,0.0358,0
2023-05-20 06:49:55,1684579796,18.5,53.6,99600,7.00,9.00,11.0,12.0,0.0312,0
2023-05-20 06:50:32,1684579832,18.5,53.7,99600,4.00,5.00,5.00,6.00,0.0203,0
2023-05-20 06:59:59,1684580399,18.5,54.4,99633,9.00,11.0,12.0,12.0,0.0236,0
2023-05-20 07:04:54,1684580695,18.6,54.3,99631,7.00,9.00,10.0,11.0,0.0236,0
2023-05-20 07:05:31,1684580732,18.6,54.4,99600,4.00,6.00,7.00,7.00,0.0147,0
2023-05-20 08:27:35,1684585655,20.4,51.4,99700,6.00,6.00,6.00,6.00,,
2023-05-20 09:29:54,1684589395,22.9,43.4,99600,5.00,8.00,11.0,12.0,,
2023-05-20 09:34:47,1684589688,22.9,42.4,99600,7.00,7.00,8.00,8.00,,
2023-05-20 09:39:59,1684589999,22.7,41.6,99653,5.00,8.00,11.0,12.0,,
2023-05-20 09:42:43,1684590163,22.5,41.6,99700,5.00,7.00,10.0,11.0,0.0210,0
2023-05-20 09:48:59,1684590540,22.4,42.1,99692,5.00,5.00,6.00,6.00,0.0197,0
2023-05-20 09:52:33,1684590753,22.4,41.7,99600,4.00,5.00,5.00,5.00,0.0329,0
2023-05-20 10:19:46,1684592387,23.5,40.0,99600,4.00,6.00,8.00,10.0,,
2023-05-20 10:24:02,1684592643,23.5,39.6,99600,5.00,7.00,10.0,12.0,,
2023-05-20 11:04:51,1684595091,23.9,38.2,99600,4.00,4.00,4.00,5.00,,
2023-05-20 11:09:43,1684595384,23.8,38.3,99600,6.00,7.00,9.00,11.0,0.00839,0
2023-05-20 11:14:54,1684595695,23.5,38.5,99600,6.00,6.00,8.00,9.00,0.0259,0
2023-05-20 11:19:47,1684595988,23.2,38.9,99600,4.00,7.00,10.0,12.0,0.0168,0
2023-05-20 11:24:58,1684596299,23.0,39.4,99600,4.00,5.00,6.00,6.00,0.0168,0
2023-05-20 11:29:54,1684596595,23.0,39.7,99600,4.00,4.00,5.00,5.00,0.0187,0
2023-05-20 11:34:48,1684596889,23.0,39.7,99600,6.00,8.00,10.0,11.0,0.0206,0
2023-05-20 11:39:41,1684597182,23.0,39.8,99600,6.00,6.00,7.00,8.00,0.0221,0
2023-05-20 11:44:53,1684597493,23.0,39.7,99600,6.00,8.00,12.0,13.0,0.0162,0
2023-05-20 11:49:46,1684597787,22.9,39.9,99600,4.00,5.00,7.00,8.00,0.0487,0
2023-05-20 11:54:58,1684598098,22.9,40.0,99600,6.00,7.00,7.00,7.00,0.0487,0
2023-05-20 11:59:51,1684598391,22.8,40.3,99600,6.00,8.00,11.0,13.0,0.0269,0
2023-05-20 12:04:44,1684598685,22.7,40.4,99600,6.00,11.0,15.0,17.0,0.0106,0
2023-05-20 12:09:56,1684598996,22.6,44.0,93741,5.00,6.00,7.00,8.00,0.0120,0
2023-05-20 12:14:49,1684599290,22.6,40.7,99600,5.00,6.00,7.00,7.00,0.0129,0
2023-05-20 12:19:43,1684599583,22.5,40.8,99600,5.00,6.00,7.00,7.00,0.0156,0
2023-05-20 12:24:55,1684599895,22.5,40.9,99600,4.00,5.00,6.00,7.00,0.0125,0
2023-05-20 12:29:48,1684600188,22.6,40.8,99600,4.00,5.00,6.00,6.00,0.0112,0
2023-05-20 12:32:51,1684600372,22.7,41.0,99600,6.00,7.00,8.00,10.0,0.0123,0
2023-05-20 13:03:42,1684602222,22.9,41.5,99500,5.00,9.00,12.0,14.0,,
2023-05-20 15:34:54,1684611294,55.8,64.4,46900,5.00,7.00,8.00,9.00,,
2023-05-20 15:37:36,1684611457,25.8,35.5,99289,5.00,7.00,9.00,10.0,,
2023-05-20 15:44:47,1684611887,26.3,34.9,99200,6.00,6.00,6.00,6.00,,
2023-05-20 15:49:55,1684612196,26.4,34.5,99200,4.00,5.00,7.00,8.00,0.0149,0
2023-05-20 15:52:39,1684612359,26.8,34.3,99200,5.00,7.00,9.00,10.0,0.0121,0
2023-05-20 16:04:42,1684613083,27.3,33.4,99200,6.00,6.00,7.00,8.00,0.0134,0
2023-05-20 16:09:14,1684613354,27.3,32.8,99200,9.00,9.00,9.00,9.00,0.0262,0
2023-05-20 16:19:58,1684613999,27.1,33.2,99200,7.00,9.00,12.0,14.0,0.0162,0
2023-05-20 16:24:49,1684614289,26.9,33.4,99200,5.00,7.00,8.00,9.00,0.0300,0
2023-05-20 16:25:25,1684614325,26.8,33.5,99200,5.00,6.00,7.00,7.00,0.0209,0
2023-05-20 16:34:47,1684614887,26.7,33.8,99200,4.00,5.00,6.00,6.00,0.0324,0
2023-05-20 16:39:55,1684615196,26.7,34.0,99200,6.00,7.00,9.00,10.0,0.0348,0
2023-05-20 16:41:44,1684615305,26.8,33.7,99200,6.00,10.0,13.0,15.0,0.0186,0
2023-05-20 16:49:43,1684615784,26.6,34.0,99200,6.00,7.00,9.00,10.0,0.0193,0
2023-05-20 16:54:52,1684616093,26.5,34.0,99135,7.00,9.00,10.0,10.0,0.0141,0
2023-05-20 16:57:54,1684616275,26.4,34.2,99100,6.00,7.00,9.00,10.0,0.0167,0
2023-05-20 17:09:41,1684616982,26.8,34.1,99100,4.00,6.00,7.00,7.00,0.0121,0
2023-05-20 17:14:50,1684617291,26.9,34.1,99100,5.00,6.00,9.00,10.0,0.0482,0
2023-05-20 17:15:44,1684617344,26.9,34.1,99100,5.00,5.00,5.00,6.00,0.0482,0
2023-05-20 17:24:46,1684617886,27.1,33.8,99100,5.00,6.00,6.00,7.00,0.0353,0
2023-05-20 17:29:54,1684618195,27.4,33.7,99100,7.00,8.00,8.00,8.00,0.0397,0
2023-05-20 17:30:49,1684618249,27.6,33.5,99100,5.00,8.00,10.0,11.0,0.0258,0
2023-05-20 17:39:42,1684618782,27.7,32.8,99100,6.00,7.00,8.00,9.00,0.0533,0
2023-05-20 17:44:50,1684619091,27.6,32.9,99100,4.00,8.00,12.0,14.0,0.0189,0
2023-05-20 17:47:51,1684619272,27.7,33.0,99100,5.00,5.00,6.00,7.00,0.0632,0
2023-05-20 17:59:58,1684619998,28.4,32.3,99000,6.00,6.00,7.00,8.00,0.0632,0
2023-05-20 18:04:28,1684620268,28.5,31.8,99000,6.00,8.00,9.00,10.0,0.0323,0
2023-05-20 18:14:52,1684620892,28.8,31.7,99000,5.00,8.00,11.0,12.0,0.0167,0
2023-05-20 18:19:59,1684621200,29.5,30.5,99000,6.00,6.00,6.00,6.00,0.0193,0
2023-05-20 18:24:47,1684621488,30.0,29.7,99000,7.00,11.0,13.0,15.0,0.0375,0
2023-05-20 18:29:54,1684621795,29.3,30.0,99000,8.00,8.00,8.00,9.00,0.0306,0
2023-05-20 18:34:44,1684622084,28.4,31.2,99000,8.00,8.00,8.00,8.00,0.0114,0
2023-05-20 18:39:52,1684622393,27.8,32.5,99000,7.00,8.00,10.0,11.0,0.0145,0
2023-05-20 18:44:43,1684622683,27.3,33.5,99000,7.00,8.00,9.00,9.00,0.0185,0
2023-05-20 18:49:52,1684622993,26.8,34.3,99000,9.00,11.0,12.0,13.0,0.0169,0
2023-05-20 18:54:43,1684623284,26.4,35.2,99000,8.00,9.00,10.0,11.0,0.0363,0
2023-05-20 18:59:53,1684623593,26.1,35.6,99000,6.00,9.00,11.0,12.0,0.0363,0
2023-05-20 19:04:44,1684623885,25.9,36.1,99000,7.00,8.00,8.00,8.00,0.0385,0
2023-05-20 19:09:54,1684624194,25.9,36.7,98912,6.00,10.0,12.0,14.0,0.0150,0
2023-05-20 19:14:45,1684624486,25.9,36.3,98963,5.00,7.00,8.00,9.00,0.0229,0
2023-05-20 19:19:55,1684624795,25.7,36.4,98953,6.00,9.00,11.0,12.0,0.0505,0
2023-05-20 19:24:47,1684625087,25.5,36.7,98900,6.00,6.00,7.00,8.00,0.0222,0
2023-05-20 19:29:57,1684625397,25.3,37.2,98900,6.00,8.00,11.0,12.0,0.0239,0
2023-05-20 19:34:49,1684625689,25.0,37.5,98900,6.00,8.00,9.00,9.00,0.0295,0
2023-05-20 19:39:59,1684626000,24.7,37.9,98900,6.00,8.00,9.00,10.0,0.0198,0
2023-05-20 19:44:52,1684626292,24.5,38.4,98900,6.00,8.00,10.0,11.0,0.0328,0
2023-05-20 19:49:44,1684626585,24.3,38.8,98900,7.00,10.0,14.0,15.0,0.0328,0
2023-05-20 19:54:55,1684626896,24.1,39.3,98900,8.00,9.00,10.0,11.0,0.0394,0
2023-05-20 19:59:48,1684627189,23.9,39.6,98900,8.00,10.0,11.0,12.0,0.0435,0
2023-05-20 20:04:59,1684627500,23.7,40.1,98900,10.0,12.0,13.0,14.0,0.0930,0
2023-05-20 20:09:52,1684627793,23.5,40.5,98900,9.00,11.0,13.0,14.0,0.0596,0
2023-05-20 20:14:45,1684628086,23.3,40.8,98900,7.00,9.00,11.0,12.0,0.0248,0
2023-05-20 20:19:57,1684628397,23.1,41.4,98900,10.0,15.0,20.0,22.0,0.0630,0
2023-05-20 20:24:50,1684628691,23.0,45.4,92719,11.0,13.0,15.0,16.0,0.0630,0
2023-05-20 20:29:44,1684628984,22.8,42.1,98900,11.0,16.0,19.0,21.0,0.0416,0
2023-05-20 20:34:56,1684629296,22.7,42.6,98900,9.00,12.0,13.0,14.0,0.0611,0
2023-05-20 20:39:49,1684629590,22.6,42.8,98900,11.0,13.0,14.0,15.0,0.0495,0
2023-05-20 20:44:43,1684629883,22.5,43.0,98900,9.00,13.0,17.0,18.0,0.0399,0
2023-05-20 20:49:55,1684630195,22.5,43.1,98900,11.0,13.0,15.0,16.0,0.0448,0
2023-05-20 20:54:48,1684630489,22.4,46.6,92719,8.00,14.0,20.0,23.0,0.0474,0
2023-05-20 20:59:42,1684630783,22.3,43.1,98900,11.0,11.0,12.0,13.0,0.0892,0
2023-05-20 21:04:54,1684631095,22.3,43.3,98900,9.00,12.0,14.0,15.0,0.0291,0
2023-05-20 21:09:49,1684631389,22.3,43.5,98900,9.00,11.0,13.0,14.0,0.0187,0
2023-05-20 21:14:43,1684631683,22.2,44.0,98900,7.00,9.00,13.0,15.0,0.0288,0
2023-05-20 21:19:55,1684631996,22.1,44.8,98900,9.00,10.0,12.0,13.0,0.0386,0
2023-05-20 21:24:49,1684632290,22.0,44.8,98900,8.00,11.0,13.0,14.0,0.0909,0
2023-05-20 21:29:43,1684632584,22.0,45.1,98894,9.00,13.0,16.0,17.0,0.0611,0
2023-05-20 21:34:56,1684632896,21.9,44.8,98800,7.00,8.00,9.00,9.00,0.0518,0
2023-05-20 21:39:50,1684633190,21.7,44.7,98800,6.00,7.00,7.00,8.00,0.0587,0
2023-05-20 21:44:44,1684633484,21.7,44.6,98819,7.00,8.00,9.00,9.00,0.0655,0
2023-05-20 21:49:56,1684633797,21.6,44.5,98800,7.00,10.0,13.0,15.0,0.0189,0
2023-05-20 21:54:51,1684634091,21.6,44.4,98800,8.00,10.0,12.0,13.0,0.0357,0
2023-05-20 21:59:45,1684634385,21.6,44.4,98800,7.00,10.0,14.0,16.0,0.0357,0
2023-05-20 22:04:58,1684634699,21.6,44.3,98800,4.00,5.00,7.00,8.00,0.0271,0
2023-05-20 22:09:52,1684634993,21.6,44.3,98800,8.00,16.0,22.0,25.0,0.0757,0
2023-05-20 22:14:47,1684635287,21.6,44.5,98800,5.00,7.00,8.00,9.00,0.0203,0
2023-05-20 22:19:59,1684635600,21.5,44.8,98800,5.00,7.00,9.00,10.0,0.0218,0
2023-05-20 22:24:54,1684635894,21.4,45.4,98800,5.00,6.00,8.00,8.00,0.0350,0
2023-05-20 22:29:48,1684636189,21.3,46.5,98800,5.00,8.00,10.0,11.0,0.0350,0
2023-05-20 22:34:43,1684636483,21.2,47.7,98800,6.00,6.00,7.00,7.00,0.0413,0
2023-05-20 22:39:55,1684636796,21.0,48.7,98800,6.00,10.0,12.0,13.0,0.0413,0
2023-05-20 22:44:50,1684637091,20.8,49.7,98713,4.00,5.00,6.00,6.00,0.0170,0
2023-05-20 22:49:45,1684637385,20.7,50.5,98700,7.00,14.0,20.0,23.0,0.0170,0
2023-05-20 22:54:58,1684637698,20.6,51.1,98700,6.00,12.0,16.0,18.0,0.0196,0
2023-05-20 22:59:53,1684637993,20.4,51.5,98700,6.00,7.00,8.00,8.00,0.0417,0
2023-05-20 23:04:47,1684638288,20.4,51.9,98700,4.00,4.00,7.00,8.00,0.0494,0
2023-05-20 23:09:42,1684638583,20.3,51.8,98700,4.00,8.00,11.0,13.0,0.0155,0
2023-05-20 23:14:56,1684638896,20.3,52.3,98694,4.00,5.00,7.00,7.00,0.0263,0
2023-05-20 23:19:50,1684639191,20.3,52.1,98625,3.00,4.00,6.00,8.00,0.0350,0
2023-05-20 23:24:45,1684639486,20.3,52.0,98600,3.00,5.00,7.00,8.00,0.0278,0
2023-05-20 23:29:59,1684639799,20.3,52.1,98600,3.00,4.00,5.00,6.00,0.0165,0
2023-05-20 23:34:53,1684640094,20.4,52.6,98600,3.00,5.00,6.00,7.00,0.0201,0
2023-05-20 23:39:48,1684640389,20.4,51.8,98600,3.00,3.00,3.00,4.00,0.0118,0
2023-05-20 23:44:43,1684640684,20.4,52.1,98600,3.00,5.00,6.00,7.00,0.0128,0
2023-05-20 23:49:56,1684640997,20.4,52.0,98600,3.00,6.00,9.00,10.0,0.0211,0
2023-05-20 23:54:51,1684641292,20.3,53.5,98600,3.00,7.00,10.0,11.0,0.0193,0
2023-05-20 23:59:46,1684641587,20.1,53.8,98600,5.00,6.00,10.0,11.0,0.0200,0
2023-05-21 00:04:59,1684641899,20.0,53.8,98600,3.00,5.00,6.00,6.00,0.0276,0
2023-05-21 00:09:54,1684642194,19.9,55.1,98600,3.00,4.00,5.00,5.00,0.0103,0
2023-05-21 00:14:49,1684642489,19.7,55.7,98519,3.00,6.00,9.00,10.0,0.0130,0
2023-05-21 00:19:44,1684642785,19.6,55.7,98500,3.00,4.00,5.00,6.00,0.0150,0
2023-05-21 00:24:58,1684643098,19.5,55.7,98500,2.00,5.00,8.00,9.00,0.0137,0
2023-05-21 00:29:53,1684643393,19.4,57.1,98500,2.00,4.00,7.00,8.00,0.0156,0
2023-05-21 00:34:48,1684643689,19.3,56.8,98500,3.00,4.00,5.00,6.00,0.0124,0
2023-05-21 00:39:44,1684643984,19.3,57.0,98500,3.00,3.00,4.00,5.00,0.0153,0
2023-05-21 00:44:57,1684644298,19.2,57.9,98500,2.00,3.00,4.00,5.00,0.0153,0
2023-05-21 00:49:53,1684644593,19.1,57.6,98500,4.00,6.00,7.00,8.00,0.0111,0
2023-05-21 00:54:48,1684644889,19.1,58.2,98475,3.00,4.00,5.00,5.00,0.0162,0
2023-05-21 00:59:44,1684645184,19.0,57.8,98400,2.00,6.00,9.00,10.0,0.0178,0
2023-05-21 01:04:58,1684645498,19.0,58.0,98400,2.00,4.00,5.00,6.00,0.0176,0
2023-05-21 01:09:53,1684645794,19.0,57.7,98400,3.00,5.00,6.00,6.00,0.0207,0
2023-05-21 01:14:49,1684646089,19.0,57.9,98400,4.00,5.00,6.00,7.00,0.0118,0
2023-05-21 01:19:44,1684646385,19.0,58.3,98400,2.00,3.00,5.00,6.00,0.0157,0
2023-05-21 01:24:58,1684646699,19.0,58.4,98400,2.00,3.00,4.00,5.00,0.0264,0
2023-05-21 01:29:54,1684646994,19.0,58.1,98400,3.00,4.00,6.00,7.00,0.0247,0
2023-05-21 01:34:49,1684647290,19.0,58.2,98350,2.00,3.00,5.00,5.00,0.0144,0
2023-05-21 01:39:45,1684647586,18.9,58.4,98300,1.00,2.00,4.00,4.00,0.0119,0
2023-05-21 01:44:59,1684647900,18.9,58.5,98300,2.00,2.00,3.00,3.00,0.0129,0
2023-05-21 01:49:55,1684648195,18.8,59.5,98300,3.00,3.00,4.00,4.00,0.0116,0
2023-05-21 01:54:50,1684648491,18.8,58.9,98300,3.00,6.00,9.00,11.0,0.0242,0
2023-05-21 01:59:46,1684648786,18.8,59.1,98300,2.00,3.00,4.00,5.00,0.0223,0
2023-05-21 02:04:41,1684649082,18.8,59.0,98300,3.00,4.00,7.00,8.00,0.0204,0
2023-05-21 02:09:55,1684649396,18.8,58.7,98300,2.00,4.00,6.00,7.00,0.0166,0
2023-05-21 02:14:51,1684649691,18.8,58.9,98300,2.00,3.00,5.00,5.00,0.0123,0
2023-05-21 02:19:47,1684649987,18.9,58.8,98300,2.00,4.00,6.00,7.00,0.0113,0
2023-05-21 02:24:42,1684650283,18.9,58.9,98300,2.00,4.00,6.00,7.00,0.0113,0
2023-05-21 02:29:56,1684650597,18.8,59.1,98241,1.00,5.00,7.00,9.00,0.0105,0
2023-05-21 02:34:52,1684650892,18.8,59.2,98200,2.00,3.00,4.00,4.00,0.0108,0
2023-05-21 02:39:48,1684651188,18.8,59.1,98200,2.00,5.00,7.00,9.00,0.0123,0
2023-05-21 02:44:43,1684651484,18.8,59.3,98200,3.00,7.00,10.0,12.0,0.0242,0
2023-05-21 02:49:57,1684651798,18.8,59.3,98200,3.00,5.00,7.00,8.00,0.0127,0
2023-05-21 02:54:53,1684652094,18.8,59.3,98200,2.00,5.00,7.00,8.00,0.0135,0
2023-05-21 02:59:49,1684652389,18.8,59.3,98200,3.00,5.00,6.00,6.00,0.0153,0
2023-05-21 03:04:44,1684652685,18.8,59.3,98200,3.00,6.00,10.0,11.0,0.0247,0
2023-05-21 03:09:58,1684652999,18.8,59.3,98200,2.00,5.00,8.00,9.00,0.0163,0
2023-05-21 03:14:54,1684653294,18.8,59.4,98200,3.00,3.00,4.00,4.00,0.0115,0
2023-05-21 03:19:50,1684653590,18.8,59.3,98200,2.00,3.00,4.00,5.00,0.0146,0
2023-05-21 03:24:45,1684653886,18.7,59.5,98200,2.00,4.00,5.00,6.00,0.0146,0
2023-05-21 03:29:59,1684654200,18.7,59.5,98200,3.00,3.00,5.00,6.00,0.0119,0
2023-05-21 03:34:55,1684654496,18.7,59.5,98200,2.00,4.00,6.00,7.00,0.0143,0
2023-05-21 03:39:51,1684654791,18.7,59.6,98200,3.00,3.00,3.00,3.00,0.0143,0
2023-05-21 03:44:46,1684655087,18.7,59.7,98163,3.00,9.00,14.0,16.0,0.0352,0
2023-05-21 03:49:42,1684655382,18.7,59.7,98188,3.00,5.00,8.00,9.00,0.0378,0
2023-05-21 03:54:56,1684655696,18.7,59.7,98106,4.00,5.00,6.00,7.00,0.0309,0
2023-05-21 03:59:51,1684655992,18.7,59.6,98100,2.00,4.00,6.00,8.00,0.0183,0
2023-05-21 04:04:47,1684656288,18.7,60.0,98100,4.00,7.00,8.00,9.00,0.0147,0
2023-05-21 04:09:43,1684656583,18.7,59.8,98100,2.00,2.00,3.00,3.00,0.0248,0
2023-05-21 04:14:57,1684656897,18.7,60.0,98100,2.00,3.00,4.00,5.00,0.0225,0
2023-05-21 04:19:53,1684657193,18.6,60.0,98100,2.00,3.00,5.00,6.00,0.0120,0
2023-05-21 04:24:48,1684657489,18.6,60.0,98100,2.00,2.00,3.00,4.00,0.0120,0
2023-05-21 04:29:44,1684657784,18.6,59.9,98100,2.00,3.00,4.00,5.00,0.0116,0
2023-05-21 04:34:58,1684658099,18.6,60.0,98100,2.00,4.00,6.00,7.00,0.0115,0
2023-05-21 04:39:54,1684658394,18.6,60.0,98100,2.00,3.00,5.00,6.00,0.0121,0
2023-05-21 04:44:49,1684658690,18.6,60.0,98100,2.00,5.00,8.00,9.00,0.0125,0
2023-05-21 04:49:45,1684658986,18.6,60.1,98100,2.00,5.00,9.00,10.0,0.0409,0
2023-05-21 04:54:59,1684659300,18.7,60.2,98100,2.00,3.00,4.00,5.00,0.0336,0
2023-05-21 04:59:55,1684659595,18.7,60.2,98100,2.00,2.00,3.00,4.00,0.0331,0
2023-05-21 05:04:50,1684659891,18.7,60.0,98100,3.00,3.00,3.00,4.00,0.0111,0
2023-05-21 05:09:46,1684660187,18.7,60.2,98100,4.00,6.00,8.00,9.00,0.0236,0
2023-05-21 05:14:42,1684660482,18.6,60.4,98100,8.00,11.0,12.0,13.0,0.0523,0
2023-05-21 05:19:56,1684660796,18.6,60.5,98100,6.00,9.00,11.0,12.0,0.123,0
2023-05-21 05:24:51,1684661092,18.5,60.6,98100,8.00,9.00,11.0,12.0,0.0359,0
2023-05-21 05:29:47,1684661388,18.5,60.4,98100,6.00,8.00,9.00,9.00,0.0149,0
2023-05-21 05:34:43,1684661683,18.4,60.3,98100,5.00,6.00,7.00,7.00,0.0991,0
2023-05-21 05:39:57,1684661997,18.4,60.4,98100,6.00,11.0,16.0,19.0,0.0613,0
2023-05-21 05:44:53,1684662293,18.4,60.4,98100,8.00,8.00,8.00,9.00,0.0372,0
2023-05-21 05:49:48,1684662589,18.4,60.2,98100,4.00,5.00,7.00,8.00,0.0189,0
2023-05-21 05:54:44,1684662885,18.3,60.3,98100,4.00,5.00,7.00,8.00,0.0348,0
2023-05-21 05:57:31,1684663051,18.2,60.3,98100,3.00,4.00,4.00,5.00,0.0310,0
2023-05-21 06:04:52,1684663493,18.3,60.2,98100,3.00,3.00,5.00,6.00,0.0184,0
2023-05-21 06:06:43,1684663604,18.3,60.0,98100,3.00,3.00,3.00,3.00,0.0184,0
2023-05-21 07:23:16,1684668197,17.8,58.7,98200,2.00,4.00,4.00,5.00,,
2023-05-21 13:59:56,1684691997,24.6,36.7,98700,5.00,6.00,7.00,7.00,0.0113,0
2023-05-21 14:04:48,1684692288,24.7,37.6,98700,9.00,10.0,12.0,13.0,,
2023-05-21 14:06:55,1684692416,25.0,37.3,98700,9.00,11.0,12.0,12.0,,
2023-05-21 14:19:55,1684693195,26.4,31.1,98700,10.0,10.0,10.0,10.0,,
2023-05-21 14:23:14,1684693395,26.5,30.0,98700,9.00,11.0,13.0,14.0,0.0145,0
2023-05-21 14:34:51,1684694092,25.7,30.0,98700,13.0,15.0,16.0,16.0,0.0354,0
2023-05-21 14:39:42,1684694383,25.4,28.5,98700,16.0,17.0,17.0,17.0,0.0867,0
2023-05-21 14:40:54,1684694455,25.3,27.7,98700,10.0,13.0,16.0,17.0,0.0867,0
2023-05-21 14:49:44,1684694985,25.8,26.7,98700,16.0,16.0,17.0,18.0,0.0972,0
2023-05-21 14:54:53,1684695293,25.8,27.8,98700,11.0,13.0,14.0,15.0,0.139,0
2023-05-21 14:56:06,1684695366,25.7,27.9,98800,12.0,12.0,12.0,12.0,0.0451,0
2023-05-21 15:04:59,1684695900,25.7,28.4,98800,16.0,18.0,20.0,21.0,0.0451,0
2023-05-21 15:09:50,1684696191,25.8,27.4,98800,17.0,18.0,18.0,18.0,0.204,0
2023-05-21 15:13:27,1684696408,25.9,27.3,98800,10.0,12.0,12.0,12.0,0.0823,0
2023-05-21 15:24:56,1684697096,26.4,25.9,98800,18.0,19.0,19.0,19.0,0.110,0
2023-05-21 15:29:46,1684697386,26.5,26.0,98800,15.0,18.0,20.0,21.0,0.126,0
2023-05-21 15:30:04,1684697404,26.4,24.7,98800,5.00,6.00,7.00,8.00,0.0751,0
2023-05-21 15:39:44,1684697985,25.6,25.6,98800,12.0,15.0,16.0,17.0,0.0751,0
2023-05-21 15:44:54,1684698294,25.3,25.2,98800,14.0,17.0,22.0,24.0,0.248,0
2023-05-21 15:45:12,1684698312,25.0,25.3,98800,6.00,6.00,7.00,7.00,0.0917,0
2023-05-21 15:54:41,1684698882,24.9,24.3,98800,13.0,14.0,15.0,16.0,0.0767,0
2023-05-21 15:59:51,1684699191,25.1,24.5,98853,15.0,17.0,18.0,19.0,0.102,0
2023-05-21 16:01:22,1684699282,25.4,24.0,98860,11.0,12.0,13.0,14.0,0.0353,0
2023-05-21 16:14:46,1684700087,25.2,23.6,98900,9.00,11.0,11.0,11.0,0.0353,0
2023-05-21 16:19:00,1684700341,25.2,24.2,98900,11.0,12.0,14.0,14.0,0.101,0
2023-05-21 16:24:54,1684700694,25.5,22.7,98900,8.00,9.00,10.0,11.0,0.101,0
2023-05-21 16:29:44,1684700985,25.7,23.1,98900,7.00,8.00,9.00,10.0,0.0401,0
2023-05-21 16:34:52,1684701293,25.9,21.1,98900,7.00,8.00,9.00,10.0,0.167,0
2023-05-21 16:35:28,1684701329,26.0,18.2,98900,2.00,3.00,3.00,4.00,0.0465,0
2023-05-21 16:44:43,1684701883,26.2,20.1,98900,2.00,3.00,3.00,3.00,0.0465,0
2023-05-21 16:49:51,1684702191,26.4,19.3,98900,6.00,6.00,8.00,8.00,0.0712,0
2023-05-21 16:50:27,1684702228,26.4,18.4,98900,1.00,2.00,3.00,3.00,0.0712,0
2023-05-21 16:59:55,1684702795,26.6,16.7,98900,3.00,6.00,8.00,9.00,0.0657,0
2023-05-21 17:04:45,1684703085,26.4,16.7,98900,3.00,5.00,7.00,8.00,0.0657,0
2023-05-21 17:06:52,1684703212,26.3,16.7,98957,2.00,6.00,9.00,10.0,0.0145,0
2023-05-21 17:19:52,1684703993,26.1,17.6,99000,3.00,3.00,5.00,6.00,0.0107,0
2023-05-21 17:24:24,1684704264,26.1,17.2,99000,4.00,5.00,6.00,6.00,0.0167,0
2023-05-21 17:29:57,1684704598,26.3,18.7,99000,4.00,4.00,4.00,4.00,0.0152,0
2023-05-21 17:34:47,1684704888,26.4,18.0,99000,4.00,6.00,8.00,9.00,0.0152,0
2023-05-21 17:39:19,1684705160,26.5,17.0,99000,2.00,3.00,5.00,5.00,0.0157,0
2023-05-21 17:49:53,1684705793,26.5,16.7,99000,2.00,4.00,6.00,7.00,0.0157,0
2023-05-21 17:54:42,1684706083,26.6,17.1,99000,2.00,3.00,6.00,7.00,0.0147,0
2023-05-21 17:57:06,1684706227,26.7,16.9,99000,4.00,4.00,5.00,5.00,0.0147,0
2023-05-21 18:04:46,1684706686,26.7,16.8,99100,3.00,6.00,9.00,10.0,0.0201,0
2023-05-21 18:09:54,1684706995,26.4,17.0,99094,2.00,3.00,4.00,5.00,0.0322,0
2023-05-21 18:13:13,1684707193,26.1,17.1,99100,3.00,3.00,4.00,4.00,0.0193,0
2023-05-21 18:24:42,1684707882,26.2,15.4,99100,2.00,4.00,5.00,5.00,0.0132,0
2023-05-21 18:28:19,1684708100,26.1,15.7,99100,2.00,3.00,4.00,5.00,0.0106,0
2023-05-21 18:39:57,1684708798,26.1,15.9,99100,1.00,3.00,4.00,5.00,0.0149,0
2023-05-21 18:44:47,1684709088,25.9,15.8,99113,1.00,2.00,4.00,4.00,0.0149,0
2023-05-21 18:45:59,1684709159,25.8,15.7,99200,1.00,1.00,2.00,2.00,0.0106,0
2023-05-21 18:54:45,1684709685,25.8,15.4,99200,1.00,1.00,1.00,1.00,0.0108,0
2023-05-21 18:59:53,1684709994,25.6,15.3,99200,2.00,5.00,8.00,9.00,0.0126,0
2023-05-21 19:01:06,1684710066,25.5,15.6,99200,1.00,2.00,3.00,4.00,0.0154,0
2023-05-21 19:09:43,1684710583,25.3,15.7,99200,1.00,1.00,1.00,1.00,0.0154,0
2023-05-21 19:14:52,1684710892,25.2,16.1,99200,1.00,3.00,5.00,5.00,0.0150,0
2023-05-21 19:18:29,1684711110,25.2,16.4,99200,1.00,3.00,5.00,5.00,0.0104,0
2023-05-21 19:24:42,1684711482,24.8,16.3,99200,1e-7,1.00,1.00,1.00,0.0101,0
2023-05-21 19:29:51,1684711792,24.6,15.9,99271,1.00,4.00,6.00,8.00,0.0104,0
2023-05-21 19:34:43,1684712083,24.2,16.7,99300,1.00,5.00,7.00,9.00,0.00992,0
2023-05-21 19:39:53,1684712394,23.9,17.0,99300,1.00,4.00,7.00,8.00,0.0192,0
2023-05-21 19:44:46,1684712686,22.9,16.9,99300,2.00,5.00,7.00,8.00,0.0192,0
2023-05-21 19:49:57,1684712998,21.7,18.1,99300,1.00,2.00,4.00,4.00,0.0144,0
2023-05-21 19:54:52,1684713292,20.7,19.3,99300,1.00,3.00,4.00,4.00,0.0164,0
2023-05-21 19:59:46,1684713587,20.0,20.0,99306,1.00,2.00,3.00,4.00,0.0160,0
2023-05-21 20:04:41,1684713882,19.4,20.7,99369,2.00,4.00,5.00,6.00,0.0122,0
2023-05-21 20:09:55,1684714195,18.8,21.1,99394,2.00,4.00,5.00,6.00,0.0142,0
2023-05-21 20:14:50,1684714491,18.4,21.6,99400,1.00,2.00,3.00,4.00,0.0151,0
2023-05-21 20:19:46,1684714786,18.0,22.1,99400,2.00,3.00,5.00,6.00,0.0136,0
2023-05-21 20:24:42,1684715082,17.7,22.3,99400,2.00,5.00,9.00,10.0,0.0255,0
2023-05-21 20:29:56,1684715397,17.3,22.4,99400,1.00,5.00,8.00,9.00,0.0161,0
2023-05-21 20:34:52,1684715693,17.1,22.8,99400,2.00,3.00,4.00,5.00,0.0139,0
2023-05-21 20:39:49,1684715989,16.8,23.1,99438,1.00,5.00,8.00,9.00,0.0196,0
2023-05-21 20:44:45,1684716286,16.5,23.7,99500,1.00,2.00,3.00,4.00,0.0174,0
2023-05-21 20:49:42,1684716583,16.2,24.4,99500,2.00,6.00,10.0,12.0,0.0177,0
2023-05-21 20:54:58,1684716899,15.9,25.2,99500,2.00,4.00,7.00,8.00,0.0278,0
2023-05-21 20:59:55,1684717196,15.6,25.9,99500,2.00,3.00,5.00,6.00,0.0228,0
2023-05-21 21:04:52,1684717493,15.3,26.3,99500,2.00,3.00,5.00,6.00,0.0144,0
2023-05-21 21:09:50,1684717790,15.0,26.5,99513,1.00,3.00,4.00,5.00,0.0106,0
2023-05-21 21:14:47,1684718088,14.8,26.6,99600,1.00,3.00,5.00,5.00,0.0111,0
2023-05-21 21:19:45,1684718385,14.6,26.5,99600,1.00,3.00,5.00,6.00,0.0102,0
2023-05-21 21:24:42,1684718683,14.5,26.7,99600,2.00,3.00,5.00,6.00,0.0114,0
2023-05-21 21:29:59,1684718999,14.3,26.9,99600,2.00,4.00,7.00,9.00,0.0119,0
2023-05-21 21:34:56,1684719297,14.2,27.4,99600,1.00,3.00,5.00,6.00,0.0140,0
2023-05-21 21:39:54,1684719595,13.9,27.6,99600,2.00,2.00,3.00,4.00,0.0149,0
2023-05-21 21:44:53,1684719893,13.7,27.8,99688,2.00,7.00,11.0,13.0,0.0106,0
2023-05-21 21:49:51,1684720191,13.5,28.2,99700,2.00,3.00,4.00,5.00,0.0142,0
2023-05-21 21:54:49,1684720490,13.3,28.2,99700,1.00,5.00,8.00,10.0,0.0159,0
2023-05-21 21:59:48,1684720788,13.1,28.3,99700,1.00,2.00,4.00,5.00,0.0247,0
2023-05-21 22:04:46,1684721087,12.9,28.7,99700,2.00,3.00,5.00,6.00,0.0178,0
2023-05-21 22:09:45,1684721385,12.7,28.8,99700,1e-7,2.00,4.00,4.00,0.0115,0
2023-05-21 22:14:44,1684721684,12.6,29.3,99700,1.00,3.00,5.00,6.00,0.0147,0
2023-05-21 22:19:42,1684721983,12.4,29.3,99756,2.00,5.00,8.00,10.0,0.0274,0
2023-05-21 22:24:41,1684722282,12.2,29.8,99800,2.00,4.00,6.00,6.00,0.0211,0
2023-05-21 22:29:59,1684722599,12.0,30.0,99800,1.00,4.00,7.00,8.00,0.0214,0
2023-05-21 22:34:58,1684722898,11.8,30.4,99800,1.00,3.00,5.00,6.00,0.0170,0
2023-05-21 22:39:57,1684723197,11.7,30.5,99800,2.00,4.00,6.00,7.00,0.0141,0
2023-05-21 22:44:56,1684723496,11.5,30.7,99800,1.00,3.00,5.00,6.00,0.0178,0
2023-05-21 22:49:55,1684723796,11.4,30.9,99800,2.00,8.00,13.0,15.0,0.0371,0
2023-05-21 22:54:54,1684724095,11.2,31.2,99800,1.00,3.00,4.00,5.00,0.0371,0
2023-05-21 22:59:54,1684724395,11.1,31.4,99800,1.00,4.00,6.00,7.00,0.0234,0
2023-05-21 23:04:54,1684724695,10.8,31.5,99850,2.00,4.00,6.00,7.00,0.0174,0
2023-05-21 23:09:54,1684724994,10.7,31.8,99900,3.00,9.00,14.0,17.0,0.0192,0
2023-05-21 23:14:54,1684725294,10.5,32.0,99900,1.00,3.00,5.00,6.00,0.0259,0
2023-05-21 23:19:53,1684725594,10.4,32.6,99900,2.00,3.00,5.00,6.00,0.0241,0
2023-05-21 23:24:53,1684725894,10.2,32.8,99900,1.00,3.00,4.00,5.00,0.0184,0
2023-05-21 23:29:53,1684726194,10.0,33.0,99900,1.00,2.00,4.00,4.00,0.0122,0
2023-05-21 23:34:53,1684726494,9.90,32.9,99900,2.00,3.00,5.00,5.00,0.0105,0
2023-05-21 23:39:54,1684726794,9.72,32.9,99900,2.00,4.00,6.00,7.00,0.0161,0
2023-05-21 23:44:54,1684727094,9.58,33.2,99900,2.00,6.00,10.0,12.0,0.0146,0
2023-05-21 23:49:54,1684727395,9.45,33.3,99938,2.00,5.00,7.00,8.00,0.0117,0
2023-05-21 23:54:54,1684727695,9.29,33.4,100000,2.00,2.00,4.00,4.00,0.0167,0
2023-05-21 23:59:55,1684727995,9.14,33.8,100000,2.00,2.00,3.00,4.00,0.0109,0
2023-05-22 00:04:55,1684728296,8.99,33.9,100000,2.00,4.00,5.00,6.00,0.0119,0
2023-05-22 00:09:56,1684728596,8.82,34.2,100000,1.00,5.00,8.00,10.0,0.0139,0
2023-05-22 00:14:57,1684728897,8.74,34.3,100000,2.00,2.00,3.00,4.00,0.0180,0
2023-05-22 00:19:57,1684729198,8.58,34.2,100000,1.00,4.00,7.00,8.00,0.0130,0
2023-05-22 00:24:58,1684729499,8.47,34.3,100000,1.00,5.00,8.00,10.0,0.0246,0
2023-05-22 00:29:59,1684729800,8.31,34.2,100000,1.00,2.00,3.00,4.00,0.0344,0
2023-05-22 00:34:41,1684730082,8.21,34.8,100000,1.00,3.00,4.00,5.00,0.0440,0
2023-05-22 00:39:42,1684730383,8.11,35.0,100000,1.00,4.00,7.00,9.00,0.0252,0
2023-05-22 00:44:43,1684730684,7.97,35.1,100000,1.00,2.00,4.00,4.00,0.0139,0
2023-05-22 00:49:45,1684730985,7.81,35.2,100000,1.00,2.00,3.00,4.00,0.0133,0
2023-05-22 00:54:46,1684731287,7.68,35.3,100000,1.00,5.00,8.00,10.0,0.0116,0
2023-05-22 00:59:48,1684731588,7.53,35.5,100075,1.00,3.00,5.00,6.00,0.0129,0
2023-05-22 01:04:49,1684731890,7.32,35.5,100100,1.00,4.00,6.00,7.00,0.0115,0
2023-05-22 01:09:51,1684732191,7.04,35.8,100100,1.00,3.00,4.00,4.00,0.0127,0
2023-05-22 01:14:53,1684732493,6.72,36.5,100100,1.00,4.00,6.00,8.00,0.0151,0
2023-05-22 01:19:55,1684732795,6.38,37.7,100100,2.00,5.00,8.00,10.0,0.0166,0
2023-05-22 01:24:57,1684733097,6.09,38.8,100100,1.00,2.00,4.00,4.00,0.0121,0
2023-05-22 01:29:59,1684733400,5.86,39.3,100100,1.00,4.00,7.00,9.00,0.0144,0
2023-05-22 01:34:42,1684733683,5.67,39.7,100100,1.00,2.00,3.00,4.00,0.0127,0
2023-05-22 01:39:45,1684733985,5.52,39.9,100100,2.00,4.00,6.00,7.00,0.0127,0
2023-05-22 01:44:47,1684734288,5.43,40.5,100100,1.00,6.00,10.0,12.0,0.0226,0
2023-05-22 01:49:50,1684734591,5.39,40.7,100100,2.00,3.00,5.00,5.00,0.0408,0
2023-05-22 01:54:53,1684734893,5.38,40.8,100100,2.00,5.00,8.00,9.00,0.0408,0
2023-05-22 01:59:55,1684735196,5.35,40.7,100100,1.00,5.00,8.00,9.00,0.0241,0
2023-05-22 02:04:58,1684735498,5.32,41.1,100100,2.00,3.00,5.00,6.00,0.0252,0
2023-05-22 02:09:42,1684735782,5.24,40.8,100100,2.00,3.00,4.00,4.00,0.0140,0
2023-05-22 02:14:44,1684736085,5.13,40.9,100100,1.00,2.00,3.00,4.00,0.0162,0
2023-05-22 02:19:47,1684736388,5.03,41.0,100100,1.00,4.00,7.00,8.00,0.0122,0
2023-05-22 02:24:50,1684736690,4.95,41.1,100100,3.00,5.00,7.00,8.00,0.0190,0
2023-05-22 02:29:53,1684736993,4.87,41.0,100169,2.00,4.00,6.00,6.00,0.0121,0
2023-05-22 02:34:56,1684737296,4.76,40.9,100200,2.00,6.00,10.0,11.0,0.0125,0
2023-05-22 02:39:59,1684737599,4.59,40.7,100200,1.00,4.00,7.00,8.00,0.0125,0
2023-05-22 02:44:42,1684737882,4.40,40.9,100200,2.00,5.00,8.00,10.0,0.0187,0
2023-05-22 02:49:45,1684738185,4.25,41.2,100200,1.00,2.00,3.00,4.00,0.0403,0
2023-05-22 02:54:48,1684738489,4.07,41.9,100200,1.00,3.00,5.00,6.00,0.0298,0
2023-05-22 02:59:51,1684738792,3.89,42.4,100200,1.00,3.00,5.00,6.00,0.0112,0
2023-05-22 03:04:55,1684739095,3.74,42.9,100200,1.00,4.00,6.00,6.00,0.0105,0
2023-05-22 03:09:58,1684739399,3.59,43.2,100200,1.00,3.00,4.00,5.00,0.0107,0
2023-05-22 03:14:43,1684739684,3.48,43.2,100200,2.00,5.00,7.00,8.00,0.0116,0
2023-05-22 03:19:47,1684739988,3.34,42.9,100200,1.00,3.00,4.00,5.00,0.0104,0
2023-05-22 03:24:51,1684740291,3.24,43.8,100200,1.00,2.00,4.00,4.00,0.0110,0
2023-05-22 03:29:54,1684740595,3.14,43.7,100200,1.00,2.00,3.00,4.00,0.0132,0
2023-05-22 03:34:58,1684740899,3.07,43.9,100200,1.00,4.00,6.00,7.00,0.00995,0
2023-05-22 03:39:43,1684741184,3.01,44.6,100200,2.00,5.00,8.00,9.00,0.0239,0
2023-05-22 03:44:47,1684741488,2.96,44.6,100200,2.00,5.00,8.00,9.00,0.0298,0
2023-05-22 03:49:51,1684741792,2.94,44.8,100200,1.00,3.00,5.00,6.00,0.0208,0
2023-05-22 03:54:55,1684742096,2.87,44.9,100200,2.00,2.00,4.00,4.00,0.0191,0
2023-05-22 03:59:59,1684742400,2.81,44.6,100200,1.00,4.00,7.00,9.00,0.0159,0
2023-05-22 04:04:44,1684742685,2.78,45.4,100227,3.00,4.00,4.00,5.00,0.0215,0
2023-05-22 04:09:48,1684742989,2.70,45.7,100300,2.00,3.00,5.00,6.00,0.0215,0
2023-05-22 04:14:52,1684743293,2.65,46.8,100300,2.00,3.00,5.00,6.00,0.0137,0
2023-05-22 04:19:56,1684743597,2.60,47.6,100300,1.00,5.00,8.00,9.00,0.0132,0
2023-05-22 04:24:41,1684743882,2.58,48.0,100300,1.00,2.00,3.00,4.00,0.0243,0
2023-05-22 04:29:45,1684744186,2.54,46.7,100300,1.00,2.00,4.00,5.00,0.0205,0
2023-05-22 04:34:49,1684744490,2.57,46.7,100300,1.00,2.00,3.00,4.00,0.0105,0
2023-05-22 04:39:53,1684744794,2.71,46.6,100300,1.00,2.00,3.00,4.00,0.0103,0
2023-05-22 04:44:57,1684745098,2.77,46.2,100300,1.00,2.00,4.00,4.00,0.0100,0
2023-05-22 04:49:42,1684745383,2.90,46.6,100300,1.00,2.00,3.00,4.00,0.00995,0
2023-05-22 04:54:46,1684745687,3.08,45.7,100300,1.00,2.00,4.00,4.00,0.00995,0
2023-05-22 04:59:51,1684745991,3.32,45.1,100300,2.00,2.00,4.00,4.00,0.00995,0
2023-05-22 05:04:54,1684746295,3.61,45.5,100300,2.00,4.00,5.00,6.00,0.0142,0
2023-05-22 05:09:58,1684746599,3.65,45.8,100300,2.00,5.00,8.00,9.00,0.0149,0
2023-05-22 05:14:43,1684746883,3.61,46.1,100300,3.00,7.00,10.0,12.0,0.0186,0
2023-05-22 05:19:46,1684747187,3.50,45.9,100300,1.00,2.00,3.00,3.00,0.0321,0
2023-05-22 05:24:50,1684747490,3.39,45.3,100300,1.00,2.00,3.00,4.00,0.0480,0
2023-05-22 05:29:53,1684747794,3.35,45.4,100300,1.00,3.00,5.00,6.00,0.0215,0
2023-05-22 05:34:57,1684748098,3.39,46.9,100300,2.00,5.00,9.00,10.0,0.0188,0
2023-05-22 05:35:35,1684748136,3.37,47.4,100300,1.00,3.00,5.00,6.00,0.0161,0
2023-05-22 08:44:55,1684759495,12.3,29.3,100500,1.00,4.00,7.00,8.00,,
2023-05-22 08:49:53,1684759793,12.5,29.0,100500,1.00,5.00,7.00,8.00,,
2023-05-22 08:54:50,1684760091,12.6,28.8,100500,2.00,3.00,5.00,6.00,0.0129,0
2023-05-22 08:59:48,1684760388,12.7,29.1,100500,2.00,4.00,6.00,7.00,0.0105,0
2023-05-22 09:04:44,1684760685,12.8,33.2,94219,2.00,5.00,6.00,7.00,0.0143,0
2023-05-22 09:05:40,1684760740,12.9,28.8,100500,1e-7,1.00,2.00,3.00,0.0101,0
2023-05-22 09:24:08,1684761848,13.0,27.9,100500,1.00,2.00,3.00,4.00,,
2023-05-22 12:24:51,1684772691,17.8,21.1,100400,1.00,3.00,5.00,6.00,,
2023-05-22 12:29:51,1684772992,18.1,22.0,100400,1.00,2.00,4.00,4.00,,
2023-05-22 12:32:41,1684773162,18.3,21.4,100400,1.00,2.00,4.00,4.00,,
2023-05-22 12:49:55,1684774196,18.8,20.6,100300,1.00,4.00,7.00,8.00,,
2023-05-22 12:54:42,1684774483,18.9,20.9,100300,2.00,5.00,7.00,8.00,,
2023-05-22 12:59:56,1684774796,19.1,21.2,100300,2.00,2.00,3.00,4.00,,
2023-05-22 13:04:50,1684775091,19.3,19.8,100300,1.00,3.00,4.00,5.00,0.0151,0
2023-05-22 13:05:45,1684775146,19.3,18.9,100300,1.00,1.00,2.00,2.00,0.0115,0
2023-05-22 13:19:47,1684775988,19.6,20.0,100300,2.00,5.00,8.00,9.00,0.0105,0
2023-05-22 13:22:14,1684776135,19.7,19.8,100300,2.00,6.00,8.00,10.0,0.0126,0
2023-05-22 13:29:43,1684776583,19.8,20.2,100300,1.00,2.00,2.00,2.00,0.0122,0
2023-05-22 13:34:55,1684776895,19.9,19.9,100300,2.00,2.00,3.00,3.00,0.0165,0
2023-05-22 13:38:36,1684777116,20.0,20.0,100300,2.00,7.00,10.0,12.0,0.0207,0
2023-05-22 13:49:45,1684777785,20.2,19.5,100300,2.00,3.00,4.00,4.00,0.0177,0
2023-05-22 13:54:56,1684778097,20.4,19.3,100300,2.00,3.00,5.00,6.00,0.0249,0
2023-05-22 13:55:15,1684778115,20.5,19.3,100300,1e-7,1e-7,1.00,1.00,0.00996,0
2023-05-22 14:04:59,1684778700,20.9,20.0,100300,1.00,1.00,2.00,2.00,0.0136,0
2023-05-22 14:09:52,1684778993,21.0,18.8,100300,3.00,4.00,5.00,6.00,0.0224,0
2023-05-22 14:12:36,1684779157,21.0,19.5,100300,1.00,2.00,3.00,4.00,0.0145,0
2023-05-22 14:19:46,1684779586,21.1,19.0,100300,2.00,2.00,4.00,4.00,0.0129,0
2023-05-22 14:24:57,1684779897,21.1,18.8,100300,3.00,4.00,6.00,7.00,0.0128,0
2023-05-22 14:29:12,1684780153,21.2,17.4,100300,2.00,3.00,3.00,4.00,0.0108,0
2023-05-22 14:39:52,1684780793,21.0,18.6,100300,2.00,2.00,3.00,3.00,0.0168,0
2023-05-22 14:44:27,1684781067,21.0,18.2,100300,2.00,2.00,3.00,4.00,0.0163,0
2023-05-22 14:54:54,1684781695,21.1,19.3,100300,4.00,5.00,5.00,5.00,0.0115,0
2023-05-22 14:59:47,1684781987,21.4,19.1,100300,3.00,8.00,12.0,14.0,0.0154,0
2023-05-22 15:00:42,1684782042,21.5,19.2,100300,2.00,4.00,6.00,7.00,0.0185,0
2023-05-22 15:09:50,1684782590,21.8,17.6,100300,1.00,1.00,1.00,1.00,0.0185,0
2023-05-22 15:14:42,1684782883,21.8,18.0,100294,2.00,2.00,3.00,4.00,0.0207,0
2023-05-22 15:17:08,1684783029,21.8,18.2,100300,2.00,4.00,6.00,7.00,0.0268,0
2023-05-22 15:24:51,1684783491,21.8,18.6,100200,1.00,3.00,4.00,5.00,0.0157,0
2023-05-22 15:29:43,1684783784,21.9,19.1,100200,2.00,6.00,10.0,11.0,0.0293,0
2023-05-22 15:33:40,1684784021,22.1,18.3,100200,3.00,7.00,10.0,12.0,0.0155,0
2023-05-22 15:44:42,1684784682,22.3,17.7,100200,2.00,3.00,5.00,6.00,0.0118,0
2023-05-22 15:49:52,1684784992,22.3,18.5,100200,3.00,3.00,5.00,6.00,0.0232,0
2023-05-22 15:51:04,1684785065,22.4,18.5,100200,2.00,4.00,6.00,7.00,0.0232,0
2023-05-22 15:59:46,1684785587,22.5,17.9,100200,2.00,2.00,3.00,3.00,0.0232,0
2023-05-22 16:04:56,1684785897,22.5,18.0,100200,4.00,5.00,7.00,8.00,0.0177,0
2023-05-22 16:06:28,1684785988,22.5,17.8,100200,2.00,3.00,5.00,6.00,0.0131,0
2023-05-22 16:19:48,1684786788,23.0,18.0,100200,1.00,4.00,5.00,6.00,0.0119,0
2023-05-22 16:22:50,1684786970,23.1,17.7,100200,2.00,3.00,4.00,5.00,0.0113,0
2023-05-22 16:29:54,1684787395,23.2,17.8,100200,1.00,3.00,6.00,7.00,0.0119,0
2023-05-22 16:34:45,1684787686,23.3,17.8,100200,2.00,4.00,7.00,8.00,0.0141,0
2023-05-22 16:39:00,1684787941,23.4,17.1,100200,2.00,6.00,9.00,10.0,0.0202,0
2023-05-22 16:49:53,1684788594,23.9,16.7,100200,3.00,5.00,7.00,8.00,0.0257,0
2023-05-22 16:54:44,1684788884,24.1,17.2,100200,3.00,5.00,7.00,8.00,0.0332,0
2023-05-22 16:56:32,1684788993,24.4,16.8,100200,3.00,4.00,4.00,4.00,0.0261,0
2023-05-22 17:04:49,1684789490,24.5,15.9,100200,2.00,3.00,4.00,4.00,0.0475,0
2023-05-22 17:09:58,1684789798,24.7,16.0,100200,2.00,3.00,5.00,6.00,0.0287,0
2023-05-22 17:11:47,1684789907,24.7,15.7,100200,2.00,3.00,4.00,5.00,0.0114,0
2023-05-22 17:24:45,1684790686,24.9,15.3,100200,3.00,3.00,5.00,6.00,0.0114,0
2023-05-22 17:29:17,1684790957,25.0,15.3,100200,5.00,11.0,18.0,21.0,0.0140,0
2023-05-22 17:39:44,1684791585,24.7,15.2,100200,5.00,6.00,7.00,7.00,0.0299,0
2023-05-22 17:44:17,1684791857,24.7,15.4,100200,3.00,4.00,6.00,6.00,0.0257,0
2023-05-22 17:54:54,1684792494,24.9,14.9,100200,3.00,3.00,3.00,4.00,0.0287,0
2023-05-22 17:59:44,1684792784,25.0,14.8,100200,3.00,5.00,8.00,10.0,0.0244,0
2023-05-22 18:01:50,1684792911,25.0,14.8,100200,2.00,5.00,8.00,9.00,0.0145,0
2023-05-22 18:09:49,1684793390,24.5,15.5,100200,3.00,4.00,4.00,5.00,0.0127,0
2023-05-22 18:14:58,1684793699,24.5,15.2,100200,3.00,5.00,7.00,8.00,0.0113,0
2023-05-22 18:17:06,1684793826,24.7,14.7,100200,2.00,3.00,4.00,4.00,0.0128,0
2023-05-22 18:29:47,1684794588,25.0,14.8,100200,4.00,4.00,5.00,6.00,0.0169,0
2023-05-22 18:33:25,1684794806,25.2,14.6,100200,4.00,7.00,10.0,11.0,0.0240,0
2023-05-22 18:44:43,1684795483,25.0,14.1,100200,4.00,5.00,6.00,7.00,0.0392,0
2023-05-22 18:49:52,1684795792,24.9,14.2,100200,2.00,5.00,6.00,7.00,0.0397,0
2023-05-22 19:04:45,1684796686,25.1,14.5,100200,2.00,3.00,4.00,5.00,0.0477,0
2023-05-22 19:07:28,1684796848,25.2,14.5,100200,2.00,5.00,8.00,9.00,0.0327,0
2023-05-22 19:14:50,1684797291,25.4,13.8,100300,3.00,5.00,6.00,7.00,0.0153,0
2023-05-22 19:19:59,1684797600,25.2,14.0,100300,3.00,5.00,7.00,9.00,0.0339,0
2023-05-22 19:23:36,1684797817,25.0,14.1,100300,2.00,3.00,5.00,6.00,0.0209,0
2023-05-22 19:34:49,1684798489,24.4,14.9,100300,2.00,3.00,4.00,5.00,0.0232,0
2023-05-22 19:39:59,1684798799,24.1,15.3,100300,2.00,4.00,5.00,6.00,0.0162,0
2023-05-22 19:44:51,1684799091,23.3,16.4,100300,3.00,6.00,8.00,10.0,0.0108,0
2023-05-22 19:49:43,1684799384,22.2,18.0,100300,2.00,4.00,6.00,7.00,0.0196,0
2023-05-22 19:54:55,1684799696,21.0,19.8,100300,2.00,5.00,7.00,9.00,0.0147,0
2023-05-22 19:59:49,1684799990,20.1,21.4,100300,2.00,6.00,9.00,10.0,0.0124,0
2023-05-22 20:04:44,1684800285,19.1,22.9,100300,3.00,7.00,10.0,12.0,0.0159,0
2023-05-22 20:09:58,1684800598,18.3,24.3,100300,2.00,6.00,9.00,10.0,0.0323,0
2023-05-22 20:14:54,1684800894,17.5,25.8,100300,3.00,5.00,6.00,7.00,0.0301,0
2023-05-22 20:19:50,1684801190,16.9,26.5,100300,2.00,5.00,7.00,8.00,0.0275,0
2023-05-22 20:24:46,1684801487,16.2,27.4,100300,3.00,4.00,6.00,6.00,0.0229,0
2023-05-22 20:29:43,1684801783,15.6,28.3,100300,3.00,7.00,10.0,11.0,0.0225,0
2023-05-22 20:34:59,1684802099,15.0,29.4,100300,2.00,4.00,6.00,7.00,0.0163,0
2023-05-22 20:39:56,1684802397,14.3,30.5,100300,2.00,4.00,6.00,7.00,0.0156,0
2023-05-22 20:44:54,1684802694,13.8,31.2,100331,2.00,5.00,8.00,9.00,0.0127,0
2023-05-22 20:49:52,1684802992,13.4,32.1,100394,5.00,7.00,9.00,10.0,0.0435,0
2023-05-22 20:54:50,1684803290,13.0,33.4,100394,2.00,5.00,8.00,9.00,0.0506,0
2023-05-22 20:59:48,1684803589,12.6,34.1,100400,2.00,5.00,7.00,9.00,0.0506,0
2023-05-22 21:04:48,1684803888,12.2,34.1,100400,4.00,9.00,13.0,15.0,0.0115,0
2023-05-22 21:09:47,1684804187,11.8,33.8,100400,3.00,5.00,7.00,9.00,0.0182,0
2023-05-22 21:14:46,1684804486,11.4,34.3,100400,2.00,3.00,5.00,6.00,0.0182,0
2023-05-22 21:19:45,1684804786,11.1,35.8,100400,3.00,4.00,6.00,7.00,0.0300,0
2023-05-22 21:24:45,1684805085,10.8,36.6,100400,3.00,8.00,13.0,15.0,0.0376,0
2023-05-22 21:29:44,1684805385,10.5,37.0,100400,3.00,8.00,13.0,15.0,0.0467,0
2023-05-22 21:34:44,1684805684,10.2,36.7,100400,2.00,3.00,5.00,6.00,0.0183,0
2023-05-22 21:39:44,1684805984,9.91,37.6,100400,2.00,7.00,11.0,13.0,0.0250,0
2023-05-22 21:44:44,1684806285,9.65,38.3,100400,3.00,5.00,7.00,8.00,0.0432,0
2023-05-22 21:49:44,1684806585,9.40,38.5,100400,2.00,3.00,5.00,6.00,0.0432,0
2023-05-22 21:54:45,1684806885,9.18,38.9,100400,4.00,6.00,7.00,8.00,0.0488,0
2023-05-22 21:59:45,1684807186,8.97,39.5,100400,3.00,4.00,6.00,7.00,0.0186,0
2023-05-22 22:04:46,1684807487,8.77,40.1,100400,3.00,4.00,6.00,8.00,0.0106,0
2023-05-22 22:09:47,1684807787,8.58,41.3,100400,3.00,5.00,7.00,8.00,0.0109,0
2023-05-22 22:14:48,1684808088,8.43,42.1,100400,4.00,4.00,6.00,7.00,0.0114,0
2023-05-22 22:19:49,1684808390,8.38,41.9,100400,3.00,3.00,3.00,4.00,0.0107,0
2023-05-22 22:24:50,1684808691,8.42,42.0,100406,2.00,5.00,7.00,8.00,0.0111,0
2023-05-22 22:29:51,1684808991,8.45,42.2,100425,2.00,5.00,8.00,9.00,0.0106,0
2023-05-22 22:34:52,1684809292,8.51,42.6,100488,2.00,7.00,10.0,12.0,0.0151,0
2023-05-22 22:39:53,1684809593,8.58,42.4,100431,3.00,5.00,7.00,8.00,0.0205,0
2023-05-22 22:44:54,1684809894,8.61,42.2,100475,3.00,6.00,9.00,10.0,0.0132,0
2023-05-22 22:49:55,1684810195,8.64,42.1,100500,2.00,2.00,3.00,4.00,0.0183,0
2023-05-22 22:54:55,1684810496,8.64,42.3,100500,3.00,7.00,10.0,12.0,0.0202,0
2023-05-22 22:59:56,1684810797,8.62,42.1,100500,2.00,4.00,6.00,6.00,0.0233,0
2023-05-22 23:04:56,1684811097,8.58,42.1,100500,3.00,5.00,6.00,7.00,0.0135,0
2023-05-22 23:09:57,1684811398,8.45,41.4,100500,4.00,5.00,7.00,8.00,0.00996,0
2023-05-22 23:14:58,1684811699,8.25,41.3,100500,2.00,3.00,5.00,6.00,0.0103,0
2023-05-22 23:19:41,1684811981,8.04,41.8,100500,2.00,3.00,5.00,5.00,0.0103,0
2023-05-22 23:24:42,1684812283,7.82,42.4,100500,2.00,5.00,7.00,8.00,0.0120,0
2023-05-22 23:29:44,1684812584,7.63,42.6,100500,3.00,4.00,6.00,7.00,0.0155,0
2023-05-22 23:34:45,1684812886,7.43,42.8,100500,2.00,4.00,6.00,7.00,0.0156,0
2023-05-22 23:39:47,1684813187,7.23,43.7,100500,3.00,4.00,5.00,5.00,0.0228,0
2023-05-22 23:44:49,1684813489,7.02,43.3,100500,4.00,7.00,8.00,9.00,0.0237,0
2023-05-22 23:49:50,1684813791,6.82,43.7,100500,2.00,6.00,9.00,11.0,0.0209,0
2023-05-22 23:54:52,1684814093,6.62,43.8,100500,2.00,3.00,5.00,6.00,0.0164,0
2023-05-22 23:59:54,1684814395,6.45,43.7,100500,2.00,3.00,5.00,6.00,0.0110,0
2023-05-23 00:04:57,1684814697,6.31,44.2,100500,2.00,8.00,14.0,16.0,0.0211,0
2023-05-23 00:09:59,1684814999,6.16,44.6,100500,1.00,3.00,5.00,5.00,0.0246,0
2023-05-23 00:14:42,1684815283,6.05,44.9,100500,2.00,5.00,6.00,7.00,0.0246,0
2023-05-23 00:19:44,1684815585,5.94,46.0,100500,3.00,6.00,8.00,9.00,0.0397,0
2023-05-23 00:24:47,1684815887,5.88,46.9,100500,3.00,3.00,4.00,5.00,0.0397,0
2023-05-23 00:29:49,1684816190,5.92,47.6,100500,4.00,4.00,4.00,5.00,0.0245,0
2023-05-23 00:34:51,1684816492,6.04,47.4,100500,2.00,4.00,6.00,6.00,0.0113,0
2023-05-23 00:39:53,1684816794,6.13,47.4,100500,2.00,4.00,7.00,8.00,0.0165,0
2023-05-23 00:44:56,1684817096,6.19,47.3,100500,2.00,3.00,4.00,5.00,0.0165,0
2023-05-23 00:49:58,1684817398,6.26,47.3,100500,2.00,4.00,6.00,7.00,0.0196,0
2023-05-23 00:54:41,1684817681,6.34,47.4,100500,2.00,6.00,9.00,10.0,0.0155,0
2023-05-23 00:59:43,1684817984,6.40,47.2,100500,2.00,5.00,8.00,10.0,0.0174,0
2023-05-23 01:04:45,1684818285,6.42,46.5,100494,2.00,5.00,7.00,9.00,0.0158,0
2023-05-23 01:09:47,1684818588,6.37,46.2,100500,2.00,4.00,6.00,7.00,0.0212,0
2023-05-23 01:14:49,1684818890,6.29,46.2,100494,3.00,6.00,10.0,12.0,0.0139,0
2023-05-23 01:19:51,1684819192,6.17,46.5,100500,2.00,5.00,7.00,8.00,0.0145,0
2023-05-23 01:24:54,1684819494,6.05,46.7,100500,3.00,4.00,4.00,5.00,0.0176,0
2023-05-23 01:29:56,1684819796,5.96,47.7,100500,2.00,4.00,6.00,7.00,0.0327,0
2023-05-23 01:34:58,1684820099,5.93,47.5,100500,2.00,3.00,4.00,5.00,0.0122,0
2023-05-23 01:39:42,1684820382,5.93,47.5,100500,3.00,4.00,6.00,8.00,0.0116,0
2023-05-23 01:44:44,1684820685,5.91,47.2,100500,2.00,4.00,6.00,7.00,0.0163,0
2023-05-23 01:49:46,1684820987,5.83,46.4,100500,3.00,6.00,8.00,9.00,0.0119,0
2023-05-23 01:54:49,1684821289,5.62,45.4,100500,3.00,4.00,6.00,7.00,0.0113,0
2023-05-23 01:59:52,1684821592,5.40,45.7,100500,2.00,4.00,7.00,8.00,0.0148,0
2023-05-23 02:04:54,1684821895,5.20,46.1,100500,2.00,3.00,5.00,6.00,0.0142,0
2023-05-23 02:09:57,1684822198,5.00,45.7,100500,2.00,5.00,8.00,9.00,0.0127,0
2023-05-23 02:14:41,1684822481,4.84,46.3,100500,3.00,5.00,8.00,10.0,0.0230,0
2023-05-23 02:19:44,1684822784,4.72,46.7,100500,2.00,3.00,4.00,4.00,0.0269,0
2023-05-23 02:24:47,1684823087,4.60,46.6,100500,3.00,7.00,11.0,13.0,0.0269,0
2023-05-23 02:29:50,1684823390,4.50,47.3,100500,2.00,5.00,8.00,9.00,0.0179,0
2023-05-23 02:34:53,1684823693,4.40,47.2,100500,3.00,5.00,6.00,7.00,0.0150,0
2023-05-23 02:39:56,1684823996,4.34,47.5,100500,2.00,5.00,7.00,8.00,0.0383,0
2023-05-23 02:44:59,1684824300,4.27,47.8,100500,2.00,4.00,6.00,7.00,0.0239,0
2023-05-23 02:49:43,1684824584,4.21,48.0,100500,2.00,5.00,8.00,9.00,0.0147,0
2023-05-23 02:54:47,1684824887,4.16,48.0,100500,1.00,3.00,4.00,5.00,0.0125,0
2023-05-23 02:59:50,1684825191,4.10,48.6,100500,3.00,7.00,11.0,13.0,0.0214,0
2023-05-23 03:04:53,1684825494,4.04,49.0,100500,2.00,5.00,7.00,8.00,0.0410,0
2023-05-23 03:09:56,1684825797,4.01,48.9,100500,2.00,7.00,11.0,12.0,0.0212,0
2023-05-23 03:14:41,1684826081,3.97,48.6,100500,2.00,5.00,8.00,9.00,0.0200,0
2023-05-23 03:19:44,1684826384,3.92,49.2,100500,3.00,5.00,7.00,8.00,0.0227,0
2023-05-23 03:24:47,1684826688,3.91,50.6,100500,3.00,5.00,7.00,7.00,0.0133,0
2023-05-23 03:29:51,1684826991,4.00,51.9,100500,4.00,4.00,5.00,6.00,0.0145,0
2023-05-23 03:34:54,1684827294,4.14,51.9,100500,3.00,7.00,11.0,13.0,0.0126,0
2023-05-23 03:39:57,1684827598,4.29,51.7,100500,3.00,5.00,8.00,9.00,0.0222,0
2023-05-23 03:44:41,1684827882,4.39,51.7,100500,4.00,6.00,8.00,9.00,0.0200,0
2023-05-23 03:49:45,1684828185,4.46,51.5,100500,2.00,4.00,6.00,7.00,0.0270,0
2023-05-23 03:54:48,1684828488,4.55,51.3,100500,3.00,8.00,12.0,14.0,0.0270,0
2023-05-23 03:59:51,1684828791,4.62,51.1,100500,2.00,4.00,7.00,8.00,0.0316,0
2023-05-23 04:04:54,1684829095,4.66,51.1,100500,2.00,4.00,6.00,6.00,0.0171,0
2023-05-23 04:09:57,1684829398,4.68,50.7,100500,2.00,3.00,4.00,5.00,0.0251,0
2023-05-23 04:14:41,1684829682,4.67,50.4,100500,3.00,3.00,5.00,5.00,0.0121,0
2023-05-23 04:19:44,1684829985,4.64,50.6,100500,3.00,5.00,7.00,8.00,0.0196,0
2023-05-23 04:24:47,1684830288,4.60,50.6,100500,2.00,4.00,6.00,7.00,0.0215,0
2023-05-23 04:29:50,1684830591,4.54,50.4,100500,2.00,4.00,6.00,7.00,0.0209,0
2023-05-23 04:34:53,1684830894,4.46,50.1,100500,2.00,7.00,11.0,13.0,0.0153,0
2023-05-23 04:39:57,1684831197,4.38,49.7,100500,3.00,6.00,9.00,10.0,0.0184,0
2023-05-23 04:44:41,1684831482,4.27,49.6,100500,2.00,6.00,8.00,10.0,0.0180,0
2023-05-23 04:49:44,1684831785,4.17,49.8,100500,3.00,6.00,9.00,11.0,0.0140,0
2023-05-23 04:54:48,1684832088,4.09,50.5,100500,2.00,3.00,5.00,6.00,0.0116,0
2023-05-23 04:59:51,1684832391,4.06,51.1,100500,3.00,7.00,9.00,11.0,0.0121,0
2023-05-23 05:04:55,1684832695,4.07,51.5,100500,2.00,4.00,6.00,7.00,0.0168,0
2023-05-23 05:09:58,1684832998,4.10,51.3,100500,2.00,4.00,6.00,7.00,0.0168,0
2023-05-23 05:14:42,1684833283,4.11,51.4,100500,2.00,4.00,7.00,8.00,0.0136,0
2023-05-23 05:19:45,1684833586,4.13,51.8,100500,3.00,7.00,11.0,12.0,0.0132,0
2023-05-23 05:24:49,1684833889,4.19,52.5,100500,4.00,8.00,11.0,12.0,0.0213,0
2023-05-23 05:29:52,1684834192,4.32,52.6,100500,4.00,4.00,5.00,5.00,0.0213,0
2023-05-23 05:33:58,1684834439,4.45,52.3,100500,3.00,6.00,8.00,9.00,0.0209,0
2023-05-23 08:59:48,1684846789,17.5,28.2,100500,3.00,4.00,6.00,6.00,,
2023-05-23 09:04:44,1684847084,17.7,27.8,100500,3.00,4.00,5.00,6.00,,
2023-05-23 09:09:58,1684847398,17.8,31.7,94571,2.00,4.00,7.00,8.00,0.0111,0
2023-05-23 09:11:30,1684847491,17.9,27.7,100500,3.00,3.00,5.00,6.00,0.0102,0
2023-05-23 09:24:55,1684848295,18.5,25.5,100400,2.00,5.00,8.00,9.00,0.0136,0
2023-05-23 09:25:50,1684848351,18.6,25.4,100400,1.00,3.00,5.00,6.00,0.0142,0
2023-05-23 12:24:53,1684859093,24.5,16.2,100200,1.00,4.00,6.00,7.00,,
2023-05-23 12:29:45,1684859385,24.6,15.7,100200,3.00,6.00,8.00,9.00,,
2023-05-23 12:34:55,1684859696,24.7,15.7,100200,3.00,5.00,7.00,8.00,0.0102,0
2023-05-23 12:36:26,1684859787,24.8,15.1,100200,2.00,3.00,4.00,5.00,0.0176,0
2023-05-23 12:54:02,1684860843,25.1,16.0,100100,2.00,4.00,6.00,7.00,,
2023-05-23 12:59:43,1684861183,25.3,15.5,100100,3.00,6.00,10.0,12.0,,
2023-05-23 13:04:52,1684861493,25.4,14.9,100100,3.00,7.00,10.0,12.0,,
2023-05-23 13:09:08,1684861748,25.4,14.1,100100,2.00,6.00,8.00,10.0,0.0193,0
2023-05-23 13:24:51,1684862692,25.4,14.6,100100,2.00,4.00,5.00,6.00,0.0178,0
2023-05-23 13:26:40,1684862800,25.4,14.8,100100,3.00,3.00,3.00,3.00,0.0258,0
2023-05-23 13:34:45,1684863286,25.5,14.5,100100,2.00,2.00,4.00,4.00,0.0214,0
2023-05-23 13:39:55,1684863595,25.6,14.4,100100,2.00,3.00,6.00,7.00,0.0183,0
2023-05-23 13:42:02,1684863722,25.7,14.4,100100,1.00,2.00,3.00,3.00,0.00969,0
2023-05-23 13:54:44,1684864485,26.1,14.7,100079,2.00,2.00,3.00,4.00,0.0141,0
2023-05-23 13:58:22,1684864703,26.2,13.9,100017,2.00,2.00,4.00,4.00,0.0104,0
2023-05-23 14:09:42,1684865383,26.5,14.1,100000,2.00,4.00,7.00,8.00,0.0124,0
2023-05-23 14:14:33,1684865673,26.8,14.1,100000,2.00,4.00,7.00,8.00,0.0216,0
2023-05-23 14:24:49,1684866289,27.3,13.3,100000,1.00,2.00,3.00,3.00,0.0188,0
2023-05-23 14:29:57,1684866597,27.4,13.6,100000,2.00,5.00,8.00,10.0,0.0196,0
2023-05-23 14:32:03,1684866723,27.5,13.7,100000,2.00,4.00,5.00,6.00,0.0141,0
2023-05-23 14:39:57,1684867197,27.5,14.0,100000,1.00,1.00,2.00,2.00,0.0216,0
2023-05-23 14:44:46,1684867487,27.6,13.6,100000,2.00,4.00,7.00,9.00,0.0281,0
2023-05-23 14:47:11,1684867632,27.7,13.4,100000,1.00,2.00,3.00,4.00,0.00772,0
2023-05-23 14:54:50,1684868091,27.9,13.5,100000,2.00,5.00,7.00,8.00,0.0121,0
2023-05-23 14:59:58,1684868399,27.9,13.9,100000,3.00,7.00,11.0,12.0,0.0121,0
2023-05-23 15:03:35,1684868616,28.0,14.3,99917,2.00,6.00,9.00,10.0,0.0219,0
2023-05-23 15:14:43,1684869284,28.3,13.8,99900,2.00,2.00,4.00,4.00,0.0210,0
2023-05-23 15:19:51,1684869591,28.3,13.4,99900,2.00,5.00,7.00,8.00,0.0203,0
2023-05-23 15:29:54,1684870195,28.3,12.6,99900,3.00,8.00,12.0,15.0,0.0287,0
2023-05-23 15:34:43,1684870484,28.4,12.2,99900,3.00,4.00,5.00,5.00,0.0359,0
2023-05-23 15:36:14,1684870574,28.4,12.0,99900,2.00,3.00,4.00,5.00,0.0181,0
2023-05-23 15:49:49,1684871389,28.5,12.2,99876,1.00,3.00,5.00,6.00,0.0181,0
2023-05-23 15:52:31,1684871552,28.6,11.7,99800,2.00,2.00,3.00,4.00,0.0108,0
2023-05-23 15:59:51,1684871992,28.4,11.4,99800,1e-7,2.00,3.00,4.00,0.0104,0
2023-05-23 16:04:58,1684872298,28.5,11.2,99800,1.00,2.00,3.00,4.00,0.0124,0
2023-05-23 16:09:46,1684872587,28.5,11.3,99800,1.00,3.00,4.00,5.00,0.0124,0
2023-05-23 16:19:47,1684873187,28.6,10.9,99800,3.00,5.00,6.00,7.00,0.0154,0
2023-05-23 16:24:54,1684873494,28.6,10.5,99800,2.00,3.00,5.00,6.00,0.0155,0
2023-05-23 16:25:30,1684873531,28.6,10.8,99800,2.00,3.00,4.00,5.00,0.0132,0
2023-05-23 16:34:58,1684874099,28.8,10.9,99800,1.00,3.00,5.00,6.00,0.0103,0
2023-05-23 16:39:47,1684874388,28.8,10.7,99800,3.00,4.00,7.00,8.00,0.0108,0
2023-05-23 16:41:18,1684874478,28.8,10.3,99760,1.00,1.00,1.00,1.00,0.0108,0
2023-05-23 16:54:49,1684875290,28.8,10.7,99700,2.00,5.00,6.00,7.00,0.0113,0
2023-05-23 16:58:43,1684875523,29.0,10.7,99700,1.00,2.00,3.00,3.00,0.0118,0
2023-05-23 17:04:55,1684875896,29.4,9.94,99700,1.00,3.00,4.00,4.00,0.0119,0
2023-05-23 17:09:44,1684876184,29.3,9.82,99700,2.00,3.00,3.00,3.00,0.0113,0
2023-05-23 17:14:15,1684876455,29.1,9.66,99700,1.00,4.00,6.00,7.00,0.0119,0
2023-05-23 17:24:46,1684877087,28.6,10.5,99700,1.00,4.00,6.00,7.00,0.0124,0
2023-05-23 17:29:54,1684877394,28.7,10.3,99700,2.00,4.00,5.00,6.00,0.0226,0
2023-05-23 17:31:23,1684877484,28.8,10.3,99700,1.00,3.00,5.00,5.00,0.0148,0
2023-05-23 17:39:43,1684877984,28.7,11.0,99700,1.00,3.00,5.00,6.00,0.0133,0
2023-05-23 17:44:51,1684878291,28.7,11.0,99700,3.00,3.00,5.00,6.00,0.0146,0
2023-05-23 17:47:32,1684878453,28.8,11.1,99700,1.00,3.00,5.00,6.00,0.0104,0
2023-05-23 17:59:51,1684879191,29.3,10.9,99660,2.00,4.00,6.00,7.00,0.0139,0
2023-05-23 18:02:51,1684879372,29.3,11.0,99600,2.00,2.00,2.00,2.00,0.0122,0
2023-05-23 18:09:53,1684879794,28.9,11.5,99600,1.00,2.00,2.00,2.00,0.0129,0
2023-05-23 18:14:42,1684880083,29.0,11.5,99600,2.00,3.00,3.00,3.00,0.0174,0
2023-05-23 18:19:49,1684880390,29.1,11.6,99600,2.00,4.00,6.00,6.00,0.00995,0
2023-05-23 18:20:07,1684880408,29.1,11.2,99600,1.00,2.00,2.00,3.00,0.00995,0
2023-05-23 18:29:47,1684880988,28.9,11.6,99600,1.00,3.00,5.00,6.00,0.0108,0
2023-05-23 18:34:55,1684881295,28.7,12.0,99600,3.00,4.00,5.00,6.00,0.00883,0
2023-05-23 18:35:13,1684881313,28.5,12.1,99600,1.00,1.00,2.00,2.00,0.00902,0
2023-05-23 18:44:59,1684881900,28.3,12.2,99600,2.00,6.00,10.0,12.0,0.0121,0
2023-05-23 18:49:49,1684882190,28.2,12.3,99600,2.00,3.00,4.00,4.00,0.0164,0
2023-05-23 18:54:58,1684882498,28.0,12.8,99600,6.00,16.0,24.0,28.0,0.0333,0
2023-05-23 18:59:48,1684882788,27.7,13.1,99600,2.00,5.00,8.00,9.00,0.0383,0
2023-05-23 19:04:57,1684883097,27.2,13.5,99600,2.00,3.00,3.00,4.00,0.0385,0
2023-05-23 19:09:48,1684883388,26.7,14.8,99600,3.00,5.00,6.00,7.00,0.0158,0
2023-05-23 19:14:57,1684883698,26.2,15.3,99600,2.00,3.00,4.00,5.00,0.0120,0
2023-05-23 19:19:49,1684883989,25.6,15.9,99600,2.00,5.00,7.00,8.00,0.0120,0
2023-05-23 19:24:59,1684884299,25.1,16.6,99582,2.00,5.00,7.00,9.00,0.0160,0
2023-05-23 19:29:51,1684884592,24.6,17.4,99500,2.00,5.00,8.00,9.00,0.0177,0
2023-05-23 19:34:44,1684884884,24.2,18.7,99500,1.00,3.00,5.00,6.00,0.0167,0
2023-05-23 19:39:55,1684885196,23.7,19.6,99500,2.00,4.00,7.00,8.00,0.0162,0
2023-05-23 19:44:48,1684885489,23.3,25.3,93331,2.00,6.00,9.00,10.0,0.0162,0
2023-05-23 19:49:59,1684885800,22.9,20.5,99588,3.00,10.0,15.0,18.0,0.0202,0
2023-05-23 19:54:53,1684886093,22.5,22.6,99600,3.00,4.00,6.00,7.00,0.0210,0
2023-05-23 19:59:46,1684886386,22.1,22.9,99600,2.00,3.00,4.00,5.00,0.0210,0
2023-05-23 20:04:58,1684886698,21.8,22.9,99600,2.00,5.00,8.00,10.0,0.0213,0
2023-05-23 20:09:52,1684886992,21.4,23.6,99600,2.00,6.00,9.00,10.0,0.0299,0
2023-05-23 20:14:46,1684887286,21.1,24.3,99600,2.00,4.00,6.00,7.00,0.0248,0
2023-05-23 20:19:59,1684887599,20.7,24.7,99535,1.00,3.00,5.00,6.00,0.0179,0
2023-05-23 20:24:53,1684887894,20.3,25.8,99569,2.00,5.00,7.00,9.00,0.0253,0
2023-05-23 20:29:48,1684888189,19.9,27.1,99556,3.00,5.00,7.00,9.00,0.0215,0
2023-05-23 20:34:43,1684888483,19.5,28.0,99500,1.00,2.00,4.00,4.00,0.0149,0
2023-05-23 20:39:57,1684888797,19.1,28.8,99500,3.00,7.00,11.0,12.0,0.0189,0
2023-05-23 20:44:52,1684889093,18.8,29.6,99500,2.00,3.00,5.00,6.00,0.0254,0
2023-05-23 20:49:48,1684889388,18.4,29.7,99500,2.00,3.00,5.00,5.00,0.0147,0
2023-05-23 20:54:44,1684889684,18.1,30.3,99500,3.00,4.00,6.00,6.00,0.0115,0
2023-05-23 20:59:58,1684889999,17.7,30.7,99500,2.00,3.00,5.00,6.00,0.0106,0
2023-05-23 21:04:54,1684890295,17.3,31.7,99500,2.00,5.00,8.00,9.00,0.0136,0
2023-05-23 21:09:51,1684890591,17.1,32.2,99500,2.00,3.00,5.00,5.00,0.0136,0
2023-05-23 21:14:47,1684890888,16.9,33.1,99500,1.00,5.00,8.00,9.00,0.0156,0
2023-05-23 21:19:44,1684891184,16.7,33.3,99500,3.00,6.00,8.00,10.0,0.0138,0
2023-05-23 21:24:59,1684891499,16.5,33.8,99500,2.00,6.00,11.0,13.0,0.0154,0
2023-05-23 21:29:55,1684891796,16.3,34.3,99500,3.00,4.00,5.00,6.00,0.0120,0
2023-05-23 21:34:52,1684892093,16.1,34.5,99500,2.00,5.00,6.00,7.00,0.0216,0
2023-05-23 21:39:49,1684892390,15.9,35.3,99500,2.00,4.00,5.00,6.00,0.0199,0
2023-05-23 21:44:46,1684892687,15.7,36.0,99500,2.00,4.00,5.00,5.00,0.0168,0
2023-05-23 21:49:44,1684892984,15.6,36.5,99500,2.00,5.00,8.00,9.00,0.0115,0
2023-05-23 21:54:41,1684893282,15.4,36.9,99500,2.00,4.00,7.00,8.00,0.0170,0
2023-05-23 21:59:57,1684893598,15.2,36.5,99500,2.00,4.00,6.00,6.00,0.0242,0
2023-05-23 22:04:55,1684893895,15.1,36.3,99500,4.00,10.0,15.0,18.0,0.0163,0
2023-05-23 22:09:53,1684894193,14.9,36.4,99500,3.00,6.00,8.00,10.0,0.0271,0
2023-05-23 22:14:50,1684894491,14.7,37.2,99500,1.00,2.00,4.00,4.00,0.0264,0
2023-05-23 22:19:48,1684894789,14.5,37.1,99500,4.00,8.00,13.0,15.0,0.0264,0
2023-05-23 22:24:46,1684895086,14.3,37.9,99500,3.00,7.00,10.0,12.0,0.0629,0
2023-05-23 22:29:44,1684895384,14.2,38.3,99500,2.00,3.00,5.00,6.00,0.0816,0
2023-05-23 22:34:42,1684895682,14.1,39.2,99500,3.00,6.00,8.00,10.0,0.0816,0
2023-05-23 22:39:59,1684896000,13.9,39.8,99500,3.00,6.00,9.00,11.0,0.0173,0
2023-05-23 22:44:57,1684896298,13.8,39.1,99500,2.00,4.00,6.00,8.00,0.0219,0
2023-05-23 22:49:56,1684896596,13.7,39.0,99500,3.00,4.00,6.00,7.00,0.0116,0
2023-05-23 22:54:54,1684896894,13.7,39.2,99494,3.00,5.00,7.00,7.00,0.0133,0
2023-05-23 22:59:52,1684897192,13.7,39.3,99406,1.00,3.00,5.00,6.00,0.0150,0
2023-05-23 23:04:50,1684897491,13.6,39.2,99400,2.00,6.00,9.00,11.0,0.0129,0
2023-05-23 23:09:49,1684897789,13.5,39.2,99400,2.00,4.00,6.00,6.00,0.0145,0
2023-05-23 23:14:47,1684898088,13.4,39.7,99400,3.00,8.00,11.0,13.0,0.0145,0
2023-05-23 23:19:46,1684898386,13.2,40.3,99400,2.00,4.00,6.00,7.00,0.0131,0
2023-05-23 23:24:45,1684898685,13.1,40.8,99400,4.00,8.00,12.0,13.0,0.0164,0
2023-05-23 23:29:43,1684898984,13.0,40.9,99400,3.00,7.00,9.00,11.0,0.0196,0
2023-05-23 23:34:42,1684899282,12.9,41.0,99400,3.00,5.00,7.00,8.00,0.0278,0
2023-05-23 23:39:59,1684899600,12.8,41.2,99400,2.00,2.00,3.00,4.00,0.0278,0
2023-05-23 23:44:58,1684899899,12.7,41.1,99400,3.00,8.00,13.0,16.0,0.0208,0
2023-05-23 23:49:57,1684900197,12.6,41.2,99400,2.00,4.00,6.00,6.00,0.0344,0
2023-05-23 23:54:56,1684900496,12.5,41.8,99400,3.00,7.00,11.0,13.0,0.0184,0
2023-05-23 23:59:55,1684900795,12.3,42.2,99400,2.00,6.00,9.00,10.0,0.0142,0
2023-05-24 00:04:54,1684901094,12.3,42.0,99400,2.00,5.00,8.00,9.00,0.0181,0
2023-05-24 00:09:53,1684901393,12.2,42.3,99400,2.00,3.00,5.00,6.00,0.0182,0
2023-05-24 00:14:52,1684901692,12.1,42.6,99400,4.00,9.00,13.0,16.0,0.0182,0
2023-05-24 00:19:51,1684901992,12.0,42.6,99400,2.00,4.00,5.00,6.00,0.0362,0
2023-05-24 00:24:50,1684902291,11.9,43.0,99400,3.00,5.00,7.00,8.00,0.0362,0
2023-05-24 00:29:50,1684902590,11.9,43.5,99400,3.00,7.00,9.00,10.0,0.0350,0
2023-05-24 00:34:49,1684902889,11.8,43.6,99400,2.00,4.00,6.00,7.00,0.0350,0
2023-05-24 00:39:48,1684903188,11.7,44.7,99344,2.00,5.00,7.00,8.00,0.0186,0
2023-05-24 00:44:47,1684903488,11.6,44.5,99313,2.00,4.00,7.00,8.00,0.0208,0
2023-05-24 00:49:47,1684903787,11.5,44.3,99300,2.00,3.00,5.00,6.00,0.0204,0
2023-05-24 00:54:46,1684904087,11.4,44.2,99300,4.00,5.00,6.00,8.00,0.0204,0
2023-05-24 00:59:46,1684904386,11.3,44.5,99300,2.00,7.00,10.0,12.0,0.0230,0
2023-05-24 01:04:46,1684904686,11.2,44.6,99300,3.00,6.00,10.0,11.0,0.0201,0
2023-05-24 01:09:45,1684904986,11.1,45.0,99300,3.00,5.00,8.00,9.00,0.0160,0
2023-05-24 01:14:45,1684905285,11.0,45.0,99300,2.00,4.00,6.00,7.00,0.0172,0
2023-05-24 01:19:45,1684905585,10.9,44.9,99300,3.00,6.00,10.0,12.0,0.0200,0
2023-05-24 01:24:44,1684905885,10.8,44.9,99300,3.00,5.00,7.00,9.00,0.0175,0
2023-05-24 01:29:44,1684906185,10.8,45.3,99300,2.00,3.00,4.00,5.00,0.0270,0
2023-05-24 01:34:44,1684906484,10.7,45.6,99300,2.00,4.00,6.00,7.00,0.0234,0
2023-05-24 01:39:44,1684906784,10.6,45.6,99300,3.00,7.00,11.0,12.0,0.0137,0
2023-05-24 01:44:44,1684907084,10.6,45.9,99300,3.00,3.00,5.00,6.00,0.0187,0
2023-05-24 01:49:44,1684907384,10.5,45.7,99300,2.00,3.00,5.00,6.00,0.0398,0
2023-05-24 01:54:44,1684907684,10.4,46.7,99300,2.00,5.00,6.00,7.00,0.0398,0
2023-05-24 01:59:43,1684907984,10.4,48.2,99300,4.00,8.00,12.0,14.0,0.0569,0
2023-05-24 02:04:43,1684908284,10.4,49.9,99300,3.00,5.00,9.00,10.0,0.0569,0
2023-05-24 02:09:43,1684908584,10.5,47.7,99300,6.00,15.0,23.0,26.0,0.0247,0
2023-05-24 02:14:43,1684908883,10.8,48.1,99300,2.00,6.00,9.00,11.0,0.0217,0
2023-05-24 02:19:42,1684909183,11.0,46.8,99300,2.00,3.00,4.00,5.00,0.0238,0
2023-05-24 02:24:42,1684909483,11.3,46.7,99300,2.00,3.00,4.00,5.00,0.0269,0
2023-05-24 02:29:42,1684909782,11.5,45.9,99300,2.00,5.00,7.00,9.00,0.0207,0
2023-05-24 02:34:41,1684910082,11.7,46.0,99300,3.00,6.00,8.00,9.00,0.0207,0
2023-05-24 02:39:59,1684910400,11.9,45.6,99300,3.00,5.00,7.00,9.00,0.0124,0
2023-05-24 02:44:58,1684910699,12.0,45.7,99300,3.00,10.0,15.0,18.0,0.0200,0
2023-05-24 02:49:58,1684910998,12.1,45.8,99300,2.00,5.00,7.00,9.00,0.0333,0
2023-05-24 02:54:57,1684911297,12.2,45.7,99288,2.00,7.00,10.0,12.0,0.0333,0
2023-05-24 02:59:56,1684911596,12.2,45.6,99200,2.00,4.00,6.00,7.00,0.0181,0
2023-05-24 03:04:55,1684911895,12.2,45.8,99200,4.00,5.00,7.00,8.00,0.0205,0
2023-05-24 03:09:54,1684912194,12.2,45.5,99200,3.00,5.00,6.00,7.00,0.0337,0
2023-05-24 03:14:53,1684912494,12.2,45.7,99200,3.00,6.00,8.00,9.00,0.0275,0
2023-05-24 03:19:52,1684912793,12.2,44.8,99200,2.00,4.00,6.00,7.00,0.0426,0
2023-05-24 03:24:51,1684913092,12.2,45.2,99200,4.00,7.00,9.00,10.0,0.0342,0
2023-05-24 03:29:51,1684913391,12.2,45.2,99200,4.00,7.00,9.00,10.0,0.0199,0
2023-05-24 03:34:50,1684913690,12.2,45.3,99200,2.00,3.00,5.00,6.00,0.0312,0
2023-05-24 03:39:49,1684913989,12.2,45.3,99200,2.00,5.00,8.00,9.00,0.0312,0
2023-05-24 03:44:48,1684914289,12.1,45.3,99200,3.00,9.00,13.0,15.0,0.0158,0
2023-05-24 03:49:47,1684914588,12.0,45.2,99200,4.00,5.00,6.00,7.00,0.0465,0
2023-05-24 03:54:46,1684914887,11.9,45.2,99200,3.00,5.00,7.00,8.00,0.0377,0
2023-05-24 03:59:45,1684915186,11.9,45.4,99200,2.00,4.00,6.00,7.00,0.0349,0
2023-05-24 04:04:45,1684915485,11.8,45.7,99200,4.00,7.00,10.0,11.0,0.0311,0
2023-05-24 04:09:44,1684915784,11.7,45.9,99200,2.00,4.00,7.00,8.00,0.0378,0
2023-05-24 04:14:43,1684916084,11.6,46.1,99200,3.00,4.00,7.00,8.00,0.0279,0
2023-05-24 04:19:43,1684916383,11.6,46.6,99200,3.00,4.00,6.00,7.00,0.0270,0
2023-05-24 04:24:42,1684916683,11.6,46.7,99200,3.00,7.00,10.0,12.0,0.0154,0
2023-05-24 04:29:41,1684916982,11.6,46.7,99200,3.00,5.00,6.00,7.00,0.0150,0
2023-05-24 04:34:59,1684917300,11.7,47.4,99200,4.00,8.00,12.0,13.0,0.0167,0
2023-05-24 04:39:59,1684917599,11.8,47.3,99200,3.00,5.00,6.00,6.00,0.0229,0
2023-05-24 04:44:58,1684917899,11.8,47.4,99200,3.00,4.00,5.00,6.00,0.0229,0
2023-05-24 04:49:57,1684918198,11.9,46.8,99200,4.00,7.00,11.0,13.0,0.0234,0
2023-05-24 04:54:56,1684918497,11.9,46.7,99200,8.00,12.0,15.0,17.0,0.0354,0
2023-05-24 04:59:56,1684918796,12.0,46.5,99200,3.00,3.00,5.00,5.00,0.0671,0
2023-05-24 05:04:55,1684919095,12.0,46.3,99200,3.00,6.00,8.00,9.00,0.0782,0
2023-05-24 05:09:54,1684919394,12.1,46.2,99200,3.00,3.00,4.00,4.00,0.0201,0
2023-05-24 05:14:53,1684919693,12.2,46.2,99200,3.00,7.00,11.0,14.0,0.0114,0
2023-05-24 05:19:52,1684919992,12.3,46.2,99200,3.00,6.00,9.00,10.0,0.0191,0
2023-05-24 05:24:51,1684920291,12.3,46.1,99200,2.00,4.00,5.00,6.00,0.0176,0
2023-05-24 05:29:50,1684920590,12.3,46.5,99200,3.00,5.00,7.00,8.00,0.0185,0
2023-05-24 05:34:49,1684920889,12.3,46.7,99200,2.00,5.00,7.00,8.00,0.0135,0
2023-05-24 05:39:48,1684921189,12.4,46.8,99200,4.00,6.00,8.00,10.0,0.0144,0
2023-05-24 05:44:47,1684921488,12.4,46.4,99200,3.00,8.00,11.0,13.0,0.0174,0
2023-05-24 05:49:46,1684921786,12.4,46.7,99200,3.00,6.00,9.00,11.0,0.0153,0
2023-05-24 05:51:38,1684921899,12.4,47.4,99200,2.00,3.00,4.00,4.00,0.0131,0
2023-05-24 06:09:57,1684922997,12.8,47.2,99200,3.00,6.00,9.00,10.0,,
2023-05-24 06:14:55,1684923295,13.0,47.2,99200,5.00,13.0,19.0,22.0,,
2023-05-24 06:19:53,1684923593,13.1,46.9,99213,4.00,5.00,6.00,7.00,0.0225,0
2023-05-24 06:34:50,1684924490,13.4,47.2,99200,2.00,5.00,7.00,8.00,0.0256,0
2023-05-24 06:39:48,1684924788,13.5,47.3,99300,4.00,5.00,7.00,7.00,0.0365,0
2023-05-24 06:44:46,1684925086,13.5,46.7,99300,3.00,5.00,6.00,6.00,0.0365,0
2023-05-24 06:47:52,1684925273,13.5,46.8,99300,4.00,5.00,6.00,7.00,0.0133,0
2023-05-24 07:01:35,1684926096,13.3,48.5,99300,2.00,4.00,5.00,6.00,0.0152,0
2023-05-24 07:12:52,1684926772,13.2,50.0,99300,3.00,6.00,10.0,12.0,0.0138,0
2023-05-24 09:29:47,1684934987,16.3,53.5,99400,3.00,4.00,6.00,7.00,,
2023-05-24 09:34:44,1684935284,16.5,53.4,99400,4.00,8.00,12.0,13.0,,
2023-05-24 09:35:21,1684935321,16.6,53.3,99400,3.00,4.00,5.00,6.00,,
2023-05-24 13:29:46,1684949386,21.1,29.0,99500,1.00,2.00,3.00,4.00,,
2023-05-24 13:34:58,1684949698,21.1,28.7,99500,1.00,2.00,3.00,4.00,0.140,0
2023-05-24 13:39:51,1684949992,21.0,28.3,99500,1.00,2.00,3.00,3.00,0.108,0
2023-05-24 13:40:09,1684950010,21.1,28.2,99500,1e-7,2.00,4.00,4.00,0.00995,0.976
2023-05-24 13:59:45,1684951185,22.0,25.2,99500,1.00,1.00,2.00,3.00,,
2023-05-24 14:04:56,1684951496,22.0,25.1,99500,1.00,4.00,7.00,9.00,,
2023-05-24 14:09:49,1684951789,22.0,25.8,99500,1.00,3.00,5.00,6.00,0.0222,0
2023-05-24 14:13:10,1684951990,22.3,26.1,99500,1.00,4.00,7.00,8.00,0.0222,0
2023-05-24 14:24:43,1684952684,22.7,23.5,99500,1e-7,1e-7,1e-7,1e-7,0.0110,0
2023-05-24 14:29:35,1684952976,22.7,23.1,99500,2.00,6.00,9.00,11.0,0.0140,0
2023-05-24 14:39:44,1684953584,22.7,22.4,99500,1.00,3.00,6.00,7.00,0.0172,0
2023-05-24 14:44:55,1684953895,22.3,22.0,99500,1.00,3.00,4.00,4.00,0.0172,0
2023-05-24 14:45:50,1684953950,22.0,22.1,99500,1e-7,1.00,3.00,3.00,0.0121,0
2023-05-24 14:54:58,1684954499,21.6,23.2,99500,1e-7,1e-7,1e-7,1e-7,0.0110,0
2023-05-24 14:59:51,1684954792,21.6,22.7,99500,2.00,3.00,4.00,5.00,0.0127,0
2023-05-24 15:02:18,1684954938,21.5,22.7,99500,1.00,3.00,4.00,5.00,0.0125,0
2023-05-24 15:09:43,1684955384,21.3,23.7,99500,1e-7,1.00,2.00,3.00,0.0124,0
2023-05-24 15:14:55,1684955695,21.3,28.4,93647,2.00,3.00,4.00,5.00,0.0124,0
2023-05-24 15:18:53,1684955934,21.2,24.1,99500,2.00,4.00,5.00,6.00,0.0110,0
2023-05-24 15:29:51,1684956591,20.7,25.0,99500,1.00,6.00,9.00,11.0,0.00990,0
2023-05-24 15:34:44,1684956885,20.6,24.7,99556,1.00,2.00,3.00,4.00,0.0136,0
2023-05-24 15:36:34,1684956994,20.5,37.5,82933,1.00,3.00,4.00,5.00,0.0141,0
2023-05-24 15:44:57,1684957498,20.5,24.5,99578,1.00,2.00,3.00,4.00,0.0141,0
2023-05-24 15:49:51,1684957792,20.4,24.8,99575,1.00,2.00,4.00,4.00,0.0129,0
2023-05-24 15:51:41,1684957902,20.4,24.6,99600,1.00,2.00,4.00,4.00,0.0102,0
2023-05-24 16:04:48,1684958688,20.2,24.7,99600,1.00,4.00,7.00,8.00,0.0153,0
2023-05-24 16:09:22,1684958963,20.1,24.4,99600,2.00,4.00,7.00,8.00,0.0120,0
2023-05-24 16:14:59,1684959300,19.8,24.6,99600,1.00,4.00,6.00,7.00,0.0116,0
2023-05-24 16:19:53,1684959594,19.6,24.9,99600,1.00,3.00,5.00,6.00,0.0116,0
2023-05-24 16:24:47,1684959888,19.6,25.3,99600,1.00,4.00,7.00,8.00,0.0114,0
2023-05-24 16:34:52,1684960493,20.0,24.7,99600,1e-7,1.00,3.00,3.00,0.0109,0
2023-05-24 16:39:46,1684960787,20.0,24.4,99600,1.00,3.00,5.00,6.00,0.0127,0
2023-05-24 16:42:31,1684960951,20.0,24.4,99600,1.00,3.00,5.00,6.00,0.0146,0
2023-05-24 16:49:57,1684961398,19.7,24.3,99600,1e-7,1.00,3.00,3.00,0.0146,0
2023-05-24 16:54:52,1684961692,19.5,24.5,99600,1.00,1.00,2.00,3.00,0.0164,0
2023-05-24 16:57:37,1684961858,19.3,24.7,99600,1.00,3.00,5.00,6.00,0.0125,0
2023-05-24 17:04:46,1684962286,19.1,25.0,99600,1.00,1.00,2.00,2.00,0.0107,0
2023-05-24 17:09:59,1684962599,19.0,24.9,99600,2.00,2.00,3.00,4.00,0.0132,0
2023-05-24 17:14:17,1684962857,18.9,25.5,99600,1.00,2.00,2.00,3.00,0.0100,0
2023-05-24 17:24:46,1684963486,18.7,25.5,99600,1.00,4.00,6.00,7.00,0.0101,0
2023-05-24 17:29:59,1684963800,18.5,25.8,99682,1.00,3.00,6.00,7.00,0.0165,0
2023-05-24 17:30:36,1684963836,18.4,25.5,99700,1e-7,1.00,1.00,1.00,0.0165,0
2023-05-24 17:39:54,1684964394,18.2,26.0,99700,1.00,2.00,3.00,4.00,0.0115,0
2023-05-24 17:44:49,1684964690,18.1,26.3,99700,1.00,4.00,7.00,8.00,0.0154,0
2023-05-24 17:47:17,1684964837,18.1,26.4,99700,1e-7,1.00,2.00,3.00,0.0125,0
2023-05-24 17:54:44,1684965285,18.1,26.5,99700,1e-7,1e-7,1e-7,1e-7,0.00733,0
2023-05-24 17:59:58,1684965599,18.1,25.9,99700,1.00,4.00,7.00,8.00,0.0110,0
2023-05-24 18:03:40,1684965820,18.0,26.3,99700,1e-7,2.00,4.00,4.00,0.0115,0
2023-05-24 18:14:42,1684966482,18.3,25.9,99700,1e-7,2.00,3.00,4.00,0.0131,0
2023-05-24 18:19:55,1684966796,18.3,25.7,99700,1e-7,2.00,3.00,4.00,0.0162,0
2023-05-24 18:20:14,1684966814,18.2,25.6,99700,1e-7,1e-7,1e-7,1e-7,0.00995,0
2023-05-24 18:29:52,1684967393,18.0,25.7,99700,1.00,3.00,5.00,6.00,0.0118,0
2023-05-24 18:34:47,1684967688,18.0,25.7,99700,1e-7,2.00,3.00,4.00,0.0118,0
2023-05-24 18:36:38,1684967799,18.1,26.0,99700,1.00,2.00,4.00,4.00,0.0114,0
2023-05-24 18:49:49,1684968589,20.8,23.8,99700,1.00,3.00,6.00,7.00,0.0133,0
2023-05-24 18:53:10,1684968790,21.9,29.8,90636,1.00,3.00,6.00,7.00,0.0161,0
2023-05-24 19:04:43,1684969483,23.7,20.7,99700,1.00,2.00,3.00,4.00,0.0161,0
2023-05-24 19:09:53,1684969794,23.1,20.0,99700,1.00,2.00,3.00,4.00,0.0177,0
2023-05-24 19:14:57,1684970098,22.5,20.5,99700,1.00,1.00,1.00,1.00,0.0137,0
2023-05-24 19:19:50,1684970390,21.9,21.0,99700,1.00,2.00,4.00,5.00,0.0123,0
2023-05-24 19:24:43,1684970684,21.5,21.5,99700,1.00,2.00,4.00,4.00,0.0102,0
2023-05-24 19:29:55,1684970995,21.1,22.0,99700,1.00,3.00,5.00,5.00,0.0101,0
2023-05-24 19:34:48,1684971289,21.1,21.8,99700,1.00,3.00,6.00,7.00,0.0103,0
2023-05-24 19:39:42,1684971582,20.7,22.3,99700,1.00,2.00,3.00,4.00,0.0106,0
2023-05-24 19:44:54,1684971895,20.3,23.1,99700,1.00,1.00,1.00,1.00,0.0115,0
2023-05-24 19:49:49,1684972189,19.7,23.7,99700,1.00,4.00,7.00,8.00,0.0120,0
2023-05-24 19:54:43,1684972484,19.1,24.8,99700,1.00,2.00,3.00,3.00,0.0151,0
2023-05-24 19:59:57,1684972797,18.5,25.4,99700,1.00,2.00,3.00,3.00,0.0118,0
2023-05-24 20:04:53,1684973093,17.9,25.9,99700,1.00,2.00,3.00,4.00,0.00995,0
2023-05-24 20:09:49,1684973389,17.3,26.8,99700,1.00,2.00,4.00,4.00,0.00995,0
2023-05-24 20:14:45,1684973685,16.8,27.6,99700,1e-7,2.00,4.00,4.00,0.00995,0
2023-05-24 20:19:41,1684973982,16.3,28.4,99700,1.00,4.00,7.00,9.00,0.00995,0
2023-05-24 20:24:56,1684974297,15.9,29.1,99747,2.00,5.00,7.00,8.00,0.0211,0
2023-05-24 20:29:54,1684974594,15.5,30.0,99800,1e-7,2.00,3.00,4.00,0.0231,0
2023-05-24 20:34:51,1684974891,15.1,30.3,99800,1.00,4.00,6.00,7.00,0.0221,0
2023-05-24 20:39:48,1684975188,14.9,30.8,99800,1.00,2.00,4.00,4.00,0.0158,0
2023-05-24 20:44:45,1684975486,14.6,31.4,99800,1.00,2.00,3.00,4.00,0.0121,0
2023-05-24 20:49:43,1684975784,14.4,31.9,99800,1.00,2.00,3.00,4.00,0.0121,0
2023-05-24 20:54:41,1684976081,14.1,32.7,99800,1.00,3.00,6.00,7.00,0.0127,0
2023-05-24 20:59:58,1684976398,13.8,33.4,99800,1.00,2.00,3.00,4.00,0.0125,0
2023-05-24 21:04:55,1684976696,13.5,34.1,99800,1e-7,2.00,4.00,4.00,0.0125,0
2023-05-24 21:09:54,1684976995,13.3,34.9,99800,1.00,2.00,4.00,4.00,0.00995,0
2023-05-24 21:14:53,1684977293,13.0,35.6,99800,1.00,2.00,3.00,4.00,0.00995,0
2023-05-24 21:19:51,1684977592,12.6,36.1,99800,1.00,1.00,2.00,3.00,0.00995,0
2023-05-24 21:24:50,1684977891,12.3,36.1,99800,1.00,2.00,3.00,4.00,0.00995,0
2023-05-24 21:29:49,1684978189,12.0,36.8,99800,1.00,3.00,5.00,6.00,0.00995,0
2023-05-24 21:34:48,1684978489,11.6,37.8,99800,3.00,9.00,14.0,17.0,0.0637,0
2023-05-24 21:39:48,1684978788,11.3,38.0,99800,2.00,8.00,12.0,14.0,0.0766,0
2023-05-24 21:44:47,1684979087,11.0,38.6,99800,2.00,6.00,10.0,12.0,0.0399,0
2023-05-24 21:49:47,1684979387,10.7,39.3,99800,1.00,6.00,9.00,11.0,0.0260,0
2023-05-24 21:54:46,1684979687,10.5,40.3,99800,1.00,1.00,3.00,3.00,0.0176,0
2023-05-24 21:59:46,1684979987,10.4,41.0,99800,1.00,4.00,7.00,9.00,0.0245,0
2023-05-24 22:04:46,1684980287,10.5,41.6,99800,1.00,2.00,3.00,4.00,0.0200,0
2023-05-24 22:09:46,1684980586,10.6,41.8,99800,1.00,3.00,5.00,6.00,0.0200,0
2023-05-24 22:14:46,1684980886,10.8,41.8,99800,1.00,1.00,2.00,3.00,0.0116,0
2023-05-24 22:19:45,1684981186,11.1,42.0,99800,1.00,4.00,7.00,8.00,0.0120,0
2023-05-24 22:24:45,1684981485,11.3,41.4,99800,1.00,4.00,7.00,9.00,0.0203,0
2023-05-24 22:29:44,1684981785,11.5,41.0,99800,1.00,4.00,7.00,8.00,0.0203,0
2023-05-24 22:34:43,1684982084,11.7,40.8,99800,1.00,2.00,3.00,4.00,0.0149,0
2023-05-24 22:39:43,1684982383,11.9,40.6,99800,1e-7,1.00,3.00,3.00,0.0162,0
2023-05-24 22:44:42,1684982682,12.0,40.9,99800,1e-7,1e-7,1e-7,1e-7,0.0162,0
2023-05-24 22:49:41,1684982982,12.2,41.2,99800,1e-7,2.00,3.00,4.00,0.00995,0
2023-05-24 22:54:59,1684983299,12.3,40.5,99800,1e-7,2.00,3.00,4.00,0.00995,0
2023-05-24 22:59:58,1684983598,12.5,40.5,99800,1e-7,1.00,3.00,3.00,0.00995,0
2023-05-24 23:04:56,1684983896,12.6,40.8,99800,1.00,1.00,2.00,3.00,0.00995,0
2023-05-24 23:09:54,1684984195,12.7,40.3,99800,1.00,4.00,7.00,8.00,0.0118,0
2023-05-24 23:14:53,1684984494,12.8,40.3,99800,1e-7,2.00,4.00,4.00,0.0132,0
2023-05-24 23:19:52,1684984792,12.8,39.9,99800,1e-7,2.00,3.00,3.00,0.0132,0
2023-05-24 23:24:50,1684985091,12.8,39.8,99800,1e-7,2.00,4.00,4.00,0.0138,0
2023-05-24 23:29:49,1684985390,12.8,40.5,99800,1.00,2.00,3.00,4.00,0.00995,0
2023-05-24 23:34:48,1684985688,12.8,40.5,99800,1e-7,2.00,3.00,4.00,0.00995,0
2023-05-24 23:39:46,1684985987,12.8,40.7,99800,1.00,2.00,4.00,4.00,0.00995,0
2023-05-24 23:44:45,1684986286,12.9,40.9,99800,1.00,4.00,7.00,8.00,0.0115,0
2023-05-24 23:49:44,1684986584,12.9,41.0,99800,1.00,2.00,3.00,4.00,0.0124,0
2023-05-24 23:54:42,1684986883,12.9,40.9,99800,1e-7,2.00,4.00,5.00,0.0173,0
2023-05-24 23:59:41,1684987181,12.9,40.8,99800,1e-7,2.00,4.00,4.00,0.0162,0
2023-05-25 00:04:58,1684987499,12.9,40.5,99800,1.00,2.00,4.00,4.00,0.0101,0
2023-05-25 00:09:57,1684987797,12.8,40.9,99800,1.00,4.00,7.00,8.00,0.0112,0
2023-05-25 00:14:56,1684988096,12.8,41.3,99800,1e-7,2.00,3.00,4.00,0.0146,0
2023-05-25 00:19:54,1684988395,12.7,41.6,99800,1e-7,2.00,4.00,4.00,0.0119,0
2023-05-25 00:24:53,1684988694,12.6,41.1,99800,1e-7,2.00,3.00,4.00,0.00995,0
2023-05-25 00:29:52,1684988992,12.5,41.2,99800,1e-7,1e-7,1e-7,1e-7,0.00995,0
2023-05-25 00:34:51,1684989291,12.4,41.6,99800,1e-7,2.00,3.00,4.00,0.00995,0
2023-05-25 00:39:50,1684989590,12.3,42.0,99800,1.00,3.00,5.00,6.00,0.0120,0
2023-05-25 00:44:51,1684989892,12.2,42.8,99800,1e-7,1e-7,1e-7,1e-7,0.0116,0
2023-05-25 00:49:50,1684990191,12.2,42.9,99800,1e-7,2.00,4.00,4.00,0.0116,0
2023-05-25 00:54:49,1684990490,12.2,42.9,99800,1e-7,2.00,3.00,4.00,0.00995,0
2023-05-25 00:59:48,1684990789,12.1,43.4,99800,1.00,4.00,7.00,8.00,0.0111,0
2023-05-25 01:04:47,1684991087,12.1,44.4,99800,1e-7,2.00,4.00,4.00,0.0111,0
2023-05-25 01:09:46,1684991386,12.1,44.2,99800,1e-7,2.00,3.00,4.00,0.0111,0
2023-05-25 01:14:45,1684991686,12.1,44.2,99800,1e-7,1e-7,1.00,1.00,0.0111,0
2023-05-25 01:19:44,1684991985,12.1,43.9,99800,1e-7,1e-7,1e-7,1e-7,0.00995,0
2023-05-25 01:24:43,1684992284,12.1,44.3,99800,1e-7,2.00,4.00,4.00,0.00995,0
2023-05-25 01:29:42,1684992583,12.1,43.9,99800,1e-7,1e-7,1e-7,1e-7,0.00995,0
2023-05-25 01:34:41,1684992882,12.2,43.4,99800,1e-7,2.00,3.00,4.00,0.00995,0
2023-05-25 01:39:59,1684993199,12.2,43.5,99800,1e-7,2.00,3.00,4.00,0.00995,0
2023-05-25 01:44:58,1684993498,12.2,43.6,99800,1e-7,2.00,3.00,4.00,0.00995,0
2023-05-25 01:49:57,1684993797,12.2,43.6,99800,1.00,3.00,6.00,7.00,0.0113,0
2023-05-25 01:54:56,1684994096,12.2,43.4,99800,1e-7,2.00,4.00,4.00,0.0113,0
2023-05-25 01:59:55,1684994395,12.2,43.1,99800,1.00,1.00,3.00,3.00,0.0113,0
2023-05-25 02:04:54,1684994694,12.2,42.9,99800,1.00,3.00,6.00,7.00,0.0109,0
2023-05-25 02:09:53,1684994993,12.2,43.1,99800,1.00,4.00,6.00,7.00,0.0205,0
2023-05-25 02:14:52,1684995292,12.2,43.1,99800,1.00,3.00,6.00,7.00,0.0141,0
2023-05-25 02:19:51,1684995591,12.3,42.8,99800,1.00,3.00,5.00,6.00,0.0202,0
2023-05-25 02:24:50,1684995890,12.4,42.4,99800,1.00,3.00,6.00,7.00,0.0202,0
2023-05-25 02:29:48,1684996189,12.4,42.3,99800,1.00,4.00,7.00,8.00,0.0167,0
2023-05-25 02:34:47,1684996488,12.5,42.1,99800,1e-7,2.00,3.00,4.00,0.0167,0
2023-05-25 02:39:46,1684996786,12.5,42.0,99800,1.00,4.00,7.00,9.00,0.0228,0
2023-05-25 02:44:45,1684997085,12.5,41.8,99800,1.00,3.00,6.00,7.00,0.0166,0
2023-05-25 02:49:44,1684997384,12.5,41.7,99800,2.00,4.00,5.00,6.00,0.0158,0
2023-05-25 02:54:42,1684997683,12.6,41.7,99800,1.00,5.00,9.00,10.0,0.0150,0
2023-05-25 02:59:41,1684997981,12.6,41.8,99800,1.00,3.00,5.00,6.00,0.0123,0
2023-05-25 03:04:59,1684998299,12.6,41.4,99800,1.00,2.00,4.00,4.00,0.0172,0
2023-05-25 03:09:58,1684998598,12.6,41.4,99800,2.00,4.00,5.00,6.00,0.0111,0
2023-05-25 03:14:56,1684998897,12.6,41.3,99800,1.00,2.00,3.00,4.00,0.0111,0
2023-05-25 03:19:55,1684999196,12.6,41.1,99800,2.00,3.00,4.00,5.00,0.0126,0
2023-05-25 03:24:54,1684999494,12.6,40.9,99800,1.00,2.00,3.00,4.00,0.0118,0
2023-05-25 03:29:52,1684999793,12.6,41.0,99800,1.00,2.00,3.00,4.00,0.0118,0
2023-05-25 03:34:51,1685000092,12.6,41.0,99800,2.00,4.00,7.00,8.00,0.0112,0
2023-05-25 03:39:50,1685000390,12.6,41.0,99800,1.00,2.00,3.00,4.00,0.0190,0
2023-05-25 03:44:49,1685000689,12.6,41.1,99800,1.00,2.00,3.00,4.00,0.0176,0
2023-05-25 03:49:47,1685000988,12.6,41.0,99800,1.00,3.00,4.00,4.00,0.0183,0
2023-05-25 03:54:46,1685001286,12.6,40.9,99800,1.00,4.00,7.00,8.00,0.0170,0
2023-05-25 03:59:44,1685001585,12.6,40.9,99800,1.00,3.00,5.00,6.00,0.0156,0
2023-05-25 04:04:43,1685001884,12.6,41.0,99800,1.00,4.00,6.00,7.00,0.0113,0
2023-05-25 04:09:42,1685002183,12.5,41.0,99800,1.00,4.00,7.00,8.00,0.0111,0
2023-05-25 04:14:41,1685002481,12.4,41.2,99800,2.00,2.00,3.00,4.00,0.0124,0
2023-05-25 04:19:58,1685002799,12.4,41.4,99800,2.00,3.00,5.00,6.00,0.0122,0
2023-05-25 04:24:57,1685003098,12.2,41.4,99800,1.00,4.00,7.00,9.00,0.0137,0
2023-05-25 04:29:56,1685003397,12.1,41.7,99800,2.00,5.00,8.00,9.00,0.0320,0
2023-05-25 04:34:56,1685003696,12.0,42.0,99800,2.00,4.00,6.00,7.00,0.0320,0
2023-05-25 04:39:55,1685003995,11.9,42.3,99800,1.00,2.00,3.00,4.00,0.0521,0
2023-05-25 04:44:54,1685004294,11.7,42.4,99800,2.00,4.00,7.00,8.00,0.0469,0
2023-05-25 04:49:53,1685004594,11.6,42.5,99800,1.00,4.00,7.00,8.00,0.0205,0
2023-05-25 04:54:52,1685004893,11.5,42.6,99800,1.00,4.00,6.00,7.00,0.0121,0
2023-05-25 04:59:52,1685005192,11.3,43.0,99800,1.00,1.00,2.00,3.00,0.0214,0
2023-05-25 05:04:51,1685005491,11.2,43.2,99800,2.00,5.00,7.00,8.00,0.0147,0
2023-05-25 05:09:50,1685005791,11.1,43.2,99800,1.00,3.00,5.00,6.00,0.0183,0
2023-05-25 05:14:50,1685006090,11.0,43.8,99800,1.00,3.00,5.00,6.00,0.0106,0
2023-05-25 05:19:49,1685006390,10.8,44.0,99813,2.00,6.00,10.0,11.0,0.0154,0
2023-05-25 05:24:49,1685006690,10.7,43.9,99894,2.00,3.00,4.00,4.00,0.0273,0
2023-05-25 05:29:49,1685006989,10.5,44.3,99900,1.00,6.00,9.00,11.0,0.0263,0
2023-05-25 05:34:49,1685007289,10.3,44.8,99900,1.00,2.00,3.00,4.00,0.0216,0
2023-05-25 05:39:48,1685007589,10.3,45.2,99900,1.00,3.00,5.00,6.00,0.0214,0
2023-05-25 05:41:03,1685007664,10.3,45.6,99900,2.00,4.00,6.00,7.00,0.0106,0
2023-05-25 09:04:42,1685019883,17.9,27.1,99970,1e-7,2.00,3.00,4.00,,
2023-05-25 09:09:56,1685020196,17.9,25.9,99947,2.00,2.00,3.00,4.00,,
2023-05-25 09:13:55,1685020435,17.7,26.0,99954,1.00,4.00,7.00,9.00,,
2023-05-25 09:24:52,1685021092,17.6,25.7,100000,1.00,1.00,1.00,1.00,0.0174,0
2023-05-25 09:27:55,1685021276,17.6,25.7,99970,1.00,2.00,4.00,4.00,0.0174,0
2023-05-25 12:34:51,1685032491,22.4,18.1,99800,2.00,4.00,7.00,9.00,,
2023-05-25 12:36:22,1685032583,22.6,18.4,99800,1.00,2.00,3.00,3.00,,
2023-05-25 12:49:58,1685033399,22.9,16.8,99800,2.00,3.00,5.00,5.00,,
2023-05-25 12:52:43,1685033563,23.0,15.8,99800,3.00,6.00,9.00,11.0,,
2023-05-25 13:04:48,1685034289,23.1,15.7,99800,1.00,3.00,5.00,6.00,0.0191,0
2023-05-25 13:09:04,1685034545,23.1,15.7,99800,2.00,5.00,8.00,9.00,0.0214,0
2023-05-25 13:19:43,1685035184,23.4,16.6,99700,2.00,2.00,4.00,5.00,0.0121,0
2023-05-25 13:24:54,1685035494,23.7,15.3,99718,3.00,5.00,7.00,8.00,0.0164,0
2023-05-25 13:25:30,1685035531,23.6,14.5,99800,1e-7,1.00,1.00,1.00,0.0115,0
2023-05-25 13:39:41,1685036382,23.8,15.0,99700,2.00,2.00,3.00,3.00,0.0105,0
2023-05-25 13:41:49,1685036509,24.0,14.8,99743,3.00,5.00,6.00,7.00,0.0152,0
2023-05-25 13:54:45,1685037285,24.2,14.4,99733,1.00,2.00,3.00,4.00,0.0137,0
2023-05-25 13:58:23,1685037504,24.2,14.2,99750,1.00,3.00,4.00,5.00,0.0130,0
2023-05-25 14:09:47,1685038187,24.4,14.4,99700,1.00,3.00,4.00,5.00,0.0130,0
2023-05-25 14:14:38,1685038479,24.4,14.8,99700,1.00,3.00,5.00,6.00,0.0122,0
2023-05-25 14:24:42,1685039082,24.6,14.3,99800,1.00,2.00,3.00,3.00,0.0121,0
2023-05-25 14:29:51,1685039391,24.8,14.1,99747,2.00,4.00,5.00,6.00,0.0119,0
2023-05-25 14:31:04,1685039464,25.0,14.0,99700,1.00,2.00,3.00,4.00,0.0112,0
2023-05-25 14:39:54,1685039995,25.4,13.9,99700,1.00,1.00,2.00,2.00,0.0112,0
2023-05-25 14:44:45,1685040285,42.5,35.5,70125,3.00,4.00,6.00,6.00,0.0110,0
2023-05-25 14:47:28,1685040449,25.6,14.5,99700,1.00,5.00,7.00,8.00,0.0181,0
2023-05-25 14:59:44,1685041185,26.2,13.6,99700,1.00,4.00,6.00,7.00,0.0224,0
2023-05-25 15:03:40,1685041420,26.4,13.6,99700,2.00,5.00,7.00,9.00,0.0185,0
2023-05-25 15:14:52,1685042093,26.8,13.0,99700,1.00,4.00,6.00,8.00,0.0123,0
2023-05-25 15:19:42,1685042383,26.5,12.0,99700,1.00,4.00,6.00,7.00,0.0160,0
2023-05-25 15:20:00,1685042401,26.2,12.9,99700,1.00,1.00,1.00,1.00,0.0154,0
2023-05-25 15:29:53,1685042994,25.9,13.4,99700,1.00,1.00,1.00,1.00,0.0138,0
2023-05-25 15:34:44,1685043284,25.7,13.7,99700,1.00,3.00,4.00,5.00,0.0162,0
2023-05-25 15:36:33,1685043393,25.4,13.8,99700,1.00,1.00,1.00,1.00,0.0109,0
2023-05-25 15:49:46,1685044186,25.1,13.9,99700,2.00,3.00,4.00,5.00,0.0125,0
2023-05-25 15:52:48,1685044368,25.3,13.9,99700,3.00,10.0,16.0,18.0,0.0173,0
2023-05-25 16:04:56,1685045096,24.4,14.0,99800,1.00,4.00,6.00,7.00,0.0172,0
2023-05-25 16:09:11,1685045351,24.5,14.2,99764,4.00,7.00,9.00,9.00,0.0187,0
2023-05-25 16:19:57,1685045997,25.2,14.2,99700,1.00,1.00,1.00,2.00,0.0112,0
2023-05-25 16:24:47,1685046288,25.6,14.1,99700,2.00,5.00,8.00,9.00,0.0148,0
2023-05-25 16:25:24,1685046324,26.0,13.3,99700,1e-7,2.00,3.00,4.00,0.0109,0
2023-05-25 16:34:56,1685046896,25.7,13.6,99700,2.00,2.00,2.00,2.00,0.0108,0
2023-05-25 16:39:46,1685047187,25.7,13.4,99700,1.00,3.00,6.00,7.00,0.0127,0
2023-05-25 16:41:53,1685047314,25.8,13.4,99700,1.00,3.00,5.00,6.00,0.0108,0
2023-05-25 16:54:45,1685048085,26.1,13.3,99700,3.00,5.00,7.00,7.00,0.0135,0
2023-05-25 16:58:04,1685048285,26.4,13.1,99700,2.00,3.00,5.00,6.00,0.0133,0
2023-05-25 17:09:59,1685049000,26.9,13.3,99767,1.00,3.00,6.00,7.00,0.0133,0
2023-05-25 17:14:31,1685049271,27.1,11.9,99767,2.00,5.00,7.00,8.00,0.0111,0
2023-05-25 17:24:57,1685049897,27.0,13.3,99700,1.00,2.00,4.00,4.00,0.0101,0
2023-05-25 17:29:46,1685050187,26.8,15.2,99788,3.00,8.00,13.0,15.0,0.0155,0
2023-05-25 17:30:41,1685050241,26.5,16.2,99800,1.00,3.00,6.00,7.00,0.0112,0
2023-05-25 17:44:45,1685051086,25.7,17.8,99800,3.00,5.00,8.00,9.00,0.0179,0
2023-05-25 17:47:11,1685051231,25.3,17.8,99800,1.00,2.00,3.00,4.00,0.0147,0
2023-05-25 17:59:48,1685051988,23.7,19.7,99800,2.00,4.00,5.00,6.00,0.0150,0
2023-05-25 18:03:27,1685052207,23.4,19.4,99800,2.00,4.00,6.00,7.00,0.0150,0
2023-05-25 18:14:53,1685052893,21.9,21.1,99800,1.00,3.00,4.00,4.00,0.0142,0
2023-05-25 18:19:45,1685053186,21.5,21.8,99800,2.00,3.00,6.00,7.00,0.0157,0
2023-05-25 18:20:03,1685053204,21.2,22.1,99800,1.00,1.00,1.00,1.00,0.0107,0
2023-05-25 18:29:57,1685053798,21.2,22.6,99800,1.00,3.00,4.00,5.00,0.0129,0
2023-05-25 18:34:50,1685054090,21.5,22.2,99800,1.00,3.00,6.00,7.00,0.0127,0
2023-05-25 18:36:58,1685054218,21.6,21.8,99800,1.00,1.00,2.00,2.00,0.0113,0
2023-05-25 18:49:46,1685054987,21.2,21.6,99900,2.00,3.00,4.00,4.00,0.0125,0
2023-05-25 18:52:13,1685055133,21.1,21.6,99900,2.00,3.00,5.00,6.00,0.0125,0
2023-05-25 18:59:42,1685055582,21.5,19.9,99900,1.00,1.00,1.00,1.00,0.00966,0
2023-05-25 19:04:52,1685055893,21.3,20.1,99900,1.00,3.00,5.00,6.00,0.0142,0
2023-05-25 19:09:48,1685056189,20.9,20.1,99900,2.00,3.00,6.00,7.00,0.0132,0
2023-05-25 19:14:42,1685056482,20.2,20.7,99900,1.00,3.00,5.00,5.00,0.0121,0
2023-05-25 19:19:54,1685056794,19.7,21.5,99900,1.00,3.00,4.00,5.00,0.0135,0
2023-05-25 19:24:48,1685057088,19.1,22.4,99900,1.00,3.00,5.00,6.00,0.0127,0
2023-05-25 19:29:42,1685057383,18.4,23.2,99900,2.00,5.00,8.00,9.00,0.0111,0
2023-05-25 19:34:42,1685057683,17.8,23.4,99900,2.00,5.00,9.00,10.0,0.0168,0
2023-05-25 19:39:57,1685057997,17.2,24.5,99912,1.00,2.00,3.00,4.00,0.0212,0
2023-05-25 19:44:53,1685058293,16.7,24.8,99906,1.00,2.00,3.00,4.00,0.0212,0
2023-05-25 19:49:50,1685058590,16.2,25.9,100000,1.00,3.00,5.00,5.00,0.0105,0
2023-05-25 19:54:46,1685058887,15.8,26.6,100000,2.00,4.00,7.00,8.00,0.0139,0
2023-05-25 19:59:43,1685059184,15.5,27.2,100000,2.00,5.00,8.00,9.00,0.0138,0
2023-05-25 20:04:59,1685059499,15.2,27.7,100000,1.00,4.00,7.00,8.00,0.0197,0
2023-05-25 20:09:56,1685059796,14.9,28.2,100000,1.00,4.00,7.00,8.00,0.0216,0
2023-05-25 20:14:53,1685060094,14.7,28.3,100000,2.00,4.00,6.00,7.00,0.0204,0
2023-05-25 20:19:51,1685060391,14.4,29.4,100000,1.00,4.00,7.00,8.00,0.0264,0
2023-05-25 20:24:49,1685060689,14.2,30.0,100000,2.00,3.00,5.00,5.00,0.0136,0
2023-05-25 20:29:46,1685060987,13.9,30.2,100000,1.00,3.00,5.00,6.00,0.0164,0
2023-05-25 20:34:45,1685061285,13.7,30.4,100000,4.00,6.00,8.00,9.00,0.0260,0
2023-05-25 20:39:43,1685061583,13.4,31.3,100000,1.00,3.00,6.00,7.00,0.0260,0
2023-05-25 20:44:59,1685061900,13.2,32.3,100000,1.00,6.00,9.00,11.0,0.0251,0
2023-05-25 20:49:58,1685062198,13.0,33.3,100000,1.00,3.00,5.00,6.00,0.0139,0
2023-05-25 20:54:56,1685062497,12.8,34.3,100000,1.00,2.00,4.00,4.00,0.0139,0
2023-05-25 20:59:55,1685062796,12.6,34.9,100000,2.00,8.00,14.0,16.0,0.0121,0
2023-05-25 21:04:54,1685063094,12.5,35.2,100019,1.00,3.00,5.00,6.00,0.0298,0
2023-05-25 21:09:53,1685063393,12.3,35.7,100069,1.00,6.00,9.00,11.0,0.0180,0
2023-05-25 21:14:51,1685063692,12.3,36.4,100100,2.00,3.00,5.00,6.00,0.0208,0
2023-05-25 21:19:51,1685063991,12.2,37.1,100100,2.00,5.00,8.00,9.00,0.0177,0
2023-05-25 21:24:50,1685064290,12.2,36.9,100100,1.00,4.00,7.00,9.00,0.0147,0
2023-05-25 21:29:48,1685064589,12.2,36.7,100100,2.00,7.00,11.0,13.0,0.0136,0
2023-05-25 21:34:47,1685064888,12.2,37.1,100100,2.00,6.00,10.0,12.0,0.0158,0
2023-05-25 21:39:46,1685065187,12.1,37.0,100100,1.00,2.00,3.00,3.00,0.0179,0
2023-05-25 21:44:46,1685065486,12.0,37.5,100100,2.00,3.00,5.00,5.00,0.0284,0
2023-05-25 21:49:45,1685065785,12.0,37.6,100100,2.00,5.00,7.00,8.00,0.0190,0
2023-05-25 21:54:44,1685066084,11.9,37.5,100100,2.00,4.00,6.00,7.00,0.0336,0
2023-05-25 21:59:43,1685066384,11.9,37.9,100100,3.00,4.00,7.00,8.00,0.0229,0
2023-05-25 22:04:42,1685066683,11.9,37.9,100100,2.00,3.00,6.00,7.00,0.0114,0
2023-05-25 22:09:41,1685066982,11.9,38.0,100100,2.00,7.00,11.0,13.0,0.0104,0
2023-05-25 22:14:59,1685067300,11.8,37.7,100100,2.00,7.00,11.0,13.0,0.0197,0
2023-05-25 22:19:58,1685067599,11.8,38.2,100100,3.00,10.0,16.0,18.0,0.0153,0
2023-05-25 22:24:58,1685067898,11.8,38.2,100100,1.00,3.00,5.00,6.00,0.0291,0
2023-05-25 22:29:57,1685068197,11.8,38.1,100100,1.00,2.00,4.00,4.00,0.0730,0
2023-05-25 22:34:56,1685068497,11.7,38.5,100100,2.00,6.00,10.0,12.0,0.0670,0
2023-05-25 22:39:56,1685068796,11.6,39.0,100100,2.00,4.00,7.00,9.00,0.0505,0
2023-05-25 22:44:55,1685069096,11.4,39.2,100100,1.00,4.00,7.00,8.00,0.0287,0
2023-05-25 22:49:55,1685069395,11.3,39.6,100100,2.00,4.00,5.00,6.00,0.0294,0
2023-05-25 22:54:54,1685069695,11.1,39.9,100100,2.00,5.00,7.00,9.00,0.0153,0
2023-05-25 22:59:54,1685069994,11.0,40.1,100100,2.00,4.00,6.00,7.00,0.0249,0
2023-05-25 23:04:54,1685070294,10.8,40.7,100100,2.00,6.00,10.0,11.0,0.0214,0
2023-05-25 23:09:53,1685070594,10.8,41.1,100100,2.00,5.00,8.00,10.0,0.0340,0
2023-05-25 23:14:53,1685070894,10.8,41.7,100100,2.00,7.00,11.0,13.0,0.0347,0
2023-05-25 23:19:53,1685071193,10.8,42.0,100100,3.00,8.00,12.0,14.0,0.0347,0
2023-05-25 23:24:53,1685071493,10.8,41.5,100100,2.00,5.00,7.00,8.00,0.0127,0
2023-05-25 23:29:52,1685071793,10.8,42.0,100100,1.00,2.00,4.00,4.00,0.0470,0
2023-05-25 23:34:52,1685072093,10.8,42.3,100100,2.00,6.00,10.0,12.0,0.0121,0
2023-05-25 23:39:52,1685072393,10.7,42.5,100100,2.00,4.00,7.00,8.00,0.0147,0
2023-05-25 23:44:52,1685072692,10.7,42.5,100100,1.00,2.00,3.00,3.00,0.0119,0
2023-05-25 23:49:52,1685072992,10.6,42.7,100100,2.00,5.00,7.00,9.00,0.0190,0
2023-05-25 23:54:52,1685073292,10.4,42.7,100100,1.00,5.00,8.00,10.0,0.0218,0
2023-05-25 23:59:52,1685073593,10.2,42.7,100100,2.00,7.00,11.0,12.0,0.0182,0
2023-05-26 00:04:52,1685073893,9.98,42.4,100100,2.00,5.00,7.00,8.00,0.0164,0
2023-05-26 00:09:53,1685074193,9.73,42.9,100100,2.00,6.00,10.0,12.0,0.0246,0
2023-05-26 00:14:53,1685074493,9.49,43.2,100100,2.00,3.00,5.00,6.00,0.0121,0
2023-05-26 00:19:53,1685074794,9.25,43.5,100100,3.00,8.00,12.0,14.0,0.0165,0
2023-05-26 00:24:54,1685075094,9.03,44.0,100100,3.00,4.00,7.00,8.00,0.0165,0
2023-05-26 00:29:55,1685075395,8.81,44.0,100100,1.00,5.00,8.00,9.00,0.0245,0
2023-05-26 00:34:55,1685075696,8.58,44.0,100181,2.00,5.00,9.00,10.0,0.0155,0
2023-05-26 00:39:56,1685075997,8.34,43.7,100200,2.00,5.00,7.00,8.00,0.0261,0
2023-05-26 00:44:57,1685076298,8.13,44.8,100200,1.00,2.00,3.00,4.00,0.0182,0
2023-05-26 00:49:59,1685076599,7.95,45.0,100200,2.00,4.00,5.00,7.00,0.0109,0
2023-05-26 00:54:42,1685076882,7.77,45.3,100200,1.00,3.00,4.00,5.00,0.0109,0
2023-05-26 00:59:43,1685077183,7.60,46.2,100169,1.00,2.00,4.00,5.00,0.0140,0
2023-05-26 01:04:44,1685077485,7.44,46.1,100144,2.00,4.00,7.00,8.00,0.0150,0
2023-05-26 01:09:46,1685077786,7.32,46.5,100200,1.00,5.00,8.00,10.0,0.0138,0
2023-05-26 01:14:47,1685078088,7.18,46.8,100156,1.00,3.00,4.00,5.00,0.0123,0
2023-05-26 01:19:49,1685078390,7.04,47.3,100100,3.00,5.00,8.00,9.00,0.0123,0
2023-05-26 01:24:51,1685078691,6.93,47.2,100100,2.00,4.00,6.00,7.00,0.0159,0
2023-05-26 01:29:53,1685078993,6.86,47.6,100156,2.00,6.00,8.00,10.0,0.0172,0
2023-05-26 01:34:55,1685079295,6.76,47.5,100169,1.00,5.00,7.00,9.00,0.0172,0
2023-05-26 01:39:57,1685079597,6.64,47.2,100200,2.00,5.00,8.00,9.00,0.0189,0
2023-05-26 01:44:59,1685079899,6.52,47.9,100200,1.00,5.00,8.00,10.0,0.0133,0
2023-05-26 01:49:42,1685080182,6.42,48.3,100200,1.00,5.00,8.00,10.0,0.0168,0
2023-05-26 01:54:44,1685080484,6.33,48.8,100200,1.00,4.00,6.00,7.00,0.0243,0
2023-05-26 01:59:46,1685080786,6.29,49.2,100200,2.00,4.00,6.00,7.00,0.0195,0
2023-05-26 02:04:48,1685081089,6.22,47.7,100200,1.00,2.00,3.00,4.00,0.0241,0
2023-05-26 02:09:50,1685081391,6.13,48.0,100200,1.00,3.00,5.00,6.00,0.0241,0
2023-05-26 02:14:52,1685081692,6.02,47.9,100200,1e-7,2.00,4.00,4.00,0.0125,0
2023-05-26 02:19:54,1685081995,5.92,48.1,100200,1.00,2.00,4.00,4.00,0.0128,0
2023-05-26 02:24:56,1685082297,5.84,48.8,100200,2.00,6.00,10.0,11.0,0.0252,0
2023-05-26 02:29:59,1685082599,5.75,49.5,100200,3.00,3.00,3.00,4.00,0.0252,0
2023-05-26 02:34:42,1685082883,5.73,50.4,100200,2.00,4.00,6.00,7.00,0.0174,0
2023-05-26 02:39:45,1685083185,5.75,50.7,100200,1.00,3.00,5.00,6.00,0.0167,0
2023-05-26 02:44:47,1685083488,5.79,50.2,100200,1.00,5.00,8.00,10.0,0.0172,0
2023-05-26 02:49:50,1685083790,5.77,49.3,100200,1.00,3.00,6.00,7.00,0.0156,0
2023-05-26 02:54:52,1685084093,5.69,48.8,100200,3.00,9.00,14.0,16.0,0.0175,0
2023-05-26 02:59:55,1685084395,5.62,49.2,100200,2.00,5.00,7.00,8.00,0.0312,0
2023-05-26 03:04:57,1685084698,5.56,50.4,100200,1.00,3.00,4.00,5.00,0.0312,0
2023-05-26 03:09:41,1685084981,5.53,51.4,100200,2.00,4.00,7.00,8.00,0.0103,0
2023-05-26 03:14:44,1685085284,5.54,52.1,100200,2.00,3.00,4.00,5.00,0.0134,0
2023-05-26 03:19:46,1685085587,5.58,52.4,100200,3.00,3.00,4.00,4.00,0.0135,0
2023-05-26 03:24:49,1685085889,5.62,52.7,100200,1.00,3.00,5.00,6.00,0.0114,0
2023-05-26 03:29:51,1685086191,5.64,52.4,100200,2.00,4.00,5.00,6.00,0.0117,0
2023-05-26 03:34:53,1685086494,5.64,52.2,100200,1.00,3.00,5.00,6.00,0.0136,0
2023-05-26 03:39:56,1685086796,5.64,52.1,100200,1.00,4.00,7.00,8.00,0.0146,0
2023-05-26 03:44:58,1685087099,5.62,51.3,100200,2.00,5.00,7.00,8.00,0.0115,0
2023-05-26 03:49:42,1685087383,5.60,50.0,100200,1.00,4.00,6.00,8.00,0.0212,0
2023-05-26 03:54:45,1685087685,5.52,49.9,100200,1.00,3.00,6.00,7.00,0.0191,0
2023-05-26 03:59:47,1685087988,5.42,49.6,100200,1.00,2.00,4.00,4.00,0.0193,0
2023-05-26 04:04:50,1685088291,5.35,50.9,100200,2.00,3.00,5.00,5.00,0.0194,0
2023-05-26 04:09:53,1685088593,5.25,50.4,100200,1.00,2.00,4.00,4.00,0.0124,0
2023-05-26 04:14:56,1685088896,5.19,49.8,100200,1.00,4.00,5.00,6.00,0.0134,0
2023-05-26 04:19:59,1685089199,5.16,50.5,100200,1.00,4.00,6.00,7.00,0.0110,0
2023-05-26 04:24:42,1685089483,5.11,51.7,100200,1.00,2.00,4.00,5.00,0.0147,0
2023-05-26 04:29:45,1685089786,5.09,52.2,100200,2.00,4.00,6.00,7.00,0.0147,0
2023-05-26 04:34:48,1685090088,5.06,52.4,100200,2.00,4.00,6.00,7.00,0.0108,0
2023-05-26 04:39:50,1685090391,5.06,52.2,100200,1.00,4.00,6.00,8.00,0.0109,0
2023-05-26 04:44:53,1685090694,5.07,52.6,100200,1.00,4.00,7.00,8.00,0.0122,0
2023-05-26 04:49:56,1685090996,5.08,53.1,100200,2.00,5.00,8.00,9.00,0.0158,0
2023-05-26 04:54:58,1685091299,5.10,53.1,100200,2.00,5.00,8.00,10.0,0.0147,0
2023-05-26 04:59:42,1685091583,5.13,53.1,100200,2.00,3.00,4.00,5.00,0.0111,0
2023-05-26 05:04:45,1685091885,5.14,53.4,100200,1.00,4.00,7.00,8.00,0.0121,0
2023-05-26 05:09:47,1685092188,5.13,53.3,100200,2.00,6.00,9.00,11.0,0.0249,0
2023-05-26 05:14:50,1685092491,5.13,52.8,100200,2.00,3.00,5.00,6.00,0.0151,0
2023-05-26 05:19:53,1685092793,5.16,51.8,100200,1.00,3.00,4.00,5.00,0.0241,0
2023-05-26 05:24:55,1685093096,5.16,51.1,100200,1.00,4.00,7.00,8.00,0.0118,0
2023-05-26 05:29:58,1685093398,5.15,50.9,100200,2.00,3.00,5.00,6.00,0.0119,0
2023-05-26 05:34:42,1685093682,5.09,50.6,100200,1.00,4.00,7.00,8.00,0.0144,0
2023-05-26 05:38:48,1685093928,5.06,50.8,100200,1.00,5.00,9.00,10.0,0.0307,0
2023-05-26 08:49:51,1685105391,18.7,31.2,100300,1.00,6.00,10.0,12.0,,
2023-05-26 08:54:45,1685105686,18.8,31.1,100300,1.00,3.00,4.00,4.00,,
2023-05-26 08:59:58,1685105998,18.9,30.7,100300,2.00,4.00,6.00,7.00,0.00983,0
2023-05-26 09:04:51,1685106291,19.1,29.9,100294,2.00,4.00,5.00,6.00,0.0242,0
2023-05-26 09:09:27,1685106567,19.2,29.3,100240,1.00,2.00,3.00,4.00,0.0117,0
2023-05-26 09:28:07,1685107687,19.4,29.0,100200,1.00,5.00,8.00,10.0,,
2023-05-26 12:34:41,1685118882,26.0,19.1,100000,2.00,5.00,8.00,9.00,,
2023-05-26 12:38:38,1685119119,25.7,20.0,100000,2.00,4.00,6.00,7.00,,
2023-05-26 12:49:42,1685119782,25.4,20.8,100000,1.00,3.00,5.00,6.00,,
2023-05-26 12:54:51,1685120092,25.5,20.0,100000,3.00,5.00,8.00,9.00,0.0149,0
2023-05-26 12:56:22,1685120182,25.5,19.6,100000,2.00,3.00,3.00,4.00,0.0119,0
2023-05-26 13:04:57,1685120697,25.4,20.2,100000,3.00,3.00,4.00,5.00,0.0119,0
2023-05-26 13:09:48,1685120989,25.6,20.0,99975,1.00,2.00,4.00,4.00,0.0153,0
2023-05-26 13:11:38,1685121098,25.7,19.2,99917,2.00,2.00,3.00,4.00,0.0148,0
2023-05-26 13:24:43,1685121884,25.8,18.1,99900,2.00,6.00,9.00,10.0,0.0130,0
2023-05-26 13:27:45,1685122066,26.0,19.5,99900,1.00,3.00,6.00,7.00,0.0130,0
2023-05-26 13:39:55,1685122796,26.9,17.5,99900,2.00,3.00,5.00,5.00,0.0233,0
2023-05-26 13:44:46,1685123086,27.2,15.7,99900,3.00,10.0,16.0,19.0,0.0301,0
2023-05-26 13:45:21,1685123122,27.3,14.3,99900,5.00,10.0,14.0,16.0,0.0304,0
2023-05-26 13:54:51,1685123691,27.6,14.4,99900,1.00,3.00,4.00,5.00,0.0950,0
2023-05-26 13:59:59,1685124000,27.8,14.1,99900,3.00,6.00,9.00,10.0,0.0634,0
2023-05-26 14:04:50,1685124291,27.9,14.1,99900,1.00,4.00,7.00,8.00,0.0297,0
2023-05-26 14:09:58,1685124599,27.9,14.8,99900,1.00,3.00,5.00,5.00,0.0279,0
2023-05-26 14:14:48,1685124889,28.1,14.2,99900,1.00,3.00,4.00,4.00,0.0292,0
2023-05-26 14:16:55,1685125015,28.1,14.1,99900,2.00,5.00,7.00,9.00,0.0111,0
2023-05-26 14:34:21,1685126062,28.3,14.1,99900,3.00,6.00,9.00,10.0,0.0142,0
2023-05-26 14:39:43,1685126383,28.5,13.9,99900,1.00,4.00,6.00,7.00,0.0277,0
2023-05-26 14:44:50,1685126691,28.6,14.1,99900,3.00,6.00,8.00,9.00,0.0383,0
2023-05-26 14:49:21,1685126962,28.8,13.4,99807,4.00,5.00,8.00,9.00,0.0383,0
2023-05-26 14:59:43,1685127584,28.7,12.8,99800,3.00,3.00,3.00,4.00,0.0299,0
2023-05-26 15:04:50,1685127891,28.7,13.3,99800,3.00,4.00,6.00,6.00,0.0299,0
2023-05-26 15:06:56,1685128016,28.8,13.5,99800,1.00,2.00,3.00,3.00,0.0144,0
2023-05-26 15:14:53,1685128493,29.1,13.3,99800,3.00,6.00,9.00,10.0,0.0144,0
2023-05-26 15:19:42,1685128782,29.3,13.2,99800,2.00,5.00,7.00,8.00,0.0178,0
2023-05-26 15:22:06,1685128926,29.4,12.9,99800,2.00,3.00,4.00,5.00,0.0178,0
2023-05-26 15:34:43,1685129683,29.5,12.6,99800,3.00,4.00,5.00,6.00,0.0101,0
2023-05-26 15:38:19,1685129899,29.6,12.4,99800,2.00,3.00,5.00,6.00,0.0103,0
2023-05-26 15:49:51,1685130591,29.6,11.6,99800,2.00,5.00,8.00,9.00,0.0173,0
2023-05-26 15:54:57,1685130898,29.7,11.9,99800,3.00,4.00,4.00,5.00,0.0164,0
2023-05-26 15:55:50,1685130951,29.8,11.7,99800,1.00,1.00,1.00,1.00,0.0164,0
2023-05-26 16:04:43,1685131483,30.1,10.9,99800,2.00,2.00,2.00,2.00,0.00881,0
2023-05-26 16:09:48,1685131789,30.1,11.0,99800,3.00,5.00,7.00,8.00,0.0102,0
2023-05-26 16:11:54,1685131914,30.1,11.4,99800,3.00,4.00,4.00,5.00,0.0110,0
2023-05-26 16:19:47,1685132388,30.2,11.0,99800,3.00,5.00,7.00,8.00,0.00990,0
2023-05-26 16:24:53,1685132694,30.1,10.8,99800,3.00,7.00,9.00,11.0,0.0187,0
2023-05-26 16:28:11,1685132892,29.9,11.1,99800,3.00,6.00,9.00,11.0,0.0127,0
2023-05-26 16:39:45,1685133586,30.2,11.3,99800,3.00,5.00,6.00,6.00,0.0221,0
2023-05-26 16:43:21,1685133802,30.3,10.7,99800,3.00,4.00,5.00,6.00,0.0170,0
2023-05-26 16:54:52,1685134492,30.7,11.4,99800,2.00,6.00,10.0,12.0,0.0186,0
2023-05-26 16:59:39,1685134780,31.0,10.9,99800,2.00,3.00,4.00,4.00,0.0196,0
2023-05-26 17:09:49,1685135390,31.1,11.2,99800,3.00,3.00,4.00,4.00,0.0268,0
2023-05-26 17:14:55,1685135695,31.1,11.0,99800,2.00,3.00,5.00,6.00,0.0286,0
2023-05-26 17:17:00,1685135821,31.2,10.9,99800,2.00,5.00,7.00,9.00,0.0124,0
2023-05-26 17:24:57,1685136297,31.3,10.9,99800,3.00,8.00,12.0,13.0,0.0345,0
2023-05-26 17:29:45,1685136585,31.3,11.0,99800,4.00,10.0,15.0,18.0,0.144,0
2023-05-26 17:32:09,1685136729,30.9,11.3,99800,2.00,6.00,9.00,11.0,0.0566,0
2023-05-26 17:39:46,1685137186,30.3,12.1,99800,1.00,1.00,1.00,1.00,0.0927,0
2023-05-26 17:44:52,1685137493,29.9,12.0,99800,3.00,7.00,11.0,13.0,0.0927,0
2023-05-26 17:48:11,1685137692,29.3,12.1,99800,2.00,3.00,4.00,4.00,0.0226,0
2023-05-26 17:59:57,1685138397,28.4,13.4,99800,3.00,3.00,4.00,4.00,0.0190,0
2023-05-26 18:04:47,1685138687,28.2,13.3,99800,2.00,6.00,9.00,11.0,0.0161,0
2023-05-26 18:05:40,1685138741,28.0,13.3,99800,2.00,5.00,8.00,9.00,0.0106,0
2023-05-26 18:14:56,1685139296,27.7,13.9,99800,3.00,7.00,10.0,11.0,0.0169,0
2023-05-26 18:19:46,1685139587,27.7,13.8,99800,3.00,7.00,10.0,11.0,0.0180,0
2023-05-26 18:22:11,1685139731,27.7,13.8,99800,2.00,3.00,5.00,5.00,0.0203,0
2023-05-26 18:29:46,1685140186,27.6,13.9,99800,1e-7,1e-7,1e-7,1e-7,0.0203,0
2023-05-26 18:34:53,1685140494,27.9,13.7,99800,2.00,5.00,6.00,7.00,0.0168,0
2023-05-26 18:38:30,1685140711,28.6,12.9,99800,1.00,2.00,2.00,2.00,0.0112,0
2023-05-26 18:44:44,1685141085,29.2,12.1,99800,1.00,3.00,5.00,6.00,0.0130,0
2023-05-26 18:49:52,1685141392,29.0,12.6,99800,3.00,6.00,8.00,9.00,0.0179,0
2023-05-26 18:54:42,1685141682,28.7,12.7,99800,3.00,5.00,7.00,8.00,0.0201,0
2023-05-26 18:59:50,1685141990,28.5,12.9,99800,2.00,5.00,9.00,10.0,0.0220,0
2023-05-26 19:04:58,1685142298,28.8,12.7,99800,2.00,4.00,6.00,7.00,0.0185,0
2023-05-26 19:09:47,1685142588,28.8,12.8,99800,2.00,5.00,8.00,10.0,0.0267,0
2023-05-26 19:14:56,1685142896,28.2,13.1,99800,2.00,6.00,8.00,10.0,0.0338,0
2023-05-26 19:19:46,1685143187,27.6,13.5,99800,2.00,4.00,5.00,6.00,0.0338,0
2023-05-26 19:24:55,1685143496,27.1,13.9,99800,2.00,4.00,6.00,8.00,0.0156,0
2023-05-26 19:29:50,1685143791,26.9,14.3,99800,3.00,6.00,9.00,10.0,0.0195,0
2023-05-26 19:34:59,1685144100,27.1,14.3,99800,2.00,4.00,5.00,6.00,0.0311,0
2023-05-26 19:39:50,1685144391,26.7,14.4,99800,3.00,4.00,6.00,7.00,0.0254,0
2023-05-26 19:44:42,1685144682,26.1,14.8,99800,3.00,4.00,5.00,5.00,0.0167,0
2023-05-26 19:49:52,1685144992,25.7,15.3,99800,3.00,7.00,10.0,11.0,0.0227,0
2023-05-26 19:54:44,1685145284,25.2,15.7,99800,2.00,3.00,4.00,5.00,0.0317,0
2023-05-26 19:59:54,1685145595,24.8,16.0,99800,3.00,5.00,7.00,8.00,0.0286,0
2023-05-26 20:04:47,1685145887,24.4,16.5,99800,2.00,5.00,8.00,9.00,0.0176,0
2023-05-26 20:09:58,1685146199,24.1,16.8,99800,2.00,3.00,4.00,4.00,0.0157,0
2023-05-26 20:14:51,1685146492,23.8,22.4,93625,4.00,5.00,6.00,7.00,0.0116,0
2023-05-26 20:19:44,1685146785,23.5,17.7,99900,2.00,6.00,8.00,9.00,0.0173,0
2023-05-26 20:24:56,1685147096,23.2,18.5,99900,3.00,8.00,12.0,14.0,0.0146,0
2023-05-26 20:29:49,1685147389,22.9,18.6,99900,2.00,5.00,8.00,9.00,0.0150,0
2023-05-26 20:34:42,1685147683,22.7,19.1,99900,2.00,4.00,6.00,7.00,0.0138,0
2023-05-26 20:39:54,1685147995,22.5,19.5,99900,3.00,4.00,5.00,6.00,0.0184,0
2023-05-26 20:44:48,1685148288,22.2,24.9,99394,2.00,5.00,8.00,9.00,0.0356,0
2023-05-26 20:49:42,1685148582,21.9,20.3,99900,2.00,4.00,7.00,8.00,0.0356,0
2023-05-26 20:54:54,1685148895,21.6,20.7,99900,3.00,4.00,5.00,6.00,0.0269,0
2023-05-26 20:59:48,1685149189,21.3,21.3,99900,2.00,7.00,10.0,12.0,0.0183,0
2023-05-26 21:04:43,1685149483,21.0,21.6,99900,2.00,5.00,7.00,8.00,0.0153,0
2023-05-26 21:09:56,1685149796,20.7,21.8,99900,3.00,5.00,7.00,8.00,0.0136,0
2023-05-26 21:14:51,1685150091,20.4,22.3,99900,1.00,2.00,3.00,3.00,0.0138,0
2023-05-26 21:19:46,1685150386,20.1,23.0,99900,2.00,2.00,4.00,4.00,0.0175,0
2023-05-26 21:24:59,1685150699,19.9,23.5,99900,8.00,22.0,33.0,39.0,0.237,0
2023-05-26 21:29:54,1685150994,19.6,23.9,99900,3.00,3.00,5.00,5.00,0.284,0
2023-05-26 21:34:49,1685151290,19.4,24.4,99900,2.00,5.00,7.00,8.00,0.212,0
2023-05-26 21:39:45,1685151585,19.1,25.3,99931,1.00,4.00,6.00,7.00,0.0332,0
2023-05-26 21:44:59,1685151899,18.8,25.9,100000,2.00,4.00,6.00,7.00,0.0128,0
2023-05-26 21:49:55,1685152195,18.5,26.5,99956,3.00,6.00,9.00,10.0,0.0125,0
2023-05-26 21:54:50,1685152491,18.3,27.0,100000,3.00,4.00,5.00,6.00,0.0106,0
2023-05-26 21:59:46,1685152787,18.0,27.4,100000,2.00,4.00,6.00,7.00,0.0135,0
2023-05-26 22:04:42,1685153083,17.8,27.9,100000,2.00,5.00,7.00,8.00,0.0121,0
2023-05-26 22:09:57,1685153397,17.5,28.8,100000,4.00,4.00,4.00,4.00,0.0121,0
2023-05-26 22:14:53,1685153694,17.3,29.4,100000,3.00,4.00,7.00,8.00,0.0115,0
2023-05-26 22:19:50,1685153990,17.1,29.6,100000,1.00,2.00,3.00,4.00,0.0115,0
2023-05-26 22:24:46,1685154287,16.9,30.0,100000,3.00,6.00,10.0,12.0,0.0134,0
2023-05-26 22:29:43,1685154583,16.7,29.7,100000,2.00,3.00,5.00,6.00,0.0191,0
2023-05-26 22:34:58,1685154899,16.5,30.0,100000,2.00,6.00,8.00,10.0,0.0168,0
2023-05-26 22:39:54,1685155195,16.4,30.0,100000,3.00,3.00,4.00,4.00,0.0118,0
2023-05-26 22:44:51,1685155492,16.2,30.5,100000,3.00,5.00,7.00,8.00,0.0124,0
2023-05-26 22:49:48,1685155789,16.1,31.2,100000,2.00,4.00,6.00,7.00,0.0140,0
2023-05-26 22:54:46,1685156086,15.9,31.6,100000,3.00,5.00,7.00,8.00,0.0171,0
2023-05-26 22:59:43,1685156383,15.7,32.1,100000,3.00,5.00,8.00,9.00,0.0108,0
2023-05-26 23:04:59,1685156699,15.5,32.3,100000,3.00,6.00,9.00,10.0,0.0239,0
2023-05-26 23:09:56,1685156997,15.3,32.6,100000,2.00,4.00,5.00,6.00,0.0202,0
2023-05-26 23:14:54,1685157294,15.2,32.9,100000,2.00,5.00,7.00,8.00,0.0189,0
2023-05-26 23:19:51,1685157592,15.1,33.2,100000,2.00,5.00,7.00,8.00,0.0200,0
2023-05-26 23:24:49,1685157889,14.9,33.2,100000,2.00,2.00,3.00,4.00,0.0200,0
2023-05-26 23:29:46,1685158187,14.8,33.4,100000,2.00,5.00,6.00,7.00,0.0233,0
2023-05-26 23:34:44,1685158485,14.6,33.9,100000,3.00,3.00,5.00,6.00,0.0145,0
2023-05-26 23:39:42,1685158783,14.5,34.2,100000,3.00,7.00,10.0,12.0,0.0182,0
2023-05-26 23:44:59,1685159099,14.4,34.7,100000,3.00,3.00,5.00,5.00,0.0182,0
2023-05-26 23:49:57,1685159397,14.3,35.1,100000,2.00,2.00,3.00,4.00,0.0116,0
2023-05-26 23:54:55,1685159696,14.2,35.2,100000,2.00,4.00,7.00,8.00,0.0156,0
2023-05-26 23:59:53,1685159994,14.0,35.5,100000,2.00,4.00,6.00,7.00,0.0189,0
2023-05-27 00:04:51,1685160292,13.9,35.6,100000,4.00,5.00,7.00,9.00,0.0156,0
2023-05-27 00:09:50,1685160590,13.7,36.5,100000,3.00,5.00,6.00,7.00,0.0135,0
2023-05-27 00:14:48,1685160889,13.5,36.7,100000,2.00,4.00,6.00,7.00,0.0167,0
2023-05-27 00:19:47,1685161187,13.3,37.0,100000,2.00,6.00,9.00,11.0,0.0134,0
2023-05-27 00:24:45,1685161486,13.2,36.9,100000,2.00,5.00,8.00,10.0,0.0165,0
2023-05-27 00:29:44,1685161784,13.0,37.4,100000,2.00,4.00,5.00,6.00,0.0185,0
2023-05-27 00:34:43,1685162083,12.8,37.8,100000,3.00,5.00,8.00,10.0,0.0162,0
2023-05-27 00:39:41,1685162381,12.6,38.3,100000,3.00,4.00,6.00,7.00,0.0155,0
2023-05-27 00:44:58,1685162699,12.5,38.8,100000,2.00,7.00,12.0,14.0,0.0156,0
2023-05-27 00:49:57,1685162998,12.4,38.3,100000,2.00,4.00,5.00,6.00,0.0318,0
2023-05-27 00:54:56,1685163297,12.2,38.5,100000,3.00,8.00,12.0,14.0,0.0250,0
2023-05-27 00:59:56,1685163596,12.1,38.8,100000,2.00,5.00,8.00,10.0,0.0241,0
2023-05-27 01:04:55,1685163895,11.9,39.3,100000,2.00,5.00,7.00,8.00,0.0214,0
2023-05-27 01:09:54,1685164194,11.8,39.6,100000,3.00,7.00,11.0,13.0,0.0225,0
2023-05-27 01:14:53,1685164494,11.7,39.6,100000,3.00,6.00,10.0,12.0,0.0199,0
2023-05-27 01:19:53,1685164793,11.6,40.4,100013,3.00,4.00,5.00,6.00,0.0145,0
2023-05-27 01:24:52,1685165092,11.6,41.1,100094,2.00,6.00,9.00,11.0,0.0161,0
2023-05-27 01:29:51,1685165392,11.5,41.8,100100,2.00,3.00,5.00,7.00,0.0155,0
2023-05-27 01:34:51,1685165691,11.4,41.8,100100,2.00,4.00,5.00,6.00,0.0122,0
2023-05-27 01:39:50,1685165991,11.3,42.2,100100,1.00,2.00,3.00,4.00,0.0143,0
2023-05-27 01:44:50,1685166291,11.3,42.4,100100,2.00,4.00,5.00,6.00,0.0143,0
2023-05-27 01:49:50,1685166590,11.2,42.1,100100,2.00,6.00,10.0,11.0,0.0240,0
2023-05-27 01:54:49,1685166890,11.2,42.1,100100,3.00,5.00,8.00,10.0,0.0239,0
2023-05-27 01:59:49,1685167190,11.1,42.3,100100,2.00,7.00,11.0,13.0,0.0330,0
2023-05-27 02:04:49,1685167489,11.0,42.6,100100,2.00,6.00,10.0,11.0,0.0238,0
2023-05-27 02:09:48,1685167789,10.9,43.3,100100,2.00,5.00,7.00,8.00,0.0130,0
2023-05-27 02:14:48,1685168089,10.8,43.9,100100,2.00,5.00,8.00,9.00,0.0196,0
2023-05-27 02:19:48,1685168388,10.7,44.3,100100,1.00,3.00,5.00,6.00,0.0196,0
2023-05-27 02:24:48,1685168688,10.6,44.2,100100,3.00,4.00,6.00,7.00,0.0175,0
2023-05-27 02:29:48,1685168988,10.5,44.6,100100,2.00,4.00,6.00,7.00,0.0120,0
2023-05-27 02:34:48,1685169288,10.5,44.3,100100,3.00,8.00,13.0,15.0,0.0120,0
2023-05-27 02:39:47,1685169587,10.4,44.8,100100,2.00,3.00,5.00,7.00,0.0223,0
2023-05-27 02:44:47,1685169887,10.4,45.0,100100,3.00,7.00,10.0,11.0,0.0105,0
2023-05-27 02:49:47,1685170187,10.3,45.0,100100,3.00,5.00,7.00,8.00,0.0105,0
2023-05-27 02:54:47,1685170488,10.2,44.5,100100,1.00,3.00,4.00,4.00,0.0295,0
2023-05-27 02:59:47,1685170788,10.1,44.8,100100,3.00,6.00,8.00,10.0,0.0248,0
2023-05-27 03:04:47,1685171088,10.1,45.1,100100,2.00,4.00,6.00,7.00,0.0271,0
2023-05-27 03:09:48,1685171388,10.0,45.2,100100,2.00,5.00,7.00,8.00,0.0148,0
2023-05-27 03:14:48,1685171688,9.97,46.1,100100,3.00,5.00,7.00,8.00,0.0101,0
2023-05-27 03:19:48,1685171989,9.93,45.7,100100,2.00,4.00,7.00,8.00,0.0179,0
2023-05-27 03:24:48,1685172289,9.88,45.4,100100,3.00,5.00,7.00,8.00,0.0179,0
2023-05-27 03:29:49,1685172589,9.81,45.5,100100,3.00,6.00,9.00,10.0,0.0206,0
2023-05-27 03:34:49,1685172889,9.72,45.4,100100,3.00,7.00,11.0,12.0,0.0206,0
2023-05-27 03:39:49,1685173190,9.61,45.2,100100,1.00,4.00,6.00,7.00,0.0150,0
2023-05-27 03:44:50,1685173490,9.51,46.1,100194,2.00,6.00,9.00,11.0,0.0340,0
2023-05-27 03:49:50,1685173791,9.43,47.1,100175,4.00,6.00,9.00,11.0,0.0520,0
2023-05-27 03:54:51,1685174091,9.41,47.8,100200,4.00,5.00,8.00,9.00,0.0221,0
2023-05-27 03:59:51,1685174392,9.40,47.6,100200,3.00,7.00,10.0,12.0,0.0277,0
2023-05-27 04:04:52,1685174692,9.40,47.4,100200,2.00,5.00,8.00,10.0,0.0277,0
2023-05-27 04:09:52,1685174993,9.43,47.1,100200,2.00,3.00,5.00,6.00,0.0184,0
2023-05-27 04:14:53,1685175293,9.49,46.9,100200,1.00,5.00,8.00,10.0,0.0293,0
2023-05-27 04:19:54,1685175594,9.56,46.8,100200,1.00,3.00,5.00,5.00,0.0151,0
2023-05-27 04:24:54,1685175895,9.68,47.1,100200,2.00,2.00,3.00,4.00,0.0178,0
2023-05-27 04:29:55,1685176195,9.77,47.2,100200,2.00,4.00,6.00,7.00,0.0151,0
2023-05-27 04:34:55,1685176496,9.88,47.9,100200,2.00,4.00,6.00,7.00,0.0246,0
2023-05-27 04:39:55,1685176796,10.0,47.8,100200,2.00,3.00,4.00,5.00,0.0275,0
2023-05-27 04:44:55,1685177096,10.2,47.9,100200,2.00,3.00,5.00,6.00,0.0163,0
2023-05-27 04:49:55,1685177396,10.3,48.1,100200,3.00,6.00,8.00,9.00,0.0163,0
2023-05-27 04:54:55,1685177696,10.5,47.7,100200,2.00,6.00,9.00,10.0,0.0239,0
2023-05-27 04:59:55,1685177996,10.7,47.3,100200,4.00,5.00,5.00,6.00,0.0247,0
2023-05-27 05:04:55,1685178296,10.9,46.8,100200,1.00,5.00,9.00,10.0,0.0285,0
2023-05-27 05:09:55,1685178596,11.1,46.0,100200,2.00,6.00,10.0,12.0,0.0156,0
2023-05-27 05:14:55,1685178895,11.2,45.8,100200,3.00,4.00,6.00,7.00,0.0156,0
2023-05-27 05:19:54,1685179195,11.4,46.0,100200,2.00,3.00,5.00,5.00,0.0138,0
2023-05-27 05:24:54,1685179494,11.5,45.9,100200,2.00,4.00,7.00,8.00,0.0138,0
2023-05-27 05:29:53,1685179794,11.7,46.1,100200,2.00,5.00,7.00,8.00,0.0135,0
2023-05-27 05:34:53,1685180093,11.8,45.6,100200,2.00,2.00,3.00,4.00,0.0134,0
2023-05-27 05:39:52,1685180392,11.9,45.4,100200,2.00,6.00,10.0,11.0,0.0144,0
2023-05-27 05:44:51,1685180692,12.0,45.4,100200,2.00,3.00,4.00,5.00,0.0162,0
2023-05-27 05:49:50,1685180991,12.0,45.1,100200,2.00,4.00,7.00,8.00,0.0164,0
2023-05-27 05:54:49,1685181290,12.1,45.0,100200,2.00,3.00,5.00,6.00,0.0117,0
2023-05-27 05:59:48,1685181589,12.2,44.8,100200,2.00,4.00,5.00,6.00,0.0125,0
2023-05-27 06:04:48,1685181888,12.3,45.0,100200,3.00,6.00,9.00,11.0,0.0143,0
2023-05-27 06:09:47,1685182187,12.4,44.7,100200,3.00,3.00,5.00,6.00,0.0207,0
2023-05-27 06:14:46,1685182486,12.5,44.8,100200,2.00,4.00,7.00,9.00,0.0132,0
2023-05-27 06:19:45,1685182785,12.6,44.5,100200,3.00,3.00,3.00,4.00,0.0191,0
2023-05-27 06:24:43,1685183084,12.7,44.5,100256,3.00,4.00,5.00,6.00,0.0191,0
2023-05-27 06:28:27,1685183308,12.7,44.2,100283,2.00,4.00,6.00,6.00,0.0157,0
2023-05-27 06:34:55,1685183696,12.8,44.2,100210,1.00,4.00,7.00,8.00,0.0157,0
2023-05-27 06:35:14,1685183714,12.9,43.8,100300,1.00,2.00,3.00,3.00,0.00851,0
2023-05-27 07:29:48,1685186989,15.2,41.4,100300,2.00,3.00,4.00,4.00,,
2023-05-27 07:34:45,1685187285,15.4,40.8,100300,1.00,3.00,4.00,5.00,,
2023-05-27 07:35:40,1685187340,15.6,40.2,100300,1.00,2.00,2.00,3.00,,
2023-05-27 07:44:59,1685187899,16.1,39.4,100300,3.00,3.00,4.00,5.00,,
2023-05-27 07:49:46,1685188187,16.3,39.4,100278,3.00,5.00,6.00,7.00,0.0145,0
2023-05-27 08:04:42,1685189082,18.4,36.0,100300,1.00,3.00,4.00,5.00,0.0148,0
2023-05-27 08:05:18,1685189119,18.6,36.0,100300,1.00,1.00,2.00,2.00,0.0148,0
2023-05-27 11:49:56,1685202596,28.3,18.0,100100,4.00,6.00,8.00,9.00,,
2023-05-27 11:54:46,1685202886,28.4,18.1,100063,4.00,8.00,11.0,13.0,,
2023-05-27 11:59:54,1685203195,28.5,18.6,100000,5.00,12.0,17.0,19.0,,
2023-05-27 12:00:48,1685203249,28.7,18.3,100000,2.00,3.00,4.00,4.00,,
2023-05-27 12:14:52,1685204092,28.5,18.8,100000,5.00,9.00,12.0,13.0,0.0645,0
2023-05-27 12:16:59,1685204219,28.5,19.0,100000,4.00,5.00,5.00,5.00,0.0645,0
2023-05-27 12:29:50,1685204991,28.3,19.8,100000,3.00,5.00,6.00,7.00,0.0676,0
2023-05-27 12:33:28,1685205209,28.0,19.8,100000,4.00,5.00,7.00,8.00,0.106,0
2023-05-27 12:44:51,1685205892,27.9,21.3,100000,4.00,4.00,4.00,5.00,0.0198,0
2023-05-27 12:49:42,1685206182,28.0,21.4,100000,3.00,6.00,8.00,9.00,0.0198,0
2023-05-27 13:04:53,1685207094,29.0,20.7,100000,8.00,18.0,27.0,31.0,0.158,0
2023-05-27 13:06:05,1685207166,29.2,20.8,100000,3.00,4.00,5.00,6.00,0.158,0
2023-05-27 13:19:49,1685207990,29.8,20.3,100000,4.00,5.00,7.00,8.00,0.145,0
2023-05-27 13:22:14,1685208134,30.0,20.0,99988,4.00,4.00,4.00,4.00,0.147,0
2023-05-27 13:34:42,1685208883,30.8,19.5,99900,4.00,7.00,9.00,10.0,0.168,0
2023-05-27 13:38:37,1685209117,30.8,19.4,99900,10.0,25.0,38.0,44.0,0.125,0
2023-05-27 13:49:54,1685209794,31.4,19.2,99900,4.00,6.00,6.00,7.00,0.160,0
2023-05-27 13:54:42,1685210083,31.6,18.7,99900,5.00,5.00,6.00,7.00,0.123,0
2023-05-27 13:55:00,1685210101,31.6,18.3,99900,2.00,2.00,2.00,2.00,0.123,0
2023-05-27 14:04:58,1685210698,31.8,18.5,99900,3.00,4.00,5.00,6.00,0.123,0
2023-05-27 14:09:46,1685210986,31.9,18.1,99900,3.00,5.00,6.00,6.00,0.110,0
2023-05-27 14:11:16,1685211076,31.8,17.7,99900,3.00,4.00,5.00,6.00,0.00952,0
2023-05-27 14:24:44,1685211885,31.7,18.1,99820,4.00,6.00,7.00,8.00,0.0102,0
2023-05-27 14:27:26,1685212047,31.7,18.3,99844,6.00,7.00,7.00,7.00,0.00996,0
2023-05-27 14:39:42,1685212783,31.9,18.1,99800,3.00,5.00,7.00,7.00,0.00996,0
2023-05-27 14:43:54,1685213034,32.0,18.1,99800,4.00,4.00,5.00,5.00,0.0125,0
2023-05-27 14:54:42,1685213682,32.6,17.2,99800,2.00,2.00,3.00,3.00,0.0114,0
2023-05-27 14:59:46,1685213987,32.7,17.1,99800,3.00,6.00,9.00,10.0,0.0138,0
2023-05-27 15:00:40,1685214040,32.7,16.9,99800,2.00,5.00,7.00,7.00,0.0213,0
2023-05-27 15:09:48,1685214588,33.0,17.1,99800,3.00,6.00,9.00,10.0,0.0251,0
2023-05-27 15:14:52,1685214893,33.2,16.8,99800,10.0,30.0,46.0,54.0,0.0553,0
2023-05-27 15:16:04,1685214964,33.4,16.8,99800,4.00,11.0,17.0,20.0,0.0553,0
2023-05-27 15:29:54,1685215794,33.1,16.9,99800,7.00,14.0,20.0,23.0,0.0713,0
2023-05-27 15:32:17,1685215937,33.2,17.0,99738,4.00,6.00,7.00,7.00,0.0425,0
2023-05-27 15:39:54,1685216395,33.2,16.9,99700,2.00,3.00,4.00,4.00,0.0484,0
2023-05-27 15:44:59,1685216699,33.3,17.1,99700,5.00,5.00,7.00,8.00,0.0868,0
2023-05-27 15:48:34,1685216915,33.4,16.9,99700,5.00,9.00,12.0,14.0,0.0222,0
2023-05-27 15:59:57,1685217597,33.7,16.2,99700,4.00,4.00,4.00,4.00,0.0132,0
2023-05-27 16:04:43,1685217884,33.8,16.5,99700,3.00,4.00,5.00,5.00,0.0432,0
2023-05-27 16:05:54,1685217954,33.9,16.0,99700,3.00,4.00,6.00,7.00,0.0174,0
2023-05-27 16:14:45,1685218485,34.2,15.7,99700,14.0,37.0,55.0,64.0,0.948,0
2023-05-27 16:19:49,1685218790,34.2,15.4,99700,3.00,11.0,17.0,19.0,1.19,0
2023-05-27 16:22:11,1685218932,34.1,15.5,99700,2.00,4.00,5.00,6.00,0.827,0
2023-05-27 16:29:52,1685219392,34.1,15.5,99700,2.00,3.00,4.00,4.00,1.27,0
2023-05-27 16:34:56,1685219696,34.1,15.1,99700,3.00,5.00,6.00,7.00,1.27,0
2023-05-27 16:38:12,1685219892,34.2,15.2,99700,4.00,6.00,8.00,9.00,0.0294,0
2023-05-27 16:49:48,1685220588,34.6,14.8,99700,2.00,3.00,4.00,4.00,0.0380,0
2023-05-27 16:54:33,1685220874,34.7,14.5,99700,4.00,9.00,14.0,16.0,0.0162,0
2023-05-27 17:04:51,1685221491,34.7,14.3,99688,4.00,4.00,6.00,7.00,0.0162,0
2023-05-27 17:09:54,1685221795,34.9,14.2,99653,4.00,8.00,12.0,14.0,0.0277,0
2023-05-27 17:10:12,1685221812,35.0,13.9,99600,2.00,3.00,4.00,5.00,0.0106,0
2023-05-27 17:19:46,1685222387,35.1,13.9,99600,3.00,5.00,5.00,6.00,0.0155,0
2023-05-27 17:24:50,1685222690,35.1,13.9,99600,4.00,10.0,15.0,17.0,0.0363,0
2023-05-27 17:25:43,1685222744,35.2,14.1,99600,1.00,2.00,3.00,4.00,0.0101,0
2023-05-27 17:34:48,1685223289,35.5,13.4,99600,5.00,6.00,7.00,7.00,0.0331,0
2023-05-27 17:39:52,1685223592,35.5,13.2,99600,3.00,5.00,6.00,7.00,0.0273,0
2023-05-27 17:43:07,1685223787,35.6,13.4,99600,5.00,14.0,22.0,25.0,0.0120,0
2023-05-27 17:49:52,1685224192,36.0,12.9,99600,2.00,3.00,4.00,4.00,0.0335,0
2023-05-27 17:54:55,1685224495,36.1,12.9,99600,6.00,8.00,11.0,13.0,0.0574,0
2023-05-27 17:57:53,1685224673,36.1,12.8,99600,4.00,7.00,10.0,11.0,0.0348,0
2023-05-27 18:09:58,1685225398,35.6,13.2,99600,2.00,3.00,3.00,3.00,0.0175,0
2023-05-27 18:14:43,1685225684,35.7,13.0,99600,3.00,5.00,7.00,8.00,0.0302,0
2023-05-27 18:15:18,1685225719,35.7,12.9,99600,3.00,3.00,4.00,4.00,0.0244,0
2023-05-27 18:24:42,1685226282,35.7,13.2,99600,4.00,4.00,6.00,6.00,0.0244,0
2023-05-27 18:29:45,1685226586,35.9,13.0,99600,4.00,6.00,8.00,8.00,0.0147,0
2023-05-27 18:30:21,1685226622,35.9,13.6,99600,2.00,2.00,2.00,2.00,0.0157,0
2023-05-27 18:39:43,1685227184,35.9,12.8,99600,5.00,6.00,8.00,9.00,0.0344,0
2023-05-27 18:44:47,1685227487,35.9,12.9,99506,4.00,8.00,11.0,12.0,0.0376,0
2023-05-27 18:46:34,1685227594,36.0,12.9,99500,3.00,8.00,11.0,13.0,0.0299,0
2023-05-27 18:59:58,1685228398,35.7,13.2,99500,4.00,7.00,8.00,9.00,0.0299,0
2023-05-27 19:03:49,1685228630,35.6,13.3,99500,4.00,5.00,7.00,7.00,0.0140,0
2023-05-27 19:09:57,1685228997,35.2,14.5,99500,1.00,2.00,3.00,3.00,0.0125,0
2023-05-27 19:14:43,1685229283,35.2,14.1,99500,4.00,4.00,6.00,6.00,0.0127,0
2023-05-27 19:19:47,1685229587,35.1,14.5,99500,3.00,4.00,5.00,5.00,0.0126,0
2023-05-27 19:24:51,1685229891,35.0,14.7,99500,4.00,5.00,6.00,6.00,0.0108,0
2023-05-27 19:29:55,1685230196,34.9,15.1,99500,4.00,7.00,10.0,11.0,0.0180,0
2023-05-27 19:34:42,1685230482,34.6,15.0,99500,4.00,7.00,9.00,10.0,0.0306,0
2023-05-27 19:39:46,1685230787,34.0,15.5,99500,4.00,5.00,7.00,7.00,0.0275,0
2023-05-27 19:44:52,1685231092,33.3,16.1,99500,5.00,9.00,13.0,15.0,0.0222,0
2023-05-27 19:49:58,1685231398,32.5,17.4,99500,5.00,6.00,9.00,10.0,0.0296,0
2023-05-27 19:54:46,1685231686,31.7,18.2,99556,4.00,9.00,13.0,15.0,0.0188,0
2023-05-27 19:59:53,1685231993,30.9,19.3,99600,3.00,5.00,6.00,7.00,0.0314,0
2023-05-27 20:04:42,1685232282,30.2,20.0,99600,5.00,5.00,6.00,6.00,0.0269,0
2023-05-27 20:09:49,1685232589,29.6,20.4,99600,7.00,7.00,7.00,7.00,0.0164,0
2023-05-27 20:14:57,1685232898,29.0,20.3,99600,5.00,12.0,17.0,20.0,0.0293,0
2023-05-27 20:19:47,1685233188,28.6,20.7,99600,5.00,5.00,6.00,7.00,0.0293,0
2023-05-27 20:24:56,1685233496,28.3,21.7,99600,5.00,6.00,8.00,9.00,0.0327,0
2023-05-27 20:29:46,1685233787,27.9,22.3,99600,5.00,7.00,11.0,12.0,0.0128,0
2023-05-27 20:34:55,1685234096,27.5,23.6,99600,4.00,4.00,7.00,8.00,0.0206,0
2023-05-27 20:39:47,1685234387,27.0,24.2,99600,5.00,7.00,9.00,10.0,0.0165,0
2023-05-27 20:44:56,1685234697,26.4,25.1,99600,5.00,7.00,8.00,9.00,0.0128,0
2023-05-27 20:49:48,1685234989,25.9,26.2,99600,3.00,5.00,6.00,6.00,0.0194,0
2023-05-27 20:54:58,1685235299,25.5,26.4,99600,4.00,6.00,7.00,8.00,0.0162,0
2023-05-27 20:59:50,1685235591,25.0,27.0,99600,5.00,8.00,11.0,12.0,0.0199,0
2023-05-27 21:04:43,1685235883,24.7,27.8,99600,4.00,6.00,7.00,8.00,0.0218,0
2023-05-27 21:09:54,1685236194,24.3,32.9,93741,4.00,5.00,8.00,9.00,0.0325,0
2023-05-27 21:14:47,1685236487,23.9,29.5,99600,4.00,7.00,10.0,11.0,0.0325,0
2023-05-27 21:19:58,1685236799,23.5,30.0,99600,4.00,6.00,8.00,9.00,0.0174,0
2023-05-27 21:24:52,1685237092,23.2,30.1,99600,5.00,9.00,12.0,14.0,0.0169,0
2023-05-27 21:29:45,1685237385,22.9,30.7,99600,5.00,10.0,15.0,17.0,0.0681,0
2023-05-27 21:34:57,1685237697,22.6,31.1,99600,4.00,5.00,6.00,7.00,0.0902,0
2023-05-27 21:39:50,1685237991,22.4,31.7,99600,4.00,8.00,11.0,13.0,0.0902,0
2023-05-27 21:44:44,1685238285,22.2,32.3,99600,4.00,7.00,10.0,12.0,0.0129,0
2023-05-27 21:49:57,1685238597,21.9,32.5,99600,4.00,7.00,9.00,10.0,0.0154,0
2023-05-27 21:54:51,1685238891,21.7,32.9,99600,3.00,6.00,8.00,9.00,0.0166,0
2023-05-27 21:59:45,1685239185,21.5,33.3,99600,4.00,10.0,16.0,18.0,0.0340,0
2023-05-27 22:04:57,1685239498,21.3,33.7,99600,5.00,7.00,9.00,10.0,0.0515,0
2023-05-27 22:09:52,1685239792,21.1,34.2,99600,4.00,5.00,7.00,8.00,0.0221,0
2023-05-27 22:14:46,1685240087,20.9,34.5,99600,5.00,7.00,8.00,9.00,0.0112,0
2023-05-27 22:19:59,1685240400,20.7,35.3,99600,4.00,6.00,8.00,9.00,0.0105,0
2023-05-27 22:24:54,1685240694,20.5,35.8,99600,5.00,6.00,9.00,10.0,0.0112,0
2023-05-27 22:29:49,1685240989,20.4,36.0,99600,3.00,5.00,7.00,8.00,0.0227,0
2023-05-27 22:34:44,1685241284,20.2,36.7,99600,5.00,8.00,12.0,13.0,0.0227,0
2023-05-27 22:39:57,1685241598,20.0,37.5,99600,4.00,6.00,9.00,10.0,0.0195,0
2023-05-27 22:44:52,1685241893,19.8,37.9,99600,4.00,7.00,10.0,12.0,0.0179,0
2023-05-27 22:49:48,1685242188,19.6,38.4,99600,4.00,8.00,13.0,15.0,0.0250,0
2023-05-27 22:54:43,1685242483,19.5,38.7,99600,5.00,5.00,5.00,5.00,0.0340,0
2023-05-27 22:59:57,1685242797,19.4,39.3,99600,4.00,6.00,8.00,9.00,0.0427,0
2023-05-27 23:04:53,1685243093,19.3,39.4,99600,4.00,5.00,7.00,8.00,0.0138,0
2023-05-27 23:09:48,1685243389,19.2,39.5,99600,5.00,9.00,13.0,15.0,0.0329,0
2023-05-27 23:14:44,1685243684,19.0,39.9,99600,4.00,5.00,6.00,6.00,0.0596,0
2023-05-27 23:19:58,1685243998,18.8,40.2,99600,5.00,9.00,13.0,16.0,0.0596,0
2023-05-27 23:24:54,1685244294,18.6,40.4,99600,4.00,8.00,12.0,13.0,0.0619,0
2023-05-27 23:29:49,1685244590,18.4,40.6,99600,3.00,6.00,9.00,10.0,0.0624,0
2023-05-27 23:34:45,1685244886,18.2,41.3,99600,5.00,7.00,8.00,9.00,0.0494,0
2023-05-27 23:39:41,1685245182,18.1,41.4,99600,7.00,10.0,13.0,14.0,0.0268,0
2023-05-27 23:44:56,1685245497,17.9,41.7,99600,5.00,11.0,15.0,18.0,0.0310,0
2023-05-27 23:49:52,1685245793,17.7,42.1,99600,5.00,9.00,12.0,13.0,0.0146,0
2023-05-27 23:54:49,1685246089,17.5,42.5,99600,4.00,5.00,6.00,8.00,0.0109,0
2023-05-27 23:59:45,1685246386,17.4,43.1,99600,3.00,6.00,9.00,10.0,0.0466,0
2023-05-28 00:04:42,1685246682,17.2,43.8,99600,5.00,11.0,16.0,19.0,0.0406,0
2023-05-28 00:09:57,1685246997,17.0,44.5,99600,5.00,5.00,6.00,6.00,0.0380,0
2023-05-28 00:14:53,1685247294,16.8,44.5,99600,4.00,5.00,7.00,8.00,0.0390,0
2023-05-28 00:19:50,1685247590,16.7,44.9,99600,5.00,9.00,12.0,14.0,0.0350,0
2023-05-28 00:24:47,1685247887,16.6,45.1,99600,6.00,7.00,9.00,10.0,0.0350,0
2023-05-28 00:29:44,1685248184,16.4,45.5,99600,4.00,6.00,8.00,9.00,0.0293,0
2023-05-28 00:34:59,1685248500,16.3,45.5,99600,6.00,8.00,9.00,9.00,0.0109,0
2023-05-28 00:39:56,1685248797,16.2,46.0,99600,5.00,8.00,11.0,12.0,0.0186,0
2023-05-28 00:44:53,1685249094,16.0,46.2,99600,4.00,5.00,7.00,8.00,0.0346,0
2023-05-28 00:49:50,1685249391,15.9,46.9,99600,5.00,8.00,9.00,10.0,0.0346,0
2023-05-28 00:54:47,1685249688,15.7,47.3,99600,4.00,7.00,8.00,9.00,0.0265,0
2023-05-28 00:59:45,1685249985,15.6,47.4,99600,6.00,10.0,14.0,15.0,0.0119,0
2023-05-28 01:04:42,1685250283,15.5,47.8,99600,3.00,6.00,7.00,8.00,0.0332,0
2023-05-28 01:09:58,1685250599,15.4,47.8,99600,4.00,7.00,10.0,12.0,0.0350,0
2023-05-28 01:14:56,1685250896,15.2,47.8,99600,3.00,5.00,7.00,8.00,0.0261,0
2023-05-28 01:19:53,1685251194,15.1,48.2,99600,5.00,8.00,11.0,13.0,0.0125,0
2023-05-28 01:24:51,1685251492,15.0,48.4,99600,4.00,6.00,7.00,7.00,0.0372,0
2023-05-28 01:29:49,1685251789,14.9,48.7,99600,5.00,9.00,13.0,14.0,0.0257,0
2023-05-28 01:34:46,1685252087,14.8,48.8,99600,4.00,5.00,6.00,6.00,0.0104,0
2023-05-28 01:39:44,1685252385,14.6,48.7,99600,6.00,7.00,9.00,10.0,0.0271,0
2023-05-28 01:44:42,1685252683,14.5,49.0,99600,6.00,11.0,15.0,17.0,0.0838,0
2023-05-28 01:49:59,1685252999,14.4,49.6,99600,7.00,9.00,11.0,12.0,0.0288,0
2023-05-28 01:54:57,1685253297,14.3,49.4,99600,4.00,6.00,7.00,7.00,0.0203,0
2023-05-28 01:59:55,1685253596,14.2,49.2,99600,4.00,6.00,8.00,9.00,0.0921,0
2023-05-28 02:04:53,1685253894,14.0,49.8,99600,3.00,8.00,11.0,13.0,0.0247,0
2023-05-28 02:09:52,1685254192,13.9,50.2,99600,4.00,10.0,15.0,17.0,0.0146,0
2023-05-28 02:14:50,1685254491,13.8,50.7,99600,4.00,6.00,8.00,9.00,0.0146,0
2023-05-28 02:19:48,1685254789,13.7,50.9,99600,5.00,8.00,10.0,11.0,0.0181,0
2023-05-28 02:24:47,1685255087,13.6,51.0,99600,5.00,8.00,11.0,12.0,0.0267,0
2023-05-28 02:29:45,1685255386,13.6,51.3,99600,4.00,6.00,7.00,8.00,0.0171,0
2023-05-28 02:34:44,1685255684,13.5,51.9,99600,5.00,7.00,9.00,10.0,0.0219,0
2023-05-28 02:39:42,1685255983,13.5,52.2,99600,4.00,6.00,9.00,10.0,0.0133,0
2023-05-28 02:44:59,1685256300,13.4,52.0,99600,5.00,8.00,13.0,15.0,0.0285,0
2023-05-28 02:49:58,1685256598,13.3,51.4,99600,4.00,4.00,7.00,8.00,0.0285,0
2023-05-28 02:54:57,1685256897,13.2,51.3,99600,4.00,10.0,15.0,17.0,0.0319,0
2023-05-28 02:59:55,1685257196,13.1,51.2,99600,4.00,5.00,6.00,7.00,0.0126,0
2023-05-28 03:04:54,1685257494,13.0,51.4,99600,4.00,7.00,10.0,11.0,0.0190,0
2023-05-28 03:09:53,1685257793,12.9,51.7,99600,4.00,6.00,8.00,9.00,0.0261,0
2023-05-28 03:14:51,1685258092,12.8,52.1,99600,6.00,7.00,8.00,8.00,0.0158,0
2023-05-28 03:19:50,1685258390,12.8,51.8,99600,7.00,8.00,11.0,13.0,0.0210,0
2023-05-28 03:24:49,1685258689,12.7,52.1,99600,5.00,6.00,9.00,10.0,0.0535,0
2023-05-28 03:29:48,1685258988,12.6,52.2,99600,5.00,9.00,12.0,14.0,0.0600,0
2023-05-28 03:34:47,1685259287,12.6,52.2,99600,4.00,6.00,8.00,9.00,0.0569,0
2023-05-28 03:39:46,1685259586,12.5,52.3,99600,5.00,7.00,8.00,8.00,0.0272,0
2023-05-28 03:44:45,1685259885,12.4,53.3,99600,7.00,10.0,12.0,13.0,0.0253,0
2023-05-28 03:49:44,1685260184,12.4,55.1,99600,7.00,8.00,8.00,9.00,0.0399,0
2023-05-28 03:54:43,1685260483,12.5,55.1,99600,6.00,9.00,12.0,13.0,0.0226,0
2023-05-28 03:59:42,1685260782,12.5,54.6,99600,4.00,9.00,14.0,16.0,0.0137,0
2023-05-28 04:04:59,1685261100,12.5,54.9,99600,6.00,9.00,12.0,13.0,0.0523,0
2023-05-28 04:09:57,1685261398,12.5,55.2,99538,6.00,8.00,9.00,10.0,0.0743,0
2023-05-28 04:14:56,1685261697,12.5,55.0,99531,4.00,9.00,13.0,15.0,0.0957,0
2023-05-28 04:19:55,1685261996,12.4,54.9,99519,4.00,6.00,8.00,9.00,0.0343,0
2023-05-28 04:24:54,1685262295,12.4,54.4,99500,6.00,9.00,11.0,12.0,0.0179,0
2023-05-28 04:29:53,1685262594,12.3,54.3,99519,4.00,7.00,9.00,11.0,0.0139,0
2023-05-28 04:34:52,1685262893,12.2,54.4,99500,5.00,7.00,9.00,10.0,0.0261,0
2023-05-28 04:39:52,1685263192,12.1,54.8,99500,6.00,9.00,11.0,12.0,0.0261,0
2023-05-28 04:44:51,1685263491,12.1,54.8,99500,3.00,5.00,8.00,9.00,0.0161,0
2023-05-28 04:49:50,1685263790,12.1,54.4,99500,4.00,5.00,6.00,7.00,0.0382,0
2023-05-28 04:54:49,1685264090,12.0,53.7,99500,4.00,8.00,11.0,13.0,0.0382,0
2023-05-28 04:59:48,1685264389,11.9,53.0,99500,3.00,4.00,6.00,7.00,0.0313,0
2023-05-28 05:04:48,1685264688,11.7,52.4,99500,6.00,7.00,8.00,8.00,0.0311,0
2023-05-28 05:09:47,1685264987,11.6,52.2,99500,4.00,5.00,7.00,7.00,0.0202,0
2023-05-28 05:14:46,1685265287,11.4,52.2,99500,5.00,11.0,17.0,19.0,0.0152,0
2023-05-28 05:19:46,1685265586,11.3,52.5,99500,4.00,6.00,8.00,9.00,0.0172,0
2023-05-28 05:24:45,1685265886,11.3,52.9,99500,4.00,6.00,9.00,10.0,0.0266,0
2023-05-28 05:29:45,1685266185,11.2,52.6,99500,4.00,8.00,12.0,15.0,0.0266,0
2023-05-28 05:32:52,1685266372,11.2,52.3,99500,4.00,6.00,8.00,9.00,0.0395,0
2023-05-28 08:04:45,1685275486,22.5,37.9,99400,5.00,6.00,7.00,7.00,,
2023-05-28 08:07:11,1685275632,22.6,38.0,99400,5.00,9.00,12.0,14.0,,
2023-05-28 08:19:51,1685276391,23.2,36.6,99300,4.00,7.00,8.00,9.00,,
2023-05-28 08:24:42,1685276683,23.3,36.4,99300,6.00,8.00,10.0,11.0,,
2023-05-28 08:29:52,1685276993,23.4,36.0,99300,5.00,6.00,7.00,8.00,0.0124,0
2023-05-28 08:34:43,1685277284,23.5,36.1,99300,5.00,6.00,8.00,9.00,0.0124,0
2023-05-28 08:39:52,1685277592,23.9,35.4,99300,6.00,9.00,12.0,14.0,0.0148,0
2023-05-28 08:44:43,1685277884,24.2,35.0,99300,5.00,9.00,12.0,14.0,0.0179,0
2023-05-28 08:49:53,1685278194,24.3,34.4,99300,6.00,9.00,12.0,14.0,0.0768,0
2023-05-28 08:54:44,1685278484,24.5,34.1,99300,3.00,5.00,6.00,7.00,0.0950,0
2023-05-28 08:59:53,1685278794,24.6,34.0,99300,6.00,7.00,7.00,8.00,0.0919,0
2023-05-28 09:04:26,1685279066,24.8,33.8,99300,6.00,8.00,10.0,10.0,0.0196,0
2023-05-28 12:29:45,1685291386,33.4,22.1,98900,3.00,4.00,5.00,6.00,,
2023-05-28 12:34:51,1685291691,33.6,22.1,98900,7.00,8.00,8.00,9.00,,
2023-05-28 12:38:09,1685291889,33.6,21.8,98900,5.00,7.00,10.0,11.0,,
2023-05-28 12:49:51,1685292592,33.3,22.8,98900,2.00,2.00,3.00,3.00,,
2023-05-28 12:54:57,1685292897,33.4,22.2,98900,8.00,9.00,11.0,12.0,0.0179,0
2023-05-28 12:55:32,1685292933,33.4,22.2,98900,2.00,2.00,2.00,2.00,0.0126,0
2023-05-28 13:04:42,1685293483,33.6,22.3,98900,5.00,7.00,7.00,8.00,0.0161,0
2023-05-28 13:09:47,1685293788,33.7,22.1,98900,8.00,9.00,10.0,10.0,0.0209,0
2023-05-28 13:10:41,1685293842,33.7,21.9,98900,5.00,6.00,7.00,8.00,0.00998,0
2023-05-28 13:19:57,1685294398,34.0,20.0,98900,4.00,4.00,4.00,4.00,0.0116,0
2023-05-28 13:24:44,1685294685,34.2,19.6,98900,7.00,10.0,13.0,14.0,0.0268,0
2023-05-28 13:26:50,1685294811,34.5,19.9,98900,8.00,11.0,12.0,13.0,0.0339,0
2023-05-28 13:34:46,1685295287,35.5,18.5,98850,8.00,9.00,9.00,10.0,0.0339,0
2023-05-28 13:39:50,1685295591,35.6,18.6,98888,6.00,7.00,8.00,9.00,0.0280,0
2023-05-28 13:44:18,1685295859,35.7,18.3,98900,7.00,7.00,7.00,7.00,0.0242,0
2023-05-28 13:54:48,1685296488,35.3,18.5,98850,8.00,18.0,26.0,30.0,0.0316,0
2023-05-28 13:59:17,1685296757,35.1,18.5,98900,8.00,10.0,11.0,12.0,0.0326,0
2023-05-28 14:09:53,1685297394,35.3,18.8,98808,6.00,8.00,9.00,10.0,0.0738,0
2023-05-28 14:14:57,1685297698,35.8,18.2,98800,5.00,5.00,6.00,6.00,0.0738,0
2023-05-28 14:15:33,1685297733,36.1,18.0,98800,4.00,4.00,5.00,5.00,0.0109,0
2023-05-28 14:24:49,1685298289,36.4,17.8,98800,6.00,9.00,11.0,13.0,0.0133,0
2023-05-28 14:29:53,1685298593,36.4,17.4,98800,5.00,7.00,9.00,10.0,0.0188,0
2023-05-28 14:32:50,1685298771,36.3,17.7,98800,3.00,4.00,4.00,5.00,0.0114,0
2023-05-28 14:39:51,1685299192,36.6,16.3,98800,3.00,5.00,6.00,7.00,0.0245,0
2023-05-28 14:44:55,1685299495,36.6,16.1,98818,4.00,6.00,7.00,7.00,0.0350,0
2023-05-28 14:49:04,1685299744,36.6,15.5,98800,4.00,6.00,8.00,9.00,0.0143,0
2023-05-28 14:54:43,1685300083,36.7,15.9,98800,5.00,5.00,6.00,7.00,0.0125,0
2023-05-28 14:59:46,1685300387,36.7,15.4,98812,2.00,3.00,4.00,4.00,0.0219,0
2023-05-28 15:03:56,1685300636,36.7,15.1,98800,4.00,6.00,7.00,8.00,0.0218,0
2023-05-28 15:14:56,1685301296,36.4,14.2,98800,1.00,1.00,2.00,2.00,0.0133,0
2023-05-28 15:19:59,1685301599,36.4,13.9,98800,4.00,8.00,11.0,12.0,0.0441,0
2023-05-28 15:21:27,1685301687,36.4,13.5,98800,5.00,6.00,6.00,6.00,0.00883,0
2023-05-28 15:29:46,1685302186,36.6,12.9,98888,5.00,6.00,7.00,7.00,0.0210,0
2023-05-28 15:34:49,1685302489,36.6,12.8,98871,5.00,7.00,10.0,11.0,0.0391,0
2023-05-28 15:36:18,1685302578,36.5,12.7,98880,4.00,5.00,5.00,5.00,0.0391,0
2023-05-28 15:44:59,1685303100,36.1,11.8,98900,2.00,2.00,2.00,2.00,0.0325,0
2023-05-28 15:49:44,1685303384,36.0,12.0,98900,5.00,7.00,8.00,10.0,0.0325,0
2023-05-28 15:53:35,1685303615,36.0,11.8,98900,7.00,8.00,9.00,10.0,0.0257,0
2023-05-28 15:59:42,1685303982,35.9,9.65,98900,6.00,7.00,7.00,8.00,0.0295,0
2023-05-28 16:04:45,1685304286,35.8,9.84,98900,9.00,14.0,19.0,22.0,0.107,0
2023-05-28 16:09:48,1685304588,35.7,9.80,98900,8.00,9.00,10.0,11.0,0.107,0
2023-05-28 16:19:57,1685305198,35.7,9.82,98900,6.00,7.00,10.0,12.0,0.130,0
2023-05-28 16:24:43,1685305483,35.8,9.68,98900,7.00,16.0,22.0,26.0,0.130,0
2023-05-28 16:25:53,1685305554,35.8,9.43,98900,3.00,5.00,7.00,8.00,0.0415,0
2023-05-28 16:34:42,1685306083,35.8,9.01,98900,6.00,7.00,8.00,9.00,0.0640,0
2023-05-28 16:39:45,1685306386,35.8,8.46,98900,10.0,13.0,15.0,16.0,0.0690,0
2023-05-28 16:42:07,1685306528,35.7,8.58,98900,7.00,9.00,11.0,12.0,0.0529,0
2023-05-28 16:49:54,1685306995,35.3,8.29,98900,9.00,12.0,14.0,15.0,0.0529,0
2023-05-28 16:54:58,1685307298,35.2,8.36,98900,6.00,8.00,10.0,11.0,0.0276,0
2023-05-28 16:58:13,1685307494,35.1,8.64,98900,8.00,9.00,9.00,9.00,0.0225,0
2023-05-28 17:04:58,1685307899,35.4,8.50,98900,5.00,7.00,8.00,8.00,0.0177,0
2023-05-28 17:09:44,1685308184,35.4,8.71,98900,10.0,13.0,15.0,16.0,0.0426,0
2023-05-28 17:13:18,1685308398,35.5,8.88,98900,7.00,11.0,15.0,17.0,0.0435,0
2023-05-28 17:24:55,1685309096,35.8,8.68,99000,5.00,9.00,12.0,13.0,0.0352,0
2023-05-28 17:29:58,1685309399,35.8,8.90,99000,6.00,8.00,11.0,13.0,0.0320,0
2023-05-28 17:30:33,1685309434,35.8,8.32,99000,3.00,4.00,4.00,5.00,0.00740,0
2023-05-28 17:39:58,1685309999,35.5,7.99,99000,5.00,6.00,7.00,8.00,0.0155,0
2023-05-28 17:44:44,1685310284,35.3,8.21,99000,4.00,6.00,7.00,7.00,0.0578,0
2023-05-28 17:46:48,1685310409,35.3,8.39,99000,4.00,6.00,7.00,8.00,0.0146,0
2023-05-28 17:54:42,1685310883,35.2,8.53,99000,4.00,6.00,8.00,9.00,0.0111,0
2023-05-28 17:59:46,1685311186,34.9,9.04,99000,5.00,7.00,8.00,9.00,0.0187,0
2023-05-28 18:01:51,1685311311,34.4,9.98,99000,4.00,7.00,9.00,10.0,0.0187,0
2023-05-28 18:14:42,1685312082,34.5,10.8,99021,5.00,11.0,16.0,18.0,0.0285,0
2023-05-28 18:19:09,1685312350,34.5,10.5,99100,4.00,6.00,7.00,7.00,0.0285,0
2023-05-28 18:29:47,1685312988,34.3,11.1,99100,5.00,6.00,8.00,9.00,0.0380,0
2023-05-28 18:34:16,1685313256,34.2,11.5,99100,5.00,9.00,12.0,14.0,0.0421,0
2023-05-28 18:44:49,1685313889,34.0,11.6,99100,3.00,5.00,6.00,7.00,0.0216,0
2023-05-28 18:49:53,1685314194,33.8,11.9,99100,3.00,4.00,5.00,6.00,0.0221,0
2023-05-28 18:50:29,1685314229,33.7,12.2,99100,3.00,5.00,7.00,8.00,0.00830,0
2023-05-28 18:59:44,1685314784,33.2,12.1,99100,4.00,8.00,11.0,13.0,0.0146,0
2023-05-28 19:04:48,1685315089,33.0,12.0,99112,4.00,10.0,15.0,18.0,0.0383,0
2023-05-28 19:07:47,1685315267,32.7,12.3,99200,3.00,4.00,6.00,7.00,0.0184,0
2023-05-28 19:14:52,1685315692,32.2,12.1,99200,2.00,4.00,5.00,6.00,0.00931,0
2023-05-28 19:19:57,1685315998,32.0,12.1,99200,4.00,4.00,5.00,6.00,0.0384,0
2023-05-28 19:23:50,1685316231,31.8,12.4,99200,3.00,4.00,6.00,7.00,0.0207,0
2023-05-28 19:34:49,1685316889,31.1,12.8,99200,5.00,7.00,8.00,8.00,0.0158,0
2023-05-28 19:39:55,1685317196,30.5,12.7,99200,4.00,7.00,9.00,11.0,0.0186,0
2023-05-28 19:44:44,1685317484,29.8,13.3,99200,3.00,5.00,6.00,6.00,0.0130,0
2023-05-28 19:49:52,1685317792,28.8,13.8,99288,3.00,3.00,4.00,5.00,0.0139,0
2023-05-28 19:54:42,1685318082,27.9,14.4,99300,3.00,4.00,5.00,6.00,0.00941,0
2023-05-28 19:59:51,1685318391,27.2,15.0,99300,5.00,8.00,10.0,12.0,0.0107,0
2023-05-28 20:04:42,1685318682,26.6,15.5,99300,4.00,5.00,7.00,7.00,0.0294,0
2023-05-28 20:09:52,1685318992,26.1,15.6,99300,3.00,5.00,7.00,8.00,0.0227,0
2023-05-28 20:14:43,1685319284,25.6,15.8,99300,2.00,4.00,6.00,7.00,0.0164,0
2023-05-28 20:19:54,1685319594,25.2,16.1,99300,3.00,5.00,6.00,6.00,0.0122,0
2023-05-28 20:24:46,1685319887,24.8,16.3,99300,4.00,6.00,7.00,8.00,0.0122,0
2023-05-28 20:29:57,1685320197,24.4,16.8,99312,4.00,7.00,10.0,12.0,0.0153,0
2023-05-28 20:34:50,1685320490,24.1,17.0,99394,4.00,7.00,9.00,10.0,0.0224,0
2023-05-28 20:39:43,1685320783,23.7,17.4,99400,3.00,5.00,6.00,7.00,0.0372,0
2023-05-28 20:44:54,1685321095,23.4,17.7,99400,2.00,4.00,5.00,6.00,0.0169,0
2023-05-28 20:49:48,1685321388,23.1,17.9,99400,4.00,5.00,6.00,6.00,0.0119,0
2023-05-28 20:54:41,1685321682,22.8,18.3,93188,3.00,4.00,5.00,6.00,0.0119,0
2023-05-28 20:59:53,1685321994,22.5,18.7,99400,4.00,7.00,9.00,10.0,0.0133,0
2023-05-28 21:04:47,1685322287,22.2,19.0,99400,6.00,10.0,13.0,15.0,0.0580,0
2023-05-28 21:09:59,1685322600,22.0,19.6,99400,6.00,7.00,9.00,11.0,0.0718,0
2023-05-28 21:14:53,1685322894,21.7,19.9,99481,3.00,7.00,10.0,11.0,0.0390,0
2023-05-28 21:19:48,1685323188,21.4,20.5,99500,3.00,5.00,7.00,8.00,0.0422,0
2023-05-28 21:24:42,1685323483,21.0,21.4,99500,5.00,7.00,8.00,9.00,0.0320,0
2023-05-28 21:29:55,1685323796,20.6,21.7,99500,4.00,8.00,11.0,13.0,0.0217,0
2023-05-28 21:34:50,1685324091,20.2,22.1,99500,5.00,10.0,13.0,15.0,0.0362,0
2023-05-28 21:39:45,1685324385,20.0,22.9,99500,3.00,5.00,7.00,8.00,0.0468,0
2023-05-28 21:44:58,1685324699,19.7,23.7,99500,3.00,5.00,7.00,8.00,0.0255,0
2023-05-28 21:49:54,1685324994,19.3,24.2,99500,4.00,7.00,9.00,10.0,0.0161,0
2023-05-28 21:54:49,1685325290,19.0,24.9,99500,5.00,10.0,15.0,17.0,0.105,0
2023-05-28 21:59:45,1685325586,18.7,25.6,99506,4.00,5.00,6.00,7.00,0.0533,0
2023-05-28 22:04:59,1685325900,18.4,26.0,99571,5.00,8.00,10.0,11.0,0.0758,0
2023-05-28 22:09:55,1685326196,18.0,26.1,99600,4.00,8.00,12.0,13.0,0.0485,0
2023-05-28 22:14:51,1685326492,17.7,26.5,99600,4.00,9.00,12.0,14.0,0.0330,0
2023-05-28 22:19:48,1685326788,17.4,27.3,99600,4.00,8.00,10.0,11.0,0.0216,0
2023-05-28 22:24:44,1685327085,17.0,27.6,99600,5.00,8.00,11.0,12.0,0.0285,0
2023-05-28 22:29:59,1685327400,16.7,28.2,99600,6.00,11.0,16.0,19.0,0.0213,0
2023-05-28 22:34:56,1685327697,16.5,28.7,99600,4.00,6.00,7.00,8.00,0.0134,0
2023-05-28 22:39:53,1685327994,16.3,29.4,99600,3.00,6.00,8.00,9.00,0.0215,0
2023-05-28 22:44:50,1685328291,16.1,29.5,99600,5.00,8.00,10.0,12.0,0.0126,0
2023-05-28 22:49:47,1685328588,16.0,29.7,99600,4.00,6.00,7.00,8.00,0.0220,0
2023-05-28 22:54:44,1685328885,15.8,30.1,99600,4.00,5.00,6.00,6.00,0.0636,0
2023-05-28 22:59:42,1685329182,15.6,30.7,99600,3.00,6.00,8.00,9.00,0.0296,0
2023-05-28 23:04:58,1685329498,15.4,30.9,99600,4.00,4.00,5.00,6.00,0.0147,0
2023-05-28 23:09:55,1685329796,15.2,31.5,99600,4.00,7.00,11.0,13.0,0.0145,0
2023-05-28 23:14:53,1685330093,15.0,31.7,99600,4.00,7.00,11.0,13.0,0.0389,0
2023-05-28 23:19:51,1685330391,14.8,32.0,99600,3.00,6.00,9.00,11.0,0.0449,0
2023-05-28 23:24:48,1685330689,14.6,32.2,99600,3.00,7.00,10.0,12.0,0.0317,0
2023-05-28 23:29:46,1685330987,14.4,32.9,99600,5.00,10.0,13.0,15.0,0.0520,0
2023-05-28 23:34:44,1685331285,14.3,33.0,99613,5.00,6.00,9.00,10.0,0.0406,0
2023-05-28 23:39:43,1685331583,14.1,33.2,99694,5.00,9.00,11.0,13.0,0.0144,0
2023-05-28 23:44:59,1685331900,13.9,34.2,99688,4.00,10.0,16.0,18.0,0.0173,0
2023-05-28 23:49:57,1685332198,13.8,34.3,99688,4.00,4.00,6.00,7.00,0.0169,0
2023-05-28 23:54:55,1685332496,13.8,34.1,99700,3.00,7.00,10.0,11.0,0.0284,0
2023-05-28 23:59:54,1685332794,13.8,34.4,99700,4.00,6.00,8.00,9.00,0.00987,0
2023-05-29 00:04:52,1685333092,13.9,34.4,99700,5.00,10.0,14.0,16.0,0.0115,0
2023-05-29 00:09:50,1685333391,13.9,34.5,99700,5.00,6.00,7.00,8.00,0.0237,0
2023-05-29 00:14:49,1685333689,13.8,34.9,99700,2.00,5.00,7.00,8.00,0.0482,0
2023-05-29 00:19:47,1685333988,13.7,34.7,99700,5.00,9.00,13.0,15.0,0.0362,0
2023-05-29 00:24:45,1685334286,13.5,35.0,99694,3.00,3.00,4.00,4.00,0.0480,0
2023-05-29 00:29:44,1685334585,13.4,35.5,99675,4.00,7.00,9.00,11.0,0.0436,0
2023-05-29 00:34:43,1685334883,13.4,37.1,99600,4.00,7.00,9.00,11.0,0.0436,0
2023-05-29 00:39:41,1685335182,13.3,37.2,99600,2.00,5.00,7.00,8.00,0.0500,0
2023-05-29 00:44:59,1685335499,13.2,36.5,99600,4.00,9.00,13.0,15.0,0.0475,0
2023-05-29 00:49:57,1685335798,13.3,36.2,99644,3.00,5.00,8.00,9.00,0.0541,0
2023-05-29 00:54:56,1685336097,13.5,36.3,99700,7.00,10.0,13.0,14.0,0.0339,0
2023-05-29 00:59:55,1685336395,13.5,35.7,99700,3.00,6.00,8.00,10.0,0.0179,0
2023-05-29 01:04:53,1685336694,13.4,35.4,99700,3.00,7.00,10.0,12.0,0.0144,0
2023-05-29 01:09:52,1685336993,13.2,35.4,99700,4.00,10.0,14.0,17.0,0.0176,0
2023-05-29 01:14:51,1685337291,13.0,36.2,99700,4.00,5.00,7.00,8.00,0.0240,0
2023-05-29 01:19:50,1685337590,12.7,36.4,99700,4.00,7.00,11.0,12.0,0.0520,0
2023-05-29 01:24:48,1685337889,12.4,36.3,99700,3.00,5.00,7.00,8.00,0.0295,0
2023-05-29 01:29:48,1685338188,12.2,36.7,99700,5.00,6.00,9.00,10.0,0.0298,0
2023-05-29 01:34:47,1685338487,12.0,37.3,99700,5.00,6.00,8.00,9.00,0.0226,0
2023-05-29 01:39:46,1685338787,11.8,37.1,99700,3.00,6.00,8.00,9.00,0.0127,0
2023-05-29 01:44:46,1685339086,11.6,38.1,99700,4.00,7.00,10.0,12.0,0.0146,0
2023-05-29 01:49:45,1685339385,11.5,38.6,99700,3.00,5.00,7.00,9.00,0.0218,0
2023-05-29 01:54:44,1685339685,11.4,38.9,99700,3.00,6.00,9.00,11.0,0.0218,0
2023-05-29 01:59:44,1685339984,11.3,40.4,99700,5.00,10.0,14.0,16.0,0.0200,0
2023-05-29 02:04:43,1685340284,11.3,40.4,99700,5.00,8.00,12.0,13.0,0.0311,0
2023-05-29 02:09:43,1685340583,11.3,39.7,99700,3.00,4.00,6.00,6.00,0.0209,0
2023-05-29 02:14:43,1685340883,11.2,39.5,99700,4.00,5.00,7.00,8.00,0.0383,0
2023-05-29 02:19:42,1685341183,11.1,39.5,99700,4.00,8.00,11.0,13.0,0.0266,0
2023-05-29 02:24:42,1685341482,11.1,39.5,99763,4.00,7.00,9.00,10.0,0.0288,0
2023-05-29 02:29:42,1685341782,11.2,39.5,99794,3.00,5.00,7.00,8.00,0.0544,0
2023-05-29 02:34:41,1685342082,11.6,39.5,99800,3.00,6.00,9.00,10.0,0.0326,0
2023-05-29 02:39:59,1685342400,11.9,38.5,99800,3.00,5.00,7.00,9.00,0.0326,0
2023-05-29 02:44:58,1685342699,12.2,37.6,99800,2.00,7.00,11.0,13.0,0.0124,0
2023-05-29 02:49:58,1685342998,12.5,36.9,99800,4.00,9.00,12.0,14.0,0.0230,0
2023-05-29 02:54:57,1685343297,12.8,36.3,99800,3.00,6.00,9.00,10.0,0.0311,0
2023-05-29 02:59:55,1685343596,13.0,36.3,99800,5.00,11.0,15.0,17.0,0.0206,0
2023-05-29 03:04:54,1685343895,12.9,36.2,99800,3.00,8.00,12.0,14.0,0.0363,0
2023-05-29 03:09:53,1685344194,12.8,36.0,99800,3.00,6.00,8.00,9.00,0.0445,0
2023-05-29 03:14:52,1685344493,12.6,36.5,99800,3.00,5.00,8.00,10.0,0.0402,0
2023-05-29 03:19:52,1685344792,12.5,36.2,99800,3.00,4.00,6.00,6.00,0.0318,0
2023-05-29 03:24:51,1685345091,12.5,35.7,99800,3.00,5.00,7.00,8.00,0.0175,0
2023-05-29 03:29:50,1685345390,12.8,35.1,99800,2.00,4.00,6.00,7.00,0.0232,0
2023-05-29 03:34:48,1685345689,13.2,34.5,99800,2.00,6.00,9.00,11.0,0.0232,0
2023-05-29 03:39:47,1685345988,13.3,34.8,99800,3.00,4.00,5.00,6.00,0.0199,0
2023-05-29 03:44:46,1685346286,13.3,34.6,99800,2.00,5.00,7.00,9.00,0.0155,0
2023-05-29 03:49:44,1685346585,13.1,34.3,99800,2.00,6.00,10.0,12.0,0.0335,0
2023-05-29 03:54:43,1685346884,12.9,34.6,99800,3.00,4.00,6.00,7.00,0.0335,0
2023-05-29 03:59:42,1685347183,12.7,34.7,99800,3.00,6.00,9.00,10.0,0.0243,0
2023-05-29 04:04:41,1685347482,12.5,35.4,99850,4.00,6.00,9.00,10.0,0.0132,0
2023-05-29 04:09:59,1685347800,12.3,36.2,99882,5.00,10.0,14.0,16.0,0.0523,0
2023-05-29 04:14:58,1685348099,12.1,37.3,99900,4.00,6.00,9.00,11.0,0.0530,0
2023-05-29 04:19:58,1685348398,11.9,38.3,99900,3.00,6.00,8.00,9.00,0.0569,0
2023-05-29 04:24:57,1685348698,11.7,39.2,99900,3.00,7.00,11.0,13.0,0.0276,0
2023-05-29 04:29:57,1685348997,11.5,39.6,99900,3.00,6.00,9.00,10.0,0.0460,0
2023-05-29 04:34:56,1685349297,11.2,39.5,99900,3.00,4.00,5.00,6.00,0.0603,0
2023-05-29 04:39:56,1685349596,11.0,39.5,99900,3.00,6.00,9.00,11.0,0.0269,0
2023-05-29 04:44:56,1685349896,10.8,39.5,99900,4.00,8.00,11.0,13.0,0.0269,0
2023-05-29 04:49:56,1685350196,10.6,39.7,99900,4.00,6.00,7.00,8.00,0.0134,0
2023-05-29 04:54:56,1685350496,10.4,39.8,99900,2.00,5.00,8.00,9.00,0.0241,0
2023-05-29 04:59:56,1685350796,10.2,40.5,99900,4.00,5.00,7.00,8.00,0.0134,0
2023-05-29 05:04:56,1685351096,9.99,40.7,99900,3.00,5.00,8.00,10.0,0.0165,0
2023-05-29 05:09:56,1685351397,9.78,41.3,99944,3.00,6.00,7.00,8.00,0.0238,0
2023-05-29 05:14:57,1685351697,9.57,42.0,100000,2.00,4.00,6.00,6.00,0.0227,0
2023-05-29 05:19:57,1685351997,9.64,43.0,100000,5.00,15.0,23.0,27.0,0.0432,0
2023-05-29 05:24:57,1685352298,9.65,42.6,100000,3.00,8.00,11.0,13.0,0.0733,0
2023-05-29 05:29:57,1685352598,9.62,42.5,100000,3.00,5.00,7.00,8.00,0.0828,0
2023-05-29 05:30:54,1685352654,9.58,42.3,100000,1.00,2.00,2.00,2.00,0.0828,0
2023-05-29 08:19:48,1685362789,20.1,26.5,100100,2.00,4.00,7.00,8.00,,
2023-05-29 08:20:25,1685362825,20.2,26.4,100100,2.00,2.00,3.00,3.00,,
2023-05-29 08:59:45,1685365186,20.4,24.8,100100,2.00,4.00,6.00,7.00,,
2023-05-29 09:04:57,1685365497,20.4,25.1,100100,3.00,8.00,13.0,15.0,,
2023-05-29 09:09:50,1685365790,20.6,24.8,100100,3.00,7.00,10.0,11.0,,
2023-05-29 09:14:43,1685366084,20.7,23.9,100100,3.00,8.00,13.0,15.0,0.0215,0
2023-05-29 09:15:20,1685366121,20.6,24.5,100100,1e-7,2.00,3.00,3.00,0.00763,0
2023-05-29 09:32:10,1685367131,20.6,25.3,100100,1.00,2.00,2.00,3.00,0.0116,0
2023-05-29 12:34:54,1685378094,24.6,21.9,100000,2.00,6.00,9.00,11.0,,
2023-05-29 12:39:45,1685378386,24.6,22.4,100000,4.00,9.00,14.0,16.0,,
2023-05-29 12:44:56,1685378696,24.8,21.9,100000,2.00,4.00,5.00,6.00,,
2023-05-29 12:46:09,1685378769,24.8,21.8,100000,1.00,2.00,3.00,4.00,0.0175,0
2023-05-29 13:02:28,1685379749,25.8,21.7,100000,2.00,3.00,4.00,4.00,0.0175,0
2023-05-29 13:14:45,1685380486,26.0,20.3,100000,2.00,4.00,6.00,7.00,0.0181,0
2023-05-29 13:19:00,1685380740,26.0,20.3,100000,2.00,5.00,8.00,9.00,0.0176,0
2023-05-29 13:34:47,1685381687,26.2,20.7,100000,5.00,6.00,9.00,10.0,0.0228,0
2023-05-29 13:35:23,1685381723,26.3,20.8,100000,1.00,2.00,3.00,3.00,0.0227,0
2023-05-29 13:44:56,1685382297,26.3,20.5,100000,4.00,11.0,17.0,20.0,0.0227,0
2023-05-29 13:49:46,1685382587,26.3,20.5,100000,7.00,11.0,14.0,15.0,0.0654,0
2023-05-29 13:51:35,1685382696,26.4,20.5,100000,3.00,4.00,5.00,5.00,0.0732,0
2023-05-29 14:04:58,1685383499,26.9,20.5,100000,3.00,3.00,3.00,3.00,0.0732,0
2023-05-29 14:08:00,1685383680,27.0,20.1,99920,2.00,4.00,6.00,6.00,0.0585,0
2023-05-29 14:19:57,1685384397,27.1,19.8,99900,3.00,4.00,5.00,6.00,0.0284,0
2023-05-29 14:24:11,1685384651,27.1,19.8,99900,3.00,5.00,7.00,9.00,0.0167,0
2023-05-29 14:34:55,1685385295,27.2,20.0,99900,3.00,4.00,5.00,6.00,0.00906,0
2023-05-29 14:39:45,1685385585,27.3,19.9,99900,2.00,4.00,6.00,7.00,0.0110,0
2023-05-29 14:40:39,1685385639,27.4,19.8,99900,1.00,1.00,1.00,1.00,0.0123,0
2023-05-29 14:54:48,1685386489,27.4,19.9,99900,2.00,3.00,5.00,5.00,0.0165,0
2023-05-29 14:56:55,1685386616,27.5,20.0,99900,1.00,4.00,6.00,7.00,0.0171,0
2023-05-29 15:09:55,1685387395,27.4,19.8,99900,3.00,6.00,9.00,10.0,0.0392,0
2023-05-29 15:14:26,1685387666,27.6,19.6,99900,2.00,4.00,7.00,8.00,0.0392,0
2023-05-29 15:24:50,1685388290,27.6,19.2,99900,5.00,17.0,26.0,30.0,0.0456,0
2023-05-29 15:29:57,1685388598,27.5,19.1,99900,2.00,4.00,7.00,8.00,0.0874,0
2023-05-29 15:30:33,1685388633,27.4,18.9,99900,1.00,5.00,8.00,9.00,0.0226,0
2023-05-29 15:39:53,1685389193,27.3,19.6,99900,2.00,3.00,3.00,4.00,0.0697,0
2023-05-29 15:44:42,1685389483,27.5,19.4,99900,2.00,5.00,8.00,9.00,0.0718,0
2023-05-29 15:45:55,1685389555,27.5,19.3,99900,1.00,2.00,2.00,2.00,0.0258,0
2023-05-29 15:54:48,1685390088,27.6,18.9,99888,2.00,3.00,4.00,5.00,0.0125,0
2023-05-29 15:59:55,1685390395,27.7,19.0,99876,2.00,3.00,5.00,6.00,0.0130,0
2023-05-29 16:03:13,1685390594,27.9,18.6,99864,1.00,3.00,5.00,6.00,0.0182,0
2023-05-29 16:09:41,1685390982,28.0,18.4,99800,2.00,5.00,8.00,9.00,0.0182,0
2023-05-29 16:14:49,1685391289,28.0,18.7,99800,3.00,5.00,8.00,10.0,0.0212,0
2023-05-29 16:19:19,1685391559,28.2,18.2,99800,2.00,6.00,10.0,11.0,0.0200,0
2023-05-29 16:29:43,1685392183,27.9,17.7,99800,1.00,2.00,3.00,3.00,0.0131,0
2023-05-29 16:34:50,1685392490,27.9,17.9,99800,3.00,5.00,7.00,8.00,0.0402,0
2023-05-29 16:35:43,1685392544,28.0,17.9,99800,2.00,3.00,4.00,5.00,0.0369,0
2023-05-29 16:44:57,1685393097,28.2,17.3,99800,3.00,9.00,14.0,17.0,0.0535,0
2023-05-29 16:49:46,1685393386,28.3,17.5,99800,2.00,8.00,13.0,15.0,0.0663,0
2023-05-29 16:50:58,1685393458,28.4,17.2,99800,1.00,6.00,10.0,11.0,0.0118,0
2023-05-29 16:59:50,1685393990,28.5,17.1,99800,3.00,3.00,4.00,5.00,0.0118,0
2023-05-29 17:04:56,1685394297,28.5,16.8,99800,3.00,8.00,13.0,15.0,0.0319,0
2023-05-29 17:07:03,1685394423,28.6,16.8,99800,1.00,3.00,4.00,5.00,0.0127,0
2023-05-29 17:19:57,1685395197,28.8,16.5,99800,2.00,3.00,5.00,6.00,0.0445,0
2023-05-29 17:24:45,1685395485,28.8,16.4,99800,2.00,6.00,9.00,11.0,0.0291,0
2023-05-29 17:34:47,1685396087,28.9,16.2,99800,1.00,3.00,5.00,6.00,0.0125,0
2023-05-29 17:39:35,1685396376,28.8,15.9,99800,2.00,5.00,7.00,9.00,0.0127,0
2023-05-29 17:49:48,1685396989,28.3,16.4,99800,1.00,3.00,5.00,5.00,0.0162,0
2023-05-29 17:54:55,1685397296,28.3,16.5,99800,2.00,4.00,6.00,8.00,0.0193,0
2023-05-29 17:57:01,1685397421,28.2,16.5,99800,1.00,3.00,4.00,5.00,0.0155,0
2023-05-29 18:04:42,1685397882,27.8,16.8,99800,8.00,22.0,34.0,39.0,0.0451,0
2023-05-29 18:09:49,1685398190,27.9,16.9,99800,9.00,22.0,33.0,38.0,1.95,0
2023-05-29 18:12:14,1685398335,28.1,16.7,99800,2.00,5.00,7.00,8.00,1.68,0
2023-05-29 18:19:54,1685398795,28.1,16.3,99800,1.00,4.00,7.00,8.00,0.404,0
2023-05-29 18:24:43,1685399083,28.1,16.2,99800,2.00,6.00,8.00,9.00,1.31,0
2023-05-29 18:28:38,1685399318,28.3,16.3,99800,2.00,4.00,6.00,6.00,0.758,0
2023-05-29 18:39:47,1685399987,28.8,15.6,99800,1.00,2.00,3.00,4.00,0.0295,0
2023-05-29 18:44:53,1685400294,28.8,15.6,99800,2.00,6.00,10.0,11.0,0.0160,0
2023-05-29 18:46:05,1685400365,28.9,15.4,99800,1.00,2.00,3.00,4.00,0.0112,0
2023-05-29 18:54:58,1685400898,28.9,15.0,99800,1.00,3.00,4.00,5.00,0.0139,0
2023-05-29 18:59:47,1685401187,28.7,15.2,99800,5.00,16.0,25.0,30.0,0.183,0
2023-05-29 19:00:59,1685401259,28.6,15.2,99800,1.00,2.00,3.00,4.00,0.252,0
2023-05-29 19:09:49,1685401790,28.7,15.6,99800,1.00,3.00,5.00,6.00,0.275,0
2023-05-29 19:14:56,1685402097,28.9,15.5,99800,32.0,106,166,195,0.376,0
2023-05-29 19:17:21,1685402241,29.1,15.4,99800,2.00,6.00,9.00,11.0,0.376,0
2023-05-29 19:29:58,1685402998,28.7,16.3,99807,1.00,6.00,10.0,12.0,0.352,0
2023-05-29 19:34:47,1685403288,28.2,17.7,99888,2.00,4.00,6.00,7.00,0.352,0
2023-05-29 19:39:56,1685403596,27.5,18.9,99900,1.00,3.00,6.00,7.00,0.0269,0
2023-05-29 19:44:46,1685403887,26.5,19.7,99900,4.00,7.00,9.00,10.0,0.0286,0
2023-05-29 19:49:56,1685404196,25.5,21.1,99900,2.00,4.00,7.00,9.00,0.0310,0
2023-05-29 19:54:47,1685404488,24.5,22.5,99900,3.00,5.00,7.00,8.00,0.0222,0
2023-05-29 19:59:59,1685404799,23.7,23.8,99900,2.00,4.00,6.00,7.00,0.0168,0
2023-05-29 20:04:51,1685405092,22.8,24.6,99900,2.00,7.00,11.0,13.0,0.0124,0
2023-05-29 20:09:45,1685405385,22.0,26.0,99900,2.00,4.00,7.00,8.00,0.0147,0
2023-05-29 20:14:57,1685405697,21.2,26.5,99900,1.00,5.00,8.00,9.00,0.0150,0
2023-05-29 20:19:51,1685405992,20.6,27.8,99900,2.00,4.00,7.00,8.00,0.0163,0
2023-05-29 20:24:45,1685406286,20.0,28.6,99900,2.00,7.00,10.0,12.0,0.0235,0
2023-05-29 20:29:59,1685406599,19.4,29.8,99900,3.00,9.00,15.0,17.0,0.0690,0
2023-05-29 20:34:54,1685406894,18.9,30.3,99900,2.00,5.00,7.00,9.00,0.0781,0
2023-05-29 20:39:49,1685407190,18.3,30.4,99900,4.00,12.0,19.0,23.0,0.0822,0
2023-05-29 20:44:45,1685407485,17.7,31.7,99900,4.00,8.00,12.0,14.0,0.0294,0
2023-05-29 20:49:41,1685407782,17.2,32.4,99900,4.00,13.0,21.0,24.0,0.0328,0
2023-05-29 20:54:56,1685408096,16.8,33.0,99900,4.00,11.0,18.0,22.0,0.0242,0
2023-05-29 20:59:52,1685408393,16.4,33.7,99900,2.00,4.00,5.00,6.00,0.108,0
2023-05-29 21:04:49,1685408690,16.1,35.0,99900,2.00,4.00,6.00,7.00,0.0729,0
2023-05-29 21:09:46,1685408987,15.8,35.4,99900,3.00,8.00,11.0,13.0,0.0230,0
2023-05-29 21:14:43,1685409284,15.5,36.0,99900,2.00,4.00,7.00,9.00,0.0346,0
2023-05-29 21:19:59,1685409599,15.2,36.3,99900,2.00,7.00,11.0,13.0,0.0307,0
2023-05-29 21:24:56,1685409897,14.9,36.3,99925,3.00,4.00,7.00,9.00,0.0179,0
2023-05-29 21:29:54,1685410195,14.6,36.8,99900,2.00,6.00,9.00,11.0,0.0136,0
2023-05-29 21:34:52,1685410492,14.4,37.8,99900,2.00,6.00,11.0,12.0,0.0281,0
2023-05-29 21:39:50,1685410790,14.1,38.1,99900,8.00,24.0,37.0,44.0,0.346,0
2023-05-29 21:44:48,1685411088,13.9,38.4,99900,4.00,13.0,20.0,24.0,1.32,0
2023-05-29 21:49:46,1685411386,13.7,38.8,99900,2.00,6.00,9.00,10.0,1.36,0
2023-05-29 21:54:44,1685411685,13.6,39.5,99900,16.0,46.0,71.0,83.0,1.35,0
2023-05-29 21:59:43,1685411983,13.6,40.0,99900,9.00,23.0,34.0,39.0,2.20,0
2023-05-29 22:04:41,1685412281,13.5,40.2,99975,3.00,9.00,14.0,17.0,2.23,0
2023-05-29 22:09:58,1685412598,13.5,40.2,99959,3.00,4.00,7.00,9.00,1.94,0
2023-05-29 22:14:56,1685412897,13.4,40.2,100000,1.00,3.00,4.00,5.00,0.0325,0
2023-05-29 22:19:55,1685413195,13.3,40.6,100000,2.00,4.00,7.00,8.00,0.0234,0
2023-05-29 22:24:53,1685413494,13.2,40.8,100000,3.00,6.00,9.00,10.0,0.0220,0
2023-05-29 22:29:52,1685413793,13.2,40.9,100000,1.00,3.00,5.00,6.00,0.0311,0
2023-05-29 22:34:51,1685414091,13.1,40.4,100000,2.00,2.00,3.00,4.00,0.0311,0
2023-05-29 22:39:49,1685414390,12.9,40.2,100000,2.00,7.00,11.0,12.0,0.0345,0
2023-05-29 22:44:48,1685414689,12.7,40.4,100000,2.00,4.00,6.00,7.00,0.0367,0
2023-05-29 22:49:47,1685414987,12.5,40.7,100000,2.00,4.00,7.00,8.00,0.0313,0
2023-05-29 22:54:46,1685415286,12.3,41.3,100000,2.00,4.00,7.00,8.00,0.0179,0
2023-05-29 22:59:45,1685415586,12.1,42.1,100000,3.00,8.00,13.0,15.0,0.0244,0
2023-05-29 23:04:44,1685415885,12.0,42.2,100000,2.00,6.00,10.0,12.0,0.0243,0
2023-05-29 23:09:43,1685416184,11.8,42.4,100000,2.00,5.00,7.00,8.00,0.0427,0
2023-05-29 23:14:43,1685416483,11.7,43.0,100000,3.00,6.00,9.00,11.0,0.0336,0
2023-05-29 23:19:42,1685416783,11.6,43.6,100000,1.00,4.00,6.00,7.00,0.0260,0
2023-05-29 23:24:41,1685417082,11.6,43.6,100000,1.00,3.00,5.00,6.00,0.0107,0
2023-05-29 23:29:41,1685417381,11.5,43.3,100000,1.00,5.00,8.00,10.0,0.0109,0
2023-05-29 23:34:59,1685417700,11.4,43.2,100000,2.00,7.00,11.0,13.0,0.0227,0
2023-05-29 23:39:59,1685417999,11.2,43.2,100000,2.00,2.00,4.00,4.00,0.0227,0
2023-05-29 23:44:58,1685418299,11.1,44.0,100000,1.00,4.00,7.00,8.00,0.0198,0
2023-05-29 23:49:57,1685418598,11.2,44.5,100000,2.00,7.00,10.0,12.0,0.0199,0
2023-05-29 23:54:57,1685418897,11.2,44.4,100000,1.00,4.00,6.00,7.00,0.0177,0
2023-05-29 23:59:56,1685419197,11.2,43.7,100000,2.00,4.00,6.00,7.00,0.0177,0
2023-05-30 00:04:56,1685419497,11.1,43.2,100000,1.00,3.00,5.00,6.00,0.0181,0
2023-05-30 00:09:56,1685419796,10.9,43.4,100000,3.00,8.00,13.0,15.0,0.0217,0
2023-05-30 00:14:56,1685420096,10.8,43.6,100000,1.00,4.00,7.00,8.00,0.0200,0
2023-05-30 00:19:55,1685420396,10.6,43.9,99975,1.00,4.00,7.00,8.00,0.0161,0
2023-05-30 00:24:55,1685420696,10.5,44.0,99913,2.00,5.00,7.00,8.00,0.0114,0
2023-05-30 00:29:55,1685420996,10.4,44.0,99925,2.00,5.00,8.00,9.00,0.0138,0
2023-05-30 00:34:56,1685421296,10.2,44.4,99944,1.00,3.00,5.00,6.00,0.0138,0
2023-05-30 00:39:56,1685421596,10.1,45.3,100000,2.00,3.00,4.00,4.00,0.0135,0
2023-05-30 00:44:56,1685421897,10.0,46.2,100000,2.00,5.00,8.00,9.00,0.0109,0
2023-05-30 00:49:56,1685422197,10.1,46.1,100000,2.00,4.00,6.00,7.00,0.0127,0
2023-05-30 00:54:57,1685422497,10.3,45.7,100000,1.00,4.00,6.00,8.00,0.0145,0
2023-05-30 00:59:57,1685422797,10.3,45.2,100000,1.00,4.00,7.00,8.00,0.0145,0
2023-05-30 01:04:57,1685423097,10.3,45.7,100000,3.00,7.00,11.0,13.0,0.0105,0
2023-05-30 01:09:57,1685423397,10.3,45.8,100000,2.00,5.00,8.00,10.0,0.0122,0
2023-05-30 01:14:57,1685423698,10.3,46.0,100000,1.00,4.00,6.00,7.00,0.0167,0
2023-05-30 01:19:57,1685423998,10.4,45.9,100000,2.00,5.00,8.00,9.00,0.0161,0
2023-05-30 01:24:57,1685424298,10.5,45.7,100000,2.00,4.00,5.00,6.00,0.0173,0
2023-05-30 01:29:57,1685424598,10.6,45.4,99981,1.00,5.00,8.00,10.0,0.0169,0
2023-05-30 01:34:57,1685424897,10.6,44.9,99925,1.00,4.00,6.00,8.00,0.0154,0
2023-05-30 01:39:57,1685425197,10.5,44.5,99919,1.00,3.00,4.00,4.00,0.0126,0
2023-05-30 01:44:57,1685425497,10.4,44.5,100000,1.00,4.00,6.00,8.00,0.0100,0
2023-05-30 01:49:57,1685425797,10.3,44.5,100000,2.00,7.00,11.0,13.0,0.0100,0
2023-05-30 01:54:57,1685426098,10.1,44.9,99988,2.00,4.00,7.00,8.00,0.0157,0
2023-05-30 01:59:58,1685426398,9.92,45.3,99931,2.00,7.00,11.0,13.0,0.0432,0
2023-05-30 02:04:58,1685426698,9.79,45.2,99994,1.00,2.00,3.00,3.00,0.0432,0
2023-05-30 02:09:58,1685426999,9.65,45.4,99931,2.00,3.00,6.00,7.00,0.0427,0
2023-05-30 02:14:59,1685427299,9.53,46.5,99906,2.00,4.00,6.00,7.00,0.0189,0
2023-05-30 02:19:59,1685427600,9.45,47.1,99994,2.00,6.00,10.0,12.0,0.0185,0
2023-05-30 02:24:41,1685427881,9.49,47.4,99927,2.00,6.00,8.00,9.00,0.0139,0
2023-05-30 02:29:41,1685428182,9.62,47.2,99900,2.00,3.00,5.00,6.00,0.0219,0
2023-05-30 02:34:41,1685428482,9.74,46.7,99913,2.00,6.00,10.0,12.0,0.0176,0
2023-05-30 02:39:42,1685428782,9.76,46.0,99900,1.00,3.00,4.00,5.00,0.0184,0
2023-05-30 02:44:42,1685429083,9.65,45.3,99900,1.00,5.00,7.00,9.00,0.0168,0
2023-05-30 02:49:43,1685429383,9.47,45.4,99900,2.00,3.00,5.00,6.00,0.0165,0
2023-05-30 02:54:43,1685429684,9.28,45.3,99900,3.00,7.00,9.00,11.0,0.0165,0
2023-05-30 02:59:44,1685429985,9.10,45.7,99900,1.00,2.00,4.00,4.00,0.0137,0
2023-05-30 03:04:45,1685430286,8.94,46.0,99900,2.00,3.00,6.00,7.00,0.0234,0
2023-05-30 03:09:46,1685430586,8.82,45.9,99900,1.00,3.00,5.00,6.00,0.0119,0
2023-05-30 03:14:47,1685430887,8.69,46.3,99900,2.00,5.00,7.00,8.00,0.0145,0
2023-05-30 03:19:48,1685431188,8.57,46.3,99900,2.00,4.00,6.00,7.00,0.0124,0
2023-05-30 03:24:49,1685431489,8.44,46.5,99900,2.00,4.00,6.00,7.00,0.0138,0
2023-05-30 03:29:50,1685431790,8.31,46.5,99900,1.00,5.00,8.00,9.00,0.0183,0
2023-05-30 03:34:51,1685432091,8.19,46.9,99931,1.00,4.00,6.00,8.00,0.0146,0
2023-05-30 03:39:52,1685432393,8.10,47.2,100000,1.00,5.00,8.00,9.00,0.0139,0
2023-05-30 03:44:54,1685432694,7.95,46.2,100000,3.00,5.00,7.00,9.00,0.0122,0
2023-05-30 03:49:55,1685432996,7.85,47.2,100000,1.00,4.00,7.00,8.00,0.0217,0
2023-05-30 03:54:56,1685433297,7.78,47.8,100000,1.00,3.00,4.00,5.00,0.0304,0
2023-05-30 03:59:58,1685433598,7.72,47.4,100000,1.00,3.00,5.00,6.00,0.0304,0
2023-05-30 04:04:59,1685433900,7.67,48.1,100000,1.00,2.00,3.00,4.00,0.0116,0
2023-05-30 04:09:42,1685434182,7.61,48.1,100000,1.00,3.00,5.00,6.00,0.0116,0
2023-05-30 04:14:43,1685434484,7.56,48.3,100000,1.00,5.00,7.00,8.00,0.0163,0
2023-05-30 04:19:45,1685434785,7.51,48.5,99919,1.00,5.00,8.00,9.00,0.0191,0
2023-05-30 04:24:46,1685435087,7.49,48.6,99900,2.00,7.00,10.0,12.0,0.0219,0
2023-05-30 04:29:48,1685435388,7.44,48.6,99900,1.00,3.00,5.00,6.00,0.0157,0
2023-05-30 04:34:49,1685435690,7.38,48.5,99900,2.00,4.00,6.00,7.00,0.0169,0
2023-05-30 04:39:51,1685435991,7.33,48.8,99900,2.00,4.00,7.00,8.00,0.0169,0
2023-05-30 04:44:53,1685436293,7.27,48.2,99900,1.00,3.00,4.00,5.00,0.0165,0
2023-05-30 04:49:54,1685436595,7.20,48.7,99900,1.00,3.00,5.00,6.00,0.0110,0
2023-05-30 04:54:56,1685436896,7.18,50.0,99919,2.00,5.00,7.00,9.00,0.0122,0
2023-05-30 04:59:58,1685437198,7.19,50.6,99956,1.00,3.00,6.00,7.00,0.0111,0
2023-05-30 05:04:59,1685437500,7.25,51.5,99925,4.00,8.00,12.0,14.0,0.0249,0
2023-05-30 05:09:42,1685437782,7.35,51.6,99947,1.00,5.00,9.00,10.0,0.0212,0
2023-05-30 05:14:43,1685438084,7.46,51.2,99900,1.00,3.00,5.00,6.00,0.0227,0
2023-05-30 05:19:45,1685438385,7.54,51.1,99981,3.00,9.00,14.0,17.0,0.00892,0
2023-05-30 05:24:08,1685438649,7.60,51.0,100000,1.00,2.00,4.00,5.00,0.0204,0
2023-05-30 08:39:53,1685450393,22.9,26.9,100000,2.00,7.00,11.0,13.0,,
2023-05-30 08:44:44,1685450685,23.1,26.8,99988,3.00,7.00,9.00,11.0,,
2023-05-30 08:49:54,1685450994,23.4,26.0,99941,2.00,4.00,6.00,7.00,,
2023-05-30 08:54:45,1685451285,23.7,25.8,99900,2.00,5.00,8.00,10.0,0.0185,0
2023-05-30 08:59:56,1685451596,24.0,25.3,99900,2.00,7.00,11.0,12.0,0.0184,0
2023-05-30 09:04:48,1685451888,24.1,25.4,99900,3.00,9.00,14.0,17.0,0.0500,0
2023-05-30 09:09:57,1685452198,24.2,25.3,99900,2.00,4.00,5.00,6.00,0.0632,0
2023-05-30 09:14:48,1685452489,24.4,25.3,99900,3.00,3.00,5.00,6.00,0.0437,0
2023-05-30 09:16:56,1685452616,24.5,24.8,99900,1.00,3.00,5.00,5.00,0.0125,0
2023-05-30 09:29:49,1685453389,25.0,24.4,99900,1.00,4.00,7.00,8.00,0.0125,0
2023-05-30 09:33:09,1685453589,25.1,24.3,99900,1.00,2.00,4.00,4.00,0.0127,0
2023-05-30 12:34:43,1685464484,29.6,18.6,99800,3.00,6.00,8.00,9.00,,
2023-05-30 12:39:51,1685464791,29.7,18.4,99800,3.00,6.00,10.0,12.0,,
2023-05-30 12:41:57,1685464918,29.9,17.6,99800,3.00,6.00,8.00,9.00,,
2023-05-30 12:54:57,1685465698,30.1,16.7,99700,1.00,4.00,6.00,7.00,0.0116,0
2023-05-30 12:58:16,1685465896,30.2,16.2,99700,2.00,4.00,5.00,6.00,0.0307,0
2023-05-30 13:09:54,1685466594,30.7,15.8,99700,3.00,6.00,9.00,11.0,0.0337,0
2023-05-30 13:14:43,1685466883,30.8,16.1,99700,3.00,6.00,9.00,10.0,0.0233,0
2023-05-30 13:24:48,1685467489,31.0,15.2,99700,1.00,2.00,3.00,3.00,0.0192,0
2023-05-30 13:29:54,1685467795,31.1,15.2,99700,4.00,7.00,9.00,10.0,0.0112,0
2023-05-30 13:30:48,1685467849,31.2,15.2,99700,1.00,3.00,5.00,6.00,0.0134,0
2023-05-30 13:44:55,1685468696,31.8,15.1,99700,1.00,3.00,4.00,4.00,0.0140,0
2023-05-30 13:47:01,1685468822,31.9,14.4,99700,3.00,5.00,6.00,6.00,0.0219,0
2023-05-30 13:59:48,1685469588,32.2,14.5,99700,1.00,4.00,6.00,8.00,0.0268,0
2023-05-30 14:03:23,1685469804,32.3,14.6,99700,2.00,3.00,4.00,4.00,0.0132,0
2023-05-30 14:14:58,1685470499,32.8,14.4,99600,2.00,5.00,6.00,7.00,0.0130,0
2023-05-30 14:19:28,1685470768,32.9,14.1,99600,2.00,3.00,4.00,4.00,0.0130,0
2023-05-30 14:29:49,1685471389,32.9,13.6,99600,11.0,23.0,34.0,40.0,0.0907,0
2023-05-30 14:34:53,1685471694,32.9,14.1,99600,6.00,14.0,21.0,24.0,0.483,0
2023-05-30 14:35:47,1685471748,33.0,14.3,99600,1.00,1.00,1.00,1.00,0.483,0
2023-05-30 14:49:42,1685472582,33.3,13.4,99600,2.00,3.00,5.00,5.00,0.463,0
2023-05-30 14:52:05,1685472726,33.3,13.6,99600,2.00,4.00,5.00,6.00,0.463,0
2023-05-30 15:04:56,1685473497,33.3,13.5,99600,7.00,14.0,19.0,22.0,0.102,0
2023-05-30 15:08:13,1685473694,33.3,13.4,99600,3.00,8.00,12.0,15.0,0.106,0
2023-05-30 15:19:45,1685474385,33.4,13.6,99600,2.00,3.00,3.00,3.00,0.0837,0
2023-05-30 15:24:31,1685474672,33.4,13.5,99600,3.00,4.00,4.00,5.00,0.0894,0
2023-05-30 15:34:52,1685475292,33.6,13.0,99600,5.00,12.0,18.0,21.0,0.0754,0
2023-05-30 15:39:56,1685475596,33.6,12.7,99600,4.00,7.00,9.00,10.0,0.0452,0
2023-05-30 15:40:32,1685475632,33.7,12.4,99600,1.00,1.00,2.00,2.00,0.0452,0
2023-05-30 15:49:57,1685476198,33.9,12.6,99600,4.00,12.0,18.0,21.0,0.0452,0
2023-05-30 15:54:43,1685476484,34.1,12.5,99600,5.00,14.0,21.0,25.0,0.102,0
2023-05-30 15:56:48,1685476609,34.3,12.4,99600,3.00,8.00,13.0,15.0,0.160,0
2023-05-30 16:09:48,1685477388,34.3,11.8,99600,2.00,4.00,6.00,7.00,0.0829,0
2023-05-30 16:13:04,1685477584,34.5,11.9,99600,3.00,4.00,6.00,6.00,0.136,0
2023-05-30 16:24:53,1685478294,34.7,11.8,99500,3.00,6.00,8.00,9.00,0.0235,0
2023-05-30 16:29:03,1685478544,34.7,11.7,99500,2.00,4.00,6.00,7.00,0.0130,0
2023-05-30 16:39:57,1685479197,35.0,11.8,99500,2.00,3.00,5.00,6.00,0.0113,0
2023-05-30 16:44:42,1685479483,35.0,11.8,99500,4.00,5.00,7.00,8.00,0.0106,0
2023-05-30 16:45:18,1685479518,35.1,11.6,99500,1.00,1.00,1.00,1.00,0.0106,0
2023-05-30 16:54:59,1685480100,35.2,11.8,99500,1.00,1.00,2.00,2.00,0.0106,0
2023-05-30 16:59:45,1685480385,35.3,11.3,99500,3.00,6.00,8.00,9.00,0.0166,0
2023-05-30 17:01:32,1685480492,35.2,11.4,99500,4.00,9.00,12.0,14.0,0.0117,0
2023-05-30 17:14:48,1685481289,34.9,11.8,99500,3.00,4.00,4.00,5.00,0.0145,0
2023-05-30 17:17:47,1685481467,35.0,11.7,99500,3.00,4.00,5.00,5.00,0.0181,0
2023-05-30 17:29:52,1685482193,34.5,12.0,99500,7.00,17.0,26.0,30.0,0.0624,0
2023-05-30 17:33:44,1685482425,34.3,11.8,99500,4.00,5.00,6.00,6.00,0.119,0
2023-05-30 17:44:50,1685483090,34.3,11.7,99500,3.00,4.00,6.00,7.00,0.119,0
2023-05-30 17:49:54,1685483394,34.3,11.2,99500,3.00,6.00,8.00,9.00,0.101,0
2023-05-30 17:59:55,1685483996,34.0,11.3,99500,1.00,2.00,2.00,3.00,0.0102,0
2023-05-30 18:04:42,1685484282,34.0,11.3,99500,2.00,3.00,5.00,6.00,0.0168,0
2023-05-30 18:06:11,1685484372,34.1,11.4,99500,1.00,2.00,3.00,3.00,0.0168,0
2023-05-30 18:19:48,1685485188,34.5,11.3,99500,2.00,3.00,3.00,4.00,0.0145,0
2023-05-30 18:22:29,1685485349,34.5,11.3,99500,4.00,6.00,9.00,10.0,0.0121,0
2023-05-30 18:34:53,1685486093,34.6,12.2,99500,3.00,6.00,9.00,10.0,0.0325,0
2023-05-30 18:38:28,1685486308,34.6,12.1,99500,2.00,3.00,4.00,5.00,0.0325,0
2023-05-30 18:49:57,1685486998,35.0,12.4,99500,2.00,3.00,4.00,4.00,0.0275,0
2023-05-30 18:54:43,1685487283,35.2,12.2,99500,3.00,9.00,13.0,16.0,0.0296,0
2023-05-30 19:04:44,1685487884,35.5,12.7,99500,2.00,5.00,6.00,7.00,0.0296,0
2023-05-30 19:09:47,1685488187,35.6,12.5,99500,5.00,13.0,19.0,22.0,0.0233,0
2023-05-30 19:10:58,1685488258,35.6,12.9,99500,2.00,6.00,9.00,11.0,0.0175,0
2023-05-30 19:24:51,1685489091,35.3,12.5,99500,3.00,6.00,9.00,10.0,0.0692,0
2023-05-30 19:27:14,1685489234,35.1,12.4,99500,2.00,3.00,4.00,4.00,0.0692,0
2023-05-30 19:39:50,1685489990,34.0,13.0,99500,5.00,10.0,15.0,17.0,0.0802,0
2023-05-30 19:44:55,1685490295,33.1,13.6,99500,4.00,5.00,7.00,8.00,0.0507,0
2023-05-30 19:49:43,1685490583,32.0,14.4,99500,3.00,5.00,6.00,6.00,0.0597,0
2023-05-30 19:54:49,1685490890,31.0,15.9,99500,4.00,5.00,5.00,5.00,0.0597,0
2023-05-30 19:59:56,1685491197,30.0,17.6,99500,3.00,6.00,10.0,11.0,0.0126,0
2023-05-30 20:04:46,1685491486,29.1,19.1,99500,4.00,7.00,11.0,13.0,0.0434,0
2023-05-30 20:09:54,1685491795,28.3,20.7,99500,7.00,18.0,27.0,31.0,0.194,0
2023-05-30 20:14:44,1685492085,27.5,21.2,99500,7.00,18.0,26.0,31.0,0.199,0
2023-05-30 20:19:53,1685492394,26.8,22.5,99500,4.00,9.00,12.0,14.0,0.242,0
2023-05-30 20:24:44,1685492685,26.1,23.5,99500,4.00,9.00,13.0,15.0,0.242,0
2023-05-30 20:29:54,1685492995,25.4,24.7,99500,4.00,7.00,9.00,10.0,0.0754,0
2023-05-30 20:34:46,1685493287,24.7,25.7,99500,9.00,21.0,31.0,36.0,0.268,0
2023-05-30 20:39:57,1685493597,24.1,27.0,99576,33.0,98.0,151,177,5.85,0
2023-05-30 20:44:50,1685493890,23.4,27.9,99600,9.00,25.0,38.0,44.0,5.85,0
2023-05-30 20:49:43,1685494183,22.9,28.3,99600,6.00,18.0,27.0,32.0,4.91,0
2023-05-30 20:54:55,1685494495,22.4,32.8,93741,6.00,13.0,20.0,24.0,2.84,0
2023-05-30 20:59:48,1685494789,21.9,29.9,99600,7.00,14.0,19.0,22.0,0.207,0
2023-05-30 21:04:42,1685495082,21.5,30.2,99600,5.00,7.00,9.00,10.0,0.129,0
2023-05-30 21:09:55,1685495395,21.1,30.5,99600,5.00,19.0,29.0,35.0,0.346,0
2023-05-30 21:14:49,1685495689,20.7,31.0,99600,6.00,11.0,15.0,17.0,0.279,0
2023-05-30 21:19:44,1685495984,20.3,32.0,99600,5.00,10.0,15.0,17.0,0.177,0
2023-05-30 21:24:57,1685496297,20.0,32.4,99600,12.0,29.0,42.0,49.0,0.217,0
2023-05-30 21:29:52,1685496592,19.6,32.4,99600,7.00,15.0,20.0,23.0,0.623,0
2023-05-30 21:34:47,1685496887,19.4,33.1,99600,4.00,7.00,9.00,11.0,1.39,0
2023-05-30 21:39:42,1685497182,19.2,33.3,99600,5.00,6.00,9.00,11.0,0.513,0
2023-05-30 21:44:56,1685497496,19.0,34.0,99600,4.00,6.00,7.00,8.00,0.0191,0
2023-05-30 21:49:51,1685497792,18.9,34.6,99600,3.00,8.00,12.0,13.0,0.0123,0
2023-05-30 21:54:49,1685498089,18.8,35.1,99600,4.00,8.00,11.0,12.0,0.0137,0
2023-05-30 21:59:44,1685498385,18.7,35.2,99600,3.00,5.00,7.00,9.00,0.0233,0
2023-05-30 22:04:58,1685498699,18.7,35.6,99600,5.00,13.0,18.0,21.0,0.0761,0
2023-05-30 22:09:54,1685498995,18.6,36.1,99600,4.00,10.0,15.0,18.0,0.131,0
2023-05-30 22:14:50,1685499290,18.5,36.4,99600,4.00,7.00,9.00,11.0,0.0700,0
2023-05-30 22:19:46,1685499586,18.4,36.9,99600,4.00,6.00,8.00,9.00,0.0562,0
2023-05-30 22:24:42,1685499882,18.3,37.2,99600,4.00,10.0,15.0,18.0,0.0431,0
2023-05-30 22:29:56,1685500196,18.2,37.3,99600,4.00,9.00,12.0,14.0,0.0592,0
2023-05-30 22:34:52,1685500492,18.1,37.7,99600,4.00,9.00,13.0,15.0,0.0449,0
2023-05-30 22:39:48,1685500788,18.0,37.9,99600,4.00,7.00,9.00,10.0,0.0249,0
2023-05-30 22:44:44,1685501085,17.8,37.8,99600,4.00,4.00,4.00,4.00,0.0918,0
2023-05-30 22:49:59,1685501399,17.8,38.2,99600,2.00,5.00,8.00,9.00,0.0800,0
2023-05-30 22:54:55,1685501696,17.7,38.2,99600,3.00,7.00,9.00,10.0,0.0284,0
2023-05-30 22:59:51,1685501992,17.6,38.4,99600,3.00,5.00,7.00,8.00,0.0270,0
2023-05-30 23:04:48,1685502288,17.6,38.3,99600,5.00,8.00,11.0,12.0,0.0157,0
2023-05-30 23:09:44,1685502585,17.5,38.5,99600,4.00,7.00,9.00,10.0,0.0131,0
2023-05-30 23:14:59,1685502900,17.4,38.5,99600,3.00,7.00,10.0,11.0,0.0123,0
2023-05-30 23:19:56,1685503196,17.3,38.6,99600,6.00,12.0,17.0,20.0,0.0142,0
2023-05-30 23:24:52,1685503492,17.2,38.8,99613,4.00,5.00,7.00,8.00,0.0214,0
2023-05-30 23:29:49,1685503789,17.2,38.9,99663,3.00,4.00,6.00,6.00,0.0249,0
2023-05-30 23:34:45,1685504086,17.1,38.9,99644,4.00,8.00,11.0,13.0,0.0317,0
2023-05-30 23:39:41,1685504382,17.1,38.6,99638,4.00,6.00,7.00,8.00,0.0294,0
2023-05-30 23:44:56,1685504697,17.0,38.6,99647,2.00,3.00,5.00,5.00,0.0332,0
2023-05-30 23:49:53,1685504994,17.0,38.6,99638,3.00,7.00,10.0,12.0,0.0354,0
2023-05-30 23:54:50,1685505290,17.0,38.7,99663,4.00,8.00,10.0,12.0,0.0301,0
2023-05-30 23:59:47,1685505587,17.0,38.9,99675,2.00,4.00,6.00,7.00,0.0167,0
2023-05-31 00:04:43,1685505884,16.9,38.7,99644,5.00,9.00,12.0,13.0,0.0288,0
2023-05-31 00:09:59,1685506199,16.9,38.4,99600,3.00,5.00,7.00,8.00,0.0283,0
2023-05-31 00:14:55,1685506496,16.9,38.7,99600,3.00,5.00,8.00,9.00,0.0139,0
2023-05-31 00:19:52,1685506793,16.9,38.6,99600,3.00,3.00,4.00,4.00,0.0155,0
2023-05-31 00:24:49,1685507090,16.9,38.8,99600,5.00,7.00,9.00,9.00,0.0209,0
2023-05-31 00:29:46,1685507386,16.8,38.8,99600,5.00,5.00,7.00,8.00,0.0215,0
2023-05-31 00:34:43,1685507683,16.8,38.6,99600,3.00,7.00,9.00,10.0,0.0196,0
2023-05-31 00:39:58,1685507999,16.8,38.7,99600,4.00,6.00,9.00,11.0,0.0243,0
2023-05-31 00:44:55,1685508296,16.8,38.7,99600,3.00,5.00,8.00,9.00,0.0243,0
2023-05-31 00:49:52,1685508592,16.7,39.0,99600,3.00,7.00,11.0,13.0,0.00984,0
2023-05-31 00:54:49,1685508889,16.7,39.2,99600,5.00,8.00,10.0,12.0,0.0330,0
2023-05-31 00:59:46,1685509186,16.7,39.1,99600,4.00,6.00,7.00,7.00,0.0245,0
2023-05-31 01:04:42,1685509483,16.7,39.3,99600,4.00,10.0,16.0,18.0,0.0314,0
2023-05-31 01:09:58,1685509798,16.6,39.3,99600,3.00,4.00,6.00,7.00,0.0214,0
2023-05-31 01:14:55,1685510095,16.6,39.3,99600,3.00,6.00,10.0,11.0,0.0136,0
2023-05-31 01:19:52,1685510392,16.6,39.5,99600,4.00,5.00,6.00,7.00,0.0140,0
2023-05-31 01:24:49,1685510689,16.6,39.6,99600,3.00,7.00,11.0,13.0,0.0135,0
2023-05-31 01:29:45,1685510986,16.5,39.8,99600,4.00,6.00,9.00,11.0,0.0146,0
2023-05-31 01:34:42,1685511283,16.3,40.1,99600,4.00,7.00,9.00,11.0,0.0218,0
2023-05-31 01:39:58,1685511599,16.2,40.9,99600,5.00,8.00,12.0,14.0,0.0138,0
2023-05-31 01:44:55,1685511896,16.0,41.2,99600,4.00,8.00,11.0,13.0,0.0124,0
2023-05-31 01:49:52,1685512193,15.9,41.4,99600,3.00,5.00,8.00,9.00,0.0325,0
2023-05-31 01:54:50,1685512490,15.7,41.1,99650,2.00,6.00,9.00,10.0,0.0242,0
2023-05-31 01:59:47,1685512788,15.4,41.2,99638,3.00,6.00,8.00,9.00,0.0225,0
2023-05-31 02:04:45,1685513085,15.2,41.8,99663,3.00,5.00,7.00,9.00,0.0209,0
2023-05-31 02:09:42,1685513383,14.9,42.5,99700,3.00,6.00,9.00,10.0,0.0175,0
2023-05-31 02:14:59,1685513699,14.7,43.0,99700,3.00,6.00,9.00,10.0,0.0149,0
2023-05-31 02:19:57,1685513997,14.6,43.5,99700,4.00,5.00,7.00,9.00,0.0190,0
2023-05-31 02:24:55,1685514295,14.4,43.8,99700,6.00,8.00,10.0,12.0,0.0184,0
2023-05-31 02:29:52,1685514593,14.3,44.4,99700,3.00,7.00,11.0,13.0,0.0236,0
2023-05-31 02:34:51,1685514891,14.2,45.2,99700,3.00,6.00,9.00,10.0,0.0245,0
2023-05-31 02:39:49,1685515189,14.1,46.2,99700,2.00,3.00,4.00,5.00,0.0420,0
2023-05-31 02:44:47,1685515488,14.1,46.8,99700,4.00,9.00,13.0,15.0,0.0208,0
2023-05-31 02:49:45,1685515786,14.2,47.2,99700,4.00,9.00,12.0,14.0,0.0555,0
2023-05-31 02:54:43,1685516084,14.3,46.9,99700,3.00,6.00,9.00,11.0,0.0149,0
2023-05-31 02:59:41,1685516382,14.3,46.8,99700,5.00,5.00,7.00,8.00,0.0302,0
2023-05-31 03:04:58,1685516698,14.3,47.1,99700,4.00,5.00,6.00,7.00,0.0403,0
2023-05-31 03:09:56,1685516996,14.3,47.2,99700,5.00,10.0,14.0,16.0,0.0403,0
2023-05-31 03:14:54,1685517294,14.4,47.3,99700,4.00,5.00,6.00,6.00,0.0361,0
2023-05-31 03:19:52,1685517592,14.4,46.9,99700,6.00,7.00,10.0,11.0,0.0406,0
2023-05-31 03:24:50,1685517890,14.3,47.3,99700,4.00,7.00,10.0,11.0,0.0177,0
2023-05-31 03:29:48,1685518188,14.2,47.9,99700,4.00,6.00,9.00,10.0,0.0173,0
2023-05-31 03:34:46,1685518487,14.2,48.5,99700,3.00,6.00,8.00,9.00,0.0219,0
2023-05-31 03:39:44,1685518784,14.2,49.1,99700,5.00,6.00,9.00,11.0,0.0471,0
2023-05-31 03:44:42,1685519082,14.2,49.1,99700,5.00,7.00,9.00,10.0,0.0268,0
2023-05-31 03:49:59,1685519399,14.3,49.2,99700,4.00,5.00,8.00,9.00,0.0202,0
2023-05-31 03:54:57,1685519697,14.3,48.9,99700,5.00,6.00,7.00,7.00,0.0137,0
2023-05-31 03:59:54,1685519995,14.4,48.6,99700,5.00,12.0,17.0,20.0,0.0266,0
2023-05-31 04:04:52,1685520293,14.3,47.5,99700,4.00,6.00,8.00,9.00,0.0456,0
2023-05-31 04:09:51,1685520591,14.1,47.1,99700,4.00,9.00,13.0,15.0,0.0456,0
2023-05-31 04:14:49,1685520889,14.0,47.6,99700,7.00,12.0,15.0,17.0,0.0260,0
2023-05-31 04:19:47,1685521188,13.8,47.5,99700,5.00,8.00,10.0,11.0,0.0208,0
2023-05-31 04:24:46,1685521486,13.6,47.6,99700,5.00,6.00,7.00,7.00,0.0437,0
2023-05-31 04:29:44,1685521785,13.4,48.0,99700,3.00,6.00,9.00,11.0,0.0459,0
2023-05-31 04:34:43,1685522083,13.3,48.9,99700,6.00,8.00,9.00,9.00,0.0371,0
2023-05-31 04:39:41,1685522382,13.2,49.3,99700,3.00,5.00,7.00,8.00,0.0353,0
2023-05-31 04:44:59,1685522699,13.1,50.3,99700,5.00,9.00,12.0,13.0,0.0167,0
2023-05-31 04:49:57,1685522998,13.0,50.3,99700,4.00,5.00,7.00,7.00,0.0351,0
2023-05-31 04:54:56,1685523296,13.0,50.7,99700,3.00,7.00,11.0,12.0,0.0239,0
2023-05-31 04:59:55,1685523595,12.9,50.6,99700,4.00,6.00,9.00,10.0,0.0239,0
2023-05-31 05:04:53,1685523894,12.9,50.9,99700,4.00,7.00,11.0,13.0,0.0148,0
2023-05-31 05:09:52,1685524193,12.9,52.1,99700,3.00,6.00,8.00,9.00,0.0183,0
2023-05-31 05:14:51,1685524491,13.0,51.3,99700,3.00,7.00,10.0,11.0,0.0135,0
2023-05-31 05:19:49,1685524790,13.0,50.8,99700,5.00,7.00,10.0,11.0,0.0164,0
2023-05-31 05:24:48,1685525089,13.0,50.4,99700,5.00,7.00,9.00,10.0,0.0138,0
2023-05-31 05:29:47,1685525387,12.9,50.5,99700,4.00,8.00,12.0,13.0,0.0153,0
2023-05-31 05:34:45,1685525686,12.9,50.6,99788,5.00,7.00,8.00,9.00,0.0297,0
2023-05-31 05:35:04,1685525705,12.9,50.5,99800,4.00,4.00,4.00,4.00,0.0238,0
2023-05-31 09:04:50,1685538290,27.4,31.6,99800,7.00,9.00,10.0,11.0,,
2023-05-31 09:09:58,1685538599,27.5,31.2,99800,5.00,6.00,8.00,9.00,,
2023-05-31 09:14:47,1685538888,27.6,31.1,99800,9.00,10.0,11.0,12.0,,
2023-05-31 09:18:25,1685539106,27.7,30.9,99800,8.00,8.00,12.0,14.0,0.0243,0
2023-05-31 09:29:54,1685539795,28.1,30.1,99800,2.00,4.00,6.00,7.00,0.0325,0
2023-05-31 09:34:08,1685540048,28.1,30.3,99793,7.00,8.00,9.00,10.0,0.0325,0
2023-05-31 12:39:59,1685551199,33.5,22.0,99700,6.00,7.00,7.00,7.00,,
2023-05-31 12:44:46,1685551487,33.8,21.7,99694,9.00,11.0,12.0,13.0,,
2023-05-31 12:45:40,1685551541,34.0,21.2,99600,8.00,9.00,10.0,10.0,,
2023-05-31 12:59:44,1685552385,34.2,20.8,99600,13.0,20.0,27.0,31.0,0.223,0
2023-05-31 13:03:19,1685552599,34.3,20.5,99600,9.00,10.0,11.0,11.0,0.223,0
2023-05-31 13:09:45,1685552986,34.4,20.3,99600,6.00,7.00,8.00,8.00,0.0805,0
2023-05-31 13:14:50,1685553290,34.5,19.8,99600,7.00,9.00,9.00,10.0,0.201,0
2023-05-31 13:18:07,1685553487,34.6,20.1,99600,8.00,9.00,9.00,10.0,0.109,0
2023-05-31 13:29:47,1685554188,34.9,19.8,99600,5.00,7.00,8.00,8.00,0.0144,0
2023-05-31 13:34:16,1685554456,35.0,19.6,99600,29.0,81.0,123,144,0.903,0
2023-05-31 13:44:51,1685555092,35.2,20.1,99600,8.00,13.0,18.0,21.0,1.06,0
2023-05-31 13:49:55,1685555396,35.4,19.5,99600,8.00,11.0,13.0,14.0,1.05,0
2023-05-31 13:50:31,1685555432,35.5,19.1,99600,9.00,12.0,14.0,15.0,0.934,0
2023-05-31 13:59:47,1685555988,35.5,19.0,99600,7.00,8.00,8.00,9.00,0.934,0
2023-05-31 14:04:51,1685556291,35.7,19.1,99600,19.0,44.0,65.0,75.0,0.890,0
2023-05-31 14:07:49,1685556469,35.8,19.3,99600,8.00,11.0,13.0,14.0,0.0608,0
2023-05-31 14:14:50,1685556890,36.0,19.3,99500,5.00,7.00,8.00,9.00,0.0814,0
2023-05-31 14:19:53,1685557194,36.1,19.0,99500,8.00,15.0,20.0,22.0,0.111,0
2023-05-31 14:24:02,1685557443,36.3,18.7,99500,6.00,7.00,7.00,8.00,0.171,0
2023-05-31 14:34:49,1685558090,36.4,18.5,99500,8.00,9.00,12.0,13.0,0.0569,0
2023-05-31 14:39:52,1685558393,36.4,18.3,99500,50.0,133,201,234,0.0951,0
2023-05-31 14:40:10,1685558410,36.5,18.4,99500,5.00,6.00,7.00,7.00,0.0645,0
2023-05-31 14:49:51,1685558991,36.4,18.4,99500,7.00,8.00,9.00,9.00,0.0682,0
2023-05-31 14:54:54,1685559295,36.5,18.3,99500,6.00,8.00,10.0,11.0,0.0644,0
2023-05-31 14:55:12,1685559312,36.5,18.3,99500,4.00,4.00,4.00,4.00,0.0151,0
2023-05-31 15:04:45,1685559885,36.8,17.7,99500,4.00,5.00,5.00,6.00,0.0151,0
2023-05-31 15:09:48,1685560188,36.9,17.4,99500,8.00,8.00,8.00,8.00,0.0205,0
2023-05-31 15:12:27,1685560348,36.8,17.4,99500,4.00,7.00,9.00,10.0,0.0137,0
2023-05-31 15:19:45,1685560786,36.9,17.2,99500,3.00,4.00,5.00,5.00,0.0123,0
2023-05-31 15:24:48,1685561089,37.0,17.3,99500,8.00,8.00,8.00,8.00,0.0310,0
2023-05-31 15:28:39,1685561319,37.1,16.9,99500,6.00,9.00,12.0,13.0,0.0234,0
2023-05-31 15:34:46,1685561686,37.2,16.8,99500,3.00,3.00,3.00,4.00,0.0371,0
2023-05-31 15:39:48,1685561988,37.3,16.7,99500,7.00,11.0,15.0,17.0,0.0529,0
2023-05-31 15:44:15,1685562255,37.3,16.6,99500,6.00,8.00,11.0,12.0,0.144,0
2023-05-31 15:54:43,1685562883,37.5,16.9,99400,6.00,7.00,7.00,7.00,0.127,0
2023-05-31 15:59:45,1685563186,37.6,16.7,99400,6.00,9.00,12.0,13.0,0.161,0
2023-05-31 16:00:56,1685563256,37.7,16.7,99400,7.00,7.00,7.00,7.00,0.00944,0
2023-05-31 16:09:43,1685563784,37.9,16.7,99400,5.00,7.00,8.00,8.00,0.0192,0
2023-05-31 16:14:45,1685564086,38.1,16.6,99400,6.00,7.00,8.00,9.00,0.0181,0
2023-05-31 16:15:56,1685564157,38.3,16.4,99400,5.00,5.00,5.00,6.00,0.0181,0
2023-05-31 16:24:58,1685564699,38.4,16.6,99400,8.00,11.0,12.0,13.0,0.0132,0
2023-05-31 16:29:42,1685564983,38.4,16.0,99400,6.00,9.00,10.0,11.0,0.0391,0
2023-05-31 16:32:04,1685565125,38.4,15.9,99400,20.0,51.0,76.0,89.0,0.205,0
2023-05-31 16:43:57,1685565837,38.5,15.8,99400,7.00,9.00,10.0,11.0,0.232,0
2023-05-31 16:54:50,1685566491,38.8,15.6,99400,8.00,10.0,11.0,12.0,0.232,0
2023-05-31 16:59:51,1685566792,38.9,15.3,99400,6.00,7.00,9.00,9.00,0.212,0
2023-05-31 17:01:19,1685566880,38.9,15.3,99400,5.00,7.00,8.00,8.00,0.207,0
2023-05-31 17:09:57,1685567397,38.9,15.4,99400,4.00,7.00,9.00,10.0,0.0591,0
2023-05-31 17:14:58,1685567699,39.0,15.2,99400,5.00,7.00,8.00,9.00,0.0480,0
2023-05-31 17:17:19,1685567840,39.2,15.1,99400,7.00,11.0,14.0,16.0,0.0293,0
2023-05-31 17:24:55,1685568295,39.1,15.2,99400,9.00,12.0,14.0,14.0,0.0293,0
2023-05-31 17:29:56,1685568596,39.1,15.2,99400,7.00,7.00,7.00,7.00,0.0483,0
2023-05-31 17:32:17,1685568738,39.2,15.7,99400,5.00,5.00,5.00,5.00,0.0985,0
2023-05-31 17:44:44,1685569485,39.5,14.7,99400,5.00,7.00,9.00,9.00,0.0985,0
2023-05-31 17:48:17,1685569697,39.4,15.0,99400,7.00,9.00,11.0,11.0,0.0451,0
2023-05-31 17:59:50,1685570391,39.0,15.0,99400,7.00,8.00,8.00,9.00,0.0373,0
2023-05-31 18:04:16,1685570657,38.8,15.2,99400,5.00,6.00,7.00,7.00,0.0159,0
2023-05-31 18:14:47,1685571288,38.9,15.2,99400,5.00,8.00,9.00,10.0,0.0305,0
2023-05-31 18:19:49,1685571590,38.9,15.2,99400,9.00,9.00,9.00,9.00,0.0310,0
2023-05-31 18:20:25,1685571625,38.8,14.8,99400,3.00,4.00,5.00,5.00,0.0390,0
2023-05-31 18:34:56,1685572497,38.8,15.2,99400,7.00,8.00,9.00,10.0,0.0460,0
2023-05-31 18:37:53,1685572673,38.9,15.1,99400,5.00,7.00,8.00,9.00,0.0157,0
2023-05-31 18:44:52,1685573092,38.9,15.2,99400,4.00,5.00,6.00,6.00,0.0255,0
2023-05-31 18:49:53,1685573394,38.9,15.2,99400,7.00,8.00,8.00,8.00,0.0400,0
2023-05-31 18:52:51,1685573571,38.9,15.4,99400,7.00,8.00,8.00,8.00,0.0400,0
2023-05-31 18:59:49,1685573990,38.7,15.6,99400,4.00,5.00,5.00,5.00,0.00942,0
2023-05-31 19:04:51,1685574292,38.7,15.5,99400,9.00,10.0,13.0,15.0,0.0628,0
2023-05-31 19:09:52,1685574593,38.6,15.5,99400,9.00,11.0,13.0,15.0,0.0628,0
2023-05-31 19:10:10,1685574610,38.5,15.8,99400,3.00,4.00,5.00,6.00,0.0134,0
2023-05-31 19:19:47,1685575187,38.2,15.7,99400,7.00,8.00,9.00,10.0,0.0277,0
2023-05-31 19:24:49,1685575490,37.9,15.9,99400,6.00,9.00,11.0,12.0,0.0518,0
2023-05-31 19:29:52,1685575792,37.7,16.3,99400,9.00,10.0,11.0,11.0,0.0275,0
2023-05-31 19:34:55,1685576095,37.4,16.6,99400,8.00,10.0,11.0,12.0,0.0210,0
2023-05-31 19:39:58,1685576398,36.9,17.0,99400,7.00,9.00,11.0,12.0,0.0232,0
2023-05-31 19:44:43,1685576684,36.2,17.6,99400,7.00,9.00,10.0,10.0,0.0215,0
2023-05-31 19:49:48,1685576988,35.4,18.8,99400,12.0,21.0,28.0,31.0,0.0965,0
2023-05-31 19:54:53,1685577293,34.5,24.1,93553,6.00,7.00,8.00,9.00,0.122,0
2023-05-31 19:59:58,1685577599,33.8,20.3,99400,8.00,10.0,11.0,11.0,0.0930,0
2023-05-31 20:04:46,1685577887,33.1,21.7,99400,6.00,7.00,9.00,9.00,0.0226,0
2023-05-31 20:09:52,1685578193,32.5,23.1,99400,11.0,24.0,35.0,40.0,0.183,0
2023-05-31 20:14:59,1685578499,31.9,24.2,99400,7.00,10.0,12.0,13.0,0.461,0
2023-05-31 20:19:47,1685578788,31.3,25.3,99400,8.00,12.0,14.0,16.0,0.235,0
2023-05-31 20:24:55,1685579095,30.7,26.0,99400,13.0,21.0,27.0,30.0,0.224,0
2023-05-31 20:29:43,1685579384,30.2,27.0,99400,9.00,14.0,18.0,20.0,0.272,0
2023-05-31 20:34:51,1685579692,29.7,28.2,99400,9.00,14.0,17.0,18.0,0.236,0
2023-05-31 20:39:59,1685580000,29.2,29.4,99400,47.0,133,204,238,0.694,0
2023-05-31 20:44:49,1685580290,28.8,29.9,99400,46.0,125,189,220,5.93,0
2023-05-31 20:49:58,1685580598,28.3,31.0,99400,37.0,98.0,149,173,5.93,0
2023-05-31 20:54:49,1685580890,27.9,31.3,99419,35.0,97.0,148,172,5.05,0
2023-05-31 20:59:58,1685581199,27.5,31.9,99500,18.0,45.0,67.0,77.0,7.08,0
2023-05-31 21:04:49,1685581490,27.2,32.5,99500,16.0,33.0,47.0,54.0,7.08,0
2023-05-31 21:09:59,1685581799,26.8,33.3,99500,16.0,34.0,48.0,56.0,0.975,0
2023-05-31 21:14:50,1685582091,26.5,33.8,99500,11.0,19.0,26.0,30.0,4.24,0
2023-05-31 21:19:42,1685582382,26.2,34.6,99500,10.0,13.0,17.0,19.0,3.27,0
2023-05-31 21:24:52,1685582693,25.8,35.6,99500,10.0,13.0,18.0,20.0,0.0860,0
2023-05-31 21:29:44,1685582985,25.5,36.4,99500,9.00,13.0,15.0,16.0,0.0627,0
2023-05-31 21:34:55,1685583295,25.2,36.3,99500,9.00,14.0,19.0,21.0,0.0627,0
2023-05-31 21:39:47,1685583588,25.0,36.4,99500,7.00,11.0,14.0,15.0,0.0897,0
2023-05-31 21:44:58,1685583899,24.7,37.0,99500,9.00,12.0,14.0,15.0,0.0680,0
2023-05-31 21:49:51,1685584191,24.5,37.3,99500,8.00,11.0,14.0,15.0,0.0161,0
2023-05-31 21:54:43,1685584484,24.4,37.7,99500,7.00,10.0,13.0,15.0,0.0170,0
2023-05-31 21:59:55,1685584795,24.2,38.3,99500,11.0,17.0,22.0,25.0,0.0392,0
2023-05-31 22:04:48,1685585088,24.0,38.9,99500,10.0,11.0,14.0,15.0,0.0346,0
2023-05-31 22:09:59,1685585400,23.8,39.8,99500,15.0,21.0,25.0,27.0,0.0610,0
2023-05-31 22:14:52,1685585693,23.7,40.1,99500,9.00,11.0,15.0,17.0,0.0685,0
2023-05-31 22:19:46,1685585986,23.6,40.4,99500,10.0,13.0,15.0,17.0,0.135,0
2023-05-31 22:24:57,1685586298,23.5,40.5,99500,9.00,10.0,12.0,13.0,0.131,0
2023-05-31 22:29:51,1685586591,23.5,40.6,99500,7.00,9.00,11.0,11.0,0.0491,0
2023-05-31 22:34:44,1685586884,23.4,40.7,99500,9.00,15.0,20.0,23.0,0.0433,0
2023-05-31 22:39:56,1685587196,23.3,41.0,99500,10.0,12.0,14.0,14.0,0.0426,0
2023-05-31 22:44:49,1685587490,23.2,41.3,99500,9.00,13.0,16.0,17.0,0.0278,0
2023-05-31 22:49:43,1685587783,23.1,41.3,99500,9.00,10.0,10.0,11.0,0.0407,0
2023-05-31 22:54:55,1685588095,22.9,41.5,99500,7.00,11.0,14.0,16.0,0.0407,0
2023-05-31 22:59:48,1685588389,22.7,41.9,99500,8.00,11.0,14.0,15.0,0.0288,0
2023-05-31 23:04:42,1685588683,22.6,42.4,99500,8.00,9.00,9.00,9.00,0.0331,0
2023-05-31 23:09:55,1685588995,22.4,46.0,99047,9.00,10.0,11.0,12.0,0.0331,0
2023-05-31 23:14:49,1685589289,22.2,42.9,99500,9.00,13.0,16.0,17.0,0.0429,0
2023-05-31 23:19:43,1685589583,22.0,43.4,99500,8.00,11.0,13.0,15.0,0.0363,0
2023-05-31 23:24:55,1685589896,21.8,43.9,99500,8.00,11.0,13.0,14.0,0.0290,0
2023-05-31 23:29:50,1685590190,21.7,44.2,99500,8.00,12.0,15.0,16.0,0.0228,0
2023-05-31 23:34:44,1685590485,21.5,44.4,99500,8.00,10.0,12.0,13.0,0.0211,0
2023-05-31 23:39:57,1685590798,21.3,44.9,99500,8.00,10.0,12.0,13.0,0.0186,0
2023-05-31 23:44:52,1685591092,21.1,45.4,99500,8.00,11.0,13.0,14.0,0.0182,0
2023-05-31 23:49:46,1685591387,20.9,45.5,99500,10.0,12.0,13.0,13.0,0.0182,0
2023-05-31 23:54:59,1685591700,20.7,46.0,99500,7.00,10.0,13.0,15.0,0.0555,0
2023-05-31 23:59:54,1685591995,20.5,46.4,99500,8.00,11.0,13.0,14.0,0.0277,0
2023-06-01 00:04:49,1685592290,20.4,46.8,99500,10.0,12.0,14.0,16.0,0.0314,0
2023-06-01 00:09:44,1685592585,20.3,47.1,99500,9.00,11.0,12.0,14.0,0.0349,0
2023-06-01 00:14:58,1685592898,20.1,47.8,99500,9.00,9.00,11.0,11.0,0.0613,0
2023-06-01 00:19:53,1685593193,20.0,48.2,99500,7.00,12.0,15.0,17.0,0.0703,0
2023-06-01 00:24:48,1685593489,19.9,48.1,99550,8.00,10.0,12.0,12.0,0.0238,0
2023-06-01 00:29:43,1685593783,19.8,48.5,99500,9.00,10.0,12.0,12.0,0.0249,0
2023-06-01 00:34:56,1685594097,19.7,48.5,99500,8.00,12.0,16.0,18.0,0.0506,0
2023-06-01 00:39:52,1685594392,19.6,49.0,99519,8.00,10.0,12.0,13.0,0.0572,0
2023-06-01 00:44:47,1685594688,19.5,49.1,99506,9.00,11.0,11.0,12.0,0.0572,0
2023-06-01 00:49:43,1685594983,19.4,49.7,99556,9.00,10.0,12.0,13.0,0.0407,0
2023-06-01 00:54:57,1685595298,19.3,50.1,99559,8.00,12.0,15.0,17.0,0.0354,0
2023-06-01 00:59:53,1685595593,19.3,50.1,99600,9.00,16.0,21.0,24.0,0.0446,0
2023-06-01 01:04:48,1685595889,19.3,50.5,99581,8.00,12.0,14.0,16.0,0.0711,0
2023-06-01 01:09:44,1685596184,19.3,50.0,99575,9.00,9.00,11.0,12.0,0.0661,0
2023-06-01 01:14:58,1685596499,19.3,50.2,99582,11.0,14.0,16.0,17.0,0.0333,0
2023-06-01 01:19:54,1685596794,19.2,50.5,99506,7.00,9.00,11.0,12.0,0.0270,0
2023-06-01 01:24:49,1685597090,19.1,50.6,99519,9.00,9.00,9.00,10.0,0.0561,0
2023-06-01 01:29:45,1685597385,19.0,50.9,99556,11.0,14.0,18.0,20.0,0.0394,0
2023-06-01 01:34:59,1685597700,19.0,51.3,99500,8.00,10.0,12.0,12.0,0.0511,0
2023-06-01 01:39:55,1685597995,19.0,51.6,99500,10.0,14.0,17.0,18.0,0.0363,0
2023-06-01 01:44:50,1685598291,19.1,51.7,99500,11.0,11.0,11.0,11.0,0.0302,0
2023-06-01 01:49:46,1685598587,19.2,51.4,99500,9.00,12.0,15.0,16.0,0.0483,0
2023-06-01 01:54:42,1685598882,19.3,50.9,99500,11.0,16.0,19.0,21.0,0.0428,0
2023-06-01 01:59:56,1685599196,19.3,50.7,99500,12.0,15.0,18.0,19.0,0.0538,0
2023-06-01 02:04:51,1685599492,19.2,50.6,99500,8.00,10.0,12.0,13.0,0.0631,0
2023-06-01 02:09:47,1685599788,19.1,50.8,99500,7.00,9.00,11.0,12.0,0.0554,0
2023-06-01 02:14:43,1685600083,19.1,50.9,99500,11.0,14.0,16.0,17.0,0.0281,0
2023-06-01 02:19:57,1685600397,19.0,51.1,99500,8.00,10.0,11.0,11.0,0.0522,0
2023-06-01 02:24:53,1685600693,19.0,51.5,99500,7.00,10.0,12.0,13.0,0.0472,0
2023-06-01 02:29:49,1685600989,19.0,51.6,99500,11.0,12.0,12.0,12.0,0.0206,0
2023-06-01 02:34:44,1685601285,19.0,51.4,99500,6.00,8.00,9.00,10.0,0.0519,0
2023-06-01 02:39:59,1685601600,19.1,51.3,99500,7.00,9.00,11.0,13.0,0.0449,0
2023-06-01 02:44:55,1685601895,19.0,51.0,99500,9.00,11.0,13.0,14.0,0.0454,0
2023-06-01 02:49:50,1685602191,18.9,50.8,99500,8.00,10.0,11.0,12.0,0.0293,0
2023-06-01 02:54:46,1685602487,18.8,51.0,99500,8.00,10.0,13.0,15.0,0.0273,0
2023-06-01 02:59:42,1685602783,18.6,51.2,99500,9.00,12.0,14.0,16.0,0.0512,0
2023-06-01 03:04:57,1685603097,18.5,51.0,99500,8.00,12.0,15.0,17.0,0.0512,0
2023-06-01 03:09:53,1685603393,18.4,51.6,99500,9.00,10.0,12.0,13.0,0.0465,0
2023-06-01 03:14:49,1685603689,18.3,51.6,99500,8.00,9.00,12.0,13.0,0.0377,0
2023-06-01 03:19:45,1685603985,18.3,52.5,99500,7.00,9.00,10.0,11.0,0.0247,0
2023-06-01 03:24:59,1685604300,18.2,52.9,99500,8.00,11.0,12.0,13.0,0.0329,0
2023-06-01 03:29:55,1685604596,18.2,53.2,99500,10.0,11.0,11.0,13.0,0.0232,0
2023-06-01 03:34:52,1685604892,18.2,53.7,99500,10.0,11.0,11.0,11.0,0.0345,0
2023-06-01 03:39:48,1685605188,18.3,53.4,99500,8.00,11.0,13.0,15.0,0.0294,0
2023-06-01 03:44:44,1685605484,18.3,52.6,99500,8.00,14.0,18.0,20.0,0.0300,0
2023-06-01 03:49:58,1685605799,18.2,52.0,99500,9.00,12.0,14.0,16.0,0.104,0
2023-06-01 03:54:54,1685606095,18.2,51.9,99500,10.0,15.0,18.0,20.0,0.101,0
2023-06-01 03:59:50,1685606391,18.1,52.1,99500,10.0,12.0,13.0,14.0,0.0662,0
2023-06-01 04:04:46,1685606687,17.9,52.1,99500,9.00,14.0,18.0,20.0,0.0694,0
2023-06-01 04:09:43,1685606983,17.8,52.5,99500,9.00,11.0,12.0,13.0,0.0240,0
2023-06-01 04:14:58,1685607298,17.7,52.5,99500,7.00,10.0,12.0,13.0,0.0247,0
2023-06-01 04:19:54,1685607594,17.6,52.4,99500,8.00,11.0,14.0,15.0,0.0478,0
2023-06-01 04:24:50,1685607891,17.5,52.6,99500,10.0,12.0,16.0,18.0,0.0385,0
2023-06-01 04:29:46,1685608186,17.4,52.7,99500,9.00,13.0,16.0,18.0,0.0430,0
2023-06-01 04:34:42,1685608483,17.3,53.0,99500,11.0,12.0,16.0,18.0,0.0400,0
2023-06-01 04:39:57,1685608798,17.2,53.4,99500,9.00,11.0,13.0,14.0,0.0376,0
2023-06-01 04:44:54,1685609095,17.1,53.2,99500,12.0,14.0,16.0,17.0,0.0405,0
2023-06-01 04:49:51,1685609391,17.0,53.6,99500,8.00,10.0,11.0,12.0,0.0261,0
2023-06-01 04:54:47,1685609688,16.9,53.5,99525,8.00,9.00,10.0,10.0,0.0202,0
2023-06-01 04:59:44,1685609985,16.9,53.5,99531,9.00,11.0,12.0,13.0,0.0262,0
2023-06-01 05:04:59,1685610300,16.8,54.0,99600,12.0,21.0,28.0,31.0,0.0384,0
2023-06-01 05:09:56,1685610597,16.7,54.1,99600,7.00,12.0,17.0,19.0,0.0434,0
2023-06-01 05:14:53,1685610893,16.7,53.9,99600,8.00,10.0,12.0,13.0,0.0434,0
2023-06-01 05:19:50,1685611190,16.7,53.9,99600,9.00,11.0,13.0,14.0,0.0211,0
2023-06-01 05:24:47,1685611487,16.6,54.3,99600,7.00,9.00,10.0,10.0,0.0322,0
2023-06-01 05:29:43,1685611784,16.6,54.1,99600,10.0,12.0,13.0,14.0,0.0351,0
2023-06-01 05:34:59,1685612099,16.6,54.5,99600,9.00,11.0,12.0,13.0,0.0515,0
2023-06-01 08:19:55,1685621996,27.8,37.1,99600,10.0,10.0,10.0,10.0,,
2023-06-01 08:24:45,1685622285,28.1,36.1,99600,8.00,12.0,14.0,15.0,,
2023-06-01 08:29:53,1685622593,28.4,35.1,99600,10.0,12.0,13.0,13.0,,
2023-06-01 08:34:42,1685622883,28.6,34.9,99600,10.0,12.0,13.0,14.0,,
2023-06-01 08:39:49,1685623190,28.9,34.3,99600,14.0,25.0,36.0,41.0,,
2023-06-01 08:44:56,1685623496,29.0,33.4,99600,12.0,15.0,17.0,18.0,0.171,0
2023-06-01 08:49:45,1685623785,29.3,33.4,99600,8.00,8.00,9.00,10.0,0.141,0
2023-06-01 08:54:51,1685624092,29.5,32.8,99600,9.00,10.0,11.0,11.0,0.0706,0
2023-06-01 08:59:57,1685624398,29.7,32.5,99600,8.00,10.0,11.0,12.0,0.0308,0
2023-06-01 09:04:46,1685624687,29.9,32.1,99600,11.0,11.0,11.0,12.0,0.0123,0
2023-06-01 09:09:53,1685624993,30.1,31.8,99600,8.00,10.0,11.0,12.0,0.0116,0
2023-06-01 09:11:59,1685625119,30.2,31.6,99600,9.00,12.0,14.0,15.0,0.0136,0
2023-06-01 12:34:48,1685637289,39.4,19.5,99400,8.00,14.0,19.0,21.0,,
2023-06-01 12:39:15,1685637555,39.5,19.3,99400,12.0,16.0,19.0,20.0,,
2023-06-01 12:49:57,1685638197,40.2,19.0,99308,24.0,62.0,93.0,108,,
2023-06-01 12:54:58,1685638499,40.5,18.7,99300,11.0,19.0,26.0,29.0,0.457,0
2023-06-01 13:04:47,1685639087,39.8,19.4,99300,8.00,9.00,9.00,9.00,0.247,0
2023-06-01 13:09:49,1685639389,39.6,19.9,99300,9.00,11.0,11.0,12.0,0.490,0
2023-06-01 13:11:18,1685639478,39.5,20.1,99300,8.00,8.00,8.00,8.00,0.244,0
2023-06-01 13:19:46,1685639987,39.8,18.3,99300,7.00,9.00,10.0,11.0,0.187,0
2023-06-01 13:24:48,1685640288,40.0,17.1,99300,11.0,11.0,11.0,12.0,0.0788,0
2023-06-01 13:27:28,1685640448,40.0,17.1,99300,8.00,9.00,9.00,9.00,0.0103,0
2023-06-01 13:39:56,1685641196,40.5,16.1,99300,8.00,9.00,9.00,10.0,0.0703,0
2023-06-01 13:43:28,1685641409,40.8,15.4,99300,15.0,30.0,43.0,49.0,0.109,0
2023-06-01 13:54:51,1685642092,41.1,14.3,99300,7.00,8.00,10.0,12.0,0.388,0
2023-06-01 13:59:52,1685642392,41.4,14.3,99300,10.0,11.0,15.0,17.0,0.382,0
2023-06-01 14:00:44,1685642445,41.5,14.2,99300,5.00,6.00,7.00,7.00,0.295,0
2023-06-01 14:09:46,1685642986,41.7,13.8,99200,24.0,60.0,90.0,104,0.260,0
2023-06-01 14:14:46,1685643287,41.8,13.5,99200,19.0,39.0,55.0,63.0,0.445,0
2023-06-01 14:15:39,1685643340,41.8,13.5,99200,8.00,8.00,8.00,8.00,0.445,0
2023-06-01 14:24:50,1685643891,41.9,13.1,99200,6.00,7.00,8.00,8.00,0.335,0
2023-06-01 14:29:50,1685644191,41.9,13.2,99200,7.00,8.00,9.00,10.0,0.498,0
2023-06-01 14:32:46,1685644367,41.9,13.2,99200,6.00,6.00,6.00,7.00,0.401,0
2023-06-01 14:39:47,1685644787,42.2,13.3,99200,6.00,8.00,10.0,11.0,0.169,0
2023-06-01 14:44:47,1685645087,42.1,13.2,99200,7.00,8.00,8.00,9.00,0.0147,0
2023-06-01 14:49:11,1685645352,42.0,12.8,99293,10.0,10.0,10.0,10.0,0.0147,0
2023-06-01 14:54:50,1685645691,41.0,12.8,99353,6.00,7.00,9.00,9.00,0.0795,0
2023-06-01 14:59:52,1685645993,39.4,14.1,99400,9.00,27.0,41.0,48.0,0.0616,0
2023-06-01 15:04:55,1685646295,38.1,15.4,99400,4.00,7.00,9.00,10.0,0.0861,0
2023-06-01 15:09:58,1685646599,36.9,18.0,99400,4.00,4.00,5.00,5.00,0.0861,0
2023-06-01 15:14:44,1685646885,35.7,19.9,99400,4.00,6.00,8.00,9.00,0.0456,0
2023-06-01 15:19:48,1685647189,35.2,21.2,99400,6.00,8.00,9.00,10.0,0.0132,0
2023-06-01 15:20:06,1685647206,35.1,22.0,99400,3.00,3.00,3.00,3.00,0.0132,0
2023-06-01 15:49:45,1685648985,31.5,29.5,99300,6.00,9.00,12.0,14.0,,
2023-06-01 15:53:38,1685649218,31.2,30.1,99369,6.00,7.00,10.0,11.0,,
2023-06-01 15:59:46,1685649586,31.1,30.5,99400,6.00,9.00,11.0,12.0,,
2023-06-01 16:04:52,1685649892,31.1,30.5,99400,8.00,8.00,11.0,12.0,0.0146,0
2023-06-01 16:08:46,1685650126,31.2,30.3,99485,7.00,8.00,8.00,8.00,0.0336,0
2023-06-01 16:19:45,1685650785,31.1,30.8,99500,7.00,8.00,8.00,8.00,0.00990,0
2023-06-01 16:24:52,1685651092,31.1,31.4,99500,8.00,9.00,10.0,10.0,0.0107,0
2023-06-01 16:26:21,1685651181,31.0,31.9,99500,9.00,9.00,9.00,9.00,0.00760,0
2023-06-01 16:34:58,1685651698,30.9,32.1,99500,8.00,9.00,9.00,10.0,0.0127,0
2023-06-01 16:39:47,1685651987,30.9,31.7,99500,8.00,15.0,22.0,25.0,0.0453,0
2023-06-01 16:44:54,1685652294,30.8,31.4,99500,6.00,7.00,9.00,10.0,0.0453,0
2023-06-01 16:49:43,1685652583,30.7,30.9,99500,7.00,9.00,11.0,12.0,0.0664,0
2023-06-01 16:54:50,1685652891,30.6,31.0,99500,5.00,7.00,8.00,8.00,0.0410,0
2023-06-01 16:59:58,1685653198,30.7,31.0,99500,5.00,8.00,12.0,13.0,0.0222,0
2023-06-01 17:04:47,1685653487,30.7,31.0,99500,6.00,6.00,6.00,7.00,0.0139,0
2023-06-01 17:09:54,1685653795,30.8,31.1,99500,6.00,7.00,7.00,7.00,0.0254,0
2023-06-01 17:13:49,1685654030,31.0,31.2,99500,7.00,9.00,11.0,12.0,0.0357,0
2023-06-01 17:44:48,1685655888,31.8,29.9,99400,6.00,7.00,7.00,8.00,,
2023-06-01 17:47:47,1685656067,31.9,29.7,99400,6.00,8.00,10.0,10.0,,
2023-06-01 17:54:47,1685656488,32.3,29.2,99400,6.00,7.00,7.00,7.00,,
2023-06-01 17:59:54,1685656794,32.4,29.2,99400,5.00,9.00,12.0,14.0,0.0265,0
2023-06-01 18:03:29,1685657010,32.5,28.9,99400,5.00,7.00,8.00,9.00,0.0231,0
2023-06-01 18:14:55,1685657695,33.0,28.5,99400,7.00,10.0,12.0,13.0,0.0157,0
2023-06-01 18:19:06,1685657947,33.2,28.2,99400,5.00,7.00,9.00,9.00,0.0275,0
2023-06-01 18:29:59,1685658600,33.3,28.1,99400,5.00,10.0,14.0,16.0,0.0275,0
2023-06-01 18:34:46,1685658887,33.5,28.8,99400,13.0,35.0,54.0,63.0,2.05,0
2023-06-01 18:39:43,1685659183,33.6,29.0,99400,14.0,31.0,44.0,51.0,2.99,0
2023-06-01 18:44:48,1685659488,33.7,28.7,99400,10.0,15.0,20.0,23.0,1.97,0
2023-06-01 18:49:53,1685659793,33.9,28.4,99400,9.00,15.0,22.0,26.0,1.66,0
2023-06-01 18:54:58,1685660098,33.8,29.9,99400,12.0,27.0,39.0,45.0,0.634,0
2023-06-01 18:59:45,1685660385,33.7,29.7,99400,10.0,20.0,29.0,34.0,0.371,0
2023-06-01 19:04:50,1685660691,33.3,29.7,99400,5.00,6.00,7.00,8.00,0.895,0
2023-06-01 19:09:56,1685660997,32.7,31.0,99400,5.00,8.00,10.0,12.0,1.12,0
2023-06-01 19:14:45,1685661285,32.3,31.1,99400,7.00,12.0,16.0,18.0,0.0575,0
2023-06-01 19:19:51,1685661591,31.9,32.3,99400,6.00,6.00,6.00,6.00,0.0212,0
2023-06-01 19:24:58,1685661898,31.4,33.2,99400,6.00,10.0,14.0,16.0,0.0335,0
2023-06-01 19:29:46,1685662187,31.0,34.3,99400,5.00,7.00,8.00,8.00,0.0267,0
2023-06-01 19:34:54,1685662494,30.7,35.7,99400,5.00,6.00,7.00,8.00,0.0387,0
2023-06-01 19:39:42,1685662782,30.2,36.9,99400,7.00,8.00,9.00,11.0,0.0531,0
2023-06-01 19:44:50,1685663090,29.7,37.7,99400,6.00,6.00,7.00,8.00,0.0260,0
2023-06-01 19:49:58,1685663398,29.3,38.9,99400,5.00,7.00,9.00,10.0,0.0153,0
2023-06-01 19:54:48,1685663688,28.8,39.4,99400,8.00,9.00,9.00,9.00,0.0157,0
2023-06-01 19:59:57,1685663997,28.4,40.0,99400,6.00,9.00,10.0,11.0,0.0144,0
2023-06-01 20:04:47,1685664288,28.0,40.7,99400,6.00,8.00,11.0,12.0,0.0223,0
2023-06-01 20:09:56,1685664597,27.6,41.5,99400,8.00,8.00,8.00,8.00,0.0184,0
2023-06-01 20:14:48,1685664888,27.2,42.3,99494,6.00,9.00,11.0,13.0,0.0184,0
2023-06-01 20:19:57,1685665197,26.9,42.4,99500,7.00,9.00,10.0,10.0,0.0248,0
2023-06-01 20:24:48,1685665489,26.7,42.9,99500,5.00,7.00,8.00,9.00,0.0374,0
2023-06-01 20:29:58,1685665799,26.4,43.3,99500,8.00,13.0,17.0,19.0,0.0437,0
2023-06-01 20:34:50,1685666090,26.2,43.5,99500,7.00,11.0,14.0,15.0,0.0363,0
2023-06-01 20:39:42,1685666382,26.0,43.6,99500,10.0,11.0,11.0,11.0,0.0105,0
2023-06-01 20:44:52,1685666692,25.8,44.0,99500,5.00,8.00,10.0,11.0,0.0256,0
2023-06-01 20:49:44,1685666984,25.6,44.1,99500,6.00,8.00,10.0,11.0,0.0343,0
2023-06-01 20:54:54,1685667295,25.5,43.9,99500,6.00,7.00,8.00,8.00,0.0208,0
2023-06-01 20:59:46,1685667587,25.4,43.7,99463,7.00,11.0,13.0,14.0,0.0125,0
2023-06-01 21:04:57,1685667897,25.3,43.1,99400,5.00,7.00,10.0,11.0,0.0214,0
2023-06-01 21:09:49,1685668190,25.4,43.1,99400,7.00,8.00,8.00,8.00,0.0230,0
2023-06-01 21:14:41,1685668482,25.4,42.7,99400,8.00,14.0,19.0,21.0,0.0365,0
2023-06-01 21:19:52,1685668793,25.5,42.6,99400,4.00,6.00,7.00,8.00,0.0771,0
2023-06-01 21:24:44,1685669085,25.6,42.3,99400,4.00,6.00,8.00,9.00,0.114,0
2023-06-01 21:29:55,1685669395,25.6,42.5,99400,5.00,7.00,10.0,11.0,0.0126,0
2023-06-01 21:34:47,1685669688,25.5,42.5,99400,5.00,9.00,11.0,12.0,0.0163,0
2023-06-01 21:39:58,1685669999,25.5,42.1,99400,8.00,9.00,9.00,10.0,0.0346,0
2023-06-01 21:44:51,1685670291,25.5,41.5,99400,5.00,6.00,9.00,10.0,0.0386,0
2023-06-01 21:49:43,1685670583,25.6,41.6,99400,3.00,6.00,7.00,8.00,0.0282,0
2023-06-01 21:54:54,1685670894,25.6,41.9,99400,6.00,12.0,16.0,19.0,0.0150,0
2023-06-01 21:59:46,1685671187,25.5,40.8,99400,5.00,7.00,10.0,12.0,0.0350,0
2023-06-01 22:04:57,1685671497,25.6,40.9,99400,5.00,6.00,8.00,9.00,0.0500,0
2023-06-01 22:09:49,1685671790,25.6,41.1,99400,4.00,6.00,9.00,10.0,0.0280,0
2023-06-01 22:14:42,1685672082,25.6,40.7,99400,4.00,5.00,7.00,8.00,0.0114,0
2023-06-01 22:19:52,1685672393,25.6,40.8,99400,5.00,7.00,10.0,11.0,0.0115,0
2023-06-01 22:24:45,1685672685,25.5,41.1,99400,3.00,4.00,5.00,5.00,0.0292,0
2023-06-01 22:29:56,1685672996,25.5,41.0,99400,5.00,5.00,7.00,8.00,0.0374,0
2023-06-01 22:34:48,1685673289,25.4,40.6,99400,5.00,5.00,5.00,5.00,0.0220,0
2023-06-01 22:39:59,1685673599,25.5,40.9,99400,4.00,5.00,8.00,9.00,0.0117,0
2023-06-01 22:44:51,1685673892,25.4,41.0,99400,5.00,6.00,9.00,10.0,0.0148,0
2023-06-01 22:49:44,1685674184,25.3,40.9,99400,3.00,4.00,5.00,5.00,0.0207,0
2023-06-01 22:54:55,1685674495,25.2,40.7,99371,3.00,4.00,5.00,6.00,0.0222,0
2023-06-01 22:59:47,1685674788,25.2,40.5,99400,4.00,5.00,5.00,6.00,0.0127,0
2023-06-01 23:04:58,1685675098,25.2,40.2,99400,5.00,10.0,14.0,17.0,0.0119,0
2023-06-01 23:09:50,1685675391,25.4,39.2,99400,4.00,4.00,4.00,4.00,0.0287,0
2023-06-01 23:14:43,1685675683,25.6,38.6,99400,4.00,6.00,7.00,8.00,0.0287,0
2023-06-01 23:19:53,1685675994,25.9,37.8,99400,3.00,7.00,9.00,11.0,0.0305,0
2023-06-01 23:24:45,1685676286,26.2,37.3,99400,5.00,6.00,8.00,9.00,0.0132,0
2023-06-01 23:29:56,1685676596,26.5,36.7,99400,4.00,5.00,7.00,8.00,0.0188,0
2023-06-01 23:34:48,1685676888,26.7,36.2,99400,4.00,6.00,8.00,9.00,0.0225,0
2023-06-01 23:39:57,1685677198,26.9,35.9,99400,5.00,5.00,6.00,6.00,0.0193,0
2023-06-01 23:44:49,1685677490,27.0,35.5,99400,8.00,8.00,9.00,10.0,0.0170,0
2023-06-01 23:49:59,1685677799,27.1,35.3,99400,4.00,5.00,5.00,6.00,0.0295,0
2023-06-01 23:54:50,1685678091,27.2,35.1,99400,3.00,4.00,6.00,7.00,0.0242,0
2023-06-01 23:59:42,1685678382,27.3,35.1,99400,4.00,5.00,5.00,5.00,0.0196,0
2023-06-02 00:04:52,1685678692,27.3,34.8,99312,4.00,6.00,7.00,7.00,0.0149,0
2023-06-02 00:09:43,1685678984,27.3,34.6,99300,3.00,5.00,8.00,9.00,0.0111,0
2023-06-02 00:14:53,1685679293,27.3,34.6,99300,3.00,3.00,4.00,4.00,0.0140,0
2023-06-02 00:19:44,1685679585,27.2,34.7,99300,4.00,5.00,6.00,7.00,0.0155,0
2023-06-02 00:24:54,1685679894,27.2,34.9,99300,3.00,4.00,5.00,6.00,0.0127,0
2023-06-02 00:29:45,1685680186,27.1,34.9,99300,4.00,5.00,7.00,8.00,0.0178,0
2023-06-02 00:34:55,1685680496,27.1,35.0,99300,4.00,6.00,8.00,9.00,0.0199,0
2023-06-02 00:39:47,1685680787,27.0,35.1,99300,3.00,4.00,5.00,5.00,0.0188,0
2023-06-02 00:44:56,1685681097,27.0,35.0,99300,3.00,3.00,4.00,4.00,0.0280,0
2023-06-02 00:49:48,1685681388,27.0,35.0,99300,4.00,4.00,4.00,4.00,0.0100,0
2023-06-02 00:54:58,1685681698,27.0,35.0,99300,3.00,4.00,6.00,6.00,0.00990,0
2023-06-02 00:59:49,1685681990,27.0,39.3,93094,5.00,7.00,9.00,11.0,0.0303,0
2023-06-02 01:04:59,1685682299,26.9,35.2,99300,4.00,5.00,6.00,6.00,0.0560,0
2023-06-02 01:09:51,1685682591,26.8,35.1,99300,4.00,5.00,7.00,7.00,0.0292,0
2023-06-02 01:14:42,1685682883,26.8,35.1,99300,4.00,10.0,15.0,18.0,0.0159,0
2023-06-02 01:19:52,1685683193,26.8,35.1,99300,4.00,5.00,7.00,8.00,0.0345,0
2023-06-02 01:24:44,1685683484,26.8,35.2,99300,4.00,4.00,4.00,4.00,0.0314,0
2023-06-02 01:29:54,1685683794,26.8,35.2,99300,5.00,10.0,14.0,16.0,0.0329,0
2023-06-02 01:34:46,1685684086,26.7,35.3,99300,6.00,6.00,6.00,6.00,0.0181,0
2023-06-02 01:39:55,1685684395,26.7,35.3,99300,5.00,6.00,8.00,9.00,0.0181,0
2023-06-02 01:44:46,1685684687,26.7,35.3,99300,4.00,7.00,10.0,11.0,0.0179,0
2023-06-02 01:49:56,1685684997,26.7,35.4,99300,5.00,6.00,7.00,8.00,0.0168,0
2023-06-02 01:54:48,1685685289,26.7,35.2,99300,5.00,9.00,12.0,13.0,0.0115,0
2023-06-02 01:59:58,1685685599,26.7,35.3,99300,6.00,7.00,7.00,7.00,0.0123,0
2023-06-02 02:04:50,1685685890,26.6,35.5,99300,4.00,7.00,9.00,10.0,0.0128,0
2023-06-02 02:09:42,1685686182,26.5,35.5,99300,5.00,7.00,9.00,10.0,0.0148,0
2023-06-02 02:14:52,1685686492,26.5,35.8,99300,6.00,6.00,6.00,6.00,0.0156,0
2023-06-02 02:19:44,1685686784,26.5,36.0,99300,4.00,6.00,8.00,9.00,0.0146,0
2023-06-02 02:24:54,1685687094,26.4,36.4,99300,7.00,10.0,15.0,18.0,0.0267,0
2023-06-02 02:29:46,1685687386,26.2,37.0,99200,5.00,7.00,7.00,8.00,0.0535,0
2023-06-02 02:34:56,1685687697,26.0,37.7,99200,6.00,7.00,9.00,9.00,0.0452,0
2023-06-02 02:39:48,1685687989,25.8,38.1,99213,6.00,7.00,9.00,10.0,0.0452,0
2023-06-02 02:44:59,1685688299,25.5,38.6,99200,4.00,6.00,8.00,9.00,0.0125,0
2023-06-02 02:49:51,1685688592,25.3,39.4,99200,5.00,5.00,6.00,6.00,0.0143,0
2023-06-02 02:54:44,1685688884,25.1,39.8,99200,6.00,7.00,7.00,8.00,0.0252,0
2023-06-02 02:59:55,1685689195,24.9,40.2,99200,4.00,6.00,7.00,8.00,0.0198,0
2023-06-02 03:04:47,1685689488,24.8,40.8,99200,5.00,7.00,8.00,8.00,0.0222,0
2023-06-02 03:09:58,1685689799,24.6,41.3,99200,6.00,8.00,9.00,10.0,0.0311,0
2023-06-02 03:14:54,1685690094,24.5,41.9,99200,6.00,6.00,6.00,7.00,0.0251,0
2023-06-02 03:19:47,1685690387,24.4,42.0,99200,6.00,7.00,7.00,7.00,0.0197,0
2023-06-02 03:24:58,1685690698,24.3,46.1,93365,6.00,6.00,6.00,7.00,0.0172,0
2023-06-02 03:29:51,1685690991,24.3,42.8,99200,6.00,8.00,10.0,12.0,0.0268,0
2023-06-02 03:34:44,1685691285,24.2,43.1,99200,6.00,8.00,10.0,12.0,0.0338,0
2023-06-02 03:39:55,1685691596,24.1,43.4,99200,4.00,8.00,12.0,14.0,0.0456,0
2023-06-02 03:44:49,1685691889,23.9,47.4,93000,5.00,11.0,15.0,17.0,0.0167,0
2023-06-02 03:49:42,1685692182,23.9,44.1,99200,5.00,7.00,8.00,8.00,0.0194,0
2023-06-02 03:54:53,1685692494,23.8,44.3,99200,6.00,6.00,7.00,7.00,0.0225,0
2023-06-02 03:59:46,1685692787,23.7,44.4,99200,4.00,6.00,8.00,10.0,0.0172,0
2023-06-02 04:04:58,1685693099,23.6,44.9,99200,5.00,6.00,8.00,9.00,0.0234,0
2023-06-02 04:09:51,1685693392,23.5,45.1,99200,7.00,9.00,13.0,15.0,0.0234,0
2023-06-02 04:14:45,1685693685,23.5,45.4,99200,5.00,7.00,9.00,10.0,0.0109,0
2023-06-02 04:19:56,1685693997,23.4,45.7,99200,4.00,6.00,8.00,8.00,0.0210,0
2023-06-02 04:24:50,1685694291,23.4,46.1,99200,7.00,9.00,13.0,14.0,0.0193,0
2023-06-02 04:29:43,1685694584,23.3,46.4,99200,7.00,9.00,11.0,11.0,0.0218,0
2023-06-02 04:34:55,1685694896,23.2,47.0,99200,8.00,8.00,8.00,8.00,0.0276,0
2023-06-02 04:39:49,1685695189,23.0,47.2,99200,8.00,9.00,9.00,9.00,0.0276,0
2023-06-02 04:44:42,1685695483,22.9,47.4,99256,6.00,8.00,10.0,11.0,0.0261,0
2023-06-02 04:49:54,1685695795,22.9,47.7,99300,6.00,8.00,10.0,11.0,0.0154,0
2023-06-02 04:54:48,1685696089,22.8,47.9,99300,7.00,7.00,7.00,8.00,0.0139,0
2023-06-02 04:59:42,1685696382,22.7,48.1,99300,7.00,7.00,7.00,7.00,0.0249,0
2023-06-02 05:04:54,1685696695,22.6,48.4,99300,6.00,8.00,9.00,10.0,0.0249,0
2023-06-02 05:09:48,1685696988,22.5,48.4,99300,5.00,7.00,8.00,8.00,0.0213,0
2023-06-02 05:14:42,1685697282,22.5,48.7,99300,6.00,7.00,8.00,9.00,0.0177,0
2023-06-02 05:19:54,1685697594,22.4,48.9,99300,6.00,7.00,7.00,8.00,0.0126,0
2023-06-02 05:24:48,1685697888,22.4,49.2,99300,4.00,5.00,5.00,5.00,0.0168,0
2023-06-02 05:29:42,1685698182,22.4,49.3,99300,7.00,7.00,7.00,7.00,0.0168,0
2023-06-02 05:34:54,1685698494,22.5,49.2,99300,6.00,6.00,6.00,6.00,0.0152,0
2023-06-02 05:39:48,1685698788,22.4,49.4,99300,6.00,7.00,8.00,8.00,0.0127,0
2023-06-02 05:44:42,1685699082,22.4,49.6,99300,5.00,6.00,7.00,8.00,0.0219,0
2023-06-02 05:49:54,1685699394,22.4,49.7,99300,5.00,8.00,10.0,11.0,0.0176,0
2023-06-02 05:54:48,1685699688,22.4,50.0,99300,8.00,16.0,22.0,25.0,0.0691,0
2023-06-02 05:59:42,1685699982,22.5,50.2,99300,7.00,8.00,9.00,10.0,0.0691,0
2023-06-02 06:04:54,1685700294,22.5,50.0,99300,8.00,10.0,11.0,12.0,0.0168,0
2023-06-02 06:09:48,1685700588,22.6,50.1,99300,6.00,7.00,9.00,10.0,0.0305,0
2023-06-02 06:14:41,1685700882,22.6,50.2,99300,6.00,8.00,9.00,10.0,0.0271,0
2023-06-02 06:19:54,1685701194,22.6,50.1,99300,7.00,12.0,17.0,19.0,0.0188,0
2023-06-02 06:24:47,1685701488,22.7,50.3,99300,7.00,8.00,9.00,9.00,0.0414,0
2023-06-02 06:29:59,1685701800,22.7,50.1,99300,7.00,9.00,10.0,11.0,0.0370,0
2023-06-02 06:34:53,1685702094,22.7,50.2,99300,5.00,5.00,7.00,7.00,0.0453,0
2023-06-02 06:39:47,1685702387,22.7,50.3,99300,6.00,6.00,7.00,7.00,0.0370,0
2023-06-02 06:44:59,1685702699,22.7,50.2,99347,4.00,6.00,6.00,7.00,0.0126,0
2023-06-02 06:49:52,1685702993,22.7,50.5,99400,7.00,10.0,13.0,14.0,0.0197,0
2023-06-02 06:54:46,1685703287,22.7,50.3,99400,8.00,8.00,8.00,8.00,0.0197,0
2023-06-02 06:59:58,1685703599,22.6,50.5,99400,6.00,7.00,9.00,9.00,0.0137,0
2023-06-02 07:04:52,1685703892,22.6,50.7,99400,7.00,9.00,11.0,11.0,0.0289,0
2023-06-02 07:09:46,1685704186,22.6,50.9,99400,6.00,7.00,7.00,7.00,0.0406,0
2023-06-02 07:14:57,1685704498,22.7,50.4,99400,6.00,6.00,6.00,7.00,0.0406,0
2023-06-02 07:19:51,1685704792,22.8,50.4,99400,5.00,7.00,8.00,8.00,0.0104,0
2023-06-02 07:24:45,1685705085,22.9,50.9,99400,6.00,6.00,7.00,7.00,0.0232,0
2023-06-02 07:25:03,1685705103,22.9,51.1,99400,5.00,7.00,8.00,9.00,0.0101,0
2023-06-02 08:28:40,1685708920,24.3,49.5,99400,5.00,6.00,7.00,8.00,,
2023-06-02 12:24:46,1685723086,25.1,38.1,99400,7.00,8.00,9.00,9.00,,
2023-06-02 12:29:56,1685723396,25.1,37.8,99476,6.00,9.00,12.0,14.0,,
2023-06-02 12:34:47,1685723688,25.1,38.2,99500,9.00,11.0,14.0,16.0,0.0202,0
2023-06-02 12:37:49,1685723870,25.5,38.1,99500,7.00,10.0,12.0,13.0,0.0202,0
2023-06-02 12:54:56,1685724896,25.4,36.4,99500,7.00,9.00,13.0,15.0,,
2023-06-02 12:59:43,1685725184,25.5,36.6,99500,3.00,4.00,5.00,5.00,,
2023-06-02 13:04:54,1685725494,37.4,47.7,78659,6.00,14.0,19.0,22.0,,
2023-06-02 13:09:45,1685725786,25.5,36.6,99500,10.0,22.0,33.0,39.0,0.101,0
2023-06-02 13:10:22,1685725822,25.5,36.9,99500,6.00,8.00,9.00,10.0,0.143,0
2023-06-02 13:24:49,1685726689,25.9,36.1,99500,6.00,13.0,18.0,21.0,0.274,0
2023-06-02 13:28:08,1685726888,26.0,36.0,99500,7.00,10.0,14.0,16.0,0.274,0
2023-06-02 13:34:54,1685727295,26.0,34.8,99500,3.00,5.00,6.00,7.00,0.125,0
2023-06-02 13:39:45,1685727586,26.0,35.2,99500,6.00,15.0,22.0,25.0,0.170,0
2023-06-02 13:43:05,1685727786,26.0,34.7,99500,9.00,14.0,21.0,24.0,0.198,0
2023-06-02 13:54:54,1685728495,25.8,41.6,89550,4.00,7.00,9.00,10.0,0.196,0
2023-06-02 13:59:27,1685728767,25.9,35.1,99500,7.00,12.0,16.0,18.0,0.243,0
2023-06-02 14:09:51,1685729391,25.8,35.0,99400,6.00,11.0,15.0,17.0,0.0564,0
2023-06-02 14:14:41,1685729682,25.9,35.1,99400,5.00,6.00,8.00,9.00,0.122,0
2023-06-02 14:15:54,1685729755,25.9,34.4,99400,4.00,4.00,5.00,5.00,0.122,0
2023-06-02 14:29:51,1685730591,41.8,49.6,72729,5.00,7.00,11.0,12.0,0.0323,0
2023-06-02 14:32:16,1685730737,25.7,34.5,99438,6.00,17.0,26.0,30.0,0.0532,0
2023-06-02 14:39:58,1685731199,26.0,34.1,99400,3.00,4.00,5.00,6.00,0.125,0
2023-06-02 14:44:49,1685731490,26.0,34.4,99400,8.00,15.0,21.0,24.0,0.143,0
2023-06-02 14:48:27,1685731708,25.9,34.3,99400,4.00,7.00,11.0,13.0,0.143,0
2023-06-02 14:59:58,1685732399,25.8,34.1,99500,4.00,5.00,8.00,9.00,0.262,0
2023-06-02 15:04:49,1685732690,25.6,34.6,99500,5.00,8.00,10.0,12.0,0.262,0
2023-06-02 15:06:01,1685732762,25.5,34.7,99500,3.00,6.00,8.00,9.00,0.0398,0
2023-06-02 15:14:57,1685733298,25.5,35.1,99500,5.00,7.00,9.00,10.0,0.0118,0
2023-06-02 15:19:48,1685733588,25.7,34.8,99500,5.00,6.00,8.00,8.00,0.0150,0
2023-06-02 15:21:19,1685733679,25.9,34.5,99500,6.00,7.00,9.00,10.0,0.00575,0
2023-06-02 15:34:56,1685734497,26.4,33.8,99400,5.00,5.00,6.00,7.00,0.0167,0
2023-06-02 15:37:40,1685734660,26.4,33.3,99400,4.00,6.00,7.00,7.00,0.0175,0
2023-06-02 15:44:45,1685735086,26.4,33.7,99400,1.00,1.00,2.00,2.00,0.0175,0
2023-06-02 15:49:54,1685735394,26.3,33.3,99406,4.00,9.00,12.0,14.0,0.0309,0
2023-06-02 15:54:44,1685735685,25.9,33.8,99475,4.00,5.00,6.00,7.00,0.0334,0
2023-06-02 15:55:02,1685735703,25.8,34.0,99400,3.00,4.00,4.00,4.00,0.00777,0
2023-06-02 16:04:52,1685736293,25.5,34.2,99500,5.00,7.00,11.0,12.0,0.0166,0
2023-06-02 16:09:43,1685736584,25.1,34.2,99500,7.00,10.0,12.0,14.0,0.0314,0
2023-06-02 16:11:32,1685736692,24.6,34.7,99500,4.00,7.00,9.00,11.0,0.0154,0
2023-06-02 16:19:53,1685737193,24.0,35.5,99500,3.00,3.00,3.00,3.00,0.0181,0
2023-06-02 16:24:44,1685737485,23.8,36.4,99500,6.00,13.0,20.0,24.0,0.0284,0
2023-06-02 16:27:46,1685737666,23.7,36.9,99500,4.00,5.00,6.00,6.00,0.0371,0
2023-06-02 16:34:49,1685738089,23.8,37.2,99500,4.00,5.00,6.00,6.00,0.0312,0
2023-06-02 16:39:59,1685738399,23.7,37.1,99500,5.00,6.00,8.00,9.00,0.0677,0
2023-06-02 16:44:14,1685738654,23.4,37.4,99500,7.00,11.0,16.0,18.0,0.0296,0
2023-06-02 16:54:47,1685739287,23.2,37.8,99500,4.00,6.00,7.00,8.00,0.0394,0
2023-06-02 16:59:21,1685739562,23.1,38.0,99500,7.00,12.0,15.0,17.0,0.0394,0
2023-06-02 17:09:57,1685740198,23.7,37.2,99500,5.00,5.00,6.00,6.00,0.0118,0
2023-06-02 17:14:49,1685740489,23.6,37.2,99500,7.00,9.00,10.0,11.0,0.0238,0
2023-06-02 17:16:56,1685740616,23.6,37.1,99500,8.00,10.0,14.0,15.0,0.0215,0
2023-06-02 17:24:58,1685741098,23.9,36.7,99500,9.00,16.0,22.0,25.0,0.0485,0
2023-06-02 17:29:49,1685741390,24.1,36.4,99500,9.00,16.0,23.0,27.0,0.0863,0
2023-06-02 17:33:27,1685741607,24.2,35.3,99500,6.00,10.0,14.0,16.0,0.0813,0
2023-06-02 17:39:58,1685741998,23.8,35.6,99500,5.00,5.00,5.00,5.00,0.0489,0
2023-06-02 17:44:49,1685742290,23.5,36.0,99500,9.00,11.0,12.0,13.0,0.114,0
2023-06-02 17:48:28,1685742508,23.1,36.8,99500,7.00,11.0,13.0,14.0,0.0194,0
2023-06-02 17:59:50,1685743191,23.2,36.7,99533,6.00,9.00,11.0,13.0,0.0386,0
2023-06-02 18:04:42,1685743483,23.2,36.2,99600,10.0,13.0,14.0,16.0,0.0875,0
2023-06-02 18:09:53,1685743794,22.6,36.7,99600,9.00,11.0,12.0,13.0,0.0725,0
2023-06-02 18:14:46,1685744086,22.1,37.3,99600,9.00,13.0,16.0,18.0,0.0301,0
2023-06-02 18:19:58,1685744398,21.7,38.4,99600,7.00,9.00,12.0,13.0,0.0158,0
2023-06-02 18:24:52,1685744692,21.3,39.4,99600,8.00,10.0,12.0,13.0,0.0621,0
2023-06-02 18:29:45,1685744986,21.2,40.0,99600,10.0,14.0,19.0,21.0,0.0297,0
2023-06-02 18:34:57,1685745297,21.7,40.0,99612,8.00,10.0,11.0,12.0,0.0497,0
2023-06-02 18:37:42,1685745462,22.2,39.3,99700,9.00,11.0,13.0,13.0,0.0497,0
2023-06-02 18:49:49,1685746189,22.7,38.3,99700,6.00,6.00,7.00,7.00,0.00944,0
2023-06-02 18:54:41,1685746482,22.5,38.1,99700,9.00,12.0,14.0,15.0,0.0412,0
2023-06-02 18:59:53,1685746793,22.2,38.6,99700,8.00,10.0,12.0,13.0,0.0241,0
2023-06-02 19:04:46,1685747086,22.1,39.2,99700,9.00,11.0,12.0,13.0,0.0241,0
2023-06-02 19:09:57,1685747398,22.0,39.2,99700,9.00,10.0,11.0,11.0,0.0417,0
2023-06-02 19:14:51,1685747691,22.2,39.1,99700,9.00,11.0,15.0,17.0,0.0417,0
2023-06-02 19:19:44,1685747984,22.2,38.3,99700,8.00,11.0,14.0,15.0,0.0746,0
2023-06-02 19:24:56,1685748296,22.1,37.9,99800,10.0,12.0,14.0,15.0,0.0967,0
2023-06-02 19:29:49,1685748590,21.9,37.7,99800,7.00,8.00,10.0,11.0,0.0967,0
2023-06-02 19:34:43,1685748884,21.7,37.6,99800,8.00,10.0,15.0,17.0,0.121,0
2023-06-02 19:39:55,1685749196,21.6,37.5,99800,11.0,16.0,20.0,22.0,0.0647,0
2023-06-02 19:44:49,1685749490,21.4,37.4,99800,8.00,9.00,9.00,10.0,0.0659,0
2023-06-02 19:49:44,1685749784,21.2,37.5,99800,6.00,9.00,12.0,13.0,0.0476,0
2023-06-02 19:54:56,1685750097,21.1,37.7,99800,11.0,11.0,11.0,11.0,0.0314,0
2023-06-02 19:59:51,1685750391,20.9,37.6,99800,9.00,11.0,13.0,14.0,0.0357,0
2023-06-02 20:04:45,1685750686,20.6,37.5,99800,5.00,9.00,14.0,16.0,0.0348,0
2023-06-02 20:09:58,1685750999,20.4,37.9,99800,5.00,8.00,11.0,12.0,0.0367,0
2023-06-02 20:14:53,1685751293,20.2,38.2,99800,6.00,8.00,9.00,9.00,0.0605,0
2023-06-02 20:19:48,1685751588,20.0,38.5,99831,7.00,8.00,9.00,11.0,0.0553,0
2023-06-02 20:24:43,1685751883,19.9,38.6,99900,7.00,9.00,11.0,12.0,0.0702,0
2023-06-02 20:29:56,1685752197,19.7,38.7,99900,9.00,13.0,16.0,17.0,0.0897,0
2023-06-02 20:34:51,1685752492,19.6,39.0,99900,7.00,7.00,8.00,8.00,0.0952,0
2023-06-02 20:39:46,1685752787,19.4,39.2,99900,6.00,8.00,12.0,14.0,0.224,0
2023-06-02 20:44:42,1685753082,19.3,39.3,99900,6.00,10.0,13.0,15.0,0.133,0
2023-06-02 20:49:56,1685753397,19.2,39.7,99900,8.00,11.0,13.0,14.0,0.133,0
2023-06-02 20:54:52,1685753692,19.1,39.8,99900,12.0,13.0,15.0,17.0,0.0410,0
2023-06-02 20:59:47,1685753988,18.9,39.4,99900,9.00,13.0,16.0,18.0,0.106,0
2023-06-02 21:04:43,1685754283,18.8,39.7,99900,14.0,18.0,22.0,23.0,0.0479,0
2023-06-02 21:09:57,1685754598,18.6,39.9,99900,9.00,13.0,17.0,19.0,0.0843,0
2023-06-02 21:14:53,1685754893,18.5,39.8,99900,11.0,14.0,15.0,17.0,0.197,0
2023-06-02 21:19:49,1685755189,18.3,39.5,99900,8.00,9.00,10.0,11.0,0.197,0
2023-06-02 21:24:45,1685755485,18.3,39.4,99900,10.0,13.0,16.0,17.0,0.0788,0
2023-06-02 21:29:59,1685755800,18.1,39.2,99900,11.0,18.0,23.0,25.0,0.0512,0
2023-06-02 21:34:55,1685756096,18.0,39.0,99900,10.0,13.0,15.0,15.0,0.168,0
2023-06-02 21:39:51,1685756392,17.8,39.0,99900,8.00,10.0,11.0,12.0,0.244,0
2023-06-02 21:44:47,1685756688,17.7,38.7,99900,8.00,9.00,11.0,13.0,0.179,0
2023-06-02 21:49:44,1685756984,17.6,38.9,99900,9.00,13.0,17.0,20.0,0.0114,0
2023-06-02 21:54:59,1685757299,17.4,39.1,99900,9.00,12.0,15.0,17.0,0.0204,0
2023-06-02 21:59:55,1685757596,17.2,38.5,99900,8.00,9.00,11.0,13.0,0.0204,0
2023-06-02 22:04:51,1685757892,17.2,38.5,99900,9.00,10.0,11.0,12.0,0.0636,0
2023-06-02 22:09:48,1685758188,17.0,38.4,99900,8.00,11.0,15.0,17.0,0.0465,0
2023-06-02 22:14:44,1685758485,16.9,38.6,99900,7.00,12.0,15.0,17.0,0.0267,0
2023-06-02 22:19:41,1685758782,16.8,39.3,99900,8.00,14.0,19.0,21.0,0.0283,0
2023-06-02 22:24:56,1685759097,16.5,40.3,99900,10.0,14.0,16.0,17.0,0.0875,0
2023-06-02 22:29:53,1685759394,16.3,40.9,99900,9.00,11.0,15.0,16.0,0.0771,0
2023-06-02 22:34:50,1685759691,16.0,41.4,99900,9.00,11.0,13.0,15.0,0.0388,0
2023-06-02 22:39:47,1685759988,15.7,42.2,99900,9.00,16.0,21.0,24.0,0.0584,0
2023-06-02 22:44:45,1685760285,15.4,42.7,99944,9.00,12.0,14.0,15.0,0.0937,0
2023-06-02 22:49:42,1685760583,15.1,42.9,100000,9.00,15.0,19.0,21.0,0.0852,0
2023-06-02 22:54:58,1685760899,14.7,43.5,100000,9.00,11.0,12.0,13.0,0.0852,0
2023-06-02 22:59:56,1685761196,14.4,44.2,100000,9.00,12.0,17.0,20.0,0.0306,0
2023-06-02 23:04:54,1685761494,14.1,44.5,100000,7.00,14.0,19.0,22.0,0.0269,0
2023-06-02 23:09:52,1685761792,14.0,45.4,100000,7.00,8.00,10.0,11.0,0.0707,0
2023-06-02 23:14:50,1685762091,13.8,45.7,100000,7.00,9.00,12.0,13.0,0.0707,0
2023-06-02 23:19:48,1685762389,13.7,46.0,100000,8.00,14.0,18.0,21.0,0.0564,0
2023-06-02 23:24:46,1685762687,13.5,46.7,100000,11.0,16.0,20.0,22.0,0.118,0
2023-06-02 23:29:45,1685762985,13.3,46.9,100000,9.00,10.0,11.0,11.0,0.118,0
2023-06-02 23:34:43,1685763284,13.1,47.1,100000,6.00,7.00,10.0,11.0,0.0956,0
2023-06-02 23:39:42,1685763583,13.0,48.1,100000,5.00,8.00,9.00,10.0,0.0638,0
2023-06-02 23:44:59,1685763900,12.8,48.4,100000,8.00,11.0,13.0,14.0,0.0254,0
2023-06-02 23:49:58,1685764199,12.7,48.5,100000,6.00,13.0,18.0,20.0,0.0167,0
2023-06-02 23:54:57,1685764497,12.5,48.0,100000,8.00,9.00,13.0,16.0,0.0493,0
2023-06-02 23:59:56,1685764796,12.3,48.4,100000,8.00,9.00,12.0,14.0,0.0440,0
2023-06-03 00:04:55,1685765095,12.1,49.1,100000,6.00,11.0,15.0,17.0,0.0259,0
2023-06-03 00:09:54,1685765394,12.0,49.7,100000,7.00,8.00,10.0,10.0,0.0901,0
2023-06-03 00:14:53,1685765694,11.9,50.1,100000,8.00,18.0,27.0,31.0,0.0901,0
2023-06-03 00:19:52,1685765993,11.8,50.3,100000,6.00,8.00,11.0,13.0,0.0804,0
2023-06-03 00:24:51,1685766292,11.7,51.1,100000,6.00,9.00,11.0,12.0,0.0986,0
2023-06-03 00:29:51,1685766591,11.6,50.9,100000,7.00,8.00,9.00,10.0,0.0381,0
2023-06-03 00:34:50,1685766890,11.6,51.2,100000,9.00,11.0,12.0,13.0,0.0265,0
2023-06-03 00:39:49,1685767190,11.5,50.9,100000,5.00,8.00,11.0,13.0,0.0271,0
2023-06-03 00:44:48,1685767489,11.3,50.4,100000,5.00,6.00,7.00,8.00,0.0327,0
2023-06-03 00:49:47,1685767788,11.1,50.3,100000,6.00,9.00,13.0,16.0,0.0138,0
2023-06-03 00:54:47,1685768087,11.0,50.8,100000,6.00,9.00,11.0,12.0,0.0255,0
2023-06-03 00:59:46,1685768387,10.8,50.8,100000,9.00,11.0,16.0,18.0,0.0323,0
2023-06-03 01:04:46,1685768687,10.6,50.8,100000,6.00,10.0,13.0,15.0,0.0335,0
2023-06-03 01:09:46,1685768986,10.5,51.0,100000,6.00,10.0,14.0,16.0,0.0236,0
2023-06-03 01:14:46,1685769286,10.3,51.9,100000,3.00,6.00,9.00,10.0,0.0943,0
2023-06-03 01:19:46,1685769586,10.2,51.8,100000,6.00,10.0,13.0,15.0,0.0719,0
2023-06-03 01:24:46,1685769886,10.1,52.1,100000,4.00,7.00,9.00,10.0,0.0908,0
2023-06-03 01:29:46,1685770186,10.0,52.2,100038,5.00,8.00,10.0,11.0,0.0908,0
2023-06-03 01:34:46,1685770487,9.94,52.2,100088,5.00,9.00,13.0,15.0,0.0297,0
2023-06-03 01:39:46,1685770787,9.80,52.0,100100,4.00,7.00,10.0,11.0,0.0404,0
2023-06-03 01:44:47,1685771087,9.70,52.2,100100,6.00,6.00,9.00,11.0,0.0256,0
2023-06-03 01:49:47,1685771387,9.62,52.5,100100,5.00,9.00,13.0,14.0,0.0276,0
2023-06-03 01:54:47,1685771688,9.54,52.4,100100,5.00,7.00,10.0,12.0,0.0148,0
2023-06-03 01:59:48,1685771988,9.45,52.4,100100,6.00,7.00,8.00,9.00,0.0202,0
2023-06-03 02:04:48,1685772289,9.36,52.6,100100,6.00,7.00,8.00,8.00,0.0202,0
2023-06-03 02:09:49,1685772589,9.26,53.0,100100,5.00,7.00,10.0,11.0,0.0117,0
2023-06-03 02:14:49,1685772890,9.17,52.4,100100,4.00,6.00,10.0,11.0,0.0120,0
2023-06-03 02:19:50,1685773190,9.07,52.6,100100,4.00,8.00,11.0,13.0,0.0198,0
2023-06-03 02:24:51,1685773491,8.99,53.0,100100,6.00,10.0,14.0,16.0,0.0300,0
2023-06-03 02:29:51,1685773792,8.94,53.4,100100,4.00,6.00,8.00,9.00,0.0498,0
2023-06-03 02:34:52,1685774093,8.88,53.5,100100,4.00,7.00,11.0,13.0,0.0335,0
2023-06-03 02:39:53,1685774393,8.83,53.8,100100,5.00,7.00,8.00,9.00,0.0372,0
2023-06-03 02:44:54,1685774694,8.85,54.6,100100,3.00,5.00,6.00,7.00,0.0340,0
2023-06-03 02:49:54,1685774995,8.87,54.9,100100,4.00,5.00,7.00,8.00,0.0172,0
2023-06-03 02:54:55,1685775296,8.88,54.7,100100,5.00,5.00,7.00,8.00,0.0113,0
2023-06-03 02:59:56,1685775597,8.85,54.2,100100,6.00,9.00,11.0,13.0,0.0167,0
2023-06-03 03:04:57,1685775897,8.80,54.3,100100,4.00,10.0,15.0,17.0,0.0350,0
2023-06-03 03:09:58,1685776198,8.72,54.0,100100,4.00,9.00,12.0,14.0,0.0309,0
2023-06-03 03:14:59,1685776499,8.67,54.2,100100,6.00,15.0,22.0,26.0,0.0477,0
2023-06-03 03:19:59,1685776800,8.60,53.9,100100,4.00,8.00,11.0,12.0,0.0333,0
2023-06-03 03:24:41,1685777082,8.52,53.7,100100,3.00,7.00,10.0,12.0,0.0426,0
2023-06-03 03:29:42,1685777383,8.45,53.8,100100,4.00,7.00,9.00,10.0,0.0231,0
2023-06-03 03:34:43,1685777684,8.37,53.9,100100,4.00,10.0,14.0,16.0,0.0352,0
2023-06-03 03:39:45,1685777986,8.31,54.1,100100,3.00,5.00,7.00,8.00,0.0370,0
2023-06-03 03:44:46,1685778287,8.28,54.7,100100,4.00,10.0,15.0,17.0,0.0472,0
2023-06-03 03:49:48,1685778589,8.24,54.5,100100,4.00,8.00,12.0,14.0,0.0831,0
2023-06-03 03:54:49,1685778890,8.20,54.5,100100,3.00,6.00,9.00,10.0,0.0831,0
2023-06-03 03:59:51,1685779191,8.16,54.2,100100,3.00,7.00,10.0,11.0,0.0280,0
2023-06-03 04:04:52,1685779492,8.13,54.5,100100,4.00,6.00,8.00,9.00,0.0253,0
2023-06-03 04:09:53,1685779794,8.10,54.9,100100,3.00,4.00,6.00,7.00,0.0562,0
2023-06-03 04:14:54,1685780095,8.11,55.0,100100,4.00,10.0,15.0,17.0,0.0655,0
2023-06-03 04:19:55,1685780396,8.10,55.0,100100,4.00,11.0,16.0,18.0,0.0607,0
2023-06-03 04:24:57,1685780697,8.10,55.0,100100,5.00,6.00,7.00,8.00,0.0271,0
2023-06-03 04:29:58,1685780998,8.08,54.9,100100,5.00,6.00,8.00,9.00,0.104,0
2023-06-03 04:34:59,1685781300,8.08,55.1,100100,2.00,5.00,8.00,9.00,0.0440,0
2023-06-03 04:39:41,1685781582,8.05,54.9,100100,2.00,7.00,11.0,13.0,0.0160,0
2023-06-03 04:44:43,1685781883,8.07,55.9,100100,4.00,6.00,7.00,7.00,0.0170,0
2023-06-03 04:49:44,1685782184,8.18,57.2,100100,3.00,5.00,7.00,8.00,0.0201,0
2023-06-03 04:54:45,1685782485,8.30,57.4,100100,4.00,10.0,14.0,17.0,0.0166,0
2023-06-03 04:59:46,1685782787,8.44,57.6,100100,3.00,5.00,8.00,9.00,0.0185,0
2023-06-03 05:04:47,1685783087,8.60,58.0,100100,4.00,10.0,15.0,18.0,0.0161,0
2023-06-03 05:09:48,1685783388,8.77,58.3,100100,4.00,5.00,5.00,6.00,0.0286,0
2023-06-03 05:14:49,1685783689,8.96,57.9,100100,4.00,7.00,10.0,12.0,0.0454,0
2023-06-03 05:19:49,1685783990,9.10,58.1,100200,5.00,11.0,15.0,17.0,0.0461,0
2023-06-03 05:20:08,1685784008,9.17,58.1,100200,1.00,2.00,3.00,4.00,0.0350,0
2023-06-03 09:24:57,1685798697,18.1,28.2,100300,1.00,3.00,6.00,7.00,,
2023-06-03 09:25:33,1685798734,18.2,28.1,100300,1.00,4.00,7.00,8.00,,
2023-06-03 09:34:52,1685799292,18.3,28.2,100300,1.00,2.00,3.00,3.00,,
2023-06-03 09:37:36,1685799457,18.4,28.4,100300,1.00,2.00,4.00,4.00,,
2023-06-03 12:49:59,1685811000,22.4,26.1,100200,1.00,3.00,4.00,5.00,,
2023-06-03 12:53:57,1685811237,22.5,26.4,100200,2.00,3.00,4.00,5.00,,
2023-06-03 12:59:54,1685811594,22.8,26.4,100200,1e-7,1.00,2.00,3.00,0.00861,0
2023-06-03 13:04:46,1685811886,22.9,26.2,100200,3.00,6.00,9.00,11.0,0.0186,0
2023-06-03 13:09:20,1685812161,22.9,26.4,100200,1.00,6.00,10.0,11.0,0.0415,0
2023-06-03 13:24:50,1685813091,23.3,25.3,100200,11.0,35.0,55.0,65.0,0.0734,0
2023-06-03 13:26:58,1685813218,23.0,24.9,100200,1.00,3.00,5.00,6.00,0.0636,0
2023-06-03 13:34:44,1685813684,23.0,26.2,100200,3.00,4.00,7.00,8.00,0.0918,0
2023-06-03 13:39:54,1685813995,23.2,25.2,100200,2.00,4.00,7.00,8.00,0.113,0
2023-06-03 13:42:02,1685814122,23.3,25.2,100200,2.00,3.00,4.00,4.00,0.0713,0
2023-06-03 13:54:46,1685814887,23.2,25.0,100200,5.00,17.0,27.0,32.0,0.0912,0
2023-06-03 13:58:25,1685815106,23.2,24.4,100200,1.00,3.00,5.00,6.00,0.0912,0
2023-06-03 14:19:51,1685816392,23.3,24.1,100100,1e-7,1.00,2.00,3.00,,
2023-06-03 14:24:43,1685816684,23.3,24.1,100113,2.00,3.00,5.00,6.00,,
2023-06-03 14:29:53,1685816994,23.3,23.9,100100,3.00,7.00,10.0,12.0,,
2023-06-03 14:31:06,1685817067,23.1,23.8,100100,1.00,3.00,5.00,6.00,,
2023-06-03 14:44:54,1685817895,23.0,24.9,100100,3.00,7.00,11.0,13.0,0.0342,0
2023-06-03 14:47:38,1685818059,23.2,24.0,100100,1.00,3.00,4.00,5.00,0.0224,0
2023-06-03 14:54:45,1685818486,22.9,23.3,100100,1.00,2.00,2.00,3.00,0.00756,0
2023-06-03 14:59:55,1685818796,23.0,24.1,100100,3.00,10.0,16.0,18.0,0.0727,0
2023-06-03 15:03:53,1685819033,23.1,23.0,100100,1.00,4.00,6.00,7.00,0.0318,0
2023-06-03 15:14:50,1685819691,23.2,23.4,100100,1.00,2.00,3.00,4.00,0.0214,0
2023-06-03 15:19:42,1685819982,23.3,23.3,100100,3.00,11.0,17.0,20.0,0.0381,0
2023-06-03 15:20:18,1685820019,23.4,22.6,100100,2.00,3.00,3.00,4.00,0.0170,0
2023-06-03 15:29:49,1685820590,23.4,22.3,100100,2.00,2.00,4.00,4.00,0.0643,0
2023-06-03 15:34:59,1685820900,23.3,22.6,100100,5.00,14.0,21.0,24.0,0.187,0
2023-06-03 15:36:49,1685821009,23.3,22.4,100100,7.00,20.0,30.0,36.0,0.426,0
2023-06-03 15:49:51,1685821791,23.4,21.5,100100,2.00,6.00,9.00,10.0,0.462,0
2023-06-03 15:53:11,1685821992,23.2,21.2,100100,2.00,6.00,9.00,11.0,0.627,0
2023-06-03 16:04:52,1685822692,23.2,21.4,100100,3.00,8.00,13.0,15.0,0.331,0
2023-06-03 16:09:25,1685822965,23.3,21.4,100100,3.00,7.00,10.0,12.0,0.0167,0
2023-06-03 16:19:53,1685823594,23.3,20.7,100100,2.00,3.00,3.00,4.00,0.0145,0
2023-06-03 16:24:45,1685823885,23.2,25.7,93844,1.00,5.00,8.00,9.00,0.0487,0
2023-06-03 16:25:58,1685823958,23.1,20.2,100100,1e-7,1.00,2.00,3.00,0.0417,0
2023-06-03 16:39:56,1685824796,23.1,20.1,100100,1.00,4.00,6.00,8.00,0.0305,0
2023-06-03 16:43:33,1685825013,23.2,20.0,100100,2.00,6.00,9.00,11.0,0.0113,0
2023-06-03 16:49:45,1685825386,23.1,19.7,100100,2.00,2.00,2.00,3.00,0.0114,0
2023-06-03 16:54:55,1685825695,23.0,19.7,100100,2.00,6.00,9.00,11.0,0.0191,0
2023-06-03 16:59:46,1685825986,23.0,20.3,100100,2.00,4.00,7.00,9.00,0.0155,0
2023-06-03 17:09:55,1685826596,23.5,20.3,100100,2.00,4.00,6.00,7.00,0.0302,0
2023-06-03 17:14:46,1685826887,23.6,19.4,100100,4.00,16.0,26.0,31.0,0.125,0
2023-06-03 17:16:17,1685826977,23.7,20.0,100100,2.00,4.00,7.00,9.00,0.125,0
2023-06-03 17:24:49,1685827489,23.3,19.0,100100,2.00,7.00,11.0,13.0,0.206,0
2023-06-03 17:29:58,1685827799,23.3,19.3,100100,1.00,4.00,7.00,8.00,0.209,0
2023-06-03 17:32:23,1685827944,23.5,18.8,100100,3.00,5.00,7.00,8.00,0.213,0
2023-06-03 17:39:52,1685828392,23.5,18.2,100100,2.00,5.00,7.00,8.00,0.207,0
2023-06-03 17:44:43,1685828684,23.3,18.2,100100,1.00,2.00,3.00,4.00,0.0183,0
2023-06-03 17:48:57,1685828938,23.0,18.8,100100,2.00,2.00,4.00,4.00,0.0173,0
2023-06-03 17:59:48,1685829588,21.9,19.3,100100,1.00,3.00,4.00,5.00,0.0149,0
2023-06-03 18:04:03,1685829844,22.0,19.6,100100,2.00,4.00,6.00,7.00,0.0105,0
2023-06-03 18:14:54,1685830495,22.2,18.9,100100,1.00,2.00,3.00,3.00,0.0100,0
2023-06-03 18:19:46,1685830787,22.2,18.9,100100,2.00,5.00,7.00,8.00,0.0135,0
2023-06-03 18:20:23,1685830823,22.2,18.5,100100,1e-7,1.00,2.00,2.00,0.0146,0
2023-06-03 18:29:53,1685831393,22.0,18.6,100100,1.00,3.00,4.00,5.00,0.0266,0
2023-06-03 18:34:45,1685831686,21.9,18.7,100100,4.00,5.00,6.00,7.00,0.0266,0
2023-06-03 18:36:53,1685831814,21.9,18.7,100100,1.00,3.00,6.00,7.00,0.0121,0
2023-06-03 18:44:56,1685832296,22.1,19.0,100100,2.00,2.00,2.00,3.00,0.0146,0
2023-06-03 18:49:48,1685832589,22.1,19.0,100100,2.00,5.00,7.00,8.00,0.0146,0
2023-06-03 18:53:09,1685832790,22.0,19.1,100100,2.00,4.00,6.00,7.00,0.0209,0
2023-06-03 19:04:43,1685833484,21.9,19.4,100100,1.00,2.00,4.00,4.00,0.0115,0
2023-06-03 19:09:36,1685833777,21.8,19.4,100100,1.00,4.00,6.00,7.00,0.0140,0
2023-06-03 19:19:45,1685834386,21.5,20.0,100100,7.00,23.0,36.0,42.0,0.0617,0
2023-06-03 19:24:57,1685834697,21.3,20.1,100100,2.00,4.00,7.00,8.00,0.0798,0
2023-06-03 19:29:50,1685834990,21.1,20.5,100100,5.00,13.0,20.0,23.0,0.0531,0
2023-06-03 19:34:43,1685835284,20.8,20.9,100100,5.00,9.00,14.0,16.0,0.156,0
2023-06-03 19:39:56,1685835596,20.1,21.5,100100,3.00,5.00,7.00,8.00,0.188,0
2023-06-03 19:44:50,1685835891,19.6,22.1,100100,3.00,6.00,8.00,9.00,0.0678,0
2023-06-03 19:49:45,1685836186,19.1,22.7,100100,1.00,6.00,9.00,11.0,0.0272,0
2023-06-03 19:54:59,1685836499,18.7,23.1,100100,2.00,5.00,8.00,9.00,0.0574,0
2023-06-03 19:59:55,1685836795,18.3,23.8,100100,1.00,4.00,6.00,7.00,0.0195,0
2023-06-03 20:04:50,1685837091,17.9,24.5,100100,4.00,14.0,22.0,26.0,0.0181,0
2023-06-03 20:09:46,1685837386,17.6,24.9,100100,1.00,6.00,10.0,12.0,0.0516,0
2023-06-03 20:14:42,1685837682,17.3,25.3,100100,2.00,3.00,5.00,6.00,0.0265,0
2023-06-03 20:19:57,1685837997,17.0,25.9,100100,2.00,4.00,7.00,8.00,0.0226,0
2023-06-03 20:24:53,1685838294,16.6,26.7,100188,2.00,7.00,11.0,13.0,0.0459,0
2023-06-03 20:29:50,1685838590,16.3,27.3,100200,3.00,7.00,11.0,14.0,0.0243,0
2023-06-03 20:34:46,1685838887,15.9,28.0,100200,2.00,4.00,6.00,7.00,0.0243,0
2023-06-03 20:39:43,1685839184,15.6,28.5,100181,3.00,4.00,6.00,7.00,0.0259,0
2023-06-03 20:44:59,1685839500,15.3,29.1,100165,3.00,7.00,11.0,13.0,0.0198,0
2023-06-03 20:49:56,1685839797,14.9,29.5,100156,3.00,5.00,7.00,8.00,0.0283,0
2023-06-03 20:54:54,1685840095,14.5,30.5,100200,3.00,7.00,12.0,14.0,0.0283,0
2023-06-03 20:59:52,1685840392,14.2,31.1,100200,3.00,3.00,3.00,4.00,0.0319,0
2023-06-03 21:04:50,1685840690,13.8,31.9,100200,2.00,3.00,5.00,5.00,0.0519,0
2023-06-03 21:09:48,1685840988,13.4,32.1,100200,1.00,5.00,8.00,9.00,0.0419,0
2023-06-03 21:14:47,1685841287,13.0,32.8,100200,2.00,4.00,6.00,7.00,0.0201,0
2023-06-03 21:19:45,1685841586,12.7,33.6,100200,2.00,6.00,9.00,11.0,0.0154,0
2023-06-03 21:24:44,1685841885,12.5,33.7,100200,3.00,8.00,12.0,14.0,0.0226,0
2023-06-03 21:29:43,1685842183,12.2,34.6,100200,10.0,21.0,31.0,35.0,0.195,0
2023-06-03 21:34:42,1685842482,11.9,34.8,100200,11.0,12.0,12.0,12.0,0.450,0
2023-06-03 21:39:41,1685842781,12.0,30.6,100200,20.0,21.0,21.0,21.0,0.450,0
2023-06-03 21:44:58,1685843099,12.8,28.3,100200,17.0,21.0,23.0,24.0,0.198,0
2023-06-03 21:49:57,1685843397,13.6,26.4,100200,19.0,21.0,21.0,21.0,0.687,0
2023-06-03 21:54:55,1685843695,14.3,25.3,100200,13.0,16.0,19.0,20.0,0.857,0
2023-06-03 21:59:53,1685843993,14.8,23.7,100200,18.0,20.0,21.0,21.0,0.589,0
2023-06-03 22:04:51,1685844291,15.2,23.0,100200,17.0,19.0,20.0,20.0,0.325,0
2023-06-03 22:09:48,1685844589,15.4,22.7,100200,19.0,22.0,23.0,24.0,0.174,0
2023-06-03 22:14:46,1685844886,15.5,22.0,100200,17.0,19.0,20.0,20.0,0.140,0
2023-06-03 22:19:43,1685845184,15.7,21.9,100200,19.0,21.0,22.0,23.0,0.0999,0
2023-06-03 22:24:59,1685845500,15.7,21.9,100200,17.0,19.0,20.0,20.0,0.170,0
2023-06-03 22:29:57,1685845797,15.6,21.4,100200,12.0,13.0,13.0,13.0,0.420,0
2023-06-03 22:34:54,1685846095,15.5,21.1,100181,18.0,19.0,19.0,19.0,0.710,0
2023-06-03 22:39:52,1685846393,15.5,21.1,100138,13.0,14.0,17.0,18.0,0.242,0
2023-06-03 22:44:50,1685846690,15.3,20.4,100100,10.0,13.0,16.0,17.0,0.103,0
2023-06-03 22:49:47,1685846988,15.4,20.2,100100,9.00,11.0,12.0,12.0,0.103,0
2023-06-03 22:54:45,1685847285,15.4,20.2,100100,11.0,12.0,13.0,13.0,0.0221,0
2023-06-03 22:59:42,1685847583,15.4,20.2,100100,12.0,13.0,13.0,13.0,0.0375,0
2023-06-03 23:04:59,1685847899,15.3,20.1,100100,11.0,13.0,16.0,18.0,0.0261,0
2023-06-03 23:09:56,1685848197,15.3,20.0,100100,10.0,12.0,14.0,15.0,0.0185,0
2023-06-03 23:14:54,1685848494,15.2,20.3,100100,13.0,17.0,20.0,21.0,0.126,0
2023-06-03 23:19:51,1685848792,15.0,21.1,100100,14.0,19.0,22.0,23.0,0.159,0
2023-06-03 23:24:49,1685849090,14.7,22.0,100100,13.0,15.0,17.0,18.0,0.0888,0
2023-06-03 23:29:47,1685849388,14.3,23.4,100100,12.0,14.0,16.0,17.0,0.0626,0
2023-06-03 23:34:45,1685849686,13.8,25.0,100100,15.0,16.0,16.0,18.0,0.0694,0
2023-06-03 23:39:44,1685849984,13.3,25.6,100100,16.0,20.0,23.0,25.0,0.0744,0
2023-06-03 23:44:43,1685850283,12.9,26.6,100100,15.0,16.0,16.0,16.0,0.0296,0
2023-06-03 23:49:41,1685850582,12.5,27.7,100100,16.0,18.0,19.0,20.0,0.0960,0
2023-06-03 23:54:59,1685850899,12.1,28.3,100100,12.0,20.0,26.0,29.0,0.0954,0
2023-06-03 23:59:58,1685851199,11.7,28.9,100100,13.0,15.0,16.0,16.0,0.0780,0
2023-06-04 00:04:57,1685851498,11.3,29.1,100100,18.0,20.0,21.0,21.0,0.0313,0
2023-06-04 00:09:57,1685851797,10.9,30.1,100100,14.0,15.0,15.0,16.0,0.128,0
2023-06-04 00:14:56,1685852097,10.5,31.1,100100,14.0,15.0,16.0,16.0,0.112,0
2023-06-04 00:19:56,1685852397,10.2,31.3,100100,16.0,17.0,18.0,19.0,0.0286,0
2023-06-04 00:24:56,1685852697,9.94,32.1,100100,12.0,14.0,16.0,18.0,0.0280,0
2023-06-04 00:29:56,1685852997,9.66,31.9,100100,10.0,13.0,16.0,17.0,0.102,0
2023-06-04 00:34:56,1685853297,9.41,32.5,100100,11.0,14.0,16.0,18.0,0.0891,0
2023-06-04 00:39:57,1685853597,9.18,32.6,100100,12.0,14.0,16.0,17.0,0.0301,0
2023-06-04 00:44:57,1685853898,8.99,33.2,100100,13.0,16.0,19.0,21.0,0.0232,0
2023-06-04 00:49:58,1685854198,8.78,33.8,100100,12.0,13.0,14.0,15.0,0.0507,0
2023-06-04 00:54:59,1685854499,8.59,34.4,100100,12.0,16.0,18.0,19.0,0.135,0
2023-06-04 00:59:59,1685854800,8.42,35.0,100100,14.0,17.0,19.0,19.0,0.107,0
2023-06-04 01:04:42,1685855082,8.25,35.5,100100,12.0,14.0,14.0,15.0,0.120,0
2023-06-04 01:09:43,1685855383,8.12,36.1,100100,11.0,14.0,16.0,17.0,0.107,0
2023-06-04 01:14:44,1685855684,8.02,36.6,100100,10.0,12.0,12.0,13.0,0.0268,0
2023-06-04 01:19:45,1685855985,7.96,37.0,100100,12.0,16.0,18.0,20.0,0.150,0
2023-06-04 01:24:46,1685856286,7.90,37.4,100100,7.00,8.00,9.00,9.00,0.150,0
2023-06-04 01:29:47,1685856588,7.81,38.2,100100,10.0,10.0,12.0,12.0,0.0438,0
2023-06-04 01:34:49,1685856889,7.68,38.2,100100,10.0,12.0,14.0,15.0,0.0438,0
2023-06-04 01:39:50,1685857191,7.55,38.1,100100,12.0,15.0,18.0,19.0,0.0329,0
2023-06-04 01:44:52,1685857492,7.37,38.6,100100,9.00,10.0,11.0,12.0,0.0499,0
2023-06-04 01:49:53,1685857794,7.18,38.9,100100,11.0,14.0,15.0,17.0,0.0136,0
2023-06-04 01:54:55,1685858095,6.99,39.1,100100,12.0,13.0,14.0,15.0,0.0535,0
2023-06-04 01:59:56,1685858397,6.85,40.5,100100,10.0,12.0,15.0,16.0,0.0410,0
2023-06-04 02:04:58,1685858699,6.71,40.3,100100,8.00,9.00,10.0,10.0,0.165,0
2023-06-04 02:09:41,1685858982,6.56,40.6,100100,9.00,11.0,12.0,13.0,0.184,0
2023-06-04 02:14:43,1685859284,6.40,40.5,100100,9.00,13.0,15.0,16.0,0.0404,0
2023-06-04 02:19:45,1685859586,6.24,41.1,100100,7.00,12.0,15.0,17.0,0.0459,0
2023-06-04 02:24:48,1685859888,6.10,41.5,100100,6.00,11.0,15.0,17.0,0.0610,0
2023-06-04 02:29:50,1685860190,5.95,41.3,100100,10.0,11.0,11.0,13.0,0.0204,0
2023-06-04 02:34:52,1685860493,5.81,41.9,100100,10.0,10.0,13.0,15.0,0.0701,0
2023-06-04 02:39:55,1685860795,5.69,42.3,100100,9.00,17.0,22.0,25.0,0.0938,0
2023-06-04 02:44:57,1685861097,5.57,42.3,100100,7.00,8.00,8.00,8.00,0.0246,0
2023-06-04 02:49:41,1685861381,5.45,42.3,100100,3.00,5.00,8.00,9.00,0.107,0
2023-06-04 02:54:43,1685861684,5.35,42.9,100100,6.00,11.0,14.0,16.0,0.107,0
2023-06-04 02:59:46,1685861986,5.27,43.6,100100,6.00,9.00,12.0,13.0,0.0768,0
2023-06-04 03:04:49,1685862289,5.21,43.9,100100,7.00,9.00,11.0,11.0,0.0302,0
2023-06-04 03:09:52,1685862592,5.12,43.7,100100,7.00,8.00,9.00,9.00,0.0212,0
2023-06-04 03:14:54,1685862895,5.03,43.4,100100,6.00,9.00,11.0,12.0,0.0212,0
2023-06-04 03:19:57,1685863198,4.93,43.9,100100,8.00,13.0,18.0,20.0,0.0196,0
2023-06-04 03:24:41,1685863481,4.84,44.0,100100,5.00,6.00,9.00,10.0,0.0509,0
2023-06-04 03:29:44,1685863784,4.78,44.4,100100,8.00,9.00,11.0,12.0,0.0838,0
2023-06-04 03:34:47,1685864087,4.71,44.9,100100,6.00,7.00,10.0,11.0,0.145,0
2023-06-04 03:39:50,1685864390,4.67,46.2,100100,9.00,12.0,14.0,15.0,0.0785,0
2023-06-04 03:44:53,1685864693,4.64,47.2,100100,6.00,10.0,14.0,16.0,0.167,0
2023-06-04 03:49:56,1685864996,4.66,47.7,100100,9.00,11.0,11.0,12.0,0.0340,0
2023-06-04 03:54:59,1685865299,4.73,47.9,100100,6.00,10.0,12.0,14.0,0.0277,0
2023-06-04 03:59:43,1685865583,4.79,47.4,100100,7.00,10.0,13.0,15.0,0.0282,0
2023-06-04 04:04:46,1685865886,4.81,46.2,100100,6.00,6.00,7.00,8.00,0.0603,0
2023-06-04 04:09:49,1685866189,4.80,45.4,100100,4.00,6.00,9.00,10.0,0.238,0
2023-06-04 04:14:51,1685866491,4.75,44.7,100100,6.00,11.0,14.0,16.0,0.0232,0
2023-06-04 04:19:54,1685866794,4.69,45.5,100094,11.0,12.0,12.0,13.0,0.0924,0
2023-06-04 04:24:57,1685867097,4.66,46.8,100025,10.0,14.0,18.0,19.0,0.149,0
2023-06-04 04:29:41,1685867381,4.66,47.6,100027,9.00,10.0,12.0,13.0,0.0826,0
2023-06-04 04:34:44,1685867684,4.72,47.6,100000,9.00,11.0,12.0,12.0,0.0360,0
2023-06-04 04:39:47,1685867987,4.77,47.4,100000,7.00,8.00,10.0,10.0,0.0174,0
2023-06-04 04:44:50,1685868290,4.79,46.3,100000,7.00,10.0,13.0,14.0,0.0737,0
2023-06-04 04:49:53,1685868593,4.80,45.8,100000,5.00,7.00,9.00,10.0,0.0850,0
2023-06-04 04:54:56,1685868896,4.78,45.4,100000,9.00,11.0,12.0,13.0,0.0360,0
2023-06-04 04:59:58,1685869199,4.74,45.0,100000,6.00,11.0,14.0,16.0,0.0293,0
2023-06-04 05:04:43,1685869483,4.73,45.4,100000,8.00,9.00,9.00,9.00,0.0157,0
2023-06-04 05:09:45,1685869786,4.71,45.4,100000,6.00,8.00,10.0,11.0,0.0157,0
2023-06-04 05:14:48,1685870089,4.73,45.4,100000,5.00,8.00,9.00,10.0,0.0267,0
2023-06-04 05:19:51,1685870392,4.75,45.3,100000,5.00,6.00,6.00,7.00,0.0267,0
2023-06-04 05:24:54,1685870694,4.78,45.7,100000,7.00,10.0,13.0,14.0,0.0277,0
2023-06-04 05:25:32,1685870732,4.80,45.8,100000,2.00,2.00,2.00,2.00,0.0277,0
2023-06-04 07:44:45,1685879086,12.7,43.8,100000,6.00,18.0,28.0,33.0,,
2023-06-04 07:49:05,1685879345,12.9,44.1,100000,8.00,24.0,38.0,45.0,,
2023-06-04 07:59:47,1685879988,14.4,38.8,100000,3.00,4.00,6.00,7.00,,
2023-06-04 08:04:43,1685880284,15.3,36.5,100000,4.00,4.00,5.00,6.00,0.930,0
2023-06-04 08:09:58,1685880599,16.2,35.3,100000,1.00,5.00,8.00,10.0,0.524,0
2023-06-04 08:14:53,1685880893,17.1,34.0,100000,1.00,3.00,5.00,6.00,0.0125,0
2023-06-04 08:16:44,1685881004,17.6,32.9,100000,2.00,3.00,4.00,4.00,0.0135,0
2023-06-04 08:48:10,1685882891,17.9,29.8,100000,1.00,3.00,5.00,6.00,,
2023-06-04 12:19:44,1685895584,22.4,27.9,100000,1.00,3.00,4.00,5.00,,
2023-06-04 12:23:05,1685895785,22.7,27.1,100000,1.00,2.00,4.00,4.00,,
2023-06-04 12:34:58,1685896499,23.0,26.0,99900,2.00,5.00,9.00,10.0,,
2023-06-04 12:38:19,1685896700,23.1,26.1,99900,3.00,8.00,12.0,14.0,0.0417,0
2023-06-04 12:49:54,1685897395,24.0,24.6,99900,1.00,4.00,7.00,8.00,0.0707,0
2023-06-04 12:54:46,1685897687,24.0,24.1,99900,2.00,7.00,11.0,13.0,0.101,0
2023-06-04 12:55:59,1685897759,23.9,24.0,99900,1e-7,1.00,1.00,2.00,0.0651,0
2023-06-04 13:04:47,1685898287,23.8,24.4,99900,1e-7,1e-7,1e-7,1e-7,0.0608,0
2023-06-04 13:09:57,1685898598,23.9,24.4,99824,1.00,2.00,4.00,4.00,0.0401,0
2023-06-04 13:11:10,1685898671,24.1,24.1,99800,1.00,2.00,4.00,5.00,0.0195,0
2023-06-04 13:24:44,1685899485,24.3,23.9,99800,1.00,3.00,5.00,6.00,0.0143,0
2023-06-04 13:28:41,1685899721,24.2,24.0,99800,2.00,6.00,10.0,12.0,0.0175,0
2023-06-04 13:34:53,1685900094,24.2,24.9,99800,2.00,2.00,3.00,4.00,0.0191,0
2023-06-04 13:39:45,1685900386,24.3,25.2,99800,2.00,4.00,7.00,8.00,0.0177,0
2023-06-04 13:44:01,1685900641,24.6,24.6,99800,3.00,9.00,14.0,16.0,0.0232,0
2023-06-04 13:54:46,1685901286,24.9,25.0,99800,1.00,3.00,5.00,6.00,0.0232,0
2023-06-04 13:59:55,1685901595,25.0,24.4,99800,2.00,5.00,8.00,9.00,0.0232,0
2023-06-04 14:00:31,1685901632,25.1,24.0,99800,2.00,4.00,6.00,6.00,0.00156,0
2023-06-04 14:09:55,1685902196,25.1,24.2,99800,2.00,4.00,6.00,7.00,0.0245,0
2023-06-04 14:14:46,1685902487,25.1,24.1,99800,2.00,3.00,5.00,6.00,0.0257,0
2023-06-04 14:17:48,1685902668,25.2,23.9,99800,2.00,3.00,4.00,4.00,0.0161,0
2023-06-04 14:29:56,1685903397,25.3,24.2,99800,4.00,10.0,15.0,17.0,0.0243,0
2023-06-04 14:34:10,1685903651,25.5,24.0,99800,4.00,8.00,11.0,12.0,0.145,0
2023-06-04 14:44:55,1685904295,25.5,23.6,99800,1.00,5.00,8.00,9.00,0.145,0
2023-06-04 14:49:27,1685904568,25.4,23.4,99800,2.00,6.00,8.00,10.0,0.126,0
2023-06-04 14:59:46,1685905186,25.0,23.2,99800,1.00,2.00,4.00,4.00,0.0200,0
2023-06-04 15:04:55,1685905496,24.9,23.3,99800,1.00,5.00,8.00,10.0,0.0221,0
2023-06-04 15:07:01,1685905622,24.8,23.7,99800,2.00,3.00,5.00,5.00,0.0199,0
2023-06-04 15:14:42,1685906083,25.1,23.2,99800,1.00,3.00,5.00,6.00,0.0136,0
2023-06-04 15:19:51,1685906392,25.4,23.5,99800,3.00,11.0,17.0,20.0,0.0178,0
2023-06-04 15:23:10,1685906591,25.7,23.2,99800,1.00,3.00,6.00,7.00,0.0164,0
2023-06-04 15:34:57,1685907297,26.3,22.1,99700,2.00,7.00,11.0,13.0,0.0366,0
2023-06-04 15:38:16,1685907497,26.3,22.3,99700,2.00,3.00,5.00,6.00,0.0247,0
2023-06-04 15:49:54,1685908194,25.9,21.7,99700,2.00,3.00,5.00,6.00,0.0194,0
2023-06-04 15:54:45,1685908485,25.5,22.7,99700,2.00,4.00,6.00,8.00,0.0200,0
2023-06-04 16:04:52,1685909093,25.6,23.5,99700,2.00,4.00,7.00,8.00,0.0151,0
2023-06-04 16:09:43,1685909383,26.0,23.2,99700,2.00,5.00,8.00,9.00,0.0145,0
2023-06-04 16:10:55,1685909456,26.3,22.6,99700,1.00,1.00,2.00,2.00,0.0145,0
2023-06-04 16:24:50,1685910290,26.2,22.1,99700,3.00,3.00,5.00,6.00,0.0224,0
2023-06-04 16:28:27,1685910507,25.9,21.8,99700,2.00,6.00,9.00,10.0,0.0112,0
2023-06-04 16:34:59,1685910900,25.2,21.9,99700,2.00,2.00,3.00,3.00,0.0257,0
2023-06-04 16:39:50,1685911191,25.0,22.7,99700,3.00,5.00,8.00,9.00,0.0359,0
2023-06-04 16:44:59,1685911499,25.1,23.3,99700,1.00,4.00,5.00,6.00,0.0385,0
2023-06-04 16:54:52,1685912093,25.5,22.2,99700,1.00,4.00,7.00,8.00,0.0385,0
2023-06-04 16:59:43,1685912384,25.5,22.7,99700,4.00,11.0,17.0,20.0,0.0648,0
2023-06-04 17:01:13,1685912474,25.6,22.6,99700,1.00,3.00,5.00,6.00,0.0369,0
2023-06-04 17:09:50,1685912991,25.6,21.7,99700,1.00,3.00,5.00,6.00,0.0367,0
2023-06-04 17:14:59,1685913299,25.5,22.4,99700,2.00,2.00,4.00,4.00,0.0419,0
2023-06-04 17:17:41,1685913461,25.8,22.0,99700,2.00,5.00,8.00,9.00,0.0324,0
2023-06-04 17:24:59,1685913899,25.8,21.5,99700,1.00,5.00,8.00,9.00,0.0102,0
2023-06-04 17:29:49,1685914189,26.0,21.2,99700,2.00,4.00,6.00,7.00,0.0157,0
2023-06-04 17:32:50,1685914370,26.1,21.1,99700,1.00,2.00,3.00,4.00,0.0182,0
2023-06-04 17:39:54,1685914794,25.6,22.1,99700,1.00,2.00,3.00,4.00,0.0137,0
2023-06-04 17:44:44,1685915085,25.7,22.2,99700,2.00,8.00,14.0,16.0,0.0152,0
2023-06-04 17:49:52,1685915393,26.0,22.1,99700,2.00,4.00,7.00,9.00,0.0376,0
2023-06-04 17:50:10,1685915411,26.0,21.9,99700,1.00,2.00,3.00,4.00,0.0363,0
2023-06-04 17:59:44,1685915984,25.5,22.2,99700,1.00,3.00,5.00,5.00,0.0363,0
2023-06-04 18:04:53,1685916294,25.1,22.6,99700,1.00,4.00,6.00,7.00,0.0256,0
2023-06-04 18:06:42,1685916402,24.8,23.1,99700,2.00,6.00,10.0,11.0,0.0224,0
2023-06-04 18:14:51,1685916892,24.5,23.6,99700,2.00,7.00,10.0,12.0,0.0179,0
2023-06-04 18:19:43,1685917183,24.5,23.6,99700,1.00,6.00,10.0,12.0,0.0336,0
2023-06-04 18:21:50,1685917311,24.5,23.7,99700,2.00,4.00,6.00,7.00,0.0342,0
2023-06-04 18:34:55,1685918095,23.7,24.0,99700,1.00,3.00,4.00,5.00,0.0342,0
2023-06-04 18:39:47,1685918388,23.3,24.6,99700,4.00,9.00,13.0,15.0,0.0160,0
2023-06-04 18:44:58,1685918699,22.9,25.0,99700,2.00,4.00,6.00,7.00,0.0355,0
2023-06-04 18:49:51,1685918992,22.5,25.0,99700,2.00,4.00,5.00,6.00,0.0435,0
2023-06-04 18:54:45,1685919285,22.2,25.2,99700,2.00,6.00,10.0,11.0,0.0424,0
2023-06-04 18:55:03,1685919303,22.0,25.3,99700,1.00,1.00,1.00,1.00,0.0219,0
2023-06-04 19:04:48,1685919889,22.1,24.9,99700,2.00,5.00,8.00,9.00,0.0219,0
2023-06-04 19:09:41,1685920182,22.2,24.6,99700,3.00,7.00,10.0,12.0,0.0150,0
2023-06-04 19:14:53,1685920493,22.0,24.5,99700,2.00,3.00,5.00,6.00,0.0160,0
2023-06-04 19:19:46,1685920787,21.7,24.7,99700,3.00,8.00,14.0,16.0,0.0362,0
2023-06-04 19:24:59,1685921099,21.4,29.4,93835,2.00,3.00,4.00,4.00,0.0432,0
2023-06-04 19:29:52,1685921392,21.5,25.4,99700,1.00,4.00,7.00,9.00,0.0672,0
2023-06-04 19:34:45,1685921685,21.9,24.9,99700,4.00,11.0,16.0,19.0,0.0416,0
2023-06-04 19:39:57,1685921997,21.7,25.1,99700,6.00,17.0,25.0,29.0,0.103,0
2023-06-04 19:44:51,1685922291,21.3,25.7,99700,2.00,6.00,9.00,10.0,0.118,0
2023-06-04 19:49:45,1685922585,20.9,25.7,99700,2.00,3.00,4.00,5.00,0.107,0
2023-06-04 19:54:58,1685922898,20.3,25.8,99700,3.00,10.0,15.0,17.0,0.0953,0
2023-06-04 19:59:52,1685923192,19.9,26.5,99700,3.00,6.00,8.00,9.00,0.0542,0
2023-06-04 20:04:47,1685923487,19.6,27.1,99700,2.00,6.00,8.00,9.00,0.0270,0
2023-06-04 20:09:42,1685923782,19.3,27.5,99700,2.00,4.00,6.00,7.00,0.0199,0
2023-06-04 20:14:55,1685924096,19.0,28.2,99700,2.00,7.00,11.0,13.0,0.0199,0
2023-06-04 20:19:51,1685924392,18.7,28.5,99700,3.00,7.00,10.0,12.0,0.0401,0
2023-06-04 20:24:47,1685924687,18.4,28.3,99700,3.00,7.00,11.0,13.0,0.0275,0
2023-06-04 20:29:43,1685924983,18.1,28.6,99700,2.00,3.00,5.00,5.00,0.0104,0
2023-06-04 20:34:57,1685925298,17.8,28.8,99700,3.00,10.0,17.0,20.0,0.0444,0
2023-06-04 20:39:53,1685925594,17.5,29.4,99700,2.00,4.00,6.00,6.00,0.0637,0
2023-06-04 20:44:49,1685925890,17.3,30.0,99700,4.00,7.00,10.0,11.0,0.0550,0
2023-06-04 20:49:46,1685926186,17.0,30.5,99700,2.00,6.00,10.0,11.0,0.0263,0
2023-06-04 20:54:42,1685926483,16.8,31.5,99700,2.00,5.00,8.00,10.0,0.0170,0
2023-06-04 20:59:58,1685926798,16.4,31.9,99700,2.00,5.00,7.00,8.00,0.0373,0
2023-06-04 21:04:54,1685927095,16.1,32.2,99700,2.00,5.00,8.00,10.0,0.0375,0
2023-06-04 21:09:51,1685927392,15.9,32.3,99700,2.00,5.00,8.00,9.00,0.0162,0
2023-06-04 21:14:49,1685927689,15.7,32.8,99700,2.00,3.00,5.00,6.00,0.0162,0
2023-06-04 21:19:46,1685927986,15.5,34.1,99700,2.00,6.00,10.0,12.0,0.0136,0
2023-06-04 21:24:43,1685928284,15.3,34.5,99700,2.00,3.00,5.00,6.00,0.0149,0
2023-06-04 21:29:59,1685928600,15.0,35.0,99700,2.00,4.00,6.00,6.00,0.0136,0
2023-06-04 21:34:57,1685928898,14.7,35.5,99700,2.00,3.00,4.00,5.00,0.0193,0
2023-06-04 21:39:55,1685929195,14.5,36.3,99700,1.00,5.00,7.00,8.00,0.0193,0
2023-06-04 21:44:53,1685929493,14.3,36.9,99700,4.00,14.0,22.0,26.0,0.0726,0
2023-06-04 21:49:51,1685929791,14.0,36.9,99700,5.00,16.0,26.0,31.0,0.0730,0
2023-06-04 21:54:49,1685930090,13.8,37.7,99700,3.00,6.00,10.0,11.0,0.135,0
2023-06-04 21:59:48,1685930388,13.6,38.2,99700,2.00,7.00,10.0,12.0,0.191,0
2023-06-04 22:04:46,1685930686,13.3,38.1,99700,2.00,6.00,10.0,12.0,0.208,0
2023-06-04 22:09:45,1685930985,13.0,38.4,99700,3.00,6.00,8.00,10.0,0.0452,0
2023-06-04 22:14:43,1685931284,12.8,39.2,99700,3.00,5.00,8.00,9.00,0.0189,0
2023-06-04 22:19:42,1685931582,12.6,40.1,99700,3.00,8.00,13.0,15.0,0.0188,0
2023-06-04 22:24:59,1685931900,12.4,40.9,99700,3.00,6.00,9.00,11.0,0.0170,0
2023-06-04 22:29:58,1685932199,12.2,41.7,99700,3.00,9.00,13.0,16.0,0.0351,0
2023-06-04 22:34:57,1685932498,12.1,42.3,99700,2.00,4.00,7.00,8.00,0.0351,0
2023-06-04 22:39:57,1685932797,11.9,42.5,99700,2.00,4.00,6.00,7.00,0.0747,0
2023-06-04 22:44:56,1685933096,11.9,42.9,99700,1.00,4.00,6.00,7.00,0.0558,0
2023-06-04 22:49:55,1685933396,11.8,43.1,99700,1.00,4.00,7.00,8.00,0.0114,0
2023-06-04 22:54:54,1685933695,11.6,42.0,99700,3.00,8.00,13.0,15.0,0.0302,0
2023-06-04 22:59:54,1685933994,11.5,42.4,99700,2.00,2.00,3.00,4.00,0.0410,0
2023-06-04 23:04:53,1685934294,11.3,43.3,99700,2.00,6.00,8.00,10.0,0.0410,0
2023-06-04 23:09:53,1685934593,11.2,43.9,99700,1.00,3.00,5.00,6.00,0.0225,0
2023-06-04 23:14:52,1685934893,11.1,43.6,99700,1.00,4.00,7.00,8.00,0.0153,0
2023-06-04 23:19:52,1685935192,10.9,44.5,99700,1.00,2.00,4.00,4.00,0.0122,0
2023-06-04 23:24:52,1685935492,10.8,44.5,99700,3.00,4.00,6.00,7.00,0.0154,0
2023-06-04 23:29:51,1685935792,10.7,43.9,99700,2.00,7.00,12.0,14.0,0.0272,0
2023-06-04 23:34:51,1685936092,10.5,44.6,99700,3.00,8.00,13.0,15.0,0.0256,0
2023-06-04 23:39:51,1685936392,10.4,44.9,99650,2.00,4.00,7.00,8.00,0.0231,0
2023-06-04 23:44:51,1685936692,10.3,45.0,99600,1.00,2.00,4.00,4.00,0.0169,0
2023-06-04 23:49:51,1685936992,10.2,45.9,99600,2.00,6.00,10.0,12.0,0.0192,0
2023-06-04 23:54:52,1685937292,10.1,46.9,99600,5.00,8.00,10.0,11.0,0.0496,0
2023-06-04 23:59:51,1685937592,10.0,48.1,99600,3.00,7.00,11.0,13.0,0.0380,0
