2023-05-03 13:34:43,1683135283,17.3,24.5,98500,1.00,5.00,8.00,9.00,,
2023-05-03 13:39:55,1683135595,15.7,26.9,98500,2.00,6.00,10.0,12.0,,
2023-05-03 13:44:46,1683135887,14.4,29.0,98500,4.00,15.0,23.0,27.0,,
2023-05-03 13:49:58,1683136199,13.9,30.0,98500,1.00,4.00,6.00,7.00,0.0286,0
2023-05-03 13:54:50,1683136490,13.5,30.8,98500,1.00,2.00,4.00,5.00,0.0458,0
2023-05-03 13:59:42,1683136783,13.2,31.5,98500,1.00,2.00,4.00,5.00,0.0507,0
2023-05-03 14:04:55,1683137096,13.1,31.9,98500,1.00,5.00,8.00,9.00,0.0388,0
2023-05-03 14:09:48,1683137388,12.9,32.7,98500,1e-7,2.00,4.00,5.00,0.0388,0
2023-05-03 14:14:39,1683137680,12.8,32.8,98500,4.00,11.0,16.0,19.0,0.0341,0
2023-05-03 14:19:51,1683137992,12.8,33.2,98500,1.00,4.00,6.00,7.00,0.0389,0
2023-05-03 14:24:43,1683138284,12.8,33.1,98500,1.00,5.00,8.00,10.0,0.0424,0
2023-05-03 14:29:56,1683138597,12.9,32.8,98500,1.00,4.00,7.00,8.00,0.0221,0
2023-05-03 14:34:48,1683138889,12.9,33.0,98500,1.00,2.00,4.00,5.00,0.0196,0
2023-05-03 14:39:41,1683139181,12.9,33.0,98500,1.00,4.00,7.00,8.00,0.0196,0
2023-05-03 14:44:55,1683139495,13.0,32.9,98500,1.00,2.00,3.00,4.00,0.0188,0
2023-05-03 14:49:47,1683139787,13.2,32.5,98500,1.00,4.00,6.00,7.00,0.0188,0
2023-05-03 14:54:39,1683140079,13.4,32.5,98500,1e-7,2.00,3.00,4.00,0.0126,0
2023-05-03 14:59:51,1683140391,13.6,32.0,98500,1.00,3.00,5.00,6.00,0.0146,0
2023-05-03 15:04:43,1683140683,13.7,31.9,98500,1.00,3.00,5.00,6.00,0.0138,0
2023-05-03 15:09:55,1683140996,14.0,31.8,98500,1.00,3.00,6.00,7.00,0.0147,0
2023-05-03 15:14:47,1683141287,14.4,30.9,98500,1.00,4.00,6.00,7.00,0.0107,0
2023-05-03 15:19:59,1683141599,14.6,30.6,98500,1.00,4.00,7.00,9.00,0.0107,0
2023-05-03 15:24:51,1683141891,14.5,30.8,98500,1e-7,2.00,4.00,4.00,0.0112,0
2023-05-03 15:29:42,1683142183,14.5,30.7,98500,1.00,2.00,4.00,4.00,0.0162,0
2023-05-03 15:34:55,1683142496,14.5,30.7,98500,1.00,2.00,4.00,4.00,0.0138,0
2023-05-03 15:39:47,1683142787,14.2,31.1,98500,1e-7,2.00,4.00,4.00,0.00995,0
2023-05-03 15:44:39,1683143079,14.0,31.5,98500,1.00,2.00,3.00,3.00,0.00995,0
2023-05-03 15:49:52,1683143392,13.8,32.2,98500,2.00,2.00,3.00,4.00,0.00995,0
2023-05-03 15:54:43,1683143684,13.2,33.5,98500,2.00,7.00,12.0,14.0,0.0280,0
2023-05-03 15:59:56,1683143997,13.4,33.4,98500,1.00,2.00,4.00,4.00,0.0280,0
2023-05-03 16:04:48,1683144289,13.6,33.4,98500,1.00,5.00,7.00,9.00,0.0188,0
2023-05-03 16:09:40,1683144580,13.7,33.3,98500,1.00,2.00,4.00,5.00,0.0130,0
2023-05-03 16:14:52,1683144893,13.7,32.9,98500,1.00,4.00,7.00,9.00,0.0161,0
2023-05-03 16:19:44,1683145185,13.6,33.0,98500,1.00,4.00,6.00,7.00,0.0235,0
2023-05-03 16:24:15,1683145455,13.4,33.6,98500,1.00,3.00,5.00,6.00,0.0103,0
2023-05-03 16:29:52,1683145792,13.3,33.9,98500,1.00,2.00,4.00,5.00,0.0113,0
2023-05-03 16:34:44,1683146084,13.1,34.4,98500,2.00,8.00,13.0,15.0,0.0106,0
2023-05-03 16:39:56,1683146397,12.9,34.7,98567,3.00,8.00,13.0,15.0,0.0573,0
2023-05-03 16:44:49,1683146689,12.6,35.4,98600,1.00,2.00,3.00,4.00,0.0573,0
2023-05-03 16:49:41,1683146982,12.4,36.0,98600,1.00,2.00,4.00,5.00,0.0699,0
2023-05-03 16:54:54,1683147295,12.4,36.0,98600,1.00,2.00,4.00,4.00,0.0311,0
2023-05-03 16:59:47,1683147587,12.4,36.0,98600,1.00,3.00,4.00,5.00,0.0107,0
2023-05-03 17:04:39,1683147880,12.5,35.8,98600,1.00,2.00,4.00,5.00,0.0120,0
2023-05-03 17:09:52,1683148192,12.6,35.4,98600,1.00,3.00,4.00,5.00,0.0113,0
2023-05-03 17:14:44,1683148484,12.5,35.6,98600,1.00,5.00,8.00,10.0,0.0116,0
2023-05-03 17:19:56,1683148797,12.6,35.6,98600,3.00,9.00,14.0,17.0,0.0186,0
2023-05-03 17:24:50,1683149090,12.5,35.6,98600,1e-7,2.00,3.00,4.00,0.0162,0
2023-05-03 17:29:42,1683149383,12.4,35.8,98600,2.00,7.00,11.0,13.0,0.0507,0
2023-05-03 17:34:56,1683149696,12.3,36.0,98600,1.00,2.00,4.00,4.00,0.0300,0
2023-05-03 17:39:48,1683149988,12.2,36.3,98600,1e-7,2.00,4.00,5.00,0.0324,0
2023-05-03 17:44:40,1683150280,12.2,36.3,98600,1.00,4.00,6.00,7.00,0.0218,0
2023-05-03 17:49:53,1683150593,12.1,36.6,98600,1.00,4.00,6.00,7.00,0.0101,0
2023-05-03 17:54:45,1683150885,12.0,37.0,98657,1.00,4.00,7.00,8.00,0.0273,0
2023-05-03 17:59:58,1683151199,12.0,37.0,98687,1e-7,2.00,4.00,5.00,0.0273,0
2023-05-03 18:04:51,1683151492,12.0,37.4,98700,1.00,1.00,1.00,2.00,0.0278,0
2023-05-03 18:09:44,1683151784,12.0,37.3,98700,2.00,6.00,8.00,10.0,0.0260,0
2023-05-03 18:14:57,1683152098,11.9,37.8,98700,1e-7,2.00,4.00,5.00,0.0245,0
2023-05-03 18:19:50,1683152390,11.8,38.1,98700,2.00,5.00,7.00,8.00,0.0150,0
2023-05-03 18:24:42,1683152682,11.7,38.5,98700,1.00,2.00,4.00,5.00,0.0149,0
2023-05-03 18:29:55,1683152996,11.6,38.6,98700,1.00,2.00,4.00,5.00,0.0140,0
2023-05-03 18:34:49,1683153289,11.6,38.5,98700,1.00,2.00,3.00,3.00,0.0106,0
2023-05-03 18:39:41,1683153582,11.6,38.4,98700,1.00,2.00,4.00,5.00,0.0106,0
2023-05-03 18:44:55,1683153895,11.5,38.8,98700,1.00,2.00,4.00,5.00,0.0103,0
2023-05-03 18:49:47,1683154187,11.5,38.9,98700,1.00,2.00,4.00,4.00,0.0102,0
2023-05-03 18:54:39,1683154479,11.5,39.0,98700,1e-7,2.00,3.00,4.00,0.0102,0
2023-05-03 18:59:53,1683154793,11.5,39.0,98700,1e-7,2.00,4.00,4.00,0.0103,0
2023-05-03 19:04:46,1683155086,11.5,39.0,98700,1.00,2.00,3.00,3.00,0.00995,0
2023-05-03 19:09:59,1683155399,11.5,39.0,98700,1e-7,2.00,4.00,5.00,0.00995,0
2023-05-03 19:14:52,1683155692,11.4,39.4,98700,1.00,2.00,3.00,3.00,0.0105,0
2023-05-03 19:19:44,1683155984,11.3,39.7,98700,1.00,4.00,7.00,8.00,0.0126,0
2023-05-03 19:24:57,1683156297,11.3,39.7,98787,1e-7,2.00,4.00,5.00,0.0132,0
2023-05-03 19:29:49,1683156589,11.2,40.0,98800,1.00,5.00,9.00,10.0,0.0138,0
2023-05-03 19:34:42,1683156882,11.2,39.9,98800,1.00,4.00,7.00,8.00,0.0150,0
2023-05-03 19:39:56,1683157196,11.2,39.9,98800,2.00,6.00,10.0,12.0,0.0165,0
2023-05-03 19:44:49,1683157489,11.2,40.1,98800,1.00,3.00,5.00,6.00,0.0242,0
2023-05-03 19:49:42,1683157782,11.2,40.2,98800,1.00,5.00,8.00,10.0,0.0191,0
2023-05-03 19:54:55,1683158096,11.1,40.6,98800,1.00,2.00,4.00,5.00,0.0217,0
2023-05-03 19:59:48,1683158388,11.1,40.5,98800,1.00,4.00,6.00,7.00,0.0253,0
2023-05-03 20:04:40,1683158681,11.1,40.5,98800,1e-7,2.00,4.00,5.00,0.0164,0
2023-05-03 20:09:54,1683158994,11.1,40.6,98800,3.00,8.00,12.0,14.0,0.0124,0
2023-05-03 20:14:47,1683159287,11.0,40.8,98800,1.00,2.00,3.00,3.00,0.0236,0
2023-05-03 20:19:39,1683159580,11.0,41.0,98800,2.00,5.00,7.00,9.00,0.0284,0
2023-05-03 20:24:52,1683159893,11.0,41.2,98800,1.00,2.00,4.00,4.00,0.0184,0
2023-05-03 20:29:45,1683160185,10.8,41.6,98800,4.00,7.00,9.00,10.0,0.0154,0
2023-05-03 20:34:59,1683160499,10.8,41.9,98800,2.00,7.00,11.0,13.0,0.0293,0
2023-05-03 20:39:52,1683160793,10.7,42.1,98800,1.00,4.00,6.00,7.00,0.0377,0
2023-05-03 20:44:46,1683161086,10.7,42.2,98800,2.00,3.00,5.00,6.00,0.0385,0
2023-05-03 20:49:59,1683161399,10.7,42.2,98800,3.00,5.00,8.00,9.00,0.0198,0
2023-05-03 20:54:52,1683161692,10.7,42.3,98800,1.00,4.00,6.00,7.00,0.0211,0
2023-05-03 20:59:45,1683161986,10.7,41.9,98800,2.00,7.00,11.0,13.0,0.0216,0
2023-05-03 21:04:59,1683162299,10.7,42.1,98847,1.00,3.00,5.00,6.00,0.0156,0
2023-05-03 21:09:51,1683162592,10.6,42.4,98900,2.00,5.00,8.00,10.0,0.0202,0
2023-05-03 21:14:44,1683162885,10.5,42.5,98893,1.00,4.00,6.00,7.00,0.0150,0
2023-05-03 21:19:58,1683163198,10.5,42.6,98860,2.00,5.00,7.00,8.00,0.0149,0
2023-05-03 21:24:50,1683163491,10.4,42.9,98900,1.00,2.00,4.00,5.00,0.0135,0
2023-05-03 21:29:43,1683163784,10.4,43.0,98900,2.00,6.00,10.0,12.0,0.0135,0
2023-05-03 21:34:56,1683164097,10.4,42.7,98900,1.00,5.00,8.00,9.00,0.0133,0
2023-05-03 21:39:49,1683164390,10.3,43.0,98900,1.00,4.00,6.00,7.00,0.0238,0
2023-05-03 21:44:42,1683164683,10.3,43.0,98900,1.00,3.00,4.00,5.00,0.0277,0
2023-05-03 21:49:57,1683164997,10.4,42.8,98900,2.00,5.00,8.00,9.00,0.0267,0
2023-05-03 21:54:49,1683165290,10.4,42.6,98900,2.00,4.00,6.00,7.00,0.0287,0
2023-05-03 21:59:42,1683165582,10.4,42.5,98900,1.00,4.00,6.00,7.00,0.0474,0
2023-05-03 22:04:55,1683165896,10.4,42.4,98900,2.00,5.00,8.00,10.0,0.0327,0
2023-05-03 22:09:48,1683166189,10.4,42.6,98900,1.00,3.00,6.00,7.00,0.0128,0
2023-05-03 22:14:41,1683166482,10.4,42.3,98900,2.00,6.00,10.0,11.0,0.0128,0
2023-05-03 22:19:55,1683166796,10.4,42.2,98900,1.00,3.00,5.00,6.00,0.0191,0
2023-05-03 22:24:48,1683167088,10.4,42.2,98900,3.00,8.00,13.0,15.0,0.0595,0
2023-05-03 22:29:41,1683167382,10.4,42.0,98900,2.00,4.00,7.00,8.00,0.0860,0
2023-05-03 22:34:55,1683167695,10.4,42.1,98900,2.00,6.00,9.00,10.0,0.0540,0
2023-05-03 22:39:48,1683167988,10.2,42.3,98900,1.00,2.00,4.00,4.00,0.0540,0
2023-05-03 22:44:40,1683168281,10.3,42.3,98900,1.00,5.00,8.00,9.00,0.0229,0
2023-05-03 22:49:54,1683168594,10.4,42.0,98900,2.00,7.00,11.0,13.0,0.0118,0
2023-05-03 22:54:48,1683168888,10.3,42.0,98900,2.00,3.00,4.00,5.00,0.0139,0
2023-05-03 22:59:40,1683169181,10.3,41.8,98900,1.00,4.00,6.00,8.00,0.00892,0
2023-05-03 23:04:54,1683169495,10.3,41.6,98900,2.00,3.00,5.00,5.00,0.0109,0
2023-05-03 23:09:47,1683169787,10.3,41.7,98900,1.00,4.00,6.00,7.00,0.0112,0
2023-05-03 23:14:39,1683170080,10.2,41.7,98900,2.00,4.00,6.00,7.00,0.0121,0
2023-05-03 23:19:52,1683170393,10.2,41.8,98900,1.00,5.00,7.00,9.00,0.0124,0
2023-05-03 23:24:46,1683170686,10.2,41.5,98900,3.00,7.00,10.0,12.0,0.0242,0
2023-05-03 23:29:59,1683171000,10.2,41.7,98900,2.00,8.00,12.0,14.0,0.0182,0
2023-05-03 23:34:52,1683171292,10.2,41.6,98900,1.00,3.00,4.00,5.00,0.0185,0
2023-05-03 23:39:45,1683171585,10.1,41.6,98900,2.00,4.00,7.00,8.00,0.0281,0
2023-05-03 23:44:58,1683171899,10.1,41.7,98900,2.00,4.00,6.00,8.00,0.0192,0
2023-05-03 23:49:52,1683172192,10.0,41.8,98979,1.00,4.00,6.00,7.00,0.0291,0
2023-05-03 23:54:45,1683172486,10.0,41.5,99000,1.00,2.00,4.00,5.00,0.0291,0
2023-05-03 23:59:59,1683172799,9.99,41.3,99000,2.00,6.00,9.00,11.0,0.0142,0
2023-05-04 00:04:52,1683173092,9.94,41.4,99000,1.00,2.00,4.00,5.00,0.0154,0
2023-05-04 00:09:44,1683173385,9.85,41.3,99000,1e-7,2.00,4.00,5.00,0.0154,0
2023-05-04 00:14:59,1683173699,9.80,41.6,99000,2.00,6.00,9.00,11.0,0.0114,0
2023-05-04 00:19:52,1683173993,9.81,41.4,99000,1.00,4.00,6.00,8.00,0.00716,0
2023-05-04 00:24:45,1683174286,9.79,41.3,99000,3.00,7.00,10.0,12.0,0.0159,0
2023-05-04 00:29:59,1683174600,9.75,41.4,99000,1.00,4.00,7.00,8.00,0.0319,0
2023-05-04 00:34:52,1683174892,9.73,41.4,99000,1.00,2.00,4.00,5.00,0.0289,0
2023-05-04 00:39:44,1683175185,9.72,41.3,99000,1e-7,2.00,3.00,3.00,0.0289,0
2023-05-04 00:44:59,1683175500,9.68,41.5,99000,1.00,2.00,4.00,5.00,0.0142,0
2023-05-04 00:49:54,1683175794,9.68,41.4,99000,2.00,6.00,9.00,10.0,0.0259,0
2023-05-04 00:54:47,1683176088,9.64,41.8,99000,1.00,3.00,5.00,6.00,0.0302,0
2023-05-04 00:59:41,1683176382,9.65,41.8,99000,1.00,2.00,4.00,5.00,0.0218,0
2023-05-04 01:04:55,1683176696,9.62,42.0,99000,1.00,5.00,7.00,9.00,0.0241,0
2023-05-04 01:09:48,1683176988,9.51,42.8,99000,1.00,3.00,6.00,7.00,0.0274,0
2023-05-04 01:14:40,1683177281,9.41,43.3,99000,1.00,4.00,6.00,7.00,0.0274,0
2023-05-04 01:19:54,1683177594,9.39,43.7,99000,2.00,7.00,11.0,13.0,0.0173,0
2023-05-04 01:24:46,1683177887,9.36,44.0,99000,1.00,2.00,4.00,5.00,0.0334,0
2023-05-04 01:29:59,1683178200,9.30,44.3,99000,2.00,6.00,10.0,11.0,0.0322,0
2023-05-04 01:34:53,1683178493,9.28,44.3,99000,1e-7,2.00,4.00,5.00,0.0158,0
2023-05-04 01:39:46,1683178786,9.32,44.3,98993,1.00,2.00,4.00,4.00,0.0174,0
2023-05-04 01:44:40,1683179080,9.31,44.1,99000,2.00,7.00,11.0,13.0,0.0203,0
2023-05-04 01:49:55,1683179395,9.27,44.8,99000,1e-7,2.00,4.00,5.00,0.0203,0
2023-05-04 01:54:49,1683179689,9.28,44.3,99000,1.00,4.00,7.00,8.00,0.0267,0
2023-05-04 01:59:41,1683179982,9.25,44.3,99000,1e-7,2.00,4.00,5.00,0.0165,0
2023-05-04 02:04:56,1683180296,9.27,44.3,99000,1.00,2.00,3.00,4.00,0.0103,0
2023-05-04 02:09:49,1683180590,9.26,44.5,99000,2.00,7.00,11.0,13.0,0.0182,0
2023-05-04 02:14:42,1683180883,9.27,44.2,99000,4.00,10.0,16.0,19.0,0.0206,0
2023-05-04 02:19:56,1683181196,9.32,44.2,99000,1.00,2.00,4.00,4.00,0.0185,0
2023-05-04 02:24:50,1683181490,9.37,44.3,99000,1e-7,2.00,3.00,3.00,0.0213,0
2023-05-04 02:29:44,1683181784,9.41,43.9,99000,1e-7,2.00,4.00,5.00,0.0355,0
2023-05-04 02:34:59,1683182099,9.43,44.1,99000,1.00,4.00,6.00,7.00,0.0116,0
2023-05-04 02:39:52,1683182392,9.42,44.0,99000,1.00,2.00,4.00,4.00,0.0116,0
2023-05-04 02:44:44,1683182685,9.46,43.5,99000,1.00,2.00,3.00,3.00,0.0123,0
2023-05-04 02:49:39,1683182979,9.45,43.6,99000,1e-7,2.00,4.00,4.00,0.0118,0
2023-05-04 02:54:54,1683183294,9.45,43.7,99000,1e-7,2.00,4.00,4.00,0.00995,0
2023-05-04 02:59:48,1683183588,9.42,43.9,99000,1e-7,2.00,4.00,5.00,0.00995,0
2023-05-04 03:04:42,1683183882,9.42,43.9,99000,1e-7,2.00,4.00,5.00,0.0107,0
2023-05-04 03:09:57,1683184197,9.37,44.4,99000,1e-7,2.00,4.00,5.00,0.0107,0
2023-05-04 03:14:49,1683184490,9.33,44.5,99000,1.00,5.00,8.00,9.00,0.0150,0
2023-05-04 03:19:43,1683184784,9.26,45.3,99000,1e-7,2.00,4.00,5.00,0.0191,0
2023-05-04 03:24:58,1683185099,9.17,45.6,99000,1e-7,2.00,4.00,5.00,0.0167,0
2023-05-04 03:29:50,1683185391,9.12,45.4,99000,1e-7,1e-7,1e-7,1e-7,0.0158,0
2023-05-04 03:34:44,1683185684,9.08,45.7,99000,1e-7,2.00,4.00,5.00,0.0102,0
2023-05-04 03:39:58,1683185999,9.07,45.4,99000,1e-7,1e-7,1e-7,1e-7,0.0101,0
2023-05-04 03:44:50,1683186291,9.07,45.4,99000,1e-7,2.00,4.00,4.00,0.0101,0
2023-05-04 03:49:43,1683186584,9.07,45.5,99000,3.00,10.0,17.0,20.0,0.0156,0
2023-05-04 03:54:58,1683186899,9.09,45.2,99000,3.00,4.00,4.00,4.00,0.0268,0
2023-05-04 03:59:52,1683187193,9.10,45.1,99000,1e-7,1e-7,1e-7,1e-7,0.0268,0
2023-05-04 04:04:45,1683187486,9.12,45.2,99000,1e-7,2.00,4.00,5.00,0.0268,0
2023-05-04 04:09:58,1683187799,9.13,45.5,99000,1e-7,2.00,4.00,4.00,0.0101,0
2023-05-04 04:14:52,1683188093,9.17,45.2,99000,1e-7,2.00,3.00,3.00,0.0101,0
2023-05-04 04:19:46,1683188386,9.21,45.0,99029,1e-7,2.00,3.00,3.00,0.0100,0
2023-05-04 04:24:40,1683188681,9.20,45.3,99100,1.00,2.00,3.00,3.00,0.00995,0
2023-05-04 04:29:54,1683188995,9.22,45.2,99100,1e-7,1e-7,1e-7,1e-7,0.00995,0
2023-05-04 04:34:47,1683189287,9.20,45.7,99100,1e-7,1e-7,1e-7,1e-7,0.00995,0
2023-05-04 04:39:40,1683189580,9.19,45.6,99100,1e-7,2.00,4.00,4.00,0.00995,0
2023-05-04 04:44:53,1683189894,9.20,45.7,99100,1e-7,2.00,4.00,5.00,0.0102,0
2023-05-04 04:49:46,1683190187,9.17,45.8,99100,2.00,5.00,8.00,9.00,0.0134,0
2023-05-04 04:54:40,1683190481,9.14,46.2,99100,1e-7,1e-7,1e-7,1e-7,0.0164,0
2023-05-04 04:59:55,1683190796,9.09,46.0,99100,1e-7,2.00,4.00,5.00,0.0164,0
2023-05-04 05:04:49,1683191089,9.07,46.2,99100,1.00,2.00,4.00,5.00,0.0109,0
2023-05-04 05:09:42,1683191382,9.04,46.0,99100,1e-7,2.00,4.00,5.00,0.0107,0
2023-05-04 05:14:56,1683191696,9.03,46.1,99100,1e-7,2.00,3.00,3.00,0.0110,0
2023-05-04 05:19:48,1683191989,9.03,46.2,99100,2.00,7.00,12.0,14.0,0.0107,0
2023-05-04 05:24:42,1683192282,9.04,46.3,99100,1e-7,2.00,3.00,3.00,0.0212,0
2023-05-04 05:29:56,1683192596,9.00,46.8,99100,1.00,2.00,3.00,3.00,0.0233,0
2023-05-04 05:34:48,1683192889,8.98,47.5,99100,1e-7,2.00,4.00,4.00,0.0204,0
2023-05-04 05:39:41,1683193182,8.98,47.3,99100,1e-7,2.00,4.00,5.00,0.0100,0
2023-05-04 05:44:56,1683193497,8.96,47.9,99100,1e-7,2.00,4.00,5.00,0.0102,0
2023-05-04 05:49:49,1683193789,8.99,47.9,99121,1e-7,2.00,3.00,3.00,0.0102,0
2023-05-04 05:54:41,1683194082,9.02,47.7,99193,1e-7,2.00,4.00,5.00,0.0101,0
2023-05-04 05:59:56,1683194397,9.06,47.8,99200,2.00,2.00,2.00,2.00,0.00995,0
2023-05-04 06:04:50,1683194690,8.99,49.1,99200,1.00,3.00,4.00,5.00,0.0107,0
2023-05-04 06:09:43,1683194984,8.96,48.8,99200,1e-7,2.00,4.00,5.00,0.0108,0
2023-05-04 06:14:57,1683195297,8.93,49.5,99200,1.00,5.00,8.00,9.00,0.0185,0
2023-05-04 06:19:49,1683195590,8.91,49.7,99200,1e-7,2.00,4.00,4.00,0.0185,0
2023-05-04 06:24:43,1683195884,8.92,49.9,99200,1e-7,2.00,3.00,3.00,0.0154,0
2023-05-04 06:29:58,1683196198,8.93,50.0,99200,1e-7,2.00,4.00,5.00,0.0100,0
2023-05-04 06:34:52,1683196492,8.95,49.8,99200,1.00,2.00,4.00,5.00,0.0101,0
2023-05-04 06:39:45,1683196785,9.00,49.4,99200,1e-7,2.00,4.00,4.00,0.0101,0
2023-05-04 06:44:58,1683197098,9.07,49.6,99200,1e-7,2.00,4.00,4.00,0.0101,0
2023-05-04 06:49:52,1683197392,9.09,50.0,99200,1.00,3.00,5.00,6.00,0.0112,0
2023-05-04 06:54:46,1683197686,9.11,50.3,99200,1e-7,2.00,4.00,5.00,0.0128,0
2023-05-04 06:59:40,1683197980,9.08,50.5,99200,1e-7,2.00,4.00,5.00,0.0108,0
2023-05-04 07:04:55,1683198295,9.10,50.4,99200,1e-7,2.00,4.00,5.00,0.0108,0
2023-05-04 07:09:49,1683198589,9.11,50.6,99243,2.00,5.00,8.00,10.0,0.0110,0
2023-05-04 07:14:43,1683198883,9.13,50.6,99300,1.00,2.00,4.00,5.00,0.0139,0
2023-05-04 07:19:57,1683199197,9.17,51.1,99300,1.00,2.00,4.00,4.00,0.0139,0
2023-05-04 07:24:51,1683199491,9.22,51.0,99300,1.00,2.00,4.00,5.00,0.0113,0
2023-05-04 07:29:44,1683199784,9.32,51.1,99300,1.00,3.00,4.00,5.00,0.0108,0
2023-05-04 07:34:57,1683200098,9.49,50.6,99300,1e-7,2.00,4.00,5.00,0.0114,0
2023-05-04 07:39:50,1683200390,9.71,50.2,99300,1.00,4.00,6.00,7.00,0.0133,0
2023-05-04 07:44:43,1683200683,10.0,49.1,99300,1e-7,2.00,4.00,5.00,0.0133,0
2023-05-04 07:49:56,1683200997,10.2,48.6,99300,1e-7,2.00,4.00,5.00,0.0130,0
2023-05-04 07:54:49,1683201289,10.5,48.0,99300,1e-7,2.00,4.00,5.00,0.0103,0
2023-05-04 07:59:42,1683201582,10.7,47.4,99300,1e-7,2.00,4.00,5.00,0.0101,0
2023-05-04 08:04:55,1683201896,10.8,46.6,99300,1.00,4.00,5.00,6.00,0.0107,0
2023-05-04 08:09:48,1683202188,11.0,46.1,99300,1e-7,2.00,4.00,5.00,0.0120,0
2023-05-04 08:14:41,1683202482,11.2,45.1,99300,1.00,3.00,6.00,7.00,0.0116,0
2023-05-04 08:19:54,1683202795,11.4,44.3,99300,2.00,3.00,5.00,5.00,0.0126,0
2023-05-04 08:24:46,1683203087,12.6,42.6,99300,1.00,4.00,6.00,7.00,0.0167,0
2023-05-04 08:29:39,1683203379,13.9,40.0,99300,2.00,4.00,4.00,5.00,0.0130,0
2023-05-04 08:34:52,1683203692,14.1,37.8,99300,1.00,4.00,6.00,7.00,0.0149,0
2023-05-04 08:39:43,1683203983,14.1,36.7,99300,1.00,4.00,6.00,7.00,0.0146,0
2023-05-04 08:44:56,1683204296,13.6,36.8,99300,1.00,5.00,8.00,10.0,0.0120,0
2023-05-04 08:49:48,1683204588,13.4,37.8,99300,1.00,4.00,6.00,8.00,0.0142,0
2023-05-04 08:54:39,1683204880,13.1,37.4,99300,1.00,2.00,4.00,4.00,0.0215,0
2023-05-04 08:59:52,1683205193,13.0,38.1,99300,1.00,5.00,8.00,9.00,0.0215,0
2023-05-04 09:04:45,1683205485,13.1,37.8,99300,1.00,2.00,3.00,4.00,0.0205,0
2023-05-04 09:09:57,1683205798,13.1,37.6,99300,1.00,4.00,7.00,8.00,0.0179,0
2023-05-04 09:14:49,1683206090,12.6,38.0,99300,1.00,4.00,6.00,7.00,0.0322,0
2023-05-04 09:19:41,1683206382,12.7,38.2,99300,1.00,2.00,4.00,4.00,0.0293,0
2023-05-04 09:24:54,1683206694,13.1,37.1,99373,1.00,2.00,4.00,5.00,0.0239,0
2023-05-04 09:29:46,1683206986,13.1,36.8,99386,2.00,8.00,12.0,14.0,0.0129,0
2023-05-04 09:34:58,1683207299,13.9,36.0,99400,1e-7,2.00,4.00,4.00,0.0199,0.793
2023-05-04 09:39:49,1683207590,14.4,33.8,99400,1.00,4.00,7.00,9.00,0.0251,0.915
2023-05-04 09:44:41,1683207881,14.5,33.9,99400,1.00,2.00,4.00,4.00,0.0170,0.915
2023-05-04 09:49:53,1683208194,14.5,33.2,99400,1.00,2.00,4.00,5.00,0.0134,0.915
2023-05-04 09:54:45,1683208485,14.3,34.0,99400,1.00,3.00,5.00,6.00,0.0134,0
2023-05-04 09:59:57,1683208797,14.0,34.3,99400,3.00,4.00,7.00,8.00,0.0117,0
2023-05-04 10:04:49,1683209089,14.1,34.8,99400,1.00,2.00,4.00,5.00,0.0117,0
2023-05-04 10:09:41,1683209381,14.1,34.3,99400,1.00,2.00,4.00,5.00,0.0115,0
2023-05-04 10:14:53,1683209693,14.2,34.3,99400,1.00,3.00,4.00,5.00,0.00948,0
2023-05-04 10:19:45,1683209985,14.4,33.4,99400,2.00,6.00,9.00,11.0,0.00989,0
2023-05-04 10:24:58,1683210299,14.8,33.2,99400,1.00,4.00,6.00,7.00,0.0154,0
2023-05-04 10:29:50,1683210590,15.3,32.2,99400,1.00,4.00,6.00,7.00,0.0106,0
2023-05-04 10:34:42,1683210882,15.6,31.9,99400,1.00,3.00,4.00,5.00,0.0219,0
2023-05-04 10:39:54,1683211194,15.6,30.7,99400,1.00,2.00,4.00,5.00,0.0191,0
2023-05-04 10:44:45,1683211486,15.5,31.5,99400,1.00,4.00,7.00,8.00,0.0113,0
2023-05-04 10:49:57,1683211798,16.0,30.7,99400,1.00,2.00,4.00,5.00,0.0134,0
2023-05-04 10:54:49,1683212089,15.8,30.6,99400,1.00,4.00,6.00,7.00,0.0151,0
2023-05-04 10:59:41,1683212381,15.8,31.5,99400,1e-7,2.00,4.00,5.00,0.0226,0
2023-05-04 11:04:53,1683212694,15.9,31.2,99400,3.00,10.0,16.0,19.0,0.0226,0
2023-05-04 11:09:45,1683212986,16.0,31.2,99400,1.00,5.00,8.00,9.00,0.0230,0
2023-05-04 11:14:58,1683213298,15.9,31.1,99400,1.00,2.00,4.00,5.00,0.0138,0
2023-05-04 11:19:50,1683213590,16.0,31.3,99400,1.00,3.00,6.00,7.00,0.0145,0
2023-05-04 11:24:41,1683213881,16.2,31.6,99400,1.00,4.00,7.00,9.00,0.0143,0
2023-05-04 11:29:53,1683214194,16.5,31.1,99400,1e-7,2.00,3.00,3.00,0.0125,0
2023-05-04 11:34:45,1683214485,16.5,30.9,99400,6.00,18.0,29.0,34.0,0.0357,0
2023-05-04 11:39:57,1683214797,16.8,31.0,99400,1.00,2.00,4.00,5.00,0.0719,0
2023-05-04 11:44:48,1683215088,17.1,30.0,99400,2.00,7.00,12.0,14.0,0.0560,0
2023-05-04 11:49:59,1683215400,17.0,30.0,99400,2.00,6.00,9.00,11.0,0.0410,0
2023-05-04 11:54:51,1683215691,16.9,30.4,99400,6.00,19.0,30.0,35.0,0.0334,0
2023-05-04 11:59:41,1683215982,16.9,30.8,99400,1e-7,2.00,4.00,5.00,0.0334,0
2023-05-04 12:04:53,1683216294,17.2,30.8,99400,1.00,2.00,3.00,3.00,0.0783,0
2023-05-04 12:09:44,1683216585,17.5,30.7,99400,4.00,11.0,17.0,20.0,0.0448,0
2023-05-04 12:14:56,1683216897,17.9,29.9,99400,1.00,2.00,3.00,4.00,0.0330,0
2023-05-04 12:19:47,1683217188,18.0,29.2,99400,1.00,5.00,8.00,9.00,0.0149,0
2023-05-04 12:24:59,1683217499,17.7,29.2,99400,1.00,2.00,4.00,5.00,0.0192,0
2023-05-04 12:29:49,1683217790,17.5,30.0,99400,1e-7,2.00,4.00,4.00,0.0211,0
2023-05-04 12:34:40,1683218081,17.1,30.3,99400,2.00,7.00,10.0,12.0,0.0136,0
2023-05-04 12:39:52,1683218393,17.0,30.4,99400,1.00,5.00,8.00,9.00,0.0193,0
2023-05-04 12:44:44,1683218684,16.8,30.7,99400,1.00,4.00,6.00,7.00,0.0146,0
2023-05-04 12:49:55,1683218996,16.8,31.3,99420,5.00,15.0,24.0,28.0,0.0571,0
2023-05-04 12:54:46,1683219287,16.8,31.1,99400,2.00,7.00,11.0,13.0,0.0658,0
2023-05-04 12:59:58,1683219598,16.8,31.0,99400,1.00,4.00,7.00,8.00,0.0509,0
2023-05-04 13:04:48,1683219889,16.7,31.2,99479,1.00,5.00,8.00,10.0,0.0509,0
2023-05-04 13:09:40,1683220180,16.5,31.2,99500,1.00,2.00,3.00,3.00,0.0184,0
2023-05-04 13:14:52,1683220492,16.3,31.6,99500,1.00,2.00,4.00,5.00,0.0145,0
2023-05-04 13:19:43,1683220784,16.1,31.9,99500,1.00,3.00,5.00,6.00,0.0117,0
2023-05-04 13:24:56,1683221096,15.9,33.3,99500,1e-7,2.00,3.00,4.00,0.0137,0
2023-05-04 13:29:48,1683221388,15.5,34.3,99500,1.00,2.00,4.00,5.00,0.0128,0
2023-05-04 13:34:39,1683221680,15.5,34.2,99500,1.00,2.00,4.00,4.00,0.0101,0
2023-05-04 13:39:52,1683221992,15.9,33.4,99500,1.00,2.00,4.00,5.00,0.0101,0
2023-05-04 13:44:43,1683222284,16.1,32.0,99500,2.00,5.00,7.00,8.00,0.0102,0
2023-05-04 13:49:56,1683222596,16.2,31.7,99500,2.00,4.00,5.00,6.00,0.0125,0
2023-05-04 13:54:47,1683222888,16.1,31.8,99500,1.00,3.00,5.00,6.00,0.0192,0
2023-05-04 13:59:39,1683223179,16.2,31.6,99500,1.00,4.00,6.00,7.00,0.0119,0
2023-05-04 14:04:51,1683223492,16.4,31.9,99500,1e-7,2.00,3.00,4.00,0.0104,0
2023-05-04 14:09:43,1683223783,16.8,31.9,99500,1e-7,2.00,4.00,5.00,0.0148,0
2023-05-04 14:14:54,1683224095,17.0,30.9,99500,3.00,3.00,4.00,4.00,0.0148,0
2023-05-04 14:19:46,1683224387,17.1,30.1,99500,1.00,2.00,3.00,3.00,0.0101,0
2023-05-04 14:24:58,1683224698,17.1,30.2,99500,2.00,7.00,12.0,14.0,0.0224,0
2023-05-04 14:29:49,1683224989,17.1,30.3,99500,1.00,4.00,6.00,7.00,0.0190,0
2023-05-04 14:34:40,1683225280,17.2,30.4,99500,1e-7,2.00,4.00,5.00,0.0139,0
2023-05-04 14:39:51,1683225592,17.2,30.4,99500,1e-7,2.00,4.00,5.00,0.0134,0
2023-05-04 14:44:42,1683225883,17.1,30.6,99500,1e-7,2.00,4.00,5.00,0.0112,0
2023-05-04 14:49:54,1683226195,16.9,30.9,99500,1e-7,2.00,4.00,5.00,0.0102,0
2023-05-04 14:54:45,1683226486,16.7,31.2,99500,1.00,2.00,3.00,4.00,0.0102,0
2023-05-04 14:59:58,1683226798,16.6,31.4,99500,1e-7,2.00,4.00,5.00,0.0105,0
2023-05-04 15:04:48,1683227089,16.6,31.6,99500,1e-7,2.00,4.00,5.00,0.0101,0
2023-05-04 15:09:40,1683227380,16.8,31.4,99500,1e-7,2.00,4.00,5.00,0.0100,0
2023-05-04 15:14:52,1683227692,16.9,31.5,99500,1.00,2.00,4.00,4.00,0.00995,0
2023-05-04 15:19:42,1683227983,16.9,31.4,99500,1.00,2.00,3.00,3.00,0.00995,0
2023-05-04 15:24:54,1683228295,17.3,31.9,99500,1.00,4.00,6.00,8.00,0.0120,0
2023-05-04 15:29:45,1683228585,18.0,31.5,99500,1.00,2.00,4.00,5.00,0.0162,0
2023-05-04 15:34:57,1683228897,18.6,30.4,99500,1e-7,2.00,4.00,4.00,0.0162,0
2023-05-04 15:39:47,1683229188,18.7,29.2,99500,2.00,5.00,8.00,9.00,0.0184,0
2023-05-04 15:44:59,1683229500,18.1,30.0,99500,1.00,5.00,8.00,9.00,0.0275,0
2023-05-04 15:49:51,1683229791,17.6,30.6,99500,1e-7,2.00,4.00,5.00,0.0141,0
2023-05-04 15:54:42,1683230082,17.5,31.3,99500,1.00,2.00,4.00,4.00,0.0186,0
2023-05-04 15:59:53,1683230394,17.3,32.5,99500,1e-7,2.00,4.00,4.00,0.0163,0
2023-05-04 16:04:44,1683230685,16.8,33.3,99500,3.00,5.00,7.00,8.00,0.0102,0
2023-05-04 16:09:56,1683230997,16.7,33.7,99500,1.00,2.00,4.00,5.00,0.0173,0
2023-05-04 16:14:48,1683231288,16.7,33.6,99500,1.00,2.00,4.00,5.00,0.0173,0
2023-05-04 16:19:39,1683231580,16.9,33.5,99500,1.00,4.00,6.00,7.00,0.0114,0
2023-05-04 16:24:51,1683231891,17.5,32.3,99500,1.00,2.00,4.00,5.00,0.0127,0
2023-05-04 16:29:44,1683232184,18.0,30.7,99500,1.00,2.00,4.00,5.00,0.0124,0
2023-05-04 16:34:55,1683232496,18.1,30.5,99500,1.00,2.00,4.00,5.00,0.0113,0
2023-05-04 16:39:46,1683232787,18.1,30.4,99500,2.00,4.00,6.00,7.00,0.0152,0
2023-05-04 16:44:58,1683233098,18.0,30.4,99500,1e-7,2.00,4.00,5.00,0.0166,0
2023-05-04 16:49:49,1683233389,17.7,30.5,99500,1.00,2.00,4.00,5.00,0.0166,0
2023-05-04 16:54:39,1683233680,17.5,30.8,99500,1.00,2.00,4.00,5.00,0.0105,0
2023-05-04 16:59:52,1683233992,17.4,31.2,99500,1.00,4.00,7.00,9.00,0.0139,0
2023-05-04 17:04:43,1683234283,17.6,30.7,99500,1.00,2.00,4.00,5.00,0.0163,0
2023-05-04 17:09:55,1683234595,17.8,30.0,99500,1.00,3.00,5.00,6.00,0.0162,0
2023-05-04 17:14:45,1683234886,17.8,30.1,99500,1e-7,2.00,4.00,5.00,0.0133,0
2023-05-04 17:19:57,1683235198,17.7,29.4,99500,2.00,2.00,4.00,4.00,0.0139,0
2023-05-04 17:24:48,1683235489,17.4,30.3,99500,1e-7,2.00,3.00,4.00,0.0127,0
2023-05-04 17:29:39,1683235780,17.3,32.0,99536,1e-7,2.00,4.00,4.00,0.0101,0
2023-05-04 17:34:51,1683236092,17.2,33.3,99600,1.00,2.00,4.00,4.00,0.00995,0
2023-05-04 17:39:42,1683236382,17.2,34.0,99600,2.00,8.00,13.0,16.0,0.0516,0
2023-05-04 17:44:54,1683236694,17.0,33.9,99600,1.00,5.00,8.00,9.00,0.0517,0
2023-05-04 17:49:45,1683236985,16.8,34.3,99600,2.00,5.00,8.00,10.0,0.0206,0
2023-05-04 17:54:57,1683237297,16.6,34.4,99600,1.00,4.00,6.00,7.00,0.0156,0
2023-05-04 17:59:49,1683237589,16.5,34.2,99600,1.00,5.00,8.00,9.00,0.0498,0
2023-05-04 18:04:40,1683237881,16.5,33.7,99600,1.00,5.00,8.00,10.0,0.0296,0
2023-05-04 18:09:52,1683238193,16.5,33.2,99600,1.00,2.00,4.00,4.00,0.0198,0
2023-05-04 18:14:44,1683238484,16.5,33.0,99600,1.00,2.00,3.00,3.00,0.0246,0
2023-05-04 18:19:56,1683238796,16.4,33.3,99600,1.00,2.00,4.00,5.00,0.0191,0
2023-05-04 18:24:47,1683239087,16.3,33.3,99600,1.00,4.00,6.00,7.00,0.0128,0
2023-05-04 18:29:59,1683239400,16.2,33.2,99600,1e-7,2.00,4.00,5.00,0.0120,0
2023-05-04 18:34:51,1683239691,16.0,33.3,99600,2.00,7.00,10.0,12.0,0.0156,0
2023-05-04 18:39:43,1683239983,16.0,33.0,99629,1e-7,2.00,4.00,5.00,0.0203,0
2023-05-04 18:44:55,1683240295,15.9,33.2,99700,1e-7,2.00,4.00,4.00,0.0203,0
2023-05-04 18:49:46,1683240587,15.7,33.2,99700,1.00,2.00,4.00,5.00,0.00995,0
2023-05-04 18:54:59,1683240900,15.7,33.3,99700,2.00,4.00,6.00,7.00,0.0111,0
2023-05-04 18:59:51,1683241192,15.6,33.4,99700,1.00,4.00,6.00,7.00,0.0221,0
2023-05-04 19:04:42,1683241483,15.6,33.5,99700,1.00,2.00,4.00,4.00,0.0212,0
2023-05-04 19:09:55,1683241795,15.6,33.6,99700,1e-7,2.00,4.00,5.00,0.0232,0
2023-05-04 19:14:46,1683242086,15.5,33.8,99700,1.00,2.00,4.00,4.00,0.0108,0
2023-05-04 19:19:58,1683242398,15.4,34.1,99700,1e-7,2.00,4.00,4.00,0.0101,0
2023-05-04 19:24:49,1683242690,15.1,34.5,99700,1.00,4.00,7.00,8.00,0.0146,0
2023-05-04 19:29:41,1683242981,14.9,34.7,99700,1e-7,2.00,4.00,5.00,0.0146,0
2023-05-04 19:34:53,1683243294,14.8,34.9,99700,1e-7,2.00,4.00,4.00,0.0182,0
2023-05-04 19:39:45,1683243585,14.6,35.1,99700,1e-7,1e-7,1e-7,1e-7,0.0182,0
2023-05-04 19:44:57,1683243898,14.4,35.7,99700,1e-7,2.00,4.00,4.00,0.0101,0
2023-05-04 19:49:49,1683244189,14.1,36.3,99736,1e-7,2.00,3.00,3.00,0.00995,0
2023-05-04 19:54:41,1683244481,14.0,36.4,99707,1.00,4.00,6.00,7.00,0.0121,0
2023-05-04 19:59:54,1683244795,13.8,36.3,99767,1e-7,2.00,4.00,4.00,0.0133,0
2023-05-04 20:04:46,1683245087,13.7,36.3,99764,1e-7,2.00,4.00,5.00,0.0133,0
2023-05-04 20:09:59,1683245399,13.6,36.4,99800,1.00,4.00,6.00,7.00,0.0122,0
2023-05-04 20:14:51,1683245692,13.4,36.8,99800,1.00,2.00,4.00,5.00,0.0120,0
2023-05-04 20:19:44,1683245984,13.3,36.9,99800,1e-7,2.00,3.00,3.00,0.0130,0
2023-05-04 20:24:56,1683246297,13.1,36.9,99800,1.00,5.00,8.00,9.00,0.0130,0
2023-05-04 20:29:49,1683246590,13.0,37.0,99800,1e-7,1e-7,1e-7,1e-7,0.0119,0
2023-05-04 20:34:41,1683246882,12.8,37.1,99800,1e-7,1e-7,1e-7,1e-7,0.0132,0
2023-05-04 20:39:54,1683247195,12.6,37.5,99800,2.00,8.00,13.0,15.0,0.0221,0
2023-05-04 20:44:47,1683247487,12.4,37.6,99800,1e-7,2.00,4.00,4.00,0.0247,0
2023-05-04 20:49:59,1683247800,12.2,38.0,99800,1.00,5.00,8.00,9.00,0.0205,0
2023-05-04 20:54:51,1683248092,12.1,38.9,99800,1e-7,2.00,3.00,4.00,0.0150,0
2023-05-04 20:59:44,1683248385,12.1,38.7,99800,1.00,2.00,3.00,3.00,0.0150,0
2023-05-04 21:04:58,1683248699,12.0,38.6,99800,1e-7,2.00,4.00,5.00,0.0149,0
2023-05-04 21:09:51,1683248992,11.8,38.7,99800,2.00,6.00,10.0,11.0,0.0263,0
2023-05-04 21:14:43,1683249284,11.7,39.1,99800,1.00,4.00,7.00,8.00,0.0279,0
2023-05-04 21:19:57,1683249597,11.5,39.6,99807,1.00,2.00,4.00,5.00,0.0156,0
2023-05-04 21:24:49,1683249890,11.4,39.8,99829,1.00,3.00,5.00,5.00,0.0114,0
2023-05-04 21:29:43,1683250183,11.2,40.5,99871,1.00,2.00,4.00,5.00,0.0120,0
2023-05-04 21:34:56,1683250497,11.1,40.9,99900,1e-7,2.00,3.00,3.00,0.0108,0
2023-05-04 21:39:49,1683250790,11.0,41.2,99900,1.00,5.00,8.00,10.0,0.0116,0
2023-05-04 21:44:42,1683251083,11.0,42.0,99900,1e-7,2.00,4.00,5.00,0.0187,0
2023-05-04 21:49:56,1683251397,10.9,42.0,99900,1.00,5.00,7.00,9.00,0.0187,0
2023-05-04 21:54:49,1683251690,10.8,42.1,99900,1.00,5.00,8.00,10.0,0.0155,0
2023-05-04 21:59:42,1683251983,10.8,42.3,99900,1.00,2.00,4.00,5.00,0.0179,0
2023-05-04 22:04:55,1683252296,10.7,42.3,99900,1.00,2.00,4.00,5.00,0.0185,0
2023-05-04 22:09:49,1683252589,10.7,42.4,99900,1.00,2.00,4.00,5.00,0.0128,0
2023-05-04 22:14:41,1683252882,10.7,42.5,99900,1.00,3.00,5.00,6.00,0.0106,0
2023-05-04 22:19:55,1683253195,10.7,42.6,99900,2.00,5.00,7.00,8.00,0.0184,0
2023-05-04 22:24:48,1683253489,10.6,43.0,99900,1.00,3.00,4.00,5.00,0.0184,0
2023-05-04 22:29:41,1683253782,10.6,43.4,99900,1.00,2.00,4.00,5.00,0.0184,0
2023-05-04 22:34:54,1683254095,10.5,43.5,99900,1.00,5.00,8.00,9.00,0.0184,0
2023-05-04 22:39:48,1683254388,10.4,43.4,99900,2.00,5.00,8.00,9.00,0.0294,0
2023-05-04 22:44:41,1683254681,10.4,43.5,99900,2.00,7.00,12.0,14.0,0.0167,0
2023-05-04 22:49:54,1683254995,10.4,43.7,99900,1.00,4.00,6.00,7.00,0.0145,0
2023-05-04 22:54:47,1683255287,10.3,43.9,99900,3.00,4.00,5.00,6.00,0.0246,0
2023-05-04 22:59:39,1683255580,10.3,44.0,99900,2.00,5.00,7.00,9.00,0.0196,0
2023-05-04 23:04:54,1683255894,10.3,44.1,99900,3.00,7.00,11.0,13.0,0.0213,0
2023-05-04 23:09:47,1683256187,10.3,44.3,99900,1.00,3.00,4.00,4.00,0.0282,0
2023-05-04 23:14:41,1683256481,10.3,44.3,99900,1.00,2.00,4.00,5.00,0.0283,0
2023-05-04 23:19:54,1683256795,10.2,44.0,99900,1.00,4.00,6.00,7.00,0.0110,0
2023-05-04 23:24:47,1683257087,10.2,44.0,99900,1.00,4.00,6.00,7.00,0.00966,0
2023-05-04 23:29:40,1683257380,10.1,44.2,99950,2.00,5.00,8.00,9.00,0.0304,0
2023-05-04 23:34:55,1683257695,10.1,44.6,100000,1.00,4.00,6.00,7.00,0.0304,0
2023-05-04 23:39:49,1683257989,10.2,44.8,100000,1.00,4.00,6.00,7.00,0.0148,0
2023-05-04 23:44:42,1683258283,10.2,45.0,99971,2.00,2.00,4.00,5.00,0.0172,0
2023-05-04 23:49:56,1683258596,10.2,44.7,100000,2.00,5.00,8.00,9.00,0.0187,0
2023-05-04 23:54:48,1683258889,10.2,45.3,100000,2.00,3.00,4.00,5.00,0.0123,0
2023-05-04 23:59:42,1683259182,10.2,45.3,100000,2.00,4.00,6.00,7.00,0.0123,0
2023-05-05 00:04:57,1683259497,10.3,45.3,100000,1.00,5.00,8.00,9.00,0.0128,0
2023-05-05 00:09:51,1683259791,10.3,45.6,100000,1.00,4.00,6.00,7.00,0.0112,0
2023-05-05 00:14:43,1683260084,10.2,45.8,100000,1.00,4.00,6.00,7.00,0.0135,0
2023-05-05 00:19:56,1683260397,10.2,45.6,100000,1.00,5.00,8.00,9.00,0.00946,0
2023-05-05 00:24:50,1683260690,10.1,45.7,100000,2.00,5.00,8.00,10.0,0.0111,0
2023-05-05 00:29:43,1683260984,10.1,45.9,100000,1.00,4.00,7.00,9.00,0.0107,0
2023-05-05 00:34:58,1683261298,10.1,45.9,100000,2.00,7.00,11.0,13.0,0.0331,0
2023-05-05 00:39:52,1683261592,10.1,45.8,100000,1.00,4.00,7.00,8.00,0.0331,0
2023-05-05 00:44:46,1683261886,9.94,45.7,100000,1.00,5.00,8.00,9.00,0.0140,0
2023-05-05 00:49:39,1683262179,9.77,45.7,100000,1.00,4.00,6.00,7.00,0.0335,0
2023-05-05 00:54:52,1683262493,9.60,46.1,100000,2.00,6.00,9.00,10.0,0.0406,0
2023-05-05 00:59:45,1683262785,9.41,46.1,100000,1.00,4.00,6.00,8.00,0.0512,0
2023-05-05 01:04:59,1683263099,9.24,46.5,100000,2.00,8.00,13.0,15.0,0.0168,0
2023-05-05 01:09:53,1683263393,9.08,46.5,100000,1.00,4.00,7.00,8.00,0.0333,0
2023-05-05 01:14:47,1683263687,8.93,46.6,100000,1.00,3.00,5.00,6.00,0.0333,0
2023-05-05 01:19:40,1683263981,8.80,46.8,100000,3.00,9.00,14.0,16.0,0.0240,0
2023-05-05 01:24:55,1683264295,8.66,46.9,100000,1.00,4.00,6.00,7.00,0.0252,0
2023-05-05 01:29:49,1683264589,8.54,47.2,100000,2.00,6.00,10.0,12.0,0.0331,0
2023-05-05 01:34:43,1683264883,8.45,47.5,100000,3.00,9.00,14.0,17.0,0.0379,0
2023-05-05 01:39:58,1683265198,8.37,47.4,100000,2.00,7.00,11.0,13.0,0.0129,0
2023-05-05 01:44:52,1683265492,8.27,47.5,100000,1.00,2.00,3.00,3.00,0.0199,0
2023-05-05 01:49:46,1683265786,8.22,47.9,100000,2.00,7.00,11.0,13.0,0.0363,0
2023-05-05 01:54:40,1683266080,8.21,48.5,100000,1.00,3.00,5.00,5.00,0.0218,0
2023-05-05 01:59:54,1683266395,8.19,48.1,100060,1.00,3.00,5.00,5.00,0.0175,0
2023-05-05 02:04:48,1683266688,8.14,47.9,100093,2.00,4.00,6.00,7.00,0.0154,0
2023-05-05 02:09:42,1683266982,8.06,47.8,100100,1.00,2.00,3.00,3.00,0.0157,0
2023-05-05 02:14:57,1683267297,7.97,47.6,100100,2.00,5.00,9.00,10.0,0.0152,0
2023-05-05 02:19:51,1683267591,7.87,47.4,100100,1.00,4.00,7.00,8.00,0.0174,0
2023-05-05 02:24:44,1683267885,7.76,47.6,100100,1e-7,2.00,3.00,4.00,0.0227,0
2023-05-05 02:29:59,1683268199,7.68,47.7,100100,4.00,7.00,11.0,13.0,0.0278,0
2023-05-05 02:34:52,1683268492,7.62,47.8,100100,2.00,4.00,6.00,7.00,0.0345,0
2023-05-05 02:39:46,1683268786,7.59,48.1,100100,1.00,2.00,4.00,4.00,0.0454,0
2023-05-05 02:44:40,1683269080,7.58,48.2,100100,1.00,2.00,4.00,5.00,0.0393,0
2023-05-05 02:49:54,1683269395,7.63,49.2,100100,2.00,7.00,12.0,14.0,0.0140,0
2023-05-05 02:54:47,1683269688,7.69,49.2,100100,2.00,6.00,10.0,12.0,0.0810,0
2023-05-05 02:59:42,1683269982,7.66,48.8,100100,1.00,4.00,5.00,6.00,0.0381,0
2023-05-05 03:04:56,1683270297,7.57,48.5,100100,1.00,4.00,6.00,7.00,0.0307,0
2023-05-05 03:09:49,1683270590,7.50,48.5,100100,2.00,7.00,11.0,13.0,0.0205,0
2023-05-05 03:14:43,1683270884,7.41,48.6,100100,2.00,6.00,9.00,11.0,0.0349,0
2023-05-05 03:19:59,1683271199,7.30,48.4,100100,1.00,4.00,6.00,7.00,0.0197,0
2023-05-05 03:24:52,1683271493,7.20,48.5,100100,2.00,6.00,10.0,11.0,0.0413,0
2023-05-05 03:29:47,1683271787,7.11,48.4,100100,2.00,5.00,8.00,10.0,0.0274,0
2023-05-05 03:34:41,1683272081,7.07,48.7,100100,1.00,2.00,4.00,5.00,0.0274,0
2023-05-05 03:39:56,1683272397,7.02,48.8,100100,2.00,7.00,11.0,13.0,0.0311,0
2023-05-05 03:44:50,1683272690,6.98,48.9,100100,1.00,4.00,6.00,7.00,0.0303,0
2023-05-05 03:49:43,1683272984,6.95,49.0,100100,1.00,4.00,6.00,8.00,0.0270,0
2023-05-05 03:54:58,1683273299,6.92,49.1,100100,1.00,3.00,5.00,5.00,0.0315,0
2023-05-05 03:59:52,1683273593,6.89,49.0,100100,1.00,3.00,5.00,6.00,0.0140,0
2023-05-05 04:04:45,1683273886,6.87,49.1,100100,1.00,2.00,4.00,5.00,0.0107,0
2023-05-05 04:09:40,1683274180,6.87,49.1,100100,2.00,7.00,11.0,13.0,0.0110,0
2023-05-05 04:14:55,1683274496,6.86,49.1,100100,1.00,5.00,8.00,9.00,0.0356,0
2023-05-05 04:19:49,1683274790,6.84,49.2,100100,2.00,7.00,11.0,13.0,0.0477,0
2023-05-05 04:24:43,1683275084,6.84,49.5,100100,1.00,4.00,6.00,7.00,0.0348,0
2023-05-05 04:29:58,1683275398,6.84,49.5,100100,1.00,2.00,4.00,5.00,0.0171,0
2023-05-05 04:34:51,1683275692,6.86,49.6,100100,1.00,2.00,4.00,5.00,0.0202,0
2023-05-05 04:39:45,1683275985,6.88,49.3,100100,1.00,3.00,5.00,5.00,0.0186,0
2023-05-05 04:44:59,1683276300,6.92,49.3,100100,1.00,4.00,7.00,8.00,0.0162,0
2023-05-05 04:49:53,1683276594,6.96,49.2,100100,1e-7,2.00,4.00,4.00,0.0171,0
2023-05-05 04:54:48,1683276888,7.00,49.4,100100,1.00,2.00,4.00,5.00,0.0165,0
2023-05-05 04:59:42,1683277183,7.05,49.4,100107,2.00,7.00,10.0,12.0,0.0159,0
2023-05-05 05:04:57,1683277498,7.06,49.4,100100,1.00,4.00,6.00,7.00,0.0169,0
2023-05-05 05:09:51,1683277792,7.08,49.5,100100,2.00,6.00,9.00,11.0,0.0132,0
2023-05-05 05:14:45,1683278085,7.16,49.8,100171,1.00,2.00,4.00,5.00,0.0132,0
2023-05-05 05:19:59,1683278400,7.20,49.8,100107,1.00,2.00,4.00,5.00,0.0169,0
2023-05-05 05:24:53,1683278694,7.22,49.6,100136,1.00,2.00,4.00,5.00,0.0166,0
2023-05-05 05:29:47,1683278987,7.26,49.9,100171,2.00,7.00,12.0,14.0,0.0211,0
2023-05-05 05:34:40,1683279281,7.31,50.2,100200,1.00,3.00,4.00,5.00,0.0211,0
2023-05-05 05:39:55,1683279596,7.40,50.4,100200,2.00,7.00,11.0,13.0,0.0163,0
2023-05-05 05:44:49,1683279890,7.53,50.8,100200,1.00,2.00,4.00,4.00,0.0187,0
2023-05-05 05:49:43,1683280184,7.76,51.0,100200,1e-7,2.00,4.00,5.00,0.0272,0
2023-05-05 05:54:57,1683280498,7.99,50.4,100200,1.00,4.00,7.00,9.00,0.0163,0
2023-05-05 05:59:51,1683280791,8.24,50.6,100200,1.00,3.00,4.00,5.00,0.0147,0
2023-05-05 06:04:45,1683281085,8.58,50.1,100200,1.00,4.00,7.00,8.00,0.0123,0
2023-05-05 06:09:59,1683281399,9.33,50.5,100200,1.00,2.00,3.00,4.00,0.0149,0
2023-05-05 06:14:52,1683281692,10.7,47.7,100200,1e-7,2.00,4.00,4.00,0.0192,0
2023-05-05 06:19:45,1683281986,11.7,45.8,100200,1.00,5.00,8.00,9.00,0.0151,0
2023-05-05 06:24:58,1683282298,13.2,42.5,100200,1.00,2.00,4.00,4.00,0.0151,0
2023-05-05 06:29:50,1683282590,13.8,40.7,100200,1.00,2.00,4.00,5.00,0.0145,0
2023-05-05 06:34:42,1683282883,13.6,40.0,100200,1.00,3.00,4.00,5.00,0.0136,0
2023-05-05 06:39:56,1683283196,12.9,40.7,100200,1.00,3.00,6.00,7.00,0.0142,0
2023-05-05 06:44:49,1683283489,12.3,41.6,100200,1e-7,2.00,4.00,4.00,0.0125,0
2023-05-05 06:49:41,1683283781,11.9,42.5,100200,1.00,3.00,5.00,6.00,0.0168,0
2023-05-05 06:54:54,1683284094,11.8,42.9,100200,2.00,7.00,11.0,13.0,0.0257,0
2023-05-05 06:59:47,1683284387,11.8,43.1,100200,1.00,4.00,7.00,8.00,0.0271,0
2023-05-05 07:04:59,1683284700,11.8,43.6,100240,1e-7,2.00,3.00,4.00,0.0215,0
2023-05-05 07:09:51,1683284992,12.0,43.5,100300,2.00,7.00,11.0,13.0,0.0410,0
2023-05-05 07:14:43,1683285284,12.1,43.1,100300,1e-7,2.00,4.00,5.00,0.0199,0
2023-05-05 07:19:56,1683285597,12.3,43.2,100300,1.00,4.00,6.00,7.00,0.0171,0
2023-05-05 07:24:48,1683285889,12.6,42.9,100300,1.00,2.00,4.00,5.00,0.00768,0
2023-05-05 07:29:40,1683286180,12.9,42.4,100300,1.00,2.00,4.00,5.00,0.0131,0
2023-05-05 07:34:53,1683286494,13.3,41.9,100300,2.00,5.00,8.00,10.0,0.0135,0
2023-05-05 07:39:45,1683286786,13.7,41.3,100300,1.00,2.00,4.00,4.00,0.0177,0
2023-05-05 07:44:58,1683287098,14.5,40.7,100300,1.00,3.00,5.00,6.00,0.0224,0
2023-05-05 07:49:49,1683287390,17.2,36.8,100300,1.00,4.00,7.00,8.00,0.0189,0
2023-05-05 07:54:40,1683287680,19.6,31.0,100300,2.00,5.00,8.00,10.0,0.0163,0
2023-05-05 07:59:50,1683287991,20.9,28.7,100300,1.00,4.00,6.00,7.00,0.0163,0
2023-05-05 08:04:40,1683288281,22.2,26.9,100300,3.00,10.0,16.0,19.0,0.0246,0
2023-05-05 08:09:50,1683288591,22.8,25.9,100300,1.00,2.00,4.00,5.00,0.0341,0
2023-05-05 08:14:40,1683288880,23.0,25.7,100300,1.00,2.00,4.00,5.00,0.0198,0
2023-05-05 08:19:50,1683289191,23.4,25.3,100300,2.00,7.00,11.0,13.0,0.0195,0
2023-05-05 08:24:39,1683289480,24.6,23.4,100300,1.00,2.00,3.00,3.00,0.0324,0
2023-05-05 08:29:49,1683289789,25.6,22.0,100300,1.00,3.00,4.00,5.00,0.0546,0
2023-05-05 08:34:58,1683290098,26.3,21.0,100300,1.00,2.00,4.00,5.00,0.0183,0
2023-05-05 08:39:46,1683290387,26.9,20.4,100300,2.00,6.00,9.00,10.0,0.0192,0
2023-05-05 08:44:55,1683290695,27.6,18.9,100300,1e-7,2.00,4.00,5.00,0.0218,0
2023-05-05 08:49:43,1683290983,28.0,18.6,100300,1.00,2.00,4.00,5.00,0.0222,0
2023-05-05 08:54:51,1683291292,28.2,18.1,100300,2.00,7.00,11.0,13.0,0.0198,0
2023-05-05 08:59:39,1683291580,28.1,18.0,100300,1e-7,2.00,4.00,4.00,0.0209,0
2023-05-05 09:04:48,1683291889,28.0,18.1,100300,1.00,4.00,6.00,7.00,0.0192,0
2023-05-05 09:09:57,1683292197,27.8,18.3,100300,1e-7,2.00,3.00,3.00,0.0133,0
2023-05-05 09:14:45,1683292485,27.9,18.0,100300,1.00,2.00,4.00,5.00,0.0141,0
2023-05-05 09:19:53,1683292794,28.0,18.2,100300,1.00,4.00,6.00,7.00,0.0169,0
2023-05-05 09:24:41,1683293082,28.2,17.9,100300,1.00,4.00,6.00,7.00,0.0132,0
2023-05-05 09:29:49,1683293390,28.2,17.8,100300,1.00,4.00,7.00,8.00,0.0166,0
2023-05-05 09:34:58,1683293698,28.0,18.3,100300,2.00,7.00,10.0,12.0,0.0136,0
2023-05-05 09:39:46,1683293986,27.5,18.5,100293,1.00,2.00,4.00,4.00,0.0206,0
2023-05-05 09:44:55,1683294295,27.3,18.8,100300,1.00,2.00,4.00,5.00,0.0227,0
2023-05-05 09:49:43,1683294583,27.4,18.6,100300,1.00,3.00,4.00,5.00,0.0227,0
2023-05-05 09:54:51,1683294892,27.2,19.0,100293,1.00,4.00,6.00,7.00,0.0114,0
2023-05-05 09:59:40,1683295180,27.0,19.2,100243,1.00,2.00,4.00,5.00,0.0121,0
2023-05-05 10:04:48,1683295489,27.2,19.2,100200,1.00,4.00,6.00,7.00,0.0108,0
2023-05-05 10:09:57,1683295798,27.2,18.9,100200,2.00,3.00,4.00,5.00,0.0117,0
2023-05-05 10:14:45,1683296086,26.9,19.4,100200,2.00,6.00,10.0,12.0,0.0227,0
2023-05-05 10:19:54,1683296395,26.5,20.2,100200,2.00,7.00,11.0,12.0,0.0358,0
2023-05-05 10:24:42,1683296683,26.5,19.8,100200,1.00,2.00,4.00,5.00,0.0521,0
2023-05-05 10:29:51,1683296992,27.1,19.5,100200,1.00,5.00,8.00,9.00,0.0318,0
2023-05-05 10:34:39,1683297280,27.1,19.1,100200,1.00,3.00,5.00,6.00,0.0148,0
2023-05-05 10:39:49,1683297589,26.5,19.5,100200,6.00,19.0,30.0,35.0,0.0581,0
2023-05-05 10:44:57,1683297898,26.5,19.5,100200,2.00,5.00,9.00,10.0,0.0487,0
2023-05-05 10:49:46,1683298186,26.8,20.0,100200,2.00,7.00,11.0,13.0,0.0363,0
2023-05-05 10:54:54,1683298495,27.2,19.5,100200,1.00,2.00,4.00,5.00,0.0306,0
2023-05-05 10:59:42,1683298783,27.2,19.0,100200,1.00,3.00,4.00,5.00,0.0412,0
2023-05-05 11:04:51,1683299092,26.9,19.3,100200,2.00,4.00,6.00,7.00,0.0279,0
2023-05-05 11:09:39,1683299380,26.9,19.7,100200,1.00,2.00,4.00,5.00,0.0142,0
2023-05-05 11:14:48,1683299688,27.1,19.7,100200,1.00,4.00,7.00,8.00,0.0149,0
2023-05-05 11:19:56,1683299997,26.9,19.6,100200,3.00,9.00,15.0,17.0,0.0556,0
2023-05-05 11:24:45,1683300285,26.7,19.3,100200,1.00,2.00,4.00,5.00,0.0556,0
2023-05-05 11:29:54,1683300594,26.9,19.5,100200,2.00,5.00,8.00,9.00,0.0500,0
2023-05-05 11:34:41,1683300882,26.9,19.0,100200,2.00,6.00,9.00,11.0,0.0311,0
2023-05-05 11:39:50,1683301191,26.9,19.1,100100,1.00,5.00,8.00,10.0,0.0314,0
2023-05-05 11:44:59,1683301499,26.9,18.9,100100,5.00,14.0,22.0,25.0,0.0419,0
2023-05-05 11:49:47,1683301787,26.8,18.7,100100,1.00,4.00,6.00,7.00,0.0642,0
2023-05-05 11:54:56,1683302096,26.7,18.8,100100,15.0,43.0,66.0,78.0,0.117,0
2023-05-05 11:59:44,1683302385,26.2,19.1,100100,2.00,3.00,4.00,5.00,0.214,0
2023-05-05 12:04:53,1683302694,25.6,19.0,100100,1.00,4.00,7.00,9.00,0.222,0
2023-05-05 12:09:42,1683302983,25.2,19.5,100100,2.00,3.00,5.00,6.00,0.195,0
2023-05-05 12:14:52,1683303292,25.4,19.3,100100,1.00,5.00,8.00,9.00,0.0181,0
2023-05-05 12:19:41,1683303581,25.1,19.3,100100,1.00,2.00,4.00,4.00,0.0242,0
2023-05-05 12:24:50,1683303891,25.1,19.5,100100,1.00,2.00,4.00,5.00,0.0287,0
2023-05-05 12:29:39,1683304179,24.7,19.6,100100,1.00,2.00,4.00,4.00,0.0107,0
2023-05-05 12:34:49,1683304489,24.1,20.1,100100,2.00,4.00,6.00,7.00,0.0106,0
2023-05-05 12:39:58,1683304799,23.7,20.4,100100,2.00,5.00,8.00,10.0,0.0281,0
2023-05-05 12:44:48,1683305088,23.5,20.5,100100,1.00,2.00,4.00,4.00,0.0303,0
2023-05-05 12:49:58,1683305398,23.3,20.5,100100,1.00,5.00,8.00,9.00,0.0303,0
2023-05-05 12:54:47,1683305687,23.3,20.8,100100,1.00,2.00,4.00,5.00,0.0146,0
2023-05-05 12:59:57,1683305998,23.3,20.5,100100,1.00,5.00,8.00,9.00,0.0140,0
2023-05-05 13:04:47,1683306287,23.4,20.6,100100,1.00,4.00,7.00,8.00,0.0193,0
2023-05-05 13:09:56,1683306597,24.3,20.7,100100,1e-7,2.00,4.00,4.00,0.0107,0
2023-05-05 13:14:45,1683306886,24.9,20.2,100100,2.00,6.00,9.00,11.0,0.0167,0
2023-05-05 13:19:55,1683307195,25.3,19.6,100100,1.00,4.00,6.00,7.00,0.0355,0
2023-05-05 13:24:44,1683307484,25.6,19.2,100100,2.00,2.00,4.00,4.00,0.0217,0
2023-05-05 13:29:53,1683307794,25.5,18.4,100100,1.00,2.00,3.00,4.00,0.0246,0
2023-05-05 13:34:42,1683308083,25.1,18.8,100100,1.00,2.00,4.00,4.00,0.0152,0
2023-05-05 13:39:52,1683308392,24.8,19.2,100053,1.00,2.00,4.00,5.00,0.0103,0
2023-05-05 13:44:41,1683308681,24.7,19.1,100000,1.00,3.00,4.00,5.00,0.0103,0
2023-05-05 13:49:50,1683308991,25.0,19.0,100000,3.00,10.0,15.0,18.0,0.0113,0
2023-05-05 13:54:59,1683309300,25.7,19.2,100000,1e-7,2.00,4.00,5.00,0.0341,0
2023-05-05 13:59:48,1683309589,26.4,18.5,100000,1.00,3.00,6.00,7.00,0.0178,0
2023-05-05 14:04:57,1683309898,26.8,17.5,100000,1.00,5.00,7.00,9.00,0.0149,0
2023-05-05 14:09:46,1683310186,26.6,17.3,100000,1.00,4.00,6.00,7.00,0.0143,0
2023-05-05 14:14:55,1683310495,26.7,17.4,100000,2.00,6.00,9.00,11.0,0.0143,0
2023-05-05 14:19:43,1683310784,26.8,16.9,100000,1.00,4.00,6.00,7.00,0.0177,0
2023-05-05 14:24:52,1683311093,26.8,16.8,100000,1.00,2.00,4.00,5.00,0.0150,0
2023-05-05 14:29:41,1683311382,26.3,16.7,100000,3.00,8.00,12.0,14.0,0.0143,0
2023-05-05 14:34:51,1683311691,26.1,17.0,100000,1.00,2.00,4.00,5.00,0.0176,0
2023-05-05 14:39:39,1683311980,26.2,16.8,100000,1.00,2.00,3.00,3.00,0.0474,0
2023-05-05 14:44:49,1683312289,26.3,17.1,100000,1.00,2.00,3.00,3.00,0.0474,0
2023-05-05 14:49:58,1683312599,26.6,16.3,100000,1.00,4.00,6.00,7.00,0.0127,0
2023-05-05 14:54:47,1683312887,26.3,16.1,99971,1.00,2.00,3.00,3.00,0.0142,0
2023-05-05 14:59:56,1683313197,25.8,15.9,99900,8.00,18.0,26.0,29.0,0.0796,0
2023-05-05 15:04:45,1683313485,25.4,16.8,99900,10.0,27.0,41.0,48.0,0.168,0
2023-05-05 15:09:54,1683313795,25.3,17.0,99900,2.00,4.00,6.00,7.00,0.0898,0
2023-05-05 15:14:43,1683314084,25.4,17.0,99900,1.00,5.00,8.00,9.00,0.127,0
2023-05-05 15:19:53,1683314394,25.7,16.5,99900,1.00,2.00,4.00,4.00,0.0677,0
2023-05-05 15:24:42,1683314683,26.0,16.2,99900,1.00,2.00,4.00,4.00,0.0207,0
2023-05-05 15:29:52,1683314992,26.3,16.0,99900,1.00,2.00,4.00,5.00,0.0107,0
2023-05-05 15:34:40,1683315280,26.5,15.8,99900,1.00,4.00,6.00,7.00,0.0143,0
2023-05-05 15:39:49,1683315590,26.3,15.6,99900,1.00,4.00,6.00,7.00,0.0139,0
2023-05-05 15:44:59,1683315899,25.8,15.8,99900,1.00,4.00,6.00,7.00,0.0130,0
2023-05-05 15:49:48,1683316188,25.5,16.3,99900,1.00,5.00,8.00,10.0,0.0130,0
2023-05-05 15:54:57,1683316498,25.9,16.0,99900,5.00,10.0,14.0,16.0,0.0471,0
2023-05-05 15:59:46,1683316786,26.3,15.5,99900,3.00,5.00,7.00,7.00,0.0351,0
2023-05-05 16:04:55,1683317096,26.6,15.3,99900,1.00,4.00,7.00,8.00,0.0273,0
2023-05-05 16:09:44,1683317385,26.7,15.2,99900,2.00,6.00,9.00,10.0,0.0187,0
2023-05-05 16:14:54,1683317694,26.1,15.6,99900,2.00,6.00,10.0,11.0,0.0303,0
2023-05-05 16:19:43,1683317983,25.5,15.7,99900,1.00,4.00,6.00,7.00,0.0380,0
2023-05-05 16:24:53,1683318293,25.1,15.8,99900,3.00,5.00,7.00,8.00,0.0380,0
2023-05-05 16:29:46,1683318586,25.2,15.6,99900,1.00,4.00,6.00,7.00,0.0128,0
2023-05-05 16:34:55,1683318896,25.5,15.6,99900,1.00,2.00,4.00,5.00,0.0142,0
2023-05-05 16:39:44,1683319184,25.7,15.8,99900,1.00,2.00,4.00,4.00,0.0113,0
2023-05-05 16:44:54,1683319494,25.6,15.7,99900,1.00,5.00,8.00,9.00,0.0128,0
2023-05-05 16:49:43,1683319783,25.1,15.7,99900,1.00,3.00,5.00,6.00,0.0129,0
2023-05-05 16:54:53,1683320093,24.7,16.0,99900,2.00,7.00,11.0,13.0,0.0244,0
2023-05-05 16:59:42,1683320382,24.8,16.3,99814,1.00,3.00,5.00,6.00,0.0244,0
2023-05-05 17:04:51,1683320692,25.1,16.1,99900,2.00,5.00,8.00,9.00,0.0185,0
2023-05-05 17:09:41,1683320981,25.4,16.0,99843,3.00,11.0,17.0,21.0,0.0365,0
2023-05-05 17:14:51,1683321291,25.2,16.0,99900,1.00,2.00,4.00,5.00,0.0568,0
2023-05-05 17:19:40,1683321580,24.7,16.2,99900,1.00,4.00,6.00,8.00,0.0587,0
2023-05-05 17:24:50,1683321890,24.1,16.6,99900,2.00,8.00,12.0,15.0,0.0375,0
2023-05-05 17:29:39,1683322180,23.9,17.2,99900,1.00,3.00,5.00,6.00,0.0230,0
2023-05-05 17:34:50,1683322490,23.9,17.0,99867,1.00,2.00,4.00,4.00,0.0230,0
2023-05-05 17:39:39,1683322780,24.1,17.3,99800,2.00,2.00,3.00,3.00,0.0120,0
2023-05-05 17:44:49,1683323090,24.3,17.1,99867,2.00,7.00,12.0,14.0,0.0331,0
2023-05-05 17:49:59,1683323400,24.3,16.9,99900,1.00,2.00,4.00,5.00,0.0461,0
2023-05-05 17:54:49,1683323689,24.0,16.8,99900,1.00,4.00,6.00,7.00,0.0456,0
2023-05-05 17:59:59,1683324000,23.5,17.3,99900,1.00,5.00,7.00,9.00,0.0230,0
2023-05-05 18:04:49,1683324289,23.3,17.4,99857,1.00,2.00,3.00,4.00,0.0110,0
2023-05-05 18:09:59,1683324600,23.3,17.3,99827,1.00,4.00,6.00,7.00,0.0188,0
2023-05-05 18:14:49,1683324889,23.4,17.5,99850,1.00,2.00,3.00,4.00,0.0128,0
2023-05-05 18:19:59,1683325199,23.4,17.5,99833,1.00,3.00,5.00,5.00,0.0125,0
2023-05-05 18:24:48,1683325489,23.5,17.8,99864,1.00,2.00,3.00,4.00,0.0125,0
2023-05-05 18:29:59,1683325799,23.5,17.9,99900,3.00,6.00,9.00,11.0,0.0220,0
2023-05-05 18:34:49,1683326089,23.3,17.6,99900,1.00,2.00,4.00,4.00,0.0149,0
2023-05-05 18:39:59,1683326399,23.2,17.5,99900,1.00,4.00,7.00,9.00,0.0124,0
2023-05-05 18:44:48,1683326689,23.0,17.4,99900,1e-7,2.00,4.00,4.00,0.0162,0
2023-05-05 18:49:59,1683326999,22.8,17.7,99900,1.00,2.00,3.00,4.00,0.0162,0
2023-05-05 18:54:49,1683327289,22.6,18.1,99900,1.00,5.00,8.00,9.00,0.0133,0
2023-05-05 18:59:59,1683327600,22.5,18.1,99900,1.00,3.00,6.00,7.00,0.0226,0
2023-05-05 19:04:49,1683327890,22.3,18.2,99900,1.00,5.00,8.00,9.00,0.0120,0
2023-05-05 19:09:39,1683328180,22.1,18.3,99900,1.00,2.00,4.00,5.00,0.0120,0
2023-05-05 19:14:50,1683328491,21.9,18.5,99900,1e-7,2.00,4.00,5.00,0.0177,0
2023-05-05 19:19:40,1683328781,21.6,18.7,99900,1.00,4.00,6.00,7.00,0.0170,0
2023-05-05 19:24:51,1683329091,21.4,18.8,99900,2.00,6.00,10.0,12.0,0.0214,0
2023-05-05 19:29:41,1683329381,21.2,19.1,99900,2.00,2.00,4.00,4.00,0.0228,0
2023-05-05 19:34:52,1683329692,21.0,19.6,99900,1.00,2.00,4.00,4.00,0.0228,0
2023-05-05 19:39:42,1683329982,20.7,20.0,99900,1.00,2.00,4.00,5.00,0.00995,0
2023-05-05 19:44:53,1683330293,20.5,20.5,99900,1.00,2.00,3.00,4.00,0.0100,0
2023-05-05 19:49:43,1683330584,20.1,20.5,99900,1.00,4.00,7.00,9.00,0.0101,0
2023-05-05 19:54:54,1683330895,19.8,21.3,99900,2.00,5.00,9.00,10.0,0.0182,0
2023-05-05 19:59:45,1683331185,19.5,21.6,99900,1.00,4.00,7.00,8.00,0.0130,0
2023-05-05 20:04:56,1683331497,19.1,22.0,99900,1.00,2.00,3.00,4.00,0.0123,0
2023-05-05 20:09:47,1683331787,18.8,22.5,99900,1.00,1.00,2.00,2.00,0.0199,0
2023-05-05 20:14:59,1683332099,18.4,23.3,99900,1.00,4.00,7.00,8.00,0.0147,0
2023-05-05 20:19:50,1683332390,18.0,23.8,99900,1e-7,2.00,4.00,5.00,0.0147,0
2023-05-05 20:24:41,1683332681,17.6,24.7,99900,2.00,5.00,8.00,10.0,0.0157,0
2023-05-05 20:29:53,1683332993,17.2,25.7,99900,1.00,3.00,5.00,6.00,0.0270,0
2023-05-05 20:34:44,1683333285,16.8,27.4,99900,1.00,2.00,4.00,5.00,0.0238,0
2023-05-05 20:39:56,1683333596,16.4,28.6,99900,9.00,21.0,31.0,36.0,0.0184,0
2023-05-05 20:44:47,1683333888,16.0,29.2,99900,1.00,2.00,4.00,5.00,0.0644,0
2023-05-05 20:49:59,1683334200,15.6,29.8,99900,1.00,4.00,6.00,7.00,0.0553,0
2023-05-05 20:54:51,1683334492,15.2,31.2,99900,1.00,2.00,3.00,4.00,0.0576,0
2023-05-05 20:59:43,1683334784,14.9,31.9,99900,1.00,3.00,4.00,4.00,0.0139,0
2023-05-05 21:04:56,1683335097,14.6,32.6,99900,2.00,4.00,5.00,6.00,0.0104,0
2023-05-05 21:09:48,1683335389,14.3,32.9,99900,1.00,4.00,6.00,7.00,0.0113,0
2023-05-05 21:14:40,1683335681,14.1,33.5,99900,2.00,6.00,9.00,10.0,0.0124,0
2023-05-05 21:19:53,1683335993,13.8,34.4,99900,1.00,2.00,4.00,4.00,0.0255,0
2023-05-05 21:24:45,1683336285,13.5,33.9,99900,1e-7,2.00,4.00,4.00,0.0219,0
2023-05-05 21:29:58,1683336598,13.2,33.9,99900,2.00,5.00,8.00,9.00,0.0176,0
2023-05-05 21:34:50,1683336891,13.0,34.6,99900,1.00,3.00,6.00,7.00,0.0207,0
2023-05-05 21:39:42,1683337183,12.8,34.8,99900,2.00,4.00,6.00,7.00,0.0148,0
2023-05-05 21:44:56,1683337497,12.6,34.9,99900,2.00,5.00,7.00,9.00,0.0190,0
2023-05-05 21:49:49,1683337790,12.4,35.0,99900,2.00,8.00,13.0,15.0,0.0190,0
2023-05-05 21:54:42,1683338083,12.3,35.4,99900,1.00,4.00,7.00,8.00,0.0149,0
2023-05-05 21:59:55,1683338395,12.2,35.6,99900,1.00,2.00,4.00,4.00,0.0210,0
2023-05-05 22:04:48,1683338689,12.0,36.0,99900,1.00,4.00,6.00,7.00,0.0329,0
2023-05-05 22:09:40,1683338981,12.0,36.1,99900,1.00,2.00,4.00,5.00,0.0130,0
2023-05-05 22:14:53,1683339294,11.9,36.4,99900,1.00,3.00,5.00,6.00,0.0145,0
2023-05-05 22:19:46,1683339586,11.8,36.3,99900,1.00,4.00,6.00,7.00,0.0168,0
2023-05-05 22:24:39,1683339879,11.8,36.4,99900,1.00,3.00,4.00,5.00,0.0188,0
2023-05-05 22:29:52,1683340192,11.8,37.0,99900,1.00,2.00,3.00,3.00,0.0157,0
2023-05-05 22:34:45,1683340485,11.7,36.9,99900,2.00,5.00,8.00,10.0,0.0157,0
2023-05-05 22:39:58,1683340798,11.6,36.9,99900,2.00,3.00,5.00,6.00,0.0282,0
2023-05-05 22:44:50,1683341091,11.6,37.2,99900,1.00,4.00,7.00,8.00,0.0212,0
2023-05-05 22:49:43,1683341384,11.5,37.3,99900,2.00,5.00,9.00,10.0,0.0107,0
2023-05-05 22:54:57,1683341698,11.5,37.6,99900,1.00,4.00,7.00,9.00,0.0122,0
2023-05-05 22:59:50,1683341991,11.4,37.4,99900,1.00,2.00,4.00,4.00,0.0188,0
2023-05-05 23:04:43,1683342283,11.3,37.5,99900,1.00,4.00,6.00,7.00,0.0200,0
2023-05-05 23:09:56,1683342597,11.2,37.7,99900,2.00,6.00,9.00,11.0,0.0180,0
2023-05-05 23:14:49,1683342889,11.2,37.9,99900,1.00,4.00,5.00,6.00,0.0208,0
2023-05-05 23:19:42,1683343183,11.1,38.3,99900,1.00,4.00,6.00,7.00,0.0183,0
2023-05-05 23:24:56,1683343496,11.0,38.6,99900,1.00,3.00,5.00,5.00,0.0188,0
2023-05-05 23:29:48,1683343789,11.0,38.5,99900,1.00,2.00,3.00,3.00,0.0126,0
2023-05-05 23:34:40,1683344081,11.0,38.8,99900,1.00,4.00,6.00,7.00,0.0107,0
2023-05-05 23:39:53,1683344394,11.0,39.0,99900,2.00,5.00,8.00,9.00,0.0179,0
2023-05-05 23:44:47,1683344687,10.9,39.1,99900,1.00,4.00,6.00,7.00,0.0181,0
2023-05-05 23:49:41,1683344981,10.9,38.7,99900,2.00,5.00,8.00,9.00,0.0181,0
2023-05-05 23:54:54,1683345295,10.9,38.7,99900,1.00,3.00,5.00,6.00,0.0181,0
2023-05-05 23:59:47,1683345588,10.9,38.6,99900,2.00,6.00,10.0,11.0,0.0212,0
2023-05-06 00:04:39,1683345880,10.8,38.4,99900,1.00,2.00,4.00,5.00,0.0290,0
2023-05-06 00:09:53,1683346194,10.8,38.3,99900,2.00,6.00,9.00,10.0,0.0290,0
2023-05-06 00:14:47,1683346487,10.8,38.3,99900,1.00,3.00,4.00,5.00,0.0194,0
2023-05-06 00:19:40,1683346780,10.7,38.5,99900,1.00,2.00,4.00,5.00,0.0194,0
2023-05-06 00:24:53,1683347094,10.7,38.6,99900,1.00,2.00,4.00,5.00,0.0177,0
2023-05-06 00:29:46,1683347386,10.7,38.4,99900,2.00,4.00,6.00,7.00,0.0107,0
2023-05-06 00:34:59,1683347700,10.7,38.2,99900,1.00,4.00,7.00,8.00,0.0183,0
2023-05-06 00:39:52,1683347992,10.6,38.2,99900,2.00,6.00,10.0,11.0,0.0178,0
2023-05-06 00:44:44,1683348285,10.6,38.4,99900,1.00,2.00,4.00,4.00,0.0218,0
2023-05-06 00:49:59,1683348599,10.5,38.5,99900,1.00,2.00,4.00,4.00,0.0315,0
2023-05-06 00:54:52,1683348892,10.4,38.5,99900,1.00,4.00,6.00,7.00,0.0280,0
2023-05-06 00:59:44,1683349185,10.3,38.7,99900,1.00,2.00,4.00,5.00,0.0137,0
2023-05-06 01:04:58,1683349499,10.3,38.8,99900,2.00,7.00,10.0,12.0,0.0156,0
2023-05-06 01:09:52,1683349792,10.2,38.9,99900,1.00,2.00,4.00,5.00,0.0126,0
2023-05-06 01:14:44,1683350085,10.2,39.2,99900,1.00,2.00,4.00,5.00,0.0156,0
2023-05-06 01:19:58,1683350398,10.1,39.1,99900,2.00,4.00,6.00,7.00,0.0234,0
2023-05-06 01:24:51,1683350691,10.1,39.3,99900,1.00,5.00,8.00,9.00,0.0234,0
2023-05-06 01:29:44,1683350984,10.0,39.3,99871,1.00,2.00,4.00,5.00,0.0222,0
2023-05-06 01:34:57,1683351298,9.96,39.7,99813,1e-7,2.00,4.00,5.00,0.0315,0
2023-05-06 01:39:50,1683351590,9.91,40.2,99800,1.00,4.00,7.00,8.00,0.0217,0
2023-05-06 01:44:44,1683351884,9.84,40.1,99843,1.00,2.00,4.00,5.00,0.0142,0
2023-05-06 01:49:58,1683352198,9.78,40.2,99900,2.00,5.00,9.00,10.0,0.0161,0
2023-05-06 01:54:51,1683352491,9.72,40.2,99871,1.00,5.00,8.00,10.0,0.0422,0
2023-05-06 01:59:44,1683352784,9.67,40.2,99807,1.00,5.00,8.00,9.00,0.0479,0
2023-05-06 02:04:58,1683353098,9.64,40.3,99800,1.00,2.00,3.00,3.00,0.0464,0
2023-05-06 02:09:51,1683353391,9.59,40.3,99800,1.00,2.00,4.00,5.00,0.0469,0
2023-05-06 02:14:43,1683353684,9.56,40.6,99800,2.00,5.00,7.00,9.00,0.0190,0
2023-05-06 02:19:58,1683353998,9.52,40.7,99800,2.00,6.00,9.00,11.0,0.0172,0
2023-05-06 02:24:52,1683354292,9.47,40.8,99800,2.00,5.00,8.00,9.00,0.0177,0
2023-05-06 02:29:45,1683354586,9.42,40.7,99800,2.00,5.00,8.00,9.00,0.0161,0
2023-05-06 02:34:59,1683354900,9.37,41.0,99800,3.00,4.00,6.00,7.00,0.0119,0
2023-05-06 02:39:53,1683355193,9.34,41.2,99800,1.00,3.00,4.00,5.00,0.0159,0
2023-05-06 02:44:47,1683355487,9.30,41.4,99800,1.00,4.00,7.00,8.00,0.0159,0
2023-05-06 02:49:41,1683355781,9.23,41.3,99800,1e-7,2.00,3.00,4.00,0.0141,0
2023-05-06 02:54:56,1683356096,9.14,41.4,99800,1.00,4.00,7.00,9.00,0.0219,0
2023-05-06 02:59:50,1683356390,9.06,41.5,99800,1.00,3.00,4.00,5.00,0.0219,0
2023-05-06 03:04:43,1683356684,8.98,41.9,99800,1.00,3.00,5.00,6.00,0.0258,0
2023-05-06 03:09:59,1683356999,8.91,42.0,99800,1.00,3.00,5.00,6.00,0.0151,0
2023-05-06 03:14:52,1683357292,8.85,42.2,99800,1.00,3.00,5.00,6.00,0.0113,0
2023-05-06 03:19:45,1683357585,8.79,42.3,99800,2.00,2.00,4.00,4.00,0.0104,0
2023-05-06 03:24:39,1683357879,8.74,42.7,99800,1.00,4.00,6.00,7.00,0.0103,0
2023-05-06 03:29:54,1683358194,8.69,42.7,99800,2.00,6.00,9.00,11.0,0.0213,0
2023-05-06 03:34:48,1683358488,8.72,43.0,99800,1.00,4.00,7.00,8.00,0.0205,0
2023-05-06 03:39:41,1683358782,8.88,43.4,99800,2.00,4.00,5.00,6.00,0.0114,0
2023-05-06 03:44:56,1683359097,9.06,43.1,99800,2.00,4.00,7.00,9.00,0.0148,0
2023-05-06 03:49:51,1683359391,9.27,42.7,99800,1.00,2.00,4.00,5.00,0.0207,0
2023-05-06 03:54:44,1683359685,9.50,42.6,99800,2.00,3.00,5.00,6.00,0.0169,0
2023-05-06 03:59:59,1683360000,9.72,42.2,99800,2.00,3.00,5.00,6.00,0.0113,0
2023-05-06 04:04:52,1683360293,9.88,42.2,99800,1.00,3.00,4.00,5.00,0.0103,0
2023-05-06 04:09:46,1683360587,10.1,42.0,99800,2.00,5.00,8.00,9.00,0.0215,0
2023-05-06 04:14:40,1683360881,10.3,41.2,99800,1.00,2.00,3.00,4.00,0.0255,0
2023-05-06 04:19:53,1683361194,10.5,40.8,99800,1.00,4.00,7.00,8.00,0.0311,0
2023-05-06 04:24:46,1683361487,10.8,40.1,99800,2.00,2.00,3.00,3.00,0.0213,0
2023-05-06 04:29:40,1683361780,11.0,39.7,99800,1.00,2.00,4.00,5.00,0.0131,0
2023-05-06 04:34:53,1683362093,11.0,38.9,99800,2.00,2.00,3.00,4.00,0.0130,0
2023-05-06 04:39:45,1683362386,10.9,38.8,99800,1.00,4.00,6.00,7.00,0.0101,0
2023-05-06 04:44:39,1683362679,10.8,39.1,99800,2.00,4.00,6.00,7.00,0.0160,0
2023-05-06 04:49:53,1683362994,10.8,39.5,99800,1.00,4.00,6.00,7.00,0.0215,0
2023-05-06 04:54:46,1683363286,11.0,39.1,99800,1.00,4.00,6.00,7.00,0.0133,0
2023-05-06 04:59:59,1683363600,11.2,38.7,99800,1.00,2.00,3.00,4.00,0.0123,0
2023-05-06 05:04:52,1683363893,11.2,38.3,99800,1.00,2.00,3.00,3.00,0.0144,0
2023-05-06 05:09:46,1683364186,11.1,38.4,99800,1.00,2.00,4.00,4.00,0.0125,0
2023-05-06 05:14:39,1683364480,11.1,38.8,99800,2.00,2.00,4.00,4.00,0.00995,0
2023-05-06 05:19:53,1683364793,11.2,38.5,99800,1.00,4.00,7.00,8.00,0.00995,0
2023-05-06 05:24:46,1683365087,11.1,38.2,99800,1.00,5.00,8.00,9.00,0.0168,0
2023-05-06 05:29:39,1683365380,10.9,38.6,99800,2.00,5.00,8.00,10.0,0.0142,0
2023-05-06 05:34:54,1683365694,10.9,38.9,99800,1.00,4.00,6.00,7.00,0.0159,0
2023-05-06 05:39:47,1683365988,10.8,38.6,99800,1.00,3.00,4.00,5.00,0.0198,0
2023-05-06 05:44:40,1683366281,10.5,38.6,99800,1.00,2.00,4.00,5.00,0.0224,0
2023-05-06 05:49:53,1683366594,10.5,39.3,99800,2.00,5.00,9.00,10.0,0.0217,0
2023-05-06 05:54:46,1683366886,10.5,39.7,99800,1.00,5.00,8.00,9.00,0.0425,0
2023-05-06 05:59:59,1683367200,10.7,40.0,99800,1.00,2.00,4.00,4.00,0.0272,0
2023-05-06 06:04:51,1683367492,11.2,39.5,99800,1.00,3.00,6.00,7.00,0.0245,0
2023-05-06 06:09:44,1683367785,11.8,39.0,99800,2.00,4.00,6.00,7.00,0.0137,0
2023-05-06 06:14:57,1683368098,12.9,38.0,99800,3.00,8.00,12.0,14.0,0.0214,0
2023-05-06 06:19:49,1683368389,13.6,37.7,99800,1.00,4.00,6.00,7.00,0.0284,0
2023-05-06 06:24:41,1683368681,14.6,36.2,99800,2.00,6.00,10.0,12.0,0.0280,0
2023-05-06 06:29:53,1683368994,14.8,34.8,99800,2.00,6.00,9.00,10.0,0.0178,0
2023-05-06 06:34:46,1683369287,14.4,34.7,99800,1.00,4.00,7.00,8.00,0.0165,0
2023-05-06 06:39:59,1683369600,13.7,34.3,99893,1e-7,2.00,4.00,5.00,0.0361,0
2023-05-06 06:44:51,1683369892,13.2,34.7,99900,1.00,2.00,4.00,5.00,0.0273,0
2023-05-06 06:49:43,1683370184,13.0,35.4,99900,1.00,4.00,7.00,9.00,0.0101,0
2023-05-06 06:54:57,1683370497,14.3,35.8,99847,2.00,2.00,4.00,4.00,0.0136,0
2023-05-06 06:59:48,1683370788,16.2,32.5,99814,1.00,2.00,3.00,4.00,0.0144,0
2023-05-06 07:04:39,1683371079,17.3,31.2,99857,1.00,4.00,6.00,7.00,0.0106,0
2023-05-06 07:09:51,1683371391,18.7,29.3,99800,1.00,2.00,4.00,5.00,0.0120,0.801
2023-05-06 07:14:41,1683371681,20.2,26.6,99800,3.00,6.00,8.00,10.0,0.0117,0.846
2023-05-06 07:19:52,1683371992,21.6,23.5,99800,1.00,3.00,5.00,5.00,0.0118,0.847
2023-05-06 07:24:41,1683372282,22.7,21.8,99800,1.00,4.00,6.00,7.00,0.0122,0
2023-05-06 07:29:51,1683372592,23.7,20.5,99800,2.00,6.00,10.0,12.0,0.0245,1.94
2023-05-06 07:34:40,1683372881,24.3,20.0,99800,1.00,4.00,6.00,7.00,0.0183,2.07
2023-05-06 07:39:51,1683373191,24.8,18.9,99800,1.00,4.00,6.00,7.00,0.0183,2.40
2023-05-06 07:44:40,1683373480,25.3,18.6,99800,1.00,2.00,4.00,5.00,0.0143,3.44
2023-05-06 07:49:49,1683373789,26.0,18.2,99800,2.00,5.00,7.00,8.00,0.0162,3.43
2023-05-06 07:54:58,1683374099,26.5,17.7,99800,1.00,3.00,5.00,6.00,0.0179,1.00
2023-05-06 07:59:47,1683374387,26.8,17.8,99800,1.00,5.00,8.00,10.0,0.0114,0
2023-05-06 08:04:56,1683374696,27.3,17.0,99800,1.00,3.00,5.00,6.00,0.0193,0
2023-05-06 08:09:44,1683374985,27.9,16.2,99800,1.00,3.00,5.00,6.00,0.0179,0
2023-05-06 08:14:53,1683375293,28.4,15.9,99800,1.00,2.00,3.00,4.00,0.0132,0
2023-05-06 08:19:41,1683375581,28.9,15.4,99800,1.00,3.00,4.00,4.00,0.0132,0
2023-05-06 08:24:50,1683375890,29.2,14.9,99800,1.00,4.00,6.00,7.00,0.0220,0
2023-05-06 08:29:58,1683376198,29.7,14.5,99800,1.00,4.00,7.00,8.00,0.0275,0
2023-05-06 08:34:45,1683376486,30.3,13.9,99800,1.00,2.00,4.00,5.00,0.0159,0
2023-05-06 08:39:53,1683376794,30.4,13.9,99800,1.00,3.00,4.00,4.00,0.0209,0
2023-05-06 08:44:41,1683377081,30.5,13.7,99800,2.00,2.00,3.00,3.00,0.0106,0
2023-05-06 08:49:49,1683377389,30.5,13.6,99800,1.00,5.00,7.00,8.00,0.0101,0
2023-05-06 08:54:57,1683377697,30.4,13.6,99800,2.00,4.00,7.00,8.00,0.0224,0
2023-05-06 08:59:44,1683377985,30.3,13.6,99786,1.00,3.00,4.00,4.00,0.0343,0
2023-05-06 09:04:52,1683378293,30.4,13.7,99713,1.00,2.00,3.00,4.00,0.0373,0
2023-05-06 09:09:40,1683378580,30.7,13.6,99700,2.00,5.00,7.00,8.00,0.0281,0
2023-05-06 09:14:48,1683378888,31.1,13.2,99700,1.00,3.00,5.00,6.00,0.0190,0
2023-05-06 09:19:55,1683379196,31.2,13.0,99700,2.00,9.00,14.0,16.0,0.0163,0
2023-05-06 09:24:42,1683379483,31.3,13.0,99700,2.00,4.00,7.00,9.00,0.0505,0
2023-05-06 09:29:50,1683379790,31.4,12.9,99700,2.00,6.00,10.0,12.0,0.0452,0
2023-05-06 09:34:57,1683380098,31.7,12.7,99700,1.00,2.00,3.00,4.00,0.0205,0
2023-05-06 09:39:44,1683380385,32.0,12.3,99700,1.00,2.00,3.00,4.00,0.0274,0
2023-05-06 09:44:52,1683380692,32.3,12.2,99700,1.00,4.00,6.00,7.00,0.0355,0
2023-05-06 09:49:59,1683381000,32.6,11.6,99700,2.00,5.00,8.00,9.00,0.0198,0
2023-05-06 09:54:46,1683381287,32.3,11.7,99700,2.00,3.00,5.00,6.00,0.0163,0
2023-05-06 09:59:54,1683381594,31.9,12.1,99700,2.00,2.00,4.00,4.00,0.0140,0
2023-05-06 10:04:41,1683381881,31.8,11.9,99700,1.00,4.00,6.00,7.00,0.0108,0
2023-05-06 10:09:48,1683382189,31.7,12.3,99700,2.00,4.00,6.00,7.00,0.0152,0
2023-05-06 10:14:56,1683382496,31.7,12.4,99700,3.00,7.00,10.0,12.0,0.0115,0
2023-05-06 10:19:43,1683382783,31.8,12.2,99700,1.00,1.00,2.00,2.00,0.0292,0
2023-05-06 10:24:50,1683383091,31.7,12.2,99700,5.00,12.0,18.0,21.0,0.0394,0
2023-05-06 10:29:58,1683383398,31.6,12.1,99700,2.00,2.00,4.00,4.00,0.0269,0
2023-05-06 10:34:45,1683383685,31.1,12.3,99700,1.00,3.00,5.00,6.00,0.0260,0
2023-05-06 10:39:53,1683383993,30.6,12.5,99700,1.00,3.00,4.00,5.00,0.0154,0
2023-05-06 10:44:40,1683384281,30.4,12.4,99700,1.00,2.00,4.00,4.00,0.0109,0
2023-05-06 10:49:48,1683384589,30.3,12.6,99700,2.00,2.00,3.00,3.00,0.0101,0
2023-05-06 10:54:57,1683384897,30.2,12.7,99693,2.00,4.00,6.00,7.00,0.0127,0
2023-05-06 10:59:44,1683385185,30.1,12.8,99600,1.00,4.00,6.00,7.00,0.0170,0
2023-05-06 11:04:52,1683385493,30.0,12.7,99600,2.00,2.00,4.00,5.00,0.0159,0
2023-05-06 11:09:40,1683385780,30.1,13.3,99600,2.00,2.00,3.00,4.00,0.0156,0
2023-05-06 11:14:48,1683386088,30.2,13.1,99600,3.00,6.00,9.00,10.0,0.0183,0
2023-05-06 11:19:56,1683386396,30.0,13.0,99600,1.00,3.00,5.00,6.00,0.0276,0
2023-05-06 11:24:43,1683386684,30.1,13.0,99600,2.00,4.00,5.00,6.00,0.0287,0
2023-05-06 11:29:52,1683386992,30.2,12.9,99600,1.00,5.00,8.00,9.00,0.0250,0
2023-05-06 11:34:39,1683387280,30.1,12.6,99600,2.00,5.00,8.00,9.00,0.0223,0
2023-05-06 11:39:48,1683387588,29.7,12.7,99600,2.00,4.00,6.00,7.00,0.0151,0
2023-05-06 11:44:56,1683387896,29.5,12.4,99600,2.00,4.00,6.00,7.00,0.0118,0
2023-05-06 11:49:43,1683388184,29.6,12.4,99600,2.00,4.00,7.00,8.00,0.0112,0
2023-05-06 11:54:52,1683388492,29.6,12.3,99600,3.00,6.00,9.00,11.0,0.0126,0
2023-05-06 11:59:39,1683388780,29.4,12.3,99600,1.00,2.00,4.00,4.00,0.0189,0
2023-05-06 12:04:48,1683389088,29.3,12.4,99600,1.00,3.00,5.00,6.00,0.0225,0
2023-05-06 12:09:56,1683389396,29.5,12.4,99600,2.00,4.00,5.00,6.00,0.0156,0
2023-05-06 12:14:43,1683389684,29.5,12.4,99600,1.00,4.00,6.00,7.00,0.0156,0
2023-05-06 12:19:51,1683389992,29.6,12.5,99580,17.0,47.0,71.0,83.0,0.0659,0
2023-05-06 12:24:39,1683390280,29.6,12.6,99514,2.00,5.00,8.00,9.00,0.0659,0
2023-05-06 12:29:47,1683390588,29.7,12.5,99547,3.00,10.0,15.0,18.0,0.0652,0
2023-05-06 12:34:55,1683390896,29.9,11.9,99500,2.00,2.00,3.00,4.00,0.0932,0
2023-05-06 12:39:43,1683391183,30.0,12.0,99500,1.00,3.00,4.00,5.00,0.0744,0
2023-05-06 12:44:51,1683391491,30.0,12.2,99500,2.00,4.00,6.00,7.00,0.0299,0
2023-05-06 12:49:59,1683391800,30.0,12.0,99500,1.00,4.00,6.00,7.00,0.0124,0
2023-05-06 12:54:47,1683392087,30.0,11.9,99500,1.00,4.00,6.00,7.00,0.0116,0
2023-05-06 12:59:55,1683392395,29.9,11.7,99500,1.00,4.00,6.00,7.00,0.0116,0
2023-05-06 13:04:42,1683392683,29.8,11.6,99500,1.00,3.00,5.00,6.00,0.0128,0
2023-05-06 13:09:50,1683392991,29.8,11.7,99500,1.00,4.00,6.00,7.00,0.0128,0
2023-05-06 13:14:58,1683393299,30.0,12.1,99500,1.00,4.00,7.00,8.00,0.0135,0
2023-05-06 13:19:46,1683393586,30.1,12.0,99500,1.00,4.00,6.00,6.00,0.0125,0
2023-05-06 13:24:54,1683393895,30.4,11.7,99500,5.00,14.0,21.0,25.0,0.0369,0
2023-05-06 13:29:42,1683394182,30.6,11.6,99500,2.00,4.00,5.00,6.00,0.0461,0
2023-05-06 13:34:48,1683394489,30.7,11.5,99500,1.00,2.00,4.00,4.00,0.0311,0
2023-05-06 13:39:56,1683394797,30.8,11.1,99500,31.0,95.0,146,172,0.195,0
2023-05-06 13:44:44,1683395084,30.9,11.6,99500,2.00,4.00,5.00,6.00,0.264,0
2023-05-06 13:49:52,1683395392,31.1,11.5,99500,2.00,2.00,4.00,4.00,0.336,0
2023-05-06 13:54:59,1683395700,31.2,11.2,99500,2.00,5.00,7.00,8.00,0.247,0
2023-05-06 13:59:47,1683395987,31.3,11.3,99500,2.00,4.00,6.00,7.00,0.0245,0
2023-05-06 14:04:54,1683396295,31.3,11.2,99500,2.00,2.00,4.00,5.00,0.0118,0
2023-05-06 14:09:42,1683396582,31.2,11.2,99500,2.00,4.00,6.00,7.00,0.0118,0
2023-05-06 14:14:50,1683396890,31.1,11.1,99413,1.00,4.00,6.00,7.00,0.0106,0
2023-05-06 14:19:58,1683397198,30.8,11.2,99413,1.00,3.00,4.00,5.00,0.0104,0
2023-05-06 14:24:45,1683397486,30.4,11.3,99400,3.00,5.00,8.00,9.00,0.0129,0
2023-05-06 14:29:53,1683397794,30.3,11.4,99400,2.00,4.00,5.00,6.00,0.0130,0
2023-05-06 14:34:41,1683398081,30.2,11.6,99400,2.00,5.00,8.00,10.0,0.0138,0
2023-05-06 14:39:49,1683398389,30.3,11.5,99400,1.00,2.00,3.00,3.00,0.0214,0
2023-05-06 14:44:57,1683398697,30.6,11.5,99400,2.00,8.00,12.0,14.0,0.0256,0
2023-05-06 14:49:44,1683398985,30.8,11.0,99400,2.00,4.00,6.00,7.00,0.0526,0
2023-05-06 14:54:53,1683399293,30.4,11.1,99400,2.00,5.00,8.00,9.00,0.0251,0
2023-05-06 14:59:40,1683399581,29.9,11.4,99400,3.00,7.00,10.0,11.0,0.0280,0
2023-05-06 15:04:48,1683399889,29.8,11.7,99400,1.00,4.00,6.00,7.00,0.0319,0
2023-05-06 15:09:57,1683400197,30.1,11.6,99400,2.00,4.00,6.00,7.00,0.0299,0
2023-05-06 15:14:44,1683400485,30.3,11.1,99400,2.00,5.00,7.00,8.00,0.0148,0
2023-05-06 15:19:52,1683400793,30.3,11.0,99400,3.00,6.00,10.0,11.0,0.0195,0
2023-05-06 15:24:40,1683401080,30.3,11.0,99400,2.00,6.00,8.00,10.0,0.0195,0
2023-05-06 15:29:48,1683401389,30.2,10.8,99400,2.00,4.00,6.00,7.00,0.0146,0
2023-05-06 15:34:56,1683401697,30.1,10.9,99400,2.00,6.00,9.00,10.0,0.0165,0
2023-05-06 15:39:44,1683401985,30.1,11.1,99400,14.0,38.0,57.0,66.0,0.0905,0
2023-05-06 15:44:52,1683402293,30.3,11.1,99400,2.00,4.00,6.00,7.00,0.0885,0
2023-05-06 15:49:40,1683402580,30.5,10.7,99400,3.00,8.00,12.0,14.0,0.0940,0
2023-05-06 15:54:48,1683402889,30.4,10.5,99400,1.00,2.00,3.00,3.00,0.0514,0
2023-05-06 15:59:56,1683403197,30.3,10.4,99367,1.00,4.00,6.00,7.00,0.0415,0
2023-05-06 16:04:44,1683403484,30.2,10.5,99314,1.00,4.00,7.00,8.00,0.0237,0
2023-05-06 16:09:52,1683403793,30.2,10.6,99300,3.00,10.0,16.0,19.0,0.0380,0
2023-05-06 16:14:40,1683404080,30.2,10.7,99300,1.00,1.00,2.00,2.00,0.0598,0
2023-05-06 16:19:48,1683404389,30.3,10.7,99300,4.00,11.0,17.0,20.0,0.0664,0
2023-05-06 16:24:56,1683404697,30.2,10.6,99300,2.00,5.00,8.00,9.00,0.0369,0
2023-05-06 16:29:48,1683404988,30.1,10.8,99300,1.00,2.00,4.00,5.00,0.0369,0
2023-05-06 16:34:56,1683405297,30.0,10.7,99300,1.00,4.00,6.00,7.00,0.0339,0
2023-05-06 16:39:44,1683405585,29.9,10.3,99300,2.00,3.00,4.00,5.00,0.0192,0
2023-05-06 16:44:53,1683405893,29.7,10.6,99300,1.00,4.00,6.00,7.00,0.0149,0
2023-05-06 16:49:41,1683406181,29.5,10.7,99300,2.00,3.00,4.00,5.00,0.0126,0
2023-05-06 16:54:49,1683406490,29.3,11.0,99300,1.00,4.00,6.00,7.00,0.0191,0
2023-05-06 16:59:58,1683406799,29.1,11.2,99300,1.00,4.00,5.00,6.00,0.0200,0
2023-05-06 17:04:46,1683407087,29.0,11.4,99300,1.00,4.00,6.00,7.00,0.0110,0
2023-05-06 17:09:55,1683407396,28.9,11.6,99300,2.00,3.00,3.00,3.00,0.0119,0
2023-05-06 17:14:43,1683407684,28.9,11.6,99300,1.00,2.00,3.00,3.00,0.0119,0
2023-05-06 17:19:52,1683407992,28.8,11.5,99300,1.00,3.00,5.00,5.00,0.0110,0
2023-05-06 17:24:40,1683408280,28.9,11.5,99300,2.00,7.00,11.0,13.0,0.0111,0
2023-05-06 17:29:49,1683408589,28.9,11.5,99300,1.00,2.00,4.00,5.00,0.0267,0
2023-05-06 17:34:58,1683408899,28.8,11.6,99280,2.00,4.00,6.00,7.00,0.0217,0
2023-05-06 17:39:46,1683409187,28.6,11.7,99300,1.00,4.00,6.00,7.00,0.0190,0
2023-05-06 17:44:55,1683409496,28.4,11.7,99260,3.00,7.00,10.0,11.0,0.0256,0
2023-05-06 17:49:43,1683409784,28.3,12.1,99229,1.00,4.00,6.00,7.00,0.0195,0
2023-05-06 17:54:53,1683410093,28.1,12.0,99200,1.00,2.00,3.00,4.00,0.0282,0
2023-05-06 17:59:41,1683410382,27.6,12.1,99200,6.00,15.0,23.0,27.0,0.106,0
2023-05-06 18:04:50,1683410691,27.2,12.3,99200,1.00,4.00,6.00,7.00,0.244,0
2023-05-06 18:09:39,1683410980,26.8,12.8,99200,2.00,6.00,9.00,11.0,0.140,0
2023-05-06 18:14:49,1683411289,26.7,12.9,99200,3.00,6.00,9.00,10.0,0.136,0
2023-05-06 18:19:58,1683411599,26.7,13.0,99200,2.00,6.00,10.0,11.0,0.0172,0
2023-05-06 18:24:47,1683411887,26.6,13.1,99200,1.00,3.00,4.00,5.00,0.0216,0
2023-05-06 18:29:56,1683412197,26.4,13.2,99200,2.00,2.00,4.00,4.00,0.0294,0
2023-05-06 18:34:45,1683412486,26.2,13.3,99200,1.00,4.00,6.00,7.00,0.0156,0
2023-05-06 18:39:55,1683412795,25.9,13.8,99200,6.00,19.0,29.0,34.0,0.118,0
2023-05-06 18:44:44,1683413084,25.7,14.0,99200,19.0,51.0,78.0,90.0,0.685,0
2023-05-06 18:49:54,1683413394,25.5,14.2,99200,2.00,7.00,11.0,13.0,0.503,0
2023-05-06 18:54:43,1683413683,25.3,14.3,99200,3.00,6.00,9.00,11.0,0.503,0
2023-05-06 18:59:53,1683413993,25.2,14.4,99200,2.00,4.00,6.00,7.00,0.0756,0
2023-05-06 19:04:42,1683414282,25.2,14.2,99200,1.00,3.00,4.00,4.00,0.0588,0
2023-05-06 19:09:52,1683414592,25.3,14.3,99200,3.00,10.0,16.0,19.0,0.0278,0
2023-05-06 19:14:41,1683414881,25.2,14.2,99200,2.00,4.00,6.00,7.00,0.0405,0
2023-05-06 19:19:51,1683415191,25.2,14.2,99200,1.00,3.00,5.00,6.00,0.0405,0
2023-05-06 19:24:40,1683415480,25.1,14.4,99200,1.00,2.00,4.00,5.00,0.0401,0
2023-05-06 19:29:50,1683415791,24.9,14.6,99200,2.00,5.00,8.00,10.0,0.0152,0
2023-05-06 19:34:40,1683416080,24.7,14.7,99214,1.00,4.00,6.00,7.00,0.0143,0
2023-05-06 19:39:50,1683416390,24.5,14.9,99287,3.00,3.00,4.00,4.00,0.0162,0
2023-05-06 19:44:39,1683416680,24.3,15.1,99300,3.00,9.00,14.0,17.0,0.0353,0
2023-05-06 19:49:50,1683416990,24.1,15.4,99300,19.0,55.0,85.0,99.0,0.887,0
2023-05-06 19:54:39,1683417280,23.8,15.6,99300,4.00,9.00,14.0,16.0,1.28,0
2023-05-06 19:59:50,1683417591,23.5,16.1,99300,3.00,10.0,15.0,18.0,1.13,0
2023-05-06 20:04:40,1683417881,23.2,16.2,99300,4.00,11.0,17.0,20.0,1.13,0
2023-05-06 20:09:50,1683418191,22.9,16.6,99300,3.00,10.0,16.0,19.0,0.157,0
2023-05-06 20:14:40,1683418481,22.6,19.1,99300,2.00,4.00,6.00,7.00,0.0739,0
2023-05-06 20:19:51,1683418791,22.1,19.7,99300,2.00,5.00,7.00,8.00,0.0839,0
2023-05-06 20:24:41,1683419082,21.7,19.5,99300,2.00,3.00,5.00,6.00,0.0183,0
2023-05-06 20:29:52,1683419392,21.2,21.0,99300,1.00,2.00,4.00,5.00,0.0133,0
2023-05-06 20:34:42,1683419683,20.8,22.0,99300,2.00,2.00,3.00,4.00,0.0137,0
2023-05-06 20:39:53,1683419993,20.4,23.1,99300,2.00,4.00,7.00,8.00,0.0142,0
2023-05-06 20:44:43,1683420284,20.0,24.0,99300,3.00,9.00,15.0,17.0,0.0246,0
2023-05-06 20:49:54,1683420595,19.6,23.5,99300,2.00,5.00,8.00,9.00,0.0246,0
2023-05-06 20:54:45,1683420885,19.2,23.6,99300,1.00,3.00,5.00,6.00,0.0204,0
2023-05-06 20:59:56,1683421197,18.8,24.5,99300,2.00,4.00,7.00,9.00,0.0177,0
2023-05-06 21:04:47,1683421488,18.5,25.8,99300,2.00,7.00,12.0,14.0,0.0174,0
2023-05-06 21:09:39,1683421779,18.1,26.6,99300,2.00,3.00,4.00,5.00,0.0174,0
2023-05-06 21:14:51,1683422091,17.8,27.3,99300,2.00,6.00,10.0,12.0,0.0415,0
2023-05-06 21:19:42,1683422382,17.5,28.4,99300,1.00,4.00,7.00,8.00,0.0288,0
2023-05-06 21:24:54,1683422694,17.1,28.6,99300,2.00,3.00,5.00,6.00,0.0288,0
2023-05-06 21:29:45,1683422986,16.9,29.6,99300,2.00,5.00,8.00,9.00,0.0158,0
2023-05-06 21:34:58,1683423298,16.6,29.0,99300,1.00,4.00,6.00,7.00,0.0130,0
2023-05-06 21:39:49,1683423589,16.4,29.5,99300,2.00,8.00,12.0,15.0,0.0125,0
2023-05-06 21:44:40,1683423881,16.2,29.0,99300,1.00,3.00,5.00,5.00,0.0288,0
2023-05-06 21:49:52,1683424193,16.0,30.2,99300,1.00,3.00,5.00,6.00,0.0429,0
2023-05-06 21:54:44,1683424485,15.8,31.3,99300,1.00,4.00,6.00,7.00,0.0381,0
2023-05-06 21:59:56,1683424797,15.6,32.1,99300,2.00,6.00,9.00,10.0,0.0200,0
2023-05-06 22:04:48,1683425088,15.3,31.9,99300,2.00,7.00,11.0,13.0,0.0166,0
2023-05-06 22:09:39,1683425380,15.1,31.4,99300,2.00,5.00,8.00,9.00,0.0175,0
2023-05-06 22:14:53,1683425693,14.9,31.4,99300,2.00,3.00,4.00,5.00,0.0190,0
2023-05-06 22:19:45,1683425985,14.7,32.2,99300,2.00,3.00,4.00,5.00,0.0114,0
2023-05-06 22:24:58,1683426298,14.5,32.6,99300,2.00,2.00,4.00,4.00,0.0114,0
2023-05-06 22:29:50,1683426590,14.3,33.0,99300,2.00,6.00,8.00,10.0,0.0149,0
2023-05-06 22:34:42,1683426882,14.1,33.3,99300,1.00,3.00,4.00,5.00,0.0212,0
2023-05-06 22:39:55,1683427196,13.9,33.2,99300,2.00,4.00,7.00,8.00,0.0212,0
2023-05-06 22:44:47,1683427488,13.8,33.5,99300,2.00,2.00,4.00,4.00,0.0129,0
2023-05-06 22:49:39,1683427780,13.6,33.8,99300,1.00,3.00,4.00,4.00,0.0109,0
2023-05-06 22:54:53,1683428093,13.5,34.3,99300,2.00,7.00,11.0,13.0,0.0189,0
2023-05-06 22:59:45,1683428385,13.3,34.3,99300,3.00,5.00,7.00,8.00,0.0235,0
2023-05-06 23:04:58,1683428699,13.1,34.3,99300,2.00,3.00,5.00,6.00,0.0196,0
2023-05-06 23:09:51,1683428991,12.9,34.3,99300,1.00,2.00,4.00,4.00,0.0182,0
2023-05-06 23:14:43,1683429284,12.8,34.4,99300,2.00,5.00,8.00,10.0,0.0145,0
2023-05-06 23:19:57,1683429598,12.8,34.8,99300,1.00,4.00,7.00,8.00,0.0217,0
2023-05-06 23:24:50,1683429890,12.7,34.7,99300,2.00,7.00,11.0,13.0,0.0257,0
2023-05-06 23:29:42,1683430182,12.6,34.8,99300,2.00,4.00,5.00,6.00,0.0257,0
2023-05-06 23:34:55,1683430495,12.7,34.8,99300,2.00,4.00,5.00,6.00,0.0279,0
2023-05-06 23:39:47,1683430787,12.7,34.8,99300,1.00,4.00,6.00,7.00,0.0272,0
2023-05-06 23:44:39,1683431079,12.8,35.2,99300,3.00,10.0,15.0,18.0,0.0333,0
2023-05-06 23:49:53,1683431393,12.8,35.1,99300,1.00,4.00,7.00,8.00,0.0265,0
2023-05-06 23:54:46,1683431686,12.7,35.2,99300,2.00,5.00,8.00,9.00,0.0184,0
2023-05-06 23:59:59,1683431999,12.6,35.5,99300,1.00,3.00,4.00,5.00,0.0148,0
2023-05-07 00:04:51,1683432291,12.4,35.8,99300,2.00,5.00,7.00,8.00,0.0118,0
2023-05-07 00:09:43,1683432583,12.3,36.1,99300,2.00,7.00,11.0,13.0,0.0138,0
2023-05-07 00:14:56,1683432897,12.2,36.1,99300,1.00,3.00,4.00,5.00,0.0106,0
2023-05-07 00:19:49,1683433190,12.1,36.6,99300,2.00,2.00,3.00,4.00,0.0161,0
2023-05-07 00:24:42,1683433482,12.0,36.5,99300,2.00,3.00,5.00,6.00,0.0158,0
2023-05-07 00:29:55,1683433795,12.0,36.9,99300,2.00,2.00,3.00,4.00,0.0102,0
2023-05-07 00:34:47,1683434088,11.9,37.4,99300,1.00,3.00,4.00,5.00,0.0100,0
2023-05-07 00:39:40,1683434380,11.8,37.2,99300,2.00,6.00,9.00,10.0,0.0224,0
2023-05-07 00:44:53,1683434693,11.7,37.4,99300,2.00,4.00,6.00,7.00,0.0245,0
2023-05-07 00:49:45,1683434985,11.6,37.6,99300,2.00,6.00,9.00,10.0,0.0179,0
2023-05-07 00:54:58,1683435298,11.4,37.9,99300,1.00,3.00,5.00,6.00,0.0136,0
2023-05-07 00:59:51,1683435592,11.3,38.0,99300,2.00,2.00,4.00,5.00,0.0145,0
2023-05-07 01:04:44,1683435885,11.3,38.1,99300,3.00,4.00,6.00,8.00,0.0165,0
2023-05-07 01:09:57,1683436198,11.2,38.3,99300,3.00,3.00,5.00,5.00,0.0157,0
2023-05-07 01:14:51,1683436491,11.1,38.7,99300,2.00,5.00,9.00,10.0,0.0144,0
2023-05-07 01:19:43,1683436784,11.1,38.6,99300,2.00,6.00,9.00,11.0,0.0122,0
2023-05-07 01:24:58,1683437098,11.0,38.5,99300,1.00,4.00,6.00,7.00,0.0188,0
2023-05-07 01:29:51,1683437391,11.0,38.7,99300,2.00,4.00,7.00,8.00,0.0287,0
2023-05-07 01:34:43,1683437683,10.9,39.0,99300,3.00,6.00,8.00,10.0,0.0149,0
2023-05-07 01:39:57,1683437998,10.7,39.2,99300,2.00,5.00,7.00,8.00,0.0174,0
2023-05-07 01:44:51,1683438291,10.6,39.1,99300,2.00,5.00,8.00,10.0,0.0208,0
2023-05-07 01:49:44,1683438585,10.6,39.2,99300,3.00,8.00,12.0,14.0,0.0208,0
2023-05-07 01:54:59,1683438899,10.6,39.2,99300,2.00,5.00,7.00,8.00,0.0325,0
2023-05-07 01:59:51,1683439192,10.7,39.3,99300,1.00,4.00,6.00,7.00,0.00808,0
2023-05-07 02:04:44,1683439484,10.6,39.3,99300,1.00,4.00,7.00,8.00,0.0182,0
2023-05-07 02:09:59,1683439799,10.6,39.6,99300,2.00,6.00,10.0,12.0,0.0147,0
2023-05-07 02:14:51,1683440092,10.5,39.5,99300,3.00,7.00,11.0,13.0,0.0190,0
2023-05-07 02:19:44,1683440385,10.5,39.6,99300,1.00,5.00,8.00,9.00,0.0142,0
2023-05-07 02:24:58,1683440699,10.4,39.5,99300,1.00,4.00,6.00,7.00,0.0199,0
2023-05-07 02:29:51,1683440991,10.3,39.4,99300,2.00,5.00,8.00,10.0,0.0231,0
2023-05-07 02:34:44,1683441284,10.2,39.4,99300,2.00,6.00,10.0,12.0,0.0204,0
2023-05-07 02:39:58,1683441598,10.1,39.8,99300,3.00,7.00,10.0,12.0,0.0248,0
2023-05-07 02:44:52,1683441892,9.95,40.1,99300,2.00,4.00,7.00,8.00,0.0207,0
2023-05-07 02:49:45,1683442185,9.86,40.6,99300,2.00,3.00,4.00,5.00,0.0184,0
2023-05-07 02:54:39,1683442479,9.81,40.4,99300,1.00,3.00,5.00,6.00,0.0130,0
2023-05-07 02:59:54,1683442794,9.81,40.7,99300,1.00,3.00,5.00,5.00,0.0117,0
2023-05-07 03:04:47,1683443088,9.82,41.0,99300,3.00,5.00,7.00,7.00,0.0130,0
2023-05-07 03:09:40,1683443381,9.82,40.9,99300,2.00,8.00,12.0,14.0,0.0192,0
2023-05-07 03:14:54,1683443695,9.80,40.6,99300,2.00,4.00,6.00,7.00,0.0297,0
2023-05-07 03:19:47,1683443987,9.76,40.6,99300,2.00,4.00,5.00,6.00,0.0148,0
2023-05-07 03:24:39,1683444280,9.71,41.0,99300,3.00,4.00,6.00,7.00,0.0249,0
2023-05-07 03:29:53,1683444593,9.63,40.9,99300,2.00,4.00,6.00,7.00,0.0103,0
2023-05-07 03:34:47,1683444887,9.53,40.3,99300,2.00,5.00,9.00,10.0,0.0103,0
2023-05-07 03:39:40,1683445180,9.45,40.4,99293,3.00,5.00,8.00,9.00,0.0220,0
2023-05-07 03:44:55,1683445495,9.40,40.7,99280,2.00,3.00,5.00,5.00,0.0220,0
2023-05-07 03:49:48,1683445789,9.36,40.8,99200,1.00,4.00,7.00,8.00,0.0307,0
2023-05-07 03:54:41,1683446081,9.34,41.8,99200,2.00,4.00,6.00,7.00,0.0181,0
2023-05-07 03:59:56,1683446396,9.32,41.3,99200,2.00,7.00,11.0,13.0,0.0218,0
2023-05-07 04:04:50,1683446690,9.33,40.8,99200,2.00,5.00,8.00,9.00,0.0274,0
2023-05-07 04:09:42,1683446983,9.35,40.7,99200,1.00,4.00,7.00,8.00,0.0394,0
2023-05-07 04:14:57,1683447297,9.36,40.9,99200,2.00,3.00,4.00,4.00,0.0386,0
2023-05-07 04:19:50,1683447590,9.37,41.2,99200,2.00,2.00,3.00,3.00,0.0146,0
2023-05-07 04:24:43,1683447883,9.37,41.4,99200,2.00,6.00,9.00,10.0,0.0184,0
2023-05-07 04:29:57,1683448197,9.35,41.5,99200,1.00,4.00,7.00,8.00,0.0238,0
2023-05-07 04:34:50,1683448491,9.33,41.5,99200,2.00,5.00,7.00,9.00,0.0165,0
2023-05-07 04:39:43,1683448784,9.27,41.4,99200,2.00,5.00,8.00,10.0,0.0298,0
2023-05-07 04:44:57,1683449098,9.20,41.5,99200,1.00,2.00,4.00,5.00,0.0159,0
2023-05-07 04:49:50,1683449391,9.15,41.3,99200,2.00,3.00,5.00,5.00,0.0311,0
2023-05-07 04:54:44,1683449685,9.13,41.4,99200,1.00,4.00,7.00,9.00,0.0226,0
2023-05-07 04:59:59,1683450000,9.08,41.4,99200,1.00,3.00,5.00,6.00,0.0151,0
2023-05-07 05:04:53,1683450294,9.00,41.5,99200,2.00,6.00,9.00,11.0,0.0141,0
2023-05-07 05:09:47,1683450588,8.92,41.7,99200,1.00,2.00,4.00,4.00,0.0216,0
2023-05-07 05:14:41,1683450881,8.85,42.0,99200,2.00,3.00,3.00,4.00,0.0216,0
2023-05-07 05:19:55,1683451195,8.78,42.3,99200,2.00,5.00,8.00,10.0,0.0193,0
2023-05-07 05:24:49,1683451489,8.69,42.4,99200,2.00,4.00,5.00,6.00,0.0163,0
2023-05-07 05:29:42,1683451783,8.67,42.4,99200,2.00,7.00,12.0,14.0,0.0166,0
2023-05-07 05:34:56,1683452096,8.73,42.1,99200,2.00,4.00,6.00,6.00,0.0271,0
2023-05-07 05:39:49,1683452389,8.83,41.6,99200,2.00,2.00,3.00,4.00,0.0199,0
2023-05-07 05:44:42,1683452682,8.99,41.5,99200,2.00,7.00,10.0,12.0,0.0180,0
2023-05-07 05:49:56,1683452996,9.24,41.4,99200,3.00,9.00,13.0,15.0,0.0210,0
2023-05-07 05:54:49,1683453289,9.45,42.1,99200,1.00,2.00,3.00,3.00,0.0209,0
2023-05-07 05:59:42,1683453582,9.65,42.0,99200,2.00,6.00,9.00,10.0,0.0209,0
2023-05-07 06:04:56,1683453896,10.1,42.6,99200,2.00,4.00,7.00,8.00,0.0201,0
2023-05-07 06:09:49,1683454190,11.0,41.4,99200,2.00,5.00,8.00,9.00,0.0170,0
2023-05-07 06:14:42,1683454482,12.4,39.6,99200,2.00,4.00,7.00,8.00,0.0180,0
2023-05-07 06:19:55,1683454796,13.6,37.1,99200,2.00,4.00,6.00,7.00,0.0191,0
2023-05-07 06:24:47,1683455087,15.0,34.7,99200,1.00,3.00,4.00,5.00,0.0140,0
2023-05-07 06:29:59,1683455400,15.6,32.8,99200,1.00,2.00,2.00,3.00,0.0204,0
2023-05-07 06:34:51,1683455692,15.3,33.3,99200,1.00,4.00,6.00,7.00,0.0152,0
2023-05-07 06:39:43,1683455983,14.8,33.5,99200,2.00,4.00,6.00,7.00,0.0121,0
2023-05-07 06:44:55,1683456296,14.3,34.0,99200,1.00,2.00,4.00,4.00,0.0121,0
2023-05-07 06:49:48,1683456588,14.0,34.8,99200,1.00,3.00,6.00,7.00,0.0118,0
2023-05-07 06:54:39,1683456880,14.9,35.6,99200,2.00,4.00,5.00,5.00,0.0108,0
2023-05-07 06:59:52,1683457192,17.0,31.7,99200,4.00,7.00,9.00,10.0,0.0140,0
2023-05-07 07:04:42,1683457483,18.8,27.8,99200,2.00,6.00,9.00,10.0,0.0244,0
2023-05-07 07:09:54,1683457794,20.2,25.8,99167,2.00,6.00,9.00,10.0,0.0209,0
2023-05-07 07:14:44,1683458084,21.4,23.8,99100,2.00,4.00,6.00,7.00,0.0337,0
2023-05-07 07:19:54,1683458395,22.6,21.8,99100,2.00,2.00,4.00,4.00,0.0353,0
2023-05-07 07:24:44,1683458684,23.8,20.0,99100,1.00,1.00,2.00,2.00,0.0111,0
2023-05-07 07:29:53,1683458994,24.8,19.2,99100,1.00,3.00,5.00,5.00,0.0123,0
2023-05-07 07:34:42,1683459283,25.7,18.1,99100,2.00,4.00,7.00,9.00,0.0222,0
2023-05-07 07:39:51,1683459592,26.5,16.7,99100,2.00,5.00,7.00,8.00,0.0207,0
2023-05-07 07:44:40,1683459880,27.0,15.9,99100,1.00,3.00,4.00,5.00,0.0207,0
2023-05-07 07:49:49,1683460189,27.2,15.7,99100,2.00,4.00,5.00,5.00,0.0126,0
2023-05-07 07:54:57,1683460498,27.5,15.2,99100,3.00,3.00,4.00,4.00,0.0108,0
2023-05-07 07:59:45,1683460786,28.0,14.8,99100,1.00,2.00,3.00,3.00,0.0111,0
2023-05-07 08:04:54,1683461095,28.7,14.4,99100,2.00,7.00,12.0,14.0,0.0139,0
2023-05-07 08:09:42,1683461382,29.2,13.9,99100,3.00,6.00,10.0,11.0,0.0232,0
2023-05-07 08:14:50,1683461690,29.5,13.7,99100,2.00,4.00,7.00,8.00,0.0106,0
2023-05-07 08:19:58,1683461999,29.5,13.6,99100,2.00,4.00,6.00,7.00,0.0131,0
2023-05-07 08:24:46,1683462287,29.6,13.0,99071,3.00,7.00,11.0,12.0,0.0131,0
2023-05-07 08:29:54,1683462595,29.3,12.5,99013,2.00,6.00,10.0,12.0,0.0452,0
2023-05-07 08:34:42,1683462882,28.9,12.8,99000,1.00,2.00,3.00,3.00,0.0646,0
2023-05-07 08:39:50,1683463191,28.8,13.1,99000,1.00,2.00,3.00,4.00,0.0681,0
2023-05-07 08:44:59,1683463499,28.6,13.1,99000,1.00,2.00,3.00,3.00,0.0202,0
2023-05-07 08:49:47,1683463787,28.4,13.1,99000,1.00,4.00,6.00,7.00,0.00995,0
2023-05-07 08:54:55,1683464096,28.4,12.9,99000,1.00,2.00,4.00,5.00,0.0123,0
2023-05-07 08:59:43,1683464384,28.2,13.0,99000,1.00,4.00,6.00,7.00,0.0123,0
2023-05-07 09:04:52,1683464692,28.2,13.1,99000,2.00,6.00,10.0,12.0,0.0243,0
2023-05-07 09:09:40,1683464980,28.0,12.7,99000,1.00,4.00,6.00,7.00,0.0243,0
2023-05-07 09:14:49,1683465289,27.5,13.3,99000,2.00,5.00,8.00,9.00,0.0150,0
2023-05-07 09:19:58,1683465598,27.3,13.2,98993,2.00,5.00,8.00,9.00,0.0141,0
2023-05-07 09:24:46,1683465886,27.2,13.5,98929,1.00,2.00,3.00,3.00,0.0281,0
2023-05-07 09:29:55,1683466195,27.4,13.2,98900,1.00,2.00,4.00,5.00,0.0281,0
2023-05-07 09:34:43,1683466484,27.3,12.9,98900,1.00,3.00,5.00,6.00,0.0120,0
2023-05-07 09:39:52,1683466793,27.4,12.9,98900,1.00,3.00,5.00,6.00,0.0100,0
2023-05-07 09:44:41,1683467081,27.4,12.5,98900,3.00,6.00,9.00,11.0,0.0174,0
2023-05-07 09:49:49,1683467390,27.4,12.9,98900,1.00,2.00,4.00,4.00,0.0180,0
2023-05-07 09:54:58,1683467699,27.4,13.1,98900,2.00,5.00,7.00,9.00,0.0257,0
2023-05-07 09:59:47,1683467987,27.1,13.1,98900,1.00,4.00,6.00,7.00,0.0204,0
2023-05-07 10:04:55,1683468296,27.3,12.9,98900,3.00,9.00,14.0,16.0,0.0261,0
2023-05-07 10:09:44,1683468584,27.5,13.1,98900,2.00,4.00,6.00,7.00,0.0203,0
2023-05-07 10:14:52,1683468893,27.4,12.7,98900,1.00,2.00,4.00,4.00,0.0363,0
2023-05-07 10:19:41,1683469181,27.1,12.9,98900,1.00,3.00,6.00,7.00,0.0363,0
2023-05-07 10:24:50,1683469490,27.0,13.1,98900,2.00,4.00,6.00,7.00,0.0221,0
2023-05-07 10:29:59,1683469799,27.1,13.0,98900,1.00,5.00,8.00,9.00,0.0124,0
2023-05-07 10:34:47,1683470087,27.1,13.1,98829,1.00,2.00,4.00,4.00,0.0124,0
2023-05-07 10:39:56,1683470396,26.7,13.1,98833,2.00,7.00,11.0,13.0,0.0170,0
2023-05-07 10:44:44,1683470685,26.7,13.6,98886,1.00,4.00,6.00,7.00,0.0190,0
2023-05-07 10:49:53,1683470994,26.8,13.5,98813,1.00,2.00,3.00,3.00,0.0242,0
2023-05-07 10:54:42,1683471282,26.9,13.3,98800,4.00,10.0,15.0,18.0,0.0320,0
2023-05-07 10:59:51,1683471591,26.7,13.6,98800,1.00,4.00,6.00,7.00,0.0547,0
2023-05-07 11:04:39,1683471880,26.6,13.5,98800,2.00,5.00,8.00,9.00,0.0416,0
2023-05-07 11:09:49,1683472189,26.5,13.8,98800,1.00,3.00,5.00,5.00,0.0231,0
2023-05-07 11:14:58,1683472498,26.4,14.1,98800,1.00,4.00,7.00,9.00,0.0157,0
2023-05-07 11:19:47,1683472787,26.2,13.8,98800,1.00,2.00,3.00,4.00,0.0187,0
2023-05-07 11:24:56,1683473096,26.0,14.4,98800,1.00,2.00,4.00,4.00,0.0252,0
2023-05-07 11:29:44,1683473385,26.1,14.3,98800,1.00,2.00,4.00,4.00,0.0204,0
2023-05-07 11:34:53,1683473694,26.1,14.6,98800,1.00,4.00,6.00,7.00,0.0141,0
2023-05-07 11:39:42,1683473982,26.2,14.4,98800,1.00,3.00,4.00,5.00,0.0124,0
2023-05-07 11:44:51,1683474291,26.2,14.5,98800,2.00,6.00,10.0,11.0,0.0178,0
2023-05-07 11:49:40,1683474580,26.3,14.4,98800,1.00,2.00,4.00,4.00,0.0250,0
2023-05-07 11:54:49,1683474889,26.4,14.5,98800,2.00,6.00,10.0,11.0,0.0182,0
2023-05-07 11:59:58,1683475198,26.5,14.6,98800,1.00,4.00,7.00,9.00,0.0136,0
2023-05-07 12:04:46,1683475487,26.5,14.7,98800,2.00,7.00,12.0,14.0,0.0251,0
2023-05-07 12:09:55,1683475796,26.4,14.6,98800,2.00,4.00,6.00,7.00,0.0159,0
2023-05-07 12:14:44,1683476085,26.5,14.8,98800,1.00,2.00,4.00,4.00,0.0170,0
2023-05-07 12:19:53,1683476394,26.7,14.7,98800,2.00,4.00,7.00,9.00,0.0150,0
2023-05-07 12:24:41,1683476682,26.8,14.5,98707,2.00,7.00,11.0,13.0,0.0124,0
2023-05-07 12:29:50,1683476991,26.8,14.7,98700,3.00,7.00,10.0,11.0,0.0184,0
2023-05-07 12:34:59,1683477300,27.0,14.4,98700,1.00,3.00,5.00,6.00,0.0196,0
2023-05-07 12:39:48,1683477588,27.0,14.4,98700,2.00,7.00,12.0,14.0,0.0143,0
2023-05-07 12:44:57,1683477897,27.1,14.3,98700,1.00,4.00,6.00,7.00,0.0130,0
2023-05-07 12:49:45,1683478185,27.1,14.2,98700,2.00,5.00,8.00,10.0,0.0155,0
2023-05-07 12:54:54,1683478494,27.2,14.5,98700,1.00,2.00,4.00,5.00,0.0154,0
2023-05-07 12:59:42,1683478783,27.4,14.2,98700,2.00,7.00,11.0,13.0,0.0205,0
2023-05-07 13:04:51,1683479092,27.4,13.9,98700,9.00,26.0,40.0,46.0,0.146,0
2023-05-07 13:09:40,1683479380,27.6,13.3,98700,2.00,2.00,3.00,3.00,0.146,0
2023-05-07 13:14:48,1683479689,27.5,13.7,98700,1.00,3.00,4.00,5.00,0.147,0
2023-05-07 13:19:57,1683479998,27.5,14.0,98700,2.00,3.00,4.00,4.00,0.133,0
2023-05-07 13:24:46,1683480286,27.6,13.9,98671,2.00,4.00,6.00,7.00,0.0105,0
2023-05-07 13:29:54,1683480595,27.7,13.9,98640,2.00,4.00,6.00,7.00,0.0158,0
2023-05-07 13:34:42,1683480883,27.8,13.9,98636,1.00,3.00,4.00,5.00,0.0158,0
2023-05-07 13:39:51,1683481192,27.8,13.7,98600,2.00,6.00,10.0,11.0,0.0106,0
2023-05-07 13:44:39,1683481480,27.6,13.8,98600,1.00,2.00,4.00,4.00,0.0161,0
2023-05-07 13:49:48,1683481789,27.5,13.7,98600,1.00,4.00,6.00,8.00,0.0161,0
2023-05-07 13:54:57,1683482098,27.5,13.9,98600,2.00,3.00,4.00,4.00,0.0114,0
2023-05-07 13:59:45,1683482386,27.6,13.9,98600,2.00,6.00,9.00,11.0,0.0176,0
2023-05-07 14:04:54,1683482695,27.6,13.4,98600,3.00,9.00,15.0,17.0,0.0320,0
2023-05-07 14:09:43,1683482983,27.4,13.3,98600,1.00,4.00,6.00,7.00,0.0287,0
2023-05-07 14:14:51,1683483292,27.2,13.7,98600,1.00,4.00,6.00,7.00,0.0287,0
2023-05-07 14:19:40,1683483580,27.4,13.5,98600,1.00,2.00,4.00,5.00,0.0119,0
2023-05-07 14:24:49,1683483889,27.5,13.1,98600,1.00,2.00,3.00,4.00,0.00961,0
2023-05-07 14:29:57,1683484198,27.5,13.1,98587,2.00,4.00,6.00,7.00,0.0124,0
2023-05-07 14:34:46,1683484486,27.4,13.2,98521,1.00,3.00,4.00,5.00,0.0113,0
2023-05-07 14:39:55,1683484795,27.3,12.8,98500,2.00,6.00,9.00,10.0,0.0125,0
2023-05-07 14:44:43,1683485084,27.2,12.9,98500,1.00,3.00,5.00,5.00,0.0250,0
2023-05-07 14:49:52,1683485393,27.2,12.8,98500,1.00,4.00,6.00,6.00,0.0250,2.14
2023-05-07 14:54:41,1683485681,27.2,12.9,98500,1.00,2.00,4.00,4.00,0.0169,2.14
2023-05-07 14:59:50,1683485990,27.2,13.0,98500,1.00,2.00,3.00,4.00,0.0119,1.41
2023-05-07 15:04:59,1683486299,27.2,13.0,98500,1.00,3.00,5.00,6.00,0.0121,1.15
2023-05-07 15:09:47,1683486588,27.1,13.2,98500,1.00,3.00,5.00,6.00,0.0122,0
2023-05-07 15:14:57,1683486897,27.0,13.1,98500,1.00,4.00,6.00,7.00,0.0119,0
2023-05-07 15:19:45,1683487186,27.0,13.4,98500,3.00,6.00,9.00,11.0,0.0131,0
2023-05-07 15:24:54,1683487495,27.0,13.5,98500,1.00,4.00,6.00,8.00,0.0175,0
2023-05-07 15:29:43,1683487783,27.1,13.2,98493,2.00,6.00,9.00,11.0,0.0162,0
2023-05-07 15:34:52,1683488092,27.1,12.8,98407,1.00,2.00,4.00,4.00,0.0142,0
2023-05-07 15:39:40,1683488381,27.0,13.2,98400,1.00,3.00,5.00,5.00,0.0219,0
2023-05-07 15:44:50,1683488690,26.9,13.3,98400,2.00,2.00,4.00,5.00,0.0219,0
2023-05-07 15:49:59,1683488999,27.0,13.2,98400,1.00,4.00,6.00,7.00,0.0127,0
2023-05-07 15:54:47,1683489288,27.0,13.0,98400,1.00,4.00,7.00,8.00,0.0164,0
2023-05-07 15:59:57,1683489597,26.9,13.1,98400,2.00,5.00,7.00,9.00,0.0180,0
2023-05-07 16:04:45,1683489886,26.8,13.3,98400,3.00,3.00,4.00,5.00,0.0141,0
2023-05-07 16:09:55,1683490195,26.7,13.5,98400,2.00,6.00,9.00,11.0,0.0180,0
2023-05-07 16:14:43,1683490484,26.5,13.8,98400,2.00,7.00,11.0,13.0,0.00977,0
2023-05-07 16:19:53,1683490793,26.4,13.9,98400,1.00,2.00,3.00,4.00,0.0110,0
2023-05-07 16:24:42,1683491082,26.2,14.0,98400,1.00,3.00,5.00,6.00,0.0144,0
2023-05-07 16:29:56,1683491396,25.9,14.0,98400,2.00,7.00,11.0,13.0,0.0193,0
2023-05-07 16:34:45,1683491685,25.8,14.4,98400,2.00,4.00,6.00,7.00,0.0147,0
2023-05-07 16:39:54,1683491995,25.8,14.2,98400,2.00,6.00,9.00,11.0,0.0147,0
2023-05-07 16:44:43,1683492284,25.7,14.3,98400,1.00,3.00,4.00,5.00,0.0137,0
2023-05-07 16:49:53,1683492593,25.6,14.4,98400,1.00,5.00,8.00,9.00,0.0150,0
2023-05-07 16:54:42,1683492882,25.4,14.7,98400,1.00,4.00,6.00,7.00,0.0139,0
2023-05-07 16:59:52,1683493192,25.4,14.4,98380,2.00,3.00,4.00,4.00,0.0246,0
2023-05-07 17:04:41,1683493481,25.2,14.5,98400,2.00,5.00,7.00,9.00,0.0214,0
2023-05-07 17:09:51,1683493791,24.8,14.6,98400,1.00,3.00,4.00,4.00,0.0164,0
2023-05-07 17:14:40,1683494081,24.6,14.8,98400,2.00,5.00,7.00,9.00,0.0167,0
2023-05-07 17:19:50,1683494391,24.4,15.1,98400,2.00,5.00,8.00,9.00,0.0214,0
2023-05-07 17:24:40,1683494680,24.2,15.3,98400,1.00,4.00,7.00,8.00,0.0214,0
2023-05-07 17:29:50,1683494990,24.3,15.3,98400,1.00,3.00,4.00,5.00,0.0252,0
2023-05-07 17:34:39,1683495280,24.3,15.1,98400,1.00,4.00,6.00,7.00,0.0210,0
2023-05-07 17:39:49,1683495590,24.3,15.2,98400,1.00,2.00,4.00,4.00,0.0124,0
2023-05-07 17:44:59,1683495900,24.4,14.9,98400,1.00,4.00,6.00,7.00,0.0128,0
2023-05-07 17:49:49,1683496189,24.5,14.7,98336,3.00,9.00,14.0,16.0,0.0710,0
2023-05-07 17:54:59,1683496499,24.5,14.6,98300,3.00,5.00,8.00,9.00,0.0534,0
2023-05-07 17:59:48,1683496788,24.5,14.6,98300,1.00,4.00,7.00,9.00,0.0533,0
2023-05-07 18:04:58,1683497098,24.5,14.6,98300,1.00,2.00,4.00,4.00,0.0441,0
2023-05-07 18:09:47,1683497388,24.6,14.6,98300,1.00,5.00,8.00,9.00,0.0105,0
2023-05-07 18:14:57,1683497698,24.6,14.7,98300,2.00,8.00,12.0,14.0,0.00990,0
2023-05-07 18:19:47,1683497987,24.5,14.6,98300,1.00,4.00,6.00,7.00,0.0140,0
2023-05-07 18:24:57,1683498298,24.3,14.9,98300,1.00,2.00,4.00,4.00,0.0104,0
2023-05-07 18:29:47,1683498587,24.1,14.9,98300,2.00,4.00,6.00,7.00,0.0144,0
2023-05-07 18:34:57,1683498897,24.0,15.1,98300,2.00,3.00,5.00,5.00,0.0171,0
2023-05-07 18:39:46,1683499187,23.8,15.2,98300,2.00,6.00,9.00,11.0,0.0199,0
2023-05-07 18:44:57,1683499497,23.5,15.4,98300,1.00,2.00,4.00,4.00,0.0192,0
2023-05-07 18:49:46,1683499787,23.2,15.9,98300,1.00,4.00,6.00,7.00,0.0209,0
2023-05-07 18:54:57,1683500097,23.0,15.9,98300,1.00,4.00,7.00,9.00,0.0158,0
2023-05-07 18:59:46,1683500387,22.8,15.8,98300,1.00,3.00,4.00,5.00,0.0213,0
2023-05-07 19:04:57,1683500698,22.6,15.5,98300,2.00,5.00,9.00,10.0,0.0206,0
2023-05-07 19:09:47,1683500987,22.3,15.6,98300,2.00,7.00,11.0,13.0,0.0425,0
2023-05-07 19:14:58,1683501298,22.1,15.6,98387,1.00,2.00,4.00,5.00,0.0425,0
2023-05-07 19:19:48,1683501588,21.9,15.8,98336,1.00,4.00,7.00,8.00,0.0309,0
2023-05-07 19:24:58,1683501899,21.8,15.9,98327,1.00,2.00,4.00,5.00,0.0130,0
2023-05-07 19:29:48,1683502189,21.6,16.1,98357,1.00,3.00,6.00,7.00,0.0111,0
2023-05-07 19:34:58,1683502499,21.4,16.4,98400,4.00,6.00,9.00,11.0,0.0246,0
2023-05-07 19:39:49,1683502789,21.2,16.7,98386,1.00,2.00,4.00,5.00,0.0214,0
2023-05-07 19:44:39,1683503080,21.0,17.0,98371,1.00,2.00,4.00,4.00,0.0274,0
2023-05-07 19:49:50,1683503391,20.8,17.3,98400,2.00,8.00,12.0,15.0,0.0272,0
2023-05-07 19:54:41,1683503681,20.5,17.4,98400,1.00,3.00,4.00,5.00,0.0445,0
2023-05-07 19:59:53,1683503993,20.3,17.5,98400,1.00,5.00,7.00,9.00,0.0481,0
2023-05-07 20:04:43,1683504284,20.1,17.6,98400,1.00,2.00,3.00,4.00,0.0156,0
2023-05-07 20:09:55,1683504595,20.0,17.7,98400,1.00,3.00,5.00,6.00,0.0192,0
2023-05-07 20:14:45,1683504886,19.8,17.9,98400,1.00,5.00,8.00,10.0,0.0186,0
2023-05-07 20:19:57,1683505197,19.6,17.9,98400,1.00,2.00,4.00,4.00,0.0185,0
2023-05-07 20:24:47,1683505488,19.5,18.2,98400,2.00,6.00,9.00,10.0,0.0164,0
2023-05-07 20:29:59,1683505799,19.3,18.4,98400,1.00,3.00,5.00,6.00,0.0335,0
2023-05-07 20:34:50,1683506090,19.1,18.5,98400,3.00,6.00,10.0,11.0,0.0141,0
2023-05-07 20:39:41,1683506381,19.0,18.6,98400,1.00,3.00,3.00,4.00,0.0134,0
2023-05-07 20:44:53,1683506694,18.8,18.8,98400,2.00,4.00,6.00,7.00,0.0299,0
2023-05-07 20:49:44,1683506985,18.7,18.9,98400,1.00,4.00,6.00,8.00,0.0200,0
2023-05-07 20:54:56,1683507296,18.5,19.7,98400,1.00,4.00,6.00,7.00,0.0117,0
2023-05-07 20:59:46,1683507587,18.4,19.7,98400,1.00,2.00,4.00,4.00,0.0140,0
2023-05-07 21:04:58,1683507899,18.2,20.6,98400,2.00,5.00,8.00,9.00,0.0140,0
2023-05-07 21:09:49,1683508189,18.0,22.0,98400,1.00,4.00,7.00,9.00,0.0226,0
2023-05-07 21:14:40,1683508481,17.8,22.6,98400,2.00,4.00,6.00,7.00,0.0237,0
2023-05-07 21:19:53,1683508793,17.6,22.7,98400,2.00,8.00,13.0,15.0,0.0206,0
2023-05-07 21:24:45,1683509085,17.4,23.9,98400,1.00,4.00,7.00,8.00,0.0152,0
2023-05-07 21:29:57,1683509397,17.1,24.3,98400,1.00,2.00,4.00,4.00,0.0368,0
2023-05-07 21:34:48,1683509689,16.9,24.1,98400,3.00,7.00,10.0,12.0,0.0368,0
2023-05-07 21:39:40,1683509980,16.7,25.1,98400,2.00,3.00,5.00,5.00,0.0158,0
2023-05-07 21:44:52,1683510292,16.4,24.6,98400,1.00,2.00,4.00,5.00,0.0145,0
2023-05-07 21:49:43,1683510584,16.2,25.0,98400,1.00,2.00,4.00,5.00,0.0124,0
2023-05-07 21:54:56,1683510896,15.9,26.1,98400,1.00,4.00,6.00,7.00,0.0122,0
2023-05-07 21:59:47,1683511187,15.7,27.7,98400,2.00,5.00,9.00,10.0,0.0122,0
2023-05-07 22:04:59,1683511500,15.4,27.8,98400,1.00,4.00,6.00,7.00,0.0162,0
2023-05-07 22:09:51,1683511792,15.2,28.4,98400,2.00,5.00,8.00,9.00,0.0139,0
2023-05-07 22:14:43,1683512084,14.9,27.6,98400,3.00,9.00,14.0,17.0,0.0480,0
2023-05-07 22:19:56,1683512397,14.7,27.5,98400,2.00,5.00,7.00,8.00,0.0308,0
2023-05-07 22:24:49,1683512689,14.6,28.8,98400,2.00,6.00,9.00,10.0,0.0140,0
2023-05-07 22:29:40,1683512981,14.5,28.6,98400,1.00,2.00,4.00,5.00,0.0198,0
2023-05-07 22:34:53,1683513293,14.4,28.9,98400,1.00,3.00,5.00,6.00,0.0243,0
2023-05-07 22:39:45,1683513585,14.4,29.2,98400,1.00,4.00,7.00,8.00,0.0218,0
2023-05-07 22:44:58,1683513898,14.3,30.0,98400,1.00,2.00,4.00,4.00,0.0121,0
2023-05-07 22:49:50,1683514190,14.2,30.4,98400,1.00,2.00,4.00,5.00,0.0166,0
2023-05-07 22:54:42,1683514482,14.1,30.1,98400,1.00,2.00,4.00,5.00,0.0120,0
2023-05-07 22:59:55,1683514796,14.0,29.4,98400,1e-7,2.00,4.00,5.00,0.0111,0
2023-05-07 23:04:47,1683515087,14.0,30.4,98400,1.00,2.00,3.00,4.00,0.0111,0
2023-05-07 23:09:39,1683515380,13.9,30.3,98400,1.00,4.00,6.00,7.00,0.0137,0
2023-05-07 23:14:52,1683515693,13.8,30.7,98400,3.00,7.00,11.0,13.0,0.0327,0
2023-05-07 23:19:44,1683515985,13.7,31.0,98400,3.00,4.00,4.00,5.00,0.0361,0
2023-05-07 23:24:58,1683516299,13.7,30.9,98400,2.00,3.00,6.00,7.00,0.0421,0
2023-05-07 23:29:50,1683516591,13.6,31.3,98400,1.00,4.00,6.00,6.00,0.0161,0
2023-05-07 23:34:43,1683516883,13.4,31.1,98400,1.00,4.00,7.00,8.00,0.0173,0
2023-05-07 23:39:55,1683517196,13.3,31.3,98400,2.00,6.00,8.00,10.0,0.0290,0
2023-05-07 23:44:48,1683517488,13.2,31.4,98400,1.00,2.00,3.00,4.00,0.0472,0
2023-05-07 23:49:39,1683517780,13.1,32.4,98400,1.00,5.00,8.00,9.00,0.0264,0
2023-05-07 23:54:53,1683518093,12.9,33.3,98400,1.00,4.00,7.00,8.00,0.0179,0
2023-05-07 23:59:45,1683518386,12.8,32.4,98400,2.00,5.00,7.00,8.00,0.0201,0
2023-05-08 00:04:58,1683518699,12.7,33.2,98400,1.00,2.00,3.00,4.00,0.0167,0
2023-05-08 00:09:50,1683518991,12.6,33.0,98400,1.00,4.00,7.00,9.00,0.0184,0
2023-05-08 00:14:43,1683519283,12.6,32.8,98400,2.00,3.00,4.00,4.00,0.0157,0
2023-05-08 00:19:56,1683519596,12.5,32.3,98400,1.00,2.00,4.00,4.00,0.0157,0
2023-05-08 00:24:48,1683519888,12.5,31.9,98400,1.00,4.00,7.00,9.00,0.0120,0
2023-05-08 00:29:41,1683520182,12.5,31.6,98400,1.00,2.00,4.00,5.00,0.0121,0
2023-05-08 00:34:55,1683520496,12.4,32.0,98400,3.00,8.00,13.0,15.0,0.0183,0
2023-05-08 00:39:47,1683520788,12.3,32.2,98400,1.00,2.00,4.00,5.00,0.0357,0
2023-05-08 00:44:40,1683521081,12.2,33.4,98400,1.00,5.00,8.00,9.00,0.0295,0
2023-05-08 00:49:53,1683521393,12.0,33.7,98400,2.00,4.00,7.00,8.00,0.0260,0
2023-05-08 00:54:45,1683521686,11.8,34.0,98400,2.00,3.00,4.00,5.00,0.0318,0
2023-05-08 00:59:59,1683521999,11.6,34.3,98400,1.00,3.00,5.00,6.00,0.0337,0
2023-05-08 01:04:52,1683522292,11.4,34.8,98400,1.00,3.00,4.00,5.00,0.0120,0
2023-05-08 01:09:44,1683522584,11.2,34.8,98400,2.00,4.00,6.00,6.00,0.0101,0
2023-05-08 01:14:58,1683522898,11.1,35.0,98400,1.00,2.00,4.00,4.00,0.0117,0
2023-05-08 01:19:50,1683523191,11.0,34.4,98400,1.00,4.00,6.00,7.00,0.0104,0
2023-05-08 01:24:42,1683523483,11.0,34.5,98400,2.00,8.00,13.0,15.0,0.0189,0
2023-05-08 01:29:56,1683523797,10.9,33.8,98400,2.00,6.00,10.0,11.0,0.0244,0
2023-05-08 01:34:50,1683524090,10.8,34.2,98400,2.00,6.00,10.0,12.0,0.0299,0
2023-05-08 01:39:43,1683524384,10.6,33.8,98400,2.00,5.00,7.00,9.00,0.0290,0
2023-05-08 01:44:57,1683524698,10.5,33.5,98400,1.00,3.00,4.00,5.00,0.0290,0
2023-05-08 01:49:50,1683524991,10.4,33.5,98400,1.00,3.00,4.00,5.00,0.0104,0
2023-05-08 01:54:43,1683525283,10.3,33.9,98400,2.00,4.00,5.00,6.00,0.0141,0
2023-05-08 01:59:58,1683525598,10.3,34.0,98400,1.00,2.00,4.00,5.00,0.0118,0
2023-05-08 02:04:51,1683525891,10.2,34.1,98400,1.00,4.00,7.00,8.00,0.0120,0
2023-05-08 02:09:44,1683526184,10.1,33.7,98400,1.00,3.00,4.00,5.00,0.0130,0
2023-05-08 02:14:57,1683526498,10.0,34.2,98400,2.00,5.00,8.00,9.00,0.0119,0
2023-05-08 02:19:50,1683526791,9.94,34.1,98400,1.00,4.00,7.00,8.00,0.0171,0
2023-05-08 02:24:44,1683527084,9.78,34.8,98400,2.00,7.00,11.0,13.0,0.0171,0
2023-05-08 02:29:57,1683527398,9.58,34.7,98400,2.00,4.00,6.00,7.00,0.0136,0
2023-05-08 02:34:50,1683527690,9.40,34.7,98400,2.00,5.00,8.00,10.0,0.0161,0
2023-05-08 02:39:42,1683527983,9.24,35.3,98400,3.00,8.00,12.0,14.0,0.0143,0
2023-05-08 02:44:57,1683528297,9.08,35.8,98400,1.00,4.00,6.00,7.00,0.0167,0
2023-05-08 02:49:50,1683528591,8.90,36.2,98400,2.00,5.00,8.00,10.0,0.0166,0
2023-05-08 02:54:43,1683528883,8.72,36.5,98400,2.00,7.00,11.0,13.0,0.0210,0
2023-05-08 02:59:57,1683529197,8.53,36.7,98400,2.00,3.00,5.00,6.00,0.0172,0
2023-05-08 03:04:51,1683529491,8.33,37.5,98400,2.00,6.00,10.0,12.0,0.0359,0
2023-05-08 03:09:44,1683529784,8.13,37.8,98400,1.00,2.00,4.00,4.00,0.0221,0
2023-05-08 03:14:57,1683530098,7.94,38.2,98400,2.00,5.00,6.00,7.00,0.0221,0
2023-05-08 03:19:51,1683530392,7.77,38.0,98400,2.00,4.00,6.00,7.00,0.0172,0
2023-05-08 03:24:45,1683530686,7.67,37.8,98400,1.00,2.00,4.00,5.00,0.0164,0
2023-05-08 03:29:38,1683530979,7.73,37.6,98400,1.00,2.00,4.00,4.00,0.0135,0
2023-05-08 03:34:53,1683531294,7.75,38.3,98400,2.00,6.00,10.0,12.0,0.0135,0
2023-05-08 03:39:47,1683531587,7.61,38.0,98400,2.00,5.00,9.00,10.0,0.0215,0
2023-05-08 03:44:40,1683531880,7.42,38.2,98400,1.00,4.00,6.00,7.00,0.0137,0
2023-05-08 03:49:54,1683532194,7.22,38.2,98400,2.00,2.00,4.00,4.00,0.0182,0
2023-05-08 03:54:47,1683532487,7.02,38.4,98429,1.00,4.00,6.00,7.00,0.0131,0
2023-05-08 03:59:40,1683532781,6.88,38.6,98500,2.00,6.00,9.00,11.0,0.0103,0
2023-05-08 04:04:55,1683533095,6.73,38.8,98493,1.00,3.00,5.00,6.00,0.0214,0
2023-05-08 04:09:49,1683533390,6.59,39.0,98500,2.00,4.00,6.00,7.00,0.0115,0
2023-05-08 04:14:44,1683533684,6.48,39.0,98500,1.00,4.00,5.00,6.00,0.0177,0
2023-05-08 04:19:59,1683533999,6.35,39.0,98500,1.00,2.00,4.00,5.00,0.0126,0
2023-05-08 04:24:53,1683534294,6.24,39.3,98500,2.00,2.00,4.00,5.00,0.0109,0
2023-05-08 04:29:48,1683534588,6.15,39.7,98500,1.00,2.00,3.00,4.00,0.0102,0
2023-05-08 04:34:43,1683534883,6.05,40.2,98500,1.00,4.00,6.00,7.00,0.0102,0
2023-05-08 04:39:57,1683535198,5.95,40.1,98500,1.00,3.00,4.00,5.00,0.0117,0
2023-05-08 04:44:51,1683535492,5.87,40.0,98500,1.00,4.00,7.00,8.00,0.0131,0
2023-05-08 04:49:46,1683535786,5.80,40.0,98500,1.00,3.00,5.00,6.00,0.0131,0
2023-05-08 04:54:40,1683536081,5.74,40.2,98500,1.00,4.00,6.00,7.00,0.0116,0
2023-05-08 04:59:56,1683536397,5.68,40.2,98500,3.00,4.00,7.00,9.00,0.0105,0
2023-05-08 05:04:51,1683536691,5.61,40.3,98500,2.00,6.00,9.00,11.0,0.0217,0
2023-05-08 05:09:45,1683536985,5.53,40.3,98500,1.00,2.00,3.00,3.00,0.0326,0
2023-05-08 05:14:59,1683537300,5.44,40.4,98500,3.00,3.00,5.00,6.00,0.0284,0
2023-05-08 05:19:53,1683537594,5.36,40.7,98500,1.00,2.00,3.00,4.00,0.0130,0
2023-05-08 05:24:47,1683537888,5.30,40.8,98500,1.00,4.00,6.00,7.00,0.0102,0
2023-05-08 05:29:41,1683538181,5.26,41.2,98500,1.00,5.00,8.00,10.0,0.0218,0
2023-05-08 05:34:56,1683538496,5.24,41.2,98500,1.00,4.00,7.00,8.00,0.0174,0
2023-05-08 05:39:49,1683538790,5.27,41.5,98500,2.00,4.00,7.00,8.00,0.0208,0
2023-05-08 05:44:43,1683539083,5.42,41.8,98500,4.00,14.0,22.0,26.0,0.0276,0
2023-05-08 05:49:58,1683539398,5.68,42.1,98500,2.00,5.00,8.00,10.0,0.0636,0
2023-05-08 05:54:52,1683539692,5.84,41.8,98500,4.00,12.0,19.0,23.0,0.0493,0
2023-05-08 05:59:46,1683539986,5.91,41.7,98500,1.00,3.00,5.00,6.00,0.0197,0
2023-05-08 06:04:39,1683540279,6.13,42.2,98500,1.00,4.00,7.00,9.00,0.0289,0
2023-05-08 06:09:53,1683540594,7.31,42.9,98500,1.00,4.00,6.00,7.00,0.0188,0
2023-05-08 06:14:47,1683540887,9.11,40.7,98500,1.00,2.00,3.00,3.00,0.0183,0
2023-05-08 06:19:40,1683541181,10.7,36.9,98521,2.00,4.00,6.00,7.00,0.0183,0
2023-05-08 06:24:53,1683541494,12.2,33.5,98580,1.00,5.00,7.00,9.00,0.0238,0
2023-05-08 06:29:46,1683541786,13.1,31.2,98543,2.00,6.00,9.00,10.0,0.0238,0
2023-05-08 06:34:59,1683542100,12.6,30.6,98500,1.00,2.00,3.00,3.00,0.0170,0
2023-05-08 06:39:52,1683542392,11.8,31.2,98543,1.00,5.00,8.00,9.00,0.0411,0
2023-05-08 06:44:44,1683542684,11.2,32.0,98571,1.00,4.00,6.00,7.00,0.0176,0
2023-05-08 06:49:57,1683542998,10.9,32.8,98600,1.00,2.00,3.00,4.00,0.0177,0
2023-05-08 06:54:50,1683543290,12.3,32.4,98600,1.00,3.00,5.00,6.00,0.0154,0
2023-05-08 06:59:42,1683543582,14.5,28.1,98600,2.00,3.00,4.00,5.00,0.0134,0
2023-05-08 07:04:54,1683543895,16.2,25.9,98600,1.00,2.00,4.00,5.00,0.0106,0
2023-05-08 07:09:45,1683544186,17.9,23.1,98600,1.00,4.00,6.00,7.00,0.0123,0
2023-05-08 07:14:56,1683544497,19.2,20.2,98600,1.00,2.00,4.00,5.00,0.0123,0
2023-05-08 07:19:47,1683544788,20.1,19.2,98600,1.00,4.00,7.00,8.00,0.0119,0.593
2023-05-08 07:24:58,1683545099,20.4,18.1,98600,2.00,6.00,9.00,11.0,0.0375,0
2023-05-08 07:29:48,1683545389,20.6,17.5,98600,1.00,5.00,7.00,9.00,0.0375,0
2023-05-08 07:34:59,1683545700,20.7,17.1,98600,1.00,2.00,4.00,4.00,0.0315,0
2023-05-08 07:39:50,1683545990,20.3,16.8,98600,1.00,5.00,8.00,9.00,0.0146,0
2023-05-08 07:44:40,1683546281,19.9,16.6,98600,1.00,2.00,4.00,5.00,0.0140,0
2023-05-08 07:49:51,1683546592,19.6,17.2,98600,1.00,5.00,8.00,9.00,0.0141,0
2023-05-08 07:54:41,1683546882,19.6,16.9,98600,1.00,2.00,4.00,5.00,0.0109,0
2023-05-08 07:59:52,1683547193,19.7,17.0,98600,2.00,6.00,9.00,11.0,0.0167,0
2023-05-08 08:04:42,1683547483,19.9,16.5,98600,1.00,3.00,4.00,5.00,0.0254,0
2023-05-08 08:09:53,1683547794,20.1,16.6,98600,1.00,3.00,5.00,6.00,0.0261,0
2023-05-08 08:14:43,1683548084,20.6,16.0,98600,1.00,4.00,7.00,8.00,0.0187,0
2023-05-08 08:19:55,1683548395,21.0,15.7,98600,1.00,4.00,6.00,7.00,0.0193,0
2023-05-08 08:24:45,1683548685,20.9,15.5,98636,1.00,4.00,7.00,9.00,0.0223,0
2023-05-08 08:29:56,1683548997,19.5,16.2,98700,1.00,4.00,6.00,7.00,0.0116,0
2023-05-08 08:34:47,1683549288,18.1,17.4,98700,2.00,3.00,4.00,5.00,0.0142,0
2023-05-08 08:39:59,1683549599,18.3,17.7,98700,1.00,4.00,6.00,7.00,0.0149,0
2023-05-08 08:44:50,1683549890,18.9,16.6,98700,2.00,2.00,4.00,4.00,0.0117,0
2023-05-08 08:49:40,1683550181,19.5,16.1,98700,1.00,4.00,7.00,8.00,0.0117,0
2023-05-08 08:54:51,1683550492,19.7,15.6,98700,1.00,3.00,4.00,5.00,0.0158,0
2023-05-08 08:59:42,1683550782,19.2,15.8,98700,1.00,3.00,5.00,6.00,0.0159,0
2023-05-08 09:04:53,1683551093,18.9,16.0,98700,1e-7,2.00,4.00,5.00,0.0119,0
2023-05-08 09:09:43,1683551384,18.8,16.0,98700,1.00,4.00,7.00,8.00,0.0112,0
2023-05-08 09:14:55,1683551695,19.2,15.5,98700,2.00,7.00,11.0,13.0,0.0349,0
2023-05-08 09:19:45,1683551985,19.5,15.2,98700,1.00,2.00,4.00,5.00,0.0349,0
2023-05-08 09:24:56,1683552296,20.1,14.9,98700,1.00,3.00,4.00,5.00,0.0325,0
2023-05-08 09:29:46,1683552587,20.6,14.5,98700,1e-7,2.00,4.00,5.00,0.0166,0
2023-05-08 09:34:57,1683552897,21.0,14.3,98700,2.00,5.00,8.00,9.00,0.0106,0
2023-05-08 09:39:46,1683553187,21.5,13.7,98700,1.00,2.00,4.00,5.00,0.0135,0
2023-05-08 09:44:57,1683553497,21.6,13.8,98700,1.00,3.00,4.00,5.00,0.0125,0
2023-05-08 09:49:47,1683553787,21.7,13.7,98700,1.00,3.00,5.00,6.00,0.0124,0
2023-05-08 09:54:57,1683554097,21.7,13.5,98700,1.00,5.00,8.00,9.00,0.0129,0
2023-05-08 09:59:46,1683554387,22.0,13.3,98700,1.00,2.00,3.00,3.00,0.0129,0
2023-05-08 10:04:57,1683554697,21.9,12.7,98700,1.00,4.00,6.00,7.00,0.0203,0
2023-05-08 10:09:46,1683554987,21.6,12.3,98700,1.00,3.00,4.00,4.00,0.0141,0
2023-05-08 10:14:57,1683555297,21.7,12.9,98700,1.00,4.00,7.00,8.00,0.0117,0
2023-05-08 10:19:47,1683555587,21.9,12.1,98700,1.00,2.00,4.00,5.00,0.0131,0
2023-05-08 10:24:57,1683555898,21.6,12.2,98700,1.00,5.00,8.00,10.0,0.0150,0
2023-05-08 10:29:47,1683556187,21.2,12.4,98700,1.00,4.00,6.00,7.00,0.0273,0
2023-05-08 10:34:57,1683556498,20.8,12.6,98700,1.00,2.00,4.00,4.00,0.0304,0
2023-05-08 10:39:47,1683556788,20.4,13.2,98700,1.00,2.00,3.00,3.00,0.0273,0
2023-05-08 10:44:58,1683557099,20.6,13.5,98700,3.00,6.00,9.00,11.0,0.0103,0
2023-05-08 10:49:48,1683557389,20.5,13.2,98700,2.00,5.00,8.00,9.00,0.0374,0
2023-05-08 10:54:59,1683557700,20.4,13.1,98700,8.00,23.0,35.0,41.0,0.0529,0
2023-05-08 10:59:49,1683557990,20.5,13.2,98700,2.00,7.00,11.0,12.0,0.0579,0
2023-05-08 11:04:40,1683558280,20.6,13.4,98700,1.00,5.00,8.00,9.00,0.0660,0
2023-05-08 11:09:50,1683558591,20.7,13.2,98700,1.00,3.00,5.00,6.00,0.0674,0
2023-05-08 11:14:41,1683558881,20.1,13.0,98700,4.00,12.0,19.0,22.0,0.0135,0
2023-05-08 11:19:52,1683559192,19.7,13.6,98700,1.00,5.00,8.00,9.00,0.0153,0
2023-05-08 11:24:42,1683559482,20.0,13.7,98700,6.00,17.0,27.0,31.0,0.0198,0
2023-05-08 11:29:53,1683559793,20.5,13.6,98700,1.00,5.00,7.00,9.00,0.0437,0
2023-05-08 11:34:43,1683560084,20.4,13.3,98700,1.00,2.00,3.00,4.00,0.0533,0
2023-05-08 11:39:54,1683560394,19.6,13.6,98700,2.00,6.00,9.00,10.0,0.0887,0
2023-05-08 11:44:44,1683560685,19.5,14.0,98700,2.00,2.00,2.00,2.00,0.0330,0
2023-05-08 11:49:56,1683560996,19.9,13.6,98700,1.00,2.00,4.00,4.00,0.0319,0
2023-05-08 11:54:46,1683561286,20.1,13.5,98700,4.00,12.0,18.0,21.0,0.0671,0
2023-05-08 11:59:57,1683561597,20.1,13.6,98700,3.00,7.00,10.0,12.0,0.129,0
2023-05-08 12:04:47,1683561887,19.8,13.6,98700,5.00,18.0,29.0,34.0,0.101,0
2023-05-08 12:09:58,1683562198,19.1,13.7,98700,1.00,4.00,6.00,7.00,0.0360,0
2023-05-08 12:14:48,1683562489,18.7,13.8,98693,2.00,6.00,10.0,12.0,0.0433,0
2023-05-08 12:19:39,1683562779,18.5,14.1,98700,1.00,4.00,6.00,8.00,0.0394,0
2023-05-08 12:24:50,1683563091,18.4,14.4,98700,1.00,4.00,6.00,7.00,0.0272,0
2023-05-08 12:29:41,1683563381,18.7,14.4,98700,2.00,4.00,6.00,7.00,0.0157,0
2023-05-08 12:34:52,1683563693,19.0,14.3,98700,3.00,9.00,15.0,17.0,0.0143,0
2023-05-08 12:39:43,1683563983,19.1,14.4,98700,2.00,6.00,9.00,11.0,0.0206,0
2023-05-08 12:44:54,1683564294,19.3,14.5,98700,1.00,5.00,8.00,9.00,0.0206,0
2023-05-08 12:49:45,1683564585,19.3,14.6,98700,2.00,4.00,6.00,7.00,0.0101,0
2023-05-08 12:54:56,1683564896,19.4,14.6,98700,1.00,4.00,5.00,6.00,0.0117,0
2023-05-08 12:59:46,1683565186,19.7,14.1,98700,1.00,5.00,9.00,10.0,0.0124,0
2023-05-08 13:04:57,1683565498,19.9,13.9,98700,1.00,3.00,4.00,5.00,0.0218,0
2023-05-08 13:09:48,1683565788,20.0,13.8,98700,1.00,2.00,4.00,4.00,0.0299,0
2023-05-08 13:14:58,1683566099,19.7,14.2,98700,1.00,4.00,6.00,7.00,0.0344,0
2023-05-08 13:19:49,1683566389,19.9,14.0,98700,2.00,5.00,8.00,10.0,0.0242,0
2023-05-08 13:24:39,1683566680,19.6,13.8,98700,2.00,7.00,12.0,14.0,0.0355,0
2023-05-08 13:29:50,1683566991,19.7,13.8,98700,3.00,6.00,8.00,9.00,0.0237,0
2023-05-08 13:34:40,1683567281,19.8,13.9,98700,2.00,4.00,5.00,6.00,0.0484,0
2023-05-08 13:39:51,1683567591,19.7,13.7,98700,1.00,2.00,4.00,4.00,0.0293,0
2023-05-08 13:44:41,1683567882,19.7,13.9,98700,1.00,3.00,5.00,6.00,0.0136,0
2023-05-08 13:49:53,1683568193,19.7,14.0,98700,1.00,4.00,6.00,7.00,0.0132,0
2023-05-08 13:54:43,1683568483,19.9,14.0,98700,1.00,4.00,6.00,8.00,0.0124,0
2023-05-08 13:59:54,1683568794,20.2,13.8,98700,3.00,10.0,16.0,19.0,0.0265,0
2023-05-08 14:04:44,1683569085,20.6,13.3,98700,3.00,9.00,14.0,16.0,0.0331,0
2023-05-08 14:09:55,1683569395,20.6,13.0,98700,3.00,7.00,9.00,10.0,0.0338,0
2023-05-08 14:14:45,1683569686,20.8,12.5,98700,4.00,13.0,21.0,25.0,0.0238,0
2023-05-08 14:19:56,1683569997,20.6,13.2,98700,1.00,4.00,7.00,9.00,0.0341,0
2023-05-08 14:24:47,1683570287,20.3,13.2,98700,1.00,4.00,6.00,7.00,0.0431,0
2023-05-08 14:29:58,1683570598,20.1,13.2,98700,2.00,5.00,8.00,9.00,0.0431,0
2023-05-08 14:34:48,1683570889,19.9,13.5,98700,2.00,7.00,11.0,13.0,0.0188,0
2023-05-08 14:39:59,1683571199,20.2,13.7,98700,1.00,4.00,6.00,7.00,0.0172,0
2023-05-08 14:44:49,1683571490,20.5,13.4,98700,2.00,6.00,9.00,10.0,0.0195,0
2023-05-08 14:49:40,1683571781,20.3,12.9,98700,2.00,4.00,6.00,7.00,0.0217,0
2023-05-08 14:54:51,1683572092,19.7,13.0,98700,2.00,7.00,11.0,13.0,0.0150,0
2023-05-08 14:59:42,1683572383,19.1,13.2,98700,3.00,5.00,7.00,8.00,0.0430,0
2023-05-08 15:04:53,1683572694,19.0,13.6,98700,1.00,4.00,6.00,8.00,0.0430,0
2023-05-08 15:09:44,1683572985,19.5,13.6,98700,3.00,8.00,13.0,15.0,0.0157,0
2023-05-08 15:14:56,1683573296,19.8,13.2,98700,2.00,5.00,8.00,9.00,0.0278,0
2023-05-08 15:19:46,1683573587,19.9,13.3,98700,2.00,4.00,6.00,7.00,0.0366,0
2023-05-08 15:24:57,1683573898,19.7,13.2,98700,2.00,5.00,7.00,9.00,0.0241,0
2023-05-08 15:29:48,1683574188,19.4,13.2,98700,1.00,4.00,6.00,7.00,0.0182,0
2023-05-08 15:34:59,1683574500,19.2,13.6,98700,1.00,4.00,7.00,8.00,0.0244,0
2023-05-08 15:39:50,1683574791,19.2,13.5,98700,1.00,3.00,4.00,5.00,0.0194,0
2023-05-08 15:44:41,1683575081,18.9,13.5,98700,2.00,6.00,9.00,11.0,0.0256,0
2023-05-08 15:49:52,1683575393,18.6,13.7,98700,1.00,4.00,6.00,7.00,0.0293,0
2023-05-08 15:54:43,1683575684,18.5,13.8,98700,17.0,50.0,77.0,91.0,0.0597,0
2023-05-08 15:59:55,1683575996,18.5,13.9,98700,2.00,3.00,5.00,5.00,0.0623,0
2023-05-08 16:04:46,1683576287,18.9,13.7,98700,1.00,2.00,4.00,5.00,0.0646,0
2023-05-08 16:09:57,1683576598,19.4,13.5,98700,2.00,8.00,12.0,14.0,0.0622,0
2023-05-08 16:14:48,1683576889,19.9,13.2,98693,1.00,3.00,4.00,5.00,0.0276,0
2023-05-08 16:19:59,1683577200,20.2,13.1,98700,2.00,4.00,6.00,7.00,0.0340,0
2023-05-08 16:24:50,1683577490,20.4,12.9,98700,2.00,4.00,6.00,7.00,0.0177,0
2023-05-08 16:29:44,1683577784,20.5,13.1,98700,3.00,6.00,9.00,10.0,0.0177,0
2023-05-08 16:34:55,1683578096,20.7,12.9,98700,1.00,4.00,6.00,7.00,0.0183,0
2023-05-08 16:39:45,1683578386,20.4,12.4,98700,1.00,2.00,4.00,4.00,0.0152,0
2023-05-08 16:44:57,1683578697,19.7,12.4,98700,2.00,3.00,4.00,4.00,0.0121,0
2023-05-08 16:49:47,1683578988,19.1,12.9,98700,2.00,5.00,7.00,9.00,0.0129,0
2023-05-08 16:54:58,1683579299,19.0,13.3,98700,1.00,4.00,6.00,7.00,0.0139,0
2023-05-08 16:59:49,1683579590,18.8,13.2,98700,1.00,4.00,6.00,7.00,0.0240,0
2023-05-08 17:04:40,1683579880,18.7,13.1,98700,2.00,5.00,7.00,8.00,0.0240,0
2023-05-08 17:09:51,1683580192,18.7,13.0,98700,2.00,4.00,6.00,7.00,0.0195,0
2023-05-08 17:14:42,1683580483,18.8,12.9,98700,2.00,4.00,6.00,7.00,0.0139,0
2023-05-08 17:19:54,1683580795,18.9,13.1,98700,1.00,2.00,4.00,5.00,0.0137,0
2023-05-08 17:24:45,1683581086,18.9,12.8,98700,1.00,3.00,4.00,4.00,0.0185,0
2023-05-08 17:29:57,1683581397,18.7,12.7,98693,3.00,9.00,14.0,17.0,0.0157,0
2023-05-08 17:34:48,1683581689,18.6,12.9,98700,1.00,2.00,4.00,4.00,0.0288,0
2023-05-08 17:39:39,1683581980,18.6,12.9,98700,2.00,5.00,9.00,10.0,0.0288,0
2023-05-08 17:44:51,1683582291,18.5,13.2,98700,1.00,4.00,7.00,8.00,0.0124,0
2023-05-08 17:49:41,1683582582,18.4,13.0,98700,1.00,4.00,6.00,7.00,0.0119,0
2023-05-08 17:54:53,1683582894,18.3,12.7,98700,1.00,4.00,6.00,7.00,0.0195,0
2023-05-08 17:59:44,1683583184,18.2,12.4,98700,1.00,2.00,4.00,4.00,0.0175,0
2023-05-08 18:04:56,1683583496,18.1,12.8,98700,1.00,4.00,6.00,7.00,0.0124,0
2023-05-08 18:09:47,1683583787,18.1,13.0,98700,1.00,2.00,3.00,3.00,0.0125,0
2023-05-08 18:14:59,1683584099,17.8,13.0,98700,2.00,5.00,8.00,9.00,0.0161,0
2023-05-08 18:19:50,1683584390,17.6,13.3,98700,2.00,3.00,3.00,4.00,0.0188,0
2023-05-08 18:24:41,1683584681,17.5,13.6,98700,2.00,4.00,5.00,6.00,0.0186,0
2023-05-08 18:29:53,1683584993,17.1,13.5,98700,1.00,4.00,6.00,7.00,0.0118,0
2023-05-08 18:34:44,1683585284,16.8,13.7,98714,2.00,6.00,10.0,11.0,0.0145,0
2023-05-08 18:39:56,1683585597,16.4,13.9,98767,1.00,4.00,7.00,9.00,0.0155,0
2023-05-08 18:44:48,1683585889,16.0,14.0,98779,2.00,5.00,8.00,10.0,0.0196,0
2023-05-08 18:49:40,1683586180,15.8,13.9,98800,2.00,6.00,10.0,11.0,0.0249,0
2023-05-08 18:54:52,1683586493,15.5,14.2,98800,1.00,2.00,4.00,4.00,0.0368,0
2023-05-08 18:59:44,1683586784,15.3,14.4,98800,2.00,5.00,7.00,8.00,0.0448,0
2023-05-08 19:04:56,1683587097,15.1,14.5,98800,1.00,4.00,7.00,9.00,0.0267,0
2023-05-08 19:09:48,1683587388,15.1,14.6,98800,1.00,2.00,3.00,4.00,0.0298,0
2023-05-08 19:14:40,1683587680,15.0,14.7,98800,1.00,2.00,4.00,5.00,0.0269,0
2023-05-08 19:19:53,1683587994,14.9,14.7,98800,1.00,2.00,4.00,4.00,0.0180,0
2023-05-08 19:24:45,1683588285,14.7,14.7,98800,2.00,7.00,12.0,14.0,0.0201,0
2023-05-08 19:29:58,1683588598,14.6,14.8,98800,2.00,8.00,13.0,15.0,0.0500,0
2023-05-08 19:34:49,1683588890,14.4,14.9,98829,1.00,2.00,4.00,4.00,0.0548,0
2023-05-08 19:39:41,1683589182,14.3,15.1,98864,1.00,2.00,3.00,3.00,0.0501,0
2023-05-08 19:44:54,1683589494,14.1,15.2,98900,1.00,3.00,5.00,6.00,0.0330,0
2023-05-08 19:49:46,1683589786,13.9,15.3,98900,2.00,7.00,11.0,13.0,0.0314,0
2023-05-08 19:54:58,1683590099,13.8,15.4,98900,1.00,2.00,4.00,4.00,0.0314,0
2023-05-08 19:59:51,1683590391,13.6,15.4,98900,1.00,2.00,4.00,5.00,0.0192,0
2023-05-08 20:04:44,1683590684,13.5,15.5,98900,2.00,6.00,9.00,11.0,0.0118,0
2023-05-08 20:09:56,1683590997,13.3,15.7,98900,1.00,4.00,6.00,7.00,0.0101,0
2023-05-08 20:14:49,1683591290,13.0,15.9,98900,1.00,2.00,4.00,5.00,0.0130,0
2023-05-08 20:19:41,1683591581,12.9,16.1,98900,1.00,2.00,3.00,3.00,0.0177,0
2023-05-08 20:24:54,1683591894,12.7,16.3,98900,1.00,5.00,8.00,10.0,0.0202,0
2023-05-08 20:29:47,1683592188,12.6,16.3,98900,2.00,5.00,8.00,9.00,0.0358,0
2023-05-08 20:34:42,1683592483,12.5,16.5,98900,1.00,2.00,4.00,5.00,0.0362,0
2023-05-08 20:39:55,1683592796,12.3,16.4,98900,2.00,7.00,10.0,12.0,0.0362,0
2023-05-08 20:44:47,1683593088,12.1,16.6,98907,1.00,4.00,6.00,7.00,0.0300,0
2023-05-08 20:49:39,1683593380,11.9,17.3,98936,3.00,8.00,13.0,15.0,0.0238,0
2023-05-08 20:54:53,1683593693,11.7,17.4,98973,1.00,2.00,4.00,5.00,0.0191,0
2023-05-08 20:59:46,1683593987,11.5,17.5,99000,2.00,5.00,7.00,8.00,0.0293,0
2023-05-08 21:04:39,1683594280,11.4,17.7,99000,1e-7,2.00,4.00,4.00,0.0241,0
2023-05-08 21:09:52,1683594593,11.3,17.8,99000,1.00,4.00,6.00,7.00,0.0241,0
2023-05-08 21:14:44,1683594885,11.0,18.1,99000,2.00,6.00,9.00,10.0,0.0217,0
2023-05-08 21:19:58,1683595198,10.9,18.4,99000,2.00,5.00,8.00,9.00,0.0125,0
2023-05-08 21:24:51,1683595491,10.8,18.5,99000,1.00,2.00,4.00,5.00,0.0175,0
2023-05-08 21:29:43,1683595784,10.8,18.6,99000,1.00,2.00,4.00,5.00,0.0256,0
2023-05-08 21:34:57,1683596097,10.7,18.6,99000,1.00,2.00,4.00,5.00,0.0293,0
2023-05-08 21:39:49,1683596390,10.6,18.9,99000,1.00,3.00,4.00,5.00,0.0103,0
2023-05-08 21:44:42,1683596683,10.5,18.9,99000,1.00,2.00,3.00,4.00,0.0103,0
2023-05-08 21:49:57,1683596998,10.4,19.0,99000,1.00,3.00,5.00,5.00,0.0109,0
2023-05-08 21:54:50,1683597290,10.4,19.4,99007,1.00,2.00,4.00,5.00,0.0114,0
2023-05-08 21:59:43,1683597584,10.3,19.6,99093,2.00,4.00,6.00,7.00,0.0172,0
2023-05-08 22:04:57,1683597898,10.2,20.6,99100,1.00,4.00,6.00,7.00,0.0195,0
2023-05-08 22:09:51,1683598191,9.97,21.9,99093,1.00,4.00,7.00,9.00,0.00994,0
2023-05-08 22:14:43,1683598484,9.70,22.6,99100,1.00,2.00,4.00,5.00,0.0118,0
2023-05-08 22:19:57,1683598798,9.36,22.2,99100,1.00,2.00,4.00,5.00,0.0280,0
2023-05-08 22:24:51,1683599092,9.10,22.6,99100,1.00,4.00,6.00,7.00,0.0162,0
2023-05-08 22:29:45,1683599386,8.88,22.2,99100,1.00,4.00,7.00,8.00,0.0227,0
2023-05-08 22:34:59,1683599700,8.71,22.9,99100,1.00,3.00,4.00,5.00,0.0223,0
2023-05-08 22:39:53,1683599993,8.56,24.5,99100,1.00,4.00,6.00,7.00,0.0198,0
2023-05-08 22:44:47,1683600287,8.47,25.3,99100,2.00,5.00,8.00,10.0,0.0169,0
2023-05-08 22:49:40,1683600581,8.41,26.2,99100,1.00,2.00,4.00,4.00,0.0188,0
2023-05-08 22:54:54,1683600894,8.33,26.6,99100,1.00,2.00,4.00,5.00,0.0145,0
2023-05-08 22:59:47,1683601187,8.17,26.2,99100,1.00,2.00,4.00,4.00,0.0103,0
2023-05-08 23:04:41,1683601481,7.98,26.3,99100,3.00,9.00,15.0,18.0,0.0322,0
2023-05-08 23:09:55,1683601795,7.74,25.8,99100,1.00,5.00,7.00,9.00,0.0281,0
2023-05-08 23:14:49,1683602090,7.50,26.6,99100,1.00,2.00,4.00,5.00,0.0423,0
2023-05-08 23:19:43,1683602384,7.27,27.8,99100,3.00,8.00,11.0,13.0,0.0400,0
2023-05-08 23:24:57,1683602698,7.02,29.0,99100,1.00,2.00,4.00,4.00,0.0196,0
2023-05-08 23:29:50,1683602991,6.80,29.2,99100,1.00,4.00,6.00,7.00,0.0323,0
2023-05-08 23:34:45,1683603285,6.62,29.1,99100,1.00,3.00,5.00,6.00,0.0184,0
2023-05-08 23:39:39,1683603580,6.47,29.2,99100,1.00,5.00,8.00,9.00,0.0205,0
2023-05-08 23:44:55,1683603895,6.33,30.0,99100,1.00,4.00,6.00,7.00,0.0220,0
2023-05-08 23:49:49,1683604190,6.21,30.5,99100,1.00,2.00,4.00,5.00,0.0183,0
2023-05-08 23:54:44,1683604485,6.09,30.3,99100,1.00,2.00,4.00,5.00,0.0190,0
2023-05-08 23:59:39,1683604779,5.96,30.8,99100,2.00,4.00,6.00,7.00,0.0156,0
2023-05-09 00:04:55,1683605095,5.81,30.9,99100,2.00,7.00,11.0,13.0,0.0140,0
2023-05-09 00:09:48,1683605388,5.64,31.5,99100,1e-7,2.00,4.00,5.00,0.0140,0
2023-05-09 00:14:42,1683605682,5.49,31.5,99100,1.00,4.00,6.00,7.00,0.0140,0
2023-05-09 00:19:58,1683605998,5.34,31.9,99100,1.00,4.00,6.00,7.00,0.0129,0
2023-05-09 00:24:51,1683606292,5.19,31.9,99100,1.00,4.00,6.00,7.00,0.0136,0
2023-05-09 00:29:46,1683606586,5.04,32.0,99100,1.00,2.00,4.00,5.00,0.0136,0
2023-05-09 00:34:41,1683606881,4.89,32.7,99100,2.00,2.00,4.00,5.00,0.0136,0
2023-05-09 00:39:56,1683607197,4.74,32.9,99100,2.00,2.00,4.00,4.00,0.0108,0
2023-05-09 00:44:51,1683607491,4.58,32.7,99100,1.00,3.00,6.00,7.00,0.0101,0
2023-05-09 00:49:46,1683607786,4.44,32.8,99100,1.00,2.00,4.00,5.00,0.0127,0
2023-05-09 00:54:40,1683608081,4.29,33.0,99100,1.00,2.00,4.00,5.00,0.0141,0
2023-05-09 00:59:57,1683608397,4.16,33.4,99100,2.00,3.00,5.00,6.00,0.0115,0
2023-05-09 01:04:50,1683608691,4.06,33.6,99100,2.00,5.00,8.00,10.0,0.0102,0
2023-05-09 01:09:45,1683608986,3.97,33.7,99100,1.00,2.00,4.00,5.00,0.00948,0
2023-05-09 01:14:39,1683609279,3.89,34.0,99100,1.00,4.00,5.00,6.00,0.0135,0
2023-05-09 01:19:54,1683609594,3.82,34.0,99100,1.00,2.00,4.00,4.00,0.0282,0
2023-05-09 01:24:48,1683609889,3.74,34.5,99100,1.00,2.00,4.00,4.00,0.0137,0
2023-05-09 01:29:43,1683610183,3.67,34.8,99100,1.00,5.00,8.00,9.00,0.0147,0
2023-05-09 01:34:58,1683610499,3.61,34.9,99100,1.00,2.00,4.00,5.00,0.0179,0
2023-05-09 01:39:54,1683610794,3.55,35.0,99100,1.00,4.00,7.00,9.00,0.0226,0
2023-05-09 01:44:48,1683611089,3.51,35.2,99100,1.00,2.00,4.00,5.00,0.0164,0
2023-05-09 01:49:43,1683611383,3.45,35.3,99100,1e-7,2.00,4.00,5.00,0.0200,0
2023-05-09 01:54:59,1683611699,3.40,35.6,99100,1.00,2.00,4.00,4.00,0.0224,0
2023-05-09 01:59:54,1683611994,3.37,35.9,99100,1.00,4.00,6.00,7.00,0.0135,0
2023-05-09 02:04:48,1683612288,3.34,35.8,99100,1.00,5.00,8.00,9.00,0.0196,0
2023-05-09 02:09:42,1683612582,3.32,35.6,99100,1.00,4.00,7.00,8.00,0.0240,0
2023-05-09 02:14:58,1683612898,3.28,35.7,99100,1.00,3.00,4.00,5.00,0.0101,0
2023-05-09 02:19:53,1683613193,3.21,35.7,99100,1.00,4.00,7.00,8.00,0.0144,0
2023-05-09 02:24:47,1683613488,3.13,35.6,99136,1.00,4.00,6.00,7.00,0.0108,0
2023-05-09 02:29:42,1683613783,3.07,35.5,99100,1.00,3.00,4.00,5.00,0.0172,0
2023-05-09 02:34:59,1683614099,3.06,35.0,99100,1.00,3.00,5.00,6.00,0.0172,0
2023-05-09 02:39:54,1683614395,3.06,34.6,99157,1.00,4.00,6.00,8.00,0.0177,0
2023-05-09 02:44:49,1683614690,3.05,34.4,99200,2.00,7.00,12.0,14.0,0.0115,0
2023-05-09 02:49:44,1683614984,3.03,34.3,99200,2.00,3.00,4.00,5.00,0.0204,0
2023-05-09 02:54:59,1683615300,3.00,34.3,99200,1.00,3.00,6.00,7.00,0.0191,0
2023-05-09 02:59:53,1683615594,2.96,34.4,99200,1.00,5.00,8.00,9.00,0.0235,0
2023-05-09 03:04:48,1683615888,2.93,34.4,99200,1.00,2.00,4.00,5.00,0.0296,0
2023-05-09 03:09:42,1683616182,2.91,34.3,99200,1.00,4.00,6.00,7.00,0.0257,0
2023-05-09 03:14:57,1683616497,2.91,34.6,99200,1.00,4.00,6.00,7.00,0.0243,0
2023-05-09 03:19:52,1683616792,2.91,34.7,99200,1e-7,2.00,4.00,5.00,0.0140,0
2023-05-09 03:24:47,1683617088,2.92,34.8,99200,1.00,4.00,7.00,8.00,0.0116,0
2023-05-09 03:29:43,1683617383,2.92,34.7,99200,1.00,4.00,7.00,8.00,0.0124,0
2023-05-09 03:34:59,1683617699,2.92,34.8,99200,2.00,6.00,10.0,12.0,0.0212,0
2023-05-09 03:39:54,1683617995,2.91,34.9,99200,1.00,2.00,4.00,5.00,0.0368,0
2023-05-09 03:44:49,1683618289,2.91,35.1,99200,2.00,2.00,4.00,4.00,0.0233,0
2023-05-09 03:49:43,1683618583,2.88,35.8,99200,1.00,4.00,7.00,8.00,0.0112,0
2023-05-09 03:54:59,1683618900,2.80,35.9,99200,1.00,1.00,2.00,3.00,0.0135,0
2023-05-09 03:59:53,1683619194,2.71,36.2,99200,1.00,3.00,4.00,5.00,0.0121,0
2023-05-09 04:04:49,1683619489,2.62,36.6,99200,2.00,3.00,6.00,7.00,0.0112,0
2023-05-09 04:09:43,1683619784,2.53,37.1,99200,1.00,3.00,5.00,6.00,0.0115,0
2023-05-09 04:14:59,1683620099,2.42,36.9,99200,1.00,4.00,6.00,7.00,0.0127,0
2023-05-09 04:19:54,1683620394,2.34,37.0,99200,2.00,5.00,8.00,9.00,0.0188,0
2023-05-09 04:24:49,1683620690,2.34,36.7,99200,1.00,3.00,6.00,7.00,0.0214,0
2023-05-09 04:29:45,1683620985,2.34,36.7,99200,1e-7,2.00,4.00,5.00,0.0214,0
2023-05-09 04:34:40,1683621281,2.32,36.7,99200,2.00,5.00,8.00,10.0,0.0190,0
2023-05-09 04:39:57,1683621597,2.28,36.6,99200,2.00,6.00,9.00,10.0,0.0190,0
2023-05-09 04:44:52,1683621893,2.24,36.5,99200,1.00,5.00,8.00,10.0,0.0132,0
2023-05-09 04:49:48,1683622188,2.20,36.7,99200,1.00,4.00,6.00,7.00,0.0201,0
2023-05-09 04:54:43,1683622484,2.18,36.6,99200,1.00,2.00,3.00,4.00,0.0264,0
2023-05-09 04:59:39,1683622779,2.18,36.7,99200,1.00,4.00,7.00,8.00,0.0206,0
2023-05-09 05:04:55,1683623096,2.19,36.8,99200,1.00,4.00,5.00,6.00,0.0245,0
2023-05-09 05:09:51,1683623391,2.20,37.4,99200,1.00,4.00,6.00,8.00,0.0109,0
2023-05-09 05:14:46,1683623686,2.19,37.1,99200,1.00,4.00,6.00,7.00,0.00979,0
2023-05-09 05:19:41,1683623982,2.20,37.5,99207,1.00,2.00,4.00,5.00,0.0182,0
2023-05-09 05:24:58,1683624298,2.21,37.7,99267,1.00,3.00,5.00,6.00,0.0124,0
2023-05-09 05:29:53,1683624594,2.25,37.8,99300,2.00,5.00,8.00,10.0,0.0259,0
2023-05-09 05:34:49,1683624889,2.29,37.8,99300,2.00,7.00,11.0,13.0,0.0259,0
2023-05-09 05:39:43,1683625183,2.38,37.7,99300,1.00,2.00,4.00,4.00,0.0161,0
2023-05-09 05:44:58,1683625499,2.63,38.1,99300,1.00,4.00,6.00,7.00,0.0359,0
2023-05-09 05:49:54,1683625794,3.00,38.2,99300,1.00,2.00,4.00,5.00,0.0166,0
2023-05-09 05:54:49,1683626090,3.12,37.7,99300,1.00,2.00,4.00,5.00,0.0129,0
2023-05-09 05:59:44,1683626385,3.17,37.4,99300,2.00,5.00,7.00,8.00,0.0117,0
2023-05-09 06:04:39,1683626679,3.32,37.5,99300,1.00,3.00,6.00,7.00,0.0107,0
2023-05-09 06:09:55,1683626995,4.53,39.1,99300,2.00,6.00,9.00,10.0,0.0156,0
2023-05-09 06:14:49,1683627290,6.59,36.8,99300,1.00,4.00,6.00,7.00,0.0209,0
2023-05-09 06:19:43,1683627583,8.35,34.0,99300,4.00,8.00,11.0,13.0,0.0159,0
2023-05-09 06:24:57,1683627897,9.82,31.6,99300,1.00,3.00,4.00,5.00,0.0249,0
2023-05-09 06:29:49,1683628190,10.9,29.3,99300,1.00,4.00,6.00,7.00,0.0348,0
2023-05-09 06:34:41,1683628482,10.7,29.1,99300,2.00,8.00,12.0,15.0,0.0337,0
2023-05-09 06:39:55,1683628796,9.97,29.0,99300,2.00,6.00,9.00,10.0,0.0282,0
2023-05-09 06:44:49,1683629089,9.42,30.1,99371,2.00,6.00,9.00,11.0,0.0121,0
2023-05-09 06:49:42,1683629383,9.21,30.8,99400,1.00,5.00,8.00,9.00,0.0339,0
2023-05-09 06:54:56,1683629696,10.4,30.6,99400,1.00,4.00,6.00,7.00,0.0339,0
2023-05-09 06:59:49,1683629989,12.2,28.3,99400,1.00,2.00,4.00,5.00,0.0103,0
2023-05-09 07:04:40,1683630281,13.8,26.1,99357,1.00,2.00,4.00,5.00,0.0185,0
2023-05-09 07:09:53,1683630594,15.2,23.7,99333,2.00,5.00,7.00,8.00,0.0179,0
2023-05-09 07:14:45,1683630885,16.3,21.9,99400,2.00,2.00,4.00,5.00,0.0120,0
2023-05-09 07:19:57,1683631197,17.0,20.6,99400,1.00,4.00,7.00,8.00,0.0119,0
2023-05-09 07:24:47,1683631488,17.6,19.9,99400,1.00,2.00,4.00,5.00,0.0130,0
2023-05-09 07:29:59,1683631800,18.1,19.4,99400,1.00,3.00,5.00,6.00,0.0128,0
2023-05-09 07:34:50,1683632090,18.6,18.7,99400,2.00,5.00,7.00,8.00,0.0161,0
2023-05-09 07:39:41,1683632381,19.1,18.4,99400,2.00,4.00,6.00,7.00,0.0216,0
2023-05-09 07:44:52,1683632692,19.6,18.0,99400,1.00,4.00,6.00,7.00,0.0164,0
2023-05-09 07:49:42,1683632983,20.1,17.6,99400,1.00,2.00,4.00,5.00,0.0183,0
2023-05-09 07:54:53,1683633294,20.3,17.5,99400,1.00,2.00,3.00,3.00,0.0224,0
2023-05-09 07:59:43,1683633584,20.5,17.1,99400,1.00,2.00,4.00,4.00,0.0125,0
2023-05-09 08:04:54,1683633895,20.9,16.6,99400,1.00,2.00,4.00,4.00,0.00995,0
2023-05-09 08:09:44,1683634184,21.1,16.0,99400,1.00,4.00,7.00,9.00,0.0123,0
2023-05-09 08:14:54,1683634495,21.4,15.7,99400,2.00,7.00,11.0,13.0,0.0340,0
2023-05-09 08:19:44,1683634785,21.8,15.0,99400,2.00,7.00,12.0,14.0,0.0267,0
2023-05-09 08:24:54,1683635095,22.1,14.3,99400,1e-7,2.00,4.00,5.00,0.0167,0
2023-05-09 08:29:44,1683635384,22.5,14.1,99400,1.00,5.00,7.00,9.00,0.0322,0
2023-05-09 08:34:54,1683635695,22.7,13.9,99400,1.00,3.00,5.00,5.00,0.0209,0
2023-05-09 08:39:44,1683635985,22.8,13.7,99400,1.00,2.00,4.00,5.00,0.0209,0
2023-05-09 08:44:55,1683636295,22.6,13.4,99400,1.00,5.00,8.00,10.0,0.0159,0
2023-05-09 08:49:44,1683636585,22.6,13.4,99400,1.00,5.00,8.00,10.0,0.0163,0
2023-05-09 08:54:54,1683636895,22.7,12.8,99400,1.00,4.00,6.00,7.00,0.0112,0
2023-05-09 08:59:44,1683637184,22.4,12.7,99400,2.00,6.00,10.0,12.0,0.0178,0
2023-05-09 09:04:54,1683637495,22.3,12.9,99400,1.00,4.00,6.00,7.00,0.0118,0
2023-05-09 09:09:44,1683637784,22.5,12.4,99400,1e-7,2.00,3.00,4.00,0.0113,0
2023-05-09 09:14:54,1683638094,22.3,12.5,99400,1.00,4.00,6.00,7.00,0.0110,0
2023-05-09 09:19:43,1683638384,22.2,12.6,99400,1.00,4.00,6.00,7.00,0.0142,0
2023-05-09 09:24:54,1683638694,22.2,12.5,99400,1.00,2.00,4.00,5.00,0.0152,0
2023-05-09 09:29:43,1683638984,22.2,12.7,99400,1e-7,2.00,4.00,5.00,0.0142,0
2023-05-09 09:34:53,1683639294,22.3,12.6,99400,4.00,12.0,18.0,21.0,0.0465,0
2023-05-09 09:39:43,1683639584,22.3,12.4,99400,2.00,7.00,10.0,12.0,0.0440,0
2023-05-09 09:44:53,1683639894,22.3,12.5,99400,2.00,4.00,7.00,8.00,0.0419,0
2023-05-09 09:49:43,1683640183,21.9,12.5,99400,1.00,4.00,7.00,8.00,0.0229,0
2023-05-09 09:54:53,1683640494,21.5,13.0,99400,1.00,4.00,7.00,8.00,0.0166,0
2023-05-09 09:59:43,1683640783,21.5,13.1,99400,1.00,2.00,4.00,5.00,0.0166,0
2023-05-09 10:04:53,1683641094,21.6,12.6,99400,1.00,3.00,6.00,7.00,0.0107,0
2023-05-09 10:09:43,1683641383,21.3,12.4,99400,1.00,2.00,4.00,4.00,0.0115,0
2023-05-09 10:14:53,1683641694,20.9,13.0,99400,1.00,4.00,6.00,7.00,0.0120,0
2023-05-09 10:19:43,1683641984,21.2,13.0,99400,1.00,4.00,6.00,7.00,0.0134,0
2023-05-09 10:24:54,1683642294,21.3,12.9,99400,1.00,3.00,6.00,7.00,0.0121,0
2023-05-09 10:29:44,1683642584,20.9,12.6,99400,1.00,2.00,3.00,3.00,0.0121,0
2023-05-09 10:34:55,1683642895,19.9,13.2,99400,1.00,4.00,7.00,8.00,0.0114,0
2023-05-09 10:39:45,1683643186,18.8,13.8,99400,1.00,2.00,3.00,3.00,0.0185,4.85
2023-05-09 10:44:57,1683643497,18.2,14.4,99400,2.00,6.00,10.0,12.0,0.0252,7.50
2023-05-09 10:49:48,1683643788,17.8,14.4,99400,1.00,4.00,7.00,8.00,0.0430,3.14
2023-05-09 10:54:39,1683644079,17.7,14.8,99400,1.00,4.00,6.00,7.00,0.0430,0
2023-05-09 10:59:51,1683644391,17.6,14.8,99400,1.00,2.00,4.00,4.00,0.0268,0
2023-05-09 11:04:42,1683644682,18.0,15.1,99400,3.00,12.0,19.0,22.0,0.0517,0
2023-05-09 11:09:54,1683644994,18.3,14.7,99400,1.00,4.00,6.00,7.00,0.0932,0
2023-05-09 11:14:44,1683645285,18.2,14.6,99400,1.00,4.00,6.00,8.00,0.0692,0
2023-05-09 11:19:56,1683645597,18.5,14.5,99400,3.00,6.00,9.00,10.0,0.0578,0
2023-05-09 11:24:47,1683645887,19.3,14.4,99400,1.00,2.00,3.00,4.00,0.0331,0
2023-05-09 11:29:58,1683646198,19.8,13.7,99400,29.0,80.0,121,141,0.835,0
2023-05-09 11:34:47,1683646487,20.0,13.5,99400,2.00,6.00,10.0,12.0,0.946,0
2023-05-09 11:39:59,1683646799,19.7,13.0,99400,3.00,6.00,8.00,10.0,0.822,0
2023-05-09 11:44:49,1683647089,19.1,13.7,99400,1.00,4.00,6.00,7.00,0.767,0
2023-05-09 11:49:39,1683647380,19.1,13.9,99400,2.00,4.00,7.00,9.00,0.0323,0
2023-05-09 11:54:50,1683647691,19.4,13.7,99400,1.00,2.00,3.00,3.00,0.0116,0
2023-05-09 11:59:41,1683647981,19.9,12.8,99400,1e-7,2.00,4.00,5.00,0.0305,0
2023-05-09 12:04:51,1683648292,20.3,12.7,99393,1.00,2.00,4.00,5.00,0.0157,0
2023-05-09 12:09:42,1683648582,20.8,12.4,99300,1.00,2.00,4.00,5.00,0.0102,0
2023-05-09 12:14:52,1683648893,21.2,12.6,99300,1.00,2.00,3.00,3.00,0.0105,0
2023-05-09 12:19:42,1683649183,21.2,12.3,99300,22.0,65.0,100,117,0.112,0
2023-05-09 12:24:53,1683649494,21.0,12.6,99313,7.00,20.0,31.0,36.0,0.124,0
2023-05-09 12:29:43,1683649784,21.0,12.5,99314,1.00,4.00,6.00,7.00,0.105,0
2023-05-09 12:34:54,1683650094,21.3,12.6,99300,3.00,9.00,15.0,18.0,0.0616,0
2023-05-09 12:39:43,1683650384,21.6,12.1,99300,1.00,2.00,4.00,4.00,0.0414,0
2023-05-09 12:44:54,1683650694,21.8,11.6,99300,1.00,3.00,5.00,6.00,0.0421,0
2023-05-09 12:49:43,1683650984,21.8,11.8,99300,1.00,4.00,5.00,6.00,0.0384,0
2023-05-09 12:54:54,1683651294,21.8,11.7,99300,5.00,14.0,21.0,25.0,0.0958,0
2023-05-09 12:59:44,1683651584,21.8,11.8,99300,1.00,4.00,6.00,7.00,0.107,0
2023-05-09 13:04:55,1683651895,22.0,11.2,99300,1.00,2.00,4.00,4.00,0.124,0
2023-05-09 13:09:44,1683652185,22.0,11.7,99300,1.00,2.00,4.00,5.00,0.0946,0
2023-05-09 13:14:55,1683652495,22.1,11.4,99300,2.00,6.00,10.0,12.0,0.0102,0
2023-05-09 13:19:44,1683652785,22.1,11.5,99300,1.00,4.00,6.00,7.00,0.0163,0
2023-05-09 13:24:55,1683653095,21.9,11.5,99300,2.00,7.00,11.0,13.0,0.0353,0
2023-05-09 13:29:45,1683653385,21.3,11.5,99300,1.00,2.00,4.00,5.00,0.0111,0
2023-05-09 13:34:55,1683653696,21.2,11.7,99300,2.00,3.00,4.00,5.00,0.0193,0
2023-05-09 13:39:45,1683653985,21.4,12.0,99300,1.00,4.00,6.00,7.00,0.0185,0
2023-05-09 13:44:55,1683654296,21.6,11.7,99300,1.00,4.00,6.00,7.00,0.0141,0
2023-05-09 13:49:45,1683654585,21.6,11.4,99300,4.00,8.00,11.0,13.0,0.0195,0
2023-05-09 13:54:56,1683654896,21.6,11.7,99300,5.00,10.0,15.0,18.0,0.0432,0
2023-05-09 13:59:45,1683655186,21.7,11.6,99300,3.00,8.00,11.0,13.0,0.0242,0
2023-05-09 14:04:56,1683655496,21.7,11.6,99300,1.00,2.00,4.00,5.00,0.0167,0
2023-05-09 14:09:45,1683655786,21.9,11.5,99300,1.00,2.00,4.00,4.00,0.0803,0
2023-05-09 14:14:56,1683656096,22.1,11.5,99300,1.00,2.00,4.00,4.00,0.0485,0
2023-05-09 14:19:45,1683656386,21.9,11.2,99300,2.00,7.00,11.0,13.0,0.0461,0
2023-05-09 14:24:56,1683656697,21.3,11.6,99300,1.00,4.00,6.00,7.00,0.0461,0
2023-05-09 14:29:46,1683656986,21.1,11.7,99300,2.00,6.00,9.00,11.0,0.0252,0
2023-05-09 14:34:57,1683657298,21.2,11.6,99300,21.0,63.0,97.0,113,0.143,0
2023-05-09 14:39:47,1683657588,21.5,11.7,99300,3.00,8.00,12.0,14.0,0.488,0
2023-05-09 14:44:39,1683657880,21.7,11.4,99300,1.00,2.00,4.00,5.00,0.487,0
2023-05-09 14:49:50,1683658190,21.7,11.4,99300,1.00,4.00,7.00,9.00,0.476,0
2023-05-09 14:54:39,1683658480,21.8,11.4,99300,1.00,5.00,7.00,9.00,0.0513,0
2023-05-09 14:59:50,1683658791,21.7,11.3,99300,1.00,5.00,7.00,9.00,0.0176,0
2023-05-09 15:04:41,1683659081,21.7,11.4,99300,1.00,5.00,8.00,9.00,0.0193,0
2023-05-09 15:09:51,1683659391,21.8,11.4,99300,1.00,3.00,4.00,5.00,0.0133,0
2023-05-09 15:14:41,1683659682,22.0,11.6,99300,1.00,4.00,7.00,8.00,0.0102,0
2023-05-09 15:19:52,1683659993,22.3,11.4,99300,1.00,2.00,4.00,4.00,0.0164,0
2023-05-09 15:24:42,1683660283,22.5,11.2,99300,1.00,3.00,5.00,6.00,0.0191,0
2023-05-09 15:29:53,1683660593,22.3,10.9,99300,1.00,4.00,6.00,8.00,0.0136,0
2023-05-09 15:34:43,1683660884,21.9,10.8,99300,1.00,5.00,8.00,9.00,0.0242,0
2023-05-09 15:39:54,1683661194,21.5,10.8,99300,1.00,4.00,7.00,8.00,0.0238,0
2023-05-09 15:44:44,1683661485,21.3,10.9,99300,1.00,2.00,4.00,5.00,0.0153,0
2023-05-09 15:49:55,1683661795,21.3,11.5,99300,2.00,5.00,7.00,9.00,0.0153,0
2023-05-09 15:54:45,1683662086,21.3,11.3,99300,1.00,2.00,4.00,4.00,0.0198,0
2023-05-09 15:59:56,1683662397,21.3,11.0,99300,1.00,4.00,7.00,8.00,0.0202,0
2023-05-09 16:04:46,1683662687,21.1,11.2,99300,1.00,4.00,6.00,7.00,0.0259,0
2023-05-09 16:09:57,1683662998,21.1,11.2,99300,2.00,6.00,9.00,10.0,0.0265,0
2023-05-09 16:14:48,1683663288,21.1,11.1,99300,1.00,2.00,3.00,4.00,0.0165,0
2023-05-09 16:19:59,1683663599,21.1,11.1,99300,2.00,5.00,8.00,9.00,0.0181,0
2023-05-09 16:24:49,1683663890,21.1,10.9,99300,1.00,4.00,6.00,7.00,0.0325,0
2023-05-09 16:29:39,1683664180,21.1,10.9,99300,2.00,2.00,4.00,4.00,0.0292,0
2023-05-09 16:34:51,1683664491,20.9,10.8,99300,2.00,3.00,4.00,5.00,0.0238,0
2023-05-09 16:39:41,1683664782,20.7,11.0,99300,2.00,4.00,6.00,6.00,0.0175,0
2023-05-09 16:44:52,1683665093,20.6,11.1,99300,2.00,5.00,8.00,9.00,0.0125,0
2023-05-09 16:49:43,1683665383,20.5,11.0,99300,2.00,7.00,11.0,13.0,0.0231,0
2023-05-09 16:54:54,1683665695,20.4,11.2,99300,1.00,5.00,8.00,10.0,0.0231,0
2023-05-09 16:59:44,1683665985,20.4,11.0,99300,1.00,2.00,3.00,4.00,0.0219,0
2023-05-09 17:04:55,1683666296,20.3,11.0,99300,2.00,4.00,6.00,6.00,0.0159,0
2023-05-09 17:09:46,1683666587,20.2,11.3,99300,2.00,4.00,6.00,7.00,0.0202,0
2023-05-09 17:14:57,1683666898,20.2,11.4,99280,1.00,5.00,7.00,8.00,0.0217,0
2023-05-09 17:19:48,1683667188,20.1,11.4,99271,1.00,4.00,6.00,7.00,0.0215,0
2023-05-09 17:24:59,1683667499,20.0,11.4,99300,1.00,2.00,4.00,5.00,0.0208,0
2023-05-09 17:29:49,1683667790,19.9,11.5,99300,2.00,5.00,8.00,9.00,0.0103,0
2023-05-09 17:34:40,1683668080,19.8,11.9,99300,1.00,2.00,4.00,5.00,0.00910,0
2023-05-09 17:39:51,1683668392,19.8,11.8,99300,1.00,4.00,7.00,9.00,0.0122,0
2023-05-09 17:44:42,1683668683,19.8,11.6,99300,21.0,57.0,87.0,101,0.259,0
2023-05-09 17:49:55,1683668995,19.8,11.6,99300,3.00,9.00,13.0,16.0,0.284,0
2023-05-09 17:54:45,1683669286,19.7,11.6,99300,4.00,13.0,19.0,23.0,0.284,0
2023-05-09 17:59:57,1683669597,19.5,11.8,99300,2.00,7.00,11.0,13.0,0.208,0
2023-05-09 18:04:47,1683669888,19.4,11.8,99300,2.00,5.00,8.00,10.0,0.0370,0
2023-05-09 18:09:59,1683670200,19.2,12.0,99300,2.00,3.00,4.00,5.00,0.0319,0
2023-05-09 18:14:50,1683670490,19.2,11.8,99300,2.00,6.00,9.00,11.0,0.0277,0
2023-05-09 18:19:41,1683670781,19.0,12.0,99286,1.00,2.00,3.00,3.00,0.0136,0
2023-05-09 18:24:53,1683671093,18.9,12.0,99300,1.00,2.00,4.00,5.00,0.0189,0
2023-05-09 18:29:44,1683671384,18.8,12.0,99300,4.00,11.0,16.0,19.0,0.0540,0
2023-05-09 18:34:55,1683671696,18.7,12.0,99300,2.00,5.00,8.00,10.0,0.0540,0
2023-05-09 18:39:46,1683671987,18.6,12.1,99300,2.00,8.00,12.0,14.0,0.0407,0
2023-05-09 18:44:58,1683672299,18.5,12.1,99300,1.00,3.00,6.00,7.00,0.0352,0
2023-05-09 18:49:50,1683672590,18.3,12.0,99300,3.00,5.00,6.00,7.00,0.0272,0
2023-05-09 18:54:41,1683672881,18.2,12.2,99300,2.00,2.00,3.00,3.00,0.0225,0
2023-05-09 18:59:52,1683673193,18.1,12.3,99300,1.00,3.00,5.00,6.00,0.0198,0
2023-05-09 19:04:43,1683673484,17.9,12.2,99300,2.00,4.00,6.00,6.00,0.0134,0
2023-05-09 19:09:55,1683673795,17.7,12.4,99300,1.00,4.00,7.00,8.00,0.0153,0
2023-05-09 19:14:46,1683674087,17.6,12.5,99300,2.00,4.00,6.00,7.00,0.0256,0
2023-05-09 19:19:58,1683674399,17.4,12.5,99300,1.00,4.00,5.00,6.00,0.0173,0
2023-05-09 19:24:49,1683674690,17.2,12.6,99300,1.00,5.00,7.00,9.00,0.0142,0
2023-05-09 19:29:40,1683674981,17.0,12.8,99300,2.00,6.00,9.00,11.0,0.0130,0
2023-05-09 19:34:53,1683675293,16.8,12.8,99300,1.00,4.00,7.00,8.00,0.0144,0
2023-05-09 19:39:44,1683675585,16.6,12.9,99300,2.00,8.00,13.0,15.0,0.0144,0
2023-05-09 19:44:57,1683675897,16.4,13.1,99300,1.00,2.00,4.00,4.00,0.0131,0
2023-05-09 19:49:48,1683676189,16.2,13.1,99300,1.00,4.00,7.00,8.00,0.0388,0
2023-05-09 19:54:40,1683676481,16.0,13.3,99300,1.00,4.00,6.00,7.00,0.0207,0
2023-05-09 19:59:52,1683676793,15.8,13.6,99300,2.00,7.00,12.0,14.0,0.0190,0
2023-05-09 20:04:43,1683677084,15.5,13.7,99300,2.00,6.00,9.00,11.0,0.0208,0
2023-05-09 20:09:56,1683677397,15.2,14.0,99300,2.00,8.00,13.0,15.0,0.0218,0
2023-05-09 20:14:49,1683677689,14.9,14.3,99300,1.00,5.00,7.00,9.00,0.0218,0
2023-05-09 20:19:41,1683677981,14.6,14.9,99300,1.00,2.00,4.00,5.00,0.0208,0
2023-05-09 20:24:53,1683678294,14.3,15.8,99300,2.00,3.00,5.00,6.00,0.0214,0
2023-05-09 20:29:46,1683678586,13.9,16.8,99300,1.00,4.00,7.00,8.00,0.0148,0
2023-05-09 20:34:59,1683678899,13.5,17.4,99300,2.00,2.00,4.00,4.00,0.0153,0
2023-05-09 20:39:51,1683679192,13.0,18.2,99329,1.00,2.00,4.00,5.00,0.0284,0
2023-05-09 20:44:43,1683679484,12.7,18.8,99400,2.00,4.00,5.00,6.00,0.0300,0
2023-05-09 20:49:56,1683679797,12.3,20.6,99400,1.00,3.00,4.00,5.00,0.0166,0
2023-05-09 20:54:49,1683680089,11.9,19.5,99400,2.00,4.00,6.00,7.00,0.0133,0
2023-05-09 20:59:41,1683680382,11.6,19.8,99400,1.00,5.00,8.00,9.00,0.0157,0
2023-05-09 21:04:55,1683680695,11.2,20.4,99400,1.00,3.00,4.00,4.00,0.0197,0
2023-05-09 21:09:47,1683680988,10.9,20.8,99400,1.00,4.00,6.00,7.00,0.0138,0
2023-05-09 21:14:40,1683681281,10.6,21.8,99400,2.00,4.00,6.00,7.00,0.0255,0
2023-05-09 21:19:54,1683681594,10.3,22.1,99400,2.00,5.00,8.00,9.00,0.0245,0
2023-05-09 21:24:47,1683681888,10.0,22.0,99400,1.00,4.00,6.00,7.00,0.0161,0
2023-05-09 21:29:41,1683682182,9.77,22.7,99400,2.00,6.00,10.0,12.0,0.0161,0
2023-05-09 21:34:56,1683682497,9.47,24.1,99400,1.00,2.00,3.00,4.00,0.0237,0
2023-05-09 21:39:49,1683682790,9.22,23.7,99400,1.00,2.00,4.00,4.00,0.0308,0
2023-05-09 21:44:42,1683683083,8.98,23.2,99400,1.00,2.00,4.00,4.00,0.0342,0
2023-05-09 21:49:57,1683683397,8.74,24.0,99400,1.00,4.00,6.00,7.00,0.0102,0
2023-05-09 21:54:50,1683683691,8.51,24.2,99400,2.00,4.00,5.00,6.00,0.0142,0
2023-05-09 21:59:44,1683683985,8.29,25.0,99400,2.00,4.00,7.00,8.00,0.0138,0
2023-05-09 22:04:59,1683684300,8.06,25.8,99400,2.00,5.00,9.00,10.0,0.0467,0
2023-05-09 22:09:53,1683684594,7.84,26.5,99400,1.00,4.00,6.00,7.00,0.0467,0
2023-05-09 22:14:47,1683684888,7.62,27.0,99400,2.00,4.00,7.00,8.00,0.0323,0
2023-05-09 22:19:41,1683685182,7.43,27.5,99400,2.00,6.00,9.00,10.0,0.0226,0
2023-05-09 22:24:56,1683685497,7.25,28.2,99400,2.00,2.00,4.00,4.00,0.0285,0
2023-05-09 22:29:50,1683685791,7.04,28.7,99400,2.00,4.00,6.00,7.00,0.0293,0
2023-05-09 22:34:44,1683686085,6.85,28.9,99400,1.00,4.00,7.00,8.00,0.0130,0
2023-05-09 22:39:39,1683686379,6.68,28.9,99400,1.00,2.00,3.00,4.00,0.0115,0
2023-05-09 22:44:54,1683686695,6.53,28.7,99400,1.00,2.00,4.00,4.00,0.00974,0
2023-05-09 22:49:49,1683686989,6.38,28.5,99400,3.00,11.0,17.0,20.0,0.0145,0
2023-05-09 22:54:43,1683687283,6.24,29.0,99400,1.00,2.00,3.00,4.00,0.0290,0
2023-05-09 22:59:59,1683687599,6.10,29.1,99400,1.00,4.00,5.00,6.00,0.0359,0
2023-05-09 23:04:52,1683687893,5.96,29.5,99400,2.00,3.00,6.00,7.00,0.0447,0
2023-05-09 23:09:46,1683688187,5.84,29.8,99400,2.00,7.00,11.0,13.0,0.0594,0
2023-05-09 23:14:41,1683688481,5.75,29.5,99400,1.00,5.00,7.00,9.00,0.0594,0
2023-05-09 23:19:56,1683688797,5.72,29.5,99400,2.00,6.00,10.0,12.0,0.0292,0
2023-05-09 23:24:51,1683689091,5.72,29.3,99400,2.00,4.00,6.00,7.00,0.0223,0
2023-05-09 23:29:45,1683689386,5.71,29.6,99400,1.00,4.00,6.00,7.00,0.0127,0
2023-05-09 23:34:39,1683689679,5.67,30.3,99400,1.00,5.00,7.00,9.00,0.0172,0
2023-05-09 23:39:54,1683689994,5.59,30.4,99400,3.00,10.0,16.0,18.0,0.0264,0
2023-05-09 23:44:47,1683690288,5.51,30.6,99400,2.00,8.00,12.0,14.0,0.0723,0
2023-05-09 23:49:42,1683690583,5.44,30.8,99400,2.00,6.00,9.00,11.0,0.0528,0
2023-05-09 23:54:58,1683690898,5.37,30.6,99413,1.00,4.00,7.00,8.00,0.0496,0
2023-05-09 23:59:52,1683691193,5.37,30.6,99400,2.00,5.00,7.00,9.00,0.0186,0
2023-05-10 00:04:46,1683691486,5.41,30.9,99400,2.00,4.00,6.00,8.00,0.0168,0
2023-05-10 00:09:40,1683691780,5.39,30.9,99400,2.00,4.00,7.00,8.00,0.0233,0
2023-05-10 00:14:56,1683692096,5.32,31.2,99400,2.00,7.00,11.0,12.0,0.0163,0
2023-05-10 00:19:50,1683692391,5.24,31.6,99400,2.00,5.00,8.00,9.00,0.0111,0
2023-05-10 00:24:45,1683692685,5.18,31.9,99400,2.00,5.00,8.00,10.0,0.0187,0
2023-05-10 00:29:59,1683693000,5.15,32.2,99400,2.00,6.00,9.00,10.0,0.0149,0
2023-05-10 00:34:53,1683693293,5.13,32.2,99443,2.00,3.00,5.00,5.00,0.0106,0
2023-05-10 00:39:47,1683693587,5.16,31.9,99400,1.00,3.00,4.00,5.00,0.0111,0
2023-05-10 00:44:40,1683693881,5.18,31.5,99400,1.00,2.00,4.00,4.00,0.0132,0
2023-05-10 00:49:56,1683694196,5.19,30.5,99400,3.00,8.00,12.0,14.0,0.0185,0
2023-05-10 00:54:51,1683694491,5.19,30.3,99400,2.00,7.00,12.0,14.0,0.0211,0
2023-05-10 00:59:45,1683694785,5.19,30.5,99400,2.00,6.00,9.00,11.0,0.0250,0
2023-05-10 01:04:40,1683695080,5.17,31.4,99400,1.00,4.00,7.00,8.00,0.0250,0
2023-05-10 01:09:55,1683695396,5.11,31.3,99400,1.00,5.00,8.00,10.0,0.0285,0
2023-05-10 01:14:50,1683695691,5.06,31.0,99400,1.00,4.00,6.00,7.00,0.0214,0
2023-05-10 01:19:44,1683695985,5.05,30.7,99400,2.00,4.00,6.00,7.00,0.0200,0
2023-05-10 01:24:59,1683696299,5.05,30.9,99400,4.00,5.00,7.00,9.00,0.0178,0
2023-05-10 01:29:52,1683696592,5.05,31.5,99400,2.00,6.00,8.00,10.0,0.0116,0
2023-05-10 01:34:46,1683696886,5.06,31.8,99400,2.00,6.00,9.00,10.0,0.0138,0
2023-05-10 01:39:40,1683697181,5.06,31.9,99400,1.00,2.00,4.00,4.00,0.0351,0
2023-05-10 01:44:56,1683697497,5.16,32.1,99400,2.00,6.00,9.00,11.0,0.0351,0
2023-05-10 01:49:51,1683697791,5.31,32.0,99400,2.00,4.00,5.00,6.00,0.0141,0
2023-05-10 01:54:45,1683698086,5.50,32.1,99400,1.00,4.00,6.00,7.00,0.0141,0
2023-05-10 01:59:40,1683698381,5.73,32.2,99400,2.00,5.00,7.00,9.00,0.0155,0
2023-05-10 02:04:56,1683698697,5.98,31.8,99400,2.00,2.00,4.00,5.00,0.0129,0
2023-05-10 02:09:51,1683698991,6.20,31.5,99400,2.00,3.00,4.00,5.00,0.0129,0
2023-05-10 02:14:45,1683699286,6.35,30.4,99400,2.00,3.00,5.00,5.00,0.0102,0
2023-05-10 02:19:59,1683699600,6.44,30.3,99400,2.00,3.00,4.00,4.00,0.0105,0
2023-05-10 02:24:53,1683699893,6.49,29.8,99400,3.00,5.00,6.00,7.00,0.0107,0
2023-05-10 02:29:47,1683700187,6.49,29.5,99400,1.00,4.00,6.00,7.00,0.0125,0
2023-05-10 02:34:40,1683700481,6.45,29.4,99400,1.00,4.00,7.00,8.00,0.0120,0
2023-05-10 02:39:55,1683700796,6.35,29.1,99400,2.00,5.00,7.00,8.00,0.0110,0
2023-05-10 02:44:50,1683701090,6.24,29.2,99400,1.00,4.00,6.00,8.00,0.0117,0
2023-05-10 02:49:45,1683701385,6.16,29.5,99400,1.00,2.00,4.00,5.00,0.0135,0
2023-05-10 02:54:39,1683701680,6.11,30.1,99400,3.00,4.00,7.00,8.00,0.0157,0
2023-05-10 02:59:54,1683701995,6.09,30.6,99400,2.00,5.00,7.00,8.00,0.0187,0
2023-05-10 03:04:49,1683702289,6.10,30.8,99400,2.00,4.00,6.00,7.00,0.0187,0
2023-05-10 03:09:42,1683702583,6.14,30.7,99400,1.00,4.00,6.00,7.00,0.0148,0
2023-05-10 03:14:58,1683702898,6.23,30.7,99400,2.00,5.00,9.00,10.0,0.0109,0
2023-05-10 03:19:51,1683703191,6.36,30.7,99400,1.00,2.00,4.00,5.00,0.0270,0
2023-05-10 03:24:44,1683703484,6.49,30.8,99400,2.00,5.00,7.00,8.00,0.0229,0
2023-05-10 03:29:59,1683703799,6.58,30.6,99400,2.00,4.00,7.00,9.00,0.0168,0
2023-05-10 03:34:53,1683704094,6.61,30.4,99400,2.00,4.00,7.00,8.00,0.0153,0
2023-05-10 03:39:48,1683704388,6.58,30.2,99400,2.00,5.00,8.00,9.00,0.0142,0
2023-05-10 03:44:42,1683704683,6.51,30.2,99400,2.00,4.00,5.00,6.00,0.0142,0
2023-05-10 03:49:57,1683704998,6.38,29.9,99400,3.00,9.00,15.0,17.0,0.0213,0
2023-05-10 03:54:51,1683705291,6.24,29.7,99400,1.00,5.00,8.00,9.00,0.0255,0
2023-05-10 03:59:46,1683705586,6.16,29.8,99400,1.00,4.00,6.00,7.00,0.0249,0
2023-05-10 04:04:40,1683705881,6.09,30.2,99400,2.00,4.00,6.00,7.00,0.0130,0
2023-05-10 04:09:56,1683706196,5.99,30.2,99400,1.00,2.00,4.00,5.00,0.0220,0
2023-05-10 04:14:51,1683706491,5.91,29.9,99400,1.00,4.00,7.00,9.00,0.0174,0
2023-05-10 04:19:44,1683706785,5.84,29.8,99400,2.00,6.00,10.0,12.0,0.0127,0
2023-05-10 04:24:39,1683707080,5.76,30.2,99400,1.00,2.00,4.00,5.00,0.0123,0
2023-05-10 04:29:55,1683707395,5.66,30.7,99400,1.00,2.00,3.00,3.00,0.0158,0
2023-05-10 04:34:48,1683707689,5.57,31.0,99400,1.00,2.00,4.00,4.00,0.0161,0
2023-05-10 04:39:43,1683707983,5.48,30.8,99400,1.00,2.00,3.00,4.00,0.0101,0
2023-05-10 04:44:17,1683708257,5.41,31.4,99400,3.00,7.00,10.0,12.0,0.00995,0
2023-05-10 16:29:58,1683750598,28.3,10.4,98800,2.00,3.00,4.00,5.00,,
2023-05-10 16:33:44,1683750824,28.3,10.2,98800,4.00,10.0,16.0,18.0,,
2023-05-10 19:24:50,1683761091,24.3,12.8,98900,4.00,4.00,6.00,6.00,,
2023-05-10 19:29:39,1683761380,24.2,13.0,98900,2.00,4.00,6.00,7.00,0.0482,0
2023-05-10 19:34:49,1683761690,24.0,13.1,98900,3.00,9.00,14.0,17.0,0.0286,0
2023-05-10 19:39:39,1683761979,23.8,13.4,98900,2.00,3.00,3.00,4.00,0.0149,0
2023-05-10 19:44:49,1683762290,23.6,13.5,98900,2.00,3.00,6.00,7.00,0.0326,0
2023-05-10 19:49:39,1683762580,23.4,13.7,98900,3.00,5.00,7.00,8.00,0.0160,0
2023-05-10 19:54:50,1683762890,23.2,14.0,98900,2.00,4.00,6.00,7.00,0.0144,0
2023-05-10 19:59:40,1683763180,23.0,14.2,98900,3.00,4.00,5.00,6.00,0.0134,0
2023-05-10 20:04:50,1683763490,22.8,14.4,98900,3.00,6.00,9.00,10.0,0.0193,0
2023-05-10 20:09:40,1683763780,22.5,14.7,98900,2.00,6.00,9.00,10.0,0.0157,0
2023-05-10 20:14:50,1683764091,22.3,14.9,98900,2.00,4.00,7.00,8.00,0.0250,0
2023-05-10 20:19:40,1683764381,22.2,14.9,98900,4.00,9.00,13.0,15.0,0.0231,0
2023-05-10 20:24:51,1683764691,22.0,15.0,98900,3.00,3.00,3.00,3.00,0.0394,0
2023-05-10 20:29:41,1683764981,21.9,15.4,98900,2.00,4.00,7.00,8.00,0.0485,0
2023-05-10 20:34:52,1683765292,21.7,16.0,98900,3.00,5.00,6.00,7.00,0.0319,0
2023-05-10 20:39:42,1683765583,21.4,16.3,98929,2.00,3.00,4.00,4.00,0.0319,0
2023-05-10 20:44:53,1683765893,21.0,16.3,99000,3.00,4.00,5.00,6.00,0.0120,0
2023-05-10 20:49:43,1683766183,20.6,17.0,99000,2.00,6.00,9.00,11.0,0.0120,0
2023-05-10 20:54:54,1683766494,20.2,18.0,99000,3.00,5.00,8.00,9.00,0.0108,0
2023-05-10 20:59:44,1683766785,19.7,18.9,99000,2.00,2.00,2.00,3.00,0.0329,0
2023-05-10 21:04:56,1683767097,19.2,19.5,99000,2.00,5.00,8.00,9.00,0.0330,0
2023-05-10 21:09:47,1683767388,18.7,19.9,99000,2.00,4.00,6.00,7.00,0.0224,0
2023-05-10 21:14:58,1683767699,18.3,20.6,99000,3.00,5.00,7.00,8.00,0.0224,0
2023-05-10 21:19:49,1683767990,18.0,21.1,99000,3.00,4.00,5.00,6.00,0.0144,0
2023-05-10 21:24:40,1683768281,17.6,22.1,99000,2.00,3.00,4.00,5.00,0.0153,0
2023-05-10 21:29:53,1683768593,17.2,22.7,99000,1.00,3.00,4.00,5.00,0.0169,0
2023-05-10 21:34:44,1683768885,16.8,23.3,99000,2.00,5.00,8.00,9.00,0.0125,0
2023-05-10 21:39:56,1683769197,16.5,24.0,99000,4.00,5.00,8.00,9.00,0.0191,0
2023-05-10 21:44:47,1683769488,16.2,23.5,99000,2.00,4.00,6.00,7.00,0.0107,0
2023-05-10 21:49:39,1683769779,15.9,23.9,99000,2.00,3.00,4.00,4.00,0.0142,0
2023-05-10 21:54:52,1683770093,15.6,25.0,99000,2.00,4.00,5.00,5.00,0.0130,0
2023-05-10 21:59:44,1683770384,15.4,26.5,99000,3.00,4.00,6.00,6.00,0.0110,0
2023-05-10 22:04:57,1683770697,15.1,25.3,99000,3.00,4.00,4.00,5.00,0.0186,0
2023-05-10 22:09:49,1683770989,14.9,25.5,99000,2.00,4.00,7.00,8.00,0.0107,0
2023-05-10 22:14:41,1683771282,14.7,26.1,99000,2.00,4.00,6.00,7.00,0.0116,0
2023-05-10 22:19:53,1683771594,14.6,26.7,99000,2.00,3.00,3.00,4.00,0.0206,0
2023-05-10 22:24:45,1683771886,14.4,27.4,99000,2.00,2.00,3.00,3.00,0.0159,0
2023-05-10 22:29:59,1683772199,14.2,28.7,99000,2.00,3.00,4.00,4.00,0.0100,0
2023-05-10 22:34:51,1683772491,14.0,29.5,99000,2.00,3.00,4.00,4.00,0.0101,0
2023-05-10 22:39:42,1683772783,13.8,29.8,99000,2.00,4.00,6.00,7.00,0.0141,0
2023-05-10 22:44:55,1683773096,13.6,30.6,99000,4.00,12.0,19.0,22.0,0.0388,0
2023-05-10 22:49:48,1683773388,13.3,30.9,99000,1.00,3.00,6.00,7.00,0.0388,0
2023-05-10 22:54:39,1683773680,13.1,31.1,99000,2.00,3.00,5.00,6.00,0.0658,0
2023-05-10 22:59:53,1683773993,12.9,31.3,99093,2.00,5.00,9.00,10.0,0.0658,0
2023-05-10 23:04:45,1683774285,12.7,31.3,99100,3.00,7.00,10.0,11.0,0.0485,0
2023-05-10 23:09:58,1683774598,12.6,31.0,99100,3.00,8.00,11.0,13.0,0.0485,0
2023-05-10 23:14:51,1683774891,12.4,30.7,99100,3.00,6.00,8.00,9.00,0.0351,0
2023-05-10 23:19:44,1683775185,12.3,30.9,99100,2.00,2.00,3.00,4.00,0.0365,0
2023-05-10 23:24:57,1683775498,12.1,31.0,99100,2.00,6.00,9.00,10.0,0.0287,0
2023-05-10 23:29:50,1683775790,12.0,31.7,99100,2.00,4.00,6.00,7.00,0.0377,0
2023-05-10 23:34:42,1683776082,11.9,32.1,99100,2.00,6.00,10.0,11.0,0.0233,0
2023-05-10 23:39:55,1683776396,11.7,32.3,99100,2.00,4.00,5.00,6.00,0.0154,0
2023-05-10 23:44:47,1683776688,11.6,32.3,99100,1.00,2.00,3.00,4.00,0.0179,0
2023-05-10 23:49:41,1683776981,11.5,32.4,99100,4.00,8.00,12.0,14.0,0.0226,0
2023-05-10 23:54:55,1683777295,11.4,32.4,99093,2.00,5.00,7.00,8.00,0.0466,0
2023-05-10 23:59:48,1683777588,11.4,32.6,99100,2.00,4.00,6.00,7.00,0.0163,0
2023-05-11 00:04:41,1683777881,11.3,32.8,99100,2.00,4.00,7.00,8.00,0.0356,0
2023-05-11 00:09:55,1683778195,11.3,33.2,99100,2.00,5.00,8.00,10.0,0.0161,0
2023-05-11 00:14:47,1683778488,11.2,33.3,99100,2.00,4.00,6.00,7.00,0.0259,0
2023-05-11 00:19:40,1683778780,11.1,33.3,99100,2.00,4.00,7.00,8.00,0.0259,0
2023-05-11 00:24:54,1683779095,11.1,33.3,99100,3.00,7.00,11.0,13.0,0.0304,0
2023-05-11 00:29:47,1683779388,11.2,33.0,99100,4.00,4.00,6.00,7.00,0.0371,0
2023-05-11 00:34:40,1683779680,11.3,32.9,99100,4.00,9.00,14.0,16.0,0.0364,0
2023-05-11 00:39:54,1683779994,11.4,32.9,99100,3.00,8.00,12.0,14.0,0.0320,0
2023-05-11 00:44:47,1683780287,11.4,33.0,99100,2.00,5.00,7.00,8.00,0.0138,0
2023-05-11 00:49:40,1683780580,11.3,33.0,99100,3.00,4.00,4.00,4.00,0.0165,0
2023-05-11 00:54:53,1683780894,11.2,33.3,99100,2.00,4.00,6.00,7.00,0.00967,0
2023-05-11 00:59:46,1683781186,11.2,33.6,99100,2.00,6.00,8.00,10.0,0.00959,0
2023-05-11 01:04:59,1683781500,11.1,33.9,99100,2.00,2.00,3.00,4.00,0.0103,0
2023-05-11 01:09:52,1683781792,11.1,33.9,99100,3.00,7.00,10.0,11.0,0.0140,0
2023-05-11 01:14:45,1683782085,11.1,33.7,99100,3.00,5.00,8.00,10.0,0.0559,0
2023-05-11 01:19:59,1683782399,11.0,33.9,99100,2.00,7.00,10.0,12.0,0.0265,0
2023-05-11 01:24:51,1683782692,10.9,34.4,99100,2.00,2.00,3.00,4.00,0.0265,0
2023-05-11 01:29:45,1683782985,10.8,34.2,99100,4.00,12.0,19.0,22.0,0.0184,0
2023-05-11 01:34:59,1683783299,10.7,34.5,99100,2.00,6.00,9.00,11.0,0.0466,0
2023-05-11 01:39:53,1683783593,10.7,35.4,99100,3.00,5.00,7.00,8.00,0.0477,0
2023-05-11 01:44:45,1683783886,10.7,35.5,99100,2.00,4.00,5.00,6.00,0.0370,0
2023-05-11 01:49:39,1683784179,10.7,34.5,99100,3.00,4.00,5.00,6.00,0.0152,0
2023-05-11 01:54:53,1683784493,10.6,34.2,99100,1.00,4.00,6.00,7.00,0.0168,0
2023-05-11 01:59:45,1683784786,10.5,34.1,99100,3.00,9.00,15.0,17.0,0.0113,0
2023-05-11 02:04:39,1683785080,10.4,34.3,99100,3.00,5.00,7.00,8.00,0.0135,0
2023-05-11 02:09:54,1683785395,10.3,35.1,99100,2.00,6.00,9.00,10.0,0.0430,0
2023-05-11 02:14:48,1683785688,10.2,35.5,99100,3.00,6.00,8.00,10.0,0.0479,0
2023-05-11 02:19:42,1683785982,10.1,35.6,99100,2.00,4.00,6.00,7.00,0.0479,0
2023-05-11 02:24:57,1683786297,9.97,36.2,99100,2.00,6.00,9.00,10.0,0.0344,0
2023-05-11 02:29:51,1683786591,9.75,36.4,99100,2.00,5.00,8.00,9.00,0.0262,0
2023-05-11 02:34:44,1683786884,9.52,36.8,99100,3.00,4.00,6.00,6.00,0.0262,0
2023-05-11 02:39:58,1683787198,9.32,36.9,99100,3.00,10.0,15.0,18.0,0.0221,0
2023-05-11 02:44:52,1683787492,9.14,37.0,99100,2.00,4.00,6.00,7.00,0.0195,0
2023-05-11 02:49:45,1683787786,9.01,37.6,99100,3.00,7.00,11.0,12.0,0.0282,0
2023-05-11 02:54:59,1683788100,8.86,38.0,99100,2.00,6.00,9.00,11.0,0.0300,0
2023-05-11 02:59:53,1683788393,8.70,38.0,99100,2.00,2.00,3.00,3.00,0.0180,0
2023-05-11 03:04:47,1683788687,8.57,37.9,99100,3.00,4.00,6.00,7.00,0.0198,0
2023-05-11 03:09:41,1683788981,8.47,37.9,99100,2.00,4.00,6.00,7.00,0.0124,0
2023-05-11 03:14:55,1683789296,8.42,38.5,99100,2.00,2.00,3.00,4.00,0.0136,0
2023-05-11 03:19:49,1683789589,8.40,39.1,99100,2.00,7.00,10.0,12.0,0.0131,0
2023-05-11 03:24:42,1683789883,8.43,39.2,99100,2.00,4.00,6.00,7.00,0.00971,0
2023-05-11 03:29:57,1683790197,8.47,39.4,99100,4.00,6.00,8.00,9.00,0.0184,0
2023-05-11 03:34:50,1683790491,8.53,39.8,99100,2.00,4.00,6.00,7.00,0.0309,0
2023-05-11 03:39:44,1683790784,8.61,40.0,99100,3.00,3.00,4.00,5.00,0.0270,0
2023-05-11 03:44:57,1683791098,8.75,39.7,99100,2.00,3.00,5.00,5.00,0.0270,0
2023-05-11 03:49:50,1683791391,8.88,39.5,99100,3.00,4.00,5.00,6.00,0.0107,0
2023-05-11 03:54:44,1683791685,8.98,38.8,99100,2.00,3.00,5.00,6.00,0.0114,0
2023-05-11 03:59:59,1683791999,9.08,38.8,99100,2.00,3.00,4.00,5.00,0.0119,0
2023-05-11 04:04:52,1683792292,9.14,38.8,99100,3.00,7.00,10.0,11.0,0.0230,0
2023-05-11 04:09:46,1683792586,9.18,38.8,99100,2.00,4.00,6.00,7.00,0.0215,0
2023-05-11 04:14:39,1683792880,9.17,38.6,99100,2.00,3.00,3.00,4.00,0.0192,0
2023-05-11 04:19:54,1683793194,9.17,38.1,99100,4.00,10.0,15.0,18.0,0.0210,0
2023-05-11 04:24:46,1683793487,9.17,37.8,99100,3.00,4.00,4.00,4.00,0.0379,0
2023-05-11 04:29:39,1683793780,9.14,37.8,99100,2.00,3.00,5.00,5.00,0.0453,0
2023-05-11 04:34:54,1683794094,9.09,37.8,99100,3.00,5.00,8.00,9.00,0.0431,0
2023-05-11 04:39:47,1683794388,9.04,37.9,99100,2.00,3.00,4.00,4.00,0.0174,0
2023-05-11 04:44:40,1683794680,9.02,38.2,99100,3.00,4.00,5.00,6.00,0.0178,0
2023-05-11 04:49:53,1683794994,9.00,39.2,99100,3.00,3.00,3.00,3.00,0.0178,0
2023-05-11 04:54:46,1683795287,8.97,39.4,99100,1.00,3.00,5.00,6.00,0.0118,0
2023-05-11 04:59:40,1683795581,8.91,39.1,99100,5.00,11.0,16.0,19.0,0.0383,0
2023-05-11 05:04:55,1683795896,8.83,38.6,99100,2.00,4.00,6.00,8.00,0.0395,0
2023-05-11 05:09:49,1683796190,8.75,38.9,99100,2.00,2.00,4.00,4.00,0.0380,0
2023-05-11 05:14:42,1683796483,8.68,39.4,99100,5.00,9.00,12.0,13.0,0.0380,0
2023-05-11 05:19:57,1683796797,8.64,39.6,99100,4.00,7.00,10.0,11.0,0.0319,0
2023-05-11 05:24:49,1683797090,8.66,39.8,99100,1.00,3.00,5.00,6.00,0.0327,0
2023-05-11 05:29:43,1683797384,8.67,39.5,99100,3.00,5.00,7.00,8.00,0.0583,0
2023-05-11 05:34:57,1683797698,8.65,39.2,99153,2.00,6.00,8.00,10.0,0.0253,0
2023-05-11 05:36:21,1683797782,8.63,39.0,99200,2.00,6.00,9.00,10.0,0.0215,0
2023-05-11 16:24:54,1683836694,30.0,11.0,99000,3.00,5.00,7.00,8.00,,
2023-05-11 16:29:42,1683836982,30.0,11.1,99000,3.00,7.00,11.0,13.0,,
2023-05-11 16:32:46,1683837167,30.1,10.9,99000,3.00,5.00,5.00,6.00,,
2023-05-11 16:39:47,1683837587,29.9,11.4,99000,2.00,4.00,5.00,6.00,0.0108,0
2023-05-11 16:44:55,1683837895,29.8,11.1,99000,2.00,5.00,7.00,8.00,0.0253,0
2023-05-11 16:49:43,1683838183,29.7,11.1,99000,3.00,7.00,9.00,11.0,0.0201,0
2023-05-11 16:54:51,1683838492,29.6,11.2,99000,5.00,6.00,9.00,10.0,0.0128,0
2023-05-11 16:59:39,1683838779,29.6,11.2,99000,4.00,6.00,9.00,10.0,0.0172,0
2023-05-11 17:04:48,1683839088,29.5,11.3,99000,3.00,4.00,5.00,6.00,0.0148,0
2023-05-11 17:09:56,1683839397,29.5,11.5,99000,2.00,5.00,7.00,8.00,0.0206,0
2023-05-11 17:14:44,1683839685,29.5,11.5,99000,3.00,3.00,5.00,5.00,0.0153,0
2023-05-11 17:19:53,1683839993,29.5,11.4,99000,2.00,4.00,5.00,5.00,0.0105,0
2023-05-11 17:20:34,1683840034,29.4,11.4,99000,1.00,2.00,3.00,4.00,0.00966,0
2023-05-11 19:14:51,1683846892,26.3,14.9,99000,2.00,3.00,4.00,5.00,,
2023-05-11 19:19:40,1683847181,26.1,15.2,99000,7.00,7.00,7.00,7.00,,
2023-05-11 19:24:50,1683847490,25.7,16.9,99000,4.00,6.00,8.00,9.00,,
2023-05-11 19:29:39,1683847779,25.3,18.6,99000,3.00,3.00,4.00,4.00,0.0205,0
2023-05-11 19:34:49,1683848090,24.9,19.3,99000,3.00,6.00,8.00,9.00,0.0177,0
2023-05-11 19:39:59,1683848400,24.4,19.7,99007,4.00,7.00,10.0,11.0,0.0125,0
2023-05-11 19:44:49,1683848689,24.0,19.5,99021,4.00,4.00,5.00,5.00,0.0214,0
2023-05-11 19:49:42,1683848983,23.6,20.1,99017,5.00,11.0,15.0,17.0,0.0205,0
2023-05-11 19:54:53,1683849293,23.2,20.2,99040,4.00,5.00,5.00,6.00,0.0226,0
2023-05-11 19:59:43,1683849583,22.8,21.9,99086,4.00,4.00,6.00,6.00,0.0226,0
2023-05-11 20:04:53,1683849894,22.4,21.7,99100,6.00,13.0,18.0,20.0,0.0156,0
2023-05-11 20:09:43,1683850184,22.0,21.4,99100,5.00,7.00,9.00,10.0,0.0388,0
2023-05-11 20:14:54,1683850494,21.6,21.6,99100,4.00,5.00,7.00,8.00,0.0482,0
2023-05-11 20:19:44,1683850784,21.3,22.3,99100,3.00,4.00,5.00,6.00,0.0308,0
2023-05-11 20:24:55,1683851095,20.9,23.5,99100,8.00,8.00,12.0,14.0,0.0410,0
2023-05-11 20:29:45,1683851385,20.6,23.9,99100,6.00,15.0,23.0,26.0,0.0955,0
2023-05-11 20:34:56,1683851696,20.3,24.5,99100,5.00,8.00,11.0,12.0,0.0582,0
2023-05-11 20:39:47,1683851987,20.0,25.9,99100,5.00,5.00,6.00,7.00,0.0610,0
2023-05-11 20:44:58,1683852298,19.8,25.8,99100,4.00,7.00,9.00,10.0,0.0422,0
2023-05-11 20:49:49,1683852589,19.6,25.8,99100,3.00,4.00,5.00,5.00,0.0107,0
2023-05-11 20:54:39,1683852880,19.4,26.0,99100,5.00,10.0,13.0,15.0,0.0122,0
2023-05-11 20:59:51,1683853191,19.1,26.6,99100,6.00,9.00,11.0,12.0,0.0123,0
2023-05-11 21:04:42,1683853482,18.9,26.9,99100,3.00,6.00,9.00,10.0,0.0241,0
2023-05-11 21:09:53,1683853793,18.6,26.8,99100,4.00,5.00,7.00,7.00,0.0239,0
2023-05-11 21:14:44,1683854084,18.4,28.2,99100,5.00,6.00,6.00,6.00,0.0352,0
2023-05-11 21:19:55,1683854396,18.1,28.4,99100,5.00,6.00,8.00,10.0,0.0140,0
2023-05-11 21:24:47,1683854687,17.9,29.0,99100,4.00,7.00,9.00,11.0,0.0291,0
2023-05-11 21:29:59,1683854999,17.6,28.9,99100,3.00,7.00,11.0,13.0,0.0217,0
2023-05-11 21:34:50,1683855290,17.4,28.5,99100,5.00,7.00,8.00,8.00,0.0178,0
2023-05-11 21:39:40,1683855581,17.3,29.0,99100,5.00,8.00,10.0,12.0,0.0200,0
2023-05-11 21:44:53,1683855893,17.1,29.5,99100,4.00,5.00,7.00,8.00,0.0298,0
2023-05-11 21:49:44,1683856184,16.9,30.5,99100,4.00,5.00,5.00,6.00,0.0326,0
2023-05-11 21:54:56,1683856496,16.7,30.2,99107,4.00,6.00,8.00,9.00,0.0126,0
2023-05-11 21:59:48,1683856788,16.5,30.2,99100,3.00,4.00,4.00,4.00,0.0126,0
2023-05-11 22:04:39,1683857079,16.5,30.3,99100,5.00,9.00,13.0,15.0,0.0106,0
2023-05-11 22:09:51,1683857392,16.4,30.4,99100,4.00,6.00,8.00,9.00,0.0215,0
2023-05-11 22:14:42,1683857683,16.3,30.8,99100,4.00,8.00,11.0,13.0,0.0281,0
2023-05-11 22:19:55,1683857996,16.2,31.2,99100,5.00,11.0,16.0,18.0,0.0326,0
2023-05-11 22:24:47,1683858288,16.0,30.9,99100,5.00,5.00,6.00,6.00,0.0315,0
2023-05-11 22:29:59,1683858600,16.0,30.7,99100,5.00,7.00,9.00,9.00,0.0383,0
2023-05-11 22:34:51,1683858892,15.9,30.8,99100,6.00,9.00,12.0,13.0,0.0321,0
2023-05-11 22:39:43,1683859183,15.8,31.5,99100,5.00,7.00,10.0,12.0,0.0176,0
2023-05-11 22:44:55,1683859496,15.7,32.1,99100,4.00,8.00,11.0,13.0,0.0327,0
2023-05-11 22:49:47,1683859788,15.6,32.5,99100,4.00,6.00,7.00,8.00,0.0327,0
2023-05-11 22:54:40,1683860080,15.4,33.0,99100,5.00,8.00,9.00,10.0,0.0138,0
2023-05-11 22:59:53,1683860393,15.2,33.0,99100,6.00,11.0,15.0,17.0,0.0207,0
2023-05-11 23:04:47,1683860687,15.0,32.9,99100,4.00,8.00,12.0,14.0,0.0233,0
2023-05-11 23:09:59,1683861000,14.9,33.4,99100,3.00,6.00,7.00,8.00,0.0135,0
2023-05-11 23:14:51,1683861292,14.9,33.8,99100,4.00,6.00,8.00,8.00,0.0151,0
2023-05-11 23:19:43,1683861583,14.8,34.3,99100,6.00,9.00,12.0,13.0,0.0136,0
2023-05-11 23:24:56,1683861896,14.7,34.3,99100,6.00,7.00,9.00,10.0,0.0133,0
2023-05-11 23:29:48,1683862188,14.6,34.4,99100,6.00,7.00,7.00,8.00,0.0210,0
2023-05-11 23:34:39,1683862480,14.6,34.7,99100,5.00,8.00,10.0,11.0,0.0171,0
2023-05-11 23:39:52,1683862792,14.6,35.5,99100,6.00,9.00,12.0,13.0,0.0150,0
2023-05-11 23:44:44,1683863085,14.6,35.2,99100,5.00,6.00,7.00,8.00,0.0225,0
2023-05-11 23:49:57,1683863397,14.6,35.2,99100,4.00,7.00,9.00,11.0,0.0135,0
2023-05-11 23:54:50,1683863690,14.6,35.8,99100,4.00,5.00,6.00,6.00,0.0126,0
2023-05-11 23:59:42,1683863982,14.5,35.9,99100,5.00,6.00,8.00,10.0,0.0149,0
2023-05-12 00:04:55,1683864296,14.5,36.0,99100,5.00,8.00,10.0,11.0,0.0448,0
2023-05-12 00:09:47,1683864587,14.4,35.7,99100,4.00,7.00,9.00,10.0,0.0365,0
2023-05-12 00:14:59,1683864900,14.5,35.6,99100,6.00,6.00,7.00,7.00,0.0214,0
2023-05-12 00:19:51,1683865192,14.5,35.4,99100,4.00,6.00,8.00,9.00,0.0134,0
2023-05-12 00:24:43,1683865484,14.5,35.4,99100,5.00,9.00,12.0,13.0,0.0120,0
2023-05-12 00:29:56,1683865797,14.6,36.1,99100,5.00,6.00,8.00,9.00,0.0234,0
2023-05-12 00:34:48,1683866089,14.6,37.0,99100,6.00,8.00,9.00,10.0,0.0220,0
2023-05-12 00:39:40,1683866380,14.7,36.8,99093,6.00,6.00,7.00,8.00,0.0175,0
2023-05-12 00:44:53,1683866693,14.7,36.5,99007,6.00,7.00,7.00,7.00,0.0154,0
2023-05-12 00:49:45,1683866985,14.7,36.1,99000,5.00,7.00,7.00,8.00,0.0188,0
2023-05-12 00:54:58,1683867299,14.6,36.9,99000,5.00,8.00,11.0,12.0,0.0188,0
2023-05-12 00:59:50,1683867590,14.5,37.0,99000,6.00,10.0,12.0,14.0,0.0245,0
2023-05-12 01:04:43,1683867883,14.3,37.6,99000,6.00,8.00,9.00,9.00,0.0182,0
2023-05-12 01:09:55,1683868196,14.2,37.6,99000,6.00,9.00,12.0,13.0,0.0157,0
2023-05-12 01:14:48,1683868488,14.0,37.5,99000,7.00,13.0,18.0,20.0,0.0259,0
2023-05-12 01:19:41,1683868781,13.9,37.0,99000,5.00,6.00,6.00,7.00,0.0555,0
2023-05-12 01:24:54,1683869095,13.8,37.4,99000,5.00,7.00,8.00,9.00,0.0499,0
2023-05-12 01:29:47,1683869387,13.8,37.6,99000,5.00,10.0,13.0,15.0,0.0408,0
2023-05-12 01:34:39,1683869679,13.7,37.6,99000,4.00,5.00,6.00,7.00,0.0412,0
2023-05-12 01:39:52,1683869993,13.7,37.7,99000,5.00,8.00,10.0,11.0,0.0502,0
2023-05-12 01:44:45,1683870285,13.7,37.9,99000,3.00,5.00,6.00,7.00,0.0443,0
2023-05-12 01:49:58,1683870599,13.7,37.9,99000,3.00,6.00,8.00,10.0,0.0170,0
2023-05-12 01:54:50,1683870891,13.8,37.6,99000,3.00,6.00,8.00,9.00,0.0228,0
2023-05-12 01:59:42,1683871183,13.8,37.5,99000,2.00,4.00,6.00,7.00,0.0340,0
2023-05-12 02:04:56,1683871496,13.9,37.4,99033,3.00,5.00,7.00,9.00,0.0302,0
2023-05-12 02:09:48,1683871788,14.1,37.9,99021,4.00,7.00,10.0,11.0,0.0603,0
2023-05-12 02:14:39,1683872080,14.2,37.5,99071,4.00,5.00,6.00,7.00,0.0452,0
2023-05-12 02:19:52,1683872393,14.3,37.6,99053,5.00,7.00,10.0,12.0,0.0269,0
2023-05-12 02:24:44,1683872684,14.4,37.7,99000,6.00,8.00,9.00,11.0,0.0291,0
2023-05-12 02:29:57,1683872997,14.4,37.8,99000,6.00,6.00,8.00,10.0,0.0189,0
2023-05-12 02:34:49,1683873289,14.4,37.5,99000,6.00,9.00,11.0,12.0,0.0122,0
2023-05-12 02:39:41,1683873581,14.4,37.2,99000,7.00,13.0,18.0,20.0,0.0220,0
2023-05-12 02:44:54,1683873894,14.3,37.7,99000,7.00,11.0,15.0,17.0,0.0414,0
2023-05-12 02:49:46,1683874186,14.3,38.2,99000,6.00,6.00,6.00,7.00,0.0805,0
2023-05-12 02:54:59,1683874499,14.2,38.5,99000,7.00,8.00,8.00,8.00,0.0805,0
2023-05-12 02:59:50,1683874791,14.2,38.0,99000,6.00,8.00,10.0,11.0,0.0361,0
2023-05-12 03:04:43,1683875083,14.2,37.8,99000,7.00,7.00,7.00,7.00,0.0282,0
2023-05-12 03:09:55,1683875396,14.3,38.2,99000,5.00,8.00,10.0,10.0,0.0497,0
2023-05-12 03:14:48,1683875688,14.3,38.3,99000,4.00,6.00,7.00,7.00,0.0180,0
2023-05-12 03:19:40,1683875981,14.4,38.1,99000,6.00,9.00,11.0,12.0,0.0209,0
2023-05-12 03:24:53,1683876293,14.5,38.3,99000,6.00,6.00,7.00,8.00,0.0424,0
2023-05-12 03:29:45,1683876585,14.5,38.6,99000,4.00,6.00,7.00,7.00,0.0364,0
2023-05-12 03:34:58,1683876898,14.6,38.6,99000,5.00,8.00,11.0,13.0,0.0208,0
2023-05-12 03:39:49,1683877190,14.6,38.4,99000,4.00,5.00,7.00,8.00,0.0303,0
2023-05-12 03:44:42,1683877482,14.6,38.6,99021,6.00,7.00,9.00,10.0,0.0378,0
2023-05-12 03:49:54,1683877795,14.6,38.4,99100,6.00,9.00,11.0,12.0,0.0491,0
2023-05-12 03:54:47,1683878087,14.6,37.9,99100,5.00,6.00,7.00,8.00,0.0491,0
2023-05-12 03:59:39,1683878379,14.6,37.9,99100,5.00,8.00,10.0,11.0,0.0267,0
2023-05-12 04:04:51,1683878692,14.8,37.9,99100,7.00,9.00,10.0,10.0,0.0187,0
2023-05-12 04:09:44,1683878984,14.8,38.5,99100,5.00,7.00,10.0,12.0,0.0918,0
2023-05-12 04:14:57,1683879297,14.8,38.3,99093,5.00,8.00,11.0,12.0,0.0746,0
2023-05-12 04:19:48,1683879589,14.8,38.7,99014,3.00,4.00,5.00,6.00,0.0640,0
2023-05-12 04:24:40,1683879880,14.8,40.2,99029,6.00,8.00,11.0,13.0,0.106,0
2023-05-12 04:29:52,1683880193,14.8,39.3,99100,4.00,6.00,9.00,10.0,0.0354,0
2023-05-12 04:34:44,1683880484,14.8,39.0,99100,6.00,11.0,15.0,17.0,0.0242,0
2023-05-12 04:39:57,1683880798,14.8,38.9,99100,6.00,9.00,11.0,13.0,0.0299,0
2023-05-12 04:44:49,1683881090,14.9,38.7,99100,6.00,8.00,12.0,13.0,0.0134,0
2023-05-12 04:49:42,1683881382,15.0,38.7,99029,4.00,6.00,7.00,8.00,0.0133,0
2023-05-12 04:54:55,1683881696,15.0,38.6,99000,3.00,4.00,6.00,7.00,0.0252,0
2023-05-12 04:59:47,1683881988,15.0,38.5,99000,5.00,7.00,10.0,11.0,0.0467,0
2023-05-12 05:04:39,1683882279,15.0,38.3,99000,5.00,8.00,10.0,11.0,0.0358,0
2023-05-12 05:09:52,1683882593,15.0,38.3,99087,6.00,10.0,13.0,15.0,0.0157,0
2023-05-12 05:14:44,1683882884,15.0,37.9,99100,6.00,8.00,10.0,11.0,0.0187,0
2023-05-12 05:19:56,1683883197,15.0,37.9,99100,5.00,8.00,11.0,12.0,0.0187,0
2023-05-12 05:24:48,1683883488,15.0,37.8,99100,5.00,8.00,10.0,12.0,0.0327,0
2023-05-12 05:29:40,1683883781,15.1,37.8,99100,4.00,7.00,10.0,11.0,0.0183,0
2023-05-12 05:34:53,1683884093,15.1,37.8,99100,5.00,5.00,5.00,6.00,0.0113,0
2023-05-12 05:39:44,1683884385,15.1,37.8,99100,4.00,5.00,7.00,8.00,0.0217,0
2023-05-12 05:44:57,1683884698,15.2,37.9,99100,4.00,6.00,8.00,9.00,0.0259,0
2023-05-12 05:49:49,1683884990,15.2,38.3,99100,7.00,7.00,7.00,7.00,0.0135,0
2023-05-12 05:54:40,1683885281,15.2,38.3,99100,5.00,6.00,8.00,8.00,0.0172,0
2023-05-12 05:59:53,1683885594,15.2,38.5,99100,5.00,6.00,7.00,8.00,0.0172,0
2023-05-12 06:04:45,1683885886,15.3,38.1,99100,3.00,6.00,8.00,9.00,0.0166,0
2023-05-12 06:09:58,1683886198,15.3,38.6,99100,5.00,6.00,6.00,7.00,0.0161,0
2023-05-12 06:14:49,1683886490,15.3,38.2,99100,6.00,8.00,9.00,9.00,0.00947,0
2023-05-12 06:18:38,1683886719,15.3,38.3,99100,5.00,8.00,11.0,12.0,0.0173,0
2023-05-12 10:49:47,1683902987,24.2,31.2,99200,8.00,8.00,9.00,10.0,,
2023-05-12 10:51:50,1683903111,24.0,31.7,99200,8.00,10.0,11.0,12.0,,
2023-05-12 14:04:45,1683914685,30.8,22.8,99000,2.00,3.00,4.00,5.00,,
2023-05-12 14:09:53,1683914993,29.8,23.6,99000,3.00,3.00,4.00,4.00,,
2023-05-12 14:14:40,1683915281,28.5,24.4,99000,3.00,4.00,5.00,6.00,0.0799,0
2023-05-12 14:16:23,1683915384,27.9,24.9,99000,1.00,3.00,4.00,4.00,0.0391,0
2023-05-12 14:29:44,1683916184,26.9,26.9,99000,2.00,3.00,5.00,5.00,0.0121,0
2023-05-12 14:34:49,1683916490,27.2,26.6,99000,2.00,2.00,4.00,4.00,0.0125,0
2023-05-12 14:38:35,1683916715,27.7,26.0,98982,2.00,3.00,4.00,5.00,0.0133,0
2023-05-12 14:59:55,1683917996,29.7,22.0,98900,1.00,3.00,4.00,5.00,,
2023-05-12 15:04:43,1683918283,29.6,21.4,98900,2.00,2.00,4.00,5.00,,
2023-05-12 15:09:51,1683918592,28.8,21.0,98900,2.00,4.00,6.00,7.00,,
2023-05-12 15:13:34,1683918814,28.0,21.8,98900,1.00,3.00,4.00,5.00,0.0118,0
2023-05-12 15:39:59,1683920400,28.8,22.7,98900,2.00,4.00,7.00,8.00,,
2023-05-12 15:43:45,1683920626,29.1,22.0,98900,1.00,3.00,5.00,5.00,,
2023-05-12 15:54:54,1683921294,29.7,19.6,98900,1.00,1.00,1.00,1.00,,
2023-05-12 15:59:41,1683921582,29.8,19.1,98900,1.00,3.00,5.00,6.00,,
2023-05-12 16:01:03,1683921664,29.8,17.8,98900,1.00,1.00,2.00,2.00,,
2023-05-12 16:09:57,1683922197,29.6,18.5,98900,1.00,4.00,7.00,9.00,,
2023-05-12 16:14:44,1683922485,29.7,18.2,98900,2.00,2.00,4.00,4.00,0.0107,0
2023-05-12 16:19:53,1683922793,29.6,17.7,98900,1.00,2.00,4.00,5.00,0.0143,0
2023-05-12 16:24:41,1683923081,29.5,17.3,98900,1.00,4.00,5.00,6.00,0.0127,0
2023-05-12 16:29:49,1683923390,29.4,17.4,98900,2.00,3.00,4.00,5.00,0.0117,0
2023-05-12 16:34:58,1683923698,29.0,17.5,98900,1.00,4.00,6.00,7.00,0.0126,0
2023-05-12 16:37:22,1683923842,28.6,17.5,98900,1.00,2.00,4.00,5.00,0.0136,0
2023-05-12 16:59:44,1683925185,27.6,18.9,98900,1.00,4.00,6.00,6.00,,
2023-05-12 17:04:53,1683925493,27.5,18.7,98900,1.00,2.00,3.00,4.00,,
2023-05-12 17:09:41,1683925782,27.5,18.9,98900,2.00,4.00,5.00,6.00,,
2023-05-12 17:14:50,1683926091,27.4,19.1,98900,1.00,2.00,3.00,3.00,0.0117,0
2023-05-12 17:19:39,1683926379,27.4,19.2,98900,2.00,6.00,9.00,10.0,0.0114,0
2023-05-12 17:24:48,1683926689,27.4,19.3,98900,1.00,3.00,4.00,5.00,0.0201,0
2023-05-12 17:29:57,1683926998,27.5,19.2,98900,2.00,6.00,9.00,11.0,0.0147,0
2023-05-12 17:34:46,1683927286,27.5,19.4,98921,1.00,2.00,3.00,4.00,0.0222,0
2023-05-12 17:39:55,1683927595,27.4,19.4,98993,3.00,7.00,11.0,12.0,0.0203,0
2023-05-12 17:44:44,1683927884,27.3,19.4,99000,3.00,5.00,7.00,9.00,0.0407,0
2023-05-12 17:49:53,1683928193,27.3,19.3,99000,2.00,3.00,4.00,4.00,0.0363,0
2023-05-12 17:54:41,1683928482,27.1,19.4,99000,2.00,6.00,9.00,10.0,0.0363,0
2023-05-12 17:59:51,1683928791,26.9,19.7,99000,2.00,5.00,7.00,8.00,0.0276,0
2023-05-12 18:04:40,1683929080,26.8,19.9,99000,2.00,6.00,9.00,10.0,0.0161,0
2023-05-12 18:09:49,1683929390,26.7,19.9,99000,2.00,4.00,6.00,7.00,0.0167,0
2023-05-12 18:14:58,1683929699,26.5,20.1,99000,3.00,4.00,5.00,6.00,0.0110,0
2023-05-12 18:19:47,1683929988,26.4,20.3,98971,1.00,2.00,3.00,3.00,0.0219,0
2023-05-12 18:24:57,1683930297,26.2,20.5,98900,2.00,3.00,4.00,5.00,0.0193,0
2023-05-12 18:29:46,1683930586,26.0,20.8,98900,2.00,3.00,5.00,5.00,0.0114,0
2023-05-12 18:34:55,1683930896,25.9,21.0,98900,2.00,4.00,5.00,5.00,0.0111,0
2023-05-12 18:39:44,1683931185,25.8,21.2,98900,3.00,3.00,3.00,4.00,0.0111,0
2023-05-12 18:44:54,1683931494,25.8,21.3,98900,2.00,4.00,6.00,7.00,0.0118,0
2023-05-12 18:49:43,1683931783,25.7,21.3,98900,2.00,3.00,5.00,6.00,0.0140,0
2023-05-12 18:54:52,1683932093,25.7,21.6,98900,2.00,4.00,7.00,9.00,0.0112,0
2023-05-12 18:59:41,1683932382,25.6,21.8,98900,2.00,4.00,5.00,6.00,0.0123,0
2023-05-12 19:04:51,1683932691,25.5,22.0,98900,2.00,3.00,5.00,5.00,0.0141,0
2023-05-12 19:09:40,1683932980,25.3,22.0,98900,4.00,7.00,9.00,10.0,0.0170,0
2023-05-12 19:14:50,1683933290,25.2,22.2,98900,4.00,7.00,9.00,10.0,0.0285,0
2023-05-12 19:19:39,1683933579,25.0,22.2,98900,3.00,7.00,10.0,12.0,0.0275,0
2023-05-12 19:24:49,1683933890,24.8,22.4,98900,4.00,5.00,5.00,6.00,0.0267,0
2023-05-12 19:29:59,1683934199,24.7,22.3,98900,4.00,4.00,6.00,7.00,0.0267,0
2023-05-12 19:34:48,1683934489,24.6,22.4,98900,3.00,5.00,6.00,7.00,0.0144,0
2023-05-12 19:39:58,1683934799,24.5,22.7,98900,3.00,6.00,8.00,9.00,0.0110,0
2023-05-12 19:44:48,1683935088,24.4,22.7,98900,4.00,5.00,5.00,6.00,0.0290,0
2023-05-12 19:49:58,1683935399,24.3,23.0,98900,3.00,6.00,8.00,9.00,0.0290,0
2023-05-12 19:54:48,1683935688,24.2,23.2,98950,4.00,8.00,11.0,13.0,0.0137,0
2023-05-12 19:59:58,1683935999,24.0,24.4,99000,4.00,6.00,8.00,8.00,0.0140,0
2023-05-12 20:04:48,1683936289,23.6,25.5,99000,4.00,7.00,9.00,9.00,0.0147,0
2023-05-12 20:09:59,1683936599,23.3,26.3,99000,4.00,6.00,7.00,7.00,0.0161,0
2023-05-12 20:14:49,1683936889,22.9,26.9,99000,4.00,6.00,8.00,9.00,0.0119,0
2023-05-12 20:19:59,1683937200,22.6,27.2,99000,2.00,5.00,7.00,8.00,0.0164,0
2023-05-12 20:24:49,1683937490,22.4,27.6,99000,5.00,5.00,7.00,8.00,0.0128,0
2023-05-12 20:29:39,1683937780,22.3,27.8,99000,3.00,6.00,8.00,9.00,0.0131,0
2023-05-12 20:34:50,1683938091,22.2,27.9,99000,5.00,7.00,8.00,9.00,0.0122,0
2023-05-12 20:39:40,1683938381,22.1,28.1,99000,3.00,7.00,11.0,13.0,0.0273,0
2023-05-12 20:44:51,1683938691,22.0,28.2,99000,4.00,6.00,8.00,9.00,0.0273,0
2023-05-12 20:49:41,1683938982,22.0,28.3,99000,4.00,7.00,11.0,13.0,0.0237,0
2023-05-12 20:54:52,1683939293,21.9,28.5,99000,4.00,7.00,9.00,10.0,0.0165,0
2023-05-12 20:59:42,1683939583,21.8,28.9,99000,3.00,5.00,6.00,6.00,0.0211,0
2023-05-12 21:04:53,1683939894,21.6,29.2,99000,3.00,7.00,10.0,12.0,0.0211,0
2023-05-12 21:09:43,1683940184,21.4,29.4,99000,3.00,6.00,8.00,9.00,0.0334,0
2023-05-12 21:14:54,1683940495,21.2,29.5,99000,3.00,8.00,11.0,13.0,0.0334,0
2023-05-12 21:19:44,1683940785,21.0,29.8,99021,3.00,6.00,8.00,9.00,0.0170,0
2023-05-12 21:24:55,1683941095,20.8,30.2,99087,3.00,9.00,14.0,16.0,0.0161,0
2023-05-12 21:29:46,1683941386,20.6,30.7,99000,5.00,8.00,10.0,11.0,0.0157,0
2023-05-12 21:34:57,1683941697,20.4,30.9,99067,5.00,6.00,7.00,8.00,0.0157,0
2023-05-12 21:39:48,1683941988,20.2,31.2,99100,4.00,8.00,12.0,14.0,0.0139,0
2023-05-12 21:44:59,1683942300,20.0,31.6,99100,4.00,4.00,6.00,6.00,0.0270,0
2023-05-12 21:49:50,1683942591,19.8,32.3,99100,4.00,7.00,10.0,12.0,0.0270,0
2023-05-12 21:54:41,1683942881,19.8,33.0,99100,4.00,6.00,7.00,8.00,0.0188,0
2023-05-12 21:59:52,1683943192,19.7,33.7,99100,3.00,5.00,8.00,10.0,0.0203,0
2023-05-12 22:04:43,1683943483,19.6,35.2,99050,3.00,4.00,6.00,7.00,0.0143,0
2023-05-12 22:09:54,1683943795,19.3,36.2,99100,5.00,5.00,7.00,8.00,0.0123,0
2023-05-12 22:14:45,1683944086,19.1,37.2,99100,4.00,5.00,9.00,10.0,0.0158,0
2023-05-12 22:19:57,1683944398,18.8,37.7,99100,5.00,6.00,6.00,8.00,0.0158,0
2023-05-12 22:24:48,1683944689,18.6,38.3,99100,3.00,5.00,7.00,8.00,0.0282,0
2023-05-12 22:29:39,1683944979,18.3,38.7,99100,3.00,5.00,7.00,8.00,0.0282,0
2023-05-12 22:34:51,1683945291,18.0,39.3,99100,4.00,4.00,6.00,6.00,0.0124,0
2023-05-12 22:39:42,1683945582,17.7,39.7,99100,3.00,5.00,7.00,7.00,0.0109,0
2023-05-12 22:44:54,1683945895,17.4,40.0,99100,2.00,6.00,8.00,10.0,0.0123,0
2023-05-12 22:49:46,1683946186,17.1,40.8,99100,4.00,6.00,8.00,8.00,0.0121,0
2023-05-12 22:54:57,1683946497,16.8,41.1,99100,2.00,4.00,5.00,6.00,0.0138,0
2023-05-12 22:59:49,1683946789,16.6,41.6,99100,3.00,6.00,9.00,10.0,0.0130,0
2023-05-12 23:04:41,1683947081,16.3,42.0,99100,3.00,5.00,8.00,9.00,0.0136,0
2023-05-12 23:09:53,1683947393,16.0,42.4,99100,4.00,7.00,10.0,11.0,0.0135,0
2023-05-12 23:14:45,1683947685,15.7,42.9,99100,3.00,7.00,11.0,13.0,0.0569,0
2023-05-12 23:19:57,1683947998,15.5,43.3,99100,5.00,11.0,17.0,20.0,0.0569,0
2023-05-12 23:24:49,1683948290,15.3,43.6,99100,5.00,9.00,14.0,17.0,0.0251,0
2023-05-12 23:29:41,1683948582,15.1,44.0,99100,3.00,5.00,8.00,9.00,0.0251,0
2023-05-12 23:34:54,1683948894,14.9,44.3,99100,3.00,4.00,6.00,7.00,0.0469,0
2023-05-12 23:39:45,1683949185,14.7,44.9,99100,4.00,6.00,8.00,9.00,0.0240,0
2023-05-12 23:44:57,1683949498,14.6,45.6,99100,3.00,3.00,4.00,4.00,0.0218,0
2023-05-12 23:49:49,1683949790,14.5,45.4,99100,3.00,6.00,9.00,10.0,0.0141,0
2023-05-12 23:54:41,1683950082,14.4,45.0,99100,3.00,6.00,8.00,10.0,0.0123,0
2023-05-12 23:59:54,1683950395,14.4,44.9,99100,3.00,4.00,6.00,7.00,0.0169,0
2023-05-13 00:04:46,1683950686,14.2,45.0,99100,3.00,8.00,12.0,14.0,0.0166,0
2023-05-13 00:09:59,1683950999,14.0,45.2,99100,2.00,4.00,5.00,6.00,0.0230,0
2023-05-13 00:14:51,1683951292,13.9,45.0,99171,3.00,4.00,5.00,6.00,0.0281,0
2023-05-13 00:19:44,1683951584,13.8,44.1,99193,4.00,7.00,9.00,10.0,0.0243,0
2023-05-13 00:24:56,1683951897,13.8,43.4,99200,4.00,5.00,5.00,6.00,0.0164,0
2023-05-13 00:29:48,1683952189,13.9,42.9,99200,3.00,6.00,7.00,8.00,0.0126,0
2023-05-13 00:34:41,1683952481,14.1,42.6,99200,3.00,5.00,7.00,8.00,0.0140,0
2023-05-13 00:39:54,1683952794,14.2,41.7,99200,3.00,6.00,9.00,10.0,0.0206,0
2023-05-13 00:44:47,1683953087,14.3,40.3,99200,3.00,6.00,8.00,8.00,0.0430,0
2023-05-13 00:49:39,1683953379,14.4,39.7,99200,4.00,7.00,9.00,11.0,0.0322,0
2023-05-13 00:54:52,1683953692,14.5,38.9,99200,4.00,8.00,12.0,14.0,0.0194,0
2023-05-13 00:59:43,1683953984,14.5,38.3,99200,5.00,8.00,12.0,13.0,0.0633,0
2023-05-13 01:04:56,1683954296,14.5,37.9,99200,4.00,5.00,7.00,7.00,0.0589,0
2023-05-13 01:09:48,1683954589,14.5,37.6,99200,3.00,5.00,6.00,7.00,0.0713,0
2023-05-13 01:14:40,1683954880,14.4,37.2,99200,4.00,5.00,6.00,6.00,0.0399,0
2023-05-13 01:19:53,1683955194,14.3,36.8,99300,4.00,9.00,12.0,13.0,0.0235,0
2023-05-13 01:24:45,1683955485,14.2,36.3,99300,4.00,9.00,14.0,16.0,0.0442,0
2023-05-13 01:29:58,1683955798,14.1,35.8,99300,4.00,7.00,10.0,12.0,0.0442,0
2023-05-13 01:34:50,1683956090,14.0,35.5,99300,4.00,7.00,10.0,11.0,0.0345,0
2023-05-13 01:39:41,1683956382,13.9,35.5,99300,3.00,3.00,5.00,5.00,0.0337,0
2023-05-13 01:44:55,1683956696,13.8,35.2,99300,3.00,4.00,5.00,6.00,0.0144,0
2023-05-13 01:49:48,1683956988,13.6,35.2,99300,4.00,6.00,9.00,10.0,0.0307,0
2023-05-13 01:54:40,1683957280,13.5,35.2,99300,5.00,10.0,15.0,17.0,0.0458,0
2023-05-13 01:59:52,1683957593,13.4,35.2,99300,4.00,5.00,7.00,8.00,0.0237,0
2023-05-13 02:04:44,1683957885,13.3,35.2,99300,4.00,6.00,8.00,10.0,0.0213,0
2023-05-13 02:09:58,1683958198,13.1,35.2,99300,2.00,5.00,7.00,8.00,0.0345,0
2023-05-13 02:14:50,1683958491,13.0,35.1,99300,2.00,4.00,6.00,6.00,0.0292,0
2023-05-13 02:19:42,1683958783,13.0,35.2,99300,3.00,4.00,4.00,4.00,0.0112,0
2023-05-13 02:24:56,1683959096,12.8,35.2,99300,4.00,8.00,12.0,14.0,0.0276,0
2023-05-13 02:29:48,1683959388,12.7,35.1,99300,2.00,4.00,6.00,7.00,0.0358,0
2023-05-13 02:34:41,1683959681,12.6,34.9,99300,4.00,6.00,9.00,10.0,0.0152,0
2023-05-13 02:39:55,1683959995,12.5,34.9,99300,2.00,4.00,6.00,7.00,0.0152,0
2023-05-13 02:44:47,1683960287,12.5,34.6,99300,2.00,4.00,6.00,7.00,0.0543,0
2023-05-13 02:49:39,1683960579,12.4,34.5,99300,3.00,5.00,7.00,8.00,0.0543,0
2023-05-13 02:54:52,1683960893,12.4,34.4,99300,3.00,5.00,8.00,9.00,0.0253,0
2023-05-13 02:59:44,1683961185,12.3,34.4,99300,3.00,7.00,10.0,12.0,0.0120,0
2023-05-13 03:04:59,1683961499,12.2,34.4,99300,4.00,9.00,14.0,16.0,0.0232,0
2023-05-13 03:09:51,1683961792,12.1,34.3,99300,3.00,5.00,8.00,10.0,0.0251,0
2023-05-13 03:14:44,1683962084,12.1,34.3,99300,2.00,4.00,5.00,5.00,0.0251,0
2023-05-13 03:19:57,1683962397,12.0,34.3,99300,3.00,3.00,4.00,5.00,0.0158,0
2023-05-13 03:24:49,1683962690,11.9,34.4,99300,2.00,4.00,6.00,7.00,0.0157,0
2023-05-13 03:29:42,1683962983,11.8,34.4,99300,1.00,4.00,6.00,7.00,0.0114,0
2023-05-13 03:34:55,1683963296,11.7,34.4,99300,3.00,4.00,6.00,7.00,0.0115,0
2023-05-13 03:39:47,1683963588,11.6,34.5,99300,2.00,7.00,11.0,13.0,0.0160,0
2023-05-13 03:44:40,1683963880,11.5,34.6,99300,2.00,4.00,5.00,6.00,0.0329,0
2023-05-13 03:49:54,1683964194,11.4,34.7,99300,1.00,4.00,6.00,7.00,0.0315,0
2023-05-13 03:54:47,1683964488,11.3,34.9,99300,2.00,4.00,6.00,8.00,0.0315,0
2023-05-13 03:59:39,1683964780,11.2,35.1,99300,3.00,10.0,14.0,17.0,0.0552,0
2023-05-13 04:04:53,1683965094,11.1,35.2,99300,3.00,7.00,11.0,12.0,0.0534,0
2023-05-13 04:09:47,1683965388,11.0,35.7,99300,2.00,6.00,10.0,12.0,0.0394,0
2023-05-13 04:14:40,1683965681,11.1,35.8,99300,2.00,3.00,3.00,4.00,0.0130,0
2023-05-13 04:19:54,1683965995,11.1,35.6,99300,1.00,3.00,4.00,5.00,0.0315,0
2023-05-13 04:24:47,1683966288,11.1,35.3,99300,2.00,4.00,6.00,7.00,0.0315,0
2023-05-13 04:29:41,1683966581,11.0,35.6,99300,5.00,8.00,11.0,13.0,0.0386,0
2023-05-13 04:34:55,1683966896,10.9,35.6,99300,2.00,4.00,6.00,7.00,0.0386,0
2023-05-13 04:39:48,1683967189,10.9,35.9,99300,3.00,9.00,13.0,15.0,0.0286,0
2023-05-13 04:44:42,1683967482,10.8,36.0,99300,3.00,9.00,14.0,17.0,0.0134,0
2023-05-13 04:49:55,1683967796,10.7,36.2,99300,3.00,5.00,7.00,9.00,0.0185,0
2023-05-13 04:54:48,1683968089,10.6,36.2,99300,3.00,8.00,12.0,14.0,0.0250,0
2023-05-13 04:59:42,1683968382,10.4,36.4,99300,2.00,5.00,7.00,8.00,0.0145,0
2023-05-13 05:04:55,1683968696,10.2,36.6,99300,2.00,4.00,6.00,8.00,0.0133,0
2023-05-13 05:09:48,1683968989,10.0,36.8,99300,1.00,4.00,6.00,7.00,0.0149,0
2023-05-13 05:14:41,1683969281,9.85,37.1,99300,2.00,4.00,7.00,9.00,0.0180,0
2023-05-13 05:19:56,1683969596,9.64,37.4,99387,4.00,7.00,9.00,10.0,0.0579,0
2023-05-13 05:24:50,1683969890,9.42,38.1,99400,3.00,5.00,8.00,9.00,0.0579,0
2023-05-13 05:29:44,1683970184,9.23,38.6,99400,2.00,8.00,12.0,15.0,0.0135,0
2023-05-13 05:30:47,1683970247,9.12,38.9,99400,2.00,3.00,5.00,6.00,0.0143,0
2023-05-13 06:34:50,1683974091,12.4,36.9,99400,2.00,4.00,5.00,5.00,,
2023-05-13 06:37:37,1683974258,12.7,37.3,99400,2.00,2.00,3.00,3.00,,
2023-05-13 06:47:59,1683974880,14.5,34.2,99400,2.00,7.00,12.0,14.0,,
2023-05-13 07:54:55,1683978895,22.1,22.1,99300,1.00,1.00,1.00,1.00,,
2023-05-13 07:57:56,1683979077,22.3,22.0,99300,2.00,4.00,4.00,5.00,,
2023-05-13 08:49:43,1683982184,18.2,26.7,99300,1.00,2.00,3.00,3.00,,
2023-05-13 08:51:46,1683982307,18.0,27.5,99300,3.00,6.00,8.00,8.00,,
2023-05-13 08:59:40,1683982780,18.3,27.2,99300,3.00,3.00,4.00,4.00,0.00789,0
2023-05-13 09:00:00,1683982801,18.3,27.2,99300,1.00,1.00,1.00,1.00,0.00789,0
2023-05-13 09:34:57,1683984897,17.7,27.8,99300,4.00,7.00,9.00,9.00,,
2023-05-13 09:39:47,1683985188,17.8,27.0,99300,3.00,5.00,7.00,8.00,,
2023-05-13 09:40:50,1683985250,17.9,26.9,99300,2.00,3.00,4.00,4.00,,
2023-05-13 09:54:52,1683986093,18.2,26.6,99300,4.00,4.00,5.00,6.00,,
2023-05-13 09:58:41,1683986321,18.4,26.5,99300,2.00,5.00,7.00,8.00,0.0102,0
2023-05-13 10:09:41,1683986981,18.1,26.6,99300,2.00,3.00,5.00,5.00,0.0125,0
2023-05-13 10:14:52,1683987293,17.7,27.9,99300,4.00,11.0,17.0,19.0,0.0180,0
2023-05-13 10:16:15,1683987376,17.5,28.3,99300,2.00,4.00,5.00,6.00,0.0159,0
2023-05-13 10:29:51,1683988191,19.5,27.2,99300,2.00,6.00,10.0,12.0,0.0376,0
2023-05-13 10:33:59,1683988440,20.2,26.3,99300,3.00,9.00,13.0,15.0,0.0376,0
2023-05-13 10:44:58,1683989099,19.5,25.3,99318,2.00,4.00,6.00,7.00,0.0263,0
2023-05-13 10:49:49,1683989389,18.8,26.4,99400,3.00,6.00,9.00,11.0,0.0257,0
2023-05-13 10:51:32,1683989493,18.4,26.6,99400,1.00,2.00,3.00,4.00,0.0106,0
2023-05-13 11:04:54,1683990294,18.3,26.9,99300,2.00,6.00,10.0,11.0,0.0289,0
2023-05-13 11:09:03,1683990543,18.7,25.8,99300,2.00,5.00,8.00,9.00,0.0162,0
2023-05-13 11:19:42,1683991183,19.0,25.1,99300,3.00,8.00,13.0,16.0,0.0153,0
2023-05-13 11:24:54,1683991495,19.0,25.0,99300,2.00,3.00,4.00,5.00,0.0221,0
2023-05-13 11:26:38,1683991598,19.1,24.9,99300,2.00,3.00,4.00,5.00,0.0271,0
2023-05-13 11:34:52,1683992092,19.1,25.1,99300,1.00,2.00,3.00,3.00,0.0271,0
2023-05-13 11:39:43,1683992383,18.9,25.1,99300,1.00,3.00,4.00,5.00,0.0313,0
2023-05-13 11:44:54,1683992694,19.0,25.3,99300,2.00,8.00,13.0,15.0,0.0110,0
2023-05-13 11:45:35,1683992735,19.2,25.3,99300,1.00,1.00,1.00,2.00,0.0110,0
2023-05-13 11:54:51,1683993291,19.3,24.9,99300,2.00,5.00,8.00,9.00,0.0173,0
2023-05-13 11:59:41,1683993581,18.8,26.0,99343,1.00,2.00,3.00,4.00,0.0229,0
2023-05-13 12:02:06,1683993727,18.4,26.6,99400,2.00,3.00,5.00,5.00,0.0142,0
2023-05-13 12:14:50,1683994491,18.9,26.2,99300,1.00,4.00,7.00,9.00,0.0174,0
2023-05-13 12:19:41,1683994781,19.0,25.4,99386,2.00,8.00,13.0,15.0,0.0290,0
2023-05-13 12:21:03,1683994864,18.6,24.9,99400,1.00,5.00,8.00,10.0,0.0297,0
2023-05-13 12:29:41,1683995381,18.3,24.3,99343,1.00,4.00,6.00,7.00,0.0297,0
2023-05-13 12:34:53,1683995693,18.4,23.8,99300,2.00,4.00,6.00,7.00,0.0167,0
2023-05-13 12:37:18,1683995838,18.6,23.8,99300,2.00,5.00,7.00,9.00,0.0167,0
2023-05-13 12:44:53,1683996293,18.5,23.8,99400,2.00,2.00,3.00,3.00,0.0132,0
2023-05-13 12:49:42,1683996582,18.2,24.0,99400,2.00,6.00,10.0,11.0,0.0132,0
2023-05-13 12:54:54,1683996894,18.3,24.4,99393,2.00,7.00,10.0,12.0,0.0241,0
2023-05-13 13:04:44,1683997485,18.2,23.6,99400,1.00,4.00,6.00,7.00,0.0100,0
2023-05-13 13:09:56,1683997796,18.0,23.9,99400,2.00,5.00,7.00,9.00,0.0156,0
2023-05-13 13:14:04,1683998044,17.8,24.5,99400,1.00,4.00,6.00,7.00,0.0255,0
2023-05-13 13:24:46,1683998686,17.3,25.0,99400,1.00,2.00,4.00,4.00,0.0173,0
2023-05-13 13:29:57,1683998998,17.0,25.5,99400,1.00,5.00,8.00,9.00,0.0178,0
2023-05-13 13:30:18,1683999019,16.7,25.8,99400,1e-7,1.00,1.00,2.00,0.0116,0
2023-05-13 13:39:49,1683999590,16.5,26.5,99400,1.00,4.00,6.00,7.00,0.0116,0
2023-05-13 13:44:40,1683999881,16.7,26.0,99400,1.00,4.00,6.00,7.00,0.0176,0
2023-05-13 13:47:48,1684000069,16.9,25.4,99400,1.00,5.00,8.00,9.00,0.0282,0
2023-05-13 13:59:45,1684000786,17.6,24.0,99500,1e-7,2.00,4.00,5.00,0.0282,0
2023-05-13 14:04:57,1684001098,17.6,23.4,99467,1e-7,2.00,4.00,5.00,0.0174,0
2023-05-13 14:07:01,1684001222,17.4,23.6,99500,1e-7,2.00,4.00,4.00,0.0153,0
2023-05-13 14:14:48,1684001689,17.0,23.6,99500,3.00,5.00,7.00,8.00,0.0186,0
2023-05-13 14:19:39,1684001980,16.9,24.1,99500,1.00,5.00,8.00,10.0,0.0484,0
2023-05-13 14:24:30,1684002271,16.9,24.3,99500,1.00,4.00,6.00,7.00,0.0582,0
2023-05-13 14:34:53,1684002893,16.2,23.8,99500,1.00,2.00,4.00,5.00,0.0401,0
2023-05-13 14:39:44,1684003184,16.3,24.1,99500,1.00,2.00,4.00,4.00,0.0353,0
2023-05-13 14:40:46,1684003247,16.5,23.8,99500,1e-7,1e-7,1e-7,1e-7,0.0170,0
2023-05-13 14:49:58,1684003799,16.5,23.3,99500,1.00,1.00,2.00,2.00,0.0108,0
2023-05-13 14:54:49,1684004090,16.5,23.6,99500,1.00,4.00,7.00,8.00,0.0101,0
2023-05-13 14:59:40,1684004381,16.8,24.2,99500,1.00,4.00,7.00,8.00,0.0175,0
2023-05-13 15:00:01,1684004401,17.0,24.2,99500,1e-7,1e-7,1e-7,1e-7,0.0175,0
2023-05-13 15:09:55,1684004995,17.2,23.8,99500,1.00,5.00,8.00,9.00,0.0286,0
2023-05-13 15:14:46,1684005287,17.0,23.5,99500,1.00,5.00,8.00,9.00,0.0258,0
2023-05-13 15:16:10,1684005370,16.9,23.2,99500,1e-7,2.00,3.00,4.00,0.0129,0
2023-05-13 15:24:52,1684005892,17.1,23.1,99567,1.00,5.00,8.00,9.00,0.0221,0
2023-05-13 15:29:43,1684006183,17.2,22.8,99600,1.00,5.00,8.00,9.00,0.0134,0
2023-05-13 15:33:52,1684006432,17.3,23.7,99600,5.00,13.0,20.0,23.0,0.0679,0
2023-05-13 15:44:55,1684007095,17.4,22.9,99600,1.00,2.00,4.00,4.00,0.0978,0
2023-05-13 15:49:46,1684007386,17.4,22.3,99600,2.00,4.00,7.00,8.00,0.0991,0
2023-05-13 15:51:50,1684007510,17.3,22.4,99600,1e-7,2.00,3.00,4.00,0.0806,0
2023-05-13 15:59:58,1684007999,17.1,23.0,99600,26.0,77.0,119,139,0.0623,0
2023-05-13 16:04:50,1684008290,17.1,22.7,99600,1.00,2.00,4.00,5.00,0.0814,0
2023-05-13 16:09:21,1684008561,16.9,22.7,99600,2.00,7.00,11.0,13.0,0.0779,0
2023-05-13 16:19:42,1684009183,16.7,22.8,99600,1.00,4.00,6.00,7.00,0.0679,0
2023-05-13 16:24:54,1684009495,16.8,22.7,99600,3.00,9.00,15.0,18.0,0.0671,0
2023-05-13 16:29:42,1684009782,16.8,22.5,99600,1.00,3.00,4.00,5.00,0.0323,0
2023-05-13 16:34:55,1684010095,16.6,21.4,99600,1.00,4.00,6.00,7.00,0.0512,0
2023-05-13 16:39:46,1684010387,16.3,21.6,99600,2.00,9.00,14.0,16.0,0.0366,0
2023-05-13 16:44:58,1684010699,16.2,21.5,99600,1.00,2.00,4.00,4.00,0.0366,0
2023-05-13 16:46:00,1684010761,16.1,21.9,99600,1.00,3.00,5.00,5.00,0.0253,0
2023-05-13 16:54:53,1684011293,15.9,22.1,99600,1.00,4.00,6.00,7.00,0.0292,0
2023-05-13 16:59:44,1684011585,15.8,22.0,99600,9.00,25.0,38.0,45.0,0.154,0
2023-05-13 17:04:53,1684011893,15.7,22.1,99600,1.00,3.00,5.00,5.00,0.184,0
2023-05-13 17:09:44,1684012185,15.6,21.6,99600,1.00,4.00,6.00,7.00,0.184,0
2023-05-13 17:14:57,1684012497,15.5,21.5,99600,1.00,2.00,3.00,3.00,0.149,0
2023-05-13 17:19:48,1684012789,15.3,21.4,99600,1.00,2.00,4.00,4.00,0.0256,0
2023-05-13 17:24:40,1684013080,15.2,21.4,99600,1.00,2.00,4.00,5.00,0.0154,0
2023-05-13 17:29:53,1684013393,14.9,21.1,99600,107,311,478,559,0.0623,0
2023-05-13 17:34:45,1684013685,14.7,21.3,99600,2.00,2.00,4.00,5.00,0.0727,0
2023-05-13 17:39:57,1684013997,14.5,21.6,99600,2.00,5.00,7.00,9.00,0.0727,0
2023-05-13 17:44:49,1684014289,14.4,21.8,99600,2.00,2.00,4.00,5.00,0.0696,0
2023-05-13 17:49:41,1684014582,14.5,22.2,99600,1.00,2.00,4.00,5.00,0.0421,0
2023-05-13 17:54:54,1684014895,14.6,21.9,99600,1.00,2.00,4.00,5.00,0.0231,0
2023-05-13 17:59:46,1684015187,14.6,21.6,99600,1.00,4.00,6.00,7.00,0.0117,0
2023-05-13 18:04:59,1684015499,14.6,21.9,99600,1.00,4.00,6.00,7.00,0.0122,0
2023-05-13 18:09:51,1684015791,14.6,22.0,99607,1.00,5.00,8.00,9.00,0.0117,0
2023-05-13 18:14:42,1684016083,14.7,21.9,99629,2.00,6.00,9.00,11.0,0.0144,0
2023-05-13 18:19:55,1684016395,14.8,21.9,99700,1.00,2.00,4.00,4.00,0.0250,0
2023-05-13 18:24:47,1684016687,14.8,21.8,99700,1e-7,2.00,4.00,4.00,0.0254,0
2023-05-13 18:29:39,1684016979,14.8,21.8,99700,2.00,6.00,9.00,10.0,0.0331,0
2023-05-13 18:34:52,1684017292,14.7,21.7,99700,1.00,2.00,4.00,5.00,0.0231,0
2023-05-13 18:39:43,1684017584,14.7,22.0,99700,1.00,2.00,4.00,4.00,0.0164,0
2023-05-13 18:44:56,1684017896,14.6,22.0,99700,1.00,2.00,4.00,4.00,0.0164,0
2023-05-13 18:49:48,1684018189,14.5,21.8,99700,1e-7,2.00,4.00,5.00,0.0102,0
2023-05-13 18:54:40,1684018481,14.3,22.0,99700,1.00,2.00,4.00,5.00,0.0102,0
2023-05-13 18:59:54,1684018794,14.1,22.0,99700,2.00,4.00,6.00,7.00,0.0108,0
2023-05-13 19:04:46,1684019086,14.0,22.6,99700,2.00,3.00,4.00,5.00,0.0126,0
2023-05-13 19:09:59,1684019400,13.9,22.6,99707,1.00,4.00,7.00,9.00,0.0128,0
2023-05-13 19:14:52,1684019692,13.9,22.7,99729,1.00,4.00,6.00,7.00,0.0135,0
2023-05-13 19:19:44,1684019984,13.8,22.6,99800,1.00,2.00,4.00,5.00,0.0123,0
2023-05-13 19:24:57,1684020298,13.7,22.6,99800,1.00,2.00,4.00,5.00,0.0117,0
2023-05-13 19:29:49,1684020590,13.6,22.6,99800,2.00,5.00,7.00,8.00,0.0160,0
2023-05-13 19:34:41,1684020882,13.5,23.0,99800,1.00,3.00,5.00,6.00,0.0166,0
2023-05-13 19:39:54,1684021195,13.5,23.2,99800,1.00,2.00,4.00,5.00,0.0166,0
2023-05-13 19:44:46,1684021486,13.4,23.5,99800,1e-7,2.00,4.00,5.00,0.0141,0
2023-05-13 19:49:59,1684021800,13.3,23.5,99800,1.00,2.00,4.00,4.00,0.0125,0
2023-05-13 19:54:51,1684022092,13.2,23.5,99800,1.00,3.00,4.00,5.00,0.0101,0
2023-05-13 19:59:44,1684022384,13.2,23.6,99800,1.00,2.00,4.00,4.00,0.0106,0
2023-05-13 20:04:56,1684022697,13.1,23.7,99833,2.00,7.00,11.0,13.0,0.0260,0
2023-05-13 20:09:48,1684022989,13.0,23.9,99800,1.00,2.00,4.00,4.00,0.0269,0
2023-05-13 20:14:40,1684023281,13.0,24.0,99800,1.00,2.00,4.00,4.00,0.0411,0
2023-05-13 20:19:53,1684023593,12.9,24.1,99800,1e-7,2.00,4.00,5.00,0.0285,0
2023-05-13 20:24:46,1684023886,12.7,24.2,99836,1.00,4.00,6.00,7.00,0.0107,0
2023-05-13 20:29:39,1684024180,12.7,24.6,99879,1.00,4.00,6.00,7.00,0.0184,0
2023-05-13 20:34:53,1684024493,12.6,24.7,99860,1.00,4.00,6.00,7.00,0.0187,0
2023-05-13 20:39:45,1684024785,12.5,24.7,99900,2.00,7.00,11.0,13.0,0.0212,0
2023-05-13 20:44:59,1684025099,12.5,24.8,99900,2.00,7.00,11.0,13.0,0.0585,0
2023-05-13 20:49:52,1684025392,12.5,25.0,99900,1.00,2.00,4.00,5.00,0.0585,0
2023-05-13 20:54:45,1684025685,12.4,25.2,99900,4.00,16.0,26.0,30.0,0.0182,0
2023-05-13 20:59:58,1684025999,12.4,25.2,99900,1.00,2.00,4.00,5.00,0.0207,0
2023-05-13 21:04:51,1684026292,12.3,25.4,99900,1.00,4.00,6.00,7.00,0.0531,0
2023-05-13 21:09:44,1684026584,12.3,25.8,99900,1.00,2.00,4.00,5.00,0.0300,0
2023-05-13 21:14:58,1684026899,12.2,25.7,99900,1.00,4.00,7.00,8.00,0.0143,0
2023-05-13 21:19:51,1684027191,12.2,25.9,99900,1.00,3.00,4.00,5.00,0.0163,0
2023-05-13 21:24:43,1684027484,12.1,26.1,99900,1.00,3.00,4.00,5.00,0.0163,0
2023-05-13 21:29:57,1684027798,12.1,26.0,99900,1.00,4.00,7.00,9.00,0.0264,0
2023-05-13 21:34:50,1684028091,12.1,26.0,99900,2.00,8.00,12.0,14.0,0.0271,0
2023-05-13 21:39:43,1684028383,12.1,25.9,99900,1.00,5.00,7.00,9.00,0.0443,0
2023-05-13 21:44:56,1684028696,12.1,26.1,99900,1.00,3.00,5.00,6.00,0.0443,0
2023-05-13 21:49:48,1684028989,12.1,26.3,99900,1e-7,2.00,4.00,5.00,0.0184,0
2023-05-13 21:54:41,1684029281,12.1,26.1,99900,1.00,2.00,3.00,4.00,0.0125,0
2023-05-13 21:59:55,1684029595,12.1,26.4,99900,1.00,2.00,4.00,5.00,0.0102,0
2023-05-13 22:04:47,1684029887,12.1,26.4,99900,2.00,4.00,6.00,7.00,0.0169,0
2023-05-13 22:09:40,1684030181,12.0,26.2,99900,1.00,3.00,5.00,6.00,0.0169,0
2023-05-13 22:14:54,1684030495,12.0,26.4,99900,1e-7,2.00,4.00,5.00,0.0162,0
2023-05-13 22:19:46,1684030787,11.9,26.4,99900,1.00,2.00,4.00,5.00,0.0132,0
2023-05-13 22:24:59,1684031100,11.9,26.3,99900,1.00,2.00,4.00,5.00,0.00995,0
2023-05-13 22:29:52,1684031392,11.9,26.5,99900,1.00,2.00,3.00,3.00,0.0101,0
2023-05-13 22:34:44,1684031685,11.8,26.6,99900,1.00,5.00,8.00,9.00,0.0128,0
2023-05-13 22:39:58,1684031999,11.8,26.6,99900,1e-7,2.00,4.00,5.00,0.0184,0
2023-05-13 22:44:51,1684032292,11.8,27.0,99900,1.00,2.00,4.00,5.00,0.0154,0
2023-05-13 22:49:45,1684032585,11.8,26.9,99900,1.00,2.00,4.00,5.00,0.0118,0
2023-05-13 22:54:59,1684032899,11.8,26.8,99900,1.00,5.00,8.00,10.0,0.0174,0
2023-05-13 22:59:51,1684033192,11.8,26.9,99900,1e-7,2.00,4.00,5.00,0.0248,0
2023-05-13 23:04:43,1684033484,11.8,27.0,99900,2.00,2.00,4.00,4.00,0.0291,0
2023-05-13 23:09:57,1684033797,11.8,26.9,99900,1.00,4.00,7.00,8.00,0.0291,0
2023-05-13 23:14:50,1684034090,11.7,27.0,99900,1.00,4.00,7.00,8.00,0.0162,0
2023-05-13 23:19:42,1684034383,11.7,27.5,99900,1.00,4.00,6.00,8.00,0.0162,0
2023-05-13 23:24:56,1684034696,11.7,27.3,99900,1e-7,2.00,4.00,5.00,0.0125,0
2023-05-13 23:29:49,1684034989,11.7,27.4,99900,2.00,6.00,9.00,10.0,0.0140,0
2023-05-13 23:34:42,1684035282,11.7,27.7,99900,1.00,2.00,4.00,5.00,0.0225,0
2023-05-13 23:39:55,1684035596,11.7,27.4,99900,1e-7,2.00,4.00,5.00,0.0249,0
2023-05-13 23:44:47,1684035888,11.7,27.6,99900,2.00,7.00,11.0,13.0,0.0154,0
2023-05-13 23:49:40,1684036180,11.6,27.7,99900,1e-7,2.00,3.00,3.00,0.0225,0
2023-05-13 23:54:54,1684036494,11.6,27.9,99900,1.00,4.00,7.00,8.00,0.0206,0
2023-05-13 23:59:46,1684036787,11.6,27.5,99900,1e-7,2.00,4.00,4.00,0.0131,0
2023-05-14 00:04:40,1684037080,11.6,27.6,99900,1e-7,2.00,4.00,5.00,0.0123,0
2023-05-14 00:09:53,1684037394,11.6,27.7,99900,1e-7,2.00,4.00,5.00,0.00995,0
2023-05-14 00:14:46,1684037686,11.6,27.7,99900,1e-7,2.00,4.00,5.00,0.0101,0
2023-05-14 00:19:59,1684038000,11.5,27.9,99900,1e-7,2.00,4.00,5.00,0.00995,0
2023-05-14 00:24:53,1684038293,11.5,28.0,99900,1.00,3.00,5.00,6.00,0.0120,0
2023-05-14 00:29:45,1684038586,11.5,28.0,99900,1.00,2.00,4.00,4.00,0.0127,0
2023-05-14 00:34:59,1684038899,11.5,28.0,99900,1e-7,2.00,4.00,5.00,0.0118,0
2023-05-14 00:39:52,1684039193,11.5,28.2,99900,1.00,2.00,4.00,4.00,0.0103,0
2023-05-14 00:44:45,1684039486,11.4,28.2,99900,1e-7,2.00,3.00,3.00,0.0104,0
2023-05-14 00:49:59,1684039799,11.4,28.3,99900,1e-7,2.00,4.00,4.00,0.0103,0
2023-05-14 00:54:52,1684040092,11.4,28.2,99900,1e-7,2.00,4.00,5.00,0.0101,0
2023-05-14 00:59:45,1684040385,11.4,28.2,99900,1.00,4.00,6.00,7.00,0.0149,0
2023-05-14 01:04:58,1684040699,11.3,28.3,99900,1.00,2.00,3.00,4.00,0.0127,0
2023-05-14 01:09:52,1684040992,11.3,28.5,99900,1e-7,2.00,4.00,5.00,0.0137,0
2023-05-14 01:14:45,1684041286,11.3,28.7,99900,1.00,2.00,4.00,5.00,0.0107,0
2023-05-14 01:19:59,1684041600,11.3,28.8,99900,1e-7,2.00,3.00,3.00,0.0103,0
2023-05-14 01:24:52,1684041892,11.2,28.8,99900,1e-7,2.00,3.00,3.00,0.0109,0
2023-05-14 01:29:45,1684042185,11.1,28.7,99900,1.00,5.00,8.00,10.0,0.0103,0
2023-05-14 01:34:58,1684042499,11.1,29.1,99900,1.00,4.00,7.00,8.00,0.0378,0
2023-05-14 01:39:51,1684042791,11.1,29.3,99900,2.00,5.00,7.00,8.00,0.0348,0
2023-05-14 01:44:43,1684043084,11.1,29.4,99900,2.00,5.00,9.00,10.0,0.0192,0
2023-05-14 01:49:57,1684043398,11.0,29.4,99900,1e-7,2.00,4.00,5.00,0.0233,0
2023-05-14 01:54:49,1684043690,11.0,29.5,99900,1.00,4.00,7.00,8.00,0.0234,0
2023-05-14 01:59:42,1684043983,11.0,29.6,99900,1.00,2.00,4.00,5.00,0.0117,0
2023-05-14 02:04:56,1684044296,11.0,29.6,99900,1.00,2.00,4.00,5.00,0.0110,0
2023-05-14 02:09:49,1684044590,11.0,29.7,99900,1.00,2.00,4.00,4.00,0.0101,0
2023-05-14 02:14:43,1684044883,11.0,29.8,99900,1.00,4.00,7.00,9.00,0.0136,0
2023-05-14 02:19:57,1684045197,11.0,29.9,99900,1.00,4.00,7.00,8.00,0.0159,0
2023-05-14 02:24:50,1684045490,11.0,29.9,99900,2.00,7.00,12.0,14.0,0.0207,0
2023-05-14 02:29:42,1684045782,11.0,30.1,99900,3.00,5.00,6.00,7.00,0.0158,0
2023-05-14 02:34:55,1684046096,11.0,30.2,99900,3.00,5.00,7.00,8.00,0.0220,0
2023-05-14 02:39:48,1684046389,10.9,30.1,99900,1.00,4.00,6.00,7.00,0.0133,0
2023-05-14 02:44:41,1684046682,10.9,30.1,99900,1.00,4.00,7.00,8.00,0.0154,0
2023-05-14 02:49:55,1684046996,10.8,30.2,99900,1.00,5.00,8.00,9.00,0.0130,0
2023-05-14 02:54:48,1684047288,10.8,30.3,99900,2.00,5.00,7.00,9.00,0.0241,0
2023-05-14 02:59:41,1684047581,10.7,30.4,99900,1.00,2.00,4.00,5.00,0.0149,0
2023-05-14 03:04:54,1684047895,10.6,30.3,99900,1.00,3.00,5.00,5.00,0.0182,0
2023-05-14 03:09:47,1684048188,10.6,30.6,99900,1.00,3.00,5.00,6.00,0.0131,0
2023-05-14 03:14:40,1684048481,10.6,30.8,99900,1.00,4.00,6.00,7.00,0.0172,0
2023-05-14 03:19:54,1684048795,10.6,31.0,99900,1.00,4.00,7.00,8.00,0.0172,0
2023-05-14 03:24:48,1684049089,10.6,30.9,99900,2.00,2.00,4.00,5.00,0.0182,0
2023-05-14 03:29:42,1684049382,10.6,30.8,99900,1.00,3.00,4.00,5.00,0.0147,0
2023-05-14 03:34:57,1684049697,10.7,30.6,99900,1.00,5.00,8.00,9.00,0.0118,0
2023-05-14 03:39:50,1684049990,10.6,30.9,99900,1.00,2.00,3.00,4.00,0.0115,0
2023-05-14 03:44:43,1684050283,10.6,31.2,99900,1.00,2.00,3.00,4.00,0.0168,0
2023-05-14 03:49:57,1684050597,10.5,31.1,99900,2.00,5.00,7.00,9.00,0.0299,0
2023-05-14 03:54:51,1684050892,10.5,31.2,99900,1.00,4.00,7.00,8.00,0.0426,0
2023-05-14 03:59:44,1684051185,10.4,31.2,99900,2.00,5.00,7.00,9.00,0.0170,0
2023-05-14 04:04:59,1684051500,10.4,31.4,99900,2.00,6.00,9.00,11.0,0.0207,0
2023-05-14 04:09:52,1684051792,10.4,31.6,99879,1.00,4.00,6.00,7.00,0.0194,0
2023-05-14 04:14:45,1684052086,10.4,31.8,99893,1e-7,2.00,4.00,5.00,0.0134,0
2023-05-14 04:19:39,1684052380,10.4,31.8,99900,1.00,2.00,4.00,4.00,0.0144,0
2023-05-14 04:24:53,1684052693,10.4,31.7,99900,3.00,6.00,8.00,9.00,0.0144,0
2023-05-14 04:29:47,1684052987,10.3,31.8,99893,1e-7,2.00,4.00,5.00,0.0191,0
2023-05-14 04:34:40,1684053281,10.2,32.4,99857,2.00,5.00,8.00,9.00,0.0186,0
2023-05-14 04:39:55,1684053596,10.1,32.6,99867,4.00,15.0,23.0,27.0,0.0624,0
2023-05-14 04:44:49,1684053889,10.0,32.6,99800,1.00,4.00,7.00,9.00,0.0389,0
2023-05-14 04:49:41,1684054182,9.93,32.6,99800,2.00,7.00,11.0,13.0,0.0510,0
2023-05-14 04:54:55,1684054496,9.87,32.7,99800,2.00,8.00,12.0,15.0,0.0221,0
2023-05-14 04:59:48,1684054788,9.81,32.6,99800,1.00,4.00,6.00,7.00,0.0207,0
2023-05-14 05:04:41,1684055081,9.76,33.0,99821,1.00,4.00,6.00,7.00,0.0163,0
2023-05-14 05:09:54,1684055395,9.70,32.7,99893,2.00,2.00,4.00,4.00,0.0227,0
2023-05-14 05:14:48,1684055689,9.68,32.9,99900,1.00,3.00,5.00,6.00,0.0227,0
2023-05-14 05:19:42,1684055982,9.68,33.0,99900,1.00,5.00,8.00,10.0,0.0190,0
2023-05-14 05:24:56,1684056297,9.71,33.0,99900,2.00,8.00,12.0,14.0,0.0230,0
2023-05-14 05:29:50,1684056590,9.77,32.7,99900,2.00,6.00,9.00,11.0,0.0170,0
2023-05-14 05:33:40,1684056820,9.77,32.6,99900,1.00,2.00,4.00,5.00,0.0170,0
2023-05-14 06:47:15,1684061235,16.2,23.9,99900,1.00,2.00,4.00,5.00,,
2023-05-14 08:14:47,1684066488,20.2,18.3,99900,1.00,4.00,6.00,7.00,,
2023-05-14 08:17:53,1684066673,20.5,18.1,99900,1.00,1.00,2.00,2.00,,
2023-05-14 09:09:58,1684069799,20.9,16.4,99900,1.00,2.00,4.00,5.00,,
2023-05-14 09:14:48,1684070088,20.9,16.7,99900,1.00,3.00,6.00,7.00,0.0101,0
2023-05-14 09:19:17,1684070357,21.0,16.9,99900,1.00,4.00,6.00,8.00,0.0121,0
2023-05-14 09:34:53,1684071294,21.5,16.5,100000,1e-7,2.00,4.00,4.00,0.0118,0
2023-05-14 09:38:19,1684071500,21.6,16.0,100000,1.00,4.00,7.00,9.00,0.0127,0
2023-05-14 09:44:43,1684071884,21.6,16.0,100000,1.00,2.00,3.00,4.00,0.0111,0
2023-05-14 09:49:54,1684072195,21.3,15.9,99987,1e-7,2.00,3.00,3.00,0.0132,0
2023-05-14 09:54:23,1684072464,21.1,16.1,99908,1.00,2.00,4.00,4.00,0.0203,0
2023-05-14 10:09:42,1684073382,21.3,15.7,99993,2.00,5.00,7.00,9.00,0.0238,0
2023-05-14 10:13:28,1684073609,21.2,15.3,99955,2.00,7.00,12.0,14.0,0.0233,0
2023-05-14 10:19:53,1684073993,21.1,15.3,100000,1.00,3.00,5.00,5.00,0.0194,0
2023-05-14 10:24:42,1684074283,21.0,15.2,100000,1.00,5.00,8.00,9.00,0.0176,0
2023-05-14 10:29:53,1684074594,21.0,14.9,100000,1.00,3.00,4.00,5.00,0.0176,0
2023-05-14 10:30:55,1684074655,21.0,15.0,99933,2.00,6.00,9.00,10.0,0.0119,0
2023-05-14 10:39:53,1684075194,20.8,14.8,100000,1.00,2.00,4.00,5.00,0.0425,0
2023-05-14 10:44:43,1684075483,20.7,15.1,100000,1.00,4.00,7.00,9.00,0.0245,0
2023-05-14 10:47:08,1684075628,20.7,15.3,100000,1.00,2.00,4.00,4.00,0.0245,0
2023-05-14 10:59:51,1684076391,21.1,14.9,99907,1.00,3.00,4.00,5.00,0.0240,0
2023-05-14 11:04:41,1684076681,21.1,14.6,99900,2.00,2.00,3.00,3.00,0.0120,0
2023-05-14 11:14:58,1684077299,21.2,14.4,99900,1.00,5.00,9.00,10.0,0.0108,0
2023-05-14 11:19:48,1684077588,21.2,14.7,99900,1.00,5.00,8.00,9.00,0.0132,0
2023-05-14 11:22:13,1684077733,21.5,14.9,99900,1.00,3.00,6.00,7.00,0.0165,0
2023-05-14 11:34:54,1684078495,21.6,13.8,99900,1.00,3.00,5.00,6.00,0.0107,0
2023-05-14 11:39:44,1684078785,21.4,13.7,99900,1.00,2.00,3.00,4.00,0.00991,0
2023-05-14 11:49:57,1684079397,21.3,13.9,99900,1.00,4.00,6.00,7.00,0.0121,0
2023-05-14 11:54:46,1684079687,21.2,13.8,99900,1.00,3.00,4.00,5.00,0.0113,0
2023-05-14 11:57:32,1684079853,21.3,13.5,99900,1e-7,1.00,2.00,2.00,0.0111,0
2023-05-14 12:09:47,1684080587,21.3,13.8,99900,1.00,4.00,7.00,8.00,0.0149,0
2023-05-14 12:14:57,1684080898,21.6,14.0,99900,1.00,2.00,4.00,4.00,0.0208,0
2023-05-14 12:24:56,1684081496,21.6,12.6,99900,2.00,4.00,7.00,8.00,0.0106,0
2023-05-14 12:29:45,1684081786,21.6,12.8,99900,2.00,3.00,5.00,6.00,0.0202,0
2023-05-14 12:32:31,1684081951,21.7,12.9,99900,1.00,3.00,4.00,4.00,0.0214,0
2023-05-14 12:44:53,1684082694,22.0,12.7,99900,2.00,4.00,7.00,8.00,0.0129,0
2023-05-14 12:49:43,1684082983,22.3,13.1,99829,1.00,2.00,4.00,5.00,0.0143,0
2023-05-14 12:50:03,1684083004,22.4,13.4,99800,1e-7,2.00,3.00,4.00,0.0100,0
2023-05-14 12:59:47,1684083588,22.5,12.7,99817,5.00,14.0,21.0,24.0,0.0323,0
2023-05-14 13:04:58,1684083898,22.6,13.1,99800,2.00,5.00,9.00,10.0,0.107,0
2023-05-14 13:07:43,1684084064,22.7,13.0,99800,2.00,4.00,6.00,7.00,0.0882,0
2023-05-14 13:19:45,1684084785,23.2,12.8,99800,2.00,4.00,5.00,5.00,0.0882,0
2023-05-14 13:24:55,1684085095,23.3,11.6,99800,4.00,4.00,4.00,5.00,0.0512,0
2023-05-14 13:25:15,1684085116,23.3,12.3,99800,3.00,4.00,6.00,6.00,0.0122,0
2023-05-14 13:34:55,1684085695,23.2,12.1,99800,1.00,2.00,2.00,3.00,0.0122,0
2023-05-14 13:39:44,1684085985,23.1,12.1,99800,2.00,6.00,10.0,12.0,0.0143,0
2023-05-14 13:42:50,1684086171,23.1,12.5,99800,1.00,2.00,4.00,4.00,0.0165,0
2023-05-14 13:49:47,1684086588,23.4,11.5,99800,1e-7,2.00,4.00,5.00,0.0175,0
2023-05-14 13:54:57,1684086898,23.3,11.0,99800,1.00,2.00,4.00,4.00,0.0175,0
2023-05-14 13:59:47,1684087187,23.0,11.6,99800,1.00,2.00,3.00,4.00,0.0117,0
2023-05-14 14:00:28,1684087228,23.0,11.0,99800,1e-7,1.00,1.00,2.00,0.00982,0
2023-05-14 14:09:44,1684087785,23.0,11.5,99800,1.00,4.00,5.00,6.00,0.0117,0
2023-05-14 14:14:54,1684088095,23.0,11.5,99800,2.00,6.00,9.00,10.0,0.0127,0
2023-05-14 14:18:01,1684088281,22.9,11.8,99800,1.00,3.00,4.00,4.00,0.0133,0
2023-05-14 14:29:41,1684088982,22.9,11.2,99800,1.00,2.00,3.00,4.00,0.0143,0
2023-05-14 14:34:52,1684089292,22.8,11.6,99800,1.00,4.00,6.00,7.00,0.0159,0
2023-05-14 14:36:55,1684089416,22.8,11.7,99800,1.00,4.00,6.00,7.00,0.0104,0
2023-05-14 14:44:42,1684089882,23.0,11.2,99800,3.00,5.00,6.00,6.00,0.0169,0
2023-05-14 14:49:52,1684090192,23.0,11.3,99800,1.00,4.00,6.00,7.00,0.0151,0
2023-05-14 14:54:20,1684090461,23.1,11.5,99800,2.00,4.00,7.00,8.00,0.0125,0
2023-05-14 15:04:53,1684091094,23.4,11.1,99800,1.00,2.00,3.00,4.00,0.0115,0
2023-05-14 15:09:43,1684091384,23.5,10.9,99800,2.00,7.00,11.0,13.0,0.0131,0
2023-05-14 15:10:24,1684091425,23.5,11.0,99800,1.00,1.00,1.00,1.00,0.0131,0
2023-05-14 15:19:54,1684091994,23.4,11.5,99800,2.00,4.00,6.00,7.00,0.0136,0
2023-05-14 15:24:43,1684092284,23.4,11.4,99800,49.0,138,209,244,0.0581,0
2023-05-14 15:28:10,1684092491,23.4,11.1,99800,1.00,4.00,7.00,8.00,0.0624,0
2023-05-14 15:39:40,1684093180,23.3,11.1,99800,1.00,4.00,6.00,8.00,0.0651,0
2023-05-14 15:44:50,1684093490,23.3,11.1,99800,1.00,3.00,5.00,5.00,0.0718,0
2023-05-14 15:45:52,1684093553,23.2,11.3,99800,1.00,1.00,2.00,2.00,0.0107,0
2023-05-14 15:54:49,1684094089,23.3,11.0,99800,1.00,4.00,7.00,8.00,0.00878,0
2023-05-14 15:59:59,1684094400,23.2,11.2,99800,2.00,3.00,5.00,6.00,0.0123,0
2023-05-14 16:03:05,1684094586,23.2,11.1,99800,1e-7,1.00,2.00,2.00,0.0150,0
2023-05-14 16:09:50,1684094990,22.9,11.1,99800,1.00,1.00,2.00,2.00,0.0150,0
2023-05-14 16:14:39,1684095280,22.9,11.1,99800,3.00,4.00,6.00,7.00,0.0156,0
2023-05-14 16:19:50,1684095590,22.9,11.5,99800,1.00,2.00,4.00,4.00,0.0139,0
2023-05-14 16:22:14,1684095734,23.0,11.2,99800,2.00,3.00,4.00,5.00,0.0132,0
2023-05-14 16:29:41,1684096181,23.2,11.5,99800,2.00,8.00,12.0,15.0,0.0114,0
2023-05-14 16:34:51,1684096492,23.2,11.4,99800,1.00,4.00,7.00,8.00,0.0316,0
2023-05-14 16:39:41,1684096781,23.0,11.2,99800,1.00,3.00,4.00,5.00,0.0355,0
2023-05-14 16:44:51,1684097092,22.6,11.2,99800,1.00,3.00,6.00,7.00,0.0341,0
2023-05-14 16:49:41,1684097382,22.5,11.4,99800,2.00,6.00,9.00,11.0,0.0122,0
2023-05-14 16:54:52,1684097692,22.4,11.4,99800,2.00,3.00,4.00,5.00,0.0140,0
2023-05-14 16:59:42,1684097982,22.3,11.6,99800,1.00,5.00,9.00,10.0,0.0140,0
2023-05-14 17:04:52,1684098293,22.3,11.8,99800,2.00,3.00,5.00,5.00,0.0104,0
2023-05-14 17:09:42,1684098583,22.2,11.6,99800,2.00,4.00,6.00,7.00,0.0122,0
2023-05-14 17:14:53,1684098894,22.2,11.6,99800,2.00,2.00,4.00,4.00,0.0129,0
2023-05-14 17:19:43,1684099184,22.0,11.6,99800,1.00,4.00,7.00,8.00,0.0141,0
2023-05-14 17:24:54,1684099495,21.9,11.6,99800,1.00,2.00,4.00,4.00,0.0130,0
2023-05-14 17:29:44,1684099785,21.8,11.8,99800,2.00,4.00,6.00,7.00,0.0130,0
2023-05-14 17:34:57,1684100097,21.8,12.0,99800,4.00,11.0,17.0,20.0,0.0313,0
2023-05-14 17:39:47,1684100387,21.8,11.9,99800,1.00,3.00,4.00,4.00,0.0279,0
2023-05-14 17:44:58,1684100699,21.6,11.8,99800,3.00,8.00,12.0,14.0,0.0452,0
2023-05-14 17:49:49,1684100989,21.5,12.1,99800,1.00,4.00,6.00,7.00,0.0208,0
2023-05-14 17:54:59,1684101300,21.4,12.1,99800,3.00,4.00,5.00,6.00,0.0208,0
2023-05-14 17:59:50,1684101590,21.3,12.1,99800,2.00,5.00,8.00,10.0,0.0221,0
2023-05-14 18:04:40,1684101881,21.3,12.3,99800,3.00,4.00,4.00,5.00,0.0149,0
2023-05-14 18:09:51,1684102192,21.2,12.5,99800,2.00,6.00,9.00,10.0,0.0106,0
2023-05-14 18:14:42,1684102482,21.1,12.7,99800,3.00,3.00,5.00,6.00,0.0123,0
2023-05-14 18:19:53,1684102793,21.0,12.7,99800,2.00,3.00,5.00,6.00,0.0182,0
2023-05-14 18:24:43,1684103084,20.9,12.8,99800,1.00,5.00,8.00,10.0,0.0139,0
2023-05-14 18:29:55,1684103396,20.9,13.1,99800,3.00,4.00,5.00,6.00,0.0139,0
2023-05-14 18:34:45,1684103686,20.8,13.3,99800,2.00,6.00,9.00,11.0,0.0183,0
2023-05-14 18:39:56,1684103997,20.8,13.3,99800,1.00,2.00,4.00,4.00,0.0183,0
2023-05-14 18:44:46,1684104287,20.6,13.1,99800,1.00,4.00,6.00,7.00,0.0207,0
2023-05-14 18:49:57,1684104598,20.5,13.2,99800,3.00,6.00,8.00,9.00,0.0153,0
2023-05-14 18:54:48,1684104888,20.3,13.2,99800,1.00,2.00,4.00,5.00,0.0181,0
2023-05-14 18:59:59,1684105199,20.2,13.5,99800,2.00,3.00,4.00,5.00,0.0261,0
2023-05-14 19:04:49,1684105490,20.1,13.6,99800,1.00,3.00,4.00,5.00,0.0206,0
2023-05-14 19:09:40,1684105781,19.9,13.7,99800,3.00,4.00,7.00,9.00,0.0111,0
2023-05-14 19:14:52,1684106092,19.8,13.9,99800,2.00,4.00,6.00,7.00,0.00986,0
2023-05-14 19:19:42,1684106383,19.6,14.1,99800,1.00,3.00,4.00,5.00,0.0134,0
2023-05-14 19:24:54,1684106694,19.5,14.3,99800,3.00,6.00,10.0,11.0,0.0358,0
2023-05-14 19:29:45,1684106985,19.3,14.4,99850,1.00,4.00,5.00,6.00,0.0369,0
2023-05-14 19:34:57,1684107297,19.1,14.5,99873,1.00,5.00,7.00,9.00,0.0338,0
2023-05-14 19:39:48,1684107588,19.0,14.7,99900,1.00,3.00,4.00,5.00,0.0338,0
2023-05-14 19:44:59,1684107900,18.8,14.9,99900,2.00,5.00,8.00,10.0,0.0130,0
2023-05-14 19:49:50,1684108191,18.6,14.9,99900,1.00,3.00,4.00,4.00,0.0112,0
2023-05-14 19:54:42,1684108482,18.4,15.5,99900,3.00,4.00,6.00,7.00,0.0109,0
2023-05-14 19:59:54,1684108794,18.2,15.5,99900,1.00,4.00,6.00,7.00,0.0130,0
2023-05-14 20:04:45,1684109085,17.9,16.0,99900,1.00,4.00,6.00,7.00,0.0124,0
2023-05-14 20:09:57,1684109398,17.6,16.6,99900,2.00,6.00,9.00,10.0,0.0139,0
2023-05-14 20:14:48,1684109688,17.2,16.8,99900,2.00,3.00,4.00,5.00,0.0130,0
2023-05-14 20:19:39,1684109980,16.8,17.2,99900,1.00,3.00,4.00,5.00,0.0221,0
2023-05-14 20:24:52,1684110293,16.4,17.9,99900,2.00,5.00,7.00,8.00,0.0196,0
2023-05-14 20:29:44,1684110584,16.0,18.4,99900,2.00,6.00,10.0,12.0,0.0535,0
2023-05-14 20:34:56,1684110896,15.6,19.3,99900,1.00,3.00,5.00,6.00,0.0535,0
2023-05-14 20:39:48,1684111188,15.2,19.7,99900,4.00,11.0,16.0,19.0,0.0245,0
2023-05-14 20:44:39,1684111480,14.8,20.2,99900,2.00,8.00,13.0,15.0,0.0387,0
2023-05-14 20:49:52,1684111792,14.4,21.7,99900,1.00,4.00,7.00,8.00,0.0511,0
2023-05-14 20:54:44,1684112084,14.1,21.7,99900,2.00,7.00,11.0,13.0,0.0511,0
2023-05-14 20:59:57,1684112397,13.7,21.7,99900,2.00,7.00,12.0,14.0,0.0591,0
2023-05-14 21:04:49,1684112689,13.4,22.6,99900,1.00,3.00,5.00,6.00,0.0535,0
2023-05-14 21:09:40,1684112981,13.2,22.2,99900,2.00,5.00,8.00,10.0,0.0233,0
2023-05-14 21:14:53,1684113294,13.0,23.9,99900,1.00,4.00,7.00,8.00,0.0205,0
2023-05-14 21:19:45,1684113586,12.7,24.7,99900,1.00,2.00,3.00,4.00,0.0214,0
2023-05-14 21:24:59,1684113899,12.4,25.0,99900,3.00,5.00,7.00,9.00,0.0259,0
2023-05-14 21:29:52,1684114193,12.1,25.9,99900,3.00,5.00,8.00,9.00,0.0189,0
2023-05-14 21:34:45,1684114485,11.9,26.0,99900,1.00,2.00,4.00,5.00,0.0179,0
2023-05-14 21:39:58,1684114798,11.8,26.4,99900,3.00,8.00,13.0,15.0,0.0552,0
2023-05-14 21:44:50,1684115090,11.6,26.2,99900,2.00,5.00,8.00,10.0,0.138,0
2023-05-14 21:49:43,1684115383,11.5,27.1,99900,2.00,7.00,11.0,13.0,0.0816,0
2023-05-14 21:54:56,1684115696,11.3,26.3,99900,2.00,3.00,5.00,5.00,0.0760,0
2023-05-14 21:59:49,1684115989,11.2,26.6,99900,2.00,3.00,5.00,6.00,0.0365,0
2023-05-14 22:04:41,1684116282,11.0,27.1,99900,1.00,4.00,5.00,6.00,0.0134,0
2023-05-14 22:09:55,1684116596,10.9,28.3,99900,2.00,5.00,7.00,8.00,0.0110,0
2023-05-14 22:14:48,1684116889,10.7,27.9,99900,1.00,3.00,5.00,6.00,0.0166,0
2023-05-14 22:19:42,1684117182,10.6,28.4,99900,2.00,5.00,8.00,9.00,0.0150,0
2023-05-14 22:24:56,1684117497,10.4,29.8,99900,2.00,7.00,11.0,13.0,0.0277,0
2023-05-14 22:29:50,1684117790,10.3,29.4,99900,1.00,3.00,5.00,6.00,0.0586,0
2023-05-14 22:34:44,1684118084,10.1,29.3,99900,2.00,5.00,7.00,9.00,0.0444,0
2023-05-14 22:39:59,1684118399,9.95,29.3,99900,2.00,4.00,6.00,7.00,0.0444,0
2023-05-14 22:44:52,1684118693,9.81,29.9,99900,2.00,2.00,3.00,3.00,0.0129,0
2023-05-14 22:49:45,1684118985,9.66,30.4,99900,1.00,2.00,3.00,4.00,0.0227,0
2023-05-14 22:54:59,1684119300,9.50,30.2,99900,1.00,4.00,6.00,7.00,0.0119,0
2023-05-14 22:59:53,1684119594,9.37,31.5,99900,2.00,5.00,8.00,9.00,0.0110,0
2023-05-14 23:04:46,1684119887,9.23,31.5,99900,1.00,2.00,4.00,4.00,0.0138,0
2023-05-14 23:09:40,1684120180,9.08,31.9,99900,1.00,2.00,3.00,4.00,0.0136,0
2023-05-14 23:14:54,1684120494,8.93,31.7,99900,2.00,7.00,12.0,14.0,0.0215,0
2023-05-14 23:19:46,1684120787,8.78,31.9,99900,1.00,4.00,6.00,7.00,0.0215,0
2023-05-14 23:24:39,1684121080,8.64,31.9,99800,2.00,4.00,6.00,7.00,0.0156,0
2023-05-14 23:29:53,1684121394,8.53,32.6,99867,2.00,4.00,6.00,7.00,0.0132,0
2023-05-14 23:34:47,1684121687,8.39,33.3,99800,2.00,6.00,8.00,10.0,0.0132,0
2023-05-14 23:39:41,1684121981,8.28,33.6,99800,1.00,4.00,7.00,8.00,0.0141,0
2023-05-14 23:44:55,1684122296,8.20,33.7,99800,2.00,7.00,11.0,13.0,0.0216,0
2023-05-14 23:49:49,1684122590,8.17,33.7,99800,1.00,4.00,6.00,7.00,0.0216,0
2023-05-14 23:54:43,1684122884,8.16,33.8,99800,2.00,3.00,4.00,5.00,0.0208,0
2023-05-14 23:59:58,1684123198,8.17,34.2,99800,1.00,3.00,6.00,7.00,0.0180,0
2023-05-15 00:04:51,1684123492,8.19,34.2,99800,1.00,2.00,2.00,3.00,0.0118,0
2023-05-15 00:09:44,1684123785,8.25,34.0,99800,1.00,3.00,5.00,5.00,0.0123,0
2023-05-15 00:14:59,1684124099,8.40,33.6,99800,2.00,5.00,9.00,10.0,0.0167,0
2023-05-15 00:19:52,1684124393,8.58,33.5,99800,2.00,5.00,8.00,9.00,0.0167,0
2023-05-15 00:24:46,1684124686,8.75,33.5,99800,1.00,3.00,4.00,4.00,0.0106,0
2023-05-15 00:29:39,1684124980,8.91,33.8,99800,1.00,4.00,6.00,7.00,0.0190,0
2023-05-15 00:34:53,1684125294,9.02,33.9,99800,3.00,3.00,3.00,4.00,0.0134,0
2023-05-15 00:39:46,1684125587,9.09,33.5,99800,2.00,4.00,6.00,7.00,0.0110,0
2023-05-15 00:44:40,1684125881,9.13,33.8,99800,1.00,4.00,6.00,7.00,0.0150,0
2023-05-15 00:49:54,1684126195,9.15,33.5,99800,2.00,4.00,6.00,7.00,0.0150,0
2023-05-15 00:54:47,1684126487,9.20,33.0,99800,2.00,4.00,6.00,7.00,0.0263,0
2023-05-15 00:59:41,1684126782,9.25,33.0,99800,2.00,4.00,6.00,7.00,0.0263,0
2023-05-15 01:04:56,1684127097,9.28,33.3,99800,2.00,5.00,8.00,10.0,0.0129,0
2023-05-15 01:09:50,1684127391,9.23,33.6,99750,2.00,4.00,6.00,7.00,0.0280,0
2023-05-15 01:14:44,1684127685,9.14,33.7,99700,2.00,5.00,8.00,9.00,0.0280,0
2023-05-15 01:19:59,1684127999,9.03,34.0,99700,1.00,4.00,7.00,9.00,0.0201,0
2023-05-15 01:24:52,1684128292,8.93,34.6,99700,1.00,3.00,6.00,7.00,0.0238,0
2023-05-15 01:29:46,1684128587,8.86,34.3,99700,1.00,3.00,4.00,4.00,0.0304,0
2023-05-15 01:34:40,1684128881,8.81,34.6,99700,2.00,4.00,6.00,7.00,0.0153,0
2023-05-15 01:39:55,1684129196,8.76,34.5,99700,2.00,2.00,4.00,4.00,0.0144,0
2023-05-15 01:44:49,1684129490,8.70,34.6,99700,2.00,4.00,7.00,8.00,0.0152,0
2023-05-15 01:49:43,1684129784,8.63,34.8,99700,1.00,3.00,5.00,6.00,0.0146,0
2023-05-15 01:54:58,1684130099,8.53,35.1,99700,2.00,7.00,11.0,13.0,0.0251,0
2023-05-15 01:59:52,1684130393,8.44,35.5,99700,2.00,5.00,8.00,10.0,0.0586,0
2023-05-15 02:04:46,1684130687,8.37,35.6,99700,1.00,3.00,5.00,6.00,0.0396,0
2023-05-15 02:09:40,1684130981,8.34,35.8,99700,2.00,4.00,5.00,6.00,0.0716,0
2023-05-15 02:14:54,1684131295,8.31,36.3,99700,2.00,7.00,11.0,13.0,0.0279,0
2023-05-15 02:19:48,1684131589,8.31,36.0,99700,2.00,4.00,7.00,8.00,0.0399,0
2023-05-15 02:24:42,1684131883,8.37,35.9,99700,2.00,3.00,5.00,6.00,0.0241,0
2023-05-15 02:29:57,1684132198,8.46,35.6,99700,2.00,6.00,10.0,11.0,0.0384,0
2023-05-15 02:34:51,1684132492,8.59,36.2,99700,4.00,6.00,8.00,9.00,0.0168,0
2023-05-15 02:39:45,1684132786,8.70,35.8,99700,2.00,4.00,7.00,8.00,0.0151,0
2023-05-15 02:44:39,1684133080,8.83,36.3,99700,1.00,2.00,4.00,5.00,0.0202,0
2023-05-15 02:49:53,1684133394,9.09,36.7,99700,2.00,6.00,9.00,11.0,0.0278,0
2023-05-15 02:54:46,1684133687,9.31,36.5,99700,1.00,3.00,4.00,5.00,0.0309,0
2023-05-15 02:59:39,1684133980,9.41,36.0,99700,2.00,3.00,5.00,6.00,0.0148,0
2023-05-15 03:04:54,1684134295,9.44,35.7,99700,1.00,5.00,8.00,9.00,0.0112,0
2023-05-15 03:09:47,1684134587,9.46,35.4,99700,1.00,4.00,6.00,7.00,0.00887,0
2023-05-15 03:14:40,1684134880,9.47,36.1,99700,3.00,4.00,5.00,5.00,0.0174,0
2023-05-15 03:19:54,1684135195,9.60,36.3,99700,1.00,4.00,6.00,7.00,0.0151,0
2023-05-15 03:24:48,1684135489,9.78,35.9,99700,1.00,4.00,5.00,6.00,0.0139,0
2023-05-15 03:29:42,1684135783,9.95,36.6,99700,5.00,6.00,7.00,7.00,0.0124,0
2023-05-15 03:34:57,1684136098,10.1,36.4,99667,2.00,4.00,6.00,7.00,0.0158,0
2023-05-15 03:39:50,1684136391,10.3,36.1,99600,2.00,3.00,4.00,5.00,0.0158,0
2023-05-15 03:44:43,1684136684,10.5,35.9,99600,2.00,3.00,4.00,5.00,0.0125,0
2023-05-15 03:49:57,1684136997,10.5,35.6,99600,3.00,9.00,14.0,16.0,0.0241,0
2023-05-15 03:54:50,1684137290,10.5,36.1,99600,2.00,2.00,3.00,3.00,0.0420,0
2023-05-15 03:59:42,1684137583,10.5,36.2,99600,2.00,5.00,9.00,10.0,0.0420,0
2023-05-15 04:04:55,1684137896,10.4,36.2,99600,2.00,4.00,6.00,7.00,0.0298,0
2023-05-15 04:09:48,1684138189,10.3,35.9,99600,3.00,7.00,11.0,13.0,0.0298,0
2023-05-15 04:14:41,1684138481,10.3,36.0,99600,3.00,4.00,6.00,7.00,0.0158,0
2023-05-15 04:19:55,1684138795,10.3,35.7,99600,2.00,7.00,11.0,13.0,0.0136,0
2023-05-15 04:24:48,1684139089,10.3,36.0,99600,2.00,5.00,6.00,7.00,0.0333,0
2023-05-15 04:29:41,1684139382,10.3,35.9,99600,3.00,7.00,10.0,12.0,0.0297,0
2023-05-15 04:34:56,1684139697,10.3,35.9,99600,5.00,8.00,12.0,14.0,0.0739,0
2023-05-15 04:39:49,1684139990,10.3,36.1,99600,1.00,4.00,7.00,8.00,0.0739,0
2023-05-15 04:44:42,1684140283,10.3,36.2,99600,3.00,9.00,15.0,17.0,0.0502,0
2023-05-15 04:49:56,1684140597,10.2,36.7,99600,2.00,2.00,4.00,4.00,0.0237,0
2023-05-15 04:54:49,1684140889,10.1,36.7,99600,2.00,4.00,5.00,6.00,0.0339,0
2023-05-15 04:59:41,1684141182,9.94,36.8,99600,2.00,4.00,6.00,7.00,0.0256,0
2023-05-15 05:04:56,1684141496,9.81,37.0,99600,4.00,4.00,4.00,4.00,0.0173,0
2023-05-15 05:09:48,1684141789,9.66,37.3,99600,2.00,5.00,6.00,8.00,0.0164,0
2023-05-15 05:14:41,1684142082,9.54,37.4,99600,3.00,6.00,9.00,10.0,0.0292,0
2023-05-15 05:19:55,1684142395,9.47,37.6,99600,2.00,5.00,8.00,9.00,0.0268,0
2023-05-15 05:24:47,1684142688,9.43,37.5,99600,3.00,3.00,4.00,5.00,0.0167,0
2023-05-15 05:29:41,1684142981,9.38,37.9,99600,2.00,4.00,5.00,5.00,0.0157,0
2023-05-15 05:34:55,1684143295,9.30,38.2,99600,1.00,4.00,6.00,7.00,0.0188,0
2023-05-15 05:36:19,1684143380,9.23,38.2,99600,3.00,6.00,8.00,9.00,0.0119,0
2023-05-15 06:44:51,1684147491,10.9,40.1,99500,1.00,1.00,2.00,2.00,,
2023-05-15 06:45:33,1684147533,11.1,40.1,99500,3.00,5.00,6.00,7.00,,
2023-05-15 06:54:45,1684148086,12.0,39.6,99500,2.00,4.00,6.00,6.00,,
2023-05-15 06:59:58,1684148399,12.2,38.3,99500,2.00,4.00,7.00,8.00,,
2023-05-15 07:04:50,1684148691,12.5,37.8,99500,2.00,7.00,11.0,13.0,0.00931,0
2023-05-15 07:09:42,1684148983,12.9,36.6,99500,3.00,6.00,9.00,10.0,0.0156,0
2023-05-15 07:14:56,1684149296,13.2,34.9,99493,2.00,4.00,6.00,8.00,0.0205,0
2023-05-15 07:19:47,1684149588,13.5,33.7,99471,3.00,6.00,9.00,10.0,0.0302,0
2023-05-15 07:24:39,1684149879,13.8,33.1,99429,3.00,7.00,10.0,12.0,0.0207,0
2023-05-15 07:29:57,1684150197,14.1,32.8,99400,3.00,5.00,6.00,7.00,0.0449,0
2023-05-15 07:59:43,1684151984,15.7,30.3,99400,1.00,2.00,3.00,3.00,,
2023-05-15 08:00:46,1684152046,15.8,30.2,99400,1.00,3.00,5.00,6.00,,
2023-05-15 08:13:18,1684152798,15.8,29.7,99400,3.00,3.00,4.00,4.00,,
2023-05-15 08:29:48,1684153789,17.1,28.9,99300,1.00,1.00,1.00,1.00,,
2023-05-15 08:34:39,1684154080,17.1,28.6,99300,3.00,6.00,9.00,10.0,,
2023-05-15 08:39:51,1684154391,17.0,28.5,99300,3.00,6.00,9.00,10.0,0.0252,0
2023-05-15 08:41:35,1684154495,17.0,28.6,99300,3.00,6.00,9.00,10.0,0.0104,0
2023-05-15 10:34:51,1684161291,23.7,19.4,99000,2.00,2.00,2.00,2.00,,
2023-05-15 10:37:56,1684161476,23.7,19.3,99000,4.00,4.00,4.00,5.00,,
2023-05-15 10:45:53,1684161954,23.0,19.2,99000,5.00,6.00,7.00,7.00,,
2023-05-15 10:55:51,1684162551,22.5,19.8,99000,2.00,2.00,2.00,2.00,,
2023-05-15 11:29:44,1684164584,23.3,19.6,98989,3.00,4.00,4.00,5.00,,
2023-05-15 11:34:12,1684164853,23.5,19.3,98900,2.00,3.00,4.00,4.00,,
2023-05-15 11:44:49,1684165490,23.7,18.9,98900,1e-7,1e-7,1.00,1.00,,
2023-05-15 11:49:58,1684165799,23.6,19.0,98900,3.00,7.00,11.0,12.0,0.0177,0
2023-05-15 11:53:03,1684165984,23.5,19.1,98900,1.00,2.00,2.00,2.00,0.0231,0
2023-05-15 11:59:48,1684166388,22.9,19.2,98900,4.00,5.00,6.00,6.00,0.0232,0
2023-05-15 12:04:58,1684166698,22.5,19.7,98900,3.00,6.00,7.00,8.00,0.0286,0
2023-05-15 12:09:48,1684166988,22.1,20.4,98900,3.00,5.00,7.00,7.00,0.0143,0
2023-05-15 12:10:28,1684167029,21.9,20.6,98900,1.00,2.00,2.00,3.00,0.0115,0
2023-05-15 12:19:48,1684167589,21.7,20.9,98900,2.00,3.00,3.00,3.00,0.0126,0
2023-05-15 12:24:58,1684167899,21.8,20.9,98900,3.00,4.00,5.00,5.00,0.0274,0
2023-05-15 12:29:27,1684168167,21.7,20.6,98900,3.00,3.00,3.00,3.00,0.0274,0
2023-05-15 12:34:55,1684168495,21.4,20.9,98900,3.00,4.00,5.00,6.00,0.0164,0
2023-05-15 12:39:45,1684168785,21.1,21.0,98900,2.00,5.00,8.00,9.00,0.0149,0
2023-05-15 12:44:14,1684169055,21.0,21.4,98900,5.00,12.0,19.0,22.0,0.0208,0
2023-05-15 12:59:52,1684169992,21.7,20.3,98800,2.00,4.00,5.00,6.00,0.0320,0
2023-05-15 13:03:18,1684170198,21.8,20.0,98800,2.00,4.00,6.00,7.00,0.0320,0
2023-05-15 13:09:52,1684170592,22.1,20.0,98800,4.00,5.00,6.00,6.00,0.0375,0
2023-05-15 13:14:41,1684170882,22.2,20.4,98800,3.00,4.00,5.00,6.00,0.0251,0
2023-05-15 13:19:31,1684171171,22.3,20.1,98800,4.00,4.00,5.00,6.00,0.0183,0
2023-05-15 13:29:58,1684171798,22.0,20.6,98800,2.00,2.00,3.00,3.00,0.0183,0
2023-05-15 13:34:47,1684172088,21.9,20.6,98800,4.00,5.00,7.00,8.00,0.0149,0
2023-05-15 13:38:34,1684172315,21.9,20.6,98791,3.00,3.00,4.00,4.00,0.0149,0
2023-05-15 13:44:57,1684172698,21.4,20.5,98700,2.00,4.00,6.00,7.00,0.0120,0
2023-05-15 13:49:47,1684172988,21.3,20.9,98700,3.00,9.00,14.0,16.0,0.0364,0
2023-05-15 13:54:58,1684173298,21.5,21.2,98700,3.00,7.00,11.0,13.0,0.0364,0
2023-05-15 13:55:59,1684173360,21.8,21.4,98700,2.00,3.00,4.00,5.00,0.00989,0
2023-05-15 14:04:59,1684173899,22.5,20.6,98700,2.00,5.00,7.00,8.00,0.0108,0
2023-05-15 14:09:49,1684174189,22.8,20.1,98700,4.00,5.00,6.00,7.00,0.0179,0
2023-05-15 14:14:55,1684174495,22.9,20.0,98700,2.00,4.00,5.00,5.00,0.0131,0
2023-05-15 14:19:44,1684174785,22.7,19.6,98700,3.00,5.00,6.00,7.00,0.0112,0
2023-05-15 14:24:55,1684175096,22.3,20.0,98633,2.00,5.00,8.00,9.00,0.0116,0
2023-05-15 14:29:45,1684175386,21.9,20.2,98600,3.00,4.00,5.00,6.00,0.0116,0
2023-05-15 14:34:56,1684175697,21.6,20.6,98600,5.00,9.00,12.0,14.0,0.0260,0
2023-05-15 14:39:46,1684175986,21.6,21.2,98600,3.00,4.00,6.00,6.00,0.0260,0
2023-05-15 14:44:57,1684176297,21.7,21.3,98600,3.00,5.00,6.00,7.00,0.0227,0
2023-05-15 14:47:22,1684176442,21.8,21.4,98600,3.00,3.00,4.00,4.00,0.0141,0
2023-05-15 15:09:50,1684177790,21.7,20.7,98600,4.00,4.00,4.00,5.00,,
2023-05-15 15:14:39,1684178080,21.6,21.6,98600,5.00,9.00,11.0,13.0,,
2023-05-15 15:19:50,1684178391,21.3,22.0,98600,4.00,5.00,7.00,8.00,,
2023-05-15 15:22:36,1684178556,21.1,22.1,98600,4.00,6.00,8.00,9.00,0.0159,0
2023-05-15 15:29:55,1684178995,20.9,22.7,98600,5.00,9.00,13.0,15.0,0.0159,0
2023-05-15 15:34:45,1684179286,20.9,22.7,98586,3.00,6.00,8.00,9.00,0.0436,0
2023-05-15 15:39:56,1684179596,20.9,22.8,98520,5.00,8.00,11.0,13.0,0.0436,0
2023-05-15 15:40:17,1684179617,20.8,23.4,98600,2.00,3.00,3.00,4.00,0.0160,0
2023-05-15 15:54:43,1684180484,20.6,23.6,98600,3.00,6.00,8.00,9.00,0.0160,0
2023-05-15 15:59:12,1684180753,20.7,23.4,98592,3.00,5.00,6.00,6.00,0.0233,0
2023-05-15 16:04:47,1684181088,21.1,23.2,98538,1.00,3.00,4.00,5.00,0.0400,0
2023-05-15 16:09:58,1684181399,21.3,22.7,98547,3.00,5.00,7.00,8.00,0.0400,0
2023-05-15 16:14:48,1684181689,21.5,22.2,98500,4.00,5.00,6.00,6.00,0.0195,0
2023-05-15 16:15:29,1684181730,21.6,22.2,98500,1.00,3.00,4.00,4.00,0.0132,0
2023-05-15 16:24:45,1684182286,21.9,21.4,98500,4.00,7.00,8.00,9.00,0.0132,0
2023-05-15 16:29:56,1684182596,21.9,21.2,98500,2.00,3.00,5.00,5.00,0.0134,0
2023-05-15 16:34:24,1684182865,22.0,21.5,98500,5.00,12.0,18.0,21.0,0.0165,0
2023-05-15 16:44:42,1684183483,22.2,20.7,98500,4.00,4.00,4.00,5.00,0.0249,0
2023-05-15 16:49:52,1684183793,22.2,20.9,98500,3.00,6.00,8.00,10.0,0.0366,0
2023-05-15 16:52:37,1684183958,22.2,20.8,98500,2.00,2.00,3.00,3.00,0.0207,0
2023-05-15 16:59:43,1684184383,22.0,21.0,98400,4.00,6.00,8.00,9.00,0.0182,0
2023-05-15 17:04:53,1684184694,22.0,21.2,98400,3.00,5.00,7.00,8.00,0.0150,0
2023-05-15 17:09:43,1684184983,21.9,21.3,98400,3.00,4.00,5.00,5.00,0.0122,0
2023-05-15 17:14:45,1684185285,21.9,21.5,98400,2.00,2.00,2.00,2.00,0.0122,0
2023-05-15 17:19:55,1684185595,21.9,21.5,98400,3.00,7.00,10.0,12.0,0.0160,0
2023-05-15 17:24:45,1684185885,21.8,21.5,98400,3.00,4.00,6.00,7.00,0.0199,0
2023-05-15 17:29:56,1684186196,21.8,21.6,98400,2.00,4.00,5.00,6.00,0.0199,0
2023-05-15 17:34:46,1684186486,21.6,22.5,98407,4.00,4.00,4.00,5.00,0.0153,0
2023-05-15 17:39:57,1684186798,21.3,23.1,98460,5.00,6.00,7.00,8.00,0.0185,0
2023-05-15 17:44:47,1684187088,21.1,23.5,98457,3.00,7.00,10.0,11.0,0.0185,0
2023-05-15 17:49:58,1684187399,20.9,23.7,98400,4.00,7.00,9.00,10.0,0.0146,0
2023-05-15 17:54:49,1684187689,20.7,24.1,98400,4.00,6.00,9.00,10.0,0.0251,0
2023-05-15 17:59:39,1684187980,20.6,24.2,98400,4.00,8.00,12.0,13.0,0.0146,0
2023-05-15 18:04:50,1684188291,20.6,24.6,98400,4.00,7.00,10.0,12.0,0.0509,0
2023-05-15 18:09:41,1684188581,20.5,24.7,98400,5.00,5.00,6.00,7.00,0.0602,0
2023-05-15 18:14:51,1684188892,20.6,24.6,98400,4.00,4.00,5.00,5.00,0.0602,0
2023-05-15 18:19:41,1684189182,20.6,24.7,98400,7.00,11.0,14.0,15.0,0.0212,0
2023-05-15 18:24:52,1684189493,20.6,24.7,98400,5.00,7.00,11.0,12.0,0.0387,0
2023-05-15 18:29:42,1684189783,20.7,24.7,98400,7.00,9.00,10.0,11.0,0.0387,0
2023-05-15 18:34:54,1684190095,20.7,24.8,98400,8.00,8.00,9.00,11.0,0.0321,0
2023-05-15 18:39:45,1684190385,20.7,25.0,98400,4.00,7.00,9.00,10.0,0.0270,0
2023-05-15 18:44:56,1684190696,20.6,25.0,98400,8.00,9.00,10.0,10.0,0.0317,0
2023-05-15 18:49:46,1684190986,20.5,25.4,98400,6.00,7.00,8.00,9.00,0.0380,0
2023-05-15 18:54:57,1684191297,20.4,25.5,98400,5.00,7.00,9.00,10.0,0.0446,0
2023-05-15 18:59:48,1684191588,20.3,25.5,98400,5.00,6.00,9.00,10.0,0.0231,0
2023-05-15 19:04:59,1684191900,20.3,25.7,98400,4.00,6.00,9.00,10.0,0.0193,0
2023-05-15 19:09:50,1684192190,20.2,25.8,98400,5.00,10.0,15.0,18.0,0.0215,0
2023-05-15 19:14:40,1684192481,20.1,25.9,98400,5.00,7.00,9.00,10.0,0.0244,0
2023-05-15 19:19:51,1684192792,20.1,26.0,98400,5.00,8.00,11.0,12.0,0.0222,0
2023-05-15 19:24:42,1684193082,20.0,26.0,98400,4.00,6.00,7.00,8.00,0.0105,0
2023-05-15 19:29:53,1684193394,20.0,26.3,98400,4.00,6.00,6.00,7.00,0.0242,0
2023-05-15 19:34:43,1684193684,19.8,26.3,98400,5.00,6.00,7.00,8.00,0.0145,0
2023-05-15 19:39:55,1684193995,19.7,26.6,98387,4.00,5.00,6.00,6.00,0.0145,0
2023-05-15 19:44:45,1684194286,19.6,27.1,98300,5.00,8.00,12.0,14.0,0.0162,0
2023-05-15 19:49:57,1684194597,19.5,27.2,98300,7.00,12.0,16.0,18.0,0.0437,0
2023-05-15 19:54:47,1684194888,19.4,27.2,98393,5.00,8.00,10.0,10.0,0.0437,0
2023-05-15 19:59:59,1684195199,19.3,27.4,98400,4.00,6.00,9.00,10.0,0.0324,0
2023-05-15 20:04:49,1684195490,19.2,27.7,98400,4.00,8.00,11.0,12.0,0.0282,0
2023-05-15 20:09:40,1684195781,19.1,28.1,98400,4.00,5.00,6.00,7.00,0.0119,0
2023-05-15 20:14:52,1684196093,19.0,28.6,98400,4.00,7.00,10.0,11.0,0.0211,0
2023-05-15 20:19:43,1684196383,18.8,29.1,98400,5.00,8.00,11.0,13.0,0.0584,0
2023-05-15 20:24:54,1684196695,18.7,29.2,98400,4.00,5.00,7.00,8.00,0.0571,0
2023-05-15 20:29:46,1684196986,18.7,29.3,98400,3.00,4.00,6.00,7.00,0.0632,0
2023-05-15 20:34:57,1684197298,18.6,29.4,98400,4.00,7.00,10.0,11.0,0.0449,0
2023-05-15 20:39:48,1684197588,18.5,29.7,98400,4.00,6.00,8.00,9.00,0.0189,0
2023-05-15 20:44:59,1684197900,18.5,29.9,98400,5.00,9.00,12.0,14.0,0.0300,0
2023-05-15 20:49:51,1684198191,18.4,30.3,98400,3.00,5.00,7.00,7.00,0.0417,0
2023-05-15 20:54:41,1684198482,18.3,30.6,98400,3.00,6.00,7.00,8.00,0.0361,0
2023-05-15 20:59:53,1684198794,18.2,31.0,98400,4.00,7.00,10.0,12.0,0.0290,0
2023-05-15 21:04:44,1684199085,18.1,31.0,98400,4.00,6.00,8.00,9.00,0.0284,0
2023-05-15 21:09:56,1684199396,18.0,31.0,98400,3.00,6.00,7.00,8.00,0.0149,0
2023-05-15 21:14:47,1684199687,18.0,31.6,98400,4.00,6.00,9.00,10.0,0.0131,0
2023-05-15 21:19:58,1684199999,17.9,31.8,98400,4.00,9.00,13.0,15.0,0.0139,0
2023-05-15 21:24:50,1684200291,17.8,32.1,98400,5.00,6.00,8.00,10.0,0.0391,0
2023-05-15 21:29:42,1684200582,17.7,32.5,98400,3.00,7.00,9.00,11.0,0.0521,0
2023-05-15 21:34:54,1684200894,17.7,32.8,98387,4.00,6.00,7.00,8.00,0.0474,0
2023-05-15 21:39:45,1684201185,17.6,33.0,98329,4.00,6.00,8.00,9.00,0.0172,0
2023-05-15 21:44:57,1684201497,17.6,33.2,98300,4.00,6.00,8.00,9.00,0.0273,0
2023-05-15 21:49:48,1684201788,17.5,33.3,98300,3.00,5.00,7.00,8.00,0.0204,0
2023-05-15 21:54:59,1684202100,17.5,33.7,98300,2.00,4.00,6.00,6.00,0.0237,0
2023-05-15 21:59:50,1684202391,17.4,33.6,98300,4.00,4.00,4.00,4.00,0.0127,0
2023-05-15 22:04:41,1684202682,17.4,33.7,98300,5.00,6.00,8.00,8.00,0.0119,0
2023-05-15 22:09:53,1684202994,17.4,33.5,98300,4.00,7.00,10.0,12.0,0.0324,0
2023-05-15 22:14:44,1684203285,17.4,33.9,98300,7.00,8.00,11.0,13.0,0.0157,0
2023-05-15 22:19:57,1684203597,17.4,34.2,98300,4.00,5.00,6.00,6.00,0.0148,0
2023-05-15 22:24:48,1684203888,17.4,33.9,98300,5.00,7.00,8.00,9.00,0.0191,0
2023-05-15 22:29:40,1684204180,17.4,34.1,98300,4.00,8.00,13.0,15.0,0.0316,0
2023-05-15 22:34:52,1684204492,17.5,34.2,98300,5.00,9.00,12.0,14.0,0.0439,0
2023-05-15 22:39:43,1684204784,17.5,34.1,98300,5.00,10.0,13.0,15.0,0.0298,0
2023-05-15 22:44:55,1684205096,17.5,34.1,98300,4.00,6.00,9.00,10.0,0.0298,0
2023-05-15 22:49:47,1684205387,17.5,34.3,98300,4.00,5.00,6.00,6.00,0.0151,0
2023-05-15 22:54:39,1684205679,17.5,34.2,98300,5.00,8.00,10.0,11.0,0.0165,0
2023-05-15 22:59:51,1684205991,17.4,34.3,98300,8.00,11.0,13.0,14.0,0.0337,0
2023-05-15 23:04:42,1684206283,17.3,34.7,98300,4.00,5.00,6.00,6.00,0.0278,0
2023-05-15 23:09:54,1684206595,17.2,34.5,98300,5.00,6.00,8.00,8.00,0.0378,0
2023-05-15 23:14:46,1684206886,17.2,34.6,98300,3.00,6.00,9.00,11.0,0.0223,0
2023-05-15 23:19:57,1684207198,17.1,34.8,98300,4.00,6.00,9.00,10.0,0.00786,0
2023-05-15 23:24:49,1684207489,17.1,35.0,98300,3.00,6.00,8.00,9.00,0.0103,0
2023-05-15 23:29:40,1684207781,17.0,35.0,98300,5.00,8.00,11.0,13.0,0.0193,0
2023-05-15 23:34:52,1684208093,17.0,35.2,98300,4.00,6.00,8.00,9.00,0.0249,0
2023-05-15 23:39:44,1684208385,17.0,35.1,98300,4.00,6.00,7.00,8.00,0.0151,0
2023-05-15 23:44:56,1684208697,16.9,35.4,98300,3.00,4.00,6.00,7.00,0.0147,0
2023-05-15 23:49:47,1684208988,16.8,35.5,98300,4.00,8.00,11.0,13.0,0.0147,0
2023-05-15 23:54:39,1684209279,16.8,35.5,98300,4.00,6.00,8.00,9.00,0.0280,0
2023-05-15 23:59:51,1684209591,16.7,35.7,98300,4.00,6.00,7.00,8.00,0.0280,0
2023-05-16 00:04:42,1684209883,16.6,35.7,98300,5.00,6.00,9.00,11.0,0.0249,0
2023-05-16 00:09:55,1684210195,16.5,35.9,98293,6.00,9.00,12.0,13.0,0.0179,0
2023-05-16 00:14:46,1684210486,16.5,36.1,98264,5.00,11.0,16.0,18.0,0.0371,0
2023-05-16 00:19:58,1684210799,16.5,36.2,98253,6.00,9.00,11.0,12.0,0.0371,0
2023-05-16 00:24:49,1684211090,16.4,36.2,98200,5.00,7.00,9.00,9.00,0.0366,0
2023-05-16 00:29:41,1684211381,16.4,36.5,98200,6.00,11.0,16.0,18.0,0.0423,0
2023-05-16 00:34:53,1684211694,16.4,36.6,98200,5.00,7.00,9.00,10.0,0.0342,0
2023-05-16 00:39:45,1684211985,16.4,36.7,98200,3.00,9.00,13.0,16.0,0.0898,0
2023-05-16 00:44:57,1684212298,16.4,36.8,98200,7.00,8.00,9.00,10.0,0.0671,0
2023-05-16 00:49:49,1684212589,16.4,36.8,98200,3.00,7.00,10.0,12.0,0.0669,0
2023-05-16 00:54:41,1684212881,16.4,36.9,98200,3.00,5.00,7.00,7.00,0.0103,0
2023-05-16 00:59:54,1684213194,16.4,37.0,98200,4.00,6.00,7.00,8.00,0.0192,0
2023-05-16 01:04:45,1684213485,16.4,37.1,98200,5.00,8.00,11.0,13.0,0.0177,0
2023-05-16 01:09:57,1684213798,16.4,37.0,98200,5.00,6.00,6.00,7.00,0.0168,0
2023-05-16 01:14:48,1684214089,16.4,37.2,98200,3.00,5.00,7.00,8.00,0.0177,0
2023-05-16 01:19:40,1684214380,16.4,37.3,98200,4.00,11.0,16.0,19.0,0.0145,0
2023-05-16 01:24:52,1684214693,16.4,37.4,98200,2.00,4.00,5.00,5.00,0.0382,0
2023-05-16 01:29:44,1684214985,16.3,37.3,98200,5.00,7.00,9.00,11.0,0.0404,0
2023-05-16 01:34:57,1684215297,16.3,37.2,98200,3.00,6.00,9.00,11.0,0.0334,0
2023-05-16 01:39:48,1684215588,16.2,37.2,98200,4.00,6.00,7.00,8.00,0.0210,0
2023-05-16 01:44:40,1684215880,16.1,37.3,98200,3.00,5.00,7.00,8.00,0.0153,0
2023-05-16 01:49:52,1684216192,16.0,37.6,98200,3.00,5.00,7.00,8.00,0.0155,0
2023-05-16 01:54:43,1684216484,15.9,37.7,98200,6.00,9.00,12.0,13.0,0.0107,0
2023-05-16 01:59:56,1684216796,15.8,37.7,98200,4.00,7.00,9.00,10.0,0.0338,0
2023-05-16 02:04:48,1684217088,15.7,37.9,98200,5.00,5.00,6.00,6.00,0.0402,0
2023-05-16 02:09:40,1684217380,15.7,38.1,98200,4.00,6.00,8.00,8.00,0.0402,0
2023-05-16 02:14:53,1684217693,15.6,38.3,98200,3.00,4.00,6.00,6.00,0.0140,0
2023-05-16 02:19:44,1684217984,15.6,38.6,98200,6.00,9.00,13.0,15.0,0.0425,0
2023-05-16 02:24:56,1684218297,15.6,38.5,98147,4.00,7.00,10.0,12.0,0.0425,0
2023-05-16 02:29:48,1684218588,15.5,38.5,98129,4.00,5.00,6.00,6.00,0.0397,0
2023-05-16 02:34:39,1684218880,15.5,38.7,98200,4.00,7.00,9.00,10.0,0.0172,0
2023-05-16 02:39:52,1684219193,15.4,38.6,98107,3.00,4.00,6.00,7.00,0.0178,0
2023-05-16 02:44:44,1684219484,15.3,38.7,98100,4.00,6.00,8.00,9.00,0.0323,0
2023-05-16 02:49:57,1684219797,15.3,38.7,98100,4.00,5.00,7.00,7.00,0.0250,0
2023-05-16 02:54:49,1684220089,15.2,38.9,98100,4.00,5.00,7.00,9.00,0.0183,0
2023-05-16 02:59:40,1684220381,15.1,38.8,98100,3.00,5.00,7.00,8.00,0.0199,0
2023-05-16 03:04:53,1684220693,15.0,38.5,98100,4.00,6.00,8.00,10.0,0.0352,0
2023-05-16 03:09:45,1684220985,14.9,38.3,98121,2.00,4.00,6.00,7.00,0.0320,0
2023-05-16 03:14:58,1684221298,14.9,38.1,98193,3.00,4.00,5.00,6.00,0.0164,0
2023-05-16 03:19:50,1684221590,14.9,38.0,98200,5.00,8.00,9.00,10.0,0.0124,0
2023-05-16 03:24:42,1684221883,14.9,38.0,98200,3.00,5.00,8.00,8.00,0.0212,0
2023-05-16 03:29:55,1684222196,14.8,37.9,98187,2.00,4.00,5.00,5.00,0.0316,0
2023-05-16 03:34:47,1684222488,14.7,37.8,98164,2.00,5.00,7.00,8.00,0.0210,0
2023-05-16 03:39:40,1684222780,14.6,37.8,98171,4.00,8.00,12.0,13.0,0.0123,0
2023-05-16 03:44:52,1684223093,14.5,37.9,98153,2.00,4.00,6.00,7.00,0.0172,0
2023-05-16 03:49:45,1684223385,14.4,37.9,98114,5.00,5.00,8.00,9.00,0.0181,0
2023-05-16 03:54:58,1684223698,14.3,37.7,98100,3.00,7.00,10.0,12.0,0.0308,0
2023-05-16 03:59:50,1684223990,14.2,37.7,98100,5.00,6.00,6.00,6.00,0.0190,0
2023-05-16 04:04:41,1684224282,14.1,37.7,98100,3.00,9.00,13.0,15.0,0.0513,0
2023-05-16 04:09:54,1684224595,14.1,38.0,98100,4.00,6.00,10.0,12.0,0.0513,0
2023-05-16 04:14:46,1684224887,14.0,38.0,98121,3.00,5.00,7.00,8.00,0.0741,0
2023-05-16 04:19:59,1684225200,13.9,37.9,98107,2.00,5.00,8.00,10.0,0.0370,0
2023-05-16 04:24:52,1684225492,13.8,37.9,98100,4.00,8.00,11.0,13.0,0.0195,0
2023-05-16 04:29:44,1684225784,13.8,38.0,98100,3.00,7.00,11.0,13.0,0.0137,0
2023-05-16 04:34:56,1684226097,13.7,38.2,98100,3.00,4.00,5.00,5.00,0.0137,0
2023-05-16 04:39:49,1684226389,13.6,38.2,98100,2.00,3.00,4.00,4.00,0.0333,0
2023-05-16 04:44:40,1684226681,13.5,38.0,98100,3.00,4.00,6.00,6.00,0.0287,0
2023-05-16 04:49:54,1684226994,13.4,38.0,98100,2.00,2.00,3.00,4.00,0.0155,0
2023-05-16 04:54:46,1684227286,13.4,38.0,98100,4.00,8.00,11.0,13.0,0.0108,0
2023-05-16 04:59:59,1684227599,13.4,38.0,98100,4.00,5.00,8.00,9.00,0.0183,0
2023-05-16 05:04:51,1684227891,13.3,38.1,98100,3.00,8.00,11.0,13.0,0.0110,0
2023-05-16 05:09:43,1684228183,13.3,38.5,98100,3.00,4.00,6.00,7.00,0.0157,0
2023-05-16 05:14:56,1684228497,13.2,38.5,98100,2.00,6.00,10.0,12.0,0.0240,0
2023-05-16 05:19:48,1684228789,13.2,38.3,98100,5.00,5.00,6.00,7.00,0.0209,0
2023-05-16 05:24:41,1684229082,13.2,38.5,98100,6.00,9.00,11.0,13.0,0.0198,0
2023-05-16 05:29:54,1684229394,13.2,38.5,98100,3.00,5.00,8.00,9.00,0.0217,0
2023-05-16 05:34:46,1684229686,13.2,38.5,98100,2.00,4.00,6.00,7.00,0.0238,0
2023-05-16 05:39:59,1684229999,13.2,38.5,98100,2.00,3.00,4.00,5.00,0.0197,0
2023-05-16 05:44:51,1684230291,13.2,38.7,98100,4.00,6.00,7.00,8.00,0.0116,0
2023-05-16 05:49:43,1684230583,13.2,38.6,98100,3.00,5.00,6.00,7.00,0.0118,0
2023-05-16 05:54:56,1684230896,13.3,38.4,98100,5.00,6.00,6.00,7.00,0.0138,0
2023-05-16 05:59:48,1684231189,13.3,38.5,98100,2.00,5.00,8.00,9.00,0.0124,0
2023-05-16 06:04:40,1684231481,13.2,38.4,98100,4.00,5.00,6.00,7.00,0.0168,0
2023-05-16 06:09:54,1684231794,13.2,38.3,98100,3.00,5.00,6.00,7.00,0.0203,0
2023-05-16 06:14:46,1684232087,13.3,38.4,98100,2.00,4.00,6.00,7.00,0.0206,0
2023-05-16 06:15:07,1684232108,13.3,38.3,98100,3.00,3.00,3.00,3.00,0.0120,0
2023-05-16 07:59:57,1684238397,14.8,33.1,98100,2.00,3.00,4.00,4.00,,
2023-05-16 08:03:46,1684238626,15.0,33.0,98100,2.00,4.00,5.00,6.00,,
2023-05-16 08:19:40,1684239581,15.1,32.6,98000,3.00,5.00,6.00,7.00,,
2023-05-16 08:24:52,1684239893,15.2,32.3,98000,3.00,5.00,8.00,9.00,0.0115,0
2023-05-16 08:29:44,1684240185,15.3,32.1,98000,3.00,5.00,8.00,9.00,0.0169,0
2023-05-16 08:33:33,1684240413,15.3,31.9,98000,2.00,3.00,4.00,5.00,0.0187,0
2023-05-16 08:44:59,1684241100,15.5,31.8,98000,2.00,3.00,6.00,7.00,0.0250,0
2023-05-16 08:49:33,1684241373,15.5,31.4,98000,3.00,3.00,4.00,5.00,0.0136,0
2023-05-16 08:54:49,1684241689,15.5,31.1,98000,1.00,2.00,3.00,4.00,0.0148,0
2023-05-16 08:56:32,1684241793,15.5,30.9,98000,2.00,2.00,3.00,3.00,0.0130,0
2023-05-16 09:14:41,1684242881,15.4,30.2,98000,3.00,6.00,9.00,11.0,0.0117,0
2023-05-16 09:19:53,1684243193,15.4,29.9,98000,2.00,7.00,12.0,14.0,0.0211,0
2023-05-16 09:24:44,1684243485,15.4,29.4,98000,2.00,4.00,6.00,7.00,0.0115,0
2023-05-16 09:29:57,1684243797,15.5,29.2,98000,2.00,5.00,8.00,9.00,0.0235,0
2023-05-16 09:30:59,1684243860,15.5,29.0,98000,2.00,3.00,3.00,4.00,0.00946,0
2023-05-16 09:52:40,1684245160,15.7,28.2,98000,1.00,2.00,4.00,5.00,,
2023-05-16 10:14:19,1684246459,16.0,28.2,98000,2.00,4.00,6.00,7.00,,
2023-05-16 11:34:39,1684251279,16.2,28.7,97900,1.00,3.00,6.00,7.00,,
2023-05-16 11:39:51,1684251591,15.8,29.6,97900,1.00,3.00,5.00,6.00,0.0103,0
2023-05-16 11:40:32,1684251633,15.6,29.9,97900,1.00,1.00,1.00,1.00,0.0103,0
2023-05-16 11:49:56,1684252196,15.1,31.4,97900,1.00,3.00,4.00,5.00,,
2023-05-16 11:53:24,1684252404,14.9,31.7,97900,2.00,2.00,3.00,3.00,0.0114,0
2023-05-16 11:59:52,1684252793,14.3,33.2,97900,1.00,1.00,1.00,2.00,0.0130,0
2023-05-16 12:03:41,1684253021,14.2,34.0,97900,3.00,6.00,8.00,9.00,0.0138,0
2023-05-16 12:19:40,1684253981,13.4,37.0,98000,3.00,7.00,10.0,12.0,0.0477,0
2023-05-16 12:24:53,1684254293,13.2,37.7,97993,3.00,6.00,9.00,11.0,0.0477,0
2023-05-16 12:29:44,1684254585,13.2,38.8,97921,3.00,6.00,9.00,10.0,0.0243,0
2023-05-16 12:34:57,1684254898,13.1,38.4,97900,4.00,5.00,6.00,6.00,0.0177,0
2023-05-16 12:38:05,1684255086,12.9,38.2,97900,3.00,5.00,7.00,8.00,0.0155,0
2023-05-16 13:18:21,1684257501,12.6,40.6,97900,1.00,2.00,3.00,4.00,,
2023-05-16 13:34:49,1684258489,12.6,38.9,97900,1e-7,1.00,1.00,1.00,,
2023-05-16 13:39:41,1684258781,12.6,39.8,97900,2.00,4.00,6.00,7.00,,
2023-05-16 13:44:53,1684259094,12.6,39.7,97900,2.00,3.00,4.00,4.00,,
2023-05-16 13:48:44,1684259324,12.7,40.1,97900,2.00,6.00,9.00,11.0,0.0135,0
2023-05-16 14:06:25,1684260385,13.0,39.9,97800,1e-7,1e-7,1.00,1.00,0.0148,0
2023-05-16 14:29:42,1684261782,13.5,38.2,97800,2.00,2.00,2.00,2.00,,
2023-05-16 14:34:54,1684262095,13.5,38.5,97800,4.00,11.0,18.0,21.0,,
2023-05-16 14:39:46,1684262387,13.4,38.6,97800,3.00,7.00,11.0,13.0,,
2023-05-16 14:44:59,1684262700,13.3,38.9,97800,2.00,3.00,4.00,4.00,0.0434,0
2023-05-16 14:49:51,1684262991,13.2,39.4,97800,1.00,3.00,4.00,5.00,0.0349,0
2023-05-16 14:54:43,1684263284,13.1,40.0,97800,2.00,3.00,4.00,5.00,0.0187,0
2023-05-16 14:59:56,1684263597,13.1,40.3,97800,2.00,5.00,7.00,8.00,0.0128,0
2023-05-16 15:04:48,1684263889,13.1,40.8,97800,3.00,6.00,8.00,9.00,0.0145,0
2023-05-16 15:09:41,1684264181,13.1,39.7,97800,2.00,5.00,7.00,8.00,0.0110,0
2023-05-16 15:14:55,1684264495,13.0,39.6,97800,1.00,3.00,4.00,5.00,0.0149,0
2023-05-16 15:19:47,1684264787,12.9,39.9,97800,3.00,4.00,5.00,6.00,0.0214,0
2023-05-16 15:24:39,1684265080,12.9,40.3,97800,2.00,4.00,7.00,8.00,0.0219,0
2023-05-16 15:29:52,1684265392,12.7,40.5,97800,2.00,2.00,2.00,3.00,0.0219,0
2023-05-16 15:34:44,1684265685,12.6,41.3,97821,2.00,4.00,6.00,7.00,0.0286,0
2023-05-16 15:39:57,1684265997,12.4,41.1,97900,3.00,8.00,11.0,13.0,0.0410,0
2023-05-16 15:44:49,1684266290,12.3,40.9,97900,2.00,8.00,13.0,15.0,0.0436,0
2023-05-16 15:49:41,1684266582,12.3,41.4,97900,3.00,5.00,7.00,8.00,0.0177,0
2023-05-16 15:54:55,1684266896,12.3,41.5,97900,2.00,4.00,5.00,6.00,0.0310,0
2023-05-16 15:59:47,1684267188,12.4,41.7,97900,3.00,5.00,6.00,7.00,0.0310,0
2023-05-16 16:04:39,1684267479,12.4,39.3,97900,2.00,5.00,8.00,9.00,0.0124,0
2023-05-16 16:09:52,1684267792,12.4,40.4,97900,2.00,6.00,10.0,11.0,0.0118,0
2023-05-16 16:14:43,1684268084,12.5,39.6,97900,1.00,2.00,3.00,4.00,0.0209,0
2023-05-16 16:19:56,1684268397,12.6,38.0,97900,3.00,4.00,6.00,7.00,0.0209,0
2023-05-16 16:24:23,1684268663,12.6,37.5,97900,1.00,2.00,3.00,4.00,0.0133,0
2023-05-16 16:32:48,1684269168,12.6,37.6,97900,1.00,4.00,6.00,7.00,0.0126,0
2023-05-16 16:49:48,1684270189,13.0,39.1,97900,2.00,4.00,5.00,6.00,0.0116,0
2023-05-16 16:54:40,1684270481,13.1,38.5,97900,3.00,3.00,3.00,4.00,0.0139,0
2023-05-16 16:59:54,1684270794,13.1,36.5,97900,1.00,2.00,4.00,4.00,0.0174,0
2023-05-16 17:04:46,1684271087,13.0,37.0,97900,2.00,5.00,7.00,9.00,0.0131,0
2023-05-16 17:09:59,1684271400,12.9,38.3,97900,2.00,5.00,8.00,9.00,0.0325,0
2023-05-16 17:14:51,1684271692,12.9,38.3,97900,3.00,6.00,9.00,11.0,0.0146,0
2023-05-16 17:17:59,1684271880,13.0,38.6,97900,3.00,6.00,8.00,9.00,0.0305,0
2023-05-16 17:29:48,1684272589,13.2,36.2,97900,2.00,3.00,5.00,5.00,0.0305,0
2023-05-16 17:34:41,1684272881,13.2,34.8,97900,2.00,6.00,10.0,11.0,0.0447,0
2023-05-16 17:39:53,1684273194,13.1,35.4,97900,2.00,2.00,4.00,4.00,0.0141,0
2023-05-16 17:44:45,1684273486,13.1,35.3,97900,2.00,7.00,10.0,12.0,0.0183,0
2023-05-16 17:49:59,1684273799,13.0,35.2,97900,2.00,4.00,6.00,7.00,0.0272,0
2023-05-16 17:54:51,1684274092,13.0,35.4,97900,2.00,5.00,7.00,8.00,0.0304,0
2023-05-16 17:59:43,1684274384,12.9,35.1,97900,3.00,5.00,6.00,6.00,0.0242,0
2023-05-16 18:04:57,1684274697,12.9,34.8,97900,2.00,4.00,6.00,7.00,0.0146,0
2023-05-16 18:09:50,1684274990,12.9,35.2,97900,3.00,6.00,9.00,11.0,0.0176,0
2023-05-16 18:14:42,1684275283,12.9,35.2,97900,2.00,4.00,6.00,7.00,0.0273,0
2023-05-16 18:19:55,1684275596,12.8,35.2,97900,2.00,4.00,5.00,6.00,0.0149,0
2023-05-16 18:24:47,1684275888,12.8,33.7,97900,3.00,5.00,7.00,8.00,0.0146,0
2023-05-16 18:29:40,1684276180,12.7,32.6,97900,2.00,4.00,7.00,8.00,0.0113,0
2023-05-16 18:34:54,1684276494,12.6,32.0,97900,2.00,4.00,6.00,6.00,0.0203,0
2023-05-16 18:39:45,1684276785,12.5,32.0,97900,2.00,4.00,7.00,8.00,0.0274,0
2023-05-16 18:44:58,1684277098,12.5,31.9,97900,2.00,4.00,6.00,8.00,0.0314,0
2023-05-16 18:49:50,1684277390,12.6,32.1,97900,2.00,3.00,3.00,4.00,0.0314,0
2023-05-16 18:54:41,1684277682,12.6,31.9,97900,2.00,4.00,6.00,7.00,0.0162,0
2023-05-16 18:59:54,1684277995,12.6,31.7,97900,2.00,8.00,12.0,14.0,0.0141,0
2023-05-16 19:04:24,1684278264,12.6,31.0,97900,1.00,2.00,4.00,4.00,0.00962,0
2023-05-16 19:49:42,1684280982,10.7,30.4,98000,1.00,1.00,1.00,1.00,0.0115,0
2023-05-16 19:54:55,1684281295,10.6,30.5,98000,2.00,3.00,5.00,6.00,,
2023-05-16 19:59:47,1684281588,10.4,30.9,98000,2.00,4.00,6.00,7.00,,
2023-05-16 20:04:40,1684281880,10.3,30.4,98000,2.00,7.00,11.0,13.0,0.0100,0
2023-05-16 20:09:54,1684282195,10.1,30.5,98000,2.00,3.00,4.00,4.00,0.0214,0
2023-05-16 20:14:47,1684282487,9.90,30.3,98000,1.00,2.00,4.00,5.00,0.0226,0
2023-05-16 20:19:40,1684282780,9.71,30.4,98000,2.00,2.00,3.00,3.00,0.0208,0
2023-05-16 20:24:54,1684283094,9.50,30.5,98000,3.00,6.00,8.00,9.00,0.0219,0
2023-05-16 20:29:48,1684283388,9.29,30.9,98000,3.00,5.00,8.00,8.00,0.0286,0
2023-05-16 20:34:41,1684283682,9.10,31.0,98000,1.00,5.00,8.00,10.0,0.0170,0
2023-05-16 20:39:56,1684283996,8.91,31.5,98000,3.00,8.00,12.0,14.0,0.0197,0
2023-05-16 20:44:48,1684284289,8.66,32.3,98000,2.00,5.00,8.00,9.00,0.0215,0
2023-05-16 20:49:41,1684284582,8.36,32.8,98000,2.00,6.00,9.00,10.0,0.0246,0
2023-05-16 20:54:56,1684284896,8.02,32.9,98000,3.00,9.00,15.0,18.0,0.0287,0
2023-05-16 20:59:50,1684285190,7.69,33.2,98000,1.00,5.00,8.00,9.00,0.0133,0
2023-05-16 21:04:43,1684285483,7.35,34.1,98000,1.00,4.00,6.00,7.00,0.0246,0
2023-05-16 21:09:57,1684285797,6.99,35.1,98000,2.00,6.00,9.00,10.0,0.0186,0
2023-05-16 21:14:50,1684286091,6.66,35.6,98000,1.00,4.00,6.00,6.00,0.0186,0
2023-05-16 21:19:45,1684286385,6.37,36.1,98079,2.00,6.00,9.00,10.0,0.0116,0
2023-05-16 21:24:39,1684286680,6.09,36.7,98100,1.00,3.00,6.00,7.00,0.0138,0
2023-05-16 21:29:54,1684286994,5.83,37.0,98100,2.00,5.00,8.00,9.00,0.0128,0
2023-05-16 21:34:47,1684287288,5.58,37.4,98100,1.00,2.00,3.00,4.00,0.0218,0
2023-05-16 21:39:41,1684287582,5.36,37.8,98100,1.00,3.00,5.00,6.00,0.0155,0
2023-05-16 21:44:57,1684287898,5.14,38.3,98100,1.00,4.00,6.00,7.00,0.0136,0
2023-05-16 21:49:51,1684288192,4.94,38.6,98100,2.00,6.00,10.0,12.0,0.0136,0
2023-05-16 21:54:45,1684288486,4.74,38.9,98100,1.00,4.00,7.00,9.00,0.00703,0
2023-05-16 21:59:39,1684288780,4.56,39.4,98100,2.00,5.00,7.00,9.00,0.0129,0
2023-05-16 22:04:54,1684289095,4.38,39.6,98100,2.00,4.00,6.00,7.00,0.0166,0
2023-05-16 22:09:49,1684289390,4.20,40.0,98100,2.00,4.00,6.00,7.00,0.0290,0
2023-05-16 22:14:43,1684289683,4.05,40.2,98100,1.00,2.00,3.00,4.00,0.0156,0
2023-05-16 22:19:58,1684289998,3.90,40.6,98100,3.00,7.00,10.0,12.0,0.0134,0
2023-05-16 22:24:53,1684290294,3.76,41.1,98100,2.00,9.00,14.0,16.0,0.0386,0
2023-05-16 22:29:48,1684290589,3.64,41.2,98100,1.00,2.00,4.00,5.00,0.0404,0
2023-05-16 22:34:43,1684290883,3.53,41.4,98100,2.00,5.00,7.00,8.00,0.0506,0
2023-05-16 22:39:58,1684291199,3.44,41.8,98100,2.00,5.00,8.00,9.00,0.0327,0
2023-05-16 22:44:53,1684291493,3.35,41.8,98100,2.00,6.00,9.00,10.0,0.0205,0
2023-05-16 22:49:47,1684291787,3.32,41.7,98100,1.00,4.00,6.00,7.00,0.0132,0
2023-05-16 22:54:42,1684292082,3.37,41.6,98100,2.00,5.00,8.00,9.00,0.0199,0
2023-05-16 22:59:58,1684292398,3.48,41.5,98100,1.00,2.00,4.00,5.00,0.0135,0
2023-05-16 23:04:52,1684292692,3.59,41.6,98100,1.00,4.00,6.00,7.00,0.0196,0
2023-05-16 23:09:46,1684292986,3.65,41.3,98100,1.00,4.00,6.00,7.00,0.0144,0
2023-05-16 23:14:41,1684293281,3.74,41.1,98100,1.00,2.00,3.00,4.00,0.0140,0
2023-05-16 23:19:57,1684293598,3.88,40.8,98100,1.00,3.00,5.00,6.00,0.0128,0
2023-05-16 23:24:52,1684293892,4.17,40.6,98100,2.00,6.00,10.0,11.0,0.0121,0
2023-05-16 23:29:47,1684294187,4.54,40.1,98100,2.00,7.00,11.0,13.0,0.0183,0
2023-05-16 23:34:40,1684294481,4.76,39.7,98100,1.00,2.00,4.00,5.00,0.0146,0
2023-05-16 23:39:56,1684294797,4.87,39.0,98127,1.00,4.00,6.00,7.00,0.0144,0
2023-05-16 23:44:51,1684295092,4.98,38.4,98121,1.00,5.00,8.00,9.00,0.0168,0
2023-05-16 23:49:46,1684295387,5.16,37.7,98129,1.00,2.00,4.00,4.00,0.0142,0
2023-05-16 23:54:41,1684295681,5.36,37.0,98179,1.00,4.00,6.00,7.00,0.0157,0
2023-05-16 23:59:56,1684295997,5.57,36.4,98200,2.00,7.00,11.0,13.0,0.0355,0
2023-05-17 00:04:51,1684296291,5.68,36.2,98200,1.00,4.00,7.00,8.00,0.0361,0
2023-05-17 00:09:45,1684296586,5.67,36.0,98200,1.00,4.00,5.00,6.00,0.0436,0
2023-05-17 00:14:40,1684296880,5.63,35.7,98200,2.00,7.00,12.0,14.0,0.0280,0
2023-05-17 00:19:54,1684297194,5.58,35.7,98200,1.00,4.00,5.00,6.00,0.0275,0
2023-05-17 00:24:48,1684297488,5.50,35.5,98200,1.00,3.00,4.00,5.00,0.0224,0
2023-05-17 00:29:43,1684297783,5.47,35.3,98200,1.00,4.00,6.00,7.00,0.0206,0
2023-05-17 00:34:59,1684298099,5.46,35.0,98200,2.00,4.00,7.00,8.00,0.0189,0
2023-05-17 00:39:53,1684298394,5.49,34.7,98200,1.00,3.00,5.00,6.00,0.0172,0
2023-05-17 00:44:48,1684298689,5.53,34.4,98200,1.00,2.00,4.00,5.00,0.0162,0
2023-05-17 00:49:42,1684298983,5.54,34.3,98200,2.00,4.00,5.00,6.00,0.0136,0
2023-05-17 00:54:58,1684299299,5.53,34.1,98200,1.00,2.00,4.00,4.00,0.0122,0
2023-05-17 00:59:52,1684299592,5.53,33.9,98200,1.00,2.00,4.00,4.00,0.0188,0
2023-05-17 01:04:47,1684299887,5.50,33.8,98200,2.00,6.00,10.0,11.0,0.0241,0
2023-05-17 01:09:41,1684300181,5.46,33.7,98200,2.00,4.00,6.00,7.00,0.0241,0
2023-05-17 01:14:57,1684300497,5.45,33.6,98200,1.00,3.00,4.00,5.00,0.0110,0
2023-05-17 01:19:50,1684300791,5.46,33.5,98200,1.00,4.00,6.00,7.00,0.0126,0
2023-05-17 01:24:44,1684301084,5.45,33.4,98200,1.00,4.00,6.00,7.00,0.0123,0
2023-05-17 01:29:59,1684301400,5.40,33.5,98200,2.00,5.00,8.00,10.0,0.0161,0
2023-05-17 01:34:54,1684301694,5.30,33.5,98200,1.00,4.00,5.00,6.00,0.0183,0
2023-05-17 01:39:48,1684301988,5.21,33.5,98200,1.00,2.00,4.00,5.00,0.0207,0
2023-05-17 01:44:42,1684302283,5.13,33.7,98200,1.00,2.00,4.00,4.00,0.00969,0
2023-05-17 01:49:58,1684302598,5.05,33.6,98200,2.00,7.00,11.0,13.0,0.0101,0
2023-05-17 01:54:52,1684302892,4.97,33.9,98200,1.00,3.00,4.00,5.00,0.0155,0
2023-05-17 01:59:46,1684303186,4.93,33.6,98200,3.00,10.0,16.0,19.0,0.0176,0
2023-05-17 02:04:39,1684303480,4.98,33.4,98200,2.00,5.00,8.00,10.0,0.0228,0
2023-05-17 02:09:54,1684303795,5.02,33.4,98200,1.00,4.00,6.00,8.00,0.0228,0
2023-05-17 02:14:49,1684304089,5.06,33.4,98200,1.00,4.00,6.00,8.00,0.0170,0
2023-05-17 02:19:44,1684304384,5.06,33.1,98200,3.00,7.00,10.0,11.0,0.0122,0
2023-05-17 02:24:59,1684304700,5.12,33.1,98207,1.00,4.00,6.00,7.00,0.0189,0
2023-05-17 02:29:54,1684304995,5.17,32.9,98200,1.00,2.00,4.00,5.00,0.0209,0
2023-05-17 02:34:49,1684305289,5.21,32.7,98200,1.00,3.00,5.00,6.00,0.0326,0
2023-05-17 02:39:43,1684305583,5.23,32.6,98200,1e-7,2.00,4.00,5.00,0.0128,0
2023-05-17 02:44:58,1684305899,5.25,32.5,98200,1.00,4.00,6.00,7.00,0.0128,0
2023-05-17 02:49:53,1684306194,5.27,32.5,98200,1.00,3.00,4.00,5.00,0.0175,0
2023-05-17 02:54:48,1684306488,5.29,32.6,98200,1.00,3.00,4.00,5.00,0.0175,0
2023-05-17 02:59:42,1684306783,5.30,32.5,98200,3.00,9.00,13.0,16.0,0.0217,0
2023-05-17 03:04:57,1684307097,5.29,32.3,98200,1.00,4.00,6.00,7.00,0.0316,0
2023-05-17 03:09:51,1684307392,5.28,32.2,98257,1.00,2.00,4.00,5.00,0.0316,0
2023-05-17 03:14:46,1684307687,5.26,32.3,98271,2.00,7.00,11.0,13.0,0.0183,0
2023-05-17 03:19:41,1684307982,5.25,32.3,98300,1.00,4.00,6.00,7.00,0.0183,0
2023-05-17 03:24:56,1684308297,5.20,32.5,98300,1.00,2.00,4.00,5.00,0.0140,0
2023-05-17 03:29:50,1684308591,5.16,32.5,98300,2.00,4.00,6.00,7.00,0.0125,0
2023-05-17 03:34:45,1684308886,5.15,32.6,98300,1.00,4.00,6.00,7.00,0.0124,0
2023-05-17 03:39:40,1684309180,5.13,32.6,98300,1.00,2.00,4.00,4.00,0.0169,0
2023-05-17 03:44:56,1684309496,5.15,32.8,98300,1.00,5.00,8.00,9.00,0.0184,0
2023-05-17 03:49:49,1684309790,5.17,32.7,98300,1.00,3.00,4.00,5.00,0.0153,0
2023-05-17 03:54:43,1684310083,5.17,32.7,98300,1.00,4.00,6.00,7.00,0.0153,0
2023-05-17 03:59:58,1684310398,5.15,32.9,98300,1.00,5.00,8.00,9.00,0.0146,0
2023-05-17 04:04:52,1684310692,5.13,32.9,98300,1.00,3.00,5.00,5.00,0.0179,0
2023-05-17 04:09:45,1684310986,5.12,33.0,98300,1.00,3.00,5.00,6.00,0.0126,0
2023-05-17 04:14:39,1684311279,5.12,33.1,98300,1.00,5.00,8.00,10.0,0.0130,0
2023-05-17 04:19:55,1684311595,5.14,33.2,98300,1.00,2.00,4.00,5.00,0.0132,0
2023-05-17 04:24:49,1684311890,5.15,33.2,98300,2.00,6.00,10.0,12.0,0.0213,0
2023-05-17 04:29:44,1684312184,5.19,33.5,98336,1.00,4.00,7.00,8.00,0.0188,0
2023-05-17 04:34:59,1684312500,5.21,33.3,98347,1.00,2.00,4.00,5.00,0.0246,0
2023-05-17 04:39:54,1684312795,5.23,33.4,98371,1e-7,2.00,4.00,5.00,0.0253,0
2023-05-17 04:44:49,1684313090,5.24,33.4,98393,2.00,3.00,4.00,5.00,0.0120,0
2023-05-17 04:49:43,1684313383,5.23,33.5,98400,1.00,4.00,6.00,7.00,0.0168,0
2023-05-17 04:54:58,1684313699,5.22,33.6,98400,1.00,4.00,6.00,7.00,0.0168,0
2023-05-17 04:59:52,1684313993,5.20,33.7,98400,1.00,2.00,4.00,5.00,0.0112,0
2023-05-17 05:04:47,1684314288,5.20,33.7,98400,1.00,2.00,4.00,4.00,0.00953,0
2023-05-17 05:09:41,1684314582,5.20,33.6,98400,1.00,4.00,6.00,7.00,0.0116,0
2023-05-17 05:14:56,1684314896,5.20,33.7,98400,1.00,2.00,3.00,3.00,0.0124,0
2023-05-17 05:19:50,1684315190,5.21,33.7,98400,2.00,5.00,7.00,8.00,0.0124,0
2023-05-17 05:24:44,1684315485,5.21,33.6,98400,1.00,3.00,4.00,5.00,0.0136,0
2023-05-17 05:29:39,1684315779,5.22,33.6,98400,1.00,2.00,4.00,5.00,0.0171,0
2023-05-17 05:32:48,1684315969,5.25,33.7,98400,1e-7,2.00,4.00,4.00,0.0171,0
2023-05-17 10:59:43,1684335584,14.1,17.7,98700,1e-7,2.00,4.00,4.00,,
2023-05-17 11:04:56,1684335896,14.1,18.0,98700,1.00,4.00,6.00,6.00,,
2023-05-17 11:09:48,1684336188,14.4,18.1,98700,1.00,5.00,8.00,9.00,,
2023-05-17 11:12:14,1684336334,14.1,18.7,98700,1.00,2.00,4.00,4.00,,
2023-05-17 11:34:57,1684337697,14.3,19.1,98700,1.00,2.00,4.00,4.00,0.0286,0
2023-05-17 11:39:48,1684337989,14.5,18.8,98700,1e-7,2.00,4.00,4.00,0.0342,0
2023-05-17 11:44:40,1684338280,14.6,18.8,98700,1.00,4.00,7.00,8.00,0.0137,0
2023-05-17 11:49:52,1684338592,14.5,19.4,98700,1.00,5.00,8.00,9.00,0.0191,0
2023-05-17 11:54:44,1684338884,13.2,21.5,98700,1.00,5.00,8.00,9.00,0.0196,0
2023-05-17 11:59:58,1684339198,11.7,22.4,98700,1.00,2.00,4.00,4.00,0.0137,0
2023-05-17 12:04:50,1684339490,10.9,22.7,98700,1.00,2.00,4.00,4.00,0.0167,0
2023-05-17 12:05:32,1684339532,10.8,23.4,98700,1e-7,1e-7,1e-7,1e-7,0.00950,0
2023-05-17 12:34:57,1684341297,13.2,21.9,98700,1e-7,2.00,4.00,5.00,,
2023-05-17 12:39:49,1684341590,13.6,21.2,98700,3.00,9.00,14.0,17.0,,
2023-05-17 12:40:52,1684341652,13.8,20.4,98700,1.00,5.00,8.00,9.00,,
2023-05-17 12:54:42,1684342482,14.2,19.8,98700,1.00,1.00,1.00,1.00,,
2023-05-17 12:58:31,1684342711,14.2,19.8,98727,1.00,5.00,8.00,9.00,0.0158,0
2023-05-17 13:04:54,1684343095,13.1,22.5,98800,1e-7,1e-7,1e-7,1e-7,0.0348,0
2023-05-17 13:09:46,1684343386,12.4,22.9,98800,1.00,4.00,7.00,9.00,0.0348,0
2023-05-17 13:14:59,1684343699,11.7,23.5,98800,1.00,5.00,8.00,9.00,0.0128,0
2023-05-17 13:16:22,1684343783,11.6,24.0,98800,1e-7,2.00,4.00,5.00,0.0117,0
2023-05-17 13:24:45,1684344285,12.4,21.5,98700,1e-7,1e-7,1e-7,1e-7,0.0112,0
2023-05-17 13:29:55,1684344596,12.6,20.6,98700,1.00,4.00,6.00,7.00,0.0173,0
2023-05-17 13:34:05,1684344846,13.1,20.6,98700,3.00,9.00,14.0,17.0,0.0167,0
2023-05-17 13:44:40,1684345480,14.0,18.2,98756,2.00,5.00,7.00,9.00,0.0138,0
2023-05-17 13:49:52,1684345793,13.9,17.7,98747,1.00,4.00,6.00,7.00,0.0307,0
2023-05-17 13:51:57,1684345918,13.9,17.6,98700,1.00,4.00,6.00,7.00,0.0126,0
2023-05-17 13:59:54,1684346394,14.8,20.1,98800,1e-7,2.00,4.00,4.00,0.0126,0
2023-05-17 14:04:45,1684346685,14.8,20.8,98800,1e-7,2.00,4.00,5.00,0.0126,0
2023-05-17 14:09:36,1684346977,14.5,20.7,98800,1.00,2.00,4.00,4.00,0.0212,0
2023-05-17 14:19:59,1684347600,14.2,21.2,98800,1.00,2.00,3.00,3.00,0.0160,0
2023-05-17 14:24:51,1684347891,14.3,20.7,98800,1.00,2.00,4.00,4.00,0.0103,0
2023-05-17 14:28:39,1684348119,14.3,19.9,98800,1e-7,2.00,4.00,5.00,0.0100,0
2023-05-17 14:34:51,1684348492,14.1,22.4,98800,1.00,2.00,3.00,4.00,0.0101,0
2023-05-17 14:39:42,1684348783,13.4,23.0,98800,1e-7,2.00,4.00,4.00,0.0101,0
2023-05-17 14:44:55,1684349095,12.4,24.5,98800,1e-7,2.00,4.00,4.00,0.0101,0
2023-05-17 14:54:49,1684349690,12.8,24.6,98800,1e-7,2.00,4.00,5.00,0.0102,0
2023-05-17 14:59:41,1684349982,13.3,22.9,98800,1.00,2.00,4.00,4.00,0.0101,0
2023-05-17 15:02:49,1684350170,13.9,20.9,98800,1e-7,2.00,4.00,5.00,0.0101,0
2023-05-17 15:14:55,1684350895,14.1,20.3,98800,3.00,11.0,17.0,20.0,0.0393,0
2023-05-17 15:19:46,1684351187,14.2,19.2,98800,1e-7,2.00,3.00,3.00,0.0442,0
2023-05-17 15:20:28,1684351228,14.2,19.2,98800,1e-7,1e-7,1e-7,1e-7,0.0275,0
2023-05-17 15:29:59,1684351800,14.4,19.8,98800,1.00,2.00,4.00,4.00,0.0443,0
2023-05-17 15:34:52,1684352092,13.7,20.2,98800,1e-7,2.00,4.00,5.00,0.0394,0
2023-05-17 15:39:22,1684352362,13.1,21.0,98800,2.00,7.00,12.0,14.0,0.0220,0
2023-05-17 15:49:46,1684352987,13.5,18.6,98800,1e-7,2.00,4.00,5.00,0.0294,0
2023-05-17 15:54:59,1684353300,13.7,18.1,98800,1e-7,2.00,4.00,5.00,0.0265,0
2023-05-17 15:56:02,1684353362,13.9,17.4,98800,1e-7,1e-7,1e-7,1e-7,0.0233,0
2023-05-17 16:04:42,1684353882,13.9,17.5,98800,1e-7,1.00,2.00,2.00,0.0156,0
2023-05-17 16:09:55,1684354196,13.7,18.0,98800,1e-7,2.00,4.00,5.00,0.0102,0
2023-05-17 16:14:47,1684354488,13.3,18.6,98836,3.00,9.00,15.0,18.0,0.0150,0
2023-05-17 16:19:40,1684354781,12.8,20.4,98879,1.00,4.00,5.00,6.00,0.0258,0
2023-05-17 16:24:54,1684355094,12.3,21.4,98893,1.00,4.00,6.00,7.00,0.0240,0
2023-05-17 16:29:46,1684355386,12.2,22.0,98864,1.00,1.00,1.00,1.00,0.0281,0
2023-05-17 16:31:30,1684355491,12.3,21.9,98800,1e-7,1e-7,1e-7,1e-7,0.0159,0
2023-05-17 16:49:44,1684356584,13.2,19.7,98900,1e-7,2.00,4.00,5.00,,
2023-05-17 16:54:57,1684356898,12.9,20.2,98900,1.00,5.00,8.00,10.0,,
2023-05-17 16:59:50,1684357190,12.5,21.3,98900,1.00,4.00,7.00,8.00,,
2023-05-17 17:04:42,1684357483,12.1,23.5,98900,1.00,2.00,4.00,4.00,0.0221,0
2023-05-17 17:09:56,1684357796,11.8,24.8,98947,1.00,2.00,4.00,4.00,0.0277,0
2023-05-17 17:14:49,1684358089,11.7,25.5,98986,1e-7,2.00,4.00,5.00,0.0151,0
2023-05-17 17:19:42,1684358382,11.5,25.3,99000,1e-7,2.00,4.00,5.00,0.0103,0
2023-05-17 17:24:56,1684358696,11.6,24.6,99000,1e-7,2.00,4.00,5.00,0.0101,0
2023-05-17 17:29:48,1684358989,11.4,24.5,99000,1.00,4.00,6.00,7.00,0.0101,0
2023-05-17 17:34:41,1684359281,11.3,24.7,99000,1e-7,2.00,4.00,5.00,0.0134,0
2023-05-17 17:39:55,1684359595,11.4,24.9,99000,2.00,7.00,11.0,13.0,0.0159,0
2023-05-17 17:44:47,1684359888,11.4,24.6,99000,5.00,16.0,25.0,29.0,0.0256,0
2023-05-17 17:49:39,1684360180,11.3,24.8,99000,1.00,3.00,5.00,6.00,0.0978,0
2023-05-17 17:54:53,1684360493,11.2,24.5,99000,1e-7,2.00,4.00,4.00,0.104,0
2023-05-17 17:59:46,1684360786,11.0,24.3,99000,1e-7,2.00,4.00,4.00,0.0880,0
2023-05-17 18:04:59,1684361099,10.8,24.5,99000,1e-7,2.00,4.00,4.00,0.0106,0
2023-05-17 18:09:53,1684361393,10.8,24.6,99000,10.0,33.0,51.0,60.0,0.0645,0
2023-05-17 18:14:46,1684361686,10.8,24.4,99000,1e-7,2.00,4.00,4.00,0.0694,0
2023-05-17 18:19:59,1684362000,10.8,24.5,99000,1.00,1.00,1.00,2.00,0.0669,0
2023-05-17 18:24:53,1684362293,10.8,24.3,99000,1.00,3.00,4.00,5.00,0.0669,0
2023-05-17 18:29:46,1684362587,10.8,24.2,99000,1.00,2.00,4.00,5.00,0.0128,0
2023-05-17 18:34:40,1684362880,10.6,24.0,99000,1.00,4.00,5.00,6.00,0.0116,0
2023-05-17 18:39:54,1684363194,10.3,24.4,99033,1e-7,2.00,4.00,4.00,0.0111,0
2023-05-17 18:44:46,1684363487,9.99,27.1,99100,1e-7,2.00,3.00,3.00,0.0118,0
2023-05-17 18:49:39,1684363780,9.60,28.6,99100,1e-7,2.00,4.00,4.00,0.0112,0
2023-05-17 18:54:54,1684364095,9.33,28.9,99100,1e-7,2.00,4.00,5.00,0.0100,0
2023-05-17 18:59:47,1684364388,9.14,29.1,99100,1e-7,2.00,3.00,4.00,0.0101,0
2023-05-17 19:04:41,1684364682,9.04,28.8,99100,1.00,5.00,8.00,9.00,0.0118,0
2023-05-17 19:09:56,1684364997,8.96,28.5,99100,1e-7,2.00,4.00,5.00,0.0150,0
2023-05-17 19:14:49,1684365290,8.91,28.5,99100,1.00,4.00,7.00,8.00,0.0150,0
2023-05-17 19:19:43,1684365583,8.87,28.6,99100,1e-7,2.00,3.00,4.00,0.0148,0
2023-05-17 19:24:58,1684365898,8.79,28.2,99100,1.00,2.00,4.00,4.00,0.0120,0
2023-05-17 19:29:51,1684366192,8.71,28.1,99100,1e-7,2.00,3.00,3.00,0.00995,0
2023-05-17 19:34:45,1684366486,8.64,28.0,99100,1e-7,2.00,4.00,5.00,0.00995,0
2023-05-17 19:39:59,1684366800,8.54,28.1,99100,1.00,2.00,4.00,5.00,0.0101,0
2023-05-17 19:44:53,1684367094,8.46,28.0,99100,1e-7,2.00,4.00,5.00,0.0103,0
2023-05-17 19:49:47,1684367388,8.35,28.0,99100,1e-7,2.00,4.00,4.00,0.0103,0
2023-05-17 19:54:41,1684367681,8.27,28.8,99157,1.00,2.00,4.00,5.00,0.0101,0
2023-05-17 19:59:55,1684367996,8.20,29.2,99200,3.00,7.00,10.0,11.0,0.0164,0
2023-05-17 20:04:49,1684368290,8.03,29.4,99200,1e-7,1e-7,1e-7,1e-7,0.0164,0
2023-05-17 20:09:42,1684368583,7.74,29.6,99200,1.00,4.00,6.00,8.00,0.0164,0
2023-05-17 20:14:56,1684368896,7.41,30.2,99200,1e-7,2.00,3.00,3.00,0.0134,0
2023-05-17 20:19:49,1684369190,7.08,30.5,99200,1e-7,2.00,4.00,5.00,0.0116,0
2023-05-17 20:24:43,1684369483,6.83,30.7,99200,2.00,7.00,11.0,13.0,0.0116,0
2023-05-17 20:29:57,1684369798,6.60,31.1,99200,1e-7,2.00,4.00,5.00,0.0187,0
2023-05-17 20:34:51,1684370092,6.39,31.6,99200,1e-7,2.00,4.00,5.00,0.0196,0
2023-05-17 20:39:45,1684370385,6.20,31.8,99200,1e-7,2.00,3.00,3.00,0.0146,0
2023-05-17 20:44:39,1684370679,6.01,32.0,99200,1.00,4.00,6.00,7.00,0.0109,0
2023-05-17 20:49:53,1684370994,5.84,32.1,99200,1.00,5.00,8.00,9.00,0.0129,0
2023-05-17 20:54:48,1684371289,5.65,32.3,99214,3.00,6.00,8.00,10.0,0.0173,0
2023-05-17 20:59:43,1684371583,5.48,32.5,99300,1.00,2.00,4.00,5.00,0.0221,0
2023-05-17 21:04:59,1684371899,5.26,32.8,99300,1.00,3.00,6.00,7.00,0.0198,0
2023-05-17 21:09:53,1684372194,5.03,33.3,99300,2.00,6.00,9.00,10.0,0.0712,0
2023-05-17 21:14:48,1684372488,4.78,33.8,99300,3.00,4.00,6.00,7.00,0.0712,0
2023-05-17 21:19:42,1684372783,4.55,33.7,99300,2.00,5.00,8.00,10.0,0.0343,0
2023-05-17 21:24:58,1684373099,4.32,34.1,99300,2.00,5.00,8.00,9.00,0.0138,0
2023-05-17 21:29:52,1684373392,4.12,34.3,99300,2.00,8.00,13.0,15.0,0.0180,0
2023-05-17 21:34:46,1684373686,3.93,34.2,99300,1e-7,2.00,4.00,4.00,0.0180,0
2023-05-17 21:39:40,1684373981,3.75,34.3,99300,2.00,5.00,8.00,10.0,0.0286,0
2023-05-17 21:44:55,1684374296,3.57,34.5,99300,2.00,7.00,12.0,14.0,0.0750,0
2023-05-17 21:49:49,1684374589,3.39,34.8,99300,1.00,5.00,8.00,10.0,0.0602,0
2023-05-17 21:54:43,1684374884,3.24,35.0,99300,1.00,2.00,4.00,5.00,0.0722,0
2023-05-17 21:59:59,1684375199,3.10,35.2,99300,1.00,5.00,9.00,10.0,0.0587,0
2023-05-17 22:04:53,1684375493,2.97,35.4,99400,1.00,3.00,4.00,4.00,0.0314,0
2023-05-17 22:09:47,1684375787,2.85,35.8,99400,2.00,3.00,4.00,5.00,0.0314,0
2023-05-17 22:14:41,1684376081,2.76,36.3,99400,3.00,7.00,11.0,13.0,0.0236,0
2023-05-17 22:19:57,1684376397,2.72,36.6,99400,1.00,2.00,4.00,4.00,0.0189,0
2023-05-17 22:24:52,1684376692,2.70,36.9,99400,1.00,4.00,6.00,7.00,0.0236,0
2023-05-17 22:29:47,1684376988,2.66,37.2,99400,1.00,3.00,6.00,7.00,0.0152,0
2023-05-17 22:34:43,1684377283,2.64,37.4,99400,2.00,5.00,9.00,10.0,0.0314,0
2023-05-17 22:39:59,1684377600,2.62,37.8,99400,1.00,2.00,4.00,5.00,0.0211,0
2023-05-17 22:44:54,1684377894,2.62,37.9,99400,1.00,2.00,4.00,5.00,0.0317,0
2023-05-17 22:49:48,1684378188,2.61,37.7,99400,1.00,2.00,3.00,4.00,0.0242,0
2023-05-17 22:54:42,1684378483,2.57,38.1,99400,1e-7,2.00,4.00,5.00,0.0103,0
2023-05-17 22:59:38,1684378779,2.50,38.1,99400,1.00,2.00,4.00,5.00,0.00995,0
2023-05-17 23:04:55,1684379096,2.46,38.1,99400,1.00,4.00,6.00,7.00,0.00995,0
2023-05-17 23:09:51,1684379391,2.40,38.3,99400,1e-7,2.00,4.00,5.00,0.0132,0
2023-05-17 23:14:46,1684379687,2.32,38.4,99429,1e-7,2.00,4.00,5.00,0.0122,0
2023-05-17 23:19:42,1684379983,2.24,38.6,99500,1e-7,2.00,4.00,5.00,0.0124,0
2023-05-17 23:24:59,1684380299,2.13,38.6,99500,1.00,5.00,8.00,9.00,0.0131,0
2023-05-17 23:29:55,1684380595,2.02,38.8,99500,1.00,4.00,7.00,8.00,0.0145,0
2023-05-17 23:34:50,1684380890,1.91,38.7,99500,2.00,7.00,11.0,13.0,0.0183,0
2023-05-17 23:39:45,1684381186,1.79,38.7,99500,1.00,4.00,6.00,7.00,0.0592,0
2023-05-17 23:44:41,1684381481,1.70,38.8,99500,2.00,5.00,8.00,10.0,0.0303,0
2023-05-17 23:49:58,1684381798,1.63,39.0,99500,3.00,9.00,14.0,16.0,0.0361,0
2023-05-17 23:54:54,1684382094,1.54,39.3,99500,3.00,10.0,15.0,17.0,0.0361,0
2023-05-17 23:59:48,1684382388,1.45,39.5,99500,2.00,7.00,11.0,13.0,0.0549,0
2023-05-18 00:04:43,1684382684,1.38,39.5,99500,3.00,9.00,13.0,15.0,0.0815,0
2023-05-18 00:09:39,1684382979,1.28,39.4,99500,2.00,6.00,9.00,10.0,0.0817,0
2023-05-18 00:14:56,1684383296,1.19,39.3,99500,2.00,7.00,12.0,14.0,0.0817,0
2023-05-18 00:19:52,1684383592,1.10,39.3,99500,3.00,9.00,14.0,16.0,0.0179,0
2023-05-18 00:24:47,1684383888,1.02,39.5,99500,3.00,10.0,15.0,17.0,0.0353,0
2023-05-18 00:29:43,1684384184,0.947,39.7,99500,2.00,5.00,9.00,10.0,0.0328,0
2023-05-18 00:34:39,1684384480,0.868,40.0,99500,1.00,4.00,7.00,8.00,0.0929,0
2023-05-18 00:39:56,1684384797,0.795,40.0,99500,2.00,7.00,10.0,12.0,0.0828,0
2023-05-18 00:44:52,1684385093,0.725,40.1,99500,1.00,3.00,5.00,6.00,0.0328,0
2023-05-18 00:49:48,1684385388,0.663,40.2,99500,2.00,5.00,8.00,10.0,0.0369,0
2023-05-18 00:54:44,1684385684,0.598,40.2,99500,2.00,5.00,7.00,8.00,0.0306,0
2023-05-18 00:59:40,1684385980,0.531,40.4,99500,2.00,7.00,11.0,13.0,0.0238,0
2023-05-18 01:04:57,1684386297,0.467,40.4,99500,1.00,5.00,8.00,9.00,0.0238,0
2023-05-18 01:09:52,1684386593,0.427,40.4,99500,2.00,5.00,8.00,9.00,0.0248,0
2023-05-18 01:14:47,1684386888,0.413,40.6,99500,2.00,5.00,8.00,10.0,0.0156,0
2023-05-18 01:19:42,1684387182,0.460,40.8,99500,2.00,4.00,6.00,7.00,0.0149,0
2023-05-18 01:24:59,1684387499,0.599,41.2,99500,2.00,6.00,9.00,11.0,0.0149,0
2023-05-18 01:29:55,1684387795,0.796,41.6,99500,1.00,2.00,4.00,5.00,0.0125,0
2023-05-18 01:34:50,1684388090,0.993,41.9,99500,1.00,4.00,6.00,7.00,0.0237,0
2023-05-18 01:39:44,1684388385,1.20,41.9,99500,2.00,5.00,9.00,10.0,0.0148,0
2023-05-18 01:44:40,1684388680,1.41,42.1,99514,1.00,2.00,4.00,5.00,0.0129,0
2023-05-18 01:49:56,1684388997,1.57,42.1,99600,1.00,4.00,7.00,9.00,0.0133,0
2023-05-18 01:54:52,1684389292,1.70,41.7,99600,1.00,5.00,8.00,9.00,0.0117,0
2023-05-18 01:59:46,1684389587,1.84,41.9,99600,1.00,5.00,8.00,9.00,0.0107,0
2023-05-18 02:04:42,1684389882,1.99,42.0,99600,1.00,5.00,8.00,9.00,0.0148,0
2023-05-18 02:09:59,1684390199,2.15,42.2,99600,1e-7,2.00,4.00,5.00,0.0185,0
2023-05-18 02:14:54,1684390495,2.31,42.0,99600,1.00,2.00,4.00,5.00,0.0314,0
2023-05-18 02:19:50,1684390790,2.44,41.9,99600,2.00,6.00,10.0,12.0,0.0157,0
2023-05-18 02:24:45,1684391086,2.57,41.5,99600,1.00,4.00,7.00,8.00,0.0263,0
2023-05-18 02:29:41,1684391381,2.68,41.3,99600,2.00,5.00,7.00,9.00,0.0263,0
2023-05-18 02:34:58,1684391698,2.80,41.4,99600,1.00,5.00,8.00,9.00,0.0225,0
2023-05-18 02:39:53,1684391994,2.89,41.4,99600,2.00,8.00,13.0,15.0,0.0144,0
2023-05-18 02:44:49,1684392289,2.95,41.6,99600,1.00,2.00,3.00,4.00,0.0138,0
2023-05-18 02:49:43,1684392584,3.03,41.6,99600,1.00,2.00,3.00,4.00,0.0452,0
2023-05-18 02:54:38,1684392879,3.11,41.6,99600,1.00,5.00,8.00,10.0,0.0396,0
2023-05-18 02:59:55,1684393196,3.19,41.4,99600,3.00,9.00,15.0,18.0,0.0589,0
2023-05-18 03:04:50,1684393491,3.26,41.3,99600,1.00,5.00,8.00,9.00,0.0259,0
2023-05-18 03:09:46,1684393786,3.34,41.2,99600,1.00,4.00,7.00,9.00,0.0159,0
2023-05-18 03:14:41,1684394082,3.42,40.8,99600,1.00,3.00,6.00,7.00,0.0124,0
2023-05-18 03:19:57,1684394398,3.46,40.4,99600,1.00,2.00,4.00,5.00,0.0208,0
2023-05-18 03:24:53,1684394693,3.50,40.5,99600,1.00,4.00,6.00,7.00,0.0159,0
2023-05-18 03:29:48,1684394989,3.54,40.8,99600,1.00,3.00,5.00,6.00,0.0139,0
2023-05-18 03:34:42,1684395283,3.58,40.8,99600,1e-7,2.00,4.00,5.00,0.0139,0
2023-05-18 03:39:58,1684395599,3.63,40.6,99600,2.00,3.00,5.00,6.00,0.0159,0
2023-05-18 03:44:53,1684395894,3.66,40.2,99600,1.00,2.00,4.00,4.00,0.0131,0
2023-05-18 03:49:48,1684396189,3.68,40.1,99600,1e-7,2.00,4.00,5.00,0.0118,0
2023-05-18 03:54:43,1684396484,3.72,40.0,99600,1e-7,2.00,4.00,5.00,0.0107,0
2023-05-18 03:59:39,1684396779,3.79,40.1,99600,1.00,4.00,6.00,7.00,0.0103,0
2023-05-18 04:04:55,1684397096,3.85,39.8,99600,1.00,4.00,6.00,7.00,0.0150,0
2023-05-18 04:09:50,1684397390,3.90,39.8,99600,2.00,5.00,8.00,9.00,0.0320,0
2023-05-18 04:14:44,1684397684,3.94,39.9,99600,1.00,2.00,4.00,5.00,0.0450,0
2023-05-18 04:19:59,1684397999,3.97,40.1,99600,1.00,2.00,4.00,5.00,0.0380,0
2023-05-18 04:24:53,1684398293,4.00,40.1,99600,1.00,4.00,6.00,7.00,0.0380,0
2023-05-18 04:29:47,1684398588,4.02,40.4,99600,1.00,2.00,4.00,4.00,0.0130,0
2023-05-18 04:34:41,1684398882,4.05,40.0,99614,1e-7,2.00,4.00,4.00,0.0129,0
2023-05-18 04:39:57,1684399197,4.10,39.7,99700,1.00,5.00,7.00,9.00,0.0118,0
2023-05-18 04:44:51,1684399491,4.16,39.2,99700,1.00,4.00,6.00,8.00,0.0234,0
2023-05-18 04:49:45,1684399785,4.22,39.1,99700,1.00,2.00,4.00,5.00,0.0234,0
2023-05-18 04:54:40,1684400080,4.28,38.8,99700,1e-7,2.00,4.00,5.00,0.0288,0
2023-05-18 04:59:56,1684400396,4.33,38.5,99700,1e-7,2.00,4.00,4.00,0.0126,0
2023-05-18 05:04:51,1684400691,4.37,38.4,99700,1.00,2.00,4.00,5.00,0.0101,0
2023-05-18 05:09:45,1684400985,4.41,38.4,99700,1.00,4.00,6.00,7.00,0.0134,0
2023-05-18 05:14:39,1684401279,4.41,38.6,99700,2.00,8.00,13.0,15.0,0.0250,0
2023-05-18 05:19:53,1684401594,4.42,39.3,99700,2.00,5.00,8.00,10.0,0.0304,0
2023-05-18 05:24:47,1684401888,4.44,39.0,99700,1.00,4.00,7.00,9.00,0.0246,0
2023-05-18 05:29:41,1684402182,4.50,38.3,99700,1.00,3.00,5.00,6.00,0.0118,0
2023-05-18 05:34:57,1684402498,4.62,37.2,99700,1.00,5.00,8.00,9.00,0.0121,0
2023-05-18 05:39:52,1684402793,4.76,36.7,99700,1e-7,2.00,4.00,5.00,0.0167,0
2023-05-18 05:44:47,1684403087,4.92,36.3,99721,1.00,2.00,4.00,5.00,0.0204,0
2023-05-18 05:49:21,1684403361,5.09,35.8,99792,2.00,8.00,13.0,15.0,0.0204,0
2023-05-18 07:14:32,1684408473,7.27,31.3,99900,1.00,4.00,6.00,7.00,,
2023-05-18 08:53:37,1684414418,17.2,17.5,100000,1.00,3.00,4.00,5.00,,
2023-05-18 09:34:42,1684416882,18.6,16.0,100000,2.00,7.00,11.0,13.0,,
2023-05-18 09:37:06,1684417027,18.7,16.8,100000,1e-7,2.00,3.00,3.00,,
2023-05-18 10:39:45,1684420785,18.4,17.1,100000,1.00,4.00,6.00,7.00,0.00701,0
2023-05-18 10:44:14,1684421055,18.2,17.5,100000,1.00,2.00,3.00,4.00,0.0190,0
2023-05-18 10:54:54,1684421695,18.5,17.9,100000,2.00,5.00,6.00,7.00,0.0173,2.18
2023-05-18 10:59:45,1684421985,18.8,17.8,100000,1.00,2.00,4.00,5.00,0.0126,2.18
2023-05-18 11:00:26,1684422027,18.9,17.5,100000,1e-7,2.00,4.00,5.00,0.0126,2.18
2023-05-18 11:14:53,1684422894,18.1,17.3,100000,1.00,2.00,4.00,4.00,0.0139,1.22
2023-05-18 11:18:21,1684423101,18.1,17.7,100000,2.00,5.00,7.00,8.00,0.0130,0
2023-05-18 11:29:48,1684423789,18.5,17.9,100000,1e-7,2.00,4.00,5.00,0.0130,0
2023-05-18 11:34:39,1684424080,18.6,17.7,100000,2.00,8.00,12.0,15.0,0.0459,0
2023-05-18 11:35:41,1684424142,18.7,17.7,100000,1e-7,1e-7,1.00,1.00,0.0269,0
2023-05-18 11:49:46,1684424986,18.4,17.7,100000,2.00,6.00,9.00,10.0,0.0219,0
2023-05-18 11:53:35,1684425215,18.5,17.5,100000,1.00,4.00,6.00,7.00,0.0461,0
2023-05-18 12:04:52,1684425893,19.1,17.4,100000,1.00,2.00,3.00,4.00,0.0167,0
2023-05-18 12:09:43,1684426183,19.1,17.6,100000,3.00,10.0,16.0,19.0,0.0454,0
2023-05-18 12:12:29,1684426349,19.2,17.5,100000,3.00,10.0,16.0,19.0,0.0235,0
2023-05-18 12:19:43,1684426783,19.3,17.5,100000,1e-7,2.00,3.00,3.00,0.0366,0
2023-05-18 12:24:54,1684427094,19.4,17.5,100000,1.00,3.00,4.00,5.00,0.0456,0
2023-05-18 12:28:42,1684427322,19.4,17.2,100000,1.00,2.00,4.00,5.00,0.0662,0
2023-05-18 12:39:55,1684427996,19.3,17.2,100000,1.00,4.00,6.00,7.00,0.0242,0
2023-05-18 12:44:46,1684428286,19.5,17.4,100000,2.00,3.00,4.00,5.00,0.0177,0
2023-05-18 12:46:50,1684428411,19.7,17.2,100000,1.00,5.00,8.00,9.00,0.0104,0
2023-05-18 12:54:43,1684428884,20.0,17.2,100000,1e-7,1.00,1.00,2.00,0.0114,0
2023-05-18 12:59:54,1684429195,20.2,16.8,100000,4.00,7.00,10.0,11.0,0.0341,0
2023-05-18 13:04:44,1684429484,20.3,16.9,100000,3.00,6.00,9.00,11.0,0.0369,0
2023-05-18 13:05:04,1684429505,20.4,17.1,100000,1.00,4.00,6.00,7.00,0.0105,0
2023-05-18 13:14:45,1684430085,20.7,16.3,100000,2.00,4.00,5.00,6.00,0.0163,0
2023-05-18 13:19:56,1684430396,20.6,16.5,100000,1.00,4.00,6.00,7.00,0.0229,0
2023-05-18 13:22:41,1684430561,20.6,16.4,100000,1.00,3.00,5.00,6.00,0.0229,0
2023-05-18 13:29:54,1684430995,20.6,16.3,100000,1.00,4.00,6.00,7.00,0.0192,0
2023-05-18 13:34:44,1684431285,20.7,16.5,100000,1.00,3.00,5.00,6.00,0.0254,0
2023-05-18 13:39:13,1684431554,20.7,16.1,100000,1.00,4.00,6.00,7.00,0.0184,0
2023-05-18 13:49:52,1684432193,20.7,16.3,99900,2.00,4.00,5.00,6.00,0.0169,0
2023-05-18 13:54:42,1684432483,20.9,16.4,99914,1.00,5.00,8.00,9.00,0.0252,0
2023-05-18 13:57:48,1684432669,21.1,16.2,99900,1.00,4.00,6.00,8.00,0.0132,0
2023-05-18 14:04:40,1684433080,21.6,16.0,99900,1e-7,2.00,4.00,5.00,0.00751,0
2023-05-18 14:09:50,1684433391,21.7,15.6,99900,1.00,2.00,4.00,4.00,0.0156,0
2023-05-18 14:14:19,1684433660,21.7,15.5,99900,2.00,5.00,9.00,10.0,0.0177,0
2023-05-18 14:24:53,1684434293,21.6,15.7,99900,2.00,5.00,7.00,8.00,0.0105,0
2023-05-18 14:29:43,1684434583,21.7,15.4,99900,1.00,2.00,4.00,5.00,0.0108,0
2023-05-18 14:31:47,1684434707,21.6,15.3,99900,1.00,2.00,3.00,3.00,0.00991,0
2023-05-18 14:39:53,1684435194,21.4,15.3,99900,1e-7,2.00,3.00,3.00,0.00674,0
2023-05-18 14:44:43,1684435483,21.4,15.1,99900,2.00,3.00,5.00,6.00,0.0112,0
2023-05-18 14:49:54,1684435794,21.2,15.0,99900,1.00,2.00,4.00,4.00,0.0116,0
2023-05-18 14:50:35,1684435835,21.1,15.2,99900,2.00,5.00,8.00,9.00,0.00994,0
2023-05-18 14:59:45,1684436385,21.0,15.3,99900,1.00,2.00,4.00,5.00,0.0122,0
2023-05-18 15:04:56,1684436696,21.0,15.2,99900,1.00,2.00,4.00,4.00,0.0147,0
2023-05-18 15:08:22,1684436903,20.9,15.2,99900,1.00,5.00,8.00,9.00,0.0160,0
2023-05-18 15:19:58,1684437599,21.4,15.6,99900,13.0,17.0,19.0,20.0,0.132,0
2023-05-18 15:24:28,1684437868,21.6,16.1,99900,3.00,7.00,10.0,11.0,0.137,0
2023-05-18 15:34:47,1684438488,21.9,16.5,99900,1.00,3.00,4.00,5.00,0.0811,0
2023-05-18 15:39:58,1684438799,21.9,16.3,99900,2.00,4.00,6.00,7.00,0.160,0
2023-05-18 15:43:25,1684439005,21.8,16.3,99900,5.00,14.0,22.0,26.0,0.0865,0
2023-05-18 15:49:49,1684439390,21.6,16.5,99900,1e-7,2.00,3.00,4.00,0.0591,0
2023-05-18 15:54:39,1684439680,21.5,16.5,99900,2.00,5.00,7.00,8.00,0.0578,0
2023-05-18 15:59:50,1684439990,21.4,16.8,99900,5.00,6.00,9.00,10.0,0.0460,0
2023-05-18 16:01:12,1684440072,21.4,16.8,99900,1.00,2.00,3.00,4.00,0.0141,0
2023-05-18 16:09:46,1684440586,21.2,16.6,99900,2.00,6.00,10.0,12.0,0.0349,0
2023-05-18 16:14:57,1684440897,21.3,16.6,99900,3.00,3.00,4.00,4.00,0.0349,0
2023-05-18 16:17:22,1684441042,21.3,16.2,99900,11.0,16.0,20.0,22.0,0.0204,0
2023-05-18 16:29:40,1684441780,20.6,17.0,99900,4.00,5.00,6.00,7.00,0.0479,0
2023-05-18 16:34:51,1684442092,20.5,17.0,99900,5.00,5.00,7.00,8.00,0.0496,0
2023-05-18 16:49:56,1684442996,20.0,17.5,99900,3.00,3.00,6.00,7.00,0.0327,0
2023-05-18 16:54:47,1684443287,20.0,17.6,99900,2.00,6.00,9.00,10.0,0.0177,0
2023-05-18 16:59:58,1684443599,19.9,17.6,99900,2.00,4.00,5.00,6.00,0.0122,0
2023-05-18 17:04:49,1684443889,19.8,17.6,99900,3.00,4.00,5.00,6.00,0.0148,0
2023-05-18 17:09:39,1684444180,19.7,17.7,99900,2.00,4.00,7.00,8.00,0.0132,0
2023-05-18 17:14:51,1684444491,19.6,17.7,99900,2.00,5.00,7.00,8.00,0.0127,0
2023-05-18 17:19:42,1684444782,19.5,18.1,99900,1.00,2.00,3.00,3.00,0.0117,0
2023-05-18 17:24:53,1684445093,19.5,17.8,99900,1.00,4.00,6.00,7.00,0.0177,0
2023-05-18 17:29:43,1684445384,19.4,17.8,99900,2.00,4.00,6.00,8.00,0.0177,0
2023-05-18 17:34:55,1684445695,19.3,17.9,99900,2.00,6.00,9.00,10.0,0.0165,0
2023-05-18 17:39:46,1684445986,19.2,17.8,99900,3.00,4.00,7.00,9.00,0.0128,0
2023-05-18 17:44:57,1684446298,19.1,17.9,99900,2.00,3.00,4.00,5.00,0.0128,0
2023-05-18 17:49:49,1684446589,18.9,17.9,99900,2.00,5.00,7.00,9.00,0.0103,0
2023-05-18 17:54:40,1684446880,18.8,18.0,99900,2.00,6.00,9.00,11.0,0.0121,0
2023-05-18 17:59:51,1684447192,18.8,18.0,99900,2.00,8.00,13.0,15.0,0.0191,0
2023-05-18 18:04:43,1684447483,18.6,18.1,99900,1.00,5.00,8.00,9.00,0.0217,0
2023-05-18 18:09:54,1684447795,18.5,18.0,99900,2.00,4.00,6.00,7.00,0.0146,0
2023-05-18 18:14:45,1684448086,18.3,18.1,99900,1.00,4.00,6.00,7.00,0.0180,0
2023-05-18 18:19:57,1684448398,18.1,18.1,99900,1.00,3.00,4.00,4.00,0.0166,0
2023-05-18 18:24:48,1684448689,18.1,18.1,99900,2.00,7.00,11.0,13.0,0.0118,0
2023-05-18 18:29:40,1684448980,17.9,18.1,99900,2.00,5.00,8.00,10.0,0.0248,0
2023-05-18 18:34:52,1684449293,17.8,18.1,99900,2.00,2.00,3.00,3.00,0.0129,0
2023-05-18 18:39:44,1684449584,17.7,18.3,99900,2.00,4.00,6.00,7.00,0.0181,0
2023-05-18 18:44:56,1684449896,17.5,18.2,99900,3.00,4.00,6.00,7.00,0.0180,0
2023-05-18 18:49:48,1684450188,17.4,18.1,99900,2.00,2.00,3.00,3.00,0.0224,0
2023-05-18 18:54:39,1684450479,17.3,18.1,99900,1.00,4.00,7.00,8.00,0.0139,0
2023-05-18 18:59:51,1684450791,17.1,18.2,99900,2.00,3.00,4.00,5.00,0.0192,0
2023-05-18 19:04:42,1684451083,16.9,18.3,99900,2.00,5.00,8.00,9.00,0.0206,0
2023-05-18 19:09:54,1684451395,16.7,18.5,99900,3.00,5.00,7.00,8.00,0.0194,0
2023-05-18 19:14:46,1684451686,16.6,18.9,99900,3.00,9.00,13.0,16.0,0.0159,0
2023-05-18 19:19:58,1684451998,16.5,19.1,99900,2.00,4.00,6.00,7.00,0.0176,0
2023-05-18 19:24:49,1684452290,16.4,19.4,99900,3.00,4.00,5.00,5.00,0.0176,0
2023-05-18 19:29:41,1684452581,16.2,19.7,99900,1.00,3.00,5.00,6.00,0.0115,0
2023-05-18 19:34:53,1684452894,16.1,20.0,99900,2.00,4.00,6.00,7.00,0.0120,0
2023-05-18 19:39:45,1684453185,15.9,20.2,99900,3.00,6.00,8.00,10.0,0.0115,0
2023-05-18 19:44:57,1684453497,15.7,20.7,99900,3.00,3.00,4.00,5.00,0.0373,0
2023-05-18 19:49:49,1684453789,15.5,21.1,99900,3.00,5.00,8.00,9.00,0.0307,0
2023-05-18 19:54:41,1684454081,15.4,21.3,99900,2.00,2.00,4.00,5.00,0.0250,0
2023-05-18 19:59:54,1684454395,15.2,21.7,99900,3.00,5.00,6.00,7.00,0.0148,0
2023-05-18 20:04:46,1684454686,15.0,21.9,99900,3.00,6.00,8.00,9.00,0.0253,0
2023-05-18 20:09:58,1684454999,14.7,22.3,99900,2.00,5.00,7.00,8.00,0.0253,0
2023-05-18 20:14:50,1684455290,14.5,22.5,99900,3.00,6.00,9.00,10.0,0.0325,0
2023-05-18 20:19:42,1684455582,14.3,22.8,99900,2.00,7.00,11.0,13.0,0.0269,0
2023-05-18 20:24:55,1684455895,14.1,23.2,99900,4.00,9.00,13.0,15.0,0.0133,0
2023-05-18 20:29:47,1684456187,13.9,23.5,99900,2.00,5.00,8.00,10.0,0.0133,0
2023-05-18 20:34:39,1684456480,13.7,23.8,99900,2.00,5.00,8.00,9.00,0.0159,0
2023-05-18 20:39:52,1684456792,13.5,24.3,99900,2.00,4.00,5.00,6.00,0.0158,0
2023-05-18 20:44:45,1684457086,13.3,24.5,99914,2.00,2.00,4.00,4.00,0.0228,0
2023-05-18 20:49:58,1684457399,13.1,25.3,99973,2.00,4.00,6.00,7.00,0.0303,0
2023-05-18 20:54:51,1684457691,12.8,25.4,100000,2.00,5.00,8.00,10.0,0.0113,0
2023-05-18 20:59:43,1684457984,12.6,26.1,100000,3.00,4.00,6.00,7.00,0.0138,0
2023-05-18 21:04:57,1684458297,12.3,26.2,100000,8.00,14.0,19.0,22.0,0.0689,0
2023-05-18 21:09:50,1684458590,11.9,26.9,100000,2.00,5.00,8.00,9.00,0.102,0
2023-05-18 21:14:42,1684458882,11.6,27.3,100000,1.00,3.00,5.00,6.00,0.130,0
2023-05-18 21:19:55,1684459196,11.3,27.5,100000,2.00,7.00,11.0,13.0,0.130,0
2023-05-18 21:24:48,1684459489,11.0,28.4,100000,1.00,3.00,4.00,5.00,0.0124,0
2023-05-18 21:29:41,1684459781,10.7,28.7,100000,2.00,6.00,10.0,11.0,0.0170,0
2023-05-18 21:34:55,1684460096,10.4,29.2,100000,2.00,2.00,4.00,4.00,0.0254,0
2023-05-18 21:39:48,1684460389,10.2,29.5,100000,1.00,3.00,5.00,6.00,0.0282,0
2023-05-18 21:44:42,1684460683,9.93,29.7,100000,2.00,6.00,9.00,11.0,0.0183,0
2023-05-18 21:49:56,1684460997,9.68,30.0,100000,1.00,4.00,7.00,9.00,0.0215,0
2023-05-18 21:54:50,1684461291,9.44,30.5,100000,2.00,4.00,6.00,7.00,0.0225,0
2023-05-18 21:59:43,1684461584,9.21,31.2,100000,3.00,3.00,4.00,5.00,0.0182,0
2023-05-18 22:04:58,1684461899,8.99,31.6,100000,3.00,7.00,11.0,13.0,0.0377,0
2023-05-18 22:09:51,1684462192,8.78,31.7,100000,3.00,4.00,6.00,6.00,0.0695,0
2023-05-18 22:14:44,1684462485,8.60,32.2,100000,1.00,4.00,6.00,7.00,0.0418,0
2023-05-18 22:19:59,1684462800,8.39,32.7,100000,2.00,3.00,4.00,5.00,0.0329,0
2023-05-18 22:24:53,1684463093,8.18,32.8,100000,2.00,4.00,6.00,7.00,0.0113,0
2023-05-18 22:29:47,1684463388,7.99,33.3,100000,4.00,7.00,10.0,11.0,0.0220,0
2023-05-18 22:34:41,1684463681,7.81,33.6,100000,4.00,11.0,17.0,19.0,0.0301,0
2023-05-18 22:39:56,1684463997,7.66,33.7,100000,2.00,5.00,8.00,10.0,0.0346,0
2023-05-18 22:44:49,1684464290,7.52,34.0,100000,2.00,6.00,9.00,11.0,0.0309,0
2023-05-18 22:49:42,1684464583,7.38,34.3,100000,3.00,9.00,14.0,17.0,0.0153,0
2023-05-18 22:54:57,1684464897,7.23,34.4,100000,2.00,6.00,8.00,10.0,0.0189,0
2023-05-18 22:59:50,1684465191,7.10,34.8,100000,11.0,21.0,29.0,33.0,0.338,0
2023-05-18 23:04:43,1684465484,6.97,35.3,100000,8.00,13.0,19.0,21.0,1.19,0
2023-05-18 23:09:58,1684465798,6.85,35.4,100000,11.0,15.0,22.0,25.0,0.825,0
2023-05-18 23:14:52,1684466093,6.77,35.1,100000,5.00,7.00,11.0,13.0,0.456,0
2023-05-18 23:19:46,1684466386,6.68,35.0,100000,3.00,9.00,14.0,16.0,0.568,0
2023-05-18 23:24:39,1684466680,6.61,35.2,100000,2.00,4.00,6.00,7.00,0.192,0
2023-05-18 23:29:54,1684466994,6.54,35.5,100000,3.00,6.00,8.00,9.00,0.0229,0
2023-05-18 23:34:47,1684467287,6.46,36.0,100000,2.00,5.00,8.00,9.00,0.0152,0
2023-05-18 23:39:40,1684467581,6.38,36.1,100000,2.00,4.00,6.00,7.00,0.0240,0
2023-05-18 23:44:55,1684467896,6.30,36.4,100000,3.00,8.00,13.0,15.0,0.0286,0
2023-05-18 23:49:50,1684468190,6.23,36.4,100000,2.00,4.00,6.00,7.00,0.0335,0
2023-05-18 23:54:43,1684468483,6.20,36.7,100000,2.00,4.00,5.00,6.00,0.0466,0
2023-05-18 23:59:59,1684468799,6.19,36.8,100000,2.00,5.00,8.00,9.00,0.0355,0
2023-05-19 00:04:53,1684469094,6.15,36.9,100000,2.00,7.00,11.0,13.0,0.0763,0
2023-05-19 00:09:48,1684469389,6.07,37.1,100000,2.00,7.00,12.0,14.0,0.0763,0
2023-05-19 00:14:43,1684469684,5.99,37.1,100000,3.00,9.00,14.0,16.0,0.0257,0
2023-05-19 00:19:59,1684470000,5.93,37.1,100000,3.00,5.00,7.00,7.00,0.0394,0
2023-05-19 00:24:54,1684470294,5.89,37.2,100000,3.00,6.00,8.00,9.00,0.0337,0
2023-05-19 00:29:48,1684470588,5.86,37.2,100000,2.00,4.00,6.00,7.00,0.0254,0
2023-05-19 00:34:42,1684470883,5.85,37.7,100000,3.00,5.00,7.00,8.00,0.0165,0
2023-05-19 00:39:58,1684471199,5.86,38.1,100000,6.00,9.00,11.0,12.0,0.0677,0
2023-05-19 00:44:52,1684471492,5.91,38.2,100000,5.00,11.0,16.0,19.0,0.179,0
2023-05-19 00:49:45,1684471785,5.97,38.1,100000,4.00,5.00,7.00,8.00,0.163,0
2023-05-19 00:54:39,1684472079,6.02,38.0,100000,5.00,9.00,13.0,15.0,0.119,0
2023-05-19 00:59:53,1684472393,6.00,38.1,100000,5.00,7.00,8.00,10.0,0.0981,0
2023-05-19 01:04:47,1684472687,5.94,38.2,100000,6.00,12.0,16.0,18.0,0.0332,0
2023-05-19 01:09:41,1684472981,5.93,38.2,100000,3.00,6.00,8.00,10.0,0.0188,0
2023-05-19 01:14:55,1684473295,5.96,38.4,100000,3.00,7.00,9.00,10.0,0.0823,0
2023-05-19 01:19:49,1684473590,6.02,38.5,100000,3.00,6.00,9.00,10.0,0.0305,0
2023-05-19 01:24:43,1684473883,6.01,38.5,100000,4.00,9.00,14.0,16.0,0.0317,0
2023-05-19 01:29:57,1684474198,5.95,38.6,100000,4.00,9.00,13.0,15.0,0.0508,0
2023-05-19 01:34:51,1684474492,5.89,38.7,100000,6.00,10.0,12.0,13.0,0.0267,0
2023-05-19 01:39:46,1684474787,5.83,38.8,100000,2.00,4.00,6.00,7.00,0.0188,0
2023-05-19 01:44:40,1684475081,5.80,38.8,100000,3.00,8.00,13.0,15.0,0.0931,0
2023-05-19 01:49:56,1684475397,5.83,39.1,100000,2.00,6.00,9.00,11.0,0.0605,0
2023-05-19 01:54:51,1684475691,5.89,39.0,100000,3.00,7.00,9.00,11.0,0.0257,0
2023-05-19 01:59:45,1684475985,5.90,38.9,100000,3.00,5.00,7.00,7.00,0.0855,0
2023-05-19 02:04:59,1684476299,5.86,39.1,100000,4.00,4.00,6.00,8.00,0.0632,0
2023-05-19 02:09:53,1684476593,5.75,39.1,100000,1.00,3.00,4.00,5.00,0.0537,0
2023-05-19 02:14:46,1684476887,5.59,38.8,100000,3.00,4.00,6.00,7.00,0.0185,0
2023-05-19 02:19:41,1684477182,5.45,38.8,100000,2.00,3.00,5.00,5.00,0.0136,0
2023-05-19 02:24:58,1684477498,5.31,38.8,100000,1.00,4.00,6.00,7.00,0.0110,0
2023-05-19 02:29:52,1684477793,5.21,39.2,100000,1.00,3.00,4.00,4.00,0.0109,0
2023-05-19 02:34:47,1684478088,5.11,39.1,100000,2.00,4.00,6.00,7.00,0.0112,0
2023-05-19 02:39:42,1684478383,5.00,39.5,100000,2.00,9.00,14.0,17.0,0.0119,0
2023-05-19 02:44:58,1684478699,4.88,39.8,100000,3.00,7.00,10.0,11.0,0.0372,0
2023-05-19 02:49:52,1684478993,4.76,39.7,100000,2.00,4.00,6.00,7.00,0.0372,0
2023-05-19 02:54:47,1684479288,4.67,39.7,100000,1.00,4.00,6.00,7.00,0.0513,0
2023-05-19 02:59:42,1684479583,4.62,40.2,100000,2.00,4.00,6.00,7.00,0.0155,0
2023-05-19 03:04:58,1684479898,4.62,40.9,100000,2.00,5.00,8.00,9.00,0.0158,0
2023-05-19 03:09:52,1684480192,4.67,40.9,100000,2.00,5.00,8.00,10.0,0.0106,0
2023-05-19 03:14:46,1684480487,4.66,40.6,100000,1.00,3.00,4.00,5.00,0.0105,0
2023-05-19 03:19:41,1684480781,4.58,40.4,100000,2.00,4.00,5.00,6.00,0.0128,0
2023-05-19 03:24:57,1684481097,4.45,40.3,100000,2.00,3.00,6.00,7.00,0.0121,0
2023-05-19 03:29:52,1684481392,4.33,40.3,100000,2.00,5.00,8.00,9.00,0.0166,0
2023-05-19 03:34:46,1684481686,4.23,40.3,100000,2.00,5.00,7.00,8.00,0.0167,0
2023-05-19 03:39:41,1684481981,4.15,40.5,100000,1.00,3.00,6.00,7.00,0.0114,0
2023-05-19 03:44:57,1684482297,4.07,41.0,100000,1.00,3.00,5.00,6.00,0.0153,0
2023-05-19 03:49:51,1684482591,4.01,40.9,100000,2.00,5.00,7.00,8.00,0.0200,0
2023-05-19 03:54:45,1684482885,4.00,41.0,100000,3.00,4.00,6.00,7.00,0.0112,0
2023-05-19 03:59:40,1684483180,4.00,41.0,100000,2.00,6.00,9.00,11.0,0.0120,0
2023-05-19 04:04:56,1684483497,3.99,41.2,100000,4.00,11.0,17.0,19.0,0.0311,0
2023-05-19 04:09:51,1684483792,3.92,41.3,100000,2.00,6.00,10.0,12.0,0.0558,0
2023-05-19 04:14:46,1684484087,3.87,41.4,100000,2.00,7.00,11.0,13.0,0.0657,0
2023-05-19 04:19:42,1684484382,3.83,41.4,100000,1.00,4.00,6.00,7.00,0.0389,0
2023-05-19 04:24:57,1684484697,3.81,41.3,100000,1.00,4.00,6.00,7.00,0.0335,0
2023-05-19 04:29:50,1684484991,3.82,41.3,100000,2.00,6.00,9.00,11.0,0.0168,0
2023-05-19 04:34:44,1684485285,3.81,41.6,100000,2.00,4.00,6.00,7.00,0.0576,0
2023-05-19 04:39:40,1684485580,3.81,41.8,100000,2.00,7.00,11.0,13.0,0.0576,0
2023-05-19 04:44:56,1684485896,3.80,41.9,100000,1.00,3.00,5.00,6.00,0.0229,0
2023-05-19 04:49:51,1684486191,3.80,41.9,100000,1.00,4.00,6.00,7.00,0.0221,0
2023-05-19 04:54:46,1684486486,3.82,42.0,100000,2.00,3.00,5.00,5.00,0.0128,0
2023-05-19 04:59:40,1684486781,3.86,41.9,100000,1.00,4.00,6.00,7.00,0.0222,0
2023-05-19 05:04:56,1684487097,3.91,42.1,100000,2.00,5.00,7.00,8.00,0.0287,0
2023-05-19 05:09:51,1684487392,3.96,42.3,100000,1.00,2.00,4.00,4.00,0.0287,0
2023-05-19 05:14:46,1684487687,4.02,42.4,100000,2.00,3.00,4.00,4.00,0.0264,0
2023-05-19 05:19:40,1684487981,4.10,42.5,100000,2.00,8.00,13.0,15.0,0.0122,0
2023-05-19 05:24:55,1684488296,4.22,42.6,100000,1.00,5.00,8.00,9.00,0.0196,0
2023-05-19 05:29:49,1684488590,4.34,42.7,100000,1.00,4.00,7.00,9.00,0.0270,0
2023-05-19 05:34:44,1684488884,4.43,42.7,100000,1.00,3.00,4.00,5.00,0.0184,0
2023-05-19 05:35:47,1684488947,4.48,42.6,100000,1.00,2.00,2.00,2.00,0.0221,0
2023-05-19 07:11:57,1684494718,8.82,40.3,99900,3.00,6.00,10.0,11.0,,
2023-05-19 07:31:19,1684495879,10.2,37.9,99900,1.00,2.00,2.00,3.00,,
2023-05-19 09:44:50,1684503890,22.2,20.3,99900,2.00,5.00,7.00,8.00,,
2023-05-19 09:49:39,1684504180,22.2,20.0,99850,3.00,5.00,7.00,8.00,,
2023-05-19 09:54:44,1684504485,22.1,20.2,99862,2.00,3.00,4.00,5.00,,
2023-05-19 09:59:54,1684504795,22.0,20.1,99820,4.00,8.00,11.0,12.0,0.0167,0
2023-05-19 10:04:44,1684505084,21.8,20.5,99800,3.00,5.00,7.00,8.00,0.0259,0
2023-05-19 10:05:25,1684505125,21.9,20.9,99800,2.00,3.00,4.00,5.00,0.0134,0
2023-05-19 10:19:46,1684505986,22.6,20.4,99800,2.00,4.00,5.00,5.00,0.0169,0
2023-05-19 10:20:47,1684506048,22.6,20.1,99800,2.00,2.00,3.00,3.00,0.0169,0
2023-05-19 10:39:39,1684507180,23.0,20.2,99800,1.00,2.00,4.00,4.00,,
2023-05-19 10:41:23,1684507283,23.0,20.2,99800,24.0,60.0,89.0,104,,
2023-05-19 10:54:45,1684508085,23.4,19.9,99800,2.00,3.00,4.00,5.00,,
2023-05-19 10:58:53,1684508333,23.7,19.7,99800,2.00,3.00,4.00,4.00,,
2023-05-19 11:09:45,1684508986,24.2,19.7,99800,1.00,1.00,2.00,2.00,,
2023-05-19 11:14:55,1684509295,24.4,19.4,99800,3.00,4.00,5.00,5.00,0.0640,0
2023-05-19 11:16:17,1684509378,24.4,19.3,99800,6.00,6.00,6.00,6.00,0.0647,0
2023-05-19 11:24:52,1684509892,24.8,19.6,99800,2.00,4.00,5.00,6.00,0.0647,0
2023-05-19 11:29:41,1684510181,24.9,19.4,99800,3.00,7.00,11.0,13.0,0.0191,0
2023-05-19 11:33:48,1684510429,25.1,19.3,99800,3.00,6.00,7.00,8.00,0.0204,0
2023-05-19 11:44:45,1684511086,25.8,19.2,99700,3.00,5.00,7.00,8.00,0.0204,0
2023-05-19 11:49:55,1684511395,25.8,18.9,99700,4.00,4.00,6.00,6.00,0.0125,0
2023-05-19 11:51:17,1684511478,25.7,19.1,99700,5.00,7.00,9.00,10.0,0.0117,0
2023-05-19 12:04:59,1684512299,25.4,19.4,99700,5.00,6.00,7.00,8.00,0.0119,0
2023-05-19 12:08:46,1684512526,25.5,19.7,99700,4.00,5.00,7.00,8.00,0.0179,0
2023-05-19 12:19:40,1684513180,25.6,19.9,99700,5.00,7.00,9.00,10.0,0.0188,0
2023-05-19 12:24:49,1684513490,25.8,19.9,99700,3.00,6.00,8.00,9.00,0.0139,0
2023-05-19 12:26:12,1684513572,25.9,19.8,99700,4.00,5.00,5.00,5.00,0.0205,0
2023-05-19 12:34:46,1684514086,26.0,20.3,99700,2.00,3.00,4.00,4.00,0.0205,0
2023-05-19 12:39:55,1684514395,26.1,20.2,99700,5.00,10.0,14.0,16.0,0.0205,0
2023-05-19 12:43:42,1684514622,26.1,20.2,99700,6.00,8.00,11.0,12.0,0.0350,0
2023-05-19 12:54:41,1684515282,26.3,21.0,99600,6.00,13.0,18.0,20.0,0.0521,0
2023-05-19 12:59:50,1684515591,26.4,20.5,99600,4.00,6.00,8.00,9.00,0.0450,0
2023-05-19 13:03:16,1684515797,26.6,20.5,99600,5.00,7.00,8.00,8.00,0.0575,0
2023-05-19 13:09:40,1684516181,27.0,20.8,99600,4.00,5.00,6.00,7.00,0.0224,0
2023-05-19 13:14:49,1684516489,27.3,20.4,99600,4.00,5.00,6.00,7.00,0.0224,0
2023-05-19 13:18:56,1684516736,27.6,20.1,99600,5.00,6.00,10.0,11.0,0.0102,0
2023-05-19 13:29:53,1684517393,27.9,19.7,99600,4.00,6.00,7.00,8.00,0.00966,0
2023-05-19 13:34:41,1684517682,28.0,19.6,99600,4.00,6.00,7.00,7.00,0.00906,0
2023-05-19 13:36:24,1684517784,28.1,19.4,99600,3.00,4.00,5.00,6.00,0.0107,0
2023-05-19 13:44:48,1684518289,28.6,19.8,99500,3.00,5.00,6.00,6.00,0.0186,0
2023-05-19 13:49:56,1684518597,29.0,19.4,99500,5.00,7.00,10.0,11.0,0.0186,0
2023-05-19 13:53:42,1684518823,29.4,19.2,99500,6.00,7.00,8.00,9.00,0.0419,0
2023-05-19 14:09:46,1684519787,30.3,18.0,99500,5.00,8.00,9.00,10.0,0.0419,0
2023-05-19 14:12:30,1684519950,30.3,18.0,99500,3.00,3.00,3.00,3.00,0.0128,0
2023-05-19 14:19:53,1684520394,30.2,17.7,99500,3.00,7.00,11.0,13.0,0.0116,0
2023-05-19 14:24:41,1684520681,30.0,17.9,99500,5.00,6.00,7.00,8.00,0.0270,0
2023-05-19 14:28:27,1684520907,30.0,18.2,99500,4.00,5.00,6.00,7.00,0.0222,0
2023-05-19 14:39:42,1684521582,30.3,17.7,99427,6.00,8.00,13.0,15.0,0.0224,0
2023-05-19 14:44:50,1684521890,30.3,17.8,99440,5.00,9.00,12.0,14.0,0.0164,0
2023-05-19 14:45:52,1684521952,30.5,17.7,99400,2.00,3.00,5.00,5.00,0.0164,0
2023-05-19 14:59:52,1684522792,30.3,17.4,99400,6.00,6.00,6.00,6.00,0.0135,0
2023-05-19 15:04:39,1684523079,30.3,17.4,99400,3.00,3.00,4.00,4.00,0.0173,0
2023-05-19 15:09:59,1684523400,30.5,16.8,99400,2.00,2.00,2.00,3.00,0.0122,0
2023-05-19 15:14:47,1684523687,30.5,16.9,99400,4.00,6.00,9.00,10.0,0.0267,0
2023-05-19 15:19:55,1684523995,30.4,16.9,99400,89.0,249,378,442,0.0395,0
2023-05-19 15:20:57,1684524057,30.4,17.5,99400,4.00,8.00,10.0,12.0,0.0684,0
2023-05-19 15:29:49,1684524590,30.3,16.7,99400,3.00,5.00,6.00,6.00,0.0684,0
2023-05-19 15:34:57,1684524898,30.2,16.7,99400,5.00,6.00,7.00,7.00,0.0701,0
2023-05-19 15:39:44,1684525185,29.9,16.8,99400,5.00,7.00,9.00,10.0,0.0683,0
2023-05-19 15:49:59,1684525799,29.8,16.7,99400,3.00,4.00,5.00,6.00,0.0685,0
2023-05-19 15:54:46,1684526087,29.6,17.1,99400,4.00,5.00,7.00,8.00,0.0291,0
2023-05-19 15:57:09,1684526230,29.5,17.0,99400,2.00,3.00,4.00,4.00,0.0117,0
2023-05-19 16:04:54,1684526695,29.4,17.2,99333,3.00,8.00,12.0,14.0,0.0121,0
2023-05-19 16:09:42,1684526983,29.3,17.0,99300,4.00,6.00,9.00,10.0,0.0278,0
2023-05-19 16:14:51,1684527291,29.3,17.1,99300,4.00,7.00,9.00,10.0,0.0278,0
2023-05-19 16:17:52,1684527473,29.3,16.9,99300,4.00,7.00,9.00,10.0,0.0181,0
2023-05-19 16:24:44,1684527885,29.4,16.3,99300,6.00,8.00,9.00,10.0,0.0220,0
2023-05-19 16:29:52,1684528193,29.5,16.1,99300,5.00,6.00,8.00,9.00,0.0220,0
2023-05-19 16:31:55,1684528316,29.6,15.7,99300,5.00,5.00,6.00,6.00,0.0106,0
2023-05-19 16:39:43,1684528783,29.5,15.9,99300,4.00,4.00,4.00,4.00,0.0165,0
2023-05-19 16:44:51,1684529091,29.5,15.9,99300,4.00,4.00,5.00,6.00,0.0154,0
2023-05-19 16:49:18,1684529358,29.6,15.8,99300,5.00,6.00,8.00,9.00,0.0120,0
2023-05-19 16:54:51,1684529692,29.6,15.8,99300,4.00,4.00,5.00,5.00,0.0105,0
2023-05-19 16:59:39,1684529979,29.4,15.8,99300,4.00,4.00,5.00,6.00,0.0249,0
2023-05-19 17:04:48,1684530288,29.2,15.9,99300,4.00,5.00,6.00,6.00,0.0249,0
2023-05-19 17:09:56,1684530597,28.9,16.2,99300,3.00,6.00,8.00,9.00,0.0147,0
2023-05-19 17:14:45,1684530885,28.7,16.3,99300,4.00,5.00,6.00,6.00,0.0160,0
2023-05-19 17:19:53,1684531194,28.5,16.6,99300,3.00,4.00,7.00,8.00,0.0142,0
2023-05-19 17:24:41,1684531482,28.6,16.7,99300,4.00,6.00,8.00,9.00,0.0103,0
2023-05-19 17:29:50,1684531791,28.7,16.5,99300,5.00,10.0,13.0,15.0,0.0189,0
2023-05-19 17:34:59,1684532099,28.7,16.4,99300,4.00,8.00,10.0,12.0,0.0542,0
2023-05-19 17:39:47,1684532387,28.6,16.5,99300,4.00,6.00,7.00,8.00,0.0542,0
2023-05-19 17:44:56,1684532697,28.4,16.9,99300,3.00,4.00,6.00,7.00,0.0311,0
2023-05-19 17:49:44,1684532985,28.2,17.3,99300,5.00,6.00,6.00,6.00,0.0190,0
2023-05-19 17:54:53,1684533294,28.1,17.0,99300,6.00,9.00,12.0,13.0,0.0255,0
2023-05-19 17:59:42,1684533582,27.8,17.2,99300,5.00,5.00,6.00,6.00,0.0220,0
2023-05-19 18:04:51,1684533891,27.6,17.7,99300,6.00,8.00,9.00,9.00,0.0372,0
2023-05-19 18:09:39,1684534180,27.3,17.9,99300,6.00,8.00,9.00,9.00,0.0238,0
2023-05-19 18:14:49,1684534489,27.0,18.2,99300,7.00,7.00,7.00,7.00,0.0238,0
2023-05-19 18:19:58,1684534798,26.6,18.7,99300,4.00,4.00,5.00,6.00,0.0309,0
2023-05-19 18:24:47,1684535087,26.4,18.9,99300,4.00,4.00,6.00,6.00,0.0143,0
2023-05-19 18:29:56,1684535397,26.3,19.2,99300,5.00,7.00,9.00,11.0,0.0324,0
2023-05-19 18:34:45,1684535686,26.2,19.6,99300,6.00,7.00,8.00,8.00,0.0324,0
2023-05-19 18:39:55,1684535995,26.3,19.8,99300,5.00,5.00,6.00,7.00,0.0177,0
2023-05-19 18:44:44,1684536284,26.4,19.7,99300,5.00,6.00,7.00,7.00,0.0294,0
2023-05-19 18:49:53,1684536594,26.4,19.8,99300,6.00,6.00,6.00,7.00,0.0130,0
2023-05-19 18:54:42,1684536883,26.4,20.0,99300,5.00,5.00,6.00,7.00,0.0116,0
2023-05-19 18:59:51,1684537191,26.4,20.1,99300,5.00,9.00,11.0,12.0,0.0539,0
2023-05-19 19:04:40,1684537480,26.3,20.2,99300,4.00,5.00,8.00,9.00,0.0633,0
2023-05-19 19:09:49,1684537790,26.2,20.5,99300,5.00,6.00,7.00,8.00,0.0470,0
2023-05-19 19:14:59,1684538099,26.0,20.5,99300,7.00,13.0,18.0,21.0,0.0254,0
2023-05-19 19:19:48,1684538388,25.8,20.8,99300,3.00,5.00,6.00,7.00,0.0254,0
2023-05-19 19:24:57,1684538698,25.6,21.1,99300,7.00,8.00,8.00,9.00,0.0231,0
2023-05-19 19:29:46,1684538987,25.4,21.3,99300,6.00,8.00,10.0,11.0,0.0231,0
2023-05-19 19:34:56,1684539297,25.3,21.6,99300,5.00,5.00,7.00,7.00,0.0213,0
2023-05-19 19:39:46,1684539586,25.2,21.6,99300,3.00,4.00,4.00,5.00,0.0406,0
2023-05-19 19:44:56,1684539896,25.0,22.0,99300,5.00,6.00,9.00,10.0,0.0303,0
2023-05-19 19:49:45,1684540186,24.9,22.1,99300,4.00,6.00,9.00,10.0,0.0442,0
2023-05-19 19:54:55,1684540496,24.8,22.4,99300,4.00,6.00,7.00,8.00,0.0420,0
2023-05-19 19:59:45,1684540785,24.7,22.7,99300,4.00,5.00,7.00,8.00,0.0420,0
2023-05-19 20:04:55,1684541095,24.6,22.8,99300,5.00,8.00,11.0,12.0,0.0333,0
2023-05-19 20:09:44,1684541385,24.5,23.1,99300,4.00,5.00,6.00,7.00,0.0409,0
2023-05-19 20:14:55,1684541695,24.3,23.4,99300,4.00,8.00,10.0,12.0,0.0322,0
2023-05-19 20:19:44,1684541985,24.2,23.6,99300,5.00,7.00,9.00,10.0,0.0205,0
2023-05-19 20:24:54,1684542295,24.1,24.0,99300,4.00,5.00,7.00,8.00,0.0335,0
2023-05-19 20:29:44,1684542584,24.0,24.3,99300,5.00,8.00,11.0,12.0,0.0152,0
2023-05-19 20:34:54,1684542895,23.8,24.6,99300,5.00,6.00,7.00,7.00,0.0120,0
2023-05-19 20:39:44,1684543185,23.7,25.1,99300,5.00,10.0,14.0,16.0,0.0138,0
2023-05-19 20:44:54,1684543495,23.5,25.4,99300,4.00,6.00,8.00,9.00,0.0167,0
2023-05-19 20:49:44,1684543785,23.4,25.6,99300,4.00,5.00,6.00,6.00,0.0505,0
2023-05-19 20:54:55,1684544095,23.3,25.8,99300,6.00,8.00,10.0,10.0,0.0387,0
2023-05-19 20:59:44,1684544385,23.1,26.3,99300,7.00,8.00,11.0,13.0,0.0352,0
2023-05-19 21:04:55,1684544695,23.0,26.5,99300,4.00,7.00,9.00,10.0,0.0260,0
2023-05-19 21:09:44,1684544985,23.0,26.6,99321,4.00,7.00,10.0,12.0,0.0183,0
2023-05-19 21:14:55,1684545295,23.0,27.1,99373,5.00,9.00,14.0,16.0,0.0183,0
2023-05-19 21:19:45,1684545585,22.9,27.2,99393,7.00,13.0,19.0,21.0,0.0278,0
2023-05-19 21:24:55,1684545896,22.8,27.2,99380,5.00,9.00,12.0,13.0,0.0369,0
2023-05-19 21:29:45,1684546186,22.6,27.7,99400,3.00,5.00,6.00,6.00,0.0369,0
2023-05-19 21:34:56,1684546497,22.5,28.1,99400,4.00,6.00,7.00,8.00,0.0474,0
2023-05-19 21:39:46,1684546787,22.4,28.4,99400,5.00,9.00,12.0,13.0,0.0309,0
2023-05-19 21:44:57,1684547097,22.4,28.4,99400,4.00,6.00,7.00,8.00,0.0248,0
2023-05-19 21:49:47,1684547388,22.3,28.5,99400,6.00,8.00,11.0,12.0,0.0147,0
2023-05-19 21:54:58,1684547699,22.3,29.0,99400,8.00,9.00,10.0,10.0,0.0305,0
2023-05-19 21:59:48,1684547989,22.2,29.0,99400,5.00,7.00,8.00,9.00,0.0254,0
2023-05-19 22:04:59,1684548299,22.1,29.3,99400,5.00,8.00,10.0,12.0,0.0174,0
2023-05-19 22:09:49,1684548590,22.0,29.6,99400,5.00,9.00,11.0,12.0,0.0113,0
2023-05-19 22:14:39,1684548880,21.9,30.0,99400,5.00,7.00,10.0,11.0,0.0104,0
2023-05-19 22:19:50,1684549191,21.8,30.6,99400,4.00,7.00,9.00,10.0,0.0144,0
2023-05-19 22:24:41,1684549481,21.9,30.9,99400,5.00,9.00,13.0,15.0,0.0254,0
2023-05-19 22:29:52,1684549793,21.9,31.2,99400,6.00,11.0,16.0,19.0,0.0386,0
2023-05-19 22:34:42,1684550083,22.0,31.4,99400,5.00,8.00,11.0,12.0,0.0386,0
2023-05-19 22:39:53,1684550394,22.0,31.5,99400,4.00,8.00,12.0,14.0,0.0361,0
2023-05-19 22:44:44,1684550684,22.0,31.4,99400,6.00,9.00,13.0,15.0,0.0312,0
2023-05-19 22:49:54,1684550995,21.9,31.6,99400,6.00,10.0,14.0,16.0,0.0482,0
2023-05-19 22:54:44,1684551285,21.8,32.0,99400,5.00,8.00,10.0,11.0,0.0193,0
2023-05-19 22:59:56,1684551596,21.7,32.2,99400,5.00,5.00,6.00,7.00,0.0248,0
2023-05-19 23:04:46,1684551886,21.5,32.7,99400,6.00,7.00,9.00,10.0,0.0186,0
2023-05-19 23:09:57,1684552197,21.4,33.0,99400,5.00,8.00,10.0,11.0,0.0319,0
2023-05-19 23:14:47,1684552487,21.4,33.2,99400,6.00,6.00,8.00,8.00,0.0276,0
2023-05-19 23:19:58,1684552798,21.3,33.5,99400,5.00,6.00,7.00,7.00,0.0334,0
2023-05-19 23:24:48,1684553089,21.3,33.7,99400,5.00,7.00,9.00,10.0,0.0334,0
2023-05-19 23:29:59,1684553400,21.2,33.9,99400,5.00,6.00,7.00,7.00,0.0163,0
2023-05-19 23:34:50,1684553691,21.1,34.2,99400,6.00,9.00,12.0,13.0,0.0209,0
2023-05-19 23:39:41,1684553981,21.0,34.5,99400,7.00,7.00,7.00,7.00,0.0476,0
2023-05-19 23:44:52,1684554292,20.9,34.9,99400,4.00,4.00,4.00,5.00,0.0484,0
2023-05-19 23:49:42,1684554583,20.8,35.0,99400,6.00,11.0,14.0,16.0,0.0395,0
2023-05-19 23:54:53,1684554894,20.7,35.3,99400,6.00,14.0,20.0,23.0,0.0818,0
2023-05-19 23:59:43,1684555184,20.7,35.5,99400,6.00,7.00,8.00,9.00,0.0869,0
2023-05-20 00:04:55,1684555495,20.7,35.6,99400,6.00,12.0,16.0,18.0,0.0388,0
2023-05-20 00:09:45,1684555785,20.7,35.7,99400,6.00,8.00,9.00,10.0,0.0446,0
2023-05-20 00:14:57,1684556097,20.6,35.8,99400,7.00,11.0,14.0,15.0,0.0393,0
2023-05-20 00:19:48,1684556388,20.5,35.9,99400,7.00,12.0,17.0,19.0,0.0363,0
2023-05-20 00:24:59,1684556699,20.4,36.1,99400,6.00,7.00,9.00,10.0,0.0560,0
2023-05-20 00:29:49,1684556990,20.3,36.0,99400,6.00,9.00,12.0,14.0,0.0458,0
2023-05-20 00:34:40,1684557280,20.0,36.2,99400,7.00,10.0,12.0,13.0,0.0458,0
2023-05-20 00:39:51,1684557592,19.7,36.7,99400,7.00,9.00,10.0,11.0,0.0321,0
2023-05-20 00:44:42,1684557882,19.5,37.5,99400,6.00,8.00,9.00,10.0,0.0227,0
2023-05-20 00:49:53,1684558194,19.2,37.8,99493,6.00,8.00,10.0,11.0,0.0156,0
2023-05-20 00:54:44,1684558484,19.0,37.9,99500,7.00,7.00,8.00,9.00,0.0293,0
2023-05-20 00:59:56,1684558796,18.8,38.2,99500,7.00,7.00,8.00,8.00,0.0170,0
2023-05-20 01:04:47,1684559087,18.5,38.7,99500,6.00,8.00,9.00,9.00,0.0190,0
2023-05-20 01:09:58,1684559399,18.3,38.9,99500,9.00,13.0,16.0,17.0,0.0296,0
2023-05-20 01:14:49,1684559689,18.3,39.6,99500,4.00,5.00,7.00,8.00,0.0350,0
2023-05-20 01:19:40,1684559981,18.2,40.0,99500,6.00,8.00,11.0,12.0,0.0716,0
2023-05-20 01:24:52,1684560292,18.3,40.5,99500,6.00,8.00,9.00,9.00,0.0387,0
2023-05-20 01:29:43,1684560583,18.4,40.7,99500,6.00,10.0,15.0,17.0,0.0178,0
2023-05-20 01:34:55,1684560896,18.5,40.4,99500,7.00,8.00,11.0,13.0,0.0241,0
2023-05-20 01:39:46,1684561186,18.6,40.2,99500,6.00,9.00,13.0,14.0,0.0334,0
2023-05-20 01:44:57,1684561498,18.7,40.3,99500,7.00,8.00,8.00,8.00,0.0704,0
2023-05-20 01:49:49,1684561789,18.8,40.4,99500,6.00,7.00,9.00,10.0,0.0508,0
2023-05-20 01:54:39,1684562080,18.9,40.2,99500,7.00,9.00,10.0,11.0,0.0235,0
2023-05-20 01:59:51,1684562392,18.9,40.3,99500,8.00,12.0,15.0,16.0,0.0412,0
2023-05-20 02:04:42,1684562683,19.0,40.3,99500,7.00,11.0,14.0,15.0,0.0266,0
2023-05-20 02:09:54,1684562995,19.1,40.4,99500,6.00,10.0,12.0,14.0,0.0394,0
2023-05-20 02:14:46,1684563286,19.2,40.3,99500,7.00,10.0,13.0,15.0,0.0275,0
2023-05-20 02:19:58,1684563598,19.3,40.2,99500,8.00,8.00,8.00,8.00,0.0460,0
2023-05-20 02:24:48,1684563889,19.3,40.0,99500,6.00,9.00,11.0,12.0,0.0835,3.34
2023-05-20 02:29:39,1684564180,19.3,40.2,99500,5.00,7.00,9.00,10.0,0.0170,0
2023-05-20 02:34:51,1684564491,19.3,40.4,99500,5.00,6.00,8.00,9.00,0.0115,0
2023-05-20 02:39:42,1684564782,19.2,40.5,99500,4.00,6.00,8.00,9.00,0.0131,0
2023-05-20 02:44:53,1684565094,19.2,40.4,99500,7.00,9.00,12.0,14.0,0.0338,0
2023-05-20 02:49:45,1684565385,19.2,40.7,99500,7.00,10.0,12.0,13.0,0.0586,0
2023-05-20 02:54:56,1684565697,19.1,40.9,99500,7.00,11.0,15.0,16.0,0.0565,0
2023-05-20 02:59:47,1684565988,19.1,40.9,99500,5.00,6.00,7.00,8.00,0.0561,0
2023-05-20 03:04:59,1684566300,19.2,41.1,99500,7.00,7.00,8.00,9.00,0.0295,0
2023-05-20 03:09:50,1684566591,19.1,41.1,99500,5.00,6.00,8.00,9.00,0.0169,0
2023-05-20 03:14:41,1684566882,19.1,41.3,99500,7.00,8.00,10.0,12.0,0.0147,0
2023-05-20 03:19:53,1684567194,19.0,41.4,99500,7.00,11.0,13.0,15.0,0.0214,0
2023-05-20 03:24:44,1684567484,19.0,41.5,99500,5.00,6.00,7.00,8.00,0.0231,0
2023-05-20 03:29:56,1684567796,18.9,41.6,99500,7.00,10.0,12.0,13.0,0.0379,0
2023-05-20 03:34:47,1684568087,18.9,41.8,99500,5.00,8.00,10.0,11.0,0.0267,0
2023-05-20 03:39:58,1684568399,18.9,42.0,99500,5.00,6.00,8.00,8.00,0.0265,0
2023-05-20 03:44:49,1684568690,18.9,42.3,99500,6.00,8.00,10.0,10.0,0.0232,0
2023-05-20 03:49:41,1684568981,18.9,42.3,99500,8.00,9.00,10.0,11.0,0.0223,0
2023-05-20 03:54:53,1684569293,18.8,42.3,99500,6.00,8.00,8.00,9.00,0.0269,0
2023-05-20 03:59:44,1684569584,18.8,42.3,99500,4.00,10.0,14.0,16.0,0.0412,0
2023-05-20 04:04:55,1684569896,18.8,42.5,99500,6.00,10.0,12.0,14.0,0.0842,0
2023-05-20 04:09:47,1684570187,18.9,42.6,99500,4.00,5.00,6.00,7.00,0.0842,0
2023-05-20 04:14:58,1684570499,18.9,42.6,99500,5.00,6.00,6.00,7.00,0.104,0
2023-05-20 04:19:50,1684570790,18.9,42.8,99500,6.00,8.00,10.0,11.0,0.0288,0
2023-05-20 04:24:41,1684571082,18.8,43.1,99500,6.00,8.00,11.0,12.0,0.0182,4.53
2023-05-20 04:29:53,1684571393,18.8,43.6,99500,6.00,7.00,10.0,11.0,0.0181,1.79
2023-05-20 04:34:44,1684571685,18.8,43.9,99500,6.00,11.0,16.0,18.0,0.0151,0
2023-05-20 04:39:56,1684571997,18.7,44.5,99500,9.00,12.0,13.0,14.0,0.0151,0
2023-05-20 04:44:47,1684572287,18.7,45.0,99500,6.00,10.0,13.0,14.0,0.0292,0
2023-05-20 04:49:59,1684572599,18.6,45.3,99500,7.00,9.00,10.0,11.0,0.0187,0
2023-05-20 04:54:50,1684572891,18.6,45.7,99500,8.00,12.0,16.0,18.0,0.0185,0
2023-05-20 04:59:42,1684573182,18.5,46.0,99500,6.00,8.00,9.00,9.00,0.0198,0
2023-05-20 05:04:54,1684573494,18.5,46.4,99500,7.00,11.0,14.0,15.0,0.0171,0
2023-05-20 05:09:45,1684573785,18.4,46.4,99500,6.00,7.00,8.00,9.00,0.0289,0
2023-05-20 05:14:57,1684574098,18.4,46.6,99593,8.00,9.00,10.0,11.0,0.0264,0
2023-05-20 05:19:48,1684574389,18.4,46.9,99600,6.00,9.00,12.0,13.0,0.0171,0
2023-05-20 05:24:39,1684574679,18.4,46.8,99600,6.00,10.0,12.0,14.0,0.0208,0
2023-05-20 05:29:51,1684574991,18.4,47.1,99600,8.00,9.00,12.0,13.0,0.0224,0
2023-05-20 05:34:42,1684575282,18.4,47.2,99600,8.00,10.0,11.0,12.0,0.0606,0
2023-05-20 05:39:53,1684575594,18.4,47.5,99600,6.00,8.00,11.0,13.0,0.0606,0
2023-05-20 05:44:44,1684575885,18.4,47.5,99600,6.00,6.00,7.00,8.00,0.0189,0
2023-05-20 05:49:56,1684576196,18.4,47.5,99600,6.00,8.00,9.00,9.00,0.0189,0
2023-05-20 05:54:47,1684576488,18.4,47.7,99600,7.00,9.00,11.0,12.0,0.0185,0
2023-05-20 05:59:59,1684576799,18.4,47.8,99600,6.00,7.00,8.00,8.00,0.0121,0
2023-05-20 06:04:50,1684577090,18.4,48.1,99600,7.00,9.00,11.0,11.0,0.0183,0
2023-05-20 06:09:41,1684577381,18.4,48.0,99600,7.00,10.0,13.0,15.0,0.0326,0
2023-05-20 06:14:53,1684577694,18.4,48.2,99600,7.00,10.0,14.0,15.0,0.0328,0
2023-05-20 06:19:45,1684577985,18.5,48.2,99600,7.00,12.0,16.0,18.0,0.0486,0
2023-05-20 06:24:57,1684578297,18.5,48.3,99600,7.00,8.00,8.00,9.00,0.0162,0
2023-05-20 06:29:48,1684578589,18.5,48.7,99600,6.00,8.00,9.00,10.0,0.0117,0
2023-05-20 06:34:39,1684578880,18.5,48.8,99600,8.00,14.0,18.0,20.0,0.0128,0
2023-05-20 06:39:51,1684579192,18.5,49.1,99600,7.00,9.00,11.0,13.0,0.0364,0
2023-05-20 06:44:42,1684579483,18.4,49.6,99600,6.00,8.00,11.0,12.0,0.0256,0
2023-05-20 06:49:54,1684579794,18.4,49.2,99600,4.00,6.00,8.00,9.00,0.179,0
2023-05-20 06:51:17,1684579877,18.4,49.7,99600,6.00,6.00,6.00,6.00,0.194,0
2023-05-20 06:59:48,1684580389,18.3,49.9,99600,7.00,7.00,7.00,7.00,0.243,0
2023-05-20 07:04:39,1684580680,18.4,50.1,99600,7.00,11.0,15.0,17.0,0.151,0
2023-05-20 07:09:51,1684580991,18.4,50.4,99600,9.00,12.0,18.0,21.0,0.164,0
2023-05-20 07:13:40,1684581220,18.4,50.9,99600,13.0,16.0,18.0,18.0,0.0462,0
2023-05-20 07:32:41,1684582361,18.8,51.3,99600,8.00,8.00,10.0,11.0,,
2023-05-20 08:29:50,1684585790,20.0,48.5,99700,7.00,7.00,7.00,7.00,,
2023-05-20 08:34:40,1684586080,20.1,48.5,99700,6.00,8.00,10.0,11.0,,
2023-05-20 08:38:23,1684586304,20.3,48.2,99700,5.00,6.00,7.00,8.00,,
2023-05-20 08:49:45,1684586985,20.9,45.9,99700,4.00,4.00,4.00,4.00,,
2023-05-20 09:29:51,1684589391,22.9,41.1,99600,5.00,6.00,7.00,8.00,,
2023-05-20 09:34:40,1684589681,22.9,41.1,99621,4.00,6.00,7.00,7.00,0.0182,0
2023-05-20 09:39:50,1684589991,22.9,40.5,99653,8.00,14.0,19.0,21.0,0.0296,0
2023-05-20 09:44:40,1684590280,22.8,40.0,99629,8.00,12.0,15.0,16.0,0.0738,0
2023-05-20 09:49:50,1684590591,22.6,40.1,99667,8.00,10.0,11.0,11.0,0.0717,0
2023-05-20 09:54:40,1684590881,22.6,40.3,99614,5.00,6.00,7.00,8.00,0.0724,0
2023-05-20 09:55:01,1684590901,22.7,40.3,99600,4.00,4.00,4.00,4.00,0.00928,0
2023-05-20 10:02:24,1684591344,22.8,40.1,99600,5.00,7.00,9.00,10.0,0.0196,0
2023-05-20 10:14:48,1684592088,23.2,39.2,99600,4.00,5.00,5.00,5.00,0.0196,0
2023-05-20 10:16:10,1684592170,23.2,39.3,99600,2.00,3.00,3.00,3.00,0.0232,0
2023-05-20 10:24:36,1684592676,23.3,38.1,99600,5.00,5.00,5.00,5.00,0.0232,0
2023-05-20 10:52:13,1684594334,23.8,37.4,99600,4.00,5.00,5.00,5.00,,
2023-05-20 11:04:55,1684595095,23.7,37.0,99600,4.00,6.00,8.00,8.00,,
2023-05-20 11:09:44,1684595385,23.7,37.0,99600,6.00,7.00,9.00,10.0,,
2023-05-20 11:14:54,1684595695,23.5,37.0,99600,4.00,11.0,17.0,20.0,,
2023-05-20 11:19:44,1684595984,23.3,37.0,99600,6.00,6.00,6.00,6.00,0.0212,0
2023-05-20 11:24:54,1684596295,23.2,37.4,99600,4.00,6.00,8.00,9.00,0.0235,0
2023-05-20 11:29:44,1684596585,23.1,37.5,99600,5.00,7.00,8.00,9.00,0.0209,0
2023-05-20 11:34:55,1684596895,23.0,37.4,99600,4.00,4.00,6.00,6.00,0.0226,0
2023-05-20 11:39:44,1684597184,23.0,37.6,99600,7.00,13.0,17.0,19.0,0.0115,0
2023-05-20 11:44:54,1684597495,23.0,37.8,99600,6.00,6.00,6.00,7.00,0.0267,0
2023-05-20 11:49:44,1684597784,22.9,37.9,99600,8.00,13.0,17.0,20.0,0.0227,0
2023-05-20 11:54:54,1684598095,22.8,37.9,99600,5.00,7.00,8.00,9.00,0.0298,0
2023-05-20 11:59:44,1684598385,22.7,37.9,99600,6.00,9.00,11.0,12.0,0.0174,0
2023-05-20 12:04:55,1684598695,22.6,38.2,99600,7.00,7.00,7.00,8.00,0.0294,0
2023-05-20 12:09:44,1684598985,22.5,38.5,99600,5.00,8.00,10.0,11.0,0.0376,0
2023-05-20 12:14:55,1684599295,22.4,38.9,99600,5.00,7.00,10.0,11.0,0.0376,0
2023-05-20 12:19:44,1684599585,22.4,39.1,99600,8.00,12.0,15.0,17.0,0.0383,0
2023-05-20 12:24:55,1684599895,22.4,39.0,99600,6.00,12.0,16.0,19.0,0.0115,0
2023-05-20 12:29:45,1684600185,22.3,38.8,99600,4.00,7.00,9.00,10.0,0.0227,0
2023-05-20 12:34:55,1684600496,22.3,39.1,99600,5.00,8.00,11.0,12.0,0.0460,0
2023-05-20 12:35:57,1684600558,22.2,38.9,99600,2.00,2.00,3.00,3.00,0.0104,0
2023-05-20 12:44:56,1684601096,22.2,39.6,99500,2.00,3.00,4.00,4.00,0.0106,0
2023-05-20 12:49:45,1684601386,22.2,39.6,99500,4.00,5.00,6.00,7.00,0.0286,0
2023-05-20 12:50:48,1684601448,22.3,39.7,99500,3.00,4.00,4.00,5.00,0.0286,0
2023-05-20 12:59:44,1684601985,22.3,40.0,99500,3.00,3.00,5.00,6.00,0.0204,0
2023-05-20 13:04:54,1684602295,22.2,40.0,99500,3.00,5.00,7.00,8.00,0.0179,0
2023-05-20 13:09:23,1684602564,22.2,40.2,99500,5.00,6.00,7.00,8.00,0.0225,0
2023-05-20 15:37:37,1684611458,24.9,35.1,99300,6.00,6.00,7.00,7.00,,
2023-05-20 15:54:51,1684612491,25.9,33.8,99287,7.00,7.00,7.00,7.00,,
2023-05-20 15:59:40,1684612780,26.2,33.6,99200,6.00,6.00,7.00,8.00,,
2023-05-20 16:03:47,1684613027,26.4,33.0,99200,4.00,6.00,7.00,8.00,0.0106,0
2023-05-20 16:18:51,1684613932,26.3,32.3,99200,6.00,10.0,12.0,14.0,0.0242,0
2023-05-20 16:34:56,1684614897,25.7,33.0,99200,9.00,15.0,20.0,22.0,0.0223,0
2023-05-20 16:39:45,1684615185,25.7,33.1,99200,4.00,9.00,13.0,15.0,0.0304,0
2023-05-20 16:44:50,1684615490,25.7,33.1,99200,4.00,7.00,10.0,11.0,0.0159,0
2023-05-20 16:49:59,1684615800,25.8,33.3,99200,7.00,10.0,14.0,16.0,0.0565,0
2023-05-20 16:54:48,1684616089,25.8,33.2,99200,5.00,6.00,8.00,8.00,0.0565,0
2023-05-20 16:59:58,1684616398,25.7,33.2,99100,4.00,6.00,8.00,9.00,0.0954,0
2023-05-20 17:04:47,1684616687,25.7,33.4,99100,6.00,7.00,9.00,10.0,0.0271,0
2023-05-20 17:09:15,1684616955,25.8,33.4,99100,4.00,5.00,6.00,6.00,0.0233,0
2023-05-20 17:14:49,1684617290,25.9,33.5,99100,8.00,9.00,11.0,11.0,0.0227,0
2023-05-20 17:19:59,1684617599,25.9,33.3,99100,5.00,7.00,8.00,9.00,0.0202,0
2023-05-20 17:24:48,1684617888,26.0,33.1,99100,5.00,7.00,7.00,8.00,0.0249,0
2023-05-20 17:25:29,1684617929,26.0,33.2,99100,4.00,7.00,10.0,11.0,0.0183,0
2023-05-20 17:39:49,1684618790,26.1,33.1,99100,5.00,6.00,7.00,9.00,0.0313,0
2023-05-20 17:44:59,1684619099,26.1,33.1,99100,6.00,9.00,12.0,13.0,0.0526,0
2023-05-20 17:49:48,1684619388,26.2,33.1,99100,6.00,11.0,14.0,16.0,0.0268,0
2023-05-20 17:54:57,1684619698,26.3,32.9,99100,10.0,19.0,26.0,30.0,0.116,0
2023-05-20 17:59:46,1684619987,26.3,32.8,99100,12.0,26.0,37.0,42.0,0.217,0
2023-05-20 18:04:56,1684620296,26.2,32.8,99053,6.00,8.00,10.0,12.0,0.188,0
2023-05-20 18:09:45,1684620585,26.2,33.2,99064,9.00,10.0,11.0,12.0,0.216,0
2023-05-20 18:14:54,1684620895,26.2,33.6,99000,6.00,8.00,9.00,10.0,0.0956,0
2023-05-20 18:19:43,1684621183,26.3,33.4,99000,7.00,8.00,10.0,11.0,0.0341,0
2023-05-20 18:24:52,1684621493,26.3,33.3,99000,4.00,5.00,6.00,6.00,0.0402,0
2023-05-20 18:29:41,1684621782,26.1,33.5,99000,4.00,7.00,9.00,10.0,0.0904,0
2023-05-20 18:34:51,1684622091,25.8,34.0,99000,3.00,4.00,5.00,6.00,0.0377,0
2023-05-20 18:39:40,1684622380,25.6,34.4,99000,7.00,8.00,9.00,10.0,0.0123,0
2023-05-20 18:44:49,1684622690,25.4,35.0,99000,7.00,9.00,13.0,15.0,0.0311,0
2023-05-20 18:49:59,1684623000,25.2,35.5,99000,7.00,12.0,18.0,20.0,0.0945,0
2023-05-20 18:54:48,1684623289,25.0,35.7,99000,4.00,9.00,12.0,14.0,0.0788,0
2023-05-20 18:59:59,1684623599,24.8,36.2,99000,4.00,8.00,11.0,13.0,0.0788,0
2023-05-20 19:04:48,1684623888,24.6,36.6,99000,5.00,8.00,11.0,13.0,0.0162,0
2023-05-20 19:09:58,1684624198,24.5,36.8,99000,5.00,10.0,13.0,14.0,0.0165,0
2023-05-20 19:14:47,1684624488,24.4,36.8,99000,5.00,9.00,12.0,13.0,0.0108,0
2023-05-20 19:19:57,1684624798,24.3,36.8,99000,7.00,9.00,11.0,12.0,0.0135,0
2023-05-20 19:24:47,1684625087,24.2,37.0,99000,6.00,6.00,7.00,7.00,0.0160,0
2023-05-20 19:29:57,1684625398,24.0,37.2,99000,6.00,8.00,10.0,10.0,0.0216,0
2023-05-20 19:34:47,1684625687,23.9,37.5,99000,8.00,10.0,12.0,13.0,0.0523,0
2023-05-20 19:39:57,1684625997,23.7,37.7,98933,11.0,22.0,31.0,36.0,0.0771,0
2023-05-20 19:44:47,1684626287,23.6,38.0,98936,5.00,8.00,9.00,10.0,0.0543,0
2023-05-20 19:49:57,1684626597,23.5,38.3,98907,8.00,11.0,14.0,15.0,0.0744,0
2023-05-20 19:54:46,1684626887,23.3,38.6,98900,7.00,9.00,11.0,12.0,0.0679,0
2023-05-20 19:59:56,1684627197,23.2,39.1,98900,6.00,7.00,8.00,9.00,0.0595,0
2023-05-20 20:04:46,1684627487,23.0,39.2,98900,7.00,9.00,11.0,13.0,0.0595,0
2023-05-20 20:09:57,1684627797,22.9,39.4,98900,7.00,12.0,16.0,19.0,0.0223,0
2023-05-20 20:14:47,1684628087,22.7,39.9,98900,5.00,8.00,11.0,13.0,0.0233,0
2023-05-20 20:19:57,1684628398,22.5,40.0,98900,8.00,9.00,11.0,11.0,0.0267,0
2023-05-20 20:24:47,1684628688,22.4,40.3,98900,8.00,8.00,8.00,8.00,0.0203,0
2023-05-20 20:29:58,1684628998,22.3,40.5,98900,6.00,6.00,7.00,8.00,0.0152,0
2023-05-20 20:34:48,1684629288,22.2,40.8,98900,7.00,8.00,8.00,8.00,0.0152,0
2023-05-20 20:39:58,1684629599,22.1,41.1,98900,5.00,5.00,6.00,7.00,0.0150,0
2023-05-20 20:44:49,1684629889,22.0,41.1,98900,10.0,11.0,13.0,14.0,0.0191,0
2023-05-20 20:49:59,1684630200,21.9,41.5,98900,8.00,10.0,11.0,12.0,0.0559,0
2023-05-20 20:54:49,1684630490,21.8,41.5,98900,6.00,9.00,12.0,14.0,0.0467,0
2023-05-20 20:59:40,1684630780,21.7,41.6,98900,5.00,6.00,8.00,9.00,0.0123,0
2023-05-20 21:04:51,1684631091,21.7,41.3,98900,7.00,9.00,12.0,14.0,0.0335,0
2023-05-20 21:09:41,1684631381,21.6,41.6,98900,9.00,10.0,11.0,13.0,0.0819,0
2023-05-20 21:14:52,1684631692,21.6,41.5,98900,8.00,9.00,10.0,10.0,0.0715,0
2023-05-20 21:19:42,1684631983,21.6,41.7,98900,7.00,8.00,9.00,10.0,0.0641,0
2023-05-20 21:24:54,1684632294,21.6,41.4,98900,5.00,7.00,9.00,9.00,0.0597,0
2023-05-20 21:29:44,1684632584,21.5,41.2,98900,6.00,7.00,8.00,9.00,0.0445,0
2023-05-20 21:34:54,1684632895,21.4,41.4,98900,5.00,6.00,7.00,7.00,0.0376,0
2023-05-20 21:39:45,1684633185,21.3,41.4,98900,2.00,2.00,3.00,3.00,0.0740,0
2023-05-20 21:44:56,1684633496,21.3,41.5,98900,5.00,6.00,8.00,8.00,0.0801,0
2023-05-20 21:49:46,1684633786,21.2,41.4,98829,4.00,7.00,9.00,10.0,0.0428,0
2023-05-20 21:54:57,1684634097,21.2,41.8,98800,2.00,4.00,5.00,5.00,0.0188,0
2023-05-20 21:59:47,1684634388,21.2,41.8,98800,5.00,6.00,7.00,7.00,0.0191,0
2023-05-20 22:04:59,1684634699,21.2,42.1,98800,4.00,5.00,6.00,7.00,0.0183,0
2023-05-20 22:09:49,1684634990,21.1,42.1,98800,3.00,6.00,9.00,10.0,0.0107,0
2023-05-20 22:14:40,1684635280,21.1,42.8,98800,2.00,2.00,3.00,3.00,0.0230,0
2023-05-20 22:19:51,1684635592,21.0,43.5,98800,5.00,6.00,6.00,6.00,0.0230,0
2023-05-20 22:24:42,1684635882,20.6,45.0,98800,2.00,4.00,4.00,5.00,0.0127,0
2023-05-20 22:29:53,1684636194,20.1,47.2,98800,5.00,7.00,9.00,10.0,0.0198,0
2023-05-20 22:34:44,1684636484,19.8,47.1,98800,4.00,4.00,4.00,5.00,0.0202,0
2023-05-20 22:39:55,1684636795,19.6,47.7,98800,3.00,9.00,14.0,16.0,0.0182,0
2023-05-20 22:44:45,1684637086,19.5,48.7,98800,3.00,6.00,9.00,11.0,0.0172,0
2023-05-20 22:49:57,1684637398,19.4,50.8,98767,2.00,3.00,4.00,5.00,0.0234,0
2023-05-20 22:54:48,1684637688,19.3,52.7,98700,3.00,6.00,8.00,9.00,0.0296,0
2023-05-20 22:59:59,1684638000,19.2,53.2,98700,5.00,7.00,9.00,11.0,0.0296,0
2023-05-20 23:04:50,1684638291,19.2,53.7,98700,2.00,2.00,3.00,3.00,0.0263,0
2023-05-20 23:09:41,1684638581,19.3,53.6,98700,3.00,6.00,8.00,10.0,0.0159,0
2023-05-20 23:14:52,1684638893,19.4,53.0,98700,3.00,7.00,11.0,12.0,0.0322,0
2023-05-20 23:19:43,1684639184,19.4,52.9,98700,3.00,3.00,3.00,3.00,0.0652,0
2023-05-20 23:24:55,1684639496,19.5,52.2,98673,2.00,6.00,9.00,11.0,0.0652,0
2023-05-20 23:29:46,1684639786,19.6,51.6,98600,1.00,4.00,6.00,7.00,0.0294,0
2023-05-20 23:34:57,1684640097,19.7,51.1,98600,2.00,4.00,5.00,6.00,0.0294,0
2023-05-20 23:39:48,1684640388,19.7,51.6,98600,2.00,4.00,5.00,6.00,0.0313,0
2023-05-20 23:44:59,1684640700,19.6,52.2,98600,2.00,6.00,8.00,10.0,0.0244,0
2023-05-20 23:49:50,1684640990,19.4,53.2,98600,4.00,11.0,17.0,20.0,0.0368,0
2023-05-20 23:54:41,1684641281,19.2,53.3,98600,2.00,4.00,6.00,7.00,0.0294,0
2023-05-20 23:59:52,1684641593,19.0,54.9,98600,3.00,5.00,7.00,8.00,0.0479,0
2023-05-21 00:04:43,1684641884,18.9,55.0,98600,2.00,2.00,3.00,4.00,0.0144,0
2023-05-21 00:09:55,1684642195,18.7,55.7,98600,3.00,6.00,8.00,9.00,0.0129,0
2023-05-21 00:14:46,1684642486,18.7,55.1,98600,3.00,6.00,9.00,10.0,0.0224,0
2023-05-21 00:19:58,1684642798,18.6,56.7,98573,2.00,4.00,6.00,7.00,0.0175,0
2023-05-21 00:24:49,1684643090,18.5,56.6,98500,2.00,5.00,7.00,9.00,0.0330,0
2023-05-21 00:29:40,1684643381,18.4,56.7,98500,3.00,6.00,8.00,9.00,0.0233,0
2023-05-21 00:34:52,1684643693,18.4,57.5,98500,3.00,8.00,12.0,14.0,0.0263,0
2023-05-21 00:39:43,1684643983,18.3,57.5,98500,2.00,5.00,8.00,10.0,0.0147,0
2023-05-21 00:44:54,1684644295,18.3,57.4,98500,2.00,3.00,4.00,4.00,0.0216,0
2023-05-21 00:49:45,1684644586,18.2,57.8,98500,1.00,3.00,4.00,5.00,0.0292,0
2023-05-21 00:54:57,1684644898,18.2,57.9,98500,2.00,6.00,9.00,11.0,0.0481,0
2023-05-21 00:59:49,1684645189,18.2,58.3,98436,2.00,5.00,8.00,10.0,0.0481,0
2023-05-21 01:04:40,1684645480,18.1,58.2,98400,3.00,7.00,11.0,12.0,0.0273,0
2023-05-21 01:09:52,1684645792,18.1,58.1,98400,1.00,4.00,6.00,7.00,0.0491,0
2023-05-21 01:14:43,1684646084,18.1,58.0,98400,1.00,2.00,4.00,4.00,0.0569,0
2023-05-21 01:19:55,1684646395,18.1,58.9,98400,1.00,4.00,6.00,7.00,0.0356,0
2023-05-21 01:24:46,1684646686,18.1,58.7,98400,2.00,3.00,5.00,5.00,0.0105,0
2023-05-21 01:29:58,1684646998,18.0,59.5,98400,2.00,3.00,5.00,5.00,0.0127,0
2023-05-21 01:34:49,1684647289,18.0,59.6,98400,1.00,2.00,4.00,4.00,0.0110,0
2023-05-21 01:39:40,1684647580,18.0,59.0,98314,1.00,4.00,6.00,7.00,0.0123,0
2023-05-21 01:44:51,1684647892,18.0,58.5,98300,1.00,3.00,5.00,6.00,0.0127,0
2023-05-21 01:49:42,1684648183,18.0,59.2,98300,1.00,2.00,3.00,4.00,0.0162,0
2023-05-21 01:54:54,1684648494,18.0,59.5,98300,2.00,5.00,7.00,8.00,0.0128,0
2023-05-21 01:59:45,1684648786,18.0,59.1,98300,1e-7,2.00,4.00,4.00,0.0142,0
2023-05-21 02:04:58,1684649098,18.0,59.0,98300,1.00,4.00,6.00,7.00,0.0143,0
2023-05-21 02:09:49,1684649389,18.0,59.2,98300,1.00,2.00,4.00,5.00,0.0129,0
2023-05-21 02:14:40,1684649680,18.0,58.9,98300,1.00,2.00,4.00,4.00,0.0129,0
2023-05-21 02:19:52,1684649992,18.0,59.7,98300,1.00,4.00,6.00,7.00,0.0155,0
2023-05-21 02:24:43,1684650283,18.0,59.0,98300,1.00,4.00,6.00,7.00,0.0182,0
2023-05-21 02:29:55,1684650595,18.0,59.7,98300,1.00,4.00,6.00,7.00,0.0138,0
2023-05-21 02:34:46,1684650886,18.0,59.6,98300,1.00,4.00,6.00,7.00,0.0144,0
2023-05-21 02:39:58,1684651198,18.0,59.3,98300,1.00,4.00,6.00,7.00,0.0133,0
2023-05-21 02:44:49,1684651489,18.0,59.6,98221,1.00,2.00,4.00,4.00,0.0160,0
2023-05-21 02:49:40,1684651781,18.0,59.8,98300,1.00,4.00,6.00,7.00,0.0128,0
2023-05-21 02:54:52,1684652093,18.0,59.1,98200,1.00,2.00,4.00,5.00,0.0128,0
2023-05-21 02:59:44,1684652384,18.0,59.4,98200,3.00,3.00,4.00,4.00,0.0124,0
2023-05-21 03:04:56,1684652696,18.0,59.8,98200,1.00,3.00,4.00,5.00,0.0107,0
2023-05-21 03:09:47,1684652987,18.0,59.3,98200,1.00,3.00,6.00,7.00,0.0135,0
2023-05-21 03:14:58,1684653299,18.0,58.9,98200,1.00,2.00,4.00,5.00,0.0135,0
2023-05-21 03:19:49,1684653590,18.0,58.6,98200,1.00,5.00,7.00,9.00,0.0143,0
2023-05-21 03:24:41,1684653881,18.0,58.6,98200,1.00,4.00,7.00,9.00,0.0210,0
2023-05-21 03:29:52,1684654193,18.0,58.9,98200,3.00,7.00,11.0,13.0,0.0194,0
2023-05-21 03:34:43,1684654484,18.0,59.5,98200,1.00,4.00,6.00,7.00,0.0209,0
2023-05-21 03:39:55,1684654796,17.9,59.6,98200,2.00,6.00,9.00,10.0,0.0209,0
2023-05-21 03:44:46,1684655087,17.9,58.8,98200,1.00,2.00,3.00,3.00,0.0171,0
2023-05-21 03:49:58,1684655399,17.9,59.3,98200,1.00,3.00,4.00,5.00,0.0172,0
2023-05-21 03:54:49,1684655690,17.9,59.6,98200,2.00,3.00,4.00,5.00,0.0143,0
2023-05-21 03:59:40,1684655981,17.9,59.3,98200,3.00,4.00,6.00,7.00,0.0173,0
2023-05-21 04:04:52,1684656292,17.9,58.8,98200,1.00,2.00,3.00,4.00,0.0141,0
2023-05-21 04:09:43,1684656583,18.0,58.7,98164,2.00,3.00,4.00,4.00,0.0143,0
2023-05-21 04:14:55,1684656895,18.0,58.4,98100,2.00,7.00,11.0,13.0,0.0208,0
2023-05-21 04:19:46,1684657186,18.0,58.4,98100,3.00,6.00,8.00,9.00,0.0207,0
2023-05-21 04:24:57,1684657498,18.0,58.4,98100,1.00,4.00,6.00,7.00,0.0181,0
2023-05-21 04:29:49,1684657789,18.0,58.3,98100,2.00,2.00,4.00,4.00,0.0181,0
2023-05-21 04:34:41,1684658081,18.0,58.4,98100,2.00,6.00,9.00,11.0,0.0170,0
2023-05-21 04:39:52,1684658393,18.0,58.1,98100,2.00,2.00,2.00,2.00,0.0164,0
2023-05-21 04:44:43,1684658684,18.0,58.1,98100,2.00,2.00,4.00,4.00,0.0322,0
2023-05-21 04:49:55,1684658996,18.1,58.3,98100,1.00,3.00,4.00,4.00,0.0250,0
2023-05-21 04:54:47,1684659287,18.0,58.2,98100,3.00,3.00,4.00,5.00,0.0101,0
2023-05-21 04:59:59,1684659599,18.0,58.3,98100,2.00,3.00,4.00,5.00,0.0101,0
2023-05-21 05:04:49,1684659890,18.0,58.4,98100,3.00,6.00,7.00,8.00,0.0314,0
2023-05-21 05:09:40,1684660181,18.0,58.3,98100,6.00,12.0,17.0,20.0,0.138,0
2023-05-21 05:14:52,1684660492,18.0,58.1,98100,4.00,6.00,8.00,9.00,0.136,0
2023-05-21 05:19:43,1684660784,18.0,58.1,98100,7.00,9.00,10.0,11.0,0.0270,0
2023-05-21 05:24:55,1684661096,17.9,58.1,98100,8.00,10.0,11.0,12.0,0.0823,0
2023-05-21 05:29:47,1684661387,17.9,58.1,98100,7.00,8.00,10.0,11.0,0.0823,0
2023-05-21 05:34:59,1684661700,17.9,58.1,98100,7.00,8.00,11.0,12.0,0.0225,0
2023-05-21 05:39:51,1684661991,17.8,58.2,98100,8.00,15.0,21.0,24.0,0.0131,0
2023-05-21 05:44:41,1684662282,17.8,58.1,98100,6.00,11.0,16.0,18.0,0.0452,0
2023-05-21 05:49:53,1684662593,17.8,58.1,98100,5.00,6.00,7.00,8.00,0.0362,0
2023-05-21 05:54:45,1684662885,17.8,58.2,98100,4.00,7.00,9.00,10.0,0.0425,0
2023-05-21 05:57:10,1684663031,17.8,58.0,98100,4.00,6.00,8.00,9.00,0.0205,0
2023-05-21 10:04:39,1684677879,17.2,56.8,98400,3.00,5.00,7.00,8.00,,
2023-05-21 10:05:00,1684677900,17.2,56.9,98400,3.00,4.00,5.00,5.00,,
2023-05-21 12:24:44,1684686285,23.4,40.8,98600,14.0,17.0,18.0,19.0,,
2023-05-21 12:29:53,1684686594,23.8,40.9,98600,13.0,14.0,15.0,16.0,,
2023-05-21 12:34:43,1684686883,24.2,39.1,98600,14.0,17.0,19.0,20.0,,
2023-05-21 12:39:52,1684687192,24.6,38.5,98600,17.0,20.0,21.0,21.0,0.498,0
2023-05-21 12:44:41,1684687481,24.7,38.1,98600,12.0,17.0,21.0,23.0,0.0535,0
2023-05-21 12:49:50,1684687790,24.9,37.8,98600,11.0,14.0,16.0,17.0,0.0645,0
2023-05-21 12:54:38,1684688079,25.1,36.4,98600,11.0,18.0,23.0,26.0,0.0568,0
2023-05-21 13:29:51,1684690191,26.0,32.0,98600,8.00,9.00,9.00,10.0,,
2023-05-21 13:34:39,1684690480,25.8,32.9,98614,9.00,11.0,12.0,13.0,,
2023-05-21 13:39:49,1684690789,25.3,33.1,98700,9.00,11.0,13.0,14.0,,
2023-05-21 13:41:32,1684690892,24.9,34.6,98700,8.00,13.0,17.0,19.0,,
2023-05-21 13:59:52,1684691992,25.3,34.2,98700,11.0,12.0,13.0,13.0,0.0159,0
2023-05-21 14:04:41,1684692281,25.6,33.1,98700,7.00,11.0,14.0,15.0,0.0162,0
2023-05-21 14:09:50,1684692591,25.7,31.8,98700,8.00,9.00,10.0,11.0,0.0341,0
2023-05-21 14:14:39,1684692880,26.0,31.7,98700,11.0,13.0,15.0,16.0,0.0468,0
2023-05-21 14:17:44,1684693065,26.3,31.2,98700,12.0,16.0,20.0,22.0,0.136,0
2023-05-21 14:24:42,1684693482,26.5,27.7,98700,11.0,15.0,18.0,19.0,0.180,0
2023-05-21 14:29:51,1684693792,25.9,28.6,98700,11.0,16.0,21.0,23.0,0.106,0
2023-05-21 14:34:40,1684694081,25.2,29.2,98700,14.0,15.0,15.0,15.0,0.0329,0
2023-05-21 14:39:50,1684694390,24.8,29.1,98700,13.0,14.0,15.0,15.0,0.0245,0
2023-05-21 14:44:39,1684694679,24.8,27.8,98729,12.0,14.0,17.0,18.0,0.0366,0
2023-05-21 14:49:48,1684694989,25.2,27.1,98800,14.0,18.0,21.0,22.0,0.0250,0
2023-05-21 14:52:54,1684695174,25.4,27.7,98800,11.0,13.0,15.0,16.0,0.0162,0
2023-05-21 15:04:52,1684695892,24.9,27.7,98800,16.0,18.0,20.0,21.0,0.0287,0
2023-05-21 15:09:41,1684696181,24.8,28.0,98800,13.0,14.0,15.0,16.0,0.132,0
2023-05-21 15:11:43,1684696303,24.9,27.7,98800,13.0,16.0,19.0,21.0,0.184,0
2023-05-21 15:29:51,1684697392,25.5,27.5,98800,13.0,15.0,18.0,20.0,,
2023-05-21 15:34:40,1684697681,25.4,26.5,98800,16.0,18.0,19.0,19.0,,
2023-05-21 15:39:50,1684697990,24.7,25.7,98847,14.0,15.0,15.0,15.0,,
2023-05-21 15:44:39,1684698280,24.1,25.3,98900,10.0,12.0,13.0,14.0,0.139,0
2023-05-21 15:45:20,1684698320,23.7,24.2,98900,11.0,13.0,14.0,15.0,0.115,0
2023-05-21 15:54:50,1684698891,23.4,25.8,98900,12.0,14.0,18.0,21.0,0.115,0
2023-05-21 15:59:40,1684699180,23.4,25.5,98900,11.0,17.0,22.0,24.0,0.0231,0
2023-05-21 16:01:44,1684699304,23.5,25.5,98900,11.0,12.0,13.0,13.0,0.0649,0
2023-05-21 16:14:44,1684700085,23.5,25.2,98900,11.0,13.0,13.0,13.0,0.0779,0
2023-05-21 16:19:54,1684700394,23.6,25.1,98900,10.0,12.0,15.0,17.0,0.0779,0
2023-05-21 16:24:43,1684700684,23.7,24.9,98900,12.0,14.0,16.0,16.0,0.0799,0
2023-05-21 16:29:54,1684700994,23.8,23.7,98900,9.00,10.0,13.0,14.0,0.0373,0
2023-05-21 16:34:43,1684701283,23.8,23.6,98900,7.00,9.00,12.0,13.0,0.110,0
2023-05-21 16:38:09,1684701490,23.9,22.6,98900,5.00,8.00,11.0,12.0,0.171,0
2023-05-21 16:44:44,1684701884,23.8,22.0,98992,5.00,7.00,10.0,11.0,0.0908,0
2023-05-21 16:49:54,1684702194,23.7,22.0,99000,5.00,6.00,8.00,9.00,0.0283,0
2023-05-21 16:54:43,1684702484,23.7,21.4,99000,5.00,11.0,16.0,18.0,0.0110,0
2023-05-21 16:59:53,1684702794,23.7,21.3,99000,4.00,5.00,6.00,7.00,0.0562,0
2023-05-21 17:04:43,1684703083,23.7,19.7,99000,5.00,9.00,13.0,15.0,0.0562,0
2023-05-21 17:09:53,1684703393,23.6,19.7,99000,5.00,13.0,20.0,23.0,0.0277,0
2023-05-21 17:14:42,1684703683,23.4,20.2,99000,3.00,7.00,10.0,11.0,0.0540,0
2023-05-21 17:19:52,1684703993,23.3,20.1,99000,2.00,5.00,7.00,8.00,0.0691,0
2023-05-21 17:24:42,1684704282,23.3,19.9,99000,3.00,6.00,8.00,9.00,0.0598,0
2023-05-21 17:29:52,1684704593,23.2,20.5,99000,3.00,6.00,7.00,8.00,0.0403,0
2023-05-21 17:34:42,1684704883,23.1,21.8,99000,3.00,6.00,9.00,10.0,0.0403,0
2023-05-21 17:39:53,1684705193,23.1,21.2,99053,3.00,8.00,12.0,13.0,0.106,0
2023-05-21 17:44:42,1684705483,23.0,21.4,99100,4.00,5.00,6.00,7.00,0.0419,0
2023-05-21 17:49:52,1684705793,22.9,21.2,99100,2.00,4.00,5.00,6.00,0.0266,0
2023-05-21 17:54:42,1684706083,22.8,21.2,99100,4.00,6.00,8.00,9.00,0.0361,0
2023-05-21 17:59:53,1684706393,22.6,21.5,99100,2.00,4.00,6.00,7.00,0.0196,0
2023-05-21 18:04:42,1684706683,22.5,21.2,99100,2.00,5.00,8.00,9.00,0.0196,0
2023-05-21 18:09:53,1684706993,22.4,20.9,99100,2.00,4.00,6.00,7.00,0.0143,0
2023-05-21 18:14:43,1684707283,22.2,21.4,99100,3.00,9.00,13.0,15.0,0.0149,0
2023-05-21 18:19:54,1684707594,22.0,21.3,99100,2.00,3.00,5.00,6.00,0.0241,0
2023-05-21 18:24:44,1684707884,21.9,21.0,99157,1.00,3.00,6.00,7.00,0.0220,0
2023-05-21 18:29:55,1684708195,21.6,20.5,99200,2.00,8.00,12.0,15.0,0.0204,0
2023-05-21 18:34:45,1684708485,21.4,20.8,99200,2.00,3.00,4.00,4.00,0.0305,0
2023-05-21 18:39:56,1684708796,21.2,20.8,99200,3.00,9.00,13.0,15.0,0.0395,0
2023-05-21 18:44:46,1684709086,21.0,20.8,99200,2.00,7.00,10.0,12.0,0.0494,0
2023-05-21 18:49:57,1684709397,20.8,21.5,99200,1.00,3.00,4.00,4.00,0.0271,0
2023-05-21 18:54:47,1684709688,20.7,22.0,99200,1.00,4.00,6.00,7.00,0.0390,0
2023-05-21 18:59:58,1684709999,20.5,21.3,99200,3.00,5.00,8.00,10.0,0.0132,0
2023-05-21 19:04:49,1684710289,20.2,21.5,99207,2.00,7.00,11.0,13.0,0.0157,0
2023-05-21 19:09:39,1684710580,20.0,20.9,99300,1.00,3.00,5.00,5.00,0.0430,0
2023-05-21 19:14:50,1684710891,19.8,21.2,99300,2.00,2.00,3.00,4.00,0.0499,0
2023-05-21 19:19:41,1684711182,19.5,21.4,99300,1.00,2.00,3.00,4.00,0.0317,0
2023-05-21 19:24:53,1684711493,19.4,22.1,99300,2.00,6.00,9.00,11.0,0.0228,0
2023-05-21 19:29:43,1684711784,19.2,22.0,99300,2.00,5.00,9.00,10.0,0.0633,0
2023-05-21 19:34:55,1684712096,18.9,22.0,99300,2.00,5.00,8.00,9.00,0.0362,0
2023-05-21 19:39:46,1684712387,18.7,22.4,99300,2.00,4.00,6.00,7.00,0.0362,0
2023-05-21 19:44:58,1684712698,18.4,22.9,99300,1.00,4.00,6.00,7.00,0.0177,0
2023-05-21 19:49:48,1684712989,18.1,22.9,99350,2.00,6.00,10.0,12.0,0.0193,0
2023-05-21 19:54:39,1684713279,17.9,22.6,99400,1.00,2.00,4.00,5.00,0.0147,0
2023-05-21 19:59:51,1684713591,17.7,23.0,99400,1.00,4.00,6.00,7.00,0.0220,0
2023-05-21 20:04:42,1684713883,17.4,23.0,99400,1.00,2.00,3.00,3.00,0.0154,0
2023-05-21 20:09:54,1684714195,17.2,23.3,99400,1.00,4.00,5.00,6.00,0.0131,0
2023-05-21 20:14:45,1684714486,17.0,23.5,99400,3.00,5.00,7.00,8.00,0.0144,0
2023-05-21 20:19:57,1684714798,16.8,23.7,99400,2.00,5.00,8.00,10.0,0.0176,0
2023-05-21 20:24:49,1684715089,16.6,23.9,99400,2.00,7.00,11.0,13.0,0.0204,0
2023-05-21 20:29:40,1684715381,16.4,24.0,99436,1.00,4.00,7.00,8.00,0.0164,0
2023-05-21 20:34:52,1684715693,16.2,24.5,99493,2.00,4.00,7.00,8.00,0.0290,0
2023-05-21 20:39:44,1684715984,15.9,25.3,99500,1.00,2.00,4.00,5.00,0.0241,0
2023-05-21 20:44:57,1684716297,15.6,25.6,99500,2.00,3.00,4.00,4.00,0.0152,0
2023-05-21 20:49:49,1684716589,15.4,26.1,99500,1.00,2.00,4.00,5.00,0.0134,0
2023-05-21 20:54:40,1684716880,15.1,25.7,99500,1.00,5.00,7.00,9.00,0.0187,0
2023-05-21 20:59:52,1684717193,14.9,25.3,99500,2.00,4.00,7.00,8.00,0.0165,0
2023-05-21 21:04:44,1684717484,14.8,25.5,99500,3.00,7.00,10.0,12.0,0.0140,0
2023-05-21 21:09:57,1684717797,14.7,25.3,99587,2.00,4.00,6.00,7.00,0.0207,0
2023-05-21 21:14:49,1684718089,14.6,25.6,99600,2.00,6.00,9.00,11.0,0.0171,0
2023-05-21 21:19:41,1684718381,14.4,25.9,99600,1.00,4.00,7.00,8.00,0.0105,0
2023-05-21 21:24:54,1684718694,14.2,26.2,99600,2.00,5.00,7.00,8.00,0.0151,0
2023-05-21 21:29:46,1684718987,14.0,26.6,99600,1.00,2.00,4.00,5.00,0.0143,0
2023-05-21 21:34:39,1684719279,13.8,26.8,99600,1.00,3.00,5.00,5.00,0.0289,0
2023-05-21 21:39:52,1684719592,13.6,27.1,99680,1.00,4.00,7.00,8.00,0.0236,0
2023-05-21 21:44:44,1684719884,13.3,27.6,99700,1.00,5.00,7.00,9.00,0.0188,0
2023-05-21 21:49:57,1684720197,13.1,28.2,99700,1.00,4.00,6.00,7.00,0.0132,0
2023-05-21 21:54:49,1684720489,12.8,27.8,99700,1.00,2.00,4.00,4.00,0.0116,0
2023-05-21 21:59:41,1684720782,12.6,27.8,99700,3.00,5.00,7.00,8.00,0.0116,0
2023-05-21 22:04:55,1684721095,12.4,28.1,99700,2.00,7.00,11.0,13.0,0.0158,0
2023-05-21 22:09:47,1684721388,12.2,28.0,99700,1.00,2.00,4.00,4.00,0.0144,0
2023-05-21 22:14:39,1684721680,12.1,28.4,99714,1.00,3.00,6.00,7.00,0.0164,0
2023-05-21 22:19:52,1684721993,11.9,28.8,99800,2.00,6.00,10.0,12.0,0.0178,0
2023-05-21 22:24:45,1684722285,11.8,28.9,99800,2.00,5.00,8.00,10.0,0.0188,0
2023-05-21 22:29:59,1684722600,11.6,29.3,99800,1.00,3.00,5.00,6.00,0.0175,0
2023-05-21 22:34:52,1684722892,11.4,29.3,99800,2.00,5.00,8.00,9.00,0.0124,0
2023-05-21 22:39:44,1684723185,11.2,29.2,99800,1.00,2.00,4.00,4.00,0.0111,0
2023-05-21 22:44:58,1684723499,11.0,29.3,99800,1.00,3.00,5.00,6.00,0.0177,0
2023-05-21 22:49:52,1684723792,10.9,29.6,99800,3.00,3.00,4.00,5.00,0.0171,0
2023-05-21 22:54:45,1684724086,10.7,30.3,99800,2.00,5.00,8.00,10.0,0.0200,0
2023-05-21 22:59:59,1684724399,10.5,30.6,99800,2.00,3.00,5.00,6.00,0.0129,0
2023-05-21 23:04:52,1684724692,10.3,30.6,99850,2.00,5.00,7.00,8.00,0.0120,0
2023-05-21 23:09:45,1684724986,10.1,30.7,99900,2.00,5.00,8.00,9.00,0.0139,0
2023-05-21 23:14:39,1684725280,9.94,31.0,99900,2.00,6.00,9.00,11.0,0.0139,0
2023-05-21 23:19:54,1684725595,9.77,31.4,99900,1.00,3.00,5.00,5.00,0.0231,0
2023-05-21 23:24:48,1684725888,9.59,31.6,99900,1.00,2.00,4.00,5.00,0.0237,0
2023-05-21 23:29:42,1684726182,9.43,32.0,99900,2.00,6.00,10.0,11.0,0.0100,0
2023-05-21 23:34:55,1684726496,9.29,31.8,99900,1.00,3.00,5.00,6.00,0.0165,0
2023-05-21 23:39:48,1684726788,9.15,32.1,99900,2.00,3.00,5.00,6.00,0.0175,0
2023-05-21 23:44:40,1684727081,9.02,32.1,99900,2.00,6.00,10.0,12.0,0.0175,0
2023-05-21 23:49:54,1684727395,8.87,32.2,99900,1.00,3.00,6.00,7.00,0.0200,0
2023-05-21 23:54:47,1684727688,8.73,32.5,100000,1.00,3.00,5.00,6.00,0.0190,0
2023-05-21 23:59:40,1684727981,8.59,32.6,100000,1.00,3.00,4.00,5.00,0.0134,0
2023-05-22 00:04:55,1684728295,8.46,32.7,100000,1.00,3.00,6.00,7.00,0.0132,0
2023-05-22 00:09:48,1684728589,8.33,32.8,100000,2.00,6.00,9.00,10.0,0.0158,0
2023-05-22 00:14:42,1684728883,8.21,32.5,100000,1.00,4.00,6.00,7.00,0.0138,0
2023-05-22 00:19:57,1684729198,8.12,32.7,100000,2.00,5.00,8.00,10.0,0.0257,0
2023-05-22 00:24:51,1684729491,8.02,32.8,100000,2.00,5.00,8.00,9.00,0.0257,0
2023-05-22 00:29:44,1684729785,7.89,32.9,100000,1.00,4.00,6.00,8.00,0.0250,0
2023-05-22 00:34:59,1684730099,7.74,33.6,100000,1.00,2.00,4.00,4.00,0.0232,0
2023-05-22 00:39:52,1684730392,7.57,33.9,100000,1.00,3.00,4.00,4.00,0.0182,0
2023-05-22 00:44:45,1684730685,7.39,34.0,100000,2.00,6.00,9.00,11.0,0.0167,0
2023-05-22 00:49:59,1684730999,7.17,35.0,100000,1.00,4.00,5.00,6.00,0.0211,0
2023-05-22 00:54:52,1684731293,6.93,35.1,100029,2.00,5.00,8.00,10.0,0.0298,0
2023-05-22 00:59:46,1684731587,6.72,35.5,100100,3.00,6.00,10.0,12.0,0.0528,0
2023-05-22 01:04:40,1684731881,6.55,35.6,100093,1.00,4.00,6.00,7.00,0.0528,0
2023-05-22 01:09:56,1684732196,6.41,35.6,100100,1.00,3.00,5.00,6.00,0.0402,0
2023-05-22 01:14:50,1684732491,6.30,35.5,100100,2.00,5.00,8.00,10.0,0.0384,0
2023-05-22 01:19:45,1684732785,6.22,35.7,100100,1.00,4.00,7.00,9.00,0.0159,0
2023-05-22 01:24:39,1684733080,6.22,35.5,100100,1.00,2.00,4.00,4.00,0.0109,0
2023-05-22 01:29:54,1684733395,6.24,35.1,100100,1.00,4.00,7.00,8.00,0.0147,0
2023-05-22 01:34:48,1684733689,6.29,34.8,100100,1.00,3.00,5.00,6.00,0.0152,0
2023-05-22 01:39:42,1684733982,6.32,34.6,100100,1.00,5.00,8.00,9.00,0.0152,0
2023-05-22 01:44:56,1684734297,6.31,34.6,100100,2.00,6.00,9.00,10.0,0.0134,0
2023-05-22 01:49:49,1684734590,6.25,34.5,100100,1.00,4.00,6.00,7.00,0.0187,0
2023-05-22 01:54:43,1684734883,6.19,34.8,100100,1.00,4.00,6.00,7.00,0.0178,0
2023-05-22 01:59:58,1684735199,6.08,34.8,100100,1.00,4.00,6.00,7.00,0.0137,0
2023-05-22 02:04:53,1684735494,5.92,35.2,100100,2.00,5.00,7.00,8.00,0.0121,0
2023-05-22 02:09:48,1684735788,5.75,35.4,100100,1.00,2.00,4.00,5.00,0.0140,0
2023-05-22 02:14:42,1684736083,5.59,35.7,100100,1.00,5.00,8.00,9.00,0.0140,0
2023-05-22 02:19:57,1684736398,5.41,36.4,100100,1.00,2.00,4.00,4.00,0.0182,0
2023-05-22 02:24:52,1684736692,5.24,36.8,100100,1.00,2.00,4.00,4.00,0.0188,0
2023-05-22 02:29:46,1684736986,5.05,36.8,100100,3.00,6.00,9.00,11.0,0.0267,0
2023-05-22 02:34:41,1684737281,4.88,37.3,100164,1.00,4.00,6.00,7.00,0.0282,0
2023-05-22 02:39:57,1684737597,4.72,37.7,100200,2.00,6.00,10.0,11.0,0.0292,0
2023-05-22 02:44:50,1684737891,4.57,38.1,100200,2.00,3.00,4.00,5.00,0.0260,0
2023-05-22 02:49:45,1684738185,4.41,38.4,100200,1.00,3.00,4.00,5.00,0.0200,0
2023-05-22 02:54:59,1684738500,4.25,38.6,100200,2.00,7.00,11.0,13.0,0.0195,0
2023-05-22 02:59:54,1684738794,4.11,39.1,100200,2.00,5.00,8.00,9.00,0.0216,0
2023-05-22 03:04:49,1684739089,3.97,39.4,100200,1.00,5.00,8.00,10.0,0.0127,0
2023-05-22 03:09:43,1684739383,3.84,39.7,100200,2.00,3.00,5.00,6.00,0.0286,0
2023-05-22 03:14:58,1684739698,3.70,39.8,100200,2.00,6.00,10.0,12.0,0.0316,0
2023-05-22 03:19:52,1684739992,3.57,39.8,100200,3.00,5.00,8.00,10.0,0.0223,0
2023-05-22 03:24:46,1684740286,3.45,40.1,100200,5.00,17.0,27.0,32.0,0.0121,0
2023-05-22 03:29:40,1684740581,3.34,40.2,100200,2.00,2.00,4.00,4.00,0.0763,0
2023-05-22 03:34:56,1684740897,3.25,40.7,100200,1.00,4.00,7.00,8.00,0.0832,0
2023-05-22 03:39:52,1684741192,3.17,41.0,100200,2.00,5.00,8.00,9.00,0.0379,0
2023-05-22 03:44:47,1684741487,3.11,41.0,100200,2.00,5.00,9.00,10.0,0.0304,0
2023-05-22 03:49:41,1684741782,3.05,41.3,100200,1.00,4.00,7.00,8.00,0.0227,0
2023-05-22 03:54:56,1684742097,2.98,41.6,100200,1.00,5.00,8.00,10.0,0.0260,0
2023-05-22 03:59:50,1684742391,2.92,41.6,100200,2.00,2.00,3.00,3.00,0.0114,0
2023-05-22 04:04:45,1684742685,2.87,41.9,100200,2.00,6.00,10.0,11.0,0.0103,0
2023-05-22 04:09:40,1684742981,2.84,42.3,100200,1.00,4.00,6.00,7.00,0.0112,0
2023-05-22 04:14:57,1684743298,2.78,42.3,100200,1.00,5.00,8.00,9.00,0.0131,0
2023-05-22 04:19:53,1684743593,2.72,42.8,100200,1.00,4.00,6.00,7.00,0.0115,0
2023-05-22 04:24:48,1684743888,2.73,43.5,100200,1.00,3.00,5.00,6.00,0.0179,0
2023-05-22 04:29:43,1684744184,2.84,43.0,100214,1.00,4.00,6.00,7.00,0.0125,0
2023-05-22 04:34:39,1684744479,2.96,42.5,100300,1.00,2.00,3.00,3.00,0.00976,0
2023-05-22 04:39:55,1684744796,3.12,42.1,100300,3.00,5.00,6.00,7.00,0.0115,0
2023-05-22 04:44:50,1684745091,3.28,41.5,100300,2.00,6.00,9.00,11.0,0.0179,0
2023-05-22 04:49:45,1684745386,3.39,41.4,100300,2.00,4.00,7.00,8.00,0.0216,0
2023-05-22 04:54:41,1684745681,3.47,40.9,100300,2.00,4.00,5.00,5.00,0.0124,0
2023-05-22 04:59:57,1684745997,3.53,40.7,100300,2.00,6.00,10.0,12.0,0.0186,0
2023-05-22 05:04:52,1684746293,3.58,40.4,100300,1.00,3.00,4.00,5.00,0.0308,0
2023-05-22 05:09:47,1684746588,3.66,40.1,100300,2.00,5.00,8.00,10.0,0.0308,0
2023-05-22 05:14:42,1684746882,3.74,40.3,100300,1.00,4.00,5.00,6.00,0.0283,0
2023-05-22 05:15:03,1684746903,3.79,41.1,100300,2.00,4.00,5.00,5.00,0.00867,0
2023-05-22 07:18:15,1684754295,19.5,18.7,100400,2.00,2.00,3.00,3.00,,
2023-05-22 07:57:07,1684756628,20.4,16.6,100400,1.00,2.00,3.00,4.00,,
2023-05-22 08:04:57,1684757097,19.7,16.5,100500,1e-7,2.00,4.00,5.00,,
2023-05-22 08:06:58,1684757219,19.5,17.2,100500,1e-7,2.00,4.00,4.00,,
2023-05-22 09:04:56,1684760696,23.9,14.1,100500,1.00,4.00,6.00,7.00,,
2023-05-22 09:09:44,1684760985,23.9,14.0,100500,2.00,3.00,4.00,5.00,0.0103,0
2023-05-22 09:12:09,1684761129,24.0,14.1,100500,2.00,4.00,6.00,7.00,0.0121,0
2023-05-22 09:29:45,1684762186,22.6,16.0,100500,2.00,3.00,3.00,4.00,0.0114,0
2023-05-22 09:30:47,1684762247,22.3,15.9,100500,1.00,1.00,2.00,2.00,0.0114,0
2023-05-22 09:39:57,1684762797,22.2,15.6,100500,1.00,2.00,3.00,3.00,0.0157,0
2023-05-22 09:44:46,1684763087,22.5,15.0,100500,2.00,3.00,4.00,5.00,0.0116,0
2023-05-22 09:46:50,1684763211,22.5,15.3,100500,1.00,4.00,7.00,8.00,0.0110,0
2023-05-22 09:59:47,1684763988,22.2,15.7,100500,1.00,2.00,2.00,3.00,0.00995,0
2023-05-22 10:04:58,1684764298,21.7,16.0,100500,2.00,5.00,8.00,9.00,0.0134,0
2023-05-22 10:06:20,1684764381,21.8,16.5,100500,1.00,1.00,2.00,2.00,0.0108,0
2023-05-22 10:14:52,1684764892,21.4,16.6,100500,1e-7,2.00,4.00,4.00,0.0111,0
2023-05-22 10:19:42,1684765182,21.0,15.8,100500,1.00,3.00,5.00,6.00,0.0147,0
2023-05-22 10:23:29,1684765409,20.7,17.2,100500,1.00,1.00,2.00,2.00,0.0147,0
2023-05-22 10:34:53,1684766093,20.9,16.8,100500,2.00,3.00,5.00,6.00,0.0131,0
2023-05-22 10:39:43,1684766383,21.0,16.5,100500,2.00,3.00,4.00,4.00,0.0131,0
2023-05-22 10:42:48,1684766569,20.8,16.4,100500,2.00,4.00,6.00,7.00,0.00995,0
2023-05-22 10:49:57,1684766998,20.5,17.2,100500,1.00,1.00,2.00,2.00,0.00995,0
2023-05-22 10:54:47,1684767288,20.4,17.0,100500,2.00,4.00,6.00,7.00,0.0106,0
2023-05-22 10:58:35,1684767515,20.6,17.0,100500,2.00,5.00,8.00,10.0,0.0123,0
2023-05-22 11:04:42,1684767882,20.5,17.1,100400,1.00,1.00,2.00,2.00,0.0223,0
2023-05-22 11:09:52,1684768193,20.2,17.6,100400,1.00,3.00,4.00,5.00,0.0223,0
2023-05-22 11:14:42,1684768483,19.8,17.3,100400,1.00,4.00,6.00,7.00,0.0208,0
2023-05-22 11:16:04,1684768565,19.8,16.4,100400,1.00,2.00,3.00,3.00,0.0115,0
2023-05-22 11:24:55,1684769095,19.3,16.4,100400,1.00,2.00,3.00,3.00,0.0137,0
2023-05-22 11:29:46,1684769386,19.1,17.8,100400,1.00,2.00,3.00,4.00,0.0165,0
2023-05-22 11:33:33,1684769614,18.9,18.0,100400,1.00,4.00,6.00,7.00,0.0162,0
2023-05-22 11:44:50,1684770291,19.4,18.3,100400,2.00,4.00,6.00,7.00,0.0165,0
2023-05-22 11:49:40,1684770581,19.7,18.4,100400,2.00,7.00,12.0,14.0,0.0165,0
2023-05-22 11:51:23,1684770684,19.8,18.6,100400,1.00,3.00,4.00,5.00,0.00844,0
2023-05-22 11:59:52,1684771192,20.0,18.4,100400,3.00,6.00,7.00,8.00,0.0283,0
2023-05-22 12:04:42,1684771482,20.3,18.6,100400,4.00,5.00,6.00,7.00,0.0283,0
2023-05-22 12:08:50,1684771730,20.7,18.6,100400,2.00,3.00,3.00,4.00,0.00888,0
2023-05-22 12:19:53,1684772393,21.1,18.1,100400,2.00,3.00,4.00,4.00,0.0215,0
2023-05-22 12:24:42,1684772683,21.2,17.9,100400,4.00,5.00,6.00,7.00,0.0205,0
2023-05-22 12:26:26,1684772786,21.1,17.6,100400,2.00,4.00,6.00,7.00,0.00996,0
2023-05-22 12:34:56,1684773296,20.8,17.9,100400,2.00,4.00,6.00,7.00,0.0168,0
2023-05-22 12:39:45,1684773586,20.7,17.5,100400,2.00,4.00,6.00,7.00,0.0147,0
2023-05-22 12:43:54,1684773834,20.8,17.2,100400,2.00,2.00,3.00,4.00,0.0101,0
2023-05-22 12:49:39,1684774180,21.2,16.8,100300,1e-7,1e-7,1.00,1.00,0.00941,0
2023-05-22 12:54:50,1684774490,21.2,16.6,100300,1.00,3.00,4.00,4.00,0.0211,0
2023-05-22 12:59:39,1684774780,21.3,16.8,100300,2.00,6.00,8.00,10.0,0.0233,0
2023-05-22 13:00:20,1684774821,21.4,16.8,100300,1.00,1.00,1.00,1.00,0.0233,0
2023-05-22 13:09:50,1684775390,21.9,17.3,100300,3.00,4.00,5.00,6.00,0.0152,0
2023-05-22 13:14:59,1684775700,22.1,17.1,100300,2.00,3.00,6.00,7.00,0.0159,0
2023-05-22 13:17:45,1684775865,22.3,17.0,100300,2.00,2.00,2.00,2.00,0.0133,0
2023-05-22 13:24:42,1684776282,22.1,17.3,100300,2.00,5.00,9.00,10.0,0.0119,0
2023-05-22 13:29:52,1684776593,22.3,17.2,100300,2.00,4.00,5.00,6.00,0.0115,0
2023-05-22 13:34:42,1684776882,22.8,16.5,100300,3.00,4.00,6.00,7.00,0.0153,0
2023-05-22 13:35:23,1684776924,22.9,16.3,100300,1.00,1.00,2.00,2.00,0.00891,0
2023-05-22 13:44:39,1684777480,22.7,15.8,100300,1.00,3.00,5.00,5.00,0.00999,0
2023-05-22 13:49:49,1684777790,22.6,16.0,100300,2.00,3.00,4.00,5.00,0.0126,0
2023-05-22 13:52:55,1684777976,22.5,16.0,100300,2.00,3.00,5.00,5.00,0.0134,0
2023-05-22 13:59:41,1684778381,22.5,16.1,100300,1e-7,1.00,2.00,2.00,0.0105,0
2023-05-22 14:04:51,1684778691,22.5,15.8,100300,2.00,5.00,7.00,9.00,0.00996,0
2023-05-22 14:09:40,1684778981,22.4,15.9,100300,2.00,2.00,4.00,5.00,0.0144,0
2023-05-22 14:10:22,1684779022,22.3,16.2,100300,1e-7,2.00,4.00,4.00,0.0144,0
2023-05-22 14:19:50,1684779591,22.5,17.4,100300,1.00,3.00,4.00,5.00,0.0144,0
2023-05-22 14:24:40,1684779880,22.6,16.5,100300,2.00,4.00,5.00,6.00,0.00985,0
2023-05-22 14:28:06,1684780087,22.7,16.5,100300,2.00,4.00,6.00,6.00,0.0152,0
2023-05-22 14:34:48,1684780489,22.8,16.1,100300,1.00,1.00,2.00,2.00,0.0131,0
2023-05-22 14:39:58,1684780799,22.9,15.8,100300,3.00,5.00,7.00,8.00,0.0136,0
2023-05-22 14:44:48,1684781088,22.9,15.9,100300,3.00,5.00,8.00,10.0,0.0144,0
2023-05-22 14:45:29,1684781130,22.9,15.9,100300,1e-7,1.00,2.00,3.00,0.0103,0
2023-05-22 14:54:58,1684781698,22.9,15.7,100300,1.00,3.00,4.00,4.00,0.00931,0
2023-05-22 14:59:47,1684781988,22.9,15.6,100300,2.00,4.00,6.00,7.00,0.0215,0
2023-05-22 15:03:14,1684782194,23.0,15.7,100300,1.00,2.00,3.00,3.00,0.0215,0.791
2023-05-22 15:09:56,1684782597,23.2,16.1,100300,1.00,2.00,3.00,4.00,0.0171,0.784
2023-05-22 15:14:46,1684782886,23.3,15.7,100300,2.00,5.00,7.00,9.00,0.0128,0.776
2023-05-22 15:19:56,1684783196,23.3,15.5,100300,2.00,3.00,3.00,4.00,0.0149,0.776
2023-05-22 15:20:37,1684783238,23.3,16.0,100300,1.00,1.00,1.00,1.00,0.0143,0
2023-05-22 15:29:45,1684783786,23.3,15.3,100200,2.00,5.00,7.00,9.00,0.0113,0
2023-05-22 15:34:55,1684784096,23.3,16.0,100200,2.00,3.00,5.00,6.00,0.0146,0
2023-05-22 15:38:43,1684784323,23.3,16.5,100200,2.00,4.00,7.00,9.00,0.0183,0
2023-05-22 15:44:45,1684784686,23.1,16.2,100200,1e-7,1.00,1.00,1.00,0.0103,0
2023-05-22 15:49:55,1684784996,23.0,16.7,100200,2.00,4.00,5.00,6.00,0.0106,0
2023-05-22 15:54:45,1684785285,23.0,17.0,100200,3.00,4.00,5.00,6.00,0.0170,0
2023-05-22 15:57:09,1684785430,23.1,16.9,100200,2.00,4.00,5.00,6.00,0.0140,0
2023-05-22 16:04:59,1684785899,22.9,16.8,100200,1.00,2.00,3.00,3.00,0.0124,0
2023-05-22 16:09:48,1684786189,22.9,16.6,100200,3.00,6.00,8.00,9.00,0.0138,0
2023-05-22 16:13:15,1684786395,22.8,16.2,100200,3.00,4.00,5.00,6.00,0.0111,0
2023-05-22 16:19:58,1684786798,22.6,17.3,100200,1.00,1.00,1.00,1.00,0.0111,0
2023-05-22 16:24:47,1684787088,22.5,17.2,100200,2.00,7.00,10.0,12.0,0.0204,0
2023-05-22 16:29:58,1684787398,22.4,17.4,100200,2.00,4.00,6.00,7.00,0.0204,0
2023-05-22 16:34:43,1684787684,22.5,17.7,100200,2.00,8.00,12.0,14.0,0.0229,0
2023-05-22 16:39:54,1684787994,22.6,17.4,100200,3.00,5.00,6.00,6.00,0.0176,0
2023-05-22 16:44:43,1684788284,22.5,17.1,100200,4.00,7.00,10.0,12.0,0.0176,0
2023-05-22 16:49:54,1684788594,22.4,17.5,100200,5.00,11.0,16.0,18.0,0.0179,0
2023-05-22 16:54:44,1684788884,22.4,17.6,100200,3.00,6.00,9.00,11.0,0.0180,0
2023-05-22 16:59:55,1684789195,22.2,17.2,100200,2.00,3.00,4.00,4.00,0.0188,0
2023-05-22 17:04:45,1684789485,22.0,17.3,100200,2.00,3.00,5.00,6.00,0.0419,0
2023-05-22 17:09:56,1684789796,21.8,17.3,100200,3.00,3.00,3.00,3.00,0.0175,0
2023-05-22 17:14:46,1684790086,21.6,17.7,100200,3.00,5.00,7.00,8.00,0.0113,0
2023-05-22 17:19:57,1684790397,21.4,17.6,100200,2.00,3.00,4.00,5.00,0.0136,0
2023-05-22 17:24:47,1684790688,21.2,17.7,100200,3.00,3.00,4.00,5.00,0.0157,0
2023-05-22 17:29:58,1684790999,21.2,18.3,100200,3.00,3.00,5.00,6.00,0.0155,0
2023-05-22 17:34:48,1684791289,21.2,18.6,100200,2.00,5.00,7.00,9.00,0.0183,0
2023-05-22 17:39:59,1684791600,21.1,18.3,100200,3.00,7.00,10.0,11.0,0.0236,0
2023-05-22 17:44:50,1684791890,21.0,18.2,100200,4.00,8.00,12.0,15.0,0.0210,0
2023-05-22 17:49:40,1684792181,20.9,18.1,100200,4.00,7.00,11.0,13.0,0.0232,0
2023-05-22 17:54:51,1684792492,20.8,18.2,100200,3.00,3.00,4.00,4.00,0.0289,0
2023-05-22 17:59:42,1684792782,20.7,18.7,100200,3.00,5.00,7.00,7.00,0.0166,0
2023-05-22 18:04:53,1684793093,20.6,18.5,100200,5.00,11.0,16.0,18.0,0.0492,0
2023-05-22 18:09:43,1684793384,20.4,18.9,100200,2.00,4.00,7.00,8.00,0.0449,0
2023-05-22 18:14:54,1684793695,20.3,18.7,100200,3.00,6.00,7.00,8.00,0.0449,0
2023-05-22 18:19:45,1684793985,20.2,18.7,100264,2.00,5.00,7.00,8.00,0.0258,0
2023-05-22 18:24:56,1684794296,20.0,18.8,100300,2.00,5.00,6.00,7.00,0.0258,0
2023-05-22 18:29:46,1684794587,19.9,18.9,100300,2.00,5.00,7.00,8.00,0.0143,0
2023-05-22 18:34:58,1684794898,19.8,18.8,100300,3.00,6.00,8.00,9.00,0.0121,0
2023-05-22 18:39:48,1684795189,19.6,18.9,100300,2.00,5.00,7.00,8.00,0.0162,0
2023-05-22 18:44:39,1684795479,19.4,19.1,100300,3.00,8.00,11.0,13.0,0.0205,0
2023-05-22 18:49:50,1684795791,19.3,19.0,100300,2.00,3.00,4.00,4.00,0.0141,0
2023-05-22 18:54:41,1684796081,19.2,19.3,100300,2.00,4.00,6.00,7.00,0.0312,0
2023-05-22 18:59:52,1684796393,19.1,19.4,100300,2.00,5.00,7.00,9.00,0.0228,0
2023-05-22 19:04:44,1684796684,18.9,19.7,100300,3.00,6.00,10.0,12.0,0.0195,0
2023-05-22 19:09:55,1684796996,18.8,19.9,100300,2.00,6.00,10.0,12.0,0.0174,0
2023-05-22 19:14:46,1684797287,18.6,19.9,100300,3.00,6.00,9.00,10.0,0.0153,0
2023-05-22 19:19:58,1684797599,18.4,20.4,100300,1.00,4.00,7.00,8.00,0.0183,0
2023-05-22 19:24:49,1684797890,18.2,20.7,100300,3.00,8.00,12.0,13.0,0.0152,0
2023-05-22 19:29:40,1684798181,18.0,20.7,100300,3.00,4.00,5.00,6.00,0.0118,0
2023-05-22 19:34:52,1684798492,17.7,21.4,100300,3.00,3.00,4.00,5.00,0.0294,0
2023-05-22 19:39:43,1684798784,17.4,21.2,100300,2.00,5.00,7.00,8.00,0.0163,0
2023-05-22 19:44:55,1684799096,17.1,21.7,100300,2.00,4.00,6.00,7.00,0.0113,0
2023-05-22 19:49:47,1684799387,16.8,23.1,100300,2.00,5.00,7.00,8.00,0.0130,0
2023-05-22 19:54:59,1684799699,16.5,24.0,100300,4.00,13.0,21.0,25.0,0.0283,0
2023-05-22 19:59:50,1684799991,16.1,24.4,100300,3.00,6.00,9.00,10.0,0.0416,0
2023-05-22 20:04:41,1684800282,15.8,24.7,100300,2.00,6.00,8.00,10.0,0.0330,0
2023-05-22 20:09:54,1684800594,15.4,25.7,100300,2.00,2.00,4.00,4.00,0.0330,0
2023-05-22 20:14:45,1684800886,15.0,26.8,100300,3.00,5.00,6.00,7.00,0.0330,0
2023-05-22 20:19:58,1684801198,14.7,27.4,100300,2.00,6.00,9.00,10.0,0.0147,0
2023-05-22 20:24:50,1684801490,14.4,27.9,100300,3.00,10.0,16.0,18.0,0.0317,0
2023-05-22 20:29:42,1684801783,14.1,27.9,100300,1.00,4.00,6.00,7.00,0.0317,0
2023-05-22 20:34:55,1684802095,13.7,28.1,100300,2.00,4.00,5.00,5.00,0.0293,0
2023-05-22 20:39:47,1684802388,13.3,29.0,100300,3.00,5.00,7.00,8.00,0.0274,0
2023-05-22 20:44:40,1684802680,12.9,29.7,100300,2.00,4.00,6.00,7.00,0.0187,0
2023-05-22 20:49:53,1684802993,12.6,30.7,100353,2.00,3.00,5.00,6.00,0.0278,0
2023-05-22 20:54:45,1684803286,12.2,31.5,100400,2.00,6.00,9.00,10.0,0.0278,0
2023-05-22 20:59:58,1684803599,11.9,32.5,100400,3.00,7.00,10.0,12.0,0.0186,0
2023-05-22 21:04:50,1684803891,11.6,33.0,100400,3.00,5.00,7.00,8.00,0.0132,0
2023-05-22 21:09:43,1684804183,11.3,33.4,100400,1.00,4.00,6.00,7.00,0.0189,0
2023-05-22 21:14:56,1684804496,11.0,34.6,100400,3.00,4.00,6.00,7.00,0.0107,0
2023-05-22 21:19:49,1684804789,10.7,34.9,100400,2.00,4.00,6.00,7.00,0.0140,0
2023-05-22 21:24:42,1684805083,10.5,35.0,100400,4.00,10.0,15.0,17.0,0.0590,0
2023-05-22 21:29:56,1684805396,10.2,35.1,100400,2.00,4.00,5.00,6.00,0.0590,0
2023-05-22 21:34:49,1684805690,10.0,35.3,100400,2.00,6.00,9.00,11.0,0.0456,0
2023-05-22 21:39:44,1684805984,9.81,36.0,100400,4.00,6.00,7.00,8.00,0.0270,0
2023-05-22 21:44:58,1684806299,9.60,36.9,100400,2.00,5.00,8.00,9.00,0.0270,0
2023-05-22 21:49:51,1684806592,9.40,37.0,100400,3.00,5.00,6.00,7.00,0.0298,0
2023-05-22 21:54:45,1684806885,9.22,37.1,100400,2.00,6.00,9.00,10.0,0.0186,0
2023-05-22 21:59:59,1684807199,9.07,37.5,100400,2.00,8.00,13.0,15.0,0.0255,0
2023-05-22 22:04:51,1684807492,8.91,38.0,100400,3.00,5.00,7.00,8.00,0.0222,0
2023-05-22 22:09:45,1684807785,8.73,38.7,100400,2.00,5.00,7.00,8.00,0.0327,0
2023-05-22 22:14:59,1684808099,8.55,38.9,100400,3.00,6.00,9.00,11.0,0.0232,0
2023-05-22 22:19:51,1684808392,8.38,39.3,100400,3.00,5.00,6.00,6.00,0.0142,0
2023-05-22 22:24:44,1684808685,8.23,39.1,100400,2.00,5.00,7.00,8.00,0.0259,0
2023-05-22 22:29:59,1684808999,8.14,39.7,100400,2.00,4.00,6.00,7.00,0.0175,0
2023-05-22 22:34:52,1684809293,8.06,40.0,100400,2.00,4.00,6.00,7.00,0.0165,0
2023-05-22 22:39:47,1684809587,7.95,40.1,100400,2.00,3.00,3.00,4.00,0.0138,0
2023-05-22 22:44:41,1684809881,7.88,39.7,100400,4.00,7.00,9.00,11.0,0.0158,0
2023-05-22 22:49:56,1684810196,7.84,39.9,100400,4.00,7.00,9.00,10.0,0.0406,0
2023-05-22 22:54:49,1684810490,7.81,39.7,100400,2.00,5.00,7.00,8.00,0.0354,0
2023-05-22 22:59:43,1684810784,7.81,39.2,100400,3.00,5.00,7.00,8.00,0.0301,0
2023-05-22 23:04:57,1684811098,7.81,39.0,100400,3.00,6.00,8.00,8.00,0.0146,0
2023-05-22 23:09:51,1684811391,7.80,39.1,100400,2.00,3.00,4.00,5.00,0.0148,0
2023-05-22 23:14:44,1684811685,7.75,39.3,100450,3.00,6.00,8.00,10.0,0.0189,0
2023-05-22 23:19:59,1684811999,7.66,39.6,100453,3.00,6.00,10.0,12.0,0.0338,0
2023-05-22 23:24:52,1684812293,7.55,39.5,100429,2.00,4.00,6.00,6.00,0.0329,0
2023-05-22 23:29:47,1684812587,7.42,39.2,100400,2.00,3.00,3.00,4.00,0.0309,0
2023-05-22 23:34:41,1684812881,7.32,39.7,100400,2.00,4.00,6.00,8.00,0.0188,0
2023-05-22 23:39:55,1684813196,7.21,40.7,100440,2.00,4.00,5.00,5.00,0.0131,0
2023-05-22 23:44:49,1684813490,7.10,40.6,100500,2.00,3.00,5.00,5.00,0.0113,0
2023-05-22 23:49:43,1684813784,6.97,40.2,100457,3.00,7.00,10.0,12.0,0.0196,0
2023-05-22 23:54:58,1684814098,6.86,40.1,100473,2.00,7.00,11.0,12.0,0.0407,0
2023-05-22 23:59:52,1684814393,6.78,40.4,100479,2.00,5.00,7.00,8.00,0.0242,0
2023-05-23 00:04:47,1684814687,6.73,40.6,100421,4.00,6.00,8.00,9.00,0.0242,0
2023-05-23 00:09:40,1684814980,6.63,41.0,100400,5.00,6.00,7.00,8.00,0.0171,0
2023-05-23 00:14:55,1684815296,6.53,41.6,100400,2.00,4.00,5.00,6.00,0.0133,0
2023-05-23 00:19:50,1684815590,6.43,41.7,100400,3.00,8.00,13.0,15.0,0.0113,0
2023-05-23 00:24:44,1684815885,6.36,41.3,100400,2.00,7.00,12.0,14.0,0.0211,0
2023-05-23 00:29:59,1684816199,6.27,41.6,100400,2.00,5.00,7.00,8.00,0.0273,0
2023-05-23 00:34:52,1684816493,6.19,41.8,100400,2.00,2.00,3.00,4.00,0.0273,0
2023-05-23 00:39:45,1684816786,6.12,42.0,100400,3.00,4.00,7.00,8.00,0.0208,0
2023-05-23 00:44:59,1684817100,6.07,42.5,100400,3.00,7.00,10.0,12.0,0.0165,0
2023-05-23 00:49:53,1684817393,6.03,42.6,100400,4.00,4.00,5.00,5.00,0.0185,0
2023-05-23 00:54:47,1684817687,5.99,42.2,100400,1.00,4.00,6.00,7.00,0.0175,0
2023-05-23 00:59:40,1684817980,5.97,41.8,100400,2.00,3.00,4.00,5.00,0.0183,0
2023-05-23 01:04:54,1684818295,5.94,42.0,100400,2.00,6.00,9.00,10.0,0.0125,0
2023-05-23 01:09:48,1684818589,5.91,42.2,100400,3.00,4.00,5.00,6.00,0.0162,0
2023-05-23 01:14:43,1684818883,5.86,42.0,100400,2.00,7.00,12.0,14.0,0.0171,0
2023-05-23 01:19:59,1684819199,5.83,41.9,100400,1.00,3.00,4.00,5.00,0.0190,0
2023-05-23 01:24:53,1684819493,5.78,41.8,100400,1.00,2.00,4.00,4.00,0.0480,0
2023-05-23 01:29:46,1684819786,5.70,41.9,100400,2.00,4.00,6.00,7.00,0.0480,0
2023-05-23 01:34:40,1684820081,5.62,42.0,100400,2.00,6.00,10.0,11.0,0.0345,0
2023-05-23 01:39:56,1684820397,5.54,42.0,100400,2.00,3.00,5.00,5.00,0.0288,0
2023-05-23 01:44:51,1684820691,5.50,42.5,100400,3.00,9.00,13.0,15.0,0.0261,0
2023-05-23 01:49:45,1684820985,5.47,42.6,100450,4.00,7.00,9.00,10.0,0.0303,0
2023-05-23 01:54:59,1684821300,5.43,42.7,100473,3.00,5.00,8.00,10.0,0.0303,0
2023-05-23 01:59:53,1684821593,5.36,42.3,100429,2.00,7.00,11.0,13.0,0.0560,0
2023-05-23 02:04:47,1684821887,5.28,42.2,100486,2.00,3.00,4.00,5.00,0.0560,0
2023-05-23 02:09:40,1684822181,5.21,42.3,100500,2.00,4.00,6.00,8.00,0.0569,0
2023-05-23 02:14:55,1684822496,5.12,42.6,100500,2.00,3.00,4.00,5.00,0.0331,0
2023-05-23 02:19:50,1684822790,5.01,42.6,100500,4.00,12.0,18.0,21.0,0.0129,0
2023-05-23 02:24:45,1684823085,4.89,42.6,100500,4.00,8.00,12.0,13.0,0.0669,0
2023-05-23 02:29:59,1684823400,4.78,42.8,100500,2.00,7.00,11.0,13.0,0.0850,0
2023-05-23 02:34:53,1684823693,4.67,43.0,100500,3.00,4.00,5.00,6.00,0.0395,0
2023-05-23 02:39:47,1684823988,4.58,43.2,100500,2.00,6.00,8.00,10.0,0.0370,0
2023-05-23 02:44:41,1684824282,4.51,43.3,100500,2.00,4.00,7.00,8.00,0.0243,0
2023-05-23 02:49:58,1684824598,4.42,43.6,100500,2.00,3.00,4.00,4.00,0.0194,0
2023-05-23 02:54:53,1684824893,4.35,43.6,100500,2.00,4.00,6.00,7.00,0.0196,0
2023-05-23 02:59:47,1684825188,4.28,43.6,100500,2.00,4.00,6.00,7.00,0.0105,0
2023-05-23 03:04:42,1684825483,4.23,43.9,100500,2.00,4.00,5.00,6.00,0.0125,0
2023-05-23 03:09:58,1684825799,4.18,43.9,100500,2.00,5.00,8.00,9.00,0.0178,0
2023-05-23 03:14:52,1684826093,4.13,44.0,100500,3.00,4.00,5.00,5.00,0.0159,0
2023-05-23 03:19:46,1684826386,4.10,44.6,100500,3.00,6.00,8.00,9.00,0.0142,0
2023-05-23 03:24:39,1684826680,4.07,44.8,100500,2.00,3.00,5.00,5.00,0.0138,0
2023-05-23 03:29:55,1684826995,4.05,45.0,100500,2.00,4.00,7.00,8.00,0.0128,0
2023-05-23 03:34:49,1684827289,4.05,45.0,100500,3.00,4.00,5.00,6.00,0.0104,0
2023-05-23 03:39:44,1684827584,4.08,44.9,100500,2.00,3.00,4.00,5.00,0.0137,0
2023-05-23 03:44:39,1684827879,4.12,44.7,100500,2.00,6.00,10.0,11.0,0.0137,0
2023-05-23 03:49:55,1684828195,4.15,44.7,100500,2.00,6.00,9.00,10.0,0.0172,0
2023-05-23 03:54:50,1684828491,4.15,44.6,100500,3.00,6.00,9.00,10.0,0.0132,0
2023-05-23 03:59:45,1684828786,4.15,44.8,100500,2.00,4.00,7.00,9.00,0.0192,0
2023-05-23 04:04:40,1684829081,4.14,44.6,100500,2.00,5.00,7.00,9.00,0.0192,0
2023-05-23 04:09:56,1684829396,4.13,44.6,100500,2.00,5.00,7.00,8.00,0.0209,0
2023-05-23 04:14:51,1684829691,4.13,44.7,100500,2.00,4.00,6.00,7.00,0.0209,0
2023-05-23 04:19:46,1684829986,4.15,44.9,100500,3.00,5.00,6.00,7.00,0.0112,0
2023-05-23 04:24:40,1684830280,4.18,44.7,100500,3.00,8.00,12.0,14.0,0.0271,0
2023-05-23 04:29:56,1684830596,4.17,44.6,100500,2.00,5.00,7.00,8.00,0.0378,0
2023-05-23 04:34:51,1684830891,4.16,44.6,100500,4.00,10.0,16.0,19.0,0.0194,0
2023-05-23 04:39:46,1684831186,4.12,44.7,100500,3.00,7.00,10.0,12.0,0.0204,0
2023-05-23 04:44:41,1684831481,4.06,44.7,100500,2.00,5.00,8.00,10.0,0.0221,0
2023-05-23 04:49:55,1684831796,4.02,44.6,100500,2.00,3.00,4.00,5.00,0.0166,0
2023-05-23 04:54:49,1684832090,3.98,44.5,100500,2.00,4.00,5.00,6.00,0.0160,0
2023-05-23 04:59:43,1684832384,3.94,44.6,100500,3.00,5.00,7.00,8.00,0.0173,0
2023-05-23 05:04:38,1684832679,3.91,44.7,100500,3.00,5.00,7.00,8.00,0.0269,0
2023-05-23 05:09:55,1684832995,3.89,44.9,100500,2.00,4.00,6.00,7.00,0.0238,0
2023-05-23 05:14:08,1684833248,3.89,45.1,100500,1.00,4.00,6.00,7.00,0.0181,0
2023-05-23 08:54:53,1684846494,25.6,16.3,100400,2.00,5.00,8.00,9.00,,
2023-05-23 08:59:43,1684846784,26.1,15.9,100400,3.00,5.00,6.00,7.00,,
2023-05-23 09:04:52,1684847092,26.6,15.3,100400,2.00,5.00,7.00,8.00,,
2023-05-23 09:06:55,1684847216,26.8,14.2,100400,3.00,4.00,6.00,7.00,0.00554,0
2023-05-23 09:24:45,1684848286,28.1,13.1,100400,2.00,3.00,4.00,4.00,,
2023-05-23 09:29:57,1684848598,28.1,13.4,100400,5.00,8.00,11.0,13.0,,
2023-05-23 09:34:45,1684848885,28.1,13.2,100400,2.00,3.00,4.00,4.00,,
2023-05-23 09:39:53,1684849194,28.0,13.4,100400,4.00,5.00,8.00,9.00,0.0268,0
2023-05-23 09:44:41,1684849482,28.4,13.2,100400,3.00,8.00,12.0,14.0,0.0394,0
2023-05-23 09:49:07,1684849748,28.7,13.1,100400,1.00,3.00,4.00,5.00,0.0288,0
2023-05-23 09:54:41,1684850081,28.8,13.4,100400,2.00,4.00,7.00,8.00,0.0684,0
2023-05-23 09:59:49,1684850389,28.5,13.4,100400,2.00,4.00,5.00,5.00,0.0341,0
2023-05-23 10:01:31,1684850492,28.4,13.4,100400,3.00,8.00,12.0,14.0,0.0196,0
2023-05-23 10:09:50,1684850991,28.2,13.5,100400,3.00,8.00,12.0,14.0,0.0397,0
2023-05-23 10:14:58,1684851299,28.0,13.4,100400,2.00,3.00,4.00,5.00,0.0473,0
2023-05-23 10:17:02,1684851422,27.9,14.0,100400,3.00,6.00,9.00,10.0,0.0397,0
2023-05-23 10:24:52,1684851893,27.4,13.1,100400,1.00,1.00,1.00,1.00,0.0397,0
2023-05-23 10:29:40,1684852181,27.2,14.0,100321,3.00,5.00,7.00,8.00,0.0416,0
2023-05-23 10:34:49,1684852489,27.0,14.6,100300,2.00,5.00,7.00,8.00,0.0117,0
2023-05-23 10:36:52,1684852613,27.1,14.3,100300,2.00,3.00,4.00,4.00,0.0117,0
2023-05-23 10:44:55,1684853095,27.1,13.8,100300,2.00,4.00,6.00,7.00,0.0148,0
2023-05-23 10:49:43,1684853384,27.1,14.2,100300,1.00,4.00,6.00,7.00,0.0183,0
2023-05-23 10:53:09,1684853589,27.3,14.2,100300,2.00,3.00,4.00,4.00,0.0183,0
2023-05-23 11:04:50,1684854291,27.8,13.9,100300,3.00,5.00,9.00,10.0,0.0191,0
2023-05-23 11:09:59,1684854599,27.9,13.9,100300,2.00,7.00,11.0,13.0,0.0146,0
2023-05-23 11:14:55,1684854896,28.1,13.7,100300,2.00,2.00,2.00,2.00,0.0133,0
2023-05-23 11:19:44,1684855184,28.2,13.1,100300,3.00,4.00,7.00,8.00,0.00933,0
2023-05-23 11:24:52,1684855493,28.2,12.7,100300,2.00,3.00,5.00,5.00,0.0117,0
2023-05-23 11:28:59,1684855739,28.0,12.8,100300,2.00,3.00,4.00,4.00,0.0181,0
2023-05-23 11:34:41,1684856082,27.8,13.9,100300,1.00,1.00,1.00,2.00,0.0167,0
2023-05-23 11:39:50,1684856390,28.0,13.8,100300,2.00,3.00,4.00,5.00,0.0116,0
2023-05-23 11:44:58,1684856699,28.2,13.6,100220,3.00,4.00,5.00,6.00,0.0145,0
2023-05-23 11:45:39,1684856740,28.3,13.4,100200,1.00,2.00,2.00,2.00,0.0139,0
2023-05-23 11:54:58,1684857298,28.4,12.9,100200,4.00,5.00,5.00,5.00,0.0139,0
2023-05-23 11:59:46,1684857586,28.4,12.6,100200,3.00,3.00,5.00,6.00,0.0152,0
2023-05-23 12:04:13,1684857853,28.3,12.7,100200,3.00,6.00,9.00,10.0,0.0130,0
2023-05-23 12:09:58,1684858198,28.2,12.7,100200,1.00,2.00,3.00,3.00,0.0114,0
2023-05-23 12:14:45,1684858486,28.3,13.0,100200,2.00,3.00,4.00,4.00,0.0155,0
2023-05-23 12:18:52,1684858732,28.5,13.0,100200,3.00,6.00,9.00,10.0,0.0164,0
2023-05-23 12:29:41,1684859381,28.6,12.6,100200,2.00,4.00,6.00,7.00,0.0194,0
2023-05-23 12:34:49,1684859690,28.5,12.8,100160,3.00,7.00,11.0,13.0,0.0194,0
2023-05-23 12:36:11,1684859772,28.6,13.0,100125,1.00,4.00,6.00,7.00,0.0117,0
2023-05-23 12:44:40,1684860281,28.7,12.5,100100,1.00,2.00,3.00,3.00,0.0195,0
2023-05-23 12:49:49,1684860589,28.6,12.8,100100,3.00,5.00,7.00,8.00,0.0195,0
2023-05-23 12:53:35,1684860815,28.6,13.1,100100,3.00,7.00,11.0,12.0,0.0184,0
2023-05-23 13:04:45,1684861486,28.8,12.2,100100,2.00,4.00,6.00,7.00,0.0167,0
2023-05-23 13:09:53,1684861794,28.9,12.4,100100,2.00,5.00,8.00,9.00,0.0174,0
2023-05-23 13:11:16,1684861876,28.9,11.9,100100,2.00,2.00,2.00,2.00,0.0168,0
2023-05-23 13:19:39,1684862380,28.7,11.7,100100,2.00,4.00,6.00,7.00,0.0196,0
2023-05-23 13:24:48,1684862688,28.6,11.8,100100,3.00,9.00,13.0,16.0,0.0349,0
2023-05-23 13:29:15,1684862955,28.6,12.0,100100,2.00,4.00,6.00,8.00,0.0349,0
2023-05-23 13:39:51,1684863591,28.7,11.7,100100,1.00,2.00,3.00,3.00,0.0291,0
2023-05-23 13:44:59,1684863899,28.6,12.3,100100,2.00,2.00,3.00,3.00,0.0243,0
2023-05-23 13:48:24,1684864105,28.7,12.4,100090,2.00,2.00,2.00,2.00,0.0111,0
2023-05-23 13:54:40,1684864480,28.8,12.4,100000,2.00,5.00,7.00,8.00,0.00995,0
2023-05-23 13:59:48,1684864789,28.9,12.0,100000,2.00,3.00,4.00,5.00,0.0149,0
2023-05-23 14:03:14,1684864994,28.9,12.2,100000,2.00,3.00,5.00,6.00,0.0149,0
2023-05-23 14:14:52,1684865692,28.9,11.7,100000,2.00,2.00,3.00,3.00,0.0105,0
2023-05-23 14:19:40,1684865980,28.9,11.9,100000,2.00,2.00,2.00,3.00,0.0138,0
2023-05-23 14:22:03,1684866124,29.0,12.2,100000,2.00,6.00,9.00,10.0,0.0147,0
2023-05-23 14:29:49,1684866590,29.4,11.5,100000,2.00,3.00,4.00,5.00,0.0213,0
2023-05-23 14:34:57,1684866898,29.5,11.9,100000,1.00,3.00,5.00,6.00,0.0332,0
2023-05-23 14:38:23,1684867103,29.7,11.5,100000,1.00,3.00,4.00,5.00,0.0275,0
2023-05-23 14:49:58,1684867799,29.5,11.3,100000,3.00,4.00,6.00,6.00,0.0275,0
2023-05-23 14:54:46,1684868087,29.3,11.7,100000,3.00,4.00,5.00,6.00,0.0148,0
2023-05-23 14:57:10,1684868230,29.3,12.1,100000,2.00,3.00,4.00,5.00,0.0117,0
2023-05-23 15:04:58,1684868699,29.3,12.2,99900,2.00,3.00,5.00,6.00,0.0124,0
2023-05-23 15:09:46,1684868987,29.3,11.7,99900,2.00,6.00,10.0,12.0,0.0124,0
2023-05-23 15:14:33,1684869274,29.2,11.7,99900,2.00,4.00,6.00,7.00,0.0121,0
2023-05-23 15:24:47,1684869888,29.3,11.5,99900,1.00,3.00,4.00,5.00,0.0128,0
2023-05-23 15:29:56,1684870196,29.2,11.5,99900,1.00,1.00,1.00,2.00,0.0174,1.21
2023-05-23 15:31:58,1684870319,29.3,11.6,99900,2.00,3.00,5.00,5.00,0.0195,1.39
2023-05-23 15:39:45,1684870785,29.3,11.1,99900,1.00,2.00,3.00,4.00,0.0197,1.20
2023-05-23 15:44:53,1684871094,29.2,10.8,99900,2.00,7.00,10.0,12.0,0.0258,0
2023-05-23 15:49:20,1684871361,29.1,10.9,99900,3.00,6.00,9.00,11.0,0.0228,0
2023-05-23 15:59:58,1684871998,28.8,10.3,99800,1.00,2.00,3.00,3.00,0.0112,0
2023-05-23 16:04:46,1684872286,28.7,10.5,99800,2.00,4.00,5.00,6.00,0.0176,0
2023-05-23 16:05:27,1684872327,28.6,10.8,99800,1e-7,2.00,3.00,3.00,0.0168,0
2023-05-23 16:14:54,1684872895,28.5,10.6,99800,1.00,2.00,3.00,3.00,0.0168,0
2023-05-23 16:19:42,1684873183,28.5,9.98,99800,2.00,2.00,3.00,4.00,0.0109,0
2023-05-23 16:24:30,1684873470,28.3,10.5,99800,2.00,6.00,9.00,10.0,0.0163,0
2023-05-23 16:34:47,1684874087,28.3,11.1,99800,3.00,9.00,13.0,15.0,0.0322,0
2023-05-23 16:39:56,1684874396,28.2,11.1,99800,2.00,3.00,5.00,6.00,0.0277,0
2023-05-23 16:41:38,1684874499,28.2,11.2,99800,1.00,2.00,3.00,3.00,0.0277,0
2023-05-23 16:49:58,1684874998,28.0,11.3,99800,1.00,1.00,2.00,2.00,0.0259,0
2023-05-23 16:54:46,1684875287,28.0,11.3,99707,2.00,4.00,6.00,6.00,0.0203,0
2023-05-23 16:59:55,1684875595,28.0,11.1,99700,1.00,2.00,3.00,4.00,0.0113,0
2023-05-23 17:04:43,1684875884,27.9,11.2,99700,2.00,3.00,3.00,4.00,0.0107,0
2023-05-23 17:09:53,1684876193,27.8,11.0,99700,1.00,3.00,5.00,5.00,0.0121,0
2023-05-23 17:14:41,1684876482,27.5,11.0,99700,2.00,4.00,5.00,6.00,0.0121,0
2023-05-23 17:19:51,1684876791,27.3,11.6,99700,2.00,4.00,6.00,7.00,0.0137,0
2023-05-23 17:24:39,1684877080,27.2,12.0,99700,3.00,6.00,10.0,12.0,0.0208,0
2023-05-23 17:29:49,1684877389,27.2,11.5,99700,2.00,4.00,6.00,8.00,0.0148,0
2023-05-23 17:34:58,1684877698,27.1,11.5,99700,2.00,5.00,8.00,9.00,0.0146,0
2023-05-23 17:39:47,1684877987,26.8,11.7,99700,2.00,5.00,8.00,9.00,0.0146,0
2023-05-23 17:44:56,1684878296,26.5,11.9,99700,2.00,4.00,7.00,8.00,0.0170,0
2023-05-23 17:49:45,1684878585,26.4,12.4,99700,2.00,4.00,6.00,8.00,0.0227,0
2023-05-23 17:54:54,1684878895,26.4,12.7,99700,2.00,3.00,4.00,5.00,0.0144,0
2023-05-23 17:59:43,1684879184,26.4,12.8,99700,2.00,5.00,7.00,9.00,0.0122,0
2023-05-23 18:04:53,1684879493,26.3,12.4,99700,2.00,5.00,8.00,9.00,0.0268,0
2023-05-23 18:09:42,1684879782,26.2,12.8,99700,2.00,6.00,9.00,10.0,0.0258,0
2023-05-23 18:14:51,1684880092,26.0,13.0,99627,2.00,4.00,6.00,8.00,0.0152,0
2023-05-23 18:19:41,1684880381,25.9,13.1,99600,1.00,4.00,6.00,8.00,0.0173,0
2023-05-23 18:24:50,1684880691,25.7,13.3,99600,2.00,4.00,6.00,7.00,0.0120,0
2023-05-23 18:29:40,1684880980,25.5,13.5,99600,2.00,4.00,6.00,7.00,0.0128,0
2023-05-23 18:34:49,1684881290,25.3,14.1,99600,2.00,4.00,7.00,8.00,0.0206,0.655
2023-05-23 18:39:59,1684881600,25.1,14.4,99600,2.00,6.00,9.00,10.0,0.0180,0.562
2023-05-23 18:44:48,1684881889,25.0,14.5,99600,2.00,3.00,3.00,4.00,0.0201,0
2023-05-23 18:49:58,1684882199,24.8,14.7,99600,2.00,5.00,8.00,10.0,0.0158,0
2023-05-23 18:54:48,1684882488,24.7,14.9,99600,2.00,5.00,9.00,10.0,0.0141,0
2023-05-23 18:59:58,1684882798,24.5,15.0,99600,2.00,4.00,6.00,7.00,0.0182,0
2023-05-23 19:04:47,1684883088,24.3,16.0,99600,2.00,4.00,7.00,8.00,0.0166,0
2023-05-23 19:09:57,1684883398,24.1,16.0,99600,3.00,3.00,4.00,5.00,0.0166,0
2023-05-23 19:14:47,1684883688,23.9,16.0,99600,2.00,3.00,4.00,5.00,0.0173,0
2023-05-23 19:19:57,1684883998,23.6,16.8,99600,2.00,7.00,11.0,13.0,0.0314,0
2023-05-23 19:24:47,1684884287,23.3,17.4,99600,9.00,24.0,37.0,43.0,0.550,0
2023-05-23 19:29:57,1684884597,23.0,19.2,99580,2.00,5.00,7.00,8.00,0.608,0
2023-05-23 19:34:47,1684884887,22.6,20.2,99600,2.00,5.00,8.00,10.0,0.535,0
2023-05-23 19:39:58,1684885198,22.2,21.3,99587,3.00,7.00,11.0,13.0,0.309,0
2023-05-23 19:44:47,1684885488,21.8,22.1,99593,2.00,2.00,3.00,4.00,0.0168,0
2023-05-23 19:49:58,1684885799,21.4,22.6,99600,2.00,4.00,6.00,7.00,0.0191,0
2023-05-23 19:54:49,1684886089,21.0,23.4,99600,2.00,2.00,4.00,4.00,0.0110,0
2023-05-23 19:59:39,1684886380,20.7,24.5,99600,2.00,4.00,6.00,7.00,0.0107,0
2023-05-23 20:04:50,1684886691,20.3,25.5,99600,4.00,8.00,11.0,13.0,0.0225,0
2023-05-23 20:09:41,1684886981,20.0,25.2,99600,3.00,8.00,13.0,15.0,0.0684,0
2023-05-23 20:14:52,1684887293,19.7,25.7,99600,2.00,7.00,11.0,13.0,0.0684,0
2023-05-23 20:19:43,1684887584,19.4,26.9,99507,2.00,4.00,5.00,6.00,0.0501,0
2023-05-23 20:24:55,1684887895,19.1,27.1,99573,2.00,5.00,7.00,8.00,0.0353,0
2023-05-23 20:29:45,1684888186,18.8,27.3,99579,1.00,4.00,6.00,7.00,0.0307,0
2023-05-23 20:34:57,1684888498,18.5,28.3,99500,1.00,4.00,6.00,7.00,0.0159,0
2023-05-23 20:39:48,1684888788,18.2,29.2,99500,2.00,6.00,8.00,10.0,0.0104,0
2023-05-23 20:44:59,1684889100,18.0,30.0,99500,2.00,5.00,8.00,9.00,0.0130,0
2023-05-23 20:49:50,1684889391,17.7,29.9,99500,3.00,5.00,6.00,7.00,0.0149,0
2023-05-23 20:54:41,1684889682,17.5,30.1,99500,2.00,6.00,10.0,11.0,0.0149,0
2023-05-23 20:59:53,1684889994,17.3,31.2,99500,2.00,4.00,6.00,7.00,0.0136,0
2023-05-23 21:04:45,1684890285,17.1,31.7,99500,2.00,4.00,6.00,7.00,0.0208,0
2023-05-23 21:09:57,1684890597,16.9,32.1,99500,2.00,4.00,6.00,7.00,0.0190,0
2023-05-23 21:14:48,1684890889,16.7,32.8,99500,2.00,4.00,6.00,7.00,0.0109,0
2023-05-23 21:19:40,1684891181,16.5,32.1,99500,2.00,5.00,8.00,9.00,0.0164,0
2023-05-23 21:24:53,1684891493,16.4,31.4,99500,2.00,5.00,8.00,9.00,0.0135,0
2023-05-23 21:29:44,1684891785,16.2,33.1,99500,2.00,3.00,5.00,6.00,0.0127,0
2023-05-23 21:34:57,1684892097,16.1,32.8,99500,3.00,3.00,4.00,4.00,0.0123,0
2023-05-23 21:39:49,1684892390,15.9,33.1,99500,2.00,6.00,10.0,12.0,0.0122,0
2023-05-23 21:44:41,1684892682,15.8,33.7,99500,2.00,4.00,6.00,7.00,0.0202,0
2023-05-23 21:49:54,1684892994,15.7,33.5,99500,2.00,6.00,9.00,11.0,0.0228,0
2023-05-23 21:54:45,1684893286,15.5,33.5,99500,2.00,6.00,9.00,11.0,0.0159,0
2023-05-23 21:59:57,1684893598,15.4,33.9,99500,1.00,4.00,6.00,7.00,0.0301,0
2023-05-23 22:04:49,1684893889,15.2,34.0,99500,3.00,7.00,10.0,12.0,0.0257,0
2023-05-23 22:09:41,1684894181,15.1,33.9,99500,2.00,3.00,6.00,7.00,0.0212,0
2023-05-23 22:14:53,1684894494,15.0,34.4,99500,3.00,4.00,6.00,7.00,0.0227,0
2023-05-23 22:19:46,1684894787,14.8,34.9,99500,2.00,6.00,10.0,11.0,0.0333,0
2023-05-23 22:24:58,1684895099,14.6,34.6,99500,3.00,7.00,10.0,11.0,0.0196,0
2023-05-23 22:29:50,1684895391,14.5,35.2,99500,5.00,12.0,17.0,19.0,0.0197,0
2023-05-23 22:34:42,1684895683,14.4,35.7,99500,3.00,4.00,6.00,7.00,0.0197,0
2023-05-23 22:39:56,1684895997,14.2,36.1,99487,2.00,5.00,7.00,8.00,0.0282,0
2023-05-23 22:44:48,1684896288,14.1,36.1,99493,2.00,5.00,7.00,8.00,0.0333,0
2023-05-23 22:49:40,1684896580,13.9,36.0,99400,3.00,6.00,10.0,12.0,0.0186,0
2023-05-23 22:54:53,1684896894,13.8,36.1,99400,3.00,6.00,8.00,9.00,0.0258,0
2023-05-23 22:59:45,1684897186,13.8,36.4,99400,2.00,6.00,9.00,11.0,0.0210,0
2023-05-23 23:04:58,1684897499,13.7,36.6,99400,3.00,7.00,11.0,13.0,0.0225,0
2023-05-23 23:09:50,1684897791,13.6,36.7,99400,2.00,4.00,6.00,7.00,0.0352,0
2023-05-23 23:14:42,1684898083,13.5,36.7,99400,3.00,8.00,12.0,14.0,0.0331,0
2023-05-23 23:19:56,1684898396,13.4,37.2,99400,2.00,3.00,4.00,5.00,0.0263,0
2023-05-23 23:24:49,1684898689,13.3,37.7,99400,4.00,7.00,9.00,10.0,0.0269,0
2023-05-23 23:29:41,1684898981,13.2,37.4,99400,2.00,3.00,5.00,5.00,0.0193,0
2023-05-23 23:34:54,1684899295,13.1,37.7,99400,2.00,4.00,7.00,9.00,0.0193,0
2023-05-23 23:39:47,1684899587,13.1,37.8,99400,3.00,9.00,13.0,15.0,0.0147,0
2023-05-23 23:44:39,1684899880,13.0,38.4,99400,2.00,2.00,3.00,4.00,0.0414,0
2023-05-23 23:49:53,1684900194,12.9,38.3,99400,3.00,6.00,8.00,9.00,0.0414,0
2023-05-23 23:54:46,1684900487,12.8,38.8,99400,2.00,4.00,6.00,7.00,0.0199,0
2023-05-23 23:59:40,1684900780,12.8,39.1,99400,3.00,7.00,10.0,12.0,0.0127,0
2023-05-24 00:04:53,1684901094,12.7,39.6,99400,1.00,4.00,7.00,8.00,0.0192,0
2023-05-24 00:09:46,1684901386,12.6,40.2,99400,2.00,4.00,6.00,7.00,0.0344,0
2023-05-24 00:14:39,1684901679,12.5,40.4,99393,2.00,2.00,3.00,4.00,0.0203,0
2023-05-24 00:19:52,1684901992,12.5,40.5,99340,3.00,6.00,8.00,9.00,0.0126,0
2023-05-24 00:24:44,1684902285,12.4,40.2,99300,2.00,4.00,5.00,5.00,0.0151,0
2023-05-24 00:29:58,1684902598,12.3,39.6,99300,3.00,6.00,8.00,9.00,0.0142,0
2023-05-24 00:34:50,1684902890,12.3,40.1,99300,3.00,6.00,10.0,12.0,0.0215,0
2023-05-24 00:39:42,1684903182,12.1,40.3,99300,2.00,6.00,10.0,12.0,0.0145,0
2023-05-24 00:44:55,1684903496,12.0,40.2,99300,3.00,4.00,6.00,7.00,0.0276,0
2023-05-24 00:49:48,1684903789,11.9,40.4,99300,4.00,7.00,9.00,10.0,0.0151,0
2023-05-24 00:54:41,1684904081,11.7,40.6,99300,1.00,4.00,6.00,7.00,0.0183,0
2023-05-24 00:59:54,1684904395,11.7,41.0,99300,3.00,6.00,8.00,9.00,0.0183,0
2023-05-24 01:04:47,1684904688,11.6,40.9,99300,3.00,3.00,5.00,6.00,0.0205,0
2023-05-24 01:09:39,1684904980,11.5,41.0,99300,2.00,6.00,9.00,11.0,0.0142,0
2023-05-24 01:14:53,1684905294,11.4,41.3,99300,3.00,5.00,7.00,9.00,0.0129,0
2023-05-24 01:19:47,1684905587,11.4,41.7,99300,2.00,4.00,7.00,8.00,0.0229,0
2023-05-24 01:24:40,1684905880,11.3,41.9,99300,3.00,9.00,13.0,16.0,0.0813,0
2023-05-24 01:29:55,1684906195,11.2,42.1,99300,1.00,3.00,5.00,6.00,0.0891,0
2023-05-24 01:34:48,1684906489,11.1,42.4,99300,2.00,3.00,5.00,5.00,0.0715,0
2023-05-24 01:39:42,1684906782,11.1,42.5,99271,4.00,6.00,9.00,10.0,0.0460,0
2023-05-24 01:44:56,1684907097,11.0,42.4,99213,4.00,9.00,12.0,14.0,0.101,0
2023-05-24 01:49:50,1684907390,10.9,42.5,99200,2.00,4.00,7.00,8.00,0.0832,0
2023-05-24 01:54:43,1684907684,10.8,42.6,99200,3.00,6.00,8.00,10.0,0.0745,0
2023-05-24 01:59:58,1684907998,10.7,42.7,99200,2.00,3.00,5.00,6.00,0.0160,0
2023-05-24 02:04:51,1684908291,10.7,43.3,99293,2.00,7.00,11.0,13.0,0.0200,0
2023-05-24 02:09:44,1684908584,10.7,43.4,99300,4.00,9.00,13.0,15.0,0.0450,0
2023-05-24 02:14:58,1684908898,10.9,43.0,99300,3.00,5.00,7.00,8.00,0.0491,0
2023-05-24 02:19:51,1684909191,11.1,42.5,99300,2.00,3.00,4.00,5.00,0.0417,0
2023-05-24 02:24:44,1684909484,11.4,41.8,99286,2.00,4.00,6.00,7.00,0.0495,0
2023-05-24 02:29:58,1684909798,11.7,41.4,99253,3.00,7.00,12.0,14.0,0.0328,0
2023-05-24 02:34:51,1684910091,11.9,41.0,99300,2.00,5.00,7.00,8.00,0.0399,0
2023-05-24 02:39:44,1684910384,12.1,40.9,99300,2.00,4.00,7.00,8.00,0.0320,0
2023-05-24 02:44:57,1684910698,12.2,41.1,99213,3.00,9.00,14.0,17.0,0.0354,0
2023-05-24 02:49:50,1684910991,12.4,41.0,99250,4.00,8.00,11.0,13.0,0.0379,0
2023-05-24 02:54:43,1684911283,12.5,41.3,99200,2.00,4.00,6.00,7.00,0.0319,0
2023-05-24 02:59:57,1684911597,12.6,41.1,99200,5.00,9.00,13.0,15.0,0.0283,0
2023-05-24 03:04:49,1684911890,12.6,40.6,99200,2.00,4.00,7.00,9.00,0.0410,0
2023-05-24 03:09:42,1684912182,12.6,40.3,99200,2.00,5.00,7.00,8.00,0.0695,0
2023-05-24 03:14:55,1684912495,12.7,40.1,99200,2.00,5.00,8.00,9.00,0.0390,0
2023-05-24 03:19:47,1684912787,12.7,39.8,99200,2.00,3.00,5.00,6.00,0.0370,0
2023-05-24 03:24:39,1684913080,12.6,39.9,99200,2.00,4.00,5.00,6.00,0.0212,0
2023-05-24 03:29:53,1684913394,12.5,40.6,99200,3.00,5.00,6.00,7.00,0.0239,0
2023-05-24 03:34:46,1684913687,12.5,40.8,99200,2.00,3.00,5.00,6.00,0.0116,0
2023-05-24 03:39:39,1684913980,12.5,40.8,99200,4.00,5.00,5.00,5.00,0.0120,0
2023-05-24 03:44:52,1684914293,12.4,41.0,99200,3.00,5.00,7.00,8.00,0.0144,0
2023-05-24 03:49:45,1684914585,12.2,41.3,99200,4.00,8.00,12.0,14.0,0.0260,0
2023-05-24 03:54:58,1684914899,12.0,41.0,99200,5.00,9.00,11.0,13.0,0.0245,0
2023-05-24 03:59:50,1684915191,11.9,40.6,99200,3.00,3.00,4.00,5.00,0.0204,0
2023-05-24 04:04:43,1684915484,11.9,40.8,99200,4.00,6.00,8.00,9.00,0.0674,0
2023-05-24 04:09:56,1684915797,11.8,41.7,99200,3.00,5.00,7.00,8.00,0.0267,0
2023-05-24 04:14:50,1684916090,11.7,41.8,99200,4.00,6.00,8.00,9.00,0.0157,0
2023-05-24 04:19:42,1684916382,11.6,42.1,99200,3.00,6.00,8.00,10.0,0.0134,0
2023-05-24 04:24:55,1684916696,11.6,42.7,99200,2.00,3.00,5.00,6.00,0.0101,0
2023-05-24 04:29:48,1684916988,11.7,43.0,99200,3.00,8.00,13.0,15.0,0.0161,0
2023-05-24 04:34:40,1684917281,11.8,43.2,99200,2.00,4.00,5.00,6.00,0.0287,0
2023-05-24 04:39:54,1684917594,11.9,42.9,99200,3.00,6.00,9.00,11.0,0.0279,0
2023-05-24 04:44:46,1684917887,12.0,42.4,99200,2.00,5.00,8.00,10.0,0.0256,0
2023-05-24 04:49:40,1684918180,12.0,42.8,99200,4.00,5.00,6.00,6.00,0.0114,0
2023-05-24 04:54:53,1684918494,12.0,42.6,99200,2.00,7.00,11.0,12.0,0.0269,0
2023-05-24 04:59:46,1684918786,12.0,42.3,99200,2.00,6.00,9.00,10.0,0.0344,0
2023-05-24 05:04:59,1684919099,12.0,42.2,99200,3.00,6.00,8.00,10.0,0.0452,0
2023-05-24 05:09:52,1684919393,12.1,42.0,99200,3.00,7.00,10.0,11.0,0.0452,0
2023-05-24 05:14:45,1684919686,12.1,41.7,99200,4.00,8.00,12.0,14.0,0.0195,0
2023-05-24 05:19:58,1684919998,12.2,41.6,99200,3.00,5.00,6.00,7.00,0.0160,0
2023-05-24 05:24:50,1684920291,12.3,41.0,99200,2.00,6.00,8.00,10.0,0.0394,0
2023-05-24 05:29:42,1684920582,12.3,40.8,99200,2.00,4.00,7.00,9.00,0.0287,0
2023-05-24 05:34:55,1684920895,12.4,40.8,99200,3.00,4.00,5.00,6.00,0.0170,0
2023-05-24 05:39:47,1684921187,12.4,41.9,99200,2.00,5.00,7.00,8.00,0.0123,0
2023-05-24 05:44:39,1684921479,12.5,42.2,99200,3.00,5.00,8.00,9.00,0.0196,0
2023-05-24 05:49:52,1684921793,12.6,41.5,99200,2.00,4.00,6.00,7.00,0.0193,0
2023-05-24 05:52:40,1684921960,12.6,41.4,99200,3.00,5.00,7.00,8.00,0.0192,0
2023-05-24 06:09:58,1684922999,13.2,41.9,99200,5.00,5.00,5.00,5.00,,
2023-05-24 06:14:50,1684923290,13.2,41.8,99200,2.00,4.00,6.00,7.00,,
2023-05-24 06:19:42,1684923583,13.3,41.9,99200,3.00,4.00,6.00,7.00,,
2023-05-24 06:20:24,1684923624,13.4,42.1,99200,2.00,3.00,4.00,4.00,,
2023-05-24 06:39:46,1684924786,13.6,42.7,99200,4.00,7.00,10.0,11.0,0.0333,0
2023-05-24 06:44:59,1684925099,13.7,43.0,99207,2.00,4.00,5.00,6.00,0.0403,0
2023-05-24 06:49:09,1684925350,13.7,42.7,99300,3.00,5.00,7.00,7.00,0.0444,0
2023-05-24 07:13:57,1684926838,13.7,44.3,99300,4.00,6.00,9.00,10.0,,
2023-05-24 09:44:55,1684935896,16.7,46.2,99400,3.00,5.00,7.00,8.00,,
2023-05-24 09:45:16,1684935916,16.8,46.4,99400,2.00,2.00,2.00,2.00,,
2023-05-24 09:54:47,1684936488,17.1,45.5,99400,1.00,1.00,2.00,2.00,,
2023-05-24 09:58:56,1684936737,17.2,44.0,99400,2.00,4.00,6.00,6.00,,
2023-05-24 12:53:46,1684947226,21.3,29.8,99500,1.00,3.00,4.00,5.00,,
2023-05-24 13:04:41,1684947881,21.4,28.3,99500,1.00,4.00,7.00,8.00,0.0302,0
2023-05-24 13:09:53,1684948194,21.2,28.6,99500,3.00,6.00,9.00,11.0,,
2023-05-24 13:49:58,1684950599,21.2,27.3,99500,12.0,33.0,51.0,60.0,,
2023-05-24 13:54:48,1684950888,21.5,26.9,99500,9.00,27.0,41.0,49.0,,
2023-05-24 14:09:51,1684951791,22.0,25.1,99500,2.00,4.00,5.00,6.00,,
2023-05-24 14:12:16,1684951936,22.3,25.4,99500,1e-7,2.00,4.00,4.00,,
2023-05-24 14:24:40,1684952681,22.7,23.4,99500,2.00,8.00,12.0,14.0,0.343,0
2023-05-24 14:29:50,1684952991,22.5,22.8,99500,1.00,4.00,6.00,7.00,0.0632,0
2023-05-24 14:39:50,1684953591,22.3,22.9,99500,1e-7,2.00,4.00,4.00,0.0279,0
2023-05-24 14:44:40,1684953880,22.2,22.6,99500,2.00,6.00,9.00,11.0,0.0220,0
2023-05-24 14:47:25,1684954046,21.9,23.1,99500,2.00,5.00,8.00,10.0,0.0212,0
2023-05-24 14:59:47,1684954788,21.1,23.5,99500,1.00,2.00,4.00,5.00,0.0212,0
2023-05-24 15:04:58,1684955098,21.0,23.5,99500,1.00,3.00,4.00,5.00,0.0261,0
2023-05-24 15:06:20,1684955180,21.1,23.2,99500,1e-7,1.00,2.00,2.00,0.00977,0
2023-05-24 15:14:55,1684955695,21.0,23.5,99500,2.00,4.00,6.00,7.00,0.0102,0
2023-05-24 15:19:44,1684955985,20.9,23.2,99500,1.00,4.00,6.00,7.00,0.0102,0
2023-05-24 15:22:31,1684956151,20.8,23.0,99500,1.00,2.00,3.00,3.00,0.0110,0
2023-05-24 15:34:54,1684956895,20.5,23.6,99500,16.0,47.0,73.0,86.0,0.0653,0
2023-05-24 15:39:44,1684957185,20.3,23.8,99500,2.00,5.00,7.00,8.00,0.0744,0
2023-05-24 15:40:05,1684957205,20.1,23.8,99500,1e-7,1.00,1.00,1.00,0.0825,0
2023-05-24 15:49:43,1684957784,19.6,24.3,99567,2.00,2.00,3.00,4.00,0.0825,0
2023-05-24 15:54:54,1684958095,19.6,24.3,99600,2.00,5.00,8.00,9.00,0.0803,0
2023-05-24 15:59:03,1684958343,19.6,24.6,99600,1e-7,2.00,4.00,4.00,0.0803,0
2023-05-24 16:09:46,1684958987,19.8,24.3,99600,2.00,4.00,6.00,7.00,0.0145,0
2023-05-24 16:14:57,1684959298,19.7,24.0,99600,2.00,5.00,8.00,10.0,0.0200,0
2023-05-24 16:15:18,1684959319,19.5,24.2,99600,1e-7,1e-7,1e-7,1e-7,0.0200,0
2023-05-24 16:24:49,1684959889,19.3,24.6,99600,1.00,5.00,8.00,9.00,0.0200,0
2023-05-24 16:29:39,1684960180,19.4,24.4,99600,1.00,2.00,3.00,3.00,0.0209,0
2023-05-24 16:33:07,1684960387,19.4,24.0,99600,1.00,2.00,4.00,4.00,0.0241,0
2023-05-24 16:44:50,1684961090,19.0,24.2,99600,1.00,2.00,4.00,5.00,0.0139,0
2023-05-24 16:49:41,1684961381,18.9,24.3,99600,1.00,2.00,4.00,4.00,0.0139,0
2023-05-24 16:50:43,1684961443,18.8,24.9,99600,1e-7,2.00,4.00,5.00,0.0100,0
2023-05-24 16:59:59,1684962000,18.6,24.6,99600,1.00,2.00,3.00,3.00,0.0103,0
2023-05-24 17:04:50,1684962291,18.5,24.6,99600,1.00,2.00,4.00,4.00,0.00995,0
2023-05-24 17:09:40,1684962581,18.4,24.8,99600,2.00,5.00,8.00,10.0,0.0105,0
2023-05-24 17:14:42,1684962883,18.3,25.3,99600,1e-7,1e-7,1.00,1.00,0.0110,0
2023-05-24 17:19:54,1684963194,18.3,25.3,99600,1.00,2.00,3.00,3.00,0.0258,0
2023-05-24 17:24:45,1684963485,18.2,25.1,99600,3.00,5.00,8.00,9.00,0.0313,0
2023-05-24 17:27:30,1684963650,18.1,25.1,99688,1e-7,2.00,4.00,4.00,0.00507,0
2023-05-24 17:34:46,1684964086,17.9,25.3,99700,1.00,4.00,6.00,6.00,0.00977,0
2023-05-24 17:39:57,1684964398,17.8,25.8,99700,1.00,2.00,4.00,4.00,0.0201,0
2023-05-24 17:44:48,1684964689,17.8,25.5,99700,1.00,2.00,4.00,5.00,0.00985,0
2023-05-24 17:49:39,1684964980,17.7,25.5,99700,1.00,2.00,4.00,4.00,0.0104,0
2023-05-24 17:54:51,1684965291,17.6,25.7,99700,1.00,2.00,4.00,4.00,0.0104,0
2023-05-24 17:59:42,1684965582,17.6,25.9,99700,1.00,2.00,3.00,4.00,0.0101,0
2023-05-24 18:04:54,1684965894,17.6,25.7,99700,1.00,2.00,4.00,5.00,0.0103,0
2023-05-24 18:09:45,1684966186,17.6,25.6,99700,1.00,5.00,8.00,9.00,0.0118,0
2023-05-24 18:14:57,1684966498,17.5,25.7,99700,2.00,4.00,6.00,7.00,0.0173,0
2023-05-24 18:19:49,1684966790,17.5,25.6,99700,1.00,2.00,4.00,5.00,0.0225,0
2023-05-24 18:24:41,1684967081,17.3,25.5,99700,1.00,2.00,4.00,5.00,0.0225,0
2023-05-24 18:29:52,1684967393,17.2,25.8,99700,1.00,2.00,4.00,5.00,0.0105,0
2023-05-24 18:34:44,1684967684,17.1,25.7,99700,1.00,2.00,4.00,4.00,0.0101,0
2023-05-24 18:39:55,1684967996,17.2,25.7,99700,1e-7,2.00,4.00,5.00,0.0102,0
2023-05-24 18:44:47,1684968287,17.4,25.8,99700,1.00,4.00,7.00,8.00,0.0138,0
2023-05-24 18:49:59,1684968600,17.6,25.6,99700,1.00,2.00,4.00,4.00,0.0147,0
2023-05-24 18:54:51,1684968891,17.8,25.9,99700,1.00,2.00,4.00,4.00,0.0147,0
2023-05-24 18:59:42,1684969182,17.8,25.6,99700,1.00,2.00,4.00,5.00,0.0130,0
2023-05-24 19:04:53,1684969494,17.8,25.5,99700,1.00,2.00,4.00,5.00,0.0113,0
2023-05-24 19:09:44,1684969785,17.9,25.8,99700,1.00,2.00,4.00,5.00,0.0113,0
2023-05-24 19:14:56,1684970097,18.0,25.4,99700,1.00,2.00,4.00,4.00,0.0113,0
2023-05-24 19:19:47,1684970388,18.0,25.1,99700,2.00,4.00,7.00,8.00,0.00995,0
2023-05-24 19:24:59,1684970699,17.9,25.2,99700,1.00,2.00,4.00,4.00,0.0147,0
2023-05-24 19:29:50,1684970990,17.7,25.2,99700,1e-7,2.00,4.00,5.00,0.0147,0
2023-05-24 19:34:41,1684971282,17.5,25.3,99700,1.00,2.00,4.00,5.00,0.0115,0
2023-05-24 19:39:53,1684971593,17.3,25.7,99700,1.00,3.00,4.00,4.00,0.0101,0
2023-05-24 19:44:44,1684971884,17.1,26.0,99700,1.00,4.00,7.00,9.00,0.0116,0
2023-05-24 19:49:56,1684972196,16.9,26.2,99700,2.00,4.00,5.00,5.00,0.0153,0
2023-05-24 19:54:47,1684972488,16.6,26.3,99700,2.00,6.00,10.0,11.0,0.0166,0
2023-05-24 19:59:59,1684972800,16.4,26.8,99700,2.00,7.00,11.0,13.0,0.0250,0
2023-05-24 20:04:51,1684973091,16.1,27.1,99700,1.00,2.00,4.00,4.00,0.0342,0
2023-05-24 20:09:42,1684973382,15.9,27.3,99700,1.00,2.00,4.00,5.00,0.0373,0
2023-05-24 20:14:54,1684973695,15.6,27.8,99700,1.00,2.00,4.00,5.00,0.0102,0
2023-05-24 20:19:46,1684973986,15.3,28.2,99700,1.00,3.00,4.00,5.00,0.0102,0
2023-05-24 20:24:58,1684974299,15.0,28.6,99727,3.00,9.00,15.0,17.0,0.0431,0
2023-05-24 20:29:50,1684974590,14.7,29.1,99800,1.00,3.00,6.00,7.00,0.0431,0
2023-05-24 20:34:41,1684974882,14.4,29.6,99800,1.00,2.00,3.00,3.00,0.0321,0
2023-05-24 20:39:54,1684975194,14.1,30.0,99800,1.00,2.00,4.00,4.00,0.0151,0
2023-05-24 20:44:47,1684975487,13.9,30.3,99800,1e-7,2.00,4.00,4.00,0.0136,0
2023-05-24 20:49:59,1684975800,13.6,30.8,99800,1.00,2.00,4.00,5.00,0.0102,0
2023-05-24 20:54:52,1684976092,13.4,31.1,99800,1e-7,2.00,4.00,5.00,0.0102,0
2023-05-24 20:59:44,1684976384,13.2,31.4,99800,1.00,1.00,1.00,2.00,0.0101,0
2023-05-24 21:04:57,1684976697,13.1,31.7,99800,1.00,2.00,3.00,3.00,0.0109,0
2023-05-24 21:09:49,1684976990,12.9,32.1,99800,1e-7,2.00,3.00,3.00,0.0102,0
2023-05-24 21:14:42,1684977282,12.7,32.5,99800,1.00,4.00,6.00,7.00,0.0114,0
2023-05-24 21:19:55,1684977595,12.5,32.9,99800,1.00,2.00,3.00,4.00,0.0149,0
2023-05-24 21:24:47,1684977888,12.3,33.2,99800,1e-7,2.00,3.00,4.00,0.0160,0
2023-05-24 21:29:40,1684978180,12.1,33.7,99800,2.00,6.00,9.00,11.0,0.0160,0
2023-05-24 21:34:53,1684978493,11.9,34.5,99800,12.0,40.0,62.0,73.0,0.322,0
2023-05-24 21:39:45,1684978785,11.7,34.7,99800,3.00,9.00,14.0,16.0,0.358,0
2023-05-24 21:44:59,1684979099,11.5,35.1,99800,1.00,2.00,4.00,4.00,0.330,0
2023-05-24 21:49:51,1684979392,11.3,35.4,99800,1e-7,2.00,4.00,4.00,0.181,0
2023-05-24 21:54:44,1684979684,11.1,35.8,99800,2.00,8.00,12.0,14.0,0.0396,0
2023-05-24 21:59:57,1684979998,11.1,36.3,99800,1.00,1.00,1.00,1.00,0.0264,0
2023-05-24 22:04:49,1684980290,11.2,36.5,99800,1.00,4.00,6.00,7.00,0.0264,0
2023-05-24 22:09:42,1684980582,11.4,36.5,99800,1.00,4.00,7.00,9.00,0.0199,0
2023-05-24 22:14:56,1684980896,11.6,36.6,99800,1.00,4.00,7.00,9.00,0.0123,0
2023-05-24 22:19:49,1684981189,11.8,36.5,99800,3.00,8.00,13.0,15.0,0.0104,0
2023-05-24 22:24:42,1684981483,11.9,36.3,99800,1e-7,2.00,4.00,5.00,0.0104,0
2023-05-24 22:29:56,1684981796,12.0,36.3,99800,1e-7,2.00,4.00,4.00,0.0161,0
2023-05-24 22:34:48,1684982089,12.1,36.3,99800,1e-7,2.00,4.00,5.00,0.0210,0
2023-05-24 22:39:41,1684982381,12.2,36.3,99800,1e-7,2.00,4.00,5.00,0.0102,0
2023-05-24 22:44:54,1684982695,12.3,36.4,99800,1e-7,2.00,4.00,5.00,0.0102,0
2023-05-24 22:49:47,1684982987,12.3,36.3,99800,2.00,6.00,10.0,12.0,0.0105,0
2023-05-24 22:54:39,1684983280,12.4,36.2,99800,1.00,2.00,4.00,4.00,0.0150,0
2023-05-24 22:59:53,1684983594,12.4,36.3,99800,1e-7,2.00,4.00,4.00,0.0219,0
2023-05-24 23:04:45,1684983886,12.4,36.4,99800,1.00,4.00,6.00,7.00,0.0195,0
2023-05-24 23:09:58,1684984199,12.4,36.5,99800,1.00,2.00,3.00,3.00,0.0110,0
2023-05-24 23:14:50,1684984491,12.4,36.5,99800,1e-7,2.00,4.00,5.00,0.0116,0
2023-05-24 23:19:42,1684984783,12.4,36.5,99800,1e-7,1.00,1.00,2.00,0.0101,0
2023-05-24 23:24:55,1684985096,12.4,36.6,99800,1e-7,2.00,3.00,4.00,0.0102,0
2023-05-24 23:29:49,1684985389,12.4,36.6,99800,1e-7,2.00,3.00,3.00,0.0101,0
2023-05-24 23:34:42,1684985683,12.4,36.7,99800,1e-7,2.00,4.00,5.00,0.0101,0
2023-05-24 23:39:56,1684985996,12.4,37.0,99800,1e-7,2.00,4.00,5.00,0.0101,0
2023-05-24 23:44:48,1684986289,12.4,37.1,99800,1e-7,2.00,4.00,4.00,0.0100,0
2023-05-24 23:49:41,1684986581,12.4,37.4,99800,1e-7,1e-7,1e-7,1e-7,0.0102,0
2023-05-24 23:54:54,1684986894,12.4,37.3,99800,1e-7,1.00,1.00,1.00,0.0101,0
2023-05-24 23:59:47,1684987187,12.4,37.5,99800,1e-7,2.00,4.00,5.00,0.00995,0
2023-05-25 00:04:39,1684987480,12.4,37.5,99800,1e-7,1e-7,1e-7,1e-7,0.0101,0
2023-05-25 00:09:52,1684987793,12.4,37.8,99800,1e-7,2.00,4.00,4.00,0.0100,0
2023-05-25 00:14:44,1684988085,12.3,37.7,99800,1.00,2.00,3.00,4.00,0.00995,0
2023-05-25 00:19:57,1684988398,12.3,37.7,99800,1e-7,2.00,4.00,4.00,0.00995,0
2023-05-25 00:24:49,1684988690,12.2,38.0,99800,1.00,4.00,6.00,7.00,0.0135,0
2023-05-25 00:29:42,1684988982,12.1,38.0,99800,1e-7,2.00,4.00,4.00,0.0161,0
2023-05-25 00:34:55,1684989295,12.0,38.2,99800,1e-7,1e-7,1e-7,1e-7,0.0183,0
2023-05-25 00:39:47,1684989587,11.9,38.5,99800,1.00,1.00,1.00,1.00,0.0183,0
2023-05-25 00:44:59,1684989900,11.9,38.5,99800,1.00,2.00,3.00,3.00,0.00995,0
2023-05-25 00:49:52,1684990193,11.8,38.7,99800,1e-7,2.00,4.00,5.00,0.0103,0
2023-05-25 00:54:45,1684990486,11.8,38.8,99800,1e-7,2.00,3.00,3.00,0.0103,0
2023-05-25 00:59:59,1684990799,11.7,38.9,99800,1e-7,1e-7,1e-7,1e-7,0.0106,0
2023-05-25 01:04:52,1684991092,11.7,39.3,99800,1.00,4.00,6.00,6.00,0.0120,0
2023-05-25 01:09:44,1684991384,11.7,39.2,99800,1e-7,1e-7,1e-7,1e-7,0.0138,0
2023-05-25 01:14:57,1684991698,11.6,39.2,99800,1e-7,2.00,4.00,5.00,0.0130,0
2023-05-25 01:19:49,1684991990,11.6,39.5,99800,1e-7,2.00,3.00,3.00,0.0120,0
2023-05-25 01:24:42,1684992283,11.6,39.4,99800,1e-7,2.00,4.00,5.00,0.0101,0
2023-05-25 01:29:56,1684992597,11.6,39.2,99800,1e-7,2.00,4.00,4.00,0.0101,0
2023-05-25 01:34:49,1684992889,11.6,39.5,99800,1.00,4.00,6.00,7.00,0.0101,0
2023-05-25 01:39:41,1684993181,11.6,39.3,99800,1e-7,2.00,4.00,5.00,0.0133,0
2023-05-25 01:44:54,1684993495,11.6,39.3,99800,1e-7,2.00,4.00,4.00,0.0133,0
2023-05-25 01:49:47,1684993788,11.6,39.2,99800,1e-7,2.00,4.00,4.00,0.0101,0
2023-05-25 01:54:41,1684994081,11.6,39.1,99779,1e-7,2.00,4.00,5.00,0.0101,0
2023-05-25 01:59:54,1684994395,11.6,39.2,99713,1e-7,2.00,4.00,5.00,0.0102,0
2023-05-25 02:04:47,1684994687,11.7,39.2,99700,1.00,2.00,4.00,5.00,0.0102,0
2023-05-25 02:09:40,1684994980,11.7,39.1,99757,1.00,2.00,4.00,5.00,0.0102,0
2023-05-25 02:14:53,1684995294,11.7,39.0,99700,3.00,11.0,16.0,19.0,0.0157,0
2023-05-25 02:19:47,1684995587,11.8,38.8,99786,1.00,2.00,3.00,3.00,0.0189,0
2023-05-25 02:24:39,1684995880,11.9,38.8,99800,1.00,4.00,6.00,7.00,0.0167,0
2023-05-25 02:29:52,1684996193,11.9,38.6,99800,1.00,2.00,4.00,5.00,0.0183,0
2023-05-25 02:34:44,1684996485,12.0,38.4,99800,2.00,5.00,7.00,9.00,0.0144,0
2023-05-25 02:39:58,1684996798,12.0,38.2,99800,1.00,4.00,6.00,7.00,0.0148,0
2023-05-25 02:44:51,1684997091,12.0,38.1,99800,1e-7,2.00,4.00,5.00,0.0148,0
2023-05-25 02:49:44,1684997385,12.0,38.2,99800,1.00,5.00,8.00,9.00,0.0186,0
2023-05-25 02:54:58,1684997699,12.1,38.0,99800,2.00,7.00,11.0,13.0,0.0157,0
2023-05-25 02:59:52,1684997992,12.1,38.1,99800,1.00,3.00,5.00,5.00,0.0174,0
2023-05-25 03:04:44,1684998285,12.1,37.8,99800,1.00,2.00,4.00,5.00,0.0194,0
2023-05-25 03:09:58,1684998598,12.1,37.8,99800,1.00,3.00,5.00,6.00,0.0209,0
2023-05-25 03:14:50,1684998891,12.1,37.9,99800,1.00,2.00,4.00,4.00,0.0112,0
2023-05-25 03:19:42,1684999183,12.1,37.7,99800,1.00,3.00,4.00,5.00,0.0125,0
2023-05-25 03:24:56,1684999496,12.1,37.7,99800,2.00,5.00,7.00,8.00,0.0275,0
2023-05-25 03:29:48,1684999789,12.1,37.8,99800,3.00,7.00,10.0,12.0,0.0326,0
2023-05-25 03:34:41,1685000081,12.1,37.6,99800,1.00,2.00,4.00,5.00,0.0291,0
2023-05-25 03:39:54,1685000395,12.1,37.8,99800,1.00,4.00,6.00,7.00,0.0266,0
2023-05-25 03:44:47,1685000687,12.1,37.8,99800,2.00,5.00,7.00,8.00,0.0205,0
2023-05-25 03:49:40,1685000980,12.1,37.5,99800,2.00,8.00,13.0,15.0,0.0260,0
2023-05-25 03:54:53,1685001293,12.2,37.5,99800,2.00,2.00,4.00,5.00,0.00952,0
2023-05-25 03:59:45,1685001585,12.1,37.6,99800,1.00,2.00,4.00,4.00,0.0306,0
2023-05-25 04:04:59,1685001900,12.1,37.4,99800,2.00,5.00,8.00,10.0,0.0215,0
2023-05-25 04:09:51,1685002192,12.1,37.5,99800,1.00,4.00,6.00,7.00,0.0215,0
2023-05-25 04:14:44,1685002484,12.1,37.4,99800,1.00,2.00,3.00,4.00,0.0191,0
2023-05-25 04:19:56,1685002797,12.1,37.5,99800,1.00,2.00,3.00,3.00,0.0146,0
2023-05-25 04:24:49,1685003090,12.0,37.4,99800,1.00,4.00,6.00,7.00,0.0117,0
2023-05-25 04:29:42,1685003383,11.9,37.7,99800,2.00,3.00,6.00,7.00,0.0146,0
2023-05-25 04:34:56,1685003697,11.8,38.2,99800,1.00,2.00,4.00,5.00,0.00994,0
2023-05-25 04:39:49,1685003990,11.6,38.5,99800,2.00,4.00,5.00,6.00,0.00997,0
2023-05-25 04:44:42,1685004282,11.4,38.4,99800,1.00,3.00,5.00,6.00,0.0120,0
2023-05-25 04:49:55,1685004596,11.2,38.5,99800,1.00,4.00,7.00,9.00,0.0105,0
2023-05-25 04:54:48,1685004888,11.0,39.0,99800,2.00,4.00,6.00,7.00,0.0214,0
2023-05-25 04:59:41,1685005181,10.8,39.6,99800,2.00,6.00,9.00,11.0,0.0328,0
2023-05-25 05:04:54,1685005495,10.6,39.9,99800,1.00,2.00,4.00,4.00,0.0328,0
2023-05-25 05:09:47,1685005787,10.4,40.0,99800,2.00,5.00,7.00,8.00,0.0213,0
2023-05-25 05:14:40,1685006081,10.2,40.3,99800,1.00,2.00,3.00,3.00,0.0115,0
2023-05-25 05:19:55,1685006395,10.1,40.6,99800,2.00,5.00,8.00,10.0,0.0262,0
2023-05-25 05:21:40,1685006500,10.1,40.6,99800,1e-7,1.00,1.00,2.00,0.0118,0
2023-05-25 07:04:59,1685012700,22.5,20.8,99900,1.00,2.00,3.00,4.00,,
2023-05-25 07:09:49,1685012989,21.2,22.2,99900,1.00,4.00,6.00,7.00,,
2023-05-25 07:14:39,1685013280,19.1,24.3,99900,1.00,2.00,3.00,4.00,,
2023-05-25 07:19:51,1685013592,17.3,26.5,99900,1.00,5.00,7.00,9.00,0.0106,0
2023-05-25 07:24:42,1685013883,16.2,28.1,99900,1.00,4.00,6.00,7.00,0.0182,0
2023-05-25 07:29:55,1685014195,15.4,29.4,99900,1.00,2.00,4.00,4.00,0.0190,0
2023-05-25 07:31:18,1685014278,15.0,30.1,99900,1.00,4.00,7.00,8.00,0.0117,0
2023-05-25 08:24:52,1685017493,26.5,17.1,99900,3.00,8.00,13.0,15.0,,
2023-05-25 08:29:41,1685017781,26.5,17.0,99900,1.00,2.00,3.00,4.00,,
2023-05-25 08:34:49,1685018090,26.0,17.0,99900,2.00,4.00,6.00,7.00,,
2023-05-25 08:39:58,1685018399,25.4,17.3,99900,2.00,5.00,7.00,8.00,0.0256,0
2023-05-25 08:44:47,1685018687,26.3,16.1,99900,1.00,2.00,4.00,4.00,0.0217,0
2023-05-25 08:49:55,1685018996,27.1,15.8,99900,2.00,5.00,8.00,9.00,0.0272,0
2023-05-25 08:53:21,1685019201,27.4,14.7,99900,1.00,2.00,4.00,4.00,0.0182,0
2023-05-25 09:29:57,1685021397,26.2,15.0,99900,2.00,7.00,11.0,13.0,,
2023-05-25 09:34:45,1685021686,25.9,15.0,99900,4.00,12.0,19.0,23.0,,
2023-05-25 09:39:54,1685021995,25.8,15.1,99900,1.00,4.00,6.00,7.00,0.0222,0
2023-05-25 09:40:35,1685022036,25.8,14.7,99900,1.00,2.00,2.00,2.00,0.0222,0
2023-05-25 09:59:39,1685023180,25.1,16.1,99900,2.00,7.00,11.0,13.0,0.0222,0
2023-05-25 10:04:54,1685023495,25.0,16.3,99900,1.00,2.00,4.00,4.00,0.0103,0
2023-05-25 10:09:43,1685023784,24.8,16.0,99900,3.00,8.00,13.0,15.0,0.00986,0
2023-05-25 10:14:53,1685024093,24.6,16.1,99900,2.00,2.00,4.00,5.00,0.0208,0
2023-05-25 10:15:55,1685024155,24.7,16.0,99900,2.00,3.00,4.00,4.00,0.0208,0
2023-05-25 10:29:46,1685024986,24.8,16.3,99900,1.00,4.00,6.00,7.00,0.0193,0
2023-05-25 10:33:12,1685025193,24.8,16.0,99900,3.00,10.0,16.0,19.0,0.0514,0
2023-05-25 10:44:44,1685025884,24.3,16.0,99900,8.00,22.0,33.0,39.0,0.231,0
2023-05-25 10:49:53,1685026194,24.1,16.0,99860,2.00,7.00,11.0,13.0,0.231,0
2023-05-25 10:52:17,1685026338,24.0,15.7,99857,3.00,7.00,11.0,13.0,0.197,0
2023-05-25 10:59:50,1685026790,23.8,15.6,99800,1.00,2.00,3.00,3.00,0.207,0
2023-05-25 11:04:59,1685027100,23.6,15.8,99800,2.00,5.00,8.00,9.00,0.141,0
2023-05-25 11:08:26,1685027306,23.6,16.1,99800,1.00,2.00,3.00,4.00,0.0163,0
2023-05-25 11:19:44,1685027984,23.8,15.6,99800,1.00,4.00,6.00,7.00,0.0445,0
2023-05-25 11:24:53,1685028294,23.7,15.7,99800,36.0,103,158,185,0.0156,0
2023-05-25 11:27:17,1685028438,23.8,15.7,99800,2.00,8.00,13.0,15.0,0.213,0
2023-05-25 11:34:42,1685028882,23.5,14.9,99800,4.00,12.0,18.0,22.0,0.462,0
2023-05-25 11:39:52,1685029192,23.5,15.1,99800,2.00,4.00,6.00,7.00,0.500,0
2023-05-25 11:43:18,1685029399,23.6,15.0,99800,2.00,7.00,11.0,12.0,0.373,0
2023-05-25 11:54:52,1685030092,23.6,14.9,99800,1.00,3.00,5.00,6.00,0.178,0
2023-05-25 11:59:41,1685030382,23.6,14.8,99800,2.00,3.00,4.00,5.00,0.0341,0
2023-05-25 12:00:43,1685030444,23.6,14.9,99800,2.00,2.00,3.00,3.00,0.0164,0
2023-05-25 12:09:51,1685030991,23.5,15.4,99800,1.00,2.00,2.00,3.00,0.0126,0
2023-05-25 12:14:40,1685031280,23.6,15.1,99800,10.0,21.0,31.0,35.0,0.0126,0
2023-05-25 12:18:27,1685031507,23.7,14.3,99800,6.00,16.0,24.0,28.0,0.338,0
2023-05-25 12:24:49,1685031889,23.8,15.5,99800,1e-7,2.00,3.00,4.00,0.338,0
2023-05-25 12:29:59,1685032199,24.0,15.1,99800,2.00,4.00,6.00,7.00,0.333,0
2023-05-25 12:34:48,1685032488,24.1,15.2,99800,16.0,37.0,54.0,62.0,0.269,0
2023-05-25 12:35:50,1685032550,24.2,15.5,99800,1.00,2.00,3.00,4.00,0.0494,0
2023-05-25 12:44:47,1685033087,24.4,14.4,99800,1.00,2.00,4.00,4.00,0.0939,0
2023-05-25 12:49:57,1685033397,24.4,14.3,99800,4.00,14.0,22.0,26.0,0.166,0
2023-05-25 12:53:23,1685033604,24.5,14.6,99800,2.00,3.00,4.00,4.00,0.170,0
2023-05-25 13:04:42,1685034283,24.9,14.3,99700,2.00,5.00,6.00,7.00,0.170,0
2023-05-25 13:09:52,1685034592,25.1,14.0,99700,2.00,3.00,5.00,5.00,0.0458,0
2023-05-25 13:10:54,1685034654,24.9,14.0,99767,1e-7,2.00,3.00,3.00,0.0120,0
2023-05-25 13:19:39,1685035179,24.7,14.2,99700,3.00,5.00,6.00,7.00,0.0120,0
2023-05-25 13:24:48,1685035489,24.7,13.9,99700,1.00,3.00,4.00,5.00,0.0124,0
2023-05-25 13:29:17,1685035757,24.6,13.3,99723,1.00,3.00,5.00,5.00,0.0120,0
2023-05-25 13:39:53,1685036393,25.0,14.1,99700,3.00,9.00,14.0,17.0,0.0231,0
2023-05-25 13:44:42,1685036682,25.2,13.8,99700,3.00,4.00,4.00,5.00,0.0240,0
2023-05-25 13:46:04,1685036765,25.3,13.7,99700,1.00,4.00,6.00,7.00,0.0152,0
2023-05-25 13:54:55,1685037296,25.3,13.5,99700,4.00,12.0,18.0,21.0,0.0136,0
2023-05-25 13:59:44,1685037585,25.2,13.7,99750,8.00,24.0,38.0,44.0,0.248,0
2023-05-25 14:03:31,1685037812,25.3,13.4,99755,1.00,4.00,6.00,7.00,0.248,0
2023-05-25 14:09:52,1685038192,25.3,13.3,99700,1.00,1.00,2.00,2.00,0.0824,0
2023-05-25 14:14:41,1685038481,25.4,13.7,99700,8.00,23.0,35.0,41.0,0.252,0
2023-05-25 14:19:50,1685038791,25.6,13.7,99700,6.00,16.0,25.0,30.0,0.155,0
2023-05-25 14:20:52,1685038852,25.8,13.6,99700,1.00,1.00,1.00,1.00,0.150,0
2023-05-25 14:29:49,1685039390,26.0,13.0,99700,3.00,8.00,11.0,13.0,0.150,0
2023-05-25 14:34:59,1685039699,26.1,13.1,99727,3.00,7.00,10.0,12.0,0.148,0
2023-05-25 14:38:25,1685039905,26.2,13.0,99700,41.0,112,169,198,0.0726,0
2023-05-25 14:44:49,1685040289,26.0,12.8,99700,1.00,2.00,2.00,3.00,0.0711,0
2023-05-25 14:49:58,1685040599,25.7,13.0,99700,18.0,57.0,90.0,105,0.0667,0
2023-05-25 14:54:47,1685040888,25.4,13.2,99700,2.00,3.00,4.00,5.00,0.0734,0
2023-05-25 14:55:49,1685040950,25.3,13.3,99700,1.00,1.00,1.00,2.00,0.107,0
2023-05-25 15:04:44,1685041484,25.3,13.2,99700,2.00,3.00,4.00,5.00,0.121,0
2023-05-25 15:09:53,1685041794,25.4,13.4,99700,2.00,5.00,8.00,10.0,0.105,0
2023-05-25 15:13:20,1685042000,25.8,13.6,99700,1.00,3.00,4.00,5.00,0.0807,0
2023-05-25 15:24:58,1685042698,25.2,13.8,99700,2.00,4.00,6.00,7.00,0.0167,0
2023-05-25 15:29:47,1685042987,25.3,13.8,99729,2.00,4.00,7.00,8.00,0.0167,0
2023-05-25 15:34:15,1685043256,25.2,13.6,99700,1.00,3.00,5.00,5.00,0.0150,0
2023-05-25 15:39:51,1685043591,24.6,13.9,99757,1.00,1.00,2.00,2.00,0.0159,0
2023-05-25 15:44:40,1685043880,24.3,14.1,99743,2.00,6.00,9.00,10.0,0.0192,0
2023-05-25 15:48:27,1685044108,24.2,14.3,99700,4.00,7.00,10.0,12.0,0.0204,0
2023-05-25 16:04:55,1685045096,24.3,14.4,99793,1.00,2.00,4.00,4.00,0.0204,0
2023-05-25 16:08:01,1685045281,24.5,14.4,99800,2.00,2.00,4.00,4.00,0.0232,0
2023-05-25 16:14:40,1685045681,24.8,14.1,99700,1.00,3.00,5.00,6.00,0.0229,0
2023-05-25 16:19:50,1685045990,24.9,14.0,99700,2.00,5.00,8.00,9.00,0.0141,0
2023-05-25 16:24:59,1685046299,24.9,13.4,99707,3.00,7.00,11.0,13.0,0.0306,0
2023-05-25 16:34:51,1685046891,24.3,13.6,99780,1.00,3.00,5.00,6.00,0.0306,0
2023-05-25 16:39:40,1685047180,24.0,13.9,99700,3.00,4.00,6.00,7.00,0.0241,0
2023-05-25 16:42:25,1685047345,23.9,14.2,99700,6.00,13.0,18.0,21.0,0.0400,0
2023-05-25 16:49:57,1685047797,23.7,13.6,99800,1.00,1.00,2.00,2.00,0.0818,0
2023-05-25 16:54:46,1685048087,23.6,14.5,99800,2.00,7.00,11.0,13.0,0.0818,0
2023-05-25 16:59:15,1685048355,23.7,14.2,99800,2.00,2.00,4.00,4.00,0.0720,0
2023-05-25 17:09:46,1685048987,23.6,16.3,99800,2.00,4.00,6.00,7.00,0.0503,0
2023-05-25 17:14:57,1685049297,23.3,17.2,99800,2.00,2.00,4.00,4.00,0.0160,0
2023-05-25 17:17:42,1685049462,23.2,18.1,99800,1.00,2.00,3.00,4.00,0.0136,0
2023-05-25 17:29:40,1685050181,22.5,19.2,99800,1.00,2.00,4.00,4.00,0.00864,0
2023-05-25 17:34:50,1685050491,22.5,19.7,99800,3.00,8.00,12.0,13.0,0.0122,0
2023-05-25 17:39:40,1685050781,22.3,20.2,99800,17.0,48.0,74.0,87.0,0.453,0
2023-05-25 17:44:51,1685051091,22.2,20.7,99800,2.00,4.00,6.00,7.00,0.525,0
2023-05-25 17:49:41,1685051382,21.9,20.9,99800,1.00,4.00,6.00,6.00,0.472,0
2023-05-25 17:54:52,1685051692,21.4,21.1,99800,2.00,6.00,8.00,10.0,0.411,0
2023-05-25 17:59:42,1685051982,20.9,21.3,99800,2.00,3.00,4.00,4.00,0.0144,0
2023-05-25 18:04:53,1685052293,20.4,21.8,99800,1.00,5.00,8.00,9.00,0.0236,0
2023-05-25 18:09:43,1685052583,19.8,22.5,99800,1.00,4.00,6.00,7.00,0.0185,0
2023-05-25 18:14:55,1685052895,19.5,23.1,99800,1.00,4.00,6.00,7.00,0.0144,0
2023-05-25 18:19:45,1685053186,18.9,23.4,99800,2.00,4.00,6.00,7.00,0.0117,0
2023-05-25 18:24:57,1685053497,18.8,23.6,99873,2.00,3.00,4.00,5.00,0.0160,0
2023-05-25 18:29:48,1685053788,18.7,23.7,99900,1.00,4.00,6.00,7.00,0.0165,0
2023-05-25 18:34:59,1685054100,18.5,23.7,99887,1.00,3.00,4.00,5.00,0.0137,0
2023-05-25 18:39:50,1685054390,18.3,24.0,99900,2.00,4.00,7.00,8.00,0.0126,0
2023-05-25 18:44:41,1685054682,18.2,23.8,99900,1.00,2.00,4.00,5.00,0.0132,0
2023-05-25 18:49:53,1685054994,18.1,23.7,99900,1.00,3.00,4.00,5.00,0.0146,0
2023-05-25 18:54:44,1685055285,18.0,23.5,99900,1.00,4.00,7.00,8.00,0.0178,0
2023-05-25 18:59:56,1685055597,17.9,23.1,99900,1.00,2.00,4.00,4.00,0.0178,0
2023-05-25 19:04:48,1685055888,17.8,22.9,99900,3.00,7.00,10.0,12.0,0.0161,0
2023-05-25 19:09:39,1685056179,17.6,23.1,99900,1.00,3.00,6.00,7.00,0.0186,0
2023-05-25 19:14:51,1685056492,17.3,23.4,99900,3.00,8.00,13.0,15.0,0.0163,0
2023-05-25 19:19:43,1685056783,17.0,23.9,99900,1.00,4.00,6.00,7.00,0.0192,0
2023-05-25 19:24:55,1685057095,16.6,24.6,99900,2.00,5.00,8.00,10.0,0.0192,0
2023-05-25 19:29:46,1685057387,16.3,25.2,99900,2.00,5.00,7.00,8.00,0.0314,0
2023-05-25 19:34:59,1685057699,16.0,25.3,99987,1.00,3.00,5.00,6.00,0.0314,0
2023-05-25 19:39:51,1685057992,15.7,25.3,100000,1.00,2.00,4.00,5.00,0.0294,0
2023-05-25 19:44:44,1685058285,15.4,25.6,100000,2.00,3.00,4.00,5.00,0.0180,0
2023-05-25 19:49:57,1685058598,15.0,26.3,100000,1.00,3.00,5.00,6.00,0.0119,0
2023-05-25 19:54:50,1685058890,14.8,26.3,100000,1.00,3.00,4.00,5.00,0.0121,0
2023-05-25 19:59:42,1685059183,14.6,26.5,100000,1.00,4.00,6.00,8.00,0.0146,0
2023-05-25 20:04:55,1685059495,14.3,27.1,100000,1.00,2.00,4.00,5.00,0.0146,0
2023-05-25 20:09:46,1685059787,14.1,27.4,100000,2.00,6.00,10.0,12.0,0.0244,0
2023-05-25 20:14:39,1685060080,13.9,27.9,100000,3.00,9.00,15.0,18.0,0.0362,0
2023-05-25 20:19:52,1685060393,13.7,28.0,100000,1.00,2.00,4.00,5.00,0.0291,0
2023-05-25 20:24:44,1685060685,13.4,28.1,100000,1.00,4.00,6.00,7.00,0.0517,0
2023-05-25 20:29:58,1685060999,13.2,28.5,100000,2.00,6.00,10.0,12.0,0.0348,0
2023-05-25 20:34:50,1685061291,12.9,29.0,100000,2.00,7.00,11.0,13.0,0.0567,0
2023-05-25 20:39:43,1685061584,12.7,29.5,100000,2.00,5.00,8.00,10.0,0.0426,0
2023-05-25 20:44:57,1685061897,12.5,30.0,100000,2.00,5.00,8.00,9.00,0.0426,0
2023-05-25 20:49:49,1685062190,12.3,30.5,100000,1.00,2.00,4.00,5.00,0.0149,0
2023-05-25 20:54:41,1685062482,12.1,31.2,100000,2.00,4.00,6.00,6.00,0.0139,0
2023-05-25 20:59:54,1685062794,11.9,32.4,100000,2.00,5.00,7.00,8.00,0.0133,0
2023-05-25 21:04:46,1685063087,11.8,32.4,100000,2.00,5.00,8.00,10.0,0.0181,0
2023-05-25 21:09:39,1685063379,11.8,32.6,100064,2.00,5.00,7.00,9.00,0.0181,0
2023-05-25 21:14:52,1685063693,11.7,32.5,100100,1.00,4.00,6.00,7.00,0.0128,0
2023-05-25 21:19:44,1685063985,11.7,32.8,100100,1.00,4.00,6.00,7.00,0.0170,0
2023-05-25 21:24:58,1685064299,11.7,32.7,100100,1.00,2.00,4.00,5.00,0.0152,0
2023-05-25 21:29:51,1685064592,11.7,32.7,100100,1.00,3.00,6.00,7.00,0.0142,0
2023-05-25 21:34:44,1685064884,11.6,32.8,100100,1.00,2.00,4.00,5.00,0.0109,0
2023-05-25 21:39:57,1685065197,11.5,33.0,100100,1.00,4.00,6.00,7.00,0.0125,0
2023-05-25 21:44:50,1685065491,11.5,33.5,100100,2.00,5.00,8.00,10.0,0.0185,0
2023-05-25 21:49:43,1685065783,11.4,33.8,100100,2.00,4.00,7.00,8.00,0.0216,0
2023-05-25 21:54:57,1685066097,11.4,34.0,100100,2.00,7.00,11.0,13.0,0.0187,0
2023-05-25 21:59:49,1685066390,11.3,34.4,100100,1.00,2.00,4.00,5.00,0.0121,0
2023-05-25 22:04:42,1685066682,11.3,34.2,100100,2.00,4.00,6.00,8.00,0.0551,0
2023-05-25 22:09:56,1685066997,11.3,34.3,100100,1.00,4.00,6.00,7.00,0.0203,0
2023-05-25 22:14:50,1685067290,11.3,34.3,100100,1.00,4.00,6.00,7.00,0.0157,0
2023-05-25 22:19:42,1685067582,11.3,34.5,100100,2.00,7.00,12.0,14.0,0.0135,0
2023-05-25 22:24:55,1685067896,11.2,34.9,100100,1.00,4.00,7.00,8.00,0.0285,0
2023-05-25 22:29:48,1685068188,11.2,34.8,100100,1.00,5.00,8.00,9.00,0.0325,0
2023-05-25 22:34:40,1685068481,11.1,34.7,100100,2.00,4.00,7.00,8.00,0.0211,0
2023-05-25 22:39:55,1685068795,11.0,34.9,100100,1.00,4.00,6.00,7.00,0.0171,0
2023-05-25 22:42:46,1685068966,10.9,35.0,100100,1.00,1.00,3.00,3.00,0.0172,0
2023-05-25 22:54:49,1685069690,10.6,35.7,100100,1.00,4.00,6.00,7.00,0.0194,0
2023-05-25 22:59:43,1685069984,10.5,36.0,100100,2.00,6.00,10.0,12.0,0.0194,0
2023-05-25 23:04:57,1685070297,10.4,36.4,100100,2.00,7.00,12.0,14.0,0.0639,0
2023-05-25 23:09:50,1685070591,10.4,36.7,100100,2.00,5.00,7.00,9.00,0.0372,0
2023-05-25 23:14:44,1685070885,10.4,37.1,100100,2.00,4.00,6.00,7.00,0.0257,0
2023-05-25 23:19:59,1685071199,10.4,37.2,100100,5.00,11.0,16.0,19.0,0.0250,0
2023-05-25 23:24:52,1685071492,10.4,37.8,100100,2.00,5.00,7.00,8.00,0.0337,0
2023-05-25 23:29:44,1685071785,10.5,37.9,100100,2.00,3.00,5.00,6.00,0.0376,0
2023-05-25 23:34:59,1685072099,10.5,37.6,100100,1.00,5.00,8.00,9.00,0.0376,0
2023-05-25 23:39:51,1685072392,10.5,37.4,100100,2.00,4.00,6.00,7.00,0.0202,0
2023-05-25 23:44:44,1685072685,10.4,37.5,100100,2.00,6.00,9.00,11.0,0.0202,0
2023-05-25 23:49:58,1685072998,10.4,37.5,100100,1.00,2.00,4.00,4.00,0.0116,0
2023-05-25 23:54:51,1685073292,10.3,37.6,100100,2.00,7.00,11.0,13.0,0.0159,0
2023-05-25 23:59:45,1685073586,10.2,37.7,100100,2.00,4.00,7.00,8.00,0.0472,0
2023-05-26 00:04:39,1685073879,9.98,37.7,100100,1.00,2.00,3.00,4.00,0.0380,0
2023-05-26 00:09:54,1685074194,9.75,38.0,100100,2.00,5.00,8.00,10.0,0.0380,0
2023-05-26 00:14:48,1685074488,9.50,38.5,100100,1.00,4.00,5.00,6.00,0.0258,0
2023-05-26 00:19:40,1685074781,9.25,39.0,100100,2.00,4.00,6.00,7.00,0.00972,0
2023-05-26 00:24:54,1685075095,9.01,39.4,100100,1.00,5.00,9.00,10.0,0.0128,0
2023-05-26 00:29:47,1685075388,8.78,39.5,100100,1.00,4.00,6.00,8.00,0.0134,0
2023-05-26 00:34:41,1685075682,8.59,39.8,100100,1.00,5.00,8.00,9.00,0.0225,0
2023-05-26 00:39:56,1685075996,8.42,40.0,100100,1.00,4.00,6.00,7.00,0.0125,0
2023-05-26 00:44:50,1685076291,8.22,40.4,100100,2.00,5.00,7.00,8.00,0.0131,0
2023-05-26 00:49:44,1685076585,8.04,40.6,100100,1.00,3.00,4.00,5.00,0.0128,0
2023-05-26 00:54:58,1685076899,7.85,41.0,100100,2.00,4.00,6.00,7.00,0.0128,0
2023-05-26 00:59:52,1685077192,7.66,41.1,100100,1.00,3.00,4.00,5.00,0.0140,0
2023-05-26 01:04:46,1685077487,7.50,41.1,100100,1.00,4.00,6.00,7.00,0.0136,0
2023-05-26 01:09:40,1685077781,7.33,41.4,100100,2.00,6.00,10.0,12.0,0.0257,0
2023-05-26 01:14:54,1685078095,7.19,41.4,100100,3.00,9.00,14.0,17.0,0.0257,0
2023-05-26 01:19:48,1685078389,7.04,41.6,100100,1.00,4.00,6.00,7.00,0.0284,0
2023-05-26 01:24:41,1685078682,6.88,42.1,100100,2.00,6.00,10.0,12.0,0.0284,0
2023-05-26 01:29:56,1685078997,6.75,42.2,100100,2.00,6.00,9.00,10.0,0.0211,0
2023-05-26 01:34:51,1685079292,6.67,42.6,100100,1.00,4.00,7.00,9.00,0.0211,0
2023-05-26 01:39:45,1685079586,6.57,42.5,100100,1.00,2.00,4.00,4.00,0.0198,0
2023-05-26 01:44:40,1685079880,6.45,42.3,100100,1.00,3.00,4.00,5.00,0.0113,0
2023-05-26 01:49:55,1685080196,6.34,42.7,100100,1.00,4.00,6.00,7.00,0.0129,0
2023-05-26 01:54:50,1685080490,6.27,43.3,100100,1.00,2.00,3.00,4.00,0.0185,0
2023-05-26 01:59:44,1685080785,6.23,43.4,100100,2.00,7.00,11.0,13.0,0.0185,0
2023-05-26 02:04:59,1685081100,6.20,43.4,100100,3.00,3.00,5.00,6.00,0.0133,0
2023-05-26 02:09:54,1685081395,6.19,43.6,100100,2.00,5.00,8.00,10.0,0.0172,0
2023-05-26 02:14:49,1685081689,6.18,43.6,100100,1.00,4.00,6.00,7.00,0.0122,0
2023-05-26 02:19:43,1685081984,6.12,43.5,100100,1.00,4.00,5.00,6.00,0.0134,0
2023-05-26 02:24:58,1685082298,6.03,43.7,100100,2.00,5.00,9.00,10.0,0.0153,0
2023-05-26 02:29:52,1685082592,5.98,43.8,100100,2.00,4.00,6.00,7.00,0.0159,0
2023-05-26 02:34:46,1685082886,5.97,44.1,100150,2.00,4.00,7.00,8.00,0.0159,0
2023-05-26 02:39:39,1685083179,5.94,43.9,100121,2.00,4.00,6.00,7.00,0.0127,0
2023-05-26 02:44:53,1685083494,5.88,43.8,100153,3.00,6.00,8.00,9.00,0.0176,0
2023-05-26 02:49:48,1685083789,5.82,44.1,100136,2.00,9.00,14.0,17.0,0.0211,0
2023-05-26 02:54:43,1685084083,5.79,45.0,100100,2.00,3.00,4.00,4.00,0.0211,0
2023-05-26 02:59:58,1685084399,5.78,44.9,100100,2.00,4.00,6.00,7.00,0.0158,0
2023-05-26 03:04:52,1685084692,5.77,44.7,100100,2.00,7.00,11.0,12.0,0.0217,0
2023-05-26 03:09:46,1685084987,5.73,44.4,100100,1.00,4.00,7.00,8.00,0.0256,0
2023-05-26 03:14:41,1685085281,5.71,44.6,100100,3.00,8.00,12.0,14.0,0.0256,0
2023-05-26 03:19:56,1685085597,5.67,44.5,100100,2.00,6.00,9.00,11.0,0.0205,0
2023-05-26 03:24:51,1685085891,5.64,44.3,100100,1.00,4.00,7.00,8.00,0.0269,0
2023-05-26 03:29:45,1685086186,5.60,44.2,100100,2.00,5.00,8.00,10.0,0.0194,0
2023-05-26 03:34:39,1685086480,5.60,44.6,100100,3.00,8.00,12.0,14.0,0.0192,0
2023-05-26 03:39:55,1685086795,5.62,44.9,100100,3.00,11.0,17.0,20.0,0.0374,0
2023-05-26 03:44:49,1685087089,5.63,45.0,100100,1.00,4.00,7.00,9.00,0.0374,0
2023-05-26 03:49:43,1685087383,5.63,45.4,100100,1.00,4.00,7.00,9.00,0.0203,0
2023-05-26 03:54:58,1685087699,5.66,45.1,100100,3.00,3.00,3.00,3.00,0.0517,0
2023-05-26 03:59:53,1685087993,5.66,44.9,100100,2.00,3.00,4.00,5.00,0.0372,0
2023-05-26 04:04:47,1685088288,5.64,44.8,100100,3.00,6.00,9.00,11.0,0.0222,0
2023-05-26 04:09:42,1685088582,5.62,44.9,100100,1.00,5.00,8.00,9.00,0.0228,0
2023-05-26 04:14:56,1685088897,5.58,45.2,100100,2.00,3.00,4.00,5.00,0.0228,0
2023-05-26 04:19:50,1685089191,5.55,45.9,100100,2.00,8.00,12.0,14.0,0.0175,0
2023-05-26 04:24:44,1685089484,5.55,45.7,100200,2.00,8.00,13.0,15.0,0.0199,0
2023-05-26 04:29:59,1685089799,5.54,45.6,100167,2.00,6.00,8.00,10.0,0.0199,0
2023-05-26 04:34:53,1685090093,5.54,45.5,100129,2.00,6.00,9.00,10.0,0.0243,0
2023-05-26 04:39:46,1685090386,5.54,45.1,100157,1.00,4.00,7.00,8.00,0.0183,0
2023-05-26 04:44:39,1685090680,5.52,45.3,100179,3.00,6.00,9.00,11.0,0.0132,0
2023-05-26 04:49:54,1685090994,5.46,45.4,100200,2.00,8.00,12.0,14.0,0.0201,0
2023-05-26 04:54:48,1685091288,5.41,46.0,100200,1.00,3.00,5.00,6.00,0.0346,0
2023-05-26 04:59:42,1685091582,5.39,46.3,100200,2.00,7.00,11.0,13.0,0.0323,0
2023-05-26 05:04:57,1685091898,5.40,46.5,100200,1.00,4.00,7.00,8.00,0.0191,0
2023-05-26 05:09:52,1685092193,5.43,46.3,100200,3.00,8.00,12.0,14.0,0.0191,0
2023-05-26 05:14:46,1685092487,5.49,46.4,100200,1.00,3.00,5.00,6.00,0.0237,0
2023-05-26 05:15:29,1685092529,5.53,46.4,100200,1.00,2.00,3.00,3.00,0.0238,0
2023-05-26 06:06:06,1685095566,6.61,45.9,100200,1e-7,1e-7,1e-7,1e-7,0.0238,0
2023-05-26 06:12:33,1685095954,7.88,47.6,100200,1.00,2.00,4.00,4.00,,
2023-05-26 06:19:51,1685096391,8.59,43.6,100200,1.00,1.00,1.00,1.00,,
2023-05-26 06:20:11,1685096412,8.58,43.5,100200,1e-7,1e-7,1e-7,1e-7,,
2023-05-26 07:59:41,1685102382,24.2,20.4,100200,1.00,2.00,2.00,2.00,,
2023-05-26 08:04:51,1685102691,24.8,19.8,100200,1.00,5.00,8.00,9.00,,
2023-05-26 08:09:56,1685102996,25.3,19.3,100200,2.00,3.00,4.00,4.00,,
2023-05-26 08:14:41,1685103282,25.8,19.0,100200,2.00,4.00,5.00,6.00,0.00754,0
2023-05-26 08:19:46,1685103587,26.5,18.5,100200,2.00,3.00,5.00,5.00,0.0109,0
2023-05-26 08:24:55,1685103895,27.1,17.7,100200,2.00,3.00,4.00,4.00,0.0125,0
2023-05-26 08:29:43,1685104183,27.2,17.3,100200,1.00,5.00,8.00,9.00,0.0125,0
2023-05-26 08:30:24,1685104224,27.2,17.4,100200,1.00,4.00,5.00,6.00,0.00974,0
2023-05-26 09:04:55,1685106295,28.3,16.1,100200,3.00,9.00,15.0,17.0,,
2023-05-26 09:09:01,1685106541,28.4,15.8,100200,2.00,3.00,4.00,5.00,,
2023-05-26 09:19:56,1685107197,28.5,15.8,100200,2.00,4.00,6.00,7.00,,
2023-05-26 09:24:44,1685107484,28.9,15.6,100200,1.00,2.00,4.00,4.00,0.0450,0
2023-05-26 09:26:47,1685107607,29.1,15.7,100200,1.00,2.00,3.00,4.00,0.0159,0
2023-05-26 09:34:53,1685108094,29.3,15.7,100200,1.00,2.00,3.00,3.00,0.0159,0
2023-05-26 09:39:40,1685108381,29.4,15.5,100200,1.00,3.00,4.00,5.00,0.0114,0
2023-05-26 09:43:26,1685108607,29.7,14.6,100200,1.00,3.00,4.00,5.00,0.0101,0
2023-05-26 09:49:49,1685108989,29.3,15.5,100200,2.00,6.00,9.00,11.0,0.00994,0
2023-05-26 09:54:57,1685109297,29.0,15.9,100200,3.00,3.00,4.00,4.00,0.0195,0
2023-05-26 09:59:44,1685109584,28.7,15.6,100200,2.00,5.00,8.00,9.00,0.0164,0
2023-05-26 10:09:39,1685110180,28.9,15.1,100200,2.00,3.00,4.00,5.00,0.0164,0
2023-05-26 10:14:47,1685110488,28.9,15.6,100200,4.00,12.0,19.0,22.0,0.0475,0
2023-05-26 10:18:53,1685110733,28.7,15.7,100200,1.00,3.00,5.00,5.00,0.0255,0
2023-05-26 10:24:54,1685111094,28.7,15.0,100200,3.00,4.00,5.00,6.00,0.0500,0
2023-05-26 10:29:41,1685111382,28.3,15.4,100200,2.00,5.00,8.00,10.0,0.0500,0
2023-05-26 10:34:49,1685111690,27.9,16.0,100200,1.00,4.00,7.00,8.00,0.0184,0
2023-05-26 10:44:43,1685112284,27.9,15.8,100200,2.00,3.00,5.00,6.00,0.0167,0
2023-05-26 10:49:52,1685112592,27.9,15.8,100173,1.00,4.00,6.00,7.00,0.0193,0
2023-05-26 10:52:57,1685112777,27.9,16.3,100144,3.00,4.00,7.00,8.00,0.0171,0
2023-05-26 10:59:57,1685113197,28.7,16.0,100100,2.00,7.00,12.0,14.0,0.0307,0
2023-05-26 11:04:45,1685113485,28.7,15.5,100100,3.00,6.00,9.00,11.0,0.0379,0
2023-05-26 11:09:32,1685113773,28.4,15.3,100100,2.00,4.00,6.00,7.00,0.0159,0
2023-05-26 11:19:54,1685114394,27.4,15.8,100100,1.00,5.00,7.00,9.00,0.0120,0
2023-05-26 11:24:42,1685114682,27.6,16.4,100100,2.00,6.00,10.0,11.0,0.0124,0
2023-05-26 11:27:26,1685114847,27.9,16.0,100100,1.00,1.00,2.00,2.00,0.0162,0
2023-05-26 11:34:50,1685115290,27.8,16.0,100100,2.00,3.00,4.00,5.00,0.0252,0
2023-05-26 11:39:58,1685115599,27.8,15.4,100100,2.00,5.00,7.00,9.00,0.0325,0
2023-05-26 11:43:03,1685115784,27.5,15.4,100100,2.00,4.00,7.00,8.00,0.0467,0
2023-05-26 11:54:43,1685116484,26.2,17.3,100100,1e-7,2.00,3.00,4.00,0.0467,0
2023-05-26 11:59:52,1685116793,26.4,17.3,100080,2.00,2.00,3.00,3.00,0.0426,0
2023-05-26 12:01:56,1685116916,26.8,17.2,100100,1.00,2.00,4.00,5.00,0.0364,0
2023-05-26 12:09:43,1685117384,28.0,16.4,100000,1e-7,2.00,3.00,4.00,0.0268,0
2023-05-26 12:14:52,1685117692,28.3,16.2,100000,4.00,7.00,10.0,11.0,0.0158,0
2023-05-26 12:17:57,1685117877,28.5,15.7,100000,1.00,2.00,3.00,3.00,0.0221,0
2023-05-26 12:24:39,1685118280,28.9,15.4,100000,1.00,3.00,5.00,6.00,0.0221,0
2023-05-26 12:29:47,1685118588,29.0,15.1,100000,4.00,10.0,16.0,19.0,0.0192,0
2023-05-26 12:34:55,1685118896,29.0,14.9,100000,2.00,5.00,8.00,9.00,0.0500,0
2023-05-26 12:35:16,1685118916,29.0,15.2,100000,2.00,3.00,3.00,4.00,0.0305,0
2023-05-26 12:44:50,1685119491,28.5,15.3,100000,3.00,4.00,6.00,7.00,0.0355,0
2023-05-26 12:49:59,1685119799,28.3,16.1,100000,2.00,4.00,6.00,7.00,0.0514,0
2023-05-26 12:52:43,1685119964,28.3,16.6,100000,2.00,3.00,4.00,5.00,0.0113,0
2023-05-26 12:59:45,1685120385,28.7,15.6,100000,2.00,4.00,6.00,7.00,0.0101,0
2023-05-26 13:04:53,1685120693,28.7,15.5,100000,1.00,5.00,8.00,9.00,0.0153,0
2023-05-26 13:09:41,1685120981,28.6,16.3,99929,3.00,4.00,5.00,6.00,0.0153,0
2023-05-26 13:10:22,1685121022,28.5,16.1,99900,1.00,3.00,4.00,5.00,0.0113,0
2023-05-26 13:19:55,1685121596,28.8,16.1,99900,1.00,2.00,3.00,4.00,0.0113,0
2023-05-26 13:24:43,1685121884,29.2,15.4,99900,2.00,7.00,11.0,13.0,0.0123,0
2023-05-26 13:29:10,1685122150,29.5,15.0,99900,2.00,5.00,9.00,10.0,0.0225,0
2023-05-26 13:34:43,1685122484,29.2,15.6,99900,1.00,2.00,3.00,3.00,0.0225,0
2023-05-26 13:39:51,1685122792,29.2,15.3,99900,3.00,6.00,9.00,10.0,0.0334,0
2023-05-26 13:44:59,1685123100,29.2,13.7,99900,2.00,6.00,10.0,12.0,0.0175,0
2023-05-26 13:45:20,1685123120,29.1,13.1,99900,1e-7,1.00,1.00,1.00,0.0110,0
2023-05-26 13:59:56,1685123997,29.4,12.6,99900,2.00,4.00,5.00,5.00,0.0127,0
2023-05-26 14:04:02,1685124243,29.5,12.4,99900,5.00,10.0,14.0,16.0,0.0245,0
2023-05-26 14:09:45,1685124586,29.6,12.2,99900,2.00,2.00,2.00,3.00,0.0162,0
2023-05-26 14:14:54,1685124894,29.6,12.2,99900,3.00,7.00,10.0,11.0,0.0308,0
2023-05-26 14:19:41,1685125182,29.7,11.5,99900,22.0,48.0,68.0,78.0,0.123,0
2023-05-26 14:20:02,1685125202,29.5,11.9,99900,1e-7,1.00,1.00,1.00,0.0749,0
2023-05-26 14:29:57,1685125798,29.5,11.9,99900,1.00,3.00,5.00,6.00,0.0611,0
2023-05-26 14:34:45,1685126085,29.5,12.0,99900,4.00,7.00,10.0,12.0,0.0696,0
2023-05-26 14:37:29,1685126250,29.3,11.9,99900,4.00,10.0,15.0,17.0,0.0665,0
2023-05-26 14:44:51,1685126691,29.1,12.0,99900,3.00,7.00,10.0,12.0,0.0649,0
2023-05-26 14:49:59,1685126999,29.1,12.1,99893,3.00,5.00,8.00,10.0,0.0448,0
2023-05-26 14:54:47,1685127287,28.9,11.8,99800,2.00,6.00,10.0,11.0,0.0448,0
2023-05-26 15:04:40,1685127881,28.8,11.9,99829,2.00,5.00,7.00,8.00,0.0507,0
2023-05-26 15:09:49,1685128189,28.8,12.0,99800,2.00,3.00,4.00,5.00,0.0347,0
2023-05-26 15:12:33,1685128354,28.8,12.0,99800,2.00,3.00,4.00,4.00,0.0334,0
2023-05-26 15:19:58,1685128798,28.9,11.8,99900,11.0,31.0,47.0,55.0,0.0423,0
2023-05-26 15:24:46,1685129086,28.9,12.0,99850,2.00,5.00,7.00,8.00,0.0772,0
2023-05-26 15:29:55,1685129395,29.0,11.7,99807,3.00,5.00,6.00,7.00,0.0797,0
2023-05-26 15:30:56,1685129457,29.0,11.8,99800,2.00,2.00,2.00,3.00,0.0491,0
2023-05-26 15:39:50,1685129991,28.9,11.8,99800,1.00,3.00,4.00,5.00,0.0583,0
2023-05-26 15:44:59,1685130299,28.9,11.8,99827,3.00,7.00,10.0,12.0,0.0155,0
2023-05-26 15:47:23,1685130443,28.8,11.6,99800,3.00,4.00,6.00,6.00,0.0142,0
2023-05-26 15:54:51,1685130892,28.7,11.2,99800,2.00,4.00,5.00,5.00,0.0216,0
2023-05-26 15:59:59,1685131199,28.7,11.1,99800,2.00,3.00,4.00,4.00,0.0294,0
2023-05-26 16:04:47,1685131488,28.6,11.0,99800,2.00,3.00,4.00,4.00,0.0363,0
2023-05-26 16:06:09,1685131569,28.5,11.1,99800,1.00,2.00,3.00,4.00,0.0268,0
2023-05-26 16:14:55,1685132096,28.5,11.3,99800,3.00,7.00,10.0,12.0,0.0168,0
2023-05-26 16:19:44,1685132384,28.3,11.2,99800,3.00,4.00,5.00,5.00,0.0298,0
2023-05-26 16:22:49,1685132569,28.0,11.5,99800,1.00,2.00,3.00,4.00,0.0125,2.16
2023-05-26 16:34:47,1685133288,28.1,11.9,99800,1.00,2.00,2.00,3.00,0.0125,1.69
2023-05-26 16:39:35,1685133576,28.2,11.7,99800,2.00,3.00,4.00,5.00,0.0202,1.48
2023-05-26 16:49:50,1685134191,28.3,11.7,99800,2.00,3.00,4.00,4.00,0.0104,0
2023-05-26 16:54:59,1685134500,28.3,11.8,99800,1.00,3.00,5.00,6.00,0.0103,0
2023-05-26 16:57:44,1685134664,28.3,12.1,99800,3.00,7.00,11.0,13.0,0.0104,0
2023-05-26 17:04:47,1685135087,28.6,11.4,99800,1.00,1.00,2.00,2.00,0.0121,0
2023-05-26 17:09:56,1685135396,28.5,11.8,99800,2.00,7.00,10.0,12.0,0.0308,0
2023-05-26 17:14:44,1685135684,28.3,12.1,99800,4.00,4.00,4.00,5.00,0.0157,0
2023-05-26 17:19:53,1685135993,28.1,12.3,99800,5.00,12.0,18.0,21.0,0.0387,0
2023-05-26 17:24:41,1685136282,28.1,12.3,99800,2.00,5.00,8.00,9.00,0.132,0
2023-05-26 17:29:50,1685136591,28.1,12.5,99800,4.00,6.00,10.0,11.0,0.132,0
2023-05-26 17:34:59,1685136900,27.8,12.7,99800,3.00,3.00,4.00,4.00,0.0643,0
2023-05-26 17:39:48,1685137188,27.3,13.1,99800,2.00,3.00,5.00,6.00,0.0186,0
2023-05-26 17:44:57,1685137498,26.9,13.4,99800,2.00,3.00,3.00,4.00,0.0128,0
2023-05-26 17:49:46,1685137787,26.5,13.5,99800,2.00,4.00,6.00,7.00,0.0118,0
2023-05-26 17:54:56,1685138096,26.3,14.0,99800,2.00,5.00,7.00,8.00,0.0140,0
2023-05-26 17:59:45,1685138385,26.1,14.2,99800,3.00,5.00,6.00,7.00,0.0129,0
2023-05-26 18:04:54,1685138695,26.0,14.4,99800,3.00,8.00,13.0,15.0,0.0130,0
2023-05-26 18:09:43,1685138983,25.9,14.3,99800,2.00,2.00,3.00,4.00,0.0169,0
2023-05-26 18:14:53,1685139293,25.8,14.3,99800,4.00,9.00,13.0,15.0,0.0216,0
2023-05-26 18:19:41,1685139582,25.8,14.6,99800,3.00,5.00,7.00,8.00,0.0737,0
2023-05-26 18:24:51,1685139891,25.8,14.4,99800,5.00,7.00,9.00,10.0,0.0598,0
2023-05-26 18:29:40,1685140181,25.8,14.3,99800,3.00,5.00,7.00,8.00,0.0591,0
2023-05-26 18:34:50,1685140490,25.9,14.5,99800,3.00,4.00,4.00,5.00,0.0238,0
2023-05-26 18:39:59,1685140800,26.1,14.3,99800,4.00,6.00,9.00,11.0,0.0258,0
2023-05-26 18:44:48,1685141089,26.2,14.0,99800,4.00,5.00,7.00,8.00,0.0228,0
2023-05-26 18:49:58,1685141398,26.1,14.1,99800,7.00,9.00,10.0,11.0,0.0186,0
2023-05-26 18:54:47,1685141687,25.9,14.4,99800,3.00,4.00,6.00,7.00,0.0153,0
2023-05-26 18:59:56,1685141997,25.7,14.2,99800,1.00,4.00,6.00,7.00,0.0267,0
2023-05-26 19:04:45,1685142286,25.6,14.3,99800,3.00,6.00,9.00,10.0,0.0267,0
2023-05-26 19:09:55,1685142595,25.5,14.5,99800,2.00,4.00,6.00,7.00,0.0217,0
2023-05-26 19:14:44,1685142884,25.5,14.7,99800,3.00,8.00,13.0,15.0,0.0488,0
2023-05-26 19:19:54,1685143194,25.3,14.7,99800,2.00,4.00,6.00,6.00,0.0221,0
2023-05-26 19:24:43,1685143483,25.1,15.0,99800,2.00,4.00,7.00,8.00,0.0275,0
2023-05-26 19:29:53,1685143794,24.9,15.2,99800,2.00,4.00,6.00,7.00,0.0154,0
2023-05-26 19:34:42,1685144083,24.7,15.3,99800,3.00,4.00,4.00,4.00,0.0116,0
2023-05-26 19:39:52,1685144393,24.5,15.6,99800,2.00,5.00,8.00,9.00,0.0140,0
2023-05-26 19:44:42,1685144682,24.3,15.6,99800,2.00,3.00,5.00,6.00,0.0193,0
2023-05-26 19:49:52,1685144993,24.0,15.8,99800,2.00,7.00,12.0,14.0,0.0193,0
2023-05-26 19:54:42,1685145282,23.8,16.0,99800,2.00,4.00,6.00,7.00,0.0220,0
2023-05-26 19:59:52,1685145593,23.6,16.3,99800,3.00,7.00,10.0,11.0,0.0189,0
2023-05-26 20:04:41,1685145882,23.3,16.7,99800,2.00,4.00,6.00,7.00,0.0237,0
2023-05-26 20:09:52,1685146192,23.0,16.7,99820,2.00,9.00,14.0,16.0,0.0194,0
2023-05-26 20:14:42,1685146483,22.8,16.9,99900,2.00,5.00,8.00,9.00,0.0203,0
2023-05-26 20:19:53,1685146793,22.5,17.3,99900,2.00,6.00,9.00,11.0,0.0206,0
2023-05-26 20:24:43,1685147083,22.3,17.5,99900,3.00,4.00,5.00,6.00,0.0169,0
2023-05-26 20:29:53,1685147394,22.1,17.9,99900,2.00,7.00,11.0,13.0,0.0139,0
2023-05-26 20:34:43,1685147684,21.8,18.2,99900,2.00,4.00,7.00,8.00,0.0373,0
2023-05-26 20:39:54,1685147995,21.6,18.5,99900,3.00,9.00,13.0,15.0,0.0667,0
2023-05-26 20:44:45,1685148285,21.4,18.8,99900,3.00,5.00,7.00,8.00,0.0667,0
2023-05-26 20:49:56,1685148596,21.1,18.9,99900,3.00,6.00,8.00,9.00,0.0409,0
2023-05-26 20:54:46,1685148887,21.0,19.2,99900,2.00,6.00,9.00,10.0,0.0167,0
2023-05-26 20:59:57,1685149198,20.8,19.6,99900,2.00,3.00,5.00,6.00,0.0173,0
2023-05-26 21:04:47,1685149488,20.6,19.7,99900,2.00,6.00,8.00,9.00,0.0173,0
2023-05-26 21:09:58,1685149799,20.5,19.9,99900,2.00,8.00,12.0,14.0,0.0128,0
2023-05-26 21:14:49,1685150089,20.4,20.1,99900,2.00,7.00,10.0,12.0,0.0315,0
2023-05-26 21:19:40,1685150380,20.3,20.4,99900,4.00,7.00,9.00,10.0,0.0290,0
2023-05-26 21:24:51,1685150691,20.1,21.2,99900,2.00,3.00,5.00,6.00,0.0370,0
2023-05-26 21:29:42,1685150982,19.8,21.8,99900,2.00,6.00,8.00,10.0,0.0350,0
2023-05-26 21:34:53,1685151293,19.4,22.4,99900,3.00,7.00,10.0,12.0,0.0330,0
2023-05-26 21:39:44,1685151584,19.0,23.6,99900,3.00,7.00,10.0,11.0,0.0157,0
2023-05-26 21:44:56,1685151896,18.6,24.1,99900,2.00,5.00,8.00,10.0,0.0183,0
2023-05-26 21:49:47,1685152187,18.2,24.4,99900,2.00,5.00,7.00,8.00,0.0146,0
2023-05-26 21:54:58,1685152499,17.9,24.9,99900,5.00,13.0,19.0,23.0,0.0371,0
2023-05-26 21:59:50,1685152790,17.7,25.0,99900,3.00,3.00,5.00,6.00,0.0620,0
2023-05-26 22:04:41,1685153081,17.5,25.2,99900,3.00,5.00,5.00,6.00,0.0449,0
2023-05-26 22:09:52,1685153393,17.3,25.5,99953,4.00,9.00,13.0,15.0,0.0190,0
2023-05-26 22:14:43,1685153684,17.2,25.8,99929,3.00,6.00,9.00,10.0,0.0170,0
2023-05-26 22:19:55,1685153996,17.1,26.2,99993,3.00,3.00,4.00,5.00,0.0258,0
2023-05-26 22:24:46,1685154287,16.9,26.4,100000,3.00,4.00,6.00,6.00,0.0262,0
2023-05-26 22:29:58,1685154599,16.7,26.3,100000,2.00,5.00,6.00,7.00,0.0129,0
2023-05-26 22:34:48,1685154889,16.7,26.3,100000,2.00,5.00,8.00,9.00,0.0191,0
2023-05-26 22:39:40,1685155180,16.7,26.6,99957,2.00,5.00,7.00,7.00,0.0209,0
2023-05-26 22:44:52,1685155493,16.5,27.2,99940,4.00,5.00,7.00,8.00,0.0168,0
2023-05-26 22:49:44,1685155784,16.3,27.4,99936,3.00,4.00,5.00,6.00,0.0153,0
2023-05-26 22:54:56,1685156097,16.0,27.7,100000,4.00,4.00,7.00,9.00,0.0165,0
2023-05-26 22:59:47,1685156388,15.8,29.1,100000,3.00,6.00,9.00,10.0,0.0122,0
2023-05-26 23:04:39,1685156680,15.4,29.8,100000,2.00,4.00,6.00,7.00,0.0172,0
2023-05-26 23:09:52,1685156992,15.1,30.2,100000,3.00,6.00,8.00,10.0,0.0232,0
2023-05-26 23:14:43,1685157284,14.8,30.7,100000,2.00,3.00,5.00,6.00,0.0114,0
2023-05-26 23:19:56,1685157596,14.5,31.1,100000,2.00,3.00,5.00,5.00,0.0112,0
2023-05-26 23:24:47,1685157888,14.2,31.3,100000,3.00,6.00,9.00,11.0,0.0135,0
2023-05-26 23:29:39,1685158180,14.0,31.7,100000,2.00,5.00,7.00,8.00,0.0319,0
2023-05-26 23:34:52,1685158492,13.9,31.8,100000,3.00,5.00,6.00,7.00,0.0155,0
2023-05-26 23:39:44,1685158784,13.7,32.0,100000,2.00,4.00,7.00,8.00,0.00920,0
2023-05-26 23:44:57,1685159098,13.6,32.0,100000,2.00,4.00,5.00,6.00,0.0210,0
2023-05-26 23:49:49,1685159389,13.4,32.0,100000,2.00,3.00,4.00,5.00,0.0244,0
2023-05-26 23:54:41,1685159682,13.3,32.2,100000,3.00,4.00,6.00,7.00,0.0205,0
2023-05-26 23:59:55,1685159996,13.2,32.7,100000,2.00,4.00,6.00,7.00,0.0168,0
2023-05-27 00:04:47,1685160288,13.0,33.2,100000,3.00,4.00,6.00,7.00,0.0174,0
2023-05-27 00:09:40,1685160580,12.9,34.0,100000,3.00,4.00,5.00,6.00,0.0115,0
2023-05-27 00:14:52,1685160893,12.7,34.5,100000,2.00,3.00,4.00,5.00,0.0116,0
2023-05-27 00:19:44,1685161185,12.6,34.5,100000,3.00,7.00,11.0,13.0,0.0108,0
2023-05-27 00:24:58,1685161499,12.5,34.4,100000,2.00,3.00,4.00,5.00,0.0250,0
2023-05-27 00:29:51,1685161792,12.4,34.6,100000,3.00,6.00,8.00,9.00,0.0223,0
2023-05-27 00:34:43,1685162084,12.3,35.0,100000,3.00,8.00,13.0,15.0,0.0217,0
2023-05-27 00:39:56,1685162397,12.3,35.3,100000,3.00,4.00,5.00,6.00,0.0349,0
2023-05-27 00:44:48,1685162689,12.3,35.7,100000,2.00,3.00,5.00,5.00,0.0302,0
2023-05-27 00:49:41,1685162982,12.3,35.5,100000,2.00,4.00,6.00,7.00,0.0105,0
2023-05-27 00:54:54,1685163294,12.3,35.3,100000,2.00,5.00,7.00,8.00,0.0184,0
2023-05-27 00:59:46,1685163587,12.2,35.5,100000,3.00,8.00,13.0,15.0,0.0299,0
2023-05-27 01:04:39,1685163880,12.2,35.4,100000,2.00,5.00,7.00,9.00,0.0144,0
2023-05-27 01:09:53,1685164193,12.1,35.7,100000,2.00,5.00,8.00,10.0,0.0180,0
2023-05-27 01:14:45,1685164486,12.0,36.0,100000,2.00,3.00,5.00,5.00,0.0178,0
2023-05-27 01:19:58,1685164799,11.9,36.2,100000,3.00,5.00,7.00,9.00,0.0167,0
2023-05-27 01:24:51,1685165092,11.9,36.0,100000,3.00,6.00,7.00,8.00,0.0275,0
2023-05-27 01:29:44,1685165384,11.8,36.1,100000,3.00,7.00,11.0,12.0,0.0275,0
2023-05-27 01:34:57,1685165698,11.7,36.3,100000,3.00,6.00,8.00,9.00,0.0236,0
2023-05-27 01:39:50,1685165990,11.6,36.2,100000,3.00,6.00,9.00,10.0,0.0458,0
2023-05-27 01:44:42,1685166283,11.6,36.5,100000,3.00,4.00,5.00,5.00,0.0469,0
2023-05-27 01:49:56,1685166597,11.5,36.8,100000,2.00,4.00,6.00,7.00,0.0118,0
2023-05-27 01:54:48,1685166889,11.5,36.9,100000,3.00,5.00,7.00,7.00,0.0173,0
2023-05-27 01:59:40,1685167181,11.5,37.5,100000,4.00,5.00,8.00,9.00,0.0134,0
2023-05-27 02:04:55,1685167495,11.4,37.4,100000,3.00,7.00,10.0,12.0,0.0172,0
2023-05-27 02:09:48,1685167789,11.4,37.3,100043,3.00,5.00,7.00,8.00,0.0257,0
2023-05-27 02:14:41,1685168081,11.3,37.5,100100,3.00,8.00,11.0,13.0,0.0199,0
2023-05-27 02:19:55,1685168395,11.3,37.8,100100,2.00,6.00,9.00,11.0,0.0217,0
2023-05-27 02:24:47,1685168688,11.4,38.0,100100,3.00,6.00,8.00,10.0,0.0271,0
2023-05-27 02:29:40,1685168980,11.3,38.2,100100,5.00,10.0,14.0,16.0,0.0331,0
2023-05-27 02:34:53,1685169293,11.3,38.1,100100,3.00,3.00,4.00,4.00,0.0452,0
2023-05-27 02:39:45,1685169586,11.3,38.3,100100,2.00,5.00,8.00,9.00,0.0440,0
2023-05-27 02:44:58,1685169899,11.3,38.5,100100,1.00,3.00,4.00,5.00,0.0169,0
2023-05-27 02:49:51,1685170191,11.2,38.5,100100,3.00,6.00,9.00,11.0,0.0185,0
2023-05-27 02:54:44,1685170485,11.2,38.4,100100,2.00,6.00,10.0,11.0,0.0256,0
2023-05-27 02:59:58,1685170798,11.1,38.1,100100,2.00,4.00,6.00,7.00,0.0136,0
2023-05-27 03:04:51,1685171091,11.0,38.2,100100,2.00,5.00,8.00,9.00,0.0135,0
2023-05-27 03:09:43,1685171384,11.1,38.3,100100,2.00,3.00,5.00,6.00,0.0220,0
2023-05-27 03:14:57,1685171697,11.1,38.7,100100,2.00,3.00,5.00,6.00,0.0163,0
2023-05-27 03:19:49,1685171990,11.0,38.7,100100,3.00,6.00,8.00,10.0,0.0160,0
2023-05-27 03:24:43,1685172283,10.9,38.6,100100,3.00,5.00,6.00,6.00,0.0211,0
2023-05-27 03:29:57,1685172597,10.8,38.7,100100,2.00,3.00,5.00,6.00,0.0199,0
2023-05-27 03:34:49,1685172890,10.7,39.1,100100,3.00,6.00,9.00,10.0,0.0120,0
2023-05-27 03:39:43,1685173183,10.5,39.6,100100,3.00,4.00,4.00,5.00,0.0129,0
2023-05-27 03:44:56,1685173497,10.4,39.5,100100,2.00,7.00,11.0,13.0,0.0123,0
2023-05-27 03:49:50,1685173790,10.2,40.0,100100,2.00,4.00,6.00,7.00,0.0182,0
2023-05-27 03:54:43,1685174084,10.1,40.2,100100,3.00,3.00,3.00,4.00,0.0187,0
2023-05-27 03:59:57,1685174398,10.0,40.4,100100,4.00,7.00,9.00,11.0,0.0276,0
2023-05-27 04:04:51,1685174691,9.99,40.4,100100,2.00,4.00,6.00,7.00,0.0290,0
2023-05-27 04:09:43,1685174984,10.0,40.4,100100,3.00,5.00,7.00,7.00,0.0249,0
2023-05-27 04:14:56,1685175297,10.0,40.6,100100,3.00,6.00,7.00,8.00,0.0144,0
2023-05-27 04:19:50,1685175590,10.1,41.0,100100,2.00,2.00,3.00,4.00,0.0151,0
2023-05-27 04:24:42,1685175883,10.2,40.7,100100,2.00,4.00,5.00,5.00,0.0130,0
2023-05-27 04:29:56,1685176196,10.3,40.5,100100,2.00,6.00,9.00,10.0,0.0108,0
2023-05-27 04:34:49,1685176489,10.5,40.7,100100,3.00,8.00,11.0,13.0,0.0137,0
2023-05-27 04:39:41,1685176782,10.6,40.6,100100,3.00,4.00,5.00,6.00,0.0158,0
2023-05-27 04:44:55,1685177095,10.8,40.7,100153,2.00,6.00,9.00,11.0,0.0288,0
2023-05-27 04:49:47,1685177388,11.0,40.5,100200,3.00,8.00,12.0,14.0,0.0230,0
2023-05-27 04:54:41,1685177681,11.2,40.7,100200,2.00,5.00,6.00,7.00,0.0230,0
2023-05-27 04:59:55,1685177995,11.3,40.5,100200,3.00,6.00,9.00,11.0,0.0274,0
2023-05-27 05:04:47,1685178288,11.5,40.4,100200,3.00,7.00,11.0,12.0,0.0247,0
2023-05-27 05:09:40,1685178580,11.6,40.0,100200,1.00,3.00,5.00,6.00,0.0320,0
2023-05-27 05:14:53,1685178893,11.7,39.5,100200,2.00,6.00,10.0,11.0,0.0338,0
2023-05-27 05:19:45,1685179186,11.8,39.0,100200,2.00,4.00,6.00,6.00,0.0223,0
2023-05-27 05:24:58,1685179499,12.0,38.9,100200,3.00,5.00,6.00,7.00,0.0223,0
2023-05-27 05:29:51,1685179792,12.1,38.8,100200,2.00,5.00,6.00,7.00,0.0119,0
2023-05-27 05:34:44,1685180085,12.2,38.6,100200,4.00,8.00,12.0,13.0,0.0147,0
2023-05-27 05:39:58,1685180398,12.3,38.7,100200,3.00,3.00,4.00,4.00,0.0147,0
2023-05-27 05:44:51,1685180691,12.4,38.7,100200,3.00,4.00,5.00,6.00,0.0231,0
2023-05-27 05:49:44,1685180984,12.5,38.8,100200,2.00,5.00,7.00,8.00,0.0155,0
2023-05-27 05:54:57,1685181297,12.5,38.8,100200,2.00,3.00,5.00,6.00,0.0155,0
2023-05-27 05:59:49,1685181590,12.6,38.9,100200,2.00,5.00,8.00,9.00,0.0162,0
2023-05-27 06:04:41,1685181882,12.7,39.0,100200,5.00,6.00,8.00,9.00,0.0371,0
2023-05-27 06:09:54,1685182195,12.8,39.6,100200,3.00,5.00,8.00,9.00,0.0294,0
2023-05-27 06:14:47,1685182488,12.8,40.0,100200,2.00,4.00,5.00,6.00,0.0146,0
2023-05-27 06:19:39,1685182780,12.9,39.9,100200,2.00,3.00,5.00,5.00,0.0157,0
2023-05-27 06:24:52,1685183093,12.9,39.8,100200,2.00,4.00,6.00,6.00,0.0157,0
2023-05-27 06:26:37,1685183198,12.9,40.0,100200,3.00,4.00,5.00,6.00,0.0102,0
2023-05-27 07:44:40,1685187880,16.4,36.8,100213,2.00,3.00,4.00,4.00,,
2023-05-27 07:49:06,1685188146,16.7,36.5,100200,2.00,3.00,4.00,5.00,,
2023-05-27 08:49:44,1685191784,21.6,25.2,100200,3.00,3.00,5.00,6.00,,
2023-05-27 08:51:06,1685191867,21.5,26.0,100200,3.00,5.00,8.00,9.00,,
2023-05-27 10:39:52,1685198392,25.9,23.8,100100,1.00,2.00,3.00,4.00,,
2023-05-27 10:44:40,1685198680,26.1,23.8,100100,2.00,4.00,6.00,7.00,0.0104,1.29
2023-05-27 10:46:40,1685198800,26.5,23.2,100100,2.00,3.00,4.00,4.00,0.0162,1.29
2023-05-27 11:29:52,1685201393,30.5,17.1,100100,2.00,4.00,5.00,6.00,,
2023-05-27 11:34:43,1685201684,30.8,16.8,100100,3.00,4.00,6.00,7.00,,
2023-05-27 11:39:50,1685201991,31.6,15.8,100100,7.00,14.0,21.0,24.0,,
2023-05-27 11:44:58,1685202299,32.1,15.0,100093,8.00,9.00,10.0,10.0,,
2023-05-27 11:49:45,1685202586,32.2,15.1,100050,6.00,10.0,13.0,14.0,0.0552,0
2023-05-27 11:50:06,1685202606,32.3,15.2,100000,4.00,6.00,7.00,7.00,0.0395,0
2023-05-27 12:04:39,1685203480,32.7,14.4,100000,4.00,7.00,9.00,9.00,0.0684,0
2023-05-27 12:09:52,1685203793,32.8,14.0,100000,2.00,4.00,5.00,6.00,0.143,0
2023-05-27 12:14:39,1685204080,32.3,14.8,100000,4.00,5.00,5.00,6.00,0.176,0
2023-05-27 12:19:46,1685204387,32.1,15.0,100000,3.00,4.00,6.00,7.00,0.0335,0
2023-05-27 12:22:30,1685204551,31.8,15.3,100000,4.00,5.00,5.00,5.00,0.0167,0
2023-05-27 12:34:43,1685205283,31.1,16.4,100000,4.00,4.00,4.00,4.00,0.0117,0
2023-05-27 12:39:51,1685205591,30.6,16.4,100000,3.00,5.00,7.00,8.00,0.0123,0
2023-05-27 12:41:12,1685205673,30.3,17.0,100000,2.00,3.00,4.00,5.00,0.00931,0
2023-05-27 12:49:43,1685206184,30.3,17.7,100000,2.00,3.00,3.00,3.00,0.00947,0
2023-05-27 12:54:51,1685206492,30.5,17.7,100000,3.00,5.00,7.00,8.00,0.0119,0
2023-05-27 12:58:36,1685206717,31.0,17.7,100000,4.00,6.00,9.00,10.0,0.0257,0
2023-05-27 13:04:58,1685207098,31.7,17.1,100000,3.00,5.00,8.00,9.00,0.0383,0
2023-05-27 13:09:45,1685207385,31.8,17.2,100000,5.00,8.00,10.0,11.0,0.0383,0
2023-05-27 13:14:52,1685207693,32.0,17.1,100000,5.00,7.00,9.00,10.0,0.0217,0
2023-05-27 13:17:16,1685207836,32.2,16.9,100000,3.00,4.00,6.00,7.00,0.0217,0
2023-05-27 13:24:56,1685208296,32.2,16.8,100000,2.00,2.00,3.00,3.00,0.0589,0
2023-05-27 13:29:43,1685208583,32.2,16.7,99900,3.00,4.00,5.00,6.00,0.0822,0
2023-05-27 13:33:08,1685208788,32.3,17.1,99900,3.00,8.00,13.0,15.0,0.0224,0
2023-05-27 13:39:47,1685209187,32.4,17.2,99900,2.00,4.00,6.00,7.00,0.0221,0
2023-05-27 13:44:54,1685209495,32.7,17.3,99900,3.00,4.00,5.00,6.00,0.0277,0
2023-05-27 13:49:41,1685209781,33.3,17.4,99900,5.00,6.00,8.00,10.0,0.0155,0
2023-05-27 13:51:23,1685209883,33.9,16.5,99900,2.00,2.00,3.00,3.00,0.0101,0
2023-05-27 13:59:47,1685210388,34.4,15.2,99900,3.00,4.00,6.00,7.00,0.0185,0
2023-05-27 14:04:55,1685210695,34.4,15.5,99900,4.00,7.00,10.0,12.0,0.0132,0
2023-05-27 14:07:18,1685210838,34.5,15.4,99900,4.00,7.00,10.0,11.0,0.0199,0
2023-05-27 14:14:58,1685211298,34.9,14.7,99900,2.00,3.00,4.00,5.00,0.0217,0
2023-05-27 14:19:44,1685211584,34.9,14.4,99900,4.00,5.00,6.00,7.00,0.0343,0
2023-05-27 14:24:30,1685211871,34.5,14.9,99900,5.00,9.00,12.0,14.0,0.0338,0
2023-05-27 14:34:57,1685212498,34.2,15.0,99877,5.00,11.0,17.0,19.0,0.0462,0
2023-05-27 14:39:44,1685212784,34.0,15.0,99800,4.00,6.00,7.00,7.00,0.0204,0
2023-05-27 14:41:26,1685212887,34.0,15.5,99800,7.00,8.00,10.0,11.0,0.0228,0
2023-05-27 14:49:53,1685213393,34.2,15.0,99800,3.00,4.00,5.00,5.00,0.0182,0
2023-05-27 14:54:39,1685213680,34.2,14.9,99800,6.00,12.0,16.0,18.0,0.0338,0
2023-05-27 14:58:45,1685213925,33.9,15.0,99800,3.00,4.00,5.00,6.00,0.0724,0
2023-05-27 15:09:57,1685214598,34.1,15.2,99800,5.00,7.00,9.00,10.0,0.0724,0
2023-05-27 15:14:44,1685214884,34.4,15.3,99800,4.00,6.00,7.00,8.00,0.0468,0
2023-05-27 15:17:27,1685215048,34.6,15.2,99800,4.00,8.00,11.0,13.0,0.0119,0
2023-05-27 15:24:45,1685215485,34.8,14.6,99800,3.00,7.00,9.00,11.0,0.0131,0
2023-05-27 15:29:51,1685215792,34.6,15.1,99800,4.00,7.00,9.00,10.0,0.0174,0
2023-05-27 15:33:16,1685215996,34.6,15.2,99800,4.00,5.00,6.00,7.00,0.00881,0
2023-05-27 15:44:49,1685216690,34.4,15.0,99700,3.00,4.00,5.00,5.00,0.0150,0
2023-05-27 15:49:56,1685216997,34.3,15.0,99700,3.00,6.00,9.00,10.0,0.0233,0
2023-05-27 15:51:59,1685217119,34.2,15.0,99700,3.00,3.00,4.00,4.00,0.0123,0
2023-05-27 15:59:41,1685217582,34.1,14.9,99700,3.00,4.00,5.00,5.00,0.0107,0
2023-05-27 16:04:49,1685217889,34.1,14.9,99700,7.00,11.0,14.0,15.0,0.0182,0
2023-05-27 16:08:13,1685218094,34.0,15.0,99700,3.00,5.00,7.00,8.00,0.0314,0
2023-05-27 16:19:47,1685218788,33.9,15.1,99700,3.00,8.00,11.0,13.0,0.0264,0
2023-05-27 16:24:54,1685219095,33.9,15.3,99700,5.00,10.0,14.0,16.0,0.0337,0
2023-05-27 16:25:35,1685219136,33.9,14.3,99700,2.00,2.00,2.00,3.00,0.0337,0
2023-05-27 16:39:55,1685219995,33.7,14.8,99700,4.00,6.00,8.00,9.00,0.0337,0
2023-05-27 16:44:41,1685220282,33.6,14.7,99700,4.00,7.00,10.0,11.0,0.0132,0
2023-05-27 16:49:49,1685220589,33.5,14.7,99700,4.00,8.00,12.0,14.0,0.0104,0
2023-05-27 16:54:56,1685220897,33.4,15.2,99700,5.00,8.00,12.0,13.0,0.0157,0
2023-05-27 16:59:43,1685221184,33.4,14.8,99700,5.00,11.0,16.0,18.0,0.0238,0
2023-05-27 17:04:50,1685221491,33.2,15.0,99700,5.00,6.00,6.00,7.00,0.0134,0
2023-05-27 17:09:58,1685221799,33.0,14.9,99700,5.00,7.00,10.0,12.0,0.0314,0
2023-05-27 17:14:45,1685222086,32.9,15.1,99693,4.00,6.00,7.00,8.00,0.0321,0
2023-05-27 17:19:53,1685222393,32.9,15.2,99600,4.00,6.00,9.00,10.0,0.0308,0
2023-05-27 17:24:40,1685222680,32.8,15.2,99600,4.00,5.00,6.00,7.00,0.0281,0
2023-05-27 17:29:47,1685222988,32.8,15.0,99600,5.00,6.00,7.00,8.00,0.0136,0
2023-05-27 17:34:55,1685223296,32.7,15.2,99600,5.00,5.00,6.00,6.00,0.0138,0
2023-05-27 17:39:42,1685223583,32.7,15.1,99600,5.00,10.0,14.0,16.0,0.0210,0
2023-05-27 17:44:50,1685223891,32.6,15.2,99600,6.00,8.00,10.0,11.0,0.0362,0
2023-05-27 17:49:58,1685224198,32.5,15.1,99600,4.00,5.00,6.00,6.00,0.0558,0
2023-05-27 17:54:45,1685224486,32.4,15.2,99600,4.00,5.00,6.00,6.00,0.0558,0
2023-05-27 17:59:53,1685224794,32.3,15.3,99600,4.00,7.00,9.00,10.0,0.0135,0
2023-05-27 18:04:40,1685225081,32.2,14.9,99600,4.00,5.00,6.00,7.00,0.0160,0
2023-05-27 18:09:49,1685225389,32.1,15.3,99600,5.00,7.00,8.00,8.00,0.0131,0
2023-05-27 18:14:57,1685225697,32.0,15.4,99600,3.00,8.00,11.0,13.0,0.0170,0
2023-05-27 18:19:44,1685225985,31.9,15.3,99600,4.00,5.00,6.00,7.00,0.0216,0
2023-05-27 18:24:52,1685226293,31.7,15.5,99600,3.00,6.00,7.00,8.00,0.0178,0
2023-05-27 18:29:39,1685226580,31.6,15.7,99600,6.00,9.00,10.0,11.0,0.0158,0
2023-05-27 18:34:47,1685226888,31.5,16.0,99600,5.00,7.00,10.0,11.0,0.0487,0
2023-05-27 18:39:55,1685227196,31.4,16.0,99600,4.00,5.00,6.00,6.00,0.0487,0
2023-05-27 18:44:43,1685227483,31.3,16.0,99600,5.00,6.00,7.00,8.00,0.0522,0
2023-05-27 18:49:51,1685227791,31.1,16.3,99600,5.00,7.00,9.00,11.0,0.0222,0
2023-05-27 18:54:59,1685228099,31.0,16.5,99600,5.00,7.00,8.00,8.00,0.0265,0
2023-05-27 18:59:47,1685228387,30.8,16.9,99600,4.00,7.00,9.00,10.0,0.0270,0
2023-05-27 19:04:55,1685228695,30.7,17.5,99600,3.00,7.00,10.0,11.0,0.0232,0
2023-05-27 19:09:43,1685228983,30.5,18.1,99600,4.00,9.00,13.0,15.0,0.0112,0
2023-05-27 19:14:51,1685229292,30.3,18.1,99600,4.00,8.00,11.0,12.0,0.0207,0
2023-05-27 19:19:39,1685229579,30.1,18.4,99600,3.00,5.00,8.00,9.00,0.0218,0
2023-05-27 19:24:47,1685229888,29.9,18.4,99600,5.00,7.00,8.00,8.00,0.0319,0
2023-05-27 19:29:56,1685230196,29.7,18.4,99600,6.00,6.00,7.00,7.00,0.0280,0
2023-05-27 19:34:44,1685230485,29.4,18.6,99600,4.00,5.00,6.00,7.00,0.0182,0
2023-05-27 19:39:53,1685230793,29.2,18.9,99600,4.00,5.00,6.00,7.00,0.0164,0
2023-05-27 19:44:41,1685231081,28.9,18.9,99600,5.00,11.0,15.0,18.0,0.0128,0
2023-05-27 19:49:49,1685231390,28.7,19.3,99600,6.00,7.00,8.00,9.00,0.0271,0
2023-05-27 19:54:58,1685231699,28.4,19.5,99600,5.00,6.00,7.00,8.00,0.0356,0
2023-05-27 19:59:47,1685231987,28.1,20.2,99600,4.00,5.00,5.00,6.00,0.0344,0
2023-05-27 20:04:56,1685232296,27.8,20.9,99600,5.00,8.00,11.0,13.0,0.0188,0
2023-05-27 20:09:44,1685232585,27.5,20.8,99600,7.00,16.0,22.0,25.0,0.0791,0
2023-05-27 20:14:54,1685232894,27.2,21.1,99600,5.00,9.00,12.0,14.0,0.0791,0
2023-05-27 20:19:43,1685233183,27.0,21.5,99600,4.00,8.00,12.0,13.0,0.0695,0
2023-05-27 20:24:52,1685233493,26.7,21.9,99600,3.00,5.00,6.00,7.00,0.120,0
2023-05-27 20:29:41,1685233781,26.5,22.5,99600,5.00,10.0,13.0,15.0,0.0484,0
2023-05-27 20:34:51,1685234091,26.1,23.6,99600,6.00,11.0,15.0,17.0,0.0675,0
2023-05-27 20:39:39,1685234380,25.7,24.4,99600,4.00,9.00,13.0,15.0,0.0520,0
2023-05-27 20:44:49,1685234690,25.3,24.9,99600,4.00,6.00,6.00,7.00,0.0520,0
2023-05-27 20:49:59,1685235000,24.9,25.5,99600,3.00,6.00,9.00,10.0,0.0141,0
2023-05-27 20:54:48,1685235289,24.5,25.5,99600,4.00,7.00,11.0,12.0,0.0131,0
2023-05-27 20:59:59,1685235599,24.3,25.7,99600,3.00,5.00,7.00,7.00,0.0132,0
2023-05-27 21:04:48,1685235889,24.2,26.0,99600,4.00,6.00,9.00,10.0,0.0207,0
2023-05-27 21:09:58,1685236199,24.0,26.5,99600,5.00,9.00,12.0,14.0,0.0156,0
2023-05-27 21:14:48,1685236488,23.8,26.9,99600,5.00,10.0,15.0,17.0,0.0208,0
2023-05-27 21:19:58,1685236799,23.6,27.2,99600,6.00,10.0,15.0,17.0,0.0683,0
2023-05-27 21:24:48,1685237088,23.3,27.5,99600,4.00,5.00,6.00,6.00,0.0683,0
2023-05-27 21:29:58,1685237399,23.1,27.7,99600,3.00,5.00,6.00,6.00,0.132,0
2023-05-27 21:34:48,1685237688,22.9,28.3,99600,3.00,5.00,6.00,7.00,0.137,0
2023-05-27 21:39:59,1685237999,22.7,28.3,99600,4.00,4.00,5.00,6.00,0.0131,0
2023-05-27 21:44:49,1685238289,22.5,28.6,99600,6.00,11.0,15.0,17.0,0.0288,0
2023-05-27 21:49:39,1685238580,22.3,29.2,99600,6.00,6.00,6.00,6.00,0.0607,0
2023-05-27 21:54:50,1685238890,22.1,29.5,99600,3.00,5.00,7.00,8.00,0.0491,0
2023-05-27 21:59:40,1685239180,22.0,29.7,99600,5.00,7.00,9.00,10.0,0.0491,0
2023-05-27 22:04:51,1685239491,21.8,30.2,99600,3.00,6.00,8.00,10.0,0.0430,0
2023-05-27 22:09:41,1685239782,21.7,30.0,99600,7.00,8.00,8.00,9.00,0.0501,0
2023-05-27 22:14:52,1685240092,21.5,30.7,99600,3.00,5.00,6.00,7.00,0.0393,0
2023-05-27 22:19:42,1685240383,21.3,31.3,99600,4.00,7.00,9.00,10.0,0.0166,0
2023-05-27 22:24:53,1685240694,21.1,31.9,99600,5.00,8.00,11.0,12.0,0.0134,0
2023-05-27 22:29:43,1685240984,20.8,32.2,99600,3.00,6.00,8.00,9.00,0.0102,0
2023-05-27 22:34:55,1685241295,20.6,32.5,99600,4.00,8.00,12.0,14.0,0.0184,0
2023-05-27 22:39:45,1685241585,20.4,32.9,99600,4.00,5.00,6.00,7.00,0.0184,0
2023-05-27 22:44:56,1685241897,20.2,33.8,99600,3.00,5.00,7.00,8.00,0.0310,0
2023-05-27 22:49:46,1685242187,19.9,34.4,99600,5.00,8.00,10.0,11.0,0.0476,0
2023-05-27 22:54:58,1685242499,19.6,34.8,99600,6.00,9.00,11.0,13.0,0.0530,0
2023-05-27 22:59:49,1685242789,19.4,35.1,99600,5.00,5.00,6.00,7.00,0.0312,0
2023-05-27 23:04:39,1685243080,19.2,35.3,99600,5.00,8.00,11.0,12.0,0.0281,0
2023-05-27 23:09:51,1685243392,19.1,35.6,99600,5.00,7.00,8.00,10.0,0.0172,0
2023-05-27 23:14:42,1685243683,18.9,36.0,99600,3.00,5.00,8.00,9.00,0.0376,0
2023-05-27 23:19:54,1685243994,18.8,36.3,99600,5.00,8.00,10.0,11.0,0.0331,0
2023-05-27 23:24:45,1685244285,18.7,36.6,99600,5.00,7.00,8.00,9.00,0.0322,0
2023-05-27 23:29:56,1685244597,18.5,36.9,99600,4.00,6.00,8.00,9.00,0.0267,0
2023-05-27 23:34:48,1685244888,18.3,37.5,99600,4.00,7.00,10.0,12.0,0.0267,0
2023-05-27 23:39:39,1685245179,18.1,37.8,99600,4.00,6.00,7.00,8.00,0.0210,0
2023-05-27 23:44:51,1685245492,17.9,38.2,99600,4.00,7.00,8.00,9.00,0.0210,0
2023-05-27 23:49:42,1685245783,17.7,38.3,99600,5.00,7.00,8.00,9.00,0.0177,0
2023-05-27 23:54:54,1685246095,17.6,38.5,99600,5.00,7.00,9.00,10.0,0.0143,0
2023-05-27 23:59:45,1685246386,17.5,38.9,99600,4.00,9.00,13.0,15.0,0.0105,0
2023-05-28 00:04:58,1685246698,17.3,39.5,99600,4.00,8.00,11.0,13.0,0.0250,0
2023-05-28 00:09:49,1685246989,17.1,39.9,99600,4.00,6.00,8.00,9.00,0.0188,0
2023-05-28 00:14:40,1685247281,16.9,39.9,99600,5.00,8.00,11.0,12.0,0.0245,0
2023-05-28 00:19:53,1685247594,16.8,40.3,99600,4.00,6.00,7.00,7.00,0.0216,0
2023-05-28 00:24:45,1685247885,16.7,40.7,99600,5.00,9.00,13.0,16.0,0.0723,0
2023-05-28 00:29:57,1685248198,16.5,40.9,99600,3.00,5.00,7.00,8.00,0.0852,0
2023-05-28 00:34:49,1685248490,16.4,41.0,99600,3.00,6.00,8.00,9.00,0.0616,0
2023-05-28 00:39:41,1685248782,16.2,41.0,99600,3.00,5.00,8.00,9.00,0.0178,0
2023-05-28 00:44:53,1685249094,16.1,41.6,99600,5.00,7.00,8.00,8.00,0.0213,0
2023-05-28 00:49:45,1685249386,16.0,42.0,99600,5.00,9.00,12.0,14.0,0.0181,0
2023-05-28 00:54:58,1685249699,15.8,42.4,99600,5.00,7.00,8.00,8.00,0.0170,0
2023-05-28 00:59:50,1685249990,15.6,42.5,99600,4.00,10.0,15.0,17.0,0.0159,0
2023-05-28 01:04:41,1685250281,15.5,42.8,99600,5.00,7.00,9.00,10.0,0.0262,0
2023-05-28 01:09:53,1685250593,15.4,43.1,99600,4.00,6.00,9.00,10.0,0.0181,0
2023-05-28 01:14:45,1685250886,15.2,43.1,99600,5.00,6.00,7.00,8.00,0.0332,0
2023-05-28 01:19:57,1685251198,15.1,43.5,99600,5.00,9.00,11.0,13.0,0.0245,0
2023-05-28 01:24:50,1685251490,15.0,43.8,99600,6.00,11.0,14.0,16.0,0.0192,0
2023-05-28 01:29:41,1685251782,14.9,44.1,99600,5.00,7.00,10.0,12.0,0.0305,0
2023-05-28 01:34:55,1685252095,14.7,44.4,99600,5.00,8.00,12.0,13.0,0.0316,0
2023-05-28 01:39:47,1685252388,14.5,44.8,99600,4.00,7.00,10.0,11.0,0.0221,0
2023-05-28 01:44:39,1685252680,14.4,44.8,99600,4.00,6.00,8.00,9.00,0.0221,0
2023-05-28 01:49:53,1685252993,14.3,45.0,99600,4.00,6.00,8.00,8.00,0.0160,0
2023-05-28 01:54:46,1685253286,14.1,45.2,99600,4.00,8.00,11.0,13.0,0.0106,0
2023-05-28 01:59:59,1685253599,14.0,45.5,99600,4.00,7.00,10.0,11.0,0.00961,0
2023-05-28 02:04:51,1685253891,13.9,45.7,99600,7.00,10.0,12.0,13.0,0.0139,0
2023-05-28 02:09:42,1685254183,13.8,45.6,99600,4.00,6.00,8.00,9.00,0.0104,0
2023-05-28 02:14:55,1685254496,13.7,45.9,99600,3.00,6.00,9.00,10.0,0.0190,0
2023-05-28 02:19:47,1685254788,13.6,45.9,99600,8.00,11.0,14.0,15.0,0.0284,0
2023-05-28 02:24:40,1685255080,13.5,45.9,99600,5.00,10.0,14.0,16.0,0.0597,0
2023-05-28 02:29:53,1685255394,13.4,46.1,99600,8.00,9.00,10.0,10.0,0.0451,0
2023-05-28 02:34:46,1685255687,13.3,46.1,99600,4.00,8.00,11.0,13.0,0.0473,0
2023-05-28 02:39:59,1685256000,13.2,46.3,99600,4.00,6.00,7.00,8.00,0.0224,0
2023-05-28 02:44:51,1685256292,13.2,46.7,99600,4.00,6.00,7.00,8.00,0.0420,0
2023-05-28 02:49:43,1685256584,13.1,46.9,99600,6.00,8.00,11.0,13.0,0.0420,0
2023-05-28 02:54:56,1685256896,13.0,47.0,99587,3.00,8.00,11.0,13.0,0.0230,0
2023-05-28 02:59:49,1685257189,13.0,47.1,99557,3.00,6.00,7.00,8.00,0.0128,0
2023-05-28 03:04:41,1685257482,12.9,47.2,99500,4.00,5.00,6.00,7.00,0.0219,0
2023-05-28 03:09:54,1685257795,12.9,47.4,99500,5.00,9.00,13.0,16.0,0.0277,0
2023-05-28 03:14:46,1685258087,12.8,47.2,99500,4.00,6.00,7.00,7.00,0.0413,0
2023-05-28 03:19:39,1685258379,12.7,47.6,99500,5.00,9.00,13.0,15.0,0.0306,0
2023-05-28 03:24:52,1685258692,12.6,47.6,99500,5.00,8.00,11.0,13.0,0.0330,0
2023-05-28 03:29:44,1685258984,12.6,47.9,99500,5.00,7.00,10.0,11.0,0.0120,0
2023-05-28 03:34:56,1685259297,12.5,47.8,99500,5.00,8.00,11.0,12.0,0.0291,0
2023-05-28 03:39:49,1685259590,12.5,47.9,99500,3.00,6.00,8.00,9.00,0.0291,0
2023-05-28 03:44:42,1685259882,12.4,48.0,99500,6.00,10.0,13.0,15.0,0.0121,0
2023-05-28 03:49:56,1685260196,12.3,47.8,99500,4.00,11.0,17.0,19.0,0.0157,0
2023-05-28 03:54:49,1685260489,12.2,48.2,99500,5.00,8.00,10.0,12.0,0.0283,0
2023-05-28 03:59:42,1685260783,12.2,48.6,99500,5.00,7.00,11.0,12.0,0.0286,0
2023-05-28 04:04:56,1685261097,12.1,48.7,99500,5.00,6.00,7.00,8.00,0.0286,0
2023-05-28 04:09:49,1685261390,12.1,48.3,99500,5.00,7.00,9.00,10.0,0.0374,0
2023-05-28 04:14:41,1685261682,12.0,48.5,99500,5.00,6.00,6.00,7.00,0.0274,0
2023-05-28 04:19:54,1685261995,12.0,48.8,99500,4.00,6.00,8.00,9.00,0.0239,0
2023-05-28 04:24:47,1685262288,11.9,49.0,99500,5.00,7.00,9.00,9.00,0.0171,0
2023-05-28 04:29:40,1685262581,11.9,49.2,99500,6.00,8.00,10.0,11.0,0.0125,0
2023-05-28 04:34:53,1685262894,11.9,49.3,99500,4.00,5.00,6.00,7.00,0.0249,0
2023-05-28 04:39:45,1685263186,11.9,49.1,99500,7.00,8.00,9.00,9.00,0.0267,0
2023-05-28 04:44:58,1685263499,11.9,49.4,99500,5.00,8.00,10.0,11.0,0.0123,0
2023-05-28 04:49:51,1685263792,11.8,49.6,99500,5.00,9.00,12.0,13.0,0.0173,0
2023-05-28 04:54:44,1685264085,11.8,49.6,99500,4.00,11.0,16.0,18.0,0.0204,0
2023-05-28 04:59:58,1685264399,11.8,49.1,99500,4.00,6.00,8.00,9.00,0.0159,0
2023-05-28 05:04:51,1685264691,11.7,49.3,99500,4.00,6.00,8.00,9.00,0.0186,0
2023-05-28 05:09:43,1685264984,11.6,49.3,99500,5.00,6.00,7.00,7.00,0.0148,0
2023-05-28 05:14:57,1685265298,11.6,49.0,99500,4.00,11.0,17.0,20.0,0.0250,0
2023-05-28 05:19:50,1685265591,11.5,48.6,99500,4.00,6.00,8.00,8.00,0.0336,0
2023-05-28 05:21:52,1685265713,11.5,48.2,99500,4.00,5.00,6.00,6.00,0.0549,0
2023-05-28 05:54:43,1685267684,12.6,50.4,99500,7.00,8.00,9.00,10.0,,
2023-05-28 08:09:41,1685275782,30.8,21.7,99300,4.00,7.00,8.00,9.00,,
2023-05-28 08:14:48,1685276089,31.2,21.3,99300,9.00,21.0,30.0,35.0,,
2023-05-28 08:15:50,1685276150,31.3,21.1,99300,2.00,3.00,4.00,4.00,,
2023-05-28 09:04:40,1685279080,32.7,19.3,99300,4.00,5.00,6.00,6.00,,
2023-05-28 09:09:46,1685279387,33.1,18.8,99213,5.00,7.00,8.00,8.00,0.156,0
2023-05-28 09:10:27,1685279427,33.3,18.6,99200,3.00,4.00,5.00,6.00,0.144,0
2023-05-28 09:19:58,1685279999,34.0,18.4,99200,5.00,11.0,16.0,19.0,0.144,0
2023-05-28 09:24:44,1685280285,34.2,17.9,99200,5.00,6.00,7.00,8.00,0.0317,0
2023-05-28 09:28:09,1685280489,34.4,17.8,99200,7.00,11.0,14.0,16.0,0.0287,0
2023-05-28 09:34:59,1685280899,34.5,17.6,99200,1.00,1.00,1.00,1.00,0.0287,0
2023-05-28 09:39:45,1685281185,34.5,17.6,99200,3.00,5.00,6.00,7.00,0.0230,0
2023-05-28 09:44:51,1685281492,34.7,17.9,99200,5.00,7.00,10.0,11.0,0.0230,0
2023-05-28 09:45:52,1685281552,34.8,17.6,99200,3.00,3.00,3.00,3.00,0.00925,0
2023-05-28 09:54:56,1685282096,34.8,17.3,99200,4.00,7.00,9.00,10.0,0.0225,0
2023-05-28 09:59:42,1685282382,34.7,17.4,99200,6.00,9.00,14.0,16.0,0.0225,0
2023-05-28 10:00:23,1685282423,34.7,17.4,99200,5.00,6.00,6.00,6.00,0.0159,0
2023-05-28 10:09:54,1685282995,34.5,18.2,99200,3.00,4.00,5.00,6.00,0.0255,0
2023-05-28 10:14:40,1685283281,34.7,17.6,99200,7.00,7.00,9.00,11.0,0.0251,0
2023-05-28 10:19:06,1685283546,34.8,17.5,99185,6.00,8.00,11.0,13.0,0.0195,0
2023-05-28 10:29:40,1685284181,35.2,17.5,99100,4.00,5.00,7.00,7.00,0.0259,0
2023-05-28 10:34:47,1685284487,35.4,17.1,99100,3.00,5.00,6.00,7.00,0.0271,0
2023-05-28 10:38:10,1685284691,35.5,16.7,99100,5.00,7.00,8.00,9.00,0.0328,0
2023-05-28 10:44:43,1685285084,35.6,16.5,99100,5.00,7.00,10.0,11.0,0.0127,0
2023-05-28 10:49:50,1685285390,35.3,16.7,99100,6.00,8.00,11.0,12.0,0.0196,0
2023-05-28 10:52:33,1685285554,34.9,16.8,99100,4.00,5.00,6.00,7.00,0.0207,0
2023-05-28 11:04:50,1685286291,34.5,17.1,99100,5.00,7.00,7.00,8.00,0.0176,0
2023-05-28 11:09:37,1685286577,34.4,17.4,99100,5.00,8.00,11.0,12.0,0.0126,0
2023-05-28 11:19:41,1685287182,34.5,17.7,99100,5.00,6.00,7.00,8.00,0.0135,0
2023-05-28 11:24:48,1685287489,34.4,17.8,99100,7.00,8.00,9.00,10.0,0.0148,0
2023-05-28 11:27:32,1685287652,34.4,17.9,99100,4.00,5.00,6.00,7.00,0.0148,0
2023-05-28 11:39:47,1685288388,34.7,18.5,99000,4.00,5.00,6.00,7.00,0.0184,0
2023-05-28 11:44:54,1685288694,34.9,18.3,99000,5.00,8.00,10.0,10.0,0.0184,0
2023-05-28 11:45:54,1685288755,35.0,18.1,99000,3.00,3.00,3.00,3.00,0.0115,0
2023-05-28 11:54:50,1685289290,34.7,17.9,99000,7.00,14.0,19.0,21.0,0.0450,0
2023-05-28 11:59:56,1685289597,34.6,18.4,99000,6.00,7.00,7.00,7.00,0.0365,0
2023-05-28 12:01:39,1685289699,34.5,19.0,99000,5.00,7.00,7.00,8.00,0.0365,0
2023-05-28 12:09:50,1685290191,35.1,18.9,99000,4.00,4.00,4.00,4.00,0.0281,0
2023-05-28 12:14:57,1685290497,35.4,18.3,99000,8.00,9.00,10.0,12.0,0.0494,0
2023-05-28 12:19:02,1685290742,35.5,18.1,98983,7.00,8.00,11.0,12.0,0.0494,0
2023-05-28 12:29:47,1685291387,35.9,18.3,98900,6.00,7.00,9.00,10.0,0.0294,0
2023-05-28 12:34:53,1685291694,36.1,18.2,98900,5.00,8.00,11.0,13.0,0.0294,0
2023-05-28 12:36:15,1685291775,36.3,17.7,98900,4.00,5.00,6.00,6.00,0.0270,0
2023-05-28 12:44:45,1685292286,36.3,17.8,98900,4.00,5.00,5.00,5.00,0.00963,0
2023-05-28 12:49:51,1685292592,36.1,18.0,98900,5.00,7.00,8.00,9.00,0.0141,0
2023-05-28 12:53:36,1685292816,36.1,17.9,98900,4.00,5.00,6.00,7.00,0.0141,0
2023-05-28 12:59:57,1685293197,36.0,18.0,98900,1.00,1.00,1.00,1.00,0.00565,0
2023-05-28 13:04:42,1685293483,36.0,17.8,98900,6.00,11.0,16.0,18.0,0.0345,0
2023-05-28 13:09:49,1685293789,36.2,18.2,98900,7.00,10.0,11.0,12.0,0.0374,0
2023-05-28 13:12:31,1685293952,36.1,17.7,98900,4.00,7.00,9.00,10.0,0.0255,0
2023-05-28 13:19:41,1685294382,35.9,17.1,98900,3.00,3.00,3.00,3.00,0.0152,0
2023-05-28 13:24:48,1685294688,35.9,16.9,98900,6.00,8.00,9.00,10.0,0.0310,0
2023-05-28 13:28:12,1685294893,36.0,17.0,98900,6.00,7.00,9.00,10.0,0.0199,0
2023-05-28 13:34:52,1685295293,36.7,16.4,98900,5.00,7.00,9.00,9.00,0.0188,0
2023-05-28 13:39:59,1685295599,36.6,16.2,98900,5.00,6.00,6.00,6.00,0.0188,0
2023-05-28 13:44:44,1685295885,36.3,16.4,98900,6.00,7.00,9.00,10.0,0.0155,0
2023-05-28 13:47:27,1685296048,36.0,16.4,98900,5.00,7.00,8.00,9.00,0.0155,0
2023-05-28 13:59:54,1685296794,36.0,16.6,98900,6.00,8.00,10.0,11.0,0.0218,0
2023-05-28 14:02:58,1685296978,35.7,16.9,98900,6.00,10.0,13.0,14.0,0.0256,0
2023-05-28 14:09:40,1685297381,35.8,17.0,98900,2.00,3.00,3.00,4.00,0.0216,0
2023-05-28 14:14:46,1685297687,36.0,16.9,98900,5.00,7.00,8.00,9.00,0.0273,0
2023-05-28 14:19:53,1685297993,36.2,16.3,98900,7.00,9.00,11.0,12.0,0.0310,0
2023-05-28 14:24:43,1685298283,36.2,16.4,98900,2.00,3.00,3.00,3.00,0.00808,0
2023-05-28 14:29:49,1685298590,36.2,16.5,98900,5.00,6.00,7.00,7.00,0.0263,0
2023-05-28 14:34:56,1685298896,36.2,16.5,98900,6.00,15.0,22.0,25.0,0.0263,0
2023-05-28 14:39:21,1685299161,36.3,15.9,98900,3.00,6.00,8.00,9.00,0.0409,0
2023-05-28 14:49:57,1685299797,36.2,14.5,98900,2.00,5.00,7.00,8.00,0.0744,0
2023-05-28 14:54:43,1685300083,36.1,15.0,98900,3.00,5.00,6.00,7.00,0.0902,0
2023-05-28 14:59:49,1685300389,36.1,14.6,98900,4.00,9.00,13.0,15.0,0.0657,0
2023-05-28 15:04:55,1685300696,36.0,14.1,98900,5.00,8.00,11.0,12.0,0.0272,0
2023-05-28 15:09:41,1685300982,35.7,13.7,98900,6.00,10.0,13.0,14.0,0.0237,0
2023-05-28 15:13:06,1685301186,35.7,13.9,98900,6.00,11.0,14.0,16.0,0.0391,0
2023-05-28 15:29:54,1685302194,36.2,12.9,98900,5.00,8.00,10.0,11.0,0.0189,0
2023-05-28 15:34:44,1685302484,36.2,12.3,98900,5.00,10.0,14.0,16.0,0.0189,0
2023-05-28 15:39:50,1685302791,36.1,12.6,98900,5.00,8.00,10.0,11.0,0.0446,0
2023-05-28 15:44:57,1685303098,36.0,12.1,98900,6.00,8.00,10.0,11.0,0.0346,0
2023-05-28 15:48:21,1685303301,35.8,11.9,98900,9.00,13.0,16.0,18.0,0.0101,0
2023-05-28 15:54:48,1685303688,35.5,11.6,98900,5.00,6.00,6.00,6.00,0.0101,0
2023-05-28 15:59:54,1685303995,35.5,11.2,98900,10.0,13.0,14.0,15.0,0.0860,0
2023-05-28 16:04:40,1685304281,35.2,10.6,98900,9.00,10.0,10.0,11.0,0.0903,0
2023-05-28 16:05:41,1685304342,35.0,9.92,98900,5.00,6.00,6.00,6.00,0.0139,0
2023-05-28 16:14:53,1685304894,34.7,10.5,98900,6.00,9.00,12.0,13.0,0.0139,0
2023-05-28 16:19:40,1685305180,34.6,9.82,98900,10.0,15.0,18.0,20.0,0.0457,0
2023-05-28 16:23:04,1685305384,34.4,9.64,98900,8.00,13.0,17.0,19.0,0.0401,0
2023-05-28 16:29:47,1685305787,34.1,9.95,98900,5.00,8.00,10.0,11.0,0.0427,0
2023-05-28 16:34:54,1685306094,34.0,9.83,98900,8.00,14.0,18.0,20.0,0.0481,0
2023-05-28 16:39:41,1685306381,33.9,9.76,98914,6.00,7.00,9.00,10.0,0.0172,0
2023-05-28 16:44:48,1685306689,33.7,9.99,98933,6.00,7.00,8.00,9.00,0.0460,0
2023-05-28 16:49:56,1685306996,33.5,9.90,98900,7.00,8.00,11.0,12.0,0.0384,0
2023-05-28 16:54:43,1685307283,33.3,9.69,98900,7.00,7.00,9.00,9.00,0.0147,0
2023-05-28 16:59:50,1685307591,33.1,9.60,98980,9.00,11.0,12.0,13.0,0.0162,0
2023-05-28 17:04:58,1685307898,32.9,10.1,99000,20.0,45.0,65.0,75.0,0.192,0
2023-05-28 17:09:45,1685308185,32.8,10.1,99000,12.0,22.0,29.0,32.0,0.139,0
2023-05-28 17:14:53,1685308493,32.7,10.2,99000,7.00,8.00,10.0,11.0,0.0853,0
2023-05-28 17:19:40,1685308780,32.6,10.3,99000,8.00,10.0,11.0,12.0,0.205,0
2023-05-28 17:24:47,1685309087,32.4,10.4,99000,8.00,10.0,12.0,13.0,0.205,0
2023-05-28 17:29:54,1685309395,32.3,10.6,99000,7.00,13.0,18.0,20.0,0.0308,0
2023-05-28 17:34:42,1685309682,32.1,10.7,99000,10.0,19.0,26.0,30.0,0.121,0
2023-05-28 17:39:50,1685309990,31.9,10.5,99000,41.0,107,162,188,0.883,0
2023-05-28 17:44:58,1685310298,31.6,10.3,99000,7.00,11.0,14.0,16.0,0.884,0
2023-05-28 17:49:45,1685310586,31.4,10.6,99000,6.00,10.0,13.0,15.0,0.884,0
2023-05-28 17:54:53,1685310894,31.2,10.8,99000,5.00,7.00,8.00,8.00,0.0601,0
2023-05-28 17:59:41,1685311181,31.0,11.1,99000,41.0,106,158,184,0.0716,0
2023-05-28 18:04:49,1685311490,30.9,12.1,99040,40.0,101,150,174,0.150,0
2023-05-28 18:09:57,1685311798,30.7,12.7,99100,9.00,24.0,37.0,43.0,0.217,0
2023-05-28 18:14:45,1685312086,30.4,12.9,99100,14.0,24.0,31.0,35.0,0.200,0
2023-05-28 18:19:53,1685312394,30.2,13.2,99100,13.0,30.0,43.0,50.0,0.167,0
2023-05-28 18:24:41,1685312682,30.0,13.4,99100,8.00,11.0,14.0,15.0,0.491,0
2023-05-28 18:29:50,1685312990,29.8,13.7,99100,6.00,9.00,12.0,13.0,0.491,0
2023-05-28 18:34:59,1685313299,29.5,14.2,99100,3.00,4.00,4.00,5.00,0.139,0
2023-05-28 18:39:47,1685313588,29.3,14.4,99100,4.00,5.00,7.00,8.00,0.0826,0
2023-05-28 18:44:56,1685313896,29.0,14.9,99100,4.00,7.00,10.0,11.0,0.0286,0
2023-05-28 18:49:44,1685314185,28.8,15.1,99143,5.00,9.00,12.0,13.0,0.0417,0
2023-05-28 18:54:53,1685314493,28.5,15.0,99200,5.00,11.0,16.0,18.0,0.0319,0
2023-05-28 18:59:41,1685314782,28.1,15.1,99200,4.00,7.00,10.0,11.0,0.0366,0
2023-05-28 19:04:50,1685315091,27.9,15.5,99200,79.0,217,329,383,0.894,0
2023-05-28 19:09:59,1685315400,27.6,15.7,99200,5.00,6.00,8.00,9.00,0.986,0
2023-05-28 19:14:48,1685315688,27.3,15.7,99200,4.00,8.00,10.0,12.0,1.04,0
2023-05-28 19:19:58,1685315998,27.0,15.7,99200,4.00,7.00,11.0,12.0,1.00,0
2023-05-28 19:24:46,1685316287,26.7,15.8,99200,7.00,10.0,13.0,14.0,0.0235,0
2023-05-28 19:29:56,1685316596,26.4,15.8,99200,6.00,8.00,11.0,12.0,0.0249,0
2023-05-28 19:34:45,1685316885,26.1,15.9,99221,5.00,6.00,7.00,8.00,0.0220,0
2023-05-28 19:39:54,1685317195,25.9,16.2,99300,4.00,5.00,5.00,5.00,0.0180,0
2023-05-28 19:44:44,1685317484,25.6,16.4,99300,7.00,8.00,10.0,11.0,0.0235,0
2023-05-28 19:49:53,1685317794,25.3,16.6,99300,4.00,5.00,7.00,8.00,0.0389,0
2023-05-28 19:54:42,1685318083,25.1,16.5,99300,7.00,12.0,15.0,17.0,0.0381,0
2023-05-28 19:59:52,1685318393,24.8,16.8,99300,4.00,6.00,9.00,10.0,0.0289,0
2023-05-28 20:04:41,1685318682,24.5,17.1,99300,3.00,5.00,7.00,8.00,0.0289,0
2023-05-28 20:09:52,1685318992,24.2,17.2,99300,4.00,8.00,12.0,14.0,0.0119,0
2023-05-28 20:14:41,1685319282,23.9,17.3,99300,3.00,5.00,6.00,7.00,0.0139,0
2023-05-28 20:19:52,1685319592,23.6,17.2,99300,3.00,5.00,6.00,6.00,0.0190,0
2023-05-28 20:24:41,1685319882,23.3,17.3,99300,5.00,7.00,11.0,12.0,0.0228,0
2023-05-28 20:29:52,1685320192,23.0,17.5,99313,3.00,6.00,9.00,11.0,0.0257,0
2023-05-28 20:34:42,1685320482,22.8,18.0,99400,3.00,9.00,13.0,15.0,0.0239,0
2023-05-28 20:39:52,1685320793,22.6,17.9,99400,4.00,9.00,12.0,14.0,0.0282,0
2023-05-28 20:44:42,1685321083,22.3,17.9,99400,3.00,7.00,11.0,12.0,0.0282,0
2023-05-28 20:49:53,1685321394,22.1,18.5,99400,6.00,13.0,18.0,20.0,0.0182,0
2023-05-28 20:54:43,1685321684,22.0,18.8,99400,4.00,8.00,11.0,13.0,0.0191,0
2023-05-28 20:59:54,1685321995,21.8,18.8,99400,7.00,10.0,13.0,14.0,0.0253,0
2023-05-28 21:04:45,1685322285,21.6,18.8,99400,3.00,6.00,9.00,10.0,0.0184,0
2023-05-28 21:09:15,1685322555,21.5,18.8,99400,5.00,7.00,9.00,11.0,0.0206,0
2023-05-28 21:24:52,1685323492,20.9,19.5,99500,5.00,7.00,9.00,10.0,0.0149,0
2023-05-28 21:29:43,1685323783,20.6,19.7,99500,6.00,8.00,10.0,11.0,0.0149,0
2023-05-28 21:34:54,1685324095,20.5,19.9,99500,4.00,7.00,10.0,11.0,0.0132,0
2023-05-28 21:39:44,1685324385,20.3,20.2,99500,3.00,5.00,6.00,6.00,0.0132,0
2023-05-28 21:42:48,1685324568,20.2,20.7,99500,3.00,6.00,8.00,9.00,0.0123,0
2023-05-28 21:49:44,1685324985,19.8,20.9,99500,4.00,7.00,10.0,11.0,0.0213,0
2023-05-28 21:54:56,1685325296,19.7,20.7,99500,4.00,6.00,8.00,9.00,0.0122,0
2023-05-28 21:59:47,1685325587,19.6,20.9,99500,5.00,6.00,7.00,8.00,0.0122,0
2023-05-28 22:04:39,1685325879,19.4,21.3,99525,4.00,6.00,8.00,9.00,0.00960,0
2023-05-28 22:07:46,1685326066,19.3,21.8,99600,3.00,4.00,5.00,5.00,0.0138,0
2023-05-28 22:17:42,1685326662,18.8,22.3,99600,1.00,3.00,5.00,6.00,0.0140,0
2023-05-28 22:29:53,1685327394,18.2,23.1,99600,2.00,6.00,8.00,10.0,0.0140,0
2023-05-28 22:34:44,1685327685,18.1,23.3,99600,3.00,8.00,13.0,15.0,0.0140,0
2023-05-28 22:39:53,1685327994,17.9,23.8,99600,4.00,7.00,10.0,11.0,0.0291,0
2023-05-28 22:43:01,1685328181,17.7,24.6,99600,3.00,4.00,6.00,7.00,0.0340,0
2023-05-28 22:49:39,1685328580,17.3,24.5,99600,3.00,5.00,6.00,7.00,0.0469,0
2023-05-28 22:54:51,1685328892,17.2,24.4,99600,4.00,6.00,8.00,9.00,0.0469,0
2023-05-28 22:59:43,1685329184,17.1,25.2,99600,3.00,7.00,10.0,11.0,0.0214,0
2023-05-28 23:04:55,1685329496,17.1,25.2,99600,6.00,9.00,12.0,13.0,0.0214,0
2023-05-28 23:09:46,1685329787,17.0,25.2,99600,4.00,7.00,10.0,12.0,0.0279,0
2023-05-28 23:14:59,1685330100,17.0,25.2,99600,6.00,8.00,9.00,10.0,0.0281,0
2023-05-28 23:19:50,1685330391,17.0,25.1,99600,5.00,12.0,17.0,20.0,0.0444,0
2023-05-28 23:24:41,1685330682,17.1,25.1,99600,4.00,7.00,9.00,11.0,0.0456,0
2023-05-28 23:29:53,1685330994,17.1,25.2,99600,5.00,8.00,13.0,15.0,0.0264,0
2023-05-28 23:34:45,1685331285,17.1,25.0,99600,5.00,9.00,11.0,13.0,0.0367,0
2023-05-28 23:39:58,1685331598,17.1,25.1,99600,5.00,7.00,9.00,9.00,0.0367,0
2023-05-28 23:44:49,1685331889,17.2,25.1,99600,4.00,7.00,10.0,11.0,0.0193,0
2023-05-28 23:49:41,1685332181,17.2,25.0,99600,4.00,6.00,7.00,8.00,0.0131,0
2023-05-28 23:54:53,1685332493,17.4,24.9,99600,5.00,9.00,13.0,15.0,0.0184,0
2023-05-28 23:59:44,1685332785,17.5,24.7,99600,2.00,5.00,7.00,9.00,0.0192,0
2023-05-29 00:04:57,1685333097,17.6,24.5,99600,4.00,7.00,10.0,11.0,0.0277,0
2023-05-29 00:09:48,1685333388,17.6,24.5,99600,4.00,7.00,10.0,11.0,0.0277,0
2023-05-29 00:14:39,1685333680,17.6,24.4,99600,4.00,7.00,10.0,11.0,0.0169,0
2023-05-29 00:19:52,1685333992,17.5,24.4,99600,3.00,5.00,6.00,6.00,0.0209,0
2023-05-29 00:24:43,1685334284,17.5,24.3,99600,5.00,7.00,8.00,9.00,0.0193,0
2023-05-29 00:29:55,1685334595,17.4,24.5,99600,4.00,7.00,9.00,11.0,0.0151,0
2023-05-29 00:34:46,1685334887,17.4,24.5,99600,3.00,6.00,7.00,8.00,0.0193,0
2023-05-29 00:39:58,1685335198,17.3,24.4,99600,3.00,4.00,6.00,6.00,0.0121,0
2023-05-29 00:44:49,1685335490,17.3,24.7,99600,4.00,7.00,11.0,13.0,0.0229,0
2023-05-29 00:49:41,1685335781,17.2,24.9,99600,4.00,6.00,7.00,8.00,0.0646,0
2023-05-29 00:54:53,1685336093,17.0,25.5,99600,4.00,4.00,6.00,7.00,0.0646,0
2023-05-29 00:59:45,1685336385,16.7,25.8,99600,4.00,6.00,8.00,10.0,0.0355,0
2023-05-29 01:04:57,1685336698,16.4,26.0,99600,2.00,7.00,12.0,14.0,0.0188,0
2023-05-29 01:09:49,1685336990,16.0,26.9,99600,3.00,4.00,5.00,5.00,0.0300,0
2023-05-29 01:14:41,1685337281,15.7,27.6,99600,3.00,4.00,6.00,7.00,0.0195,0
2023-05-29 01:19:54,1685337595,15.3,27.7,99600,5.00,8.00,11.0,12.0,0.0161,0
2023-05-29 01:24:46,1685337886,15.0,28.3,99671,4.00,7.00,10.0,12.0,0.0299,0
2023-05-29 01:29:58,1685338199,14.7,29.2,99700,5.00,9.00,13.0,14.0,0.0288,0
2023-05-29 01:34:50,1685338491,14.3,29.2,99700,3.00,6.00,9.00,10.0,0.0119,0
2023-05-29 01:39:42,1685338783,14.1,29.5,99700,4.00,10.0,14.0,16.0,0.0265,0
2023-05-29 01:44:55,1685339096,13.9,30.2,99700,4.00,7.00,10.0,12.0,0.0285,0
2023-05-29 01:49:47,1685339388,13.7,30.7,99700,3.00,9.00,13.0,16.0,0.0467,0
2023-05-29 01:54:39,1685339680,13.4,31.4,99700,3.00,6.00,8.00,10.0,0.0442,0
2023-05-29 01:59:52,1685339993,13.2,31.6,99700,4.00,10.0,15.0,18.0,0.0397,0
2023-05-29 02:04:45,1685340285,13.0,32.0,99700,4.00,6.00,8.00,10.0,0.0186,0
2023-05-29 02:09:58,1685340599,12.7,32.1,99700,3.00,5.00,6.00,7.00,0.0330,0
2023-05-29 02:14:50,1685340891,12.6,32.5,99700,5.00,6.00,7.00,8.00,0.0276,0
2023-05-29 02:19:43,1685341184,12.6,33.2,99700,4.00,7.00,9.00,9.00,0.0285,0
2023-05-29 02:24:57,1685341498,12.4,33.7,99700,3.00,7.00,10.0,11.0,0.0300,0
2023-05-29 02:29:50,1685341791,12.2,34.2,99700,4.00,8.00,10.0,12.0,0.0303,0
2023-05-29 02:34:44,1685342084,12.0,34.5,99700,5.00,8.00,10.0,11.0,0.0303,0
2023-05-29 02:39:57,1685342398,11.8,34.7,99700,4.00,7.00,10.0,11.0,0.0220,0
2023-05-29 02:44:49,1685342690,11.7,35.0,99736,4.00,7.00,9.00,10.0,0.0220,0
2023-05-29 02:49:42,1685342982,11.7,35.1,99707,4.00,8.00,11.0,13.0,0.0274,0
2023-05-29 02:54:55,1685343295,11.6,35.1,99767,3.00,5.00,7.00,8.00,0.0206,0
2023-05-29 02:59:48,1685343588,11.6,35.3,99800,3.00,5.00,8.00,9.00,0.0353,0
2023-05-29 03:04:41,1685343881,11.5,35.8,99800,4.00,8.00,12.0,14.0,0.0374,0
2023-05-29 03:09:54,1685344195,11.4,36.0,99800,3.00,5.00,8.00,9.00,0.0572,0
2023-05-29 03:14:47,1685344488,11.4,35.8,99800,4.00,7.00,10.0,11.0,0.0285,0
2023-05-29 03:19:39,1685344780,11.4,35.8,99800,5.00,8.00,12.0,14.0,0.0336,0
2023-05-29 03:24:53,1685345094,11.4,35.7,99800,4.00,6.00,9.00,11.0,0.0370,0
2023-05-29 03:29:46,1685345387,11.4,35.4,99800,4.00,7.00,11.0,13.0,0.0351,0
2023-05-29 03:34:59,1685345700,11.4,35.4,99800,3.00,4.00,6.00,7.00,0.0224,0
2023-05-29 03:39:52,1685345992,11.4,35.3,99800,4.00,6.00,7.00,8.00,0.0224,0
2023-05-29 03:44:45,1685346286,11.4,35.2,99800,3.00,6.00,9.00,10.0,0.0264,0
2023-05-29 03:49:59,1685346600,11.4,35.1,99800,4.00,7.00,10.0,11.0,0.0161,0
2023-05-29 03:54:52,1685346893,11.4,35.0,99800,3.00,6.00,9.00,10.0,0.0144,0
2023-05-29 03:59:46,1685347186,11.3,35.3,99800,4.00,8.00,13.0,15.0,0.0401,0
2023-05-29 04:04:39,1685347479,11.3,35.5,99800,4.00,6.00,8.00,9.00,0.0387,0
2023-05-29 04:09:53,1685347794,11.2,35.5,99800,5.00,7.00,10.0,12.0,0.0355,0
2023-05-29 04:14:47,1685348087,11.1,35.2,99843,4.00,9.00,13.0,15.0,0.0355,0
2023-05-29 04:19:41,1685348381,11.0,35.5,99900,5.00,10.0,16.0,18.0,0.0460,0
2023-05-29 04:24:55,1685348696,10.9,36.0,99900,3.00,7.00,11.0,12.0,0.0693,0
2023-05-29 04:29:48,1685348988,10.8,36.7,99900,5.00,6.00,7.00,8.00,0.0864,0
2023-05-29 04:34:41,1685349281,10.6,36.9,99900,4.00,11.0,17.0,20.0,0.0135,0
2023-05-29 04:39:55,1685349596,10.4,36.9,99900,2.00,5.00,8.00,9.00,0.0147,0
2023-05-29 04:44:48,1685349889,10.2,37.1,99900,5.00,9.00,12.0,13.0,0.0329,0
2023-05-29 04:49:42,1685350182,10.0,37.2,99900,3.00,7.00,10.0,11.0,0.0453,0
2023-05-29 04:54:55,1685350495,9.82,37.4,99900,4.00,8.00,11.0,13.0,0.0597,0
2023-05-29 04:59:48,1685350788,9.66,37.9,99900,4.00,7.00,9.00,10.0,0.0326,0
2023-05-29 05:04:40,1685351081,9.48,38.3,99900,2.00,3.00,4.00,5.00,0.0816,0
2023-05-29 05:09:55,1685351396,9.38,38.4,99900,3.00,7.00,11.0,12.0,0.0890,0
2023-05-29 05:14:49,1685351689,9.41,39.0,99900,4.00,4.00,5.00,6.00,0.0533,0
2023-05-29 05:15:52,1685351752,9.45,39.6,99900,3.00,4.00,4.00,5.00,0.0498,0
2023-05-29 05:54:51,1685354092,10.4,40.1,100000,4.00,10.0,15.0,17.0,,
2023-05-29 05:55:53,1685354154,10.6,40.3,100000,3.00,5.00,6.00,7.00,,
2023-05-29 06:01:39,1685354500,12.1,40.2,100000,4.00,6.00,9.00,10.0,,
2023-05-29 07:59:45,1685361586,25.8,17.2,100000,1.00,2.00,3.00,4.00,,
2023-05-29 08:04:53,1685361893,26.1,17.7,100020,2.00,2.00,3.00,3.00,,
2023-05-29 08:14:59,1685362500,26.5,17.0,100100,3.00,5.00,6.00,7.00,,
2023-05-29 08:19:47,1685362787,27.2,16.5,100100,3.00,4.00,6.00,7.00,0.0407,0
2023-05-29 08:20:49,1685362849,27.4,16.5,100100,1.00,1.00,1.00,2.00,0.0133,0
2023-05-29 08:59:48,1685365188,29.0,14.2,100100,3.00,6.00,9.00,10.0,,
2023-05-29 09:04:56,1685365496,29.1,14.1,100100,2.00,3.00,4.00,5.00,,
2023-05-29 09:06:18,1685365578,29.0,13.7,100100,1.00,4.00,6.00,7.00,,
2023-05-29 09:19:39,1685366380,28.5,15.0,100100,2.00,8.00,12.0,14.0,,
2023-05-29 09:24:47,1685366688,28.6,14.5,100100,2.00,2.00,4.00,4.00,0.0159,0
2023-05-29 09:25:08,1685366708,28.5,14.8,100100,1.00,4.00,6.00,7.00,0.0159,0
2023-05-29 09:34:59,1685367299,28.3,14.7,100100,2.00,4.00,6.00,8.00,0.0207,0
2023-05-29 09:39:46,1685367587,28.7,14.5,100100,5.00,7.00,9.00,10.0,0.0210,0
2023-05-29 09:43:12,1685367792,29.1,14.0,100100,36.0,105,161,188,0.193,0
2023-05-29 09:54:54,1685368494,28.9,13.9,100100,2.00,4.00,5.00,5.00,0.527,0
2023-05-29 09:59:41,1685368782,28.8,14.5,100100,7.00,20.0,31.0,36.0,0.543,0
2023-05-29 10:04:53,1685369094,28.4,14.8,100100,1.00,2.00,4.00,5.00,0.519,0
2023-05-29 10:09:41,1685369382,27.8,15.6,100100,2.00,5.00,8.00,10.0,0.204,0
2023-05-29 10:14:50,1685369690,27.4,15.1,100100,3.00,8.00,12.0,15.0,0.0313,0
2023-05-29 10:18:16,1685369896,27.1,15.9,100100,2.00,4.00,5.00,6.00,0.0281,0
2023-05-29 10:24:41,1685370282,27.7,16.7,100100,1.00,3.00,5.00,6.00,0.0470,0
2023-05-29 10:29:50,1685370590,27.6,16.2,100100,2.00,6.00,10.0,12.0,0.0470,0
2023-05-29 10:34:17,1685370858,27.4,16.3,100100,4.00,10.0,15.0,18.0,0.0303,0
2023-05-29 10:44:55,1685371495,26.5,16.9,100100,1.00,4.00,7.00,9.00,0.0188,0
2023-05-29 10:49:43,1685371784,26.1,17.9,100100,2.00,6.00,9.00,10.0,0.0263,0
2023-05-29 10:52:28,1685371949,25.9,17.6,100100,2.00,7.00,10.0,12.0,0.0101,0
2023-05-29 10:59:56,1685372396,25.7,17.9,100100,3.00,3.00,3.00,4.00,0.0397,0
2023-05-29 11:04:44,1685372685,25.8,18.0,100100,3.00,5.00,8.00,10.0,0.0397,0
2023-05-29 11:08:11,1685372891,26.0,18.1,100100,2.00,2.00,3.00,4.00,0.0139,0
2023-05-29 11:19:51,1685373592,26.3,18.0,100100,2.00,4.00,6.00,7.00,0.0132,0
2023-05-29 11:24:40,1685373880,26.2,18.0,100100,2.00,2.00,3.00,4.00,0.0139,0
2023-05-29 11:25:42,1685373942,25.9,18.1,100100,1e-7,1.00,1.00,2.00,0.0112,0
2023-05-29 11:34:51,1685374491,25.4,19.2,100100,2.00,5.00,7.00,9.00,0.0108,0
2023-05-29 11:39:40,1685374780,25.5,19.4,100100,3.00,6.00,10.0,11.0,0.0156,0
2023-05-29 11:43:06,1685374986,25.6,19.2,100100,2.00,4.00,4.00,5.00,0.0177,0
2023-05-29 11:54:44,1685375684,25.7,18.9,100100,2.00,5.00,7.00,9.00,0.0235,0
2023-05-29 11:59:53,1685375994,25.8,18.9,100100,4.00,11.0,18.0,21.0,0.0288,0
2023-05-29 12:01:57,1685376117,25.9,18.7,100100,3.00,3.00,3.00,4.00,0.0288,0
2023-05-29 12:09:44,1685376585,26.0,18.8,100100,2.00,4.00,5.00,6.00,0.0358,0
2023-05-29 12:14:53,1685376894,26.1,18.4,100100,2.00,5.00,9.00,10.0,0.0593,0
2023-05-29 12:19:00,1685377141,25.9,18.5,100042,20.0,52.0,77.0,89.0,0.135,0
2023-05-29 12:29:57,1685377797,26.6,17.9,100100,1e-7,1.00,1.00,1.00,0.149,0
2023-05-29 12:34:45,1685378085,26.8,18.2,100007,2.00,5.00,7.00,8.00,0.156,0
2023-05-29 12:37:30,1685378250,27.0,17.8,100000,1.00,3.00,5.00,5.00,0.140,0
2023-05-29 12:44:51,1685378691,26.9,17.6,100000,1.00,3.00,5.00,6.00,0.162,0
2023-05-29 12:49:39,1685378980,26.8,18.0,100000,2.00,5.00,7.00,8.00,0.0922,0
2023-05-29 12:54:48,1685379289,26.7,17.8,100000,30.0,92.0,143,168,0.0233,0
2023-05-29 13:04:40,1685379880,26.6,18.0,100000,23.0,69.0,107,125,0.0763,0
2023-05-29 13:09:49,1685380189,26.8,17.2,100000,6.00,17.0,26.0,30.0,0.188,0
2023-05-29 13:11:52,1685380313,26.5,17.3,100000,2.00,3.00,5.00,5.00,0.113,0
2023-05-29 13:19:59,1685380800,26.8,17.6,100000,3.00,11.0,18.0,21.0,0.218,0
2023-05-29 13:24:48,1685381088,26.7,17.9,100000,3.00,5.00,8.00,9.00,0.176,0
2023-05-29 13:28:13,1685381294,26.8,18.2,100000,1.00,4.00,6.00,7.00,0.176,0
2023-05-29 13:39:53,1685381993,26.8,18.2,100000,2.00,6.00,10.0,11.0,0.0497,0
2023-05-29 13:44:41,1685382282,27.2,18.3,100000,3.00,6.00,8.00,9.00,0.0163,0
2023-05-29 13:47:05,1685382425,27.4,17.6,100000,21.0,60.0,91.0,107,0.0221,0
2023-05-29 13:54:53,1685382893,27.1,17.5,100000,1.00,2.00,3.00,3.00,0.200,0
2023-05-29 13:59:41,1685383182,27.1,17.8,100000,1.00,4.00,6.00,7.00,0.272,0
2023-05-29 14:04:09,1685383449,27.3,17.9,99938,2.00,3.00,4.00,5.00,0.272,0
2023-05-29 14:14:57,1685384098,27.8,17.2,99900,2.00,3.00,5.00,6.00,0.170,0
2023-05-29 14:19:45,1685384386,27.6,17.4,99900,3.00,6.00,9.00,11.0,0.0114,0
2023-05-29 14:21:49,1685384509,27.6,17.5,99900,1.00,2.00,4.00,4.00,0.0118,0
2023-05-29 14:29:44,1685384984,28.0,17.5,99900,3.00,4.00,5.00,6.00,0.0118,0
2023-05-29 14:34:52,1685385293,28.1,17.0,99900,2.00,4.00,5.00,6.00,0.0160,0
2023-05-29 14:39:20,1685385561,27.9,16.8,99900,2.00,5.00,7.00,9.00,0.0111,0
2023-05-29 14:44:42,1685385883,27.3,17.2,99900,1e-7,2.00,3.00,3.00,0.0110,0
2023-05-29 14:49:51,1685386191,27.1,17.3,99900,1.00,2.00,2.00,3.00,0.0258,0
2023-05-29 14:54:39,1685386480,27.1,17.5,99900,2.00,4.00,6.00,7.00,0.0196,0
2023-05-29 14:56:42,1685386603,27.0,17.4,99900,2.00,7.00,10.0,12.0,0.0319,0
2023-05-29 15:04:48,1685387089,26.7,17.8,99900,125,351,536,626,0.0530,0
2023-05-29 15:09:57,1685387398,26.7,18.1,99900,22.0,52.0,76.0,87.0,0.881,0
2023-05-29 15:14:25,1685387665,26.9,17.8,99900,7.00,10.0,12.0,13.0,0.878,0
2023-05-29 15:24:42,1685388283,26.9,18.0,99900,7.00,20.0,32.0,37.0,0.988,0
2023-05-29 15:29:51,1685388592,26.9,18.3,99900,2.00,7.00,12.0,14.0,0.766,0
2023-05-29 15:30:33,1685388633,26.9,17.4,99900,1.00,1.00,1.00,1.00,0.251,0
2023-05-29 15:39:40,1685389180,26.7,17.9,99900,1.00,4.00,6.00,7.00,0.219,0
2023-05-29 15:44:49,1685389489,26.6,18.2,99900,3.00,9.00,13.0,16.0,0.234,0
2023-05-29 15:49:17,1685389757,26.7,18.1,99900,1.00,5.00,8.00,9.00,0.0206,0
2023-05-29 15:59:56,1685390397,26.5,17.4,99900,1.00,4.00,6.00,8.00,0.0181,0
2023-05-29 16:04:45,1685390686,26.4,17.5,99871,2.00,7.00,11.0,13.0,0.0149,0
2023-05-29 16:05:26,1685390727,26.3,17.8,99900,1.00,1.00,1.00,1.00,0.0136,0
2023-05-29 16:14:54,1685391295,26.4,17.6,99800,1.00,3.00,5.00,6.00,0.0130,0
2023-05-29 16:19:43,1685391584,26.3,17.5,99800,4.00,14.0,22.0,26.0,0.0848,0
2023-05-29 16:24:32,1685391873,26.2,17.5,99800,11.0,30.0,45.0,53.0,0.309,0
2023-05-29 16:39:58,1685392799,26.2,17.4,99800,1.00,3.00,4.00,5.00,0.375,0
2023-05-29 16:44:47,1685393087,26.2,17.6,99800,3.00,10.0,16.0,19.0,0.375,0
2023-05-29 16:49:56,1685393397,26.2,17.8,99800,2.00,7.00,12.0,14.0,0.109,0
2023-05-29 16:54:45,1685393686,26.2,17.2,99800,32.0,83.0,124,144,0.259,0
2023-05-29 16:59:55,1685393995,26.0,17.1,99800,5.00,16.0,26.0,30.0,0.616,0
2023-05-29 17:04:44,1685394284,25.8,17.7,99800,1.00,4.00,6.00,7.00,0.666,0
2023-05-29 17:09:53,1685394594,25.8,17.5,99800,3.00,6.00,8.00,9.00,0.677,0
2023-05-29 17:14:42,1685394883,25.7,17.6,99800,2.00,5.00,8.00,9.00,0.0374,0
2023-05-29 17:19:52,1685395193,25.7,17.4,99800,1.00,2.00,4.00,5.00,0.0159,0
2023-05-29 17:24:42,1685395482,25.5,17.7,99800,1.00,1.00,2.00,2.00,0.0200,0
2023-05-29 17:29:51,1685395792,25.4,17.8,99800,1.00,5.00,8.00,9.00,0.0179,0
2023-05-29 17:34:41,1685396081,25.3,17.5,99800,2.00,4.00,6.00,7.00,0.0213,0
2023-05-29 17:39:51,1685396391,24.9,17.5,99800,1.00,4.00,7.00,8.00,0.0213,0
2023-05-29 17:44:40,1685396681,24.7,18.0,99800,2.00,4.00,6.00,6.00,0.0119,0
2023-05-29 17:49:50,1685396991,24.6,18.2,99800,3.00,7.00,11.0,13.0,0.0265,0
2023-05-29 17:54:40,1685397280,24.5,18.2,99800,2.00,3.00,5.00,6.00,0.0299,0
2023-05-29 17:59:50,1685397591,24.5,18.6,99800,1.00,4.00,6.00,7.00,0.0328,0
2023-05-29 18:04:40,1685397880,24.5,18.9,99800,175,515,794,930,1.40,0
2023-05-29 18:09:50,1685398190,24.4,19.0,99800,233,669,1024,1197,4.64,0
2023-05-29 18:14:39,1685398480,24.4,18.9,99800,14.0,35.0,54.0,64.0,4.64,0
2023-05-29 18:19:49,1685398790,24.4,18.9,99800,1.00,4.00,6.00,8.00,3.03,0
2023-05-29 18:24:59,1685399100,24.3,18.6,99800,2.00,3.00,4.00,5.00,3.79,0
2023-05-29 18:29:49,1685399389,24.1,18.6,99800,2.00,3.00,5.00,5.00,0.599,0
2023-05-29 18:34:59,1685399700,23.9,18.6,99800,6.00,17.0,26.0,30.0,0.107,0
2023-05-29 18:39:49,1685399989,23.8,18.1,99800,1.00,3.00,6.00,7.00,0.157,0
2023-05-29 18:44:59,1685400300,23.5,18.4,99800,1.00,4.00,6.00,7.00,0.146,0
2023-05-29 18:49:49,1685400589,23.4,18.6,99800,2.00,4.00,5.00,6.00,0.136,0
2023-05-29 18:54:59,1685400900,23.2,18.6,99800,2.00,8.00,12.0,14.0,0.0142,0
2023-05-29 18:59:49,1685401190,23.2,19.1,99800,3.00,8.00,12.0,13.0,0.0479,0
2023-05-29 19:04:39,1685401480,23.1,18.5,99814,1.00,4.00,7.00,8.00,0.0227,0
2023-05-29 19:09:50,1685401790,22.9,18.4,99847,3.00,4.00,6.00,7.00,0.0279,0
2023-05-29 19:14:40,1685402080,22.7,18.2,99879,6.00,15.0,23.0,26.0,0.0230,0
2023-05-29 19:19:50,1685402391,22.6,18.4,99900,6.00,17.0,26.0,31.0,1.02,0
2023-05-29 19:24:40,1685402681,22.5,18.5,99900,3.00,8.00,13.0,15.0,1.03,0
2023-05-29 19:29:51,1685402991,22.3,18.8,99900,3.00,7.00,11.0,13.0,0.820,0
2023-05-29 19:34:41,1685403281,22.2,19.2,99900,3.00,6.00,9.00,10.0,0.300,0
2023-05-29 19:39:52,1685403593,22.0,20.2,99900,2.00,4.00,7.00,8.00,0.0330,0
2023-05-29 19:44:42,1685403882,21.7,20.8,99900,3.00,9.00,13.0,15.0,0.0330,0
2023-05-29 19:49:53,1685404193,21.4,21.7,99900,1.00,4.00,7.00,9.00,0.0325,0
2023-05-29 19:54:43,1685404484,21.1,22.2,99900,2.00,5.00,8.00,9.00,0.0182,0
2023-05-29 19:59:55,1685404795,20.7,23.4,99900,2.00,2.00,3.00,4.00,0.0182,0
2023-05-29 20:04:45,1685405086,20.3,24.7,99900,2.00,3.00,4.00,4.00,0.0235,0
2023-05-29 20:09:57,1685405397,19.8,25.8,99900,2.00,4.00,6.00,7.00,0.0161,0
2023-05-29 20:14:47,1685405688,19.4,26.5,99900,1.00,3.00,4.00,5.00,0.0201,0
2023-05-29 20:19:59,1685405999,18.9,27.5,99900,1.00,3.00,5.00,6.00,0.0172,0
2023-05-29 20:24:50,1685406290,18.5,28.6,99900,1.00,4.00,6.00,7.00,0.0178,0
2023-05-29 20:29:41,1685406581,18.1,29.6,99900,2.00,4.00,5.00,6.00,0.0178,0
2023-05-29 20:34:52,1685406893,17.6,30.6,99900,1.00,2.00,3.00,4.00,0.00914,0
2023-05-29 20:39:44,1685407184,17.2,30.8,99900,2.00,4.00,6.00,7.00,0.0102,0
2023-05-29 20:44:56,1685407496,16.8,31.0,99900,2.00,6.00,9.00,10.0,0.0124,0
2023-05-29 20:49:47,1685407788,16.5,31.6,99900,2.00,4.00,6.00,7.00,0.0136,0
2023-05-29 20:54:39,1685408080,16.2,32.5,99900,2.00,4.00,6.00,7.00,0.0136,0
2023-05-29 20:59:51,1685408392,15.9,32.8,99900,1.00,4.00,6.00,8.00,0.0113,0
2023-05-29 21:04:43,1685408684,15.5,33.0,99900,1.00,4.00,7.00,8.00,0.0180,0
2023-05-29 21:09:56,1685408997,15.1,33.4,99900,2.00,5.00,8.00,9.00,0.0124,0
2023-05-29 21:14:48,1685409289,14.8,33.7,99900,2.00,4.00,7.00,8.00,0.0165,0
2023-05-29 21:19:40,1685409581,14.5,33.9,99900,2.00,4.00,7.00,9.00,0.0193,0
2023-05-29 21:24:53,1685409894,14.2,34.3,99900,3.00,8.00,12.0,14.0,0.0127,0
2023-05-29 21:29:46,1685410186,14.0,34.7,99900,2.00,6.00,9.00,11.0,0.0186,0
2023-05-29 21:34:59,1685410499,13.7,34.9,99900,2.00,7.00,11.0,13.0,0.0142,0
2023-05-29 21:39:51,1685410791,13.5,35.4,99900,2.00,6.00,10.0,11.0,0.0115,0
2023-05-29 21:44:43,1685411084,13.3,35.9,99900,2.00,6.00,9.00,10.0,0.0267,0
2023-05-29 21:49:57,1685411397,13.1,36.2,99900,4.00,12.0,18.0,21.0,0.0335,0
2023-05-29 21:54:49,1685411689,13.0,36.2,99900,6.00,9.00,11.0,12.0,0.0294,0
2023-05-29 21:59:41,1685411982,12.9,36.7,99900,2.00,6.00,9.00,11.0,0.0294,0
2023-05-29 22:04:55,1685412295,12.8,37.0,99900,8.00,20.0,30.0,35.0,0.284,0
2023-05-29 22:09:48,1685412588,12.7,37.4,99900,5.00,13.0,21.0,24.0,0.522,0
2023-05-29 22:14:41,1685412881,12.5,37.6,99900,5.00,18.0,28.0,33.0,0.178,0
2023-05-29 22:19:54,1685413194,12.4,37.5,99900,6.00,19.0,31.0,36.0,0.183,0
2023-05-29 22:24:46,1685413486,12.3,37.8,99900,7.00,19.0,29.0,34.0,0.138,0
2023-05-29 22:29:59,1685413800,12.2,38.4,99900,3.00,9.00,13.0,15.0,0.138,0
2023-05-29 22:34:52,1685414093,12.1,38.2,99900,4.00,12.0,19.0,23.0,0.0825,0
2023-05-29 22:39:45,1685414385,12.0,38.6,99900,4.00,9.00,13.0,16.0,0.0846,0
2023-05-29 22:44:59,1685414699,11.9,38.3,99900,2.00,5.00,8.00,9.00,0.163,0
2023-05-29 22:49:52,1685414993,11.9,38.2,99900,2.00,7.00,11.0,13.0,0.269,0
2023-05-29 22:54:45,1685415285,11.9,38.6,99900,5.00,16.0,25.0,29.0,0.0599,0
2023-05-29 22:59:59,1685415599,11.8,38.7,99900,4.00,6.00,8.00,9.00,0.0403,0
2023-05-29 23:04:52,1685415892,11.6,39.5,99900,2.00,5.00,8.00,9.00,0.0318,0
2023-05-29 23:09:45,1685416186,11.5,39.4,99900,3.00,7.00,10.0,12.0,0.0318,0
2023-05-29 23:14:59,1685416499,11.4,39.6,99900,1.00,4.00,6.00,7.00,0.0376,0
2023-05-29 23:19:52,1685416792,11.3,39.9,99900,3.00,6.00,8.00,9.00,0.0340,0
2023-05-29 23:24:45,1685417086,11.2,40.2,99900,2.00,5.00,9.00,10.0,0.0280,0
2023-05-29 23:29:59,1685417400,11.1,39.9,99900,2.00,6.00,10.0,12.0,0.0324,0
2023-05-29 23:34:52,1685417693,11.0,39.7,99900,2.00,4.00,5.00,6.00,0.0162,0
2023-05-29 23:39:46,1685417987,11.0,39.8,99900,1.00,4.00,6.00,7.00,0.0113,0
2023-05-29 23:44:40,1685418280,10.9,40.2,99900,1.00,4.00,6.00,7.00,0.0170,0
2023-05-29 23:49:53,1685418594,10.8,40.6,99900,3.00,4.00,5.00,6.00,0.0170,0
2023-05-29 23:54:47,1685418887,10.6,40.2,99900,2.00,4.00,7.00,9.00,0.0168,0
2023-05-29 23:59:41,1685419181,10.6,40.0,99900,2.00,7.00,11.0,13.0,0.0109,0
2023-05-30 00:04:55,1685419495,10.5,39.8,99900,1.00,2.00,4.00,5.00,0.0192,0
2023-05-30 00:09:47,1685419788,10.5,40.4,99900,2.00,4.00,7.00,8.00,0.0390,0
2023-05-30 00:14:40,1685420081,10.4,40.7,99900,2.00,3.00,4.00,4.00,0.0171,0
2023-05-30 00:19:54,1685420395,10.3,40.7,99900,2.00,5.00,7.00,8.00,0.0131,0
2023-05-30 00:24:47,1685420688,10.2,40.5,99900,2.00,4.00,6.00,7.00,0.0115,0
2023-05-30 00:29:40,1685420981,10.2,40.6,99900,2.00,6.00,9.00,10.0,0.0225,0
2023-05-30 00:34:56,1685421296,10.1,40.8,99900,2.00,6.00,8.00,10.0,0.0225,0
2023-05-30 00:39:49,1685421589,9.96,41.1,99900,1.00,5.00,8.00,9.00,0.0248,0
2023-05-30 00:44:43,1685421883,9.83,41.4,99900,2.00,5.00,8.00,9.00,0.0133,0
2023-05-30 00:49:57,1685422198,9.71,41.2,99900,2.00,6.00,10.0,12.0,0.0163,0
2023-05-30 00:54:51,1685422491,9.62,41.1,99900,1.00,3.00,4.00,5.00,0.0173,0
2023-05-30 00:59:44,1685422784,9.55,41.3,99900,1.00,5.00,7.00,9.00,0.0181,0
2023-05-30 01:04:57,1685423098,9.49,41.4,99900,1.00,3.00,5.00,5.00,0.0156,0
2023-05-30 01:09:51,1685423391,9.46,41.3,99900,3.00,7.00,10.0,12.0,0.0168,0
2023-05-30 01:14:44,1685423685,9.43,41.4,99900,2.00,5.00,8.00,10.0,0.0192,0
2023-05-30 01:19:58,1685423998,9.42,41.4,99900,2.00,5.00,9.00,10.0,0.0132,0
2023-05-30 01:24:51,1685424291,9.40,41.2,99900,3.00,6.00,8.00,10.0,0.0163,0
2023-05-30 01:29:44,1685424585,9.37,41.3,99900,2.00,7.00,12.0,14.0,0.0324,0
2023-05-30 01:34:59,1685424899,9.34,41.4,99900,2.00,2.00,4.00,5.00,0.0444,0
2023-05-30 01:39:52,1685425192,9.34,41.8,99900,3.00,5.00,7.00,8.00,0.0445,0
2023-05-30 01:44:46,1685425486,9.39,41.8,99900,1.00,2.00,4.00,4.00,0.0151,0
2023-05-30 01:49:39,1685425780,9.38,41.8,99900,2.00,6.00,9.00,10.0,0.0164,0
2023-05-30 01:54:54,1685426094,9.33,41.9,99900,2.00,7.00,10.0,12.0,0.0349,0
2023-05-30 01:59:47,1685426387,9.24,41.9,99900,2.00,3.00,6.00,7.00,0.0349,0
2023-05-30 02:04:41,1685426681,9.17,42.0,99900,2.00,2.00,3.00,3.00,0.0354,0
2023-05-30 02:09:55,1685426995,9.09,42.2,99900,1.00,3.00,4.00,5.00,0.0354,0
2023-05-30 02:14:48,1685427289,9.00,42.6,99900,1.00,4.00,6.00,7.00,0.0105,0
2023-05-30 02:19:41,1685427582,8.89,42.4,99900,2.00,5.00,8.00,10.0,0.0162,0
2023-05-30 02:24:56,1685427897,8.81,42.4,99900,2.00,5.00,8.00,10.0,0.00977,0
2023-05-30 02:29:50,1685428190,8.77,42.4,99900,2.00,4.00,6.00,7.00,0.0221,0
2023-05-30 02:34:43,1685428483,8.76,42.6,99900,1.00,4.00,7.00,8.00,0.0221,0
2023-05-30 02:39:56,1685428797,8.80,42.7,99900,2.00,4.00,5.00,6.00,0.0122,0
2023-05-30 02:44:50,1685429091,8.84,42.8,99900,4.00,11.0,16.0,18.0,0.0188,0
2023-05-30 02:49:44,1685429384,8.86,42.7,99900,2.00,2.00,4.00,4.00,0.0227,0
2023-05-30 02:54:58,1685429699,8.84,42.7,99900,2.00,6.00,9.00,10.0,0.0356,0
2023-05-30 02:59:52,1685429993,8.76,42.6,99900,1.00,3.00,5.00,6.00,0.0281,0
2023-05-30 03:04:45,1685430286,8.64,42.8,99900,2.00,5.00,7.00,9.00,0.0281,0
2023-05-30 03:09:59,1685430600,8.52,42.8,99900,1.00,4.00,6.00,7.00,0.0188,0
2023-05-30 03:14:53,1685430893,8.41,43.1,99900,1.00,3.00,5.00,6.00,0.0188,0
2023-05-30 03:19:46,1685431187,8.32,43.2,99900,2.00,6.00,10.0,12.0,0.0195,0
2023-05-30 03:24:40,1685431481,8.23,43.2,99900,1.00,2.00,4.00,5.00,0.0199,0
2023-05-30 03:29:55,1685431796,8.16,43.4,99900,1.00,4.00,7.00,8.00,0.0209,0
2023-05-30 03:34:50,1685432090,8.10,43.5,99900,2.00,4.00,7.00,8.00,0.0140,0
2023-05-30 03:39:44,1685432384,8.06,43.7,99900,1.00,2.00,4.00,5.00,0.0101,0
2023-05-30 03:44:58,1685432699,7.99,44.1,99900,1.00,4.00,6.00,7.00,0.00995,0
2023-05-30 03:49:51,1685432992,7.94,43.9,99900,2.00,4.00,6.00,7.00,0.0132,0
2023-05-30 03:54:44,1685433285,7.92,44.1,99900,1.00,2.00,4.00,5.00,0.0110,0
2023-05-30 03:59:58,1685433599,7.86,44.1,99900,1.00,5.00,7.00,9.00,0.0135,0
2023-05-30 04:04:52,1685433893,7.78,44.0,99900,1.00,3.00,4.00,5.00,0.0135,0
2023-05-30 04:09:45,1685434186,7.71,44.1,99900,1.00,2.00,4.00,4.00,0.0177,0
2023-05-30 04:14:39,1685434480,7.63,44.2,99900,1.00,5.00,8.00,10.0,0.0171,0
2023-05-30 04:19:55,1685434795,7.54,44.3,99900,2.00,4.00,7.00,8.00,0.0148,0
2023-05-30 04:24:49,1685435089,7.46,44.3,99900,2.00,4.00,7.00,8.00,0.0165,0
2023-05-30 04:29:43,1685435384,7.40,44.4,99900,1.00,2.00,4.00,5.00,0.0165,0
2023-05-30 04:34:58,1685435698,7.33,44.4,99900,1.00,2.00,3.00,4.00,0.0291,0
2023-05-30 04:39:52,1685435993,7.24,44.6,99900,1.00,4.00,7.00,8.00,0.0193,0
2023-05-30 04:44:46,1685436286,7.18,44.7,99900,1.00,3.00,5.00,6.00,0.0182,0
2023-05-30 04:49:39,1685436579,7.15,44.9,99900,1.00,4.00,6.00,7.00,0.0145,0
2023-05-30 04:54:53,1685436894,7.16,45.3,99900,1.00,4.00,7.00,8.00,0.0114,0
2023-05-30 04:59:46,1685437187,7.24,45.7,99900,1.00,5.00,7.00,9.00,0.0106,0
2023-05-30 05:04:39,1685437480,7.34,45.8,99900,2.00,5.00,8.00,10.0,0.0128,0
2023-05-30 05:09:33,1685437774,7.44,45.8,99900,2.00,4.00,5.00,6.00,0.0270,0
2023-05-30 06:04:38,1685441078,11.0,45.6,99900,1.00,3.00,5.00,6.00,,
2023-05-30 08:19:49,1685449189,34.1,13.6,99900,1e-7,2.00,4.00,5.00,,
2023-05-30 08:23:49,1685449429,34.1,13.7,99900,2.00,7.00,10.0,12.0,,
2023-05-30 09:09:45,1685452186,36.0,10.7,99900,2.00,5.00,9.00,10.0,,
2023-05-30 09:14:10,1685452450,36.1,11.1,99900,22.0,69.0,107,126,,
2023-05-30 09:19:48,1685452789,36.2,11.1,99900,3.00,7.00,11.0,13.0,0.0113,1.76
2023-05-30 09:24:54,1685453094,36.4,11.3,99900,1.00,2.00,4.00,4.00,0.0103,6.60
2023-05-30 09:29:39,1685453380,36.4,11.2,99900,2.00,4.00,6.00,7.00,0.0395,6.65
2023-05-30 09:33:23,1685453604,36.5,11.6,99900,6.00,13.0,20.0,23.0,0.0156,6.65
2023-05-30 09:39:47,1685453988,36.4,11.4,99900,4.00,12.0,19.0,22.0,0.0443,6.65
2023-05-30 09:44:53,1685454294,36.2,11.9,99900,19.0,53.0,81.0,95.0,0.370,2.76
2023-05-30 09:48:16,1685454497,36.2,11.9,99900,3.00,3.00,4.00,5.00,0.370,0.692
2023-05-30 09:54:50,1685454891,36.0,12.0,99900,3.00,6.00,10.0,11.0,0.332,0
2023-05-30 09:59:56,1685455197,35.8,11.8,99900,2.00,3.00,4.00,5.00,0.326,0
2023-05-30 10:04:42,1685455482,35.8,11.8,99900,2.00,3.00,4.00,5.00,0.0364,0
2023-05-30 10:05:43,1685455543,35.8,11.9,99900,1.00,1.00,1.00,1.00,0.0280,0
2023-05-30 10:14:48,1685456088,35.9,11.9,99900,3.00,5.00,6.00,6.00,0.0202,0
2023-05-30 10:19:54,1685456394,35.6,11.7,99900,2.00,4.00,6.00,7.00,0.0173,0
2023-05-30 10:23:18,1685456598,35.3,11.9,99900,2.00,4.00,6.00,7.00,0.0176,0
2023-05-30 10:29:52,1685456992,34.9,12.1,99900,3.00,6.00,9.00,11.0,0.0176,0
2023-05-30 10:34:58,1685457298,34.9,12.0,99900,2.00,3.00,4.00,5.00,0.0172,0
2023-05-30 10:38:02,1685457482,34.9,12.2,99900,1.00,2.00,4.00,4.00,0.0437,0
2023-05-30 10:49:54,1685458195,34.8,13.0,99900,5.00,7.00,8.00,8.00,0.0366,0
2023-05-30 10:54:40,1685458481,34.4,13.6,99893,2.00,6.00,9.00,11.0,0.0251,0
2023-05-30 10:57:23,1685458644,34.5,13.6,99800,2.00,3.00,4.00,5.00,0.0107,0
2023-05-30 11:04:44,1685459084,34.7,13.9,99800,3.00,4.00,4.00,5.00,0.0191,0
2023-05-30 11:09:51,1685459391,34.9,13.6,99800,2.00,5.00,7.00,8.00,0.0191,0
2023-05-30 11:14:57,1685459698,34.8,13.6,99800,5.00,9.00,13.0,15.0,0.0136,0
2023-05-30 11:19:49,1685459989,34.7,13.4,99800,2.00,2.00,3.00,3.00,0.0103,0
2023-05-30 11:24:55,1685460296,34.6,13.8,99800,4.00,7.00,10.0,11.0,0.0176,0
2023-05-30 11:29:41,1685460582,34.5,13.6,99800,4.00,7.00,9.00,10.0,0.0486,0
2023-05-30 11:32:04,1685460724,34.3,13.9,99800,2.00,6.00,9.00,10.0,0.0302,0
2023-05-30 11:39:45,1685461186,34.1,14.2,99800,2.00,6.00,9.00,11.0,0.0187,0
2023-05-30 11:44:52,1685461493,33.9,14.4,99800,6.00,9.00,11.0,13.0,0.0206,0
2023-05-30 11:48:17,1685461697,33.8,14.3,99800,3.00,7.00,10.0,12.0,0.0206,0
2023-05-30 11:54:57,1685462098,33.7,13.8,99800,2.00,5.00,6.00,7.00,0.0135,0
2023-05-30 11:59:43,1685462384,33.7,14.3,99800,3.00,5.00,7.00,8.00,0.0197,0
2023-05-30 12:04:50,1685462690,33.8,13.9,99800,3.00,8.00,11.0,13.0,0.0290,0
2023-05-30 12:05:31,1685462731,33.9,13.8,99800,3.00,3.00,3.00,3.00,0.0172,0
2023-05-30 12:14:40,1685463281,33.8,13.8,99800,2.00,3.00,4.00,5.00,0.0117,0
2023-05-30 12:19:47,1685463588,33.9,14.1,99800,3.00,4.00,5.00,5.00,0.0179,0
2023-05-30 12:23:52,1685463833,33.9,14.1,99800,4.00,7.00,11.0,13.0,0.0120,0
2023-05-30 12:29:53,1685464193,34.0,14.5,99800,3.00,3.00,3.00,3.00,0.0157,0
2023-05-30 12:34:39,1685464480,34.1,14.4,99800,3.00,5.00,7.00,8.00,0.0206,0
2023-05-30 12:39:46,1685464786,34.2,14.1,99700,3.00,6.00,9.00,10.0,0.0292,0
2023-05-30 12:42:49,1685464969,34.4,14.0,99700,3.00,4.00,6.00,7.00,0.0148,0
2023-05-30 12:49:41,1685465381,34.7,13.6,99700,8.00,19.0,28.0,32.0,0.113,0
2023-05-30 12:54:47,1685465688,34.9,12.6,99700,4.00,4.00,4.00,5.00,0.121,0
2023-05-30 12:58:31,1685465912,34.9,12.2,99700,3.00,6.00,8.00,9.00,0.120,0
2023-05-30 13:04:58,1685466298,34.8,11.1,99700,2.00,4.00,6.00,8.00,0.0839,0
2023-05-30 13:09:44,1685466584,34.8,11.4,99700,4.00,5.00,7.00,8.00,0.0809,0
2023-05-30 13:14:50,1685466891,34.5,11.5,99700,4.00,6.00,8.00,9.00,0.0180,0
2023-05-30 13:15:31,1685466931,34.4,12.0,99700,1.00,4.00,6.00,7.00,0.0164,0
2023-05-30 13:24:57,1685467497,34.7,11.7,99700,2.00,6.00,9.00,10.0,0.0204,0
2023-05-30 13:29:43,1685467783,35.0,11.6,99700,2.00,3.00,5.00,6.00,0.0204,0
2023-05-30 13:33:48,1685468028,35.2,11.8,99700,2.00,4.00,7.00,8.00,0.0129,0
2023-05-30 13:39:46,1685468387,35.4,11.1,99700,1e-7,1e-7,1e-7,1e-7,0.0104,0
2023-05-30 13:44:53,1685468693,35.4,11.0,99700,2.00,3.00,4.00,4.00,0.0300,0
2023-05-30 13:49:59,1685468999,35.4,10.8,99700,3.00,6.00,8.00,9.00,0.0229,0
2023-05-30 13:54:49,1685469289,35.2,10.9,99700,2.00,3.00,5.00,5.00,0.0220,0
2023-05-30 13:59:55,1685469596,35.0,11.1,99700,2.00,6.00,9.00,10.0,0.0198,0
2023-05-30 14:04:41,1685469882,35.0,11.6,99686,2.00,3.00,4.00,5.00,0.0165,0
2023-05-30 14:07:04,1685470025,35.1,11.3,99600,2.00,3.00,4.00,5.00,0.0165,0
2023-05-30 14:19:41,1685470781,35.0,11.3,99600,2.00,4.00,7.00,8.00,0.0142,0
2023-05-30 14:24:47,1685471088,35.0,11.3,99600,4.00,11.0,16.0,18.0,0.0508,0
2023-05-30 14:29:59,1685471399,35.0,11.1,99600,2.00,4.00,6.00,7.00,0.0568,0
2023-05-30 14:34:45,1685471685,35.1,11.5,99600,3.00,3.00,4.00,4.00,0.0619,0
2023-05-30 14:39:52,1685471992,35.1,11.0,99600,2.00,3.00,4.00,4.00,0.0651,0
2023-05-30 14:42:34,1685472155,35.1,11.2,99600,2.00,2.00,2.00,3.00,0.00918,0
2023-05-30 14:49:43,1685472584,34.9,12.2,99600,1.00,2.00,2.00,3.00,0.0100,0
2023-05-30 14:54:50,1685472891,34.9,11.6,99600,2.00,5.00,9.00,10.0,0.0118,0
2023-05-30 14:59:56,1685473197,35.1,11.6,99600,3.00,4.00,6.00,7.00,0.0251,0
2023-05-30 15:00:37,1685473237,35.1,11.2,99600,2.00,4.00,6.00,6.00,0.0214,0
2023-05-30 15:09:40,1685473781,34.9,11.1,99600,4.00,6.00,7.00,8.00,0.0107,0
2023-05-30 15:14:47,1685474088,34.8,11.1,99600,2.00,4.00,6.00,7.00,0.0114,0
2023-05-30 15:16:50,1685474210,34.8,11.1,99600,2.00,3.00,3.00,4.00,0.00750,0
2023-05-30 15:24:48,1685474688,34.7,11.1,99600,3.00,4.00,6.00,7.00,0.0159,0
2023-05-30 15:29:55,1685474995,34.8,11.2,99600,3.00,5.00,7.00,8.00,0.0131,0
2023-05-30 15:32:38,1685475159,34.8,10.8,99600,3.00,3.00,5.00,6.00,0.0121,0
2023-05-30 15:44:53,1685475893,34.4,10.9,99600,4.00,7.00,10.0,12.0,0.0141,0
2023-05-30 15:49:39,1685476180,34.2,10.7,99600,3.00,4.00,6.00,6.00,0.0107,0
2023-05-30 15:50:00,1685476200,34.1,10.7,99600,1.00,1.00,2.00,2.00,0.0254,0
2023-05-30 15:59:45,1685476785,33.9,10.8,99600,3.00,8.00,11.0,13.0,0.0254,0
2023-05-30 16:04:52,1685477092,34.0,11.3,99600,2.00,4.00,7.00,8.00,0.0174,0
2023-05-30 16:09:59,1685477399,34.1,11.6,99600,3.00,8.00,12.0,14.0,0.0174,0
2023-05-30 16:11:21,1685477481,34.2,11.3,99600,2.00,2.00,3.00,3.00,0.0174,0
2023-05-30 16:19:54,1685477995,34.2,10.9,99600,2.00,4.00,5.00,5.00,0.0299,0
2023-05-30 16:24:41,1685478281,34.1,10.9,99600,1.00,3.00,5.00,6.00,0.0175,0
2023-05-30 16:26:43,1685478404,34.0,11.2,99583,1.00,2.00,3.00,4.00,0.0105,0
2023-05-30 16:34:47,1685478888,33.8,10.9,99520,3.00,3.00,4.00,5.00,0.0103,0
2023-05-30 16:39:54,1685479195,33.7,11.7,99500,3.00,5.00,7.00,9.00,0.0155,0
2023-05-30 16:44:41,1685479482,33.7,11.4,99500,2.00,4.00,6.00,7.00,0.0112,0
2023-05-30 16:49:49,1685479789,33.6,11.7,99500,3.00,9.00,14.0,16.0,0.0233,0
2023-05-30 16:54:56,1685480097,33.4,12.1,99500,2.00,4.00,5.00,5.00,0.0265,0
2023-05-30 16:59:43,1685480384,33.2,12.4,99500,3.00,3.00,4.00,5.00,0.0446,0
2023-05-30 17:04:51,1685480691,33.2,12.3,99500,2.00,5.00,6.00,7.00,0.0137,0
2023-05-30 17:09:58,1685480999,33.0,12.3,99500,3.00,5.00,7.00,7.00,0.0104,0
2023-05-30 17:14:46,1685481286,32.8,12.5,99500,3.00,4.00,5.00,6.00,0.0105,0
2023-05-30 17:19:53,1685481594,32.6,12.7,99500,3.00,4.00,5.00,5.00,0.0139,0
2023-05-30 17:24:40,1685481881,32.4,13.2,99500,2.00,4.00,5.00,5.00,0.0122,0
2023-05-30 17:29:48,1685482188,32.4,13.4,99500,3.00,4.00,5.00,6.00,0.0137,0
2023-05-30 17:34:56,1685482496,32.2,13.0,99500,3.00,3.00,4.00,4.00,0.0117,0
2023-05-30 17:39:43,1685482784,32.0,13.3,99500,4.00,8.00,12.0,14.0,0.0252,0
2023-05-30 17:44:51,1685483092,31.8,13.2,99500,3.00,5.00,7.00,8.00,0.0286,0
2023-05-30 17:49:59,1685483400,31.6,13.4,99500,4.00,5.00,6.00,7.00,0.0258,0
2023-05-30 17:54:47,1685483687,31.5,13.8,99500,3.00,4.00,6.00,7.00,0.0107,0
2023-05-30 17:59:55,1685483995,31.3,12.8,99500,2.00,4.00,5.00,5.00,0.0137,0
2023-05-30 18:04:43,1685484283,31.2,12.7,99500,3.00,6.00,9.00,10.0,0.0124,0
2023-05-30 18:09:51,1685484591,31.1,12.6,99500,1.00,3.00,4.00,5.00,0.0142,0
2023-05-30 18:14:59,1685484900,30.9,12.9,99500,2.00,3.00,5.00,6.00,0.0191,0
2023-05-30 18:19:46,1685485187,30.8,13.0,99500,2.00,3.00,4.00,5.00,0.0136,0
2023-05-30 18:24:55,1685485495,30.6,13.8,99500,3.00,6.00,9.00,11.0,0.0126,0
2023-05-30 18:29:42,1685485783,30.5,14.1,99500,2.00,4.00,5.00,5.00,0.0222,0
2023-05-30 18:34:51,1685486091,30.4,14.5,99500,2.00,3.00,5.00,6.00,0.0222,0
2023-05-30 18:39:59,1685486400,30.2,14.7,99500,2.00,4.00,5.00,6.00,0.0141,0
2023-05-30 18:44:47,1685486688,30.1,15.0,99500,3.00,5.00,7.00,8.00,0.0139,0
2023-05-30 18:49:56,1685486996,30.0,15.2,99500,2.00,4.00,5.00,6.00,0.0174,0
2023-05-30 18:54:43,1685487284,29.9,16.0,99500,4.00,9.00,13.0,16.0,0.0189,0
2023-05-30 18:59:52,1685487593,29.7,16.1,99500,4.00,8.00,11.0,12.0,0.0222,0
2023-05-30 19:04:40,1685487881,29.6,16.0,99500,4.00,7.00,10.0,12.0,0.0222,0
2023-05-30 19:09:49,1685488189,29.4,16.8,99500,3.00,5.00,7.00,8.00,0.0166,0
2023-05-30 19:14:58,1685488498,29.1,16.9,99500,3.00,5.00,6.00,7.00,0.0117,0
2023-05-30 19:19:46,1685488786,28.9,18.0,99500,4.00,8.00,12.0,13.0,0.0105,0
2023-05-30 19:24:54,1685489095,28.6,17.8,99500,4.00,9.00,12.0,14.0,0.0234,0
2023-05-30 19:29:43,1685489383,28.4,18.0,99500,3.00,7.00,10.0,11.0,0.0245,0
2023-05-30 19:34:52,1685489692,28.1,18.5,99500,14.0,32.0,47.0,54.0,0.278,0
2023-05-30 19:39:40,1685489981,27.8,19.8,99500,2.00,4.00,6.00,7.00,0.363,0
2023-05-30 19:44:49,1685490290,27.4,20.5,99500,2.00,2.00,4.00,4.00,0.376,0
2023-05-30 19:49:59,1685490600,27.0,21.7,99500,3.00,6.00,8.00,10.0,0.376,0
2023-05-30 19:54:48,1685490889,26.6,22.3,99500,35.0,106,163,191,0.0990,0
2023-05-30 19:59:58,1685491198,26.1,23.4,99500,2.00,4.00,6.00,7.00,0.0990,0
2023-05-30 20:04:47,1685491487,25.7,23.6,99500,3.00,7.00,11.0,12.0,0.0764,0
2023-05-30 20:09:57,1685491797,25.3,23.3,99500,3.00,7.00,10.0,12.0,0.0632,0
2023-05-30 20:14:46,1685492086,24.9,23.4,99500,3.00,5.00,8.00,9.00,0.0138,0
2023-05-30 20:19:56,1685492396,24.4,24.6,99500,3.00,6.00,10.0,11.0,0.0138,0
2023-05-30 20:24:45,1685492686,23.9,24.8,99500,4.00,8.00,12.0,13.0,0.0202,0
2023-05-30 20:29:56,1685492996,23.4,25.6,99500,5.00,10.0,14.0,16.0,0.0343,0
2023-05-30 20:34:45,1685493286,22.9,26.8,99500,4.00,10.0,14.0,16.0,0.0175,0
2023-05-30 20:39:56,1685493596,22.4,27.5,99520,5.00,14.0,22.0,25.0,0.0506,0
2023-05-30 20:44:46,1685493886,21.9,28.5,99600,8.00,23.0,37.0,43.0,0.254,0
2023-05-30 20:49:57,1685494197,21.5,28.8,99600,6.00,15.0,23.0,27.0,0.353,0
2023-05-30 20:54:47,1685494487,21.0,29.4,99600,6.00,20.0,31.0,36.0,0.302,0
2023-05-30 20:59:58,1685494799,20.6,30.0,99600,9.00,25.0,38.0,45.0,0.137,0
2023-05-30 21:04:49,1685495089,20.2,30.5,99600,9.00,24.0,35.0,41.0,0.204,0
2023-05-30 21:09:39,1685495380,19.8,30.9,99600,8.00,21.0,31.0,37.0,0.337,0
2023-05-30 21:14:50,1685495691,19.5,31.6,99600,9.00,22.0,33.0,39.0,0.373,0
2023-05-30 21:19:41,1685495981,19.2,32.3,99600,8.00,22.0,33.0,39.0,0.405,0
2023-05-30 21:24:53,1685496293,18.9,32.7,99600,6.00,11.0,15.0,18.0,0.574,0
2023-05-30 21:29:44,1685496584,18.6,33.0,99600,5.00,11.0,16.0,18.0,1.30,0
2023-05-30 21:34:55,1685496896,18.4,33.4,99600,5.00,10.0,14.0,16.0,0.637,0
2023-05-30 21:39:46,1685497187,18.2,33.6,99600,3.00,9.00,13.0,15.0,0.0622,0
2023-05-30 21:44:58,1685497498,18.1,33.9,99600,6.00,10.0,14.0,16.0,0.0618,0
2023-05-30 21:49:48,1685497789,18.0,34.2,99600,5.00,9.00,12.0,13.0,0.0182,0
2023-05-30 21:54:40,1685498081,18.0,34.4,99600,4.00,9.00,14.0,17.0,0.101,0
2023-05-30 21:59:52,1685498393,17.9,34.6,99600,4.00,7.00,9.00,11.0,0.0803,0
2023-05-30 22:04:44,1685498684,17.8,34.9,99600,4.00,5.00,8.00,9.00,0.0299,0
2023-05-30 22:09:56,1685498996,17.7,35.1,99600,4.00,10.0,15.0,18.0,0.0299,0
2023-05-30 22:14:47,1685499287,17.6,35.3,99600,6.00,14.0,20.0,23.0,0.0147,0
2023-05-30 22:19:59,1685499599,17.5,35.4,99600,4.00,6.00,9.00,11.0,0.0406,0
2023-05-30 22:24:50,1685499891,17.4,35.6,99600,4.00,7.00,11.0,13.0,0.0335,0
2023-05-30 22:29:41,1685500182,17.4,35.5,99600,4.00,6.00,8.00,8.00,0.0268,0
2023-05-30 22:34:54,1685500494,17.3,35.6,99600,3.00,6.00,9.00,10.0,0.0218,0
2023-05-30 22:39:45,1685500786,17.3,35.4,99600,5.00,10.0,14.0,15.0,0.0204,0
2023-05-30 22:44:57,1685501098,17.2,35.6,99600,2.00,4.00,6.00,6.00,0.0477,0
2023-05-30 22:49:49,1685501390,17.2,35.5,99600,3.00,3.00,4.00,5.00,0.0490,0
2023-05-30 22:54:40,1685501681,17.1,35.6,99600,6.00,10.0,13.0,15.0,0.0169,0
2023-05-30 22:59:53,1685501993,17.0,35.7,99600,2.00,3.00,5.00,5.00,0.0111,0
2023-05-30 23:04:44,1685502285,17.0,35.9,99600,5.00,7.00,8.00,9.00,0.0242,0
2023-05-30 23:09:57,1685502597,17.0,35.8,99600,5.00,8.00,13.0,15.0,0.0394,0
2023-05-30 23:14:48,1685502889,16.9,35.7,99600,3.00,6.00,9.00,10.0,0.0299,0
2023-05-30 23:19:40,1685503181,16.9,35.6,99600,3.00,7.00,9.00,11.0,0.0272,0
2023-05-30 23:24:53,1685503493,16.8,35.7,99600,3.00,6.00,10.0,11.0,0.0363,0
2023-05-30 23:29:44,1685503785,16.8,35.3,99600,3.00,9.00,13.0,16.0,0.0192,0
2023-05-30 23:34:56,1685504097,16.8,35.3,99600,3.00,4.00,5.00,6.00,0.0364,0
2023-05-30 23:39:48,1685504388,16.8,35.4,99600,4.00,7.00,10.0,11.0,0.0427,0
2023-05-30 23:44:39,1685504680,16.7,35.3,99600,2.00,5.00,7.00,8.00,0.0301,0
2023-05-30 23:49:52,1685504992,16.7,35.4,99600,3.00,5.00,7.00,8.00,0.0208,0
2023-05-30 23:54:43,1685505284,16.7,35.2,99600,3.00,6.00,8.00,9.00,0.0104,0
2023-05-30 23:59:56,1685505596,16.7,35.4,99600,3.00,5.00,7.00,8.00,0.0137,0
2023-05-31 00:04:48,1685505888,16.7,35.6,99600,3.00,7.00,10.0,11.0,0.0172,0
2023-05-31 00:09:39,1685506180,16.7,35.4,99600,3.00,5.00,7.00,8.00,0.0206,0
2023-05-31 00:14:52,1685506492,16.7,35.2,99600,4.00,6.00,8.00,9.00,0.0390,0
2023-05-31 00:19:43,1685506784,16.6,35.2,99600,4.00,9.00,13.0,15.0,0.0223,0
2023-05-31 00:24:56,1685507096,16.6,35.3,99600,3.00,7.00,11.0,12.0,0.0256,0
2023-05-31 00:29:48,1685507388,16.6,35.3,99600,3.00,3.00,4.00,4.00,0.0220,0
2023-05-31 00:34:40,1685507680,16.6,35.4,99600,3.00,8.00,11.0,13.0,0.0398,0
2023-05-31 00:39:52,1685507993,16.6,35.7,99600,6.00,9.00,13.0,15.0,0.0700,0
2023-05-31 00:44:44,1685508285,16.5,35.6,99600,3.00,6.00,9.00,10.0,0.0700,0
2023-05-31 00:49:57,1685508597,16.5,35.9,99600,2.00,4.00,5.00,6.00,0.0783,0
2023-05-31 00:54:48,1685508889,16.4,35.9,99600,2.00,3.00,5.00,5.00,0.0437,0
2023-05-31 00:59:40,1685509180,16.3,35.9,99600,3.00,6.00,8.00,8.00,0.0151,0
2023-05-31 01:04:52,1685509493,16.2,35.9,99600,3.00,8.00,12.0,14.0,0.0383,0
2023-05-31 01:09:44,1685509784,16.1,36.1,99600,4.00,7.00,10.0,11.0,0.0329,0
2023-05-31 01:14:56,1685510097,16.1,36.2,99600,3.00,6.00,9.00,10.0,0.0151,0
2023-05-31 01:19:47,1685510388,16.0,36.5,99600,4.00,7.00,9.00,10.0,0.0218,0
2023-05-31 01:24:39,1685510679,16.0,36.6,99600,5.00,11.0,16.0,19.0,0.0117,0
2023-05-31 01:29:51,1685510992,15.9,36.7,99600,3.00,7.00,11.0,12.0,0.0108,0
2023-05-31 01:34:43,1685511283,15.8,36.8,99600,3.00,9.00,13.0,16.0,0.0362,0
2023-05-31 01:39:55,1685511596,15.8,37.1,99600,3.00,7.00,11.0,13.0,0.0300,0
2023-05-31 01:44:47,1685511887,15.8,37.0,99600,3.00,6.00,8.00,9.00,0.0297,0
2023-05-31 01:49:59,1685512199,15.7,37.1,99600,4.00,5.00,7.00,7.00,0.0219,0
2023-05-31 01:54:50,1685512491,15.6,37.3,99600,3.00,4.00,5.00,6.00,0.0168,0
2023-05-31 01:59:42,1685512782,15.5,37.6,99600,4.00,5.00,6.00,7.00,0.0158,0
2023-05-31 02:04:54,1685513095,15.3,38.3,99600,2.00,4.00,6.00,7.00,0.0150,0
2023-05-31 02:09:46,1685513387,15.1,38.5,99600,2.00,3.00,5.00,6.00,0.0150,0
2023-05-31 02:14:59,1685513699,14.9,38.7,99600,3.00,6.00,9.00,10.0,0.0376,0
2023-05-31 02:19:50,1685513990,14.8,39.1,99600,4.00,8.00,10.0,12.0,0.0579,0
2023-05-31 02:24:42,1685514282,14.7,39.4,99600,4.00,4.00,5.00,6.00,0.0316,0
2023-05-31 02:29:54,1685514595,14.5,39.6,99600,3.00,6.00,8.00,9.00,0.0316,0
2023-05-31 02:34:46,1685514887,14.4,39.8,99600,3.00,4.00,5.00,5.00,0.0139,0
2023-05-31 02:39:59,1685515199,14.3,40.1,99627,3.00,6.00,9.00,11.0,0.0134,0
2023-05-31 02:44:51,1685515491,14.2,40.3,99643,3.00,7.00,9.00,11.0,0.0333,0
2023-05-31 02:49:43,1685515783,14.2,40.6,99614,4.00,5.00,7.00,8.00,0.0333,0
2023-05-31 02:54:55,1685516096,14.2,40.9,99640,3.00,4.00,6.00,7.00,0.0152,0
2023-05-31 02:59:48,1685516388,14.1,41.0,99607,3.00,5.00,8.00,10.0,0.0194,0
2023-05-31 03:04:41,1685516681,14.1,41.2,99700,3.00,5.00,8.00,9.00,0.0148,0
2023-05-31 03:09:53,1685516994,14.0,41.4,99667,4.00,9.00,14.0,15.0,0.0153,0
2023-05-31 03:14:46,1685517286,13.9,41.6,99700,4.00,7.00,10.0,11.0,0.0200,0
2023-05-31 03:19:59,1685517600,13.9,42.2,99700,4.00,10.0,14.0,16.0,0.0148,0
2023-05-31 03:24:51,1685517892,14.0,42.5,99700,4.00,6.00,8.00,9.00,0.0166,0
2023-05-31 03:29:43,1685518184,14.0,42.3,99700,6.00,14.0,21.0,24.0,0.0166,0
2023-05-31 03:34:57,1685518497,14.0,42.4,99700,3.00,5.00,8.00,9.00,0.0508,0
2023-05-31 03:39:50,1685518790,13.9,42.2,99700,3.00,4.00,6.00,7.00,0.0788,0
2023-05-31 03:44:42,1685519083,13.8,42.8,99700,4.00,5.00,8.00,9.00,0.0718,0
2023-05-31 03:49:55,1685519396,13.7,42.8,99700,5.00,11.0,15.0,17.0,0.0381,0
2023-05-31 03:54:48,1685519688,13.7,42.8,99700,4.00,4.00,6.00,7.00,0.0422,0
2023-05-31 03:59:39,1685519980,13.7,42.9,99700,3.00,6.00,9.00,11.0,0.0573,0
2023-05-31 04:04:52,1685520293,13.7,43.7,99700,4.00,9.00,12.0,14.0,0.0213,0
2023-05-31 04:09:44,1685520585,13.7,44.0,99700,4.00,8.00,10.0,12.0,0.0143,0
2023-05-31 04:14:58,1685520898,13.7,44.1,99700,4.00,6.00,8.00,9.00,0.0169,0
2023-05-31 04:19:49,1685521190,13.7,43.7,99700,4.00,9.00,13.0,15.0,0.0127,0
2023-05-31 04:24:42,1685521482,13.6,43.4,99700,3.00,6.00,8.00,9.00,0.0190,0
2023-05-31 04:29:55,1685521795,13.4,43.4,99700,4.00,6.00,8.00,9.00,0.0244,0
2023-05-31 04:34:48,1685522088,13.3,43.6,99700,4.00,5.00,5.00,6.00,0.0406,0
2023-05-31 04:39:40,1685522381,13.2,43.8,99700,5.00,8.00,9.00,10.0,0.0197,0
2023-05-31 04:44:54,1685522694,13.1,43.9,99700,3.00,6.00,9.00,11.0,0.0420,0
2023-05-31 04:49:46,1685522987,13.0,44.3,99700,4.00,4.00,6.00,7.00,0.0420,0
2023-05-31 04:54:59,1685523299,12.9,45.2,99700,6.00,12.0,16.0,18.0,0.0378,0
2023-05-31 04:59:52,1685523593,12.9,45.1,99700,6.00,8.00,9.00,10.0,0.0896,0
2023-05-31 05:04:45,1685523885,12.9,45.0,99700,3.00,8.00,13.0,15.0,0.0535,0
2023-05-31 05:09:57,1685524198,12.8,45.0,99700,5.00,7.00,10.0,12.0,0.0535,0
2023-05-31 05:14:50,1685524490,12.8,45.0,99700,5.00,14.0,21.0,25.0,0.0290,0
2023-05-31 05:16:14,1685524574,12.8,45.2,99700,4.00,4.00,4.00,4.00,0.0385,0
2023-05-31 05:54:46,1685526887,14.5,46.2,99700,3.00,4.00,4.00,5.00,,
2023-05-31 05:57:32,1685527053,14.8,46.6,99700,4.00,5.00,7.00,8.00,,
2023-05-31 08:59:49,1685537990,38.1,15.6,99800,5.00,8.00,11.0,12.0,,
2023-05-31 09:04:54,1685538295,38.4,15.5,99727,39.0,99.0,148,172,,
2023-05-31 09:09:59,1685538600,38.5,15.0,99700,32.0,74.0,108,125,0.378,0
2023-05-31 09:19:53,1685539194,38.3,15.5,99700,20.0,43.0,62.0,72.0,0.371,4.79
2023-05-31 09:24:58,1685539499,38.0,15.6,99700,6.00,8.00,10.0,10.0,1.23,4.80
2023-05-31 09:25:39,1685539539,38.0,15.6,99700,3.00,4.00,4.00,4.00,0.320,4.80
2023-05-31 09:34:48,1685540089,38.0,15.7,99700,5.00,7.00,7.00,8.00,1.29,4.80
2023-05-31 09:39:53,1685540394,38.0,15.7,99700,6.00,10.0,13.0,15.0,1.32,4.80
2023-05-31 09:43:17,1685540597,38.0,15.7,99700,6.00,8.00,9.00,10.0,0.0361,0
2023-05-31 09:49:41,1685540981,37.7,15.8,99700,5.00,6.00,7.00,7.00,0.0119,0
2023-05-31 09:54:46,1685541286,37.5,16.3,99700,7.00,7.00,7.00,7.00,0.0101,0
2023-05-31 09:59:51,1685541592,37.2,16.7,99700,63.0,154,229,265,1.33,0
2023-05-31 10:00:31,1685541632,37.0,17.1,99700,4.00,6.00,7.00,8.00,1.33,0
2023-05-31 10:09:41,1685542181,37.3,16.7,99700,5.00,8.00,10.0,12.0,1.65,0
2023-05-31 10:14:46,1685542487,37.5,16.5,99700,8.00,11.0,14.0,15.0,1.65,0
2023-05-31 10:18:50,1685542731,37.5,17.0,99700,5.00,6.00,6.00,6.00,1.38,0
2023-05-31 10:24:46,1685543087,37.8,16.5,99700,5.00,8.00,10.0,11.0,0.0972,0
2023-05-31 10:29:52,1685543392,37.9,16.4,99700,6.00,7.00,9.00,10.0,0.0659,0
2023-05-31 10:34:17,1685543657,38.1,16.0,99700,6.00,7.00,10.0,11.0,0.0214,0
2023-05-31 10:44:59,1685544299,38.1,16.3,99700,6.00,7.00,8.00,8.00,0.0140,0
2023-05-31 10:49:44,1685544584,38.0,16.7,99700,8.00,10.0,11.0,11.0,0.00999,0
2023-05-31 10:50:45,1685544645,37.8,16.9,99700,5.00,6.00,8.00,9.00,0.00831,0
2023-05-31 10:59:57,1685545197,37.4,17.0,99700,6.00,7.00,7.00,8.00,0.0146,0
2023-05-31 11:04:42,1685545482,37.2,16.9,99700,7.00,8.00,10.0,11.0,0.0201,0
2023-05-31 11:08:06,1685545686,36.9,16.9,99700,6.00,6.00,6.00,6.00,0.0203,0
2023-05-31 11:14:44,1685546085,36.4,17.8,99700,5.00,6.00,7.00,8.00,0.0203,0
2023-05-31 11:19:50,1685546391,36.3,17.7,99700,6.00,8.00,9.00,10.0,0.0261,0
2023-05-31 11:24:56,1685546697,36.0,18.1,99700,8.00,10.0,11.0,12.0,0.0347,0
2023-05-31 11:25:17,1685546717,35.9,18.4,99700,6.00,6.00,6.00,6.00,0.0347,0
2023-05-31 11:34:48,1685547288,36.1,18.8,99700,9.00,11.0,12.0,13.0,0.0411,0
2023-05-31 11:39:54,1685547594,36.2,18.8,99700,8.00,14.0,19.0,22.0,0.0450,0
2023-05-31 11:43:58,1685547839,36.3,18.3,99700,6.00,7.00,8.00,8.00,0.0248,0
2023-05-31 11:49:58,1685548198,36.3,18.1,99700,6.00,7.00,7.00,7.00,0.0801,0
2023-05-31 11:54:43,1685548484,36.3,18.1,99700,8.00,10.0,13.0,14.0,0.0694,0
2023-05-31 11:59:49,1685548790,36.4,18.3,99700,6.00,8.00,9.00,10.0,0.0301,0
2023-05-31 12:01:31,1685548891,36.4,18.4,99700,10.0,13.0,14.0,15.0,0.0362,0
2023-05-31 12:09:41,1685549381,36.7,17.7,99700,6.00,10.0,14.0,15.0,0.0315,0
2023-05-31 12:14:47,1685549687,36.7,17.5,99700,6.00,8.00,9.00,10.0,0.0315,0
2023-05-31 12:17:30,1685549851,36.8,17.1,99700,5.00,8.00,11.0,12.0,0.0601,0
2023-05-31 12:24:49,1685550289,36.7,16.9,99700,5.00,5.00,6.00,6.00,0.0683,0
2023-05-31 12:29:55,1685550595,36.7,17.0,99687,9.00,10.0,10.0,10.0,0.0879,0
2023-05-31 12:34:40,1685550881,36.8,16.7,99693,6.00,6.00,7.00,8.00,0.0247,0
2023-05-31 12:36:01,1685550962,36.8,16.9,99700,7.00,14.0,20.0,22.0,0.00962,0
2023-05-31 12:44:45,1685551486,37.0,16.6,99700,7.00,8.00,9.00,10.0,0.0278,0
2023-05-31 12:49:52,1685551792,37.0,16.5,99700,7.00,8.00,9.00,9.00,0.0278,0
2023-05-31 12:51:54,1685551914,37.0,16.5,99700,5.00,6.00,7.00,8.00,0.0327,0
2023-05-31 13:04:51,1685552691,37.5,16.4,99600,6.00,7.00,8.00,8.00,0.0327,0
2023-05-31 13:09:57,1685552997,37.6,15.6,99600,7.00,8.00,8.00,8.00,0.0175,0
2023-05-31 13:10:37,1685553037,37.6,15.6,99600,4.00,5.00,5.00,5.00,0.0175,0
2023-05-31 13:19:58,1685553598,37.8,15.2,99600,6.00,7.00,9.00,10.0,0.0202,0
2023-05-31 13:24:43,1685553884,37.9,15.6,99600,7.00,10.0,12.0,14.0,0.0258,0
2023-05-31 13:28:47,1685554128,38.0,15.5,99600,6.00,8.00,11.0,12.0,0.0123,0
2023-05-31 13:34:48,1685554489,38.2,15.3,99600,4.00,6.00,8.00,8.00,0.0119,0
2023-05-31 13:39:54,1685554794,38.2,15.3,99600,8.00,10.0,14.0,16.0,0.0206,0
2023-05-31 13:44:59,1685555099,38.4,15.7,99600,7.00,12.0,16.0,17.0,0.0162,0
2023-05-31 13:49:48,1685555388,38.6,15.1,99600,4.00,5.00,6.00,6.00,0.0168,0
2023-05-31 13:54:53,1685555694,38.7,15.1,99600,7.00,8.00,9.00,10.0,0.0168,0
2023-05-31 13:59:59,1685555999,38.6,14.9,99600,8.00,9.00,10.0,11.0,0.0230,0
2023-05-31 14:01:00,1685556060,38.5,15.0,99600,8.00,8.00,8.00,8.00,0.0230,0
2023-05-31 14:09:49,1685556590,38.4,14.8,99600,9.00,11.0,12.0,13.0,0.0108,0
2023-05-31 14:14:55,1685556895,38.2,15.2,99600,5.00,8.00,10.0,11.0,0.0474,0
2023-05-31 14:18:19,1685557099,38.2,15.3,99600,6.00,9.00,12.0,14.0,0.0262,0
2023-05-31 14:24:56,1685557497,38.2,15.1,99500,4.00,5.00,6.00,6.00,0.0262,0
2023-05-31 14:29:41,1685557782,38.1,15.3,99500,8.00,8.00,10.0,11.0,0.0153,0
2023-05-31 14:34:47,1685558088,38.2,15.4,99500,6.00,7.00,8.00,8.00,0.0255,0
2023-05-31 14:35:48,1685558149,38.2,15.7,99500,9.00,11.0,12.0,12.0,0.0220,0
2023-05-31 14:44:57,1685558698,38.4,15.1,99500,4.00,5.00,6.00,6.00,0.0195,0
2023-05-31 14:49:43,1685558983,38.4,15.4,99500,8.00,8.00,8.00,8.00,0.0195,0
2023-05-31 14:54:48,1685559288,38.4,15.3,99500,5.00,7.00,8.00,9.00,0.0344,0
2023-05-31 14:59:45,1685559585,38.3,14.8,99500,4.00,5.00,5.00,5.00,0.0203,0
2023-05-31 15:04:50,1685559890,38.2,14.9,99500,5.00,6.00,7.00,7.00,0.0203,0
2023-05-31 15:09:55,1685560196,38.3,15.1,99500,5.00,8.00,10.0,11.0,0.0154,0
2023-05-31 15:12:18,1685560338,38.3,15.1,99500,4.00,6.00,7.00,7.00,0.0167,0
2023-05-31 15:19:41,1685560781,38.2,15.2,99500,4.00,5.00,6.00,7.00,0.0231,0
2023-05-31 15:24:46,1685561087,38.2,14.9,99500,7.00,8.00,9.00,10.0,0.0231,0
2023-05-31 15:27:30,1685561250,38.2,15.0,99500,4.00,5.00,5.00,6.00,0.0153,0
2023-05-31 15:34:52,1685561692,38.3,14.6,99500,4.00,5.00,6.00,6.00,0.0266,0
2023-05-31 15:39:58,1685561998,38.2,14.8,99500,8.00,10.0,11.0,11.0,0.0341,0
2023-05-31 15:44:43,1685562284,38.1,14.6,99500,5.00,7.00,9.00,10.0,0.0497,0
2023-05-31 15:46:45,1685562406,38.1,14.5,99500,5.00,7.00,8.00,8.00,0.0147,0
2023-05-31 15:54:47,1685562888,38.0,14.7,99500,6.00,9.00,12.0,13.0,0.0226,0
2023-05-31 15:59:53,1685563194,37.8,14.8,99480,8.00,9.00,9.00,10.0,0.0298,0
2023-05-31 16:04:59,1685563500,37.5,15.2,99413,7.00,11.0,14.0,15.0,0.0331,0
2023-05-31 16:09:51,1685563791,37.5,15.6,99400,4.00,5.00,5.00,5.00,0.0143,0
2023-05-31 16:14:57,1685564097,37.6,15.4,99400,7.00,10.0,12.0,13.0,0.0585,0
2023-05-31 16:19:43,1685564383,37.5,15.3,99400,5.00,6.00,7.00,8.00,0.0385,0
2023-05-31 16:29:54,1685564995,37.3,15.4,99400,7.00,7.00,8.00,10.0,0.0106,0
2023-05-31 16:34:40,1685565281,37.1,15.5,99400,6.00,8.00,9.00,9.00,0.0195,0
2023-05-31 16:39:47,1685565587,37.0,15.8,99400,7.00,11.0,14.0,16.0,0.0251,0
2023-05-31 16:44:53,1685565894,37.0,16.0,99400,8.00,12.0,14.0,15.0,0.0255,0
2023-05-31 16:49:39,1685566180,37.0,16.0,99400,6.00,9.00,11.0,12.0,0.0255,0
2023-05-31 16:54:46,1685566486,37.1,16.2,99400,6.00,9.00,12.0,14.0,0.0361,0
2023-05-31 16:59:52,1685566793,37.1,16.1,99400,8.00,10.0,11.0,12.0,0.0361,0
2023-05-31 17:04:59,1685567099,37.0,15.9,99400,6.00,8.00,9.00,10.0,0.0322,0
2023-05-31 17:09:45,1685567385,36.8,16.0,99400,6.00,8.00,10.0,11.0,0.00910,0
2023-05-31 17:14:51,1685567692,36.7,16.2,99400,6.00,8.00,9.00,10.0,0.0155,0
2023-05-31 17:19:58,1685567999,36.7,16.4,99400,8.00,14.0,20.0,23.0,0.0322,0
2023-05-31 17:24:44,1685568285,36.6,16.4,99400,7.00,7.00,9.00,10.0,0.0340,0
2023-05-31 17:29:51,1685568591,36.5,16.6,99400,6.00,9.00,12.0,13.0,0.0210,0
2023-05-31 17:34:58,1685568898,36.5,16.5,99400,7.00,9.00,11.0,11.0,0.0198,0
2023-05-31 17:39:44,1685569184,36.3,16.7,99400,9.00,11.0,12.0,13.0,0.0151,0
2023-05-31 17:44:51,1685569491,36.2,16.9,99400,8.00,9.00,9.00,9.00,0.0238,0
2023-05-31 17:49:57,1685569798,36.1,17.0,99400,7.00,10.0,13.0,14.0,0.0359,0
2023-05-31 17:54:44,1685570084,36.0,17.3,99400,7.00,8.00,10.0,11.0,0.0255,0
2023-05-31 17:59:51,1685570391,35.8,17.4,99400,6.00,8.00,9.00,9.00,0.0255,0
2023-05-31 18:04:57,1685570698,35.6,17.5,99400,6.00,8.00,9.00,10.0,0.0195,0
2023-05-31 18:09:44,1685570984,35.4,17.7,99400,6.00,7.00,8.00,9.00,0.0188,0
2023-05-31 18:14:51,1685571291,35.3,18.1,99400,8.00,11.0,13.0,14.0,0.0413,0
2023-05-31 18:19:58,1685571598,35.1,18.0,99400,5.00,7.00,9.00,10.0,0.0604,0
2023-05-31 18:24:44,1685571885,35.0,17.8,99400,5.00,6.00,6.00,6.00,0.0810,0
2023-05-31 18:29:51,1685572192,34.8,18.1,99400,7.00,7.00,7.00,7.00,0.0563,0
2023-05-31 18:34:59,1685572499,34.6,18.2,99400,7.00,8.00,10.0,12.0,0.0299,0
2023-05-31 18:39:45,1685572786,34.4,18.5,99400,6.00,6.00,7.00,8.00,0.0220,0
2023-05-31 18:44:53,1685573093,34.2,18.5,99400,7.00,10.0,14.0,16.0,0.0219,0
2023-05-31 18:49:40,1685573380,34.1,19.0,99400,9.00,13.0,17.0,19.0,0.0629,0
2023-05-31 18:54:47,1685573688,33.9,19.1,99400,9.00,14.0,18.0,20.0,0.0256,0
2023-05-31 18:59:54,1685573995,33.7,19.2,99400,6.00,8.00,11.0,12.0,0.0477,0
2023-05-31 19:04:41,1685574282,33.5,19.7,99400,5.00,7.00,8.00,9.00,0.0481,0
2023-05-31 19:09:49,1685574589,33.3,19.7,99400,7.00,9.00,11.0,11.0,0.0193,0
2023-05-31 19:14:57,1685574897,33.1,20.1,99400,6.00,7.00,8.00,9.00,0.0224,0
2023-05-31 19:19:44,1685575184,32.9,20.1,99400,8.00,12.0,14.0,15.0,0.0249,0
2023-05-31 19:24:51,1685575492,32.6,20.6,99400,7.00,9.00,11.0,11.0,0.0302,0
2023-05-31 19:29:59,1685575800,32.4,20.7,99400,6.00,7.00,7.00,8.00,0.0369,0
2023-05-31 19:34:47,1685576087,32.1,20.9,99400,8.00,11.0,13.0,14.0,0.0275,0
2023-05-31 19:39:55,1685576395,31.9,21.9,99400,5.00,9.00,12.0,13.0,0.0227,0
2023-05-31 19:44:42,1685576683,31.6,23.5,99400,6.00,9.00,12.0,14.0,0.0314,0
2023-05-31 19:49:51,1685576991,31.2,23.5,99400,58.0,159,241,280,0.968,0
2023-05-31 19:54:59,1685577299,30.8,25.1,99400,7.00,9.00,11.0,12.0,0.978,0
2023-05-31 19:59:47,1685577587,30.5,26.3,99400,128,341,513,598,0.962,0
2023-05-31 20:04:55,1685577895,30.1,27.2,99400,6.00,8.00,10.0,11.0,0.360,0
2023-05-31 20:09:43,1685578183,29.7,28.0,99400,33.0,92.0,141,164,0.335,0
2023-05-31 20:14:52,1685578492,29.4,28.8,99400,7.00,13.0,18.0,20.0,0.519,0
2023-05-31 20:19:40,1685578780,29.0,28.9,99400,10.0,11.0,16.0,18.0,0.379,0
2023-05-31 20:24:48,1685579089,28.7,29.6,99400,6.00,8.00,10.0,11.0,0.216,0
2023-05-31 20:29:57,1685579398,28.4,30.3,99400,20.0,54.0,82.0,96.0,0.313,0
2023-05-31 20:34:46,1685579686,28.1,30.9,99400,20.0,43.0,61.0,69.0,2.06,0
2023-05-31 20:39:55,1685579995,27.8,30.3,99400,110,310,473,553,2.06,0
2023-05-31 20:44:43,1685580284,27.5,29.8,99400,77.0,215,329,384,9.34,0
2023-05-31 20:49:53,1685580593,27.2,30.1,99400,43.0,112,169,197,9.34,0
2023-05-31 20:54:42,1685580883,26.9,30.9,99500,34.0,84.0,125,145,6.30,0
2023-05-31 20:59:52,1685581192,26.5,32.1,99500,36.0,84.0,123,141,4.15,0
2023-05-31 21:04:41,1685581481,26.1,32.6,99500,29.0,66.0,96.0,111,0.740,0
2023-05-31 21:09:50,1685581791,25.8,33.1,99500,25.0,63.0,94.0,109,0.596,0
2023-05-31 21:14:39,1685582080,25.4,33.4,99500,19.0,41.0,60.0,70.0,1.99,0
2023-05-31 21:19:49,1685582390,25.1,33.9,99500,24.0,52.0,75.0,86.0,2.39,0
2023-05-31 21:24:59,1685582699,24.8,34.5,99500,18.0,37.0,51.0,58.0,1.12,0
2023-05-31 21:29:48,1685582989,24.5,35.0,99500,17.0,37.0,54.0,62.0,1.77,0
2023-05-31 21:34:59,1685583299,24.3,35.7,99500,13.0,29.0,42.0,49.0,0.614,0
2023-05-31 21:39:48,1685583589,24.0,36.0,99500,12.0,24.0,33.0,38.0,0.614,0
2023-05-31 21:44:58,1685583899,23.8,36.3,99500,13.0,25.0,35.0,39.0,0.764,0
2023-05-31 21:49:48,1685584189,23.6,36.6,99500,11.0,18.0,25.0,28.0,0.764,0
2023-05-31 21:54:58,1685584499,23.5,37.0,99500,10.0,15.0,19.0,21.0,0.464,0
2023-05-31 21:59:48,1685584789,23.4,37.4,99500,10.0,14.0,17.0,18.0,0.464,0
2023-05-31 22:04:59,1685585099,23.4,37.8,99500,10.0,15.0,21.0,24.0,0.0428,0
2023-05-31 22:09:49,1685585389,23.3,38.0,99500,9.00,15.0,20.0,23.0,0.0614,0
2023-05-31 22:14:59,1685585700,23.2,38.2,99500,9.00,13.0,18.0,20.0,0.0614,0
2023-05-31 22:19:49,1685585990,23.2,38.3,99500,9.00,12.0,15.0,17.0,0.0250,0
2023-05-31 22:24:39,1685586280,23.1,38.5,99500,9.00,12.0,15.0,16.0,0.0234,0
2023-05-31 22:29:50,1685586590,23.0,38.6,99500,10.0,11.0,13.0,14.0,0.0181,0
2023-05-31 22:34:40,1685586880,23.0,38.8,99500,8.00,13.0,17.0,19.0,0.0314,0
2023-05-31 22:39:50,1685587191,22.9,38.8,99500,10.0,12.0,15.0,16.0,0.0206,0
2023-05-31 22:44:41,1685587482,22.9,38.9,99500,9.00,13.0,16.0,18.0,0.0288,0
2023-05-31 22:49:52,1685587792,22.8,39.0,99500,9.00,12.0,16.0,17.0,0.0300,0
2023-05-31 22:54:41,1685588082,22.8,39.0,99500,7.00,9.00,11.0,12.0,0.0612,0
2023-05-31 22:59:52,1685588393,22.7,39.1,99500,10.0,11.0,11.0,11.0,0.0612,0
2023-05-31 23:04:43,1685588683,22.6,39.1,99500,9.00,10.0,12.0,14.0,0.0195,0
2023-05-31 23:09:54,1685588994,22.5,39.2,99500,11.0,13.0,14.0,14.0,0.0357,0
2023-05-31 23:14:44,1685589284,22.3,39.5,99500,9.00,10.0,11.0,13.0,0.0295,0
2023-05-31 23:19:55,1685589595,22.1,40.0,99500,7.00,9.00,11.0,12.0,0.0303,0
2023-05-31 23:24:45,1685589886,21.9,40.5,99500,8.00,10.0,11.0,12.0,0.0311,0
2023-05-31 23:29:56,1685590197,21.7,40.7,99500,9.00,10.0,13.0,14.0,0.0412,0
2023-05-31 23:34:46,1685590487,21.5,41.0,99500,10.0,10.0,10.0,11.0,0.0412,0
2023-05-31 23:39:57,1685590797,21.4,41.4,99500,8.00,13.0,16.0,18.0,0.0397,0
2023-05-31 23:44:47,1685591088,21.3,41.6,99500,9.00,16.0,20.0,23.0,0.103,0
2023-05-31 23:49:58,1685591399,21.2,41.7,99500,9.00,12.0,14.0,15.0,0.103,0
2023-05-31 23:54:49,1685591689,21.0,42.3,99500,8.00,11.0,13.0,14.0,0.0792,0
2023-05-31 23:59:39,1685591980,20.8,42.6,99500,9.00,12.0,14.0,16.0,0.0698,0
2023-06-01 00:04:50,1685592291,20.6,42.9,99500,8.00,10.0,11.0,13.0,0.0336,0
2023-06-01 00:09:41,1685592581,20.4,43.0,99500,12.0,15.0,17.0,18.0,0.0380,0
2023-06-01 00:14:52,1685592893,20.2,43.4,99500,9.00,10.0,11.0,12.0,0.0168,0
2023-06-01 00:19:43,1685593183,20.0,43.6,99500,9.00,15.0,19.0,21.0,0.0411,0
2023-06-01 00:24:54,1685593495,19.9,43.9,99500,8.00,16.0,22.0,25.0,0.179,0
2023-06-01 00:29:45,1685593785,19.7,44.2,99500,8.00,10.0,11.0,12.0,0.193,0
2023-06-01 00:34:56,1685594097,19.6,44.4,99500,7.00,9.00,11.0,11.0,0.239,0
2023-06-01 00:39:47,1685594388,19.5,44.5,99500,7.00,10.0,13.0,15.0,0.0718,0
2023-06-01 00:44:59,1685594700,19.4,44.9,99500,9.00,11.0,13.0,14.0,0.0429,0
2023-06-01 00:49:50,1685594991,19.3,45.2,99500,8.00,10.0,11.0,12.0,0.0329,0
2023-06-01 00:54:41,1685595282,19.2,45.6,99500,9.00,11.0,14.0,16.0,0.0194,0
2023-06-01 00:59:53,1685595593,19.1,45.7,99500,9.00,12.0,14.0,15.0,0.0550,0
2023-06-01 01:04:43,1685595884,19.1,45.9,99500,8.00,10.0,12.0,12.0,0.0502,0
2023-06-01 01:09:55,1685596195,19.1,45.8,99500,12.0,16.0,19.0,21.0,0.0502,0
2023-06-01 01:14:46,1685596486,19.1,45.8,99500,10.0,13.0,16.0,17.0,0.0611,0
2023-06-01 01:19:58,1685596798,19.2,45.9,99500,9.00,11.0,13.0,14.0,0.0488,0
2023-06-01 01:24:49,1685597089,19.1,45.8,99500,11.0,13.0,14.0,14.0,0.0687,0
2023-06-01 01:29:41,1685597381,19.1,45.9,99500,13.0,19.0,23.0,26.0,0.0405,0
2023-06-01 01:34:53,1685597693,19.1,46.2,99500,8.00,13.0,16.0,18.0,0.0208,0
2023-06-01 01:39:44,1685597984,19.1,46.3,99500,10.0,12.0,15.0,16.0,0.0304,0
2023-06-01 01:44:55,1685598296,19.1,46.2,99500,10.0,14.0,17.0,19.0,0.0225,0
2023-06-01 01:49:46,1685598587,19.1,46.3,99500,10.0,12.0,13.0,14.0,0.0146,0
2023-06-01 01:54:58,1685598899,19.1,46.3,99500,10.0,12.0,14.0,15.0,0.0278,0
2023-06-01 01:59:49,1685599190,19.2,46.3,99500,9.00,10.0,10.0,10.0,0.0289,0
2023-06-01 02:04:41,1685599481,19.2,46.1,99500,8.00,11.0,13.0,14.0,0.0289,0
2023-06-01 02:09:52,1685599793,19.2,45.9,99500,9.00,11.0,13.0,14.0,0.0182,0
2023-06-01 02:14:43,1685600084,19.1,45.7,99500,8.00,10.0,11.0,11.0,0.0260,0
2023-06-01 02:19:55,1685600395,19.0,45.8,99500,8.00,10.0,12.0,13.0,0.0260,0
2023-06-01 02:24:46,1685600686,18.9,46.2,99500,10.0,13.0,15.0,16.0,0.0327,0
2023-06-01 02:29:58,1685600998,18.8,46.6,99500,11.0,12.0,14.0,15.0,0.0327,0
2023-06-01 02:34:49,1685601289,18.8,46.7,99500,11.0,12.0,13.0,13.0,0.0370,0
2023-06-01 02:39:40,1685601580,18.9,46.7,99500,8.00,11.0,13.0,14.0,0.0500,0
2023-06-01 02:44:51,1685601892,18.9,46.5,99500,10.0,13.0,15.0,16.0,0.0216,0
2023-06-01 02:49:42,1685602183,18.9,46.2,99500,13.0,15.0,15.0,16.0,0.0437,0
2023-06-01 02:54:54,1685602495,18.8,46.3,99500,8.00,10.0,12.0,13.0,0.0408,0
2023-06-01 02:59:45,1685602786,18.7,46.5,99500,10.0,12.0,14.0,15.0,0.0408,0
2023-06-01 03:04:57,1685603098,18.6,46.6,99500,8.00,9.00,10.0,10.0,0.0186,0
2023-06-01 03:09:49,1685603389,18.5,46.7,99500,8.00,9.00,9.00,9.00,0.0333,0
2023-06-01 03:14:40,1685603680,18.4,46.8,99500,8.00,10.0,11.0,12.0,0.0171,0
2023-06-01 03:19:51,1685603992,18.2,47.1,99500,8.00,10.0,11.0,11.0,0.0360,0
2023-06-01 03:24:42,1685604283,18.1,47.3,99500,9.00,11.0,13.0,15.0,0.0235,0
2023-06-01 03:29:54,1685604594,18.0,47.8,99500,10.0,14.0,17.0,18.0,0.0249,0
2023-06-01 03:34:45,1685604885,18.0,47.9,99500,8.00,10.0,13.0,14.0,0.0358,0
2023-06-01 03:39:57,1685605197,18.0,48.0,99500,8.00,9.00,10.0,11.0,0.0152,0
2023-06-01 03:44:48,1685605488,18.0,48.7,99500,7.00,11.0,15.0,17.0,0.0152,0
2023-06-01 03:49:59,1685605800,18.0,48.5,99500,9.00,13.0,15.0,16.0,0.0141,0
2023-06-01 03:54:50,1685606091,18.0,48.5,99500,10.0,10.0,12.0,13.0,0.0263,0
2023-06-01 03:59:42,1685606382,17.9,48.3,99500,7.00,8.00,9.00,10.0,0.0378,0
2023-06-01 04:04:54,1685606695,17.8,48.5,99500,10.0,13.0,16.0,17.0,0.0481,0
2023-06-01 04:09:45,1685606986,17.7,48.5,99500,8.00,10.0,11.0,12.0,0.0482,0
2023-06-01 04:14:57,1685607298,17.6,48.4,99500,9.00,10.0,12.0,13.0,0.0294,0
2023-06-01 04:19:48,1685607589,17.5,48.7,99500,9.00,10.0,12.0,14.0,0.0409,0
2023-06-01 04:24:40,1685607880,17.5,48.8,99500,10.0,12.0,14.0,15.0,0.0198,0
2023-06-01 04:29:52,1685608192,17.4,48.9,99500,8.00,10.0,13.0,14.0,0.0194,0
2023-06-01 04:34:43,1685608484,17.4,49.1,99500,11.0,15.0,19.0,21.0,0.0201,0
2023-06-01 04:39:55,1685608796,17.3,49.0,99500,11.0,12.0,13.0,14.0,0.0248,0
2023-06-01 04:44:47,1685609087,17.2,49.1,99500,9.00,9.00,11.0,11.0,0.0285,0
2023-06-01 04:49:59,1685609400,17.1,49.2,99500,10.0,12.0,13.0,14.0,0.0412,0
2023-06-01 04:54:50,1685609691,17.0,49.1,99500,10.0,13.0,15.0,16.0,0.0233,0
2023-06-01 04:59:42,1685609982,16.8,49.2,99500,8.00,9.00,10.0,10.0,0.0291,0
2023-06-01 05:04:53,1685610294,16.7,49.2,99500,8.00,10.0,11.0,11.0,0.0396,0
2023-06-01 05:09:45,1685610586,16.7,49.9,99536,11.0,12.0,13.0,13.0,0.0165,0
2023-06-01 05:14:57,1685610898,16.6,49.8,99547,10.0,14.0,18.0,20.0,0.0150,0
2023-06-01 05:19:49,1685611190,16.6,49.9,99600,8.00,10.0,12.0,13.0,0.0270,0
2023-06-01 05:54:52,1685613293,17.9,49.8,99600,9.00,11.0,13.0,14.0,,
2023-06-01 05:59:43,1685613583,18.4,49.7,99600,11.0,14.0,16.0,17.0,,
2023-06-01 06:00:24,1685613625,19.1,49.2,99600,11.0,11.0,13.0,14.0,,
2023-06-01 09:04:45,1685624685,41.0,15.2,99600,7.00,8.00,8.00,8.00,,
2023-06-01 09:09:49,1685624990,40.8,15.3,99513,9.00,17.0,24.0,27.0,,
2023-06-01 09:14:54,1685625294,40.4,16.0,99580,15.0,30.0,43.0,49.0,0.119,7.76
2023-06-01 09:15:14,1685625314,40.3,16.4,99600,5.00,5.00,5.00,5.00,0.119,7.76
2023-06-01 09:29:48,1685626188,40.6,16.3,99520,10.0,12.0,13.0,14.0,0.119,9.28
2023-06-01 09:32:50,1685626371,40.7,16.4,99500,5.00,6.00,7.00,7.00,0.115,9.29
2023-06-01 09:39:47,1685626788,40.7,16.4,99500,6.00,7.00,7.00,7.00,0.107,9.29
2023-06-01 09:44:52,1685627092,40.7,16.6,99500,7.00,9.00,11.0,11.0,0.0971,9.29
2023-06-01 09:49:56,1685627397,41.0,16.1,99500,12.0,12.0,12.0,12.0,0.0459,1.13
2023-06-01 09:53:57,1685627638,40.9,16.1,99500,10.0,11.0,12.0,13.0,0.0487,0
2023-06-01 09:59:47,1685627988,40.9,15.4,99500,9.00,10.0,11.0,11.0,0.0537,0
2023-06-01 10:04:52,1685628292,40.8,15.3,99500,9.00,11.0,12.0,12.0,0.0185,0
2023-06-01 10:07:34,1685628455,40.6,15.6,99500,8.00,9.00,11.0,11.0,0.0382,0
2023-06-01 10:19:49,1685629189,40.7,16.7,99500,8.00,9.00,9.00,10.0,0.0295,0
2023-06-01 10:24:53,1685629494,40.6,17.0,99500,33.0,80.0,118,137,0.166,0
2023-06-01 10:25:33,1685629534,40.6,17.3,99500,21.0,50.0,74.0,85.0,0.287,0
2023-06-01 10:34:56,1685630096,40.2,17.3,99500,7.00,9.00,11.0,12.0,0.458,0
2023-06-01 10:39:40,1685630381,40.0,17.8,99500,8.00,11.0,13.0,14.0,0.451,0
2023-06-01 10:43:23,1685630604,40.0,17.7,99500,9.00,12.0,14.0,15.0,0.431,0
2023-06-01 10:54:55,1685631295,39.3,18.2,99500,73.0,185,275,319,0.234,0
2023-06-01 10:59:40,1685631580,39.2,18.7,99500,53.0,126,184,213,0.580,0
2023-06-01 11:04:53,1685631894,39.2,18.3,99500,9.00,9.00,9.00,9.00,0.532,0
2023-06-01 11:09:58,1685632199,39.3,18.0,99500,8.00,10.0,11.0,11.0,0.472,0
2023-06-01 11:14:43,1685632484,39.5,17.8,99500,9.00,10.0,11.0,12.0,0.465,0
2023-06-01 11:18:06,1685632687,39.7,17.7,99500,11.0,13.0,15.0,16.0,0.0146,0
2023-06-01 11:24:49,1685633090,39.8,18.1,99500,5.00,6.00,6.00,6.00,0.0146,0
2023-06-01 11:29:54,1685633395,40.0,17.7,99500,9.00,10.0,12.0,12.0,0.0218,0
2023-06-01 11:34:39,1685633679,40.2,17.6,99500,12.0,13.0,16.0,17.0,0.0218,0
2023-06-01 11:44:46,1685634286,40.3,17.5,99500,10.0,11.0,12.0,12.0,0.0499,0
2023-06-01 11:49:50,1685634591,40.4,17.4,99447,9.00,10.0,11.0,11.0,0.0417,0
2023-06-01 11:51:32,1685634693,40.5,17.1,99400,8.00,10.0,10.0,11.0,0.0488,0
2023-06-01 11:59:45,1685635186,40.5,17.5,99400,8.00,9.00,10.0,11.0,0.0586,0
2023-06-01 12:04:50,1685635490,40.7,17.6,99400,9.00,10.0,11.0,12.0,0.0228,0
2023-06-01 12:09:54,1685635794,41.0,17.5,99400,10.0,12.0,14.0,14.0,0.0357,0
2023-06-01 12:14:45,1685636086,41.4,17.6,99400,7.00,8.00,9.00,9.00,0.0371,0
2023-06-01 12:19:50,1685636390,41.7,17.2,99400,12.0,15.0,16.0,17.0,0.0602,0
2023-06-01 12:24:54,1685636695,42.1,16.8,99400,11.0,13.0,14.0,14.0,0.0602,0
2023-06-01 12:25:35,1685636735,42.3,16.7,99400,7.00,8.00,9.00,9.00,0.0117,0
2023-06-01 12:34:43,1685637284,42.9,15.4,99400,8.00,9.00,9.00,9.00,0.0128,0
2023-06-01 12:39:47,1685637588,43.1,14.6,99400,9.00,10.0,10.0,11.0,0.0447,0
2023-06-01 12:42:09,1685637730,43.2,14.6,99400,7.00,10.0,11.0,12.0,0.0190,0
2023-06-01 12:49:46,1685638186,43.2,13.7,99400,8.00,11.0,13.0,14.0,0.0287,0
2023-06-01 12:54:50,1685638490,43.3,14.1,99327,8.00,10.0,10.0,11.0,0.0344,0
2023-06-01 12:59:54,1685638794,43.5,14.4,99300,11.0,14.0,16.0,17.0,0.0568,0
2023-06-01 13:04:58,1685639098,43.0,14.3,99300,8.00,9.00,10.0,11.0,0.0219,0
2023-06-01 13:09:42,1685639383,42.2,15.1,99300,10.0,12.0,13.0,13.0,0.0158,0
2023-06-01 13:14:47,1685639687,41.2,15.5,99300,8.00,9.00,10.0,11.0,0.0293,0
2023-06-01 13:17:49,1685639870,40.6,16.7,99300,9.00,9.00,9.00,9.00,0.0448,0
2023-06-01 13:29:45,1685640586,40.7,15.1,99300,9.00,13.0,17.0,19.0,0.0302,0
2023-06-01 13:33:49,1685640830,40.8,14.1,99300,13.0,24.0,33.0,38.0,0.0363,0
2023-06-01 13:49:46,1685641786,41.4,12.3,99300,10.0,15.0,18.0,20.0,0.142,0
2023-06-01 13:52:28,1685641948,41.5,12.2,99300,6.00,6.00,7.00,7.00,0.101,0
2023-06-01 13:59:59,1685642400,41.6,12.4,99300,7.00,8.00,9.00,10.0,0.196,0
2023-06-01 14:04:44,1685642684,41.9,11.7,99300,8.00,9.00,10.0,10.0,0.252,0
2023-06-01 14:09:27,1685642968,42.0,11.5,99300,8.00,13.0,18.0,20.0,0.0185,0
2023-06-01 14:19:57,1685643597,42.1,11.3,99300,9.00,12.0,15.0,16.0,0.0254,0
2023-06-01 14:24:41,1685643882,42.0,11.7,99207,8.00,8.00,8.00,9.00,0.0545,0
2023-06-01 14:25:22,1685643922,42.0,11.3,99300,4.00,5.00,6.00,7.00,0.0111,0
2023-06-01 14:34:51,1685644491,42.3,12.2,99300,5.00,7.00,8.00,8.00,0.0484,0
2023-06-01 14:39:55,1685644796,42.6,11.5,99300,9.00,10.0,10.0,11.0,0.0484,0
2023-06-01 14:43:58,1685645039,42.8,11.6,99300,7.00,10.0,12.0,13.0,0.0371,0
2023-06-01 14:49:56,1685645396,42.3,11.5,99300,3.00,4.00,5.00,5.00,0.0153,0
2023-06-01 14:54:40,1685645681,41.6,11.9,99343,5.00,6.00,8.00,8.00,0.0686,0
2023-06-01 14:59:46,1685645986,40.1,12.8,99400,4.00,7.00,8.00,9.00,0.0845,0
2023-06-01 15:04:51,1685646292,38.6,14.3,99400,6.00,7.00,8.00,9.00,0.0467,0
2023-06-01 15:09:57,1685646598,36.9,16.9,99400,8.00,18.0,27.0,31.0,0.0949,0
2023-06-01 15:14:44,1685646884,35.4,18.9,99400,8.00,14.0,19.0,21.0,0.111,0
2023-06-01 15:17:48,1685647068,34.4,20.7,99400,42.0,115,174,203,0.0831,0
2023-06-01 15:34:49,1685648090,33.2,23.7,99400,5.00,7.00,8.00,9.00,,
2023-06-01 15:39:40,1685648381,32.9,24.9,99400,4.00,5.00,6.00,6.00,,
2023-06-01 15:44:48,1685648688,32.3,26.2,99400,6.00,9.00,11.0,12.0,,
2023-06-01 15:49:55,1685648996,31.9,27.2,99400,10.0,13.0,14.0,15.0,0.0454,0
2023-06-01 15:54:43,1685649283,31.4,28.0,99400,6.00,8.00,10.0,11.0,0.0454,0
2023-06-01 15:59:51,1685649591,31.1,29.0,99400,8.00,8.00,10.0,11.0,0.0157,0
2023-06-01 16:04:59,1685649899,30.6,30.3,99400,4.00,6.00,7.00,8.00,0.0238,0
2023-06-01 16:09:46,1685650187,30.3,30.6,99471,7.00,9.00,11.0,12.0,0.0559,0
2023-06-01 16:10:07,1685650207,30.3,30.4,99500,3.00,3.00,4.00,4.00,0.0129,0
2023-06-01 16:24:48,1685651088,30.7,30.5,99500,8.00,9.00,10.0,11.0,0.0935,0
2023-06-01 16:29:56,1685651396,30.7,30.6,99500,7.00,9.00,13.0,15.0,0.0935,0
2023-06-01 16:34:47,1685651687,30.9,30.4,99500,7.00,9.00,10.0,11.0,0.0263,0
2023-06-01 16:39:55,1685651995,30.9,30.0,99500,8.00,11.0,12.0,13.0,0.0263,0
2023-06-01 16:44:43,1685652283,30.9,30.0,99500,8.00,9.00,9.00,10.0,0.0665,0
2023-06-01 16:49:51,1685652591,31.0,29.4,99500,6.00,10.0,14.0,16.0,0.0665,0
2023-06-01 16:54:59,1685652899,30.9,29.2,99500,6.00,7.00,8.00,9.00,0.0245,0
2023-06-01 16:59:47,1685653187,30.9,29.4,99500,7.00,7.00,7.00,7.00,0.0351,0
2023-06-01 17:04:55,1685653495,30.9,28.8,99500,5.00,6.00,8.00,9.00,0.0167,0
2023-06-01 17:09:42,1685653783,31.0,28.8,99500,5.00,7.00,8.00,8.00,0.0172,0
2023-06-01 17:14:51,1685654091,31.0,28.5,99500,7.00,8.00,9.00,10.0,0.0163,0
2023-06-01 17:19:59,1685654399,31.0,28.1,99500,5.00,6.00,6.00,7.00,0.0208,0
2023-06-01 17:24:47,1685654687,31.1,28.7,99500,6.00,8.00,11.0,12.0,0.0255,0
2023-06-01 17:29:55,1685654995,31.2,28.8,99400,8.00,15.0,21.0,23.0,0.141,0
2023-06-01 17:34:42,1685655283,31.2,28.8,99400,7.00,12.0,15.0,17.0,0.137,0
2023-06-01 17:39:51,1685655591,31.2,29.0,99400,6.00,10.0,13.0,14.0,0.0769,0
2023-06-01 17:44:59,1685655899,31.3,28.7,99400,5.00,6.00,7.00,8.00,0.0769,0
2023-06-01 17:49:47,1685656187,31.3,28.7,99400,9.00,13.0,15.0,16.0,0.0305,0
2023-06-01 17:54:55,1685656495,31.3,28.2,99400,7.00,8.00,10.0,12.0,0.0188,0
2023-06-01 17:59:42,1685656783,31.4,28.2,99400,11.0,24.0,35.0,41.0,0.0650,0
2023-06-01 18:04:50,1685657091,31.5,28.4,99400,8.00,15.0,20.0,23.0,0.180,0
2023-06-01 18:09:58,1685657399,31.6,28.5,99400,6.00,8.00,10.0,10.0,0.213,0
2023-06-01 18:14:46,1685657686,31.6,28.1,99400,6.00,7.00,7.00,8.00,0.216,0
2023-06-01 18:19:54,1685657994,31.6,28.2,99400,7.00,9.00,11.0,12.0,0.0616,0
2023-06-01 18:24:42,1685658282,31.5,28.2,99400,19.0,45.0,65.0,75.0,0.0616,0
2023-06-01 18:29:50,1685658591,31.3,28.3,99400,6.00,7.00,7.00,8.00,0.0631,0
2023-06-01 18:34:58,1685658899,31.1,28.3,99400,7.00,8.00,10.0,11.0,0.0597,0
2023-06-01 18:39:46,1685659186,31.0,28.2,99400,6.00,9.00,10.0,11.0,0.0604,0
2023-06-01 18:44:54,1685659495,30.9,28.0,99400,5.00,5.00,6.00,6.00,0.0364,0
2023-06-01 18:49:42,1685659782,30.9,28.3,99400,4.00,6.00,8.00,9.00,0.0428,0
2023-06-01 18:54:50,1685660091,30.8,28.2,99400,4.00,6.00,8.00,9.00,0.0287,0
2023-06-01 18:59:59,1685660399,30.8,28.8,99400,6.00,7.00,8.00,8.00,0.0133,0
2023-06-01 19:04:46,1685660687,30.6,29.4,99400,7.00,11.0,14.0,16.0,0.0172,0
2023-06-01 19:09:55,1685660995,30.4,30.0,99400,8.00,8.00,10.0,11.0,0.0424,0
2023-06-01 19:14:43,1685661283,30.2,30.9,99400,5.00,7.00,9.00,10.0,0.0478,0
2023-06-01 19:19:52,1685661592,29.9,31.7,99400,7.00,10.0,12.0,12.0,0.0495,0
2023-06-01 19:24:40,1685661880,29.7,32.5,99400,8.00,11.0,12.0,13.0,0.0341,0
2023-06-01 19:29:48,1685662189,29.4,33.0,99400,7.00,8.00,8.00,8.00,0.0341,0
2023-06-01 19:34:57,1685662498,29.1,33.4,99400,7.00,8.00,9.00,10.0,0.0233,0
2023-06-01 19:39:46,1685662786,28.9,33.9,99400,6.00,7.00,8.00,9.00,0.0130,0
2023-06-01 19:44:55,1685663095,28.6,34.2,99400,5.00,8.00,11.0,12.0,0.0148,0
2023-06-01 19:49:43,1685663384,28.3,34.9,99400,7.00,11.0,14.0,16.0,0.0220,0
2023-06-01 19:54:52,1685663693,28.0,35.7,99400,5.00,8.00,11.0,12.0,0.0624,0
2023-06-01 19:59:41,1685663981,27.7,36.3,99400,9.00,13.0,15.0,16.0,0.0487,0
2023-06-01 20:04:50,1685664291,27.4,36.9,99400,5.00,8.00,10.0,11.0,0.0215,0
2023-06-01 20:09:39,1685664580,27.1,37.5,99400,7.00,9.00,10.0,11.0,0.0350,0
2023-06-01 20:14:49,1685664889,26.8,38.0,99447,7.00,9.00,12.0,13.0,0.0678,0
2023-06-01 20:19:59,1685665199,26.5,38.1,99500,6.00,7.00,7.00,8.00,0.0572,0
2023-06-01 20:24:48,1685665488,26.4,38.7,99500,7.00,7.00,9.00,10.0,0.0515,0
2023-06-01 20:29:58,1685665798,26.2,39.0,99500,6.00,8.00,10.0,10.0,0.0110,0
2023-06-01 20:34:46,1685666087,26.0,38.1,99471,5.00,7.00,8.00,8.00,0.0112,0
2023-06-01 20:39:56,1685666397,26.0,38.2,99440,6.00,6.00,6.00,6.00,0.0268,0
2023-06-01 20:44:45,1685666686,26.0,37.1,99457,7.00,9.00,10.0,11.0,0.0158,0
2023-06-01 20:49:55,1685666996,26.1,36.8,99420,5.00,7.00,8.00,8.00,0.0338,0
2023-06-01 20:54:44,1685667285,26.1,36.2,99400,4.00,5.00,7.00,8.00,0.0288,0
2023-06-01 20:59:54,1685667594,26.3,35.9,99400,5.00,7.00,10.0,12.0,0.0288,0
2023-06-01 21:04:43,1685667883,26.4,35.9,99400,4.00,9.00,13.0,15.0,0.0142,0
2023-06-01 21:09:52,1685668193,26.5,36.0,99400,6.00,8.00,10.0,11.0,0.0159,0
2023-06-01 21:14:41,1685668482,26.5,36.0,99400,4.00,5.00,5.00,6.00,0.0132,0
2023-06-01 21:19:51,1685668791,26.4,36.1,99400,5.00,6.00,8.00,8.00,0.0167,0
2023-06-01 21:24:40,1685669080,26.3,36.2,99400,4.00,5.00,7.00,8.00,0.0167,0
2023-06-01 21:29:50,1685669390,26.3,36.2,99400,5.00,5.00,6.00,6.00,0.0141,0
2023-06-01 21:34:59,1685669700,26.2,36.0,99400,5.00,6.00,7.00,8.00,0.0117,0
2023-06-01 21:39:49,1685669989,26.2,35.7,99400,5.00,7.00,9.00,11.0,0.00822,0
2023-06-01 21:44:58,1685670299,26.2,35.6,99400,4.00,6.00,7.00,8.00,0.0115,0
2023-06-01 21:49:47,1685670588,26.2,35.0,99400,4.00,6.00,8.00,8.00,0.0148,0
2023-06-01 21:54:57,1685670898,26.3,34.5,99400,6.00,9.00,11.0,13.0,0.0137,0
2023-06-01 21:59:47,1685671187,26.4,34.2,99400,4.00,5.00,7.00,7.00,0.0196,0
2023-06-01 22:04:56,1685671497,26.5,34.0,99400,3.00,5.00,6.00,7.00,0.0212,0
2023-06-01 22:09:45,1685671786,26.5,33.4,99400,4.00,6.00,10.0,11.0,0.0212,0
2023-06-01 22:14:55,1685672096,26.6,33.1,99400,3.00,4.00,4.00,5.00,0.0134,0
2023-06-01 22:19:44,1685672385,26.7,33.2,99400,6.00,6.00,6.00,6.00,0.0159,0
2023-06-01 22:24:54,1685672694,26.8,32.8,99400,4.00,6.00,8.00,9.00,0.0124,0
2023-06-01 22:29:42,1685672983,26.8,32.6,99400,4.00,6.00,7.00,7.00,0.0108,0
2023-06-01 22:34:52,1685673293,26.9,32.6,99400,4.00,5.00,6.00,7.00,0.0127,0
2023-06-01 22:39:41,1685673582,26.9,32.5,99400,5.00,6.00,8.00,9.00,0.0153,0
2023-06-01 22:44:51,1685673891,26.9,32.4,99347,4.00,5.00,6.00,7.00,0.0154,0
2023-06-01 22:49:39,1685674180,26.9,32.6,99336,5.00,6.00,6.00,6.00,0.0107,0
2023-06-01 22:54:49,1685674490,26.8,32.6,99307,5.00,6.00,8.00,9.00,0.0117,0
2023-06-01 22:59:59,1685674799,26.7,32.7,99387,5.00,7.00,9.00,10.0,0.0180,0
2023-06-01 23:04:48,1685675088,26.6,32.9,99371,4.00,8.00,12.0,14.0,0.0141,0
2023-06-01 23:09:57,1685675398,26.5,32.6,99393,5.00,5.00,6.00,7.00,0.0154,0
2023-06-01 23:14:46,1685675687,26.6,32.6,99400,4.00,5.00,6.00,7.00,0.0158,0
2023-06-01 23:19:56,1685675997,26.7,32.6,99400,4.00,5.00,6.00,7.00,0.0112,0
2023-06-01 23:24:45,1685676286,26.8,32.4,99400,6.00,6.00,6.00,7.00,0.0112,0
2023-06-01 23:29:55,1685676595,26.9,32.3,99400,4.00,6.00,7.00,7.00,0.0135,0
2023-06-01 23:34:44,1685676884,26.9,32.3,99400,4.00,7.00,9.00,10.0,0.0151,0
2023-06-01 23:39:53,1685677194,27.0,32.3,99400,6.00,6.00,6.00,6.00,0.0152,0
2023-06-01 23:44:42,1685677483,27.0,32.4,99400,5.00,7.00,7.00,8.00,0.0152,0
2023-06-01 23:49:52,1685677792,27.0,32.2,99400,5.00,7.00,9.00,11.0,0.0233,0
2023-06-01 23:54:41,1685678081,27.0,32.2,99400,5.00,6.00,8.00,10.0,0.0202,0
2023-06-01 23:59:50,1685678391,27.0,32.1,99400,6.00,10.0,13.0,15.0,0.0200,0
2023-06-02 00:04:39,1685678680,27.0,32.1,99371,6.00,7.00,8.00,8.00,0.0204,0
2023-06-02 00:09:49,1685678989,26.9,32.2,99300,5.00,7.00,8.00,9.00,0.0197,0
2023-06-02 00:14:58,1685679299,26.9,32.2,99300,4.00,7.00,9.00,11.0,0.0216,0
2023-06-02 00:19:47,1685679588,26.8,32.3,99300,4.00,6.00,7.00,7.00,0.0216,0
2023-06-02 00:24:56,1685679896,26.7,32.5,99300,7.00,10.0,11.0,12.0,0.0222,0
2023-06-02 00:29:45,1685680185,26.7,32.8,99300,5.00,7.00,9.00,10.0,0.0302,0
2023-06-02 00:34:54,1685680495,26.6,32.7,99300,6.00,8.00,9.00,10.0,0.0302,0
2023-06-02 00:39:43,1685680784,26.5,32.8,99300,5.00,8.00,10.0,11.0,0.0430,0
2023-06-02 00:44:53,1685681094,26.5,32.8,99300,5.00,7.00,8.00,9.00,0.0396,0
2023-06-02 00:49:42,1685681383,26.4,32.8,99300,5.00,7.00,8.00,8.00,0.0185,0
2023-06-02 00:54:52,1685681692,26.4,32.8,99300,6.00,8.00,9.00,10.0,0.0152,0
2023-06-02 00:59:41,1685681981,26.5,32.5,99300,5.00,7.00,8.00,9.00,0.0388,0
2023-06-02 01:04:50,1685682291,26.5,32.7,99300,3.00,4.00,6.00,7.00,0.0663,0
2023-06-02 01:09:39,1685682580,26.4,33.1,99300,4.00,5.00,8.00,9.00,0.0575,0
2023-06-02 01:14:49,1685682890,26.3,33.3,99300,5.00,5.00,7.00,8.00,0.0182,0
2023-06-02 01:19:59,1685683199,26.1,33.5,99300,4.00,6.00,7.00,8.00,0.0113,0
2023-06-02 01:24:48,1685683488,26.0,33.9,99300,8.00,8.00,8.00,8.00,0.0139,0
2023-06-02 01:29:58,1685683798,25.8,34.1,99300,3.00,3.00,4.00,4.00,0.0125,0
2023-06-02 01:34:47,1685684088,25.6,34.4,99300,4.00,5.00,5.00,6.00,0.0301,0
2023-06-02 01:39:57,1685684398,25.4,34.9,99300,7.00,8.00,8.00,8.00,0.0127,0
2023-06-02 01:44:46,1685684687,25.2,35.6,99300,5.00,6.00,6.00,6.00,0.0127,0
2023-06-02 01:49:57,1685684997,25.1,35.9,99300,6.00,9.00,10.0,11.0,0.0435,0
2023-06-02 01:54:46,1685685287,25.0,36.2,99300,5.00,7.00,8.00,9.00,0.0553,0
2023-06-02 01:59:56,1685685597,24.9,36.6,99300,5.00,6.00,7.00,7.00,0.0274,0
2023-06-02 02:04:46,1685685886,24.7,37.0,99300,5.00,6.00,7.00,7.00,0.0274,0
2023-06-02 02:09:56,1685686197,24.6,37.2,99300,4.00,6.00,8.00,9.00,0.0145,0
2023-06-02 02:14:46,1685686486,24.5,37.5,99300,7.00,8.00,10.0,10.0,0.0217,0
2023-06-02 02:19:56,1685686796,24.4,37.9,99300,4.00,5.00,6.00,6.00,0.0283,0
2023-06-02 02:24:46,1685687086,24.3,38.1,99300,4.00,7.00,8.00,9.00,0.0283,0
2023-06-02 02:29:56,1685687396,24.2,38.5,99300,6.00,8.00,10.0,10.0,0.0394,0
2023-06-02 02:34:46,1685687686,24.1,39.0,99271,6.00,9.00,13.0,15.0,0.0333,0
2023-06-02 02:39:56,1685687996,23.9,39.6,99300,5.00,6.00,9.00,10.0,0.0354,0
2023-06-02 02:44:45,1685688286,23.9,40.1,99300,6.00,7.00,8.00,8.00,0.0182,0
2023-06-02 02:49:56,1685688596,23.9,40.2,99200,5.00,6.00,6.00,6.00,0.0180,0
2023-06-02 02:54:45,1685688886,23.9,40.0,99200,4.00,6.00,8.00,9.00,0.0134,0
2023-06-02 02:59:56,1685689196,23.8,40.3,99200,6.00,6.00,6.00,7.00,0.0119,0
2023-06-02 03:04:46,1685689486,23.8,40.6,99200,4.00,5.00,7.00,8.00,0.0141,0
2023-06-02 03:09:56,1685689797,23.7,40.6,99200,6.00,7.00,8.00,9.00,0.0162,0
2023-06-02 03:14:46,1685690087,23.6,41.2,99200,5.00,7.00,8.00,9.00,0.0199,0
2023-06-02 03:19:57,1685690397,23.5,41.5,99200,7.00,8.00,10.0,12.0,0.0348,0
2023-06-02 03:24:47,1685690687,23.4,41.5,99200,6.00,8.00,9.00,10.0,0.0236,0
2023-06-02 03:29:57,1685690998,23.3,41.6,99200,7.00,11.0,14.0,16.0,0.0216,0
2023-06-02 03:34:47,1685691288,23.3,41.6,99200,5.00,9.00,12.0,13.0,0.0138,0
2023-06-02 03:39:58,1685691599,23.3,41.9,99200,5.00,5.00,6.00,6.00,0.0138,0
2023-06-02 03:44:48,1685691888,23.2,42.2,99200,4.00,5.00,5.00,5.00,0.0162,0
2023-06-02 03:49:58,1685692199,23.1,42.3,99200,4.00,5.00,6.00,7.00,0.0135,0
2023-06-02 03:54:49,1685692489,23.1,42.7,99200,6.00,7.00,7.00,8.00,0.0135,0
2023-06-02 03:59:59,1685692800,23.0,42.8,99200,4.00,5.00,6.00,6.00,0.0182,0
2023-06-02 04:04:50,1685693090,23.0,43.2,99200,6.00,8.00,11.0,12.0,0.00978,0
2023-06-02 04:09:40,1685693380,22.9,43.1,99200,5.00,6.00,7.00,7.00,0.0179,0
2023-06-02 04:14:50,1685693691,22.9,43.0,99200,6.00,8.00,9.00,10.0,0.0222,0
2023-06-02 04:19:40,1685693981,22.8,43.4,99200,5.00,5.00,6.00,7.00,0.0222,0
2023-06-02 04:24:51,1685694291,22.8,43.9,99200,5.00,7.00,9.00,10.0,0.0196,0
2023-06-02 04:29:41,1685694581,22.8,43.8,99200,6.00,7.00,8.00,9.00,0.0185,0
2023-06-02 04:34:52,1685694892,22.8,43.8,99200,7.00,9.00,11.0,12.0,0.0110,0
2023-06-02 04:39:42,1685695182,22.8,44.1,99200,6.00,7.00,8.00,9.00,0.0357,0
2023-06-02 04:44:53,1685695494,22.7,44.0,99233,5.00,6.00,8.00,8.00,0.0397,0
2023-06-02 04:49:43,1685695784,22.7,44.2,99300,5.00,7.00,9.00,10.0,0.0397,0
2023-06-02 04:54:54,1685696094,22.6,44.7,99300,7.00,7.00,8.00,8.00,0.0136,0
2023-06-02 04:59:44,1685696384,22.5,44.7,99300,8.00,8.00,8.00,9.00,0.0232,0
2023-06-02 05:04:55,1685696696,22.4,44.8,99300,5.00,6.00,7.00,8.00,0.0182,0
2023-06-02 05:09:45,1685696986,22.4,44.8,99300,6.00,7.00,7.00,8.00,0.0237,0
2023-06-02 05:14:56,1685697297,22.3,44.9,99300,6.00,7.00,7.00,8.00,0.0199,0
2023-06-02 05:19:46,1685697587,22.3,45.0,99300,6.00,7.00,7.00,8.00,0.0127,0
2023-06-02 05:24:57,1685697898,22.3,45.2,99300,6.00,7.00,7.00,8.00,0.0119,0
2023-06-02 05:29:47,1685698188,22.3,45.5,99300,6.00,7.00,7.00,7.00,0.0118,0
2023-06-02 05:34:58,1685698499,22.3,46.0,99300,9.00,9.00,10.0,11.0,0.0166,0
2023-06-02 05:39:48,1685698789,22.2,45.7,99300,8.00,9.00,10.0,10.0,0.0264,0
2023-06-02 05:44:59,1685699100,22.2,45.7,99300,7.00,9.00,10.0,11.0,0.0178,0
2023-06-02 05:49:49,1685699390,22.2,45.8,99300,8.00,10.0,12.0,13.0,0.0257,0
2023-06-02 05:54:39,1685699680,22.2,45.9,99300,5.00,6.00,7.00,7.00,0.0385,0
2023-06-02 05:59:50,1685699990,22.2,46.2,99300,5.00,7.00,8.00,8.00,0.0392,0
2023-06-02 06:04:40,1685700280,22.1,46.5,99300,8.00,9.00,9.00,10.0,0.0392,0
2023-06-02 06:09:51,1685700591,22.1,46.5,99300,8.00,8.00,9.00,10.0,0.0117,0
2023-06-02 06:14:41,1685700881,22.1,46.7,99300,7.00,7.00,8.00,8.00,0.0169,0
2023-06-02 06:19:52,1685701192,22.1,46.9,99300,5.00,6.00,7.00,8.00,0.0139,0
2023-06-02 06:24:42,1685701482,22.1,47.0,99300,8.00,10.0,12.0,13.0,0.0148,0
2023-06-02 06:29:53,1685701793,22.1,46.8,99300,7.00,9.00,10.0,11.0,0.0179,0
2023-06-02 06:34:43,1685702083,22.1,46.6,99300,4.00,5.00,5.00,5.00,0.0170,0
2023-06-02 06:39:54,1685702394,22.2,46.7,99300,6.00,7.00,8.00,8.00,0.0378,0
2023-06-02 06:44:44,1685702685,22.3,46.6,99371,6.00,10.0,15.0,17.0,0.0191,0
2023-06-02 06:49:55,1685702996,22.3,46.5,99400,6.00,7.00,8.00,8.00,0.0149,0
2023-06-02 06:54:45,1685703286,22.4,46.5,99400,7.00,8.00,8.00,8.00,0.0127,0
2023-06-02 06:59:56,1685703597,22.4,46.4,99400,8.00,10.0,11.0,11.0,0.0107,0
2023-06-02 07:04:46,1685703887,22.5,46.5,99400,6.00,6.00,7.00,8.00,0.0137,0
2023-06-02 07:09:57,1685704198,22.5,47.0,99400,5.00,7.00,8.00,8.00,0.0143,0
2023-06-02 07:14:47,1685704488,22.5,47.4,99400,8.00,10.0,11.0,12.0,0.0281,0
2023-06-02 07:19:58,1685704799,22.5,47.4,99400,6.00,7.00,8.00,9.00,0.0232,0
2023-06-02 07:24:49,1685705089,22.5,47.1,99400,6.00,7.00,8.00,9.00,0.0144,0
2023-06-02 07:28:57,1685705338,22.5,47.2,99400,5.00,8.00,10.0,11.0,0.00977,0
2023-06-02 08:29:22,1685708962,23.6,47.4,99433,7.00,11.0,13.0,14.0,,
2023-06-02 10:54:39,1685717680,27.0,32.6,99500,4.00,5.00,5.00,6.00,,
2023-06-02 10:59:48,1685717988,27.0,32.4,99500,8.00,9.00,10.0,10.0,,
2023-06-02 11:03:33,1685718214,26.9,32.8,99500,10.0,15.0,19.0,21.0,,
2023-06-02 11:14:54,1685718895,27.9,31.8,99500,4.00,6.00,7.00,8.00,,
2023-06-02 11:17:59,1685719079,28.1,31.5,99500,58.0,158,240,279,0.0579,0
2023-06-02 11:49:42,1685720982,25.6,32.7,99500,4.00,6.00,8.00,9.00,,
2023-06-02 11:54:51,1685721291,25.3,33.1,99500,36.0,93.0,139,162,,
2023-06-02 11:59:40,1685721580,25.2,33.6,99500,4.00,8.00,11.0,13.0,,
2023-06-02 12:00:42,1685721642,25.2,33.8,99500,5.00,6.00,7.00,7.00,,
2023-06-02 12:14:43,1685722483,25.4,33.5,99500,8.00,10.0,12.0,13.0,0.344,0
2023-06-02 12:18:09,1685722690,25.3,33.8,99500,4.00,7.00,11.0,12.0,0.289,0
2023-06-02 12:29:47,1685723388,26.0,33.5,99500,14.0,35.0,52.0,60.0,0.0452,0
2023-06-02 12:34:57,1685723697,26.2,33.3,99500,19.0,47.0,70.0,81.0,0.173,0
2023-06-02 12:35:38,1685723739,26.3,33.0,99500,4.00,5.00,6.00,6.00,0.198,0
2023-06-02 12:44:52,1685724292,26.1,33.6,99500,21.0,55.0,83.0,97.0,0.198,0
2023-06-02 12:49:41,1685724581,26.4,33.1,99500,136,377,573,669,0.187,0
2023-06-02 12:53:07,1685724787,26.4,32.4,99500,7.00,13.0,18.0,20.0,0.204,0
2023-06-02 13:04:45,1685725485,26.0,32.8,99500,3.00,6.00,8.00,10.0,0.365,0
2023-06-02 13:09:54,1685725794,25.9,32.7,99500,33.0,87.0,131,153,0.365,0
2023-06-02 13:12:38,1685725959,26.0,32.8,99500,10.0,22.0,31.0,36.0,0.275,0
2023-06-02 13:19:49,1685726390,25.8,33.5,99500,4.00,4.00,6.00,7.00,0.381,0
2023-06-02 13:24:59,1685726699,25.8,33.5,99500,6.00,13.0,18.0,21.0,0.381,0
2023-06-02 13:28:04,1685726885,26.0,33.5,99500,39.0,100,150,174,0.250,0
2023-06-02 13:34:49,1685727289,26.7,31.8,99500,3.00,3.00,3.00,4.00,0.0605,0
2023-06-02 13:39:58,1685727598,26.7,31.4,99500,167,480,736,860,0.820,0
2023-06-02 13:44:46,1685727887,26.5,31.3,99500,11.0,26.0,38.0,44.0,0.820,0
2023-06-02 13:45:28,1685727928,26.4,31.6,99500,5.00,10.0,13.0,15.0,0.269,0
2023-06-02 13:54:43,1685728483,26.1,31.4,99500,5.00,5.00,5.00,5.00,0.305,0
2023-06-02 13:59:52,1685728793,26.0,31.5,99500,36.0,100,152,177,0.885,0
2023-06-02 14:02:58,1685728978,26.1,31.7,99500,5.00,7.00,9.00,10.0,0.482,0
2023-06-02 14:14:58,1685729698,26.2,30.9,99500,4.00,6.00,7.00,8.00,0.143,0
2023-06-02 14:19:46,1685729987,26.0,31.1,99500,6.00,8.00,9.00,10.0,0.135,0
2023-06-02 14:20:27,1685730028,25.9,31.3,99500,1.00,2.00,3.00,3.00,0.133,0
2023-06-02 14:29:56,1685730597,26.2,31.4,99500,4.00,4.00,5.00,5.00,0.133,0
2023-06-02 14:34:45,1685730885,26.4,31.2,99500,5.00,9.00,14.0,16.0,0.0180,0
2023-06-02 14:39:33,1685731173,26.5,30.7,99500,4.00,7.00,9.00,11.0,0.0166,0
2023-06-02 14:49:53,1685731794,26.3,31.2,99500,6.00,8.00,9.00,9.00,0.0260,0
2023-06-02 14:54:42,1685732082,26.2,31.2,99500,7.00,15.0,22.0,26.0,0.0201,0
2023-06-02 14:56:04,1685732165,26.1,31.2,99500,2.00,3.00,3.00,4.00,0.0258,0
2023-06-02 15:04:50,1685732690,25.5,31.6,99500,9.00,24.0,36.0,42.0,0.0258,0
2023-06-02 15:09:59,1685733000,25.4,31.9,99500,7.00,11.0,15.0,17.0,0.0553,0
2023-06-02 15:13:05,1685733185,25.3,31.8,99500,5.00,15.0,24.0,28.0,0.113,0
2023-06-02 15:24:43,1685733884,25.5,32.1,99500,7.00,9.00,10.0,11.0,0.113,0
2023-06-02 15:29:53,1685734193,25.7,32.1,99500,5.00,11.0,16.0,18.0,0.0760,0
2023-06-02 15:31:56,1685734317,26.0,31.6,99500,7.00,9.00,9.00,10.0,0.0133,0
2023-06-02 15:39:45,1685734786,26.4,31.0,99500,4.00,6.00,7.00,8.00,0.0452,0
2023-06-02 15:44:55,1685735095,26.6,31.0,99500,3.00,6.00,8.00,9.00,0.0146,0
2023-06-02 15:48:00,1685735281,26.6,30.3,99500,6.00,11.0,14.0,16.0,0.0195,0
2023-06-02 15:59:57,1685735998,25.6,31.3,99500,5.00,6.00,7.00,8.00,0.0195,0
2023-06-02 16:04:46,1685736287,25.0,32.0,99500,6.00,10.0,14.0,15.0,0.0292,0
2023-06-02 16:06:50,1685736410,24.4,32.5,99500,4.00,5.00,6.00,7.00,0.0267,0
2023-06-02 16:14:58,1685736898,23.4,34.0,99500,4.00,5.00,6.00,7.00,0.0237,0
2023-06-02 16:19:47,1685737187,23.3,34.4,99500,7.00,10.0,14.0,17.0,0.0240,0
2023-06-02 16:24:57,1685737497,23.2,34.6,99500,6.00,7.00,8.00,8.00,0.0265,0
2023-06-02 16:29:50,1685737790,23.1,35.2,99500,4.00,5.00,8.00,10.0,0.0410,0
2023-06-02 16:34:39,1685738079,23.0,35.4,99500,6.00,9.00,10.0,11.0,0.0626,0
2023-06-02 16:39:49,1685738389,22.7,35.5,99500,6.00,13.0,18.0,20.0,0.0336,0
2023-06-02 16:44:59,1685738700,22.3,36.1,99500,4.00,10.0,15.0,17.0,0.0189,0
2023-06-02 16:49:49,1685738989,22.0,37.4,99500,4.00,6.00,7.00,8.00,0.0476,0
2023-06-02 16:54:39,1685739280,22.0,37.5,99500,4.00,5.00,6.00,6.00,0.0995,0
2023-06-02 16:59:49,1685739590,22.2,37.7,99500,4.00,8.00,12.0,14.0,0.0439,0
2023-06-02 17:04:40,1685739880,22.3,37.2,99500,9.00,20.0,28.0,33.0,0.315,0
2023-06-02 17:09:50,1685740191,22.1,37.3,99500,7.00,10.0,11.0,12.0,0.330,0
2023-06-02 17:14:41,1685740481,21.8,38.0,99500,7.00,8.00,9.00,10.0,0.293,0
2023-06-02 17:19:51,1685740792,21.7,37.8,99527,7.00,9.00,10.0,11.0,0.125,0
2023-06-02 17:24:42,1685741082,21.6,37.8,99593,10.0,13.0,15.0,16.0,0.0473,0
2023-06-02 17:29:53,1685741393,21.4,38.1,99600,6.00,9.00,13.0,15.0,0.0544,0
2023-06-02 17:34:43,1685741683,21.0,38.6,99600,12.0,15.0,18.0,20.0,0.0554,0
2023-06-02 17:39:54,1685741995,20.8,39.1,99600,8.00,9.00,10.0,12.0,0.0544,0
2023-06-02 17:44:44,1685742285,20.8,39.2,99600,6.00,7.00,8.00,8.00,0.0722,0
2023-06-02 17:49:55,1685742596,20.9,39.1,99600,9.00,17.0,22.0,25.0,0.0355,0
2023-06-02 17:54:45,1685742886,20.8,38.9,99600,9.00,14.0,17.0,19.0,0.0818,0
2023-06-02 17:59:56,1685743197,20.6,39.1,99600,10.0,13.0,17.0,19.0,0.0918,0
2023-06-02 18:04:46,1685743487,20.5,39.2,99600,8.00,8.00,9.00,10.0,0.0288,0
2023-06-02 18:09:58,1685743798,20.3,39.2,99600,8.00,16.0,22.0,24.0,0.0878,0
2023-06-02 18:14:48,1685744089,20.2,39.4,99600,8.00,11.0,15.0,18.0,0.0313,0
2023-06-02 18:19:59,1685744400,20.0,39.9,99600,6.00,10.0,14.0,16.0,0.0313,0
2023-06-02 18:24:50,1685744690,19.8,40.4,99600,7.00,10.0,12.0,14.0,0.0239,0
2023-06-02 18:29:41,1685744981,19.6,41.0,99600,9.00,18.0,25.0,28.0,0.112,0
2023-06-02 18:34:52,1685745293,19.6,41.2,99600,11.0,22.0,30.0,34.0,0.0645,0
2023-06-02 18:39:43,1685745583,19.8,41.0,99700,7.00,9.00,10.0,11.0,0.124,0
2023-06-02 18:44:54,1685745895,20.0,41.0,99700,10.0,15.0,20.0,23.0,0.124,0
2023-06-02 18:49:45,1685746185,20.3,40.7,99700,10.0,12.0,15.0,16.0,0.216,0
2023-06-02 18:54:56,1685746497,20.5,40.3,99700,9.00,11.0,15.0,17.0,0.0484,0
2023-06-02 18:59:47,1685746787,20.6,40.1,99700,9.00,11.0,14.0,15.0,0.0484,0
2023-06-02 19:04:58,1685747098,20.6,40.0,99700,7.00,8.00,10.0,11.0,0.0559,0
2023-06-02 19:09:48,1685747389,20.5,40.0,99700,9.00,15.0,19.0,21.0,0.134,0
2023-06-02 19:14:59,1685747700,20.4,40.2,99700,8.00,9.00,10.0,12.0,0.0610,0
2023-06-02 19:19:50,1685747991,20.3,40.0,99779,9.00,18.0,26.0,30.0,0.0545,0
2023-06-02 19:24:40,1685748281,20.2,39.7,99800,8.00,10.0,12.0,13.0,0.168,0
2023-06-02 19:29:51,1685748592,20.2,39.6,99800,9.00,11.0,12.0,12.0,0.168,0
2023-06-02 19:34:42,1685748882,20.2,39.5,99800,9.00,12.0,14.0,15.0,0.0498,0
2023-06-02 19:39:53,1685749194,20.1,39.1,99800,6.00,8.00,9.00,10.0,0.0286,0
2023-06-02 19:44:44,1685749484,20.1,38.9,99800,8.00,9.00,10.0,11.0,0.0190,0
2023-06-02 19:49:55,1685749796,20.1,39.0,99800,8.00,12.0,14.0,15.0,0.0386,0
2023-06-02 19:54:46,1685750087,20.0,38.5,99800,9.00,13.0,15.0,17.0,0.0439,0
2023-06-02 19:59:58,1685750398,19.9,37.8,99800,9.00,10.0,10.0,10.0,0.116,0
2023-06-02 20:04:49,1685750689,19.7,37.8,99800,10.0,13.0,16.0,18.0,0.116,0
2023-06-02 20:09:40,1685750981,19.6,37.9,99800,6.00,9.00,12.0,13.0,0.0534,0
2023-06-02 20:14:51,1685751292,19.4,38.0,99800,6.00,8.00,10.0,11.0,0.0444,0
2023-06-02 20:19:42,1685751582,19.2,38.3,99800,7.00,8.00,10.0,11.0,0.0196,0
2023-06-02 20:24:53,1685751894,19.0,38.4,99860,7.00,10.0,13.0,15.0,0.0210,0
2023-06-02 20:29:45,1685752185,18.9,38.6,99900,8.00,11.0,14.0,15.0,0.0327,0
2023-06-02 20:34:57,1685752497,18.8,38.7,99900,5.00,6.00,8.00,8.00,0.0538,0
2023-06-02 20:39:48,1685752788,18.7,38.8,99900,9.00,11.0,12.0,13.0,0.0582,0
2023-06-02 20:44:59,1685753100,18.6,38.9,99900,8.00,12.0,14.0,15.0,0.162,0
2023-06-02 20:49:51,1685753391,18.5,39.0,99900,9.00,13.0,17.0,20.0,0.109,0
2023-06-02 20:54:42,1685753682,18.4,38.9,99900,7.00,8.00,10.0,11.0,0.0230,0
2023-06-02 20:59:54,1685753994,18.3,38.8,99900,10.0,14.0,17.0,18.0,0.0966,0
2023-06-02 21:04:45,1685754286,18.2,38.9,99900,8.00,13.0,16.0,18.0,0.0840,0
2023-06-02 21:09:57,1685754598,18.1,38.8,99900,11.0,14.0,16.0,18.0,0.0840,0
2023-06-02 21:14:48,1685754889,18.0,38.7,99900,10.0,13.0,15.0,17.0,0.0275,0
2023-06-02 21:19:39,1685755180,18.0,38.7,99900,11.0,14.0,16.0,19.0,0.124,0
2023-06-02 21:24:51,1685755492,17.9,38.5,99900,8.00,11.0,14.0,16.0,0.0769,0
2023-06-02 21:29:43,1685755783,17.8,38.1,99900,8.00,10.0,12.0,13.0,0.171,0
2023-06-02 21:34:55,1685756095,17.8,38.0,99900,12.0,14.0,16.0,17.0,0.140,0
2023-06-02 21:39:46,1685756386,17.7,37.6,99900,7.00,10.0,14.0,16.0,0.0903,0
2023-06-02 21:44:58,1685756698,17.6,37.2,99900,5.00,6.00,7.00,8.00,0.197,0
2023-06-02 21:49:49,1685756989,17.5,37.0,99900,5.00,7.00,10.0,12.0,0.112,0
2023-06-02 21:54:41,1685757281,17.4,36.7,99900,8.00,8.00,9.00,10.0,0.0321,0
2023-06-02 21:59:53,1685757593,17.3,37.0,99900,9.00,11.0,12.0,13.0,0.113,0
2023-06-02 22:04:44,1685757884,17.1,36.9,99900,8.00,9.00,10.0,10.0,0.113,0
2023-06-02 22:09:56,1685758196,16.9,36.7,99900,6.00,8.00,10.0,10.0,0.0934,0
2023-06-02 22:14:47,1685758487,16.9,36.6,99900,5.00,8.00,11.0,13.0,0.0244,0
2023-06-02 22:19:59,1685758799,16.8,36.5,99900,7.00,7.00,8.00,9.00,0.0186,0
2023-06-02 22:24:51,1685759091,16.7,36.8,99900,8.00,10.0,12.0,13.0,0.0426,0
2023-06-02 22:29:42,1685759383,16.6,36.9,99900,6.00,9.00,12.0,13.0,0.131,0
2023-06-02 22:34:54,1685759695,16.5,37.0,99900,8.00,10.0,11.0,12.0,0.0270,0
2023-06-02 22:39:46,1685759987,16.3,37.5,99900,7.00,11.0,13.0,14.0,0.0829,0
2023-06-02 22:44:59,1685760299,16.0,38.1,99900,10.0,15.0,19.0,20.0,0.0829,0
2023-06-02 22:49:50,1685760591,15.6,39.2,99929,10.0,14.0,18.0,19.0,0.0438,0
2023-06-02 22:54:42,1685760883,15.3,40.0,100000,11.0,14.0,17.0,18.0,0.0532,0
2023-06-02 22:59:56,1685761196,14.9,40.7,100000,9.00,11.0,14.0,15.0,0.0532,0
2023-06-02 23:04:48,1685761488,14.6,40.9,100000,10.0,14.0,18.0,19.0,0.0381,0
2023-06-02 23:09:40,1685761781,14.3,41.4,100000,7.00,8.00,11.0,12.0,0.0290,0
2023-06-02 23:14:53,1685762093,14.1,41.8,100000,7.00,11.0,14.0,16.0,0.0278,0
2023-06-02 23:19:45,1685762386,13.8,42.4,100000,7.00,9.00,12.0,13.0,0.0294,0
2023-06-02 23:24:59,1685762700,13.7,42.7,100000,8.00,11.0,14.0,16.0,0.0237,0
2023-06-02 23:29:52,1685762992,13.5,43.2,100000,7.00,14.0,19.0,21.0,0.0180,0
2023-06-02 23:34:44,1685763284,13.3,43.5,100000,8.00,13.0,17.0,18.0,0.0468,0
2023-06-02 23:39:57,1685763597,13.1,43.8,100000,9.00,10.0,12.0,13.0,0.0356,0
2023-06-02 23:44:50,1685763890,12.9,44.0,100000,8.00,11.0,14.0,16.0,0.0324,0
2023-06-02 23:49:42,1685764182,12.8,44.3,100000,8.00,15.0,20.0,23.0,0.0209,0
2023-06-02 23:54:55,1685764495,12.6,44.7,100000,6.00,7.00,9.00,9.00,0.0369,0
2023-06-02 23:59:47,1685764787,12.4,44.9,100000,8.00,14.0,19.0,21.0,0.0854,0
2023-06-03 00:04:40,1685765080,12.3,45.3,100000,7.00,13.0,20.0,23.0,0.118,0
2023-06-03 00:09:52,1685765392,12.2,45.5,100000,8.00,12.0,16.0,17.0,0.225,0
2023-06-03 00:14:44,1685765684,12.0,45.6,100000,10.0,14.0,18.0,20.0,0.206,0
2023-06-03 00:19:58,1685765998,11.9,45.9,100000,7.00,8.00,9.00,10.0,0.167,0
2023-06-03 00:24:50,1685766291,11.7,46.1,100000,7.00,13.0,17.0,19.0,0.177,0
2023-06-03 00:29:43,1685766583,11.6,46.4,100000,9.00,10.0,11.0,11.0,0.0818,0
2023-06-03 00:34:57,1685766897,11.4,46.5,100000,12.0,17.0,21.0,22.0,0.0782,0
2023-06-03 00:39:50,1685767191,11.3,46.8,100000,7.00,12.0,15.0,16.0,0.0766,0
2023-06-03 00:44:44,1685767484,11.2,46.9,100000,6.00,9.00,12.0,13.0,0.0576,0
2023-06-03 00:49:57,1685767798,11.0,47.1,100000,10.0,15.0,23.0,26.0,0.0505,0
2023-06-03 00:54:50,1685768091,10.8,47.4,100000,7.00,9.00,11.0,12.0,0.0893,0
2023-06-03 00:59:43,1685768384,10.7,47.7,100000,6.00,8.00,10.0,11.0,0.160,0
2023-06-03 01:04:58,1685768698,10.6,47.8,100000,6.00,9.00,11.0,11.0,0.160,0
2023-06-03 01:09:52,1685768992,10.5,47.9,100000,6.00,8.00,9.00,10.0,0.0302,0
2023-06-03 01:14:46,1685769286,10.4,48.1,100000,7.00,14.0,20.0,22.0,0.0462,0
2023-06-03 01:19:40,1685769580,10.3,48.4,100000,7.00,13.0,20.0,23.0,0.0941,0
2023-06-03 01:24:54,1685769894,10.2,48.6,100000,6.00,10.0,13.0,15.0,0.0941,0
2023-06-03 01:29:47,1685770188,10.1,48.7,100000,4.00,6.00,9.00,10.0,0.126,0
2023-06-03 01:34:41,1685770481,10.0,48.8,100000,5.00,9.00,12.0,13.0,0.126,0
2023-06-03 01:39:54,1685770795,9.99,49.1,100000,5.00,7.00,10.0,11.0,0.0189,0
2023-06-03 01:44:47,1685771087,9.97,49.3,100000,6.00,7.00,8.00,8.00,0.0203,0
2023-06-03 01:49:39,1685771380,9.92,49.2,100043,7.00,16.0,23.0,26.0,0.0203,0
2023-06-03 01:54:53,1685771694,9.82,49.0,100100,4.00,7.00,10.0,11.0,0.0204,0
2023-06-03 01:59:48,1685771988,9.70,48.9,100100,4.00,5.00,6.00,7.00,0.0286,0
2023-06-03 02:04:42,1685772282,9.57,49.0,100050,4.00,6.00,9.00,10.0,0.0422,0
2023-06-03 02:09:55,1685772596,9.45,49.0,100100,5.00,10.0,14.0,16.0,0.0231,0
2023-06-03 02:14:48,1685772889,9.35,49.1,100100,4.00,8.00,12.0,13.0,0.0576,0
2023-06-03 02:19:41,1685773182,9.28,49.1,100100,4.00,7.00,10.0,12.0,0.0576,0
2023-06-03 02:24:56,1685773496,9.21,49.7,100067,4.00,6.00,7.00,9.00,0.0462,0
2023-06-03 02:29:50,1685773790,9.38,54.0,100000,2.00,6.00,9.00,11.0,0.0530,0
2023-06-03 02:34:43,1685774084,9.80,54.3,100000,2.00,4.00,7.00,8.00,0.0134,0
2023-06-03 02:39:57,1685774398,10.2,55.1,100020,3.00,6.00,9.00,11.0,0.0292,0
2023-06-03 02:44:50,1685774690,10.6,53.6,100057,4.00,11.0,18.0,21.0,0.0672,0
2023-06-03 02:49:43,1685774983,10.8,52.1,100050,5.00,9.00,13.0,14.0,0.0978,0
2023-06-03 02:54:57,1685775298,10.8,50.7,100000,4.00,9.00,12.0,14.0,0.104,0
2023-06-03 02:59:50,1685775590,10.6,49.1,100071,3.00,3.00,4.00,5.00,0.0879,0
2023-06-03 03:04:43,1685775883,10.3,48.7,100079,3.00,5.00,6.00,7.00,0.0336,0
2023-06-03 03:09:56,1685776197,10.1,48.7,100100,3.00,4.00,5.00,6.00,0.0123,0
2023-06-03 03:14:50,1685776490,9.82,48.7,100093,3.00,6.00,9.00,10.0,0.0119,0
2023-06-03 03:19:44,1685776784,9.62,49.1,100057,3.00,6.00,9.00,10.0,0.0151,0
2023-06-03 03:24:59,1685777099,9.44,49.2,100020,3.00,7.00,10.0,11.0,0.0192,0
2023-06-03 03:29:53,1685777393,9.30,49.3,100100,4.00,6.00,8.00,9.00,0.0182,0
2023-06-03 03:34:45,1685777686,9.17,49.5,100100,3.00,6.00,8.00,9.00,0.0182,0
2023-06-03 03:39:39,1685777979,9.06,49.6,100100,4.00,8.00,10.0,12.0,0.0350,0
2023-06-03 03:44:53,1685778293,8.91,49.4,100100,4.00,7.00,10.0,11.0,0.0266,0
2023-06-03 03:49:45,1685778586,8.77,49.6,100100,3.00,6.00,10.0,12.0,0.0195,0
2023-06-03 03:54:39,1685778879,8.68,49.6,100100,6.00,8.00,10.0,11.0,0.0145,0
2023-06-03 03:59:54,1685779194,8.62,49.7,100100,4.00,7.00,9.00,10.0,0.0436,0
2023-06-03 04:04:47,1685779487,8.63,50.0,100100,3.00,7.00,10.0,11.0,0.0452,0
2023-06-03 04:09:40,1685779781,8.60,49.9,100100,4.00,8.00,11.0,13.0,0.0581,0
2023-06-03 04:14:54,1685780094,8.53,49.9,100100,4.00,5.00,6.00,7.00,0.0323,0
2023-06-03 04:19:47,1685780388,8.47,50.2,100100,3.00,7.00,10.0,12.0,0.0304,0
2023-06-03 04:24:40,1685780681,8.41,49.7,100100,4.00,8.00,11.0,13.0,0.0338,0
2023-06-03 04:29:54,1685780995,8.35,50.5,100100,3.00,6.00,9.00,10.0,0.0338,0
2023-06-03 04:34:48,1685781288,8.36,51.1,100100,5.00,12.0,18.0,21.0,0.0230,0
2023-06-03 04:39:42,1685781582,8.42,51.3,100100,3.00,8.00,12.0,14.0,0.0453,0
2023-06-03 04:44:56,1685781896,8.49,51.3,100100,5.00,8.00,12.0,14.0,0.0296,0
2023-06-03 04:49:48,1685782189,8.64,53.1,100100,2.00,4.00,6.00,7.00,0.0580,0
2023-06-03 04:54:42,1685782483,9.06,53.7,100100,4.00,4.00,6.00,7.00,0.0650,6.50
2023-06-03 04:59:58,1685782798,9.63,55.9,100100,3.00,5.00,6.00,7.00,0.0393,0
2023-06-03 05:04:50,1685783091,10.4,54.9,100100,3.00,6.00,8.00,9.00,0.0264,0
2023-06-03 05:09:43,1685783384,10.9,52.6,100100,5.00,5.00,8.00,9.00,0.0317,0
2023-06-03 05:14:57,1685783698,11.0,51.7,100100,4.00,6.00,8.00,9.00,0.0225,0
2023-06-03 05:19:51,1685783991,11.1,51.4,100100,4.00,6.00,6.00,7.00,0.0147,0
2023-06-03 05:20:12,1685784012,11.2,52.3,100100,1.00,1.00,1.00,1.00,0.00944,0
2023-06-03 05:56:25,1685786186,14.4,42.6,100200,5.00,7.00,8.00,9.00,,
2023-06-03 06:04:55,1685786696,16.0,38.3,100200,2.00,6.00,9.00,10.0,,
2023-06-03 06:08:01,1685786882,16.4,37.8,100200,3.00,3.00,5.00,6.00,,
2023-06-03 07:54:53,1685793293,22.2,20.5,100300,1.00,3.00,5.00,6.00,,
2023-06-03 07:59:53,1685793594,22.3,21.2,100300,4.00,11.0,18.0,21.0,0.0350,0
2023-06-03 08:02:14,1685793735,22.6,20.5,100300,1.00,2.00,2.00,2.00,0.0448,0
2023-06-03 08:54:34,1685796875,23.2,19.7,100300,3.00,9.00,14.0,17.0,,
2023-06-03 09:04:53,1685797493,23.6,19.5,100300,3.00,11.0,17.0,20.0,,
2023-06-03 09:09:42,1685797782,23.8,19.5,100307,3.00,8.00,13.0,15.0,,
2023-06-03 09:12:06,1685797927,23.9,19.1,100300,1.00,4.00,6.00,7.00,0.0381,0
2023-06-03 09:24:47,1685798688,24.3,18.5,100300,1.00,3.00,4.00,5.00,0.0381,0
2023-06-03 09:29:37,1685798977,23.9,18.8,100300,12.0,32.0,47.0,55.0,0.0658,0
2023-06-03 09:39:50,1685799591,23.9,19.5,100300,1.00,3.00,5.00,5.00,0.0702,0
2023-06-03 09:44:39,1685799880,23.9,18.9,100300,2.00,5.00,8.00,9.00,0.0815,0
2023-06-03 09:48:46,1685800127,23.5,19.6,100300,3.00,7.00,11.0,13.0,0.0727,0
2023-06-03 09:59:50,1685800791,23.9,19.5,100300,1.00,4.00,7.00,9.00,0.0618,0
2023-06-03 10:04:39,1685801080,23.3,20.2,100300,1.00,2.00,3.00,3.00,0.0800,0
2023-06-03 10:06:02,1685801162,23.1,20.4,100300,1.00,2.00,2.00,3.00,0.0859,0
2023-06-03 10:14:52,1685801693,22.9,21.9,100300,1.00,4.00,6.00,7.00,0.103,0
2023-06-03 10:19:42,1685801982,23.1,22.2,100300,3.00,12.0,20.0,23.0,0.128,0
2023-06-03 10:22:27,1685802148,23.2,22.0,100300,3.00,9.00,14.0,17.0,0.211,0
2023-06-03 10:34:44,1685802884,24.0,22.1,100300,1.00,4.00,6.00,8.00,0.221,0
2023-06-03 10:39:54,1685803194,24.0,21.6,100300,3.00,7.00,10.0,11.0,0.231,0
2023-06-03 10:49:42,1685803783,23.4,22.2,100300,1.00,4.00,6.00,7.00,0.111,0
2023-06-03 10:54:52,1685804093,23.2,22.5,100300,3.00,9.00,13.0,16.0,0.0290,2.93
2023-06-03 10:57:17,1685804237,23.1,22.8,100300,2.00,5.00,7.00,8.00,0.0145,1.39
2023-06-03 11:09:53,1685804994,23.1,22.3,100300,6.00,17.0,26.0,30.0,0.0292,1.20
2023-06-03 11:14:43,1685805283,23.2,22.5,100300,86.0,245,374,437,0.0832,0
2023-06-03 11:16:25,1685805386,23.2,22.5,100300,3.00,9.00,14.0,16.0,0.0926,0
2023-06-03 11:24:42,1685805882,23.4,22.0,100300,2.00,5.00,7.00,8.00,0.131,0
2023-06-03 11:29:52,1685806192,23.3,21.9,100300,6.00,17.0,26.0,31.0,0.189,0
2023-06-03 11:32:37,1685806358,23.2,22.0,100300,4.00,9.00,14.0,16.0,0.189,0
2023-06-03 11:39:42,1685806782,23.2,22.3,100300,2.00,4.00,6.00,7.00,0.0709,0
2023-06-03 11:44:52,1685807092,23.3,22.9,100300,3.00,7.00,10.0,11.0,0.124,0
2023-06-03 11:49:41,1685807382,23.5,23.1,100300,24.0,71.0,109,128,0.147,0
2023-06-03 11:50:02,1685807403,23.6,23.0,100300,2.00,5.00,7.00,8.00,0.0630,0
2023-06-03 11:59:54,1685807995,23.7,23.2,100300,1.00,3.00,4.00,4.00,0.0639,0
2023-06-03 12:04:43,1685808284,23.9,23.5,100300,2.00,5.00,8.00,9.00,0.0661,0
2023-06-03 12:08:51,1685808531,24.5,22.7,100300,1.00,5.00,8.00,9.00,0.0661,0
2023-06-03 12:14:54,1685808894,24.5,22.7,100300,1.00,5.00,8.00,9.00,0.0622,0
2023-06-03 12:19:43,1685809183,24.6,22.2,100300,2.00,6.00,9.00,11.0,0.0620,0
2023-06-03 12:24:52,1685809493,24.6,22.3,100300,27.0,76.0,116,136,0.392,0
2023-06-03 12:25:34,1685809534,24.8,22.7,100200,1.00,2.00,3.00,3.00,0.333,0
2023-06-03 12:39:51,1685810392,24.3,21.1,100300,50.0,153,237,278,0.430,0
2023-06-03 12:42:36,1685810557,24.0,21.2,100300,3.00,9.00,15.0,17.0,0.396,0
2023-06-03 12:49:41,1685810981,23.8,22.1,100200,51.0,139,211,246,0.218,0
2023-06-03 12:54:50,1685811291,23.8,22.1,100200,8.00,19.0,28.0,32.0,0.520,0
2023-06-03 12:59:39,1685811580,24.0,22.6,100200,36.0,91.0,134,156,0.179,0
2023-06-03 13:00:00,1685811600,24.2,22.5,100200,2.00,3.00,4.00,4.00,0.179,0
2023-06-03 13:09:57,1685812198,24.0,21.9,100200,4.00,12.0,18.0,21.0,0.179,0
2023-06-03 13:14:46,1685812487,24.1,22.2,100200,73.0,204,310,362,0.320,0
2023-06-03 13:18:54,1685812734,24.2,21.5,100200,3.00,9.00,15.0,18.0,0.518,0
2023-06-03 13:24:58,1685813098,23.5,21.6,100200,2.00,4.00,6.00,7.00,0.545,0
2023-06-03 13:29:47,1685813387,23.3,22.3,100200,7.00,22.0,35.0,41.0,0.702,0
2023-06-03 13:34:57,1685813698,23.3,22.2,100200,2.00,4.00,7.00,8.00,0.381,0
2023-06-03 13:36:40,1685813800,23.3,22.0,100200,1.00,5.00,7.00,9.00,0.116,0
2023-06-03 13:44:55,1685814295,22.9,23.2,100200,12.0,35.0,54.0,63.0,0.116,0
2023-06-03 13:49:44,1685814585,23.0,23.5,100200,1.00,3.00,5.00,6.00,0.0919,0
2023-06-03 13:54:33,1685814874,23.2,22.1,100200,32.0,94.0,144,169,0.0965,0
2023-06-03 14:04:49,1685815490,23.3,22.0,100200,2.00,5.00,7.00,8.00,0.404,0
2023-06-03 14:09:59,1685815800,23.4,22.7,100200,2.00,6.00,9.00,10.0,0.397,0
2023-06-03 14:10:20,1685815820,23.6,22.3,100200,1.00,1.00,1.00,2.00,0.372,0
2023-06-03 14:19:49,1685816389,23.8,21.7,100200,4.00,10.0,14.0,17.0,0.313,0
2023-06-03 14:24:59,1685816699,23.7,21.9,100200,6.00,12.0,17.0,20.0,0.0223,0
2023-06-03 14:27:44,1685816865,23.5,22.0,100200,2.00,2.00,3.00,4.00,0.0431,0
2023-06-03 14:34:51,1685817291,23.0,22.0,100200,3.00,8.00,12.0,14.0,0.0130,0
2023-06-03 14:39:40,1685817581,23.1,22.2,100200,62.0,171,259,302,0.153,0
2023-06-03 14:44:50,1685817891,23.0,21.4,100200,41.0,117,179,209,0.376,0
2023-06-03 14:45:32,1685817932,22.7,21.8,100200,4.00,11.0,16.0,19.0,0.498,0
2023-06-03 14:54:49,1685818489,22.3,22.1,100200,6.00,18.0,28.0,33.0,0.736,0
2023-06-03 14:59:59,1685818799,22.4,22.0,100200,2.00,8.00,12.0,14.0,0.847,0
2023-06-03 15:03:05,1685818985,22.4,22.2,100200,2.00,7.00,11.0,13.0,1.37,0
2023-06-03 15:09:49,1685819390,22.6,21.3,100200,1.00,2.00,3.00,3.00,1.37,0
2023-06-03 15:14:39,1685819679,22.5,21.4,100200,1.00,4.00,5.00,6.00,0.729,0
2023-06-03 15:19:49,1685819990,22.6,21.7,100120,7.00,18.0,26.0,31.0,0.0338,0
2023-06-03 15:20:30,1685820031,22.8,21.3,100150,2.00,4.00,7.00,8.00,0.0279,0
2023-06-03 15:29:48,1685820588,22.5,20.6,100100,2.00,5.00,8.00,9.00,0.0454,0
2023-06-03 15:34:58,1685820899,22.4,21.0,100100,73.0,212,326,382,1.03,0
2023-06-03 15:38:05,1685821085,22.4,21.2,100100,12.0,35.0,55.0,64.0,2.39,0
2023-06-03 15:49:42,1685821782,22.6,20.8,100100,4.00,15.0,24.0,28.0,3.51,0
2023-06-03 15:54:52,1685822093,22.6,20.4,100100,3.00,8.00,12.0,14.0,3.31,0
2023-06-03 15:56:15,1685822175,22.5,20.1,100100,3.00,3.00,4.00,4.00,1.57,0
2023-06-03 16:04:41,1685822682,22.1,20.7,100100,1.00,5.00,7.00,9.00,0.794,0
2023-06-03 16:09:52,1685822992,22.1,20.8,100100,3.00,4.00,5.00,6.00,0.0947,0
2023-06-03 16:13:19,1685823199,22.2,20.2,100100,3.00,7.00,10.0,12.0,0.0413,0
2023-06-03 16:24:39,1685823879,22.0,20.7,100100,3.00,9.00,14.0,16.0,0.0334,0
2023-06-03 16:29:50,1685824190,21.8,20.1,100100,2.00,5.00,8.00,9.00,0.0599,0
2023-06-03 16:34:55,1685824495,21.6,20.6,100100,4.00,11.0,17.0,20.0,0.0412,0
2023-06-03 16:39:45,1685824786,21.6,20.7,100100,3.00,7.00,11.0,13.0,0.114,0
2023-06-03 16:44:56,1685825097,21.6,20.8,100100,1.00,4.00,6.00,7.00,0.126,0
2023-06-03 16:49:46,1685825387,21.6,20.4,100100,3.00,6.00,9.00,11.0,0.156,0
2023-06-03 16:54:57,1685825697,21.6,20.3,100100,2.00,7.00,12.0,14.0,0.0331,0
2023-06-03 16:59:47,1685825987,21.4,20.5,100100,4.00,6.00,8.00,9.00,0.0152,0
2023-06-03 17:04:58,1685826299,21.3,20.6,100100,2.00,5.00,8.00,10.0,0.0118,0
2023-06-03 17:09:48,1685826589,21.3,20.7,100100,21.0,64.0,99.0,116,0.301,0
2023-06-03 17:14:39,1685826879,21.3,20.8,100100,4.00,9.00,14.0,16.0,0.307,0
2023-06-03 17:19:50,1685827190,21.3,19.8,100100,2.00,3.00,5.00,5.00,0.168,0
2023-06-03 17:24:40,1685827480,21.0,19.6,100100,2.00,5.00,6.00,7.00,0.264,0
2023-06-03 17:29:51,1685827792,20.8,19.7,100100,2.00,6.00,10.0,12.0,0.0906,0
2023-06-03 17:34:41,1685828082,20.6,19.9,100100,1.00,5.00,8.00,10.0,0.0135,0
2023-06-03 17:39:53,1685828393,20.6,19.9,100100,3.00,6.00,9.00,11.0,0.0592,0
2023-06-03 17:44:43,1685828683,20.6,19.9,100100,2.00,7.00,12.0,14.0,0.0737,0
2023-06-03 17:49:54,1685828994,20.5,20.2,100100,3.00,4.00,6.00,6.00,0.0537,0
2023-06-03 17:54:44,1685829285,20.4,20.0,100100,1.00,3.00,5.00,6.00,0.0520,0
2023-06-03 17:59:55,1685829595,20.2,20.1,100100,3.00,6.00,8.00,9.00,0.0480,0
2023-06-03 18:04:46,1685829886,20.1,20.5,100100,2.00,5.00,8.00,9.00,0.0410,0
2023-06-03 18:09:57,1685830197,20.0,20.7,100100,2.00,4.00,6.00,6.00,0.0149,0
2023-06-03 18:14:48,1685830489,20.0,20.8,100100,4.00,6.00,8.00,9.00,0.0127,0
2023-06-03 18:19:59,1685830800,20.0,20.8,100100,3.00,10.0,15.0,18.0,0.0291,0
2023-06-03 18:24:50,1685831090,19.9,20.4,100100,3.00,3.00,5.00,6.00,0.0396,0
2023-06-03 18:29:40,1685831381,19.8,20.2,100100,15.0,42.0,64.0,75.0,0.143,0
2023-06-03 18:34:52,1685831693,19.6,20.4,100100,5.00,11.0,18.0,21.0,0.351,0
2023-06-03 18:39:43,1685831984,19.5,20.3,100100,5.00,10.0,16.0,19.0,0.103,0
2023-06-03 18:44:55,1685832295,19.2,20.3,100100,4.00,8.00,13.0,15.0,0.133,0
2023-06-03 18:49:46,1685832587,18.9,20.7,100100,10.0,26.0,39.0,45.0,0.130,0
2023-06-03 18:54:58,1685832898,18.7,21.0,100100,2.00,5.00,7.00,9.00,0.0872,0
2023-06-03 18:59:49,1685833189,18.6,21.4,100100,3.00,9.00,14.0,17.0,0.224,0
2023-06-03 19:04:40,1685833481,18.6,21.6,100100,3.00,9.00,15.0,17.0,0.161,0
2023-06-03 19:09:52,1685833792,18.4,21.9,100100,60.0,165,250,292,0.0739,0
2023-06-03 19:14:43,1685834083,18.3,22.3,100100,20.0,50.0,75.0,87.0,0.116,0
2023-06-03 19:19:54,1685834395,18.3,22.5,100100,19.0,52.0,79.0,92.0,0.172,0
2023-06-03 19:24:45,1685834686,18.1,22.7,100100,3.00,13.0,20.0,24.0,0.215,0
2023-06-03 19:29:57,1685834997,18.0,22.8,100100,7.00,20.0,31.0,36.0,0.348,0
2023-06-03 19:34:48,1685835289,17.9,23.1,100100,2.00,6.00,9.00,10.0,0.462,0
2023-06-03 19:39:39,1685835580,17.7,23.2,100100,1.00,4.00,6.00,7.00,0.715,0
2023-06-03 19:44:51,1685835892,17.5,23.4,100140,1.00,3.00,4.00,5.00,0.440,0
2023-06-03 19:49:43,1685836183,17.3,23.4,100171,3.00,3.00,4.00,4.00,0.0211,0
2023-06-03 19:54:55,1685836495,17.1,23.5,100100,2.00,4.00,7.00,8.00,0.0155,0
2023-06-03 19:59:46,1685836787,16.9,23.9,100100,1.00,4.00,6.00,7.00,0.0155,0
2023-06-03 20:04:59,1685837099,16.7,24.0,100100,1.00,5.00,8.00,9.00,0.0107,0
2023-06-03 20:09:50,1685837390,16.5,24.3,100107,1.00,3.00,6.00,7.00,0.0133,0
2023-06-03 20:14:41,1685837681,16.3,24.6,100136,2.00,6.00,9.00,10.0,0.0133,0
2023-06-03 20:19:54,1685837994,16.0,25.0,100200,3.00,7.00,10.0,11.0,0.0444,0
2023-06-03 20:24:45,1685838286,15.8,25.2,100200,3.00,9.00,15.0,18.0,0.0229,0
2023-06-03 20:29:57,1685838598,15.5,25.7,100200,2.00,6.00,10.0,12.0,0.0213,0
2023-06-03 20:34:48,1685838888,15.2,26.3,100200,2.00,3.00,4.00,5.00,0.0225,0
2023-06-03 20:39:40,1685839180,14.9,26.7,100200,2.00,6.00,9.00,11.0,0.0199,0
2023-06-03 20:44:52,1685839493,14.5,27.4,100160,4.00,11.0,17.0,20.0,0.0422,0
2023-06-03 20:49:44,1685839785,14.2,27.7,100200,2.00,5.00,8.00,9.00,0.0509,0
2023-06-03 20:54:57,1685840098,13.9,28.3,100200,2.00,7.00,11.0,13.0,0.0280,0
2023-06-03 20:59:49,1685840390,13.6,28.9,100200,1.00,3.00,4.00,5.00,0.0798,0
2023-06-03 21:04:41,1685840682,13.4,29.7,100200,2.00,4.00,7.00,9.00,0.0798,0
2023-06-03 21:09:54,1685840995,13.1,30.5,100200,1.00,5.00,9.00,10.0,0.0161,0
2023-06-03 21:14:46,1685841287,12.9,30.7,100200,3.00,8.00,12.0,14.0,0.0751,0
2023-06-03 21:19:59,1685841600,12.7,30.8,100200,2.00,7.00,11.0,13.0,0.0911,0
2023-06-03 21:24:52,1685841892,12.5,31.4,100200,2.00,7.00,11.0,13.0,0.0723,0
2023-06-03 21:29:44,1685842185,12.3,31.8,100200,1.00,3.00,4.00,5.00,0.0270,0
2023-06-03 21:34:58,1685842499,11.9,31.8,100200,13.0,14.0,15.0,16.0,0.0438,0
2023-06-03 21:39:51,1685842791,11.8,29.3,100200,17.0,20.0,24.0,26.0,2.30,0
2023-06-03 21:44:43,1685843084,12.3,28.0,100200,20.0,24.0,27.0,28.0,2.30,0
2023-06-03 21:49:57,1685843398,12.9,26.3,100200,23.0,26.0,29.0,30.0,0.902,0
2023-06-03 21:54:49,1685843690,13.4,25.2,100193,22.0,23.0,25.0,26.0,0.121,0
2023-06-03 21:59:42,1685843982,13.7,24.3,100107,21.0,23.0,24.0,25.0,0.0690,0
2023-06-03 22:04:55,1685844295,13.9,24.0,100100,21.0,26.0,29.0,31.0,0.0799,0
2023-06-03 22:09:47,1685844588,14.1,23.4,100100,21.0,24.0,25.0,26.0,0.144,0
2023-06-03 22:14:40,1685844880,14.4,22.9,100100,18.0,20.0,22.0,24.0,0.0990,0
2023-06-03 22:19:52,1685845193,14.5,22.3,100100,17.0,21.0,23.0,24.0,0.0990,0
2023-06-03 22:24:45,1685845486,14.6,21.7,100100,18.0,21.0,22.0,23.0,0.0268,0
2023-06-03 22:29:58,1685845799,14.7,22.0,100100,15.0,18.0,20.0,21.0,0.0646,0
2023-06-03 22:34:51,1685846091,14.6,21.9,100100,22.0,26.0,29.0,30.0,0.0646,0
2023-06-03 22:39:43,1685846383,14.5,22.1,100100,17.0,19.0,20.0,20.0,0.0320,0
2023-06-03 22:44:56,1685846697,14.2,22.3,100100,15.0,19.0,21.0,22.0,0.0320,0
2023-06-03 22:49:49,1685846989,14.0,22.5,100100,18.0,19.0,21.0,22.0,0.0708,0
2023-06-03 22:54:41,1685847282,13.7,22.5,100100,18.0,19.0,19.0,19.0,0.0705,0
2023-06-03 22:59:54,1685847595,13.5,22.5,100100,14.0,14.0,15.0,16.0,0.0297,0
2023-06-03 23:04:47,1685847887,13.3,22.9,100100,13.0,16.0,18.0,19.0,0.0364,0
2023-06-03 23:09:39,1685848180,13.2,22.8,100100,13.0,17.0,19.0,20.0,0.0318,0
2023-06-03 23:14:53,1685848494,13.1,23.1,100100,14.0,14.0,15.0,15.0,0.0787,0
2023-06-03 23:19:45,1685848786,13.0,23.7,100100,11.0,13.0,13.0,14.0,0.123,0
2023-06-03 23:24:59,1685849099,12.8,23.9,100100,18.0,19.0,19.0,19.0,0.120,0
2023-06-03 23:29:52,1685849392,12.6,24.3,100100,16.0,18.0,20.0,21.0,0.565,0
2023-06-03 23:34:45,1685849685,12.3,24.4,100100,20.0,21.0,23.0,26.0,0.565,0
2023-06-03 23:39:58,1685849998,12.1,24.6,100100,16.0,19.0,21.0,21.0,0.0294,0
2023-06-03 23:44:50,1685850291,11.8,24.9,100100,14.0,16.0,20.0,22.0,0.0302,0
2023-06-03 23:49:43,1685850584,11.5,25.4,100100,13.0,14.0,16.0,17.0,0.0646,0
2023-06-03 23:54:57,1685850897,11.2,25.6,100100,16.0,19.0,20.0,21.0,0.151,0
2023-06-03 23:59:50,1685851191,11.0,26.4,100100,18.0,20.0,20.0,20.0,0.0598,0
2023-06-04 00:04:44,1685851484,10.8,26.7,100100,15.0,18.0,20.0,21.0,0.0741,0
2023-06-04 00:09:57,1685851797,10.5,27.0,100100,13.0,14.0,14.0,15.0,0.205,0
2023-06-04 00:14:50,1685852090,10.3,27.2,100100,13.0,16.0,19.0,20.0,0.205,0
2023-06-04 00:19:43,1685852384,10.1,27.9,100100,14.0,16.0,19.0,20.0,0.0373,0
2023-06-04 00:24:58,1685852699,9.93,28.3,100100,13.0,16.0,18.0,19.0,0.0171,0
2023-06-04 00:29:52,1685852993,9.76,28.4,100100,15.0,16.0,17.0,18.0,0.0197,0
2023-06-04 00:34:46,1685853287,9.59,28.8,100100,18.0,26.0,31.0,33.0,0.0707,0
2023-06-04 00:39:39,1685853580,9.43,29.5,100100,17.0,19.0,21.0,21.0,0.0686,0
2023-06-04 00:44:54,1685853895,9.27,30.3,100100,12.0,14.0,16.0,17.0,0.0562,0
2023-06-04 00:49:48,1685854188,9.06,31.1,100100,13.0,16.0,17.0,18.0,0.0438,0
2023-06-04 00:54:40,1685854481,8.86,31.5,100100,11.0,13.0,14.0,15.0,0.0438,0
2023-06-04 00:59:55,1685854796,8.66,31.6,100100,11.0,13.0,14.0,15.0,0.0220,0
2023-06-04 01:04:49,1685855090,8.48,32.1,100100,10.0,16.0,19.0,21.0,0.0199,0
2023-06-04 01:09:43,1685855384,8.31,32.3,100100,10.0,15.0,19.0,20.0,0.0156,0
2023-06-04 01:14:58,1685855699,8.14,33.1,100100,11.0,13.0,16.0,17.0,0.0242,0
2023-06-04 01:19:52,1685855993,7.97,33.7,100100,15.0,22.0,27.0,29.0,0.0615,0
2023-06-04 01:24:46,1685856287,7.78,34.1,100100,9.00,11.0,12.0,13.0,0.0749,0
2023-06-04 01:29:39,1685856580,7.60,34.7,100100,16.0,18.0,24.0,26.0,0.0510,0
2023-06-04 01:34:53,1685856894,7.41,34.8,100100,10.0,11.0,12.0,13.0,0.0922,0
2023-06-04 01:39:47,1685857187,7.24,35.4,100100,10.0,12.0,14.0,16.0,0.140,0
2023-06-04 01:44:41,1685857482,7.10,35.6,100100,10.0,12.0,15.0,17.0,0.0577,0
2023-06-04 01:49:57,1685857797,6.96,35.8,100100,14.0,18.0,20.0,22.0,0.0311,0
2023-06-04 01:54:51,1685858092,6.85,35.9,100100,9.00,10.0,11.0,12.0,0.0504,0
2023-06-04 01:59:45,1685858386,6.74,36.4,100100,11.0,15.0,18.0,20.0,0.0829,0
2023-06-04 02:04:39,1685858680,6.61,36.9,100100,11.0,15.0,18.0,19.0,0.0592,0
2023-06-04 02:09:53,1685858994,6.47,37.1,100100,9.00,11.0,13.0,14.0,0.0458,0
2023-06-04 02:14:47,1685859287,6.35,37.5,100100,10.0,13.0,16.0,17.0,0.0454,0
2023-06-04 02:19:40,1685859580,6.27,37.8,100100,9.00,10.0,12.0,14.0,0.0265,0
2023-06-04 02:24:55,1685859895,6.21,38.3,100100,8.00,12.0,14.0,16.0,0.0418,0
2023-06-04 02:29:48,1685860189,6.11,38.3,100100,9.00,15.0,20.0,23.0,0.0322,0
2023-06-04 02:34:42,1685860483,6.01,38.5,100100,8.00,9.00,9.00,10.0,0.0350,0
2023-06-04 02:39:58,1685860798,5.91,38.6,100100,11.0,12.0,13.0,14.0,0.0362,0
2023-06-04 02:44:52,1685861093,5.82,38.9,100100,8.00,9.00,11.0,11.0,0.0388,0
2023-06-04 02:49:46,1685861386,5.75,39.1,100100,6.00,8.00,10.0,10.0,0.0817,0
2023-06-04 02:54:40,1685861680,5.64,39.2,100100,9.00,13.0,15.0,17.0,0.0817,0
2023-06-04 02:59:55,1685861996,5.55,39.4,100020,12.0,14.0,16.0,17.0,0.0545,0
2023-06-04 03:04:49,1685862289,5.46,39.5,100100,10.0,12.0,15.0,17.0,0.0147,0
2023-06-04 03:09:42,1685862583,5.37,39.9,100100,7.00,10.0,13.0,14.0,0.0263,0
2023-06-04 03:14:59,1685862899,5.25,39.9,100100,8.00,9.00,10.0,11.0,0.0657,0
2023-06-04 03:19:53,1685863193,5.14,40.2,100100,7.00,10.0,14.0,15.0,0.0500,0
2023-06-04 03:24:46,1685863487,5.04,40.3,100100,7.00,10.0,11.0,12.0,0.0409,0
2023-06-04 03:29:40,1685863781,4.95,40.4,100100,8.00,10.0,13.0,15.0,0.0170,0
2023-06-04 03:34:55,1685864096,4.87,40.7,100100,6.00,11.0,15.0,17.0,0.0317,0
2023-06-04 03:39:49,1685864389,4.78,40.9,100029,10.0,11.0,12.0,14.0,0.0342,0
2023-06-04 03:44:44,1685864684,4.69,41.1,100000,5.00,6.00,8.00,8.00,0.0624,0
2023-06-04 03:49:39,1685864979,4.63,41.0,100000,7.00,11.0,14.0,16.0,0.0306,0
2023-06-04 03:54:54,1685865295,4.59,41.4,100000,9.00,11.0,12.0,13.0,0.0604,0
2023-06-04 03:59:49,1685865590,4.60,41.5,100000,8.00,13.0,16.0,18.0,0.0493,0
2023-06-04 04:04:44,1685865884,4.64,41.5,100000,9.00,11.0,13.0,14.0,0.0629,0
2023-06-04 04:09:59,1685866200,4.67,41.5,100000,7.00,10.0,13.0,14.0,0.0681,0
2023-06-04 04:14:53,1685866494,4.69,41.3,100000,9.00,10.0,10.0,10.0,0.0372,0
2023-06-04 04:19:47,1685866787,4.69,41.3,100000,6.00,9.00,12.0,13.0,0.0190,0
2023-06-04 04:24:40,1685867081,4.67,41.1,100000,7.00,10.0,13.0,15.0,0.0233,0
2023-06-04 04:29:56,1685867397,4.68,41.5,100000,8.00,10.0,11.0,11.0,0.0486,0
2023-06-04 04:34:52,1685867693,4.71,41.2,100000,7.00,10.0,13.0,14.0,0.0550,0
2023-06-04 04:39:48,1685867989,4.75,41.3,100000,8.00,9.00,11.0,12.0,0.116,0
2023-06-04 04:44:43,1685868284,4.79,41.5,100000,7.00,11.0,14.0,15.0,0.0972,0
2023-06-04 04:49:59,1685868599,4.82,41.4,100000,6.00,10.0,14.0,16.0,0.0473,0
2023-06-04 04:54:54,1685868894,4.89,41.3,100000,6.00,7.00,9.00,10.0,0.0274,0
2023-06-04 04:59:48,1685869189,4.97,41.3,100000,5.00,12.0,17.0,20.0,0.0196,0
2023-06-04 05:04:43,1685869484,5.06,41.3,100000,8.00,10.0,13.0,14.0,0.0139,0
2023-06-04 05:07:31,1685869652,5.11,41.2,100000,4.00,6.00,8.00,8.00,0.0250,0
2023-06-04 06:44:39,1685875480,18.1,27.2,100000,3.00,4.00,6.00,6.00,,
2023-06-04 06:49:46,1685875787,18.2,26.5,100000,4.00,7.00,9.00,10.0,,
2023-06-04 06:59:47,1685876387,16.4,27.5,100000,5.00,6.00,9.00,10.0,,
2023-06-04 07:04:59,1685876699,15.9,28.4,100000,3.00,4.00,6.00,7.00,,
2023-06-04 07:09:51,1685876991,15.2,28.8,100000,4.00,7.00,10.0,11.0,0.0511,0
2023-06-04 07:14:42,1685877283,14.6,29.6,100000,4.00,7.00,10.0,11.0,0.0477,0
2023-06-04 07:19:54,1685877595,14.3,30.2,100000,3.00,7.00,10.0,11.0,0.0491,0
2023-06-04 07:24:46,1685877887,14.2,31.3,100000,4.00,5.00,5.00,6.00,0.0356,0
2023-06-04 09:58:45,1685887125,21.9,22.7,100000,2.00,6.00,9.00,11.0,,
2023-06-04 10:09:45,1685887785,23.3,23.0,100000,1.00,4.00,5.00,6.00,,
2023-06-04 10:14:54,1685888095,24.5,21.9,100000,3.00,5.00,8.00,10.0,,
2023-06-04 10:16:58,1685888219,25.3,20.4,100000,2.00,5.00,7.00,9.00,0.0212,0
2023-06-04 10:29:43,1685888983,26.0,18.9,100000,2.00,5.00,8.00,10.0,0.0212,0
2023-06-04 10:33:50,1685889230,25.7,19.5,100000,3.00,7.00,10.0,12.0,0.0295,0
2023-06-04 10:44:42,1685889882,25.6,19.2,100000,1.00,5.00,8.00,9.00,0.0295,0
2023-06-04 10:49:51,1685890192,25.0,19.8,100000,3.00,7.00,11.0,13.0,0.0351,0
2023-06-04 10:52:36,1685890357,24.6,20.4,100000,2.00,7.00,11.0,12.0,0.0258,0
2023-06-04 11:04:42,1685891082,23.4,21.0,100000,11.0,32.0,49.0,57.0,0.187,0
2023-06-04 11:09:52,1685891392,22.8,21.3,100000,1.00,3.00,4.00,5.00,0.215,0
2023-06-04 11:10:12,1685891413,22.4,21.5,100000,1e-7,1e-7,1e-7,1e-7,0.215,0
2023-06-04 11:19:44,1685891984,21.8,22.6,100000,2.00,3.00,4.00,5.00,0.247,0
2023-06-04 11:24:54,1685892295,21.5,22.4,100000,5.00,16.0,26.0,30.0,0.0664,0
2023-06-04 11:26:38,1685892398,21.2,23.3,100000,3.00,10.0,16.0,19.0,0.0427,0
2023-06-04 11:34:51,1685892892,21.0,23.6,100000,1.00,3.00,5.00,6.00,0.0711,0
2023-06-04 11:39:41,1685893182,20.9,24.1,100000,1.00,3.00,4.00,5.00,0.113,0
2023-06-04 11:44:10,1685893451,20.8,24.1,100000,1.00,3.00,6.00,7.00,0.0984,0
2023-06-04 11:54:49,1685894090,21.1,25.3,100000,1.00,2.00,3.00,3.00,0.0863,0
2023-06-04 11:59:39,1685894380,21.8,25.2,100000,1.00,4.00,5.00,6.00,0.0203,0
2023-06-04 12:02:25,1685894545,22.4,24.7,100000,2.00,3.00,3.00,4.00,0.0108,0
2023-06-04 12:09:49,1685894989,23.2,23.2,100000,44.0,124,190,221,0.0108,0
2023-06-04 12:14:58,1685895299,23.4,23.9,100000,4.00,11.0,17.0,20.0,0.148,0
2023-06-04 12:19:27,1685895568,23.7,23.3,100000,1.00,2.00,4.00,5.00,0.148,0
2023-06-04 12:29:47,1685896188,23.8,23.1,99900,1.00,2.00,2.00,3.00,0.120,0
2023-06-04 12:34:57,1685896497,24.1,22.3,99900,36.0,101,154,180,0.252,0
2023-06-04 12:36:40,1685896601,24.3,22.5,99900,1e-7,2.00,3.00,4.00,0.294,0
2023-06-04 12:44:45,1685897085,24.8,21.0,99900,1.00,2.00,4.00,5.00,0.341,0
2023-06-04 12:49:54,1685897395,24.8,21.7,99900,1.00,4.00,6.00,7.00,0.321,0
2023-06-04 12:54:23,1685897663,24.9,22.0,99900,8.00,25.0,40.0,47.0,0.311,0
2023-06-04 13:04:41,1685898281,25.1,20.5,99900,1e-7,2.00,4.00,5.00,0.150,0
2023-06-04 13:09:50,1685898591,24.8,20.5,99860,1.00,4.00,6.00,7.00,0.173,0
2023-06-04 13:11:54,1685898715,24.4,20.9,99883,1.00,2.00,4.00,4.00,0.133,0
2023-06-04 13:19:43,1685899184,23.8,21.8,99800,10.0,27.0,40.0,47.0,0.158,0
2023-06-04 13:24:53,1685899494,23.9,22.1,99800,1e-7,2.00,4.00,5.00,0.150,0
2023-06-04 13:29:42,1685899783,24.4,22.6,99800,4.00,9.00,13.0,15.0,0.0454,0
2023-06-04 13:31:05,1685899865,24.7,22.2,99800,5.00,16.0,25.0,30.0,0.0526,0
2023-06-04 13:39:57,1685900398,25.1,22.0,99800,2.00,9.00,14.0,16.0,0.234,0
2023-06-04 13:44:47,1685900687,25.2,22.1,99800,2.00,4.00,5.00,5.00,0.234,0
2023-06-04 13:47:32,1685900852,25.5,21.5,99800,2.00,7.00,11.0,13.0,0.189,0
2023-06-04 13:54:56,1685901297,25.8,21.9,99800,1.00,2.00,3.00,3.00,0.112,0
2023-06-04 13:59:45,1685901586,26.0,21.9,99800,52.0,145,220,257,0.0342,0
2023-06-04 14:04:55,1685901895,26.3,21.2,99800,19.0,54.0,83.0,97.0,0.568,0
2023-06-04 14:14:44,1685902484,26.4,20.4,99800,3.00,4.00,5.00,5.00,0.558,0
2023-06-04 14:19:53,1685902794,26.2,20.7,99800,2.00,5.00,8.00,9.00,0.707,0
2023-06-04 14:21:57,1685902917,26.2,20.5,99800,1.00,3.00,5.00,6.00,0.458,0
2023-06-04 14:34:52,1685903692,26.4,20.4,99800,3.00,10.0,16.0,18.0,0.139,0
2023-06-04 14:39:20,1685903960,26.4,20.2,99800,2.00,4.00,7.00,9.00,0.0302,0
2023-06-04 14:49:50,1685904591,25.8,20.1,99800,3.00,9.00,14.0,17.0,0.0179,0
2023-06-04 14:54:39,1685904879,25.6,20.7,99800,1.00,3.00,5.00,5.00,0.0197,0
2023-06-04 14:56:43,1685905003,25.6,20.6,99800,1.00,3.00,5.00,5.00,0.0325,0
2023-06-04 15:04:51,1685905491,25.2,20.1,99800,1e-7,2.00,4.00,5.00,0.0280,0
2023-06-04 15:09:40,1685905780,24.9,21.0,99800,1.00,4.00,7.00,8.00,0.0242,0
2023-06-04 15:14:29,1685906069,24.5,20.9,99800,1.00,3.00,4.00,5.00,0.0117,0
2023-06-04 15:24:43,1685906683,24.4,21.9,99800,1.00,4.00,6.00,7.00,0.0136,0
2023-06-04 15:29:53,1685906993,24.6,21.9,99800,1.00,3.00,4.00,5.00,0.0111,0
2023-06-04 15:33:18,1685907199,24.8,21.9,99800,1.00,3.00,4.00,5.00,0.0117,0
2023-06-04 15:39:43,1685907583,25.3,21.8,99800,1.00,2.00,4.00,5.00,0.0131,0
2023-06-04 15:44:52,1685907893,25.4,20.9,99800,1.00,2.00,3.00,3.00,0.0131,0
2023-06-04 15:49:41,1685908181,25.5,21.2,99800,2.00,3.00,4.00,5.00,0.0110,0
2023-06-04 15:50:42,1685908242,25.6,21.5,99800,1e-7,1.00,2.00,3.00,0.0102,0
2023-06-04 15:59:42,1685908782,25.8,21.0,99729,1e-7,2.00,4.00,5.00,0.0102,0
2023-06-04 16:04:51,1685909092,25.7,20.9,99787,2.00,6.00,9.00,11.0,0.0239,0
2023-06-04 16:08:17,1685909298,25.6,21.0,99800,1.00,2.00,3.00,4.00,0.0328,0
2023-06-04 16:14:43,1685909684,25.3,21.6,99775,1e-7,1.00,2.00,3.00,0.0283,0
2023-06-04 16:19:53,1685909993,25.5,21.7,99733,1.00,4.00,6.00,7.00,0.0158,0
2023-06-04 16:24:21,1685910262,25.5,20.7,99700,1.00,4.00,5.00,6.00,0.0114,0
2023-06-04 16:34:58,1685910899,24.6,21.1,99700,2.00,5.00,8.00,10.0,0.0111,0
2023-06-04 16:39:47,1685911188,24.3,21.4,99700,1.00,4.00,6.00,7.00,0.0198,0
2023-06-04 16:44:57,1685911498,23.9,21.7,99700,1.00,4.00,6.00,8.00,0.0218,0
2023-06-04 16:49:42,1685911783,23.6,22.4,99700,2.00,5.00,7.00,8.00,0.0186,0
2023-06-04 16:54:52,1685912093,23.4,22.9,99700,2.00,7.00,10.0,12.0,0.0217,0
2023-06-04 16:59:42,1685912382,23.3,23.5,99700,12.0,36.0,55.0,64.0,0.255,0
2023-06-04 17:01:25,1685912485,23.3,23.5,99700,1.00,4.00,7.00,8.00,0.249,0
2023-06-04 17:09:55,1685912996,23.3,23.3,99700,2.00,7.00,11.0,13.0,0.306,0
2023-06-04 17:14:45,1685913286,23.4,23.5,99700,5.00,14.0,22.0,26.0,0.306,0
2023-06-04 17:19:55,1685913596,23.6,22.9,99700,49.0,128,193,224,0.142,0
2023-06-04 17:24:45,1685913886,23.4,22.3,99700,1.00,4.00,7.00,9.00,0.0971,0
2023-06-04 17:29:55,1685914196,23.3,22.9,99700,2.00,5.00,7.00,8.00,0.0971,0
2023-06-04 17:34:45,1685914486,23.4,22.8,99700,1.00,4.00,6.00,7.00,0.0302,0
2023-06-04 17:39:55,1685914796,23.2,22.8,99700,10.0,32.0,49.0,57.0,0.0538,0
2023-06-04 17:44:45,1685915085,22.7,23.4,99700,3.00,5.00,7.00,8.00,0.0442,0
2023-06-04 17:49:56,1685915396,22.3,24.0,99700,1.00,3.00,4.00,5.00,0.0605,0
2023-06-04 17:54:45,1685915686,22.0,24.5,99700,2.00,5.00,8.00,9.00,0.0504,0
2023-06-04 17:59:56,1685915997,21.8,25.1,99700,2.00,5.00,7.00,9.00,0.0313,0
2023-06-04 18:04:46,1685916287,22.0,25.0,99700,4.00,4.00,4.00,4.00,0.0313,0
2023-06-04 18:09:58,1685916598,21.8,25.3,99700,1.00,5.00,8.00,9.00,0.0355,0
2023-06-04 18:14:48,1685916888,21.8,25.5,99700,1.00,4.00,7.00,8.00,0.0220,0
2023-06-04 18:19:59,1685917199,21.7,25.5,99700,1.00,2.00,4.00,5.00,0.0220,0
2023-06-04 18:24:49,1685917489,21.3,25.9,99700,2.00,5.00,8.00,9.00,0.0140,0
2023-06-04 18:29:39,1685917780,21.1,25.8,99700,2.00,5.00,8.00,9.00,0.0421,0
2023-06-04 18:34:50,1685918090,20.9,26.1,99700,3.00,8.00,11.0,13.0,0.0415,0
2023-06-04 18:39:40,1685918381,20.8,26.3,99700,3.00,6.00,9.00,11.0,0.0129,0
2023-06-04 18:44:51,1685918692,20.7,26.1,99700,1.00,3.00,5.00,5.00,0.0399,0
2023-06-04 18:49:42,1685918982,20.6,26.0,99700,2.00,7.00,11.0,12.0,0.0453,0
2023-06-04 18:54:53,1685919293,20.5,26.0,99700,1.00,4.00,6.00,7.00,0.0268,0
2023-06-04 18:59:43,1685919583,20.4,25.9,99700,42.0,118,180,210,0.0638,0
2023-06-04 19:04:54,1685919894,20.4,25.6,99700,1.00,2.00,4.00,4.00,0.0644,0
2023-06-04 19:09:44,1685920185,20.3,25.5,99700,9.00,27.0,42.0,49.0,0.0685,0
2023-06-04 19:14:55,1685920496,20.1,25.7,99700,1.00,4.00,6.00,7.00,0.0610,0
2023-06-04 19:19:45,1685920786,19.9,25.8,99700,4.00,11.0,17.0,19.0,0.0598,0
2023-06-04 19:24:57,1685921097,19.8,26.1,99700,5.00,15.0,23.0,26.0,0.355,0
2023-06-04 19:29:47,1685921388,19.7,26.2,99700,2.00,8.00,13.0,16.0,0.301,0
2023-06-04 19:34:59,1685921699,19.6,26.2,99700,1.00,5.00,8.00,10.0,0.202,0
2023-06-04 19:39:49,1685921990,19.4,26.3,99700,32.0,98.0,152,178,0.0912,0
2023-06-04 19:44:40,1685922280,19.2,26.5,99700,2.00,3.00,4.00,5.00,0.111,0
2023-06-04 19:49:51,1685922592,19.1,26.5,99700,12.0,36.0,55.0,64.0,0.167,0
2023-06-04 19:54:42,1685922883,18.8,26.6,99700,3.00,9.00,15.0,18.0,0.168,0
2023-06-04 19:59:54,1685923195,18.6,26.9,99700,2.00,6.00,10.0,12.0,0.172,0
2023-06-04 20:04:46,1685923486,18.4,27.0,99700,3.00,6.00,9.00,10.0,0.108,0
2023-06-04 20:09:58,1685923798,18.2,27.3,99700,3.00,4.00,7.00,8.00,0.0204,0
2023-06-04 20:14:48,1685924089,17.9,27.7,99700,6.00,18.0,28.0,32.0,0.0593,0
2023-06-04 20:19:39,1685924380,17.7,27.8,99700,2.00,6.00,9.00,11.0,0.0538,0
2023-06-04 20:24:51,1685924692,17.5,27.5,99700,3.00,6.00,8.00,9.00,0.0538,0
2023-06-04 20:29:42,1685924983,17.2,27.6,99700,2.00,6.00,9.00,11.0,0.0360,0
2023-06-04 20:34:55,1685925295,17.0,27.8,99700,2.00,3.00,5.00,6.00,0.0247,0
2023-06-04 20:39:46,1685925586,16.8,27.9,99700,2.00,6.00,10.0,12.0,0.0458,0
2023-06-04 20:44:58,1685925898,16.6,28.5,99700,4.00,8.00,11.0,13.0,0.0585,0
2023-06-04 20:49:50,1685926190,16.3,28.8,99700,4.00,12.0,19.0,23.0,0.0821,0
2023-06-04 20:54:42,1685926482,16.1,29.3,99700,1.00,4.00,7.00,8.00,0.0142,0
2023-06-04 20:59:54,1685926795,15.8,29.5,99700,3.00,9.00,14.0,17.0,0.0255,0
2023-06-04 21:04:45,1685927086,15.6,29.8,99700,2.00,6.00,10.0,12.0,0.0208,0
2023-06-04 21:09:57,1685927398,15.3,30.3,99700,1.00,3.00,5.00,6.00,0.0201,0
2023-06-04 21:14:50,1685927690,15.1,30.9,99700,2.00,4.00,6.00,7.00,0.0387,0
2023-06-04 21:19:41,1685927982,14.8,31.9,99700,2.00,5.00,9.00,10.0,0.0268,0
2023-06-04 21:24:54,1685928294,14.5,32.7,99700,2.00,4.00,6.00,7.00,0.0179,0
2023-06-04 21:29:45,1685928586,14.3,32.7,99700,3.00,9.00,14.0,17.0,0.0348,0
2023-06-04 21:34:59,1685928899,14.0,33.2,99700,2.00,4.00,6.00,8.00,0.0386,0
2023-06-04 21:39:51,1685929191,13.7,33.6,99700,4.00,11.0,16.0,19.0,0.0145,0
2023-06-04 21:44:43,1685929483,13.5,33.9,99700,7.00,22.0,35.0,41.0,0.219,0
2023-06-04 21:49:56,1685929797,13.2,34.4,99700,4.00,8.00,11.0,13.0,0.228,0
2023-06-04 21:54:48,1685930089,13.0,34.6,99700,5.00,13.0,20.0,23.0,0.228,0
2023-06-04 21:59:40,1685930380,12.8,34.7,99700,2.00,6.00,10.0,11.0,0.0811,0
2023-06-04 22:04:54,1685930695,12.6,35.0,99700,3.00,8.00,12.0,13.0,0.0908,0
2023-06-04 22:09:46,1685930987,12.5,35.6,99700,6.00,14.0,21.0,24.0,0.144,0
2023-06-04 22:14:59,1685931300,12.3,36.1,99700,3.00,9.00,14.0,16.0,0.243,0
2023-06-04 22:19:51,1685931592,12.1,36.6,99700,3.00,5.00,6.00,6.00,0.250,0
2023-06-04 22:24:43,1685931884,11.9,36.8,99700,2.00,5.00,8.00,10.0,0.250,0
2023-06-04 22:29:57,1685932197,11.7,37.1,99700,4.00,9.00,12.0,14.0,0.0362,0
2023-06-04 22:34:49,1685932490,11.5,37.5,99700,1.00,2.00,3.00,3.00,0.0260,0
2023-06-04 22:39:42,1685932782,11.3,38.2,99700,4.00,14.0,22.0,26.0,0.0389,0
2023-06-04 22:44:56,1685933097,11.2,38.3,99700,2.00,4.00,6.00,7.00,0.0851,0
2023-06-04 22:49:49,1685933390,11.2,38.1,99700,1.00,3.00,5.00,6.00,0.0617,0
2023-06-04 22:54:43,1685933683,11.2,39.1,99700,2.00,3.00,5.00,6.00,0.0582,0
2023-06-04 22:59:57,1685933998,11.3,39.3,99700,1.00,4.00,6.00,7.00,0.0112,0
2023-06-04 23:04:50,1685934290,11.4,39.7,99700,2.00,4.00,7.00,8.00,0.0139,0
2023-06-04 23:09:42,1685934583,11.4,39.4,99614,2.00,5.00,8.00,10.0,0.0228,0
2023-06-04 23:14:56,1685934896,11.3,39.4,99600,2.00,5.00,8.00,9.00,0.0260,0
2023-06-04 23:19:49,1685935189,11.1,39.4,99600,1.00,2.00,4.00,4.00,0.0183,0
2023-06-04 23:24:42,1685935483,10.9,39.4,99600,2.00,6.00,9.00,11.0,0.0276,0
2023-06-04 23:29:57,1685935798,10.8,39.6,99600,2.00,4.00,6.00,8.00,0.0183,0
2023-06-04 23:34:50,1685936090,10.6,40.0,99600,2.00,3.00,5.00,6.00,0.0122,0
2023-06-04 23:39:43,1685936384,10.5,40.1,99600,5.00,14.0,22.0,26.0,0.0286,0
2023-06-04 23:44:57,1685936698,10.4,40.4,99600,2.00,8.00,13.0,15.0,0.0292,0
2023-06-04 23:49:51,1685936991,10.3,40.8,99600,1.00,4.00,6.00,7.00,0.0261,0
2023-06-04 23:54:45,1685937285,10.1,41.0,99600,2.00,5.00,8.00,9.00,0.0261,0
2023-06-04 23:59:38,1685937578,9.96,41.1,99600,2.00,4.00,6.00,7.00,0.0254,0
