2023-05-03 13:33:11,1683135192,12.8,32.3,98100,1e-7,1e-7,1e-7,1e-7,,
2023-05-03 13:44:59,1683135899,12.6,32.6,98100,1e-7,1e-7,1e-7,1e-7,,
2023-05-03 13:49:40,1683136181,12.6,32.9,98100,1e-7,2.00,3.00,4.00,,
2023-05-03 13:54:42,1683136482,12.6,33.1,98100,1e-7,1.00,2.00,3.00,,
2023-05-03 13:59:44,1683136784,12.4,33.5,98100,1e-7,1.00,2.00,3.00,0.00995,0
2023-05-03 14:04:46,1683137086,12.2,33.6,98100,2.00,10.0,16.0,19.0,0.0229,0
2023-05-03 14:09:47,1683137388,12.1,33.9,98100,1.00,3.00,5.00,6.00,0.0468,0
2023-05-03 14:14:49,1683137690,12.0,34.1,98100,1e-7,1e-7,1e-7,1e-7,0.0468,0
2023-05-03 14:19:51,1683137992,12.0,33.8,98100,1.00,2.00,3.00,3.00,0.0498,0
2023-05-03 14:24:53,1683138293,11.9,34.2,98100,1e-7,1e-7,1e-7,1e-7,0.0103,0
2023-05-03 14:29:55,1683138595,11.9,34.1,98100,1.00,1.00,3.00,4.00,0.00995,0
2023-05-03 14:34:57,1683138897,11.9,34.0,98100,1e-7,1e-7,1e-7,1e-7,0.00995,0
2023-05-03 14:35:17,1683138917,11.9,34.4,98100,1e-7,1.00,3.00,3.00,0.00995,0
2023-05-03 14:49:44,1683139784,12.1,33.7,98100,1e-7,1.00,2.00,3.00,0.00995,0
2023-05-03 14:51:04,1683139865,12.1,33.5,98100,2.00,2.00,2.00,2.00,0.00995,0
2023-05-03 15:54:48,1683143689,14.0,31.4,98100,1e-7,1e-7,1e-7,1e-7,,
2023-05-03 15:59:50,1683143990,13.8,31.8,98107,1.00,3.00,5.00,7.00,,
2023-05-03 16:04:51,1683144292,13.5,32.2,98187,1e-7,1.00,2.00,3.00,,
2023-05-03 16:09:53,1683144593,13.3,32.4,98200,1e-7,1.00,2.00,3.00,0.0120,0
2023-05-03 16:14:54,1683144895,13.1,32.8,98200,1.00,2.00,3.00,4.00,0.00995,0
2023-05-03 16:19:56,1683145197,13.0,33.4,98200,1.00,3.00,5.00,6.00,0.0116,0
2023-05-03 16:24:58,1683145498,12.9,33.5,98200,1.00,2.00,3.00,4.00,0.0130,0
2023-05-03 16:29:40,1683145780,12.9,33.7,98200,1.00,1.00,2.00,2.00,0.0130,0
2023-05-03 16:34:41,1683146082,12.8,33.8,98200,1.00,2.00,3.00,4.00,0.0105,0
2023-05-03 16:39:43,1683146384,12.7,34.1,98200,1.00,2.00,3.00,3.00,0.00995,0
2023-05-03 16:44:45,1683146685,12.6,34.6,98200,1.00,2.00,3.00,4.00,0.00995,0
2023-05-03 16:49:47,1683146987,12.6,34.9,98200,1.00,2.00,3.00,4.00,0.00995,0
2023-05-03 16:54:49,1683147289,12.5,34.8,98200,1.00,1.00,1.00,1.00,0.00995,0
2023-05-03 16:59:50,1683147591,12.4,34.9,98200,1e-7,1.00,2.00,3.00,0.00995,0
2023-05-03 17:04:52,1683147893,12.4,34.9,98200,1e-7,2.00,3.00,4.00,0.00995,0
2023-05-03 17:09:54,1683148195,12.4,35.0,98200,1.00,2.00,3.00,4.00,0.00995,0
2023-05-03 17:14:56,1683148497,12.4,35.1,98200,1e-7,2.00,3.00,4.00,0.00995,0
2023-05-03 17:19:59,1683148799,12.4,34.8,98200,1.00,3.00,6.00,8.00,0.00995,0
2023-05-03 17:24:40,1683149081,12.4,35.0,98200,1e-7,1e-7,1.00,1.00,0.0138,0
2023-05-03 17:29:42,1683149383,12.4,34.8,98200,1.00,2.00,3.00,4.00,0.0138,0
2023-05-03 17:34:45,1683149685,12.4,35.0,98200,1e-7,5.00,10.0,12.0,0.0156,0
2023-05-03 17:39:47,1683149987,12.5,35.0,98200,1e-7,1e-7,1e-7,1e-7,0.0156,0
2023-05-03 17:44:49,1683150289,12.5,34.9,98220,1e-7,1.00,2.00,3.00,0.0194,0
2023-05-03 17:49:51,1683150591,12.4,35.0,98300,1.00,2.00,3.00,3.00,0.0146,0
2023-05-03 17:54:53,1683150893,12.4,34.9,98300,1e-7,5.00,9.00,12.0,0.0158,0
2023-05-03 17:59:55,1683151195,12.3,35.4,98300,1.00,2.00,3.00,4.00,0.0162,0
2023-05-03 18:04:57,1683151497,12.2,35.9,98300,1e-7,1.00,3.00,4.00,0.0206,0
2023-05-03 18:09:59,1683151799,12.1,36.0,98300,1e-7,2.00,3.00,4.00,0.0210,0
2023-05-03 18:14:41,1683152081,12.0,36.3,98300,1e-7,1e-7,1e-7,1e-7,0.00995,0
2023-05-03 18:19:43,1683152384,12.0,36.8,98300,1.00,2.00,3.00,4.00,0.00995,0
2023-05-03 18:24:45,1683152686,11.9,37.0,98300,1e-7,2.00,3.00,4.00,0.00995,0
2023-05-03 18:29:47,1683152988,11.8,37.1,98300,1.00,2.00,3.00,4.00,0.00995,0
2023-05-03 18:34:50,1683153290,11.8,37.2,98300,1e-7,1.00,2.00,3.00,0.00995,0
2023-05-03 18:39:52,1683153592,11.7,37.2,98300,1e-7,3.00,5.00,6.00,0.0107,0
2023-05-03 18:44:54,1683153895,11.6,37.6,98300,1e-7,1e-7,1e-7,1e-7,0.0111,0
2023-05-03 18:49:56,1683154197,11.5,38.0,98300,1e-7,1.00,2.00,3.00,0.0115,0
2023-05-03 18:54:59,1683154499,11.4,38.2,98300,1e-7,2.00,3.00,4.00,0.0108,0
2023-05-03 18:59:41,1683154781,11.4,38.2,98379,1e-7,3.00,6.00,7.00,0.0117,0
2023-05-03 19:04:43,1683155084,11.4,38.4,98400,1.00,5.00,8.00,9.00,0.0120,0
2023-05-03 19:09:45,1683155386,11.3,38.4,98400,1e-7,1.00,2.00,3.00,0.0129,0
2023-05-03 19:14:48,1683155688,11.2,38.7,98400,1.00,2.00,3.00,4.00,0.0130,0
2023-05-03 19:19:50,1683155991,11.1,38.7,98400,1e-7,3.00,6.00,8.00,0.0138,0
2023-05-03 19:24:53,1683156293,11.1,39.1,98400,1e-7,1.00,2.00,3.00,0.0139,0
2023-05-03 19:29:56,1683156596,11.0,39.0,98400,1e-7,1e-7,1e-7,1e-7,0.0130,0
2023-05-03 19:34:58,1683156899,11.0,39.1,98400,1e-7,1.00,3.00,4.00,0.0112,0
2023-05-03 19:39:41,1683157181,10.9,38.8,98400,1.00,2.00,3.00,4.00,0.00995,0
2023-05-03 19:44:43,1683157484,10.9,39.3,98400,1e-7,3.00,6.00,8.00,0.00995,0
2023-05-03 19:49:45,1683157786,10.9,39.2,98400,1e-7,1.00,2.00,3.00,0.0122,0
2023-05-03 19:54:48,1683158089,10.9,39.4,98400,1.00,2.00,3.00,4.00,0.0122,0
2023-05-03 19:59:51,1683158391,10.9,39.5,98400,1.00,2.00,3.00,4.00,0.0109,0
2023-05-03 20:04:53,1683158694,10.8,39.3,98400,1.00,1.00,3.00,4.00,0.00995,0
2023-05-03 20:09:56,1683158996,10.8,39.9,98400,2.00,2.00,2.00,2.00,0.00995,0
2023-05-03 20:14:58,1683159299,10.7,39.9,98400,1e-7,3.00,6.00,8.00,0.0104,0
2023-05-03 20:19:40,1683159581,10.7,39.9,98400,1e-7,2.00,3.00,4.00,0.0125,0
2023-05-03 20:24:43,1683159883,10.7,39.9,98400,1.00,3.00,5.00,6.00,0.0100,0
2023-05-03 20:29:46,1683160186,10.7,40.1,98400,1.00,3.00,5.00,6.00,0.0138,0
2023-05-03 20:34:48,1683160489,10.7,40.1,98400,1.00,2.00,3.00,4.00,0.0162,0
2023-05-03 20:39:51,1683160791,10.6,40.3,98400,1.00,4.00,7.00,8.00,0.0155,0
2023-05-03 20:44:53,1683161094,10.6,40.2,98400,1.00,2.00,3.00,4.00,0.0161,0
2023-05-03 20:49:56,1683161396,10.5,40.5,98400,1.00,3.00,5.00,6.00,0.0114,0
2023-05-03 20:54:58,1683161699,10.5,40.8,98440,1.00,5.00,8.00,10.0,0.0151,0
2023-05-03 20:59:41,1683161981,10.5,40.9,98500,1.00,4.00,7.00,8.00,0.0172,0
2023-05-03 21:04:44,1683162284,10.4,41.3,98500,1.00,4.00,7.00,8.00,0.0172,0
2023-05-03 21:09:46,1683162587,10.4,41.4,98500,1.00,2.00,3.00,3.00,0.0186,0
2023-05-03 21:14:49,1683162889,10.4,41.5,98500,1.00,2.00,3.00,4.00,0.0197,0
2023-05-03 21:19:52,1683163192,10.3,41.6,98500,1.00,2.00,3.00,4.00,0.0123,0
2023-05-03 21:24:54,1683163495,10.2,41.8,98500,1.00,2.00,3.00,4.00,0.00995,0
2023-05-03 21:29:56,1683163797,10.1,42.2,98500,1.00,3.00,5.00,6.00,0.0126,0
2023-05-03 21:34:59,1683164100,10.0,42.2,98500,1.00,1.00,2.00,3.00,0.0124,0
2023-05-03 21:39:42,1683164382,9.97,42.4,98500,1.00,2.00,3.00,4.00,0.0124,0
2023-05-03 21:44:45,1683164685,9.96,42.3,98500,1.00,2.00,3.00,4.00,0.0109,0
2023-05-03 21:49:47,1683164988,9.97,42.2,98500,1.00,4.00,6.00,8.00,0.00995,0
2023-05-03 21:54:50,1683165291,9.97,42.0,98500,1.00,2.00,4.00,4.00,0.0223,0
2023-05-03 21:59:53,1683165594,9.97,42.1,98500,1e-7,4.00,7.00,8.00,0.0223,0
2023-05-03 22:04:56,1683165896,10.0,42.0,98500,2.00,3.00,5.00,6.00,0.0148,0
2023-05-03 22:09:59,1683166199,10.0,41.9,98500,1.00,3.00,5.00,6.00,0.0113,0
2023-05-03 22:14:41,1683166482,9.97,41.6,98500,1.00,2.00,3.00,4.00,0.0140,0
2023-05-03 22:19:44,1683166785,9.97,41.7,98500,1.00,6.00,10.0,12.0,0.0144,0
2023-05-03 22:24:47,1683167087,9.97,41.7,98500,3.00,5.00,6.00,8.00,0.0299,0
2023-05-03 22:29:49,1683167390,9.97,41.9,98500,1.00,2.00,3.00,4.00,0.0317,0
2023-05-03 22:34:52,1683167692,9.96,41.8,98500,1.00,3.00,5.00,5.00,0.0373,0
2023-05-03 22:39:54,1683167995,9.98,41.9,98500,2.00,6.00,10.0,12.0,0.0116,0
2023-05-03 22:44:57,1683168297,9.97,41.7,98500,1.00,2.00,4.00,5.00,0.0337,0
2023-05-03 22:49:59,1683168600,9.97,41.7,98500,1.00,3.00,4.00,5.00,0.0301,0
2023-05-03 22:54:42,1683168882,9.94,41.7,98500,1.00,2.00,3.00,4.00,0.0228,0
2023-05-03 22:59:44,1683169185,9.91,41.6,98500,1.00,4.00,7.00,8.00,0.0112,0
2023-05-03 23:04:47,1683169488,9.89,41.6,98500,1.00,1.00,2.00,3.00,0.0125,0
2023-05-03 23:09:50,1683169791,9.88,41.3,98500,1.00,2.00,3.00,4.00,0.0187,0
2023-05-03 23:14:53,1683170094,9.85,41.3,98500,1.00,3.00,5.00,6.00,0.0186,0
2023-05-03 23:19:56,1683170397,9.84,41.4,98500,2.00,6.00,10.0,12.0,0.0160,0
2023-05-03 23:24:59,1683170700,9.78,41.4,98500,2.00,3.00,6.00,8.00,0.0274,0
2023-05-03 23:29:42,1683170982,9.75,41.4,98550,1.00,1.00,3.00,4.00,0.0179,0
2023-05-03 23:34:44,1683171285,9.72,41.5,98520,1.00,4.00,7.00,8.00,0.0159,0
2023-05-03 23:39:47,1683171588,9.70,41.5,98593,2.00,2.00,3.00,4.00,0.0113,0
2023-05-03 23:44:50,1683171890,9.69,41.6,98600,1.00,3.00,5.00,6.00,0.0129,0
2023-05-03 23:49:53,1683172193,9.68,41.4,98600,1e-7,3.00,6.00,8.00,0.0101,0
2023-05-03 23:54:55,1683172496,9.68,41.5,98600,1.00,4.00,7.00,8.00,0.0143,0
2023-05-03 23:59:58,1683172799,9.67,41.5,98600,1.00,2.00,3.00,3.00,0.0124,0
2023-05-04 00:04:41,1683173082,9.62,41.6,98600,1e-7,1.00,2.00,3.00,0.0137,0
2023-05-04 00:09:44,1683173384,9.57,41.3,98600,1.00,4.00,7.00,9.00,0.0147,0
2023-05-04 00:14:47,1683173687,9.51,41.4,98600,1.00,7.00,12.0,15.0,0.0329,0
2023-05-04 00:19:49,1683173990,9.50,41.3,98600,1e-7,3.00,6.00,8.00,0.0251,0
2023-05-04 00:24:52,1683174292,9.48,41.0,98600,1.00,2.00,3.00,4.00,0.0232,0
2023-05-04 00:29:55,1683174595,9.46,41.1,98600,2.00,4.00,7.00,8.00,0.0182,0
2023-05-04 00:34:58,1683174898,9.45,41.1,98600,1.00,2.00,3.00,4.00,0.0113,0
2023-05-04 00:39:40,1683175181,9.42,41.2,98600,1.00,1.00,2.00,3.00,0.0122,0
2023-05-04 00:44:43,1683175483,9.37,41.2,98600,1.00,4.00,6.00,8.00,0.0108,0
2023-05-04 00:49:45,1683175786,9.32,41.3,98600,1.00,3.00,5.00,6.00,0.0155,0
2023-05-04 00:54:48,1683176089,9.31,41.6,98600,1.00,2.00,3.00,4.00,0.0150,0
2023-05-04 00:59:51,1683176391,9.32,41.5,98600,1.00,1.00,2.00,3.00,0.0137,0
2023-05-04 01:04:54,1683176694,9.34,41.7,98600,1e-7,1.00,3.00,4.00,0.0104,0
2023-05-04 01:09:57,1683176997,9.34,41.8,98600,1.00,4.00,7.00,8.00,0.00995,0
2023-05-04 01:14:40,1683177280,9.32,42.2,98600,1e-7,1.00,3.00,4.00,0.0186,0
2023-05-04 01:19:43,1683177583,9.27,42.3,98600,1.00,3.00,4.00,4.00,0.0191,0
2023-05-04 01:24:45,1683177886,9.22,42.3,98600,1.00,2.00,3.00,4.00,0.0133,0
2023-05-04 01:29:48,1683178189,9.20,42.6,98600,1.00,5.00,9.00,11.0,0.0144,0
2023-05-04 01:34:51,1683178491,9.22,42.6,98600,1e-7,2.00,3.00,4.00,0.0153,0
2023-05-04 01:39:54,1683178794,9.25,42.9,98600,1e-7,5.00,9.00,11.0,0.0153,0
2023-05-04 01:44:56,1683179097,9.22,43.5,98600,1.00,3.00,6.00,8.00,0.00995,0
2023-05-04 01:49:59,1683179400,9.17,43.7,98600,1e-7,1e-7,1e-7,1e-7,0.0151,0
2023-05-04 01:54:42,1683179683,9.14,44.1,98600,2.00,4.00,7.00,8.00,0.0110,0
2023-05-04 01:59:45,1683179986,9.10,44.2,98600,1e-7,1.00,3.00,4.00,0.0109,0
2023-05-04 02:04:48,1683180289,9.03,44.7,98600,1.00,2.00,3.00,4.00,0.0154,0
2023-05-04 02:09:51,1683180592,8.98,45.1,98600,1e-7,1.00,2.00,3.00,0.00995,0
2023-05-04 02:14:54,1683180895,8.95,45.5,98600,1e-7,1e-7,1e-7,1e-7,0.00995,0
2023-05-04 02:19:57,1683181198,8.94,45.6,98600,1e-7,1.00,2.00,3.00,0.00995,0
2023-05-04 02:24:40,1683181481,8.93,45.6,98600,1e-7,1e-7,1e-7,1e-7,0.00995,0
2023-05-04 02:29:44,1683181784,8.94,45.6,98600,1e-7,2.00,3.00,4.00,0.00995,0
2023-05-04 02:34:47,1683182087,8.93,45.7,98600,1e-7,1.00,2.00,3.00,0.00995,0
2023-05-04 02:39:50,1683182390,8.93,45.9,98600,1e-7,1e-7,1e-7,1e-7,0.00995,0
2023-05-04 02:44:52,1683182693,8.93,46.4,98600,1e-7,1e-7,1.00,1.00,0.00995,0
2023-05-04 02:49:56,1683182996,8.93,46.9,98600,1e-7,2.00,3.00,4.00,0.00995,0
2023-05-04 02:54:59,1683183299,8.88,47.0,98600,1e-7,1e-7,1e-7,1e-7,0.00995,0
2023-05-04 02:59:41,1683183582,8.81,47.3,98600,1e-7,2.00,3.00,4.00,0.00995,0
2023-05-04 03:04:44,1683183885,8.79,47.5,98600,1e-7,2.00,3.00,4.00,0.00995,0
2023-05-04 03:09:47,1683184188,8.77,47.6,98600,1e-7,4.00,7.00,8.00,0.0122,0
2023-05-04 03:14:50,1683184491,8.81,47.5,98600,1e-7,1e-7,1e-7,1e-7,0.0123,0
2023-05-04 03:19:53,1683184794,8.84,47.9,98600,1e-7,1e-7,1e-7,1e-7,0.0134,0
2023-05-04 03:24:57,1683185097,8.83,48.5,98600,1e-7,1.00,2.00,3.00,0.00995,0
2023-05-04 03:29:39,1683185380,8.81,49.2,98600,1e-7,1e-7,1e-7,1e-7,0.00995,0
2023-05-04 03:34:43,1683185683,8.76,49.4,98600,1e-7,1e-7,1e-7,1e-7,0.00995,0
2023-05-04 03:39:46,1683185986,8.70,48.9,98600,1e-7,1e-7,1e-7,1e-7,0.00995,0
2023-05-04 03:44:49,1683186290,8.65,49.2,98600,1e-7,1e-7,1e-7,1e-7,0.00995,0
2023-05-04 03:49:52,1683186593,8.63,49.1,98600,1e-7,1e-7,1e-7,1e-7,0.00995,0
2023-05-04 03:54:56,1683186896,8.59,49.3,98673,1.00,2.00,3.00,4.00,0.00995,0
2023-05-04 03:59:59,1683187199,8.57,49.2,98620,1e-7,1e-7,1e-7,1e-7,0.00995,0
2023-05-04 04:04:42,1683187482,8.56,49.3,98664,1e-7,1.00,2.00,3.00,0.00995,0
2023-05-04 04:09:45,1683187785,8.55,49.7,98700,1e-7,1.00,2.00,3.00,0.00995,0
2023-05-04 04:14:48,1683188089,8.50,49.9,98693,1e-7,2.00,3.00,4.00,0.00995,0
2023-05-04 04:19:51,1683188392,8.47,50.0,98700,1e-7,1e-7,1e-7,1e-7,0.00995,0
2023-05-04 04:24:55,1683188695,8.47,50.1,98700,1e-7,2.00,3.00,4.00,0.00995,0
2023-05-04 04:29:58,1683188998,8.46,49.6,98700,1e-7,5.00,10.0,12.0,0.0160,0
2023-05-04 04:34:41,1683189281,8.47,49.8,98700,1e-7,1e-7,1e-7,1e-7,0.0160,0
2023-05-04 04:39:44,1683189584,8.47,50.1,98700,1e-7,3.00,6.00,7.00,0.0160,0
2023-05-04 04:44:47,1683189888,8.47,50.2,98700,1e-7,1.00,2.00,3.00,0.0142,0
2023-05-04 04:49:50,1683190191,8.47,50.0,98700,1e-7,1.00,2.00,3.00,0.0113,0
2023-05-04 04:54:53,1683190494,8.49,50.4,98700,1e-7,1e-7,1e-7,1e-7,0.0106,0
2023-05-04 04:59:56,1683190797,8.49,50.4,98700,1e-7,3.00,6.00,8.00,0.0100,0
2023-05-04 05:04:39,1683191080,8.50,50.5,98700,1e-7,1e-7,1e-7,1e-7,0.0108,0
2023-05-04 05:09:43,1683191383,8.49,50.1,98700,1e-7,1e-7,1e-7,1e-7,0.0108,0
2023-05-04 05:14:46,1683191687,8.50,50.3,98700,1e-7,1.00,3.00,4.00,0.0108,0
2023-05-04 05:19:49,1683191990,8.52,50.4,98700,1e-7,1e-7,1e-7,1e-7,0.00995,0
2023-05-04 05:24:53,1683192293,8.52,50.6,98700,1e-7,1.00,2.00,3.00,0.00995,0
2023-05-04 05:29:56,1683192596,8.49,50.2,98700,1e-7,1e-7,1e-7,1e-7,0.00995,0
2023-05-04 05:34:59,1683192900,8.48,50.9,98700,1e-7,3.00,6.00,7.00,0.0106,0
2023-05-04 05:39:42,1683193183,8.47,50.9,98700,1e-7,1e-7,1e-7,1e-7,0.0106,0
2023-05-04 05:44:45,1683193486,8.49,51.0,98727,1e-7,1e-7,1e-7,1e-7,0.0113,0
2023-05-04 05:49:48,1683193789,8.52,50.9,98800,1e-7,2.00,3.00,4.00,0.0113,0
2023-05-04 05:54:51,1683194092,8.53,50.9,98800,1e-7,1e-7,1e-7,1e-7,0.00995,0
2023-05-04 05:59:55,1683194395,8.56,51.3,98800,1e-7,2.00,3.00,4.00,0.00995,0
2023-05-04 06:03:40,1683194621,8.59,51.1,98800,1e-7,2.00,3.00,4.00,0.00995,0
2023-05-04 06:09:59,1683194999,8.64,51.2,98800,1e-7,2.00,3.00,4.00,0.00995,0
2023-05-04 06:14:42,1683195282,8.67,51.2,98800,1e-7,1e-7,1e-7,1e-7,0.00995,0
2023-05-04 06:19:46,1683195586,8.69,51.1,98800,1e-7,1e-7,1e-7,1e-7,0.00995,0
2023-05-04 06:24:49,1683195890,8.72,50.9,98800,1e-7,1e-7,1e-7,1e-7,0.00995,0
2023-05-04 06:29:53,1683196193,8.75,50.9,98800,1e-7,2.00,3.00,4.00,0.00995,0
2023-05-04 12:09:43,1683216584,21.4,23.9,99000,1e-7,2.00,3.00,4.00,,
2023-05-04 12:14:42,1683216882,21.8,23.7,99000,1.00,2.00,3.00,4.00,,
2023-05-04 12:19:41,1683217181,21.8,23.6,99000,1.00,6.00,10.0,12.0,,
2023-05-04 12:20:20,1683217221,21.5,23.6,99000,1e-7,1.00,3.00,4.00,,
2023-05-04 12:35:55,1683218156,19.9,24.7,99100,1e-7,1.00,1.00,1.00,,
2023-05-04 12:49:51,1683218991,18.5,26.8,99100,1e-7,1.00,1.00,1.00,0.0322,0
2023-05-04 12:51:11,1683219071,18.4,27.1,99100,1e-7,1e-7,1e-7,1e-7,0.0337,0
2023-05-04 13:04:53,1683219894,18.7,27.0,99100,1e-7,1.00,2.00,3.00,0.0386,0
2023-05-04 13:09:53,1683220194,18.4,27.2,99100,1.00,4.00,7.00,8.00,0.0195,0
2023-05-04 13:14:53,1683220494,18.0,27.3,99100,1e-7,1.00,2.00,3.00,0.0131,0
2023-05-04 13:19:53,1683220794,17.6,28.0,99100,1e-7,1e-7,1.00,1.00,0.0131,0
2023-05-04 13:22:13,1683220934,17.3,28.4,99100,1e-7,2.00,3.00,4.00,0.0125,0
2023-05-04 13:37:47,1683221868,17.7,28.4,99100,1e-7,1e-7,1e-7,1e-7,0.00995,0
2023-05-04 13:49:44,1683222585,18.2,27.7,99100,1.00,1.00,2.00,2.00,0.00995,0
2023-05-04 13:53:04,1683222785,18.3,27.4,99100,1.00,1.00,3.00,4.00,0.00995,0
2023-05-04 14:04:41,1683223481,18.1,27.4,99100,1e-7,1e-7,1e-7,1e-7,0.00995,0
2023-05-04 14:08:41,1683223722,18.0,27.7,99100,1e-7,1e-7,1e-7,1e-7,0.00995,0
2023-05-04 14:19:48,1683224389,18.2,28.7,99100,1e-7,3.00,5.00,6.00,0.00995,0
2023-05-04 14:24:08,1683224649,18.4,28.0,99100,1e-7,2.00,3.00,4.00,0.0107,0
2023-05-04 14:34:45,1683225286,19.1,26.7,99100,1e-7,1e-7,1e-7,1e-7,0.0111,0
2023-05-04 14:39:25,1683225566,19.2,26.8,99100,1e-7,1e-7,1e-7,1e-7,0.0115,0
2023-05-04 14:49:41,1683226181,19.3,26.9,99100,1e-7,1.00,1.00,1.00,0.0107,0
2023-05-04 14:54:40,1683226481,19.2,27.3,99100,1e-7,1e-7,1e-7,1e-7,0.0112,0
2023-05-04 14:55:00,1683226500,19.2,27.5,99100,1e-7,1e-7,1e-7,1e-7,0.00995,0
2023-05-04 15:04:47,1683227088,19.2,26.9,99100,1.00,1.00,1.00,1.00,0.00995,0
2023-05-04 15:09:47,1683227388,19.2,27.1,99100,1.00,4.00,7.00,9.00,0.0163,0
2023-05-04 15:10:27,1683227428,19.4,26.7,99100,1e-7,1.00,2.00,3.00,0.0163,0
2023-05-04 15:24:43,1683228283,20.2,25.8,99100,1.00,4.00,8.00,9.00,0.0258,0
2023-05-04 15:25:43,1683228343,20.1,25.7,99100,1.00,1.00,1.00,1.00,0.0203,0
2023-05-04 15:39:58,1683229198,19.9,25.9,99100,1.00,2.00,3.00,4.00,0.0193,0
2023-05-04 15:41:17,1683229278,20.1,25.5,99100,1e-7,1e-7,1e-7,1e-7,0.0193,0
2023-05-04 15:54:52,1683230093,20.0,27.0,99100,1.00,3.00,6.00,8.00,0.0180,0
2023-05-04 15:56:32,1683230193,19.7,28.3,99100,1e-7,1.00,3.00,4.00,0.0159,0
2023-05-04 16:09:49,1683230989,19.0,28.6,99100,1e-7,1e-7,1e-7,1e-7,0.0115,0
2023-05-04 16:12:08,1683231129,19.0,28.0,99100,1e-7,3.00,5.00,6.00,0.0115,0
2023-05-04 16:24:55,1683231895,19.6,26.8,99100,1e-7,3.00,5.00,6.00,0.0115,0
2023-05-04 16:27:34,1683232055,19.8,27.5,99100,1.00,2.00,3.00,4.00,0.0191,0
2023-05-04 16:39:49,1683232790,19.3,28.4,99100,1e-7,1.00,2.00,3.00,0.0191,0
2023-05-04 16:42:49,1683232970,19.0,29.1,99100,1e-7,2.00,3.00,4.00,0.0125,0
2023-05-04 16:54:45,1683233686,18.4,29.1,99100,1e-7,1e-7,1e-7,1e-7,0.0156,0
2023-05-04 16:59:45,1683233985,18.5,28.3,99100,1e-7,3.00,6.00,7.00,0.0137,0
2023-05-04 17:04:45,1683234285,18.4,27.7,99100,1e-7,2.00,3.00,4.00,0.0103,0
2023-05-04 17:09:45,1683234585,18.4,27.6,99100,1e-7,2.00,3.00,4.00,0.0110,0
2023-05-04 17:13:45,1683234825,18.3,27.9,99100,1.00,4.00,6.00,8.00,0.0152,0
2023-05-04 17:24:42,1683235482,18.4,27.5,99133,1e-7,1.00,1.00,1.00,0.0152,0
2023-05-04 17:29:42,1683235782,18.4,27.5,99193,1e-7,3.00,5.00,6.00,0.0143,0
2023-05-04 17:34:42,1683236082,18.3,27.8,99200,1e-7,3.00,6.00,7.00,0.0113,0
2023-05-04 17:39:42,1683236383,18.1,28.1,99200,1e-7,2.00,3.00,4.00,0.0102,0
2023-05-04 17:44:43,1683236683,17.5,29.9,99200,1.00,6.00,11.0,13.0,0.0113,0
2023-05-04 17:49:43,1683236984,17.0,30.8,99200,1e-7,2.00,4.00,5.00,0.0187,0
2023-05-04 17:54:44,1683237284,16.7,31.1,99200,1.00,2.00,3.00,4.00,0.0154,0
2023-05-04 17:59:44,1683237585,16.6,31.2,99200,1e-7,1.00,3.00,4.00,0.0100,0
2023-05-04 18:04:45,1683237886,16.6,30.9,99200,1.00,2.00,3.00,4.00,0.00995,0
2023-05-04 18:09:46,1683238186,16.6,30.9,99200,1e-7,2.00,3.00,4.00,0.00995,0
2023-05-04 18:14:47,1683238487,16.5,31.3,99200,1e-7,1.00,2.00,3.00,0.00995,0
2023-05-04 18:19:47,1683238788,16.4,32.0,99200,1.00,1.00,2.00,3.00,0.00995,0
2023-05-04 18:24:48,1683239089,16.3,32.0,99200,1.00,1.00,2.00,2.00,0.00995,0
2023-05-04 18:29:49,1683239390,16.2,32.1,99207,1e-7,1e-7,1e-7,1e-7,0.00995,0
2023-05-04 18:34:50,1683239691,16.1,31.8,99300,2.00,2.00,2.00,2.00,0.00995,0
2023-05-04 18:39:51,1683239991,16.0,32.0,99300,1.00,1.00,2.00,2.00,0.00995,0
2023-05-04 18:44:52,1683240292,15.8,32.3,99300,1e-7,2.00,3.00,4.00,0.00995,0
2023-05-04 18:49:53,1683240593,15.7,32.2,99300,2.00,2.00,3.00,4.00,0.00995,0
2023-05-04 18:54:54,1683240894,15.7,32.5,99300,1e-7,8.00,14.0,17.0,0.0159,0
2023-05-04 18:59:54,1683241195,15.6,32.6,99300,1e-7,1.00,2.00,3.00,0.0219,0
2023-05-04 19:04:56,1683241496,15.6,32.8,99300,1e-7,2.00,3.00,4.00,0.0219,0
2023-05-04 19:09:57,1683241797,15.5,33.2,99300,2.00,4.00,7.00,8.00,0.0162,0
2023-05-04 19:14:58,1683242098,15.4,33.0,99300,1e-7,1.00,3.00,4.00,0.0152,0
2023-05-04 19:19:59,1683242399,15.4,32.9,99300,1e-7,2.00,3.00,4.00,0.0152,0
2023-05-04 19:24:40,1683242680,15.3,33.2,99300,1e-7,1e-7,1e-7,1e-7,0.0172,0
2023-05-04 19:29:41,1683242981,15.3,33.3,99300,1e-7,1e-7,1e-7,1e-7,0.00995,0
2023-05-04 19:34:42,1683243283,15.1,33.5,99300,1.00,1.00,1.00,1.00,0.00995,0
2023-05-04 19:39:44,1683243584,15.0,33.7,99300,1e-7,1.00,2.00,3.00,0.00995,0
2023-05-04 19:44:45,1683243885,15.0,34.0,99367,1e-7,1.00,3.00,4.00,0.00995,0
2023-05-04 19:49:46,1683244186,14.8,33.9,99400,1e-7,5.00,8.00,10.0,0.0133,0
2023-05-04 19:54:47,1683244488,14.7,34.3,99400,1e-7,2.00,3.00,4.00,0.0129,0
2023-05-04 19:59:49,1683244789,14.6,34.5,99400,1e-7,2.00,3.00,4.00,0.0129,0
2023-05-04 20:04:50,1683245090,14.4,34.6,99400,1e-7,1.00,3.00,4.00,0.0119,0
2023-05-04 20:09:51,1683245392,14.3,34.7,99400,1e-7,2.00,3.00,4.00,0.00995,0
2023-05-04 20:14:52,1683245693,14.0,35.1,99400,1.00,2.00,3.00,4.00,0.00995,0
2023-05-04 20:19:54,1683245994,13.8,35.3,99400,1e-7,1e-7,1e-7,1e-7,0.00995,0
2023-05-04 20:24:55,1683246296,13.5,35.8,99400,1e-7,2.00,3.00,4.00,0.00995,0
2023-05-04 20:29:57,1683246597,13.3,36.4,99400,1e-7,3.00,5.00,6.00,0.00995,0
2023-05-04 20:34:58,1683246899,13.1,36.8,99400,1e-7,1e-7,1e-7,1e-7,0.0103,0
2023-05-04 20:39:40,1683247181,12.9,37.0,99400,1e-7,3.00,6.00,8.00,0.0125,0
2023-05-04 20:44:42,1683247482,12.7,37.5,99400,1e-7,1e-7,1e-7,1e-7,0.0125,0
2023-05-04 20:49:44,1683247784,12.5,38.1,99400,1e-7,1e-7,1e-7,1e-7,0.0108,0
2023-05-04 20:54:46,1683248086,12.3,38.9,99400,1e-7,1e-7,1e-7,1e-7,0.00995,0
2023-05-04 20:59:48,1683248388,12.1,39.0,99400,1e-7,1e-7,1e-7,1e-7,0.00995,0
2023-05-04 21:04:50,1683248691,11.8,39.6,99400,1e-7,1e-7,1e-7,1e-7,0.00995,0
2023-05-04 21:09:52,1683248992,11.6,40.3,99407,1e-7,1.00,2.00,3.00,0.00995,0
2023-05-04 21:14:54,1683249295,11.4,40.6,99447,1e-7,1e-7,1e-7,1e-7,0.00995,0
2023-05-04 21:19:56,1683249597,11.2,41.3,99500,1e-7,2.00,3.00,4.00,0.00995,0
2023-05-04 21:24:58,1683249899,11.0,41.6,99500,1e-7,3.00,6.00,8.00,0.00995,0
2023-05-04 21:29:41,1683250181,10.9,42.6,99500,1e-7,7.00,12.0,15.0,0.0203,0
2023-05-04 21:34:43,1683250484,10.8,42.9,99500,1e-7,1e-7,1e-7,1e-7,0.0203,0
2023-05-04 21:39:46,1683250786,10.7,42.8,99500,1e-7,1e-7,1e-7,1e-7,0.0203,0
2023-05-04 21:44:48,1683251089,10.7,43.2,99500,1e-7,1e-7,1e-7,1e-7,0.0146,0
2023-05-04 21:49:51,1683251392,10.7,43.2,99500,1e-7,1e-7,1e-7,1e-7,0.00995,0
2023-05-04 21:54:54,1683251694,10.8,43.4,99500,1e-7,1e-7,1e-7,1e-7,0.00995,0
2023-05-04 21:59:56,1683251997,10.8,43.2,99500,1e-7,1e-7,1e-7,1e-7,0.00995,0
2023-05-04 22:04:58,1683252299,11.0,43.1,99500,1e-7,1e-7,1e-7,1e-7,0.00995,0
2023-05-04 22:09:40,1683252581,11.1,42.9,99500,1e-7,2.00,3.00,4.00,0.00995,0
2023-05-04 22:14:43,1683252883,11.2,42.7,99500,1e-7,1.00,3.00,4.00,0.00995,0
2023-05-04 22:19:45,1683253185,11.4,42.5,99500,1e-7,1e-7,1e-7,1e-7,0.00995,0
2023-05-04 22:24:47,1683253488,11.5,42.7,99500,1.00,2.00,3.00,4.00,0.00995,0
2023-05-04 22:29:50,1683253790,11.6,42.2,99500,1.00,2.00,3.00,4.00,0.00995,0
2023-05-04 22:34:52,1683254093,11.6,42.1,99500,1e-7,2.00,3.00,4.00,0.00995,0
2023-05-04 22:39:55,1683254395,11.6,42.0,99500,1e-7,1e-7,1e-7,1e-7,0.00995,0
2023-05-04 22:44:57,1683254697,11.7,41.9,99500,1e-7,4.00,7.00,8.00,0.0111,0
2023-05-04 22:49:59,1683255000,11.7,42.3,99500,1e-7,1.00,2.00,3.00,0.0122,0
2023-05-04 22:54:41,1683255282,11.7,42.5,99500,1e-7,3.00,5.00,6.00,0.0113,0
2023-05-04 22:59:44,1683255584,11.7,42.4,99500,1e-7,1e-7,1e-7,1e-7,0.0103,0
2023-05-04 23:04:46,1683255887,11.7,42.4,99500,1e-7,1.00,3.00,4.00,0.0111,0
2023-05-04 23:09:49,1683256189,11.8,42.0,99500,1e-7,1e-7,1e-7,1e-7,0.00995,0
2023-05-04 23:14:51,1683256492,11.8,42.0,99500,1.00,2.00,3.00,4.00,0.00995,0
2023-05-04 23:19:54,1683256794,11.9,42.0,99500,1e-7,1e-7,1e-7,1e-7,0.00995,0
2023-05-04 23:24:56,1683257097,11.9,42.3,99500,1e-7,2.00,3.00,4.00,0.00995,0
2023-05-04 23:29:58,1683257399,11.8,42.7,99500,1e-7,1.00,3.00,4.00,0.00995,0
2023-05-04 23:34:41,1683257681,11.7,42.7,99500,1e-7,1e-7,1e-7,1e-7,0.00995,0
2023-05-04 23:39:43,1683257984,11.6,42.6,99500,1e-7,1e-7,1e-7,1e-7,0.00995,0
2023-05-04 23:44:45,1683258286,11.5,43.0,99500,1e-7,1.00,3.00,4.00,0.00995,0
2023-05-04 23:49:48,1683258588,11.4,42.9,99520,1e-7,3.00,5.00,6.00,0.0107,0
2023-05-04 23:54:50,1683258890,11.4,43.2,99567,1e-7,3.00,6.00,8.00,0.0107,0
2023-05-04 23:59:52,1683259193,11.2,43.4,99600,1e-7,1e-7,1e-7,1e-7,0.0117,0
2023-05-05 00:04:54,1683259495,11.1,43.6,99600,1e-7,1e-7,1e-7,1e-7,0.0117,0
2023-05-05 00:09:57,1683259797,11.1,43.6,99600,1e-7,7.00,13.0,16.0,0.0194,0
2023-05-05 00:14:59,1683260100,11.0,43.8,99600,1e-7,1.00,2.00,3.00,0.0212,0
2023-05-05 00:19:41,1683260382,10.9,44.1,99600,1e-7,1e-7,1e-7,1e-7,0.0212,0
2023-05-05 00:24:44,1683260684,10.9,44.1,99600,1e-7,1e-7,1e-7,1e-7,0.0212,0
2023-05-05 00:29:47,1683260987,10.8,44.1,99600,1e-7,4.00,7.00,8.00,0.0122,0
2023-05-05 00:34:49,1683261290,10.8,44.3,99600,1e-7,1.00,3.00,4.00,0.0122,0
2023-05-05 00:39:52,1683261592,10.7,45.0,99600,1.00,1.00,2.00,2.00,0.0111,0
2023-05-05 00:44:54,1683261895,10.6,44.9,99600,1e-7,1.00,2.00,3.00,0.00995,0
2023-05-05 00:49:57,1683262197,10.4,45.8,99600,1e-7,2.00,3.00,4.00,0.00995,0
2023-05-05 00:54:59,1683262500,10.3,45.5,99600,1.00,2.00,3.00,4.00,0.00995,0
2023-05-05 00:59:42,1683262782,10.1,45.8,99600,1e-7,1.00,3.00,4.00,0.00995,0
2023-05-05 01:04:44,1683263085,9.87,46.0,99600,1e-7,3.00,5.00,6.00,0.0112,0
2023-05-05 01:09:47,1683263387,9.64,45.9,99600,1e-7,3.00,5.00,6.00,0.0115,0
2023-05-05 01:14:50,1683263690,9.43,46.5,99600,1e-7,1e-7,1e-7,1e-7,0.0115,0
2023-05-05 01:19:52,1683263993,9.23,46.6,99600,1e-7,1.00,3.00,4.00,0.0135,0
2023-05-05 01:24:55,1683264296,9.05,47.7,99600,1e-7,1e-7,1e-7,1e-7,0.00995,0
2023-05-05 01:29:58,1683264599,8.88,47.8,99600,1.00,2.00,3.00,3.00,0.00995,0
2023-05-05 01:34:41,1683264882,8.74,47.7,99600,1e-7,4.00,7.00,8.00,0.0100,0
2023-05-05 01:39:44,1683265185,8.60,47.9,99600,1.00,2.00,3.00,4.00,0.0133,0
2023-05-05 01:44:47,1683265488,8.44,48.2,99600,1e-7,1e-7,1e-7,1e-7,0.0151,0
2023-05-05 01:49:51,1683265791,8.25,48.3,99600,1e-7,2.00,3.00,4.00,0.0137,0
2023-05-05 01:54:54,1683266094,8.12,48.9,99600,1e-7,2.00,3.00,4.00,0.00995,0
2023-05-05 01:59:57,1683266398,8.01,49.0,99633,1e-7,1.00,2.00,3.00,0.00995,0
2023-05-05 02:04:40,1683266680,7.90,49.3,99700,1e-7,1.00,2.00,3.00,0.00995,0
2023-05-05 02:09:43,1683266984,7.81,49.2,99700,1e-7,2.00,3.00,4.00,0.00995,0
2023-05-05 02:14:47,1683267287,7.74,49.1,99693,1e-7,2.00,3.00,4.00,0.00995,0
2023-05-05 02:19:50,1683267591,7.65,49.1,99700,1e-7,1e-7,1e-7,1e-7,0.00995,0
2023-05-05 02:24:53,1683267894,7.57,49.3,99700,1e-7,2.00,3.00,4.00,0.00995,0
2023-05-05 02:29:57,1683268197,7.54,49.5,99700,1e-7,1e-7,1e-7,1e-7,0.00995,0
2023-05-05 02:34:40,1683268480,7.54,49.5,99700,1.00,2.00,3.00,4.00,0.00995,0
2023-05-05 02:39:43,1683268783,7.56,49.3,99700,1e-7,2.00,3.00,4.00,0.00995,0
2023-05-05 02:44:46,1683269086,7.58,49.5,99700,1.00,6.00,11.0,13.0,0.0138,0
2023-05-05 02:49:49,1683269390,7.56,49.2,99700,1e-7,1e-7,1e-7,1e-7,0.0171,0
2023-05-05 02:54:53,1683269693,7.52,49.3,99700,1e-7,1.00,3.00,4.00,0.0171,0
2023-05-05 02:59:56,1683269996,7.48,49.3,99700,1e-7,3.00,5.00,6.00,0.0107,0
2023-05-05 03:04:59,1683270300,7.43,49.3,99700,1e-7,1e-7,1e-7,1e-7,0.0103,0
2023-05-05 03:09:43,1683270583,7.31,49.4,99700,1e-7,2.00,3.00,4.00,0.0107,0
2023-05-05 03:14:46,1683270887,7.17,49.6,99700,1e-7,1.00,3.00,4.00,0.00995,0
2023-05-05 03:19:50,1683271191,7.02,49.7,99700,1.00,13.0,22.0,27.0,0.0221,0
2023-05-05 03:24:54,1683271494,6.91,49.9,99700,1e-7,2.00,3.00,4.00,0.0271,0
2023-05-05 03:29:58,1683271798,6.79,50.1,99700,1e-7,1e-7,1e-7,1e-7,0.0259,0
2023-05-05 03:34:41,1683272081,6.69,50.1,99700,1e-7,1e-7,1e-7,1e-7,0.0259,0
2023-05-05 03:39:44,1683272385,6.60,50.4,99700,1e-7,1e-7,1e-7,1e-7,0.00995,0
2023-05-05 03:44:48,1683272688,6.50,50.5,99700,1e-7,6.00,10.0,12.0,0.0149,0
2023-05-05 03:49:51,1683272992,6.41,50.6,99700,1e-7,1.00,2.00,3.00,0.0162,0
2023-05-05 03:54:55,1683273296,6.35,50.5,99700,1.00,3.00,5.00,6.00,0.0144,0
2023-05-05 03:59:59,1683273599,6.31,50.7,99700,1e-7,1e-7,1e-7,1e-7,0.0130,0
2023-05-05 04:04:42,1683273883,6.28,50.9,99700,1.00,1.00,2.00,3.00,0.0112,0
2023-05-05 04:09:46,1683274187,6.26,51.1,99700,1e-7,3.00,6.00,7.00,0.0131,0
2023-05-05 04:14:50,1683274491,6.27,51.2,99700,1e-7,1e-7,1e-7,1e-7,0.0131,0
2023-05-05 04:19:54,1683274794,6.29,51.0,99700,1e-7,1e-7,1e-7,1e-7,0.0131,0
2023-05-05 04:24:58,1683275098,6.35,51.2,99700,1e-7,3.00,5.00,7.00,0.0113,0
2023-05-05 04:29:41,1683275382,6.42,51.1,99700,1e-7,1e-7,1e-7,1e-7,0.0111,0
2023-05-05 04:34:45,1683275685,6.50,51.2,99700,1e-7,3.00,6.00,8.00,0.0111,0
2023-05-05 04:39:49,1683275989,6.56,51.2,99700,1e-7,4.00,7.00,8.00,0.0109,0
2023-05-05 04:44:52,1683276293,6.60,51.1,99700,1.00,2.00,3.00,3.00,0.0109,0
2023-05-05 04:49:56,1683276596,6.66,51.1,99700,1e-7,2.00,3.00,4.00,0.0113,0
2023-05-05 04:54:59,1683276900,6.70,51.1,99700,1e-7,1.00,2.00,3.00,0.0119,0
2023-05-05 04:59:43,1683277183,6.73,51.0,99700,1e-7,2.00,3.00,4.00,0.00995,0
2023-05-05 05:04:46,1683277487,6.77,51.2,99700,1e-7,1e-7,1e-7,1e-7,0.00995,0
2023-05-05 05:09:50,1683277790,6.80,51.3,99740,1e-7,3.00,5.00,6.00,0.0103,0
2023-05-05 05:14:53,1683278094,6.85,51.3,99800,1e-7,1.00,3.00,4.00,0.0111,0
2023-05-05 05:19:57,1683278397,6.92,51.3,99800,1.00,4.00,6.00,7.00,0.0104,0
2023-05-05 05:24:40,1683278680,6.98,51.4,99800,1e-7,3.00,6.00,8.00,0.0133,0
2023-05-05 05:29:43,1683278984,7.02,51.2,99800,1e-7,3.00,6.00,8.00,0.0133,0
2023-05-05 05:34:47,1683279287,7.06,51.2,99800,1.00,2.00,3.00,3.00,0.0124,0
2023-05-05 05:39:50,1683279591,7.10,51.9,99800,1e-7,1.00,2.00,3.00,0.0101,0
2023-05-05 05:44:54,1683279895,7.15,52.1,99800,1e-7,1.00,3.00,4.00,0.0117,0
2023-05-05 05:49:21,1683280161,7.19,52.6,99800,1e-7,2.00,3.00,4.00,0.00995,0
2023-05-05 10:29:48,1683296988,28.4,17.3,99815,1e-7,2.00,3.00,4.00,,
2023-05-05 10:33:45,1683297225,27.8,17.4,99800,1e-7,1e-7,1e-7,1e-7,,
2023-05-05 10:44:52,1683297892,26.5,18.5,99800,1e-7,1.00,1.00,1.00,,
2023-05-05 10:48:49,1683298129,26.8,18.9,99800,1e-7,4.00,7.00,9.00,,
2023-05-05 11:09:43,1683299384,29.9,16.0,99800,1e-7,1e-7,1e-7,1e-7,0.0112,0
2023-05-05 11:14:58,1683299699,30.0,16.1,99800,1e-7,1.00,3.00,3.00,0.0123,0
2023-05-05 11:19:34,1683299975,30.6,15.7,99800,1e-7,1e-7,1e-7,1e-7,0.0128,0
2023-05-05 11:29:47,1683300588,28.5,16.6,99800,1e-7,1e-7,1e-7,1e-7,0.0124,0
2023-05-05 11:34:43,1683300883,27.6,17.1,99800,1.00,2.00,3.00,3.00,0.0124,0
2023-05-05 11:36:01,1683300962,26.8,18.0,99800,1e-7,1e-7,1e-7,1e-7,0.00995,0
2023-05-05 11:44:55,1683301496,25.9,18.5,99800,1e-7,1e-7,1e-7,1e-7,0.00995,0
2023-05-05 11:49:52,1683301793,26.1,18.9,99800,1e-7,1e-7,1e-7,1e-7,0.00995,0
2023-05-05 11:50:51,1683301852,27.1,18.5,99800,1e-7,1e-7,1e-7,1e-7,0.00995,0
2023-05-05 11:59:43,1683302384,28.4,16.5,99800,1e-7,1e-7,1e-7,1e-7,0.00995,0
2023-05-05 12:04:44,1683302685,27.5,16.6,99800,1e-7,1e-7,1e-7,1e-7,0.00995,0
2023-05-05 12:06:42,1683302803,26.8,17.5,99800,1e-7,1e-7,1e-7,1e-7,0.00995,0
2023-05-05 12:14:56,1683303296,25.2,18.7,99700,1e-7,1e-7,1e-7,1e-7,0.00995,0
2023-05-05 12:19:53,1683303593,24.6,19.2,99700,1e-7,1.00,3.00,4.00,0.00995,0
2023-05-05 12:22:11,1683303731,24.6,19.5,99700,1e-7,1.00,1.00,1.00,0.00995,0
2023-05-05 12:29:45,1683304185,25.2,19.0,99700,1.00,2.00,3.00,3.00,0.00995,0
2023-05-05 12:34:42,1683304482,25.4,19.1,99700,1e-7,3.00,5.00,6.00,0.0108,0
2023-05-05 12:37:39,1683304660,25.8,18.7,99700,1e-7,2.00,3.00,4.00,0.0112,0
2023-05-05 12:44:50,1683305091,27.8,16.7,99700,1.00,2.00,3.00,3.00,0.0108,0
2023-05-05 12:49:46,1683305387,28.4,16.3,99700,1e-7,1.00,2.00,3.00,0.0103,0
2023-05-05 12:52:43,1683305564,28.8,16.1,99700,1e-7,1e-7,1e-7,1e-7,0.0100,0
2023-05-05 12:59:56,1683305997,27.5,15.7,99700,1.00,1.00,1.00,1.00,0.00995,0
2023-05-05 13:04:53,1683306293,27.1,16.2,99700,1e-7,1.00,3.00,4.00,0.00995,0
2023-05-05 13:07:11,1683306432,26.9,16.2,99700,1e-7,1.00,2.00,3.00,0.00995,0
2023-05-05 13:14:46,1683306886,26.4,16.0,99700,1e-7,1e-7,1e-7,1e-7,0.00995,0
2023-05-05 13:19:43,1683307183,26.1,16.6,99700,1e-7,3.00,5.00,6.00,0.0109,0
2023-05-05 13:23:40,1683307420,25.9,16.9,99700,1e-7,2.00,3.00,4.00,0.0107,0
2023-05-05 13:29:54,1683307794,25.5,17.1,99700,1.00,1.00,2.00,2.00,0.0107,0
2023-05-05 13:34:51,1683308091,25.8,17.0,99700,1.00,2.00,3.00,4.00,0.00995,0
2023-05-05 13:37:29,1683308250,26.3,16.6,99700,1e-7,2.00,4.00,5.00,0.0102,0
2023-05-05 13:44:57,1683308697,26.7,16.1,99700,1e-7,1e-7,1e-7,1e-7,0.0101,0
2023-05-05 13:49:53,1683308994,26.6,16.4,99700,1e-7,2.00,3.00,4.00,0.0103,0
2023-05-05 13:54:10,1683309250,26.3,16.1,99700,1.00,2.00,3.00,4.00,0.0102,0
2023-05-05 13:59:45,1683309585,25.6,16.5,99700,1e-7,1e-7,1e-7,1e-7,0.00989,0
2023-05-05 14:04:42,1683309882,25.5,16.6,99687,1.00,4.00,7.00,8.00,0.00995,0
2023-05-05 14:08:40,1683310120,25.2,16.6,99650,1.00,3.00,5.00,6.00,0.0135,0
2023-05-05 14:14:55,1683310495,25.1,17.0,99600,1e-7,2.00,3.00,4.00,0.0135,0
2023-05-05 14:19:51,1683310791,25.5,16.8,99600,1.00,4.00,6.00,8.00,0.0232,0
2023-05-05 14:24:47,1683311088,26.3,16.3,99600,1.00,2.00,3.00,4.00,0.0147,0
2023-05-05 14:34:41,1683311681,28.1,15.3,99600,1e-7,4.00,7.00,8.00,0.0168,0
2023-05-05 14:39:56,1683311997,28.4,14.5,99600,1e-7,2.00,3.00,4.00,0.0161,0
2023-05-05 14:49:47,1683312588,28.0,14.6,99600,1e-7,3.00,6.00,8.00,0.0161,0
2023-05-05 14:54:44,1683312884,27.5,14.3,99600,1e-7,2.00,3.00,4.00,0.0134,0
2023-05-05 14:55:42,1683312943,27.1,14.2,99600,1e-7,1.00,2.00,3.00,0.00674,0
2023-05-05 15:04:49,1683313489,26.6,15.1,99600,1.00,2.00,3.00,4.00,0.00995,0
2023-05-05 15:09:45,1683313786,27.1,14.9,99600,1e-7,2.00,3.00,4.00,0.00995,0
2023-05-05 15:11:04,1683313864,27.4,15.0,99600,1e-7,3.00,5.00,6.00,0.00995,0
2023-05-05 15:19:53,1683314394,27.8,13.7,99600,1e-7,1.00,3.00,4.00,0.00995,0
2023-05-05 15:24:50,1683314690,27.6,14.0,99600,1.00,2.00,3.00,4.00,0.0109,0
2023-05-05 15:26:08,1683314769,27.2,13.6,99600,1.00,3.00,5.00,6.00,0.00893,0
2023-05-05 15:34:43,1683315283,25.9,14.3,99570,1e-7,1.00,3.00,4.00,0.0107,0
2023-05-05 15:39:59,1683315600,25.9,14.7,99500,1e-7,2.00,3.00,4.00,0.0114,0
2023-05-05 15:41:37,1683315698,26.1,14.4,99500,1e-7,2.00,3.00,4.00,0.0110,0
2023-05-05 15:49:50,1683316191,27.0,14.6,99500,1e-7,1.00,2.00,3.00,0.0107,0
2023-05-05 15:54:47,1683316487,27.5,14.0,99500,1.00,1.00,2.00,3.00,0.0107,0
2023-05-05 15:56:25,1683316586,27.5,13.7,99500,2.00,3.00,3.00,3.00,0.00995,0
2023-05-05 16:04:48,1683317089,26.7,14.0,99500,1.00,3.00,5.00,6.00,0.00995,0
2023-05-05 16:09:45,1683317386,26.3,14.5,99500,1.00,2.00,4.00,5.00,0.0118,0
2023-05-05 16:11:44,1683317504,26.3,14.3,99500,1e-7,1e-7,1e-7,1e-7,0.0104,0
2023-05-05 16:19:57,1683317997,26.6,14.7,99500,1e-7,2.00,3.00,4.00,0.0110,0
2023-05-05 16:24:54,1683318294,26.8,14.0,99500,10.0,73.0,125,151,0.0638,0
2023-05-05 16:26:13,1683318373,26.8,14.1,99500,1.00,2.00,2.00,2.00,0.0638,0
2023-05-05 16:39:42,1683319183,25.4,14.9,99500,2.00,2.00,2.00,3.00,0.0644,0
2023-05-05 16:41:41,1683319302,25.0,15.0,99500,1e-7,3.00,6.00,7.00,0.0632,0
2023-05-05 16:54:53,1683320094,25.0,15.4,99500,1e-7,1.00,3.00,4.00,0.0624,0
2023-05-05 16:57:12,1683320233,25.1,15.5,99500,1.00,2.00,3.00,3.00,0.0118,0
2023-05-05 17:09:55,1683320996,24.8,15.4,99500,2.00,2.00,3.00,4.00,0.0129,0
2023-05-05 17:14:53,1683321294,24.4,16.1,99500,1.00,1.00,1.00,1.00,0.0118,0
2023-05-05 17:19:52,1683321592,24.1,16.4,99500,2.00,3.00,5.00,6.00,0.0117,0
2023-05-05 17:24:50,1683321890,23.8,16.7,99500,1.00,1.00,3.00,4.00,0.0122,0
2023-05-05 17:29:48,1683322189,23.7,17.0,99500,2.00,3.00,6.00,7.00,0.0110,0
2023-05-05 17:34:47,1683322487,23.7,16.8,99500,2.00,2.00,3.00,4.00,0.0123,0
2023-05-05 17:39:45,1683322786,23.8,17.0,99500,1.00,2.00,3.00,4.00,0.0132,0
2023-05-05 17:44:44,1683323084,23.8,16.3,99500,1.00,2.00,4.00,4.00,0.0124,0
2023-05-05 17:49:42,1683323383,23.8,16.3,99500,1.00,2.00,3.00,4.00,0.00995,0
2023-05-05 17:54:41,1683323681,23.7,16.6,99500,1.00,5.00,8.00,10.0,0.0146,0
2023-05-05 17:59:59,1683324000,23.5,16.9,99500,1.00,3.00,5.00,6.00,0.0174,0
2023-05-05 18:04:58,1683324299,23.3,17.2,99500,1e-7,1.00,2.00,3.00,0.0174,0
2023-05-05 18:09:57,1683324597,23.0,17.2,99500,1.00,4.00,7.00,9.00,0.0174,0
2023-05-05 18:14:56,1683324896,22.9,17.4,99500,2.00,3.00,5.00,6.00,0.0178,0
2023-05-05 18:19:54,1683325195,22.8,17.5,99500,1.00,3.00,6.00,7.00,0.0178,0
2023-05-05 18:24:53,1683325494,22.6,17.7,99500,1e-7,1.00,3.00,4.00,0.0107,0
2023-05-05 18:29:52,1683325793,22.4,17.8,99500,1.00,2.00,3.00,4.00,0.0203,0
2023-05-05 18:34:51,1683326091,22.2,17.9,99500,1.00,3.00,5.00,6.00,0.0148,0
2023-05-05 18:39:50,1683326390,21.9,18.2,99500,1.00,5.00,8.00,10.0,0.0125,0
2023-05-05 18:44:49,1683326689,21.7,18.6,99500,1.00,1.00,2.00,3.00,0.0139,0
2023-05-05 18:49:48,1683326989,21.5,19.0,99500,2.00,4.00,6.00,6.00,0.0123,0
2023-05-05 18:54:48,1683327288,21.4,19.4,99500,1e-7,1.00,2.00,3.00,0.0122,0
2023-05-05 18:59:47,1683327588,21.2,19.5,99500,1.00,1.00,3.00,4.00,0.0133,0
2023-05-05 19:04:47,1683327887,21.0,19.6,99500,2.00,2.00,3.00,4.00,0.00995,0
2023-05-05 19:09:47,1683328187,20.8,19.9,99500,2.00,2.00,3.00,4.00,0.00995,0
2023-05-05 19:14:47,1683328487,20.6,20.1,99500,1e-7,2.00,4.00,5.00,0.0100,0
2023-05-05 19:19:46,1683328787,20.4,20.3,99500,1e-7,2.00,3.00,4.00,0.0101,0
2023-05-05 19:24:46,1683329086,20.2,20.5,99500,1.00,4.00,7.00,8.00,0.0115,0
2023-05-05 19:29:45,1683329386,20.1,20.7,99500,1e-7,1.00,2.00,3.00,0.0128,0
2023-05-05 19:34:45,1683329686,19.9,21.1,99500,1.00,2.00,3.00,4.00,0.0158,0
2023-05-05 19:39:45,1683329986,19.7,21.6,99500,1e-7,1e-7,1e-7,1e-7,0.00995,0
2023-05-05 19:44:45,1683330286,19.4,21.9,99500,1e-7,2.00,3.00,4.00,0.00995,0
2023-05-05 19:49:45,1683330586,19.2,22.2,99500,1e-7,1.00,3.00,4.00,0.00995,0
2023-05-05 19:54:45,1683330886,18.9,22.7,99500,1.00,2.00,3.00,4.00,0.00995,0
2023-05-05 19:59:45,1683331186,18.6,23.4,99500,1e-7,2.00,3.00,4.00,0.00995,0
2023-05-05 20:04:45,1683331486,18.3,24.2,99500,1.00,3.00,5.00,6.00,0.0107,0
2023-05-05 20:09:45,1683331786,18.0,24.6,99500,1.00,2.00,3.00,3.00,0.0115,0
2023-05-05 20:14:46,1683332086,17.6,25.2,99500,1e-7,1.00,2.00,3.00,0.0123,0
2023-05-05 20:19:46,1683332387,17.3,25.8,99500,1e-7,2.00,3.00,4.00,0.0116,0
2023-05-05 20:24:47,1683332688,16.9,26.5,99500,1e-7,1e-7,1.00,1.00,0.00995,0
2023-05-05 20:29:48,1683332988,16.5,27.1,99500,2.00,2.00,2.00,3.00,0.00995,0
2023-05-05 20:34:49,1683333289,16.2,28.0,99500,1e-7,3.00,6.00,8.00,0.0107,0
2023-05-05 20:39:50,1683333590,15.9,28.7,99500,1e-7,3.00,5.00,6.00,0.0111,0
2023-05-05 20:44:51,1683333892,15.5,29.3,99500,1e-7,1.00,1.00,1.00,0.0111,0
2023-05-05 20:49:52,1683334193,15.2,30.1,99500,1e-7,1.00,3.00,4.00,0.0131,0
2023-05-05 20:54:53,1683334494,14.9,31.4,99500,1e-7,2.00,3.00,4.00,0.0107,0
2023-05-05 20:59:55,1683334796,14.6,32.1,99500,1.00,4.00,7.00,8.00,0.00995,0
2023-05-05 21:04:56,1683335097,14.4,32.4,99500,1e-7,2.00,3.00,4.00,0.0150,0
2023-05-05 21:09:57,1683335398,14.1,32.6,99500,1e-7,1e-7,1e-7,1e-7,0.0155,0
2023-05-05 21:14:59,1683335699,13.9,33.0,99500,1e-7,3.00,5.00,7.00,0.0166,0
2023-05-05 21:19:41,1683335981,13.7,33.5,99500,1e-7,1.00,2.00,3.00,0.0116,0
2023-05-05 21:24:42,1683336283,13.5,33.7,99500,1e-7,2.00,3.00,4.00,0.0111,0
2023-05-05 21:29:44,1683336585,13.3,34.6,99500,1.00,1.00,3.00,4.00,0.0102,0
2023-05-05 21:34:46,1683336886,13.1,35.0,99500,1.00,2.00,3.00,4.00,0.00995,0
2023-05-05 21:39:48,1683337188,12.9,36.1,99500,1e-7,2.00,3.00,4.00,0.00995,0
2023-05-05 21:44:50,1683337490,12.8,36.7,99500,1.00,3.00,5.00,6.00,0.0102,0
2023-05-05 21:49:51,1683337792,12.6,36.9,99500,1e-7,2.00,3.00,4.00,0.0105,0
2023-05-05 21:54:53,1683338094,12.4,36.4,99500,1.00,2.00,3.00,3.00,0.0107,0
2023-05-05 21:59:55,1683338396,12.3,38.4,99500,1e-7,1.00,2.00,3.00,0.00995,0
2023-05-05 22:04:57,1683338698,12.1,37.4,99500,1.00,2.00,3.00,4.00,0.00995,0
2023-05-05 22:09:59,1683339000,12.0,37.6,99500,1.00,3.00,5.00,6.00,0.0110,0
2023-05-05 22:14:41,1683339282,11.8,39.3,99500,1e-7,1.00,2.00,3.00,0.0112,0
2023-05-05 22:19:43,1683339584,11.7,39.8,99500,1e-7,2.00,3.00,4.00,0.0112,0
2023-05-05 22:24:45,1683339886,11.5,39.9,99500,1e-7,1.00,3.00,4.00,0.0112,0
2023-05-05 22:29:48,1683340188,11.4,40.6,99500,1e-7,2.00,3.00,4.00,0.00995,0
2023-05-05 22:34:09,1683340450,11.2,39.9,99500,1.00,1.00,2.00,3.00,0.00995,0
2023-05-05 22:39:58,1683340798,11.1,40.4,99500,1e-7,1e-7,1.00,1.00,0.00995,0
2023-05-05 22:44:40,1683341080,11.0,41.2,99500,1e-7,2.00,3.00,4.00,0.00995,0
2023-05-05 22:49:42,1683341383,10.9,41.0,99500,1.00,3.00,4.00,4.00,0.00995,0
2023-05-05 22:54:45,1683341685,10.8,41.9,99500,1.00,1.00,2.00,3.00,0.0101,0
2023-05-05 22:59:47,1683341988,10.7,41.5,99500,1e-7,5.00,10.0,12.0,0.0189,0
2023-05-05 23:04:50,1683342290,10.6,41.7,99500,1e-7,1.00,2.00,3.00,0.0205,0
2023-05-05 23:09:53,1683342593,10.5,42.8,99500,1.00,3.00,5.00,6.00,0.0200,0
2023-05-05 23:14:55,1683342896,10.4,41.8,99500,1e-7,2.00,3.00,4.00,0.0111,0
2023-05-05 23:19:58,1683343199,10.3,41.9,99500,1.00,3.00,5.00,7.00,0.0111,0
2023-05-05 23:24:40,1683343481,10.2,42.1,99500,1e-7,2.00,3.00,4.00,0.0128,0
2023-05-05 23:29:43,1683343784,10.1,43.6,99500,1.00,2.00,3.00,4.00,0.0128,0
2023-05-05 23:34:46,1683344087,10.0,43.7,99500,1e-7,1e-7,1e-7,1e-7,0.0121,0
2023-05-05 23:39:49,1683344390,9.91,43.9,99500,1.00,2.00,3.00,4.00,0.00995,0
2023-05-05 23:44:52,1683344693,9.84,43.9,99500,1.00,2.00,3.00,4.00,0.00995,0
2023-05-05 23:49:55,1683344996,9.76,44.7,99500,1.00,2.00,3.00,3.00,0.00995,0
2023-05-05 23:54:58,1683345298,9.69,44.4,99500,1e-7,1e-7,1e-7,1e-7,0.00995,0
2023-05-05 23:59:40,1683345581,9.63,44.6,99500,1.00,1.00,2.00,3.00,0.00995,0
2023-05-06 00:04:43,1683345884,9.56,45.0,99500,1e-7,3.00,5.00,6.00,0.0123,0
2023-05-06 00:09:46,1683346186,9.49,45.3,99500,1.00,1.00,2.00,3.00,0.0115,0
2023-05-06 00:14:49,1683346489,9.42,45.5,99500,1e-7,1e-7,1e-7,1e-7,0.0112,0
2023-05-06 00:19:52,1683346792,9.34,45.5,99500,1e-7,2.00,4.00,5.00,0.0108,0
2023-05-06 00:24:54,1683347095,9.27,45.8,99500,1e-7,3.00,6.00,7.00,0.0122,0
2023-05-06 00:29:57,1683347398,9.19,46.7,99500,1.00,1.00,3.00,4.00,0.0122,0
2023-05-06 00:34:40,1683347681,9.10,46.5,99500,1e-7,2.00,3.00,4.00,0.0118,0
2023-05-06 00:39:44,1683347984,9.03,46.7,99500,1.00,2.00,3.00,4.00,0.00995,0
2023-05-06 00:44:47,1683348287,8.95,46.9,99500,1.00,2.00,3.00,4.00,0.00995,0
2023-05-06 00:49:49,1683348590,8.87,47.2,99500,1e-7,2.00,4.00,5.00,0.00995,0
2023-05-06 00:54:52,1683348893,8.79,47.2,99500,1e-7,2.00,3.00,4.00,0.0101,0
2023-05-06 00:59:55,1683349196,8.71,47.2,99500,1e-7,2.00,3.00,4.00,0.00995,0
2023-05-06 01:04:58,1683349499,8.63,48.4,99500,1e-7,3.00,5.00,6.00,0.00995,0
2023-05-06 01:09:41,1683349781,8.56,48.1,99500,1e-7,2.00,3.00,4.00,0.0103,0
2023-05-06 01:14:44,1683350084,8.49,47.7,99500,1e-7,2.00,3.00,4.00,0.0123,0
2023-05-06 01:19:47,1683350387,8.44,47.2,99500,1e-7,1.00,3.00,4.00,0.0119,0
2023-05-06 01:24:50,1683350690,8.36,48.0,99500,1e-7,2.00,3.00,4.00,0.00995,0
2023-05-06 01:29:53,1683350994,8.27,48.5,99500,1.00,2.00,3.00,4.00,0.00995,0
2023-05-06 01:34:56,1683351297,8.17,48.3,99500,1e-7,1.00,2.00,3.00,0.00995,0
2023-05-06 01:39:59,1683351600,8.10,48.6,99500,1e-7,3.00,5.00,6.00,0.00995,0
2023-05-06 01:44:42,1683351883,8.03,48.9,99500,1e-7,2.00,3.00,4.00,0.0111,0
2023-05-06 01:49:46,1683352186,7.98,48.9,99500,1.00,2.00,3.00,4.00,0.0103,0
2023-05-06 01:54:49,1683352489,7.93,48.9,99500,1.00,2.00,3.00,3.00,0.00995,0
2023-05-06 01:59:52,1683352793,7.89,49.3,99500,1e-7,2.00,3.00,4.00,0.00995,0
2023-05-06 02:04:56,1683353096,7.84,49.2,99500,1e-7,2.00,3.00,4.00,0.00995,0
2023-05-06 02:09:59,1683353399,7.80,49.4,99500,1e-7,2.00,3.00,4.00,0.00995,0
2023-05-06 02:14:42,1683353683,7.77,49.0,99500,1.00,3.00,5.00,6.00,0.0123,0
2023-05-06 02:19:45,1683353986,7.74,48.9,99500,1e-7,2.00,3.00,4.00,0.0120,0
2023-05-06 02:24:49,1683354289,7.70,49.0,99500,1e-7,2.00,3.00,4.00,0.0116,0
2023-05-06 02:29:52,1683354593,7.65,49.1,99407,1e-7,1.00,2.00,3.00,0.0102,0
2023-05-06 02:34:56,1683354896,7.62,49.5,99473,2.00,2.00,3.00,3.00,0.00995,0
2023-05-06 02:39:59,1683355200,7.60,49.5,99493,1.00,1.00,2.00,3.00,0.00995,0
2023-05-06 02:44:42,1683355483,7.59,49.5,99500,1.00,4.00,7.00,8.00,0.0137,0
2023-05-06 02:49:46,1683355786,7.59,49.6,99493,1e-7,2.00,3.00,4.00,0.0127,0
2023-05-06 02:54:49,1683356089,7.61,49.9,99487,1.00,2.00,3.00,4.00,0.0127,0
2023-05-06 02:59:52,1683356393,7.62,49.6,99500,2.00,2.00,3.00,4.00,0.00995,0
2023-05-06 03:04:56,1683356696,7.63,49.3,99493,1e-7,3.00,6.00,7.00,0.0117,0
2023-05-06 03:09:59,1683357000,7.63,48.8,99500,1.00,2.00,3.00,4.00,0.0113,0
2023-05-06 03:14:42,1683357283,7.63,49.0,99471,1.00,2.00,3.00,3.00,0.0114,0
2023-05-06 03:19:46,1683357586,7.61,49.6,99500,1e-7,2.00,3.00,4.00,0.00995,0
2023-05-06 03:24:49,1683357890,7.57,49.7,99500,1e-7,1.00,1.00,2.00,0.00995,0
2023-05-06 03:29:53,1683358193,7.52,49.9,99420,1e-7,1.00,3.00,4.00,0.00995,0
2023-05-06 03:34:56,1683358497,7.47,49.4,99400,1.00,2.00,3.00,3.00,0.00995,0
2023-05-06 03:39:40,1683358780,7.42,49.7,99400,1e-7,1.00,2.00,3.00,0.00995,0
2023-05-06 03:44:43,1683359084,7.35,49.8,99400,1e-7,2.00,3.00,4.00,0.00995,0
2023-05-06 03:49:47,1683359387,7.30,50.1,99400,1e-7,2.00,3.00,4.00,0.00995,0
2023-05-06 03:54:50,1683359691,7.27,49.7,99480,1.00,3.00,6.00,8.00,0.0114,0
2023-05-06 03:59:53,1683359994,7.23,49.9,99500,1e-7,2.00,3.00,4.00,0.0138,0
2023-05-06 04:04:57,1683360297,7.21,49.9,99500,1e-7,3.00,5.00,6.00,0.0122,0
2023-05-06 04:09:40,1683360581,7.19,50.1,99500,1e-7,2.00,3.00,4.00,0.0115,0
2023-05-06 04:14:44,1683360885,7.19,50.2,99500,1e-7,2.00,3.00,4.00,0.0119,0
2023-05-06 04:19:47,1683361188,7.19,50.9,99500,1e-7,2.00,3.00,4.00,0.0111,0
2023-05-06 04:24:50,1683361491,7.19,50.9,99487,1.00,2.00,3.00,4.00,0.00995,0
2023-05-06 04:29:54,1683361794,7.21,50.9,99493,1.00,2.00,3.00,3.00,0.00995,0
2023-05-06 04:34:57,1683362098,7.22,51.4,99500,1e-7,2.00,3.00,4.00,0.00995,0
2023-05-06 04:39:40,1683362381,7.24,51.5,99500,1e-7,2.00,3.00,4.00,0.00995,0
2023-05-06 04:44:43,1683362684,7.28,50.8,99480,1e-7,3.00,6.00,8.00,0.0127,0
2023-05-06 04:49:47,1683362987,7.33,51.2,99440,1.00,2.00,3.00,4.00,0.0127,0
2023-05-06 04:54:50,1683363290,7.42,51.2,99493,1.00,2.00,3.00,4.00,0.0119,0
2023-05-06 04:59:53,1683363594,7.53,51.1,99500,1.00,2.00,3.00,4.00,0.00995,0
2023-05-06 05:04:57,1683363897,7.69,50.3,99500,1.00,1.00,2.00,2.00,0.00995,0
2023-05-06 05:09:40,1683364181,7.78,49.9,99500,1e-7,3.00,6.00,7.00,0.00995,0
2023-05-06 05:14:43,1683364484,7.84,49.3,99500,1.00,1.00,2.00,3.00,0.0123,0
2023-05-06 05:19:46,1683364787,7.89,49.4,99500,1e-7,1.00,3.00,4.00,0.0124,0
2023-05-06 05:24:50,1683365090,7.94,49.2,99500,2.00,2.00,3.00,4.00,0.0110,0
2023-05-06 05:29:53,1683365393,7.95,49.0,99500,1.00,1.00,2.00,3.00,0.00995,0
2023-05-06 05:34:56,1683365696,7.96,49.3,99500,2.00,2.00,3.00,4.00,0.00995,0
2023-05-06 05:39:59,1683366000,8.01,48.8,99500,1.00,2.00,3.00,4.00,0.00995,0
2023-05-06 05:44:42,1683366283,8.01,48.5,99500,1.00,2.00,3.00,3.00,0.00995,0
2023-05-06 05:49:45,1683366586,7.99,48.3,99500,1e-7,2.00,3.00,4.00,0.00995,0
2023-05-06 05:53:48,1683366828,8.01,48.6,99500,1.00,2.00,3.00,3.00,0.00995,0
2023-05-06 10:49:52,1683384592,34.6,9.03,99300,1e-7,1e-7,1e-7,1e-7,,
2023-05-06 10:54:45,1683384886,34.3,8.89,99300,1e-7,1.00,2.00,3.00,,
2023-05-06 10:59:59,1683385200,33.9,9.28,99300,1e-7,1.00,2.00,3.00,,
2023-05-06 11:00:38,1683385239,33.7,9.30,99300,1e-7,1e-7,1e-7,1e-7,,
2023-05-06 11:14:47,1683386088,35.2,8.75,99300,2.00,3.00,5.00,6.00,0.0110,0
2023-05-06 11:15:46,1683386147,35.2,8.46,99300,1e-7,3.00,6.00,8.00,0.0110,0
2023-05-06 11:29:58,1683386999,35.9,8.48,99256,1.00,2.00,3.00,3.00,0.0118,0
2023-05-06 11:31:16,1683387077,36.1,8.51,99200,1e-7,1.00,3.00,4.00,0.0103,0
2023-05-06 11:44:58,1683387898,36.7,7.69,99200,1.00,2.00,3.00,3.00,0.0103,0
2023-05-06 11:46:16,1683387977,36.7,7.97,99200,1e-7,1e-7,1e-7,1e-7,0.00940,0
2023-05-06 11:59:55,1683388795,36.5,7.18,99200,1.00,2.00,3.00,4.00,0.00995,0
2023-05-06 12:01:32,1683388893,36.2,7.43,99200,1.00,1.00,2.00,2.00,0.00995,0
2023-05-06 12:14:53,1683389693,35.9,7.89,99200,1e-7,2.00,3.00,4.00,0.00995,0
2023-05-06 12:17:29,1683389849,36.3,7.83,99200,1e-7,3.00,6.00,8.00,0.00995,0
2023-05-06 12:24:41,1683390281,35.8,7.20,99200,1.00,5.00,9.00,11.0,0.00995,0
2023-05-06 12:29:54,1683390595,35.4,7.33,99200,1.00,2.00,3.00,4.00,0.0251,0
2023-05-06 12:33:29,1683390809,34.8,7.42,99200,1.00,2.00,3.00,4.00,0.0251,0
2023-05-06 12:39:59,1683391200,34.8,7.93,99200,3.00,3.00,3.00,3.00,0.0126,0
2023-05-06 12:44:53,1683391494,34.9,7.99,99200,2.00,5.00,7.00,8.00,0.0157,0
2023-05-06 12:48:28,1683391708,34.9,7.77,99200,2.00,3.00,4.00,5.00,0.0135,0
2023-05-06 12:54:59,1683392099,34.4,7.55,99200,1e-7,2.00,3.00,4.00,0.0140,0
2023-05-06 12:59:53,1683392393,33.9,7.77,99200,2.00,2.00,2.00,2.00,0.0186,0
2023-05-06 13:02:30,1683392550,33.4,7.71,99200,2.00,3.00,5.00,6.00,0.0186,0
2023-05-06 13:14:52,1683393292,33.5,8.30,99200,1e-7,1e-7,1e-7,1e-7,0.0179,0
2023-05-06 13:17:49,1683393469,33.7,8.23,99200,1.00,1.00,2.00,3.00,0.0101,0
2023-05-06 13:29:54,1683394194,33.6,8.19,99200,1.00,2.00,3.00,3.00,0.0101,0
2023-05-06 13:33:10,1683394391,33.3,8.51,99100,1.00,2.00,3.00,4.00,0.0118,0
2023-05-06 13:44:52,1683395093,33.6,9.13,99100,1e-7,3.00,5.00,6.00,0.00906,0
2023-05-06 13:48:29,1683395309,33.8,8.78,99100,3.00,3.00,5.00,6.00,0.0121,0
2023-05-06 13:59:55,1683395996,33.8,8.40,99100,1e-7,1.00,2.00,3.00,0.00891,0
2023-05-06 14:03:31,1683396212,33.5,8.73,99100,2.00,4.00,6.00,7.00,0.0107,0
2023-05-06 14:14:58,1683396899,33.4,8.58,99100,1.00,2.00,3.00,4.00,0.00984,0
2023-05-06 14:18:54,1683397135,33.2,8.53,99100,1.00,4.00,6.00,7.00,0.0127,0
2023-05-06 14:29:42,1683397782,31.6,9.67,99100,1.00,2.00,3.00,3.00,0.00984,0
2023-05-06 14:34:17,1683398058,31.8,9.90,99100,1.00,3.00,5.00,6.00,0.0124,0
2023-05-06 14:44:46,1683398687,32.8,8.65,99100,1e-7,1.00,1.00,1.00,0.0124,0
2023-05-06 14:49:22,1683398962,32.8,8.64,99100,1.00,3.00,5.00,6.00,0.0134,0
2023-05-06 14:59:49,1683399590,31.7,8.54,99000,1e-7,2.00,3.00,4.00,0.0130,0
2023-05-06 15:04:45,1683399885,31.4,8.96,99000,2.00,2.00,3.00,4.00,0.00995,0
2023-05-06 15:14:51,1683400492,31.8,8.82,99000,1.00,2.00,2.00,3.00,0.00938,0
2023-05-06 15:19:47,1683400787,31.7,8.86,99000,1.00,4.00,6.00,7.00,0.0111,0
2023-05-06 15:20:06,1683400807,31.6,8.96,99000,1e-7,1.00,3.00,4.00,0.0113,0
2023-05-06 15:34:51,1683401692,31.2,8.95,99000,2.00,2.00,3.00,4.00,0.0142,0
2023-05-06 15:35:31,1683401731,31.2,8.99,99000,1e-7,2.00,3.00,4.00,0.0121,0
2023-05-06 15:49:57,1683402598,31.5,9.05,99000,1e-7,2.00,3.00,4.00,0.0136,0
2023-05-06 15:50:37,1683402637,31.6,8.50,99000,1e-7,1.00,1.00,1.00,0.0136,0
2023-05-06 15:59:43,1683403184,31.0,8.87,99000,1e-7,1e-7,1e-7,1e-7,0.0129,0
2023-05-06 16:04:58,1683403499,30.9,9.33,99000,1.00,1.00,3.00,4.00,0.0117,0
2023-05-06 16:05:58,1683403558,30.9,9.37,99000,1e-7,1.00,1.00,1.00,0.00995,0
2023-05-06 16:19:40,1683404381,30.0,9.78,99000,1e-7,1.00,1.00,2.00,0.00995,0
2023-05-06 16:24:56,1683404697,29.8,10.2,99000,1.00,1.00,2.00,3.00,0.00995,0
2023-05-06 16:29:53,1683404993,29.6,10.5,99000,2.00,3.00,5.00,6.00,0.0110,0
2023-05-06 16:34:49,1683405290,29.3,10.5,98927,1.00,2.00,3.00,4.00,0.0117,0
2023-05-06 16:39:46,1683405586,29.0,10.6,98933,2.00,6.00,10.0,12.0,0.0104,0
2023-05-06 16:44:43,1683405883,28.7,10.9,98900,1.00,3.00,5.00,6.00,0.0138,0
2023-05-06 16:49:59,1683406200,28.4,10.8,98931,1.00,3.00,6.00,8.00,0.0140,0
2023-05-06 16:54:56,1683406497,28.2,11.1,98900,1.00,1.00,2.00,3.00,0.0151,0
2023-05-06 16:59:53,1683406794,28.2,11.3,98900,2.00,3.00,5.00,6.00,0.0163,0
2023-05-06 17:04:50,1683407091,28.2,11.2,98900,1.00,2.00,3.00,4.00,0.0130,0
2023-05-06 17:09:47,1683407388,28.0,11.3,98900,2.00,3.00,5.00,6.00,0.0102,0
2023-05-06 17:14:45,1683407685,27.8,11.6,98900,2.00,2.00,3.00,4.00,0.0114,0
2023-05-06 17:19:42,1683407982,27.6,11.8,98900,2.00,4.00,6.00,7.00,0.0125,0
2023-05-06 17:24:59,1683408299,27.4,12.0,98900,2.00,3.00,3.00,4.00,0.0132,0
2023-05-06 17:29:56,1683408597,27.2,12.2,98900,1.00,2.00,3.00,4.00,0.0132,0
2023-05-06 17:34:54,1683408894,27.0,12.3,98900,2.00,2.00,3.00,4.00,0.00995,0
2023-05-06 17:39:52,1683409192,26.9,12.3,98900,1.00,2.00,3.00,3.00,0.00995,0
2023-05-06 17:44:49,1683409489,26.7,12.3,98900,1.00,3.00,6.00,8.00,0.00995,0
2023-05-06 17:49:47,1683409787,26.5,12.4,98900,1e-7,1.00,3.00,4.00,0.0126,0
2023-05-06 17:54:44,1683410085,26.4,12.6,98900,1.00,2.00,3.00,4.00,0.0139,0
2023-05-06 17:59:43,1683410383,26.4,12.6,98900,1.00,2.00,3.00,4.00,0.0122,0
2023-05-06 18:04:40,1683410681,26.3,12.7,98900,1.00,3.00,4.00,5.00,0.00995,0
2023-05-06 18:09:58,1683410999,26.1,12.9,98900,2.00,4.00,7.00,9.00,0.0198,0
2023-05-06 18:14:56,1683411297,25.9,13.1,98900,1.00,3.00,6.00,7.00,0.0193,0
2023-05-06 18:19:55,1683411595,25.7,13.6,98900,2.00,7.00,11.0,13.0,0.0126,0
2023-05-06 18:24:53,1683411893,25.5,13.7,98900,1.00,1.00,3.00,3.00,0.0181,0
2023-05-06 18:29:51,1683412191,25.3,14.1,98900,1.00,4.00,6.00,8.00,0.0181,0
2023-05-06 18:34:49,1683412490,25.1,14.4,98900,1e-7,4.00,7.00,8.00,0.0148,0
2023-05-06 18:39:47,1683412788,25.0,14.0,98900,1.00,2.00,3.00,4.00,0.0112,0
2023-05-06 18:44:46,1683413086,24.9,14.1,98900,2.00,3.00,4.00,4.00,0.00889,0
2023-05-06 18:49:44,1683413384,24.8,14.3,98900,2.00,3.00,4.00,5.00,0.0101,0
2023-05-06 18:54:42,1683413683,24.8,14.4,98900,1.00,3.00,6.00,8.00,0.0104,0
2023-05-06 18:59:41,1683413981,24.7,14.5,98900,4.00,5.00,7.00,8.00,0.0109,0
2023-05-06 19:04:59,1683414300,24.6,14.3,98900,1e-7,3.00,5.00,6.00,0.0133,0
2023-05-06 19:09:57,1683414598,24.6,14.5,98900,1.00,1.00,3.00,4.00,0.0213,0
2023-05-06 19:14:56,1683414897,24.5,14.5,98900,1.00,3.00,5.00,6.00,0.0167,0
2023-05-06 19:19:55,1683415195,24.3,14.7,98900,1.00,4.00,6.00,7.00,0.0131,0
2023-05-06 19:24:53,1683415494,24.2,14.9,98900,1.00,2.00,4.00,4.00,0.0130,0
2023-05-06 19:29:52,1683415792,24.0,15.0,98900,1.00,2.00,3.00,4.00,0.0130,0
2023-05-06 19:34:50,1683416091,23.8,15.4,98900,2.00,3.00,6.00,7.00,0.0112,0
2023-05-06 19:39:49,1683416390,23.6,16.0,98900,1.00,2.00,4.00,5.00,0.0125,0
2023-05-06 19:44:48,1683416689,23.4,16.1,98900,1.00,2.00,3.00,4.00,0.0115,0
2023-05-06 19:49:47,1683416987,23.2,16.3,98900,1.00,3.00,4.00,5.00,0.0101,0
2023-05-06 19:54:45,1683417286,22.9,16.5,98900,2.00,3.00,5.00,6.00,0.0110,0
2023-05-06 19:59:44,1683417585,22.7,17.2,98900,1.00,2.00,4.00,5.00,0.0112,0
2023-05-06 20:04:44,1683417884,22.4,17.7,98900,1.00,1.00,3.00,4.00,0.0109,0
2023-05-06 20:09:43,1683418183,22.2,18.4,98900,2.00,5.00,10.0,12.0,0.0114,0
2023-05-06 20:14:42,1683418483,21.8,19.4,98900,1.00,5.00,7.00,9.00,0.0261,0
2023-05-06 20:19:41,1683418782,21.5,20.2,98900,1.00,2.00,3.00,4.00,0.0192,0
2023-05-06 20:24:41,1683419081,21.1,21.0,98900,1.00,2.00,4.00,4.00,0.0246,0
2023-05-06 20:29:41,1683419381,20.7,22.7,98900,1e-7,1.00,3.00,4.00,0.0112,0
2023-05-06 20:34:41,1683419681,20.3,22.0,98900,2.00,2.00,3.00,4.00,0.00995,0
2023-05-06 20:39:41,1683419982,19.9,22.5,98900,1.00,2.00,3.00,4.00,0.00995,0
2023-05-06 20:44:41,1683420282,19.6,22.9,98900,1e-7,1.00,3.00,4.00,0.00995,0
2023-05-06 20:49:41,1683420582,19.3,23.4,98900,2.00,3.00,6.00,7.00,0.00995,0
2023-05-06 20:54:41,1683420882,18.9,25.3,98900,1e-7,1.00,2.00,3.00,0.0101,0
2023-05-06 20:59:41,1683421182,18.5,24.6,98900,1.00,3.00,4.00,4.00,0.0126,0
2023-05-06 21:04:41,1683421482,18.2,25.2,98900,1.00,3.00,6.00,8.00,0.0145,0
2023-05-06 21:09:42,1683421782,17.9,26.0,98900,1.00,2.00,3.00,4.00,0.0145,0
2023-05-06 21:14:42,1683422083,17.6,26.5,98900,1e-7,1.00,3.00,4.00,0.0131,0
2023-05-06 21:19:43,1683422383,17.3,27.1,98940,1.00,2.00,3.00,4.00,0.0132,0
2023-05-06 21:24:43,1683422684,17.1,28.0,98900,1.00,4.00,7.00,8.00,0.0128,0
2023-05-06 21:29:44,1683422985,16.8,28.6,98900,1e-7,2.00,3.00,4.00,0.0146,0
2023-05-06 21:34:45,1683423285,16.6,27.8,98900,1.00,2.00,3.00,4.00,0.0136,0
2023-05-06 21:39:46,1683423586,16.5,28.4,98900,1e-7,3.00,5.00,6.00,0.00995,0
2023-05-06 21:44:47,1683423888,16.3,28.6,98960,1e-7,2.00,3.00,4.00,0.0111,0
2023-05-06 21:49:48,1683424189,16.1,28.7,99000,1.00,2.00,3.00,4.00,0.0119,0
2023-05-06 21:54:49,1683424490,15.9,30.4,98947,1.00,3.00,5.00,6.00,0.0117,0
2023-05-06 21:59:50,1683424791,15.6,30.5,98900,1.00,1.00,2.00,3.00,0.0109,0
2023-05-06 22:04:51,1683425092,15.4,30.6,98900,1.00,2.00,3.00,4.00,0.0104,0
2023-05-06 22:09:52,1683425393,15.2,31.2,98900,2.00,4.00,6.00,7.00,0.0121,0
2023-05-06 22:14:54,1683425695,15.0,31.9,98900,2.00,2.00,3.00,4.00,0.0123,0
2023-05-06 22:19:55,1683425996,14.8,33.4,98900,1.00,1.00,2.00,2.00,0.0141,0
2023-05-06 22:24:57,1683426297,14.6,33.9,98900,2.00,3.00,4.00,4.00,0.0153,0
2023-05-06 22:29:58,1683426599,14.4,33.8,98900,1.00,3.00,5.00,6.00,0.0131,0
2023-05-06 22:34:40,1683426880,14.3,33.8,98900,1e-7,2.00,3.00,4.00,0.0120,0
2023-05-06 22:39:41,1683427182,14.1,34.4,98900,1e-7,2.00,3.00,4.00,0.0112,0
2023-05-06 22:44:42,1683427483,14.0,35.6,98900,1e-7,3.00,5.00,6.00,0.0106,0
2023-05-06 22:49:44,1683427784,13.9,36.3,98900,1.00,2.00,3.00,4.00,0.0115,0
2023-05-06 22:54:46,1683428086,13.7,36.3,98900,2.00,3.00,6.00,8.00,0.0119,0
2023-05-06 22:59:47,1683428388,13.6,37.1,98900,1.00,2.00,3.00,4.00,0.0113,0
2023-05-06 23:04:49,1683428689,13.4,36.5,98900,1e-7,3.00,5.00,6.00,0.0130,0
2023-05-06 23:09:49,1683428989,13.3,36.4,98900,1e-7,3.00,5.00,6.00,0.0130,0
2023-05-06 23:14:50,1683429291,13.2,36.2,98900,1.00,3.00,5.00,6.00,0.0114,0
2023-05-06 23:19:52,1683429593,13.1,36.5,98900,2.00,5.00,8.00,9.00,0.0124,0
2023-05-06 23:24:54,1683429895,13.0,37.2,98900,1.00,4.00,7.00,8.00,0.0152,0
2023-05-06 23:29:56,1683430197,12.9,37.1,98900,1e-7,3.00,6.00,8.00,0.0124,0
2023-05-06 23:34:58,1683430499,12.7,37.8,98900,2.00,3.00,4.00,5.00,0.0119,0
2023-05-06 23:39:40,1683430780,12.6,38.7,98900,2.00,3.00,6.00,7.00,0.0116,0
2023-05-06 23:44:42,1683431082,12.5,38.3,98900,1.00,2.00,3.00,4.00,0.0116,0
2023-05-06 23:49:44,1683431385,12.4,38.5,98900,1.00,2.00,3.00,4.00,0.0105,0
2023-05-06 23:54:46,1683431686,12.3,39.4,98900,1e-7,3.00,5.00,6.00,0.00995,0
2023-05-06 23:59:48,1683431989,12.2,39.4,98900,2.00,2.00,4.00,4.00,0.0115,0
2023-05-07 00:04:50,1683432291,12.1,39.5,98900,1e-7,2.00,3.00,4.00,0.0115,0
2023-05-07 00:09:53,1683432593,12.0,39.6,98900,1.00,3.00,6.00,7.00,0.0112,0
2023-05-07 00:14:55,1683432895,11.9,39.6,98900,2.00,2.00,3.00,4.00,0.0148,0
2023-05-07 00:19:57,1683433198,11.8,39.4,98900,1.00,3.00,6.00,8.00,0.0148,0
2023-05-07 00:24:59,1683433500,11.8,39.6,98900,1.00,3.00,5.00,6.00,0.0123,0
2023-05-07 00:29:41,1683433782,11.6,39.7,98900,1.00,2.00,3.00,4.00,0.0123,0
2023-05-07 00:34:43,1683434084,11.5,39.7,98900,1.00,5.00,9.00,12.0,0.0113,0
2023-05-07 00:39:46,1683434386,11.4,40.1,98900,2.00,3.00,5.00,6.00,0.0158,0
2023-05-07 00:44:48,1683434689,11.3,39.9,98900,2.00,2.00,3.00,4.00,0.0192,0
2023-05-07 00:49:51,1683434991,11.2,40.6,98900,1.00,2.00,3.00,4.00,0.0199,0
2023-05-07 00:54:53,1683435293,11.1,40.9,98900,1.00,2.00,3.00,4.00,0.0106,0
2023-05-07 00:59:56,1683435596,11.0,41.9,98900,1.00,2.00,3.00,4.00,0.00995,0
2023-05-07 01:04:58,1683435899,10.9,42.3,98900,1e-7,1.00,2.00,3.00,0.00995,0
2023-05-07 01:09:41,1683436181,10.8,42.8,98900,1.00,2.00,3.00,3.00,0.00995,0
2023-05-07 01:14:44,1683436484,10.7,42.2,98900,1.00,2.00,3.00,4.00,0.00995,0
2023-05-07 01:19:46,1683436787,10.7,42.4,98900,1e-7,2.00,3.00,4.00,0.00995,0
2023-05-07 01:24:49,1683437090,10.6,41.6,98900,1.00,1.00,2.00,3.00,0.00995,0
2023-05-07 01:29:52,1683437392,10.5,41.7,98900,1e-7,2.00,3.00,4.00,0.00995,0
2023-05-07 01:34:54,1683437695,10.5,42.7,98900,1.00,2.00,3.00,4.00,0.00995,0
2023-05-07 01:39:57,1683437998,10.4,43.4,98900,1.00,3.00,6.00,8.00,0.0111,0
2023-05-07 01:44:40,1683438280,10.3,43.5,98900,1e-7,4.00,6.00,8.00,0.0103,0
2023-05-07 01:49:42,1683438583,10.2,43.3,98900,1.00,1.00,2.00,3.00,0.0117,0
2023-05-07 01:54:45,1683438885,10.1,43.2,98900,1.00,2.00,3.00,3.00,0.0171,0
2023-05-07 01:59:48,1683439188,10.1,43.2,98900,1.00,1.00,3.00,4.00,0.00995,0
2023-05-07 02:04:50,1683439491,9.97,43.4,98900,1e-7,2.00,3.00,4.00,0.00995,0
2023-05-07 02:09:53,1683439793,9.88,44.0,98900,1.00,5.00,8.00,10.0,0.0135,0
2023-05-07 02:14:56,1683440096,9.80,44.4,98900,1e-7,2.00,3.00,4.00,0.0165,0
2023-05-07 02:19:58,1683440399,9.71,44.5,98900,1e-7,2.00,3.00,4.00,0.0157,0
2023-05-07 02:24:41,1683440681,9.62,44.1,98900,1.00,1.00,2.00,3.00,0.0157,0
2023-05-07 02:29:43,1683440984,9.55,44.5,98900,1.00,4.00,7.00,9.00,0.0121,0
2023-05-07 02:34:46,1683441287,9.50,45.7,98900,1.00,1.00,2.00,3.00,0.0133,0
2023-05-07 02:39:49,1683441589,9.44,45.7,98900,1.00,2.00,3.00,4.00,0.0111,0
2023-05-07 02:44:52,1683441892,9.41,45.6,98900,1.00,3.00,4.00,4.00,0.0113,0
2023-05-07 02:49:55,1683442195,9.40,46.0,98900,1.00,3.00,4.00,4.00,0.0101,0
2023-05-07 02:54:58,1683442498,9.37,46.1,98900,1.00,3.00,6.00,8.00,0.0128,0
2023-05-07 02:59:41,1683442781,9.34,46.3,98900,1.00,6.00,9.00,11.0,0.0187,0
2023-05-07 03:04:44,1683443084,9.30,46.5,98900,1.00,2.00,3.00,4.00,0.0204,0
2023-05-07 03:09:47,1683443387,9.24,46.0,98900,1.00,2.00,3.00,4.00,0.0213,0
2023-05-07 03:14:49,1683443690,9.20,45.5,98900,1.00,2.00,3.00,4.00,0.0166,0
2023-05-07 03:19:52,1683443993,9.14,45.8,98900,1.00,4.00,6.00,7.00,0.00995,0
2023-05-07 03:24:55,1683444295,9.08,45.8,98900,1.00,2.00,3.00,4.00,0.0131,0
2023-05-07 03:29:58,1683444598,9.04,46.0,98900,1.00,3.00,5.00,6.00,0.0121,0
2023-05-07 03:34:40,1683444881,8.98,45.3,98900,1e-7,2.00,3.00,4.00,0.0112,0
2023-05-07 03:39:43,1683445184,8.91,45.3,98900,1.00,4.00,6.00,8.00,0.0135,0
2023-05-07 03:44:46,1683445487,8.87,45.4,98900,1.00,2.00,3.00,4.00,0.0152,0
2023-05-07 03:49:49,1683445790,8.82,45.7,98900,2.00,2.00,3.00,4.00,0.0127,0
2023-05-07 03:54:52,1683446093,8.75,46.4,98900,1e-7,4.00,7.00,8.00,0.0133,0
2023-05-07 03:59:55,1683446396,8.68,46.9,98900,1.00,2.00,3.00,4.00,0.0138,0
2023-05-07 04:04:58,1683446699,8.60,47.1,98900,1.00,3.00,4.00,4.00,0.0157,0
2023-05-07 04:09:41,1683446981,8.52,47.4,98900,1.00,2.00,3.00,4.00,0.0137,0
2023-05-07 04:14:44,1683447285,8.46,47.5,98900,1.00,2.00,3.00,4.00,0.0101,0
2023-05-07 04:19:47,1683447587,8.39,47.8,98900,3.00,4.00,5.00,6.00,0.0109,0
2023-05-07 04:24:50,1683447891,8.33,47.6,98900,2.00,4.00,6.00,7.00,0.0184,0
2023-05-07 04:29:53,1683448194,8.27,46.9,98900,1.00,2.00,3.00,3.00,0.0136,0
2023-05-07 04:34:56,1683448497,8.21,46.9,98840,1.00,4.00,6.00,8.00,0.0211,0
2023-05-07 04:39:40,1683448780,8.14,46.9,98800,1e-7,1.00,2.00,3.00,0.0128,0
2023-05-07 04:44:43,1683449083,8.06,47.3,98800,1.00,2.00,3.00,3.00,0.0139,0
2023-05-07 04:49:46,1683449387,7.96,47.4,98800,1e-7,3.00,5.00,6.00,0.0114,0
2023-05-07 04:54:50,1683449690,7.88,46.9,98800,1e-7,1.00,3.00,3.00,0.0114,0
2023-05-07 04:59:53,1683449993,7.80,46.7,98800,1e-7,1.00,2.00,3.00,0.0122,0
2023-05-07 05:04:56,1683450297,7.73,47.1,98800,1.00,2.00,3.00,4.00,0.0119,0
2023-05-07 05:09:40,1683450580,7.65,47.1,98800,1.00,4.00,7.00,8.00,0.0206,0
2023-05-07 05:14:43,1683450884,7.57,47.3,98800,1e-7,3.00,4.00,5.00,0.0211,0
2023-05-07 05:19:47,1683451187,7.49,47.9,98800,1.00,3.00,5.00,6.00,0.0173,0
2023-05-07 05:24:50,1683451490,7.41,47.8,98800,1e-7,2.00,3.00,4.00,0.0115,0
2023-05-07 05:29:53,1683451794,7.36,48.0,98800,1.00,1.00,2.00,3.00,0.0124,0
2023-05-07 05:34:56,1683452097,7.32,48.0,98800,1.00,3.00,5.00,6.00,0.0131,0
2023-05-07 05:39:40,1683452380,7.29,47.9,98800,1e-7,2.00,3.00,4.00,0.0127,0
2023-05-07 05:44:43,1683452683,7.26,48.3,98800,2.00,3.00,4.00,5.00,0.0125,0
2023-05-07 05:49:46,1683452987,7.23,49.5,98800,1.00,3.00,5.00,6.00,0.0127,0
2023-05-07 05:54:52,1683453292,7.25,49.3,98800,2.00,5.00,7.00,8.00,0.0109,0
2023-05-07 05:57:33,1683453454,7.30,49.7,98800,1.00,3.00,4.00,5.00,0.00917,0
2023-05-07 10:54:11,1683471251,34.3,8.58,98500,1.00,1.00,2.00,2.00,,
2023-05-07 11:04:48,1683471889,34.3,8.02,98500,1.00,1.00,3.00,4.00,,
2023-05-07 11:09:23,1683472164,34.2,8.34,98500,1e-7,2.00,3.00,4.00,,
2023-05-07 11:19:54,1683472795,34.0,8.28,98500,1e-7,1e-7,1e-7,1e-7,,
2023-05-07 11:24:48,1683473088,34.0,8.76,98500,1.00,1.00,2.00,3.00,,
2023-05-07 11:34:57,1683473698,33.7,8.41,98400,1e-7,1e-7,1e-7,1e-7,,
2023-05-07 11:39:51,1683473992,33.8,8.83,98400,1e-7,3.00,6.00,7.00,0.0103,0
2023-05-07 11:40:11,1683474012,33.8,8.67,98400,1e-7,1e-7,1e-7,1e-7,0.0103,0
2023-05-07 11:49:48,1683474588,34.2,8.30,98400,1e-7,1.00,2.00,3.00,0.0117,0
2023-05-07 11:54:42,1683474882,34.2,8.72,98400,1e-7,1e-7,1.00,1.00,0.0117,0
2023-05-07 11:56:00,1683474961,34.3,9.01,98400,2.00,3.00,4.00,5.00,0.0111,0
2023-05-07 12:04:43,1683475484,34.1,8.81,98400,1e-7,1.00,3.00,4.00,0.0111,0
2023-05-07 12:09:57,1683475797,34.0,8.74,98400,1e-7,2.00,3.00,4.00,0.0109,0
2023-05-07 12:10:36,1683475836,34.0,9.07,98400,1e-7,1.00,2.00,3.00,0.00995,0
2023-05-07 12:19:58,1683476398,34.1,8.83,98400,1e-7,1e-7,1e-7,1e-7,0.0105,0
2023-05-07 12:24:52,1683476692,34.1,8.61,98400,1e-7,2.00,3.00,4.00,0.0103,0
2023-05-07 12:27:08,1683476829,34.1,8.84,98400,1.00,2.00,3.00,4.00,0.00995,0
2023-05-07 12:34:58,1683477299,34.1,8.50,98400,1e-7,3.00,5.00,6.00,0.0114,0
2023-05-07 12:39:52,1683477593,34.0,8.46,98393,1.00,2.00,3.00,4.00,0.0114,0
2023-05-07 12:42:28,1683477749,33.9,8.34,98300,1e-7,3.00,5.00,6.00,0.0109,0
2023-05-07 12:49:59,1683478199,33.6,8.37,98300,1e-7,3.00,5.00,6.00,0.0103,0
2023-05-07 12:54:53,1683478494,33.2,8.23,98300,1.00,2.00,3.00,4.00,0.0125,0
2023-05-07 12:57:30,1683478651,32.8,8.45,98300,1.00,2.00,4.00,5.00,0.0117,0
2023-05-07 13:04:54,1683479095,32.1,9.04,98300,1.00,2.00,3.00,4.00,0.0124,0
2023-05-07 13:09:49,1683479390,31.9,9.46,98300,1.00,2.00,3.00,4.00,0.0103,0
2023-05-07 13:12:45,1683479566,31.9,9.91,98300,1e-7,2.00,3.00,4.00,0.0103,0
2023-05-07 13:19:58,1683479998,32.6,9.70,98300,1.00,3.00,6.00,8.00,0.0104,0
2023-05-07 13:24:52,1683480293,32.5,9.42,98300,1.00,4.00,6.00,8.00,0.0270,0
2023-05-07 13:28:08,1683480489,32.3,9.71,98300,1e-7,1e-7,1e-7,1e-7,0.0232,0
2023-05-07 13:34:44,1683480884,32.8,9.70,98300,1e-7,1e-7,1e-7,1e-7,0.0151,0
2023-05-07 13:39:58,1683481198,33.0,9.65,98300,1.00,2.00,3.00,4.00,0.0357,0
2023-05-07 13:43:34,1683481414,33.0,9.53,98300,1.00,2.00,3.00,4.00,0.0173,0
2023-05-07 13:49:47,1683481788,33.0,9.27,98300,1e-7,1e-7,1e-7,1e-7,0.00995,0
2023-05-07 13:54:42,1683482082,32.8,9.27,98267,1e-7,2.00,3.00,4.00,0.00995,0
2023-05-07 13:57:19,1683482240,32.5,9.55,98200,1e-7,2.00,4.00,4.00,0.00995,0
2023-05-07 14:04:44,1683482684,32.4,9.52,98200,1e-7,2.00,3.00,4.00,0.00995,0
2023-05-07 14:09:58,1683482999,32.3,9.43,98200,1.00,4.00,6.00,8.00,0.0113,0
2023-05-07 14:12:55,1683483176,32.3,9.53,98200,1.00,7.00,13.0,16.0,0.0200,0
2023-05-07 14:19:46,1683483587,32.1,9.12,98200,1e-7,1e-7,1e-7,1e-7,0.0269,0
2023-05-07 14:24:41,1683483882,31.8,9.08,98200,1.00,2.00,3.00,4.00,0.0285,0
2023-05-07 14:29:56,1683484196,31.3,9.27,98200,1e-7,1e-7,1e-7,1e-7,0.0336,0
2023-05-07 14:34:50,1683484491,31.2,9.41,98200,1e-7,1e-7,1e-7,1e-7,0.0202,0
2023-05-07 14:39:46,1683484786,31.1,9.37,98200,1.00,1.00,2.00,3.00,0.0226,0
2023-05-07 14:43:42,1683485022,31.0,9.50,98200,1e-7,1.00,2.00,3.00,0.00995,0
2023-05-07 14:54:51,1683485692,30.9,9.89,98200,2.00,2.00,2.00,2.00,0.00995,0
2023-05-07 14:59:27,1683485967,30.8,10.1,98186,1.00,3.00,5.00,6.00,0.0104,0
2023-05-07 15:09:59,1683486600,30.8,9.98,98100,1.00,4.00,7.00,9.00,0.0286,0
2023-05-07 15:14:54,1683486895,30.7,10.3,98100,1.00,3.00,5.00,6.00,0.0227,0
2023-05-07 15:15:14,1683486914,30.6,10.2,98100,1e-7,1e-7,1e-7,1e-7,0.0103,0
2023-05-07 15:24:44,1683487484,30.2,9.87,98100,1.00,2.00,3.00,4.00,0.0217,0
2023-05-07 15:29:40,1683487780,30.0,9.89,98100,1.00,3.00,5.00,6.00,0.0217,0
2023-05-07 15:34:45,1683488086,29.8,10.4,98100,1e-7,1e-7,1e-7,1e-7,0.00995,0
2023-05-07 15:39:41,1683488381,29.7,10.4,98100,1.00,2.00,3.00,4.00,0.0123,0
2023-05-07 15:44:56,1683488697,29.8,10.6,98100,1e-7,1.00,3.00,4.00,0.0108,0
2023-05-07 15:45:55,1683488756,29.8,10.4,98100,1e-7,1.00,1.00,1.00,0.00995,0
2023-05-07 15:54:49,1683489289,29.8,10.7,98100,1e-7,2.00,3.00,4.00,0.00995,0
2023-05-07 15:59:44,1683489585,29.9,10.6,98100,1e-7,2.00,3.00,4.00,0.00995,0
2023-05-07 16:01:22,1683489683,29.8,10.8,98100,1e-7,1e-7,1e-7,1e-7,0.00995,0
2023-05-07 16:09:53,1683490194,29.6,10.9,98000,1.00,1.00,2.00,3.00,0.00995,0
2023-05-07 16:14:49,1683490490,29.3,10.9,98080,2.00,2.00,3.00,4.00,0.00995,0
2023-05-07 16:19:51,1683490792,29.1,11.3,98100,1e-7,1.00,1.00,1.00,0.00995,0
2023-05-07 16:24:48,1683491088,28.8,11.4,98080,1.00,2.00,2.00,3.00,0.00995,0
2023-05-07 16:29:44,1683491384,28.4,11.6,98000,1.00,2.00,3.00,4.00,0.00995,0
2023-05-07 16:30:23,1683491424,28.2,11.9,98000,1e-7,1e-7,1e-7,1e-7,0.00995,0
2023-05-07 16:44:47,1683492287,27.5,12.1,98000,1.00,1.00,2.00,3.00,0.00995,0
2023-05-07 16:45:46,1683492347,27.5,12.2,98000,1e-7,1e-7,1e-7,1e-7,0.00995,0
2023-05-07 16:59:44,1683493185,27.0,12.6,98000,2.00,2.00,3.00,4.00,0.00995,0
2023-05-07 17:04:41,1683493481,26.6,12.6,98000,1.00,3.00,4.00,5.00,0.0105,0
2023-05-07 17:09:58,1683493798,26.0,12.9,98000,1e-7,2.00,3.00,4.00,0.0108,0
2023-05-07 17:14:55,1683494096,25.6,13.4,98000,1.00,3.00,3.00,4.00,0.0105,0
2023-05-07 17:16:54,1683494215,25.3,13.4,98000,1e-7,1e-7,1e-7,1e-7,0.0102,0
2023-05-07 17:24:50,1683494691,25.0,13.7,98000,1e-7,3.00,5.00,7.00,0.00995,0
2023-05-07 17:29:48,1683494988,24.9,13.7,98000,1.00,2.00,3.00,3.00,0.0131,0
2023-05-07 17:34:46,1683495286,24.8,13.9,98000,1.00,4.00,6.00,8.00,0.0120,0
2023-05-07 17:39:43,1683495584,24.6,13.8,98000,1.00,5.00,8.00,9.00,0.0128,0
2023-05-07 17:44:41,1683495882,24.4,13.8,98000,1.00,3.00,6.00,7.00,0.0174,0
2023-05-07 17:49:59,1683496199,24.4,13.8,98000,1.00,2.00,3.00,4.00,0.0135,0
2023-05-07 17:54:57,1683496497,24.4,14.0,98000,1.00,1.00,3.00,4.00,0.0124,0
2023-05-07 17:59:55,1683496795,24.2,14.0,98000,1.00,6.00,11.0,13.0,0.0130,0
2023-05-07 18:04:53,1683497093,24.1,14.3,98000,1.00,2.00,3.00,4.00,0.0140,0
2023-05-07 18:09:51,1683497392,24.0,14.4,98000,1.00,3.00,5.00,6.00,0.0132,0
2023-05-07 18:14:49,1683497690,23.9,14.6,98000,1.00,2.00,3.00,4.00,0.0132,0
2023-05-07 18:19:47,1683497988,23.7,14.8,98000,1.00,2.00,3.00,4.00,0.0112,0
2023-05-07 18:24:46,1683498286,23.4,15.0,98000,1.00,5.00,8.00,10.0,0.0152,0
2023-05-07 18:29:44,1683498585,23.2,15.4,98000,2.00,3.00,5.00,6.00,0.0157,0
2023-05-07 18:34:43,1683498883,23.0,15.7,98000,1.00,2.00,3.00,4.00,0.0163,0
2023-05-07 18:39:41,1683499182,22.8,15.9,97993,1e-7,3.00,5.00,6.00,0.0202,0
2023-05-07 18:44:40,1683499480,22.6,16.1,98000,3.00,4.00,7.00,8.00,0.0118,0
2023-05-07 18:49:59,1683499799,22.4,15.5,98000,1e-7,2.00,3.00,4.00,0.0203,0
2023-05-07 18:54:57,1683500098,22.2,15.6,98000,1.00,3.00,6.00,8.00,0.0151,0
2023-05-07 18:59:56,1683500396,22.0,15.6,98000,1.00,2.00,3.00,4.00,0.0126,0
2023-05-07 19:04:54,1683500695,21.8,15.6,98000,1.00,3.00,5.00,6.00,0.0124,0
2023-05-07 19:09:53,1683500994,21.6,15.8,98000,2.00,9.00,14.0,17.0,0.0349,0
2023-05-07 19:14:52,1683501293,21.4,15.9,98000,1.00,2.00,4.00,4.00,0.0387,0
2023-05-07 19:19:51,1683501592,21.3,16.2,98000,1.00,2.00,3.00,4.00,0.0427,0
2023-05-07 19:24:50,1683501891,21.1,16.4,98000,1.00,3.00,6.00,7.00,0.0207,0
2023-05-07 19:29:49,1683502190,21.0,16.7,98000,1e-7,4.00,7.00,8.00,0.0211,0
2023-05-07 19:34:49,1683502490,20.8,17.1,98000,2.00,3.00,5.00,5.00,0.0135,0
2023-05-07 19:39:49,1683502789,20.5,17.4,98000,2.00,2.00,3.00,4.00,0.0138,0
2023-05-07 19:44:48,1683503089,20.3,17.5,98000,1e-7,3.00,5.00,6.00,0.0112,0
2023-05-07 19:49:48,1683503388,20.1,17.6,98000,1e-7,2.00,4.00,4.00,0.0107,0
2023-05-07 19:54:47,1683503688,19.9,17.7,98000,1.00,3.00,6.00,7.00,0.0107,0
2023-05-07 19:59:47,1683503987,19.7,17.8,98000,1.00,4.00,6.00,8.00,0.0113,0
2023-05-07 20:04:46,1683504287,19.5,18.1,98000,1.00,2.00,2.00,2.00,0.0113,0
2023-05-07 20:09:46,1683504587,19.3,18.1,98000,1.00,3.00,6.00,8.00,0.0119,0
2023-05-07 20:14:46,1683504886,19.1,18.3,98000,1.00,5.00,9.00,11.0,0.0254,0
2023-05-07 20:19:45,1683505186,19.0,18.5,98000,1.00,2.00,3.00,4.00,0.0161,0
2023-05-07 20:24:45,1683505486,18.8,18.4,98000,1.00,1.00,2.00,3.00,0.0170,0
2023-05-07 20:29:45,1683505786,18.7,18.5,98000,1e-7,2.00,3.00,4.00,0.0159,0
2023-05-07 20:34:45,1683506086,18.5,18.9,98000,1.00,3.00,5.00,6.00,0.0110,0
2023-05-07 20:39:45,1683506386,18.3,19.1,98000,1.00,4.00,7.00,8.00,0.0119,0
2023-05-07 20:44:45,1683506686,18.1,19.2,98000,1e-7,1.00,2.00,3.00,0.0115,0
2023-05-07 20:49:45,1683506986,17.9,19.6,98000,1e-7,1.00,2.00,3.00,0.0125,0
2023-05-07 20:54:45,1683507286,17.7,19.9,98000,1e-7,1e-7,1e-7,1e-7,0.0129,0
2023-05-07 20:59:45,1683507585,17.5,20.9,98000,1.00,1.00,3.00,4.00,0.00995,0
2023-05-07 21:04:45,1683507885,17.3,21.2,98000,1.00,1.00,3.00,4.00,0.00995,0
2023-05-07 21:09:45,1683508185,17.1,21.1,98000,1e-7,2.00,3.00,4.00,0.00995,0
2023-05-07 21:14:45,1683508485,16.9,21.4,98000,1.00,2.00,3.00,4.00,0.00995,0
2023-05-07 21:19:45,1683508785,16.7,21.8,98000,2.00,2.00,2.00,2.00,0.00995,0
2023-05-07 21:24:45,1683509086,16.5,22.8,98000,1e-7,2.00,3.00,4.00,0.00995,0
2023-05-07 21:29:46,1683509386,16.3,22.8,98000,1e-7,2.00,3.00,4.00,0.00995,0
2023-05-07 21:34:46,1683509686,16.2,23.0,98000,1e-7,4.00,7.00,8.00,0.00995,0
2023-05-07 21:39:47,1683509987,16.1,23.0,98000,1.00,1.00,2.00,3.00,0.0133,0
2023-05-07 21:44:47,1683510288,16.0,23.1,98000,1.00,3.00,5.00,6.00,0.0129,0
2023-05-07 21:49:48,1683510588,15.9,22.9,98000,1e-7,1.00,3.00,4.00,0.0117,0
2023-05-07 21:54:48,1683510889,15.9,23.1,98000,1.00,3.00,5.00,6.00,0.0130,0
2023-05-07 21:59:49,1683511189,15.7,23.8,98000,1e-7,2.00,3.00,4.00,0.0104,0
2023-05-07 22:04:49,1683511490,15.6,24.9,98000,1e-7,4.00,7.00,8.00,0.0111,0
2023-05-07 22:09:50,1683511791,15.4,25.2,98000,1.00,2.00,3.00,4.00,0.0124,0
2023-05-07 22:14:51,1683512092,15.2,25.6,98000,1e-7,2.00,3.00,4.00,0.00995,0
2023-05-07 22:19:52,1683512393,15.0,25.9,98000,1e-7,2.00,3.00,4.00,0.00995,0
2023-05-07 22:24:53,1683512694,14.8,26.2,98000,1e-7,3.00,5.00,6.00,0.0124,0
2023-05-07 22:29:54,1683512995,14.7,27.3,98000,1.00,2.00,3.00,4.00,0.0128,0
2023-05-07 22:34:56,1683513296,14.5,28.4,98000,1e-7,2.00,3.00,4.00,0.0120,0
2023-05-07 22:39:57,1683513597,14.4,28.4,98000,1e-7,2.00,3.00,4.00,0.00996,0
2023-05-07 22:44:58,1683513898,14.2,29.0,98000,1e-7,2.00,3.00,4.00,0.00995,0
2023-05-07 22:49:59,1683514199,14.1,30.1,98000,1.00,2.00,3.00,4.00,0.00995,0
2023-05-07 22:54:40,1683514480,14.0,31.4,98000,1.00,1.00,1.00,1.00,0.00995,0
2023-05-07 22:59:42,1683514782,13.8,30.8,98000,1e-7,1.00,2.00,3.00,0.00995,0
2023-05-07 23:04:43,1683515083,13.7,31.4,98000,1e-7,2.00,3.00,4.00,0.00995,0
2023-05-07 23:09:44,1683515385,13.7,31.6,98000,1.00,2.00,3.00,4.00,0.00995,0
2023-05-07 23:14:45,1683515686,13.6,31.3,98000,1e-7,1.00,2.00,3.00,0.00995,0
2023-05-07 23:19:46,1683515987,13.5,32.4,98000,1e-7,3.00,6.00,7.00,0.00995,0
2023-05-07 23:24:48,1683516288,13.4,32.9,98000,1.00,2.00,3.00,4.00,0.0113,0
2023-05-07 23:29:49,1683516589,13.3,32.9,98000,3.00,4.00,5.00,6.00,0.0117,0
2023-05-07 23:34:50,1683516891,13.2,33.8,98000,1e-7,2.00,3.00,4.00,0.0146,0
2023-05-07 23:39:52,1683517192,13.1,33.0,98000,1.00,2.00,3.00,4.00,0.0165,0
2023-05-07 23:44:53,1683517493,12.9,33.0,98027,1e-7,2.00,3.00,4.00,0.0155,0
2023-05-07 23:49:54,1683517795,12.8,33.6,98073,1e-7,2.00,3.00,4.00,0.00995,0
2023-05-07 23:54:56,1683518096,12.8,32.4,98073,1e-7,1.00,2.00,3.00,0.00995,0
2023-05-07 23:59:57,1683518398,12.7,32.8,98080,1.00,1.00,2.00,3.00,0.00995,0
2023-05-08 00:04:59,1683518699,12.7,32.5,98100,1e-7,2.00,3.00,4.00,0.00995,0
2023-05-08 00:09:40,1683518981,12.7,32.4,98100,1e-7,4.00,7.00,8.00,0.00995,0
2023-05-08 00:14:42,1683519282,12.6,32.7,98093,1e-7,1.00,3.00,4.00,0.0137,0
2023-05-08 00:19:43,1683519584,12.5,33.1,98000,1e-7,5.00,9.00,11.0,0.0162,0
2023-05-08 00:24:45,1683519885,12.3,33.9,98007,1.00,2.00,3.00,4.00,0.0170,0
2023-05-08 00:29:46,1683520187,12.2,33.1,98027,1.00,5.00,7.00,9.00,0.0143,0
2023-05-08 00:34:48,1683520488,12.0,33.3,98100,1e-7,2.00,3.00,4.00,0.0127,0
2023-05-08 00:39:50,1683520790,11.8,33.5,98100,1e-7,2.00,3.00,4.00,0.0127,0
2023-05-08 00:44:52,1683521092,11.6,35.1,98100,1.00,1.00,2.00,3.00,0.0115,0
2023-05-08 00:49:54,1683521394,11.4,36.2,98093,1e-7,1.00,2.00,3.00,0.00995,0
2023-05-08 00:54:56,1683521696,11.2,36.6,98100,1e-7,2.00,3.00,4.00,0.00995,0
2023-05-08 00:59:57,1683521998,11.1,36.7,98100,1.00,1.00,2.00,3.00,0.00995,0
2023-05-08 01:04:59,1683522300,10.9,37.3,98040,1.00,4.00,7.00,8.00,0.0152,0
2023-05-08 01:09:42,1683522582,10.8,35.7,98000,1e-7,2.00,3.00,4.00,0.0152,0
2023-05-08 01:14:43,1683522884,10.7,36.5,98067,2.00,2.00,3.00,4.00,0.0152,0
2023-05-08 01:19:45,1683523186,10.5,36.3,98047,1.00,1.00,2.00,3.00,0.0152,0
2023-05-08 01:24:48,1683523488,10.4,36.5,98040,1.00,2.00,3.00,3.00,0.00995,0
2023-05-08 01:29:50,1683523790,10.3,37.2,98000,1.00,1.00,2.00,3.00,0.00995,0
2023-05-08 01:34:52,1683524092,10.1,36.7,98000,1e-7,1.00,2.00,3.00,0.00995,0
2023-05-08 01:39:54,1683524394,9.97,37.0,98000,1e-7,2.00,3.00,4.00,0.00995,0
2023-05-08 01:44:56,1683524697,9.81,37.0,98000,1.00,2.00,3.00,4.00,0.00995,0
2023-05-08 01:49:59,1683524999,9.66,36.8,98000,1e-7,1.00,2.00,3.00,0.00995,0
2023-05-08 01:54:41,1683525281,9.50,37.3,98000,1e-7,2.00,3.00,4.00,0.00995,0
2023-05-08 01:59:43,1683525584,9.36,37.0,98000,1e-7,2.00,3.00,4.00,0.00995,0
2023-05-08 02:04:45,1683525886,9.23,37.4,98000,1e-7,1.00,3.00,4.00,0.00995,0
2023-05-08 02:09:48,1683526188,9.10,37.5,98000,1.00,1.00,3.00,3.00,0.00995,0
2023-05-08 02:14:50,1683526491,8.98,37.5,98000,1e-7,1.00,1.00,1.00,0.00995,0
2023-05-08 02:19:53,1683526794,8.85,37.5,98000,1e-7,1.00,3.00,4.00,0.00995,0
2023-05-08 02:24:56,1683527097,8.73,37.8,98000,1e-7,2.00,3.00,4.00,0.00995,0
2023-05-08 02:29:59,1683527399,8.59,37.9,98027,1e-7,2.00,3.00,4.00,0.00995,0
2023-05-08 02:34:41,1683527681,8.46,38.3,98007,1e-7,2.00,3.00,4.00,0.00995,0
2023-05-08 02:39:43,1683527984,8.35,39.3,98000,1e-7,1.00,3.00,4.00,0.00995,0
2023-05-08 02:44:46,1683528286,8.21,39.3,98027,1e-7,3.00,5.00,6.00,0.0107,0
2023-05-08 02:49:49,1683528589,8.05,39.9,98047,2.00,3.00,5.00,6.00,0.0132,0
2023-05-08 02:54:51,1683528892,7.91,40.2,98047,1e-7,2.00,3.00,4.00,0.0132,0
2023-05-08 02:59:54,1683529194,7.78,40.1,98020,1e-7,5.00,9.00,12.0,0.0115,0
2023-05-08 03:04:57,1683529497,7.65,40.6,98060,1e-7,3.00,5.00,6.00,0.0144,0
2023-05-08 03:09:59,1683529800,7.52,41.1,98080,1e-7,1.00,3.00,4.00,0.0121,0
2023-05-08 03:14:42,1683530083,7.41,40.9,98021,1e-7,3.00,5.00,7.00,0.0118,0
2023-05-08 03:19:45,1683530385,7.30,41.6,98000,1e-7,1.00,3.00,4.00,0.0122,0
2023-05-08 03:24:48,1683530688,7.20,41.5,98060,1e-7,2.00,3.00,4.00,0.0127,0
2023-05-08 03:29:51,1683530991,7.11,41.1,98100,1e-7,2.00,3.00,4.00,0.0127,0
2023-05-08 03:34:54,1683531294,7.00,41.3,98100,1e-7,2.00,3.00,4.00,0.00995,0
2023-05-08 03:39:57,1683531598,6.89,41.2,98093,1.00,1.00,2.00,3.00,0.00995,0
2023-05-08 03:44:40,1683531881,6.80,41.3,98100,1.00,2.00,3.00,4.00,0.00995,0
2023-05-08 03:49:43,1683532184,6.71,41.1,98100,1e-7,1e-7,1e-7,1e-7,0.00995,0
2023-05-08 03:54:46,1683532487,6.61,41.3,98100,1e-7,2.00,3.00,4.00,0.00995,0
2023-05-08 03:59:50,1683532790,6.50,41.6,98100,1e-7,2.00,3.00,4.00,0.00995,0
2023-05-08 04:04:53,1683533093,6.40,41.8,98100,1.00,3.00,4.00,4.00,0.0100,0
2023-05-08 04:09:56,1683533397,6.29,41.8,98100,1e-7,2.00,3.00,4.00,0.0100,0
2023-05-08 04:14:59,1683533700,6.20,42.1,98100,1e-7,2.00,3.00,4.00,0.0100,0
2023-05-08 04:19:42,1683533983,6.13,42.0,98100,1e-7,1.00,3.00,4.00,0.0101,0
2023-05-08 04:24:46,1683534286,6.03,42.1,98100,1e-7,1.00,2.00,3.00,0.00995,0
2023-05-08 04:29:49,1683534590,5.94,42.3,98100,1e-7,3.00,5.00,6.00,0.00995,0
2023-05-08 04:34:53,1683534893,5.85,42.6,98100,1.00,2.00,3.00,4.00,0.0120,0
2023-05-08 04:39:56,1683535197,5.76,42.5,98100,1.00,4.00,7.00,8.00,0.0120,0
2023-05-08 04:44:40,1683535480,5.65,42.8,98100,1e-7,1e-7,1.00,1.00,0.0140,0
2023-05-08 04:49:43,1683535784,5.57,43.3,98100,1e-7,1.00,2.00,3.00,0.0160,0
2023-05-08 04:54:47,1683536087,5.48,43.3,98100,1e-7,4.00,6.00,8.00,0.0143,0
2023-05-08 04:59:49,1683536390,5.39,43.3,98100,1e-7,3.00,6.00,7.00,0.0143,0
2023-05-08 05:04:53,1683536693,5.29,43.4,98100,1e-7,2.00,3.00,4.00,0.0124,0
2023-05-08 05:09:56,1683536997,5.19,43.3,98100,1e-7,2.00,3.00,4.00,0.0120,0
2023-05-08 05:14:40,1683537280,5.10,43.1,98100,1.00,2.00,3.00,4.00,0.00995,0
2023-05-08 05:19:43,1683537584,5.02,43.3,98100,1e-7,3.00,5.00,6.00,0.0114,0
2023-05-08 05:24:47,1683537888,4.94,43.6,98100,1.00,1.00,2.00,3.00,0.0122,0
2023-05-08 05:29:50,1683538191,4.88,43.6,98100,1e-7,2.00,3.00,4.00,0.0122,0
2023-05-08 05:34:54,1683538495,4.82,44.2,98100,1e-7,2.00,3.00,4.00,0.00995,0
2023-05-08 05:39:58,1683538798,4.77,44.4,98100,1.00,2.00,3.00,4.00,0.00995,0
2023-05-08 05:44:41,1683539082,4.72,44.5,98100,1e-7,1e-7,1e-7,1e-7,0.00995,0
2023-05-08 05:49:45,1683539386,4.68,44.0,98100,1.00,2.00,3.00,4.00,0.00995,0
2023-05-08 05:53:28,1683539609,4.67,43.8,98100,1e-7,1.00,2.00,3.00,0.00995,0
2023-05-08 08:22:05,1683548526,18.8,16.6,98300,1e-7,2.00,3.00,4.00,,
2023-05-08 09:24:31,1683552272,20.6,13.7,98300,1.00,1.00,3.00,4.00,,
2023-05-08 10:52:10,1683557530,23.8,9.39,98300,2.00,3.00,5.00,6.00,,
2023-05-08 10:59:47,1683557988,23.5,9.54,98300,1.00,1.00,1.00,2.00,,
2023-05-08 11:04:44,1683558285,23.8,9.45,98300,1e-7,2.00,3.00,4.00,0.0126,0
2023-05-08 11:06:04,1683558364,24.0,9.42,98300,1.00,1.00,2.00,3.00,0.0107,0
2023-05-08 11:19:41,1683559182,23.9,10.1,98300,1.00,1.00,3.00,4.00,0.00995,0
2023-05-08 11:22:39,1683559359,24.3,9.64,98300,1.00,3.00,5.00,6.00,0.00995,0
2023-05-08 11:29:41,1683559782,24.5,9.24,98300,1e-7,2.00,3.00,4.00,0.0106,0
2023-05-08 11:34:58,1683560099,24.1,9.50,98300,1.00,3.00,4.00,5.00,0.0112,0
2023-05-08 11:38:16,1683560296,24.4,9.43,98300,1e-7,1.00,2.00,3.00,0.0109,0
2023-05-08 11:49:56,1683560996,24.7,9.02,98300,1.00,2.00,4.00,4.00,0.0112,0
2023-05-08 11:53:13,1683561194,24.3,9.32,98300,1.00,1.00,2.00,3.00,0.00995,0
2023-05-08 11:59:48,1683561588,25.5,9.12,98300,1.00,2.00,3.00,4.00,0.00995,0
2023-05-08 12:04:44,1683561885,25.4,8.62,98300,1.00,5.00,8.00,10.0,0.0131,0
2023-05-08 12:08:42,1683562122,25.3,8.99,98300,1.00,1.00,2.00,3.00,0.0194,0
2023-05-08 12:14:56,1683562496,25.4,8.99,98300,1e-7,2.00,3.00,4.00,0.0129,0
2023-05-08 12:19:52,1683562793,25.6,8.91,98300,2.00,2.00,3.00,4.00,0.0162,0
2023-05-08 12:23:50,1683563031,24.8,8.75,98300,1.00,3.00,5.00,6.00,0.0116,0
2023-05-08 12:34:44,1683563684,23.6,9.97,98300,1.00,5.00,8.00,10.0,0.0160,0
2023-05-08 12:39:40,1683563981,23.8,9.87,98300,1.00,1.00,1.00,1.00,0.0232,0
2023-05-08 12:49:52,1683564593,24.0,9.48,98300,1.00,1.00,2.00,3.00,0.0219,0
2023-05-08 12:54:30,1683564870,24.3,9.40,98300,2.00,2.00,3.00,4.00,0.00995,0
2023-05-08 13:04:58,1683565499,22.8,9.50,98300,1.00,5.00,9.00,11.0,0.0209,0
2023-05-08 13:09:36,1683565777,22.4,9.89,98300,1.00,3.00,5.00,6.00,0.0247,0
2023-05-08 13:19:49,1683566390,21.9,10.4,98300,1.00,2.00,3.00,4.00,0.0223,0
2023-05-08 13:24:47,1683566688,22.5,10.3,98300,2.00,7.00,13.0,16.0,0.0225,0
2023-05-08 13:34:59,1683567300,23.0,9.52,98300,1.00,1.00,3.00,3.00,0.0163,0
2023-05-08 13:39:57,1683567597,22.7,9.93,98300,1.00,2.00,3.00,4.00,0.0172,0
2023-05-08 13:49:50,1683568190,22.2,9.92,98300,1.00,2.00,3.00,3.00,0.00995,0
2023-05-08 13:54:48,1683568488,22.3,10.1,98300,2.00,7.00,12.0,15.0,0.0164,0
2023-05-08 13:55:08,1683568508,22.2,9.56,98300,1e-7,1e-7,1e-7,1e-7,0.00793,0
2023-05-08 14:04:43,1683569084,21.0,10.7,98300,1.00,2.00,3.00,4.00,0.0148,0
2023-05-08 14:09:42,1683569382,21.2,10.9,98300,1.00,3.00,6.00,8.00,0.0151,0
2023-05-08 14:11:01,1683569462,21.4,11.0,98300,1e-7,2.00,3.00,4.00,0.0114,0
2023-05-08 14:19:55,1683569996,21.3,11.0,98300,1.00,3.00,6.00,7.00,0.0118,0
2023-05-08 14:24:54,1683570294,21.1,11.3,98300,1.00,5.00,8.00,10.0,0.0108,0
2023-05-08 14:27:13,1683570433,21.3,11.8,98300,3.00,5.00,6.00,7.00,0.0130,0
2023-05-08 14:34:48,1683570889,21.9,10.7,98300,1.00,2.00,3.00,4.00,0.0171,0
2023-05-08 14:39:47,1683571187,21.8,10.5,98300,2.00,5.00,7.00,8.00,0.0234,0
2023-05-08 14:42:45,1683571365,21.4,10.8,98300,1.00,2.00,3.00,4.00,0.0106,0
2023-05-08 14:49:41,1683571781,20.8,11.2,98300,1e-7,1e-7,1e-7,1e-7,0.0118,0
2023-05-08 14:54:59,1683572100,20.6,11.3,98300,1.00,3.00,6.00,8.00,0.0202,0
2023-05-08 14:57:58,1683572278,20.4,11.7,98300,2.00,3.00,6.00,8.00,0.0122,0
2023-05-08 15:04:56,1683572696,20.2,11.4,98300,1e-7,1e-7,1e-7,1e-7,0.0178,0
2023-05-08 15:09:55,1683572995,20.5,11.7,98300,2.00,4.00,7.00,8.00,0.0178,0
2023-05-08 15:12:34,1683573154,20.6,11.5,98300,1.00,1.00,2.00,2.00,0.0115,0
2023-05-08 15:19:51,1683573592,21.0,10.8,98300,1e-7,1e-7,1e-7,1e-7,0.0118,0
2023-05-08 15:24:50,1683573890,21.1,10.6,98300,1.00,2.00,3.00,4.00,0.0155,0
2023-05-08 15:27:49,1683574069,20.9,10.8,98300,1.00,2.00,3.00,4.00,0.0148,0
2023-05-08 15:34:57,1683574497,19.8,11.8,98300,2.00,4.00,5.00,6.00,0.0117,0
2023-05-08 15:39:56,1683574797,19.4,12.0,98300,1.00,2.00,3.00,4.00,0.0115,0
2023-05-08 15:43:35,1683575016,18.9,12.4,98300,1e-7,2.00,3.00,4.00,0.0106,0
2023-05-08 15:54:57,1683575698,18.8,12.3,98300,1e-7,1.00,2.00,3.00,0.0104,0
2023-05-08 15:59:56,1683575996,19.1,12.1,98300,1.00,3.00,6.00,7.00,0.0106,0
2023-05-08 16:09:52,1683576592,19.0,12.0,98300,1.00,3.00,6.00,7.00,0.0198,0
2023-05-08 16:14:31,1683576872,19.1,11.9,98300,1.00,2.00,3.00,3.00,0.0183,0
2023-05-08 16:24:49,1683577490,18.8,11.9,98300,2.00,4.00,6.00,7.00,0.0183,0
2023-05-08 16:29:29,1683577769,19.0,11.9,98300,1.00,2.00,3.00,4.00,0.0199,0
2023-05-08 16:44:41,1683578681,18.3,12.4,98300,2.00,4.00,7.00,8.00,0.0199,0
2023-05-08 16:49:41,1683578981,17.8,12.6,98300,1.00,5.00,9.00,10.0,0.0114,0
2023-05-08 16:54:41,1683579281,17.4,12.8,98300,1e-7,3.00,5.00,6.00,0.0201,0
2023-05-08 16:59:41,1683579582,17.0,13.1,98300,2.00,3.00,5.00,6.00,0.0114,0
2023-05-08 17:04:42,1683579882,16.8,13.3,98300,2.00,4.00,6.00,6.00,0.0121,0
2023-05-08 17:09:42,1683580182,16.6,13.2,98300,2.00,9.00,14.0,17.0,0.0264,0
2023-05-08 17:14:43,1683580483,16.4,13.3,98300,1e-7,3.00,6.00,7.00,0.0299,0
2023-05-08 17:19:43,1683580784,16.3,13.4,98300,1.00,2.00,3.00,4.00,0.0325,0
2023-05-08 17:24:44,1683581084,16.4,13.4,98300,1.00,2.00,3.00,4.00,0.0183,0
2023-05-08 17:29:44,1683581385,16.5,13.6,98300,1.00,2.00,3.00,4.00,0.0117,0
2023-05-08 17:34:44,1683581685,16.6,13.3,98300,2.00,7.00,11.0,13.0,0.0200,0
2023-05-08 17:39:45,1683581986,16.8,13.3,98300,1.00,3.00,4.00,5.00,0.0179,0
2023-05-08 17:44:46,1683582286,17.0,13.0,98300,1.00,3.00,4.00,4.00,0.0168,0
2023-05-08 17:49:46,1683582587,17.0,12.7,98300,1e-7,2.00,3.00,4.00,0.0106,0
2023-05-08 17:54:47,1683582888,16.9,13.1,98300,2.00,3.00,5.00,6.00,0.0106,0
2023-05-08 17:59:48,1683583188,16.8,12.9,98300,3.00,4.00,5.00,5.00,0.0113,0
2023-05-08 18:04:48,1683583489,16.6,12.8,98300,1.00,2.00,3.00,4.00,0.0137,0
2023-05-08 18:09:49,1683583790,16.4,12.8,98300,1.00,3.00,6.00,8.00,0.0137,0
2023-05-08 18:14:50,1683584091,16.3,13.1,98300,1.00,2.00,3.00,4.00,0.0121,0
2023-05-08 18:19:51,1683584391,16.2,13.2,98300,2.00,5.00,9.00,10.0,0.0120,0
2023-05-08 18:24:51,1683584692,16.0,13.5,98340,1.00,2.00,3.00,4.00,0.0165,0
2023-05-08 18:29:52,1683584993,15.7,13.5,98347,1.00,2.00,2.00,3.00,0.0165,0
2023-05-08 18:34:54,1683585294,15.4,13.8,98400,1.00,4.00,8.00,9.00,0.0197,0
2023-05-08 18:39:55,1683585596,15.1,13.9,98400,1.00,2.00,4.00,5.00,0.0232,0
2023-05-08 18:44:57,1683585897,14.9,14.0,98400,1.00,3.00,4.00,4.00,0.0190,0
2023-05-08 18:49:58,1683586199,14.6,14.2,98400,1e-7,1.00,2.00,3.00,0.0174,0
2023-05-08 18:54:59,1683586500,14.5,14.4,98400,1.00,4.00,7.00,9.00,0.0114,0
2023-05-08 18:59:40,1683586781,14.3,14.6,98400,1e-7,2.00,3.00,4.00,0.0167,0
2023-05-08 19:04:42,1683587083,14.2,14.6,98400,1e-7,3.00,5.00,6.00,0.0167,0
2023-05-08 19:09:43,1683587384,14.1,14.6,98400,1e-7,3.00,5.00,6.00,0.0150,0
2023-05-08 19:14:45,1683587685,14.0,15.0,98400,1e-7,2.00,3.00,4.00,0.0119,0
2023-05-08 19:19:46,1683587987,13.8,15.1,98400,1.00,2.00,3.00,4.00,0.0111,0
2023-05-08 19:24:48,1683588288,13.7,15.3,98400,1.00,3.00,5.00,6.00,0.00995,0
2023-05-08 19:29:49,1683588589,13.6,15.3,98407,1.00,1.00,3.00,4.00,0.0107,0
2023-05-08 19:34:50,1683588891,13.5,15.6,98500,1.00,2.00,3.00,4.00,0.0107,0
2023-05-08 19:39:52,1683589192,13.3,15.6,98500,1e-7,2.00,3.00,4.00,0.0108,0
2023-05-08 19:44:54,1683589494,13.2,15.7,98500,1.00,3.00,5.00,6.00,0.0109,0
2023-05-08 19:49:56,1683589796,13.0,15.9,98500,1e-7,3.00,5.00,6.00,0.0133,0
2023-05-08 19:54:57,1683590098,12.8,16.3,98500,1.00,4.00,7.00,9.00,0.0136,0
2023-05-08 19:59:59,1683590400,12.6,16.4,98500,1.00,2.00,3.00,4.00,0.0123,0
2023-05-08 20:04:41,1683590682,12.5,16.8,98500,1.00,1.00,3.00,4.00,0.0159,0
2023-05-08 20:09:43,1683590984,12.3,17.1,98500,1e-7,4.00,7.00,8.00,0.0119,0
2023-05-08 20:14:45,1683591286,12.2,16.8,98500,1e-7,6.00,10.0,13.0,0.0186,0
2023-05-08 20:19:47,1683591588,12.1,17.0,98500,1e-7,2.00,3.00,4.00,0.0151,0
2023-05-08 20:24:49,1683591890,12.0,17.0,98500,1.00,2.00,3.00,4.00,0.0199,0
2023-05-08 20:29:51,1683592192,11.8,17.2,98500,1e-7,2.00,3.00,4.00,0.0166,0
2023-05-08 20:34:53,1683592494,11.6,17.4,98500,1e-7,5.00,9.00,11.0,0.0133,0
2023-05-08 20:39:56,1683592796,11.4,17.7,98500,1.00,3.00,5.00,6.00,0.0145,0
2023-05-08 20:44:58,1683593098,11.4,17.7,98587,1e-7,4.00,7.00,8.00,0.0175,0
2023-05-08 20:49:40,1683593380,11.3,17.8,98593,1e-7,2.00,4.00,5.00,0.0163,0
2023-05-08 20:54:42,1683593682,11.1,18.3,98600,2.00,2.00,3.00,4.00,0.0131,0
2023-05-08 20:59:44,1683593985,11.0,18.4,98600,1.00,2.00,3.00,3.00,0.00995,0
2023-05-08 21:04:46,1683594287,10.8,18.7,98600,1e-7,5.00,8.00,10.0,0.0114,0
2023-05-08 21:09:49,1683594589,10.7,19.4,98600,1.00,2.00,3.00,4.00,0.0145,0
2023-05-08 21:14:51,1683594892,10.7,18.8,98600,1.00,3.00,5.00,6.00,0.0142,0
2023-05-08 21:19:54,1683595194,10.7,19.1,98600,1e-7,2.00,3.00,4.00,0.0128,0
2023-05-08 21:24:56,1683595497,10.6,19.7,98600,1.00,3.00,3.00,4.00,0.0115,0
2023-05-08 21:29:59,1683595799,10.4,20.8,98600,1e-7,3.00,6.00,8.00,0.00995,0
2023-05-08 21:34:41,1683596082,10.1,21.3,98600,1.00,2.00,3.00,4.00,0.0140,0
2023-05-08 21:39:44,1683596384,9.88,21.6,98600,1.00,1.00,3.00,4.00,0.0130,0
2023-05-08 21:44:47,1683596687,9.71,21.8,98600,1.00,2.00,3.00,4.00,0.0114,0
2023-05-08 21:49:49,1683596990,9.58,22.0,98613,1.00,2.00,3.00,4.00,0.00995,0
2023-05-08 21:54:53,1683597293,9.46,22.9,98660,1e-7,3.00,6.00,7.00,0.0106,0
2023-05-08 21:59:56,1683597596,9.34,23.0,98687,1.00,2.00,3.00,4.00,0.0113,0
2023-05-08 22:04:59,1683597899,9.19,23.1,98687,1e-7,1e-7,1e-7,1e-7,0.0113,0
2023-05-08 22:09:42,1683598182,9.03,23.2,98700,1e-7,5.00,9.00,11.0,0.0146,0
2023-05-08 22:14:45,1683598485,8.84,24.2,98700,1.00,1.00,2.00,3.00,0.0205,0
2023-05-08 22:19:48,1683598789,8.65,23.7,98700,1.00,2.00,3.00,4.00,0.0211,0
2023-05-08 22:24:51,1683599092,8.51,24.2,98700,1.00,3.00,5.00,6.00,0.0133,0
2023-05-08 22:29:55,1683599395,8.35,23.8,98700,1e-7,2.00,3.00,4.00,0.0119,0
2023-05-08 22:34:58,1683599698,8.21,24.1,98700,1e-7,3.00,6.00,8.00,0.0118,0
2023-05-08 22:39:41,1683599982,8.09,24.6,98700,1e-7,1.00,3.00,4.00,0.0157,0
2023-05-08 22:44:44,1683600285,7.99,25.6,98700,1e-7,2.00,3.00,4.00,0.0183,0
2023-05-08 22:49:47,1683600588,8.04,25.5,98700,1e-7,2.00,3.00,4.00,0.0170,0
2023-05-08 22:54:50,1683600891,8.00,25.2,98700,1.00,1.00,2.00,3.00,0.00995,0
2023-05-08 22:59:54,1683601194,7.86,25.3,98700,1.00,2.00,3.00,4.00,0.00995,0
2023-05-08 23:04:57,1683601497,7.67,25.4,98700,1e-7,1e-7,1e-7,1e-7,0.00995,0
2023-05-08 23:09:40,1683601781,7.48,25.8,98700,1e-7,2.00,3.00,4.00,0.00995,0
2023-05-08 23:14:44,1683602084,7.30,28.3,98700,1e-7,2.00,3.00,4.00,0.00995,0
2023-05-08 23:19:47,1683602387,7.15,28.0,98700,1e-7,2.00,3.00,4.00,0.00995,0
2023-05-08 23:22:09,1683602529,7.07,27.9,98700,1e-7,2.00,3.00,4.00,0.00995,0
2023-05-08 23:34:43,1683603284,6.79,29.9,98700,1e-7,1.00,2.00,3.00,0.00995,0
2023-05-08 23:39:51,1683603592,6.75,29.4,98700,1e-7,1.00,2.00,3.00,0.00995,0
2023-05-08 23:44:55,1683603895,6.73,29.0,98700,1.00,2.00,3.00,4.00,0.00995,0
2023-05-08 23:49:58,1683604199,6.62,29.2,98700,1.00,1.00,2.00,3.00,0.00995,0
2023-05-08 23:54:42,1683604482,6.47,29.1,98700,1e-7,2.00,3.00,4.00,0.00995,0
2023-05-08 23:59:45,1683604786,6.29,29.4,98700,1e-7,2.00,3.00,4.00,0.00995,0
2023-05-09 00:04:49,1683605090,6.12,29.1,98700,2.00,3.00,4.00,4.00,0.0101,0
2023-05-09 00:09:53,1683605394,5.96,29.4,98700,1.00,1.00,2.00,3.00,0.0103,0
2023-05-09 00:14:57,1683605698,5.78,30.6,98700,1.00,2.00,3.00,4.00,0.0103,0
2023-05-09 00:19:41,1683605981,5.60,30.8,98700,1e-7,1e-7,1e-7,1e-7,0.0102,0
2023-05-09 00:24:45,1683606285,5.44,31.1,98700,1e-7,1.00,2.00,3.00,0.00995,0
2023-05-09 00:29:49,1683606589,5.28,31.7,98700,1e-7,2.00,3.00,4.00,0.00995,0
2023-05-09 00:34:52,1683606893,5.11,32.8,98700,1e-7,2.00,3.00,4.00,0.00995,0
2023-05-09 00:39:56,1683607197,4.95,32.7,98700,1e-7,2.00,3.00,4.00,0.00995,0
2023-05-09 00:44:40,1683607480,4.83,32.9,98700,2.00,2.00,3.00,4.00,0.00995,0
2023-05-09 00:49:44,1683607784,4.69,33.4,98700,1e-7,1.00,3.00,4.00,0.00995,0
2023-05-09 00:54:48,1683608089,4.58,33.7,98700,1e-7,2.00,3.00,4.00,0.00995,0
2023-05-09 00:59:52,1683608393,4.45,34.4,98700,1e-7,2.00,3.00,4.00,0.00995,0
2023-05-09 01:04:57,1683608697,4.30,35.2,98700,1.00,2.00,3.00,4.00,0.00995,0
2023-05-09 01:09:41,1683608981,4.17,34.4,98700,1.00,1.00,3.00,4.00,0.00995,0
2023-05-09 01:14:45,1683609285,4.05,34.4,98700,1e-7,1.00,2.00,3.00,0.00995,0
2023-05-09 01:19:50,1683609590,3.93,35.0,98700,1.00,2.00,3.00,4.00,0.00995,0
2023-05-09 01:24:54,1683609895,3.82,35.1,98700,1e-7,3.00,6.00,8.00,0.0157,0
2023-05-09 01:29:59,1683610199,3.70,35.3,98700,1e-7,2.00,3.00,4.00,0.0157,0
2023-05-09 01:34:43,1683610483,3.59,35.5,98700,1e-7,2.00,3.00,4.00,0.0135,0
2023-05-09 01:39:47,1683610787,3.47,35.8,98700,1.00,2.00,3.00,4.00,0.0132,0
2023-05-09 01:44:51,1683611091,3.34,35.7,98700,1e-7,3.00,5.00,7.00,0.0113,0
2023-05-09 01:49:55,1683611396,3.24,36.3,98700,1.00,2.00,3.00,4.00,0.0127,0
2023-05-09 01:54:59,1683611700,3.12,37.2,98700,1e-7,2.00,3.00,4.00,0.0122,0
2023-05-09 01:59:43,1683611984,3.03,37.5,98700,1e-7,3.00,5.00,6.00,0.0122,0
2023-05-09 02:04:48,1683612288,2.95,38.0,98700,1.00,1.00,2.00,3.00,0.0111,0
2023-05-09 02:09:52,1683612592,2.88,37.0,98700,1.00,2.00,3.00,4.00,0.0116,0
2023-05-09 02:14:56,1683612897,2.82,37.1,98700,1.00,2.00,3.00,4.00,0.0107,0
2023-05-09 02:19:40,1683613181,2.75,38.2,98700,1e-7,1.00,2.00,3.00,0.00995,0
2023-05-09 02:24:45,1683613485,2.68,38.9,98700,1.00,5.00,8.00,10.0,0.0123,0
2023-05-09 02:29:49,1683613790,2.61,38.5,98700,1.00,2.00,3.00,4.00,0.0148,0
2023-05-09 02:34:54,1683614094,2.54,38.8,98740,1e-7,2.00,3.00,4.00,0.0144,0
2023-05-09 02:39:58,1683614399,2.49,38.8,98800,1e-7,4.00,6.00,8.00,0.0112,0
2023-05-09 02:44:43,1683614684,2.42,39.5,98800,1e-7,1.00,2.00,3.00,0.0111,0
2023-05-09 02:49:48,1683614988,2.33,39.4,98800,1e-7,5.00,8.00,10.0,0.0120,0
2023-05-09 02:54:52,1683615293,2.29,39.6,98800,1.00,1.00,3.00,4.00,0.0153,0
2023-05-09 02:59:57,1683615597,2.23,39.7,98800,1.00,1.00,2.00,3.00,0.0132,0
2023-05-09 03:04:41,1683615882,2.18,40.0,98793,1.00,1.00,2.00,2.00,0.0123,0
2023-05-09 03:09:46,1683616187,2.12,40.8,98800,1e-7,2.00,3.00,4.00,0.00995,0
2023-05-09 03:14:51,1683616491,2.06,42.0,98800,1e-7,2.00,3.00,4.00,0.00995,0
2023-05-09 03:19:56,1683616796,2.01,42.0,98800,1e-7,1e-7,1e-7,1e-7,0.00995,0
2023-05-09 03:24:40,1683617080,1.98,41.8,98800,1e-7,1.00,3.00,4.00,0.00995,0
2023-05-09 03:29:44,1683617385,1.95,42.1,98800,1.00,5.00,8.00,10.0,0.0157,0
2023-05-09 03:34:48,1683617689,1.90,42.1,98800,1e-7,1e-7,1e-7,1e-7,0.0161,0
2023-05-09 03:39:53,1683617993,1.86,41.9,98800,1.00,2.00,3.00,4.00,0.0175,0
2023-05-09 03:44:57,1683618298,1.82,41.6,98800,1.00,2.00,3.00,4.00,0.00995,0
2023-05-09 03:49:42,1683618582,1.78,43.3,98800,1e-7,1.00,2.00,3.00,0.00995,0
2023-05-09 03:54:46,1683618887,1.73,42.5,98800,1e-7,2.00,3.00,4.00,0.00995,0
2023-05-09 03:59:51,1683619191,1.68,42.3,98800,1e-7,3.00,5.00,6.00,0.00995,0
2023-05-09 04:04:55,1683619496,1.62,42.5,98800,1e-7,3.00,6.00,7.00,0.0143,0
2023-05-09 04:09:40,1683619780,1.58,43.1,98800,1e-7,1.00,2.00,3.00,0.0143,0
2023-05-09 04:14:44,1683620085,1.52,43.8,98800,1e-7,2.00,3.00,4.00,0.0143,0
2023-05-09 04:19:49,1683620389,1.47,43.0,98800,1.00,3.00,5.00,6.00,0.0106,0
2023-05-09 04:24:55,1683620696,1.43,43.4,98800,1.00,1.00,2.00,3.00,0.0117,0
2023-05-09 04:29:40,1683620980,1.40,42.4,98800,1e-7,2.00,3.00,4.00,0.0111,0
2023-05-09 04:34:45,1683621285,1.36,44.3,98800,1.00,1.00,3.00,4.00,0.0109,0
2023-05-09 04:39:49,1683621590,1.31,44.0,98800,1e-7,2.00,4.00,4.00,0.00995,0
2023-05-09 04:44:54,1683621894,1.27,43.7,98800,2.00,2.00,3.00,4.00,0.00995,0
2023-05-09 04:49:59,1683622199,1.24,43.5,98800,1e-7,2.00,3.00,4.00,0.00995,0
2023-05-09 04:54:43,1683622484,1.20,43.5,98800,1.00,1.00,2.00,3.00,0.00995,0
2023-05-09 04:59:48,1683622788,1.15,44.2,98800,1e-7,2.00,3.00,4.00,0.00995,0
2023-05-09 05:04:53,1683623093,1.10,44.2,98800,1e-7,1.00,2.00,3.00,0.00995,0
2023-05-09 05:09:57,1683623398,1.06,44.0,98800,1e-7,1.00,2.00,3.00,0.00995,0
2023-05-09 05:14:42,1683623682,1.04,43.8,98857,2.00,2.00,3.00,4.00,0.00995,0
2023-05-09 05:19:47,1683623987,1.03,44.2,98900,1.00,1.00,2.00,2.00,0.00995,0
2023-05-09 05:24:52,1683624293,1.01,44.3,98900,1e-7,1.00,2.00,3.00,0.00995,0
2023-05-09 05:29:57,1683624598,1.00,44.8,98900,1.00,2.00,3.00,4.00,0.00995,0
2023-05-09 05:34:42,1683624883,0.994,45.6,98900,1.00,2.00,3.00,4.00,0.00995,0
2023-05-09 05:39:47,1683625187,1.00,46.3,98900,1e-7,3.00,5.00,6.00,0.0107,0
2023-05-09 05:44:55,1683625495,1.04,47.1,98900,1.00,3.00,4.00,5.00,0.0109,0
2023-05-09 05:49:59,1683625800,1.13,47.3,98900,1.00,1.00,3.00,4.00,0.0114,0
2023-05-09 09:14:49,1683638089,22.4,12.9,99000,1e-7,2.00,3.00,4.00,,
2023-05-09 09:19:44,1683638385,22.5,12.2,99000,2.00,3.00,6.00,8.00,,
2023-05-09 09:23:01,1683638582,22.8,12.3,99000,1e-7,1.00,2.00,3.00,,
2023-05-09 10:44:48,1683643489,26.5,8.38,99000,1e-7,1e-7,1e-7,1e-7,,
2023-05-09 10:49:44,1683643785,26.6,8.35,99000,1.00,3.00,6.00,8.00,,
2023-05-09 10:53:41,1683644022,26.4,8.41,99000,1e-7,2.00,3.00,4.00,,
2023-05-09 11:08:55,1683644936,25.2,8.41,99000,1e-7,4.00,7.00,8.00,,
2023-05-09 11:19:46,1683645586,26.0,8.22,99000,1e-7,1e-7,1e-7,1e-7,,
2023-05-09 11:24:27,1683645867,26.2,7.91,99000,1e-7,1.00,3.00,4.00,,
2023-05-09 11:34:48,1683646489,27.0,7.79,99000,1e-7,1e-7,1e-7,1e-7,,
2023-05-09 11:39:49,1683646789,27.2,7.65,99000,1.00,2.00,3.00,4.00,0.0157,0
2023-05-09 11:49:50,1683647391,27.5,6.83,99000,1e-7,1e-7,1.00,1.00,0.0116,0
2023-05-09 11:54:46,1683647687,27.0,6.88,99000,1e-7,2.00,3.00,4.00,0.00995,0
2023-05-09 11:55:45,1683647745,26.8,7.16,99000,1e-7,1e-7,1.00,1.00,0.00995,0
2023-05-09 12:04:57,1683648297,27.0,6.86,99000,1e-7,4.00,7.00,8.00,0.0108,0
2023-05-09 12:09:53,1683648593,27.0,7.01,99000,1.00,2.00,3.00,4.00,0.0121,0
2023-05-09 12:10:52,1683648653,27.2,7.06,99000,1.00,2.00,3.00,3.00,0.0112,0
2023-05-09 12:19:43,1683649184,27.5,6.88,99000,1e-7,4.00,7.00,8.00,0.00995,0
2023-05-09 12:24:59,1683649499,27.6,6.72,99000,2.00,2.00,3.00,4.00,0.0146,0
2023-05-09 12:26:57,1683649618,27.6,6.68,98950,1e-7,1e-7,1e-7,1e-7,0.0146,0
2023-05-09 12:34:53,1683650093,27.7,6.91,98967,1e-7,1.00,2.00,3.00,0.0135,0
2023-05-09 12:39:49,1683650389,26.8,6.77,99000,1e-7,2.00,3.00,4.00,0.0127,0
2023-05-09 12:42:07,1683650527,26.0,7.25,99000,1.00,8.00,14.0,18.0,0.0198,0
2023-05-09 12:49:47,1683650987,25.7,7.67,99000,1e-7,1e-7,1e-7,1e-7,0.0198,0
2023-05-09 12:54:44,1683651284,25.5,7.78,98993,1e-7,2.00,3.00,4.00,0.0252,0
2023-05-09 12:57:02,1683651423,25.4,8.02,99000,1e-7,1e-7,1e-7,1e-7,0.0252,0
2023-05-09 13:04:49,1683651889,25.4,8.50,98950,1.00,1.00,2.00,3.00,0.0179,0
2023-05-09 13:09:46,1683652186,25.9,7.88,99000,2.00,3.00,5.00,6.00,0.0120,0
2023-05-09 13:12:24,1683652344,25.9,7.49,99000,1e-7,1e-7,1e-7,1e-7,0.0123,0
2023-05-09 13:19:59,1683652800,26.2,7.36,99000,1.00,4.00,7.00,8.00,0.0131,0
2023-05-09 13:24:56,1683653096,26.3,7.26,98973,1.00,4.00,7.00,8.00,0.0131,0
2023-05-09 13:27:14,1683653235,26.1,7.30,98900,1.00,1.00,3.00,3.00,0.0120,0
2023-05-09 13:34:47,1683653688,25.1,7.97,98925,1e-7,1e-7,1e-7,1e-7,0.0107,0
2023-05-09 13:39:44,1683653984,25.2,8.12,98900,1e-7,2.00,3.00,4.00,0.0162,0
2023-05-09 13:43:41,1683654221,25.4,8.09,98900,1.00,2.00,3.00,4.00,0.0139,0
2023-05-09 13:49:57,1683654598,25.5,7.73,98900,1e-7,1.00,3.00,4.00,0.00995,0
2023-05-09 13:54:54,1683654895,25.1,7.73,98940,1e-7,1.00,3.00,4.00,0.00995,0
2023-05-09 13:58:12,1683655093,24.9,8.28,98900,1e-7,1e-7,1e-7,1e-7,0.00995,0
2023-05-09 14:04:46,1683655486,24.6,8.34,98900,1e-7,1e-7,1e-7,1e-7,0.00995,0
2023-05-09 14:09:43,1683655784,24.7,8.03,98973,1.00,1.00,2.00,3.00,0.00995,0
2023-05-09 14:13:21,1683656001,24.8,7.80,98900,3.00,6.00,8.00,9.00,0.0245,0
2023-05-09 14:24:54,1683656694,24.7,8.02,98900,1e-7,2.00,3.00,4.00,0.0280,0
2023-05-09 14:28:32,1683656912,24.6,8.00,98900,1.00,2.00,4.00,5.00,0.0201,0
2023-05-09 14:34:57,1683657298,24.6,8.25,98900,1e-7,3.00,6.00,8.00,0.0181,0
2023-05-09 14:39:55,1683657595,24.5,8.00,98900,1.00,3.00,6.00,7.00,0.0264,0
2023-05-09 14:44:12,1683657853,24.3,8.18,98900,1.00,2.00,3.00,3.00,0.0241,0
2023-05-09 14:54:44,1683658485,24.7,7.94,98900,1.00,3.00,5.00,6.00,0.0308,0
2023-05-09 14:59:42,1683658782,24.7,7.76,98900,1.00,3.00,6.00,8.00,0.0127,0
2023-05-09 15:00:21,1683658821,24.7,7.66,98900,1.00,1.00,3.00,4.00,0.0102,0
2023-05-09 15:09:54,1683659394,24.2,8.22,98900,1.00,3.00,6.00,8.00,0.0196,0
2023-05-09 15:14:51,1683659692,24.2,8.31,98900,1e-7,2.00,3.00,4.00,0.0196,0
2023-05-09 15:24:46,1683660287,23.4,7.84,98900,1.00,2.00,3.00,4.00,0.0214,0
2023-05-09 15:29:44,1683660584,23.0,8.05,98900,1.00,3.00,6.00,7.00,0.0172,0
2023-05-09 15:30:43,1683660643,22.8,8.30,98900,1e-7,2.00,4.00,5.00,0.0160,0
2023-05-09 15:39:58,1683661199,22.6,8.41,98900,1.00,3.00,3.00,4.00,0.0138,0
2023-05-09 15:44:56,1683661497,22.4,8.84,98900,1.00,3.00,6.00,7.00,0.0152,0
2023-05-09 15:46:15,1683661576,22.1,8.92,98900,1e-7,1.00,2.00,3.00,0.0106,0
2023-05-09 15:54:42,1683662083,21.9,8.73,98900,1.00,2.00,3.00,4.00,0.0118,0
2023-05-09 15:59:40,1683662381,21.6,9.01,98900,1.00,3.00,5.00,6.00,0.0109,0
2023-05-09 16:01:00,1683662460,21.6,9.20,98900,2.00,2.00,3.00,4.00,0.0106,0
2023-05-09 16:09:45,1683662985,21.8,9.05,98900,1e-7,1e-7,1.00,1.00,0.00986,0
2023-05-09 16:14:43,1683663283,21.8,8.92,98900,1.00,3.00,4.00,5.00,0.0114,0
2023-05-09 16:16:02,1683663363,21.6,9.10,98900,1e-7,1.00,2.00,3.00,0.00951,0
2023-05-09 16:24:49,1683663890,21.4,9.13,98900,1.00,4.00,7.00,8.00,0.0108,0
2023-05-09 16:29:48,1683664188,21.2,9.22,98900,2.00,4.00,7.00,8.00,0.0129,0
2023-05-09 16:32:46,1683664367,20.9,9.31,98900,1e-7,1e-7,1.00,1.00,0.00995,0
2023-05-09 16:39:58,1683664798,20.9,9.91,98900,1.00,3.00,4.00,5.00,0.0209,0
2023-05-09 16:44:56,1683665097,20.9,9.49,98900,1.00,3.00,6.00,8.00,0.0209,0
2023-05-09 16:49:55,1683665396,20.7,9.71,98900,5.00,11.0,16.0,19.0,0.0318,0
2023-05-09 16:54:55,1683665695,20.4,10.1,98900,1e-7,2.00,4.00,5.00,0.0246,0
2023-05-09 16:59:54,1683665994,20.3,9.85,98900,2.00,3.00,6.00,8.00,0.0213,0
2023-05-09 17:04:53,1683666293,20.1,10.1,98900,1.00,2.00,3.00,4.00,0.0200,0
2023-05-09 17:09:52,1683666592,19.9,10.5,98900,1e-7,1.00,1.00,1.00,0.0113,0
2023-05-09 17:14:51,1683666891,19.8,11.0,98900,1.00,1.00,3.00,4.00,0.00995,0
2023-05-09 17:19:50,1683667191,19.6,10.5,98900,1.00,3.00,6.00,8.00,0.0138,0
2023-05-09 17:24:50,1683667490,19.4,10.8,98900,1.00,1.00,3.00,4.00,0.0138,0
2023-05-09 17:29:49,1683667789,19.3,10.7,98900,1.00,2.00,3.00,4.00,0.0116,0
2023-05-09 17:34:49,1683668089,19.1,11.0,98900,2.00,3.00,3.00,4.00,0.00995,0
2023-05-09 17:39:48,1683668389,18.9,11.1,98900,1.00,2.00,3.00,4.00,0.00995,0
2023-05-09 17:44:48,1683668688,18.8,11.2,98900,2.00,3.00,5.00,6.00,0.00995,0
2023-05-09 17:49:47,1683668988,18.7,10.8,98900,2.00,6.00,10.0,12.0,0.0715,0
2023-05-09 17:54:47,1683669288,18.4,11.0,98900,1.00,2.00,3.00,4.00,0.0715,0
2023-05-09 17:59:47,1683669588,18.4,11.3,98900,1.00,3.00,5.00,6.00,0.0479,0
2023-05-09 18:04:47,1683669888,18.3,11.5,98900,1.00,2.00,3.00,4.00,0.0366,0
2023-05-09 18:09:47,1683670188,18.2,11.4,98900,1.00,5.00,8.00,9.00,0.0116,0
2023-05-09 18:14:47,1683670488,18.1,11.3,98900,1.00,6.00,10.0,13.0,0.0327,0
2023-05-09 18:19:49,1683670790,17.9,11.2,98900,1.00,3.00,5.00,7.00,0.0339,0
2023-05-09 18:24:49,1683671090,17.7,11.3,98900,1.00,5.00,8.00,9.00,0.0118,0
2023-05-09 18:29:49,1683671390,17.5,11.6,98900,2.00,2.00,3.00,3.00,0.0246,0
2023-05-09 18:34:49,1683671690,17.4,11.5,98900,2.00,3.00,4.00,4.00,0.0226,0
2023-05-09 18:39:49,1683671990,17.2,11.7,98900,2.00,3.00,6.00,7.00,0.0124,0
2023-05-09 18:44:49,1683672290,17.1,11.7,98900,1.00,2.00,3.00,3.00,0.0130,0
2023-05-09 18:49:49,1683672590,17.0,12.0,98900,1.00,3.00,4.00,5.00,0.0145,0
2023-05-09 18:54:49,1683672890,16.9,11.8,98900,1.00,2.00,3.00,4.00,0.0110,0
2023-05-09 18:59:50,1683673190,16.7,12.2,98900,1.00,2.00,3.00,4.00,0.0102,0
2023-05-09 19:04:50,1683673490,16.6,12.0,98900,1.00,2.00,4.00,5.00,0.00995,0
2023-05-09 19:09:50,1683673791,16.5,12.3,98900,1.00,5.00,8.00,10.0,0.0200,0
2023-05-09 19:14:51,1683674091,16.3,12.1,98900,1e-7,2.00,3.00,4.00,0.0200,0
2023-05-09 19:19:51,1683674392,16.2,12.2,98900,5.00,6.00,6.00,8.00,0.0191,0
2023-05-09 19:24:52,1683674693,16.0,12.7,98900,2.00,2.00,2.00,3.00,0.0148,0
2023-05-09 19:29:52,1683674993,15.9,12.6,98900,1.00,2.00,3.00,4.00,0.0204,0
2023-05-09 19:34:53,1683675293,15.7,12.9,98900,2.00,8.00,15.0,18.0,0.0408,0
2023-05-09 19:39:54,1683675594,15.5,12.7,98900,1.00,4.00,7.00,8.00,0.0748,0
2023-05-09 19:44:54,1683675895,15.4,12.7,98900,1.00,2.00,3.00,4.00,0.0469,0
2023-05-09 19:49:55,1683676196,15.2,12.9,98900,1.00,3.00,6.00,7.00,0.0274,0
2023-05-09 19:54:56,1683676496,15.0,14.0,98900,2.00,5.00,8.00,9.00,0.0149,0
2023-05-09 19:59:57,1683676797,14.8,13.7,98900,1e-7,3.00,6.00,8.00,0.0149,0
2023-05-09 20:04:58,1683677098,14.5,13.9,98900,1.00,2.00,3.00,4.00,0.0135,0
2023-05-09 20:09:59,1683677399,14.1,15.0,98900,1e-7,2.00,3.00,4.00,0.0132,0
2023-05-09 20:14:40,1683677680,13.8,14.6,98900,1.00,2.00,3.00,4.00,0.0115,0
2023-05-09 20:19:41,1683677981,13.5,15.2,98900,2.00,4.00,6.00,6.00,0.0104,0
2023-05-09 20:24:42,1683678283,13.1,16.6,98960,1.00,2.00,3.00,4.00,0.0127,0
2023-05-09 20:29:44,1683678584,12.8,17.6,99000,1.00,2.00,3.00,4.00,0.0127,0
2023-05-09 20:34:45,1683678886,12.5,18.0,99000,1.00,1.00,3.00,4.00,0.00995,0
2023-05-09 20:39:47,1683679187,12.1,18.8,99000,1e-7,2.00,3.00,4.00,0.00995,0
2023-05-09 20:44:49,1683679489,11.8,19.6,99000,1.00,4.00,7.00,9.00,0.0103,0
2023-05-09 20:49:51,1683679791,11.5,20.0,99000,2.00,3.00,3.00,4.00,0.0156,0
2023-05-09 20:54:53,1683680093,11.2,20.1,99000,1.00,2.00,3.00,4.00,0.0110,0
2023-05-09 20:59:55,1683680395,10.9,19.9,99000,1.00,2.00,3.00,4.00,0.0105,0
2023-05-09 21:04:57,1683680697,10.6,20.4,99000,1e-7,3.00,5.00,6.00,0.0108,0
2023-05-09 21:09:59,1683681000,10.3,20.9,99000,1.00,2.00,3.00,4.00,0.0112,0
2023-05-09 21:14:41,1683681282,10.0,21.5,99000,1e-7,2.00,3.00,4.00,0.0104,0
2023-05-09 21:19:44,1683681585,9.79,22.4,99000,1e-7,3.00,6.00,8.00,0.00995,0
2023-05-09 21:24:47,1683681887,9.54,24.2,99000,1.00,5.00,8.00,10.0,0.0281,0
2023-05-09 21:29:49,1683682190,9.29,24.8,99000,1.00,3.00,5.00,5.00,0.0281,0
2023-05-09 21:34:52,1683682492,9.04,25.3,99000,1e-7,3.00,6.00,7.00,0.0148,0
2023-05-09 21:39:54,1683682795,8.82,25.3,99000,1.00,3.00,5.00,6.00,0.0127,0
2023-05-09 21:44:57,1683683097,8.62,26.3,99000,1e-7,2.00,3.00,4.00,0.0159,0
2023-05-09 21:49:59,1683683399,8.45,26.8,99000,2.00,2.00,2.00,3.00,0.0144,0
2023-05-09 21:54:41,1683683682,8.29,27.0,99000,2.00,2.00,2.00,3.00,0.00995,0
2023-05-09 21:59:44,1683683985,8.15,26.0,99000,1.00,2.00,3.00,4.00,0.00995,0
2023-05-09 22:04:47,1683684287,8.01,26.2,99000,2.00,3.00,5.00,6.00,0.0113,0
2023-05-09 22:09:50,1683684590,7.86,26.2,99000,1.00,2.00,3.00,4.00,0.0111,0
2023-05-09 22:14:53,1683684893,7.74,26.5,99000,1.00,1.00,1.00,1.00,0.0112,0
2023-05-09 22:19:55,1683685196,7.62,26.9,99000,1.00,3.00,5.00,6.00,0.0105,0
2023-05-09 22:24:58,1683685499,7.52,27.6,99000,1e-7,3.00,5.00,6.00,0.0140,0
2023-05-09 22:29:41,1683685781,7.42,28.1,99000,1e-7,2.00,3.00,4.00,0.0123,0
2023-05-09 22:34:44,1683686085,7.32,28.2,99000,1e-7,2.00,3.00,4.00,0.0120,0
2023-05-09 22:39:47,1683686388,7.21,28.4,99000,1.00,2.00,3.00,4.00,0.00995,0
2023-05-09 22:44:50,1683686690,7.09,29.0,99000,1.00,3.00,5.00,6.00,0.0116,0
2023-05-09 22:49:53,1683686993,6.97,29.1,99000,1.00,3.00,5.00,6.00,0.0112,0
2023-05-09 22:54:56,1683687296,6.86,29.9,99000,2.00,3.00,4.00,4.00,0.0133,0
2023-05-09 22:59:59,1683687600,6.75,30.1,99000,1.00,2.00,3.00,4.00,0.0102,0
2023-05-09 23:04:42,1683687883,6.67,30.1,99000,1.00,3.00,5.00,6.00,0.0102,0
2023-05-09 23:09:46,1683688186,6.59,30.2,99000,1.00,3.00,5.00,7.00,0.0143,0
2023-05-09 23:14:49,1683688489,6.51,30.9,99000,1.00,1.00,2.00,3.00,0.0141,0
2023-05-09 23:19:52,1683688792,6.42,31.5,99000,1e-7,3.00,6.00,8.00,0.0159,0
2023-05-09 23:24:55,1683689096,6.34,31.8,99053,2.00,3.00,6.00,7.00,0.0163,0
2023-05-09 23:29:58,1683689399,6.28,32.3,99053,1.00,3.00,4.00,4.00,0.0104,0
2023-05-09 23:34:41,1683689682,6.22,32.7,99000,1e-7,2.00,3.00,4.00,0.0104,0
2023-05-09 23:39:44,1683689985,6.16,32.8,99007,1e-7,1.00,3.00,4.00,0.0104,0
2023-05-09 23:44:47,1683690288,6.09,32.7,99000,1e-7,2.00,3.00,4.00,0.0101,0
2023-05-09 23:49:51,1683690591,5.99,32.7,99000,1.00,2.00,3.00,4.00,0.00995,0
2023-05-09 23:54:54,1683690894,5.91,33.2,99013,1e-7,1.00,2.00,3.00,0.00995,0
2023-05-09 23:59:57,1683691198,5.83,33.5,99087,1.00,2.00,3.00,4.00,0.00995,0
2023-05-10 00:04:40,1683691481,5.76,33.4,99036,1.00,2.00,3.00,4.00,0.00995,0
2023-05-10 00:09:43,1683691784,5.70,34.0,99000,1.00,4.00,7.00,8.00,0.0107,0
2023-05-10 00:14:47,1683692087,5.61,34.4,99000,1e-7,2.00,3.00,4.00,0.0113,0
2023-05-10 00:19:50,1683692391,5.54,34.6,99007,1.00,2.00,3.00,4.00,0.0136,0
2023-05-10 00:24:53,1683692694,5.49,35.0,99000,1e-7,2.00,3.00,4.00,0.00995,0
2023-05-10 00:29:57,1683692997,5.44,35.5,99007,1.00,2.00,3.00,4.00,0.00995,0
2023-05-10 00:34:40,1683693281,5.41,35.6,99000,1.00,3.00,4.00,5.00,0.00995,0
2023-05-10 00:39:44,1683693585,5.35,36.0,99000,1e-7,2.00,3.00,4.00,0.0104,0
2023-05-10 00:44:48,1683693888,5.33,35.5,99000,1e-7,2.00,3.00,4.00,0.0104,0
2023-05-10 00:49:52,1683694192,5.29,35.7,99007,1.00,2.00,3.00,3.00,0.00995,0
2023-05-10 00:54:56,1683694496,5.23,35.7,99000,1e-7,1.00,2.00,3.00,0.00995,0
2023-05-10 00:59:39,1683694780,5.17,35.6,99000,1e-7,2.00,3.00,4.00,0.00995,0
2023-05-10 01:04:43,1683695083,5.11,35.8,99000,1.00,2.00,3.00,4.00,0.00995,0
2023-05-10 01:09:46,1683695387,5.03,36.1,99000,1e-7,3.00,5.00,6.00,0.0107,0
2023-05-10 01:14:49,1683695690,4.95,36.3,99000,1.00,3.00,5.00,6.00,0.0107,0
2023-05-10 01:19:53,1683695993,4.89,36.6,99000,1.00,2.00,3.00,4.00,0.0123,0
2023-05-10 01:24:56,1683696297,4.84,37.0,99000,2.00,2.00,3.00,4.00,0.00995,0
2023-05-10 01:29:40,1683696580,4.82,36.8,99000,2.00,2.00,3.00,4.00,0.00995,0
2023-05-10 01:34:43,1683696884,4.82,37.0,99000,1.00,3.00,6.00,8.00,0.00995,0
2023-05-10 01:39:47,1683697187,4.82,37.4,99000,2.00,2.00,4.00,4.00,0.0122,0
2023-05-10 01:44:50,1683697491,4.86,37.6,99000,1.00,2.00,3.00,4.00,0.0124,0
2023-05-10 01:49:54,1683697795,4.96,37.6,99000,1.00,3.00,4.00,4.00,0.0132,0
2023-05-10 01:54:58,1683698098,5.08,37.7,99000,2.00,6.00,10.0,11.0,0.0195,0
2023-05-10 01:59:41,1683698381,5.23,37.4,99000,1.00,3.00,5.00,6.00,0.0190,0
2023-05-10 02:04:44,1683698685,5.33,37.1,99000,2.00,3.00,5.00,6.00,0.0180,0
2023-05-10 02:09:47,1683698988,5.39,36.9,99000,1.00,5.00,9.00,12.0,0.0118,0
2023-05-10 02:14:51,1683699291,5.38,36.8,99000,1.00,3.00,5.00,7.00,0.0147,0
2023-05-10 02:19:54,1683699595,5.33,36.7,99000,1.00,3.00,5.00,5.00,0.0147,0
2023-05-10 02:24:57,1683699898,5.25,36.8,99000,1.00,3.00,5.00,6.00,0.0128,0
2023-05-10 02:29:41,1683700181,5.17,36.8,99000,1.00,4.00,7.00,9.00,0.0128,0
2023-05-10 02:34:45,1683700485,5.08,37.0,99000,2.00,2.00,3.00,4.00,0.0168,0
2023-05-10 02:39:48,1683700789,4.97,37.2,99000,1.00,2.00,3.00,4.00,0.0175,0
2023-05-10 02:44:52,1683701093,4.86,37.5,99000,1e-7,2.00,3.00,4.00,0.00995,0
2023-05-10 02:49:56,1683701397,4.76,38.0,99000,2.00,5.00,8.00,9.00,0.0110,0
2023-05-10 02:54:40,1683701680,4.70,38.1,99000,1e-7,1.00,3.00,4.00,0.0126,0
2023-05-10 02:59:44,1683701984,4.68,38.3,99000,1e-7,3.00,6.00,8.00,0.0126,0
2023-05-10 03:04:47,1683702288,4.66,38.8,99000,1.00,2.00,3.00,4.00,0.0144,0
2023-05-10 03:09:51,1683702592,4.70,38.9,99000,2.00,3.00,6.00,8.00,0.0124,0
2023-05-10 03:14:55,1683702896,4.84,38.5,99000,1e-7,2.00,3.00,4.00,0.0123,0
2023-05-10 03:19:59,1683703199,5.01,38.6,99000,2.00,3.00,6.00,7.00,0.0144,0
2023-05-10 03:24:42,1683703483,5.14,38.6,99000,1.00,3.00,4.00,5.00,0.0244,0
2023-05-10 03:29:46,1683703786,5.22,38.0,99000,1.00,3.00,5.00,6.00,0.0244,0
2023-05-10 03:34:49,1683704090,5.20,37.8,99000,1e-7,1.00,2.00,3.00,0.0198,0
2023-05-10 03:39:53,1683704393,5.10,37.8,99000,1e-7,1.00,2.00,3.00,0.0114,0
2023-05-10 03:44:56,1683704697,4.95,38.1,99000,1.00,3.00,5.00,7.00,0.0114,0
2023-05-10 03:49:59,1683705000,4.79,38.6,99000,1.00,2.00,3.00,4.00,0.0128,0
2023-05-10 03:54:43,1683705283,4.66,38.5,99000,1e-7,3.00,5.00,6.00,0.0101,0
2023-05-10 03:59:47,1683705587,4.57,38.9,99000,1.00,3.00,5.00,6.00,0.0123,0
2023-05-10 04:04:51,1683705891,4.50,39.5,99000,1e-7,1.00,2.00,3.00,0.0133,0
2023-05-10 04:09:54,1683706195,4.40,39.5,99000,1.00,1.00,2.00,2.00,0.0134,0
2023-05-10 04:14:59,1683706499,4.31,39.8,99000,1.00,2.00,3.00,4.00,0.0107,0
2023-05-10 04:19:42,1683706783,4.22,39.9,99000,1e-7,2.00,3.00,4.00,0.00995,0
2023-05-10 04:24:46,1683707087,4.14,40.0,99000,1e-7,2.00,3.00,4.00,0.00995,0
2023-05-10 04:29:50,1683707391,4.04,40.3,99000,1.00,1.00,2.00,3.00,0.00995,0
2023-05-10 04:34:54,1683707694,4.00,40.5,99000,1.00,2.00,3.00,4.00,0.00995,0
2023-05-10 04:39:57,1683707998,4.04,40.7,99000,1e-7,2.00,3.00,4.00,0.00995,0
2023-05-10 04:44:41,1683708281,4.17,40.8,99000,2.00,2.00,2.00,3.00,0.00995,0
2023-05-10 04:49:45,1683708585,4.36,40.7,99000,1.00,2.00,3.00,3.00,0.00995,0
2023-05-10 04:54:48,1683708889,4.54,40.5,99000,1e-7,2.00,4.00,4.00,0.00995,0
2023-05-10 04:59:52,1683709193,4.73,40.2,99000,1.00,2.00,3.00,4.00,0.00995,0
2023-05-10 05:04:56,1683709497,4.89,40.4,99000,2.00,4.00,8.00,9.00,0.0204,0
2023-05-10 05:09:40,1683709780,4.99,40.1,99000,4.00,12.0,18.0,21.0,0.0204,0
2023-05-10 05:14:44,1683710084,5.04,39.7,99000,1e-7,3.00,5.00,6.00,0.0162,0
2023-05-10 05:19:47,1683710388,5.06,39.7,99000,1.00,2.00,3.00,4.00,0.0211,0
2023-05-10 05:24:51,1683710692,5.04,39.9,99000,1e-7,2.00,3.00,4.00,0.0182,0
2023-05-10 05:29:54,1683710995,4.99,39.5,99000,1.00,4.00,7.00,8.00,0.0120,0
2023-05-10 05:34:58,1683711298,4.94,39.4,99000,1e-7,3.00,6.00,7.00,0.0125,0
2023-05-10 05:39:41,1683711581,4.90,39.9,99000,1.00,2.00,3.00,4.00,0.0116,0
2023-05-10 05:44:44,1683711885,4.85,40.5,99000,1.00,1.00,2.00,3.00,0.0111,0
2023-05-10 05:49:48,1683712189,4.82,40.6,99000,1.00,2.00,4.00,4.00,0.0131,0
2023-05-10 05:54:52,1683712492,4.82,41.1,99000,2.00,2.00,3.00,4.00,0.00995,0
2023-05-10 05:59:55,1683712796,4.83,40.9,99000,2.00,2.00,3.00,4.00,0.00995,0
2023-05-10 06:03:38,1683713018,4.82,40.8,99000,1.00,3.00,6.00,8.00,0.0112,0
2023-05-10 09:23:44,1683725024,30.5,8.52,98900,1e-7,1.00,2.00,3.00,,
2023-05-10 10:49:45,1683730186,32.1,6.35,98900,1.00,5.00,9.00,11.0,,
2023-05-10 10:54:20,1683730461,32.1,6.16,98900,1.00,2.00,3.00,4.00,,
2023-05-10 11:04:48,1683731088,32.4,5.94,98900,1.00,2.00,3.00,3.00,,
2023-05-10 11:09:42,1683731383,32.5,6.04,98900,2.00,7.00,12.0,14.0,0.0564,0
2023-05-10 11:10:02,1683731402,32.6,5.42,98900,1.00,9.00,15.0,18.0,0.0564,0
2023-05-10 11:19:48,1683731988,33.0,6.10,98815,2.00,4.00,6.00,7.00,0.0903,0
2023-05-10 11:24:42,1683732282,33.2,5.82,98800,1.00,3.00,4.00,4.00,0.0511,0
2023-05-10 11:39:43,1683733183,33.6,5.85,98800,1.00,1.00,2.00,3.00,0.0408,0
2023-05-10 11:40:02,1683733203,33.6,6.07,98800,1e-7,1e-7,1e-7,1e-7,0.0309,0
2023-05-10 11:54:52,1683734093,33.8,6.25,98800,1.00,2.00,3.00,3.00,0.0309,0
2023-05-10 11:55:12,1683734112,33.8,6.26,98800,1e-7,1.00,2.00,3.00,0.0101,0
2023-05-10 12:09:56,1683734996,33.0,6.29,98800,1.00,3.00,5.00,6.00,0.0165,0
2023-05-10 12:10:35,1683735036,32.8,6.55,98800,1.00,3.00,4.00,5.00,0.0165,0
2023-05-10 12:19:42,1683735582,33.0,6.43,98800,1e-7,1e-7,1e-7,1e-7,0.0152,0
2023-05-10 12:24:56,1683735896,32.9,6.49,98794,2.00,3.00,3.00,4.00,0.0152,0
2023-05-10 12:27:13,1683736033,32.8,6.51,98700,1e-7,1.00,2.00,3.00,0.0104,0
2023-05-10 12:34:45,1683736486,32.8,6.39,98700,1.00,2.00,3.00,3.00,0.0100,0
2023-05-10 12:39:45,1683736785,33.0,6.77,98700,2.00,3.00,4.00,4.00,0.0119,0
2023-05-10 12:42:21,1683736942,33.2,6.67,98700,1.00,2.00,3.00,4.00,0.0100,0
2023-05-10 12:49:51,1683737392,33.4,6.93,98700,1.00,1.00,2.00,3.00,0.0101,0
2023-05-10 12:54:46,1683737686,33.4,6.97,98700,3.00,5.00,6.00,7.00,0.0102,0
2023-05-10 12:57:42,1683737862,33.4,6.82,98700,2.00,3.00,3.00,3.00,0.0110,0
2023-05-10 13:04:53,1683738293,32.8,7.35,98700,1.00,2.00,3.00,4.00,0.0110,0
2023-05-10 13:09:47,1683738588,33.0,7.26,98700,2.00,3.00,4.00,4.00,0.0100,0
2023-05-10 13:11:25,1683738686,33.1,6.99,98700,2.00,4.00,7.00,8.00,0.0102,0
2023-05-10 13:19:48,1683739188,33.3,6.67,98700,2.00,3.00,4.00,5.00,0.0113,0
2023-05-10 13:24:42,1683739483,33.1,6.72,98700,1.00,4.00,7.00,9.00,0.0145,0
2023-05-10 13:28:18,1683739698,33.1,6.82,98700,1.00,2.00,3.00,3.00,0.0113,0
2023-05-10 13:34:51,1683740092,33.8,7.09,98700,1e-7,1.00,1.00,1.00,0.00973,0
2023-05-10 13:39:45,1683740386,33.7,6.72,98700,1.00,4.00,6.00,8.00,0.0178,0
2023-05-10 13:43:40,1683740621,33.6,6.92,98700,1.00,2.00,3.00,4.00,0.0111,0
2023-05-10 13:49:53,1683740993,33.3,6.88,98600,1.00,1.00,1.00,1.00,0.00940,0
2023-05-10 13:54:47,1683741288,33.1,6.87,98633,2.00,2.00,3.00,4.00,0.0132,0
2023-05-10 13:58:42,1683741523,33.0,6.89,98650,1.00,1.00,2.00,3.00,0.0101,0
2023-05-10 14:04:51,1683741892,33.0,6.96,98600,1.00,4.00,7.00,9.00,0.00995,0
2023-05-10 14:09:46,1683742186,32.9,6.96,98600,3.00,6.00,8.00,9.00,0.0195,0
2023-05-10 14:14:01,1683742441,32.6,6.66,98600,1.00,2.00,3.00,3.00,0.0209,0
2023-05-10 14:19:53,1683742794,32.1,6.59,98600,1e-7,1e-7,1e-7,1e-7,0.0102,0
2023-05-10 14:24:48,1683743089,32.0,6.69,98600,2.00,3.00,5.00,6.00,0.0207,0
2023-05-10 14:29:04,1683743344,31.8,6.97,98600,1.00,3.00,5.00,6.00,0.0137,0
2023-05-10 14:34:57,1683743697,31.8,7.16,98600,1e-7,1e-7,1e-7,1e-7,0.0101,0
2023-05-10 14:39:52,1683743992,31.9,7.12,98600,1.00,2.00,4.00,5.00,0.0115,0
2023-05-10 14:44:46,1683744287,31.8,6.86,98600,2.00,4.00,6.00,7.00,0.0115,0
2023-05-10 14:54:55,1683744896,31.1,7.07,98533,2.00,3.00,4.00,5.00,0.0197,0
2023-05-10 14:59:31,1683745171,31.0,7.16,98500,1.00,2.00,3.00,4.00,0.0172,0
2023-05-10 15:09:59,1683745800,31.1,7.44,98500,2.00,4.00,7.00,8.00,0.0176,0
2023-05-10 15:14:55,1683746095,31.0,7.26,98500,1.00,3.00,6.00,7.00,0.0157,0
2023-05-10 15:24:44,1683746685,30.8,7.49,98500,1.00,3.00,5.00,6.00,0.0138,0
2023-05-10 15:29:40,1683746980,30.7,7.65,98500,1.00,4.00,7.00,8.00,0.0203,0
2023-05-10 15:34:47,1683747288,30.5,7.49,98500,1.00,3.00,5.00,6.00,0.0132,0
2023-05-10 15:39:43,1683747583,30.3,7.95,98500,1.00,2.00,3.00,4.00,0.0224,0
2023-05-10 15:44:58,1683747899,30.3,7.76,98500,1.00,2.00,3.00,4.00,0.0152,0
2023-05-10 15:54:49,1683748490,30.5,8.04,98500,20.0,104,173,208,0.268,0
2023-05-10 15:59:45,1683748786,30.7,8.04,98500,1.00,3.00,6.00,7.00,0.296,0
2023-05-10 16:00:24,1683748825,30.7,8.07,98500,1e-7,1e-7,1e-7,1e-7,0.296,0
2023-05-10 16:09:52,1683749392,30.5,8.07,98500,1.00,3.00,4.00,5.00,0.271,0
2023-05-10 16:14:48,1683749688,30.2,8.23,98500,2.00,3.00,6.00,7.00,0.271,0
2023-05-10 16:15:27,1683749728,30.0,8.18,98500,1e-7,1.00,2.00,3.00,0.0112,0
2023-05-10 16:24:57,1683750297,29.5,8.53,98500,1.00,1.00,3.00,4.00,0.0113,0
2023-05-10 16:29:53,1683750593,29.3,8.67,98500,2.00,3.00,5.00,6.00,0.0143,0
2023-05-10 16:31:31,1683750692,29.3,8.80,98500,1.00,2.00,2.00,3.00,0.0123,0
2023-05-10 16:39:43,1683751184,29.1,8.59,98475,2.00,3.00,5.00,6.00,0.0116,0
2023-05-10 16:44:59,1683751500,28.9,8.82,98500,1.00,2.00,3.00,4.00,0.0103,0
2023-05-10 16:49:55,1683751796,28.6,9.01,98500,2.00,5.00,6.00,7.00,0.0132,0
2023-05-10 16:54:52,1683752092,28.4,9.23,98493,2.00,3.00,4.00,4.00,0.0130,0
2023-05-10 16:59:48,1683752389,28.2,9.46,98500,1.00,2.00,3.00,4.00,0.0129,0
2023-05-10 17:04:45,1683752686,28.0,9.66,98500,1.00,8.00,14.0,17.0,0.0179,0
2023-05-10 17:09:42,1683752982,27.8,9.54,98500,2.00,3.00,5.00,6.00,0.0179,0
2023-05-10 17:14:59,1683753299,27.5,9.89,98500,1.00,2.00,3.00,3.00,0.0182,0
2023-05-10 17:19:56,1683753596,27.3,9.88,98493,2.00,4.00,7.00,9.00,0.0229,0
2023-05-10 17:24:53,1683753893,27.0,10.1,98500,5.00,17.0,27.0,32.0,0.0509,0
2023-05-10 17:29:50,1683754191,26.9,10.4,98500,1e-7,1.00,2.00,3.00,0.0702,0
2023-05-10 17:34:47,1683754488,26.8,10.3,98460,2.00,2.00,3.00,4.00,0.0702,0
2023-05-10 17:39:44,1683754785,26.6,10.3,98460,2.00,3.00,5.00,6.00,0.0185,0
2023-05-10 17:44:42,1683755082,26.5,10.5,98493,1.00,3.00,6.00,8.00,0.0111,0
2023-05-10 17:49:59,1683755399,26.3,10.5,98400,1.00,3.00,6.00,8.00,0.0173,0
2023-05-10 17:54:56,1683755696,26.2,10.8,98400,1.00,1.00,3.00,4.00,0.0173,0
2023-05-10 17:59:53,1683755994,26.1,10.7,98400,3.00,4.00,5.00,5.00,0.0204,0
2023-05-10 18:04:51,1683756291,26.0,11.0,98420,1e-7,2.00,4.00,4.00,0.0151,0
2023-05-10 18:09:48,1683756589,25.8,11.1,98487,1.00,3.00,6.00,8.00,0.0141,0
2023-05-10 18:14:46,1683756886,25.7,11.2,98480,2.00,5.00,9.00,11.0,0.0141,0
2023-05-10 18:19:43,1683757183,25.5,11.2,98500,1.00,3.00,5.00,6.00,0.0170,0
2023-05-10 18:24:41,1683757481,25.3,11.6,98500,1.00,2.00,3.00,4.00,0.0170,0
2023-05-10 18:29:58,1683757799,25.2,11.8,98500,2.00,3.00,5.00,6.00,0.0147,0
2023-05-10 18:34:56,1683758097,25.0,11.8,98500,2.00,3.00,4.00,5.00,0.0106,0
2023-05-10 18:39:54,1683758395,24.9,11.8,98500,1.00,5.00,8.00,10.0,0.0107,0
2023-05-10 18:44:52,1683758692,24.7,12.1,98500,1.00,3.00,6.00,7.00,0.0173,0
2023-05-10 18:49:50,1683758991,24.6,12.3,98500,2.00,2.00,4.00,4.00,0.0170,0
2023-05-10 18:54:48,1683759289,24.4,12.4,98500,2.00,4.00,7.00,9.00,0.0119,0
2023-05-10 18:59:46,1683759587,24.3,12.3,98500,2.00,3.00,5.00,5.00,0.0121,0
2023-05-10 19:04:44,1683759885,24.1,12.6,98500,2.00,4.00,6.00,8.00,0.0107,0
2023-05-10 19:09:42,1683760183,24.0,12.7,98500,1.00,5.00,8.00,10.0,0.0136,0
2023-05-10 19:14:41,1683760481,23.8,12.7,98500,2.00,2.00,3.00,4.00,0.0132,0
2023-05-10 19:19:59,1683760799,23.7,13.0,98500,2.00,3.00,5.00,6.00,0.0132,0
2023-05-10 19:24:57,1683761098,23.5,13.2,98500,1.00,2.00,3.00,4.00,0.0129,0
2023-05-10 19:29:55,1683761396,23.4,13.4,98500,3.00,4.00,4.00,5.00,0.0106,0
2023-05-10 19:34:54,1683761695,23.2,13.6,98500,2.00,3.00,5.00,6.00,0.0109,0
2023-05-10 19:39:52,1683761993,23.1,13.6,98500,1.00,3.00,5.00,6.00,0.0102,0
2023-05-10 19:44:51,1683762291,22.9,13.9,98500,2.00,5.00,6.00,7.00,0.0138,0
2023-05-10 19:49:50,1683762590,22.7,14.3,98500,2.00,2.00,4.00,4.00,0.0111,0
2023-05-10 19:54:48,1683762889,22.6,14.4,98500,3.00,3.00,3.00,3.00,0.0113,0
2023-05-10 19:59:47,1683763188,22.4,14.5,98500,1.00,2.00,3.00,4.00,0.0113,0
2023-05-10 20:04:46,1683763486,22.3,15.0,98500,2.00,2.00,3.00,3.00,0.00995,0
2023-05-10 20:09:45,1683763785,22.1,14.9,98500,2.00,5.00,8.00,9.00,0.0143,0
2023-05-10 20:14:44,1683764084,21.9,15.7,98500,2.00,4.00,5.00,6.00,0.0128,0
2023-05-10 20:19:43,1683764383,21.6,15.8,98507,1.00,1.00,1.00,1.00,0.0115,0
2023-05-10 20:24:42,1683764682,21.3,16.3,98573,1e-7,3.00,5.00,6.00,0.0140,0
2023-05-10 20:29:41,1683764981,21.0,17.0,98600,1.00,3.00,6.00,8.00,0.0178,0
2023-05-10 20:34:40,1683765280,20.6,17.2,98600,1.00,2.00,3.00,4.00,0.0159,0
2023-05-10 20:39:59,1683765600,20.3,17.7,98600,1.00,1.00,3.00,4.00,0.0131,0
2023-05-10 20:44:59,1683765899,20.0,18.7,98600,1.00,2.00,3.00,4.00,0.00995,0
2023-05-10 20:49:58,1683766199,19.6,19.6,98600,1.00,4.00,7.00,9.00,0.0178,0
2023-05-10 20:54:58,1683766498,19.3,19.7,98600,1.00,2.00,3.00,4.00,0.0166,0
2023-05-10 20:59:58,1683766798,19.0,19.9,98600,1e-7,3.00,5.00,6.00,0.0184,0
2023-05-10 21:04:57,1683767098,18.6,20.9,98600,1.00,4.00,7.00,8.00,0.0158,0
2023-05-10 21:09:57,1683767398,18.2,21.0,98600,1.00,2.00,4.00,5.00,0.0161,0
2023-05-10 21:14:57,1683767697,17.8,20.9,98600,2.00,2.00,3.00,4.00,0.0169,0
2023-05-10 21:19:57,1683767997,17.5,21.4,98600,2.00,2.00,3.00,4.00,0.0153,0
2023-05-10 21:24:57,1683768297,17.2,22.0,98600,1.00,2.00,3.00,4.00,0.0101,0
2023-05-10 21:29:57,1683768597,16.9,22.2,98600,1e-7,2.00,3.00,4.00,0.00995,0
2023-05-10 21:34:57,1683768898,16.6,22.8,98600,3.00,8.00,13.0,16.0,0.0164,0
2023-05-10 21:39:57,1683769198,16.3,23.8,98600,1.00,3.00,5.00,6.00,0.0321,0
2023-05-10 21:44:58,1683769499,16.0,24.7,98600,1.00,2.00,3.00,4.00,0.0406,0
2023-05-10 21:49:58,1683769799,15.8,24.9,98693,1.00,3.00,6.00,7.00,0.0419,0
2023-05-10 21:54:59,1683770100,15.5,24.9,98700,1e-7,2.00,3.00,4.00,0.0128,0
2023-05-10 21:59:40,1683770380,15.3,25.9,98700,1e-7,4.00,7.00,8.00,0.0128,0
2023-05-10 22:04:41,1683770681,15.1,26.4,98700,1.00,5.00,8.00,9.00,0.0154,0
2023-05-10 22:09:42,1683770982,14.9,26.8,98700,1.00,2.00,3.00,4.00,0.0203,0
2023-05-10 22:14:42,1683771283,14.7,27.3,98700,2.00,2.00,3.00,4.00,0.0219,0
2023-05-10 22:19:43,1683771584,14.4,27.4,98700,1.00,2.00,3.00,4.00,0.0190,0
2023-05-10 22:24:44,1683771885,14.3,27.4,98700,1.00,3.00,5.00,6.00,0.00995,0
2023-05-10 22:29:45,1683772186,14.1,27.3,98700,1.00,3.00,5.00,7.00,0.0135,0
2023-05-10 22:34:47,1683772487,13.9,27.9,98700,1.00,2.00,3.00,4.00,0.0135,0
2023-05-10 22:39:48,1683772788,13.7,28.1,98700,1.00,2.00,3.00,4.00,0.0166,0
2023-05-10 22:44:49,1683773089,13.6,28.9,98700,1.00,2.00,3.00,4.00,0.00995,0
2023-05-10 22:49:50,1683773391,13.4,30.4,98700,2.00,5.00,8.00,9.00,0.0152,0
2023-05-10 22:54:51,1683773692,13.2,30.1,98700,2.00,3.00,6.00,8.00,0.0159,0
2023-05-10 22:59:53,1683773993,13.1,30.7,98700,1.00,4.00,6.00,8.00,0.0180,0
2023-05-10 23:04:54,1683774294,12.9,30.4,98700,1.00,2.00,4.00,4.00,0.0180,0
2023-05-10 23:09:55,1683774596,12.8,31.6,98700,1.00,3.00,4.00,5.00,0.0115,0
2023-05-10 23:14:57,1683774897,12.7,31.5,98700,1.00,2.00,3.00,3.00,0.0113,0
2023-05-10 23:19:58,1683775198,12.5,31.6,98700,1.00,2.00,3.00,4.00,0.0105,0
2023-05-10 23:24:59,1683775500,12.4,31.8,98700,1.00,2.00,3.00,4.00,0.0104,0
2023-05-10 23:29:41,1683775781,12.3,31.9,98700,1.00,2.00,3.00,3.00,0.00995,0
2023-05-10 23:34:42,1683776083,12.2,31.9,98700,1.00,3.00,6.00,8.00,0.00995,0
2023-05-10 23:39:44,1683776384,12.1,33.0,98700,2.00,9.00,16.0,19.0,0.0205,0
2023-05-10 23:44:45,1683776686,11.9,33.0,98700,1.00,2.00,3.00,4.00,0.0235,0
2023-05-10 23:49:47,1683776988,11.8,33.8,98700,2.00,2.00,2.00,3.00,0.0299,0
2023-05-10 23:54:49,1683777290,11.7,33.5,98700,1.00,2.00,3.00,4.00,0.0164,0
2023-05-10 23:59:51,1683777591,11.6,33.9,98700,1.00,3.00,6.00,8.00,0.0119,0
2023-05-11 00:04:53,1683777893,11.5,34.8,98700,1e-7,1.00,2.00,3.00,0.0148,0
2023-05-11 00:09:54,1683778195,11.4,35.7,98700,1.00,1.00,2.00,3.00,0.0127,0
2023-05-11 00:14:56,1683778497,11.3,36.2,98700,1.00,2.00,3.00,4.00,0.00995,0
2023-05-11 00:19:58,1683778799,11.2,35.6,98700,1.00,2.00,3.00,4.00,0.00995,0
2023-05-11 00:24:40,1683779081,11.2,35.8,98700,1.00,3.00,5.00,6.00,0.0123,0
2023-05-11 00:29:42,1683779383,11.1,35.9,98700,1.00,3.00,5.00,6.00,0.0109,0
2023-05-11 00:34:44,1683779685,11.0,36.9,98700,1.00,4.00,7.00,8.00,0.0112,0
2023-05-11 00:39:47,1683779987,10.9,37.8,98700,1.00,2.00,3.00,4.00,0.0143,0
2023-05-11 00:44:49,1683780289,10.8,38.0,98700,1.00,2.00,3.00,4.00,0.0128,0
2023-05-11 00:49:50,1683780591,10.8,37.3,98700,1.00,3.00,4.00,4.00,0.0121,0
2023-05-11 00:54:52,1683780893,10.7,37.5,98700,1.00,3.00,6.00,8.00,0.0100,0
2023-05-11 00:59:54,1683781195,10.7,38.0,98700,1e-7,3.00,5.00,6.00,0.0144,0
2023-05-11 01:04:56,1683781497,10.6,37.5,98700,1.00,3.00,5.00,6.00,0.0155,0
2023-05-11 01:09:58,1683781799,10.6,37.4,98700,1.00,2.00,3.00,4.00,0.0155,0
2023-05-11 01:14:40,1683782080,10.5,38.0,98700,1.00,4.00,7.00,9.00,0.0107,0
2023-05-11 01:19:42,1683782382,10.4,39.4,98700,1.00,3.00,4.00,5.00,0.0155,0
2023-05-11 01:24:44,1683782684,10.3,39.4,98700,1.00,3.00,4.00,5.00,0.0222,0
2023-05-11 01:29:46,1683782986,10.2,39.4,98700,1.00,5.00,8.00,10.0,0.0247,0
2023-05-11 01:34:48,1683783288,10.1,39.2,98700,1e-7,2.00,3.00,4.00,0.0247,0
2023-05-11 01:39:50,1683783591,10.1,39.6,98700,1e-7,1.00,2.00,3.00,0.0207,0
2023-05-11 01:44:52,1683783893,10.0,39.6,98700,1e-7,2.00,3.00,4.00,0.0139,0
2023-05-11 01:49:54,1683784195,9.92,39.8,98700,1.00,3.00,6.00,8.00,0.0183,0
2023-05-11 01:54:57,1683784497,9.84,39.6,98700,1.00,3.00,5.00,6.00,0.0214,0
2023-05-11 01:59:59,1683784800,9.76,40.0,98700,1.00,2.00,2.00,3.00,0.0144,0
2023-05-11 02:04:41,1683785082,9.66,40.7,98700,1.00,3.00,6.00,7.00,0.0132,0
2023-05-11 02:09:44,1683785384,9.58,40.6,98700,1e-7,2.00,3.00,4.00,0.0127,0
2023-05-11 02:14:46,1683785686,9.51,41.0,98700,1.00,4.00,6.00,7.00,0.0150,0
2023-05-11 02:19:49,1683785989,9.44,41.2,98700,1.00,4.00,6.00,7.00,0.0188,0
2023-05-11 02:24:51,1683786292,9.37,41.4,98700,1.00,3.00,6.00,8.00,0.0135,0
2023-05-11 02:29:54,1683786594,9.31,41.9,98700,1.00,2.00,3.00,4.00,0.0171,0
2023-05-11 02:34:56,1683786897,9.25,41.6,98700,1.00,2.00,3.00,4.00,0.0171,0
2023-05-11 02:39:59,1683787199,9.20,41.9,98700,1.00,5.00,8.00,10.0,0.0123,0
2023-05-11 02:44:41,1683787482,9.12,42.4,98700,1.00,2.00,3.00,4.00,0.0252,0
2023-05-11 02:49:43,1683787784,9.05,42.1,98700,2.00,3.00,5.00,7.00,0.0237,0
2023-05-11 02:54:46,1683788087,8.99,42.1,98700,1e-7,4.00,7.00,8.00,0.0162,0
2023-05-11 02:59:48,1683788389,8.92,42.1,98700,2.00,2.00,3.00,4.00,0.0119,0
2023-05-11 03:04:51,1683788691,8.86,42.6,98700,1.00,4.00,7.00,8.00,0.0119,0
2023-05-11 03:09:54,1683788994,8.79,41.9,98700,1.00,2.00,4.00,5.00,0.0150,0
2023-05-11 03:14:56,1683789297,8.71,42.6,98700,2.00,3.00,5.00,6.00,0.0150,0
2023-05-11 03:19:59,1683789600,8.64,43.4,98700,1.00,3.00,5.00,6.00,0.0130,0
2023-05-11 03:24:42,1683789882,8.57,43.0,98700,1.00,2.00,3.00,4.00,0.0132,0
2023-05-11 03:29:44,1683790185,8.52,43.6,98700,1.00,2.00,4.00,5.00,0.0134,0
2023-05-11 03:34:47,1683790488,8.52,43.8,98700,2.00,2.00,3.00,4.00,0.0104,0
2023-05-11 03:39:50,1683790791,8.52,44.1,98700,1.00,1.00,3.00,4.00,0.0102,0
2023-05-11 03:44:53,1683791093,8.50,44.3,98700,1.00,3.00,4.00,5.00,0.0102,0
2023-05-11 03:49:56,1683791396,8.45,44.2,98700,1.00,3.00,5.00,6.00,0.0123,0
2023-05-11 03:54:58,1683791699,8.40,44.8,98700,2.00,4.00,6.00,7.00,0.0106,0
2023-05-11 03:59:41,1683791981,8.36,44.8,98700,1.00,2.00,3.00,4.00,0.0114,0
2023-05-11 04:04:43,1683792284,8.32,44.4,98700,4.00,4.00,6.00,8.00,0.0118,0
2023-05-11 04:09:46,1683792587,8.25,44.0,98700,1.00,3.00,5.00,6.00,0.0150,0
2023-05-11 04:14:49,1683792890,8.19,43.9,98700,1.00,2.00,3.00,4.00,0.0219,0
2023-05-11 04:19:52,1683793193,8.11,44.0,98700,1.00,2.00,3.00,4.00,0.0180,0
2023-05-11 04:24:55,1683793495,8.03,44.2,98700,1.00,6.00,11.0,13.0,0.0217,0
2023-05-11 04:29:57,1683793798,7.95,44.5,98700,1.00,3.00,5.00,6.00,0.0240,0
2023-05-11 04:34:40,1683794080,7.88,45.3,98700,1.00,2.00,3.00,4.00,0.0207,0
2023-05-11 04:39:42,1683794383,7.82,45.3,98700,1.00,2.00,3.00,4.00,0.0202,0
2023-05-11 04:44:45,1683794686,7.77,46.0,98700,2.00,3.00,5.00,6.00,0.0139,0
2023-05-11 04:49:48,1683794988,7.73,45.4,98700,1.00,3.00,5.00,6.00,0.0159,0
2023-05-11 04:54:50,1683795291,7.70,45.2,98700,1.00,3.00,5.00,6.00,0.0112,0
2023-05-11 04:59:53,1683795594,7.64,45.6,98700,1.00,2.00,3.00,4.00,0.0125,0
2023-05-11 05:04:56,1683795896,7.57,45.7,98700,1e-7,2.00,3.00,4.00,0.0125,0
2023-05-11 05:09:59,1683796199,7.50,45.6,98700,1.00,3.00,5.00,6.00,0.00995,0
2023-05-11 05:14:41,1683796482,7.46,45.2,98750,1.00,3.00,6.00,8.00,0.0105,0
2023-05-11 05:19:44,1683796785,7.42,44.9,98747,1.00,3.00,5.00,6.00,0.0118,0
2023-05-11 05:24:47,1683797087,7.37,44.7,98713,1.00,2.00,3.00,4.00,0.0122,0
2023-05-11 05:29:50,1683797390,7.31,45.1,98740,1.00,2.00,3.00,4.00,0.0147,0
2023-05-11 05:34:53,1683797693,7.27,45.5,98780,2.00,2.00,3.00,4.00,0.00995,0
2023-05-11 05:39:56,1683797996,7.22,45.9,98800,1.00,2.00,3.00,4.00,0.00995,0
2023-05-11 05:44:59,1683798299,7.21,45.7,98800,2.00,2.00,2.00,3.00,0.00995,0
2023-05-11 05:48:21,1683798501,7.23,45.9,98800,1.00,2.00,3.00,4.00,0.00995,0
2023-05-11 10:54:55,1683816895,34.3,9.83,98800,2.00,3.00,5.00,5.00,,
2023-05-11 10:59:48,1683817189,34.6,9.55,98800,4.00,4.00,5.00,6.00,,
2023-05-11 11:04:22,1683817463,34.9,9.27,98800,5.00,7.00,8.00,8.00,,
2023-05-11 11:14:52,1683818093,35.2,8.86,98800,2.00,2.00,2.00,2.00,0.0217,0
2023-05-11 11:19:46,1683818386,35.1,8.89,98800,7.00,9.00,12.0,14.0,0.0217,0
2023-05-11 11:24:49,1683818690,34.2,8.32,98800,4.00,5.00,7.00,8.00,0.0182,0
2023-05-11 11:29:43,1683818984,33.3,8.73,98800,4.00,4.00,4.00,4.00,0.0456,0
2023-05-11 11:34:57,1683819297,33.4,9.23,98800,7.00,7.00,7.00,8.00,0.0539,0
2023-05-11 11:36:15,1683819375,33.8,8.76,98800,3.00,3.00,3.00,3.00,0.0539,0
2023-05-11 11:44:54,1683819894,33.1,9.43,98800,1.00,1.00,2.00,2.00,0.0494,0
2023-05-11 11:49:48,1683820188,33.2,9.05,98800,4.00,6.00,8.00,9.00,0.0225,0
2023-05-11 11:51:25,1683820286,33.3,8.56,98800,4.00,5.00,6.00,6.00,0.0225,0
2023-05-11 11:59:48,1683820789,33.7,8.80,98800,2.00,3.00,5.00,5.00,0.0220,0
2023-05-11 12:04:42,1683821083,34.2,8.80,98800,3.00,4.00,5.00,5.00,0.0330,0
2023-05-11 12:06:39,1683821200,34.5,8.71,98800,1.00,5.00,7.00,8.00,0.0144,0
2023-05-11 12:14:48,1683821689,34.8,8.15,98800,4.00,6.00,8.00,8.00,0.0126,0
2023-05-11 12:19:42,1683821983,34.5,8.23,98800,5.00,5.00,6.00,7.00,0.0173,0
2023-05-11 12:21:01,1683822061,34.3,8.70,98800,1.00,2.00,2.00,3.00,0.0217,0
2023-05-11 12:29:50,1683822590,34.5,8.29,98800,5.00,5.00,5.00,5.00,0.0182,0
2023-05-11 12:34:44,1683822884,34.6,8.02,98800,5.00,6.00,8.00,8.00,0.0172,0
2023-05-11 12:36:02,1683822963,34.5,7.77,98800,3.00,3.00,3.00,3.00,0.0172,0
2023-05-11 12:49:42,1683823782,33.8,8.52,98800,7.00,10.0,11.0,12.0,0.0279,0
2023-05-11 12:52:38,1683823959,34.1,8.55,98800,3.00,4.00,5.00,5.00,0.0400,0
2023-05-11 12:59:53,1683824394,33.7,8.67,98800,1.00,2.00,2.00,3.00,0.00934,0
2023-05-11 13:04:48,1683824688,33.8,8.04,98800,2.00,3.00,3.00,3.00,0.0622,0
2023-05-11 13:07:05,1683824826,33.6,8.17,98800,2.00,3.00,4.00,5.00,0.0308,0
2023-05-11 13:14:55,1683825296,33.4,7.98,98800,3.00,5.00,9.00,10.0,0.0260,0
2023-05-11 13:19:50,1683825590,33.4,7.92,98800,4.00,4.00,5.00,5.00,0.0197,0
2023-05-11 13:23:05,1683825785,32.9,8.05,98800,1.00,3.00,4.00,4.00,0.0175,0
2023-05-11 13:29:56,1683826197,32.9,8.57,98800,1.00,2.00,3.00,3.00,0.0175,0
2023-05-11 13:34:51,1683826491,33.3,8.78,98800,1.00,5.00,8.00,9.00,0.0230,0
2023-05-11 13:38:27,1683826707,33.7,8.37,98800,2.00,2.00,2.00,3.00,0.0118,0
2023-05-11 13:44:50,1683827090,34.0,8.28,98800,1.00,2.00,3.00,4.00,0.0174,0
2023-05-11 13:49:44,1683827384,34.2,8.22,98787,3.00,3.00,4.00,5.00,0.0168,0
2023-05-11 13:53:39,1683827619,34.2,8.34,98783,1.00,3.00,6.00,7.00,0.0101,0
2023-05-11 14:04:58,1683828299,34.3,7.94,98700,1.00,5.00,7.00,9.00,0.0103,0
2023-05-11 14:08:34,1683828514,34.1,7.88,98700,1.00,4.00,7.00,9.00,0.0174,0
2023-05-11 14:14:45,1683828886,33.7,7.82,98700,1e-7,1e-7,1e-7,1.00,0.0140,0
2023-05-11 14:19:59,1683829200,33.3,7.98,98700,2.00,2.00,4.00,5.00,0.0146,0
2023-05-11 14:22:56,1683829377,33.0,8.04,98700,1.00,3.00,5.00,6.00,0.0102,0
2023-05-11 14:29:49,1683829790,32.2,8.66,98700,2.00,2.00,2.00,2.00,0.00901,0
2023-05-11 14:34:44,1683830084,32.2,8.83,98700,2.00,3.00,4.00,4.00,0.0115,0
2023-05-11 14:39:19,1683830360,32.4,8.93,98700,2.00,3.00,4.00,5.00,0.0107,0
2023-05-11 14:44:51,1683830691,32.7,8.99,98700,1e-7,1.00,2.00,3.00,0.0112,0
2023-05-11 14:49:45,1683830986,32.9,9.03,98700,3.00,3.00,5.00,6.00,0.0117,0
2023-05-11 14:54:01,1683831241,33.1,8.98,98700,1.00,2.00,3.00,4.00,0.0117,0
2023-05-11 15:04:50,1683831890,32.7,8.84,98700,2.00,5.00,8.00,9.00,0.0123,0
2023-05-11 15:09:24,1683832165,32.7,8.75,98700,2.00,3.00,4.00,4.00,0.0182,0
2023-05-11 15:19:40,1683832780,32.8,8.75,98700,2.00,2.00,2.00,3.00,0.0165,0
2023-05-11 15:23:55,1683833036,32.8,8.89,98700,1.00,4.00,6.00,8.00,0.0217,0
2023-05-11 15:39:15,1683833955,32.8,8.88,98700,1.00,3.00,5.00,6.00,0.0150,0
2023-05-11 15:54:54,1683834894,33.0,8.93,98700,2.00,2.00,3.00,3.00,0.0168,0
2023-05-11 15:55:33,1683834933,33.0,8.82,98700,1.00,2.00,3.00,4.00,0.0158,0
2023-05-11 16:04:43,1683835484,32.9,8.90,98700,2.00,2.00,2.00,3.00,0.0178,0
2023-05-11 16:09:58,1683835798,32.7,8.98,98700,3.00,3.00,4.00,4.00,0.0105,0
2023-05-11 16:11:16,1683835876,32.4,8.83,98700,2.00,2.00,2.00,3.00,0.0100,0
2023-05-11 16:19:46,1683836387,31.7,9.57,98690,1.00,2.00,3.00,3.00,0.0103,0
2023-05-11 16:24:41,1683836682,31.6,9.86,98693,1.00,2.00,3.00,4.00,0.0103,0
2023-05-11 16:25:40,1683836741,31.5,9.58,98700,2.00,2.00,2.00,2.00,0.0101,0
2023-05-11 16:34:46,1683837286,31.4,9.69,98650,1.00,2.00,4.00,5.00,0.0102,0
2023-05-11 16:39:41,1683837581,31.3,9.78,98647,2.00,2.00,2.00,3.00,0.0103,0
2023-05-11 16:41:19,1683837679,31.1,9.87,98700,1.00,1.00,2.00,2.00,0.0103,0
2023-05-11 16:49:41,1683838181,30.9,10.0,98700,1.00,2.00,4.00,4.00,0.0103,0
2023-05-11 16:54:56,1683838497,30.5,10.2,98700,3.00,3.00,3.00,4.00,0.0101,0
2023-05-11 16:59:52,1683838793,30.1,10.5,98700,2.00,3.00,3.00,4.00,0.00995,0
2023-05-11 17:04:48,1683839089,29.7,10.7,98700,2.00,2.00,2.00,3.00,0.00995,0
2023-05-11 17:09:45,1683839385,29.5,11.0,98700,1.00,2.00,3.00,3.00,0.00995,0
2023-05-11 17:14:41,1683839681,29.3,10.9,98700,2.00,6.00,9.00,11.0,0.0229,0
2023-05-11 17:19:57,1683839997,29.1,11.1,98700,2.00,3.00,5.00,6.00,0.0235,0
2023-05-11 17:24:53,1683840294,29.0,11.4,98700,2.00,5.00,7.00,8.00,0.0130,0
2023-05-11 17:29:50,1683840590,28.9,11.3,98700,3.00,3.00,3.00,3.00,0.0183,0
2023-05-11 17:34:46,1683840887,28.8,11.4,98700,2.00,2.00,3.00,4.00,0.0180,0
2023-05-11 17:39:43,1683841184,28.6,11.4,98700,2.00,3.00,5.00,6.00,0.0192,0
2023-05-11 17:44:59,1683841500,28.5,11.8,98700,4.00,4.00,4.00,4.00,0.0117,0
2023-05-11 17:49:56,1683841797,28.5,11.9,98700,2.00,2.00,4.00,4.00,0.0114,0
2023-05-11 17:54:52,1683842093,28.4,11.8,98700,2.00,4.00,6.00,8.00,0.0115,0
2023-05-11 17:59:49,1683842389,28.3,11.8,98700,4.00,5.00,6.00,7.00,0.0143,0
2023-05-11 18:04:46,1683842686,28.1,11.9,98700,4.00,5.00,5.00,5.00,0.0146,0
2023-05-11 18:09:43,1683842983,27.9,11.8,98613,4.00,5.00,6.00,6.00,0.0120,0
2023-05-11 18:14:59,1683843300,27.8,12.0,98600,3.00,4.00,4.00,5.00,0.0118,0
2023-05-11 18:19:56,1683843597,27.7,12.4,98633,2.00,3.00,4.00,5.00,0.0114,0
2023-05-11 18:24:54,1683843894,27.5,12.8,98700,1.00,1.00,3.00,4.00,0.0146,0
2023-05-11 18:29:51,1683844191,27.3,12.8,98700,2.00,2.00,3.00,4.00,0.0134,0
2023-05-11 18:34:48,1683844489,27.1,12.8,98687,2.00,3.00,4.00,4.00,0.0102,0
2023-05-11 18:39:45,1683844786,26.9,13.1,98693,2.00,5.00,7.00,8.00,0.0127,0
2023-05-11 18:44:43,1683845083,26.8,13.4,98700,3.00,4.00,4.00,5.00,0.0132,0
2023-05-11 18:49:40,1683845381,26.6,13.5,98700,5.00,5.00,7.00,8.00,0.0130,0
2023-05-11 18:54:57,1683845698,26.4,13.8,98700,3.00,4.00,4.00,5.00,0.0130,0
2023-05-11 18:59:55,1683845995,26.3,14.4,98700,2.00,2.00,2.00,3.00,0.0158,0
2023-05-11 19:04:52,1683846293,26.1,14.2,98700,2.00,4.00,7.00,9.00,0.0152,0
2023-05-11 19:09:50,1683846591,25.9,14.7,98700,3.00,4.00,6.00,6.00,0.0190,0
2023-05-11 19:14:48,1683846888,25.6,15.1,98700,3.00,6.00,10.0,13.0,0.0109,0
2023-05-11 19:19:46,1683847186,25.4,15.2,98700,3.00,4.00,5.00,5.00,0.0131,0
2023-05-11 19:24:44,1683847484,25.1,16.0,98700,2.00,3.00,3.00,3.00,0.0216,0
2023-05-11 19:29:42,1683847782,24.7,16.9,98700,2.00,3.00,5.00,6.00,0.0266,0
2023-05-11 19:34:40,1683848080,24.3,18.4,98700,2.00,4.00,6.00,7.00,0.0124,0
2023-05-11 19:39:58,1683848398,23.9,18.2,98700,2.00,3.00,4.00,4.00,0.0127,0
2023-05-11 19:44:56,1683848697,23.5,19.6,98700,1.00,2.00,3.00,3.00,0.0153,0
2023-05-11 19:49:55,1683848995,23.2,19.9,98700,2.00,5.00,8.00,9.00,0.0145,0
2023-05-11 19:54:53,1683849294,22.8,20.2,98700,3.00,4.00,5.00,6.00,0.0219,0
2023-05-11 19:59:52,1683849593,22.4,20.4,98700,2.00,5.00,7.00,9.00,0.0212,0
2023-05-11 20:04:51,1683849891,22.1,20.7,98700,3.00,3.00,4.00,5.00,0.0211,0
2023-05-11 20:09:50,1683850190,21.7,20.9,98700,3.00,5.00,7.00,8.00,0.0211,0
2023-05-11 20:14:48,1683850489,21.4,21.9,98700,3.00,4.00,5.00,6.00,0.0333,0
2023-05-11 20:19:48,1683850788,21.1,24.0,98700,3.00,4.00,5.00,6.00,0.0291,0
2023-05-11 20:24:47,1683851088,20.7,22.7,98700,3.00,5.00,9.00,11.0,0.0272,0
2023-05-11 20:29:46,1683851387,20.5,22.6,98700,3.00,3.00,5.00,6.00,0.0272,0
2023-05-11 20:34:46,1683851687,20.2,23.4,98700,4.00,4.00,4.00,4.00,0.0252,0
2023-05-11 20:39:45,1683851986,19.9,24.4,98700,2.00,7.00,11.0,13.0,0.0172,0
2023-05-11 20:44:45,1683852286,19.7,24.8,98700,2.00,4.00,7.00,8.00,0.0312,0
2023-05-11 20:49:44,1683852585,19.5,24.3,98700,3.00,4.00,6.00,7.00,0.0312,0
2023-05-11 20:54:44,1683852884,19.2,25.7,98700,2.00,3.00,3.00,4.00,0.0223,0
2023-05-11 20:59:44,1683853184,19.0,25.2,98700,2.00,3.00,3.00,3.00,0.0156,0
2023-05-11 21:04:44,1683853485,18.8,26.0,98700,3.00,4.00,5.00,5.00,0.0112,0
2023-05-11 21:09:44,1683853785,18.6,26.0,98713,3.00,4.00,5.00,5.00,0.0114,0
2023-05-11 21:14:44,1683854085,18.4,26.2,98780,2.00,4.00,7.00,9.00,0.0131,0
2023-05-11 21:19:44,1683854385,18.2,27.0,98747,2.00,4.00,5.00,5.00,0.0136,0
2023-05-11 21:24:44,1683854685,18.0,27.7,98793,2.00,5.00,8.00,10.0,0.0147,0
2023-05-11 21:29:44,1683854985,17.8,27.7,98760,2.00,4.00,5.00,5.00,0.0147,0
2023-05-11 21:34:44,1683855285,17.7,27.8,98760,2.00,5.00,7.00,8.00,0.0135,0
2023-05-11 21:39:44,1683855585,17.5,29.0,98793,2.00,2.00,3.00,4.00,0.0116,0
2023-05-11 21:44:44,1683855885,17.3,29.1,98800,2.00,3.00,4.00,4.00,0.0170,0
2023-05-11 21:49:44,1683856185,17.2,29.6,98800,2.00,3.00,5.00,6.00,0.0116,0
2023-05-11 21:54:45,1683856486,17.0,30.1,98800,4.00,4.00,5.00,5.00,0.0123,0
2023-05-11 21:59:45,1683856786,16.8,31.2,98800,4.00,4.00,5.00,6.00,0.0112,0
2023-05-11 22:04:45,1683857086,16.6,31.3,98800,2.00,5.00,8.00,9.00,0.0105,0
2023-05-11 22:09:46,1683857386,16.5,31.3,98800,4.00,5.00,6.00,7.00,0.0190,0
2023-05-11 22:14:46,1683857687,16.3,31.0,98800,2.00,5.00,7.00,8.00,0.0173,0
2023-05-11 22:19:47,1683857988,16.2,31.2,98800,2.00,3.00,4.00,4.00,0.0121,0
2023-05-11 22:24:48,1683858288,16.1,32.0,98800,2.00,5.00,7.00,8.00,0.0120,0
2023-05-11 22:29:48,1683858589,16.0,31.8,98800,2.00,4.00,5.00,6.00,0.0115,0
2023-05-11 22:34:49,1683858889,15.9,32.3,98733,2.00,4.00,6.00,7.00,0.0129,0
2023-05-11 22:39:49,1683859190,15.7,32.6,98700,2.00,4.00,5.00,6.00,0.0162,0
2023-05-11 22:44:50,1683859490,15.6,33.7,98700,4.00,5.00,6.00,8.00,0.0132,0
2023-05-11 22:49:51,1683859791,15.5,34.0,98700,2.00,4.00,7.00,8.00,0.0217,0
2023-05-11 22:54:51,1683860092,15.4,33.8,98700,2.00,5.00,7.00,8.00,0.0146,0
2023-05-11 22:59:52,1683860392,15.3,33.9,98700,2.00,3.00,6.00,8.00,0.0164,0
2023-05-11 23:04:55,1683860695,15.3,34.3,98700,2.00,4.00,5.00,6.00,0.0235,0
2023-05-11 23:09:56,1683860996,15.2,34.6,98700,5.00,6.00,6.00,6.00,0.0221,0
2023-05-11 23:14:56,1683861297,15.1,34.0,98700,2.00,3.00,5.00,6.00,0.0146,0
2023-05-11 23:19:57,1683861598,15.1,34.5,98700,2.00,3.00,4.00,5.00,0.0121,0
2023-05-11 23:24:58,1683861898,15.1,35.4,98700,2.00,3.00,5.00,6.00,0.0111,0
2023-05-11 23:29:59,1683862199,15.1,35.2,98700,2.00,2.00,2.00,3.00,0.0128,0
2023-05-11 23:34:59,1683862500,15.0,35.4,98700,2.00,2.00,3.00,4.00,0.0172,0
2023-05-11 23:39:40,1683862781,15.0,36.2,98700,2.00,7.00,11.0,13.0,0.0207,0
2023-05-11 23:44:41,1683863081,15.0,36.3,98700,3.00,3.00,4.00,4.00,0.0206,0
2023-05-11 23:49:42,1683863382,15.0,36.1,98700,3.00,4.00,6.00,6.00,0.0173,0
2023-05-11 23:54:42,1683863683,15.0,36.0,98700,3.00,3.00,4.00,5.00,0.0128,0
2023-05-11 23:59:43,1683863983,15.0,36.9,98700,4.00,4.00,6.00,7.00,0.0119,0
2023-05-12 00:04:44,1683864284,15.0,36.8,98700,2.00,3.00,5.00,6.00,0.0123,0
2023-05-12 00:09:44,1683864585,15.0,36.6,98700,2.00,2.00,3.00,4.00,0.0147,0
2023-05-12 00:14:45,1683864886,15.0,36.2,98700,2.00,3.00,4.00,5.00,0.0129,0
2023-05-12 00:19:46,1683865187,15.1,36.4,98700,7.00,8.00,9.00,10.0,0.0105,0
2023-05-12 00:24:48,1683865488,15.0,37.8,98700,6.00,6.00,7.00,8.00,0.0449,0
2023-05-12 00:29:49,1683865789,15.0,37.8,98700,2.00,4.00,7.00,9.00,0.0449,0
2023-05-12 00:34:50,1683866090,15.0,37.4,98700,4.00,6.00,8.00,9.00,0.0150,0
2023-05-12 00:39:50,1683866391,15.0,36.9,98700,1.00,2.00,3.00,4.00,0.0124,0
2023-05-12 00:44:51,1683866692,14.9,36.4,98700,3.00,4.00,5.00,6.00,0.0219,0
2023-05-12 00:49:53,1683866993,14.9,37.5,98700,2.00,4.00,7.00,9.00,0.0193,0
2023-05-12 00:54:54,1683867294,14.8,37.3,98700,2.00,6.00,9.00,10.0,0.0156,0
2023-05-12 00:59:55,1683867595,14.7,36.7,98700,2.00,2.00,3.00,4.00,0.0156,0
2023-05-12 01:04:56,1683867896,14.7,37.0,98700,2.00,3.00,5.00,7.00,0.0119,0
2023-05-12 01:09:57,1683868197,14.6,37.4,98700,4.00,4.00,4.00,5.00,0.0119,0
2023-05-12 01:14:58,1683868498,14.5,37.7,98700,2.00,3.00,5.00,6.00,0.0107,0
2023-05-12 01:19:59,1683868799,14.4,37.8,98680,3.00,5.00,7.00,7.00,0.0161,0
2023-05-12 01:24:40,1683869080,14.4,37.6,98643,2.00,4.00,7.00,9.00,0.0117,0
2023-05-12 01:29:41,1683869381,14.3,37.9,98653,3.00,3.00,3.00,3.00,0.0117,0
2023-05-12 01:34:42,1683869682,14.3,38.8,98627,3.00,4.00,5.00,6.00,0.0122,0
2023-05-12 01:39:43,1683869984,14.2,38.8,98620,2.00,3.00,5.00,6.00,0.0113,0
2023-05-12 01:44:44,1683870285,14.3,38.4,98600,2.00,3.00,5.00,7.00,0.0113,0
2023-05-12 01:49:45,1683870586,14.3,38.5,98600,2.00,4.00,6.00,7.00,0.0147,0
2023-05-12 01:54:46,1683870887,14.3,39.1,98600,4.00,6.00,10.0,12.0,0.0115,0
2023-05-12 01:59:47,1683871188,14.4,38.7,98600,2.00,2.00,3.00,3.00,0.0125,0
2023-05-12 02:04:48,1683871489,14.4,38.2,98600,4.00,4.00,4.00,4.00,0.0310,0
2023-05-12 02:09:49,1683871790,14.5,38.3,98600,2.00,3.00,5.00,6.00,0.0212,0
2023-05-12 02:14:50,1683872091,14.5,38.5,98607,1.00,4.00,7.00,9.00,0.0126,0
2023-05-12 02:19:51,1683872392,14.5,38.2,98700,2.00,4.00,6.00,6.00,0.0126,0
2023-05-12 02:24:52,1683872693,14.5,39.3,98700,2.00,3.00,5.00,6.00,0.0144,0
2023-05-12 02:29:53,1683872994,14.4,39.0,98700,2.00,3.00,4.00,4.00,0.0124,0
2023-05-12 02:34:54,1683873295,14.3,40.4,98700,2.00,4.00,5.00,7.00,0.0101,0
2023-05-12 02:39:57,1683873598,14.2,39.0,98679,3.00,4.00,6.00,7.00,0.0123,0
2023-05-12 02:44:59,1683873899,14.3,39.8,98673,2.00,4.00,6.00,7.00,0.0132,0
2023-05-12 02:49:40,1683874180,14.3,40.0,98621,2.00,3.00,6.00,7.00,0.0124,0
2023-05-12 02:54:41,1683874481,14.3,40.0,98600,2.00,3.00,3.00,4.00,0.0150,0
2023-05-12 02:59:42,1683874783,14.4,39.7,98600,2.00,3.00,4.00,4.00,0.0175,0
2023-05-12 03:04:43,1683875084,14.4,39.2,98600,1.00,3.00,5.00,6.00,0.0131,0
2023-05-12 03:09:44,1683875385,14.5,39.5,98600,2.00,4.00,6.00,7.00,0.0191,0
2023-05-12 03:14:45,1683875686,14.5,39.9,98600,2.00,2.00,3.00,4.00,0.0191,0
2023-05-12 03:19:47,1683875987,14.5,40.2,98600,1.00,2.00,3.00,4.00,0.0151,0
2023-05-12 03:24:48,1683876288,14.5,39.5,98600,2.00,3.00,4.00,4.00,0.0111,0
2023-05-12 03:29:49,1683876589,14.6,39.0,98600,2.00,3.00,3.00,3.00,0.00995,0
2023-05-12 03:34:50,1683876890,14.6,39.3,98600,2.00,2.00,3.00,3.00,0.00995,0
2023-05-12 03:39:51,1683877191,14.6,39.5,98627,3.00,3.00,5.00,6.00,0.0116,0
2023-05-12 03:44:52,1683877493,14.6,39.1,98700,2.00,3.00,3.00,4.00,0.0116,0
2023-05-12 03:49:53,1683877794,14.7,39.6,98700,5.00,5.00,5.00,6.00,0.0159,0
2023-05-12 03:54:54,1683878094,14.6,39.6,98700,2.00,8.00,13.0,15.0,0.0189,0
2023-05-12 03:59:55,1683878395,14.6,40.0,98700,5.00,6.00,7.00,8.00,0.0166,0
2023-05-12 04:04:55,1683878696,14.6,40.6,98700,2.00,3.00,5.00,6.00,0.0223,0
2023-05-12 04:09:57,1683878997,14.6,40.4,98627,1.00,2.00,3.00,4.00,0.0206,0
2023-05-12 04:14:58,1683879298,14.7,40.9,98700,3.00,3.00,4.00,5.00,0.0170,0
2023-05-12 04:19:59,1683879599,14.7,40.7,98700,2.00,3.00,5.00,6.00,0.0152,0
2023-05-12 04:24:40,1683879880,14.7,41.3,98700,4.00,5.00,5.00,5.00,0.0158,0
2023-05-12 04:29:41,1683880181,14.7,40.3,98700,2.00,3.00,5.00,6.00,0.0146,0
2023-05-12 04:34:42,1683880482,14.8,41.7,98700,3.00,5.00,5.00,6.00,0.0126,0
2023-05-12 04:39:42,1683880783,14.8,42.6,98700,5.00,7.00,7.00,8.00,0.0141,0
2023-05-12 04:44:43,1683881084,14.7,42.4,98700,4.00,4.00,4.00,5.00,0.0133,0
2023-05-12 04:49:44,1683881385,14.7,43.0,98700,4.00,6.00,8.00,9.00,0.0115,0
2023-05-12 04:54:45,1683881686,14.8,41.8,98700,2.00,2.00,3.00,4.00,0.0209,0
2023-05-12 04:59:46,1683881987,14.9,41.0,98700,3.00,3.00,4.00,4.00,0.0330,0
2023-05-12 05:04:47,1683882287,14.9,40.5,98700,5.00,9.00,11.0,13.0,0.0307,0
2023-05-12 05:09:48,1683882588,15.0,41.8,98700,4.00,4.00,6.00,7.00,0.0244,0
2023-05-12 05:14:48,1683882889,15.0,41.4,98700,2.00,5.00,7.00,8.00,0.0215,0
2023-05-12 05:19:49,1683883190,15.0,41.0,98700,2.00,3.00,4.00,5.00,0.0215,0
2023-05-12 05:24:51,1683883491,15.0,40.7,98700,2.00,3.00,3.00,4.00,0.0147,0
2023-05-12 05:29:52,1683883792,15.0,40.5,98700,2.00,3.00,5.00,5.00,0.0164,0
2023-05-12 05:34:53,1683884093,15.0,41.1,98700,2.00,2.00,3.00,4.00,0.0118,0
2023-05-12 05:39:54,1683884394,15.0,41.1,98700,2.00,5.00,7.00,8.00,0.0103,0
2023-05-12 05:44:58,1683884699,15.0,41.4,98700,1.00,3.00,5.00,6.00,0.0123,0
2023-05-12 05:49:59,1683885000,15.0,41.7,98700,3.00,5.00,6.00,7.00,0.0131,0
2023-05-12 05:54:40,1683885280,15.0,42.0,98700,1.00,4.00,7.00,8.00,0.0142,0
2023-05-12 05:59:41,1683885581,15.0,41.6,98700,2.00,2.00,3.00,4.00,0.0177,0
2023-05-12 06:04:44,1683885884,15.1,42.5,98700,2.00,2.00,3.00,3.00,0.00995,0
2023-05-12 06:09:45,1683886185,15.1,42.8,98700,3.00,4.00,5.00,6.00,0.00995,0
2023-05-12 06:12:45,1683886366,15.1,43.0,98700,2.00,2.00,3.00,4.00,0.0102,0
2023-05-12 10:29:50,1683901791,25.2,28.2,98800,1.00,2.00,3.00,3.00,,
2023-05-12 10:34:48,1683902088,24.8,29.4,98800,5.00,6.00,6.00,7.00,,
2023-05-12 10:39:45,1683902386,24.0,33.4,98800,3.00,3.00,5.00,5.00,,
2023-05-12 10:40:45,1683902445,23.5,35.5,98800,3.00,3.00,3.00,4.00,0.0200,0
2023-05-12 12:44:40,1683909881,31.1,24.2,98700,2.00,3.00,5.00,6.00,,
2023-05-12 12:45:39,1683909940,31.3,23.7,98700,2.00,6.00,10.0,12.0,,
2023-05-12 12:54:59,1683910500,31.8,23.0,98700,1.00,2.00,4.00,4.00,,
2023-05-12 12:59:54,1683910795,32.6,22.2,98700,4.00,4.00,4.00,4.00,,
2023-05-12 13:00:14,1683910814,32.9,22.3,98700,1.00,2.00,3.00,3.00,0.0135,0
2023-05-12 13:14:40,1683911681,34.2,19.6,98600,2.00,5.00,8.00,9.00,0.0156,0
2023-05-12 13:15:59,1683911759,34.3,19.3,98600,1.00,3.00,4.00,4.00,0.0128,0
2023-05-12 13:24:40,1683912281,34.6,18.7,98600,1.00,1.00,2.00,3.00,0.0162,0
2023-05-12 13:29:54,1683912595,34.7,18.7,98600,2.00,2.00,3.00,4.00,0.0194,0
2023-05-12 13:30:53,1683912654,35.0,18.4,98600,1e-7,1.00,1.00,1.00,0.0100,0
2023-05-12 13:44:52,1683913493,34.3,17.6,98600,1.00,4.00,7.00,8.00,0.0148,0
2023-05-12 13:47:29,1683913649,33.5,18.2,98600,1.00,2.00,2.00,3.00,0.0150,0
2023-05-12 13:54:55,1683914095,31.1,22.8,98600,2.00,4.00,7.00,8.00,0.0149,0
2023-05-12 13:59:50,1683914391,30.0,24.9,98600,2.00,4.00,7.00,8.00,0.0109,0
2023-05-12 14:01:48,1683914509,29.8,24.8,98600,1.00,6.00,11.0,13.0,0.0122,0
2023-05-12 14:14:54,1683915295,30.7,22.4,98600,2.00,6.00,9.00,10.0,0.0140,0
2023-05-12 14:18:10,1683915491,30.9,21.2,98600,1e-7,3.00,6.00,7.00,0.0171,0
2023-05-12 14:24:53,1683915893,30.7,20.1,98600,1.00,4.00,6.00,7.00,0.0299,0
2023-05-12 14:29:48,1683916189,30.7,19.9,98600,1.00,2.00,3.00,4.00,0.0288,0
2023-05-12 14:32:46,1683916366,30.8,20.0,98600,1e-7,1.00,2.00,3.00,0.0103,0
2023-05-12 14:39:57,1683916798,31.6,19.7,98600,1.00,1.00,1.00,1.00,0.00991,0
2023-05-12 14:44:52,1683917093,31.8,19.6,98600,1.00,2.00,3.00,4.00,0.0135,0
2023-05-12 14:48:47,1683917328,32.3,18.8,98600,1e-7,5.00,9.00,11.0,0.0168,0
2023-05-12 14:54:40,1683917681,32.6,17.8,98600,1e-7,1.00,2.00,3.00,0.0162,0
2023-05-12 14:59:55,1683917995,32.2,17.8,98600,2.00,3.00,4.00,5.00,0.0162,0
2023-05-12 15:02:32,1683918153,31.5,18.1,98600,1.00,1.00,2.00,3.00,0.0127,0
2023-05-12 15:09:46,1683918587,31.3,19.1,98600,1e-7,1e-7,1e-7,1e-7,0.0129,0
2023-05-12 15:14:41,1683918882,31.6,18.4,98600,1.00,3.00,5.00,6.00,0.0131,0
2023-05-12 15:19:16,1683919157,32.1,17.7,98600,1.00,2.00,3.00,4.00,0.0103,0
2023-05-12 15:24:49,1683919490,31.8,17.4,98600,1e-7,1e-7,1e-7,1e-7,0.0103,0
2023-05-12 15:29:45,1683919785,31.5,17.5,98600,1e-7,3.00,6.00,8.00,0.0103,0
2023-05-12 15:33:02,1683919982,31.3,17.3,98580,2.00,2.00,3.00,4.00,0.0119,0
2023-05-12 15:44:44,1683920685,31.5,16.2,98500,1e-7,2.00,3.00,4.00,0.0113,0
2023-05-12 15:49:19,1683920960,31.2,16.7,98500,2.00,2.00,2.00,2.00,0.0126,0
2023-05-12 15:54:46,1683921287,30.7,17.1,98500,1.00,2.00,2.00,3.00,0.0122,0
2023-05-12 15:59:41,1683921582,30.9,16.8,98500,1.00,2.00,3.00,4.00,0.0138,0
2023-05-12 16:04:37,1683921877,31.1,16.4,98507,2.00,4.00,7.00,8.00,0.00995,0
2023-05-12 16:14:46,1683922487,30.9,15.3,98569,1e-7,2.00,3.00,4.00,0.0113,0
2023-05-12 16:19:42,1683922782,30.3,15.4,98580,1.00,2.00,3.00,4.00,0.0158,0
2023-05-12 16:20:21,1683922821,29.8,15.7,98600,1.00,1.00,2.00,2.00,0.00890,0
2023-05-12 16:29:52,1683923392,29.4,16.3,98600,1.00,3.00,5.00,6.00,0.0118,0
2023-05-12 16:34:48,1683923688,29.5,16.4,98600,1.00,7.00,13.0,16.0,0.0123,0
2023-05-12 16:35:46,1683923747,29.5,16.6,98600,1e-7,1e-7,1e-7,1e-7,0.0115,0
2023-05-12 16:44:56,1683924296,29.7,16.6,98600,2.00,2.00,3.00,4.00,0.0117,0
2023-05-12 16:49:32,1683924573,29.6,16.5,98600,1.00,3.00,4.00,4.00,0.0199,0
2023-05-12 16:59:45,1683925185,29.3,17.1,98600,1.00,2.00,3.00,3.00,0.0111,0
2023-05-12 17:04:41,1683925482,29.1,17.3,98600,1.00,3.00,5.00,6.00,0.0108,0
2023-05-12 17:05:01,1683925501,29.0,17.3,98600,1e-7,1e-7,1e-7,1e-7,0.0109,0
2023-05-12 17:19:44,1683926384,28.7,17.7,98600,1.00,2.00,3.00,4.00,0.0119,0
2023-05-12 17:21:22,1683926483,28.5,17.8,98600,1e-7,3.00,5.00,7.00,0.0110,0
2023-05-12 17:29:46,1683926987,28.2,18.1,98600,1.00,5.00,8.00,10.0,0.0123,0
2023-05-12 17:34:43,1683927283,28.1,18.7,98600,2.00,3.00,3.00,3.00,0.0225,0
2023-05-12 17:36:02,1683927362,28.0,18.7,98600,1.00,1.00,1.00,1.00,0.0155,0
2023-05-12 17:44:54,1683927894,27.9,18.7,98600,2.00,2.00,2.00,3.00,0.0228,0
2023-05-12 17:49:51,1683928191,27.7,18.7,98600,2.00,3.00,3.00,4.00,0.0221,0
2023-05-12 17:54:48,1683928488,27.5,19.1,98600,1.00,3.00,5.00,6.00,0.0114,0
2023-05-12 17:59:45,1683928785,27.3,19.3,98600,1.00,1.00,2.00,3.00,0.0103,0
2023-05-12 18:04:42,1683929082,27.2,19.4,98600,1.00,3.00,5.00,7.00,0.0106,0
2023-05-12 18:09:59,1683929399,27.1,19.4,98600,2.00,2.00,3.00,4.00,0.0118,0
2023-05-12 18:14:56,1683929696,26.9,19.6,98600,2.00,4.00,7.00,9.00,0.0137,0
2023-05-12 18:19:53,1683929993,26.6,19.9,98600,2.00,2.00,4.00,4.00,0.0182,0
2023-05-12 18:24:50,1683930291,26.5,20.3,98600,1.00,2.00,3.00,4.00,0.0195,0
2023-05-12 18:29:54,1683930594,26.3,20.4,98600,2.00,2.00,3.00,4.00,0.0148,0
2023-05-12 18:34:51,1683930892,26.2,20.6,98600,1.00,3.00,5.00,6.00,0.0106,0
2023-05-12 18:39:49,1683931189,26.1,20.6,98600,2.00,3.00,3.00,4.00,0.0105,0
2023-05-12 18:44:48,1683931489,26.0,20.9,98600,1e-7,2.00,3.00,4.00,0.00995,0
2023-05-12 18:49:46,1683931786,26.0,21.3,98600,1.00,2.00,3.00,4.00,0.00995,0
2023-05-12 18:54:43,1683932084,25.9,21.5,98600,2.00,2.00,3.00,4.00,0.00995,0
2023-05-12 18:59:41,1683932381,25.8,21.5,98600,1.00,2.00,3.00,4.00,0.00995,0
2023-05-12 19:04:59,1683932699,25.6,21.5,98600,1.00,4.00,7.00,9.00,0.0112,0
2023-05-12 19:09:56,1683932997,25.4,21.9,98593,2.00,3.00,3.00,4.00,0.0178,0
2023-05-12 19:14:54,1683933295,25.2,22.2,98560,1.00,3.00,6.00,8.00,0.0164,0
2023-05-12 19:19:53,1683933593,25.1,22.5,98600,2.00,2.00,3.00,4.00,0.0127,0
2023-05-12 19:24:51,1683933891,24.9,22.8,98600,1.00,3.00,6.00,7.00,0.0109,0
2023-05-12 19:29:49,1683934189,24.8,23.1,98593,1.00,3.00,6.00,8.00,0.0117,0
2023-05-12 19:34:47,1683934487,24.6,22.9,98600,1.00,2.00,3.00,4.00,0.0125,0
2023-05-12 19:39:45,1683934785,24.5,22.8,98593,4.00,4.00,7.00,9.00,0.0125,0
2023-05-12 19:44:43,1683935083,24.3,23.6,98600,2.00,3.00,3.00,4.00,0.0205,0
2023-05-12 19:49:41,1683935382,24.0,25.9,98600,2.00,3.00,4.00,4.00,0.0174,0
2023-05-12 19:54:40,1683935680,23.5,27.2,98600,3.00,4.00,4.00,4.00,0.0114,0
2023-05-12 19:59:58,1683935999,23.1,28.0,98600,3.00,4.00,6.00,8.00,0.0106,0
2023-05-12 20:04:57,1683936297,22.7,29.0,98600,2.00,4.00,7.00,9.00,0.00963,0
2023-05-12 20:09:56,1683936596,22.4,29.4,98600,2.00,5.00,7.00,8.00,0.0176,0
2023-05-12 20:14:54,1683936895,22.2,30.1,98600,4.00,7.00,10.0,11.0,0.0176,0
2023-05-12 20:19:54,1683937194,22.0,29.8,98600,3.00,4.00,5.00,6.00,0.0127,0
2023-05-12 20:24:53,1683937493,21.9,30.5,98600,4.00,4.00,5.00,6.00,0.0129,0
2023-05-12 20:29:52,1683937792,21.8,30.2,98600,4.00,4.00,5.00,6.00,0.0131,0
2023-05-12 20:34:51,1683938091,21.7,30.3,98700,5.00,5.00,6.00,6.00,0.0158,0
2023-05-12 20:39:50,1683938390,21.7,30.7,98680,4.00,6.00,8.00,9.00,0.0400,0
2023-05-12 20:44:49,1683938689,21.6,30.9,98700,5.00,6.00,6.00,7.00,0.0221,0
2023-05-12 20:49:48,1683938988,21.4,31.2,98700,4.00,4.00,5.00,5.00,0.0259,0
2023-05-12 20:54:47,1683939287,21.3,31.7,98700,6.00,7.00,8.00,9.00,0.0160,0
2023-05-12 20:59:46,1683939587,21.1,32.0,98700,2.00,3.00,4.00,5.00,0.0303,0
2023-05-12 21:04:45,1683939886,20.8,32.6,98700,3.00,7.00,11.0,13.0,0.0300,0
2023-05-12 21:09:45,1683940185,20.6,32.8,98700,3.00,6.00,10.0,12.0,0.0418,0
2023-05-12 21:14:44,1683940484,20.3,33.2,98700,2.00,3.00,4.00,5.00,0.0228,0
2023-05-12 21:19:43,1683940783,20.1,33.5,98700,2.00,6.00,9.00,10.0,0.0343,0
2023-05-12 21:24:42,1683941083,19.9,34.2,98700,3.00,4.00,4.00,5.00,0.0138,0
2023-05-12 21:29:42,1683941382,19.6,34.6,98700,3.00,3.00,3.00,3.00,0.0136,0
2023-05-12 21:34:42,1683941682,19.4,34.1,98700,4.00,5.00,5.00,6.00,0.0178,0
2023-05-12 21:39:41,1683941982,19.3,34.6,98700,1.00,2.00,3.00,4.00,0.0133,0
2023-05-12 21:44:41,1683942281,19.2,34.9,98700,1.00,3.00,4.00,5.00,0.0126,0
2023-05-12 21:49:40,1683942581,19.2,37.3,98800,2.00,5.00,9.00,11.0,0.0124,0
2023-05-12 21:54:40,1683942881,19.1,39.4,98787,2.00,5.00,8.00,10.0,0.0232,0
2023-05-12 21:59:40,1683943180,18.8,41.2,98700,2.00,3.00,4.00,4.00,0.0310,0
2023-05-12 22:04:40,1683943480,18.5,42.3,98700,2.00,2.00,3.00,4.00,0.0384,0
2023-05-12 22:09:40,1683943780,18.3,43.0,98700,1.00,4.00,7.00,8.00,0.0157,0
2023-05-12 22:14:40,1683944080,18.1,43.7,98700,1.00,2.00,4.00,4.00,0.0112,0
2023-05-12 22:19:40,1683944380,17.8,44.9,98700,3.00,3.00,5.00,6.00,0.0114,0
2023-05-12 22:24:40,1683944681,17.5,45.5,98700,2.00,3.00,4.00,5.00,0.0120,0
2023-05-12 22:29:48,1683944988,17.2,45.7,98700,1.00,3.00,5.00,6.00,0.0122,0
2023-05-12 22:34:48,1683945289,16.9,46.3,98700,2.00,5.00,7.00,8.00,0.0105,0
2023-05-12 22:39:48,1683945589,16.6,46.4,98700,2.00,4.00,7.00,8.00,0.0122,0
2023-05-12 22:44:49,1683945889,16.4,47.1,98700,1.00,3.00,5.00,7.00,0.0119,0
2023-05-12 22:49:50,1683946190,16.1,47.4,98700,1.00,2.00,4.00,5.00,0.0104,0
2023-05-12 22:54:50,1683946491,15.9,47.8,98700,1.00,3.00,5.00,6.00,0.0105,0
2023-05-12 22:59:51,1683946791,15.7,48.4,98700,2.00,3.00,6.00,8.00,0.0140,0
2023-05-12 23:04:51,1683947092,15.5,48.7,98700,2.00,3.00,6.00,7.00,0.0196,0
2023-05-12 23:09:52,1683947392,15.3,49.0,98700,1.00,2.00,3.00,4.00,0.0251,0
2023-05-12 23:14:52,1683947693,15.0,49.7,98700,1.00,3.00,5.00,6.00,0.0215,0
2023-05-12 23:19:53,1683947993,14.9,49.8,98700,1.00,2.00,3.00,4.00,0.0110,0
2023-05-12 23:24:53,1683948294,14.7,50.8,98700,2.00,3.00,3.00,4.00,0.0104,0
2023-05-12 23:29:54,1683948594,14.6,50.7,98700,2.00,3.00,3.00,3.00,0.00995,0
2023-05-12 23:34:55,1683948895,14.6,49.9,98700,2.00,3.00,5.00,6.00,0.0109,0
2023-05-12 23:39:56,1683949196,14.6,49.6,98700,4.00,4.00,5.00,5.00,0.0114,0
2023-05-12 23:44:57,1683949497,14.6,46.9,98700,5.00,5.00,6.00,7.00,0.0140,0
2023-05-12 23:49:58,1683949799,14.7,45.6,98700,2.00,5.00,8.00,10.0,0.0339,0
2023-05-12 23:54:59,1683950100,14.8,44.0,98733,4.00,6.00,9.00,10.0,0.0250,0
2023-05-12 23:59:40,1683950381,14.9,44.3,98800,2.00,2.00,2.00,2.00,0.0262,0
2023-05-13 00:04:41,1683950681,14.8,43.9,98800,4.00,5.00,6.00,6.00,0.0262,0
2023-05-13 00:09:42,1683950982,14.8,42.8,98800,3.00,4.00,5.00,5.00,0.0172,0
2023-05-13 00:14:43,1683951284,14.8,41.5,98800,3.00,7.00,11.0,13.0,0.0313,0
2023-05-13 00:19:44,1683951584,14.8,41.1,98800,4.00,4.00,5.00,5.00,0.0313,0
2023-05-13 00:24:45,1683951885,14.9,41.1,98800,4.00,4.00,5.00,6.00,0.0272,0
2023-05-13 00:29:46,1683952186,14.8,40.3,98800,6.00,6.00,6.00,6.00,0.0144,0
2023-05-13 00:34:47,1683952487,14.9,40.0,98800,3.00,4.00,5.00,5.00,0.0165,0
2023-05-13 00:39:47,1683952788,14.8,39.6,98800,6.00,6.00,7.00,7.00,0.0150,0
2023-05-13 00:44:48,1683953089,14.8,39.5,98800,5.00,6.00,7.00,8.00,0.0242,0
2023-05-13 00:49:50,1683953390,14.8,39.4,98800,3.00,6.00,9.00,11.0,0.0170,0
2023-05-13 00:54:51,1683953691,14.7,39.4,98800,5.00,7.00,9.00,10.0,0.0271,0
2023-05-13 00:59:52,1683953992,14.6,39.2,98800,5.00,5.00,8.00,9.00,0.0103,0
2023-05-13 01:04:52,1683954293,14.5,38.7,98800,5.00,6.00,8.00,9.00,0.0115,0
2023-05-13 01:09:53,1683954594,14.4,38.2,98800,5.00,6.00,7.00,8.00,0.0137,0
2023-05-13 01:14:55,1683954895,14.2,38.3,98813,5.00,6.00,8.00,10.0,0.0198,0
2023-05-13 01:19:56,1683955196,14.0,37.9,98847,6.00,6.00,6.00,6.00,0.0159,0
2023-05-13 01:24:57,1683955497,13.8,37.8,98887,3.00,4.00,5.00,5.00,0.0364,0
2023-05-13 01:29:58,1683955798,13.7,37.8,98900,5.00,5.00,6.00,8.00,0.0364,0
2023-05-13 01:34:59,1683956099,13.5,37.6,98900,6.00,8.00,10.0,11.0,0.0698,0
2023-05-13 01:39:40,1683956381,13.4,37.8,98900,4.00,5.00,5.00,6.00,0.0561,0
2023-05-13 01:44:41,1683956682,13.2,37.8,98887,4.00,4.00,5.00,6.00,0.0681,0
2023-05-13 01:49:42,1683956983,13.1,38.1,98833,4.00,5.00,7.00,8.00,0.0440,0
2023-05-13 01:54:44,1683957284,12.9,38.1,98900,3.00,4.00,6.00,6.00,0.0153,0
2023-05-13 01:59:45,1683957585,12.8,38.1,98900,3.00,3.00,5.00,6.00,0.0131,0
2023-05-13 02:04:46,1683957887,12.7,37.4,98900,4.00,5.00,7.00,9.00,0.0124,0
2023-05-13 02:09:48,1683958188,12.6,36.8,98900,3.00,6.00,8.00,9.00,0.0167,0
2023-05-13 02:14:49,1683958490,12.6,36.7,98900,2.00,4.00,6.00,7.00,0.0169,0
2023-05-13 02:19:51,1683958791,12.5,36.4,98900,4.00,5.00,7.00,9.00,0.0150,0
2023-05-13 02:24:52,1683959093,12.4,36.1,98900,4.00,4.00,5.00,6.00,0.0131,0
2023-05-13 02:29:53,1683959394,12.3,36.3,98900,2.00,3.00,3.00,4.00,0.0153,0
2023-05-13 02:34:55,1683959695,12.2,36.3,98900,4.00,5.00,5.00,6.00,0.0125,0
2023-05-13 02:39:56,1683959997,12.1,36.1,98900,4.00,6.00,9.00,11.0,0.0184,0
2023-05-13 02:44:58,1683960298,12.0,36.4,98900,2.00,3.00,5.00,6.00,0.0255,0
2023-05-13 02:49:59,1683960600,11.9,36.6,98900,2.00,3.00,4.00,4.00,0.0286,0
2023-05-13 02:54:41,1683960882,11.8,36.4,98900,2.00,4.00,6.00,8.00,0.0187,0
2023-05-13 02:59:43,1683961183,11.7,36.8,98900,4.00,4.00,5.00,5.00,0.0137,0
2023-05-13 03:04:45,1683961485,11.7,36.8,98900,2.00,3.00,5.00,6.00,0.0128,0
2023-05-13 03:09:47,1683961787,11.6,37.1,98900,2.00,5.00,8.00,9.00,0.0122,0
2023-05-13 03:14:48,1683962089,11.4,37.0,98900,2.00,5.00,6.00,7.00,0.0192,0
2023-05-13 03:19:50,1683962390,11.4,37.1,98900,3.00,3.00,4.00,5.00,0.0209,0
2023-05-13 03:24:52,1683962692,11.3,37.3,98900,4.00,4.00,5.00,6.00,0.0209,0
2023-05-13 03:29:53,1683962994,11.2,37.5,98900,2.00,2.00,3.00,4.00,0.0113,0
2023-05-13 03:34:55,1683963296,11.1,37.6,98900,4.00,5.00,8.00,10.0,0.0178,0
2023-05-13 03:39:57,1683963597,11.1,37.6,98900,2.00,4.00,6.00,7.00,0.0311,0
2023-05-13 03:44:59,1683963899,11.0,37.7,98900,1.00,3.00,4.00,5.00,0.0189,0
2023-05-13 03:49:41,1683964181,10.9,38.0,98900,2.00,3.00,4.00,4.00,0.0189,0
2023-05-13 03:54:43,1683964483,10.9,38.5,98900,2.00,2.00,2.00,3.00,0.0127,0
2023-05-13 03:59:45,1683964786,10.9,38.7,98900,1.00,2.00,3.00,4.00,0.0100,0
2023-05-13 04:04:47,1683965088,10.9,38.5,98900,2.00,4.00,5.00,6.00,0.0100,0
2023-05-13 04:09:49,1683965390,10.9,38.2,98900,1.00,4.00,7.00,9.00,0.0185,0
2023-05-13 04:14:51,1683965692,10.9,38.3,98900,2.00,3.00,5.00,6.00,0.0158,0
2023-05-13 04:19:53,1683965994,10.8,38.3,98900,3.00,4.00,4.00,4.00,0.0125,0
2023-05-13 04:24:55,1683966296,10.8,38.3,98900,2.00,3.00,6.00,8.00,0.0111,0
2023-05-13 04:29:57,1683966598,10.7,38.6,98900,1.00,3.00,5.00,6.00,0.0115,0
2023-05-13 04:34:59,1683966899,10.7,38.7,98900,1.00,2.00,3.00,4.00,0.0161,0
2023-05-13 04:39:41,1683967181,10.6,38.6,98900,3.00,8.00,12.0,14.0,0.0474,0
2023-05-13 04:44:43,1683967483,10.6,38.6,98900,1.00,2.00,4.00,4.00,0.0474,0
2023-05-13 04:49:45,1683967786,10.5,38.8,98900,1.00,3.00,4.00,5.00,0.0379,0
2023-05-13 04:54:47,1683968088,10.4,39.1,98900,1.00,5.00,8.00,10.0,0.0256,0
2023-05-13 04:59:49,1683968390,10.2,39.8,98900,1.00,4.00,7.00,9.00,0.0166,0
2023-05-13 05:04:51,1683968692,10.1,40.4,98900,2.00,4.00,6.00,8.00,0.0131,0
2023-05-13 05:09:54,1683968994,9.85,40.5,98900,1.00,2.00,3.00,4.00,0.0122,0
2023-05-13 05:14:56,1683969296,9.63,41.1,98933,2.00,4.00,6.00,8.00,0.0144,0
2023-05-13 05:19:59,1683969599,9.42,41.9,98960,1.00,2.00,3.00,4.00,0.0175,0
2023-05-13 05:24:41,1683969881,9.22,42.0,99000,1.00,2.00,3.00,4.00,0.0213,0
2023-05-13 05:29:43,1683970184,9.02,42.7,99000,2.00,6.00,8.00,10.0,0.0127,0
2023-05-13 05:34:46,1683970486,8.83,42.9,99000,1e-7,1.00,3.00,4.00,0.0148,0
2023-05-13 05:39:48,1683970789,8.68,42.9,99000,2.00,2.00,3.00,4.00,0.0139,0
2023-05-13 05:44:51,1683971091,8.57,42.8,99000,1.00,3.00,5.00,6.00,0.0108,0
2023-05-13 05:46:52,1683971212,8.49,43.3,99000,2.00,3.00,5.00,7.00,0.0108,0
2023-05-13 09:48:57,1683985738,22.3,22.1,98900,2.00,2.00,3.00,3.00,,
2023-05-13 11:14:54,1683990894,24.9,18.9,98900,1e-7,3.00,5.00,7.00,,
2023-05-13 11:19:51,1683991191,25.4,18.7,98913,1.00,2.00,3.00,4.00,,
2023-05-13 11:22:49,1683991369,25.7,18.3,99000,8.00,26.0,39.0,47.0,,
2023-05-13 11:34:45,1683992086,25.9,18.2,99000,1e-7,1e-7,1e-7,1e-7,,
2023-05-13 11:39:42,1683992382,26.2,18.1,99000,1.00,2.00,3.00,4.00,0.0550,0
2023-05-13 11:44:45,1683992685,26.0,18.1,99000,1.00,2.00,3.00,4.00,0.0616,0
2023-05-13 11:49:42,1683992982,25.8,18.1,99000,2.00,4.00,6.00,7.00,0.0453,0
2023-05-13 11:53:59,1683993239,25.8,18.0,99000,1e-7,3.00,6.00,8.00,0.0453,0
2023-05-13 12:04:41,1683993881,25.9,17.9,99000,1.00,2.00,3.00,4.00,0.0103,0
2023-05-13 12:08:58,1683994139,25.4,17.8,99000,2.00,3.00,3.00,4.00,0.0210,0
2023-05-13 12:24:41,1683995082,23.6,17.6,98986,1.00,3.00,5.00,6.00,0.0129,0
2023-05-13 12:25:20,1683995121,24.0,17.2,99000,1e-7,1.00,3.00,4.00,0.0129,0
2023-05-13 12:34:55,1683995696,25.4,16.6,98977,2.00,4.00,7.00,9.00,0.0129,0
2023-05-13 12:39:52,1683995993,24.9,16.2,99000,1.00,2.00,3.00,4.00,0.0128,0
2023-05-13 12:40:51,1683996051,24.5,16.3,99000,1e-7,2.00,3.00,4.00,0.0128,0
2023-05-13 12:49:44,1683996585,23.0,17.1,99000,2.00,3.00,5.00,6.00,0.0121,0
2023-05-13 12:54:42,1683996883,21.5,18.9,99000,1.00,3.00,6.00,7.00,0.0123,0
2023-05-13 12:56:21,1683996982,20.8,19.6,99000,1e-7,1.00,2.00,3.00,0.00999,0
2023-05-13 13:04:58,1683997499,19.9,20.9,99000,2.00,2.00,3.00,4.00,0.0152,0
2023-05-13 13:09:57,1683997797,19.4,21.4,99000,2.00,2.00,3.00,4.00,0.0138,0
2023-05-13 13:11:16,1683997877,18.8,22.3,99000,1.00,2.00,3.00,3.00,0.00995,0
2023-05-13 13:19:51,1683998391,17.8,23.9,99000,1.00,5.00,8.00,10.0,0.00995,0
2023-05-13 13:24:50,1683998691,17.3,25.0,99087,1.00,3.00,4.00,5.00,0.0121,0
2023-05-13 13:26:50,1683998810,17.0,25.7,99100,1.00,2.00,3.00,3.00,0.0168,0
2023-05-13 13:34:47,1683999288,17.3,25.0,99063,1e-7,1e-7,1e-7,1e-7,0.0168,0
2023-05-13 13:39:47,1683999587,17.5,24.4,99093,1.00,4.00,8.00,9.00,0.0217,0
2023-05-13 13:42:46,1683999766,17.8,23.8,99089,1.00,2.00,3.00,4.00,0.0167,0
2023-05-13 13:49:41,1684000181,18.3,22.4,99100,1e-7,2.00,3.00,4.00,0.0217,0
2023-05-13 13:54:40,1684000480,18.5,21.7,99100,2.00,9.00,14.0,17.0,0.00944,0
2023-05-13 13:57:20,1684000640,18.7,21.7,99100,1e-7,1e-7,1e-7,1e-7,0.0155,0
2023-05-13 14:04:49,1684001090,18.7,21.8,99100,1e-7,2.00,3.00,4.00,0.0123,0
2023-05-13 14:09:49,1684001389,19.1,21.0,99100,1e-7,1e-7,1e-7,1e-7,0.0268,0
2023-05-13 14:12:28,1684001549,19.2,20.9,99100,1.00,2.00,3.00,3.00,0.0257,0
2023-05-13 14:19:45,1684001985,18.2,21.3,99100,1e-7,1e-7,1e-7,1e-7,0.0191,0
2023-05-13 14:24:45,1684002285,17.8,21.6,99100,1e-7,1.00,2.00,3.00,0.00995,0
2023-05-13 14:29:03,1684002544,17.4,21.9,99100,1e-7,2.00,3.00,4.00,0.00995,0
2023-05-13 14:34:41,1684002881,17.0,21.5,99100,1e-7,1e-7,1e-7,1e-7,0.00995,0
2023-05-13 14:39:40,1684003181,16.9,21.9,99100,1.00,2.00,3.00,4.00,0.00995,0
2023-05-13 14:44:00,1684003441,16.7,22.9,99100,1e-7,5.00,9.00,11.0,0.0148,0
2023-05-13 14:49:50,1684003791,16.4,24.0,99100,1e-7,1.00,3.00,4.00,0.0114,0
2023-05-13 14:54:50,1684004091,16.1,24.6,99100,1e-7,2.00,3.00,4.00,0.0138,0
2023-05-13 14:58:30,1684004311,16.2,25.0,99100,1e-7,1.00,3.00,4.00,0.0128,0
2023-05-13 15:09:59,1684005000,15.4,26.2,99200,1e-7,1e-7,1e-7,1e-7,0.00840,0
2023-05-13 15:14:20,1684005260,15.4,25.1,99200,1e-7,1.00,3.00,4.00,0.00995,0
2023-05-13 15:24:57,1684005897,16.0,25.7,99200,1.00,3.00,4.00,4.00,0.00995,0
2023-05-13 15:29:37,1684006177,16.5,25.9,99200,2.00,2.00,2.00,2.00,0.00995,0
2023-05-13 15:39:53,1684006794,17.2,23.2,99200,1e-7,1.00,2.00,3.00,0.00998,0
2023-05-13 15:44:53,1684007094,17.6,22.8,99200,1.00,3.00,5.00,6.00,0.00998,0
2023-05-13 15:46:13,1684007173,17.9,22.0,99200,1e-7,1.00,2.00,3.00,0.0100,0
2023-05-13 15:54:49,1684007690,18.3,21.7,99200,1e-7,1.00,3.00,4.00,0.0104,0
2023-05-13 15:59:49,1684007990,18.1,20.7,99200,1.00,2.00,3.00,4.00,0.0116,0
2023-05-13 16:01:28,1684008089,17.7,20.4,99200,1.00,2.00,3.00,4.00,0.00961,0
2023-05-13 16:09:46,1684008586,16.9,21.6,99200,1e-7,3.00,5.00,6.00,0.0117,0
2023-05-13 16:14:45,1684008886,16.6,22.0,99200,5.00,20.0,33.0,39.0,0.129,0
2023-05-13 16:17:05,1684009025,16.4,22.1,99200,1e-7,1e-7,1e-7,1e-7,0.129,0
2023-05-13 16:24:40,1684009481,16.1,22.6,99200,1e-7,1e-7,1e-7,1e-7,0.119,0
2023-05-13 16:29:40,1684009781,16.1,21.8,99200,1.00,2.00,3.00,3.00,0.156,0
2023-05-13 16:32:40,1684009961,15.9,21.3,99200,1e-7,2.00,3.00,4.00,0.102,0
2023-05-13 16:44:48,1684010689,15.6,22.0,99200,1e-7,6.00,10.0,12.0,0.0189,0
2023-05-13 16:48:27,1684010908,15.6,21.8,99200,1.00,1.00,2.00,3.00,0.0208,0
2023-05-13 16:54:51,1684011292,15.5,21.3,99200,19.0,111,186,224,0.0608,0
2023-05-13 16:59:52,1684011593,15.5,20.1,99200,1.00,2.00,3.00,4.00,0.0628,0
2023-05-13 17:02:12,1684011733,15.3,20.0,99200,1e-7,1.00,3.00,3.00,0.0628,0
2023-05-13 17:14:56,1684012497,15.7,20.6,99200,1e-7,1.00,2.00,3.00,0.0638,0
2023-05-13 17:17:56,1684012676,15.9,20.2,99200,1e-7,1.00,3.00,4.00,0.0640,0
2023-05-13 17:24:41,1684013081,16.0,20.3,99200,1.00,2.00,4.00,5.00,0.0636,0
2023-05-13 17:29:41,1684013382,16.1,20.0,99200,1.00,2.00,3.00,3.00,0.0103,0
2023-05-13 17:34:40,1684013681,15.9,19.6,99200,1e-7,1.00,3.00,4.00,0.0104,0
2023-05-13 17:39:48,1684013988,15.6,20.2,99200,1.00,2.00,3.00,3.00,0.0101,0
2023-05-13 17:44:48,1684014288,15.6,20.6,99200,1.00,2.00,3.00,4.00,0.0101,0
2023-05-13 17:49:48,1684014589,15.5,20.5,99200,1.00,3.00,5.00,6.00,0.0110,0
2023-05-13 17:54:49,1684014890,15.5,20.6,99200,1e-7,2.00,4.00,4.00,0.0121,0
2023-05-13 17:59:49,1684015190,15.4,20.4,99233,1e-7,1.00,3.00,4.00,0.0118,0
2023-05-13 18:04:50,1684015490,15.2,20.5,99300,1e-7,3.00,5.00,6.00,0.0102,0
2023-05-13 18:09:50,1684015791,15.1,20.7,99300,1.00,3.00,5.00,6.00,0.0172,0
2023-05-13 18:14:51,1684016091,14.9,21.0,99300,1.00,2.00,3.00,3.00,0.0187,0
2023-05-13 18:19:51,1684016392,14.8,21.1,99300,1e-7,2.00,3.00,4.00,0.0187,0
2023-05-13 18:24:52,1684016693,14.6,21.1,99300,1e-7,3.00,6.00,7.00,0.00995,0
2023-05-13 18:29:53,1684016993,14.5,21.4,99300,1.00,3.00,5.00,6.00,0.0130,0
2023-05-13 18:34:53,1684017294,14.5,21.6,99300,1e-7,2.00,3.00,4.00,0.0154,0
2023-05-13 18:39:54,1684017595,14.5,21.6,99300,2.00,5.00,10.0,12.0,0.0179,0
2023-05-13 18:44:55,1684017895,14.4,21.9,99300,1e-7,1e-7,1e-7,1e-7,0.0272,0
2023-05-13 18:49:56,1684018196,14.4,21.8,99300,1e-7,2.00,3.00,4.00,0.0292,0
2023-05-13 18:54:56,1684018497,14.2,22.1,99300,1e-7,1.00,3.00,4.00,0.0254,0
2023-05-13 18:59:57,1684018798,14.0,22.3,99300,1e-7,2.00,3.00,4.00,0.00995,0
2023-05-13 19:04:58,1684019099,13.8,22.8,99300,1.00,2.00,3.00,4.00,0.00995,0
2023-05-13 19:09:59,1684019400,13.6,23.2,99300,1e-7,2.00,3.00,4.00,0.00995,0
2023-05-13 19:14:41,1684019681,13.4,23.1,99350,1.00,4.00,7.00,9.00,0.0114,0
2023-05-13 19:19:42,1684019983,13.3,23.3,99400,1.00,2.00,3.00,4.00,0.0127,0
2023-05-13 19:24:43,1684020284,13.1,23.5,99400,2.00,2.00,2.00,2.00,0.0127,0
2023-05-13 19:29:45,1684020585,13.0,23.9,99400,1.00,3.00,5.00,6.00,0.0137,0
2023-05-13 19:34:46,1684020886,12.9,23.9,99400,1e-7,3.00,5.00,6.00,0.0107,0
2023-05-13 19:39:47,1684021188,12.9,24.1,99400,1.00,2.00,3.00,4.00,0.0113,0
2023-05-13 19:44:49,1684021489,12.8,24.3,99400,1e-7,1.00,2.00,3.00,0.0118,0
2023-05-13 19:49:50,1684021791,12.7,24.3,99400,1.00,2.00,3.00,4.00,0.0113,0
2023-05-13 19:54:52,1684022092,12.6,24.6,99400,1e-7,1.00,2.00,3.00,0.00995,0
2023-05-13 19:59:53,1684022394,12.6,24.8,99447,1.00,1.00,3.00,4.00,0.00995,0
2023-05-13 20:04:54,1684022695,12.6,24.8,99460,1e-7,2.00,3.00,4.00,0.00995,0
2023-05-13 20:09:56,1684022997,12.6,24.9,99400,1.00,3.00,5.00,6.00,0.0115,0
2023-05-13 20:14:57,1684023298,12.4,25.2,99433,2.00,3.00,4.00,5.00,0.0128,0
2023-05-13 20:19:59,1684023599,12.3,25.3,99467,1e-7,1.00,2.00,3.00,0.0117,0
2023-05-13 20:24:40,1684023881,12.2,25.7,99486,1e-7,2.00,3.00,4.00,0.0122,0
2023-05-13 20:29:42,1684024182,12.2,25.8,99500,4.00,27.0,46.0,55.0,0.0109,0
2023-05-13 20:34:44,1684024484,12.1,25.9,99500,1e-7,5.00,9.00,11.0,0.113,0
2023-05-13 20:39:45,1684024786,12.1,26.1,99500,1e-7,1e-7,1e-7,1e-7,0.131,0
2023-05-13 20:44:47,1684025088,12.1,26.4,99500,1e-7,2.00,3.00,4.00,0.147,0
2023-05-13 20:49:49,1684025390,12.0,26.2,99500,1e-7,2.00,3.00,4.00,0.0192,0
2023-05-13 20:54:51,1684025691,12.1,26.3,99500,1.00,2.00,3.00,4.00,0.00995,0
2023-05-13 20:59:52,1684025993,12.0,26.4,99500,1e-7,1.00,3.00,4.00,0.00995,0
2023-05-13 21:04:47,1684026287,12.0,26.6,99500,1e-7,1.00,2.00,3.00,0.00995,0
2023-05-13 21:09:49,1684026590,12.0,26.8,99500,1e-7,2.00,3.00,4.00,0.00995,0
2023-05-13 21:14:51,1684026892,11.9,27.1,99500,1.00,2.00,3.00,4.00,0.00995,0
2023-05-13 21:19:53,1684027194,11.8,27.0,99500,1e-7,2.00,3.00,4.00,0.00995,0
2023-05-13 21:24:56,1684027496,11.8,27.3,99500,1.00,1.00,2.00,3.00,0.00995,0
2023-05-13 21:29:58,1684027798,11.8,27.2,99500,1e-7,3.00,6.00,7.00,0.0110,0
2023-05-13 21:34:40,1684028080,11.7,27.4,99500,1e-7,2.00,3.00,4.00,0.0127,0
2023-05-13 21:39:42,1684028382,11.7,27.2,99500,1e-7,1.00,3.00,4.00,0.0106,0
2023-05-13 21:44:44,1684028684,11.7,27.6,99500,1.00,2.00,3.00,4.00,0.00995,0
2023-05-13 21:49:46,1684028987,11.7,27.6,99500,1e-7,1.00,2.00,3.00,0.00995,0
2023-05-13 21:54:48,1684029289,11.7,27.7,99500,1e-7,3.00,5.00,6.00,0.00995,0
2023-05-13 21:59:50,1684029591,11.7,27.9,99500,1e-7,2.00,3.00,4.00,0.0106,0
2023-05-13 22:04:53,1684029893,11.6,28.1,99500,1e-7,2.00,3.00,4.00,0.0106,0
2023-05-13 22:09:55,1684030196,11.6,28.1,99500,1e-7,2.00,3.00,4.00,0.0106,0
2023-05-13 22:14:57,1684030498,11.5,28.0,99500,1e-7,1.00,3.00,4.00,0.00995,0
2023-05-13 22:19:40,1684030780,11.5,27.8,99500,2.00,2.00,3.00,4.00,0.00995,0
2023-05-13 22:24:42,1684031082,11.5,28.1,99500,2.00,2.00,3.00,4.00,0.00995,0
2023-05-13 22:29:44,1684031385,11.5,28.2,99500,1e-7,1.00,2.00,3.00,0.00995,0
2023-05-13 22:34:46,1684031687,11.5,28.2,99500,1.00,4.00,7.00,8.00,0.0147,0
2023-05-13 22:39:48,1684031989,11.5,28.4,99500,1e-7,1e-7,1e-7,1e-7,0.0147,0
2023-05-13 22:44:51,1684032291,11.5,28.7,99500,1e-7,1e-7,1e-7,1e-7,0.0155,0
2023-05-13 22:49:53,1684032593,11.4,28.9,99500,1.00,2.00,3.00,4.00,0.00995,0
2023-05-13 22:54:55,1684032896,11.4,28.4,99500,1e-7,1e-7,1e-7,1e-7,0.00995,0
2023-05-13 22:59:58,1684033198,11.4,28.8,99500,1.00,2.00,3.00,4.00,0.00995,0
2023-05-13 23:04:40,1684033480,11.4,28.5,99500,1.00,1.00,2.00,2.00,0.00995,0
2023-05-13 23:09:42,1684033783,11.4,28.7,99500,1e-7,1.00,2.00,3.00,0.00995,0
2023-05-13 23:14:45,1684034085,11.4,28.6,99500,1e-7,1e-7,1e-7,1e-7,0.00995,0
2023-05-13 23:19:47,1684034388,11.4,28.7,99500,1.00,2.00,3.00,3.00,0.00995,0
2023-05-13 23:24:50,1684034690,11.3,29.3,99500,1e-7,2.00,3.00,4.00,0.00995,0
2023-05-13 23:29:53,1684034993,11.3,28.9,99500,1e-7,1.00,3.00,4.00,0.00995,0
2023-05-13 23:34:56,1684035296,11.3,29.5,99500,1e-7,1.00,3.00,4.00,0.00995,0
2023-05-13 23:39:58,1684035599,11.2,29.3,99500,1.00,2.00,3.00,4.00,0.00995,0
2023-05-13 23:44:41,1684035881,11.2,29.2,99500,1e-7,3.00,6.00,7.00,0.0120,0
2023-05-13 23:49:43,1684036183,11.2,29.6,99500,1e-7,1e-7,1e-7,1e-7,0.0120,0
2023-05-13 23:54:45,1684036486,11.2,29.6,99500,1e-7,1e-7,1e-7,1e-7,0.0113,0
2023-05-13 23:59:48,1684036788,11.2,29.7,99500,1e-7,1e-7,1e-7,1e-7,0.00995,0
2023-05-14 00:04:50,1684037091,11.1,29.6,99500,1e-7,1.00,1.00,1.00,0.00995,0
2023-05-14 00:09:52,1684037393,11.1,29.9,99500,1e-7,1.00,3.00,4.00,0.00995,0
2023-05-14 00:14:55,1684037695,11.1,29.9,99500,1e-7,2.00,3.00,4.00,0.00995,0
2023-05-14 00:19:57,1684037998,11.1,30.2,99500,1e-7,1.00,2.00,3.00,0.00995,0
2023-05-14 00:24:40,1684038280,11.0,30.1,99500,1e-7,1e-7,1e-7,1e-7,0.00995,0
2023-05-14 00:29:42,1684038583,11.0,30.2,99500,1.00,1.00,2.00,2.00,0.00995,0
2023-05-14 00:34:45,1684038885,11.0,30.1,99500,1.00,2.00,3.00,4.00,0.00995,0
2023-05-14 00:39:47,1684039188,11.0,30.2,99500,1.00,1.00,2.00,3.00,0.00995,0
2023-05-14 00:44:49,1684039490,11.0,30.3,99500,1e-7,1e-7,1e-7,1e-7,0.00995,0
2023-05-14 00:49:52,1684039793,11.0,30.4,99500,1e-7,1e-7,1e-7,1e-7,0.00995,0
2023-05-14 00:54:55,1684040095,11.0,30.4,99500,1e-7,1.00,2.00,3.00,0.00995,0
2023-05-14 00:59:57,1684040398,10.9,30.3,99500,1.00,4.00,7.00,8.00,0.0141,0
2023-05-14 01:04:40,1684040680,10.9,30.4,99500,1e-7,2.00,3.00,4.00,0.0141,0
2023-05-14 01:09:42,1684040983,10.9,30.7,99500,1e-7,1e-7,1e-7,1e-7,0.0143,0
2023-05-14 01:14:45,1684041285,10.8,30.8,99500,1.00,2.00,3.00,3.00,0.0127,0
2023-05-14 01:19:47,1684041588,10.8,30.9,99500,1.00,1.00,3.00,4.00,0.00995,0
2023-05-14 01:24:50,1684041890,10.8,31.0,99500,1e-7,1.00,2.00,3.00,0.00995,0
2023-05-14 01:29:52,1684042193,10.8,30.9,99500,1e-7,2.00,3.00,4.00,0.00995,0
2023-05-14 01:34:55,1684042495,10.8,31.0,99500,1e-7,1.00,3.00,4.00,0.00995,0
2023-05-14 01:39:57,1684042798,10.8,30.9,99500,1e-7,1.00,2.00,3.00,0.00995,0
2023-05-14 01:44:40,1684043080,10.8,31.2,99500,1.00,2.00,3.00,4.00,0.00995,0
2023-05-14 01:49:42,1684043383,10.8,31.5,99500,1e-7,1.00,2.00,3.00,0.00995,0
2023-05-14 01:54:45,1684043685,10.7,31.4,99500,1e-7,1e-7,1e-7,1e-7,0.00995,0
2023-05-14 01:59:48,1684043988,10.7,31.6,99500,1.00,3.00,6.00,8.00,0.0160,0
2023-05-14 02:04:50,1684044291,10.7,31.9,99500,1e-7,3.00,5.00,6.00,0.0199,0
2023-05-14 02:09:53,1684044594,10.7,31.8,99500,1e-7,1.00,3.00,4.00,0.0144,0
2023-05-14 02:14:56,1684044896,10.7,31.4,99500,1e-7,1.00,3.00,4.00,0.0144,0
2023-05-14 02:19:58,1684045199,10.7,31.7,99500,1e-7,1.00,2.00,3.00,0.0107,0
2023-05-14 02:24:40,1684045481,10.7,32.1,99500,1e-7,1.00,3.00,4.00,0.00995,0
2023-05-14 02:29:43,1684045783,10.7,32.4,99500,1e-7,1e-7,1e-7,1e-7,0.00995,0
2023-05-14 02:34:46,1684046086,10.7,32.3,99500,1e-7,2.00,3.00,4.00,0.00995,0
2023-05-14 02:39:48,1684046389,10.6,32.5,99500,1e-7,2.00,3.00,4.00,0.00995,0
2023-05-14 02:44:51,1684046691,10.5,32.5,99500,1.00,2.00,3.00,4.00,0.00995,0
2023-05-14 02:49:54,1684046994,10.4,32.3,99500,1.00,3.00,5.00,6.00,0.00995,0
2023-05-14 02:54:56,1684047297,10.2,32.4,99500,1e-7,1.00,2.00,3.00,0.0119,0
2023-05-14 02:59:59,1684047600,10.1,32.7,99500,1.00,2.00,3.00,3.00,0.0119,0
2023-05-14 03:04:42,1684047882,9.96,33.3,99500,1.00,3.00,5.00,6.00,0.0129,0
2023-05-14 03:09:45,1684048185,9.92,33.3,99500,1.00,1.00,2.00,3.00,0.0129,0
2023-05-14 03:14:47,1684048488,9.94,33.2,99500,1e-7,2.00,3.00,4.00,0.0129,0
2023-05-14 03:19:50,1684048791,9.97,33.4,99500,1.00,1.00,2.00,2.00,0.00995,0
2023-05-14 03:24:53,1684049094,9.97,33.8,99500,1e-7,2.00,3.00,4.00,0.00995,0
2023-05-14 03:29:56,1684049397,9.94,34.2,99500,1.00,1.00,2.00,3.00,0.00995,0
2023-05-14 03:34:59,1684049699,9.92,34.1,99500,1.00,4.00,6.00,7.00,0.0113,0
2023-05-14 03:39:41,1684049982,9.88,34.1,99500,2.00,3.00,5.00,6.00,0.0127,0
2023-05-14 03:44:44,1684050285,9.85,34.2,99500,1e-7,2.00,3.00,4.00,0.0117,0
2023-05-14 03:49:47,1684050587,9.87,34.3,99500,1.00,4.00,7.00,8.00,0.0118,0
2023-05-14 03:54:50,1684050890,9.89,34.8,99500,1e-7,3.00,5.00,6.00,0.0141,0
2023-05-14 03:59:53,1684051193,9.93,35.0,99500,1.00,3.00,5.00,6.00,0.0182,0
2023-05-14 04:04:55,1684051496,9.99,35.0,99500,1.00,2.00,3.00,3.00,0.0114,0
2023-05-14 04:09:58,1684051799,10.1,35.0,99500,1.00,3.00,4.00,5.00,0.0141,0
2023-05-14 04:14:41,1684052081,10.1,35.1,99500,1.00,2.00,3.00,4.00,0.0130,0
2023-05-14 04:19:43,1684052384,10.1,35.1,99500,1.00,3.00,5.00,7.00,0.0107,0
2023-05-14 04:24:46,1684052687,10.1,35.1,99500,1.00,3.00,5.00,6.00,0.0111,0
2023-05-14 04:29:49,1684052990,10.1,35.1,99500,1.00,3.00,6.00,8.00,0.0121,0
2023-05-14 04:34:52,1684053292,10.1,35.1,99500,1e-7,3.00,5.00,7.00,0.0155,0
2023-05-14 04:39:54,1684053595,10.1,35.5,99500,1.00,3.00,5.00,6.00,0.0155,0
2023-05-14 04:44:57,1684053898,10.1,35.2,99500,3.00,4.00,4.00,5.00,0.0157,0
2023-05-14 04:49:40,1684054180,10.0,35.4,99500,1e-7,2.00,3.00,4.00,0.0125,0
2023-05-14 04:54:42,1684054483,9.95,35.1,99500,1.00,3.00,4.00,5.00,0.0105,0
2023-05-14 04:59:45,1684054785,9.89,35.3,99500,1.00,4.00,7.00,9.00,0.0104,0
2023-05-14 05:04:48,1684055088,9.83,35.4,99500,1.00,2.00,3.00,3.00,0.0140,0
2023-05-14 05:09:51,1684055391,9.82,35.3,99500,1.00,3.00,5.00,6.00,0.0148,0
2023-05-14 05:14:54,1684055694,9.81,35.3,99500,1.00,2.00,3.00,4.00,0.0124,0
2023-05-14 05:19:57,1684055997,9.84,35.2,99500,1e-7,3.00,5.00,6.00,0.0105,0
2023-05-14 05:24:39,1684056280,9.87,35.1,99500,1e-7,2.00,3.00,4.00,0.0106,0
2023-05-14 05:29:42,1684056583,9.83,35.1,99500,1.00,2.00,3.00,4.00,0.0110,0
2023-05-14 05:34:45,1684056885,9.73,35.0,99500,1.00,3.00,5.00,6.00,0.0102,0
2023-05-14 05:39:48,1684057188,9.63,35.3,99500,1.00,2.00,4.00,5.00,0.0105,0
2023-05-14 05:44:54,1684057495,9.56,35.2,99500,1e-7,2.00,3.00,4.00,0.00995,0
2023-05-14 05:49:54,1684057794,9.51,35.3,99500,1.00,3.00,6.00,7.00,0.0113,0
2023-05-14 05:54:56,1684058097,9.53,35.0,99500,2.00,2.00,3.00,4.00,0.0138,0
2023-05-14 10:37:03,1684075023,24.1,10.8,99600,1e-7,1.00,1.00,1.00,,
2023-05-14 10:49:54,1684075794,24.8,10.0,99600,1.00,2.00,3.00,3.00,,
2023-05-14 10:52:13,1684075933,24.7,9.86,99600,1.00,3.00,6.00,7.00,,
2023-05-14 11:04:45,1684076686,23.9,9.83,99600,1e-7,3.00,6.00,8.00,,
2023-05-14 11:07:24,1684076844,23.7,9.57,99600,2.00,4.00,6.00,7.00,,
2023-05-14 11:19:55,1684077596,23.8,10.00,99525,1e-7,1.00,2.00,3.00,,
2023-05-14 11:22:54,1684077775,24.0,10.1,99511,1.00,2.00,3.00,4.00,0.0173,0
2023-05-14 11:34:43,1684078483,25.0,9.56,99500,1e-7,3.00,6.00,7.00,0.0223,0
2023-05-14 11:38:21,1684078701,24.9,10.4,99500,1e-7,3.00,6.00,8.00,0.0215,0
2023-05-14 11:49:43,1684079383,26.8,9.51,99500,1.00,3.00,4.00,5.00,0.0117,0
2023-05-14 11:53:40,1684079620,26.9,9.16,99500,2.00,9.00,16.0,19.0,0.0305,0
2023-05-14 12:04:42,1684080283,27.7,8.51,99500,1e-7,2.00,3.00,4.00,0.0305,0
2023-05-14 12:09:39,1684080579,27.5,8.82,99500,1e-7,2.00,3.00,4.00,0.0476,0
2023-05-14 12:19:51,1684081192,28.0,8.33,99500,1.00,5.00,9.00,11.0,0.0476,0
2023-05-14 12:24:08,1684081449,28.2,8.49,99500,1.00,2.00,3.00,4.00,0.0207,0
2023-05-14 12:34:49,1684082090,27.3,8.78,99500,1.00,3.00,5.00,6.00,0.0177,0
2023-05-14 12:39:26,1684082367,27.6,8.27,99500,1.00,2.00,3.00,4.00,0.0177,0
2023-05-14 12:49:55,1684082995,27.9,8.14,99500,1e-7,3.00,6.00,8.00,0.0150,0
2023-05-14 12:54:51,1684083292,28.0,7.69,99500,1e-7,2.00,3.00,4.00,0.0150,0
2023-05-14 13:04:54,1684083894,27.4,7.67,99500,2.00,3.00,5.00,5.00,0.0156,0
2023-05-14 13:09:51,1684084191,27.5,7.74,99500,1.00,6.00,10.0,12.0,0.0156,0
2023-05-14 13:10:11,1684084211,27.6,7.58,99500,1e-7,1.00,3.00,4.00,0.0108,0
2023-05-14 13:24:58,1684085098,27.2,7.66,99500,2.00,4.00,6.00,7.00,0.0248,0
2023-05-14 13:25:38,1684085138,27.1,7.43,99450,1.00,2.00,3.00,4.00,0.0248,0
2023-05-14 13:39:47,1684085988,26.6,7.53,99500,1.00,3.00,6.00,8.00,0.0237,0
2023-05-14 13:40:46,1684086047,26.4,7.19,99500,1e-7,2.00,3.00,4.00,0.0178,0
2023-05-14 13:54:57,1684086897,25.6,7.62,99500,1.00,3.00,5.00,5.00,0.0184,0
2023-05-14 13:56:16,1684086976,25.3,7.78,99500,1.00,3.00,4.00,5.00,0.00960,0
2023-05-14 14:09:49,1684087789,25.2,8.02,99400,1e-7,2.00,3.00,4.00,0.0119,0
2023-05-14 14:11:28,1684087888,25.2,8.07,99400,1.00,1.00,2.00,2.00,0.0119,0
2023-05-14 14:24:59,1684088699,24.1,7.89,99427,1.00,3.00,4.00,4.00,0.0115,0
2023-05-14 14:26:58,1684088819,24.0,8.03,99400,3.00,10.0,16.0,19.0,0.0164,0
2023-05-14 14:39:50,1684089591,23.7,8.36,99400,1.00,3.00,5.00,6.00,0.0192,0
2023-05-14 14:42:09,1684089730,23.6,8.29,99400,1.00,4.00,7.00,8.00,0.0201,0
2023-05-14 14:54:41,1684090482,23.4,9.05,99400,1.00,1.00,2.00,3.00,0.0160,0
2023-05-14 14:57:40,1684090660,23.6,8.69,99400,1.00,2.00,3.00,4.00,0.0215,0
2023-05-14 15:09:44,1684091385,23.4,8.77,99400,2.00,7.00,11.0,13.0,0.0215,0
2023-05-14 15:13:03,1684091584,23.3,8.80,99400,1.00,3.00,3.00,4.00,0.0190,0
2023-05-14 15:24:47,1684092287,23.2,9.06,99400,1.00,2.00,3.00,4.00,0.0202,0
2023-05-14 15:28:26,1684092506,23.2,9.43,99400,2.00,4.00,7.00,8.00,0.0200,0
2023-05-14 15:39:40,1684093180,23.5,9.33,99400,1e-7,1.00,2.00,3.00,0.0141,0
2023-05-14 15:43:38,1684093419,23.5,9.22,99400,1.00,3.00,5.00,6.00,0.00980,0
2023-05-14 15:59:04,1684094344,23.2,9.59,99400,2.00,6.00,10.0,11.0,0.00992,0
2023-05-14 16:09:57,1684094998,22.6,9.69,99400,1.00,2.00,3.00,4.00,0.0100,0
2023-05-14 16:14:36,1684095276,22.6,9.97,99400,1.00,4.00,7.00,8.00,0.0207,0
2023-05-14 16:24:42,1684095882,22.7,10.3,99400,2.00,6.00,8.00,10.0,0.0158,0
2023-05-14 16:29:40,1684096181,22.7,9.97,99400,4.00,5.00,6.00,7.00,0.0296,0
2023-05-14 16:30:00,1684096200,22.7,9.86,99400,1e-7,1.00,1.00,1.00,0.0296,0
2023-05-14 16:44:53,1684097093,22.5,9.92,99400,2.00,3.00,3.00,4.00,0.0253,0
2023-05-14 16:49:51,1684097392,22.2,10.2,99400,2.00,7.00,12.0,15.0,0.0129,0
2023-05-14 16:54:50,1684097691,22.0,10.4,99400,1.00,2.00,3.00,4.00,0.0135,0
2023-05-14 16:59:49,1684097990,21.8,10.2,99400,1.00,3.00,5.00,5.00,0.0163,0
2023-05-14 17:04:48,1684098289,21.6,10.4,99400,2.00,6.00,9.00,10.0,0.0149,0
2023-05-14 17:09:47,1684098588,21.4,10.5,99400,2.00,4.00,6.00,7.00,0.0121,0
2023-05-14 17:14:47,1684098887,21.3,10.6,99400,2.00,3.00,5.00,5.00,0.0183,0
2023-05-14 17:19:46,1684099186,21.1,10.6,99400,2.00,4.00,5.00,6.00,0.0158,0
2023-05-14 17:24:46,1684099486,20.9,10.8,99400,4.00,5.00,6.00,8.00,0.0168,0
2023-05-14 17:29:45,1684099786,20.8,10.9,99400,3.00,4.00,7.00,8.00,0.00983,0
2023-05-14 17:34:44,1684100085,20.6,11.2,99400,2.00,3.00,5.00,6.00,0.0125,0
2023-05-14 17:39:44,1684100384,20.5,11.3,99400,3.00,4.00,5.00,6.00,0.0122,0
2023-05-14 17:44:43,1684100684,20.3,11.5,99400,2.00,3.00,5.00,6.00,0.0121,0
2023-05-14 17:49:43,1684100984,20.2,11.7,99400,3.00,4.00,5.00,5.00,0.0118,0
2023-05-14 17:54:43,1684101283,20.1,12.0,99400,3.00,6.00,9.00,10.0,0.0121,0
2023-05-14 17:59:43,1684101583,20.0,12.3,99400,2.00,3.00,5.00,6.00,0.0185,0
2023-05-14 18:04:42,1684101883,20.0,12.5,99400,2.00,5.00,9.00,11.0,0.0240,0
2023-05-14 18:09:42,1684102182,19.9,12.7,99400,2.00,2.00,4.00,5.00,0.0209,0
2023-05-14 18:14:42,1684102482,19.8,12.7,99400,1.00,2.00,3.00,4.00,0.0209,0
2023-05-14 18:19:41,1684102782,19.7,12.7,99400,1.00,2.00,3.00,4.00,0.0210,0
2023-05-14 18:24:41,1684103081,19.6,12.8,99400,2.00,3.00,6.00,8.00,0.0105,0
2023-05-14 18:29:41,1684103381,19.5,13.0,99400,2.00,2.00,2.00,3.00,0.0127,0
2023-05-14 18:34:41,1684103681,19.4,13.2,99400,2.00,2.00,3.00,4.00,0.0124,0
2023-05-14 18:39:41,1684103982,19.3,13.3,99400,2.00,2.00,3.00,4.00,0.0106,0
2023-05-14 18:44:41,1684104282,19.2,13.5,99400,1.00,3.00,4.00,4.00,0.00995,0
2023-05-14 18:49:41,1684104582,19.1,13.6,99400,1.00,2.00,3.00,3.00,0.0100,0
2023-05-14 18:54:41,1684104882,19.0,13.8,99400,1.00,2.00,3.00,4.00,0.0100,0
2023-05-14 18:59:41,1684105182,18.9,13.9,99413,1.00,2.00,3.00,4.00,0.0100,0
2023-05-14 19:04:41,1684105482,18.9,14.1,99500,2.00,2.00,3.00,4.00,0.00995,0
2023-05-14 19:09:41,1684105782,18.8,14.1,99500,2.00,2.00,3.00,4.00,0.00995,0
2023-05-14 19:14:41,1684106082,18.7,14.3,99500,1.00,4.00,7.00,9.00,0.00995,0
2023-05-14 19:19:41,1684106382,18.6,14.3,99500,2.00,4.00,6.00,7.00,0.0106,0
2023-05-14 19:24:41,1684106682,18.4,14.5,99500,1.00,4.00,7.00,8.00,0.0150,0
2023-05-14 19:29:41,1684106982,18.3,14.8,99500,2.00,2.00,4.00,5.00,0.0154,0
2023-05-14 19:34:41,1684107282,18.1,15.0,99500,2.00,3.00,5.00,6.00,0.0137,0
2023-05-14 19:39:42,1684107582,18.0,15.0,99500,1.00,3.00,6.00,8.00,0.0154,0
2023-05-14 19:44:42,1684107883,17.9,15.2,99500,1.00,3.00,5.00,5.00,0.0154,0
2023-05-14 19:49:43,1684108183,17.7,15.3,99500,2.00,3.00,5.00,6.00,0.0129,0
2023-05-14 19:54:43,1684108484,17.6,15.4,99500,2.00,4.00,6.00,7.00,0.0126,0
2023-05-14 19:59:44,1684108784,17.5,15.6,99500,2.00,2.00,3.00,4.00,0.0191,0
2023-05-14 20:04:44,1684109085,17.3,15.7,99500,1e-7,2.00,3.00,4.00,0.0191,0
2023-05-14 20:09:45,1684109386,17.2,16.0,99500,3.00,3.00,5.00,6.00,0.0101,0
2023-05-14 20:14:46,1684109686,17.0,16.4,99500,2.00,2.00,3.00,4.00,0.0129,0
2023-05-14 20:19:47,1684109987,16.8,16.5,99500,1.00,2.00,3.00,3.00,0.0138,0
2023-05-14 20:24:48,1684110288,16.6,16.9,99500,1.00,4.00,7.00,8.00,0.0121,0
2023-05-14 20:29:48,1684110589,16.4,17.4,99500,2.00,2.00,3.00,4.00,0.0123,0
2023-05-14 20:34:49,1684110890,16.1,18.1,99500,1e-7,2.00,3.00,4.00,0.0136,0
2023-05-14 20:39:51,1684111192,15.8,18.9,99500,1e-7,1.00,2.00,3.00,0.0136,0
2023-05-14 20:44:52,1684111492,15.5,20.7,99500,1.00,4.00,7.00,9.00,0.0143,0
2023-05-14 20:49:53,1684111794,15.1,21.9,99500,1.00,2.00,3.00,4.00,0.0234,0
2023-05-14 20:54:55,1684112095,14.8,21.9,99500,1.00,1.00,2.00,3.00,0.0211,0
2023-05-14 20:59:56,1684112396,14.5,21.5,99500,1e-7,2.00,3.00,4.00,0.0211,0
2023-05-14 21:04:58,1684112698,14.2,22.1,99500,2.00,2.00,3.00,4.00,0.00995,0
2023-05-14 21:09:59,1684113000,13.9,22.0,99500,1.00,3.00,5.00,6.00,0.0110,0
2023-05-14 21:14:41,1684113281,13.7,22.8,99500,1e-7,2.00,3.00,4.00,0.0114,0
2023-05-14 21:19:43,1684113583,13.4,22.6,99500,1e-7,2.00,3.00,4.00,0.0142,0
2023-05-14 21:24:44,1684113885,13.2,23.7,99500,1.00,2.00,3.00,4.00,0.0111,0
2023-05-14 21:29:47,1684114187,12.9,24.6,99500,1.00,3.00,5.00,6.00,0.0106,0
2023-05-14 21:34:48,1684114489,12.7,25.5,99500,1.00,1.00,3.00,4.00,0.0111,0
2023-05-14 21:39:50,1684114791,12.4,26.2,99500,1.00,1.00,2.00,3.00,0.0111,0
2023-05-14 21:44:52,1684115093,12.2,26.4,99500,1e-7,2.00,3.00,4.00,0.00995,0
2023-05-14 21:49:54,1684115395,12.0,27.2,99500,1e-7,1.00,2.00,3.00,0.00995,0
2023-05-14 21:54:56,1684115697,11.8,26.3,99500,1.00,2.00,3.00,4.00,0.00995,0
2023-05-14 21:59:58,1684115999,11.7,26.8,99500,1.00,1.00,1.00,1.00,0.00995,0
2023-05-14 22:04:40,1684116281,11.5,27.1,99500,1.00,2.00,3.00,4.00,0.00995,0
2023-05-14 22:09:43,1684116583,11.4,27.6,99500,1e-7,2.00,3.00,4.00,0.00995,0
2023-05-14 22:14:45,1684116885,11.2,27.0,99500,1e-7,1.00,2.00,3.00,0.00995,0
2023-05-14 22:19:47,1684117188,11.1,28.0,99500,1.00,2.00,3.00,4.00,0.00995,0
2023-05-14 22:24:50,1684117490,10.9,28.9,99500,1e-7,1.00,2.00,3.00,0.00995,0
2023-05-14 22:29:52,1684117793,10.7,28.5,99500,1.00,4.00,7.00,9.00,0.0187,0
2023-05-14 22:34:56,1684118096,10.6,28.6,99500,1e-7,2.00,3.00,4.00,0.0187,0
2023-05-14 22:39:58,1684118399,10.4,29.1,99500,2.00,2.00,3.00,4.00,0.0242,0
2023-05-14 22:44:41,1684118681,10.2,30.0,99500,1.00,3.00,6.00,8.00,0.0161,0
2023-05-14 22:49:43,1684118984,10.1,29.2,99500,1.00,2.00,3.00,4.00,0.0130,0
2023-05-14 22:54:46,1684119286,9.97,30.2,99500,1.00,2.00,3.00,4.00,0.0114,0
2023-05-14 22:59:49,1684119589,9.81,30.0,99500,1e-7,2.00,3.00,4.00,0.0113,0
2023-05-14 23:04:52,1684119892,9.69,29.8,99500,1e-7,2.00,3.00,4.00,0.00995,0
2023-05-14 23:09:54,1684120195,9.57,30.1,99500,1.00,2.00,3.00,4.00,0.00995,0
2023-05-14 23:14:57,1684120498,9.46,30.8,99500,1.00,2.00,3.00,4.00,0.00995,0
2023-05-14 23:19:40,1684120780,9.33,32.1,99500,1e-7,2.00,3.00,4.00,0.00995,0
2023-05-14 23:24:43,1684121083,9.21,31.9,99500,1.00,2.00,3.00,4.00,0.00995,0
2023-05-14 23:29:46,1684121387,9.09,32.7,99447,1e-7,1.00,2.00,2.00,0.00995,0
2023-05-14 23:34:49,1684121690,8.98,32.9,99447,1e-7,3.00,5.00,6.00,0.00995,0
2023-05-14 23:39:52,1684121993,8.91,32.8,99467,1.00,1.00,2.00,3.00,0.0122,0
2023-05-14 23:44:55,1684122296,8.89,33.7,99420,1e-7,4.00,7.00,9.00,0.0109,0
2023-05-14 23:49:58,1684122599,8.91,33.6,99400,1.00,3.00,5.00,6.00,0.0103,0
2023-05-14 23:54:41,1684122881,8.97,33.7,99400,1e-7,2.00,3.00,4.00,0.00958,0
2023-05-14 23:59:44,1684123184,9.02,33.5,99400,1.00,2.00,3.00,4.00,0.0116,0
2023-05-15 00:04:47,1684123487,9.10,33.3,99400,1.00,1.00,2.00,3.00,0.0116,0
2023-05-15 00:09:50,1684123790,9.19,34.1,99400,1.00,2.00,3.00,4.00,0.00995,0
2023-05-15 00:14:53,1684124093,9.26,34.1,99400,1.00,2.00,2.00,3.00,0.00995,0
2023-05-15 00:19:55,1684124396,9.34,34.0,99400,2.00,2.00,3.00,4.00,0.00995,0
2023-05-15 00:24:58,1684124699,9.39,34.5,99400,1.00,2.00,3.00,4.00,0.00995,0
2023-05-15 00:29:41,1684124982,9.44,34.4,99400,1e-7,1e-7,1.00,1.00,0.00995,0
2023-05-15 00:34:44,1684125284,9.48,34.7,99400,1e-7,1.00,3.00,4.00,0.00995,0
2023-05-15 00:39:47,1684125587,9.51,34.5,99400,1.00,3.00,5.00,6.00,0.0133,0
2023-05-15 00:44:50,1684125890,9.54,34.9,99400,1.00,2.00,3.00,4.00,0.0133,0
2023-05-15 00:49:53,1684126193,9.50,35.2,99400,1e-7,2.00,3.00,4.00,0.0107,0
2023-05-15 00:54:56,1684126496,9.47,35.2,99400,1.00,2.00,3.00,4.00,0.00995,0
2023-05-15 00:59:59,1684126799,9.47,35.1,99400,1.00,1.00,3.00,3.00,0.00995,0
2023-05-15 01:04:42,1684127082,9.47,35.7,99400,2.00,2.00,3.00,4.00,0.00995,0
2023-05-15 01:09:45,1684127385,9.55,36.1,99320,1e-7,3.00,6.00,7.00,0.0134,0
2023-05-15 01:14:48,1684127688,9.73,36.2,99300,2.00,8.00,13.0,16.0,0.0227,0
2023-05-15 01:19:50,1684127991,9.96,35.6,99300,2.00,5.00,9.00,11.0,0.0257,0
2023-05-15 01:24:53,1684128293,10.4,34.3,99300,2.00,4.00,7.00,8.00,0.0227,0
2023-05-15 01:29:56,1684128596,11.0,33.0,99300,2.00,2.00,3.00,4.00,0.0243,0
2023-05-15 01:34:58,1684128899,11.6,31.6,99300,2.00,2.00,3.00,4.00,0.0239,0
2023-05-15 01:39:40,1684129181,12.1,30.4,99300,2.00,3.00,5.00,6.00,0.0108,0
2023-05-15 01:44:42,1684129483,12.6,29.3,99300,3.00,8.00,13.0,15.0,0.0242,0
2023-05-15 01:49:44,1684129785,13.1,28.5,99300,2.00,4.00,6.00,7.00,0.0420,0
2023-05-15 01:54:47,1684130087,13.4,27.6,99300,2.00,4.00,7.00,8.00,0.0414,0
2023-05-15 01:59:49,1684130389,13.7,27.2,99300,1.00,2.00,4.00,4.00,0.0311,0
2023-05-15 02:04:50,1684130691,14.0,26.6,99273,1.00,3.00,4.00,5.00,0.0149,0
2023-05-15 02:09:52,1684130993,14.2,26.5,99200,3.00,3.00,5.00,6.00,0.0137,0
2023-05-15 02:14:54,1684131294,14.4,26.1,99200,3.00,4.00,6.00,6.00,0.0107,0
2023-05-15 02:19:55,1684131596,14.7,25.7,99200,3.00,11.0,19.0,23.0,0.0546,0
2023-05-15 02:24:57,1684131897,14.9,25.5,99200,2.00,2.00,3.00,4.00,0.0451,0
2023-05-15 02:29:58,1684132199,15.1,25.1,99200,3.00,3.00,3.00,4.00,0.0384,0
2023-05-15 02:34:40,1684132480,15.3,25.0,99200,5.00,6.00,6.00,7.00,0.0256,0
2023-05-15 02:39:41,1684132781,15.5,24.8,99200,2.00,4.00,6.00,7.00,0.0153,0
2023-05-15 02:44:42,1684133083,15.6,24.4,99200,2.00,3.00,5.00,6.00,0.0195,0
2023-05-15 02:49:44,1684133384,15.8,24.2,99200,2.00,3.00,5.00,6.00,0.0157,0
2023-05-15 02:54:45,1684133685,15.8,23.8,99200,3.00,3.00,3.00,4.00,0.0109,0
2023-05-15 02:59:46,1684133986,15.9,23.7,99200,1.00,3.00,5.00,6.00,0.0109,0
2023-05-15 03:04:47,1684134288,16.0,23.4,99200,1.00,3.00,5.00,6.00,0.0104,0
2023-05-15 03:09:48,1684134589,16.0,23.4,99200,4.00,4.00,5.00,6.00,0.0106,0
2023-05-15 03:14:50,1684134890,16.1,23.4,99200,2.00,3.00,5.00,6.00,0.0145,0
2023-05-15 03:19:51,1684135191,16.1,23.3,99200,2.00,4.00,7.00,8.00,0.0131,0
2023-05-15 03:24:52,1684135493,16.2,23.2,99200,2.00,2.00,3.00,3.00,0.0119,0
2023-05-15 03:29:54,1684135794,16.2,23.0,99200,3.00,4.00,5.00,6.00,0.0141,0
2023-05-15 03:34:55,1684136096,16.3,22.9,99200,2.00,2.00,3.00,4.00,0.0123,0
2023-05-15 03:39:56,1684136397,16.3,22.9,99200,1.00,2.00,3.00,4.00,0.0107,0
2023-05-15 03:44:57,1684136698,16.4,23.0,99200,1.00,3.00,5.00,5.00,0.0107,0
2023-05-15 03:49:58,1684136999,16.3,22.9,99200,1.00,3.00,5.00,6.00,0.0109,0
2023-05-15 03:54:59,1684137300,16.3,22.9,99200,1.00,3.00,4.00,4.00,0.0130,0
2023-05-15 03:59:40,1684137581,16.3,23.0,99200,2.00,2.00,3.00,4.00,0.0130,0
2023-05-15 04:04:41,1684137882,16.3,22.6,99200,1.00,4.00,6.00,7.00,0.0118,0
2023-05-15 04:09:42,1684138183,16.4,22.6,99200,1.00,2.00,3.00,4.00,0.0122,0
2023-05-15 04:14:43,1684138484,16.4,22.6,99200,1.00,2.00,3.00,4.00,0.0122,0
2023-05-15 04:19:44,1684138785,16.4,22.6,99200,3.00,4.00,4.00,4.00,0.0101,0
2023-05-15 04:24:45,1684139086,16.4,22.5,99200,1.00,5.00,8.00,10.0,0.0139,0
2023-05-15 04:29:46,1684139387,16.5,22.5,99187,1.00,3.00,5.00,5.00,0.0182,0
2023-05-15 04:34:47,1684139688,16.6,22.4,99193,2.00,2.00,4.00,4.00,0.0141,0
2023-05-15 04:39:48,1684139989,16.6,22.4,99193,2.00,3.00,6.00,7.00,0.0118,0
2023-05-15 04:44:49,1684140290,16.6,22.2,99200,2.00,3.00,6.00,7.00,0.0108,0
2023-05-15 04:49:50,1684140591,16.6,22.3,99120,1.00,4.00,7.00,8.00,0.0115,0
2023-05-15 04:54:51,1684140892,16.5,22.2,99160,1.00,2.00,3.00,4.00,0.0131,0
2023-05-15 04:59:52,1684141193,16.4,22.4,99107,3.00,4.00,5.00,5.00,0.0144,0
2023-05-15 05:04:53,1684141494,16.4,22.7,99100,2.00,3.00,6.00,7.00,0.0123,0
2023-05-15 05:09:54,1684141795,16.3,23.9,99100,2.00,2.00,3.00,4.00,0.0117,0
2023-05-15 05:14:55,1684142096,16.2,23.5,99100,2.00,4.00,6.00,7.00,0.0117,0
2023-05-15 05:19:56,1684142397,16.1,24.6,99100,2.00,2.00,2.00,3.00,0.0140,0
2023-05-15 05:24:58,1684142698,15.9,24.9,99127,1.00,3.00,5.00,6.00,0.0134,0
2023-05-15 05:29:59,1684142999,15.5,25.4,99133,2.00,3.00,6.00,7.00,0.0150,0
2023-05-15 05:34:40,1684143280,15.1,26.5,99100,2.00,2.00,3.00,4.00,0.0128,0
2023-05-15 05:39:41,1684143582,14.7,26.4,99100,3.00,3.00,6.00,7.00,0.0113,0
2023-05-15 05:44:45,1684143886,14.4,26.5,99100,1.00,3.00,5.00,6.00,0.0109,0
2023-05-15 05:46:26,1684143986,14.2,27.1,99100,1.00,2.00,3.00,4.00,0.0107,0
2023-05-15 11:39:58,1684165199,25.5,17.8,98600,1.00,2.00,3.00,3.00,,
2023-05-15 11:44:56,1684165496,25.4,17.2,98533,1.00,2.00,3.00,4.00,,
2023-05-15 11:49:54,1684165794,24.9,17.4,98500,2.00,5.00,9.00,11.0,,
2023-05-15 11:50:53,1684165854,24.6,17.9,98500,1.00,1.00,1.00,1.00,,
2023-05-15 12:04:53,1684166694,23.5,18.1,98500,1e-7,1.00,3.00,4.00,,
2023-05-15 12:06:13,1684166773,23.3,18.4,98500,1.00,2.00,3.00,4.00,0.0151,0
2023-05-15 12:19:44,1684167584,23.0,18.9,98500,2.00,6.00,9.00,11.0,0.0242,0
2023-05-15 12:21:43,1684167704,23.0,18.9,98500,1.00,2.00,3.00,3.00,0.0220,0
2023-05-15 12:34:54,1684168494,22.3,19.7,98500,2.00,3.00,4.00,5.00,0.0254,0
2023-05-15 12:37:13,1684168634,22.1,20.0,98500,1.00,1.00,2.00,2.00,0.0254,0
2023-05-15 12:52:25,1684169546,22.3,19.6,98400,2.00,3.00,4.00,4.00,0.0163,0
2023-05-15 13:04:50,1684170291,23.0,19.2,98400,2.00,2.00,3.00,4.00,0.0242,0
2023-05-15 13:07:49,1684170470,23.2,18.9,98400,1.00,3.00,6.00,7.00,0.0123,0
2023-05-15 13:19:44,1684171184,23.1,18.4,98400,2.00,2.00,3.00,4.00,0.0107,0
2023-05-15 13:23:23,1684171403,22.9,18.6,98400,2.00,3.00,5.00,6.00,0.0137,0
2023-05-15 13:34:47,1684172088,22.4,19.3,98400,2.00,3.00,3.00,3.00,0.0140,0
2023-05-15 13:39:46,1684172387,22.2,19.6,98400,3.00,4.00,5.00,6.00,0.0133,0
2023-05-15 13:44:46,1684172686,21.8,20.2,98400,2.00,14.0,24.0,29.0,0.105,0
2023-05-15 13:49:45,1684172985,21.7,20.3,98380,3.00,4.00,5.00,6.00,0.0975,0
2023-05-15 13:54:04,1684173245,21.9,20.7,98300,4.00,5.00,5.00,6.00,0.0963,0
2023-05-15 14:09:52,1684174193,22.8,19.5,98300,2.00,5.00,6.00,7.00,0.0147,0
2023-05-15 14:14:51,1684174491,22.6,19.4,98300,2.00,3.00,3.00,3.00,0.0128,0
2023-05-15 14:19:49,1684174790,22.3,19.7,98300,1.00,2.00,3.00,4.00,0.0246,0
2023-05-15 14:24:48,1684175088,21.9,19.9,98300,2.00,2.00,2.00,3.00,0.0222,0
2023-05-15 14:29:46,1684175387,21.6,19.9,98253,3.00,4.00,7.00,8.00,0.0151,0
2023-05-15 14:34:45,1684175686,21.5,20.3,98200,1.00,3.00,5.00,6.00,0.0190,0
2023-05-15 14:39:44,1684175985,21.6,20.4,98227,2.00,3.00,5.00,7.00,0.0227,0
2023-05-15 14:40:24,1684176025,21.7,20.2,98200,1.00,1.00,1.00,1.00,0.0138,0
2023-05-15 14:54:44,1684176885,22.0,19.6,98200,1.00,4.00,6.00,7.00,0.0138,0
2023-05-15 14:59:43,1684177184,22.0,19.8,98200,1.00,3.00,6.00,8.00,0.0138,0
2023-05-15 15:04:42,1684177483,22.0,20.2,98200,1.00,3.00,6.00,8.00,0.0138,0
2023-05-15 15:09:42,1684177782,21.8,20.6,98200,2.00,4.00,7.00,8.00,0.0119,0
2023-05-15 15:14:41,1684178082,21.7,21.5,98200,3.00,4.00,5.00,6.00,0.0115,0
2023-05-15 15:19:41,1684178381,21.4,22.1,98200,4.00,4.00,5.00,6.00,0.0129,0
2023-05-15 15:24:41,1684178681,21.1,22.8,98200,2.00,3.00,5.00,6.00,0.0123,0
2023-05-15 15:29:40,1684178980,21.1,22.6,98200,2.00,3.00,5.00,6.00,0.0117,0
2023-05-15 15:34:59,1684179300,20.8,23.2,98200,2.00,5.00,8.00,9.00,0.0147,0
2023-05-15 15:39:59,1684179599,20.7,24.0,98200,2.00,2.00,3.00,3.00,0.0178,0
2023-05-15 15:44:59,1684179899,20.7,24.0,98200,3.00,4.00,5.00,7.00,0.0189,0
2023-05-15 15:49:58,1684180199,20.7,23.9,98200,2.00,3.00,3.00,4.00,0.0139,0
2023-05-15 15:54:58,1684180498,20.8,23.6,98200,2.00,4.00,6.00,7.00,0.0130,0
2023-05-15 15:57:18,1684180638,20.9,23.6,98200,2.00,4.00,6.00,7.00,0.0127,0
2023-05-15 16:34:54,1684182895,22.5,20.8,98100,4.00,4.00,4.00,4.00,,
2023-05-15 16:39:53,1684183194,22.6,20.9,98100,2.00,4.00,6.00,7.00,,
2023-05-15 16:43:32,1684183413,22.5,20.8,98100,2.00,3.00,3.00,3.00,,
2023-05-15 16:54:48,1684184088,22.1,21.4,98100,2.00,3.00,5.00,6.00,,
2023-05-15 16:59:47,1684184387,22.1,21.5,98100,3.00,3.00,4.00,4.00,0.0102,0
2023-05-15 17:04:45,1684184686,22.1,21.5,98100,2.00,3.00,5.00,5.00,0.0105,0
2023-05-15 17:09:44,1684184985,22.1,21.6,98100,3.00,6.00,8.00,9.00,0.0170,0
2023-05-15 17:14:43,1684185284,22.1,21.8,98100,3.00,3.00,3.00,3.00,0.0238,0
2023-05-15 17:19:43,1684185583,22.0,21.7,98100,3.00,5.00,8.00,9.00,0.0270,0
2023-05-15 17:24:42,1684185882,21.9,22.2,98100,2.00,4.00,5.00,6.00,0.0195,0
2023-05-15 17:29:41,1684186181,21.7,22.8,98100,2.00,4.00,6.00,7.00,0.0131,0
2023-05-15 17:34:41,1684186481,21.4,24.1,98100,2.00,3.00,6.00,8.00,0.0217,0
2023-05-15 17:39:40,1684186780,21.0,24.9,98100,3.00,5.00,7.00,7.00,0.0145,0
2023-05-15 17:44:59,1684187100,20.8,25.5,98100,2.00,2.00,2.00,2.00,0.0202,0
2023-05-15 17:49:59,1684187400,20.6,26.0,98100,3.00,5.00,6.00,7.00,0.0224,0
2023-05-15 17:54:59,1684187699,20.5,25.8,98100,4.00,4.00,5.00,5.00,0.0216,0
2023-05-15 17:59:58,1684187999,20.4,26.0,98007,2.00,3.00,5.00,5.00,0.0168,0
2023-05-15 18:04:58,1684188299,20.4,26.1,98000,2.00,4.00,6.00,7.00,0.0188,0
2023-05-15 18:09:58,1684188598,20.6,26.1,98000,3.00,3.00,4.00,5.00,0.0154,0
2023-05-15 18:14:57,1684188898,20.6,25.8,98000,2.00,4.00,6.00,7.00,0.0155,0
2023-05-15 18:19:57,1684189197,20.7,25.9,98000,1.00,3.00,4.00,5.00,0.0142,0
2023-05-15 18:24:57,1684189497,20.8,25.5,98000,2.00,3.00,3.00,4.00,0.00999,0
2023-05-15 18:29:56,1684189797,20.9,25.0,98000,5.00,5.00,5.00,5.00,0.0105,0
2023-05-15 18:34:56,1684190097,20.8,25.0,98000,2.00,6.00,9.00,11.0,0.0114,0
2023-05-15 18:39:56,1684190396,20.8,25.2,98000,4.00,5.00,6.00,7.00,0.0143,0
2023-05-15 18:44:55,1684190696,20.8,25.4,98000,4.00,4.00,5.00,7.00,0.0105,0
2023-05-15 18:49:55,1684190996,20.7,25.4,98000,1.00,5.00,7.00,8.00,0.0118,0
2023-05-15 18:54:54,1684191294,20.7,25.9,98000,2.00,3.00,3.00,4.00,0.0117,0
2023-05-15 18:59:54,1684191594,20.6,25.7,98000,3.00,5.00,6.00,7.00,0.0118,0
2023-05-15 19:04:53,1684191894,20.4,26.0,98000,4.00,5.00,5.00,5.00,0.00986,0
2023-05-15 19:09:54,1684192194,20.2,26.4,98000,4.00,7.00,10.0,11.0,0.0224,0
2023-05-15 19:14:54,1684192494,20.1,26.6,98000,3.00,5.00,7.00,9.00,0.0224,0
2023-05-15 19:19:54,1684192794,19.9,26.7,98000,5.00,7.00,8.00,9.00,0.0146,0
2023-05-15 19:24:54,1684193094,19.8,26.8,98000,2.00,3.00,5.00,5.00,0.0486,0
2023-05-15 19:29:54,1684193394,19.7,27.3,98000,3.00,5.00,8.00,10.0,0.0486,0
2023-05-15 19:34:54,1684193694,19.6,27.5,98000,2.00,3.00,3.00,3.00,0.0165,0
2023-05-15 19:39:54,1684193994,19.4,28.2,98000,3.00,4.00,5.00,5.00,0.0131,0
2023-05-15 19:44:54,1684194294,19.3,28.5,98000,4.00,4.00,4.00,4.00,0.0117,0
2023-05-15 19:49:54,1684194594,19.1,28.7,98000,2.00,4.00,6.00,7.00,0.0119,0
2023-05-15 19:54:54,1684194894,19.0,29.3,98000,2.00,3.00,4.00,5.00,0.0143,0
2023-05-15 19:59:54,1684195194,18.9,29.9,98000,6.00,6.00,6.00,6.00,0.0120,0
2023-05-15 20:04:54,1684195494,18.7,30.6,98000,3.00,4.00,6.00,6.00,0.0112,0
2023-05-15 20:09:54,1684195794,18.5,30.8,98000,2.00,4.00,5.00,6.00,0.0137,0
2023-05-15 20:14:54,1684196094,18.4,31.3,98000,5.00,5.00,7.00,9.00,0.0120,0
2023-05-15 20:19:54,1684196395,18.4,31.4,98000,2.00,3.00,3.00,4.00,0.0167,0
2023-05-15 20:24:55,1684196695,18.3,31.7,98000,4.00,6.00,8.00,9.00,0.0148,0
2023-05-15 20:29:55,1684196995,18.2,32.1,98000,3.00,4.00,6.00,7.00,0.0123,0
2023-05-15 20:34:55,1684197295,18.1,32.5,98000,3.00,6.00,8.00,9.00,0.0118,0
2023-05-15 20:39:55,1684197595,18.0,32.7,98000,2.00,3.00,5.00,5.00,0.0128,0
2023-05-15 20:44:56,1684197896,17.9,33.6,98000,2.00,6.00,9.00,11.0,0.0128,0
2023-05-15 20:49:56,1684198196,17.8,33.9,98000,3.00,3.00,3.00,4.00,0.0106,0
2023-05-15 20:54:57,1684198498,17.7,34.0,98000,2.00,3.00,5.00,6.00,0.0128,0
2023-05-15 20:59:57,1684198798,17.6,34.7,98000,3.00,3.00,3.00,4.00,0.0112,0
2023-05-15 21:04:58,1684199098,17.5,35.1,98000,3.00,4.00,5.00,6.00,0.0113,0
2023-05-15 21:09:59,1684199399,17.4,35.4,98000,3.00,5.00,6.00,7.00,0.0117,0
2023-05-15 21:14:59,1684199700,17.3,35.7,98000,3.00,4.00,5.00,6.00,0.0142,0
2023-05-15 21:19:40,1684199981,17.3,35.5,98000,2.00,3.00,4.00,5.00,0.0177,0
2023-05-15 21:24:40,1684200281,17.3,35.7,98000,2.00,3.00,5.00,6.00,0.0177,0
2023-05-15 21:29:41,1684200582,17.3,35.7,98000,1.00,2.00,3.00,4.00,0.0121,0
2023-05-15 21:34:42,1684200882,17.2,35.5,98000,2.00,2.00,3.00,3.00,0.0120,0
2023-05-15 21:39:43,1684201183,17.2,35.8,98000,2.00,2.00,3.00,4.00,0.0111,0
2023-05-15 21:44:43,1684201484,17.2,35.9,98000,1.00,3.00,5.00,6.00,0.0171,0
2023-05-15 21:49:44,1684201785,17.2,36.0,98000,2.00,2.00,3.00,4.00,0.0171,0
2023-05-15 21:54:45,1684202086,17.1,36.4,98000,2.00,4.00,6.00,7.00,0.0167,0
2023-05-15 21:59:46,1684202386,17.0,36.5,98000,2.00,4.00,7.00,8.00,0.0146,0
2023-05-15 22:04:47,1684202687,17.0,36.7,98000,2.00,3.00,5.00,7.00,0.0157,0
2023-05-15 22:09:47,1684202988,16.9,37.1,98000,1.00,1.00,2.00,3.00,0.0171,0
2023-05-15 22:14:48,1684203289,16.9,37.0,97987,4.00,6.00,7.00,8.00,0.0171,0
2023-05-15 22:19:49,1684203590,16.9,37.4,97980,2.00,3.00,4.00,4.00,0.0172,0
2023-05-15 22:24:50,1684203890,16.8,37.6,97940,4.00,5.00,5.00,6.00,0.0134,0
2023-05-15 22:29:51,1684204191,16.8,37.6,97900,3.00,4.00,4.00,5.00,0.0209,0
2023-05-15 22:34:51,1684204492,16.8,37.3,97900,5.00,5.00,6.00,7.00,0.0144,0
2023-05-15 22:39:52,1684204793,16.8,37.5,97900,2.00,3.00,4.00,5.00,0.0113,0
2023-05-15 22:44:54,1684205094,16.7,37.8,97900,5.00,5.00,6.00,6.00,0.0181,0
2023-05-15 22:49:55,1684205395,16.7,37.7,97900,3.00,4.00,4.00,4.00,0.0181,0
2023-05-15 22:54:55,1684205696,16.6,37.3,97900,1.00,3.00,5.00,6.00,0.0215,0
2023-05-15 22:59:56,1684205997,16.6,37.8,97900,3.00,3.00,3.00,3.00,0.0132,0
2023-05-15 23:04:57,1684206298,16.6,37.6,97900,2.00,4.00,8.00,9.00,0.0113,0
2023-05-15 23:09:58,1684206599,16.5,37.5,97900,3.00,3.00,5.00,6.00,0.0191,0
2023-05-15 23:14:59,1684206900,16.5,37.6,97900,2.00,2.00,3.00,4.00,0.0120,0
2023-05-15 23:19:40,1684207181,16.5,38.0,97900,5.00,6.00,7.00,8.00,0.0121,0
2023-05-15 23:24:41,1684207482,16.4,38.5,97900,3.00,3.00,3.00,4.00,0.0288,0
2023-05-15 23:29:42,1684207783,16.4,38.2,97900,3.00,5.00,6.00,7.00,0.0286,0
2023-05-15 23:34:43,1684208084,16.4,38.2,97900,2.00,3.00,4.00,5.00,0.0250,0
2023-05-15 23:39:44,1684208385,16.4,38.3,97900,1.00,2.00,3.00,4.00,0.0160,0
2023-05-15 23:44:46,1684208686,16.4,38.5,97900,3.00,3.00,5.00,6.00,0.0160,0
2023-05-15 23:49:46,1684208987,16.3,38.4,97900,2.00,4.00,7.00,8.00,0.0129,0
2023-05-15 23:54:47,1684209288,16.2,38.4,97900,2.00,2.00,3.00,3.00,0.0143,0
2023-05-15 23:59:48,1684209589,16.1,38.4,97900,2.00,4.00,6.00,7.00,0.0166,0
2023-05-16 00:04:49,1684209890,16.0,38.8,97900,2.00,3.00,5.00,5.00,0.0147,0
2023-05-16 00:09:50,1684210191,16.0,38.6,97900,3.00,4.00,6.00,7.00,0.0108,0
2023-05-16 00:14:52,1684210492,15.9,38.7,97900,2.00,3.00,6.00,8.00,0.0144,0
2023-05-16 00:19:53,1684210793,15.9,38.9,97900,3.00,5.00,7.00,8.00,0.0107,0
2023-05-16 00:24:54,1684211095,15.8,39.4,97900,3.00,5.00,6.00,7.00,0.0128,0
2023-05-16 00:29:55,1684211396,15.7,39.4,97900,3.00,5.00,7.00,8.00,0.0127,0
2023-05-16 00:34:56,1684211697,15.6,39.4,97873,2.00,3.00,4.00,4.00,0.0125,0
2023-05-16 00:39:57,1684211998,15.6,39.1,97900,3.00,5.00,6.00,6.00,0.00900,0
2023-05-16 00:44:59,1684212299,15.6,39.6,97893,2.00,3.00,5.00,6.00,0.00948,0
2023-05-16 00:49:40,1684212580,15.5,40.4,97857,2.00,3.00,3.00,4.00,0.0120,0
2023-05-16 00:54:42,1684212882,15.4,40.1,97800,1.00,3.00,6.00,8.00,0.0134,0
2023-05-16 00:59:43,1684213183,15.4,40.1,97867,2.00,4.00,6.00,7.00,0.0155,0
2023-05-16 01:04:44,1684213484,15.4,40.3,97873,2.00,4.00,6.00,6.00,0.0154,0
2023-05-16 01:09:45,1684213786,15.5,40.1,97900,2.00,3.00,5.00,6.00,0.0148,0
2023-05-16 01:14:47,1684214087,15.5,40.7,97867,3.00,4.00,5.00,6.00,0.0137,0
2023-05-16 01:19:48,1684214388,15.5,40.5,97813,2.00,4.00,5.00,6.00,0.0155,0
2023-05-16 01:24:49,1684214690,15.5,40.9,97800,5.00,5.00,5.00,6.00,0.0155,0
2023-05-16 01:29:50,1684214991,15.4,40.8,97800,2.00,3.00,5.00,6.00,0.0204,0
2023-05-16 01:34:52,1684215292,15.4,40.6,97800,2.00,2.00,3.00,4.00,0.0144,0
2023-05-16 01:39:53,1684215594,15.3,40.9,97800,4.00,10.0,15.0,17.0,0.0147,0
2023-05-16 01:44:54,1684215895,15.2,41.1,97800,3.00,5.00,7.00,7.00,0.0209,0
2023-05-16 01:49:56,1684216196,15.2,41.1,97800,3.00,4.00,5.00,6.00,0.0127,0
2023-05-16 01:54:57,1684216497,15.2,40.9,97800,2.00,2.00,3.00,4.00,0.0117,0
2023-05-16 01:59:58,1684216799,15.1,41.0,97800,2.00,6.00,10.0,12.0,0.0163,0
2023-05-16 02:04:39,1684217080,15.0,40.9,97800,2.00,3.00,5.00,6.00,0.0313,0
2023-05-16 02:09:41,1684217381,15.0,41.0,97800,2.00,3.00,5.00,6.00,0.0270,0
2023-05-16 02:14:42,1684217682,15.0,41.1,97800,4.00,4.00,6.00,8.00,0.0270,0
2023-05-16 02:19:43,1684217984,14.9,41.1,97800,1.00,3.00,6.00,8.00,0.0121,0
2023-05-16 02:24:44,1684218285,14.9,41.1,97800,3.00,4.00,5.00,6.00,0.0125,0
2023-05-16 02:29:46,1684218586,14.8,41.4,97800,2.00,5.00,7.00,8.00,0.0143,0
2023-05-16 02:34:47,1684218887,14.8,41.3,97800,2.00,3.00,5.00,7.00,0.0123,0
2023-05-16 02:39:48,1684219189,14.8,41.1,97800,3.00,3.00,4.00,5.00,0.0152,0
2023-05-16 02:44:50,1684219491,14.7,41.3,97800,2.00,4.00,6.00,7.00,0.0152,0
2023-05-16 02:49:52,1684219792,14.6,41.5,97800,3.00,4.00,6.00,7.00,0.0209,0
2023-05-16 02:54:53,1684220093,14.5,41.6,97800,3.00,6.00,8.00,9.00,0.0171,0
2023-05-16 02:59:55,1684220395,14.4,41.5,97800,4.00,4.00,5.00,5.00,0.0309,0
2023-05-16 03:04:56,1684220696,14.4,40.8,97800,3.00,4.00,6.00,7.00,0.0273,0
2023-05-16 03:09:57,1684220998,14.4,40.1,97800,2.00,4.00,6.00,7.00,0.0117,0
2023-05-16 03:14:59,1684221299,14.4,40.0,97800,4.00,5.00,6.00,6.00,0.0127,0
2023-05-16 03:19:40,1684221581,14.4,40.1,97800,3.00,3.00,4.00,4.00,0.0190,0
2023-05-16 03:24:42,1684221883,14.4,40.0,97800,4.00,7.00,11.0,13.0,0.00944,0
2023-05-16 03:29:44,1684222184,14.3,39.9,97800,2.00,6.00,10.0,11.0,0.0227,0
2023-05-16 03:34:45,1684222485,14.3,39.6,97800,3.00,4.00,5.00,6.00,0.0136,0
2023-05-16 03:39:46,1684222787,14.2,39.3,97800,2.00,3.00,5.00,6.00,0.0115,0
2023-05-16 03:44:48,1684223088,14.1,39.2,97800,3.00,5.00,9.00,11.0,0.0187,0
2023-05-16 03:49:50,1684223390,14.1,39.0,97787,2.00,9.00,15.0,18.0,0.0644,0
2023-05-16 03:54:51,1684223692,14.0,39.2,97720,3.00,4.00,6.00,6.00,0.0644,0
2023-05-16 03:59:53,1684223994,13.9,39.2,97700,1.00,2.00,3.00,4.00,0.0358,0
2023-05-16 04:04:55,1684224295,13.8,38.9,97740,2.00,2.00,3.00,4.00,0.0258,0
2023-05-16 04:09:57,1684224597,13.7,39.3,97800,3.00,5.00,7.00,8.00,0.0129,0
2023-05-16 04:14:59,1684224899,13.6,39.3,97773,1.00,4.00,7.00,8.00,0.0365,0
2023-05-16 04:19:41,1684225181,13.5,39.3,97714,1.00,3.00,5.00,6.00,0.0294,0
2023-05-16 04:24:43,1684225483,13.5,39.4,97700,3.00,4.00,7.00,8.00,0.0248,0
2023-05-16 04:29:45,1684225785,13.4,39.5,97700,1.00,3.00,5.00,7.00,0.0133,0
2023-05-16 04:34:47,1684226087,13.4,39.7,97700,2.00,4.00,7.00,9.00,0.0115,0
2023-05-16 04:39:49,1684226389,13.4,40.0,97700,3.00,4.00,6.00,7.00,0.0137,0
2023-05-16 04:44:50,1684226691,13.3,40.2,97700,3.00,7.00,11.0,13.0,0.0379,0
2023-05-16 04:49:53,1684226993,13.2,40.1,97700,2.00,4.00,6.00,7.00,0.0379,0
2023-05-16 04:54:55,1684227295,13.2,39.5,97700,4.00,4.00,6.00,6.00,0.0134,0
2023-05-16 04:59:57,1684227597,13.2,39.4,97700,2.00,3.00,5.00,6.00,0.0120,0
2023-05-16 05:04:58,1684227899,13.2,39.4,97700,4.00,4.00,7.00,8.00,0.0123,0
2023-05-16 05:09:40,1684228181,13.1,39.2,97700,2.00,3.00,4.00,4.00,0.0134,0
2023-05-16 05:14:42,1684228482,13.1,39.0,97700,3.00,4.00,4.00,4.00,0.0242,0
2023-05-16 05:19:44,1684228784,13.1,39.6,97700,3.00,3.00,4.00,5.00,0.0162,0
2023-05-16 05:24:46,1684229086,13.1,39.6,97700,1.00,4.00,6.00,8.00,0.0111,0
2023-05-16 05:29:48,1684229388,13.1,39.6,97700,1.00,3.00,5.00,6.00,0.0114,0
2023-05-16 05:34:49,1684229690,13.2,39.5,97700,2.00,4.00,6.00,7.00,0.0138,0
2023-05-16 05:39:51,1684229992,13.2,39.7,97700,2.00,2.00,3.00,4.00,0.0128,0
2023-05-16 05:44:53,1684230293,13.3,39.4,97700,1.00,2.00,3.00,4.00,0.0147,0
2023-05-16 05:49:55,1684230595,13.3,39.2,97700,2.00,4.00,6.00,8.00,0.0115,0
2023-05-16 05:54:57,1684230897,13.3,39.3,97700,2.00,3.00,5.00,6.00,0.0162,0
2023-05-16 05:59:59,1684231199,13.4,39.1,97700,2.00,5.00,9.00,10.0,0.0258,0
2023-05-16 06:04:40,1684231481,13.4,38.6,97700,1.00,3.00,5.00,6.00,0.0107,0
2023-05-16 06:09:42,1684231783,13.4,38.5,97700,1.00,3.00,5.00,6.00,0.0238,0
2023-05-16 06:12:03,1684231924,13.4,38.2,97700,2.00,2.00,3.00,4.00,0.0136,0
2023-05-16 10:16:47,1684246607,15.4,28.2,97600,1.00,3.00,5.00,6.00,,
2023-05-16 11:22:52,1684250573,15.8,33.0,97600,1.00,5.00,8.00,9.00,,
2023-05-16 11:34:51,1684251291,15.2,30.9,97600,1.00,2.00,3.00,4.00,,
2023-05-16 11:37:11,1684251432,15.0,31.3,97600,2.00,4.00,8.00,9.00,,
2023-05-16 11:49:51,1684252192,14.0,35.6,97600,1e-7,1.00,3.00,4.00,,
2023-05-16 11:54:52,1684252493,13.7,36.1,97600,1.00,3.00,5.00,6.00,0.00857,0
2023-05-16 11:59:58,1684252799,13.3,37.6,97600,1.00,2.00,3.00,4.00,0.0108,0
2023-05-16 12:04:59,1684253099,13.0,39.3,97600,2.00,2.00,3.00,3.00,0.0108,0
2023-05-16 12:09:40,1684253381,12.9,40.6,97600,2.00,5.00,8.00,9.00,0.0110,0
2023-05-16 12:14:42,1684253682,12.6,41.0,97600,3.00,5.00,6.00,7.00,0.0229,0
2023-05-16 12:19:43,1684253984,12.5,41.8,97600,2.00,2.00,4.00,5.00,0.0219,0
2023-05-16 12:24:44,1684254284,12.4,41.9,97600,2.00,4.00,6.00,8.00,0.0231,0
2023-05-16 12:26:24,1684254385,12.4,42.1,97600,1e-7,1.00,3.00,4.00,0.0145,0
2023-05-16 12:37:24,1684255045,12.1,40.8,97500,1e-7,1.00,2.00,3.00,0.0170,0
2023-05-16 12:48:24,1684255704,11.8,41.9,97500,1e-7,1.00,3.00,4.00,0.0170,0
2023-05-16 13:08:32,1684256912,12.2,41.7,97500,1e-7,5.00,8.00,10.0,,
2023-05-16 13:29:49,1684258189,12.8,40.5,97500,1.00,1.00,2.00,2.00,,
2023-05-16 13:34:50,1684258491,12.8,41.0,97500,1.00,3.00,5.00,7.00,,
2023-05-16 13:39:52,1684258792,12.9,40.7,97500,3.00,3.00,5.00,6.00,,
2023-05-16 13:44:54,1684259094,12.9,41.3,97500,1.00,2.00,3.00,4.00,0.0109,0
2023-05-16 14:24:53,1684261493,13.0,42.2,97400,1.00,3.00,5.00,5.00,,
2023-05-16 14:29:54,1684261794,12.9,41.7,97400,2.00,2.00,3.00,4.00,,
2023-05-16 14:34:56,1684262096,12.7,42.8,97400,2.00,5.00,8.00,10.0,,
2023-05-16 14:39:58,1684262398,12.6,42.8,97400,1.00,2.00,3.00,3.00,0.0119,0
2023-05-16 14:44:40,1684262680,12.6,42.8,97400,1e-7,3.00,6.00,8.00,0.0141,0
2023-05-16 14:49:42,1684262982,12.7,43.1,97400,1.00,3.00,5.00,7.00,0.0122,0
2023-05-16 14:54:44,1684263284,12.7,43.3,97400,1.00,3.00,6.00,7.00,0.0106,0
2023-05-16 14:59:45,1684263586,12.6,43.7,97400,2.00,3.00,5.00,6.00,0.0152,0
2023-05-16 15:04:46,1684263887,12.7,43.3,97400,2.00,2.00,3.00,4.00,0.0131,0
2023-05-16 15:09:47,1684264188,12.7,43.4,97440,1.00,2.00,3.00,3.00,0.0168,0
2023-05-16 15:14:48,1684264489,12.8,43.8,97400,2.00,4.00,6.00,7.00,0.0120,0
2023-05-16 15:19:53,1684264793,12.6,43.8,97400,1.00,2.00,3.00,3.00,0.0150,0
2023-05-16 15:24:54,1684265094,12.5,43.8,97420,2.00,5.00,8.00,10.0,0.0145,0
2023-05-16 15:29:55,1684265395,12.3,41.1,97500,1.00,2.00,3.00,4.00,0.0123,0
2023-05-16 15:34:56,1684265696,12.1,38.8,97500,3.00,4.00,7.00,9.00,0.0183,0
2023-05-16 15:39:57,1684265998,11.8,39.0,97500,1.00,5.00,8.00,10.0,0.0194,0
2023-05-16 15:44:58,1684266299,11.7,40.0,97500,2.00,4.00,6.00,8.00,0.0176,0
2023-05-16 15:49:40,1684266580,11.6,39.5,97500,1.00,3.00,6.00,7.00,0.0116,0
2023-05-16 15:54:41,1684266881,11.6,39.3,97500,1.00,1.00,2.00,3.00,0.0137,0
2023-05-16 15:59:42,1684267183,11.7,38.1,97500,2.00,3.00,4.00,5.00,0.0112,0
2023-05-16 16:04:44,1684267484,11.7,38.2,97500,1.00,3.00,5.00,6.00,0.0106,0
2023-05-16 16:08:04,1684267685,11.9,38.9,97500,1.00,2.00,3.00,4.00,0.00983,0
2023-05-16 16:24:02,1684268642,12.6,37.2,97500,1.00,2.00,3.00,4.00,0.0103,0
2023-05-16 16:34:53,1684269293,12.7,34.1,97500,1.00,6.00,10.0,12.0,0.0110,0
2023-05-16 16:39:54,1684269595,12.7,33.4,97500,2.00,2.00,3.00,4.00,0.0143,0
2023-05-16 16:44:56,1684269897,12.7,33.5,97500,1.00,3.00,5.00,6.00,0.0161,0
2023-05-16 16:49:38,1684270178,12.8,34.0,97500,1.00,3.00,5.00,6.00,0.0183,0
2023-05-16 16:59:58,1684270798,12.9,31.2,97500,1.00,3.00,4.00,5.00,0.00995,0
2023-05-16 17:04:59,1684271100,12.9,31.2,97500,1.00,2.00,4.00,4.00,0.0101,0
2023-05-16 17:05:20,1684271120,12.9,32.0,97500,1e-7,1e-7,1e-7,1e-7,0.00867,0
2023-05-16 17:19:57,1684271998,13.1,32.1,97500,2.00,2.00,2.00,3.00,0.00898,0
2023-05-16 17:24:58,1684272299,13.2,30.6,97500,1.00,4.00,7.00,9.00,0.0103,0
2023-05-16 17:29:59,1684272600,13.2,30.2,97500,1.00,3.00,4.00,5.00,0.0118,0
2023-05-16 17:34:41,1684272881,13.1,31.4,97500,1.00,3.00,6.00,7.00,0.0118,0
2023-05-16 17:36:01,1684272962,13.1,31.3,97500,1e-7,2.00,3.00,4.00,0.0106,0
2023-05-16 17:49:43,1684273783,12.9,29.9,97500,1.00,3.00,6.00,8.00,0.0136,0
2023-05-16 17:54:03,1684274044,12.8,30.0,97500,2.00,4.00,6.00,7.00,0.0134,0
2023-05-16 18:04:42,1684274682,12.6,30.4,97500,1.00,1.00,2.00,2.00,0.0134,0
2023-05-16 18:09:43,1684274984,12.6,29.8,97500,2.00,4.00,7.00,8.00,0.0134,0
2023-05-16 18:14:56,1684275297,12.5,30.6,97500,1.00,3.00,4.00,5.00,0.0103,0
2023-05-16 18:19:37,1684275577,12.6,30.4,97500,2.00,3.00,6.00,7.00,0.0112,0
2023-05-16 18:31:47,1684276307,12.5,29.9,97500,1.00,2.00,3.00,3.00,0.0104,0
2023-05-16 19:49:45,1684280986,10.2,30.9,97600,1.00,2.00,3.00,4.00,,
2023-05-16 19:54:47,1684281288,10.1,30.6,97600,3.00,4.00,6.00,7.00,,
2023-05-16 19:59:50,1684281590,9.93,31.1,97600,1.00,1.00,3.00,4.00,0.0132,0
2023-05-16 20:04:52,1684281892,9.78,31.2,97600,3.00,5.00,7.00,8.00,0.0133,0
2023-05-16 20:09:54,1684282194,9.58,31.1,97600,2.00,3.00,5.00,6.00,0.0224,0
2023-05-16 20:14:56,1684282497,9.40,31.8,97600,1.00,2.00,3.00,4.00,0.0220,0
2023-05-16 20:19:58,1684282799,9.21,32.6,97600,1.00,3.00,5.00,6.00,0.0185,0
2023-05-16 20:24:41,1684283081,8.99,32.5,97600,1.00,3.00,3.00,4.00,0.0115,0
2023-05-16 20:29:43,1684283384,8.77,33.3,97600,1.00,1.00,1.00,2.00,0.0115,0
2023-05-16 20:34:46,1684283686,8.53,34.4,97600,1.00,3.00,5.00,6.00,0.0113,0
2023-05-16 20:39:48,1684283988,8.27,34.6,97600,1.00,7.00,12.0,14.0,0.0250,0
2023-05-16 20:44:50,1684284291,8.03,35.6,97600,1.00,4.00,7.00,9.00,0.0283,0
2023-05-16 20:49:53,1684284594,7.77,37.0,97600,1e-7,1.00,3.00,4.00,0.0263,0
2023-05-16 20:54:56,1684284896,7.52,36.3,97600,2.00,3.00,5.00,6.00,0.0339,0
2023-05-16 20:59:58,1684285199,7.29,36.9,97600,2.00,2.00,3.00,3.00,0.0137,0
2023-05-16 21:04:41,1684285481,7.06,37.1,97600,1.00,2.00,3.00,4.00,0.0101,0
2023-05-16 21:09:44,1684285784,6.81,37.2,97600,1.00,2.00,3.00,4.00,0.00995,0
2023-05-16 21:14:47,1684286088,6.56,37.6,97600,1.00,2.00,3.00,4.00,0.00995,0
2023-05-16 21:19:50,1684286391,6.32,38.2,97693,1.00,3.00,6.00,8.00,0.0119,0
2023-05-16 21:24:53,1684286694,6.09,38.4,97700,1.00,2.00,3.00,4.00,0.0120,0
2023-05-16 21:29:57,1684286997,5.86,39.1,97700,1.00,3.00,4.00,5.00,0.0183,0
2023-05-16 21:34:40,1684287280,5.62,40.5,97700,2.00,3.00,5.00,6.00,0.0140,0
2023-05-16 21:39:43,1684287584,5.41,40.8,97700,1e-7,4.00,7.00,8.00,0.0140,0
2023-05-16 21:44:47,1684287887,5.20,40.7,97700,1.00,3.00,4.00,4.00,0.0109,0
2023-05-16 21:49:50,1684288191,5.01,41.2,97700,1.00,1.00,1.00,1.00,0.0123,0
2023-05-16 21:54:53,1684288494,4.79,42.7,97700,1.00,2.00,3.00,4.00,0.0146,0
2023-05-16 21:59:57,1684288798,4.57,42.7,97700,1.00,2.00,3.00,4.00,0.00998,0
2023-05-16 22:04:41,1684289081,4.40,42.4,97700,1e-7,2.00,3.00,4.00,0.00995,0
2023-05-16 22:09:44,1684289385,4.25,43.0,97700,1.00,2.00,3.00,4.00,0.00995,0
2023-05-16 22:14:48,1684289689,4.08,44.5,97700,1.00,2.00,3.00,4.00,0.00995,0
2023-05-16 22:19:52,1684289992,3.93,44.3,97700,1.00,2.00,3.00,4.00,0.00995,0
2023-05-16 22:24:56,1684290296,3.80,44.1,97700,1.00,1.00,3.00,4.00,0.00995,0
2023-05-16 22:29:40,1684290580,3.70,44.1,97700,1.00,2.00,3.00,4.00,0.00995,0
2023-05-16 22:34:44,1684290884,3.60,45.0,97700,1.00,2.00,3.00,4.00,0.00995,0
2023-05-16 22:39:48,1684291188,3.48,45.5,97700,1.00,2.00,3.00,4.00,0.00995,0
2023-05-16 22:44:52,1684291492,3.44,45.6,97700,1.00,3.00,5.00,6.00,0.0107,0
2023-05-16 22:49:55,1684291796,3.50,45.2,97700,1.00,2.00,3.00,4.00,0.0114,0
2023-05-16 22:54:59,1684292100,3.71,44.6,97700,1.00,2.00,3.00,3.00,0.0113,0
2023-05-16 22:59:43,1684292383,4.15,43.6,97700,1e-7,2.00,3.00,4.00,0.0110,0
2023-05-16 23:04:46,1684292687,4.60,42.1,97700,1.00,3.00,5.00,6.00,0.0108,0
2023-05-16 23:09:50,1684292991,5.08,39.8,97700,1.00,3.00,5.00,6.00,0.0115,0
2023-05-16 23:14:53,1684293294,5.53,38.8,97700,1.00,8.00,14.0,17.0,0.0216,0
2023-05-16 23:19:57,1684293597,5.83,37.9,97700,2.00,3.00,5.00,6.00,0.0228,0
2023-05-16 23:24:40,1684293880,5.99,37.2,97700,3.00,4.00,6.00,7.00,0.0277,0
2023-05-16 23:29:43,1684294184,6.07,37.1,97727,1.00,2.00,3.00,4.00,0.0212,0
2023-05-16 23:34:47,1684294487,6.05,37.0,97800,1e-7,2.00,3.00,4.00,0.0124,0
2023-05-16 23:39:50,1684294791,5.98,36.9,97800,1.00,2.00,3.00,4.00,0.0130,0
2023-05-16 23:44:53,1684295094,5.89,36.8,97800,1.00,2.00,3.00,4.00,0.00995,0
2023-05-16 23:49:57,1684295398,5.81,36.8,97800,1.00,3.00,4.00,5.00,0.0100,0
2023-05-16 23:54:41,1684295681,5.71,35.7,97800,1.00,3.00,5.00,6.00,0.0102,0
2023-05-16 23:59:44,1684295985,5.68,35.8,97800,2.00,2.00,3.00,4.00,0.0108,0
2023-05-17 00:04:48,1684296288,5.65,35.6,97800,1.00,2.00,3.00,4.00,0.0103,0
2023-05-17 00:09:51,1684296592,5.60,35.6,97800,2.00,2.00,3.00,4.00,0.0117,0
2023-05-17 00:14:55,1684296895,5.52,35.6,97800,1.00,4.00,8.00,9.00,0.0219,0
2023-05-17 00:19:58,1684297198,5.47,35.3,97800,1.00,2.00,3.00,4.00,0.0230,0
2023-05-17 00:24:41,1684297482,5.41,35.9,97800,2.00,5.00,8.00,9.00,0.0262,0
2023-05-17 00:29:45,1684297786,5.29,35.8,97800,1.00,2.00,3.00,4.00,0.0299,0
2023-05-17 00:34:49,1684298089,5.21,35.4,97800,1.00,5.00,8.00,10.0,0.0299,0
2023-05-17 00:39:52,1684298393,5.19,35.0,97800,1.00,3.00,5.00,6.00,0.0214,0
2023-05-17 00:44:56,1684298696,5.18,34.7,97800,1e-7,3.00,5.00,6.00,0.0177,0
2023-05-17 00:49:59,1684299000,5.17,34.6,97800,1.00,2.00,3.00,4.00,0.0165,0
2023-05-17 00:54:42,1684299283,5.12,34.1,97800,2.00,3.00,4.00,4.00,0.0108,0
2023-05-17 00:59:46,1684299586,5.10,33.9,97800,1.00,4.00,6.00,8.00,0.0101,0
2023-05-17 01:04:50,1684299890,5.06,34.2,97800,1.00,2.00,2.00,3.00,0.00868,0
2023-05-17 01:09:53,1684300194,5.04,33.7,97800,2.00,3.00,3.00,4.00,0.0135,0
2023-05-17 01:14:57,1684300498,5.06,34.0,97800,2.00,2.00,3.00,4.00,0.00995,0
2023-05-17 01:19:40,1684300781,5.06,33.5,97800,1.00,2.00,4.00,5.00,0.00995,0
2023-05-17 01:24:44,1684301084,5.05,33.2,97800,1.00,1.00,3.00,4.00,0.0102,0
2023-05-17 01:29:47,1684301388,5.08,33.1,97800,1.00,4.00,7.00,8.00,0.0110,0
2023-05-17 01:34:51,1684301691,5.10,32.9,97800,1.00,3.00,5.00,6.00,0.0157,0
2023-05-17 01:39:53,1684301994,5.09,32.7,97820,1.00,4.00,8.00,9.00,0.0161,0
2023-05-17 01:44:56,1684302297,5.07,32.7,97847,1e-7,3.00,5.00,6.00,0.0118,0
2023-05-17 01:49:40,1684302580,5.02,32.8,97893,1.00,2.00,3.00,4.00,0.0104,0
2023-05-17 01:54:43,1684302883,4.97,32.5,97847,1e-7,1.00,3.00,4.00,0.0116,0
2023-05-17 01:59:46,1684303187,4.95,32.4,97860,3.00,3.00,3.00,4.00,0.0116,0
2023-05-17 02:04:50,1684303490,4.90,32.9,97833,1.00,6.00,10.0,13.0,0.0148,0
2023-05-17 02:09:53,1684303794,4.87,32.8,97800,1.00,3.00,6.00,8.00,0.0138,0
2023-05-17 02:14:57,1684304097,4.89,32.8,97800,1.00,3.00,3.00,4.00,0.0134,0
2023-05-17 02:19:40,1684304380,4.93,32.9,97879,1.00,3.00,6.00,8.00,0.0141,0
2023-05-17 02:24:43,1684304684,4.93,32.8,97860,2.00,3.00,5.00,6.00,0.0141,0
2023-05-17 02:29:47,1684304987,4.97,32.8,97900,1.00,2.00,3.00,4.00,0.0116,0
2023-05-17 02:34:50,1684305291,4.99,32.6,97893,1e-7,3.00,5.00,6.00,0.0114,0
2023-05-17 02:39:54,1684305594,5.01,32.7,97900,2.00,2.00,2.00,2.00,0.00995,0
2023-05-17 02:44:57,1684305898,5.00,32.8,97900,1.00,4.00,6.00,7.00,0.0123,0
2023-05-17 02:49:20,1684306161,5.01,32.6,97900,1.00,1.00,3.00,4.00,0.0133,0
2023-05-17 02:54:46,1684306487,5.03,33.1,97900,1.00,2.00,3.00,4.00,0.00995,0
2023-05-17 02:59:50,1684306790,5.03,32.9,97900,1e-7,2.00,3.00,4.00,0.00995,0
2023-05-17 03:04:54,1684307094,5.00,32.8,97900,3.00,3.00,6.00,8.00,0.00995,0
2023-05-17 03:09:58,1684307398,4.95,33.1,97900,1.00,1.00,3.00,4.00,0.00995,0
2023-05-17 03:14:41,1684307682,4.91,33.2,97900,2.00,2.00,3.00,4.00,0.0117,0
2023-05-17 03:19:45,1684307986,4.88,33.1,97900,1.00,1.00,3.00,4.00,0.0109,0
2023-05-17 03:24:49,1684308289,4.88,33.2,97900,1.00,2.00,3.00,4.00,0.00995,0
2023-05-17 03:29:53,1684308593,4.87,33.5,97900,1.00,1.00,3.00,4.00,0.00995,0
2023-05-17 03:34:57,1684308897,4.87,33.7,97900,1.00,2.00,3.00,4.00,0.00995,0
2023-05-17 03:39:42,1684309183,4.85,33.7,97900,1.00,2.00,3.00,4.00,0.00995,0
2023-05-17 03:44:46,1684309486,4.84,33.7,97900,1.00,3.00,6.00,7.00,0.0110,0
2023-05-17 03:49:49,1684309790,4.83,34.2,97900,1.00,2.00,3.00,4.00,0.0116,0
2023-05-17 03:54:53,1684310093,4.81,34.5,97900,1.00,2.00,3.00,4.00,0.0129,0
2023-05-17 03:59:56,1684310396,4.81,34.2,97900,1.00,3.00,6.00,7.00,0.0113,0
2023-05-17 04:04:39,1684310680,4.82,34.4,97900,2.00,2.00,2.00,3.00,0.0119,0
2023-05-17 04:09:43,1684310984,4.84,34.7,97900,1.00,3.00,6.00,8.00,0.0129,0
2023-05-17 04:14:47,1684311287,4.86,34.5,97900,1.00,3.00,5.00,6.00,0.0129,0
2023-05-17 04:19:50,1684311591,4.90,34.5,97900,1e-7,2.00,3.00,4.00,0.0146,0
2023-05-17 04:24:54,1684311895,4.92,34.7,97900,2.00,2.00,3.00,4.00,0.0146,0
2023-05-17 04:29:58,1684312198,4.92,34.9,97900,1.00,2.00,3.00,4.00,0.00995,0
2023-05-17 04:34:41,1684312481,4.92,35.0,97971,1e-7,2.00,3.00,4.00,0.00995,0
2023-05-17 04:39:44,1684312785,4.92,35.1,98000,2.00,2.00,3.00,4.00,0.00995,0
2023-05-17 04:44:48,1684313088,4.91,35.1,98000,1.00,4.00,6.00,8.00,0.0119,0
2023-05-17 04:49:51,1684313392,4.89,35.1,98000,1e-7,1.00,3.00,4.00,0.0119,0
2023-05-17 04:54:55,1684313695,4.87,35.0,98000,1e-7,2.00,3.00,4.00,0.0135,0
2023-05-17 04:59:58,1684313999,4.85,35.0,98000,2.00,2.00,4.00,5.00,0.0120,0
2023-05-17 05:04:42,1684314282,4.83,35.0,98000,1e-7,3.00,5.00,6.00,0.0110,0
2023-05-17 05:09:45,1684314586,4.79,34.9,98000,1.00,4.00,7.00,8.00,0.00969,0
2023-05-17 05:14:49,1684314890,4.80,34.9,98000,1.00,3.00,6.00,8.00,0.0285,0
2023-05-17 05:19:53,1684315193,4.82,35.0,98000,1.00,1.00,1.00,1.00,0.0328,0
2023-05-17 05:24:56,1684315496,4.82,35.0,98000,1.00,3.00,5.00,6.00,0.0328,0
2023-05-17 05:29:39,1684315780,4.81,35.1,98000,1e-7,3.00,6.00,7.00,0.0109,0
2023-05-17 05:34:43,1684316084,4.81,35.2,98000,1.00,2.00,3.00,4.00,0.0121,0
2023-05-17 05:39:47,1684316387,4.79,35.1,98000,2.00,3.00,6.00,7.00,0.0137,0
2023-05-17 05:44:50,1684316691,4.83,34.9,98000,1e-7,2.00,3.00,4.00,0.0130,0
2023-05-17 05:45:51,1684316751,4.84,34.8,98000,1.00,1.00,2.00,3.00,0.0117,0
2023-05-17 10:24:44,1684333485,13.0,16.7,98300,1e-7,2.00,3.00,4.00,,
2023-05-17 10:26:24,1684333585,12.9,16.6,98300,1e-7,1.00,2.00,2.00,,
2023-05-17 11:44:54,1684338294,15.0,20.4,98400,1.00,4.00,7.00,9.00,,
2023-05-17 11:49:55,1684338595,13.6,22.1,98400,1.00,2.00,3.00,4.00,,
2023-05-17 11:54:56,1684338896,13.4,23.2,98360,1.00,2.00,3.00,4.00,0.0115,0
2023-05-17 11:56:16,1684338976,14.2,23.0,98400,1.00,2.00,3.00,3.00,0.0115,0
2023-05-17 12:34:45,1684341285,16.0,17.2,98300,1e-7,1e-7,1e-7,1e-7,,
2023-05-17 12:39:45,1684341585,16.8,15.6,98300,5.00,29.0,49.0,59.0,,
2023-05-17 12:42:25,1684341745,16.8,15.3,98300,1.00,1.00,3.00,4.00,,
2023-05-17 12:54:48,1684342488,13.6,22.0,98400,1e-7,1.00,2.00,3.00,,
2023-05-17 12:57:48,1684342669,12.7,22.7,98400,1e-7,3.00,6.00,8.00,0.0855,0
2023-05-17 13:09:57,1684343397,12.4,23.0,98400,1e-7,1e-7,1e-7,1e-7,0.0857,0
2023-05-17 13:13:37,1684343618,12.9,22.0,98400,1e-7,2.00,3.00,4.00,0.0857,0
2023-05-17 13:24:50,1684344291,14.3,17.4,98300,1e-7,1.00,1.00,1.00,0.0820,0
2023-05-17 13:28:51,1684344531,14.1,17.0,98300,1e-7,2.00,3.00,4.00,0.0162,0
2023-05-17 13:44:17,1684345457,14.7,17.7,98308,1.00,14.0,25.0,31.0,0.0377,0
2023-05-17 13:59:41,1684346382,14.3,18.5,98400,1e-7,2.00,3.00,4.00,0.0377,0
2023-05-17 14:00:02,1684346402,13.8,19.8,98400,1e-7,1.00,2.00,3.00,0.0374,0
2023-05-17 14:14:45,1684347285,13.5,19.4,98400,1.00,2.00,3.00,4.00,0.0374,0
2023-05-17 14:15:25,1684347325,13.8,19.3,98400,1e-7,1e-7,1e-7,1e-7,0.0325,0
2023-05-17 14:29:50,1684348191,14.0,20.4,98400,1e-7,1.00,2.00,3.00,0.0325,0
2023-05-17 14:30:50,1684348251,13.7,21.2,98400,1e-7,1.00,2.00,3.00,0.00995,0
2023-05-17 14:44:57,1684349097,13.2,19.9,98400,1e-7,1.00,2.00,3.00,0.00995,0
2023-05-17 14:47:16,1684349237,13.4,19.2,98400,1e-7,4.00,7.00,8.00,0.0108,0
2023-05-17 14:59:52,1684349992,13.9,17.9,98400,1e-7,1e-7,1e-7,1e-7,0.0129,0
2023-05-17 15:02:32,1684350153,14.0,17.1,98400,1e-7,1e-7,1e-7,1e-7,0.0149,0
2023-05-17 15:09:48,1684350589,13.5,17.3,98400,1e-7,2.00,3.00,4.00,0.0149,0
2023-05-17 15:14:49,1684350890,13.3,17.9,98400,1.00,3.00,5.00,5.00,0.0140,0
2023-05-17 15:18:09,1684351089,13.3,18.5,98400,1e-7,2.00,3.00,4.00,0.0117,0
2023-05-17 15:24:47,1684351487,13.8,19.0,98400,1e-7,1.00,3.00,4.00,0.0102,0
2023-05-17 15:29:48,1684351788,13.8,19.0,98400,1e-7,2.00,3.00,4.00,0.0112,0
2023-05-17 15:33:28,1684352009,13.7,18.8,98400,1.00,7.00,12.0,15.0,0.0160,0
2023-05-17 15:39:45,1684352386,13.8,17.6,98400,1e-7,1e-7,1e-7,1e-7,0.0160,0
2023-05-17 15:44:46,1684352686,13.9,17.8,98400,1e-7,1e-7,1e-7,1e-7,0.0160,0
2023-05-17 15:48:46,1684352927,14.0,17.8,98400,1.00,2.00,3.00,4.00,0.0205,0
2023-05-17 15:59:53,1684353593,14.4,16.1,98400,1e-7,2.00,3.00,4.00,0.0129,0
2023-05-17 16:03:53,1684353834,14.2,16.7,98425,1e-7,1e-7,1e-7,1e-7,0.0108,0
2023-05-17 16:19:11,1684354752,14.8,17.6,98411,1e-7,3.00,6.00,7.00,0.0110,0
2023-05-17 16:34:55,1684355696,13.8,15.8,98436,1.00,3.00,4.00,4.00,0.0128,0
2023-05-17 16:39:57,1684355997,13.0,17.4,98500,1e-7,1.00,2.00,3.00,0.0128,0
2023-05-17 16:44:58,1684356299,12.2,19.9,98500,1e-7,2.00,3.00,4.00,0.0114,0
2023-05-17 16:49:40,1684356580,11.6,21.7,98500,1e-7,2.00,3.00,4.00,0.0100,0
2023-05-17 16:54:42,1684356882,11.1,24.0,98580,1e-7,2.00,3.00,4.00,0.00995,0
2023-05-17 16:59:44,1684357184,10.8,25.9,98600,1e-7,1e-7,1e-7,1e-7,0.00995,0
2023-05-17 17:04:46,1684357486,10.9,26.9,98600,1.00,2.00,3.00,4.00,0.00995,0
2023-05-17 17:09:48,1684357788,11.0,27.2,98600,1e-7,2.00,3.00,4.00,0.00995,0
2023-05-17 17:14:50,1684358090,11.0,26.4,98600,1e-7,1.00,3.00,4.00,0.00995,0
2023-05-17 17:19:52,1684358392,10.9,25.1,98567,1e-7,1.00,2.00,3.00,0.00995,0
2023-05-17 17:21:12,1684358473,10.8,25.1,98600,1e-7,1e-7,1e-7,1e-7,0.00995,0
2023-05-17 17:34:42,1684359283,10.6,25.7,98600,1.00,2.00,3.00,4.00,0.00995,0
2023-05-17 17:39:45,1684359585,10.4,26.1,98600,1.00,6.00,10.0,12.0,0.0111,0
2023-05-17 17:44:47,1684359888,10.1,26.2,98600,1.00,2.00,3.00,4.00,0.0233,0
2023-05-17 17:49:50,1684360191,9.89,25.8,98600,1e-7,1.00,2.00,3.00,0.0219,0
2023-05-17 17:54:53,1684360494,9.79,25.7,98600,1.00,2.00,3.00,4.00,0.0223,0
2023-05-17 17:59:56,1684360796,9.66,25.8,98600,1e-7,6.00,10.0,12.0,0.0206,0
2023-05-17 18:04:58,1684361099,9.56,25.7,98600,1.00,3.00,6.00,8.00,0.0206,0
2023-05-17 18:09:41,1684361381,9.49,25.9,98600,1e-7,1.00,2.00,3.00,0.0122,0
2023-05-17 18:14:43,1684361684,9.38,26.2,98600,2.00,7.00,13.0,16.0,0.0197,0
2023-05-17 18:19:46,1684361986,9.28,26.4,98600,1.00,2.00,3.00,3.00,0.0254,0
2023-05-17 18:24:49,1684362289,9.15,26.4,98600,1e-7,1.00,2.00,3.00,0.0353,0
2023-05-17 18:29:51,1684362592,9.07,26.6,98600,1e-7,3.00,5.00,6.00,0.0149,0
2023-05-17 18:34:54,1684362895,9.00,30.8,98673,2.00,2.00,3.00,4.00,0.0107,0
2023-05-17 18:39:57,1684363197,8.82,33.3,98700,1e-7,3.00,6.00,8.00,0.0110,0
2023-05-17 18:44:59,1684363500,8.66,32.8,98700,1e-7,1.00,2.00,2.00,0.0117,0
2023-05-17 18:49:42,1684363782,8.47,32.3,98693,1e-7,1e-7,1e-7,1e-7,0.0132,0
2023-05-17 18:54:45,1684364085,8.31,31.8,98700,1e-7,2.00,3.00,4.00,0.0132,0
2023-05-17 18:59:48,1684364388,8.15,32.0,98700,1e-7,2.00,3.00,4.00,0.00995,0
2023-05-17 19:04:51,1684364691,8.01,32.1,98700,1e-7,1e-7,1e-7,1e-7,0.00995,0
2023-05-17 19:09:54,1684364994,7.91,32.0,98700,1e-7,2.00,3.00,4.00,0.00995,0
2023-05-17 19:14:57,1684365297,7.81,31.9,98700,1e-7,1e-7,1e-7,1e-7,0.00995,0
2023-05-17 19:19:39,1684365580,7.75,31.6,98700,1e-7,3.00,5.00,6.00,0.00995,0
2023-05-17 19:24:42,1684365883,7.72,31.3,98700,1.00,3.00,6.00,8.00,0.0132,0
2023-05-17 19:29:46,1684366186,7.65,31.1,98700,1.00,3.00,5.00,6.00,0.0108,0
2023-05-17 19:34:48,1684366489,7.58,30.9,98700,1e-7,1.00,2.00,3.00,0.0120,0
2023-05-17 19:39:51,1684366792,7.51,31.1,98700,1.00,3.00,6.00,8.00,0.0159,0
2023-05-17 19:44:54,1684367095,7.43,31.2,98700,2.00,2.00,3.00,4.00,0.0127,0
2023-05-17 19:49:58,1684367398,7.37,33.6,98787,1e-7,2.00,3.00,4.00,0.0124,0
2023-05-17 19:54:41,1684367682,7.18,36.3,98800,1e-7,1.00,2.00,3.00,0.0103,0
2023-05-17 19:59:45,1684367985,6.90,37.0,98753,1e-7,1.00,2.00,3.00,0.00995,0
2023-05-17 20:04:48,1684368289,6.66,37.0,98793,1e-7,2.00,3.00,4.00,0.00995,0
2023-05-17 20:09:51,1684368592,6.41,36.2,98800,1e-7,3.00,6.00,8.00,0.0101,0
2023-05-17 20:14:55,1684368895,6.19,36.4,98800,1e-7,2.00,3.00,4.00,0.0117,0
2023-05-17 20:19:58,1684369199,5.99,36.4,98800,1e-7,2.00,3.00,4.00,0.0117,0
2023-05-17 20:24:41,1684369482,5.81,36.5,98800,1e-7,2.00,3.00,4.00,0.0117,0
2023-05-17 20:29:45,1684369785,5.66,36.7,98800,1e-7,1e-7,1e-7,1e-7,0.00995,0
2023-05-17 20:34:48,1684370089,5.48,37.0,98800,1e-7,1.00,3.00,4.00,0.00995,0
2023-05-17 20:39:52,1684370392,5.30,37.1,98800,1e-7,2.00,3.00,4.00,0.00995,0
2023-05-17 20:44:56,1684370696,5.08,38.0,98800,1e-7,1e-7,1e-7,1e-7,0.00995,0
2023-05-17 20:49:39,1684370980,4.89,38.2,98800,1e-7,1.00,2.00,3.00,0.00995,0
2023-05-17 20:54:44,1684371284,4.69,38.1,98800,1.00,1.00,2.00,2.00,0.00995,0
2023-05-17 20:59:48,1684371588,4.50,38.7,98853,1e-7,1e-7,1e-7,1e-7,0.00995,0
2023-05-17 21:04:51,1684371892,4.29,38.9,98900,1e-7,1e-7,1e-7,1e-7,0.00995,0
2023-05-17 21:09:55,1684372196,4.09,38.7,98900,1e-7,1e-7,1e-7,1e-7,0.00995,0
2023-05-17 21:14:59,1684372500,3.90,39.1,98900,1e-7,1.00,2.00,3.00,0.00995,0
2023-05-17 21:19:44,1684372785,3.71,39.7,98900,1e-7,2.00,3.00,4.00,0.00995,0
2023-05-17 21:24:48,1684373089,3.54,40.3,98900,1e-7,1e-7,1e-7,1e-7,0.00995,0
2023-05-17 21:29:52,1684373393,3.39,39.9,98900,1e-7,1e-7,1e-7,1e-7,0.00995,0
2023-05-17 21:34:57,1684373698,3.26,40.3,98900,1e-7,1.00,3.00,4.00,0.00995,0
2023-05-17 21:39:41,1684373982,3.13,40.4,98900,1e-7,1.00,3.00,4.00,0.00995,0
2023-05-17 21:44:46,1684374286,3.01,40.6,98900,1e-7,1e-7,1e-7,1e-7,0.00995,0
2023-05-17 21:49:50,1684374590,2.90,41.1,98900,1e-7,1e-7,1e-7,1e-7,0.00995,0
2023-05-17 21:54:54,1684374895,2.77,41.5,98900,1e-7,1e-7,1e-7,1e-7,0.00995,0
2023-05-17 21:59:59,1684375199,2.67,41.5,98900,1e-7,1e-7,1e-7,1e-7,0.00995,0
2023-05-17 22:04:43,1684375483,2.61,41.7,98979,1e-7,1e-7,1e-7,1e-7,0.00995,0
2023-05-17 22:09:47,1684375788,2.60,42.7,99000,1e-7,2.00,3.00,4.00,0.00995,0
2023-05-17 22:14:52,1684376092,2.65,42.9,99000,1e-7,3.00,6.00,7.00,0.0127,0
2023-05-17 22:19:57,1684376397,2.74,42.8,99000,1e-7,3.00,5.00,6.00,0.0120,0
2023-05-17 22:24:41,1684376681,2.82,43.7,99000,1e-7,1.00,2.00,3.00,0.0109,0
2023-05-17 22:29:45,1684376986,2.90,43.4,99000,1e-7,1e-7,1e-7,1e-7,0.0107,0
2023-05-17 22:34:50,1684377290,2.98,44.4,99000,1e-7,1.00,2.00,3.00,0.00995,0
2023-05-17 22:37:32,1684377453,3.03,44.6,99000,1e-7,1e-7,1e-7,1e-7,0.00995,0
2023-05-17 22:44:47,1684377887,3.12,44.5,99000,1.00,1.00,1.00,1.00,0.00995,0
2023-05-17 22:49:51,1684378192,3.17,44.4,99000,1e-7,1e-7,1e-7,1e-7,0.00995,0
2023-05-17 22:54:56,1684378496,3.24,43.9,99000,1e-7,1e-7,1e-7,1e-7,0.00995,0
2023-05-17 22:59:39,1684378780,3.25,43.9,99000,1e-7,1e-7,1e-7,1e-7,0.00995,0
2023-05-17 23:04:44,1684379084,3.21,43.9,99000,1e-7,1e-7,1e-7,1e-7,0.00995,0
2023-05-17 23:09:48,1684379389,3.17,43.8,99000,1e-7,2.00,3.00,4.00,0.00995,0
2023-05-17 23:14:52,1684379693,3.13,43.0,99000,1.00,3.00,6.00,7.00,0.0175,0
2023-05-17 23:19:57,1684379997,3.15,41.8,99000,1e-7,1.00,3.00,4.00,0.0175,0
2023-05-17 23:24:41,1684380281,3.20,41.1,99000,1.00,1.00,2.00,2.00,0.0175,0
2023-05-17 23:29:45,1684380585,3.25,40.5,99053,1e-7,1.00,2.00,3.00,0.0151,0
2023-05-17 23:34:49,1684380889,3.24,39.4,99073,1.00,1.00,2.00,3.00,0.00995,0
2023-05-17 23:39:53,1684381193,3.22,39.1,99100,1e-7,6.00,10.0,13.0,0.0116,0
2023-05-17 23:44:57,1684381498,3.25,38.4,99080,1e-7,3.00,6.00,7.00,0.0238,0
2023-05-17 23:49:41,1684381782,3.36,38.4,99000,1.00,1.00,2.00,2.00,0.0275,0
2023-05-17 23:54:45,1684382086,3.43,37.9,99000,1e-7,1.00,2.00,3.00,0.0274,0
2023-05-17 23:59:50,1684382390,3.46,38.7,99087,1e-7,2.00,3.00,4.00,0.0124,0
2023-05-18 00:04:54,1684382695,3.39,38.1,99100,1e-7,2.00,3.00,4.00,0.00995,0
2023-05-18 00:09:59,1684382999,3.32,38.2,99100,1e-7,2.00,3.00,4.00,0.00995,0
2023-05-18 00:14:43,1684383283,3.29,37.8,99100,1e-7,2.00,3.00,4.00,0.00995,0
2023-05-18 00:19:47,1684383588,3.26,38.4,99100,1e-7,1.00,2.00,3.00,0.00995,0
2023-05-18 00:24:51,1684383892,3.18,38.0,99100,1e-7,2.00,3.00,4.00,0.00995,0
2023-05-18 00:29:56,1684384196,3.10,37.4,99100,1e-7,2.00,3.00,4.00,0.00995,0
2023-05-18 00:34:40,1684384480,2.99,38.0,99100,1.00,1.00,1.00,1.00,0.00995,0
2023-05-18 00:39:44,1684384785,2.86,38.8,99100,1.00,8.00,13.0,16.0,0.0119,0
2023-05-18 00:44:49,1684385089,2.74,39.3,99100,1e-7,1e-7,1e-7,1e-7,0.0155,0
2023-05-18 00:49:53,1684385394,2.64,39.6,99100,1e-7,1.00,3.00,4.00,0.0163,0
2023-05-18 00:54:58,1684385698,2.60,40.2,99100,1e-7,2.00,3.00,4.00,0.0132,0
2023-05-18 00:59:42,1684385983,2.62,40.0,99100,1e-7,2.00,3.00,4.00,0.00995,0
2023-05-18 01:04:47,1684386287,2.70,39.9,99100,1e-7,4.00,7.00,8.00,0.0122,0
2023-05-18 01:09:51,1684386592,2.82,40.9,99100,1e-7,3.00,6.00,7.00,0.0134,0
2023-05-18 01:14:56,1684386896,2.98,40.4,99100,1e-7,1.00,2.00,3.00,0.0134,0
2023-05-18 01:19:40,1684387180,3.15,39.6,99100,1e-7,4.00,7.00,8.00,0.0120,0
2023-05-18 01:24:44,1684387485,3.29,39.5,99100,1e-7,2.00,3.00,4.00,0.0120,0
2023-05-18 01:29:49,1684387789,3.42,39.4,99100,1e-7,2.00,3.00,4.00,0.0120,0
2023-05-18 01:34:53,1684388093,3.52,40.3,99100,1e-7,1.00,2.00,3.00,0.00995,0
2023-05-18 01:39:57,1684388398,3.61,39.7,99100,1e-7,1e-7,1e-7,1e-7,0.00995,0
2023-05-18 01:44:41,1684388682,3.73,39.4,99100,1e-7,1e-7,1e-7,1e-7,0.00995,0
2023-05-18 01:49:45,1684388986,3.83,39.5,99100,1e-7,2.00,3.00,4.00,0.00995,0
2023-05-18 01:54:50,1684389290,3.90,39.3,99100,1e-7,3.00,6.00,8.00,0.0162,0
2023-05-18 01:59:54,1684389595,3.98,39.6,99100,1e-7,1.00,3.00,4.00,0.0162,0
2023-05-18 02:04:58,1684389899,4.04,39.7,99107,1e-7,2.00,3.00,4.00,0.0162,0
2023-05-18 02:09:42,1684390183,4.11,40.4,99193,1.00,1.00,1.00,1.00,0.0117,0
2023-05-18 02:14:47,1684390487,4.15,39.8,99200,1e-7,1e-7,1e-7,1e-7,0.00995,0
2023-05-18 02:19:51,1684390792,4.23,39.7,99193,1.00,1.00,1.00,1.00,0.00995,0
2023-05-18 02:24:56,1684391096,4.29,39.5,99147,1e-7,2.00,3.00,4.00,0.00995,0
2023-05-18 02:29:40,1684391381,4.33,39.7,99114,1e-7,3.00,6.00,8.00,0.0126,0
2023-05-18 02:34:45,1684391685,4.37,39.3,99120,1e-7,2.00,3.00,4.00,0.0143,0
2023-05-18 02:39:49,1684391989,4.39,39.0,99200,1e-7,2.00,3.00,4.00,0.0143,0
2023-05-18 02:44:53,1684392294,4.43,38.9,99200,1e-7,4.00,7.00,8.00,0.0145,0
2023-05-18 02:49:57,1684392598,4.43,38.9,99200,1e-7,3.00,5.00,6.00,0.0145,0
2023-05-18 02:54:41,1684392882,4.43,38.4,99193,1e-7,3.00,6.00,8.00,0.0115,0
2023-05-18 02:59:46,1684393186,4.45,38.6,99133,1e-7,1.00,2.00,3.00,0.0138,0
2023-05-18 03:04:50,1684393491,4.46,38.5,99100,1e-7,1.00,2.00,3.00,0.0125,0
2023-05-18 03:09:55,1684393795,4.47,38.5,99100,1e-7,2.00,3.00,4.00,0.00995,0
2023-05-18 03:14:59,1684394100,4.48,38.8,99140,1e-7,4.00,8.00,9.00,0.0142,0
2023-05-18 03:19:43,1684394384,4.50,38.2,99200,1.00,1.00,3.00,4.00,0.0142,0
2023-05-18 03:24:48,1684394688,4.51,38.6,99200,1e-7,1.00,2.00,3.00,0.0121,0
2023-05-18 03:29:52,1684394993,4.52,38.8,99200,1e-7,2.00,3.00,4.00,0.00995,0
2023-05-18 03:34:57,1684395297,4.52,38.7,99200,1e-7,2.00,3.00,4.00,0.00995,0
2023-05-18 03:39:41,1684395581,4.53,38.8,99200,1e-7,1.00,3.00,4.00,0.00995,0
2023-05-18 03:44:45,1684395886,4.56,39.0,99200,1e-7,1.00,2.00,3.00,0.00995,0
2023-05-18 03:49:49,1684396190,4.59,39.2,99200,1e-7,1e-7,1e-7,1e-7,0.00995,0
2023-05-18 03:54:53,1684396494,4.58,39.1,99200,1e-7,2.00,3.00,4.00,0.00995,0
2023-05-18 03:59:58,1684396798,4.63,38.9,99200,1.00,1.00,1.00,1.00,0.00995,0
2023-05-18 04:04:41,1684397082,4.68,38.9,99200,1e-7,2.00,3.00,4.00,0.00995,0
2023-05-18 04:09:45,1684397386,4.74,38.6,99200,1e-7,1e-7,1e-7,1e-7,0.00995,0
2023-05-18 04:14:49,1684397690,4.79,39.0,99200,1e-7,1e-7,1e-7,1e-7,0.00995,0
2023-05-18 04:19:53,1684397994,4.81,38.7,99200,1.00,1.00,2.00,2.00,0.00995,0
2023-05-18 04:24:57,1684398298,4.82,38.9,99200,1e-7,1e-7,1e-7,1e-7,0.00995,0
2023-05-18 04:29:41,1684398581,4.83,39.3,99200,1e-7,1.00,2.00,3.00,0.00995,0
2023-05-18 04:34:45,1684398886,4.82,39.5,99200,1e-7,2.00,3.00,4.00,0.00995,0
2023-05-18 04:39:50,1684399190,4.84,38.3,99200,1e-7,1e-7,1e-7,1e-7,0.00995,0
2023-05-18 04:44:54,1684399494,4.87,38.3,99300,1e-7,2.00,3.00,4.00,0.00995,0
2023-05-18 04:49:58,1684399798,4.89,38.2,99300,1e-7,2.00,3.00,4.00,0.00995,0
2023-05-18 04:54:42,1684400083,4.93,37.2,99300,1.00,1.00,1.00,1.00,0.00995,0
2023-05-18 04:59:46,1684400386,4.99,36.0,99300,1.00,3.00,6.00,8.00,0.0101,0
2023-05-18 05:04:50,1684400691,5.05,35.4,99300,1.00,2.00,3.00,4.00,0.0120,0
2023-05-18 05:09:54,1684400995,5.13,35.2,99300,1e-7,1e-7,1e-7,1e-7,0.0114,0
2023-05-18 05:14:59,1684401299,5.19,35.2,99300,1e-7,2.00,3.00,4.00,0.00995,0
2023-05-18 05:19:42,1684401583,5.25,34.9,99300,1e-7,1e-7,1e-7,1e-7,0.00995,0
2023-05-18 05:24:46,1684401887,5.32,34.6,99300,1e-7,1.00,3.00,4.00,0.00995,0
2023-05-18 05:29:51,1684402191,5.38,34.3,99300,1.00,4.00,7.00,8.00,0.0122,0
2023-05-18 05:34:55,1684402495,5.42,33.8,99300,1.00,5.00,8.00,10.0,0.0169,0
2023-05-18 05:39:42,1684402782,5.46,32.9,99300,1e-7,5.00,10.0,12.0,0.0148,0
2023-05-18 05:44:45,1684403086,5.48,32.8,99300,1e-7,3.00,5.00,6.00,0.0143,0
2023-05-18 05:48:48,1684403329,5.55,33.1,99300,1e-7,1e-7,1e-7,1e-7,0.0143,0
2023-05-18 08:29:09,1684412949,13.6,21.2,99600,1e-7,1e-7,1e-7,1e-7,0.0140,0
2023-05-18 09:29:56,1684416596,20.8,15.7,99600,1.00,3.00,5.00,6.00,,
2023-05-18 09:34:32,1684416873,21.2,14.8,99600,1e-7,2.00,3.00,4.00,,
2023-05-18 09:39:26,1684417166,21.7,14.7,99600,1e-7,1e-7,1e-7,1e-7,,
2023-05-18 10:59:57,1684421997,25.0,10.9,99600,1.00,1.00,1.00,2.00,,
2023-05-18 11:01:16,1684422076,24.7,10.7,99600,9.00,51.0,86.0,104,,
2023-05-18 11:14:56,1684422897,25.2,10.9,99600,1e-7,2.00,3.00,4.00,0.0139,0
2023-05-18 11:16:35,1684422996,25.1,10.3,99600,1e-7,1e-7,1e-7,1e-7,0.00995,0
2023-05-18 11:29:42,1684423783,25.5,10.9,99600,1e-7,2.00,3.00,4.00,0.00995,0
2023-05-18 11:32:01,1684423921,25.7,10.5,99600,1e-7,1.00,2.00,3.00,0.00995,0
2023-05-18 11:44:43,1684424683,25.5,9.96,99600,1.00,2.00,3.00,3.00,0.00995,0
2023-05-18 11:47:21,1684424842,25.4,10.7,99600,1e-7,1e-7,1e-7,1e-7,0.00995,0
2023-05-18 11:59:44,1684425584,25.0,11.1,99600,1e-7,1.00,2.00,3.00,0.00995,0
2023-05-18 12:02:42,1684425763,24.7,11.2,99600,1.00,9.00,16.0,19.0,0.00995,0
2023-05-18 12:14:44,1684426484,24.3,11.5,99600,1e-7,1e-7,1e-7,1e-7,0.0238,0
2023-05-18 12:18:02,1684426683,24.5,11.2,99600,1e-7,1e-7,1e-7,1e-7,0.0238,0
2023-05-18 12:29:46,1684427387,24.3,11.3,99600,1e-7,2.00,3.00,4.00,0.0257,0
2023-05-18 12:33:24,1684427605,24.3,11.0,99600,1e-7,1.00,2.00,3.00,0.0247,0
2023-05-18 12:48:41,1684428522,25.1,11.5,99583,1e-7,1.00,3.00,3.00,0.0112,0
2023-05-18 12:59:53,1684429193,24.9,11.4,99600,1e-7,1e-7,1e-7,1e-7,0.00995,0
2023-05-18 13:03:51,1684429431,24.9,11.6,99600,1e-7,2.00,3.00,4.00,0.00995,0
2023-05-18 13:14:54,1684430095,24.8,11.0,99600,1e-7,1e-7,1e-7,1e-7,0.00995,0
2023-05-18 13:19:12,1684430353,24.6,11.3,99600,1e-7,2.00,3.00,4.00,0.00995,0
2023-05-18 13:29:44,1684430985,24.8,11.0,99500,1e-7,1e-7,1e-7,1e-7,0.00995,0
2023-05-18 13:34:42,1684431282,24.6,11.3,99500,2.00,3.00,6.00,8.00,0.00995,0
2023-05-18 13:44:55,1684431895,23.7,11.8,99500,1e-7,1e-7,1e-7,1e-7,0.0132,0
2023-05-18 13:49:53,1684432193,23.9,12.0,99500,1.00,2.00,3.00,3.00,0.0141,0
2023-05-18 13:50:13,1684432213,24.0,11.9,99500,1e-7,1e-7,1e-7,1e-7,0.00897,0
2023-05-18 13:59:57,1684432798,24.1,11.7,99500,1e-7,1e-7,1e-7,1e-7,0.00963,0
2023-05-18 14:04:55,1684433095,24.2,11.8,99500,1.00,2.00,3.00,4.00,0.0140,0
2023-05-18 14:05:35,1684433135,24.1,11.7,99500,1e-7,2.00,3.00,4.00,0.0126,0
2023-05-18 14:14:59,1684433699,24.1,11.8,99500,1e-7,1e-7,1e-7,1e-7,0.0126,0
2023-05-18 14:19:57,1684433997,24.1,11.8,99500,1.00,1.00,2.00,3.00,0.0126,0
2023-05-18 14:20:56,1684434057,24.2,11.6,99500,1e-7,1.00,1.00,1.00,0.00995,0
2023-05-18 14:34:58,1684434899,24.0,11.8,99500,1.00,2.00,3.00,4.00,0.00995,0
2023-05-18 14:36:18,1684434978,24.0,11.9,99500,1e-7,1e-7,1e-7,1e-7,0.00995,0
2023-05-18 14:49:51,1684435791,23.5,12.0,99500,2.00,2.00,3.00,4.00,0.00995,0
2023-05-18 14:51:30,1684435890,23.4,12.1,99500,1e-7,1.00,2.00,3.00,0.00995,0
2023-05-18 15:04:54,1684436694,23.0,12.2,99500,1.00,2.00,3.00,4.00,0.00995,0
2023-05-18 15:06:53,1684436813,22.6,12.4,99500,1e-7,2.00,3.00,4.00,0.00995,0
2023-05-18 15:19:58,1684437598,22.0,12.9,99500,1.00,7.00,12.0,15.0,0.00995,0
2023-05-18 15:22:17,1684437738,22.0,12.6,99500,1e-7,2.00,3.00,4.00,0.0200,0
2023-05-18 15:34:42,1684438482,22.2,12.7,99500,1.00,2.00,3.00,4.00,0.0231,0
2023-05-18 15:37:41,1684438661,22.2,12.7,99500,1.00,2.00,3.00,4.00,0.0221,0
2023-05-18 15:49:46,1684439386,22.4,13.0,99500,1e-7,2.00,3.00,4.00,0.0155,0
2023-05-18 15:53:05,1684439585,22.4,13.2,99500,2.00,2.00,2.00,2.00,0.0142,0
2023-05-18 16:04:58,1684440299,22.2,13.4,99450,1e-7,2.00,3.00,4.00,0.00995,0
2023-05-18 16:08:37,1684440518,22.0,13.6,99427,1.00,4.00,6.00,7.00,0.0110,0
2023-05-18 16:19:44,1684441184,20.6,14.7,99500,1e-7,1.00,3.00,3.00,0.0128,0
2023-05-18 16:24:03,1684441443,20.5,14.8,99500,1e-7,2.00,3.00,4.00,0.0136,0
2023-05-18 16:34:49,1684442089,20.4,16.0,99500,1.00,2.00,3.00,3.00,0.0137,0
2023-05-18 16:39:28,1684442369,20.2,16.1,99500,1.00,2.00,3.00,4.00,0.0137,0
2023-05-18 16:49:44,1684442985,19.6,17.7,99500,1e-7,1.00,2.00,3.00,0.00995,0
2023-05-18 16:54:44,1684443284,19.5,17.0,99453,1.00,2.00,3.00,3.00,0.00995,0
2023-05-18 16:59:43,1684443584,19.3,17.2,99493,1e-7,2.00,3.00,4.00,0.00995,0
2023-05-18 17:04:43,1684443883,19.0,17.6,99460,2.00,3.00,5.00,6.00,0.0109,0
2023-05-18 17:09:43,1684444183,18.9,17.7,99453,1e-7,2.00,3.00,4.00,0.0127,0
2023-05-18 17:14:43,1684444483,18.7,18.1,99493,1.00,3.00,5.00,7.00,0.0107,0
2023-05-18 17:19:43,1684444783,18.7,17.8,99453,1e-7,2.00,3.00,4.00,0.0142,0
2023-05-18 17:24:43,1684445083,18.5,17.9,99407,2.00,3.00,5.00,7.00,0.0207,0
2023-05-18 17:29:43,1684445383,18.3,18.2,99480,2.00,4.00,6.00,8.00,0.0207,0
2023-05-18 17:34:43,1684445683,18.3,18.0,99487,1.00,2.00,3.00,3.00,0.0114,0
2023-05-18 17:39:43,1684445983,18.2,18.0,99447,1.00,2.00,3.00,4.00,0.0145,0
2023-05-18 17:44:43,1684446283,18.0,18.1,99500,1.00,3.00,5.00,6.00,0.0113,0
2023-05-18 17:49:43,1684446583,17.9,18.0,99500,1.00,2.00,3.00,4.00,0.0113,0
2023-05-18 17:54:43,1684446884,17.7,18.4,99500,1.00,2.00,3.00,4.00,0.0110,0
2023-05-18 17:59:44,1684447184,17.6,18.9,99500,2.00,3.00,6.00,7.00,0.0164,0
2023-05-18 18:04:44,1684447485,17.4,18.9,99500,3.00,4.00,5.00,5.00,0.0147,0
2023-05-18 18:09:45,1684447785,17.2,19.1,99500,1.00,2.00,3.00,4.00,0.0204,0
2023-05-18 18:14:45,1684448086,17.0,19.5,99500,1.00,2.00,3.00,4.00,0.0128,0
2023-05-18 18:19:46,1684448386,16.9,19.6,99500,2.00,3.00,3.00,4.00,0.0105,0
2023-05-18 18:24:46,1684448687,16.7,19.3,99500,1.00,5.00,8.00,10.0,0.0187,0
2023-05-18 18:29:47,1684448987,16.6,19.4,99500,2.00,3.00,6.00,8.00,0.0218,0
2023-05-18 18:34:48,1684449288,16.4,19.4,99500,2.00,4.00,7.00,8.00,0.0139,0
2023-05-18 18:39:49,1684449589,16.2,19.4,99500,2.00,3.00,6.00,7.00,0.0192,0
2023-05-18 18:44:50,1684449890,16.1,19.6,99500,1.00,1.00,1.00,1.00,0.0334,0
2023-05-18 18:49:51,1684450191,16.0,19.2,99500,1.00,5.00,9.00,12.0,0.0511,0
2023-05-18 18:54:52,1684450492,15.9,19.5,99500,1e-7,2.00,3.00,4.00,0.0234,0
2023-05-18 18:59:53,1684450793,15.8,19.8,99500,1.00,2.00,3.00,4.00,0.0182,0
2023-05-18 19:04:53,1684451094,15.7,19.7,99500,1.00,3.00,6.00,8.00,0.0182,0
2023-05-18 19:09:54,1684451395,15.6,19.8,99500,1.00,2.00,3.00,4.00,0.0112,0
2023-05-18 19:14:55,1684451696,15.5,20.3,99500,1.00,2.00,3.00,4.00,0.0101,0
2023-05-18 19:19:56,1684451997,15.4,20.5,99500,1.00,3.00,4.00,5.00,0.0108,0
2023-05-18 19:24:58,1684452298,15.3,20.4,99500,1.00,2.00,3.00,4.00,0.0105,0
2023-05-18 19:29:59,1684452600,15.2,20.7,99500,1.00,2.00,3.00,4.00,0.0105,0
2023-05-18 19:34:41,1684452881,15.0,20.6,99500,1.00,2.00,3.00,4.00,0.00995,0
2023-05-18 19:39:42,1684453182,14.9,20.7,99500,1e-7,2.00,3.00,4.00,0.00995,0
2023-05-18 19:44:43,1684453484,14.8,21.1,99500,1.00,3.00,5.00,6.00,0.0105,0
2023-05-18 19:49:45,1684453785,14.6,21.7,99500,1.00,3.00,6.00,7.00,0.0114,0
2023-05-18 19:54:46,1684454087,14.4,21.7,99500,1.00,2.00,3.00,4.00,0.0120,0
2023-05-18 19:59:48,1684454388,14.3,21.9,99500,1.00,2.00,3.00,4.00,0.0153,0
2023-05-18 20:04:49,1684454690,14.1,22.2,99500,2.00,2.00,2.00,3.00,0.0136,0
2023-05-18 20:09:51,1684454992,14.0,22.5,99500,1.00,2.00,3.00,4.00,0.00995,0
2023-05-18 20:14:53,1684455293,13.8,23.0,99500,2.00,4.00,5.00,6.00,0.0103,0
2023-05-18 20:19:55,1684455595,13.6,23.5,99500,2.00,6.00,9.00,10.0,0.0106,0
2023-05-18 20:24:56,1684455897,13.4,24.0,99500,1.00,3.00,6.00,8.00,0.0153,0
2023-05-18 20:29:58,1684456199,13.1,24.8,99500,1.00,2.00,4.00,4.00,0.0118,0
2023-05-18 20:34:40,1684456480,12.8,25.0,99500,1.00,2.00,3.00,4.00,0.0100,0
2023-05-18 20:39:42,1684456782,12.6,26.1,99500,2.00,3.00,6.00,7.00,0.0101,0
2023-05-18 20:44:44,1684457084,12.3,26.6,99500,1.00,3.00,6.00,8.00,0.0168,0
2023-05-18 20:49:46,1684457387,12.1,27.0,99600,2.00,2.00,3.00,4.00,0.0187,0
2023-05-18 20:54:48,1684457689,11.8,27.7,99600,1e-7,3.00,6.00,7.00,0.0184,0
2023-05-18 20:59:51,1684457991,11.6,27.1,99600,1.00,1.00,3.00,4.00,0.0126,0
2023-05-18 21:04:53,1684458294,11.4,28.0,99600,1e-7,2.00,3.00,4.00,0.0129,0
2023-05-18 21:09:56,1684458596,11.1,28.6,99600,1.00,1.00,2.00,2.00,0.00995,0
2023-05-18 21:14:58,1684458898,10.9,29.2,99600,2.00,4.00,8.00,9.00,0.0145,0
2023-05-18 21:19:41,1684459181,10.7,29.4,99600,1.00,2.00,3.00,4.00,0.0145,0
2023-05-18 21:24:43,1684459484,10.4,30.0,99600,2.00,3.00,3.00,3.00,0.0120,0
2023-05-18 21:29:46,1684459787,10.2,30.2,99600,1.00,1.00,2.00,3.00,0.0120,0
2023-05-18 21:34:49,1684460089,10.0,30.0,99600,1e-7,2.00,3.00,4.00,0.00995,0
2023-05-18 21:39:52,1684460392,9.82,30.1,99600,1e-7,3.00,5.00,7.00,0.0135,0
2023-05-18 21:44:54,1684460695,9.62,30.6,99600,2.00,3.00,5.00,6.00,0.0175,0
2023-05-18 21:49:57,1684460998,9.39,31.3,99600,1.00,5.00,8.00,10.0,0.0170,0
2023-05-18 21:54:40,1684461281,9.17,31.8,99600,1.00,3.00,5.00,6.00,0.0130,0
2023-05-18 21:59:43,1684461584,8.99,32.3,99600,1.00,3.00,4.00,5.00,0.0115,0
2023-05-18 22:04:47,1684461887,8.79,32.5,99600,1e-7,2.00,3.00,4.00,0.0112,0
2023-05-18 22:09:50,1684462190,8.60,33.2,99600,1.00,3.00,5.00,6.00,0.0119,0
2023-05-18 22:14:53,1684462493,8.43,33.5,99600,1.00,5.00,9.00,12.0,0.0119,0
2023-05-18 22:19:56,1684462797,8.27,33.6,99600,2.00,2.00,3.00,4.00,0.0227,0
2023-05-18 22:24:59,1684463100,8.11,34.3,99600,1e-7,2.00,3.00,4.00,0.0248,0
2023-05-18 22:29:43,1684463383,7.98,34.2,99600,1e-7,1.00,2.00,3.00,0.0251,0
2023-05-18 22:34:46,1684463686,7.86,34.4,99600,2.00,2.00,3.00,4.00,0.00995,0
2023-05-18 22:39:47,1684463987,7.75,34.5,99600,1e-7,2.00,3.00,4.00,0.00995,0
2023-05-18 22:44:50,1684464291,7.64,34.7,99600,1.00,2.00,3.00,4.00,0.00995,0
2023-05-18 22:49:53,1684464593,7.52,35.1,99600,2.00,3.00,5.00,7.00,0.00995,0
2023-05-18 22:54:57,1684464897,7.40,35.4,99600,1.00,3.00,5.00,6.00,0.0128,0
2023-05-18 22:59:40,1684465180,7.29,35.6,99600,1.00,3.00,5.00,6.00,0.0128,0
2023-05-18 23:04:44,1684465484,7.19,35.9,99600,1.00,3.00,4.00,5.00,0.0112,0
2023-05-18 23:09:47,1684465788,7.08,36.0,99600,1e-7,3.00,5.00,6.00,0.0111,0
2023-05-18 23:14:51,1684466091,6.95,36.5,99600,1e-7,3.00,6.00,8.00,0.0111,0
2023-05-18 23:19:54,1684466395,6.85,37.0,99600,1.00,2.00,3.00,3.00,0.00928,0
2023-05-18 23:24:58,1684466698,6.75,37.1,99600,1e-7,2.00,3.00,4.00,0.0119,0
2023-05-18 23:29:41,1684466982,6.65,37.1,99600,1.00,2.00,3.00,4.00,0.0105,0
2023-05-18 23:34:45,1684467286,6.57,37.3,99600,1.00,1.00,2.00,3.00,0.00995,0
2023-05-18 23:39:49,1684467590,6.48,37.9,99600,1.00,2.00,3.00,4.00,0.00995,0
2023-05-18 23:44:53,1684467894,6.40,38.5,99600,2.00,4.00,6.00,8.00,0.0138,0
2023-05-18 23:49:57,1684468198,6.32,38.8,99600,1e-7,2.00,3.00,4.00,0.0177,0
2023-05-18 23:54:41,1684468481,6.27,39.0,99600,1.00,2.00,3.00,4.00,0.0158,0
2023-05-18 23:59:45,1684468785,6.23,38.9,99600,1.00,2.00,3.00,4.00,0.0158,0
2023-05-19 00:04:49,1684469089,6.18,39.2,99600,1e-7,1.00,2.00,3.00,0.00995,0
2023-05-19 00:09:53,1684469393,6.12,40.1,99600,1.00,8.00,14.0,17.0,0.0206,0
2023-05-19 00:14:56,1684469697,6.04,40.8,99600,3.00,5.00,9.00,11.0,0.0398,0
2023-05-19 00:19:40,1684469980,5.94,41.0,99600,1e-7,2.00,3.00,4.00,0.0340,0
2023-05-19 00:24:44,1684470284,5.93,40.4,99600,1e-7,1.00,3.00,4.00,0.0274,0
2023-05-19 00:29:47,1684470588,5.94,40.8,99600,1e-7,2.00,3.00,4.00,0.00995,0
2023-05-19 00:34:51,1684470892,5.99,40.7,99600,1.00,2.00,3.00,4.00,0.00995,0
2023-05-19 00:39:55,1684471196,6.08,40.7,99600,1.00,3.00,5.00,6.00,0.00995,0
2023-05-19 00:44:59,1684471500,6.20,41.1,99600,1.00,3.00,6.00,7.00,0.0116,0
2023-05-19 00:49:44,1684471784,6.25,40.7,99600,1.00,2.00,3.00,4.00,0.0134,0
2023-05-19 00:54:47,1684472088,6.22,41.9,99600,2.00,2.00,3.00,4.00,0.0106,0
2023-05-19 00:59:51,1684472391,6.16,41.3,99600,1.00,2.00,3.00,4.00,0.0119,0
2023-05-19 01:04:55,1684472695,6.12,41.6,99600,1.00,3.00,3.00,4.00,0.00995,0
2023-05-19 01:09:59,1684472999,6.11,41.9,99600,1.00,2.00,3.00,4.00,0.00995,0
2023-05-19 01:14:42,1684473283,6.10,41.8,99600,1.00,3.00,5.00,7.00,0.00995,0
2023-05-19 01:19:46,1684473587,6.07,42.1,99600,1.00,5.00,7.00,9.00,0.00896,0
2023-05-19 01:24:50,1684473891,6.05,42.3,99600,1.00,3.00,5.00,5.00,0.0122,0
2023-05-19 01:29:54,1684474195,5.99,42.6,99600,1e-7,1.00,3.00,4.00,0.0116,0
2023-05-19 01:34:58,1684474498,5.93,42.4,99600,1.00,2.00,3.00,4.00,0.00995,0
2023-05-19 01:39:42,1684474782,5.93,42.5,99600,1.00,3.00,5.00,6.00,0.0115,0
2023-05-19 01:44:45,1684475086,5.94,43.0,99600,1.00,2.00,3.00,4.00,0.0117,0
2023-05-19 01:49:49,1684475390,5.98,42.8,99600,1e-7,3.00,6.00,8.00,0.0109,0
2023-05-19 01:54:53,1684475693,6.06,43.1,99600,1.00,1.00,2.00,3.00,0.0109,0
2023-05-19 01:59:57,1684475997,6.06,43.1,99600,1.00,4.00,7.00,8.00,0.0144,0
2023-05-19 02:04:40,1684476281,6.03,43.0,99600,1.00,2.00,3.00,4.00,0.0165,0
2023-05-19 02:09:44,1684476585,5.96,43.2,99600,1.00,3.00,4.00,4.00,0.00978,0
2023-05-19 02:14:48,1684476889,5.91,42.8,99600,1e-7,3.00,6.00,7.00,0.0179,0
2023-05-19 02:19:52,1684477193,5.85,43.0,99600,1e-7,3.00,5.00,7.00,0.0135,0
2023-05-19 02:24:56,1684477497,5.78,43.1,99600,1e-7,2.00,3.00,4.00,0.0157,0
2023-05-19 02:29:40,1684477780,5.70,43.2,99600,1e-7,2.00,3.00,4.00,0.0119,0
2023-05-19 02:34:44,1684478084,5.62,43.3,99600,1.00,1.00,3.00,4.00,0.00995,0
2023-05-19 02:39:48,1684478388,5.53,43.8,99600,1e-7,2.00,3.00,4.00,0.00995,0
2023-05-19 02:44:52,1684478692,5.42,44.3,99600,1e-7,2.00,3.00,4.00,0.00995,0
2023-05-19 02:49:55,1684478995,5.33,44.1,99600,1e-7,4.00,7.00,8.00,0.0127,0
2023-05-19 02:54:59,1684479299,5.24,44.4,99600,1.00,3.00,5.00,6.00,0.0127,0
2023-05-19 02:59:42,1684479583,5.15,45.2,99550,1e-7,3.00,6.00,7.00,0.0133,0
2023-05-19 03:04:46,1684479887,5.07,45.8,99500,2.00,2.00,2.00,2.00,0.0113,0
2023-05-19 03:09:50,1684480191,4.97,46.3,99520,1.00,4.00,6.00,7.00,0.0110,0
2023-05-19 03:14:54,1684480494,4.88,45.3,99560,1e-7,2.00,3.00,4.00,0.0132,0
2023-05-19 03:19:58,1684480798,4.83,45.4,99600,1e-7,1.00,2.00,3.00,0.0132,0
2023-05-19 03:24:41,1684481082,4.76,45.5,99600,1e-7,1.00,2.00,3.00,0.0120,0
2023-05-19 03:29:45,1684481386,4.71,45.2,99600,1e-7,3.00,5.00,6.00,0.0116,0
2023-05-19 03:34:49,1684481690,4.67,45.5,99600,1.00,2.00,3.00,3.00,0.0116,0
2023-05-19 03:39:53,1684481993,4.65,45.8,99600,1.00,3.00,5.00,6.00,0.0123,0
2023-05-19 03:44:57,1684482298,4.63,45.7,99600,1.00,2.00,3.00,4.00,0.0122,0
2023-05-19 03:49:41,1684482582,4.63,45.9,99600,1e-7,1.00,3.00,4.00,0.0116,0
2023-05-19 03:54:45,1684482886,4.61,46.8,99600,1.00,3.00,5.00,7.00,0.0127,0
2023-05-19 03:59:50,1684483190,4.58,46.9,99600,2.00,3.00,4.00,5.00,0.0135,0
2023-05-19 04:04:54,1684483495,4.56,46.4,99600,2.00,3.00,5.00,6.00,0.0158,0
2023-05-19 04:09:58,1684483799,4.56,46.1,99600,1e-7,2.00,3.00,4.00,0.0112,0
2023-05-19 04:14:42,1684484082,4.55,45.7,99600,1.00,3.00,5.00,6.00,0.0131,0
2023-05-19 04:19:46,1684484386,4.51,46.2,99600,1.00,3.00,5.00,6.00,0.0149,0
2023-05-19 04:24:50,1684484690,4.46,46.4,99600,1.00,3.00,5.00,6.00,0.0149,0
2023-05-19 04:29:54,1684484994,4.41,47.1,99600,1.00,3.00,6.00,7.00,0.0134,0
2023-05-19 04:34:58,1684485298,4.37,46.7,99600,2.00,2.00,3.00,4.00,0.0134,0
2023-05-19 04:39:42,1684485582,4.34,46.8,99600,1e-7,3.00,5.00,6.00,0.0129,0
2023-05-19 04:44:46,1684485887,4.33,46.8,99600,1e-7,3.00,5.00,6.00,0.0113,0
2023-05-19 04:49:51,1684486191,4.35,46.8,99600,1e-7,1.00,3.00,4.00,0.0115,0
2023-05-19 04:54:55,1684486496,4.38,47.1,99553,2.00,2.00,3.00,4.00,0.0115,0
2023-05-19 04:59:40,1684486780,4.40,47.4,99500,1.00,2.00,3.00,4.00,0.00995,0
2023-05-19 05:04:44,1684487085,4.43,47.5,99520,1.00,2.00,3.00,4.00,0.00995,0
2023-05-19 05:09:49,1684487389,4.49,47.4,99600,1e-7,3.00,5.00,6.00,0.0101,0
2023-05-19 05:14:53,1684487693,4.55,47.5,99600,1.00,6.00,11.0,13.0,0.0114,0
2023-05-19 05:19:57,1684487998,4.59,47.7,99600,1.00,2.00,4.00,4.00,0.0226,0
2023-05-19 05:24:41,1684488281,4.66,47.3,99600,1.00,4.00,7.00,9.00,0.0186,0
2023-05-19 05:29:45,1684488586,4.76,47.4,99600,1e-7,5.00,8.00,10.0,0.0112,0
2023-05-19 05:34:50,1684488890,4.86,47.6,99587,1.00,3.00,5.00,6.00,0.0302,0
2023-05-19 05:39:54,1684489194,4.96,47.7,99500,1.00,2.00,3.00,4.00,0.0273,0
2023-05-19 05:44:41,1684489481,5.06,47.7,99550,1.00,4.00,6.00,7.00,0.0162,0
2023-05-19 05:49:04,1684489745,5.18,47.3,99585,1.00,4.00,6.00,7.00,0.0163,0
2023-05-19 11:09:46,1684508987,27.6,16.3,99400,1e-7,2.00,3.00,4.00,,
2023-05-19 11:14:43,1684509283,27.9,16.0,99400,1e-7,3.00,6.00,8.00,,
2023-05-19 11:18:20,1684509501,27.6,15.7,99400,2.00,2.00,2.00,3.00,,
2023-05-19 11:29:53,1684510193,26.9,16.0,99400,1e-7,1e-7,1e-7,1e-7,,
2023-05-19 11:33:50,1684510431,26.9,16.3,99400,1.00,3.00,5.00,6.00,,
2023-05-19 11:44:42,1684511082,26.8,16.9,99300,1e-7,2.00,3.00,4.00,0.0109,0
2023-05-19 11:48:59,1684511340,27.0,16.8,99300,1.00,3.00,4.00,5.00,0.0110,0
2023-05-19 11:59:51,1684511991,27.8,16.6,99300,1e-7,3.00,5.00,6.00,0.00947,0
2023-05-19 12:04:28,1684512268,28.1,16.7,99300,2.00,3.00,5.00,6.00,0.0103,0
2023-05-19 12:14:56,1684512896,28.2,16.4,99300,1e-7,2.00,3.00,4.00,0.0103,0
2023-05-19 12:19:53,1684513193,28.1,16.1,99300,3.00,6.00,8.00,10.0,0.0139,0
2023-05-19 12:34:41,1684514081,28.6,16.3,99300,2.00,4.00,6.00,7.00,0.0139,0
2023-05-19 12:35:00,1684514101,28.4,16.4,99300,1e-7,1e-7,1e-7,1e-7,0.0117,0
2023-05-19 12:49:47,1684514988,29.0,16.6,99300,6.00,7.00,10.0,12.0,0.0137,0
2023-05-19 12:50:27,1684515027,28.9,16.5,99300,1.00,3.00,4.00,4.00,0.0137,0
2023-05-19 12:59:55,1684515595,28.2,17.2,99300,1.00,1.00,1.00,1.00,0.0111,0
2023-05-19 13:04:51,1684515892,28.2,17.3,99247,2.00,5.00,7.00,8.00,0.0240,0
2023-05-19 13:05:51,1684515951,28.3,17.6,99200,1.00,1.00,1.00,2.00,0.0227,0
2023-05-19 13:19:59,1684516800,29.4,17.2,99200,3.00,6.00,8.00,9.00,0.0111,0
2023-05-19 13:20:58,1684516859,29.4,17.3,99200,1.00,1.00,1.00,1.00,0.0126,0
2023-05-19 13:34:43,1684517683,29.7,17.0,99200,2.00,5.00,8.00,9.00,0.0249,0
2023-05-19 13:36:21,1684517782,29.7,17.2,99200,2.00,3.00,3.00,3.00,0.0249,0
2023-05-19 13:49:46,1684518586,30.7,16.9,99200,3.00,6.00,8.00,10.0,0.0131,0
2023-05-19 13:51:44,1684518705,30.8,16.6,99200,4.00,5.00,6.00,6.00,0.0119,0
2023-05-19 14:04:49,1684519489,30.5,16.6,99100,2.00,3.00,3.00,3.00,0.0159,0
2023-05-19 14:06:47,1684519608,30.4,16.8,99100,2.00,2.00,2.00,2.00,0.0175,0
2023-05-19 14:19:54,1684520395,30.9,16.5,99100,3.00,4.00,5.00,5.00,0.0211,0
2023-05-19 14:22:12,1684520533,30.7,16.6,99100,2.00,4.00,5.00,6.00,0.0207,0
2023-05-19 14:34:58,1684521299,30.1,16.7,99100,4.00,4.00,6.00,6.00,0.0150,0
2023-05-19 14:37:36,1684521457,30.0,16.8,99100,2.00,4.00,5.00,5.00,0.0143,0
2023-05-19 14:49:42,1684522182,29.7,17.0,99100,3.00,3.00,6.00,7.00,0.0118,0
2023-05-19 14:52:59,1684522380,29.8,17.0,99100,4.00,4.00,4.00,4.00,0.0108,0
2023-05-19 15:04:45,1684523086,29.7,16.9,99056,2.00,2.00,3.00,3.00,0.0144,0
2023-05-19 15:09:21,1684523362,29.7,16.9,99043,4.00,4.00,5.00,5.00,0.0141,0
2023-05-19 15:14:55,1684523696,29.7,16.9,99000,1.00,7.00,11.0,14.0,0.0137,0
2023-05-19 15:19:52,1684523992,29.7,17.1,99000,4.00,5.00,5.00,6.00,0.0353,0
2023-05-19 15:23:29,1684524210,29.6,17.2,99000,2.00,4.00,6.00,8.00,0.0353,0
2023-05-19 15:34:56,1684524897,29.2,17.8,99000,2.00,3.00,4.00,5.00,0.0214,0
2023-05-19 15:38:53,1684525134,29.1,17.7,99000,3.00,4.00,6.00,8.00,0.0214,0
2023-05-19 15:49:44,1684525784,29.4,17.6,99000,1.00,1.00,1.00,1.00,0.0113,0
2023-05-19 15:54:01,1684526041,29.3,17.6,99000,3.00,4.00,6.00,6.00,0.0118,0
2023-05-19 16:04:51,1684526691,28.5,17.6,99000,2.00,3.00,3.00,3.00,0.0110,0
2023-05-19 16:09:28,1684526968,28.2,17.9,99000,3.00,4.00,6.00,7.00,0.0115,0
2023-05-19 16:19:40,1684527581,28.4,17.7,99000,2.00,2.00,2.00,2.00,0.00923,0
2023-05-19 16:24:57,1684527897,28.5,17.6,98900,3.00,3.00,4.00,4.00,0.0111,0
2023-05-19 16:34:45,1684528486,29.0,16.7,98900,2.00,3.00,3.00,3.00,0.0147,0
2023-05-19 16:39:42,1684528783,29.0,16.8,98900,3.00,6.00,10.0,12.0,0.0176,0
2023-05-19 16:40:02,1684528803,29.0,16.3,98900,1e-7,1e-7,1e-7,1.00,0.0110,0
2023-05-19 16:54:50,1684529691,28.6,16.9,98900,3.00,4.00,6.00,8.00,0.0210,0
2023-05-19 16:55:30,1684529730,28.5,17.0,98900,2.00,3.00,3.00,3.00,0.0183,0
2023-05-19 17:04:59,1684530300,27.8,17.5,98900,7.00,17.0,25.0,28.0,0.0113,0
2023-05-19 17:09:55,1684530595,27.8,17.7,98900,2.00,5.00,8.00,10.0,0.0428,0
2023-05-19 17:10:54,1684530655,27.9,18.0,98900,1.00,2.00,2.00,2.00,0.0678,0
2023-05-19 17:24:58,1684531499,27.8,17.7,98900,2.00,3.00,5.00,6.00,0.0678,0
2023-05-19 17:26:17,1684531578,27.7,17.7,98900,2.00,2.00,2.00,3.00,0.0403,0
2023-05-19 17:39:42,1684532383,27.4,18.3,98900,2.00,2.00,3.00,4.00,0.0437,0
2023-05-19 17:44:59,1684532700,27.4,18.6,98900,2.00,3.00,4.00,4.00,0.0422,0
2023-05-19 17:49:57,1684532997,27.3,18.6,98900,4.00,4.00,5.00,5.00,0.0124,0
2023-05-19 17:54:54,1684533295,27.0,19.0,98900,3.00,3.00,4.00,4.00,0.0114,0
2023-05-19 17:59:52,1684533593,26.8,19.3,98900,4.00,5.00,7.00,8.00,0.0108,0
2023-05-19 18:04:50,1684533890,26.5,19.4,98900,3.00,5.00,6.00,8.00,0.0214,0
2023-05-19 18:09:48,1684534188,26.3,19.8,98900,2.00,3.00,5.00,5.00,0.0289,0
2023-05-19 18:14:45,1684534486,26.2,20.0,98900,2.00,3.00,5.00,6.00,0.0231,0
2023-05-19 18:19:43,1684534784,26.0,20.2,98900,2.00,4.00,6.00,7.00,0.0154,0
2023-05-19 18:24:41,1684535082,25.9,20.9,98900,2.00,6.00,9.00,11.0,0.0143,0
2023-05-19 18:29:59,1684535400,25.9,21.1,98900,2.00,4.00,5.00,6.00,0.00983,0
2023-05-19 18:34:58,1684535698,26.0,21.2,98900,3.00,3.00,4.00,4.00,0.0156,0
2023-05-19 18:39:55,1684535996,26.1,20.9,98900,2.00,4.00,6.00,8.00,0.0215,0
2023-05-19 18:44:53,1684536294,26.2,20.8,98900,4.00,5.00,5.00,6.00,0.0142,0
2023-05-19 18:49:51,1684536591,26.3,20.8,98900,2.00,3.00,5.00,5.00,0.0213,0
2023-05-19 18:54:49,1684536889,26.3,21.0,98900,4.00,5.00,5.00,6.00,0.0178,0
2023-05-19 18:59:47,1684537187,26.2,21.0,98900,2.00,2.00,3.00,4.00,0.0116,0
2023-05-19 19:04:45,1684537485,26.1,21.1,98900,4.00,4.00,4.00,4.00,0.0113,0
2023-05-19 19:09:43,1684537783,26.0,21.4,98900,3.00,7.00,10.0,11.0,0.0130,0
2023-05-19 19:14:41,1684538081,25.8,21.6,98900,2.00,7.00,10.0,12.0,0.0173,0
2023-05-19 19:19:59,1684538399,25.5,21.9,98900,2.00,3.00,4.00,5.00,0.0173,0
2023-05-19 19:24:57,1684538698,25.3,22.3,98900,3.00,3.00,4.00,5.00,0.0159,0
2023-05-19 19:29:55,1684538996,25.2,22.5,98900,4.00,6.00,8.00,9.00,0.0169,0
2023-05-19 19:34:54,1684539294,25.0,22.7,98900,2.00,3.00,5.00,6.00,0.0169,0
2023-05-19 19:39:52,1684539593,24.9,22.9,98900,2.00,3.00,4.00,5.00,0.0196,0
2023-05-19 19:44:51,1684539891,24.7,23.4,98900,2.00,6.00,9.00,11.0,0.0196,0
2023-05-19 19:49:49,1684540189,24.6,23.3,98900,2.00,3.00,6.00,7.00,0.0181,0
2023-05-19 19:54:47,1684540488,24.5,23.6,98900,4.00,4.00,4.00,4.00,0.0162,0
2023-05-19 19:59:46,1684540786,24.4,23.9,98900,6.00,6.00,7.00,8.00,0.0162,0
2023-05-19 20:04:44,1684541085,24.3,24.1,98900,11.0,48.0,78.0,94.0,0.0679,0
2023-05-19 20:09:43,1684541383,24.1,24.4,98900,4.00,6.00,8.00,9.00,0.175,0
2023-05-19 20:14:41,1684541682,24.0,24.6,98900,3.00,3.00,3.00,4.00,0.175,0
2023-05-19 20:19:40,1684541981,23.9,24.7,98900,3.00,4.00,5.00,6.00,0.166,0
2023-05-19 20:24:59,1684542299,23.8,25.0,98900,2.00,3.00,4.00,5.00,0.0126,0
2023-05-19 20:29:58,1684542598,23.7,25.7,98900,2.00,3.00,4.00,4.00,0.0100,0
2023-05-19 20:34:57,1684542897,23.6,25.5,98900,2.00,4.00,5.00,5.00,0.0103,0
2023-05-19 20:39:55,1684543196,23.5,25.8,98947,3.00,5.00,6.00,7.00,0.0165,0
2023-05-19 20:44:54,1684543495,23.4,26.1,98987,4.00,4.00,4.00,4.00,0.0224,0
2023-05-19 20:49:53,1684543794,23.3,26.6,98993,2.00,4.00,6.00,7.00,0.0152,0
2023-05-19 20:54:52,1684544093,23.1,26.8,99000,2.00,4.00,6.00,7.00,0.0140,0
2023-05-19 20:59:51,1684544392,23.0,27.0,99000,5.00,7.00,8.00,8.00,0.0116,0
2023-05-19 21:04:51,1684544691,22.9,27.3,99000,2.00,7.00,13.0,16.0,0.0174,0
2023-05-19 21:09:50,1684544990,22.8,27.8,99000,2.00,5.00,9.00,11.0,0.0166,0
2023-05-19 21:14:49,1684545289,22.6,28.3,99000,3.00,7.00,10.0,12.0,0.0139,0
2023-05-19 21:19:48,1684545589,22.4,28.8,99000,2.00,3.00,3.00,3.00,0.0134,0
2023-05-19 21:24:48,1684545889,22.1,29.2,99000,2.00,5.00,8.00,9.00,0.0222,0
2023-05-19 21:29:48,1684546188,22.0,29.9,99000,3.00,4.00,6.00,7.00,0.0223,0
2023-05-19 21:34:47,1684546488,21.8,29.8,99000,2.00,2.00,4.00,4.00,0.0237,0
2023-05-19 21:39:46,1684546787,21.7,30.2,99000,3.00,5.00,7.00,9.00,0.0137,0
2023-05-19 21:44:46,1684547086,21.5,30.6,99000,3.00,3.00,3.00,4.00,0.0192,0
2023-05-19 21:49:45,1684547386,21.5,30.7,99000,3.00,3.00,3.00,3.00,0.0219,0
2023-05-19 21:54:45,1684547685,21.5,31.0,99000,2.00,3.00,5.00,6.00,0.0219,0
2023-05-19 21:59:44,1684547985,21.4,31.0,99000,5.00,5.00,6.00,7.00,0.0115,0
2023-05-19 22:04:44,1684548284,21.4,31.6,99000,2.00,3.00,5.00,6.00,0.0119,0
2023-05-19 22:09:44,1684548584,21.4,31.6,99000,2.00,4.00,7.00,8.00,0.0107,0
2023-05-19 22:14:43,1684548884,21.4,31.9,99000,2.00,4.00,8.00,9.00,0.0221,0
2023-05-19 22:19:43,1684549183,21.3,31.8,99000,2.00,5.00,8.00,10.0,0.0169,0
2023-05-19 22:24:42,1684549483,21.3,31.8,99000,3.00,3.00,4.00,5.00,0.0164,0
2023-05-19 22:29:42,1684549782,21.2,32.2,99000,3.00,3.00,6.00,7.00,0.0168,0
2023-05-19 22:34:42,1684550082,21.1,32.7,99000,3.00,3.00,4.00,4.00,0.0110,0
2023-05-19 22:39:41,1684550382,21.0,32.9,99000,3.00,6.00,8.00,9.00,0.0140,0
2023-05-19 22:44:41,1684550681,20.9,33.2,99000,3.00,4.00,6.00,7.00,0.0179,0
2023-05-19 22:49:41,1684550981,20.8,33.2,99000,4.00,4.00,6.00,6.00,0.0145,0
2023-05-19 22:54:41,1684551281,20.7,33.6,99000,2.00,4.00,6.00,7.00,0.0105,0
2023-05-19 22:59:41,1684551581,20.6,33.9,99000,4.00,4.00,5.00,6.00,0.0146,0
2023-05-19 23:04:41,1684551881,20.4,34.6,99000,2.00,2.00,3.00,4.00,0.0146,0
2023-05-19 23:09:41,1684552181,20.3,34.5,99000,2.00,5.00,7.00,9.00,0.0122,0
2023-05-19 23:14:41,1684552481,20.2,35.1,99000,2.00,3.00,5.00,6.00,0.0203,0
2023-05-19 23:19:41,1684552781,20.1,35.2,99000,2.00,4.00,7.00,8.00,0.0189,0
2023-05-19 23:24:41,1684553081,20.1,35.5,99000,4.00,5.00,6.00,6.00,0.0258,0
2023-05-19 23:29:41,1684553381,20.0,35.9,99000,4.00,4.00,4.00,4.00,0.0227,0
2023-05-19 23:34:41,1684553681,19.9,36.4,99013,2.00,5.00,7.00,8.00,0.0211,0
2023-05-19 23:39:41,1684553981,19.8,36.9,99100,2.00,4.00,7.00,8.00,0.0196,0
2023-05-19 23:44:41,1684554281,19.8,36.9,99080,4.00,5.00,7.00,9.00,0.0116,0
2023-05-19 23:49:41,1684554581,19.8,37.3,99080,2.00,5.00,8.00,9.00,0.0228,0
2023-05-19 23:54:41,1684554881,19.8,37.5,99093,6.00,6.00,6.00,6.00,0.0228,0
2023-05-19 23:59:41,1684555181,19.8,37.9,99100,5.00,7.00,10.0,11.0,0.0144,0
2023-05-20 00:04:41,1684555481,19.8,37.6,99100,2.00,3.00,5.00,6.00,0.0154,0
2023-05-20 00:09:41,1684555781,19.8,37.6,99053,3.00,3.00,3.00,4.00,0.0268,0
2023-05-20 00:14:41,1684556081,19.8,38.0,99033,3.00,5.00,7.00,8.00,0.0286,0
2023-05-20 00:19:41,1684556381,19.8,38.2,99067,4.00,5.00,6.00,7.00,0.0164,0
2023-05-20 00:24:41,1684556681,19.7,38.4,99100,3.00,4.00,5.00,5.00,0.0147,0
2023-05-20 00:29:41,1684556981,19.6,38.6,99100,2.00,4.00,7.00,8.00,0.0146,0
2023-05-20 00:34:41,1684557281,19.5,38.5,99100,2.00,3.00,6.00,8.00,0.0148,0
2023-05-20 00:39:41,1684557581,19.4,38.9,99100,4.00,5.00,8.00,9.00,0.0154,0
2023-05-20 00:44:41,1684557881,19.3,39.0,99100,2.00,3.00,6.00,7.00,0.0139,0
2023-05-20 00:49:41,1684558181,19.2,39.3,99100,4.00,6.00,9.00,10.0,0.0168,0
2023-05-20 00:54:41,1684558481,19.1,39.1,99100,4.00,4.00,5.00,6.00,0.0130,0
2023-05-20 00:59:41,1684558781,19.0,39.5,99100,5.00,6.00,6.00,6.00,0.0191,0
2023-05-20 01:04:41,1684559081,18.8,39.9,99100,6.00,7.00,7.00,7.00,0.0170,0
2023-05-20 01:09:41,1684559381,18.7,40.3,99100,2.00,4.00,7.00,8.00,0.0170,0
2023-05-20 01:14:41,1684559681,18.7,40.4,99100,2.00,5.00,7.00,8.00,0.0133,0
2023-05-20 01:19:41,1684559981,18.7,40.4,99100,2.00,5.00,8.00,9.00,0.0116,0
2023-05-20 01:24:41,1684560282,18.7,39.9,99100,2.00,3.00,3.00,4.00,0.0104,0
2023-05-20 01:29:42,1684560582,18.7,40.3,99100,2.00,5.00,7.00,8.00,0.0150,0
2023-05-20 01:34:42,1684560882,18.8,40.7,99100,2.00,2.00,3.00,4.00,0.0130,0
2023-05-20 01:39:42,1684561182,18.8,40.8,99100,4.00,5.00,6.00,7.00,0.0310,0
2023-05-20 01:44:42,1684561482,18.7,40.4,99100,3.00,5.00,6.00,7.00,0.0243,0
2023-05-20 01:49:42,1684561782,18.7,40.4,99100,2.00,3.00,4.00,5.00,0.0289,0
2023-05-20 01:54:42,1684562083,18.7,40.7,99100,3.00,3.00,3.00,3.00,0.0155,0
2023-05-20 01:59:42,1684562383,18.7,41.1,99100,2.00,2.00,3.00,4.00,0.0136,0
2023-05-20 02:04:43,1684562683,18.6,40.9,99100,2.00,3.00,3.00,4.00,0.0103,0
2023-05-20 02:09:43,1684562983,18.6,40.5,99100,4.00,4.00,4.00,5.00,0.0101,0
2023-05-20 02:14:43,1684563283,18.6,40.9,99100,2.00,3.00,5.00,6.00,0.0134,0
2023-05-20 02:19:43,1684563584,18.6,41.1,99100,2.00,3.00,4.00,4.00,0.0125,0
2023-05-20 02:24:44,1684563884,18.6,41.3,99100,2.00,4.00,6.00,7.00,0.0131,0
2023-05-20 02:29:44,1684564185,18.5,41.8,99100,3.00,3.00,4.00,5.00,0.0137,0
2023-05-20 02:34:45,1684564485,18.4,42.2,99100,1.00,3.00,5.00,6.00,0.0137,0
2023-05-20 02:39:45,1684564786,18.3,42.4,99100,2.00,3.00,5.00,5.00,0.0107,0
2023-05-20 02:44:46,1684565086,18.2,42.0,99100,3.00,4.00,5.00,6.00,0.0113,0
2023-05-20 02:49:46,1684565387,18.2,42.1,99100,2.00,3.00,4.00,5.00,0.0107,0
2023-05-20 02:54:47,1684565687,18.2,42.5,99100,2.00,4.00,7.00,8.00,0.0164,0
2023-05-20 02:59:47,1684565987,18.2,42.6,99100,3.00,4.00,6.00,8.00,0.0164,0
2023-05-20 03:04:47,1684566287,18.2,42.7,99100,2.00,3.00,3.00,4.00,0.0114,0
2023-05-20 03:09:47,1684566588,18.2,42.9,99100,2.00,5.00,8.00,9.00,0.0106,0
2023-05-20 03:14:48,1684566888,18.2,43.1,99100,2.00,3.00,4.00,5.00,0.0116,0
2023-05-20 03:19:48,1684567189,18.2,43.0,99100,3.00,5.00,7.00,7.00,0.0121,0
2023-05-20 03:24:49,1684567489,18.2,42.9,99100,2.00,2.00,3.00,4.00,0.0112,0
2023-05-20 03:29:49,1684567789,18.2,42.8,99100,3.00,4.00,6.00,6.00,0.0111,0
2023-05-20 03:34:49,1684568090,18.2,42.9,99100,3.00,3.00,3.00,3.00,0.0104,0
2023-05-20 03:39:49,1684568390,18.2,43.3,99100,2.00,3.00,4.00,5.00,0.0125,0
2023-05-20 03:44:50,1684568690,18.2,43.4,99100,2.00,2.00,3.00,4.00,0.0120,0
2023-05-20 03:49:50,1684568991,18.2,43.4,99100,2.00,3.00,3.00,3.00,0.0104,0
2023-05-20 03:54:50,1684569291,18.2,43.4,99100,2.00,3.00,4.00,5.00,0.0102,0
2023-05-20 03:59:51,1684569591,18.1,43.6,99100,2.00,3.00,5.00,6.00,0.0124,0
2023-05-20 04:04:51,1684569892,18.1,43.8,99100,2.00,4.00,5.00,6.00,0.0124,0
2023-05-20 04:09:52,1684570193,18.1,44.1,99100,3.00,5.00,7.00,9.00,0.0279,0
2023-05-20 04:14:53,1684570493,18.1,44.4,99100,4.00,6.00,8.00,9.00,0.0287,0
2023-05-20 04:19:53,1684570794,18.1,44.9,99180,5.00,6.00,7.00,8.00,0.0133,0
2023-05-20 04:24:54,1684571094,18.0,45.7,99200,5.00,6.00,8.00,8.00,0.0184,0
2023-05-20 04:29:54,1684571395,17.9,47.2,99200,2.00,3.00,4.00,4.00,0.0143,0
2023-05-20 04:34:55,1684571695,17.7,47.7,99200,2.00,4.00,5.00,5.00,0.0179,0
2023-05-20 04:39:55,1684571996,17.6,48.3,99200,3.00,4.00,5.00,5.00,0.0110,0
2023-05-20 04:44:56,1684572296,17.5,48.8,99200,2.00,2.00,3.00,4.00,0.0151,0
2023-05-20 04:49:56,1684572597,17.5,49.0,99200,3.00,4.00,4.00,5.00,0.0142,0
2023-05-20 04:54:57,1684572898,17.5,48.9,99200,1.00,2.00,3.00,3.00,0.0120,0
2023-05-20 04:59:58,1684573198,17.5,49.0,99200,4.00,4.00,5.00,5.00,0.0104,0
2023-05-20 05:04:59,1684573499,17.5,49.3,99200,2.00,3.00,5.00,6.00,0.0117,0
2023-05-20 05:09:59,1684573800,17.5,49.8,99200,2.00,5.00,7.00,8.00,0.0117,0
2023-05-20 05:14:40,1684574080,17.5,50.0,99200,3.00,3.00,4.00,5.00,0.0147,0
2023-05-20 05:19:41,1684574381,17.5,49.8,99200,3.00,4.00,5.00,6.00,0.0130,0
2023-05-20 05:24:41,1684574682,17.5,49.9,99200,2.00,4.00,5.00,6.00,0.0115,0
2023-05-20 05:29:42,1684574982,17.5,49.9,99200,4.00,4.00,4.00,4.00,0.0151,0
2023-05-20 05:34:42,1684575283,17.5,50.1,99200,3.00,6.00,7.00,8.00,0.0151,0
2023-05-20 05:39:43,1684575584,17.5,49.9,99200,3.00,4.00,6.00,7.00,0.0178,0
2023-05-20 05:44:44,1684575884,17.5,49.8,99200,4.00,4.00,4.00,5.00,0.00938,0
2023-05-20 05:49:44,1684576185,17.5,50.2,99200,4.00,5.00,6.00,7.00,0.0130,0
2023-05-20 05:54:45,1684576485,17.5,50.0,99200,4.00,4.00,4.00,4.00,0.0110,0
2023-05-20 05:59:45,1684576786,17.5,49.9,99200,3.00,4.00,5.00,6.00,0.0128,0
2023-05-20 06:04:46,1684577086,17.5,50.1,99200,4.00,4.00,4.00,4.00,0.0121,0
2023-05-20 06:09:47,1684577387,17.5,50.4,99200,3.00,4.00,6.00,7.00,0.0117,0
2023-05-20 06:14:47,1684577688,17.5,50.4,99200,3.00,5.00,7.00,7.00,0.0134,0
2023-05-20 06:19:48,1684577989,17.5,50.4,99200,3.00,4.00,5.00,6.00,0.0183,0
2023-05-20 06:24:49,1684578289,17.5,50.4,99200,3.00,4.00,6.00,7.00,0.0199,0
2023-05-20 06:29:49,1684578590,17.6,50.6,99200,4.00,8.00,11.0,12.0,0.0199,0
2023-05-20 06:34:50,1684578891,17.6,50.6,99200,6.00,10.0,12.0,14.0,0.0219,0
2023-05-20 06:39:51,1684579191,17.6,50.5,99213,3.00,5.00,6.00,7.00,0.0264,0
2023-05-20 06:44:52,1684579492,17.6,50.7,99267,4.00,6.00,8.00,9.00,0.0264,0
2023-05-20 06:49:52,1684579792,17.6,51.0,99300,4.00,7.00,8.00,9.00,0.0466,0
2023-05-20 06:54:52,1684580093,17.7,51.2,99300,3.00,4.00,5.00,5.00,0.0591,0
2023-05-20 06:59:53,1684580393,17.7,51.1,99300,3.00,5.00,7.00,8.00,0.0605,0
2023-05-20 07:04:59,1684580700,17.8,51.2,99300,2.00,3.00,4.00,4.00,0.0150,0
2023-05-20 07:05:18,1684580718,17.8,51.1,99300,2.00,3.00,3.00,3.00,0.0109,0
2023-05-20 09:29:51,1684589391,23.7,38.5,99300,1.00,1.00,1.00,1.00,,
2023-05-20 09:31:50,1684589511,23.6,38.8,99300,3.00,4.00,5.00,5.00,,
2023-05-20 09:44:57,1684590297,23.4,38.7,99300,1.00,2.00,3.00,3.00,,
2023-05-20 09:45:37,1684590337,23.4,38.9,99300,1.00,1.00,1.00,2.00,,
2023-05-20 09:59:26,1684591167,22.8,39.1,99300,1e-7,1e-7,1e-7,1e-7,,
2023-05-20 10:19:47,1684592388,22.9,38.9,99291,2.00,2.00,3.00,3.00,,
2023-05-20 10:21:27,1684592487,22.9,39.2,99300,3.00,9.00,14.0,16.0,,
2023-05-20 10:38:39,1684593519,22.9,38.1,99200,5.00,7.00,9.00,10.0,0.0204,0
2023-05-20 10:52:42,1684594362,23.0,37.9,99200,1.00,1.00,3.00,4.00,0.0241,0
2023-05-20 11:04:55,1684595095,23.0,38.0,99200,3.00,4.00,5.00,6.00,0.0268,0
2023-05-20 11:09:53,1684595394,22.9,37.9,99200,3.00,3.00,5.00,6.00,0.00934,0
2023-05-20 11:10:13,1684595414,22.8,38.0,99200,1e-7,1.00,1.00,1.00,0.00588,0
2023-05-20 11:24:47,1684596287,22.5,38.7,99200,2.00,3.00,4.00,5.00,0.0130,0
2023-05-20 11:29:26,1684596566,22.5,38.8,99200,2.00,2.00,4.00,4.00,0.0125,0
2023-05-20 12:29:56,1684600197,22.0,39.9,99200,1.00,3.00,5.00,5.00,,
2023-05-20 12:30:36,1684600236,22.0,40.0,99200,1e-7,1.00,3.00,4.00,,
2023-05-20 12:49:53,1684601393,22.8,38.5,99200,1e-7,1.00,1.00,1.00,,
2023-05-20 12:50:52,1684601453,22.9,38.6,99200,1e-7,1.00,1.00,1.00,,
2023-05-20 13:04:52,1684602293,23.1,37.6,99200,2.00,2.00,2.00,3.00,,
2023-05-20 13:09:51,1684602591,23.1,37.9,99167,4.00,6.00,8.00,8.00,,
2023-05-20 13:14:49,1684602889,23.0,38.3,99193,5.00,7.00,9.00,10.0,0.0112,0
2023-05-20 13:19:48,1684603188,22.9,38.5,99120,3.00,4.00,6.00,7.00,0.0213,0
2023-05-20 13:21:27,1684603288,22.8,38.3,99100,2.00,3.00,4.00,4.00,0.0114,0
2023-05-20 14:44:56,1684608296,25.5,33.9,99000,2.00,4.00,8.00,9.00,,
2023-05-20 14:46:15,1684608376,25.5,34.2,99000,3.00,8.00,13.0,15.0,,
2023-05-20 16:09:59,1684613400,26.9,31.7,98900,4.00,5.00,6.00,7.00,,
2023-05-20 16:14:57,1684613697,27.0,31.5,98813,4.00,4.00,4.00,4.00,,
2023-05-20 16:18:35,1684613915,26.9,31.4,98800,3.00,4.00,5.00,5.00,,
2023-05-20 16:33:52,1684614832,26.6,31.8,98800,3.00,6.00,8.00,9.00,0.0122,0
2023-05-20 16:49:48,1684615789,26.4,32.0,98800,4.00,4.00,5.00,5.00,0.0140,0
2023-05-20 16:54:46,1684616086,26.2,32.4,98800,4.00,4.00,5.00,6.00,0.0160,0
2023-05-20 16:59:44,1684616384,26.0,32.6,98800,4.00,5.00,5.00,6.00,0.0119,0
2023-05-20 17:04:41,1684616682,26.1,32.6,98800,3.00,4.00,5.00,6.00,0.0104,0
2023-05-20 17:09:59,1684617000,26.1,32.5,98800,3.00,4.00,4.00,4.00,0.0141,0
2023-05-20 17:14:57,1684617298,26.0,32.6,98800,4.00,4.00,5.00,6.00,0.0171,0
2023-05-20 17:19:55,1684617595,26.0,32.9,98800,3.00,3.00,4.00,4.00,0.0129,0
2023-05-20 17:34:50,1684618490,26.0,33.0,98767,4.00,5.00,5.00,6.00,0.0105,0
2023-05-20 17:39:47,1684618788,26.1,33.1,98700,3.00,4.00,4.00,4.00,0.0112,0
2023-05-20 17:44:45,1684619086,26.1,33.0,98700,4.00,5.00,6.00,7.00,0.0178,0
2023-05-20 17:49:43,1684619384,26.0,33.0,98700,4.00,5.00,5.00,6.00,0.0206,0
2023-05-20 17:54:41,1684619682,25.9,33.1,98700,2.00,3.00,4.00,4.00,0.0127,0
2023-05-20 17:59:59,1684620000,25.9,33.2,98700,3.00,5.00,8.00,9.00,0.0167,0
2023-05-20 18:04:57,1684620298,25.8,33.4,98700,4.00,7.00,10.0,11.0,0.0183,0
2023-05-20 18:09:55,1684620596,25.7,33.5,98700,5.00,6.00,6.00,6.00,0.0179,0
2023-05-20 18:14:53,1684620894,25.7,33.8,98700,3.00,9.00,14.0,16.0,0.0305,0
2023-05-20 18:19:51,1684621192,25.7,33.7,98700,4.00,4.00,4.00,4.00,0.0163,0
2023-05-20 18:24:49,1684621490,25.7,33.7,98700,4.00,8.00,11.0,13.0,0.0201,0
2023-05-20 18:29:47,1684621788,25.6,33.9,98700,3.00,5.00,7.00,8.00,0.0215,0
2023-05-20 18:34:45,1684622086,25.4,34.4,98627,3.00,5.00,6.00,7.00,0.0227,0
2023-05-20 18:39:43,1684622384,25.2,34.7,98607,3.00,3.00,4.00,4.00,0.0130,0
2023-05-20 18:44:42,1684622682,25.1,34.9,98700,4.00,4.00,5.00,5.00,0.0183,0
2023-05-20 18:49:40,1684622980,25.1,35.4,98667,3.00,5.00,8.00,9.00,0.0223,0
2023-05-20 18:54:58,1684623298,25.0,35.7,98600,4.00,4.00,5.00,6.00,0.0223,0
2023-05-20 18:59:56,1684623597,24.9,36.1,98600,7.00,8.00,8.00,8.00,0.0195,0
2023-05-20 19:04:55,1684623895,24.8,36.6,98600,5.00,6.00,6.00,7.00,0.0348,0
2023-05-20 19:09:53,1684624194,24.7,36.7,98600,4.00,4.00,6.00,7.00,0.0315,0
2023-05-20 19:14:51,1684624492,24.6,36.8,98600,3.00,3.00,5.00,6.00,0.0205,0
2023-05-20 19:19:50,1684624790,24.5,37.0,98600,4.00,5.00,8.00,10.0,0.0128,0
2023-05-20 19:24:48,1684625089,24.3,37.3,98600,3.00,6.00,9.00,10.0,0.0170,0
2023-05-20 19:29:47,1684625387,24.2,37.5,98600,5.00,8.00,11.0,13.0,0.0255,0
2023-05-20 19:34:46,1684625686,23.9,37.8,98600,3.00,3.00,3.00,3.00,0.0255,0
2023-05-20 19:39:44,1684625985,23.8,38.1,98600,4.00,5.00,5.00,6.00,0.0472,0
2023-05-20 19:44:43,1684626284,23.6,38.6,98600,4.00,5.00,6.00,6.00,0.0207,0
2023-05-20 19:49:42,1684626582,23.5,38.8,98600,4.00,5.00,8.00,10.0,0.0127,0
2023-05-20 19:54:40,1684626881,23.3,39.0,98600,4.00,6.00,8.00,10.0,0.0186,0
2023-05-20 19:59:59,1684627200,23.2,39.5,98600,6.00,8.00,8.00,9.00,0.0186,0
2023-05-20 20:04:58,1684627499,23.0,39.6,98600,4.00,4.00,5.00,5.00,0.0230,0
2023-05-20 20:09:57,1684627798,22.8,40.3,98553,4.00,5.00,9.00,10.0,0.0175,0
2023-05-20 20:14:56,1684628097,22.6,40.7,98593,3.00,5.00,6.00,6.00,0.0148,0
2023-05-20 20:19:55,1684628396,22.4,40.9,98593,4.00,5.00,6.00,6.00,0.0113,0
2023-05-20 20:24:54,1684628695,22.3,41.2,98500,3.00,5.00,6.00,7.00,0.0171,0
2023-05-20 20:29:54,1684628994,22.1,41.9,98500,2.00,3.00,3.00,4.00,0.0153,0
2023-05-20 20:34:53,1684629294,22.0,42.2,98500,3.00,11.0,18.0,22.0,0.0183,0
2023-05-20 20:39:53,1684629593,21.9,42.4,98500,4.00,5.00,5.00,5.00,0.0321,0
2023-05-20 20:44:52,1684629893,21.9,42.4,98500,3.00,5.00,7.00,7.00,0.0320,0
2023-05-20 20:49:52,1684630192,21.8,42.6,98500,2.00,4.00,5.00,6.00,0.0320,0
2023-05-20 20:54:51,1684630492,21.7,42.9,98500,4.00,4.00,4.00,4.00,0.0135,0
2023-05-20 20:59:51,1684630791,21.7,43.1,98500,3.00,4.00,5.00,5.00,0.0104,0
2023-05-20 21:04:50,1684631091,21.6,43.4,98573,2.00,3.00,4.00,4.00,0.0129,0
2023-05-20 21:09:49,1684631390,21.5,43.7,98600,3.00,3.00,4.00,5.00,0.0130,0
2023-05-20 21:14:49,1684631690,21.1,46.2,98553,4.00,4.00,4.00,5.00,0.0126,0
2023-05-20 21:19:49,1684631989,20.6,47.8,98500,3.00,4.00,5.00,5.00,0.0130,0
2023-05-20 21:24:48,1684632289,20.3,49.6,98500,5.00,5.00,5.00,5.00,0.0144,0
2023-05-20 21:29:49,1684632589,20.0,50.8,98500,3.00,5.00,6.00,7.00,0.0153,0
2023-05-20 21:34:49,1684632889,19.9,50.7,98500,3.00,5.00,6.00,7.00,0.0134,0
2023-05-20 21:39:49,1684633189,19.9,51.1,98500,3.00,5.00,7.00,8.00,0.0134,0
2023-05-20 21:44:48,1684633489,19.8,51.6,98500,3.00,3.00,4.00,4.00,0.0121,0
2023-05-20 21:49:48,1684633789,19.7,52.1,98500,2.00,4.00,6.00,6.00,0.0166,0
2023-05-20 21:54:48,1684634089,19.7,52.2,98500,5.00,6.00,6.00,7.00,0.0119,0
2023-05-20 21:59:48,1684634389,19.6,53.1,98480,4.00,5.00,6.00,7.00,0.0254,0
2023-05-20 22:04:48,1684634689,19.6,53.0,98400,2.00,3.00,5.00,5.00,0.0337,0
2023-05-20 22:09:48,1684634989,19.5,52.7,98400,4.00,4.00,4.00,5.00,0.0355,0
2023-05-20 22:14:48,1684635289,19.5,53.1,98400,2.00,5.00,6.00,7.00,0.0120,0
2023-05-20 22:19:48,1684635589,19.6,52.8,98400,2.00,3.00,5.00,6.00,0.0111,0
2023-05-20 22:24:48,1684635889,19.6,52.9,98400,1.00,2.00,3.00,3.00,0.0130,0
2023-05-20 22:29:48,1684636189,19.5,52.3,98400,3.00,5.00,9.00,11.0,0.0235,0
2023-05-20 22:34:48,1684636489,19.5,52.0,98400,5.00,5.00,5.00,6.00,0.0421,0
2023-05-20 22:39:50,1684636791,19.5,51.9,98400,2.00,3.00,4.00,5.00,0.0251,0
2023-05-20 22:44:48,1684637089,19.5,51.8,98400,3.00,5.00,6.00,7.00,0.0192,0
2023-05-20 22:49:48,1684637389,19.5,52.0,98400,2.00,4.00,8.00,9.00,0.0163,0
2023-05-20 22:54:48,1684637689,19.4,52.2,98400,3.00,5.00,6.00,7.00,0.0163,0
2023-05-20 22:59:48,1684637989,19.4,52.4,98400,2.00,3.00,4.00,4.00,0.0143,0
2023-05-20 23:04:48,1684638289,19.4,52.5,98380,2.00,4.00,6.00,7.00,0.00981,0
2023-05-20 23:09:48,1684638589,19.4,52.8,98300,2.00,2.00,4.00,4.00,0.0118,0
2023-05-20 23:14:48,1684638889,19.4,53.0,98300,4.00,5.00,5.00,7.00,0.0108,0
2023-05-20 23:19:48,1684639189,19.3,53.2,98300,1.00,4.00,8.00,9.00,0.0216,0
2023-05-20 23:24:48,1684639489,19.3,53.3,98300,2.00,2.00,3.00,4.00,0.0304,0
2023-05-20 23:29:48,1684639789,19.3,53.8,98300,2.00,2.00,4.00,5.00,0.0252,0
2023-05-20 23:34:48,1684640089,19.3,53.7,98300,2.00,3.00,4.00,5.00,0.0105,0
2023-05-20 23:39:48,1684640389,19.3,53.6,98300,3.00,5.00,8.00,10.0,0.0181,0
2023-05-20 23:44:48,1684640689,19.2,53.7,98300,2.00,4.00,5.00,6.00,0.0181,0
2023-05-20 23:49:48,1684640989,19.3,53.6,98260,2.00,3.00,3.00,4.00,0.0161,0
2023-05-20 23:54:48,1684641289,19.3,53.6,98200,1.00,1.00,2.00,3.00,0.0252,0
2023-05-20 23:59:48,1684641589,19.3,53.8,98200,1.00,3.00,6.00,7.00,0.0143,0
2023-05-21 00:04:48,1684641889,19.3,53.7,98200,1.00,3.00,5.00,6.00,0.0176,0
2023-05-21 00:09:48,1684642189,19.3,53.3,98200,2.00,2.00,3.00,4.00,0.0176,0
2023-05-21 00:14:48,1684642489,19.3,53.1,98200,1.00,3.00,5.00,6.00,0.0135,0
2023-05-21 00:19:48,1684642789,19.2,52.9,98200,2.00,5.00,6.00,7.00,0.0111,0
2023-05-21 00:24:48,1684643089,19.2,53.7,98200,2.00,3.00,4.00,4.00,0.0110,0
2023-05-21 00:29:48,1684643389,19.1,54.1,98200,2.00,2.00,3.00,4.00,0.0134,0
2023-05-21 00:34:48,1684643689,18.9,54.7,98200,2.00,3.00,4.00,5.00,0.0118,0
2023-05-21 00:39:48,1684643989,18.8,54.9,98107,2.00,5.00,6.00,7.00,0.0145,0
2023-05-21 00:44:48,1684644289,18.8,54.9,98100,1.00,3.00,4.00,4.00,0.0145,0
2023-05-21 00:49:48,1684644589,18.7,54.9,98100,1.00,3.00,6.00,8.00,0.0122,0
2023-05-21 00:54:48,1684644889,18.7,55.2,98100,2.00,4.00,7.00,8.00,0.0145,0
2023-05-21 00:59:48,1684645188,18.6,55.5,98100,1.00,2.00,3.00,4.00,0.0162,0
2023-05-21 01:04:48,1684645488,18.6,55.5,98100,2.00,2.00,3.00,4.00,0.0166,0
2023-05-21 01:09:48,1684645788,18.6,55.5,98100,1.00,3.00,4.00,5.00,0.0107,0
2023-05-21 01:14:48,1684646089,18.6,55.7,98100,1.00,4.00,7.00,8.00,0.0105,0
2023-05-21 01:19:48,1684646389,18.6,55.8,98007,2.00,2.00,3.00,4.00,0.0138,0
2023-05-21 01:24:49,1684646689,18.5,56.1,98000,1.00,2.00,3.00,3.00,0.0159,0
2023-05-21 01:29:49,1684646989,18.4,56.0,98000,1.00,1.00,2.00,3.00,0.0159,0
2023-05-21 01:34:49,1684647289,18.5,55.9,98000,1.00,3.00,5.00,6.00,0.0119,0
2023-05-21 01:39:49,1684647589,18.5,56.0,98000,1.00,1.00,2.00,3.00,0.0127,0
2023-05-21 01:44:49,1684647889,18.5,56.3,98000,1.00,2.00,3.00,4.00,0.0125,0
2023-05-21 01:49:49,1684648189,18.4,56.5,98000,1.00,1.00,2.00,3.00,0.0124,0
2023-05-21 01:54:49,1684648490,18.4,56.4,97987,1e-7,1.00,2.00,3.00,0.00995,0
2023-05-21 01:59:49,1684648790,18.4,56.7,97907,1e-7,2.00,3.00,4.00,0.00995,0
2023-05-21 02:04:50,1684649090,18.4,56.9,97900,2.00,2.00,2.00,3.00,0.00995,0
2023-05-21 02:09:50,1684649390,18.4,56.8,97900,1.00,2.00,3.00,4.00,0.00995,0
2023-05-21 02:14:50,1684649691,18.4,56.8,97900,1.00,3.00,4.00,5.00,0.00995,0
2023-05-21 02:19:50,1684649991,18.4,57.1,97900,1e-7,3.00,6.00,8.00,0.0131,0
2023-05-21 02:24:51,1684650291,18.4,57.1,97900,1e-7,1.00,2.00,3.00,0.0131,0
2023-05-21 02:29:51,1684650591,18.4,57.2,97900,1.00,1.00,1.00,1.00,0.0133,0
2023-05-21 02:34:51,1684650891,18.4,57.1,97900,1.00,2.00,3.00,3.00,0.0124,0
2023-05-21 02:39:51,1684651191,18.4,57.3,97900,1e-7,3.00,5.00,6.00,0.0110,0
2023-05-21 02:44:51,1684651491,18.4,57.4,97900,1e-7,2.00,3.00,4.00,0.0108,0
2023-05-21 02:49:51,1684651791,18.4,57.6,97900,1e-7,2.00,3.00,4.00,0.0101,0
2023-05-21 02:54:51,1684652091,18.4,57.6,97900,1.00,1.00,2.00,3.00,0.00995,0
2023-05-21 02:59:51,1684652391,18.4,57.4,97900,1.00,1.00,2.00,3.00,0.00995,0
2023-05-21 03:04:50,1684652691,18.3,57.5,97900,1.00,1.00,2.00,3.00,0.00995,0
2023-05-21 03:09:50,1684652991,18.3,57.5,97900,1.00,1.00,1.00,2.00,0.00995,0
2023-05-21 03:14:50,1684653291,18.3,57.8,97900,1.00,1.00,3.00,4.00,0.00995,0
2023-05-21 03:19:51,1684653591,18.3,58.1,97827,1.00,4.00,7.00,8.00,0.0156,0
2023-05-21 03:24:51,1684653891,18.2,58.1,97800,1.00,2.00,3.00,3.00,0.0156,0
2023-05-21 03:29:51,1684654191,18.2,58.0,97800,2.00,2.00,3.00,4.00,0.0132,0
2023-05-21 03:34:51,1684654492,18.2,58.2,97800,1e-7,1.00,3.00,4.00,0.00995,0
2023-05-21 03:39:52,1684654792,18.2,58.4,97800,1e-7,2.00,3.00,4.00,0.00995,0
2023-05-21 03:44:52,1684655092,18.2,58.1,97800,1e-7,2.00,3.00,4.00,0.00995,0
2023-05-21 03:49:52,1684655393,18.2,58.2,97800,1e-7,1.00,1.00,1.00,0.00995,0
2023-05-21 03:54:53,1684655693,18.2,57.9,97800,1.00,3.00,5.00,5.00,0.0105,0
2023-05-21 03:59:53,1684655993,18.2,58.4,97800,1.00,1.00,1.00,1.00,0.0120,0
2023-05-21 04:04:53,1684656294,18.2,58.4,97800,1.00,2.00,3.00,4.00,0.0120,0
2023-05-21 04:09:53,1684656594,18.2,58.2,97800,1e-7,1.00,2.00,3.00,0.0112,0
2023-05-21 04:14:53,1684656894,18.2,58.2,97800,1.00,2.00,3.00,4.00,0.00995,0
2023-05-21 04:19:54,1684657194,18.2,58.2,97800,1.00,2.00,3.00,3.00,0.00995,0
2023-05-21 04:24:54,1684657494,18.2,58.1,97800,1e-7,2.00,3.00,4.00,0.00995,0
2023-05-21 04:29:54,1684657795,18.3,58.0,97800,2.00,2.00,3.00,4.00,0.00995,0
2023-05-21 04:34:54,1684658095,18.4,58.0,97773,1.00,2.00,3.00,4.00,0.00995,0
2023-05-21 04:39:54,1684658395,18.4,58.0,97700,1e-7,3.00,5.00,6.00,0.0109,0
2023-05-21 04:44:54,1684658695,18.4,57.8,97700,1e-7,2.00,3.00,4.00,0.0113,0
2023-05-21 04:49:55,1684658995,18.4,57.8,97700,1e-7,1.00,2.00,3.00,0.0107,0
2023-05-21 04:54:55,1684659296,18.4,58.3,97700,1.00,1.00,2.00,3.00,0.0107,0
2023-05-21 04:59:55,1684659596,18.3,58.6,97700,1e-7,2.00,3.00,4.00,0.00995,0
2023-05-21 05:04:55,1684659896,18.3,58.7,97700,1.00,2.00,3.00,3.00,0.00995,0
2023-05-21 05:09:55,1684660196,18.3,58.8,97700,1e-7,2.00,3.00,4.00,0.00995,0
2023-05-21 05:14:55,1684660496,18.2,58.9,97700,3.00,3.00,3.00,3.00,0.00995,0
2023-05-21 05:19:55,1684660796,18.1,59.3,97700,2.00,4.00,6.00,7.00,0.0132,0
2023-05-21 05:24:55,1684661096,18.0,59.1,97700,2.00,3.00,4.00,4.00,0.0140,0
2023-05-21 05:29:55,1684661396,18.0,59.0,97700,2.00,4.00,6.00,7.00,0.0110,0
2023-05-21 05:34:56,1684661696,18.0,59.8,97700,1.00,2.00,2.00,3.00,0.0110,0
2023-05-21 05:39:56,1684661997,18.0,60.1,97700,2.00,5.00,9.00,11.0,0.0194,0
2023-05-21 05:44:57,1684662297,18.0,59.8,97700,1.00,2.00,3.00,4.00,0.0130,0
2023-05-21 05:49:57,1684662597,17.9,59.5,97700,3.00,4.00,5.00,5.00,0.0123,0
2023-05-21 05:54:57,1684662898,17.9,59.8,97700,1.00,2.00,3.00,4.00,0.0127,0
2023-05-21 05:59:57,1684663198,17.9,59.8,97700,2.00,3.00,5.00,6.00,0.0120,0
2023-05-21 06:04:58,1684663498,17.8,59.9,97700,2.00,2.00,3.00,4.00,0.0125,0
2023-05-21 06:09:58,1684663799,17.8,59.5,97707,3.00,3.00,6.00,8.00,0.0125,0
2023-05-21 06:12:38,1684663959,17.8,59.6,97700,1.00,3.00,5.00,7.00,0.0114,0
2023-05-21 06:59:46,1684666787,17.9,59.2,97800,3.00,5.00,6.00,6.00,,
2023-05-21 07:04:46,1684667087,17.8,58.8,97800,4.00,4.00,4.00,4.00,,
2023-05-21 07:09:47,1684667387,17.7,58.6,97800,5.00,6.00,6.00,6.00,0.0101,0
2023-05-21 07:14:47,1684667687,17.5,58.3,97800,4.00,6.00,8.00,9.00,0.0263,0
2023-05-21 07:19:47,1684667988,17.4,58.3,97800,2.00,5.00,8.00,10.0,0.0448,0
2023-05-21 07:24:48,1684668289,17.3,58.2,97800,3.00,4.00,6.00,7.00,0.0325,0
2023-05-21 07:29:49,1684668589,17.2,58.3,97800,2.00,4.00,7.00,8.00,0.0158,0
2023-05-21 07:34:50,1684668890,17.2,58.5,97840,2.00,3.00,5.00,6.00,0.0149,0
2023-05-21 07:37:30,1684669050,17.1,58.4,97850,2.00,4.00,6.00,7.00,0.0135,0
2023-05-21 07:59:44,1684670384,16.8,58.7,97900,1e-7,3.00,5.00,6.00,,
2023-05-21 08:00:24,1684670424,16.8,58.9,97900,1.00,1.00,2.00,2.00,,
2023-05-21 12:09:52,1684685393,23.0,44.2,98280,2.00,3.00,5.00,6.00,,
2023-05-21 12:14:51,1684685691,22.9,44.7,98300,6.00,6.00,6.00,7.00,,
2023-05-21 12:19:49,1684685989,23.6,44.4,98300,6.00,6.00,8.00,10.0,0.0254,0
2023-05-21 12:24:47,1684686287,24.2,42.8,98300,10.0,11.0,11.0,11.0,0.0245,0
2023-05-21 12:25:07,1684686307,24.5,43.1,98300,2.00,2.00,2.00,2.00,0.0146,0
2023-05-21 14:14:52,1684692892,28.2,26.6,98400,11.0,12.0,13.0,13.0,,
2023-05-21 14:19:49,1684693189,27.4,26.4,98400,15.0,15.0,15.0,17.0,,
2023-05-21 14:24:46,1684693486,26.7,28.9,98400,10.0,11.0,13.0,13.0,,
2023-05-21 14:25:05,1684693506,26.8,29.7,98400,3.00,3.00,3.00,3.00,,
2023-05-21 14:34:48,1684694089,27.5,28.1,98400,8.00,9.00,9.00,9.00,,
2023-05-21 14:39:45,1684694386,27.7,28.7,98400,12.0,12.0,12.0,12.0,0.116,0
2023-05-21 14:40:25,1684694425,27.8,25.9,98400,14.0,16.0,17.0,18.0,0.112,0
2023-05-21 14:59:43,1684695584,26.1,27.7,98400,18.0,19.0,19.0,19.0,,
2023-05-21 15:04:40,1684695881,26.1,28.7,98400,13.0,14.0,14.0,14.0,,
2023-05-21 15:09:58,1684696198,26.3,27.8,98400,11.0,12.0,12.0,12.0,,
2023-05-21 15:10:57,1684696258,26.4,29.2,98400,19.0,20.0,20.0,20.0,0.0160,0
2023-05-21 15:24:55,1684697096,25.3,28.2,98500,19.0,20.0,20.0,20.0,0.0644,0
2023-05-21 15:29:53,1684697394,24.9,27.9,98500,13.0,14.0,15.0,16.0,0.214,0
2023-05-21 15:34:51,1684697692,24.2,25.7,98500,16.0,17.0,18.0,18.0,0.132,0
2023-05-21 15:39:50,1684697990,24.0,26.4,98500,12.0,14.0,15.0,15.0,0.0225,0
2023-05-21 15:44:48,1684698288,24.3,27.8,98500,11.0,12.0,12.0,12.0,0.152,0
2023-05-21 15:49:46,1684698586,24.5,28.4,98500,11.0,12.0,12.0,12.0,0.335,0
2023-05-21 15:54:44,1684698884,24.6,26.9,98500,14.0,16.0,16.0,17.0,0.0709,0
2023-05-21 15:57:03,1684699024,24.5,25.6,98500,8.00,9.00,10.0,10.0,0.0942,0
2023-05-21 16:09:47,1684699787,24.1,25.1,98555,12.0,13.0,13.0,13.0,0.134,0
2023-05-21 16:14:45,1684700086,23.9,27.0,98600,8.00,9.00,10.0,11.0,0.187,0
2023-05-21 16:19:44,1684700384,23.7,25.2,98600,6.00,7.00,7.00,7.00,0.187,0
2023-05-21 16:24:42,1684700683,23.7,22.9,98600,5.00,6.00,9.00,10.0,0.0921,0
2023-05-21 16:28:01,1684700882,23.5,22.0,98600,5.00,5.00,5.00,5.00,0.0168,0
2023-05-21 16:39:52,1684701592,23.4,20.3,98600,2.00,3.00,3.00,4.00,0.0382,0
2023-05-21 16:44:50,1684701891,23.3,22.3,98600,3.00,3.00,5.00,6.00,0.0442,0
2023-05-21 16:49:49,1684702190,23.3,22.9,98600,1.00,3.00,5.00,6.00,0.0442,0
2023-05-21 16:54:48,1684702488,23.2,23.4,98600,2.00,2.00,2.00,2.00,0.0125,0
2023-05-21 16:59:46,1684702787,23.0,23.4,98600,4.00,7.00,9.00,10.0,0.0156,0
2023-05-21 17:04:45,1684703085,22.9,24.9,98600,1.00,3.00,5.00,5.00,0.0232,0
2023-05-21 17:09:44,1684703384,22.8,25.0,98600,2.00,3.00,3.00,4.00,0.0208,0
2023-05-21 17:14:43,1684703683,22.7,25.7,98673,3.00,4.00,5.00,5.00,0.0166,0
2023-05-21 17:19:41,1684703982,22.6,25.1,98700,3.00,3.00,3.00,3.00,0.0103,0
2023-05-21 17:24:40,1684704281,22.5,26.4,98700,2.00,3.00,5.00,6.00,0.0108,0
2023-05-21 17:29:59,1684704600,22.4,24.9,98700,1.00,3.00,4.00,5.00,0.0112,0
2023-05-21 17:34:58,1684704899,22.3,24.5,98700,2.00,3.00,5.00,6.00,0.0110,0
2023-05-21 17:39:57,1684705198,22.1,22.8,98700,2.00,5.00,9.00,11.0,0.0153,0
2023-05-21 17:44:57,1684705497,21.8,23.7,98700,1.00,1.00,2.00,3.00,0.0250,0
2023-05-21 17:49:56,1684705797,21.6,22.3,98700,3.00,5.00,8.00,9.00,0.0250,0
2023-05-21 17:54:56,1684706096,21.3,22.6,98700,4.00,5.00,8.00,10.0,0.0280,0
2023-05-21 17:59:55,1684706396,21.2,22.8,98700,1.00,3.00,5.00,6.00,0.0291,0
2023-05-21 18:04:54,1684706695,21.0,22.3,98720,2.00,3.00,5.00,6.00,0.0307,0
2023-05-21 18:09:54,1684706994,20.8,21.3,98800,2.00,3.00,4.00,5.00,0.0138,0
2023-05-21 18:14:53,1684707294,20.6,21.2,98800,2.00,5.00,8.00,10.0,0.0116,0
2023-05-21 18:19:53,1684707594,20.4,20.6,98800,3.00,4.00,5.00,6.00,0.0145,0
2023-05-21 18:24:53,1684707893,20.3,21.5,98800,2.00,2.00,3.00,3.00,0.0180,0
2023-05-21 18:29:53,1684708193,20.1,21.4,98800,1.00,3.00,4.00,4.00,0.0196,0
2023-05-21 18:34:52,1684708493,19.9,21.8,98800,1.00,8.00,13.0,15.0,0.0102,0
2023-05-21 18:39:52,1684708792,19.8,21.4,98800,1.00,2.00,3.00,3.00,0.0106,0
2023-05-21 18:44:52,1684709092,19.6,21.6,98800,1.00,3.00,5.00,7.00,0.0199,0
2023-05-21 18:49:52,1684709393,19.4,21.2,98800,2.00,3.00,5.00,6.00,0.0171,0
2023-05-21 18:54:52,1684709693,19.2,21.5,98873,2.00,2.00,3.00,4.00,0.00999,0
2023-05-21 18:59:52,1684709993,19.1,21.4,98900,2.00,4.00,7.00,8.00,0.0119,0
2023-05-21 19:04:52,1684710293,18.9,20.5,98900,2.00,2.00,3.00,3.00,0.0133,0
2023-05-21 19:09:52,1684710593,18.7,21.6,98900,1.00,2.00,3.00,3.00,0.0134,0
2023-05-21 19:14:52,1684710893,18.5,22.2,98900,1.00,2.00,3.00,4.00,0.0127,0
2023-05-21 19:19:52,1684711193,18.3,22.3,98900,2.00,2.00,3.00,4.00,0.00995,0
2023-05-21 19:24:53,1684711493,18.1,22.3,98900,2.00,3.00,4.00,5.00,0.0102,0
2023-05-21 19:29:53,1684711793,17.9,22.0,98900,2.00,3.00,5.00,6.00,0.0104,0
2023-05-21 19:34:53,1684712094,17.8,22.4,98987,1e-7,3.00,5.00,6.00,0.0112,0
2023-05-21 19:39:53,1684712394,17.6,22.8,99000,2.00,3.00,5.00,6.00,0.0113,0
2023-05-21 19:44:54,1684712694,17.4,23.0,99000,1.00,2.00,3.00,4.00,0.0113,0
2023-05-21 19:49:54,1684712995,17.2,23.2,99000,2.00,2.00,3.00,4.00,0.0114,0
2023-05-21 19:54:55,1684713296,17.0,23.5,99000,3.00,6.00,9.00,10.0,0.0141,0
2023-05-21 19:59:56,1684713596,16.8,23.1,99000,1.00,2.00,3.00,4.00,0.0141,0
2023-05-21 20:04:57,1684713897,16.6,23.5,99000,2.00,2.00,3.00,4.00,0.0165,0
2023-05-21 20:09:58,1684714198,16.4,23.6,99000,1.00,3.00,5.00,7.00,0.0134,0
2023-05-21 20:14:58,1684714499,16.2,23.7,99033,2.00,3.00,5.00,6.00,0.0134,0
2023-05-21 20:19:40,1684714781,16.1,23.0,99100,2.00,2.00,3.00,4.00,0.0115,0
2023-05-21 20:24:41,1684715082,15.9,23.1,99100,1.00,1.00,2.00,3.00,0.0119,0
2023-05-21 20:29:42,1684715382,15.7,23.5,99100,2.00,3.00,4.00,5.00,0.0122,0
2023-05-21 20:34:43,1684715684,15.5,23.7,99100,1.00,3.00,5.00,7.00,0.0104,0
2023-05-21 20:39:44,1684715984,15.3,24.0,99100,1.00,3.00,5.00,6.00,0.0110,0
2023-05-21 20:44:45,1684716285,15.1,25.6,99100,1.00,5.00,10.0,12.0,0.0235,0
2023-05-21 20:49:46,1684716587,14.9,25.5,99100,1.00,2.00,3.00,4.00,0.0275,0
2023-05-21 20:54:48,1684716888,14.8,25.3,99140,1.00,3.00,5.00,6.00,0.0207,0
2023-05-21 20:59:49,1684717189,14.7,24.6,99200,2.00,4.00,6.00,7.00,0.0112,0
2023-05-21 21:04:50,1684717491,14.6,24.9,99200,1.00,2.00,3.00,4.00,0.0114,0
2023-05-21 21:09:52,1684717792,14.4,25.7,99200,2.00,3.00,4.00,5.00,0.0113,0
2023-05-21 21:14:53,1684718094,14.2,26.2,99200,1.00,2.00,4.00,4.00,0.0105,0
2023-05-21 21:19:55,1684718395,14.1,26.8,99200,1.00,3.00,3.00,4.00,0.0108,0
2023-05-21 21:24:56,1684718697,13.8,27.5,99227,1.00,3.00,6.00,8.00,0.0101,0
2023-05-21 21:29:58,1684718999,13.6,27.6,99300,1.00,2.00,3.00,4.00,0.0125,0
2023-05-21 21:34:40,1684719280,13.3,27.6,99300,1.00,3.00,5.00,6.00,0.0125,0
2023-05-21 21:39:41,1684719582,13.1,28.7,99300,1.00,3.00,5.00,6.00,0.0109,0
2023-05-21 21:44:43,1684719884,12.8,28.7,99300,1e-7,4.00,6.00,8.00,0.00995,0
2023-05-21 21:49:45,1684720185,12.6,29.4,99300,1e-7,2.00,3.00,4.00,0.0137,0
2023-05-21 21:54:47,1684720487,12.4,29.7,99300,1.00,3.00,5.00,6.00,0.0150,0
2023-05-21 21:59:49,1684720789,12.2,29.2,99320,1.00,3.00,6.00,8.00,0.0163,0
2023-05-21 22:04:51,1684721092,12.0,29.6,99400,2.00,3.00,6.00,8.00,0.0157,0
2023-05-21 22:09:53,1684721394,11.8,29.6,99400,1.00,3.00,5.00,6.00,0.0173,0
2023-05-21 22:14:56,1684721696,11.6,30.1,99400,1.00,3.00,5.00,6.00,0.0195,0
2023-05-21 22:19:58,1684721998,11.4,30.3,99400,1.00,2.00,3.00,4.00,0.0143,0
2023-05-21 22:24:40,1684722280,11.2,30.5,99400,1.00,2.00,3.00,4.00,0.0104,0
2023-05-21 22:29:42,1684722582,11.1,31.0,99400,1e-7,2.00,3.00,4.00,0.0117,0
2023-05-21 22:34:44,1684722885,10.9,31.3,99400,1.00,5.00,8.00,10.0,0.0103,0
2023-05-21 22:39:47,1684723187,10.7,31.4,99400,1.00,3.00,5.00,6.00,0.0161,0
2023-05-21 22:44:49,1684723490,10.6,31.9,99400,2.00,4.00,7.00,8.00,0.0105,0
2023-05-21 22:49:52,1684723792,10.4,32.2,99400,1.00,1.00,3.00,4.00,0.0110,0
2023-05-21 22:54:55,1684724095,10.2,32.5,99433,1.00,2.00,3.00,4.00,0.0151,0
2023-05-21 22:59:57,1684724398,10.0,32.9,99473,1.00,2.00,3.00,4.00,0.0151,0
2023-05-21 23:04:40,1684724680,9.86,32.9,99500,1.00,2.00,3.00,4.00,0.00995,0
2023-05-21 23:09:42,1684724983,9.72,33.1,99500,1.00,2.00,3.00,4.00,0.00995,0
2023-05-21 23:14:45,1684725285,9.56,33.1,99500,2.00,2.00,3.00,4.00,0.00995,0
2023-05-21 23:19:48,1684725588,9.39,33.5,99500,1.00,3.00,4.00,5.00,0.00995,0
2023-05-21 23:24:50,1684725891,9.24,33.6,99500,1.00,2.00,3.00,3.00,0.0104,0
2023-05-21 23:29:53,1684726194,9.09,33.9,99500,1.00,4.00,7.00,9.00,0.0129,0
2023-05-21 23:34:56,1684726496,8.92,34.0,99500,1.00,2.00,3.00,4.00,0.0199,0
2023-05-21 23:39:59,1684726799,8.75,34.1,99500,1.00,2.00,3.00,4.00,0.0219,0
2023-05-21 23:44:42,1684727083,8.60,34.3,99543,2.00,2.00,3.00,4.00,0.0136,0
2023-05-21 23:49:45,1684727386,8.46,34.1,99573,1.00,4.00,6.00,7.00,0.0150,0
2023-05-21 23:54:49,1684727689,8.33,34.4,99600,2.00,2.00,3.00,4.00,0.0150,0
2023-05-21 23:59:52,1684727992,8.19,34.5,99600,2.00,9.00,14.0,17.0,0.0258,0
2023-05-22 00:04:55,1684728296,8.07,34.3,99600,1.00,2.00,3.00,4.00,0.0460,0
2023-05-22 00:09:58,1684728599,7.92,34.7,99600,1.00,2.00,3.00,4.00,0.0526,0
2023-05-22 00:14:41,1684728882,7.80,34.6,99600,1.00,3.00,3.00,4.00,0.0290,0
2023-05-22 00:19:44,1684729185,7.68,34.5,99600,1.00,2.00,3.00,4.00,0.00995,0
2023-05-22 00:24:47,1684729488,7.55,34.7,99600,2.00,3.00,5.00,6.00,0.00995,0
2023-05-22 00:29:51,1684729791,7.40,35.1,99600,1.00,3.00,5.00,6.00,0.0105,0
2023-05-22 00:34:54,1684730094,7.25,35.1,99600,2.00,3.00,5.00,6.00,0.0124,0
2023-05-22 00:39:58,1684730398,7.15,35.2,99600,1.00,1.00,2.00,3.00,0.0124,0
2023-05-22 00:44:41,1684730681,7.04,35.3,99600,1.00,2.00,3.00,4.00,0.0173,0
2023-05-22 00:49:44,1684730985,6.92,35.3,99607,2.00,2.00,2.00,3.00,0.0121,0
2023-05-22 00:54:47,1684731288,6.80,35.4,99667,1e-7,2.00,3.00,4.00,0.00995,0
2023-05-22 00:59:51,1684731591,6.66,35.6,99700,1.00,1.00,3.00,4.00,0.00995,0
2023-05-22 01:04:55,1684731895,6.51,35.7,99700,1.00,2.00,3.00,3.00,0.00995,0
2023-05-22 01:09:59,1684732199,6.38,36.1,99700,1.00,2.00,3.00,4.00,0.00995,0
2023-05-22 01:14:42,1684732483,6.29,36.5,99700,1.00,3.00,6.00,7.00,0.0109,0
2023-05-22 01:19:46,1684732787,6.23,36.3,99700,1.00,1.00,2.00,3.00,0.0124,0
2023-05-22 01:24:50,1684733091,6.17,37.1,99700,1.00,2.00,3.00,3.00,0.0149,0
2023-05-22 01:29:54,1684733394,6.07,36.5,99700,2.00,4.00,5.00,6.00,0.0169,0
2023-05-22 01:34:58,1684733698,5.99,37.4,99700,1.00,3.00,5.00,6.00,0.0169,0
2023-05-22 01:39:41,1684733982,5.90,37.2,99700,1e-7,1.00,2.00,3.00,0.0152,0
2023-05-22 01:44:45,1684734285,5.76,37.5,99700,1e-7,1.00,1.00,1.00,0.0134,0
2023-05-22 01:49:48,1684734589,5.59,37.4,99700,1e-7,2.00,3.00,4.00,0.0112,0
2023-05-22 01:54:52,1684734893,5.43,37.6,99700,1.00,2.00,3.00,4.00,0.00995,0
2023-05-22 01:59:57,1684735197,5.25,38.5,99700,1.00,2.00,3.00,4.00,0.00995,0
2023-05-22 02:04:41,1684735481,5.07,39.0,99700,1.00,3.00,5.00,6.00,0.0102,0
2023-05-22 02:09:44,1684735785,4.91,40.0,99700,1.00,2.00,3.00,4.00,0.0102,0
2023-05-22 02:14:48,1684736089,4.84,40.1,99700,1e-7,1.00,3.00,4.00,0.0105,0
2023-05-22 02:19:52,1684736393,4.80,40.0,99700,1.00,2.00,3.00,4.00,0.00995,0
2023-05-22 02:24:56,1684736697,4.73,40.1,99700,1e-7,2.00,3.00,4.00,0.00995,0
2023-05-22 02:29:40,1684736980,4.67,40.5,99700,1.00,6.00,9.00,11.0,0.0206,0
2023-05-22 02:34:44,1684737284,4.60,40.9,99700,2.00,2.00,3.00,4.00,0.0206,0
2023-05-22 02:39:47,1684737588,4.50,41.2,99700,1.00,3.00,5.00,6.00,0.0163,0
2023-05-22 02:44:52,1684737892,4.40,41.2,99707,2.00,4.00,6.00,7.00,0.0151,0
2023-05-22 02:49:56,1684738197,4.32,41.3,99800,1.00,2.00,3.00,4.00,0.0138,0
2023-05-22 02:54:40,1684738481,4.21,41.4,99800,1.00,6.00,11.0,13.0,0.0137,0
2023-05-22 02:59:44,1684738785,4.11,41.7,99800,1.00,2.00,3.00,4.00,0.0213,0
2023-05-22 03:04:48,1684739089,4.00,41.8,99800,1e-7,2.00,3.00,4.00,0.0213,0
2023-05-22 03:09:52,1684739393,3.88,41.8,99800,1.00,5.00,9.00,11.0,0.0191,0
2023-05-22 03:14:57,1684739697,3.74,42.2,99800,1.00,3.00,5.00,6.00,0.0288,0
2023-05-22 03:19:41,1684739981,3.62,42.5,99800,1.00,1.00,2.00,3.00,0.0293,0
2023-05-22 03:24:45,1684740286,3.51,43.3,99800,1.00,1.00,1.00,1.00,0.0293,0
2023-05-22 03:29:50,1684740590,3.41,43.3,99800,1.00,2.00,3.00,4.00,0.0119,0
2023-05-22 03:34:54,1684740895,3.33,43.8,99800,1.00,2.00,3.00,3.00,0.00995,0
2023-05-22 03:39:59,1684741199,3.23,44.0,99800,1e-7,1.00,2.00,3.00,0.00995,0
2023-05-22 03:44:43,1684741483,3.14,44.2,99800,1.00,3.00,5.00,6.00,0.0111,0
2023-05-22 03:49:47,1684741788,3.05,44.6,99800,1.00,1.00,2.00,3.00,0.0136,0
2023-05-22 03:54:52,1684742092,2.98,44.8,99800,1.00,1.00,3.00,4.00,0.0136,0
2023-05-22 03:59:56,1684742397,2.93,44.4,99800,1e-7,3.00,6.00,7.00,0.0111,0
2023-05-22 04:04:41,1684742681,2.86,44.8,99800,1e-7,2.00,3.00,4.00,0.0107,0
2023-05-22 04:09:45,1684742986,2.78,45.1,99800,1.00,2.00,3.00,4.00,0.0107,0
2023-05-22 04:14:50,1684743290,2.71,45.5,99800,1e-7,3.00,5.00,6.00,0.00995,0
2023-05-22 04:19:55,1684743595,2.64,45.3,99840,1e-7,2.00,3.00,4.00,0.0115,0
2023-05-22 04:24:59,1684743900,2.57,45.6,99893,1.00,3.00,5.00,6.00,0.0115,0
2023-05-22 04:29:44,1684744184,2.53,45.6,99900,1.00,3.00,3.00,4.00,0.0130,0
2023-05-22 04:34:49,1684744489,2.47,46.2,99900,2.00,2.00,3.00,4.00,0.0130,0
2023-05-22 04:39:53,1684744794,2.41,46.4,99900,1e-7,1.00,2.00,3.00,0.0108,0
2023-05-22 04:44:58,1684745099,2.33,46.6,99900,1e-7,3.00,5.00,7.00,0.00995,0
2023-05-22 04:49:43,1684745383,2.26,46.3,99900,1.00,1.00,2.00,3.00,0.0109,0
2023-05-22 04:54:47,1684745688,2.21,46.7,99900,1.00,3.00,5.00,6.00,0.0112,0
2023-05-22 04:59:52,1684745992,2.15,46.9,99900,1e-7,2.00,3.00,4.00,0.0118,0
2023-05-22 05:04:56,1684746297,2.10,46.8,99900,1e-7,3.00,5.00,6.00,0.0122,0
2023-05-22 05:09:40,1684746581,2.07,47.5,99900,1e-7,2.00,3.00,4.00,0.0103,0
2023-05-22 05:14:45,1684746886,2.04,47.3,99900,1e-7,2.00,3.00,4.00,0.0107,0
2023-05-22 05:19:50,1684747190,2.02,47.3,99900,1e-7,2.00,3.00,4.00,0.0103,0
2023-05-22 05:24:55,1684747496,2.02,48.5,99900,1.00,2.00,3.00,4.00,0.00995,0
2023-05-22 05:29:40,1684747780,2.01,48.4,99900,1e-7,1.00,2.00,3.00,0.00995,0
2023-05-22 05:34:48,1684748089,2.04,48.1,99975,1e-7,1.00,2.00,3.00,0.00995,0
2023-05-22 05:39:53,1684748393,2.06,48.4,99993,1.00,1.00,2.00,3.00,0.00995,0
2023-05-22 05:42:55,1684748576,2.08,48.6,100000,1e-7,1.00,3.00,4.00,0.00995,0
2023-05-22 09:19:52,1684761592,22.4,15.2,100100,1e-7,2.00,3.00,4.00,,
2023-05-22 09:24:48,1684761889,22.7,15.4,100100,1.00,2.00,3.00,4.00,,
2023-05-22 09:29:45,1684762185,23.1,14.4,100100,2.00,2.00,4.00,5.00,,
2023-05-22 09:34:47,1684762488,23.8,14.3,100100,1e-7,2.00,3.00,4.00,,
2023-05-22 10:54:58,1684767298,25.6,13.0,100083,1.00,3.00,5.00,6.00,,
2023-05-22 10:59:55,1684767595,25.4,12.9,100000,1e-7,2.00,3.00,4.00,,
2023-05-22 11:04:52,1684767892,25.6,13.1,100000,1.00,2.00,3.00,4.00,0.0102,0
2023-05-22 11:05:11,1684767912,25.6,13.6,100000,1.00,1.00,2.00,2.00,,
2023-05-22 11:19:57,1684768798,25.6,13.0,100000,1e-7,2.00,3.00,4.00,0.0103,0
2023-05-22 11:20:37,1684768838,25.7,13.0,100000,1e-7,2.00,3.00,4.00,0.0103,0
2023-05-22 11:34:40,1684769681,26.5,12.2,100000,1.00,2.00,4.00,5.00,0.0103,0
2023-05-22 11:35:59,1684769760,26.3,12.2,100000,1e-7,1.00,1.00,1.00,0.0101,0
2023-05-22 11:49:49,1684770589,25.9,12.3,100000,1.00,1.00,1.00,1.00,0.0103,0
2023-05-22 11:51:08,1684770668,25.5,12.3,100000,1e-7,1.00,2.00,3.00,0.0100,0
2023-05-22 12:04:58,1684771499,25.5,12.7,100000,1.00,3.00,5.00,6.00,0.0100,0
2023-05-22 12:06:37,1684771598,25.4,12.3,100000,1.00,1.00,2.00,2.00,0.0100,0
2023-05-22 12:19:59,1684772400,25.5,12.4,100000,1.00,2.00,3.00,3.00,0.0104,0
2023-05-22 12:21:58,1684772519,25.2,12.3,100000,1e-7,1.00,2.00,3.00,0.00990,0
2023-05-22 12:34:40,1684773281,24.4,13.7,100000,1.00,2.00,3.00,4.00,0.00995,0
2023-05-22 12:37:19,1684773439,24.4,13.9,100000,1e-7,1.00,1.00,1.00,0.00995,0
2023-05-22 12:49:50,1684774190,24.7,13.3,99938,1.00,2.00,3.00,4.00,0.00995,0
2023-05-22 12:52:28,1684774349,24.6,13.3,99925,1.00,2.00,3.00,4.00,0.00995,0
2023-05-22 13:04:41,1684775081,24.1,14.3,99929,2.00,2.00,3.00,4.00,0.00995,0
2023-05-22 13:07:59,1684775280,24.3,13.8,99910,2.00,3.00,4.00,5.00,0.0101,0
2023-05-22 13:19:51,1684775991,24.0,14.0,99900,1.00,4.00,7.00,9.00,0.0185,0
2023-05-22 13:23:10,1684776190,23.8,13.3,99900,1.00,2.00,3.00,3.00,0.0185,0
2023-05-22 13:34:43,1684776883,24.0,13.5,99900,1e-7,3.00,5.00,6.00,0.0120,0
2023-05-22 13:38:41,1684777122,24.0,13.7,99900,1.00,1.00,1.00,1.00,0.0166,0
2023-05-22 13:49:53,1684777794,24.0,13.5,99900,1e-7,3.00,5.00,6.00,0.0150,0
2023-05-22 13:53:52,1684778032,24.1,13.8,99900,1e-7,2.00,3.00,4.00,0.0147,0
2023-05-22 14:04:44,1684778685,24.4,13.2,99900,1.00,2.00,3.00,3.00,0.00995,0
2023-05-22 14:09:22,1684778963,24.2,12.8,99900,2.00,3.00,5.00,6.00,0.0101,0
2023-05-22 14:19:55,1684779595,23.0,14.0,99900,1.00,1.00,2.00,2.00,0.00995,0
2023-05-22 14:24:53,1684779893,23.1,14.0,99900,1.00,2.00,3.00,4.00,0.0121,0
2023-05-22 14:34:58,1684780498,23.0,14.6,99900,1.00,1.00,1.00,1.00,0.0128,0
2023-05-22 14:39:56,1684780796,23.0,14.3,99900,1.00,2.00,3.00,4.00,0.0139,0
2023-05-22 14:40:16,1684780816,23.0,14.7,99900,1e-7,1e-7,1e-7,1e-7,0.0112,0
2023-05-22 14:54:48,1684781689,23.1,14.6,99900,2.00,3.00,4.00,4.00,0.0112,0
2023-05-22 14:55:28,1684781729,22.9,14.8,99900,1e-7,1.00,1.00,2.00,0.00995,0
2023-05-22 15:09:41,1684782582,21.9,15.4,99900,1.00,1.00,2.00,2.00,0.0102,0
2023-05-22 15:11:01,1684782662,21.9,15.4,99900,1.00,1.00,2.00,2.00,0.0101,0
2023-05-22 15:24:51,1684783491,21.9,16.1,99900,1.00,2.00,3.00,4.00,0.0102,0
2023-05-22 15:26:11,1684783571,22.0,16.3,99900,1.00,3.00,6.00,7.00,0.0100,0
2023-05-22 15:39:43,1684784384,22.0,16.9,99800,1e-7,2.00,3.00,4.00,0.0127,0
2023-05-22 15:41:43,1684784503,22.1,16.9,99800,1.00,3.00,5.00,6.00,0.0114,0
2023-05-22 15:54:48,1684785289,22.0,17.3,99800,1e-7,2.00,3.00,4.00,0.0120,0
2023-05-22 15:59:47,1684785588,22.0,16.9,99800,2.00,3.00,5.00,6.00,0.0106,0
2023-05-22 16:04:46,1684785886,21.8,17.1,99800,2.00,2.00,3.00,3.00,0.0114,0
2023-05-22 16:09:45,1684786185,21.5,17.0,99800,2.00,3.00,5.00,6.00,0.0149,0
2023-05-22 16:14:44,1684786484,21.1,17.3,99800,1.00,3.00,4.00,5.00,0.0137,0
2023-05-22 16:19:43,1684786784,20.8,17.9,99800,2.00,3.00,5.00,6.00,0.0114,0
2023-05-22 16:24:42,1684787083,20.5,17.6,99800,2.00,3.00,3.00,4.00,0.0116,0
2023-05-22 16:29:42,1684787382,20.2,18.2,99800,1.00,3.00,4.00,5.00,0.0116,0
2023-05-22 16:34:41,1684787682,20.1,18.1,99800,2.00,4.00,5.00,5.00,0.0111,0
2023-05-22 16:39:41,1684787981,20.1,18.9,99800,2.00,5.00,7.00,8.00,0.0134,0
2023-05-22 16:44:40,1684788281,20.1,18.3,99800,1.00,5.00,7.00,9.00,0.0118,0
2023-05-22 16:49:40,1684788581,20.0,18.3,99800,3.00,3.00,3.00,3.00,0.0147,0
2023-05-22 16:54:40,1684788880,19.8,19.0,99800,2.00,3.00,5.00,6.00,0.0161,0
2023-05-22 16:59:59,1684789200,19.7,19.2,99800,2.00,6.00,9.00,11.0,0.0166,0
2023-05-22 17:04:59,1684789499,19.6,19.2,99800,2.00,3.00,3.00,4.00,0.0174,0
2023-05-22 17:09:58,1684789799,19.4,19.1,99800,1.00,4.00,6.00,7.00,0.0174,0
2023-05-22 17:14:58,1684790099,19.3,19.4,99800,2.00,9.00,14.0,17.0,0.0163,0
2023-05-22 17:19:58,1684790398,19.0,19.0,99827,1.00,3.00,3.00,4.00,0.0152,0
2023-05-22 17:24:58,1684790699,18.7,19.6,99800,2.00,5.00,7.00,8.00,0.0162,0
2023-05-22 17:29:58,1684790999,18.6,20.4,99820,3.00,4.00,4.00,4.00,0.0161,0
2023-05-22 17:34:58,1684791299,18.5,20.2,99813,2.00,3.00,5.00,6.00,0.0169,0
2023-05-22 17:39:58,1684791599,18.4,19.9,99893,3.00,6.00,7.00,8.00,0.0166,0
2023-05-22 17:44:58,1684791899,18.2,19.9,99900,2.00,2.00,3.00,4.00,0.0166,0
2023-05-22 17:49:58,1684792199,18.1,20.6,99860,2.00,3.00,5.00,6.00,0.0130,0
2023-05-22 17:54:58,1684792498,18.0,20.7,99900,4.00,4.00,6.00,8.00,0.0141,0
2023-05-22 17:59:58,1684792798,18.0,20.6,99900,1.00,4.00,8.00,9.00,0.0178,0
2023-05-22 18:04:58,1684793098,17.9,20.3,99873,2.00,3.00,5.00,6.00,0.0159,0
2023-05-22 18:09:58,1684793398,17.8,20.7,99900,2.00,3.00,5.00,6.00,0.0169,0
2023-05-22 18:14:58,1684793698,17.7,20.3,99900,1.00,3.00,4.00,5.00,0.0179,0
2023-05-22 18:19:59,1684793999,17.6,20.4,99900,2.00,2.00,3.00,4.00,0.0114,0
2023-05-22 18:24:58,1684794299,17.5,20.4,99900,1.00,5.00,9.00,10.0,0.0114,0
2023-05-22 18:29:59,1684794599,17.4,20.7,99900,1.00,3.00,5.00,6.00,0.0139,0
2023-05-22 18:34:59,1684794899,17.3,21.2,99900,1.00,4.00,8.00,9.00,0.0139,0
2023-05-22 18:39:59,1684795200,17.2,21.2,99900,3.00,3.00,4.00,4.00,0.0150,0
2023-05-22 18:44:40,1684795480,17.1,21.7,99900,2.00,2.00,3.00,4.00,0.0165,0
2023-05-22 18:49:40,1684795780,17.0,21.8,99900,2.00,2.00,3.00,4.00,0.0102,0
2023-05-22 18:54:41,1684796081,16.9,21.8,99900,2.00,2.00,2.00,2.00,0.0105,0
2023-05-22 18:59:41,1684796382,16.8,22.4,99900,1.00,1.00,2.00,3.00,0.00995,0
2023-05-22 19:04:42,1684796683,16.7,22.6,99900,1.00,2.00,3.00,4.00,0.00995,0
2023-05-22 19:09:43,1684796983,16.6,22.7,99900,1.00,5.00,9.00,11.0,0.0107,0
2023-05-22 19:14:43,1684797284,16.5,23.5,99900,3.00,7.00,10.0,11.0,0.0284,0
2023-05-22 19:19:45,1684797585,16.3,24.0,99900,1.00,3.00,5.00,6.00,0.0325,0
2023-05-22 19:24:46,1684797886,16.1,24.6,99900,1.00,2.00,3.00,4.00,0.0325,0
2023-05-22 19:29:47,1684798187,15.9,24.4,99900,2.00,4.00,7.00,8.00,0.0144,0
2023-05-22 19:34:47,1684798488,15.7,24.2,99900,1.00,1.00,3.00,4.00,0.0164,0
2023-05-22 19:39:49,1684798789,15.5,24.1,99900,2.00,3.00,4.00,4.00,0.0182,0
2023-05-22 19:44:50,1684799091,15.3,25.2,99900,1.00,3.00,5.00,6.00,0.0119,0
2023-05-22 19:49:51,1684799392,15.1,25.6,99900,1e-7,2.00,3.00,4.00,0.0118,0
2023-05-22 19:54:53,1684799694,14.9,25.9,99900,2.00,2.00,3.00,4.00,0.0122,0
2023-05-22 19:59:55,1684799995,14.6,26.7,99900,2.00,3.00,5.00,6.00,0.0110,0
2023-05-22 20:04:56,1684800297,14.3,27.4,99900,1.00,1.00,3.00,4.00,0.0110,0
2023-05-22 20:09:58,1684800599,14.0,27.9,99900,1.00,3.00,6.00,8.00,0.0111,0
2023-05-22 20:14:40,1684800880,13.7,28.0,99900,1e-7,3.00,5.00,6.00,0.0129,0
2023-05-22 20:19:41,1684801182,13.5,28.2,99900,1.00,3.00,5.00,6.00,0.0105,0
2023-05-22 20:24:43,1684801483,13.2,28.8,99900,1.00,3.00,4.00,4.00,0.0149,0
2023-05-22 20:29:45,1684801785,12.8,29.5,99900,1e-7,2.00,3.00,4.00,0.0149,0
2023-05-22 20:34:47,1684802087,12.5,29.7,99900,1.00,3.00,5.00,6.00,0.00995,0
2023-05-22 20:39:49,1684802389,12.3,30.0,99960,1.00,2.00,3.00,4.00,0.0115,0
2023-05-22 20:44:51,1684802691,12.0,30.5,100000,1.00,3.00,6.00,8.00,0.0118,0
2023-05-22 20:49:53,1684802993,11.7,31.1,100000,1.00,1.00,2.00,3.00,0.0145,0
2023-05-22 20:54:55,1684803295,11.4,31.7,100000,1.00,2.00,3.00,4.00,0.0148,0
2023-05-22 20:59:57,1684803598,11.1,32.4,100000,1.00,2.00,3.00,4.00,0.00995,0
2023-05-22 21:04:40,1684803880,10.9,33.1,100000,1.00,3.00,5.00,7.00,0.0125,0
2023-05-22 21:09:42,1684804183,10.6,34.8,100000,1.00,3.00,5.00,6.00,0.0130,0
2023-05-22 21:14:45,1684804485,10.3,34.9,100000,1.00,5.00,8.00,10.0,0.0141,0
2023-05-22 21:19:48,1684804789,10.1,35.2,100000,1e-7,3.00,6.00,8.00,0.0141,0
2023-05-22 21:24:51,1684805091,9.83,35.6,100000,1.00,2.00,3.00,4.00,0.0171,0
2023-05-22 21:29:54,1684805394,9.61,36.1,100000,1.00,2.00,3.00,3.00,0.0199,0
2023-05-22 21:34:57,1684805697,9.43,36.3,100000,2.00,3.00,5.00,6.00,0.0120,0
2023-05-22 21:39:39,1684805980,9.26,36.9,100000,1.00,2.00,3.00,4.00,0.0120,0
2023-05-22 21:44:42,1684806283,9.08,37.6,100000,2.00,3.00,6.00,8.00,0.0110,0
2023-05-22 21:49:45,1684806585,8.92,37.8,100000,1.00,2.00,3.00,4.00,0.0139,0
2023-05-22 21:54:47,1684806888,8.79,37.9,100000,1.00,2.00,3.00,4.00,0.0148,0
2023-05-22 21:59:50,1684807191,8.70,38.2,100000,1.00,2.00,3.00,4.00,0.0113,0
2023-05-22 22:04:53,1684807494,8.60,38.1,100000,1.00,6.00,10.0,12.0,0.0110,0
2023-05-22 22:09:56,1684807797,8.45,38.4,100000,1.00,2.00,3.00,4.00,0.0141,0
2023-05-22 22:14:59,1684808100,8.28,39.8,100000,1.00,3.00,5.00,6.00,0.0128,0
2023-05-22 22:19:42,1684808382,8.11,40.2,100000,1.00,2.00,3.00,4.00,0.0138,0
2023-05-22 22:24:45,1684808686,7.97,40.1,100000,3.00,4.00,6.00,8.00,0.0134,0
2023-05-22 22:29:48,1684808989,7.85,40.3,100087,2.00,5.00,9.00,11.0,0.0153,0
2023-05-22 22:34:52,1684809292,7.72,42.0,100100,1.00,3.00,5.00,6.00,0.0153,0
2023-05-22 22:39:55,1684809596,7.59,43.0,100080,1.00,3.00,5.00,6.00,0.0174,0
2023-05-22 22:44:59,1684809899,7.50,42.2,100000,2.00,3.00,3.00,4.00,0.0166,0
2023-05-22 22:49:42,1684810183,7.44,42.3,100007,1.00,2.00,3.00,4.00,0.0142,0
2023-05-22 22:54:46,1684810486,7.37,42.5,100100,2.00,4.00,7.00,9.00,0.00995,0
2023-05-22 22:59:49,1684810790,7.31,42.5,100100,1.00,3.00,6.00,7.00,0.0102,0
2023-05-22 23:04:53,1684811094,7.28,42.0,100100,1.00,2.00,4.00,4.00,0.0160,0
2023-05-22 23:09:57,1684811397,7.22,42.3,100087,1.00,2.00,3.00,4.00,0.0140,0
2023-05-22 23:14:40,1684811680,7.15,42.7,100064,1.00,2.00,3.00,3.00,0.0115,0
2023-05-22 23:19:43,1684811984,7.09,42.9,100100,1.00,2.00,3.00,4.00,0.00995,0
2023-05-22 23:24:47,1684812287,6.98,43.0,100100,1e-7,2.00,3.00,4.00,0.00995,0
2023-05-22 23:29:50,1684812591,6.91,42.8,100100,1.00,4.00,7.00,9.00,0.0126,0
2023-05-22 23:34:54,1684812894,6.84,42.9,100100,1.00,4.00,7.00,9.00,0.0127,0
2023-05-22 23:39:57,1684813198,6.77,42.8,100100,1.00,1.00,3.00,4.00,0.0164,0
2023-05-22 23:44:40,1684813481,6.68,42.9,100100,1.00,2.00,3.00,3.00,0.0164,0
2023-05-22 23:49:44,1684813785,6.54,43.8,100100,2.00,4.00,6.00,6.00,0.0146,0
2023-05-22 23:54:48,1684814088,6.39,44.6,100100,1e-7,2.00,3.00,4.00,0.0167,0
2023-05-22 23:59:52,1684814392,6.25,45.1,100073,2.00,7.00,11.0,12.0,0.0147,0
2023-05-23 00:04:56,1684814696,6.17,45.4,100087,2.00,3.00,6.00,8.00,0.0216,0
2023-05-23 00:09:39,1684814980,6.11,46.2,100100,1.00,4.00,6.00,7.00,0.0190,0
2023-05-23 00:14:43,1684815284,6.06,46.4,100093,1.00,2.00,3.00,4.00,0.0190,0
2023-05-23 00:19:47,1684815588,6.03,45.5,100100,1.00,5.00,7.00,9.00,0.0151,0
2023-05-23 00:24:51,1684815891,5.99,45.4,100053,1.00,3.00,5.00,7.00,0.0145,0
2023-05-23 00:29:55,1684816195,5.97,45.5,100100,1.00,4.00,7.00,9.00,0.0145,0
2023-05-23 00:34:59,1684816499,5.90,45.9,100100,2.00,3.00,4.00,4.00,0.0125,0
2023-05-23 00:39:42,1684816783,5.81,46.1,100071,1.00,3.00,6.00,7.00,0.0112,0
2023-05-23 00:44:46,1684817086,5.75,46.0,100000,1.00,2.00,3.00,4.00,0.0104,0
2023-05-23 00:49:50,1684817390,5.67,47.2,100000,2.00,3.00,4.00,5.00,0.0112,0
2023-05-23 00:54:54,1684817694,5.63,47.3,100000,2.00,4.00,6.00,8.00,0.0128,0
2023-05-23 00:59:58,1684817999,5.62,46.6,100000,1.00,3.00,5.00,6.00,0.0134,0
2023-05-23 01:04:42,1684818282,5.57,46.6,100000,2.00,4.00,7.00,8.00,0.0142,0
2023-05-23 01:09:46,1684818586,5.53,47.1,100000,1.00,4.00,7.00,9.00,0.0133,0
2023-05-23 01:14:49,1684818890,5.46,48.1,100000,1.00,6.00,9.00,11.0,0.0177,0
2023-05-23 01:19:53,1684819194,5.41,47.5,100000,1.00,2.00,3.00,4.00,0.0238,0
2023-05-23 01:24:57,1684819498,5.37,48.1,100000,1.00,3.00,5.00,6.00,0.0301,0
2023-05-23 01:29:41,1684819782,5.35,47.4,100000,2.00,2.00,3.00,4.00,0.0127,0
2023-05-23 01:34:45,1684820086,5.31,47.7,100000,1.00,3.00,4.00,4.00,0.0157,0
2023-05-23 01:39:49,1684820390,5.25,48.1,100000,1e-7,2.00,3.00,4.00,0.0135,0
2023-05-23 01:44:54,1684820694,5.19,47.6,100000,1.00,2.00,3.00,4.00,0.0100,0
2023-05-23 01:49:58,1684820998,5.15,47.6,100000,1.00,2.00,3.00,4.00,0.0100,0
2023-05-23 01:54:42,1684821283,5.10,48.3,100000,2.00,4.00,7.00,9.00,0.0105,0
2023-05-23 01:59:46,1684821587,5.05,49.1,100000,2.00,5.00,7.00,8.00,0.0158,0
2023-05-23 02:04:50,1684821891,5.02,48.5,100000,1e-7,3.00,5.00,6.00,0.0201,0
2023-05-23 02:09:55,1684822195,5.00,48.2,100000,1.00,3.00,5.00,6.00,0.0164,0
2023-05-23 02:14:59,1684822499,4.95,48.4,100067,2.00,2.00,4.00,5.00,0.0103,0
2023-05-23 02:19:42,1684822783,4.92,48.9,100100,1.00,3.00,6.00,7.00,0.0113,0
2023-05-23 02:24:46,1684823087,4.90,48.7,100100,1.00,2.00,3.00,4.00,0.0127,0
2023-05-23 02:29:51,1684823392,4.86,48.4,100100,2.00,3.00,5.00,6.00,0.0127,0
2023-05-23 02:34:56,1684823697,4.83,48.5,100100,1.00,3.00,5.00,6.00,0.0115,0
2023-05-23 02:39:40,1684823981,4.78,48.9,100100,1.00,2.00,4.00,4.00,0.0111,0
2023-05-23 02:44:44,1684824285,4.70,49.7,100100,2.00,2.00,3.00,4.00,0.0114,0
2023-05-23 02:49:48,1684824589,4.67,49.8,100100,1.00,2.00,3.00,4.00,0.0141,0
2023-05-23 02:54:53,1684824893,4.67,49.6,100100,1.00,3.00,5.00,6.00,0.0118,0
2023-05-23 02:59:57,1684825197,4.64,49.2,100100,1e-7,3.00,5.00,6.00,0.0105,0
2023-05-23 03:04:41,1684825481,4.62,48.7,100100,1e-7,3.00,6.00,8.00,0.0105,0
2023-05-23 03:09:45,1684825785,4.57,48.3,100100,1.00,3.00,5.00,6.00,0.0101,0
2023-05-23 03:14:49,1684826089,4.50,48.2,100100,1.00,2.00,3.00,4.00,0.0119,0
2023-05-23 03:19:53,1684826393,4.41,49.3,100100,1.00,4.00,7.00,8.00,0.0133,0
2023-05-23 03:24:57,1684826698,4.31,49.5,100100,1.00,3.00,5.00,6.00,0.0176,0
2023-05-23 03:29:41,1684826981,4.25,49.7,100100,1.00,3.00,5.00,6.00,0.0143,0
2023-05-23 03:34:45,1684827286,4.19,49.8,100100,2.00,3.00,5.00,5.00,0.0143,0
2023-05-23 03:39:49,1684827590,4.15,50.2,100100,1.00,2.00,3.00,4.00,0.0103,0
2023-05-23 03:44:54,1684827894,4.11,49.6,100100,1.00,2.00,3.00,4.00,0.0125,0
2023-05-23 03:49:58,1684828199,4.07,49.4,100100,2.00,3.00,3.00,4.00,0.0125,0
2023-05-23 03:54:42,1684828483,4.02,50.6,100100,1.00,4.00,7.00,9.00,0.0169,0
2023-05-23 03:59:46,1684828787,3.98,50.9,100100,1.00,2.00,3.00,4.00,0.0188,0
2023-05-23 04:04:50,1684829091,3.97,50.6,100100,1.00,3.00,6.00,8.00,0.0229,0
2023-05-23 04:09:55,1684829395,3.94,50.4,100100,1.00,2.00,3.00,4.00,0.0177,0
2023-05-23 04:14:59,1684829699,3.91,50.0,100100,1.00,3.00,4.00,4.00,0.0177,0
2023-05-23 04:19:43,1684829983,3.91,50.1,100100,2.00,4.00,6.00,6.00,0.0165,0
2023-05-23 04:24:47,1684830288,3.89,51.1,100100,3.00,5.00,7.00,8.00,0.0187,0
2023-05-23 04:29:51,1684830592,3.86,51.8,100100,2.00,4.00,6.00,7.00,0.0184,0
2023-05-23 04:34:56,1684830896,3.84,51.6,100100,1.00,5.00,10.0,12.0,0.0147,0
2023-05-23 04:39:40,1684831181,3.84,51.5,100100,1e-7,3.00,5.00,6.00,0.0196,0
2023-05-23 04:44:45,1684831485,3.84,51.2,100100,1.00,2.00,3.00,4.00,0.0201,0
2023-05-23 04:49:49,1684831789,3.82,51.2,100100,1.00,2.00,3.00,4.00,0.0126,0
2023-05-23 04:54:53,1684832094,3.79,51.3,100100,3.00,3.00,5.00,6.00,0.0114,0
2023-05-23 04:59:57,1684832398,3.79,51.4,100100,1.00,1.00,3.00,4.00,0.0114,0
2023-05-23 05:04:41,1684832682,3.83,51.7,100100,1.00,2.00,3.00,4.00,0.0114,0
2023-05-23 05:09:46,1684832986,3.81,52.0,100100,3.00,4.00,5.00,6.00,0.0118,0
2023-05-23 05:14:50,1684833291,3.77,52.5,100100,3.00,4.00,5.00,6.00,0.0180,0
2023-05-23 05:19:55,1684833595,3.75,52.5,100100,1.00,1.00,2.00,3.00,0.0150,0
2023-05-23 05:24:59,1684833900,3.79,51.6,100100,1.00,2.00,3.00,4.00,0.0195,0
2023-05-23 05:29:43,1684834183,3.83,51.6,100100,2.00,3.00,5.00,6.00,0.00995,0
2023-05-23 05:34:50,1684834491,3.85,51.7,100100,2.00,4.00,6.00,7.00,0.0110,0
2023-05-23 05:39:54,1684834795,3.89,52.1,100100,4.00,4.00,7.00,8.00,0.0201,0
2023-05-23 05:40:34,1684834835,3.92,52.3,100100,1.00,1.00,1.00,2.00,0.0143,0
2023-05-23 09:24:41,1684848281,28.6,13.6,100000,1.00,1.00,1.00,1.00,,
2023-05-23 09:25:40,1684848340,28.6,13.3,100000,2.00,2.00,2.00,2.00,,
2023-05-23 10:49:52,1684853392,32.2,10.3,99900,1.00,3.00,4.00,4.00,,
2023-05-23 10:50:11,1684853412,32.5,10.3,99900,1e-7,2.00,3.00,4.00,,
2023-05-23 10:59:54,1684853995,32.7,10.2,99900,1.00,2.00,2.00,3.00,,
2023-05-23 11:04:49,1684854289,32.7,10.0,99900,1.00,8.00,14.0,17.0,,
2023-05-23 11:05:28,1684854329,32.7,10.4,99900,1e-7,1e-7,1e-7,1e-7,,
2023-05-23 11:19:48,1684855189,31.9,10.3,99900,1.00,2.00,4.00,4.00,0.0295,0
2023-05-23 11:20:47,1684855248,31.8,10.2,99900,1.00,1.00,2.00,3.00,0.0295,0
2023-05-23 11:29:54,1684855794,32.2,9.40,99900,1e-7,1e-7,1e-7,1e-7,0.0275,0
2023-05-23 11:34:49,1684856089,32.2,9.76,99900,2.00,4.00,8.00,9.00,0.0275,0
2023-05-23 11:36:07,1684856168,32.3,9.94,99900,3.00,5.00,7.00,7.00,0.0168,0
2023-05-23 11:49:49,1684856989,31.9,9.57,99900,2.00,5.00,7.00,8.00,0.0177,0
2023-05-23 11:51:27,1684857088,31.7,9.39,99860,2.00,2.00,3.00,3.00,0.0136,0
2023-05-23 12:04:53,1684857893,31.2,9.92,99800,1.00,2.00,3.00,3.00,0.0117,0
2023-05-23 12:06:31,1684857992,31.4,9.66,99800,1e-7,3.00,5.00,6.00,0.0164,0
2023-05-23 12:19:53,1684858794,32.2,9.74,99800,2.00,3.00,4.00,5.00,0.0164,0
2023-05-23 12:21:51,1684858912,32.6,9.21,99800,1e-7,2.00,3.00,4.00,0.0108,0
2023-05-23 12:34:53,1684859694,32.7,8.83,99800,1.00,2.00,3.00,4.00,0.0105,0
2023-05-23 12:37:11,1684859831,32.8,9.17,99800,1e-7,3.00,5.00,6.00,0.0101,0
2023-05-23 12:49:56,1684860596,32.9,8.55,99789,1.00,3.00,4.00,4.00,0.0102,0
2023-05-23 12:52:33,1684860753,32.6,8.44,99700,1e-7,2.00,3.00,4.00,0.0105,0
2023-05-23 13:04:57,1684861497,31.2,9.06,99700,1.00,3.00,6.00,8.00,0.0109,0
2023-05-23 13:07:35,1684861655,31.0,8.99,99700,1e-7,2.00,3.00,4.00,0.0106,0
2023-05-23 13:19:59,1684862399,30.9,9.83,99700,1.00,1.00,3.00,3.00,0.0145,0
2023-05-23 13:22:56,1684862577,31.0,9.12,99700,2.00,3.00,4.00,5.00,0.0145,0
2023-05-23 13:34:44,1684863285,30.9,9.15,99700,1.00,2.00,4.00,5.00,0.0118,0
2023-05-23 13:38:21,1684863502,30.9,9.17,99700,1.00,3.00,4.00,4.00,0.0127,0
2023-05-23 13:49:46,1684864186,30.7,8.72,99700,2.00,3.00,5.00,5.00,0.0106,0
2023-05-23 13:53:43,1684864423,30.3,8.98,99700,1.00,3.00,4.00,5.00,0.0110,0
2023-05-23 14:04:43,1684865084,29.9,9.67,99600,2.00,3.00,3.00,4.00,0.0107,0
2023-05-23 14:09:00,1684865340,29.8,9.70,99600,1.00,2.00,3.00,3.00,0.0121,0
2023-05-23 14:19:49,1684865990,29.8,10.6,99600,2.00,2.00,2.00,2.00,0.0108,0
2023-05-23 14:24:06,1684866246,30.0,10.3,99600,1.00,2.00,3.00,4.00,0.0107,0
2023-05-23 14:34:55,1684866896,30.4,9.43,99600,1.00,2.00,3.00,3.00,0.00995,0
2023-05-23 14:39:32,1684867172,30.3,9.49,99600,1.00,2.00,3.00,4.00,0.00995,0
2023-05-23 14:49:42,1684867783,30.2,9.48,99600,1e-7,1e-7,1e-7,1e-7,0.00995,0
2023-05-23 14:54:58,1684868099,30.1,9.59,99600,2.00,2.00,3.00,4.00,0.00995,0
2023-05-23 15:09:45,1684868985,29.6,10.3,99593,1e-7,2.00,3.00,4.00,0.00995,0
2023-05-23 15:10:05,1684869005,29.7,10.1,99500,2.00,2.00,2.00,2.00,0.00995,0
2023-05-23 15:24:53,1684869893,29.4,9.36,99500,1.00,7.00,12.0,14.0,0.0166,0
2023-05-23 15:25:32,1684869933,29.3,9.65,99500,1e-7,1.00,1.00,1.00,0.0175,0
2023-05-23 15:34:40,1684870481,29.4,9.21,99500,1e-7,1e-7,1e-7,1e-7,0.0182,0
2023-05-23 15:39:57,1684870797,29.4,9.26,99500,2.00,2.00,3.00,4.00,0.0212,0
2023-05-23 15:40:56,1684870856,29.4,8.92,99500,1.00,3.00,5.00,6.00,0.0185,0
2023-05-23 15:54:41,1684871681,29.2,10.2,99500,2.00,2.00,3.00,4.00,0.0185,0
2023-05-23 15:56:00,1684871760,29.1,9.78,99500,1.00,1.00,1.00,1.00,0.0125,0
2023-05-23 16:09:46,1684872587,28.5,10.0,99400,3.00,4.00,6.00,8.00,0.0117,0
2023-05-23 16:11:25,1684872686,28.2,10.0,99400,1.00,3.00,5.00,6.00,0.0185,0
2023-05-23 16:24:55,1684873495,27.7,10.5,99400,1.00,2.00,3.00,4.00,0.0247,0
2023-05-23 16:26:53,1684873614,27.6,10.5,99400,1.00,2.00,3.00,3.00,0.0130,0
2023-05-23 16:39:44,1684874385,27.1,10.7,99400,1.00,2.00,3.00,4.00,0.0194,0
2023-05-23 16:44:42,1684874682,27.0,11.2,99400,1.00,3.00,5.00,6.00,0.0159,0
2023-05-23 16:49:59,1684874999,26.9,11.8,99400,2.00,2.00,2.00,3.00,0.0124,0
2023-05-23 16:54:56,1684875297,26.8,11.4,99400,2.00,2.00,3.00,4.00,0.0128,0
2023-05-23 16:57:35,1684875455,26.7,11.3,99400,2.00,2.00,3.00,4.00,0.0108,0
2023-05-23 17:09:46,1684876187,26.0,11.6,99300,1e-7,1.00,3.00,4.00,0.00995,0
2023-05-23 17:12:45,1684876365,25.9,11.9,99300,3.00,6.00,9.00,10.0,0.0148,0
2023-05-23 17:29:52,1684877392,25.6,12.1,99300,2.00,3.00,3.00,4.00,0.0153,0
2023-05-23 17:34:50,1684877690,25.4,12.5,99300,2.00,3.00,5.00,6.00,0.0173,0
2023-05-23 17:39:48,1684877988,25.4,12.8,99300,1.00,2.00,3.00,4.00,0.0148,0
2023-05-23 17:44:46,1684878286,25.3,12.8,99300,2.00,2.00,3.00,4.00,0.0124,0
2023-05-23 17:49:44,1684878585,25.3,12.6,99300,1.00,3.00,5.00,6.00,0.0119,0
2023-05-23 17:54:42,1684878882,25.3,12.3,99300,2.00,2.00,3.00,4.00,0.0119,0
2023-05-23 17:59:40,1684879181,25.2,11.9,99300,1.00,2.00,3.00,4.00,0.0107,0
2023-05-23 18:04:58,1684879499,25.0,12.3,99300,1.00,2.00,3.00,4.00,0.0107,0
2023-05-23 18:09:56,1684879797,24.9,12.5,99300,1.00,2.00,3.00,4.00,0.00995,0
2023-05-23 18:14:55,1684880095,24.8,12.9,99300,1.00,3.00,5.00,6.00,0.0120,0
2023-05-23 18:19:53,1684880393,24.6,13.2,99300,2.00,3.00,5.00,6.00,0.0131,0
2023-05-23 18:24:51,1684880692,24.4,12.9,99300,1.00,1.00,2.00,3.00,0.0121,0
2023-05-23 18:29:49,1684880990,24.3,13.0,99300,1.00,4.00,7.00,9.00,0.0152,0
2023-05-23 18:34:48,1684881288,24.1,13.6,99300,2.00,5.00,9.00,12.0,0.0511,0
2023-05-23 18:39:47,1684881587,23.9,14.6,99267,1e-7,2.00,3.00,4.00,0.0397,0
2023-05-23 18:44:45,1684881886,23.7,14.8,99200,1.00,5.00,9.00,12.0,0.0329,0
2023-05-23 18:49:44,1684882185,23.5,14.8,99200,1.00,3.00,5.00,6.00,0.00872,0
2023-05-23 18:54:43,1684882483,23.4,15.4,99200,2.00,6.00,10.0,12.0,0.0144,0
2023-05-23 18:59:42,1684882782,23.2,15.6,99200,2.00,3.00,5.00,6.00,0.0252,0
2023-05-23 19:04:40,1684883081,23.1,16.1,99200,1.00,3.00,5.00,6.00,0.0288,0
2023-05-23 19:09:59,1684883400,22.9,16.4,99200,1.00,2.00,4.00,4.00,0.0180,0
2023-05-23 19:14:58,1684883699,22.7,16.7,99200,1.00,1.00,3.00,4.00,0.0116,0
2023-05-23 19:19:57,1684883998,22.5,17.4,99200,1e-7,1.00,2.00,3.00,0.00995,0
2023-05-23 19:24:56,1684884297,22.2,18.0,99200,1.00,6.00,10.0,12.0,0.00995,0
2023-05-23 19:29:56,1684884596,21.9,19.0,99200,1.00,3.00,5.00,6.00,0.0216,0
2023-05-23 19:34:56,1684884896,21.7,20.4,99200,1.00,3.00,5.00,6.00,0.0265,0
2023-05-23 19:39:55,1684885195,21.4,20.2,99200,2.00,2.00,3.00,4.00,0.0180,0
2023-05-23 19:44:54,1684885495,21.1,20.5,99200,1.00,2.00,3.00,4.00,0.0151,0
2023-05-23 19:49:54,1684885794,20.8,20.7,99200,1.00,3.00,4.00,5.00,0.0110,0
2023-05-23 19:54:54,1684886094,20.6,21.3,99200,1.00,3.00,5.00,6.00,0.0136,0
2023-05-23 19:59:53,1684886394,20.3,21.7,99200,1.00,3.00,5.00,6.00,0.0136,0
2023-05-23 20:04:53,1684886693,20.0,22.1,99200,1.00,2.00,3.00,4.00,0.0104,0
2023-05-23 20:09:53,1684886993,19.8,23.0,99200,1.00,1.00,2.00,3.00,0.0134,0
2023-05-23 20:14:53,1684887293,19.5,23.1,99200,1e-7,3.00,5.00,6.00,0.0134,0
2023-05-23 20:19:53,1684887593,19.2,23.0,99200,1.00,2.00,3.00,4.00,0.0125,0
2023-05-23 20:24:53,1684887893,19.0,23.6,99200,1.00,2.00,3.00,4.00,0.0116,0
2023-05-23 20:29:53,1684888193,18.7,24.1,99200,1.00,2.00,3.00,4.00,0.0116,0
2023-05-23 20:34:53,1684888493,18.4,25.0,99200,1.00,1.00,3.00,4.00,0.00995,0
2023-05-23 20:39:53,1684888794,18.1,25.1,99200,2.00,2.00,3.00,4.00,0.00995,0
2023-05-23 20:44:53,1684889094,17.8,25.7,99200,3.00,4.00,5.00,6.00,0.0112,0
2023-05-23 20:49:54,1684889394,17.6,26.2,99200,1.00,1.00,3.00,4.00,0.0127,0
2023-05-23 20:54:54,1684889695,17.3,26.4,99160,1.00,2.00,3.00,4.00,0.0127,0
2023-05-23 20:59:55,1684889996,17.1,26.9,99180,1.00,2.00,4.00,5.00,0.0133,0
2023-05-23 21:04:56,1684890296,16.8,27.7,99187,2.00,3.00,6.00,7.00,0.0102,0
2023-05-23 21:09:56,1684890597,16.6,28.0,99120,1e-7,2.00,3.00,4.00,0.0127,0
2023-05-23 21:14:57,1684890898,16.4,28.9,99100,1.00,3.00,6.00,7.00,0.0127,0
2023-05-23 21:19:58,1684891199,16.2,29.4,99100,1.00,3.00,6.00,8.00,0.0219,0
2023-05-23 21:24:40,1684891480,16.0,29.7,99100,1.00,1.00,2.00,3.00,0.0229,0
2023-05-23 21:29:41,1684891782,15.8,29.5,99100,1.00,3.00,4.00,5.00,0.0268,0
2023-05-23 21:34:42,1684892083,15.6,30.6,99100,1.00,3.00,6.00,8.00,0.0149,0
2023-05-23 21:39:43,1684892384,15.4,31.5,99100,1e-7,1.00,3.00,4.00,0.0154,0
2023-05-23 21:44:45,1684892685,15.2,32.0,99100,1.00,5.00,9.00,11.0,0.0152,0
2023-05-23 21:49:46,1684892987,15.1,32.3,99100,1.00,3.00,6.00,7.00,0.0166,0
2023-05-23 21:54:48,1684893288,14.9,32.2,99100,1.00,2.00,3.00,4.00,0.0267,0
2023-05-23 21:59:49,1684893589,14.7,32.1,99100,1.00,2.00,3.00,3.00,0.0261,0
2023-05-23 22:04:50,1684893891,14.6,32.7,99100,1.00,3.00,5.00,6.00,0.0130,0
2023-05-23 22:09:52,1684894192,14.4,33.1,99100,1.00,2.00,3.00,3.00,0.0145,0
2023-05-23 22:14:54,1684894494,14.3,33.4,99100,1.00,2.00,3.00,4.00,0.0117,0
2023-05-23 22:19:55,1684894796,14.1,34.1,99100,1.00,1.00,3.00,4.00,0.00995,0
2023-05-23 22:24:57,1684895098,13.9,34.5,99100,2.00,3.00,5.00,6.00,0.0125,0
2023-05-23 22:29:59,1684895399,13.8,34.4,99100,1e-7,3.00,6.00,8.00,0.0125,0
2023-05-23 22:34:40,1684895681,13.6,34.8,99100,1.00,2.00,3.00,4.00,0.0176,0
2023-05-23 22:39:42,1684895983,13.5,35.1,99100,1.00,3.00,4.00,5.00,0.0176,0
2023-05-23 22:44:44,1684896285,13.4,35.4,99100,1e-7,2.00,3.00,4.00,0.0191,0
2023-05-23 22:49:46,1684896587,13.3,35.3,99100,1e-7,2.00,3.00,4.00,0.0105,0
2023-05-23 22:54:48,1684896889,13.2,35.7,99067,1.00,2.00,3.00,4.00,0.0101,0
2023-05-23 22:59:50,1684897191,13.1,36.3,99020,1.00,3.00,6.00,7.00,0.0133,0
2023-05-23 23:04:52,1684897493,12.9,37.3,99000,2.00,3.00,5.00,6.00,0.0133,0
2023-05-23 23:09:54,1684897794,12.8,37.8,99000,1.00,3.00,5.00,6.00,0.0142,0
2023-05-23 23:14:56,1684898096,12.7,38.3,99000,2.00,4.00,6.00,6.00,0.0123,0
2023-05-23 23:19:58,1684898398,12.6,38.5,99000,1.00,3.00,6.00,7.00,0.0114,0
2023-05-23 23:24:59,1684898700,12.5,38.5,99000,1.00,4.00,8.00,9.00,0.0142,0
2023-05-23 23:29:41,1684898982,12.5,39.2,99000,1.00,2.00,3.00,4.00,0.0121,0
2023-05-23 23:34:43,1684899284,12.4,38.7,99000,1.00,1.00,3.00,4.00,0.0133,0
2023-05-23 23:39:46,1684899586,12.3,39.4,99000,1e-7,3.00,5.00,6.00,0.0144,0
2023-05-23 23:44:48,1684899888,12.3,39.4,99000,1.00,2.00,3.00,4.00,0.0110,0
2023-05-23 23:49:50,1684900191,12.2,39.3,99000,3.00,3.00,3.00,3.00,0.0119,0
2023-05-23 23:54:53,1684900493,12.2,39.3,99000,2.00,4.00,5.00,6.00,0.0123,0
2023-05-23 23:59:55,1684900796,12.1,39.3,99000,1.00,3.00,6.00,7.00,0.0166,0
2023-05-24 00:04:58,1684901098,12.1,39.3,99000,1.00,2.00,3.00,4.00,0.0251,0
2023-05-24 00:09:40,1684901380,12.0,39.7,99000,2.00,2.00,3.00,4.00,0.0224,0
2023-05-24 00:14:42,1684901683,11.9,39.8,99000,1.00,4.00,8.00,9.00,0.0128,0
2023-05-24 00:19:45,1684901985,11.9,40.1,99000,1.00,1.00,2.00,3.00,0.0144,0
2023-05-24 00:24:47,1684902288,11.9,40.5,99000,1.00,4.00,6.00,8.00,0.0166,0
2023-05-24 00:29:50,1684902590,11.8,40.7,99000,2.00,5.00,8.00,10.0,0.0314,0
2023-05-24 00:34:52,1684902893,11.7,40.7,98960,1e-7,2.00,3.00,4.00,0.0314,0
2023-05-24 00:39:55,1684903196,11.7,40.8,98900,2.00,2.00,3.00,4.00,0.0285,0
2023-05-24 00:44:58,1684903498,11.6,40.9,98900,1.00,2.00,3.00,3.00,0.0103,0
2023-05-24 00:49:40,1684903781,11.5,42.2,98900,1.00,3.00,5.00,6.00,0.0107,0
2023-05-24 00:54:43,1684904083,11.4,42.0,98900,2.00,4.00,6.00,7.00,0.0202,0
2023-05-24 00:59:45,1684904386,11.3,42.3,98900,1.00,2.00,3.00,4.00,0.0166,0
2023-05-24 01:04:48,1684904688,11.2,42.6,98900,1.00,2.00,3.00,4.00,0.0110,0
2023-05-24 01:09:51,1684904991,11.2,42.5,98900,1.00,2.00,3.00,4.00,0.0113,0
2023-05-24 01:14:53,1684905294,11.1,42.4,98900,1.00,3.00,5.00,6.00,0.00995,0
2023-05-24 01:19:56,1684905596,11.1,42.7,98900,1.00,3.00,6.00,7.00,0.0169,0
2023-05-24 01:24:58,1684905898,11.0,42.6,98900,1.00,2.00,3.00,4.00,0.0175,0
2023-05-24 01:29:40,1684906180,10.9,42.8,98900,1.00,2.00,4.00,5.00,0.0150,0
2023-05-24 01:34:43,1684906483,10.9,43.2,98900,2.00,3.00,5.00,6.00,0.0150,0
2023-05-24 01:39:45,1684906786,10.8,43.3,98900,1.00,2.00,3.00,4.00,0.0123,0
2023-05-24 01:44:48,1684907088,10.8,43.6,98900,1e-7,1.00,3.00,4.00,0.0117,0
2023-05-24 01:49:50,1684907391,10.7,43.8,98900,1.00,3.00,5.00,6.00,0.00995,0
2023-05-24 01:54:53,1684907693,10.7,44.5,98900,1.00,3.00,3.00,4.00,0.0114,0
2023-05-24 01:59:55,1684907996,10.7,44.7,98900,1.00,5.00,10.0,12.0,0.0213,0
2023-05-24 02:04:58,1684908299,10.9,45.4,98900,2.00,5.00,8.00,9.00,0.0213,0
2023-05-24 02:09:40,1684908581,11.2,45.1,98900,2.00,5.00,8.00,10.0,0.0174,0
2023-05-24 02:14:43,1684908883,11.5,44.4,98900,1.00,3.00,5.00,6.00,0.0257,0
2023-05-24 02:19:45,1684909186,11.9,43.8,98900,2.00,2.00,3.00,4.00,0.0354,0
2023-05-24 02:24:48,1684909488,12.2,43.2,98900,2.00,3.00,5.00,6.00,0.0121,0
2023-05-24 02:29:50,1684909791,12.4,42.0,98873,2.00,2.00,3.00,4.00,0.0104,0
2023-05-24 02:34:52,1684910093,12.6,42.7,98853,1.00,1.00,3.00,4.00,0.0116,0
2023-05-24 02:39:54,1684910395,12.8,42.5,98887,1.00,4.00,7.00,8.00,0.0124,0
2023-05-24 02:44:57,1684910697,12.9,43.1,98833,1.00,4.00,7.00,8.00,0.0264,0
2023-05-24 02:49:59,1684910999,13.0,42.4,98800,2.00,4.00,6.00,8.00,0.0264,0
2023-05-24 02:54:40,1684911281,13.0,42.6,98800,1.00,3.00,5.00,6.00,0.00950,0
2023-05-24 02:59:42,1684911583,13.0,43.2,98800,1.00,3.00,4.00,5.00,0.0179,0
2023-05-24 03:04:44,1684911885,13.1,42.7,98800,1.00,2.00,3.00,4.00,0.0179,0
2023-05-24 03:09:46,1684912187,13.0,42.4,98800,2.00,3.00,5.00,6.00,0.0107,0
2023-05-24 03:14:49,1684912489,12.9,42.8,98800,1.00,3.00,6.00,7.00,0.0133,0
2023-05-24 03:19:51,1684912791,12.8,42.9,98800,1.00,4.00,7.00,8.00,0.0133,0
2023-05-24 03:24:53,1684913093,12.6,42.4,98800,1.00,3.00,6.00,7.00,0.0109,0
2023-05-24 03:29:55,1684913395,12.5,42.7,98800,1.00,2.00,3.00,4.00,0.0102,0
2023-05-24 03:34:57,1684913697,12.3,42.7,98800,1.00,4.00,6.00,8.00,0.0101,0
2023-05-24 03:39:59,1684913999,12.1,42.6,98800,2.00,3.00,4.00,5.00,0.0112,0
2023-05-24 03:44:41,1684914282,12.0,42.0,98800,1.00,3.00,3.00,4.00,0.0106,0
2023-05-24 03:49:44,1684914584,11.9,42.4,98800,1.00,3.00,5.00,6.00,0.0106,0
2023-05-24 03:54:46,1684914886,11.8,43.2,98800,2.00,5.00,7.00,8.00,0.0117,0
2023-05-24 03:59:48,1684915188,11.7,42.8,98800,1.00,1.00,2.00,3.00,0.00985,0
2023-05-24 04:04:50,1684915491,11.6,43.1,98800,2.00,3.00,5.00,6.00,0.0140,0
2023-05-24 04:09:53,1684915793,11.4,43.7,98800,2.00,3.00,5.00,6.00,0.0151,0
2023-05-24 04:14:56,1684916096,11.4,43.9,98800,3.00,4.00,5.00,6.00,0.0125,0
2023-05-24 04:19:58,1684916398,11.4,44.2,98800,2.00,3.00,5.00,6.00,0.0158,0
2023-05-24 04:24:40,1684916681,11.5,44.0,98800,1.00,3.00,5.00,6.00,0.0129,0
2023-05-24 04:29:42,1684916983,11.6,43.8,98800,2.00,4.00,6.00,6.00,0.0129,0
2023-05-24 04:34:45,1684917285,11.7,44.3,98800,1.00,3.00,6.00,8.00,0.0167,0
2023-05-24 04:39:47,1684917587,11.8,44.0,98800,1.00,3.00,4.00,5.00,0.0167,0
2023-05-24 04:44:49,1684917890,11.9,44.3,98800,3.00,5.00,9.00,11.0,0.0165,0
2023-05-24 04:49:51,1684918192,11.9,44.4,98800,2.00,3.00,5.00,6.00,0.0207,0
2023-05-24 04:54:54,1684918494,12.0,43.8,98800,1.00,3.00,5.00,6.00,0.0208,0
2023-05-24 04:59:56,1684918796,12.1,44.0,98800,2.00,3.00,6.00,8.00,0.0129,0
2023-05-24 05:04:58,1684919099,12.2,44.2,98800,2.00,5.00,9.00,11.0,0.0110,0
2023-05-24 05:09:40,1684919381,12.2,44.3,98800,1.00,3.00,4.00,4.00,0.0177,0
2023-05-24 05:14:42,1684919683,12.3,44.0,98800,2.00,3.00,5.00,6.00,0.0177,0
2023-05-24 05:19:45,1684919985,12.4,44.0,98800,1.00,1.00,2.00,3.00,0.0132,0
2023-05-24 05:24:47,1684920287,12.4,43.7,98800,2.00,3.00,6.00,7.00,0.0108,0
2023-05-24 05:29:49,1684920589,12.4,44.0,98800,2.00,4.00,6.00,7.00,0.0149,0
2023-05-24 05:34:51,1684920892,12.5,44.2,98800,2.00,4.00,7.00,9.00,0.0117,0
2023-05-24 05:39:53,1684921194,12.5,44.4,98800,1.00,3.00,6.00,7.00,0.0100,0
2023-05-24 05:44:55,1684921496,12.5,44.5,98800,3.00,3.00,3.00,4.00,0.0130,0
2023-05-24 05:49:58,1684921798,12.6,45.1,98800,1.00,2.00,3.00,4.00,0.0113,0
2023-05-24 05:54:40,1684922080,12.7,45.4,98800,3.00,3.00,3.00,3.00,0.0104,0
2023-05-24 05:59:42,1684922382,12.8,45.3,98800,1.00,3.00,5.00,5.00,0.0107,0
2023-05-24 06:04:44,1684922684,12.9,45.7,98800,1.00,3.00,6.00,8.00,0.0131,0
2023-05-24 06:09:45,1684922986,13.0,45.9,98800,2.00,4.00,6.00,8.00,0.0117,0
2023-05-24 06:14:47,1684923288,13.1,46.8,98800,3.00,7.00,12.0,14.0,0.0133,0
2023-05-24 06:19:49,1684923590,13.1,46.8,98800,2.00,2.00,2.00,3.00,0.0137,0
2023-05-24 06:24:51,1684923892,13.3,46.3,98807,3.00,4.00,7.00,9.00,0.0269,0
2023-05-24 06:29:56,1684924197,13.3,47.6,98825,2.00,4.00,6.00,7.00,0.0260,0
2023-05-24 06:34:57,1684924498,13.4,47.9,98880,1.00,2.00,3.00,4.00,0.0158,0
2023-05-24 06:37:17,1684924637,13.5,47.8,98900,2.00,6.00,9.00,11.0,0.0239,0
2023-05-24 06:44:44,1684925085,13.6,48.4,98900,2.00,3.00,5.00,6.00,0.0256,0
2023-05-24 06:49:46,1684925386,13.6,48.8,98900,2.00,5.00,8.00,10.0,0.0330,0
2023-05-24 06:54:47,1684925688,13.7,48.9,98900,1.00,3.00,5.00,7.00,0.0281,0
2023-05-24 06:59:48,1684925989,13.7,49.2,98900,1.00,3.00,5.00,6.00,0.0201,0
2023-05-24 07:04:49,1684926289,13.8,49.3,98900,2.00,2.00,3.00,4.00,0.0131,0
2023-05-24 07:14:48,1684926889,14.0,50.0,98900,1.00,4.00,6.00,7.00,0.0128,0
2023-05-24 07:17:08,1684927028,14.0,51.0,98900,2.00,2.00,3.00,4.00,0.0115,0
2023-05-24 11:54:41,1684943682,19.9,31.5,99100,1.00,2.00,3.00,4.00,,
2023-05-24 11:56:40,1684943801,20.0,30.6,99100,1e-7,1.00,2.00,3.00,,
2023-05-24 13:29:42,1684949383,20.6,25.1,99100,2.00,4.00,6.00,6.00,,
2023-05-24 13:34:41,1684949681,20.9,25.0,99100,1.00,6.00,10.0,12.0,,
2023-05-24 13:36:21,1684949781,21.2,24.9,99100,1.00,1.00,1.00,1.00,,
2023-05-24 13:49:57,1684950598,22.1,23.1,99100,1e-7,2.00,3.00,4.00,,
2023-05-24 13:51:37,1684950697,22.2,22.8,99100,1.00,2.00,3.00,3.00,,
2023-05-24 14:04:50,1684951490,22.3,21.9,99100,1.00,1.00,2.00,3.00,0.00995,0
2023-05-24 14:07:09,1684951630,22.2,21.8,99100,1e-7,3.00,5.00,6.00,0.00995,0
2023-05-24 14:19:54,1684952395,21.7,22.5,99100,1.00,3.00,5.00,6.00,0.0129,0
2023-05-24 14:22:34,1684952554,21.6,22.3,99100,1e-7,2.00,3.00,4.00,0.0138,0
2023-05-24 14:34:48,1684953288,21.0,22.7,99157,2.00,2.00,3.00,4.00,0.0132,0
2023-05-24 14:37:47,1684953468,20.9,23.1,99189,2.00,2.00,2.00,3.00,0.0115,0
2023-05-24 14:49:42,1684954183,20.7,22.8,99200,1e-7,2.00,3.00,4.00,0.0114,0
2023-05-24 14:53:21,1684954402,20.5,22.8,99200,1.00,1.00,3.00,4.00,0.0117,0
2023-05-24 15:04:48,1684955088,19.8,23.5,99200,2.00,3.00,5.00,6.00,0.00995,0
2023-05-24 15:08:47,1684955328,19.7,24.0,99200,1e-7,1.00,2.00,3.00,0.0101,0
2023-05-24 15:19:43,1684955983,19.5,24.3,99200,1e-7,1.00,1.00,1.00,0.00996,0
2023-05-24 15:24:03,1684956243,19.5,24.2,99200,2.00,3.00,5.00,7.00,0.0105,0
2023-05-24 15:34:58,1684956898,19.1,24.7,99200,1.00,1.00,1.00,2.00,0.0105,0
2023-05-24 15:39:37,1684957178,19.0,24.6,99200,1e-7,2.00,3.00,4.00,0.0122,0
2023-05-24 15:49:45,1684957785,18.8,25.0,99200,1e-7,1.00,1.00,2.00,0.0122,0
2023-05-24 15:54:45,1684958085,18.8,24.7,99200,2.00,3.00,4.00,5.00,0.0122,0
2023-05-24 15:55:05,1684958105,18.8,24.5,99200,1e-7,1e-7,1e-7,1e-7,0.0107,0
2023-05-24 16:09:46,1684958987,18.5,24.7,99200,1.00,1.00,2.00,3.00,0.0111,0
2023-05-24 16:11:45,1684959106,18.5,25.2,99200,1e-7,1e-7,1e-7,1e-7,0.0111,0
2023-05-24 16:19:42,1684959582,18.5,25.5,99200,1.00,2.00,3.00,3.00,0.0108,0
2023-05-24 16:24:41,1684959882,18.7,24.9,99200,1.00,3.00,4.00,4.00,0.0111,0
2023-05-24 16:27:00,1684960021,18.8,25.0,99200,2.00,3.00,3.00,3.00,0.0101,0
2023-05-24 16:34:57,1684960497,18.6,24.7,99200,1e-7,1.00,3.00,4.00,0.0101,0
2023-05-24 16:39:56,1684960796,18.6,24.8,99200,1e-7,2.00,3.00,4.00,0.0101,0
2023-05-24 16:43:15,1684960995,18.4,24.9,99200,1.00,3.00,5.00,6.00,0.0105,0
2023-05-24 16:49:50,1684961391,18.2,24.9,99200,1e-7,2.00,3.00,4.00,0.0116,0
2023-05-24 16:54:50,1684961690,18.2,24.6,99200,2.00,3.00,5.00,6.00,0.0123,0
2023-05-24 16:58:09,1684961889,18.0,25.2,99200,1.00,3.00,3.00,4.00,0.00995,0
2023-05-24 17:04:44,1684962284,17.8,25.0,99200,1.00,1.00,3.00,4.00,0.0115,0
2023-05-24 17:09:44,1684962584,17.6,25.4,99200,2.00,3.00,3.00,4.00,0.0115,0
2023-05-24 17:13:23,1684962804,17.5,25.5,99200,1e-7,3.00,5.00,6.00,0.00995,0
2023-05-24 17:19:41,1684963181,17.3,26.1,99300,1e-7,1e-7,1e-7,1e-7,0.00995,0
2023-05-24 17:24:41,1684963481,17.4,25.9,99300,1.00,3.00,5.00,6.00,0.00995,0
2023-05-24 17:28:01,1684963681,17.3,25.8,99300,2.00,2.00,3.00,4.00,0.0120,0
2023-05-24 17:39:44,1684964384,17.3,26.3,99300,1e-7,2.00,3.00,4.00,0.0120,0
2023-05-24 17:44:43,1684964684,17.3,25.9,99300,1e-7,3.00,5.00,6.00,0.0124,0
2023-05-24 17:49:49,1684964989,17.2,26.0,99300,1e-7,3.00,6.00,8.00,0.00995,0
2023-05-24 17:54:49,1684965289,17.1,25.5,99300,1e-7,1.00,2.00,3.00,0.0155,0
2023-05-24 17:59:49,1684965589,17.0,25.6,99300,1.00,4.00,6.00,7.00,0.0156,0
2023-05-24 18:04:49,1684965889,16.9,26.0,99300,1.00,2.00,3.00,4.00,0.0145,0
2023-05-24 18:09:48,1684966188,16.8,26.1,99300,1.00,1.00,2.00,3.00,0.0136,0
2023-05-24 18:14:48,1684966488,16.9,25.9,99300,1e-7,1.00,2.00,3.00,0.0144,0
2023-05-24 18:19:48,1684966788,16.8,25.9,99300,1e-7,2.00,3.00,4.00,0.00995,0
2023-05-24 18:24:48,1684967088,16.8,26.1,99300,1.00,2.00,3.00,4.00,0.00995,0
2023-05-24 18:29:48,1684967388,16.8,26.4,99300,1e-7,2.00,3.00,4.00,0.00995,0
2023-05-24 18:34:48,1684967688,16.9,26.0,99300,1.00,3.00,6.00,8.00,0.00995,0
2023-05-24 18:39:48,1684967988,17.0,25.9,99300,1.00,3.00,5.00,6.00,0.0108,0
2023-05-24 18:44:48,1684968288,16.9,25.6,99300,1e-7,3.00,5.00,6.00,0.0134,0
2023-05-24 18:49:48,1684968588,16.8,25.7,99300,1e-7,1.00,2.00,3.00,0.0174,0
2023-05-24 18:54:48,1684968888,16.8,25.9,99300,1e-7,2.00,3.00,4.00,0.0128,0
2023-05-24 18:59:48,1684969189,16.8,25.8,99300,1.00,3.00,4.00,5.00,0.0110,0
2023-05-24 19:04:48,1684969488,16.7,26.0,99300,1e-7,2.00,3.00,4.00,0.0105,0
2023-05-24 19:09:48,1684969788,16.6,26.2,99300,1e-7,1.00,3.00,4.00,0.0105,0
2023-05-24 19:14:49,1684970089,16.5,26.6,99300,1e-7,2.00,3.00,4.00,0.0104,0
2023-05-24 19:19:49,1684970389,16.5,26.6,99300,2.00,2.00,3.00,4.00,0.00995,0
2023-05-24 19:24:49,1684970690,16.3,27.2,99300,1e-7,2.00,3.00,4.00,0.00995,0
2023-05-24 19:29:50,1684970990,16.2,27.3,99300,1.00,2.00,3.00,4.00,0.00995,0
2023-05-24 19:34:50,1684971290,16.1,27.6,99300,1e-7,2.00,3.00,4.00,0.00995,0
2023-05-24 19:39:50,1684971591,15.9,28.2,99300,1e-7,2.00,3.00,4.00,0.00995,0
2023-05-24 19:44:51,1684971891,15.8,28.4,99300,1.00,5.00,9.00,12.0,0.0156,0
2023-05-24 19:49:51,1684972191,15.6,29.1,99367,1.00,2.00,3.00,4.00,0.0169,0
2023-05-24 19:54:52,1684972492,15.4,29.2,99353,1.00,1.00,3.00,4.00,0.0175,0
2023-05-24 19:59:52,1684972793,15.2,29.7,99327,1e-7,1.00,3.00,4.00,0.0101,0
2023-05-24 20:04:53,1684973093,14.9,30.5,99367,1.00,2.00,3.00,4.00,0.00995,0
2023-05-24 20:09:54,1684973395,14.6,31.1,99400,1e-7,1.00,2.00,3.00,0.00995,0
2023-05-24 20:14:55,1684973695,14.3,31.5,99400,1e-7,1.00,2.00,3.00,0.00995,0
2023-05-24 20:19:56,1684973996,14.1,32.0,99400,1e-7,1.00,2.00,3.00,0.00995,0
2023-05-24 20:24:57,1684974298,13.8,32.4,99400,1e-7,1.00,3.00,4.00,0.00995,0
2023-05-24 20:29:58,1684974599,13.6,33.1,99400,1e-7,2.00,3.00,4.00,0.00995,0
2023-05-24 20:34:40,1684974880,13.3,33.5,99400,1e-7,1.00,3.00,4.00,0.00995,0
2023-05-24 20:39:41,1684975181,13.1,33.6,99400,1e-7,1.00,3.00,4.00,0.00995,0
2023-05-24 20:44:42,1684975483,12.9,34.9,99400,1e-7,1e-7,1e-7,1e-7,0.00995,0
2023-05-24 20:49:44,1684975784,12.6,35.7,99400,1.00,2.00,3.00,4.00,0.00995,0
2023-05-24 20:54:45,1684976086,12.4,35.4,99400,1e-7,1.00,2.00,3.00,0.00995,0
2023-05-24 20:59:47,1684976387,12.2,36.4,99400,1e-7,2.00,3.00,4.00,0.00995,0
2023-05-24 21:04:49,1684976689,12.0,36.8,99400,1e-7,1e-7,1e-7,1e-7,0.00995,0
2023-05-24 21:09:51,1684976991,11.8,37.2,99400,1e-7,2.00,3.00,4.00,0.00995,0
2023-05-24 21:14:53,1684977293,11.6,37.7,99400,1e-7,1.00,2.00,3.00,0.00995,0
2023-05-24 21:19:54,1684977595,11.5,38.3,99400,1e-7,1.00,2.00,3.00,0.00995,0
2023-05-24 21:24:56,1684977897,11.3,38.9,99400,1e-7,1.00,2.00,3.00,0.00995,0
2023-05-24 21:29:58,1684978199,11.2,39.5,99400,1.00,2.00,3.00,4.00,0.00995,0
2023-05-24 21:34:40,1684978481,11.1,39.8,99400,1e-7,1e-7,1e-7,1e-7,0.00995,0
2023-05-24 21:39:42,1684978783,11.1,40.1,99400,1e-7,2.00,3.00,4.00,0.00995,0
2023-05-24 21:44:44,1684979085,11.1,40.4,99400,1e-7,1.00,2.00,3.00,0.00995,0
2023-05-24 21:49:46,1684979386,11.3,40.2,99400,1e-7,1.00,3.00,4.00,0.00995,0
2023-05-24 21:54:48,1684979688,11.3,39.9,99400,1.00,2.00,3.00,4.00,0.00995,0
2023-05-24 21:59:50,1684979990,11.4,40.1,99400,1e-7,2.00,3.00,4.00,0.00995,0
2023-05-24 22:04:52,1684980292,11.4,40.4,99400,1e-7,2.00,3.00,4.00,0.00995,0
2023-05-24 22:09:53,1684980594,11.4,40.5,99400,1e-7,2.00,3.00,4.00,0.00995,0
2023-05-24 22:14:55,1684980895,11.5,40.6,99400,1e-7,2.00,3.00,4.00,0.00995,0
2023-05-24 22:19:57,1684981197,11.6,40.6,99400,1e-7,2.00,3.00,4.00,0.00995,0
2023-05-24 22:24:59,1684981499,11.7,40.5,99400,1e-7,1.00,3.00,4.00,0.00995,0
2023-05-24 22:29:41,1684981781,11.8,40.5,99400,1e-7,1e-7,1.00,1.00,0.00995,0
2023-05-24 22:34:42,1684982083,11.9,40.7,99400,1e-7,1.00,2.00,3.00,0.00995,0
2023-05-24 22:39:44,1684982385,11.9,40.8,99400,1e-7,1.00,2.00,3.00,0.00995,0
2023-05-24 22:44:46,1684982686,12.0,41.0,99400,1e-7,2.00,3.00,4.00,0.00995,0
2023-05-24 22:49:47,1684982988,12.0,41.0,99400,1.00,1.00,3.00,4.00,0.00995,0
2023-05-24 22:54:49,1684983290,12.0,41.1,99400,1e-7,1e-7,1.00,1.00,0.00995,0
2023-05-24 22:59:51,1684983591,12.0,41.2,99400,1e-7,1.00,3.00,4.00,0.00995,0
2023-05-24 23:04:52,1684983893,12.0,41.0,99400,1e-7,1.00,1.00,2.00,0.00995,0
2023-05-24 23:09:54,1684984194,12.0,41.2,99400,1e-7,1e-7,1e-7,1e-7,0.00995,0
2023-05-24 23:14:56,1684984496,12.0,41.5,99400,1e-7,1e-7,1e-7,1e-7,0.00995,0
2023-05-24 23:19:57,1684984798,12.0,41.6,99400,1e-7,3.00,5.00,6.00,0.0103,0
2023-05-24 23:24:59,1684985099,12.0,41.7,99400,1e-7,2.00,3.00,4.00,0.0107,0
2023-05-24 23:29:40,1684985381,12.0,42.0,99400,1e-7,1.00,2.00,3.00,0.0107,0
2023-05-24 23:34:42,1684985683,11.9,42.1,99400,1e-7,2.00,3.00,4.00,0.00995,0
2023-05-24 23:39:44,1684985984,11.9,42.2,99400,1e-7,2.00,3.00,4.00,0.00995,0
2023-05-24 23:44:46,1684986286,11.9,42.3,99400,1e-7,2.00,3.00,4.00,0.00995,0
2023-05-24 23:49:47,1684986588,11.9,42.4,99400,1e-7,1e-7,1e-7,1e-7,0.00995,0
2023-05-24 23:54:49,1684986889,11.9,42.6,99400,1e-7,1.00,3.00,4.00,0.00995,0
2023-05-24 23:59:51,1684987191,11.8,42.7,99400,1e-7,2.00,3.00,4.00,0.00995,0
2023-05-25 00:04:52,1684987493,11.8,42.8,99400,1e-7,1.00,3.00,4.00,0.00995,0
2023-05-25 00:09:54,1684987795,11.7,42.9,99400,1e-7,1.00,3.00,4.00,0.00995,0
2023-05-25 00:14:56,1684988096,11.6,43.3,99400,1.00,1.00,3.00,4.00,0.00995,0
2023-05-25 00:19:57,1684988398,11.5,43.7,99400,1e-7,1.00,2.00,3.00,0.00995,0
2023-05-25 00:24:59,1684988700,11.4,44.1,99400,1.00,1.00,2.00,3.00,0.00995,0
2023-05-25 00:29:41,1684988982,11.4,44.3,99400,1e-7,1.00,3.00,4.00,0.00995,0
2023-05-25 00:34:43,1684989284,11.3,44.6,99400,1e-7,2.00,3.00,4.00,0.00995,0
2023-05-25 00:39:45,1684989586,11.3,44.6,99400,1e-7,2.00,3.00,4.00,0.00995,0
2023-05-25 00:44:47,1684989887,11.2,44.8,99400,1.00,4.00,7.00,9.00,0.0134,0
2023-05-25 00:49:49,1684990190,11.2,44.9,99400,1e-7,2.00,3.00,4.00,0.0144,0
2023-05-25 00:54:51,1684990491,11.2,44.7,99400,2.00,2.00,2.00,2.00,0.0130,0
2023-05-25 00:59:53,1684990793,11.2,44.8,99400,1e-7,2.00,3.00,4.00,0.0114,0
2023-05-25 01:04:55,1684991095,11.2,44.6,99400,1e-7,2.00,3.00,4.00,0.00995,0
2023-05-25 01:09:57,1684991397,11.2,44.5,99400,1e-7,2.00,3.00,4.00,0.00995,0
2023-05-25 01:14:59,1684991699,11.2,44.3,99400,1e-7,3.00,5.00,6.00,0.0109,0
2023-05-25 01:19:40,1684991981,11.2,44.3,99400,1e-7,2.00,3.00,4.00,0.0115,0
2023-05-25 01:24:42,1684992283,11.2,44.2,99400,1e-7,2.00,3.00,4.00,0.0111,0
2023-05-25 01:29:44,1684992585,11.2,44.3,99400,1.00,2.00,3.00,4.00,0.0111,0
2023-05-25 01:34:46,1684992887,11.3,44.4,99400,1.00,3.00,5.00,6.00,0.00995,0
2023-05-25 01:39:48,1684993188,11.3,44.2,99400,1.00,1.00,3.00,3.00,0.0104,0
2023-05-25 01:44:50,1684993490,11.3,44.1,99400,1.00,2.00,3.00,3.00,0.0114,0
2023-05-25 01:49:52,1684993792,11.3,44.0,99400,1.00,1.00,2.00,3.00,0.0107,0
2023-05-25 01:54:54,1684994094,11.3,44.0,99400,1e-7,2.00,3.00,4.00,0.00995,0
2023-05-25 01:59:55,1684994396,11.3,43.8,99400,1e-7,2.00,3.00,4.00,0.00995,0
2023-05-25 02:04:57,1684994698,11.3,43.8,99400,1e-7,2.00,3.00,4.00,0.00995,0
2023-05-25 02:09:59,1684995000,11.3,43.7,99333,1.00,3.00,5.00,6.00,0.00995,0
2023-05-25 02:14:43,1684995283,11.4,43.4,99300,1e-7,2.00,3.00,4.00,0.0118,0
2023-05-25 02:19:45,1684995585,11.4,43.3,99320,1.00,2.00,3.00,4.00,0.0129,0
2023-05-25 02:24:46,1684995887,11.4,42.9,99400,2.00,4.00,6.00,7.00,0.0144,0
2023-05-25 02:29:48,1684996189,11.5,42.7,99387,1.00,2.00,3.00,4.00,0.0154,0
2023-05-25 02:34:50,1684996490,11.5,42.6,99400,1.00,2.00,3.00,4.00,0.0110,0
2023-05-25 02:39:52,1684996792,11.5,42.3,99400,1.00,3.00,6.00,8.00,0.0110,0
2023-05-25 02:44:54,1684997094,11.5,42.3,99367,2.00,4.00,6.00,7.00,0.0302,0
2023-05-25 02:49:55,1684997396,11.5,42.2,99380,1.00,4.00,6.00,7.00,0.0302,0
2023-05-25 02:54:57,1684997698,11.5,42.0,99347,1.00,2.00,3.00,4.00,0.0133,0
2023-05-25 02:59:59,1684997999,11.5,42.0,99387,2.00,3.00,5.00,6.00,0.0110,0
2023-05-25 03:04:41,1684998281,11.5,42.0,99357,1.00,2.00,4.00,4.00,0.0132,0
2023-05-25 03:09:43,1684998583,11.5,41.9,99367,1.00,4.00,7.00,8.00,0.0146,0
2023-05-25 03:14:44,1684998885,11.5,41.8,99367,2.00,2.00,3.00,4.00,0.0136,0
2023-05-25 03:19:46,1684999187,11.5,41.7,99347,1.00,3.00,5.00,6.00,0.0119,0
2023-05-25 03:24:48,1684999488,11.5,41.5,99360,1.00,2.00,3.00,3.00,0.0118,0
2023-05-25 03:29:50,1684999790,11.5,41.5,99353,2.00,2.00,3.00,3.00,0.0122,0
2023-05-25 03:34:51,1685000092,11.5,41.5,99400,2.00,5.00,10.0,12.0,0.0192,0
2023-05-25 03:39:53,1685000393,11.5,41.6,99380,1.00,3.00,5.00,6.00,0.0192,0
2023-05-25 03:44:55,1685000695,11.4,41.5,99400,1.00,2.00,3.00,4.00,0.0124,0
2023-05-25 03:49:56,1685000997,11.5,41.4,99400,2.00,6.00,10.0,12.0,0.0116,0
2023-05-25 03:54:58,1685001299,11.4,41.5,99400,1e-7,1.00,2.00,3.00,0.0174,0
2023-05-25 03:59:40,1685001580,11.4,41.3,99400,2.00,4.00,8.00,9.00,0.0199,0
2023-05-25 04:04:42,1685001882,11.4,41.1,99400,1.00,3.00,6.00,8.00,0.0397,0
2023-05-25 04:09:44,1685002184,11.3,41.5,99400,1.00,4.00,6.00,7.00,0.0185,0
2023-05-25 04:14:46,1685002486,11.3,41.4,99400,2.00,3.00,4.00,4.00,0.0289,0
2023-05-25 04:19:47,1685002788,11.2,41.5,99400,1e-7,1.00,3.00,4.00,0.0289,0
2023-05-25 04:24:50,1685003090,11.1,41.6,99400,1.00,2.00,3.00,4.00,0.0103,0
2023-05-25 04:29:52,1685003392,11.0,41.7,99400,1.00,3.00,5.00,6.00,0.0142,0
2023-05-25 04:34:54,1685003694,10.9,41.8,99400,2.00,3.00,3.00,4.00,0.0132,0
2023-05-25 04:39:56,1685003996,10.8,42.0,99400,1.00,2.00,3.00,4.00,0.0116,0
2023-05-25 04:44:58,1685004298,10.8,42.1,99400,1.00,2.00,3.00,4.00,0.0100,0
2023-05-25 04:49:40,1685004580,10.7,42.3,99400,2.00,2.00,3.00,3.00,0.00995,0
2023-05-25 04:54:42,1685004882,10.6,42.4,99400,2.00,3.00,5.00,6.00,0.0107,0
2023-05-25 04:59:44,1685005185,10.5,42.4,99400,1e-7,3.00,6.00,7.00,0.0122,0
2023-05-25 05:04:46,1685005487,10.4,42.6,99400,1.00,5.00,8.00,9.00,0.0154,0
2023-05-25 05:09:48,1685005789,10.3,42.7,99400,1.00,2.00,3.00,4.00,0.0162,0
2023-05-25 05:14:51,1685006091,10.2,42.8,99400,1.00,1.00,2.00,3.00,0.0134,0
2023-05-25 05:19:53,1685006393,10.1,42.9,99400,2.00,3.00,4.00,5.00,0.0115,0
2023-05-25 05:24:55,1685006695,10.0,43.1,99400,1.00,4.00,7.00,8.00,0.0242,0
2023-05-25 05:29:57,1685006998,9.95,43.3,99400,1.00,4.00,6.00,7.00,0.0193,0
2023-05-25 05:34:40,1685007280,9.90,43.4,99486,1.00,3.00,5.00,5.00,0.0142,0
2023-05-25 05:39:42,1685007583,9.89,43.2,99460,1.00,3.00,5.00,6.00,0.0144,0
2023-05-25 05:42:43,1685007764,9.92,43.3,99400,1e-7,3.00,5.00,6.00,0.0112,0
2023-05-25 09:04:57,1685019898,26.1,16.0,99600,1.00,2.00,3.00,4.00,,
2023-05-25 09:09:52,1685020193,26.2,16.0,99593,1.00,5.00,9.00,11.0,,
2023-05-25 09:14:28,1685020468,26.4,15.9,99550,1.00,3.00,5.00,6.00,,
2023-05-25 09:16:23,1685020584,26.5,16.4,99550,1e-7,1.00,3.00,3.00,0.0107,0
2023-05-25 09:21:14,1685020874,27.0,15.0,99500,1e-7,2.00,3.00,4.00,0.0102,0
2023-05-25 10:34:58,1685025299,27.3,12.7,99500,1e-7,2.00,3.00,4.00,,
2023-05-25 10:39:54,1685025594,27.7,11.9,99500,1.00,6.00,11.0,13.0,,
2023-05-25 10:44:50,1685025890,27.3,11.2,99500,1.00,3.00,5.00,6.00,,
2023-05-25 10:45:09,1685025910,27.0,11.4,99500,1e-7,1e-7,1.00,1.00,,
2023-05-25 10:59:59,1685026800,27.1,11.1,99500,1.00,2.00,3.00,4.00,0.0138,0
2023-05-25 11:02:17,1685026937,26.9,11.7,99500,2.00,3.00,4.00,4.00,0.0133,0
2023-05-25 11:09:41,1685027382,27.3,11.5,99500,2.00,2.00,3.00,4.00,0.0133,0
2023-05-25 11:14:57,1685027697,27.5,11.2,99500,1.00,3.00,6.00,8.00,0.0102,0
2023-05-25 11:17:34,1685027855,27.7,11.4,99500,2.00,2.00,3.00,4.00,0.0110,0
2023-05-25 11:29:55,1685028596,26.9,10.2,99500,1.00,4.00,7.00,8.00,0.0113,0
2023-05-25 11:32:52,1685028773,26.7,10.8,99500,1.00,2.00,4.00,4.00,0.0115,0
2023-05-25 11:39:59,1685029200,27.2,11.3,99500,2.00,5.00,7.00,8.00,0.0114,0
2023-05-25 11:44:55,1685029496,27.4,10.8,99493,1.00,5.00,7.00,8.00,0.0145,0
2023-05-25 11:47:13,1685029634,27.6,10.9,99400,1.00,2.00,3.00,4.00,0.0145,0
2023-05-25 11:54:47,1685030088,27.7,10.3,99500,1.00,1.00,3.00,4.00,0.0111,0
2023-05-25 11:59:43,1685030384,27.7,10.5,99493,1.00,2.00,3.00,4.00,0.0162,0
2023-05-25 12:02:01,1685030522,28.0,10.7,99400,1.00,3.00,5.00,6.00,0.0144,0
2023-05-25 12:09:55,1685030995,27.7,10.0,99400,1.00,2.00,2.00,3.00,0.0131,0
2023-05-25 12:14:50,1685031291,27.5,10.2,99400,2.00,2.00,3.00,4.00,0.0132,0
2023-05-25 12:18:47,1685031528,27.4,10.4,99400,1.00,3.00,4.00,5.00,0.0123,0
2023-05-25 12:24:45,1685031885,27.9,10.5,99400,1.00,3.00,4.00,4.00,0.0117,0
2023-05-25 12:29:40,1685032181,27.8,10.1,99400,1.00,3.00,5.00,6.00,0.0117,0
2023-05-25 12:32:57,1685032378,27.5,10.1,99400,2.00,2.00,3.00,4.00,0.0107,0
2023-05-25 12:39:51,1685032791,27.4,10.2,99400,1.00,1.00,1.00,1.00,0.0108,0
2023-05-25 12:44:47,1685033087,27.3,10.4,99400,2.00,2.00,3.00,4.00,0.0124,0
2023-05-25 12:49:03,1685033344,27.3,10.5,99400,1.00,2.00,3.00,3.00,0.0114,0
2023-05-25 12:59:56,1685033997,27.8,10.7,99400,2.00,3.00,4.00,4.00,0.0114,0
2023-05-25 13:03:34,1685034214,27.4,10.4,99400,1.00,2.00,3.00,4.00,0.00995,0
2023-05-25 13:14:59,1685034900,26.8,10.7,99400,1e-7,3.00,6.00,7.00,0.00995,0
2023-05-25 13:19:55,1685035195,26.5,10.9,99400,2.00,4.00,7.00,9.00,0.0266,0
2023-05-25 13:29:46,1685035787,26.1,11.5,99400,2.00,3.00,5.00,6.00,0.0266,0
2023-05-25 13:34:03,1685036044,26.4,11.4,99400,2.00,3.00,4.00,5.00,0.0246,0
2023-05-25 13:44:56,1685036696,26.8,11.2,99400,1.00,1.00,2.00,3.00,0.0122,0
2023-05-25 13:49:32,1685036973,27.0,10.8,99400,2.00,3.00,4.00,5.00,0.0117,0
2023-05-25 13:59:42,1685037582,26.8,10.6,99400,1.00,3.00,5.00,6.00,0.0102,0
2023-05-25 14:04:58,1685037899,26.7,11.3,99400,2.00,3.00,3.00,4.00,0.0115,0
2023-05-25 14:05:18,1685037918,26.7,11.2,99400,1e-7,1e-7,1e-7,1e-7,0.0107,0
2023-05-25 14:14:49,1685038489,26.4,11.3,99400,2.00,3.00,4.00,4.00,0.0115,0
2023-05-25 14:19:45,1685038786,26.0,11.8,99400,1.00,3.00,6.00,7.00,0.0122,0
2023-05-25 14:21:24,1685038884,26.0,11.5,99400,1.00,2.00,3.00,3.00,0.0145,0
2023-05-25 14:29:57,1685039397,26.6,11.1,99400,1.00,3.00,5.00,6.00,0.0145,0
2023-05-25 14:34:53,1685039694,26.5,11.2,99400,1.00,4.00,6.00,7.00,0.0121,0
2023-05-25 14:36:51,1685039812,26.2,11.6,99400,1.00,2.00,3.00,3.00,0.0117,0
2023-05-25 14:44:57,1685040297,25.9,12.0,99400,1.00,2.00,3.00,4.00,0.0105,0
2023-05-25 14:49:54,1685040594,25.9,11.9,99400,2.00,4.00,7.00,8.00,0.0107,0
2023-05-25 14:52:11,1685040732,25.9,12.1,99400,2.00,2.00,2.00,3.00,0.0121,0
2023-05-25 14:59:43,1685041183,25.9,11.9,99400,3.00,3.00,3.00,3.00,0.0121,0
2023-05-25 15:04:59,1685041500,25.9,12.0,99400,1.00,5.00,7.00,9.00,0.0128,0
2023-05-25 15:06:19,1685041579,26.0,11.9,99400,1.00,3.00,5.00,6.00,0.0101,0
2023-05-25 15:14:51,1685042092,25.8,12.2,99400,1.00,2.00,3.00,4.00,0.0142,0
2023-05-25 15:19:48,1685042389,25.8,12.2,99400,2.00,3.00,5.00,6.00,0.0173,0
2023-05-25 15:22:46,1685042566,25.9,12.1,99400,2.00,5.00,6.00,7.00,0.0125,0
2023-05-25 15:29:40,1685042980,25.5,12.6,99400,1.00,1.00,2.00,3.00,0.0125,0
2023-05-25 15:34:57,1685043297,25.3,11.9,99400,1.00,2.00,3.00,3.00,0.0181,0
2023-05-25 15:38:14,1685043495,24.9,12.0,99400,1.00,1.00,2.00,2.00,0.0173,0
2023-05-25 15:44:51,1685043891,25.3,12.1,99400,1.00,4.00,6.00,7.00,0.0116,0
2023-05-25 15:49:48,1685044188,25.3,12.1,99400,3.00,3.00,3.00,4.00,0.0153,0
2023-05-25 15:52:26,1685044347,25.2,12.1,99400,1.00,3.00,3.00,4.00,0.0167,0
2023-05-25 15:59:59,1685044800,24.6,12.7,99400,2.00,2.00,3.00,4.00,0.0103,0
2023-05-25 16:04:57,1685045097,24.5,12.8,99400,1.00,4.00,7.00,8.00,0.0139,0
2023-05-25 16:07:36,1685045256,24.4,13.2,99400,1.00,5.00,8.00,10.0,0.0217,0
2023-05-25 16:19:43,1685045983,23.6,13.3,99400,1e-7,1e-7,1.00,1.00,0.0217,0
2023-05-25 16:23:21,1685046201,23.6,13.2,99400,1.00,1.00,2.00,3.00,0.0201,0
2023-05-25 16:29:46,1685046586,23.4,12.9,99400,1.00,2.00,4.00,5.00,0.0297,0
2023-05-25 16:34:43,1685046884,23.3,13.1,99400,2.00,3.00,4.00,5.00,0.0280,0
2023-05-25 16:39:41,1685047182,23.4,13.3,99400,1.00,3.00,5.00,6.00,0.0106,0
2023-05-25 16:44:59,1685047500,23.4,13.4,99400,2.00,2.00,3.00,3.00,0.0112,0
2023-05-25 16:49:57,1685047798,23.3,13.2,99400,2.00,3.00,6.00,7.00,0.0108,0
2023-05-25 16:54:55,1685048096,22.9,13.3,99400,2.00,5.00,7.00,9.00,0.0138,0
2023-05-25 16:59:53,1685048394,22.6,14.0,99400,1.00,3.00,5.00,7.00,0.0167,0
2023-05-25 17:04:52,1685048692,22.4,14.1,99400,2.00,3.00,3.00,3.00,0.0139,0
2023-05-25 17:09:50,1685048991,22.2,14.4,99400,1.00,2.00,3.00,4.00,0.0135,0
2023-05-25 17:14:48,1685049289,21.9,14.3,99400,1e-7,2.00,3.00,4.00,0.0104,0
2023-05-25 17:19:47,1685049587,21.8,14.4,99400,1.00,3.00,5.00,6.00,0.00995,0
2023-05-25 17:24:46,1685049887,21.7,14.4,99400,1.00,2.00,4.00,5.00,0.0125,0
2023-05-25 17:29:45,1685050185,21.5,14.6,99400,1.00,2.00,3.00,4.00,0.0124,0
2023-05-25 17:34:44,1685050484,21.4,15.0,99400,2.00,3.00,4.00,5.00,0.0115,0
2023-05-25 17:39:42,1685050783,21.5,15.0,99400,2.00,3.00,6.00,8.00,0.0150,0
2023-05-25 17:44:41,1685051082,21.6,15.2,99400,1.00,1.00,2.00,3.00,0.0159,0
2023-05-25 17:49:40,1685051380,21.7,14.8,99400,2.00,4.00,7.00,9.00,0.0148,0
2023-05-25 17:54:59,1685051699,21.6,14.9,99400,1.00,9.00,16.0,19.0,0.0467,0
2023-05-25 17:59:57,1685051998,21.6,14.9,99400,1.00,3.00,6.00,8.00,0.0296,0
2023-05-25 18:04:56,1685052297,21.5,14.8,99400,1.00,3.00,5.00,6.00,0.0102,0
2023-05-25 18:09:55,1685052595,21.4,14.9,99400,1.00,3.00,4.00,4.00,0.0129,0
2023-05-25 18:14:54,1685052894,21.2,14.9,99400,2.00,4.00,6.00,7.00,0.0119,0
2023-05-25 18:19:53,1685053194,21.0,15.1,99400,2.00,2.00,2.00,3.00,0.0175,0
2023-05-25 18:24:52,1685053493,20.8,15.4,99400,2.00,4.00,8.00,9.00,0.0163,0
2023-05-25 18:29:51,1685053792,20.6,15.4,99400,2.00,2.00,2.00,3.00,0.0174,0
2023-05-25 18:34:50,1685054091,20.4,15.8,99400,2.00,2.00,2.00,3.00,0.0170,0
2023-05-25 18:39:50,1685054390,20.2,17.1,99420,1.00,2.00,4.00,5.00,0.0157,0
2023-05-25 18:44:49,1685054690,19.9,19.6,99400,1.00,2.00,3.00,4.00,0.0103,0
2023-05-25 18:49:48,1685054989,19.7,20.2,99460,1.00,3.00,5.00,5.00,0.0103,0
2023-05-25 18:54:48,1685055288,19.5,21.3,99500,1.00,2.00,3.00,4.00,0.0103,0
2023-05-25 18:59:47,1685055588,19.3,21.8,99500,1e-7,3.00,6.00,7.00,0.0133,0
2023-05-25 19:04:47,1685055887,19.0,22.2,99500,1.00,3.00,5.00,6.00,0.0133,0
2023-05-25 19:09:46,1685056187,18.7,22.6,99500,3.00,3.00,5.00,6.00,0.0120,0
2023-05-25 19:14:46,1685056487,18.3,22.7,99500,1e-7,2.00,3.00,4.00,0.0107,0
2023-05-25 19:19:46,1685056787,17.9,22.7,99500,1.00,3.00,4.00,5.00,0.0103,0
2023-05-25 19:24:46,1685057087,17.5,23.1,99500,1.00,2.00,3.00,4.00,0.0103,0
2023-05-25 19:29:46,1685057387,17.0,23.1,99500,1.00,5.00,9.00,12.0,0.0165,0
2023-05-25 19:34:46,1685057687,16.6,23.6,99500,1e-7,3.00,5.00,6.00,0.0166,0
2023-05-25 19:39:47,1685057987,16.2,24.3,99533,1e-7,1.00,3.00,4.00,0.0155,0
2023-05-25 19:44:47,1685058288,15.8,24.8,99540,1.00,4.00,7.00,8.00,0.0116,0
2023-05-25 19:49:48,1685058589,15.5,25.5,99600,2.00,2.00,3.00,4.00,0.0186,0
2023-05-25 19:54:49,1685058889,15.2,26.0,99600,1e-7,1.00,2.00,3.00,0.0174,0
2023-05-25 19:59:49,1685059190,14.9,26.2,99600,4.00,4.00,6.00,8.00,0.0182,0
2023-05-25 20:04:50,1685059490,14.7,26.7,99600,1.00,3.00,6.00,7.00,0.0233,0
2023-05-25 20:09:51,1685059791,14.5,26.9,99600,1.00,2.00,3.00,4.00,0.0236,0
2023-05-25 20:14:52,1685060092,14.3,27.4,99600,1e-7,2.00,3.00,4.00,0.0195,0
2023-05-25 20:19:51,1685060392,14.1,27.8,99600,2.00,2.00,3.00,4.00,0.00995,0
2023-05-25 20:24:53,1685060693,13.8,28.3,99600,1e-7,2.00,3.00,4.00,0.00995,0
2023-05-25 20:29:54,1685060994,13.5,28.5,99600,1e-7,2.00,3.00,4.00,0.00995,0
2023-05-25 20:34:55,1685061295,13.3,29.4,99600,2.00,3.00,4.00,5.00,0.0110,0
2023-05-25 20:39:56,1685061597,13.0,29.8,99600,1.00,1.00,3.00,4.00,0.0110,0
2023-05-25 20:44:58,1685061898,12.7,30.9,99600,1.00,2.00,4.00,4.00,0.0107,0
2023-05-25 20:49:39,1685062180,12.4,31.4,99600,2.00,3.00,4.00,4.00,0.0101,0
2023-05-25 20:54:41,1685062482,12.2,31.2,99600,1.00,3.00,5.00,6.00,0.0102,0
2023-05-25 20:59:43,1685062783,12.0,31.5,99600,1.00,2.00,3.00,4.00,0.0103,0
2023-05-25 21:04:45,1685063085,11.9,32.5,99600,1e-7,1.00,3.00,4.00,0.0115,0
2023-05-25 21:09:47,1685063387,11.7,32.7,99620,1.00,4.00,6.00,8.00,0.0116,0
2023-05-25 21:14:48,1685063689,11.6,32.9,99700,1.00,3.00,4.00,5.00,0.0144,0
2023-05-25 21:19:50,1685063991,11.6,33.4,99700,1e-7,2.00,3.00,4.00,0.0144,0
2023-05-25 21:24:52,1685064293,11.6,34.3,99700,1e-7,4.00,7.00,8.00,0.0120,0
2023-05-25 21:29:54,1685064595,11.5,33.9,99700,2.00,2.00,3.00,4.00,0.0120,0
2023-05-25 21:34:56,1685064896,11.5,34.1,99700,1e-7,1.00,2.00,3.00,0.0120,0
2023-05-25 21:39:58,1685065198,11.5,34.5,99700,1e-7,3.00,6.00,7.00,0.0110,0
2023-05-25 21:44:59,1685065500,11.4,35.0,99700,1.00,3.00,5.00,6.00,0.0170,0
2023-05-25 21:49:41,1685065782,11.4,35.4,99700,1.00,2.00,3.00,4.00,0.0133,0
2023-05-25 21:54:43,1685066084,11.3,35.5,99700,2.00,2.00,3.00,4.00,0.0126,0
2023-05-25 21:59:45,1685066385,11.3,35.8,99700,1e-7,5.00,9.00,12.0,0.0113,0
2023-05-25 22:04:47,1685066687,11.2,36.3,99700,1.00,1.00,3.00,4.00,0.0144,0
2023-05-25 22:09:49,1685066989,11.2,37.0,99700,1.00,4.00,6.00,7.00,0.0144,0
2023-05-25 22:14:51,1685067291,11.1,36.9,99700,1e-7,4.00,6.00,8.00,0.0138,0
2023-05-25 22:19:51,1685067591,11.1,36.7,99700,1.00,2.00,3.00,4.00,0.0138,0
2023-05-25 22:24:53,1685067893,11.0,36.9,99700,1e-7,4.00,7.00,8.00,0.0124,0
2023-05-25 22:29:55,1685068195,11.0,37.1,99700,1.00,3.00,5.00,6.00,0.0115,0
2023-05-25 22:34:56,1685068497,10.9,38.1,99700,2.00,6.00,9.00,11.0,0.0126,0
2023-05-25 22:39:58,1685068799,10.7,38.2,99700,1.00,3.00,5.00,6.00,0.0184,0
2023-05-25 22:44:40,1685069081,10.6,38.5,99700,1.00,2.00,3.00,4.00,0.0249,0
2023-05-25 22:49:43,1685069383,10.4,38.8,99700,1.00,3.00,5.00,6.00,0.0235,0
2023-05-25 22:54:45,1685069685,10.2,39.1,99700,2.00,4.00,7.00,8.00,0.0163,0
2023-05-25 22:59:47,1685069988,10.0,39.4,99700,1.00,3.00,5.00,6.00,0.0162,0
2023-05-25 23:04:49,1685070290,9.86,39.7,99700,1.00,1.00,2.00,3.00,0.0178,0
2023-05-25 23:09:51,1685070592,9.86,40.1,99700,1e-7,2.00,3.00,4.00,0.0178,0
2023-05-25 23:14:54,1685070894,9.88,40.1,99700,1e-7,3.00,5.00,6.00,0.0110,0
2023-05-25 23:19:56,1685071197,9.90,40.6,99700,1.00,3.00,6.00,8.00,0.0132,0
2023-05-25 23:24:58,1685071499,9.93,40.7,99700,1.00,2.00,3.00,4.00,0.0118,0
2023-05-25 23:29:41,1685071781,9.96,40.9,99700,1e-7,1.00,3.00,4.00,0.0137,0
2023-05-25 23:34:43,1685072083,9.95,40.9,99700,1.00,2.00,3.00,4.00,0.0128,0
2023-05-25 23:39:45,1685072386,9.91,41.1,99700,1.00,3.00,5.00,6.00,0.0128,0
2023-05-25 23:44:47,1685072688,9.83,41.3,99700,1.00,4.00,6.00,7.00,0.0170,0
2023-05-25 23:49:50,1685072990,9.67,41.7,99700,1.00,2.00,3.00,4.00,0.0155,0
2023-05-25 23:54:52,1685073293,9.47,41.1,99700,1.00,2.00,3.00,4.00,0.0143,0
2023-05-25 23:59:55,1685073595,9.26,41.4,99700,1.00,2.00,3.00,4.00,0.0107,0
2023-05-26 00:04:57,1685073898,9.04,42.0,99700,1.00,2.00,3.00,4.00,0.00995,0
2023-05-26 00:09:40,1685074180,8.83,42.4,99700,1.00,3.00,5.00,6.00,0.0106,0
2023-05-26 00:14:43,1685074483,8.63,42.4,99700,2.00,2.00,3.00,4.00,0.0108,0
2023-05-26 00:19:47,1685074787,8.46,42.5,99700,1e-7,3.00,5.00,6.00,0.0112,0
2023-05-26 00:24:50,1685075090,8.28,43.2,99700,1.00,2.00,3.00,4.00,0.0112,0
2023-05-26 00:29:53,1685075393,8.09,43.8,99700,1.00,1.00,2.00,3.00,0.0106,0
2023-05-26 00:34:55,1685075696,7.93,44.0,99700,1e-7,2.00,3.00,4.00,0.00995,0
2023-05-26 00:39:58,1685075998,7.74,44.7,99700,1.00,2.00,3.00,3.00,0.00995,0
2023-05-26 00:44:41,1685076281,7.58,44.5,99700,1e-7,2.00,3.00,4.00,0.00995,0
2023-05-26 00:49:44,1685076584,7.47,44.6,99727,1.00,3.00,6.00,7.00,0.0100,0
2023-05-26 00:54:46,1685076887,7.37,44.5,99700,1e-7,1.00,3.00,4.00,0.0121,0
2023-05-26 00:59:49,1685077190,7.26,44.9,99700,1e-7,2.00,3.00,4.00,0.0161,0
2023-05-26 01:04:53,1685077493,7.13,45.4,99700,1.00,2.00,3.00,4.00,0.0123,0
2023-05-26 01:09:56,1685077796,7.01,45.6,99700,2.00,2.00,3.00,4.00,0.00995,0
2023-05-26 01:14:59,1685078100,6.89,46.0,99700,2.00,2.00,2.00,3.00,0.00995,0
2023-05-26 01:19:42,1685078382,6.79,46.1,99700,1.00,4.00,7.00,8.00,0.00995,0
2023-05-26 01:24:45,1685078686,6.69,46.8,99700,1e-7,2.00,3.00,4.00,0.0138,0
2023-05-26 01:29:48,1685078989,6.60,47.8,99700,1.00,3.00,5.00,6.00,0.0161,0
2023-05-26 01:34:52,1685079292,6.50,47.9,99700,1.00,1.00,2.00,3.00,0.0113,0
2023-05-26 01:39:55,1685079595,6.46,47.7,99700,1.00,2.00,3.00,4.00,0.0173,0
2023-05-26 01:44:58,1685079898,6.44,47.3,99700,1.00,2.00,3.00,4.00,0.0123,0
2023-05-26 01:49:41,1685080181,6.37,48.9,99700,1.00,3.00,5.00,6.00,0.0108,0
2023-05-26 01:54:44,1685080485,6.29,48.8,99700,1.00,3.00,6.00,7.00,0.0115,0
2023-05-26 01:59:47,1685080788,6.22,49.4,99700,1.00,3.00,5.00,6.00,0.0145,0
2023-05-26 02:04:50,1685081091,6.16,48.5,99700,1.00,2.00,3.00,3.00,0.0188,0
2023-05-26 02:09:54,1685081394,6.12,48.1,99700,1e-7,3.00,5.00,6.00,0.0167,0
2023-05-26 02:14:57,1685081697,6.06,48.0,99700,2.00,3.00,3.00,4.00,0.0112,0
2023-05-26 02:19:40,1685081981,5.98,49.5,99700,3.00,5.00,6.00,6.00,0.0108,0
2023-05-26 02:24:44,1685082284,5.88,50.2,99700,1.00,3.00,4.00,5.00,0.0123,0
2023-05-26 02:29:47,1685082588,5.81,50.8,99700,2.00,7.00,13.0,15.0,0.0130,0
2023-05-26 02:34:51,1685082891,5.77,50.4,99707,1.00,2.00,3.00,4.00,0.0133,0
2023-05-26 02:39:55,1685083195,5.78,49.4,99733,1e-7,4.00,7.00,8.00,0.0203,0
2023-05-26 02:44:58,1685083498,5.78,48.6,99700,1.00,1.00,3.00,4.00,0.0150,0
2023-05-26 02:49:41,1685083781,5.74,48.8,99700,2.00,2.00,3.00,4.00,0.0169,0
2023-05-26 02:54:45,1685084085,5.64,49.7,99700,1.00,4.00,7.00,9.00,0.0168,0
2023-05-26 02:59:48,1685084389,5.52,50.1,99700,1.00,3.00,5.00,6.00,0.0179,0
2023-05-26 03:04:51,1685084692,5.47,49.5,99700,2.00,3.00,5.00,6.00,0.0232,0
2023-05-26 03:09:55,1685084995,5.45,48.9,99700,1.00,2.00,3.00,4.00,0.0232,0
2023-05-26 03:14:59,1685085299,5.39,49.2,99700,1.00,3.00,5.00,6.00,0.0122,0
2023-05-26 03:19:42,1685085583,5.32,48.8,99700,1e-7,2.00,3.00,4.00,0.0105,0
2023-05-26 03:24:46,1685085887,5.27,48.8,99720,2.00,3.00,5.00,6.00,0.0122,0
2023-05-26 03:29:50,1685086190,5.22,48.6,99700,1.00,2.00,3.00,4.00,0.0117,0
2023-05-26 03:34:54,1685086494,5.18,49.2,99700,1.00,1.00,2.00,3.00,0.0115,0
2023-05-26 03:39:57,1685086798,5.11,49.7,99700,1.00,3.00,4.00,5.00,0.0118,0
2023-05-26 03:44:40,1685087081,5.06,50.0,99700,1.00,6.00,10.0,12.0,0.0241,0
2023-05-26 03:49:44,1685087384,5.05,50.0,99700,1.00,2.00,3.00,4.00,0.0206,0
2023-05-26 03:54:48,1685087688,5.09,49.7,99700,1.00,2.00,3.00,4.00,0.0196,0
2023-05-26 03:59:51,1685087992,5.14,49.8,99700,2.00,3.00,5.00,6.00,0.0162,0
2023-05-26 04:04:55,1685088295,5.16,49.7,99700,2.00,4.00,7.00,8.00,0.0166,0
2023-05-26 04:09:58,1685088599,5.15,49.7,99700,1.00,3.00,4.00,5.00,0.0138,0
2023-05-26 04:14:42,1685088882,5.14,49.6,99700,1.00,3.00,4.00,4.00,0.0124,0
2023-05-26 04:19:45,1685089186,5.11,49.6,99733,1.00,3.00,3.00,4.00,0.0101,0
2023-05-26 04:24:49,1685089489,5.05,49.5,99767,1.00,3.00,5.00,6.00,0.0108,0
2023-05-26 04:29:53,1685089793,5.02,49.2,99800,1e-7,2.00,3.00,4.00,0.0116,0
2023-05-26 04:34:57,1685090098,4.99,49.2,99800,1e-7,2.00,3.00,4.00,0.0120,0
2023-05-26 04:39:42,1685090383,4.95,49.0,99800,1.00,3.00,5.00,6.00,0.0117,0
2023-05-26 04:44:47,1685090687,4.92,49.2,99800,1.00,3.00,5.00,6.00,0.0117,0
2023-05-26 04:49:50,1685090991,4.85,49.5,99800,1.00,3.00,5.00,6.00,0.0118,0
2023-05-26 04:54:54,1685091295,4.78,49.6,99800,2.00,2.00,2.00,3.00,0.0124,0
2023-05-26 04:59:58,1685091598,4.76,50.2,99800,1.00,2.00,3.00,3.00,0.0147,0
2023-05-26 05:04:41,1685091882,4.73,51.0,99800,1.00,4.00,8.00,9.00,0.0221,0
2023-05-26 05:09:45,1685092186,4.73,50.8,99800,4.00,4.00,5.00,6.00,0.0221,0
2023-05-26 05:14:49,1685092490,4.77,51.1,99800,1e-7,2.00,3.00,4.00,0.0111,0
2023-05-26 05:19:53,1685092794,4.83,50.7,99800,2.00,4.00,6.00,8.00,0.0148,0
2023-05-26 05:24:57,1685093098,4.87,50.8,99800,1e-7,2.00,3.00,4.00,0.0237,0
2023-05-26 05:29:41,1685093381,4.90,50.4,99800,1e-7,3.00,5.00,7.00,0.0183,0
2023-05-26 05:34:45,1685093685,4.94,50.6,99800,1.00,2.00,3.00,4.00,0.0194,0
2023-05-26 05:39:49,1685093989,4.98,50.6,99800,1.00,2.00,3.00,4.00,0.0119,0
2023-05-26 05:44:52,1685094293,5.00,50.5,99800,1.00,2.00,3.00,4.00,0.0118,0
2023-05-26 05:49:56,1685094596,5.05,50.3,99800,1.00,2.00,3.00,4.00,0.00995,0
2023-05-26 05:50:36,1685094636,5.07,50.4,99800,1e-7,1.00,2.00,3.00,0.00995,0
2023-05-26 06:24:58,1685096699,5.86,51.5,99900,1e-7,1e-7,1e-7,1e-7,,
2023-05-26 06:29:00,1685096940,5.99,51.8,99900,1.00,2.00,3.00,4.00,,
2023-05-26 06:38:55,1685097536,6.64,51.5,99900,1e-7,1.00,2.00,3.00,,
2023-05-26 09:19:44,1685107184,29.8,16.4,99800,1e-7,2.00,3.00,4.00,,
2023-05-26 09:23:58,1685107439,30.4,15.9,99800,1e-7,2.00,3.00,4.00,0.00995,1.08
2023-05-26 10:39:55,1685111996,32.0,12.3,99800,1e-7,1e-7,1e-7,1e-7,0.00995,0
2023-05-26 10:44:50,1685112290,31.7,12.0,99800,1.00,2.00,3.00,4.00,,
2023-05-26 10:45:09,1685112310,31.5,12.2,99800,1e-7,1e-7,1.00,1.00,,
2023-05-26 10:54:40,1685112880,32.9,11.0,99740,1e-7,2.00,3.00,4.00,,
2023-05-26 10:59:54,1685113194,32.1,11.0,99731,1.00,1.00,3.00,4.00,0.00995,0
2023-05-26 11:00:52,1685113253,31.3,11.8,99800,1e-7,1e-7,1e-7,1e-7,0.00995,0
2023-05-26 11:09:49,1685113790,32.0,11.5,99700,1e-7,1.00,2.00,2.00,0.00995,0
2023-05-26 11:14:44,1685114084,31.9,11.6,99700,2.00,2.00,3.00,4.00,0.00995,0
2023-05-26 11:15:23,1685114123,31.8,12.2,99700,1e-7,1e-7,1e-7,1e-7,0.00995,0
2023-05-26 11:24:55,1685114695,30.1,12.5,99700,1.00,2.00,3.00,4.00,0.00995,0
2023-05-26 11:29:50,1685114990,29.5,13.0,99700,1.00,2.00,3.00,4.00,0.00995,0
2023-05-26 11:30:49,1685115050,29.7,13.4,99700,1e-7,1e-7,1e-7,1e-7,0.00995,0
2023-05-26 11:39:50,1685115590,29.7,12.3,99700,1.00,1.00,2.00,3.00,0.00995,0
2023-05-26 11:44:45,1685115886,29.7,12.1,99700,2.00,2.00,3.00,4.00,0.00995,0
2023-05-26 11:47:02,1685116023,30.0,12.0,99700,2.00,2.00,3.00,4.00,0.00995,0
2023-05-26 11:54:42,1685116483,29.6,13.0,99700,1.00,1.00,2.00,3.00,0.00995,0
2023-05-26 11:59:57,1685116798,30.9,12.3,99700,2.00,2.00,3.00,4.00,0.00995,0
2023-05-26 12:00:56,1685116857,31.3,12.0,99700,1e-7,2.00,3.00,4.00,0.00995,0
2023-05-26 12:09:43,1685117383,32.3,10.1,99700,1e-7,1.00,2.00,3.00,0.00995,0
2023-05-26 12:14:57,1685117697,32.3,10.1,99700,2.00,5.00,8.00,9.00,0.0160,0
2023-05-26 12:17:14,1685117834,31.6,10.3,99700,1.00,3.00,5.00,6.00,0.00916,0
2023-05-26 12:24:53,1685118293,30.5,10.8,99693,1.00,2.00,3.00,4.00,0.0134,0
2023-05-26 12:29:48,1685118588,31.0,10.4,99600,2.00,2.00,2.00,2.00,0.0108,0
2023-05-26 12:32:24,1685118745,31.4,10.5,99600,1.00,1.00,3.00,4.00,0.00963,0
2023-05-26 12:39:54,1685119194,31.4,10.1,99600,1.00,3.00,6.00,8.00,0.00995,0
2023-05-26 12:44:48,1685119489,31.1,10.1,99600,2.00,6.00,9.00,11.0,0.0212,0
2023-05-26 12:47:45,1685119665,31.1,9.79,99600,1.00,2.00,4.00,5.00,0.0236,0
2023-05-26 12:54:54,1685120095,31.4,9.47,99600,1e-7,2.00,3.00,4.00,0.0135,0
2023-05-26 12:59:49,1685120390,30.9,9.42,99600,1.00,3.00,5.00,6.00,0.0156,0
2023-05-26 13:03:25,1685120606,30.3,9.83,99600,1.00,2.00,3.00,4.00,0.0156,0
2023-05-26 13:09:57,1685120998,30.9,10.1,99600,1e-7,1e-7,1.00,1.00,0.0132,0
2023-05-26 13:14:52,1685121293,31.1,10.1,99600,2.00,3.00,5.00,6.00,0.0121,0
2023-05-26 13:18:28,1685121509,31.3,9.60,99600,1.00,2.00,3.00,3.00,0.0113,0
2023-05-26 13:24:54,1685121894,31.0,8.96,99600,1.00,3.00,6.00,8.00,0.0116,0
2023-05-26 13:29:49,1685122189,31.0,9.17,99600,2.00,3.00,3.00,3.00,0.0150,0
2023-05-26 13:33:06,1685122386,31.0,9.27,99600,1.00,2.00,3.00,4.00,0.0168,0
2023-05-26 13:44:50,1685123090,30.4,9.81,99500,1e-7,2.00,3.00,4.00,0.0168,0
2023-05-26 13:49:05,1685123346,30.7,9.95,99500,1.00,2.00,3.00,4.00,0.0168,0
2023-05-26 13:54:48,1685123688,31.1,10.1,99500,1.00,2.00,4.00,4.00,0.0101,0
2023-05-26 13:59:43,1685123984,31.4,10.0,99500,1.00,2.00,3.00,4.00,0.00995,0
2023-05-26 14:04:38,1685124279,31.7,9.92,99500,1.00,4.00,7.00,9.00,0.0102,0
2023-05-26 14:14:46,1685124886,31.9,9.65,99500,1.00,2.00,3.00,3.00,0.0120,0
2023-05-26 14:18:42,1685125122,32.0,9.34,99500,1.00,3.00,4.00,5.00,0.0149,0
2023-05-26 14:24:47,1685125487,31.8,9.37,99500,1.00,2.00,3.00,3.00,0.0141,0
2023-05-26 14:29:41,1685125782,31.7,9.68,99500,2.00,4.00,5.00,6.00,0.0121,0
2023-05-26 14:34:36,1685126076,31.6,10.00,99500,1.00,3.00,5.00,6.00,0.0107,0
2023-05-26 14:44:44,1685126684,31.4,9.78,99500,1.00,2.00,3.00,4.00,0.0138,0
2023-05-26 14:49:58,1685126999,31.0,10.1,99500,2.00,2.00,3.00,4.00,0.0107,0
2023-05-26 14:59:46,1685127586,30.3,10.1,99500,2.00,4.00,6.00,7.00,0.0101,0
2023-05-26 15:04:21,1685127862,30.1,10.0,99500,2.00,4.00,5.00,5.00,0.0145,0
2023-05-26 15:14:51,1685128492,29.0,10.3,99500,2.00,5.00,9.00,11.0,0.0168,0
2023-05-26 15:19:47,1685128788,28.7,10.6,99500,3.00,5.00,6.00,7.00,0.0168,0
2023-05-26 15:20:46,1685128847,28.6,10.8,99500,1.00,3.00,4.00,4.00,0.0139,0
2023-05-26 15:29:43,1685129384,28.6,10.7,99500,1.00,2.00,3.00,3.00,0.0172,0
2023-05-26 15:34:59,1685129700,28.6,10.4,99500,2.00,3.00,5.00,6.00,0.0172,0
2023-05-26 15:35:59,1685129759,28.5,10.4,99500,2.00,2.00,2.00,2.00,0.0110,0
2023-05-26 15:44:43,1685130283,28.6,10.1,99500,2.00,5.00,8.00,10.0,0.0169,0
2023-05-26 15:49:59,1685130599,28.6,10.4,99500,1.00,3.00,5.00,6.00,0.0160,0
2023-05-26 15:50:38,1685130639,28.7,10.7,99500,1e-7,2.00,4.00,4.00,0.0122,0
2023-05-26 16:04:53,1685131494,28.6,10.2,99500,2.00,2.00,3.00,3.00,0.0119,0
2023-05-26 16:09:52,1685131792,28.5,10.7,99479,3.00,3.00,5.00,6.00,0.00892,0
2023-05-26 16:14:48,1685132088,28.5,10.9,99447,2.00,2.00,3.00,4.00,0.0106,0
2023-05-26 16:19:44,1685132385,28.5,10.9,99453,2.00,3.00,3.00,4.00,0.0120,0
2023-05-26 16:22:22,1685132542,28.5,11.1,99400,2.00,4.00,7.00,8.00,0.0125,0
2023-05-26 16:29:55,1685132995,28.4,10.7,99400,1.00,2.00,3.00,4.00,0.0160,0
2023-05-26 16:34:51,1685133292,28.3,11.1,99407,2.00,3.00,3.00,3.00,0.0167,0
2023-05-26 16:39:48,1685133588,28.1,10.8,99427,2.00,3.00,3.00,3.00,0.0185,0
2023-05-26 16:44:44,1685133885,27.8,11.3,99473,2.00,3.00,6.00,8.00,0.0188,0
2023-05-26 16:49:41,1685134182,27.4,11.7,99500,2.00,3.00,6.00,7.00,0.0169,0
2023-05-26 16:54:58,1685134498,27.3,12.0,99500,2.00,5.00,6.00,7.00,0.0116,0
2023-05-26 16:59:55,1685134795,27.4,12.0,99413,2.00,3.00,4.00,4.00,0.00998,0
2023-05-26 17:04:52,1685135092,27.3,12.2,99400,3.00,4.00,7.00,9.00,0.0150,0
2023-05-26 17:09:49,1685135389,27.2,12.3,99400,2.00,5.00,7.00,8.00,0.0233,0
2023-05-26 17:14:46,1685135686,27.1,12.8,99400,1.00,1.00,1.00,2.00,0.0233,0
2023-05-26 17:19:43,1685135983,27.0,13.0,99400,1.00,3.00,6.00,8.00,0.0402,0
2023-05-26 17:24:40,1685136280,26.8,13.0,99440,1.00,2.00,4.00,4.00,0.0148,0
2023-05-26 17:29:57,1685136598,26.6,13.5,99400,3.00,4.00,5.00,5.00,0.0115,0
2023-05-26 17:34:54,1685136895,26.5,13.9,99400,2.00,3.00,4.00,4.00,0.0142,0
2023-05-26 17:39:52,1685137192,26.3,13.7,99413,3.00,4.00,5.00,6.00,0.0142,0
2023-05-26 17:44:49,1685137489,26.1,13.7,99427,3.00,4.00,4.00,5.00,0.0141,0
2023-05-26 17:49:46,1685137787,26.0,14.4,99407,2.00,2.00,3.00,4.00,0.0114,0
2023-05-26 17:54:44,1685138084,25.9,14.8,99440,2.00,2.00,4.00,5.00,0.0112,0
2023-05-26 17:59:41,1685138382,25.7,14.2,99500,1.00,3.00,4.00,4.00,0.0115,0
2023-05-26 18:04:58,1685138699,25.6,15.3,99500,1.00,3.00,4.00,5.00,0.0103,0
2023-05-26 18:09:56,1685138996,25.5,14.7,99500,2.00,2.00,3.00,4.00,0.0102,0
2023-05-26 18:14:53,1685139294,25.6,14.8,99500,1.00,4.00,6.00,7.00,0.0119,0
2023-05-26 18:19:51,1685139591,25.6,14.6,99500,2.00,4.00,7.00,9.00,0.0221,0
2023-05-26 18:24:49,1685139889,25.6,14.7,99500,2.00,3.00,5.00,6.00,0.0162,0
2023-05-26 18:29:46,1685140187,25.6,14.6,99500,4.00,6.00,7.00,8.00,0.0165,0
2023-05-26 18:34:44,1685140484,25.6,14.4,99500,2.00,3.00,5.00,6.00,0.0118,0
2023-05-26 18:39:41,1685140782,25.6,14.4,99500,1.00,2.00,3.00,4.00,0.0118,0
2023-05-26 18:44:59,1685141099,25.4,14.6,99500,2.00,3.00,6.00,7.00,0.0146,0
2023-05-26 18:49:56,1685141397,25.3,14.5,99500,2.00,4.00,6.00,7.00,0.0155,0
2023-05-26 18:54:54,1685141695,25.1,14.3,99480,3.00,4.00,4.00,5.00,0.0146,0
2023-05-26 18:59:52,1685141993,25.0,14.9,99473,2.00,4.00,6.00,7.00,0.0137,0
2023-05-26 19:04:50,1685142290,24.9,15.1,99400,2.00,4.00,6.00,7.00,0.0126,0
2023-05-26 19:09:48,1685142588,24.8,15.6,99480,2.00,3.00,4.00,4.00,0.0182,0
2023-05-26 19:14:46,1685142886,24.7,15.4,99500,1.00,5.00,8.00,9.00,0.0188,0
2023-05-26 19:19:44,1685143184,24.6,15.7,99500,3.00,4.00,7.00,8.00,0.0235,0
2023-05-26 19:24:42,1685143482,24.5,15.8,99500,1.00,2.00,3.00,4.00,0.0211,0
2023-05-26 19:29:40,1685143781,24.4,16.3,99500,1.00,2.00,3.00,3.00,0.0226,0
2023-05-26 19:34:58,1685144099,24.3,16.4,99500,2.00,2.00,3.00,4.00,0.0125,0
2023-05-26 19:39:56,1685144397,24.1,16.4,99487,2.00,3.00,3.00,4.00,0.00995,0
2023-05-26 19:44:54,1685144695,23.8,16.4,99500,1.00,2.00,4.00,4.00,0.00995,0
2023-05-26 19:49:53,1685144993,23.6,16.6,99500,2.00,3.00,6.00,7.00,0.0101,0
2023-05-26 19:54:51,1685145292,23.3,17.1,99500,2.00,4.00,6.00,7.00,0.0108,0
2023-05-26 19:59:50,1685145590,23.0,17.4,99500,1.00,3.00,6.00,8.00,0.0139,0
2023-05-26 20:04:48,1685145888,22.7,17.8,99500,2.00,3.00,5.00,5.00,0.0139,0
2023-05-26 20:09:46,1685146187,22.5,18.0,99500,1.00,3.00,5.00,6.00,0.0126,0
2023-05-26 20:14:45,1685146485,22.2,18.2,99500,2.00,4.00,6.00,7.00,0.0119,0
2023-05-26 20:19:44,1685146784,22.0,18.5,99500,4.00,12.0,19.0,23.0,0.0535,0
2023-05-26 20:24:42,1685147083,21.9,18.9,99500,2.00,3.00,5.00,5.00,0.0578,0
2023-05-26 20:29:42,1685147382,21.7,19.4,99500,1.00,3.00,5.00,6.00,0.0521,0
2023-05-26 20:34:41,1685147681,21.5,19.4,99500,3.00,6.00,8.00,9.00,0.0406,0
2023-05-26 20:39:59,1685148000,21.3,19.8,99500,1.00,2.00,3.00,4.00,0.0263,0
2023-05-26 20:44:58,1685148299,21.1,20.2,99500,1.00,3.00,6.00,7.00,0.0310,0
2023-05-26 20:49:58,1685148598,20.9,20.4,99500,2.00,7.00,10.0,12.0,0.0130,0
2023-05-26 20:54:57,1685148897,20.6,20.8,99500,1.00,3.00,5.00,7.00,0.0207,0
2023-05-26 20:59:56,1685149197,20.3,21.1,99500,3.00,4.00,5.00,6.00,0.0207,0
2023-05-26 21:04:56,1685149496,20.1,21.4,99500,1.00,2.00,3.00,4.00,0.0130,0
2023-05-26 21:09:55,1685149796,19.8,22.2,99500,1.00,2.00,3.00,4.00,0.0203,0
2023-05-26 21:14:55,1685150096,19.4,22.7,99580,1.00,5.00,8.00,10.0,0.0193,0
2023-05-26 21:19:54,1685150395,19.1,23.2,99600,1.00,4.00,7.00,8.00,0.0193,0
2023-05-26 21:24:54,1685150695,18.8,24.1,99600,1.00,7.00,12.0,15.0,0.0145,0
2023-05-26 21:29:54,1685150995,18.5,24.6,99600,1.00,2.00,3.00,4.00,0.0188,0
2023-05-26 21:34:54,1685151295,18.1,25.1,99600,1.00,3.00,5.00,6.00,0.0165,0
2023-05-26 21:39:54,1685151595,17.8,26.0,99600,1.00,4.00,7.00,9.00,0.0104,0
2023-05-26 21:44:54,1685151895,17.5,27.0,99600,2.00,3.00,5.00,6.00,0.0142,0
2023-05-26 21:49:54,1685152195,17.2,27.3,99600,2.00,3.00,5.00,6.00,0.0142,0
2023-05-26 21:54:54,1685152495,16.9,28.4,99600,2.00,3.00,5.00,6.00,0.0121,0
2023-05-26 21:59:55,1685152795,16.6,28.9,99600,2.00,3.00,6.00,7.00,0.0110,0
2023-05-26 22:04:55,1685153095,16.2,29.3,99600,1.00,2.00,4.00,5.00,0.0116,0
2023-05-26 22:09:56,1685153396,16.0,30.5,99600,1e-7,3.00,5.00,7.00,0.0121,0
2023-05-26 22:14:56,1685153697,15.7,30.7,99600,1.00,5.00,10.0,12.0,0.0127,0
2023-05-26 22:19:57,1685153998,15.4,31.3,99600,2.00,2.00,3.00,4.00,0.0126,0
2023-05-26 22:24:58,1685154298,15.1,31.4,99600,2.00,3.00,5.00,6.00,0.0105,0
2023-05-26 22:29:59,1685154599,14.9,31.6,99600,1.00,3.00,5.00,6.00,0.00982,0
2023-05-26 22:34:59,1685154900,14.7,32.4,99600,1.00,2.00,3.00,4.00,0.0130,0
2023-05-26 22:39:40,1685155181,14.5,32.5,99600,1.00,2.00,3.00,3.00,0.0156,0
2023-05-26 22:44:41,1685155481,14.2,33.2,99600,1.00,3.00,5.00,6.00,0.0152,0
2023-05-26 22:49:42,1685155782,14.0,33.7,99600,2.00,3.00,4.00,4.00,0.0133,0
2023-05-26 22:54:43,1685156083,13.8,34.2,99600,1.00,3.00,5.00,6.00,0.0109,0
2023-05-26 22:59:44,1685156385,13.7,34.7,99600,2.00,2.00,3.00,4.00,0.0105,0
2023-05-26 23:04:45,1685156686,13.5,35.1,99600,1.00,3.00,4.00,5.00,0.0107,0
2023-05-26 23:09:46,1685156987,13.3,35.3,99600,2.00,2.00,3.00,4.00,0.0105,0
2023-05-26 23:14:47,1685157288,13.2,35.6,99600,1.00,3.00,4.00,4.00,0.0105,0
2023-05-26 23:19:49,1685157589,13.1,35.9,99600,2.00,3.00,3.00,3.00,0.0104,0
2023-05-26 23:24:50,1685157890,12.9,36.3,99600,2.00,3.00,5.00,6.00,0.0121,0
2023-05-26 23:29:51,1685158192,12.8,36.6,99600,1.00,2.00,4.00,5.00,0.0127,0
2023-05-26 23:34:53,1685158494,12.7,37.1,99600,1.00,2.00,3.00,4.00,0.0121,0
2023-05-26 23:39:55,1685158795,12.6,37.0,99600,2.00,2.00,3.00,4.00,0.0100,0
2023-05-26 23:44:56,1685159097,12.5,37.5,99600,2.00,2.00,3.00,4.00,0.00995,0
2023-05-26 23:49:58,1685159399,12.4,37.6,99600,1.00,5.00,9.00,11.0,0.0130,0
2023-05-26 23:54:40,1685159680,12.4,37.6,99600,1.00,3.00,4.00,4.00,0.0241,0
2023-05-26 23:59:42,1685159982,12.3,37.7,99600,1e-7,1.00,3.00,4.00,0.0241,0
2023-05-27 00:04:43,1685160284,12.2,37.5,99600,1.00,3.00,4.00,5.00,0.0254,0
2023-05-27 00:09:45,1685160586,12.1,38.1,99600,1e-7,3.00,6.00,7.00,0.0159,0
2023-05-27 00:14:47,1685160887,12.1,38.4,99600,1.00,3.00,6.00,8.00,0.0161,0
2023-05-27 00:19:48,1685161189,12.0,38.7,99600,1.00,2.00,4.00,5.00,0.0153,0
2023-05-27 00:24:50,1685161491,11.9,39.4,99600,1.00,3.00,6.00,8.00,0.0153,0
2023-05-27 00:29:52,1685161793,11.9,40.2,99600,1.00,2.00,3.00,4.00,0.0132,0
2023-05-27 00:34:54,1685162094,11.9,40.4,99600,1.00,3.00,5.00,6.00,0.0159,0
2023-05-27 00:39:56,1685162396,11.9,40.6,99600,2.00,3.00,4.00,4.00,0.0117,0
2023-05-27 00:44:57,1685162698,11.9,41.1,99600,1.00,2.00,3.00,4.00,0.0119,0
2023-05-27 00:49:59,1685162999,12.0,41.1,99600,2.00,2.00,3.00,4.00,0.0111,0
2023-05-27 00:54:40,1685163281,12.0,41.2,99600,1.00,1.00,2.00,3.00,0.0100,0
2023-05-27 00:59:42,1685163583,11.9,41.6,99600,1.00,4.00,7.00,9.00,0.0158,0
2023-05-27 01:04:44,1685163885,11.9,42.0,99600,2.00,2.00,3.00,4.00,0.0175,0
2023-05-27 01:09:46,1685164186,11.9,42.3,99600,2.00,2.00,3.00,4.00,0.0176,0
2023-05-27 01:14:47,1685164488,11.9,42.4,99600,1.00,2.00,3.00,3.00,0.00995,0
2023-05-27 01:19:49,1685164790,11.9,42.4,99600,1.00,3.00,5.00,6.00,0.0132,0
2023-05-27 01:24:51,1685165091,11.9,42.1,99600,2.00,3.00,3.00,4.00,0.0163,0
2023-05-27 01:29:53,1685165393,12.0,41.4,99633,1.00,2.00,3.00,4.00,0.0114,0
2023-05-27 01:34:54,1685165695,12.0,41.3,99693,1.00,3.00,5.00,6.00,0.0114,0
2023-05-27 01:39:56,1685165997,12.0,41.1,99700,1.00,2.00,3.00,4.00,0.00995,0
2023-05-27 01:44:58,1685166298,12.1,41.1,99653,1.00,3.00,6.00,7.00,0.0108,0
2023-05-27 01:49:39,1685166580,12.1,40.8,99607,3.00,3.00,5.00,6.00,0.0118,0
2023-05-27 01:54:41,1685166882,12.2,41.0,99693,1.00,3.00,5.00,6.00,0.00998,0
2023-05-27 01:59:43,1685167183,12.2,42.4,99693,2.00,2.00,3.00,4.00,0.0105,0
2023-05-27 02:04:44,1685167485,12.1,41.8,99700,2.00,2.00,3.00,4.00,0.0108,0
2023-05-27 02:09:46,1685167787,12.0,41.0,99700,1.00,3.00,5.00,6.00,0.0110,0
2023-05-27 02:14:48,1685168088,11.9,40.4,99700,2.00,3.00,5.00,6.00,0.0114,0
2023-05-27 02:19:50,1685168390,11.8,40.1,99700,1.00,2.00,2.00,3.00,0.0141,0
2023-05-27 02:24:52,1685168692,11.7,40.2,99700,1.00,2.00,3.00,4.00,0.0155,0
2023-05-27 02:29:54,1685168994,11.6,40.3,99700,1.00,5.00,8.00,10.0,0.0154,0
2023-05-27 02:34:55,1685169296,11.5,40.6,99700,1.00,2.00,3.00,4.00,0.0168,0
2023-05-27 02:39:57,1685169598,11.4,40.8,99700,1.00,2.00,3.00,4.00,0.0159,0
2023-05-27 02:44:40,1685169880,11.2,41.6,99700,1.00,9.00,15.0,19.0,0.0308,0
2023-05-27 02:49:42,1685170182,11.1,41.4,99700,2.00,3.00,6.00,8.00,0.0308,0
2023-05-27 02:54:44,1685170484,10.9,41.6,99700,1.00,4.00,6.00,8.00,0.0142,0
2023-05-27 02:59:46,1685170787,10.8,42.2,99700,1.00,2.00,3.00,4.00,0.0112,0
2023-05-27 03:04:48,1685171089,10.7,42.6,99700,2.00,3.00,5.00,6.00,0.0130,0
2023-05-27 03:09:51,1685171391,10.6,42.7,99700,2.00,2.00,3.00,4.00,0.0115,0
2023-05-27 03:14:53,1685171694,10.5,43.0,99700,1e-7,1.00,3.00,4.00,0.0127,0
2023-05-27 03:19:55,1685171996,10.3,43.7,99700,1.00,5.00,9.00,11.0,0.0145,0
2023-05-27 03:24:57,1685172298,10.2,43.4,99700,1.00,4.00,6.00,7.00,0.0286,0
2023-05-27 03:29:39,1685172580,10.2,43.6,99700,2.00,4.00,6.00,8.00,0.0286,0
2023-05-27 03:34:42,1685172882,10.1,43.8,99700,1.00,3.00,4.00,5.00,0.0153,0
2023-05-27 03:39:44,1685173185,9.99,44.1,99700,1.00,3.00,6.00,7.00,0.0153,0
2023-05-27 03:44:47,1685173487,9.92,44.6,99700,2.00,3.00,4.00,5.00,0.0143,0
2023-05-27 03:49:49,1685173790,9.84,45.2,99700,1e-7,2.00,3.00,4.00,0.0143,0
2023-05-27 03:54:52,1685174092,9.80,45.3,99700,1.00,3.00,4.00,5.00,0.0127,0
2023-05-27 03:59:54,1685174394,9.79,46.0,99700,1.00,2.00,3.00,4.00,0.0107,0
2023-05-27 04:04:56,1685174697,9.77,45.6,99700,1.00,3.00,5.00,6.00,0.0108,0
2023-05-27 04:09:58,1685174999,9.77,45.6,99700,1.00,3.00,5.00,6.00,0.0135,0
2023-05-27 04:14:41,1685175281,9.84,45.8,99700,1.00,1.00,3.00,4.00,0.0135,0
2023-05-27 04:19:43,1685175583,9.95,45.8,99700,1.00,3.00,5.00,6.00,0.0134,0
2023-05-27 04:24:45,1685175885,10.1,45.8,99727,3.00,3.00,3.00,4.00,0.0116,0
2023-05-27 04:29:47,1685176187,10.2,45.4,99793,2.00,7.00,13.0,16.0,0.0239,0
2023-05-27 04:34:49,1685176490,10.4,44.8,99800,1.00,2.00,3.00,4.00,0.0387,0
2023-05-27 04:39:51,1685176792,10.6,45.2,99800,1.00,2.00,4.00,5.00,0.0373,0
2023-05-27 04:44:54,1685177094,10.7,46.1,99800,2.00,4.00,6.00,7.00,0.0143,0
2023-05-27 04:49:56,1685177396,10.9,45.8,99800,1.00,2.00,3.00,4.00,0.0136,0
2023-05-27 04:54:58,1685177698,11.0,45.3,99800,1.00,3.00,5.00,6.00,0.0138,0
2023-05-27 04:59:59,1685178000,11.2,44.8,99800,1.00,3.00,5.00,6.00,0.0127,0
2023-05-27 05:04:41,1685178282,11.3,44.7,99800,2.00,2.00,3.00,4.00,0.0121,0
2023-05-27 05:09:43,1685178584,11.5,44.4,99800,1.00,3.00,6.00,8.00,0.0145,0
2023-05-27 05:14:45,1685178885,11.6,44.1,99800,1.00,2.00,3.00,4.00,0.0155,0
2023-05-27 05:19:47,1685179187,11.7,44.8,99800,2.00,3.00,5.00,6.00,0.0145,0
2023-05-27 05:24:48,1685179489,11.8,44.9,99800,1.00,2.00,3.00,4.00,0.0120,0
2023-05-27 05:29:50,1685179791,11.9,44.4,99800,1e-7,3.00,6.00,7.00,0.0119,0
2023-05-27 05:34:52,1685180092,12.0,44.0,99800,2.00,4.00,5.00,6.00,0.0148,0
2023-05-27 05:39:54,1685180394,12.1,43.9,99800,1.00,2.00,3.00,4.00,0.0140,0
2023-05-27 05:44:55,1685180696,12.2,44.0,99800,1.00,3.00,5.00,6.00,0.0107,0
2023-05-27 05:49:57,1685180998,12.3,43.8,99800,2.00,2.00,3.00,4.00,0.0125,0
2023-05-27 05:54:59,1685181300,12.4,43.6,99800,1.00,3.00,5.00,6.00,0.0117,0
2023-05-27 05:59:41,1685181581,12.5,43.6,99800,2.00,2.00,3.00,4.00,0.0118,0
2023-05-27 06:04:42,1685181883,12.6,44.0,99800,1.00,3.00,5.00,6.00,0.00999,0
2023-05-27 06:09:44,1685182184,12.7,44.7,99800,1.00,4.00,7.00,8.00,0.0118,0
2023-05-27 06:14:46,1685182486,12.8,44.2,99800,1.00,2.00,3.00,4.00,0.0119,0
2023-05-27 06:19:47,1685182788,12.9,43.7,99800,1.00,3.00,6.00,8.00,0.0157,0
2023-05-27 06:24:48,1685183089,13.0,44.2,99800,1.00,5.00,9.00,11.0,0.0364,0
2023-05-27 06:29:50,1685183390,13.1,44.3,99800,1.00,5.00,9.00,11.0,0.0364,0
2023-05-27 06:34:11,1685183651,13.2,43.9,99800,2.00,9.00,17.0,20.0,0.0364,0
2023-05-27 08:44:46,1685191486,22.3,26.5,99825,1.00,1.00,2.00,3.00,,
2023-05-27 10:24:47,1685197487,27.6,19.6,99800,1.00,1.00,2.00,2.00,,
2023-05-27 10:29:02,1685197743,28.1,18.8,99800,2.00,4.00,6.00,8.00,,
2023-05-27 11:54:48,1685202889,33.6,13.1,99700,4.00,4.00,6.00,8.00,,
2023-05-27 11:55:47,1685202948,33.9,13.0,99700,1.00,2.00,3.00,4.00,,
2023-05-27 12:04:49,1685203489,34.7,12.8,99700,3.00,4.00,6.00,6.00,0.0255,0
2023-05-27 12:09:43,1685203783,34.8,12.5,99700,2.00,3.00,5.00,6.00,0.0293,0
2023-05-27 12:11:40,1685203901,34.8,12.5,99700,1e-7,3.00,5.00,6.00,0.0293,0
2023-05-27 12:19:59,1685204400,34.8,12.6,99600,1.00,2.00,3.00,4.00,0.0144,0
2023-05-27 12:24:53,1685204694,34.9,12.8,99600,2.00,4.00,6.00,7.00,0.0138,0
2023-05-27 12:27:29,1685204850,34.7,12.8,99600,4.00,8.00,12.0,13.0,0.0134,0
2023-05-27 12:34:59,1685205300,35.0,12.9,99600,3.00,5.00,9.00,12.0,0.0168,0
2023-05-27 12:39:53,1685205594,35.1,13.0,99600,2.00,3.00,5.00,6.00,0.0233,0
2023-05-27 12:42:29,1685205750,35.3,12.7,99600,1.00,2.00,3.00,4.00,0.0289,0
2023-05-27 12:54:41,1685206481,35.8,12.5,99600,2.00,2.00,3.00,4.00,0.0395,0
2023-05-27 12:57:17,1685206638,35.8,12.5,99600,2.00,2.00,2.00,3.00,0.0177,0
2023-05-27 13:09:58,1685207398,36.5,12.1,99600,2.00,2.00,3.00,3.00,0.00915,0
2023-05-27 13:13:13,1685207594,36.4,11.6,99600,2.00,3.00,5.00,6.00,0.0105,0
2023-05-27 13:19:47,1685207988,35.8,13.0,99600,1.00,3.00,6.00,7.00,0.0109,0
2023-05-27 13:24:41,1685208281,35.6,12.7,99600,3.00,7.00,11.0,13.0,0.0230,0
2023-05-27 13:27:18,1685208438,35.2,12.8,99600,1.00,2.00,3.00,4.00,0.0230,0
2023-05-27 13:39:58,1685209199,33.8,14.8,99500,21.0,121,203,244,0.0113,0
2023-05-27 13:42:35,1685209356,33.9,14.9,99500,2.00,4.00,7.00,9.00,0.0743,0
2023-05-27 13:49:59,1685209800,34.7,14.4,99500,3.00,6.00,10.0,12.0,0.0743,0
2023-05-27 13:54:53,1685210094,34.8,14.0,99500,4.00,4.00,4.00,5.00,0.0866,0
2023-05-27 13:57:50,1685210270,34.5,14.2,99500,1.00,3.00,4.00,5.00,0.0867,0
2023-05-27 14:09:51,1685210992,35.3,13.9,99500,1.00,1.00,2.00,3.00,0.0831,0
2023-05-27 14:13:07,1685211188,35.6,13.7,99500,2.00,4.00,7.00,8.00,0.0333,0
2023-05-27 14:24:50,1685211890,36.2,13.0,99500,1.00,1.00,2.00,2.00,0.00937,0
2023-05-27 14:28:44,1685212125,36.1,12.8,99500,9.00,40.0,67.0,81.0,0.179,0
2023-05-27 14:34:47,1685212487,36.0,13.0,99500,1.00,3.00,5.00,6.00,0.202,0
2023-05-27 14:39:41,1685212781,35.9,13.0,99500,3.00,4.00,6.00,6.00,0.202,0
2023-05-27 14:43:36,1685213016,35.8,13.2,99500,5.00,33.0,57.0,69.0,0.200,0
2023-05-27 14:54:57,1685213698,35.3,12.9,99400,1e-7,1e-7,1.00,1.00,0.0687,0
2023-05-27 14:59:51,1685213992,35.2,13.1,99400,2.00,3.00,5.00,6.00,0.198,0
2023-05-27 15:00:10,1685214011,35.0,13.0,99400,1e-7,1e-7,1e-7,1e-7,0.198,0
2023-05-27 15:09:45,1685214585,34.6,13.5,99400,1.00,3.00,5.00,6.00,0.223,0
2023-05-27 15:14:58,1685214899,34.4,13.9,99400,2.00,2.00,3.00,3.00,0.218,0
2023-05-27 15:19:46,1685215186,34.4,14.2,99400,1.00,3.00,5.00,6.00,0.0112,0
2023-05-27 15:24:40,1685215481,34.4,14.4,99400,4.00,5.00,8.00,9.00,0.0151,0
2023-05-27 15:29:54,1685215795,34.3,14.5,99400,2.00,2.00,3.00,4.00,0.0146,0
2023-05-27 15:31:12,1685215872,34.3,14.2,99400,1.00,1.00,2.00,2.00,0.0146,0
2023-05-27 15:39:43,1685216384,33.9,14.4,99400,1.00,1.00,2.00,3.00,0.0252,0
2023-05-27 15:44:57,1685216698,33.9,14.6,99400,2.00,3.00,5.00,6.00,0.0174,0
2023-05-27 15:45:56,1685216757,33.9,14.8,99400,1e-7,1e-7,1e-7,1e-7,0.0112,0
2023-05-27 15:54:47,1685217288,33.8,14.7,99370,1.00,3.00,5.00,6.00,0.0107,0
2023-05-27 15:59:42,1685217583,33.8,14.9,99320,1.00,3.00,5.00,6.00,0.0101,0
2023-05-27 16:04:56,1685217897,33.7,14.8,99300,3.00,3.00,3.00,4.00,0.0106,0
2023-05-27 16:09:51,1685218192,33.5,15.0,99300,2.00,2.00,3.00,3.00,0.0113,0
2023-05-27 16:14:46,1685218487,33.2,15.3,99300,3.00,4.00,6.00,8.00,0.0115,0
2023-05-27 16:19:41,1685218782,33.0,15.7,99300,3.00,4.00,6.00,6.00,0.0202,0
2023-05-27 16:24:56,1685219096,32.9,15.4,99300,4.00,5.00,8.00,9.00,0.0202,0
2023-05-27 16:29:51,1685219392,32.8,15.5,99300,2.00,3.00,3.00,4.00,0.0116,0
2023-05-27 16:34:46,1685219687,32.6,15.7,99300,2.00,5.00,8.00,9.00,0.0114,0
2023-05-27 16:39:41,1685219982,32.5,15.8,99300,3.00,4.00,8.00,9.00,0.0411,0
2023-05-27 16:44:56,1685220297,32.4,16.1,99300,2.00,3.00,4.00,4.00,0.0411,0
2023-05-27 16:49:52,1685220592,32.3,16.2,99300,2.00,2.00,3.00,3.00,0.0551,0
2023-05-27 16:54:48,1685220888,32.1,16.5,99300,2.00,2.00,3.00,4.00,0.0155,0
2023-05-27 16:59:43,1685221184,32.1,16.7,99300,3.00,3.00,4.00,5.00,0.0102,0
2023-05-27 17:04:59,1685221499,32.0,16.7,99300,2.00,4.00,5.00,6.00,0.0107,0
2023-05-27 17:09:54,1685221795,31.8,16.9,99300,2.00,7.00,12.0,15.0,0.0382,0
2023-05-27 17:14:50,1685222090,31.7,16.8,99300,4.00,4.00,5.00,6.00,0.0341,0
2023-05-27 17:19:46,1685222386,31.5,16.9,99300,1.00,4.00,7.00,8.00,0.0227,0
2023-05-27 17:24:41,1685222682,31.4,17.0,99300,4.00,4.00,5.00,5.00,0.0259,0
2023-05-27 17:29:57,1685222997,31.3,17.3,99300,3.00,3.00,5.00,6.00,0.0171,0
2023-05-27 17:34:53,1685223293,31.3,17.5,99300,5.00,7.00,9.00,9.00,0.0151,0
2023-05-27 17:39:49,1685223589,31.2,17.4,99300,6.00,23.0,38.0,45.0,0.154,0
2023-05-27 17:44:44,1685223885,31.1,17.5,99300,2.00,2.00,2.00,3.00,0.176,0
2023-05-27 17:49:40,1685224181,31.0,17.7,99300,5.00,17.0,26.0,30.0,0.176,0
2023-05-27 17:54:56,1685224496,31.0,17.5,99250,9.00,23.0,33.0,39.0,0.0882,0
2023-05-27 17:59:52,1685224792,30.8,17.5,99200,4.00,6.00,9.00,11.0,0.0351,0
2023-05-27 18:04:48,1685225089,30.7,17.2,99200,3.00,3.00,5.00,6.00,0.0528,0
2023-05-27 18:09:44,1685225385,30.6,17.5,99200,2.00,3.00,5.00,6.00,0.0629,0
2023-05-27 18:14:40,1685225681,30.5,17.7,99200,3.00,5.00,7.00,8.00,0.0163,0
2023-05-27 18:19:56,1685225997,30.4,17.8,99200,2.00,3.00,5.00,5.00,0.0158,0
2023-05-27 18:24:52,1685226293,30.3,17.9,99200,2.00,3.00,5.00,6.00,0.0168,0
2023-05-27 18:29:49,1685226589,30.2,18.1,99200,3.00,5.00,7.00,8.00,0.0186,0
2023-05-27 18:34:45,1685226885,30.0,18.1,99200,4.00,6.00,6.00,7.00,0.0186,0
2023-05-27 18:39:41,1685227182,29.9,18.2,99200,2.00,3.00,5.00,5.00,0.0163,0
2023-05-27 18:44:57,1685227498,29.8,18.7,99200,2.00,5.00,7.00,8.00,0.0113,0
2023-05-27 18:49:54,1685227794,29.6,19.0,99200,3.00,4.00,6.00,8.00,0.0116,0
2023-05-27 18:54:49,1685228090,29.5,19.2,99200,2.00,2.00,3.00,4.00,0.0111,0
2023-05-27 18:59:46,1685228387,29.3,19.1,99200,3.00,8.00,12.0,14.0,0.0140,0
2023-05-27 19:04:43,1685228683,29.2,19.2,99200,2.00,3.00,4.00,4.00,0.0238,0
2023-05-27 19:09:59,1685229000,29.0,19.7,99200,2.00,5.00,7.00,9.00,0.0373,0
2023-05-27 19:14:56,1685229296,28.8,20.8,99200,2.00,4.00,6.00,7.00,0.0200,0
2023-05-27 19:19:52,1685229593,28.6,20.5,99200,4.00,4.00,5.00,6.00,0.0191,0
2023-05-27 19:24:49,1685229890,28.4,20.7,99200,2.00,3.00,5.00,5.00,0.0131,0
2023-05-27 19:29:46,1685230187,28.2,21.7,99200,3.00,6.00,9.00,10.0,0.0112,0
2023-05-27 19:34:43,1685230484,27.9,21.9,99200,3.00,6.00,9.00,11.0,0.0112,0
2023-05-27 19:39:41,1685230781,27.7,22.0,99200,2.00,5.00,8.00,10.0,0.0104,0
2023-05-27 19:44:57,1685231098,27.5,22.4,99200,4.00,4.00,6.00,6.00,0.0150,0
2023-05-27 19:49:54,1685231395,27.3,23.0,99200,3.00,4.00,8.00,9.00,0.0157,0
2023-05-27 19:54:52,1685231692,27.0,23.4,99200,4.00,7.00,9.00,10.0,0.0152,0
2023-05-27 19:59:49,1685231990,26.8,23.8,99200,4.00,6.00,8.00,8.00,0.0232,0
2023-05-27 20:04:47,1685232287,26.6,23.9,99200,2.00,4.00,7.00,8.00,0.0232,0
2023-05-27 20:09:44,1685232585,26.3,24.2,99200,2.00,4.00,6.00,7.00,0.0251,0
2023-05-27 20:14:42,1685232882,26.1,24.8,99200,2.00,4.00,5.00,6.00,0.0139,0
2023-05-27 20:19:59,1685233200,25.9,25.3,99200,5.00,5.00,6.00,6.00,0.00998,0
2023-05-27 20:24:57,1685233497,25.6,26.2,99200,1.00,3.00,5.00,5.00,0.0135,0
2023-05-27 20:29:55,1685233795,25.3,26.8,99200,2.00,4.00,6.00,7.00,0.0120,0
2023-05-27 20:34:53,1685234093,25.0,27.5,99200,3.00,4.00,5.00,6.00,0.0115,0
2023-05-27 20:39:51,1685234391,24.7,27.7,99200,1.00,3.00,5.00,6.00,0.0123,0
2023-05-27 20:44:49,1685234689,24.3,28.3,99200,7.00,9.00,10.0,11.0,0.0237,0
2023-05-27 20:49:47,1685234987,24.0,29.1,99200,3.00,5.00,7.00,8.00,0.0355,0
2023-05-27 20:54:45,1685235286,23.7,30.0,99200,3.00,4.00,6.00,8.00,0.0187,0
2023-05-27 20:59:44,1685235584,23.3,29.9,99200,2.00,3.00,5.00,6.00,0.0217,0
2023-05-27 21:04:42,1685235883,23.0,30.3,99200,4.00,4.00,5.00,6.00,0.0190,0
2023-05-27 21:09:41,1685236181,22.8,31.5,99200,2.00,3.00,3.00,4.00,0.0106,0
2023-05-27 21:14:40,1685236480,22.5,31.8,99200,3.00,4.00,6.00,7.00,0.0131,0
2023-05-27 21:19:59,1685236799,22.2,32.0,99200,3.00,3.00,6.00,7.00,0.0126,0
2023-05-27 21:24:57,1685237098,21.9,32.2,99200,2.00,3.00,5.00,5.00,0.0126,0
2023-05-27 21:29:57,1685237397,21.7,32.5,99200,3.00,3.00,6.00,7.00,0.0124,0
2023-05-27 21:34:56,1685237696,21.5,33.9,99200,3.00,3.00,4.00,5.00,0.0130,0
2023-05-27 21:39:55,1685237996,21.2,33.9,99200,3.00,3.00,3.00,4.00,0.0130,0
2023-05-27 21:44:54,1685238295,21.0,34.1,99200,2.00,3.00,6.00,7.00,0.0112,0
2023-05-27 21:49:53,1685238594,20.8,34.3,99200,2.00,3.00,5.00,6.00,0.0127,0
2023-05-27 21:54:53,1685238893,20.5,34.8,99200,4.00,4.00,6.00,6.00,0.0187,0
2023-05-27 21:59:52,1685239193,20.3,35.3,99200,2.00,4.00,6.00,6.00,0.0187,0
2023-05-27 22:04:52,1685239492,20.1,35.8,99200,5.00,5.00,6.00,8.00,0.0140,0
2023-05-27 22:09:51,1685239792,19.9,37.0,99200,2.00,2.00,3.00,4.00,0.0125,0
2023-05-27 22:14:51,1685240092,19.7,37.5,99200,3.00,3.00,5.00,6.00,0.0240,0
2023-05-27 22:19:51,1685240391,19.4,37.7,99200,2.00,3.00,4.00,5.00,0.0129,0
2023-05-27 22:24:50,1685240691,19.2,38.2,99200,3.00,3.00,6.00,7.00,0.0111,0
2023-05-27 22:29:50,1685240991,19.1,38.4,99200,2.00,5.00,7.00,9.00,0.0103,0
2023-05-27 22:34:51,1685241291,18.9,39.1,99200,3.00,4.00,5.00,5.00,0.0166,0
2023-05-27 22:39:51,1685241591,18.7,39.7,99200,5.00,5.00,6.00,7.00,0.0165,0
2023-05-27 22:44:51,1685241891,18.6,40.4,99200,3.00,6.00,8.00,9.00,0.0293,0
2023-05-27 22:49:51,1685242191,18.4,40.8,99200,2.00,3.00,5.00,5.00,0.0293,0
2023-05-27 22:54:51,1685242491,18.3,41.5,99200,4.00,4.00,6.00,7.00,0.0201,0
2023-05-27 22:59:51,1685242791,18.1,41.5,99200,2.00,4.00,6.00,7.00,0.0134,0
2023-05-27 23:04:51,1685243091,18.0,41.4,99200,2.00,3.00,5.00,6.00,0.0112,0
2023-05-27 23:09:50,1685243391,17.9,41.4,99200,4.00,5.00,7.00,9.00,0.0101,0
2023-05-27 23:14:51,1685243691,17.8,41.5,99200,2.00,3.00,4.00,4.00,0.0128,0
2023-05-27 23:19:50,1685243991,17.7,41.7,99200,2.00,6.00,10.0,12.0,0.00988,0
2023-05-27 23:24:51,1685244291,17.6,41.8,99200,5.00,5.00,5.00,6.00,0.0123,0
2023-05-27 23:29:51,1685244591,17.5,41.9,99200,3.00,4.00,6.00,7.00,0.0118,0
2023-05-27 23:34:51,1685244892,17.4,42.5,99200,2.00,4.00,7.00,8.00,0.0152,0
2023-05-27 23:39:52,1685245192,17.3,42.6,99200,4.00,5.00,6.00,7.00,0.0131,0
2023-05-27 23:44:52,1685245492,17.2,42.6,99200,3.00,4.00,5.00,5.00,0.0171,0
2023-05-27 23:49:52,1685245792,17.1,42.9,99200,3.00,5.00,7.00,9.00,0.0171,0
2023-05-27 23:54:52,1685246092,17.0,43.5,99200,2.00,5.00,8.00,10.0,0.0337,0
2023-05-27 23:59:52,1685246393,16.9,43.5,99200,3.00,4.00,5.00,6.00,0.0448,0
2023-05-28 00:04:53,1685246694,16.8,43.8,99200,4.00,5.00,6.00,7.00,0.0282,0
2023-05-28 00:09:54,1685246994,16.7,43.9,99200,4.00,7.00,13.0,15.0,0.0611,0
2023-05-28 00:14:54,1685247294,16.6,44.6,99200,2.00,2.00,3.00,4.00,0.0611,0
2023-05-28 00:19:54,1685247595,16.5,45.0,99200,4.00,4.00,5.00,6.00,0.0495,0
2023-05-28 00:24:55,1685247895,16.4,45.0,99200,3.00,4.00,6.00,6.00,0.0131,0
2023-05-28 00:29:55,1685248196,16.3,45.3,99200,4.00,9.00,15.0,18.0,0.0291,0
2023-05-28 00:34:56,1685248497,16.1,45.6,99200,2.00,3.00,5.00,6.00,0.0422,0
2023-05-28 00:39:56,1685248797,16.0,45.9,99200,3.00,4.00,4.00,4.00,0.0582,0
2023-05-28 00:44:57,1685249098,15.9,46.4,99200,2.00,3.00,3.00,4.00,0.0288,0
2023-05-28 00:49:58,1685249398,15.9,46.4,99200,3.00,5.00,5.00,6.00,0.00999,0
2023-05-28 00:54:59,1685249699,15.8,46.3,99200,2.00,2.00,3.00,4.00,0.0127,0
2023-05-28 00:59:59,1685250000,15.7,46.9,99200,2.00,2.00,3.00,3.00,0.0115,0
2023-05-28 01:04:40,1685250280,15.6,47.2,99200,4.00,8.00,10.0,12.0,0.0153,0
2023-05-28 01:09:40,1685250581,15.5,47.4,99200,2.00,3.00,5.00,6.00,0.0153,0
2023-05-28 01:14:41,1685250882,15.4,47.4,99200,2.00,4.00,6.00,7.00,0.0176,0
2023-05-28 01:19:42,1685251183,15.3,47.4,99200,3.00,4.00,8.00,9.00,0.0201,0
2023-05-28 01:24:43,1685251483,15.2,47.8,99200,3.00,5.00,6.00,7.00,0.0147,0
2023-05-28 01:29:44,1685251784,15.0,48.4,99200,3.00,5.00,7.00,8.00,0.0137,0
2023-05-28 01:34:45,1685252085,14.9,48.2,99200,3.00,5.00,8.00,10.0,0.0134,0
2023-05-28 01:39:46,1685252386,14.8,48.4,99200,2.00,4.00,6.00,7.00,0.0189,0
2023-05-28 01:44:47,1685252687,14.8,48.3,99200,2.00,7.00,10.0,12.0,0.00996,0
2023-05-28 01:49:47,1685252988,14.7,48.6,99200,4.00,5.00,8.00,10.0,0.0243,0
2023-05-28 01:54:48,1685253289,14.6,48.9,99200,2.00,4.00,8.00,9.00,0.0148,0
2023-05-28 01:59:49,1685253590,14.5,48.9,99200,2.00,3.00,6.00,8.00,0.0148,0
2023-05-28 02:04:50,1685253891,14.4,49.3,99200,2.00,4.00,6.00,7.00,0.0133,0
2023-05-28 02:09:52,1685254192,14.3,49.4,99200,3.00,4.00,6.00,7.00,0.0137,0
2023-05-28 02:14:53,1685254493,14.2,49.7,99200,3.00,4.00,6.00,6.00,0.0137,0
2023-05-28 02:19:54,1685254794,14.1,50.0,99200,3.00,3.00,4.00,5.00,0.0118,0
2023-05-28 02:24:55,1685255095,14.0,49.9,99200,4.00,5.00,8.00,9.00,0.0112,0
2023-05-28 02:29:56,1685255397,13.9,49.9,99200,2.00,3.00,6.00,7.00,0.0114,0
2023-05-28 02:34:58,1685255698,13.8,49.8,99200,3.00,4.00,4.00,5.00,0.0142,0
2023-05-28 02:39:59,1685256000,13.8,49.9,99200,2.00,3.00,4.00,4.00,0.0149,0
2023-05-28 02:44:40,1685256281,13.7,50.1,99200,3.00,7.00,10.0,12.0,0.0272,0
2023-05-28 02:49:42,1685256582,13.6,50.1,99200,3.00,3.00,4.00,5.00,0.0302,0
2023-05-28 02:54:43,1685256884,13.5,50.3,99200,4.00,5.00,5.00,5.00,0.0244,0
2023-05-28 02:59:44,1685257185,13.4,50.7,99200,4.00,8.00,12.0,13.0,0.0115,0
2023-05-28 03:04:45,1685257486,13.4,50.3,99200,3.00,5.00,5.00,6.00,0.0169,0
2023-05-28 03:09:47,1685257787,13.3,50.5,99200,3.00,5.00,8.00,9.00,0.0176,0
2023-05-28 03:14:48,1685258088,13.2,50.8,99193,3.00,3.00,5.00,6.00,0.0155,0
2023-05-28 03:19:49,1685258390,13.1,50.7,99173,3.00,4.00,5.00,6.00,0.0155,0
2023-05-28 03:24:50,1685258691,13.0,50.5,99193,2.00,2.00,3.00,4.00,0.0119,0
2023-05-28 03:29:52,1685258992,12.9,50.5,99200,3.00,6.00,10.0,12.0,0.0125,0
2023-05-28 03:34:54,1685259294,12.8,50.7,99200,3.00,5.00,8.00,9.00,0.0148,0
2023-05-28 03:39:55,1685259596,12.7,51.2,99200,2.00,4.00,6.00,7.00,0.0196,0
2023-05-28 03:44:57,1685259897,12.6,51.5,99193,2.00,3.00,4.00,4.00,0.0151,0
2023-05-28 03:49:58,1685260199,12.6,51.3,99200,4.00,4.00,5.00,6.00,0.0129,0
2023-05-28 03:54:40,1685260480,12.5,51.3,99200,3.00,3.00,4.00,4.00,0.0116,0
2023-05-28 03:59:42,1685260782,12.4,51.4,99200,3.00,3.00,4.00,5.00,0.0114,0
2023-05-28 04:04:43,1685261084,12.4,51.6,99153,1.00,3.00,4.00,5.00,0.00953,0
2023-05-28 04:09:45,1685261386,12.3,51.6,99100,2.00,4.00,5.00,5.00,0.0101,0
2023-05-28 04:14:47,1685261687,12.2,51.9,99100,3.00,4.00,6.00,7.00,0.0106,0
2023-05-28 04:19:48,1685261989,12.2,52.1,99100,2.00,5.00,7.00,8.00,0.0247,0
2023-05-28 04:24:50,1685262291,12.1,52.0,99100,2.00,4.00,6.00,7.00,0.0201,0
2023-05-28 04:29:52,1685262592,12.0,51.8,99100,2.00,4.00,6.00,7.00,0.0123,0
2023-05-28 04:34:54,1685262894,12.0,51.9,99100,2.00,5.00,8.00,9.00,0.0106,0
2023-05-28 04:39:56,1685263196,11.9,51.8,99100,2.00,3.00,3.00,3.00,0.0122,0
2023-05-28 04:44:58,1685263498,11.9,52.0,99100,3.00,4.00,5.00,6.00,0.0120,0
2023-05-28 04:49:59,1685263800,11.8,51.9,99100,2.00,3.00,4.00,5.00,0.0117,0
2023-05-28 04:54:41,1685264081,11.7,51.9,99100,2.00,2.00,3.00,3.00,0.0114,0
2023-05-28 04:59:43,1685264383,11.7,51.7,99100,4.00,5.00,6.00,7.00,0.0114,0
2023-05-28 05:04:44,1685264685,11.6,51.7,99100,2.00,3.00,3.00,4.00,0.0134,0
2023-05-28 05:09:46,1685264987,11.6,51.9,99100,3.00,5.00,7.00,9.00,0.0249,0
2023-05-28 05:14:48,1685265289,11.6,52.3,99100,2.00,2.00,3.00,3.00,0.0249,0
2023-05-28 05:19:50,1685265590,11.5,52.2,99100,2.00,2.00,3.00,4.00,0.0268,0
2023-05-28 05:24:52,1685265892,11.5,52.4,99100,4.00,5.00,6.00,6.00,0.0268,0
2023-05-28 05:29:53,1685266194,11.5,52.3,99100,2.00,4.00,6.00,7.00,0.0206,0
2023-05-28 05:34:55,1685266496,11.5,52.4,99100,2.00,3.00,5.00,5.00,0.0143,0
2023-05-28 05:39:41,1685266782,11.5,52.5,99100,4.00,4.00,4.00,4.00,0.0132,0
2023-05-28 05:44:43,1685267083,11.6,52.4,99100,4.00,5.00,5.00,5.00,0.0110,0
2023-05-28 05:47:24,1685267244,11.6,52.6,99100,2.00,2.00,3.00,3.00,0.00978,0
2023-05-28 05:52:54,1685267575,11.7,53.4,99100,1.00,4.00,7.00,9.00,0.00950,0
2023-05-28 09:29:01,1685280542,33.2,20.1,98800,2.00,2.00,2.00,2.00,,
2023-05-28 10:49:49,1685285390,39.9,13.9,98800,1.00,3.00,4.00,5.00,,
2023-05-28 10:54:41,1685285682,40.1,13.8,98787,3.00,5.00,6.00,7.00,,
2023-05-28 10:59:52,1685285993,40.2,13.6,98700,4.00,12.0,18.0,21.0,,
2023-05-28 11:01:49,1685286109,40.2,13.7,98700,1e-7,1.00,3.00,3.00,0.0601,0
2023-05-28 11:14:48,1685286889,40.3,13.7,98700,3.00,3.00,4.00,5.00,0.0615,0
2023-05-28 11:15:47,1685286947,40.3,13.5,98700,2.00,4.00,6.00,7.00,0.0745,0
2023-05-28 11:24:50,1685287491,40.7,13.0,98700,2.00,3.00,6.00,7.00,0.0745,0
2023-05-28 11:29:42,1685287783,40.6,12.9,98700,3.00,3.00,4.00,4.00,0.0211,0
2023-05-28 11:31:20,1685287880,40.5,12.8,98700,2.00,3.00,3.00,3.00,0.00893,0
2023-05-28 11:39:45,1685288386,41.5,12.5,98700,2.00,3.00,3.00,3.00,0.00924,0
2023-05-28 11:44:56,1685288697,41.6,12.4,98700,3.00,9.00,14.0,17.0,0.0187,0
2023-05-28 11:47:12,1685288832,41.8,12.6,98700,5.00,5.00,5.00,5.00,0.0445,0
2023-05-28 11:54:58,1685289298,42.0,12.0,98600,2.00,3.00,4.00,5.00,0.0511,0
2023-05-28 11:59:49,1685289590,42.4,11.9,98600,3.00,6.00,10.0,13.0,0.0354,0
2023-05-28 12:02:25,1685289745,42.5,11.4,98600,3.00,4.00,5.00,6.00,0.0204,0
2023-05-28 12:09:51,1685290191,41.8,11.2,98600,1.00,4.00,6.00,7.00,0.0125,0
2023-05-28 12:14:42,1685290483,41.9,11.2,98600,6.00,6.00,6.00,6.00,0.0144,0
2023-05-28 12:16:20,1685290580,41.9,11.2,98600,5.00,5.00,5.00,5.00,0.0254,0
2023-05-28 12:29:55,1685291396,40.9,11.2,98600,4.00,4.00,4.00,4.00,0.0241,0
2023-05-28 12:33:09,1685291590,40.9,11.8,98600,5.00,6.00,6.00,6.00,0.0130,0
2023-05-28 12:39:52,1685291993,41.3,11.6,98600,4.00,6.00,7.00,7.00,0.0163,0
2023-05-28 12:44:44,1685292284,41.5,11.3,98600,41.0,223,373,448,0.169,0
2023-05-28 12:47:58,1685292478,41.6,11.5,98600,8.00,10.0,11.0,11.0,0.359,0
2023-05-28 12:54:50,1685292891,41.8,11.1,98600,3.00,7.00,11.0,13.0,0.468,0
2023-05-28 12:59:42,1685293183,41.5,11.4,98600,6.00,6.00,8.00,8.00,0.468,0
2023-05-28 13:03:16,1685293396,40.9,11.4,98582,6.00,6.00,6.00,6.00,0.446,0
2023-05-28 13:09:47,1685293788,39.3,12.3,98600,2.00,3.00,3.00,4.00,0.241,0
2023-05-28 13:14:40,1685294081,38.9,13.0,98600,5.00,8.00,11.0,13.0,0.0156,0
2023-05-28 13:18:33,1685294314,38.6,13.5,98550,6.00,6.00,6.00,6.00,0.0165,0
2023-05-28 13:24:44,1685294684,38.6,13.7,98600,5.00,6.00,6.00,6.00,0.0142,0
2023-05-28 13:29:56,1685294997,38.6,13.7,98569,4.00,4.00,6.00,7.00,0.0210,0
2023-05-28 13:32:52,1685295172,38.6,13.5,98511,6.00,7.00,7.00,7.00,0.0142,0
2023-05-28 13:39:46,1685295587,38.4,14.1,98600,5.00,5.00,5.00,6.00,0.00867,0
2023-05-28 13:44:57,1685295898,38.4,13.7,98538,5.00,10.0,14.0,16.0,0.0770,0
2023-05-28 13:49:11,1685296151,38.2,14.2,98500,9.00,11.0,12.0,13.0,0.0702,0
2023-05-28 13:59:58,1685296798,38.4,14.2,98544,4.00,4.00,6.00,7.00,0.119,0
2023-05-28 14:03:13,1685296993,38.7,14.1,98500,3.00,3.00,4.00,4.00,0.119,0
2023-05-28 14:09:52,1685297392,38.9,13.3,98522,5.00,6.00,6.00,6.00,0.0318,0
2023-05-28 14:14:45,1685297685,38.7,13.9,98500,3.00,3.00,3.00,3.00,0.0149,0
2023-05-28 14:19:56,1685297996,38.7,14.0,98506,3.00,6.00,8.00,9.00,0.0177,0
2023-05-28 14:24:48,1685298289,38.3,13.7,98500,4.00,4.00,6.00,6.00,0.0162,0
2023-05-28 14:29:41,1685298582,37.8,13.4,98500,4.00,6.00,8.00,9.00,0.0155,0
2023-05-28 14:33:56,1685298836,37.6,13.7,98500,2.00,5.00,7.00,8.00,0.0222,0
2023-05-28 14:39:55,1685299196,37.6,13.4,98500,3.00,3.00,3.00,3.00,0.0280,0
2023-05-28 14:44:49,1685299489,37.4,13.1,98500,3.00,4.00,6.00,6.00,0.0242,0
2023-05-28 14:49:42,1685299783,37.1,13.1,98500,4.00,9.00,13.0,15.0,0.0240,0
2023-05-28 14:54:56,1685300096,36.6,12.6,98500,5.00,7.00,9.00,10.0,0.0162,0
2023-05-28 14:59:50,1685300390,35.9,13.0,98500,4.00,8.00,13.0,15.0,0.0167,0
2023-05-28 15:04:04,1685300645,35.9,13.3,98500,3.00,4.00,5.00,6.00,0.0181,0
2023-05-28 15:29:41,1685302182,36.2,11.8,98500,13.0,42.0,65.0,77.0,,
2023-05-28 15:34:55,1685302495,36.0,11.4,98500,7.00,13.0,18.0,20.0,,
2023-05-28 15:39:49,1685302789,35.6,11.3,98507,7.00,8.00,8.00,8.00,,
2023-05-28 15:44:43,1685303083,35.6,11.2,98507,8.00,11.0,13.0,13.0,0.109,0
2023-05-28 15:49:56,1685303397,35.4,10.3,98581,8.00,8.00,8.00,9.00,0.0723,0
2023-05-28 15:54:51,1685303691,35.1,10.3,98573,10.0,11.0,12.0,14.0,0.0546,0
2023-05-28 15:59:45,1685303985,34.8,8.90,98560,9.00,11.0,12.0,12.0,0.0238,0
2023-05-28 16:04:59,1685304300,34.3,9.75,98600,7.00,8.00,8.00,8.00,0.0555,0
2023-05-28 16:09:54,1685304594,34.0,9.84,98600,7.00,8.00,8.00,8.00,0.0576,0
2023-05-28 16:14:49,1685304889,33.8,9.81,98600,10.0,11.0,11.0,11.0,0.0413,0
2023-05-28 16:19:44,1685305184,33.5,8.55,98600,9.00,10.0,10.0,10.0,0.0275,0
2023-05-28 16:24:58,1685305499,33.1,9.04,98600,8.00,8.00,8.00,8.00,0.0233,0
2023-05-28 16:29:53,1685305794,33.0,9.34,98600,8.00,16.0,22.0,25.0,0.0242,0
2023-05-28 16:34:48,1685306089,32.8,8.96,98600,7.00,7.00,7.00,7.00,0.0403,0
2023-05-28 16:39:44,1685306384,32.8,9.43,98600,6.00,8.00,8.00,9.00,0.0694,0
2023-05-28 16:44:58,1685306699,32.6,9.35,98600,8.00,9.00,10.0,10.0,0.0694,0
2023-05-28 16:49:54,1685306995,32.5,9.67,98600,7.00,8.00,9.00,9.00,0.0239,0
2023-05-28 16:54:49,1685307290,32.3,9.52,98600,8.00,9.00,9.00,10.0,0.0315,0
2023-05-28 16:59:45,1685307585,32.1,9.74,98600,7.00,9.00,11.0,12.0,0.0865,0
2023-05-28 17:04:40,1685307881,31.8,9.93,98600,7.00,10.0,12.0,13.0,0.0377,0
2023-05-28 17:09:56,1685308196,31.6,10.3,98600,7.00,8.00,10.0,10.0,0.0157,0
2023-05-28 17:14:51,1685308492,31.4,9.81,98600,8.00,9.00,13.0,14.0,0.0243,0
2023-05-28 17:19:47,1685308787,31.1,10.4,98600,5.00,7.00,9.00,10.0,0.0828,0
2023-05-28 17:24:43,1685309084,31.0,10.7,98607,8.00,9.00,9.00,9.00,0.119,0
2023-05-28 17:29:59,1685309399,30.8,10.6,98700,9.00,10.0,10.0,12.0,0.0584,0
2023-05-28 17:34:55,1685309695,30.5,10.9,98700,7.00,7.00,7.00,7.00,0.0170,0
2023-05-28 17:39:51,1685309991,30.3,10.9,98700,6.00,7.00,8.00,8.00,0.0398,0
2023-05-28 17:44:47,1685310288,30.1,11.0,98700,4.00,6.00,8.00,9.00,0.0276,0
2023-05-28 17:49:43,1685310584,29.9,11.2,98693,7.00,8.00,9.00,9.00,0.0264,0
2023-05-28 17:54:59,1685310900,29.6,11.2,98700,5.00,8.00,10.0,10.0,0.0190,0
2023-05-28 17:59:56,1685311196,29.4,11.7,98700,7.00,9.00,11.0,12.0,0.0145,0
2023-05-28 18:04:52,1685311493,29.3,12.7,98700,7.00,8.00,8.00,8.00,0.0157,0
2023-05-28 18:09:49,1685311789,29.1,13.4,98700,6.00,6.00,7.00,8.00,0.0444,0
2023-05-28 18:14:45,1685312086,28.9,13.8,98700,4.00,4.00,5.00,5.00,0.0284,0
2023-05-28 18:19:42,1685312383,28.7,14.2,98700,6.00,6.00,6.00,6.00,0.0145,0
2023-05-28 18:24:59,1685312699,28.5,14.8,98700,5.00,6.00,6.00,7.00,0.0118,0
2023-05-28 18:29:55,1685312996,28.4,15.0,98800,3.00,6.00,9.00,10.0,0.0188,0
2023-05-28 18:34:52,1685313293,28.2,15.5,98800,4.00,7.00,10.0,11.0,0.0184,0
2023-05-28 18:39:49,1685313590,27.9,15.8,98800,4.00,15.0,23.0,28.0,0.0404,0
2023-05-28 18:44:47,1685313887,27.7,16.1,98800,4.00,6.00,7.00,7.00,0.0687,0
2023-05-28 18:49:44,1685314184,27.5,16.1,98800,4.00,4.00,5.00,7.00,0.0364,0
2023-05-28 18:54:41,1685314482,27.2,16.3,98800,4.00,5.00,7.00,8.00,0.0227,0
2023-05-28 18:59:58,1685314799,26.9,16.4,98800,4.00,5.00,8.00,9.00,0.00953,0
2023-05-28 19:04:56,1685315096,26.6,16.5,98800,4.00,4.00,5.00,6.00,0.0106,0
2023-05-28 19:09:53,1685315394,26.4,16.6,98800,3.00,4.00,6.00,7.00,0.0205,0
2023-05-28 19:14:51,1685315691,26.1,16.7,98840,6.00,8.00,9.00,10.0,0.0246,0
2023-05-28 19:19:48,1685315989,25.9,17.1,98900,3.00,5.00,10.0,12.0,0.0246,0
2023-05-28 19:24:46,1685316287,25.6,17.0,98900,2.00,4.00,6.00,7.00,0.0295,0
2023-05-28 19:29:44,1685316584,25.4,17.3,98900,6.00,6.00,6.00,7.00,0.0197,0
2023-05-28 19:34:42,1685316882,25.2,17.5,98900,2.00,7.00,11.0,13.0,0.0200,0
2023-05-28 19:39:40,1685317180,24.9,17.6,98900,3.00,3.00,5.00,6.00,0.0156,0
2023-05-28 19:44:58,1685317498,24.6,17.5,98900,4.00,5.00,6.00,6.00,0.0156,0
2023-05-28 19:49:56,1685317796,24.4,17.3,98900,2.00,3.00,3.00,4.00,0.0119,0
2023-05-28 19:54:54,1685318094,24.2,17.7,98900,3.00,7.00,9.00,11.0,0.0168,0
2023-05-28 19:59:52,1685318393,24.0,17.2,98900,2.00,3.00,4.00,5.00,0.0319,0
2023-05-28 20:04:50,1685318691,23.8,17.4,98900,3.00,4.00,5.00,6.00,0.0249,0
2023-05-28 20:09:49,1685318989,23.6,18.1,98900,2.00,3.00,5.00,6.00,0.0193,0
2023-05-28 20:14:47,1685319288,23.3,18.7,98913,2.00,5.00,8.00,10.0,0.0141,0
2023-05-28 20:19:46,1685319586,23.0,18.6,99000,6.00,8.00,10.0,11.0,0.0166,0
2023-05-28 20:24:44,1685319885,22.8,18.5,99000,4.00,4.00,5.00,6.00,0.0206,0
2023-05-28 20:29:43,1685320184,22.6,18.8,99000,2.00,3.00,5.00,6.00,0.0337,0
2023-05-28 20:34:42,1685320482,22.4,19.9,99000,2.00,3.00,4.00,5.00,0.0246,0
2023-05-28 20:39:41,1685320781,22.0,20.8,99000,4.00,5.00,6.00,7.00,0.0127,0
2023-05-28 20:44:40,1685321080,21.7,20.7,99000,1.00,3.00,5.00,6.00,0.0140,0
2023-05-28 20:49:59,1685321399,21.4,21.2,99000,4.00,5.00,8.00,9.00,0.0151,0
2023-05-28 20:54:58,1685321699,21.0,21.7,99000,3.00,4.00,6.00,6.00,0.0191,0
2023-05-28 20:59:57,1685321998,20.7,22.2,99047,3.00,5.00,7.00,8.00,0.0164,0
2023-05-28 21:04:57,1685322297,20.4,22.8,99100,4.00,6.00,8.00,9.00,0.0187,0
2023-05-28 21:09:56,1685322597,20.1,23.2,99100,2.00,6.00,10.0,12.0,0.0187,0
2023-05-28 21:14:56,1685322896,19.8,24.2,99100,3.00,4.00,6.00,7.00,0.0138,0
2023-05-28 21:19:55,1685323196,19.5,24.5,99100,4.00,5.00,9.00,11.0,0.0152,0
2023-05-28 21:24:55,1685323496,19.2,24.9,99100,2.00,3.00,5.00,6.00,0.0119,0
2023-05-28 21:29:55,1685323796,18.9,25.2,99100,2.00,3.00,5.00,6.00,0.0140,0
2023-05-28 21:34:55,1685324096,18.6,25.7,99100,1.00,3.00,4.00,4.00,0.0129,0
2023-05-28 21:39:56,1685324396,18.3,26.8,99100,2.00,3.00,4.00,4.00,0.0135,0
2023-05-28 21:44:56,1685324696,18.1,27.8,99100,5.00,5.00,5.00,5.00,0.0112,0
2023-05-28 21:49:56,1685324996,17.9,27.8,99113,2.00,3.00,5.00,6.00,0.0131,0
2023-05-28 21:54:56,1685325296,17.8,27.9,99200,2.00,3.00,4.00,4.00,0.0104,0
2023-05-28 21:59:56,1685325596,17.7,28.0,99200,2.00,5.00,9.00,11.0,0.0102,0
2023-05-28 22:04:56,1685325896,17.6,27.2,99200,4.00,4.00,5.00,6.00,0.0203,0
2023-05-28 22:09:56,1685326196,17.5,26.6,99200,2.00,4.00,7.00,8.00,0.0203,0
2023-05-28 22:14:56,1685326496,17.5,27.5,99200,1.00,2.00,3.00,4.00,0.0195,0
2023-05-28 22:19:56,1685326796,17.4,28.2,99200,2.00,4.00,6.00,7.00,0.0205,0
2023-05-28 22:24:56,1685327097,17.2,27.8,99200,2.00,5.00,8.00,9.00,0.0205,0
2023-05-28 22:29:57,1685327397,17.0,28.4,99200,2.00,3.00,6.00,7.00,0.0191,0
2023-05-28 22:34:57,1685327697,16.9,28.7,99200,2.00,3.00,5.00,5.00,0.0117,0
2023-05-28 22:39:57,1685327998,16.7,29.1,99200,2.00,4.00,6.00,7.00,0.0122,0
2023-05-28 22:44:58,1685328298,16.6,29.8,99200,4.00,4.00,6.00,7.00,0.0125,0
2023-05-28 22:49:58,1685328598,16.6,29.5,99200,2.00,4.00,7.00,9.00,0.0120,0
2023-05-28 22:54:58,1685328898,16.5,29.6,99200,2.00,4.00,8.00,9.00,0.0137,0
2023-05-28 22:59:59,1685329199,16.4,30.4,99200,4.00,5.00,5.00,6.00,0.0113,0
2023-05-28 23:04:59,1685329500,16.3,30.5,99200,2.00,6.00,9.00,11.0,0.0129,0
2023-05-28 23:09:40,1685329780,16.1,30.9,99200,2.00,7.00,11.0,14.0,0.0197,0
2023-05-28 23:14:43,1685330084,16.0,30.5,99200,2.00,3.00,4.00,5.00,0.0223,0
2023-05-28 23:19:44,1685330384,15.9,30.9,99200,2.00,4.00,8.00,9.00,0.0231,0
2023-05-28 23:24:43,1685330684,15.8,31.7,99200,3.00,3.00,4.00,4.00,0.0129,0
2023-05-28 23:29:44,1685330984,15.7,31.3,99233,1.00,4.00,7.00,9.00,0.0130,0
2023-05-28 23:34:44,1685331285,15.6,30.8,99220,2.00,4.00,6.00,6.00,0.0165,0
2023-05-28 23:39:45,1685331586,15.5,31.3,99220,3.00,4.00,5.00,5.00,0.0145,0
2023-05-28 23:44:46,1685331887,15.4,32.4,99280,4.00,5.00,6.00,7.00,0.0121,0
2023-05-28 23:49:47,1685332187,15.4,32.3,99287,2.00,3.00,3.00,4.00,0.0135,0
2023-05-28 23:54:47,1685332488,15.3,32.4,99280,3.00,3.00,4.00,4.00,0.0209,0
2023-05-28 23:59:48,1685332788,15.3,32.8,99300,1.00,3.00,6.00,7.00,0.0135,0
2023-05-29 00:04:48,1685333089,15.2,33.3,99300,2.00,4.00,7.00,8.00,0.0165,0
2023-05-29 00:09:49,1685333390,15.2,33.4,99300,4.00,4.00,6.00,8.00,0.0165,0
2023-05-29 00:14:50,1685333691,15.1,32.9,99300,3.00,5.00,7.00,8.00,0.0126,0
2023-05-29 00:19:51,1685333992,15.1,33.1,99300,2.00,7.00,11.0,13.0,0.0243,0
2023-05-29 00:24:52,1685334293,15.0,33.1,99300,2.00,6.00,10.0,12.0,0.0243,0
2023-05-29 00:29:53,1685334594,15.0,33.8,99300,3.00,4.00,6.00,7.00,0.0109,0
2023-05-29 00:34:54,1685334895,14.9,33.5,99300,2.00,3.00,4.00,4.00,0.0310,0
2023-05-29 00:39:55,1685335196,14.9,33.4,99300,5.00,7.00,8.00,9.00,0.0310,0
2023-05-29 00:44:57,1685335497,14.9,32.7,99300,3.00,6.00,8.00,10.0,0.0207,0
2023-05-29 00:49:58,1685335798,15.0,32.4,99300,2.00,4.00,6.00,7.00,0.0193,0
2023-05-29 00:54:59,1685336099,15.1,31.8,99300,2.00,3.00,5.00,5.00,0.0189,0
2023-05-29 00:59:40,1685336380,15.1,31.8,99300,4.00,4.00,7.00,8.00,0.0189,0
2023-05-29 01:04:41,1685336681,15.1,31.4,99300,1.00,3.00,6.00,7.00,0.0239,0
2023-05-29 01:09:42,1685336982,15.2,31.1,99200,4.00,5.00,6.00,7.00,0.0146,0
2023-05-29 01:14:43,1685337283,15.2,30.9,99200,3.00,5.00,8.00,10.0,0.0187,0
2023-05-29 01:19:43,1685337584,15.2,30.6,99200,1.00,3.00,6.00,7.00,0.0152,0
2023-05-29 01:24:45,1685337885,15.2,30.8,99200,2.00,5.00,7.00,8.00,0.0182,0
2023-05-29 01:29:46,1685338186,15.1,30.9,99200,2.00,4.00,5.00,6.00,0.0117,0
2023-05-29 01:34:47,1685338487,15.0,31.5,99273,3.00,4.00,7.00,9.00,0.0164,0
2023-05-29 01:39:47,1685338788,14.8,31.9,99300,2.00,3.00,5.00,6.00,0.0186,0
2023-05-29 01:44:49,1685339089,14.5,32.3,99300,3.00,4.00,6.00,8.00,0.0232,0
2023-05-29 01:49:50,1685339390,14.3,33.0,99300,4.00,4.00,4.00,4.00,0.0147,0
2023-05-29 01:54:51,1685339691,14.1,33.4,99300,3.00,3.00,5.00,6.00,0.0147,0
2023-05-29 01:59:52,1685339992,14.0,34.2,99300,3.00,3.00,4.00,4.00,0.0109,0
2023-05-29 02:04:53,1685340293,13.9,34.8,99300,2.00,3.00,5.00,6.00,0.0103,0
2023-05-29 02:09:54,1685340595,13.8,35.2,99300,2.00,3.00,3.00,3.00,0.0103,0
2023-05-29 02:14:55,1685340896,13.6,35.2,99300,2.00,2.00,3.00,4.00,0.0121,0
2023-05-29 02:19:57,1685341197,13.5,35.6,99300,4.00,4.00,4.00,4.00,0.0119,0
2023-05-29 02:24:58,1685341499,13.3,35.6,99300,2.00,4.00,6.00,7.00,0.0120,0
2023-05-29 02:29:59,1685341800,13.2,36.0,99300,2.00,5.00,7.00,9.00,0.0141,0
2023-05-29 02:34:41,1685342081,13.0,36.5,99300,3.00,4.00,5.00,6.00,0.0113,0
2023-05-29 02:39:43,1685342383,12.7,36.6,99307,1.00,2.00,3.00,4.00,0.0149,0
2023-05-29 02:44:44,1685342684,12.5,37.1,99400,1.00,5.00,9.00,10.0,0.0157,0
2023-05-29 02:49:45,1685342986,12.3,37.2,99400,2.00,3.00,4.00,5.00,0.0224,0
2023-05-29 02:54:47,1685343288,12.1,37.3,99400,2.00,5.00,8.00,10.0,0.0198,0
2023-05-29 02:59:49,1685343590,11.9,38.0,99400,2.00,4.00,5.00,6.00,0.0223,0
2023-05-29 03:04:51,1685343892,11.7,38.2,99400,2.00,4.00,8.00,9.00,0.0262,0
2023-05-29 03:09:53,1685344193,11.5,38.8,99400,2.00,5.00,8.00,9.00,0.0301,0
2023-05-29 03:14:55,1685344495,11.3,39.0,99400,2.00,4.00,6.00,7.00,0.0369,0
2023-05-29 03:19:57,1685344797,11.1,39.4,99400,3.00,3.00,5.00,5.00,0.0369,0
2023-05-29 03:24:59,1685345100,11.0,40.2,99400,2.00,3.00,4.00,4.00,0.0103,0
2023-05-29 03:29:41,1685345382,10.8,40.1,99400,1.00,2.00,3.00,4.00,0.0120,0
2023-05-29 03:34:44,1685345684,10.6,40.3,99400,2.00,4.00,7.00,8.00,0.0107,0
2023-05-29 03:39:46,1685345987,10.5,41.3,99400,1.00,3.00,4.00,4.00,0.0116,0
2023-05-29 03:44:48,1685346289,10.3,41.2,99400,2.00,3.00,4.00,5.00,0.0126,0
2023-05-29 03:49:51,1685346591,10.1,41.3,99400,3.00,5.00,7.00,8.00,0.0162,0
2023-05-29 03:54:53,1685346894,10.0,42.1,99400,2.00,3.00,4.00,4.00,0.0162,0
2023-05-29 03:59:56,1685347196,9.85,42.2,99453,4.00,6.00,7.00,8.00,0.0144,0
2023-05-29 04:04:59,1685347499,9.71,42.9,99500,3.00,4.00,5.00,6.00,0.0261,0
2023-05-29 04:09:41,1685347781,9.57,43.0,99500,3.00,3.00,5.00,6.00,0.0192,0
2023-05-29 04:14:43,1685348084,9.45,43.4,99500,2.00,5.00,7.00,8.00,0.0152,0
2023-05-29 04:19:46,1685348386,9.35,44.2,99500,1.00,2.00,3.00,3.00,0.0103,0
2023-05-29 04:24:48,1685348689,9.26,43.9,99500,3.00,4.00,5.00,6.00,0.0177,0
2023-05-29 04:29:51,1685348992,9.17,44.1,99500,2.00,5.00,7.00,9.00,0.0196,0
2023-05-29 04:34:54,1685349294,9.07,44.6,99500,1.00,6.00,10.0,12.0,0.0165,0
2023-05-29 04:39:56,1685349597,8.99,44.4,99500,2.00,4.00,6.00,7.00,0.0143,0
2023-05-29 04:44:59,1685349899,8.89,44.7,99500,2.00,3.00,5.00,6.00,0.0112,0
2023-05-29 04:49:41,1685350181,8.81,45.0,99500,2.00,3.00,4.00,5.00,0.0157,0
2023-05-29 04:54:44,1685350484,8.74,44.8,99500,1.00,5.00,8.00,9.00,0.0156,0
2023-05-29 04:59:46,1685350787,8.67,44.7,99500,1.00,3.00,6.00,8.00,0.0133,0
2023-05-29 05:04:49,1685351090,8.62,45.0,99500,2.00,3.00,5.00,7.00,0.0125,0
2023-05-29 05:09:52,1685351393,8.57,45.0,99500,2.00,2.00,3.00,4.00,0.0157,0
2023-05-29 05:14:55,1685351696,8.52,45.3,99500,2.00,4.00,8.00,9.00,0.0127,0
2023-05-29 05:19:58,1685351998,8.49,45.7,99500,3.00,3.00,4.00,4.00,0.0108,0
2023-05-29 05:24:41,1685352281,8.47,45.8,99500,2.00,3.00,4.00,4.00,0.0146,0
2023-05-29 05:29:43,1685352584,8.45,46.4,99533,2.00,2.00,3.00,4.00,0.0130,0
2023-05-29 05:34:46,1685352887,8.41,46.7,99600,4.00,6.00,8.00,9.00,0.0174,0
2023-05-29 05:39:49,1685353189,8.38,47.2,99600,2.00,4.00,5.00,6.00,0.0238,0
2023-05-29 05:44:51,1685353492,8.41,46.7,99600,1.00,3.00,6.00,7.00,0.0234,0
2023-05-29 05:46:12,1685353573,8.42,47.1,99600,1e-7,1.00,3.00,3.00,0.0216,0
2023-05-29 09:24:56,1685366696,29.9,14.3,99700,1e-7,2.00,3.00,4.00,,
2023-05-29 09:29:49,1685366990,29.9,14.1,99700,2.00,4.00,5.00,5.00,,
2023-05-29 09:33:25,1685367205,29.9,13.8,99700,1.00,4.00,6.00,8.00,,
2023-05-29 10:53:45,1685372026,32.9,12.1,99700,1.00,2.00,3.00,4.00,,
2023-05-29 10:59:42,1685372383,33.2,12.0,99700,1.00,1.00,3.00,4.00,,
2023-05-29 11:04:56,1685372697,33.4,11.9,99700,1.00,3.00,5.00,6.00,0.0106,0
2023-05-29 11:08:31,1685372912,33.7,11.6,99700,1.00,4.00,7.00,8.00,0.0122,0
2023-05-29 11:19:50,1685373591,33.3,11.8,99700,2.00,2.00,2.00,2.00,0.0122,0
2023-05-29 11:23:06,1685373787,33.6,11.9,99700,2.00,2.00,3.00,4.00,0.0105,0
2023-05-29 11:34:55,1685374496,33.6,12.0,99700,1.00,2.00,3.00,4.00,0.0155,0
2023-05-29 11:38:11,1685374692,33.5,12.0,99700,2.00,3.00,5.00,5.00,0.0155,0
2023-05-29 11:44:42,1685375082,33.8,12.0,99700,1e-7,1e-7,1.00,1.00,0.0103,0
2023-05-29 11:49:55,1685375396,33.8,11.9,99700,1.00,2.00,3.00,4.00,0.0117,0
2023-05-29 11:53:31,1685375612,33.9,12.0,99700,2.00,2.00,3.00,4.00,0.0117,0
2023-05-29 12:04:58,1685376298,34.1,11.7,99700,1.00,2.00,3.00,3.00,0.0111,0
2023-05-29 12:09:32,1685376573,33.9,11.6,99700,2.00,8.00,14.0,17.0,0.0222,0
2023-05-29 12:19:46,1685377186,32.8,11.5,99650,2.00,4.00,5.00,5.00,0.0335,0
2023-05-29 12:24:39,1685377480,33.2,11.4,99600,3.00,5.00,5.00,6.00,0.0147,0
2023-05-29 12:34:46,1685378087,33.5,10.9,99600,2.00,4.00,5.00,6.00,0.0147,0
2023-05-29 12:39:40,1685378381,33.4,11.5,99600,1.00,3.00,5.00,6.00,0.0119,0
2023-05-29 12:40:19,1685378420,33.3,11.7,99600,2.00,2.00,2.00,2.00,0.0101,0
2023-05-29 12:49:52,1685378992,33.3,11.9,99600,1.00,2.00,3.00,4.00,0.0135,0
2023-05-29 12:54:46,1685379287,33.4,12.0,99600,16.0,78.0,129,154,0.0182,0
2023-05-29 12:55:05,1685379306,33.3,12.2,99600,1.00,6.00,9.00,11.0,0.00954,0
2023-05-29 13:04:55,1685379895,32.8,12.4,99600,1.00,6.00,10.0,12.0,0.0713,0
2023-05-29 13:09:30,1685380170,32.9,12.1,99600,1e-7,2.00,4.00,4.00,0.0825,0
2023-05-29 13:19:56,1685380797,33.0,12.1,99600,1.00,3.00,5.00,6.00,0.0862,0
2023-05-29 13:24:51,1685381091,33.2,12.3,99600,1.00,3.00,6.00,7.00,0.0862,0
2023-05-29 13:26:09,1685381169,33.5,12.1,99600,1.00,1.00,2.00,2.00,0.00967,0
2023-05-29 13:34:43,1685381684,33.7,11.4,99600,1.00,2.00,3.00,4.00,0.0122,0
2023-05-29 13:39:57,1685381998,33.4,11.4,99600,1e-7,3.00,5.00,6.00,0.0122,0
2023-05-29 13:41:16,1685382076,33.1,11.4,99600,1.00,2.00,3.00,4.00,0.0114,0
2023-05-29 13:49:52,1685382592,32.8,12.0,99600,1.00,3.00,4.00,4.00,0.0121,0
2023-05-29 13:54:46,1685382887,32.6,11.9,99600,1.00,4.00,6.00,7.00,0.0101,0
2023-05-29 13:55:26,1685382926,32.4,12.1,99600,1e-7,1e-7,1e-7,1e-7,0.0111,0
2023-05-29 14:09:45,1685383786,32.0,12.7,99500,2.00,2.00,3.00,4.00,0.0114,0
2023-05-29 14:12:02,1685383923,32.0,12.6,99500,1.00,3.00,6.00,7.00,0.0157,0
2023-05-29 14:19:58,1685384398,31.7,12.9,99500,4.00,4.00,4.00,4.00,0.0157,0
2023-05-29 14:24:53,1685384693,31.6,12.9,99500,3.00,3.00,3.00,4.00,0.0166,0
2023-05-29 14:26:11,1685384772,31.6,13.0,99500,1.00,2.00,4.00,4.00,0.0164,0
2023-05-29 14:34:57,1685385298,31.6,13.1,99500,1e-7,1.00,2.00,3.00,0.0148,0
2023-05-29 14:39:52,1685385593,31.4,13.2,99500,1.00,3.00,6.00,7.00,0.0104,0
2023-05-29 14:41:11,1685385671,31.1,13.2,99500,2.00,3.00,3.00,3.00,0.00929,0
2023-05-29 14:54:52,1685386493,30.2,14.6,99500,2.00,3.00,3.00,3.00,0.00992,0
2023-05-29 14:57:10,1685386630,30.0,14.6,99500,1.00,3.00,5.00,6.00,0.0102,0
2023-05-29 15:04:51,1685387092,29.8,14.9,99500,1.00,1.00,3.00,3.00,0.0101,0
2023-05-29 15:09:47,1685387388,29.5,14.9,99500,1.00,2.00,3.00,4.00,0.0136,0
2023-05-29 15:11:46,1685387506,29.4,15.2,99500,1e-7,2.00,3.00,4.00,0.0124,0
2023-05-29 15:19:59,1685387999,29.1,16.0,99500,2.00,3.00,6.00,7.00,0.0107,0
2023-05-29 15:24:55,1685388296,29.1,15.7,99500,2.00,3.00,4.00,5.00,0.0167,0
2023-05-29 15:29:51,1685388592,29.1,15.1,99500,1.00,2.00,3.00,4.00,0.0128,0
2023-05-29 15:34:48,1685388888,28.9,15.3,99500,2.00,2.00,3.00,3.00,0.0104,0
2023-05-29 15:39:44,1685389184,28.7,15.9,99500,2.00,2.00,3.00,4.00,0.0103,0
2023-05-29 15:44:40,1685389480,28.6,16.0,99500,2.00,3.00,5.00,6.00,0.0105,0
2023-05-29 15:49:56,1685389797,28.7,16.1,99500,2.00,8.00,13.0,15.0,0.0105,0
2023-05-29 15:54:53,1685390093,28.6,16.0,99500,2.00,3.00,5.00,6.00,0.0280,0
2023-05-29 15:59:49,1685390390,28.5,16.1,99433,14.0,72.0,120,144,0.193,0
2023-05-29 16:04:46,1685390687,28.1,16.1,99447,1.00,3.00,5.00,6.00,0.197,0
2023-05-29 16:09:43,1685390984,27.8,16.5,99400,2.00,3.00,4.00,5.00,0.210,0
2023-05-29 16:14:40,1685391280,27.5,16.9,99400,2.00,3.00,6.00,7.00,0.205,0
2023-05-29 16:19:57,1685391598,27.3,17.1,99400,1.00,4.00,7.00,8.00,0.0120,0
2023-05-29 16:24:54,1685391895,27.0,17.2,99400,1.00,6.00,10.0,12.0,0.0168,0
2023-05-29 16:29:51,1685392192,26.8,17.3,99400,1e-7,2.00,3.00,4.00,0.0168,0
2023-05-29 16:34:48,1685392489,26.6,17.3,99400,1.00,3.00,5.00,6.00,0.0147,0
2023-05-29 16:39:46,1685392786,26.6,17.5,99400,1.00,4.00,8.00,9.00,0.0117,0
2023-05-29 16:44:43,1685393083,26.6,17.4,99400,1.00,2.00,3.00,4.00,0.0120,0
2023-05-29 16:49:40,1685393380,26.5,17.4,99400,3.00,7.00,10.0,11.0,0.0168,0
2023-05-29 16:54:58,1685393698,26.3,17.5,99400,1e-7,2.00,3.00,4.00,0.0264,0
2023-05-29 16:59:56,1685393996,26.0,17.6,99400,1.00,3.00,3.00,4.00,0.0264,0
2023-05-29 17:04:53,1685394294,25.7,17.9,99400,1.00,4.00,7.00,8.00,0.0194,0
2023-05-29 17:09:51,1685394591,25.5,18.0,99400,1.00,3.00,6.00,7.00,0.0194,0
2023-05-29 17:14:48,1685394889,25.3,18.4,99400,2.00,8.00,14.0,16.0,0.0254,0
2023-05-29 17:19:46,1685395187,25.2,18.5,99400,1e-7,2.00,4.00,5.00,0.0254,0
2023-05-29 17:24:44,1685395484,25.1,18.4,99400,2.00,3.00,5.00,6.00,0.0391,0
2023-05-29 17:29:41,1685395782,24.9,18.3,99400,1.00,5.00,8.00,10.0,0.0269,0
2023-05-29 17:34:59,1685396100,24.7,18.5,99400,1.00,2.00,3.00,4.00,0.0170,0
2023-05-29 17:39:57,1685396398,24.5,18.7,99400,1.00,2.00,3.00,4.00,0.0183,0
2023-05-29 17:44:56,1685396696,24.3,18.6,99400,1.00,5.00,8.00,10.0,0.0131,0
2023-05-29 17:49:54,1685396994,24.1,19.2,99400,2.00,3.00,5.00,6.00,0.0240,0
2023-05-29 17:54:52,1685397292,24.0,19.4,99400,1.00,2.00,3.00,3.00,0.0192,0
2023-05-29 17:59:50,1685397590,23.9,19.2,99400,1.00,2.00,3.00,4.00,0.0212,0
2023-05-29 18:04:48,1685397889,23.7,19.3,99400,1e-7,1.00,3.00,4.00,0.0117,0
2023-05-29 18:09:46,1685398187,23.6,19.5,99400,1.00,2.00,3.00,4.00,0.00995,0
2023-05-29 18:14:45,1685398485,23.5,19.5,99400,1.00,2.00,4.00,5.00,0.0102,0
2023-05-29 18:19:43,1685398783,23.4,19.7,99400,2.00,2.00,3.00,4.00,0.0102,0
2023-05-29 18:24:41,1685399082,23.3,20.0,99400,2.00,3.00,5.00,6.00,0.0115,0
2023-05-29 18:29:40,1685399380,23.1,20.0,99400,1.00,3.00,5.00,7.00,0.0156,0
2023-05-29 18:34:58,1685399699,23.0,20.3,99400,2.00,3.00,3.00,4.00,0.0185,0
2023-05-29 18:39:57,1685399997,22.9,20.8,99460,1.00,2.00,3.00,4.00,0.0163,0
2023-05-29 18:44:55,1685400296,22.7,20.5,99480,2.00,3.00,5.00,6.00,0.0130,0
2023-05-29 18:49:54,1685400594,22.5,20.7,99500,1.00,3.00,6.00,8.00,0.0173,0
2023-05-29 18:54:52,1685400892,22.4,20.8,99500,1e-7,3.00,6.00,8.00,0.0172,0
2023-05-29 18:59:51,1685401191,22.3,20.6,99500,1e-7,2.00,3.00,4.00,0.0142,0
2023-05-29 19:04:50,1685401490,22.1,20.3,99500,2.00,8.00,14.0,16.0,0.0232,0
2023-05-29 19:09:49,1685401789,22.0,20.5,99500,1.00,4.00,7.00,9.00,0.0631,0
2023-05-29 19:14:48,1685402088,21.8,21.2,99500,1.00,2.00,3.00,4.00,0.0516,0
2023-05-29 19:19:47,1685402387,21.7,21.4,99500,1e-7,2.00,3.00,4.00,0.0516,0
2023-05-29 19:24:46,1685402686,21.5,21.4,99500,1.00,3.00,5.00,6.00,0.0112,0
2023-05-29 19:29:45,1685402985,21.4,22.4,99500,1e-7,2.00,3.00,4.00,0.0112,0
2023-05-29 19:34:44,1685403284,21.2,22.7,99500,2.00,5.00,8.00,10.0,0.0145,0
2023-05-29 19:39:43,1685403584,21.0,23.2,99500,2.00,3.00,5.00,6.00,0.0247,0
2023-05-29 19:44:42,1685403883,20.7,23.9,99500,1e-7,2.00,3.00,4.00,0.0158,0
2023-05-29 19:49:42,1685404182,20.4,24.6,99500,1.00,2.00,3.00,4.00,0.0156,0
2023-05-29 19:54:41,1685404482,20.1,25.4,99500,1.00,2.00,3.00,4.00,0.0128,0
2023-05-29 19:59:41,1685404781,19.8,25.7,99500,1.00,1.00,2.00,2.00,0.00995,0
2023-05-29 20:04:41,1685405081,19.4,26.4,99500,1e-7,2.00,3.00,4.00,0.00995,0
2023-05-29 20:09:40,1685405381,19.1,26.9,99500,1.00,2.00,3.00,4.00,0.00995,0
2023-05-29 20:14:40,1685405681,18.8,27.3,99500,1e-7,3.00,6.00,8.00,0.0153,0
2023-05-29 20:19:40,1685405981,18.4,27.8,99500,1.00,4.00,6.00,8.00,0.0141,0
2023-05-29 20:24:40,1685406281,18.1,28.3,99500,1.00,3.00,5.00,6.00,0.0100,0
2023-05-29 20:29:40,1685406581,17.8,28.9,99500,1.00,2.00,3.00,4.00,0.0126,0
2023-05-29 20:34:40,1685406881,17.5,29.4,99500,1.00,2.00,3.00,4.00,0.0140,0
2023-05-29 20:39:40,1685407181,17.2,30.1,99500,1.00,2.00,3.00,4.00,0.0100,0
2023-05-29 20:44:40,1685407481,16.8,30.7,99500,1.00,3.00,6.00,8.00,0.00995,0
2023-05-29 20:49:41,1685407781,16.5,32.0,99500,1.00,4.00,7.00,8.00,0.0132,0
2023-05-29 20:54:42,1685408082,16.2,32.8,99500,1.00,2.00,3.00,4.00,0.0131,0
2023-05-29 20:59:42,1685408383,16.0,33.0,99500,1.00,1.00,2.00,3.00,0.0144,0
2023-05-29 21:04:43,1685408684,15.7,33.4,99500,1.00,3.00,5.00,6.00,0.0119,0
2023-05-29 21:09:44,1685408984,15.4,33.8,99500,1.00,2.00,3.00,4.00,0.0119,0
2023-05-29 21:14:45,1685409285,15.2,34.1,99500,1.00,2.00,3.00,4.00,0.0116,0
2023-05-29 21:19:46,1685409586,14.9,35.1,99500,1.00,4.00,8.00,9.00,0.0114,0
2023-05-29 21:24:47,1685409887,14.7,35.5,99500,15.0,65.0,107,127,0.328,0
2023-05-29 21:29:48,1685410188,14.5,36.0,99500,1.00,4.00,6.00,7.00,0.436,0
2023-05-29 21:34:49,1685410489,14.3,36.2,99500,1.00,5.00,9.00,12.0,0.385,0
2023-05-29 21:39:50,1685410790,14.1,37.0,99500,1.00,3.00,6.00,7.00,0.289,0
2023-05-29 21:44:51,1685411091,13.9,37.4,99500,3.00,15.0,25.0,30.0,0.0243,0
2023-05-29 21:49:52,1685411393,13.7,37.7,99500,1.00,6.00,10.0,12.0,0.0797,0
2023-05-29 21:54:54,1685411694,13.5,38.2,99500,1.00,7.00,12.0,15.0,0.0797,0
2023-05-29 21:59:55,1685411995,13.4,39.1,99500,1.00,3.00,6.00,8.00,0.0447,0
2023-05-29 22:04:56,1685412297,13.2,39.2,99500,1e-7,2.00,3.00,4.00,0.0650,0
2023-05-29 22:09:58,1685412598,13.0,39.3,99547,2.00,6.00,10.0,12.0,0.0238,0
2023-05-29 22:14:59,1685412900,12.9,39.7,99600,1.00,2.00,3.00,4.00,0.0125,0
2023-05-29 22:19:40,1685413181,12.8,39.7,99586,1.00,4.00,7.00,9.00,0.0162,0
2023-05-29 22:24:42,1685413482,12.7,39.9,99500,1.00,3.00,4.00,5.00,0.0170,0
2023-05-29 22:29:44,1685413784,12.6,40.2,99500,2.00,4.00,6.00,7.00,0.0170,0
2023-05-29 22:34:45,1685414086,12.5,40.4,99500,1.00,2.00,3.00,4.00,0.0209,0
2023-05-29 22:39:47,1685414387,12.4,40.7,99507,2.00,2.00,3.00,4.00,0.0209,0
2023-05-29 22:44:49,1685414689,12.2,40.6,99507,1.00,2.00,3.00,4.00,0.00995,0
2023-05-29 22:49:50,1685414991,12.2,40.4,99500,1e-7,2.00,3.00,4.00,0.00995,0
2023-05-29 22:54:52,1685415293,12.1,40.6,99500,1.00,3.00,6.00,8.00,0.0145,0
2023-05-29 22:59:54,1685415594,12.0,40.4,99500,1.00,2.00,3.00,4.00,0.0160,0
2023-05-29 23:04:56,1685415896,11.9,40.9,99507,1e-7,5.00,9.00,11.0,0.0127,0
2023-05-29 23:09:57,1685416198,11.8,41.2,99600,2.00,2.00,2.00,3.00,0.0107,0
2023-05-29 23:14:59,1685416500,11.7,41.6,99600,1.00,2.00,3.00,4.00,0.0150,0
2023-05-29 23:19:41,1685416781,11.6,41.7,99600,2.00,2.00,3.00,4.00,0.00995,0
2023-05-29 23:24:43,1685417083,11.6,41.6,99600,1.00,2.00,3.00,4.00,0.00995,0
2023-05-29 23:29:44,1685417385,11.5,42.0,99600,2.00,2.00,3.00,4.00,0.00995,0
2023-05-29 23:34:46,1685417687,11.4,42.2,99600,1.00,4.00,7.00,8.00,0.0151,0
2023-05-29 23:39:48,1685417989,11.4,42.5,99600,1e-7,3.00,6.00,7.00,0.0164,0
2023-05-29 23:44:51,1685418291,11.3,42.9,99573,1e-7,1.00,3.00,4.00,0.0120,0
2023-05-29 23:49:53,1685418594,11.3,42.5,99500,1e-7,3.00,5.00,6.00,0.0107,0
2023-05-29 23:54:55,1685418896,11.2,42.6,99500,1.00,3.00,5.00,6.00,0.0109,0
2023-05-29 23:59:57,1685419197,11.2,42.5,99533,1e-7,1.00,2.00,3.00,0.0110,0
2023-05-30 00:04:59,1685419499,11.1,42.3,99500,1.00,2.00,3.00,3.00,0.0117,0
2023-05-30 00:09:42,1685419782,11.0,42.2,99500,1e-7,1.00,3.00,4.00,0.0113,0
2023-05-30 00:14:44,1685420084,11.0,42.2,99500,1.00,2.00,3.00,4.00,0.00995,0
2023-05-30 00:19:46,1685420386,10.9,42.5,99500,1e-7,2.00,3.00,4.00,0.00995,0
2023-05-30 00:24:48,1685420689,10.8,42.5,99500,1.00,1.00,3.00,4.00,0.00995,0
2023-05-30 00:29:51,1685420991,10.7,42.7,99500,1e-7,2.00,3.00,4.00,0.00995,0
2023-05-30 00:34:53,1685421294,10.6,42.9,99500,1.00,2.00,3.00,4.00,0.00995,0
2023-05-30 00:39:56,1685421596,10.5,43.8,99500,1.00,2.00,3.00,4.00,0.00995,0
2023-05-30 00:44:58,1685421899,10.4,43.8,99500,1.00,4.00,7.00,8.00,0.0141,0
2023-05-30 00:49:40,1685422180,10.3,44.1,99500,1.00,4.00,7.00,8.00,0.00999,0
2023-05-30 00:54:42,1685422482,10.2,44.3,99500,1.00,2.00,3.00,4.00,0.0131,0
2023-05-30 00:59:44,1685422785,10.2,44.7,99500,2.00,2.00,3.00,4.00,0.0100,0
2023-05-30 01:04:46,1685423087,10.1,44.6,99500,1e-7,2.00,3.00,4.00,0.0143,0
2023-05-30 01:09:49,1685423389,10.1,44.7,99500,1.00,2.00,3.00,4.00,0.00995,0
2023-05-30 01:14:52,1685423692,10.0,44.6,99500,1.00,2.00,3.00,4.00,0.00995,0
2023-05-30 01:19:54,1685423994,10.0,44.8,99560,2.00,2.00,3.00,4.00,0.00995,0
2023-05-30 01:24:56,1685424297,9.95,45.2,99500,1.00,2.00,3.00,4.00,0.00995,0
2023-05-30 01:29:58,1685424599,9.90,45.2,99500,1.00,3.00,5.00,6.00,0.0119,0
2023-05-30 01:34:41,1685424881,9.86,45.1,99500,1.00,2.00,3.00,4.00,0.0132,0
2023-05-30 01:39:43,1685425184,9.81,45.3,99500,1.00,2.00,3.00,4.00,0.0110,0
2023-05-30 01:44:46,1685425486,9.75,45.2,99500,1e-7,2.00,3.00,4.00,0.00995,0
2023-05-30 01:49:48,1685425789,9.71,45.7,99500,1e-7,2.00,3.00,4.00,0.00995,0
2023-05-30 01:54:51,1685426091,9.69,45.3,99500,1e-7,2.00,3.00,4.00,0.00995,0
2023-05-30 01:59:53,1685426394,9.65,45.5,99500,3.00,3.00,3.00,4.00,0.00995,0
2023-05-30 02:04:56,1685426696,9.60,45.3,99500,1.00,4.00,7.00,8.00,0.0112,0
2023-05-30 02:09:58,1685426999,9.53,45.9,99500,1.00,3.00,5.00,6.00,0.0113,0
2023-05-30 02:14:41,1685427281,9.48,46.1,99500,1e-7,2.00,3.00,4.00,0.0113,0
2023-05-30 02:19:43,1685427584,9.43,46.4,99500,1e-7,2.00,3.00,4.00,0.0114,0
2023-05-30 02:24:46,1685427886,9.41,46.4,99500,1e-7,2.00,3.00,4.00,0.0118,0
2023-05-30 02:29:48,1685428189,9.36,46.1,99500,1.00,1.00,2.00,3.00,0.00995,0
2023-05-30 02:34:51,1685428491,9.33,46.6,99500,1.00,2.00,3.00,4.00,0.00995,0
2023-05-30 02:39:53,1685428794,9.30,46.8,99500,2.00,2.00,3.00,4.00,0.00995,0
2023-05-30 02:44:56,1685429096,9.28,46.7,99500,1.00,2.00,3.00,4.00,0.00995,0
2023-05-30 02:49:58,1685429399,9.24,46.8,99500,1.00,2.00,3.00,4.00,0.00995,0
2023-05-30 02:54:41,1685429681,9.22,46.7,99500,1e-7,2.00,3.00,4.00,0.00995,0
2023-05-30 02:59:43,1685429984,9.18,47.0,99500,1.00,3.00,6.00,8.00,0.0152,0
2023-05-30 03:04:46,1685430286,9.14,47.0,99500,1.00,2.00,3.00,4.00,0.0152,0
2023-05-30 03:09:48,1685430589,9.10,47.4,99500,1.00,2.00,3.00,4.00,0.0130,0
2023-05-30 03:14:51,1685430892,9.06,47.4,99500,1.00,2.00,3.00,4.00,0.0112,0
2023-05-30 03:19:54,1685431195,9.03,47.3,99500,1.00,4.00,7.00,8.00,0.00995,0
2023-05-30 03:24:57,1685431497,9.01,47.8,99500,1e-7,1.00,2.00,3.00,0.0146,0
2023-05-30 03:29:59,1685431800,9.00,48.1,99500,1.00,3.00,5.00,6.00,0.0142,0
2023-05-30 03:34:42,1685432082,8.99,48.1,99500,1e-7,2.00,3.00,4.00,0.0138,0
2023-05-30 03:39:44,1685432385,8.99,48.1,99500,1.00,3.00,6.00,8.00,0.0118,0
2023-05-30 03:44:47,1685432687,9.00,48.2,99500,1.00,2.00,3.00,4.00,0.0127,0
2023-05-30 03:49:49,1685432990,9.00,48.9,99500,1.00,3.00,6.00,7.00,0.0128,0
2023-05-30 03:54:52,1685433292,8.98,49.0,99500,1e-7,2.00,3.00,4.00,0.0144,0
2023-05-30 03:59:54,1685433595,8.96,48.5,99500,2.00,2.00,3.00,4.00,0.0142,0
2023-05-30 04:04:57,1685433897,8.93,48.6,99500,1e-7,2.00,3.00,4.00,0.00995,0
2023-05-30 04:09:59,1685434200,8.93,48.6,99500,2.00,2.00,3.00,4.00,0.00995,0
2023-05-30 04:14:42,1685434482,8.92,48.8,99500,1e-7,1.00,3.00,4.00,0.00995,0
2023-05-30 04:19:45,1685434785,8.87,49.0,99500,1e-7,2.00,3.00,4.00,0.00995,0
2023-05-30 04:24:47,1685435088,8.85,48.9,99500,1.00,3.00,6.00,7.00,0.0117,0
2023-05-30 04:29:50,1685435390,8.84,49.9,99500,1.00,2.00,4.00,4.00,0.0117,0
2023-05-30 04:34:52,1685435693,8.81,49.5,99500,3.00,3.00,3.00,4.00,0.0137,0
2023-05-30 04:39:55,1685435995,8.80,49.9,99500,1e-7,3.00,6.00,7.00,0.0127,0
2023-05-30 04:44:57,1685436298,8.80,49.4,99500,1.00,5.00,7.00,8.00,0.0225,0
2023-05-30 04:49:40,1685436580,8.78,49.3,99500,2.00,3.00,5.00,6.00,0.0202,0
2023-05-30 04:54:42,1685436883,8.73,49.4,99500,1.00,2.00,3.00,4.00,0.0174,0
2023-05-30 04:59:45,1685437186,8.69,49.5,99500,1e-7,2.00,3.00,4.00,0.0113,0
2023-05-30 05:04:48,1685437488,8.64,49.8,99500,1e-7,3.00,6.00,7.00,0.0113,0
2023-05-30 05:09:50,1685437791,8.61,49.7,99500,1.00,2.00,3.00,4.00,0.0127,0
2023-05-30 05:14:53,1685438093,8.60,49.2,99500,1e-7,2.00,3.00,4.00,0.0127,0
2023-05-30 05:19:55,1685438396,8.61,49.5,99500,1e-7,3.00,5.00,6.00,0.0109,0
2023-05-30 05:24:58,1685438698,8.62,49.4,99500,1.00,3.00,5.00,6.00,0.0109,0
2023-05-30 05:29:41,1685438981,8.64,49.9,99500,1.00,2.00,3.00,4.00,0.0108,0
2023-05-30 05:34:43,1685439284,8.66,50.8,99500,2.00,4.00,6.00,7.00,0.0109,0
2023-05-30 05:38:25,1685439506,8.68,51.8,99500,1.00,2.00,4.00,5.00,0.0120,0
2023-05-30 09:29:48,1685453389,36.1,13.2,99500,1e-7,1.00,2.00,3.00,,
2023-05-30 09:34:40,1685453681,36.0,13.2,99500,2.00,2.00,2.00,3.00,,
2023-05-30 09:37:36,1685453856,36.0,13.0,99500,1e-7,1e-7,1e-7,1e-7,,
2023-05-30 10:54:54,1685458494,37.1,12.2,99500,1.00,2.00,3.00,4.00,0.00995,0
2023-05-30 10:59:47,1685458787,37.1,12.1,99500,1.00,6.00,10.0,12.0,0.0306,0
2023-05-30 11:03:41,1685459021,36.8,11.9,99500,5.00,5.00,5.00,5.00,0.0275,0
2023-05-30 11:14:57,1685459698,36.6,12.1,99500,2.00,2.00,3.00,4.00,0.0193,0
2023-05-30 11:18:51,1685459932,36.3,12.5,99500,1.00,1.00,3.00,4.00,0.0144,0
2023-05-30 11:24:44,1685460285,36.1,12.7,99500,1e-7,2.00,3.00,4.00,0.0101,0
2023-05-30 11:29:57,1685460597,36.1,12.5,99500,2.00,3.00,3.00,3.00,0.0118,0
2023-05-30 11:34:11,1685460851,36.2,12.7,99423,2.00,2.00,3.00,4.00,0.0105,0
2023-05-30 11:44:58,1685461498,36.9,12.1,99400,1.00,3.00,5.00,6.00,0.0135,0
2023-05-30 11:48:52,1685461732,37.1,12.0,99400,1.00,3.00,5.00,7.00,0.0135,0
2023-05-30 11:54:57,1685462097,36.9,11.7,99400,1e-7,1.00,1.00,1.00,0.0109,0
2023-05-30 11:59:50,1685462390,36.8,12.0,99400,1.00,5.00,9.00,11.0,0.0149,0
2023-05-30 12:04:04,1685462644,36.8,11.9,99400,1.00,2.00,4.00,5.00,0.0155,0
2023-05-30 12:14:49,1685463289,36.8,11.9,99400,1.00,2.00,3.00,4.00,0.0171,0
2023-05-30 12:19:03,1685463543,37.2,11.5,99400,1.00,2.00,3.00,4.00,0.0117,0
2023-05-30 12:29:50,1685464191,36.5,11.2,99400,3.00,15.0,25.0,31.0,0.0116,0
2023-05-30 12:34:04,1685464445,36.4,11.3,99400,1.00,3.00,6.00,7.00,0.0944,0
2023-05-30 12:39:50,1685464790,36.0,11.1,99400,1e-7,1.00,2.00,3.00,0.0944,0
2023-05-30 12:44:43,1685465083,35.9,11.2,99400,1.00,2.00,3.00,4.00,0.0868,0
2023-05-30 12:49:56,1685465396,36.0,11.2,99400,2.00,3.00,5.00,6.00,0.0890,0
2023-05-30 12:50:53,1685465454,36.1,11.3,99400,1.00,2.00,4.00,5.00,0.0106,0
2023-05-30 12:59:41,1685465981,36.3,10.7,99400,1.00,3.00,6.00,7.00,0.0124,0
2023-05-30 13:04:54,1685466294,36.3,10.7,99400,1.00,2.00,3.00,4.00,0.0143,0
2023-05-30 13:05:13,1685466313,36.6,10.5,99400,1e-7,1.00,2.00,3.00,0.0143,0
2023-05-30 13:14:59,1685466899,36.3,10.4,99300,1.00,5.00,8.00,9.00,0.0156,0
2023-05-30 13:19:52,1685467193,36.1,10.7,99300,2.00,3.00,3.00,4.00,0.0257,0
2023-05-30 13:34:53,1685468094,36.6,10.6,99300,1e-7,1.00,3.00,4.00,0.0252,0
2023-05-30 13:39:58,1685468398,36.8,10.6,99300,2.00,2.00,3.00,4.00,0.0252,0
2023-05-30 13:44:51,1685468691,36.8,10.3,99300,2.00,2.00,4.00,5.00,0.0134,0
2023-05-30 13:49:44,1685468985,36.7,10.2,99300,1.00,2.00,3.00,4.00,0.0102,0
2023-05-30 13:50:04,1685469004,36.7,10.2,99300,1e-7,1e-7,1e-7,1e-7,0.0100,0
2023-05-30 14:04:41,1685469882,36.9,10.4,99300,2.00,2.00,3.00,3.00,0.0103,0
2023-05-30 14:06:38,1685469999,37.0,10.3,99300,3.00,6.00,8.00,9.00,0.0102,0
2023-05-30 14:14:59,1685470500,36.4,10.1,99300,39.0,234,393,474,0.0198,0
2023-05-30 14:19:53,1685470793,35.9,10.3,99300,2.00,3.00,6.00,7.00,0.171,0
2023-05-30 14:21:11,1685470871,35.7,10.1,99300,1.00,2.00,3.00,4.00,0.137,0
2023-05-30 14:29:58,1685471398,35.6,11.0,99300,1.00,4.00,6.00,7.00,0.161,0
2023-05-30 14:34:52,1685471692,35.6,10.8,99300,1.00,2.00,3.00,4.00,0.141,0
2023-05-30 14:35:50,1685471751,35.5,10.5,99267,2.00,5.00,7.00,8.00,0.0125,0
2023-05-30 14:44:44,1685472284,34.9,11.6,99300,2.00,2.00,3.00,3.00,0.0125,0
2023-05-30 14:49:58,1685472598,34.8,11.6,99225,2.00,7.00,10.0,12.0,0.0205,0
2023-05-30 14:52:53,1685472774,34.8,11.5,99200,2.00,2.00,2.00,2.00,0.0170,0
2023-05-30 14:59:44,1685473185,34.5,12.0,99200,1e-7,2.00,4.00,5.00,0.0105,0
2023-05-30 15:04:59,1685473499,34.5,11.9,99200,2.00,3.00,5.00,6.00,0.0239,0
2023-05-30 15:07:35,1685473655,34.4,11.8,99200,1.00,2.00,3.00,4.00,0.0175,0
2023-05-30 15:14:49,1685474090,34.0,12.0,99200,2.00,2.00,2.00,3.00,0.0124,0
2023-05-30 15:19:44,1685474384,33.9,12.2,99200,1.00,3.00,4.00,5.00,0.0120,0
2023-05-30 15:21:42,1685474502,33.8,12.0,99200,1.00,4.00,7.00,8.00,0.00989,0
2023-05-30 15:29:53,1685474994,33.9,11.1,99200,1.00,1.00,1.00,1.00,0.0121,0
2023-05-30 15:34:48,1685475288,33.9,11.7,99200,2.00,3.00,6.00,7.00,0.0123,0
2023-05-30 15:38:04,1685475484,33.9,11.9,99200,1.00,2.00,3.00,4.00,0.0123,0
2023-05-30 15:44:58,1685475898,33.9,11.9,99200,32.0,177,295,355,0.0623,0
2023-05-30 15:49:52,1685476193,33.9,11.8,99200,2.00,4.00,8.00,9.00,0.369,0
2023-05-30 15:54:47,1685476488,33.6,12.0,99200,2.00,3.00,4.00,5.00,0.370,0
2023-05-30 15:59:42,1685476783,33.4,12.2,99200,1.00,2.00,3.00,4.00,0.372,0
2023-05-30 16:04:57,1685477098,33.3,12.6,99200,2.00,3.00,4.00,4.00,0.0177,0
2023-05-30 16:09:52,1685477393,33.1,12.5,99200,2.00,4.00,6.00,7.00,0.0141,0
2023-05-30 16:14:47,1685477688,32.8,12.7,99200,2.00,2.00,3.00,4.00,0.0132,0
2023-05-30 16:19:43,1685477983,32.6,12.8,99200,1.00,4.00,7.00,9.00,0.0120,0
2023-05-30 16:24:58,1685478298,32.3,13.0,99200,1.00,3.00,5.00,6.00,0.0148,0
2023-05-30 16:29:53,1685478594,32.1,13.0,99200,2.00,3.00,4.00,4.00,0.0140,0
2023-05-30 16:34:49,1685478889,32.0,13.3,99200,1.00,3.00,5.00,6.00,0.0109,0
2023-05-30 16:39:44,1685479185,32.1,13.2,99200,2.00,4.00,5.00,6.00,0.0108,0
2023-05-30 16:44:40,1685479480,32.0,13.6,99200,4.00,4.00,5.00,6.00,0.0108,0
2023-05-30 16:49:55,1685479796,31.9,13.9,99200,1.00,2.00,3.00,4.00,0.0108,0
2023-05-30 16:54:51,1685480091,31.7,13.7,99200,2.00,3.00,6.00,7.00,0.0122,0
2023-05-30 16:59:46,1685480387,31.3,13.7,99200,1.00,3.00,4.00,5.00,0.0127,0
2023-05-30 17:04:42,1685480683,31.1,13.8,99200,1.00,2.00,3.00,3.00,0.0140,0
2023-05-30 17:09:58,1685480998,30.9,14.2,99200,2.00,4.00,6.00,7.00,0.0126,0
2023-05-30 17:14:54,1685481294,30.7,14.7,99200,2.00,3.00,6.00,8.00,0.0148,0
2023-05-30 17:19:50,1685481590,30.5,14.8,99200,2.00,3.00,3.00,4.00,0.0156,0
2023-05-30 17:24:46,1685481887,30.4,14.6,99200,1.00,3.00,5.00,6.00,0.0163,0
2023-05-30 17:29:42,1685482183,30.2,14.5,99200,2.00,3.00,4.00,5.00,0.0115,0
2023-05-30 17:34:58,1685482499,30.1,14.5,99200,2.00,3.00,6.00,7.00,0.0103,0
2023-05-30 17:39:54,1685482795,29.9,14.6,99200,2.00,5.00,8.00,9.00,0.0193,0
2023-05-30 17:44:51,1685483091,29.8,14.7,99200,1.00,3.00,6.00,7.00,0.0158,0
2023-05-30 17:49:47,1685483387,29.7,14.9,99180,2.00,4.00,5.00,6.00,0.0214,0
2023-05-30 17:54:43,1685483684,29.6,14.8,99180,3.00,4.00,6.00,7.00,0.0115,0
2023-05-30 17:59:59,1685484000,29.6,15.0,99200,2.00,3.00,4.00,5.00,0.0110,0
2023-05-30 18:04:56,1685484296,29.5,14.5,99200,1.00,3.00,5.00,6.00,0.0108,0
2023-05-30 18:09:52,1685484593,29.3,15.2,99200,1.00,3.00,5.00,6.00,0.0115,0
2023-05-30 18:14:49,1685484890,29.1,14.6,99200,4.00,5.00,8.00,10.0,0.0219,0
2023-05-30 18:19:46,1685485186,29.0,15.1,99200,2.00,3.00,6.00,7.00,0.0291,0
2023-05-30 18:24:42,1685485483,28.8,15.4,99200,1.00,3.00,5.00,6.00,0.0306,0
2023-05-30 18:29:59,1685485800,28.6,15.6,99194,1.00,3.00,5.00,6.00,0.0213,0
2023-05-30 18:34:56,1685486096,28.5,16.2,99200,2.00,2.00,3.00,3.00,0.00981,0
2023-05-30 18:39:53,1685486393,28.4,16.5,99200,2.00,3.00,4.00,5.00,0.0125,0
2023-05-30 18:44:50,1685486690,28.2,17.4,99200,1.00,3.00,5.00,6.00,0.0147,0
2023-05-30 18:49:47,1685486987,28.0,17.6,99200,13.0,55.0,88.0,105,0.115,0
2023-05-30 18:54:44,1685487284,27.9,18.2,99200,4.00,20.0,34.0,41.0,0.515,0
2023-05-30 18:59:41,1685487581,27.7,18.2,99200,1.00,3.00,4.00,5.00,0.515,0
2023-05-30 19:04:58,1685487898,27.5,18.9,99194,2.00,3.00,6.00,7.00,0.415,0
2023-05-30 19:09:55,1685488196,27.2,19.4,99113,1.00,3.00,5.00,6.00,0.0493,0
2023-05-30 19:14:52,1685488493,27.0,20.0,99173,3.00,4.00,6.00,6.00,0.0115,0
2023-05-30 19:19:50,1685488790,26.8,20.7,99200,2.00,13.0,22.0,26.0,0.00993,0
2023-05-30 19:24:47,1685489088,26.5,21.6,99200,6.00,19.0,32.0,39.0,0.460,0
2023-05-30 19:29:45,1685489385,26.2,22.3,99200,4.00,20.0,32.0,39.0,1.12,0
2023-05-30 19:34:42,1685489683,25.9,22.6,99200,2.00,6.00,10.0,12.0,0.579,0
2023-05-30 19:39:40,1685489981,25.6,23.4,99200,4.00,25.0,41.0,50.0,0.702,0
2023-05-30 19:44:58,1685490298,25.2,23.9,99200,5.00,12.0,18.0,21.0,0.927,0
2023-05-30 19:49:56,1685490596,24.9,24.5,99200,3.00,8.00,12.0,15.0,0.735,0
2023-05-30 19:54:54,1685490894,24.5,24.8,99200,3.00,4.00,7.00,9.00,0.713,0
2023-05-30 19:59:52,1685491192,24.2,25.0,99200,1.00,3.00,5.00,6.00,0.125,0
2023-05-30 20:04:50,1685491491,23.9,25.4,99200,2.00,3.00,6.00,7.00,0.0708,0
2023-05-30 20:09:48,1685491789,23.5,25.9,99200,1.00,6.00,11.0,13.0,0.0279,0
2023-05-30 20:14:47,1685492087,23.2,26.2,99200,3.00,4.00,6.00,6.00,0.0242,0
2023-05-30 20:19:45,1685492386,22.8,26.7,99200,2.00,2.00,4.00,5.00,0.0203,0
2023-05-30 20:24:44,1685492684,22.5,27.5,99200,2.00,11.0,19.0,23.0,0.0709,0
2023-05-30 20:29:43,1685492983,22.2,28.3,99200,2.00,5.00,7.00,8.00,0.0876,0
2023-05-30 20:34:42,1685493282,21.8,28.8,99200,2.00,12.0,20.0,24.0,0.0303,0
2023-05-30 20:39:41,1685493581,21.5,29.2,99200,1.00,3.00,5.00,6.00,0.0684,0
2023-05-30 20:44:40,1685493881,21.1,30.1,99200,2.00,2.00,3.00,4.00,0.0684,0
2023-05-30 20:49:40,1685494180,20.8,30.4,99200,2.00,4.00,7.00,8.00,0.0311,0
2023-05-30 20:54:59,1685494500,20.5,30.6,99200,5.00,20.0,33.0,39.0,0.0646,0
2023-05-30 20:59:59,1685494799,20.2,30.9,99200,2.00,13.0,22.0,27.0,0.291,0
2023-05-30 21:04:58,1685495099,19.9,31.5,99200,1.00,6.00,11.0,13.0,0.291,0
2023-05-30 21:09:58,1685495398,19.6,31.8,99200,2.00,3.00,6.00,7.00,0.177,0
2023-05-30 21:14:58,1685495698,19.4,32.1,99200,2.00,10.0,17.0,20.0,0.143,0
2023-05-30 21:19:57,1685495998,19.1,32.8,99200,1.00,4.00,7.00,8.00,0.0258,0
2023-05-30 21:24:57,1685496298,18.9,32.8,99200,2.00,3.00,4.00,4.00,0.0293,0
2023-05-30 21:29:57,1685496598,18.7,33.6,99200,2.00,2.00,4.00,5.00,0.0118,0
2023-05-30 21:34:57,1685496898,18.4,33.8,99200,3.00,4.00,7.00,9.00,0.0111,0
2023-05-30 21:39:57,1685497198,18.2,34.3,99200,3.00,5.00,9.00,11.0,0.0192,0
2023-05-30 21:44:57,1685497498,18.0,34.7,99200,1.00,4.00,7.00,8.00,0.0232,0
2023-05-30 21:49:57,1685497798,17.8,35.1,99253,3.00,4.00,4.00,4.00,0.0113,0
2023-05-30 21:54:57,1685498098,17.6,35.6,99200,4.00,11.0,16.0,18.0,0.0151,0
2023-05-30 21:59:57,1685498398,17.5,36.1,99200,2.00,6.00,10.0,12.0,0.117,0
2023-05-30 22:04:57,1685498697,17.3,36.8,99267,2.00,3.00,4.00,5.00,0.117,0
2023-05-30 22:09:57,1685498998,17.1,37.1,99287,1.00,3.00,5.00,6.00,0.0873,0
2023-05-30 22:14:57,1685499298,17.0,37.8,99240,2.00,4.00,5.00,6.00,0.0219,0
2023-05-30 22:19:57,1685499598,16.9,37.8,99200,2.00,3.00,6.00,8.00,0.00987,0
2023-05-30 22:24:57,1685499898,16.8,38.0,99200,1.00,3.00,5.00,6.00,0.0129,0
2023-05-30 22:29:58,1685500198,16.6,38.5,99300,1.00,4.00,7.00,8.00,0.0129,0
2023-05-30 22:34:59,1685500499,16.5,38.7,99300,2.00,2.00,4.00,5.00,0.0140,0
2023-05-30 22:39:40,1685500780,16.4,39.0,99300,1.00,2.00,3.00,3.00,0.0128,0
2023-05-30 22:44:40,1685501081,16.4,39.0,99267,3.00,4.00,6.00,7.00,0.0128,0
2023-05-30 22:49:41,1685501381,16.3,39.3,99247,3.00,8.00,11.0,13.0,0.0346,0
2023-05-30 22:54:41,1685501682,16.2,39.9,99200,2.00,5.00,6.00,8.00,0.0236,0
2023-05-30 22:59:42,1685501982,16.1,39.8,99293,2.00,6.00,9.00,11.0,0.0236,0
2023-05-30 23:04:43,1685502283,16.0,40.1,99300,1.00,3.00,5.00,6.00,0.0185,0
2023-05-30 23:09:43,1685502584,15.9,40.2,99300,2.00,4.00,6.00,7.00,0.0172,0
2023-05-30 23:14:44,1685502884,15.8,40.1,99300,2.00,4.00,7.00,9.00,0.0249,0
2023-05-30 23:19:45,1685503185,15.7,40.5,99300,1.00,3.00,5.00,6.00,0.0282,0
2023-05-30 23:24:46,1685503486,15.6,41.3,99300,1.00,3.00,4.00,5.00,0.0231,0
2023-05-30 23:29:46,1685503787,15.5,41.3,99300,1.00,3.00,4.00,5.00,0.0231,0
2023-05-30 23:34:47,1685504088,15.4,41.3,99300,1.00,3.00,5.00,6.00,0.0103,0
2023-05-30 23:39:48,1685504389,15.4,41.5,99300,2.00,3.00,5.00,6.00,0.0104,0
2023-05-30 23:44:49,1685504690,15.4,41.6,99300,1.00,3.00,4.00,5.00,0.0142,0
2023-05-30 23:49:50,1685504991,15.4,41.7,99300,1.00,3.00,5.00,6.00,0.0142,0
2023-05-30 23:54:51,1685505292,15.3,41.5,99300,3.00,6.00,7.00,8.00,0.0175,0
2023-05-30 23:59:52,1685505593,15.3,41.9,99300,2.00,4.00,7.00,9.00,0.0106,0
2023-05-31 00:04:53,1685505893,15.3,42.2,99300,3.00,5.00,6.00,7.00,0.0127,0
2023-05-31 00:09:53,1685506194,15.2,42.4,99300,2.00,5.00,6.00,7.00,0.0131,0
2023-05-31 00:14:54,1685506495,15.2,42.0,99300,1.00,5.00,8.00,9.00,0.0174,0
2023-05-31 00:19:56,1685506796,15.2,41.9,99300,1.00,2.00,3.00,4.00,0.0180,0
2023-05-31 00:24:57,1685507097,15.2,41.9,99300,1.00,3.00,5.00,6.00,0.0128,0
2023-05-31 00:29:58,1685507398,15.2,41.9,99280,1.00,3.00,5.00,6.00,0.0128,0
2023-05-31 00:34:59,1685507699,15.1,41.8,99300,2.00,2.00,4.00,5.00,0.0102,0
2023-05-31 00:39:40,1685507980,15.1,42.3,99300,2.00,4.00,7.00,8.00,0.0114,0
2023-05-31 00:44:41,1685508281,15.0,42.8,99260,2.00,2.00,4.00,4.00,0.0133,0
2023-05-31 00:49:42,1685508583,15.0,42.9,99213,2.00,3.00,4.00,5.00,0.0139,0
2023-05-31 00:54:43,1685508884,15.0,42.7,99213,1.00,3.00,6.00,8.00,0.0142,0
2023-05-31 00:59:44,1685509185,15.0,43.3,99233,2.00,3.00,5.00,6.00,0.0145,0
2023-05-31 01:04:45,1685509486,15.0,43.6,99207,3.00,3.00,4.00,4.00,0.0116,0
2023-05-31 01:09:46,1685509786,15.0,44.1,99233,3.00,3.00,3.00,3.00,0.0110,0
2023-05-31 01:14:47,1685510087,15.0,44.3,99253,1.00,2.00,3.00,3.00,0.0104,0
2023-05-31 01:19:48,1685510388,15.0,43.8,99253,2.00,2.00,3.00,4.00,0.0103,0
2023-05-31 01:24:49,1685510689,15.0,44.7,99200,2.00,6.00,10.0,12.0,0.0264,0
2023-05-31 01:29:50,1685510991,15.0,45.6,99200,2.00,6.00,10.0,12.0,0.0453,0
2023-05-31 01:34:51,1685511291,14.9,45.0,99233,2.00,4.00,7.00,8.00,0.0202,0
2023-05-31 01:39:52,1685511593,14.9,44.8,99280,1.00,5.00,9.00,11.0,0.0164,0
2023-05-31 01:44:53,1685511893,14.9,44.6,99287,2.00,2.00,3.00,4.00,0.0110,0
2023-05-31 01:49:54,1685512195,14.8,44.3,99300,2.00,4.00,5.00,6.00,0.0149,0
2023-05-31 01:54:55,1685512496,14.8,44.4,99300,3.00,4.00,6.00,6.00,0.0115,0
2023-05-31 01:59:56,1685512797,14.7,44.7,99300,1.00,2.00,3.00,3.00,0.0115,0
2023-05-31 02:04:57,1685513097,14.6,45.1,99300,2.00,3.00,5.00,6.00,0.0120,0
2023-05-31 02:09:58,1685513398,14.5,45.1,99300,2.00,4.00,6.00,7.00,0.0113,0
2023-05-31 02:14:59,1685513700,14.5,46.2,99300,2.00,5.00,7.00,9.00,0.0146,0
2023-05-31 02:19:40,1685513981,14.4,46.3,99300,4.00,5.00,7.00,8.00,0.0185,0
2023-05-31 02:24:41,1685514282,14.3,46.3,99300,2.00,3.00,5.00,6.00,0.0174,0
2023-05-31 02:29:42,1685514583,14.3,46.3,99300,2.00,3.00,6.00,8.00,0.0178,0
2023-05-31 02:34:44,1685514884,14.3,46.6,99300,1.00,3.00,5.00,6.00,0.0163,0
2023-05-31 02:39:45,1685515185,14.3,47.3,99300,3.00,4.00,7.00,8.00,0.0204,0
2023-05-31 02:44:46,1685515486,14.3,46.9,99300,2.00,4.00,5.00,5.00,0.0204,0
2023-05-31 02:49:47,1685515788,14.2,46.9,99300,2.00,3.00,4.00,5.00,0.0130,0
2023-05-31 02:54:48,1685516089,14.2,46.7,99300,2.00,3.00,6.00,8.00,0.0105,0
2023-05-31 02:59:50,1685516390,14.2,47.1,99300,4.00,4.00,5.00,7.00,0.0210,0
2023-05-31 03:04:51,1685516691,14.1,46.9,99300,3.00,4.00,4.00,5.00,0.0150,0
2023-05-31 03:09:52,1685516993,14.0,47.0,99300,2.00,3.00,3.00,4.00,0.0139,0
2023-05-31 03:14:54,1685517294,14.0,46.9,99300,2.00,3.00,5.00,6.00,0.0115,0
2023-05-31 03:19:55,1685517595,13.9,47.2,99300,1.00,5.00,9.00,11.0,0.0119,0
2023-05-31 03:24:56,1685517897,13.8,48.2,99300,3.00,4.00,5.00,6.00,0.0180,0
2023-05-31 03:29:57,1685518198,13.8,48.9,99300,2.00,3.00,4.00,5.00,0.0183,0
2023-05-31 03:34:59,1685518499,13.8,48.7,99300,3.00,5.00,9.00,11.0,0.0183,0
2023-05-31 03:39:40,1685518780,13.8,48.9,99300,3.00,3.00,5.00,6.00,0.0144,0
2023-05-31 03:44:41,1685519081,13.8,48.4,99300,2.00,3.00,4.00,4.00,0.0157,0
2023-05-31 03:49:42,1685519383,13.7,48.6,99300,3.00,4.00,5.00,6.00,0.0136,0
2023-05-31 03:54:44,1685519684,13.7,48.9,99300,6.00,7.00,7.00,7.00,0.0131,0
2023-05-31 03:59:45,1685519986,13.6,49.3,99300,3.00,5.00,6.00,8.00,0.0141,0
2023-05-31 04:04:46,1685520287,13.6,49.4,99300,2.00,6.00,10.0,12.0,0.0123,0
2023-05-31 04:09:47,1685520588,13.5,49.4,99300,3.00,4.00,5.00,6.00,0.0138,0
2023-05-31 04:14:49,1685520889,13.5,49.3,99300,2.00,3.00,6.00,7.00,0.0150,0
2023-05-31 04:19:50,1685521191,13.5,49.4,99300,3.00,8.00,13.0,16.0,0.0163,0
2023-05-31 04:24:52,1685521492,13.4,49.5,99300,2.00,3.00,5.00,6.00,0.0217,0
2023-05-31 04:29:53,1685521793,13.4,50.3,99300,3.00,4.00,4.00,5.00,0.0227,0
2023-05-31 04:34:54,1685522095,13.4,50.5,99300,2.00,4.00,5.00,6.00,0.0158,0
2023-05-31 04:39:55,1685522396,13.4,50.1,99300,3.00,4.00,5.00,5.00,0.0155,0
2023-05-31 04:44:57,1685522697,13.4,50.0,99300,2.00,4.00,7.00,9.00,0.0140,0
2023-05-31 04:49:59,1685522999,13.4,50.0,99300,1.00,2.00,3.00,4.00,0.0119,0
2023-05-31 04:54:40,1685523281,13.4,50.2,99300,3.00,5.00,6.00,6.00,0.0154,0
2023-05-31 04:59:42,1685523582,13.3,50.1,99300,3.00,8.00,12.0,15.0,0.0247,0
2023-05-31 05:04:43,1685523884,13.3,50.4,99300,2.00,4.00,5.00,6.00,0.0228,0
2023-05-31 05:09:45,1685524185,13.3,50.3,99300,2.00,4.00,6.00,7.00,0.0157,0
2023-05-31 05:14:46,1685524487,13.3,50.4,99300,3.00,4.00,5.00,5.00,0.0140,0
2023-05-31 05:19:47,1685524788,13.3,50.4,99300,4.00,7.00,12.0,14.0,0.0184,0
2023-05-31 05:24:49,1685525089,13.3,50.7,99300,2.00,3.00,5.00,6.00,0.0234,0
2023-05-31 05:29:50,1685525391,13.3,51.9,99300,3.00,5.00,6.00,7.00,0.0122,0
2023-05-31 05:34:51,1685525692,13.3,52.2,99307,2.00,3.00,6.00,8.00,0.0122,0
2023-05-31 05:39:53,1685525993,13.4,51.4,99340,2.00,2.00,3.00,4.00,0.0104,0
2023-05-31 05:44:54,1685526295,13.4,51.5,99347,3.00,5.00,8.00,9.00,0.0127,0
2023-05-31 05:49:56,1685526596,13.5,52.0,99340,5.00,22.0,37.0,44.0,0.0700,0
2023-05-31 05:54:57,1685526897,13.5,53.6,99400,5.00,7.00,9.00,10.0,0.0763,0
2023-05-31 05:58:57,1685527138,13.7,53.4,99400,2.00,5.00,7.00,8.00,0.0700,0
2023-05-31 06:04:50,1685527491,13.9,53.4,99400,2.00,2.00,3.00,3.00,0.0700,0
2023-05-31 06:05:49,1685527550,13.9,53.3,99400,1.00,3.00,3.00,4.00,0.0684,0
2023-05-31 06:14:41,1685528081,14.2,52.3,99400,4.00,5.00,6.00,7.00,0.0111,0
2023-05-31 06:18:01,1685528281,14.3,52.2,99400,3.00,4.00,6.00,7.00,0.0152,0
2023-05-31 06:24:40,1685528680,14.5,52.3,99400,1.00,2.00,4.00,5.00,0.00934,0
2023-05-31 09:36:00,1685540161,39.3,17.1,99400,2.00,2.00,2.00,2.00,0.00921,0
2023-05-31 10:54:52,1685544893,39.1,16.2,99300,1e-7,1.00,1.00,1.00,,
2023-05-31 10:59:44,1685545185,39.1,16.1,99300,2.00,4.00,6.00,7.00,,
2023-05-31 11:04:56,1685545496,39.5,16.3,99300,4.00,5.00,6.00,7.00,,
2023-05-31 11:08:10,1685545691,40.0,15.8,99300,2.00,4.00,7.00,8.00,0.0164,0
2023-05-31 11:19:59,1685546399,40.2,15.4,99300,6.00,6.00,6.00,6.00,0.0164,0
2023-05-31 11:24:30,1685546671,40.6,15.0,99300,12.0,63.0,105,126,0.188,0
2023-05-31 11:29:49,1685546990,41.1,14.2,99300,2.00,3.00,5.00,6.00,0.188,0
2023-05-31 11:34:41,1685547281,41.1,14.0,99300,7.00,8.00,8.00,8.00,0.165,0
2023-05-31 11:38:34,1685547515,40.9,13.8,99300,4.00,5.00,5.00,5.00,0.130,0
2023-05-31 11:49:54,1685548195,42.0,13.1,99300,1.00,1.00,1.00,2.00,0.00766,0
2023-05-31 11:53:47,1685548428,42.1,12.9,99300,4.00,5.00,5.00,6.00,0.0169,0
2023-05-31 12:09:00,1685549340,41.6,12.7,99300,4.00,4.00,6.00,6.00,0.0151,0
2023-05-31 12:24:53,1685550293,41.5,12.5,99300,6.00,6.00,6.00,7.00,0.0200,0
2023-05-31 12:29:58,1685550599,41.7,12.6,99300,1.00,1.00,2.00,2.00,0.0200,0
2023-05-31 12:34:50,1685550890,41.8,12.2,99300,4.00,5.00,5.00,6.00,0.0271,0
2023-05-31 12:39:41,1685551182,41.7,12.1,99300,3.00,5.00,6.00,7.00,0.0271,0
2023-05-31 12:40:39,1685551240,41.7,12.2,99300,1.00,2.00,3.00,3.00,0.00866,0
2023-05-31 12:49:48,1685551788,41.7,11.0,99300,2.00,2.00,3.00,3.00,0.0224,0
2023-05-31 12:54:59,1685552099,41.5,11.8,99300,3.00,5.00,7.00,8.00,0.0246,0
2023-05-31 12:55:37,1685552138,41.3,11.8,99300,2.00,4.00,6.00,7.00,0.0116,0
2023-05-31 13:04:42,1685552683,40.5,12.0,99300,3.00,4.00,6.00,7.00,0.0330,0
2023-05-31 13:09:54,1685552994,40.5,12.4,99300,5.00,7.00,11.0,13.0,0.0330,0
2023-05-31 13:11:11,1685553071,40.6,12.8,99300,1.00,1.00,2.00,2.00,0.0140,0
2023-05-31 13:19:58,1685553598,40.9,12.7,99300,11.0,26.0,40.0,47.0,0.0349,0
2023-05-31 13:24:50,1685553890,40.9,12.6,99300,3.00,5.00,10.0,12.0,0.103,0
2023-05-31 13:26:07,1685553967,40.9,12.7,99300,4.00,5.00,6.00,6.00,0.103,0
2023-05-31 13:34:54,1685554494,41.0,12.7,99250,5.00,6.00,7.00,7.00,0.0959,0
2023-05-31 13:39:46,1685554786,41.0,12.6,99200,4.00,5.00,6.00,7.00,0.0756,0
2023-05-31 13:40:05,1685554806,41.0,12.7,99200,1e-7,1e-7,1.00,1.00,0.0103,0
2023-05-31 13:54:41,1685555681,40.8,13.2,99200,5.00,6.00,7.00,7.00,0.0144,0
2023-05-31 13:56:18,1685555778,40.8,13.3,99200,5.00,6.00,6.00,6.00,0.0145,0
2023-05-31 14:04:47,1685556287,40.9,13.1,99200,4.00,5.00,5.00,6.00,0.0103,0
2023-05-31 14:09:58,1685556599,40.9,13.1,99200,3.00,4.00,6.00,6.00,0.0123,0
2023-05-31 14:11:35,1685556696,40.8,13.0,99200,2.00,2.00,2.00,2.00,0.0129,0
2023-05-31 14:19:41,1685557182,40.7,13.1,99200,4.00,4.00,5.00,6.00,0.0130,0
2023-05-31 14:24:53,1685557493,40.6,13.5,99200,5.00,6.00,8.00,9.00,0.0129,0
2023-05-31 14:27:09,1685557629,40.4,13.2,99200,5.00,5.00,5.00,5.00,0.0230,0
2023-05-31 14:34:58,1685558098,39.9,13.6,99200,4.00,5.00,7.00,8.00,0.0230,0
2023-05-31 14:39:50,1685558391,39.7,13.7,99200,6.00,6.00,6.00,7.00,0.0216,0
2023-05-31 14:41:08,1685558469,39.6,13.7,99200,7.00,7.00,7.00,7.00,0.0216,0
2023-05-31 14:49:52,1685558992,39.1,14.2,99200,7.00,8.00,8.00,8.00,0.0219,0
2023-05-31 14:54:45,1685559285,39.1,14.5,99200,4.00,5.00,5.00,5.00,0.0219,0
2023-05-31 14:59:57,1685559597,38.9,14.1,99200,5.00,6.00,9.00,11.0,0.0354,0
2023-05-31 15:04:50,1685559890,38.4,14.5,99180,4.00,4.00,5.00,6.00,0.0210,0
2023-05-31 15:09:43,1685560184,38.0,14.8,99153,4.00,5.00,5.00,5.00,0.0184,0
2023-05-31 15:11:21,1685560282,37.7,15.0,99100,2.00,5.00,8.00,10.0,0.0109,0
2023-05-31 15:24:47,1685561087,37.6,15.0,99100,4.00,5.00,6.00,6.00,0.0119,0
2023-05-31 15:29:40,1685561381,37.6,15.0,99100,6.00,6.00,6.00,6.00,0.0157,0
2023-05-31 15:34:53,1685561694,37.5,15.2,99100,4.00,4.00,6.00,6.00,0.0137,0
2023-05-31 15:39:47,1685561988,37.4,15.5,99100,3.00,6.00,9.00,10.0,0.0129,0
2023-05-31 15:44:41,1685562281,37.5,15.3,99100,5.00,8.00,9.00,10.0,0.0129,0
2023-05-31 15:49:54,1685562594,37.3,15.3,99100,5.00,7.00,9.00,9.00,0.0222,0
2023-05-31 15:54:47,1685562888,37.2,15.6,99100,4.00,5.00,5.00,5.00,0.0202,0
2023-05-31 15:59:41,1685563182,37.2,15.4,99100,5.00,6.00,8.00,9.00,0.0299,0
2023-05-31 16:04:55,1685563495,37.0,15.7,99100,4.00,5.00,6.00,6.00,0.0192,0
2023-05-31 16:09:49,1685563789,36.9,15.9,99100,5.00,6.00,6.00,6.00,0.0131,0
2023-05-31 16:14:43,1685564083,36.7,15.8,99100,8.00,9.00,9.00,10.0,0.0147,0
2023-05-31 16:19:56,1685564397,36.5,16.2,99100,8.00,8.00,8.00,8.00,0.0443,0
2023-05-31 16:24:50,1685564691,36.4,15.9,99100,5.00,7.00,10.0,12.0,0.0243,0
2023-05-31 16:29:45,1685564985,36.2,16.0,99100,4.00,5.00,5.00,5.00,0.0306,0
2023-05-31 16:34:58,1685565299,36.1,16.5,99100,4.00,4.00,4.00,4.00,0.0306,0
2023-05-31 16:39:53,1685565593,36.2,16.4,99100,3.00,3.00,3.00,4.00,0.0102,0
2023-05-31 16:44:47,1685565887,36.3,16.4,99093,4.00,5.00,5.00,6.00,0.0117,0
2023-05-31 16:49:41,1685566181,36.3,16.5,99093,3.00,4.00,5.00,6.00,0.0112,0
2023-05-31 16:54:57,1685566498,36.2,16.6,99100,4.00,6.00,8.00,9.00,0.0128,0
2023-05-31 16:59:51,1685566792,36.0,16.6,99100,4.00,7.00,10.0,12.0,0.0168,0
2023-05-31 17:04:46,1685567086,35.9,16.7,99047,3.00,3.00,4.00,5.00,0.0202,0
2023-05-31 17:09:43,1685567383,35.7,17.0,99000,3.00,4.00,5.00,6.00,0.0202,0
2023-05-31 17:14:57,1685567697,35.6,17.2,99056,5.00,5.00,5.00,6.00,0.0172,0
2023-05-31 17:19:51,1685567992,35.4,17.0,99033,4.00,4.00,6.00,7.00,0.0128,0
2023-05-31 17:24:45,1685568286,35.3,17.4,99000,2.00,4.00,7.00,9.00,0.0118,0
2023-05-31 17:29:59,1685568600,35.1,17.4,99019,4.00,5.00,5.00,6.00,0.0134,0
2023-05-31 17:34:54,1685568895,35.0,17.7,99000,5.00,5.00,5.00,5.00,0.0140,0
2023-05-31 17:39:49,1685569189,34.8,17.8,99000,6.00,8.00,8.00,8.00,0.0140,0
2023-05-31 17:44:44,1685569484,34.7,18.2,99000,7.00,8.00,8.00,8.00,0.0359,0
2023-05-31 17:49:59,1685569799,34.6,18.4,99000,5.00,6.00,7.00,8.00,0.0280,0
2023-05-31 17:54:53,1685570094,34.5,18.9,99000,2.00,3.00,3.00,3.00,0.0292,0
2023-05-31 17:59:48,1685570389,34.4,18.8,99000,4.00,4.00,5.00,6.00,0.0411,0
2023-05-31 18:04:43,1685570684,34.2,19.4,99000,7.00,7.00,7.00,7.00,0.0191,0
2023-05-31 18:09:58,1685570998,34.1,19.3,99000,5.00,6.00,6.00,6.00,0.0177,0
2023-05-31 18:14:53,1685571294,34.0,19.1,99000,7.00,9.00,10.0,10.0,0.0294,0
2023-05-31 18:19:48,1685571589,33.9,19.6,99000,4.00,4.00,4.00,4.00,0.0315,0
2023-05-31 18:24:44,1685571884,33.7,19.5,99000,3.00,3.00,4.00,5.00,0.0315,0
2023-05-31 18:29:58,1685572199,33.6,19.8,99000,7.00,9.00,10.0,11.0,0.0122,0
2023-05-31 18:34:54,1685572494,33.4,20.2,99000,5.00,6.00,10.0,11.0,0.0399,0
2023-05-31 18:39:49,1685572789,33.3,20.7,99000,4.00,4.00,5.00,6.00,0.0578,0
2023-05-31 18:44:44,1685573085,33.1,21.3,99000,6.00,7.00,7.00,7.00,0.0361,0
2023-05-31 18:49:59,1685573400,32.8,21.2,99000,4.00,7.00,11.0,13.0,0.0198,0
2023-05-31 18:54:55,1685573695,32.6,21.7,99000,5.00,5.00,7.00,8.00,0.0218,0
2023-05-31 18:59:50,1685573991,32.4,22.0,99000,4.00,4.00,4.00,4.00,0.0275,0
2023-05-31 19:04:46,1685574287,32.2,21.7,99000,6.00,12.0,17.0,19.0,0.0275,0
2023-05-31 19:09:42,1685574582,32.0,22.0,99000,4.00,8.00,12.0,13.0,0.0394,0
2023-05-31 19:14:57,1685574898,31.8,22.2,99000,5.00,5.00,5.00,5.00,0.0549,0
2023-05-31 19:19:53,1685575194,31.6,22.6,99000,6.00,6.00,6.00,7.00,0.0528,0
2023-05-31 19:24:49,1685575490,31.4,22.7,99000,3.00,4.00,7.00,9.00,0.0232,0
2023-05-31 19:29:45,1685575786,31.2,23.3,99000,4.00,5.00,5.00,6.00,0.0232,0
2023-05-31 19:34:41,1685576082,31.0,23.7,99000,2.00,5.00,8.00,9.00,0.0187,0
2023-05-31 19:39:57,1685576398,30.7,24.4,99000,7.00,8.00,8.00,8.00,0.0207,0
2023-05-31 19:44:53,1685576694,30.5,24.7,99000,4.00,4.00,7.00,9.00,0.0207,0
2023-05-31 19:49:50,1685576990,30.2,25.2,99013,4.00,4.00,5.00,6.00,0.0181,0
2023-05-31 19:54:46,1685577287,30.0,25.4,99093,4.00,6.00,8.00,9.00,0.0181,0
2023-05-31 19:59:43,1685577583,29.7,26.1,99100,2.00,3.00,4.00,5.00,0.0151,0
2023-05-31 20:04:59,1685577899,29.4,26.9,99100,4.00,6.00,10.0,11.0,0.0178,0
2023-05-31 20:09:55,1685578196,29.1,27.3,99100,4.00,5.00,7.00,8.00,0.0178,0
2023-05-31 20:14:52,1685578492,28.7,28.0,99100,4.00,4.00,6.00,7.00,0.0137,0
2023-05-31 20:19:49,1685578789,28.4,28.7,99100,2.00,6.00,9.00,11.0,0.0169,0
2023-05-31 20:24:46,1685579086,28.0,29.3,99100,4.00,6.00,9.00,10.0,0.0185,0
2023-05-31 20:29:43,1685579383,27.7,30.2,99100,5.00,6.00,7.00,7.00,0.0136,0
2023-05-31 20:34:41,1685579681,27.4,30.5,99100,4.00,5.00,8.00,9.00,0.0110,0
2023-05-31 20:39:58,1685579998,27.0,31.0,99100,3.00,4.00,6.00,7.00,0.0170,0
2023-05-31 20:44:55,1685580296,26.6,31.5,99100,3.00,6.00,9.00,10.0,0.0206,0
2023-05-31 20:49:53,1685580593,26.3,32.7,99100,5.00,6.00,8.00,9.00,0.0242,0
2023-05-31 20:54:50,1685580891,26.0,33.1,99100,3.00,4.00,5.00,6.00,0.0242,0
2023-05-31 20:59:48,1685581188,25.7,33.1,99100,4.00,5.00,7.00,8.00,0.0175,0
2023-05-31 21:04:46,1685581486,25.5,33.9,99100,4.00,6.00,7.00,7.00,0.0175,0
2023-05-31 21:09:43,1685581784,25.2,34.0,99100,4.00,5.00,5.00,5.00,0.0182,0
2023-05-31 21:14:41,1685582082,25.0,34.3,99100,4.00,6.00,9.00,11.0,0.0143,0
2023-05-31 21:19:59,1685582400,24.7,34.6,99100,5.00,9.00,14.0,16.0,0.0428,0
2023-05-31 21:24:57,1685582698,24.5,35.1,99100,4.00,4.00,6.00,7.00,0.0535,0
2023-05-31 21:29:56,1685582996,24.3,35.4,99100,6.00,6.00,8.00,9.00,0.0331,0
2023-05-31 21:34:54,1685583294,24.1,35.9,99100,4.00,5.00,6.00,7.00,0.0154,0
2023-05-31 21:39:52,1685583593,23.9,36.6,99153,4.00,4.00,5.00,5.00,0.0185,0
2023-05-31 21:44:50,1685583891,23.6,37.5,99200,5.00,6.00,8.00,8.00,0.0178,0
2023-05-31 21:49:49,1685584189,23.4,37.6,99200,7.00,7.00,7.00,7.00,0.0270,0
2023-05-31 21:54:47,1685584488,23.3,37.8,99200,5.00,7.00,9.00,10.0,0.0219,0
2023-05-31 21:59:46,1685584787,23.1,37.9,99200,5.00,6.00,6.00,6.00,0.0166,0
2023-05-31 22:04:45,1685585085,22.9,38.2,99200,4.00,5.00,6.00,7.00,0.0207,0
2023-05-31 22:09:43,1685585384,22.8,38.2,99200,5.00,5.00,6.00,7.00,0.0167,0
2023-05-31 22:14:42,1685585683,22.7,38.4,99200,6.00,7.00,8.00,10.0,0.0156,0
2023-05-31 22:19:41,1685585982,22.5,38.8,99200,6.00,7.00,9.00,11.0,0.0211,0
2023-05-31 22:24:40,1685586280,22.4,39.4,99200,6.00,7.00,7.00,7.00,0.0135,0
2023-05-31 22:29:59,1685586600,22.3,39.4,99200,4.00,4.00,4.00,5.00,0.0318,0
2023-05-31 22:34:58,1685586899,22.1,40.0,99200,4.00,7.00,10.0,11.0,0.0318,0
2023-05-31 22:39:57,1685587198,21.9,40.7,99200,5.00,7.00,10.0,11.0,0.0166,0
2023-05-31 22:44:56,1685587497,21.8,41.5,99200,6.00,6.00,6.00,7.00,0.0409,0
2023-05-31 22:49:55,1685587796,21.7,41.4,99200,5.00,6.00,6.00,7.00,0.0141,0
2023-05-31 22:54:54,1685588095,21.6,41.8,99200,3.00,6.00,9.00,11.0,0.0211,0
2023-05-31 22:59:54,1685588394,21.6,41.9,99200,4.00,6.00,8.00,8.00,0.0214,0
2023-05-31 23:04:53,1685588693,21.6,42.2,99167,4.00,5.00,7.00,8.00,0.0214,0
2023-05-31 23:09:52,1685588992,21.6,42.3,99200,4.00,5.00,5.00,6.00,0.0262,0
2023-05-31 23:14:51,1685589291,21.6,42.4,99200,6.00,7.00,11.0,13.0,0.0124,0
2023-05-31 23:19:50,1685589591,21.6,42.2,99200,5.00,6.00,7.00,8.00,0.0238,0
2023-05-31 23:24:49,1685589889,21.5,42.3,99133,7.00,8.00,10.0,10.0,0.0265,0
2023-05-31 23:29:48,1685590189,21.4,42.2,99187,4.00,4.00,4.00,4.00,0.0160,0
2023-05-31 23:34:48,1685590488,21.3,42.4,99107,4.00,4.00,4.00,5.00,0.0382,0
2023-05-31 23:39:47,1685590787,21.3,42.5,99173,3.00,5.00,6.00,7.00,0.0380,0
2023-05-31 23:44:46,1685591087,21.2,42.5,99200,4.00,4.00,6.00,7.00,0.0101,0
2023-05-31 23:49:45,1685591386,21.0,42.5,99200,4.00,5.00,6.00,6.00,0.0144,0
2023-05-31 23:54:45,1685591685,20.9,43.2,99200,4.00,5.00,7.00,8.00,0.0122,0
2023-05-31 23:59:51,1685591991,20.8,43.3,99200,4.00,4.00,4.00,4.00,0.0126,0
2023-06-01 00:04:50,1685592291,20.7,43.7,99200,5.00,9.00,12.0,14.0,0.0282,0
2023-06-01 00:09:49,1685592590,20.6,44.1,99200,4.00,6.00,7.00,8.00,0.0237,0
2023-06-01 00:14:49,1685592889,20.4,44.4,99200,2.00,2.00,3.00,3.00,0.0174,0
2023-06-01 00:19:48,1685593189,20.3,44.7,99200,6.00,7.00,8.00,8.00,0.0165,0
2023-06-01 00:24:48,1685593489,20.2,45.0,99200,5.00,7.00,10.0,12.0,0.0336,0
2023-06-01 00:29:48,1685593788,20.1,44.9,99200,4.00,7.00,9.00,10.0,0.0203,0
2023-06-01 00:34:51,1685594091,20.0,45.5,99200,6.00,6.00,7.00,8.00,0.0198,0
2023-06-01 00:39:50,1685594391,19.9,45.7,99200,4.00,4.00,4.00,4.00,0.0389,0
2023-06-01 00:44:50,1685594691,19.8,45.8,99200,4.00,6.00,8.00,9.00,0.0566,0
2023-06-01 00:49:50,1685594991,19.7,46.1,99200,4.00,5.00,6.00,7.00,0.0219,0
2023-06-01 00:54:50,1685595291,19.6,46.0,99200,6.00,7.00,7.00,8.00,0.0227,0
2023-06-01 00:59:50,1685595591,19.5,46.1,99200,5.00,8.00,10.0,11.0,0.0152,0
2023-06-01 01:04:50,1685595891,19.4,46.8,99200,3.00,4.00,5.00,6.00,0.0152,0
2023-06-01 01:09:50,1685596191,19.3,46.8,99200,3.00,5.00,7.00,8.00,0.0176,0
2023-06-01 01:14:50,1685596491,19.2,47.4,99200,3.00,4.00,6.00,6.00,0.0176,0
2023-06-01 01:19:50,1685596791,19.2,47.5,99200,4.00,6.00,7.00,8.00,0.0200,0
2023-06-01 01:24:50,1685597090,19.1,47.5,99200,5.00,8.00,10.0,11.0,0.0206,0
2023-06-01 01:29:50,1685597390,19.1,47.7,99200,5.00,5.00,5.00,6.00,0.0211,0
2023-06-01 01:34:50,1685597690,19.0,48.1,99200,6.00,7.00,9.00,11.0,0.0211,0
2023-06-01 01:39:50,1685597990,19.0,48.3,99200,4.00,7.00,10.0,12.0,0.0457,0
2023-06-01 01:44:50,1685598290,18.9,48.1,99200,4.00,5.00,6.00,8.00,0.0245,0
2023-06-01 01:49:50,1685598590,18.9,48.2,99200,4.00,6.00,9.00,10.0,0.0389,0
2023-06-01 01:54:50,1685598890,18.9,48.5,99200,3.00,4.00,5.00,6.00,0.0389,0
2023-06-01 01:59:50,1685599190,18.8,49.4,99200,3.00,4.00,5.00,5.00,0.0283,0
2023-06-01 02:04:50,1685599490,18.7,49.2,99200,5.00,6.00,7.00,7.00,0.0165,0
2023-06-01 02:09:50,1685599790,18.7,49.3,99200,4.00,5.00,7.00,8.00,0.0104,0
2023-06-01 02:14:50,1685600090,18.6,49.6,99200,5.00,6.00,9.00,10.0,0.0261,0
2023-06-01 02:19:50,1685600390,18.6,49.1,99200,6.00,6.00,6.00,7.00,0.0379,0
2023-06-01 02:24:50,1685600690,18.6,49.5,99200,2.00,6.00,9.00,10.0,0.0379,0
2023-06-01 02:29:49,1685600990,18.6,49.5,99193,6.00,9.00,11.0,12.0,0.0394,0
2023-06-01 02:34:49,1685601290,18.6,49.5,99173,5.00,7.00,10.0,12.0,0.0181,0
2023-06-01 02:39:49,1685601590,18.6,49.9,99107,4.00,6.00,8.00,10.0,0.0161,0
2023-06-01 02:44:49,1685601890,18.5,50.2,99100,5.00,6.00,7.00,8.00,0.0144,0
2023-06-01 02:49:49,1685602190,18.5,49.7,99100,4.00,6.00,7.00,8.00,0.0182,0
2023-06-01 02:54:49,1685602490,18.5,49.9,99100,6.00,7.00,7.00,7.00,0.0182,0
2023-06-01 02:59:49,1685602790,18.5,49.9,99100,3.00,4.00,6.00,7.00,0.0174,0
2023-06-01 03:04:49,1685603090,18.4,49.7,99100,5.00,6.00,7.00,8.00,0.0204,0
2023-06-01 03:09:49,1685603390,18.4,49.9,99100,3.00,3.00,5.00,5.00,0.0191,0
2023-06-01 03:14:49,1685603690,18.4,49.7,99100,4.00,5.00,6.00,7.00,0.0230,0
2023-06-01 03:19:49,1685603990,18.4,50.1,99100,4.00,7.00,9.00,11.0,0.0260,0
2023-06-01 03:24:49,1685604290,18.3,50.0,99100,5.00,7.00,9.00,10.0,0.0260,0
2023-06-01 03:29:49,1685604590,18.3,50.0,99100,5.00,5.00,7.00,8.00,0.0204,0
2023-06-01 03:34:49,1685604890,18.3,50.0,99100,2.00,3.00,4.00,5.00,0.0219,0
2023-06-01 03:39:49,1685605190,18.2,50.3,99100,5.00,6.00,7.00,7.00,0.0119,0
2023-06-01 03:44:49,1685605490,18.2,50.9,99100,7.00,7.00,8.00,8.00,0.0284,0
2023-06-01 03:49:49,1685605790,18.2,51.6,99100,5.00,7.00,9.00,11.0,0.0436,0
2023-06-01 03:54:49,1685606090,18.2,51.2,99100,5.00,6.00,7.00,8.00,0.0353,0
2023-06-01 03:59:49,1685606390,18.2,51.2,99100,4.00,4.00,5.00,5.00,0.0278,0
2023-06-01 04:04:49,1685606690,18.1,51.2,99100,4.00,7.00,10.0,12.0,0.0278,0
2023-06-01 04:09:49,1685606990,18.1,51.1,99100,3.00,4.00,6.00,6.00,0.0129,0
2023-06-01 04:14:49,1685607290,18.1,51.1,99100,5.00,7.00,9.00,11.0,0.0157,0
2023-06-01 04:19:49,1685607590,18.1,51.0,99100,5.00,6.00,7.00,8.00,0.0215,0
2023-06-01 04:24:49,1685607890,18.0,50.8,99100,5.00,10.0,13.0,15.0,0.0146,0
2023-06-01 04:29:49,1685608190,18.0,50.9,99100,3.00,5.00,6.00,7.00,0.0149,0
2023-06-01 04:34:49,1685608490,17.9,50.8,99160,4.00,7.00,9.00,11.0,0.0215,0
2023-06-01 04:39:49,1685608790,17.9,50.8,99167,2.00,4.00,7.00,8.00,0.0216,0
2023-06-01 04:44:49,1685609090,17.8,50.8,99193,3.00,4.00,7.00,8.00,0.0292,0
2023-06-01 04:49:50,1685609390,17.8,50.9,99200,4.00,4.00,5.00,6.00,0.0153,0
2023-06-01 04:54:50,1685609690,17.7,51.3,99200,4.00,7.00,11.0,13.0,0.0257,0
2023-06-01 04:59:50,1685609991,17.6,51.2,99200,6.00,6.00,6.00,6.00,0.0287,0
2023-06-01 05:04:51,1685610291,17.5,51.5,99200,4.00,5.00,6.00,7.00,0.0339,0
2023-06-01 05:09:50,1685610591,17.5,51.8,99200,5.00,7.00,11.0,12.0,0.0342,0
2023-06-01 05:14:50,1685610891,17.4,51.9,99200,4.00,6.00,9.00,11.0,0.0522,0
2023-06-01 05:19:51,1685611191,17.4,52.2,99200,5.00,7.00,7.00,8.00,0.0716,0
2023-06-01 05:24:51,1685611491,17.4,52.3,99200,6.00,6.00,6.00,7.00,0.0716,0
2023-06-01 05:29:51,1685611791,17.4,52.3,99200,4.00,5.00,6.00,7.00,0.0243,0
2023-06-01 05:34:51,1685612091,17.4,52.1,99200,4.00,5.00,5.00,5.00,0.0270,0
2023-06-01 05:39:51,1685612392,17.5,52.4,99200,5.00,7.00,9.00,11.0,0.0245,0
2023-06-01 05:44:31,1685612671,17.5,52.3,99200,4.00,4.00,6.00,7.00,0.0215,0
2023-06-01 05:49:39,1685612980,17.6,52.4,99200,3.00,6.00,8.00,9.00,0.0195,0
2023-06-01 05:54:38,1685613278,17.7,52.5,99200,3.00,4.00,5.00,6.00,0.0180,0
2023-06-01 09:43:39,1685627019,42.4,17.8,99200,3.00,3.00,3.00,3.00,0.0138,0
2023-06-01 11:04:53,1685631893,43.8,15.2,99200,10.0,27.0,40.0,47.0,,
2023-06-01 11:09:43,1685632183,44.0,15.2,99200,4.00,6.00,8.00,9.00,,
2023-06-01 11:10:02,1685632203,44.2,15.3,99200,1.00,1.00,1.00,1.00,,
2023-06-01 11:19:44,1685632785,44.7,14.8,99200,2.00,2.00,2.00,2.00,,
2023-06-01 11:24:54,1685633095,44.6,14.7,99150,2.00,3.00,5.00,6.00,0.116,0
2023-06-01 11:26:49,1685633210,43.8,14.7,99100,3.00,3.00,3.00,3.00,0.0172,0
2023-06-01 11:34:57,1685633697,41.5,17.3,99100,5.00,5.00,5.00,5.00,0.0120,0
2023-06-01 11:39:49,1685633989,41.3,17.6,99100,3.00,4.00,5.00,5.00,0.0136,0
2023-06-01 11:54:40,1685634881,43.7,15.1,99100,5.00,7.00,8.00,8.00,0.0149,0
2023-06-01 11:56:17,1685634977,43.6,15.0,99100,3.00,4.00,5.00,5.00,0.0181,0
2023-06-01 12:04:43,1685635484,43.9,14.8,99100,2.00,3.00,5.00,5.00,0.0211,0
2023-06-01 12:09:54,1685635794,44.0,14.8,99100,5.00,5.00,8.00,10.0,0.0175,0
2023-06-01 12:10:52,1685635852,44.0,14.7,99100,3.00,7.00,11.0,12.0,0.0135,0
2023-06-01 12:19:50,1685636390,44.2,13.9,99100,4.00,5.00,7.00,8.00,0.0114,0
2023-06-01 12:24:41,1685636681,43.2,14.3,99100,4.00,5.00,5.00,5.00,0.0167,0
2023-06-01 12:26:37,1685636797,42.3,15.2,99100,7.00,8.00,8.00,8.00,0.0167,0
2023-06-01 12:34:54,1685637295,43.2,13.5,99000,3.00,3.00,3.00,3.00,0.0156,0
2023-06-01 12:39:45,1685637586,43.6,12.6,99000,7.00,7.00,8.00,8.00,0.0479,0
2023-06-01 12:41:41,1685637702,44.0,12.4,99000,7.00,7.00,7.00,7.00,0.0479,0
2023-06-01 12:49:57,1685638197,44.0,11.4,99000,5.00,5.00,7.00,8.00,0.0239,0
2023-06-01 12:54:48,1685638488,43.1,12.2,99000,5.00,5.00,6.00,7.00,0.0275,0
2023-06-01 12:55:46,1685638547,42.5,13.2,99000,4.00,4.00,5.00,5.00,0.0124,0
2023-06-01 13:09:42,1685639382,43.1,12.3,99000,5.00,6.00,6.00,6.00,0.0146,0
2023-06-01 13:12:17,1685639537,42.9,12.2,99000,5.00,7.00,8.00,9.00,0.0109,0
2023-06-01 13:19:59,1685640000,42.6,12.5,99000,10.0,10.0,10.0,10.0,0.0228,0
2023-06-01 13:24:50,1685640291,42.7,11.7,99000,5.00,6.00,6.00,6.00,0.0414,0
2023-06-01 13:28:04,1685640484,42.7,11.1,99000,7.00,7.00,7.00,7.00,0.00896,0
2023-06-01 13:34:54,1685640894,42.7,11.2,99000,5.00,6.00,7.00,7.00,0.0157,0
2023-06-01 13:39:45,1685641186,42.8,11.0,99000,7.00,7.00,7.00,7.00,0.0143,0
2023-06-01 13:41:42,1685641302,42.9,11.5,99000,6.00,6.00,6.00,6.00,0.0172,0
2023-06-01 13:49:48,1685641788,43.4,11.4,99000,6.00,6.00,7.00,7.00,0.0212,0
2023-06-01 13:54:59,1685642099,43.6,11.1,98994,6.00,6.00,7.00,7.00,0.0212,0
2023-06-01 13:57:53,1685642273,43.6,11.1,98989,4.00,6.00,10.0,12.0,0.0178,0
2023-06-01 14:04:46,1685642687,43.9,10.8,98900,3.00,3.00,3.00,3.00,0.0113,0
2023-06-01 14:09:57,1685642997,44.1,10.3,98900,4.00,5.00,6.00,6.00,0.0197,0
2023-06-01 14:12:51,1685643172,44.1,10.1,98900,5.00,6.00,7.00,7.00,0.0189,0
2023-06-01 14:19:57,1685643597,43.9,10.9,98900,3.00,4.00,6.00,6.00,0.0126,0
2023-06-01 14:24:48,1685643888,43.9,11.0,98900,4.00,4.00,5.00,6.00,0.0151,0
2023-06-01 14:28:20,1685644101,43.7,11.0,98900,3.00,6.00,9.00,10.0,0.0233,0
2023-06-01 14:34:46,1685644486,43.6,11.1,98900,5.00,6.00,6.00,6.00,0.0233,0
2023-06-01 14:39:56,1685644797,43.6,10.9,98900,9.00,9.00,9.00,9.00,0.0611,0
2023-06-01 14:44:47,1685645088,43.1,11.2,98980,7.00,7.00,8.00,9.00,0.0631,0
2023-06-01 14:49:59,1685645399,42.0,11.7,99000,4.00,5.00,6.00,6.00,0.0396,0
2023-06-01 14:54:51,1685645691,40.5,13.1,99000,5.00,8.00,11.0,13.0,0.0396,0
2023-06-01 14:59:43,1685645984,39.3,13.7,99000,3.00,4.00,5.00,5.00,0.0202,0
2023-06-01 15:04:56,1685646297,38.1,14.6,99000,5.00,7.00,9.00,10.0,0.0235,0
2023-06-01 15:09:50,1685646591,37.0,16.1,99027,4.00,5.00,8.00,9.00,0.0133,0
2023-06-01 15:14:44,1685646884,36.1,17.1,99100,6.00,25.0,40.0,48.0,0.0397,0
2023-06-01 15:19:58,1685647198,35.4,18.4,99100,4.00,5.00,7.00,8.00,0.0839,0
2023-06-01 15:24:52,1685647492,34.7,20.0,99100,4.00,5.00,7.00,8.00,0.0665,0
2023-06-01 15:27:49,1685647669,34.1,21.5,99100,3.00,4.00,5.00,6.00,0.0571,0
2023-06-01 15:54:43,1685649284,31.4,27.3,99000,4.00,5.00,5.00,5.00,,
2023-06-01 15:59:38,1685649578,31.3,27.3,99100,2.00,5.00,7.00,8.00,,
2023-06-01 16:09:59,1685650200,31.5,27.5,99200,2.00,3.00,5.00,6.00,,
2023-06-01 16:14:55,1685650495,31.5,27.0,99200,3.00,5.00,7.00,8.00,0.0128,0
2023-06-01 16:19:45,1685650785,31.3,27.4,99200,1.00,2.00,4.00,4.00,0.0108,0
2023-06-01 16:24:40,1685651081,31.3,27.6,99200,3.00,4.00,6.00,7.00,0.0163,0
2023-06-01 16:29:56,1685651396,31.3,27.7,99200,6.00,8.00,9.00,10.0,0.0163,0
2023-06-01 16:34:52,1685651692,31.2,27.8,99200,5.00,7.00,10.0,13.0,0.0124,0
2023-06-01 16:39:48,1685651988,31.1,28.4,99173,2.00,3.00,6.00,8.00,0.0241,0
2023-06-01 16:44:44,1685652284,30.9,29.2,99187,4.00,4.00,6.00,7.00,0.0194,0
2023-06-01 16:49:59,1685652600,30.8,29.1,99113,3.00,3.00,4.00,5.00,0.0134,0
2023-06-01 16:54:55,1685652896,30.7,29.8,99100,4.00,5.00,6.00,6.00,0.0140,0
2023-06-01 16:59:51,1685653192,30.6,30.6,99100,6.00,8.00,9.00,10.0,0.0223,0
2023-06-01 17:04:48,1685653488,30.5,30.6,99100,2.00,3.00,3.00,3.00,0.0189,0
2023-06-01 17:09:44,1685653784,30.5,29.6,99100,3.00,4.00,7.00,8.00,0.0253,0
2023-06-01 17:14:40,1685654081,30.6,28.8,99100,3.00,4.00,5.00,6.00,0.0184,0
2023-06-01 17:19:56,1685654396,30.7,29.6,99100,2.00,3.00,6.00,7.00,0.0109,0
2023-06-01 17:24:52,1685654692,30.9,29.4,99100,4.00,4.00,7.00,8.00,0.0113,0
2023-06-01 17:29:48,1685654988,31.1,29.0,99100,2.00,3.00,4.00,5.00,0.0114,0
2023-06-01 17:31:07,1685655067,31.1,28.6,99100,4.00,4.00,4.00,4.00,0.0123,0
2023-06-01 17:39:47,1685655588,31.2,28.1,99100,2.00,2.00,2.00,2.00,0.0123,0
2023-06-01 17:44:43,1685655884,31.3,28.8,99100,4.00,4.00,4.00,5.00,0.0120,0
2023-06-01 17:49:59,1685656199,31.5,28.3,99100,2.00,6.00,10.0,12.0,0.0182,0
2023-06-01 17:54:55,1685656495,31.5,28.2,99100,3.00,3.00,4.00,5.00,0.0209,0
2023-06-01 17:59:51,1685656791,31.4,28.6,99100,3.00,3.00,4.00,4.00,0.0180,0
2023-06-01 18:04:47,1685657087,31.2,28.9,99100,2.00,4.00,6.00,7.00,0.0127,0
2023-06-01 18:09:42,1685657383,31.0,29.1,99100,3.00,4.00,5.00,5.00,0.0150,0
2023-06-01 18:14:58,1685657699,30.8,29.4,99100,4.00,4.00,5.00,5.00,0.0116,0
2023-06-01 18:19:55,1685657995,30.7,29.4,99100,3.00,3.00,3.00,4.00,0.0145,0
2023-06-01 18:24:51,1685658291,30.5,28.9,99073,4.00,5.00,6.00,6.00,0.0145,0
2023-06-01 18:29:47,1685658588,30.4,29.7,99000,2.00,3.00,4.00,4.00,0.0208,0
2023-06-01 18:34:43,1685658884,30.2,30.6,99000,2.00,3.00,3.00,3.00,0.0160,0
2023-06-01 18:39:59,1685659200,30.0,31.5,99000,5.00,6.00,8.00,8.00,0.0139,0
2023-06-01 18:44:56,1685659496,29.8,32.2,99000,2.00,3.00,4.00,5.00,0.0129,0
2023-06-01 18:49:52,1685659793,29.6,32.6,99000,4.00,5.00,7.00,9.00,0.0152,0
2023-06-01 18:54:49,1685660089,29.4,32.9,99000,2.00,5.00,7.00,8.00,0.0141,0
2023-06-01 18:59:45,1685660386,29.2,33.4,99000,3.00,3.00,3.00,4.00,0.0118,0
2023-06-01 19:04:42,1685660682,29.1,33.7,99000,3.00,5.00,8.00,10.0,0.0110,0
2023-06-01 19:09:59,1685660999,28.9,34.1,99000,5.00,10.0,14.0,16.0,0.0556,0
2023-06-01 19:14:55,1685661296,28.7,34.5,99000,4.00,5.00,8.00,10.0,0.0556,0
2023-06-01 19:19:52,1685661593,28.5,34.9,99000,3.00,3.00,4.00,4.00,0.0434,0
2023-06-01 19:24:49,1685661890,28.3,35.3,99000,4.00,5.00,6.00,7.00,0.0435,0
2023-06-01 19:29:46,1685662187,28.1,35.7,99000,4.00,4.00,5.00,6.00,0.0153,0
2023-06-01 19:34:43,1685662484,27.8,36.0,99080,3.00,3.00,4.00,5.00,0.0136,0
2023-06-01 19:39:40,1685662781,27.5,36.5,99093,3.00,6.00,8.00,9.00,0.0125,0
2023-06-01 19:44:58,1685663098,27.3,37.4,99100,4.00,5.00,5.00,5.00,0.0170,0
2023-06-01 19:49:55,1685663396,27.0,38.0,99100,3.00,6.00,9.00,10.0,0.0170,0
2023-06-01 19:54:52,1685663693,26.7,38.2,99100,4.00,4.00,4.00,5.00,0.0291,0
2023-06-01 19:59:50,1685663990,26.4,38.2,99100,4.00,6.00,7.00,8.00,0.0291,0
2023-06-01 20:04:47,1685664288,26.2,38.5,99100,4.00,4.00,5.00,5.00,0.0154,0
2023-06-01 20:09:45,1685664586,26.1,39.4,99100,4.00,6.00,8.00,9.00,0.0162,0
2023-06-01 20:14:43,1685664883,25.9,39.7,99100,4.00,7.00,10.0,11.0,0.0249,0
2023-06-01 20:19:41,1685665181,25.8,39.4,99100,2.00,4.00,7.00,8.00,0.0127,0
2023-06-01 20:24:58,1685665499,25.8,38.9,99100,3.00,4.00,4.00,5.00,0.0244,0
2023-06-01 20:29:56,1685665797,25.7,38.8,99100,4.00,4.00,6.00,7.00,0.0244,0
2023-06-01 20:34:54,1685666095,25.7,38.1,99100,2.00,3.00,4.00,5.00,0.0209,0
2023-06-01 20:39:52,1685666392,25.9,37.5,99100,5.00,7.00,8.00,8.00,0.0182,0
2023-06-01 20:44:50,1685666690,26.2,37.2,99100,4.00,5.00,5.00,6.00,0.0205,0
2023-06-01 20:49:47,1685666988,26.3,36.9,99100,4.00,5.00,6.00,7.00,0.0221,0
2023-06-01 20:54:45,1685667285,26.4,36.8,99100,4.00,5.00,5.00,5.00,0.0221,0
2023-06-01 20:59:43,1685667583,26.5,36.5,99100,7.00,9.00,10.0,10.0,0.0409,0
2023-06-01 21:04:40,1685667881,26.6,36.1,99100,2.00,4.00,5.00,6.00,0.0382,0
2023-06-01 21:09:58,1685668198,26.6,35.9,99100,5.00,8.00,11.0,13.0,0.0382,0
2023-06-01 21:14:55,1685668496,26.7,36.0,99100,4.00,5.00,5.00,5.00,0.0218,0
2023-06-01 21:19:53,1685668794,26.7,36.1,99100,4.00,5.00,5.00,5.00,0.0251,0
2023-06-01 21:24:51,1685669091,26.6,35.8,99100,3.00,5.00,7.00,8.00,0.0129,0
2023-06-01 21:29:48,1685669389,26.7,35.7,99100,4.00,4.00,6.00,7.00,0.0151,0
2023-06-01 21:34:46,1685669686,26.7,35.0,99100,3.00,5.00,6.00,7.00,0.0151,0
2023-06-01 21:39:43,1685669984,26.8,34.5,99100,3.00,4.00,6.00,7.00,0.0143,0
2023-06-01 21:44:41,1685670281,26.8,33.8,99100,4.00,15.0,24.0,28.0,0.126,0
2023-06-01 21:49:58,1685670599,26.8,33.7,99100,4.00,12.0,19.0,22.0,0.278,0
2023-06-01 21:54:56,1685670897,26.8,33.6,99100,2.00,2.00,3.00,3.00,0.387,0
2023-06-01 21:59:54,1685671194,26.7,33.3,99093,2.00,3.00,6.00,8.00,0.387,0
2023-06-01 22:04:51,1685671492,26.7,33.5,99047,2.00,4.00,7.00,9.00,0.0263,0
2023-06-01 22:09:49,1685671789,26.7,33.4,99067,2.00,5.00,7.00,8.00,0.0217,0
2023-06-01 22:14:46,1685672087,26.6,34.2,99000,2.00,2.00,3.00,4.00,0.0140,0
2023-06-01 22:19:44,1685672385,26.5,34.6,99000,3.00,8.00,13.0,15.0,0.0194,0
2023-06-01 22:24:42,1685672682,26.4,34.6,99000,3.00,7.00,11.0,12.0,0.0447,0
2023-06-01 22:29:40,1685672980,26.4,34.2,99000,3.00,4.00,5.00,6.00,0.0476,0
2023-06-01 22:34:57,1685673298,26.3,34.6,99000,3.00,3.00,3.00,3.00,0.0343,0
2023-06-01 22:39:55,1685673595,26.3,34.6,99000,4.00,5.00,6.00,7.00,0.0118,0
2023-06-01 22:44:53,1685673893,26.3,34.5,99000,2.00,7.00,10.0,12.0,0.0161,0
2023-06-01 22:49:50,1685674191,26.2,34.7,99000,3.00,4.00,7.00,8.00,0.0270,0
2023-06-01 22:54:48,1685674489,26.1,35.1,99000,2.00,2.00,3.00,4.00,0.0160,0
2023-06-01 22:59:46,1685674786,26.1,35.0,99000,6.00,6.00,6.00,6.00,0.0138,0
2023-06-01 23:04:44,1685675084,26.1,34.6,99000,4.00,6.00,9.00,10.0,0.0172,0
2023-06-01 23:09:41,1685675382,26.2,34.7,99000,4.00,5.00,5.00,6.00,0.0268,0
2023-06-01 23:14:59,1685675699,26.3,34.3,99000,4.00,4.00,4.00,4.00,0.0281,0
2023-06-01 23:19:56,1685675997,26.3,34.3,99000,2.00,3.00,4.00,5.00,0.0325,0
2023-06-01 23:24:54,1685676294,26.4,34.1,99000,2.00,4.00,5.00,6.00,0.0130,0
2023-06-01 23:29:52,1685676592,26.5,34.2,99000,2.00,3.00,3.00,3.00,0.0130,0
2023-06-01 23:34:49,1685676890,26.5,34.6,99000,3.00,3.00,3.00,3.00,0.0114,0
2023-06-01 23:39:47,1685677187,26.4,34.5,99000,4.00,6.00,7.00,8.00,0.0101,0
2023-06-01 23:44:45,1685677485,26.4,34.6,99000,4.00,5.00,5.00,5.00,0.0149,0
2023-06-01 23:49:42,1685677783,26.4,34.5,99000,3.00,4.00,5.00,5.00,0.0117,0
2023-06-01 23:54:40,1685678080,26.4,34.7,99000,3.00,3.00,3.00,3.00,0.0117,0
2023-06-01 23:59:57,1685678398,26.4,34.6,99000,2.00,2.00,2.00,3.00,0.0125,0
2023-06-02 00:04:55,1685678695,26.3,34.8,99000,3.00,4.00,4.00,4.00,0.0118,0
2023-06-02 00:09:53,1685678993,26.2,34.8,99000,3.00,4.00,5.00,6.00,0.0111,0
2023-06-02 00:14:50,1685679291,26.2,35.0,99000,5.00,7.00,7.00,8.00,0.0332,0
2023-06-02 00:19:48,1685679589,26.1,35.3,99000,4.00,4.00,4.00,5.00,0.0404,0
2023-06-02 00:24:46,1685679886,26.0,35.5,99000,5.00,7.00,9.00,10.0,0.0242,0
2023-06-02 00:29:44,1685680184,26.0,35.5,99000,3.00,4.00,5.00,5.00,0.0178,0
2023-06-02 00:34:42,1685680482,25.9,35.5,99000,6.00,7.00,8.00,8.00,0.0287,0
2023-06-02 00:39:59,1685680800,25.9,35.2,99000,4.00,5.00,6.00,6.00,0.0137,0
2023-06-02 00:44:57,1685681098,25.9,35.0,99000,2.00,3.00,6.00,7.00,0.0111,0
2023-06-02 00:49:55,1685681395,25.9,35.2,99000,4.00,4.00,5.00,6.00,0.0148,0
2023-06-02 00:54:53,1685681693,25.8,35.1,99000,1.00,2.00,3.00,4.00,0.0148,0
2023-06-02 00:59:51,1685681991,25.7,35.5,99000,4.00,6.00,7.00,7.00,0.0108,0
2023-06-02 01:04:49,1685682289,25.5,35.9,99000,3.00,5.00,7.00,8.00,0.0192,0
2023-06-02 01:09:47,1685682587,25.4,36.4,99000,3.00,4.00,6.00,7.00,0.0146,0
2023-06-02 01:14:45,1685682885,25.2,36.8,99000,3.00,3.00,3.00,4.00,0.0107,0
2023-06-02 01:19:47,1685683188,25.1,37.0,99000,1.00,3.00,5.00,5.00,0.0156,0
2023-06-02 01:24:45,1685683486,24.8,37.6,98967,2.00,4.00,7.00,8.00,0.0156,0
2023-06-02 01:29:43,1685683784,24.6,37.8,98913,1.00,2.00,3.00,4.00,0.0156,0
2023-06-02 01:34:41,1685684082,24.4,38.4,98900,2.00,4.00,7.00,9.00,0.0130,0
2023-06-02 01:39:40,1685684380,24.2,38.7,98900,2.00,3.00,4.00,5.00,0.0116,0
2023-06-02 01:44:58,1685684699,24.1,38.9,98900,2.00,2.00,3.00,4.00,0.0116,0
2023-06-02 01:49:56,1685684997,24.0,39.6,98900,4.00,7.00,11.0,12.0,0.0120,0
2023-06-02 01:54:54,1685685295,23.9,39.6,98900,2.00,4.00,5.00,6.00,0.0151,0
2023-06-02 01:59:52,1685685593,23.8,40.1,98900,2.00,2.00,3.00,4.00,0.0254,0
2023-06-02 02:04:51,1685685891,23.7,39.8,98900,1.00,3.00,4.00,5.00,0.0173,0
2023-06-02 02:09:49,1685686190,23.7,40.3,98900,4.00,4.00,5.00,5.00,0.0162,0
2023-06-02 02:14:48,1685686488,23.7,40.7,98900,2.00,3.00,4.00,5.00,0.0147,0
2023-06-02 02:19:46,1685686787,23.7,41.1,98900,2.00,3.00,3.00,4.00,0.0118,0
2023-06-02 02:24:45,1685687085,23.7,41.7,98900,2.00,3.00,3.00,4.00,0.0107,0
2023-06-02 02:29:43,1685687384,23.6,41.8,98900,3.00,4.00,5.00,6.00,0.0107,0
2023-06-02 02:34:42,1685687682,23.6,42.2,98900,4.00,4.00,5.00,5.00,0.0140,0
2023-06-02 02:39:40,1685687981,23.6,42.1,98900,2.00,3.00,4.00,5.00,0.0140,0
2023-06-02 02:44:59,1685688299,23.6,42.4,98900,2.00,3.00,4.00,5.00,0.0151,0
2023-06-02 02:49:57,1685688598,23.6,41.5,98900,2.00,3.00,3.00,4.00,0.0108,0
2023-06-02 02:54:56,1685688896,23.7,41.5,98900,3.00,3.00,3.00,3.00,0.0101,0
2023-06-02 02:59:54,1685689195,23.8,41.2,98900,2.00,2.00,3.00,4.00,0.0102,0
2023-06-02 03:04:53,1685689494,23.8,41.4,98900,1.00,4.00,7.00,9.00,0.00995,0
2023-06-02 03:09:52,1685689792,23.9,41.6,98900,3.00,4.00,6.00,7.00,0.00995,0
2023-06-02 03:14:50,1685690091,23.8,41.3,98900,2.00,4.00,8.00,9.00,0.0144,0
2023-06-02 03:19:49,1685690389,23.8,41.6,98900,2.00,3.00,5.00,6.00,0.0129,0
2023-06-02 03:24:47,1685690688,23.7,41.5,98900,2.00,3.00,5.00,6.00,0.0114,0
2023-06-02 03:29:46,1685690987,23.7,41.5,98900,2.00,2.00,3.00,4.00,0.0114,0
2023-06-02 03:34:45,1685691285,23.6,41.7,98900,2.00,5.00,7.00,9.00,0.0130,0
2023-06-02 03:39:43,1685691584,23.6,41.7,98900,2.00,3.00,6.00,7.00,0.0125,0
2023-06-02 03:44:42,1685691882,23.5,42.0,98900,1.00,2.00,3.00,4.00,0.0104,0
2023-06-02 03:49:41,1685692181,23.5,41.7,98900,2.00,3.00,3.00,3.00,0.0108,0
2023-06-02 03:54:59,1685692500,23.5,41.9,98844,3.00,5.00,7.00,8.00,0.0176,0
2023-06-02 03:59:58,1685692798,23.5,42.4,98800,3.00,3.00,3.00,3.00,0.0240,0
2023-06-02 04:04:57,1685693097,23.4,42.9,98800,2.00,2.00,2.00,3.00,0.0229,0
2023-06-02 04:09:55,1685693396,23.3,43.2,98833,2.00,2.00,2.00,3.00,0.0178,0
2023-06-02 04:14:54,1685693695,23.2,43.5,98887,3.00,7.00,10.0,11.0,0.0188,0
2023-06-02 04:19:53,1685693994,23.1,43.8,98900,2.00,3.00,3.00,3.00,0.0167,0
2023-06-02 04:24:52,1685694292,22.9,44.9,98900,2.00,3.00,5.00,6.00,0.0171,0
2023-06-02 04:29:51,1685694592,22.9,45.1,98900,2.00,3.00,6.00,7.00,0.0121,0
2023-06-02 04:34:50,1685694891,22.8,44.9,98900,3.00,7.00,10.0,12.0,0.0279,0
2023-06-02 04:39:49,1685695189,22.8,45.1,98900,2.00,3.00,4.00,5.00,0.0202,0
2023-06-02 04:44:48,1685695488,22.7,45.1,98900,3.00,3.00,3.00,3.00,0.0202,0
2023-06-02 04:49:47,1685695787,22.6,45.5,98900,3.00,5.00,8.00,10.0,0.0148,0
2023-06-02 04:54:46,1685696086,22.5,46.1,98900,2.00,3.00,4.00,5.00,0.0118,0
2023-06-02 04:59:44,1685696385,22.4,46.5,98900,2.00,3.00,4.00,5.00,0.0127,0
2023-06-02 05:04:43,1685696684,22.3,46.4,98900,4.00,6.00,8.00,8.00,0.0153,0
2023-06-02 05:09:42,1685696983,22.2,46.1,98900,3.00,4.00,4.00,4.00,0.0292,0
2023-06-02 05:14:41,1685697282,22.2,46.2,98900,3.00,4.00,5.00,6.00,0.0342,0
2023-06-02 05:19:40,1685697581,22.2,46.4,98900,2.00,4.00,6.00,7.00,0.0342,0
2023-06-02 05:24:59,1685697900,22.2,46.7,98900,3.00,4.00,5.00,5.00,0.0183,0
2023-06-02 05:29:58,1685698199,22.1,46.8,98900,2.00,4.00,5.00,6.00,0.0107,0
2023-06-02 05:34:57,1685698498,22.1,46.9,98900,2.00,3.00,6.00,7.00,0.0107,0
2023-06-02 05:39:56,1685698797,22.1,46.7,98900,3.00,3.00,4.00,4.00,0.0147,0
2023-06-02 05:44:55,1685699096,22.2,47.1,98900,6.00,7.00,7.00,7.00,0.0143,0
2023-06-02 05:49:54,1685699395,22.2,47.3,98900,3.00,3.00,5.00,6.00,0.0207,0
2023-06-02 05:54:53,1685699694,22.2,47.2,98927,3.00,4.00,5.00,6.00,0.0235,0
2023-06-02 05:59:52,1685699993,22.3,47.3,98947,3.00,5.00,7.00,8.00,0.0141,0
2023-06-02 06:04:51,1685700291,22.3,47.1,98927,3.00,5.00,9.00,11.0,0.0228,0
2023-06-02 06:09:50,1685700590,22.3,47.4,98933,3.00,5.00,8.00,10.0,0.0331,0
2023-06-02 06:14:49,1685700889,22.4,47.2,99000,3.00,3.00,5.00,6.00,0.0241,0
2023-06-02 06:19:48,1685701188,22.4,47.6,98960,2.00,5.00,7.00,9.00,0.0162,0
2023-06-02 06:24:46,1685701487,22.4,47.5,99000,3.00,5.00,6.00,7.00,0.0133,0
2023-06-02 06:29:45,1685701786,22.4,48.2,99000,4.00,4.00,4.00,4.00,0.0133,0
2023-06-02 06:34:44,1685702085,22.4,48.1,99000,2.00,4.00,5.00,7.00,0.0131,0
2023-06-02 06:39:43,1685702384,22.4,48.1,99000,4.00,5.00,5.00,5.00,0.0112,0
2023-06-02 06:44:42,1685702683,22.4,47.6,99000,5.00,6.00,8.00,8.00,0.0123,0
2023-06-02 06:49:41,1685702981,22.5,48.0,99000,3.00,4.00,5.00,6.00,0.0112,0
2023-06-02 06:54:40,1685703280,22.5,48.3,99000,3.00,5.00,6.00,6.00,0.0130,0
2023-06-02 06:59:59,1685703599,22.5,48.2,99000,3.00,3.00,3.00,3.00,0.0130,0
2023-06-02 07:04:58,1685703898,22.6,47.9,99000,3.00,3.00,5.00,6.00,0.0145,0
2023-06-02 07:09:56,1685704197,22.6,47.8,99000,2.00,3.00,3.00,3.00,0.0119,0
2023-06-02 07:14:55,1685704496,22.7,48.0,99000,3.00,6.00,7.00,8.00,0.0103,0
2023-06-02 07:19:54,1685704795,22.7,47.8,99000,2.00,3.00,3.00,4.00,0.0146,0
2023-06-02 07:24:53,1685705094,22.8,47.8,99000,2.00,3.00,4.00,4.00,0.0144,0
2023-06-02 07:29:52,1685705392,22.8,47.7,99000,3.00,4.00,5.00,6.00,0.0137,0
2023-06-02 07:34:51,1685705691,22.9,48.0,99000,4.00,5.00,9.00,10.0,0.0137,0
2023-06-02 07:39:29,1685705970,22.9,48.5,99000,4.00,4.00,5.00,5.00,0.0160,0
2023-06-02 07:44:15,1685706256,22.9,48.4,99000,2.00,2.00,2.00,2.00,0.00874,0
2023-06-02 10:22:52,1685715772,35.3,25.8,99100,4.00,5.00,5.00,5.00,,
2023-06-02 11:41:48,1685720508,31.0,26.4,99100,4.00,4.00,4.00,4.00,,
2023-06-02 11:49:59,1685720999,30.4,26.9,99100,5.00,5.00,6.00,7.00,,
2023-06-02 11:54:54,1685721295,30.1,27.6,99100,4.00,6.00,8.00,8.00,,
2023-06-02 11:59:09,1685721550,30.5,26.9,99100,3.00,4.00,6.00,6.00,0.0110,0
2023-06-02 12:09:57,1685722197,29.5,27.4,99100,5.00,5.00,5.00,6.00,0.0117,0
2023-06-02 12:12:15,1685722335,29.3,27.9,99100,4.00,5.00,5.00,6.00,0.00996,0
2023-06-02 12:24:59,1685723099,28.9,28.9,99100,3.00,4.00,8.00,9.00,0.0132,0
2023-06-02 12:28:16,1685723296,29.7,28.5,99100,3.00,4.00,4.00,4.00,0.0177,0
2023-06-02 12:39:55,1685723995,31.2,26.2,99100,5.00,7.00,9.00,10.0,0.0156,0
2023-06-02 12:44:10,1685724251,31.1,25.9,99100,2.00,3.00,4.00,5.00,0.0103,0
2023-06-02 12:49:59,1685724600,30.2,26.9,99100,2.00,3.00,3.00,3.00,0.0183,0
2023-06-02 12:54:55,1685724895,30.0,27.3,99100,3.00,3.00,4.00,4.00,0.0240,0
2023-06-02 12:58:12,1685725093,30.1,27.6,99100,2.00,3.00,4.00,5.00,0.0211,0
2023-06-02 13:09:57,1685725797,30.5,26.4,99100,2.00,3.00,3.00,3.00,0.0102,0
2023-06-02 13:13:53,1685726033,30.3,26.7,99100,2.00,3.00,4.00,4.00,0.0105,0
2023-06-02 13:19:58,1685726399,30.4,26.8,99100,1.00,2.00,3.00,3.00,0.0105,0
2023-06-02 13:24:54,1685726694,30.4,26.8,99100,4.00,5.00,8.00,9.00,0.0122,0
2023-06-02 13:28:50,1685726931,30.3,26.6,99100,2.00,2.00,3.00,3.00,0.0122,0
2023-06-02 13:44:49,1685727890,30.8,26.4,99100,3.00,5.00,7.00,8.00,0.0251,0
2023-06-02 13:49:53,1685728193,30.7,25.8,99100,5.00,8.00,9.00,10.0,0.0185,0
2023-06-02 13:54:48,1685728489,30.4,25.9,99100,4.00,8.00,11.0,13.0,0.0413,0
2023-06-02 13:59:44,1685728784,30.2,26.2,99100,3.00,4.00,4.00,4.00,0.0358,0
2023-06-02 14:00:42,1685728843,30.2,26.3,99100,3.00,3.00,3.00,3.00,0.0223,0
2023-06-02 14:09:51,1685729391,30.3,26.0,99100,1.00,4.00,6.00,7.00,0.0214,0
2023-06-02 14:14:46,1685729687,30.3,26.0,99100,3.00,3.00,4.00,5.00,0.0141,0
2023-06-02 14:19:53,1685729993,30.2,26.0,99100,7.00,7.00,7.00,7.00,0.0126,0
2023-06-02 14:24:48,1685730289,30.2,25.7,99100,4.00,4.00,5.00,5.00,0.0129,0
2023-06-02 14:29:44,1685730584,29.8,26.1,99100,3.00,5.00,8.00,9.00,0.0132,0
2023-06-02 14:30:04,1685730604,29.8,26.4,99100,1.00,1.00,1.00,1.00,0.0102,0
2023-06-02 14:39:53,1685731194,29.8,26.4,99100,2.00,4.00,6.00,7.00,0.0110,0
2023-06-02 14:44:49,1685731489,29.7,26.3,99100,2.00,7.00,11.0,13.0,0.0112,0
2023-06-02 14:46:47,1685731607,29.7,26.6,99100,2.00,2.00,3.00,4.00,0.0109,0
2023-06-02 14:54:58,1685732099,29.2,26.8,99100,3.00,6.00,9.00,10.0,0.0249,0
2023-06-02 14:59:55,1685732395,29.0,27.0,99100,4.00,4.00,4.00,5.00,0.0198,0
2023-06-02 15:01:53,1685732513,28.8,27.2,99100,3.00,5.00,6.00,6.00,0.0223,0
2023-06-02 15:09:45,1685732986,28.6,27.8,99100,1.00,3.00,5.00,6.00,0.0255,0
2023-06-02 15:14:42,1685733282,28.6,27.9,99100,3.00,3.00,4.00,5.00,0.0109,0
2023-06-02 15:16:59,1685733420,28.6,28.1,99100,2.00,2.00,3.00,3.00,0.0108,0
2023-06-02 15:23:53,1685733833,28.3,28.3,99100,2.00,3.00,4.00,4.00,0.0120,0
2023-06-02 15:34:49,1685734489,28.4,29.1,99022,2.00,3.00,4.00,4.00,0.0122,0
2023-06-02 15:39:45,1685734786,28.4,28.8,99047,2.00,3.00,5.00,6.00,0.0111,0
2023-06-02 15:40:44,1685734844,28.4,29.4,99000,2.00,4.00,6.00,7.00,0.00935,0
2023-06-02 15:49:46,1685735387,28.7,29.0,99100,4.00,5.00,6.00,7.00,0.0140,0
2023-06-02 15:54:42,1685735683,28.9,28.6,99040,2.00,4.00,6.00,8.00,0.0221,0
2023-06-02 15:55:02,1685735703,28.9,28.0,99100,1.00,2.00,2.00,3.00,0.0206,0
2023-06-02 16:04:55,1685736295,28.4,28.2,99100,1.00,3.00,5.00,6.00,0.0145,0
2023-06-02 16:09:52,1685736592,27.9,28.5,99100,5.00,6.00,7.00,7.00,0.0113,0
2023-06-02 16:11:10,1685736671,27.6,29.2,99100,1.00,2.00,3.00,4.00,0.0108,0
2023-06-02 16:19:43,1685737183,27.2,29.5,99100,2.00,3.00,4.00,5.00,0.0117,0
2023-06-02 16:24:59,1685737500,26.9,29.8,99100,1.00,4.00,7.00,8.00,0.0217,0
2023-06-02 16:26:38,1685737598,26.7,30.0,99100,2.00,4.00,6.00,7.00,0.0140,0
2023-06-02 16:34:52,1685738092,26.4,30.4,99100,3.00,5.00,6.00,7.00,0.0140,0
2023-06-02 16:39:49,1685738389,26.0,30.7,99100,2.00,3.00,3.00,3.00,0.0123,0
2023-06-02 16:40:48,1685738449,25.7,31.0,99100,2.00,2.00,3.00,4.00,0.0113,0
2023-06-02 16:54:54,1685739295,25.1,32.4,99100,1.00,3.00,3.00,4.00,0.0133,0
2023-06-02 16:59:52,1685739592,24.8,32.8,99100,4.00,4.00,5.00,6.00,0.0115,0
2023-06-02 17:04:49,1685739890,24.6,33.3,99100,1.00,2.00,4.00,5.00,0.0122,0
2023-06-02 17:09:47,1685740188,24.3,33.7,99100,1.00,3.00,6.00,7.00,0.0135,0
2023-06-02 17:14:45,1685740485,24.0,33.8,99100,4.00,4.00,7.00,9.00,0.0203,0
2023-06-02 17:19:43,1685740783,23.8,34.5,99100,2.00,4.00,6.00,7.00,0.0184,0
2023-06-02 17:24:41,1685741081,23.6,34.7,99100,3.00,3.00,4.00,4.00,0.0114,0
2023-06-02 17:29:59,1685741399,23.4,35.0,99100,4.00,5.00,6.00,6.00,0.0115,0
2023-06-02 17:34:58,1685741698,23.1,35.1,99187,5.00,6.00,9.00,10.0,0.0115,0
2023-06-02 17:39:56,1685741996,22.7,35.5,99200,4.00,5.00,7.00,8.00,0.0169,0
2023-06-02 17:44:54,1685742295,22.4,36.0,99200,4.00,6.00,9.00,10.0,0.0189,0
2023-06-02 17:49:53,1685742593,22.2,36.3,99200,3.00,4.00,6.00,6.00,0.0121,0
2023-06-02 17:54:52,1685742892,22.0,36.6,99200,5.00,7.00,11.0,12.0,0.0272,0
2023-06-02 17:59:51,1685743191,21.8,37.1,99200,2.00,3.00,5.00,6.00,0.0204,0
2023-06-02 18:04:49,1685743490,21.6,37.5,99200,5.00,6.00,8.00,8.00,0.0229,0
2023-06-02 18:09:49,1685743789,21.4,37.8,99200,3.00,5.00,5.00,6.00,0.0303,0
2023-06-02 18:14:48,1685744088,21.2,38.3,99200,4.00,6.00,8.00,9.00,0.0125,0
2023-06-02 18:19:47,1685744387,21.1,38.3,99200,6.00,7.00,7.00,7.00,0.0123,0
2023-06-02 18:24:46,1685744687,21.0,38.6,99200,4.00,5.00,7.00,8.00,0.0128,0
2023-06-02 18:29:45,1685744986,20.9,38.8,99200,2.00,3.00,4.00,4.00,0.0156,0
2023-06-02 18:34:45,1685745285,20.8,39.2,99213,4.00,4.00,5.00,5.00,0.0189,0
2023-06-02 18:39:44,1685745585,20.8,39.9,99300,9.00,10.0,10.0,10.0,0.0626,0
2023-06-02 18:44:43,1685745884,20.8,39.5,99300,13.0,14.0,14.0,14.0,0.152,0
2023-06-02 18:49:43,1685746184,20.9,38.8,99300,11.0,22.0,31.0,36.0,0.0863,0
2023-06-02 18:54:42,1685746482,21.0,38.1,99300,8.00,11.0,13.0,14.0,0.174,0
2023-06-02 18:59:41,1685746781,21.1,38.1,99300,11.0,14.0,16.0,18.0,0.168,0
2023-06-02 19:04:40,1685747081,21.1,37.9,99300,9.00,11.0,11.0,12.0,0.0928,0
2023-06-02 19:09:40,1685747380,21.1,37.6,99380,7.00,8.00,8.00,8.00,0.113,0
2023-06-02 19:14:59,1685747699,21.0,37.7,99400,5.00,5.00,6.00,6.00,0.0297,0
2023-06-02 19:19:58,1685747998,20.9,37.3,99400,8.00,9.00,9.00,9.00,0.0105,0
2023-06-02 19:24:57,1685748298,20.8,36.9,99400,6.00,8.00,9.00,10.0,0.0152,0
2023-06-02 19:29:57,1685748597,20.7,37.1,99400,12.0,14.0,14.0,15.0,0.0826,0
2023-06-02 19:34:56,1685748897,20.7,37.1,99400,13.0,14.0,14.0,14.0,0.0547,0
2023-06-02 19:39:55,1685749196,20.6,37.1,99400,7.00,7.00,7.00,7.00,0.0318,0
2023-06-02 19:44:55,1685749495,20.6,36.5,99400,5.00,6.00,8.00,10.0,0.129,0
2023-06-02 19:49:54,1685749795,20.5,36.7,99400,6.00,8.00,8.00,9.00,0.0635,0
2023-06-02 19:54:54,1685750094,20.4,36.6,99400,9.00,9.00,9.00,9.00,0.0342,0
2023-06-02 19:59:53,1685750394,20.2,36.5,99460,6.00,9.00,12.0,14.0,0.0342,0
2023-06-02 20:04:53,1685750693,20.0,36.8,99467,6.00,7.00,7.00,7.00,0.0413,0
2023-06-02 20:09:52,1685750993,19.8,36.6,99500,4.00,6.00,7.00,8.00,0.0509,0
2023-06-02 20:14:52,1685751292,19.6,36.6,99500,4.00,5.00,6.00,6.00,0.0463,0
2023-06-02 20:19:51,1685751592,19.4,36.7,99500,8.00,10.0,11.0,11.0,0.0196,0
2023-06-02 20:24:51,1685751892,19.2,36.8,99500,9.00,9.00,10.0,11.0,0.0315,0
2023-06-02 20:29:52,1685752192,19.1,37.1,99500,11.0,14.0,16.0,18.0,0.0283,0
2023-06-02 20:34:52,1685752492,18.9,37.3,99500,7.00,8.00,13.0,16.0,0.0143,0
2023-06-02 20:39:52,1685752792,18.8,37.4,99500,11.0,12.0,13.0,13.0,0.0386,0
2023-06-02 20:44:52,1685753092,18.6,37.3,99500,9.00,10.0,10.0,10.0,0.0487,0
2023-06-02 20:49:51,1685753392,18.5,37.3,99500,9.00,10.0,11.0,11.0,0.0193,0
2023-06-02 20:54:52,1685753692,18.4,37.3,99500,10.0,11.0,12.0,12.0,0.242,0
2023-06-02 20:59:52,1685753992,18.3,37.5,99500,8.00,10.0,11.0,11.0,0.183,0
2023-06-02 21:04:52,1685754292,18.2,37.2,99500,11.0,11.0,17.0,19.0,0.0166,0
2023-06-02 21:09:52,1685754592,18.1,37.0,99500,12.0,13.0,14.0,14.0,0.0555,0
2023-06-02 21:14:52,1685754892,18.0,36.7,99500,15.0,16.0,16.0,16.0,0.0805,0
2023-06-02 21:19:52,1685755192,17.9,36.6,99580,6.00,8.00,9.00,10.0,0.0301,0
2023-06-02 21:24:52,1685755492,17.8,36.2,99600,7.00,9.00,11.0,12.0,0.0384,0
2023-06-02 21:29:52,1685755793,17.8,36.0,99600,8.00,11.0,13.0,15.0,0.0568,0
2023-06-02 21:34:52,1685756093,17.7,35.4,99600,7.00,7.00,7.00,8.00,0.0785,0
2023-06-02 21:39:52,1685756393,17.5,35.0,99600,5.00,6.00,8.00,9.00,0.111,0
2023-06-02 21:44:53,1685756693,17.4,35.0,99600,8.00,10.0,11.0,11.0,0.0949,0
2023-06-02 21:49:53,1685756993,17.3,35.0,99600,20.0,84.0,136,162,0.264,0
2023-06-02 21:54:53,1685757293,17.2,35.0,99600,6.00,8.00,10.0,10.0,0.266,0
2023-06-02 21:59:53,1685757594,17.1,34.9,99600,4.00,5.00,7.00,8.00,0.340,0
2023-06-02 22:04:54,1685757894,17.0,35.1,99600,5.00,6.00,7.00,7.00,0.338,0
2023-06-02 22:09:54,1685758194,16.9,35.2,99600,7.00,9.00,10.0,10.0,0.0185,0
2023-06-02 22:14:54,1685758495,16.7,35.6,99600,6.00,7.00,7.00,8.00,0.0333,0
2023-06-02 22:19:55,1685758795,16.6,35.3,99600,5.00,6.00,6.00,7.00,0.0346,0
2023-06-02 22:24:56,1685759096,16.5,35.3,99600,4.00,5.00,9.00,10.0,0.0363,0
2023-06-02 22:29:56,1685759396,16.4,35.9,99600,5.00,5.00,7.00,9.00,0.0198,0
2023-06-02 22:34:57,1685759697,16.2,35.9,99600,6.00,7.00,10.0,12.0,0.0160,0
2023-06-02 22:39:57,1685759998,16.1,35.8,99600,4.00,5.00,6.00,6.00,0.0142,0
2023-06-02 22:44:58,1685760298,16.0,36.0,99600,4.00,11.0,17.0,20.0,0.0223,0
2023-06-02 22:49:58,1685760599,15.9,37.1,99600,4.00,5.00,6.00,6.00,0.0229,0
2023-06-02 22:54:59,1685760899,15.7,37.2,99600,5.00,6.00,10.0,12.0,0.0235,0
2023-06-02 22:59:40,1685761180,15.5,37.1,99600,9.00,12.0,14.0,15.0,0.0698,0
2023-06-02 23:04:40,1685761481,15.4,37.6,99600,5.00,6.00,8.00,9.00,0.0698,0
2023-06-02 23:09:41,1685761782,15.2,37.9,99600,3.00,4.00,4.00,5.00,0.0524,0
2023-06-02 23:14:42,1685762083,15.0,38.3,99600,3.00,10.0,16.0,19.0,0.0270,0
2023-06-02 23:19:43,1685762383,14.8,38.5,99600,4.00,6.00,9.00,10.0,0.0301,0
2023-06-02 23:24:43,1685762684,14.7,38.5,99600,2.00,5.00,8.00,10.0,0.0238,0
2023-06-02 23:29:44,1685762985,14.7,37.9,99600,2.00,4.00,5.00,6.00,0.0275,0
2023-06-02 23:34:46,1685763286,14.7,37.7,99600,6.00,6.00,6.00,7.00,0.0219,0
2023-06-02 23:39:47,1685763587,14.7,36.6,99600,4.00,4.00,5.00,6.00,0.0218,0
2023-06-02 23:44:48,1685763889,14.8,36.2,99600,5.00,6.00,6.00,7.00,0.0124,0
2023-06-02 23:49:49,1685764190,14.9,37.2,99600,4.00,6.00,9.00,10.0,0.0163,0
2023-06-02 23:54:50,1685764491,14.9,36.8,99600,3.00,4.00,6.00,6.00,0.0167,0
2023-06-02 23:59:51,1685764792,14.8,36.0,99600,5.00,8.00,9.00,10.0,0.0167,0
2023-06-03 00:04:52,1685765093,14.6,35.8,99600,2.00,4.00,5.00,5.00,0.0207,0
2023-06-03 00:09:54,1685765394,14.4,36.3,99600,4.00,8.00,11.0,13.0,0.0241,0
2023-06-03 00:14:55,1685765695,14.2,37.0,99600,5.00,7.00,11.0,13.0,0.0297,0
2023-06-03 00:19:56,1685765996,14.0,37.9,99600,4.00,5.00,6.00,6.00,0.0297,0
2023-06-03 00:24:57,1685766298,13.7,38.3,99600,2.00,3.00,4.00,4.00,0.0311,0
2023-06-03 00:29:59,1685766599,13.6,39.0,99600,4.00,9.00,13.0,15.0,0.0424,0
2023-06-03 00:34:40,1685766880,13.4,39.5,99600,7.00,8.00,9.00,10.0,0.0616,0
2023-06-03 00:39:41,1685767181,13.2,39.9,99600,3.00,7.00,10.0,12.0,0.0232,0
2023-06-03 00:44:42,1685767483,13.0,40.6,99600,4.00,8.00,12.0,14.0,0.0318,0
2023-06-03 00:49:43,1685767784,12.8,40.9,99600,4.00,9.00,13.0,15.0,0.0376,0
2023-06-03 00:54:45,1685768086,12.6,41.7,99600,5.00,6.00,9.00,10.0,0.0362,0
2023-06-03 00:59:47,1685768387,12.4,42.3,99600,3.00,9.00,14.0,16.0,0.0241,0
2023-06-03 01:04:48,1685768689,12.2,42.5,99600,3.00,4.00,5.00,5.00,0.0214,0
2023-06-03 01:09:50,1685768990,12.0,43.0,99600,4.00,5.00,6.00,6.00,0.0215,0
2023-06-03 01:14:52,1685769292,11.8,43.5,99600,2.00,4.00,6.00,7.00,0.0172,0
2023-06-03 01:19:54,1685769594,11.6,44.3,99600,3.00,4.00,5.00,6.00,0.0172,0
2023-06-03 01:24:56,1685769896,11.4,44.9,99600,5.00,5.00,5.00,5.00,0.0153,0
2023-06-03 01:29:58,1685770198,11.2,45.4,99600,3.00,4.00,7.00,8.00,0.0140,0
2023-06-03 01:34:59,1685770500,11.1,46.3,99600,6.00,8.00,8.00,9.00,0.0138,0
2023-06-03 01:39:41,1685770782,10.9,46.7,99600,3.00,4.00,4.00,4.00,0.0189,0
2023-06-03 01:44:43,1685771084,10.8,46.4,99600,2.00,3.00,4.00,4.00,0.0430,0
2023-06-03 01:49:45,1685771386,10.7,46.5,99607,3.00,3.00,6.00,8.00,0.0207,0
2023-06-03 01:54:47,1685771688,10.6,46.9,99653,4.00,5.00,5.00,6.00,0.0199,0
2023-06-03 01:59:50,1685771990,10.4,47.2,99680,6.00,8.00,10.0,10.0,0.0318,0
2023-06-03 02:04:52,1685772292,10.3,47.8,99700,4.00,5.00,8.00,10.0,0.0135,0
2023-06-03 02:09:54,1685772595,10.2,48.0,99700,4.00,5.00,6.00,7.00,0.0236,0
2023-06-03 02:14:57,1685772897,10.1,48.2,99700,4.00,6.00,8.00,9.00,0.0122,0
2023-06-03 02:19:59,1685773199,9.96,48.2,99700,3.00,4.00,5.00,5.00,0.0321,0
2023-06-03 02:24:41,1685773482,9.86,48.2,99700,3.00,4.00,6.00,7.00,0.0330,0
2023-06-03 02:29:44,1685773784,9.77,48.4,99700,3.00,4.00,6.00,7.00,0.0124,0
2023-06-03 02:34:46,1685774087,9.65,49.2,99700,3.00,5.00,6.00,8.00,0.0124,0
2023-06-03 02:39:49,1685774389,9.55,49.1,99700,3.00,5.00,8.00,9.00,0.0242,0
2023-06-03 02:44:51,1685774692,9.46,49.7,99700,4.00,5.00,6.00,6.00,0.0377,0
2023-06-03 02:49:54,1685774994,9.37,50.0,99700,3.00,5.00,6.00,7.00,0.0377,0
2023-06-03 02:54:56,1685775297,9.29,51.1,99700,4.00,5.00,5.00,5.00,0.0126,0
2023-06-03 02:59:59,1685775599,9.27,51.9,99700,3.00,3.00,4.00,4.00,0.0196,0
2023-06-03 03:04:41,1685775881,9.30,52.4,99700,2.00,3.00,4.00,5.00,0.0112,0
2023-06-03 03:09:43,1685776184,9.40,52.5,99700,3.00,4.00,6.00,7.00,0.0116,0
2023-06-03 03:14:46,1685776486,9.53,52.7,99700,5.00,7.00,9.00,11.0,0.0225,0
2023-06-03 03:19:48,1685776789,9.68,52.4,99700,2.00,3.00,3.00,4.00,0.0225,0
2023-06-03 03:24:50,1685777091,9.77,52.7,99700,3.00,7.00,10.0,12.0,0.0142,0
2023-06-03 03:29:53,1685777393,9.90,52.6,99693,2.00,5.00,7.00,8.00,0.0192,0
2023-06-03 03:34:55,1685777695,10.0,52.1,99700,1.00,4.00,6.00,7.00,0.0144,0
2023-06-03 03:39:57,1685777998,10.1,51.8,99700,2.00,5.00,7.00,8.00,0.0176,0
2023-06-03 03:44:59,1685778300,10.1,51.7,99700,2.00,3.00,5.00,6.00,0.0245,0
2023-06-03 03:49:41,1685778582,10.1,51.2,99700,3.00,3.00,5.00,6.00,0.0245,0
2023-06-03 03:54:44,1685778884,10.1,51.4,99700,2.00,4.00,6.00,7.00,0.0134,0
2023-06-03 03:59:46,1685779187,10.1,51.5,99700,3.00,5.00,9.00,10.0,0.0126,0
2023-06-03 04:04:49,1685779489,10.1,51.9,99700,4.00,6.00,8.00,10.0,0.0177,0
2023-06-03 04:09:51,1685779792,10.1,52.8,99700,4.00,5.00,7.00,9.00,0.0130,0
2023-06-03 04:14:56,1685780097,10.1,52.4,99700,4.00,4.00,4.00,5.00,0.0184,0
2023-06-03 04:19:59,1685780399,10.1,52.3,99700,3.00,5.00,6.00,7.00,0.0204,0
2023-06-03 04:24:41,1685780681,10.1,52.5,99700,1.00,2.00,3.00,4.00,0.0109,0
2023-06-03 04:29:43,1685780984,10.1,53.0,99700,1.00,3.00,5.00,6.00,0.0141,0
2023-06-03 04:34:46,1685781286,10.1,52.8,99700,2.00,3.00,5.00,6.00,0.0111,0
2023-06-03 04:39:48,1685781588,10.1,52.6,99700,2.00,4.00,6.00,7.00,0.0153,0
2023-06-03 04:44:50,1685781891,10.1,52.5,99700,3.00,4.00,5.00,6.00,0.0157,0
2023-06-03 04:49:53,1685782193,10.1,52.3,99700,2.00,3.00,5.00,6.00,0.0187,0
2023-06-03 04:54:54,1685782495,10.0,52.3,99700,2.00,5.00,8.00,10.0,0.0175,0
2023-06-03 04:59:57,1685782797,9.99,52.3,99700,4.00,4.00,5.00,6.00,0.0164,0
2023-06-03 05:04:59,1685783099,9.96,52.6,99700,2.00,3.00,5.00,6.00,0.0170,0
2023-06-03 05:09:41,1685783382,9.93,52.7,99700,2.00,5.00,8.00,10.0,0.0174,0
2023-06-03 05:14:44,1685783684,9.93,52.8,99700,2.00,5.00,8.00,9.00,0.0230,0
2023-06-03 05:19:46,1685783987,9.97,53.2,99700,2.00,3.00,6.00,7.00,0.0207,0
2023-06-03 05:24:49,1685784289,10.0,53.4,99733,4.00,5.00,6.00,6.00,0.0195,0
2023-06-03 05:29:51,1685784592,10.0,53.1,99800,2.00,6.00,9.00,11.0,0.0173,0
2023-06-03 05:34:53,1685784894,10.1,53.5,99800,3.00,5.00,7.00,8.00,0.0126,0
2023-06-03 05:39:55,1685785196,10.1,53.5,99800,2.00,8.00,13.0,16.0,0.0172,0
2023-06-03 05:44:57,1685785498,10.2,53.1,99800,3.00,4.00,5.00,6.00,0.0196,0
2023-06-03 05:49:59,1685785800,10.4,52.5,99800,2.00,4.00,7.00,9.00,0.0229,0
2023-06-03 05:54:41,1685786081,10.8,51.2,99800,2.00,3.00,4.00,4.00,0.0175,0
2023-06-03 05:59:43,1685786383,11.2,49.8,99800,2.00,3.00,6.00,7.00,0.0159,0
2023-06-03 06:14:41,1685787281,12.3,46.1,99800,1.00,1.00,1.00,2.00,0.0101,0
2023-06-03 06:19:42,1685787582,12.5,45.5,99800,1.00,3.00,4.00,5.00,0.0121,0
2023-06-03 06:24:30,1685787871,12.7,45.0,99800,1.00,4.00,7.00,8.00,0.0113,0
2023-06-03 06:54:42,1685789682,14.4,39.9,99900,1e-7,1.00,1.00,1.00,0.0113,0
2023-06-03 06:55:22,1685789722,14.4,39.9,99900,1.00,3.00,5.00,6.00,,
2023-06-03 07:09:50,1685790590,15.2,36.9,99900,1.00,3.00,5.00,6.00,,
2023-06-03 07:11:49,1685790709,15.3,36.3,99900,1.00,2.00,3.00,4.00,,
2023-06-03 09:19:55,1685798396,28.4,16.5,99950,1.00,3.00,4.00,4.00,,
2023-06-03 09:24:51,1685798691,28.8,16.2,99933,1.00,4.00,8.00,9.00,0.0110,1.30
2023-06-03 09:25:49,1685798750,28.8,15.5,99900,1e-7,1e-7,1e-7,1e-7,0.0107,0
2023-06-03 10:49:48,1685803789,31.8,13.6,99900,1.00,3.00,6.00,7.00,,
2023-06-03 10:54:43,1685804083,32.2,13.1,99900,1.00,4.00,6.00,8.00,,
2023-06-03 10:58:58,1685804339,32.5,12.6,99900,1e-7,1.00,2.00,3.00,0.0100,0
2023-06-03 11:14:05,1685805246,32.5,11.3,99900,1.00,2.00,3.00,4.00,0.0137,0
2023-06-03 11:24:52,1685805892,32.8,11.0,99900,1e-7,1e-7,1e-7,1e-7,0.0123,0
2023-06-03 11:29:46,1685806187,32.5,11.1,99900,1.00,8.00,14.0,17.0,0.0165,0
2023-06-03 11:30:44,1685806245,32.1,10.6,99900,1.00,3.00,5.00,6.00,0.0152,0
2023-06-03 11:39:47,1685806787,31.6,10.8,99900,1.00,2.00,3.00,3.00,0.0193,0
2023-06-03 11:44:42,1685807082,31.3,11.4,99900,1.00,3.00,5.00,6.00,0.0262,0
2023-06-03 11:45:41,1685807141,31.3,11.7,99900,2.00,2.00,2.00,2.00,0.0152,0
2023-06-03 11:54:45,1685807686,31.7,11.6,99900,1.00,3.00,5.00,6.00,0.0195,0
2023-06-03 11:59:40,1685807981,31.9,12.1,99900,1.00,1.00,3.00,4.00,0.0110,0
2023-06-03 12:01:18,1685808078,32.0,11.7,99900,1.00,3.00,3.00,4.00,0.0136,0
2023-06-03 12:09:47,1685808588,32.0,11.7,99900,1.00,2.00,3.00,3.00,0.0137,0
2023-06-03 12:14:42,1685808883,31.8,11.2,99873,1.00,5.00,9.00,11.0,0.0134,0
2023-06-03 12:16:40,1685809000,31.9,10.7,99850,1.00,6.00,11.0,13.0,0.00872,0
2023-06-03 12:24:53,1685809494,31.8,10.3,99800,2.00,4.00,8.00,9.00,0.0191,0
2023-06-03 12:29:48,1685809789,31.8,10.4,99833,1.00,2.00,3.00,4.00,0.0287,0
2023-06-03 12:30:27,1685809828,31.8,10.3,99900,1.00,1.00,2.00,2.00,0.00705,0
2023-06-03 12:44:48,1685810689,31.4,10.2,99800,1.00,2.00,3.00,4.00,0.0285,0
2023-06-03 12:45:47,1685810748,31.4,11.3,99800,1e-7,2.00,3.00,4.00,0.0302,0
2023-06-03 12:54:57,1685811297,31.0,13.7,99800,1e-7,1.00,1.00,1.00,0.0302,0
2023-06-03 12:59:52,1685811592,30.8,13.9,99800,2.00,5.00,8.00,9.00,0.0184,0
2023-06-03 13:02:29,1685811749,30.5,13.9,99800,1.00,2.00,3.00,4.00,0.0203,0
2023-06-03 13:09:41,1685812181,30.1,14.4,99800,1e-7,1e-7,1.00,1.00,0.0203,0
2023-06-03 13:14:56,1685812497,30.1,14.7,99800,1.00,2.00,4.00,5.00,0.0256,0
2023-06-03 13:16:54,1685812615,30.1,14.9,99800,1e-7,1.00,2.00,3.00,0.0223,0
2023-06-03 13:24:45,1685813086,29.6,15.6,99800,1e-7,2.00,3.00,4.00,0.0116,0
2023-06-03 13:29:41,1685813381,29.6,15.3,99800,3.00,5.00,6.00,8.00,0.0146,0
2023-06-03 13:32:57,1685813578,29.5,15.3,99800,1e-7,3.00,5.00,6.00,0.0131,0
2023-06-03 13:39:50,1685813991,29.2,16.0,99800,1e-7,3.00,6.00,8.00,0.0114,0
2023-06-03 13:44:46,1685814286,29.0,16.0,99800,1e-7,2.00,3.00,4.00,0.0138,0
2023-06-03 13:47:43,1685814464,28.8,15.8,99800,2.00,5.00,8.00,10.0,0.0159,0
2023-06-03 13:54:59,1685814899,28.5,16.1,99800,1e-7,1e-7,1e-7,1e-7,0.0116,0
2023-06-03 13:59:55,1685815195,28.3,16.4,99800,1.00,5.00,9.00,11.0,0.0185,0
2023-06-03 14:03:12,1685815392,28.2,16.6,99800,1e-7,3.00,5.00,6.00,0.0185,0
2023-06-03 14:09:45,1685815786,27.9,16.7,99800,1.00,1.00,2.00,2.00,0.0119,0
2023-06-03 14:14:41,1685816082,27.8,16.8,99800,2.00,7.00,13.0,16.0,0.0379,0
2023-06-03 14:18:58,1685816339,27.7,16.9,99738,1.00,6.00,10.0,12.0,0.0740,0
2023-06-03 14:24:49,1685816690,27.5,17.1,99700,1e-7,2.00,3.00,4.00,0.0740,0
2023-06-03 14:29:46,1685816986,27.5,17.3,99700,1.00,2.00,3.00,4.00,0.0618,0
2023-06-03 14:34:42,1685817282,27.4,17.2,99700,1.00,5.00,8.00,10.0,0.0330,0
2023-06-03 14:39:46,1685817587,27.4,17.5,99700,1.00,2.00,3.00,4.00,0.0152,0
2023-06-03 14:44:42,1685817883,27.3,17.7,99700,1.00,1.00,2.00,3.00,0.0121,0
2023-06-03 14:49:59,1685818199,27.1,17.6,99700,3.00,15.0,25.0,29.0,0.0184,0
2023-06-03 14:54:56,1685818496,26.6,17.9,99700,2.00,4.00,6.00,8.00,0.0477,0
2023-06-03 14:59:53,1685818794,26.1,18.5,99700,2.00,3.00,5.00,7.00,0.0477,0
2023-06-03 15:04:50,1685819091,25.7,18.4,99700,2.00,5.00,7.00,8.00,0.0132,0
2023-06-03 15:09:48,1685819388,25.5,18.5,99700,2.00,3.00,5.00,6.00,0.0135,0
2023-06-03 15:14:45,1685819686,25.3,18.9,99700,2.00,4.00,7.00,8.00,0.0149,0
2023-06-03 15:19:43,1685819983,25.1,19.1,99700,1.00,4.00,7.00,9.00,0.0251,0
2023-06-03 15:24:41,1685820281,24.9,19.0,99700,16.0,91.0,152,183,0.0988,0
2023-06-03 15:29:58,1685820599,24.8,19.0,99700,2.00,3.00,5.00,6.00,0.115,0
2023-06-03 15:34:56,1685820897,24.6,19.2,99700,1.00,3.00,5.00,5.00,0.125,0
2023-06-03 15:39:54,1685821194,24.5,19.1,99700,2.00,3.00,5.00,5.00,0.0460,0
2023-06-03 15:44:52,1685821492,24.4,19.2,99700,1.00,1.00,3.00,3.00,0.0101,0
2023-06-03 15:49:50,1685821790,24.3,19.6,99700,1.00,4.00,6.00,8.00,0.0132,0
2023-06-03 15:54:48,1685822088,24.3,19.2,99700,2.00,3.00,5.00,5.00,0.0220,0
2023-06-03 15:59:46,1685822386,24.3,19.0,99700,1.00,3.00,5.00,6.00,0.0208,0
2023-06-03 16:04:44,1685822684,24.2,19.2,99700,1.00,3.00,5.00,6.00,0.0127,0
2023-06-03 16:09:41,1685822982,24.0,19.1,99700,2.00,2.00,3.00,4.00,0.0100,0
2023-06-03 16:14:59,1685823300,23.9,19.0,99700,32.0,181,301,363,0.0629,0
2023-06-03 16:19:58,1685823598,23.8,19.1,99700,1.00,5.00,8.00,10.0,0.0941,0
2023-06-03 16:24:56,1685823896,23.6,19.1,99700,2.00,2.00,4.00,5.00,0.0991,0
2023-06-03 16:29:54,1685824195,23.5,18.9,99700,15.0,74.0,122,146,0.150,0
2023-06-03 16:34:52,1685824493,23.5,19.1,99700,1e-7,3.00,5.00,6.00,0.158,0
2023-06-03 16:39:51,1685824791,23.7,18.9,99700,2.00,4.00,6.00,7.00,0.158,0
2023-06-03 16:44:49,1685825089,23.8,18.7,99700,2.00,3.00,6.00,7.00,0.147,0
2023-06-03 16:49:47,1685825388,23.7,18.7,99700,1.00,2.00,3.00,4.00,0.00997,0
2023-06-03 16:54:45,1685825686,23.6,18.6,99700,3.00,9.00,14.0,17.0,0.0163,0
2023-06-03 16:59:44,1685825985,23.4,18.6,99700,2.00,8.00,13.0,16.0,0.0477,0
2023-06-03 17:04:43,1685826283,23.1,18.7,99700,1.00,7.00,13.0,16.0,0.0309,0
2023-06-03 17:09:41,1685826582,22.9,19.4,99700,1e-7,2.00,3.00,4.00,0.0309,0
2023-06-03 17:14:40,1685826880,22.6,19.5,99700,2.00,3.00,5.00,6.00,0.0362,0
2023-06-03 17:19:58,1685827199,22.3,19.7,99700,2.00,7.00,11.0,13.0,0.0482,0
2023-06-03 17:24:57,1685827497,22.0,19.5,99700,1.00,2.00,3.00,4.00,0.0482,0
2023-06-03 17:29:56,1685827796,21.9,19.7,99700,1.00,3.00,5.00,5.00,0.0416,0
2023-06-03 17:34:55,1685828095,21.7,19.5,99700,1.00,5.00,8.00,9.00,0.0455,0
2023-06-03 17:39:54,1685828394,21.4,19.5,99700,1.00,2.00,3.00,3.00,0.0159,0
2023-06-03 17:44:53,1685828693,21.3,19.4,99700,1.00,2.00,3.00,4.00,0.0183,0
2023-06-03 17:49:52,1685828992,21.0,19.5,99700,1.00,7.00,13.0,16.0,0.0335,0
2023-06-03 17:54:51,1685829292,20.9,19.8,99700,2.00,5.00,10.0,12.0,0.0460,0
2023-06-03 17:59:50,1685829591,20.8,19.8,99700,1.00,3.00,6.00,7.00,0.0204,0
2023-06-03 18:04:49,1685829890,20.6,20.1,99700,1.00,5.00,9.00,11.0,0.0178,0
2023-06-03 18:09:49,1685830189,20.5,20.3,99700,2.00,3.00,4.00,5.00,0.0155,0
2023-06-03 18:14:48,1685830489,20.4,20.6,99700,1e-7,5.00,8.00,10.0,0.0201,0
2023-06-03 18:19:48,1685830788,20.3,20.8,99700,2.00,3.00,4.00,5.00,0.0201,0
2023-06-03 18:24:47,1685831088,20.1,21.2,99700,1.00,2.00,3.00,3.00,0.0228,0
2023-06-03 18:29:47,1685831387,20.0,21.1,99700,2.00,6.00,10.0,12.0,0.0133,0
2023-06-03 18:34:46,1685831687,19.8,21.2,99700,9.00,47.0,78.0,94.0,0.0709,0
2023-06-03 18:39:46,1685831987,19.6,21.2,99700,1.00,2.00,3.00,4.00,0.0710,0
2023-06-03 18:44:45,1685832286,19.5,21.3,99700,2.00,2.00,3.00,4.00,0.0772,0
2023-06-03 18:49:45,1685832586,19.3,21.5,99700,1.00,3.00,4.00,5.00,0.0708,0
2023-06-03 18:54:45,1685832886,19.2,21.9,99700,1.00,3.00,5.00,6.00,0.0127,0
2023-06-03 18:59:45,1685833185,19.0,21.9,99700,1e-7,3.00,5.00,6.00,0.0109,0
2023-06-03 19:04:44,1685833485,18.9,21.9,99700,2.00,3.00,5.00,6.00,0.0117,0
2023-06-03 19:09:44,1685833785,18.7,22.4,99700,1.00,1.00,2.00,3.00,0.0117,0
2023-06-03 19:14:44,1685834085,18.5,23.2,99700,1e-7,2.00,3.00,4.00,0.0118,0
2023-06-03 19:19:44,1685834385,18.4,23.6,99700,2.00,3.00,6.00,7.00,0.0135,0
2023-06-03 19:24:44,1685834685,18.2,24.5,99700,1.00,3.00,3.00,4.00,0.0130,0
2023-06-03 19:29:44,1685834985,18.0,25.4,99700,2.00,2.00,3.00,3.00,0.0110,0
2023-06-03 19:34:44,1685835285,17.9,25.4,99700,1.00,2.00,3.00,4.00,0.0113,0
2023-06-03 19:39:44,1685835585,17.7,25.9,99700,2.00,6.00,11.0,13.0,0.0176,0
2023-06-03 19:44:45,1685835885,17.4,27.0,99700,1.00,2.00,4.00,5.00,0.0161,0
2023-06-03 19:49:45,1685836185,17.2,27.0,99700,1.00,4.00,7.00,8.00,0.0268,0
2023-06-03 19:54:45,1685836486,17.0,27.3,99700,1.00,3.00,4.00,5.00,0.0268,0
2023-06-03 19:59:46,1685836786,16.7,28.0,99700,1e-7,3.00,5.00,6.00,0.0132,0
2023-06-03 20:04:46,1685837087,16.4,28.2,99700,1.00,4.00,7.00,8.00,0.0142,0
2023-06-03 20:09:47,1685837387,16.2,29.0,99700,1.00,3.00,3.00,4.00,0.0150,0
2023-06-03 20:14:47,1685837688,15.9,29.7,99707,1.00,4.00,7.00,9.00,0.0121,0
2023-06-03 20:19:48,1685837988,15.6,30.7,99793,2.00,5.00,7.00,8.00,0.0155,0
2023-06-03 20:24:49,1685838289,15.2,31.4,99800,1.00,3.00,5.00,6.00,0.0146,0
2023-06-03 20:29:49,1685838590,14.9,32.1,99800,1.00,3.00,4.00,5.00,0.0152,0
2023-06-03 20:34:50,1685838890,14.6,32.3,99800,1.00,6.00,10.0,12.0,0.0152,0
2023-06-03 20:39:51,1685839191,14.3,32.6,99800,1.00,2.00,3.00,4.00,0.0167,0
2023-06-03 20:44:52,1685839492,14.0,33.3,99787,1.00,4.00,7.00,9.00,0.0167,0
2023-06-03 20:49:53,1685839793,13.7,34.0,99793,1.00,5.00,9.00,11.0,0.0200,0
2023-06-03 20:54:54,1685840095,13.4,34.7,99800,2.00,3.00,4.00,4.00,0.0190,0
2023-06-03 20:59:55,1685840396,13.0,35.5,99800,2.00,5.00,9.00,11.0,0.0272,0
2023-06-03 21:04:57,1685840697,12.7,36.6,99800,2.00,3.00,5.00,6.00,0.0249,0
2023-06-03 21:09:58,1685840999,12.4,37.3,99800,1.00,3.00,5.00,6.00,0.0160,0
2023-06-03 21:14:40,1685841280,12.2,38.2,99800,2.00,4.00,6.00,8.00,0.0150,0
2023-06-03 21:19:41,1685841582,11.9,39.5,99800,1.00,2.00,3.00,3.00,0.0111,0
2023-06-03 21:24:43,1685841884,11.6,40.6,99800,18.0,115,193,233,0.0132,0
2023-06-03 21:29:45,1685842186,11.4,40.7,99800,9.00,43.0,71.0,85.0,1.32,0
2023-06-03 21:34:47,1685842488,11.3,41.1,99800,1.00,13.0,22.0,26.0,1.18,0
2023-06-03 21:39:49,1685842789,11.2,41.3,99800,5.00,8.00,10.0,11.0,1.09,0
2023-06-03 21:44:51,1685843091,11.1,40.5,99800,4.00,9.00,15.0,18.0,0.589,0
2023-06-03 21:49:53,1685843393,11.3,38.5,99800,8.00,11.0,13.0,13.0,0.0705,0
2023-06-03 21:54:55,1685843695,11.6,34.2,99800,13.0,15.0,15.0,16.0,0.0391,0
2023-06-03 21:59:56,1685843997,12.0,29.7,99800,28.0,30.0,30.0,30.0,0.644,0
2023-06-03 22:04:58,1685844298,12.7,26.9,99800,20.0,22.0,22.0,22.0,0.829,0
2023-06-03 22:06:59,1685844419,13.2,24.4,99800,19.0,20.0,20.0,20.0,0.0741,0
2023-06-03 22:14:55,1685844895,14.0,22.2,99800,21.0,24.0,25.0,25.0,0.259,0
2023-06-03 22:19:56,1685845197,14.5,21.8,99800,15.0,17.0,18.0,18.0,0.256,0
2023-06-03 22:24:57,1685845498,14.8,20.9,99787,12.0,12.0,13.0,14.0,0.256,0
2023-06-03 22:29:59,1685845799,15.0,20.2,99700,17.0,18.0,18.0,18.0,0.289,0
2023-06-03 22:34:40,1685846080,15.1,19.7,99700,9.00,11.0,12.0,12.0,0.0968,0
2023-06-03 22:39:41,1685846381,15.2,20.4,99700,17.0,18.0,18.0,19.0,0.123,0
2023-06-03 22:44:41,1685846681,15.2,20.2,99700,15.0,15.0,15.0,15.0,0.0613,0
2023-06-03 22:49:42,1685846982,15.1,19.9,99700,14.0,15.0,15.0,15.0,0.138,0
2023-06-03 22:54:43,1685847284,15.1,19.2,99700,9.00,9.00,9.00,9.00,0.0556,0
2023-06-03 22:59:44,1685847584,15.0,19.5,99700,8.00,11.0,13.0,14.0,0.0344,0
2023-06-03 23:04:45,1685847885,14.9,21.1,99700,8.00,9.00,10.0,11.0,0.0791,0
2023-06-03 23:09:46,1685848186,14.7,21.8,99700,8.00,9.00,12.0,14.0,0.0791,0
2023-06-03 23:14:47,1685848487,14.4,22.0,99700,9.00,11.0,12.0,13.0,0.0631,0
2023-06-03 23:19:48,1685848789,14.1,22.3,99700,4.00,5.00,6.00,7.00,0.0759,0
2023-06-03 23:24:49,1685849090,13.7,23.1,99700,6.00,8.00,11.0,13.0,0.0928,0
2023-06-03 23:29:51,1685849391,13.4,23.8,99700,7.00,8.00,8.00,9.00,0.0299,0
2023-06-03 23:34:52,1685849693,13.1,23.6,99700,10.0,11.0,11.0,11.0,0.0685,0
2023-06-03 23:39:53,1685849994,12.7,24.0,99700,8.00,13.0,16.0,18.0,0.0685,0
2023-06-03 23:44:55,1685850295,12.5,24.9,99700,9.00,10.0,10.0,11.0,0.0437,0
2023-06-03 23:49:56,1685850597,12.2,24.9,99700,7.00,10.0,12.0,13.0,0.0574,0
2023-06-03 23:54:58,1685850898,11.9,25.4,99700,8.00,12.0,14.0,16.0,0.0304,0
2023-06-03 23:59:59,1685851200,11.6,25.6,99700,10.0,11.0,12.0,13.0,0.0174,0
2023-06-04 00:04:41,1685851482,11.4,26.2,99700,7.00,8.00,8.00,8.00,0.0172,0
2023-06-04 00:09:43,1685851784,11.1,26.6,99700,7.00,9.00,14.0,17.0,0.0527,0
2023-06-04 00:14:45,1685852086,10.9,26.8,99700,6.00,9.00,12.0,13.0,0.0527,0
2023-06-04 00:19:47,1685852388,10.7,27.6,99700,8.00,8.00,10.0,10.0,0.0983,0
2023-06-04 00:24:49,1685852690,10.5,27.7,99700,6.00,11.0,14.0,15.0,0.0398,0
2023-06-04 00:29:51,1685852992,10.3,28.3,99700,5.00,7.00,8.00,9.00,0.0434,0
2023-06-04 00:34:53,1685853294,10.1,28.7,99700,8.00,11.0,13.0,13.0,0.0263,0
2023-06-04 00:39:56,1685853596,9.93,29.4,99700,9.00,10.0,10.0,10.0,0.0288,0
2023-06-04 00:44:58,1685853898,9.71,29.8,99700,6.00,6.00,6.00,6.00,0.0584,0
2023-06-04 00:49:40,1685854180,9.47,30.2,99700,8.00,10.0,11.0,12.0,0.0693,0
2023-06-04 00:54:42,1685854483,9.24,30.8,99700,3.00,7.00,11.0,13.0,0.0366,0
2023-06-04 00:59:43,1685854784,9.04,31.5,99700,6.00,7.00,8.00,9.00,0.0226,0
2023-06-04 01:04:46,1685855086,8.85,31.6,99700,7.00,8.00,10.0,11.0,0.0319,0
2023-06-04 01:09:48,1685855389,8.67,31.3,99700,5.00,10.0,15.0,17.0,0.0319,0
2023-06-04 01:14:51,1685855691,8.52,32.1,99700,6.00,7.00,9.00,10.0,0.0435,0
2023-06-04 01:19:53,1685855994,8.35,32.6,99700,4.00,5.00,8.00,9.00,0.0711,0
2023-06-04 01:24:56,1685856297,8.18,33.1,99700,6.00,7.00,9.00,11.0,0.0711,0
2023-06-04 01:29:59,1685856599,8.02,33.9,99700,5.00,9.00,12.0,13.0,0.0223,0
2023-06-04 01:34:41,1685856882,7.86,34.0,99700,3.00,4.00,6.00,8.00,0.0323,0
2023-06-04 01:39:44,1685857185,7.74,34.7,99700,9.00,10.0,10.0,10.0,0.0333,0
2023-06-04 01:44:47,1685857487,7.59,35.0,99700,4.00,5.00,7.00,8.00,0.0615,0
2023-06-04 01:49:50,1685857790,7.45,35.5,99700,7.00,7.00,9.00,10.0,0.0548,0
2023-06-04 01:54:52,1685858093,7.30,35.9,99700,5.00,7.00,9.00,10.0,0.0215,0
2023-06-04 01:59:55,1685858396,7.18,35.8,99700,4.00,8.00,10.0,11.0,0.0566,0
2023-06-04 02:04:58,1685858699,7.06,35.8,99653,6.00,8.00,12.0,14.0,0.0566,0
2023-06-04 02:09:41,1685858982,6.94,36.0,99679,5.00,7.00,8.00,9.00,0.0320,0
2023-06-04 02:14:45,1685859285,6.84,36.8,99700,4.00,5.00,6.00,7.00,0.0236,0
2023-06-04 02:19:48,1685859588,6.74,36.9,99673,5.00,5.00,5.00,5.00,0.0176,0
2023-06-04 02:24:51,1685859891,6.64,36.8,99660,3.00,4.00,4.00,4.00,0.0236,0
2023-06-04 02:29:54,1685860195,6.56,37.0,99633,3.00,4.00,4.00,5.00,0.0127,0
2023-06-04 02:34:57,1685860498,6.47,37.4,99653,4.00,7.00,10.0,11.0,0.0177,0
2023-06-04 02:39:41,1685860781,6.39,37.9,99700,5.00,6.00,7.00,8.00,0.0297,0
2023-06-04 02:44:44,1685861085,6.31,38.2,99700,8.00,9.00,9.00,9.00,0.0218,0
2023-06-04 02:49:48,1685861388,6.22,38.4,99693,3.00,6.00,8.00,10.0,0.0218,0
2023-06-04 02:54:51,1685861691,6.16,38.7,99700,4.00,8.00,11.0,13.0,0.0201,0
2023-06-04 02:59:54,1685861994,6.09,38.9,99613,2.00,4.00,5.00,6.00,0.0294,0
2023-06-04 03:04:57,1685862297,6.03,39.3,99600,8.00,8.00,8.00,8.00,0.0503,0
2023-06-04 03:09:40,1685862580,5.95,39.7,99671,3.00,4.00,6.00,7.00,0.0860,0
2023-06-04 03:14:43,1685862884,5.90,39.3,99700,6.00,6.00,6.00,6.00,0.0638,0
2023-06-04 03:19:46,1685863187,5.81,39.9,99700,6.00,6.00,6.00,6.00,0.0483,0
2023-06-04 03:24:50,1685863490,5.74,39.9,99700,4.00,4.00,5.00,6.00,0.0208,0
2023-06-04 03:29:53,1685863793,5.69,40.1,99700,2.00,5.00,7.00,8.00,0.0149,0
2023-06-04 03:34:56,1685864097,5.65,40.3,99700,3.00,4.00,5.00,6.00,0.0139,0
2023-06-04 03:39:39,1685864380,5.61,40.2,99700,3.00,3.00,5.00,6.00,0.0191,0
2023-06-04 03:44:43,1685864683,5.56,40.4,99687,2.00,4.00,6.00,7.00,0.0254,0
2023-06-04 03:49:46,1685864986,5.51,41.2,99647,7.00,8.00,9.00,10.0,0.0517,0
2023-06-04 03:54:49,1685865290,5.43,42.1,99600,7.00,16.0,25.0,29.0,0.122,0
2023-06-04 03:59:53,1685865593,5.35,42.2,99600,5.00,7.00,10.0,11.0,0.122,0
2023-06-04 04:04:56,1685865897,5.29,41.7,99600,5.00,6.00,8.00,9.00,0.184,0
2023-06-04 04:09:40,1685866180,5.26,42.0,99600,5.00,6.00,11.0,13.0,0.0819,0
2023-06-04 04:14:43,1685866484,5.25,41.8,99600,2.00,2.00,3.00,3.00,0.0767,0
2023-06-04 04:19:47,1685866787,5.27,42.1,99600,5.00,5.00,5.00,6.00,0.0877,0
2023-06-04 04:24:51,1685867091,5.29,42.1,99600,5.00,6.00,6.00,6.00,0.0155,0
2023-06-04 04:29:54,1685867395,5.32,42.3,99600,3.00,6.00,8.00,9.00,0.0119,0
2023-06-04 04:34:58,1685867698,5.32,42.8,99600,5.00,7.00,8.00,10.0,0.0201,0
2023-06-04 04:39:41,1685867982,5.29,42.9,99600,5.00,7.00,11.0,13.0,0.0504,0
2023-06-04 04:44:45,1685868286,5.25,43.1,99600,6.00,6.00,8.00,9.00,0.0504,0
2023-06-04 04:49:49,1685868590,5.22,43.5,99600,3.00,4.00,6.00,7.00,0.0205,0
2023-06-04 04:54:53,1685868893,5.21,44.0,99600,5.00,5.00,5.00,5.00,0.0413,0
2023-06-04 04:59:57,1685869197,5.23,44.4,99600,6.00,6.00,7.00,8.00,0.0150,0
2023-06-04 05:04:40,1685869480,5.22,45.2,99600,8.00,9.00,9.00,10.0,0.0222,0
2023-06-04 05:09:44,1685869784,5.23,44.9,99600,3.00,4.00,5.00,6.00,0.0227,0
2023-06-04 05:14:48,1685870088,5.28,45.2,99600,5.00,6.00,7.00,9.00,0.0208,0
2023-06-04 05:19:51,1685870392,5.32,45.1,99600,4.00,4.00,6.00,7.00,0.0135,0
2023-06-04 05:24:55,1685870695,5.35,45.1,99600,3.00,4.00,6.00,7.00,0.0217,0
2023-06-04 05:29:59,1685870999,5.40,45.2,99600,3.00,6.00,10.0,12.0,0.0176,0
2023-06-04 05:34:42,1685871283,5.45,44.7,99600,2.00,2.00,3.00,4.00,0.0152,0
2023-06-04 05:39:46,1685871586,5.53,44.9,99600,4.00,4.00,5.00,6.00,0.0205,0
2023-06-04 05:44:49,1685871890,5.62,45.1,99600,2.00,4.00,7.00,9.00,0.0123,0
2023-06-04 05:49:53,1685872193,5.74,44.8,99600,3.00,6.00,11.0,13.0,0.0123,0
2023-06-04 05:54:56,1685872497,5.90,44.8,99600,3.00,8.00,12.0,14.0,0.0436,0
2023-06-04 05:59:59,1685872799,6.06,44.9,99600,3.00,4.00,6.00,6.00,0.0255,0
2023-06-04 06:04:54,1685873095,6.33,45.2,99600,2.00,2.00,2.00,2.00,0.0655,0
2023-06-04 06:09:57,1685873398,6.46,45.1,99600,3.00,3.00,5.00,6.00,0.0655,0
2023-06-04 06:14:40,1685873680,6.70,44.8,99600,4.00,5.00,6.00,7.00,0.0117,0
2023-06-04 06:34:55,1685874895,7.91,44.4,99600,1.00,5.00,8.00,10.0,,
2023-06-04 06:36:16,1685874976,8.05,44.6,99600,3.00,5.00,6.00,6.00,,
2023-06-04 07:00:29,1685876430,9.96,43.7,99600,2.00,2.00,2.00,3.00,,
2023-06-04 07:19:44,1685877585,11.2,42.1,99600,1e-7,1e-7,1.00,1.00,,
2023-06-04 07:22:45,1685877765,11.3,42.1,99600,1.00,3.00,5.00,6.00,,
2023-06-04 09:39:46,1685885986,31.1,15.1,99600,2.00,2.00,3.00,4.00,,
2023-06-04 09:44:59,1685886299,31.5,14.8,99600,16.0,95.0,161,194,0.0642,0
2023-06-04 09:49:13,1685886553,31.7,14.7,99600,1.00,2.00,3.00,4.00,0.0642,0
2023-06-04 11:09:55,1685891395,28.0,16.4,99600,1.00,1.00,2.00,3.00,,
2023-06-04 11:13:51,1685891631,27.4,17.2,99600,1.00,2.00,3.00,4.00,0.0655,0
2023-06-04 11:19:47,1685891988,28.4,16.5,99600,1.00,1.00,2.00,2.00,,
2023-06-04 11:24:43,1685892283,28.9,16.8,99600,1e-7,3.00,5.00,6.00,,
2023-06-04 11:27:40,1685892461,29.0,15.8,99600,1.00,3.00,5.00,6.00,,
2023-06-04 11:39:46,1685893187,27.4,16.9,99600,2.00,6.00,10.0,12.0,,
2023-06-04 11:44:22,1685893462,27.1,17.3,99600,2.00,4.00,6.00,7.00,0.0177,0
2023-06-04 11:49:51,1685893791,27.0,17.7,99600,1e-7,1e-7,1e-7,1e-7,0.00768,0
2023-06-04 11:54:48,1685894088,26.8,17.7,99600,1.00,3.00,5.00,6.00,0.0216,0
2023-06-04 11:58:25,1685894306,26.5,18.2,99600,1.00,2.00,3.00,4.00,0.0233,0
2023-06-04 12:09:51,1685894991,26.9,18.3,99600,1e-7,3.00,5.00,6.00,0.0107,0
2023-06-04 12:14:47,1685895287,27.5,18.2,99600,2.00,3.00,5.00,6.00,0.0125,0
2023-06-04 12:15:06,1685895307,28.0,17.8,99600,1e-7,1e-7,1e-7,1e-7,0.00995,0
2023-06-04 12:24:57,1685895897,29.0,17.1,99500,1.00,5.00,9.00,11.0,0.0137,0
2023-06-04 12:29:33,1685896173,29.5,17.2,99500,1e-7,2.00,3.00,4.00,0.0190,0
2023-06-04 12:34:41,1685896481,30.4,16.3,99500,1e-7,2.00,3.00,4.00,0.0161,0
2023-06-04 12:39:56,1685896797,30.3,16.1,99500,1.00,3.00,6.00,7.00,0.0238,0
2023-06-04 12:44:52,1685897092,30.1,16.5,99500,1.00,2.00,3.00,4.00,0.0153,0
2023-06-04 12:45:50,1685897150,30.3,16.5,99500,1e-7,1e-7,1e-7,1e-7,0.0111,0
2023-06-04 12:54:42,1685897683,30.6,16.1,99500,1e-7,1.00,1.00,1.00,0.0147,0
2023-06-04 12:59:57,1685897998,30.7,15.9,99500,2.00,3.00,5.00,6.00,0.0158,0
2023-06-04 13:00:56,1685898057,30.6,15.5,99500,1.00,3.00,4.00,5.00,0.0108,0
2023-06-04 13:09:52,1685898593,30.1,16.2,99400,1.00,2.00,3.00,4.00,0.0153,0
2023-06-04 13:14:48,1685898888,29.9,16.2,99400,1.00,3.00,5.00,6.00,0.0185,0
2023-06-04 13:15:08,1685898908,29.8,16.3,99400,1e-7,1e-7,1e-7,1e-7,0.0105,0
2023-06-04 13:24:57,1685899498,29.8,16.4,99400,2.00,8.00,13.0,16.0,0.0139,0
2023-06-04 13:29:53,1685899793,29.7,16.4,99400,1.00,2.00,3.00,4.00,0.0233,0
2023-06-04 13:31:31,1685899891,29.5,16.5,99400,1e-7,1.00,1.00,2.00,0.0230,0
2023-06-04 13:39:44,1685900385,29.5,16.8,99400,1e-7,1e-7,1e-7,1e-7,0.0321,0
2023-06-04 13:44:40,1685900681,29.4,17.1,99400,1e-7,3.00,6.00,8.00,0.0321,0
2023-06-04 13:46:58,1685900818,29.4,17.0,99400,1.00,3.00,6.00,8.00,0.0103,0
2023-06-04 13:54:49,1685901290,29.6,16.4,99400,1e-7,3.00,5.00,6.00,0.0113,0
2023-06-04 13:59:45,1685901586,29.5,16.7,99400,2.00,18.0,31.0,37.0,0.0959,0
2023-06-04 14:02:22,1685901743,29.2,16.5,99400,1e-7,2.00,3.00,4.00,0.0959,0
2023-06-04 14:09:47,1685902188,29.3,17.3,99400,1e-7,3.00,6.00,8.00,0.102,0
2023-06-04 14:14:43,1685902484,29.2,17.1,99400,1.00,2.00,3.00,4.00,0.0845,0
2023-06-04 14:17:01,1685902622,29.0,17.5,99400,1.00,2.00,3.00,3.00,0.0124,0
2023-06-04 14:24:53,1685903093,29.1,17.4,99400,1.00,2.00,3.00,4.00,0.0119,0
2023-06-04 14:29:49,1685903389,28.9,17.6,99400,2.00,3.00,6.00,7.00,0.0120,0
2023-06-04 14:31:27,1685903488,28.8,18.1,99400,1.00,2.00,3.00,3.00,0.0117,0
2023-06-04 14:44:51,1685904291,28.0,18.3,99400,1.00,2.00,3.00,4.00,0.0129,0
2023-06-04 14:47:29,1685904449,27.8,18.4,99400,1e-7,2.00,3.00,4.00,0.0129,0
2023-06-04 14:54:53,1685904893,27.3,19.0,99400,1e-7,6.00,10.0,12.0,0.0114,0
2023-06-04 14:59:50,1685905190,27.0,19.2,99400,1.00,3.00,5.00,6.00,0.0253,0
2023-06-04 15:03:27,1685905407,26.9,19.7,99400,1.00,3.00,6.00,8.00,0.0283,0
2023-06-04 15:09:43,1685905783,27.1,19.4,99400,1.00,2.00,3.00,3.00,0.0215,0
2023-06-04 15:14:59,1685906100,27.2,19.3,99400,1.00,2.00,3.00,3.00,0.0310,0
2023-06-04 15:17:57,1685906278,27.2,19.4,99400,2.00,2.00,3.00,4.00,0.0134,0
2023-06-04 15:24:53,1685906694,27.5,19.1,99400,1.00,4.00,7.00,9.00,0.00773,0
2023-06-04 15:29:50,1685906990,27.6,18.9,99400,1.00,2.00,3.00,4.00,0.0138,0
2023-06-04 15:33:47,1685907228,27.3,18.9,99400,1.00,2.00,3.00,4.00,0.0126,0
2023-06-04 15:39:54,1685907594,27.0,19.8,99400,1e-7,2.00,3.00,4.00,0.0147,0
2023-06-04 15:44:51,1685907891,27.1,19.7,99380,1.00,3.00,6.00,8.00,0.0147,0
2023-06-04 15:48:48,1685908129,27.4,19.4,99300,1.00,2.00,4.00,4.00,0.0150,0
2023-06-04 15:59:58,1685908799,27.2,19.2,99300,1e-7,2.00,3.00,4.00,0.0148,0
2023-06-04 16:04:55,1685909095,27.1,19.3,99313,1.00,3.00,6.00,7.00,0.0171,0
2023-06-04 16:14:46,1685909687,26.7,19.9,99300,4.00,4.00,4.00,4.00,0.0172,0
2023-06-04 16:19:44,1685909984,26.6,20.0,99300,1.00,3.00,6.00,8.00,0.0172,0
2023-06-04 16:24:41,1685910281,26.5,20.2,99300,1.00,5.00,8.00,9.00,0.0141,0
2023-06-04 16:29:58,1685910598,26.3,20.5,99300,1.00,5.00,9.00,11.0,0.0161,0
2023-06-04 16:34:55,1685910896,26.0,21.2,99300,1.00,6.00,11.0,13.0,0.0123,0
2023-06-04 16:39:53,1685911193,25.9,20.8,99300,1.00,7.00,12.0,15.0,0.0341,0
2023-06-04 16:44:51,1685911491,25.8,20.5,99300,1.00,2.00,3.00,4.00,0.0321,0
2023-06-04 16:49:48,1685911789,25.7,20.9,99300,1.00,1.00,3.00,4.00,0.0381,0
2023-06-04 16:54:46,1685912086,25.7,20.8,99300,2.00,2.00,3.00,4.00,0.0128,0
2023-06-04 16:59:43,1685912384,25.5,20.8,99300,2.00,2.00,3.00,4.00,0.00995,0
2023-06-04 17:04:41,1685912682,25.2,20.9,99300,1.00,4.00,7.00,8.00,0.0170,0
2023-06-04 17:09:59,1685912999,24.8,21.2,99300,1.00,4.00,7.00,9.00,0.0208,0
2023-06-04 17:14:57,1685913297,24.5,21.7,99300,1.00,3.00,3.00,4.00,0.0120,0
2023-06-04 17:19:55,1685913595,24.1,22.5,99300,1.00,2.00,3.00,4.00,0.0130,0
2023-06-04 17:24:53,1685913894,23.9,22.3,99300,1e-7,2.00,3.00,4.00,0.0173,0
2023-06-04 17:29:51,1685914192,23.7,22.4,99300,1.00,2.00,3.00,4.00,0.00995,0
2023-06-04 17:34:50,1685914490,23.6,22.7,99300,1.00,2.00,3.00,3.00,0.00995,0
2023-06-04 17:39:48,1685914788,23.8,22.9,99300,1e-7,2.00,3.00,4.00,0.00995,0
2023-06-04 17:44:46,1685915086,23.8,22.5,99300,1.00,3.00,6.00,8.00,0.0174,0
2023-06-04 17:49:44,1685915385,23.8,22.5,99300,1.00,1.00,3.00,4.00,0.0203,0
2023-06-04 17:54:42,1685915683,23.6,22.6,99300,1e-7,4.00,6.00,8.00,0.0141,0
2023-06-04 17:59:41,1685915981,23.4,23.2,99300,1.00,3.00,5.00,6.00,0.0139,0
2023-06-04 18:04:59,1685916300,23.2,23.3,99300,1.00,4.00,6.00,8.00,0.0117,0
2023-06-04 18:09:58,1685916598,23.0,23.3,99300,1.00,2.00,3.00,4.00,0.0139,0
2023-06-04 18:14:56,1685916897,22.8,23.7,99300,1.00,2.00,3.00,4.00,0.0100,0
2023-06-04 18:19:55,1685917196,22.6,24.0,99300,1e-7,2.00,3.00,4.00,0.00995,0
2023-06-04 18:24:54,1685917494,22.4,24.4,99300,1.00,1.00,3.00,4.00,0.00995,0
2023-06-04 18:29:52,1685917793,22.1,24.7,99300,2.00,2.00,2.00,3.00,0.00995,0
2023-06-04 18:34:51,1685918092,21.9,24.8,99300,1e-7,1.00,2.00,3.00,0.00995,0
2023-06-04 18:39:50,1685918391,21.7,25.2,99300,1e-7,4.00,7.00,8.00,0.0136,0
2023-06-04 18:44:48,1685918689,21.4,25.6,99307,1.00,3.00,6.00,7.00,0.0147,0
2023-06-04 18:49:47,1685918988,21.3,25.8,99320,1e-7,2.00,3.00,4.00,0.0104,0
2023-06-04 18:54:46,1685919287,21.1,25.9,99300,1.00,2.00,3.00,4.00,0.0170,0
2023-06-04 18:59:46,1685919586,20.9,26.2,99300,1e-7,2.00,4.00,5.00,0.0156,0
2023-06-04 19:04:45,1685919885,20.8,26.7,99300,1.00,1.00,3.00,4.00,0.0104,0
2023-06-04 19:09:44,1685920185,20.7,26.7,99300,1e-7,2.00,3.00,4.00,0.0103,0
2023-06-04 19:14:43,1685920484,20.6,26.9,99300,1.00,4.00,6.00,7.00,0.00995,0
2023-06-04 19:19:43,1685920783,20.4,27.4,99300,1e-7,2.00,3.00,4.00,0.0156,0
2023-06-04 19:24:42,1685921083,20.1,27.6,99300,1.00,2.00,4.00,4.00,0.0116,0
2023-06-04 19:29:42,1685921382,19.9,28.0,99300,2.00,6.00,8.00,10.0,0.0138,0
2023-06-04 19:34:41,1685921682,19.7,28.1,99300,1.00,2.00,3.00,4.00,0.0184,0
2023-06-04 19:39:41,1685921981,19.4,29.1,99300,1.00,5.00,9.00,11.0,0.0228,0
2023-06-04 19:44:40,1685922281,19.2,29.6,99300,1e-7,1.00,2.00,3.00,0.0204,0
2023-06-04 19:49:40,1685922581,19.0,29.8,99300,1e-7,3.00,6.00,8.00,0.0250,0
2023-06-04 19:54:40,1685922880,18.8,30.2,99300,1.00,4.00,6.00,8.00,0.0200,0
2023-06-04 19:59:40,1685923181,18.5,30.7,99300,1.00,5.00,10.0,12.0,0.0200,0
2023-06-04 20:04:40,1685923481,18.3,31.0,99300,1.00,3.00,6.00,7.00,0.00972,0
2023-06-04 20:09:40,1685923781,18.0,32.0,99300,1.00,5.00,9.00,12.0,0.0232,0
2023-06-04 20:14:40,1685924081,17.7,32.7,99300,2.00,4.00,7.00,9.00,0.0130,0
2023-06-04 20:19:40,1685924381,17.4,33.2,99300,2.00,16.0,28.0,34.0,0.0173,0
2023-06-04 20:24:41,1685924681,17.2,34.0,99300,1.00,4.00,7.00,8.00,0.0746,0
2023-06-04 20:29:41,1685924981,16.9,35.4,99300,1.00,13.0,23.0,28.0,0.109,0
2023-06-04 20:34:41,1685925282,16.5,36.0,99300,1.00,5.00,8.00,10.0,0.0339,0
2023-06-04 20:39:42,1685925582,16.3,36.8,99300,1.00,7.00,13.0,16.0,0.0598,0
2023-06-04 20:44:42,1685925882,16.0,37.2,99300,1.00,5.00,9.00,11.0,0.0598,0
2023-06-04 20:49:42,1685926183,15.7,37.5,99300,1.00,2.00,3.00,4.00,0.0206,0
2023-06-04 20:54:43,1685926484,15.5,37.7,99300,1.00,2.00,3.00,4.00,0.0140,0
2023-06-04 20:59:44,1685926784,15.3,38.1,99300,2.00,4.00,6.00,7.00,0.0180,0
2023-06-04 21:04:44,1685927085,15.1,38.5,99300,2.00,3.00,5.00,6.00,0.0138,0
2023-06-04 21:09:45,1685927385,14.8,39.1,99300,1.00,3.00,6.00,8.00,0.0138,0
2023-06-04 21:14:46,1685927686,14.6,39.4,99300,1.00,2.00,3.00,4.00,0.0153,0
2023-06-04 21:19:47,1685927988,14.4,40.4,99300,1.00,2.00,3.00,4.00,0.0163,0
2023-06-04 21:24:48,1685928289,14.2,40.5,99300,1e-7,2.00,4.00,5.00,0.0137,0
2023-06-04 21:29:50,1685928590,14.0,40.4,99300,1.00,2.00,3.00,4.00,0.0103,0
2023-06-04 21:34:51,1685928891,13.9,40.8,99300,3.00,5.00,6.00,8.00,0.0124,0
2023-06-04 21:39:52,1685929192,13.7,41.3,99300,1.00,9.00,16.0,20.0,0.123,0
2023-06-04 21:44:53,1685929494,13.5,41.4,99300,2.00,6.00,9.00,10.0,0.123,0
2023-06-04 21:49:55,1685929795,13.4,42.3,99300,1.00,4.00,8.00,9.00,0.0732,0
2023-06-04 21:54:56,1685930096,13.2,42.8,99300,1e-7,4.00,7.00,8.00,0.0375,0
2023-06-04 21:59:57,1685930397,13.1,43.2,99300,2.00,7.00,11.0,14.0,0.0209,0
2023-06-04 22:04:58,1685930699,12.9,43.6,99300,1e-7,3.00,6.00,8.00,0.0978,0
2023-06-04 22:09:40,1685930980,12.8,43.7,99300,1e-7,3.00,6.00,7.00,0.0978,0
2023-06-04 22:14:41,1685931282,12.6,44.3,99300,1e-7,3.00,6.00,7.00,0.0311,0
2023-06-04 22:19:43,1685931584,12.6,44.4,99300,1.00,3.00,5.00,6.00,0.0133,0
2023-06-04 22:24:44,1685931885,12.5,45.4,99300,1.00,2.00,3.00,4.00,0.0133,0
2023-06-04 22:29:46,1685932186,12.4,45.9,99300,1.00,2.00,3.00,4.00,0.0122,0
2023-06-04 22:34:47,1685932488,12.3,45.3,99300,1e-7,3.00,6.00,8.00,0.0106,0
2023-06-04 22:39:49,1685932790,12.3,45.3,99300,1.00,2.00,3.00,4.00,0.0115,0
2023-06-04 22:43:51,1685933032,12.2,45.2,99300,1e-7,3.00,5.00,6.00,0.0129,0
2023-06-04 22:49:52,1685933393,12.0,45.3,99225,1.00,1.00,2.00,3.00,0.0129,0
2023-06-04 22:54:54,1685933694,11.9,45.6,99293,1.00,2.00,3.00,4.00,0.0104,0
2023-06-04 22:59:56,1685933996,11.8,45.4,99300,1.00,2.00,3.00,4.00,0.00995,0
2023-06-04 23:04:58,1685934298,11.7,45.2,99300,1e-7,3.00,5.00,6.00,0.0102,0
2023-06-04 23:09:59,1685934600,11.5,45.5,99207,1.00,2.00,3.00,4.00,0.0113,0
2023-06-04 23:14:41,1685934882,11.4,45.4,99200,1.00,7.00,12.0,14.0,0.0133,0
2023-06-04 23:19:43,1685935184,11.3,45.7,99200,1.00,2.00,3.00,4.00,0.0166,0
2023-06-04 23:24:45,1685935486,11.2,45.8,99200,1.00,2.00,3.00,4.00,0.0204,0
2023-06-04 23:29:47,1685935788,11.1,45.9,99200,1.00,2.00,3.00,4.00,0.0183,0
2023-06-04 23:34:49,1685936090,11.0,46.5,99213,1e-7,4.00,7.00,8.00,0.00995,0
2023-06-04 23:39:51,1685936392,10.9,46.5,99200,1.00,2.00,3.00,4.00,0.0161,0
2023-06-04 23:44:53,1685936693,10.8,46.6,99200,3.00,3.00,3.00,4.00,0.0182,0
2023-06-04 23:49:55,1685936996,10.7,46.9,99200,1.00,2.00,3.00,4.00,0.0137,0
2023-06-04 23:54:57,1685937298,10.6,46.8,99200,1e-7,7.00,13.0,16.0,0.0200,0
2023-06-04 23:59:39,1685937580,10.5,46.9,99200,1.00,3.00,6.00,7.00,0.0282,0
