2023-05-03 14:39:54,1683139195,24.8,16.6,98000,1e-7,1e-7,1e-7,1e-7,,
2023-05-03 14:44:56,1683139497,23.2,17.0,98000,1.00,3.00,5.00,6.00,,
2023-05-03 14:49:58,1683139799,20.9,18.3,98000,1e-7,2.00,4.00,5.00,,
2023-05-03 14:54:41,1683140081,18.9,20.0,98000,1e-7,2.00,4.00,4.00,0.00995,0
2023-05-03 14:57:42,1683140263,17.7,21.4,98000,1e-7,3.00,5.00,6.00,0.0101,0
2023-05-03 16:09:44,1683144584,14.7,28.2,98100,1.00,2.00,4.00,4.00,,
2023-05-03 16:14:52,1683144893,14.5,28.4,98100,1e-7,2.00,3.00,4.00,,
2023-05-03 16:19:57,1683145197,14.3,28.8,98100,1.00,3.00,5.00,6.00,,
2023-05-03 16:24:41,1683145481,14.1,29.1,98100,1.00,4.00,6.00,7.00,0.0162,0
2023-05-03 16:29:46,1683145786,13.9,29.7,98100,1.00,3.00,5.00,6.00,0.0162,0
2023-05-03 16:34:56,1683146096,13.6,29.9,98100,1.00,6.00,10.0,12.0,0.0143,0
2023-05-03 16:39:40,1683146380,13.5,30.3,98100,1.00,4.00,6.00,7.00,0.0213,0
2023-05-03 16:42:22,1683146542,13.5,30.0,98100,1.00,1.00,1.00,1.00,0.0228,0
2023-05-03 16:54:54,1683147295,13.6,30.4,98100,1e-7,2.00,4.00,4.00,0.0311,0
2023-05-03 16:58:17,1683147498,13.5,30.3,98100,1.00,3.00,5.00,6.00,0.0311,0
2023-05-03 17:09:48,1683148189,13.4,30.8,98100,1e-7,2.00,4.00,4.00,0.0204,0
2023-05-03 17:14:53,1683148493,13.4,30.6,98100,1e-7,3.00,5.00,6.00,0.0119,0
2023-05-03 17:19:57,1683148798,13.4,30.8,98100,1.00,3.00,5.00,6.00,0.0127,0
2023-05-03 17:22:19,1683148940,13.4,30.6,98100,1e-7,2.00,4.00,4.00,0.0127,0
2023-05-03 17:39:42,1683149983,13.2,31.2,98169,2.00,3.00,5.00,6.00,0.0122,0
2023-05-03 17:43:26,1683150206,13.1,31.3,98200,1.00,3.00,4.00,5.00,0.0119,0
2023-05-03 17:56:50,1683151010,12.8,32.2,98200,1e-7,1e-7,1e-7,1e-7,0.0101,0
2023-05-03 18:14:42,1683152083,12.4,32.8,98200,2.00,3.00,5.00,6.00,0.0160,0
2023-05-03 18:19:47,1683152388,12.3,32.8,98200,1.00,6.00,10.0,12.0,0.0210,0
2023-05-03 18:24:52,1683152693,12.2,33.2,98200,1.00,5.00,8.00,9.00,0.0176,0
2023-05-03 18:29:57,1683152998,12.1,33.4,98200,2.00,7.00,11.0,14.0,0.0282,0
2023-05-03 18:34:42,1683153282,12.0,34.0,98200,1e-7,3.00,5.00,6.00,0.0612,0
2023-05-03 18:39:47,1683153588,11.9,34.2,98200,1e-7,3.00,5.00,6.00,0.0538,0
2023-05-03 18:44:52,1683153893,11.8,34.2,98207,1.00,3.00,5.00,6.00,0.0136,0
2023-05-03 18:49:58,1683154198,11.7,34.6,98280,1.00,3.00,4.00,5.00,0.0105,0
2023-05-03 18:54:43,1683154483,11.7,34.5,98300,2.00,8.00,14.0,17.0,0.0137,0
2023-05-03 18:59:48,1683154789,11.7,34.7,98300,1e-7,2.00,4.00,4.00,0.0247,0
2023-05-03 19:04:54,1683155094,11.6,34.9,98300,2.00,4.00,6.00,7.00,0.0247,0
2023-05-03 19:09:59,1683155400,11.6,35.1,98300,1.00,2.00,4.00,4.00,0.0218,0
2023-05-03 19:14:45,1683155685,11.6,35.2,98300,1e-7,3.00,5.00,6.00,0.0144,0
2023-05-03 19:19:50,1683155991,11.5,35.3,98300,1e-7,3.00,5.00,6.00,0.0144,0
2023-05-03 19:24:56,1683156296,11.5,35.6,98300,1.00,5.00,9.00,11.0,0.0263,0
2023-05-03 19:29:41,1683156581,11.4,35.7,98300,1e-7,2.00,4.00,4.00,0.0206,0
2023-05-03 19:34:46,1683156887,11.4,35.8,98300,1.00,4.00,7.00,9.00,0.0285,0
2023-05-03 19:39:52,1683157192,11.4,35.8,98300,2.00,6.00,9.00,11.0,0.0212,0
2023-05-03 19:44:57,1683157498,11.4,35.9,98300,1.00,5.00,9.00,10.0,0.0212,0
2023-05-03 19:49:43,1683157783,11.4,35.9,98300,2.00,5.00,8.00,10.0,0.0327,0
2023-05-03 19:54:48,1683158089,11.3,36.1,98300,1.00,3.00,5.00,6.00,0.0401,0
2023-05-03 19:59:54,1683158395,11.3,36.2,98300,1.00,3.00,5.00,6.00,0.0208,0
2023-05-03 20:04:39,1683158680,11.3,36.2,98300,2.00,4.00,5.00,6.00,0.0208,0
2023-05-03 20:09:45,1683158985,11.2,36.7,98300,1.00,3.00,5.00,6.00,0.0130,0
2023-05-03 20:14:50,1683159291,11.2,36.9,98300,1.00,3.00,5.00,6.00,0.0146,0
2023-05-03 20:19:56,1683159597,11.2,36.8,98300,1.00,5.00,9.00,11.0,0.0169,0
2023-05-03 20:24:42,1683159882,11.1,36.6,98300,2.00,6.00,10.0,12.0,0.0152,0
2023-05-03 20:29:48,1683160188,11.0,36.8,98327,2.00,12.0,20.0,24.0,0.0152,0
2023-05-03 20:34:53,1683160494,11.0,37.1,98400,2.00,7.00,10.0,12.0,0.0392,0
2023-05-03 20:39:59,1683160800,11.0,37.2,98400,2.00,3.00,5.00,6.00,0.0419,0
2023-05-03 20:44:45,1683161085,10.9,37.6,98400,1.00,5.00,8.00,10.0,0.0575,0
2023-05-03 20:49:51,1683161391,10.9,37.3,98400,2.00,8.00,14.0,16.0,0.0291,0
2023-05-03 20:54:57,1683161697,10.9,37.8,98400,2.00,7.00,11.0,13.0,0.0103,0
2023-05-03 20:59:42,1683161983,10.9,38.0,98400,2.00,7.00,12.0,14.0,0.0255,0
2023-05-03 21:04:48,1683162289,10.8,38.2,98400,2.00,6.00,10.0,12.0,0.0372,0
2023-05-03 21:09:54,1683162594,10.7,38.4,98400,2.00,9.00,15.0,18.0,0.0372,0
2023-05-03 21:14:40,1683162880,10.6,38.5,98400,1.00,3.00,5.00,6.00,0.0252,0
2023-05-03 21:19:46,1683163186,10.5,38.8,98400,2.00,6.00,10.0,12.0,0.0141,0
2023-05-03 21:24:52,1683163492,10.4,38.6,98400,2.00,9.00,15.0,18.0,0.0441,0
2023-05-03 21:29:57,1683163798,10.4,38.9,98400,1.00,3.00,5.00,6.00,0.0936,0
2023-05-03 21:34:43,1683164083,10.3,39.2,98400,2.00,6.00,10.0,12.0,0.0936,0
2023-05-03 21:39:49,1683164389,10.3,39.1,98400,2.00,5.00,9.00,11.0,0.0643,0
2023-05-03 21:44:55,1683164695,10.3,38.9,98400,1.00,3.00,5.00,6.00,0.0428,0
2023-05-03 21:49:40,1683164981,10.4,39.1,98400,2.00,3.00,5.00,6.00,0.0377,0
2023-05-03 21:54:46,1683165287,10.4,39.1,98400,2.00,12.0,20.0,24.0,0.0125,0
2023-05-03 21:59:52,1683165593,10.4,39.2,98400,1.00,5.00,9.00,11.0,0.0382,0
2023-05-03 22:04:58,1683165899,10.4,38.7,98400,3.00,11.0,17.0,21.0,0.0305,0
2023-05-03 22:09:44,1683166185,10.4,38.5,98400,2.00,6.00,9.00,11.0,0.0251,0
2023-05-03 22:14:50,1683166491,10.4,38.9,98400,2.00,6.00,9.00,10.0,0.0214,0
2023-05-03 22:19:56,1683166797,10.4,38.8,98400,2.00,5.00,8.00,10.0,0.0186,0
2023-05-03 22:24:42,1683167082,10.4,38.8,98400,2.00,10.0,17.0,20.0,0.0252,0
2023-05-03 22:29:48,1683167388,10.4,38.7,98400,2.00,8.00,13.0,15.0,0.0252,0
2023-05-03 22:34:54,1683167694,10.4,38.8,98400,2.00,4.00,5.00,6.00,0.0291,0
2023-05-03 22:39:39,1683167980,10.4,38.6,98400,2.00,7.00,12.0,14.0,0.0506,0
2023-05-03 22:44:45,1683168286,10.4,38.4,98400,2.00,9.00,15.0,18.0,0.0722,0
2023-05-03 22:49:51,1683168592,10.4,38.3,98400,2.00,6.00,9.00,11.0,0.0722,0
2023-05-03 22:54:57,1683168898,10.3,38.5,98420,1.00,6.00,10.0,12.0,0.0301,0
2023-05-03 22:59:43,1683169183,10.3,38.5,98479,3.00,9.00,15.0,18.0,0.0301,0
2023-05-03 23:04:49,1683169489,10.3,38.3,98500,2.00,6.00,10.0,11.0,0.0358,0
2023-05-03 23:09:55,1683169795,10.3,38.4,98500,2.00,3.00,5.00,6.00,0.0426,0
2023-05-03 23:14:40,1683170081,10.2,38.6,98500,1.00,6.00,10.0,12.0,0.0254,0
2023-05-03 23:19:47,1683170387,10.2,38.6,98500,2.00,5.00,8.00,9.00,0.0199,0
2023-05-03 23:24:53,1683170693,10.1,38.6,98500,2.00,3.00,5.00,6.00,0.0145,0
2023-05-03 23:29:59,1683170999,10.1,38.5,98500,2.00,5.00,8.00,9.00,0.0131,0
2023-05-03 23:34:44,1683171285,10.1,38.7,98500,1.00,3.00,4.00,5.00,0.0126,0
2023-05-03 23:39:50,1683171591,10.1,38.5,98500,1.00,4.00,6.00,7.00,0.0110,0
2023-05-03 23:44:57,1683171897,10.0,38.3,98500,2.00,3.00,5.00,6.00,0.0115,0
2023-05-03 23:49:42,1683172183,10.0,38.4,98500,2.00,4.00,5.00,6.00,0.0119,0
2023-05-03 23:54:48,1683172489,9.98,38.6,98500,2.00,5.00,8.00,9.00,0.0132,0
2023-05-03 23:59:54,1683172795,9.94,38.5,98500,1.00,4.00,6.00,7.00,0.0175,0
2023-05-04 00:04:40,1683173081,9.88,38.5,98500,2.00,7.00,11.0,13.0,0.0158,0
2023-05-04 00:09:47,1683173387,9.83,38.1,98500,2.00,5.00,9.00,11.0,0.0166,0
2023-05-04 00:14:53,1683173693,9.82,38.5,98500,2.00,4.00,6.00,6.00,0.0292,0
2023-05-04 00:19:59,1683174000,9.80,38.6,98500,1.00,8.00,13.0,16.0,0.0312,0
2023-05-04 00:24:45,1683174285,9.76,38.6,98500,1.00,4.00,7.00,9.00,0.0264,0
2023-05-04 00:29:51,1683174592,9.72,38.4,98500,2.00,3.00,5.00,6.00,0.0242,0
2023-05-04 00:34:58,1683174898,9.68,38.5,98500,1.00,3.00,5.00,6.00,0.0185,0
2023-05-04 00:39:43,1683175184,9.65,38.3,98500,1e-7,3.00,5.00,6.00,0.0142,0
2023-05-04 00:44:50,1683175490,9.66,38.7,98500,1.00,9.00,15.0,18.0,0.0173,0
2023-05-04 00:49:56,1683175797,9.68,39.1,98500,1.00,3.00,5.00,6.00,0.0446,0
2023-05-04 00:54:42,1683176082,9.68,39.1,98500,2.00,4.00,7.00,9.00,0.0378,0
2023-05-04 00:59:48,1683176389,9.67,38.9,98500,1.00,6.00,9.00,11.0,0.0329,0
2023-05-04 01:04:55,1683176695,9.67,39.1,98500,1.00,3.00,5.00,6.00,0.0332,0
2023-05-04 01:09:41,1683176981,9.67,39.2,98500,1e-7,3.00,5.00,6.00,0.0486,0
2023-05-04 01:14:47,1683177287,9.67,39.4,98500,1e-7,3.00,5.00,6.00,0.0192,0
2023-05-04 01:19:53,1683177594,9.67,39.6,98500,2.00,5.00,8.00,9.00,0.0192,0
2023-05-04 01:24:39,1683177880,9.67,39.8,98500,1e-7,3.00,5.00,6.00,0.0134,0
2023-05-04 01:29:46,1683178186,9.65,39.8,98500,2.00,4.00,5.00,6.00,0.0256,0
2023-05-04 01:34:52,1683178493,9.67,39.7,98500,1.00,1.00,2.00,2.00,0.0253,0
2023-05-04 01:39:58,1683178799,9.68,40.1,98500,1e-7,3.00,5.00,6.00,0.0143,0
2023-05-04 01:44:44,1683179085,9.69,40.3,98500,1.00,3.00,5.00,6.00,0.0125,0
2023-05-04 01:49:51,1683179391,9.67,40.8,98500,1.00,3.00,5.00,6.00,0.0111,0
2023-05-04 01:54:57,1683179698,9.62,41.5,98500,2.00,3.00,5.00,6.00,0.0139,0
2023-05-04 01:59:43,1683179984,9.57,42.0,98500,1e-7,3.00,5.00,6.00,0.0170,0
2023-05-04 02:04:50,1683180290,9.53,41.8,98500,1.00,5.00,8.00,9.00,0.0170,0
2023-05-04 02:09:55,1683180596,9.51,41.6,98500,1e-7,3.00,5.00,6.00,0.0134,0
2023-05-04 02:14:41,1683180882,9.50,41.5,98500,2.00,5.00,9.00,11.0,0.0224,0
2023-05-04 02:19:48,1683181188,9.51,41.8,98500,2.00,9.00,15.0,18.0,0.0224,0
2023-05-04 02:24:54,1683181495,9.50,41.6,98500,1.00,2.00,2.00,3.00,0.00978,0
2023-05-04 02:29:40,1683181781,9.48,41.3,98500,1.00,3.00,5.00,6.00,0.0284,0
2023-05-04 02:34:47,1683182087,9.48,41.2,98500,1.00,3.00,5.00,6.00,0.0171,0
2023-05-04 02:39:53,1683182394,9.50,41.5,98500,1e-7,3.00,5.00,6.00,0.0104,0
2023-05-04 02:44:39,1683182680,9.51,41.9,98500,1e-7,3.00,5.00,6.00,0.0110,0
2023-05-04 02:49:46,1683182987,9.50,42.0,98500,1e-7,2.00,4.00,4.00,0.0123,0
2023-05-04 02:54:52,1683183293,9.49,41.6,98500,2.00,7.00,11.0,13.0,0.0158,0
2023-05-04 02:59:59,1683183599,9.49,41.9,98500,1.00,6.00,10.0,12.0,0.0255,0
2023-05-04 03:04:45,1683183885,9.48,41.7,98500,2.00,7.00,12.0,14.0,0.0336,0
2023-05-04 03:09:51,1683184192,9.49,41.6,98500,1e-7,3.00,5.00,6.00,0.0485,0
2023-05-04 03:14:58,1683184498,9.49,41.4,98500,1e-7,3.00,5.00,6.00,0.0416,0
2023-05-04 03:19:44,1683184784,9.48,41.6,98500,1e-7,3.00,5.00,6.00,0.0123,0
2023-05-04 03:24:50,1683185091,9.47,41.3,98500,1.00,2.00,2.00,3.00,0.0110,0
2023-05-04 03:29:57,1683185397,9.46,41.6,98513,1e-7,1e-7,1e-7,1e-7,0.0114,0
2023-05-04 03:34:43,1683185683,9.47,41.2,98500,1.00,4.00,7.00,9.00,0.0112,0
2023-05-04 03:39:49,1683185990,9.47,41.2,98540,1e-7,3.00,5.00,6.00,0.0135,0
2023-05-04 03:44:56,1683186296,9.48,41.3,98600,1e-7,1e-7,1e-7,1e-7,0.0164,0
2023-05-04 03:49:42,1683186582,9.47,41.4,98600,1e-7,3.00,5.00,6.00,0.0115,0
2023-05-04 03:54:48,1683186889,9.49,41.4,98600,1e-7,1e-7,1e-7,1e-7,0.0107,0
2023-05-04 03:59:55,1683187195,9.51,41.7,98600,1e-7,1e-7,1e-7,1e-7,0.0107,0
2023-05-04 04:04:41,1683187481,9.51,41.9,98600,1e-7,1e-7,1e-7,1e-7,0.0107,0
2023-05-04 04:09:47,1683187788,9.49,41.6,98600,2.00,2.00,3.00,4.00,0.00995,0
2023-05-04 04:14:54,1683188094,9.49,41.7,98600,1e-7,3.00,5.00,6.00,0.0131,0
2023-05-04 04:19:40,1683188380,9.47,41.9,98600,1e-7,3.00,4.00,5.00,0.0131,0
2023-05-04 04:24:46,1683188687,9.48,41.7,98600,1e-7,3.00,5.00,6.00,0.0119,0
2023-05-04 04:29:53,1683188993,9.48,41.9,98600,1e-7,1e-7,1e-7,1e-7,0.0115,0
2023-05-04 04:34:59,1683189300,9.49,42.0,98600,1e-7,3.00,5.00,6.00,0.0115,0
2023-05-04 04:39:45,1683189586,9.50,42.2,98600,2.00,8.00,13.0,15.0,0.0123,0
2023-05-04 04:44:52,1683189892,9.51,42.3,98600,1e-7,3.00,5.00,6.00,0.0205,0
2023-05-04 04:49:58,1683190199,9.51,42.3,98600,1e-7,3.00,5.00,6.00,0.0194,0
2023-05-04 04:54:44,1683190485,9.50,42.5,98600,1e-7,3.00,5.00,6.00,0.0245,0
2023-05-04 04:59:51,1683190791,9.47,42.8,98600,1e-7,1e-7,1e-7,1e-7,0.0135,0
2023-05-04 05:04:57,1683191098,9.44,43.0,98600,1e-7,3.00,5.00,6.00,0.0123,0
2023-05-04 05:09:43,1683191384,9.42,43.0,98600,1e-7,3.00,5.00,6.00,0.0146,0
2023-05-04 05:14:50,1683191690,9.39,43.3,98600,1e-7,3.00,5.00,6.00,0.0115,0
2023-05-04 05:19:56,1683191997,9.37,43.8,98600,1e-7,3.00,5.00,6.00,0.0101,0
2023-05-04 05:24:43,1683192283,9.35,44.0,98600,1e-7,3.00,5.00,6.00,0.0102,0
2023-05-04 05:29:49,1683192590,9.34,44.0,98600,1.00,5.00,8.00,9.00,0.0123,0
2023-05-04 05:34:56,1683192896,9.33,44.3,98600,1.00,3.00,5.00,6.00,0.0185,0
2023-05-04 05:39:42,1683193182,9.33,44.5,98600,1e-7,3.00,5.00,6.00,0.0141,0
2023-05-04 05:44:48,1683193489,9.33,44.6,98687,1e-7,1e-7,1e-7,1e-7,0.0118,0
2023-05-04 05:49:55,1683193795,9.33,45.0,98700,1e-7,1e-7,1e-7,1e-7,0.0167,0
2023-05-04 05:54:41,1683194081,9.34,45.1,98700,1e-7,3.00,5.00,6.00,0.0115,0
2023-05-04 05:59:47,1683194388,9.35,45.2,98700,1e-7,1e-7,1e-7,1e-7,0.0115,0
2023-05-04 06:04:54,1683194694,9.35,45.1,98700,1.00,5.00,9.00,11.0,0.0115,0
2023-05-04 06:09:40,1683194980,9.38,45.4,98700,1e-7,1e-7,1e-7,1e-7,0.0167,0
2023-05-04 06:14:46,1683195287,9.38,45.5,98700,1e-7,3.00,5.00,6.00,0.0167,0
2023-05-04 06:15:27,1683195328,9.39,45.6,98700,1e-7,1e-7,1e-7,1e-7,0.0134,0
2023-05-04 06:29:51,1683196192,9.46,45.3,98700,1e-7,1e-7,1e-7,1e-7,0.0111,0
2023-05-04 06:34:58,1683196499,9.47,45.1,98700,1.00,1.00,1.00,1.00,0.0114,0
2023-05-04 06:39:44,1683196785,9.52,45.1,98700,1.00,6.00,10.0,12.0,0.0123,0
2023-05-04 06:44:51,1683197091,9.55,45.3,98700,1e-7,3.00,5.00,6.00,0.0179,0
2023-05-04 06:49:57,1683197398,9.58,45.7,98700,1e-7,3.00,5.00,6.00,0.0151,0
2023-05-04 06:54:43,1683197684,9.65,45.7,98707,1e-7,3.00,5.00,6.00,0.0151,0
2023-05-04 06:59:50,1683197990,9.72,45.4,98787,1e-7,1e-7,1e-7,1e-7,0.0115,0
2023-05-04 07:04:56,1683198297,9.81,45.4,98800,1.00,3.00,5.00,6.00,0.0135,0
2023-05-04 07:09:42,1683198583,9.85,45.4,98800,1e-7,1.00,2.00,2.00,0.0115,0
2023-05-04 07:14:49,1683198889,9.90,45.6,98800,1e-7,2.00,4.00,4.00,0.0111,0
2023-05-04 07:19:55,1683199195,10.0,45.4,98800,1e-7,3.00,5.00,6.00,0.0107,0
2023-05-04 07:24:41,1683199481,10.1,44.9,98800,2.00,3.00,4.00,5.00,0.0121,0
2023-05-04 07:29:47,1683199788,10.2,44.6,98800,1.00,5.00,9.00,11.0,0.0199,0
2023-05-04 07:34:53,1683200094,10.4,44.7,98800,1e-7,1e-7,1e-7,1e-7,0.0199,0
2023-05-04 07:39:59,1683200400,10.6,44.8,98800,1e-7,3.00,5.00,6.00,0.0283,0
2023-05-04 07:44:45,1683200686,10.8,43.7,98800,1.00,5.00,8.00,9.00,0.0173,0
2023-05-04 07:49:51,1683200991,11.0,43.1,98800,1.00,3.00,4.00,5.00,0.0249,0
2023-05-04 07:54:57,1683201297,11.1,43.1,98800,1e-7,1e-7,1e-7,1e-7,0.0277,0
2023-05-04 07:59:41,1683201582,11.4,42.8,98800,1.00,6.00,10.0,12.0,0.0277,0
2023-05-04 08:01:02,1683201663,11.5,42.1,98800,1.00,3.00,4.00,5.00,0.0267,0
2023-05-04 08:09:48,1683202189,12.1,40.8,98800,1.00,5.00,8.00,9.00,0.0331,0
2023-05-04 08:12:51,1683202372,12.2,40.9,98800,2.00,2.00,2.00,3.00,0.0126,0
2023-05-04 08:39:12,1683203953,13.2,37.0,98800,1.00,8.00,13.0,16.0,,
2023-05-04 08:44:50,1683204291,13.2,36.9,98800,1.00,3.00,5.00,6.00,,
2023-05-04 08:49:55,1683204595,13.3,36.7,98800,2.00,5.00,9.00,10.0,,
2023-05-04 08:54:39,1683204880,13.4,36.5,98800,1e-7,3.00,5.00,6.00,0.0140,0
2023-05-04 08:55:20,1683204920,13.5,35.9,98800,1.00,1.00,1.00,1.00,0.0137,0
2023-05-04 10:49:31,1683211771,16.3,29.7,98925,1e-7,3.00,5.00,6.00,,
2023-05-04 10:59:46,1683212387,16.4,29.7,98900,1.00,3.00,5.00,6.00,,
2023-05-04 11:04:50,1683212690,16.6,29.9,98907,2.00,6.00,10.0,12.0,,
2023-05-04 11:06:31,1683212791,16.7,29.9,98900,1e-7,3.00,5.00,6.00,,
2023-05-04 11:14:54,1683213295,16.9,29.8,98900,1e-7,1e-7,1e-7,1e-7,0.0132,0
2023-05-04 11:19:57,1683213598,17.0,29.6,98900,1e-7,3.00,5.00,6.00,0.0193,0
2023-05-04 11:24:40,1683213880,17.2,29.3,98900,1.00,5.00,9.00,11.0,0.0141,0
2023-05-04 11:29:43,1683214183,17.5,29.1,98900,1.00,5.00,8.00,9.00,0.0150,0
2023-05-04 11:30:23,1683214224,17.6,29.2,98900,1e-7,3.00,5.00,6.00,0.0110,0
2023-05-04 11:44:43,1683215084,18.1,28.1,98900,1e-7,1.00,2.00,2.00,0.0110,0
2023-05-04 11:45:43,1683215144,18.1,28.1,98900,1e-7,1e-7,1e-7,1e-7,0.0110,0
2023-05-04 11:54:51,1683215691,18.4,27.8,98900,1.00,3.00,5.00,6.00,0.0206,0
2023-05-04 11:59:13,1683215953,18.6,27.6,98900,2.00,6.00,10.0,12.0,0.0209,0
2023-05-04 12:14:50,1683216891,18.6,26.7,98900,2.00,4.00,6.00,7.00,0.0204,0
2023-05-04 12:19:53,1683217193,18.5,26.8,98933,4.00,17.0,29.0,34.0,0.0253,0
2023-05-04 12:24:56,1683217496,18.3,27.2,98927,1e-7,2.00,4.00,4.00,0.0381,0
2023-05-04 12:29:58,1683217799,17.8,27.8,98933,1.00,3.00,5.00,6.00,0.0454,0
2023-05-04 12:34:41,1683218082,17.5,28.4,99000,1e-7,3.00,5.00,6.00,0.0376,0
2023-05-04 12:39:44,1683218385,17.5,28.8,99000,1e-7,3.00,4.00,5.00,0.0143,0
2023-05-04 12:44:47,1683218688,17.7,28.6,99000,2.00,4.00,6.00,7.00,0.0217,0
2023-05-04 12:49:50,1683218990,17.9,28.1,98993,1e-7,3.00,5.00,6.00,0.0217,0
2023-05-04 12:54:53,1683219293,17.9,27.8,99000,1e-7,3.00,5.00,6.00,0.0146,0
2023-05-04 12:59:56,1683219596,17.5,28.1,99000,1e-7,2.00,3.00,4.00,0.0115,0
2023-05-04 13:04:59,1683219900,17.3,28.6,99000,1e-7,3.00,5.00,6.00,0.0114,0
2023-05-04 13:09:42,1683220183,17.1,29.1,99000,1.00,3.00,5.00,6.00,0.0116,0
2023-05-04 13:14:46,1683220487,17.0,28.9,99000,1.00,3.00,5.00,6.00,0.0118,0
2023-05-04 13:19:50,1683220790,16.9,28.9,99000,1.00,3.00,5.00,6.00,0.0107,0
2023-05-04 13:24:54,1683221094,17.0,28.9,99000,1.00,3.00,5.00,6.00,0.0113,0
2023-05-04 13:29:57,1683221398,17.2,29.0,99000,1.00,3.00,5.00,6.00,0.0132,0
2023-05-04 13:34:41,1683221681,17.4,28.5,99000,2.00,5.00,9.00,11.0,0.0108,0
2023-05-04 13:39:44,1683221984,17.6,28.1,99000,1e-7,2.00,4.00,4.00,0.0117,0
2023-05-04 13:44:47,1683222288,17.7,28.2,99000,1.00,2.00,2.00,3.00,0.0158,0
2023-05-04 13:49:50,1683222591,17.8,28.0,99000,2.00,12.0,20.0,23.0,0.0241,0
2023-05-04 13:54:53,1683222894,17.8,28.0,99000,1.00,4.00,7.00,9.00,0.0493,0
2023-05-04 13:59:56,1683223197,17.9,27.8,99000,1.00,2.00,4.00,4.00,0.0618,0
2023-05-04 14:04:59,1683223499,18.0,28.0,99000,1e-7,3.00,5.00,6.00,0.0469,0
2023-05-04 14:09:42,1683223782,18.3,27.4,99000,1e-7,3.00,5.00,6.00,0.0160,0
2023-05-04 14:14:44,1683224085,18.5,27.3,99000,1e-7,3.00,5.00,6.00,0.0105,0
2023-05-04 14:19:47,1683224387,18.9,27.5,99000,1.00,5.00,9.00,10.0,0.0210,0
2023-05-04 14:24:50,1683224690,18.6,28.2,99000,1e-7,1e-7,1e-7,1e-7,0.0290,0
2023-05-04 14:29:53,1683224993,18.4,29.0,99000,1.00,5.00,9.00,11.0,0.0315,0
2023-05-04 14:34:56,1683225296,18.3,28.4,99000,1e-7,3.00,5.00,6.00,0.0223,0
2023-05-04 14:39:59,1683225599,18.2,28.8,99000,1.00,3.00,5.00,6.00,0.0143,0
2023-05-04 14:44:42,1683225882,18.2,28.9,99000,1.00,3.00,5.00,6.00,0.0125,0
2023-05-04 14:49:45,1683226185,18.0,29.9,99000,1.00,7.00,11.0,13.0,0.0114,0
2023-05-04 14:54:48,1683226488,17.8,30.1,99000,1e-7,3.00,5.00,6.00,0.0147,0
2023-05-04 14:59:51,1683226792,17.6,31.2,99000,2.00,10.0,16.0,19.0,0.0300,0
2023-05-04 15:04:55,1683227096,17.6,31.1,99000,1.00,4.00,7.00,9.00,0.0450,0
2023-05-04 15:09:59,1683227399,17.7,31.6,99000,1e-7,3.00,5.00,6.00,0.0273,0
2023-05-04 15:14:42,1683227682,18.0,30.4,99000,1.00,5.00,8.00,9.00,0.0381,0
2023-05-04 15:19:45,1683227986,18.4,30.3,99000,1.00,2.00,4.00,4.00,0.0193,0
2023-05-04 15:24:48,1683228288,19.4,28.4,99000,1e-7,1e-7,1e-7,1e-7,0.0279,0
2023-05-04 15:29:50,1683228590,19.5,27.0,99000,1.00,3.00,5.00,6.00,0.0278,0
2023-05-04 15:34:53,1683228893,19.3,27.1,99000,2.00,7.00,11.0,13.0,0.0265,0
2023-05-04 15:39:55,1683229196,19.1,27.5,99000,1.00,3.00,5.00,6.00,0.0265,0
2023-05-04 15:44:58,1683229499,19.2,28.0,99000,1e-7,3.00,5.00,6.00,0.0213,0
2023-05-04 15:49:41,1683229781,19.2,27.6,99000,1.00,5.00,8.00,9.00,0.0178,0
2023-05-04 15:54:44,1683230084,19.0,28.2,99000,1.00,6.00,10.0,12.0,0.0137,0
2023-05-04 15:59:46,1683230387,18.7,28.5,99000,1.00,5.00,9.00,11.0,0.0137,0
2023-05-04 16:04:49,1683230690,18.8,29.3,99000,1e-7,3.00,5.00,6.00,0.0219,0
2023-05-04 16:09:52,1683230992,19.7,28.3,99000,1.00,3.00,5.00,6.00,0.0182,0
2023-05-04 16:14:54,1683231294,21.1,26.3,99000,2.00,6.00,9.00,11.0,0.0136,0
2023-05-04 16:19:55,1683231596,22.6,24.0,99000,2.00,5.00,8.00,9.00,0.0120,0
2023-05-04 16:24:57,1683231897,22.1,23.6,99000,2.00,7.00,11.0,13.0,0.0144,0
2023-05-04 16:29:59,1683232199,21.1,24.8,99000,1.00,3.00,5.00,6.00,0.0393,0
2023-05-04 16:34:41,1683232481,20.2,25.5,99000,1e-7,3.00,5.00,6.00,0.0380,0
2023-05-04 16:39:43,1683232784,19.6,25.9,99000,1.00,3.00,5.00,6.00,0.0118,0
2023-05-04 16:44:46,1683233087,19.3,26.1,99000,1.00,3.00,5.00,6.00,0.0146,0
2023-05-04 16:49:49,1683233389,19.3,26.6,99000,1.00,3.00,5.00,6.00,0.0146,0
2023-05-04 16:54:51,1683233691,20.6,25.1,99000,1.00,3.00,5.00,6.00,0.0158,0
2023-05-04 16:59:52,1683233993,22.6,22.1,99000,1e-7,3.00,5.00,6.00,0.0107,0
2023-05-04 17:04:53,1683234293,23.9,20.5,99000,1.00,3.00,5.00,6.00,0.0109,0
2023-05-04 17:09:54,1683234594,23.7,20.0,99000,1.00,5.00,8.00,9.00,0.0217,0
2023-05-04 17:14:55,1683234896,22.4,21.4,99000,1.00,6.00,9.00,11.0,0.0202,0
2023-05-04 17:19:57,1683235197,21.6,22.7,99033,1e-7,2.00,4.00,4.00,0.0149,0
2023-05-04 17:24:59,1683235499,20.9,23.5,99100,1.00,3.00,4.00,5.00,0.0269,0
2023-05-04 17:29:41,1683235781,20.1,24.6,99100,1.00,4.00,7.00,9.00,0.0150,0
2023-05-04 17:34:44,1683236084,19.3,25.8,99100,1e-7,3.00,5.00,6.00,0.0151,0
2023-05-04 17:39:47,1683236387,18.7,26.5,99100,1e-7,3.00,5.00,6.00,0.0107,0
2023-05-04 17:44:50,1683236690,18.2,27.0,99100,1e-7,2.00,4.00,4.00,0.0146,0
2023-05-04 17:49:53,1683236994,18.1,27.6,99100,1.00,3.00,4.00,5.00,0.0133,0
2023-05-04 17:54:56,1683237297,18.3,27.5,99100,1.00,3.00,5.00,6.00,0.0122,0
2023-05-04 17:59:39,1683237580,18.4,27.4,99100,1.00,3.00,5.00,6.00,0.0127,0
2023-05-04 18:04:43,1683237883,18.2,27.5,99100,2.00,4.00,6.00,7.00,0.0105,0
2023-05-04 18:09:46,1683238187,17.9,27.7,99100,1e-7,3.00,5.00,6.00,0.0111,0
2023-05-04 18:14:49,1683238490,17.6,28.4,99100,1e-7,3.00,5.00,6.00,0.0115,0
2023-05-04 18:19:53,1683238793,17.2,28.4,99100,1.00,2.00,4.00,5.00,0.0235,0
2023-05-04 18:24:57,1683239097,17.0,29.0,99147,1e-7,2.00,3.00,4.00,0.0235,0
2023-05-04 18:29:40,1683239381,16.8,29.4,99200,2.00,6.00,9.00,10.0,0.0123,0
2023-05-04 18:34:44,1683239685,16.7,29.8,99200,2.00,7.00,11.0,13.0,0.0259,0
2023-05-04 18:39:48,1683239989,16.8,29.8,99200,1.00,6.00,10.0,12.0,0.0281,0
2023-05-04 18:44:52,1683240293,16.7,29.7,99200,1e-7,3.00,5.00,6.00,0.0139,0
2023-05-04 18:49:56,1683240597,16.5,29.7,99200,1.00,4.00,7.00,9.00,0.0243,0
2023-05-04 18:54:40,1683240881,16.3,30.1,99200,2.00,2.00,2.00,2.00,0.0189,0
2023-05-04 18:59:44,1683241185,16.2,30.4,99200,1.00,5.00,8.00,9.00,0.0201,0
2023-05-04 19:04:48,1683241489,16.1,30.6,99200,3.00,11.0,18.0,21.0,0.0311,0
2023-05-04 19:09:53,1683241793,16.1,30.5,99200,1e-7,3.00,5.00,6.00,0.0370,0
2023-05-04 19:14:57,1683242097,15.9,30.9,99200,1e-7,1e-7,1e-7,1e-7,0.0370,0
2023-05-04 19:19:41,1683242381,15.7,31.0,99200,1e-7,3.00,5.00,6.00,0.0280,0
2023-05-04 19:24:45,1683242685,15.7,31.3,99200,1e-7,3.00,5.00,6.00,0.0162,0
2023-05-04 19:29:49,1683242990,15.5,31.5,99200,1.00,3.00,5.00,6.00,0.0146,0
2023-05-04 19:34:54,1683243294,15.4,31.6,99227,2.00,3.00,5.00,5.00,0.0132,0
2023-05-04 19:39:59,1683243599,15.2,31.8,99300,1e-7,3.00,5.00,6.00,0.0119,0
2023-05-04 19:44:43,1683243883,15.0,32.1,99300,1e-7,3.00,5.00,6.00,0.0106,0
2023-05-04 19:49:48,1683244188,14.8,32.3,99300,1.00,1.00,1.00,1.00,0.0106,0
2023-05-04 19:54:53,1683244493,14.6,32.6,99300,1e-7,3.00,5.00,6.00,0.0114,0
2023-05-04 19:59:57,1683244798,14.3,32.6,99300,1.00,3.00,4.00,5.00,0.0111,0
2023-05-04 20:04:42,1683245083,14.0,33.3,99300,2.00,8.00,13.0,15.0,0.0168,0
2023-05-04 20:09:47,1683245388,13.7,33.8,99300,2.00,9.00,14.0,17.0,0.0321,0
2023-05-04 20:14:52,1683245693,13.5,34.1,99300,1e-7,1e-7,1e-7,1e-7,0.0351,0
2023-05-04 20:19:57,1683245998,13.2,34.5,99300,1.00,3.00,4.00,5.00,0.0445,0
2023-05-04 20:24:42,1683246283,13.1,35.0,99300,1e-7,2.00,4.00,4.00,0.0130,0
2023-05-04 20:29:48,1683246589,12.9,35.5,99300,1e-7,3.00,5.00,6.00,0.0102,0
2023-05-04 20:34:54,1683246894,12.8,35.9,99300,1.00,1.00,1.00,1.00,0.0111,0
2023-05-04 20:40:00,1683247200,12.6,36.1,99300,2.00,5.00,7.00,8.00,0.0118,0
2023-05-04 20:44:45,1683247485,12.4,36.1,99300,1e-7,3.00,5.00,6.00,0.0172,0
2023-05-04 20:49:50,1683247791,12.4,36.6,99300,1e-7,3.00,5.00,6.00,0.0172,0
2023-05-04 20:54:56,1683248097,12.3,36.9,99300,1.00,3.00,5.00,6.00,0.0139,0
2023-05-04 20:59:42,1683248382,12.1,37.1,99300,1e-7,3.00,5.00,6.00,0.0136,0
2023-05-04 21:04:47,1683248688,12.0,37.5,99300,1.00,5.00,8.00,10.0,0.0194,0
2023-05-04 21:09:53,1683248994,11.9,37.5,99300,1e-7,3.00,5.00,6.00,0.0194,0
2023-05-04 21:14:59,1683249300,11.7,38.1,99393,1.00,3.00,5.00,6.00,0.0146,0
2023-05-04 21:19:45,1683249585,11.5,38.8,99400,1e-7,3.00,4.00,5.00,0.0113,0
2023-05-04 21:24:51,1683249891,11.4,38.8,99400,1.00,4.00,7.00,9.00,0.0114,0
2023-05-04 21:29:57,1683250197,11.4,39.1,99400,1e-7,2.00,4.00,4.00,0.0149,0
2023-05-04 21:34:42,1683250483,11.3,39.4,99400,1.00,3.00,5.00,6.00,0.0127,0
2023-05-04 21:39:49,1683250789,11.3,39.7,99400,1.00,3.00,5.00,6.00,0.0121,0
2023-05-04 21:44:55,1683251095,11.2,39.9,99400,2.00,3.00,5.00,6.00,0.0108,0
2023-05-04 21:49:41,1683251381,11.1,40.0,99400,1e-7,3.00,5.00,6.00,0.0107,0
2023-05-04 21:54:47,1683251687,11.2,40.2,99400,1.00,3.00,5.00,6.00,0.0121,0
2023-05-04 21:59:53,1683251994,11.3,40.2,99400,1e-7,3.00,5.00,6.00,0.0137,0
2023-05-04 22:04:59,1683252300,11.4,39.9,99400,1e-7,3.00,5.00,6.00,0.0114,0
2023-05-04 22:09:45,1683252586,11.5,40.3,99400,1.00,3.00,5.00,6.00,0.0132,0
2023-05-04 22:14:50,1683252891,11.6,39.8,99400,1e-7,1e-7,1e-7,1e-7,0.0132,0
2023-05-04 22:19:56,1683253197,11.7,39.4,99400,1e-7,1e-7,1e-7,1e-7,0.0129,0
2023-05-04 22:24:42,1683253482,11.8,39.3,99400,1e-7,3.00,4.00,5.00,0.0107,0
2023-05-04 22:29:48,1683253788,11.8,39.2,99400,1e-7,3.00,5.00,6.00,0.0101,0
2023-05-04 22:34:54,1683254094,11.8,39.1,99400,1e-7,2.00,4.00,4.00,0.0102,0
2023-05-04 22:39:40,1683254380,11.9,39.4,99400,1.00,3.00,5.00,6.00,0.0107,0
2023-05-04 22:44:46,1683254686,11.9,39.6,99400,2.00,3.00,5.00,6.00,0.0132,0
2023-05-04 22:49:52,1683254992,11.9,39.4,99400,1e-7,1e-7,1e-7,1e-7,0.0132,0
2023-05-04 22:54:57,1683255298,11.9,39.4,99400,1e-7,3.00,5.00,6.00,0.0134,0
2023-05-04 22:59:43,1683255584,12.0,39.9,99400,1e-7,2.00,4.00,4.00,0.0149,0
2023-05-04 23:04:49,1683255890,11.9,39.6,99400,1e-7,3.00,5.00,6.00,0.0146,0
2023-05-04 23:09:55,1683256196,12.0,39.7,99400,1e-7,2.00,4.00,4.00,0.0115,0
2023-05-04 23:14:41,1683256481,12.0,40.3,99400,1e-7,3.00,5.00,6.00,0.0103,0
2023-05-04 23:19:46,1683256787,12.0,40.2,99400,1.00,5.00,9.00,11.0,0.0207,0
2023-05-04 23:24:52,1683257093,11.9,40.6,99400,2.00,3.00,4.00,5.00,0.0189,0
2023-05-04 23:29:58,1683257399,11.9,41.0,99433,1e-7,3.00,5.00,6.00,0.0162,0
2023-05-04 23:34:44,1683257685,11.8,40.7,99400,2.00,3.00,5.00,6.00,0.0117,0
2023-05-04 23:39:50,1683257991,11.8,40.9,99473,1e-7,3.00,5.00,6.00,0.0112,0
2023-05-04 23:44:56,1683258297,11.7,41.3,99473,1.00,3.00,5.00,6.00,0.0112,0
2023-05-04 23:49:42,1683258582,11.6,41.6,99500,1.00,6.00,10.0,12.0,0.0360,0
2023-05-04 23:54:48,1683258888,11.6,42.0,99500,1e-7,1.00,2.00,2.00,0.0406,0
2023-05-04 23:59:54,1683259195,11.5,42.2,99500,1.00,3.00,5.00,6.00,0.0406,0
2023-05-05 00:04:40,1683259480,11.4,42.4,99500,1e-7,2.00,4.00,5.00,0.0113,0
2023-05-05 00:09:46,1683259787,11.4,42.5,99500,1.00,5.00,9.00,11.0,0.0175,0
2023-05-05 00:14:53,1683260093,11.3,42.6,99500,1e-7,2.00,4.00,4.00,0.0140,0
2023-05-05 00:19:59,1683260399,11.2,42.9,99500,1e-7,3.00,5.00,6.00,0.0132,0
2023-05-05 00:24:45,1683260685,11.1,43.1,99500,2.00,7.00,12.0,14.0,0.0183,0
2023-05-05 00:29:51,1683260992,11.0,43.5,99500,2.00,9.00,14.0,17.0,0.0529,0
2023-05-05 00:34:57,1683261298,11.0,43.6,99500,1.00,2.00,4.00,4.00,0.0438,0
2023-05-05 00:39:43,1683261584,10.8,43.1,99500,1.00,6.00,9.00,11.0,0.0354,0
2023-05-05 00:44:49,1683261890,10.6,43.5,99500,1e-7,3.00,5.00,6.00,0.0198,0
2023-05-05 00:49:56,1683262196,10.3,43.5,99500,1.00,3.00,5.00,6.00,0.0201,0
2023-05-05 00:54:42,1683262482,10.0,43.6,99500,1.00,9.00,15.0,18.0,0.0269,0
2023-05-05 00:59:49,1683262789,9.79,44.2,99500,1e-7,3.00,5.00,6.00,0.0160,0
2023-05-05 01:04:55,1683263096,9.55,44.5,99500,1e-7,2.00,4.00,4.00,0.0229,0
2023-05-05 01:09:42,1683263382,9.38,44.5,99500,1e-7,3.00,5.00,6.00,0.0151,0
2023-05-05 01:14:49,1683263689,9.26,44.8,99500,1e-7,3.00,5.00,6.00,0.0107,0
2023-05-05 01:19:56,1683263996,9.12,44.9,99500,1e-7,3.00,5.00,6.00,0.0105,0
2023-05-05 01:24:42,1683264283,8.98,45.2,99500,1e-7,2.00,4.00,4.00,0.0118,0
2023-05-05 01:29:49,1683264590,8.84,45.1,99500,1e-7,1e-7,1e-7,1e-7,0.0118,0
2023-05-05 01:34:57,1683264897,8.65,45.5,99500,1e-7,3.00,5.00,6.00,0.0118,0
2023-05-05 01:39:43,1683265184,8.46,45.7,99500,1e-7,3.00,5.00,6.00,0.0118,0
2023-05-05 01:44:50,1683265491,8.28,45.5,99500,1e-7,3.00,5.00,6.00,0.0133,0
2023-05-05 01:49:58,1683265798,8.15,46.2,99500,1e-7,2.00,4.00,4.00,0.0133,0
2023-05-05 01:54:44,1683266085,8.06,46.5,99571,1.00,5.00,8.00,9.00,0.0149,0
2023-05-05 01:59:52,1683266392,8.00,46.9,99600,1.00,3.00,5.00,6.00,0.0210,0
2023-05-05 02:04:59,1683266699,7.94,47.1,99600,1e-7,3.00,5.00,6.00,0.0236,0
2023-05-05 02:09:46,1683266986,7.87,47.1,99600,1.00,2.00,2.00,3.00,0.0171,0
2023-05-05 02:14:53,1683267294,7.79,47.1,99600,2.00,8.00,13.0,16.0,0.0182,0
2023-05-05 02:19:41,1683267581,7.70,47.1,99600,1e-7,3.00,5.00,6.00,0.0328,0
2023-05-05 02:24:48,1683267888,7.57,47.5,99600,1e-7,3.00,5.00,6.00,0.0328,0
2023-05-05 02:29:56,1683268196,7.49,47.7,99600,2.00,3.00,5.00,6.00,0.0324,0
2023-05-05 02:34:43,1683268483,7.45,47.9,99600,1e-7,3.00,5.00,6.00,0.0111,0
2023-05-05 02:39:50,1683268791,7.41,47.8,99600,1e-7,1.00,2.00,2.00,0.0102,0
2023-05-05 02:44:58,1683269098,7.37,48.0,99600,1.00,6.00,10.0,12.0,0.0106,0
2023-05-05 02:49:45,1683269385,7.35,48.5,99600,1e-7,1e-7,1e-7,1e-7,0.0149,0
2023-05-05 02:54:52,1683269693,7.38,48.1,99600,1e-7,3.00,5.00,6.00,0.0130,0
2023-05-05 02:59:39,1683269980,7.37,48.2,99600,1.00,5.00,8.00,9.00,0.0130,0
2023-05-05 03:04:47,1683270287,7.36,48.6,99600,1.00,2.00,4.00,4.00,0.0175,0
2023-05-05 03:09:55,1683270595,7.35,49.2,99600,1.00,6.00,11.0,13.0,0.0175,0
2023-05-05 03:14:42,1683270882,7.33,48.4,99600,1e-7,3.00,5.00,6.00,0.0183,0
2023-05-05 03:19:49,1683271190,7.27,48.5,99600,1e-7,3.00,5.00,6.00,0.0110,0
2023-05-05 03:24:57,1683271498,7.21,48.5,99600,1e-7,3.00,5.00,6.00,0.0127,0
2023-05-05 03:29:44,1683271785,7.15,48.7,99600,1.00,3.00,5.00,6.00,0.0164,0
2023-05-05 03:34:52,1683272093,7.09,48.8,99600,1.00,5.00,8.00,9.00,0.0176,0
2023-05-05 03:39:40,1683272380,7.06,48.8,99600,1e-7,3.00,5.00,6.00,0.0162,0
2023-05-05 03:44:47,1683272688,7.00,48.9,99600,1e-7,3.00,5.00,6.00,0.0154,0
2023-05-05 03:49:55,1683272996,7.00,49.1,99600,2.00,6.00,10.0,12.0,0.0190,0
2023-05-05 03:54:43,1683273283,6.98,49.4,99600,1.00,3.00,5.00,6.00,0.0189,0
2023-05-05 03:59:50,1683273591,6.96,49.3,99600,2.00,4.00,7.00,9.00,0.0217,0
2023-05-05 04:04:58,1683273899,6.97,49.6,99600,1e-7,3.00,5.00,6.00,0.0192,0
2023-05-05 04:09:45,1683274186,6.97,49.6,99600,1.00,4.00,7.00,9.00,0.0146,0
2023-05-05 04:14:52,1683274493,6.98,49.8,99600,1.00,3.00,5.00,6.00,0.0192,0
2023-05-05 04:19:39,1683274780,7.00,49.7,99600,1.00,3.00,5.00,6.00,0.0151,0
2023-05-05 04:24:47,1683275088,7.03,49.9,99600,3.00,6.00,10.0,12.0,0.0139,0
2023-05-05 04:29:55,1683275395,7.09,50.0,99600,1.00,6.00,9.00,11.0,0.00998,0
2023-05-05 04:34:42,1683275682,7.16,49.9,99600,1e-7,3.00,5.00,6.00,0.0136,0
2023-05-05 04:39:50,1683275990,7.21,49.7,99600,2.00,4.00,7.00,8.00,0.0189,0
2023-05-05 04:44:57,1683276298,7.24,49.7,99600,1e-7,2.00,4.00,4.00,0.0160,0
2023-05-05 04:49:44,1683276585,7.25,49.6,99600,1e-7,3.00,5.00,6.00,0.0153,0
2023-05-05 04:54:52,1683276893,7.29,49.9,99600,21.0,25.0,27.0,28.0,0.280,0
2023-05-05 04:59:39,1683277180,7.34,49.9,99621,1.00,6.00,10.0,12.0,0.317,0
2023-05-05 05:04:47,1683277488,7.44,50.1,99673,1e-7,1e-7,1e-7,1e-7,0.342,0
2023-05-05 05:09:55,1683277795,7.53,49.9,99647,1.00,3.00,5.00,6.00,0.342,0
2023-05-05 05:14:42,1683278082,7.63,50.1,99686,2.00,9.00,15.0,18.0,0.0362,0
2023-05-05 05:19:49,1683278390,7.73,50.3,99700,1e-7,2.00,4.00,4.00,0.0429,0
2023-05-05 05:24:57,1683278697,7.79,49.7,99700,1e-7,3.00,4.00,5.00,0.0347,0
2023-05-05 05:29:43,1683278984,7.86,49.6,99700,1e-7,3.00,5.00,6.00,0.0279,0
2023-05-05 05:34:51,1683279291,7.89,49.7,99700,2.00,6.00,10.0,11.0,0.0208,0
2023-05-05 05:39:58,1683279599,7.96,49.8,99700,1e-7,3.00,5.00,6.00,0.0208,0
2023-05-05 05:44:45,1683279886,8.03,49.6,99700,1.00,2.00,2.00,3.00,0.0154,0
2023-05-05 05:49:52,1683280193,8.08,49.7,99700,1.00,6.00,10.0,12.0,0.0131,0
2023-05-05 05:54:39,1683280480,8.14,49.9,99700,1.00,3.00,5.00,6.00,0.0168,0
2023-05-05 05:59:46,1683280787,8.24,50.1,99700,2.00,6.00,10.0,12.0,0.0686,0
2023-05-05 06:04:53,1683281094,8.35,49.7,99700,2.00,7.00,11.0,13.0,0.0686,0
2023-05-05 06:09:40,1683281380,8.49,49.9,99700,1.00,6.00,10.0,12.0,0.0195,0
2023-05-05 06:14:47,1683281687,8.73,49.9,99700,3.00,5.00,6.00,7.00,0.0195,0
2023-05-05 06:19:53,1683281994,9.01,49.5,99700,2.00,3.00,5.00,6.00,0.0327,0
2023-05-05 06:24:40,1683282280,9.30,49.4,99700,2.00,3.00,4.00,5.00,0.0434,0
2023-05-05 06:29:46,1683282587,9.64,49.2,99700,1.00,5.00,8.00,9.00,0.0244,0
2023-05-05 06:34:53,1683282893,9.96,48.9,99700,1.00,5.00,9.00,11.0,0.0244,0
2023-05-05 06:39:59,1683283199,10.2,48.2,99700,1e-7,1e-7,1e-7,1e-7,0.0185,0
2023-05-05 06:44:45,1683283485,10.3,47.8,99700,1.00,6.00,9.00,11.0,0.0496,0
2023-05-05 06:49:51,1683283792,10.5,47.6,99700,1.00,3.00,5.00,6.00,0.0280,0
2023-05-05 06:54:57,1683284098,10.7,47.8,99700,2.00,2.00,4.00,4.00,0.0168,0
2023-05-05 06:59:43,1683284383,11.0,47.1,99700,1.00,3.00,5.00,6.00,0.0138,0
2023-05-05 07:04:49,1683284689,11.3,46.5,99700,1e-7,2.00,4.00,4.00,0.00995,0
2023-05-05 07:09:54,1683284995,11.5,45.7,99793,1.00,3.00,5.00,6.00,0.0107,0
2023-05-05 07:14:40,1683285280,11.8,45.4,99800,1e-7,3.00,5.00,6.00,0.0116,0
2023-05-05 07:19:45,1683285586,12.1,45.0,99800,1e-7,3.00,5.00,6.00,0.0125,0
2023-05-05 07:24:50,1683285891,12.4,44.6,99793,1e-7,3.00,5.00,6.00,0.0137,0
2023-05-05 07:29:56,1683286196,12.7,43.6,99800,1.00,6.00,10.0,11.0,0.0146,0
2023-05-05 07:34:41,1683286481,13.0,43.1,99800,1.00,6.00,10.0,12.0,0.0293,0
2023-05-05 07:39:46,1683286787,13.3,42.2,99800,1e-7,3.00,5.00,6.00,0.0293,0
2023-05-05 07:44:51,1683287091,13.6,41.4,99800,2.00,4.00,7.00,9.00,0.0325,0
2023-05-05 07:49:56,1683287396,13.8,40.4,99800,1e-7,2.00,3.00,4.00,0.0150,0
2023-05-05 07:54:40,1683287681,14.0,40.2,99800,1.00,4.00,7.00,9.00,0.0179,0
2023-05-05 07:59:45,1683287986,14.1,40.0,99800,2.00,5.00,8.00,9.00,0.0356,0
2023-05-05 08:04:50,1683288291,14.2,39.7,99800,1.00,6.00,9.00,11.0,0.0167,0
2023-05-05 08:06:10,1683288371,14.3,39.9,99800,1.00,1.00,1.00,1.00,0.0167,0
2023-05-05 08:44:08,1683290649,17.9,33.6,99800,1.00,2.00,4.00,4.00,,
2023-05-05 08:59:51,1683291592,18.9,32.4,99800,1e-7,2.00,4.00,4.00,,
2023-05-05 09:04:53,1683291894,19.2,31.8,99800,1.00,5.00,8.00,9.00,,
2023-05-05 09:09:55,1683292196,19.5,31.2,99800,1.00,4.00,6.00,8.00,0.00930,0
2023-05-05 09:14:57,1683292498,19.8,30.6,99800,1e-7,3.00,5.00,6.00,0.00970,0
2023-05-05 09:19:59,1683292800,20.0,29.7,99800,1.00,2.00,4.00,4.00,0.0217,0
2023-05-05 09:24:41,1683293081,20.1,29.1,99800,1e-7,3.00,5.00,6.00,0.0217,0
2023-05-05 09:28:42,1683293323,20.1,28.9,99800,1e-7,3.00,5.00,6.00,0.0165,0
2023-05-05 09:44:55,1683294296,19.9,27.4,99800,1e-7,1e-7,1e-7,1e-7,0.0165,0
2023-05-05 09:49:57,1683294598,19.7,27.4,99800,1e-7,1.00,2.00,2.00,,
2023-05-05 09:54:40,1683294880,19.4,27.3,99800,4.00,14.0,22.0,26.0,,
2023-05-05 09:59:42,1683295183,19.4,27.6,99800,1.00,6.00,9.00,11.0,0.170,0
2023-05-05 10:04:45,1683295485,19.7,27.3,99800,6.00,8.00,8.00,10.0,0.121,0
2023-05-05 10:09:47,1683295788,20.1,26.5,99773,1.00,4.00,7.00,9.00,0.0567,0
2023-05-05 10:14:50,1683296090,20.3,26.4,99707,2.00,3.00,5.00,6.00,0.0356,0
2023-05-05 10:19:52,1683296392,20.5,25.7,99707,1e-7,3.00,5.00,6.00,0.0147,0
2023-05-05 10:20:52,1683296453,20.6,25.7,99733,1e-7,1e-7,1e-7,1e-7,0.0105,0
2023-05-05 10:34:56,1683297297,21.6,24.5,99700,2.00,5.00,7.00,8.00,0.0125,0
2023-05-05 10:39:58,1683297598,21.9,23.8,99700,2.00,10.0,16.0,19.0,0.0789,0
2023-05-05 10:44:59,1683297900,22.2,23.8,99700,1e-7,3.00,5.00,6.00,0.0934,0
2023-05-05 10:49:40,1683298181,22.6,23.5,99700,2.00,3.00,5.00,6.00,0.0948,0
2023-05-05 10:54:42,1683298482,22.9,23.7,99700,1e-7,3.00,5.00,6.00,0.0279,0
2023-05-05 10:59:43,1683298783,23.0,23.5,99700,1e-7,3.00,5.00,6.00,0.0153,0
2023-05-05 11:04:44,1683299084,23.3,22.7,99700,2.00,5.00,7.00,8.00,0.0245,0
2023-05-05 11:09:45,1683299385,23.4,22.0,99700,5.00,18.0,29.0,34.0,0.0711,0
2023-05-05 11:14:46,1683299686,23.3,22.3,99700,1.00,5.00,9.00,11.0,0.151,0
2023-05-05 11:19:47,1683299987,23.2,22.4,99700,1.00,3.00,5.00,6.00,0.189,0
2023-05-05 11:24:57,1683300297,23.4,22.0,99700,1e-7,3.00,5.00,6.00,0.136,0
2023-05-05 11:29:58,1683300598,23.1,21.3,99700,1.00,3.00,5.00,6.00,0.0174,0
2023-05-05 11:34:59,1683300899,22.6,22.3,99700,1.00,3.00,4.00,5.00,0.0115,0
2023-05-05 11:39:40,1683301181,22.2,22.5,99700,2.00,11.0,18.0,22.0,0.0117,0
2023-05-05 11:44:42,1683301482,22.3,22.4,99700,1e-7,3.00,5.00,6.00,0.0227,0
2023-05-05 11:49:43,1683301783,22.3,22.4,99700,1.00,3.00,5.00,6.00,0.0227,0
2023-05-05 11:54:44,1683302085,22.4,22.7,99607,2.00,12.0,19.0,23.0,0.0222,0
2023-05-05 11:59:45,1683302386,22.9,22.1,99600,1.00,3.00,5.00,6.00,0.0278,0
2023-05-05 12:04:46,1683302687,22.9,21.5,99600,1e-7,3.00,5.00,6.00,0.0257,0
2023-05-05 12:09:47,1683302988,23.2,21.7,99600,2.00,10.0,17.0,20.0,0.0467,0
2023-05-05 12:14:48,1683303289,23.6,21.6,99600,1.00,2.00,4.00,5.00,0.0485,0
2023-05-05 12:19:49,1683303589,23.6,21.6,99600,1e-7,3.00,5.00,6.00,0.0665,0
2023-05-05 12:24:50,1683303890,23.2,20.8,99600,1e-7,3.00,5.00,6.00,0.0404,0
2023-05-05 12:29:51,1683304192,22.4,20.9,99600,1.00,5.00,9.00,11.0,0.0120,0
2023-05-05 12:34:54,1683304494,21.9,22.2,99600,1.00,3.00,5.00,6.00,0.0202,0
2023-05-05 12:39:55,1683304796,21.8,22.4,99600,2.00,2.00,2.00,3.00,0.0236,2.80
2023-05-05 12:44:57,1683305097,21.8,22.3,99600,1.00,6.00,10.0,12.0,0.0147,2.80
2023-05-05 12:49:59,1683305399,22.0,22.4,99600,1e-7,3.00,5.00,6.00,0.0254,0
2023-05-05 12:54:40,1683305680,22.6,22.1,99600,1.00,3.00,4.00,5.00,0.0283,0
2023-05-05 12:59:40,1683305981,23.5,21.5,99600,1.00,3.00,5.00,6.00,0.0134,0
2023-05-05 13:04:41,1683306282,24.2,20.3,99600,1.00,3.00,4.00,5.00,0.0115,0
2023-05-05 13:09:41,1683306582,24.3,20.3,99600,1e-7,3.00,5.00,6.00,0.0123,0
2023-05-05 13:14:42,1683306883,24.2,20.1,99600,1.00,3.00,5.00,6.00,0.0106,0
2023-05-05 13:19:43,1683307183,24.2,20.0,99600,1.00,8.00,14.0,17.0,0.0215,0
2023-05-05 13:24:43,1683307484,24.6,20.1,99600,1.00,3.00,5.00,6.00,0.0222,0
2023-05-05 13:29:43,1683307783,25.6,18.5,99600,2.00,5.00,9.00,11.0,0.0222,0
2023-05-05 13:34:43,1683308083,25.8,18.4,99600,1.00,3.00,5.00,6.00,0.0162,0
2023-05-05 13:39:43,1683308383,25.5,18.7,99600,2.00,7.00,11.0,13.0,0.0192,0
2023-05-05 13:44:43,1683308683,25.5,18.5,99600,1.00,3.00,5.00,6.00,0.0181,0
2023-05-05 13:49:43,1683308983,25.6,18.0,99600,1.00,4.00,7.00,9.00,0.0181,0
2023-05-05 13:54:43,1683309283,25.5,18.1,99593,1.00,2.00,4.00,4.00,0.0188,0
2023-05-05 13:59:43,1683309583,25.2,18.1,99547,9.00,41.0,67.0,79.0,0.144,0
2023-05-05 14:04:43,1683309883,24.9,18.5,99580,2.00,8.00,13.0,15.0,0.241,0
2023-05-05 14:09:43,1683310184,24.8,18.4,99600,1.00,6.00,10.0,12.0,0.137,0
2023-05-05 14:14:44,1683310484,24.5,18.8,99527,1.00,3.00,5.00,6.00,0.108,0
2023-05-05 14:19:44,1683310785,24.2,19.0,99500,1.00,3.00,4.00,5.00,0.0366,0
2023-05-05 14:24:45,1683311085,24.0,18.7,99500,2.00,3.00,5.00,6.00,0.0371,0
2023-05-05 14:29:45,1683311386,24.8,18.3,99500,1.00,6.00,10.0,12.0,0.0416,0
2023-05-05 14:34:44,1683311684,26.7,16.4,99500,1.00,2.00,4.00,4.00,0.0444,0
2023-05-05 14:39:43,1683311984,27.4,15.6,99500,1.00,3.00,5.00,6.00,0.0444,0
2023-05-05 14:44:42,1683312283,27.2,15.3,99500,2.00,2.00,4.00,5.00,0.0197,0
2023-05-05 14:49:02,1683312543,26.6,15.5,99500,2.00,4.00,7.00,9.00,0.0154,0
2023-05-05 14:59:43,1683313184,25.6,16.0,99500,1e-7,3.00,5.00,6.00,0.0198,0
2023-05-05 15:04:44,1683313484,25.8,15.6,99500,1e-7,3.00,5.00,6.00,0.0198,2.18
2023-05-05 15:09:43,1683313784,26.8,15.1,99500,1.00,3.00,5.00,6.00,0.0216,1.96
2023-05-05 15:14:42,1683314083,28.5,12.8,99440,1e-7,3.00,5.00,6.00,0.0140,4.99
2023-05-05 15:19:40,1683314381,30.2,11.6,99400,1.00,3.00,5.00,6.00,0.0147,5.04
2023-05-05 15:24:58,1683314699,30.8,11.1,99400,1.00,6.00,10.0,12.0,0.0363,0
2023-05-05 15:29:56,1683314997,29.5,11.1,99427,1.00,3.00,4.00,5.00,0.0393,0
2023-05-05 15:34:55,1683315296,28.7,11.8,99400,1.00,4.00,7.00,9.00,0.0393,0
2023-05-05 15:39:54,1683315594,28.4,12.6,99400,4.00,10.0,15.0,18.0,0.0203,0
2023-05-05 15:44:52,1683315893,29.5,11.7,99400,1e-7,3.00,5.00,6.00,0.0272,0
2023-05-05 15:49:50,1683316190,31.4,10.8,99400,2.00,3.00,5.00,6.00,0.0305,0
2023-05-05 15:54:47,1683316488,31.5,9.71,99400,1e-7,3.00,5.00,6.00,0.0343,0
2023-05-05 15:59:45,1683316786,29.7,10.8,99400,2.00,5.00,9.00,11.0,0.0137,0
2023-05-05 16:04:44,1683317085,28.5,12.3,99400,1.00,5.00,8.00,9.00,0.0208,0
2023-05-05 16:09:43,1683317384,28.6,12.4,99400,1.00,3.00,4.00,5.00,0.0153,0
2023-05-05 16:14:41,1683317682,30.1,11.0,99400,2.00,2.00,4.00,4.00,0.0136,0
2023-05-05 16:19:59,1683317999,31.6,9.61,99400,1.00,3.00,5.00,6.00,0.0140,0
2023-05-05 16:24:56,1683318296,31.9,9.26,99400,1e-7,3.00,5.00,6.00,0.0140,0
2023-05-05 16:29:54,1683318594,30.5,9.80,99400,1.00,5.00,8.00,9.00,0.0154,0
2023-05-05 16:34:52,1683318892,30.1,10.3,99400,1e-7,3.00,5.00,6.00,0.0224,0
2023-05-05 16:39:50,1683319191,29.7,10.8,99400,1.00,4.00,7.00,8.00,0.0124,0
2023-05-05 16:44:48,1683319489,30.6,11.2,99400,1.00,5.00,9.00,11.0,0.0103,0
2023-05-05 16:49:46,1683319787,30.8,10.2,99400,1.00,3.00,5.00,6.00,0.0199,0
2023-05-05 16:54:45,1683320085,29.1,10.6,99400,1.00,4.00,7.00,8.00,0.0268,0
2023-05-05 16:59:44,1683320385,27.5,11.6,99400,2.00,3.00,4.00,5.00,0.0166,0
2023-05-05 17:04:44,1683320685,26.2,12.7,99400,1e-7,2.00,4.00,4.00,0.0187,0
2023-05-05 17:09:45,1683320985,25.3,13.3,99400,1.00,3.00,5.00,6.00,0.0187,0
2023-05-05 17:14:45,1683321285,25.3,14.2,99400,2.00,3.00,5.00,6.00,0.0181,0
2023-05-05 17:19:44,1683321585,26.2,14.3,99400,1.00,6.00,9.00,11.0,0.0127,0
2023-05-05 17:24:44,1683321884,28.3,13.0,99400,1.00,3.00,5.00,6.00,0.0151,0
2023-05-05 17:29:42,1683322182,30.4,10.9,99400,1e-7,3.00,5.00,6.00,0.0269,0
2023-05-05 17:34:40,1683322481,30.6,10.3,99400,1.00,3.00,5.00,6.00,0.0241,0
2023-05-05 17:39:59,1683322800,28.6,11.0,99400,1.00,5.00,9.00,11.0,0.0241,0
2023-05-05 17:44:58,1683323099,27.8,11.9,99400,1.00,3.00,4.00,5.00,0.0119,0
2023-05-05 17:49:57,1683323398,28.3,11.9,99400,2.00,7.00,11.0,13.0,0.0143,0
2023-05-05 17:54:56,1683323697,29.0,11.4,99400,1.00,3.00,5.00,6.00,0.0259,0
2023-05-05 17:59:54,1683323995,29.4,11.3,99400,2.00,4.00,7.00,8.00,0.0187,0
2023-05-05 18:04:53,1683324294,29.3,11.3,99400,1.00,2.00,3.00,4.00,0.0254,0
2023-05-05 18:09:52,1683324592,29.0,11.4,99400,1.00,3.00,5.00,6.00,0.0166,0
2023-05-05 18:14:50,1683324891,28.6,11.7,99400,2.00,6.00,9.00,11.0,0.0108,0
2023-05-05 18:19:50,1683325190,27.9,11.7,99400,1.00,3.00,5.00,6.00,0.0118,0
2023-05-05 18:24:49,1683325490,26.4,12.5,99400,1e-7,3.00,5.00,6.00,0.0142,0
2023-05-05 18:29:49,1683325790,25.9,13.3,99400,2.00,2.00,4.00,5.00,0.0233,0.921
2023-05-05 18:34:49,1683326090,25.9,13.5,99400,1.00,5.00,8.00,10.0,0.0179,0.921
2023-05-05 18:39:50,1683326390,25.5,13.6,99400,1.00,3.00,4.00,4.00,0.0180,0
2023-05-05 18:44:50,1683326690,25.3,14.0,99400,2.00,4.00,7.00,9.00,0.0239,0
2023-05-05 18:49:50,1683326991,25.4,14.1,99400,1e-7,3.00,5.00,6.00,0.0167,0
2023-05-05 18:54:51,1683327291,25.4,14.2,99400,2.00,6.00,10.0,12.0,0.0161,0
2023-05-05 18:59:51,1683327592,25.8,14.1,99400,1e-7,3.00,5.00,6.00,0.0223,0
2023-05-05 19:04:51,1683327892,25.7,13.9,99400,2.00,11.0,19.0,23.0,0.0254,0
2023-05-05 19:09:52,1683328192,25.5,14.1,99400,1.00,4.00,7.00,9.00,0.0260,0
2023-05-05 19:14:52,1683328493,24.8,14.2,99400,1.00,2.00,4.00,4.00,0.0347,0
2023-05-05 19:19:53,1683328794,23.6,15.1,99400,1e-7,3.00,5.00,6.00,0.0431,0
2023-05-05 19:24:55,1683329095,22.7,16.3,99400,1.00,3.00,5.00,6.00,0.0146,0
2023-05-05 19:29:57,1683329397,22.0,16.7,99400,2.00,5.00,7.00,8.00,0.0122,0
2023-05-05 19:34:59,1683329699,21.4,17.3,99400,1.00,3.00,5.00,6.00,0.0205,0
2023-05-05 19:39:41,1683329981,21.0,17.7,99400,2.00,6.00,10.0,12.0,0.0203,0
2023-05-05 19:44:43,1683330284,20.7,18.5,99400,1e-7,3.00,5.00,6.00,0.0286,0
2023-05-05 19:49:46,1683330586,20.3,18.9,99400,1e-7,3.00,5.00,6.00,0.0300,0
2023-05-05 19:54:48,1683330889,19.8,19.4,99400,2.00,7.00,10.0,12.0,0.0359,0
2023-05-05 19:59:51,1683331191,19.4,19.7,99400,2.00,5.00,8.00,9.00,0.0159,0
2023-05-05 20:04:54,1683331494,19.2,20.7,99400,1.00,6.00,10.0,12.0,0.0210,0
2023-05-05 20:09:57,1683331797,18.8,21.3,99400,1e-7,3.00,5.00,6.00,0.0204,0
2023-05-05 20:14:40,1683332080,18.4,21.8,99400,1.00,2.00,4.00,5.00,0.0205,0
2023-05-05 20:19:44,1683332384,18.0,22.6,99400,1e-7,2.00,4.00,5.00,0.0273,0
2023-05-05 20:24:47,1683332687,17.6,23.3,99400,1.00,3.00,5.00,6.00,0.0118,0
2023-05-05 20:29:51,1683332991,17.2,23.7,99400,2.00,3.00,5.00,6.00,0.0132,0
2023-05-05 20:34:54,1683333295,16.8,24.2,99400,1e-7,3.00,5.00,6.00,0.0193,0
2023-05-05 20:39:58,1683333599,16.5,25.0,99400,1.00,3.00,5.00,6.00,0.0149,0
2023-05-05 20:44:42,1683333882,16.2,25.4,99400,1e-7,3.00,5.00,6.00,0.0125,0
2023-05-05 20:49:46,1683334187,15.9,25.9,99400,1e-7,1.00,2.00,2.00,0.0156,0
2023-05-05 20:54:50,1683334491,15.6,26.6,99400,1e-7,1e-7,1e-7,1e-7,0.0158,0
2023-05-05 20:59:54,1683334794,15.4,26.9,99400,2.00,6.00,10.0,12.0,0.0350,0
2023-05-05 21:04:59,1683335099,15.2,27.6,99400,1e-7,2.00,4.00,5.00,0.0419,0
2023-05-05 21:09:43,1683335383,15.0,27.7,99400,1e-7,1.00,1.00,1.00,0.0326,0
2023-05-05 21:14:47,1683335688,14.9,28.1,99400,1.00,5.00,8.00,9.00,0.0363,0
2023-05-05 21:19:52,1683335993,14.7,28.8,99400,1.00,3.00,5.00,6.00,0.0452,0
2023-05-05 21:24:57,1683336297,14.5,29.1,99400,1e-7,3.00,5.00,6.00,0.0329,0
2023-05-05 21:29:41,1683336582,14.3,29.4,99400,1e-7,3.00,5.00,6.00,0.0148,0
2023-05-05 21:34:46,1683336887,14.2,31.1,99400,2.00,12.0,19.0,23.0,0.0252,0
2023-05-05 21:39:51,1683337192,14.0,31.6,99400,1e-7,3.00,4.00,5.00,0.0341,0
2023-05-05 21:44:56,1683337497,14.0,31.1,99400,1.00,6.00,9.00,11.0,0.0352,0
2023-05-05 21:49:41,1683337781,13.9,32.4,99400,1.00,2.00,3.00,4.00,0.0352,0
2023-05-05 21:54:46,1683338086,13.8,32.0,99400,1.00,3.00,5.00,6.00,0.0350,0
2023-05-05 21:59:51,1683338391,13.7,32.0,99400,1.00,3.00,5.00,6.00,0.0232,0
2023-05-05 22:04:56,1683338697,13.7,32.4,99400,2.00,4.00,6.00,7.00,0.0232,0
2023-05-05 22:09:41,1683338981,13.5,32.6,99400,1.00,2.00,2.00,3.00,0.0236,0
2023-05-05 22:14:46,1683339287,13.3,32.9,99400,1.00,3.00,5.00,6.00,0.0365,0
2023-05-05 22:19:52,1683339593,13.1,33.1,99400,2.00,7.00,10.0,12.0,0.0368,0
2023-05-05 22:24:57,1683339898,12.9,33.4,99400,1.00,5.00,9.00,11.0,0.0419,0
2023-05-05 22:29:42,1683340183,12.8,33.9,99400,1.00,5.00,8.00,9.00,0.0267,0
2023-05-05 22:34:48,1683340488,12.6,34.3,99400,2.00,3.00,5.00,6.00,0.0267,0
2023-05-05 22:39:53,1683340794,12.4,34.7,99400,2.00,5.00,7.00,8.00,0.0161,0
2023-05-05 22:44:59,1683341099,12.3,35.3,99400,3.00,11.0,18.0,21.0,0.0246,0
2023-05-05 22:49:44,1683341385,12.1,35.9,99400,1.00,3.00,5.00,6.00,0.0162,0
2023-05-05 22:54:50,1683341691,11.9,36.3,99400,1e-7,3.00,5.00,6.00,0.0149,0
2023-05-05 22:59:56,1683341997,11.7,36.6,99400,2.00,3.00,5.00,6.00,0.0111,0
2023-05-05 23:04:42,1683342282,11.6,36.9,99400,1.00,4.00,7.00,9.00,0.0104,0
2023-05-05 23:09:48,1683342589,11.4,37.6,99400,2.00,3.00,4.00,5.00,0.0151,0
2023-05-05 23:14:54,1683342895,11.3,37.5,99400,1.00,2.00,4.00,5.00,0.0232,0
2023-05-05 23:19:40,1683343180,11.2,37.7,99400,1.00,5.00,8.00,9.00,0.0232,0
2023-05-05 23:24:46,1683343486,11.0,37.9,99400,1.00,3.00,5.00,6.00,0.0227,0
2023-05-05 23:29:52,1683343792,10.9,38.2,99400,1.00,3.00,5.00,6.00,0.0227,0
2023-05-05 23:34:58,1683344099,10.8,38.6,99400,1e-7,3.00,5.00,6.00,0.0170,0
2023-05-05 23:39:44,1683344384,10.7,38.9,99400,2.00,7.00,11.0,13.0,0.0194,0
2023-05-05 23:44:50,1683344691,10.5,39.2,99400,1.00,4.00,6.00,7.00,0.0171,0
2023-05-05 23:49:57,1683344997,10.4,39.5,99400,1.00,6.00,9.00,11.0,0.0183,0
2023-05-05 23:54:43,1683345283,10.3,39.6,99400,2.00,5.00,8.00,9.00,0.0183,0
2023-05-05 23:59:49,1683345590,10.1,40.0,99400,2.00,3.00,5.00,6.00,0.0122,0
2023-05-06 00:04:56,1683345896,10.0,40.0,99400,2.00,4.00,7.00,8.00,0.0125,0
2023-05-06 00:09:42,1683346182,9.99,40.3,99400,1.00,3.00,5.00,6.00,0.0196,0
2023-05-06 00:14:48,1683346489,9.90,40.4,99400,2.00,5.00,8.00,9.00,0.0196,0
2023-05-06 00:19:55,1683346796,9.78,40.8,99400,1e-7,2.00,4.00,4.00,0.0135,0
2023-05-06 00:24:41,1683347082,9.66,41.1,99400,2.00,8.00,13.0,15.0,0.0359,0
2023-05-06 00:29:48,1683347389,9.52,41.3,99400,2.00,4.00,6.00,7.00,0.0373,0
2023-05-06 00:34:55,1683347695,9.36,41.6,99400,1.00,3.00,5.00,6.00,0.0318,0
2023-05-06 00:39:41,1683347982,9.27,42.1,99400,2.00,5.00,8.00,9.00,0.0215,0
2023-05-06 00:44:48,1683348288,9.19,42.5,99400,3.00,12.0,19.0,23.0,0.0242,0
2023-05-06 00:49:55,1683348595,9.15,42.5,99400,1.00,3.00,4.00,5.00,0.0213,0
2023-05-06 00:54:41,1683348882,9.10,42.6,99400,1.00,3.00,5.00,6.00,0.0553,0
2023-05-06 00:59:47,1683349188,9.02,42.5,99400,1.00,6.00,10.0,12.0,0.0484,0
2023-05-06 01:04:54,1683349495,8.91,42.8,99400,1.00,5.00,8.00,9.00,0.0313,0
2023-05-06 01:09:41,1683349781,8.85,42.9,99400,1.00,4.00,6.00,7.00,0.0355,0
2023-05-06 01:14:48,1683350088,8.81,43.1,99400,1.00,4.00,7.00,8.00,0.0220,0
2023-05-06 01:19:55,1683350395,8.79,43.3,99400,1.00,5.00,8.00,9.00,0.0201,0.881
2023-05-06 01:24:41,1683350682,8.79,43.5,99400,2.00,3.00,5.00,6.00,0.0201,0.795
2023-05-06 01:29:48,1683350989,8.81,43.4,99400,1.00,5.00,8.00,10.0,0.0207,0
2023-05-06 01:34:55,1683351296,8.82,43.3,99400,1.00,2.00,4.00,4.00,0.0258,0
2023-05-06 01:39:42,1683351582,8.82,43.2,99400,1.00,2.00,4.00,4.00,0.0258,0
2023-05-06 01:44:49,1683351889,8.84,43.4,99400,1.00,4.00,7.00,9.00,0.0285,0
2023-05-06 01:49:55,1683352196,8.85,43.3,99400,2.00,3.00,5.00,6.00,0.0250,0
2023-05-06 01:54:42,1683352483,8.86,43.3,99400,1e-7,3.00,5.00,6.00,0.0121,0
2023-05-06 01:59:49,1683352789,8.85,43.0,99400,4.00,4.00,5.00,6.00,0.0161,0
2023-05-06 02:04:56,1683353096,8.89,43.0,99400,2.00,4.00,6.00,7.00,0.0230,0
2023-05-06 02:09:42,1683353383,8.88,42.8,99400,1e-7,3.00,5.00,6.00,0.0248,0
2023-05-06 02:14:49,1683353690,8.86,43.0,99400,2.00,4.00,7.00,9.00,0.0248,0
2023-05-06 02:19:56,1683353997,8.84,43.1,99360,1.00,6.00,9.00,11.0,0.0376,0
2023-05-06 02:24:43,1683354283,8.83,43.5,99300,2.00,3.00,5.00,6.00,0.0240,0
2023-05-06 02:29:50,1683354590,8.82,43.4,99300,1.00,3.00,5.00,6.00,0.0250,0
2023-05-06 02:34:57,1683354897,8.82,43.0,99300,2.00,3.00,4.00,5.00,0.0250,0
2023-05-06 02:39:43,1683355184,8.94,43.2,99300,1e-7,3.00,5.00,6.00,0.0102,0
2023-05-06 02:44:50,1683355490,9.06,42.9,99360,1.00,3.00,5.00,6.00,0.0102,0
2023-05-06 02:49:57,1683355797,9.19,43.2,99380,1e-7,2.00,4.00,4.00,0.0124,0
2023-05-06 02:54:43,1683356083,9.28,42.7,99371,1.00,4.00,7.00,9.00,0.0126,0
2023-05-06 02:59:50,1683356390,9.40,42.8,99380,1e-7,3.00,5.00,6.00,0.0136,0
2023-05-06 03:04:56,1683356697,9.63,42.8,99393,1.00,4.00,6.00,7.00,0.0136,0
2023-05-06 03:09:43,1683356983,9.76,42.3,99386,2.00,7.00,11.0,13.0,0.0311,0
2023-05-06 03:14:49,1683357290,9.72,42.1,99307,1.00,4.00,7.00,9.00,0.0179,0
2023-05-06 03:19:56,1683357597,9.64,42.3,99313,2.00,7.00,11.0,13.0,0.0191,0
2023-05-06 03:24:42,1683357883,9.62,42.6,99300,1.00,3.00,4.00,5.00,0.0195,0
2023-05-06 03:29:49,1683358190,9.75,43.0,99300,2.00,6.00,9.00,11.0,0.0195,0
2023-05-06 03:34:56,1683358496,10.00,42.7,99300,1.00,2.00,4.00,4.00,0.0268,0
2023-05-06 03:39:42,1683358782,10.2,42.4,99300,1.00,3.00,5.00,6.00,0.0202,0
2023-05-06 03:44:48,1683359089,10.4,42.0,99300,1.00,5.00,8.00,10.0,0.0277,0
2023-05-06 03:49:55,1683359395,10.6,41.2,99300,1.00,3.00,5.00,6.00,0.0277,0
2023-05-06 03:54:41,1683359681,10.8,40.8,99300,1.00,2.00,4.00,4.00,0.0343,0
2023-05-06 03:59:47,1683359987,10.8,40.7,99300,1.00,4.00,7.00,8.00,0.0203,0
2023-05-06 04:04:53,1683360294,10.7,40.6,99300,2.00,3.00,5.00,6.00,0.0159,0
2023-05-06 04:09:39,1683360580,10.6,40.4,99300,2.00,5.00,8.00,9.00,0.0200,0
2023-05-06 04:14:46,1683360886,10.5,40.5,99300,1.00,3.00,5.00,6.00,0.0159,0
2023-05-06 04:19:52,1683361192,10.5,40.7,99300,1.00,5.00,8.00,9.00,0.0109,0
2023-05-06 04:24:58,1683361499,10.3,40.7,99300,1.00,5.00,9.00,11.0,0.0120,0
2023-05-06 04:29:45,1683361785,10.1,40.8,99300,2.00,7.00,11.0,14.0,0.0120,0
2023-05-06 04:34:51,1683362092,9.93,41.0,99300,2.00,9.00,15.0,18.0,0.0474,0
2023-05-06 04:39:58,1683362398,9.76,41.0,99313,2.00,11.0,18.0,22.0,0.0447,0
2023-05-06 04:44:44,1683362685,9.63,41.1,99364,1.00,4.00,7.00,9.00,0.0130,0
2023-05-06 04:49:51,1683362991,9.54,41.4,99320,4.00,6.00,8.00,9.00,0.0564,0
2023-05-06 04:54:58,1683363298,9.41,41.3,99333,1.00,3.00,5.00,6.00,0.0471,0
2023-05-06 04:59:43,1683363584,9.35,41.3,99393,1.00,6.00,10.0,12.0,0.0163,0
2023-05-06 05:04:50,1683363891,9.27,41.6,99400,1.00,6.00,10.0,12.0,0.0143,0
2023-05-06 05:09:57,1683364197,9.10,41.7,99400,2.00,4.00,7.00,9.00,0.0263,0
2023-05-06 05:14:43,1683364484,8.96,41.9,99400,2.00,5.00,8.00,10.0,0.0388,0
2023-05-06 05:19:50,1683364791,8.86,42.4,99400,1.00,5.00,9.00,11.0,0.0440,0
2023-05-06 05:24:57,1683365098,8.75,42.8,99400,2.00,5.00,8.00,9.00,0.0221,0
2023-05-06 05:29:44,1683365384,8.66,43.3,99400,1.00,3.00,5.00,6.00,0.0361,0
2023-05-06 05:34:50,1683365691,8.58,43.9,99400,1.00,3.00,5.00,6.00,0.0426,0
2023-05-06 05:39:57,1683365998,8.57,43.9,99400,1.00,5.00,8.00,10.0,0.0164,0
2023-05-06 05:44:44,1683366284,8.63,44.0,99400,1.00,3.00,4.00,5.00,0.0264,0
2023-05-06 05:49:51,1683366591,8.74,43.9,99400,1.00,6.00,10.0,12.0,0.0264,0
2023-05-06 05:54:58,1683366898,8.90,43.8,99400,2.00,8.00,13.0,16.0,0.0414,0
2023-05-06 05:59:44,1683367185,9.05,43.7,99400,1.00,3.00,5.00,6.00,0.0277,0
2023-05-06 06:04:51,1683367491,9.22,43.8,99400,2.00,3.00,5.00,6.00,0.0191,0
2023-05-06 06:09:58,1683367798,9.35,44.1,99400,2.00,4.00,5.00,6.00,0.0126,0
2023-05-06 06:14:44,1683368084,9.42,44.1,99400,1.00,3.00,4.00,5.00,0.0128,0
2023-05-06 06:19:51,1683368391,9.53,44.1,99400,2.00,4.00,5.00,6.00,0.0164,0
2023-05-06 06:24:57,1683368698,9.64,44.4,99400,1.00,4.00,6.00,7.00,0.0165,0
2023-05-06 06:29:43,1683368984,9.78,44.4,99400,1.00,3.00,5.00,6.00,0.0162,0
2023-05-06 06:34:50,1683369290,9.93,44.5,99400,1.00,4.00,7.00,9.00,0.0122,0
2023-05-06 06:39:56,1683369597,10.2,44.5,99400,2.00,4.00,5.00,6.00,0.0101,0
2023-05-06 06:44:42,1683369882,10.5,44.3,99400,2.00,3.00,5.00,6.00,0.0164,0
2023-05-06 06:49:48,1683370188,10.8,44.5,99400,2.00,5.00,9.00,11.0,0.0145,0
2023-05-06 06:54:54,1683370494,11.3,44.0,99400,2.00,5.00,8.00,9.00,0.0219,0
2023-05-06 06:59:40,1683370780,11.7,43.3,99400,1.00,3.00,5.00,6.00,0.0219,0
2023-05-06 07:04:45,1683371086,12.1,42.2,99400,1.00,5.00,8.00,9.00,0.0199,0
2023-05-06 07:09:51,1683371391,12.6,41.9,99400,1.00,4.00,7.00,8.00,0.0112,0
2023-05-06 07:14:15,1683371656,13.0,41.2,99400,2.00,7.00,12.0,14.0,0.0221,0
2023-05-06 07:19:46,1683371986,13.7,38.8,99400,2.00,7.00,11.0,13.0,0.0292,0
2023-05-06 07:20:47,1683372047,14.2,38.1,99400,1e-7,1.00,2.00,2.00,0.0153,0
2023-05-06 07:34:41,1683372882,16.1,34.1,99400,1.00,2.00,3.00,4.00,0.0208,0
2023-05-06 07:38:24,1683373104,16.7,33.0,99400,2.00,7.00,11.0,13.0,0.0296,0
2023-05-06 07:54:49,1683374090,18.9,27.8,99400,1.00,2.00,4.00,4.00,0.0296,0
2023-05-06 07:57:31,1683374251,19.1,28.1,99400,1.00,3.00,4.00,5.00,0.0110,0
2023-05-06 09:10:46,1683378646,23.6,19.6,99300,1.00,1.00,2.00,2.00,,
2023-05-06 09:58:55,1683381536,24.4,18.0,99300,1.00,3.00,5.00,6.00,,
2023-05-06 10:09:41,1683382182,24.6,17.3,99200,1e-7,1e-7,1e-7,1e-7,,
2023-05-06 10:14:42,1683382482,24.7,17.1,99200,2.00,3.00,5.00,6.00,,
2023-05-06 10:19:42,1683382782,25.0,17.5,99200,1e-7,3.00,5.00,6.00,,
2023-05-06 10:24:42,1683383083,25.3,16.1,99200,1.00,2.00,4.00,5.00,0.0118,0
2023-05-06 10:29:43,1683383383,25.4,16.4,99200,2.00,3.00,5.00,6.00,0.0152,0
2023-05-06 10:34:43,1683383683,25.4,16.0,99200,3.00,3.00,5.00,6.00,0.0155,0
2023-05-06 10:39:43,1683383984,25.6,16.5,99200,1.00,6.00,10.0,12.0,0.0284,0
2023-05-06 10:44:44,1683384284,25.8,15.6,99200,2.00,3.00,4.00,5.00,0.0294,0
2023-05-06 10:49:44,1683384584,25.8,15.4,99200,1.00,3.00,4.00,5.00,0.0530,0
2023-05-06 10:54:44,1683384884,25.7,15.5,99200,2.00,3.00,5.00,6.00,0.0282,0
2023-05-06 10:59:44,1683385185,25.8,15.6,99200,2.00,3.00,3.00,3.00,0.0120,0
2023-05-06 11:04:45,1683385485,25.8,15.1,99200,1.00,1.00,2.00,2.00,0.0163,0
2023-05-06 11:09:45,1683385785,25.9,15.4,99200,2.00,3.00,5.00,6.00,0.0145,0
2023-05-06 11:14:45,1683386085,25.8,15.1,99200,1.00,2.00,3.00,4.00,0.0120,0
2023-05-06 11:19:45,1683386385,26.0,15.0,99200,2.00,2.00,4.00,5.00,0.0103,0
2023-05-06 11:22:25,1683386545,26.3,14.1,99200,1.00,3.00,4.00,5.00,0.0109,0
2023-05-06 11:29:45,1683386985,26.6,13.9,99100,1e-7,2.00,4.00,5.00,0.0109,0
2023-05-06 11:34:44,1683387285,26.8,14.1,99100,1.00,3.00,5.00,6.00,0.0140,0
2023-05-06 11:39:44,1683387585,26.9,12.9,99113,2.00,3.00,5.00,6.00,0.0140,0
2023-05-06 11:44:44,1683387885,27.0,13.3,99113,2.00,4.00,5.00,6.00,0.0124,0
2023-05-06 11:49:44,1683388185,27.1,13.7,99100,2.00,5.00,8.00,9.00,0.0123,0
2023-05-06 11:54:44,1683388485,27.3,13.6,99100,2.00,6.00,10.0,12.0,0.0423,0
2023-05-06 11:57:04,1683388625,27.3,13.1,99100,1e-7,2.00,4.00,5.00,0.0158,0
2023-05-06 12:14:52,1683389693,27.5,11.6,99100,5.00,15.0,22.0,26.0,0.0204,0
2023-05-06 12:19:52,1683389992,27.4,12.2,99100,1.00,3.00,5.00,6.00,0.0436,0
2023-05-06 12:24:50,1683390291,27.2,12.2,99100,1.00,5.00,9.00,10.0,0.0436,0
2023-05-06 12:29:49,1683390590,27.4,12.8,99100,2.00,10.0,16.0,19.0,0.0174,0
2023-05-06 12:34:48,1683390889,27.8,12.2,99100,4.00,13.0,20.0,23.0,0.0833,0
2023-05-06 12:39:47,1683391188,28.1,12.1,99100,2.00,3.00,5.00,6.00,0.0409,0
2023-05-06 12:44:46,1683391487,28.3,12.1,99100,2.00,3.00,5.00,6.00,0.0598,0
2023-05-06 12:49:45,1683391785,28.6,12.4,99100,1.00,5.00,8.00,10.0,0.0493,0
2023-05-06 12:54:43,1683392083,28.9,11.0,99100,2.00,5.00,6.00,7.00,0.0306,0
2023-05-06 12:59:41,1683392382,28.7,11.3,99100,1.00,6.00,10.0,12.0,0.0215,0
2023-05-06 13:04:40,1683392680,28.9,11.6,99100,1.00,4.00,7.00,9.00,0.0244,0
2023-05-06 13:09:58,1683392999,29.1,11.0,99100,2.00,9.00,14.0,17.0,0.0234,0
2023-05-06 13:14:56,1683393297,29.4,11.1,99100,1e-7,3.00,4.00,5.00,0.0263,0
2023-05-06 13:19:55,1683393595,29.6,10.6,99100,2.00,5.00,8.00,9.00,0.0317,0
2023-05-06 13:24:53,1683393893,29.7,10.6,99087,2.00,4.00,6.00,7.00,0.0134,0
2023-05-06 13:29:51,1683394191,29.9,10.7,99013,1.00,2.00,4.00,4.00,0.0118,0
2023-05-06 13:34:49,1683394489,30.0,10.2,99080,1.00,4.00,7.00,9.00,0.0138,0
2023-05-06 13:39:47,1683394787,30.3,10.6,99000,2.00,9.00,15.0,18.0,0.0368,0
2023-05-06 13:44:44,1683395085,30.5,10.7,99000,1.00,4.00,7.00,9.00,0.0406,0
2023-05-06 13:49:42,1683395382,31.0,10.7,99000,1.00,5.00,8.00,9.00,0.0233,0
2023-05-06 13:54:59,1683395699,31.6,9.57,99000,2.00,3.00,5.00,6.00,0.0123,0
2023-05-06 13:59:56,1683395997,31.4,9.44,99000,2.00,8.00,14.0,16.0,0.0217,0
2023-05-06 14:04:54,1683396294,31.7,10.0,99000,1.00,3.00,5.00,6.00,0.0538,0
2023-05-06 14:09:52,1683396592,31.9,9.24,99000,3.00,9.00,14.0,16.0,0.0375,0
2023-05-06 14:14:49,1683396890,31.6,9.54,99000,1.00,5.00,9.00,11.0,0.0510,0
2023-05-06 14:19:47,1683397187,31.9,9.09,99000,2.00,7.00,11.0,13.0,0.0404,0
2023-05-06 14:24:51,1683397492,32.0,9.18,99000,1e-7,3.00,5.00,6.00,0.0322,0
2023-05-06 14:29:48,1683397789,32.9,8.90,99000,1.00,2.00,4.00,5.00,0.0281,0
2023-05-06 14:34:45,1683398086,33.2,8.68,99000,2.00,2.00,4.00,5.00,0.0116,0
2023-05-06 14:39:42,1683398383,33.3,8.06,99000,2.00,4.00,6.00,7.00,0.0131,0
2023-05-06 14:44:58,1683398699,33.6,7.87,99000,1.00,3.00,5.00,6.00,0.00970,0
2023-05-06 14:49:55,1683398995,33.8,7.41,99000,1.00,2.00,4.00,4.00,0.0131,0
2023-05-06 14:54:52,1683399292,33.3,8.01,99000,2.00,5.00,8.00,10.0,0.0174,0
2023-05-06 14:59:48,1683399589,33.7,7.91,98953,2.00,5.00,8.00,9.00,0.0178,0
2023-05-06 15:04:45,1683399885,34.4,7.22,98900,1e-7,3.00,5.00,6.00,0.0108,0
2023-05-06 15:09:41,1683400181,34.5,7.08,98900,2.00,4.00,7.00,9.00,0.0110,0
2023-05-06 15:14:57,1683400497,34.9,6.87,98900,1.00,1.00,2.00,2.00,0.0198,0
2023-05-06 15:19:53,1683400793,34.8,6.63,98900,1.00,1.00,2.00,2.00,0.0282,0
2023-05-06 15:24:49,1683401089,35.1,6.73,98900,2.00,4.00,6.00,7.00,0.0203,0
2023-05-06 15:29:45,1683401385,35.2,5.97,98900,2.00,3.00,5.00,5.00,0.0187,0
2023-05-06 15:34:41,1683401682,33.9,6.65,98900,2.00,2.00,4.00,4.00,0.0133,0
2023-05-06 15:39:58,1683401999,33.4,7.44,98900,1.00,5.00,9.00,11.0,0.0132,0
2023-05-06 15:44:55,1683402295,34.1,7.43,98900,2.00,3.00,5.00,6.00,0.0132,0
2023-05-06 15:49:51,1683402592,34.7,6.16,98900,2.00,4.00,4.00,5.00,0.0121,0
2023-05-06 15:54:47,1683402888,34.6,6.65,98900,1.00,3.00,5.00,6.00,0.0156,0
2023-05-06 15:59:44,1683403184,34.3,6.31,98900,2.00,7.00,12.0,14.0,0.0124,0
2023-05-06 16:04:40,1683403481,33.7,6.93,98900,4.00,12.0,18.0,21.0,0.121,0
2023-05-06 16:09:56,1683403796,34.4,7.04,98900,1.00,3.00,5.00,6.00,0.138,0
2023-05-06 16:14:52,1683404093,34.8,6.67,98900,2.00,5.00,9.00,10.0,0.121,0
2023-05-06 16:19:48,1683404389,35.7,5.92,98900,2.00,6.00,9.00,11.0,0.0153,0
2023-05-06 16:24:44,1683404684,35.8,5.83,98900,1.00,4.00,7.00,9.00,0.0135,0
2023-05-06 16:29:40,1683404980,35.4,6.32,98900,14.0,48.0,77.0,91.0,0.198,0
2023-05-06 16:34:56,1683405296,35.9,6.05,98900,1.00,3.00,5.00,6.00,0.218,0
2023-05-06 16:39:51,1683405592,36.5,5.57,98873,3.00,3.00,5.00,7.00,0.223,0
2023-05-06 16:44:47,1683405887,36.9,5.25,98800,1.00,2.00,4.00,5.00,0.218,0
2023-05-06 16:49:42,1683406183,36.8,5.18,98807,1.00,3.00,5.00,6.00,0.0168,0
2023-05-06 16:54:58,1683406498,37.0,5.20,98800,5.00,15.0,23.0,27.0,0.0775,0
2023-05-06 16:59:53,1683406793,37.1,5.11,98800,1.00,3.00,5.00,6.00,0.122,0
2023-05-06 17:04:48,1683407089,37.3,5.08,98800,1.00,4.00,7.00,9.00,0.101,0
2023-05-06 17:09:44,1683407385,36.4,5.23,98800,1.00,3.00,4.00,5.00,0.101,0
2023-05-06 17:14:41,1683407681,34.2,6.20,98800,2.00,3.00,5.00,6.00,0.0220,0
2023-05-06 17:19:58,1683407999,32.4,6.89,98800,1.00,5.00,9.00,11.0,0.0366,1.16
2023-05-06 17:24:56,1683408296,32.1,7.19,98800,1.00,3.00,5.00,6.00,0.0285,4.70
2023-05-06 17:29:53,1683408594,32.5,7.22,98800,1.00,3.00,5.00,6.00,0.0255,0
2023-05-06 17:34:50,1683408891,33.3,6.91,98800,3.00,6.00,10.0,12.0,0.0160,0
2023-05-06 17:39:47,1683409188,33.3,6.99,98800,2.00,4.00,5.00,6.00,0.0170,0
2023-05-06 17:44:44,1683409485,33.9,6.59,98800,2.00,5.00,8.00,9.00,0.0147,0
2023-05-06 17:49:41,1683409781,34.2,6.29,98800,8.00,20.0,29.0,34.0,0.0904,0
2023-05-06 17:54:57,1683410098,34.3,6.23,98800,1.00,6.00,10.0,12.0,0.109,0
2023-05-06 17:59:54,1683410394,34.0,6.56,98800,1.00,6.00,10.0,12.0,0.151,0
2023-05-06 18:04:51,1683410691,33.7,6.82,98800,2.00,7.00,11.0,13.0,0.0312,0
2023-05-06 18:09:48,1683410989,33.1,7.05,98800,12.0,40.0,62.0,73.0,0.635,0
2023-05-06 18:14:46,1683411286,32.6,7.31,98800,2.00,5.00,9.00,11.0,0.688,0
2023-05-06 18:19:43,1683411584,32.0,7.86,98800,1e-7,2.00,4.00,5.00,0.746,0
2023-05-06 18:24:41,1683411882,31.9,7.78,98800,2.00,7.00,12.0,14.0,0.746,0
2023-05-06 18:29:59,1683412200,31.5,7.95,98800,3.00,5.00,6.00,6.00,0.0156,0
2023-05-06 18:34:57,1683412498,30.7,8.32,98800,1e-7,3.00,5.00,6.00,0.0199,0
2023-05-06 18:39:56,1683412796,30.0,8.51,98800,1.00,3.00,5.00,6.00,0.0166,0
2023-05-06 18:44:55,1683413095,29.8,9.06,98800,1.00,3.00,4.00,5.00,0.0120,0
2023-05-06 18:49:54,1683413394,29.7,9.04,98800,2.00,3.00,5.00,6.00,0.0102,0
2023-05-06 18:54:53,1683413693,29.1,9.23,98800,1.00,3.00,4.00,5.00,0.0104,0
2023-05-06 18:59:52,1683413992,28.8,9.87,98800,2.00,4.00,7.00,9.00,0.0145,0
2023-05-06 19:04:51,1683414291,29.0,9.94,98800,1.00,3.00,5.00,6.00,0.0145,0
2023-05-06 19:09:50,1683414591,28.6,10.1,98800,2.00,3.00,5.00,6.00,0.0120,0
2023-05-06 19:14:50,1683414891,28.1,10.1,98800,2.00,4.00,7.00,8.00,0.0117,0
2023-05-06 19:19:50,1683415191,27.2,10.7,98800,2.00,3.00,5.00,6.00,0.0138,0
2023-05-06 19:24:51,1683415491,26.5,11.3,98800,3.00,3.00,4.00,5.00,0.0140,0
2023-05-06 19:29:51,1683415791,25.9,12.1,98800,1.00,3.00,5.00,6.00,0.0135,0
2023-05-06 19:34:51,1683416092,25.4,12.4,98800,2.00,4.00,6.00,7.00,0.0124,0
2023-05-06 19:39:52,1683416393,24.9,12.8,98800,2.00,7.00,11.0,13.0,0.0304,0
2023-05-06 19:44:53,1683416694,24.5,13.3,98800,1.00,2.00,4.00,4.00,0.0430,0
2023-05-06 19:49:54,1683416995,24.2,13.7,98800,2.00,7.00,11.0,14.0,0.0356,0
2023-05-06 19:54:56,1683417297,23.9,14.2,98800,1.00,6.00,10.0,12.0,0.0463,0
2023-05-06 19:59:58,1683417598,23.5,15.2,98800,1.00,3.00,5.00,6.00,0.0316,0
2023-05-06 20:04:59,1683417900,23.0,15.8,98800,2.00,3.00,4.00,5.00,0.0297,0
2023-05-06 20:09:39,1683418180,22.6,16.1,98800,2.00,5.00,8.00,9.00,0.0275,0
2023-05-06 20:14:41,1683418482,22.2,16.9,98800,1.00,3.00,5.00,6.00,0.0147,0
2023-05-06 20:19:43,1683418784,21.7,17.1,98800,2.00,7.00,12.0,15.0,0.0165,0
2023-05-06 20:24:45,1683419086,21.3,17.7,98800,2.00,3.00,5.00,6.00,0.0332,0
2023-05-06 20:29:48,1683419388,20.9,18.1,98800,2.00,3.00,5.00,6.00,0.0215,0
2023-05-06 20:34:50,1683419691,20.6,18.8,98800,1.00,6.00,10.0,12.0,0.0157,0
2023-05-06 20:39:53,1683419994,20.2,19.3,98800,3.00,11.0,19.0,22.0,0.0175,0
2023-05-06 20:44:56,1683420296,19.9,19.8,98800,1.00,5.00,8.00,9.00,0.0308,0
2023-05-06 20:49:59,1683420599,19.6,20.3,98800,1.00,3.00,5.00,6.00,0.0320,0
2023-05-06 20:54:42,1683420882,19.3,20.6,98800,1.00,2.00,2.00,3.00,0.0320,0
2023-05-06 20:59:45,1683421185,19.1,20.8,98800,1e-7,3.00,5.00,6.00,0.0124,0
2023-05-06 21:04:48,1683421488,18.9,21.3,98800,1e-7,3.00,5.00,6.00,0.0118,0
2023-05-06 21:09:51,1683421792,18.7,21.4,98800,2.00,4.00,6.00,7.00,0.0109,0
2023-05-06 21:14:55,1683422096,18.5,21.9,98800,2.00,11.0,17.0,21.0,0.0463,0
2023-05-06 21:19:59,1683422399,18.2,22.3,98800,2.00,7.00,12.0,15.0,0.0463,0
2023-05-06 21:24:42,1683422682,18.0,22.7,98800,2.00,9.00,15.0,18.0,0.0554,0
2023-05-06 21:29:45,1683422986,17.8,23.2,98867,1.00,3.00,5.00,6.00,0.0417,0
2023-05-06 21:34:49,1683423290,17.7,23.5,98853,1.00,3.00,5.00,6.00,0.0196,0
2023-05-06 21:39:53,1683423593,17.5,23.7,98840,1.00,4.00,6.00,7.00,0.0134,0
2023-05-06 21:44:57,1683423897,17.3,24.1,98800,1.00,4.00,7.00,9.00,0.0154,0
2023-05-06 21:49:40,1683424181,17.1,25.6,98800,2.00,5.00,8.00,9.00,0.0216,0
2023-05-06 21:54:44,1683424485,16.9,26.2,98800,3.00,3.00,5.00,6.00,0.0128,0
2023-05-06 21:59:48,1683424789,16.8,25.8,98800,1.00,3.00,5.00,6.00,0.0124,0
2023-05-06 22:04:52,1683425093,16.7,26.6,98800,1.00,6.00,10.0,12.0,0.0102,0
2023-05-06 22:09:57,1683425397,16.6,28.1,98800,2.00,4.00,6.00,7.00,0.0195,0
2023-05-06 22:14:41,1683425681,16.5,28.5,98800,1.00,4.00,7.00,8.00,0.0140,0
2023-05-06 22:19:45,1683425986,16.3,29.0,98800,4.00,5.00,7.00,8.00,0.0132,0
2023-05-06 22:24:49,1683426290,16.2,29.2,98800,2.00,4.00,7.00,8.00,0.0109,0
2023-05-06 22:29:54,1683426594,16.1,28.6,98800,2.00,7.00,11.0,13.0,0.0156,0
2023-05-06 22:34:58,1683426898,16.0,28.6,98800,2.00,4.00,7.00,8.00,0.0292,0
2023-05-06 22:39:42,1683427182,15.9,29.0,98800,1.00,5.00,8.00,9.00,0.0190,0
2023-05-06 22:44:46,1683427487,15.9,28.7,98800,2.00,7.00,12.0,15.0,0.0265,0
2023-05-06 22:49:51,1683427791,15.8,28.6,98800,2.00,4.00,5.00,6.00,0.0432,0
2023-05-06 22:54:55,1683428095,15.8,28.2,98800,1.00,3.00,5.00,6.00,0.0453,0
2023-05-06 22:59:59,1683428400,15.8,28.1,98800,2.00,3.00,5.00,6.00,0.0225,0
2023-05-06 23:04:43,1683428684,15.7,28.7,98800,1e-7,3.00,5.00,6.00,0.0127,0
2023-05-06 23:09:48,1683428988,15.6,29.5,98800,1.00,4.00,7.00,9.00,0.0106,0
2023-05-06 23:14:53,1683429293,15.4,30.2,98800,1.00,3.00,5.00,6.00,0.0257,0
2023-05-06 23:19:57,1683429598,15.2,31.3,98800,1.00,3.00,5.00,6.00,0.0257,0
2023-05-06 23:24:42,1683429882,15.1,30.5,98800,1.00,3.00,5.00,6.00,0.0125,0
2023-05-06 23:29:46,1683430187,15.0,31.1,98800,1.00,6.00,9.00,11.0,0.0115,0
2023-05-06 23:34:51,1683430492,14.9,31.8,98800,2.00,5.00,7.00,8.00,0.0179,0
2023-05-06 23:39:56,1683430797,14.7,32.1,98800,1.00,3.00,5.00,6.00,0.0233,0
2023-05-06 23:44:41,1683431081,14.6,31.7,98800,1.00,3.00,5.00,6.00,0.0173,0
2023-05-06 23:49:46,1683431386,14.6,31.8,98800,1.00,3.00,5.00,6.00,0.0112,0
2023-05-06 23:54:51,1683431691,14.7,31.9,98800,1.00,3.00,4.00,5.00,0.0118,0
2023-05-06 23:59:56,1683431996,14.6,32.4,98800,1e-7,3.00,5.00,6.00,0.0123,0
2023-05-07 00:04:41,1683432281,14.5,32.7,98800,1.00,3.00,5.00,6.00,0.0164,0
2023-05-07 00:09:45,1683432586,14.4,33.1,98800,1.00,5.00,9.00,11.0,0.0118,0
2023-05-07 00:14:50,1683432891,14.3,33.2,98800,1.00,5.00,8.00,9.00,0.0159,0
2023-05-07 00:19:55,1683433196,14.2,33.0,98800,1.00,3.00,5.00,6.00,0.0185,0
2023-05-07 00:24:40,1683433480,14.2,33.0,98800,5.00,10.0,14.0,16.0,0.0185,0
2023-05-07 00:29:45,1683433785,14.1,33.4,98800,1.00,3.00,5.00,6.00,0.0271,0
2023-05-07 00:34:50,1683434090,14.1,33.3,98800,1.00,4.00,7.00,8.00,0.0195,0
2023-05-07 00:39:55,1683434395,14.1,33.7,98800,2.00,6.00,9.00,11.0,0.0326,0
2023-05-07 00:44:39,1683434680,14.3,32.9,98800,1.00,3.00,5.00,6.00,0.0326,0
2023-05-07 00:49:44,1683434985,14.7,31.2,98800,2.00,5.00,8.00,10.0,0.0190,0
2023-05-07 00:54:49,1683435290,15.1,30.3,98800,1.00,3.00,5.00,6.00,0.0107,0
2023-05-07 00:59:54,1683435595,15.6,28.8,98800,2.00,3.00,5.00,6.00,0.0162,0
2023-05-07 01:04:59,1683435899,16.1,27.8,98800,2.00,4.00,6.00,7.00,0.0125,0
2023-05-07 01:09:42,1683436183,16.5,27.1,98800,3.00,4.00,5.00,5.00,0.0119,0
2023-05-07 01:14:47,1683436487,16.7,26.4,98800,2.00,3.00,5.00,6.00,0.0119,0
2023-05-07 01:19:51,1683436791,16.9,26.1,98800,2.00,5.00,8.00,9.00,0.0241,0
2023-05-07 01:24:55,1683437096,17.1,25.7,98800,2.00,3.00,5.00,6.00,0.0235,0
2023-05-07 01:29:59,1683437400,17.1,25.5,98800,1e-7,3.00,5.00,6.00,0.0273,0
2023-05-07 01:34:43,1683437684,17.1,25.7,98800,1.00,3.00,5.00,6.00,0.0151,0
2023-05-07 01:39:47,1683437988,17.0,26.0,98800,1.00,5.00,8.00,10.0,0.0154,0
2023-05-07 01:44:52,1683438292,16.8,26.0,98800,1.00,3.00,5.00,6.00,0.0172,0
2023-05-07 01:49:56,1683438596,16.8,25.8,98800,2.00,4.00,6.00,6.00,0.0178,0
2023-05-07 01:54:40,1683438880,16.8,25.3,98800,2.00,4.00,6.00,7.00,0.0178,0
2023-05-07 01:59:44,1683439184,16.9,25.3,98800,3.00,7.00,11.0,12.0,0.0113,0
2023-05-07 02:04:48,1683439489,17.0,25.3,98800,2.00,8.00,13.0,16.0,0.0258,0
2023-05-07 02:09:52,1683439792,17.0,25.1,98800,2.00,5.00,9.00,10.0,0.0258,0
2023-05-07 02:14:56,1683440096,17.0,25.2,98800,2.00,6.00,10.0,12.0,0.0153,0
2023-05-07 02:19:40,1683440380,16.9,25.2,98800,2.00,3.00,5.00,6.00,0.0196,0
2023-05-07 02:24:44,1683440684,16.8,25.4,98800,2.00,8.00,14.0,17.0,0.0291,0
2023-05-07 02:29:48,1683440989,16.6,25.5,98800,2.00,3.00,4.00,4.00,0.0449,0
2023-05-07 02:34:52,1683441293,16.6,25.7,98800,2.00,7.00,11.0,13.0,0.0560,0
2023-05-07 02:39:57,1683441597,16.5,26.2,98800,2.00,4.00,7.00,8.00,0.0599,0
2023-05-07 02:44:41,1683441881,16.3,26.1,98800,1.00,6.00,10.0,12.0,0.0130,0
2023-05-07 02:49:45,1683442185,16.2,26.6,98800,2.00,3.00,5.00,6.00,0.0218,0
2023-05-07 02:54:49,1683442490,16.1,26.5,98800,1.00,3.00,4.00,5.00,0.0216,0
2023-05-07 02:59:54,1683442794,16.1,26.4,98800,1.00,3.00,5.00,6.00,0.0156,0
2023-05-07 03:04:58,1683443098,16.2,26.3,98800,1.00,3.00,5.00,6.00,0.0116,0
2023-05-07 03:09:42,1683443383,16.3,26.0,98800,2.00,3.00,5.00,6.00,0.0107,0
2023-05-07 03:14:46,1683443687,16.3,26.1,98800,2.00,3.00,4.00,4.00,0.0119,0
2023-05-07 03:19:51,1683443991,16.2,26.0,98800,2.00,9.00,15.0,18.0,0.0157,0
2023-05-07 03:24:55,1683444295,16.2,25.9,98773,2.00,2.00,4.00,4.00,0.0419,0
2023-05-07 03:29:59,1683444600,16.3,25.9,98793,1.00,2.00,4.00,4.00,0.0444,0
2023-05-07 03:34:43,1683444884,16.3,26.0,98800,2.00,4.00,6.00,7.00,0.0444,0
2023-05-07 03:39:47,1683445188,16.3,25.8,98800,1.00,3.00,5.00,6.00,0.0299,0
2023-05-07 03:44:52,1683445492,16.3,25.9,98753,1e-7,3.00,5.00,6.00,0.0270,0
2023-05-07 03:49:56,1683445796,16.2,25.9,98700,2.00,6.00,10.0,12.0,0.0196,0
2023-05-07 03:54:40,1683446080,16.2,25.8,98700,1.00,3.00,5.00,6.00,0.0269,0
2023-05-07 03:59:44,1683446385,16.2,26.0,98700,2.00,2.00,4.00,4.00,0.0456,0
2023-05-07 04:04:48,1683446689,16.1,25.9,98700,1.00,3.00,5.00,6.00,0.0455,0
2023-05-07 04:09:53,1683446993,16.0,26.1,98700,2.00,4.00,5.00,6.00,0.0177,0
2023-05-07 04:14:57,1683447297,16.0,26.0,98700,2.00,3.00,5.00,6.00,0.0126,0
2023-05-07 04:19:41,1683447581,16.0,26.1,98700,2.00,7.00,11.0,13.0,0.0238,0
2023-05-07 04:24:45,1683447886,15.9,26.2,98700,1.00,6.00,9.00,11.0,0.0373,0
2023-05-07 04:29:49,1683448190,15.9,26.2,98700,2.00,3.00,4.00,5.00,0.0287,0
2023-05-07 04:34:54,1683448494,15.8,26.5,98700,3.00,9.00,14.0,16.0,0.0236,0
2023-05-07 04:39:58,1683448799,15.7,26.6,98700,2.00,5.00,8.00,9.00,0.0584,0
2023-05-07 04:44:42,1683449083,15.6,26.9,98700,2.00,4.00,6.00,7.00,0.0457,0
2023-05-07 04:49:47,1683449387,15.4,27.2,98700,2.00,5.00,7.00,9.00,0.0433,0
2023-05-07 04:54:51,1683449692,15.1,28.1,98700,2.00,6.00,9.00,10.0,0.0265,0
2023-05-07 04:59:56,1683449997,14.8,29.1,98700,1.00,4.00,7.00,9.00,0.0213,0
2023-05-07 05:04:41,1683450281,14.4,29.8,98700,1.00,3.00,5.00,6.00,0.0213,0
2023-05-07 05:09:46,1683450586,14.1,29.9,98700,2.00,5.00,8.00,9.00,0.0213,0
2023-05-07 05:14:51,1683450891,13.9,30.5,98700,1.00,3.00,5.00,6.00,0.0143,0
2023-05-07 05:19:56,1683451196,13.6,31.4,98700,2.00,4.00,7.00,8.00,0.0108,0
2023-05-07 05:24:41,1683451481,13.3,32.3,98700,2.00,7.00,11.0,13.0,0.0149,0
2023-05-07 05:29:46,1683451787,12.9,32.8,98700,2.00,3.00,4.00,5.00,0.0160,0
2023-05-07 05:34:52,1683452092,12.6,32.9,98700,2.00,7.00,11.0,13.0,0.0138,0
2023-05-07 05:39:58,1683452398,12.4,33.4,98700,2.00,5.00,8.00,9.00,0.0713,0
2023-05-07 05:44:43,1683452683,12.2,33.6,98700,1.00,3.00,5.00,6.00,0.0678,0
2023-05-07 05:49:48,1683452989,12.2,34.0,98700,1.00,6.00,9.00,11.0,0.0484,0
2023-05-07 05:54:54,1683453295,12.3,33.9,98700,1.00,6.00,10.0,12.0,0.0196,0
2023-05-07 05:59:39,1683453580,12.6,33.6,98700,1.00,3.00,5.00,6.00,0.0199,0
2023-05-07 06:04:48,1683453889,12.9,33.1,98700,1e-7,3.00,5.00,6.00,0.0247,0
2023-05-07 06:09:57,1683454198,13.1,32.8,98700,1.00,1.00,2.00,2.00,0.0147,0
2023-05-07 06:14:42,1683454482,13.4,32.0,98700,1.00,3.00,5.00,6.00,0.0114,0
2023-05-07 06:19:46,1683454787,13.6,31.7,98700,1.00,3.00,5.00,6.00,0.0159,0
2023-05-07 06:24:51,1683455091,13.9,31.2,98700,1.00,3.00,5.00,6.00,0.0218,0
2023-05-07 06:29:55,1683455396,14.2,30.9,98700,2.00,7.00,11.0,13.0,0.0263,0
2023-05-07 06:34:39,1683455680,14.4,30.3,98700,1.00,3.00,5.00,6.00,0.0213,0
2023-05-07 06:39:44,1683455984,14.7,29.7,98700,2.00,3.00,5.00,7.00,0.0213,0
2023-05-07 06:44:48,1683456288,15.0,29.2,98700,1e-7,3.00,5.00,6.00,0.0134,0
2023-05-07 06:49:52,1683456593,15.3,28.7,98700,2.00,2.00,4.00,4.00,0.0195,0
2023-05-07 06:50:12,1683456613,15.4,28.4,98700,1.00,1.00,1.00,1.00,0.0116,0
2023-05-07 07:04:46,1683457487,16.0,27.7,98700,1.00,5.00,8.00,9.00,0.0139,0
2023-05-07 07:09:50,1683457790,16.2,26.9,98700,1.00,3.00,4.00,4.00,0.0161,0
2023-05-07 07:14:54,1683458094,16.4,26.9,98700,1.00,5.00,9.00,11.0,0.0126,0
2023-05-07 07:18:56,1683458337,16.6,26.4,98658,2.00,3.00,5.00,6.00,0.0146,0
2023-05-07 07:33:50,1683459231,17.6,25.3,98600,1.00,2.00,3.00,4.00,0.0153,0
2023-05-07 07:44:40,1683459880,18.5,24.9,98600,1e-7,1e-7,1e-7,1e-7,0.0123,0
2023-05-07 07:49:42,1683460183,18.7,24.5,98600,2.00,9.00,14.0,17.0,0.0196,0
2023-05-07 07:52:24,1683460344,19.1,23.8,98600,1e-7,3.00,5.00,6.00,0.0209,0
2023-05-07 10:49:48,1683470988,22.0,16.5,98400,1.00,2.00,4.00,5.00,,
2023-05-07 10:54:49,1683471290,22.2,16.7,98400,1.00,4.00,6.00,7.00,,
2023-05-07 10:59:51,1683471591,22.5,16.8,98400,1.00,5.00,8.00,10.0,,
2023-05-07 11:04:52,1683471893,22.8,16.5,98400,2.00,4.00,6.00,6.00,0.0130,0
2023-05-07 11:09:54,1683472194,22.9,16.1,98400,1.00,5.00,8.00,9.00,0.0115,0
2023-05-07 11:14:55,1683472495,22.9,16.3,98400,1e-7,3.00,5.00,6.00,0.0198,0
2023-05-07 11:19:16,1683472757,22.9,16.5,98400,1e-7,3.00,5.00,6.00,0.0171,0
2023-05-07 11:34:45,1683473685,22.8,17.1,98400,2.00,4.00,6.00,7.00,0.0151,0
2023-05-07 11:39:46,1683473986,23.0,16.7,98300,2.00,12.0,19.0,23.0,0.0155,0
2023-05-07 11:44:47,1683474288,23.2,16.4,98300,2.00,2.00,4.00,4.00,0.0205,0
2023-05-07 11:49:48,1683474589,23.4,16.0,98300,1.00,3.00,5.00,6.00,0.0295,0
2023-05-07 11:54:49,1683474890,23.3,15.7,98300,1.00,5.00,9.00,11.0,0.0295,0
2023-05-07 11:55:09,1683474910,23.1,16.5,98300,1e-7,1e-7,1e-7,1e-7,0.0139,0
2023-05-07 12:09:53,1683475794,23.5,15.8,98300,2.00,5.00,7.00,8.00,0.0334,0
2023-05-07 12:14:53,1683476094,23.8,16.0,98300,1.00,3.00,5.00,6.00,0.0334,0
2023-05-07 12:16:13,1683476174,24.0,15.5,98300,1e-7,3.00,5.00,6.00,0.0281,0
2023-05-07 12:29:45,1683476985,24.4,13.9,98300,1e-7,1.00,2.00,2.00,0.0267,0
2023-05-07 12:30:05,1683477005,24.4,13.7,98300,1e-7,1.00,2.00,2.00,0.00815,0
2023-05-07 12:54:48,1683478488,25.3,13.5,98200,1e-7,3.00,4.00,5.00,,
2023-05-07 12:59:47,1683478788,25.4,13.7,98200,1e-7,3.00,5.00,6.00,,
2023-05-07 13:04:47,1683479088,25.7,13.9,98200,2.00,3.00,5.00,6.00,,
2023-05-07 13:06:47,1683479207,25.8,14.2,98200,2.00,4.00,6.00,7.00,,
2023-05-07 13:19:45,1683479985,26.2,12.5,98200,2.00,6.00,9.00,11.0,0.0105,0
2023-05-07 13:24:24,1683480265,26.0,12.7,98200,1.00,3.00,5.00,6.00,0.0120,0
2023-05-07 13:29:48,1683480589,26.5,13.1,98200,2.00,10.0,16.0,19.0,0.0105,0
2023-05-07 13:34:47,1683480887,26.6,11.7,98200,1.00,5.00,9.00,11.0,0.0362,0
2023-05-07 13:39:46,1683481186,26.7,11.9,98200,1.00,3.00,5.00,6.00,0.0362,0
2023-05-07 13:42:45,1683481366,27.0,11.7,98200,1.00,4.00,6.00,7.00,0.0350,0
2023-05-07 13:49:49,1683481789,27.6,12.4,98200,1e-7,1e-7,1e-7,1e-7,0.0414,0
2023-05-07 13:54:47,1683482087,28.0,12.1,98200,2.00,6.00,9.00,11.0,0.0414,0
2023-05-07 13:59:45,1683482385,28.4,10.8,98200,1.00,5.00,8.00,10.0,0.0471,0
2023-05-07 14:00:25,1683482425,28.3,10.7,98200,1e-7,3.00,5.00,6.00,0.0116,0
2023-05-07 14:09:59,1683483000,28.7,10.7,98100,1.00,3.00,4.00,5.00,0.0372,0
2023-05-07 14:14:57,1683483298,29.0,10.2,98100,1.00,3.00,5.00,6.00,0.0372,0
2023-05-07 14:17:17,1683483437,29.0,10.4,98100,2.00,5.00,8.00,9.00,0.0108,0
2023-05-07 14:24:44,1683483885,29.3,11.2,98100,1e-7,1e-7,1e-7,1e-7,0.00841,0
2023-05-07 14:29:42,1683484182,29.7,10.7,98100,1.00,3.00,5.00,6.00,0.0144,0
2023-05-07 14:34:40,1683484480,29.7,9.93,98100,1.00,8.00,14.0,16.0,0.0144,0
2023-05-07 14:44:48,1683485089,29.7,10.3,98100,1e-7,2.00,4.00,4.00,0.0140,0
2023-05-07 14:49:46,1683485386,30.0,9.67,98100,1.00,3.00,5.00,5.00,0.0325,0
2023-05-07 14:54:53,1683485694,30.3,9.61,98100,1e-7,3.00,4.00,5.00,0.0266,0
2023-05-07 14:59:57,1683485997,30.7,9.22,98010,1.00,3.00,4.00,5.00,0.0266,0
2023-05-07 15:04:54,1683486294,30.4,9.40,98000,2.00,7.00,11.0,13.0,0.0152,0
2023-05-07 15:09:51,1683486592,29.9,9.62,98007,1.00,2.00,4.00,5.00,0.0214,0
2023-05-07 15:14:47,1683486888,29.7,9.97,98000,1.00,3.00,5.00,6.00,0.0214,0
2023-05-07 15:19:45,1683487186,29.7,10.1,98000,2.00,5.00,7.00,8.00,0.0176,0
2023-05-07 15:24:43,1683487483,30.1,10.0,98000,2.00,9.00,15.0,18.0,0.0200,0
2023-05-07 15:29:40,1683487781,30.7,9.71,98000,2.00,9.00,15.0,18.0,0.0758,0
2023-05-07 15:34:57,1683488097,31.0,9.09,98000,1.00,3.00,5.00,6.00,0.102,0
2023-05-07 15:39:54,1683488395,31.0,9.14,98000,1.00,6.00,10.0,12.0,0.0567,0
2023-05-07 15:44:52,1683488692,31.0,8.68,98000,1.00,5.00,9.00,11.0,0.0558,0
2023-05-07 15:45:31,1683488731,31.4,8.92,98000,1.00,2.00,2.00,3.00,0.0149,0
2023-05-07 15:54:55,1683489295,32.0,8.53,97979,1.00,3.00,5.00,6.00,0.0373,0
2023-05-07 15:59:52,1683489592,32.1,8.17,97993,2.00,5.00,8.00,9.00,0.0296,0
2023-05-07 16:02:50,1683489771,31.9,8.29,97900,1.00,2.00,4.00,4.00,0.0124,0
2023-05-07 16:14:47,1683490488,31.3,8.78,97950,1e-7,3.00,5.00,6.00,0.0121,0
2023-05-07 16:19:44,1683490785,31.4,8.57,98000,1.00,2.00,4.00,5.00,0.0113,0
2023-05-07 16:34:59,1683491699,31.7,8.32,97900,2.00,7.00,12.0,14.0,0.0179,0
2023-05-07 16:37:17,1683491838,31.6,8.29,97900,2.00,3.00,5.00,6.00,0.0300,0
2023-05-07 16:44:50,1683492291,31.3,8.31,97900,1.00,1.00,1.00,1.00,0.0425,0
2023-05-07 16:49:47,1683492588,31.4,8.35,97900,2.00,5.00,9.00,11.0,0.0369,0
2023-05-07 16:54:45,1683492885,31.4,8.45,97900,2.00,3.00,5.00,6.00,0.0369,0
2023-05-07 16:59:58,1683493199,31.0,8.28,97900,2.00,6.00,9.00,11.0,0.0164,0
2023-05-07 17:04:56,1683493497,30.0,8.86,97900,1.00,3.00,5.00,6.00,0.0174,0
2023-05-07 17:09:54,1683493795,28.8,9.54,97900,1.00,4.00,7.00,8.00,0.0288,0
2023-05-07 17:13:53,1683494034,28.7,10.0,97900,1.00,4.00,7.00,8.00,0.0178,0
2023-05-07 17:29:41,1683494982,29.9,9.02,97900,1.00,1.00,2.00,2.00,0.0135,0
2023-05-07 17:34:59,1683495299,29.7,8.99,97900,4.00,8.00,12.0,14.0,0.0243,0
2023-05-07 17:39:57,1683495597,29.6,8.97,97900,2.00,3.00,5.00,6.00,0.0620,0
2023-05-07 17:44:55,1683495895,29.5,9.06,97900,2.00,5.00,8.00,9.00,0.0594,0
2023-05-07 17:48:53,1683496134,29.7,8.65,97900,1.00,3.00,4.00,5.00,0.0412,0
2023-05-07 17:59:52,1683496793,29.5,8.65,97900,1e-7,2.00,4.00,4.00,0.0176,0
2023-05-07 18:04:50,1683497091,29.0,9.00,97900,2.00,4.00,6.00,7.00,0.0176,0
2023-05-07 18:05:10,1683497111,28.7,9.42,97900,1e-7,2.00,3.00,4.00,0.0107,0
2023-05-07 18:14:47,1683497687,27.3,10.5,97900,2.00,2.00,3.00,3.00,0.0112,0
2023-05-07 18:19:46,1683497987,26.7,10.9,97900,1.00,4.00,7.00,8.00,0.0211,0
2023-05-07 18:21:26,1683498086,26.4,11.2,97900,1e-7,3.00,5.00,6.00,0.0110,0
2023-05-07 18:34:43,1683498884,25.7,11.8,97900,2.00,4.00,7.00,9.00,0.0118,0
2023-05-07 18:39:43,1683499184,25.6,12.0,97900,1.00,5.00,8.00,10.0,0.0232,0
2023-05-07 18:44:43,1683499484,25.8,12.0,97900,2.00,3.00,5.00,6.00,0.0302,0
2023-05-07 18:49:43,1683499784,25.5,12.2,97900,1.00,4.00,7.00,9.00,0.0302,0
2023-05-07 18:54:43,1683500084,25.5,12.3,97900,1.00,3.00,5.00,6.00,0.0164,0
2023-05-07 18:59:43,1683500384,25.2,12.2,97900,2.00,4.00,5.00,6.00,0.0147,0
2023-05-07 19:04:44,1683500684,24.6,12.5,97900,1.00,2.00,4.00,4.00,0.0147,0
2023-05-07 19:09:44,1683500985,24.4,12.7,97900,2.00,3.00,5.00,6.00,0.00931,0
2023-05-07 19:14:45,1683501285,24.2,12.5,97900,2.00,3.00,5.00,6.00,0.0111,0
2023-05-07 19:19:46,1683501586,23.6,13.1,97900,2.00,4.00,5.00,6.00,0.0202,0
2023-05-07 19:24:47,1683501887,23.0,13.9,97900,1.00,4.00,6.00,7.00,0.0231,0
2023-05-07 19:29:48,1683502188,22.4,14.7,97900,1e-7,3.00,4.00,5.00,0.0134,0
2023-05-07 19:34:49,1683502490,22.0,14.8,97900,1.00,3.00,5.00,6.00,0.0125,0
2023-05-07 19:39:51,1683502792,21.6,15.4,97900,1e-7,2.00,3.00,4.00,0.0100,0
2023-05-07 19:44:53,1683503093,21.3,15.6,97900,2.00,4.00,7.00,9.00,0.0124,0
2023-05-07 19:49:55,1683503395,21.0,16.4,97900,1.00,3.00,5.00,6.00,0.0272,0
2023-05-07 19:54:57,1683503697,20.7,16.5,97900,1e-7,3.00,5.00,6.00,0.0223,0
2023-05-07 19:59:59,1683504000,20.5,16.7,97900,1.00,4.00,7.00,9.00,0.0231,0
2023-05-07 20:04:41,1683504282,20.3,16.9,97900,2.00,5.00,8.00,9.00,0.0231,0
2023-05-07 20:09:44,1683504584,20.1,16.9,97900,1.00,3.00,5.00,6.00,0.0220,0
2023-05-07 20:14:46,1683504887,20.0,17.1,97900,1.00,5.00,9.00,11.0,0.0129,0
2023-05-07 20:19:49,1683505189,19.8,17.2,97900,1.00,3.00,5.00,6.00,0.0136,0
2023-05-07 20:24:51,1683505492,19.7,17.2,97900,1.00,3.00,5.00,6.00,0.0151,0
2023-05-07 20:29:54,1683505794,19.5,17.2,97900,2.00,7.00,11.0,13.0,0.0203,0
2023-05-07 20:34:56,1683506097,19.4,17.4,97900,2.00,4.00,6.00,7.00,0.0202,0
2023-05-07 20:39:59,1683506400,19.1,17.6,97900,1.00,4.00,7.00,9.00,0.0139,0
2023-05-07 20:44:42,1683506682,18.9,17.6,97900,2.00,4.00,7.00,8.00,0.0240,0
2023-05-07 20:49:45,1683506985,18.8,18.2,97900,1.00,3.00,5.00,6.00,0.0257,0
2023-05-07 20:54:48,1683507288,18.6,18.2,97900,2.00,3.00,4.00,4.00,0.0257,0
2023-05-07 20:59:51,1683507591,18.4,18.5,97900,1.00,3.00,5.00,6.00,0.0246,0
2023-05-07 21:04:54,1683507894,18.2,18.9,97900,1e-7,3.00,5.00,6.00,0.0161,0
2023-05-07 21:09:57,1683508198,18.1,19.0,97900,1.00,4.00,6.00,7.00,0.0161,0
2023-05-07 21:14:40,1683508481,18.0,19.2,97900,3.00,3.00,4.00,5.00,0.0121,0
2023-05-07 21:19:43,1683508784,17.8,19.2,97900,1e-7,2.00,4.00,4.00,0.0106,0
2023-05-07 21:24:47,1683509087,17.6,19.4,97900,2.00,3.00,5.00,6.00,0.0129,0
2023-05-07 21:29:50,1683509390,17.5,19.7,97900,1.00,2.00,4.00,4.00,0.0114,0
2023-05-07 21:34:53,1683509694,17.4,20.2,97900,1.00,3.00,5.00,6.00,0.0114,0
2023-05-07 21:39:57,1683509997,17.3,20.0,97900,1.00,3.00,5.00,6.00,0.0152,0
2023-05-07 21:44:40,1683510281,17.2,20.4,97900,1.00,3.00,5.00,6.00,0.0152,0
2023-05-07 21:49:44,1683510584,17.1,20.7,97900,1.00,3.00,5.00,6.00,0.0114,0
2023-05-07 21:54:47,1683510888,16.9,21.0,97900,2.00,4.00,7.00,8.00,0.0134,0
2023-05-07 21:59:51,1683511191,16.7,21.5,97900,2.00,6.00,9.00,11.0,0.00944,0
2023-05-07 22:04:55,1683511495,16.5,21.8,97900,1.00,4.00,8.00,9.00,0.0188,0
2023-05-07 22:09:59,1683511799,16.3,21.9,97900,2.00,6.00,10.0,12.0,0.0188,0
2023-05-07 22:14:42,1683512083,16.0,22.0,97900,1.00,5.00,8.00,9.00,0.0287,0
2023-05-07 22:19:46,1683512387,15.8,22.8,97900,1e-7,3.00,5.00,6.00,0.0353,0
2023-05-07 22:24:50,1683512691,15.6,23.3,97900,1.00,3.00,5.00,6.00,0.0481,0
2023-05-07 22:29:54,1683512995,15.4,23.8,97900,1.00,8.00,14.0,17.0,0.0206,0
2023-05-07 22:34:58,1683513298,15.3,23.9,97900,2.00,3.00,5.00,6.00,0.0235,0
2023-05-07 22:39:42,1683513582,15.2,24.3,97900,1e-7,3.00,5.00,6.00,0.0263,0
2023-05-07 22:44:46,1683513887,15.2,24.3,97900,1.00,3.00,5.00,6.00,0.0123,0
2023-05-07 22:49:50,1683514191,15.2,24.4,97900,1.00,3.00,5.00,6.00,0.0139,0
2023-05-07 22:54:55,1683514495,15.2,24.8,97900,2.00,2.00,4.00,5.00,0.0139,0
2023-05-07 22:59:59,1683514799,15.2,24.8,97900,2.00,3.00,5.00,6.00,0.0110,0
2023-05-07 23:04:43,1683515083,15.1,25.4,97900,1.00,3.00,5.00,6.00,0.0115,0
2023-05-07 23:09:47,1683515388,15.1,25.5,97900,1e-7,3.00,5.00,6.00,0.0101,0
2023-05-07 23:14:52,1683515692,15.0,26.1,97953,1e-7,3.00,5.00,6.00,0.0142,0
2023-05-07 23:19:56,1683515997,15.0,25.9,97947,2.00,3.00,5.00,6.00,0.0135,0
2023-05-07 23:24:40,1683516281,15.0,25.5,97921,1.00,2.00,4.00,4.00,0.0133,0
2023-05-07 23:29:45,1683516585,15.0,25.2,97940,2.00,8.00,14.0,17.0,0.0156,0
2023-05-07 23:34:49,1683516889,15.0,25.3,97907,1.00,6.00,10.0,12.0,0.0562,0
2023-05-07 23:39:53,1683517194,14.8,25.7,98000,1.00,3.00,5.00,6.00,0.0599,0
2023-05-07 23:44:58,1683517499,14.6,26.6,98000,1.00,5.00,8.00,9.00,0.0577,0
2023-05-07 23:49:42,1683517783,14.5,26.7,98000,1.00,4.00,7.00,9.00,0.0255,0
2023-05-07 23:54:47,1683518088,14.4,26.7,98000,2.00,4.00,6.00,7.00,0.0256,0
2023-05-07 23:59:52,1683518392,14.3,27.3,98000,1.00,5.00,8.00,9.00,0.0241,0
2023-05-08 00:04:56,1683518697,14.3,27.2,98000,1e-7,3.00,5.00,6.00,0.0313,0
2023-05-08 00:09:41,1683518981,14.4,27.6,98000,1.00,5.00,8.00,9.00,0.0313,0
2023-05-08 00:14:45,1683519286,14.4,27.4,98000,2.00,3.00,5.00,6.00,0.0252,0
2023-05-08 00:19:50,1683519591,14.3,26.8,98000,1.00,3.00,5.00,6.00,0.0105,0
2023-05-08 00:24:55,1683519895,14.3,26.5,98000,1.00,3.00,5.00,6.00,0.0132,0
2023-05-08 00:29:59,1683520200,14.3,26.2,98000,1.00,3.00,5.00,6.00,0.0130,0
2023-05-08 00:34:44,1683520484,14.4,25.9,98000,1.00,3.00,5.00,6.00,0.0166,0
2023-05-08 00:39:49,1683520789,14.3,25.8,98000,1.00,5.00,8.00,9.00,0.0140,0
2023-05-08 00:44:55,1683521096,14.2,26.0,98000,1.00,3.00,5.00,6.00,0.0145,0
2023-05-08 00:49:40,1683521380,14.0,26.7,98000,2.00,6.00,10.0,12.0,0.0192,0
2023-05-08 00:54:45,1683521685,13.7,27.1,97993,2.00,3.00,5.00,6.00,0.0153,0
2023-05-08 00:59:50,1683521990,13.5,27.3,98000,1e-7,3.00,5.00,6.00,0.0167,0
2023-05-08 01:04:55,1683522295,13.2,27.5,98000,1.00,3.00,5.00,6.00,0.0119,0
2023-05-08 01:09:39,1683522580,13.0,28.1,97993,1.00,3.00,5.00,6.00,0.0115,0
2023-05-08 01:14:44,1683522885,12.8,28.3,98000,1e-7,3.00,5.00,6.00,0.0108,0
2023-05-08 01:19:50,1683523190,12.7,28.5,97993,1e-7,3.00,5.00,6.00,0.0104,0
2023-05-08 01:24:55,1683523496,12.5,29.0,97920,1.00,3.00,5.00,6.00,0.0111,0
2023-05-08 01:29:40,1683523781,12.3,29.0,97900,1e-7,3.00,5.00,6.00,0.0123,0
2023-05-08 01:34:46,1683524086,12.1,29.9,97900,2.00,5.00,8.00,9.00,0.0138,0
2023-05-08 01:39:51,1683524392,11.9,30.1,97900,1e-7,3.00,5.00,6.00,0.0165,0
2023-05-08 01:44:57,1683524697,11.7,31.1,97900,1.00,3.00,5.00,6.00,0.0160,0
2023-05-08 01:49:42,1683524982,11.5,31.4,97900,2.00,5.00,8.00,10.0,0.0139,0
2023-05-08 01:54:47,1683525288,11.3,32.0,97900,1.00,3.00,5.00,6.00,0.0268,0
2023-05-08 01:59:53,1683525594,11.1,32.5,97900,1e-7,3.00,5.00,6.00,0.0205,0
2023-05-08 02:04:59,1683525899,11.0,32.9,97900,2.00,5.00,8.00,9.00,0.0245,0
2023-05-08 02:09:44,1683526185,10.9,32.2,97929,2.00,4.00,7.00,8.00,0.0238,0
2023-05-08 02:14:50,1683526491,10.8,32.8,97967,1.00,4.00,7.00,8.00,0.0110,0
2023-05-08 02:19:56,1683526797,10.7,32.7,97973,1.00,3.00,5.00,6.00,0.0212,0
2023-05-08 02:24:42,1683527082,10.8,32.0,97957,1e-7,3.00,5.00,6.00,0.0118,0
2023-05-08 02:29:48,1683527388,11.0,31.0,97940,1.00,3.00,5.00,6.00,0.0118,0
2023-05-08 02:34:53,1683527694,11.2,30.0,97900,1.00,3.00,4.00,5.00,0.0120,0
2023-05-08 02:39:59,1683527999,11.4,29.1,97900,1e-7,2.00,4.00,4.00,0.0124,0
2023-05-08 02:44:44,1683528285,11.6,28.5,97900,1e-7,3.00,5.00,6.00,0.0109,0
2023-05-08 02:49:50,1683528590,11.7,28.2,97900,2.00,3.00,5.00,6.00,0.0195,0
2023-05-08 02:54:55,1683528896,11.7,27.5,97900,2.00,9.00,15.0,18.0,0.0137,0
2023-05-08 02:59:40,1683529181,11.9,27.0,97900,2.00,7.00,12.0,14.0,0.0297,0
2023-05-08 03:04:45,1683529486,12.0,26.8,97900,2.00,8.00,14.0,17.0,0.0297,0
2023-05-08 03:09:51,1683529792,12.0,26.7,97900,1e-7,3.00,5.00,6.00,0.0253,0
2023-05-08 03:14:57,1683530097,11.9,26.6,97900,2.00,10.0,17.0,20.0,0.0451,0
2023-05-08 03:19:42,1683530382,11.7,26.8,97900,1.00,3.00,5.00,6.00,0.0320,0
2023-05-08 03:24:47,1683530688,11.6,26.8,97900,1.00,5.00,8.00,9.00,0.0267,0
2023-05-08 03:29:53,1683530994,11.5,27.2,97900,2.00,7.00,12.0,14.0,0.0204,0
2023-05-08 03:34:59,1683531299,11.4,27.3,97900,1.00,5.00,9.00,11.0,0.0194,0
2023-05-08 03:39:44,1683531585,11.3,27.5,97907,1.00,3.00,4.00,5.00,0.0223,0
2023-05-08 03:44:50,1683531891,11.2,27.5,97947,1.00,3.00,5.00,6.00,0.0175,0
2023-05-08 03:49:56,1683532197,11.0,27.8,97973,1.00,3.00,4.00,5.00,0.0142,0
2023-05-08 03:54:42,1683532482,10.8,28.6,98000,1.00,3.00,4.00,5.00,0.0142,0
2023-05-08 03:59:48,1683532788,10.6,28.9,98000,1.00,3.00,5.00,6.00,0.0131,0
2023-05-08 04:04:54,1683533095,10.5,29.1,98000,1e-7,3.00,5.00,6.00,0.0170,0
2023-05-08 04:09:40,1683533380,10.4,29.5,98000,1.00,3.00,5.00,6.00,0.0179,0
2023-05-08 04:14:46,1683533687,10.3,29.9,98000,1e-7,3.00,5.00,6.00,0.0387,0
2023-05-08 04:19:52,1683533993,10.1,30.4,98000,1.00,5.00,9.00,11.0,0.0387,0
2023-05-08 04:24:59,1683534299,9.94,31.2,98000,1.00,4.00,7.00,9.00,0.0208,0
2023-05-08 04:29:44,1683534585,9.71,32.1,98000,1.00,5.00,8.00,9.00,0.0208,0
2023-05-08 04:34:51,1683534891,9.45,32.3,98000,1.00,3.00,5.00,6.00,0.0161,0
2023-05-08 04:39:58,1683535198,9.22,32.5,98000,2.00,3.00,4.00,4.00,0.0160,0
2023-05-08 04:44:44,1683535484,9.02,32.5,98000,1e-7,3.00,5.00,6.00,0.0152,0
2023-05-08 04:49:50,1683535791,8.93,33.0,98000,1.00,3.00,5.00,6.00,0.0144,0
2023-05-08 04:54:57,1683536097,8.88,32.9,98000,2.00,3.00,5.00,6.00,0.0129,0
2023-05-08 04:59:43,1683536383,8.79,33.7,98000,1.00,4.00,7.00,9.00,0.0121,0
2023-05-08 05:04:49,1683536690,8.69,33.8,98000,2.00,3.00,5.00,6.00,0.0136,0
2023-05-08 05:09:56,1683536997,8.57,34.2,98000,1.00,3.00,5.00,6.00,0.0134,0
2023-05-08 05:14:43,1683537283,8.47,34.3,98000,2.00,4.00,6.00,7.00,0.0149,0
2023-05-08 05:19:49,1683537590,8.37,34.5,98000,2.00,5.00,8.00,9.00,0.0264,0
2023-05-08 05:24:56,1683537897,8.33,35.0,98000,2.00,5.00,9.00,11.0,0.0169,0
2023-05-08 05:29:43,1683538183,8.31,34.6,98000,1.00,3.00,4.00,5.00,0.0167,0
2023-05-08 05:34:49,1683538490,8.33,34.6,98000,2.00,3.00,5.00,6.00,0.0177,0
2023-05-08 05:39:56,1683538797,8.33,35.2,98000,1.00,5.00,8.00,9.00,0.0437,0
2023-05-08 05:44:43,1683539083,8.26,35.0,98000,1e-7,3.00,5.00,6.00,0.0489,0
2023-05-08 05:49:50,1683539390,8.26,35.0,98000,1.00,2.00,4.00,5.00,0.0489,0
2023-05-08 05:54:56,1683539697,8.31,34.5,98000,1.00,3.00,5.00,6.00,0.0110,0
2023-05-08 05:59:43,1683539983,8.36,34.5,98000,1e-7,2.00,4.00,4.00,0.0103,0
2023-05-08 06:04:49,1683540290,8.39,34.6,98000,2.00,7.00,11.0,13.0,0.0168,0
2023-05-08 06:07:12,1683540433,8.41,34.6,98000,1e-7,3.00,5.00,6.00,0.0243,0
2023-05-08 06:19:52,1683541193,8.55,35.2,98100,1.00,3.00,5.00,6.00,0.0243,0
2023-05-08 06:24:59,1683541499,8.64,35.1,98100,1.00,3.00,5.00,6.00,0.0142,0
2023-05-08 06:29:45,1683541785,8.84,34.1,98100,1.00,3.00,5.00,6.00,0.0128,0
2023-05-08 06:34:51,1683542092,9.11,33.1,98100,1e-7,3.00,5.00,6.00,0.0128,0
2023-05-08 06:39:57,1683542398,9.44,32.4,98100,1.00,5.00,8.00,9.00,0.0151,0
2023-05-08 06:44:43,1683542683,9.75,31.7,98100,2.00,3.00,5.00,6.00,0.0151,0
2023-05-08 06:49:49,1683542989,10.0,30.8,98100,2.00,3.00,5.00,6.00,0.0115,0
2023-05-08 06:54:55,1683543295,10.3,30.2,98100,1.00,2.00,4.00,5.00,0.0175,0
2023-05-08 06:59:40,1683543580,10.5,29.6,98100,2.00,5.00,8.00,10.0,0.0205,0
2023-05-08 07:04:46,1683543886,10.7,28.9,98100,2.00,5.00,8.00,9.00,0.0298,0
2023-05-08 07:09:51,1683544192,10.9,28.6,98100,1.00,5.00,9.00,11.0,0.0121,0
2023-05-08 07:14:57,1683544497,11.1,28.8,98100,2.00,6.00,10.0,12.0,0.0190,0
2023-05-08 07:19:42,1683544782,11.5,28.1,98100,1.00,6.00,10.0,11.0,0.0268,0
2023-05-08 07:24:47,1683545087,11.8,27.0,98100,1e-7,3.00,5.00,6.00,0.0331,0
2023-05-08 07:29:52,1683545392,12.0,25.9,98100,1.00,3.00,5.00,6.00,0.0382,0
2023-05-08 07:34:57,1683545697,12.3,26.2,98100,2.00,5.00,8.00,9.00,0.0289,0
2023-05-08 07:38:00,1683545880,12.5,25.1,98100,1e-7,3.00,5.00,6.00,0.0202,0
2023-05-08 07:49:54,1683546594,12.5,23.8,98100,1.00,2.00,4.00,4.00,0.0202,0
2023-05-08 07:53:37,1683546817,12.5,24.1,98100,2.00,8.00,13.0,16.0,0.0200,0
2023-05-08 08:29:49,1683548989,13.8,20.9,98200,1e-7,2.00,3.00,4.00,,
2023-05-08 08:34:53,1683549293,13.7,20.6,98200,1e-7,3.00,5.00,6.00,,
2023-05-08 08:38:15,1683549496,13.4,20.9,98200,1.00,5.00,8.00,9.00,,
2023-05-08 08:49:40,1683550180,13.7,20.8,98200,1e-7,1.00,1.00,1.00,,
2023-05-08 08:50:41,1683550241,13.8,21.1,98200,1.00,3.00,5.00,6.00,,
2023-05-08 09:04:33,1683551073,14.8,19.8,98200,1.00,4.00,7.00,9.00,0.0146,0
2023-05-08 09:18:52,1683551933,15.6,18.7,98200,1.00,3.00,4.00,5.00,0.0190,0
2023-05-08 09:31:47,1683552707,15.8,17.1,98217,1.00,6.00,9.00,11.0,0.0190,0
2023-05-08 09:39:49,1683553190,15.4,16.6,98256,1.00,3.00,5.00,6.00,0.0239,0
2023-05-08 09:44:53,1683553494,15.0,16.8,98300,1e-7,3.00,5.00,6.00,0.0462,0
2023-05-08 09:49:57,1683553798,14.7,17.2,98287,2.00,3.00,5.00,6.00,0.0462,0
2023-05-08 09:54:41,1683554082,14.5,17.1,98250,1.00,5.00,9.00,11.0,0.0111,0
2023-05-08 09:55:41,1683554142,14.4,16.9,98300,1e-7,3.00,5.00,6.00,0.0111,0
2023-05-08 10:04:37,1683554678,14.4,16.5,98200,1e-7,1e-7,1e-7,1e-7,0.0123,0
2023-05-08 10:14:42,1683555282,15.0,16.3,98200,1e-7,2.00,4.00,4.00,0.0147,0
2023-05-08 10:19:46,1683555586,15.2,16.2,98200,1.00,3.00,5.00,6.00,0.0278,0
2023-05-08 10:24:50,1683555890,15.4,15.6,98200,1.00,4.00,7.00,8.00,0.0164,0
2023-05-08 10:29:54,1683556194,15.5,15.7,98200,1.00,3.00,5.00,6.00,0.0149,0
2023-05-08 10:34:58,1683556498,15.7,14.9,98200,3.00,17.0,29.0,34.0,0.0480,0
2023-05-08 10:39:42,1683556782,15.6,14.8,98200,2.00,5.00,7.00,9.00,0.0480,0
2023-05-08 10:44:46,1683557086,15.5,15.3,98200,2.00,6.00,9.00,11.0,0.0247,0
2023-05-08 10:49:50,1683557390,15.8,14.8,98200,2.00,3.00,5.00,6.00,0.0213,0
2023-05-08 10:54:54,1683557694,15.8,15.0,98200,1.00,3.00,5.00,6.00,0.0190,0
2023-05-08 10:58:16,1683557897,16.0,15.2,98200,1e-7,3.00,5.00,6.00,0.0236,0
2023-05-08 11:14:45,1683558886,17.1,13.9,98200,1e-7,3.00,5.00,6.00,0.0120,0
2023-05-08 11:19:48,1683559189,16.9,13.6,98200,1.00,3.00,5.00,6.00,0.0130,0
2023-05-08 11:24:51,1683559492,16.5,13.4,98200,1.00,3.00,5.00,6.00,0.0203,0
2023-05-08 11:29:54,1683559795,16.7,14.2,98200,1.00,4.00,7.00,9.00,0.0116,0
2023-05-08 11:34:57,1683560098,17.1,14.2,98200,1.00,4.00,7.00,9.00,0.0116,0
2023-05-08 11:39:40,1683560381,17.4,13.8,98200,1.00,2.00,4.00,5.00,0.0166,0
2023-05-08 11:44:02,1683560643,17.5,13.6,98200,2.00,7.00,12.0,14.0,0.0197,0
2023-05-08 11:59:46,1683561586,17.7,13.1,98200,2.00,5.00,9.00,11.0,0.0922,0
2023-05-08 12:04:49,1683561889,17.7,12.8,98200,1e-7,2.00,4.00,4.00,0.0500,0
2023-05-08 12:05:49,1683561950,17.8,13.4,98200,1e-7,2.00,4.00,5.00,0.0438,0
2023-05-08 12:19:58,1683562799,17.9,13.5,98200,1.00,4.00,6.00,7.00,0.0674,0
2023-05-08 12:21:19,1683562879,17.9,13.8,98200,1.00,2.00,4.00,5.00,0.0235,0
2023-05-08 12:34:47,1683563687,19.1,13.9,98200,1.00,3.00,5.00,6.00,0.0176,0
2023-05-08 12:39:48,1683563989,19.6,12.9,98200,1.00,3.00,5.00,6.00,0.0176,0
2023-05-08 12:44:50,1683564291,19.7,12.7,98200,2.00,7.00,12.0,14.0,0.0179,0
2023-05-08 12:49:52,1683564592,19.8,12.0,98200,1.00,2.00,4.00,4.00,0.0397,0
2023-05-08 12:54:54,1683564894,19.4,12.0,98200,1e-7,2.00,4.00,4.00,0.0586,0
2023-05-08 12:56:35,1683564995,18.9,12.7,98200,1.00,5.00,9.00,11.0,0.0586,0
2023-05-08 13:09:42,1683565783,19.1,12.9,98200,1e-7,2.00,4.00,4.00,0.0182,0
2023-05-08 13:14:44,1683566085,19.6,12.7,98200,1.00,3.00,5.00,6.00,0.0199,0
2023-05-08 13:19:45,1683566385,20.1,12.1,98200,1.00,3.00,5.00,6.00,0.0103,0
2023-05-08 13:24:46,1683566687,20.2,11.1,98200,1e-7,3.00,5.00,6.00,0.0112,0
2023-05-08 13:29:48,1683566989,19.9,11.6,98200,2.00,6.00,9.00,10.0,0.0236,0
2023-05-08 13:33:49,1683567230,19.9,11.8,98200,1.00,3.00,4.00,5.00,0.0236,0
2023-05-08 13:39:53,1683567594,20.5,11.5,98200,1e-7,2.00,4.00,4.00,0.0363,0
2023-05-08 13:44:55,1683567895,20.8,10.6,98200,2.00,3.00,5.00,6.00,0.0390,0
2023-05-08 13:49:56,1683568196,20.3,10.5,98200,1.00,3.00,4.00,5.00,0.0144,0
2023-05-08 13:54:58,1683568498,19.3,10.8,98200,1.00,5.00,8.00,9.00,0.0173,0
2023-05-08 13:59:39,1683568780,18.9,11.7,98200,6.00,21.0,34.0,40.0,0.0527,0
2023-05-08 14:04:42,1683569082,18.8,11.9,98200,2.00,5.00,9.00,11.0,0.0529,0
2023-05-08 14:09:44,1683569384,18.7,12.4,98200,1.00,3.00,5.00,6.00,0.0322,0
2023-05-08 14:14:43,1683569684,19.2,11.8,98200,2.00,6.00,10.0,12.0,0.0469,0
2023-05-08 14:19:45,1683569986,19.1,11.9,98200,2.00,2.00,4.00,5.00,0.0244,0
2023-05-08 14:22:06,1683570127,19.1,12.1,98200,1.00,5.00,8.00,9.00,0.0139,0
2023-05-08 14:34:52,1683570893,19.0,11.5,98200,1.00,3.00,5.00,6.00,0.0122,0
2023-05-08 14:39:55,1683571195,18.6,12.1,98227,1.00,3.00,5.00,6.00,0.0164,0
2023-05-08 14:44:57,1683571498,18.4,12.6,98293,1.00,3.00,5.00,6.00,0.0123,0
2023-05-08 14:49:39,1683571780,18.6,12.8,98200,1.00,5.00,8.00,9.00,0.0123,0
2023-05-08 14:54:42,1683572082,19.4,12.5,98200,2.00,3.00,5.00,6.00,0.0133,0
2023-05-08 14:59:43,1683572384,20.3,11.5,98200,2.00,3.00,4.00,5.00,0.0171,0
2023-05-08 15:04:45,1683572685,20.3,11.5,98200,1.00,3.00,5.00,6.00,0.0204,0
2023-05-08 15:09:47,1683572987,20.7,11.2,98200,1.00,3.00,5.00,6.00,0.0145,0
2023-05-08 15:14:48,1683573289,20.4,10.9,98200,1.00,2.00,4.00,5.00,0.0182,0
2023-05-08 15:18:09,1683573490,20.4,11.3,98200,2.00,6.00,10.0,12.0,0.0182,0
2023-05-08 15:24:54,1683573895,20.6,11.3,98200,1.00,3.00,6.00,7.00,0.0345,0
2023-05-08 15:29:56,1683574196,21.1,10.2,98200,1.00,5.00,9.00,11.0,0.0345,0
2023-05-08 15:34:57,1683574497,21.1,10.4,98200,1e-7,3.00,5.00,6.00,0.0177,0
2023-05-08 15:38:17,1683574698,21.7,10.0,98200,1.00,6.00,9.00,11.0,0.0156,0
2023-05-08 15:49:40,1683575381,23.8,8.46,98200,1e-7,2.00,4.00,5.00,0.0140,0
2023-05-08 15:54:41,1683575681,22.9,8.59,98200,2.00,5.00,8.00,9.00,0.0159,0
2023-05-08 15:59:41,1683575982,22.6,8.92,98200,2.00,5.00,9.00,10.0,0.0201,0
2023-05-08 16:04:42,1683576283,21.5,9.15,98200,1.00,5.00,8.00,9.00,0.0287,0
2023-05-08 16:08:44,1683576524,20.6,9.77,98200,2.00,5.00,8.00,9.00,0.0324,0
2023-05-08 16:19:48,1683577189,21.5,10.3,98200,1e-7,1e-7,1.00,1.00,0.00842,0
2023-05-08 16:24:49,1683577490,22.4,9.35,98200,1.00,3.00,5.00,6.00,0.0281,0
2023-05-08 16:28:50,1683577730,22.1,8.76,98200,1.00,3.00,5.00,6.00,0.0286,0
2023-05-08 16:34:41,1683578082,21.9,9.00,98200,1.00,5.00,8.00,9.00,0.0134,0
2023-05-08 16:39:42,1683578382,22.5,8.69,98200,2.00,4.00,7.00,9.00,0.0269,0
2023-05-08 16:44:42,1683578683,23.5,8.25,98200,1e-7,3.00,5.00,6.00,0.0269,0
2023-05-08 16:49:43,1683578983,23.4,7.95,98200,1.00,4.00,7.00,9.00,0.0261,0
2023-05-08 17:04:45,1683579886,23.3,7.53,98200,2.00,3.00,5.00,6.00,0.0175,0
2023-05-08 17:09:46,1683580187,22.6,8.04,98200,2.00,3.00,4.00,5.00,0.0150,0
2023-05-08 17:14:46,1683580487,23.3,8.12,98200,2.00,4.00,5.00,6.00,0.0132,0
2023-05-08 17:19:46,1683580787,24.9,7.88,98200,1e-7,3.00,5.00,6.00,0.0159,0
2023-05-08 17:20:06,1683580807,25.7,7.29,98200,1e-7,1e-7,1e-7,1e-7,0.0180,0
2023-05-08 17:29:44,1683581385,23.3,7.42,98200,1e-7,1e-7,1e-7,1e-7,0.0180,0
2023-05-08 17:34:45,1683581685,22.5,7.70,98200,1.00,6.00,10.0,12.0,0.0180,0
2023-05-08 17:39:06,1683581946,21.6,8.29,98200,2.00,6.00,9.00,11.0,0.0732,0
2023-05-08 17:49:50,1683582591,23.8,7.39,98200,1e-7,1e-7,1.00,1.00,0.0732,0
2023-05-08 17:54:51,1683582892,23.0,7.73,98200,2.00,3.00,4.00,5.00,0.102,0
2023-05-08 17:59:53,1683583193,21.5,8.58,98200,1.00,3.00,5.00,6.00,0.102,0
2023-05-08 18:04:54,1683583495,21.0,9.09,98200,1.00,3.00,5.00,6.00,0.0243,0
2023-05-08 18:09:56,1683583796,21.1,9.07,98200,1e-7,3.00,5.00,6.00,0.0149,0
2023-05-08 18:14:57,1683584098,20.6,9.05,98200,3.00,6.00,9.00,10.0,0.0438,0
2023-05-08 18:19:40,1683584380,19.3,9.49,98200,1e-7,3.00,5.00,6.00,0.0438,0
2023-05-08 18:24:42,1683584683,18.5,10.2,98300,1.00,5.00,8.00,9.00,0.0403,0
2023-05-08 18:29:45,1683584985,18.2,10.5,98280,1.00,3.00,4.00,5.00,0.0319,0
2023-05-08 18:34:48,1683585288,18.1,10.4,98300,1.00,5.00,8.00,10.0,0.0202,0
2023-05-08 18:39:50,1683585591,18.0,10.7,98300,1.00,2.00,2.00,3.00,0.0143,0
2023-05-08 18:44:53,1683585894,17.4,10.9,98300,1.00,5.00,8.00,9.00,0.0212,0
2023-05-08 18:49:56,1683586197,17.4,11.3,98300,1e-7,3.00,5.00,6.00,0.0239,0
2023-05-08 18:54:40,1683586480,17.3,11.2,98300,1e-7,3.00,5.00,6.00,0.0219,0
2023-05-08 18:59:43,1683586784,16.8,11.5,98300,2.00,8.00,14.0,16.0,0.0309,0
2023-05-08 19:04:46,1683587087,17.0,11.5,98300,1e-7,3.00,5.00,6.00,0.0421,0
2023-05-08 19:09:50,1683587390,17.4,11.5,98300,1.00,3.00,5.00,6.00,0.0421,0
2023-05-08 19:14:53,1683587693,17.4,11.0,98333,1.00,6.00,10.0,12.0,0.0231,0
2023-05-08 19:19:56,1683587997,16.4,11.2,98347,2.00,6.00,8.00,10.0,0.0202,0
2023-05-08 19:24:40,1683588280,15.8,11.9,98400,1.00,3.00,5.00,6.00,0.0375,0
2023-05-08 19:29:44,1683588584,15.3,12.3,98400,1.00,5.00,9.00,11.0,0.0480,0
2023-05-08 19:34:48,1683588888,14.9,12.6,98400,1.00,3.00,4.00,5.00,0.0245,0
2023-05-08 19:39:53,1683589193,14.6,12.8,98400,1.00,5.00,8.00,9.00,0.0158,0
2023-05-08 19:44:57,1683589498,14.2,13.3,98400,1.00,3.00,5.00,6.00,0.0155,0
2023-05-08 19:49:42,1683589783,13.9,13.7,98400,1.00,4.00,7.00,8.00,0.0114,0
2023-05-08 19:54:47,1683590087,13.7,13.9,98400,1e-7,3.00,5.00,6.00,0.0126,0
2023-05-08 19:59:52,1683590392,13.4,14.0,98400,1.00,3.00,5.00,6.00,0.0130,0
2023-05-08 20:04:57,1683590697,13.2,14.1,98400,2.00,4.00,7.00,9.00,0.0135,0
2023-05-08 20:09:41,1683590982,13.0,14.3,98400,1.00,3.00,5.00,6.00,0.0160,0
2023-05-08 20:14:46,1683591287,12.8,14.4,98400,2.00,4.00,6.00,7.00,0.0160,0
2023-05-08 20:19:51,1683591592,12.7,14.7,98400,1.00,3.00,5.00,6.00,0.0103,0
2023-05-08 20:24:57,1683591897,12.5,14.7,98400,1e-7,3.00,5.00,6.00,0.0116,0
2023-05-08 20:29:42,1683592182,12.3,14.8,98400,1.00,3.00,5.00,6.00,0.0112,0
2023-05-08 20:34:47,1683592488,12.2,14.9,98500,1e-7,3.00,5.00,6.00,0.0119,0
2023-05-08 20:39:53,1683592793,12.0,15.2,98500,1.00,3.00,4.00,5.00,0.0122,0
2023-05-08 20:44:58,1683593099,11.9,15.2,98500,2.00,4.00,5.00,6.00,0.0136,0
2023-05-08 20:49:43,1683593384,11.8,15.3,98500,1.00,2.00,3.00,4.00,0.0135,0
2023-05-08 20:54:49,1683593689,11.7,15.8,98500,1e-7,3.00,4.00,5.00,0.0108,0
2023-05-08 20:59:54,1683593995,11.6,16.4,98500,1.00,3.00,5.00,6.00,0.0129,0
2023-05-08 21:04:39,1683594280,11.6,16.7,98500,1e-7,2.00,4.00,4.00,0.0119,0
2023-05-08 21:09:45,1683594585,11.6,16.9,98500,3.00,3.00,5.00,6.00,0.0140,0
2023-05-08 21:14:50,1683594891,11.6,16.8,98500,1.00,3.00,5.00,6.00,0.0145,0
2023-05-08 21:19:56,1683595196,11.5,16.9,98500,1.00,3.00,5.00,6.00,0.0145,0
2023-05-08 21:24:41,1683595481,11.5,17.3,98500,1e-7,3.00,5.00,6.00,0.0117,0
2023-05-08 21:29:47,1683595787,11.4,17.2,98500,1e-7,3.00,5.00,6.00,0.0131,0
2023-05-08 21:34:52,1683596093,11.3,17.7,98500,1.00,3.00,5.00,6.00,0.0131,0
2023-05-08 21:39:58,1683596398,11.2,17.9,98500,2.00,7.00,11.0,13.0,0.0122,0
2023-05-08 21:44:43,1683596684,11.1,17.6,98500,2.00,3.00,5.00,6.00,0.0370,0
2023-05-08 21:49:48,1683596988,11.1,17.7,98547,1e-7,3.00,5.00,6.00,0.0370,0
2023-05-08 21:54:54,1683597294,10.9,17.9,98600,1e-7,2.00,4.00,4.00,0.0377,0
2023-05-08 21:59:39,1683597580,10.8,18.0,98600,1.00,6.00,10.0,12.0,0.0208,0
2023-05-08 22:04:45,1683597886,10.5,18.3,98600,1e-7,2.00,4.00,4.00,0.0363,0
2023-05-08 22:09:52,1683598192,10.3,18.4,98600,1e-7,3.00,5.00,6.00,0.0308,0
2023-05-08 22:14:58,1683598498,10.1,19.0,98600,1.00,3.00,5.00,6.00,0.0212,0
2023-05-08 22:19:44,1683598784,9.84,19.8,98600,1e-7,3.00,5.00,6.00,0.0143,0
2023-05-08 22:24:50,1683599091,9.62,20.8,98600,2.00,4.00,7.00,9.00,0.0193,0
2023-05-08 22:29:56,1683599397,9.41,21.0,98600,2.00,8.00,14.0,17.0,0.0283,0
2023-05-08 22:34:43,1683599683,9.23,22.1,98600,1e-7,1e-7,1e-7,1e-7,0.0126,0
2023-05-08 22:39:49,1683599990,9.07,23.2,98600,2.00,3.00,5.00,6.00,0.0354,0
2023-05-08 22:44:56,1683600296,8.94,23.2,98600,1e-7,2.00,3.00,4.00,0.0116,0
2023-05-08 22:49:42,1683600582,8.84,24.2,98600,1e-7,1e-7,1e-7,1e-7,0.0131,0
2023-05-08 22:54:48,1683600889,8.70,24.8,98600,1e-7,3.00,5.00,6.00,0.0123,0
2023-05-08 22:59:55,1683601196,8.50,24.7,98600,1e-7,2.00,4.00,5.00,0.0148,0
2023-05-08 23:04:42,1683601482,8.31,25.7,98600,1.00,6.00,10.0,12.0,0.0240,0
2023-05-08 23:09:49,1683601789,8.17,25.1,98600,1.00,6.00,10.0,12.0,0.0315,0
2023-05-08 23:14:56,1683602096,8.02,24.9,98600,1e-7,3.00,5.00,6.00,0.0201,0
2023-05-08 23:19:42,1683602383,7.87,24.9,98600,1e-7,3.00,5.00,6.00,0.0240,0
2023-05-08 23:24:49,1683602690,7.73,24.7,98600,1.00,3.00,5.00,6.00,0.0159,0
2023-05-08 23:29:56,1683602997,7.61,24.9,98600,1e-7,3.00,5.00,6.00,0.0128,0
2023-05-08 23:34:43,1683603283,7.47,26.0,98600,1.00,3.00,5.00,6.00,0.0123,0
2023-05-08 23:39:50,1683603591,7.37,26.3,98600,1.00,4.00,7.00,9.00,0.0140,0
2023-05-08 23:44:57,1683603898,7.25,26.3,98600,1e-7,2.00,4.00,4.00,0.0150,0
2023-05-08 23:49:44,1683604185,7.13,26.3,98600,1e-7,3.00,4.00,5.00,0.0171,0
2023-05-08 23:54:51,1683604492,6.96,27.1,98600,1e-7,3.00,4.00,5.00,0.0171,0
2023-05-08 23:59:59,1683604799,6.82,27.7,98600,1.00,2.00,4.00,4.00,0.0105,0
2023-05-09 00:04:46,1683605086,6.71,27.1,98600,1e-7,3.00,5.00,6.00,0.0105,0
2023-05-09 00:09:53,1683605394,6.59,28.7,98600,2.00,2.00,4.00,4.00,0.0110,0
2023-05-09 00:14:40,1683605681,6.45,31.2,98600,2.00,3.00,5.00,6.00,0.0106,0
2023-05-09 00:19:48,1683605988,6.28,29.9,98600,1.00,5.00,9.00,11.0,0.0118,0
2023-05-09 00:24:55,1683606296,6.12,29.5,98600,1e-7,3.00,5.00,6.00,0.0185,0
2023-05-09 00:29:42,1683606583,6.01,29.8,98600,1e-7,3.00,5.00,6.00,0.0212,0
2023-05-09 00:34:50,1683606891,5.92,30.7,98600,1.00,5.00,8.00,9.00,0.0174,0
2023-05-09 00:39:58,1683607198,5.80,32.7,98600,2.00,9.00,15.0,18.0,0.0127,0
2023-05-09 00:44:45,1683607486,5.66,33.7,98600,1e-7,3.00,5.00,6.00,0.0297,0
2023-05-09 00:49:53,1683607794,5.52,34.5,98600,1e-7,3.00,5.00,6.00,0.0436,0
2023-05-09 00:54:40,1683608081,5.42,35.0,98600,1e-7,3.00,5.00,6.00,0.0436,0
2023-05-09 00:59:48,1683608389,5.36,34.6,98600,1e-7,3.00,5.00,6.00,0.0131,0
2023-05-09 01:04:56,1683608697,5.31,35.4,98600,1e-7,3.00,5.00,6.00,0.0123,0
2023-05-09 01:09:44,1683608984,5.27,35.0,98600,2.00,2.00,4.00,4.00,0.0110,0
2023-05-09 01:14:52,1683609292,5.20,35.3,98600,1.00,3.00,4.00,5.00,0.0119,0
2023-05-09 01:19:39,1683609580,5.15,35.0,98600,1.00,5.00,8.00,9.00,0.0209,0
2023-05-09 01:24:47,1683609888,5.15,34.6,98600,1.00,3.00,5.00,6.00,0.0250,0
2023-05-09 01:29:55,1683610196,5.15,34.9,98600,1e-7,3.00,5.00,6.00,0.0239,0
2023-05-09 01:34:42,1683610483,5.15,35.0,98600,1e-7,3.00,5.00,6.00,0.0235,0
2023-05-09 01:39:50,1683610791,5.14,35.1,98600,1.00,3.00,4.00,5.00,0.0110,0
2023-05-09 01:44:58,1683611099,5.15,35.3,98600,1e-7,3.00,5.00,6.00,0.0107,0
2023-05-09 01:49:46,1683611386,5.11,35.4,98600,1e-7,3.00,5.00,6.00,0.0115,0
2023-05-09 01:54:54,1683611694,5.01,36.2,98600,1e-7,1.00,2.00,2.00,0.0115,0
2023-05-09 01:59:41,1683611982,4.89,36.5,98600,2.00,6.00,9.00,11.0,0.0155,0
2023-05-09 02:04:49,1683612290,4.82,36.8,98600,1e-7,2.00,4.00,4.00,0.0209,0
2023-05-09 02:09:57,1683612598,4.75,37.0,98600,2.00,3.00,5.00,6.00,0.0180,0
2023-05-09 02:14:45,1683612885,4.72,36.9,98600,1e-7,2.00,4.00,4.00,0.0129,0
2023-05-09 02:19:53,1683613193,4.68,37.7,98600,1e-7,3.00,5.00,6.00,0.0131,0
2023-05-09 02:24:40,1683613481,4.60,38.1,98650,1.00,6.00,10.0,12.0,0.0133,0
2023-05-09 02:29:48,1683613789,4.52,38.8,98667,1.00,3.00,5.00,6.00,0.0148,0
2023-05-09 02:34:57,1683614097,4.42,39.2,98700,1.00,3.00,5.00,6.00,0.0182,0
2023-05-09 02:39:44,1683614385,4.34,39.3,98700,1e-7,3.00,5.00,6.00,0.0109,0
2023-05-09 02:44:53,1683614693,4.28,39.2,98700,1.00,3.00,5.00,6.00,0.0136,0
2023-05-09 02:49:40,1683614981,4.28,39.8,98700,1.00,5.00,8.00,9.00,0.0136,0
2023-05-09 02:54:49,1683615289,4.27,39.8,98700,1.00,3.00,5.00,6.00,0.0260,0
2023-05-09 02:59:57,1683615598,4.27,39.6,98700,1e-7,2.00,4.00,4.00,0.0313,0
2023-05-09 03:04:45,1683615885,4.27,39.6,98700,1e-7,3.00,5.00,6.00,0.0229,0
2023-05-09 03:09:53,1683616194,4.23,39.7,98700,2.00,6.00,10.0,12.0,0.0102,0
2023-05-09 03:14:41,1683616481,4.18,40.2,98700,1e-7,3.00,5.00,6.00,0.0146,0
2023-05-09 03:19:49,1683616790,4.14,40.7,98700,1e-7,3.00,5.00,6.00,0.0141,0
2023-05-09 03:24:58,1683617098,4.08,40.9,98700,1.00,3.00,5.00,6.00,0.0141,0
2023-05-09 03:29:46,1683617386,4.02,40.8,98700,1e-7,3.00,5.00,6.00,0.0165,0
2023-05-09 03:34:54,1683617695,3.97,40.9,98700,1.00,3.00,5.00,6.00,0.0165,0
2023-05-09 03:39:42,1683617982,3.96,40.8,98700,1.00,5.00,8.00,9.00,0.0118,0
2023-05-09 03:44:50,1683618291,3.96,40.8,98700,1.00,3.00,5.00,6.00,0.0124,0
2023-05-09 03:49:58,1683618599,3.92,41.0,98700,1e-7,3.00,5.00,6.00,0.0139,0
2023-05-09 03:54:47,1683618888,3.91,40.4,98700,1e-7,3.00,5.00,6.00,0.0191,0
2023-05-09 03:59:56,1683619197,3.92,39.9,98700,1.00,2.00,4.00,4.00,0.0115,0
2023-05-09 04:04:45,1683619485,3.94,40.6,98700,1e-7,3.00,5.00,6.00,0.0136,0
2023-05-09 04:09:55,1683619796,3.90,41.3,98700,1.00,3.00,5.00,6.00,0.0107,0
2023-05-09 04:14:43,1683620084,3.86,41.4,98700,1.00,3.00,5.00,6.00,0.0209,0
2023-05-09 04:19:52,1683620392,3.81,41.7,98700,1.00,4.00,7.00,9.00,0.0263,0
2023-05-09 04:24:40,1683620680,3.75,41.6,98700,1.00,5.00,8.00,9.00,0.0208,0
2023-05-09 04:29:48,1683620989,3.68,41.7,98700,1.00,3.00,5.00,6.00,0.0127,0
2023-05-09 04:34:57,1683621297,3.64,41.5,98700,1e-7,3.00,5.00,6.00,0.0131,0
2023-05-09 04:39:45,1683621586,3.60,42.2,98700,1.00,5.00,8.00,9.00,0.0170,0
2023-05-09 04:44:54,1683621894,3.59,42.5,98700,1.00,5.00,8.00,9.00,0.0149,0
2023-05-09 04:49:42,1683622182,3.58,42.2,98700,1.00,3.00,4.00,5.00,0.0149,0
2023-05-09 04:54:50,1683622491,3.54,42.4,98700,1e-7,3.00,5.00,6.00,0.0125,0
2023-05-09 04:59:59,1683622799,3.49,42.6,98700,1e-7,3.00,5.00,6.00,0.0108,0
2023-05-09 05:04:47,1683623087,3.42,43.3,98700,1e-7,3.00,5.00,6.00,0.0162,0
2023-05-09 05:09:55,1683623396,3.34,43.1,98700,1.00,6.00,10.0,12.0,0.0324,0
2023-05-09 05:14:44,1683623684,3.30,43.1,98700,1.00,5.00,8.00,9.00,0.0364,0
2023-05-09 05:19:52,1683623993,3.27,43.5,98700,1e-7,3.00,5.00,6.00,0.0251,0
2023-05-09 05:24:40,1683624281,3.25,43.7,98714,1.00,3.00,4.00,5.00,0.0199,0
2023-05-09 05:29:49,1683624590,3.23,43.7,98773,1e-7,3.00,5.00,6.00,0.0176,0
2023-05-09 05:34:58,1683624898,3.26,43.5,98800,1.00,2.00,2.00,3.00,0.0121,0
2023-05-09 05:39:46,1683625186,3.33,42.6,98800,1.00,6.00,10.0,12.0,0.0136,0
2023-05-09 05:44:54,1683625495,3.36,42.1,98800,1.00,5.00,8.00,10.0,0.0133,0
2023-05-09 05:49:42,1683625783,3.34,41.5,98800,2.00,6.00,10.0,12.0,0.0361,0
2023-05-09 05:54:51,1683626091,3.36,41.6,98800,1.00,3.00,4.00,5.00,0.0411,0
2023-05-09 05:56:33,1683626194,3.42,41.6,98800,1e-7,1.00,2.00,2.00,0.0425,0
2023-05-09 06:09:56,1683626997,3.69,41.7,98800,1e-7,2.00,4.00,4.00,0.0401,0
2023-05-09 06:10:17,1683627018,3.70,41.5,98800,1e-7,3.00,5.00,6.00,0.0195,0
2023-05-09 06:24:41,1683627881,4.30,41.1,98800,1e-7,3.00,5.00,6.00,0.0172,0
2023-05-09 06:29:49,1683628190,4.68,41.1,98800,1.00,2.00,4.00,4.00,0.0111,0
2023-05-09 06:34:57,1683628497,5.16,40.3,98867,1e-7,3.00,5.00,6.00,0.0112,0
2023-05-09 06:39:44,1683628784,5.59,39.7,98900,1.00,5.00,8.00,9.00,0.0123,0
2023-05-09 06:44:51,1683629092,6.04,39.2,98900,1e-7,3.00,5.00,6.00,0.0105,0
2023-05-09 06:49:59,1683629399,6.49,38.4,98900,1e-7,3.00,5.00,6.00,0.0142,0
2023-05-09 06:54:45,1683629686,6.91,37.3,98900,1e-7,3.00,5.00,6.00,0.0126,0
2023-05-09 06:59:52,1683629993,7.32,36.0,98900,2.00,6.00,8.00,10.0,0.0196,0
2023-05-09 07:04:59,1683630299,7.73,35.0,98900,1e-7,3.00,5.00,6.00,0.0195,0
2023-05-09 07:09:45,1683630586,8.09,34.1,98900,1.00,5.00,8.00,9.00,0.0168,0
2023-05-09 07:14:52,1683630892,8.44,33.0,98900,2.00,5.00,7.00,9.00,0.0318,0
2023-05-09 07:19:58,1683631199,8.84,32.2,98900,1.00,3.00,5.00,6.00,0.0144,0
2023-05-09 07:24:44,1683631485,9.22,32.0,98900,2.00,8.00,14.0,16.0,0.00924,0
2023-05-09 07:29:50,1683631791,9.64,31.1,98900,1.00,3.00,5.00,6.00,0.0154,0
2023-05-09 07:34:56,1683632097,10.1,30.4,98900,1.00,1.00,2.00,2.00,0.0360,0
2023-05-09 07:39:41,1683632382,10.4,29.5,98900,1e-7,3.00,5.00,6.00,0.0313,0
2023-05-09 07:40:42,1683632443,10.6,29.4,98900,1e-7,3.00,5.00,6.00,0.0146,0
2023-05-09 07:54:40,1683633280,11.5,28.4,98900,2.00,3.00,5.00,6.00,0.0220,0
2023-05-09 07:57:22,1683633443,11.8,28.4,98900,1e-7,3.00,5.00,6.00,0.0162,0
2023-05-09 08:34:46,1683635686,13.9,21.0,98900,1e-7,1e-7,1e-7,1e-7,0.0112,0
2023-05-09 08:39:49,1683635990,14.0,20.5,98900,1e-7,2.00,4.00,4.00,,
2023-05-09 08:42:52,1683636172,14.1,20.2,98900,1e-7,3.00,5.00,6.00,,
2023-05-09 08:54:54,1683636894,15.0,20.1,98900,1.00,3.00,5.00,6.00,,
2023-05-09 08:55:54,1683636955,15.1,20.0,98900,1e-7,1.00,2.00,2.00,,
2023-05-09 09:39:43,1683639584,16.2,17.9,98900,1e-7,3.00,5.00,6.00,0.0177,0
2023-05-09 09:41:04,1683639665,16.3,17.6,98900,1e-7,3.00,5.00,6.00,0.0193,0
2023-05-09 09:54:43,1683640483,16.0,17.1,98900,2.00,3.00,4.00,4.00,0.0193,0
2023-05-09 09:55:23,1683640524,16.1,17.3,98900,1e-7,2.00,4.00,4.00,0.0126,0
2023-05-09 10:09:57,1683641397,16.6,16.5,98900,1e-7,2.00,4.00,4.00,0.0204,0
2023-05-09 10:14:40,1683641680,16.7,16.4,98900,1.00,3.00,6.00,7.00,0.0204,0
2023-05-09 10:19:43,1683641983,16.8,16.4,98900,7.00,27.0,42.0,50.0,0.0753,0
2023-05-09 10:24:46,1683642286,16.9,16.0,98900,2.00,11.0,18.0,22.0,0.0982,0
2023-05-09 10:29:47,1683642588,17.1,15.3,98900,1.00,5.00,9.00,11.0,0.0279,0
2023-05-09 10:34:51,1683642891,17.1,15.5,98900,1.00,3.00,5.00,6.00,0.0907,0
2023-05-09 10:39:54,1683643194,17.4,14.9,98900,1.00,3.00,5.00,6.00,0.0326,0
2023-05-09 10:44:57,1683643498,17.6,14.9,98900,1e-7,3.00,5.00,6.00,0.0233,0
2023-05-09 10:49:40,1683643780,17.8,14.4,98900,4.00,6.00,8.00,9.00,0.0128,0
2023-05-09 10:54:43,1683644083,17.9,14.1,98900,1e-7,3.00,5.00,6.00,0.0145,0
2023-05-09 10:59:46,1683644386,17.7,14.1,98900,1.00,3.00,5.00,6.00,0.0156,0
2023-05-09 11:04:49,1683644689,17.7,14.4,98900,1e-7,3.00,5.00,6.00,0.0156,0
2023-05-09 11:09:52,1683644992,17.9,13.9,98900,1.00,5.00,9.00,11.0,0.0148,0
2023-05-09 11:14:54,1683645295,17.9,12.5,98900,1e-7,2.00,4.00,4.00,0.0247,0
2023-05-09 11:19:58,1683645598,17.9,12.8,98900,1e-7,2.00,4.00,4.00,0.0228,0
2023-05-09 11:21:59,1683645719,17.9,12.6,98900,1e-7,3.00,5.00,6.00,0.0157,0
2023-05-09 11:34:46,1683646487,18.2,13.1,98900,1.00,3.00,5.00,6.00,0.0109,0
2023-05-09 11:39:49,1683646790,18.3,12.7,98900,1.00,5.00,9.00,11.0,0.0188,0
2023-05-09 11:54:59,1683647699,18.1,12.6,98900,2.00,5.00,7.00,8.00,0.0161,0
2023-05-09 11:57:00,1683647821,18.0,12.4,98900,1e-7,3.00,5.00,6.00,0.0159,0
2023-05-09 12:09:48,1683648588,18.3,12.3,98900,1.00,5.00,8.00,9.00,0.0137,0
2023-05-09 12:14:50,1683648891,18.6,12.7,98900,1.00,3.00,5.00,6.00,0.0130,0
2023-05-09 12:18:12,1683649092,19.0,12.2,98900,1e-7,2.00,4.00,4.00,0.0157,0
2023-05-09 12:29:59,1683649799,18.9,11.5,98900,1e-7,2.00,4.00,5.00,0.0139,0
2023-05-09 12:33:00,1683649981,18.8,11.2,98900,1e-7,3.00,5.00,6.00,0.0153,0
2023-05-09 12:44:46,1683650686,19.2,12.0,98900,1e-7,3.00,5.00,6.00,0.0144,0
2023-05-09 12:49:48,1683650988,19.4,11.6,98867,2.00,3.00,5.00,6.00,0.0175,0
2023-05-09 12:50:28,1683651028,19.6,11.5,98800,1.00,2.00,3.00,3.00,0.0115,0
2023-05-09 13:04:49,1683651889,19.7,11.0,98900,1.00,8.00,14.0,16.0,0.0139,0
2023-05-09 13:09:31,1683652171,19.7,10.8,98900,2.00,3.00,5.00,6.00,0.0162,0
2023-05-09 13:19:55,1683652796,20.6,10.9,98900,1e-7,1e-7,1e-7,1e-7,0.0162,0
2023-05-09 13:24:57,1683653097,20.7,10.9,98880,2.00,3.00,5.00,5.00,0.0173,0
2023-05-09 13:28:42,1683653322,21.1,10.9,98833,2.00,3.00,5.00,6.00,,
2023-05-09 13:39:59,1683653999,21.6,9.80,98900,1e-7,1e-7,1e-7,1e-7,0.00982,0
2023-05-09 13:44:19,1683654260,21.8,9.57,98877,1e-7,2.00,4.00,4.00,0.0142,0
2023-05-09 13:49:45,1683654586,21.8,9.61,98886,1.00,4.00,7.00,9.00,0.0142,0
2023-05-09 13:54:45,1683654886,22.1,9.72,98833,1.00,3.00,5.00,6.00,0.0166,0
2023-05-09 13:59:46,1683655186,22.9,9.64,98807,1.00,2.00,4.00,4.00,0.0156,0
2023-05-09 14:04:46,1683655487,23.4,8.77,98800,1e-7,2.00,4.00,5.00,0.0119,0
2023-05-09 14:05:06,1683655507,23.6,9.17,98800,1e-7,1e-7,1e-7,1e-7,0.0106,0
2023-05-09 14:19:47,1683656388,24.4,8.50,98800,1e-7,3.00,5.00,6.00,0.0156,0
2023-05-09 14:24:50,1683656690,24.3,8.18,98800,1e-7,3.00,5.00,6.00,0.0156,0
2023-05-09 14:29:50,1683656990,24.2,7.88,98800,1.00,2.00,3.00,4.00,0.0138,0
2023-05-09 14:34:50,1683657291,24.1,8.30,98800,1e-7,3.00,5.00,6.00,0.0141,0
2023-05-09 14:39:50,1683657590,24.3,7.95,98800,2.00,9.00,16.0,19.0,0.0326,0
2023-05-09 14:44:50,1683657890,24.6,7.43,98800,1e-7,3.00,5.00,6.00,0.0497,0
2023-05-09 14:49:49,1683658190,24.5,7.31,98800,2.00,3.00,5.00,6.00,0.0222,0
2023-05-09 14:54:29,1683658469,24.7,7.43,98800,1.00,3.00,5.00,6.00,0.0231,0
2023-05-09 15:04:51,1683659091,25.1,7.23,98800,1e-7,2.00,4.00,5.00,0.0133,0
2023-05-09 15:09:51,1683659391,24.6,7.45,98800,6.00,25.0,41.0,49.0,0.285,0
2023-05-09 15:14:50,1683659691,23.9,7.88,98800,1.00,3.00,5.00,6.00,0.311,0
2023-05-09 15:16:10,1683659771,24.1,8.24,98800,1e-7,3.00,5.00,6.00,0.230,0
2023-05-09 15:29:48,1683660588,25.3,7.57,98800,1e-7,1e-7,1.00,1.00,0.305,0
2023-05-09 15:34:47,1683660887,26.0,6.83,98800,2.00,3.00,5.00,6.00,0.107,0
2023-05-09 15:39:46,1683661186,26.3,6.32,98800,1.00,5.00,8.00,9.00,0.0128,0
2023-05-09 15:44:45,1683661486,26.4,6.37,98800,1.00,3.00,4.00,5.00,0.0213,0
2023-05-09 15:49:44,1683661784,26.5,6.23,98800,2.00,10.0,16.0,19.0,0.0210,0
2023-05-09 15:54:45,1683662085,26.3,6.14,98800,1.00,6.00,9.00,11.0,0.148,0
2023-05-09 15:59:44,1683662384,26.6,6.14,98800,2.00,8.00,13.0,15.0,0.113,0
2023-05-09 16:04:42,1683662683,27.4,5.86,98800,1.00,3.00,5.00,6.00,0.107,0
2023-05-09 16:05:02,1683662703,27.5,5.39,98800,1e-7,1e-7,1e-7,1e-7,0.0135,0
2023-05-09 16:19:41,1683663581,28.1,5.55,98800,1.00,6.00,10.0,12.0,0.0172,0
2023-05-09 16:22:20,1683663740,28.1,5.28,98800,2.00,5.00,9.00,11.0,0.0187,0
2023-05-09 16:34:41,1683664481,28.0,4.86,98800,1.00,2.00,3.00,4.00,0.0187,0
2023-05-09 16:39:39,1683664780,27.7,4.70,98800,1.00,3.00,5.00,6.00,0.0251,0
2023-05-09 16:49:43,1683665383,27.5,5.28,98800,1.00,2.00,4.00,5.00,0.0251,0
2023-05-09 16:54:42,1683665682,27.8,4.98,98800,1.00,2.00,4.00,5.00,0.0129,0
2023-05-09 16:59:40,1683665981,28.3,4.65,98800,2.00,3.00,5.00,6.00,0.0118,0
2023-05-09 17:00:40,1683666040,28.7,5.11,98800,1e-7,2.00,4.00,4.00,0.0127,0
2023-05-09 17:14:53,1683666894,28.5,4.57,98800,1.00,5.00,8.00,10.0,0.0127,0
2023-05-09 17:15:13,1683666914,28.3,4.70,98800,1e-7,1e-7,1e-7,1e-7,0.00774,0
2023-05-09 17:29:53,1683667793,27.9,4.88,98800,2.00,3.00,5.00,6.00,0.0141,0
2023-05-09 17:34:56,1683668096,28.2,4.83,98800,1.00,4.00,6.00,7.00,,
2023-05-09 17:39:45,1683668386,27.9,4.36,98800,1.00,2.00,4.00,4.00,0.0217,0
2023-05-09 17:44:44,1683668684,27.5,4.85,98800,1.00,2.00,4.00,5.00,0.0242,0
2023-05-09 17:49:42,1683668983,27.7,4.88,98800,1.00,3.00,4.00,5.00,0.0102,0
2023-05-09 17:54:41,1683669281,28.1,5.00,98800,1.00,4.00,6.00,7.00,0.0126,0
2023-05-09 17:59:59,1683669600,28.0,4.88,98800,1.00,5.00,9.00,11.0,0.0126,0
2023-05-09 18:04:58,1683669899,27.8,5.02,98800,2.00,4.00,5.00,6.00,0.0166,0
2023-05-09 18:09:57,1683670198,27.3,5.20,98800,2.00,6.00,11.0,13.0,0.0176,0
2023-05-09 18:14:41,1683670482,26.4,5.56,98800,1.00,3.00,5.00,6.00,0.0208,0
2023-05-09 18:19:41,1683670781,25.4,5.69,98800,2.00,7.00,11.0,13.0,0.0220,0
2023-05-09 18:24:41,1683671081,24.6,6.15,98800,1.00,3.00,5.00,6.00,0.0391,0
2023-05-09 18:29:41,1683671382,23.6,6.55,98800,1.00,3.00,5.00,6.00,0.0457,0
2023-05-09 18:34:42,1683671682,22.8,7.14,98800,2.00,8.00,13.0,16.0,0.0238,0
2023-05-09 18:39:43,1683671983,22.4,7.32,98800,1.00,3.00,5.00,6.00,0.0311,0
2023-05-09 18:44:44,1683672285,22.0,7.31,98800,2.00,4.00,7.00,9.00,0.0311,0
2023-05-09 18:49:46,1683672586,21.7,7.74,98800,1.00,6.00,10.0,12.0,0.0263,0
2023-05-09 18:54:47,1683672887,21.9,7.74,98800,1.00,3.00,4.00,5.00,0.0188,0
2023-05-09 18:59:48,1683673189,21.8,7.68,98800,2.00,4.00,5.00,6.00,0.0233,0
2023-05-09 19:04:50,1683673490,21.9,8.13,98800,2.00,5.00,8.00,9.00,0.0222,0
2023-05-09 19:09:51,1683673791,22.4,8.02,98800,1.00,2.00,4.00,4.00,0.0266,0
2023-05-09 19:14:52,1683674093,21.8,7.54,98800,2.00,7.00,11.0,13.0,0.0369,0
2023-05-09 19:19:54,1683674395,20.7,7.92,98800,1.00,5.00,8.00,9.00,0.0254,0
2023-05-09 19:24:57,1683674697,19.6,8.70,98800,2.00,5.00,9.00,11.0,0.0156,0
2023-05-09 19:29:59,1683674999,18.7,9.11,98800,2.00,3.00,5.00,6.00,0.0253,0
2023-05-09 19:34:41,1683675282,18.1,9.48,98800,2.00,2.00,4.00,4.00,0.0266,0
2023-05-09 19:39:45,1683675585,17.5,9.93,98800,1.00,4.00,7.00,8.00,0.0144,0
2023-05-09 19:44:48,1683675888,17.1,10.5,98800,1.00,5.00,9.00,10.0,0.0225,0
2023-05-09 19:49:51,1683676192,16.6,10.7,98800,2.00,4.00,7.00,8.00,0.0211,0
2023-05-09 19:54:55,1683676496,16.3,11.0,98800,2.00,3.00,5.00,6.00,0.0135,0
2023-05-09 19:59:59,1683676799,16.0,11.4,98800,3.00,9.00,15.0,17.0,0.0117,0
2023-05-09 20:04:43,1683677083,15.6,12.0,98800,1.00,3.00,5.00,6.00,0.0447,0
2023-05-09 20:09:47,1683677388,15.1,12.5,98800,2.00,5.00,8.00,9.00,0.0389,0
2023-05-09 20:14:52,1683677692,14.7,12.6,98800,2.00,4.00,6.00,7.00,0.0247,0
2023-05-09 20:19:56,1683677997,14.3,13.1,98800,1.00,8.00,13.0,15.0,0.0176,0
2023-05-09 20:24:41,1683678281,13.9,13.5,98871,2.00,7.00,11.0,13.0,0.0146,0
2023-05-09 20:29:45,1683678586,13.6,13.9,98900,2.00,3.00,5.00,6.00,0.0122,0
2023-05-09 20:34:50,1683678891,13.2,14.6,98900,2.00,6.00,10.0,12.0,0.0141,0
2023-05-09 20:39:55,1683679196,12.8,15.2,98900,3.00,10.0,15.0,18.0,0.0235,0
2023-05-09 20:44:40,1683679481,12.5,15.5,98900,3.00,5.00,6.00,7.00,0.0354,0
2023-05-09 20:49:45,1683679786,12.2,16.0,98900,4.00,18.0,29.0,34.0,0.0116,0
2023-05-09 20:54:51,1683680091,11.8,16.5,98900,1.00,3.00,5.00,6.00,0.0362,0
2023-05-09 20:59:56,1683680397,11.5,16.7,98900,3.00,10.0,16.0,19.0,0.0502,0
2023-05-09 21:04:42,1683680682,11.2,17.0,98900,1.00,3.00,5.00,6.00,0.0132,0
2023-05-09 21:09:47,1683680988,11.0,17.2,98900,2.00,7.00,11.0,13.0,0.0170,0
2023-05-09 21:14:53,1683681294,10.8,17.7,98900,2.00,3.00,5.00,6.00,0.0492,0
2023-05-09 21:19:59,1683681600,10.6,18.3,98900,2.00,5.00,9.00,11.0,0.0157,0
2023-05-09 21:24:45,1683681885,10.3,18.4,98900,1e-7,3.00,5.00,6.00,0.0115,0
2023-05-09 21:29:51,1683682191,10.1,18.6,98900,2.00,4.00,5.00,6.00,0.0357,0
2023-05-09 21:34:58,1683682498,9.97,18.9,98900,3.00,10.0,17.0,20.0,0.0534,0
2023-05-09 21:39:43,1683682784,9.80,19.0,98900,2.00,5.00,8.00,9.00,0.0898,0
2023-05-09 21:44:50,1683683090,9.65,19.3,98900,2.00,12.0,20.0,24.0,0.0501,0
2023-05-09 21:49:56,1683683396,9.52,19.5,98900,1.00,3.00,5.00,6.00,0.0302,0
2023-05-09 21:54:42,1683683682,9.42,19.5,98900,2.00,3.00,5.00,6.00,0.0627,0
2023-05-09 21:59:48,1683683989,9.32,19.4,98900,1e-7,3.00,4.00,5.00,0.0469,0
2023-05-09 22:04:55,1683684295,9.23,19.6,98900,1.00,3.00,5.00,6.00,0.0119,0
2023-05-09 22:09:41,1683684581,9.14,19.7,98900,1.00,3.00,5.00,6.00,0.0224,0
2023-05-09 22:14:47,1683684888,9.05,20.2,98900,1.00,3.00,5.00,6.00,0.0299,0
2023-05-09 22:19:54,1683685195,8.95,20.2,98900,2.00,7.00,11.0,13.0,0.0168,0
2023-05-09 22:24:40,1683685481,8.85,20.6,98900,1.00,3.00,5.00,6.00,0.0129,0
2023-05-09 22:29:47,1683685788,8.74,21.0,98900,2.00,5.00,7.00,8.00,0.0191,0
2023-05-09 22:34:54,1683686094,8.62,21.2,98900,2.00,4.00,6.00,7.00,0.0192,0
2023-05-09 22:39:40,1683686381,8.50,21.5,98900,1.00,5.00,8.00,9.00,0.0143,0
2023-05-09 22:44:47,1683686688,8.37,21.7,98900,1.00,4.00,7.00,9.00,0.0237,0
2023-05-09 22:49:54,1683686995,8.25,21.9,98900,1.00,6.00,9.00,11.0,0.0142,0
2023-05-09 22:54:41,1683687281,8.13,21.8,98900,1.00,3.00,5.00,6.00,0.0180,0
2023-05-09 22:59:48,1683687588,8.05,22.2,98900,2.00,6.00,9.00,11.0,0.0313,0
2023-05-09 23:04:55,1683687895,7.95,22.1,98900,1.00,5.00,9.00,11.0,0.0470,0
2023-05-09 23:09:41,1683688182,7.85,22.3,98900,1.00,3.00,5.00,6.00,0.0256,0
2023-05-09 23:14:48,1683688489,7.73,22.5,98900,2.00,9.00,15.0,18.0,0.0309,0
2023-05-09 23:19:55,1683688796,7.65,23.0,98900,1.00,5.00,8.00,9.00,0.0554,0
2023-05-09 23:24:42,1683689082,7.57,23.3,98900,2.00,3.00,5.00,6.00,0.0524,0
2023-05-09 23:29:49,1683689390,7.49,23.5,98900,2.00,5.00,6.00,7.00,0.0354,0
2023-05-09 23:34:56,1683689697,7.43,23.6,98900,2.00,11.0,18.0,22.0,0.0218,0
2023-05-09 23:39:43,1683689983,7.38,24.3,98900,2.00,5.00,8.00,10.0,0.0479,0
2023-05-09 23:44:50,1683690291,7.29,24.7,98900,2.00,4.00,6.00,7.00,0.0165,0
2023-05-09 23:49:57,1683690598,7.17,24.6,98900,1.00,5.00,9.00,11.0,0.0177,0
2023-05-09 23:54:44,1683690885,7.04,25.5,98957,1.00,6.00,10.0,12.0,0.0185,0
2023-05-09 23:59:52,1683691192,6.90,26.1,98993,1.00,5.00,8.00,9.00,0.0187,0
2023-05-10 00:04:59,1683691500,6.70,26.4,98960,2.00,10.0,17.0,20.0,0.0187,0
2023-05-10 00:09:47,1683691787,6.50,26.7,98900,1.00,3.00,5.00,6.00,0.0216,0
2023-05-10 00:14:54,1683692095,6.30,27.1,98900,3.00,4.00,5.00,6.00,0.0344,0
2023-05-10 00:19:41,1683692382,6.13,27.7,98900,2.00,4.00,7.00,9.00,0.0203,0
2023-05-10 00:24:49,1683692690,6.00,27.8,98900,1.00,1.00,2.00,2.00,0.0125,0
2023-05-10 00:29:57,1683692997,5.86,28.1,98947,1.00,5.00,9.00,11.0,0.0251,0
2023-05-10 00:34:44,1683693285,5.75,28.0,98993,1.00,3.00,6.00,7.00,0.0515,0
2023-05-10 00:39:52,1683693593,5.66,28.4,98900,3.00,9.00,14.0,17.0,0.0464,0
2023-05-10 00:44:39,1683693880,5.59,27.8,98964,2.00,6.00,9.00,11.0,0.105,0
2023-05-10 00:49:47,1683694188,5.58,27.4,98900,1.00,4.00,7.00,9.00,0.0807,0
2023-05-10 00:54:55,1683694496,5.63,27.5,98900,1.00,5.00,8.00,9.00,0.0972,0
2023-05-10 00:59:42,1683694783,5.70,27.6,98900,1.00,6.00,10.0,12.0,0.0256,0
2023-05-10 01:04:50,1683695091,5.76,27.3,98900,1.00,5.00,8.00,10.0,0.0243,0
2023-05-10 01:09:58,1683695398,5.80,27.2,98900,1.00,3.00,5.00,6.00,0.0236,0
2023-05-10 01:14:45,1683695686,5.81,27.5,98900,2.00,9.00,15.0,18.0,0.0693,0
2023-05-10 01:19:53,1683695993,5.80,27.6,98900,2.00,3.00,5.00,6.00,0.0366,0
2023-05-10 01:24:40,1683696281,5.80,27.5,98900,1.00,4.00,7.00,9.00,0.0366,0
2023-05-10 01:29:47,1683696588,5.82,27.5,98900,1e-7,3.00,5.00,6.00,0.0180,0
2023-05-10 01:34:55,1683696896,5.85,27.8,98900,2.00,5.00,8.00,9.00,0.0165,0
2023-05-10 01:39:42,1683697183,5.91,28.2,98900,2.00,3.00,5.00,6.00,0.0165,0
2023-05-10 01:44:50,1683697491,6.02,28.4,98900,1.00,4.00,6.00,7.00,0.0138,0
2023-05-10 01:49:58,1683697799,6.13,28.6,98900,1.00,5.00,8.00,9.00,0.0155,0
2023-05-10 01:54:45,1683698086,6.21,29.0,98900,1.00,3.00,5.00,6.00,0.0113,0
2023-05-10 01:59:53,1683698394,6.28,29.3,98900,1e-7,3.00,5.00,6.00,0.0114,0
2023-05-10 02:04:40,1683698680,6.30,29.7,98900,2.00,9.00,15.0,17.0,0.0379,0
2023-05-10 02:09:48,1683698988,6.26,30.0,98900,2.00,7.00,11.0,13.0,0.0383,0
2023-05-10 02:14:55,1683699296,6.13,30.7,98900,2.00,5.00,9.00,11.0,0.0146,0
2023-05-10 02:19:43,1683699583,5.93,30.2,98900,1.00,5.00,7.00,9.00,0.0234,0
2023-05-10 02:24:50,1683699891,5.75,30.1,98900,1.00,3.00,5.00,6.00,0.0230,0
2023-05-10 02:29:58,1683700199,5.59,30.1,98900,2.00,3.00,5.00,6.00,0.0438,0
2023-05-10 02:34:46,1683700486,5.44,29.7,98900,1.00,4.00,7.00,8.00,0.0296,0
2023-05-10 02:39:54,1683700794,5.34,29.7,98900,2.00,4.00,7.00,9.00,0.0146,0
2023-05-10 02:44:41,1683701082,5.25,29.8,98900,2.00,5.00,7.00,9.00,0.0174,0
2023-05-10 02:49:49,1683701390,5.18,30.3,98900,2.00,5.00,9.00,11.0,0.0117,0
2023-05-10 02:54:57,1683701698,5.15,31.0,98900,1.00,5.00,9.00,11.0,0.0201,0
2023-05-10 02:59:45,1683701985,5.15,31.4,98900,2.00,6.00,9.00,11.0,0.0238,0
2023-05-10 03:04:53,1683702294,5.15,32.1,98900,2.00,6.00,9.00,10.0,0.0460,0
2023-05-10 03:09:41,1683702581,5.17,32.0,98900,1e-7,3.00,5.00,6.00,0.0329,0
2023-05-10 03:14:49,1683702890,5.25,32.6,98900,1.00,3.00,5.00,6.00,0.0329,0
2023-05-10 03:19:57,1683703198,5.37,32.5,98900,2.00,3.00,5.00,6.00,0.0105,0
2023-05-10 03:24:44,1683703485,5.47,32.8,98900,2.00,5.00,8.00,9.00,0.0135,0
2023-05-10 03:29:53,1683703793,5.48,32.2,98900,2.00,7.00,11.0,13.0,0.0186,0
2023-05-10 03:34:40,1683704080,5.49,32.0,98900,1.00,3.00,5.00,6.00,0.0195,0
2023-05-10 03:39:48,1683704388,5.46,31.4,98900,1.00,3.00,5.00,6.00,0.0214,0
2023-05-10 03:44:56,1683704696,5.37,31.3,98900,2.00,7.00,11.0,13.0,0.0236,0
2023-05-10 03:49:43,1683704984,5.30,32.0,98900,2.00,6.00,9.00,11.0,0.0546,0
2023-05-10 03:54:51,1683705292,5.21,32.6,98900,2.00,3.00,5.00,6.00,0.0680,0
2023-05-10 03:59:59,1683705600,5.13,31.8,98900,3.00,3.00,4.00,5.00,0.0863,0
2023-05-10 04:04:47,1683705888,5.05,31.9,98900,1.00,3.00,5.00,6.00,0.0258,0
2023-05-10 04:09:55,1683706196,4.97,32.1,98900,2.00,8.00,14.0,16.0,0.0410,0
2023-05-10 04:14:43,1683706484,4.90,31.8,98900,1e-7,3.00,5.00,6.00,0.0352,0
2023-05-10 04:19:51,1683706792,4.85,32.4,98900,2.00,6.00,10.0,11.0,0.0430,0
2023-05-10 04:24:39,1683707080,4.80,32.9,98900,2.00,3.00,5.00,6.00,0.0181,0
2023-05-10 04:29:47,1683707388,4.73,33.3,98900,1.00,3.00,5.00,6.00,0.0212,0
2023-05-10 04:34:56,1683707696,4.64,33.2,98900,2.00,3.00,5.00,6.00,0.0142,0
2023-05-10 04:39:43,1683707984,4.57,33.3,98900,1.00,5.00,8.00,9.00,0.0164,0
2023-05-10 04:44:52,1683708292,4.63,34.0,98900,2.00,3.00,5.00,6.00,0.0283,0
2023-05-10 04:49:40,1683708580,4.78,34.6,98900,2.00,7.00,12.0,14.0,0.0324,0
2023-05-10 04:54:48,1683708888,4.93,35.0,98900,1.00,3.00,5.00,6.00,0.0196,0
2023-05-10 04:59:56,1683709197,5.05,35.3,98900,2.00,5.00,8.00,9.00,0.0196,0
2023-05-10 05:04:44,1683709484,5.19,35.4,98900,1.00,3.00,5.00,6.00,0.0111,0
2023-05-10 05:09:52,1683709792,5.33,34.8,98900,3.00,3.00,5.00,6.00,0.0129,0
2023-05-10 05:14:39,1683710080,5.40,34.3,98900,2.00,4.00,7.00,9.00,0.0116,0
2023-05-10 05:19:48,1683710388,5.41,34.6,98900,2.00,7.00,11.0,13.0,0.0194,0
2023-05-10 05:24:56,1683710696,5.37,35.0,98900,3.00,7.00,11.0,13.0,0.0988,0
2023-05-10 05:29:43,1683710984,5.26,34.9,98900,3.00,6.00,10.0,12.0,0.0988,0
2023-05-10 05:34:51,1683711292,5.19,35.2,98900,2.00,4.00,7.00,9.00,0.0239,0
2023-05-10 05:39:59,1683711600,5.15,35.3,98900,2.00,7.00,12.0,14.0,0.0212,0
2023-05-10 05:44:47,1683711887,5.16,35.5,98900,1.00,5.00,8.00,9.00,0.0396,0
2023-05-10 05:49:55,1683712195,5.17,36.0,98900,4.00,6.00,9.00,11.0,0.0457,0
2023-05-10 05:54:42,1683712482,5.16,36.2,98900,2.00,3.00,5.00,6.00,0.0479,0
2023-05-10 05:59:50,1683712790,5.15,36.5,98900,1.00,3.00,5.00,6.00,0.0184,0
2023-05-10 06:04:58,1683713098,5.22,36.3,98900,1.00,4.00,7.00,9.00,0.0175,0
2023-05-10 06:09:45,1683713385,5.36,36.9,98900,2.00,5.00,9.00,10.0,0.0133,0
2023-05-10 06:14:52,1683713693,5.48,37.4,98900,2.00,5.00,9.00,11.0,0.0170,0
2023-05-10 06:19:40,1683713980,5.68,37.6,98900,2.00,3.00,5.00,6.00,0.0220,0
2023-05-10 06:24:47,1683714288,5.89,37.1,98900,2.00,10.0,16.0,19.0,0.0277,0
2023-05-10 06:29:54,1683714595,6.17,37.1,98900,2.00,6.00,10.0,12.0,0.0314,0
2023-05-10 06:34:41,1683714882,6.51,37.8,98900,4.00,9.00,14.0,16.0,0.0314,0
2023-05-10 06:39:48,1683715189,6.73,36.8,98900,4.00,10.0,14.0,17.0,0.0345,0
2023-05-10 06:44:56,1683715496,6.87,36.0,98900,4.00,5.00,8.00,9.00,0.0265,0
2023-05-10 06:49:42,1683715783,7.01,35.6,98900,2.00,9.00,15.0,17.0,0.0193,0
2023-05-10 06:54:49,1683716090,7.08,34.9,98900,2.00,5.00,9.00,11.0,0.0193,0
2023-05-10 06:59:56,1683716397,7.20,35.3,98900,2.00,3.00,5.00,6.00,0.0263,0
2023-05-10 07:04:43,1683716683,7.37,34.2,98900,3.00,7.00,10.0,12.0,0.0263,0
2023-05-10 07:09:49,1683716990,7.68,33.6,98900,2.00,6.00,11.0,13.0,0.0231,0
2023-05-10 07:14:56,1683717296,8.06,32.8,98900,2.00,5.00,9.00,11.0,0.0381,0
2023-05-10 07:19:42,1683717582,8.63,32.7,98900,2.00,5.00,8.00,9.00,0.0592,0
2023-05-10 07:24:48,1683717889,9.35,31.9,98900,2.00,7.00,12.0,14.0,0.0592,0
2023-05-10 07:29:54,1683718195,10.2,30.9,98900,4.00,11.0,17.0,20.0,0.0591,0
2023-05-10 07:34:39,1683718480,11.0,30.0,98900,2.00,3.00,5.00,6.00,0.0516,0
2023-05-10 07:35:40,1683718541,11.4,29.6,98900,1.00,3.00,5.00,5.00,0.0133,0
2023-05-10 07:49:55,1683719395,13.0,26.8,98900,4.00,5.00,8.00,9.00,0.0618,0
2023-05-10 07:52:57,1683719578,13.3,26.0,98900,2.00,4.00,7.00,8.00,0.0370,0
2023-05-10 08:54:47,1683723287,17.9,20.3,98900,2.00,5.00,7.00,8.00,,
2023-05-10 09:08:44,1683724125,19.4,17.4,98900,1e-7,1e-7,1e-7,1e-7,,
2023-05-10 09:27:31,1683725252,20.6,13.5,98900,1e-7,3.00,5.00,6.00,,
2023-05-10 09:39:18,1683725959,20.3,13.4,98800,1e-7,1e-7,1e-7,1e-7,,
2023-05-10 09:54:50,1683726891,20.6,12.9,98800,1e-7,3.00,4.00,5.00,,
2023-05-10 09:59:52,1683727193,20.6,12.6,98800,1.00,4.00,6.00,7.00,,
2023-05-10 10:03:13,1683727394,20.7,12.6,98800,1.00,3.00,5.00,6.00,0.0132,0
2023-05-10 10:14:43,1683728084,21.1,11.8,98800,1e-7,2.00,4.00,4.00,0.0132,0
2023-05-10 10:19:53,1683728394,21.1,11.9,98800,2.00,4.00,6.00,7.00,0.0131,0
2023-05-10 10:20:13,1683728414,21.1,11.8,98800,1e-7,3.00,4.00,5.00,0.0129,0
2023-05-10 10:34:42,1683729282,21.4,11.8,98800,2.00,5.00,8.00,10.0,0.0172,0
2023-05-10 10:38:43,1683729524,21.5,11.3,98800,2.00,7.00,11.0,13.0,0.0242,0
2023-05-10 10:54:57,1683730497,21.7,10.6,98800,2.00,5.00,9.00,11.0,0.0226,0
2023-05-10 10:56:57,1683730618,21.5,11.0,98800,1e-7,3.00,5.00,6.00,0.0152,0
2023-05-10 11:09:47,1683731387,22.0,11.3,98800,1.00,5.00,8.00,9.00,0.0152,0
2023-05-10 11:14:48,1683731689,22.1,11.2,98800,3.00,14.0,24.0,28.0,0.0246,0
2023-05-10 11:17:09,1683731829,22.1,11.1,98800,1.00,3.00,4.00,5.00,0.0422,0
2023-05-10 11:29:42,1683732582,22.3,11.4,98700,1.00,5.00,8.00,9.00,0.0491,0
2023-05-10 11:34:44,1683732884,22.5,11.4,98700,2.00,2.00,4.00,4.00,0.0541,0
2023-05-10 11:39:45,1683733186,22.6,10.9,98700,2.00,5.00,9.00,11.0,0.0394,0
2023-05-10 11:44:47,1683733488,22.9,11.5,98700,2.00,4.00,5.00,5.00,0.0204,0
2023-05-10 11:49:49,1683733789,23.1,11.3,98700,2.00,6.00,10.0,12.0,0.0153,0
2023-05-10 11:54:50,1683734091,23.0,11.5,98700,4.00,7.00,9.00,10.0,0.0225,0
2023-05-10 11:59:48,1683734389,23.1,11.7,98700,2.00,9.00,14.0,17.0,0.0379,0
2023-05-10 12:04:50,1683734690,23.3,11.5,98700,2.00,6.00,10.0,12.0,0.0567,0
2023-05-10 12:09:51,1683734991,23.4,11.4,98700,2.00,5.00,8.00,9.00,0.0501,0
2023-05-10 12:14:52,1683735292,23.4,11.7,98700,3.00,5.00,7.00,9.00,0.0501,0
2023-05-10 12:19:53,1683735593,23.5,11.9,98700,3.00,3.00,5.00,6.00,0.0144,0
2023-05-10 12:24:54,1683735894,23.8,12.0,98700,3.00,4.00,5.00,5.00,0.0166,0
2023-05-10 12:29:55,1683736195,23.9,11.8,98700,2.00,4.00,7.00,8.00,0.0163,0
2023-05-10 12:39:53,1683736793,24.4,12.0,98600,2.00,4.00,5.00,6.00,0.0177,0
2023-05-10 12:43:13,1683736994,24.5,11.5,98600,3.00,4.00,5.00,6.00,0.0177,0
2023-05-10 12:54:56,1683737696,24.9,11.6,98600,2.00,3.00,4.00,5.00,0.0142,0
2023-05-10 12:59:56,1683737996,25.3,11.5,98600,2.00,4.00,5.00,5.00,0.0125,0
2023-05-10 13:01:35,1683738096,25.6,11.0,98600,2.00,3.00,3.00,4.00,0.0109,0
2023-05-10 13:09:50,1683738590,25.8,11.0,98600,3.00,5.00,7.00,8.00,0.0115,0
2023-05-10 13:14:50,1683738890,26.1,11.1,98600,2.00,4.00,5.00,6.00,0.0132,0
2023-05-10 13:19:49,1683739189,26.5,9.88,98600,3.00,4.00,6.00,6.00,0.0132,0
2023-05-10 13:22:08,1683739329,26.5,9.75,98600,2.00,4.00,7.00,8.00,0.0123,0
2023-05-10 13:34:49,1683740090,25.3,10.5,98600,2.00,9.00,14.0,17.0,0.0155,0
2023-05-10 13:35:49,1683740149,25.3,10.7,98600,2.00,3.00,5.00,6.00,0.0285,0
2023-05-10 13:44:44,1683740684,26.6,10.3,98600,2.00,3.00,5.00,6.00,0.0285,0
2023-05-10 13:49:43,1683740983,26.9,9.72,98600,2.00,6.00,9.00,11.0,0.0135,0
2023-05-10 13:54:41,1683741282,27.2,9.45,98547,2.00,3.00,4.00,5.00,0.0128,0
2023-05-10 13:58:40,1683741521,27.7,9.62,98500,2.00,3.00,4.00,4.00,0.0596,0
2023-05-10 14:09:42,1683742183,27.9,8.70,98500,3.00,4.00,5.00,6.00,0.0529,0
2023-05-10 14:14:41,1683742481,28.1,8.68,98500,1.00,5.00,8.00,9.00,0.0181,0
2023-05-10 14:24:56,1683743097,28.1,8.64,98500,1.00,2.00,3.00,3.00,0.0129,0
2023-05-10 14:29:35,1683743375,28.3,8.62,98500,2.00,4.00,7.00,9.00,0.0183,0
2023-05-10 14:44:53,1683744293,29.5,7.48,98500,2.00,4.00,7.00,8.00,0.0183,0
2023-05-10 14:49:31,1683744571,29.5,7.62,98500,1.00,5.00,9.00,10.0,0.0197,0
2023-05-10 15:04:45,1683745485,31.0,6.56,98500,2.00,4.00,7.00,8.00,0.0272,0
2023-05-10 15:07:03,1683745624,30.9,6.26,98500,1.00,5.00,8.00,9.00,0.0272,0
2023-05-10 15:19:40,1683746381,30.8,6.67,98400,1.00,4.00,7.00,9.00,0.0175,0
2023-05-10 15:24:18,1683746658,31.0,6.39,98400,5.00,18.0,29.0,35.0,0.0310,0
2023-05-10 15:39:40,1683747580,32.1,6.19,98400,1e-7,3.00,5.00,6.00,0.0336,0
2023-05-10 15:44:57,1683747897,32.2,5.92,98400,1.00,5.00,8.00,9.00,0.0742,0
2023-05-10 15:49:53,1683748194,31.7,5.86,98400,3.00,11.0,18.0,21.0,0.0739,0
2023-05-10 15:54:51,1683748491,31.8,6.12,98400,1.00,2.00,4.00,4.00,0.0320,0
2023-05-10 15:59:28,1683748768,32.3,6.33,98400,2.00,5.00,8.00,9.00,0.0119,0
2023-05-10 16:09:43,1683749384,33.7,5.35,98400,1e-7,1.00,2.00,2.00,0.00651,0
2023-05-10 16:14:59,1683749700,33.5,5.56,98400,5.00,16.0,26.0,31.0,0.0224,0
2023-05-10 16:17:37,1683749858,33.1,5.63,98400,1.00,4.00,7.00,8.00,0.0158,0
2023-05-10 16:29:53,1683750593,32.4,5.70,98400,2.00,6.00,9.00,11.0,0.0177,0
2023-05-10 16:33:11,1683750791,32.2,6.14,98400,2.00,4.00,5.00,6.00,0.0177,0
2023-05-10 16:39:45,1683751186,32.6,5.78,98400,1.00,4.00,7.00,8.00,0.0198,0
2023-05-10 16:44:42,1683751482,32.7,5.88,98400,2.00,3.00,5.00,6.00,0.0198,0
2023-05-10 16:49:59,1683751799,32.8,5.78,98400,2.00,4.00,6.00,6.00,0.0122,0
2023-05-10 16:59:53,1683752393,33.0,5.55,98400,1e-7,1.00,1.00,1.00,0.0170,0
2023-05-10 17:04:49,1683752690,33.0,5.58,98400,4.00,4.00,4.00,4.00,0.0181,0
2023-05-10 17:08:47,1683752927,33.1,5.43,98400,2.00,3.00,4.00,5.00,0.0109,0
2023-05-10 17:19:58,1683753598,32.6,5.66,98400,1.00,2.00,2.00,3.00,0.0118,0
2023-05-10 17:24:55,1683753895,32.8,5.88,98367,3.00,5.00,6.00,7.00,0.00995,0
2023-05-10 17:29:55,1683754196,33.1,5.67,98356,1e-7,3.00,5.00,6.00,0.0127,0
2023-05-10 17:34:52,1683754493,33.1,5.56,98393,2.00,7.00,11.0,13.0,0.0127,0
2023-05-10 17:39:50,1683754790,32.6,5.85,98300,1.00,4.00,7.00,9.00,0.0252,0
2023-05-10 17:44:47,1683755088,32.6,5.96,98327,2.00,4.00,7.00,8.00,0.0252,0
2023-05-10 17:49:44,1683755385,32.6,5.82,98307,4.00,10.0,16.0,19.0,0.0184,0
2023-05-10 17:54:42,1683755683,32.4,5.82,98300,2.00,3.00,4.00,5.00,0.0226,0
2023-05-10 17:59:40,1683755980,31.7,6.10,98347,2.00,5.00,8.00,9.00,0.0230,0
2023-05-10 18:04:58,1683756298,30.9,6.47,98394,2.00,3.00,4.00,4.00,0.0218,0
2023-05-10 18:09:56,1683756597,30.0,6.95,98400,1.00,5.00,9.00,11.0,0.0218,0
2023-05-10 18:14:55,1683756896,29.3,7.30,98400,2.00,4.00,6.00,7.00,0.0375,0
2023-05-10 18:19:54,1683757195,28.7,7.82,98400,2.00,3.00,5.00,6.00,0.0215,0
2023-05-10 18:24:53,1683757494,28.5,8.34,98400,2.00,5.00,8.00,10.0,0.0148,0
2023-05-10 18:29:53,1683757793,28.2,8.24,98400,2.00,5.00,9.00,11.0,0.0256,0
2023-05-10 18:34:52,1683758093,28.0,8.49,98400,2.00,7.00,11.0,13.0,0.0203,0
2023-05-10 18:39:52,1683758392,27.8,8.59,98400,2.00,4.00,6.00,7.00,0.0198,0
2023-05-10 18:44:52,1683758692,27.5,8.84,98400,2.00,4.00,7.00,9.00,0.0198,0
2023-05-10 18:49:52,1683758992,27.3,8.86,98400,2.00,5.00,8.00,10.0,0.0130,0
2023-05-10 18:54:52,1683759292,27.2,9.01,98400,2.00,4.00,7.00,9.00,0.0181,0
2023-05-10 18:59:52,1683759593,26.9,9.23,98400,3.00,3.00,4.00,5.00,0.0189,0
2023-05-10 19:04:52,1683759893,26.6,9.43,98400,2.00,6.00,9.00,11.0,0.0189,0
2023-05-10 19:09:52,1683760193,26.4,9.62,98400,2.00,8.00,14.0,17.0,0.0187,0
2023-05-10 19:14:52,1683760493,26.2,9.77,98400,3.00,3.00,4.00,5.00,0.0258,0
2023-05-10 19:19:52,1683760792,25.9,10.0,98400,2.00,5.00,8.00,9.00,0.0258,0
2023-05-10 19:24:53,1683761093,25.4,10.4,98400,2.00,5.00,8.00,10.0,0.0296,0
2023-05-10 19:29:54,1683761394,25.0,10.7,98400,2.00,2.00,4.00,4.00,0.0265,0
2023-05-10 19:34:55,1683761695,24.6,11.2,98400,3.00,3.00,5.00,6.00,0.0265,0
2023-05-10 19:39:56,1683761996,24.2,11.5,98400,3.00,5.00,9.00,10.0,0.0190,0
2023-05-10 19:44:57,1683762297,23.9,11.8,98400,2.00,6.00,9.00,11.0,0.0369,0
2023-05-10 19:49:58,1683762599,23.6,12.2,98400,2.00,6.00,10.0,11.0,0.0369,0
2023-05-10 19:54:40,1683762880,23.3,12.5,98400,2.00,5.00,8.00,9.00,0.0357,0
2023-05-10 19:59:41,1683763182,23.1,12.6,98400,2.00,6.00,8.00,10.0,0.0357,0
2023-05-10 20:04:43,1683763484,22.9,13.0,98400,4.00,7.00,9.00,10.0,0.0181,0
2023-05-10 20:09:45,1683763785,22.7,13.1,98400,1.00,5.00,9.00,10.0,0.0171,0
2023-05-10 20:14:47,1683764087,22.5,13.6,98467,2.00,3.00,5.00,6.00,0.0131,0
2023-05-10 20:19:49,1683764389,22.2,13.8,98500,2.00,3.00,5.00,6.00,0.0135,0
2023-05-10 20:24:51,1683764691,21.9,14.1,98500,2.00,4.00,7.00,8.00,0.0156,0
2023-05-10 20:29:53,1683764994,21.5,14.7,98500,1.00,4.00,7.00,8.00,0.0216,0
2023-05-10 20:34:56,1683765296,21.1,15.2,98500,2.00,4.00,7.00,8.00,0.0216,0
2023-05-10 20:39:58,1683765599,20.7,15.7,98500,2.00,3.00,5.00,6.00,0.0137,0
2023-05-10 20:44:41,1683765882,20.2,16.3,98500,10.0,32.0,51.0,60.0,0.646,0
2023-05-10 20:49:44,1683766184,19.8,16.7,98500,10.0,34.0,53.0,63.0,1.76,0
2023-05-10 20:54:47,1683766487,19.4,17.2,98500,3.00,6.00,8.00,9.00,1.90,0
2023-05-10 20:59:50,1683766790,19.0,17.6,98500,7.00,23.0,36.0,42.0,1.90,0
2023-05-10 21:04:53,1683767094,18.7,18.2,98500,2.00,8.00,14.0,16.0,0.557,0
2023-05-10 21:09:56,1683767397,18.4,18.5,98500,2.00,8.00,12.0,14.0,0.470,0
2023-05-10 21:14:40,1683767680,18.1,18.8,98500,2.00,4.00,6.00,7.00,0.394,0
2023-05-10 21:19:43,1683767984,17.9,19.2,98500,2.00,3.00,5.00,6.00,0.0157,0
2023-05-10 21:24:47,1683768288,17.6,19.6,98500,2.00,4.00,6.00,6.00,0.00987,0
2023-05-10 21:29:51,1683768591,17.4,19.8,98500,2.00,6.00,8.00,10.0,0.0104,0
2023-05-10 21:34:55,1683768895,17.2,20.1,98500,3.00,4.00,4.00,5.00,0.00959,0
2023-05-10 21:39:59,1683769199,17.1,20.2,98500,3.00,7.00,12.0,14.0,0.0142,0
2023-05-10 21:44:42,1683769483,17.0,20.4,98500,2.00,5.00,8.00,9.00,0.0387,0
2023-05-10 21:49:46,1683769787,16.8,20.8,98500,2.00,7.00,11.0,13.0,0.0387,0
2023-05-10 21:54:51,1683770091,16.7,20.9,98560,2.00,4.00,7.00,8.00,0.0169,0
2023-05-10 21:59:55,1683770395,16.6,21.2,98600,2.00,5.00,8.00,10.0,0.0298,0
2023-05-10 22:04:59,1683770699,16.5,21.5,98600,2.00,3.00,5.00,6.00,0.0150,0
2023-05-10 22:09:43,1683770983,16.4,21.7,98600,4.00,5.00,7.00,8.00,0.0184,0
2023-05-10 22:14:47,1683771288,16.3,22.0,98600,2.00,6.00,10.0,12.0,0.0122,0
2023-05-10 22:19:51,1683771592,16.1,22.1,98600,2.00,6.00,10.0,12.0,0.0259,0
2023-05-10 22:24:56,1683771897,15.9,22.6,98600,2.00,5.00,9.00,11.0,0.0259,0
2023-05-10 22:29:40,1683772181,15.7,23.3,98600,2.00,7.00,12.0,15.0,0.0157,0
2023-05-10 22:34:45,1683772485,15.5,23.5,98600,2.00,4.00,6.00,7.00,0.0529,0
2023-05-10 22:39:50,1683772790,15.3,23.6,98600,2.00,3.00,5.00,6.00,0.0529,0
2023-05-10 22:44:54,1683773095,15.2,24.1,98600,2.00,3.00,5.00,6.00,0.0325,0
2023-05-10 22:49:59,1683773400,15.1,24.2,98600,3.00,5.00,8.00,9.00,0.0145,0
2023-05-10 22:54:44,1683773684,15.1,24.2,98600,1.00,3.00,5.00,6.00,0.0119,0
2023-05-10 22:59:48,1683773989,15.1,24.6,98600,4.00,6.00,8.00,10.0,0.0136,0
2023-05-10 23:04:53,1683774294,15.1,24.4,98600,1.00,4.00,7.00,9.00,0.0169,0
2023-05-10 23:09:58,1683774599,15.1,24.9,98600,2.00,3.00,4.00,5.00,0.0230,0
2023-05-10 23:14:43,1683774883,15.0,25.2,98600,2.00,5.00,8.00,9.00,0.0284,0
2023-05-10 23:19:48,1683775188,15.0,25.5,98600,2.00,7.00,12.0,14.0,0.0246,0
2023-05-10 23:24:53,1683775493,14.9,26.3,98600,4.00,5.00,7.00,8.00,0.0370,0
2023-05-10 23:29:58,1683775798,14.7,26.6,98600,3.00,5.00,8.00,9.00,0.0370,0
2023-05-10 23:34:42,1683776083,14.4,27.3,98600,2.00,4.00,7.00,8.00,0.0136,0
2023-05-10 23:39:47,1683776388,14.1,27.9,98600,3.00,7.00,12.0,15.0,0.0411,0
2023-05-10 23:44:52,1683776693,13.9,28.3,98600,2.00,5.00,8.00,10.0,0.0635,0
2023-05-10 23:49:58,1683776998,13.7,28.7,98600,2.00,4.00,6.00,7.00,0.0562,0
2023-05-10 23:54:43,1683777283,13.5,28.7,98600,2.00,5.00,7.00,8.00,0.0562,0
2023-05-10 23:59:48,1683777589,13.4,29.0,98600,3.00,3.00,5.00,5.00,0.0274,0
2023-05-11 00:04:54,1683777894,13.2,29.5,98600,4.00,9.00,12.0,14.0,0.0160,0
2023-05-11 00:09:59,1683778200,13.1,29.3,98600,1.00,3.00,5.00,6.00,0.0121,0
2023-05-11 00:14:44,1683778485,13.0,29.8,98600,2.00,2.00,4.00,5.00,0.0328,0
2023-05-11 00:19:50,1683778790,12.9,30.0,98600,2.00,3.00,5.00,6.00,0.0111,0
2023-05-11 00:24:56,1683779096,12.7,30.3,98600,2.00,3.00,5.00,5.00,0.0130,0
2023-05-11 00:29:41,1683779381,12.6,30.5,98600,2.00,4.00,7.00,9.00,0.0133,0
2023-05-11 00:34:47,1683779687,12.4,30.7,98600,2.00,5.00,7.00,9.00,0.0131,0
2023-05-11 00:39:52,1683779993,12.3,30.9,98600,2.00,7.00,11.0,13.0,0.0198,0
2023-05-11 00:44:58,1683780299,12.2,31.3,98600,2.00,6.00,9.00,11.0,0.0181,0
2023-05-11 00:49:44,1683780584,12.1,31.5,98600,2.00,6.00,10.0,12.0,0.0184,0
2023-05-11 00:54:50,1683780890,12.0,31.4,98600,4.00,6.00,7.00,7.00,0.0324,0
2023-05-11 00:59:56,1683781196,11.8,31.7,98600,2.00,6.00,10.0,11.0,0.0401,0
2023-05-11 01:04:41,1683781482,11.7,32.2,98600,2.00,5.00,8.00,10.0,0.0338,0
2023-05-11 01:09:48,1683781788,11.6,32.5,98600,2.00,5.00,8.00,9.00,0.0264,0
2023-05-11 01:14:54,1683782094,11.5,32.8,98600,2.00,6.00,10.0,12.0,0.0161,0
2023-05-11 01:19:59,1683782400,11.5,33.1,98600,1.00,5.00,8.00,10.0,0.0144,0
2023-05-11 01:24:45,1683782685,11.4,33.3,98600,1.00,3.00,5.00,6.00,0.0347,0
2023-05-11 01:29:51,1683782992,11.3,33.3,98600,2.00,5.00,8.00,9.00,0.0347,0
2023-05-11 01:34:58,1683783298,11.2,33.5,98600,2.00,3.00,4.00,5.00,0.0220,0
2023-05-11 01:39:44,1683783584,11.1,33.7,98600,2.00,4.00,6.00,7.00,0.0375,0
2023-05-11 01:44:50,1683783890,11.0,34.0,98600,2.00,6.00,9.00,11.0,0.0449,0
2023-05-11 01:49:56,1683784197,10.9,34.0,98600,2.00,4.00,7.00,9.00,0.0449,0
2023-05-11 01:54:42,1683784483,10.8,34.6,98600,4.00,10.0,15.0,18.0,0.0341,0
2023-05-11 01:59:49,1683784789,10.6,34.4,98600,4.00,6.00,9.00,10.0,0.0313,0
2023-05-11 02:04:55,1683785096,10.5,34.8,98600,2.00,7.00,12.0,14.0,0.0280,0
2023-05-11 02:09:41,1683785382,10.5,34.9,98600,3.00,6.00,10.0,12.0,0.0157,0
2023-05-11 02:14:48,1683785688,10.4,35.1,98600,3.00,5.00,5.00,6.00,0.0282,0
2023-05-11 02:19:54,1683785995,10.3,35.4,98600,2.00,9.00,14.0,17.0,0.0282,0
2023-05-11 02:24:40,1683786281,10.2,35.0,98600,2.00,4.00,5.00,6.00,0.0328,0
2023-05-11 02:29:47,1683786587,10.1,35.7,98600,2.00,3.00,5.00,6.00,0.0254,0
2023-05-11 02:34:54,1683786894,10.0,36.0,98600,2.00,4.00,6.00,7.00,0.0180,0
2023-05-11 02:39:40,1683787180,9.97,35.8,98600,2.00,3.00,4.00,5.00,0.0177,0
2023-05-11 02:44:46,1683787487,9.90,35.9,98600,2.00,3.00,5.00,6.00,0.0156,0
2023-05-11 02:49:53,1683787794,9.82,36.4,98600,2.00,5.00,8.00,9.00,0.0136,0
2023-05-11 02:54:40,1683788080,9.76,36.4,98600,3.00,5.00,8.00,10.0,0.0210,0
2023-05-11 02:59:46,1683788387,9.68,36.5,98600,2.00,6.00,9.00,11.0,0.0168,0
2023-05-11 03:04:53,1683788694,9.59,37.0,98600,1.00,3.00,5.00,6.00,0.0177,0
2023-05-11 03:09:40,1683788980,9.51,36.8,98600,2.00,6.00,9.00,11.0,0.0137,0
2023-05-11 03:14:47,1683789287,9.45,36.8,98600,2.00,4.00,7.00,8.00,0.0140,0
2023-05-11 03:19:53,1683789594,9.40,37.1,98600,3.00,5.00,8.00,9.00,0.0144,0
2023-05-11 03:24:40,1683789881,9.31,37.4,98600,2.00,4.00,6.00,7.00,0.0202,0
2023-05-11 03:29:47,1683790188,9.22,37.6,98600,2.00,5.00,8.00,9.00,0.0214,0
2023-05-11 03:34:54,1683790495,9.14,37.8,98600,2.00,5.00,9.00,11.0,0.0208,0
2023-05-11 03:39:41,1683790781,9.07,38.1,98600,2.00,4.00,6.00,7.00,0.0208,0
2023-05-11 03:44:48,1683791088,8.98,38.3,98600,2.00,5.00,8.00,9.00,0.0177,0
2023-05-11 03:49:55,1683791395,8.89,38.3,98600,2.00,6.00,8.00,10.0,0.0177,0
2023-05-11 03:54:42,1683791682,8.83,38.6,98600,2.00,9.00,14.0,17.0,0.0306,0
2023-05-11 03:59:49,1683791989,8.76,38.7,98600,2.00,6.00,9.00,11.0,0.0360,0
2023-05-11 04:04:56,1683792296,8.71,38.8,98600,3.00,5.00,9.00,11.0,0.0137,0
2023-05-11 04:09:43,1683792583,8.71,38.9,98600,2.00,7.00,11.0,13.0,0.0159,0
2023-05-11 04:14:50,1683792890,8.68,38.9,98600,3.00,11.0,18.0,22.0,0.0195,0
2023-05-11 04:19:57,1683793197,8.61,39.0,98600,2.00,4.00,7.00,9.00,0.0484,0
2023-05-11 04:24:43,1683793484,8.56,39.3,98600,3.00,5.00,7.00,9.00,0.0486,0
2023-05-11 04:29:51,1683793791,8.52,39.3,98600,2.00,5.00,8.00,9.00,0.0236,0
2023-05-11 04:34:58,1683794098,8.52,39.4,98600,3.00,7.00,12.0,15.0,0.0455,0
2023-05-11 04:39:45,1683794385,8.47,39.3,98600,2.00,4.00,7.00,8.00,0.0587,0
2023-05-11 04:44:52,1683794692,8.40,39.6,98640,2.00,5.00,7.00,8.00,0.0318,0
2023-05-11 04:49:59,1683795000,8.37,39.9,98660,3.00,7.00,12.0,14.0,0.0194,0
2023-05-11 04:54:46,1683795286,8.34,39.5,98700,1.00,3.00,5.00,6.00,0.0130,0
2023-05-11 04:59:53,1683795594,8.31,39.6,98700,3.00,11.0,18.0,22.0,0.0163,0
2023-05-11 05:04:40,1683795881,8.28,40.3,98700,2.00,7.00,11.0,13.0,0.0264,0
2023-05-11 05:09:47,1683796188,8.24,40.5,98700,2.00,5.00,8.00,9.00,0.0311,0
2023-05-11 05:14:55,1683796495,8.22,40.6,98700,2.00,9.00,15.0,18.0,0.0261,0
2023-05-11 05:19:42,1683796782,8.19,40.7,98700,1.00,2.00,4.00,4.00,0.0195,0
2023-05-11 05:24:49,1683797089,8.18,40.9,98700,2.00,5.00,8.00,9.00,0.0195,0
2023-05-11 05:29:56,1683797397,8.18,40.7,98700,3.00,5.00,7.00,9.00,0.0392,0
2023-05-11 05:34:43,1683797683,8.21,40.7,98700,2.00,5.00,8.00,10.0,0.0289,0
2023-05-11 05:39:50,1683797991,8.23,40.5,98700,2.00,4.00,6.00,7.00,0.0202,0
2023-05-11 05:44:57,1683798298,8.29,40.8,98700,1.00,3.00,5.00,6.00,0.0249,0
2023-05-11 05:49:44,1683798585,8.35,40.9,98700,3.00,5.00,8.00,9.00,0.0172,0
2023-05-11 05:54:51,1683798892,8.41,40.9,98700,3.00,3.00,5.00,6.00,0.0340,0
2023-05-11 05:59:58,1683799199,8.50,41.1,98700,2.00,6.00,9.00,11.0,0.0129,0
2023-05-11 06:04:45,1683799485,8.59,41.0,98700,1.00,3.00,5.00,6.00,0.0118,0
2023-05-11 06:09:52,1683799792,8.68,41.1,98700,2.00,3.00,5.00,6.00,0.0136,0
2023-05-11 06:14:59,1683800099,8.82,41.3,98700,2.00,5.00,8.00,9.00,0.0150,0
2023-05-11 06:19:46,1683800386,8.98,41.1,98700,2.00,6.00,9.00,11.0,0.0175,0
2023-05-11 06:24:56,1683800697,9.15,41.2,98700,2.00,10.0,16.0,19.0,0.0295,0
2023-05-11 06:29:42,1683800983,9.36,41.4,98700,2.00,3.00,5.00,6.00,0.0421,0
2023-05-11 06:34:48,1683801289,9.53,41.5,98700,2.00,4.00,7.00,8.00,0.0497,0
2023-05-11 06:39:54,1683801595,9.74,41.4,98700,2.00,7.00,11.0,13.0,0.0461,0
2023-05-11 06:44:40,1683801880,9.97,41.5,98700,2.00,8.00,13.0,15.0,0.0306,0
2023-05-11 06:48:24,1683802105,10.2,41.3,98700,2.00,3.00,5.00,6.00,0.0139,0
2023-05-11 06:59:40,1683802780,11.0,41.5,98700,1e-7,2.00,3.00,3.00,0.0108,0
2023-05-11 07:04:45,1683803086,11.2,41.4,98700,3.00,6.00,9.00,10.0,0.0270,0
2023-05-11 07:09:51,1683803391,11.5,41.1,98753,4.00,13.0,20.0,24.0,0.0189,0
2023-05-11 07:14:56,1683803696,11.9,40.8,98800,2.00,5.00,8.00,9.00,0.0531,0
2023-05-11 07:19:41,1683803981,12.4,39.6,98800,3.00,5.00,7.00,8.00,0.0614,0
2023-05-11 07:24:46,1683804286,12.8,38.7,98800,5.00,8.00,9.00,10.0,0.0256,0
2023-05-11 07:29:50,1683804591,13.3,38.1,98800,3.00,13.0,22.0,26.0,0.0432,0
2023-05-11 07:34:55,1683804896,13.8,36.4,98800,7.00,24.0,37.0,44.0,0.184,0
2023-05-11 07:39:39,1683805180,14.3,35.1,98800,3.00,10.0,15.0,18.0,0.150,0
2023-05-11 07:44:44,1683805484,14.8,34.4,98800,3.00,6.00,9.00,11.0,0.248,0
2023-05-11 07:49:48,1683805788,15.3,33.6,98800,4.00,6.00,10.0,11.0,0.248,0
2023-05-11 07:54:52,1683806092,15.9,32.3,98800,2.00,5.00,8.00,10.0,0.0185,0
2023-05-11 07:59:55,1683806396,16.7,30.5,98800,3.00,5.00,9.00,10.0,0.0281,0
2023-05-11 08:04:58,1683806699,17.5,29.1,98800,4.00,7.00,10.0,11.0,0.0381,0
2023-05-11 09:04:05,1683810245,22.2,20.9,98800,3.00,6.00,9.00,10.0,,
2023-05-11 09:21:42,1683811302,22.5,20.2,98800,2.00,5.00,7.00,9.00,,
2023-05-11 09:54:47,1683813287,23.6,18.7,98700,6.00,8.00,10.0,11.0,,
2023-05-11 09:59:07,1683813547,23.7,18.4,98700,3.00,5.00,9.00,11.0,,
2023-05-11 10:14:58,1683814499,24.2,17.9,98708,7.00,8.00,9.00,10.0,,
2023-05-11 10:19:58,1683814799,24.4,17.6,98700,5.00,9.00,12.0,13.0,0.0210,0
2023-05-11 10:21:58,1683814919,24.4,17.4,98700,3.00,4.00,5.00,5.00,0.0284,0
2023-05-11 10:39:42,1683815982,24.7,16.5,98700,6.00,8.00,10.0,11.0,,
2023-05-11 10:44:42,1683816282,24.7,17.2,98700,9.00,21.0,32.0,37.0,,
2023-05-11 10:49:42,1683816582,24.9,16.9,98700,9.00,10.0,10.0,11.0,,
2023-05-11 10:54:42,1683816882,25.0,16.8,98700,9.00,11.0,13.0,15.0,0.0896,0
2023-05-11 10:59:42,1683817182,25.3,16.5,98700,5.00,6.00,7.00,7.00,0.0896,0
2023-05-11 11:02:02,1683817322,25.4,15.8,98700,4.00,4.00,5.00,5.00,0.164,0
2023-05-11 11:09:44,1683817784,25.4,16.0,98700,6.00,6.00,6.00,7.00,0.164,0
2023-05-11 11:14:44,1683818084,25.5,15.5,98700,7.00,8.00,9.00,9.00,0.0891,0
2023-05-11 11:19:04,1683818344,25.4,15.2,98700,3.00,4.00,6.00,7.00,0.0123,0
2023-05-11 11:29:42,1683818982,25.4,14.2,98764,5.00,9.00,12.0,14.0,0.0175,0
2023-05-11 11:34:42,1683819282,25.4,14.4,98700,5.00,6.00,8.00,9.00,0.0210,0
2023-05-11 11:35:42,1683819342,25.5,13.6,98700,2.00,4.00,5.00,6.00,0.0209,0
2023-05-11 11:49:46,1683820186,25.7,13.1,98700,8.00,12.0,14.0,16.0,0.0138,0
2023-05-11 11:53:46,1683820426,25.7,13.3,98700,5.00,6.00,7.00,8.00,0.0382,0
2023-05-11 12:04:47,1683821088,26.2,13.7,98700,5.00,6.00,6.00,6.00,0.0382,0
2023-05-11 12:09:47,1683821388,26.5,13.1,98700,6.00,8.00,11.0,13.0,0.0375,0
2023-05-11 12:10:47,1683821448,26.6,12.6,98700,2.00,2.00,2.00,2.00,0.0111,0
2023-05-11 12:24:49,1683822290,26.7,13.2,98700,4.00,5.00,6.00,7.00,0.0123,0
2023-05-11 12:27:49,1683822469,26.6,13.5,98700,6.00,7.00,8.00,8.00,0.0651,0
2023-05-11 12:39:51,1683823192,26.9,12.7,98700,4.00,5.00,6.00,6.00,0.0605,0
2023-05-11 12:44:50,1683823491,27.0,13.5,98700,5.00,7.00,10.0,11.0,0.0414,0
2023-05-11 12:49:55,1683823796,27.5,13.5,98700,5.00,6.00,8.00,9.00,0.0250,0
2023-05-11 12:54:54,1683824095,27.8,13.1,98700,4.00,5.00,8.00,10.0,0.0370,0
2023-05-11 12:59:53,1683824394,28.0,12.6,98700,4.00,5.00,8.00,9.00,0.0370,0
2023-05-11 13:04:52,1683824693,28.2,12.5,98700,5.00,5.00,6.00,7.00,0.0101,0
2023-05-11 13:09:51,1683824992,28.4,12.2,98700,7.00,17.0,25.0,29.0,0.0267,0
2023-05-11 13:14:50,1683825290,28.7,11.9,98700,4.00,7.00,9.00,10.0,0.0382,0
2023-05-11 13:19:49,1683825589,29.0,11.6,98700,5.00,6.00,6.00,6.00,0.0388,0
2023-05-11 13:24:47,1683825887,29.3,11.2,98700,3.00,5.00,7.00,8.00,0.0259,0
2023-05-11 13:29:45,1683826186,29.4,11.3,98700,4.00,9.00,15.0,18.0,0.0283,0
2023-05-11 13:34:44,1683826484,29.8,10.9,98700,2.00,4.00,7.00,8.00,0.0289,0
2023-05-11 13:39:42,1683826783,29.8,10.2,98700,3.00,7.00,12.0,14.0,0.0504,0
2023-05-11 13:44:40,1683827081,29.7,10.1,98700,2.00,3.00,4.00,5.00,0.0144,0
2023-05-11 13:49:59,1683827399,29.8,10.3,98700,2.00,5.00,8.00,9.00,0.0137,0
2023-05-11 13:54:57,1683827697,30.1,10.1,98700,2.00,3.00,5.00,6.00,0.0106,0
2023-05-11 13:58:07,1683827887,30.5,9.95,98700,3.00,4.00,5.00,5.00,0.00976,0
2023-05-11 14:09:44,1683828585,31.4,9.63,98600,1.00,1.00,2.00,2.00,0.0114,0
2023-05-11 14:13:22,1683828803,31.5,9.12,98600,2.00,3.00,4.00,5.00,0.0133,0
2023-05-11 14:24:55,1683829495,31.6,9.55,98600,2.00,5.00,8.00,9.00,0.0170,0
2023-05-11 14:29:52,1683829792,32.0,8.81,98600,3.00,3.00,5.00,6.00,0.0136,0
2023-05-11 14:32:50,1683829971,32.1,8.58,98600,2.00,4.00,6.00,7.00,0.0136,0
2023-05-11 14:39:42,1683830382,32.4,8.29,98600,2.00,3.00,3.00,4.00,0.0124,0
2023-05-11 14:44:58,1683830699,32.4,8.07,98600,4.00,6.00,10.0,12.0,0.0114,0
2023-05-11 14:49:55,1683830995,32.5,8.35,98600,4.00,16.0,26.0,31.0,0.0383,0
2023-05-11 14:50:15,1683831015,32.8,7.93,98600,1.00,1.00,1.00,1.00,0.0480,0
2023-05-11 14:59:49,1683831589,33.7,7.28,98600,2.00,6.00,10.0,12.0,0.0480,0
2023-05-11 15:04:45,1683831885,34.1,7.31,98600,2.00,4.00,6.00,6.00,0.0480,0
2023-05-11 15:05:44,1683831945,34.3,7.33,98600,4.00,5.00,6.00,6.00,0.0393,0
2023-05-11 15:19:57,1683832797,35.0,6.85,98600,2.00,4.00,5.00,6.00,0.0472,0
2023-05-11 15:23:14,1683832994,35.0,7.10,98600,3.00,3.00,4.00,4.00,0.0358,0
2023-05-11 15:34:44,1683833685,35.5,6.59,98600,3.00,5.00,8.00,9.00,0.0130,0
2023-05-11 15:39:59,1683834000,35.3,6.10,98600,2.00,3.00,4.00,5.00,0.0171,0
2023-05-11 15:40:19,1683834020,35.2,6.32,98600,1.00,3.00,4.00,5.00,0.00911,0
2023-05-11 15:54:50,1683834891,35.6,6.46,98600,3.00,6.00,8.00,8.00,0.0101,0
2023-05-11 15:57:47,1683835068,35.8,6.00,98600,2.00,2.00,4.00,4.00,0.0118,0
2023-05-11 16:04:59,1683835499,36.1,5.90,98600,2.00,4.00,7.00,9.00,0.0118,0
2023-05-11 16:09:54,1683835794,36.2,5.75,98600,2.00,7.00,12.0,14.0,0.0134,0
2023-05-11 16:14:49,1683836090,36.3,5.82,98600,3.00,5.00,6.00,6.00,0.0198,0
2023-05-11 16:15:09,1683836109,36.3,6.25,98600,3.00,3.00,3.00,3.00,0.0182,0
2023-05-11 16:29:41,1683836981,36.1,5.95,98564,4.00,6.00,9.00,10.0,0.0182,0
2023-05-11 16:34:56,1683837296,36.0,5.87,98594,2.00,5.00,7.00,8.00,0.0216,0
2023-05-11 16:39:53,1683837594,36.1,5.99,98600,2.00,3.00,3.00,3.00,0.0201,0
2023-05-11 16:44:48,1683837889,36.1,5.93,98600,2.00,5.00,7.00,8.00,0.0334,0
2023-05-11 16:49:44,1683838184,36.3,5.94,98600,3.00,11.0,18.0,21.0,0.0369,0
2023-05-11 16:59:58,1683838799,37.5,5.39,98600,1e-7,1.00,2.00,2.00,0.0130,0
2023-05-11 17:04:53,1683839094,37.2,5.39,98600,3.00,5.00,7.00,9.00,0.0260,0
2023-05-11 17:09:48,1683839389,37.1,5.47,98600,4.00,5.00,7.00,7.00,0.0233,0
2023-05-11 17:14:42,1683839682,37.1,5.41,98600,2.00,5.00,8.00,9.00,0.0233,0
2023-05-11 17:19:56,1683839997,36.6,5.71,98600,3.00,6.00,10.0,12.0,0.0169,0
2023-05-11 17:24:52,1683840292,36.2,5.76,98600,2.00,5.00,7.00,8.00,0.0158,0
2023-05-11 17:26:50,1683840410,36.1,5.85,98600,2.00,5.00,8.00,10.0,0.0121,0
2023-05-11 17:39:59,1683841199,35.8,6.14,98600,2.00,4.00,6.00,7.00,0.0121,0
2023-05-11 17:42:36,1683841357,35.6,6.04,98600,2.00,3.00,4.00,4.00,0.0157,0
2023-05-11 17:54:40,1683842081,35.2,6.46,98600,2.00,4.00,6.00,7.00,0.0156,0
2023-05-11 17:59:56,1683842396,34.8,6.65,98600,4.00,5.00,7.00,9.00,0.0104,0
2023-05-11 18:02:34,1683842554,34.4,6.75,98600,3.00,5.00,9.00,10.0,0.00819,0
2023-05-11 18:09:58,1683842999,33.2,7.38,98600,5.00,6.00,7.00,8.00,0.0139,0
2023-05-11 18:14:55,1683843296,32.5,7.76,98587,4.00,4.00,5.00,6.00,0.0181,0
2023-05-11 18:19:53,1683843593,32.0,7.97,98527,5.00,6.00,6.00,6.00,0.0134,0
2023-05-11 18:24:50,1683843891,31.7,8.23,98600,5.00,5.00,6.00,7.00,0.0147,0
2023-05-11 18:29:48,1683844189,31.0,8.45,98600,4.00,4.00,4.00,5.00,0.0301,0
2023-05-11 18:34:46,1683844487,30.4,8.94,98600,4.00,5.00,6.00,7.00,0.0178,0
2023-05-11 18:39:45,1683844785,29.9,9.32,98600,9.00,11.0,11.0,11.0,0.0362,0
2023-05-11 18:44:43,1683845084,29.5,9.56,98600,6.00,6.00,6.00,7.00,0.0424,0
2023-05-11 18:49:42,1683845382,29.0,10.0,98600,6.00,9.00,13.0,14.0,0.0261,0
2023-05-11 18:54:41,1683845681,28.7,10.5,98600,6.00,6.00,6.00,6.00,0.0244,0
2023-05-11 18:59:40,1683845980,28.5,10.9,98600,5.00,7.00,9.00,10.0,0.0199,0
2023-05-11 19:04:59,1683846299,28.4,11.5,98600,4.00,5.00,7.00,7.00,0.0151,0
2023-05-11 19:09:58,1683846599,28.2,12.6,98600,4.00,6.00,7.00,8.00,0.0202,0
2023-05-11 19:14:58,1683846898,27.6,12.6,98600,6.00,8.00,11.0,13.0,0.0375,0
2023-05-11 19:19:58,1683847198,26.9,13.7,98600,8.00,10.0,11.0,12.0,0.0375,0
2023-05-11 19:24:58,1683847498,26.2,14.4,98600,5.00,5.00,6.00,7.00,0.0191,0
2023-05-11 19:29:58,1683847798,25.4,15.2,98600,4.00,6.00,8.00,9.00,0.0181,0
2023-05-11 19:34:58,1683848099,24.8,15.8,98600,5.00,7.00,9.00,11.0,0.0210,0
2023-05-11 19:39:59,1683848399,24.2,16.5,98600,7.00,7.00,10.0,12.0,0.0231,0
2023-05-11 19:44:59,1683848700,23.7,17.2,98600,5.00,5.00,7.00,8.00,0.0243,0
2023-05-11 19:49:40,1683848981,23.2,17.9,98600,5.00,6.00,8.00,9.00,0.0243,0
2023-05-11 19:54:41,1683849281,22.8,18.1,98600,6.00,8.00,11.0,13.0,0.0132,0
2023-05-11 19:59:42,1683849582,22.3,18.5,98600,4.00,4.00,4.00,4.00,0.0113,0
2023-05-11 20:04:43,1683849884,22.0,19.0,98600,4.00,5.00,6.00,6.00,0.0246,0
2023-05-11 20:09:45,1683850186,21.6,19.6,98600,4.00,7.00,9.00,10.0,0.0304,0
2023-05-11 20:14:47,1683850487,21.3,20.1,98600,7.00,13.0,18.0,20.0,0.0304,0
2023-05-11 20:19:49,1683850790,20.9,20.5,98600,5.00,9.00,12.0,13.0,0.0308,0
2023-05-11 20:24:51,1683851092,20.6,20.9,98600,5.00,5.00,6.00,6.00,0.0308,0
2023-05-11 20:29:53,1683851394,20.4,21.5,98600,7.00,7.00,9.00,10.0,0.0462,0
2023-05-11 20:34:56,1683851696,20.1,21.6,98600,5.00,8.00,10.0,10.0,0.0140,0
2023-05-11 20:39:58,1683851999,19.9,22.2,98600,6.00,8.00,11.0,12.0,0.0435,0
2023-05-11 20:44:40,1683852281,19.7,22.4,98600,6.00,10.0,12.0,13.0,0.0459,0
2023-05-11 20:49:43,1683852583,19.5,23.4,98600,5.00,8.00,11.0,12.0,0.0374,0
2023-05-11 20:54:45,1683852886,19.2,24.1,98600,4.00,6.00,7.00,8.00,0.0374,0
2023-05-11 20:59:48,1683853189,19.0,23.8,98600,7.00,10.0,12.0,13.0,0.0473,0
2023-05-11 21:04:51,1683853492,18.8,23.9,98600,7.00,8.00,10.0,11.0,0.0107,0
2023-05-11 21:09:54,1683853795,18.7,24.2,98647,5.00,8.00,11.0,12.0,0.0356,0
2023-05-11 21:14:57,1683854098,18.6,24.7,98700,5.00,7.00,11.0,12.0,0.0324,0
2023-05-11 21:19:40,1683854380,18.4,25.2,98700,9.00,12.0,13.0,14.0,0.0255,0
2023-05-11 21:24:43,1683854684,18.3,25.2,98700,5.00,6.00,7.00,8.00,0.0279,0
2023-05-11 21:29:46,1683854987,18.1,25.8,98700,5.00,7.00,8.00,9.00,0.0521,0
2023-05-11 21:34:49,1683855290,17.9,26.5,98700,6.00,6.00,7.00,7.00,0.0521,0
2023-05-11 21:39:53,1683855593,17.7,26.9,98700,5.00,6.00,8.00,10.0,0.0324,0
2023-05-11 21:44:56,1683855897,17.6,26.7,98700,8.00,11.0,15.0,17.0,0.0177,0
2023-05-11 21:49:39,1683856180,17.4,27.2,98700,5.00,7.00,10.0,11.0,0.0242,0
2023-05-11 21:54:42,1683856483,17.3,27.1,98700,5.00,8.00,13.0,15.0,0.0190,0
2023-05-11 21:59:46,1683856786,17.2,27.8,98700,5.00,6.00,7.00,7.00,0.0211,0
2023-05-11 22:04:50,1683857090,17.0,28.1,98700,4.00,8.00,12.0,14.0,0.0675,0
2023-05-11 22:09:53,1683857394,16.9,28.0,98700,3.00,9.00,16.0,19.0,0.0184,0
2023-05-11 22:14:57,1683857698,16.7,28.0,98700,4.00,9.00,14.0,16.0,0.0278,0
2023-05-11 22:19:41,1683857981,16.7,28.5,98700,3.00,5.00,6.00,6.00,0.0469,0
2023-05-11 22:24:44,1683858285,16.6,29.0,98700,5.00,7.00,11.0,13.0,0.0413,0
2023-05-11 22:29:52,1683858593,16.4,29.2,98700,4.00,8.00,12.0,14.0,0.0348,0
2023-05-11 22:34:56,1683858897,16.3,29.7,98700,4.00,6.00,7.00,7.00,0.0233,0
2023-05-11 22:39:40,1683859180,16.2,29.3,98700,4.00,5.00,7.00,8.00,0.0233,0
2023-05-11 22:44:44,1683859484,16.1,29.6,98600,7.00,7.00,9.00,10.0,0.0176,0
2023-05-11 22:49:48,1683859788,16.0,30.2,98600,6.00,8.00,10.0,11.0,0.0287,0
2023-05-11 22:54:52,1683860092,15.9,30.5,98600,4.00,5.00,5.00,6.00,0.0333,0
2023-05-11 22:59:56,1683860396,15.8,30.7,98600,6.00,11.0,15.0,17.0,0.0531,0
2023-05-11 23:04:40,1683860680,15.7,31.0,98600,5.00,8.00,10.0,11.0,0.0201,0
2023-05-11 23:09:44,1683860984,15.6,31.3,98600,6.00,6.00,7.00,8.00,0.0223,0
2023-05-11 23:14:48,1683861289,15.6,31.3,98600,6.00,10.0,13.0,14.0,0.0175,0
2023-05-11 23:19:52,1683861593,15.5,31.4,98600,5.00,7.00,9.00,10.0,0.0468,0
2023-05-11 23:24:57,1683861897,15.5,31.4,98600,4.00,7.00,9.00,11.0,0.0333,0
2023-05-11 23:29:41,1683862181,15.4,32.1,98600,8.00,13.0,17.0,19.0,0.0309,0
2023-05-11 23:34:45,1683862485,15.4,32.2,98600,5.00,11.0,16.0,18.0,0.0758,0
2023-05-11 23:39:49,1683862790,15.4,32.4,98600,5.00,7.00,9.00,10.0,0.0545,0
2023-05-11 23:44:53,1683863094,15.4,32.3,98600,4.00,6.00,7.00,8.00,0.0367,0
2023-05-11 23:49:58,1683863398,15.4,32.6,98600,4.00,6.00,8.00,9.00,0.0511,0
2023-05-11 23:54:42,1683863682,15.3,32.1,98600,3.00,6.00,8.00,10.0,0.0201,0
2023-05-11 23:59:46,1683863987,15.3,32.0,98600,5.00,7.00,10.0,12.0,0.0286,0
2023-05-12 00:04:51,1683864291,15.3,32.7,98600,4.00,6.00,8.00,8.00,0.0328,0
2023-05-12 00:09:55,1683864596,15.3,32.8,98600,7.00,10.0,12.0,13.0,0.0210,0
2023-05-12 00:14:59,1683864900,15.3,33.0,98600,5.00,7.00,9.00,10.0,0.0241,0
2023-05-12 00:19:44,1683865184,15.3,33.5,98600,6.00,7.00,8.00,9.00,0.0186,0
2023-05-12 00:24:48,1683865488,15.3,33.4,98600,3.00,5.00,7.00,8.00,0.0186,0
2023-05-12 00:29:52,1683865793,15.3,33.0,98600,5.00,13.0,19.0,22.0,0.0252,0
2023-05-12 00:34:57,1683866097,15.2,33.7,98600,5.00,8.00,11.0,13.0,0.0363,0
2023-05-12 00:39:41,1683866381,15.2,33.5,98600,6.00,10.0,14.0,15.0,0.0346,0
2023-05-12 00:44:45,1683866686,15.1,33.5,98600,8.00,10.0,14.0,16.0,0.134,0
2023-05-12 00:49:50,1683866990,15.1,33.7,98600,4.00,10.0,15.0,18.0,0.0719,0
2023-05-12 00:54:54,1683867295,15.0,33.8,98600,5.00,10.0,15.0,18.0,0.0719,0
2023-05-12 00:59:59,1683867599,14.9,34.3,98600,5.00,7.00,7.00,8.00,0.0295,0
2023-05-12 01:04:43,1683867884,14.8,34.1,98600,8.00,10.0,13.0,14.0,0.0295,0
2023-05-12 01:09:48,1683868188,14.7,34.5,98600,5.00,8.00,10.0,12.0,0.0385,0
2023-05-12 01:14:52,1683868493,14.7,34.5,98600,5.00,7.00,8.00,9.00,0.0369,0
2023-05-12 01:19:57,1683868797,14.7,34.6,98600,5.00,6.00,8.00,9.00,0.0369,0
2023-05-12 01:24:41,1683869082,14.7,34.6,98600,4.00,7.00,10.0,11.0,0.0105,0
2023-05-12 01:29:46,1683869386,14.6,34.9,98600,7.00,8.00,9.00,9.00,0.0151,0
2023-05-12 01:34:50,1683869691,14.6,35.3,98600,5.00,7.00,10.0,11.0,0.0385,0
2023-05-12 01:39:55,1683869995,14.6,35.4,98600,4.00,6.00,8.00,9.00,0.0363,0
2023-05-12 01:44:59,1683870300,14.6,35.0,98600,5.00,5.00,6.00,7.00,0.0626,0
2023-05-12 01:49:43,1683870584,14.6,35.1,98600,8.00,9.00,11.0,13.0,0.0457,0
2023-05-12 01:54:48,1683870888,14.6,35.2,98600,5.00,11.0,17.0,19.0,0.0424,0
2023-05-12 01:59:52,1683871193,14.6,35.3,98600,4.00,6.00,7.00,7.00,0.0320,0
2023-05-12 02:04:57,1683871497,14.6,35.4,98600,5.00,7.00,8.00,9.00,0.0320,0
2023-05-12 02:09:41,1683871782,14.6,36.1,98600,5.00,5.00,6.00,6.00,0.0289,0
2023-05-12 02:14:05,1683872046,14.6,35.9,98600,7.00,9.00,10.0,11.0,0.0109,0
2023-05-12 02:19:57,1683872398,14.6,36.3,98600,5.00,8.00,10.0,11.0,0.0124,0
2023-05-12 02:24:42,1683872682,14.6,36.4,98600,5.00,7.00,8.00,8.00,0.0227,0
2023-05-12 02:29:47,1683872987,14.5,36.5,98600,6.00,13.0,18.0,21.0,0.0571,0
2023-05-12 02:34:52,1683873292,14.5,36.4,98600,5.00,7.00,9.00,11.0,0.0571,0
2023-05-12 02:39:57,1683873597,14.4,36.7,98600,4.00,7.00,10.0,11.0,0.0806,0
2023-05-12 02:44:42,1683873882,14.3,36.9,98600,5.00,6.00,7.00,9.00,0.0527,0
2023-05-12 02:49:47,1683874187,14.3,36.6,98600,4.00,4.00,5.00,6.00,0.0174,0
2023-05-12 02:54:52,1683874492,14.3,36.7,98600,4.00,5.00,6.00,7.00,0.0156,0
2023-05-12 02:59:57,1683874797,14.3,37.0,98600,5.00,6.00,9.00,10.0,0.0134,0
2023-05-12 03:04:41,1683875082,14.4,36.8,98600,6.00,14.0,20.0,23.0,0.0606,0
2023-05-12 03:09:46,1683875387,14.4,36.4,98600,6.00,8.00,10.0,11.0,0.0653,0
2023-05-12 03:14:51,1683875692,14.4,37.0,98600,3.00,7.00,10.0,11.0,0.0488,0
2023-05-12 03:19:56,1683875997,14.5,37.0,98600,4.00,6.00,9.00,10.0,0.0488,0
2023-05-12 03:24:41,1683876281,14.5,37.2,98600,4.00,6.00,7.00,9.00,0.0180,0
2023-05-12 03:29:46,1683876586,14.5,37.0,98600,5.00,5.00,7.00,8.00,0.0193,0
2023-05-12 03:34:51,1683876891,14.5,37.1,98600,6.00,8.00,11.0,13.0,0.0387,0
2023-05-12 03:39:56,1683877196,14.5,37.0,98600,5.00,11.0,17.0,20.0,0.108,0
2023-05-12 03:44:40,1683877481,14.6,37.4,98600,4.00,7.00,10.0,12.0,0.0739,0
2023-05-12 03:49:45,1683877786,14.7,37.5,98600,6.00,8.00,10.0,10.0,0.121,0
2023-05-12 03:54:50,1683878091,14.7,37.3,98600,4.00,10.0,15.0,18.0,0.0314,0
2023-05-12 03:59:55,1683878396,14.7,37.4,98600,6.00,8.00,9.00,10.0,0.0162,0
2023-05-12 04:04:40,1683878680,14.8,37.4,98600,6.00,8.00,9.00,9.00,0.0174,0
2023-05-12 04:09:45,1683878985,14.8,37.9,98600,4.00,7.00,9.00,10.0,0.0197,0
2023-05-12 04:14:49,1683879290,14.8,37.6,98600,5.00,6.00,8.00,9.00,0.0479,0
2023-05-12 04:19:54,1683879595,14.8,37.7,98600,6.00,6.00,7.00,8.00,0.0479,0
2023-05-12 04:24:59,1683879900,14.7,37.7,98600,5.00,11.0,17.0,21.0,0.0513,0
2023-05-12 04:29:44,1683880184,14.8,37.8,98600,6.00,9.00,12.0,14.0,0.0436,0
2023-05-12 04:34:48,1683880489,14.7,36.9,98600,5.00,6.00,9.00,10.0,0.0321,0
2023-05-12 04:39:53,1683880794,14.7,37.3,98600,6.00,8.00,11.0,13.0,0.0337,0
2023-05-12 04:44:58,1683881099,14.7,37.0,98600,6.00,10.0,12.0,14.0,0.0189,0
2023-05-12 04:49:43,1683881383,14.8,36.6,98600,4.00,5.00,6.00,6.00,0.0169,0
2023-05-12 04:54:47,1683881688,14.8,37.6,98600,6.00,8.00,11.0,13.0,0.0428,0
2023-05-12 04:59:52,1683881993,14.9,37.8,98600,5.00,7.00,9.00,10.0,0.0202,0
2023-05-12 05:04:57,1683882298,14.9,37.6,98600,5.00,6.00,8.00,9.00,0.0291,0
2023-05-12 05:09:42,1683882582,14.9,37.2,98600,4.00,11.0,16.0,19.0,0.0290,0
2023-05-12 05:14:47,1683882887,14.9,37.0,98600,4.00,5.00,7.00,9.00,0.0328,0
2023-05-12 05:19:51,1683883192,15.0,37.9,98600,7.00,10.0,12.0,13.0,0.0328,0
2023-05-12 05:24:56,1683883497,15.0,38.2,98600,5.00,7.00,8.00,9.00,0.0303,0
2023-05-12 05:29:41,1683883781,15.0,38.3,98600,5.00,8.00,10.0,12.0,0.0178,0
2023-05-12 05:34:45,1683884086,14.9,37.0,98600,10.0,16.0,20.0,22.0,0.0636,0
2023-05-12 05:39:50,1683884391,14.9,37.1,98600,6.00,11.0,16.0,18.0,0.0750,0
2023-05-12 05:44:55,1683884696,15.0,36.4,98600,4.00,6.00,7.00,8.00,0.0535,0
2023-05-12 05:49:39,1683884980,15.0,36.2,98600,7.00,7.00,10.0,11.0,0.0168,0
2023-05-12 05:54:43,1683885284,15.1,36.6,98600,6.00,8.00,12.0,14.0,0.0393,0
2023-05-12 05:59:48,1683885589,15.2,36.4,98600,5.00,7.00,8.00,9.00,0.0311,0
2023-05-12 06:04:53,1683885893,15.3,36.6,98600,3.00,6.00,9.00,10.0,0.0658,0
2023-05-12 06:09:58,1683886198,15.3,37.0,98600,5.00,7.00,8.00,8.00,0.0296,0
2023-05-12 06:14:42,1683886483,15.3,37.2,98600,6.00,6.00,6.00,6.00,0.0211,0
2023-05-12 06:19:47,1683886787,15.4,37.6,98600,4.00,6.00,9.00,11.0,0.0301,0
2023-05-12 06:24:52,1683887092,15.4,37.1,98600,3.00,5.00,6.00,6.00,0.0226,0
2023-05-12 06:29:56,1683887397,15.5,37.0,98600,4.00,14.0,22.0,26.0,0.0244,0
2023-05-12 06:34:40,1683887681,15.6,36.6,98600,5.00,6.00,6.00,6.00,0.0339,0
2023-05-12 06:39:45,1683887985,15.8,37.3,98600,7.00,11.0,14.0,15.0,0.0447,0
2023-05-12 06:44:49,1683888289,15.9,36.9,98600,4.00,6.00,9.00,11.0,0.0393,0
2023-05-12 06:49:53,1683888594,16.1,35.7,98600,3.00,6.00,8.00,9.00,0.0344,0
2023-05-12 06:54:41,1683888881,16.3,35.5,98600,4.00,4.00,6.00,6.00,0.0277,0
2023-05-12 06:59:44,1683889185,16.5,35.1,98600,6.00,9.00,11.0,12.0,0.0283,0
2023-05-12 07:04:48,1683889488,16.7,34.3,98613,4.00,11.0,17.0,20.0,0.0249,0
2023-05-12 07:09:51,1683889791,16.9,33.8,98680,5.00,6.00,7.00,7.00,0.0294,0
2023-05-12 07:14:54,1683890095,17.0,33.5,98700,5.00,7.00,9.00,10.0,0.0183,0
2023-05-12 07:19:58,1683890398,17.2,33.8,98700,5.00,7.00,10.0,11.0,0.0177,0
2023-05-12 07:24:41,1683890681,17.3,34.0,98700,4.00,6.00,8.00,9.00,0.0198,0
2023-05-12 07:29:44,1683890984,17.3,34.2,98700,5.00,8.00,11.0,12.0,0.0169,0
2023-05-12 07:34:47,1683891287,17.4,34.0,98700,4.00,7.00,9.00,10.0,0.0384,0
2023-05-12 07:38:29,1683891510,17.4,33.8,98700,5.00,7.00,10.0,12.0,0.0650,0
2023-05-12 07:49:59,1683892199,17.9,33.1,98700,3.00,3.00,3.00,4.00,0.0650,0
2023-05-12 07:54:42,1683892482,18.0,33.1,98700,5.00,9.00,11.0,12.0,0.0564,0
2023-05-12 07:59:44,1683892785,18.1,33.0,98700,7.00,7.00,8.00,8.00,0.0302,0
2023-05-12 08:04:47,1683893088,18.2,32.9,98700,5.00,7.00,8.00,9.00,0.0302,0
2023-05-12 08:09:50,1683893390,18.2,33.0,98700,7.00,19.0,29.0,34.0,0.114,0
2023-05-12 08:14:53,1683893693,18.1,32.4,98700,7.00,9.00,10.0,11.0,0.172,0
2023-05-12 08:19:56,1683893996,18.0,32.4,98700,5.00,6.00,8.00,9.00,0.0985,0
2023-05-12 08:24:59,1683894299,18.0,32.5,98653,6.00,13.0,19.0,22.0,0.141,0
2023-05-12 08:29:42,1683894582,18.1,32.8,98643,5.00,7.00,9.00,9.00,0.0417,0
2023-05-12 08:34:44,1683894885,18.2,32.6,98653,5.00,6.00,8.00,9.00,0.0953,0
2023-05-12 08:39:47,1683895188,18.2,32.7,98687,5.00,9.00,13.0,15.0,0.0429,0
2023-05-12 08:44:50,1683895491,18.3,32.6,98700,8.00,10.0,12.0,13.0,0.0619,0
2023-05-12 08:49:53,1683895794,18.3,33.0,98700,6.00,11.0,15.0,17.0,0.0419,0
2023-05-12 08:54:56,1683896097,18.4,33.5,98700,6.00,12.0,16.0,18.0,0.0288,0
2023-05-12 08:59:59,1683896399,18.4,33.7,98700,13.0,38.0,59.0,69.0,0.226,0
2023-05-12 09:04:41,1683896682,18.5,33.7,98700,9.00,12.0,15.0,16.0,0.226,0
2023-05-12 09:09:44,1683896984,18.7,33.6,98700,9.00,13.0,17.0,20.0,0.195,0
2023-05-12 09:14:46,1683897287,19.0,33.1,98700,8.00,12.0,16.0,17.0,0.149,0
2023-05-12 09:19:49,1683897589,19.4,32.0,98700,5.00,7.00,9.00,9.00,0.0579,0
2023-05-12 09:24:51,1683897891,19.7,31.2,98700,7.00,8.00,10.0,11.0,0.0556,0
2023-05-12 09:25:11,1683897911,19.8,30.7,98700,1.00,2.00,3.00,3.00,0.0178,0
2023-05-12 10:39:41,1683902381,23.7,31.3,98700,4.00,5.00,6.00,7.00,0.0130,0
2023-05-12 10:44:41,1683902681,23.6,31.5,98700,5.00,8.00,14.0,16.0,,
2023-05-12 10:49:42,1683902982,23.0,35.5,98700,7.00,8.00,10.0,11.0,,
2023-05-12 10:54:43,1683903284,22.0,39.0,98700,6.00,9.00,12.0,13.0,0.0168,0
2023-05-12 10:59:49,1683903589,21.5,38.9,98700,7.00,7.00,7.00,7.00,0.0275,0
2023-05-12 11:04:48,1683903888,21.3,40.2,98700,10.0,17.0,22.0,25.0,0.0219,0
2023-05-12 11:06:28,1683903988,21.5,39.4,98700,10.0,11.0,11.0,11.0,0.0371,0
2023-05-12 11:14:58,1683904499,21.9,38.6,98700,3.00,4.00,5.00,5.00,0.0546,0
2023-05-12 11:16:58,1683904619,22.1,39.6,98700,5.00,6.00,7.00,7.00,0.0620,0
2023-05-12 11:24:57,1683905098,23.0,38.4,98700,5.00,6.00,8.00,9.00,0.0628,0
2023-05-12 11:29:58,1683905399,23.3,36.7,98700,7.00,9.00,12.0,14.0,0.0728,0
2023-05-12 11:34:59,1683905699,23.8,36.1,98700,6.00,7.00,7.00,8.00,0.0729,0
2023-05-12 11:39:40,1683905980,24.3,35.3,98700,8.00,10.0,11.0,12.0,0.0523,0
2023-05-12 11:44:40,1683906281,24.7,34.6,98700,7.00,10.0,12.0,13.0,0.0430,0
2023-05-12 11:49:40,1683906581,25.0,32.7,98700,7.00,8.00,9.00,9.00,0.0223,0
2023-05-12 11:54:41,1683906881,25.1,32.5,98700,7.00,8.00,9.00,10.0,0.0234,0
2023-05-12 11:59:41,1683907181,25.3,31.9,98627,9.00,10.0,10.0,11.0,0.0275,0
2023-05-12 12:04:41,1683907481,25.6,31.0,98600,5.00,6.00,8.00,9.00,0.0172,0
2023-05-12 12:05:01,1683907501,25.7,30.8,98600,5.00,10.0,13.0,15.0,0.0165,0
2023-05-12 12:24:47,1683908688,26.7,29.5,98600,4.00,4.00,6.00,7.00,,
2023-05-12 12:29:47,1683908988,26.7,29.0,98600,5.00,7.00,9.00,10.0,,
2023-05-12 12:34:47,1683909288,26.3,29.9,98600,6.00,7.00,8.00,10.0,0.0226,0
2023-05-12 12:39:48,1683909588,25.9,30.4,98600,8.00,11.0,16.0,19.0,0.0316,0
2023-05-12 12:44:48,1683909888,25.7,30.7,98600,2.00,4.00,5.00,6.00,0.0170,0
2023-05-12 12:49:48,1683910188,25.8,31.1,98600,7.00,12.0,15.0,17.0,0.0578,0
2023-05-12 12:54:48,1683910488,26.5,30.4,98600,4.00,4.00,4.00,5.00,0.0478,0
2023-05-12 12:59:47,1683910788,27.2,28.9,98600,4.00,7.00,10.0,11.0,0.0377,0
2023-05-12 13:04:46,1683911087,27.7,27.8,98600,4.00,7.00,9.00,11.0,0.0373,0
2023-05-12 13:09:46,1683911386,27.7,27.7,98600,3.00,4.00,5.00,6.00,0.0353,0
2023-05-12 13:14:45,1683911685,28.1,26.9,98553,4.00,5.00,8.00,10.0,0.0453,0
2023-05-12 13:19:44,1683911984,28.6,26.1,98500,3.00,4.00,6.00,6.00,0.0195,0
2023-05-12 13:24:43,1683912283,28.8,25.1,98500,5.00,5.00,6.00,6.00,0.0203,0
2023-05-12 13:29:41,1683912582,28.9,24.4,98500,3.00,5.00,6.00,7.00,0.0160,0
2023-05-12 13:34:40,1683912880,29.2,24.0,98500,3.00,4.00,5.00,6.00,0.0184,0
2023-05-12 13:39:58,1683913198,29.8,23.2,98500,5.00,7.00,9.00,10.0,0.0219,0
2023-05-12 13:44:41,1683913481,29.9,22.8,98500,5.00,7.00,9.00,10.0,0.0139,0
2023-05-12 13:49:58,1683913799,30.2,22.3,98500,4.00,11.0,17.0,20.0,0.0206,0
2023-05-12 13:54:56,1683914097,30.0,21.7,98500,3.00,7.00,10.0,12.0,0.0241,0
2023-05-12 13:59:55,1683914395,29.2,22.6,98500,2.00,2.00,3.00,4.00,0.0264,0
2023-05-12 14:04:54,1683914694,27.8,26.2,98500,4.00,6.00,9.00,10.0,0.0495,0
2023-05-12 14:09:53,1683914994,26.2,29.9,98500,2.00,5.00,8.00,10.0,0.0533,0
2023-05-12 14:11:13,1683915074,25.6,31.9,98500,2.00,4.00,5.00,6.00,0.0184,0
2023-05-12 14:24:54,1683915895,26.4,30.4,98500,2.00,4.00,6.00,7.00,0.0312,0
2023-05-12 14:29:33,1683916173,27.3,29.3,98500,2.00,5.00,8.00,9.00,0.0312,0
2023-05-12 14:34:55,1683916496,28.0,26.0,98500,1.00,5.00,9.00,11.0,0.0136,0
2023-05-12 14:39:54,1683916795,28.3,25.1,98500,2.00,3.00,5.00,7.00,0.0113,0
2023-05-12 14:44:53,1683917093,29.5,23.2,98500,2.00,3.00,5.00,6.00,0.0239,0
2023-05-12 14:49:51,1683917392,30.0,20.8,98500,1e-7,3.00,5.00,6.00,0.0181,0
2023-05-12 14:54:49,1683917690,30.8,20.7,98500,2.00,3.00,4.00,5.00,0.0113,0
2023-05-12 14:59:47,1683917987,31.7,18.8,98433,2.00,4.00,7.00,9.00,0.0147,0
2023-05-12 15:04:44,1683918285,31.9,18.2,98500,1.00,3.00,5.00,6.00,0.0147,0
2023-05-12 15:09:42,1683918583,31.1,18.3,98460,2.00,3.00,5.00,6.00,0.0119,0
2023-05-12 15:14:40,1683918881,30.4,19.0,98500,2.00,5.00,7.00,9.00,0.0132,0
2023-05-12 15:19:59,1683919199,29.8,19.3,98500,2.00,3.00,5.00,6.00,0.0122,0
2023-05-12 15:24:58,1683919498,29.7,20.1,98500,2.00,6.00,9.00,11.0,0.0136,0
2023-05-12 15:29:56,1683919797,30.1,19.0,98500,2.00,4.00,6.00,7.00,0.0186,0
2023-05-12 15:34:54,1683920095,30.5,18.8,98467,1.00,5.00,8.00,9.00,0.0387,0
2023-05-12 15:39:52,1683920393,31.2,16.8,98400,1.00,3.00,5.00,6.00,0.0387,0
2023-05-12 15:44:50,1683920691,31.5,15.5,98400,1.00,5.00,8.00,9.00,0.0256,0
2023-05-12 15:49:48,1683920988,32.0,14.7,98400,2.00,3.00,5.00,6.00,0.0197,0
2023-05-12 15:54:45,1683921286,32.4,14.0,98400,2.00,6.00,9.00,11.0,0.0130,0
2023-05-12 15:59:43,1683921583,32.4,14.5,98400,2.00,3.00,4.00,5.00,0.0147,0
2023-05-12 16:04:40,1683921880,32.9,14.1,98400,1.00,4.00,7.00,9.00,0.0233,0
2023-05-12 16:09:57,1683922197,33.3,13.7,98400,2.00,7.00,12.0,14.0,0.0323,0
2023-05-12 16:14:54,1683922494,33.5,12.6,98400,1.00,6.00,11.0,13.0,0.0329,0
2023-05-12 16:19:51,1683922791,33.4,12.4,98400,1e-7,3.00,5.00,6.00,0.0428,0
2023-05-12 16:24:47,1683923087,33.8,12.2,98400,1.00,2.00,4.00,4.00,0.0253,0
2023-05-12 16:29:44,1683923385,33.5,11.9,98400,1.00,3.00,5.00,6.00,0.0154,0
2023-05-12 16:34:41,1683923682,33.2,12.3,98400,2.00,9.00,14.0,17.0,0.0246,0
2023-05-12 16:39:58,1683923999,32.5,12.2,98463,2.00,3.00,5.00,6.00,0.0300,0
2023-05-12 16:44:56,1683924297,31.0,13.3,98500,1.00,4.00,6.00,7.00,0.0238,0
2023-05-12 16:49:55,1683924595,30.2,14.3,98500,1.00,4.00,7.00,9.00,0.0195,0
2023-05-12 16:54:53,1683924894,29.8,14.7,98500,1.00,3.00,5.00,6.00,0.0171,0
2023-05-12 16:59:52,1683925193,28.9,15.6,98500,2.00,7.00,12.0,15.0,0.0208,0
2023-05-12 17:04:51,1683925492,28.5,16.3,98500,1.00,6.00,10.0,12.0,0.0216,0
2023-05-12 17:09:51,1683925791,28.3,16.5,98500,1.00,5.00,8.00,9.00,0.0133,0
2023-05-12 17:14:50,1683926091,28.0,17.0,98500,2.00,4.00,5.00,6.00,0.0326,0
2023-05-12 17:19:49,1683926390,27.9,17.5,98500,2.00,3.00,4.00,5.00,0.0235,0
2023-05-12 17:24:49,1683926690,27.9,17.6,98500,2.00,3.00,5.00,6.00,0.0125,0
2023-05-12 17:29:49,1683926989,28.0,17.6,98500,2.00,5.00,8.00,10.0,0.0167,0
2023-05-12 17:34:48,1683927289,27.8,17.4,98500,1.00,5.00,8.00,9.00,0.0105,0
2023-05-12 17:39:48,1683927589,27.5,17.9,98500,1e-7,3.00,5.00,6.00,0.0206,0
2023-05-12 17:44:48,1683927889,27.2,18.3,98500,2.00,6.00,10.0,12.0,0.0149,0
2023-05-12 17:49:48,1683928189,27.0,18.6,98500,2.00,4.00,7.00,8.00,0.0163,0
2023-05-12 17:54:48,1683928489,26.8,18.7,98500,1e-7,3.00,5.00,6.00,0.0163,0
2023-05-12 17:59:48,1683928789,26.7,19.1,98500,2.00,7.00,12.0,15.0,0.0197,0
2023-05-12 18:04:48,1683929089,26.7,19.1,98500,2.00,4.00,6.00,7.00,0.0419,0
2023-05-12 18:09:51,1683929392,26.7,19.2,98500,1.00,2.00,4.00,4.00,0.0283,0
2023-05-12 18:14:51,1683929692,26.7,19.1,98500,2.00,5.00,8.00,9.00,0.0276,0
2023-05-12 18:19:51,1683929992,26.7,19.1,98500,2.00,3.00,5.00,6.00,0.0173,0
2023-05-12 18:24:51,1683930291,26.6,19.3,98500,1.00,2.00,3.00,4.00,0.0188,0
2023-05-12 18:29:51,1683930591,26.5,19.3,98500,4.00,5.00,7.00,8.00,0.0137,0
2023-05-12 18:34:51,1683930891,26.4,19.5,98500,3.00,6.00,8.00,10.0,0.0431,0
2023-05-12 18:39:53,1683931193,26.2,19.5,98500,3.00,6.00,8.00,10.0,0.0327,0
2023-05-12 18:44:53,1683931493,26.1,19.5,98500,3.00,6.00,8.00,9.00,0.0245,0
2023-05-12 18:49:53,1683931793,26.1,19.6,98500,2.00,4.00,5.00,6.00,0.0328,0
2023-05-12 18:51:13,1683931873,26.0,19.5,98500,2.00,4.00,5.00,6.00,0.0128,0
2023-05-12 19:04:47,1683932688,25.5,20.7,98500,2.00,3.00,4.00,4.00,0.0116,0
2023-05-12 19:09:47,1683932988,25.4,20.4,98480,2.00,9.00,15.0,17.0,0.0378,0
2023-05-12 19:14:47,1683933288,25.3,20.7,98400,2.00,3.00,5.00,5.00,0.0279,0
2023-05-12 19:19:48,1683933589,25.1,20.9,98433,3.00,5.00,7.00,8.00,0.0252,0
2023-05-12 19:24:48,1683933889,25.0,21.3,98493,3.00,6.00,9.00,11.0,0.0202,0
2023-05-12 19:29:49,1683934190,24.8,21.4,98447,4.00,5.00,8.00,9.00,0.0150,0
2023-05-12 19:34:50,1683934490,24.7,21.6,98413,3.00,6.00,8.00,9.00,0.0321,0
2023-05-12 19:39:50,1683934791,24.5,21.8,98413,3.00,5.00,7.00,8.00,0.0256,0
2023-05-12 19:44:51,1683935092,24.4,22.5,98440,3.00,9.00,15.0,17.0,0.0256,0
2023-05-12 19:49:52,1683935393,24.3,22.6,98467,3.00,4.00,7.00,8.00,0.0324,0
2023-05-12 19:54:53,1683935693,24.1,22.9,98500,4.00,6.00,7.00,8.00,0.0324,0
2023-05-12 19:59:54,1683935994,23.7,24.3,98500,3.00,7.00,11.0,12.0,0.0244,0
2023-05-12 20:04:55,1683936296,23.1,26.2,98500,6.00,8.00,11.0,13.0,0.0229,0
2023-05-12 20:09:57,1683936597,22.6,26.9,98500,5.00,11.0,16.0,19.0,0.0460,0
2023-05-12 20:14:58,1683936899,22.1,28.3,98500,2.00,7.00,11.0,13.0,0.0460,0
2023-05-12 20:19:40,1683937180,21.8,28.6,98500,5.00,7.00,11.0,13.0,0.0373,0
2023-05-12 20:24:41,1683937482,21.7,28.8,98500,3.00,4.00,5.00,5.00,0.0402,0
2023-05-12 20:29:43,1683937784,21.7,28.4,98500,3.00,6.00,10.0,11.0,0.0402,0
2023-05-12 20:34:45,1683938086,21.8,28.2,98507,2.00,5.00,7.00,8.00,0.0442,0
2023-05-12 20:39:48,1683938388,21.8,28.6,98593,3.00,4.00,5.00,6.00,0.0194,0
2023-05-12 20:44:50,1683938690,21.8,28.6,98600,3.00,9.00,15.0,17.0,0.0364,0
2023-05-12 20:49:52,1683938992,21.7,28.7,98600,4.00,13.0,20.0,23.0,0.0575,0
2023-05-12 20:54:53,1683939294,21.6,29.2,98600,4.00,8.00,11.0,12.0,0.0233,0
2023-05-12 20:59:56,1683939596,21.5,29.5,98600,4.00,7.00,10.0,11.0,0.0271,0
2023-05-12 21:04:57,1683939897,21.3,30.1,98600,3.00,7.00,11.0,13.0,0.0293,0
2023-05-12 21:09:59,1683940199,21.1,30.3,98600,4.00,5.00,6.00,7.00,0.0268,0
2023-05-12 21:14:41,1683940481,20.8,30.6,98600,5.00,9.00,14.0,17.0,0.0259,0
2023-05-12 21:19:43,1683940784,20.6,30.7,98600,4.00,7.00,10.0,11.0,0.0954,0
2023-05-12 21:24:46,1683941086,20.4,30.8,98600,5.00,8.00,11.0,12.0,0.0660,0
2023-05-12 21:29:48,1683941389,20.2,31.4,98600,4.00,5.00,9.00,11.0,0.0660,0
2023-05-12 21:34:51,1683941691,19.9,31.6,98600,2.00,6.00,10.0,12.0,0.0126,0
2023-05-12 21:39:53,1683941994,19.8,32.3,98600,4.00,5.00,8.00,9.00,0.0286,0
2023-05-12 21:44:56,1683942296,19.7,32.4,98600,5.00,6.00,7.00,9.00,0.0286,0
2023-05-12 21:49:58,1683942599,19.7,33.2,98600,2.00,5.00,7.00,8.00,0.0373,0
2023-05-12 21:54:41,1683942881,19.5,34.9,98657,3.00,7.00,10.0,11.0,0.0407,0
2023-05-12 21:59:43,1683943184,19.1,35.5,98700,3.00,11.0,17.0,20.0,0.0407,0
2023-05-12 22:04:46,1683943487,18.7,39.3,98653,3.00,5.00,8.00,9.00,0.0299,0
2023-05-12 22:09:49,1683943790,18.2,39.9,98600,2.00,5.00,8.00,9.00,0.0181,0
2023-05-12 22:14:52,1683944093,17.8,41.4,98600,4.00,6.00,8.00,10.0,0.0237,0
2023-05-12 22:19:56,1683944396,17.5,43.1,98600,3.00,5.00,7.00,8.00,0.0271,0
2023-05-12 22:24:59,1683944699,17.3,43.7,98600,5.00,8.00,11.0,12.0,0.0586,0
2023-05-12 22:29:42,1683944983,17.1,44.1,98600,5.00,8.00,11.0,12.0,0.171,0
2023-05-12 22:34:46,1683945286,16.8,44.4,98600,5.00,6.00,7.00,8.00,0.0953,0
2023-05-12 22:39:49,1683945590,16.6,44.9,98600,3.00,8.00,14.0,16.0,0.0436,0
2023-05-12 22:44:53,1683945894,16.4,45.6,98600,6.00,8.00,11.0,12.0,0.0118,0
2023-05-12 22:49:57,1683946198,16.2,46.4,98600,5.00,8.00,10.0,11.0,0.112,0
2023-05-12 22:54:41,1683946481,16.0,46.8,98600,4.00,7.00,10.0,12.0,0.144,0
2023-05-12 22:59:45,1683946786,15.8,46.9,98600,4.00,5.00,8.00,9.00,0.130,0
2023-05-12 23:04:49,1683947089,15.5,46.8,98600,3.00,5.00,6.00,6.00,0.0435,0
2023-05-12 23:09:53,1683947393,15.3,46.7,98600,6.00,9.00,13.0,15.0,0.0490,0
2023-05-12 23:14:57,1683947698,15.1,46.8,98600,2.00,5.00,7.00,8.00,0.0690,0
2023-05-12 23:19:41,1683947982,15.0,47.3,98600,2.00,4.00,7.00,8.00,0.0447,0
2023-05-12 23:24:46,1683948286,14.8,47.6,98600,4.00,5.00,8.00,9.00,0.0350,0
2023-05-12 23:29:50,1683948591,14.6,47.9,98600,6.00,15.0,22.0,26.0,0.0285,0
2023-05-12 23:34:55,1683948895,14.5,48.1,98600,2.00,5.00,7.00,8.00,0.0270,0
2023-05-12 23:39:59,1683949200,14.4,47.7,98600,2.00,4.00,6.00,6.00,0.0368,0
2023-05-12 23:44:44,1683949484,14.3,47.7,98600,2.00,5.00,8.00,9.00,0.0216,0
2023-05-12 23:49:48,1683949789,14.3,47.9,98600,3.00,4.00,7.00,8.00,0.0134,0
2023-05-12 23:54:53,1683950093,14.1,47.3,98600,3.00,8.00,12.0,14.0,0.0144,0
2023-05-12 23:59:57,1683950398,14.3,46.2,98600,4.00,8.00,13.0,15.0,0.0283,0
2023-05-13 00:04:42,1683950682,14.4,45.6,98700,2.00,5.00,9.00,11.0,0.0228,0
2023-05-13 00:09:46,1683950987,14.5,44.4,98700,2.00,6.00,10.0,12.0,0.0291,0
2023-05-13 00:14:51,1683951292,14.5,43.1,98700,4.00,7.00,10.0,12.0,0.0335,0
2023-05-13 00:19:56,1683951596,14.5,41.5,98700,4.00,6.00,9.00,11.0,0.0335,0
2023-05-13 00:24:40,1683951880,14.6,41.4,98700,3.00,7.00,11.0,13.0,0.0576,0
2023-05-13 00:29:45,1683952185,14.7,41.0,98700,4.00,5.00,7.00,8.00,0.0347,0
2023-05-13 00:34:49,1683952490,14.6,40.0,98700,3.00,5.00,7.00,8.00,0.0403,0
2023-05-13 00:39:54,1683952794,14.5,39.8,98700,5.00,7.00,8.00,8.00,0.0403,0
2023-05-13 00:44:58,1683953099,14.4,40.0,98700,4.00,6.00,8.00,9.00,0.0300,0
2023-05-13 00:49:43,1683953383,14.5,39.5,98700,5.00,9.00,12.0,14.0,0.0251,0
2023-05-13 00:54:47,1683953688,14.4,39.3,98700,4.00,5.00,6.00,7.00,0.0251,0
2023-05-13 00:59:52,1683953993,14.4,39.0,98700,3.00,5.00,7.00,8.00,0.0487,0
2023-05-13 01:04:57,1683954298,14.2,38.6,98700,2.00,7.00,11.0,13.0,0.0236,0
2023-05-13 01:09:41,1683954582,14.1,38.0,98800,4.00,5.00,7.00,8.00,0.0236,0
2023-05-13 01:14:46,1683954887,14.0,37.1,98800,3.00,5.00,7.00,8.00,0.0164,0
2023-05-13 01:19:51,1683955191,13.8,37.1,98800,3.00,7.00,11.0,13.0,0.0133,0
2023-05-13 01:24:56,1683955496,13.7,37.0,98800,3.00,6.00,9.00,10.0,0.0312,0
2023-05-13 01:29:40,1683955781,13.6,37.0,98800,4.00,8.00,11.0,12.0,0.0201,0
2023-05-13 01:34:45,1683956086,13.5,36.6,98800,4.00,9.00,13.0,14.0,0.0111,0
2023-05-13 01:39:50,1683956390,13.4,36.5,98800,2.00,7.00,11.0,13.0,0.0135,0
2023-05-13 01:44:55,1683956695,13.3,36.3,98800,3.00,10.0,16.0,19.0,0.0393,0
2023-05-13 01:49:40,1683956980,13.2,36.4,98800,3.00,3.00,5.00,5.00,0.0255,0
2023-05-13 01:54:45,1683957285,13.0,36.6,98800,4.00,4.00,6.00,6.00,0.0550,0
2023-05-13 01:59:50,1683957590,12.9,36.7,98800,2.00,4.00,7.00,9.00,0.0285,0
2023-05-13 02:04:55,1683957895,12.8,36.7,98800,3.00,6.00,8.00,9.00,0.0248,0
2023-05-13 02:09:40,1683958180,12.7,36.7,98800,2.00,6.00,10.0,12.0,0.0311,0
2023-05-13 02:14:45,1683958486,12.6,36.4,98800,4.00,7.00,10.0,12.0,0.0360,0
2023-05-13 02:19:51,1683958791,12.5,36.8,98800,4.00,5.00,7.00,9.00,0.0360,0
2023-05-13 02:24:56,1683959096,12.4,36.1,98800,2.00,5.00,8.00,9.00,0.0311,0
2023-05-13 02:29:41,1683959381,12.3,36.3,98800,2.00,6.00,9.00,11.0,0.0216,0
2023-05-13 02:34:46,1683959687,12.3,36.0,98800,2.00,5.00,8.00,10.0,0.0250,0
2023-05-13 02:39:51,1683959992,12.2,36.1,98800,4.00,5.00,8.00,9.00,0.0357,0
2023-05-13 02:44:57,1683960297,12.1,36.2,98800,3.00,5.00,8.00,9.00,0.0357,0
2023-05-13 02:49:42,1683960582,12.0,36.1,98800,2.00,3.00,5.00,6.00,0.0388,0
2023-05-13 02:54:47,1683960887,11.9,36.2,98800,2.00,4.00,5.00,6.00,0.0233,0
2023-05-13 02:59:52,1683961193,11.8,36.4,98800,1.00,3.00,5.00,6.00,0.0192,0
2023-05-13 03:04:57,1683961497,11.7,36.4,98800,4.00,7.00,11.0,13.0,0.0112,0
2023-05-13 03:09:42,1683961783,11.6,36.6,98800,2.00,4.00,6.00,7.00,0.0287,0
2023-05-13 03:14:48,1683962088,11.6,36.4,98800,3.00,5.00,8.00,10.0,0.0324,0
2023-05-13 03:19:53,1683962394,11.6,36.3,98800,3.00,5.00,8.00,9.00,0.0160,0
2023-05-13 03:24:59,1683962699,11.5,36.7,98800,2.00,4.00,7.00,9.00,0.0160,0
2023-05-13 03:29:44,1683962985,11.4,36.8,98800,2.00,5.00,8.00,9.00,0.0147,0
2023-05-13 03:34:50,1683963290,11.3,36.3,98800,2.00,5.00,8.00,9.00,0.0156,0
2023-05-13 03:39:56,1683963596,11.3,36.5,98800,2.00,7.00,11.0,13.0,0.0162,0
2023-05-13 03:44:41,1683963882,11.2,36.8,98800,1.00,3.00,5.00,6.00,0.0120,0
2023-05-13 03:49:47,1683964188,11.1,37.0,98800,1.00,5.00,8.00,9.00,0.0310,0
2023-05-13 03:54:53,1683964493,11.0,37.5,98800,2.00,5.00,8.00,10.0,0.0248,0
2023-05-13 03:59:59,1683964799,10.9,37.9,98800,3.00,4.00,6.00,7.00,0.0247,0
2023-05-13 04:04:44,1683965085,10.8,38.3,98814,2.00,4.00,7.00,9.00,0.0150,0
2023-05-13 04:09:50,1683965391,10.8,38.3,98800,2.00,6.00,11.0,13.0,0.0231,0
2023-05-13 04:14:56,1683965697,10.9,37.7,98800,2.00,7.00,11.0,14.0,0.0480,0
2023-05-13 04:19:42,1683965982,10.9,37.7,98800,2.00,5.00,9.00,11.0,0.0480,0
2023-05-13 04:24:48,1683966288,10.8,37.7,98800,2.00,3.00,5.00,6.00,0.0383,0
2023-05-13 04:29:54,1683966594,10.7,38.0,98800,2.00,5.00,9.00,11.0,0.0169,0
2023-05-13 04:34:39,1683966880,10.6,38.6,98800,2.00,5.00,9.00,11.0,0.0317,0
2023-05-13 04:39:46,1683967186,10.5,38.8,98827,2.00,3.00,5.00,6.00,0.0317,0
2023-05-13 04:44:52,1683967492,10.5,38.6,98853,2.00,7.00,12.0,14.0,0.0790,0
2023-05-13 04:49:58,1683967798,10.4,38.6,98800,2.00,4.00,5.00,6.00,0.0892,0
2023-05-13 04:54:43,1683968084,10.3,39.1,98807,2.00,4.00,5.00,6.00,0.122,0
2023-05-13 04:59:49,1683968390,10.1,39.7,98800,2.00,5.00,9.00,11.0,0.0324,0
2023-05-13 05:04:55,1683968696,9.94,39.9,98807,2.00,7.00,12.0,15.0,0.0138,0
2023-05-13 05:09:41,1683968982,9.80,40.2,98836,1.00,5.00,9.00,11.0,0.0138,0
2023-05-13 05:14:47,1683969288,9.68,40.7,98880,2.00,8.00,13.0,16.0,0.0152,0
2023-05-13 05:19:54,1683969594,9.60,41.1,98900,2.00,6.00,11.0,13.0,0.0328,0
2023-05-13 05:24:40,1683969880,9.54,40.8,98900,3.00,3.00,5.00,5.00,0.0397,0
2023-05-13 05:29:46,1683970186,9.46,41.9,98900,2.00,7.00,11.0,14.0,0.0489,0
2023-05-13 05:34:52,1683970493,9.44,41.6,98900,3.00,4.00,6.00,7.00,0.0429,0
2023-05-13 05:39:59,1683970799,9.32,41.5,98900,3.00,5.00,8.00,9.00,0.0275,0
2023-05-13 05:44:44,1683971085,9.24,41.4,98900,5.00,8.00,12.0,14.0,0.0438,0
2023-05-13 05:49:51,1683971391,9.19,41.6,98900,2.00,4.00,7.00,9.00,0.0558,0
2023-05-13 05:54:57,1683971698,9.16,42.2,98900,3.00,4.00,6.00,7.00,0.0332,0
2023-05-13 05:59:43,1683971984,9.16,42.6,98900,3.00,8.00,12.0,14.0,0.0195,0
2023-05-13 06:04:49,1683972290,9.17,42.7,98900,3.00,8.00,12.0,14.0,0.141,0
2023-05-13 06:09:56,1683972596,9.20,43.1,98900,3.00,5.00,8.00,10.0,0.141,0
2023-05-13 06:14:42,1683972882,9.31,43.5,98900,3.00,5.00,8.00,9.00,0.0828,0
2023-05-13 06:19:48,1683973188,9.42,43.0,98900,2.00,5.00,8.00,9.00,0.0605,0
2023-05-13 06:24:54,1683973494,9.67,42.6,98900,2.00,6.00,9.00,11.0,0.0301,0
2023-05-13 06:29:39,1683973780,9.99,42.1,98900,4.00,7.00,9.00,11.0,0.0325,0
2023-05-13 06:34:44,1683974085,10.2,42.5,98900,2.00,4.00,5.00,6.00,0.0325,0
2023-05-13 06:39:50,1683974391,10.4,42.3,98900,4.00,6.00,8.00,9.00,0.0483,0
2023-05-13 06:44:56,1683974697,10.5,42.2,98900,4.00,8.00,11.0,13.0,0.0450,0
2023-05-13 06:49:42,1683974982,10.7,42.0,98900,4.00,7.00,10.0,12.0,0.0479,0
2023-05-13 06:51:03,1683975063,10.9,41.8,98900,2.00,3.00,4.00,5.00,0.0122,0
2023-05-13 07:04:59,1683975899,11.7,39.5,98900,5.00,6.00,6.00,7.00,0.0153,0
2023-05-13 07:09:44,1683976184,12.0,38.6,98900,2.00,3.00,5.00,6.00,0.0814,0
2023-05-13 07:14:49,1683976489,12.4,37.9,98900,4.00,6.00,9.00,11.0,0.0814,0
2023-05-13 07:19:54,1683976794,12.9,37.3,98900,4.00,9.00,13.0,15.0,0.0447,0
2023-05-13 07:24:58,1683977099,13.4,36.3,98900,3.00,6.00,9.00,10.0,0.0372,0
2023-05-13 07:27:20,1683977241,13.6,36.2,98900,1.00,5.00,7.00,9.00,0.0270,0
2023-05-13 07:39:40,1683977981,14.8,34.7,98900,4.00,6.00,8.00,9.00,0.0116,0
2023-05-13 07:40:41,1683978041,14.9,34.2,98867,1.00,2.00,3.00,4.00,0.0154,0
2023-05-13 07:49:37,1683978578,15.5,33.5,98900,1e-7,1.00,2.00,3.00,0.0155,0
2023-05-13 08:39:46,1683981586,16.6,30.6,98800,1e-7,2.00,3.00,4.00,0.0155,0
2023-05-13 08:42:07,1683981727,16.5,30.5,98800,2.00,4.00,5.00,6.00,,
2023-05-13 08:54:56,1683982497,16.3,30.3,98800,4.00,4.00,6.00,7.00,,
2023-05-13 08:59:59,1683982800,16.2,30.0,98800,3.00,10.0,17.0,20.0,,
2023-05-13 09:01:40,1683982901,16.1,29.9,98800,3.00,7.00,10.0,12.0,0.0428,0
2023-05-13 09:09:57,1683983398,15.9,29.3,98800,2.00,3.00,5.00,5.00,0.0508,0
2023-05-13 09:10:18,1683983418,15.9,29.6,98800,1e-7,1e-7,1e-7,1e-7,0.0230,0
2023-05-13 10:07:28,1683986848,16.0,31.7,98900,1.00,2.00,4.00,4.00,,
2023-05-13 10:19:58,1683987599,16.3,31.6,98900,2.00,4.00,7.00,8.00,,
2023-05-13 10:23:20,1683987801,16.3,30.8,98900,2.00,4.00,7.00,8.00,,
2023-05-13 10:36:19,1683988579,16.5,30.6,98900,1.00,4.00,7.00,9.00,,
2023-05-13 10:54:54,1683989695,16.9,27.8,98900,2.00,4.00,7.00,8.00,,
2023-05-13 10:59:57,1683989998,16.7,26.9,98900,2.00,3.00,5.00,6.00,0.0177,0
2023-05-13 11:00:17,1683990018,16.6,27.4,98900,1e-7,1e-7,1e-7,1e-7,0.00867,0
2023-05-13 11:14:49,1683990890,17.3,25.8,98800,2.00,5.00,7.00,8.00,0.0290,0
2023-05-13 11:19:52,1683991193,17.3,26.3,98800,2.00,9.00,14.0,17.0,0.0280,0
2023-05-13 11:24:41,1683991481,17.7,26.0,98800,2.00,7.00,11.0,13.0,0.0274,0
2023-05-13 11:29:44,1683991784,17.9,24.9,98800,3.00,3.00,5.00,6.00,0.0343,0
2023-05-13 11:34:46,1683992087,17.6,25.4,98800,2.00,3.00,5.00,6.00,0.0490,0
2023-05-13 11:39:49,1683992390,17.5,25.8,98800,2.00,6.00,10.0,12.0,0.0350,0
2023-05-13 11:44:52,1683992693,17.3,27.3,98847,2.00,3.00,4.00,5.00,0.0350,0
2023-05-13 11:49:55,1683992996,16.8,28.8,98900,1.00,3.00,5.00,6.00,0.0430,0
2023-05-13 11:54:59,1683993299,16.4,29.3,98900,2.00,2.00,4.00,5.00,0.0185,0
2023-05-13 11:59:42,1683993582,16.2,29.4,98900,2.00,4.00,6.00,7.00,0.0109,0
2023-05-13 12:04:45,1683993886,15.4,31.2,98900,2.00,7.00,11.0,13.0,0.0121,0
2023-05-13 12:09:49,1683994190,15.2,31.6,98900,2.00,5.00,8.00,9.00,0.0264,0
2023-05-13 12:14:53,1683994493,15.5,31.7,98900,2.00,3.00,4.00,5.00,0.0166,0
2023-05-13 12:15:13,1683994514,15.4,31.9,98900,1e-7,1.00,2.00,2.00,0.0181,0
2023-05-13 12:29:44,1683995384,15.5,30.3,98900,2.00,4.00,7.00,9.00,0.0272,0
2023-05-13 12:30:44,1683995445,15.7,29.4,98900,1.00,2.00,3.00,3.00,0.0116,0
2023-05-13 12:44:55,1683996295,16.0,28.7,98900,2.00,4.00,6.00,7.00,0.0183,0
2023-05-13 12:49:58,1683996599,15.6,29.4,98900,3.00,3.00,4.00,5.00,0.0311,0
2023-05-13 12:50:59,1683996659,15.4,31.3,98900,1e-7,1.00,1.00,1.00,0.0366,0
2023-05-13 13:04:49,1683997490,14.6,34.7,98900,1.00,5.00,9.00,11.0,0.0366,0
2023-05-13 13:09:53,1683997793,14.5,33.9,98900,4.00,4.00,7.00,9.00,0.0639,0
2023-05-13 13:14:57,1683998097,14.4,35.3,98900,1e-7,3.00,5.00,6.00,0.0639,0
2023-05-13 13:19:40,1683998381,14.6,32.9,98900,2.00,3.00,5.00,6.00,0.0218,0
2023-05-13 13:24:03,1683998644,15.1,30.9,98900,2.00,3.00,5.00,6.00,0.0109,0
2023-05-13 13:34:52,1683999292,15.3,28.1,98900,1e-7,2.00,4.00,4.00,0.0105,0
2023-05-13 13:39:55,1683999596,15.4,27.4,98900,1e-7,3.00,5.00,6.00,0.0135,0
2023-05-13 13:44:59,1683999899,15.7,26.7,98900,1.00,5.00,8.00,10.0,0.0139,0
2023-05-13 13:59:49,1684000789,16.2,25.0,99000,1e-7,3.00,5.00,6.00,0.0187,0
2023-05-13 14:09:40,1684001380,15.9,24.1,99000,1e-7,2.00,3.00,4.00,0.0213,0
2023-05-13 14:14:43,1684001683,16.1,24.7,99000,3.00,4.00,5.00,6.00,0.0308,0
2023-05-13 14:19:46,1684001987,16.7,24.0,99000,13.0,16.0,17.0,17.0,0.245,0
2023-05-13 14:20:26,1684002027,17.0,23.1,99000,1e-7,2.00,3.00,4.00,0.245,0
2023-05-13 14:34:55,1684002895,17.9,20.3,99000,5.00,14.0,22.0,26.0,0.245,0
2023-05-13 14:39:57,1684003198,17.7,20.6,99000,8.00,10.0,13.0,15.0,0.104,0
2023-05-13 14:44:59,1684003500,18.2,20.6,99000,4.00,7.00,10.0,11.0,0.118,0
2023-05-13 14:49:42,1684003782,18.1,21.0,99000,2.00,6.00,10.0,12.0,0.167,0
2023-05-13 14:54:44,1684004084,18.4,21.6,99000,1.00,5.00,8.00,9.00,0.146,0
2023-05-13 14:56:45,1684004205,18.7,20.7,99000,1e-7,1e-7,1e-7,1e-7,0.0401,0
2023-05-13 15:09:51,1684004991,19.7,19.6,99000,2.00,6.00,9.00,10.0,0.0292,0
2023-05-13 15:14:56,1684005296,20.0,18.3,99015,20.0,27.0,31.0,34.0,0.501,0
2023-05-13 15:19:58,1684005598,20.2,17.9,99007,28.0,32.0,34.0,34.0,3.38,0
2023-05-13 15:24:40,1684005880,19.3,18.2,99086,23.0,25.0,26.0,27.0,3.38,0
2023-05-13 15:29:42,1684006183,18.2,19.6,99100,12.0,14.0,15.0,17.0,0.917,0
2023-05-13 15:34:45,1684006485,17.7,20.4,99100,3.00,11.0,17.0,21.0,1.69,0
2023-05-13 15:39:47,1684006788,18.5,20.3,99100,1.00,3.00,5.00,6.00,1.23,0
2023-05-13 15:44:50,1684007091,18.1,20.8,99100,1.00,2.00,4.00,4.00,0.274,0
2023-05-13 15:49:53,1684007393,17.9,21.4,99100,1.00,5.00,8.00,9.00,0.0749,0
2023-05-13 15:54:55,1684007696,18.4,20.2,99100,8.00,15.0,24.0,28.0,0.0965,0
2023-05-13 15:59:58,1684007999,17.8,20.5,99100,5.00,5.00,6.00,6.00,0.229,0
2023-05-13 16:04:41,1684008282,17.0,21.4,99100,7.00,14.0,18.0,21.0,0.103,0
2023-05-13 16:09:50,1684008590,16.8,22.5,99100,12.0,21.0,28.0,31.0,0.0444,0
2023-05-13 16:14:53,1684008893,16.8,22.4,99100,20.0,21.0,22.0,23.0,0.159,0
2023-05-13 16:19:56,1684009196,16.9,22.9,99100,20.0,24.0,26.0,28.0,1.24,0
2023-05-13 16:21:57,1684009317,18.1,22.4,99100,8.00,10.0,11.0,11.0,1.23,0
2023-05-13 16:34:42,1684010083,20.7,17.4,99100,4.00,8.00,13.0,16.0,0.555,0
2023-05-13 16:39:44,1684010384,20.5,17.1,99100,2.00,2.00,4.00,4.00,2.09,0
2023-05-13 16:41:04,1684010465,20.1,17.1,99100,3.00,4.00,5.00,6.00,1.64,0
2023-05-13 16:54:52,1684011292,19.1,18.0,99100,10.0,10.0,10.0,11.0,0.861,0
2023-05-13 16:59:54,1684011594,18.6,17.9,99100,19.0,20.0,20.0,20.0,0.609,0
2023-05-13 17:04:56,1684011897,18.3,18.1,99100,15.0,23.0,28.0,31.0,0.741,0
2023-05-13 17:09:59,1684012199,17.8,18.1,99100,8.00,10.0,11.0,13.0,0.421,0
2023-05-13 17:14:42,1684012482,17.0,18.8,99100,3.00,4.00,6.00,6.00,0.611,0
2023-05-13 17:17:03,1684012624,16.5,19.1,99100,3.00,8.00,11.0,13.0,0.395,0
2023-05-13 17:29:52,1684013393,15.9,19.5,99100,6.00,8.00,10.0,11.0,0.174,0
2023-05-13 17:34:56,1684013696,15.6,19.6,99100,4.00,6.00,8.00,9.00,0.0215,0
2023-05-13 17:39:59,1684013999,15.5,19.7,99100,2.00,11.0,18.0,21.0,0.0679,0
2023-05-13 17:44:42,1684014283,15.9,20.0,99100,6.00,11.0,14.0,16.0,0.0657,0
2023-05-13 17:49:45,1684014586,17.0,19.0,99100,4.00,7.00,9.00,10.0,0.0657,0
2023-05-13 17:54:48,1684014888,17.8,18.0,99100,2.00,5.00,8.00,9.00,0.0367,0
2023-05-13 17:59:51,1684015191,18.0,17.3,99100,6.00,20.0,32.0,37.0,0.0507,0
2023-05-13 18:04:54,1684015494,17.2,17.8,99100,5.00,8.00,10.0,11.0,0.0493,0
2023-05-13 18:09:57,1684015798,16.4,18.5,99187,2.00,3.00,5.00,6.00,0.0334,0
2023-05-13 18:14:41,1684016081,15.7,19.2,99200,1.00,3.00,5.00,6.00,0.0423,0
2023-05-13 18:19:44,1684016385,15.9,19.5,99200,1e-7,3.00,5.00,6.00,0.0471,0
2023-05-13 18:24:48,1684016688,16.0,19.2,99200,2.00,3.00,5.00,6.00,0.0133,0
2023-05-13 18:29:52,1684016992,15.7,19.4,99200,3.00,6.00,9.00,10.0,0.0172,0
2023-05-13 18:34:55,1684017296,15.5,20.0,99200,9.00,11.0,14.0,16.0,0.144,0
2023-05-13 18:39:59,1684017600,15.3,20.1,99200,17.0,20.0,23.0,24.0,0.322,0
2023-05-13 18:44:43,1684017883,15.1,20.3,99200,20.0,24.0,26.0,27.0,0.635,0
2023-05-13 18:49:47,1684018187,14.9,20.4,99200,19.0,21.0,22.0,23.0,1.28,0
2023-05-13 18:54:51,1684018491,14.9,20.3,99200,4.00,5.00,6.00,8.00,2.26,0
2023-05-13 18:59:54,1684018795,15.1,20.1,99200,4.00,6.00,8.00,9.00,2.26,0
2023-05-13 19:04:58,1684019099,15.2,20.4,99200,12.0,14.0,15.0,16.0,0.618,0
2023-05-13 19:09:42,1684019382,15.4,20.5,99264,11.0,13.0,14.0,14.0,0.430,0
2023-05-13 19:14:46,1684019686,15.5,20.1,99300,2.00,11.0,18.0,22.0,0.383,0
2023-05-13 19:19:50,1684019990,15.1,20.2,99293,2.00,3.00,5.00,6.00,0.396,0
2023-05-13 19:24:54,1684020295,14.6,20.7,99300,1.00,3.00,5.00,6.00,0.0676,0
2023-05-13 19:29:59,1684020599,14.2,21.2,99300,3.00,10.0,16.0,19.0,0.0676,0
2023-05-13 19:34:43,1684020883,13.9,21.8,99300,2.00,5.00,7.00,9.00,0.104,0
2023-05-13 19:39:48,1684021188,13.7,22.2,99300,2.00,6.00,11.0,13.0,0.0598,0
2023-05-13 19:44:52,1684021493,13.5,22.7,99300,1e-7,3.00,5.00,6.00,0.0583,0
2023-05-13 19:49:57,1684021798,13.3,23.0,99300,2.00,3.00,5.00,6.00,0.00902,0
2023-05-13 19:54:41,1684022082,13.1,23.1,99321,2.00,4.00,7.00,9.00,0.0157,0
2023-05-13 19:59:46,1684022387,13.0,23.2,99340,3.00,4.00,7.00,9.00,0.0150,0
2023-05-13 20:04:51,1684022692,12.9,23.4,99313,3.00,6.00,8.00,10.0,0.0125,0
2023-05-13 20:09:57,1684022997,12.8,23.7,99307,5.00,10.0,16.0,19.0,0.141,0
2023-05-13 20:14:41,1684023282,12.7,23.6,99300,5.00,8.00,11.0,13.0,0.141,0
2023-05-13 20:19:46,1684023587,12.6,23.9,99300,2.00,9.00,15.0,18.0,0.0890,0
2023-05-13 20:24:52,1684023892,12.5,24.1,99300,2.00,4.00,5.00,6.00,0.0578,0
2023-05-13 20:29:57,1684024197,12.4,24.5,99300,1e-7,2.00,4.00,4.00,0.0759,0
2023-05-13 20:34:42,1684024482,12.4,24.6,99386,4.00,19.0,31.0,37.0,0.0759,0
2023-05-13 20:39:47,1684024788,12.4,24.6,99400,2.00,4.00,6.00,7.00,0.114,0
2023-05-13 20:44:52,1684025093,12.4,24.8,99400,1.00,5.00,8.00,9.00,0.0449,0
2023-05-13 20:49:58,1684025398,12.3,25.1,99400,2.00,5.00,8.00,9.00,0.0395,0
2023-05-13 20:54:42,1684025683,12.2,25.6,99400,2.00,3.00,5.00,6.00,0.0127,0
2023-05-13 20:59:48,1684025988,12.1,25.8,99400,2.00,3.00,5.00,6.00,0.0294,0
2023-05-13 21:04:53,1684026294,12.1,25.6,99400,5.00,15.0,23.0,28.0,0.153,0
2023-05-13 21:09:58,1684026599,12.1,25.8,99400,1.00,6.00,9.00,11.0,0.185,0
2023-05-13 21:14:43,1684026884,12.0,26.2,99400,1e-7,3.00,5.00,6.00,0.145,0
2023-05-13 21:19:49,1684027189,11.9,26.6,99400,1.00,3.00,5.00,6.00,0.0411,0
2023-05-13 21:24:54,1684027495,11.9,26.6,99400,1e-7,3.00,5.00,6.00,0.0125,0
2023-05-13 21:29:59,1684027799,11.9,26.4,99400,1.00,6.00,10.0,12.0,0.0105,0
2023-05-13 21:34:44,1684028084,11.9,26.6,99400,1e-7,2.00,4.00,4.00,0.0174,0
2023-05-13 21:39:49,1684028390,11.9,26.4,99400,1e-7,3.00,5.00,6.00,0.0192,0
2023-05-13 21:44:55,1684028695,11.9,26.6,99400,1.00,6.00,10.0,12.0,0.0178,0
2023-05-13 21:49:40,1684028980,11.8,26.8,99400,1e-7,3.00,5.00,6.00,0.0178,0
2023-05-13 21:54:45,1684029286,11.9,26.7,99400,1.00,3.00,5.00,6.00,0.0151,0
2023-05-13 21:59:51,1684029591,11.8,26.6,99400,1.00,3.00,4.00,5.00,0.0118,0
2023-05-13 22:04:56,1684029897,11.9,26.8,99400,1.00,1.00,1.00,1.00,0.0123,0
2023-05-13 22:09:41,1684030182,11.8,26.6,99400,1e-7,3.00,5.00,6.00,0.0128,0
2023-05-13 22:14:47,1684030487,11.8,26.9,99400,1e-7,3.00,5.00,6.00,0.0152,0
2023-05-13 22:19:52,1684030793,11.7,27.2,99400,2.00,8.00,13.0,16.0,0.0149,0
2023-05-13 22:24:58,1684031098,11.7,27.2,99400,1.00,5.00,8.00,10.0,0.0165,0
2023-05-13 22:29:43,1684031383,11.7,27.6,99400,1e-7,3.00,4.00,5.00,0.0237,0
2023-05-13 22:34:48,1684031689,11.6,27.5,99400,1e-7,3.00,5.00,6.00,0.0179,0
2023-05-13 22:39:54,1684031994,11.6,27.5,99400,1e-7,3.00,5.00,6.00,0.0111,0
2023-05-13 22:44:59,1684032300,11.6,27.5,99400,1e-7,3.00,5.00,6.00,0.0164,0
2023-05-13 22:49:45,1684032585,11.6,27.6,99400,1e-7,1e-7,1e-7,1e-7,0.0216,0
2023-05-13 22:54:50,1684032891,11.6,27.5,99400,1.00,3.00,5.00,6.00,0.0216,0
2023-05-13 22:59:56,1684033196,11.6,27.3,99400,1.00,3.00,5.00,6.00,0.0167,0
2023-05-13 23:04:41,1684033481,11.6,27.3,99400,1e-7,2.00,4.00,4.00,0.0156,0
2023-05-13 23:09:47,1684033787,11.5,27.6,99400,1e-7,3.00,5.00,6.00,0.0156,0
2023-05-13 23:14:52,1684034093,11.5,28.0,99400,2.00,4.00,7.00,8.00,0.0144,0
2023-05-13 23:19:58,1684034398,11.4,27.9,99400,1e-7,1e-7,1e-7,1e-7,0.0218,0
2023-05-13 23:24:43,1684034683,11.4,28.0,99400,1e-7,3.00,5.00,6.00,0.0161,0
2023-05-13 23:29:48,1684034989,11.4,27.9,99400,1.00,3.00,5.00,6.00,0.0119,0
2023-05-13 23:34:54,1684035295,11.4,28.1,99400,2.00,4.00,6.00,7.00,0.0117,0
2023-05-13 23:39:39,1684035580,11.4,28.4,99400,1e-7,3.00,5.00,6.00,0.0113,0
2023-05-13 23:44:45,1684035886,11.4,28.4,99400,1e-7,1e-7,1e-7,1e-7,0.0113,0
2023-05-13 23:49:51,1684036191,11.4,28.5,99400,2.00,7.00,12.0,14.0,0.0136,0
2023-05-13 23:54:56,1684036497,11.3,28.7,99400,1e-7,1e-7,1e-7,1e-7,0.0181,0
2023-05-13 23:59:42,1684036782,11.3,28.6,99400,1e-7,1e-7,1e-7,1e-7,0.0181,0
2023-05-14 00:04:47,1684037088,11.3,28.8,99400,1e-7,3.00,5.00,6.00,0.0181,0
2023-05-14 00:09:53,1684037394,11.3,28.7,99400,1e-7,3.00,5.00,6.00,0.0129,0
2023-05-14 00:14:59,1684037699,11.3,28.6,99400,1e-7,3.00,5.00,6.00,0.0170,0
2023-05-14 00:19:44,1684037985,11.3,28.5,99400,1e-7,3.00,5.00,6.00,0.0170,0
2023-05-14 00:24:50,1684038290,11.3,28.7,99400,1e-7,2.00,4.00,4.00,0.0224,0
2023-05-14 00:29:56,1684038596,11.2,29.2,99400,1e-7,3.00,5.00,6.00,0.0167,0
2023-05-14 00:34:41,1684038881,11.2,29.1,99400,1e-7,3.00,5.00,6.00,0.0103,0
2023-05-14 00:39:47,1684039187,11.1,29.4,99400,1.00,6.00,10.0,12.0,0.0206,0
2023-05-14 00:44:53,1684039493,11.1,29.3,99400,1.00,6.00,10.0,12.0,0.0419,0
2023-05-14 00:49:58,1684039799,11.1,29.3,99400,1.00,2.00,4.00,4.00,0.0303,0
2023-05-14 00:54:44,1684040084,11.1,29.1,99400,1e-7,3.00,5.00,6.00,0.0337,0
2023-05-14 00:59:50,1684040390,11.1,29.4,99400,1e-7,2.00,4.00,4.00,0.0118,0
2023-05-14 01:04:56,1684040696,11.1,29.2,99400,1.00,3.00,5.00,6.00,0.0121,0
2023-05-14 01:09:41,1684040982,11.0,29.2,99400,1e-7,2.00,4.00,4.00,0.0136,0
2023-05-14 01:14:47,1684041287,11.0,29.5,99400,3.00,7.00,10.0,12.0,0.0217,0
2023-05-14 01:19:53,1684041593,10.9,29.8,99400,1e-7,3.00,5.00,6.00,0.0650,0
2023-05-14 01:24:59,1684041899,10.9,29.7,99400,1e-7,3.00,5.00,6.00,0.0503,0
2023-05-14 01:29:44,1684042185,10.9,29.9,99400,1.00,3.00,5.00,6.00,0.0503,0
2023-05-14 01:34:50,1684042491,10.9,30.2,99400,1.00,3.00,5.00,6.00,0.0115,0
2023-05-14 01:39:56,1684042797,10.8,30.9,99400,1.00,3.00,4.00,5.00,0.0122,0
2023-05-14 01:44:42,1684043082,10.8,31.1,99400,1e-7,3.00,5.00,6.00,0.0117,0
2023-05-14 01:49:48,1684043388,10.7,31.3,99400,1.00,3.00,5.00,6.00,0.0122,0
2023-05-14 01:54:54,1684043694,10.7,31.3,99400,2.00,5.00,7.00,8.00,0.0253,0
2023-05-14 01:59:39,1684043980,10.7,31.5,99400,2.00,3.00,5.00,6.00,0.0188,0
2023-05-14 02:04:45,1684044286,10.7,31.5,99400,1e-7,3.00,5.00,6.00,0.0188,0
2023-05-14 02:09:51,1684044592,10.6,31.8,99400,2.00,4.00,5.00,6.00,0.0118,0
2023-05-14 02:14:57,1684044898,10.6,31.7,99400,1.00,5.00,9.00,11.0,0.0134,0
2023-05-14 02:19:43,1684045184,10.6,31.9,99400,1.00,6.00,10.0,12.0,0.0379,0
2023-05-14 02:24:49,1684045489,10.7,31.7,99400,2.00,3.00,5.00,6.00,0.0379,0
2023-05-14 02:29:55,1684045796,10.7,31.5,99400,2.00,5.00,8.00,9.00,0.0316,0
2023-05-14 02:34:41,1684046081,10.7,31.5,99400,1.00,3.00,5.00,6.00,0.0315,0
2023-05-14 02:39:46,1684046387,10.7,31.5,99400,1.00,3.00,5.00,6.00,0.0121,0
2023-05-14 02:44:52,1684046693,10.6,31.8,99400,1.00,6.00,9.00,11.0,0.0121,0
2023-05-14 02:49:59,1684046999,10.5,32.2,99400,4.00,5.00,7.00,9.00,0.0287,0
2023-05-14 02:54:44,1684047285,10.5,32.4,99400,2.00,5.00,8.00,10.0,0.0287,0
2023-05-14 02:59:50,1684047591,10.4,32.4,99400,2.00,7.00,11.0,13.0,0.0243,0
2023-05-14 03:04:56,1684047897,10.4,32.3,99400,2.00,3.00,5.00,6.00,0.0323,0
2023-05-14 03:09:42,1684048182,10.4,32.3,99400,2.00,4.00,7.00,9.00,0.0307,0
2023-05-14 03:14:48,1684048488,10.4,32.6,99400,1.00,5.00,8.00,9.00,0.0311,0
2023-05-14 03:19:54,1684048794,10.4,32.6,99400,2.00,5.00,9.00,11.0,0.0207,0
2023-05-14 03:24:40,1684049080,10.4,32.9,99400,1.00,3.00,5.00,6.00,0.0337,0
2023-05-14 03:29:46,1684049386,10.4,33.1,99400,1e-7,3.00,5.00,6.00,0.0340,0
2023-05-14 03:34:52,1684049692,10.4,33.3,99400,1.00,5.00,8.00,9.00,0.0310,0
2023-05-14 03:39:58,1684049998,10.4,33.4,99400,1.00,3.00,5.00,6.00,0.0150,0
2023-05-14 03:44:44,1684050284,10.3,33.7,99400,1.00,3.00,5.00,6.00,0.0120,0
2023-05-14 03:49:50,1684050590,10.3,33.9,99400,2.00,4.00,6.00,7.00,0.0111,0
2023-05-14 03:54:56,1684050896,10.3,34.3,99400,2.00,11.0,18.0,22.0,0.0303,0
2023-05-14 03:59:41,1684051182,10.3,34.2,99400,2.00,8.00,12.0,14.0,0.0440,0
2023-05-14 04:04:47,1684051488,10.3,34.1,99400,2.00,6.00,9.00,10.0,0.0251,0
2023-05-14 04:09:53,1684051794,10.3,34.3,99400,2.00,3.00,5.00,6.00,0.0251,0
2023-05-14 04:14:59,1684052100,10.2,34.1,99400,1e-7,3.00,5.00,6.00,0.0391,0
2023-05-14 04:19:45,1684052386,10.2,34.4,99400,2.00,7.00,11.0,13.0,0.0391,0
2023-05-14 04:24:51,1684052692,10.1,34.8,99400,1.00,2.00,4.00,4.00,0.0428,0
2023-05-14 04:29:57,1684052998,10.00,35.0,99400,1.00,3.00,5.00,6.00,0.0306,0
2023-05-14 04:34:43,1684053283,9.94,35.1,99400,1e-7,3.00,5.00,6.00,0.0206,0
2023-05-14 04:39:49,1684053590,9.93,35.4,99400,1.00,3.00,5.00,6.00,0.0159,0
2023-05-14 04:44:55,1684053896,9.91,35.3,99367,1.00,5.00,9.00,11.0,0.0209,0
2023-05-14 04:49:41,1684054181,9.87,35.2,99314,1.00,3.00,5.00,6.00,0.0224,0
2023-05-14 04:54:47,1684054487,9.82,35.3,99300,1.00,3.00,5.00,6.00,0.0107,0
2023-05-14 04:59:53,1684054793,9.76,35.6,99307,2.00,5.00,8.00,9.00,0.0134,0
2023-05-14 05:04:59,1684055100,9.73,35.4,99400,1.00,3.00,5.00,6.00,0.0133,0
2023-05-14 05:09:45,1684055386,9.71,35.4,99400,1.00,3.00,5.00,6.00,0.0221,0
2023-05-14 05:14:51,1684055692,9.72,35.3,99400,1.00,5.00,8.00,10.0,0.0202,0
2023-05-14 05:19:57,1684055998,9.76,35.3,99400,1.00,3.00,5.00,6.00,0.0224,0
2023-05-14 05:24:43,1684056284,9.79,35.2,99400,1.00,6.00,9.00,11.0,0.0174,0
2023-05-14 05:29:48,1684056589,9.75,35.2,99400,2.00,9.00,15.0,18.0,0.0487,0
2023-05-14 05:34:54,1684056895,9.69,35.0,99400,2.00,5.00,8.00,9.00,0.0487,0
2023-05-14 05:39:40,1684057181,9.62,35.0,99400,2.00,10.0,16.0,19.0,0.0233,0
2023-05-14 05:44:46,1684057487,9.54,35.1,99400,1.00,6.00,10.0,12.0,0.0439,0
2023-05-14 05:49:52,1684057793,9.59,34.9,99400,2.00,5.00,8.00,9.00,0.0499,0
2023-05-14 05:54:58,1684058099,9.65,34.9,99400,3.00,5.00,9.00,10.0,0.0499,0
2023-05-14 05:59:44,1684058384,9.69,34.5,99400,2.00,7.00,11.0,13.0,0.0172,0
2023-05-14 06:14:42,1684059282,9.77,34.0,99400,2.00,4.00,7.00,8.00,0.0234,0
2023-05-14 06:19:48,1684059588,9.85,33.9,99400,1.00,4.00,7.00,8.00,0.0234,0
2023-05-14 06:24:53,1684059894,9.90,33.8,99400,1.00,3.00,5.00,6.00,0.0291,0
2023-05-14 06:29:59,1684060200,10.0,33.2,99400,3.00,6.00,9.00,10.0,0.0323,0
2023-05-14 06:34:45,1684060485,10.1,33.1,99400,3.00,6.00,10.0,12.0,0.0418,0
2023-05-14 06:39:51,1684060791,10.3,33.0,99400,3.00,5.00,7.00,8.00,0.0131,0
2023-05-14 06:44:56,1684061097,10.4,32.6,99400,2.00,9.00,15.0,18.0,0.0442,0
2023-05-14 06:49:41,1684061382,10.4,32.5,99400,2.00,5.00,8.00,9.00,0.0442,0
2023-05-14 06:54:47,1684061688,10.5,32.1,99400,2.00,6.00,10.0,11.0,0.0490,0
2023-05-14 06:59:53,1684061993,10.6,31.8,99400,3.00,5.00,9.00,11.0,0.0490,0
2023-05-14 07:04:58,1684062299,10.7,31.8,99400,2.00,6.00,9.00,11.0,0.0140,0
2023-05-14 07:09:43,1684062584,10.8,31.6,99400,1.00,3.00,5.00,6.00,0.00849,0
2023-05-14 07:14:48,1684062889,11.1,31.3,99400,3.00,8.00,13.0,16.0,0.0201,0
2023-05-14 07:19:54,1684063194,11.3,30.6,99400,2.00,5.00,8.00,9.00,0.0311,0
2023-05-14 07:24:59,1684063499,11.5,30.2,99400,2.00,7.00,12.0,14.0,0.0311,0
2023-05-14 07:29:44,1684063784,11.7,29.8,99400,2.00,4.00,6.00,7.00,0.0303,0
2023-05-14 07:34:49,1684064089,11.8,29.6,99400,2.00,6.00,9.00,10.0,0.0294,0
2023-05-14 07:39:54,1684064394,12.1,29.1,99400,2.00,4.00,7.00,9.00,0.0124,0
2023-05-14 07:44:58,1684064699,12.3,28.5,99400,2.00,4.00,6.00,7.00,0.0139,0
2023-05-14 07:49:43,1684064983,12.5,28.1,99400,4.00,18.0,28.0,34.0,0.0114,0
2023-05-14 07:54:47,1684065288,12.5,27.7,99400,6.00,8.00,11.0,13.0,0.134,0
2023-05-14 07:59:51,1684065592,12.7,27.6,99400,4.00,8.00,14.0,17.0,0.195,0
2023-05-14 08:02:51,1684065772,12.8,28.0,99400,2.00,5.00,8.00,9.00,0.0125,0
2023-05-14 08:34:24,1684067665,13.7,25.6,99400,4.00,10.0,16.0,19.0,,
2023-05-14 08:44:41,1684068282,14.0,24.3,99400,5.00,7.00,9.00,10.0,,
2023-05-14 08:49:45,1684068585,14.2,24.3,99400,4.00,13.0,21.0,24.0,,
2023-05-14 08:54:48,1684068889,14.5,24.8,99400,1.00,4.00,6.00,7.00,0.181,0
2023-05-14 08:59:31,1684069172,14.8,23.2,99400,1.00,2.00,4.00,4.00,0.181,0
2023-05-14 09:04:41,1684069482,14.5,23.3,99400,1.00,4.00,7.00,9.00,0.0350,0
2023-05-14 09:09:45,1684069786,14.7,22.8,99433,3.00,6.00,9.00,10.0,0.0350,0
2023-05-14 09:14:49,1684070089,14.9,21.8,99400,3.00,9.00,15.0,18.0,0.0442,0
2023-05-14 09:19:59,1684070399,15.1,22.2,99400,6.00,9.00,12.0,13.0,0.0115,0
2023-05-14 09:21:19,1684070480,15.4,21.9,99400,3.00,5.00,7.00,8.00,0.0321,0
2023-05-14 09:28:36,1684070916,15.4,20.2,99500,1.00,4.00,6.00,7.00,0.0321,0
2023-05-14 09:44:46,1684071887,15.6,21.3,99500,1.00,3.00,5.00,6.00,0.0207,0
2023-05-14 09:45:27,1684071927,15.6,21.3,99500,1e-7,3.00,5.00,6.00,0.0124,0
2023-05-14 09:59:57,1684072797,16.0,21.0,99500,2.00,3.00,5.00,6.00,0.0468,0
2023-05-14 10:04:40,1684073081,16.2,20.2,99500,2.00,5.00,9.00,11.0,0.0468,0
2023-05-14 10:09:44,1684073384,16.1,19.4,99500,1.00,3.00,5.00,6.00,0.0149,0
2023-05-14 10:14:47,1684073688,15.9,19.4,99500,1.00,3.00,5.00,6.00,0.0149,0
2023-05-14 10:19:51,1684073992,15.9,19.3,99500,2.00,5.00,8.00,9.00,0.0159,0
2023-05-14 10:24:55,1684074295,16.1,19.3,99473,2.00,4.00,6.00,7.00,0.0140,0
2023-05-14 10:29:59,1684074599,16.3,17.8,99500,2.00,4.00,7.00,9.00,0.0109,0
2023-05-14 10:34:42,1684074883,16.3,17.1,99500,1.00,4.00,6.00,7.00,0.0113,0
2023-05-14 10:39:46,1684075186,16.5,17.4,99500,2.00,8.00,13.0,16.0,0.0230,0
2023-05-14 10:44:50,1684075490,16.8,16.7,99500,2.00,5.00,7.00,8.00,0.0315,0
2023-05-14 10:49:53,1684075794,17.0,15.9,99500,2.00,5.00,7.00,8.00,0.0181,0
2023-05-14 10:54:57,1684076097,17.1,15.4,99500,4.00,6.00,7.00,8.00,0.0194,0
2023-05-14 10:59:40,1684076380,17.1,14.6,99500,3.00,7.00,10.0,11.0,0.0181,0
2023-05-14 11:04:43,1684076684,17.0,14.7,99500,2.00,3.00,5.00,5.00,0.0107,0
2023-05-14 11:09:47,1684076987,17.2,15.0,99500,5.00,6.00,7.00,8.00,0.0126,0
2023-05-14 11:14:50,1684077291,17.4,15.1,99407,2.00,5.00,8.00,9.00,0.0158,0
2023-05-14 11:19:54,1684077594,17.6,15.0,99400,2.00,6.00,8.00,9.00,0.0299,0
2023-05-14 11:24:57,1684077897,17.6,14.1,99400,2.00,7.00,11.0,13.0,0.0168,0
2023-05-14 11:29:40,1684078181,17.7,14.6,99400,2.00,5.00,8.00,10.0,0.0168,0
2023-05-14 11:34:44,1684078484,17.9,13.7,99400,4.00,8.00,11.0,12.0,0.0197,0
2023-05-14 11:39:47,1684078787,17.9,13.4,99400,3.00,9.00,15.0,18.0,0.0177,0
2023-05-14 11:44:50,1684079091,17.9,14.5,99400,5.00,11.0,17.0,20.0,0.0537,0
2023-05-14 11:48:33,1684079313,18.2,14.0,99400,4.00,8.00,13.0,15.0,0.111,0
2023-05-14 11:59:44,1684079984,18.5,13.3,99400,2.00,4.00,6.00,8.00,0.0639,0
2023-05-14 12:03:24,1684080205,18.7,13.7,99400,1e-7,2.00,3.00,4.00,0.0627,0
2023-05-14 12:09:49,1684080590,18.9,13.2,99400,1.00,2.00,3.00,3.00,0.144,0
2023-05-14 12:10:09,1684080610,18.9,13.0,99400,1.00,4.00,7.00,8.00,0.171,0
2023-05-14 12:21:55,1684081316,19.8,13.0,99400,2.00,4.00,5.00,6.00,0.183,0
2023-05-14 12:34:50,1684082090,20.0,12.5,99400,1.00,3.00,4.00,5.00,0.170,0
2023-05-14 12:39:21,1684082361,20.2,12.1,99400,2.00,5.00,8.00,10.0,,
2023-05-14 12:49:43,1684082983,20.1,11.0,99400,2.00,2.00,3.00,3.00,0.0207,0
2023-05-14 12:54:44,1684083285,20.1,11.8,99400,2.00,4.00,7.00,9.00,0.0207,0
2023-05-14 12:59:46,1684083586,20.3,10.9,99400,2.00,4.00,7.00,9.00,0.0133,0
2023-05-14 13:03:07,1684083787,20.5,10.9,99400,4.00,9.00,13.0,16.0,0.0171,0
2023-05-14 13:09:51,1684084191,20.7,10.9,99400,4.00,8.00,11.0,12.0,0.0244,0
2023-05-14 13:14:52,1684084493,20.9,10.7,99400,4.00,6.00,8.00,8.00,0.0341,0
2023-05-14 13:19:53,1684084794,21.1,10.6,99400,3.00,5.00,6.00,7.00,0.0211,0
2023-05-14 13:24:54,1684085094,21.5,10.3,99400,5.00,10.0,15.0,18.0,0.0235,0
2023-05-14 13:29:55,1684085395,21.8,10.3,99400,4.00,7.00,9.00,10.0,0.0462,0
2023-05-14 13:34:55,1684085696,22.3,10.5,99367,2.00,2.00,3.00,4.00,0.0416,0
2023-05-14 13:39:56,1684085996,22.6,10.0,99387,4.00,4.00,6.00,7.00,0.0763,0
2023-05-14 13:44:56,1684086297,22.7,10.1,99400,11.0,30.0,45.0,53.0,0.0821,0
2023-05-14 13:49:56,1684086597,23.1,9.58,99400,4.00,4.00,6.00,7.00,0.0821,0
2023-05-14 13:54:56,1684086897,23.2,9.33,99400,5.00,8.00,12.0,14.0,0.0572,0
2023-05-14 13:59:56,1684087197,23.3,9.28,99400,4.00,4.00,6.00,7.00,0.0220,0
2023-05-14 14:04:56,1684087497,23.6,9.49,99393,5.00,9.00,12.0,14.0,0.0147,0
2023-05-14 14:09:56,1684087797,23.9,8.30,99400,7.00,8.00,12.0,14.0,0.0285,0
2023-05-14 14:14:56,1684088097,23.7,8.31,99400,3.00,4.00,4.00,5.00,0.0333,0
2023-05-14 14:19:56,1684088397,23.6,8.28,99400,2.00,3.00,4.00,4.00,0.0937,0
2023-05-14 14:24:56,1684088697,23.9,8.98,99307,4.00,4.00,4.00,5.00,0.0694,0
2023-05-14 14:29:56,1684088997,24.1,8.16,99373,9.00,10.0,12.0,14.0,0.0342,0
2023-05-14 14:34:56,1684089297,24.1,7.94,99300,4.00,10.0,15.0,18.0,0.0911,0
2023-05-14 14:39:56,1684089597,24.0,7.72,99313,3.00,13.0,22.0,26.0,0.0706,0
2023-05-14 14:44:56,1684089897,24.3,8.29,99300,2.00,3.00,6.00,7.00,0.0484,0
2023-05-14 14:48:36,1684090117,25.0,8.17,99300,3.00,7.00,9.00,11.0,0.0273,0
2023-05-14 14:59:54,1684090795,25.5,7.61,99300,2.00,3.00,5.00,6.00,0.0211,0
2023-05-14 15:04:54,1684091094,25.7,7.39,99300,1.00,9.00,15.0,18.0,0.0341,0.736
2023-05-14 15:09:53,1684091393,25.9,7.27,99300,2.00,5.00,9.00,11.0,0.0221,0.736
2023-05-14 15:14:52,1684091692,26.3,7.49,99300,1.00,5.00,8.00,9.00,0.0424,0
2023-05-14 15:19:51,1684091991,26.8,7.21,99300,3.00,4.00,7.00,9.00,0.0424,0
2023-05-14 15:24:50,1684092290,26.9,6.53,99300,2.00,3.00,4.00,4.00,0.0268,0
2023-05-14 15:25:30,1684092330,26.7,6.37,99300,1.00,2.00,2.00,2.00,0.0134,0
2023-05-14 15:39:49,1684093189,27.3,6.87,99300,2.00,6.00,9.00,10.0,0.0278,0
2023-05-14 15:44:47,1684093488,27.3,6.41,99300,2.00,4.00,7.00,8.00,0.0218,0
2023-05-14 15:49:46,1684093787,26.8,6.85,99300,3.00,6.00,8.00,9.00,0.0149,0
2023-05-14 15:54:45,1684094085,27.4,7.16,99300,2.00,3.00,5.00,6.00,0.0149,0
2023-05-14 15:59:43,1684094384,28.1,6.34,99300,2.00,6.00,9.00,10.0,0.0153,0
2023-05-14 16:00:23,1684094424,28.1,5.93,99300,2.00,7.00,12.0,14.0,0.00974,0
2023-05-14 16:14:42,1684095283,28.2,6.28,99300,2.00,3.00,5.00,6.00,0.0186,0
2023-05-14 16:19:40,1684095581,28.4,5.96,99300,2.00,8.00,12.0,14.0,0.0186,0
2023-05-14 16:24:59,1684095899,28.1,5.87,99300,3.00,3.00,5.00,6.00,0.0297,0
2023-05-14 16:29:57,1684096198,28.1,5.83,99300,2.00,4.00,7.00,9.00,0.0305,0
2023-05-14 16:34:56,1684096496,28.4,6.03,99300,3.00,5.00,7.00,8.00,0.0295,0
2023-05-14 16:39:54,1684096794,28.9,5.68,99300,3.00,6.00,8.00,8.00,0.0103,0
2023-05-14 16:44:52,1684097093,28.9,5.99,99300,4.00,4.00,7.00,8.00,0.0167,0
2023-05-14 16:49:50,1684097391,29.3,5.78,99300,6.00,19.0,30.0,36.0,0.0202,0
2023-05-14 16:54:48,1684097689,29.3,5.63,99300,6.00,12.0,16.0,19.0,0.139,0
2023-05-14 16:59:46,1684097987,29.1,5.57,99300,4.00,6.00,8.00,9.00,0.104,0
2023-05-14 17:04:45,1684098285,28.7,5.40,99300,3.00,4.00,4.00,4.00,0.147,0
2023-05-14 17:09:43,1684098584,28.2,5.77,99300,6.00,9.00,14.0,16.0,0.0281,0
2023-05-14 17:14:41,1684098882,28.5,6.03,99300,4.00,15.0,24.0,29.0,0.0404,0
2023-05-14 17:19:40,1684099180,28.7,5.80,99300,5.00,6.00,7.00,7.00,0.0403,0
2023-05-14 17:24:58,1684099499,28.5,5.81,99300,2.00,3.00,5.00,6.00,0.0301,0
2023-05-14 17:34:54,1684100094,27.8,6.00,99300,1e-7,1e-7,1.00,1.00,0.00977,0
2023-05-14 17:39:52,1684100393,27.7,5.99,99300,3.00,4.00,6.00,7.00,0.0226,0
2023-05-14 17:44:51,1684100692,27.5,6.14,99300,2.00,3.00,5.00,6.00,0.0168,0
2023-05-14 17:47:30,1684100851,27.5,6.54,99300,11.0,35.0,54.0,63.0,0.0699,0
2023-05-14 17:59:50,1684101590,28.5,6.28,99300,3.00,3.00,5.00,5.00,0.0965,0
2023-05-14 18:04:48,1684101889,27.9,6.16,99300,2.00,4.00,6.00,6.00,0.107,0
2023-05-14 18:09:46,1684102186,26.8,6.70,99300,2.00,6.00,9.00,10.0,0.0708,0
2023-05-14 18:14:46,1684102486,25.8,7.39,99300,2.00,5.00,8.00,9.00,0.0708,0
2023-05-14 18:19:46,1684102786,25.3,7.83,99300,2.00,4.00,6.00,7.00,0.0244,0
2023-05-14 18:24:46,1684103086,24.6,7.80,99300,2.00,4.00,6.00,7.00,0.0215,0
2023-05-14 18:29:46,1684103387,23.8,8.41,99300,8.00,21.0,31.0,36.0,0.0434,0
2023-05-14 18:34:47,1684103687,23.1,8.85,99300,2.00,4.00,5.00,6.00,0.0781,0
2023-05-14 18:39:48,1684103988,22.8,9.22,99300,2.00,4.00,5.00,6.00,0.0576,0
2023-05-14 18:44:49,1684104289,23.0,9.38,99300,2.00,5.00,8.00,9.00,0.0644,0
2023-05-14 18:49:49,1684104590,23.6,9.39,99300,4.00,5.00,5.00,6.00,0.0424,0
2023-05-14 18:54:50,1684104891,23.6,9.25,99300,15.0,49.0,76.0,89.0,0.153,0
2023-05-14 18:59:51,1684105191,23.4,9.39,99300,5.00,19.0,30.0,36.0,0.304,0
2023-05-14 19:04:52,1684105492,23.3,9.47,99333,2.00,6.00,8.00,9.00,0.334,0
2023-05-14 19:09:53,1684105793,23.0,9.74,99400,1.00,4.00,6.00,7.00,0.190,0
2023-05-14 19:14:54,1684106095,22.7,10.0,99400,8.00,21.0,31.0,36.0,0.0952,0
2023-05-14 19:19:55,1684106396,22.2,10.2,99400,2.00,3.00,5.00,6.00,0.0965,0
2023-05-14 19:24:57,1684106698,21.4,10.6,99400,4.00,15.0,23.0,27.0,0.0965,0
2023-05-14 19:29:59,1684107000,20.6,11.0,99400,4.00,7.00,11.0,13.0,0.0712,0
2023-05-14 19:34:41,1684107282,20.0,11.3,99400,3.00,6.00,8.00,9.00,0.0391,0
2023-05-14 19:39:44,1684107584,19.6,11.7,99400,7.00,26.0,42.0,50.0,0.114,0
2023-05-14 19:44:46,1684107887,19.2,12.3,99400,4.00,10.0,15.0,17.0,0.273,0
2023-05-14 19:49:49,1684108190,18.8,12.6,99400,2.00,5.00,9.00,11.0,0.273,0
2023-05-14 19:54:52,1684108492,18.5,12.8,99400,4.00,6.00,10.0,11.0,0.222,0
2023-05-14 19:59:55,1684108795,18.2,13.3,99400,1.00,3.00,5.00,6.00,0.0309,0
2023-05-14 20:04:58,1684109099,17.8,13.8,99400,3.00,3.00,4.00,5.00,0.0478,0
2023-05-14 20:09:41,1684109382,17.4,14.1,99400,2.00,9.00,14.0,16.0,0.0265,0
2023-05-14 20:14:45,1684109685,17.0,14.6,99400,3.00,7.00,11.0,12.0,0.0435,0
2023-05-14 20:19:48,1684109989,16.6,15.4,99400,2.00,5.00,9.00,11.0,0.0272,0
2023-05-14 20:24:52,1684110293,16.1,16.2,99400,2.00,7.00,11.0,13.0,0.0266,0
2023-05-14 20:29:56,1684110596,15.7,16.8,99400,2.00,4.00,7.00,8.00,0.0141,0
2023-05-14 20:34:40,1684110880,15.3,17.1,99400,2.00,4.00,6.00,7.00,0.0196,0
2023-05-14 20:39:44,1684111185,15.0,18.0,99400,2.00,3.00,5.00,6.00,0.0155,0
2023-05-14 20:44:49,1684111489,14.6,18.3,99400,2.00,6.00,11.0,12.0,0.0145,0
2023-05-14 20:49:53,1684111794,14.3,18.6,99400,2.00,3.00,4.00,5.00,0.0314,0
2023-05-14 20:54:58,1684112099,14.0,18.9,99400,1.00,3.00,5.00,6.00,0.0275,0
2023-05-14 20:59:42,1684112383,13.7,19.2,99400,1.00,3.00,5.00,6.00,0.0125,0
2023-05-14 21:04:47,1684112688,13.5,19.4,99400,1.00,4.00,7.00,9.00,0.0157,0
2023-05-14 21:09:52,1684112993,13.2,20.4,99400,2.00,5.00,8.00,9.00,0.0157,0
2023-05-14 21:14:57,1684113298,13.1,20.6,99400,2.00,6.00,9.00,11.0,0.0104,0
2023-05-14 21:19:42,1684113582,12.9,20.9,99400,2.00,5.00,7.00,9.00,0.0146,0
2023-05-14 21:24:47,1684113888,12.7,21.1,99400,1.00,6.00,10.0,12.0,0.0173,0
2023-05-14 21:29:52,1684114193,12.6,21.9,99400,2.00,3.00,5.00,6.00,0.0144,0
2023-05-14 21:34:58,1684114498,12.4,22.1,99400,2.00,9.00,14.0,17.0,0.0322,0
2023-05-14 21:39:43,1684114783,12.2,22.1,99400,2.00,5.00,8.00,9.00,0.0322,0
2023-05-14 21:44:48,1684115088,12.1,22.7,99400,2.00,4.00,7.00,9.00,0.0275,0
2023-05-14 21:49:53,1684115394,12.0,23.0,99400,2.00,4.00,6.00,7.00,0.0128,0
2023-05-14 21:54:59,1684115699,11.9,23.2,99400,1.00,6.00,10.0,12.0,0.0118,0
2023-05-14 21:59:43,1684115984,11.8,24.3,99400,4.00,7.00,10.0,12.0,0.0375,0
2023-05-14 22:04:49,1684116289,11.6,24.6,99400,2.00,8.00,13.0,15.0,0.0740,0
2023-05-14 22:09:54,1684116595,11.5,25.0,99400,2.00,5.00,7.00,8.00,0.0356,0
2023-05-14 22:14:40,1684116880,11.3,25.1,99400,1.00,2.00,4.00,5.00,0.0215,0
2023-05-14 22:19:46,1684117186,11.2,25.0,99400,2.00,3.00,5.00,6.00,0.0366,0
2023-05-14 22:24:52,1684117492,11.1,25.5,99400,2.00,4.00,7.00,9.00,0.0251,0
2023-05-14 22:29:58,1684117798,10.9,26.2,99400,1.00,3.00,5.00,6.00,0.0188,0
2023-05-14 22:34:43,1684118084,10.7,26.4,99400,2.00,4.00,7.00,8.00,0.0261,0
2023-05-14 22:39:49,1684118390,10.6,26.6,99400,2.00,3.00,5.00,6.00,0.0149,0
2023-05-14 22:44:56,1684118696,10.4,27.4,99400,1.00,4.00,7.00,8.00,0.0128,0
2023-05-14 22:49:41,1684118982,10.3,27.8,99400,2.00,7.00,11.0,13.0,0.0201,0
2023-05-14 22:54:48,1684119288,10.1,27.9,99400,3.00,5.00,8.00,10.0,0.0390,0
2023-05-14 22:59:54,1684119594,9.91,28.0,99400,2.00,3.00,5.00,6.00,0.0191,0
2023-05-14 23:04:40,1684119880,9.80,28.2,99400,1e-7,3.00,5.00,6.00,0.0361,0
2023-05-14 23:09:46,1684120186,9.71,28.7,99400,3.00,11.0,17.0,20.0,0.0188,0
2023-05-14 23:14:52,1684120493,9.64,28.9,99400,6.00,7.00,8.00,10.0,0.0780,0
2023-05-14 23:19:59,1684120799,9.57,28.9,99400,4.00,6.00,7.00,9.00,0.0780,0
2023-05-14 23:24:45,1684121085,9.54,28.9,99400,2.00,3.00,5.00,6.00,0.0322,0
2023-05-14 23:29:51,1684121392,9.49,29.6,99400,3.00,7.00,11.0,13.0,0.0199,0
2023-05-14 23:34:57,1684121698,9.41,30.0,99380,3.00,6.00,10.0,12.0,0.0304,0
2023-05-14 23:39:44,1684121984,9.36,30.7,99343,4.00,8.00,12.0,14.0,0.0253,0
2023-05-14 23:44:50,1684122291,9.30,30.8,99307,2.00,8.00,14.0,17.0,0.0295,0
2023-05-14 23:49:57,1684122597,9.26,31.4,99300,2.00,5.00,9.00,11.0,0.0183,0
2023-05-14 23:54:43,1684122883,9.22,31.7,99300,2.00,6.00,10.0,11.0,0.0441,0
2023-05-14 23:59:50,1684123190,9.21,32.3,99300,6.00,21.0,32.0,38.0,0.138,0
2023-05-15 00:04:56,1684123497,9.22,32.6,99300,3.00,10.0,17.0,20.0,0.225,0
2023-05-15 00:09:42,1684123783,9.22,32.5,99314,2.00,9.00,14.0,17.0,0.0852,0
2023-05-15 00:14:49,1684124090,9.27,33.0,99300,3.00,14.0,23.0,28.0,0.0823,0
2023-05-15 00:19:56,1684124396,9.32,32.8,99300,3.00,8.00,13.0,16.0,0.0823,0
2023-05-15 00:24:42,1684124682,9.40,32.4,99300,2.00,4.00,7.00,9.00,0.0881,0
2023-05-15 00:29:48,1684124989,9.53,32.4,99300,2.00,8.00,13.0,16.0,0.0965,0
2023-05-15 00:34:55,1684125295,10.00,32.0,99300,2.00,5.00,8.00,10.0,0.0185,0
2023-05-15 00:39:40,1684125581,10.7,31.3,99300,1.00,4.00,7.00,9.00,0.0282,0
2023-05-15 00:44:47,1684125887,11.3,30.4,99300,2.00,3.00,5.00,6.00,0.0282,0
2023-05-15 00:49:52,1684126193,11.8,29.5,99300,2.00,4.00,5.00,7.00,0.00991,0
2023-05-15 00:54:58,1684126499,12.1,28.8,99300,1.00,3.00,5.00,6.00,0.0109,0
2023-05-15 00:59:43,1684126784,12.4,28.4,99300,2.00,3.00,5.00,6.00,0.0112,0
2023-05-15 01:04:49,1684127089,12.7,28.2,99300,2.00,3.00,5.00,6.00,0.0110,0
2023-05-15 01:09:54,1684127394,13.0,27.6,99220,2.00,5.00,8.00,10.0,0.0119,0
2023-05-15 01:14:59,1684127700,13.4,27.1,99200,2.00,6.00,9.00,11.0,0.0306,0
2023-05-15 01:19:44,1684127984,13.7,26.8,99200,1.00,5.00,9.00,11.0,0.0400,0
2023-05-15 01:24:49,1684128289,13.9,26.4,99200,2.00,5.00,7.00,8.00,0.0251,0
2023-05-15 01:29:54,1684128594,14.0,25.7,99200,2.00,3.00,5.00,6.00,0.0251,0
2023-05-15 01:34:59,1684128899,14.0,25.5,99200,2.00,4.00,7.00,8.00,0.0121,0
2023-05-15 01:39:43,1684129184,14.1,25.3,99200,1.00,6.00,10.0,12.0,0.0174,0
2023-05-15 01:44:48,1684129489,14.2,25.2,99200,1.00,3.00,5.00,6.00,0.0385,0
2023-05-15 01:49:53,1684129793,14.3,24.7,99200,1.00,4.00,7.00,8.00,0.0245,0
2023-05-15 01:54:58,1684130098,14.4,24.5,99200,2.00,4.00,5.00,6.00,0.0147,0
2023-05-15 01:59:42,1684130383,14.4,24.5,99200,1.00,3.00,5.00,6.00,0.0140,0
2023-05-15 02:04:47,1684130687,14.5,24.4,99200,1.00,2.00,2.00,2.00,0.0161,0
2023-05-15 02:09:51,1684130992,14.5,24.3,99200,2.00,4.00,7.00,8.00,0.0134,0
2023-05-15 02:14:56,1684131296,14.5,24.5,99200,2.00,5.00,8.00,9.00,0.0400,0
2023-05-15 02:19:40,1684131581,14.5,24.6,99200,2.00,7.00,11.0,13.0,0.0260,0
2023-05-15 02:24:45,1684131885,14.4,24.9,99200,2.00,9.00,16.0,19.0,0.0374,0
2023-05-15 02:29:50,1684132190,14.3,25.2,99200,4.00,10.0,17.0,20.0,0.0189,0
2023-05-15 02:34:54,1684132495,14.1,25.4,99200,3.00,5.00,9.00,11.0,0.0275,0
2023-05-15 02:39:59,1684132799,13.9,25.8,99200,2.00,3.00,5.00,6.00,0.0363,0
2023-05-15 02:44:43,1684133084,13.8,25.7,99200,3.00,8.00,12.0,14.0,0.0434,0
2023-05-15 02:49:48,1684133389,13.8,26.0,99200,2.00,8.00,14.0,16.0,0.0446,0
2023-05-15 02:54:53,1684133694,13.8,26.2,99167,2.00,10.0,16.0,19.0,0.0477,0
2023-05-15 02:59:58,1684133998,14.0,26.3,99193,2.00,6.00,10.0,12.0,0.0386,0
2023-05-15 03:04:42,1684134283,14.0,26.7,99157,2.00,6.00,10.0,12.0,0.0251,0
2023-05-15 03:09:47,1684134588,13.8,26.6,99173,3.00,5.00,8.00,9.00,0.0237,0
2023-05-15 03:14:52,1684134892,13.7,26.9,99200,2.00,5.00,7.00,8.00,0.0265,0
2023-05-15 03:19:57,1684135197,13.5,27.2,99133,4.00,11.0,17.0,19.0,0.170,0
2023-05-15 03:24:42,1684135482,13.3,27.7,99114,3.00,9.00,14.0,17.0,0.329,0
2023-05-15 03:29:47,1684135787,13.2,27.9,99100,5.00,15.0,23.0,27.0,0.165,0
2023-05-15 03:34:52,1684136092,13.0,28.4,99100,5.00,10.0,13.0,15.0,0.0954,0
2023-05-15 03:39:57,1684136398,12.9,28.3,99100,2.00,6.00,10.0,12.0,0.0646,0
2023-05-15 03:44:42,1684136683,12.7,28.6,99100,3.00,9.00,14.0,17.0,0.0292,0
2023-05-15 03:49:47,1684136988,12.6,28.9,99100,2.00,5.00,9.00,11.0,0.0261,0
2023-05-15 03:54:53,1684137293,12.5,29.1,99100,3.00,6.00,7.00,9.00,0.0473,0
2023-05-15 03:59:58,1684137598,12.4,29.2,99100,2.00,4.00,6.00,7.00,0.0258,0
2023-05-15 04:04:43,1684137883,12.3,29.2,99100,3.00,5.00,6.00,6.00,0.0172,0
2023-05-15 04:09:48,1684138189,12.2,29.2,99100,2.00,3.00,5.00,6.00,0.0134,0
2023-05-15 04:14:53,1684138494,12.1,29.4,99100,2.00,3.00,4.00,5.00,0.0114,0
2023-05-15 04:19:59,1684138799,12.1,29.7,99100,2.00,3.00,5.00,6.00,0.0114,0
2023-05-15 04:24:44,1684139084,12.3,29.5,99100,2.00,3.00,4.00,5.00,0.0111,0
2023-05-15 04:29:49,1684139390,12.6,29.4,99100,2.00,6.00,8.00,10.0,0.0119,0
2023-05-15 04:34:54,1684139695,13.2,28.1,99100,3.00,6.00,9.00,10.0,0.0113,0
2023-05-15 04:39:59,1684140000,13.9,27.6,99100,3.00,5.00,7.00,8.00,0.0214,0
2023-05-15 04:44:44,1684140284,14.2,27.1,99100,2.00,3.00,5.00,6.00,0.0195,0
2023-05-15 04:49:48,1684140589,14.3,27.6,99100,2.00,5.00,7.00,9.00,0.0157,0
2023-05-15 04:54:53,1684140894,14.2,28.4,99100,3.00,6.00,9.00,11.0,0.0163,0
2023-05-15 04:59:58,1684141198,13.9,29.0,99100,2.00,5.00,9.00,10.0,0.0207,0
2023-05-15 05:04:43,1684141483,13.6,29.2,99100,2.00,6.00,9.00,10.0,0.0207,0
2023-05-15 05:09:48,1684141788,13.4,28.6,99100,2.00,6.00,10.0,12.0,0.0288,0
2023-05-15 05:14:53,1684142093,13.4,29.1,99100,2.00,3.00,5.00,6.00,0.0155,0
2023-05-15 05:19:58,1684142398,13.4,29.4,99100,4.00,6.00,10.0,12.0,0.0195,0
2023-05-15 05:24:43,1684142683,13.3,29.4,99100,2.00,4.00,7.00,9.00,0.0305,0
2023-05-15 05:29:48,1684142988,13.1,29.9,99100,2.00,4.00,6.00,7.00,0.0372,0
2023-05-15 05:34:53,1684143293,13.0,30.3,99100,2.00,4.00,7.00,9.00,0.0429,0
2023-05-15 05:39:58,1684143599,12.8,31.0,99100,5.00,5.00,7.00,8.00,0.0200,0
2023-05-15 05:44:43,1684143883,12.6,30.9,99093,3.00,6.00,9.00,11.0,0.0153,0
2023-05-15 05:49:48,1684144189,12.4,31.4,99073,4.00,7.00,10.0,11.0,0.0141,0
2023-05-15 05:54:53,1684144494,12.2,31.6,99000,2.00,8.00,12.0,14.0,0.0255,0
2023-05-15 05:59:58,1684144799,12.1,32.0,99000,4.00,10.0,17.0,20.0,0.0303,0
2023-05-15 06:03:42,1684145023,12.1,32.4,99000,7.00,20.0,32.0,37.0,0.567,0
2023-05-15 06:14:56,1684145696,12.0,32.8,99000,1.00,2.00,3.00,3.00,0.602,0
2023-05-15 06:19:41,1684145981,11.9,33.1,99000,15.0,47.0,74.0,87.0,0.781,0
2023-05-15 06:24:46,1684146286,11.9,33.4,99000,9.00,26.0,39.0,46.0,1.51,0
2023-05-15 06:29:51,1684146592,11.9,33.5,99000,5.00,14.0,22.0,26.0,2.14,0
2023-05-15 06:34:56,1684146897,11.8,33.8,99000,3.00,7.00,10.0,12.0,1.90,0
2023-05-15 06:39:41,1684147182,11.8,33.8,99000,6.00,13.0,20.0,23.0,0.165,0
2023-05-15 06:44:46,1684147487,11.9,34.0,99000,4.00,9.00,13.0,15.0,0.0563,0
2023-05-15 06:49:52,1684147792,12.0,34.1,99000,14.0,47.0,74.0,88.0,0.0476,0
2023-05-15 06:54:57,1684148097,12.3,33.8,99000,6.00,9.00,11.0,11.0,0.103,0
2023-05-15 06:59:41,1684148382,12.4,33.0,99000,3.00,6.00,9.00,10.0,0.117,0
2023-05-15 07:04:46,1684148686,12.7,33.5,99000,4.00,8.00,11.0,13.0,0.135,0
2023-05-15 07:09:50,1684148991,13.1,33.5,99000,11.0,33.0,52.0,61.0,0.0548,0
2023-05-15 07:14:55,1684149295,13.5,33.2,98960,19.0,71.0,114,135,0.273,0
2023-05-15 07:19:59,1684149600,13.7,33.3,98900,5.00,12.0,19.0,22.0,0.349,0
2023-05-15 07:24:43,1684149884,14.0,32.6,98900,6.00,9.00,14.0,17.0,0.229,0
2023-05-15 07:29:48,1684150188,14.3,32.2,98900,9.00,23.0,34.0,40.0,0.0705,0
2023-05-15 07:34:52,1684150492,14.5,32.2,98900,7.00,21.0,33.0,39.0,0.428,0
2023-05-15 07:39:56,1684150797,14.8,31.3,98900,4.00,11.0,18.0,21.0,0.310,0
2023-05-15 07:44:40,1684151080,15.0,30.9,98900,4.00,10.0,14.0,16.0,0.265,0
2023-05-15 07:49:44,1684151384,15.2,30.0,98900,4.00,9.00,13.0,15.0,0.0897,0
2023-05-15 07:54:48,1684151688,15.5,29.6,98900,2.00,6.00,9.00,10.0,0.105,0
2023-05-15 07:59:52,1684151992,15.8,29.1,98900,4.00,6.00,8.00,9.00,0.0618,0
2023-05-15 08:04:55,1684152296,16.0,28.9,98900,2.00,9.00,14.0,17.0,0.0191,0
2023-05-15 08:09:59,1684152600,16.1,27.3,98840,3.00,3.00,5.00,6.00,0.0309,0
2023-05-15 08:14:43,1684152884,16.2,27.3,98843,2.00,3.00,5.00,6.00,0.0309,0
2023-05-15 08:15:44,1684152944,16.4,26.9,98900,2.00,4.00,6.00,7.00,0.0201,0
2023-05-15 08:24:58,1684153498,17.0,24.9,98800,1.00,2.00,3.00,4.00,0.0171,0
2023-05-15 08:29:40,1684153781,17.2,24.8,98800,3.00,6.00,10.0,12.0,0.0412,0
2023-05-15 08:34:43,1684154084,17.4,24.4,98800,8.00,32.0,53.0,63.0,0.200,0
2023-05-15 08:39:46,1684154387,17.4,23.6,98800,4.00,8.00,11.0,13.0,0.200,0
2023-05-15 08:44:49,1684154690,17.3,23.7,98800,2.00,4.00,5.00,6.00,0.226,0
2023-05-15 08:47:11,1684154831,17.3,24.0,98800,1.00,3.00,5.00,6.00,0.211,0
2023-05-15 09:39:46,1684157987,19.6,22.7,98700,2.00,3.00,4.00,5.00,,
2023-05-15 09:44:28,1684158269,20.1,22.4,98700,4.00,6.00,9.00,10.0,,
2023-05-15 09:59:44,1684159184,20.9,21.0,98600,2.00,3.00,5.00,6.00,,
2023-05-15 10:01:04,1684159265,21.0,21.1,98600,5.00,8.00,12.0,14.0,,
2023-05-15 10:27:11,1684160831,22.5,19.0,98600,1.00,5.00,8.00,9.00,,
2023-05-15 10:39:40,1684161580,22.9,19.4,98500,1.00,2.00,3.00,4.00,0.0102,0
2023-05-15 10:44:40,1684161881,23.1,18.9,98500,2.00,4.00,5.00,6.00,0.0190,0
2023-05-15 10:49:41,1684162182,23.0,18.5,98500,2.00,5.00,7.00,8.00,0.0225,0
2023-05-15 10:54:43,1684162483,23.0,18.5,98500,4.00,9.00,14.0,16.0,0.0170,0
2023-05-15 10:59:44,1684162784,22.8,18.4,98500,2.00,3.00,5.00,5.00,0.0471,0
2023-05-15 11:04:51,1684163091,22.6,18.8,98500,2.00,4.00,6.00,7.00,0.0452,0
2023-05-15 11:09:51,1684163392,22.6,19.0,98500,4.00,5.00,5.00,5.00,0.0476,0
2023-05-15 11:14:50,1684163690,22.7,18.9,98500,4.00,8.00,11.0,13.0,0.0125,0
2023-05-15 11:17:30,1684163851,22.9,18.7,98500,2.00,3.00,4.00,4.00,0.0465,0
2023-05-15 11:29:54,1684164594,23.1,18.4,98483,1.00,2.00,3.00,3.00,0.0465,0
2023-05-15 11:34:54,1684164895,23.3,18.1,98413,3.00,7.00,10.0,12.0,0.0568,0
2023-05-15 11:39:55,1684165196,23.6,17.9,98400,7.00,13.0,19.0,22.0,0.192,0
2023-05-15 11:44:55,1684165496,23.8,17.6,98400,3.00,7.00,10.0,12.0,0.216,0
2023-05-15 11:49:56,1684165796,23.7,17.6,98400,2.00,4.00,7.00,9.00,0.103,0
2023-05-15 11:54:56,1684166097,23.4,17.5,98400,2.00,6.00,8.00,9.00,0.0572,0
2023-05-15 11:59:43,1684166384,23.1,18.1,98400,2.00,3.00,4.00,5.00,0.0185,0
2023-05-15 12:04:44,1684166684,22.9,18.3,98400,2.00,4.00,5.00,6.00,0.0296,0
2023-05-15 12:09:45,1684166986,22.8,18.7,98400,3.00,5.00,7.00,8.00,0.0243,0
2023-05-15 12:12:26,1684167146,22.8,18.4,98400,2.00,5.00,8.00,10.0,0.0151,0
2023-05-15 12:24:51,1684167891,22.4,18.8,98400,2.00,3.00,4.00,5.00,0.0208,0
2023-05-15 12:29:52,1684168192,22.3,18.8,98367,1.00,3.00,4.00,5.00,0.0146,0
2023-05-15 12:34:53,1684168494,22.0,18.8,98400,4.00,9.00,14.0,17.0,0.0267,0
2023-05-15 12:39:55,1684168795,21.7,19.0,98400,3.00,5.00,7.00,8.00,0.0645,0
2023-05-15 12:44:56,1684169097,21.4,19.6,98387,3.00,7.00,12.0,14.0,0.0308,0
2023-05-15 12:49:58,1684169398,21.4,19.1,98313,3.00,6.00,8.00,9.00,0.0228,0
2023-05-15 12:50:18,1684169418,21.4,18.9,98300,1e-7,1.00,1.00,1.00,0.0167,0
2023-05-15 12:59:50,1684169991,21.8,19.1,98300,2.00,3.00,3.00,4.00,0.0167,0
2023-05-15 13:04:51,1684170292,22.1,18.7,98300,2.00,5.00,8.00,9.00,0.0149,0
2023-05-15 13:07:12,1684170432,22.3,18.0,98300,2.00,5.00,8.00,10.0,0.0149,0
2023-05-15 13:19:57,1684171197,22.1,17.9,98300,2.00,4.00,6.00,6.00,0.0218,0
2023-05-15 13:24:58,1684171499,22.1,18.1,98300,4.00,4.00,6.00,6.00,0.0280,0
2023-05-15 13:39:45,1684172385,22.0,18.4,98300,2.00,3.00,4.00,4.00,0.0193,0
2023-05-15 13:42:25,1684172546,21.9,18.6,98300,3.00,4.00,5.00,6.00,0.0193,0
2023-05-15 13:54:50,1684173291,21.1,21.9,98200,4.00,6.00,7.00,8.00,0.0133,0
2023-05-15 13:59:52,1684173592,20.6,23.7,98200,2.00,7.00,10.0,12.0,0.0251,0
2023-05-15 14:04:54,1684173894,20.4,23.8,98200,3.00,6.00,9.00,10.0,0.0251,0
2023-05-15 14:09:55,1684174196,20.7,22.8,98200,4.00,5.00,6.00,7.00,0.0157,0
2023-05-15 14:14:57,1684174497,21.0,21.7,98200,3.00,6.00,7.00,8.00,0.0188,0
2023-05-15 14:19:59,1684174799,21.1,21.0,98200,2.00,5.00,7.00,8.00,0.0145,0
2023-05-15 14:24:41,1684175081,21.0,20.9,98193,5.00,6.00,9.00,10.0,0.0196,0
2023-05-15 14:29:43,1684175383,20.8,20.8,98127,6.00,11.0,15.0,17.0,0.0795,0
2023-05-15 14:34:45,1684175685,20.8,20.9,98100,4.00,10.0,16.0,19.0,0.0795,0
2023-05-15 14:39:46,1684175987,20.8,20.8,98100,5.00,11.0,16.0,18.0,0.0679,0
2023-05-15 14:44:48,1684176288,20.7,20.7,98100,5.00,7.00,8.00,10.0,0.0550,0
2023-05-15 14:49:50,1684176590,20.8,20.7,98100,2.00,4.00,6.00,7.00,0.0550,0
2023-05-15 14:54:51,1684176892,21.1,19.9,98100,6.00,6.00,9.00,11.0,0.0395,0
2023-05-15 14:59:53,1684177193,21.2,19.6,98100,3.00,5.00,9.00,11.0,0.0339,0
2023-05-15 15:04:54,1684177495,21.2,19.8,98100,4.00,10.0,14.0,17.0,0.0342,0
2023-05-15 15:09:56,1684177797,21.1,20.9,98100,3.00,5.00,7.00,8.00,0.0244,0
2023-05-15 15:14:58,1684178099,20.9,21.6,98100,4.00,14.0,23.0,27.0,0.0361,0
2023-05-15 15:19:40,1684178381,20.8,21.4,98100,5.00,10.0,14.0,16.0,0.0238,0
2023-05-15 15:24:42,1684178683,20.6,22.6,98100,4.00,6.00,9.00,11.0,0.0289,0
2023-05-15 15:29:44,1684178985,20.3,24.2,98100,3.00,7.00,10.0,12.0,0.0302,0
2023-05-15 15:34:46,1684179286,19.9,24.2,98100,4.00,11.0,16.0,19.0,0.0155,0
2023-05-15 15:39:48,1684179588,19.8,24.2,98100,3.00,5.00,7.00,8.00,0.0196,0
2023-05-15 15:44:50,1684179890,19.9,24.6,98100,3.00,5.00,9.00,10.0,0.0195,0
2023-05-15 15:49:52,1684180192,19.8,25.3,98100,3.00,5.00,7.00,7.00,0.0150,0
2023-05-15 15:54:53,1684180494,19.5,26.1,98100,2.00,5.00,8.00,9.00,0.0171,0
2023-05-15 15:59:56,1684180796,19.4,25.6,98100,2.00,4.00,5.00,6.00,0.0136,0
2023-05-15 16:04:58,1684181099,19.5,25.7,98100,6.00,6.00,6.00,7.00,0.0143,0
2023-05-15 16:16:45,1684181805,20.4,24.5,98100,2.00,4.00,6.00,7.00,0.0173,0
2023-05-15 16:29:51,1684182592,21.3,22.6,98000,2.00,4.00,6.00,7.00,0.0241,0
2023-05-15 16:34:53,1684182893,21.7,22.3,98000,2.00,4.00,6.00,7.00,0.0169,0
2023-05-15 16:39:54,1684183195,22.0,21.2,98000,2.00,8.00,13.0,16.0,0.0233,0
2023-05-15 16:44:56,1684183496,22.1,21.1,98000,2.00,6.00,10.0,12.0,0.0408,0
2023-05-15 16:49:57,1684183797,22.0,20.9,98000,3.00,4.00,6.00,6.00,0.0514,0
2023-05-15 16:54:58,1684184099,21.9,21.1,98000,3.00,3.00,3.00,4.00,0.0280,0
2023-05-15 16:59:59,1684184400,21.8,21.2,98000,4.00,5.00,8.00,9.00,0.0145,0
2023-05-15 17:04:41,1684184681,21.6,21.6,98000,2.00,4.00,6.00,7.00,0.0145,0
2023-05-15 17:09:42,1684184983,21.5,21.8,98000,2.00,6.00,10.0,12.0,0.0154,0
2023-05-15 17:14:44,1684185285,21.5,21.8,98000,3.00,5.00,6.00,7.00,0.0327,0
2023-05-15 17:15:24,1684185325,21.6,21.8,98000,1e-7,1.00,1.00,1.00,0.00825,0
2023-05-15 17:29:50,1684186191,21.5,21.7,98000,3.00,7.00,10.0,11.0,0.0205,0
2023-05-15 17:34:52,1684186493,21.4,21.8,98000,4.00,9.00,14.0,17.0,0.0385,0
2023-05-15 17:39:54,1684186795,21.2,22.2,98000,2.00,3.00,4.00,5.00,0.0434,0
2023-05-15 17:44:56,1684187097,21.0,23.3,98000,5.00,5.00,7.00,8.00,0.0504,0
2023-05-15 17:49:58,1684187398,20.7,23.6,97993,3.00,6.00,9.00,11.0,0.0215,0
2023-05-15 17:54:40,1684187680,20.6,23.9,97979,6.00,7.00,7.00,7.00,0.0159,0
2023-05-15 17:59:42,1684187983,20.5,24.5,97907,2.00,4.00,6.00,7.00,0.0202,0
2023-05-15 18:04:44,1684188285,20.3,24.9,97900,3.00,7.00,11.0,12.0,0.0411,0
2023-05-15 18:09:47,1684188587,20.3,25.0,97900,5.00,6.00,6.00,6.00,0.0295,0
2023-05-15 18:14:49,1684188889,20.3,25.1,97900,5.00,6.00,9.00,10.0,0.0291,0
2023-05-15 18:19:51,1684189192,20.3,25.1,97900,3.00,5.00,8.00,10.0,0.0134,0
2023-05-15 18:24:53,1684189494,20.4,25.0,97900,3.00,9.00,14.0,17.0,0.0128,0
2023-05-15 18:29:55,1684189796,20.5,24.8,97900,3.00,6.00,9.00,10.0,0.0199,0
2023-05-15 18:34:58,1684190098,20.5,24.7,97900,4.00,7.00,11.0,13.0,0.0251,0
2023-05-15 18:39:40,1684190380,20.4,25.0,97900,6.00,14.0,22.0,27.0,0.0642,0
2023-05-15 18:44:42,1684190682,20.4,25.0,97900,4.00,9.00,12.0,14.0,0.0642,0
2023-05-15 18:49:44,1684190985,20.4,25.0,97900,4.00,5.00,6.00,7.00,0.0864,0
2023-05-15 18:54:46,1684191287,20.4,25.4,97900,3.00,7.00,9.00,11.0,0.0864,0
2023-05-15 18:59:49,1684191589,20.2,25.9,97900,6.00,8.00,10.0,11.0,0.0474,0
2023-05-15 19:04:51,1684191892,20.0,26.3,97900,3.00,5.00,7.00,9.00,0.0474,0
2023-05-15 19:09:54,1684192194,19.9,26.6,97900,4.00,7.00,9.00,10.0,0.0287,0
2023-05-15 19:14:56,1684192497,19.8,26.4,97900,4.00,7.00,9.00,10.0,0.0134,0
2023-05-15 19:19:59,1684192799,19.8,26.3,97900,2.00,5.00,8.00,9.00,0.0112,0
2023-05-15 19:24:41,1684193082,19.7,26.3,97900,4.00,7.00,11.0,13.0,0.0172,0
2023-05-15 19:29:44,1684193384,19.7,26.5,97900,4.00,7.00,9.00,11.0,0.0556,0
2023-05-15 19:34:46,1684193687,19.6,26.7,97900,5.00,10.0,14.0,16.0,0.0822,0
2023-05-15 19:39:49,1684193989,19.4,27.1,97900,4.00,6.00,7.00,8.00,0.0310,0
2023-05-15 19:44:51,1684194292,19.3,27.8,97900,3.00,6.00,9.00,10.0,0.0418,0
2023-05-15 19:49:54,1684194595,19.1,28.4,97900,3.00,5.00,8.00,10.0,0.0418,0
2023-05-15 19:54:57,1684194897,18.9,29.3,97900,5.00,13.0,20.0,23.0,0.0302,0
2023-05-15 19:59:39,1684195180,18.7,29.5,97900,3.00,5.00,7.00,9.00,0.0343,0
2023-05-15 20:04:42,1684195483,18.6,29.7,97900,4.00,10.0,15.0,18.0,0.0325,0
2023-05-15 20:09:45,1684195786,18.4,30.9,97900,2.00,5.00,7.00,8.00,0.0323,0
2023-05-15 20:14:49,1684196089,18.2,31.1,97900,2.00,5.00,7.00,8.00,0.0651,0
2023-05-15 20:19:52,1684196392,18.1,31.8,97900,4.00,7.00,11.0,13.0,0.0522,0
2023-05-15 20:24:55,1684196695,18.0,33.0,97900,2.00,6.00,9.00,10.0,0.0652,0
2023-05-15 20:29:58,1684196998,17.9,33.4,97900,4.00,6.00,10.0,12.0,0.0652,0
2023-05-15 20:34:41,1684197281,17.8,33.7,97900,3.00,8.00,14.0,16.0,0.0472,0
2023-05-15 20:39:44,1684197584,17.8,33.4,97900,4.00,7.00,9.00,10.0,0.0163,0
2023-05-15 20:44:47,1684197888,17.7,34.4,97900,3.00,4.00,7.00,8.00,0.0175,0
2023-05-15 20:49:51,1684198191,17.5,35.6,97900,3.00,4.00,7.00,9.00,0.0403,0
2023-05-15 20:54:54,1684198494,17.4,35.7,97900,3.00,8.00,12.0,14.0,0.0200,0
2023-05-15 20:59:57,1684198798,17.3,36.5,97900,2.00,4.00,7.00,9.00,0.0304,0
2023-05-15 21:04:41,1684199081,17.1,37.8,97900,2.00,8.00,12.0,14.0,0.0246,0
2023-05-15 21:09:44,1684199385,17.0,38.4,97900,5.00,5.00,7.00,8.00,0.0216,0
2023-05-15 21:14:48,1684199688,17.0,38.6,97900,2.00,3.00,4.00,5.00,0.0216,0
2023-05-15 21:19:51,1684199992,16.9,39.3,97900,2.00,7.00,11.0,13.0,0.0176,0
2023-05-15 21:24:55,1684200295,16.9,38.1,97900,4.00,4.00,4.00,5.00,0.0168,0
2023-05-15 21:29:58,1684200599,16.9,38.8,97900,3.00,5.00,8.00,9.00,0.0191,0
2023-05-15 21:34:42,1684200882,16.8,38.0,97900,3.00,6.00,9.00,10.0,0.0119,0
2023-05-15 21:39:46,1684201186,16.8,37.5,97900,5.00,6.00,6.00,7.00,0.0129,0
2023-05-15 21:44:49,1684201490,16.8,37.4,97900,4.00,12.0,18.0,21.0,0.0220,0
2023-05-15 21:49:53,1684201794,16.8,37.5,97900,3.00,4.00,7.00,8.00,0.0256,0
2023-05-15 21:54:57,1684202097,16.7,37.4,97900,5.00,7.00,9.00,10.0,0.0214,0
2023-05-15 21:59:40,1684202381,16.7,37.3,97871,3.00,7.00,10.0,11.0,0.0307,0
2023-05-15 22:04:44,1684202685,16.6,37.1,97900,4.00,7.00,9.00,10.0,0.0195,0
2023-05-15 22:09:48,1684202988,16.5,37.7,97900,3.00,7.00,11.0,14.0,0.0195,0
2023-05-15 22:14:52,1684203292,16.6,38.4,97900,4.00,5.00,7.00,8.00,0.0183,0
2023-05-15 22:19:56,1684203596,16.6,38.2,97900,2.00,5.00,9.00,10.0,0.0285,0
2023-05-15 22:24:59,1684203900,16.7,38.2,97900,3.00,4.00,5.00,5.00,0.0132,0
2023-05-15 22:29:43,1684204183,16.7,38.3,97893,3.00,4.00,7.00,8.00,0.0313,0
2023-05-15 22:34:47,1684204487,16.8,38.3,97800,2.00,8.00,13.0,15.0,0.0257,0
2023-05-15 22:39:51,1684204791,16.8,38.3,97800,5.00,7.00,10.0,11.0,0.0257,0
2023-05-15 22:44:54,1684205095,16.8,37.9,97800,3.00,5.00,7.00,7.00,0.0347,0
2023-05-15 22:49:58,1684205399,16.8,38.1,97800,5.00,5.00,5.00,5.00,0.0412,0
2023-05-15 22:54:42,1684205682,16.7,38.6,97800,5.00,8.00,10.0,11.0,0.0382,0
2023-05-15 22:59:46,1684205986,16.7,38.8,97800,4.00,8.00,11.0,12.0,0.0252,0
2023-05-15 23:04:49,1684206290,16.6,38.5,97800,3.00,3.00,4.00,5.00,0.0165,0
2023-05-15 23:09:53,1684206594,16.6,38.1,97800,5.00,6.00,7.00,9.00,0.0267,0
2023-05-15 23:14:57,1684206898,16.6,38.0,97800,5.00,5.00,6.00,7.00,0.0127,0
2023-05-15 23:19:40,1684207181,16.5,37.8,97800,3.00,11.0,17.0,20.0,0.0181,0
2023-05-15 23:24:44,1684207485,16.5,38.4,97800,5.00,9.00,13.0,15.0,0.110,0
2023-05-15 23:29:47,1684207788,16.5,38.0,97800,4.00,7.00,10.0,12.0,0.0942,0
2023-05-15 23:34:51,1684208092,16.4,38.2,97800,5.00,6.00,7.00,8.00,0.0241,0
2023-05-15 23:39:55,1684208396,16.4,38.4,97800,5.00,5.00,7.00,9.00,0.0486,0
2023-05-15 23:44:59,1684208699,16.3,38.1,97800,6.00,10.0,14.0,15.0,0.0393,0
2023-05-15 23:49:42,1684208983,16.2,38.3,97800,4.00,6.00,8.00,9.00,0.0393,0
2023-05-15 23:54:46,1684209287,16.2,38.1,97800,3.00,5.00,8.00,9.00,0.0240,0
2023-05-15 23:59:50,1684209591,16.1,38.1,97800,4.00,8.00,12.0,14.0,0.0240,0
2023-05-16 00:04:54,1684209895,16.0,38.6,97800,4.00,8.00,11.0,13.0,0.0267,0
2023-05-16 00:09:58,1684210199,16.0,38.5,97800,4.00,7.00,10.0,12.0,0.0267,0
2023-05-16 00:14:42,1684210482,15.9,38.7,97800,4.00,6.00,8.00,9.00,0.0256,0
2023-05-16 00:19:46,1684210786,15.9,39.2,97800,4.00,8.00,11.0,12.0,0.0195,0
2023-05-16 00:24:50,1684211090,15.9,38.9,97800,2.00,4.00,6.00,7.00,0.0120,0
2023-05-16 00:29:54,1684211394,15.9,38.6,97800,3.00,7.00,9.00,11.0,0.0253,0
2023-05-16 00:34:58,1684211698,15.8,38.6,97800,5.00,5.00,7.00,8.00,0.0234,0
2023-05-16 00:39:42,1684211982,15.8,38.6,97800,3.00,5.00,7.00,8.00,0.0155,0
2023-05-16 00:44:46,1684212286,15.7,38.8,97767,3.00,8.00,12.0,14.0,0.0175,0
2023-05-16 00:49:50,1684212590,15.7,38.8,97720,4.00,13.0,21.0,25.0,0.0207,0
2023-05-16 00:54:54,1684212895,15.7,39.1,97767,4.00,7.00,11.0,13.0,0.0931,0
2023-05-16 00:59:58,1684213199,15.7,39.0,97707,5.00,6.00,8.00,10.0,0.121,0
2023-05-16 01:04:42,1684213483,15.7,39.3,97700,4.00,6.00,8.00,9.00,0.0833,0
2023-05-16 01:09:47,1684213787,15.7,39.3,97753,3.00,5.00,9.00,10.0,0.0340,0
2023-05-16 01:14:51,1684214091,15.7,39.7,97760,4.00,7.00,9.00,10.0,0.0190,0
2023-05-16 01:19:55,1684214395,15.7,39.9,97700,4.00,7.00,10.0,12.0,0.0264,0
2023-05-16 01:24:59,1684214700,15.6,40.0,97700,4.00,5.00,7.00,8.00,0.0147,0
2023-05-16 01:29:43,1684214983,15.6,39.8,97700,4.00,4.00,4.00,5.00,0.0155,0
2023-05-16 01:34:47,1684215287,15.6,40.0,97700,5.00,6.00,8.00,9.00,0.0201,0
2023-05-16 01:39:51,1684215592,15.5,39.7,97700,3.00,5.00,7.00,8.00,0.0180,0
2023-05-16 01:44:55,1684215896,15.5,39.6,97700,5.00,7.00,9.00,10.0,0.0132,0
2023-05-16 01:49:39,1684216180,15.4,39.9,97700,4.00,6.00,10.0,12.0,0.0487,0
2023-05-16 01:54:44,1684216484,15.4,39.9,97700,4.00,6.00,7.00,8.00,0.0304,0
2023-05-16 01:59:48,1684216788,15.4,39.7,97700,4.00,5.00,6.00,7.00,0.0392,0
2023-05-16 02:04:52,1684217093,15.3,39.9,97700,5.00,7.00,11.0,13.0,0.0183,0
2023-05-16 02:09:57,1684217397,15.3,39.8,97700,6.00,6.00,7.00,7.00,0.0213,0
2023-05-16 02:14:41,1684217681,15.2,40.0,97700,5.00,5.00,5.00,6.00,0.0164,0
2023-05-16 02:19:45,1684217986,15.2,39.9,97700,4.00,5.00,7.00,8.00,0.0207,0
2023-05-16 02:24:50,1684218290,15.1,40.1,97700,2.00,6.00,9.00,10.0,0.0120,0
2023-05-16 02:29:54,1684218595,15.0,40.1,97700,3.00,5.00,7.00,8.00,0.0136,0
2023-05-16 02:34:59,1684218899,15.0,40.0,97700,5.00,9.00,12.0,13.0,0.0178,0
2023-05-16 02:39:43,1684219183,14.9,40.3,97700,3.00,7.00,10.0,12.0,0.0277,0
2023-05-16 02:44:47,1684219488,14.8,39.8,97700,3.00,5.00,6.00,7.00,0.0292,0
2023-05-16 02:49:52,1684219792,14.8,39.8,97700,4.00,7.00,10.0,11.0,0.0292,0
2023-05-16 02:54:56,1684220097,14.7,40.1,97700,2.00,5.00,8.00,9.00,0.0713,0
2023-05-16 02:59:40,1684220381,14.7,39.6,97700,5.00,7.00,12.0,15.0,0.0630,0
2023-05-16 03:04:45,1684220686,14.7,39.3,97700,2.00,6.00,10.0,11.0,0.0703,0
2023-05-16 03:09:50,1684220990,14.7,38.8,97700,2.00,6.00,8.00,10.0,0.0472,0
2023-05-16 03:14:54,1684221294,14.6,38.8,97700,2.00,5.00,8.00,9.00,0.0310,0
2023-05-16 03:19:59,1684221599,14.6,39.1,97700,2.00,3.00,5.00,6.00,0.0288,0
2023-05-16 03:24:43,1684221883,14.5,39.3,97700,2.00,4.00,7.00,8.00,0.0455,0
2023-05-16 03:29:48,1684222188,14.5,39.3,97700,2.00,3.00,4.00,5.00,0.0126,0
2023-05-16 03:34:52,1684222493,14.5,38.7,97700,3.00,6.00,8.00,9.00,0.0219,0
2023-05-16 03:39:57,1684222797,14.4,38.8,97700,2.00,5.00,7.00,9.00,0.0320,0
2023-05-16 03:44:41,1684223081,14.3,38.7,97700,4.00,11.0,16.0,18.0,0.0296,0
2023-05-16 03:49:46,1684223386,14.2,38.7,97700,4.00,7.00,11.0,13.0,0.0296,0
2023-05-16 03:54:50,1684223691,14.0,38.5,97700,2.00,5.00,8.00,9.00,0.0261,0
2023-05-16 03:59:55,1684223995,13.8,38.9,97620,3.00,5.00,8.00,9.00,0.0348,0
2023-05-16 04:04:39,1684224280,13.7,39.2,97614,2.00,3.00,6.00,7.00,0.0348,0
2023-05-16 04:09:44,1684224585,13.5,39.5,97700,3.00,8.00,13.0,15.0,0.0245,0
2023-05-16 04:14:49,1684224890,13.4,39.7,97700,4.00,6.00,8.00,9.00,0.0179,0
2023-05-16 04:19:54,1684225195,13.2,39.9,97700,2.00,4.00,5.00,6.00,0.0252,0
2023-05-16 04:24:59,1684225500,13.1,40.2,97700,2.00,7.00,11.0,13.0,0.0215,0
2023-05-16 04:29:44,1684225785,13.0,40.4,97679,3.00,8.00,12.0,14.0,0.0305,0
2023-05-16 04:34:49,1684226090,12.9,40.5,97687,1.00,3.00,4.00,5.00,0.0267,0
2023-05-16 04:39:54,1684226395,12.8,40.7,97700,3.00,5.00,7.00,8.00,0.0536,0
2023-05-16 04:44:39,1684226680,12.7,40.9,97693,2.00,4.00,6.00,7.00,0.0339,0
2023-05-16 04:49:45,1684226985,12.7,40.8,97700,2.00,6.00,9.00,11.0,0.0339,0
2023-05-16 04:54:50,1684227290,12.7,40.8,97620,3.00,5.00,9.00,11.0,0.0147,0
2023-05-16 04:59:55,1684227596,12.6,41.1,97600,2.00,4.00,5.00,6.00,0.0134,0
2023-05-16 05:04:40,1684227880,12.5,41.0,97600,3.00,4.00,6.00,6.00,0.0134,0
2023-05-16 05:09:45,1684228186,12.4,41.0,97600,3.00,7.00,10.0,11.0,0.0143,0
2023-05-16 05:14:50,1684228491,12.4,41.2,97600,4.00,13.0,21.0,25.0,0.0227,0
2023-05-16 05:19:56,1684228796,12.3,41.1,97600,2.00,5.00,7.00,8.00,0.0227,0
2023-05-16 05:24:41,1684229081,12.3,41.2,97600,2.00,7.00,11.0,13.0,0.0222,0
2023-05-16 05:29:45,1684229385,12.3,41.2,97600,2.00,5.00,8.00,9.00,0.0248,0
2023-05-16 05:34:50,1684229690,12.4,41.3,97600,2.00,3.00,5.00,6.00,0.0373,0
2023-05-16 05:39:55,1684229996,12.4,41.6,97600,1.00,5.00,9.00,10.0,0.0188,0
2023-05-16 05:44:40,1684230281,12.4,41.5,97600,3.00,8.00,14.0,16.0,0.0158,0
2023-05-16 05:49:45,1684230586,12.5,41.4,97600,2.00,5.00,9.00,11.0,0.0207,0
2023-05-16 05:54:50,1684230891,12.6,41.7,97600,2.00,4.00,6.00,7.00,0.0190,0
2023-05-16 05:59:56,1684231196,12.6,41.4,97600,2.00,4.00,7.00,8.00,0.0359,0
2023-05-16 06:04:40,1684231481,12.7,41.7,97600,2.00,5.00,7.00,8.00,0.0283,0
2023-05-16 06:09:46,1684231786,12.7,41.4,97600,3.00,5.00,7.00,9.00,0.0307,0
2023-05-16 06:14:51,1684232091,12.8,41.3,97600,2.00,9.00,15.0,17.0,0.0375,0
2023-05-16 06:19:56,1684232396,13.0,40.9,97600,2.00,4.00,5.00,6.00,0.0219,0
2023-05-16 06:24:40,1684232681,13.1,40.8,97600,2.00,4.00,7.00,8.00,0.0106,0
2023-05-16 06:29:45,1684232986,13.2,40.6,97600,3.00,7.00,10.0,12.0,0.0154,0
2023-05-16 06:34:50,1684233291,13.3,40.6,97600,2.00,5.00,6.00,7.00,0.0155,0
2023-05-16 06:39:55,1684233595,13.4,40.2,97600,2.00,5.00,7.00,9.00,0.0169,0
2023-05-16 06:44:59,1684233900,13.5,39.9,97600,2.00,7.00,11.0,13.0,0.0371,0
2023-05-16 06:45:20,1684233920,13.6,39.9,97600,1e-7,1e-7,1e-7,1e-7,0.0366,0
2023-05-16 06:59:54,1684234795,13.8,38.0,97600,2.00,5.00,9.00,11.0,0.0379,0
2023-05-16 07:04:59,1684235099,13.9,37.5,97600,2.00,9.00,14.0,17.0,0.0164,0
2023-05-16 07:08:42,1684235323,14.0,37.0,97600,4.00,4.00,7.00,9.00,0.0360,0
2023-05-16 07:22:40,1684236161,14.2,35.7,97600,1.00,5.00,8.00,9.00,0.0391,0
2023-05-16 07:34:54,1684236895,14.3,35.1,97600,1.00,1.00,2.00,2.00,0.0168,0
2023-05-16 07:39:59,1684237199,14.3,35.1,97600,2.00,5.00,8.00,9.00,0.0166,0
2023-05-16 07:44:43,1684237483,14.2,35.4,97600,2.00,5.00,7.00,8.00,0.0180,0
2023-05-16 07:45:44,1684237544,14.2,35.4,97600,1.00,2.00,3.00,3.00,0.0100,0
2023-05-16 07:59:57,1684238398,14.3,35.7,97600,2.00,5.00,8.00,9.00,0.00987,0
2023-05-16 08:04:41,1684238682,14.4,35.8,97600,2.00,3.00,5.00,6.00,0.0155,0
2023-05-16 08:09:45,1684238986,14.5,35.5,97587,2.00,5.00,9.00,11.0,0.0156,0
2023-05-16 08:14:49,1684239290,14.6,35.2,97573,5.00,6.00,7.00,7.00,0.0192,0
2023-05-16 08:19:53,1684239594,14.7,35.0,97600,2.00,5.00,9.00,11.0,0.0192,0
2023-05-16 08:24:57,1684239898,14.8,34.6,97600,1.00,3.00,4.00,4.00,0.0151,0
2023-05-16 08:29:41,1684240181,14.9,34.2,97600,2.00,4.00,6.00,6.00,0.0214,0
2023-05-16 08:34:45,1684240485,14.9,34.1,97600,2.00,4.00,5.00,6.00,0.0161,0
2023-05-16 08:39:49,1684240789,14.9,33.8,97567,1.00,6.00,10.0,12.0,0.0110,0
2023-05-16 08:44:53,1684241093,15.0,33.5,97600,3.00,6.00,9.00,11.0,0.0192,0
2023-05-16 08:49:56,1684241397,15.0,33.3,97600,2.00,5.00,8.00,9.00,0.0124,0
2023-05-16 08:54:40,1684241680,15.0,33.1,97600,2.00,3.00,5.00,6.00,0.0147,0
2023-05-16 08:59:44,1684241984,14.9,33.0,97600,2.00,5.00,9.00,10.0,0.0208,0
2023-05-16 09:04:47,1684242288,14.9,33.1,97600,2.00,4.00,6.00,7.00,0.0228,0
2023-05-16 09:05:48,1684242349,14.9,33.4,97600,4.00,10.0,14.0,16.0,0.00864,0
2023-05-16 09:19:19,1684243160,15.0,33.1,97600,2.00,4.00,6.00,7.00,0.0173,0
2023-05-16 09:34:54,1684244095,15.4,32.8,97500,3.00,3.00,5.00,6.00,0.0270,0
2023-05-16 09:39:58,1684244398,15.6,32.2,97500,2.00,3.00,4.00,5.00,0.0417,0
2023-05-16 09:44:41,1684244682,15.7,31.2,97500,1.00,5.00,9.00,11.0,0.0289,0
2023-05-16 09:49:45,1684244985,15.7,30.7,97500,4.00,16.0,26.0,32.0,0.177,0
2023-05-16 09:54:48,1684245289,15.7,30.0,97500,2.00,4.00,7.00,9.00,0.177,0
2023-05-16 09:59:52,1684245593,15.7,30.0,97500,4.00,10.0,15.0,18.0,0.189,0
2023-05-16 10:04:56,1684245896,15.6,29.7,97500,2.00,6.00,10.0,12.0,0.0493,0
2023-05-16 10:09:39,1684246180,15.5,29.7,97500,2.00,4.00,7.00,9.00,0.0319,0
2023-05-16 10:14:43,1684246484,15.4,29.9,97500,3.00,6.00,8.00,9.00,0.0218,0
2023-05-16 10:19:47,1684246787,15.5,30.1,97500,3.00,8.00,12.0,14.0,0.0625,0
2023-05-16 10:24:51,1684247091,15.6,30.6,97500,2.00,5.00,8.00,10.0,0.0353,0
2023-05-16 10:25:11,1684247111,15.6,30.7,97500,1e-7,1e-7,1e-7,1e-7,0.0299,0
2023-05-16 10:38:56,1684247936,16.0,29.9,97500,3.00,3.00,3.00,3.00,0.0299,0
2023-05-16 10:55:14,1684248915,16.2,30.0,97500,1.00,2.00,4.00,4.00,0.0256,0
2023-05-16 11:04:24,1684249464,16.3,29.9,97500,2.00,4.00,5.00,6.00,,
2023-05-16 11:24:43,1684250684,16.2,29.7,97500,2.00,5.00,8.00,9.00,,
2023-05-16 11:29:53,1684250993,15.8,30.2,97500,3.00,3.00,5.00,6.00,,
2023-05-16 11:34:56,1684251297,15.3,30.8,97500,2.00,6.00,9.00,11.0,0.0289,0
2023-05-16 11:39:40,1684251581,14.9,31.8,97500,2.00,5.00,7.00,9.00,0.0221,0
2023-05-16 11:44:49,1684251890,14.4,32.8,97500,2.00,4.00,7.00,9.00,0.0206,0
2023-05-16 11:49:53,1684252194,14.0,34.0,97500,2.00,3.00,5.00,6.00,0.0250,0
2023-05-16 11:54:57,1684252498,13.6,36.0,97500,2.00,4.00,5.00,6.00,0.0351,0
2023-05-16 11:55:18,1684252518,13.4,36.3,97500,1.00,3.00,4.00,5.00,0.0351,0
2023-05-16 12:09:53,1684253394,12.6,38.5,97500,2.00,7.00,11.0,13.0,0.0299,0
2023-05-16 12:14:18,1684253658,12.4,39.4,97500,3.00,3.00,4.00,4.00,0.0224,0
2023-05-16 12:19:47,1684253987,12.2,40.0,97500,2.00,5.00,8.00,9.00,0.0262,0
2023-05-16 12:24:52,1684254293,11.9,40.8,97500,2.00,4.00,7.00,9.00,0.0155,0
2023-05-16 12:29:58,1684254598,11.6,42.5,97500,3.00,8.00,12.0,14.0,0.0145,0
2023-05-16 12:34:43,1684254884,11.4,42.2,97471,2.00,7.00,12.0,14.0,0.0282,0
2023-05-16 12:39:49,1684255190,11.2,42.7,97413,3.00,3.00,5.00,6.00,0.0282,0
2023-05-16 12:44:59,1684255499,11.0,43.4,97400,1.00,5.00,9.00,11.0,0.0295,0
2023-05-16 12:49:44,1684255785,10.9,43.0,97400,2.00,6.00,10.0,12.0,0.0224,0
2023-05-16 12:53:48,1684256028,10.9,43.5,97400,1.00,2.00,4.00,5.00,0.0220,0
2023-05-16 12:59:57,1684256397,10.8,43.3,97400,2.00,3.00,5.00,5.00,0.0230,0
2023-05-16 13:04:42,1684256683,10.8,43.3,97400,2.00,6.00,10.0,12.0,0.0230,0
2023-05-16 13:05:23,1684256723,10.9,43.6,97400,2.00,4.00,6.00,7.00,0.00995,0
2023-05-16 13:19:55,1684257595,11.3,43.6,97400,2.00,3.00,5.00,6.00,0.0137,0
2023-05-16 13:21:16,1684257677,11.4,43.9,97400,2.00,3.00,5.00,5.00,0.0124,0
2023-05-16 13:34:52,1684258492,12.0,42.3,97400,1.00,6.00,9.00,11.0,0.0137,0
2023-05-16 13:39:56,1684258797,12.0,42.1,97400,1.00,3.00,5.00,6.00,0.0163,0
2023-05-16 13:44:43,1684259084,11.9,41.7,97400,2.00,5.00,8.00,9.00,0.0148,0
2023-05-16 13:46:05,1684259165,11.9,42.3,97400,1e-7,1e-7,1e-7,1e-7,0.0280,0
2023-05-16 13:58:47,1684259927,12.2,41.7,97400,2.00,3.00,3.00,4.00,0.0280,0
2023-05-16 14:44:43,1684262683,12.9,41.0,97300,2.00,3.00,4.00,5.00,,
2023-05-16 14:49:48,1684262988,12.9,40.4,97300,2.00,5.00,8.00,10.0,,
2023-05-16 14:54:53,1684263294,12.8,40.6,97300,5.00,9.00,13.0,15.0,0.0199,0
2023-05-16 14:59:59,1684263599,12.7,40.3,97300,3.00,5.00,9.00,10.0,0.0342,0
2023-05-16 15:04:44,1684263884,12.7,40.7,97300,2.00,5.00,7.00,8.00,0.0240,0
2023-05-16 15:09:49,1684264190,12.7,41.1,97300,1.00,4.00,7.00,9.00,0.0211,0
2023-05-16 15:14:55,1684264495,12.8,41.0,97300,2.00,5.00,8.00,9.00,0.0261,0
2023-05-16 15:19:40,1684264781,12.8,39.9,97314,2.00,5.00,7.00,8.00,0.0271,0
2023-05-16 15:24:46,1684265086,12.7,39.3,97340,2.00,7.00,11.0,13.0,0.0187,0
2023-05-16 15:29:51,1684265392,12.5,39.2,97353,1.00,4.00,7.00,9.00,0.0378,0
2023-05-16 15:34:57,1684265697,12.4,38.6,97400,2.00,4.00,7.00,9.00,0.0234,0
2023-05-16 15:39:42,1684265982,12.2,37.1,97400,2.00,6.00,9.00,11.0,0.0124,0
2023-05-16 15:44:47,1684266288,12.1,37.1,97400,1.00,5.00,8.00,9.00,0.0124,0
2023-05-16 15:49:53,1684266594,12.1,37.6,97400,2.00,4.00,7.00,8.00,0.0220,0
2023-05-16 15:54:59,1684266899,12.1,37.9,97400,2.00,4.00,7.00,9.00,0.0206,0
2023-05-16 15:59:44,1684267184,12.1,36.8,97400,2.00,3.00,5.00,6.00,0.0145,0
2023-05-16 16:04:50,1684267490,11.9,37.0,97400,2.00,4.00,5.00,6.00,0.0129,0
2023-05-16 16:09:55,1684267796,11.9,36.9,97400,2.00,2.00,3.00,4.00,0.0104,0
2023-05-16 16:14:41,1684268081,11.8,37.2,97400,2.00,4.00,5.00,6.00,0.0220,0
2023-05-16 16:17:24,1684268244,11.8,37.2,97400,4.00,5.00,8.00,9.00,0.0599,0
2023-05-16 16:39:40,1684269581,12.4,36.6,97400,1.00,2.00,2.00,3.00,,
2023-05-16 16:44:45,1684269886,12.4,35.9,97400,4.00,6.00,8.00,9.00,,
2023-05-16 16:45:06,1684269906,12.4,35.5,97400,2.00,5.00,8.00,9.00,,
2023-05-16 16:59:41,1684270781,12.5,35.5,97400,2.00,5.00,8.00,9.00,,
2023-05-16 17:04:46,1684271086,12.5,35.5,97400,2.00,4.00,7.00,8.00,0.0100,0
2023-05-16 17:09:51,1684271391,12.5,35.9,97400,3.00,7.00,12.0,14.0,0.00958,0
2023-05-16 17:13:35,1684271615,12.4,36.3,97400,2.00,4.00,7.00,9.00,0.00958,0
2023-05-16 17:29:58,1684272599,12.5,35.6,97400,4.00,7.00,9.00,10.0,0.0316,0
2023-05-16 17:34:43,1684272884,12.4,35.9,97400,3.00,5.00,9.00,11.0,0.0303,0
2023-05-16 17:39:48,1684273189,12.3,36.7,97400,2.00,5.00,8.00,9.00,0.0371,0
2023-05-16 17:40:49,1684273249,12.4,37.1,97400,1.00,2.00,4.00,4.00,0.0164,0
2023-05-16 17:49:55,1684273795,12.7,35.5,97400,2.00,6.00,10.0,12.0,0.0270,0
2023-05-16 17:54:41,1684274082,12.8,33.3,97400,3.00,7.00,11.0,13.0,0.0294,0
2023-05-16 17:59:46,1684274387,12.8,31.3,97400,2.00,5.00,9.00,11.0,0.0269,0
2023-05-16 18:04:51,1684274692,12.7,30.6,97400,2.00,3.00,5.00,6.00,0.0456,0
2023-05-16 18:09:56,1684274997,12.7,29.7,97400,2.00,4.00,5.00,6.00,0.0456,0
2023-05-16 18:14:41,1684275281,12.7,29.0,97400,2.00,4.00,7.00,8.00,0.0120,0
2023-05-16 18:19:46,1684275586,12.6,28.7,97400,2.00,7.00,11.0,13.0,0.0317,0
2023-05-16 18:24:51,1684275892,12.6,29.4,97400,2.00,3.00,5.00,6.00,0.0317,0
2023-05-16 18:29:56,1684276197,12.4,28.6,97400,2.00,7.00,11.0,13.0,0.0305,0
2023-05-16 18:34:41,1684276482,12.4,28.9,97400,2.00,5.00,9.00,11.0,0.0293,0
2023-05-16 18:39:46,1684276787,12.4,28.2,97400,1.00,5.00,8.00,10.0,0.0444,0
2023-05-16 18:44:51,1684277092,12.6,28.1,97400,1.00,3.00,5.00,6.00,0.0429,0
2023-05-16 18:49:56,1684277397,12.7,27.2,97400,1.00,4.00,6.00,7.00,0.0121,0
2023-05-16 18:54:41,1684277681,12.7,27.0,97400,2.00,3.00,4.00,5.00,0.0101,0
2023-05-16 18:59:46,1684277986,12.8,27.2,97400,1.00,4.00,7.00,9.00,0.0113,0
2023-05-16 19:04:51,1684278291,12.8,27.0,97400,1.00,5.00,9.00,11.0,0.0214,0
2023-05-16 19:09:56,1684278596,13.0,27.5,97400,4.00,10.0,15.0,18.0,0.0286,0
2023-05-16 19:14:40,1684278881,13.1,26.7,97400,3.00,7.00,10.0,11.0,0.0477,0
2023-05-16 19:19:45,1684279186,13.0,26.9,97480,2.00,6.00,9.00,11.0,0.0243,0
2023-05-16 19:24:51,1684279492,12.7,27.1,97500,2.00,4.00,5.00,6.00,0.0308,0
2023-05-16 19:29:57,1684279797,12.3,27.3,97500,2.00,4.00,7.00,8.00,0.0308,0
2023-05-16 19:34:42,1684280082,11.9,27.8,97500,1.00,3.00,5.00,6.00,0.0131,0
2023-05-16 19:39:47,1684280388,11.5,28.3,97500,2.00,6.00,9.00,11.0,0.0277,0
2023-05-16 19:44:53,1684280693,11.1,29.2,97500,1.00,6.00,10.0,12.0,0.0277,0
2023-05-16 19:49:58,1684280999,10.8,29.8,97500,3.00,10.0,16.0,19.0,0.0475,0
2023-05-16 19:54:44,1684281284,10.6,30.2,97500,2.00,6.00,9.00,11.0,0.0475,0
2023-05-16 19:59:49,1684281590,10.4,30.0,97500,1.00,3.00,5.00,6.00,0.0704,0
2023-05-16 20:04:56,1684281896,10.2,30.1,97500,1.00,2.00,4.00,4.00,0.0328,0
2023-05-16 20:09:41,1684282182,10.0,30.0,97500,1.00,6.00,10.0,12.0,0.0299,0
2023-05-16 20:14:48,1684282488,9.81,30.4,97500,1.00,5.00,9.00,11.0,0.0431,0
2023-05-16 20:19:54,1684282794,9.57,30.9,97500,4.00,11.0,16.0,19.0,0.0369,0
2023-05-16 20:24:40,1684283080,9.38,31.0,97500,2.00,5.00,7.00,9.00,0.0573,0
2023-05-16 20:29:46,1684283387,9.13,31.5,97500,1.00,6.00,9.00,11.0,0.0643,0
2023-05-16 20:34:53,1684283694,8.86,31.7,97500,2.00,3.00,5.00,6.00,0.0212,0
2023-05-16 20:39:39,1684283980,8.61,31.6,97500,2.00,3.00,5.00,6.00,0.0242,0
2023-05-16 20:44:46,1684284287,8.38,32.1,97500,1.00,5.00,8.00,9.00,0.0323,0
2023-05-16 20:49:53,1684284594,8.11,32.4,97500,2.00,6.00,9.00,11.0,0.0116,0
2023-05-16 20:54:40,1684284880,7.83,32.9,97500,1.00,3.00,5.00,6.00,0.0203,0
2023-05-16 20:59:47,1684285187,7.55,33.5,97500,2.00,7.00,11.0,13.0,0.0139,0
2023-05-16 21:04:54,1684285494,7.30,34.8,97500,2.00,7.00,11.0,13.0,0.0255,0
2023-05-16 21:09:41,1684285781,7.05,36.5,97500,1e-7,2.00,4.00,4.00,0.0318,0
2023-05-16 21:14:48,1684286088,6.79,37.2,97500,1.00,4.00,7.00,9.00,0.0318,0
2023-05-16 21:19:55,1684286396,6.54,38.6,97580,1.00,2.00,4.00,4.00,0.0206,0
2023-05-16 21:24:42,1684286683,6.30,39.6,97600,2.00,3.00,5.00,5.00,0.0129,0
2023-05-16 21:29:50,1684286990,6.09,41.4,97600,2.00,9.00,15.0,18.0,0.0163,0
2023-05-16 21:34:58,1684287298,5.89,42.6,97600,1.00,3.00,5.00,6.00,0.0212,0
2023-05-16 21:39:45,1684287585,5.74,43.1,97600,1.00,3.00,5.00,6.00,0.0142,0
2023-05-16 21:44:52,1684287893,5.63,43.2,97600,2.00,5.00,9.00,11.0,0.0204,0
2023-05-16 21:49:40,1684288180,5.53,43.1,97600,1e-7,3.00,5.00,6.00,0.0379,0
2023-05-16 21:54:47,1684288488,5.40,44.2,97600,1.00,6.00,10.0,12.0,0.0379,0
2023-05-16 21:59:55,1684288796,5.27,44.0,97600,2.00,9.00,14.0,17.0,0.0407,0
2023-05-16 22:04:43,1684289083,5.16,44.2,97600,1.00,5.00,9.00,10.0,0.0378,0
2023-05-16 22:09:50,1684289391,5.06,44.6,97600,1.00,5.00,8.00,10.0,0.0400,0
2023-05-16 22:14:58,1684289699,4.94,45.2,97600,2.00,3.00,5.00,6.00,0.0320,0
2023-05-16 22:19:46,1684289986,4.83,45.6,97600,1.00,6.00,10.0,12.0,0.0238,0
2023-05-16 22:24:54,1684290294,4.72,45.4,97600,2.00,6.00,9.00,11.0,0.0204,0
2023-05-16 22:29:41,1684290582,4.72,45.2,97600,1.00,3.00,5.00,6.00,0.0142,0
2023-05-16 22:34:49,1684290890,4.79,44.9,97600,1.00,3.00,5.00,6.00,0.0199,0
2023-05-16 22:39:57,1684291198,4.86,44.6,97600,2.00,5.00,8.00,9.00,0.0166,0
2023-05-16 22:44:45,1684291485,4.99,43.6,97600,1e-7,3.00,5.00,6.00,0.0196,0
2023-05-16 22:49:53,1684291793,5.24,42.9,97600,1.00,5.00,8.00,9.00,0.0204,0
2023-05-16 22:54:40,1684292080,5.56,41.1,97600,1e-7,3.00,5.00,6.00,0.0221,0
2023-05-16 22:59:48,1684292388,5.85,39.9,97600,1.00,5.00,8.00,9.00,0.0231,0
2023-05-16 23:04:55,1684292696,6.05,39.2,97600,1.00,2.00,4.00,4.00,0.0179,0
2023-05-16 23:09:43,1684292983,6.11,38.7,97600,1.00,5.00,8.00,10.0,0.0126,0
2023-05-16 23:14:50,1684293291,6.12,37.4,97600,1.00,3.00,5.00,6.00,0.0145,0
2023-05-16 23:19:58,1684293598,6.20,36.6,97600,1.00,3.00,5.00,6.00,0.0158,0
2023-05-16 23:24:44,1684293885,6.27,35.8,97600,1.00,5.00,9.00,11.0,0.0161,0
2023-05-16 23:29:52,1684294192,6.36,35.6,97600,2.00,4.00,6.00,7.00,0.0164,0
2023-05-16 23:34:59,1684294500,6.38,34.9,97600,1.00,3.00,4.00,5.00,0.0244,0
2023-05-16 23:39:46,1684294787,6.37,34.5,97621,1.00,2.00,4.00,4.00,0.0290,0
2023-05-16 23:44:54,1684295094,6.37,34.4,97700,2.00,3.00,5.00,6.00,0.0151,0
2023-05-16 23:49:41,1684295381,6.36,34.6,97700,2.00,9.00,15.0,18.0,0.0317,0
2023-05-16 23:54:48,1684295689,6.34,34.7,97700,2.00,5.00,7.00,9.00,0.0317,0
2023-05-16 23:59:56,1684295996,6.30,34.5,97700,1.00,4.00,7.00,9.00,0.0227,0
2023-05-17 00:04:43,1684296283,6.26,34.6,97700,2.00,6.00,10.0,12.0,0.0115,0
2023-05-17 00:09:50,1684296591,6.20,34.7,97700,2.00,6.00,9.00,11.0,0.0114,0
2023-05-17 00:14:58,1684296899,6.12,34.7,97700,1e-7,3.00,5.00,6.00,0.0219,0
2023-05-17 00:19:45,1684297186,6.06,34.7,97700,2.00,3.00,4.00,5.00,0.0219,0
2023-05-17 00:24:53,1684297493,5.96,34.8,97700,1.00,5.00,8.00,10.0,0.0129,0
2023-05-17 00:29:40,1684297781,5.91,34.6,97700,1.00,4.00,7.00,9.00,0.0207,0
2023-05-17 00:34:48,1684298088,5.89,34.5,97700,1.00,6.00,10.0,12.0,0.0143,0
2023-05-17 00:39:56,1684298396,5.80,34.4,97700,1.00,4.00,7.00,8.00,0.0304,0
2023-05-17 00:44:43,1684298684,5.75,34.1,97700,1.00,6.00,10.0,12.0,0.0302,0
2023-05-17 00:49:51,1684298991,5.70,33.9,97700,1.00,5.00,8.00,9.00,0.0302,0
2023-05-17 00:54:59,1684299299,5.61,34.0,97700,1.00,5.00,8.00,9.00,0.0176,0
2023-05-17 00:59:46,1684299586,5.55,33.6,97700,1.00,3.00,5.00,6.00,0.0226,0
2023-05-17 01:04:54,1684299894,5.49,33.4,97700,2.00,3.00,4.00,5.00,0.0226,0
2023-05-17 01:09:41,1684300181,5.46,33.7,97700,1e-7,3.00,5.00,6.00,0.0108,0
2023-05-17 01:14:49,1684300489,5.39,33.6,97700,1.00,3.00,5.00,6.00,0.0214,0
2023-05-17 01:19:56,1684300797,5.33,33.7,97700,2.00,3.00,5.00,6.00,0.0214,0
2023-05-17 01:24:44,1684301084,5.26,33.3,97700,1.00,5.00,8.00,10.0,0.0149,0
2023-05-17 01:29:52,1684301392,5.26,33.5,97700,1e-7,3.00,5.00,6.00,0.0192,0
2023-05-17 01:34:59,1684301700,5.27,33.4,97700,2.00,3.00,5.00,6.00,0.0192,0
2023-05-17 01:39:47,1684301987,5.25,33.4,97700,2.00,3.00,5.00,6.00,0.0121,0
2023-05-17 01:44:55,1684302295,5.24,33.3,97700,2.00,3.00,5.00,6.00,0.0117,0
2023-05-17 01:49:42,1684302582,5.20,33.3,97700,1.00,3.00,5.00,6.00,0.0119,0
2023-05-17 01:54:50,1684302890,5.14,33.2,97747,1.00,5.00,9.00,11.0,0.0136,0
2023-05-17 01:59:58,1684303198,5.14,33.3,97800,1e-7,3.00,5.00,6.00,0.0177,0
2023-05-17 02:04:45,1684303486,5.14,33.2,97800,1.00,3.00,5.00,6.00,0.0338,0
2023-05-17 02:09:53,1684303794,5.14,33.3,97800,1.00,3.00,5.00,6.00,0.0228,0
2023-05-17 02:14:41,1684304081,5.17,32.8,97800,1e-7,3.00,5.00,6.00,0.0114,0
2023-05-17 02:19:49,1684304389,5.20,32.8,97800,1.00,3.00,5.00,6.00,0.0131,0
2023-05-17 02:24:56,1684304697,5.23,32.4,97800,1e-7,3.00,5.00,6.00,0.0172,0
2023-05-17 02:29:44,1684304984,5.27,32.4,97800,1e-7,3.00,5.00,6.00,0.0118,0
2023-05-17 02:34:52,1684305292,5.27,32.6,97800,1.00,3.00,5.00,6.00,0.0124,0
2023-05-17 02:39:39,1684305580,5.22,32.8,97800,2.00,9.00,15.0,17.0,0.0251,0
2023-05-17 02:44:47,1684305888,5.17,32.7,97800,1e-7,3.00,5.00,6.00,0.0251,0
2023-05-17 02:49:55,1684306195,5.16,32.5,97800,1.00,3.00,5.00,6.00,0.0235,0
2023-05-17 02:54:42,1684306483,5.18,32.2,97800,1.00,6.00,9.00,11.0,0.0196,0
2023-05-17 02:59:50,1684306791,5.20,32.1,97800,3.00,3.00,4.00,4.00,0.0253,0
2023-05-17 03:04:58,1684307099,5.22,32.2,97800,1.00,4.00,7.00,9.00,0.0270,0
2023-05-17 03:09:45,1684307386,5.19,32.1,97800,1e-7,3.00,5.00,6.00,0.0156,0
2023-05-17 03:14:53,1684307694,5.17,32.3,97800,1.00,3.00,5.00,6.00,0.0117,0
2023-05-17 03:19:41,1684307981,5.13,32.2,97800,1e-7,3.00,5.00,6.00,0.0145,0
2023-05-17 03:24:48,1684308288,5.13,32.3,97800,1.00,3.00,4.00,5.00,0.0145,0
2023-05-17 03:29:56,1684308596,5.15,32.6,97800,1.00,3.00,5.00,6.00,0.0141,0
2023-05-17 03:34:43,1684308883,5.12,32.4,97800,1.00,4.00,7.00,9.00,0.0103,0
2023-05-17 03:39:51,1684309191,5.10,32.5,97800,1e-7,3.00,5.00,6.00,0.0141,0
2023-05-17 03:44:59,1684309499,5.13,32.6,97800,1.00,5.00,9.00,11.0,0.0141,0
2023-05-17 03:49:46,1684309787,5.13,32.8,97800,1.00,5.00,9.00,11.0,0.0313,0
2023-05-17 03:54:54,1684310095,5.14,32.9,97800,1.00,3.00,5.00,6.00,0.0353,0
2023-05-17 03:59:42,1684310382,5.15,33.0,97800,1e-7,2.00,4.00,4.00,0.0311,0
2023-05-17 04:04:50,1684310690,5.16,33.1,97800,1.00,3.00,5.00,6.00,0.0179,0
2023-05-17 04:09:57,1684310998,5.22,33.1,97800,1.00,3.00,4.00,5.00,0.0113,0
2023-05-17 04:14:45,1684311285,5.24,33.2,97800,1e-7,2.00,4.00,4.00,0.0106,0
2023-05-17 04:19:53,1684311593,5.24,33.4,97800,1.00,6.00,9.00,11.0,0.0108,0
2023-05-17 04:24:40,1684311881,5.22,33.7,97800,1e-7,3.00,5.00,6.00,0.0399,0
2023-05-17 04:29:48,1684312188,5.19,33.9,97800,1e-7,3.00,5.00,6.00,0.0429,0
2023-05-17 04:34:56,1684312496,5.22,33.8,97807,1.00,2.00,4.00,4.00,0.0296,0
2023-05-17 04:39:43,1684312784,5.22,33.9,97864,1.00,6.00,9.00,11.0,0.0115,0
2023-05-17 04:44:51,1684313092,5.24,33.8,97900,1.00,2.00,3.00,3.00,0.0117,0
2023-05-17 04:49:59,1684313399,5.27,33.9,97900,1.00,4.00,7.00,9.00,0.0122,0
2023-05-17 04:54:46,1684313687,5.26,33.9,97900,1.00,3.00,5.00,6.00,0.0154,0
2023-05-17 04:59:54,1684313995,5.27,33.8,97900,1.00,5.00,9.00,11.0,0.0154,0
2023-05-17 05:04:41,1684314282,5.27,34.0,97900,2.00,7.00,11.0,13.0,0.0204,0
2023-05-17 05:09:49,1684314590,5.23,34.1,97900,1e-7,3.00,5.00,6.00,0.0425,0
2023-05-17 05:14:57,1684314898,5.24,34.1,97900,1.00,2.00,4.00,4.00,0.0425,0
2023-05-17 05:19:45,1684315185,5.23,34.0,97900,2.00,3.00,5.00,6.00,0.0112,0
2023-05-17 05:24:53,1684315493,5.20,33.9,97900,1.00,3.00,5.00,6.00,0.0180,0
2023-05-17 05:29:40,1684315780,5.18,33.8,97900,2.00,6.00,8.00,10.0,0.0230,0
2023-05-17 05:34:48,1684316088,5.21,33.7,97900,2.00,11.0,19.0,23.0,0.0211,0
2023-05-17 05:39:55,1684316396,5.22,33.5,97900,1.00,3.00,5.00,6.00,0.0425,0
2023-05-17 05:44:43,1684316683,5.24,33.6,97900,1.00,2.00,4.00,5.00,0.0378,0
2023-05-17 05:49:50,1684316991,5.26,32.8,97900,1.00,1.00,2.00,2.00,0.0168,0
2023-05-17 05:54:58,1684317299,5.29,32.5,97900,1e-7,2.00,4.00,4.00,0.0129,0
2023-05-17 05:59:45,1684317586,5.35,32.2,97900,1.00,3.00,5.00,6.00,0.0126,0
2023-05-17 06:04:53,1684317893,5.40,32.4,97900,1.00,3.00,5.00,6.00,0.0126,0
2023-05-17 06:09:40,1684318180,5.43,32.7,97936,1.00,6.00,10.0,12.0,0.0314,0
2023-05-17 06:14:47,1684318488,5.42,32.7,97980,1e-7,3.00,5.00,6.00,0.0314,0
2023-05-17 06:19:55,1684318795,5.42,32.7,98000,1.00,4.00,7.00,8.00,0.0321,0
2023-05-17 06:22:39,1684318959,5.44,32.7,98000,1e-7,3.00,4.00,5.00,0.0176,0
2023-05-17 06:34:57,1684319698,5.65,32.6,98000,1.00,3.00,5.00,6.00,0.0159,0
2023-05-17 06:39:44,1684319985,5.69,32.5,98000,1.00,6.00,10.0,12.0,0.0142,0
2023-05-17 06:44:51,1684320292,5.78,32.6,98000,1.00,3.00,5.00,6.00,0.0236,0
2023-05-17 06:49:59,1684320599,5.86,31.8,98000,1e-7,2.00,4.00,4.00,0.0236,0
2023-05-17 06:54:45,1684320886,6.00,31.7,98000,1.00,1.00,2.00,2.00,0.0264,0
2023-05-17 06:55:06,1684320906,6.03,31.6,98000,1e-7,1e-7,1e-7,1e-7,0.0114,0
2023-05-17 07:09:48,1684321789,6.42,30.8,98000,1.00,4.00,6.00,7.00,0.0170,0
2023-05-17 07:14:55,1684322096,6.45,29.4,98000,1.00,3.00,5.00,6.00,0.0208,0
2023-05-17 07:19:42,1684322382,6.43,29.3,98000,1.00,3.00,5.00,6.00,0.0115,0
2023-05-17 07:24:49,1684322689,6.41,29.2,98000,1.00,2.00,4.00,4.00,0.0132,0
2023-05-17 07:29:56,1684322996,6.42,28.9,98000,1e-7,3.00,5.00,6.00,0.0152,0
2023-05-17 07:34:42,1684323283,6.50,29.3,98000,1e-7,2.00,4.00,5.00,0.0147,0
2023-05-17 07:39:49,1684323590,6.69,28.9,98000,1.00,3.00,5.00,6.00,0.0117,0
2023-05-17 07:44:56,1684323896,7.07,28.8,98033,1.00,3.00,5.00,6.00,0.0103,0
2023-05-17 07:49:42,1684324183,7.41,28.2,98021,2.00,3.00,5.00,6.00,0.0106,0
2023-05-17 07:51:03,1684324263,7.65,28.3,98000,1.00,5.00,8.00,9.00,0.0175,0
2023-05-17 08:04:07,1684325047,8.48,27.0,98100,1e-7,2.00,4.00,4.00,0.0223,0
2023-05-17 08:08:20,1684325300,8.67,24.8,98100,1e-7,1e-7,1e-7,1e-7,0.0223,0
2023-05-17 08:24:49,1684326290,8.94,24.7,98100,1.00,3.00,4.00,4.00,0.0217,0
2023-05-17 08:29:34,1684326575,8.84,24.9,98100,1.00,3.00,5.00,6.00,0.0225,0
2023-05-17 08:31:54,1684326715,8.74,24.9,98100,1e-7,3.00,5.00,6.00,0.0161,0
2023-05-17 08:44:56,1684327497,8.83,23.6,98100,1.00,9.00,15.0,18.0,0.0148,0
2023-05-17 08:49:41,1684327782,8.83,23.0,98100,2.00,7.00,12.0,14.0,0.0322,0
2023-05-17 09:04:48,1684328689,9.30,22.3,98100,1e-7,1e-7,1e-7,1e-7,0.0218,0
2023-05-17 09:08:32,1684328913,9.31,21.9,98100,1.00,3.00,5.00,6.00,0.0506,0
2023-05-17 09:14:28,1684329268,9.79,20.9,98100,1e-7,3.00,5.00,6.00,0.0506,0
2023-05-17 09:16:56,1684329416,9.75,20.2,98100,1e-7,3.00,5.00,6.00,0.0229,0
2023-05-17 09:34:47,1684330488,9.80,20.2,98100,1.00,5.00,9.00,11.0,0.0270,0
2023-05-17 09:39:53,1684330793,9.72,20.2,98100,1e-7,3.00,5.00,6.00,0.0210,0
2023-05-17 09:44:58,1684331099,9.55,19.8,98100,1e-7,3.00,5.00,6.00,0.0172,0
2023-05-17 09:46:25,1684331186,9.35,19.9,98100,1e-7,2.00,4.00,4.00,0.0148,0
2023-05-17 09:54:45,1684331685,9.47,21.2,98100,1e-7,1e-7,1e-7,1e-7,0.0148,0
2023-05-17 09:56:26,1684331787,9.47,21.3,98100,1e-7,1e-7,1e-7,1e-7,0.0128,0
2023-05-17 10:39:50,1684334391,10.2,19.7,98100,1e-7,3.00,5.00,6.00,,
2023-05-17 10:41:52,1684334513,10.0,20.5,98133,1e-7,1e-7,1e-7,1e-7,,
2023-05-17 10:59:48,1684335588,10.8,20.1,98100,1e-7,3.00,5.00,6.00,,
2023-05-17 11:04:53,1684335893,11.0,19.3,98187,1e-7,3.00,5.00,6.00,0.0107,0
2023-05-17 11:09:58,1684336198,10.7,20.4,98200,1e-7,3.00,5.00,6.00,0.0138,0
2023-05-17 11:10:39,1684336239,10.3,20.6,98200,1e-7,1e-7,1e-7,1e-7,0.0138,0
2023-05-17 11:24:40,1684337081,10.1,21.2,98200,1e-7,3.00,5.00,6.00,0.0138,0
2023-05-17 11:29:46,1684337387,10.2,19.9,98200,1.00,5.00,9.00,11.0,0.0152,0
2023-05-17 11:34:52,1684337692,10.4,20.1,98200,1.00,4.00,7.00,9.00,0.0278,0
2023-05-17 11:39:57,1684337998,10.6,19.9,98200,1e-7,2.00,4.00,4.00,0.0278,0
2023-05-17 11:44:42,1684338283,11.1,20.1,98200,1.00,6.00,10.0,12.0,0.0296,0
2023-05-17 11:49:48,1684338588,11.6,19.5,98200,1e-7,2.00,4.00,5.00,0.0315,0
2023-05-17 11:54:53,1684338894,11.3,18.9,98200,1.00,4.00,7.00,8.00,0.0206,0
2023-05-17 12:09:50,1684339790,11.3,19.5,98200,1.00,5.00,8.00,10.0,0.0349,0
2023-05-17 12:12:17,1684339937,11.2,19.5,98300,1e-7,3.00,5.00,6.00,0.0349,0
2023-05-17 12:24:52,1684340693,10.8,21.1,98200,1e-7,3.00,5.00,6.00,0.0286,0
2023-05-17 12:25:12,1684340713,10.8,21.3,98200,1e-7,1e-7,1e-7,1e-7,0.0286,0
2023-05-17 12:34:59,1684341299,10.9,21.1,98200,1e-7,2.00,4.00,4.00,0.0286,0
2023-05-17 12:39:43,1684341584,11.0,19.9,98200,1.00,5.00,8.00,9.00,0.0263,0
2023-05-17 12:44:48,1684341889,11.3,19.1,98200,2.00,12.0,21.0,25.0,0.0133,0
2023-05-17 12:49:32,1684342172,11.6,19.1,98200,1.00,3.00,5.00,6.00,0.0209,0
2023-05-17 12:54:54,1684342494,12.1,18.6,98217,1e-7,3.00,4.00,5.00,0.0316,0
2023-05-17 12:59:58,1684342799,11.7,21.2,98287,1.00,6.00,9.00,11.0,0.0316,0
2023-05-17 13:03:22,1684343002,11.0,23.2,98300,1e-7,1.00,1.00,1.00,0.0123,0
2023-05-17 13:09:41,1684343382,10.9,22.6,98300,1e-7,1e-7,1e-7,1e-7,0.0208,0
2023-05-17 13:14:46,1684343687,11.4,22.3,98233,1e-7,3.00,5.00,6.00,0.0208,0
2023-05-17 13:19:10,1684343951,11.9,21.5,98200,1e-7,3.00,5.00,6.00,0.0125,0
2023-05-17 13:29:40,1684344580,12.6,15.8,98300,1e-7,1e-7,1e-7,1e-7,0.00956,0
2023-05-17 13:34:44,1684344884,12.6,16.4,98213,1e-7,1e-7,1e-7,1e-7,0.0146,0
2023-05-17 13:39:27,1684345168,13.2,16.9,98200,1e-7,3.00,5.00,6.00,0.0146,0
2023-05-17 13:49:56,1684345796,14.1,15.8,98300,1e-7,2.00,4.00,4.00,0.0131,0
2023-05-17 13:54:39,1684346080,14.1,16.8,98300,2.00,9.00,15.0,18.0,0.0565,0
2023-05-17 13:59:43,1684346384,13.3,21.4,98300,2.00,10.0,16.0,19.0,0.0660,0
2023-05-17 14:04:48,1684346689,11.9,23.0,98300,1e-7,3.00,5.00,6.00,0.0792,0
2023-05-17 14:09:53,1684346994,11.0,23.3,98300,1.00,3.00,5.00,6.00,0.0792,0
2023-05-17 14:13:17,1684347197,10.7,24.2,98300,1.00,1.00,1.00,1.00,0.0120,0
2023-05-17 14:24:47,1684347888,12.6,21.5,98300,1.00,1.00,1.00,1.00,0.0117,0
2023-05-17 14:29:51,1684348192,12.9,21.0,98300,1.00,1.00,2.00,2.00,0.0139,0
2023-05-17 14:34:55,1684348496,13.5,20.3,98300,1e-7,3.00,5.00,6.00,0.0123,0
2023-05-17 14:39:39,1684348780,13.0,19.8,98300,1e-7,3.00,5.00,6.00,0.0224,0
2023-05-17 14:44:44,1684349084,12.5,20.5,98300,1.00,3.00,5.00,6.00,0.0224,0
2023-05-17 14:49:48,1684349388,13.2,19.8,98300,1e-7,1e-7,1e-7,1e-7,0.0236,0
2023-05-17 14:51:29,1684349490,13.3,19.2,98300,1e-7,1.00,2.00,2.00,0.0263,0
2023-05-17 15:04:40,1684350280,13.0,18.1,98300,1.00,3.00,5.00,6.00,0.0263,0
2023-05-17 15:06:01,1684350362,12.6,19.0,98300,1e-7,1e-7,1e-7,1e-7,0.00995,0
2023-05-17 15:19:55,1684351195,15.0,16.0,98325,1e-7,2.00,4.00,4.00,0.0114,0
2023-05-17 15:24:58,1684351499,14.6,18.1,98387,1e-7,3.00,5.00,6.00,0.0114,0
2023-05-17 15:29:42,1684351782,14.8,19.9,98300,2.00,5.00,9.00,11.0,0.0126,0
2023-05-17 15:34:45,1684352085,16.1,18.2,98300,1.00,5.00,8.00,9.00,0.0135,0
2023-05-17 15:39:48,1684352388,17.0,16.4,98300,1e-7,3.00,5.00,6.00,0.0117,0
2023-05-17 15:44:50,1684352691,17.7,15.3,98300,1e-7,1e-7,1e-7,1e-7,0.0246,0
2023-05-17 15:47:11,1684352832,18.3,14.6,98300,1e-7,1e-7,1e-7,1e-7,0.0261,0
2023-05-17 15:59:57,1684353598,19.0,11.4,98300,1e-7,3.00,5.00,6.00,0.0261,0
2023-05-17 16:04:40,1684353880,18.0,11.0,98300,1.00,8.00,13.0,16.0,0.0360,0
2023-05-17 16:09:43,1684354184,15.8,12.2,98300,1.00,5.00,9.00,11.0,0.0425,0
2023-05-17 16:14:47,1684354488,14.2,15.3,98333,1.00,2.00,3.00,4.00,0.0390,0
2023-05-17 16:19:51,1684354792,14.8,17.0,98300,1e-7,3.00,5.00,6.00,0.0390,0
2023-05-17 16:24:56,1684355096,16.5,16.3,98300,1.00,5.00,8.00,9.00,0.0125,1.34
2023-05-17 16:29:52,1684355392,17.7,15.3,98300,1e-7,3.00,5.00,6.00,0.0279,1.25
2023-05-17 16:34:54,1684355695,18.0,13.9,98300,1e-7,2.00,4.00,5.00,0.0246,1.31
2023-05-17 16:39:57,1684355997,18.0,13.7,98333,1e-7,2.00,4.00,4.00,0.0318,1.15
2023-05-17 16:44:59,1684356299,18.5,13.1,98333,1.00,9.00,15.0,18.0,0.0275,0
2023-05-17 16:49:41,1684356581,19.3,12.5,98400,1e-7,3.00,5.00,6.00,0.0275,0
2023-05-17 16:54:42,1684356883,19.4,12.9,98400,1e-7,3.00,5.00,6.00,0.0198,0
2023-05-17 16:59:44,1684357185,19.2,13.5,98400,1e-7,1e-7,1e-7,1e-7,0.0125,0
2023-05-17 17:04:46,1684357486,18.8,14.1,98400,1e-7,3.00,5.00,6.00,0.0116,0
2023-05-17 17:09:48,1684357789,18.6,14.5,98400,1e-7,3.00,5.00,6.00,0.0158,0
2023-05-17 17:14:50,1684358091,19.0,14.9,98400,1e-7,3.00,5.00,6.00,0.0158,0
2023-05-17 17:19:52,1684358393,19.3,14.4,98400,1e-7,1e-7,1e-7,1e-7,0.0158,0.788
2023-05-17 17:24:55,1684358695,18.4,14.7,98440,1e-7,1e-7,1e-7,1e-7,0.0103,0.959
2023-05-17 17:28:37,1684358917,16.7,16.8,98500,1e-7,1e-7,1e-7,1e-7,0.0103,0.942
2023-05-17 17:34:56,1684359297,14.7,22.0,98500,1e-7,1e-7,1e-7,1e-7,0.00995,0
2023-05-17 17:39:39,1684359580,15.4,22.1,98500,2.00,6.00,10.0,11.0,0.0280,0
2023-05-17 17:40:40,1684359640,16.2,21.7,98500,1.00,3.00,5.00,6.00,0.0344,0
2023-05-17 17:49:56,1684360197,18.5,18.6,98500,1e-7,1e-7,1e-7,1e-7,0.0442,0
2023-05-17 17:54:58,1684360499,18.8,17.6,98500,2.00,4.00,6.00,8.00,0.0442,0
2023-05-17 17:59:41,1684360781,18.2,17.4,98500,1e-7,2.00,4.00,4.00,0.0312,0
2023-05-17 18:04:44,1684361084,17.1,17.5,98500,1e-7,3.00,5.00,6.00,0.0122,0
2023-05-17 18:09:46,1684361387,16.1,17.8,98500,1e-7,1e-7,1e-7,1e-7,0.0167,0
2023-05-17 18:14:46,1684361687,15.3,17.9,98500,1e-7,1.00,2.00,2.00,0.0111,3.03
2023-05-17 18:19:50,1684361990,14.8,18.1,98500,1e-7,1e-7,1e-7,1e-7,0.0103,1.09
2023-05-17 18:24:54,1684362295,13.9,18.7,98500,1e-7,1e-7,1e-7,1e-7,0.00995,0
2023-05-17 18:29:59,1684362599,13.2,19.5,98500,1e-7,3.00,5.00,6.00,0.0111,0
2023-05-17 18:34:43,1684362884,12.1,20.8,98500,1e-7,2.00,4.00,4.00,0.0111,0
2023-05-17 18:39:48,1684363189,11.2,24.4,98500,1.00,3.00,5.00,6.00,0.0107,0
2023-05-17 18:44:54,1684363494,10.9,27.4,98500,1e-7,2.00,3.00,4.00,0.0132,0
2023-05-17 18:49:59,1684363799,11.2,27.4,98500,1e-7,1.00,2.00,2.00,0.0132,0
2023-05-17 18:54:44,1684364084,11.6,26.4,98500,1e-7,3.00,5.00,6.00,0.0108,0
2023-05-17 18:59:49,1684364389,11.9,24.9,98500,1.00,2.00,3.00,4.00,0.0108,0
2023-05-17 19:04:54,1684364694,12.2,23.8,98500,2.00,5.00,7.00,8.00,0.0108,0
2023-05-17 19:09:59,1684364999,12.0,23.6,98520,1e-7,1e-7,1e-7,1e-7,0.0113,0
2023-05-17 19:14:44,1684365284,12.0,23.7,98557,1e-7,1e-7,1e-7,1e-7,0.0126,0
2023-05-17 19:19:49,1684365589,12.1,23.4,98600,1e-7,3.00,5.00,6.00,0.0126,0
2023-05-17 19:24:54,1684365895,11.7,23.5,98600,1e-7,3.00,5.00,6.00,0.0146,0
2023-05-17 19:29:39,1684366180,10.9,24.0,98600,1.00,6.00,10.0,12.0,0.0111,0
2023-05-17 19:34:45,1684366486,10.2,25.0,98600,1e-7,3.00,5.00,6.00,0.0130,0
2023-05-17 19:39:52,1684366792,9.71,25.8,98600,1e-7,3.00,5.00,6.00,0.0189,0
2023-05-17 19:44:58,1684367098,9.32,26.8,98600,1e-7,3.00,5.00,6.00,0.0189,0
2023-05-17 19:49:44,1684367385,8.96,27.4,98614,1e-7,1e-7,1e-7,1e-7,0.0162,0
2023-05-17 19:54:51,1684367691,8.76,29.5,98700,2.00,3.00,5.00,6.00,0.0162,0
2023-05-17 19:59:57,1684367998,8.50,29.7,98693,1e-7,3.00,5.00,6.00,0.0123,0
2023-05-17 20:04:43,1684368284,8.15,30.4,98693,1e-7,3.00,5.00,6.00,0.00995,0
2023-05-17 20:09:50,1684368591,7.76,30.1,98693,1e-7,3.00,5.00,6.00,0.0135,0
2023-05-17 20:14:58,1684368898,7.41,30.8,98700,1e-7,3.00,5.00,6.00,0.0114,0
2023-05-17 20:19:44,1684369185,7.12,31.2,98700,1e-7,1e-7,1e-7,1e-7,0.0125,0
2023-05-17 20:24:51,1684369492,6.87,32.0,98700,1.00,3.00,5.00,6.00,0.0125,0
2023-05-17 20:29:59,1684369799,6.64,32.9,98700,1e-7,3.00,5.00,6.00,0.0129,0
2023-05-17 20:34:45,1684370086,6.48,32.7,98700,1e-7,3.00,5.00,6.00,0.0104,0
2023-05-17 20:39:53,1684370394,6.35,33.0,98700,1e-7,2.00,4.00,4.00,0.0107,0
2023-05-17 20:44:40,1684370681,6.25,33.0,98700,1e-7,3.00,4.00,5.00,0.0107,0
2023-05-17 20:49:48,1684370988,6.11,32.8,98700,1.00,6.00,10.0,12.0,0.0156,0
2023-05-17 20:54:55,1684371296,6.01,33.0,98700,1e-7,1e-7,1e-7,1e-7,0.0143,0
2023-05-17 20:59:43,1684371583,5.87,33.3,98736,1e-7,2.00,4.00,4.00,0.0162,0
2023-05-17 21:04:50,1684371891,5.76,33.6,98800,1.00,3.00,5.00,6.00,0.0162,0
2023-05-17 21:09:58,1684372199,5.64,33.0,98800,1e-7,1e-7,1e-7,1e-7,0.0118,0
2023-05-17 21:14:45,1684372486,5.49,32.9,98800,1e-7,3.00,5.00,6.00,0.0118,0
2023-05-17 21:19:53,1684372794,5.33,33.7,98800,1e-7,2.00,4.00,4.00,0.0110,0
2023-05-17 21:24:41,1684373081,5.15,33.4,98800,1e-7,1e-7,1e-7,1e-7,0.0107,0
2023-05-17 21:29:49,1684373389,4.98,33.4,98800,1e-7,1e-7,1e-7,1e-7,0.0107,0
2023-05-17 21:34:57,1684373697,4.83,33.7,98800,1.00,2.00,4.00,4.00,0.00995,0
2023-05-17 21:39:44,1684373985,4.69,34.0,98800,1.00,3.00,5.00,6.00,0.0120,0
2023-05-17 21:44:52,1684374293,4.50,34.1,98800,1e-7,1e-7,1e-7,1e-7,0.0120,0
2023-05-17 21:49:40,1684374580,4.34,34.4,98800,1e-7,3.00,5.00,6.00,0.0115,0
2023-05-17 21:54:48,1684374889,4.18,34.4,98800,1.00,2.00,2.00,3.00,0.0103,0
2023-05-17 21:59:57,1684375197,4.04,34.6,98800,1e-7,2.00,4.00,4.00,0.0103,0
2023-05-17 22:04:45,1684375485,3.91,35.0,98864,1e-7,1e-7,1e-7,1e-7,0.00995,0
2023-05-17 22:09:53,1684375794,3.80,35.1,98900,1e-7,3.00,5.00,6.00,0.0103,0
2023-05-17 22:14:41,1684376082,3.72,35.3,98900,1e-7,2.00,3.00,4.00,0.0115,0
2023-05-17 22:19:50,1684376391,3.67,35.6,98900,1.00,4.00,7.00,9.00,0.0115,0
2023-05-17 22:24:59,1684376699,3.60,35.5,98900,2.00,9.00,15.0,18.0,0.0379,0
2023-05-17 22:29:47,1684376987,3.55,35.9,98900,1.00,3.00,4.00,5.00,0.0379,0
2023-05-17 22:34:55,1684377296,3.51,36.2,98900,1.00,3.00,4.00,5.00,0.0184,0
2023-05-17 22:39:43,1684377584,3.48,36.3,98900,1e-7,3.00,5.00,6.00,0.0249,0
2023-05-17 22:44:52,1684377892,3.45,36.4,98900,1.00,6.00,9.00,11.0,0.0164,0
2023-05-17 22:49:40,1684378180,3.44,36.5,98900,1e-7,3.00,5.00,6.00,0.0264,0
2023-05-17 22:54:49,1684378489,3.42,36.6,98900,1e-7,3.00,5.00,6.00,0.0332,0
2023-05-17 22:59:57,1684378798,3.41,36.8,98900,1e-7,1.00,2.00,2.00,0.0332,0
2023-05-17 23:04:45,1684379086,3.45,36.9,98900,1e-7,3.00,5.00,6.00,0.0123,0
2023-05-17 23:09:54,1684379395,3.54,37.2,98900,1e-7,1e-7,1e-7,1e-7,0.0123,0
2023-05-17 23:14:42,1684379683,3.68,37.2,98900,1.00,5.00,9.00,11.0,0.0113,0
2023-05-17 23:19:51,1684379991,3.86,37.3,98933,1e-7,3.00,5.00,6.00,0.0123,0
2023-05-17 23:24:59,1684380300,3.96,36.8,99000,1.00,3.00,4.00,5.00,0.0103,0
2023-05-17 23:29:47,1684380588,4.11,36.3,99000,1e-7,3.00,5.00,6.00,0.0103,0
2023-05-17 23:34:56,1684380896,4.29,35.6,99000,1e-7,3.00,5.00,6.00,0.0115,0
2023-05-17 23:39:44,1684381184,4.34,35.0,99000,1e-7,3.00,5.00,6.00,0.0107,0
2023-05-17 23:44:52,1684381493,4.26,35.1,99000,1e-7,2.00,4.00,4.00,0.0115,0
2023-05-17 23:49:42,1684381783,4.11,35.3,99000,1e-7,3.00,5.00,6.00,0.0107,0
2023-05-17 23:54:51,1684382091,3.93,35.4,99000,1e-7,2.00,4.00,4.00,0.0103,0
2023-05-17 23:59:59,1684382400,3.81,35.0,99000,1e-7,1e-7,1e-7,1e-7,0.0103,0
2023-05-18 00:04:47,1684382688,3.71,35.3,99000,1e-7,1e-7,1e-7,1e-7,0.00995,0
2023-05-18 00:09:56,1684382997,3.68,35.1,99000,1.00,5.00,8.00,9.00,0.0136,0
2023-05-18 00:14:44,1684383285,3.64,35.3,99000,1e-7,1e-7,1e-7,1e-7,0.0146,0
2023-05-18 00:19:53,1684383593,3.55,35.3,99000,1.00,3.00,5.00,6.00,0.0146,0
2023-05-18 00:24:41,1684383881,3.50,35.3,99000,1e-7,3.00,5.00,6.00,0.0151,0
2023-05-18 00:29:49,1684384190,3.53,35.3,99000,1e-7,3.00,5.00,6.00,0.0159,0
2023-05-18 00:34:58,1684384499,3.53,35.2,99000,1e-7,3.00,5.00,6.00,0.0149,0
2023-05-18 00:39:46,1684384787,3.45,35.3,99000,1.00,4.00,7.00,9.00,0.0135,0
2023-05-18 00:44:55,1684385095,3.34,35.7,99000,1e-7,3.00,5.00,6.00,0.0201,0
2023-05-18 00:49:43,1684385383,3.29,35.5,99000,1e-7,2.00,4.00,4.00,0.0201,0
2023-05-18 00:54:51,1684385692,3.22,35.4,99000,1e-7,2.00,4.00,4.00,0.0121,0
2023-05-18 00:59:39,1684385980,3.10,35.8,99000,1e-7,1e-7,1e-7,1e-7,0.00995,0
2023-05-18 01:04:48,1684386289,2.98,35.9,99000,1.00,2.00,4.00,4.00,0.00995,0
2023-05-18 01:09:57,1684386598,2.91,36.3,99000,1e-7,3.00,5.00,6.00,0.0111,0
2023-05-18 01:14:45,1684386886,2.88,36.2,99000,2.00,4.00,6.00,7.00,0.0111,0
2023-05-18 01:19:54,1684387194,2.90,36.6,99000,1e-7,3.00,5.00,6.00,0.0112,0
2023-05-18 01:24:42,1684387483,2.91,36.8,99000,1e-7,1e-7,1e-7,1e-7,0.0104,0
2023-05-18 01:29:51,1684387792,2.99,36.7,99000,1e-7,1e-7,1e-7,1e-7,0.0107,0
2023-05-18 01:34:39,1684388080,3.12,37.0,99000,1.00,3.00,4.00,5.00,0.0103,0
2023-05-18 01:39:48,1684388389,3.25,36.5,99000,1e-7,3.00,5.00,6.00,0.0115,0
2023-05-18 01:44:57,1684388697,3.43,36.5,99000,1.00,3.00,5.00,6.00,0.0105,0
2023-05-18 01:49:44,1684388984,3.61,36.5,99000,1e-7,3.00,4.00,5.00,0.0105,0
2023-05-18 01:54:52,1684389293,3.76,35.8,99000,1e-7,3.00,5.00,6.00,0.0105,0
2023-05-18 01:59:40,1684389581,3.92,35.1,99079,1e-7,2.00,4.00,4.00,0.0105,0
2023-05-18 02:04:49,1684389889,4.18,34.9,99100,1e-7,3.00,5.00,6.00,0.0105,0
2023-05-18 02:09:57,1684390198,4.42,34.6,99100,1e-7,3.00,5.00,6.00,0.0115,0
2023-05-18 02:14:45,1684390486,4.60,34.1,99100,1.00,5.00,8.00,9.00,0.0115,0
2023-05-18 02:19:53,1684390794,4.73,33.5,99100,1e-7,3.00,5.00,6.00,0.0116,0
2023-05-18 02:24:42,1684391082,4.92,33.2,99100,1e-7,3.00,5.00,6.00,0.0141,0
2023-05-18 02:29:50,1684391390,5.06,32.6,99100,1e-7,3.00,5.00,6.00,0.0123,0
2023-05-18 02:34:58,1684391698,5.18,32.3,99100,1e-7,2.00,4.00,4.00,0.0115,0
2023-05-18 02:39:45,1684391986,5.30,32.0,99100,1.00,3.00,5.00,6.00,0.0115,0
2023-05-18 02:44:53,1684392294,5.44,31.9,99100,1e-7,3.00,5.00,6.00,0.0129,0
2023-05-18 02:49:41,1684392581,5.52,31.4,99100,1e-7,3.00,5.00,6.00,0.0114,0
2023-05-18 02:54:49,1684392889,5.60,31.1,99100,1e-7,3.00,5.00,6.00,0.0111,0
2023-05-18 02:59:56,1684393197,5.67,30.9,99100,1e-7,3.00,5.00,6.00,0.0146,0
2023-05-18 03:04:44,1684393484,5.73,31.0,99029,1e-7,3.00,5.00,6.00,0.0146,0
2023-05-18 03:09:51,1684393792,5.76,31.0,99040,2.00,6.00,8.00,9.00,0.0146,0
2023-05-18 03:14:59,1684394100,5.78,30.4,99033,1e-7,2.00,4.00,5.00,0.0153,0
2023-05-18 03:19:46,1684394387,5.80,30.4,99100,2.00,3.00,5.00,6.00,0.0125,0
2023-05-18 03:24:54,1684394695,5.85,30.3,99100,1e-7,3.00,5.00,6.00,0.0118,0
2023-05-18 03:29:41,1684394982,5.91,30.5,99100,1e-7,3.00,5.00,6.00,0.0135,0
2023-05-18 03:34:49,1684395289,5.93,30.2,99100,1e-7,2.00,4.00,4.00,0.0167,0
2023-05-18 03:39:57,1684395597,5.95,29.9,99100,1e-7,3.00,5.00,6.00,0.0167,0
2023-05-18 03:44:44,1684395884,5.98,29.9,99100,2.00,12.0,20.0,24.0,0.0205,0
2023-05-18 03:49:52,1684396192,6.04,30.0,99100,1.00,3.00,5.00,6.00,0.0441,0
2023-05-18 03:54:39,1684396480,6.07,29.8,99100,1e-7,3.00,5.00,6.00,0.0368,0
2023-05-18 03:59:47,1684396787,6.10,29.9,99100,1.00,4.00,7.00,9.00,0.0368,0
2023-05-18 04:04:54,1684397095,6.11,30.3,99100,1e-7,3.00,5.00,6.00,0.0236,0
2023-05-18 04:09:42,1684397382,6.09,30.4,99100,1e-7,3.00,5.00,6.00,0.0176,0
2023-05-18 04:14:49,1684397690,6.05,30.3,99100,1.00,6.00,10.0,12.0,0.0204,0
2023-05-18 04:19:57,1684397998,6.04,30.5,99100,1.00,3.00,4.00,5.00,0.0130,0
2023-05-18 04:24:44,1684398285,6.01,30.7,99100,1e-7,1e-7,1e-7,1e-7,0.0104,0
2023-05-18 04:29:52,1684398593,5.97,30.5,99100,2.00,3.00,5.00,6.00,0.0107,0
2023-05-18 04:34:39,1684398880,5.93,30.5,99100,1.00,4.00,6.00,7.00,0.0115,0
2023-05-18 04:39:47,1684399188,5.92,30.3,99153,2.00,2.00,2.00,2.00,0.0107,0
2023-05-18 04:44:55,1684399495,5.92,30.5,99200,1e-7,3.00,5.00,6.00,0.0116,0
2023-05-18 04:49:42,1684399783,5.91,30.5,99200,2.00,8.00,14.0,16.0,0.0420,0
2023-05-18 04:54:50,1684400090,5.89,30.6,99200,1e-7,3.00,5.00,6.00,0.0420,0
2023-05-18 04:59:58,1684400398,5.88,30.7,99200,1e-7,1e-7,1e-7,1e-7,0.0376,0
2023-05-18 05:04:45,1684400685,5.88,30.7,99200,1e-7,3.00,5.00,6.00,0.0302,0
2023-05-18 05:09:53,1684400993,5.91,30.7,99200,1.00,5.00,8.00,9.00,0.0173,0
2023-05-18 05:14:40,1684401280,5.96,30.8,99200,1e-7,2.00,4.00,4.00,0.0161,0
2023-05-18 05:19:48,1684401588,6.04,30.7,99200,1.00,6.00,9.00,11.0,0.0149,0
2023-05-18 05:24:55,1684401896,6.10,30.7,99200,1e-7,2.00,3.00,4.00,0.0201,0
2023-05-18 05:29:42,1684402183,6.11,30.8,99200,1e-7,1e-7,1e-7,1e-7,0.0246,0
2023-05-18 05:34:50,1684402491,6.12,30.7,99200,1.00,2.00,3.00,3.00,0.0246,0
2023-05-18 05:39:58,1684402798,6.14,30.8,99200,1.00,5.00,8.00,9.00,0.0162,0
2023-05-18 05:44:45,1684403086,6.16,30.8,99200,1e-7,2.00,4.00,4.00,0.0179,0
2023-05-18 05:49:53,1684403393,6.19,30.9,99267,1e-7,3.00,4.00,5.00,0.0193,0
2023-05-18 05:54:40,1684403680,6.20,31.1,99300,1.00,1.00,1.00,1.00,0.0193,0
2023-05-18 05:59:47,1684403988,6.23,30.9,99300,1e-7,3.00,5.00,6.00,0.0103,0
2023-05-18 06:04:55,1684404295,6.25,30.8,99300,1.00,3.00,5.00,6.00,0.0123,0
2023-05-18 06:09:41,1684404582,6.29,31.0,99300,1e-7,3.00,5.00,6.00,0.0131,0
2023-05-18 06:14:49,1684404889,6.39,31.0,99300,1e-7,1.00,1.00,1.00,0.0108,0
2023-05-18 06:19:56,1684405196,6.49,31.0,99300,2.00,4.00,7.00,8.00,0.0109,0
2023-05-18 06:24:43,1684405483,6.52,31.2,99300,1e-7,3.00,5.00,6.00,0.0128,0
2023-05-18 06:29:50,1684405790,6.47,31.2,99300,1e-7,3.00,5.00,6.00,0.0125,0
2023-05-18 06:34:57,1684406098,6.50,31.2,99300,1e-7,3.00,5.00,6.00,0.0125,0
2023-05-18 06:39:44,1684406384,6.61,31.2,99300,1e-7,2.00,4.00,4.00,0.0123,0
2023-05-18 06:44:51,1684406691,6.69,31.1,99300,1.00,3.00,5.00,6.00,0.0123,0
2023-05-18 06:47:55,1684406876,6.76,31.3,99356,1e-7,3.00,5.00,6.00,0.0118,0
2023-05-18 07:04:43,1684407883,7.01,30.2,99400,1.00,5.00,8.00,9.00,0.0110,0
2023-05-18 07:19:45,1684408785,6.99,29.0,99400,1e-7,3.00,5.00,6.00,0.0228,0
2023-05-18 07:24:52,1684409092,7.13,29.1,99400,1e-7,2.00,4.00,4.00,0.0269,0
2023-05-18 07:29:58,1684409399,7.32,29.0,99400,1e-7,3.00,5.00,6.00,0.0219,0
2023-05-18 07:34:44,1684409685,7.50,28.7,99400,1e-7,3.00,5.00,6.00,0.0125,0
2023-05-18 07:39:48,1684409988,7.65,28.6,99400,1.00,3.00,5.00,6.00,0.0109,0
2023-05-18 07:44:54,1684410295,7.85,28.5,99460,1.00,3.00,5.00,6.00,0.0152,0
2023-05-18 07:49:40,1684410581,8.05,28.1,99500,1.00,5.00,8.00,9.00,0.0133,0
2023-05-18 07:50:21,1684410621,8.13,27.9,99500,1e-7,3.00,4.00,5.00,0.0100,0
2023-05-18 08:09:45,1684411786,8.88,26.8,99500,1e-7,2.00,4.00,4.00,,
2023-05-18 08:14:31,1684412071,8.92,26.2,99500,2.00,9.00,15.0,18.0,,
2023-05-18 08:26:48,1684412809,9.41,26.3,99500,1.00,3.00,5.00,6.00,,
2023-05-18 08:44:54,1684413895,9.73,25.2,99500,1e-7,2.00,3.00,4.00,,
2023-05-18 08:49:39,1684414180,9.77,25.5,99500,5.00,12.0,17.0,20.0,,
2023-05-18 08:54:24,1684414465,10.0,25.7,99500,1.00,2.00,4.00,5.00,0.139,0
2023-05-18 09:39:58,1684417199,12.3,22.4,99500,1.00,3.00,4.00,5.00,,
2023-05-18 09:44:43,1684417483,12.2,21.8,99500,2.00,7.00,12.0,14.0,,
2023-05-18 09:49:48,1684417788,12.0,21.7,99500,2.00,7.00,11.0,13.0,,
2023-05-18 09:54:52,1684418093,11.8,21.2,99500,2.00,3.00,5.00,6.00,0.0394,0
2023-05-18 09:59:57,1684418398,11.7,22.0,99500,2.00,4.00,7.00,8.00,0.0394,0
2023-05-18 10:04:42,1684418683,11.8,22.0,99500,1.00,3.00,5.00,6.00,0.0279,0
2023-05-18 10:09:47,1684418988,11.9,21.6,99500,2.00,9.00,15.0,18.0,0.0460,0
2023-05-18 10:14:53,1684419293,12.0,21.7,99500,1.00,3.00,5.00,6.00,0.0773,0
2023-05-18 10:19:58,1684419599,12.0,21.2,99500,1e-7,2.00,4.00,4.00,0.0766,0
2023-05-18 10:24:43,1684419884,11.9,21.4,99500,1.00,4.00,7.00,9.00,0.0590,0
2023-05-18 10:29:49,1684420189,11.9,21.7,99500,1.00,3.00,5.00,6.00,0.0173,0
2023-05-18 10:34:54,1684420495,12.1,21.5,99500,2.00,5.00,8.00,9.00,0.0199,0
2023-05-18 10:39:39,1684420780,12.3,21.5,99500,3.00,9.00,15.0,18.0,0.0719,0
2023-05-18 10:44:44,1684421085,12.7,21.8,99500,5.00,18.0,30.0,35.0,0.0501,0
2023-05-18 10:49:50,1684421390,13.2,21.2,99500,3.00,4.00,6.00,7.00,0.0501,0
2023-05-18 10:54:55,1684421695,13.4,20.6,99500,1.00,3.00,6.00,7.00,0.122,0
2023-05-18 10:59:59,1684422000,13.6,20.3,99500,2.00,9.00,15.0,17.0,0.108,0
2023-05-18 11:04:44,1684422285,13.4,19.7,99500,1.00,3.00,5.00,6.00,0.0456,0
2023-05-18 11:09:49,1684422590,13.3,20.1,99500,1.00,5.00,9.00,11.0,0.0279,0
2023-05-18 11:14:54,1684422895,13.4,20.1,99500,1.00,5.00,8.00,10.0,0.0201,0
2023-05-18 11:19:59,1684423200,13.4,20.4,99500,2.00,5.00,8.00,10.0,0.0125,0
2023-05-18 11:24:44,1684423484,13.5,20.3,99500,1.00,4.00,7.00,9.00,0.0158,0
2023-05-18 11:29:49,1684423789,13.7,20.3,99500,2.00,5.00,7.00,8.00,0.0177,0
2023-05-18 11:34:54,1684424095,13.9,20.1,99500,1e-7,3.00,5.00,6.00,0.0275,0
2023-05-18 11:39:59,1684424400,14.2,19.9,99500,12.0,39.0,61.0,72.0,0.136,0
2023-05-18 11:44:44,1684424684,14.4,19.3,99500,4.00,11.0,18.0,20.0,0.166,0
2023-05-18 11:49:48,1684424989,14.5,19.4,99500,1.00,5.00,8.00,9.00,0.176,0
2023-05-18 11:52:31,1684425151,14.7,19.7,99500,1.00,2.00,4.00,4.00,0.176,0
2023-05-18 12:19:44,1684426784,15.8,18.9,99500,2.00,5.00,9.00,11.0,,
2023-05-18 12:20:24,1684426824,15.9,18.8,99500,1e-7,3.00,5.00,6.00,,
2023-05-18 12:34:56,1684427697,16.1,17.5,99500,1.00,3.00,5.00,6.00,,
2023-05-18 12:36:37,1684427798,16.1,17.5,99500,1e-7,3.00,5.00,6.00,,
2023-05-18 12:49:42,1684428582,16.7,18.8,99500,1.00,4.00,7.00,9.00,,
2023-05-18 12:51:02,1684428663,17.0,18.6,99500,2.00,3.00,5.00,5.00,0.0102,0
2023-05-18 13:04:22,1684429462,17.8,17.0,99500,1e-7,3.00,5.00,6.00,0.0102,0
2023-05-18 13:19:51,1684430392,18.3,16.5,99500,6.00,6.00,6.00,6.00,0.0110,0
2023-05-18 13:24:53,1684430694,18.8,16.1,99500,2.00,4.00,5.00,6.00,0.0110,0
2023-05-18 13:39:59,1684431600,19.8,15.3,99500,2.00,3.00,5.00,6.00,0.0102,0
2023-05-18 13:54:45,1684432486,20.3,14.4,99400,2.00,5.00,7.00,8.00,0.0201,0
2023-05-18 13:59:46,1684432787,20.4,14.4,99400,1.00,5.00,8.00,9.00,0.0417,0
2023-05-18 14:04:06,1684433047,20.7,14.1,99400,1.00,3.00,5.00,6.00,0.0301,0
2023-05-18 14:09:46,1684433386,21.1,13.9,99400,1.00,4.00,7.00,9.00,0.0517,0
2023-05-18 14:14:47,1684433687,21.4,14.1,99400,4.00,9.00,13.0,15.0,0.0209,0
2023-05-18 14:17:27,1684433848,21.6,13.1,99400,2.00,3.00,5.00,5.00,0.0200,0
2023-05-18 14:29:50,1684434591,22.2,12.3,99400,1.00,4.00,7.00,8.00,0.0137,0
2023-05-18 14:34:13,1684434854,22.3,12.6,99400,2.00,3.00,5.00,6.00,0.0137,0
2023-05-18 14:39:49,1684435189,22.5,11.9,99400,1.00,6.00,9.00,11.0,0.0134,0
2023-05-18 14:44:49,1684435489,22.7,12.1,99400,1e-7,2.00,4.00,4.00,0.0441,0
2023-05-18 14:49:49,1684435790,23.0,12.0,99400,2.00,3.00,5.00,6.00,0.0462,0
2023-05-18 14:54:50,1684436090,23.5,11.7,99400,1.00,5.00,8.00,9.00,0.0201,0
2023-05-18 14:59:49,1684436390,23.8,11.2,99400,2.00,8.00,12.0,15.0,0.0201,0
2023-05-18 15:04:49,1684436690,24.6,10.4,99400,2.00,3.00,5.00,6.00,0.0191,0
2023-05-18 15:07:29,1684436850,25.1,10.9,99400,1.00,2.00,4.00,4.00,0.0225,0
2023-05-18 15:14:45,1684437285,24.5,10.2,99400,1.00,2.00,4.00,4.00,0.0235,0
2023-05-18 15:19:45,1684437585,24.8,10.3,99400,1.00,3.00,5.00,6.00,0.0349,0
2023-05-18 15:24:44,1684437885,25.2,10.1,99400,1.00,4.00,7.00,9.00,0.0182,0
2023-05-18 15:29:44,1684438185,25.6,10.0,99400,1.00,5.00,8.00,9.00,0.0156,0
2023-05-18 15:34:44,1684438485,25.5,9.61,99400,2.00,8.00,14.0,17.0,0.0356,0
2023-05-18 15:39:44,1684438785,25.1,9.56,99400,2.00,5.00,8.00,10.0,0.0431,0
2023-05-18 15:44:44,1684439085,25.5,10.5,99400,2.00,6.00,9.00,11.0,0.0366,0
2023-05-18 15:49:44,1684439385,26.1,10.4,99373,1.00,4.00,6.00,7.00,0.0215,0
2023-05-18 15:54:44,1684439684,26.5,10.1,99353,2.00,3.00,5.00,6.00,0.0446,0
2023-05-18 15:59:43,1684439984,26.2,10.2,99393,2.00,5.00,8.00,9.00,0.0272,0
2023-05-18 16:01:23,1684440084,26.1,10.5,99300,2.00,4.00,7.00,9.00,0.0214,0
2023-05-18 16:14:57,1684440897,25.7,10.3,99400,2.00,9.00,16.0,19.0,0.0292,0
2023-05-18 16:19:56,1684441197,25.6,10.4,99320,2.00,7.00,12.0,15.0,0.0310,0
2023-05-18 16:24:56,1684441496,25.8,10.3,99393,2.00,6.00,10.0,12.0,0.0277,0
2023-05-18 16:29:55,1684441796,26.2,9.85,99400,2.00,3.00,5.00,6.00,0.0283,0
2023-05-18 16:34:55,1684442095,26.2,10.0,99400,2.00,3.00,5.00,6.00,0.0283,0
2023-05-18 16:35:54,1684442155,26.2,10.1,99400,2.00,2.00,2.00,2.00,0.0111,0
2023-05-18 16:49:56,1684442997,27.0,9.61,99400,1e-7,3.00,5.00,6.00,0.0105,0
2023-05-18 16:52:56,1684443176,27.0,9.86,99400,2.00,3.00,5.00,6.00,0.0131,0
2023-05-18 16:59:45,1684443585,27.2,9.94,99400,1.00,2.00,3.00,3.00,0.0110,0
2023-05-18 17:04:44,1684443885,27.1,9.89,99400,1.00,6.00,10.0,12.0,0.0129,0
2023-05-18 17:09:44,1684444185,26.8,10.0,99400,2.00,5.00,9.00,10.0,0.0272,0
2023-05-18 17:14:44,1684444484,26.8,9.96,99400,1.00,3.00,4.00,5.00,0.0464,0
2023-05-18 17:19:43,1684444784,26.9,9.96,99393,2.00,4.00,7.00,8.00,0.0503,0
2023-05-18 17:24:43,1684445083,27.0,9.94,99353,2.00,6.00,9.00,11.0,0.0228,0
2023-05-18 17:29:42,1684445383,26.9,9.88,99400,2.00,6.00,9.00,10.0,0.0211,0
2023-05-18 17:34:42,1684445683,26.2,10.0,99400,2.00,4.00,5.00,6.00,0.0159,0
2023-05-18 17:39:42,1684445983,25.7,10.6,99400,2.00,4.00,7.00,9.00,0.0223,0
2023-05-18 17:44:42,1684446283,25.6,10.5,99400,6.00,11.0,18.0,21.0,0.0298,0
2023-05-18 17:49:42,1684446583,25.3,10.6,99400,5.00,16.0,25.0,30.0,0.0904,0
2023-05-18 17:54:42,1684446883,24.9,10.9,99400,1.00,3.00,5.00,6.00,0.0447,0
2023-05-18 17:59:43,1684447183,24.5,11.1,99400,1.00,4.00,6.00,8.00,0.0567,0
2023-05-18 18:04:43,1684447484,23.7,11.4,99400,2.00,4.00,7.00,8.00,0.0334,0
2023-05-18 18:09:45,1684447785,23.0,11.9,99400,1.00,3.00,4.00,5.00,0.0134,0
2023-05-18 18:14:46,1684448086,22.4,12.6,99400,2.00,3.00,5.00,6.00,0.0129,0
2023-05-18 18:19:47,1684448388,22.4,12.7,99400,1.00,5.00,8.00,9.00,0.0130,0
2023-05-18 18:24:45,1684448686,22.1,12.7,99400,3.00,6.00,9.00,10.0,0.0348,0
2023-05-18 18:29:47,1684448988,21.1,13.1,99400,2.00,4.00,7.00,8.00,0.0348,0
2023-05-18 18:34:49,1684449290,20.4,13.9,99400,2.00,5.00,9.00,11.0,0.0234,0
2023-05-18 18:39:52,1684449592,20.1,14.2,99400,2.00,4.00,7.00,8.00,0.0168,0
2023-05-18 18:44:54,1684449895,20.0,14.2,99400,2.00,3.00,4.00,5.00,0.0197,0
2023-05-18 18:49:56,1684450197,19.8,14.4,99400,2.00,4.00,7.00,8.00,0.0185,0
2023-05-18 18:54:59,1684450499,19.8,14.2,99400,3.00,4.00,6.00,7.00,0.0146,0
2023-05-18 18:59:41,1684450782,19.8,14.2,99400,2.00,3.00,4.00,5.00,0.0146,0
2023-05-18 19:04:44,1684451085,19.6,14.4,99400,2.00,3.00,5.00,6.00,0.0184,0
2023-05-18 19:09:47,1684451388,19.4,14.7,99400,2.00,7.00,11.0,14.0,0.0285,0
2023-05-18 19:14:50,1684451690,19.2,15.1,99400,2.00,6.00,10.0,12.0,0.0454,0
2023-05-18 19:19:53,1684451993,19.1,14.7,99400,2.00,4.00,7.00,9.00,0.0185,0
2023-05-18 19:24:56,1684452296,18.8,15.1,99400,4.00,5.00,6.00,7.00,0.0203,0
2023-05-18 19:29:59,1684452600,18.2,15.4,99400,3.00,9.00,14.0,17.0,0.0162,0
2023-05-18 19:34:43,1684452883,17.5,16.3,99400,2.00,6.00,9.00,11.0,0.0128,0
2023-05-18 19:39:46,1684453187,16.9,17.1,99400,2.00,7.00,11.0,12.0,0.0173,0
2023-05-18 19:44:50,1684453491,16.4,17.8,99400,4.00,6.00,10.0,12.0,0.0347,0
2023-05-18 19:49:55,1684453795,15.9,18.7,99400,2.00,4.00,7.00,9.00,0.0208,0
2023-05-18 19:54:59,1684454100,15.4,19.3,99400,3.00,6.00,9.00,10.0,0.0192,0
2023-05-18 19:59:44,1684454384,14.9,19.8,99400,1.00,2.00,4.00,4.00,0.0192,0
2023-05-18 20:04:48,1684454689,14.5,20.8,99400,1.00,3.00,4.00,4.00,0.0389,0
2023-05-18 20:09:53,1684454994,14.0,21.1,99400,1.00,3.00,5.00,6.00,0.0215,0
2023-05-18 20:14:59,1684455299,13.6,21.8,99400,2.00,7.00,11.0,13.0,0.0216,0
2023-05-18 20:19:43,1684455584,13.1,22.5,99400,2.00,10.0,17.0,21.0,0.0237,0
2023-05-18 20:24:49,1684455889,12.7,22.8,99400,1.00,3.00,5.00,6.00,0.0345,0
2023-05-18 20:29:54,1684456195,12.4,23.4,99400,2.00,7.00,11.0,13.0,0.0333,0
2023-05-18 20:34:40,1684456480,12.0,24.1,99400,2.00,5.00,8.00,10.0,0.0252,0
2023-05-18 20:39:45,1684456786,11.7,24.6,99447,3.00,9.00,15.0,17.0,0.0252,0
2023-05-18 20:44:51,1684457092,11.4,24.8,99500,1.00,3.00,5.00,6.00,0.0537,0
2023-05-18 20:49:58,1684457398,11.2,25.0,99500,1.00,4.00,7.00,9.00,0.0582,0
2023-05-18 20:54:43,1684457684,11.0,25.9,99500,2.00,5.00,9.00,11.0,0.0335,0
2023-05-18 20:59:50,1684457990,10.8,26.6,99500,1.00,3.00,5.00,6.00,0.0329,0
2023-05-18 21:04:56,1684458297,10.6,27.2,99500,2.00,3.00,4.00,5.00,0.0329,0
2023-05-18 21:09:42,1684458583,10.4,27.6,99500,2.00,3.00,5.00,6.00,0.0167,0
2023-05-18 21:14:48,1684458889,10.3,27.7,99500,2.00,6.00,10.0,12.0,0.0249,0
2023-05-18 21:19:55,1684459195,10.1,28.0,99500,2.00,5.00,9.00,11.0,0.0543,0
2023-05-18 21:24:41,1684459482,10.0,28.7,99500,2.00,4.00,7.00,9.00,0.0283,0
2023-05-18 21:29:48,1684459788,9.91,28.9,99500,2.00,6.00,9.00,10.0,0.0283,0
2023-05-18 21:34:54,1684460095,9.81,29.1,99500,2.00,5.00,8.00,9.00,0.0145,0
2023-05-18 21:39:41,1684460381,9.72,29.4,99500,2.00,7.00,12.0,14.0,0.0156,0
2023-05-18 21:44:47,1684460688,9.61,29.6,99500,1.00,3.00,5.00,6.00,0.0356,0
2023-05-18 21:49:54,1684460994,9.50,29.8,99500,2.00,4.00,7.00,8.00,0.0175,0
2023-05-18 21:54:40,1684461281,9.40,29.2,99500,1.00,5.00,9.00,11.0,0.0197,0
2023-05-18 21:59:47,1684461588,9.32,29.5,99500,3.00,3.00,5.00,6.00,0.0197,0
2023-05-18 22:04:54,1684461895,9.25,30.0,99500,2.00,5.00,6.00,7.00,0.0215,0
2023-05-18 22:09:41,1684462181,9.18,30.4,99500,3.00,11.0,17.0,20.0,0.0131,0
2023-05-18 22:14:48,1684462488,9.12,30.7,99500,2.00,4.00,6.00,7.00,0.0383,0
2023-05-18 22:19:55,1684462795,9.02,31.1,99500,2.00,5.00,9.00,11.0,0.0383,0
2023-05-18 22:24:41,1684463082,8.96,31.0,99500,2.00,4.00,6.00,7.00,0.0127,0
2023-05-18 22:29:48,1684463389,8.94,31.0,99500,1.00,2.00,4.00,4.00,0.0244,0
2023-05-18 22:34:56,1684463696,8.91,31.5,99500,3.00,4.00,6.00,7.00,0.0415,0
2023-05-18 22:39:42,1684463983,8.86,31.4,99500,2.00,8.00,14.0,17.0,0.116,0
2023-05-18 22:44:49,1684464290,8.83,31.6,99500,3.00,6.00,9.00,11.0,0.0899,0
2023-05-18 22:49:56,1684464596,8.74,31.6,99500,2.00,4.00,6.00,7.00,0.123,0
2023-05-18 22:54:42,1684464883,8.60,31.8,99500,2.00,4.00,6.00,7.00,0.0525,0
2023-05-18 22:59:49,1684465190,8.44,32.0,99500,2.00,6.00,9.00,11.0,0.0154,0
2023-05-18 23:04:56,1684465497,8.31,32.3,99500,1.00,3.00,5.00,6.00,0.0155,0
2023-05-18 23:09:43,1684465784,8.15,32.6,99500,1.00,5.00,8.00,9.00,0.0197,0
2023-05-18 23:14:50,1684466091,7.98,32.8,99500,1.00,6.00,9.00,11.0,0.0165,0
2023-05-18 23:19:58,1684466398,7.82,33.2,99500,2.00,9.00,14.0,17.0,0.0250,0
2023-05-18 23:24:45,1684466685,7.65,33.8,99500,3.00,6.00,10.0,12.0,0.0721,0
2023-05-18 23:29:52,1684466993,7.45,33.7,99500,2.00,11.0,18.0,21.0,0.0646,0
2023-05-18 23:34:40,1684467280,7.30,34.2,99500,1.00,4.00,7.00,9.00,0.0646,0
2023-05-18 23:39:47,1684467588,7.19,34.7,99500,2.00,9.00,15.0,17.0,0.0335,0
2023-05-18 23:44:55,1684467895,7.08,34.9,99500,2.00,5.00,8.00,9.00,0.0351,0
2023-05-18 23:49:42,1684468183,7.00,35.2,99500,2.00,4.00,6.00,7.00,0.0423,0
2023-05-18 23:54:50,1684468491,6.90,35.6,99500,2.00,5.00,8.00,9.00,0.0316,0
2023-05-18 23:59:58,1684468799,6.79,35.0,99500,1.00,3.00,5.00,6.00,0.0301,0
2023-05-19 00:04:46,1684469086,6.70,35.6,99500,1.00,6.00,10.0,12.0,0.0275,0
2023-05-19 00:09:54,1684469394,6.61,36.2,99500,1.00,3.00,5.00,6.00,0.0325,0
2023-05-19 00:14:41,1684469681,6.54,36.5,99500,2.00,6.00,9.00,11.0,0.0200,0
2023-05-19 00:19:49,1684469989,6.51,36.8,99500,1.00,5.00,8.00,10.0,0.0258,0
2023-05-19 00:24:57,1684470297,6.51,37.4,99500,1.00,3.00,4.00,5.00,0.0545,0
2023-05-19 00:29:44,1684470584,6.53,37.2,99500,2.00,7.00,12.0,14.0,0.0494,0
2023-05-19 00:34:52,1684470892,6.59,37.5,99500,3.00,10.0,15.0,18.0,0.136,0
2023-05-19 00:39:59,1684471200,6.67,37.6,99500,1.00,5.00,9.00,11.0,0.0557,0
2023-05-19 00:44:47,1684471487,6.71,37.6,99500,1.00,6.00,10.0,12.0,0.0294,0
2023-05-19 00:49:55,1684471795,6.70,37.7,99500,2.00,7.00,11.0,13.0,0.0342,0
2023-05-19 00:54:42,1684472083,6.66,37.5,99500,1.00,3.00,5.00,6.00,0.0228,0
2023-05-19 00:59:50,1684472391,6.61,37.6,99500,2.00,5.00,8.00,9.00,0.0257,0
2023-05-19 01:04:58,1684472698,6.61,37.7,99500,2.00,6.00,8.00,10.0,0.0200,0
2023-05-19 01:09:45,1684472986,6.61,37.7,99500,2.00,3.00,5.00,6.00,0.0231,0
2023-05-19 01:14:53,1684473293,6.64,38.1,99500,3.00,3.00,5.00,6.00,0.0229,0
2023-05-19 01:19:40,1684473581,6.69,38.3,99500,2.00,4.00,6.00,6.00,0.0172,0
2023-05-19 01:24:48,1684473889,6.73,38.4,99500,2.00,8.00,14.0,16.0,0.0381,0
2023-05-19 01:29:56,1684474196,6.76,38.3,99500,3.00,6.00,8.00,9.00,0.0468,0
2023-05-19 01:34:43,1684474484,6.77,38.3,99500,2.00,3.00,5.00,6.00,0.0442,0
2023-05-19 01:39:51,1684474792,6.76,38.7,99500,1.00,5.00,8.00,10.0,0.0442,0
2023-05-19 01:44:59,1684475099,6.76,38.9,99500,2.00,3.00,5.00,6.00,0.0119,0
2023-05-19 01:49:46,1684475387,6.73,38.7,99500,1.00,5.00,8.00,9.00,0.0142,0
2023-05-19 01:54:54,1684475695,6.72,38.8,99500,2.00,9.00,14.0,17.0,0.0368,0
2023-05-19 01:59:41,1684475982,6.75,39.5,99500,2.00,3.00,5.00,6.00,0.0341,0
2023-05-19 02:04:49,1684476290,6.71,39.7,99500,2.00,9.00,15.0,17.0,0.0341,0
2023-05-19 02:09:57,1684476598,6.61,39.5,99500,2.00,5.00,9.00,11.0,0.0183,0
2023-05-19 02:14:45,1684476885,6.53,39.4,99500,2.00,6.00,10.0,12.0,0.0105,0
2023-05-19 02:19:53,1684477193,6.45,39.6,99500,2.00,7.00,11.0,13.0,0.0597,0
2023-05-19 02:24:40,1684477481,6.34,39.6,99500,2.00,5.00,9.00,11.0,0.0807,0
2023-05-19 02:29:48,1684477789,6.25,39.5,99500,3.00,9.00,13.0,16.0,0.0807,0
2023-05-19 02:34:56,1684478097,6.18,39.8,99500,2.00,7.00,10.0,12.0,0.0277,0
2023-05-19 02:39:44,1684478384,6.08,39.9,99500,2.00,7.00,11.0,13.0,0.0293,0
2023-05-19 02:44:52,1684478692,5.98,39.8,99500,1.00,5.00,8.00,9.00,0.0455,0
2023-05-19 02:49:39,1684478979,5.90,40.1,99500,1.00,3.00,5.00,6.00,0.0476,0
2023-05-19 02:54:47,1684479288,5.82,40.3,99500,2.00,5.00,8.00,9.00,0.0168,0
2023-05-19 02:59:55,1684479596,5.76,40.8,99500,3.00,5.00,7.00,8.00,0.0250,0
2023-05-19 03:04:43,1684479884,5.66,40.8,99500,2.00,11.0,18.0,22.0,0.0215,0
2023-05-19 03:09:52,1684480192,5.55,40.3,99500,2.00,6.00,9.00,11.0,0.0349,0
2023-05-19 03:14:39,1684480480,5.46,40.5,99500,2.00,5.00,8.00,10.0,0.0381,0
2023-05-19 03:19:48,1684480788,5.39,40.8,99500,2.00,4.00,6.00,7.00,0.0381,0
2023-05-19 03:24:56,1684481097,5.38,41.1,99500,2.00,7.00,12.0,15.0,0.0161,0
2023-05-19 03:29:44,1684481384,5.41,41.0,99500,2.00,7.00,11.0,13.0,0.0145,0
2023-05-19 03:34:52,1684481693,5.48,41.1,99500,2.00,6.00,8.00,9.00,0.0214,0
2023-05-19 03:39:40,1684481981,5.48,40.9,99500,2.00,8.00,14.0,16.0,0.0184,0
2023-05-19 03:44:49,1684482289,5.41,40.3,99500,2.00,3.00,5.00,6.00,0.0456,0
2023-05-19 03:49:57,1684482597,5.39,41.2,99500,2.00,4.00,6.00,7.00,0.0758,0
2023-05-19 03:54:45,1684482885,5.37,41.3,99500,2.00,5.00,8.00,9.00,0.0238,0
2023-05-19 03:59:53,1684483194,5.37,41.5,99500,2.00,6.00,10.0,12.0,0.0143,0
2023-05-19 04:04:41,1684483482,5.33,41.5,99500,2.00,6.00,10.0,12.0,0.0377,0
2023-05-19 04:09:50,1684483790,5.28,41.7,99500,2.00,7.00,11.0,13.0,0.0301,0
2023-05-19 04:14:59,1684484099,5.22,41.3,99500,2.00,7.00,12.0,14.0,0.0296,0
2023-05-19 04:19:47,1684484387,5.16,41.5,99500,4.00,10.0,16.0,19.0,0.0424,0
2023-05-19 04:24:55,1684484696,5.11,41.9,99500,4.00,10.0,15.0,18.0,0.0610,0
2023-05-19 04:29:44,1684484984,5.08,42.0,99500,4.00,12.0,18.0,22.0,0.0474,0
2023-05-19 04:34:52,1684485293,5.08,41.6,99500,2.00,8.00,13.0,15.0,0.0521,0
2023-05-19 04:39:40,1684485581,5.10,42.0,99500,4.00,15.0,24.0,28.0,0.0504,0
2023-05-19 04:44:49,1684485889,5.10,42.3,99500,4.00,7.00,9.00,11.0,0.0721,0
2023-05-19 04:49:57,1684486198,5.11,42.1,99500,2.00,8.00,13.0,16.0,0.0692,0
2023-05-19 04:54:45,1684486486,5.12,42.6,99500,4.00,7.00,11.0,13.0,0.0692,0
2023-05-19 04:59:54,1684486794,5.10,42.4,99500,2.00,6.00,10.0,11.0,0.0789,0
2023-05-19 05:04:42,1684487082,5.15,42.5,99500,3.00,4.00,7.00,9.00,0.0789,0
2023-05-19 05:09:50,1684487391,5.21,42.2,99500,1.00,3.00,5.00,6.00,0.0479,0
2023-05-19 05:14:59,1684487699,5.30,42.6,99500,4.00,7.00,8.00,9.00,0.0178,0
2023-05-19 05:19:47,1684487987,5.34,42.6,99500,2.00,9.00,14.0,17.0,0.0274,0
2023-05-19 05:24:55,1684488296,5.40,42.7,99500,2.00,3.00,5.00,6.00,0.0274,0
2023-05-19 05:29:43,1684488583,5.46,42.6,99500,2.00,5.00,9.00,11.0,0.0297,0
2023-05-19 05:34:51,1684488892,5.52,42.9,99500,2.00,5.00,8.00,9.00,0.0417,0
2023-05-19 05:39:39,1684489179,5.62,43.1,99500,2.00,5.00,9.00,11.0,0.0206,0
2023-05-19 05:44:47,1684489488,5.77,43.5,99500,4.00,14.0,23.0,27.0,0.0410,0
2023-05-19 05:49:55,1684489796,5.88,42.7,99500,1.00,6.00,9.00,11.0,0.0458,0
2023-05-19 05:54:43,1684490083,6.02,43.1,99500,2.00,8.00,13.0,16.0,0.0295,0
2023-05-19 05:59:51,1684490391,6.17,43.6,99500,2.00,3.00,5.00,6.00,0.0381,0
2023-05-19 06:04:58,1684490699,6.34,43.3,99500,2.00,5.00,8.00,10.0,0.0365,0
2023-05-19 06:09:46,1684490986,6.48,42.9,99493,2.00,8.00,13.0,16.0,0.0284,0
2023-05-19 06:14:53,1684491294,6.60,42.9,99500,2.00,5.00,7.00,8.00,0.0284,0
2023-05-19 06:19:41,1684491581,6.71,42.5,99500,3.00,6.00,10.0,12.0,0.0237,0
2023-05-19 06:24:48,1684491889,6.86,42.9,99493,3.00,8.00,11.0,13.0,0.0215,0
2023-05-19 06:29:56,1684492196,7.02,43.2,99453,5.00,13.0,21.0,25.0,0.229,0
2023-05-19 06:34:43,1684492483,7.18,43.4,99479,2.00,4.00,7.00,8.00,0.288,0
2023-05-19 06:39:50,1684492791,7.37,43.3,99500,2.00,6.00,9.00,10.0,0.253,0
2023-05-19 06:44:58,1684493098,7.60,43.4,99427,3.00,6.00,10.0,12.0,0.223,0
2023-05-19 06:49:44,1684493385,7.81,43.3,99500,5.00,7.00,12.0,14.0,0.0298,0
2023-05-19 06:54:51,1684493692,8.01,43.6,99500,4.00,10.0,16.0,18.0,0.0231,0
2023-05-19 06:59:58,1684493999,8.26,43.4,99480,2.00,5.00,9.00,11.0,0.0535,0
2023-05-19 07:04:45,1684494285,8.53,42.8,99436,3.00,9.00,13.0,16.0,0.118,0
2023-05-19 07:09:52,1684494592,8.84,42.5,99473,3.00,7.00,10.0,11.0,0.112,0
2023-05-19 07:14:58,1684494899,9.19,42.2,99500,2.00,4.00,7.00,8.00,0.0248,0
2023-05-19 07:19:44,1684495185,9.49,41.6,99500,2.00,4.00,7.00,8.00,0.0274,0
2023-05-19 07:24:51,1684495491,9.84,40.8,99473,4.00,10.0,16.0,19.0,0.0316,0
2023-05-19 07:29:57,1684495798,10.2,39.7,99460,4.00,4.00,6.00,8.00,0.0556,0
2023-05-19 07:34:43,1684496083,10.5,39.1,99493,4.00,10.0,15.0,17.0,0.0323,0
2023-05-19 07:39:50,1684496390,10.7,38.0,99480,2.00,4.00,5.00,7.00,0.0188,0
2023-05-19 07:44:15,1684496655,11.0,37.2,99500,3.00,5.00,6.00,7.00,0.0491,0
2023-05-19 07:46:45,1684496805,11.2,37.0,99500,1.00,2.00,4.00,4.00,0.0322,0
2023-05-19 07:59:02,1684497543,12.0,35.3,99500,5.00,9.00,11.0,12.0,0.0269,0
2023-05-19 08:13:22,1684498403,13.3,33.8,99400,5.00,8.00,10.0,11.0,0.0417,0
2023-05-19 10:53:24,1684508005,20.8,21.2,99300,1.00,3.00,4.00,5.00,,
2023-05-19 11:04:41,1684508681,21.4,20.8,99300,4.00,9.00,15.0,18.0,,
2023-05-19 11:09:42,1684508982,21.6,20.8,99300,4.00,8.00,12.0,14.0,,
2023-05-19 11:10:22,1684509023,21.8,20.8,99300,2.00,4.00,5.00,5.00,,
2023-05-19 11:24:52,1684509892,22.4,20.2,99300,6.00,6.00,6.00,6.00,,
2023-05-19 11:29:53,1684510193,22.5,20.2,99300,3.00,3.00,5.00,6.00,0.0614,0
2023-05-19 11:34:43,1684510484,22.9,20.2,99300,2.00,2.00,3.00,3.00,0.0435,0
2023-05-19 11:39:44,1684510784,22.9,20.0,99300,3.00,4.00,7.00,8.00,0.0255,0
2023-05-19 11:44:45,1684511085,22.8,20.0,99300,2.00,3.00,4.00,5.00,0.0162,0
2023-05-19 11:47:45,1684511266,22.8,20.4,99300,3.00,6.00,9.00,11.0,0.0162,0
2023-05-19 11:54:57,1684511697,22.9,20.9,99300,3.00,3.00,3.00,3.00,0.0138,0
2023-05-19 11:59:58,1684511998,23.0,20.6,99300,5.00,9.00,13.0,14.0,0.0152,0
2023-05-19 12:03:18,1684512199,23.0,20.4,99260,2.00,3.00,4.00,5.00,0.0172,0
2023-05-19 12:14:42,1684512883,23.4,20.6,99200,6.00,9.00,11.0,12.0,0.0172,0
2023-05-19 12:19:43,1684513183,23.4,20.8,99200,4.00,6.00,7.00,8.00,0.0167,0
2023-05-19 12:24:43,1684513483,23.6,20.9,99200,3.00,5.00,8.00,9.00,0.0174,0
2023-05-19 12:26:23,1684513583,23.8,20.9,99200,7.00,12.0,16.0,18.0,0.0102,0
2023-05-19 12:38:45,1684514325,23.9,20.9,99200,5.00,5.00,5.00,5.00,0.0331,0
2023-05-19 12:44:50,1684514690,24.0,21.3,99200,6.00,9.00,11.0,12.0,0.0915,0
2023-05-19 12:49:50,1684514990,24.2,21.4,99200,5.00,7.00,9.00,10.0,0.0915,0
2023-05-19 12:54:50,1684515291,24.5,21.5,99200,4.00,5.00,6.00,6.00,0.0681,0
2023-05-19 12:59:50,1684515591,25.0,21.0,99200,5.00,6.00,7.00,8.00,0.0220,0
2023-05-19 13:04:50,1684515891,25.1,20.9,99200,5.00,7.00,9.00,10.0,0.0150,0
2023-05-19 13:09:50,1684516191,25.3,21.0,99200,4.00,7.00,11.0,12.0,0.0155,2.15
2023-05-19 13:14:50,1684516491,25.5,20.8,99120,5.00,8.00,11.0,12.0,0.0346,2.17
2023-05-19 13:17:10,1684516631,25.9,20.5,99100,3.00,4.00,4.00,4.00,0.0122,0
2023-05-19 13:21:53,1684516914,26.6,20.2,99100,1.00,1.00,1.00,1.00,0.0105,0
2023-05-19 13:34:48,1684517689,27.5,18.7,99100,5.00,7.00,8.00,9.00,0.0610,0
2023-05-19 13:39:47,1684517987,27.6,18.8,99100,5.00,6.00,6.00,7.00,0.0289,0
2023-05-19 13:44:45,1684518286,27.8,18.9,99100,3.00,5.00,6.00,7.00,0.0238,0
2023-05-19 13:49:44,1684518585,28.1,18.4,99100,7.00,21.0,33.0,38.0,0.114,0
2023-05-19 13:54:42,1684518883,28.4,18.2,99093,4.00,10.0,15.0,17.0,0.199,0
2023-05-19 13:59:40,1684519181,28.8,17.9,99100,8.00,9.00,10.0,11.0,0.193,0
2023-05-19 14:04:58,1684519499,29.0,17.5,99031,3.00,7.00,10.0,11.0,0.156,0
2023-05-19 14:09:56,1684519797,29.0,17.4,99000,5.00,8.00,9.00,10.0,0.0204,0
2023-05-19 14:14:55,1684520095,29.0,17.5,99000,10.0,18.0,25.0,29.0,0.0545,0
2023-05-19 14:19:53,1684520393,29.3,17.4,99000,5.00,5.00,6.00,6.00,0.0838,0
2023-05-19 14:24:51,1684520691,29.7,16.8,99000,5.00,6.00,6.00,6.00,0.0838,0
2023-05-19 14:26:29,1684520790,29.9,16.7,99000,3.00,4.00,4.00,5.00,0.0599,0
2023-05-19 14:39:43,1684521583,30.5,15.8,99000,5.00,7.00,10.0,11.0,0.0144,0
2023-05-19 14:41:42,1684521702,30.6,15.9,99000,3.00,4.00,5.00,6.00,0.0197,0
2023-05-19 14:54:54,1684522495,31.3,15.2,99000,5.00,8.00,10.0,11.0,0.0433,0
2023-05-19 14:59:52,1684522792,31.6,14.5,98987,5.00,5.00,7.00,8.00,0.0433,0
2023-05-19 15:04:49,1684523090,32.1,14.4,98900,3.00,6.00,7.00,8.00,0.0268,0
2023-05-19 15:09:47,1684523387,32.5,13.9,98900,5.00,8.00,10.0,12.0,0.0274,0
2023-05-19 15:14:44,1684523684,32.8,13.9,98907,2.00,4.00,6.00,7.00,0.0519,0
2023-05-19 15:19:41,1684523981,33.0,13.1,98900,4.00,7.00,9.00,10.0,0.0294,0
2023-05-19 15:24:58,1684524298,33.0,13.2,98900,4.00,9.00,14.0,17.0,0.0293,0
2023-05-19 15:29:55,1684524595,33.2,12.9,98900,5.00,9.00,12.0,14.0,0.0265,0
2023-05-19 15:34:52,1684524892,32.8,13.0,98900,4.00,5.00,7.00,8.00,0.0390,0
2023-05-19 15:39:49,1684525189,32.8,13.0,98900,5.00,5.00,5.00,5.00,0.0387,0
2023-05-19 15:44:46,1684525486,33.0,12.5,98900,4.00,7.00,10.0,12.0,0.0262,0
2023-05-19 15:49:43,1684525783,33.4,12.1,98900,3.00,5.00,6.00,6.00,0.0262,0
2023-05-19 15:54:40,1684526080,33.1,12.6,98900,5.00,5.00,7.00,9.00,0.0241,0
2023-05-19 15:59:56,1684526397,33.4,12.1,98900,3.00,7.00,10.0,12.0,0.0181,0
2023-05-19 16:04:53,1684526694,33.1,12.1,98900,5.00,6.00,8.00,10.0,0.0373,0
2023-05-19 16:09:51,1684526991,32.2,12.7,98900,6.00,7.00,7.00,8.00,0.0328,0
2023-05-19 16:14:49,1684527289,31.2,13.6,98900,2.00,9.00,15.0,17.0,0.0398,0
2023-05-19 16:19:47,1684527587,31.2,14.0,98900,5.00,9.00,12.0,13.0,0.0315,0
2023-05-19 16:24:44,1684527885,31.7,13.3,98853,4.00,8.00,10.0,11.0,0.0268,0
2023-05-19 16:29:42,1684528182,31.8,13.0,98833,5.00,8.00,10.0,11.0,0.0201,0
2023-05-19 16:34:40,1684528480,31.4,12.6,98800,4.00,10.0,14.0,17.0,0.0197,0
2023-05-19 16:39:58,1684528798,30.8,13.2,98800,6.00,8.00,10.0,11.0,0.0208,0
2023-05-19 16:44:56,1684529097,30.6,13.1,98800,5.00,10.0,15.0,18.0,0.0243,0
2023-05-19 16:49:54,1684529395,31.2,12.7,98800,5.00,5.00,6.00,6.00,0.0177,0
2023-05-19 16:54:51,1684529692,31.4,12.4,98800,4.00,10.0,15.0,17.0,0.0187,0
2023-05-19 16:59:50,1684529990,30.4,13.0,98800,6.00,8.00,10.0,11.0,0.0497,0
2023-05-19 17:04:49,1684530289,29.4,13.7,98800,5.00,7.00,9.00,10.0,0.0654,0
2023-05-19 17:09:48,1684530588,29.1,14.3,98800,4.00,5.00,7.00,7.00,0.0482,0
2023-05-19 17:14:47,1684530887,29.3,14.2,98800,4.00,5.00,7.00,8.00,0.0292,0
2023-05-19 17:19:46,1684531186,29.1,14.6,98800,5.00,7.00,7.00,8.00,0.0292,0
2023-05-19 17:24:44,1684531485,29.0,14.8,98800,3.00,8.00,12.0,14.0,0.0252,1.09
2023-05-19 17:29:43,1684531784,29.3,14.5,98800,5.00,5.00,5.00,5.00,0.0252,0
2023-05-19 17:34:42,1684532082,30.1,13.9,98800,5.00,11.0,17.0,20.0,0.0178,0
2023-05-19 17:39:40,1684532381,31.0,13.3,98800,5.00,7.00,8.00,8.00,0.0246,1.11
2023-05-19 17:44:58,1684532698,31.5,12.7,98800,6.00,7.00,8.00,9.00,0.0447,1.11
2023-05-19 17:49:56,1684532997,30.8,13.2,98800,6.00,7.00,8.00,9.00,0.0439,0
2023-05-19 17:54:55,1684533295,29.8,14.0,98800,4.00,5.00,6.00,8.00,0.0291,0
2023-05-19 17:59:54,1684533594,29.1,14.6,98800,6.00,6.00,7.00,8.00,0.0185,0
2023-05-19 18:04:53,1684533894,28.4,15.4,98800,7.00,9.00,11.0,13.0,0.0338,0
2023-05-19 18:09:53,1684534193,27.9,15.9,98800,4.00,9.00,13.0,15.0,0.0620,0
2023-05-19 18:14:53,1684534493,27.6,16.2,98800,6.00,8.00,11.0,12.0,0.0407,0
2023-05-19 18:19:53,1684534793,27.2,16.8,98800,5.00,8.00,11.0,12.0,0.0196,0
2023-05-19 18:24:53,1684535093,27.0,17.2,98800,5.00,15.0,23.0,26.0,0.0246,0
2023-05-19 18:29:53,1684535393,27.0,17.4,98800,5.00,9.00,13.0,15.0,0.129,0
2023-05-19 18:34:53,1684535693,27.0,17.5,98800,8.00,10.0,12.0,13.0,0.0773,0
2023-05-19 18:39:53,1684535993,27.2,17.6,98800,5.00,8.00,13.0,15.0,0.0407,0
2023-05-19 18:44:53,1684536293,27.8,17.4,98800,5.00,9.00,15.0,17.0,0.0198,0
2023-05-19 18:49:53,1684536593,28.2,17.2,98800,5.00,9.00,12.0,14.0,0.0236,0
2023-05-19 18:54:53,1684536893,28.1,17.4,98800,3.00,3.00,5.00,6.00,0.0240,0
2023-05-19 18:59:53,1684537193,27.9,17.8,98800,6.00,10.0,15.0,18.0,0.0153,0
2023-05-19 19:04:52,1684537493,27.5,17.9,98800,6.00,7.00,9.00,10.0,0.0285,0
2023-05-19 19:09:52,1684537793,27.1,18.1,98800,8.00,11.0,13.0,13.0,0.0359,0
2023-05-19 19:14:52,1684538093,26.7,18.6,98800,5.00,7.00,8.00,9.00,0.0423,0
2023-05-19 19:19:52,1684538393,26.3,19.0,98800,4.00,5.00,7.00,8.00,0.0405,0
2023-05-19 19:24:53,1684538693,26.0,19.4,98800,4.00,7.00,9.00,10.0,0.0149,0
2023-05-19 19:29:53,1684538994,25.8,20.0,98800,5.00,7.00,7.00,8.00,0.0132,0
2023-05-19 19:34:54,1684539294,25.6,20.4,98800,7.00,10.0,13.0,14.0,0.0133,0
2023-05-19 19:39:55,1684539595,25.3,21.1,98800,4.00,10.0,15.0,18.0,0.0137,0
2023-05-19 19:44:56,1684539896,25.1,21.1,98800,5.00,5.00,5.00,5.00,0.0286,0
2023-05-19 19:49:57,1684540197,24.9,21.4,98800,5.00,9.00,13.0,16.0,0.0179,0
2023-05-19 19:54:58,1684540498,24.8,22.3,98800,3.00,5.00,6.00,7.00,0.0237,0
2023-05-19 19:59:59,1684540799,24.6,22.4,98800,7.00,8.00,9.00,9.00,0.0532,0
2023-05-19 20:04:40,1684541080,24.4,22.8,98800,8.00,14.0,19.0,21.0,0.128,0
2023-05-19 20:09:41,1684541382,24.2,23.8,98800,4.00,5.00,6.00,7.00,0.121,0
2023-05-19 20:14:43,1684541683,23.9,24.7,98800,6.00,7.00,8.00,9.00,0.0721,0
2023-05-19 20:19:44,1684541985,23.7,24.9,98800,5.00,8.00,12.0,13.0,0.0265,0
2023-05-19 20:24:46,1684542286,23.4,25.5,98800,5.00,6.00,9.00,10.0,0.0261,0
2023-05-19 20:29:47,1684542588,23.2,25.8,98800,8.00,10.0,10.0,11.0,0.0248,0
2023-05-19 20:34:49,1684542889,22.9,26.0,98800,6.00,11.0,16.0,18.0,0.0186,0
2023-05-19 20:39:51,1684543191,22.7,26.5,98867,5.00,7.00,11.0,13.0,0.0181,0
2023-05-19 20:44:53,1684543493,22.6,26.9,98900,5.00,8.00,10.0,11.0,0.0182,0
2023-05-19 20:49:55,1684543795,22.4,27.6,98900,4.00,7.00,11.0,13.0,0.0451,0
2023-05-19 20:54:56,1684544097,22.2,27.8,98900,5.00,5.00,7.00,8.00,0.0214,0
2023-05-19 20:59:58,1684544399,22.1,28.1,98900,8.00,9.00,10.0,10.0,0.0171,0
2023-05-19 21:04:41,1684544681,21.9,28.6,98900,5.00,6.00,8.00,10.0,0.0134,0
2023-05-19 21:09:43,1684544984,21.8,28.9,98900,5.00,6.00,8.00,10.0,0.0357,0
2023-05-19 21:14:46,1684545286,21.7,28.9,98900,5.00,11.0,15.0,17.0,0.140,0
2023-05-19 21:19:48,1684545589,21.6,29.3,98900,6.00,6.00,6.00,7.00,0.140,0
2023-05-19 21:24:50,1684545891,21.5,29.3,98900,3.00,4.00,4.00,5.00,0.138,0
2023-05-19 21:29:53,1684546193,21.4,30.0,98900,5.00,10.0,15.0,17.0,0.0649,0
2023-05-19 21:34:55,1684546496,21.2,29.9,98900,5.00,7.00,9.00,11.0,0.0621,0
2023-05-19 21:39:58,1684546798,21.2,30.1,98900,4.00,6.00,9.00,10.0,0.0321,0
2023-05-19 21:44:40,1684547080,21.1,30.2,98900,5.00,8.00,10.0,11.0,0.0166,0
2023-05-19 21:49:42,1684547383,21.1,30.8,98900,5.00,9.00,12.0,13.0,0.0223,0
2023-05-19 21:54:45,1684547685,21.0,30.9,98900,5.00,9.00,14.0,17.0,0.0442,0
2023-05-19 21:59:48,1684547988,20.9,31.2,98900,3.00,5.00,7.00,8.00,0.0447,0
2023-05-19 22:04:50,1684548291,20.7,31.6,98900,5.00,6.00,7.00,8.00,0.0424,0
2023-05-19 22:09:53,1684548594,20.5,31.9,98900,6.00,8.00,10.0,10.0,0.0225,0
2023-05-19 22:14:56,1684548896,20.4,32.2,98900,5.00,7.00,9.00,11.0,0.0234,0
2023-05-19 22:19:59,1684549199,20.4,32.5,98900,6.00,10.0,13.0,14.0,0.0250,0
2023-05-19 22:24:42,1684549482,20.3,32.8,98900,5.00,7.00,9.00,10.0,0.0302,0
2023-05-19 22:29:44,1684549785,20.3,33.2,98900,7.00,7.00,8.00,9.00,0.0231,0
2023-05-19 22:34:47,1684550088,20.3,33.6,98900,5.00,7.00,9.00,10.0,0.0248,0
2023-05-19 22:39:50,1684550391,20.4,34.0,98900,5.00,7.00,9.00,11.0,0.0225,0
2023-05-19 22:44:53,1684550694,20.4,34.0,98900,4.00,6.00,8.00,9.00,0.0222,0
2023-05-19 22:49:56,1684550997,20.4,33.9,98900,7.00,12.0,15.0,17.0,0.0228,0
2023-05-19 22:54:58,1684551299,20.3,34.3,98900,5.00,5.00,6.00,7.00,0.0357,0
2023-05-19 22:59:41,1684551582,20.1,34.6,98900,8.00,9.00,9.00,10.0,0.0335,0
2023-05-19 23:04:44,1684551884,20.0,35.0,98900,5.00,9.00,12.0,13.0,0.0342,0
2023-05-19 23:09:47,1684552187,19.9,35.5,98900,4.00,5.00,7.00,8.00,0.0342,0
2023-05-19 23:14:50,1684552490,19.9,35.9,98900,5.00,6.00,8.00,8.00,0.0328,0
2023-05-19 23:19:53,1684552793,19.9,36.2,98900,5.00,6.00,9.00,10.0,0.0111,0
2023-05-19 23:24:56,1684553096,20.0,36.3,98900,7.00,9.00,14.0,16.0,0.0124,0
2023-05-19 23:29:58,1684553399,20.0,36.3,98900,5.00,9.00,12.0,13.0,0.0313,0
2023-05-19 23:34:41,1684553682,19.9,36.5,98900,5.00,7.00,10.0,11.0,0.0131,0
2023-05-19 23:39:44,1684553985,19.7,36.9,98900,6.00,8.00,10.0,11.0,0.0229,0
2023-05-19 23:44:47,1684554288,19.6,37.3,98900,7.00,11.0,15.0,17.0,0.0831,0
2023-05-19 23:49:50,1684554591,19.4,37.5,98900,5.00,11.0,16.0,18.0,0.0952,0
2023-05-19 23:54:53,1684554894,19.3,38.4,98900,5.00,7.00,7.00,8.00,0.150,0
2023-05-19 23:59:57,1684555197,19.5,38.4,98900,7.00,8.00,11.0,13.0,0.151,0
2023-05-20 00:04:39,1684555480,19.7,37.8,98950,7.00,15.0,21.0,24.0,0.0515,0
2023-05-20 00:09:43,1684555783,19.6,37.7,98900,7.00,11.0,14.0,16.0,0.0515,0
2023-05-20 00:14:46,1684556086,19.6,38.0,98900,5.00,8.00,10.0,11.0,0.0829,0
2023-05-20 00:19:49,1684556389,19.6,37.9,98927,6.00,11.0,17.0,21.0,0.162,0
2023-05-20 00:24:52,1684556692,19.6,38.1,98993,6.00,7.00,8.00,9.00,0.168,0
2023-05-20 00:29:55,1684556995,19.4,38.3,99000,7.00,12.0,15.0,17.0,0.0841,0
2023-05-20 00:34:58,1684557299,19.2,38.4,99000,5.00,9.00,12.0,14.0,0.0605,0
2023-05-20 00:39:41,1684557582,19.1,38.9,99000,7.00,11.0,16.0,18.0,0.0369,1.90
2023-05-20 00:44:44,1684557885,19.0,39.2,99000,8.00,10.0,10.0,11.0,0.0436,1.90
2023-05-20 00:49:48,1684558188,18.9,39.5,99000,8.00,11.0,13.0,14.0,0.0432,1.80
2023-05-20 00:54:51,1684558492,18.8,39.8,99000,6.00,8.00,9.00,10.0,0.0258,0
2023-05-20 00:59:55,1684558795,18.6,40.0,99000,8.00,10.0,12.0,14.0,0.0576,0
2023-05-20 01:04:58,1684559099,18.5,40.6,99000,6.00,7.00,7.00,7.00,0.0745,0
2023-05-20 01:09:42,1684559382,18.3,40.9,99000,7.00,9.00,10.0,10.0,0.0401,0
2023-05-20 01:14:45,1684559686,18.2,41.2,99000,5.00,6.00,7.00,8.00,0.0281,0
2023-05-20 01:19:49,1684559989,18.2,41.4,99000,8.00,11.0,17.0,20.0,0.0343,0
2023-05-20 01:24:52,1684560293,18.2,42.0,99000,5.00,7.00,9.00,10.0,0.0718,0
2023-05-20 01:29:56,1684560597,18.3,41.9,99000,6.00,7.00,7.00,7.00,0.0703,0
2023-05-20 01:34:40,1684560880,18.4,41.9,99000,6.00,8.00,11.0,12.0,0.0546,0
2023-05-20 01:39:43,1684561184,18.5,41.8,99000,6.00,10.0,12.0,14.0,0.0194,0
2023-05-20 01:44:47,1684561487,18.8,41.5,99000,5.00,9.00,13.0,14.0,0.0468,0
2023-05-20 01:49:50,1684561791,19.0,41.2,99000,8.00,9.00,9.00,10.0,0.0468,0
2023-05-20 01:54:54,1684562094,19.2,41.0,99000,5.00,7.00,8.00,9.00,0.0377,0
2023-05-20 01:59:57,1684562397,19.4,40.7,99000,7.00,9.00,10.0,11.0,0.0639,0
2023-05-20 02:04:40,1684562680,19.4,40.5,99000,5.00,9.00,11.0,12.0,0.0278,0
2023-05-20 02:09:43,1684562984,19.4,40.4,99000,6.00,10.0,14.0,16.0,0.0190,0
2023-05-20 02:14:46,1684563287,19.4,40.6,99000,5.00,7.00,9.00,10.0,0.0315,0
2023-05-20 02:19:50,1684563590,19.4,40.5,99000,5.00,10.0,16.0,18.0,0.0196,0
2023-05-20 02:24:53,1684563893,19.3,40.8,99000,7.00,8.00,9.00,10.0,0.0501,0
2023-05-20 02:29:56,1684564197,19.2,40.9,99000,6.00,7.00,7.00,8.00,0.0501,0
2023-05-20 02:34:39,1684564480,19.1,41.5,99000,6.00,8.00,10.0,11.0,0.0720,0
2023-05-20 02:39:43,1684564783,19.0,41.6,99000,4.00,7.00,9.00,10.0,0.0302,0
2023-05-20 02:44:46,1684565087,18.9,41.6,99000,7.00,10.0,14.0,16.0,0.0161,0
2023-05-20 02:49:50,1684565390,18.9,41.8,99000,5.00,9.00,13.0,15.0,0.0292,0
2023-05-20 02:54:53,1684565694,18.9,42.2,99000,7.00,9.00,11.0,13.0,0.0273,0
2023-05-20 02:59:57,1684565997,18.9,42.4,99000,5.00,7.00,9.00,10.0,0.0221,0
2023-05-20 03:04:40,1684566280,18.9,42.4,99000,4.00,6.00,8.00,9.00,0.0281,0
2023-05-20 03:09:43,1684566584,18.8,42.4,99000,7.00,11.0,15.0,17.0,0.0165,0
2023-05-20 03:14:47,1684566887,18.8,42.6,99000,10.0,12.0,13.0,14.0,0.0966,0
2023-05-20 03:19:50,1684567191,18.8,42.6,99000,6.00,12.0,16.0,19.0,0.0909,0
2023-05-20 03:24:54,1684567495,18.7,42.6,99000,6.00,9.00,12.0,13.0,0.0162,0
2023-05-20 03:29:58,1684567798,18.7,42.6,99000,6.00,7.00,9.00,10.0,0.0354,0
2023-05-20 03:34:41,1684568082,18.6,42.8,99000,6.00,11.0,14.0,16.0,0.0301,0
2023-05-20 03:39:45,1684568385,18.6,42.9,99000,5.00,8.00,11.0,12.0,0.0137,0
2023-05-20 03:44:48,1684568689,18.6,42.8,99000,6.00,8.00,10.0,12.0,0.0324,0
2023-05-20 03:49:52,1684568993,18.6,42.9,99000,5.00,6.00,9.00,10.0,0.0324,0
2023-05-20 03:54:56,1684569296,18.5,43.2,99000,7.00,10.0,13.0,14.0,0.0321,0
2023-05-20 03:59:39,1684569580,18.5,43.3,99000,4.00,10.0,14.0,16.0,0.0180,0
2023-05-20 04:04:43,1684569883,18.5,43.3,99000,5.00,7.00,9.00,11.0,0.0264,0
2023-05-20 04:09:47,1684570187,18.5,43.5,99000,3.00,6.00,9.00,10.0,0.0281,0
2023-05-20 04:14:50,1684570491,18.5,43.7,99000,4.00,7.00,9.00,10.0,0.0281,0
2023-05-20 04:19:54,1684570795,18.5,44.0,99020,5.00,9.00,12.0,13.0,0.0342,0
2023-05-20 04:24:58,1684571098,18.5,44.0,99100,7.00,13.0,18.0,21.0,0.0355,0
2023-05-20 04:29:41,1684571382,18.6,44.6,99100,5.00,9.00,12.0,13.0,0.0298,0
2023-05-20 04:34:45,1684571686,18.5,45.5,99100,6.00,11.0,18.0,22.0,0.0298,0
2023-05-20 04:39:49,1684571989,18.4,46.9,99100,6.00,9.00,12.0,13.0,0.0517,0
2023-05-20 04:44:52,1684572293,18.2,47.7,99100,5.00,7.00,11.0,13.0,0.0478,0
2023-05-20 04:49:56,1684572597,18.0,48.8,99100,9.00,14.0,17.0,18.0,0.0154,0
2023-05-20 04:54:59,1684572900,17.9,49.6,99100,10.0,10.0,12.0,14.0,0.0445,0
2023-05-20 04:59:43,1684573183,17.8,50.5,99100,4.00,5.00,6.00,6.00,0.0569,0
2023-05-20 05:04:46,1684573487,17.7,50.9,99100,10.0,13.0,17.0,18.0,0.160,0
2023-05-20 05:09:50,1684573791,17.7,51.0,99100,5.00,8.00,10.0,11.0,0.139,0
2023-05-20 05:14:54,1684574094,17.6,51.4,99100,7.00,8.00,8.00,9.00,0.0884,0
2023-05-20 05:19:58,1684574398,17.5,52.0,99100,8.00,11.0,15.0,16.0,0.0600,0
2023-05-20 05:24:41,1684574682,17.5,52.2,99100,9.00,13.0,16.0,18.0,0.0764,0
2023-05-20 05:29:45,1684574985,17.5,52.5,99100,8.00,10.0,12.0,14.0,0.0950,0
2023-05-20 05:34:49,1684575289,17.6,52.9,99100,9.00,12.0,16.0,18.0,0.0712,0
2023-05-20 05:39:52,1684575593,17.6,52.9,99100,9.00,10.0,11.0,12.0,0.139,0
2023-05-20 05:44:56,1684575897,17.6,53.0,99100,10.0,11.0,14.0,15.0,0.0866,0
2023-05-20 05:49:40,1684576180,17.6,53.2,99100,7.00,9.00,10.0,11.0,0.0537,0
2023-05-20 05:54:43,1684576484,17.7,53.1,99100,10.0,13.0,15.0,15.0,0.0466,0
2023-05-20 05:59:47,1684576787,17.7,53.3,99100,10.0,11.0,12.0,13.0,0.0610,0
2023-05-20 06:04:51,1684577091,17.7,53.2,99100,8.00,11.0,15.0,16.0,0.0909,0
2023-05-20 06:09:54,1684577395,17.6,53.2,99100,8.00,10.0,12.0,13.0,0.0848,0
2023-05-20 06:14:58,1684577699,17.6,53.2,99100,11.0,13.0,15.0,16.0,0.0285,0
2023-05-20 06:19:42,1684577982,17.6,53.4,99100,6.00,9.00,12.0,13.0,0.0192,0
2023-05-20 06:24:45,1684578286,17.6,53.5,99100,9.00,15.0,20.0,23.0,0.0156,0
2023-05-20 06:29:49,1684578590,17.6,53.6,99113,8.00,12.0,15.0,16.0,0.0192,0
2023-05-20 06:34:53,1684578893,17.6,53.8,99200,9.00,12.0,15.0,16.0,0.0151,0
2023-05-20 06:39:57,1684579197,17.6,53.7,99200,7.00,11.0,15.0,17.0,0.0156,0
2023-05-20 06:44:40,1684579480,17.6,53.9,99200,10.0,10.0,11.0,12.0,0.0341,0
2023-05-20 06:49:44,1684579784,17.6,54.0,99200,10.0,14.0,19.0,21.0,0.0368,0
2023-05-20 06:54:47,1684580087,17.7,54.0,99200,5.00,8.00,9.00,10.0,0.0196,0
2023-05-20 06:59:51,1684580391,17.7,54.2,99200,9.00,11.0,13.0,14.0,0.0366,0
2023-05-20 07:02:53,1684580573,17.7,54.2,99200,8.00,10.0,12.0,13.0,0.0446,0
2023-05-20 07:26:15,1684581976,18.0,54.1,99200,6.00,7.00,8.00,9.00,,
2023-05-20 07:42:59,1684582979,18.5,54.3,99200,6.00,9.00,12.0,14.0,,
2023-05-20 07:49:43,1684583384,18.9,52.8,99200,7.00,9.00,11.0,11.0,,
2023-05-20 07:50:04,1684583404,18.9,52.9,99200,12.0,15.0,16.0,17.0,,
2023-05-20 08:39:41,1684586382,19.8,51.2,99200,8.00,10.0,15.0,17.0,,
2023-05-20 08:44:44,1684586684,20.0,51.1,99200,6.00,8.00,10.0,11.0,,
2023-05-20 08:47:25,1684586846,20.2,50.8,99200,8.00,11.0,14.0,16.0,0.0465,0
2023-05-20 09:34:54,1684589695,22.6,43.6,99200,7.00,12.0,16.0,18.0,,
2023-05-20 09:39:56,1684589996,22.5,43.3,99200,8.00,8.00,10.0,10.0,,
2023-05-20 09:44:57,1684590298,22.3,43.4,99200,8.00,9.00,9.00,9.00,,
2023-05-20 09:47:38,1684590459,22.2,43.5,99200,6.00,7.00,8.00,8.00,0.0276,0
2023-05-20 10:24:50,1684592690,23.1,39.9,99200,6.00,7.00,9.00,10.0,,
2023-05-20 10:29:51,1684592991,23.0,39.7,99200,5.00,8.00,9.00,10.0,,
2023-05-20 10:32:52,1684593172,22.9,39.8,99178,5.00,6.00,8.00,9.00,,
2023-05-20 11:14:57,1684595698,23.4,37.5,99160,4.00,4.00,6.00,6.00,,
2023-05-20 11:19:58,1684595999,23.2,37.4,99133,3.00,5.00,6.00,7.00,0.0118,0
2023-05-20 11:24:40,1684596280,22.9,37.8,99100,7.00,10.0,13.0,15.0,0.0201,0
2023-05-20 11:29:42,1684596582,22.6,38.5,99100,6.00,7.00,7.00,8.00,0.0395,0
2023-05-20 11:34:43,1684596884,22.5,38.5,99100,4.00,6.00,9.00,10.0,0.0470,0
2023-05-20 11:39:45,1684597185,22.4,39.0,99100,6.00,11.0,17.0,20.0,0.0441,0
2023-05-20 11:44:47,1684597487,22.4,38.8,99100,4.00,5.00,7.00,8.00,0.0441,0
2023-05-20 11:49:48,1684597789,22.3,39.1,99100,9.00,11.0,11.0,12.0,0.0375,0
2023-05-20 11:54:50,1684598091,22.2,39.2,99100,5.00,6.00,8.00,9.00,0.0229,0
2023-05-20 11:59:52,1684598393,22.2,39.3,99100,7.00,9.00,14.0,16.0,0.0197,0
2023-05-20 12:04:54,1684598695,22.1,39.6,99100,7.00,8.00,9.00,10.0,0.0154,0
2023-05-20 12:09:56,1684598997,22.0,39.8,99100,4.00,8.00,12.0,14.0,0.0154,0
2023-05-20 12:14:58,1684599299,21.9,39.9,99100,5.00,7.00,10.0,11.0,0.0218,0
2023-05-20 12:19:40,1684599581,21.9,40.2,99100,7.00,9.00,11.0,12.0,0.0161,0
2023-05-20 12:24:42,1684599883,21.9,40.3,99100,6.00,9.00,11.0,12.0,0.0107,0
2023-05-20 12:29:45,1684600185,21.9,40.8,99100,7.00,12.0,17.0,20.0,0.0253,0
2023-05-20 12:34:47,1684600487,22.0,40.7,99100,6.00,10.0,13.0,14.0,0.0334,0
2023-05-20 12:39:49,1684600789,22.1,40.9,99100,5.00,7.00,8.00,9.00,0.102,0
2023-05-20 12:44:51,1684601091,22.1,41.2,99100,8.00,9.00,12.0,14.0,0.102,0
2023-05-20 12:49:53,1684601393,22.2,41.1,99100,10.0,13.0,14.0,15.0,0.101,0
2023-05-20 12:54:54,1684601695,22.3,40.7,99100,6.00,11.0,15.0,18.0,0.0652,0
2023-05-20 12:57:56,1684601876,22.2,40.4,99100,7.00,10.0,13.0,14.0,0.0312,0
2023-05-20 13:09:41,1684602582,22.3,40.2,99000,6.00,8.00,9.00,9.00,0.0123,0
2023-05-20 13:14:42,1684602882,22.4,40.5,99000,8.00,12.0,14.0,16.0,0.0306,0
2023-05-20 13:19:43,1684603183,22.5,40.6,99000,5.00,7.00,9.00,9.00,0.0630,0
2023-05-20 13:20:23,1684603224,22.6,40.8,99000,4.00,6.00,7.00,8.00,0.0630,0
2023-05-20 14:03:03,1684605784,24.8,36.2,99000,4.00,6.00,7.00,8.00,0.0385,0
2023-05-20 14:18:17,1684606698,25.9,34.5,98900,5.00,7.00,8.00,9.00,,
2023-05-20 14:29:42,1684607383,26.5,32.8,98900,2.00,3.00,4.00,5.00,,
2023-05-20 14:32:22,1684607543,26.4,32.6,98900,5.00,7.00,8.00,9.00,,
2023-05-20 15:44:50,1684611890,25.8,33.1,98800,7.00,7.00,8.00,9.00,,
2023-05-20 15:49:50,1684612190,25.9,33.2,98800,5.00,7.00,10.0,11.0,,
2023-05-20 15:52:09,1684612329,26.0,33.1,98800,5.00,6.00,8.00,9.00,0.0212,0
2023-05-20 15:59:45,1684612786,26.7,31.9,98800,7.00,9.00,10.0,10.0,,
2023-05-20 16:04:44,1684613085,27.4,31.4,98800,5.00,6.00,7.00,7.00,0.0244,0
2023-05-20 16:08:44,1684613324,28.6,29.9,98800,7.00,7.00,8.00,9.00,0.0417,0
2023-05-20 16:19:59,1684613999,29.4,27.5,98707,7.00,14.0,20.0,23.0,0.0920,0
2023-05-20 16:24:57,1684614298,28.8,28.0,98700,9.00,10.0,11.0,12.0,0.0920,0
2023-05-20 16:25:37,1684614338,28.3,28.5,98700,7.00,7.00,7.00,7.00,0.0154,0
2023-05-20 16:34:53,1684614894,27.8,29.4,98700,8.00,9.00,10.0,11.0,0.0640,0
2023-05-20 16:39:52,1684615193,27.7,29.7,98700,7.00,9.00,10.0,11.0,0.0640,0
2023-05-20 16:43:11,1684615392,27.6,30.0,98700,8.00,10.0,11.0,11.0,0.0489,0
2023-05-20 16:49:47,1684615788,27.5,30.2,98700,3.00,4.00,4.00,4.00,0.0362,0
2023-05-20 16:54:46,1684616087,27.3,30.3,98700,9.00,9.00,11.0,12.0,0.0362,0
2023-05-20 16:59:46,1684616386,27.0,30.6,98700,7.00,9.00,10.0,11.0,0.0680,0
2023-05-20 17:00:25,1684616426,27.0,31.1,98700,8.00,9.00,10.0,11.0,0.0159,0
2023-05-20 17:14:47,1684617287,27.2,31.0,98700,7.00,8.00,10.0,11.0,0.0359,0
2023-05-20 17:19:06,1684617546,27.1,31.1,98700,6.00,7.00,8.00,9.00,0.0348,0
2023-05-20 17:24:43,1684617883,27.4,30.8,98700,7.00,7.00,7.00,7.00,0.0213,0
2023-05-20 17:29:42,1684618182,27.6,30.6,98600,7.00,9.00,11.0,11.0,0.0528,0
2023-05-20 17:34:41,1684618481,27.8,30.1,98600,6.00,7.00,8.00,8.00,0.0215,0
2023-05-20 17:35:40,1684618541,27.9,29.7,98600,9.00,10.0,11.0,11.0,0.0107,0
2023-05-20 17:49:55,1684619395,28.0,29.9,98600,7.00,10.0,15.0,17.0,0.0171,0
2023-05-20 17:54:33,1684619673,28.4,29.7,98600,8.00,10.0,12.0,14.0,0.0421,0
2023-05-20 17:59:47,1684619988,29.5,27.9,98600,7.00,7.00,7.00,7.00,0.0156,0
2023-05-20 18:04:45,1684620286,29.8,27.6,98600,10.0,12.0,13.0,14.0,0.0216,0
2023-05-20 18:09:43,1684620584,29.9,27.1,98600,8.00,12.0,16.0,18.0,0.0257,0
2023-05-20 18:14:46,1684620887,29.9,27.2,98600,8.00,8.00,8.00,8.00,0.0705,0
2023-05-20 18:19:44,1684621185,30.6,26.3,98600,8.00,8.00,10.0,11.0,0.136,0
2023-05-20 18:24:43,1684621483,30.8,25.8,98600,9.00,12.0,15.0,17.0,0.0983,0
2023-05-20 18:29:41,1684621782,30.3,26.4,98600,6.00,8.00,8.00,9.00,0.0323,0
2023-05-20 18:34:40,1684622080,29.5,27.7,98600,8.00,13.0,16.0,18.0,0.0323,0
2023-05-20 18:39:59,1684622399,28.8,28.7,98513,9.00,11.0,14.0,16.0,0.0589,0
2023-05-20 18:44:58,1684622699,28.1,29.8,98593,6.00,7.00,8.00,9.00,0.0642,0
2023-05-20 18:49:58,1684622998,27.5,30.7,98600,10.0,11.0,11.0,11.0,0.0666,0
2023-05-20 18:54:58,1684623299,27.0,31.8,98600,8.00,10.0,12.0,13.0,0.0201,0
2023-05-20 18:59:58,1684623599,26.5,32.5,98513,9.00,13.0,15.0,16.0,0.0286,0
2023-05-20 19:04:58,1684623899,26.1,33.0,98500,8.00,9.00,11.0,11.0,0.0286,0
2023-05-20 19:09:58,1684624199,25.9,34.0,98500,8.00,10.0,12.0,12.0,0.0305,0
2023-05-20 19:14:58,1684624499,25.8,33.9,98500,10.0,13.0,15.0,16.0,0.0756,0
2023-05-20 19:19:59,1684624799,25.7,34.0,98500,8.00,11.0,14.0,15.0,0.0860,0
2023-05-20 19:24:59,1684625100,25.5,34.4,98500,8.00,12.0,16.0,18.0,0.0813,0
2023-05-20 19:29:40,1684625380,25.2,35.1,98500,8.00,11.0,14.0,17.0,0.0339,0
2023-05-20 19:34:41,1684625681,24.9,35.8,98500,7.00,9.00,10.0,11.0,0.0338,0
2023-05-20 19:39:41,1684625982,24.6,36.6,98500,10.0,11.0,13.0,13.0,0.0155,0
2023-05-20 19:44:42,1684626283,24.2,37.3,98500,10.0,11.0,11.0,11.0,0.0157,0
2023-05-20 19:49:43,1684626583,23.8,38.2,98500,8.00,12.0,16.0,18.0,0.0754,0
2023-05-20 19:54:44,1684626885,23.5,38.9,98500,7.00,9.00,10.0,11.0,0.0511,0
2023-05-20 19:59:46,1684627186,23.2,39.4,98500,8.00,8.00,11.0,12.0,0.0597,0
2023-05-20 20:04:47,1684627488,22.9,40.1,98500,7.00,8.00,9.00,10.0,0.0490,0
2023-05-20 20:09:49,1684627789,22.6,40.5,98500,6.00,8.00,10.0,11.0,0.0188,0
2023-05-20 20:14:51,1684628091,22.3,41.1,98500,7.00,11.0,14.0,15.0,0.0173,0
2023-05-20 20:19:53,1684628393,22.1,41.6,98500,7.00,8.00,10.0,11.0,0.0205,0
2023-05-20 20:24:55,1684628695,22.0,42.0,98500,9.00,10.0,11.0,12.0,0.0432,0
2023-05-20 20:29:57,1684628998,21.8,42.2,98500,5.00,7.00,8.00,9.00,0.0155,0
2023-05-20 20:34:39,1684629280,21.6,42.4,98471,6.00,9.00,11.0,12.0,0.0203,0
2023-05-20 20:39:42,1684629582,21.5,42.8,98400,5.00,6.00,7.00,7.00,0.0220,0
2023-05-20 20:44:44,1684629885,21.4,43.1,98400,8.00,10.0,12.0,13.0,0.0553,0
2023-05-20 20:49:46,1684630187,21.4,43.3,98400,9.00,10.0,10.0,10.0,0.0649,0
2023-05-20 20:54:49,1684630489,21.3,43.7,98400,9.00,16.0,22.0,25.0,0.0343,0
2023-05-20 20:59:51,1684630792,21.2,43.8,98400,7.00,9.00,10.0,11.0,0.0440,0
2023-05-20 21:04:53,1684631094,21.1,43.9,98400,7.00,7.00,7.00,8.00,0.0424,0
2023-05-20 21:09:56,1684631396,21.1,43.8,98400,6.00,9.00,12.0,13.0,0.0712,0
2023-05-20 21:14:58,1684631699,21.0,43.8,98400,7.00,12.0,15.0,17.0,0.0513,0
2023-05-20 21:19:41,1684631981,21.0,43.9,98400,7.00,12.0,17.0,20.0,0.0416,0
2023-05-20 21:24:43,1684632284,21.0,44.3,98400,9.00,11.0,11.0,13.0,0.0476,0
2023-05-20 21:29:46,1684632586,21.0,44.3,98400,5.00,6.00,6.00,7.00,0.0811,0
2023-05-20 21:34:48,1684632889,20.9,44.3,98400,7.00,10.0,14.0,16.0,0.146,0
2023-05-20 21:39:51,1684633192,20.9,44.2,98400,8.00,9.00,11.0,12.0,0.0426,0
2023-05-20 21:44:54,1684633494,20.9,44.7,98400,8.00,11.0,12.0,13.0,0.0212,0
2023-05-20 21:49:57,1684633797,20.8,44.5,98400,7.00,7.00,9.00,10.0,0.0184,0
2023-05-20 21:54:40,1684634080,20.7,44.5,98400,6.00,9.00,11.0,12.0,0.0205,0
2023-05-20 21:59:42,1684634383,20.7,44.7,98400,8.00,10.0,11.0,11.0,0.0122,0
2023-05-20 22:04:45,1684634686,20.7,45.4,98400,8.00,9.00,10.0,11.0,0.0133,0
2023-05-20 22:09:48,1684634989,20.6,45.2,98400,7.00,8.00,8.00,9.00,0.0216,0
2023-05-20 22:14:51,1684635291,20.6,45.2,98320,8.00,8.00,8.00,8.00,0.0237,0
2023-05-20 22:19:54,1684635594,20.6,44.9,98300,10.0,11.0,12.0,13.0,0.0245,0
2023-05-20 22:24:57,1684635897,20.7,45.0,98300,6.00,8.00,12.0,14.0,0.0440,0
2023-05-20 22:29:39,1684636180,20.6,45.2,98300,6.00,6.00,6.00,7.00,0.0677,0
2023-05-20 22:34:42,1684636483,20.5,45.5,98300,3.00,5.00,7.00,8.00,0.0677,0
2023-05-20 22:39:45,1684636786,20.5,46.1,98300,5.00,10.0,14.0,16.0,0.0145,0
2023-05-20 22:44:48,1684637088,20.4,47.1,98300,5.00,9.00,12.0,14.0,0.0332,0
2023-05-20 22:49:51,1684637392,20.3,48.0,98300,6.00,7.00,8.00,9.00,0.0328,0
2023-05-20 22:54:54,1684637695,20.2,48.6,98300,6.00,8.00,9.00,10.0,0.0307,0
2023-05-20 22:59:57,1684637998,20.1,49.3,98300,7.00,9.00,11.0,11.0,0.0129,0
2023-05-20 23:04:40,1684638280,20.0,49.8,98300,6.00,7.00,8.00,9.00,0.0170,0
2023-05-20 23:09:43,1684638583,19.9,50.3,98273,7.00,8.00,11.0,12.0,0.0170,0
2023-05-20 23:14:46,1684638886,19.8,50.8,98200,7.00,7.00,8.00,9.00,0.0126,0
2023-05-20 23:19:49,1684639189,19.7,50.9,98200,7.00,10.0,12.0,13.0,0.0218,0
2023-05-20 23:24:51,1684639491,19.6,51.3,98200,6.00,8.00,12.0,13.0,0.0136,0
2023-05-20 23:29:54,1684639795,19.6,51.4,98200,5.00,6.00,7.00,8.00,0.0133,0
2023-05-20 23:34:57,1684640098,19.5,51.7,98200,6.00,8.00,9.00,10.0,0.0408,0
2023-05-20 23:39:40,1684640381,19.4,52.0,98200,6.00,8.00,10.0,10.0,0.0267,0
2023-05-20 23:44:43,1684640684,19.3,52.4,98200,5.00,8.00,11.0,13.0,0.0477,0
2023-05-20 23:49:47,1684640987,19.3,52.9,98200,5.00,7.00,9.00,10.0,0.0246,0
2023-05-20 23:54:50,1684641290,19.3,52.9,98200,5.00,5.00,6.00,6.00,0.0227,0
2023-05-20 23:59:53,1684641594,19.3,53.1,98113,5.00,6.00,7.00,8.00,0.0311,0
2023-05-21 00:04:57,1684641897,19.2,53.3,98100,5.00,5.00,6.00,7.00,0.0210,0
2023-05-21 00:09:40,1684642180,19.2,53.5,98100,6.00,13.0,18.0,21.0,0.0461,0
2023-05-21 00:14:43,1684642484,19.2,53.9,98100,4.00,6.00,10.0,11.0,0.0623,0
2023-05-21 00:19:47,1684642787,19.1,54.1,98100,5.00,7.00,8.00,9.00,0.0197,0
2023-05-21 00:24:50,1684643090,19.1,54.5,98100,5.00,7.00,8.00,8.00,0.0200,0
2023-05-21 00:29:53,1684643394,19.1,54.4,98100,5.00,9.00,11.0,12.0,0.0253,0
2023-05-21 00:34:57,1684643697,19.1,54.5,98100,5.00,7.00,11.0,12.0,0.0140,0
2023-05-21 00:39:40,1684643980,19.0,54.4,98057,5.00,6.00,8.00,8.00,0.0132,0
2023-05-21 00:44:43,1684644284,19.0,54.5,98000,5.00,7.00,9.00,10.0,0.0115,0
2023-05-21 00:49:47,1684644587,19.0,54.8,98000,5.00,6.00,10.0,12.0,0.0146,0
2023-05-21 00:54:51,1684644891,19.0,54.9,98000,4.00,6.00,8.00,9.00,0.0175,0
2023-05-21 00:59:54,1684645195,18.9,54.9,98000,5.00,8.00,12.0,14.0,0.0140,0
2023-05-21 01:04:58,1684645498,18.9,54.9,98000,5.00,6.00,8.00,9.00,0.0349,0
2023-05-21 01:09:41,1684645781,18.8,55.2,98000,2.00,4.00,6.00,7.00,0.0291,0
2023-05-21 01:14:44,1684646085,18.8,55.1,98000,4.00,7.00,10.0,11.0,0.0182,0
2023-05-21 01:19:48,1684646389,18.8,55.3,98000,3.00,4.00,5.00,6.00,0.0181,0
2023-05-21 01:24:51,1684646691,18.7,55.4,97907,6.00,6.00,9.00,10.0,0.0302,0
2023-05-21 01:29:55,1684646995,18.7,55.6,97900,4.00,7.00,9.00,10.0,0.0433,0
2023-05-21 01:34:58,1684647299,18.7,55.8,97900,4.00,8.00,11.0,13.0,0.0433,0
2023-05-21 01:39:42,1684647582,18.6,55.8,97900,2.00,3.00,5.00,6.00,0.0449,0
2023-05-21 01:44:45,1684647886,18.5,56.1,97900,3.00,4.00,6.00,7.00,0.0493,0
2023-05-21 01:49:49,1684648189,18.5,56.3,97900,2.00,4.00,6.00,7.00,0.0210,0
2023-05-21 01:54:53,1684648493,18.5,56.4,97900,3.00,6.00,8.00,9.00,0.0177,0
2023-05-21 01:59:56,1684648797,18.5,56.5,97887,2.00,4.00,5.00,6.00,0.0206,0
2023-05-21 02:04:40,1684649080,18.5,56.6,97850,2.00,4.00,5.00,6.00,0.0201,0
2023-05-21 02:09:43,1684649384,18.4,56.8,97800,2.00,4.00,6.00,7.00,0.0170,0
2023-05-21 02:14:47,1684649687,18.4,56.9,97800,4.00,4.00,5.00,6.00,0.0139,0
2023-05-21 02:19:51,1684649991,18.4,57.1,97800,3.00,5.00,9.00,11.0,0.0171,0
2023-05-21 02:24:54,1684650295,18.4,57.2,97800,2.00,3.00,4.00,4.00,0.0170,0
2023-05-21 02:29:58,1684650599,18.4,57.3,97800,2.00,2.00,4.00,4.00,0.0215,0
2023-05-21 02:34:42,1684650882,18.3,57.5,97800,4.00,5.00,6.00,7.00,0.0140,0
2023-05-21 02:39:45,1684651186,18.3,57.5,97800,3.00,3.00,4.00,5.00,0.0156,0
2023-05-21 02:44:49,1684651489,18.3,57.6,97800,5.00,10.0,15.0,17.0,0.0262,0
2023-05-21 02:49:53,1684651793,18.3,57.7,97800,2.00,3.00,4.00,5.00,0.0410,0
2023-05-21 02:54:56,1684652097,18.2,57.9,97800,4.00,9.00,13.0,16.0,0.0366,0
2023-05-21 02:59:40,1684652380,18.2,57.9,97800,2.00,3.00,4.00,5.00,0.0422,0
2023-05-21 03:04:44,1684652684,18.2,57.8,97800,4.00,6.00,8.00,9.00,0.0249,0
2023-05-21 03:09:47,1684652988,18.2,58.1,97800,3.00,5.00,6.00,7.00,0.0232,0
2023-05-21 03:14:51,1684653292,18.2,58.1,97800,3.00,6.00,9.00,10.0,0.0190,0
2023-05-21 03:19:55,1684653595,18.1,58.3,97773,3.00,9.00,13.0,16.0,0.0168,0
2023-05-21 03:24:59,1684653899,18.2,58.5,97700,2.00,5.00,7.00,8.00,0.0157,0
2023-05-21 03:29:42,1684654183,18.1,58.2,97700,3.00,4.00,5.00,6.00,0.0195,0
2023-05-21 03:34:46,1684654486,18.1,58.2,97700,2.00,7.00,11.0,13.0,0.0252,0
2023-05-21 03:39:50,1684654790,18.1,58.3,97700,2.00,3.00,5.00,6.00,0.0220,0
2023-05-21 03:44:53,1684655094,18.1,58.4,97700,2.00,3.00,5.00,6.00,0.0426,0
2023-05-21 03:45:14,1684655114,18.1,58.5,97700,1e-7,1e-7,1e-7,1e-7,0.0426,0
2023-05-21 03:54:49,1684655689,18.1,58.2,97700,2.00,4.00,5.00,6.00,0.0386,0
2023-05-21 03:59:52,1684655993,18.1,58.5,97700,2.00,9.00,14.0,16.0,0.0233,0
2023-05-21 04:04:56,1684656297,18.1,58.5,97700,2.00,7.00,11.0,13.0,0.0199,0
2023-05-21 04:09:39,1684656580,18.1,58.5,97700,1.00,5.00,8.00,10.0,0.0115,0
2023-05-21 04:14:43,1684656884,18.1,58.7,97700,2.00,4.00,7.00,8.00,0.0208,0
2023-05-21 04:19:47,1684657187,18.0,58.6,97700,1.00,3.00,5.00,6.00,0.0202,0
2023-05-21 04:24:51,1684657491,18.0,58.7,97700,2.00,3.00,5.00,6.00,0.0225,0
2023-05-21 04:29:54,1684657795,18.0,58.6,97693,2.00,3.00,5.00,6.00,0.0153,0
2023-05-21 04:34:58,1684658099,18.0,58.6,97600,2.00,3.00,5.00,6.00,0.0153,0
2023-05-21 04:39:42,1684658382,18.0,58.6,97600,2.00,7.00,11.0,13.0,0.0110,0
2023-05-21 04:44:45,1684658686,18.0,58.6,97600,1.00,4.00,7.00,9.00,0.0149,0
2023-05-21 04:49:49,1684658990,18.0,58.3,97600,1.00,3.00,5.00,6.00,0.0283,0
2023-05-21 04:54:53,1684659293,18.0,58.4,97600,2.00,6.00,10.0,11.0,0.0283,0
2023-05-21 04:59:57,1684659597,17.9,58.4,97600,1.00,3.00,5.00,6.00,0.0132,0
2023-05-21 05:04:40,1684659881,17.9,58.6,97600,1.00,3.00,4.00,5.00,0.0127,0
2023-05-21 05:09:44,1684660184,17.9,58.6,97600,2.00,4.00,7.00,8.00,0.0163,0
2023-05-21 05:14:48,1684660488,17.9,59.0,97600,5.00,6.00,6.00,6.00,0.0190,0
2023-05-21 05:19:51,1684660792,17.9,59.1,97600,5.00,5.00,5.00,5.00,0.0216,0
2023-05-21 05:24:55,1684661096,17.9,58.8,97600,5.00,8.00,12.0,14.0,0.0253,0
2023-05-21 05:29:59,1684661399,18.0,58.7,97600,6.00,9.00,12.0,14.0,0.0570,0
2023-05-21 05:34:42,1684661683,17.9,58.3,97600,4.00,6.00,8.00,9.00,0.0208,0
2023-05-21 05:39:46,1684661986,17.9,58.9,97600,3.00,4.00,5.00,6.00,0.0355,0
2023-05-21 05:44:49,1684662290,17.8,58.9,97600,3.00,4.00,5.00,6.00,0.0473,0
2023-05-21 05:49:53,1684662594,17.8,58.4,97600,3.00,6.00,8.00,9.00,0.0214,0
2023-05-21 05:54:57,1684662897,17.8,58.7,97600,4.00,12.0,18.0,22.0,0.0420,0
2023-05-21 05:59:40,1684663181,17.7,59.0,97600,2.00,4.00,5.00,5.00,0.0420,0
2023-05-21 06:04:44,1684663485,17.7,59.2,97600,3.00,5.00,8.00,9.00,0.0553,0
2023-05-21 06:09:48,1684663788,17.7,58.9,97600,4.00,5.00,6.00,6.00,0.0244,0
2023-05-21 06:14:51,1684664092,17.8,58.8,97600,6.00,9.00,12.0,13.0,0.0186,0
2023-05-21 06:19:55,1684664396,17.7,57.8,97600,5.00,7.00,9.00,10.0,0.0336,0
2023-05-21 06:24:59,1684664699,17.7,57.8,97600,5.00,9.00,14.0,17.0,0.0369,0
2023-05-21 06:29:42,1684664982,17.7,57.4,97600,5.00,6.00,8.00,9.00,0.0474,0
2023-05-21 06:34:46,1684665286,17.8,57.7,97600,3.00,6.00,9.00,10.0,0.0474,0
2023-05-21 06:39:49,1684665589,17.9,57.8,97600,5.00,6.00,7.00,8.00,0.0481,0
2023-05-21 06:44:52,1684665893,18.0,56.7,97700,3.00,7.00,11.0,13.0,0.0260,0
2023-05-21 06:49:56,1684666196,18.0,56.7,97700,5.00,10.0,15.0,18.0,0.0429,0
2023-05-21 06:54:59,1684666500,18.0,57.0,97700,3.00,6.00,9.00,11.0,0.0590,0
2023-05-21 06:59:43,1684666783,18.0,56.8,97700,2.00,6.00,9.00,11.0,0.0590,0
2023-05-21 07:04:46,1684667087,17.9,56.2,97700,6.00,10.0,14.0,17.0,0.0205,0
2023-05-21 07:09:50,1684667390,17.8,55.7,97700,4.00,5.00,7.00,7.00,0.0790,0
2023-05-21 07:14:53,1684667694,17.7,55.7,97700,5.00,8.00,12.0,14.0,0.116,0
2023-05-21 07:19:57,1684667997,17.5,55.7,97700,3.00,6.00,10.0,12.0,0.0939,0
2023-05-21 07:24:40,1684668281,17.4,56.4,97700,5.00,8.00,10.0,11.0,0.0567,0
2023-05-21 07:29:44,1684668584,17.3,56.5,97700,3.00,5.00,8.00,9.00,0.0422,0
2023-05-21 07:34:47,1684668888,17.3,56.2,97700,3.00,5.00,6.00,7.00,0.0165,0
2023-05-21 07:39:51,1684669191,17.3,56.0,97700,6.00,9.00,11.0,12.0,0.0265,0
2023-05-21 07:44:55,1684669495,17.2,56.3,97700,4.00,6.00,7.00,8.00,0.0469,0
2023-05-21 07:49:58,1684669799,17.3,56.6,97700,4.00,6.00,8.00,9.00,0.0271,0
2023-05-21 07:54:40,1684670081,17.2,56.3,97700,2.00,6.00,9.00,10.0,0.0170,0
2023-05-21 07:59:44,1684670384,17.1,56.5,97700,5.00,8.00,11.0,13.0,0.0165,0
2023-05-21 08:04:47,1684670688,17.1,56.8,97700,6.00,10.0,14.0,15.0,0.0612,0
2023-05-21 08:09:51,1684670991,17.1,57.0,97700,3.00,5.00,7.00,8.00,0.0441,0
2023-05-21 08:14:54,1684671295,17.1,56.4,97700,5.00,8.00,11.0,12.0,0.0487,0
2023-05-21 08:19:37,1684671578,16.9,56.4,97700,4.00,7.00,10.0,12.0,0.0210,0
2023-05-21 08:24:58,1684671899,16.8,56.9,97700,2.00,4.00,5.00,6.00,0.0372,0
2023-05-21 08:29:42,1684672182,16.7,57.2,97729,3.00,6.00,10.0,12.0,0.0372,0
2023-05-21 08:34:45,1684672486,16.7,57.5,97800,4.00,6.00,9.00,10.0,0.0293,0
2023-05-21 08:39:49,1684672790,16.7,57.4,97800,3.00,6.00,9.00,10.0,0.0259,0
2023-05-21 08:44:53,1684673094,16.6,57.5,97800,2.00,8.00,12.0,14.0,0.0453,0
2023-05-21 08:49:57,1684673398,16.6,58.0,97800,4.00,7.00,8.00,9.00,0.0312,0
2023-05-21 08:54:41,1684673681,16.7,57.8,97800,2.00,7.00,11.0,13.0,0.0310,0
2023-05-21 08:59:44,1684673985,16.7,57.6,97800,2.00,4.00,6.00,8.00,0.0281,0
2023-05-21 09:04:48,1684674289,16.7,57.6,97800,2.00,10.0,16.0,19.0,0.0202,0
2023-05-21 09:09:32,1684674572,16.8,57.6,97800,3.00,5.00,6.00,6.00,0.0304,0
2023-05-21 09:24:46,1684675487,16.8,56.9,97800,2.00,4.00,5.00,5.00,0.0201,0
2023-05-21 09:29:47,1684675788,16.7,56.9,97800,3.00,5.00,7.00,7.00,0.0194,0
2023-05-21 09:34:51,1684676092,16.7,57.7,97800,5.00,6.00,6.00,6.00,0.0158,0
2023-05-21 09:39:55,1684676395,16.7,57.8,97833,4.00,5.00,9.00,11.0,0.0154,0
2023-05-21 09:43:57,1684676638,16.7,58.1,97900,6.00,6.00,6.00,6.00,0.0154,0
2023-05-21 09:49:48,1684676988,16.6,58.9,97900,2.00,8.00,13.0,16.0,0.0162,0
2023-05-21 09:54:57,1684677298,16.6,59.2,97900,3.00,6.00,8.00,9.00,0.0209,0
2023-05-21 09:56:58,1684677419,16.6,59.2,97900,1.00,3.00,4.00,4.00,0.0209,0
2023-05-21 11:09:58,1684681798,19.6,50.7,98000,22.0,27.0,30.0,31.0,,
2023-05-21 11:13:25,1684682005,19.8,50.5,98000,18.0,25.0,32.0,36.0,,
2023-05-21 11:29:53,1684682993,21.0,45.6,98000,23.0,26.0,28.0,30.0,,
2023-05-21 11:34:54,1684683294,21.2,44.6,98000,19.0,22.0,28.0,31.0,,
2023-05-21 11:41:23,1684683684,21.6,42.3,98000,20.0,22.0,23.0,24.0,0.141,0
2023-05-21 11:49:52,1684684193,22.4,44.4,98100,15.0,23.0,29.0,32.0,0.141,0
2023-05-21 11:51:13,1684684273,22.7,41.9,98100,8.00,12.0,16.0,17.0,0.0535,0
2023-05-21 12:13:25,1684685605,22.3,40.5,98100,8.00,8.00,8.00,8.00,,
2023-05-21 12:24:43,1684686283,22.5,36.3,98100,7.00,8.00,8.00,8.00,,
2023-05-21 12:28:03,1684686484,22.6,36.7,98100,8.00,13.0,17.0,19.0,,
2023-05-21 12:39:44,1684687184,23.6,36.5,98133,5.00,6.00,6.00,6.00,,
2023-05-21 12:44:24,1684687465,23.6,35.3,98164,9.00,10.0,12.0,13.0,,
2023-05-21 12:54:41,1684688081,23.4,36.4,98200,4.00,5.00,7.00,8.00,,
2023-05-21 12:59:58,1684688399,23.6,36.1,98200,5.00,7.00,8.00,9.00,0.0286,0
2023-05-21 13:04:59,1684688699,23.8,34.9,98200,8.00,9.00,11.0,13.0,0.0652,0
2023-05-21 13:09:40,1684688980,24.1,35.0,98200,10.0,14.0,17.0,18.0,0.0349,0
2023-05-21 13:14:40,1684689281,24.4,34.7,98200,5.00,6.00,8.00,9.00,0.0208,0
2023-05-21 13:19:41,1684689581,24.6,32.4,98173,8.00,9.00,11.0,11.0,0.0146,0
2023-05-21 13:24:41,1684689881,24.9,32.7,98140,7.00,8.00,12.0,14.0,0.0227,0
2023-05-21 13:29:41,1684690181,25.4,31.5,98187,10.0,12.0,14.0,16.0,0.0318,0
2023-05-21 13:34:41,1684690481,25.2,30.3,98180,8.00,11.0,12.0,13.0,0.0532,0
2023-05-21 13:39:41,1684690781,24.9,31.3,98200,9.00,15.0,19.0,21.0,0.0532,0
2023-05-21 13:44:41,1684691081,25.1,31.1,98200,8.00,11.0,13.0,14.0,0.0322,0
2023-05-21 13:49:41,1684691381,25.5,30.3,98200,12.0,13.0,16.0,17.0,0.0709,0
2023-05-21 13:54:40,1684691681,26.1,29.4,98200,11.0,18.0,23.0,25.0,0.0577,0
2023-05-21 13:59:40,1684691981,26.7,27.5,98200,10.0,14.0,17.0,19.0,0.0577,0
2023-05-21 14:04:59,1684692300,27.2,26.2,98200,13.0,13.0,13.0,13.0,0.0788,0
2023-05-21 14:09:59,1684692599,27.4,25.7,98200,9.00,11.0,13.0,14.0,0.0275,0
2023-05-21 14:14:58,1684692898,27.5,25.6,98200,9.00,11.0,14.0,16.0,0.0591,0
2023-05-21 14:19:57,1684693198,27.1,25.8,98200,13.0,19.0,23.0,25.0,0.0288,0
2023-05-21 14:24:57,1684693497,27.6,23.5,98200,12.0,14.0,15.0,16.0,0.0358,0
2023-05-21 14:29:55,1684693796,28.1,21.3,98200,11.0,13.0,14.0,15.0,0.0970,0
2023-05-21 14:34:54,1684694095,27.9,22.3,98200,12.0,13.0,14.0,15.0,0.0286,0
2023-05-21 14:39:54,1684694394,27.4,22.1,98267,14.0,16.0,17.0,17.0,0.0726,0
2023-05-21 14:44:53,1684694694,27.2,22.5,98300,14.0,17.0,19.0,20.0,0.0810,0
2023-05-21 14:49:52,1684694993,27.3,20.8,98300,14.0,15.0,16.0,17.0,0.0340,0
2023-05-21 14:54:52,1684695292,26.7,21.7,98300,12.0,13.0,16.0,17.0,0.0609,0
2023-05-21 14:59:49,1684695589,26.1,22.3,98300,14.0,16.0,16.0,17.0,0.0594,0
2023-05-21 15:04:48,1684695889,26.3,20.5,98300,15.0,17.0,19.0,19.0,0.0258,0
2023-05-21 15:09:48,1684696188,26.8,20.4,98300,19.0,22.0,23.0,25.0,0.0680,0
2023-05-21 15:14:47,1684696488,27.5,19.1,98300,12.0,14.0,14.0,15.0,0.0665,0
2023-05-21 15:19:53,1684696794,27.6,18.6,98300,13.0,19.0,23.0,25.0,0.0411,0
2023-05-21 15:24:52,1684697093,27.8,19.1,98300,16.0,18.0,20.0,21.0,0.0779,0
2023-05-21 15:29:51,1684697392,28.4,18.9,98300,16.0,18.0,19.0,20.0,0.336,0
2023-05-21 15:32:50,1684697571,29.2,18.7,98300,15.0,18.0,19.0,20.0,0.0778,0
2023-05-21 15:39:58,1684697998,30.3,14.9,98325,10.0,11.0,13.0,15.0,0.0431,0
2023-05-21 15:44:56,1684698296,30.3,14.8,98380,11.0,14.0,15.0,16.0,0.413,0
2023-05-21 15:49:54,1684698594,30.3,15.8,98400,13.0,14.0,14.0,14.0,0.413,0
2023-05-21 15:54:52,1684698893,29.9,16.5,98400,14.0,16.0,17.0,17.0,0.0547,0
2023-05-21 15:59:50,1684699191,29.2,16.9,98400,12.0,15.0,16.0,17.0,0.0151,0
2023-05-21 16:04:49,1684699490,27.8,18.0,98400,9.00,11.0,12.0,13.0,0.0172,0
2023-05-21 16:07:29,1684699650,27.8,17.9,98400,13.0,17.0,20.0,21.0,0.0418,0
2023-05-21 16:23:39,1684700619,28.9,15.0,98400,9.00,10.0,11.0,12.0,0.0745,0
2023-05-21 16:34:57,1684701298,30.1,14.7,98400,8.00,9.00,10.0,10.0,0.0146,0
2023-05-21 16:39:55,1684701596,30.7,14.4,98400,11.0,15.0,18.0,19.0,0.0241,0
2023-05-21 16:41:34,1684701695,31.3,14.3,98420,5.00,7.00,8.00,9.00,0.00991,0
2023-05-21 16:49:52,1684702192,32.0,13.0,98500,6.00,7.00,9.00,10.0,0.0196,0
2023-05-21 16:54:49,1684702490,32.1,12.6,98500,4.00,8.00,12.0,14.0,0.164,0
2023-05-21 16:59:46,1684702787,31.4,12.5,98500,6.00,6.00,8.00,8.00,0.0996,0
2023-05-21 17:04:47,1684703087,30.5,13.7,98500,7.00,8.00,9.00,10.0,0.0180,0
2023-05-21 17:09:44,1684703385,31.2,12.9,98500,5.00,9.00,12.0,13.0,0.0204,0
2023-05-21 17:14:41,1684703682,31.3,12.6,98500,5.00,10.0,14.0,16.0,0.0576,0
2023-05-21 17:19:39,1684703979,31.2,12.8,98500,4.00,6.00,8.00,9.00,0.0282,0
2023-05-21 17:20:04,1684704005,31.2,12.5,98500,2.00,7.00,11.0,13.0,0.0189,0
2023-05-21 17:29:40,1684704581,31.8,12.2,98500,2.00,4.00,7.00,8.00,0.0189,0
2023-05-21 17:34:57,1684704898,31.4,10.9,98500,4.00,9.00,13.0,15.0,0.0188,0
2023-05-21 17:37:56,1684705077,30.7,10.3,98556,4.00,8.00,12.0,13.0,0.0145,0
2023-05-21 17:44:58,1684705499,30.5,10.4,98600,2.00,4.00,6.00,7.00,0.0430,0
2023-05-21 17:49:56,1684705796,30.5,9.59,98600,2.00,4.00,5.00,6.00,0.0224,0
2023-05-21 17:53:34,1684706015,30.1,9.84,98600,1.00,3.00,4.00,4.00,0.0317,0
2023-05-21 17:59:52,1684706393,28.4,10.5,98600,1.00,3.00,5.00,6.00,0.0160,0
2023-05-21 18:04:51,1684706691,27.9,11.4,98600,2.00,4.00,7.00,9.00,0.0107,0
2023-05-21 18:09:49,1684706990,27.4,12.3,98600,2.00,6.00,10.0,11.0,0.0228,0
2023-05-21 18:11:08,1684707068,27.3,11.9,98600,2.00,3.00,4.00,5.00,0.0228,0
2023-05-21 18:19:59,1684707600,27.2,11.5,98600,2.00,3.00,5.00,6.00,0.0213,0
2023-05-21 18:24:59,1684707899,26.5,12.6,98607,2.00,4.00,5.00,6.00,0.0205,0
2023-05-21 18:29:58,1684708198,25.7,12.9,98673,3.00,7.00,11.0,13.0,0.0260,0
2023-05-21 18:34:57,1684708498,25.1,13.9,98700,2.00,5.00,8.00,9.00,0.0263,0
2023-05-21 18:39:57,1684708798,24.9,14.7,98700,1.00,4.00,7.00,9.00,0.0171,0
2023-05-21 18:44:57,1684709098,24.8,14.5,98700,1.00,3.00,5.00,6.00,0.0176,0
2023-05-21 18:49:58,1684709398,24.2,14.5,98700,2.00,6.00,9.00,11.0,0.0136,0
2023-05-21 18:54:59,1684709699,23.7,14.5,98700,3.00,6.00,10.0,12.0,0.0126,0
2023-05-21 18:59:59,1684710000,23.1,14.9,98700,1.00,2.00,4.00,4.00,0.0354,0
2023-05-21 19:04:40,1684710280,22.9,15.3,98700,1.00,6.00,10.0,12.0,0.0354,0
2023-05-21 19:09:41,1684710581,22.9,15.9,98753,1.00,6.00,9.00,11.0,0.0399,0
2023-05-21 19:14:42,1684710882,23.2,15.5,98800,2.00,5.00,8.00,10.0,0.0398,0
2023-05-21 19:19:42,1684711183,23.2,15.4,98800,3.00,6.00,10.0,11.0,0.0160,0
2023-05-21 19:24:43,1684711484,22.8,16.0,98800,2.00,8.00,13.0,15.0,0.0191,0
2023-05-21 19:29:44,1684711785,22.2,16.1,98800,2.00,6.00,9.00,10.0,0.0178,0
2023-05-21 19:34:46,1684712087,21.2,16.4,98800,2.00,5.00,7.00,8.00,0.0216,0
2023-05-21 19:39:48,1684712389,20.1,16.9,98800,2.00,5.00,8.00,9.00,0.0162,0
2023-05-21 19:44:50,1684712691,19.4,17.0,98800,2.00,3.00,4.00,4.00,0.0314,0
2023-05-21 19:49:53,1684712994,18.7,17.8,98820,1.00,4.00,6.00,7.00,0.0314,0
2023-05-21 19:54:56,1684713296,18.2,18.4,98900,1.00,6.00,10.0,12.0,0.0234,0
2023-05-21 19:59:59,1684713599,17.9,19.2,98900,2.00,5.00,8.00,10.0,0.0173,0
2023-05-21 20:04:42,1684713882,17.6,19.6,98900,1.00,2.00,2.00,3.00,0.0242,0
2023-05-21 20:09:45,1684714186,17.2,20.0,98900,1.00,4.00,7.00,9.00,0.0152,0
2023-05-21 20:14:49,1684714489,16.9,20.3,98900,2.00,3.00,5.00,6.00,0.0213,0
2023-05-21 20:19:52,1684714793,16.6,20.5,98900,1.00,3.00,5.00,6.00,0.0112,0
2023-05-21 20:24:56,1684715096,16.4,20.5,98900,1.00,2.00,4.00,5.00,0.0180,0
2023-05-21 20:29:59,1684715400,16.1,21.2,98953,1.00,3.00,5.00,6.00,0.0202,0
2023-05-21 20:34:43,1684715683,15.9,21.6,99000,1.00,4.00,7.00,8.00,0.0163,0
2023-05-21 20:39:47,1684715987,15.6,21.8,99000,2.00,5.00,8.00,9.00,0.0138,0
2023-05-21 20:44:51,1684716291,15.3,22.2,99000,1.00,3.00,5.00,6.00,0.0111,0
2023-05-21 20:49:55,1684716595,15.1,22.5,99000,1.00,3.00,5.00,6.00,0.00905,0
2023-05-21 20:54:59,1684716900,14.9,22.7,99000,1.00,4.00,7.00,9.00,0.0121,0
2023-05-21 20:59:43,1684717184,14.7,22.8,99000,1.00,3.00,5.00,6.00,0.0120,0
2023-05-21 21:04:48,1684717488,14.5,23.0,99000,2.00,4.00,5.00,6.00,0.0153,0
2023-05-21 21:09:52,1684717793,14.3,23.7,99093,1.00,3.00,5.00,6.00,0.0142,0
2023-05-21 21:14:57,1684718098,14.2,24.1,99100,3.00,5.00,7.00,9.00,0.0142,0
2023-05-21 21:19:41,1684718382,14.0,24.5,99100,1.00,3.00,5.00,6.00,0.0224,0
2023-05-21 21:24:46,1684718687,13.9,24.7,99100,1.00,3.00,5.00,6.00,0.0125,0
2023-05-21 21:29:51,1684718991,13.7,25.1,99100,1.00,2.00,4.00,4.00,0.0122,0
2023-05-21 21:34:55,1684719296,13.4,25.1,99100,2.00,3.00,5.00,6.00,0.0142,0
2023-05-21 21:39:40,1684719580,13.3,25.3,99157,2.00,3.00,5.00,6.00,0.0101,0
2023-05-21 21:44:45,1684719885,13.1,25.7,99200,1.00,2.00,4.00,4.00,0.0123,0
2023-05-21 21:49:50,1684720191,12.8,26.2,99200,1.00,3.00,5.00,6.00,0.0133,0
2023-05-21 21:54:55,1684720496,12.6,26.3,99200,2.00,3.00,5.00,6.00,0.0145,0
2023-05-21 21:59:40,1684720781,12.4,26.5,99200,1.00,7.00,11.0,13.0,0.0145,0
2023-05-21 22:04:45,1684721086,12.2,26.6,99200,1.00,3.00,5.00,6.00,0.0228,0
2023-05-21 22:09:51,1684721392,11.9,27.4,99200,1.00,3.00,5.00,6.00,0.0223,0
2023-05-21 22:14:57,1684721697,11.7,27.4,99240,1.00,5.00,9.00,11.0,0.0224,0
2023-05-21 22:19:42,1684721982,11.5,27.7,99300,1.00,5.00,8.00,9.00,0.0103,0
2023-05-21 22:24:47,1684722288,11.4,27.6,99300,1e-7,3.00,5.00,6.00,0.0115,0
2023-05-21 22:29:53,1684722593,11.2,27.7,99300,1.00,3.00,5.00,6.00,0.0176,0
2023-05-21 22:34:59,1684722899,11.1,27.9,99300,1.00,5.00,8.00,10.0,0.0176,0
2023-05-21 22:39:44,1684723185,11.0,28.1,99300,2.00,5.00,8.00,9.00,0.0179,0
2023-05-21 22:44:50,1684723491,10.9,28.0,99300,2.00,4.00,7.00,8.00,0.0140,0
2023-05-21 22:49:56,1684723797,10.7,27.9,99300,2.00,5.00,8.00,10.0,0.0176,0
2023-05-21 22:54:42,1684724082,10.5,28.4,99300,1.00,4.00,6.00,7.00,0.0261,0
2023-05-21 22:59:48,1684724388,10.3,28.4,99300,1.00,3.00,5.00,6.00,0.0340,0
2023-05-21 23:04:54,1684724694,10.1,28.9,99300,2.00,6.00,10.0,12.0,0.0295,0
2023-05-21 23:09:39,1684724980,9.94,29.0,99307,2.00,6.00,10.0,12.0,0.0190,0
2023-05-21 23:14:46,1684725286,9.77,29.1,99400,1.00,6.00,9.00,11.0,0.0190,0
2023-05-21 23:19:52,1684725592,9.60,29.2,99400,2.00,3.00,5.00,6.00,0.0233,0
2023-05-21 23:24:58,1684725898,9.43,29.3,99400,1.00,5.00,8.00,10.0,0.0439,0
2023-05-21 23:29:44,1684726184,9.29,29.6,99400,1.00,3.00,5.00,6.00,0.0235,0
2023-05-21 23:34:50,1684726491,9.13,30.0,99400,1.00,3.00,5.00,6.00,0.0147,0
2023-05-21 23:39:57,1684726797,8.95,30.0,99400,2.00,11.0,18.0,22.0,0.0402,0
2023-05-21 23:44:43,1684727084,8.81,30.4,99400,2.00,3.00,5.00,6.00,0.0402,0
2023-05-21 23:49:50,1684727390,8.64,30.5,99400,1.00,6.00,10.0,12.0,0.0213,0
2023-05-21 23:54:56,1684727697,8.48,30.4,99413,1.00,4.00,7.00,9.00,0.0177,0
2023-05-21 23:59:43,1684727983,8.34,31.2,99500,1e-7,3.00,5.00,6.00,0.0200,0
2023-05-22 00:04:50,1684728290,8.18,31.5,99500,2.00,3.00,5.00,6.00,0.0401,0
2023-05-22 00:09:56,1684728597,8.07,31.7,99500,1.00,3.00,5.00,6.00,0.0186,0
2023-05-22 00:14:43,1684728883,7.93,31.7,99500,1.00,3.00,5.00,6.00,0.0170,0
2023-05-22 00:19:50,1684729190,7.82,31.9,99500,2.00,3.00,4.00,5.00,0.0155,0
2023-05-22 00:24:57,1684729497,7.66,31.7,99500,1.00,5.00,9.00,11.0,0.0303,0
2023-05-22 00:29:44,1684729784,7.54,32.2,99500,2.00,3.00,5.00,6.00,0.0303,0
2023-05-22 00:34:50,1684730090,7.44,32.0,99500,2.00,3.00,4.00,5.00,0.0212,0
2023-05-22 00:39:57,1684730397,7.34,32.3,99500,2.00,7.00,11.0,13.0,0.0218,0
2023-05-22 00:44:43,1684730684,7.25,32.4,99500,2.00,4.00,7.00,9.00,0.0238,0
2023-05-22 00:49:50,1684730991,7.18,32.9,99500,1e-7,3.00,5.00,6.00,0.0305,0
2023-05-22 00:54:57,1684731298,7.10,33.1,99500,2.00,3.00,5.00,6.00,0.0285,0
2023-05-22 00:59:44,1684731585,7.04,33.1,99500,1.00,6.00,10.0,12.0,0.0269,0
2023-05-22 01:04:51,1684731892,6.98,33.4,99500,1.00,5.00,8.00,10.0,0.0208,0
2023-05-22 01:09:59,1684732199,6.93,33.3,99500,1.00,5.00,8.00,10.0,0.0168,0
2023-05-22 01:14:46,1684732486,6.85,33.3,99500,2.00,4.00,6.00,7.00,0.0155,0
2023-05-22 01:19:53,1684732793,6.77,33.5,99500,1.00,6.00,9.00,11.0,0.0155,0
2023-05-22 01:24:40,1684733080,6.72,33.5,99500,2.00,9.00,14.0,17.0,0.00890,0
2023-05-22 01:29:47,1684733388,6.67,33.5,99500,1.00,6.00,10.0,12.0,0.0456,0
2023-05-22 01:34:55,1684733696,6.59,33.5,99580,1.00,3.00,5.00,6.00,0.0456,0
2023-05-22 01:39:42,1684733983,6.53,33.4,99600,2.00,5.00,8.00,9.00,0.0386,0
2023-05-22 01:44:50,1684734290,6.47,33.2,99600,1.00,3.00,5.00,6.00,0.0186,0
2023-05-22 01:49:57,1684734598,6.38,33.1,99600,1.00,3.00,5.00,6.00,0.0243,0
2023-05-22 01:54:44,1684734885,6.33,33.6,99600,1.00,3.00,5.00,6.00,0.0243,0
2023-05-22 01:59:52,1684735192,6.21,33.4,99600,1.00,3.00,5.00,6.00,0.0112,0
2023-05-22 02:04:59,1684735500,6.10,34.0,99600,2.00,8.00,13.0,15.0,0.0492,0
2023-05-22 02:09:47,1684735787,5.93,34.1,99600,2.00,3.00,5.00,6.00,0.0492,0
2023-05-22 02:14:54,1684736095,5.72,34.4,99600,2.00,5.00,7.00,8.00,0.0509,0
2023-05-22 02:19:42,1684736382,5.47,34.8,99600,2.00,2.00,4.00,4.00,0.0157,0
2023-05-22 02:24:50,1684736690,5.17,35.2,99600,3.00,4.00,6.00,7.00,0.0218,0
2023-05-22 02:29:58,1684736998,4.87,35.6,99600,2.00,3.00,5.00,6.00,0.0185,0
2023-05-22 02:34:45,1684737285,4.63,36.2,99600,2.00,3.00,5.00,6.00,0.0186,0
2023-05-22 02:39:53,1684737593,4.44,36.8,99600,2.00,4.00,7.00,8.00,0.0186,0
2023-05-22 02:44:41,1684737881,4.30,37.5,99600,1.00,3.00,5.00,6.00,0.0171,0
2023-05-22 02:49:49,1684738189,4.26,37.9,99613,2.00,8.00,12.0,14.0,0.0490,0
2023-05-22 02:54:57,1684738498,4.21,38.5,99700,2.00,5.00,8.00,9.00,0.0490,0
2023-05-22 02:59:45,1684738786,4.12,37.6,99700,1.00,2.00,4.00,5.00,0.0361,0
2023-05-22 03:04:53,1684739094,4.07,38.2,99700,2.00,6.00,10.0,12.0,0.0136,0
2023-05-22 03:09:41,1684739382,3.96,38.6,99700,2.00,7.00,11.0,13.0,0.0374,0
2023-05-22 03:14:50,1684739690,3.83,39.0,99700,2.00,5.00,8.00,9.00,0.0147,0
2023-05-22 03:19:59,1684739999,3.68,39.3,99700,2.00,4.00,6.00,7.00,0.0145,0
2023-05-22 03:24:47,1684740287,3.58,39.5,99700,2.00,4.00,7.00,8.00,0.0112,0
2023-05-22 03:29:55,1684740596,3.49,40.0,99700,1.00,3.00,5.00,6.00,0.0186,0
2023-05-22 03:34:43,1684740884,3.40,40.1,99700,2.00,6.00,9.00,11.0,0.0201,0
2023-05-22 03:39:52,1684741192,3.29,40.4,99700,2.00,6.00,10.0,12.0,0.0426,0
2023-05-22 03:44:40,1684741480,3.19,40.6,99700,2.00,5.00,9.00,11.0,0.0379,0
2023-05-22 03:49:48,1684741789,3.07,40.9,99700,1.00,3.00,5.00,6.00,0.0220,0
2023-05-22 03:54:57,1684742098,2.94,40.5,99700,2.00,7.00,12.0,14.0,0.0278,0
2023-05-22 03:59:45,1684742386,2.84,40.5,99700,2.00,7.00,11.0,12.0,0.0328,0
2023-05-22 04:04:54,1684742694,2.81,41.0,99700,5.00,7.00,9.00,10.0,0.0856,0
2023-05-22 04:09:42,1684742983,2.77,41.5,99700,1.00,3.00,5.00,6.00,0.0241,0
2023-05-22 04:14:51,1684743292,2.70,41.5,99700,2.00,3.00,5.00,6.00,0.0113,0
2023-05-22 04:19:40,1684743581,2.74,41.5,99700,1.00,3.00,5.00,6.00,0.0193,0
2023-05-22 04:24:49,1684743889,2.77,41.2,99700,2.00,4.00,7.00,9.00,0.0239,0
2023-05-22 04:29:58,1684744198,2.78,41.4,99700,2.00,6.00,10.0,12.0,0.0302,0
2023-05-22 04:34:47,1684744487,2.74,41.5,99779,1.00,5.00,8.00,9.00,0.0169,0
2023-05-22 04:39:56,1684744796,2.69,41.5,99800,2.00,5.00,8.00,9.00,0.0169,0
2023-05-22 04:44:44,1684745084,2.65,41.9,99800,1.00,6.00,10.0,12.0,0.0221,0
2023-05-22 04:49:53,1684745393,2.67,41.8,99800,2.00,10.0,16.0,19.0,0.0221,0
2023-05-22 04:54:42,1684745682,2.70,41.8,99800,2.00,6.00,10.0,12.0,0.0186,0
2023-05-22 04:59:50,1684745991,2.73,42.3,99800,2.00,6.00,10.0,12.0,0.0314,0
2023-05-22 05:04:59,1684746300,2.71,42.0,99800,3.00,7.00,10.0,12.0,0.0149,0
2023-05-22 05:09:48,1684746588,2.71,41.5,99800,2.00,3.00,5.00,6.00,0.0206,0
2023-05-22 05:14:57,1684746897,2.75,41.6,99800,2.00,5.00,7.00,9.00,0.0435,0
2023-05-22 05:19:45,1684747185,2.77,42.4,99800,2.00,6.00,9.00,11.0,0.0213,0
2023-05-22 05:24:53,1684747494,2.75,41.9,99800,2.00,4.00,5.00,6.00,0.0178,0
2023-05-22 05:29:42,1684747782,2.74,42.0,99800,1.00,3.00,5.00,6.00,0.0351,0
2023-05-22 05:34:50,1684748091,2.84,43.9,99800,2.00,4.00,7.00,9.00,0.0351,0
2023-05-22 05:39:59,1684748399,3.01,44.6,99800,1.00,2.00,4.00,4.00,0.0160,0
2023-05-22 05:44:47,1684748687,3.30,43.2,99800,2.00,6.00,10.0,11.0,0.0133,0
2023-05-22 05:49:14,1684748954,3.54,42.2,99800,1.00,2.00,3.00,3.00,0.0158,0
2023-05-22 05:59:49,1684749589,4.27,40.2,99800,1e-7,1.00,2.00,2.00,0.00724,0
2023-05-22 06:04:36,1684749877,4.43,39.8,99879,2.00,5.00,9.00,11.0,0.0214,0
2023-05-22 06:19:40,1684750781,5.24,38.0,99900,2.00,7.00,11.0,13.0,0.0687,0
2023-05-22 06:24:48,1684751088,5.45,38.1,99900,2.00,8.00,12.0,15.0,0.0446,0
2023-05-22 06:29:55,1684751396,5.65,37.4,99900,4.00,8.00,12.0,14.0,0.0209,0
2023-05-22 06:34:42,1684751683,5.84,37.5,99900,2.00,6.00,10.0,12.0,0.0669,0
2023-05-22 06:39:50,1684751990,6.05,36.9,99900,2.00,9.00,14.0,17.0,0.0984,0
2023-05-22 06:44:57,1684752298,6.24,36.2,99900,1.00,3.00,5.00,6.00,0.109,0
2023-05-22 06:49:44,1684752584,6.46,35.4,99900,2.00,4.00,6.00,7.00,0.133,0
2023-05-22 06:54:51,1684752891,6.69,35.1,99900,2.00,4.00,6.00,6.00,0.0150,0
2023-05-22 06:59:58,1684753198,6.95,34.4,99900,1.00,6.00,10.0,12.0,0.0168,0
2023-05-22 07:04:44,1684753485,7.27,34.0,99900,2.00,5.00,9.00,10.0,0.0168,0
2023-05-22 07:09:51,1684753791,7.64,33.3,99900,2.00,5.00,8.00,9.00,0.0258,0
2023-05-22 07:14:57,1684754098,8.05,33.0,99900,2.00,5.00,8.00,10.0,0.0138,0
2023-05-22 07:19:43,1684754384,8.51,32.1,99900,2.00,5.00,8.00,9.00,0.0200,0
2023-05-22 07:24:50,1684754690,8.87,31.2,99900,2.00,6.00,9.00,11.0,0.0129,0
2023-05-22 07:29:55,1684754996,9.25,31.1,99900,2.00,4.00,6.00,7.00,0.0291,0
2023-05-22 07:34:41,1684755282,9.67,30.6,99900,2.00,5.00,7.00,8.00,0.0291,0
2023-05-22 07:39:27,1684755567,10.00,30.0,99900,3.00,3.00,4.00,5.00,0.0124,0
2023-05-22 08:34:34,1684758874,13.4,26.9,100000,1e-7,1.00,1.00,1.00,,
2023-05-22 08:45:51,1684759551,13.8,25.8,100000,1e-7,1e-7,1e-7,1e-7,,
2023-05-22 09:39:49,1684762790,14.8,24.5,100000,3.00,5.00,7.00,8.00,,
2023-05-22 09:44:53,1684763093,14.9,24.4,100000,3.00,3.00,5.00,6.00,,
2023-05-22 09:45:13,1684763114,14.9,23.8,100000,2.00,2.00,3.00,3.00,,
2023-05-22 09:54:56,1684763697,14.7,23.7,100000,1e-7,2.00,4.00,5.00,,
2023-05-22 10:04:46,1684764287,14.7,24.1,100000,2.00,3.00,4.00,5.00,0.0132,0
2023-05-22 10:09:50,1684764591,14.7,24.0,100000,2.00,8.00,13.0,16.0,0.0681,0
2023-05-22 10:14:54,1684764895,14.8,23.7,100000,2.00,4.00,6.00,7.00,0.0681,0
2023-05-22 10:19:58,1684765199,14.6,23.7,100000,2.00,5.00,8.00,9.00,0.0561,0
2023-05-22 10:24:42,1684765483,14.6,24.0,100000,2.00,3.00,4.00,5.00,0.0128,0
2023-05-22 10:29:46,1684765787,14.7,24.0,100000,2.00,3.00,4.00,5.00,0.0383,0
2023-05-22 10:34:51,1684766091,14.9,23.9,100000,2.00,2.00,4.00,4.00,0.0105,0
2023-05-22 10:39:55,1684766395,15.0,23.7,100000,3.00,4.00,5.00,6.00,0.0106,0
2023-05-22 10:44:59,1684766699,14.9,23.7,100000,4.00,6.00,8.00,9.00,0.0206,0
2023-05-22 10:49:43,1684766983,14.9,24.0,100000,4.00,6.00,8.00,9.00,0.0198,0
2023-05-22 10:54:47,1684767288,15.1,24.3,100000,2.00,4.00,5.00,6.00,0.0112,0
2023-05-22 10:59:51,1684767592,15.3,24.2,99913,2.00,5.00,9.00,11.0,0.0124,0
2023-05-22 11:04:55,1684767896,15.6,24.0,99900,2.00,3.00,5.00,6.00,0.0191,0
2023-05-22 11:09:39,1684768180,15.7,23.1,99900,4.00,7.00,8.00,9.00,0.0191,0
2023-05-22 11:14:43,1684768484,15.6,22.9,99900,2.00,5.00,9.00,11.0,0.0320,0
2023-05-22 11:19:48,1684768788,15.6,22.9,99900,3.00,5.00,9.00,11.0,0.0230,0
2023-05-22 11:24:52,1684769092,15.6,22.7,99900,3.00,4.00,5.00,6.00,0.0184,0
2023-05-22 11:29:55,1684769396,15.7,22.8,99900,1.00,2.00,4.00,4.00,0.0138,0
2023-05-22 11:34:59,1684769700,15.9,22.8,99900,2.00,3.00,5.00,6.00,0.0146,0
2023-05-22 11:39:43,1684769984,16.0,22.8,99900,2.00,3.00,5.00,6.00,0.0115,0
2023-05-22 11:44:47,1684770288,16.2,22.5,99900,1.00,3.00,5.00,6.00,0.0106,0
2023-05-22 11:49:51,1684770592,16.3,21.8,99900,2.00,5.00,8.00,10.0,0.0116,0
2023-05-22 11:53:14,1684770794,16.2,21.6,99900,1.00,4.00,7.00,8.00,0.0278,0
2023-05-22 12:09:42,1684771782,16.6,20.6,99900,1.00,2.00,4.00,4.00,,
2023-05-22 12:11:02,1684771863,16.7,21.0,99900,1.00,2.00,2.00,3.00,,
2023-05-22 12:19:51,1684772391,17.0,20.8,99900,2.00,2.00,4.00,4.00,,
2023-05-22 12:24:53,1684772694,17.3,21.1,99900,2.00,5.00,9.00,11.0,,
2023-05-22 12:29:55,1684772996,17.7,21.0,99900,2.00,5.00,7.00,9.00,0.0186,0
2023-05-22 12:31:16,1684773077,17.8,20.4,99900,2.00,8.00,13.0,16.0,0.0300,0
2023-05-22 12:44:51,1684773891,18.3,19.9,99800,1e-7,3.00,4.00,5.00,0.0300,0
2023-05-22 12:47:32,1684774052,18.4,20.0,99800,2.00,7.00,11.0,14.0,0.0356,0
2023-05-22 12:54:51,1684774492,18.8,19.5,99800,2.00,7.00,11.0,13.0,0.0270,0
2023-05-22 12:59:53,1684774793,18.9,19.4,99800,2.00,3.00,3.00,3.00,0.0321,0
2023-05-22 13:03:54,1684775035,19.2,18.9,99800,2.00,3.00,4.00,4.00,0.0321,0
2023-05-22 13:14:41,1684775682,20.2,18.1,99800,2.00,8.00,14.0,16.0,0.0255,0
2023-05-22 13:19:42,1684775983,20.4,17.8,99800,3.00,4.00,6.00,7.00,0.0255,0
2023-05-22 13:21:23,1684776083,20.5,17.5,99800,1.00,1.00,1.00,2.00,0.0171,0
2023-05-22 13:34:46,1684776886,21.5,16.6,99800,3.00,6.00,9.00,11.0,0.0162,0
2023-05-22 13:39:46,1684777187,21.8,16.5,99800,2.00,4.00,5.00,6.00,0.0197,0
2023-05-22 13:42:27,1684777347,22.1,15.8,99800,2.00,5.00,9.00,10.0,0.00920,0
2023-05-22 13:54:50,1684778091,22.4,15.4,99800,1.00,2.00,2.00,2.00,0.0120,0
2023-05-22 13:57:10,1684778231,22.5,14.1,99800,1.00,4.00,6.00,7.00,0.0131,0
2023-05-22 14:09:45,1684778986,22.5,14.9,99800,2.00,3.00,4.00,5.00,0.0197,0
2023-05-22 14:14:46,1684779286,22.8,14.8,99800,2.00,5.00,8.00,9.00,0.0130,0
2023-05-22 14:15:46,1684779346,23.2,13.9,99800,2.00,2.00,2.00,2.00,0.0130,0
2023-05-22 14:29:48,1684780189,24.6,12.4,99800,2.00,5.00,8.00,9.00,0.0127,0
2023-05-22 14:33:08,1684780389,24.8,13.1,99800,3.00,4.00,5.00,6.00,0.0115,0
2023-05-22 14:44:45,1684781085,25.6,11.3,99800,2.00,5.00,7.00,9.00,0.0100,0
2023-05-22 14:49:44,1684781385,25.8,11.4,99800,2.00,5.00,9.00,11.0,0.0136,0
2023-05-22 14:50:04,1684781405,26.1,11.3,99800,1e-7,1.00,2.00,2.00,0.0110,0
2023-05-22 14:59:59,1684781999,26.6,11.1,99800,2.00,5.00,8.00,10.0,0.0110,0
2023-05-22 15:04:58,1684782298,27.0,10.7,99800,2.00,4.00,5.00,6.00,0.0140,0
2023-05-22 15:06:17,1684782378,27.1,10.7,99800,1.00,1.00,2.00,2.00,0.0102,0
2023-05-22 15:19:52,1684783192,28.0,9.33,99800,2.00,3.00,4.00,5.00,0.0227,0
2023-05-22 15:24:50,1684783490,28.3,8.72,99700,3.00,3.00,5.00,6.00,0.0109,0
2023-05-22 15:26:49,1684783609,28.7,8.38,99700,2.00,4.00,5.00,6.00,0.0109,0
2023-05-22 15:39:46,1684784387,29.2,8.60,99700,2.00,3.00,4.00,4.00,0.00994,0
2023-05-22 15:42:05,1684784526,29.1,9.45,99700,2.00,3.00,5.00,5.00,0.00919,0
2023-05-22 15:54:50,1684785291,28.7,8.82,99700,1.00,4.00,7.00,9.00,0.0127,0
2023-05-22 15:59:09,1684785549,29.2,8.50,99700,2.00,3.00,5.00,6.00,0.0127,0
2023-05-22 16:09:47,1684786188,30.4,8.08,99700,2.00,2.00,2.00,2.00,0.0117,0
2023-05-22 16:14:45,1684786485,30.5,8.51,99700,2.00,5.00,8.00,9.00,0.0151,0
2023-05-22 16:18:23,1684786703,30.1,8.96,99700,3.00,3.00,4.00,4.00,0.0105,0
2023-05-22 16:29:42,1684787383,29.7,8.76,99700,1.00,2.00,3.00,4.00,0.0125,0
2023-05-22 16:34:40,1684787680,29.9,8.53,99700,2.00,7.00,11.0,13.0,0.0171,0
2023-05-22 16:39:57,1684787998,30.0,8.87,99700,2.00,4.00,7.00,9.00,0.0125,0
2023-05-22 16:44:55,1684788295,29.9,8.02,99700,2.00,3.00,4.00,4.00,0.0159,0
2023-05-22 16:49:52,1684788593,30.0,8.81,99700,3.00,3.00,5.00,6.00,0.0177,0
2023-05-22 16:54:50,1684788890,29.8,8.69,99700,2.00,5.00,7.00,9.00,0.0209,0
2023-05-22 16:59:47,1684789188,29.8,8.77,99700,3.00,4.00,5.00,6.00,0.0182,0
2023-05-22 17:04:45,1684789486,29.9,8.63,99700,2.00,6.00,10.0,11.0,0.0167,0
2023-05-22 17:09:43,1684789784,29.8,8.58,99700,2.00,3.00,5.00,5.00,0.0142,0
2023-05-22 17:11:42,1684789903,29.5,9.02,99700,2.00,2.00,3.00,3.00,0.0142,0
2023-05-22 17:19:46,1684790386,29.4,9.00,99700,3.00,4.00,5.00,5.00,0.0155,0
2023-05-22 17:24:44,1684790684,29.3,9.13,99700,3.00,6.00,8.00,9.00,0.0115,0
2023-05-22 17:27:43,1684790863,29.3,9.35,99700,1.00,3.00,5.00,5.00,0.0104,0
2023-05-22 17:39:57,1684791598,29.2,9.04,99700,2.00,3.00,5.00,6.00,0.0110,0
2023-05-22 17:44:55,1684791896,29.5,8.85,99700,3.00,7.00,11.0,12.0,0.0110,0
2023-05-22 17:49:13,1684792154,29.6,8.76,99700,7.00,8.00,9.00,10.0,0.0397,0
2023-05-22 17:59:48,1684792788,28.1,9.80,99700,1.00,4.00,6.00,7.00,0.0249,0
2023-05-22 18:01:47,1684792908,27.5,10.0,99700,2.00,3.00,4.00,5.00,0.0254,0
2023-05-22 18:14:44,1684793684,25.5,11.8,99700,2.00,3.00,4.00,5.00,0.0360,0
2023-05-22 18:19:43,1684793984,25.8,11.4,99700,2.00,4.00,7.00,8.00,0.0360,0
2023-05-22 18:24:43,1684794283,25.3,11.8,99700,2.00,5.00,8.00,9.00,0.0132,0
2023-05-22 18:29:43,1684794583,24.0,12.6,99700,2.00,4.00,5.00,6.00,0.0106,0
2023-05-22 18:34:43,1684794884,23.1,13.6,99760,3.00,5.00,8.00,9.00,0.0169,0
2023-05-22 18:39:44,1684795185,22.8,14.0,99800,3.00,5.00,7.00,9.00,0.0153,0
2023-05-22 18:44:45,1684795485,22.6,14.0,99787,2.00,4.00,7.00,9.00,0.0109,0
2023-05-22 18:49:46,1684795787,22.1,14.3,99793,2.00,3.00,4.00,5.00,0.0232,0
2023-05-22 18:54:47,1684796088,21.5,14.9,99800,4.00,7.00,10.0,11.0,0.0232,0
2023-05-22 18:59:49,1684796390,21.1,15.6,99800,2.00,4.00,7.00,9.00,0.0423,0
2023-05-22 19:04:51,1684796691,21.0,15.8,99800,5.00,6.00,10.0,11.0,0.0385,0
2023-05-22 19:09:52,1684796993,21.3,16.5,99800,3.00,5.00,7.00,8.00,0.0249,0
2023-05-22 19:14:53,1684797294,21.8,16.8,99800,3.00,7.00,11.0,12.0,0.0147,0
2023-05-22 19:19:55,1684797595,21.9,17.2,99800,3.00,6.00,9.00,10.0,0.0144,0
2023-05-22 19:24:56,1684797896,21.6,17.6,99800,2.00,6.00,10.0,11.0,0.0176,0
2023-05-22 19:29:58,1684798198,20.7,18.3,99800,2.00,5.00,8.00,9.00,0.0146,0
2023-05-22 19:34:40,1684798480,19.4,19.2,99800,2.00,3.00,5.00,6.00,0.0159,0
2023-05-22 19:39:43,1684798783,18.1,20.4,99800,2.00,8.00,14.0,16.0,0.0181,0
2023-05-22 19:44:46,1684799086,17.1,21.9,99800,2.00,4.00,5.00,6.00,0.0251,0
2023-05-22 19:49:49,1684799390,16.2,22.8,99800,3.00,8.00,13.0,15.0,0.0465,0
2023-05-22 19:54:53,1684799694,15.5,23.6,99800,4.00,5.00,5.00,6.00,0.0174,0
2023-05-22 19:59:57,1684799998,14.9,24.4,99800,4.00,7.00,9.00,10.0,0.0174,0
2023-05-22 20:04:41,1684800282,14.5,25.4,99800,2.00,5.00,7.00,8.00,0.0192,0
2023-05-22 20:09:46,1684800586,14.1,25.8,99800,2.00,5.00,9.00,10.0,0.0168,0
2023-05-22 20:14:50,1684800891,13.7,26.1,99800,2.00,5.00,8.00,9.00,0.0141,0
2023-05-22 20:19:55,1684801195,13.3,26.4,99800,2.00,6.00,9.00,11.0,0.0137,0
2023-05-22 20:24:39,1684801480,13.0,26.8,99800,3.00,6.00,9.00,10.0,0.0200,0
2023-05-22 20:29:45,1684801785,12.7,27.3,99800,3.00,6.00,8.00,9.00,0.0200,0
2023-05-22 20:34:50,1684802090,12.3,27.7,99800,2.00,9.00,14.0,17.0,0.0565,0
2023-05-22 20:39:55,1684802396,12.1,27.8,99800,2.00,3.00,5.00,6.00,0.0565,0
2023-05-22 20:44:40,1684802681,11.9,27.9,99800,2.00,6.00,10.0,12.0,0.0411,0
2023-05-22 20:49:45,1684802986,11.7,29.2,99867,2.00,4.00,5.00,6.00,0.0161,0
2023-05-22 20:54:51,1684803291,11.4,30.1,99900,2.00,4.00,5.00,6.00,0.0125,0
2023-05-22 20:59:57,1684803597,11.1,30.5,99900,2.00,7.00,11.0,13.0,0.0192,0
2023-05-22 21:04:42,1684803882,10.9,30.9,99900,2.00,7.00,11.0,13.0,0.0215,0
2023-05-22 21:09:48,1684804188,10.7,31.4,99900,2.00,6.00,9.00,11.0,0.0202,0
2023-05-22 21:14:54,1684804494,10.6,31.8,99900,3.00,7.00,10.0,12.0,0.0303,0
2023-05-22 21:19:39,1684804780,10.4,32.2,99900,3.00,5.00,7.00,8.00,0.0163,0
2023-05-22 21:24:45,1684805086,10.3,32.6,99900,3.00,5.00,7.00,9.00,0.0689,0
2023-05-22 21:29:52,1684805392,10.1,32.5,99900,2.00,2.00,4.00,4.00,0.0143,0
2023-05-22 21:34:57,1684805697,9.92,32.6,99900,2.00,6.00,10.0,12.0,0.0226,0
2023-05-22 21:39:43,1684805983,9.81,33.3,99900,2.00,3.00,4.00,5.00,0.0293,0
2023-05-22 21:44:49,1684806289,9.67,33.7,99900,2.00,4.00,5.00,6.00,0.0286,0
2023-05-22 21:49:55,1684806596,9.49,33.7,99900,2.00,3.00,4.00,5.00,0.0177,0
2023-05-22 21:54:41,1684806882,9.28,33.8,99900,1.00,5.00,8.00,10.0,0.0112,0
2023-05-22 21:59:48,1684807188,9.10,33.7,99900,2.00,5.00,7.00,8.00,0.0112,0
2023-05-22 22:04:54,1684807495,8.98,33.9,99900,2.00,6.00,8.00,10.0,0.0123,0
2023-05-22 22:09:41,1684807781,8.91,34.1,99900,1.00,3.00,5.00,6.00,0.0134,0
2023-05-22 22:14:48,1684808088,8.85,34.1,99900,2.00,4.00,7.00,8.00,0.0162,0
2023-05-22 22:19:54,1684808395,8.77,34.4,99900,2.00,5.00,8.00,9.00,0.0338,0
2023-05-22 22:24:41,1684808681,8.69,34.9,99900,2.00,6.00,9.00,11.0,0.0491,0
2023-05-22 22:29:47,1684808988,8.56,34.9,99900,2.00,4.00,5.00,6.00,0.0214,0
2023-05-22 22:34:54,1684809295,8.42,34.9,99900,2.00,8.00,13.0,16.0,0.0374,0
2023-05-22 22:39:41,1684809581,8.36,35.2,99900,2.00,5.00,8.00,9.00,0.0323,0
2023-05-22 22:44:48,1684809888,8.34,35.2,99900,3.00,5.00,8.00,9.00,0.0241,0
2023-05-22 22:49:54,1684810195,8.28,35.3,99900,2.00,9.00,15.0,18.0,0.0623,0
2023-05-22 22:54:41,1684810481,8.18,35.3,99900,2.00,5.00,6.00,7.00,0.0958,0
2023-05-22 22:59:48,1684810788,8.04,35.2,99900,2.00,4.00,5.00,6.00,0.0885,0
2023-05-22 23:04:55,1684811095,7.92,35.5,99900,2.00,3.00,4.00,4.00,0.0730,0
2023-05-22 23:09:41,1684811382,7.83,36.6,99900,4.00,5.00,7.00,8.00,0.0212,0
2023-05-22 23:14:48,1684811689,7.74,36.4,99913,2.00,9.00,14.0,17.0,0.0307,0
2023-05-22 23:19:55,1684811996,7.68,36.7,99933,4.00,6.00,8.00,9.00,0.0242,0
2023-05-22 23:24:42,1684812282,7.58,36.9,99957,2.00,6.00,10.0,12.0,0.0205,0
2023-05-22 23:29:49,1684812589,7.44,37.3,99973,3.00,6.00,10.0,11.0,0.0205,0
2023-05-22 23:34:56,1684812897,7.29,37.8,100000,4.00,9.00,13.0,15.0,0.0182,0
2023-05-22 23:39:43,1684813184,7.16,38.4,100000,2.00,5.00,8.00,10.0,0.0394,0
2023-05-22 23:44:50,1684813491,7.03,38.8,100000,3.00,5.00,8.00,10.0,0.0486,0
2023-05-22 23:49:58,1684813798,6.92,39.1,99993,2.00,7.00,12.0,14.0,0.0486,0
2023-05-22 23:54:45,1684814086,6.85,39.6,100000,2.00,7.00,11.0,13.0,0.0359,0
2023-05-22 23:59:53,1684814393,6.78,39.9,99967,2.00,4.00,6.00,6.00,0.0898,0
2023-05-23 00:04:40,1684814680,6.69,39.9,100000,4.00,5.00,9.00,11.0,0.0682,0
2023-05-23 00:09:47,1684814988,6.59,40.0,100000,2.00,5.00,9.00,11.0,0.0614,0
2023-05-23 00:14:54,1684815294,6.49,40.3,99967,3.00,6.00,9.00,11.0,0.0316,0
2023-05-23 00:19:41,1684815581,6.41,40.3,99964,2.00,5.00,8.00,9.00,0.0197,0
2023-05-23 00:24:48,1684815889,6.37,41.0,99900,2.00,11.0,17.0,21.0,0.0242,0
2023-05-23 00:29:56,1684816197,6.31,40.7,99900,3.00,6.00,8.00,9.00,0.0615,0
2023-05-23 00:34:43,1684816484,6.24,41.0,99900,2.00,3.00,6.00,7.00,0.0661,0
2023-05-23 00:39:51,1684816791,6.18,41.5,99900,2.00,3.00,6.00,7.00,0.0887,0
2023-05-23 00:44:59,1684817099,6.10,41.6,99900,4.00,6.00,10.0,12.0,0.0102,0
2023-05-23 00:49:46,1684817386,6.03,41.7,99900,2.00,8.00,13.0,16.0,0.0321,0
2023-05-23 00:54:54,1684817694,5.97,41.8,99900,2.00,7.00,11.0,13.0,0.0321,0
2023-05-23 00:59:41,1684817981,5.91,41.7,99900,1.00,5.00,9.00,11.0,0.0129,0
2023-05-23 01:04:49,1684818289,5.86,41.5,99900,2.00,6.00,9.00,11.0,0.0422,0
2023-05-23 01:09:57,1684818597,5.79,41.8,99900,2.00,9.00,14.0,16.0,0.0285,0
2023-05-23 01:14:44,1684818884,5.73,42.2,99900,3.00,7.00,11.0,13.0,0.0232,0
2023-05-23 01:19:52,1684819192,5.67,41.9,99900,1.00,5.00,8.00,9.00,0.0193,0
2023-05-23 01:24:59,1684819500,5.66,42.5,99900,3.00,5.00,8.00,10.0,0.0196,0
2023-05-23 01:29:46,1684819787,5.62,42.4,99900,2.00,5.00,9.00,11.0,0.0332,0
2023-05-23 01:34:54,1684820095,5.60,42.7,99900,2.00,6.00,11.0,13.0,0.0246,0
2023-05-23 01:39:42,1684820382,5.58,42.9,99900,2.00,7.00,10.0,12.0,0.0246,0
2023-05-23 01:44:49,1684820690,5.54,42.9,99900,2.00,9.00,14.0,17.0,0.0204,0
2023-05-23 01:49:57,1684820998,5.49,42.9,99900,2.00,5.00,7.00,8.00,0.0245,0
2023-05-23 01:54:45,1684821285,5.45,43.3,99900,2.00,3.00,4.00,5.00,0.0474,0
2023-05-23 01:59:53,1684821593,5.39,43.2,99900,2.00,5.00,7.00,8.00,0.0474,0
2023-05-23 02:04:40,1684821881,5.34,43.3,99900,2.00,7.00,10.0,12.0,0.0182,0
2023-05-23 02:09:48,1684822189,5.27,43.3,99953,2.00,6.00,10.0,12.0,0.0193,0
2023-05-23 02:14:56,1684822497,5.20,43.3,100000,2.00,4.00,6.00,7.00,0.0167,0
2023-05-23 02:19:44,1684822785,5.11,43.5,100000,2.00,7.00,12.0,14.0,0.0316,0
2023-05-23 02:24:52,1684823093,5.06,43.8,100000,4.00,7.00,10.0,12.0,0.0363,0
2023-05-23 02:29:40,1684823380,4.98,43.5,100000,2.00,7.00,11.0,13.0,0.0363,0
2023-05-23 02:34:48,1684823689,4.94,43.9,100000,2.00,9.00,15.0,18.0,0.0524,0
2023-05-23 02:39:56,1684823997,4.88,44.1,100000,1.00,9.00,15.0,18.0,0.0607,0
2023-05-23 02:44:44,1684824284,4.83,44.3,100000,2.00,4.00,6.00,6.00,0.0717,0
2023-05-23 02:49:52,1684824593,4.82,44.2,100000,3.00,5.00,8.00,9.00,0.0492,0
2023-05-23 02:54:40,1684824880,4.81,44.5,100000,2.00,7.00,12.0,14.0,0.0307,0
2023-05-23 02:59:48,1684825188,4.78,44.1,100000,2.00,7.00,12.0,14.0,0.0286,0
2023-05-23 03:04:56,1684825497,4.76,43.9,100000,2.00,8.00,13.0,15.0,0.0259,0
2023-05-23 03:09:44,1684825784,4.77,44.0,100000,3.00,5.00,8.00,9.00,0.0220,0
2023-05-23 03:14:52,1684826093,4.76,43.7,100000,2.00,9.00,15.0,18.0,0.0366,0
2023-05-23 03:19:40,1684826380,4.71,43.6,100000,3.00,10.0,15.0,17.0,0.0438,0
2023-05-23 03:24:48,1684826689,4.69,44.3,100000,2.00,5.00,9.00,11.0,0.0304,0
2023-05-23 03:29:56,1684826997,4.64,44.5,100000,2.00,8.00,12.0,14.0,0.0304,0
2023-05-23 03:34:44,1684827285,4.57,44.6,100000,2.00,4.00,7.00,8.00,0.0218,0
2023-05-23 03:39:53,1684827593,4.49,44.3,100000,2.00,4.00,6.00,6.00,0.0189,0
2023-05-23 03:44:40,1684827881,4.48,44.7,100000,2.00,4.00,7.00,8.00,0.0114,0
2023-05-23 03:49:49,1684828189,4.51,44.7,100000,2.00,7.00,11.0,14.0,0.0181,0
2023-05-23 03:54:57,1684828498,4.50,44.9,100000,2.00,6.00,9.00,11.0,0.0466,0
2023-05-23 03:59:45,1684828786,4.47,44.9,100000,2.00,4.00,7.00,8.00,0.0297,0
2023-05-23 04:04:54,1684829094,4.41,45.0,100000,4.00,9.00,12.0,14.0,0.0297,0
2023-05-23 04:09:42,1684829382,4.36,45.4,100000,2.00,7.00,12.0,14.0,0.0277,0
2023-05-23 04:14:50,1684829690,4.33,45.4,100000,2.00,5.00,8.00,9.00,0.0230,0
2023-05-23 04:19:58,1684829999,4.31,45.5,100000,2.00,5.00,9.00,11.0,0.0138,0
2023-05-23 04:24:46,1684830286,4.28,45.9,100000,3.00,6.00,9.00,11.0,0.0209,0
2023-05-23 04:29:55,1684830596,4.25,46.0,100000,2.00,8.00,14.0,16.0,0.0377,0
2023-05-23 04:34:44,1684830884,4.20,46.0,100000,2.00,7.00,11.0,13.0,0.0657,0
2023-05-23 04:39:53,1684831193,4.17,46.1,100000,2.00,7.00,10.0,12.0,0.112,0
2023-05-23 04:44:41,1684831481,4.14,45.8,100000,2.00,4.00,7.00,8.00,0.0171,0
2023-05-23 04:49:49,1684831790,4.14,45.8,100000,2.00,5.00,8.00,10.0,0.0207,0
2023-05-23 04:54:58,1684832098,4.11,46.3,100000,2.00,6.00,9.00,11.0,0.0171,0
2023-05-23 04:59:46,1684832386,4.09,46.5,100000,2.00,9.00,15.0,18.0,0.0163,0
2023-05-23 05:04:54,1684832695,4.07,46.5,100000,2.00,6.00,9.00,10.0,0.0250,0
2023-05-23 05:09:42,1684832983,4.07,46.6,100000,2.00,4.00,6.00,7.00,0.0234,0
2023-05-23 05:14:51,1684833291,4.06,46.7,100000,1.00,3.00,5.00,6.00,0.0350,0
2023-05-23 05:19:59,1684833600,4.06,47.0,100000,2.00,5.00,8.00,10.0,0.0384,0
2023-05-23 05:24:47,1684833888,4.09,47.2,100000,1.00,6.00,9.00,11.0,0.0703,0
2023-05-23 05:29:56,1684834196,4.13,47.3,100000,2.00,5.00,8.00,10.0,0.0382,0
2023-05-23 05:34:43,1684834484,4.18,47.3,100000,3.00,5.00,8.00,9.00,0.0304,0
2023-05-23 05:39:52,1684834793,4.28,47.5,100000,1.00,4.00,7.00,9.00,0.0138,0
2023-05-23 05:44:40,1684835081,4.39,47.1,100000,3.00,7.00,12.0,14.0,0.0125,0
2023-05-23 05:49:48,1684835389,4.54,47.4,100000,2.00,3.00,5.00,6.00,0.0226,0
2023-05-23 05:54:56,1684835697,4.71,47.6,100000,2.00,5.00,9.00,10.0,0.0334,0
2023-05-23 05:59:44,1684835984,4.87,47.6,100000,3.00,7.00,10.0,11.0,0.0679,0
2023-05-23 06:04:52,1684836292,5.09,47.7,100000,2.00,4.00,7.00,9.00,0.0679,0
2023-05-23 06:09:39,1684836579,5.32,47.3,100000,2.00,6.00,10.0,12.0,0.0282,0
2023-05-23 06:14:46,1684836887,5.59,47.5,100000,2.00,7.00,12.0,14.0,0.0324,0
2023-05-23 06:19:54,1684837194,5.91,48.2,100000,3.00,6.00,9.00,10.0,0.0523,0
2023-05-23 06:24:41,1684837481,6.22,47.8,100000,2.00,4.00,7.00,8.00,0.0681,0
2023-05-23 06:29:48,1684837789,6.56,47.8,100000,2.00,7.00,12.0,14.0,0.0758,0
2023-05-23 06:34:56,1684838096,6.89,47.8,100000,3.00,9.00,15.0,17.0,0.0517,0
2023-05-23 06:39:42,1684838383,7.22,47.4,100000,4.00,5.00,7.00,7.00,0.0395,0
2023-05-23 06:44:49,1684838690,7.61,47.4,100000,3.00,6.00,9.00,11.0,0.0395,0
2023-05-23 06:47:12,1684838833,7.90,46.2,100000,4.00,12.0,19.0,23.0,0.0338,0
2023-05-23 06:59:53,1684839594,9.14,42.0,100000,1.00,3.00,4.00,5.00,0.0338,0
2023-05-23 07:04:59,1684839900,9.55,41.3,100000,2.00,5.00,8.00,10.0,0.0546,0
2023-05-23 07:05:20,1684839920,9.83,41.1,100000,1e-7,2.00,4.00,4.00,0.0546,0
2023-05-23 07:19:59,1684840800,11.5,38.4,100000,2.00,5.00,8.00,10.0,0.0546,0
2023-05-23 07:24:44,1684841085,12.1,37.7,100000,4.00,15.0,23.0,28.0,0.0913,0
2023-05-23 07:29:49,1684841390,12.7,36.5,100000,3.00,5.00,7.00,8.00,0.0519,0
2023-05-23 07:34:54,1684841694,13.3,35.7,100000,4.00,11.0,18.0,21.0,0.0446,0
2023-05-23 07:39:59,1684841999,13.9,34.2,100000,2.00,6.00,9.00,10.0,0.0685,0
2023-05-23 07:44:43,1684842283,14.3,33.2,100000,2.00,3.00,5.00,6.00,0.0240,0
2023-05-23 07:49:47,1684842587,14.7,32.3,100000,2.00,4.00,7.00,9.00,0.0171,0
2023-05-23 07:54:51,1684842891,15.1,31.7,100000,2.00,10.0,17.0,20.0,0.0293,0
2023-05-23 07:56:32,1684842992,15.4,31.5,100000,2.00,3.00,3.00,4.00,0.0329,0
2023-05-23 08:54:50,1684846491,19.4,24.2,100000,1.00,2.00,3.00,3.00,,
2023-05-23 08:59:52,1684846792,19.5,23.9,100000,2.00,4.00,7.00,9.00,,
2023-05-23 09:24:55,1684848296,21.2,20.9,99900,2.00,5.00,8.00,10.0,,
2023-05-23 09:29:57,1684848597,21.4,20.5,99900,5.00,5.00,5.00,6.00,0.0114,0
2023-05-23 09:34:58,1684848898,21.5,20.1,99900,2.00,4.00,6.00,7.00,0.0119,0
2023-05-23 09:39:59,1684849199,21.5,20.0,99900,2.00,4.00,6.00,7.00,0.0142,0
2023-05-23 09:44:40,1684849480,21.5,19.7,99900,2.00,8.00,13.0,15.0,0.0457,0
2023-05-23 09:49:41,1684849782,21.4,20.0,99900,5.00,6.00,7.00,8.00,0.0513,0
2023-05-23 09:54:43,1684850083,21.5,19.4,99900,2.00,5.00,8.00,10.0,0.0613,0
2023-05-23 09:59:44,1684850385,21.5,18.9,99900,4.00,6.00,9.00,10.0,0.0253,0
2023-05-23 10:04:46,1684850686,21.5,18.5,99900,2.00,6.00,10.0,12.0,0.0305,0
2023-05-23 10:09:48,1684850988,21.5,18.5,99900,4.00,6.00,9.00,10.0,0.0305,0
2023-05-23 10:14:49,1684851290,21.6,18.2,99900,5.00,5.00,7.00,8.00,0.0181,0
2023-05-23 10:19:51,1684851592,21.7,17.9,99900,2.00,4.00,7.00,8.00,0.0294,0
2023-05-23 10:24:53,1684851893,21.8,17.9,99900,3.00,5.00,7.00,8.00,0.0400,0
2023-05-23 10:29:55,1684852195,21.9,17.7,99900,4.00,13.0,20.0,23.0,0.101,0
2023-05-23 10:34:56,1684852497,21.9,17.8,99900,5.00,5.00,6.00,7.00,0.0950,0
2023-05-23 10:39:58,1684852799,22.1,17.1,99873,3.00,8.00,13.0,16.0,0.0862,0
2023-05-23 10:44:40,1684853080,22.2,17.3,99800,4.00,4.00,5.00,6.00,0.0420,0
2023-05-23 10:49:41,1684853382,22.2,17.0,99800,2.00,5.00,8.00,9.00,0.0427,0
2023-05-23 10:54:43,1684853683,22.3,17.3,99800,3.00,6.00,10.0,12.0,0.0188,0
2023-05-23 10:59:44,1684853985,22.5,17.4,99800,4.00,5.00,7.00,7.00,0.0184,0
2023-05-23 11:04:46,1684854286,22.8,17.1,99800,3.00,5.00,7.00,8.00,0.0127,0
2023-05-23 11:09:47,1684854588,22.9,16.6,99800,2.00,4.00,5.00,6.00,0.0143,0
2023-05-23 11:14:48,1684854889,23.0,16.0,99800,4.00,7.00,10.0,12.0,0.0178,0
2023-05-23 11:19:50,1684855191,23.1,16.0,99800,3.00,7.00,12.0,14.0,0.0407,0
2023-05-23 11:24:51,1684855492,23.3,16.0,99800,2.00,5.00,8.00,10.0,0.0497,0
2023-05-23 11:29:53,1684855793,23.4,15.9,99800,3.00,5.00,8.00,10.0,0.0227,0
2023-05-23 11:34:54,1684856095,23.6,15.4,99800,2.00,3.00,4.00,4.00,0.0359,0
2023-05-23 11:39:55,1684856396,23.6,15.4,99800,2.00,4.00,6.00,8.00,0.0529,0
2023-05-23 11:44:57,1684856697,23.7,15.3,99800,2.00,9.00,14.0,17.0,0.0450,0
2023-05-23 11:49:58,1684856998,23.8,15.2,99793,4.00,7.00,10.0,11.0,0.0488,0
2023-05-23 11:54:59,1684857299,23.9,14.6,99700,2.00,6.00,9.00,10.0,0.0135,0
2023-05-23 11:59:40,1684857580,23.8,14.8,99700,2.00,8.00,14.0,17.0,0.0202,0
2023-05-23 12:04:41,1684857881,23.8,15.0,99700,2.00,5.00,7.00,8.00,0.0306,0
2023-05-23 12:05:41,1684857941,23.9,15.4,99700,2.00,3.00,5.00,6.00,0.0335,0
2023-05-23 12:29:54,1684859395,24.6,14.1,99700,3.00,3.00,4.00,5.00,,
2023-05-23 12:34:54,1684859695,24.6,14.2,99700,4.00,8.00,12.0,13.0,,
2023-05-23 12:39:54,1684859995,24.8,14.3,99700,4.00,17.0,28.0,33.0,,
2023-05-23 12:44:54,1684860295,25.0,14.3,99700,2.00,4.00,6.00,7.00,0.0719,0
2023-05-23 12:49:54,1684860595,25.3,13.9,99700,2.00,5.00,7.00,9.00,0.0937,0
2023-05-23 12:54:54,1684860895,25.5,13.7,99607,2.00,5.00,8.00,9.00,0.0640,0
2023-05-23 12:59:54,1684861194,25.9,13.4,99600,2.00,5.00,9.00,11.0,0.0246,0
2023-05-23 13:04:53,1684861494,26.1,13.0,99600,2.00,5.00,7.00,9.00,0.0244,0
2023-05-23 13:09:52,1684861792,26.4,13.5,99600,7.00,21.0,33.0,39.0,0.0719,0
2023-05-23 13:14:51,1684862092,26.8,12.9,99600,2.00,6.00,8.00,10.0,0.110,0
2023-05-23 13:19:50,1684862390,26.9,12.4,99600,3.00,3.00,5.00,6.00,0.187,0
2023-05-23 13:24:49,1684862689,27.2,12.6,99600,2.00,3.00,5.00,5.00,0.187,0
2023-05-23 13:29:47,1684862988,27.4,11.7,99600,4.00,5.00,7.00,8.00,0.0122,0
2023-05-23 13:34:46,1684863287,27.7,11.4,99600,2.00,4.00,6.00,7.00,0.0224,0
2023-05-23 13:39:45,1684863585,27.9,10.6,99600,4.00,6.00,7.00,7.00,0.0218,0
2023-05-23 13:44:44,1684863884,28.1,10.7,99600,2.00,4.00,7.00,8.00,0.0221,0
2023-05-23 13:49:42,1684864183,28.3,10.1,99600,2.00,4.00,6.00,7.00,0.0221,0
2023-05-23 13:54:41,1684864481,28.4,10.2,99600,2.00,5.00,8.00,9.00,0.0134,0
2023-05-23 13:59:59,1684864799,28.7,10.5,99600,2.00,7.00,11.0,13.0,0.0144,0
2023-05-23 14:04:57,1684865098,28.9,10.2,99600,2.00,8.00,13.0,15.0,0.0236,0
2023-05-23 14:09:56,1684865396,28.9,10.0,99600,2.00,4.00,6.00,7.00,0.0235,0
2023-05-23 14:14:54,1684865694,29.0,9.56,99540,2.00,5.00,9.00,11.0,0.0206,0
2023-05-23 14:19:52,1684865993,29.0,9.25,99500,2.00,4.00,7.00,9.00,0.0175,0
2023-05-23 14:24:50,1684866291,29.4,9.21,99500,2.00,5.00,7.00,9.00,0.0131,0
2023-05-23 14:29:48,1684866589,29.7,8.99,99500,2.00,2.00,4.00,4.00,0.0137,3.00
2023-05-23 14:34:46,1684866887,30.2,8.93,99500,2.00,7.00,12.0,14.0,0.0246,3.00
2023-05-23 14:39:44,1684867185,30.5,8.55,99500,12.0,43.0,68.0,81.0,0.136,0
2023-05-23 14:44:42,1684867482,30.8,8.60,99500,7.00,15.0,22.0,26.0,0.253,0
2023-05-23 14:49:59,1684867800,30.9,8.67,99500,2.00,8.00,13.0,15.0,0.145,0
2023-05-23 14:54:57,1684868097,30.8,8.83,99500,3.00,7.00,10.0,12.0,0.109,0
2023-05-23 14:59:54,1684868395,30.9,8.73,99500,2.00,4.00,6.00,7.00,0.0502,0
2023-05-23 15:04:52,1684868692,31.1,8.70,99500,3.00,9.00,14.0,16.0,0.0502,0
2023-05-23 15:09:49,1684868990,31.5,8.37,99500,2.00,4.00,7.00,9.00,0.0309,0
2023-05-23 15:14:47,1684869287,32.1,8.12,99473,2.00,5.00,7.00,7.00,0.0309,0
2023-05-23 15:19:44,1684869584,32.6,7.63,99400,2.00,5.00,8.00,9.00,0.0179,0
2023-05-23 15:24:40,1684869881,33.1,7.01,99400,2.00,3.00,4.00,4.00,0.0253,0
2023-05-23 15:29:57,1684870197,33.2,7.07,99400,3.00,11.0,17.0,20.0,0.0442,1.64
2023-05-23 15:34:53,1684870494,33.6,6.20,99400,2.00,7.00,11.0,13.0,0.0990,0
2023-05-23 15:39:50,1684870790,34.3,6.14,99400,11.0,32.0,50.0,58.0,0.0852,0
2023-05-23 15:44:46,1684871086,34.5,5.87,99400,2.00,4.00,5.00,5.00,0.277,0
2023-05-23 15:49:42,1684871383,34.3,5.73,99400,2.00,3.00,5.00,6.00,0.277,0
2023-05-23 15:54:58,1684871699,34.3,6.04,99400,3.00,7.00,11.0,13.0,0.0675,0
2023-05-23 15:59:54,1684871995,34.4,5.83,99400,2.00,3.00,4.00,5.00,0.0267,0
2023-05-23 16:04:51,1684872291,34.8,5.47,99380,1e-7,2.00,4.00,5.00,0.0306,0
2023-05-23 16:09:47,1684872587,34.4,4.86,99360,2.00,3.00,5.00,6.00,0.0270,0
2023-05-23 16:14:43,1684872884,34.3,5.39,99300,1.00,4.00,7.00,8.00,0.0266,0
2023-05-23 16:19:59,1684873200,34.2,4.99,99300,2.00,3.00,4.00,5.00,0.0215,0
2023-05-23 16:24:55,1684873495,34.3,4.93,99300,2.00,6.00,9.00,10.0,0.0222,0
2023-05-23 16:29:51,1684873792,34.4,4.95,99300,9.00,17.0,26.0,31.0,0.0496,1.07
2023-05-23 16:34:47,1684874088,34.4,4.87,99300,74.0,231,360,422,0.546,0
2023-05-23 16:39:44,1684874384,34.4,4.78,99300,2.00,6.00,10.0,12.0,0.436,0
2023-05-23 16:44:40,1684874681,34.4,4.88,99300,2.00,4.00,5.00,6.00,0.422,0
2023-05-23 16:49:55,1684874995,34.0,5.09,99300,3.00,5.00,7.00,7.00,0.124,0
2023-05-23 16:54:51,1684875292,34.0,4.81,99293,1.00,3.00,5.00,6.00,0.0200,0
2023-05-23 16:59:48,1684875588,34.1,5.04,99267,2.00,7.00,12.0,14.0,0.0194,0
2023-05-23 17:04:44,1684875885,34.5,4.96,99267,2.00,7.00,11.0,13.0,0.0340,0
2023-05-23 17:09:41,1684876181,34.5,4.74,99200,2.00,5.00,7.00,8.00,0.0296,0
2023-05-23 17:14:57,1684876498,33.9,5.05,99200,2.00,3.00,5.00,7.00,0.0296,0
2023-05-23 17:19:54,1684876795,32.8,5.44,99200,2.00,4.00,5.00,6.00,0.0248,0
2023-05-23 17:20:54,1684876854,32.3,5.57,99200,2.00,4.00,6.00,7.00,0.0142,0
2023-05-23 17:29:52,1684877393,32.8,5.54,99200,2.00,7.00,11.0,13.0,0.0142,0
2023-05-23 17:34:49,1684877689,33.0,5.74,99200,2.00,5.00,8.00,10.0,0.0381,0
2023-05-23 17:36:28,1684877788,32.8,5.66,99200,2.00,2.00,4.00,4.00,0.0381,0
2023-05-23 17:49:59,1684878600,32.0,6.38,99200,1.00,5.00,8.00,9.00,0.0531,0
2023-05-23 17:53:57,1684878837,32.4,6.07,99200,8.00,26.0,41.0,48.0,0.0900,0
2023-05-23 17:59:55,1684879196,32.4,6.33,99200,4.00,6.00,8.00,9.00,0.126,0
2023-05-23 18:04:52,1684879493,31.7,6.52,99200,2.00,3.00,4.00,4.00,0.190,0
2023-05-23 18:09:50,1684879791,30.7,7.14,99200,2.00,5.00,8.00,9.00,0.168,0
2023-05-23 18:14:57,1684880097,30.1,7.81,99200,2.00,2.00,2.00,2.00,0.0701,0
2023-05-23 18:19:55,1684880396,30.1,7.91,99200,2.00,3.00,5.00,5.00,0.0332,0
2023-05-23 18:24:54,1684880694,29.7,8.25,99200,44.0,140,219,258,0.703,0
2023-05-23 18:29:52,1684880993,29.1,8.73,99200,5.00,9.00,15.0,18.0,0.843,0
2023-05-23 18:34:51,1684881292,28.5,9.57,99200,3.00,8.00,12.0,14.0,0.724,0
2023-05-23 18:39:51,1684881591,28.1,9.67,99173,2.00,8.00,14.0,17.0,0.717,0
2023-05-23 18:44:50,1684881891,27.6,10.7,99107,2.00,6.00,9.00,11.0,0.0246,0
2023-05-23 18:49:50,1684882190,27.2,13.7,99100,3.00,3.00,4.00,4.00,0.0299,0
2023-05-23 18:54:50,1684882491,26.7,13.6,99100,2.00,3.00,5.00,6.00,0.0485,0
2023-05-23 18:59:50,1684882791,26.0,14.0,99100,2.00,8.00,13.0,15.0,0.0345,0
2023-05-23 19:04:50,1684883091,25.4,15.3,99100,2.00,3.00,4.00,5.00,0.0345,0
2023-05-23 19:09:51,1684883391,24.6,16.1,99100,2.00,5.00,8.00,9.00,0.0210,0
2023-05-23 19:14:52,1684883692,23.9,17.0,99100,2.00,3.00,5.00,6.00,0.0135,0
2023-05-23 19:19:53,1684883994,23.2,17.6,99100,2.00,6.00,10.0,12.0,0.0162,0
2023-05-23 19:24:55,1684884295,22.6,18.6,99100,2.00,6.00,9.00,11.0,0.0374,0
2023-05-23 19:25:55,1684884355,22.2,18.7,99100,2.00,5.00,8.00,10.0,0.0121,0
2023-05-23 19:34:44,1684884885,21.3,19.9,99100,1.00,5.00,8.00,9.00,0.0102,0
2023-05-23 19:39:46,1684885187,21.1,20.2,99100,1.00,4.00,7.00,8.00,0.0267,0
2023-05-23 19:44:49,1684885489,20.7,20.8,99100,2.00,7.00,11.0,13.0,0.0616,0
2023-05-23 19:49:51,1684885792,20.3,21.6,99100,1.00,5.00,8.00,9.00,0.0299,0
2023-05-23 19:54:54,1684886094,20.0,22.6,99100,2.00,5.00,8.00,9.00,0.0299,0
2023-05-23 19:59:56,1684886397,19.7,23.3,99100,2.00,6.00,9.00,10.0,0.0217,0
2023-05-23 20:04:59,1684886700,19.4,23.5,99100,2.00,4.00,5.00,6.00,0.0217,0
2023-05-23 20:09:42,1684886983,19.2,23.6,99100,2.00,5.00,7.00,7.00,0.0212,0
2023-05-23 20:14:45,1684887286,19.0,23.7,99100,2.00,4.00,7.00,9.00,0.0125,0
2023-05-23 20:19:49,1684887589,18.8,24.2,99100,2.00,8.00,13.0,15.0,0.0142,0
2023-05-23 20:24:52,1684887892,18.6,24.5,99100,2.00,5.00,8.00,9.00,0.0120,0
2023-05-23 20:29:55,1684888196,18.3,24.6,99100,2.00,7.00,11.0,12.0,0.0197,0
2023-05-23 20:34:58,1684888499,18.1,25.1,99100,2.00,4.00,5.00,6.00,0.0196,0
2023-05-23 20:39:42,1684888782,18.0,25.4,99100,2.00,7.00,11.0,14.0,0.0179,0
2023-05-23 20:44:45,1684889086,17.8,25.6,99100,2.00,3.00,5.00,6.00,0.0126,0
2023-05-23 20:49:50,1684889390,17.6,26.1,99100,2.00,5.00,7.00,8.00,0.0362,0
2023-05-23 20:54:53,1684889694,17.4,27.0,99100,2.00,5.00,8.00,9.00,0.0295,0
2023-05-23 20:59:57,1684889998,17.3,27.4,99033,4.00,6.00,10.0,12.0,0.0295,0
2023-05-23 21:04:41,1684890281,17.1,27.2,99043,2.00,8.00,14.0,16.0,0.0212,0
2023-05-23 21:09:45,1684890585,17.0,27.5,99000,1.00,5.00,8.00,9.00,0.0459,0
2023-05-23 21:14:49,1684890889,16.9,27.5,99000,2.00,3.00,5.00,6.00,0.0317,0
2023-05-23 21:19:53,1684891193,16.8,27.5,99000,2.00,5.00,9.00,11.0,0.0233,0
2023-05-23 21:24:57,1684891497,16.6,27.4,99000,2.00,6.00,10.0,12.0,0.0462,0
2023-05-23 21:29:41,1684891781,16.6,28.0,99000,2.00,5.00,8.00,9.00,0.0292,0
2023-05-23 21:34:45,1684892085,16.5,28.1,99000,2.00,8.00,13.0,15.0,0.0292,0
2023-05-23 21:39:49,1684892389,16.4,28.1,99000,4.00,7.00,11.0,12.0,0.0397,0
2023-05-23 21:44:53,1684892693,16.4,27.9,99000,2.00,5.00,8.00,9.00,0.0597,0
2023-05-23 21:49:57,1684892998,16.3,27.9,99000,3.00,4.00,5.00,6.00,0.0545,0
2023-05-23 21:54:41,1684893281,16.3,27.9,99000,1.00,3.00,4.00,5.00,0.0293,0
2023-05-23 21:59:45,1684893586,16.2,28.5,99000,2.00,6.00,9.00,11.0,0.0118,0
2023-05-23 22:04:50,1684893890,16.1,28.3,99000,1.00,2.00,4.00,5.00,0.0118,0
2023-05-23 22:09:54,1684894194,16.0,28.3,99000,2.00,6.00,10.0,12.0,0.0165,0
2023-05-23 22:14:58,1684894499,15.9,28.3,99000,2.00,6.00,9.00,10.0,0.0134,0
2023-05-23 22:19:42,1684894783,15.9,28.5,99000,2.00,9.00,15.0,17.0,0.119,0
2023-05-23 22:24:47,1684895088,15.8,28.6,99000,3.00,9.00,15.0,17.0,0.0598,0
2023-05-23 22:29:52,1684895392,15.7,28.6,99000,3.00,4.00,6.00,7.00,0.0451,0
2023-05-23 22:34:56,1684895697,15.6,29.1,99000,2.00,3.00,5.00,5.00,0.0388,0
2023-05-23 22:39:41,1684895981,15.5,29.6,99000,1.00,5.00,8.00,9.00,0.0241,0
2023-05-23 22:44:45,1684896286,15.4,29.0,99000,2.00,5.00,9.00,10.0,0.0118,0
2023-05-23 22:49:50,1684896590,15.3,29.4,98993,2.00,6.00,9.00,10.0,0.0119,0
2023-05-23 22:54:54,1684896895,15.2,29.7,98980,3.00,3.00,5.00,5.00,0.0201,0
2023-05-23 22:59:59,1684897199,15.1,29.3,98900,2.00,7.00,11.0,13.0,0.0196,0
2023-05-23 23:04:43,1684897484,15.1,29.8,98900,3.00,4.00,6.00,6.00,0.0320,0
2023-05-23 23:09:48,1684897788,15.0,30.0,98900,2.00,7.00,11.0,13.0,0.0209,0
2023-05-23 23:14:52,1684898093,14.9,30.1,98900,4.00,9.00,13.0,15.0,0.0719,0
2023-05-23 23:19:17,1684898357,14.8,30.6,98900,4.00,10.0,16.0,18.0,0.0719,0
2023-05-23 23:24:46,1684898686,14.7,31.7,98900,2.00,3.00,5.00,6.00,0.0683,0
2023-05-23 23:29:51,1684898991,14.6,31.1,98900,3.00,8.00,12.0,14.0,0.0683,0
2023-05-23 23:34:56,1684899296,14.5,31.6,98900,5.00,5.00,6.00,7.00,0.0296,0
2023-05-23 23:39:41,1684899581,14.4,32.7,98900,3.00,5.00,6.00,6.00,0.0239,0
2023-05-23 23:44:46,1684899886,14.2,33.1,98900,2.00,7.00,11.0,13.0,0.0186,0
2023-05-23 23:49:51,1684900191,14.1,33.5,98900,2.00,3.00,5.00,6.00,0.0131,0
2023-05-23 23:54:56,1684900496,13.9,34.0,98900,4.00,7.00,11.0,13.0,0.0184,0
2023-05-23 23:59:41,1684900781,13.8,34.4,98900,4.00,5.00,6.00,6.00,0.0217,0
2023-05-24 00:04:46,1684901087,13.7,34.7,98900,3.00,7.00,9.00,11.0,0.0231,0
2023-05-24 00:09:51,1684901392,13.5,35.1,98900,3.00,11.0,18.0,21.0,0.0661,0
2023-05-24 00:14:57,1684901697,13.4,35.2,98900,3.00,5.00,7.00,8.00,0.0724,0
2023-05-24 00:19:42,1684901982,13.4,35.4,98900,2.00,5.00,7.00,8.00,0.0578,0
2023-05-24 00:24:47,1684902287,13.3,35.7,98900,3.00,5.00,8.00,9.00,0.0113,0
2023-05-24 00:29:52,1684902593,13.1,36.1,98873,2.00,7.00,11.0,13.0,0.0329,0
2023-05-24 00:34:58,1684902898,13.0,36.1,98820,3.00,6.00,9.00,10.0,0.0714,0
2023-05-24 00:39:43,1684903183,12.9,36.6,98800,3.00,8.00,11.0,13.0,0.0222,0
2023-05-24 00:44:48,1684903489,12.8,36.8,98800,4.00,13.0,20.0,23.0,0.0537,0
2023-05-24 00:49:54,1684903794,12.7,36.5,98800,3.00,5.00,8.00,9.00,0.110,0
2023-05-24 00:54:40,1684904080,12.6,37.0,98800,4.00,9.00,15.0,18.0,0.0975,0
2023-05-24 00:59:45,1684904386,12.5,37.0,98800,2.00,5.00,8.00,9.00,0.0228,0
2023-05-24 01:04:51,1684904692,12.4,38.0,98800,4.00,12.0,18.0,21.0,0.0308,0
2023-05-24 01:09:57,1684904997,12.3,38.0,98800,3.00,6.00,9.00,11.0,0.0899,0
2023-05-24 01:14:42,1684905283,12.2,37.6,98800,4.00,9.00,15.0,18.0,0.0654,0
2023-05-24 01:19:48,1684905588,12.1,38.3,98800,2.00,10.0,16.0,19.0,0.0654,0
2023-05-24 01:24:54,1684905894,12.0,38.5,98800,3.00,11.0,17.0,21.0,0.0277,0
2023-05-24 01:29:39,1684906180,11.9,38.7,98800,3.00,12.0,20.0,23.0,0.0315,0
2023-05-24 01:34:45,1684906485,11.9,39.1,98800,3.00,6.00,10.0,12.0,0.0316,0
2023-05-24 01:39:51,1684906791,11.8,39.0,98800,3.00,6.00,9.00,11.0,0.0397,0
2023-05-24 01:44:57,1684907097,11.8,39.2,98800,2.00,10.0,16.0,18.0,0.0473,0
2023-05-24 01:49:42,1684907383,11.7,38.8,98800,3.00,6.00,9.00,11.0,0.0451,0
2023-05-24 01:54:48,1684907689,11.7,38.6,98800,3.00,6.00,9.00,10.0,0.0803,0
2023-05-24 01:59:54,1684907995,11.7,39.6,98800,3.00,10.0,16.0,18.0,0.0281,0
2023-05-24 02:04:40,1684908281,11.7,38.9,98800,2.00,8.00,13.0,15.0,0.0243,0
2023-05-24 02:09:46,1684908586,12.2,35.7,98800,4.00,11.0,17.0,20.0,0.0776,0
2023-05-24 02:14:51,1684908892,13.1,34.8,98800,3.00,8.00,13.0,16.0,0.0677,0
2023-05-24 02:19:57,1684909197,13.8,35.1,98800,3.00,9.00,14.0,16.0,0.0376,0
2023-05-24 02:24:42,1684909482,14.2,34.2,98800,2.00,3.00,5.00,5.00,0.0227,0
2023-05-24 02:29:47,1684909787,14.5,34.8,98800,2.00,6.00,9.00,11.0,0.0501,0.832
2023-05-24 02:34:52,1684910093,14.6,33.1,98800,4.00,5.00,9.00,10.0,0.0199,0
2023-05-24 02:39:57,1684910398,14.9,33.8,98753,5.00,7.00,10.0,12.0,0.0239,0
2023-05-24 02:44:42,1684910682,14.9,35.3,98800,2.00,7.00,10.0,12.0,0.0170,0
2023-05-24 02:49:47,1684910987,14.9,35.6,98760,3.00,7.00,11.0,13.0,0.0283,0
2023-05-24 02:54:52,1684911292,14.8,35.6,98700,3.00,7.00,9.00,11.0,0.0230,0
2023-05-24 02:59:57,1684911597,14.7,35.8,98700,5.00,7.00,10.0,11.0,0.0160,0
2023-05-24 03:04:42,1684911882,14.6,36.0,98700,4.00,12.0,18.0,21.0,0.0212,0
2023-05-24 03:09:47,1684912187,14.6,36.2,98700,3.00,5.00,7.00,8.00,0.0320,0
2023-05-24 03:14:52,1684912492,14.4,36.1,98700,5.00,5.00,6.00,7.00,0.0320,0
2023-05-24 03:19:57,1684912797,14.2,36.6,98700,2.00,3.00,4.00,5.00,0.0373,0
2023-05-24 03:24:42,1684913082,14.0,37.4,98700,2.00,6.00,10.0,12.0,0.0342,0
2023-05-24 03:29:47,1684913388,13.8,37.2,98700,2.00,5.00,7.00,8.00,0.0369,0
2023-05-24 03:34:52,1684913692,13.6,38.0,98700,4.00,11.0,16.0,19.0,0.0369,0
2023-05-24 03:39:57,1684913997,13.5,37.9,98700,5.00,7.00,9.00,10.0,0.0236,0
2023-05-24 03:44:42,1684914282,13.3,37.8,98700,2.00,5.00,6.00,7.00,0.0139,0
2023-05-24 03:49:47,1684914588,13.2,38.0,98700,4.00,8.00,11.0,13.0,0.0182,0
2023-05-24 03:54:53,1684914893,13.0,38.4,98700,4.00,10.0,14.0,16.0,0.0230,0
2023-05-24 03:59:58,1684915199,12.9,39.1,98700,3.00,9.00,14.0,17.0,0.0265,0
2023-05-24 04:04:44,1684915484,12.8,39.8,98700,3.00,6.00,9.00,11.0,0.0402,0
2023-05-24 04:09:49,1684915790,12.7,40.2,98700,4.00,9.00,14.0,16.0,0.0369,0
2023-05-24 04:14:55,1684916095,12.6,40.4,98700,4.00,14.0,22.0,27.0,0.0728,0
2023-05-24 04:19:40,1684916381,12.5,40.5,98700,5.00,13.0,19.0,22.0,0.0667,0
2023-05-24 04:24:46,1684916686,12.5,41.2,98700,7.00,11.0,14.0,16.0,0.0177,0
2023-05-24 04:29:52,1684916992,12.5,40.8,98700,3.00,5.00,8.00,9.00,0.124,0
2023-05-24 04:34:57,1684917298,12.6,41.1,98700,6.00,10.0,13.0,15.0,0.0890,0
2023-05-24 04:39:43,1684917583,12.6,41.2,98700,4.00,8.00,11.0,12.0,0.0743,0
2023-05-24 04:44:48,1684917889,12.6,41.2,98700,4.00,6.00,7.00,8.00,0.0750,0
2023-05-24 04:49:54,1684918195,12.7,41.3,98700,3.00,4.00,7.00,8.00,0.0750,0
2023-05-24 04:54:39,1684918480,12.7,41.4,98700,7.00,7.00,10.0,11.0,0.0227,0
2023-05-24 04:59:45,1684918786,12.7,41.8,98700,4.00,7.00,10.0,12.0,0.0702,0
2023-05-24 05:04:51,1684919091,12.8,41.5,98700,2.00,5.00,6.00,7.00,0.0593,0
2023-05-24 05:09:57,1684919397,13.0,41.9,98700,4.00,5.00,8.00,9.00,0.0593,0
2023-05-24 05:14:42,1684919682,13.1,42.1,98700,5.00,10.0,16.0,19.0,0.0428,0
2023-05-24 05:19:47,1684919988,13.1,41.9,98700,7.00,9.00,11.0,12.0,0.0486,0
2023-05-24 05:24:53,1684920293,13.1,41.8,98700,6.00,12.0,17.0,19.0,0.0247,0
2023-05-24 05:29:58,1684920599,13.1,41.9,98700,5.00,9.00,12.0,14.0,0.0508,0
2023-05-24 05:34:44,1684920884,13.2,41.8,98700,5.00,6.00,7.00,8.00,0.0673,0
2023-05-24 05:39:49,1684921190,13.2,41.9,98700,4.00,4.00,5.00,5.00,0.0691,0
2023-05-24 05:44:54,1684921495,13.3,42.3,98700,12.0,28.0,42.0,48.0,0.0614,0
2023-05-24 05:49:39,1684921780,13.5,42.3,98700,14.0,43.0,66.0,77.0,0.801,0
2023-05-24 05:54:45,1684922085,13.6,41.8,98700,4.00,7.00,9.00,10.0,0.836,0
2023-05-24 05:59:50,1684922390,13.6,41.8,98700,5.00,8.00,11.0,13.0,0.644,0
2023-05-24 06:04:55,1684922696,13.7,42.3,98700,4.00,6.00,7.00,8.00,0.0591,0
2023-05-24 06:09:40,1684922980,13.8,42.2,98700,4.00,6.00,6.00,7.00,0.0373,0
2023-05-24 06:14:45,1684923286,13.8,41.9,98700,4.00,6.00,8.00,9.00,0.0373,0
2023-05-24 06:19:50,1684923591,13.9,41.6,98700,3.00,12.0,19.0,23.0,0.0562,0
2023-05-24 06:24:55,1684923896,14.0,41.6,98700,4.00,5.00,7.00,8.00,0.0562,0
2023-05-24 06:29:40,1684924181,14.1,42.3,98700,4.00,7.00,11.0,13.0,0.0531,0
2023-05-24 06:34:45,1684924486,14.2,43.4,98700,4.00,12.0,19.0,22.0,0.0617,0
2023-05-24 06:39:50,1684924791,14.3,43.6,98733,2.00,6.00,9.00,10.0,0.0617,0
2023-05-24 06:44:55,1684925096,14.4,44.1,98800,5.00,6.00,9.00,11.0,0.0319,0
2023-05-24 06:49:40,1684925380,14.4,44.8,98800,3.00,9.00,15.0,18.0,0.0189,0
2023-05-24 06:54:45,1684925685,14.4,45.5,98800,4.00,5.00,7.00,8.00,0.0189,0
2023-05-24 06:59:50,1684925990,14.4,45.6,98800,4.00,5.00,7.00,8.00,0.0166,0
2023-05-24 07:04:55,1684926295,14.4,46.4,98800,6.00,11.0,16.0,18.0,0.0132,0
2023-05-24 07:09:40,1684926580,14.4,47.0,98800,5.00,8.00,11.0,12.0,0.0388,0
2023-05-24 07:14:50,1684926891,14.4,47.4,98800,3.00,4.00,5.00,6.00,0.0372,0
2023-05-24 07:17:12,1684927033,14.4,48.4,98800,3.00,8.00,13.0,16.0,0.102,0
2023-05-24 07:29:50,1684927790,14.7,50.2,98800,4.00,7.00,9.00,10.0,0.0832,0
2023-05-24 07:43:50,1684928631,15.0,51.0,98800,3.00,3.00,5.00,6.00,0.0324,0
2023-05-24 08:54:53,1684932893,15.5,47.3,98900,1.00,4.00,7.00,8.00,,
2023-05-24 08:55:13,1684932914,15.5,47.3,98900,1e-7,1e-7,1.00,1.00,,
2023-05-24 09:16:16,1684934176,15.6,47.5,98900,3.00,3.00,3.00,3.00,,
2023-05-24 09:34:47,1684935287,15.8,47.5,98900,3.00,6.00,9.00,11.0,,
2023-05-24 09:38:50,1684935530,15.9,47.1,98900,1.00,4.00,6.00,7.00,,
2023-05-24 09:59:48,1684936789,16.6,45.2,98900,1.00,4.00,7.00,9.00,,
2023-05-24 10:00:49,1684936850,16.6,44.8,98900,1e-7,1e-7,1e-7,1e-7,,
2023-05-24 11:37:11,1684942632,17.5,36.6,99000,1e-7,1e-7,1e-7,1e-7,0.0163,0
2023-05-24 11:59:40,1684943980,18.8,34.1,99000,1e-7,1e-7,1e-7,1e-7,,
2023-05-24 12:00:40,1684944041,18.8,34.0,99000,1e-7,1e-7,1e-7,1e-7,,
2023-05-24 12:19:49,1684945190,19.6,32.1,99000,1.00,3.00,5.00,6.00,,
2023-05-24 12:23:50,1684945431,20.1,31.4,99000,1.00,6.00,9.00,11.0,,
2023-05-24 12:34:41,1684946082,20.8,29.9,99000,4.00,9.00,12.0,14.0,,
2023-05-24 12:35:41,1684946142,20.9,30.0,99000,1e-7,2.00,4.00,4.00,,
2023-05-24 12:45:57,1684946757,21.4,29.1,99000,2.00,6.00,11.0,12.0,,
2023-05-24 13:09:56,1684948196,20.9,27.5,99000,1.00,2.00,4.00,5.00,0.0581,0
2023-05-24 13:14:57,1684948498,20.9,27.5,99000,1.00,5.00,8.00,10.0,0.0581,0
2023-05-24 13:15:57,1684948558,20.8,26.9,99000,1e-7,2.00,4.00,5.00,0.00800,0
2023-05-24 13:29:44,1684949385,20.6,25.5,99000,1.00,3.00,5.00,6.00,0.0484,0
2023-05-24 13:34:46,1684949686,20.2,25.6,99000,1.00,3.00,5.00,6.00,0.0577,0
2023-05-24 13:39:10,1684949950,20.0,25.3,99000,1.00,5.00,8.00,10.0,0.0233,0
2023-05-24 13:49:55,1684950596,20.8,25.5,99000,1e-7,3.00,5.00,6.00,0.0119,0
2023-05-24 13:54:55,1684950895,21.0,25.2,99000,1.00,3.00,5.00,6.00,0.0119,0
2023-05-24 13:55:15,1684950915,21.2,25.4,99000,1e-7,3.00,4.00,5.00,0.0119,0
2023-05-24 14:09:58,1684951798,21.3,23.0,99000,1.00,3.00,5.00,6.00,0.0174,0
2023-05-24 14:14:59,1684952099,21.5,22.9,99000,1.00,5.00,9.00,10.0,0.0211,0
2023-05-24 14:19:40,1684952380,22.0,22.9,99000,1.00,3.00,5.00,6.00,0.0192,0
2023-05-24 14:24:41,1684952681,22.5,22.0,99000,2.00,3.00,5.00,6.00,0.0159,0
2023-05-24 14:28:01,1684952882,22.9,22.1,99000,1.00,2.00,4.00,4.00,0.0118,0
2023-05-24 14:39:44,1684953584,23.4,20.3,99000,1e-7,2.00,3.00,4.00,0.0251,0
2023-05-24 14:44:44,1684953885,23.3,20.0,99000,1.00,5.00,8.00,9.00,0.0251,0
2023-05-24 14:59:49,1684954789,22.4,20.5,99000,1e-7,2.00,4.00,4.00,0.0161,0
2023-05-24 15:02:09,1684954930,22.1,19.6,99000,1e-7,3.00,5.00,6.00,0.0105,0
2023-05-24 15:14:54,1684955694,21.7,20.4,99000,1.00,3.00,5.00,6.00,0.0108,0
2023-05-24 15:19:55,1684955995,21.3,19.9,99000,1.00,5.00,8.00,9.00,0.0163,0
2023-05-24 15:24:56,1684956297,20.9,21.1,99000,2.00,8.00,13.0,16.0,0.0248,0
2023-05-24 15:29:58,1684956598,20.6,21.0,99000,1e-7,3.00,5.00,6.00,0.0276,0
2023-05-24 15:34:59,1684956900,20.4,21.7,99000,2.00,3.00,5.00,6.00,0.0320,0
2023-05-24 15:37:40,1684957061,20.3,22.2,99050,2.00,7.00,11.0,13.0,0.0211,0
2023-05-24 15:49:47,1684957787,20.2,22.2,99100,1e-7,2.00,3.00,4.00,0.0141,0
2023-05-24 15:54:28,1684958069,20.1,22.1,99100,2.00,4.00,7.00,8.00,0.0208,0
2023-05-24 16:04:53,1684958693,20.5,22.6,99100,1e-7,1.00,1.00,1.00,0.0208,0
2023-05-24 16:09:54,1684958995,20.6,21.7,99100,1e-7,2.00,4.00,5.00,0.0167,0
2023-05-24 16:14:56,1684959297,20.6,21.0,99100,1.00,3.00,4.00,5.00,0.0158,0
2023-05-24 16:19:58,1684959598,20.3,21.2,99100,2.00,5.00,8.00,9.00,0.0330,0
2023-05-24 16:24:39,1684959880,20.0,22.0,99100,1.00,3.00,5.00,6.00,0.0331,0
2023-05-24 16:29:41,1684960182,20.3,21.8,99100,1.00,3.00,4.00,5.00,0.0406,0
2023-05-24 16:34:43,1684960483,20.8,21.6,99100,2.00,4.00,7.00,9.00,0.0406,0
2023-05-24 16:48:29,1684961310,20.5,20.6,99100,1.00,5.00,8.00,9.00,0.0396,0
2023-05-24 16:59:55,1684961995,19.6,22.0,99100,1e-7,1e-7,1e-7,1e-7,0.0253,0
2023-05-24 17:04:57,1684962297,19.4,21.9,99100,2.00,3.00,5.00,6.00,0.0372,0
2023-05-24 17:06:18,1684962378,19.2,22.1,99100,1e-7,3.00,5.00,6.00,0.0323,0
2023-05-24 17:14:41,1684962881,18.8,22.7,99100,1e-7,2.00,4.00,4.00,0.0251,0
2023-05-24 17:19:43,1684963184,18.5,22.9,99180,1e-7,2.00,4.00,4.00,0.0123,0
2023-05-24 17:24:26,1684963466,18.1,23.1,99157,1.00,2.00,4.00,5.00,0.0170,0
2023-05-24 17:34:51,1684964092,17.6,24.0,99200,1e-7,1e-7,1e-7,1e-7,0.00998,0
2023-05-24 17:39:54,1684964395,17.5,24.0,99200,2.00,3.00,5.00,6.00,0.0103,0
2023-05-24 17:44:57,1684964698,17.4,24.7,99200,1.00,4.00,7.00,8.00,0.0145,0
2023-05-24 17:45:18,1684964718,17.4,24.4,99200,1e-7,2.00,3.00,4.00,0.0132,0
2023-05-24 17:59:48,1684965588,17.4,24.1,99200,2.00,3.00,5.00,6.00,0.0203,0
2023-05-24 18:00:48,1684965649,17.3,24.5,99200,1.00,2.00,4.00,4.00,0.0103,0
2023-05-24 18:14:58,1684966498,17.2,24.4,99200,1.00,3.00,5.00,6.00,0.0101,0
2023-05-24 18:19:41,1684966781,17.4,24.6,99200,1e-7,3.00,5.00,6.00,0.0127,0
2023-05-24 18:24:44,1684967084,17.6,24.1,99200,1e-7,2.00,4.00,4.00,0.0174,0
2023-05-24 18:29:47,1684967387,17.5,24.3,99200,1e-7,3.00,5.00,6.00,0.0174,0
2023-05-24 18:34:50,1684967691,17.3,24.7,99200,1.00,3.00,5.00,6.00,0.0166,0
2023-05-24 18:39:53,1684967994,17.2,24.7,99200,1e-7,2.00,4.00,4.00,0.0135,0
2023-05-24 18:44:57,1684968297,17.1,24.7,99200,1.00,2.00,4.00,4.00,0.0139,0
2023-05-24 18:49:40,1684968580,17.1,25.0,99200,1e-7,3.00,5.00,6.00,0.0139,0
2023-05-24 18:54:43,1684968884,17.5,24.9,99200,1e-7,3.00,5.00,6.00,0.0101,0
2023-05-24 18:58:05,1684969086,17.6,24.7,99200,1e-7,3.00,5.00,6.00,0.0107,0
2023-05-24 19:09:53,1684969794,19.2,22.9,99200,1.00,2.00,3.00,3.00,0.0107,0
2023-05-24 19:14:56,1684970096,19.1,22.7,99200,1.00,3.00,5.00,6.00,0.0166,0
2023-05-24 19:19:58,1684970399,19.0,22.7,99200,1e-7,2.00,4.00,4.00,0.0134,0
2023-05-24 19:24:41,1684970682,18.6,23.0,99200,1.00,3.00,5.00,6.00,0.0134,0
2023-05-24 19:29:44,1684970984,18.1,23.3,99200,2.00,2.00,4.00,4.00,0.0114,0
2023-05-24 19:34:47,1684971288,17.6,23.9,99200,2.00,5.00,7.00,8.00,0.0162,0
2023-05-24 19:39:50,1684971591,17.3,24.7,99200,1.00,3.00,5.00,6.00,0.0193,0
2023-05-24 19:44:54,1684971894,16.9,25.2,99200,1.00,3.00,5.00,6.00,0.0136,0
2023-05-24 19:49:57,1684972198,16.6,25.6,99200,1.00,3.00,4.00,5.00,0.0127,0
2023-05-24 19:54:41,1684972481,16.3,26.1,99200,1e-7,2.00,4.00,5.00,0.0166,0
2023-05-24 19:59:45,1684972785,16.0,26.7,99200,1e-7,3.00,5.00,6.00,0.0122,0
2023-05-24 20:04:49,1684973089,15.6,27.2,99200,1.00,2.00,4.00,4.00,0.0113,0
2023-05-24 20:09:53,1684973393,15.3,27.5,99200,2.00,5.00,8.00,9.00,0.0224,0
2023-05-24 20:14:57,1684973697,15.0,28.3,99200,1.00,3.00,4.00,4.00,0.0274,0
2023-05-24 20:19:41,1684973981,14.8,28.5,99200,1e-7,3.00,5.00,6.00,0.0206,0
2023-05-24 20:24:45,1684974286,14.6,28.9,99287,1.00,2.00,4.00,4.00,0.0165,0
2023-05-24 20:29:50,1684974590,14.3,29.3,99300,1e-7,3.00,5.00,6.00,0.0148,0
2023-05-24 20:34:54,1684974895,14.1,29.9,99300,1e-7,2.00,4.00,4.00,0.0140,0
2023-05-24 20:39:59,1684975200,13.8,30.4,99300,1.00,3.00,5.00,6.00,0.0114,0
2023-05-24 20:44:44,1684975484,13.6,31.0,99300,1e-7,1.00,2.00,2.00,0.0128,0
2023-05-24 20:49:49,1684975789,13.4,32.1,99300,1.00,2.00,4.00,4.00,0.0159,0
2023-05-24 20:54:53,1684976094,13.2,32.5,99300,1e-7,1.00,2.00,2.00,0.0151,0
2023-05-24 20:59:58,1684976399,13.1,32.6,99300,1e-7,3.00,5.00,6.00,0.00995,0
2023-05-24 21:04:43,1684976683,12.9,32.6,99300,1e-7,2.00,4.00,4.00,0.0105,0
2023-05-24 21:09:49,1684976989,12.8,33.2,99300,1e-7,2.00,4.00,4.00,0.0110,0
2023-05-24 21:14:54,1684977294,12.7,33.2,99300,1e-7,2.00,4.00,4.00,0.0110,0
2023-05-24 21:19:59,1684977600,12.5,33.5,99300,1e-7,3.00,5.00,6.00,0.0117,0
2023-05-24 21:24:44,1684977885,12.3,33.7,99300,1e-7,2.00,3.00,4.00,0.0117,0
2023-05-24 21:29:50,1684978191,12.1,34.2,99300,1.00,5.00,8.00,9.00,0.0111,0
2023-05-24 21:34:56,1684978496,11.9,34.2,99300,1e-7,3.00,5.00,6.00,0.0141,0
2023-05-24 21:39:41,1684978781,11.8,34.8,99300,1e-7,3.00,5.00,6.00,0.0161,0
2023-05-24 21:44:46,1684979087,11.7,35.4,99300,1e-7,3.00,5.00,6.00,0.0136,0
2023-05-24 21:49:52,1684979392,11.6,35.7,99300,1e-7,3.00,5.00,6.00,0.0118,0
2023-05-24 21:54:57,1684979698,11.6,36.5,99300,1.00,3.00,5.00,6.00,0.0117,0
2023-05-24 21:59:42,1684979983,11.7,37.0,99300,2.00,7.00,12.0,14.0,0.0117,0
2023-05-24 22:04:48,1684980288,11.8,37.5,99300,1e-7,2.00,3.00,4.00,0.0179,0
2023-05-24 22:09:53,1684980594,12.0,37.6,99300,1e-7,2.00,4.00,4.00,0.0183,0
2023-05-24 22:14:58,1684980899,12.0,37.1,99300,1e-7,3.00,5.00,6.00,0.0164,0
2023-05-24 22:19:43,1684981184,12.0,37.7,99300,1e-7,3.00,5.00,6.00,0.0115,0
2023-05-24 22:24:49,1684981489,12.0,37.7,99300,1e-7,3.00,5.00,6.00,0.0124,0
2023-05-24 22:29:54,1684981795,12.0,38.0,99300,1e-7,3.00,5.00,6.00,0.0135,0
2023-05-24 22:34:39,1684982080,12.1,37.7,99300,1.00,3.00,5.00,6.00,0.0135,0
2023-05-24 22:39:45,1684982385,12.1,38.3,99300,1e-7,3.00,5.00,6.00,0.0114,0
2023-05-24 22:44:50,1684982690,12.1,38.6,99300,1e-7,1e-7,1e-7,1e-7,0.0110,0
2023-05-24 22:49:55,1684982996,12.2,38.9,99300,1e-7,3.00,5.00,6.00,0.0133,0
2023-05-24 22:54:40,1684983281,12.2,38.6,99300,1.00,4.00,7.00,9.00,0.0123,0
2023-05-24 22:59:46,1684983586,12.3,38.1,99300,1e-7,3.00,4.00,5.00,0.0169,0
2023-05-24 23:04:51,1684983891,12.2,38.3,99300,1e-7,2.00,4.00,4.00,0.0165,0
2023-05-24 23:09:56,1684984196,12.3,38.4,99300,1e-7,2.00,4.00,4.00,0.0151,0
2023-05-24 23:14:41,1684984481,12.2,39.0,99300,1e-7,3.00,5.00,6.00,0.0102,0
2023-05-24 23:19:46,1684984787,12.3,38.3,99300,1e-7,3.00,5.00,6.00,0.0133,0
2023-05-24 23:24:52,1684985092,12.3,38.5,99300,1e-7,1e-7,1e-7,1e-7,0.0133,0
2023-05-24 23:29:57,1684985398,12.3,38.4,99300,1e-7,1e-7,1e-7,1e-7,0.0133,0
2023-05-24 23:34:42,1684985683,12.3,38.9,99300,1.00,3.00,4.00,5.00,0.0103,0
2023-05-24 23:39:47,1684985988,12.3,39.0,99300,1e-7,3.00,5.00,6.00,0.0120,0
2023-05-24 23:44:53,1684986293,12.3,39.1,99300,1e-7,1e-7,1e-7,1e-7,0.0115,0
2023-05-24 23:49:58,1684986599,12.2,39.3,99300,1.00,5.00,8.00,9.00,0.0130,0
2023-05-24 23:54:43,1684986884,12.3,39.4,99300,1.00,2.00,4.00,5.00,0.0196,0
2023-05-24 23:59:49,1684987189,12.2,39.1,99300,1e-7,1e-7,1e-7,1e-7,0.0196,0
2023-05-25 00:04:54,1684987494,12.2,39.6,99300,1e-7,3.00,5.00,6.00,0.0159,0
2023-05-25 00:09:59,1684987800,12.1,39.3,99300,1e-7,1e-7,1e-7,1e-7,0.0103,0
2023-05-25 00:14:44,1684988085,12.1,39.4,99300,1e-7,3.00,5.00,6.00,0.0107,0
2023-05-25 00:19:50,1684988390,12.0,39.3,99300,1e-7,3.00,5.00,6.00,0.0123,0
2023-05-25 00:24:55,1684988696,11.9,40.2,99300,1e-7,3.00,5.00,6.00,0.0123,0
2023-05-25 00:29:40,1684988981,11.8,40.1,99300,1e-7,1e-7,1e-7,1e-7,0.0110,0
2023-05-25 00:34:46,1684989286,11.6,40.9,99300,1e-7,2.00,3.00,4.00,0.0110,0
2023-05-25 00:39:52,1684989592,11.5,40.8,99300,1e-7,1e-7,1e-7,1e-7,0.0105,0
2023-05-25 00:44:57,1684989898,11.4,41.0,99300,1e-7,1e-7,1e-7,1e-7,0.00995,0
2023-05-25 00:49:42,1684990183,11.4,42.4,99300,1.00,3.00,5.00,6.00,0.0107,0
2023-05-25 00:54:48,1684990489,11.3,42.1,99300,1e-7,3.00,5.00,6.00,0.0123,0
2023-05-25 00:59:54,1684990794,11.3,43.0,99300,1.00,3.00,5.00,6.00,0.0112,0
2023-05-25 01:04:39,1684991080,11.3,43.1,99300,1e-7,2.00,4.00,4.00,0.0104,0
2023-05-25 01:09:44,1684991385,11.4,42.9,99300,1e-7,2.00,4.00,4.00,0.0105,0
2023-05-25 01:14:50,1684991690,11.3,43.3,99300,1e-7,2.00,4.00,4.00,0.0103,0
2023-05-25 01:19:55,1684991996,11.3,43.2,99300,1e-7,3.00,4.00,5.00,0.0101,0
2023-05-25 01:24:41,1684992281,11.3,43.4,99300,1e-7,1e-7,1e-7,1e-7,0.0103,0
2023-05-25 01:29:46,1684992587,11.3,43.3,99300,1.00,2.00,4.00,4.00,0.0103,0
2023-05-25 01:34:52,1684992892,11.3,43.4,99300,1e-7,2.00,4.00,4.00,0.00995,0
2023-05-25 01:39:58,1684993198,11.3,43.2,99300,1.00,3.00,4.00,4.00,0.00995,0
2023-05-25 01:44:43,1684993483,11.3,42.8,99300,1.00,4.00,7.00,9.00,0.00998,0
2023-05-25 01:49:49,1684993789,11.3,42.6,99300,1e-7,3.00,5.00,6.00,0.0163,0
2023-05-25 01:54:54,1684994095,11.3,42.7,99300,1e-7,2.00,4.00,4.00,0.0185,0
2023-05-25 01:59:40,1684994380,11.3,42.7,99300,1e-7,2.00,4.00,4.00,0.0229,0
2023-05-25 02:04:45,1684994686,11.3,42.6,99300,1e-7,2.00,4.00,4.00,0.00995,0
2023-05-25 02:09:51,1684994991,11.4,42.0,99300,1e-7,3.00,5.00,6.00,0.0135,0
2023-05-25 02:14:57,1684995297,11.5,41.7,99300,1.00,3.00,4.00,5.00,0.0135,0
2023-05-25 02:19:42,1684995582,11.6,41.3,99300,1.00,3.00,5.00,6.00,0.0112,0
2023-05-25 02:24:47,1684995888,11.6,41.3,99300,1e-7,3.00,5.00,6.00,0.0117,0
2023-05-25 02:29:53,1684996193,11.7,41.0,99300,1.00,3.00,4.00,5.00,0.0113,0
2023-05-25 02:34:59,1684996499,11.8,40.7,99300,1.00,2.00,4.00,4.00,0.0120,0
2023-05-25 02:39:44,1684996784,11.8,40.4,99300,1.00,5.00,8.00,9.00,0.0199,0
2023-05-25 02:44:49,1684997090,11.8,40.4,99300,1.00,3.00,5.00,6.00,0.0301,0
2023-05-25 02:49:55,1684997395,11.8,40.2,99300,1.00,5.00,9.00,11.0,0.0288,0
2023-05-25 02:54:40,1684997680,11.9,40.1,99300,1.00,6.00,9.00,11.0,0.0206,0
2023-05-25 02:59:45,1684997986,11.9,39.8,99300,1.00,2.00,3.00,3.00,0.0314,0
2023-05-25 03:04:51,1684998291,11.9,39.6,99300,2.00,3.00,5.00,6.00,0.0340,0
2023-05-25 03:09:56,1684998597,11.9,39.4,99300,1e-7,3.00,5.00,6.00,0.0128,0
2023-05-25 03:14:41,1684998882,11.9,39.6,99300,2.00,8.00,13.0,15.0,0.0149,0
2023-05-25 03:19:47,1684999187,11.9,39.4,99300,2.00,4.00,7.00,9.00,0.0191,0
2023-05-25 03:24:52,1684999493,12.0,39.7,99300,1.00,5.00,8.00,9.00,0.0253,0
2023-05-25 03:29:58,1684999798,11.9,39.4,99300,1.00,5.00,9.00,10.0,0.0236,0
2023-05-25 03:34:43,1685000083,11.9,39.5,99300,1.00,3.00,5.00,6.00,0.0236,0
2023-05-25 03:39:48,1685000389,11.9,39.8,99300,2.00,3.00,5.00,6.00,0.0255,0
2023-05-25 03:44:54,1685000694,11.8,39.7,99300,2.00,5.00,8.00,10.0,0.0131,0
2023-05-25 03:49:59,1685001000,11.8,39.6,99300,2.00,5.00,8.00,9.00,0.0163,0
2023-05-25 03:54:44,1685001285,11.8,39.7,99300,2.00,4.00,7.00,9.00,0.0319,0
2023-05-25 03:59:50,1685001590,11.8,40.2,99300,1.00,3.00,5.00,6.00,0.0515,0
2023-05-25 04:04:55,1685001896,11.7,39.9,99300,2.00,2.00,4.00,4.00,0.0515,0
2023-05-25 04:09:41,1685002181,11.7,39.8,99300,1.00,3.00,4.00,5.00,0.0135,0
2023-05-25 04:14:46,1685002487,11.6,40.0,99300,1.00,4.00,7.00,9.00,0.0122,0
2023-05-25 04:19:52,1685002793,11.6,39.9,99300,2.00,3.00,4.00,5.00,0.0193,0
2023-05-25 04:24:58,1685003098,11.5,39.8,99300,2.00,4.00,6.00,7.00,0.0193,0
2023-05-25 04:29:43,1685003384,11.4,39.7,99300,1.00,3.00,5.00,6.00,0.0129,0
2023-05-25 04:34:49,1685003689,11.4,40.2,99300,2.00,3.00,5.00,6.00,0.0127,0
2023-05-25 04:39:55,1685003995,11.2,40.2,99300,2.00,3.00,5.00,6.00,0.0161,0
2023-05-25 04:44:40,1685004281,11.1,40.4,99300,2.00,6.00,9.00,10.0,0.0121,0
2023-05-25 04:49:46,1685004587,10.9,40.4,99300,2.00,8.00,13.0,15.0,0.0306,0
2023-05-25 04:54:52,1685004893,10.8,40.8,99300,2.00,5.00,9.00,11.0,0.0306,0
2023-05-25 04:59:58,1685005199,10.6,41.2,99300,3.00,5.00,6.00,7.00,0.0298,0
2023-05-25 05:04:44,1685005484,10.5,41.8,99300,2.00,5.00,9.00,11.0,0.0360,0
2023-05-25 05:09:50,1685005790,10.3,42.0,99300,2.00,3.00,5.00,6.00,0.0360,0
2023-05-25 05:14:56,1685006097,10.1,42.4,99300,1.00,3.00,5.00,6.00,0.0240,0
2023-05-25 05:19:42,1685006382,10.1,42.2,99300,1.00,3.00,5.00,6.00,0.0142,0
2023-05-25 05:24:48,1685006688,10.2,42.4,99300,2.00,6.00,9.00,11.0,0.0127,0
2023-05-25 05:29:54,1685006994,10.4,42.3,99300,1.00,3.00,4.00,5.00,0.0297,0
2023-05-25 05:34:40,1685007280,10.5,41.7,99300,1.00,3.00,5.00,6.00,0.0348,0
2023-05-25 05:39:45,1685007586,10.6,41.9,99300,2.00,4.00,7.00,8.00,0.0329,0
2023-05-25 05:44:51,1685007892,10.7,41.7,99300,1.00,3.00,5.00,6.00,0.0115,0
2023-05-25 05:48:15,1685008095,10.8,41.6,99300,1.00,2.00,4.00,4.00,0.0107,0
2023-05-25 05:59:50,1685008790,11.0,41.0,99400,1.00,1.00,2.00,3.00,0.00966,0
2023-05-25 06:04:55,1685009096,11.0,40.9,99393,1.00,3.00,5.00,6.00,0.0109,0
2023-05-25 06:09:40,1685009381,10.9,40.6,99400,1.00,3.00,4.00,5.00,0.0136,0
2023-05-25 06:14:46,1685009686,11.0,40.5,99400,2.00,3.00,5.00,6.00,0.0136,0
2023-05-25 06:19:51,1685009992,11.2,39.9,99400,2.00,4.00,6.00,7.00,0.0148,0
2023-05-25 06:24:57,1685010297,11.3,39.5,99400,4.00,14.0,23.0,28.0,0.0310,0
2023-05-25 06:29:42,1685010582,11.4,39.1,99400,1.00,3.00,4.00,5.00,0.0391,0
2023-05-25 06:34:47,1685010888,11.6,38.7,99400,1.00,3.00,4.00,5.00,0.0587,0
2023-05-25 06:39:52,1685011193,11.7,38.6,99400,2.00,6.00,9.00,11.0,0.0274,0
2023-05-25 06:44:57,1685011498,11.9,38.3,99400,2.00,6.00,11.0,13.0,0.0413,0
2023-05-25 06:49:42,1685011783,12.1,37.6,99400,2.00,5.00,8.00,9.00,0.0400,0
2023-05-25 06:54:47,1685012088,12.3,37.2,99400,2.00,5.00,9.00,10.0,0.0299,0
2023-05-25 06:59:52,1685012393,12.4,36.8,99400,2.00,4.00,6.00,7.00,0.0250,0
2023-05-25 07:04:57,1685012698,12.6,36.6,99400,2.00,3.00,5.00,6.00,0.0348,0
2023-05-25 07:09:42,1685012982,12.7,36.4,99400,1.00,5.00,8.00,9.00,0.0299,0
2023-05-25 07:14:47,1685013287,12.6,36.4,99400,2.00,4.00,6.00,7.00,0.0173,0
2023-05-25 07:19:52,1685013592,12.6,36.4,99400,2.00,5.00,8.00,9.00,0.0219,0
2023-05-25 07:24:57,1685013897,12.9,36.3,99400,2.00,7.00,11.0,13.0,0.0236,0
2023-05-25 07:29:41,1685014181,13.3,36.5,99400,2.00,4.00,7.00,8.00,0.0225,0
2023-05-25 07:34:46,1685014486,13.9,35.6,99400,1.00,6.00,9.00,11.0,0.0225,0
2023-05-25 07:39:50,1685014790,14.5,34.3,99400,2.00,5.00,8.00,10.0,0.0339,0
2023-05-25 07:44:54,1685015095,15.0,33.6,99400,4.00,9.00,13.0,14.0,0.0533,0
2023-05-25 07:49:58,1685015399,15.3,33.0,99400,4.00,15.0,25.0,29.0,0.0427,0
2023-05-25 07:52:00,1685015520,15.7,32.2,99400,4.00,10.0,15.0,17.0,0.127,0
2023-05-25 08:34:40,1685018080,17.7,28.2,99462,2.00,4.00,5.00,6.00,,
2023-05-25 08:39:42,1685018383,18.0,27.9,99400,3.00,6.00,8.00,9.00,,
2023-05-25 08:44:44,1685018685,18.2,27.5,99400,3.00,7.00,9.00,11.0,0.0117,0
2023-05-25 08:49:06,1685018947,18.4,27.0,99400,2.00,5.00,9.00,11.0,0.0158,0
2023-05-25 08:54:52,1685019292,18.5,26.4,99407,2.00,6.00,9.00,11.0,0.0154,0
2023-05-25 08:57:33,1685019454,18.6,26.2,99475,2.00,4.00,5.00,6.00,0.0168,0
2023-05-25 09:09:52,1685020192,18.9,25.8,99400,1.00,6.00,10.0,12.0,0.0191,0
2023-05-25 09:10:12,1685020212,19.0,25.7,99400,1e-7,1e-7,1e-7,1e-7,0.0127,0
2023-05-25 09:24:40,1685021081,19.1,24.1,99400,1e-7,3.00,5.00,6.00,0.0134,0
2023-05-25 09:29:43,1685021383,19.2,23.8,99407,1.00,3.00,5.00,6.00,0.0269,0
2023-05-25 09:34:45,1685021686,19.3,23.4,99400,2.00,6.00,10.0,12.0,0.0386,0
2023-05-25 09:39:48,1685021988,19.2,22.8,99400,2.00,4.00,7.00,9.00,0.0357,0
2023-05-25 09:44:50,1685022291,19.1,22.9,99400,30.0,112,179,212,0.193,0
2023-05-25 09:49:53,1685022593,19.2,22.7,99400,1.00,3.00,5.00,6.00,0.195,0
2023-05-25 09:54:56,1685022896,19.4,21.4,99400,2.00,7.00,11.0,13.0,0.244,0
2023-05-25 09:59:58,1685023199,19.3,20.9,99400,2.00,7.00,11.0,13.0,0.204,0
2023-05-25 10:04:41,1685023481,19.2,21.2,99400,6.00,21.0,33.0,39.0,0.125,0
2023-05-25 10:09:44,1685023784,19.1,21.1,99400,3.00,4.00,5.00,6.00,0.115,0
2023-05-25 10:14:47,1685024087,19.1,21.0,99400,4.00,5.00,8.00,9.00,0.102,0
2023-05-25 10:19:50,1685024390,19.3,21.1,99400,1.00,3.00,5.00,6.00,0.0149,0
2023-05-25 10:24:52,1685024693,19.5,21.1,99400,2.00,4.00,7.00,9.00,0.0218,0
2023-05-25 10:29:55,1685024996,19.6,19.1,99400,1.00,7.00,12.0,15.0,0.0197,0
2023-05-25 10:34:58,1685025298,19.4,19.0,99400,2.00,3.00,5.00,6.00,0.0524,0
2023-05-25 10:39:41,1685025581,19.4,18.4,99400,1.00,4.00,7.00,9.00,0.0524,0
2023-05-25 10:44:43,1685025884,19.5,19.7,99400,9.00,25.0,39.0,46.0,0.0413,0
2023-05-25 10:49:46,1685026187,19.8,19.5,99400,2.00,5.00,8.00,10.0,0.0738,0
2023-05-25 10:54:49,1685026489,20.0,19.4,99400,2.00,3.00,5.00,6.00,0.102,0
2023-05-25 10:59:52,1685026792,20.2,19.1,99393,1e-7,3.00,5.00,6.00,0.102,0
2023-05-25 11:04:54,1685027095,20.2,17.9,99313,1.00,5.00,8.00,9.00,0.0148,0
2023-05-25 11:09:57,1685027397,20.2,17.1,99367,1.00,5.00,9.00,11.0,0.0139,0
2023-05-25 11:14:59,1685027700,20.2,16.7,99340,2.00,2.00,4.00,5.00,0.0218,0
2023-05-25 11:19:42,1685027983,20.0,16.4,99329,2.00,7.00,11.0,12.0,0.0174,0
2023-05-25 11:24:44,1685028285,20.0,17.3,99300,2.00,5.00,7.00,8.00,0.0369,0
2023-05-25 11:29:47,1685028587,20.2,17.2,99300,3.00,11.0,17.0,20.0,0.0388,0
2023-05-25 11:34:50,1685028890,20.5,17.3,99300,1.00,5.00,8.00,9.00,0.0388,0
2023-05-25 11:39:52,1685029193,20.8,17.6,99300,2.00,3.00,4.00,5.00,0.0555,0
2023-05-25 11:44:55,1685029495,21.1,16.0,99300,2.00,4.00,6.00,7.00,0.0542,0
2023-05-25 11:49:57,1685029797,21.0,15.6,99300,2.00,3.00,4.00,4.00,0.0155,0
2023-05-25 11:54:59,1685030100,20.9,15.1,99300,2.00,7.00,11.0,13.0,0.0190,0
2023-05-25 11:55:19,1685030120,20.9,15.2,99300,2.00,7.00,11.0,13.0,0.0190,0
2023-05-25 13:09:42,1685034582,23.8,14.9,99300,2.00,4.00,5.00,6.00,,
2023-05-25 13:14:42,1685034882,24.0,14.5,99300,2.00,3.00,5.00,6.00,,
2023-05-25 13:19:42,1685035182,24.2,14.0,99300,2.00,3.00,5.00,6.00,0.0101,0
2023-05-25 13:24:42,1685035482,24.2,13.0,99300,1.00,4.00,6.00,7.00,0.0102,0
2023-05-25 13:29:42,1685035782,24.3,13.6,99300,3.00,9.00,15.0,17.0,0.0112,0
2023-05-25 13:34:41,1685036082,24.8,13.6,99273,46.0,156,245,289,0.212,0
2023-05-25 13:39:41,1685036381,25.3,12.8,99300,4.00,6.00,7.00,8.00,0.216,0
2023-05-25 13:44:40,1685036680,25.5,12.8,99300,6.00,19.0,31.0,36.0,0.205,0
2023-05-25 13:49:59,1685037000,25.5,11.4,99300,2.00,5.00,8.00,10.0,0.0974,0
2023-05-25 13:54:58,1685037299,25.4,11.5,99300,2.00,2.00,3.00,4.00,0.129,0
2023-05-25 13:59:58,1685037598,25.7,11.5,99300,2.00,5.00,9.00,11.0,0.100,0
2023-05-25 14:04:57,1685037897,26.0,11.3,99300,2.00,7.00,11.0,13.0,0.0617,0
2023-05-25 14:09:56,1685038196,25.9,11.7,99300,2.00,7.00,12.0,14.0,0.0578,0
2023-05-25 14:14:55,1685038496,26.4,11.4,99300,2.00,7.00,11.0,14.0,0.0269,0
2023-05-25 14:19:54,1685038794,26.6,10.8,99300,2.00,6.00,10.0,12.0,0.0363,0
2023-05-25 14:24:53,1685039094,25.9,11.3,99300,2.00,3.00,5.00,6.00,0.0441,0
2023-05-25 14:29:53,1685039393,25.5,11.4,99300,2.00,5.00,8.00,9.00,0.0374,0
2023-05-25 14:34:53,1685039693,24.8,11.7,99300,2.00,3.00,5.00,5.00,0.0199,0
2023-05-25 14:44:50,1685040290,26.1,11.5,99300,2.00,3.00,3.00,3.00,0.0128,0
2023-05-25 14:49:49,1685040589,27.0,10.5,99267,2.00,6.00,9.00,11.0,0.0146,0
2023-05-25 14:52:09,1685040729,27.0,11.2,99300,1.00,4.00,7.00,9.00,0.0107,0
2023-05-25 15:04:45,1685041486,26.1,11.6,99300,5.00,10.0,15.0,17.0,0.0256,0
2023-05-25 15:09:45,1685041786,25.6,12.2,99300,2.00,3.00,5.00,6.00,0.0376,0
2023-05-25 15:14:45,1685042086,25.2,12.8,99280,2.00,5.00,8.00,10.0,0.0386,0
2023-05-25 15:19:45,1685042386,25.0,12.4,99300,2.00,3.00,5.00,6.00,0.0160,0
2023-05-25 15:24:45,1685042686,24.7,12.7,99300,2.00,4.00,7.00,8.00,0.0208,0
2023-05-25 15:29:45,1685042986,24.3,13.0,99300,2.00,5.00,8.00,9.00,0.0344,0
2023-05-25 15:34:45,1685043286,24.1,13.3,99300,2.00,3.00,5.00,6.00,0.0298,0
2023-05-25 15:39:46,1685043586,24.1,13.8,99300,1.00,3.00,4.00,5.00,0.0236,0
2023-05-25 15:44:46,1685043886,24.3,13.4,99300,2.00,4.00,7.00,8.00,0.0200,0
2023-05-25 15:47:26,1685044047,24.2,13.0,99300,2.00,2.00,3.00,3.00,0.0113,0
2023-05-25 15:59:45,1685044785,26.5,12.1,99300,1.00,2.00,4.00,4.00,0.0146,0
2023-05-25 16:04:44,1685045084,27.7,10.8,99300,2.00,3.00,5.00,6.00,0.00890,0
2023-05-25 16:05:43,1685045144,28.3,9.69,99300,1.00,3.00,5.00,6.00,0.0107,0
2023-05-25 16:19:43,1685045983,26.9,11.3,99300,2.00,3.00,4.00,5.00,0.0107,0
2023-05-25 16:24:42,1685046283,26.2,11.3,99300,2.00,4.00,7.00,8.00,0.0138,0
2023-05-25 16:29:42,1685046582,25.8,11.7,99300,1.00,3.00,5.00,6.00,0.0154,0
2023-05-25 16:34:42,1685046882,25.7,11.9,99300,3.00,5.00,7.00,8.00,0.0154,0
2023-05-25 16:38:02,1685047082,25.6,12.0,99300,24.0,90.0,145,172,0.296,0
2023-05-25 16:49:40,1685047780,26.2,11.3,99300,2.00,3.00,5.00,6.00,0.299,0
2023-05-25 16:54:40,1685048080,25.7,12.0,99300,4.00,6.00,8.00,9.00,0.287,0
2023-05-25 16:55:20,1685048120,25.4,12.6,99300,1e-7,1.00,2.00,2.00,0.277,0
2023-05-25 17:04:56,1685048696,27.8,10.2,99300,2.00,5.00,8.00,10.0,0.278,0
2023-05-25 17:09:55,1685048995,27.6,10.4,99300,2.00,4.00,7.00,8.00,0.278,0
2023-05-25 17:14:54,1685049294,27.6,10.5,99300,2.00,4.00,5.00,6.00,0.0130,0
2023-05-25 17:19:53,1685049594,26.8,13.0,99300,4.00,12.0,19.0,23.0,0.0257,1.71
2023-05-25 17:24:52,1685049893,26.4,14.5,99300,4.00,7.00,10.0,11.0,0.0598,0
2023-05-25 17:29:51,1685050192,27.9,13.7,99300,32.0,108,171,201,0.775,0
2023-05-25 17:34:50,1685050491,27.9,12.8,99300,33.0,127,203,241,5.12,0
2023-05-25 17:39:49,1685050790,26.9,14.2,99300,5.00,12.0,17.0,20.0,5.12,0
2023-05-25 17:44:49,1685051089,27.0,15.4,99300,3.00,8.00,12.0,14.0,5.38,0
2023-05-25 17:49:47,1685051388,28.0,14.7,99300,2.00,5.00,8.00,9.00,1.50,0
2023-05-25 17:54:46,1685051687,27.0,15.3,99300,2.00,4.00,7.00,9.00,0.0445,0
2023-05-25 17:59:48,1685051988,25.5,16.2,99300,2.00,5.00,6.00,7.00,0.0137,0
2023-05-25 18:04:48,1685052288,24.2,17.2,99300,2.00,3.00,5.00,6.00,0.0220,0
2023-05-25 18:09:48,1685052589,23.2,18.1,99387,3.00,7.00,11.0,13.0,0.0209,0
2023-05-25 18:14:49,1685052890,22.6,18.4,99373,2.00,5.00,8.00,9.00,0.0176,0
2023-05-25 18:19:50,1685053191,21.7,19.2,99373,2.00,5.00,8.00,9.00,0.0246,0
2023-05-25 18:24:52,1685053492,21.1,19.6,99400,3.00,13.0,22.0,26.0,0.0246,0
2023-05-25 18:29:53,1685053794,20.8,19.6,99400,2.00,7.00,12.0,14.0,0.0590,0
2023-05-25 18:34:55,1685054096,20.3,20.0,99400,4.00,6.00,7.00,9.00,0.0598,0
2023-05-25 18:39:57,1685054398,19.8,20.5,99400,3.00,7.00,10.0,12.0,0.0733,0
2023-05-25 18:44:59,1685054700,19.5,20.7,99400,2.00,5.00,8.00,9.00,0.0236,0
2023-05-25 18:49:42,1685054982,19.1,21.1,99400,2.00,6.00,9.00,11.0,0.0236,0
2023-05-25 18:54:44,1685055285,19.1,21.1,99400,1.00,2.00,4.00,5.00,0.0138,0
2023-05-25 18:59:46,1685055587,19.3,20.9,99400,2.00,5.00,8.00,9.00,0.0189,0
2023-05-25 19:04:49,1685055890,19.6,19.8,99400,2.00,5.00,8.00,10.0,0.0127,0
2023-05-25 19:09:52,1685056192,19.1,20.0,99400,3.00,6.00,8.00,9.00,0.0128,0
2023-05-25 19:14:54,1685056495,18.7,20.4,99400,2.00,5.00,8.00,9.00,0.0109,0
2023-05-25 19:19:57,1685056797,18.4,20.9,99400,1.00,5.00,9.00,10.0,0.0130,0
2023-05-25 19:24:40,1685057080,18.1,21.5,99443,2.00,6.00,8.00,9.00,0.0191,0
2023-05-25 19:29:43,1685057384,17.6,21.9,99420,3.00,11.0,18.0,21.0,0.0338,0
2023-05-25 19:34:46,1685057687,17.0,22.7,99500,4.00,11.0,18.0,21.0,0.134,0
2023-05-25 19:39:50,1685057990,16.5,23.5,99500,2.00,5.00,7.00,9.00,0.147,0
2023-05-25 19:44:54,1685058294,16.1,24.0,99500,2.00,7.00,11.0,13.0,0.173,0
2023-05-25 19:49:57,1685058598,15.7,24.6,99500,2.00,5.00,9.00,11.0,0.0379,0
2023-05-25 19:54:41,1685058882,15.4,24.9,99500,5.00,5.00,5.00,5.00,0.0311,0
2023-05-25 19:59:45,1685059186,15.1,25.4,99500,2.00,5.00,7.00,8.00,0.0157,0
2023-05-25 20:04:54,1685059494,14.8,25.9,99500,3.00,4.00,7.00,9.00,0.0146,0
2023-05-25 20:09:58,1685059799,14.5,26.6,99500,4.00,4.00,4.00,5.00,0.0146,0
2023-05-25 20:14:43,1685060083,14.2,27.0,99500,2.00,3.00,5.00,6.00,0.0160,0
2023-05-25 20:19:47,1685060388,13.9,27.2,99500,1.00,5.00,8.00,9.00,0.0174,0
2023-05-25 20:24:52,1685060692,13.6,27.5,99500,3.00,7.00,11.0,13.0,0.0174,0
2023-05-25 20:29:57,1685060997,13.3,28.0,99500,3.00,4.00,5.00,6.00,0.0128,0
2023-05-25 20:34:41,1685061282,13.0,28.6,99500,1.00,8.00,14.0,16.0,0.0149,0
2023-05-25 20:39:46,1685061587,12.8,28.9,99500,2.00,6.00,10.0,12.0,0.0423,0
2023-05-25 20:44:52,1685061892,12.5,29.6,99500,2.00,6.00,9.00,11.0,0.0289,0
2023-05-25 20:49:57,1685062198,12.3,30.5,99500,2.00,5.00,8.00,9.00,0.0253,0
2023-05-25 20:54:42,1685062483,12.1,31.3,99500,4.00,6.00,10.0,12.0,0.0168,0
2023-05-25 20:59:48,1685062788,11.9,31.7,99547,2.00,9.00,15.0,18.0,0.0380,0
2023-05-25 21:04:53,1685063093,11.8,32.3,99600,3.00,7.00,10.0,12.0,0.0389,0
2023-05-25 21:09:58,1685063398,11.8,33.0,99600,2.00,5.00,9.00,11.0,0.0446,0
2023-05-25 21:14:43,1685063684,11.8,33.4,99600,2.00,6.00,9.00,11.0,0.0249,0
2023-05-25 21:19:48,1685063989,11.7,33.5,99600,1.00,4.00,7.00,9.00,0.0513,0
2023-05-25 21:24:54,1685064294,11.7,33.5,99600,4.00,6.00,10.0,12.0,0.0513,0
2023-05-25 21:30:00,1685064600,11.7,33.9,99600,1.00,3.00,5.00,6.00,0.0276,0
2023-05-25 21:34:45,1685064885,11.6,34.1,99600,1.00,3.00,4.00,5.00,0.0299,0
2023-05-25 21:39:50,1685065191,11.6,34.3,99600,2.00,7.00,11.0,13.0,0.0320,0
2023-05-25 21:44:56,1685065497,11.5,34.6,99600,2.00,6.00,9.00,10.0,0.0371,0
2023-05-25 21:49:41,1685065782,11.5,34.8,99600,3.00,5.00,7.00,7.00,0.0277,0
2023-05-25 21:54:47,1685066088,11.5,34.8,99600,2.00,12.0,20.0,24.0,0.0186,0
2023-05-25 21:59:53,1685066393,11.5,35.3,99600,2.00,6.00,10.0,12.0,0.0573,0
2023-05-25 22:04:58,1685066699,11.5,35.4,99600,10.0,31.0,48.0,56.0,0.806,0
2023-05-25 22:09:44,1685066984,11.4,35.4,99600,2.00,8.00,13.0,15.0,0.981,0
2023-05-25 22:14:50,1685067290,11.4,35.6,99600,2.00,11.0,18.0,22.0,0.948,0
2023-05-25 22:19:55,1685067596,11.3,35.7,99600,2.00,9.00,15.0,18.0,0.310,0
2023-05-25 22:24:41,1685067881,11.3,36.1,99600,2.00,3.00,5.00,6.00,0.102,0
2023-05-25 22:29:47,1685068187,11.2,36.3,99600,2.00,6.00,10.0,12.0,0.196,0
2023-05-25 22:34:52,1685068493,11.1,36.6,99600,2.00,8.00,14.0,17.0,0.0439,0
2023-05-25 22:39:58,1685068799,10.9,36.7,99600,2.00,9.00,15.0,18.0,0.0211,0
2023-05-25 22:44:44,1685069085,10.7,36.9,99600,1.00,4.00,7.00,9.00,0.0242,0
2023-05-25 22:49:50,1685069391,10.5,37.2,99600,1.00,4.00,7.00,9.00,0.0264,0
2023-05-25 22:54:56,1685069697,10.4,37.6,99600,2.00,3.00,5.00,6.00,0.0169,0
2023-05-25 22:59:42,1685069982,10.3,38.1,99600,4.00,4.00,5.00,6.00,0.0142,0
2023-05-25 23:04:48,1685070288,10.2,38.3,99600,3.00,8.00,13.0,16.0,0.0126,0
2023-05-25 23:09:54,1685070595,10.2,38.7,99600,2.00,9.00,14.0,16.0,0.0204,0
2023-05-25 23:14:40,1685070880,10.2,39.2,99600,2.00,2.00,4.00,5.00,0.0377,0
2023-05-25 23:19:46,1685071186,10.2,38.9,99600,1.00,5.00,8.00,9.00,0.0606,0
2023-05-25 23:24:52,1685071492,10.2,39.3,99600,2.00,6.00,10.0,11.0,0.0194,0
2023-05-25 23:29:58,1685071798,10.3,39.7,99600,2.00,6.00,9.00,11.0,0.0364,0
2023-05-25 23:34:44,1685072084,10.3,39.8,99600,2.00,3.00,4.00,5.00,0.0481,0
2023-05-25 23:39:50,1685072390,10.3,39.9,99600,3.00,4.00,5.00,6.00,0.0572,0
2023-05-25 23:44:56,1685072696,10.2,39.9,99600,1.00,5.00,8.00,9.00,0.0317,0
2023-05-25 23:49:42,1685072982,10.1,40.1,99600,2.00,5.00,8.00,9.00,0.0182,0
2023-05-25 23:54:48,1685073289,9.89,39.9,99600,2.00,3.00,5.00,6.00,0.0182,0
2023-05-25 23:59:55,1685073595,9.65,39.9,99600,2.00,7.00,11.0,13.0,0.0178,0
2023-05-26 00:04:41,1685073881,9.40,40.4,99600,2.00,6.00,10.0,12.0,0.0187,0
2023-05-26 00:09:47,1685074188,9.17,40.6,99600,2.00,4.00,6.00,7.00,0.0360,0
2023-05-26 00:14:54,1685074495,8.93,40.6,99600,2.00,9.00,15.0,17.0,0.0194,0
2023-05-26 00:19:40,1685074781,8.72,41.2,99600,2.00,5.00,7.00,8.00,0.0402,0
2023-05-26 00:24:47,1685075088,8.51,41.4,99600,2.00,5.00,8.00,10.0,0.0402,0
2023-05-26 00:29:54,1685075395,8.31,41.6,99600,1.00,5.00,8.00,9.00,0.0531,0
2023-05-26 00:34:40,1685075681,8.12,41.6,99600,3.00,6.00,9.00,10.0,0.0187,0
2023-05-26 00:39:47,1685075988,7.98,42.0,99600,2.00,9.00,14.0,17.0,0.0250,0
2023-05-26 00:44:54,1685076295,7.83,42.4,99633,2.00,7.00,11.0,13.0,0.0297,0
2023-05-26 00:49:41,1685076581,7.67,42.2,99600,2.00,3.00,5.00,6.00,0.0403,0
2023-05-26 00:54:48,1685076888,7.52,42.7,99600,2.00,9.00,15.0,18.0,0.0403,0
2023-05-26 00:59:55,1685077196,7.38,42.8,99600,2.00,4.00,7.00,9.00,0.0261,0
2023-05-26 01:04:41,1685077482,7.26,43.4,99600,2.00,5.00,8.00,9.00,0.0261,0
2023-05-26 01:09:49,1685077789,7.13,43.6,99600,2.00,3.00,5.00,6.00,0.0367,0
2023-05-26 01:14:56,1685078097,7.00,44.1,99600,2.00,12.0,20.0,24.0,0.0215,0
2023-05-26 01:19:43,1685078384,6.89,44.2,99600,4.00,5.00,6.00,7.00,0.0281,0
2023-05-26 01:24:51,1685078691,6.80,44.3,99600,2.00,3.00,5.00,6.00,0.0532,0
2023-05-26 01:29:58,1685078999,6.70,44.5,99600,2.00,5.00,8.00,9.00,0.0406,0
2023-05-26 01:34:46,1685079286,6.59,44.7,99600,2.00,5.00,8.00,10.0,0.0459,0
2023-05-26 01:39:53,1685079594,6.49,44.7,99600,4.00,4.00,6.00,7.00,0.0375,0
2023-05-26 01:44:40,1685079881,6.39,44.9,99600,2.00,5.00,9.00,11.0,0.0292,0
2023-05-26 01:49:48,1685080188,6.29,45.1,99600,2.00,6.00,10.0,12.0,0.0195,0
2023-05-26 01:54:56,1685080496,6.18,44.7,99600,2.00,3.00,5.00,6.00,0.0125,0
2023-05-26 01:59:43,1685080783,6.11,45.4,99600,2.00,3.00,4.00,4.00,0.0159,0
2023-05-26 02:04:51,1685081091,6.06,45.8,99600,2.00,3.00,5.00,6.00,0.0310,0
2023-05-26 02:09:58,1685081399,6.01,46.0,99600,2.00,5.00,9.00,11.0,0.0314,0
2023-05-26 02:14:46,1685081686,5.96,46.0,99600,1.00,5.00,9.00,11.0,0.0323,0
2023-05-26 02:19:53,1685081994,5.89,45.8,99600,2.00,7.00,11.0,13.0,0.0189,0
2023-05-26 02:24:41,1685082281,5.81,45.8,99614,1.00,3.00,5.00,6.00,0.0334,0
2023-05-26 02:29:48,1685082589,5.73,45.9,99667,2.00,4.00,7.00,9.00,0.0340,0
2023-05-26 02:34:56,1685082897,5.70,46.7,99600,2.00,6.00,8.00,10.0,0.0340,0
2023-05-26 02:39:44,1685083184,5.68,47.1,99600,2.00,7.00,11.0,13.0,0.0418,0
2023-05-26 02:44:51,1685083492,5.68,47.1,99600,2.00,4.00,7.00,8.00,0.0418,0
2023-05-26 02:49:59,1685083800,5.65,46.9,99627,2.00,5.00,7.00,8.00,0.0210,0.706
2023-05-26 02:54:46,1685084087,5.60,46.7,99636,2.00,4.00,6.00,7.00,0.0144,0.706
2023-05-26 02:59:54,1685084395,5.55,46.7,99600,2.00,8.00,14.0,17.0,0.0169,0
2023-05-26 03:04:41,1685084682,5.51,47.0,99600,2.00,5.00,7.00,9.00,0.0323,0
2023-05-26 03:09:49,1685084990,5.48,47.1,99600,3.00,7.00,10.0,11.0,0.0191,0
2023-05-26 03:14:57,1685085298,5.44,47.0,99600,2.00,7.00,10.0,12.0,0.0278,0
2023-05-26 03:19:45,1685085585,5.39,46.9,99600,2.00,3.00,5.00,6.00,0.0262,0
2023-05-26 03:24:53,1685085893,5.32,46.8,99620,2.00,4.00,7.00,8.00,0.0394,0
2023-05-26 03:29:40,1685086181,5.26,47.0,99664,3.00,8.00,14.0,17.0,0.0439,0
2023-05-26 03:34:48,1685086489,5.22,47.4,99693,3.00,9.00,14.0,16.0,0.0735,0
2023-05-26 03:39:56,1685086797,5.19,47.3,99673,2.00,3.00,5.00,6.00,0.0245,0
2023-05-26 03:44:44,1685087084,5.17,48.0,99600,3.00,4.00,7.00,9.00,0.0317,0
2023-05-26 03:49:52,1685087393,5.18,47.7,99600,2.00,7.00,12.0,14.0,0.0328,0
2023-05-26 03:54:40,1685087680,5.18,47.4,99600,2.00,6.00,10.0,12.0,0.0932,0
2023-05-26 03:59:48,1685087988,5.19,47.7,99600,2.00,5.00,8.00,10.0,0.0652,0
2023-05-26 04:04:56,1685088296,5.23,48.5,99600,3.00,5.00,9.00,11.0,0.0652,0
2023-05-26 04:09:43,1685088584,5.26,48.5,99614,2.00,4.00,6.00,7.00,0.0358,0
2023-05-26 04:14:51,1685088892,5.21,47.1,99700,1.00,5.00,8.00,9.00,0.0251,0
2023-05-26 04:19:59,1685089200,5.15,47.7,99700,2.00,3.00,5.00,6.00,0.0151,0
2023-05-26 04:24:47,1685089487,5.14,48.3,99700,1.00,3.00,5.00,6.00,0.0157,0
2023-05-26 04:29:55,1685089796,5.13,48.6,99700,2.00,9.00,15.0,18.0,0.0142,0
2023-05-26 04:34:43,1685090083,5.16,48.7,99700,2.00,5.00,9.00,10.0,0.0371,0
2023-05-26 04:39:51,1685090391,5.16,48.5,99640,2.00,7.00,12.0,14.0,0.0487,0
2023-05-26 04:44:59,1685090699,5.15,48.5,99660,2.00,3.00,5.00,6.00,0.0228,0
2023-05-26 04:49:46,1685090987,5.20,48.9,99700,2.00,6.00,10.0,12.0,0.0211,0
2023-05-26 04:54:54,1685091295,5.24,49.1,99700,3.00,6.00,10.0,12.0,0.0252,0
2023-05-26 04:59:42,1685091582,5.24,49.0,99700,3.00,7.00,12.0,14.0,0.0396,0
2023-05-26 05:04:51,1685091891,5.24,48.9,99700,1.00,5.00,9.00,11.0,0.0450,0
2023-05-26 05:09:59,1685092199,5.28,48.8,99700,2.00,4.00,7.00,8.00,0.0402,0
2023-05-26 05:14:46,1685092486,5.42,49.1,99700,2.00,3.00,4.00,4.00,0.0153,0
2023-05-26 05:19:54,1685092794,5.56,49.5,99700,2.00,6.00,10.0,12.0,0.0261,0
2023-05-26 05:24:41,1685093081,5.64,48.7,99700,1.00,3.00,5.00,6.00,0.0391,0
2023-05-26 05:29:49,1685093389,5.62,48.8,99700,2.00,3.00,5.00,6.00,0.0252,0
2023-05-26 05:34:56,1685093697,5.61,49.1,99700,1.00,3.00,5.00,6.00,0.0252,0
2023-05-26 05:39:44,1685093984,5.69,49.2,99700,2.00,6.00,9.00,11.0,0.0335,0
2023-05-26 05:41:47,1685094107,5.76,49.3,99700,2.00,6.00,8.00,10.0,0.0335,0
2023-05-26 05:54:45,1685094885,5.86,49.1,99700,1.00,3.00,4.00,5.00,0.0235,0
2023-05-26 05:59:52,1685095193,5.92,49.3,99700,2.00,5.00,8.00,9.00,0.0148,0
2023-05-26 06:04:39,1685095480,5.99,49.1,99700,1.00,3.00,5.00,6.00,0.0148,0
2023-05-26 06:09:47,1685095787,6.08,49.2,99753,1.00,5.00,9.00,11.0,0.0129,0
2023-05-26 06:14:54,1685096095,6.17,49.1,99800,2.00,5.00,8.00,9.00,0.0223,0
2023-05-26 06:19:41,1685096382,6.23,49.3,99800,2.00,6.00,9.00,11.0,0.0104,0
2023-05-26 06:24:08,1685096648,6.26,49.1,99800,2.00,4.00,6.00,7.00,0.0196,0
2023-05-26 06:34:42,1685097282,6.80,50.2,99800,1.00,2.00,4.00,4.00,0.0130,0
2023-05-26 06:39:49,1685097589,7.03,50.7,99800,1.00,6.00,9.00,11.0,0.0247,0
2023-05-26 06:44:56,1685097896,7.42,50.3,99800,1.00,2.00,4.00,4.00,0.0316,0
2023-05-26 06:49:42,1685098183,7.93,49.9,99800,2.00,4.00,6.00,7.00,0.0340,0
2023-05-26 06:54:49,1685098489,8.42,49.2,99800,2.00,5.00,8.00,9.00,0.0217,0
2023-05-26 06:59:55,1685098795,9.00,48.9,99800,3.00,7.00,9.00,11.0,0.0228,0
2023-05-26 07:04:41,1685099081,9.66,48.3,99800,2.00,5.00,9.00,11.0,0.0462,0
2023-05-26 07:09:47,1685099387,10.3,46.8,99800,1.00,4.00,7.00,8.00,0.0376,0
2023-05-26 07:14:52,1685099693,11.1,45.7,99800,2.00,7.00,11.0,13.0,0.0599,0
2023-05-26 07:19:58,1685099998,11.8,43.2,99793,1.00,5.00,9.00,11.0,0.0253,0
2023-05-26 07:24:43,1685100283,12.6,42.0,99764,1.00,2.00,4.00,4.00,0.0241,0
2023-05-26 07:29:48,1685100588,13.3,40.6,99800,2.00,3.00,5.00,6.00,0.0174,0
2023-05-26 07:34:52,1685100893,14.1,38.9,99780,1.00,5.00,8.00,9.00,0.0121,0
2023-05-26 07:39:56,1685101197,14.6,37.2,99700,1.00,5.00,8.00,9.00,0.0146,0
2023-05-26 07:44:40,1685101481,15.1,36.2,99700,2.00,3.00,5.00,6.00,0.0216,0
2023-05-26 07:49:44,1685101785,15.5,35.2,99767,2.00,5.00,9.00,11.0,0.0255,1.50
2023-05-26 07:50:04,1685101805,15.6,33.8,99700,1e-7,1e-7,1e-7,1e-7,0.0242,0
2023-05-26 08:39:40,1685104781,18.7,29.4,99800,1.00,2.00,3.00,4.00,,
2023-05-26 08:43:02,1685104982,18.9,29.4,99790,2.00,3.00,4.00,5.00,,
2023-05-26 08:59:45,1685105986,20.0,27.9,99800,1.00,5.00,8.00,10.0,,
2023-05-26 09:34:49,1685108089,21.7,24.9,99700,1.00,5.00,9.00,11.0,,
2023-05-26 09:39:50,1685108391,21.9,24.2,99700,2.00,5.00,8.00,10.0,0.00978,0
2023-05-26 09:44:51,1685108692,22.1,23.7,99700,5.00,20.0,32.0,37.0,0.0701,0
2023-05-26 09:46:51,1685108812,22.2,23.3,99700,1.00,2.00,3.00,3.00,0.0701,0
2023-05-26 09:54:44,1685109284,22.2,22.9,99700,2.00,8.00,13.0,16.0,0.0918,0
2023-05-26 09:59:04,1685109545,22.3,23.0,99700,2.00,5.00,7.00,9.00,0.0457,0
2023-05-26 10:14:53,1685110493,22.7,21.7,99700,2.00,3.00,5.00,6.00,0.0386,0
2023-05-26 10:16:33,1685110594,22.6,21.9,99700,1.00,2.00,4.00,4.00,0.0439,0
2023-05-26 10:27:59,1685111280,22.3,21.3,99700,1e-7,1e-7,1e-7,1e-7,0.0439,0
2023-05-26 10:39:48,1685111988,21.7,22.4,99700,1e-7,1e-7,1e-7,1e-7,0.0251,0
2023-05-26 10:44:49,1685112290,21.7,22.6,99700,4.00,14.0,23.0,27.0,0.0251,0
2023-05-26 10:46:29,1685112390,21.8,22.3,99700,2.00,3.00,4.00,5.00,0.0323,0
2023-05-26 10:59:56,1685113197,23.2,20.8,99700,1.00,3.00,4.00,5.00,0.0479,0
2023-05-26 11:04:57,1685113497,23.6,20.3,99700,1.00,3.00,5.00,6.00,0.0388,0
2023-05-26 11:09:58,1685113798,23.8,20.3,99673,2.00,4.00,7.00,8.00,0.0377,0
2023-05-26 11:14:58,1685114099,23.6,19.9,99600,2.00,5.00,7.00,9.00,0.0150,0
2023-05-26 11:17:59,1685114279,23.3,19.7,99600,3.00,3.00,4.00,5.00,0.0139,0
2023-05-26 11:44:43,1685115884,23.9,18.8,99600,2.00,4.00,7.00,9.00,,
2023-05-26 11:47:23,1685116044,24.1,18.4,99600,2.00,10.0,17.0,20.0,,
2023-05-26 11:54:57,1685116497,25.0,17.1,99600,2.00,9.00,14.0,17.0,,
2023-05-26 11:59:57,1685116797,25.1,17.0,99600,4.00,11.0,17.0,20.0,,
2023-05-26 12:04:57,1685117097,25.1,17.2,99600,2.00,6.00,9.00,10.0,0.0421,0
2023-05-26 12:09:43,1685117384,25.0,16.8,99600,2.00,5.00,8.00,9.00,0.0285,0
2023-05-26 12:14:43,1685117684,24.5,17.8,99600,2.00,6.00,10.0,12.0,0.0354,0
2023-05-26 12:19:44,1685117985,24.2,17.7,99600,2.00,4.00,6.00,7.00,0.0203,0
2023-05-26 12:22:04,1685118125,24.1,17.7,99600,2.00,3.00,5.00,5.00,0.0142,0
2023-05-26 12:25:49,1685118350,24.2,17.7,99600,1.00,2.00,4.00,4.00,0.0103,0
2023-05-26 12:39:51,1685119192,25.4,16.8,99500,2.00,3.00,4.00,4.00,0.0141,0
2023-05-26 12:41:11,1685119272,25.8,16.2,99500,2.00,3.00,5.00,6.00,0.0128,0
2023-05-26 12:49:43,1685119784,26.6,15.4,99500,3.00,5.00,9.00,11.0,0.0156,0
2023-05-26 12:54:42,1685120083,27.0,13.4,99500,2.00,2.00,4.00,4.00,0.0184,0
2023-05-26 12:59:41,1685120382,27.1,14.1,99500,8.00,13.0,17.0,18.0,0.118,0
2023-05-26 13:04:40,1685120680,27.5,13.8,99500,2.00,3.00,5.00,5.00,0.158,0
2023-05-26 13:09:58,1685120999,27.3,12.7,99500,2.00,6.00,9.00,10.0,0.151,0
2023-05-26 13:14:57,1685121298,27.2,12.4,99500,19.0,58.0,90.0,106,0.194,0
2023-05-26 13:19:56,1685121596,27.4,13.0,99467,3.00,7.00,11.0,13.0,0.223,0
2023-05-26 13:24:54,1685121895,27.8,12.0,99500,2.00,5.00,7.00,9.00,0.157,0
2023-05-26 13:29:53,1685122194,28.2,12.1,99400,2.00,4.00,4.00,5.00,0.139,0
2023-05-26 13:34:51,1685122492,28.8,11.3,99400,2.00,9.00,15.0,17.0,0.0416,0
2023-05-26 13:39:49,1685122790,28.9,10.6,99447,2.00,3.00,5.00,6.00,0.0187,0
2023-05-26 13:44:48,1685123088,28.8,11.1,99400,3.00,5.00,7.00,8.00,0.0217,0
2023-05-26 13:49:46,1685123386,29.0,10.6,99400,2.00,5.00,8.00,9.00,0.0200,0
2023-05-26 13:54:43,1685123684,29.1,11.3,99400,3.00,3.00,4.00,5.00,0.0204,0
2023-05-26 13:59:43,1685123984,29.5,11.3,99400,1.00,4.00,7.00,8.00,0.0145,0
2023-05-26 14:04:41,1685124282,29.9,10.7,99400,2.00,4.00,6.00,7.00,0.0145,0
2023-05-26 14:09:59,1685124599,30.1,10.2,99400,2.00,3.00,4.00,5.00,0.0116,0
2023-05-26 14:14:57,1685124898,29.8,9.92,99400,4.00,4.00,5.00,6.00,0.0122,0
2023-05-26 14:19:55,1685125196,30.0,9.91,99400,2.00,6.00,9.00,11.0,0.0195,0
2023-05-26 14:24:33,1685125474,30.4,9.91,99400,2.00,5.00,8.00,9.00,0.0209,0
2023-05-26 14:34:51,1685126092,30.8,8.94,99400,2.00,2.00,4.00,4.00,0.0113,0
2023-05-26 14:39:49,1685126389,30.8,9.42,99400,2.00,4.00,6.00,7.00,0.0262,0.841
2023-05-26 14:43:27,1685126607,31.1,9.31,99400,2.00,9.00,15.0,17.0,0.0263,0
2023-05-26 14:59:41,1685127581,31.6,8.87,99400,2.00,3.00,5.00,6.00,0.0283,0
2023-05-26 15:04:57,1685127897,31.8,8.17,99400,2.00,5.00,7.00,8.00,0.0309,0
2023-05-26 15:09:54,1685128194,32.0,8.34,99400,1.00,3.00,4.00,5.00,0.0154,0
2023-05-26 15:14:50,1685128491,32.4,8.44,99400,2.00,3.00,5.00,6.00,0.0164,0
2023-05-26 15:19:47,1685128787,32.8,8.05,99400,2.00,4.00,6.00,7.00,0.0138,0
2023-05-26 15:20:06,1685128807,32.9,8.57,99400,2.00,3.00,3.00,3.00,0.0131,0
2023-05-26 15:34:58,1685129699,33.9,7.34,99400,3.00,3.00,5.00,6.00,0.0131,0
2023-05-26 15:35:38,1685129738,34.2,6.95,99400,1e-7,1.00,1.00,1.00,0.00832,0
2023-05-26 15:44:50,1685130291,35.0,7.03,99400,1e-7,3.00,4.00,5.00,0.00794,0
2023-05-26 15:49:46,1685130586,34.9,6.56,99400,2.00,4.00,7.00,9.00,0.0118,0
2023-05-26 15:53:03,1685130784,34.4,6.65,99380,2.00,4.00,5.00,6.00,0.0112,0
2023-05-26 15:59:48,1685131189,34.9,6.11,99325,2.00,3.00,5.00,6.00,0.0303,0
2023-05-26 16:04:44,1685131484,35.0,5.70,99313,3.00,5.00,8.00,9.00,0.0303,0
2023-05-26 16:09:40,1685131781,34.4,6.05,99300,2.00,5.00,8.00,9.00,0.0174,0
2023-05-26 16:14:35,1685132076,34.4,6.31,99300,1.00,4.00,7.00,9.00,0.0165,0
2023-05-26 16:19:40,1685132381,34.5,6.66,99300,3.00,4.00,7.00,9.00,0.0165,0
2023-05-26 16:24:56,1685132697,34.4,6.11,99300,2.00,2.00,4.00,4.00,0.0195,0
2023-05-26 16:27:54,1685132874,34.0,6.39,99300,1.00,2.00,3.00,3.00,0.0333,0
2023-05-26 16:39:54,1685133594,33.3,6.35,99300,1.00,4.00,6.00,7.00,0.0333,0
2023-05-26 16:44:50,1685133891,33.2,6.62,99300,3.00,3.00,3.00,4.00,0.0231,0
2023-05-26 16:49:47,1685134187,33.0,7.12,99300,3.00,3.00,5.00,6.00,0.0134,0
2023-05-26 16:54:43,1685134484,33.1,7.44,99300,2.00,7.00,10.0,12.0,0.0191,0
2023-05-26 16:59:59,1685134800,34.2,6.87,99300,2.00,6.00,8.00,10.0,0.0316,0
2023-05-26 17:03:56,1685135036,34.6,6.86,99300,1.00,3.00,5.00,6.00,0.0307,0
2023-05-26 17:09:59,1685135399,34.7,6.47,99300,4.00,7.00,11.0,13.0,0.00913,0
2023-05-26 17:14:55,1685135695,34.5,6.78,99300,4.00,4.00,6.00,7.00,0.0134,0
2023-05-26 17:19:51,1685135992,34.1,6.93,99300,2.00,3.00,5.00,6.00,0.0161,0
2023-05-26 17:24:55,1685136295,34.4,7.04,99300,3.00,3.00,4.00,5.00,0.0154,0
2023-05-26 17:29:51,1685136592,34.4,7.16,99300,3.00,7.00,11.0,13.0,0.0200,0
2023-05-26 17:34:48,1685136889,33.6,7.28,99300,2.00,4.00,6.00,7.00,0.0220,0
2023-05-26 17:39:45,1685137186,32.8,7.82,99300,4.00,5.00,7.00,8.00,0.0191,0
2023-05-26 17:44:43,1685137483,32.6,7.85,99300,2.00,5.00,8.00,9.00,0.0119,0
2023-05-26 17:49:40,1685137781,32.1,8.08,99300,2.00,3.00,4.00,4.00,0.0144,0
2023-05-26 17:54:57,1685138098,32.3,8.26,99300,2.00,4.00,5.00,6.00,0.0193,0
2023-05-26 17:59:55,1685138396,31.8,8.36,99300,5.00,7.00,11.0,13.0,0.0168,0
2023-05-26 18:04:53,1685138694,30.6,8.98,99300,2.00,5.00,8.00,9.00,0.0133,0
2023-05-26 18:09:52,1685138992,29.6,9.67,99300,2.00,7.00,10.0,12.0,0.0214,0
2023-05-26 18:14:51,1685139291,28.8,10.2,99300,2.00,7.00,11.0,13.0,0.0298,0
2023-05-26 18:19:50,1685139590,28.2,10.6,99307,2.00,6.00,10.0,12.0,0.0525,0
2023-05-26 18:24:49,1685139890,27.9,10.9,99320,2.00,5.00,9.00,10.0,0.0525,0
2023-05-26 18:29:49,1685140189,27.9,10.9,99333,2.00,4.00,6.00,7.00,0.0231,0
2023-05-26 18:34:48,1685140488,27.8,11.3,99313,2.00,10.0,16.0,19.0,0.0256,0
2023-05-26 18:39:47,1685140787,27.8,11.3,99300,3.00,4.00,6.00,7.00,0.0256,0
2023-05-26 18:44:46,1685141087,28.1,11.2,99300,4.00,4.00,4.00,5.00,0.0302,0
2023-05-26 18:49:46,1685141386,28.2,11.0,99300,3.00,4.00,6.00,6.00,0.0303,0
2023-05-26 18:54:45,1685141686,27.8,11.2,99300,2.00,3.00,5.00,6.00,0.0108,0
2023-05-26 18:59:45,1685141986,27.3,11.5,99300,3.00,4.00,5.00,6.00,0.0112,0
2023-05-26 19:04:45,1685142286,26.9,11.9,99300,2.00,3.00,5.00,6.00,0.0110,0
2023-05-26 19:09:45,1685142586,26.6,12.0,99300,2.00,4.00,7.00,8.00,0.0113,0
2023-05-26 19:14:45,1685142886,26.3,12.4,99300,2.00,5.00,8.00,9.00,0.0102,0
2023-05-26 19:19:46,1685143186,26.0,13.1,99300,3.00,5.00,7.00,8.00,0.0126,0
2023-05-26 19:24:46,1685143486,25.8,13.5,99300,4.00,8.00,11.0,13.0,0.0156,0
2023-05-26 19:29:46,1685143787,25.7,13.5,99300,3.00,11.0,17.0,20.0,0.0301,0
2023-05-26 19:34:47,1685144087,25.5,13.5,99300,3.00,8.00,13.0,16.0,0.0325,0
2023-05-26 19:39:47,1685144388,25.2,14.1,99300,3.00,5.00,8.00,10.0,0.0399,0
2023-05-26 19:44:48,1685144689,24.9,14.7,99307,2.00,6.00,9.00,10.0,0.0457,0
2023-05-26 19:49:49,1685144989,24.5,14.7,99400,2.00,3.00,5.00,6.00,0.0528,0
2023-05-26 19:54:50,1685145291,24.1,15.1,99367,3.00,5.00,8.00,9.00,0.0528,0
2023-05-26 19:59:51,1685145592,23.8,15.7,99400,2.00,4.00,6.00,7.00,0.0242,0
2023-05-26 20:04:53,1685145893,23.4,16.3,99400,2.00,6.00,10.0,12.0,0.0138,0
2023-05-26 20:09:54,1685146195,23.0,16.8,99400,2.00,7.00,12.0,14.0,0.0237,0
2023-05-26 20:14:56,1685146497,22.6,17.0,99400,2.00,5.00,8.00,10.0,0.0159,0
2023-05-26 20:19:58,1685146799,22.2,17.1,99400,2.00,3.00,4.00,5.00,0.0225,0
2023-05-26 20:24:40,1685147081,22.0,17.3,99400,3.00,5.00,8.00,10.0,0.0139,0
2023-05-26 20:29:42,1685147382,21.9,17.8,99400,2.00,3.00,4.00,4.00,0.0219,0
2023-05-26 20:34:44,1685147685,21.8,18.1,99400,2.00,6.00,10.0,11.0,0.0126,0
2023-05-26 20:39:46,1685147987,21.7,18.3,99400,2.00,6.00,10.0,12.0,0.0196,0
2023-05-26 20:44:48,1685148289,21.6,18.3,99400,3.00,7.00,11.0,13.0,0.0149,0
2023-05-26 20:49:50,1685148591,21.5,18.5,99400,3.00,5.00,9.00,11.0,0.0155,0
2023-05-26 20:54:52,1685148893,21.3,18.9,99400,3.00,6.00,8.00,9.00,0.0141,0
2023-05-26 20:59:55,1685149195,21.1,19.0,99400,2.00,8.00,14.0,17.0,0.0138,0
2023-05-26 21:04:57,1685149498,21.0,19.2,99400,3.00,4.00,7.00,9.00,0.0137,0
2023-05-26 21:09:40,1685149780,20.8,19.5,99400,4.00,9.00,15.0,17.0,0.0685,0
2023-05-26 21:14:42,1685150083,20.6,19.8,99400,2.00,8.00,14.0,16.0,0.0903,0
2023-05-26 21:19:45,1685150385,20.3,20.5,99440,2.00,4.00,7.00,8.00,0.0884,0
2023-05-26 21:24:47,1685150688,20.0,21.2,99500,4.00,7.00,11.0,13.0,0.0774,0
2023-05-26 21:29:50,1685150991,19.6,22.4,99500,2.00,6.00,8.00,10.0,0.0730,0
2023-05-26 21:34:53,1685151294,19.2,23.4,99500,3.00,7.00,12.0,14.0,0.0618,0
2023-05-26 21:39:57,1685151597,18.7,24.3,99500,2.00,3.00,5.00,6.00,0.0300,0
2023-05-26 21:44:40,1685151880,18.4,24.9,99500,2.00,6.00,9.00,10.0,0.107,0
2023-05-26 21:49:43,1685152184,18.0,25.1,99500,2.00,5.00,7.00,8.00,0.0411,0
2023-05-26 21:54:47,1685152487,17.7,25.6,99500,4.00,14.0,22.0,26.0,0.0368,0
2023-05-26 21:59:51,1685152791,17.4,26.0,99500,4.00,10.0,15.0,18.0,0.248,0
2023-05-26 22:04:55,1685153095,17.2,26.3,99500,4.00,10.0,15.0,18.0,0.297,0
2023-05-26 22:09:59,1685153399,16.9,26.6,99500,22.0,73.0,114,134,1.13,0
2023-05-26 22:14:42,1685153683,16.8,26.7,99500,4.00,13.0,21.0,24.0,1.51,0
2023-05-26 22:19:46,1685153986,16.7,26.5,99500,2.00,5.00,9.00,11.0,1.83,0
2023-05-26 22:24:50,1685154290,16.6,26.8,99500,2.00,5.00,7.00,9.00,1.52,0
2023-05-26 22:29:54,1685154594,16.6,27.0,99500,3.00,11.0,18.0,22.0,0.0382,0
2023-05-26 22:34:58,1685154899,16.5,27.2,99500,4.00,10.0,15.0,17.0,0.0264,0
2023-05-26 22:39:41,1685155182,16.3,27.5,99500,2.00,3.00,4.00,5.00,0.0240,0
2023-05-26 22:44:45,1685155486,16.2,28.1,99500,2.00,5.00,8.00,9.00,0.0132,0
2023-05-26 22:49:50,1685155790,16.0,28.4,99500,2.00,7.00,11.0,13.0,0.0139,0
2023-05-26 22:54:54,1685156095,15.8,28.3,99500,2.00,5.00,8.00,9.00,0.0110,0
2023-05-26 22:59:59,1685156399,15.6,28.3,99500,3.00,7.00,11.0,12.0,0.0130,0
2023-05-26 23:04:43,1685156684,15.5,28.9,99500,1.00,4.00,7.00,8.00,0.0316,0
2023-05-26 23:09:48,1685156988,15.3,29.5,99500,2.00,5.00,9.00,10.0,0.0219,0
2023-05-26 23:14:52,1685157293,15.2,29.6,99500,3.00,9.00,13.0,15.0,0.0198,0
2023-05-26 23:19:57,1685157597,15.1,29.6,99500,2.00,3.00,5.00,6.00,0.0589,0
2023-05-26 23:24:41,1685157882,15.0,30.0,99500,2.00,4.00,5.00,6.00,0.0589,0
2023-05-26 23:29:46,1685158186,14.9,30.2,99500,2.00,6.00,10.0,12.0,0.0212,0
2023-05-26 23:34:51,1685158491,14.7,30.4,99500,2.00,9.00,15.0,18.0,0.0466,0
2023-05-26 23:39:55,1685158796,14.6,30.9,99500,2.00,5.00,8.00,9.00,0.0314,0
2023-05-26 23:44:40,1685159080,14.4,31.2,99500,2.00,6.00,11.0,13.0,0.0368,0
2023-05-26 23:49:45,1685159386,14.3,31.9,99500,3.00,6.00,9.00,10.0,0.0538,0
2023-05-26 23:54:50,1685159691,14.2,32.1,99500,2.00,4.00,7.00,8.00,0.0396,0
2023-05-26 23:59:55,1685159996,14.1,32.6,99500,1.00,4.00,6.00,8.00,0.0396,0
2023-05-27 00:04:40,1685160280,14.0,32.3,99500,2.00,7.00,11.0,13.0,0.0608,0
2023-05-27 00:09:45,1685160585,13.9,32.2,99500,5.00,5.00,5.00,5.00,0.0167,0
2023-05-27 00:14:50,1685160891,13.8,32.5,99500,3.00,9.00,13.0,15.0,0.0152,0
2023-05-27 00:19:55,1685161196,13.8,32.7,99500,2.00,4.00,7.00,9.00,0.0221,0
2023-05-27 00:24:40,1685161481,13.7,33.0,99500,2.00,6.00,9.00,10.0,0.0221,0
2023-05-27 00:29:46,1685161786,13.7,33.1,99500,2.00,4.00,6.00,7.00,0.0180,0
2023-05-27 00:34:51,1685162091,13.6,33.3,99500,2.00,5.00,8.00,10.0,0.0180,0
2023-05-27 00:39:56,1685162397,13.6,33.6,99500,3.00,4.00,7.00,9.00,0.0159,0
2023-05-27 00:44:41,1685162682,13.5,33.3,99500,3.00,4.00,5.00,6.00,0.0112,0
2023-05-27 00:49:46,1685162987,13.4,33.4,99500,2.00,5.00,7.00,9.00,0.0146,0
2023-05-27 00:54:52,1685163292,13.4,33.5,99500,2.00,4.00,7.00,9.00,0.0112,0
2023-05-27 00:59:57,1685163598,13.3,34.4,99500,2.00,8.00,13.0,15.0,0.0367,0
2023-05-27 01:04:42,1685163882,13.2,34.4,99500,3.00,4.00,6.00,7.00,0.0412,0
2023-05-27 01:09:47,1685164188,13.0,34.5,99500,2.00,3.00,5.00,6.00,0.0651,0
2023-05-27 01:14:53,1685164493,13.0,34.9,99500,3.00,8.00,11.0,13.0,0.0266,0
2023-05-27 01:19:58,1685164799,13.0,35.4,99500,2.00,5.00,7.00,8.00,0.0151,0
2023-05-27 01:24:43,1685165083,13.1,35.3,99500,2.00,5.00,7.00,9.00,0.0215,0
2023-05-27 01:29:48,1685165389,13.2,35.4,99500,2.00,6.00,9.00,10.0,0.0219,0
2023-05-27 01:34:54,1685165694,13.3,35.1,99533,2.00,5.00,8.00,9.00,0.0159,0
2023-05-27 01:39:59,1685165999,13.3,34.8,99560,2.00,2.00,4.00,4.00,0.0347,0
2023-05-27 01:44:44,1685166284,13.2,35.1,99593,3.00,7.00,11.0,13.0,0.0404,0
2023-05-27 01:49:49,1685166590,13.2,34.8,99600,2.00,6.00,9.00,11.0,0.0240,0
2023-05-27 01:54:54,1685166895,13.1,35.0,99553,2.00,7.00,11.0,13.0,0.0284,0
2023-05-27 01:59:39,1685167180,12.9,35.2,99536,5.00,9.00,12.0,14.0,0.0351,0
2023-05-27 02:04:45,1685167485,12.8,35.6,99600,4.00,8.00,12.0,15.0,0.0280,0
2023-05-27 02:09:51,1685167791,12.7,35.6,99600,4.00,5.00,8.00,9.00,0.0178,0
2023-05-27 02:14:57,1685168097,12.6,35.7,99600,2.00,5.00,8.00,10.0,0.0291,0
2023-05-27 02:19:42,1685168382,12.6,36.2,99600,2.00,4.00,5.00,6.00,0.0101,0
2023-05-27 02:24:47,1685168688,12.5,36.2,99600,2.00,2.00,3.00,4.00,0.0240,0
2023-05-27 02:29:53,1685168994,12.5,36.1,99600,2.00,6.00,9.00,11.0,0.0240,0
2023-05-27 02:34:59,1685169299,12.5,36.3,99600,3.00,7.00,9.00,11.0,0.0407,0
2023-05-27 02:39:44,1685169584,12.4,36.8,99600,2.00,3.00,5.00,6.00,0.0312,0
2023-05-27 02:44:50,1685169890,12.4,36.6,99600,2.00,4.00,7.00,8.00,0.0195,0
2023-05-27 02:49:55,1685170196,12.5,36.4,99600,2.00,5.00,9.00,11.0,0.0195,0
2023-05-27 02:54:40,1685170481,12.5,36.9,99600,2.00,4.00,6.00,7.00,0.0136,0
2023-05-27 02:59:46,1685170787,12.5,37.0,99600,2.00,3.00,5.00,6.00,0.0132,0
2023-05-27 03:04:52,1685171092,12.6,37.0,99600,3.00,8.00,13.0,15.0,0.0233,0
2023-05-27 03:09:57,1685171398,12.7,36.8,99600,1.00,4.00,6.00,7.00,0.0346,0
2023-05-27 03:14:42,1685171683,12.7,36.4,99600,1.00,5.00,8.00,9.00,0.0464,0
2023-05-27 03:19:48,1685171988,12.7,36.2,99600,2.00,5.00,7.00,8.00,0.0211,0
2023-05-27 03:24:54,1685172294,12.7,36.3,99600,2.00,5.00,8.00,9.00,0.0128,0
2023-05-27 03:29:59,1685172600,12.6,36.7,99600,3.00,9.00,14.0,17.0,0.0253,0
2023-05-27 03:34:44,1685172885,12.5,37.2,99600,2.00,3.00,4.00,4.00,0.0261,0
2023-05-27 03:39:50,1685173191,12.3,37.5,99600,3.00,6.00,9.00,11.0,0.0314,0
2023-05-27 03:44:56,1685173497,12.1,37.8,99600,2.00,5.00,8.00,9.00,0.0191,0
2023-05-27 03:49:42,1685173782,12.0,38.1,99600,3.00,9.00,14.0,17.0,0.0159,0
2023-05-27 03:54:48,1685174088,12.0,38.4,99600,2.00,5.00,9.00,11.0,0.0270,0
2023-05-27 03:59:54,1685174394,12.0,39.1,99600,3.00,7.00,11.0,13.0,0.0216,0
2023-05-27 04:04:59,1685174700,12.0,39.1,99600,4.00,7.00,12.0,14.0,0.0205,0
2023-05-27 04:09:45,1685174985,12.0,38.9,99600,2.00,5.00,9.00,11.0,0.0162,0
2023-05-27 04:14:51,1685175291,12.0,39.4,99600,2.00,4.00,6.00,7.00,0.0229,0
2023-05-27 04:19:57,1685175597,12.0,40.0,99600,2.00,4.00,6.00,7.00,0.0385,0
2023-05-27 04:24:42,1685175883,12.1,39.9,99600,3.00,7.00,9.00,11.0,0.0164,0
2023-05-27 04:29:48,1685176189,12.1,40.0,99607,2.00,7.00,11.0,13.0,0.0223,0
2023-05-27 04:34:54,1685176495,12.1,40.0,99673,2.00,3.00,5.00,6.00,0.0123,0
2023-05-27 04:39:40,1685176780,12.2,40.1,99693,2.00,3.00,5.00,6.00,0.0185,0
2023-05-27 04:44:45,1685177086,12.3,40.0,99700,1.00,3.00,4.00,4.00,0.0197,0
2023-05-27 04:49:51,1685177392,12.3,40.4,99700,2.00,8.00,13.0,15.0,0.0394,0
2023-05-27 04:54:57,1685177698,12.4,40.9,99700,2.00,4.00,6.00,7.00,0.0797,0
2023-05-27 04:59:42,1685177983,12.5,41.2,99700,3.00,5.00,8.00,9.00,0.0365,0
2023-05-27 05:04:48,1685178289,12.6,41.0,99700,4.00,5.00,8.00,9.00,0.0202,0
2023-05-27 05:09:54,1685178595,12.7,40.3,99700,2.00,8.00,13.0,16.0,0.0113,0
2023-05-27 05:14:39,1685178880,12.8,41.1,99700,3.00,4.00,4.00,4.00,0.0176,0
2023-05-27 05:19:45,1685179185,12.9,41.0,99700,2.00,4.00,5.00,6.00,0.0279,0
2023-05-27 05:24:50,1685179491,12.9,41.0,99700,2.00,7.00,11.0,13.0,0.0209,0
2023-05-27 05:29:56,1685179797,13.0,41.4,99700,2.00,3.00,5.00,6.00,0.0161,0
2023-05-27 05:34:41,1685180081,13.1,41.9,99700,4.00,7.00,10.0,12.0,0.0190,0
2023-05-27 05:39:46,1685180387,13.3,41.7,99700,4.00,6.00,8.00,9.00,0.0151,0
2023-05-27 05:44:52,1685180692,13.3,41.5,99700,2.00,7.00,11.0,13.0,0.0177,0
2023-05-27 05:49:57,1685180998,13.4,41.5,99700,4.00,4.00,6.00,6.00,0.0295,0
2023-05-27 05:54:42,1685181282,13.5,41.9,99700,2.00,7.00,11.0,13.0,0.0160,0
2023-05-27 05:59:47,1685181588,13.5,41.7,99700,2.00,4.00,6.00,7.00,0.0248,0
2023-05-27 06:04:52,1685181893,13.5,41.5,99700,3.00,4.00,5.00,6.00,0.0359,0
2023-05-27 06:09:58,1685182198,13.6,41.6,99700,2.00,7.00,10.0,12.0,0.0359,0
2023-05-27 06:14:42,1685182483,13.6,41.8,99700,3.00,11.0,17.0,21.0,0.0421,0
2023-05-27 06:19:48,1685182788,13.7,41.8,99700,2.00,7.00,12.0,14.0,0.0454,0
2023-05-27 06:24:53,1685183093,13.8,41.7,99700,2.00,5.00,8.00,10.0,0.0254,0
2023-05-27 06:29:58,1685183399,13.9,41.9,99700,3.00,9.00,15.0,17.0,0.0164,0
2023-05-27 06:34:43,1685183683,14.0,42.0,99700,2.00,5.00,7.00,8.00,0.0169,0
2023-05-27 06:39:47,1685183988,14.1,42.3,99700,4.00,8.00,12.0,14.0,0.0185,0
2023-05-27 06:44:52,1685184293,14.2,42.3,99700,3.00,8.00,13.0,15.0,0.0305,0
2023-05-27 06:49:57,1685184598,14.3,42.2,99700,3.00,5.00,9.00,10.0,0.0229,0
2023-05-27 06:54:42,1685184882,14.5,42.6,99700,10.0,27.0,40.0,47.0,0.0873,0
2023-05-27 06:59:47,1685185187,14.7,42.7,99700,9.00,26.0,39.0,45.0,0.965,0
2023-05-27 07:04:51,1685185492,14.9,42.4,99700,2.00,7.00,12.0,14.0,0.965,0
2023-05-27 07:09:56,1685185796,15.1,42.4,99700,4.00,12.0,19.0,22.0,0.764,0
2023-05-27 07:14:40,1685186081,15.3,41.6,99700,3.00,9.00,15.0,17.0,0.0482,0
2023-05-27 07:19:44,1685186385,15.5,40.7,99760,6.00,6.00,8.00,9.00,0.115,0
2023-05-27 07:24:49,1685186689,15.8,40.9,99727,4.00,6.00,7.00,7.00,0.115,0
2023-05-27 07:29:53,1685186993,16.0,41.1,99780,6.00,23.0,38.0,45.0,0.334,0
2023-05-27 07:34:57,1685187297,16.2,39.2,99773,4.00,10.0,15.0,17.0,0.596,0
2023-05-27 07:39:41,1685187581,16.5,39.4,99771,4.00,9.00,13.0,16.0,0.387,0
2023-05-27 07:44:44,1685187885,16.8,37.9,99747,6.00,22.0,35.0,41.0,0.242,0
2023-05-27 07:49:48,1685188189,17.1,36.2,99700,9.00,27.0,41.0,48.0,0.0664,0
2023-05-27 07:54:52,1685188492,17.4,36.2,99727,4.00,10.0,15.0,17.0,0.0416,0
2023-05-27 07:59:55,1685188795,17.6,36.0,99800,2.00,4.00,7.00,8.00,0.164,0
2023-05-27 08:04:58,1685189099,17.8,35.7,99800,2.00,5.00,7.00,8.00,0.121,0
2023-05-27 08:07:19,1685189240,17.9,35.7,99800,2.00,9.00,14.0,17.0,0.0312,0
2023-05-27 08:19:46,1685189987,18.9,32.7,99800,2.00,2.00,3.00,3.00,0.0378,0
2023-05-27 08:24:49,1685190289,19.0,32.4,99800,2.00,10.0,17.0,20.0,0.0378,0
2023-05-27 08:29:51,1685190591,19.2,32.1,99800,22.0,81.0,130,154,0.281,0
2023-05-27 08:34:53,1685190894,19.3,32.2,99800,2.00,4.00,5.00,6.00,0.309,0
2023-05-27 08:39:55,1685191196,19.4,32.8,99800,4.00,7.00,10.0,11.0,0.325,0
2023-05-27 08:44:57,1685191498,19.5,32.7,99800,4.00,4.00,6.00,8.00,0.0642,0
2023-05-27 08:49:59,1685191800,19.6,32.5,99800,3.00,5.00,7.00,8.00,0.0431,0
2023-05-27 08:54:42,1685192082,19.7,32.1,99800,9.00,25.0,39.0,46.0,0.502,0
2023-05-27 08:59:44,1685192384,19.8,31.8,99773,2.00,4.00,5.00,6.00,0.661,0
2023-05-27 09:04:45,1685192686,20.1,31.3,99800,2.00,4.00,7.00,8.00,0.627,0
2023-05-27 09:19:59,1685193600,20.7,30.2,99800,5.00,9.00,12.0,14.0,0.563,0
2023-05-27 09:21:40,1685193700,20.8,29.9,99800,8.00,16.0,23.0,26.0,0.0983,0
2023-05-27 10:34:55,1685198095,23.6,26.5,99700,1.00,3.00,4.00,5.00,,
2023-05-27 10:37:35,1685198255,23.8,25.7,99700,4.00,5.00,7.00,8.00,,
2023-05-27 10:49:41,1685198981,24.6,24.3,99700,2.00,3.00,3.00,4.00,,
2023-05-27 10:54:41,1685199281,25.0,23.5,99700,3.00,5.00,8.00,9.00,,
2023-05-27 10:59:41,1685199581,25.2,22.7,99700,5.00,12.0,19.0,22.0,,
2023-05-27 11:04:41,1685199881,25.7,22.3,99640,2.00,3.00,4.00,5.00,0.0294,0
2023-05-27 11:09:40,1685200181,26.1,21.5,99600,2.00,5.00,6.00,7.00,0.0357,0
2023-05-27 11:14:40,1685200480,26.5,21.3,99600,4.00,6.00,9.00,10.0,0.0186,0
2023-05-27 11:19:59,1685200799,27.0,20.4,99600,3.00,3.00,4.00,4.00,0.0311,0
2023-05-27 11:34:43,1685201684,27.0,19.9,99600,3.00,7.00,10.0,12.0,0.0206,0
2023-05-27 11:39:42,1685201983,27.1,19.6,99600,2.00,5.00,9.00,11.0,0.0273,0
2023-05-27 11:44:42,1685202282,27.5,18.9,99600,4.00,10.0,14.0,16.0,0.0178,0
2023-05-27 11:49:41,1685202581,27.9,18.1,99600,2.00,4.00,6.00,7.00,0.0223,0
2023-05-27 11:52:00,1685202721,28.1,18.3,99600,7.00,15.0,21.0,23.0,0.0253,0
2023-05-27 11:59:46,1685203186,28.8,17.8,99600,15.0,49.0,76.0,90.0,0.167,0
2023-05-27 12:04:44,1685203485,29.2,17.2,99600,4.00,9.00,13.0,15.0,0.267,0
2023-05-27 12:09:50,1685203791,29.3,16.2,99600,2.00,2.00,3.00,3.00,0.0803,0
2023-05-27 12:14:48,1685204089,29.4,16.3,99593,5.00,9.00,12.0,14.0,0.245,0
2023-05-27 12:19:47,1685204388,29.6,16.1,99500,4.00,11.0,16.0,18.0,0.102,0
2023-05-27 12:22:26,1685204547,29.6,14.4,99500,2.00,3.00,4.00,4.00,0.0829,0
2023-05-27 12:34:56,1685205297,29.2,16.8,99500,2.00,4.00,5.00,6.00,0.107,0
2023-05-27 12:39:55,1685205595,28.9,16.7,99500,2.00,4.00,5.00,5.00,0.0769,0
2023-05-27 12:40:15,1685205615,28.8,16.6,99500,1.00,2.00,2.00,2.00,0.0160,0
2023-05-27 12:49:51,1685206192,28.9,17.8,99500,3.00,5.00,7.00,7.00,0.0160,0
2023-05-27 12:54:49,1685206490,29.3,17.7,99500,2.00,4.00,5.00,6.00,0.0330,0
2023-05-27 12:58:26,1685206707,29.6,17.6,99500,4.00,4.00,4.00,5.00,0.0161,0
2023-05-27 13:04:43,1685207084,29.3,17.4,99500,2.00,2.00,2.00,3.00,0.0195,0
2023-05-27 13:09:41,1685207382,29.4,17.5,99500,6.00,7.00,10.0,12.0,0.0213,0
2023-05-27 13:14:59,1685207700,29.7,17.4,99500,2.00,5.00,8.00,10.0,0.0483,0
2023-05-27 13:19:48,1685207988,30.2,17.6,99500,1.00,1.00,1.00,1.00,0.0141,0
2023-05-27 13:24:45,1685208286,30.5,17.1,99500,5.00,5.00,5.00,5.00,0.0439,0
2023-05-27 13:29:43,1685208583,30.7,17.0,99500,10.0,26.0,39.0,45.0,0.0423,0
2023-05-27 13:30:42,1685208643,30.8,17.0,99500,2.00,4.00,7.00,8.00,0.0552,0
2023-05-27 13:44:55,1685209495,31.0,17.2,99480,4.00,7.00,10.0,11.0,0.0712,0
2023-05-27 13:49:52,1685209793,31.4,16.8,99433,3.00,4.00,6.00,7.00,0.0606,0
2023-05-27 13:59:42,1685210383,31.9,16.4,99400,5.00,11.0,18.0,21.0,0.0438,0
2023-05-27 14:04:59,1685210699,32.2,16.3,99400,4.00,7.00,10.0,11.0,0.0774,0
2023-05-27 14:07:37,1685210858,32.3,16.0,99400,5.00,5.00,5.00,6.00,0.0774,0
2023-05-27 14:14:59,1685211299,32.9,15.3,99400,2.00,4.00,5.00,6.00,0.0705,0
2023-05-27 14:19:55,1685211596,33.4,14.9,99400,5.00,9.00,15.0,18.0,0.0705,0
2023-05-27 14:24:52,1685211892,33.6,13.9,99400,3.00,5.00,7.00,7.00,0.0580,0
2023-05-27 14:26:30,1685211991,33.4,13.8,99400,3.00,3.00,4.00,4.00,0.0205,0
2023-05-27 14:34:57,1685212498,33.1,14.8,99400,11.0,35.0,56.0,65.0,0.0787,0
2023-05-27 14:39:54,1685212794,33.8,14.3,99400,5.00,5.00,5.00,5.00,0.118,0
2023-05-27 14:40:53,1685212853,34.4,13.8,99400,3.00,5.00,7.00,8.00,0.0958,0
2023-05-27 14:54:44,1685213685,35.8,12.4,99300,4.00,11.0,17.0,20.0,0.0958,0
2023-05-27 14:59:59,1685214000,36.0,12.2,99300,4.00,5.00,6.00,7.00,0.0737,0
2023-05-27 15:04:55,1685214295,36.3,12.0,99300,5.00,5.00,5.00,5.00,0.0850,0
2023-05-27 15:09:50,1685214591,36.4,12.0,99300,3.00,5.00,8.00,9.00,0.0850,0
2023-05-27 15:14:45,1685214886,36.1,12.2,99300,4.00,7.00,10.0,11.0,0.0405,0
2023-05-27 15:19:47,1685215187,36.1,12.1,99300,4.00,4.00,4.00,5.00,0.0405,0
2023-05-27 15:24:42,1685215483,36.8,11.6,99300,5.00,5.00,6.00,7.00,0.0275,0
2023-05-27 15:29:57,1685215797,37.5,11.4,99300,3.00,6.00,9.00,10.0,0.0185,0
2023-05-27 15:34:52,1685216092,38.4,10.5,99300,5.00,8.00,11.0,12.0,0.0195,0
2023-05-27 15:39:46,1685216387,39.1,9.95,99300,4.00,7.00,10.0,11.0,0.0110,0
2023-05-27 15:44:41,1685216681,39.5,9.69,99300,4.00,7.00,9.00,11.0,0.0409,0
2023-05-27 15:49:55,1685216995,39.4,9.74,99300,3.00,3.00,4.00,5.00,0.0768,0
2023-05-27 15:54:49,1685217290,39.2,9.86,99300,10.0,42.0,68.0,81.0,0.313,0
2023-05-27 15:59:44,1685217584,39.3,9.85,99300,5.00,5.00,9.00,10.0,0.441,0
2023-05-27 16:04:58,1685217898,39.5,9.48,99256,3.00,4.00,4.00,5.00,0.439,0
2023-05-27 16:09:52,1685218192,39.8,9.28,99200,5.00,6.00,8.00,10.0,0.360,0
2023-05-27 16:14:46,1685218486,40.4,8.84,99200,3.00,5.00,7.00,8.00,0.00984,0
2023-05-27 16:19:59,1685218800,40.6,8.49,99200,15.0,42.0,64.0,75.0,0.110,0
2023-05-27 16:24:53,1685219094,40.4,8.64,99200,4.00,8.00,12.0,14.0,0.144,0
2023-05-27 16:29:47,1685219388,40.8,8.47,99200,3.00,5.00,7.00,8.00,0.114,0
2023-05-27 16:34:41,1685219682,40.9,8.21,99200,3.00,4.00,5.00,5.00,0.0259,0
2023-05-27 16:39:55,1685219995,40.7,8.38,99200,10.0,27.0,41.0,47.0,0.166,0
2023-05-27 16:44:49,1685220289,40.5,8.42,99200,5.00,6.00,6.00,6.00,0.212,0
2023-05-27 16:49:43,1685220583,40.5,8.66,99200,5.00,5.00,5.00,6.00,0.204,0
2023-05-27 16:54:56,1685220896,40.8,8.33,99200,9.00,24.0,37.0,43.0,0.184,0
2023-05-27 16:59:50,1685221190,41.1,7.99,99200,4.00,5.00,8.00,9.00,0.0644,0
2023-05-27 17:04:44,1685221484,40.9,8.14,99200,4.00,5.00,6.00,7.00,0.0827,0
2023-05-27 17:09:57,1685221798,40.1,8.31,99200,2.00,5.00,8.00,9.00,0.0827,0
2023-05-27 17:14:51,1685222092,39.9,8.59,99200,14.0,52.0,83.0,98.0,0.0920,0
2023-05-27 17:19:46,1685222386,39.8,8.48,99200,7.00,17.0,25.0,29.0,0.291,0.793
2023-05-27 17:24:40,1685222680,39.8,8.79,99200,6.00,16.0,25.0,30.0,0.263,0
2023-05-27 17:29:54,1685222994,40.1,8.32,99200,5.00,8.00,12.0,14.0,0.308,0
2023-05-27 17:34:48,1685223288,39.9,8.31,99200,5.00,6.00,7.00,8.00,0.0539,0
2023-05-27 17:39:42,1685223583,39.7,8.67,99173,23.0,60.0,91.0,105,0.280,0
2023-05-27 17:44:56,1685223896,40.0,8.48,99100,5.00,6.00,8.00,8.00,0.290,0
2023-05-27 17:49:50,1685224191,40.4,8.32,99100,5.00,10.0,15.0,18.0,0.271,0
2023-05-27 17:54:44,1685224485,40.1,8.57,99100,5.00,6.00,8.00,9.00,0.163,0
2023-05-27 17:59:58,1685224799,39.8,8.35,99100,4.00,5.00,6.00,7.00,0.0255,0
2023-05-27 18:04:52,1685225093,39.6,8.19,99100,7.00,9.00,11.0,11.0,0.0234,0
2023-05-27 18:09:47,1685225387,39.6,8.59,99100,4.00,5.00,7.00,7.00,0.0266,0
2023-05-27 18:11:05,1685225466,39.5,8.58,99100,2.00,5.00,7.00,7.00,0.0111,0
2023-05-27 18:24:45,1685226285,37.7,10.0,99100,5.00,6.00,7.00,8.00,0.0140,0
2023-05-27 18:29:40,1685226580,37.0,10.7,99100,5.00,6.00,7.00,7.00,0.0149,0
2023-05-27 18:34:55,1685226896,35.9,11.3,99100,5.00,6.00,7.00,8.00,0.0148,0
2023-05-27 18:39:52,1685227192,35.0,13.2,99100,5.00,7.00,8.00,9.00,0.0186,0
2023-05-27 18:44:48,1685227489,34.2,15.1,99100,3.00,9.00,13.0,16.0,0.0210,0
2023-05-27 18:49:45,1685227786,33.6,15.1,99100,4.00,8.00,12.0,14.0,0.0198,0
2023-05-27 18:54:43,1685228083,33.0,15.7,99100,7.00,11.0,15.0,17.0,0.0198,0
2023-05-27 18:59:40,1685228381,32.4,16.8,99100,5.00,9.00,13.0,14.0,0.0196,0
2023-05-27 19:04:58,1685228698,32.0,17.5,99100,4.00,8.00,12.0,14.0,0.0348,0
2023-05-27 19:09:56,1685228996,31.4,17.5,99100,6.00,9.00,11.0,12.0,0.0217,0
2023-05-27 19:14:54,1685229295,30.8,18.7,99100,5.00,11.0,16.0,18.0,0.0310,0
2023-05-27 19:19:53,1685229593,30.1,19.6,99100,4.00,6.00,8.00,10.0,0.0679,0
2023-05-27 19:24:51,1685229892,29.4,20.2,99100,6.00,10.0,13.0,15.0,0.0485,0
2023-05-27 19:29:50,1685230191,28.8,20.6,99100,4.00,6.00,8.00,8.00,0.0287,0
2023-05-27 19:34:50,1685230491,28.1,21.1,99100,4.00,7.00,9.00,10.0,0.0323,0
2023-05-27 19:39:50,1685230790,27.5,22.0,99100,4.00,6.00,10.0,12.0,0.0411,0
2023-05-27 19:44:49,1685231090,26.9,23.0,99100,3.00,4.00,5.00,6.00,0.0411,0
2023-05-27 19:49:49,1685231390,26.4,23.6,99100,3.00,4.00,5.00,6.00,0.0496,0
2023-05-27 19:54:49,1685231690,25.9,23.8,99100,4.00,6.00,8.00,9.00,0.0124,0
2023-05-27 19:59:50,1685231990,25.6,24.7,99100,5.00,6.00,6.00,7.00,0.0136,0
2023-05-27 20:04:50,1685232290,25.3,25.3,99100,4.00,5.00,6.00,7.00,0.0127,0
2023-05-27 20:09:51,1685232591,25.0,25.1,99100,4.00,8.00,12.0,14.0,0.0176,0
2023-05-27 20:14:51,1685232892,24.7,25.9,99100,6.00,8.00,10.0,12.0,0.0396,0
2023-05-27 20:19:52,1685233193,24.4,26.1,99100,4.00,4.00,6.00,8.00,0.0372,0
2023-05-27 20:24:53,1685233493,24.2,26.5,99100,5.00,7.00,9.00,10.0,0.0372,0
2023-05-27 20:29:54,1685233794,24.0,26.8,99100,3.00,6.00,9.00,10.0,0.0272,0
2023-05-27 20:34:55,1685234096,23.8,27.3,99100,5.00,8.00,12.0,14.0,0.0193,0
2023-05-27 20:39:56,1685234397,23.6,27.3,99100,4.00,5.00,5.00,6.00,0.0313,0
2023-05-27 20:44:58,1685234698,23.4,27.6,99100,4.00,6.00,9.00,10.0,0.0231,0
2023-05-27 20:49:40,1685234980,23.2,27.9,99100,5.00,9.00,12.0,13.0,0.0161,0
2023-05-27 20:54:41,1685235282,23.0,28.1,99100,6.00,8.00,11.0,12.0,0.0810,0
2023-05-27 20:59:43,1685235583,22.8,28.2,99100,3.00,6.00,9.00,11.0,0.108,0
2023-05-27 21:04:45,1685235885,22.8,28.5,99100,5.00,9.00,11.0,13.0,0.0373,0
2023-05-27 21:09:46,1685236187,22.6,28.8,99100,4.00,13.0,20.0,24.0,0.0260,0
2023-05-27 21:14:48,1685236489,22.5,28.9,99100,6.00,7.00,9.00,10.0,0.0558,0
2023-05-27 21:19:50,1685236791,22.4,28.8,99100,6.00,8.00,13.0,16.0,0.0377,0
2023-05-27 21:24:52,1685237093,22.3,29.0,99100,3.00,10.0,16.0,19.0,0.0139,0
2023-05-27 21:29:54,1685237395,22.1,29.2,99100,5.00,9.00,14.0,16.0,0.0173,0
2023-05-27 21:34:56,1685237697,22.1,29.9,99100,3.00,4.00,7.00,8.00,0.0176,0
2023-05-27 21:39:58,1685237999,21.9,30.0,99100,5.00,7.00,11.0,13.0,0.0651,0
2023-05-27 21:44:40,1685238281,21.8,30.4,99100,6.00,7.00,8.00,8.00,0.0225,0
2023-05-27 21:49:43,1685238583,21.7,30.7,99100,7.00,8.00,8.00,9.00,0.0135,0
2023-05-27 21:54:45,1685238885,21.5,31.0,99100,6.00,12.0,16.0,18.0,0.0291,0
2023-05-27 21:59:47,1685239188,21.4,31.4,99100,6.00,6.00,9.00,10.0,0.0185,0
2023-05-27 22:04:49,1685239490,21.3,31.7,99100,4.00,4.00,6.00,7.00,0.0401,0
2023-05-27 22:09:52,1685239792,21.1,31.9,99100,5.00,8.00,12.0,14.0,0.0401,0
2023-05-27 22:14:54,1685240095,21.0,32.1,99100,5.00,7.00,10.0,12.0,0.0722,0
2023-05-27 22:19:57,1685240397,20.9,32.6,99100,4.00,7.00,11.0,13.0,0.0266,0
2023-05-27 22:24:59,1685240700,20.8,32.9,99100,5.00,12.0,20.0,23.0,0.0450,0
2023-05-27 22:29:42,1685240982,20.6,33.0,99100,4.00,5.00,6.00,7.00,0.0450,0
2023-05-27 22:34:44,1685241285,20.6,33.5,99100,4.00,11.0,16.0,19.0,0.0891,0
2023-05-27 22:39:47,1685241587,20.5,33.7,99100,5.00,5.00,8.00,9.00,0.0474,0
2023-05-27 22:44:49,1685241890,20.4,33.9,99100,6.00,7.00,7.00,7.00,0.0269,0
2023-05-27 22:49:52,1685242193,20.3,34.0,99100,3.00,6.00,9.00,11.0,0.0214,0
2023-05-27 22:54:55,1685242495,20.3,34.2,99100,5.00,8.00,11.0,13.0,0.0149,0
2023-05-27 22:59:58,1685242798,20.2,34.3,99100,3.00,7.00,10.0,12.0,0.0145,0
2023-05-27 23:04:40,1685243081,20.1,34.5,99100,3.00,6.00,9.00,11.0,0.0233,0
2023-05-27 23:09:43,1685243383,20.1,34.6,99100,5.00,8.00,10.0,11.0,0.0264,0
2023-05-27 23:14:46,1685243686,20.0,35.0,99100,5.00,5.00,7.00,8.00,0.0329,0
2023-05-27 23:19:49,1685243989,19.9,35.3,99100,5.00,10.0,14.0,16.0,0.0706,0
2023-05-27 23:24:52,1685244292,19.8,35.6,99100,4.00,6.00,7.00,7.00,0.0594,0
2023-05-27 23:29:54,1685244595,19.8,35.8,99100,2.00,7.00,10.0,12.0,0.0336,0
2023-05-27 23:34:58,1685244898,19.7,35.8,99100,4.00,6.00,8.00,9.00,0.0271,0
2023-05-27 23:39:40,1685245181,19.6,36.1,99100,4.00,5.00,7.00,8.00,0.0164,0
2023-05-27 23:44:44,1685245484,19.5,36.3,99100,6.00,6.00,7.00,8.00,0.0164,0
2023-05-27 23:49:47,1685245787,19.4,36.3,99100,4.00,6.00,9.00,10.0,0.0225,0
2023-05-27 23:54:50,1685246090,19.3,36.6,99100,3.00,6.00,9.00,11.0,0.0211,0
2023-05-27 23:59:53,1685246394,19.2,37.0,99100,7.00,9.00,11.0,12.0,0.0336,0
2023-05-28 00:04:56,1685246697,19.1,37.4,99100,6.00,7.00,9.00,11.0,0.0285,0
2023-05-28 00:09:39,1685246980,19.0,38.1,99100,6.00,9.00,12.0,13.0,0.0172,0
2023-05-28 00:14:43,1685247283,18.8,38.4,99100,6.00,9.00,11.0,12.0,0.0216,0
2023-05-28 00:19:46,1685247586,18.7,38.6,99100,5.00,12.0,18.0,21.0,0.0156,0
2023-05-28 00:24:49,1685247889,18.5,39.0,99100,4.00,8.00,11.0,12.0,0.0198,0
2023-05-28 00:29:52,1685248192,18.4,39.4,99100,3.00,8.00,12.0,15.0,0.0402,0
2023-05-28 00:34:56,1685248496,18.3,39.8,99100,5.00,7.00,10.0,12.0,0.0365,0
2023-05-28 00:39:39,1685248780,18.1,39.8,99100,5.00,6.00,8.00,8.00,0.0192,0
2023-05-28 00:44:43,1685249083,18.0,40.2,99100,5.00,7.00,11.0,13.0,0.0192,0
2023-05-28 00:49:47,1685249387,17.9,40.5,99100,10.0,15.0,18.0,20.0,0.0430,0
2023-05-28 00:54:50,1685249691,17.8,40.8,99100,5.00,9.00,14.0,16.0,0.0239,0
2023-05-28 00:59:54,1685249995,17.7,41.0,99100,5.00,7.00,9.00,10.0,0.0233,0
2023-05-28 01:04:58,1685250298,17.6,41.1,99100,5.00,9.00,14.0,16.0,0.0506,0
2023-05-28 01:09:41,1685250582,17.6,41.1,99100,5.00,12.0,17.0,20.0,0.0416,0
2023-05-28 01:14:45,1685250886,17.5,41.0,99100,4.00,11.0,18.0,21.0,0.0263,0
2023-05-28 01:19:49,1685251190,17.5,41.4,99100,5.00,8.00,10.0,11.0,0.0285,0
2023-05-28 01:24:53,1685251493,17.4,41.6,99100,6.00,9.00,13.0,15.0,0.0654,0
2023-05-28 01:29:57,1685251797,17.3,41.7,99100,6.00,7.00,10.0,12.0,0.0307,0
2023-05-28 01:34:40,1685252081,17.2,42.2,99100,5.00,7.00,9.00,10.0,0.0273,0
2023-05-28 01:39:44,1685252385,17.0,42.5,99100,5.00,10.0,14.0,16.0,0.0443,0
2023-05-28 01:44:49,1685252689,16.9,42.5,99100,7.00,12.0,16.0,17.0,0.0865,0
2023-05-28 01:49:53,1685252993,16.8,42.7,99100,5.00,6.00,7.00,8.00,0.0865,0
2023-05-28 01:54:57,1685253297,16.6,43.1,99100,6.00,9.00,12.0,13.0,0.0736,0
2023-05-28 01:59:41,1685253581,16.5,43.3,99100,7.00,12.0,18.0,21.0,0.0308,0
2023-05-28 02:04:45,1685253885,16.4,43.5,99100,5.00,7.00,9.00,10.0,0.0455,0
2023-05-28 02:09:49,1685254190,16.2,43.8,99100,5.00,6.00,6.00,7.00,0.0239,0
2023-05-28 02:14:54,1685254494,16.1,44.1,99100,4.00,5.00,8.00,9.00,0.0373,0
2023-05-28 02:19:58,1685254799,15.9,44.4,99100,6.00,9.00,11.0,12.0,0.0193,0
2023-05-28 02:24:43,1685255083,15.8,44.5,99100,6.00,8.00,10.0,11.0,0.0141,0
2023-05-28 02:29:47,1685255388,15.7,45.1,99100,6.00,6.00,8.00,9.00,0.0150,0
2023-05-28 02:34:52,1685255692,15.5,45.3,99100,5.00,13.0,19.0,22.0,0.0171,0
2023-05-28 02:39:56,1685255997,15.4,45.8,99100,9.00,15.0,19.0,22.0,0.0357,0
2023-05-28 02:44:40,1685256281,15.2,46.3,99100,5.00,9.00,13.0,14.0,0.0618,0
2023-05-28 02:49:45,1685256586,15.1,46.5,99100,6.00,7.00,8.00,8.00,0.0728,0
2023-05-28 02:54:50,1685256890,15.0,46.7,99100,5.00,9.00,13.0,15.0,0.0944,0
2023-05-28 02:59:55,1685257195,14.8,46.4,99100,5.00,8.00,12.0,14.0,0.0445,0
2023-05-28 03:04:59,1685257500,14.7,46.6,99067,7.00,10.0,14.0,16.0,0.0391,0
2023-05-28 03:09:44,1685257784,14.5,47.2,99000,6.00,9.00,12.0,13.0,0.0244,0
2023-05-28 03:14:49,1685258089,14.4,47.7,99000,6.00,9.00,12.0,13.0,0.0591,0
2023-05-28 03:19:54,1685258394,14.3,47.9,99000,8.00,11.0,13.0,14.0,0.101,0
2023-05-28 03:24:59,1685258699,14.1,48.3,99000,5.00,6.00,8.00,9.00,0.0717,0
2023-05-28 03:29:44,1685258984,14.0,48.5,99000,5.00,7.00,11.0,13.0,0.0816,0
2023-05-28 03:34:49,1685259289,13.9,48.7,99000,6.00,7.00,9.00,10.0,0.0211,0
2023-05-28 03:39:54,1685259595,13.8,48.8,99000,7.00,9.00,10.0,12.0,0.0127,0
2023-05-28 03:43:38,1685259818,13.7,49.3,99000,6.00,7.00,9.00,10.0,0.0194,0
2023-05-28 03:54:47,1685260488,13.6,49.8,99000,6.00,7.00,7.00,7.00,0.0395,0
2023-05-28 03:59:52,1685260793,13.6,50.1,99000,5.00,9.00,12.0,14.0,0.0544,0
2023-05-28 04:04:58,1685261098,13.5,49.7,99000,7.00,9.00,11.0,12.0,0.0541,0
2023-05-28 04:09:43,1685261383,13.4,49.2,99000,5.00,7.00,9.00,10.0,0.0238,0
2023-05-28 04:14:48,1685261688,13.3,49.6,99000,10.0,10.0,10.0,10.0,0.0238,0
2023-05-28 04:19:53,1685261994,13.2,49.9,99000,6.00,8.00,9.00,10.0,0.0165,0
2023-05-28 04:24:59,1685262299,13.1,50.2,99000,6.00,11.0,15.0,18.0,0.0165,0
2023-05-28 04:29:44,1685262584,13.0,50.4,99000,9.00,10.0,15.0,17.0,0.0767,0
2023-05-28 04:34:49,1685262890,12.9,50.6,99000,7.00,8.00,10.0,12.0,0.0789,0
2023-05-28 04:39:55,1685263195,12.8,50.9,99000,5.00,10.0,13.0,15.0,0.0498,0
2023-05-28 04:44:40,1685263481,12.7,50.7,99000,5.00,8.00,12.0,14.0,0.0175,0
2023-05-28 04:49:46,1685263786,12.6,50.9,99000,8.00,9.00,12.0,13.0,0.0250,0
2023-05-28 04:54:52,1685264092,12.6,51.5,99000,7.00,8.00,9.00,9.00,0.0192,0
2023-05-28 04:59:57,1685264398,12.5,51.4,99000,5.00,12.0,18.0,21.0,0.0222,0
2023-05-28 05:04:43,1685264683,12.5,50.8,99000,6.00,7.00,9.00,11.0,0.0353,0
2023-05-28 05:09:49,1685264989,12.4,50.8,99000,5.00,6.00,6.00,6.00,0.0575,0
2023-05-28 05:14:54,1685265295,12.3,50.6,99000,6.00,13.0,18.0,20.0,0.0401,0
2023-05-28 05:19:40,1685265580,12.2,51.5,99000,4.00,11.0,17.0,20.0,0.0622,0
2023-05-28 05:24:46,1685265886,12.3,51.8,99000,6.00,8.00,11.0,12.0,0.0111,0
2023-05-28 05:29:51,1685266192,12.3,51.9,99000,9.00,9.00,9.00,10.0,0.0310,0
2023-05-28 05:34:57,1685266497,12.4,52.0,99000,5.00,8.00,11.0,13.0,0.0310,0
2023-05-28 05:39:42,1685266783,12.5,50.8,99000,6.00,8.00,9.00,9.00,0.0125,0
2023-05-28 05:44:48,1685267088,12.5,50.8,99000,6.00,9.00,12.0,14.0,0.0236,0
2023-05-28 05:49:53,1685267394,12.5,51.3,99000,8.00,12.0,17.0,20.0,0.0340,0
2023-05-28 05:54:58,1685267699,12.6,51.5,99000,9.00,12.0,15.0,18.0,0.0379,0
2023-05-28 05:59:43,1685267984,12.7,52.0,99000,5.00,9.00,13.0,15.0,0.0154,0
2023-05-28 06:04:49,1685268289,12.9,52.2,99000,11.0,12.0,17.0,19.0,0.0202,0
2023-05-28 06:09:54,1685268595,13.1,52.1,99000,7.00,11.0,14.0,16.0,0.0566,0
2023-05-28 06:14:59,1685268900,13.3,52.5,99000,7.00,11.0,13.0,14.0,0.0748,0
2023-05-28 06:19:44,1685269185,13.5,52.1,99000,9.00,12.0,15.0,17.0,0.0748,0
2023-05-28 06:24:49,1685269490,13.7,51.9,99000,7.00,11.0,16.0,18.0,0.0670,0
2023-05-28 06:29:54,1685269795,13.9,51.7,99000,8.00,15.0,21.0,25.0,0.0456,0
2023-05-28 06:34:59,1685270100,14.2,51.2,99000,8.00,18.0,28.0,32.0,0.205,0
2023-05-28 06:39:44,1685270384,14.5,51.3,99000,5.00,9.00,14.0,16.0,0.272,0
2023-05-28 06:44:48,1685270689,14.9,51.1,98980,5.00,6.00,9.00,10.0,0.272,0
2023-05-28 06:49:53,1685270993,15.3,50.3,98980,7.00,7.00,9.00,11.0,0.0632,0
2023-05-28 06:54:57,1685271298,15.8,49.8,98920,4.00,8.00,12.0,14.0,0.0481,0
2023-05-28 06:59:41,1685271582,16.3,48.9,98900,7.00,9.00,12.0,14.0,0.0654,0
2023-05-28 07:04:45,1685271886,16.8,48.1,98900,5.00,6.00,7.00,8.00,0.0852,0
2023-05-28 07:09:49,1685272190,17.4,46.9,98900,8.00,13.0,19.0,22.0,0.0567,0
2023-05-28 07:14:53,1685272493,17.9,46.1,98900,5.00,10.0,14.0,16.0,0.0850,0
2023-05-28 07:19:56,1685272796,18.4,44.8,98900,6.00,10.0,13.0,14.0,0.0303,0
2023-05-28 07:24:59,1685273099,19.0,44.7,98900,7.00,8.00,10.0,12.0,0.0278,0
2023-05-28 07:29:41,1685273382,19.5,43.8,98900,8.00,9.00,9.00,9.00,0.0335,0
2023-05-28 07:34:45,1685273685,20.0,41.5,98900,8.00,17.0,25.0,28.0,0.0699,0
2023-05-28 07:39:47,1685273988,20.5,40.2,98900,9.00,18.0,26.0,30.0,0.144,0
2023-05-28 07:44:53,1685274293,21.2,39.5,98900,7.00,16.0,23.0,26.0,0.128,0
2023-05-28 07:49:54,1685274595,21.6,37.7,98900,7.00,15.0,22.0,26.0,0.222,0
2023-05-28 07:53:34,1685274814,22.1,36.9,98900,5.00,6.00,8.00,8.00,0.243,0
2023-05-28 09:20:59,1685280060,26.9,27.3,98767,3.00,5.00,6.00,6.00,,
2023-05-28 09:34:59,1685280899,27.8,25.6,98700,6.00,11.0,15.0,17.0,,
2023-05-28 09:39:58,1685281198,27.9,24.6,98700,8.00,20.0,30.0,34.0,,
2023-05-28 09:44:56,1685281497,28.1,24.5,98700,6.00,8.00,10.0,10.0,,
2023-05-28 09:49:55,1685281795,28.3,24.9,98700,5.00,9.00,12.0,13.0,0.0571,0
2023-05-28 09:54:54,1685282094,28.7,24.1,98700,5.00,6.00,6.00,6.00,0.0182,0
2023-05-28 09:55:53,1685282154,28.9,23.7,98700,5.00,8.00,11.0,12.0,0.0367,0
2023-05-28 10:08:11,1685282891,29.4,22.5,98700,8.00,10.0,11.0,12.0,0.0367,0
2023-05-28 10:19:53,1685283594,29.6,22.4,98700,1.00,3.00,5.00,5.00,0.0142,0
2023-05-28 10:24:51,1685283892,29.6,21.7,98700,5.00,7.00,7.00,8.00,0.0262,0
2023-05-28 10:29:50,1685284190,29.6,22.4,98633,5.00,5.00,7.00,8.00,0.0262,0
2023-05-28 10:34:48,1685284489,29.5,22.6,98607,5.00,7.00,10.0,11.0,0.0121,0
2023-05-28 10:39:46,1685284787,29.5,22.6,98600,5.00,6.00,8.00,9.00,0.0275,0
2023-05-28 10:44:45,1685285085,29.7,22.8,98600,5.00,6.00,6.00,7.00,0.0203,0
2023-05-28 10:45:05,1685285105,29.8,22.9,98600,1.00,3.00,5.00,6.00,0.0203,0
2023-05-28 10:54:42,1685285683,30.1,22.3,98600,4.00,8.00,12.0,14.0,0.0200,0
2023-05-28 10:59:40,1685285981,30.1,22.2,98600,7.00,7.00,9.00,9.00,0.0143,0
2023-05-28 11:04:59,1685286299,30.3,21.8,98600,5.00,6.00,8.00,10.0,0.0206,0
2023-05-28 11:08:17,1685286498,30.3,21.6,98600,5.00,7.00,8.00,9.00,0.0197,0
2023-05-28 11:14:43,1685286883,30.6,21.8,98600,5.00,6.00,7.00,8.00,0.0141,0
2023-05-28 11:19:41,1685287181,30.8,21.5,98600,5.00,8.00,10.0,11.0,0.0180,0
2023-05-28 11:23:20,1685287400,30.9,21.3,98600,4.00,6.00,8.00,8.00,0.0142,0
2023-05-28 11:29:42,1685287783,31.1,21.3,98600,4.00,5.00,6.00,6.00,0.0188,0
2023-05-28 11:34:40,1685288081,31.2,21.5,98600,7.00,7.00,9.00,10.0,0.0292,0
2023-05-28 11:39:58,1685288399,31.4,21.3,98600,5.00,8.00,11.0,12.0,0.0514,0
2023-05-28 11:44:16,1685288657,31.7,20.9,98577,5.00,7.00,8.00,9.00,0.0274,0
2023-05-28 11:54:55,1685289295,32.4,20.2,98500,2.00,5.00,6.00,7.00,0.0274,0
2023-05-28 11:58:13,1685289494,32.5,20.2,98500,5.00,8.00,10.0,12.0,0.0274,0
2023-05-28 12:09:46,1685290186,33.3,19.7,98500,4.00,5.00,6.00,7.00,0.0114,0
2023-05-28 12:14:43,1685290484,33.7,18.9,98500,5.00,7.00,10.0,11.0,0.0272,0
2023-05-28 12:17:01,1685290622,33.9,19.1,98500,4.00,6.00,7.00,8.00,0.0116,0
2023-05-28 12:24:49,1685291090,34.5,18.8,98500,4.00,5.00,7.00,8.00,0.0289,0
2023-05-28 12:29:45,1685291386,34.7,18.5,98500,5.00,12.0,18.0,20.0,0.0155,0
2023-05-28 12:34:41,1685291682,35.0,17.7,98500,9.00,11.0,13.0,14.0,0.0597,0
2023-05-28 12:39:57,1685291998,34.9,16.4,98488,5.00,10.0,15.0,18.0,0.0163,0
2023-05-28 12:44:54,1685292294,34.9,16.6,98493,5.00,6.00,6.00,6.00,0.0705,0
2023-05-28 12:49:50,1685292590,34.6,15.8,98500,5.00,6.00,7.00,8.00,0.143,0
2023-05-28 12:54:50,1685292891,34.2,16.4,98492,5.00,6.00,8.00,8.00,0.0291,0
2023-05-28 12:59:47,1685293188,34.3,16.8,98473,8.00,10.0,11.0,13.0,0.0288,0
2023-05-28 13:04:44,1685293485,34.4,16.8,98447,8.00,9.00,9.00,9.00,0.0318,0
2023-05-28 13:09:41,1685293782,34.6,16.7,98400,6.00,11.0,15.0,16.0,0.0230,0
2023-05-28 13:14:57,1685294098,35.0,16.5,98400,7.00,7.00,9.00,10.0,0.0315,0
2023-05-28 13:19:54,1685294394,35.3,15.8,98400,8.00,8.00,8.00,8.00,0.0375,0
2023-05-28 13:24:50,1685294691,35.4,16.4,98400,4.00,7.00,9.00,10.0,0.0309,0
2023-05-28 13:29:46,1685294987,35.7,16.4,98400,5.00,6.00,7.00,8.00,0.0239,0
2023-05-28 13:34:43,1685295283,35.7,16.3,98400,7.00,8.00,11.0,13.0,0.0360,0
2023-05-28 13:39:59,1685295599,35.6,15.6,98400,5.00,5.00,5.00,5.00,0.0553,0
2023-05-28 13:44:55,1685295896,35.6,15.7,98400,7.00,8.00,9.00,10.0,0.0690,0
2023-05-28 13:49:51,1685296192,35.5,15.7,98400,8.00,9.00,10.0,11.0,0.0687,0
2023-05-28 13:54:48,1685296488,35.4,16.4,98400,7.00,9.00,10.0,11.0,0.0293,0
2023-05-28 13:59:44,1685296784,35.7,16.0,98400,8.00,13.0,17.0,19.0,0.0202,0
2023-05-28 14:04:40,1685297081,35.7,16.2,98400,7.00,10.0,12.0,13.0,0.0202,0
2023-05-28 14:09:56,1685297396,35.8,16.2,98400,17.0,53.0,83.0,97.0,0.0723,0
2023-05-28 14:14:52,1685297692,36.0,15.9,98400,5.00,6.00,6.00,6.00,0.0929,0
2023-05-28 14:19:48,1685297988,36.3,15.0,98400,4.00,5.00,7.00,8.00,0.0731,0
2023-05-28 14:24:44,1685298284,36.6,14.5,98400,3.00,4.00,5.00,6.00,0.0668,0
2023-05-28 14:29:59,1685298600,36.7,13.6,98400,5.00,5.00,7.00,8.00,0.0198,0
2023-05-28 14:34:55,1685298895,37.0,13.5,98400,3.00,6.00,8.00,10.0,0.0158,0
2023-05-28 14:39:50,1685299190,37.5,13.2,98400,2.00,4.00,7.00,8.00,0.0122,0
2023-05-28 14:44:45,1685299485,37.9,12.3,98400,5.00,7.00,8.00,8.00,0.0158,0
2023-05-28 14:49:59,1685299800,38.4,12.3,98400,5.00,7.00,10.0,12.0,0.0259,0
2023-05-28 14:54:54,1685300095,39.0,10.8,98400,4.00,5.00,6.00,7.00,0.0259,0
2023-05-28 14:59:49,1685300389,39.0,10.2,98400,4.00,7.00,9.00,11.0,0.0284,0
2023-05-28 15:04:43,1685300684,39.2,10.6,98400,4.00,9.00,15.0,17.0,0.0132,0
2023-05-28 15:09:57,1685300998,39.7,10.3,98400,4.00,5.00,5.00,5.00,0.0132,0
2023-05-28 15:14:52,1685301292,39.6,9.12,98400,3.00,5.00,7.00,8.00,0.0197,0
2023-05-28 15:19:46,1685301587,38.4,9.49,98400,6.00,7.00,10.0,12.0,0.0197,0
2023-05-28 15:24:41,1685301882,38.5,9.53,98400,5.00,8.00,11.0,12.0,0.0265,0
2023-05-28 15:29:56,1685302196,39.2,8.71,98400,5.00,12.0,19.0,23.0,0.0598,0
2023-05-28 15:34:50,1685302491,39.4,7.55,98400,8.00,8.00,8.00,8.00,0.0598,0
2023-05-28 15:39:44,1685302785,39.7,7.84,98400,7.00,8.00,11.0,12.0,0.0581,0
2023-05-28 15:44:58,1685303099,40.2,7.14,98450,7.00,8.00,8.00,9.00,0.0322,0
2023-05-28 15:49:53,1685303393,40.0,6.42,98480,6.00,7.00,8.00,9.00,0.0214,0
2023-05-28 15:54:47,1685303687,39.9,6.15,98500,6.00,8.00,9.00,10.0,0.0289,0
2023-05-28 15:59:41,1685303982,39.6,6.27,98500,7.00,9.00,11.0,12.0,0.0504,0
2023-05-28 16:04:55,1685304296,39.6,5.62,98500,8.00,9.00,12.0,13.0,0.139,0
2023-05-28 16:09:50,1685304590,39.7,5.19,98500,7.00,9.00,11.0,12.0,0.0652,0
2023-05-28 16:14:44,1685304884,39.9,4.50,98500,8.00,10.0,11.0,12.0,0.111,0
2023-05-28 16:19:58,1685305199,39.8,4.49,98500,5.00,7.00,8.00,9.00,0.0679,0
2023-05-28 16:24:52,1685305492,39.6,4.03,98500,5.00,12.0,17.0,20.0,0.0323,0
2023-05-28 16:29:46,1685305787,39.5,4.21,98500,7.00,8.00,9.00,10.0,0.0362,0
2023-05-28 16:34:41,1685306081,39.1,4.37,98500,7.00,8.00,9.00,10.0,0.0394,0
2023-05-28 16:39:55,1685306395,39.1,4.99,98500,9.00,17.0,23.0,26.0,0.0781,0.683
2023-05-28 16:44:49,1685306690,39.5,4.95,98500,5.00,7.00,10.0,12.0,0.0931,0.693
2023-05-28 16:49:44,1685306984,39.5,4.86,98500,7.00,7.00,8.00,9.00,0.0919,0
2023-05-28 16:54:58,1685307298,39.6,4.59,98500,5.00,8.00,10.0,11.0,0.0417,0
2023-05-28 16:59:52,1685307593,39.6,4.66,98500,7.00,8.00,12.0,13.0,0.0182,0
2023-05-28 17:04:47,1685307887,40.0,4.87,98500,7.00,9.00,11.0,12.0,0.0743,0
2023-05-28 17:09:41,1685308181,40.3,4.71,98500,9.00,9.00,10.0,11.0,0.0321,0
2023-05-28 17:14:55,1685308495,40.4,4.44,98500,10.0,13.0,16.0,17.0,0.0241,0
2023-05-28 17:19:49,1685308789,40.2,4.45,98500,7.00,9.00,10.0,11.0,0.0329,0
2023-05-28 17:24:43,1685309084,39.9,4.34,98500,7.00,7.00,8.00,10.0,0.0429,0
2023-05-28 17:29:57,1685309398,39.4,4.41,98500,7.00,10.0,12.0,13.0,0.0303,0
2023-05-28 17:34:52,1685309693,38.9,4.62,98547,7.00,9.00,10.0,11.0,0.0139,0
2023-05-28 17:39:47,1685309987,38.6,4.68,98600,6.00,11.0,16.0,18.0,0.0391,0
2023-05-28 17:44:42,1685310282,38.8,4.76,98600,6.00,11.0,15.0,17.0,0.0515,0
2023-05-28 17:49:56,1685310596,39.0,5.33,98600,4.00,6.00,7.00,8.00,0.166,0
2023-05-28 17:54:50,1685310891,39.2,5.78,98600,4.00,6.00,9.00,10.0,0.166,2.13
2023-05-28 17:59:45,1685311186,38.7,6.04,98600,5.00,7.00,10.0,11.0,0.0158,2.08
2023-05-28 18:04:41,1685311481,37.9,6.39,98600,4.00,8.00,11.0,12.0,0.0249,1.37
2023-05-28 18:09:56,1685311796,37.1,6.78,98600,6.00,8.00,11.0,13.0,0.0177,0
2023-05-28 18:14:52,1685312092,36.5,7.10,98600,7.00,8.00,8.00,9.00,0.0448,0
2023-05-28 18:19:48,1685312388,35.6,7.88,98600,9.00,14.0,20.0,24.0,0.0404,0
2023-05-28 18:24:44,1685312684,35.0,8.64,98620,5.00,9.00,12.0,13.0,0.0420,0
2023-05-28 18:29:41,1685312981,34.4,8.98,98687,4.00,4.00,6.00,8.00,0.0768,0
2023-05-28 18:34:57,1685313298,33.5,9.50,98700,6.00,9.00,11.0,13.0,0.0566,0
2023-05-28 18:39:55,1685313595,32.5,10.3,98700,4.00,11.0,16.0,19.0,0.0611,0
2023-05-28 18:44:53,1685313893,31.7,11.0,98700,4.00,7.00,10.0,12.0,0.0458,0
2023-05-28 18:49:51,1685314191,31.2,11.2,98700,4.00,7.00,10.0,11.0,0.0452,0
2023-05-28 18:54:49,1685314490,30.3,11.6,98700,5.00,10.0,14.0,16.0,0.0394,0
2023-05-28 18:59:48,1685314789,29.6,12.1,98700,4.00,7.00,9.00,10.0,0.0616,0
2023-05-28 19:04:47,1685315088,29.2,12.5,98700,5.00,6.00,8.00,9.00,0.0616,0
2023-05-28 19:09:46,1685315387,28.9,12.5,98700,4.00,6.00,8.00,9.00,0.0190,0
2023-05-28 19:14:46,1685315686,28.5,12.6,98700,5.00,8.00,10.0,10.0,0.0216,0
2023-05-28 19:19:45,1685315986,28.0,13.1,98760,3.00,6.00,8.00,8.00,0.0161,0
2023-05-28 19:24:45,1685316285,27.6,13.2,98800,4.00,5.00,8.00,9.00,0.0217,0
2023-05-28 19:29:45,1685316585,27.3,13.6,98800,6.00,8.00,10.0,11.0,0.0299,1.17
2023-05-28 19:34:45,1685316885,26.9,13.8,98800,6.00,6.00,6.00,6.00,0.0244,1.17
2023-05-28 19:39:45,1685317185,26.4,13.6,98800,4.00,6.00,8.00,9.00,0.0250,0
2023-05-28 19:44:45,1685317485,25.9,14.0,98800,4.00,9.00,14.0,16.0,0.0394,0
2023-05-28 19:49:46,1685317786,25.4,14.2,98800,4.00,9.00,12.0,14.0,0.0495,0
2023-05-28 19:54:46,1685318087,24.9,14.4,98800,4.00,5.00,7.00,9.00,0.0248,0
2023-05-28 19:59:48,1685318388,24.6,14.5,98800,2.00,7.00,10.0,12.0,0.0240,0
2023-05-28 20:04:49,1685318689,24.3,14.8,98800,3.00,5.00,7.00,9.00,0.0460,0
2023-05-28 20:09:50,1685318990,24.0,14.9,98807,3.00,8.00,13.0,15.0,0.0460,0
2023-05-28 20:14:51,1685319292,23.7,15.0,98900,4.00,5.00,6.00,7.00,0.0312,0
2023-05-28 20:19:53,1685319593,23.4,15.2,98900,5.00,6.00,7.00,8.00,0.0194,0
2023-05-28 20:24:54,1685319895,23.2,15.4,98900,3.00,5.00,5.00,6.00,0.0134,0
2023-05-28 20:29:56,1685320197,23.0,15.6,98900,3.00,3.00,5.00,6.00,0.0140,0
2023-05-28 20:34:58,1685320498,22.7,15.9,98900,5.00,7.00,11.0,13.0,0.0169,0
2023-05-28 20:39:59,1685320800,22.5,16.1,98900,5.00,8.00,13.0,16.0,0.0516,0
2023-05-28 20:44:41,1685321082,22.4,16.2,98900,3.00,6.00,9.00,10.0,0.0349,0
2023-05-28 20:49:43,1685321384,22.2,16.6,98900,4.00,8.00,12.0,14.0,0.0236,0
2023-05-28 20:54:45,1685321686,21.9,17.2,98900,5.00,8.00,11.0,13.0,0.0502,0
2023-05-28 20:59:47,1685321988,21.8,17.3,98900,4.00,14.0,22.0,26.0,0.112,0
2023-05-28 21:04:50,1685322290,21.5,17.5,98947,4.00,5.00,8.00,10.0,0.138,0
2023-05-28 21:09:52,1685322592,21.3,17.9,99000,4.00,8.00,10.0,12.0,0.0813,0
2023-05-28 21:14:54,1685322895,21.0,18.2,99000,4.00,11.0,17.0,20.0,0.0460,0
2023-05-28 21:19:57,1685323197,20.8,18.6,99000,5.00,10.0,14.0,16.0,0.0701,0
2023-05-28 21:24:59,1685323500,20.7,18.5,99000,5.00,10.0,13.0,14.0,0.108,0
2023-05-28 21:29:42,1685323782,20.6,18.6,99000,3.00,6.00,9.00,11.0,0.0819,0
2023-05-28 21:34:45,1685324085,20.5,18.9,99000,5.00,5.00,6.00,6.00,0.0480,0
2023-05-28 21:39:27,1685324368,20.4,18.8,99000,4.00,8.00,11.0,13.0,0.0663,0
2023-05-28 21:44:54,1685324694,20.3,18.9,99000,4.00,8.00,11.0,12.0,0.0158,0
2023-05-28 21:49:56,1685324997,20.3,19.1,99000,3.00,4.00,5.00,6.00,0.0506,0
2023-05-28 21:54:59,1685325300,20.1,19.0,99047,5.00,9.00,13.0,15.0,0.0195,0
2023-05-28 21:59:42,1685325583,20.1,18.9,99100,2.00,7.00,11.0,12.0,0.0337,0
2023-05-28 22:04:43,1685325883,19.9,19.2,99100,5.00,8.00,11.0,12.0,0.0514,0
2023-05-28 22:09:45,1685326185,19.8,19.3,99100,4.00,4.00,6.00,7.00,0.0514,0
2023-05-28 22:14:50,1685326490,19.7,19.6,99100,4.00,5.00,6.00,6.00,0.0273,0
2023-05-28 22:19:13,1685326753,19.6,19.8,99100,2.00,5.00,8.00,9.00,0.0589,0
2023-05-28 22:24:55,1685327095,19.6,19.9,99100,4.00,6.00,9.00,10.0,0.0532,0
2023-05-28 22:25:55,1685327156,19.5,20.0,99100,1.00,2.00,3.00,4.00,0.0707,0
2023-05-28 22:39:47,1685327988,19.1,20.7,99100,5.00,6.00,9.00,11.0,0.0563,0
2023-05-28 22:44:53,1685328294,19.0,20.8,99100,2.00,4.00,6.00,7.00,0.0288,0
2023-05-28 22:49:57,1685328597,18.9,21.1,99100,3.00,5.00,8.00,10.0,0.0288,0
2023-05-28 22:54:40,1685328880,18.8,21.2,99100,4.00,4.00,5.00,6.00,0.0215,0
2023-05-28 22:59:43,1685329184,18.8,21.5,99100,3.00,4.00,5.00,6.00,0.0131,0
2023-05-28 23:04:47,1685329487,18.8,21.7,99100,6.00,10.0,13.0,14.0,0.0150,0
2023-05-28 23:09:50,1685329791,18.7,21.6,99100,5.00,8.00,10.0,12.0,0.101,0
2023-05-28 23:14:54,1685330094,18.7,21.7,99100,6.00,11.0,15.0,17.0,0.100,0
2023-05-28 23:19:57,1685330397,18.6,21.9,99100,3.00,11.0,17.0,21.0,0.0830,0
2023-05-28 23:24:40,1685330681,18.5,22.1,99100,2.00,7.00,10.0,12.0,0.0767,0
2023-05-28 23:29:44,1685330984,18.4,22.2,99113,5.00,10.0,16.0,18.0,0.0558,0
2023-05-28 23:34:47,1685331288,18.3,22.1,99167,4.00,5.00,9.00,11.0,0.0384,0
2023-05-28 23:39:51,1685331592,18.3,22.6,99127,4.00,6.00,8.00,9.00,0.0395,0
2023-05-28 23:44:55,1685331895,18.1,22.8,99100,6.00,7.00,8.00,9.00,0.0455,0
2023-05-28 23:49:58,1685332199,18.0,22.9,99160,2.00,6.00,10.0,11.0,0.0251,0
2023-05-28 23:54:41,1685332482,17.9,23.2,99114,5.00,7.00,12.0,14.0,0.0251,0
2023-05-28 23:59:45,1685332786,17.7,23.5,99153,6.00,10.0,13.0,15.0,0.0335,0
2023-05-29 00:04:49,1685333089,17.6,24.0,99153,2.00,5.00,7.00,8.00,0.0141,0
2023-05-29 00:09:53,1685333393,17.4,24.0,99173,5.00,10.0,15.0,18.0,0.0130,0
2023-05-29 00:14:57,1685333697,17.4,24.0,99200,5.00,10.0,15.0,18.0,0.0193,0
2023-05-29 00:19:40,1685333981,17.3,24.1,99136,4.00,12.0,18.0,21.0,0.0657,0
2023-05-29 00:24:44,1685334285,17.3,24.4,99100,2.00,4.00,7.00,8.00,0.0657,0
2023-05-29 00:29:48,1685334589,17.2,24.4,99100,2.00,5.00,9.00,11.0,0.145,0
2023-05-29 00:34:52,1685334893,17.3,24.5,99100,4.00,10.0,16.0,18.0,0.0371,0
2023-05-29 00:39:56,1685335196,17.3,24.6,99100,2.00,6.00,10.0,11.0,0.0309,0
2023-05-29 00:44:40,1685335480,17.4,24.8,99100,5.00,11.0,18.0,22.0,0.0273,0
2023-05-29 00:49:43,1685335784,17.5,24.4,99100,5.00,9.00,12.0,13.0,0.0411,0
2023-05-29 00:54:47,1685336088,17.5,24.1,99100,4.00,5.00,7.00,8.00,0.0362,0
2023-05-29 00:59:51,1685336392,17.6,23.7,99100,5.00,10.0,14.0,16.0,0.0580,0
2023-05-29 01:04:55,1685336696,17.5,23.5,99100,5.00,7.00,9.00,9.00,0.0121,0
2023-05-29 01:09:59,1685336999,17.4,23.7,99100,3.00,4.00,5.00,6.00,0.0352,0
2023-05-29 01:14:43,1685337283,17.2,24.2,99100,4.00,9.00,13.0,16.0,0.0430,0
2023-05-29 01:19:47,1685337587,17.2,24.1,99100,5.00,10.0,15.0,18.0,0.0827,0
2023-05-29 01:24:51,1685337891,17.0,24.7,99167,5.00,8.00,12.0,14.0,0.0785,0
2023-05-29 01:29:55,1685338195,16.7,25.4,99200,3.00,9.00,15.0,17.0,0.0291,0
2023-05-29 01:34:59,1685338500,16.4,25.4,99200,4.00,5.00,6.00,6.00,0.0326,0
2023-05-29 01:39:43,1685338783,16.1,26.7,99200,4.00,7.00,11.0,13.0,0.0242,0
2023-05-29 01:44:47,1685339088,15.8,27.1,99200,4.00,8.00,13.0,16.0,0.0754,0
2023-05-29 01:49:52,1685339392,15.6,26.7,99200,4.00,6.00,8.00,8.00,0.0459,0
2023-05-29 01:54:56,1685339697,15.4,27.1,99200,5.00,7.00,10.0,12.0,0.0546,0
2023-05-29 01:59:41,1685339981,15.2,27.5,99200,5.00,7.00,11.0,13.0,0.0775,0
2023-05-29 02:04:45,1685340286,14.9,28.3,99200,4.00,6.00,8.00,9.00,0.108,0
2023-05-29 02:09:50,1685340591,14.6,28.5,99200,5.00,7.00,11.0,13.0,0.108,0
2023-05-29 02:14:55,1685340896,14.4,29.0,99200,5.00,7.00,8.00,9.00,0.0260,0
2023-05-29 02:19:40,1685341180,14.3,29.2,99200,4.00,5.00,7.00,8.00,0.0130,0
2023-05-29 02:24:45,1685341485,14.2,29.7,99207,3.00,5.00,7.00,9.00,0.0126,0
2023-05-29 02:29:50,1685341791,14.0,30.2,99267,4.00,6.00,10.0,11.0,0.0277,0
2023-05-29 02:34:55,1685342096,13.8,30.0,99287,2.00,5.00,7.00,8.00,0.0178,0
2023-05-29 02:39:41,1685342381,13.7,30.2,99300,5.00,7.00,8.00,9.00,0.0362,0
2023-05-29 02:44:46,1685342686,13.7,30.7,99300,5.00,9.00,12.0,14.0,0.0269,0
2023-05-29 02:49:51,1685342991,13.6,30.8,99300,4.00,8.00,12.0,13.0,0.0741,0
2023-05-29 02:54:56,1685343297,13.5,31.1,99300,3.00,5.00,6.00,7.00,0.0406,0
2023-05-29 02:59:41,1685343582,13.3,31.5,99300,6.00,12.0,16.0,18.0,0.0376,0
2023-05-29 03:04:47,1685343887,13.0,31.4,99300,5.00,6.00,7.00,8.00,0.0683,0
2023-05-29 03:09:52,1685344193,12.9,31.7,99300,2.00,5.00,8.00,9.00,0.103,0
2023-05-29 03:14:58,1685344498,12.8,31.7,99300,4.00,7.00,10.0,11.0,0.101,0
2023-05-29 03:19:43,1685344784,12.7,32.1,99300,4.00,5.00,8.00,10.0,0.0388,0
2023-05-29 03:24:49,1685345089,12.6,32.5,99300,5.00,6.00,7.00,8.00,0.00937,0
2023-05-29 03:29:54,1685345395,12.5,32.9,99300,4.00,8.00,13.0,15.0,0.0605,0
2023-05-29 03:34:40,1685345680,12.5,32.9,99300,4.00,7.00,9.00,11.0,0.0605,0
2023-05-29 03:39:45,1685345986,12.4,32.5,99300,5.00,8.00,14.0,16.0,0.0495,0
2023-05-29 03:44:51,1685346291,12.5,32.8,99300,4.00,13.0,20.0,24.0,0.0196,0
2023-05-29 03:49:56,1685346597,12.4,32.7,99300,4.00,6.00,9.00,11.0,0.0391,0
2023-05-29 03:54:42,1685346882,12.4,32.9,99300,2.00,5.00,7.00,8.00,0.0359,0
2023-05-29 03:59:47,1685347188,12.3,33.2,99313,4.00,8.00,11.0,13.0,0.0225,0
2023-05-29 04:04:53,1685347494,12.1,33.2,99360,6.00,8.00,9.00,11.0,0.0225,0
2023-05-29 04:09:59,1685347799,12.0,33.2,99387,3.00,7.00,11.0,12.0,0.0401,0
2023-05-29 04:14:44,1685348085,12.0,33.0,99400,3.00,5.00,6.00,7.00,0.0148,0
2023-05-29 04:19:50,1685348391,12.0,33.0,99400,2.00,7.00,11.0,13.0,0.0162,0
2023-05-29 04:24:56,1685348697,12.1,33.0,99400,5.00,12.0,18.0,21.0,0.0356,0
2023-05-29 04:29:41,1685348982,12.2,32.7,99400,4.00,4.00,7.00,9.00,0.0296,0
2023-05-29 04:34:47,1685349288,12.2,32.9,99400,5.00,9.00,14.0,17.0,0.0765,0
2023-05-29 04:39:52,1685349592,12.1,33.0,99400,2.00,5.00,7.00,8.00,0.120,0
2023-05-29 04:44:58,1685349898,12.0,33.1,99400,4.00,10.0,14.0,17.0,0.0485,0
2023-05-29 04:49:43,1685350184,11.9,33.1,99400,5.00,8.00,10.0,11.0,0.0385,0
2023-05-29 04:54:49,1685350490,11.8,33.3,99400,4.00,7.00,10.0,11.0,0.0115,0
2023-05-29 04:59:55,1685350796,11.7,33.4,99400,4.00,11.0,18.0,21.0,0.0279,0
2023-05-29 05:04:41,1685351082,11.6,33.9,99400,4.00,10.0,15.0,18.0,0.0540,0
2023-05-29 05:09:47,1685351388,11.5,34.3,99400,3.00,9.00,14.0,17.0,0.0707,0
2023-05-29 05:14:53,1685351694,11.4,34.6,99400,6.00,6.00,7.00,8.00,0.0392,0
2023-05-29 05:19:59,1685352000,11.2,35.4,99400,2.00,3.00,5.00,5.00,0.0524,0
2023-05-29 05:24:45,1685352286,11.1,35.9,99464,4.00,6.00,8.00,10.0,0.0341,0
2023-05-29 05:29:51,1685352592,11.1,35.7,99500,6.00,10.0,15.0,18.0,0.0343,0
2023-05-29 05:34:58,1685352898,11.0,36.2,99500,4.00,7.00,11.0,13.0,0.0252,0
2023-05-29 05:39:43,1685353184,10.9,36.2,99500,3.00,8.00,12.0,14.0,0.0222,0
2023-05-29 05:44:50,1685353490,10.9,37.1,99500,6.00,13.0,18.0,21.0,0.0321,0
2023-05-29 05:49:56,1685353796,10.9,37.5,99500,5.00,7.00,11.0,13.0,0.0235,0
2023-05-29 05:54:42,1685354082,10.9,37.8,99500,5.00,7.00,10.0,11.0,0.0427,0
2023-05-29 05:59:48,1685354388,11.0,38.0,99500,2.00,4.00,7.00,8.00,0.0402,0
2023-05-29 06:04:54,1685354694,11.1,38.1,99500,4.00,5.00,8.00,10.0,0.0641,0
2023-05-29 06:09:40,1685354980,11.2,38.3,99500,5.00,7.00,10.0,11.0,0.0206,0
2023-05-29 06:14:45,1685355286,11.4,38.6,99500,4.00,5.00,7.00,9.00,0.0246,0
2023-05-29 06:19:51,1685355592,11.6,38.9,99500,4.00,9.00,13.0,15.0,0.0189,0
2023-05-29 06:24:57,1685355898,11.8,39.3,99500,5.00,15.0,23.0,27.0,0.0371,0
2023-05-29 06:29:42,1685356183,12.0,39.4,99500,5.00,8.00,11.0,13.0,0.0520,0
2023-05-29 06:34:48,1685356488,12.2,39.4,99500,4.00,7.00,10.0,12.0,0.0420,0
2023-05-29 06:39:53,1685356794,12.5,39.5,99500,6.00,8.00,9.00,9.00,0.0272,0
2023-05-29 06:44:59,1685357100,12.9,38.1,99500,3.00,5.00,6.00,7.00,0.0304,0
2023-05-29 06:49:44,1685357384,13.2,37.7,99500,2.00,4.00,6.00,7.00,0.0148,0
2023-05-29 06:54:49,1685357689,13.7,36.5,99500,5.00,11.0,16.0,18.0,0.0125,0
2023-05-29 06:59:53,1685357994,14.2,35.9,99500,4.00,8.00,11.0,12.0,0.0664,0
2023-05-29 07:04:58,1685358298,14.7,34.6,99500,5.00,14.0,22.0,26.0,0.0664,0
2023-05-29 07:09:42,1685358583,15.3,33.1,99500,6.00,16.0,24.0,28.0,0.0527,0
2023-05-29 07:14:46,1685358887,15.8,31.4,99500,3.00,6.00,10.0,12.0,0.0816,0
2023-05-29 07:19:51,1685359191,16.3,31.6,99547,5.00,7.00,11.0,13.0,0.106,0
2023-05-29 07:24:55,1685359495,16.8,30.8,99593,5.00,10.0,13.0,15.0,0.106,0
2023-05-29 07:29:58,1685359799,17.3,29.7,99600,5.00,11.0,17.0,20.0,0.0664,0
2023-05-29 07:34:42,1685360082,17.7,29.3,99600,4.00,10.0,14.0,17.0,0.0458,0
2023-05-29 07:39:45,1685360385,18.0,29.0,99600,6.00,21.0,34.0,40.0,0.0493,0
2023-05-29 07:44:48,1685360689,18.3,27.7,99600,4.00,5.00,7.00,8.00,0.0973,0
2023-05-29 07:48:50,1685360931,18.5,27.0,99600,4.00,5.00,8.00,9.00,0.0647,0
2023-05-29 07:51:20,1685361080,18.8,26.9,99600,1.00,5.00,9.00,10.0,0.0430,0
2023-05-29 09:01:54,1685365315,22.3,22.0,99600,4.00,16.0,27.0,32.0,,
2023-05-29 09:16:11,1685366172,22.8,21.5,99600,1.00,3.00,4.00,4.00,,
2023-05-29 09:24:48,1685366688,22.7,21.3,99600,1.00,2.00,2.00,2.00,,
2023-05-29 09:29:48,1685366989,22.7,21.3,99600,2.00,5.00,9.00,10.0,,
2023-05-29 09:34:49,1685367289,22.5,21.2,99600,4.00,5.00,7.00,7.00,,
2023-05-29 09:39:50,1685367590,22.2,21.2,99600,2.00,4.00,6.00,7.00,0.0230,0
2023-05-29 09:44:51,1685367891,22.2,21.0,99600,2.00,3.00,5.00,6.00,0.0261,0
2023-05-29 09:49:52,1685368192,22.0,20.9,99600,3.00,4.00,7.00,9.00,0.0261,0
2023-05-29 09:54:53,1685368493,22.1,20.7,99600,2.00,5.00,8.00,9.00,0.0185,0
2023-05-29 09:59:54,1685368794,22.3,20.6,99600,5.00,6.00,7.00,8.00,0.0158,0
2023-05-29 10:04:55,1685369095,22.4,20.2,99600,4.00,6.00,9.00,10.0,0.0275,0
2023-05-29 10:09:56,1685369396,22.5,20.4,99600,3.00,9.00,13.0,15.0,0.0335,0
2023-05-29 10:14:57,1685369698,22.6,20.8,99600,3.00,4.00,6.00,7.00,0.0353,0
2023-05-29 10:19:59,1685369999,22.7,21.4,99600,4.00,7.00,9.00,11.0,0.0359,0
2023-05-29 10:24:40,1685370280,22.7,20.9,99600,2.00,4.00,6.00,7.00,0.0323,0
2023-05-29 10:29:41,1685370582,22.7,21.1,99600,5.00,7.00,8.00,9.00,0.0268,0
2023-05-29 10:34:42,1685370883,22.7,21.4,99600,3.00,5.00,8.00,9.00,0.0268,0
2023-05-29 10:39:44,1685371184,22.6,21.6,99600,4.00,5.00,7.00,8.00,0.0142,0
2023-05-29 10:44:45,1685371486,22.7,21.6,99600,3.00,7.00,11.0,14.0,0.0142,0
2023-05-29 10:49:46,1685371787,22.7,21.3,99600,4.00,10.0,15.0,18.0,0.0215,0
2023-05-29 10:54:55,1685372096,22.7,21.2,99600,2.00,7.00,10.0,12.0,0.0139,0
2023-05-29 10:59:56,1685372396,22.7,21.5,99600,2.00,3.00,4.00,4.00,0.0174,0
2023-05-29 11:04:57,1685372697,22.7,21.7,99600,10.0,31.0,48.0,57.0,0.0640,0
2023-05-29 11:09:58,1685372998,22.8,21.9,99600,2.00,7.00,11.0,13.0,0.309,0
2023-05-29 11:14:40,1685373280,22.9,21.7,99600,8.00,26.0,42.0,49.0,0.221,0
2023-05-29 11:19:41,1685373581,22.9,21.6,99600,40.0,140,222,262,0.379,0
2023-05-29 11:24:42,1685373883,22.8,21.9,99600,4.00,6.00,9.00,10.0,0.226,0
2023-05-29 11:29:43,1685374183,23.0,22.2,99600,2.00,3.00,4.00,5.00,0.364,0
2023-05-29 11:34:44,1685374484,23.2,22.1,99600,6.00,6.00,6.00,6.00,0.408,0
2023-05-29 11:39:44,1685374785,23.3,21.6,99600,2.00,6.00,8.00,10.0,0.0314,0
2023-05-29 11:44:45,1685375086,23.4,21.6,99600,2.00,7.00,11.0,13.0,0.0314,0
2023-05-29 11:49:46,1685375387,23.4,21.8,99600,2.00,4.00,6.00,7.00,0.0195,0
2023-05-29 11:54:47,1685375687,23.6,21.1,99600,2.00,6.00,9.00,10.0,0.0112,0
2023-05-29 11:59:47,1685375988,23.7,21.0,99600,2.00,5.00,7.00,9.00,0.00756,0
2023-05-29 12:04:48,1685376288,23.7,21.2,99600,2.00,5.00,8.00,10.0,0.0155,0
2023-05-29 12:06:48,1685376408,23.8,21.5,99600,4.00,6.00,8.00,10.0,0.0101,0
2023-05-29 12:19:10,1685377150,23.8,21.1,99600,2.00,4.00,7.00,8.00,0.0303,0
2023-05-29 12:24:56,1685377496,23.9,21.0,99600,2.00,4.00,5.00,6.00,0.0326,0
2023-05-29 12:29:56,1685377797,23.9,20.9,99600,3.00,5.00,6.00,7.00,0.0184,0
2023-05-29 12:34:57,1685378097,24.0,20.7,99600,2.00,5.00,6.00,7.00,0.0173,0
2023-05-29 12:39:57,1685378398,24.1,20.9,99600,2.00,4.00,5.00,6.00,0.0173,0
2023-05-29 12:44:58,1685378698,24.3,20.7,99600,3.00,5.00,6.00,7.00,0.0137,0
2023-05-29 12:49:44,1685378984,24.5,20.4,99600,2.00,5.00,8.00,10.0,0.0128,0
2023-05-29 12:54:43,1685379284,24.8,20.4,99600,5.00,7.00,10.0,11.0,0.0309,0
2023-05-29 12:59:43,1685379583,25.2,20.1,99593,4.00,5.00,5.00,6.00,0.0309,0
2023-05-29 13:04:42,1685379883,25.5,19.7,99540,3.00,8.00,12.0,14.0,0.0279,0
2023-05-29 13:09:41,1685380182,26.0,19.3,99500,4.00,5.00,7.00,8.00,0.0385,0
2023-05-29 13:14:40,1685380481,26.5,18.9,99500,2.00,4.00,5.00,6.00,0.0368,0
2023-05-29 13:19:59,1685380800,26.9,18.3,99500,3.00,5.00,7.00,8.00,0.0446,0
2023-05-29 13:24:58,1685381099,27.4,18.3,99500,2.00,4.00,5.00,6.00,0.0119,0
2023-05-29 13:39:56,1685381996,28.2,17.1,99500,2.00,8.00,13.0,15.0,0.0181,0
2023-05-29 13:44:54,1685382294,28.6,16.6,99500,2.00,5.00,8.00,9.00,0.0499,0
2023-05-29 13:49:51,1685382592,29.1,16.5,99500,6.00,13.0,19.0,21.0,0.0284,0
2023-05-29 13:54:49,1685382889,29.6,15.8,99500,3.00,9.00,14.0,16.0,0.0427,0
2023-05-29 13:59:46,1685383187,30.0,15.6,99500,2.00,3.00,4.00,5.00,0.112,0
2023-05-29 14:04:44,1685383484,30.1,15.5,99500,4.00,6.00,8.00,8.00,0.112,0
2023-05-29 14:09:41,1685383782,30.0,15.5,99500,3.00,5.00,8.00,9.00,0.0275,0
2023-05-29 14:14:58,1685384099,30.5,15.0,99500,3.00,4.00,5.00,6.00,0.0156,0
2023-05-29 14:19:56,1685384396,30.8,14.7,99433,2.00,6.00,9.00,11.0,0.0217,0
2023-05-29 14:24:53,1685384694,30.9,14.2,99400,2.00,5.00,8.00,9.00,0.0257,0
2023-05-29 14:29:50,1685384991,31.2,13.8,99413,2.00,8.00,13.0,15.0,0.0272,0
2023-05-29 14:34:47,1685385288,31.3,13.8,99400,2.00,7.00,11.0,13.0,0.0231,0
2023-05-29 14:39:44,1685385584,31.6,13.3,99400,20.0,66.0,104,122,0.0641,0
2023-05-29 14:44:41,1685385881,31.9,13.1,99400,2.00,4.00,6.00,7.00,0.0716,0
2023-05-29 14:49:57,1685386198,32.1,12.8,99400,5.00,17.0,27.0,32.0,0.0798,0
2023-05-29 14:53:15,1685386395,32.2,13.0,99400,3.00,8.00,12.0,15.0,0.0481,0
2023-05-29 15:04:53,1685387093,33.1,12.5,99400,1.00,2.00,3.00,3.00,0.0720,0
2023-05-29 15:05:52,1685387153,33.2,12.1,99400,2.00,5.00,7.00,8.00,0.0724,0
2023-05-29 15:19:45,1685387985,34.2,11.4,99400,4.00,6.00,8.00,9.00,0.0724,0
2023-05-29 15:24:41,1685388281,34.4,10.8,99400,5.00,12.0,20.0,23.0,0.0486,0
2023-05-29 15:29:56,1685388597,34.4,10.8,99400,3.00,5.00,6.00,7.00,0.0680,0
2023-05-29 15:34:52,1685388892,34.2,10.8,99400,39.0,133,211,249,0.401,0
2023-05-29 15:39:48,1685389188,34.1,10.4,99400,6.00,10.0,16.0,19.0,0.634,0
2023-05-29 15:44:43,1685389484,33.8,10.6,99400,3.00,10.0,15.0,18.0,0.384,0
2023-05-29 15:49:59,1685389799,33.9,10.7,99400,35.0,116,182,214,0.263,0
2023-05-29 15:54:55,1685390095,34.4,10.1,99400,4.00,7.00,10.0,11.0,0.104,0
2023-05-29 15:59:51,1685390391,34.6,9.62,99400,2.00,5.00,8.00,9.00,0.0752,0
2023-05-29 16:04:46,1685390687,34.7,9.52,99400,2.00,6.00,8.00,10.0,0.0759,0
2023-05-29 16:09:42,1685390982,34.8,9.62,99400,2.00,5.00,8.00,9.00,0.0182,0
2023-05-29 16:14:57,1685391298,34.8,9.10,99400,3.00,6.00,10.0,12.0,0.0193,0
2023-05-29 16:16:35,1685391396,34.9,9.23,99400,3.00,8.00,12.0,14.0,0.0107,0
2023-05-29 16:24:46,1685391886,35.0,8.75,99300,2.00,5.00,8.00,10.0,0.0107,0
2023-05-29 16:29:41,1685392182,35.2,8.74,99300,2.00,5.00,9.00,11.0,0.0238,0
2023-05-29 16:34:56,1685392497,35.4,8.63,99300,2.00,4.00,7.00,8.00,0.0261,0
2023-05-29 16:39:52,1685392792,35.6,8.26,99300,2.00,7.00,11.0,14.0,0.0165,0
2023-05-29 16:44:47,1685393087,35.8,8.29,99300,3.00,7.00,10.0,12.0,0.0782,0
2023-05-29 16:49:42,1685393383,35.9,7.79,99300,3.00,3.00,4.00,5.00,0.0782,0
2023-05-29 16:52:20,1685393540,35.7,7.89,99300,2.00,7.00,11.0,12.0,0.0517,0
2023-05-29 17:04:48,1685394289,36.1,7.74,99300,5.00,13.0,20.0,23.0,0.175,0
2023-05-29 17:09:43,1685394584,36.2,7.43,99300,1.00,3.00,4.00,5.00,0.175,0
2023-05-29 17:13:20,1685394800,36.1,7.59,99300,2.00,9.00,14.0,17.0,0.231,0
2023-05-29 17:24:53,1685395494,35.7,7.59,99300,2.00,2.00,2.00,3.00,0.143,0
2023-05-29 17:27:50,1685395671,35.5,7.60,99300,2.00,4.00,7.00,8.00,0.0384,0
2023-05-29 17:34:58,1685396099,35.0,8.10,99300,1.00,4.00,7.00,8.00,0.0715,0
2023-05-29 17:39:54,1685396394,34.7,8.48,99300,2.00,4.00,7.00,9.00,0.0179,0
2023-05-29 17:44:50,1685396690,34.9,8.13,99300,3.00,6.00,8.00,9.00,0.0198,0
2023-05-29 17:49:45,1685396986,34.6,8.03,99300,2.00,6.00,8.00,9.00,0.0198,0
2023-05-29 17:54:41,1685397281,34.4,8.17,99300,3.00,4.00,5.00,5.00,0.0177,0
2023-05-29 17:59:57,1685397597,34.3,8.23,99300,3.00,6.00,10.0,12.0,0.0137,0
2023-05-29 18:00:56,1685397656,34.1,8.39,99300,2.00,4.00,6.00,7.00,0.0128,0
2023-05-29 18:14:49,1685398490,32.2,9.19,99300,2.00,4.00,7.00,8.00,0.0123,0
2023-05-29 18:19:46,1685398787,31.0,10.0,99300,2.00,4.00,7.00,8.00,0.0137,0
2023-05-29 18:24:44,1685399085,30.4,10.6,99300,2.00,5.00,8.00,9.00,0.0163,0
2023-05-29 18:29:42,1685399383,29.5,11.2,99307,2.00,6.00,10.0,12.0,0.0170,0
2023-05-29 18:34:40,1685399681,28.7,11.7,99300,2.00,9.00,14.0,16.0,0.0132,0
2023-05-29 18:39:59,1685400000,27.7,12.6,99363,3.00,5.00,8.00,9.00,0.0165,0
2023-05-29 18:44:58,1685400299,26.8,13.3,99400,1.00,3.00,5.00,5.00,0.0165,0
2023-05-29 18:49:57,1685400598,26.3,14.2,99400,2.00,7.00,11.0,13.0,0.0292,1.38
2023-05-29 18:54:57,1685400898,25.8,14.9,99400,2.00,3.00,4.00,5.00,0.0184,1.44
2023-05-29 18:59:57,1685401198,25.4,16.1,99400,2.00,3.00,5.00,5.00,0.0184,1.44
2023-05-29 19:04:58,1685401498,25.0,17.5,99400,2.00,3.00,4.00,4.00,0.0118,1.91
2023-05-29 19:09:58,1685401798,24.7,17.7,99400,2.00,5.00,7.00,8.00,0.0104,0
2023-05-29 19:14:58,1685402099,24.1,18.3,99400,2.00,2.00,4.00,4.00,0.0187,0
2023-05-29 19:19:59,1685402399,23.5,18.6,99400,2.00,3.00,4.00,5.00,0.0260,0
2023-05-29 19:24:40,1685402680,22.8,19.6,99400,2.00,3.00,5.00,6.00,0.0260,0
2023-05-29 19:29:41,1685402981,22.2,20.6,99400,1.00,4.00,7.00,9.00,0.0131,0
2023-05-29 19:34:42,1685403283,21.5,21.5,99400,4.00,6.00,8.00,9.00,0.0193,0
2023-05-29 19:39:44,1685403585,21.0,22.3,99400,3.00,6.00,10.0,12.0,0.0155,0
2023-05-29 19:44:46,1685403887,20.4,23.0,99400,1.00,3.00,5.00,6.00,0.0132,0
2023-05-29 19:49:48,1685404189,19.8,23.9,99400,1.00,5.00,8.00,10.0,0.0448,0
2023-05-29 19:54:51,1685404491,19.4,24.3,99400,2.00,6.00,10.0,12.0,0.0403,0
2023-05-29 19:59:53,1685404794,18.9,24.8,99400,1.00,5.00,8.00,10.0,0.0263,0
2023-05-29 20:04:56,1685405097,18.5,25.2,99400,3.00,4.00,5.00,6.00,0.0127,0
2023-05-29 20:09:59,1685405400,18.1,25.1,99400,1.00,3.00,5.00,6.00,0.0174,0
2023-05-29 20:14:41,1685405681,17.8,25.3,99400,2.00,5.00,8.00,9.00,0.0150,0
2023-05-29 20:19:44,1685405985,17.4,25.1,99400,1.00,8.00,13.0,16.0,0.0255,0
2023-05-29 20:24:47,1685406288,17.1,25.2,99400,2.00,6.00,9.00,11.0,0.0190,0
2023-05-29 20:29:51,1685406591,16.8,25.0,99400,2.00,6.00,10.0,12.0,0.0408,0
2023-05-29 20:34:54,1685406895,16.4,25.0,99400,1.00,5.00,9.00,10.0,0.0257,0
2023-05-29 20:39:58,1685407199,16.2,25.5,99400,2.00,9.00,14.0,17.0,0.0179,0
2023-05-29 20:44:42,1685407482,15.9,26.4,99400,2.00,4.00,6.00,6.00,0.0216,0
2023-05-29 20:49:46,1685407786,15.6,26.6,99400,2.00,4.00,5.00,6.00,0.0510,0
2023-05-29 20:54:50,1685408091,15.3,27.2,99400,2.00,5.00,9.00,11.0,0.0510,0
2023-05-29 20:59:54,1685408395,15.0,27.0,99400,2.00,3.00,4.00,5.00,0.0183,0
2023-05-29 21:04:58,1685408699,14.8,27.1,99400,1.00,7.00,12.0,14.0,0.0138,0
2023-05-29 21:09:43,1685408983,14.6,27.6,99400,3.00,4.00,6.00,7.00,0.0168,0
2023-05-29 21:14:47,1685409288,14.4,28.7,99400,2.00,5.00,7.00,8.00,0.0144,0
2023-05-29 21:19:52,1685409592,14.2,29.2,99400,2.00,4.00,7.00,8.00,0.0144,0
2023-05-29 21:24:57,1685409897,14.0,29.4,99400,1.00,5.00,9.00,11.0,0.0264,0
2023-05-29 21:29:41,1685410182,13.8,29.7,99400,2.00,5.00,8.00,10.0,0.0332,0
2023-05-29 21:34:46,1685410487,13.7,29.6,99400,2.00,5.00,8.00,9.00,0.0406,0
2023-05-29 21:39:51,1685410791,13.6,29.9,99400,1.00,6.00,10.0,12.0,0.0406,0
2023-05-29 21:44:56,1685411096,13.4,30.2,99400,2.00,5.00,9.00,11.0,0.0547,0
2023-05-29 21:49:40,1685411381,13.3,30.8,99400,1.00,3.00,4.00,5.00,0.0848,0
2023-05-29 21:54:46,1685411686,13.2,31.5,99400,2.00,3.00,5.00,6.00,0.0605,0
2023-05-29 21:59:51,1685411991,13.1,31.5,99400,2.00,3.00,5.00,6.00,0.0435,0
2023-05-29 22:04:56,1685412296,12.9,32.1,99400,2.00,6.00,9.00,11.0,0.0305,0
2023-05-29 22:09:41,1685412581,12.8,32.3,99400,2.00,3.00,4.00,5.00,0.0307,0
2023-05-29 22:14:46,1685412886,12.7,32.3,99400,2.00,9.00,15.0,18.0,0.0437,0
2023-05-29 22:19:51,1685413192,12.6,32.9,99413,2.00,3.00,5.00,6.00,0.0359,0
2023-05-29 22:24:56,1685413497,12.5,33.2,99400,1.00,4.00,7.00,9.00,0.0188,0
2023-05-29 22:29:41,1685413782,12.4,33.4,99443,2.00,6.00,10.0,12.0,0.0188,0
2023-05-29 22:34:47,1685414087,12.3,33.9,99500,2.00,4.00,7.00,9.00,0.0146,0
2023-05-29 22:39:52,1685414393,12.2,34.0,99500,2.00,8.00,12.0,14.0,0.0212,0
2023-05-29 22:44:37,1685414678,12.2,34.4,99486,2.00,8.00,13.0,16.0,0.0168,0
2023-05-29 22:49:44,1685414985,12.1,35.0,99407,2.00,9.00,14.0,17.0,0.0367,0
2023-05-29 22:54:50,1685415290,12.0,35.0,99400,2.00,6.00,9.00,11.0,0.0495,0
2023-05-29 22:59:56,1685415596,11.9,35.4,99407,1.00,5.00,9.00,10.0,0.0622,0
2023-05-29 23:04:41,1685415881,11.8,35.5,99400,2.00,3.00,5.00,6.00,0.0208,0
2023-05-29 23:09:47,1685416187,11.7,35.9,99487,2.00,4.00,7.00,8.00,0.0143,0
2023-05-29 23:14:52,1685416493,11.7,36.4,99500,1.00,5.00,8.00,10.0,0.0145,0
2023-05-29 23:19:58,1685416798,11.6,36.6,99500,1.00,3.00,5.00,6.00,0.0141,0
2023-05-29 23:24:43,1685417084,11.5,36.5,99500,1.00,4.00,7.00,8.00,0.0166,0
2023-05-29 23:29:49,1685417390,11.4,36.5,99500,2.00,3.00,4.00,5.00,0.0171,0
2023-05-29 23:34:55,1685417695,11.3,36.9,99500,2.00,4.00,7.00,9.00,0.0119,0
2023-05-29 23:39:41,1685417981,11.2,37.3,99500,2.00,4.00,5.00,6.00,0.0157,0
2023-05-29 23:44:47,1685418287,11.1,37.6,99500,2.00,2.00,4.00,4.00,0.0253,0
2023-05-29 23:49:52,1685418593,11.0,37.8,99500,1.00,5.00,8.00,9.00,0.0235,0
2023-05-29 23:54:58,1685418899,10.9,38.0,99493,2.00,11.0,18.0,22.0,0.0622,0
2023-05-29 23:59:44,1685419185,10.8,38.0,99500,1.00,5.00,8.00,9.00,0.0868,0
2023-05-30 00:04:50,1685419491,10.7,38.2,99447,2.00,3.00,5.00,6.00,0.0411,0
2023-05-30 00:09:56,1685419797,10.7,38.7,99400,2.00,4.00,5.00,6.00,0.0397,0
2023-05-30 00:14:42,1685420082,10.6,38.1,99400,1.00,2.00,4.00,4.00,0.0223,0
2023-05-30 00:19:48,1685420389,10.5,38.0,99400,1.00,3.00,5.00,6.00,0.00998,0
2023-05-30 00:24:54,1685420695,10.5,38.4,99400,2.00,7.00,10.0,12.0,0.0112,0
2023-05-30 00:29:40,1685420980,10.4,38.7,99400,1.00,3.00,5.00,6.00,0.0164,0
2023-05-30 00:34:46,1685421286,10.4,38.7,99400,2.00,8.00,13.0,16.0,0.0189,0
2023-05-30 00:39:52,1685421593,10.3,39.0,99400,1.00,4.00,7.00,8.00,0.0260,0
2023-05-30 00:44:58,1685421899,10.2,39.2,99400,2.00,3.00,5.00,6.00,0.0277,0
2023-05-30 00:49:44,1685422185,10.2,39.3,99400,2.00,5.00,8.00,9.00,0.0268,0
2023-05-30 00:54:50,1685422491,10.1,39.6,99400,2.00,3.00,5.00,6.00,0.0152,0
2023-05-30 00:59:57,1685422797,10.0,39.9,99400,2.00,7.00,12.0,14.0,0.0532,0
2023-05-30 01:04:42,1685423083,10.0,40.7,99486,2.00,7.00,11.0,14.0,0.0532,0
2023-05-30 01:09:49,1685423389,9.93,40.1,99487,1.00,3.00,5.00,6.00,0.0454,0
2023-05-30 01:14:55,1685423696,9.92,40.1,99453,2.00,6.00,10.0,12.0,0.0454,0
2023-05-30 01:19:41,1685423981,9.92,40.5,99500,2.00,6.00,10.0,12.0,0.0296,0
2023-05-30 01:24:47,1685424288,9.88,40.6,99453,1.00,4.00,7.00,8.00,0.0491,0
2023-05-30 01:29:54,1685424594,9.83,40.3,99400,2.00,6.00,8.00,9.00,0.0489,1.47
2023-05-30 01:34:40,1685424880,9.84,40.3,99400,2.00,5.00,8.00,10.0,0.0433,1.47
2023-05-30 01:39:46,1685425186,9.84,40.9,99400,2.00,5.00,9.00,11.0,0.0248,1.19
2023-05-30 01:44:52,1685425493,9.79,41.0,99400,2.00,6.00,10.0,12.0,0.0391,0
2023-05-30 01:49:59,1685425799,9.74,40.8,99400,2.00,3.00,5.00,6.00,0.0404,0
2023-05-30 01:54:45,1685426085,9.71,40.3,99400,1.00,3.00,5.00,6.00,0.0678,0
2023-05-30 01:59:51,1685426392,9.72,40.9,99400,2.00,5.00,9.00,11.0,0.0728,0
2023-05-30 02:04:57,1685426698,9.67,40.7,99400,1.00,5.00,8.00,9.00,0.0343,0
2023-05-30 02:09:43,1685426984,9.63,40.2,99400,1.00,5.00,9.00,10.0,0.0307,0
2023-05-30 02:14:50,1685427291,9.61,40.5,99400,1.00,4.00,7.00,9.00,0.0309,0
2023-05-30 02:19:57,1685427597,9.56,41.0,99400,2.00,7.00,11.0,13.0,0.0412,0
2023-05-30 02:24:43,1685427883,9.48,40.7,99400,2.00,4.00,5.00,6.00,0.0412,0
2023-05-30 02:29:49,1685428189,9.47,41.1,99400,2.00,5.00,8.00,9.00,0.0321,0
2023-05-30 02:34:55,1685428496,9.44,41.4,99400,1.00,6.00,9.00,11.0,0.0216,0
2023-05-30 02:39:42,1685428782,9.41,41.5,99400,2.00,4.00,5.00,6.00,0.0216,0
2023-05-30 02:44:48,1685429089,9.38,41.6,99400,1.00,3.00,5.00,6.00,0.0155,0
2023-05-30 02:49:55,1685429395,9.38,41.8,99400,2.00,5.00,8.00,10.0,0.0150,0
2023-05-30 02:54:41,1685429681,9.36,41.4,99400,2.00,4.00,6.00,7.00,0.0202,0
2023-05-30 02:59:47,1685429988,9.35,41.0,99400,2.00,4.00,5.00,6.00,0.0252,0
2023-05-30 03:04:54,1685430294,9.33,41.2,99400,1.00,3.00,5.00,6.00,0.0252,0
2023-05-30 03:09:40,1685430581,9.34,41.4,99400,2.00,5.00,8.00,9.00,0.0191,0
2023-05-30 03:14:47,1685430887,9.36,42.0,99400,4.00,7.00,9.00,11.0,0.0167,0
2023-05-30 03:19:53,1685431194,9.35,41.3,99400,2.00,4.00,5.00,6.00,0.0206,0
2023-05-30 03:24:39,1685431480,9.37,41.4,99400,1.00,6.00,10.0,12.0,0.0170,0
2023-05-30 03:29:46,1685431787,9.39,41.2,99400,2.00,3.00,5.00,6.00,0.0198,0
2023-05-30 03:34:53,1685432093,9.41,41.2,99400,2.00,3.00,5.00,6.00,0.0195,0
2023-05-30 03:39:59,1685432400,9.43,41.6,99400,2.00,6.00,10.0,12.0,0.0284,0
2023-05-30 03:44:45,1685432686,9.40,41.3,99400,2.00,3.00,5.00,6.00,0.0284,0
2023-05-30 03:49:52,1685432992,9.37,41.5,99400,2.00,7.00,12.0,14.0,0.0272,0
2023-05-30 03:54:58,1685433299,9.33,41.4,99400,2.00,7.00,12.0,14.0,0.0515,0
2023-05-30 03:59:45,1685433585,9.30,41.9,99400,1.00,5.00,8.00,9.00,0.0522,0
2023-05-30 04:04:51,1685433892,9.26,42.2,99400,1.00,3.00,4.00,5.00,0.111,0
2023-05-30 04:09:58,1685434199,9.21,42.0,99400,2.00,6.00,10.0,12.0,0.0750,0
2023-05-30 04:14:44,1685434485,9.21,42.6,99400,2.00,3.00,5.00,6.00,0.0363,0
2023-05-30 04:19:51,1685434791,9.16,42.4,99400,1.00,6.00,10.0,12.0,0.0393,0
2023-05-30 04:24:58,1685435098,9.14,42.4,99400,2.00,4.00,6.00,7.00,0.0250,0
2023-05-30 04:29:44,1685435384,9.15,42.6,99400,1e-7,3.00,4.00,5.00,0.0311,0
2023-05-30 04:34:50,1685435691,9.11,42.9,99400,1.00,3.00,5.00,6.00,0.0419,0
2023-05-30 04:39:57,1685435998,9.03,42.8,99400,2.00,6.00,10.0,12.0,0.0368,0
2023-05-30 04:44:43,1685436284,8.94,43.1,99400,2.00,6.00,10.0,12.0,0.0626,0
2023-05-30 04:49:50,1685436591,8.86,43.2,99400,2.00,3.00,5.00,6.00,0.0359,0
2023-05-30 04:54:57,1685436897,8.81,43.3,99400,2.00,5.00,6.00,7.00,0.0540,0
2023-05-30 04:59:43,1685437184,8.76,43.5,99400,2.00,5.00,7.00,9.00,0.0110,0
2023-05-30 05:04:50,1685437490,8.72,43.9,99400,2.00,8.00,12.0,15.0,0.0120,0
2023-05-30 05:09:57,1685437797,8.73,44.1,99400,2.00,4.00,6.00,7.00,0.0219,0
2023-05-30 05:14:43,1685438083,8.78,44.4,99400,2.00,3.00,5.00,6.00,0.0378,0
2023-05-30 05:19:50,1685438390,8.82,44.3,99400,2.00,4.00,7.00,9.00,0.0379,0
2023-05-30 05:24:56,1685438697,8.86,44.6,99400,2.00,6.00,10.0,12.0,0.0595,0
2023-05-30 05:29:43,1685438983,8.93,44.7,99400,2.00,5.00,8.00,9.00,0.0653,0
2023-05-30 05:34:49,1685439290,9.01,44.9,99400,2.00,5.00,7.00,8.00,0.0205,1.17
2023-05-30 05:39:56,1685439596,9.13,45.2,99400,2.00,5.00,8.00,10.0,0.0220,1.17
2023-05-30 05:44:42,1685439882,9.30,45.3,99400,1.00,2.00,4.00,5.00,0.0324,0
2023-05-30 05:49:48,1685440188,9.47,45.4,99433,2.00,6.00,9.00,11.0,0.0324,0
2023-05-30 05:54:54,1685440495,9.64,45.1,99420,2.00,9.00,15.0,17.0,0.0231,0
2023-05-30 05:59:40,1685440780,9.83,45.0,99450,2.00,4.00,7.00,8.00,0.0273,0
2023-05-30 06:04:46,1685441086,10.0,44.8,99413,2.00,3.00,5.00,5.00,0.0254,0
2023-05-30 06:09:52,1685441392,10.3,45.0,99440,1.00,5.00,8.00,9.00,0.0449,0
2023-05-30 06:14:57,1685441697,10.4,45.1,99500,2.00,5.00,9.00,11.0,0.0212,0
2023-05-30 06:19:42,1685441983,10.7,45.1,99500,2.00,5.00,8.00,9.00,0.0405,0
2023-05-30 06:24:48,1685442288,11.0,44.9,99500,4.00,4.00,7.00,9.00,0.0405,0
2023-05-30 06:29:53,1685442594,11.3,45.3,99500,2.00,3.00,5.00,6.00,0.0371,0
2023-05-30 06:34:59,1685442899,11.7,45.0,99500,2.00,7.00,12.0,14.0,0.0395,0
2023-05-30 06:39:44,1685443184,12.0,44.7,99500,2.00,8.00,14.0,16.0,0.0366,0
2023-05-30 06:44:46,1685443486,12.4,44.4,99500,3.00,7.00,10.0,12.0,0.0159,0
2023-05-30 06:49:51,1685443791,12.8,43.8,99500,2.00,5.00,7.00,8.00,0.0745,0
2023-05-30 06:54:56,1685444096,13.3,43.8,99500,2.00,3.00,5.00,6.00,0.0745,0
2023-05-30 06:59:40,1685444381,13.7,42.9,99500,2.00,4.00,5.00,5.00,0.0250,0
2023-05-30 07:04:45,1685444685,14.2,41.9,99500,2.00,4.00,7.00,9.00,0.0170,0
2023-05-30 07:09:49,1685444990,14.8,41.0,99500,3.00,4.00,5.00,6.00,0.0185,0
2023-05-30 07:14:53,1685445294,15.4,39.5,99500,2.00,5.00,7.00,9.00,0.0224,0
2023-05-30 07:19:57,1685445598,16.1,38.0,99500,2.00,5.00,8.00,9.00,0.0293,0
2023-05-30 07:24:41,1685445881,16.8,37.5,99500,2.00,8.00,14.0,17.0,0.0149,0
2023-05-30 07:29:44,1685446184,17.3,35.8,99500,2.00,4.00,7.00,9.00,0.0172,0
2023-05-30 07:34:49,1685446489,18.0,35.2,99500,2.00,8.00,13.0,16.0,0.0263,0
2023-05-30 07:39:51,1685446792,18.6,33.9,99500,2.00,4.00,6.00,7.00,0.0331,0
2023-05-30 07:44:54,1685447094,19.2,33.3,99500,2.00,4.00,5.00,6.00,0.0467,0
2023-05-30 07:49:56,1685447397,19.8,32.9,99500,3.00,7.00,11.0,13.0,0.0180,0
2023-05-30 07:54:58,1685447699,20.4,32.3,99500,2.00,8.00,12.0,15.0,0.0421,0
2023-05-30 07:57:59,1685447880,20.9,30.8,99500,2.00,4.00,5.00,6.00,0.0591,0
2023-05-30 08:39:53,1685450393,24.6,25.7,99500,2.00,3.00,4.00,5.00,0.0190,0
2023-05-30 08:43:32,1685450613,24.8,25.3,99500,2.00,4.00,5.00,6.00,,
2023-05-30 08:54:56,1685451297,25.9,23.5,99400,1e-7,1.00,1.00,2.00,,
2023-05-30 08:58:16,1685451496,26.0,23.3,99410,2.00,5.00,8.00,10.0,,
2023-05-30 09:14:36,1685452477,27.2,21.2,99400,1.00,2.00,3.00,3.00,,
2023-05-30 09:23:44,1685453025,27.5,20.8,99400,3.00,6.00,9.00,10.0,,
2023-05-30 09:34:45,1685453686,27.8,20.3,99400,2.00,4.00,6.00,7.00,,
2023-05-30 09:39:44,1685453985,27.9,19.9,99400,4.00,7.00,12.0,14.0,0.0279,0
2023-05-30 09:44:44,1685454284,27.8,19.9,99400,5.00,20.0,33.0,39.0,0.168,0
2023-05-30 09:49:43,1685454583,27.7,19.6,99400,1.00,4.00,7.00,8.00,0.241,0
2023-05-30 09:54:42,1685454883,27.5,19.6,99400,3.00,9.00,14.0,16.0,0.305,0
2023-05-30 09:59:42,1685455182,27.3,19.3,99400,6.00,18.0,28.0,32.0,0.272,0
2023-05-30 10:04:41,1685455482,27.0,19.5,99400,2.00,4.00,7.00,8.00,0.174,0
2023-05-30 10:09:41,1685455781,26.9,19.7,99400,2.00,4.00,5.00,6.00,0.174,0
2023-05-30 10:14:41,1685456081,26.9,20.1,99400,2.00,5.00,7.00,8.00,0.0563,0
2023-05-30 10:19:40,1685456381,27.1,19.9,99400,2.00,5.00,7.00,8.00,0.0141,0
2023-05-30 10:24:40,1685456681,27.4,20.2,99400,4.00,11.0,18.0,21.0,0.0165,0
2023-05-30 10:29:40,1685456980,27.5,19.9,99400,2.00,5.00,7.00,8.00,0.0287,0
2023-05-30 10:34:59,1685457300,27.8,19.9,99400,2.00,4.00,5.00,5.00,0.0325,0
2023-05-30 10:39:58,1685457599,28.1,19.7,99400,2.00,9.00,15.0,18.0,0.0416,0
2023-05-30 10:44:58,1685457898,28.3,19.3,99400,2.00,5.00,8.00,9.00,0.0434,0
2023-05-30 10:49:57,1685458198,28.3,19.1,99400,2.00,3.00,4.00,5.00,0.0503,0
2023-05-30 10:54:57,1685458497,28.3,19.2,99400,2.00,5.00,8.00,9.00,0.0507,0
2023-05-30 10:59:56,1685458797,28.5,18.8,99400,3.00,8.00,13.0,16.0,0.0442,0
2023-05-30 11:04:56,1685459096,28.5,18.6,99400,3.00,6.00,8.00,10.0,0.0558,0
2023-05-30 11:09:55,1685459396,28.6,18.3,99400,4.00,10.0,15.0,17.0,0.0249,0
2023-05-30 11:14:54,1685459695,28.8,18.2,99400,3.00,8.00,12.0,14.0,0.0288,0
2023-05-30 11:19:54,1685459994,28.9,17.7,99400,3.00,8.00,13.0,15.0,0.0424,0
2023-05-30 11:24:53,1685460293,28.9,17.6,99400,3.00,5.00,8.00,9.00,0.0608,0
2023-05-30 11:29:32,1685460573,29.0,17.7,99386,3.00,7.00,10.0,12.0,0.0371,0
2023-05-30 11:44:40,1685461481,29.4,17.7,99300,2.00,5.00,9.00,11.0,0.0205,0
2023-05-30 11:49:55,1685461796,29.4,17.8,99300,3.00,4.00,6.00,7.00,0.0205,0
2023-05-30 11:54:54,1685462094,29.4,17.7,99300,4.00,8.00,12.0,14.0,0.0130,0
2023-05-30 11:55:33,1685462134,29.4,17.4,99300,2.00,2.00,3.00,3.00,0.0104,0
2023-05-30 12:19:49,1685463590,29.8,16.4,99300,3.00,4.00,4.00,4.00,0.0104,0
2023-05-30 12:24:47,1685463888,30.0,16.5,99300,3.00,4.00,5.00,6.00,,
2023-05-30 12:29:46,1685464186,30.2,16.1,99300,3.00,6.00,9.00,10.0,,
2023-05-30 12:34:44,1685464484,30.4,16.3,99300,3.00,4.00,7.00,8.00,0.0157,0
2023-05-30 12:39:41,1685464782,30.6,16.3,99300,6.00,21.0,34.0,40.0,0.0217,0
2023-05-30 12:44:59,1685465100,30.9,16.3,99300,6.00,22.0,35.0,42.0,0.133,0
2023-05-30 12:49:57,1685465397,31.0,15.8,99300,5.00,8.00,10.0,12.0,0.163,0
2023-05-30 12:54:54,1685465695,31.0,15.9,99300,3.00,6.00,9.00,10.0,0.103,0
2023-05-30 12:59:52,1685465992,31.1,15.9,99300,4.00,7.00,10.0,12.0,0.0188,0
2023-05-30 13:04:49,1685466290,31.4,15.2,99300,20.0,67.0,106,125,0.207,0
2023-05-30 13:09:46,1685466587,31.5,14.6,99267,2.00,4.00,5.00,6.00,0.209,0
2023-05-30 13:14:43,1685466884,31.9,14.3,99227,2.00,3.00,4.00,4.00,0.235,0
2023-05-30 13:19:41,1685467181,32.5,13.4,99220,2.00,3.00,5.00,6.00,0.214,0
2023-05-30 13:24:57,1685467498,32.8,12.8,99200,2.00,3.00,4.00,5.00,0.0114,0
2023-05-30 13:29:54,1685467795,32.9,12.9,99200,2.00,6.00,10.0,11.0,0.0275,0
2023-05-30 13:34:51,1685468091,33.1,12.1,99200,2.00,3.00,5.00,6.00,0.0302,0
2023-05-30 13:39:47,1685468388,33.1,12.9,99200,2.00,3.00,4.00,4.00,0.0343,0
2023-05-30 13:44:44,1685468684,33.5,12.3,99200,5.00,9.00,12.0,13.0,0.0163,0
2023-05-30 13:49:40,1685468981,33.8,12.1,99200,4.00,5.00,7.00,9.00,0.0167,0
2023-05-30 13:54:56,1685469297,34.2,11.9,99200,2.00,4.00,6.00,7.00,0.0255,0
2023-05-30 13:59:53,1685469593,34.7,11.2,99200,2.00,7.00,11.0,12.0,0.0237,0
2023-05-30 14:04:49,1685469889,34.7,11.2,99200,4.00,5.00,9.00,10.0,0.0363,0
2023-05-30 14:09:45,1685470186,34.6,10.8,99200,21.0,62.0,95.0,111,0.150,0
2023-05-30 14:14:41,1685470482,34.7,10.6,99200,2.00,5.00,7.00,8.00,0.156,0
2023-05-30 14:19:57,1685470798,35.1,10.2,99200,2.00,5.00,8.00,9.00,0.157,0
2023-05-30 14:24:53,1685471094,35.4,9.93,99200,3.00,6.00,9.00,10.0,0.0134,0
2023-05-30 14:29:49,1685471389,35.9,9.99,99200,2.00,4.00,7.00,9.00,0.0411,0
2023-05-30 14:34:44,1685471685,36.4,9.53,99200,3.00,3.00,3.00,4.00,0.0244,0
2023-05-30 14:39:59,1685472000,36.4,9.47,99200,3.00,5.00,8.00,9.00,0.0151,0
2023-05-30 14:44:55,1685472295,36.6,9.45,99200,2.00,6.00,9.00,11.0,0.0399,0
2023-05-30 14:49:50,1685472590,37.0,9.00,99200,2.00,5.00,7.00,9.00,0.0391,0
2023-05-30 14:54:45,1685472885,37.4,8.59,99200,2.00,7.00,11.0,13.0,0.0463,0
2023-05-30 14:59:59,1685473200,37.7,8.18,99150,2.00,5.00,7.00,9.00,0.0458,0
2023-05-30 15:04:54,1685473495,38.1,8.10,99100,4.00,4.00,4.00,4.00,0.0458,0
2023-05-30 15:09:49,1685473790,38.1,7.63,99100,2.00,7.00,11.0,13.0,0.0139,0
2023-05-30 15:14:44,1685474084,38.2,7.94,99100,3.00,7.00,10.0,12.0,0.0357,0
2023-05-30 15:19:58,1685474399,38.4,7.49,99100,4.00,5.00,6.00,7.00,0.0356,0
2023-05-30 15:24:53,1685474693,38.9,7.11,99100,2.00,4.00,7.00,8.00,0.0273,0
2023-05-30 15:29:47,1685474988,39.2,6.92,99100,2.00,3.00,5.00,6.00,0.0148,0
2023-05-30 15:34:41,1685475282,39.4,6.94,99100,2.00,3.00,4.00,5.00,0.0216,0
2023-05-30 15:39:55,1685475596,39.8,6.43,99100,2.00,9.00,15.0,17.0,0.0185,0
2023-05-30 15:44:49,1685475890,39.8,6.20,99100,3.00,3.00,5.00,5.00,0.0185,0
2023-05-30 15:49:43,1685476184,39.8,6.54,99100,3.00,5.00,9.00,11.0,0.0127,0
2023-05-30 15:54:57,1685476498,40.4,5.96,99100,17.0,60.0,96.0,113,0.268,0
2023-05-30 15:59:51,1685476791,40.4,6.11,99100,2.00,4.00,6.00,7.00,0.282,0
2023-05-30 16:04:45,1685477085,40.5,5.81,99100,3.00,5.00,7.00,8.00,0.300,0
2023-05-30 16:09:58,1685477399,40.7,5.77,99100,3.00,9.00,14.0,17.0,0.275,0
2023-05-30 16:14:52,1685477693,40.8,5.65,99100,2.00,4.00,6.00,7.00,0.0409,0
2023-05-30 16:19:46,1685477987,40.6,5.73,99100,3.00,8.00,13.0,16.0,0.0373,0
2023-05-30 16:24:40,1685478280,40.6,5.95,99100,3.00,5.00,7.00,7.00,0.0161,0
2023-05-30 16:29:53,1685478594,40.9,5.39,99100,3.00,6.00,7.00,8.00,0.0306,0
2023-05-30 16:34:47,1685478888,41.1,5.25,99100,2.00,4.00,7.00,9.00,0.0214,0
2023-05-30 16:39:41,1685479182,41.1,5.62,99100,2.00,5.00,7.00,8.00,0.0228,0
2023-05-30 16:44:54,1685479495,40.8,5.58,99100,2.00,3.00,4.00,5.00,0.0274,0
2023-05-30 16:49:49,1685479789,40.3,5.73,99100,2.00,7.00,10.0,12.0,0.0208,0
2023-05-30 16:54:43,1685480083,39.9,5.99,99100,3.00,7.00,10.0,12.0,0.0388,0
2023-05-30 16:55:22,1685480123,39.8,5.96,99100,2.00,6.00,11.0,13.0,0.0189,0
2023-05-30 17:04:53,1685480693,38.9,6.65,99100,2.00,3.00,4.00,4.00,0.0115,0
2023-05-30 17:09:47,1685480988,39.4,6.61,99100,3.00,6.00,9.00,11.0,0.0268,0
2023-05-30 17:14:42,1685481282,39.6,6.77,99100,3.00,6.00,8.00,10.0,0.0151,0
2023-05-30 17:19:56,1685481597,38.9,7.18,99100,2.00,7.00,11.0,13.0,0.0120,0
2023-05-30 17:24:51,1685481892,38.6,7.16,99027,2.00,6.00,9.00,10.0,0.0173,0
2023-05-30 17:29:51,1685482192,38.4,7.32,99027,3.00,5.00,6.00,7.00,0.0280,0
2023-05-30 17:34:46,1685482486,38.4,7.57,99033,4.00,6.00,9.00,11.0,0.0130,0
2023-05-30 17:39:40,1685482781,38.9,7.45,99000,3.00,4.00,5.00,6.00,0.0138,0
2023-05-30 17:44:54,1685483094,39.2,7.30,99000,2.00,5.00,7.00,7.00,0.0139,0
2023-05-30 17:49:48,1685483388,39.3,7.20,99000,2.00,5.00,6.00,7.00,0.0119,0
2023-05-30 17:54:42,1685483682,39.1,6.91,99000,2.00,4.00,7.00,9.00,0.0130,0
2023-05-30 17:59:56,1685483996,39.0,7.52,99006,3.00,4.00,5.00,6.00,0.0166,0
2023-05-30 18:02:12,1685484133,38.8,7.54,99000,2.00,3.00,4.00,5.00,0.0120,0
2023-05-30 18:09:42,1685484582,38.3,7.58,99000,2.00,3.00,5.00,6.00,0.0105,0
2023-05-30 18:14:56,1685484897,37.9,7.87,99000,4.00,7.00,11.0,12.0,0.0134,0
2023-05-30 18:19:51,1685485192,37.2,8.25,99000,4.00,8.00,10.0,12.0,0.0174,0
2023-05-30 18:24:54,1685485494,36.5,8.69,99000,2.00,5.00,7.00,8.00,0.0174,0
2023-05-30 18:29:49,1685485790,35.7,9.05,99000,3.00,10.0,16.0,19.0,0.0788,0
2023-05-30 18:34:45,1685486086,34.7,10.2,99000,2.00,4.00,6.00,7.00,0.0571,0
2023-05-30 18:39:42,1685486382,33.7,12.1,99013,4.00,13.0,20.0,24.0,0.0544,0
2023-05-30 18:44:59,1685486699,32.7,13.6,99000,3.00,4.00,7.00,9.00,0.0357,0
2023-05-30 18:49:56,1685486996,32.0,14.3,99000,4.00,6.00,7.00,8.00,0.0369,0
2023-05-30 18:54:54,1685487294,31.0,15.1,99000,2.00,5.00,7.00,8.00,0.0229,0
2023-05-30 18:59:52,1685487592,30.2,15.6,99000,2.00,5.00,7.00,9.00,0.0141,0
2023-05-30 19:04:50,1685487890,29.6,16.1,99000,3.00,7.00,11.0,13.0,0.0170,0
2023-05-30 19:09:48,1685488189,29.1,16.5,99000,4.00,4.00,4.00,4.00,0.0258,0
2023-05-30 19:14:47,1685488488,28.5,17.2,99000,3.00,5.00,7.00,8.00,0.0183,0
2023-05-30 19:19:46,1685488787,27.8,17.9,99000,2.00,7.00,11.0,13.0,0.0450,0
2023-05-30 19:24:46,1685489086,27.3,18.6,99000,4.00,15.0,24.0,28.0,0.0414,0
2023-05-30 19:29:45,1685489386,26.7,19.5,99000,4.00,6.00,7.00,7.00,0.0221,0
2023-05-30 19:34:45,1685489685,26.2,20.5,99000,2.00,4.00,6.00,7.00,0.0418,0
2023-05-30 19:39:45,1685489985,25.6,21.1,99000,3.00,5.00,6.00,7.00,0.0377,0
2023-05-30 19:44:45,1685490286,25.1,22.0,99093,4.00,6.00,9.00,10.0,0.0127,0
2023-05-30 19:49:45,1685490586,24.6,22.5,99100,4.00,6.00,8.00,9.00,0.0406,0
2023-05-30 19:54:46,1685490887,24.1,23.0,99080,2.00,6.00,8.00,10.0,0.0372,0
2023-05-30 19:59:47,1685491187,23.7,23.8,99100,3.00,7.00,11.0,13.0,0.0278,0
2023-05-30 20:04:48,1685491488,23.3,24.6,99087,4.00,8.00,11.0,12.0,0.0637,0
2023-05-30 20:09:49,1685491789,22.9,25.3,99080,2.00,8.00,13.0,16.0,0.0637,0
2023-05-30 20:14:50,1685492091,22.5,25.9,99060,4.00,6.00,8.00,8.00,0.0429,0
2023-05-30 20:19:52,1685492392,22.2,26.5,99100,3.00,6.00,10.0,12.0,0.0346,0
2023-05-30 20:24:53,1685492694,21.8,27.1,99100,3.00,6.00,10.0,11.0,0.0459,0
2023-05-30 20:29:55,1685492996,21.4,27.6,99100,3.00,8.00,13.0,16.0,0.0468,0
2023-05-30 20:34:57,1685493298,21.2,28.4,99100,5.00,8.00,12.0,14.0,0.0468,0
2023-05-30 20:39:59,1685493600,20.9,28.7,99100,2.00,5.00,7.00,8.00,0.0235,0
2023-05-30 20:44:41,1685493881,20.7,28.3,99100,3.00,5.00,7.00,9.00,0.0573,0
2023-05-30 20:49:43,1685494184,20.5,28.3,99100,2.00,4.00,7.00,8.00,0.0392,0
2023-05-30 20:54:46,1685494486,20.4,28.1,99100,3.00,6.00,9.00,10.0,0.0150,0
2023-05-30 20:59:48,1685494788,20.2,28.3,99100,4.00,5.00,7.00,8.00,0.0211,0
2023-05-30 21:04:50,1685495091,20.1,28.5,99100,4.00,6.00,8.00,9.00,0.0233,0
2023-05-30 21:09:53,1685495393,19.9,28.7,99100,3.00,5.00,7.00,8.00,0.0235,0
2023-05-30 21:14:55,1685495696,19.7,29.0,99100,5.00,8.00,10.0,11.0,0.0510,0
2023-05-30 21:19:58,1685495999,19.5,29.1,99100,3.00,4.00,5.00,6.00,0.0492,0
2023-05-30 21:24:41,1685496281,19.4,29.2,99100,2.00,3.00,5.00,6.00,0.0274,0
2023-05-30 21:29:43,1685496584,19.3,28.9,99100,3.00,4.00,7.00,8.00,0.0242,0
2023-05-30 21:34:46,1685496886,19.2,28.8,99100,2.00,6.00,9.00,11.0,0.0192,0
2023-05-30 21:39:49,1685497189,19.2,28.7,99100,3.00,6.00,10.0,12.0,0.0146,0
2023-05-30 21:44:51,1685497492,19.2,28.4,99100,4.00,12.0,18.0,22.0,0.0446,0
2023-05-30 21:49:54,1685497795,19.2,28.0,99100,3.00,8.00,11.0,13.0,0.0486,0
2023-05-30 21:54:57,1685498097,19.2,28.0,99100,2.00,7.00,11.0,13.0,0.0283,0
2023-05-30 21:59:40,1685498380,19.2,28.3,99100,2.00,9.00,14.0,17.0,0.0268,0
2023-05-30 22:04:43,1685498683,19.1,28.5,99100,4.00,6.00,10.0,12.0,0.0367,0
2023-05-30 22:09:45,1685498986,19.1,28.6,99100,2.00,6.00,10.0,12.0,0.0407,0
2023-05-30 22:14:48,1685499289,19.0,28.4,99100,4.00,4.00,6.00,7.00,0.0378,0
2023-05-30 22:19:51,1685499592,18.9,28.8,99100,4.00,12.0,19.0,23.0,0.0214,0
2023-05-30 22:24:54,1685499895,18.8,29.8,99100,4.00,10.0,15.0,17.0,0.0393,0
2023-05-30 22:29:57,1685500198,18.6,30.5,99100,4.00,7.00,11.0,13.0,0.0707,0
2023-05-30 22:34:40,1685500481,18.4,30.8,99100,3.00,4.00,5.00,6.00,0.0137,0
2023-05-30 22:39:44,1685500784,18.2,31.3,99100,3.00,3.00,4.00,5.00,0.0732,0
2023-05-30 22:44:47,1685501087,18.0,31.8,99100,3.00,3.00,5.00,6.00,0.0732,0
2023-05-30 22:49:50,1685501391,17.9,32.0,99100,2.00,7.00,11.0,13.0,0.0145,0
2023-05-30 22:54:53,1685501694,17.9,31.8,99100,5.00,10.0,16.0,19.0,0.0751,0
2023-05-30 22:59:57,1685501997,17.8,31.9,99100,2.00,4.00,6.00,7.00,0.0751,0
2023-05-30 23:04:40,1685502280,17.9,32.2,99100,2.00,4.00,7.00,9.00,0.0409,0
2023-05-30 23:09:43,1685502583,18.0,32.1,99100,4.00,9.00,15.0,17.0,0.0308,0
2023-05-30 23:14:46,1685502887,18.1,32.2,99100,2.00,4.00,5.00,6.00,0.0325,0
2023-05-30 23:19:49,1685503190,18.2,31.8,99100,2.00,5.00,8.00,9.00,0.0599,0
2023-05-30 23:24:53,1685503493,18.3,31.9,99100,3.00,5.00,8.00,10.0,0.0284,0
2023-05-30 23:29:56,1685503796,18.3,32.1,99127,4.00,8.00,11.0,12.0,0.0249,0
2023-05-30 23:34:59,1685504100,18.3,32.0,99113,4.00,13.0,20.0,23.0,0.0319,0
2023-05-30 23:39:42,1685504383,18.3,32.0,99136,4.00,8.00,10.0,12.0,0.0319,0
2023-05-30 23:44:45,1685504686,18.2,32.2,99107,2.00,5.00,7.00,8.00,0.0259,0
2023-05-30 23:49:49,1685504989,18.1,32.3,99100,2.00,5.00,8.00,10.0,0.0211,0
2023-05-30 23:54:52,1685505292,18.1,33.1,99100,2.00,5.00,7.00,8.00,0.0131,0
2023-05-30 23:59:55,1685505596,18.0,33.1,99100,2.00,5.00,7.00,9.00,0.0147,0
2023-05-31 00:04:58,1685505899,18.0,33.1,99100,2.00,6.00,9.00,10.0,0.0216,0
2023-05-31 00:09:41,1685506182,18.0,33.0,99100,3.00,6.00,8.00,10.0,0.0198,0
2023-05-31 00:14:45,1685506485,18.0,33.5,99100,4.00,5.00,7.00,8.00,0.0312,0
2023-05-31 00:19:48,1685506788,17.9,33.7,99100,4.00,9.00,13.0,14.0,0.0273,0
2023-05-31 00:24:51,1685507092,17.9,33.7,99100,4.00,6.00,9.00,10.0,0.0407,0
2023-05-31 00:29:55,1685507395,17.8,33.8,99100,5.00,6.00,6.00,7.00,0.0454,0
2023-05-31 00:34:58,1685507699,17.6,33.8,99100,2.00,5.00,8.00,10.0,0.0378,0
2023-05-31 00:39:41,1685507982,17.4,33.9,99100,5.00,5.00,7.00,9.00,0.0202,0
2023-05-31 00:44:45,1685508285,17.3,34.2,99100,3.00,6.00,8.00,10.0,0.0165,0
2023-05-31 00:49:49,1685508589,17.0,34.7,99100,4.00,5.00,7.00,8.00,0.0195,0
2023-05-31 00:54:52,1685508893,16.9,35.1,99100,5.00,6.00,9.00,11.0,0.0226,0
2023-05-31 00:59:56,1685509197,16.6,35.4,99100,3.00,7.00,11.0,13.0,0.0369,0
2023-05-31 01:04:39,1685509480,16.5,35.8,99100,5.00,10.0,15.0,18.0,0.0135,0
2023-05-31 01:09:43,1685509784,16.3,36.3,99100,5.00,6.00,10.0,12.0,0.0253,0
2023-05-31 01:14:47,1685510088,16.2,36.7,99100,5.00,6.00,6.00,6.00,0.0610,0
2023-05-31 01:19:51,1685510391,16.0,37.0,99100,5.00,6.00,7.00,8.00,0.0610,0
2023-05-31 01:24:55,1685510696,15.9,37.5,99100,3.00,8.00,13.0,15.0,0.0149,0
2023-05-31 01:29:59,1685511000,15.8,38.1,99100,7.00,7.00,8.00,10.0,0.0356,0
2023-05-31 01:34:43,1685511283,15.7,38.5,99100,4.00,6.00,10.0,12.0,0.0356,0
2023-05-31 01:39:47,1685511588,15.5,38.9,99100,4.00,7.00,10.0,12.0,0.0154,0
2023-05-31 01:44:52,1685511892,15.4,39.5,99100,5.00,6.00,6.00,7.00,0.0259,0
2023-05-31 01:49:56,1685512197,15.3,40.2,99133,3.00,4.00,6.00,7.00,0.0259,0
2023-05-31 01:54:40,1685512481,15.2,40.8,99164,5.00,7.00,10.0,11.0,0.0291,0
2023-05-31 01:59:45,1685512785,15.1,41.2,99193,5.00,8.00,12.0,14.0,0.0195,0
2023-05-31 02:04:49,1685513090,15.0,41.8,99200,6.00,8.00,11.0,13.0,0.0663,0
2023-05-31 02:09:53,1685513394,15.0,42.1,99200,5.00,8.00,13.0,15.0,0.0693,0
2023-05-31 02:14:58,1685513698,14.9,42.7,99200,5.00,6.00,6.00,7.00,0.0351,0
2023-05-31 02:19:42,1685513983,14.8,43.1,99200,8.00,16.0,22.0,25.0,0.0351,0
2023-05-31 02:24:47,1685514287,14.7,43.2,99200,5.00,7.00,11.0,13.0,0.0435,0
2023-05-31 02:29:51,1685514592,14.6,43.1,99200,8.00,11.0,14.0,17.0,0.0216,0
2023-05-31 02:34:56,1685514896,14.6,43.2,99200,3.00,6.00,9.00,10.0,0.0290,0
2023-05-31 02:39:40,1685515181,14.5,44.0,99200,5.00,9.00,13.0,14.0,0.0290,0
2023-05-31 02:44:45,1685515485,14.4,44.3,99200,4.00,9.00,14.0,16.0,0.0208,0
2023-05-31 02:49:49,1685515790,14.4,44.3,99200,3.00,4.00,5.00,6.00,0.0272,0
2023-05-31 02:54:54,1685516095,14.3,44.1,99200,5.00,7.00,9.00,10.0,0.0435,0
2023-05-31 02:59:59,1685516399,14.2,44.7,99200,4.00,5.00,7.00,7.00,0.0179,0
2023-05-31 03:04:43,1685516683,14.2,45.2,99200,6.00,10.0,14.0,17.0,0.0233,0
2023-05-31 03:09:48,1685516988,14.1,45.8,99200,5.00,6.00,8.00,10.0,0.0614,0
2023-05-31 03:14:52,1685517293,14.1,45.7,99200,5.00,7.00,8.00,9.00,0.0297,0
2023-05-31 03:19:57,1685517598,14.0,45.6,99200,6.00,14.0,22.0,26.0,0.0309,0
2023-05-31 03:24:41,1685517882,14.0,46.3,99200,9.00,14.0,19.0,21.0,0.0323,0
2023-05-31 03:29:46,1685518187,13.9,46.8,99200,6.00,7.00,8.00,9.00,0.0242,0
2023-05-31 03:34:51,1685518492,13.9,46.7,99200,6.00,10.0,14.0,17.0,0.0381,0
2023-05-31 03:39:56,1685518796,13.9,46.6,99200,5.00,11.0,16.0,19.0,0.0208,0
2023-05-31 03:44:40,1685519081,13.8,46.9,99200,5.00,9.00,13.0,14.0,0.0165,0
2023-05-31 03:49:45,1685519386,13.8,47.3,99200,6.00,9.00,13.0,15.0,0.0169,0
2023-05-31 03:54:50,1685519691,13.8,47.5,99200,5.00,7.00,8.00,9.00,0.0215,0
2023-05-31 03:59:55,1685519996,13.7,47.1,99200,6.00,11.0,15.0,17.0,0.0224,0
2023-05-31 04:04:40,1685520280,13.6,47.2,99200,5.00,8.00,10.0,11.0,0.0327,0
2023-05-31 04:09:45,1685520585,13.6,48.0,99200,5.00,10.0,14.0,17.0,0.0327,0
2023-05-31 04:14:50,1685520890,13.5,48.4,99200,5.00,10.0,14.0,16.0,0.0303,0
2023-05-31 04:19:55,1685521195,13.5,48.6,99200,7.00,13.0,18.0,21.0,0.0353,0
2023-05-31 04:24:40,1685521480,13.5,49.1,99200,6.00,8.00,10.0,11.0,0.0235,0
2023-05-31 04:29:45,1685521785,13.5,49.2,99200,5.00,7.00,8.00,8.00,0.0352,0
2023-05-31 04:34:50,1685522090,13.5,49.4,99200,6.00,6.00,9.00,10.0,0.0338,0
2023-05-31 04:39:55,1685522395,13.5,48.5,99200,5.00,8.00,11.0,12.0,0.0282,0
2023-05-31 04:44:39,1685522680,13.5,48.4,99200,7.00,11.0,14.0,16.0,0.0225,0
2023-05-31 04:49:44,1685522985,13.4,48.4,99200,7.00,10.0,12.0,13.0,0.0157,0
2023-05-31 04:54:50,1685523290,13.4,48.8,99200,8.00,11.0,17.0,20.0,0.0622,0
2023-05-31 04:59:55,1685523595,13.4,49.6,99200,6.00,12.0,16.0,19.0,0.0785,0
2023-05-31 05:04:59,1685523900,13.4,49.7,99200,5.00,8.00,11.0,12.0,0.0394,0
2023-05-31 05:09:44,1685524185,13.4,49.7,99200,5.00,9.00,14.0,16.0,0.0261,0
2023-05-31 05:14:49,1685524490,13.4,50.2,99200,7.00,9.00,10.0,11.0,0.0172,0
2023-05-31 05:19:54,1685524794,13.4,50.6,99200,7.00,12.0,16.0,17.0,0.0425,0
2023-05-31 05:24:59,1685525099,13.5,49.9,99200,7.00,10.0,14.0,15.0,0.0200,0
2023-05-31 05:29:44,1685525384,13.5,49.5,99200,8.00,10.0,12.0,13.0,0.0333,0
2023-05-31 05:34:49,1685525689,13.6,49.5,99200,7.00,9.00,13.0,14.0,0.0314,0
2023-05-31 05:39:53,1685525994,13.6,49.9,99253,5.00,7.00,10.0,11.0,0.0503,0
2023-05-31 05:44:58,1685526299,13.8,49.5,99300,6.00,11.0,16.0,18.0,0.0485,0
2023-05-31 05:49:42,1685526583,13.9,49.5,99300,9.00,11.0,11.0,12.0,0.0485,0
2023-05-31 05:54:47,1685526887,14.0,49.5,99300,10.0,11.0,13.0,14.0,0.0227,0
2023-05-31 05:59:51,1685527192,14.2,50.2,99300,7.00,8.00,10.0,11.0,0.0399,0
2023-05-31 06:04:56,1685527497,14.4,50.2,99300,10.0,16.0,21.0,23.0,0.0399,0
2023-05-31 06:09:40,1685527781,14.6,49.7,99300,7.00,10.0,13.0,14.0,0.0552,0
2023-05-31 06:14:44,1685528085,14.8,49.7,99300,7.00,9.00,13.0,15.0,0.0705,0
2023-05-31 06:19:49,1685528389,15.0,50.0,99300,6.00,6.00,7.00,8.00,0.0320,0
2023-05-31 06:24:53,1685528693,15.3,49.7,99300,9.00,15.0,21.0,23.0,0.0223,0
2023-05-31 06:29:46,1685528986,15.6,49.3,99300,8.00,11.0,13.0,14.0,0.0222,0
2023-05-31 06:34:50,1685529290,15.9,49.0,99300,10.0,14.0,17.0,20.0,0.0631,0
2023-05-31 06:39:53,1685529594,16.3,49.0,99300,7.00,10.0,13.0,15.0,0.112,0
2023-05-31 06:44:57,1685529898,16.7,48.5,99300,7.00,13.0,19.0,22.0,0.0317,0
2023-05-31 06:49:40,1685530181,17.1,48.1,99300,7.00,12.0,15.0,17.0,0.0375,0
2023-05-31 06:54:41,1685530481,17.7,47.4,99300,10.0,14.0,16.0,18.0,0.0480,0
2023-05-31 06:59:44,1685530784,18.2,46.5,99300,6.00,8.00,10.0,12.0,0.0464,0
2023-05-31 07:00:04,1685530805,18.5,45.9,99300,3.00,5.00,7.00,8.00,0.0293,0
2023-05-31 07:14:53,1685531693,20.1,42.3,99300,7.00,10.0,12.0,13.0,0.0555,0
2023-05-31 07:19:55,1685531996,20.6,41.3,99300,5.00,9.00,13.0,14.0,0.0137,0
2023-05-31 07:24:57,1685532298,21.2,40.1,99300,5.00,7.00,9.00,10.0,0.0138,0
2023-05-31 07:29:59,1685532599,21.7,39.1,99300,8.00,10.0,13.0,15.0,0.0113,0
2023-05-31 07:34:40,1685532881,22.2,38.2,99300,4.00,6.00,8.00,8.00,0.0774,0
2023-05-31 07:39:41,1685533182,22.7,37.5,99300,7.00,12.0,16.0,18.0,0.0774,0
2023-05-31 07:44:42,1685533483,23.2,36.7,99300,6.00,10.0,14.0,16.0,0.0862,0
2023-05-31 07:49:43,1685533783,23.8,36.4,99300,4.00,5.00,7.00,8.00,0.0922,0
2023-05-31 07:54:43,1685534084,24.3,35.1,99300,5.00,9.00,12.0,14.0,0.0941,0
2023-05-31 07:58:43,1685534324,24.8,34.3,99300,5.00,7.00,8.00,9.00,0.0356,0
2023-05-31 08:39:58,1685536799,27.5,29.6,99300,6.00,8.00,9.00,10.0,,
2023-05-31 08:44:56,1685537096,27.7,29.3,99300,2.00,3.00,4.00,4.00,,
2023-05-31 08:48:51,1685537331,27.9,29.0,99300,7.00,7.00,9.00,10.0,,
2023-05-31 09:02:57,1685538177,29.0,28.3,99300,8.00,9.00,12.0,14.0,,
2023-05-31 09:19:59,1685539200,30.4,26.2,99300,8.00,11.0,13.0,14.0,,
2023-05-31 09:24:57,1685539497,30.5,25.3,99300,6.00,8.00,9.00,10.0,,
2023-05-31 09:29:54,1685539795,30.7,25.4,99300,7.00,7.00,7.00,7.00,0.0464,0
2023-05-31 09:34:52,1685540093,30.9,24.8,99300,5.00,6.00,7.00,8.00,0.0705,0
2023-05-31 09:39:50,1685540390,31.0,24.4,99300,5.00,7.00,8.00,8.00,0.0460,0
2023-05-31 09:44:48,1685540688,31.1,24.5,99300,33.0,105,165,194,0.190,0
2023-05-31 09:49:46,1685540986,31.1,24.2,99300,11.0,12.0,14.0,15.0,0.261,0
2023-05-31 09:54:44,1685541284,31.2,24.3,99300,6.00,6.00,7.00,7.00,0.243,0
2023-05-31 09:59:42,1685541582,31.3,23.7,99300,8.00,9.00,13.0,15.0,0.229,0
2023-05-31 10:04:40,1685541880,31.3,23.4,99300,10.0,12.0,14.0,15.0,0.0290,0
2023-05-31 10:09:57,1685542198,31.3,23.8,99300,16.0,47.0,71.0,83.0,0.228,0
2023-05-31 10:14:55,1685542496,31.4,23.3,99233,6.00,7.00,8.00,8.00,0.243,0
2023-05-31 10:19:53,1685542794,31.5,23.2,99200,5.00,8.00,11.0,12.0,0.350,0
2023-05-31 10:24:51,1685543092,31.6,22.5,99200,8.00,14.0,18.0,20.0,0.264,0
2023-05-31 10:29:49,1685543390,31.8,22.0,99200,8.00,9.00,10.0,11.0,0.0184,0
2023-05-31 10:34:47,1685543688,32.0,20.9,99200,10.0,16.0,19.0,21.0,0.0459,0
2023-05-31 10:39:45,1685543986,32.1,20.4,99200,9.00,15.0,19.0,21.0,0.0374,0
2023-05-31 10:44:43,1685544284,32.2,20.2,99200,36.0,126,200,236,0.0323,0
2023-05-31 10:49:41,1685544581,32.4,19.9,99200,8.00,11.0,16.0,18.0,0.0887,0
2023-05-31 10:54:58,1685544899,32.5,20.2,99200,7.00,10.0,12.0,12.0,0.0975,0
2023-05-31 10:59:56,1685545196,32.5,20.6,99200,5.00,6.00,8.00,9.00,0.0975,0
2023-05-31 11:04:57,1685545497,32.5,20.8,99200,6.00,8.00,10.0,10.0,0.0169,0
2023-05-31 11:09:54,1685545794,32.4,20.8,99200,7.00,8.00,10.0,10.0,0.0139,0
2023-05-31 11:12:12,1685545933,32.3,21.0,99200,5.00,5.00,5.00,5.00,0.0104,0
2023-05-31 11:19:40,1685546381,32.3,21.8,99200,6.00,8.00,9.00,10.0,0.0104,0
2023-05-31 11:24:57,1685546698,32.4,22.1,99200,8.00,8.00,8.00,8.00,0.0343,0
2023-05-31 11:29:54,1685546995,32.5,22.0,99200,6.00,12.0,17.0,20.0,0.0233,0
2023-05-31 11:34:51,1685547292,32.4,21.9,99200,7.00,9.00,12.0,13.0,0.0594,0
2023-05-31 11:39:49,1685547589,32.4,21.9,99200,9.00,12.0,15.0,16.0,0.0594,0
2023-05-31 11:44:46,1685547886,32.4,22.2,99200,8.00,11.0,12.0,13.0,0.0452,0
2023-05-31 11:49:43,1685548184,32.7,21.9,99200,7.00,11.0,15.0,17.0,0.0418,0
2023-05-31 11:54:40,1685548481,33.0,21.1,99200,9.00,9.00,9.00,9.00,0.0639,0
2023-05-31 11:56:39,1685548599,33.0,21.4,99200,9.00,12.0,15.0,17.0,0.0376,0
2023-05-31 12:07:42,1685549262,33.3,20.6,99200,5.00,7.00,9.00,10.0,0.0349,0
2023-05-31 12:14:40,1685549681,33.5,20.0,99200,1.00,3.00,4.00,5.00,0.0478,0
2023-05-31 12:19:56,1685549997,33.6,20.0,99200,7.00,9.00,10.0,11.0,0.0592,0
2023-05-31 12:24:52,1685550293,33.7,18.9,99200,7.00,7.00,7.00,7.00,0.0812,0
2023-05-31 12:26:31,1685550392,33.7,19.3,99200,5.00,6.00,6.00,7.00,0.0778,0
2023-05-31 12:39:11,1685551152,34.1,19.8,99200,5.00,6.00,6.00,6.00,0.00750,0
2023-05-31 12:44:37,1685551477,34.3,19.3,99200,5.00,6.00,7.00,8.00,0.0162,0
2023-05-31 12:54:40,1685552081,35.0,19.0,99200,6.00,7.00,9.00,10.0,0.0136,0
2023-05-31 12:59:55,1685552396,35.2,18.2,99200,7.00,7.00,7.00,7.00,0.0104,0
2023-05-31 13:04:51,1685552692,35.1,18.0,99200,7.00,11.0,13.0,14.0,0.0405,0
2023-05-31 13:09:47,1685552987,35.0,17.5,99200,6.00,11.0,15.0,17.0,0.0526,0
2023-05-31 13:14:43,1685553283,35.1,18.3,99200,7.00,8.00,10.0,11.0,0.0286,0
2023-05-31 13:16:59,1685553420,35.5,17.9,99200,5.00,8.00,10.0,11.0,0.0199,0
2023-05-31 13:24:50,1685553891,36.1,17.5,99200,5.00,6.00,6.00,7.00,0.0222,0
2023-05-31 13:29:46,1685554186,36.3,17.1,99140,7.00,12.0,16.0,18.0,0.0309,0
2023-05-31 13:33:59,1685554439,36.5,16.8,99100,10.0,12.0,14.0,15.0,0.0313,0
2023-05-31 13:39:57,1685554797,36.9,16.4,99100,3.00,3.00,3.00,3.00,0.0209,0
2023-05-31 13:44:52,1685555092,36.9,16.4,99100,6.00,8.00,9.00,10.0,0.0659,0
2023-05-31 13:49:46,1685555387,37.3,15.9,99100,9.00,9.00,11.0,12.0,0.0659,0
2023-05-31 14:04:48,1685556289,37.6,15.5,99100,7.00,8.00,9.00,10.0,0.0227,0
2023-05-31 14:09:43,1685556583,37.7,15.1,99100,9.00,9.00,12.0,13.0,0.0126,0
2023-05-31 14:14:57,1685556898,37.9,15.3,99100,5.00,7.00,8.00,9.00,0.0138,0
2023-05-31 14:19:52,1685557192,38.5,14.7,99100,13.0,21.0,27.0,30.0,0.0271,0
2023-05-31 14:24:46,1685557486,38.9,14.1,99100,8.00,10.0,12.0,13.0,0.0857,0
2023-05-31 14:29:39,1685557780,39.3,14.4,99100,7.00,11.0,14.0,16.0,0.0857,0
2023-05-31 14:34:56,1685558097,39.7,13.5,99100,8.00,8.00,8.00,9.00,0.0442,0
2023-05-31 14:39:50,1685558391,39.8,13.6,99100,9.00,11.0,12.0,12.0,0.0390,0
2023-05-31 14:44:05,1685558645,40.2,13.2,99100,7.00,7.00,7.00,8.00,0.0253,0
2023-05-31 14:49:45,1685558985,40.4,12.8,99100,5.00,6.00,9.00,10.0,0.0253,0
2023-05-31 14:54:58,1685559298,40.4,12.4,99100,7.00,8.00,12.0,15.0,0.0300,0
2023-05-31 14:59:31,1685559572,40.4,12.5,99100,4.00,7.00,11.0,12.0,0.0433,0
2023-05-31 15:04:40,1685559881,40.3,12.4,99050,4.00,4.00,4.00,4.00,0.0422,0
2023-05-31 15:09:53,1685560194,40.6,12.4,99063,7.00,7.00,11.0,13.0,0.0929,0
2023-05-31 15:14:46,1685560487,41.0,11.9,99007,5.00,5.00,5.00,5.00,0.0808,0
2023-05-31 15:19:59,1685560800,41.1,11.6,99000,8.00,8.00,8.00,8.00,0.0440,0
2023-05-31 15:24:52,1685561093,41.1,11.3,99000,7.00,10.0,12.0,13.0,0.0181,0
2023-05-31 15:29:46,1685561386,41.3,11.7,99000,5.00,6.00,7.00,7.00,0.0478,0
2023-05-31 15:34:00,1685561640,41.3,11.3,99000,5.00,6.00,7.00,8.00,0.0541,0
2023-05-31 15:39:46,1685561986,41.8,11.2,99000,6.00,9.00,11.0,12.0,0.0541,0
2023-05-31 15:44:58,1685562299,41.8,10.9,99000,8.00,9.00,9.00,10.0,0.104,0
2023-05-31 15:49:51,1685562592,41.7,10.9,99000,7.00,7.00,7.00,8.00,0.104,0
2023-05-31 15:54:44,1685562884,42.1,10.7,99000,6.00,6.00,8.00,9.00,0.0605,0
2023-05-31 15:59:56,1685563196,42.5,10.4,99000,5.00,7.00,9.00,9.00,0.0360,0
2023-05-31 16:04:48,1685563488,42.9,10.2,99000,6.00,8.00,9.00,10.0,0.0191,0
2023-05-31 16:09:40,1685563781,43.4,10.1,99000,5.00,7.00,8.00,9.00,0.0304,0
2023-05-31 16:14:57,1685564097,44.0,9.09,99000,7.00,7.00,8.00,9.00,0.0144,0.744
2023-05-31 16:19:49,1685564390,43.9,9.23,99000,8.00,9.00,9.00,9.00,0.0267,0.743
2023-05-31 16:24:42,1685564683,43.5,9.49,99000,8.00,10.0,11.0,11.0,0.0267,0
2023-05-31 16:29:55,1685564995,43.4,9.47,99000,8.00,10.0,12.0,14.0,0.0374,0
2023-05-31 16:34:48,1685565288,43.1,9.76,99000,6.00,6.00,6.00,7.00,0.0294,0
2023-05-31 16:39:41,1685565581,43.0,9.61,99000,8.00,9.00,11.0,12.0,0.0294,0
2023-05-31 16:42:17,1685565738,42.8,9.63,98988,7.00,8.00,8.00,8.00,0.0630,0
2023-05-31 16:49:56,1685566197,43.3,9.66,98931,8.00,13.0,17.0,19.0,0.100,0
2023-05-31 16:54:48,1685566489,43.7,9.51,98913,5.00,8.00,10.0,11.0,0.100,0
2023-05-31 16:59:41,1685566781,43.7,9.19,98900,6.00,6.00,6.00,7.00,0.0128,0
2023-05-31 17:01:18,1685566879,43.7,9.28,98900,5.00,6.00,7.00,7.00,0.0180,0
2023-05-31 17:09:51,1685567391,43.9,9.60,98900,8.00,9.00,9.00,10.0,0.0180,0
2023-05-31 17:14:43,1685567684,43.9,9.24,98900,7.00,9.00,9.00,9.00,0.0184,0
2023-05-31 17:18:17,1685567898,43.7,9.46,98900,5.00,8.00,11.0,12.0,0.0182,0
2023-05-31 17:24:41,1685568281,43.6,9.74,98900,3.00,3.00,4.00,4.00,0.0116,0
2023-05-31 17:29:53,1685568593,43.5,9.41,98900,8.00,10.0,11.0,12.0,0.0346,0
2023-05-31 17:34:45,1685568886,43.1,9.59,98900,7.00,8.00,8.00,8.00,0.0285,0
2023-05-31 17:39:48,1685569188,42.7,9.89,98900,4.00,4.00,4.00,4.00,0.0196,0
2023-05-31 17:44:41,1685569481,42.5,10.00,98900,7.00,9.00,12.0,13.0,0.0257,0
2023-05-31 17:49:53,1685569794,42.4,10.1,98900,7.00,9.00,10.0,11.0,0.0459,0
2023-05-31 17:54:50,1685570090,42.5,10.1,98900,8.00,8.00,8.00,8.00,0.0283,0
2023-05-31 17:59:43,1685570384,42.2,10.5,98900,8.00,10.0,12.0,13.0,0.0275,0
2023-05-31 18:04:57,1685570698,41.7,10.6,98900,7.00,7.00,9.00,10.0,0.0289,0
2023-05-31 18:09:51,1685570992,41.2,11.1,98900,8.00,8.00,12.0,14.0,0.0193,0
2023-05-31 18:14:45,1685571286,40.8,11.6,98900,6.00,7.00,8.00,9.00,0.0162,0
2023-05-31 18:19:59,1685571600,40.0,11.8,98900,12.0,14.0,15.0,16.0,0.0472,0
2023-05-31 18:24:54,1685571895,39.1,12.2,98900,7.00,10.0,12.0,13.0,0.0422,0
2023-05-31 18:29:49,1685572190,38.3,12.9,98900,9.00,10.0,10.0,10.0,0.0422,0
2023-05-31 18:34:45,1685572485,37.6,13.9,98900,13.0,14.0,14.0,14.0,0.0147,0
2023-05-31 18:39:40,1685572781,36.7,14.7,98900,8.00,11.0,15.0,17.0,0.0211,0
2023-05-31 18:44:57,1685573097,35.9,15.5,98900,9.00,11.0,12.0,12.0,0.0521,0
2023-05-31 18:49:53,1685573393,35.3,16.5,98900,6.00,10.0,13.0,14.0,0.0304,0
2023-05-31 18:54:50,1685573690,34.8,17.1,98900,6.00,8.00,9.00,9.00,0.0338,0
2023-05-31 18:59:47,1685573987,34.2,18.0,98900,7.00,7.00,7.00,7.00,0.0601,0
2023-05-31 19:04:44,1685574284,33.9,18.1,98900,10.0,11.0,13.0,14.0,0.0302,0
2023-05-31 19:09:41,1685574582,33.7,19.0,98900,8.00,12.0,15.0,16.0,0.0745,0
2023-05-31 19:14:59,1685574899,33.2,19.7,98900,7.00,10.0,14.0,16.0,0.0745,0
2023-05-31 19:19:56,1685575197,32.6,20.5,98900,7.00,9.00,11.0,11.0,0.0170,0
2023-05-31 19:24:54,1685575495,32.2,20.6,98900,6.00,7.00,8.00,9.00,0.0214,0
2023-05-31 19:29:52,1685575793,31.8,21.3,98900,7.00,10.0,14.0,16.0,0.0198,0
2023-05-31 19:34:51,1685576092,31.4,21.5,98900,11.0,13.0,14.0,15.0,0.0150,0
2023-05-31 19:39:49,1685576390,31.1,21.6,98900,8.00,8.00,8.00,8.00,0.0312,0
2023-05-31 19:44:48,1685576689,30.7,22.4,98900,7.00,9.00,10.0,10.0,0.0312,0
2023-05-31 19:49:47,1685576987,30.4,22.8,98900,6.00,10.0,14.0,16.0,0.0183,0
2023-05-31 19:54:46,1685577286,30.2,23.2,98900,7.00,9.00,10.0,11.0,0.0390,0
2023-05-31 19:59:45,1685577585,29.8,24.4,98900,8.00,12.0,14.0,16.0,0.0307,0
2023-05-31 20:04:43,1685577883,29.4,24.9,98900,7.00,10.0,11.0,12.0,0.0312,0
2023-05-31 20:09:42,1685578183,29.1,24.8,98953,5.00,8.00,11.0,12.0,0.0339,0
2023-05-31 20:14:42,1685578482,28.8,25.7,99000,9.00,10.0,12.0,13.0,0.0529,0
2023-05-31 20:19:41,1685578782,28.4,26.2,99000,8.00,9.00,11.0,11.0,0.0627,0
2023-05-31 20:24:41,1685579082,28.2,26.3,99000,9.00,11.0,12.0,12.0,0.0496,0
2023-05-31 20:29:41,1685579382,27.9,26.7,99000,8.00,9.00,10.0,12.0,0.0351,0
2023-05-31 20:34:41,1685579682,27.7,27.1,99000,8.00,11.0,16.0,18.0,0.0409,0
2023-05-31 20:39:41,1685579982,27.5,27.4,99000,9.00,11.0,12.0,13.0,0.0219,0
2023-05-31 20:44:41,1685580282,27.3,27.8,99000,8.00,9.00,11.0,12.0,0.0589,0
2023-05-31 20:49:41,1685580582,27.1,28.4,99000,7.00,8.00,9.00,10.0,0.0437,0
2023-05-31 20:54:41,1685580882,26.9,28.5,99000,7.00,9.00,13.0,14.0,0.0110,0
2023-05-31 20:59:42,1685581182,26.7,29.2,99000,8.00,8.00,10.0,11.0,0.0264,0
2023-05-31 21:04:42,1685581483,26.4,29.4,99000,10.0,10.0,10.0,10.0,0.0305,0
2023-05-31 21:09:42,1685581783,26.3,29.4,99000,9.00,10.0,13.0,15.0,0.0229,0
2023-05-31 21:14:43,1685582083,26.2,29.9,99000,8.00,8.00,9.00,9.00,0.0244,0
2023-05-31 21:19:43,1685582384,26.1,30.2,99000,5.00,9.00,12.0,14.0,0.0347,0
2023-05-31 21:24:44,1685582684,25.9,30.8,99000,7.00,9.00,10.0,10.0,0.0252,0
2023-05-31 21:29:45,1685582985,25.8,30.9,99000,8.00,9.00,11.0,12.0,0.0574,0
2023-05-31 21:34:45,1685583286,25.6,31.1,99000,9.00,13.0,16.0,18.0,0.0574,0
2023-05-31 21:39:46,1685583587,25.4,31.5,99000,7.00,9.00,12.0,14.0,0.0455,0
2023-05-31 21:44:47,1685583888,25.3,31.8,99000,7.00,9.00,12.0,13.0,0.0411,0
2023-05-31 21:49:48,1685584189,25.1,32.0,99000,8.00,10.0,13.0,14.0,0.0144,0
2023-05-31 21:54:49,1685584489,25.0,31.9,99000,11.0,13.0,16.0,18.0,0.0207,0
2023-05-31 21:59:50,1685584790,24.9,32.1,99000,8.00,11.0,15.0,16.0,0.0833,0
2023-05-31 22:04:51,1685585091,24.8,32.1,99000,7.00,9.00,10.0,10.0,0.0855,0
2023-05-31 22:09:52,1685585393,24.7,32.5,99000,7.00,9.00,11.0,11.0,0.0407,0
2023-05-31 22:14:53,1685585694,24.6,32.7,99000,8.00,10.0,12.0,12.0,0.0400,0
2023-05-31 22:19:54,1685585995,24.5,33.1,99000,9.00,10.0,12.0,14.0,0.0279,0
2023-05-31 22:24:56,1685586296,24.4,33.3,99000,8.00,10.0,12.0,13.0,0.0228,0
2023-05-31 22:29:57,1685586597,24.3,33.7,99000,10.0,11.0,11.0,11.0,0.0232,0
2023-05-31 22:34:58,1685586899,24.1,33.8,99000,6.00,10.0,13.0,14.0,0.0239,0
2023-05-31 22:39:40,1685587180,24.0,34.0,99000,8.00,14.0,19.0,21.0,0.0159,0
2023-05-31 22:44:41,1685587482,23.9,34.2,99000,10.0,20.0,28.0,32.0,0.0721,0
2023-05-31 22:49:43,1685587783,23.8,34.3,99000,8.00,12.0,16.0,18.0,0.0909,0
2023-05-31 22:54:44,1685588085,23.7,34.6,99000,8.00,10.0,12.0,12.0,0.0668,0
2023-05-31 22:59:46,1685588387,23.5,34.9,99000,8.00,10.0,11.0,12.0,0.0886,0
2023-05-31 23:04:48,1685588688,23.4,35.0,99000,9.00,10.0,10.0,11.0,0.0361,0
2023-05-31 23:09:49,1685588990,23.3,35.2,99000,11.0,15.0,19.0,21.0,0.0263,0
2023-05-31 23:14:51,1685589292,23.2,35.5,99000,8.00,10.0,13.0,15.0,0.0426,0
2023-05-31 23:19:53,1685589593,23.1,35.9,99000,12.0,17.0,23.0,26.0,0.108,0
2023-05-31 23:24:55,1685589895,23.0,36.2,99000,9.00,10.0,11.0,12.0,0.108,0
2023-05-31 23:29:57,1685590197,22.8,37.2,99000,9.00,11.0,13.0,14.0,0.140,0
2023-05-31 23:34:59,1685590499,22.7,37.6,99000,9.00,10.0,11.0,12.0,0.0665,0
2023-05-31 23:39:41,1685590781,22.5,37.9,99000,10.0,12.0,13.0,14.0,0.0643,0
2023-05-31 23:44:43,1685591083,22.3,38.3,99027,8.00,11.0,13.0,15.0,0.100,0
2023-05-31 23:49:45,1685591386,22.1,38.8,99073,8.00,10.0,12.0,13.0,0.0400,0
2023-05-31 23:54:48,1685591688,21.9,39.3,99100,13.0,15.0,17.0,18.0,0.0412,0
2023-05-31 23:59:50,1685591990,21.7,39.8,99100,10.0,13.0,14.0,15.0,0.0771,0
2023-06-01 00:04:52,1685592293,21.5,40.2,99100,11.0,12.0,16.0,18.0,0.101,0
2023-06-01 00:09:55,1685592595,21.4,40.6,99100,13.0,13.0,13.0,14.0,0.0556,0
2023-06-01 00:14:57,1685592897,21.2,41.0,99100,8.00,10.0,11.0,11.0,0.0388,0
2023-06-01 00:19:40,1685593180,21.0,41.3,99100,9.00,13.0,17.0,18.0,0.0333,0
2023-06-01 00:24:42,1685593483,20.9,41.5,99100,8.00,11.0,15.0,17.0,0.0131,0
2023-06-01 00:29:45,1685593786,20.7,41.8,99100,8.00,11.0,13.0,14.0,0.0149,0
2023-06-01 00:34:48,1685594089,20.6,42.1,99100,8.00,11.0,15.0,16.0,0.0216,0
2023-06-01 00:39:51,1685594391,20.5,42.5,99100,12.0,16.0,19.0,21.0,0.0312,0
2023-06-01 00:44:54,1685594694,20.4,43.0,99100,9.00,10.0,13.0,14.0,0.0324,0
2023-06-01 00:49:57,1685594997,20.3,43.2,99100,13.0,15.0,16.0,17.0,0.0479,0
2023-06-01 00:54:39,1685595280,20.2,43.3,99100,8.00,9.00,10.0,12.0,0.0603,0
2023-06-01 00:59:42,1685595583,20.2,43.4,99100,9.00,15.0,20.0,22.0,0.0228,0
2023-06-01 01:04:45,1685595886,20.1,43.5,99100,8.00,10.0,13.0,14.0,0.0246,0
2023-06-01 01:09:48,1685596189,20.0,43.6,99100,11.0,13.0,15.0,16.0,0.0246,0
2023-06-01 01:14:51,1685596492,19.9,43.7,99100,9.00,10.0,10.0,11.0,0.0250,0
2023-06-01 01:19:54,1685596795,19.8,44.0,99100,8.00,12.0,14.0,15.0,0.0307,0
2023-06-01 01:24:57,1685597098,19.8,44.1,99100,8.00,12.0,15.0,16.0,0.0280,0
2023-06-01 01:29:40,1685597381,19.7,44.2,99100,9.00,14.0,17.0,19.0,0.0269,0
2023-06-01 01:34:43,1685597684,19.7,44.6,99100,7.00,10.0,13.0,14.0,0.0183,0
2023-06-01 01:39:47,1685597987,19.6,44.9,99100,10.0,12.0,15.0,17.0,0.0313,0
2023-06-01 01:44:50,1685598290,19.5,45.1,99100,10.0,12.0,14.0,14.0,0.0484,0
2023-06-01 01:49:53,1685598594,19.4,45.3,99100,11.0,13.0,17.0,18.0,0.0345,0
2023-06-01 01:54:56,1685598897,19.3,45.4,99020,12.0,13.0,14.0,15.0,0.0652,0
2023-06-01 01:59:39,1685599180,19.3,45.5,99000,10.0,11.0,13.0,14.0,0.0510,0
2023-06-01 02:04:58,1685599498,19.3,45.6,99000,12.0,16.0,19.0,20.0,0.0518,0
2023-06-01 02:09:41,1685599781,19.2,45.8,99000,10.0,12.0,16.0,18.0,0.0518,0
2023-06-01 02:14:44,1685600085,19.2,46.0,99000,8.00,9.00,9.00,10.0,0.0685,0
2023-06-01 02:19:48,1685600388,19.1,46.3,99000,12.0,13.0,13.0,13.0,0.0870,0
2023-06-01 02:24:51,1685600692,19.1,46.4,99000,7.00,15.0,21.0,24.0,0.0521,0
2023-06-01 02:29:55,1685600995,19.0,46.6,99000,9.00,12.0,13.0,14.0,0.0310,0
2023-06-01 02:34:58,1685601299,19.0,46.8,99000,10.0,11.0,12.0,14.0,0.0322,0
2023-06-01 02:39:41,1685601582,18.9,46.8,99000,10.0,12.0,14.0,15.0,0.0411,0
2023-06-01 02:44:45,1685601885,18.9,47.0,99000,8.00,10.0,13.0,15.0,0.107,0
2023-06-01 02:49:48,1685602189,18.9,47.1,99000,10.0,11.0,12.0,13.0,0.0359,0
2023-06-01 02:54:52,1685602492,18.8,47.1,99000,8.00,11.0,15.0,17.0,0.0128,0
2023-06-01 02:59:55,1685602796,18.8,47.3,99000,9.00,12.0,15.0,16.0,0.0199,0
2023-06-01 03:04:59,1685603100,18.7,47.5,99000,11.0,12.0,14.0,15.0,0.0159,0
2023-06-01 03:09:42,1685603383,18.7,47.5,99000,11.0,13.0,14.0,14.0,0.0294,0
2023-06-01 03:14:46,1685603686,18.6,47.7,99000,11.0,14.0,16.0,17.0,0.0561,0
2023-06-01 03:19:49,1685603990,18.6,47.7,99000,9.00,12.0,14.0,15.0,0.0158,0
2023-06-01 03:24:53,1685604293,18.5,48.0,99000,10.0,14.0,20.0,23.0,0.0523,0
2023-06-01 03:29:56,1685604597,18.5,48.3,99000,10.0,12.0,14.0,16.0,0.0523,0
2023-06-01 03:34:40,1685604880,18.4,48.2,99000,8.00,12.0,16.0,17.0,0.0235,0
2023-06-01 03:39:44,1685605184,18.4,48.5,99000,12.0,13.0,16.0,17.0,0.0163,0
2023-06-01 03:44:47,1685605488,18.4,48.8,99000,8.00,11.0,14.0,15.0,0.0363,0
2023-06-01 03:49:51,1685605791,18.3,48.6,99000,10.0,13.0,14.0,15.0,0.0340,0
2023-06-01 03:54:54,1685606095,18.3,48.6,99000,11.0,12.0,12.0,14.0,0.0355,0
2023-06-01 03:59:58,1685606398,18.2,49.1,99000,9.00,11.0,12.0,13.0,0.0142,0
2023-06-01 04:04:45,1685606685,18.1,49.3,99000,9.00,12.0,14.0,15.0,0.0253,0
2023-06-01 04:09:49,1685606989,18.1,49.1,99000,9.00,12.0,14.0,14.0,0.0621,0
2023-06-01 04:14:52,1685607293,18.1,49.2,99000,9.00,13.0,15.0,16.0,0.0621,0
2023-06-01 04:19:56,1685607596,18.0,49.4,99000,9.00,14.0,18.0,20.0,0.0436,0
2023-06-01 04:24:39,1685607880,17.9,49.7,99000,9.00,14.0,18.0,20.0,0.0218,0
2023-06-01 04:29:43,1685608184,17.9,49.8,99000,11.0,12.0,15.0,17.0,0.0306,0
2023-06-01 04:34:47,1685608487,17.8,49.8,99000,11.0,15.0,17.0,18.0,0.0195,0
2023-06-01 04:39:51,1685608791,17.7,50.1,99000,8.00,11.0,12.0,13.0,0.0195,0
2023-06-01 04:44:55,1685609095,17.7,50.1,99000,11.0,12.0,12.0,12.0,0.0248,0
2023-06-01 04:49:59,1685609399,17.6,50.3,99073,9.00,12.0,15.0,17.0,0.0492,0
2023-06-01 04:54:42,1685609683,17.5,50.4,99100,10.0,13.0,14.0,15.0,0.0578,0
2023-06-01 04:59:46,1685609987,17.5,50.6,99100,10.0,14.0,18.0,20.0,0.0216,0
2023-06-01 05:04:50,1685610291,17.4,51.0,99100,10.0,13.0,15.0,16.0,0.0447,0
2023-06-01 05:09:54,1685610594,17.4,51.0,99100,10.0,11.0,14.0,16.0,0.0860,0
2023-06-01 05:14:58,1685610898,17.4,50.9,99100,10.0,14.0,18.0,20.0,0.0855,0
2023-06-01 05:19:42,1685611182,17.4,51.0,99100,10.0,10.0,12.0,13.0,0.102,0
2023-06-01 05:24:45,1685611486,17.4,51.1,99100,7.00,9.00,11.0,12.0,0.123,0
2023-06-01 05:29:49,1685611790,17.5,51.2,99100,8.00,9.00,12.0,13.0,0.123,0
2023-06-01 05:34:53,1685612094,17.5,51.4,99100,10.0,11.0,12.0,12.0,0.0160,0
2023-06-01 05:39:57,1685612398,17.6,51.4,99100,9.00,11.0,12.0,12.0,0.0160,0
2023-06-01 05:44:41,1685612681,17.6,51.0,99100,9.00,11.0,13.0,13.0,0.0128,0
2023-06-01 05:49:44,1685612985,17.7,51.0,99100,8.00,12.0,17.0,19.0,0.0311,0
2023-06-01 05:54:55,1685613296,17.9,51.3,99100,10.0,11.0,11.0,11.0,0.0498,0
2023-06-01 05:59:58,1685613599,18.0,51.3,99100,9.00,10.0,10.0,11.0,0.0646,0
2023-06-01 06:04:41,1685613882,18.2,51.2,99100,12.0,13.0,13.0,14.0,0.0810,0
2023-06-01 06:09:44,1685614185,18.4,50.9,99100,8.00,12.0,15.0,16.0,0.0289,0
2023-06-01 06:14:47,1685614488,18.6,50.7,99100,10.0,11.0,12.0,12.0,0.0289,0
2023-06-01 06:19:50,1685614791,18.8,50.5,99100,8.00,11.0,15.0,17.0,0.0317,0
2023-06-01 06:24:53,1685615093,19.1,50.4,99100,6.00,11.0,15.0,18.0,0.0422,0
2023-06-01 06:29:56,1685615396,19.3,50.3,99100,10.0,12.0,16.0,18.0,0.0204,0
2023-06-01 06:34:58,1685615699,19.6,49.9,99100,9.00,11.0,15.0,16.0,0.0122,0
2023-06-01 06:39:40,1685615981,20.0,49.7,99100,7.00,9.00,10.0,10.0,0.0398,0
2023-06-01 06:44:43,1685616283,20.3,49.6,99100,10.0,13.0,16.0,18.0,0.0398,0
2023-06-01 06:49:45,1685616585,20.8,49.0,99100,9.00,14.0,19.0,21.0,0.104,0
2023-06-01 06:54:47,1685616887,21.2,48.5,99100,8.00,10.0,11.0,12.0,0.0408,0
2023-06-01 06:59:48,1685617189,21.7,48.0,99100,12.0,17.0,21.0,23.0,0.0600,0
2023-06-01 07:04:50,1685617490,22.2,47.7,99100,10.0,13.0,16.0,17.0,0.109,0
2023-06-01 07:09:51,1685617792,22.7,47.3,99100,8.00,11.0,14.0,15.0,0.0972,0
2023-06-01 07:14:52,1685618093,23.3,45.8,99100,10.0,18.0,23.0,26.0,0.0827,0
2023-06-01 07:19:53,1685618393,23.9,44.5,99100,12.0,14.0,14.0,15.0,0.0290,0
2023-06-01 07:24:53,1685618694,24.4,42.4,99100,10.0,12.0,15.0,16.0,0.0290,0
2023-06-01 07:29:54,1685618994,24.9,40.9,99100,12.0,13.0,14.0,16.0,0.0256,0
2023-06-01 07:34:54,1685619294,25.4,39.8,99100,9.00,10.0,10.0,10.0,0.0424,0
2023-06-01 07:39:54,1685619595,25.9,38.8,99100,13.0,17.0,24.0,28.0,0.0153,0
2023-06-01 07:44:54,1685619895,26.3,38.2,99100,10.0,12.0,15.0,17.0,0.0457,0
2023-06-01 07:49:54,1685620194,26.8,37.1,99100,11.0,12.0,13.0,14.0,0.0615,0
2023-06-01 07:54:53,1685620494,27.2,36.9,99100,11.0,13.0,16.0,18.0,0.0615,0
2023-06-01 07:55:33,1685620534,27.5,36.2,99100,7.00,9.00,10.0,10.0,0.00898,0
2023-06-01 09:01:17,1685624478,32.6,30.6,99100,5.00,6.00,6.00,6.00,0.00728,0
2023-06-01 09:24:55,1685625896,33.8,27.3,99100,8.00,10.0,12.0,13.0,,
2023-06-01 09:29:52,1685626192,34.1,26.5,99100,11.0,11.0,11.0,11.0,,
2023-06-01 09:34:48,1685626488,34.3,25.5,99100,13.0,13.0,13.0,13.0,0.0711,0
2023-06-01 09:39:44,1685626785,34.4,24.7,99100,13.0,14.0,14.0,14.0,0.102,0
2023-06-01 09:44:40,1685627081,34.5,24.1,99100,9.00,13.0,18.0,20.0,0.106,0
2023-06-01 09:45:39,1685627140,34.5,24.4,99100,4.00,4.00,5.00,5.00,0.0171,0
2023-06-01 09:56:58,1685627818,34.8,23.4,99100,8.00,10.0,10.0,10.0,0.0572,0
2023-06-01 10:09:44,1685628584,35.0,23.9,99100,13.0,13.0,13.0,13.0,0.0572,0
2023-06-01 10:14:40,1685628880,35.1,23.0,99100,9.00,9.00,11.0,11.0,0.0396,0
2023-06-01 10:19:56,1685629196,35.1,22.2,99100,8.00,9.00,10.0,10.0,0.120,0
2023-06-01 10:24:52,1685629492,35.0,21.8,99100,8.00,9.00,9.00,9.00,0.107,0
2023-06-01 10:29:48,1685629788,35.1,21.9,99100,8.00,9.00,12.0,14.0,0.0195,0
2023-06-01 10:32:45,1685629966,35.1,21.7,99100,5.00,8.00,12.0,14.0,0.0208,0
2023-06-01 10:44:42,1685630682,35.2,21.6,99100,7.00,7.00,7.00,8.00,0.0124,0
2023-06-01 10:47:00,1685630821,35.3,22.0,99100,7.00,12.0,16.0,18.0,0.0151,0
2023-06-01 10:59:57,1685631598,36.1,23.4,99100,8.00,9.00,9.00,9.00,0.0156,0
2023-06-01 11:04:53,1685631893,36.3,22.9,99100,8.00,15.0,20.0,22.0,0.0644,0
2023-06-01 11:07:31,1685632051,36.5,23.1,99000,8.00,9.00,9.00,9.00,0.0514,0
2023-06-01 11:19:44,1685632785,37.4,22.7,99000,11.0,11.0,11.0,11.0,0.0366,0
2023-06-01 11:24:40,1685633080,37.8,21.9,99000,8.00,9.00,10.0,11.0,0.0293,0
2023-06-01 11:29:55,1685633395,38.1,21.0,99000,9.00,10.0,11.0,12.0,0.0127,0
2023-06-01 11:34:50,1685633691,38.2,19.3,99000,9.00,10.0,14.0,16.0,0.0426,0
2023-06-01 11:35:10,1685633711,38.2,19.2,99000,5.00,5.00,5.00,5.00,0.0109,0
2023-06-01 11:44:53,1685634293,38.8,18.8,99000,12.0,13.0,13.0,13.0,0.0163,0
2023-06-01 11:49:48,1685634588,38.9,18.1,99000,13.0,14.0,14.0,14.0,0.0283,0
2023-06-01 11:52:25,1685634746,38.9,17.6,99000,8.00,9.00,10.0,10.0,0.0330,0
2023-06-01 11:59:40,1685635181,38.9,18.5,99000,8.00,10.0,13.0,14.0,0.0330,0
2023-06-01 12:04:55,1685635495,39.1,18.3,99000,8.00,11.0,13.0,14.0,0.0107,0
2023-06-01 12:09:30,1685635770,39.3,17.5,99000,8.00,9.00,10.0,11.0,0.0212,0
2023-06-01 12:19:46,1685636387,39.7,16.6,98985,6.00,7.00,7.00,8.00,0.0231,0
2023-06-01 12:24:40,1685636681,40.0,16.2,98960,11.0,11.0,11.0,12.0,0.0446,0
2023-06-01 12:25:00,1685636700,40.1,15.8,98900,5.00,7.00,8.00,8.00,0.0570,0
2023-06-01 12:34:43,1685637283,40.2,15.5,98900,11.0,11.0,11.0,11.0,0.0673,0
2023-06-01 12:39:57,1685637597,40.2,15.4,98900,8.00,9.00,10.0,11.0,0.0334,0
2023-06-01 12:44:31,1685637872,40.0,15.9,98900,9.00,10.0,11.0,12.0,0.0219,0
2023-06-01 12:54:43,1685638483,40.4,15.2,98900,11.0,13.0,14.0,15.0,0.0354,0
2023-06-01 12:59:56,1685638797,39.9,15.6,98900,9.00,11.0,12.0,13.0,0.0337,0
2023-06-01 13:03:52,1685639032,38.9,16.6,98900,9.00,10.0,10.0,10.0,0.0487,0
2023-06-01 13:18:50,1685639931,37.7,18.4,98900,8.00,9.00,9.00,9.00,0.0378,0
2023-06-01 13:29:54,1685640594,39.3,17.2,98900,9.00,12.0,14.0,15.0,0.0462,0
2023-06-01 13:31:12,1685640673,39.9,17.2,98900,9.00,10.0,10.0,10.0,0.0108,0
2023-06-01 13:36:18,1685640979,40.8,14.5,98900,6.00,6.00,6.00,6.00,0.0108,0
2023-06-01 13:49:48,1685641788,42.2,12.7,98800,7.00,10.0,13.0,14.0,0.0200,0
2023-06-01 13:53:22,1685642003,42.4,11.7,98800,10.0,10.0,10.0,10.0,0.0199,0
2023-06-01 13:59:52,1685642392,42.1,11.3,98800,3.00,3.00,3.00,3.00,0.0144,0
2023-06-01 14:04:45,1685642685,41.9,11.4,98800,10.0,13.0,16.0,18.0,0.0138,0
2023-06-01 14:09:18,1685642959,42.0,11.3,98800,8.00,9.00,9.00,9.00,0.0453,0
2023-06-01 14:14:56,1685643296,42.5,11.2,98800,6.00,8.00,12.0,14.0,0.0640,0
2023-06-01 14:19:51,1685643592,42.8,10.7,98800,7.00,10.0,14.0,15.0,0.0640,0
2023-06-01 14:24:44,1685643885,43.2,11.0,98800,10.0,11.0,11.0,11.0,0.0212,0
2023-06-01 14:29:57,1685644197,43.6,10.2,98800,7.00,7.00,9.00,10.0,0.0267,0
2023-06-01 14:34:50,1685644490,44.0,9.76,98800,7.00,9.00,10.0,10.0,0.0328,0
2023-06-01 14:39:43,1685644783,44.3,9.20,98800,7.00,7.00,7.00,7.00,0.0287,0
2023-06-01 14:44:55,1685645096,43.3,9.56,98888,5.00,11.0,15.0,17.0,0.0213,0
2023-06-01 14:49:49,1685645389,41.4,11.3,98913,8.00,9.00,10.0,11.0,0.0213,0
2023-06-01 14:54:43,1685645684,39.8,12.7,99000,6.00,8.00,10.0,11.0,0.0303,0
2023-06-01 14:59:58,1685645999,38.2,14.9,99000,6.00,7.00,8.00,9.00,0.0233,0
2023-06-01 15:04:54,1685646294,36.5,17.1,99000,6.00,8.00,11.0,12.0,0.0443,0
2023-06-01 15:09:51,1685646591,35.1,18.5,99067,10.0,11.0,13.0,14.0,0.0443,0
2023-06-01 15:14:47,1685646888,34.1,20.8,99000,4.00,5.00,6.00,6.00,0.0929,0
2023-06-01 15:19:44,1685647185,33.2,21.9,99000,6.00,7.00,8.00,8.00,0.194,0
2023-06-01 15:24:41,1685647482,33.7,22.8,99000,10.0,10.0,10.0,10.0,0.0595,0
2023-06-01 15:29:57,1685647798,34.2,22.6,99000,8.00,8.00,8.00,9.00,0.0527,0
2023-06-01 15:34:54,1685648095,33.7,23.5,99000,8.00,14.0,21.0,24.0,0.0177,0
2023-06-01 15:39:51,1685648392,32.9,25.1,99000,7.00,8.00,8.00,8.00,0.0454,0
2023-06-01 15:44:48,1685648689,32.8,26.5,99000,7.00,8.00,8.00,9.00,0.0195,0
2023-06-01 15:49:45,1685648986,33.7,26.0,99000,9.00,11.0,13.0,14.0,0.0505,0
2023-06-01 15:54:42,1685649282,34.3,25.8,99000,7.00,7.00,8.00,8.00,0.0544,0
2023-06-01 15:59:58,1685649599,34.3,25.3,99000,7.00,10.0,13.0,14.0,0.0758,0
2023-06-01 16:04:55,1685649895,34.0,25.7,99000,10.0,10.0,10.0,10.0,0.0244,0
2023-06-01 16:09:52,1685650192,33.6,25.6,99000,8.00,9.00,11.0,12.0,0.0258,0
2023-06-01 16:14:49,1685650490,33.4,25.7,99000,8.00,10.0,11.0,11.0,0.0313,0
2023-06-01 16:19:46,1685650787,33.0,26.2,99027,8.00,8.00,8.00,8.00,0.0313,0
2023-06-01 16:24:44,1685651084,32.5,26.4,99013,9.00,10.0,13.0,14.0,0.0176,0
2023-06-01 16:29:41,1685651382,32.2,27.2,99000,8.00,9.00,10.0,11.0,0.0508,0
2023-06-01 16:34:59,1685651700,32.1,26.9,99000,8.00,10.0,14.0,16.0,0.0206,0
2023-06-01 16:39:57,1685651998,31.8,27.8,99000,8.00,12.0,15.0,17.0,0.0211,0
2023-06-01 16:44:55,1685652296,31.4,28.1,99000,6.00,9.00,11.0,12.0,0.0223,0
2023-06-01 16:49:54,1685652594,31.3,28.7,99000,7.00,9.00,10.0,11.0,0.0384,0
2023-06-01 16:54:52,1685652893,31.2,28.8,99000,7.00,9.00,10.0,10.0,0.0384,0
2023-06-01 16:59:51,1685653191,31.1,29.5,99000,12.0,36.0,54.0,64.0,0.0252,0
2023-06-01 17:04:49,1685653490,31.0,29.9,99000,11.0,14.0,16.0,17.0,0.112,0
2023-06-01 17:09:47,1685653788,31.0,29.6,99000,6.00,10.0,13.0,15.0,0.115,0
2023-06-01 17:14:46,1685654086,30.9,29.9,99000,9.00,11.0,12.0,13.0,0.110,0
2023-06-01 17:19:44,1685654385,31.0,29.9,99000,10.0,11.0,12.0,13.0,0.0269,0
2023-06-01 17:24:42,1685654683,31.1,30.2,99000,9.00,10.0,10.0,11.0,0.0434,0
2023-06-01 17:29:41,1685654981,31.3,29.6,99000,8.00,9.00,10.0,10.0,0.0784,0
2023-06-01 17:34:59,1685655300,31.4,30.1,99000,9.00,10.0,10.0,11.0,0.0496,0
2023-06-01 17:39:57,1685655598,31.5,30.1,99000,8.00,9.00,9.00,9.00,0.0343,0
2023-06-01 17:44:56,1685655896,31.5,29.9,99000,8.00,10.0,12.0,13.0,0.0184,0
2023-06-01 17:49:53,1685656194,31.8,29.7,99000,12.0,15.0,17.0,18.0,0.0228,0
2023-06-01 17:54:51,1685656492,32.5,28.3,99000,8.00,9.00,9.00,9.00,0.0953,0
2023-06-01 17:59:49,1685656789,33.2,27.2,99000,5.00,8.00,10.0,11.0,0.106,0
2023-06-01 18:04:46,1685657086,33.8,27.9,99000,8.00,10.0,12.0,13.0,0.0265,0
2023-06-01 18:09:43,1685657383,34.4,25.1,99000,5.00,6.00,6.00,6.00,0.0272,0
2023-06-01 18:14:40,1685657680,34.7,24.5,99000,6.00,10.0,14.0,15.0,0.0636,0
2023-06-01 18:19:56,1685657997,34.6,25.5,98981,6.00,6.00,7.00,7.00,0.0696,0
2023-06-01 18:24:53,1685658294,34.7,25.7,98900,7.00,9.00,10.0,10.0,0.0407,0
2023-06-01 18:29:50,1685658591,34.6,26.7,98900,7.00,10.0,13.0,14.0,0.0351,0
2023-06-01 18:34:47,1685658888,33.9,27.5,98900,6.00,6.00,7.00,7.00,0.0248,0
2023-06-01 18:39:45,1685659186,33.0,28.8,98900,6.00,7.00,7.00,8.00,0.0180,0
2023-06-01 18:44:43,1685659483,32.5,29.7,98900,6.00,9.00,12.0,14.0,0.0148,0
2023-06-01 18:49:41,1685659781,32.0,30.7,98900,7.00,10.0,14.0,15.0,0.0228,0
2023-06-01 18:54:59,1685660099,31.6,31.2,98900,6.00,7.00,7.00,8.00,0.0323,0
2023-06-01 18:59:57,1685660398,31.2,31.7,98900,6.00,8.00,10.0,11.0,0.0482,0
2023-06-01 19:04:56,1685660696,30.6,32.1,98900,6.00,8.00,11.0,12.0,0.0237,0
2023-06-01 19:09:55,1685660995,29.9,32.7,98900,6.00,6.00,6.00,6.00,0.0350,0
2023-06-01 19:14:54,1685661294,29.2,33.4,98900,6.00,7.00,9.00,9.00,0.0240,0
2023-06-01 19:19:53,1685661594,28.7,34.3,98900,6.00,11.0,15.0,18.0,0.0358,0
2023-06-01 19:24:53,1685661893,28.2,34.6,98900,7.00,8.00,8.00,8.00,0.0358,0
2023-06-01 19:29:53,1685662193,27.7,35.4,98900,4.00,5.00,7.00,8.00,0.0543,0
2023-06-01 19:34:53,1685662493,27.3,35.9,98900,5.00,7.00,9.00,10.0,0.0203,0
2023-06-01 19:39:53,1685662793,27.0,36.8,98900,5.00,7.00,8.00,8.00,0.0154,0
2023-06-01 19:44:53,1685663093,26.7,37.4,98933,6.00,7.00,8.00,8.00,0.0146,0
2023-06-01 19:49:52,1685663393,26.4,38.3,99000,7.00,9.00,11.0,12.0,0.0161,0
2023-06-01 19:54:53,1685663693,26.1,39.0,99000,10.0,11.0,12.0,14.0,0.0694,0
2023-06-01 19:59:53,1685663994,25.9,39.6,99000,9.00,12.0,14.0,15.0,0.0717,0
2023-06-01 20:04:54,1685664294,25.7,39.9,99000,7.00,9.00,12.0,14.0,0.0353,0
2023-06-01 20:09:55,1685664595,25.5,40.3,99000,8.00,8.00,11.0,12.0,0.0254,0
2023-06-01 20:14:56,1685664896,25.2,40.3,99000,6.00,9.00,12.0,14.0,0.0477,0
2023-06-01 20:19:57,1685665197,25.1,40.0,99000,5.00,7.00,8.00,9.00,0.0793,0
2023-06-01 20:24:58,1685665498,25.1,38.9,99000,6.00,6.00,7.00,8.00,0.0218,0
2023-06-01 20:29:58,1685665799,25.5,37.6,99000,4.00,5.00,7.00,8.00,0.0156,0
2023-06-01 20:34:59,1685666100,26.0,37.0,99000,6.00,11.0,16.0,19.0,0.0156,0
2023-06-01 20:39:40,1685666380,26.4,36.1,99000,6.00,8.00,9.00,10.0,0.0165,0
2023-06-01 20:44:40,1685666681,26.7,35.3,99000,7.00,8.00,9.00,10.0,0.0160,0
2023-06-01 20:49:40,1685666981,26.9,34.8,99000,5.00,6.00,9.00,11.0,0.0187,0
2023-06-01 20:54:41,1685667281,27.1,34.8,99000,4.00,9.00,13.0,14.0,0.0188,0
2023-06-01 20:59:41,1685667581,27.2,34.7,99000,3.00,7.00,11.0,13.0,0.0188,0
2023-06-01 21:04:41,1685667882,27.3,34.2,99000,6.00,8.00,10.0,11.0,0.0327,0
2023-06-01 21:09:41,1685668182,27.4,34.0,98980,8.00,9.00,13.0,15.0,0.0526,0
2023-06-01 21:14:42,1685668482,27.4,33.7,98933,5.00,9.00,11.0,13.0,0.0526,0
2023-06-01 21:19:42,1685668783,27.4,33.4,98900,7.00,8.00,9.00,9.00,0.0351,0
2023-06-01 21:24:42,1685669083,27.5,32.9,98900,5.00,6.00,7.00,8.00,0.0357,0
2023-06-01 21:29:42,1685669383,27.6,32.9,98900,5.00,5.00,7.00,8.00,0.0355,0
2023-06-01 21:34:42,1685669683,27.5,32.5,98993,5.00,6.00,8.00,9.00,0.0208,0
2023-06-01 21:39:43,1685669983,27.5,32.3,99000,5.00,6.00,8.00,9.00,0.0206,0
2023-06-01 21:44:43,1685670284,27.5,32.1,99000,5.00,6.00,7.00,7.00,0.0124,0
2023-06-01 21:49:43,1685670584,27.5,31.8,99000,5.00,5.00,5.00,6.00,0.0152,0
2023-06-01 21:54:43,1685670884,27.5,31.8,99000,5.00,9.00,12.0,13.0,0.0323,0
2023-06-01 21:59:44,1685671184,27.4,32.0,99000,5.00,8.00,11.0,13.0,0.0351,0
2023-06-01 22:04:44,1685671485,27.3,32.4,98967,5.00,6.00,6.00,7.00,0.0309,0
2023-06-01 22:09:44,1685671785,27.1,32.9,98940,6.00,7.00,8.00,8.00,0.0190,0
2023-06-01 22:14:45,1685672085,26.8,33.3,98900,4.00,4.00,5.00,6.00,0.0134,0
2023-06-01 22:19:45,1685672386,26.6,33.6,98900,3.00,5.00,6.00,6.00,0.0241,0
2023-06-01 22:24:45,1685672686,26.4,34.0,98900,4.00,6.00,7.00,8.00,0.0241,0
2023-06-01 22:29:46,1685672987,26.3,34.2,98900,4.00,6.00,7.00,8.00,0.0170,0
2023-06-01 22:34:47,1685673287,26.2,34.1,98900,5.00,5.00,6.00,6.00,0.0117,0
2023-06-01 22:39:47,1685673588,26.2,34.1,98900,4.00,5.00,7.00,8.00,0.0129,0
2023-06-01 22:44:48,1685673888,26.2,34.6,98900,5.00,6.00,6.00,6.00,0.0168,0
2023-06-01 22:49:48,1685674189,26.0,35.1,98900,5.00,7.00,10.0,11.0,0.0171,0
2023-06-01 22:54:49,1685674490,25.9,34.9,98900,6.00,9.00,11.0,12.0,0.0256,0
2023-06-01 22:59:50,1685674791,25.7,34.6,98900,7.00,10.0,13.0,14.0,0.0260,0
2023-06-01 23:04:51,1685675091,25.8,34.3,98900,5.00,8.00,10.0,11.0,0.0259,0
2023-06-01 23:09:52,1685675392,25.9,34.0,98900,7.00,9.00,11.0,12.0,0.0418,0
2023-06-01 23:14:52,1685675693,26.0,33.8,98900,5.00,13.0,20.0,24.0,0.0278,0
2023-06-01 23:19:53,1685675994,26.2,33.7,98900,5.00,8.00,12.0,13.0,0.0535,0
2023-06-01 23:24:54,1685676294,26.3,33.6,98900,6.00,10.0,14.0,15.0,0.0535,0
2023-06-01 23:29:54,1685676595,26.3,33.5,98900,7.00,9.00,10.0,10.0,0.0285,0
2023-06-01 23:34:55,1685676895,26.4,33.4,98900,2.00,5.00,7.00,8.00,0.0285,0
2023-06-01 23:39:55,1685677196,26.5,33.2,98900,4.00,10.0,16.0,19.0,0.0242,0
2023-06-01 23:44:56,1685677496,26.6,33.1,98900,7.00,10.0,12.0,12.0,0.0685,0
2023-06-01 23:49:56,1685677796,26.7,33.1,98900,5.00,7.00,9.00,10.0,0.0895,0
2023-06-01 23:54:56,1685678097,26.7,33.0,98900,5.00,7.00,9.00,11.0,0.0906,0
2023-06-01 23:59:56,1685678397,26.7,32.9,98900,5.00,8.00,11.0,12.0,0.0385,0
2023-06-02 00:04:57,1685678697,26.6,32.9,98900,6.00,7.00,7.00,8.00,0.0141,0
2023-06-02 00:09:57,1685678998,26.5,33.0,98900,6.00,9.00,10.0,11.0,0.0291,0
2023-06-02 00:14:58,1685679298,26.4,32.8,98900,6.00,9.00,11.0,12.0,0.0142,0
2023-06-02 00:19:58,1685679599,26.4,33.1,98900,5.00,5.00,6.00,6.00,0.00895,0
2023-06-02 00:24:59,1685679899,26.2,33.1,98900,5.00,6.00,6.00,7.00,0.0165,0
2023-06-02 00:29:59,1685680200,26.1,33.6,98900,6.00,11.0,17.0,20.0,0.0181,0
2023-06-02 00:34:40,1685680480,26.1,33.8,98900,4.00,6.00,7.00,7.00,0.0365,0
2023-06-02 00:39:40,1685680781,26.0,33.9,98900,3.00,6.00,8.00,9.00,0.0257,0
2023-06-02 00:44:41,1685681082,26.0,33.9,98900,5.00,6.00,7.00,7.00,0.0161,0
2023-06-02 00:49:42,1685681382,25.9,33.9,98900,5.00,5.00,6.00,7.00,0.0145,0
2023-06-02 00:54:43,1685681683,25.8,34.1,98900,5.00,8.00,10.0,11.0,0.0161,0
2023-06-02 00:59:43,1685681984,25.8,34.1,98900,5.00,7.00,7.00,8.00,0.0279,0
2023-06-02 01:04:44,1685682285,25.7,34.5,98900,5.00,7.00,11.0,12.0,0.0166,0
2023-06-02 01:09:45,1685682586,25.6,34.9,98900,6.00,10.0,14.0,15.0,0.0152,0
2023-06-02 01:14:46,1685682887,25.4,35.2,98900,5.00,7.00,9.00,10.0,0.0185,0
2023-06-02 01:19:47,1685683188,25.3,35.2,98900,5.00,5.00,5.00,6.00,0.0320,0
2023-06-02 01:24:48,1685683489,25.3,35.3,98900,5.00,7.00,7.00,8.00,0.0451,0
2023-06-02 01:29:49,1685683790,25.3,35.3,98840,5.00,6.00,7.00,8.00,0.0166,0
2023-06-02 01:34:50,1685684090,25.2,36.2,98900,8.00,11.0,14.0,15.0,0.0320,0
2023-06-02 01:39:51,1685684391,25.0,36.2,98813,5.00,7.00,8.00,8.00,0.0412,0
2023-06-02 01:44:52,1685684692,24.8,36.7,98800,4.00,5.00,5.00,6.00,0.0545,0
2023-06-02 01:49:53,1685684993,24.6,37.1,98800,3.00,4.00,5.00,6.00,0.0413,0
2023-06-02 01:54:54,1685685295,24.5,37.6,98800,5.00,6.00,10.0,11.0,0.0143,0
2023-06-02 01:59:55,1685685596,24.3,37.7,98800,6.00,6.00,8.00,9.00,0.0286,0
2023-06-02 02:04:57,1685685897,24.2,37.9,98800,10.0,10.0,11.0,12.0,0.0105,0
2023-06-02 02:09:58,1685686198,24.2,38.0,98800,7.00,11.0,13.0,15.0,0.0523,0
2023-06-02 02:14:59,1685686500,24.3,38.6,98800,4.00,8.00,12.0,13.0,0.0813,0
2023-06-02 02:19:40,1685686781,24.3,38.3,98800,7.00,8.00,9.00,11.0,0.0813,0
2023-06-02 02:24:42,1685687082,24.4,37.9,98800,5.00,8.00,12.0,14.0,0.0619,0
2023-06-02 02:29:43,1685687384,24.6,37.6,98800,6.00,6.00,6.00,7.00,0.0295,0
2023-06-02 02:34:44,1685687685,24.8,37.4,98800,5.00,7.00,8.00,8.00,0.0263,0
2023-06-02 02:39:45,1685687986,25.0,37.1,98800,5.00,7.00,9.00,10.0,0.0163,0
2023-06-02 02:44:46,1685688287,25.0,37.0,98800,5.00,5.00,9.00,10.0,0.0117,0
2023-06-02 02:49:47,1685688588,25.1,37.0,98800,5.00,7.00,9.00,10.0,0.0197,0
2023-06-02 02:54:49,1685688889,25.1,37.0,98800,6.00,8.00,9.00,10.0,0.0151,0
2023-06-02 02:59:50,1685689190,25.1,36.8,98800,11.0,12.0,12.0,12.0,0.0151,0
2023-06-02 03:04:51,1685689491,25.2,36.7,98800,5.00,8.00,10.0,11.0,0.0394,0
2023-06-02 03:09:52,1685689792,25.2,36.7,98800,5.00,7.00,10.0,11.0,0.0286,0
2023-06-02 03:14:53,1685690093,25.2,36.7,98800,6.00,7.00,8.00,9.00,0.0247,0
2023-06-02 03:19:54,1685690394,25.2,36.7,98800,5.00,7.00,9.00,10.0,0.0453,0
2023-06-02 03:24:55,1685690695,25.2,36.3,98800,8.00,9.00,10.0,10.0,0.0566,0
2023-06-02 03:29:56,1685690996,25.3,36.4,98800,6.00,7.00,9.00,10.0,0.0566,0
2023-06-02 03:34:57,1685691297,25.3,36.5,98800,5.00,6.00,7.00,7.00,0.0296,0
2023-06-02 03:39:58,1685691598,25.3,36.6,98800,7.00,7.00,7.00,7.00,0.0304,0
2023-06-02 03:44:59,1685691899,25.3,36.6,98793,7.00,12.0,17.0,19.0,0.0241,0
2023-06-02 03:49:59,1685692200,25.2,36.6,98700,8.00,9.00,10.0,11.0,0.0229,0
2023-06-02 03:54:40,1685692480,25.2,36.6,98700,6.00,7.00,8.00,8.00,0.0229,0
2023-06-02 03:59:41,1685692781,25.2,36.5,98700,7.00,9.00,10.0,11.0,0.0235,0
2023-06-02 04:04:42,1685693082,25.2,36.4,98700,6.00,7.00,9.00,9.00,0.0175,0
2023-06-02 04:09:43,1685693383,25.2,36.7,98700,6.00,7.00,8.00,9.00,0.0175,0
2023-06-02 04:14:44,1685693684,25.2,36.6,98720,6.00,7.00,7.00,7.00,0.0120,0
2023-06-02 04:19:45,1685693985,25.2,36.6,98793,7.00,7.00,8.00,9.00,0.0109,0
2023-06-02 04:24:46,1685694286,25.2,36.4,98800,10.0,11.0,12.0,12.0,0.0184,0
2023-06-02 04:29:47,1685694587,25.2,36.5,98793,7.00,12.0,17.0,19.0,0.0783,0
2023-06-02 04:34:48,1685694888,25.2,36.7,98800,7.00,10.0,12.0,12.0,0.0783,0
2023-06-02 04:39:49,1685695189,25.1,36.8,98800,7.00,10.0,12.0,13.0,0.0254,0
2023-06-02 04:44:50,1685695490,25.1,37.2,98800,7.00,9.00,11.0,12.0,0.0218,0
2023-06-02 04:49:51,1685695791,25.0,37.5,98800,9.00,10.0,11.0,11.0,0.0218,0
2023-06-02 04:54:52,1685696092,24.9,37.8,98800,11.0,12.0,13.0,14.0,0.0444,0
2023-06-02 04:59:53,1685696393,24.8,38.3,98800,11.0,12.0,12.0,12.0,0.0235,0
2023-06-02 05:04:54,1685696695,24.6,38.6,98800,8.00,10.0,11.0,12.0,0.0315,0
2023-06-02 05:09:55,1685696996,24.4,39.0,98800,8.00,10.0,11.0,11.0,0.0308,0
2023-06-02 05:14:57,1685697297,24.3,39.3,98800,9.00,11.0,12.0,13.0,0.0340,0
2023-06-02 05:19:58,1685697599,24.2,39.8,98800,9.00,11.0,12.0,13.0,0.0195,0
2023-06-02 05:24:59,1685697900,24.1,40.2,98800,7.00,8.00,9.00,10.0,0.0336,0
2023-06-02 05:29:41,1685698181,24.0,40.4,98800,9.00,12.0,15.0,16.0,0.0297,0
2023-06-02 05:34:42,1685698483,23.9,40.8,98800,8.00,10.0,12.0,12.0,0.0110,0
2023-06-02 05:39:44,1685698784,23.8,41.2,98800,8.00,10.0,12.0,12.0,0.0119,0
2023-06-02 05:44:45,1685699086,23.7,41.5,98800,8.00,9.00,11.0,12.0,0.0149,0
2023-06-02 05:49:47,1685699388,23.6,41.8,98800,10.0,12.0,13.0,13.0,0.0129,0
2023-06-02 05:54:49,1685699689,23.6,42.3,98800,9.00,10.0,10.0,10.0,0.0161,0
2023-06-02 05:59:50,1685699991,23.5,42.9,98800,9.00,10.0,11.0,11.0,0.0331,0
2023-06-02 06:04:52,1685700293,23.4,43.0,98800,10.0,11.0,14.0,15.0,0.0795,0
2023-06-02 06:09:54,1685700594,23.4,43.3,98800,10.0,11.0,12.0,12.0,0.0795,0
2023-06-02 06:14:55,1685700896,23.3,43.7,98800,9.00,9.00,9.00,9.00,0.0700,0
2023-06-02 06:19:57,1685701198,23.2,43.9,98800,8.00,9.00,9.00,10.0,0.0380,0
2023-06-02 06:24:59,1685701499,23.2,44.2,98800,8.00,13.0,16.0,18.0,0.0190,0
2023-06-02 06:29:40,1685701781,23.2,44.6,98814,9.00,12.0,15.0,17.0,0.0482,0
2023-06-02 06:34:42,1685702082,23.1,44.8,98900,13.0,16.0,18.0,19.0,0.0425,0
2023-06-02 06:39:44,1685702384,23.1,45.2,98900,10.0,11.0,13.0,14.0,0.0386,0
2023-06-02 06:44:45,1685702686,23.1,45.4,98900,10.0,11.0,12.0,12.0,0.0426,0
2023-06-02 06:49:47,1685702988,23.0,45.8,98900,11.0,14.0,16.0,17.0,0.0670,0
2023-06-02 06:54:49,1685703289,22.9,45.8,98900,8.00,10.0,12.0,14.0,0.0735,0
2023-06-02 06:59:51,1685703591,22.9,46.4,98900,9.00,10.0,10.0,10.0,0.0229,0
2023-06-02 07:04:52,1685703893,22.8,46.3,98900,6.00,8.00,9.00,9.00,0.0229,0
2023-06-02 07:09:54,1685704195,22.7,46.6,98900,10.0,10.0,10.0,10.0,0.0343,0
2023-06-02 07:14:56,1685704497,22.7,47.0,98900,7.00,8.00,10.0,12.0,0.0367,0
2023-06-02 07:19:58,1685704799,22.7,47.3,98900,8.00,9.00,9.00,9.00,0.0428,0
2023-06-02 07:24:40,1685705080,22.7,47.3,98900,8.00,9.00,9.00,10.0,0.0314,0
2023-06-02 07:29:42,1685705382,22.7,47.7,98900,8.00,8.00,9.00,9.00,0.0166,0
2023-06-02 07:34:44,1685705684,22.7,48.0,98900,8.00,9.00,9.00,9.00,0.0154,0
2023-06-02 07:39:45,1685705986,22.7,48.2,98900,10.0,11.0,12.0,12.0,0.0142,0
2023-06-02 07:44:47,1685706288,22.7,48.2,98900,7.00,8.00,10.0,11.0,0.0238,0
2023-06-02 07:49:48,1685706588,22.8,48.6,98900,8.00,9.00,10.0,11.0,0.0197,0
2023-06-02 07:54:50,1685706890,22.8,48.8,98900,9.00,10.0,10.0,10.0,0.0165,0
2023-06-02 07:59:51,1685707192,22.9,48.9,98900,10.0,12.0,14.0,15.0,0.0132,0
2023-06-02 08:04:53,1685707493,23.0,48.6,98947,9.00,10.0,10.0,10.0,0.0187,0
2023-06-02 08:09:54,1685707795,23.2,48.3,99000,9.00,13.0,17.0,19.0,0.0388,0
2023-06-02 08:14:56,1685708097,23.3,47.7,99000,8.00,10.0,12.0,13.0,0.0513,0
2023-06-02 08:19:57,1685708398,23.5,47.2,99000,8.00,8.00,9.00,9.00,0.0246,0
2023-06-02 08:24:59,1685708699,23.7,47.0,99000,9.00,12.0,15.0,17.0,0.0249,0
2023-06-02 08:29:40,1685708980,24.0,46.4,99000,15.0,26.0,34.0,38.0,0.0732,0
2023-06-02 08:34:41,1685709281,24.3,45.3,99000,9.00,12.0,15.0,16.0,0.0527,0
2023-06-02 10:07:57,1685714878,26.9,36.4,99000,13.0,18.0,22.0,24.0,0.0483,0
2023-06-02 10:37:44,1685716664,25.3,37.0,99000,11.0,11.0,12.0,13.0,,
2023-06-02 10:49:03,1685717343,25.5,36.7,99000,24.0,61.0,90.0,105,,
2023-06-02 10:54:40,1685717680,25.5,36.1,99000,12.0,15.0,19.0,21.0,,
2023-06-02 10:59:40,1685717980,25.6,36.4,99000,11.0,14.0,18.0,20.0,1.00,0
2023-06-02 11:04:59,1685718300,25.9,36.1,99000,9.00,12.0,15.0,17.0,0.971,0
2023-06-02 11:09:59,1685718600,26.1,35.3,99000,53.0,170,266,313,1.13,0
2023-06-02 11:14:59,1685718899,26.1,34.9,99000,10.0,14.0,19.0,21.0,1.36,0
2023-06-02 11:17:58,1685719079,26.2,35.1,99000,11.0,18.0,25.0,28.0,0.826,0
2023-06-02 11:29:40,1685719781,26.2,34.2,99000,9.00,11.0,12.0,12.0,0.793,0
2023-06-02 11:34:43,1685720083,26.1,34.6,99000,10.0,15.0,19.0,21.0,0.840,0
2023-06-02 11:39:43,1685720383,26.2,34.7,99000,8.00,11.0,14.0,15.0,0.159,0
2023-06-02 11:42:43,1685720563,26.3,34.6,99000,7.00,8.00,9.00,10.0,0.0740,0
2023-06-02 11:54:44,1685721284,26.4,33.8,99000,6.00,7.00,10.0,11.0,0.0740,0
2023-06-02 11:57:23,1685721444,26.5,33.8,99000,9.00,10.0,11.0,12.0,0.0612,0
2023-06-02 12:04:56,1685721897,26.7,33.1,99000,6.00,8.00,10.0,11.0,0.0353,0
2023-06-02 12:09:56,1685722197,26.8,33.1,99000,5.00,6.00,6.00,6.00,0.0347,0
2023-06-02 12:14:55,1685722496,27.3,33.1,99000,8.00,9.00,11.0,11.0,0.0910,0
2023-06-02 12:19:54,1685722795,27.7,32.0,99000,8.00,25.0,39.0,45.0,0.322,0
2023-06-02 12:24:53,1685723094,27.7,31.5,99000,7.00,8.00,8.00,8.00,0.287,0
2023-06-02 12:29:52,1685723393,27.2,31.5,99000,9.00,10.0,12.0,13.0,0.254,0
2023-06-02 12:34:52,1685723692,26.6,32.3,99000,12.0,30.0,45.0,52.0,0.218,0
2023-06-02 12:35:51,1685723752,26.4,33.0,99000,5.00,11.0,16.0,18.0,0.200,0
2023-06-02 12:49:53,1685724593,26.1,33.7,99000,6.00,12.0,17.0,20.0,0.185,0
2023-06-02 12:52:12,1685724733,26.2,33.3,99000,12.0,36.0,56.0,66.0,0.0919,0
2023-06-02 13:04:49,1685725490,27.3,32.7,99000,5.00,7.00,9.00,10.0,0.0617,0
2023-06-02 13:09:48,1685725788,27.9,31.9,99000,7.00,10.0,14.0,16.0,0.131,0
2023-06-02 13:14:46,1685726087,28.5,30.7,99000,16.0,34.0,49.0,56.0,0.137,0
2023-06-02 13:19:44,1685726385,28.9,30.0,99000,9.00,10.0,10.0,11.0,0.127,0
2023-06-02 13:24:43,1685726683,28.9,29.4,99000,9.00,10.0,14.0,17.0,0.156,0
2023-06-02 13:29:40,1685726981,28.8,29.4,99000,7.00,7.00,7.00,8.00,0.0257,0
2023-06-02 13:34:58,1685727299,28.6,29.3,99000,6.00,7.00,9.00,10.0,0.0265,0
2023-06-02 13:39:57,1685727597,28.5,29.3,99000,6.00,9.00,12.0,14.0,0.0266,0
2023-06-02 13:44:54,1685727895,28.7,29.0,99000,4.00,8.00,10.0,12.0,0.0209,0
2023-06-02 13:49:52,1685728193,28.9,28.7,99000,5.00,8.00,12.0,13.0,0.0222,0
2023-06-02 13:54:50,1685728491,28.9,28.6,99000,7.00,10.0,13.0,15.0,0.0757,0
2023-06-02 13:58:29,1685728709,29.0,28.4,99000,4.00,5.00,7.00,8.00,0.0757,0
2023-06-02 14:04:54,1685729094,28.7,28.4,99000,5.00,7.00,10.0,11.0,0.149,0
2023-06-02 14:09:52,1685729393,28.7,28.2,99000,5.00,10.0,15.0,17.0,0.149,0
2023-06-02 14:14:51,1685729691,28.8,27.7,99000,11.0,18.0,22.0,25.0,0.322,0
2023-06-02 14:19:49,1685729990,29.0,27.9,99000,9.00,10.0,11.0,12.0,0.264,0
2023-06-02 14:24:47,1685730288,29.3,27.3,99000,9.00,14.0,18.0,20.0,0.168,0
2023-06-02 14:29:46,1685730586,29.7,26.6,99000,5.00,8.00,10.0,11.0,0.110,0
2023-06-02 14:34:44,1685730884,30.1,26.2,99000,5.00,8.00,10.0,12.0,0.0323,0
2023-06-02 14:39:42,1685731182,30.6,25.4,99000,7.00,8.00,8.00,8.00,0.0183,0
2023-06-02 14:44:59,1685731500,30.8,24.9,99000,5.00,9.00,12.0,14.0,0.0174,0
2023-06-02 14:49:57,1685731797,30.7,25.0,99000,7.00,11.0,13.0,15.0,0.0419,0
2023-06-02 14:54:55,1685732095,30.8,25.2,99000,6.00,10.0,16.0,18.0,0.0419,0
2023-06-02 14:59:52,1685732393,31.3,24.2,99000,7.00,19.0,30.0,35.0,0.0352,0
2023-06-02 15:04:49,1685732690,31.7,23.4,99000,7.00,11.0,13.0,15.0,0.115,0
2023-06-02 15:09:46,1685732987,31.8,23.2,99000,6.00,9.00,12.0,13.0,0.115,0
2023-06-02 15:14:43,1685733284,32.2,22.9,99000,7.00,13.0,17.0,19.0,0.0776,0
2023-06-02 15:19:40,1685733581,33.0,22.3,99000,7.00,11.0,14.0,15.0,0.0427,0
2023-06-02 15:24:57,1685733897,33.2,21.7,99000,5.00,7.00,9.00,10.0,0.0762,0
2023-06-02 15:29:54,1685734194,32.9,22.0,99000,6.00,7.00,7.00,7.00,0.0762,0
2023-06-02 15:34:51,1685734491,32.3,22.7,99000,5.00,6.00,8.00,9.00,0.0301,0
2023-06-02 15:39:48,1685734789,31.4,23.5,99000,6.00,6.00,7.00,8.00,0.0176,0
2023-06-02 15:44:46,1685735087,30.9,24.1,99000,5.00,7.00,9.00,10.0,0.0134,0
2023-06-02 15:49:44,1685735384,31.2,23.5,99000,9.00,11.0,16.0,18.0,0.0134,0
2023-06-02 15:54:41,1685735682,31.1,23.5,99000,6.00,8.00,9.00,11.0,0.0443,0
2023-06-02 15:59:59,1685735999,30.8,23.4,99000,7.00,8.00,8.00,9.00,0.0241,0
2023-06-02 16:04:57,1685736297,29.8,24.5,99000,7.00,11.0,14.0,16.0,0.0241,0
2023-06-02 16:09:55,1685736596,28.9,25.7,99000,8.00,9.00,11.0,13.0,0.0647,0
2023-06-02 16:14:54,1685736895,28.4,26.6,99000,7.00,9.00,10.0,12.0,0.0647,0
2023-06-02 16:19:53,1685737194,28.2,26.8,99000,6.00,9.00,11.0,12.0,0.0218,0
2023-06-02 16:24:52,1685737493,27.7,27.4,99000,7.00,11.0,16.0,19.0,0.0314,0
2023-06-02 16:29:51,1685737792,28.0,27.8,99000,5.00,8.00,11.0,13.0,0.0385,0
2023-06-02 16:34:50,1685738090,29.1,26.5,99000,7.00,10.0,13.0,15.0,0.0295,0
2023-06-02 16:39:48,1685738389,29.9,25.1,99000,11.0,13.0,15.0,16.0,0.0245,0
2023-06-02 16:44:46,1685738687,30.2,24.5,99000,7.00,9.00,12.0,14.0,0.0232,0
2023-06-02 16:49:44,1685738985,30.4,24.3,99000,7.00,8.00,9.00,10.0,0.0227,0
2023-06-02 16:54:42,1685739283,30.4,23.9,99000,7.00,8.00,9.00,10.0,0.0354,0
2023-06-02 16:59:40,1685739581,30.4,23.8,99000,5.00,7.00,9.00,10.0,0.0168,0
2023-06-02 17:04:58,1685739898,30.4,23.8,99000,9.00,10.0,11.0,11.0,0.0173,0
2023-06-02 17:09:56,1685740196,30.4,23.3,99000,8.00,10.0,11.0,13.0,0.0270,0
2023-06-02 17:14:54,1685740494,30.4,23.3,99000,8.00,11.0,14.0,16.0,0.0761,0
2023-06-02 17:19:52,1685740792,30.5,22.8,99000,10.0,15.0,19.0,21.0,0.0860,0
2023-06-02 17:24:50,1685741090,30.3,23.0,99007,9.00,10.0,11.0,11.0,0.100,0
2023-06-02 17:29:48,1685741389,30.1,23.1,99100,8.00,11.0,14.0,16.0,0.0510,0
2023-06-02 17:34:46,1685741687,29.7,23.7,99100,9.00,11.0,14.0,15.0,0.0144,0
2023-06-02 17:39:45,1685741985,29.1,24.2,99100,9.00,11.0,15.0,17.0,0.107,0
2023-06-02 17:44:44,1685742284,27.9,25.9,99100,8.00,10.0,12.0,13.0,0.0786,0
2023-06-02 17:49:43,1685742584,27.5,26.8,99100,9.00,19.0,27.0,31.0,0.0786,0
2023-06-02 17:54:43,1685742883,27.5,27.1,99100,7.00,10.0,14.0,15.0,0.0607,0
2023-06-02 17:59:42,1685743182,28.2,26.5,99100,10.0,11.0,11.0,11.0,0.0574,0
2023-06-02 18:04:40,1685743481,28.8,25.3,99100,8.00,14.0,20.0,23.0,0.0532,0
2023-06-02 18:09:59,1685743800,28.7,24.9,99100,9.00,14.0,18.0,20.0,0.0898,0
2023-06-02 18:14:58,1685744099,28.2,25.2,99100,10.0,12.0,13.0,14.0,0.0421,0
2023-06-02 18:19:57,1685744398,27.8,25.7,99100,12.0,14.0,15.0,15.0,0.0864,0
2023-06-02 18:24:57,1685744697,27.7,25.7,99100,9.00,12.0,13.0,15.0,0.0544,0
2023-06-02 18:29:56,1685744997,27.2,26.7,99100,8.00,10.0,13.0,14.0,0.100,0
2023-06-02 18:34:56,1685745296,26.4,27.6,99193,10.0,13.0,18.0,20.0,0.100,0
2023-06-02 18:39:56,1685745596,25.6,28.6,99200,11.0,15.0,19.0,21.0,0.137,0
2023-06-02 18:44:56,1685745897,24.8,29.2,99200,14.0,19.0,24.0,26.0,0.0528,0
2023-06-02 18:49:57,1685746198,24.1,29.9,99200,12.0,13.0,18.0,20.0,0.0703,0
2023-06-02 18:54:58,1685746499,23.4,30.7,99200,13.0,20.0,25.0,27.0,0.0980,0
2023-06-02 18:59:40,1685746780,22.8,31.4,99207,15.0,16.0,16.0,16.0,0.142,0
2023-06-02 19:04:41,1685747082,22.3,32.5,99300,9.00,11.0,13.0,14.0,0.205,0
2023-06-02 19:09:43,1685747383,21.7,32.7,99300,14.0,17.0,18.0,19.0,0.205,0
2023-06-02 19:14:45,1685747686,21.3,33.1,99300,10.0,11.0,13.0,15.0,0.0608,0
2023-06-02 19:19:47,1685747988,21.0,33.8,99300,11.0,16.0,20.0,22.0,0.0715,0
2023-06-02 19:24:50,1685748290,20.9,33.8,99300,10.0,13.0,20.0,23.0,0.0755,0
2023-06-02 19:29:52,1685748592,20.7,33.9,99300,7.00,8.00,10.0,11.0,0.0755,0
2023-06-02 19:34:55,1685748895,20.5,34.2,99300,13.0,16.0,18.0,18.0,0.195,0
2023-06-02 19:39:57,1685749198,20.3,34.2,99300,10.0,13.0,16.0,17.0,0.0735,0
2023-06-02 19:44:40,1685749480,20.1,34.4,99300,8.00,11.0,14.0,15.0,0.0389,0
2023-06-02 19:49:42,1685749783,20.0,34.4,99380,9.00,10.0,14.0,16.0,0.0389,0
2023-06-02 19:54:45,1685750086,19.7,34.5,99393,8.00,11.0,18.0,21.0,0.0348,0
2023-06-02 19:59:48,1685750389,19.5,35.1,99400,8.00,16.0,23.0,26.0,0.0451,0
2023-06-02 20:04:51,1685750692,19.3,35.4,99400,7.00,13.0,19.0,21.0,0.0451,0
2023-06-02 20:09:54,1685750995,19.1,35.4,99400,13.0,31.0,44.0,51.0,0.0537,0
2023-06-02 20:14:57,1685751298,19.0,35.6,99400,11.0,15.0,17.0,18.0,0.0654,0
2023-06-02 20:19:40,1685751581,18.9,35.7,99400,6.00,10.0,13.0,14.0,0.0654,0
2023-06-02 20:24:43,1685751884,18.8,36.0,99400,8.00,14.0,18.0,21.0,0.0599,0
2023-06-02 20:29:47,1685752187,18.7,36.1,99400,10.0,17.0,23.0,26.0,0.0838,0
2023-06-02 20:34:50,1685752491,18.5,36.2,99400,9.00,10.0,11.0,11.0,0.152,0
2023-06-02 20:39:54,1685752794,18.4,36.4,99400,10.0,22.0,32.0,37.0,0.1000,0
2023-06-02 20:44:57,1685753098,18.3,36.5,99400,9.00,11.0,14.0,16.0,0.169,0
2023-06-02 20:49:41,1685753381,18.3,36.5,99400,15.0,17.0,17.0,18.0,0.0529,0
2023-06-02 20:54:44,1685753685,18.2,36.2,99400,14.0,19.0,25.0,28.0,0.128,0
2023-06-02 20:59:48,1685753989,18.1,36.1,99400,12.0,14.0,15.0,16.0,0.191,0
2023-06-02 21:04:52,1685754292,18.0,35.9,99400,13.0,17.0,22.0,24.0,0.0697,0
2023-06-02 21:09:55,1685754596,17.9,36.1,99400,14.0,16.0,20.0,22.0,0.0558,0
2023-06-02 21:14:59,1685754899,17.8,35.5,99400,12.0,14.0,20.0,23.0,0.0814,0
2023-06-02 21:19:42,1685755183,17.7,35.5,99400,12.0,13.0,16.0,18.0,0.0837,0
2023-06-02 21:24:46,1685755486,17.7,35.3,99420,12.0,15.0,18.0,21.0,0.105,0
2023-06-02 21:29:50,1685755790,17.5,35.1,99453,10.0,16.0,22.0,25.0,0.105,0
2023-06-02 21:34:53,1685756094,17.4,35.1,99493,12.0,15.0,17.0,19.0,0.0491,0
2023-06-02 21:39:57,1685756398,17.2,34.9,99500,9.00,10.0,12.0,13.0,0.0638,0
2023-06-02 21:44:41,1685756682,17.1,34.8,99436,10.0,16.0,21.0,24.0,0.135,0
2023-06-02 21:49:45,1685756986,17.0,34.9,99480,10.0,13.0,15.0,16.0,0.0468,0
2023-06-02 21:54:49,1685757290,16.8,34.6,99400,9.00,11.0,13.0,14.0,0.0846,0
2023-06-02 21:59:53,1685757594,16.7,35.0,99400,10.0,13.0,15.0,17.0,0.0846,0
2023-06-02 22:04:57,1685757898,16.5,34.7,99413,9.00,13.0,15.0,16.0,0.0642,0
2023-06-02 22:09:41,1685758182,16.4,35.1,99464,10.0,14.0,20.0,23.0,0.0642,0
2023-06-02 22:14:45,1685758486,16.3,35.4,99500,8.00,10.0,12.0,13.0,0.0806,0
2023-06-02 22:19:50,1685758790,16.1,35.2,99500,9.00,12.0,15.0,17.0,0.0730,0
2023-06-02 22:24:54,1685759094,16.0,35.3,99500,8.00,11.0,13.0,14.0,0.0221,0
2023-06-02 22:29:58,1685759399,15.9,35.4,99500,13.0,14.0,15.0,17.0,0.0305,0
2023-06-02 22:34:42,1685759683,15.7,35.5,99500,14.0,18.0,22.0,25.0,0.0688,0
2023-06-02 22:39:47,1685759987,15.5,35.5,99500,6.00,8.00,10.0,11.0,0.0723,0
2023-06-02 22:44:52,1685760292,15.4,35.9,99500,8.00,10.0,13.0,15.0,0.236,0
2023-06-02 22:49:56,1685760597,15.2,35.9,99500,10.0,15.0,19.0,20.0,0.0388,0
2023-06-02 22:54:41,1685760882,15.1,36.1,99500,8.00,15.0,23.0,26.0,0.0386,0
2023-06-02 22:59:46,1685761186,15.0,35.8,99500,8.00,10.0,13.0,15.0,0.0449,0
2023-06-02 23:04:51,1685761491,15.0,36.2,99500,8.00,9.00,10.0,11.0,0.0464,0
2023-06-02 23:09:55,1685761796,14.9,35.7,99500,8.00,8.00,10.0,10.0,0.0291,0
2023-06-02 23:14:40,1685762080,14.8,35.1,99500,6.00,8.00,11.0,13.0,0.0510,0
2023-06-02 23:19:45,1685762385,14.9,34.7,99500,7.00,11.0,17.0,19.0,0.0208,0
2023-06-02 23:24:50,1685762690,15.0,34.2,99500,7.00,14.0,21.0,24.0,0.0647,0
2023-06-02 23:29:54,1685762995,15.1,34.0,99500,8.00,12.0,17.0,20.0,0.0861,0
2023-06-02 23:34:59,1685763300,15.1,33.5,99500,8.00,9.00,12.0,13.0,0.0605,0
2023-06-02 23:39:44,1685763584,15.2,33.4,99500,6.00,9.00,12.0,14.0,0.0795,0
2023-06-02 23:44:48,1685763889,15.2,33.4,99500,8.00,11.0,13.0,14.0,0.0452,0
2023-06-02 23:49:53,1685764194,15.2,33.7,99500,7.00,9.00,11.0,13.0,0.0452,0
2023-06-02 23:54:58,1685764499,15.1,33.8,99500,9.00,10.0,12.0,12.0,0.0308,0
2023-06-02 23:59:43,1685764783,14.9,34.0,99500,8.00,9.00,11.0,12.0,0.0691,0
2023-06-03 00:04:48,1685765088,14.7,34.3,99500,7.00,10.0,13.0,15.0,0.0656,0
2023-06-03 00:09:52,1685765393,14.5,34.9,99500,9.00,10.0,13.0,14.0,0.0792,0
2023-06-03 00:14:58,1685765698,14.3,35.9,99500,6.00,9.00,12.0,13.0,0.0353,0
2023-06-03 00:19:42,1685765983,14.0,36.5,99500,7.00,8.00,10.0,11.0,0.0256,0
2023-06-03 00:24:47,1685766288,13.6,37.3,99500,11.0,13.0,14.0,15.0,0.0398,0
2023-06-03 00:29:53,1685766593,13.3,37.6,99500,7.00,14.0,19.0,21.0,0.0429,0
2023-06-03 00:34:58,1685766899,13.0,38.1,99500,8.00,12.0,17.0,19.0,0.0478,0
2023-06-03 00:39:44,1685767184,12.7,38.7,99500,9.00,11.0,13.0,14.0,0.0649,0
2023-06-03 00:44:49,1685767490,12.5,39.2,99500,9.00,13.0,17.0,18.0,0.0240,0
2023-06-03 00:49:55,1685767795,12.3,40.1,99500,8.00,13.0,16.0,17.0,0.0185,0
2023-06-03 00:54:40,1685768081,12.0,40.8,99500,6.00,10.0,12.0,14.0,0.0472,0
2023-06-03 00:59:46,1685768387,11.9,41.7,99500,9.00,14.0,18.0,20.0,0.122,0
2023-06-03 01:04:51,1685768692,11.7,42.3,99500,8.00,13.0,20.0,23.0,0.191,0
2023-06-03 01:09:57,1685768998,11.6,42.9,99500,7.00,10.0,14.0,16.0,0.191,0
2023-06-03 01:14:43,1685769283,11.5,43.4,99500,6.00,9.00,12.0,13.0,0.144,0
2023-06-03 01:19:49,1685769590,11.3,43.8,99500,7.00,8.00,9.00,9.00,0.144,0
2023-06-03 01:24:55,1685769896,11.2,44.2,99500,8.00,12.0,18.0,21.0,0.0424,0
2023-06-03 01:29:41,1685770182,11.0,44.6,99500,8.00,9.00,11.0,12.0,0.100,0
2023-06-03 01:34:47,1685770488,10.9,44.9,99500,5.00,7.00,9.00,10.0,0.0762,0
2023-06-03 01:39:54,1685770794,10.7,45.3,99500,7.00,11.0,14.0,15.0,0.0838,0
2023-06-03 01:44:40,1685771080,10.6,45.6,99550,6.00,7.00,10.0,12.0,0.0267,0
2023-06-03 01:49:46,1685771386,10.5,45.8,99600,6.00,10.0,15.0,18.0,0.0179,0
2023-06-03 01:54:52,1685771693,10.3,46.2,99600,10.0,16.0,25.0,30.0,0.0354,0
2023-06-03 01:59:59,1685771999,10.2,46.8,99600,6.00,9.00,13.0,15.0,0.0771,0
2023-06-03 02:04:45,1685772285,10.1,47.2,99600,6.00,8.00,12.0,14.0,0.0655,0
2023-06-03 02:09:51,1685772592,10.0,47.2,99600,8.00,11.0,15.0,16.0,0.0585,0
2023-06-03 02:14:58,1685772898,9.93,47.6,99600,7.00,15.0,24.0,28.0,0.0487,0
2023-06-03 02:19:44,1685773184,9.85,48.4,99600,4.00,8.00,11.0,12.0,0.0248,0
2023-06-03 02:24:51,1685773491,9.87,49.1,99600,6.00,21.0,33.0,39.0,0.0243,0
2023-06-03 02:29:57,1685773798,9.91,48.8,99600,5.00,17.0,28.0,33.0,0.0712,0
2023-06-03 02:34:43,1685774084,9.93,48.7,99600,8.00,9.00,12.0,13.0,0.0712,0
2023-06-03 02:39:50,1685774390,9.97,48.8,99600,5.00,7.00,9.00,10.0,0.159,0
2023-06-03 02:44:57,1685774697,10.1,49.5,99600,8.00,8.00,10.0,11.0,0.0869,0
2023-06-03 02:49:43,1685774983,10.4,50.0,99600,4.00,6.00,7.00,8.00,0.0715,0
2023-06-03 02:54:49,1685775289,10.8,49.4,99600,7.00,8.00,8.00,8.00,0.0257,0
2023-06-03 02:59:55,1685775596,11.2,48.7,99600,5.00,11.0,15.0,18.0,0.0201,0
2023-06-03 03:04:41,1685775882,11.4,47.9,99600,5.00,7.00,10.0,12.0,0.0810,0
2023-06-03 03:09:48,1685776188,11.6,47.1,99600,5.00,8.00,11.0,13.0,0.0590,0
2023-06-03 03:14:54,1685776494,11.7,46.7,99600,9.00,12.0,15.0,16.0,0.0298,0
2023-06-03 03:19:39,1685776780,11.8,46.4,99600,7.00,9.00,10.0,11.0,0.0271,0
2023-06-03 03:24:46,1685777086,11.8,46.1,99600,5.00,8.00,10.0,12.0,0.0144,0
2023-06-03 03:29:52,1685777392,11.8,46.0,99600,6.00,8.00,10.0,11.0,0.0159,0
2023-06-03 03:34:58,1685777698,11.8,45.8,99600,5.00,7.00,11.0,13.0,0.0215,0
2023-06-03 03:39:43,1685777984,11.8,46.3,99600,5.00,9.00,13.0,16.0,0.0194,0
2023-06-03 03:44:49,1685778290,11.8,46.7,99600,5.00,8.00,11.0,12.0,0.0267,0
2023-06-03 03:49:55,1685778596,11.8,47.1,99600,5.00,11.0,16.0,19.0,0.0175,0
2023-06-03 03:54:41,1685778882,11.7,47.6,99600,5.00,8.00,10.0,11.0,0.0187,0
2023-06-03 03:59:47,1685779188,11.8,48.0,99600,5.00,8.00,10.0,11.0,0.0616,0
2023-06-03 04:04:53,1685779494,11.8,47.7,99600,7.00,13.0,20.0,24.0,0.0361,0
2023-06-03 04:09:59,1685779800,11.7,47.5,99600,5.00,7.00,9.00,10.0,0.0606,0
2023-06-03 04:14:45,1685780085,11.8,47.2,99600,3.00,12.0,19.0,22.0,0.0606,0
2023-06-03 04:19:51,1685780391,11.8,47.0,99600,6.00,13.0,21.0,25.0,0.0746,0
2023-06-03 04:24:57,1685780697,11.9,46.6,99600,6.00,8.00,10.0,11.0,0.118,0
2023-06-03 04:29:42,1685780983,12.0,46.4,99600,4.00,8.00,11.0,13.0,0.0769,0
2023-06-03 04:34:48,1685781289,12.1,46.4,99600,6.00,11.0,16.0,19.0,0.0388,0
2023-06-03 04:39:54,1685781595,12.2,46.3,99600,5.00,14.0,21.0,24.0,0.0742,0
2023-06-03 04:44:39,1685781880,12.4,45.6,99600,8.00,12.0,16.0,18.0,0.0362,0
2023-06-03 04:49:45,1685782186,12.6,45.7,99600,5.00,11.0,17.0,20.0,0.0596,0
2023-06-03 04:54:51,1685782491,12.9,45.0,99600,7.00,10.0,15.0,18.0,0.0858,0
2023-06-03 04:59:56,1685782797,13.0,44.6,99600,7.00,11.0,16.0,19.0,0.0287,0
2023-06-03 05:04:40,1685783081,13.1,44.2,99600,7.00,11.0,18.0,21.0,0.0287,0
2023-06-03 05:09:46,1685783386,13.1,44.2,99600,5.00,10.0,14.0,17.0,0.0184,0
2023-06-03 05:14:51,1685783692,13.2,44.3,99600,9.00,18.0,26.0,29.0,0.0224,0
2023-06-03 05:19:57,1685783997,13.2,44.0,99633,4.00,5.00,6.00,6.00,0.205,0
2023-06-03 05:24:42,1685784283,13.3,44.0,99700,5.00,7.00,9.00,10.0,0.155,0
2023-06-03 05:29:47,1685784588,13.3,43.7,99700,6.00,9.00,11.0,13.0,0.0474,0
2023-06-03 05:34:53,1685784893,13.4,43.7,99700,6.00,8.00,10.0,11.0,0.0570,0
2023-06-03 05:39:58,1685785199,13.4,43.7,99700,5.00,8.00,10.0,11.0,0.0279,0
2023-06-03 05:44:43,1685785484,13.5,42.8,99700,6.00,13.0,20.0,23.0,0.0606,0
2023-06-03 05:49:48,1685785789,13.5,42.1,99700,6.00,8.00,10.0,11.0,0.0606,0
2023-06-03 05:54:53,1685786094,13.6,41.8,99700,3.00,7.00,10.0,11.0,0.117,0
2023-06-03 05:59:58,1685786399,13.8,41.5,99700,5.00,7.00,9.00,10.0,0.0358,0
2023-06-03 06:04:43,1685786683,13.9,41.4,99700,8.00,8.00,8.00,8.00,0.0263,0
2023-06-03 06:09:48,1685786988,13.9,41.4,99700,3.00,11.0,18.0,21.0,0.0227,0
2023-06-03 06:14:53,1685787293,14.0,41.5,99700,5.00,9.00,12.0,14.0,0.0159,0
2023-06-03 06:19:58,1685787598,14.1,41.0,99700,3.00,4.00,5.00,6.00,0.0184,0
2023-06-03 06:24:43,1685787883,14.2,40.3,99700,5.00,7.00,8.00,9.00,0.0204,0
2023-06-03 06:29:48,1685788188,14.3,40.0,99700,4.00,6.00,9.00,10.0,0.0225,0
2023-06-03 06:34:53,1685788493,14.4,39.6,99700,5.00,11.0,18.0,21.0,0.0169,0
2023-06-03 06:39:57,1685788798,14.6,38.9,99700,3.00,6.00,8.00,9.00,0.0177,0
2023-06-03 06:44:42,1685789083,14.8,38.4,99700,2.00,5.00,7.00,8.00,0.0524,0
2023-06-03 06:49:47,1685789387,15.0,37.2,99787,3.00,11.0,17.0,20.0,0.0402,0
2023-06-03 06:54:51,1685789692,15.3,36.6,99800,2.00,4.00,7.00,8.00,0.0472,0
2023-06-03 06:59:55,1685789996,15.6,36.5,99800,2.00,5.00,7.00,9.00,0.0472,0
2023-06-03 07:04:40,1685790280,15.8,35.9,99800,2.00,5.00,8.00,9.00,0.0213,0
2023-06-03 07:09:44,1685790585,16.1,35.2,99800,4.00,8.00,12.0,14.0,0.0280,0
2023-06-03 07:14:48,1685790889,16.4,34.5,99800,2.00,3.00,5.00,6.00,0.0350,0
2023-06-03 07:19:52,1685791193,16.7,33.7,99800,2.00,6.00,10.0,12.0,0.0464,0
2023-06-03 07:24:56,1685791496,17.1,33.2,99800,4.00,10.0,15.0,18.0,0.0673,0
2023-06-03 07:29:59,1685791800,17.4,32.5,99800,21.0,82.0,132,156,0.0841,0
2023-06-03 07:34:43,1685792083,17.7,31.6,99800,2.00,7.00,10.0,12.0,0.0816,0
2023-06-03 07:39:46,1685792387,17.9,30.7,99800,2.00,6.00,10.0,12.0,0.0816,0
2023-06-03 07:44:49,1685792690,18.1,30.2,99800,2.00,4.00,7.00,9.00,0.0604,0
2023-06-03 07:49:52,1685792993,18.2,29.5,99800,2.00,3.00,5.00,6.00,0.0284,0
2023-06-03 07:54:55,1685793296,18.4,28.9,99800,4.00,5.00,8.00,9.00,0.0364,0
2023-06-03 07:59:58,1685793599,18.5,29.5,99800,2.00,4.00,7.00,9.00,0.0290,0
2023-06-03 08:04:01,1685793841,18.6,28.3,99817,1.00,5.00,9.00,11.0,0.0328,0
2023-06-03 08:24:56,1685795097,19.4,28.3,99800,8.00,22.0,34.0,40.0,,
2023-06-03 08:29:58,1685795399,19.5,28.0,99800,2.00,5.00,8.00,10.0,,
2023-06-03 08:34:40,1685795681,19.6,27.2,99864,3.00,7.00,10.0,12.0,,
2023-06-03 08:39:43,1685795983,19.6,27.3,99900,6.00,22.0,36.0,42.0,0.158,0
2023-06-03 08:44:44,1685796285,19.7,27.2,99893,2.00,4.00,7.00,9.00,0.0847,0
2023-06-03 08:49:46,1685796587,19.8,27.4,99893,4.00,5.00,6.00,6.00,0.115,0
2023-06-03 08:54:48,1685796889,19.9,27.1,99900,2.00,7.00,11.0,14.0,0.0814,0
2023-06-03 08:59:51,1685797191,19.9,27.1,99887,3.00,11.0,18.0,21.0,0.0689,0
2023-06-03 09:04:53,1685797493,20.0,26.8,99900,1.00,3.00,4.00,5.00,0.0769,0
2023-06-03 09:09:55,1685797796,20.1,26.7,99900,16.0,48.0,74.0,87.0,0.101,0
2023-06-03 09:14:17,1685798057,20.3,26.3,99900,2.00,5.00,8.00,9.00,0.187,0
2023-06-03 09:19:50,1685798390,20.7,26.2,99875,1e-7,2.00,4.00,4.00,0.145,0
2023-06-03 09:24:52,1685798692,20.9,25.9,99860,3.00,4.00,5.00,6.00,0.160,0
2023-06-03 09:29:54,1685798994,21.1,25.6,99893,1.00,5.00,9.00,11.0,0.0633,0
2023-06-03 09:34:56,1685799296,21.2,24.9,99800,3.00,4.00,6.00,7.00,0.0211,0
2023-06-03 09:39:58,1685799598,21.2,24.1,99800,2.00,9.00,15.0,18.0,0.0160,0
2023-06-03 09:44:40,1685799880,21.1,24.3,99800,2.00,5.00,8.00,9.00,0.0159,0
2023-06-03 09:49:42,1685800183,21.1,24.2,99800,2.00,3.00,5.00,6.00,0.0216,0
2023-06-03 09:54:45,1685800485,21.0,24.2,99800,19.0,62.0,98.0,115,0.182,0
2023-06-03 09:59:47,1685800787,21.1,24.4,99800,2.00,7.00,11.0,13.0,0.531,0
2023-06-03 10:04:49,1685801090,21.2,24.2,99800,2.00,5.00,7.00,8.00,0.534,0
2023-06-03 10:09:52,1685801392,21.2,24.4,99800,1.00,4.00,7.00,9.00,0.523,0
2023-06-03 10:14:54,1685801695,21.2,24.1,99800,2.00,5.00,8.00,9.00,0.0155,0
2023-06-03 10:19:56,1685801997,21.2,24.0,99800,2.00,6.00,9.00,11.0,0.0307,0
2023-06-03 10:24:59,1685802300,21.1,23.9,99800,2.00,5.00,8.00,9.00,0.0340,0
2023-06-03 10:29:42,1685802582,21.1,24.2,99800,2.00,3.00,5.00,6.00,0.0340,0
2023-06-03 10:34:44,1685802884,21.2,24.4,99800,3.00,6.00,9.00,10.0,0.0121,0
2023-06-03 10:39:46,1685803187,21.3,24.4,99800,7.00,25.0,39.0,46.0,0.0145,0
2023-06-03 10:44:49,1685803489,21.3,24.9,99800,3.00,12.0,20.0,23.0,0.294,0
2023-06-03 10:49:51,1685803792,21.3,25.4,99800,4.00,16.0,26.0,30.0,0.388,0
2023-06-03 10:54:53,1685804094,21.4,25.2,99800,3.00,9.00,14.0,17.0,0.241,0
2023-06-03 10:59:55,1685804396,21.4,25.2,99800,2.00,6.00,9.00,11.0,0.0385,0
2023-06-03 11:04:57,1685804698,21.6,25.2,99800,2.00,6.00,10.0,12.0,0.0515,0
2023-06-03 11:09:59,1685804999,21.9,24.7,99800,2.00,4.00,7.00,9.00,0.0341,0
2023-06-03 11:14:40,1685805281,22.1,24.5,99800,4.00,12.0,19.0,22.0,0.0312,0
2023-06-03 11:19:42,1685805582,22.4,24.4,99800,2.00,4.00,7.00,8.00,0.0581,0
2023-06-03 11:24:43,1685805884,22.6,23.8,99800,5.00,7.00,10.0,12.0,0.0809,0
2023-06-03 11:29:45,1685806185,22.5,23.5,99800,2.00,5.00,7.00,9.00,0.0564,0
2023-06-03 11:34:46,1685806487,22.0,23.6,99800,2.00,5.00,9.00,11.0,0.0431,0
2023-06-03 11:39:49,1685806789,21.6,24.1,99800,2.00,8.00,13.0,15.0,0.0319,0
2023-06-03 11:44:51,1685807091,21.4,24.5,99800,3.00,9.00,14.0,16.0,0.0228,0
2023-06-03 11:49:53,1685807393,21.4,24.9,99800,1.00,3.00,5.00,6.00,0.0465,0
2023-06-03 11:54:55,1685807695,21.7,24.9,99800,3.00,5.00,7.00,8.00,0.0568,0
2023-06-03 11:59:36,1685807976,22.0,24.7,99800,3.00,10.0,16.0,19.0,0.0443,0
2023-06-03 12:09:57,1685808597,22.5,24.0,99800,2.00,3.00,6.00,7.00,0.0308,0
2023-06-03 12:14:58,1685808898,22.5,24.1,99800,2.00,4.00,7.00,9.00,0.0308,0
2023-06-03 12:19:59,1685809200,22.5,24.3,99800,2.00,8.00,14.0,17.0,0.0234,0
2023-06-03 12:24:59,1685809500,22.7,24.5,99800,2.00,4.00,7.00,9.00,0.0242,0
2023-06-03 12:29:40,1685809780,22.9,24.3,99800,2.00,6.00,10.0,12.0,0.0433,0
2023-06-03 12:34:41,1685810081,23.1,24.4,99800,2.00,5.00,8.00,9.00,0.0393,0
2023-06-03 12:39:41,1685810382,23.3,24.1,99800,1.00,3.00,5.00,6.00,0.0412,0
2023-06-03 12:44:42,1685810682,23.6,24.3,99800,3.00,4.00,5.00,6.00,0.0221,0
2023-06-03 12:49:42,1685810982,24.0,23.9,99727,3.00,6.00,9.00,11.0,0.0162,0
2023-06-03 12:54:42,1685811282,24.3,23.2,99733,1.00,3.00,5.00,6.00,0.0136,0
2023-06-03 12:59:42,1685811583,24.6,23.0,99700,2.00,5.00,8.00,9.00,0.0389,0
2023-06-03 13:04:42,1685811882,24.7,22.7,99733,2.00,10.0,16.0,19.0,0.0411,0
2023-06-03 13:09:42,1685812182,24.9,22.6,99700,2.00,5.00,8.00,10.0,0.0523,0
2023-06-03 13:14:42,1685812482,25.1,22.2,99700,3.00,13.0,22.0,25.0,0.0417,0
2023-06-03 13:19:41,1685812782,25.3,22.5,99700,4.00,6.00,8.00,9.00,0.0697,0
2023-06-03 13:24:41,1685813081,25.7,21.7,99700,2.00,4.00,7.00,8.00,0.0664,0
2023-06-03 13:29:41,1685813381,25.8,21.2,99700,2.00,8.00,14.0,16.0,0.0492,0
2023-06-03 13:34:40,1685813681,25.8,20.8,99700,7.00,18.0,27.0,32.0,0.0622,0
2023-06-03 13:39:40,1685813980,25.9,21.1,99700,2.00,4.00,6.00,7.00,0.0622,0
2023-06-03 13:44:59,1685814300,26.2,20.5,99700,2.00,5.00,8.00,9.00,0.138,0
2023-06-03 13:49:58,1685814599,26.5,20.2,99700,32.0,120,192,228,0.0584,0
2023-06-03 13:54:57,1685814898,26.8,19.6,99700,10.0,34.0,54.0,64.0,0.361,0
2023-06-03 13:59:56,1685815197,26.8,19.5,99700,3.00,10.0,16.0,19.0,0.394,0
2023-06-03 14:04:56,1685815496,26.6,19.3,99700,15.0,54.0,85.0,101,0.336,0
2023-06-03 14:09:55,1685815795,26.8,19.3,99700,2.00,5.00,9.00,11.0,0.0969,0
2023-06-03 14:14:54,1685816094,27.1,18.6,99700,2.00,3.00,5.00,6.00,0.0765,0
2023-06-03 14:19:53,1685816393,27.1,18.4,99700,1.00,2.00,4.00,4.00,0.0164,0
2023-06-03 14:24:51,1685816692,27.3,18.4,99700,2.00,8.00,13.0,15.0,0.0110,0
2023-06-03 14:29:50,1685816991,27.4,18.2,99700,2.00,9.00,15.0,18.0,0.0524,0
2023-06-03 14:34:49,1685817290,27.7,17.6,99700,2.00,3.00,5.00,6.00,0.0775,0
2023-06-03 14:39:48,1685817589,27.8,17.4,99700,2.00,6.00,9.00,11.0,0.0387,0
2023-06-03 14:44:47,1685817887,28.0,17.2,99700,3.00,5.00,8.00,9.00,0.0428,0
2023-06-03 14:49:45,1685818186,28.3,16.6,99700,5.00,11.0,15.0,18.0,0.0579,0
2023-06-03 14:54:44,1685818484,28.5,16.3,99700,4.00,14.0,23.0,27.0,0.340,0
2023-06-03 14:59:42,1685818783,28.6,15.9,99700,3.00,9.00,14.0,16.0,0.362,0
2023-06-03 15:04:41,1685819081,28.9,15.8,99700,3.00,5.00,7.00,8.00,0.379,0
2023-06-03 15:09:59,1685819399,29.4,15.3,99700,2.00,4.00,6.00,7.00,0.0737,0
2023-06-03 15:14:57,1685819698,29.6,14.7,99667,2.00,5.00,8.00,9.00,0.0275,0
2023-06-03 15:19:55,1685819996,29.6,14.3,99600,2.00,5.00,8.00,9.00,0.0151,0
2023-06-03 15:24:53,1685820294,29.5,14.4,99673,12.0,42.0,67.0,79.0,0.218,0
2023-06-03 15:29:52,1685820592,29.5,14.5,99600,3.00,8.00,13.0,15.0,0.319,0
2023-06-03 15:34:50,1685820890,29.6,13.6,99600,2.00,5.00,8.00,9.00,0.293,1.11
2023-06-03 15:39:48,1685821188,29.7,13.7,99600,4.00,8.00,10.0,12.0,0.293,1.07
2023-06-03 15:44:46,1685821487,30.0,13.3,99600,2.00,6.00,9.00,11.0,0.0211,0
2023-06-03 15:49:44,1685821785,30.2,12.8,99600,2.00,3.00,4.00,5.00,0.0227,0
2023-06-03 15:54:42,1685822082,30.3,12.6,99600,2.00,6.00,9.00,11.0,0.0226,0
2023-06-03 15:59:59,1685822400,30.6,12.5,99600,2.00,9.00,15.0,17.0,0.0211,0
2023-06-03 16:04:57,1685822698,30.9,11.8,99600,2.00,4.00,5.00,6.00,0.0211,0
2023-06-03 16:09:54,1685822995,31.2,11.6,99600,2.00,9.00,15.0,18.0,0.0229,0
2023-06-03 16:14:52,1685823292,31.2,10.9,99600,1.00,3.00,5.00,5.00,0.0372,0
2023-06-03 16:19:50,1685823590,31.0,11.3,99600,2.00,7.00,11.0,13.0,0.0566,0
2023-06-03 16:24:48,1685823888,31.2,11.5,99600,2.00,5.00,7.00,9.00,0.0392,0
2023-06-03 16:29:45,1685824186,31.4,10.9,99600,2.00,7.00,11.0,13.0,0.0321,0
2023-06-03 16:34:43,1685824483,31.2,11.0,99600,2.00,5.00,8.00,9.00,0.0221,0
2023-06-03 16:39:41,1685824781,31.0,11.1,99600,2.00,6.00,9.00,11.0,0.0172,0
2023-06-03 16:44:58,1685825099,31.1,11.1,99600,3.00,7.00,11.0,13.0,0.0234,0
2023-06-03 16:49:56,1685825396,31.3,10.7,99600,3.00,6.00,9.00,10.0,0.0173,0
2023-06-03 16:54:53,1685825694,31.2,10.7,99600,4.00,7.00,10.0,12.0,0.0385,0
2023-06-03 16:59:51,1685825992,31.2,10.8,99600,2.00,3.00,4.00,5.00,0.0159,0
2023-06-03 17:04:49,1685826289,31.2,11.0,99600,1.00,3.00,6.00,7.00,0.0163,0
2023-06-03 17:09:46,1685826587,31.6,10.7,99600,4.00,8.00,12.0,14.0,0.0209,0
2023-06-03 17:14:44,1685826884,31.4,10.2,99600,2.00,4.00,5.00,6.00,0.0234,0
2023-06-03 17:19:42,1685827182,30.9,10.5,99600,1.00,4.00,7.00,8.00,0.0181,0
2023-06-03 17:24:59,1685827500,30.8,10.5,99600,2.00,4.00,6.00,8.00,0.0160,0
2023-06-03 17:29:57,1685827798,30.7,10.8,99600,2.00,6.00,10.0,12.0,0.0290,0
2023-06-03 17:34:55,1685828095,30.6,10.8,99600,3.00,7.00,11.0,13.0,0.0290,0
2023-06-03 17:39:53,1685828393,30.6,10.8,99600,2.00,6.00,9.00,11.0,0.0154,0
2023-06-03 17:44:51,1685828691,30.5,10.7,99600,4.00,5.00,7.00,7.00,0.0583,0
2023-06-03 17:49:49,1685828989,30.3,10.9,99600,2.00,8.00,13.0,15.0,0.0246,0
2023-06-03 17:54:47,1685829287,30.2,10.8,99600,7.00,8.00,10.0,10.0,0.0251,0
2023-06-03 17:59:45,1685829585,30.1,11.1,99600,2.00,5.00,8.00,9.00,0.0173,0
2023-06-03 18:04:43,1685829884,29.9,11.1,99600,2.00,6.00,9.00,11.0,0.0190,0
2023-06-03 18:09:41,1685830182,29.6,11.4,99600,2.00,5.00,9.00,10.0,0.0407,0
2023-06-03 18:14:40,1685830480,29.1,11.6,99600,2.00,4.00,5.00,6.00,0.0568,0
2023-06-03 18:19:59,1685830799,28.7,12.1,99600,4.00,8.00,11.0,13.0,0.0568,0
2023-06-03 18:24:56,1685831097,29.0,12.2,99600,2.00,5.00,9.00,11.0,0.0457,0
2023-06-03 18:29:55,1685831396,28.4,12.2,99600,2.00,6.00,10.0,12.0,0.0301,0
2023-06-03 18:34:54,1685831695,27.1,12.8,99600,2.00,4.00,6.00,6.00,0.0681,0
2023-06-03 18:39:54,1685831995,25.7,13.7,99600,2.00,8.00,13.0,16.0,0.0513,0.787
2023-06-03 18:44:55,1685832295,24.3,14.7,99600,3.00,12.0,19.0,23.0,0.0548,0.874
2023-06-03 18:49:55,1685832596,23.2,16.0,99600,4.00,8.00,13.0,15.0,0.161,0.861
2023-06-03 18:54:57,1685832897,22.5,16.4,99600,2.00,7.00,11.0,13.0,0.161,0.861
2023-06-03 18:59:58,1685833199,22.0,17.1,99600,1.00,3.00,4.00,5.00,0.0776,0
2023-06-03 19:04:40,1685833480,21.6,17.7,99600,2.00,7.00,10.0,12.0,0.0772,0.705
2023-06-03 19:09:42,1685833782,21.3,17.7,99600,2.00,7.00,11.0,13.0,0.0377,0
2023-06-03 19:14:44,1685834084,20.9,18.2,99600,2.00,4.00,6.00,7.00,0.0250,0
2023-06-03 19:19:46,1685834387,20.7,18.9,99600,3.00,12.0,19.0,23.0,0.0197,0
2023-06-03 19:24:48,1685834689,20.4,19.4,99600,3.00,7.00,11.0,13.0,0.0227,0
2023-06-03 19:29:51,1685834992,19.8,20.5,99600,2.00,7.00,11.0,14.0,0.0308,0.991
2023-06-03 19:34:54,1685835295,19.1,21.5,99613,2.00,3.00,5.00,6.00,0.0544,1.66
2023-06-03 19:39:57,1685835598,18.6,22.2,99693,2.00,5.00,7.00,9.00,0.0419,1.66
2023-06-03 19:44:40,1685835881,18.0,22.7,99700,1.00,5.00,9.00,11.0,0.0195,1.28
2023-06-03 19:49:44,1685836184,17.5,23.4,99687,2.00,5.00,8.00,10.0,0.0149,0.886
2023-06-03 19:54:47,1685836488,17.0,24.1,99700,2.00,4.00,6.00,7.00,0.0139,0
2023-06-03 19:59:51,1685836792,16.6,24.6,99693,2.00,5.00,8.00,9.00,0.0194,0
2023-06-03 20:04:55,1685837096,16.2,25.1,99687,3.00,7.00,9.00,11.0,0.0437,0
2023-06-03 20:09:39,1685837380,15.8,25.4,99693,2.00,5.00,8.00,9.00,0.0588,0
2023-06-03 20:14:44,1685837684,15.4,25.7,99700,2.00,5.00,9.00,11.0,0.0250,0
2023-06-03 20:19:48,1685837988,15.1,26.2,99700,3.00,5.00,7.00,8.00,0.0262,0
2023-06-03 20:24:52,1685838293,14.7,26.7,99700,2.00,4.00,7.00,9.00,0.0126,0
2023-06-03 20:29:57,1685838598,14.4,26.7,99700,2.00,4.00,6.00,7.00,0.0232,0
2023-06-03 20:34:42,1685838883,14.1,26.6,99700,3.00,4.00,5.00,5.00,0.0211,0
2023-06-03 20:39:47,1685839188,13.8,27.3,99700,2.00,7.00,11.0,14.0,0.0149,0
2023-06-03 20:44:52,1685839493,13.5,28.0,99700,5.00,6.00,9.00,11.0,0.0344,0
2023-06-03 20:49:58,1685839798,13.2,28.0,99700,4.00,6.00,8.00,9.00,0.0344,0
2023-06-03 20:54:43,1685840083,12.9,28.4,99700,3.00,4.00,6.00,6.00,0.0119,0
2023-06-03 20:59:48,1685840389,12.6,28.7,99700,5.00,8.00,10.0,11.0,0.0111,0
2023-06-03 21:04:54,1685840694,12.3,28.6,99700,6.00,10.0,15.0,17.0,0.0370,0
2023-06-03 21:09:59,1685841000,12.1,29.2,99700,7.00,9.00,12.0,14.0,0.0294,0
2023-06-03 21:14:45,1685841285,11.9,29.7,99700,6.00,8.00,9.00,10.0,0.0339,0
2023-06-03 21:19:50,1685841591,11.7,30.5,99700,7.00,10.0,14.0,15.0,0.0339,0
2023-06-03 21:24:56,1685841897,11.5,30.3,99700,18.0,20.0,20.0,20.0,0.407,0
2023-06-03 21:29:42,1685842182,11.5,29.6,99700,17.0,20.0,22.0,23.0,0.591,0
2023-06-03 21:34:48,1685842488,11.7,28.0,99700,19.0,20.0,21.0,22.0,0.371,0
2023-06-03 21:39:53,1685842794,12.2,26.8,99700,23.0,26.0,26.0,27.0,0.278,0
2023-06-03 21:44:59,1685843100,12.6,25.6,99700,21.0,23.0,25.0,27.0,0.366,0
2023-06-03 21:49:44,1685843385,13.0,24.7,99700,25.0,26.0,27.0,28.0,0.171,0
2023-06-03 21:54:50,1685843690,13.4,24.0,99700,26.0,34.0,42.0,47.0,0.0832,0
2023-06-03 21:59:55,1685843996,13.7,23.7,99700,22.0,26.0,29.0,30.0,0.0832,0
2023-06-03 22:04:40,1685844281,13.8,23.4,99700,26.0,29.0,31.0,32.0,0.110,0
2023-06-03 22:09:45,1685844586,13.9,22.5,99700,29.0,34.0,37.0,38.0,0.0536,0
2023-06-03 22:14:51,1685844891,14.0,22.6,99700,21.0,22.0,22.0,22.0,0.248,0
2023-06-03 22:19:56,1685845196,14.1,21.6,99700,22.0,23.0,24.0,25.0,0.0783,0
2023-06-03 22:24:41,1685845481,14.2,21.6,99700,24.0,29.0,33.0,35.0,0.0684,0
2023-06-03 22:29:46,1685845786,14.3,21.4,99700,20.0,23.0,25.0,25.0,0.0458,0
2023-06-03 22:34:51,1685846091,14.4,20.7,99700,20.0,24.0,27.0,28.0,0.0373,0
2023-06-03 22:39:56,1685846396,14.4,20.1,99700,19.0,22.0,23.0,24.0,0.0848,0
2023-06-03 22:44:40,1685846681,14.4,20.1,99693,16.0,18.0,20.0,22.0,0.0848,0
2023-06-03 22:49:45,1685846986,14.4,20.0,99613,21.0,23.0,23.0,24.0,0.195,0
2023-06-03 22:54:50,1685847291,14.5,19.5,99600,19.0,20.0,20.0,20.0,0.195,0
2023-06-03 22:59:55,1685847596,14.5,20.2,99600,18.0,19.0,20.0,20.0,0.119,0
2023-06-03 23:04:40,1685847881,14.4,20.1,99600,19.0,22.0,24.0,25.0,0.137,0
2023-06-03 23:09:45,1685848186,14.2,21.5,99600,17.0,19.0,20.0,21.0,0.124,0
2023-06-03 23:14:50,1685848491,13.9,22.5,99600,21.0,31.0,38.0,41.0,0.220,0
2023-06-03 23:19:56,1685848796,13.4,23.7,99600,17.0,21.0,24.0,26.0,0.133,0
2023-06-03 23:24:41,1685849081,13.0,24.0,99600,19.0,21.0,23.0,24.0,0.232,0
2023-06-03 23:29:47,1685849387,12.6,24.8,99600,17.0,23.0,27.0,29.0,0.153,0
2023-06-03 23:34:52,1685849693,12.1,25.4,99600,20.0,24.0,26.0,28.0,0.0724,0
2023-06-03 23:39:58,1685849999,11.7,25.7,99600,16.0,19.0,21.0,23.0,0.0724,0
2023-06-03 23:44:44,1685850284,11.2,26.1,99600,15.0,16.0,19.0,21.0,0.223,0
2023-06-03 23:49:50,1685850590,10.9,27.2,99600,15.0,19.0,23.0,25.0,0.216,0
2023-06-03 23:54:56,1685850897,10.6,27.8,99600,18.0,22.0,23.0,24.0,0.231,0
2023-06-03 23:59:42,1685851183,10.3,28.1,99600,18.0,20.0,26.0,29.0,0.187,0
2023-06-04 00:04:49,1685851489,10.1,28.7,99600,15.0,17.0,18.0,18.0,0.107,0
2023-06-04 00:09:55,1685851796,9.81,29.1,99600,18.0,19.0,20.0,21.0,0.227,0
2023-06-04 00:14:41,1685852082,9.64,29.6,99600,13.0,16.0,18.0,19.0,0.0937,0
2023-06-04 00:19:48,1685852389,9.48,29.8,99600,16.0,20.0,22.0,23.0,0.0263,0
2023-06-04 00:24:54,1685852695,9.29,29.9,99600,14.0,16.0,17.0,20.0,0.0579,0
2023-06-04 00:29:41,1685852982,9.12,30.0,99600,10.0,12.0,15.0,17.0,0.144,0
2023-06-04 00:34:48,1685853289,9.01,29.9,99600,13.0,14.0,15.0,16.0,0.0837,0
2023-06-04 00:39:55,1685853596,8.95,29.9,99600,13.0,16.0,21.0,23.0,0.0837,0
2023-06-04 00:44:42,1685853882,8.92,29.0,99600,13.0,16.0,17.0,18.0,0.0678,0
2023-06-04 00:49:49,1685854189,8.98,28.6,99600,14.0,18.0,20.0,21.0,0.0438,0
2023-06-04 00:54:56,1685854497,9.12,28.4,99600,17.0,19.0,21.0,23.0,0.257,0
2023-06-04 00:59:42,1685854783,9.19,28.2,99600,10.0,14.0,16.0,18.0,0.453,0
2023-06-04 01:04:49,1685855090,9.29,27.9,99600,9.00,13.0,15.0,17.0,0.452,0
2023-06-04 01:09:56,1685855397,9.39,28.1,99600,11.0,15.0,18.0,20.0,0.315,0
2023-06-04 01:14:43,1685855683,9.38,28.9,99600,14.0,16.0,17.0,19.0,0.0802,0
2023-06-04 01:19:50,1685855990,9.18,29.3,99600,14.0,17.0,19.0,22.0,0.0152,0
2023-06-04 01:24:57,1685856297,8.87,29.8,99600,13.0,15.0,18.0,20.0,0.0633,0
2023-06-04 01:29:43,1685856584,8.59,30.6,99600,11.0,12.0,13.0,15.0,0.186,0
2023-06-04 01:34:51,1685856891,8.35,31.1,99600,13.0,14.0,20.0,22.0,0.186,0
2023-06-04 01:39:58,1685857198,8.11,31.1,99600,12.0,14.0,15.0,16.0,0.0327,0
2023-06-04 01:44:45,1685857485,7.91,31.2,99600,13.0,15.0,20.0,22.0,0.0327,0
2023-06-04 01:49:52,1685857792,7.74,31.8,99600,11.0,14.0,21.0,24.0,0.0314,0
2023-06-04 01:54:59,1685858100,7.56,32.1,99600,12.0,16.0,19.0,20.0,0.0606,0
2023-06-04 01:59:47,1685858387,7.40,32.8,99600,13.0,16.0,19.0,20.0,0.0534,0
2023-06-04 02:04:54,1685858695,7.21,33.0,99600,10.0,12.0,15.0,16.0,0.0409,0
2023-06-04 02:09:41,1685858982,7.04,33.2,99600,11.0,17.0,20.0,22.0,0.0862,0
2023-06-04 02:14:49,1685859290,6.92,33.6,99600,10.0,17.0,21.0,23.0,0.0579,0
2023-06-04 02:19:57,1685859597,6.80,34.0,99600,10.0,18.0,24.0,27.0,0.143,0
2023-06-04 02:24:43,1685859884,6.68,34.1,99600,11.0,11.0,13.0,15.0,0.165,0
2023-06-04 02:29:51,1685860192,6.55,34.3,99600,12.0,14.0,16.0,18.0,0.165,0
2023-06-04 02:34:59,1685860500,6.41,34.9,99600,9.00,12.0,17.0,20.0,0.0659,0
2023-06-04 02:39:47,1685860787,6.29,35.5,99600,9.00,14.0,17.0,19.0,0.0750,0
2023-06-04 02:44:55,1685861095,6.19,35.6,99600,12.0,16.0,19.0,20.0,0.0837,0
2023-06-04 02:49:42,1685861383,6.08,35.6,99600,8.00,11.0,15.0,17.0,0.0887,0
2023-06-04 02:54:50,1685861691,5.96,35.9,99600,11.0,13.0,16.0,17.0,0.0637,0
2023-06-04 02:59:58,1685861999,5.85,36.6,99600,9.00,15.0,19.0,22.0,0.0259,0
2023-06-04 03:04:46,1685862286,5.76,36.2,99600,6.00,9.00,12.0,14.0,0.119,0
2023-06-04 03:09:54,1685862595,5.71,36.2,99600,8.00,12.0,16.0,18.0,0.119,0
2023-06-04 03:14:42,1685862882,5.68,36.5,99600,6.00,9.00,11.0,13.0,0.0379,0
2023-06-04 03:19:50,1685863191,5.64,36.5,99600,10.0,15.0,25.0,29.0,0.0208,0
2023-06-04 03:24:58,1685863499,5.57,37.1,99600,6.00,10.0,14.0,17.0,0.0299,0
2023-06-04 03:29:46,1685863786,5.52,37.0,99600,7.00,9.00,13.0,15.0,0.0561,0
2023-06-04 03:34:54,1685864095,5.55,37.4,99600,6.00,8.00,9.00,10.0,0.0561,0
2023-06-04 03:39:42,1685864382,5.62,37.3,99600,9.00,13.0,17.0,20.0,0.0345,0
2023-06-04 03:44:50,1685864691,5.67,37.3,99533,6.00,11.0,15.0,17.0,0.0823,0
2023-06-04 03:49:58,1685864999,5.78,36.7,99500,9.00,11.0,12.0,12.0,0.187,0
2023-06-04 03:54:46,1685865286,5.97,36.6,99500,5.00,10.0,14.0,16.0,0.127,0
2023-06-04 03:59:54,1685865594,6.18,36.8,99500,6.00,8.00,10.0,11.0,0.0576,0
2023-06-04 04:04:41,1685865882,6.31,36.0,99500,7.00,9.00,12.0,13.0,0.0323,0
2023-06-04 04:09:49,1685866190,6.38,36.3,99500,7.00,8.00,10.0,11.0,0.0147,0
2023-06-04 04:14:57,1685866497,6.42,36.6,99500,9.00,12.0,15.0,16.0,0.0147,0
2023-06-04 04:19:44,1685866785,6.44,36.7,99500,8.00,9.00,10.0,12.0,0.0251,0
2023-06-04 04:24:52,1685867093,6.50,36.7,99500,4.00,6.00,8.00,9.00,0.0338,0
2023-06-04 04:29:40,1685867380,6.56,36.7,99500,6.00,11.0,15.0,17.0,0.0402,0
2023-06-04 04:34:47,1685867688,6.62,36.9,99500,8.00,10.0,10.0,11.0,0.0307,0
2023-06-04 04:39:55,1685867996,6.72,36.5,99500,5.00,7.00,10.0,11.0,0.0292,0
2023-06-04 04:44:42,1685868283,6.89,36.5,99500,5.00,5.00,5.00,5.00,0.0641,0
2023-06-04 04:49:50,1685868591,7.08,36.2,99500,5.00,6.00,7.00,7.00,0.102,0
2023-06-04 04:54:58,1685868898,7.41,36.6,99500,5.00,8.00,12.0,14.0,0.0266,0
2023-06-04 04:59:45,1685869185,7.58,36.1,99500,3.00,9.00,14.0,17.0,0.0375,0
2023-06-04 05:04:52,1685869493,7.82,36.0,99500,4.00,7.00,10.0,12.0,0.0319,0
2023-06-04 05:09:39,1685869780,8.04,35.4,99500,3.00,6.00,8.00,8.00,0.0687,0
2023-06-04 05:14:47,1685870087,8.24,35.1,99500,4.00,6.00,9.00,11.0,0.175,0
2023-06-04 05:19:54,1685870394,8.50,35.0,99500,2.00,6.00,10.0,12.0,0.0195,0
2023-06-04 05:24:40,1685870681,8.84,34.8,99500,2.00,4.00,5.00,6.00,0.0165,0
2023-06-04 05:29:47,1685870988,9.12,34.3,99500,3.00,5.00,7.00,8.00,0.0225,0
2023-06-04 05:34:54,1685871295,9.33,34.5,99500,6.00,9.00,11.0,12.0,0.0288,0
2023-06-04 05:39:41,1685871581,9.57,34.4,99500,2.00,6.00,10.0,12.0,0.0333,0
2023-06-04 05:44:47,1685871888,9.83,33.9,99500,7.00,8.00,8.00,9.00,0.0256,0
2023-06-04 05:49:54,1685872194,10.1,33.4,99500,2.00,5.00,8.00,9.00,0.0256,0
2023-06-04 05:54:40,1685872480,10.3,33.3,99500,4.00,7.00,12.0,14.0,0.0356,0
2023-06-04 05:59:46,1685872787,10.6,33.1,99500,2.00,3.00,5.00,6.00,0.0253,0
2023-06-04 06:04:52,1685873093,10.9,32.9,99500,2.00,4.00,7.00,9.00,0.0333,0
2023-06-04 06:09:59,1685873399,11.2,31.7,99500,3.00,9.00,15.0,17.0,0.0313,0
2023-06-04 06:14:44,1685873685,11.7,31.0,99500,2.00,6.00,9.00,11.0,0.0313,0
2023-06-04 06:19:50,1685873990,12.1,30.6,99500,3.00,6.00,9.00,11.0,0.0173,0
2023-06-04 06:24:55,1685874296,12.5,30.5,99500,2.00,7.00,10.0,12.0,0.0132,0
2023-06-04 06:29:40,1685874581,12.7,30.3,99500,3.00,7.00,9.00,11.0,0.0125,0
2023-06-04 06:34:46,1685874886,13.0,30.1,99500,3.00,4.00,6.00,7.00,0.0120,0
2023-06-04 06:39:51,1685875192,13.3,30.5,99500,2.00,7.00,12.0,14.0,0.0141,0
2023-06-04 06:44:56,1685875497,13.6,30.6,99500,4.00,7.00,10.0,11.0,0.0168,0
2023-06-04 06:49:41,1685875782,13.9,30.0,99500,2.00,7.00,11.0,13.0,0.0309,0
2023-06-04 06:54:46,1685876087,14.4,29.4,99500,2.00,5.00,9.00,11.0,0.0567,0
2023-06-04 06:59:51,1685876391,14.8,29.2,99500,2.00,6.00,10.0,12.0,0.0323,0
2023-06-04 07:04:55,1685876696,15.0,29.3,99500,2.00,4.00,7.00,8.00,0.0226,0
2023-06-04 07:09:40,1685876980,15.1,29.3,99500,2.00,7.00,12.0,15.0,0.0285,0
2023-06-04 07:14:44,1685877285,15.2,29.5,99500,3.00,4.00,8.00,9.00,0.0178,0
2023-06-04 07:19:49,1685877589,15.2,28.8,99500,3.00,6.00,10.0,12.0,0.0197,0
2023-06-04 07:24:53,1685877894,15.3,28.4,99500,2.00,9.00,15.0,17.0,0.0465,0
2023-06-04 07:29:57,1685878198,15.3,28.4,99500,2.00,3.00,5.00,6.00,0.0599,0
2023-06-04 07:34:41,1685878482,15.4,28.5,99500,2.00,6.00,10.0,11.0,0.0599,0
2023-06-04 07:37:03,1685878624,15.4,28.8,99500,1.00,3.00,5.00,6.00,0.0264,0
2023-06-04 07:49:56,1685879397,16.0,29.2,99500,1e-7,1.00,2.00,2.00,0.0117,0
2023-06-04 07:54:40,1685879680,16.2,28.8,99500,2.00,4.00,5.00,6.00,0.0163,0
2023-06-04 08:24:50,1685881491,19.8,25.6,99500,1e-7,2.00,3.00,4.00,,
2023-06-04 08:28:51,1685881732,19.9,25.2,99500,2.00,5.00,8.00,9.00,,
2023-06-04 08:39:54,1685882394,19.9,24.9,99500,1e-7,2.00,4.00,4.00,,
2023-06-04 09:14:44,1685884485,20.1,25.0,99500,1e-7,2.00,4.00,4.00,,
2023-06-04 09:19:43,1685884784,20.1,24.9,99500,2.00,11.0,17.0,21.0,,
2023-06-04 09:21:44,1685884905,20.0,24.9,99500,2.00,7.00,11.0,13.0,,
2023-06-04 09:39:52,1685885992,20.8,23.6,99500,1e-7,1e-7,1e-7,1e-7,0.0203,0
2023-06-04 09:44:53,1685886293,20.9,23.5,99500,2.00,5.00,8.00,9.00,,
2023-06-04 09:52:38,1685886758,21.3,23.6,99500,1e-7,1.00,1.00,2.00,,
2023-06-04 10:04:46,1685887487,21.1,23.1,99500,1.00,3.00,5.00,6.00,,
2023-06-04 10:09:48,1685887788,20.9,23.1,99500,2.00,5.00,9.00,10.0,,
2023-06-04 10:14:50,1685888090,20.5,23.3,99500,2.00,3.00,4.00,5.00,0.0153,0
2023-06-04 10:19:52,1685888393,20.2,23.6,99500,2.00,7.00,12.0,14.0,0.0284,0
2023-06-04 10:24:54,1685888695,19.9,23.7,99500,1.00,3.00,5.00,6.00,0.0629,0
2023-06-04 10:29:57,1685888997,19.9,24.3,99500,2.00,9.00,14.0,17.0,0.0579,0
2023-06-04 10:34:59,1685889300,19.8,24.2,99500,2.00,5.00,8.00,9.00,0.0797,0
2023-06-04 10:39:41,1685889582,19.9,24.3,99500,2.00,3.00,5.00,6.00,0.126,0
2023-06-04 10:44:43,1685889884,20.1,24.1,99500,2.00,8.00,14.0,17.0,0.0998,0
2023-06-04 10:49:46,1685890186,20.5,24.1,99500,2.00,3.00,5.00,6.00,0.0356,0
2023-06-04 10:54:47,1685890488,20.9,23.9,99500,30.0,106,168,198,1.04,0
2023-06-04 10:59:55,1685890795,21.1,23.8,99500,2.00,9.00,15.0,18.0,1.13,0
2023-06-04 11:04:56,1685891096,21.2,23.6,99500,2.00,4.00,7.00,8.00,1.12,0
2023-06-04 11:09:58,1685891398,21.2,23.5,99500,2.00,5.00,9.00,11.0,0.979,0
2023-06-04 11:14:59,1685891700,21.1,23.6,99500,2.00,4.00,6.00,7.00,0.0157,0
2023-06-04 11:19:40,1685891981,21.0,23.5,99500,3.00,4.00,7.00,8.00,0.0497,0
2023-06-04 11:24:42,1685892283,20.9,23.8,99540,2.00,6.00,10.0,12.0,0.0111,0
2023-06-04 11:29:44,1685892584,21.0,24.0,99553,2.00,4.00,7.00,9.00,0.0191,0
2023-06-04 11:34:45,1685892886,21.0,24.1,99500,2.00,7.00,11.0,12.0,0.0168,0
2023-06-04 11:39:47,1685893187,21.1,24.1,99500,1.00,3.00,5.00,6.00,0.0215,0
2023-06-04 11:44:48,1685893489,21.2,24.2,99500,1.00,5.00,9.00,11.0,0.0148,0
2023-06-04 11:45:49,1685893549,21.2,24.2,99500,2.00,4.00,6.00,7.00,0.0118,0
2023-06-04 11:59:56,1685894396,22.2,24.6,99500,2.00,10.0,16.0,19.0,0.0236,0
2023-06-04 12:04:57,1685894698,22.6,24.1,99500,2.00,4.00,7.00,8.00,0.0339,0
2023-06-04 12:09:58,1685894998,22.8,23.6,99500,1.00,4.00,7.00,9.00,0.0275,0
2023-06-04 12:14:58,1685895299,23.0,23.4,99500,2.00,3.00,6.00,7.00,0.0228,0
2023-06-04 12:19:59,1685895600,23.3,23.4,99500,6.00,23.0,38.0,45.0,0.0224,0
2023-06-04 12:24:40,1685895880,23.3,23.1,99500,1.00,5.00,9.00,11.0,0.263,0
2023-06-04 12:29:40,1685896181,23.3,23.5,99500,2.00,3.00,5.00,6.00,0.265,0
2023-06-04 12:34:41,1685896482,23.4,23.4,99460,2.00,5.00,8.00,10.0,0.265,0
2023-06-04 12:39:42,1685896782,23.9,23.3,99400,3.00,14.0,23.0,27.0,0.0262,0
2023-06-04 12:44:42,1685897082,24.2,22.8,99400,4.00,12.0,19.0,22.0,0.0942,0
2023-06-04 12:49:42,1685897382,24.5,22.7,99400,2.00,5.00,8.00,9.00,0.0942,0
2023-06-04 12:54:42,1685897682,24.8,22.4,99400,2.00,4.00,7.00,9.00,0.102,0
2023-06-04 12:59:42,1685897982,25.2,21.8,99400,1.00,3.00,5.00,6.00,0.0240,0
2023-06-04 13:04:42,1685898282,25.7,21.8,99400,2.00,3.00,5.00,6.00,0.0131,0
2023-06-04 13:09:41,1685898582,26.2,21.2,99400,2.00,5.00,9.00,11.0,0.0301,0
2023-06-04 13:14:41,1685898881,26.5,20.7,99400,1.00,5.00,9.00,11.0,0.0243,0
2023-06-04 13:19:40,1685899180,26.5,20.3,99400,2.00,7.00,11.0,13.0,0.0238,0
2023-06-04 13:24:59,1685899499,26.4,20.5,99400,2.00,3.00,4.00,5.00,0.0274,0
2023-06-04 13:29:58,1685899799,26.5,20.7,99300,1.00,2.00,4.00,4.00,0.0329,0
2023-06-04 13:34:57,1685900098,26.9,20.1,99300,2.00,3.00,5.00,6.00,0.0204,0
2023-06-04 13:39:56,1685900397,27.3,19.8,99300,3.00,13.0,21.0,25.0,0.0650,0
2023-06-04 13:44:55,1685900695,27.8,19.1,99300,3.00,14.0,24.0,28.0,0.154,0
2023-06-04 13:49:53,1685900994,28.3,18.5,99300,1.00,4.00,6.00,7.00,0.198,0
2023-06-04 13:54:51,1685901292,28.6,17.9,99300,2.00,3.00,5.00,6.00,0.221,0
2023-06-04 13:59:49,1685901589,28.7,18.3,99300,2.00,5.00,8.00,10.0,0.0365,0
2023-06-04 14:04:47,1685901888,28.4,18.5,99300,1.00,6.00,9.00,11.0,0.0241,0
2023-06-04 14:09:45,1685902186,28.4,18.3,99300,2.00,3.00,5.00,6.00,0.0134,0
2023-06-04 14:14:43,1685902484,28.5,18.4,99300,2.00,6.00,9.00,11.0,0.0231,0
2023-06-04 14:19:41,1685902782,28.4,18.2,99300,3.00,11.0,18.0,21.0,0.0547,0
2023-06-04 14:24:40,1685903080,28.5,17.7,99300,3.00,5.00,7.00,8.00,0.0520,0
2023-06-04 14:29:58,1685903398,28.7,17.6,99300,2.00,6.00,9.00,11.0,0.0520,0
2023-06-04 14:34:56,1685903696,29.1,17.2,99300,2.00,4.00,5.00,6.00,0.0187,0
2023-06-04 14:39:54,1685903994,29.3,16.6,99300,24.0,70.0,108,127,0.433,0
2023-06-04 14:44:51,1685904292,29.3,17.0,99300,2.00,4.00,7.00,8.00,0.493,0
2023-06-04 14:49:49,1685904590,29.3,16.8,99300,2.00,8.00,13.0,15.0,0.489,0
2023-06-04 14:54:47,1685904888,28.9,16.9,99300,3.00,6.00,10.0,12.0,0.421,0
2023-06-04 14:59:45,1685905186,28.7,17.2,99300,2.00,5.00,8.00,10.0,0.0539,0
2023-06-04 15:04:24,1685905464,28.9,17.3,99300,2.00,3.00,6.00,7.00,0.0400,0
2023-06-04 15:14:57,1685906098,31.4,14.9,99300,1.00,2.00,2.00,3.00,0.0184,0
2023-06-04 15:19:54,1685906395,32.0,13.9,99300,2.00,4.00,7.00,8.00,0.0138,0
2023-06-04 15:24:58,1685906699,32.8,13.1,99300,2.00,6.00,10.0,12.0,0.0143,0
2023-06-04 15:29:54,1685906995,33.2,13.3,99300,2.00,7.00,12.0,15.0,0.0388,0
2023-06-04 15:34:51,1685907291,33.8,12.2,99300,3.00,11.0,18.0,21.0,0.0438,0
2023-06-04 15:39:47,1685907587,33.6,12.5,99300,2.00,3.00,5.00,6.00,0.0438,0
2023-06-04 15:44:43,1685907883,32.8,13.1,99300,1.00,2.00,4.00,4.00,0.0678,0
2023-06-04 15:49:40,1685908181,31.5,14.3,99300,1.00,2.00,4.00,5.00,0.0641,0
2023-06-04 15:53:58,1685908438,30.8,15.0,99300,2.00,6.00,9.00,11.0,0.0341,0
2023-06-04 15:59:57,1685908798,30.4,15.7,99300,2.00,8.00,12.0,14.0,0.0341,0
2023-06-04 16:04:55,1685909096,30.7,15.4,99300,2.00,4.00,7.00,9.00,0.0236,0
2023-06-04 16:09:53,1685909394,30.7,15.0,99300,10.0,26.0,40.0,46.0,0.0324,0
2023-06-04 16:14:51,1685909692,29.9,15.6,99300,6.00,27.0,44.0,53.0,0.268,0
2023-06-04 16:19:50,1685909990,29.6,16.1,99300,4.00,13.0,20.0,23.0,0.297,0
2023-06-04 16:24:48,1685910288,29.6,15.8,99300,1.00,3.00,5.00,6.00,0.356,0
2023-06-04 16:29:46,1685910587,29.8,15.7,99300,2.00,4.00,6.00,7.00,0.216,0
2023-06-04 16:34:44,1685910885,30.3,15.3,99260,2.00,7.00,11.0,13.0,0.0240,0
2023-06-04 16:39:43,1685911183,29.9,15.3,99213,1.00,4.00,6.00,7.00,0.0220,0
2023-06-04 16:44:41,1685911482,29.0,16.0,99213,2.00,4.00,7.00,9.00,0.0264,0
2023-06-04 16:49:40,1685911781,28.2,16.9,99207,2.00,4.00,7.00,8.00,0.0171,0
2023-06-04 16:54:59,1685912100,27.5,17.3,99200,2.00,4.00,7.00,9.00,0.0164,0
2023-06-04 16:59:59,1685912399,27.2,17.8,99200,2.00,4.00,7.00,8.00,0.00931,0
2023-06-04 17:04:58,1685912698,28.6,17.8,99200,4.00,4.00,7.00,8.00,0.0138,0
2023-06-04 17:09:56,1685912996,30.9,14.9,99200,2.00,3.00,5.00,6.00,0.0119,0
2023-06-04 17:14:53,1685913293,32.1,13.6,99200,2.00,4.00,7.00,9.00,0.0119,0
2023-06-04 17:19:50,1685913591,31.8,13.4,99200,2.00,5.00,7.00,8.00,0.0118,0
2023-06-04 17:24:48,1685913889,31.0,13.6,99200,2.00,6.00,8.00,9.00,0.0100,0
2023-06-04 17:29:47,1685914187,29.3,15.0,99200,2.00,7.00,11.0,13.0,0.0117,0
2023-06-04 17:34:46,1685914486,27.9,16.5,99200,2.00,4.00,6.00,6.00,0.0313,0
2023-06-04 17:39:45,1685914786,27.0,17.6,99200,2.00,5.00,8.00,9.00,0.0303,0
2023-06-04 17:44:45,1685915086,26.4,18.1,99200,3.00,5.00,7.00,9.00,0.0172,0
2023-06-04 17:49:45,1685915386,25.8,18.7,99200,1.00,3.00,5.00,6.00,0.0122,0
2023-06-04 17:54:46,1685915686,25.3,19.1,99200,1e-7,3.00,5.00,6.00,0.0112,0
2023-06-04 17:59:45,1685915986,24.8,19.6,99200,3.00,10.0,16.0,19.0,0.0515,0
2023-06-04 18:04:43,1685916283,24.8,20.3,99200,2.00,6.00,10.0,12.0,0.0908,0
2023-06-04 18:09:43,1685916584,24.7,20.4,99200,3.00,9.00,14.0,17.0,0.0815,0
2023-06-04 18:14:44,1685916884,24.4,20.7,99200,4.00,15.0,25.0,30.0,0.0887,0
2023-06-04 18:19:45,1685917185,24.0,20.8,99200,1.00,5.00,9.00,11.0,0.0666,0
2023-06-04 18:24:46,1685917486,24.2,21.3,99200,2.00,3.00,5.00,6.00,0.0635,0
2023-06-04 18:29:46,1685917787,25.2,20.3,99200,2.00,9.00,15.0,18.0,0.0181,0
2023-06-04 18:34:46,1685918087,25.7,19.6,99200,2.00,7.00,12.0,14.0,0.0239,0
2023-06-04 18:39:46,1685918387,25.6,19.1,99200,3.00,8.00,14.0,17.0,0.0239,0
2023-06-04 18:44:46,1685918687,24.9,19.6,99200,2.00,6.00,10.0,12.0,0.0172,0
2023-06-04 18:49:47,1685918987,24.3,20.1,99200,3.00,6.00,10.0,12.0,0.0201,0
2023-06-04 18:54:48,1685919288,23.9,20.5,99200,2.00,3.00,5.00,6.00,0.0220,0
2023-06-04 18:59:49,1685919589,23.4,21.1,99200,8.00,30.0,48.0,56.0,0.374,0
2023-06-04 19:04:50,1685919891,23.1,21.5,99200,6.00,24.0,39.0,47.0,1.13,0
2023-06-04 19:09:52,1685920192,22.7,21.7,99200,3.00,8.00,13.0,15.0,1.07,0
2023-06-04 19:14:53,1685920494,22.3,22.0,99200,2.00,8.00,14.0,17.0,0.986,0
2023-06-04 19:19:55,1685920796,22.2,22.4,99200,3.00,4.00,7.00,9.00,0.0984,0
2023-06-04 19:24:57,1685921098,21.9,22.5,99200,2.00,3.00,4.00,5.00,0.0574,0
2023-06-04 19:29:59,1685921400,21.5,22.5,99200,2.00,3.00,5.00,6.00,0.0251,0
2023-06-04 19:34:41,1685921682,21.0,23.3,99200,2.00,6.00,10.0,12.0,0.0120,0
2023-06-04 19:39:44,1685921985,20.5,24.3,99200,2.00,7.00,11.0,14.0,0.0321,0
2023-06-04 19:44:47,1685922287,20.0,25.3,99200,1.00,3.00,5.00,6.00,0.0457,0
2023-06-04 19:49:50,1685922590,19.5,26.2,99200,2.00,9.00,15.0,18.0,0.0457,0
2023-06-04 19:54:53,1685922893,19.0,27.1,99200,2.00,5.00,7.00,8.00,0.0381,0
2023-06-04 19:59:56,1685923196,18.5,28.0,99200,3.00,7.00,11.0,13.0,0.0230,0
2023-06-04 20:04:59,1685923500,18.0,28.9,99200,3.00,8.00,12.0,14.0,0.0376,0
2023-06-04 20:09:43,1685923783,17.6,29.7,99200,2.00,10.0,17.0,20.0,0.0393,0
2023-06-04 20:14:46,1685924087,17.3,30.5,99200,1.00,2.00,4.00,4.00,0.0427,0
2023-06-04 20:19:50,1685924391,16.9,31.1,99200,2.00,8.00,14.0,17.0,0.0620,0
2023-06-04 20:24:54,1685924695,16.6,31.0,99200,3.00,7.00,9.00,11.0,0.0254,0
2023-06-04 20:29:59,1685924999,16.3,31.4,99200,5.00,6.00,10.0,12.0,0.0111,0
2023-06-04 20:34:43,1685925283,16.0,31.6,99200,1.00,5.00,9.00,11.0,0.0321,0
2023-06-04 20:39:47,1685925587,15.8,32.2,99200,1.00,4.00,6.00,7.00,0.0493,0
2023-06-04 20:44:51,1685925892,15.5,32.4,99200,2.00,5.00,8.00,10.0,0.0276,0
2023-06-04 20:49:56,1685926196,15.2,33.3,99200,2.00,5.00,9.00,11.0,0.0276,0
2023-06-04 20:54:40,1685926481,15.0,33.4,99200,1.00,6.00,10.0,12.0,0.0506,0
2023-06-04 20:59:45,1685926786,14.7,33.5,99200,2.00,4.00,6.00,7.00,0.0222,0
2023-06-04 21:04:50,1685927091,14.5,32.9,99200,4.00,7.00,10.0,12.0,0.0256,0
2023-06-04 21:09:55,1685927396,14.2,32.8,99200,4.00,11.0,17.0,20.0,0.115,0
2023-06-04 21:14:40,1685927680,14.0,33.3,99200,2.00,3.00,5.00,6.00,0.113,0
2023-06-04 21:19:45,1685927985,13.8,33.5,99200,2.00,5.00,8.00,9.00,0.127,0
2023-06-04 21:24:50,1685928291,13.6,34.0,99200,2.00,7.00,11.0,13.0,0.0311,0
2023-06-04 21:29:55,1685928596,13.4,34.4,99200,2.00,6.00,9.00,11.0,0.0263,0
2023-06-04 21:34:40,1685928881,13.2,34.8,99200,1.00,3.00,5.00,6.00,0.0224,0
2023-06-04 21:39:46,1685929186,13.1,35.0,99200,2.00,6.00,9.00,11.0,0.0196,0
2023-06-04 21:44:52,1685929492,12.9,35.4,99200,2.00,4.00,6.00,7.00,0.0291,0
2023-06-04 21:49:57,1685929798,12.7,35.8,99200,2.00,5.00,8.00,9.00,0.0256,0
2023-06-04 21:54:42,1685930083,12.6,36.2,99200,3.00,5.00,8.00,10.0,0.0177,0
2023-06-04 21:59:48,1685930389,12.5,36.5,99200,2.00,6.00,8.00,9.00,0.0177,0
2023-06-04 22:04:54,1685930694,12.3,37.0,99200,2.00,3.00,5.00,6.00,0.0178,0
2023-06-04 22:09:39,1685930980,12.2,37.2,99200,2.00,8.00,12.0,14.0,0.0253,0
2023-06-04 22:14:45,1685931286,12.1,37.8,99200,2.00,6.00,8.00,10.0,0.0405,0
2023-06-04 22:19:51,1685931591,11.9,38.5,99200,3.00,6.00,10.0,12.0,0.0405,0
2023-06-04 22:24:57,1685931897,11.8,38.9,99200,4.00,7.00,10.0,11.0,0.0304,0
2023-06-04 22:29:43,1685932183,11.7,39.5,99200,3.00,14.0,24.0,28.0,0.0351,0
2023-06-04 22:34:49,1685932489,11.6,39.8,99200,1.00,3.00,5.00,6.00,0.0187,0
2023-06-04 22:39:55,1685932795,11.5,40.1,99200,1.00,4.00,7.00,8.00,0.0731,0
2023-06-04 22:44:41,1685933081,11.4,40.5,99200,2.00,9.00,15.0,18.0,0.0308,0
2023-06-04 22:49:47,1685933387,11.3,41.2,99200,2.00,4.00,7.00,9.00,0.0303,0
2023-06-04 22:54:53,1685933694,11.2,41.5,99200,2.00,5.00,7.00,8.00,0.0352,0
2023-06-04 22:59:59,1685934000,11.2,41.1,99200,3.00,4.00,5.00,6.00,0.0235,0
2023-06-04 23:04:45,1685934286,11.1,41.6,99200,2.00,6.00,10.0,12.0,0.0250,0
2023-06-04 23:09:52,1685934592,11.0,41.9,99200,3.00,10.0,16.0,20.0,0.0286,0
2023-06-04 23:14:57,1685934898,10.9,42.3,99200,2.00,4.00,5.00,6.00,0.0286,0
2023-06-04 23:19:43,1685935184,10.8,42.7,99179,2.00,3.00,4.00,5.00,0.0756,0
2023-06-04 23:24:50,1685935490,10.7,42.8,99200,2.00,4.00,7.00,8.00,0.0598,0
2023-06-04 23:29:56,1685935797,10.7,42.9,99200,2.00,4.00,7.00,9.00,0.0124,0
2023-06-04 23:34:42,1685936083,10.6,43.1,99193,2.00,6.00,11.0,12.0,0.0242,0
2023-06-04 23:39:49,1685936389,10.5,43.3,99180,2.00,5.00,8.00,9.00,0.0194,0
2023-06-04 23:44:55,1685936696,10.4,43.4,99113,2.00,3.00,5.00,6.00,0.0269,0
2023-06-04 23:49:41,1685936982,10.3,43.6,99100,2.00,7.00,11.0,13.0,0.0269,0
2023-06-04 23:54:48,1685937288,10.3,43.4,99100,2.00,3.00,5.00,5.00,0.0195,0
2023-06-04 23:59:54,1685937595,10.2,43.8,99100,1e-7,3.00,5.00,6.00,0.0178,0
