2023-05-01 10:04:54,1682949894,25.3,32.5,97000,1.00,11.0,18.0,22.0,,
2023-05-01 10:09:58,1682950198,25.8,32.1,97000,2.00,12.0,20.0,24.0,,
2023-05-01 10:14:43,1682950483,26.2,31.3,96993,2.00,7.00,11.0,13.0,,
2023-05-01 10:19:47,1682950787,26.4,31.4,96900,2.00,12.0,21.0,26.0,,
2023-05-01 10:24:51,1682951091,26.6,30.9,96900,2.00,8.00,13.0,16.0,0.0315,0
2023-05-01 10:29:55,1682951395,26.8,30.7,96900,2.00,8.00,14.0,17.0,0.0468,0
2023-05-01 10:34:59,1682951699,26.9,30.5,96900,1.00,9.00,15.0,19.0,0.0532,0
2023-05-01 10:39:44,1682951984,27.0,29.9,96900,1.00,8.00,14.0,16.0,0.0382,0
2023-05-01 10:44:48,1682952288,27.1,29.9,96900,2.00,8.00,14.0,16.0,0.0382,0
2023-05-01 10:49:52,1682952592,27.2,29.9,96900,2.00,5.00,8.00,10.0,0.0320,0
2023-05-01 10:54:56,1682952896,27.2,29.1,96900,1.00,6.00,11.0,14.0,0.0320,0
2023-05-01 10:59:41,1682953181,27.1,28.8,96900,1.00,6.00,9.00,11.0,0.0320,0
2023-05-01 11:04:45,1682953485,27.1,28.8,96900,3.00,8.00,12.0,15.0,0.0401,0
2023-05-01 11:09:49,1682953789,27.1,28.8,96900,1.00,4.00,8.00,9.00,0.0295,0
2023-05-01 11:14:53,1682954093,27.0,29.0,96900,4.00,8.00,13.0,15.0,0.0400,0
2023-05-01 11:19:57,1682954397,27.0,29.2,96900,1.00,6.00,11.0,14.0,0.0630,0
2023-05-01 11:24:42,1682954682,27.0,29.5,96900,1.00,6.00,11.0,14.0,0.0643,0
2023-05-01 11:29:46,1682954986,26.9,29.5,96900,1.00,8.00,14.0,17.0,0.0413,0
2023-05-01 11:34:50,1682955290,26.9,29.8,96900,1.00,4.00,7.00,9.00,0.0373,0
2023-05-01 11:39:54,1682955594,27.0,30.1,96900,1.00,4.00,7.00,8.00,0.0409,0
2023-05-01 11:44:59,1682955900,26.6,28.4,96900,1.00,8.00,13.0,16.0,0.0243,0
2023-05-01 11:49:45,1682956185,25.3,30.2,96853,1.00,2.00,4.00,5.00,0.0865,0
2023-05-01 11:54:50,1682956490,25.2,33.2,96775,1e-7,1e-7,1e-7,1e-7,0.0378,0
2023-05-01 11:59:54,1682956794,26.1,31.8,96288,1e-7,1e-7,1e-7,1e-7,0.0103,0
2023-05-01 12:03:23,1682957003,27.1,29.9,95927,1.00,7.00,11.0,14.0,0.0101,0
2023-05-01 12:54:53,1682960094,28.5,23.8,94400,1e-7,1e-7,1e-7,1e-7,,
2023-05-01 12:57:25,1682960245,28.2,23.2,94400,1e-7,2.00,4.00,4.00,,
2023-05-01 13:08:26,1682960906,23.3,26.4,94400,1e-7,1e-7,1e-7,1e-7,,
2023-05-01 13:19:43,1682961584,17.9,35.2,94300,1e-7,2.00,4.00,5.00,,
2023-05-01 13:24:52,1682961893,16.9,38.0,94325,1e-7,4.00,6.00,7.00,,
2023-05-01 13:29:43,1682962183,15.8,41.1,94340,1e-7,2.00,4.00,4.00,0.0125,0
2023-05-01 13:34:53,1682962494,15.1,43.3,94300,1e-7,2.00,4.00,4.00,0.0125,0
2023-05-01 13:39:44,1682962785,14.6,45.1,94300,1e-7,2.00,4.00,4.00,0.00995,0
2023-05-01 13:44:59,1682963100,14.3,46.5,94300,1e-7,1e-7,1e-7,1e-7,0.00995,0
2023-05-01 13:49:52,1682963392,14.1,47.2,94300,1e-7,2.00,4.00,4.00,0.00995,0
2023-05-01 13:54:44,1682963684,13.9,48.4,94300,1e-7,4.00,7.00,9.00,0.0100,0
2023-05-01 13:59:56,1682963997,13.8,48.5,94300,1e-7,1e-7,1e-7,1e-7,0.0100,0
2023-05-01 14:04:49,1682964289,13.9,48.9,94300,1e-7,1.00,1.00,2.00,0.0127,0
2023-05-01 14:09:41,1682964582,13.9,49.7,94300,1e-7,1e-7,1e-7,1e-7,0.0120,0
2023-05-01 14:14:54,1682964894,13.9,49.9,94300,1e-7,4.00,7.00,9.00,0.00995,0
2023-05-01 14:19:46,1682965187,13.9,49.8,94300,1e-7,4.00,8.00,9.00,0.0137,0
2023-05-01 14:24:58,1682965499,14.0,50.1,94300,1e-7,1e-7,1e-7,1e-7,0.0154,0
2023-05-01 14:29:51,1682965791,14.1,50.9,94300,1e-7,1e-7,1e-7,1e-7,0.0180,0
2023-05-01 14:34:43,1682966084,14.2,51.2,94300,1e-7,2.00,3.00,4.00,0.0127,0
2023-05-01 14:39:55,1682966396,14.3,51.3,94300,1e-7,3.00,6.00,7.00,0.0113,0
2023-05-01 14:44:48,1682966689,14.4,51.7,94300,1e-7,2.00,3.00,4.00,0.0120,0
2023-05-01 14:49:41,1682966981,14.4,52.1,94300,1e-7,3.00,6.00,7.00,0.0127,0
2023-05-01 14:54:53,1682967294,14.4,52.0,94344,1e-7,2.00,3.00,4.00,0.0155,0
2023-05-01 14:59:46,1682967586,14.5,52.2,94427,1e-7,4.00,7.00,9.00,0.0155,0
2023-05-01 15:04:58,1682967898,14.6,52.8,94525,1e-7,1.00,1.00,2.00,0.0110,0
2023-05-01 15:08:10,1682968091,14.4,52.0,94600,1e-7,1e-7,1e-7,1e-7,0.0158,0
2023-05-01 15:24:50,1682969090,12.2,52.1,94700,1e-7,2.00,3.00,4.00,0.0136,0.619
2023-05-01 15:29:03,1682969344,12.0,52.4,94700,2.00,2.00,3.00,4.00,0.00995,0.880
2023-05-01 15:34:23,1682969663,11.8,53.3,94738,1.00,3.00,4.00,4.00,0.00995,0.880
2023-05-01 15:39:05,1682969945,11.6,53.1,94800,1e-7,4.00,7.00,9.00,0.0199,0.880
2023-05-01 16:09:54,1682971794,10.6,55.0,94900,1e-7,1e-7,1e-7,1e-7,,
2023-05-01 16:14:48,1682972089,10.6,54.3,94907,1e-7,2.00,3.00,4.00,,
2023-05-01 16:15:08,1682972108,10.5,54.1,95000,1e-7,1e-7,1e-7,1e-7,,
2023-05-01 16:24:45,1682972686,10.3,54.5,95000,1e-7,2.00,4.00,5.00,,
2023-05-01 16:29:48,1682972988,10.3,54.6,95000,1e-7,1e-7,1e-7,1e-7,,
2023-05-01 16:32:25,1682973146,10.4,53.6,95000,1e-7,1.00,3.00,3.00,,
2023-05-01 16:58:25,1682974705,10.3,53.1,95018,1.00,4.00,6.00,7.00,,
2023-05-01 17:00:48,1682974849,10.4,52.5,95100,1e-7,1.00,1.00,2.00,,
2023-05-01 17:07:13,1682975234,10.6,52.6,95100,1.00,9.00,16.0,19.0,,
2023-05-01 17:19:44,1682975985,11.1,51.9,95100,1.00,3.00,5.00,6.00,,
2023-05-01 17:24:58,1682976299,11.2,51.4,95100,2.00,5.00,9.00,11.0,,
2023-05-01 17:28:15,1682976495,11.2,50.9,95100,1.00,3.00,5.00,6.00,0.0501,0
2023-05-01 17:53:56,1682978036,11.1,50.5,95122,2.00,4.00,5.00,6.00,,
2023-05-01 19:39:48,1682984389,10.2,50.7,95300,2.00,3.00,5.00,6.00,,
2023-05-01 19:44:44,1682984685,9.99,50.8,95300,2.00,3.00,4.00,5.00,,
2023-05-01 19:49:40,1682984981,9.77,51.0,95300,2.00,2.00,3.00,4.00,0.0119,0
2023-05-01 19:54:57,1682985297,9.56,51.2,95300,2.00,2.00,3.00,4.00,0.0128,0
2023-05-01 19:59:53,1682985594,9.39,51.4,95367,2.00,4.00,8.00,9.00,0.0154,0
2023-05-01 20:04:50,1682985890,9.25,51.5,95327,1.00,3.00,4.00,5.00,0.0193,0
2023-05-01 20:09:47,1682986187,9.07,51.6,95367,2.00,2.00,3.00,4.00,0.0182,0
2023-05-01 20:14:44,1682986484,8.90,51.8,95400,3.00,5.00,7.00,7.00,0.0169,0
2023-05-01 20:19:41,1682986781,8.77,52.0,95400,5.00,9.00,14.0,16.0,0.0277,0
2023-05-01 20:24:58,1682987098,8.65,52.1,95400,2.00,5.00,9.00,11.0,0.0643,0
2023-05-01 20:29:55,1682987396,8.53,52.1,95400,1.00,5.00,9.00,10.0,0.0410,0
2023-05-01 20:34:53,1682987693,8.41,52.1,95400,2.00,4.00,6.00,7.00,0.0410,0
2023-05-01 20:39:50,1682987991,8.27,52.1,95400,2.00,3.00,5.00,7.00,0.0208,0
2023-05-01 20:44:48,1682988288,8.14,52.2,95400,1.00,2.00,4.00,5.00,0.0204,0
2023-05-01 20:49:46,1682988586,8.05,52.5,95400,2.00,5.00,8.00,9.00,0.0121,0
2023-05-01 20:54:44,1682988885,8.01,52.7,95400,2.00,4.00,5.00,6.00,0.0138,0
2023-05-01 20:59:42,1682989182,7.96,52.7,95400,2.00,2.00,4.00,4.00,0.0216,0
2023-05-01 21:04:40,1682989480,7.88,52.7,95400,2.00,4.00,5.00,5.00,0.0162,0
2023-05-01 21:09:58,1682989798,7.82,52.8,95400,3.00,6.00,8.00,10.0,0.0159,0
2023-05-01 21:14:55,1682990096,7.79,53.0,95400,2.00,5.00,8.00,10.0,0.0190,0
2023-05-01 21:19:53,1682990394,7.77,53.1,95400,2.00,4.00,6.00,7.00,0.0193,0
2023-05-01 21:24:51,1682990692,7.73,53.1,95400,1.00,3.00,6.00,7.00,0.0123,0
2023-05-01 21:29:49,1682990990,7.71,53.3,95400,2.00,3.00,6.00,7.00,0.0158,0
2023-05-01 21:34:47,1682991288,7.70,53.2,95400,2.00,3.00,4.00,4.00,0.0147,0
2023-05-01 21:39:47,1682991587,7.65,53.1,95400,2.00,7.00,10.0,12.0,0.0239,0
2023-05-01 21:44:45,1682991885,7.59,53.1,95400,2.00,4.00,6.00,8.00,0.0341,0
2023-05-01 21:49:43,1682992183,7.53,53.2,95400,1e-7,4.00,7.00,9.00,0.0283,0
2023-05-01 21:54:41,1682992482,7.50,53.3,95400,1.00,2.00,3.00,3.00,0.0162,0
2023-05-01 21:59:59,1682992800,7.48,53.4,95400,1.00,3.00,4.00,5.00,0.0125,0
2023-05-01 22:04:58,1682993098,7.45,53.4,95400,2.00,3.00,6.00,7.00,0.0137,0
2023-05-01 22:09:56,1682993396,7.43,53.4,95400,2.00,3.00,4.00,5.00,0.0119,0
2023-05-01 22:14:54,1682993695,7.44,53.6,95400,4.00,9.00,14.0,16.0,0.0134,0
2023-05-01 22:19:52,1682993993,7.44,53.7,95400,2.00,6.00,10.0,12.0,0.0259,0
2023-05-01 22:24:51,1682994291,7.43,53.6,95400,2.00,3.00,6.00,7.00,0.0259,0
2023-05-01 22:29:49,1682994590,7.41,53.7,95400,3.00,11.0,18.0,21.0,0.0230,0
2023-05-01 22:34:48,1682994888,7.38,53.5,95400,3.00,4.00,6.00,7.00,0.0482,0
2023-05-01 22:39:46,1682995187,7.33,53.5,95400,1.00,2.00,4.00,5.00,0.0414,0
2023-05-01 22:44:45,1682995485,7.30,53.6,95400,2.00,3.00,4.00,5.00,0.0470,0
2023-05-01 22:49:43,1682995784,7.31,53.7,95433,2.00,4.00,7.00,8.00,0.0159,0
2023-05-01 22:54:42,1682996082,7.31,53.6,95407,2.00,4.00,6.00,7.00,0.0159,0
2023-05-01 22:59:40,1682996381,7.30,53.7,95400,2.00,4.00,7.00,8.00,0.0173,0
2023-05-01 23:04:59,1682996699,7.26,53.6,95400,2.00,5.00,7.00,8.00,0.0163,0
2023-05-01 23:09:57,1682996998,7.24,53.6,95400,2.00,4.00,6.00,7.00,0.0163,0
2023-05-01 23:14:56,1682997296,7.20,53.6,95400,2.00,5.00,8.00,9.00,0.0144,0
2023-05-01 23:19:54,1682997594,7.16,53.6,95400,2.00,3.00,4.00,4.00,0.0112,0
2023-05-01 23:24:53,1682997893,7.14,53.6,95400,3.00,4.00,6.00,7.00,0.0109,0
2023-05-01 23:29:51,1682998192,7.12,53.7,95400,2.00,4.00,6.00,7.00,0.0129,0
2023-05-01 23:34:50,1682998490,7.12,53.7,95400,2.00,2.00,4.00,4.00,0.0204,0
2023-05-01 23:39:48,1682998789,7.09,53.7,95400,2.00,5.00,8.00,10.0,0.0158,0
2023-05-01 23:44:47,1682999087,7.08,53.6,95400,3.00,3.00,4.00,5.00,0.0167,0
2023-05-01 23:49:45,1682999386,7.10,53.7,95400,2.00,2.00,3.00,4.00,0.0121,0
2023-05-01 23:54:44,1682999684,7.09,53.6,95400,2.00,3.00,4.00,5.00,0.0123,0
2023-05-01 23:59:42,1682999983,7.10,53.6,95400,2.00,3.00,4.00,5.00,0.0119,0
2023-05-02 00:04:41,1683000281,7.18,53.7,95400,2.00,2.00,3.00,4.00,0.0119,0
2023-05-02 00:09:59,1683000599,7.27,53.7,95400,2.00,4.00,7.00,8.00,0.0112,0
2023-05-02 00:14:57,1683000898,7.36,53.8,95400,2.00,3.00,4.00,5.00,0.0161,0
2023-05-02 00:19:56,1683001196,7.48,53.8,95400,2.00,2.00,3.00,4.00,0.0152,0
2023-05-02 00:24:54,1683001495,7.62,53.8,95400,1.00,4.00,6.00,7.00,0.0141,0
2023-05-02 00:29:52,1683001793,7.74,53.8,95400,2.00,5.00,9.00,10.0,0.0126,0
2023-05-02 00:34:50,1683002091,7.86,53.7,95400,2.00,3.00,4.00,5.00,0.0112,0
2023-05-02 00:39:48,1683002389,7.96,53.6,95400,4.00,8.00,10.0,11.0,0.0141,0
2023-05-02 00:44:46,1683002687,8.06,53.4,95400,2.00,3.00,4.00,5.00,0.0159,0
2023-05-02 00:49:44,1683002985,8.15,53.3,95400,1.00,2.00,4.00,5.00,0.0159,0
2023-05-02 00:54:42,1683003282,8.21,53.3,95400,2.00,3.00,4.00,5.00,0.0112,0
2023-05-02 00:59:59,1683003600,8.27,53.0,95400,2.00,5.00,9.00,11.0,0.0121,0
2023-05-02 01:04:57,1683003897,8.34,53.0,95400,2.00,3.00,5.00,6.00,0.0131,0
2023-05-02 01:09:55,1683004195,8.39,52.6,95400,2.00,3.00,5.00,6.00,0.0118,0
2023-05-02 01:14:52,1683004493,8.46,52.6,95400,2.00,5.00,7.00,8.00,0.0109,0
2023-05-02 01:19:50,1683004791,8.47,52.4,95500,3.00,4.00,6.00,7.00,0.0128,0
2023-05-02 01:24:48,1683005088,8.48,52.3,95500,2.00,6.00,10.0,12.0,0.0238,0
2023-05-02 01:29:45,1683005386,8.51,52.3,95500,1.00,2.00,4.00,5.00,0.0256,0
2023-05-02 01:34:43,1683005684,8.54,52.5,95500,2.00,2.00,4.00,5.00,0.0334,0
2023-05-02 01:39:41,1683005981,8.58,52.7,95500,2.00,3.00,4.00,4.00,0.0172,0
2023-05-02 01:44:58,1683006299,8.61,52.5,95500,3.00,5.00,8.00,10.0,0.0316,0
2023-05-02 01:49:56,1683006596,8.65,52.6,95547,2.00,4.00,6.00,7.00,0.0266,0
2023-05-02 01:54:53,1683006894,8.64,52.3,95600,2.00,6.00,10.0,12.0,0.0274,0
2023-05-02 01:59:51,1683007191,8.62,52.3,95600,2.00,4.00,6.00,7.00,0.0216,0
2023-05-02 02:04:49,1683007489,8.59,52.5,95573,2.00,7.00,10.0,12.0,0.0140,0
2023-05-02 02:09:46,1683007786,8.59,52.5,95500,2.00,3.00,3.00,4.00,0.0197,0
2023-05-02 02:14:43,1683008084,8.63,52.8,95520,2.00,3.00,5.00,6.00,0.0173,0
2023-05-02 02:19:41,1683008381,8.66,52.8,95500,2.00,4.00,6.00,7.00,0.0108,0
2023-05-02 02:24:58,1683008698,8.68,53.1,95500,2.00,3.00,5.00,6.00,0.0110,0
2023-05-02 02:29:55,1683008996,8.70,53.3,95500,2.00,4.00,7.00,8.00,0.0124,0
2023-05-02 02:34:52,1683009293,8.76,53.4,95500,2.00,4.00,6.00,7.00,0.0130,0
2023-05-02 02:39:50,1683009590,8.80,53.4,95500,1e-7,2.00,3.00,3.00,0.0152,0
2023-05-02 02:44:47,1683009887,8.84,53.5,95500,1.00,3.00,4.00,4.00,0.0181,0
2023-05-02 02:49:44,1683010184,8.87,53.4,95500,3.00,5.00,8.00,10.0,0.0155,0
2023-05-02 02:54:41,1683010481,8.93,53.1,95500,2.00,2.00,2.00,3.00,0.0153,0
2023-05-02 02:59:57,1683010798,8.99,53.2,95500,2.00,6.00,10.0,11.0,0.0157,0
2023-05-02 03:04:55,1683011095,9.07,53.1,95500,4.00,4.00,5.00,6.00,0.0268,0
2023-05-02 03:09:52,1683011392,9.12,53.2,95500,2.00,4.00,6.00,7.00,0.0180,0
2023-05-02 03:14:49,1683011689,9.17,53.2,95500,2.00,4.00,5.00,6.00,0.0161,0
2023-05-02 03:19:46,1683011986,9.17,53.3,95500,2.00,4.00,6.00,6.00,0.0118,0
2023-05-02 03:24:43,1683012283,9.17,53.5,95500,1.00,3.00,4.00,5.00,0.0113,0
2023-05-02 03:29:40,1683012581,9.17,53.3,95500,2.00,8.00,13.0,16.0,0.0143,0
2023-05-02 03:34:57,1683012898,9.14,53.5,95500,2.00,3.00,6.00,7.00,0.0225,0
2023-05-02 03:39:54,1683013195,9.13,53.6,95500,1.00,2.00,3.00,4.00,0.0305,0
2023-05-02 03:44:51,1683013492,9.17,53.8,95500,2.00,5.00,8.00,10.0,0.0341,0
2023-05-02 03:49:48,1683013789,9.17,53.6,95500,1.00,2.00,3.00,4.00,0.0168,0
2023-05-02 03:54:45,1683014086,9.21,53.5,95500,1.00,4.00,6.00,7.00,0.0140,0
2023-05-02 03:59:42,1683014383,9.24,53.5,95500,1.00,2.00,3.00,4.00,0.00967,0
2023-05-02 04:04:59,1683014700,9.30,53.4,95500,1.00,4.00,5.00,6.00,0.0127,0
2023-05-02 04:09:56,1683014997,9.27,53.2,95500,1.00,2.00,4.00,5.00,0.0110,0
2023-05-02 04:14:54,1683015294,9.21,53.2,95500,1.00,3.00,5.00,6.00,0.0108,0
2023-05-02 04:19:51,1683015591,9.18,53.3,95500,1.00,4.00,7.00,8.00,0.0111,0
2023-05-02 04:24:48,1683015888,9.17,53.2,95500,1e-7,1.00,3.00,3.00,0.0110,0
2023-05-02 04:29:45,1683016185,9.12,53.2,95500,2.00,6.00,11.0,14.0,0.0137,0
2023-05-02 04:34:42,1683016483,9.05,53.2,95500,2.00,4.00,7.00,9.00,0.0274,0
2023-05-02 04:39:59,1683016800,8.97,53.2,95500,1.00,3.00,4.00,5.00,0.0368,0
2023-05-02 04:44:56,1683017097,8.91,53.0,95500,1.00,2.00,3.00,4.00,0.0138,0
2023-05-02 04:49:54,1683017394,8.87,53.3,95500,1.00,3.00,4.00,5.00,0.0109,0
2023-05-02 04:54:51,1683017691,8.85,53.4,95500,1.00,2.00,3.00,4.00,0.0102,0
2023-05-02 04:59:48,1683017988,8.83,53.5,95500,1.00,3.00,5.00,6.00,0.0111,0
2023-05-02 05:04:45,1683018286,8.74,53.4,95500,1.00,3.00,5.00,6.00,0.0130,0
2023-05-02 05:09:43,1683018583,8.59,53.5,95500,1.00,4.00,8.00,9.00,0.0126,0
2023-05-02 05:14:40,1683018880,8.48,53.5,95500,1.00,8.00,14.0,16.0,0.0242,0
2023-05-02 05:19:57,1683019198,8.47,53.8,95500,1.00,3.00,6.00,7.00,0.0259,0
2023-05-02 05:24:55,1683019495,8.47,54.0,95500,1.00,2.00,4.00,4.00,0.0318,0
2023-05-02 05:29:52,1683019793,8.49,54.1,95500,4.00,4.00,5.00,6.00,0.0244,0
2023-05-02 05:34:50,1683020090,8.55,54.2,95500,1.00,2.00,3.00,4.00,0.0116,0
2023-05-02 05:39:47,1683020387,8.64,54.3,95500,1.00,2.00,3.00,4.00,0.0152,0
2023-05-02 05:44:44,1683020684,8.69,54.4,95500,1.00,2.00,3.00,4.00,0.0152,0
2023-05-02 05:49:41,1683020982,8.71,54.1,95500,1.00,2.00,3.00,4.00,0.00995,0
2023-05-02 05:54:58,1683021299,8.81,54.2,95500,1.00,6.00,11.0,13.0,0.0194,0
2023-05-02 05:59:55,1683021596,8.95,54.4,95500,1e-7,2.00,4.00,5.00,0.0188,0
2023-05-02 06:04:52,1683021893,9.13,54.2,95500,3.00,4.00,4.00,5.00,0.0168,0
2023-05-02 06:09:49,1683022190,9.33,54.2,95500,1.00,5.00,7.00,9.00,0.0149,0
2023-05-02 06:14:46,1683022487,9.44,53.9,95573,1.00,6.00,10.0,12.0,0.0167,0
2023-05-02 06:17:44,1683022664,9.54,53.9,95600,1.00,3.00,6.00,7.00,0.0115,0
2023-05-02 06:34:41,1683023682,9.84,53.5,95600,1.00,4.00,6.00,7.00,0.0278,0
2023-05-02 06:35:01,1683023701,9.85,53.3,95600,1e-7,1e-7,1e-7,1e-7,0.00899,0
2023-05-02 08:54:59,1683032100,11.9,52.8,95700,1.00,4.00,7.00,9.00,,
2023-05-02 08:57:55,1683032276,12.0,52.4,95700,1e-7,2.00,3.00,4.00,,
2023-05-02 09:04:52,1683032693,12.0,52.7,95700,1e-7,1.00,1.00,1.00,,
2023-05-02 09:09:46,1683032987,12.1,52.7,95640,2.00,2.00,4.00,4.00,,
2023-05-02 09:14:55,1683033295,12.1,52.4,95600,1.00,2.00,3.00,4.00,,
2023-05-02 09:19:49,1683033589,12.2,52.2,95600,2.00,4.00,7.00,8.00,0.0298,0
2023-05-02 09:20:28,1683033629,12.2,52.1,95600,1e-7,2.00,4.00,4.00,0.0199,0
2023-05-02 15:14:51,1683054891,16.0,39.5,95600,2.00,2.00,3.00,4.00,,
2023-05-02 15:19:42,1683055183,15.8,39.4,95600,2.00,3.00,4.00,4.00,,
2023-05-02 15:24:53,1683055494,15.6,40.0,95600,2.00,3.00,4.00,4.00,,
2023-05-02 15:29:45,1683055786,15.5,40.2,95600,2.00,4.00,7.00,8.00,0.00995,0
2023-05-02 15:31:03,1683055863,15.5,40.4,95600,1.00,3.00,4.00,5.00,0.0133,0
2023-05-02 16:19:56,1683058797,18.0,39.2,95600,1.00,3.00,6.00,7.00,,
2023-05-02 16:22:50,1683058970,18.3,37.7,95600,1.00,4.00,6.00,7.00,,
2023-05-02 16:34:45,1683059686,18.1,36.2,95600,2.00,3.00,4.00,5.00,,
2023-05-02 16:39:55,1683059995,17.8,36.1,95600,2.00,2.00,3.00,4.00,0.00646,0
2023-05-02 16:40:14,1683060015,17.6,36.1,95600,1e-7,1e-7,1e-7,1e-7,0.00825,0
2023-05-02 16:54:45,1683060886,17.3,37.6,95600,1.00,3.00,6.00,7.00,0.0133,0
2023-05-02 16:57:40,1683061060,17.2,37.4,95600,1.00,4.00,7.00,8.00,0.0124,0
2023-05-02 17:09:55,1683061796,17.1,38.0,95600,1.00,4.00,6.00,7.00,0.0178,0
2023-05-02 17:14:46,1683062086,17.0,37.9,95600,2.00,3.00,4.00,4.00,0.0178,0
2023-05-02 17:24:47,1683062688,17.1,37.8,95600,1e-7,1e-7,1e-7,1e-7,0.0120,0
2023-05-02 17:29:57,1683062998,17.0,37.5,95600,1.00,6.00,10.0,13.0,0.0214,0
2023-05-02 17:32:13,1683063133,16.9,37.6,95600,1.00,3.00,4.00,4.00,0.0272,0
2023-05-02 17:44:59,1683063899,16.8,38.3,95600,2.00,4.00,6.00,7.00,0.0272,0
2023-05-02 17:49:50,1683064190,16.7,37.7,95613,2.00,6.00,10.0,12.0,0.0122,0
2023-05-02 17:54:41,1683064481,16.5,37.9,95653,2.00,4.00,5.00,6.00,0.0178,0
2023-05-02 17:59:52,1683064792,16.3,37.9,95681,2.00,3.00,4.00,4.00,0.0185,0
2023-05-02 18:04:43,1683065084,16.0,37.9,95700,1.00,3.00,4.00,5.00,0.0113,0
2023-05-02 18:09:54,1683065395,15.8,38.3,95700,2.00,2.00,3.00,4.00,0.0108,0
2023-05-02 18:14:46,1683065687,15.6,38.7,95700,1.00,2.00,3.00,4.00,0.0108,0
2023-05-02 18:19:57,1683065998,15.4,39.2,95700,2.00,3.00,5.00,6.00,0.00995,0
2023-05-02 18:24:50,1683066290,15.3,39.2,95700,3.00,4.00,6.00,7.00,0.0161,0
2023-05-02 18:29:42,1683066582,15.1,39.4,95700,2.00,2.00,3.00,4.00,0.0150,0
2023-05-02 18:34:54,1683066894,15.0,39.5,95700,2.00,5.00,8.00,10.0,0.0154,0
2023-05-02 18:39:46,1683067187,14.8,39.6,95700,2.00,7.00,12.0,15.0,0.0205,0
2023-05-02 18:44:58,1683067499,14.7,40.0,95700,3.00,3.00,6.00,7.00,0.0256,0
2023-05-02 18:49:51,1683067791,14.6,39.9,95700,2.00,6.00,11.0,13.0,0.0163,0
2023-05-02 18:54:43,1683068084,14.5,40.2,95700,2.00,4.00,6.00,8.00,0.0173,0
2023-05-02 18:59:56,1683068396,14.4,40.4,95700,1.00,3.00,5.00,6.00,0.0208,0
2023-05-02 19:04:49,1683068689,14.3,40.7,95700,1.00,2.00,3.00,4.00,0.0228,0
2023-05-02 19:09:42,1683068982,14.2,40.9,95700,1.00,3.00,4.00,5.00,0.0146,0
2023-05-02 19:14:54,1683069295,14.2,41.0,95700,2.00,2.00,4.00,4.00,0.0107,0
2023-05-02 19:19:47,1683069588,14.1,41.2,95700,2.00,5.00,7.00,9.00,0.0130,0
2023-05-02 19:24:40,1683069881,14.0,41.4,95700,2.00,3.00,4.00,4.00,0.0130,0
2023-05-02 19:29:53,1683070194,13.9,41.8,95731,3.00,4.00,7.00,8.00,0.0128,0
2023-05-02 19:34:46,1683070487,13.7,42.1,95747,2.00,5.00,8.00,9.00,0.0111,0
2023-05-02 19:39:59,1683070800,13.6,42.3,95794,2.00,3.00,5.00,6.00,0.0105,0
2023-05-02 19:44:53,1683071094,13.5,42.6,95800,2.00,3.00,4.00,4.00,0.0121,0
2023-05-02 19:49:47,1683071387,13.4,43.0,95800,2.00,7.00,10.0,12.0,0.0121,0
2023-05-02 19:54:40,1683071681,13.4,43.1,95800,2.00,4.00,5.00,5.00,0.0191,0
2023-05-02 19:59:54,1683071994,13.3,43.5,95800,4.00,4.00,4.00,5.00,0.0199,0
2023-05-02 20:04:47,1683072288,13.2,43.6,95800,2.00,8.00,14.0,16.0,0.0224,0
2023-05-02 20:09:41,1683072581,13.2,43.9,95800,2.00,9.00,14.0,17.0,0.0621,0
2023-05-02 20:14:54,1683072895,13.2,44.0,95800,2.00,2.00,4.00,4.00,0.0483,0
2023-05-02 20:19:48,1683073188,13.1,44.1,95800,1.00,5.00,7.00,9.00,0.0483,0
2023-05-02 20:24:42,1683073482,13.1,44.3,95800,2.00,7.00,12.0,14.0,0.0377,0
2023-05-02 20:29:56,1683073796,13.1,44.1,95800,2.00,4.00,7.00,9.00,0.0419,0
2023-05-02 20:34:50,1683074090,13.0,44.3,95800,2.00,2.00,3.00,3.00,0.0262,0
2023-05-02 20:39:44,1683074384,13.0,44.7,95800,2.00,4.00,7.00,9.00,0.0413,0
2023-05-02 20:44:57,1683074698,12.9,44.8,95800,3.00,6.00,9.00,11.0,0.0289,0
2023-05-02 20:49:51,1683074992,12.9,44.8,95800,1.00,4.00,6.00,7.00,0.0297,0
2023-05-02 20:54:46,1683075286,12.9,44.9,95813,3.00,4.00,7.00,8.00,0.0414,0
2023-05-02 20:59:40,1683075580,12.8,45.2,95880,2.00,2.00,4.00,5.00,0.0209,0
2023-05-02 21:04:54,1683075894,12.8,45.3,95881,3.00,7.00,10.0,12.0,0.0149,0
2023-05-02 21:09:48,1683076189,12.8,45.3,95900,2.00,3.00,5.00,5.00,0.0176,0
2023-05-02 21:14:42,1683076483,12.8,45.4,95900,2.00,2.00,4.00,4.00,0.0113,0
2023-05-02 21:19:56,1683076797,12.8,45.3,95900,1.00,6.00,10.0,12.0,0.0109,0
2023-05-02 21:24:50,1683077091,12.7,45.6,95900,2.00,6.00,11.0,13.0,0.0214,0
2023-05-02 21:29:45,1683077385,12.7,45.6,95900,2.00,3.00,6.00,7.00,0.0157,0
2023-05-02 21:34:58,1683077699,12.7,45.8,95900,4.00,4.00,4.00,5.00,0.0116,0
2023-05-02 21:39:53,1683077993,12.6,45.8,95900,2.00,5.00,8.00,10.0,0.0139,0
2023-05-02 21:44:47,1683078287,12.6,46.0,95900,1.00,5.00,8.00,10.0,0.0128,0
2023-05-02 21:49:41,1683078581,12.6,46.0,95900,2.00,2.00,3.00,4.00,0.0128,0
2023-05-02 21:54:55,1683078895,12.5,46.1,95900,1.00,2.00,4.00,5.00,0.0233,0
2023-05-02 21:59:49,1683079189,12.5,46.4,95900,1.00,4.00,6.00,7.00,0.0139,0
2023-05-02 22:04:43,1683079484,12.4,46.8,95900,2.00,5.00,8.00,9.00,0.0131,0
2023-05-02 22:09:57,1683079798,12.3,47.1,95900,1.00,6.00,10.0,12.0,0.0352,0
2023-05-02 22:14:52,1683080092,12.2,48.0,95900,2.00,4.00,7.00,9.00,0.0229,0
2023-05-02 22:19:47,1683080387,12.0,48.8,95900,1.00,3.00,6.00,7.00,0.0229,0
2023-05-02 22:24:42,1683080682,11.8,48.9,95900,2.00,6.00,10.0,12.0,0.0178,0
2023-05-02 22:29:56,1683080997,11.7,49.4,95900,2.00,3.00,5.00,5.00,0.0118,0
2023-05-02 22:34:51,1683081291,11.6,49.8,95900,1.00,4.00,7.00,9.00,0.0151,0
2023-05-02 22:39:46,1683081586,11.5,49.9,95900,3.00,3.00,3.00,4.00,0.0106,0
2023-05-02 22:44:41,1683081881,11.5,49.8,95900,2.00,6.00,11.0,13.0,0.0217,0
2023-05-02 22:49:55,1683082196,11.4,50.0,95900,1.00,3.00,6.00,7.00,0.0290,0
2023-05-02 22:54:50,1683082491,11.4,50.1,95900,2.00,2.00,3.00,4.00,0.0350,0
2023-05-02 22:59:45,1683082786,11.4,50.0,95900,1.00,2.00,3.00,4.00,0.0266,0
2023-05-02 23:04:40,1683083081,11.3,50.1,95900,1.00,2.00,3.00,4.00,0.0113,0
2023-05-02 23:09:55,1683083396,11.3,50.2,95900,1.00,4.00,6.00,7.00,0.0111,0
2023-05-02 23:14:50,1683083691,11.3,49.9,95900,2.00,5.00,7.00,8.00,0.0238,0
2023-05-02 23:19:46,1683083986,11.3,50.0,95900,3.00,3.00,6.00,7.00,0.0238,0
2023-05-02 23:24:41,1683084281,11.3,49.9,95900,1.00,3.00,5.00,6.00,0.0181,0
2023-05-02 23:29:56,1683084596,11.3,49.9,95900,1.00,2.00,4.00,4.00,0.0100,0
2023-05-02 23:34:51,1683084891,11.3,49.8,95900,1.00,2.00,3.00,4.00,0.0115,0
2023-05-02 23:39:46,1683085187,11.3,49.7,95900,1.00,4.00,7.00,8.00,0.0115,0
2023-05-02 23:44:41,1683085482,11.3,49.5,95900,1.00,2.00,4.00,4.00,0.0187,0
2023-05-02 23:49:56,1683085797,11.3,49.7,95900,2.00,3.00,6.00,7.00,0.0123,0
2023-05-02 23:54:52,1683086092,11.2,50.0,95900,1.00,3.00,4.00,5.00,0.0114,0
2023-05-02 23:59:47,1683086388,11.2,49.8,95900,1.00,3.00,6.00,7.00,0.0123,0
2023-05-03 00:04:43,1683086683,11.2,49.9,95900,2.00,2.00,3.00,4.00,0.0135,0
2023-05-03 00:09:58,1683086998,11.1,49.8,95900,1.00,4.00,7.00,9.00,0.0136,0
2023-05-03 00:14:53,1683087294,11.1,49.7,95900,2.00,5.00,7.00,8.00,0.0237,0
2023-05-03 00:19:49,1683087589,11.1,49.6,95900,1.00,3.00,4.00,4.00,0.0298,0
2023-05-03 00:24:44,1683087885,11.1,49.5,95900,1.00,5.00,8.00,10.0,0.0235,0
2023-05-03 00:29:59,1683088200,11.1,49.5,95900,2.00,2.00,4.00,5.00,0.0111,0
2023-05-03 00:34:55,1683088495,11.1,49.4,95900,1.00,5.00,8.00,9.00,0.0181,0
2023-05-03 00:39:50,1683088791,11.0,49.3,95900,1.00,2.00,4.00,5.00,0.0172,0
2023-05-03 00:44:46,1683089086,11.0,49.2,95900,1.00,5.00,8.00,10.0,0.0227,0
2023-05-03 00:49:41,1683089382,11.0,49.3,95900,1e-7,3.00,6.00,7.00,0.0156,0
2023-05-03 00:54:56,1683089697,11.0,49.2,95900,2.00,3.00,4.00,5.00,0.0128,0
2023-05-03 00:59:52,1683089992,10.9,49.1,95900,2.00,4.00,7.00,9.00,0.0128,0
2023-05-03 01:04:47,1683090287,10.9,49.0,95900,1.00,3.00,6.00,7.00,0.0131,0
2023-05-03 01:09:42,1683090583,10.9,49.0,95900,1.00,3.00,4.00,5.00,0.0133,0
2023-05-03 01:14:57,1683090898,10.9,49.0,95900,1.00,2.00,3.00,4.00,0.0108,0
2023-05-03 01:19:53,1683091193,10.8,48.7,95900,1.00,2.00,4.00,5.00,0.0111,0
2023-05-03 01:24:48,1683091489,10.8,48.8,95900,1.00,4.00,6.00,7.00,0.0107,0
2023-05-03 01:29:44,1683091785,10.8,48.7,95900,1e-7,2.00,4.00,5.00,0.0127,0
2023-05-03 01:34:59,1683092100,10.8,48.6,95900,1.00,3.00,6.00,7.00,0.0151,0
2023-05-03 01:39:55,1683092395,10.7,48.6,95900,1.00,3.00,6.00,7.00,0.0159,0
2023-05-03 01:44:49,1683092690,10.7,48.6,95900,2.00,2.00,3.00,4.00,0.0169,0
2023-05-03 01:49:45,1683092985,10.7,48.4,95900,1.00,3.00,4.00,4.00,0.0169,0
2023-05-03 01:54:41,1683093281,10.7,48.4,95900,1.00,6.00,10.0,12.0,0.0214,0
2023-05-03 01:59:56,1683093596,10.7,48.1,95900,2.00,2.00,4.00,5.00,0.0200,0
2023-05-03 02:04:52,1683093892,10.6,48.2,95900,1.00,6.00,10.0,12.0,0.0200,0
2023-05-03 02:09:47,1683094188,10.5,48.3,95900,1.00,2.00,3.00,4.00,0.0199,0
2023-05-03 02:14:43,1683094484,10.5,48.3,95900,1.00,2.00,3.00,4.00,0.0160,0
2023-05-03 02:19:59,1683094799,10.4,48.4,95900,1.00,2.00,3.00,4.00,0.0141,0
2023-05-03 02:24:55,1683095095,10.4,48.2,95900,1.00,2.00,3.00,4.00,0.00995,0
2023-05-03 02:29:51,1683095391,10.4,48.3,95900,1.00,2.00,4.00,4.00,0.00995,0
2023-05-03 02:34:46,1683095687,10.4,48.3,95900,1.00,2.00,4.00,5.00,0.0103,0
2023-05-03 02:39:42,1683095983,10.4,48.4,95900,1.00,2.00,4.00,5.00,0.0102,0
2023-05-03 02:44:58,1683096299,10.3,48.2,95900,1.00,3.00,6.00,7.00,0.0110,0
2023-05-03 02:49:54,1683096595,10.3,48.3,95900,1.00,2.00,3.00,4.00,0.0126,0
2023-05-03 02:54:50,1683096891,10.3,48.2,95900,1.00,2.00,4.00,4.00,0.0150,0
2023-05-03 02:59:46,1683097187,10.3,48.2,95900,1.00,3.00,6.00,7.00,0.0143,0
2023-05-03 03:04:42,1683097483,10.2,48.3,95900,1.00,2.00,3.00,3.00,0.0150,0
2023-05-03 03:09:58,1683097799,10.2,48.4,95900,3.00,6.00,8.00,10.0,0.0155,0
2023-05-03 03:14:54,1683098095,10.2,48.3,95900,1.00,2.00,4.00,5.00,0.0140,0
2023-05-03 03:19:50,1683098391,10.2,48.3,95900,1.00,2.00,4.00,5.00,0.0109,0
2023-05-03 03:24:47,1683098687,10.1,48.4,95900,1.00,4.00,6.00,7.00,0.0103,0
2023-05-03 03:29:43,1683098983,10.1,48.6,95900,2.00,2.00,4.00,5.00,0.0131,0
2023-05-03 03:34:58,1683099299,10.1,48.5,95919,1.00,4.00,7.00,9.00,0.0111,0
2023-05-03 03:39:54,1683099595,10.0,48.5,95993,1.00,6.00,11.0,13.0,0.0193,0
2023-05-03 03:44:50,1683099891,10.0,48.4,96000,1.00,3.00,6.00,7.00,0.0193,0
2023-05-03 03:49:46,1683100187,9.95,48.3,96000,1.00,2.00,4.00,4.00,0.0207,0
2023-05-03 03:54:42,1683100483,9.91,48.4,96000,1.00,4.00,7.00,9.00,0.0109,0
2023-05-03 03:59:58,1683100799,9.91,48.3,95975,1.00,2.00,3.00,3.00,0.0109,0
2023-05-03 04:04:54,1683101095,9.88,48.1,95940,1.00,4.00,6.00,7.00,0.0194,0
2023-05-03 04:09:51,1683101391,9.81,47.9,95947,1.00,2.00,4.00,5.00,0.0150,0
2023-05-03 04:14:47,1683101687,9.77,47.8,95953,2.00,3.00,5.00,5.00,0.0154,0
2023-05-03 04:19:43,1683101984,9.71,47.8,96000,2.00,2.00,4.00,5.00,0.0110,0
2023-05-03 04:24:59,1683102300,9.69,47.7,95900,2.00,2.00,4.00,5.00,0.0114,0
2023-05-03 04:29:55,1683102596,9.67,48.0,95900,1e-7,2.00,3.00,4.00,0.0121,0
2023-05-03 04:34:52,1683102892,9.71,47.4,95900,1.00,2.00,4.00,4.00,0.0104,0
2023-05-03 04:39:48,1683103189,9.67,47.1,95900,1e-7,2.00,3.00,4.00,0.0100,0
2023-05-03 04:44:44,1683103485,9.64,46.7,95900,1.00,4.00,7.00,8.00,0.00995,0
2023-05-03 04:49:41,1683103781,9.61,46.8,96000,1.00,2.00,4.00,5.00,0.0160,0
2023-05-03 04:54:57,1683104097,9.62,47.1,96000,1e-7,2.00,4.00,4.00,0.0173,0
2023-05-03 04:59:53,1683104394,9.65,46.8,95940,1.00,2.00,3.00,4.00,0.0103,0
2023-05-03 05:04:49,1683104690,9.65,46.4,96000,1e-7,4.00,7.00,8.00,0.0130,0
2023-05-03 05:09:46,1683104986,9.65,46.6,96000,1e-7,2.00,4.00,4.00,0.0157,0
2023-05-03 05:14:42,1683105283,9.65,46.4,96000,1e-7,2.00,4.00,4.00,0.0171,0
2023-05-03 05:19:58,1683105599,9.65,46.2,96000,1.00,3.00,6.00,7.00,0.0171,0
2023-05-03 05:24:55,1683105895,9.61,45.3,96000,1.00,2.00,3.00,4.00,0.0149,0
2023-05-03 05:29:51,1683106192,9.55,45.4,96000,1e-7,2.00,4.00,5.00,0.0131,0
2023-05-03 05:34:48,1683106488,9.51,45.6,96000,1e-7,2.00,3.00,4.00,0.0109,0
2023-05-03 05:39:44,1683106785,9.51,45.3,96000,2.00,2.00,4.00,4.00,0.0113,0
2023-05-03 05:44:41,1683107081,9.48,45.2,96000,1e-7,2.00,4.00,4.00,0.0101,0
2023-05-03 05:49:57,1683107398,9.46,45.2,96000,1e-7,4.00,7.00,9.00,0.0132,0
2023-05-03 05:54:54,1683107694,9.44,44.9,96000,1e-7,2.00,4.00,5.00,0.0149,0
2023-05-03 05:59:30,1683107971,9.43,45.2,96000,1e-7,1e-7,1e-7,1e-7,0.0140,0
2023-05-03 09:04:42,1683119083,10.9,39.5,96200,1e-7,1e-7,1e-7,1e-7,,
2023-05-03 09:06:21,1683119181,10.8,39.5,96200,1.00,8.00,13.0,16.0,,
2023-05-03 11:29:40,1683127781,14.5,32.8,96300,1e-7,1e-7,1e-7,1e-7,,
2023-05-03 11:33:34,1683128014,14.5,33.0,96300,1e-7,4.00,7.00,9.00,,
2023-05-03 11:44:55,1683128695,14.0,33.0,96300,1e-7,2.00,3.00,3.00,,
2023-05-03 11:49:47,1683128988,13.9,33.1,96300,2.00,2.00,3.00,4.00,,
2023-05-03 11:51:05,1683129066,13.8,32.9,96300,1e-7,2.00,4.00,4.00,0.0111,0
2023-05-03 12:04:47,1683129887,13.8,33.8,96300,1.00,2.00,3.00,4.00,0.0117,0
2023-05-03 12:08:21,1683130102,13.9,33.8,96300,1.00,2.00,3.00,3.00,0.0117,0
2023-05-03 12:19:43,1683130784,13.8,33.9,96300,1e-7,2.00,4.00,5.00,0.00995,0
2023-05-03 12:24:56,1683131096,13.7,33.9,96300,1.00,3.00,6.00,7.00,0.0101,0
2023-05-03 12:25:54,1683131155,13.7,34.1,96300,1.00,1.00,2.00,2.00,0.0103,0
2023-05-03 12:39:53,1683131994,13.1,33.5,96300,1.00,1.00,3.00,3.00,0.0105,0
2023-05-03 12:43:09,1683132190,12.9,34.0,96300,1e-7,1.00,3.00,3.00,0.0125,0
2023-05-03 12:54:53,1683132894,12.5,35.3,96300,1e-7,2.00,4.00,4.00,0.0116,0
2023-05-03 12:59:47,1683133187,12.4,35.3,96300,1.00,6.00,11.0,14.0,0.0148,0
2023-05-03 13:00:46,1683133246,12.3,35.5,96300,1e-7,1e-7,1e-7,1e-7,0.0150,0
2023-05-03 13:14:47,1683134088,12.1,36.0,96400,1.00,2.00,3.00,4.00,0.0174,0
2023-05-03 13:18:03,1683134284,12.1,35.9,96400,1e-7,2.00,4.00,4.00,0.0127,0
2023-05-03 13:29:47,1683134988,12.0,36.9,96400,1e-7,1.00,3.00,3.00,0.00995,0
2023-05-03 13:34:41,1683135282,12.1,36.9,96400,1.00,1.00,3.00,3.00,0.00995,0
2023-05-03 13:35:21,1683135321,12.1,36.9,96400,1e-7,1e-7,1e-7,1e-7,0.00995,0
2023-05-03 13:49:43,1683136183,12.0,37.1,96400,1e-7,3.00,6.00,7.00,0.0111,0
2023-05-03 13:52:59,1683136379,11.9,37.4,96400,1e-7,2.00,3.00,4.00,0.0111,0
2023-05-03 14:04:43,1683137084,11.8,37.5,96400,1e-7,2.00,4.00,5.00,0.0107,0
2023-05-03 14:09:57,1683137398,11.8,37.5,96400,1e-7,2.00,3.00,4.00,0.0103,0
2023-05-03 14:10:17,1683137417,11.8,37.6,96400,1e-7,1e-7,1e-7,1e-7,0.0103,0
2023-05-03 14:24:58,1683138299,12.2,37.4,96400,1.00,5.00,8.00,10.0,0.0103,0
2023-05-03 14:27:55,1683138475,12.5,37.0,96400,1e-7,2.00,3.00,3.00,0.0106,0
2023-05-03 14:39:57,1683139198,13.0,35.6,96400,1e-7,1.00,1.00,1.00,0.0125,0
2023-05-03 14:44:51,1683139491,13.1,35.6,96400,1e-7,2.00,4.00,5.00,0.0146,0
2023-05-03 14:45:10,1683139511,13.2,35.3,96400,1e-7,2.00,3.00,3.00,0.0146,0
2023-05-03 14:59:50,1683140391,13.0,34.9,96400,1.00,8.00,14.0,17.0,0.0159,0
2023-05-03 15:02:27,1683140547,13.1,35.2,96400,1e-7,1.00,3.00,3.00,0.0185,0
2023-05-03 15:14:49,1683141289,13.5,34.8,96400,1e-7,1.00,3.00,3.00,0.0151,0
2023-05-03 15:19:42,1683141582,13.5,34.7,96400,1e-7,2.00,3.00,4.00,0.0176,0
2023-05-03 15:20:01,1683141602,13.4,34.6,96400,1e-7,1e-7,1e-7,1e-7,0.0122,0
2023-05-03 15:34:40,1683142481,13.3,35.0,96400,1e-7,1.00,3.00,3.00,0.0122,0
2023-05-03 15:37:17,1683142637,13.4,34.9,96400,1e-7,4.00,6.00,7.00,0.00995,0
2023-05-03 15:49:57,1683143398,13.6,34.9,96400,1e-7,1e-7,1e-7,1e-7,0.0115,0
2023-05-03 15:54:50,1683143691,13.6,35.0,96400,1.00,6.00,10.0,12.0,0.0120,0
2023-05-03 16:04:55,1683144296,13.2,35.5,96400,1e-7,1e-7,1e-7,1e-7,0.00922,0
2023-05-03 16:09:49,1683144589,13.2,35.4,96413,1.00,5.00,8.00,9.00,0.0275,0
2023-05-03 16:12:06,1683144726,13.1,35.1,96400,1.00,3.00,4.00,5.00,0.0275,0
2023-05-03 16:24:49,1683145490,12.5,35.8,96500,1e-7,1.00,2.00,2.00,0.0162,0
2023-05-03 16:29:43,1683145784,12.4,35.9,96500,1.00,4.00,7.00,9.00,0.0162,0
2023-05-03 16:39:49,1683146390,12.3,36.6,96500,1.00,1.00,1.00,1.00,0.0124,0
2023-05-03 16:44:44,1683146684,12.3,36.3,96500,1e-7,4.00,7.00,8.00,0.0233,0
2023-05-03 16:47:01,1683146822,12.3,36.3,96500,1e-7,2.00,3.00,3.00,0.0142,0
2023-05-03 17:04:34,1683147875,12.4,36.8,96500,1e-7,2.00,3.00,4.00,0.0294,0
2023-05-03 17:14:59,1683148500,12.4,36.8,96500,1e-7,1e-7,1e-7,1e-7,0.0153,0
2023-05-03 17:19:54,1683148794,12.5,36.6,96500,1e-7,2.00,3.00,3.00,0.0153,0
2023-05-03 17:24:48,1683149089,12.5,36.7,96500,1.00,6.00,10.0,12.0,0.00995,0
2023-05-03 17:29:42,1683149383,12.5,36.6,96500,1.00,2.00,4.00,4.00,0.0144,0
2023-05-03 17:34:56,1683149697,12.4,36.5,96500,1.00,3.00,5.00,6.00,0.0136,0
2023-05-03 17:39:51,1683149991,12.3,36.5,96500,1.00,4.00,7.00,9.00,0.0157,0
2023-05-03 17:44:45,1683150286,12.1,36.7,96500,1e-7,2.00,4.00,4.00,0.0137,0
2023-05-03 17:49:59,1683150600,12.0,36.9,96500,1.00,4.00,8.00,9.00,0.0157,0
2023-05-03 17:54:54,1683150895,11.9,37.1,96600,1e-7,2.00,4.00,4.00,0.0125,0
2023-05-03 17:59:49,1683151189,11.7,37.3,96600,1e-7,2.00,4.00,5.00,0.0157,0
2023-05-03 18:04:44,1683151484,11.5,37.6,96600,1.00,4.00,7.00,9.00,0.00989,0
2023-05-03 18:09:59,1683151799,11.3,37.9,96600,1.00,2.00,4.00,5.00,0.0139,0
2023-05-03 18:14:54,1683152094,11.2,38.1,96600,2.00,2.00,3.00,4.00,0.0121,0
2023-05-03 18:19:49,1683152389,11.1,38.2,96600,1.00,2.00,3.00,4.00,0.0103,0
2023-05-03 18:24:44,1683152685,10.9,38.7,96600,1e-7,2.00,4.00,5.00,0.0101,0
2023-05-03 18:29:59,1683153000,10.9,38.8,96600,1e-7,3.00,6.00,7.00,0.0123,0
2023-05-03 18:34:55,1683153296,10.8,39.0,96600,1.00,8.00,15.0,18.0,0.0322,0
2023-05-03 18:39:51,1683153591,10.7,39.4,96600,1e-7,1.00,3.00,3.00,0.0311,0
2023-05-03 18:44:46,1683153887,10.7,39.4,96600,1.00,2.00,4.00,4.00,0.0311,0
2023-05-03 18:49:42,1683154182,10.5,39.9,96600,1.00,5.00,7.00,9.00,0.0156,0
2023-05-03 18:54:57,1683154497,10.5,39.7,96600,1.00,2.00,4.00,4.00,0.0156,0
2023-05-03 18:59:53,1683154793,10.4,40.0,96600,1e-7,2.00,3.00,4.00,0.0128,0
2023-05-03 19:04:48,1683155089,10.4,40.1,96600,1.00,2.00,3.00,3.00,0.0128,0
2023-05-03 19:09:44,1683155384,10.4,40.1,96607,1e-7,2.00,3.00,4.00,0.00995,0
2023-05-03 19:14:40,1683155681,10.4,40.3,96633,1.00,2.00,4.00,4.00,0.00995,0
2023-05-03 19:19:56,1683155996,10.4,40.4,96656,2.00,3.00,5.00,6.00,0.0119,0
2023-05-03 19:24:52,1683156292,10.3,40.3,96700,1e-7,4.00,6.00,7.00,0.0114,0
2023-05-03 19:29:48,1683156588,10.3,40.5,96700,2.00,5.00,7.00,8.00,0.0149,0
2023-05-03 19:34:44,1683156884,10.2,40.6,96693,1.00,2.00,3.00,4.00,0.0154,0
2023-05-03 19:39:59,1683157200,10.2,40.8,96700,1.00,2.00,4.00,4.00,0.0230,0
2023-05-03 19:44:55,1683157496,10.2,40.9,96700,1.00,4.00,6.00,7.00,0.0122,0
2023-05-03 19:49:52,1683157792,10.1,41.0,96700,1.00,2.00,3.00,4.00,0.0119,0
2023-05-03 19:54:48,1683158088,10.1,41.1,96700,1.00,2.00,4.00,4.00,0.0113,0
2023-05-03 19:59:44,1683158384,10.1,41.5,96700,1.00,2.00,4.00,5.00,0.0103,0
2023-05-03 20:04:40,1683158680,9.98,41.4,96700,1.00,5.00,8.00,10.0,0.0102,0
2023-05-03 20:09:56,1683158996,9.95,41.5,96700,1.00,2.00,4.00,4.00,0.0144,0
2023-05-03 20:14:52,1683159292,9.93,41.7,96700,2.00,6.00,10.0,12.0,0.0161,0
2023-05-03 20:19:48,1683159589,9.93,42.0,96700,1.00,6.00,10.0,12.0,0.0262,0
2023-05-03 20:24:44,1683159885,9.87,42.1,96700,2.00,2.00,3.00,4.00,0.0179,0
2023-05-03 20:29:40,1683160181,9.84,42.3,96700,2.00,4.00,7.00,9.00,0.0179,0
2023-05-03 20:34:56,1683160497,9.84,42.4,96700,2.00,3.00,5.00,7.00,0.0179,0
2023-05-03 20:39:52,1683160793,9.80,42.6,96700,1.00,4.00,7.00,9.00,0.0140,0
2023-05-03 20:44:49,1683161089,9.76,42.7,96700,1.00,4.00,7.00,9.00,0.00945,0
2023-05-03 20:49:45,1683161385,9.76,42.8,96720,2.00,3.00,3.00,4.00,0.0140,0
2023-05-03 20:54:41,1683161682,9.67,43.0,96793,1e-7,3.00,6.00,7.00,0.0152,0
2023-05-03 20:59:57,1683161998,9.53,43.3,96700,1.00,3.00,6.00,7.00,0.0152,0
2023-05-03 21:04:54,1683162295,9.38,43.3,96747,1.00,6.00,11.0,14.0,0.0134,0
2023-05-03 21:09:51,1683162591,9.28,43.5,96773,1.00,4.00,8.00,9.00,0.0368,0
2023-05-03 21:14:47,1683162887,9.19,43.5,96727,1.00,6.00,11.0,13.0,0.0378,0
2023-05-03 21:19:44,1683163184,9.06,43.7,96713,1.00,4.00,6.00,7.00,0.0238,0
2023-05-03 21:24:40,1683163481,8.98,43.8,96767,1e-7,2.00,4.00,5.00,0.0210,0
2023-05-03 21:29:57,1683163798,8.96,43.9,96775,1.00,4.00,8.00,10.0,0.0200,0
2023-05-03 21:34:54,1683164094,8.94,43.9,96800,1.00,5.00,9.00,10.0,0.0193,0
2023-05-03 21:39:51,1683164391,8.98,44.0,96793,1e-7,2.00,4.00,5.00,0.0108,0
2023-05-03 21:44:48,1683164688,9.02,44.1,96800,1.00,2.00,3.00,4.00,0.0188,0
2023-05-03 21:49:44,1683164985,9.10,44.1,96800,2.00,4.00,7.00,8.00,0.0218,0
2023-05-03 21:54:41,1683165281,9.13,43.9,96800,2.00,6.00,10.0,12.0,0.0465,0
2023-05-03 21:59:58,1683165598,9.18,43.7,96800,2.00,2.00,4.00,4.00,0.0465,0
2023-05-03 22:04:54,1683165895,9.19,43.7,96800,2.00,5.00,9.00,11.0,0.0230,0
2023-05-03 22:09:51,1683166192,9.19,43.6,96800,1.00,4.00,7.00,9.00,0.0222,0
2023-05-03 22:14:48,1683166488,9.18,43.7,96800,2.00,4.00,7.00,8.00,0.0246,0
2023-05-03 22:19:45,1683166785,9.19,43.5,96800,1.00,6.00,9.00,11.0,0.0243,0
2023-05-03 22:24:41,1683167082,9.18,43.3,96800,3.00,5.00,7.00,7.00,0.0157,0
2023-05-03 22:29:58,1683167398,9.16,43.4,96800,3.00,12.0,19.0,23.0,0.0221,0
2023-05-03 22:34:55,1683167695,9.12,43.4,96800,1.00,3.00,4.00,5.00,0.0253,0
2023-05-03 22:39:51,1683167992,9.10,43.4,96800,2.00,5.00,9.00,10.0,0.0253,0
2023-05-03 22:44:48,1683168289,9.10,43.5,96800,1.00,3.00,5.00,5.00,0.0132,0
2023-05-03 22:49:45,1683168585,9.13,43.4,96800,2.00,2.00,3.00,4.00,0.0383,0
2023-05-03 22:54:42,1683168882,9.14,43.3,96800,1.00,4.00,6.00,7.00,0.0315,0
2023-05-03 22:59:58,1683169198,9.17,42.9,96800,1.00,5.00,9.00,10.0,0.0250,0
2023-05-03 23:04:55,1683169495,9.14,42.9,96800,1.00,4.00,7.00,9.00,0.0140,0
2023-05-03 23:09:51,1683169792,9.18,42.8,96800,1.00,3.00,4.00,5.00,0.0277,0
2023-05-03 23:14:48,1683170089,9.19,42.8,96800,1.00,3.00,4.00,5.00,0.0112,0
2023-05-03 23:19:45,1683170385,9.16,42.9,96800,2.00,5.00,9.00,10.0,0.0142,0
2023-05-03 23:24:42,1683170682,9.07,43.0,96800,1.00,2.00,3.00,4.00,0.0167,0
2023-05-03 23:29:58,1683170999,9.02,42.9,96800,2.00,9.00,15.0,18.0,0.0206,0
2023-05-03 23:34:55,1683171295,8.96,43.0,96800,2.00,5.00,8.00,9.00,0.0449,0
2023-05-03 23:39:52,1683171592,8.95,43.0,96800,1.00,7.00,12.0,14.0,0.0243,0
2023-05-03 23:44:48,1683171889,8.93,43.1,96800,1.00,6.00,11.0,13.0,0.0413,0
2023-05-03 23:49:45,1683172186,8.93,42.9,96800,1.00,6.00,11.0,13.0,0.0413,0
2023-05-03 23:54:42,1683172483,8.89,43.0,96800,1.00,3.00,6.00,7.00,0.0229,0
2023-05-03 23:59:59,1683172799,8.87,42.9,96800,1.00,2.00,4.00,4.00,0.0313,0
2023-05-04 00:04:56,1683173096,8.84,43.0,96807,1.00,4.00,7.00,8.00,0.0219,0
2023-05-04 00:09:53,1683173394,8.83,43.0,96873,1.00,3.00,6.00,7.00,0.0166,0
2023-05-04 00:14:50,1683173691,8.80,42.9,96800,1.00,2.00,3.00,4.00,0.0154,0
2023-05-04 00:19:47,1683173988,8.76,43.0,96847,1e-7,3.00,5.00,6.00,0.0122,0
2023-05-04 00:24:44,1683174285,8.72,43.0,96800,2.00,4.00,6.00,8.00,0.0125,0
2023-05-04 00:29:42,1683174582,8.68,43.1,96860,1.00,2.00,3.00,4.00,0.0152,0
2023-05-04 00:34:58,1683174899,8.63,43.2,96838,1.00,2.00,4.00,4.00,0.0152,0
2023-05-04 00:39:56,1683175196,8.60,43.2,96827,1.00,2.00,3.00,4.00,0.0111,0
2023-05-04 00:44:53,1683175493,8.60,43.3,96800,1.00,2.00,3.00,4.00,0.00995,0
2023-05-04 00:49:50,1683175791,8.56,43.6,96800,1.00,2.00,4.00,5.00,0.0102,0
2023-05-04 00:54:47,1683176088,8.51,44.0,96800,1.00,4.00,8.00,9.00,0.0130,0
2023-05-04 00:59:45,1683176385,8.49,44.0,96813,1.00,3.00,5.00,6.00,0.0148,0
2023-05-04 01:04:42,1683176683,8.45,44.2,96833,1e-7,1.00,3.00,3.00,0.0110,0
2023-05-04 01:09:59,1683177000,8.44,44.2,96900,1.00,2.00,3.00,4.00,0.0128,0
2023-05-04 01:14:56,1683177297,8.43,44.2,96853,1e-7,4.00,7.00,8.00,0.0152,0
2023-05-04 01:19:54,1683177594,8.45,44.3,96813,1e-7,2.00,4.00,4.00,0.0190,0
2023-05-04 01:24:51,1683177892,8.48,44.4,96887,1e-7,4.00,7.00,9.00,0.0120,0
2023-05-04 01:29:49,1683178189,8.50,44.3,96820,1.00,6.00,11.0,13.0,0.0121,0
2023-05-04 01:34:46,1683178487,8.47,44.5,96800,1e-7,2.00,3.00,4.00,0.0214,0
2023-05-04 01:39:44,1683178784,8.45,44.5,96800,1.00,2.00,4.00,5.00,0.0214,0
2023-05-04 01:44:41,1683179081,8.41,44.9,96800,2.00,2.00,4.00,4.00,0.0152,0
2023-05-04 01:49:58,1683179399,8.38,45.1,96800,1.00,2.00,4.00,5.00,0.0104,0
2023-05-04 01:54:56,1683179696,8.31,45.4,96853,1.00,2.00,3.00,4.00,0.0102,0
2023-05-04 01:59:54,1683179994,8.25,45.8,96873,1.00,2.00,4.00,4.00,0.0101,0
2023-05-04 02:04:51,1683180292,8.19,46.0,96847,1.00,2.00,4.00,5.00,0.0102,0
2023-05-04 02:09:49,1683180589,8.16,46.2,96893,1.00,4.00,7.00,8.00,0.0115,0
2023-05-04 02:14:46,1683180887,8.17,46.6,96900,1e-7,2.00,4.00,4.00,0.0150,0
2023-05-04 02:19:44,1683181185,8.14,46.2,96900,1e-7,2.00,4.00,5.00,0.0144,0
2023-05-04 02:24:42,1683181482,8.10,46.3,96900,1e-7,2.00,3.00,4.00,0.0101,0
2023-05-04 02:29:40,1683181780,8.10,46.4,96900,1.00,3.00,6.00,7.00,0.0120,0
2023-05-04 02:34:57,1683182098,8.12,46.5,96900,1e-7,2.00,4.00,5.00,0.0127,0
2023-05-04 02:39:55,1683182396,8.12,46.6,96900,1e-7,2.00,4.00,4.00,0.0127,0
2023-05-04 02:44:53,1683182694,8.14,46.6,96900,1e-7,1e-7,1e-7,1e-7,0.00995,0
2023-05-04 02:49:51,1683182991,8.14,46.9,96900,1e-7,2.00,4.00,4.00,0.0102,0
2023-05-04 02:54:49,1683183289,8.14,46.8,96900,1e-7,2.00,3.00,4.00,0.00995,0
2023-05-04 02:59:46,1683183587,8.19,46.8,96900,1.00,2.00,4.00,4.00,0.00995,0
2023-05-04 03:04:44,1683183885,8.22,46.6,96900,1.00,1.00,1.00,1.00,0.00995,0
2023-05-04 03:09:42,1683184183,8.23,46.5,96900,1e-7,2.00,4.00,5.00,0.00995,0
2023-05-04 03:14:40,1683184480,8.24,46.4,96900,1e-7,2.00,3.00,3.00,0.0102,0
2023-05-04 03:19:58,1683184798,8.28,46.1,96900,1e-7,2.00,4.00,5.00,0.0102,0
2023-05-04 03:24:55,1683185096,8.28,45.8,96900,1e-7,1e-7,1e-7,1e-7,0.0102,0
2023-05-04 03:29:53,1683185393,8.27,46.0,96900,1e-7,1.00,3.00,3.00,0.0102,0
2023-05-04 03:34:57,1683185698,8.27,46.0,96900,1e-7,2.00,3.00,3.00,0.0101,0
2023-05-04 03:39:54,1683185995,8.28,46.1,96900,1e-7,1e-7,1e-7,1e-7,0.0100,0
2023-05-04 03:44:56,1683186297,8.26,46.2,96900,1.00,2.00,3.00,4.00,0.00995,0
2023-05-04 03:49:54,1683186594,8.25,46.1,96900,1e-7,1e-7,1e-7,1e-7,0.00995,0
2023-05-04 03:54:51,1683186892,8.26,46.0,96900,1e-7,2.00,3.00,4.00,0.00995,0
2023-05-04 03:59:47,1683187188,8.27,46.0,96900,1e-7,2.00,3.00,4.00,0.00995,0
2023-05-04 04:04:59,1683187500,8.30,45.9,96900,1.00,5.00,8.00,10.0,0.00995,0
2023-05-04 04:09:57,1683187797,8.29,45.9,96900,1e-7,1e-7,1e-7,1e-7,0.00995,0
2023-05-04 04:14:43,1683188083,8.30,45.9,96900,1e-7,1e-7,1e-7,1e-7,0.00995,0
2023-05-04 04:19:44,1683188384,8.32,46.0,96900,1e-7,1e-7,1e-7,1e-7,0.00995,0
2023-05-04 04:24:59,1683188700,8.33,46.1,96900,1e-7,1e-7,1e-7,1e-7,0.00995,0
2023-05-04 04:29:54,1683188994,8.33,46.0,96900,1.00,1.00,3.00,3.00,0.00995,0
2023-05-04 04:34:55,1683189296,8.32,46.1,96900,1e-7,1.00,3.00,3.00,0.00995,0
2023-05-04 04:39:51,1683189591,8.31,46.2,96900,1e-7,1e-7,1e-7,1e-7,0.00995,0
2023-05-04 04:44:52,1683189893,8.31,46.1,96900,1e-7,4.00,7.00,8.00,0.00995,0
2023-05-04 04:49:51,1683190192,8.29,46.3,96900,1e-7,2.00,3.00,4.00,0.0122,0
2023-05-04 04:54:48,1683190489,8.26,46.4,96900,1e-7,1.00,3.00,3.00,0.0122,0
2023-05-04 04:59:44,1683190784,8.27,46.6,96900,1e-7,4.00,6.00,8.00,0.00995,0
2023-05-04 05:04:40,1683191081,8.27,46.8,96969,1.00,1.00,1.00,1.00,0.00930,0
2023-05-04 05:09:57,1683191398,8.27,46.7,97000,1e-7,3.00,6.00,7.00,0.0118,0
2023-05-04 05:14:41,1683191682,8.26,46.8,97000,1e-7,1e-7,1e-7,1e-7,0.0110,0
2023-05-04 05:19:56,1683191997,8.26,46.8,97000,1e-7,1e-7,1e-7,1e-7,0.0117,0
2023-05-04 05:24:59,1683192299,8.25,46.8,97000,1e-7,2.00,4.00,5.00,0.0113,0
2023-05-04 05:29:56,1683192597,8.26,46.9,97000,1e-7,1.00,1.00,1.00,0.0101,0
2023-05-04 05:34:54,1683192894,8.30,46.9,97000,1e-7,2.00,4.00,5.00,0.0103,0
2023-05-04 05:39:51,1683193192,8.33,46.9,97000,1e-7,2.00,3.00,3.00,0.0102,0
2023-05-04 05:44:48,1683193489,8.36,46.9,97000,1e-7,2.00,4.00,4.00,0.0102,0
2023-05-04 05:49:51,1683193792,8.40,46.9,97000,1.00,1.00,3.00,3.00,0.00995,0
2023-05-04 05:54:56,1683194096,8.44,46.7,97000,1e-7,2.00,4.00,4.00,0.00995,0
2023-05-04 05:59:56,1683194396,8.50,46.8,97000,1e-7,2.00,3.00,4.00,0.00995,0
2023-05-04 06:04:53,1683194694,8.58,46.8,97000,1.00,3.00,4.00,4.00,0.0100,0
2023-05-04 06:07:12,1683194832,8.63,46.8,97000,1e-7,2.00,3.00,4.00,0.00998,0
2023-05-04 10:44:52,1683211493,20.4,25.0,97300,1.00,2.00,3.00,4.00,,
2023-05-04 10:49:47,1683211788,20.7,25.8,97300,1e-7,2.00,4.00,4.00,,
2023-05-04 11:04:41,1683212681,20.7,25.7,97300,1.00,2.00,4.00,4.00,,
2023-05-04 11:08:11,1683212892,20.6,25.3,97300,1.00,2.00,3.00,4.00,0.00995,0
2023-05-04 11:14:57,1683213298,19.3,26.6,97300,1e-7,1.00,3.00,3.00,0.00995,0
2023-05-04 11:19:45,1683213586,19.0,26.8,97300,1.00,2.00,4.00,5.00,0.00995,0
2023-05-04 11:23:56,1683213836,18.9,27.2,97300,1.00,2.00,3.00,3.00,0.00995,0
2023-05-04 11:34:54,1683214494,19.0,27.6,97300,1e-7,2.00,4.00,5.00,0.00982,0
2023-05-04 11:39:42,1683214783,19.4,27.0,97300,1.00,2.00,4.00,4.00,0.0102,0
2023-05-04 11:42:54,1683214974,20.0,25.2,97300,1.00,2.00,3.00,4.00,0.0101,0
2023-05-04 11:49:55,1683215396,21.2,26.1,97300,1.00,3.00,4.00,4.00,0.0101,0
2023-05-04 11:54:43,1683215683,20.9,26.2,97300,1.00,2.00,3.00,4.00,0.0100,0
2023-05-04 11:59:49,1683215990,20.0,26.0,97300,1e-7,2.00,3.00,4.00,0.0100,0
2023-05-04 12:00:27,1683216028,19.5,26.6,97300,1.00,2.00,3.00,4.00,0.0100,0
2023-05-04 12:09:56,1683216597,18.7,28.0,97300,1e-7,2.00,4.00,4.00,0.0101,0
2023-05-04 12:14:45,1683216886,18.5,28.1,97300,1e-7,2.00,4.00,5.00,0.00995,0
2023-05-04 12:17:23,1683217044,18.4,28.3,97300,1e-7,2.00,3.00,4.00,0.0101,0
2023-05-04 12:24:49,1683217489,18.1,28.4,97300,1e-7,2.00,3.00,4.00,0.0101,0
2023-05-04 12:29:57,1683217797,17.8,28.9,97300,1e-7,1.00,3.00,3.00,0.0101,0
2023-05-04 12:34:27,1683218068,17.4,28.7,97300,1e-7,1e-7,1e-7,1e-7,0.0103,0
2023-05-04 12:44:50,1683218690,16.8,29.4,97379,1e-7,2.00,4.00,4.00,0.0101,0
2023-05-04 12:49:59,1683219000,16.5,30.0,97400,1e-7,2.00,4.00,5.00,0.0105,0
2023-05-04 12:50:38,1683219038,16.4,30.3,97400,1e-7,1e-7,1e-7,1e-7,0.0105,0
2023-05-04 12:59:53,1683219594,16.3,30.8,97400,1e-7,1e-7,1e-7,1e-7,0.0105,0
2023-05-04 13:04:44,1683219884,16.3,30.6,97400,1e-7,2.00,3.00,4.00,0.0105,0
2023-05-04 13:09:03,1683220144,16.3,30.5,97400,1e-7,2.00,4.00,4.00,0.0105,0
2023-05-04 13:19:57,1683220797,16.1,30.7,97400,1e-7,2.00,4.00,5.00,0.0102,0
2023-05-04 13:24:43,1683221083,16.0,30.5,97400,1e-7,3.00,6.00,7.00,0.0130,0
2023-05-04 13:26:20,1683221180,15.9,30.5,97400,1e-7,1e-7,1e-7,1e-7,0.00932,0
2023-05-04 13:34:56,1683221696,16.0,30.9,97400,1e-7,2.00,4.00,4.00,0.00995,0
2023-05-04 13:39:47,1683221987,16.1,31.0,97400,1.00,3.00,6.00,7.00,0.0130,0
2023-05-04 13:44:18,1683222258,16.3,30.9,97400,1e-7,2.00,3.00,4.00,0.0110,0
2023-05-04 13:54:54,1683222895,16.7,30.5,97400,1e-7,2.00,4.00,4.00,0.0117,0
2023-05-04 13:59:44,1683223184,17.0,30.1,97400,1e-7,2.00,4.00,5.00,0.00995,0
2023-05-04 14:01:39,1683223300,17.1,30.2,97400,1e-7,2.00,3.00,3.00,0.00993,0
2023-05-04 14:09:46,1683223786,17.4,29.4,97400,1e-7,4.00,6.00,8.00,0.0116,0
2023-05-04 14:14:55,1683224096,17.6,29.6,97400,1e-7,2.00,4.00,4.00,0.0116,0
2023-05-04 14:17:49,1683224270,17.9,30.0,97400,1e-7,2.00,3.00,4.00,0.0130,0
2023-05-04 14:29:52,1683224993,18.6,29.8,97400,1.00,3.00,6.00,7.00,0.0114,0
2023-05-04 14:34:41,1683225282,19.1,29.6,97400,1e-7,1.00,3.00,3.00,0.0124,0
2023-05-04 14:35:20,1683225320,19.3,29.6,97400,1e-7,2.00,4.00,5.00,0.0102,0
2023-05-04 14:44:43,1683225884,19.5,28.6,97400,1e-7,2.00,3.00,4.00,0.0112,0
2023-05-04 14:49:59,1683226200,19.2,28.7,97400,1e-7,2.00,3.00,4.00,0.0112,0
2023-05-04 14:53:12,1683226392,19.2,29.1,97400,2.00,4.00,6.00,7.00,0.0103,0
2023-05-04 14:59:58,1683226798,19.6,28.3,97400,1.00,1.00,3.00,3.00,0.0102,0
2023-05-04 15:04:46,1683227087,19.8,28.5,97400,1e-7,3.00,6.00,7.00,0.0169,0
2023-05-04 15:09:53,1683227394,20.2,27.7,97400,1e-7,2.00,4.00,4.00,0.0169,0
2023-05-04 15:11:09,1683227470,20.5,27.8,97400,1e-7,1e-7,1e-7,1e-7,0.0123,0
2023-05-04 15:19:54,1683227995,20.6,27.1,97400,1.00,2.00,3.00,3.00,0.0127,0
2023-05-04 15:24:49,1683228289,20.5,26.8,97400,1e-7,2.00,4.00,4.00,0.0141,0
2023-05-04 15:28:19,1683228500,20.5,26.7,97400,1e-7,2.00,3.00,4.00,0.00995,0
2023-05-04 15:34:49,1683228890,20.0,27.0,97400,1e-7,1e-7,1e-7,1e-7,0.00995,0
2023-05-04 15:39:56,1683229197,19.8,26.9,97400,1.00,2.00,4.00,4.00,0.00995,0
2023-05-04 15:44:49,1683229490,19.3,27.4,97400,1.00,4.00,7.00,9.00,0.0155,0
2023-05-04 15:45:27,1683229528,19.0,27.6,97400,1e-7,1e-7,1e-7,1e-7,0.0155,0
2023-05-04 15:54:52,1683230092,18.7,28.6,97400,1.00,3.00,4.00,4.00,0.0155,0
2023-05-04 15:59:41,1683230381,18.8,28.0,97400,1e-7,3.00,6.00,7.00,0.0152,0
2023-05-04 16:01:25,1683230485,18.9,28.1,97400,1e-7,4.00,7.00,9.00,0.0138,0
2023-05-04 16:09:53,1683230993,19.6,26.9,97400,1.00,2.00,3.00,4.00,0.0170,0
2023-05-04 16:14:41,1683231282,19.8,26.9,97400,1e-7,2.00,3.00,4.00,0.0147,0
2023-05-04 16:19:49,1683231589,20.1,26.5,97400,1.00,2.00,4.00,4.00,0.0147,0
2023-05-04 16:20:07,1683231608,20.3,26.1,97400,1e-7,1.00,3.00,3.00,0.0116,0
2023-05-04 16:29:45,1683232186,19.6,26.1,97400,1.00,3.00,6.00,7.00,0.0116,0
2023-05-04 16:34:53,1683232494,19.0,26.7,97400,1.00,2.00,4.00,5.00,0.0133,0
2023-05-04 16:36:49,1683232609,18.7,26.9,97400,1e-7,1.00,1.00,2.00,0.0116,0
2023-05-04 16:44:57,1683233097,17.9,27.3,97400,1e-7,1.00,3.00,3.00,0.0121,0
2023-05-04 16:49:46,1683233387,17.9,27.9,97400,1.00,4.00,8.00,9.00,0.0121,0
2023-05-04 16:54:16,1683233656,17.9,28.0,97400,1e-7,4.00,6.00,7.00,0.0186,0
2023-05-04 17:04:58,1683234299,18.4,28.3,97400,1.00,1.00,3.00,3.00,0.0235,0
2023-05-04 17:08:30,1683234511,18.8,27.9,97400,1e-7,1.00,3.00,3.00,0.0235,0
2023-05-04 17:24:51,1683235491,19.0,27.3,97500,1.00,3.00,4.00,4.00,0.0119,0
2023-05-04 17:29:47,1683235788,18.8,27.4,97500,1.00,4.00,6.00,7.00,0.0143,0
2023-05-04 17:34:56,1683236097,18.5,27.8,97500,1.00,6.00,11.0,13.0,0.0168,0
2023-05-04 17:39:46,1683236386,18.2,28.3,97500,1e-7,3.00,6.00,7.00,0.0246,0
2023-05-04 17:44:55,1683236696,18.0,28.6,97500,1.00,5.00,8.00,10.0,0.0215,0
2023-05-04 17:48:46,1683236927,17.8,28.6,97500,1e-7,2.00,4.00,5.00,0.0131,0
2023-05-04 17:54:54,1683237295,17.6,28.9,97500,1e-7,3.00,6.00,7.00,0.0222,0
2023-05-04 17:59:51,1683237592,17.4,29.3,97500,1.00,1.00,3.00,3.00,0.0207,0
2023-05-04 18:04:42,1683237882,17.2,29.6,97500,1.00,4.00,7.00,9.00,0.0207,0
2023-05-04 18:09:52,1683238192,16.9,29.9,97500,1.00,2.00,3.00,4.00,0.0158,0
2023-05-04 18:14:43,1683238483,17.0,30.3,97500,1.00,2.00,4.00,4.00,0.0161,0
2023-05-04 18:19:52,1683238793,17.1,30.3,97500,1e-7,2.00,4.00,4.00,0.00995,0
2023-05-04 18:24:43,1683239084,17.1,29.9,97500,1e-7,2.00,4.00,4.00,0.00995,0
2023-05-04 18:29:52,1683239393,16.8,30.0,97500,1.00,4.00,6.00,8.00,0.0113,0
2023-05-04 18:34:50,1683239690,16.5,30.3,97500,1e-7,2.00,3.00,4.00,0.0139,0
2023-05-04 18:39:41,1683239982,16.2,30.6,97540,1.00,2.00,3.00,4.00,0.0111,0
2023-05-04 18:44:13,1683240254,15.9,31.0,97600,1e-7,4.00,7.00,9.00,0.0104,0
2023-05-04 18:49:50,1683240590,15.8,31.3,97600,1.00,8.00,15.0,18.0,0.0118,0
2023-05-04 18:54:42,1683240882,15.8,31.4,97600,1e-7,2.00,3.00,4.00,0.0126,0
2023-05-04 18:58:55,1683241135,15.6,31.5,97600,1e-7,2.00,4.00,5.00,0.0156,0
2023-05-04 19:04:45,1683241485,15.3,31.8,97600,1e-7,1.00,3.00,3.00,0.0221,0
2023-05-04 19:09:56,1683241797,15.2,32.0,97600,1e-7,2.00,3.00,4.00,0.0221,0
2023-05-04 19:14:49,1683242090,14.9,32.2,97600,1e-7,1.00,3.00,3.00,0.0101,0
2023-05-04 19:19:42,1683242382,14.7,32.5,97600,1e-7,3.00,6.00,7.00,0.0101,0
2023-05-04 19:24:54,1683242694,14.6,32.8,97600,1e-7,1.00,1.00,1.00,0.00995,0
2023-05-04 19:29:46,1683242987,14.4,33.0,97600,1e-7,2.00,4.00,5.00,0.0127,0
2023-05-04 19:34:46,1683243287,14.2,33.2,97600,1e-7,2.00,3.00,4.00,0.0119,0
2023-05-04 19:39:59,1683243599,14.1,33.4,97600,1e-7,1.00,1.00,2.00,0.0101,0
2023-05-04 19:44:47,1683243887,13.9,33.6,97600,1e-7,1e-7,1e-7,1e-7,0.0101,0
2023-05-04 19:49:59,1683244200,13.8,33.9,97600,1e-7,1e-7,1e-7,1e-7,0.00995,0
2023-05-04 19:54:53,1683244493,13.6,33.9,97647,1e-7,2.00,4.00,4.00,0.00995,0
2023-05-04 19:59:46,1683244787,13.4,34.3,97607,1e-7,2.00,4.00,4.00,0.00995,0
2023-05-04 20:04:59,1683245099,13.1,34.5,97600,1.00,8.00,13.0,16.0,0.00995,0
2023-05-04 20:09:53,1683245393,12.8,34.9,97600,1e-7,1e-7,1e-7,1e-7,0.0128,0
2023-05-04 20:14:47,1683245687,12.5,35.3,97613,1e-7,2.00,3.00,4.00,0.0155,0
2023-05-04 20:19:21,1683245961,12.2,35.7,97700,1e-7,1e-7,1e-7,1e-7,0.0105,0
2023-05-04 20:24:53,1683246294,11.9,36.3,97700,1e-7,1e-7,1e-7,1e-7,0.00995,0
2023-05-04 20:29:48,1683246588,11.6,36.6,97700,1e-7,1.00,3.00,3.00,0.00995,0
2023-05-04 20:34:41,1683246882,11.4,36.9,97700,1e-7,1e-7,1e-7,1e-7,0.00995,0
2023-05-04 20:39:56,1683247197,11.2,37.3,97700,1e-7,1e-7,1e-7,1e-7,0.00995,0
2023-05-04 20:44:51,1683247492,11.0,37.8,97700,1.00,6.00,11.0,13.0,0.0156,0
2023-05-04 20:49:47,1683247787,10.9,38.1,97700,1e-7,1e-7,1e-7,1e-7,0.0156,0
2023-05-04 20:54:42,1683248082,10.8,38.3,97700,1e-7,1e-7,1e-7,1e-7,0.0156,0
2023-05-04 20:59:43,1683248383,10.7,38.5,97700,1e-7,2.00,4.00,5.00,0.0156,0
2023-05-04 21:04:46,1683248686,10.6,38.7,97700,1e-7,2.00,4.00,4.00,0.0101,0
2023-05-04 21:09:49,1683248989,10.4,39.0,97700,1e-7,1e-7,1e-7,1e-7,0.0100,0
2023-05-04 21:14:45,1683249285,10.3,39.3,97700,1e-7,2.00,3.00,4.00,0.0100,0
2023-05-04 21:19:41,1683249581,10.3,39.4,97700,1e-7,4.00,7.00,9.00,0.0194,0
2023-05-04 21:24:55,1683249895,10.3,39.9,97700,1e-7,2.00,3.00,4.00,0.0196,0
2023-05-04 21:29:49,1683250189,10.3,40.0,97700,1e-7,2.00,3.00,4.00,0.0201,0
2023-05-04 21:34:59,1683250500,10.3,40.1,97700,1e-7,3.00,6.00,7.00,0.0201,0
2023-05-04 21:39:55,1683250796,10.3,40.5,97700,1e-7,2.00,3.00,3.00,0.00995,0
2023-05-04 21:44:58,1683251098,10.4,40.4,97700,1e-7,2.00,4.00,4.00,0.0113,0
2023-05-04 21:49:52,1683251392,10.4,40.6,97700,2.00,5.00,8.00,10.0,0.0183,0
2023-05-04 21:54:47,1683251687,10.5,40.6,97700,1e-7,2.00,4.00,5.00,0.0211,0
2023-05-04 21:59:42,1683251982,10.6,40.6,97731,1e-7,2.00,3.00,4.00,0.0139,0
2023-05-04 22:04:56,1683252297,10.6,40.7,97757,1e-7,2.00,4.00,5.00,0.0153,0
2023-05-04 22:09:52,1683252592,10.7,40.7,97713,1e-7,1.00,1.00,1.00,0.0102,0
2023-05-04 22:14:46,1683252887,10.7,40.5,97700,1e-7,1.00,3.00,3.00,0.0102,0
2023-05-04 22:19:40,1683253181,10.7,40.8,97700,1e-7,2.00,3.00,4.00,0.0101,0
2023-05-04 22:24:46,1683253487,10.8,40.7,97700,1e-7,1e-7,1e-7,1e-7,0.00995,0
2023-05-04 22:29:42,1683253782,10.8,40.9,97720,1e-7,3.00,5.00,6.00,0.0107,0
2023-05-04 22:34:57,1683254098,10.8,40.9,97800,1.00,2.00,4.00,5.00,0.0131,0
2023-05-04 22:39:51,1683254392,10.8,40.8,97792,1e-7,2.00,3.00,3.00,0.0131,0
2023-05-04 22:44:50,1683254690,10.8,40.8,97800,1e-7,4.00,8.00,9.00,0.0131,0
2023-05-04 22:49:45,1683254986,10.8,41.0,97800,1.00,2.00,3.00,3.00,0.0136,0
2023-05-04 22:54:41,1683255281,10.8,41.1,97800,1e-7,1.00,1.00,1.00,0.0136,0
2023-05-04 22:59:56,1683255597,10.9,41.0,97800,1e-7,4.00,7.00,9.00,0.0146,0
2023-05-04 23:04:52,1683255892,10.9,41.0,97800,1e-7,1e-7,1e-7,1e-7,0.0108,0
2023-05-04 23:09:30,1683256171,11.0,41.0,97800,1e-7,2.00,4.00,5.00,0.0126,0
2023-05-04 23:14:44,1683256485,11.0,41.0,97800,1.00,1.00,1.00,1.00,0.0108,0
2023-05-04 23:19:59,1683256799,11.1,40.9,97800,1e-7,2.00,3.00,4.00,0.0108,0
2023-05-04 23:24:54,1683257095,11.1,40.9,97800,1e-7,1.00,1.00,1.00,0.0101,0
2023-05-04 23:29:50,1683257390,11.2,40.7,97800,1e-7,2.00,3.00,4.00,0.00995,0
2023-05-04 23:34:43,1683257684,11.2,40.9,97800,1e-7,4.00,7.00,9.00,0.00995,0
2023-05-04 23:39:58,1683257999,11.3,40.7,97800,1e-7,3.00,6.00,7.00,0.0174,0
2023-05-04 23:44:54,1683258294,11.3,40.7,97800,1e-7,2.00,4.00,4.00,0.0180,0
2023-05-04 23:49:57,1683258598,11.2,40.7,97800,1e-7,2.00,4.00,5.00,0.0140,0
2023-05-04 23:54:53,1683258893,11.2,40.8,97800,1e-7,2.00,3.00,4.00,0.0101,0
2023-05-04 23:59:48,1683259189,11.1,41.0,97800,1e-7,2.00,3.00,4.00,0.0103,0
2023-05-05 00:04:41,1683259482,11.0,41.3,97800,1e-7,4.00,8.00,9.00,0.0100,0
2023-05-05 00:09:43,1683259784,10.9,41.5,97800,1e-7,3.00,6.00,7.00,0.0125,0
2023-05-05 00:14:58,1683260099,10.8,41.6,97800,1.00,2.00,2.00,2.00,0.0184,0
2023-05-05 00:19:33,1683260373,10.7,41.9,97800,1e-7,1.00,3.00,3.00,0.0184,0
2023-05-05 00:24:53,1683260694,10.6,41.9,97800,1.00,2.00,3.00,4.00,0.00995,0
2023-05-05 00:29:47,1683260988,10.5,42.0,97800,1e-7,2.00,3.00,4.00,0.00995,0
2023-05-05 00:34:50,1683261290,10.4,42.2,97800,1e-7,2.00,4.00,4.00,0.00995,0
2023-05-05 00:39:46,1683261586,10.3,42.3,97800,1.00,2.00,3.00,4.00,0.00995,0
2023-05-05 00:44:43,1683261883,10.2,42.5,97800,1e-7,2.00,4.00,5.00,0.0100,0
2023-05-05 00:49:19,1683262159,10.0,42.7,97800,1e-7,2.00,4.00,4.00,0.00995,0
2023-05-05 00:54:33,1683262474,9.85,43.1,97800,1.00,6.00,11.0,13.0,0.0148,0
2023-05-05 00:59:48,1683262788,9.68,43.2,97800,1e-7,1e-7,1e-7,1e-7,0.0173,0
2023-05-05 01:04:05,1683263045,9.56,43.4,97877,1e-7,4.00,7.00,9.00,0.0198,0
2023-05-05 01:09:59,1683263399,9.46,43.6,97900,1e-7,3.00,6.00,7.00,0.0172,0
2023-05-05 01:14:55,1683263696,9.39,43.8,97900,1.00,1.00,3.00,3.00,0.0113,0
2023-05-05 01:19:40,1683263981,9.34,44.0,97900,1e-7,1e-7,1e-7,1e-7,0.0120,0
2023-05-05 01:24:57,1683264297,9.28,44.1,97900,1e-7,2.00,4.00,4.00,0.0110,0
2023-05-05 01:29:42,1683264582,9.16,44.1,97900,1e-7,1.00,3.00,3.00,0.00995,0
2023-05-05 01:33:59,1683264839,9.04,44.3,97900,1.00,1.00,1.00,1.00,0.00995,0
2023-05-05 01:39:47,1683265188,8.92,44.5,97900,1e-7,2.00,4.00,4.00,0.00995,0
2023-05-05 01:44:44,1683265485,8.83,44.7,97900,1.00,1.00,3.00,3.00,0.00995,0
2023-05-05 01:49:48,1683265788,8.73,45.1,97900,1e-7,4.00,7.00,9.00,0.0151,0
2023-05-05 01:54:45,1683266085,8.67,45.4,97900,1e-7,2.00,3.00,3.00,0.0142,0
2023-05-05 01:59:42,1683266382,8.64,45.6,97900,1.00,2.00,3.00,4.00,0.0128,0
2023-05-05 02:04:59,1683266699,8.64,45.6,97900,1e-7,2.00,4.00,4.00,0.0104,0
2023-05-05 02:09:56,1683266996,8.64,45.8,97900,1e-7,2.00,4.00,4.00,0.00995,0
2023-05-05 02:14:53,1683267294,8.64,45.8,97900,1e-7,2.00,4.00,4.00,0.00995,0
2023-05-05 02:19:50,1683267591,8.61,45.8,97900,1.00,2.00,4.00,5.00,0.0101,0
2023-05-05 02:24:46,1683267887,8.54,45.7,97900,1e-7,1e-7,1e-7,1e-7,0.0103,0
2023-05-05 02:29:42,1683268182,8.45,45.7,97900,1e-7,2.00,4.00,4.00,0.0102,0
2023-05-05 02:34:46,1683268487,8.36,45.8,97900,1.00,4.00,8.00,9.00,0.0122,0
2023-05-05 02:38:22,1683268703,8.28,45.9,97900,1e-7,2.00,3.00,3.00,0.0122,0
2023-05-05 02:44:48,1683269088,8.15,46.0,97900,1e-7,1.00,3.00,3.00,0.0122,0
2023-05-05 02:49:45,1683269386,8.07,46.1,97900,1e-7,2.00,4.00,4.00,0.0119,0
2023-05-05 02:54:43,1683269683,7.98,46.4,97900,1.00,6.00,11.0,13.0,0.0132,0
2023-05-05 02:59:59,1683269999,7.91,46.5,97900,1e-7,2.00,4.00,4.00,0.0112,0
2023-05-05 03:04:56,1683270297,7.85,46.8,97900,1e-7,1e-7,1e-7,1e-7,0.0183,0
2023-05-05 03:09:34,1683270575,7.80,46.8,97900,1e-7,2.00,4.00,5.00,0.0148,0
2023-05-05 03:14:56,1683270897,7.75,47.0,97900,1e-7,2.00,4.00,4.00,0.0100,0
2023-05-05 03:19:52,1683271193,7.74,47.2,97900,1e-7,2.00,4.00,4.00,0.0100,0
2023-05-05 03:24:48,1683271489,7.74,47.4,97900,1e-7,2.00,3.00,4.00,0.00995,0
2023-05-05 03:29:46,1683271787,7.75,47.4,97900,1e-7,2.00,4.00,4.00,0.00995,0
2023-05-05 03:34:43,1683272083,7.75,47.2,97900,1e-7,1.00,1.00,1.00,0.00995,0
2023-05-05 03:39:46,1683272386,7.74,47.3,97900,1.00,2.00,4.00,4.00,0.00995,0
2023-05-05 03:44:42,1683272682,7.76,47.3,97900,1e-7,1e-7,1e-7,1e-7,0.00995,0
2023-05-05 03:49:59,1683273000,7.78,47.4,97900,1.00,7.00,11.0,13.0,0.0151,0
2023-05-05 03:54:57,1683273298,7.79,47.5,97900,1.00,6.00,10.0,12.0,0.0335,0
2023-05-05 03:59:53,1683273594,7.83,47.8,97900,1.00,1.00,2.00,2.00,0.0335,0
2023-05-05 04:04:51,1683273892,7.93,48.1,97900,1.00,4.00,6.00,7.00,0.0280,0
2023-05-05 04:09:57,1683274197,8.05,48.3,97900,1e-7,1.00,3.00,3.00,0.0122,0
2023-05-05 04:14:53,1683274493,8.20,48.1,97900,1.00,2.00,4.00,4.00,0.0130,0
2023-05-05 04:19:49,1683274789,8.32,47.7,97900,1.00,1.00,3.00,3.00,0.0122,0
2023-05-05 04:24:44,1683275085,8.47,47.6,97900,2.00,4.00,5.00,5.00,0.0103,0
2023-05-05 04:29:41,1683275382,8.58,47.5,97900,1e-7,2.00,4.00,4.00,0.0108,0
2023-05-05 04:34:45,1683275685,8.69,47.3,97963,1e-7,2.00,3.00,4.00,0.0108,0
2023-05-05 04:39:42,1683275983,8.78,47.2,98000,1.00,3.00,4.00,4.00,0.0100,0
2023-05-05 04:44:46,1683276286,8.85,47.0,98000,1.00,4.00,7.00,8.00,0.0119,0
2023-05-05 04:49:42,1683276582,8.93,46.9,97977,1e-7,2.00,3.00,4.00,0.0119,0
2023-05-05 04:54:57,1683276897,9.00,46.9,98000,1.00,2.00,3.00,4.00,0.0143,0
2023-05-05 04:59:40,1683277181,9.06,46.7,98000,1e-7,2.00,4.00,5.00,0.00995,0
2023-05-05 05:04:57,1683277498,9.11,46.7,98000,1e-7,2.00,3.00,4.00,0.0101,0
2023-05-05 05:09:59,1683277799,9.17,46.6,98000,1.00,2.00,3.00,4.00,0.0100,0
2023-05-05 05:14:58,1683278099,9.22,46.5,98000,1e-7,2.00,3.00,4.00,0.0102,0
2023-05-05 05:19:55,1683278396,9.27,46.5,98000,1e-7,2.00,4.00,4.00,0.0102,0
2023-05-05 05:24:59,1683278700,9.33,46.5,98000,1e-7,2.00,4.00,4.00,0.00995,0
2023-05-05 05:29:56,1683278997,9.41,46.4,98000,1.00,5.00,7.00,9.00,0.0112,0
2023-05-05 05:34:42,1683279282,9.51,46.4,98000,1e-7,3.00,6.00,7.00,0.0119,0
2023-05-05 05:39:56,1683279597,9.60,46.4,98000,1e-7,2.00,3.00,4.00,0.0114,0
2023-05-05 05:40:16,1683279617,9.64,46.3,98000,1e-7,1.00,1.00,1.00,0.00992,0
2023-05-05 10:01:21,1683295281,26.9,22.1,98100,1e-7,1e-7,1e-7,1e-7,,
2023-05-05 10:09:45,1683295786,27.5,20.4,98100,1e-7,1e-7,1e-7,1e-7,,
2023-05-05 10:14:46,1683296086,27.7,20.1,98100,1e-7,1.00,3.00,3.00,,
2023-05-05 10:19:49,1683296389,28.3,19.1,98100,1.00,1.00,1.00,1.00,,
2023-05-05 10:20:07,1683296408,28.6,17.7,98100,1e-7,2.00,3.00,4.00,,
2023-05-05 10:29:46,1683296986,27.9,19.1,98100,1e-7,2.00,3.00,4.00,,
2023-05-05 10:34:47,1683297287,27.2,19.8,98100,1e-7,1.00,3.00,3.00,0.00995,0
2023-05-05 10:37:17,1683297437,26.4,20.1,98100,1.00,2.00,4.00,5.00,0.00995,0
2023-05-05 10:44:57,1683297898,24.5,21.5,98100,1e-7,1e-7,1e-7,1e-7,0.0101,0
2023-05-05 10:49:50,1683298191,24.1,22.1,98100,1e-7,1e-7,1e-7,1e-7,0.0102,0
2023-05-05 10:53:19,1683298400,23.6,22.3,98100,1e-7,3.00,6.00,7.00,0.0102,0
2023-05-05 11:04:57,1683299097,23.6,22.7,98100,1e-7,2.00,4.00,4.00,0.0134,0
2023-05-05 11:09:42,1683299382,23.9,22.6,98100,1e-7,2.00,3.00,3.00,0.0134,0
2023-05-05 11:11:36,1683299496,23.8,22.1,98100,1e-7,1e-7,1e-7,1e-7,0.0134,0
2023-05-05 11:19:43,1683299983,23.4,22.8,98100,1e-7,2.00,4.00,4.00,0.0131,0
2023-05-05 11:24:52,1683300292,24.2,21.6,98100,1e-7,4.00,7.00,9.00,0.00997,0
2023-05-05 11:28:58,1683300538,25.1,19.5,98100,1e-7,1.00,3.00,3.00,0.0123,0
2023-05-05 11:39:56,1683301196,25.2,19.9,98100,1e-7,1e-7,1e-7,1e-7,0.0123,0
2023-05-05 11:44:41,1683301481,24.5,19.9,98093,1e-7,2.00,4.00,4.00,0.0142,0
2023-05-05 11:49:48,1683301788,23.3,21.3,98100,1e-7,1e-7,1e-7,1e-7,0.0142,0
2023-05-05 11:54:59,1683302099,22.9,21.2,98000,1e-7,1.00,3.00,3.00,0.0117,0
2023-05-05 11:59:50,1683302390,22.2,21.4,98000,1e-7,1e-7,1e-7,1e-7,0.00995,0
2023-05-05 12:02:04,1683302524,21.9,22.1,98000,1e-7,1e-7,1e-7,1e-7,0.00995,0
2023-05-05 12:14:45,1683303285,23.1,20.8,98000,1.00,2.00,4.00,4.00,0.00995,0
2023-05-05 12:19:30,1683303571,23.3,20.6,98000,1.00,6.00,11.0,14.0,0.00995,0.824
2023-05-05 12:29:45,1683304186,25.0,21.0,98000,1e-7,2.00,4.00,5.00,0.0185,0.827
2023-05-05 12:34:48,1683304488,26.5,18.9,98000,2.00,5.00,9.00,10.0,0.0189,0.827
2023-05-05 12:37:19,1683304639,27.5,18.1,98000,1e-7,3.00,6.00,7.00,0.0123,0.827
2023-05-05 12:49:36,1683305377,26.7,18.1,98000,1e-7,2.00,4.00,4.00,0.0184,0.822
2023-05-05 12:54:10,1683305650,25.9,19.2,98000,1.00,2.00,4.00,4.00,0.0205,0
2023-05-05 13:04:30,1683306271,25.5,19.5,98000,1e-7,1.00,3.00,3.00,0.0186,0
2023-05-05 13:09:42,1683306582,25.8,19.1,98000,1e-7,2.00,4.00,4.00,0.0113,0
2023-05-05 13:10:20,1683306620,26.0,18.8,98000,1e-7,1e-7,1e-7,1e-7,0.00995,0
2023-05-05 13:24:59,1683307500,25.8,17.9,98000,1.00,1.00,1.00,1.00,0.00995,0
2023-05-05 13:28:27,1683307708,25.9,18.2,98000,1e-7,2.00,4.00,5.00,0.0103,0
2023-05-05 13:34:50,1683308090,26.2,18.1,98000,1e-7,1e-7,1e-7,1e-7,0.0103,0
2023-05-05 13:39:59,1683308400,26.1,18.1,98000,1.00,2.00,3.00,4.00,0.0103,0
2023-05-05 13:44:43,1683308684,25.8,18.1,98000,2.00,2.00,4.00,5.00,0.0103,0
2023-05-05 13:54:47,1683309287,25.3,18.3,98000,1e-7,1e-7,1e-7,1e-7,0.00995,0
2023-05-05 13:59:58,1683309599,25.5,18.7,98000,2.00,3.00,3.00,3.00,0.0101,0
2023-05-05 14:03:26,1683309806,26.3,18.3,98000,2.00,4.00,7.00,8.00,0.0101,0
2023-05-05 14:09:50,1683310191,26.8,15.8,97900,1e-7,1e-7,1e-7,1e-7,0.0121,0
2023-05-05 14:14:53,1683310493,26.6,15.7,97900,1e-7,2.00,4.00,4.00,0.0152,1.99
2023-05-05 14:19:45,1683310785,25.6,15.7,97900,1e-7,2.00,4.00,4.00,0.0152,2.33
2023-05-05 14:20:03,1683310804,25.0,17.4,97900,1e-7,1e-7,1e-7,1e-7,0.0149,2.33
2023-05-05 14:29:58,1683311398,25.4,17.9,97900,1.00,2.00,3.00,3.00,0.0149,2.33
2023-05-05 14:34:42,1683311683,25.4,17.4,97900,1.00,2.00,4.00,4.00,0.00995,2.33
2023-05-05 14:36:36,1683311796,25.3,17.5,97900,1e-7,1.00,3.00,3.00,0.00995,2.33
2023-05-05 14:44:59,1683312299,25.8,17.6,97900,1e-7,2.00,4.00,4.00,0.00995,2.32
2023-05-05 14:49:43,1683312583,26.6,16.7,97900,1.00,2.00,4.00,4.00,0.00995,1.84
2023-05-05 14:54:27,1683312867,27.2,15.7,97900,1e-7,3.00,6.00,7.00,0.0103,1.22
2023-05-05 15:04:45,1683313485,28.0,16.2,97900,1.00,4.00,7.00,9.00,0.0103,1.22
2023-05-05 15:09:54,1683313795,28.1,15.1,97900,2.00,2.00,3.00,3.00,0.0165,0.718
2023-05-05 15:10:51,1683313852,27.6,15.2,97900,1e-7,1.00,1.00,2.00,0.0101,0
2023-05-05 15:19:18,1683314359,27.1,15.8,97900,1.00,5.00,9.00,10.0,0.0190,0
2023-05-05 15:24:43,1683314684,27.6,15.4,97900,1.00,5.00,7.00,9.00,0.0190,0
2023-05-05 15:27:52,1683314872,27.8,15.5,97900,1.00,2.00,3.00,4.00,0.0168,0
2023-05-05 15:34:49,1683315289,28.1,15.5,97900,1.00,2.00,3.00,4.00,0.0120,0
2023-05-05 15:39:55,1683315596,28.0,15.4,97900,1.00,4.00,7.00,9.00,0.0171,0
2023-05-05 15:44:42,1683315883,27.5,15.4,97900,2.00,3.00,4.00,4.00,0.0154,0
2023-05-05 15:46:16,1683315977,27.5,15.4,97900,1e-7,2.00,4.00,5.00,0.0107,0
2023-05-05 15:54:51,1683316492,28.1,14.6,97800,1e-7,2.00,4.00,5.00,0.0124,0
2023-05-05 15:59:53,1683316793,28.1,14.6,97800,2.00,2.00,4.00,4.00,0.0124,0
2023-05-05 16:03:20,1683317001,27.8,14.8,97809,1.00,4.00,7.00,9.00,0.0102,0
2023-05-05 16:09:44,1683317385,26.8,15.1,97800,1e-7,1.00,3.00,3.00,0.00969,0
2023-05-05 16:14:55,1683317696,26.2,15.6,97825,1e-7,1.00,1.00,2.00,0.0143,0
2023-05-05 16:19:59,1683317999,25.8,16.5,97800,1.00,2.00,3.00,4.00,0.0152,0
2023-05-05 16:24:42,1683318283,26.2,16.4,97800,1.00,1.00,3.00,3.00,0.0117,0
2023-05-05 16:29:45,1683318586,26.6,15.4,97800,2.00,4.00,6.00,7.00,0.0126,0
2023-05-05 16:34:48,1683318888,26.9,15.6,97800,1.00,2.00,4.00,4.00,0.0123,0
2023-05-05 16:35:45,1683318945,27.0,15.4,97800,1e-7,1.00,1.00,1.00,0.0123,0
2023-05-05 16:49:59,1683319800,25.8,16.3,97800,1e-7,1e-7,1e-7,1e-7,0.0111,0
2023-05-05 16:53:55,1683320036,25.6,16.4,97800,1.00,3.00,6.00,7.00,0.0119,0
2023-05-05 16:59:47,1683320387,25.3,17.0,97800,2.00,5.00,8.00,10.0,0.0119,0
2023-05-05 17:04:50,1683320690,25.6,16.6,97800,1.00,2.00,3.00,3.00,0.0203,0
2023-05-05 17:09:43,1683320984,26.2,16.5,97800,1e-7,2.00,4.00,4.00,0.0202,0
2023-05-05 17:10:59,1683321060,26.6,15.8,97800,1e-7,2.00,4.00,4.00,0.0155,0
2023-05-05 17:24:56,1683321897,26.7,16.3,97800,1e-7,2.00,3.00,4.00,0.0147,0
2023-05-05 17:27:27,1683322048,26.8,16.1,97800,1.00,2.00,3.00,4.00,0.00995,0
2023-05-05 17:34:46,1683322486,27.3,15.8,97800,1.00,3.00,6.00,7.00,0.00995,0
2023-05-05 17:39:48,1683322788,27.3,15.7,97800,1.00,2.00,3.00,4.00,0.0135,0
2023-05-05 17:44:58,1683323098,27.3,15.7,97800,2.00,5.00,7.00,8.00,0.0118,0
2023-05-05 17:49:42,1683323382,27.2,15.6,97800,1.00,2.00,3.00,4.00,0.0111,0
2023-05-05 17:54:47,1683323687,27.1,15.7,97800,2.00,4.00,6.00,7.00,0.0151,0
2023-05-05 17:59:49,1683323990,27.0,15.7,97800,1.00,2.00,3.00,4.00,0.0138,0
2023-05-05 18:04:52,1683324292,26.9,15.6,97800,2.00,2.00,4.00,5.00,0.0138,0
2023-05-05 18:09:59,1683324599,26.6,15.6,97800,1.00,4.00,6.00,7.00,0.0119,0
2023-05-05 18:14:43,1683324884,26.0,15.9,97800,1.00,2.00,4.00,4.00,0.0112,0
2023-05-05 18:19:54,1683325195,25.7,16.3,97800,1.00,2.00,4.00,4.00,0.0123,0
2023-05-05 18:24:58,1683325498,25.3,16.3,97800,2.00,3.00,6.00,7.00,0.0106,0
2023-05-05 18:28:27,1683325707,24.9,16.4,97800,1.00,1.00,3.00,3.00,0.00995,0
2023-05-05 18:44:56,1683326697,23.5,17.5,97800,1.00,2.00,4.00,4.00,0.0103,0
2023-05-05 18:49:42,1683326983,23.0,17.9,97800,1.00,2.00,4.00,5.00,0.0102,0
2023-05-05 18:54:49,1683327289,22.5,18.2,97800,1.00,3.00,6.00,7.00,0.0102,0
2023-05-05 18:59:33,1683327574,22.1,18.6,97800,2.00,2.00,4.00,4.00,0.0162,0
2023-05-05 19:04:55,1683327896,21.7,19.0,97800,1.00,4.00,7.00,9.00,0.0147,0
2023-05-05 19:09:43,1683328183,21.2,19.1,97800,1.00,3.00,6.00,7.00,0.0121,0
2023-05-05 19:14:36,1683328476,20.8,20.0,97800,1.00,2.00,4.00,4.00,0.0104,0
2023-05-05 19:19:23,1683328764,20.3,20.5,97800,1.00,2.00,3.00,3.00,0.0153,0
2023-05-05 19:24:51,1683329091,19.9,20.9,97800,1.00,3.00,4.00,5.00,0.0171,0
2023-05-05 19:29:48,1683329389,19.4,21.2,97800,1.00,2.00,4.00,4.00,0.0107,0
2023-05-05 19:34:57,1683329697,19.0,21.6,97800,1.00,2.00,3.00,4.00,0.0105,0
2023-05-05 19:39:53,1683329993,18.6,21.9,97800,1.00,4.00,8.00,9.00,0.0105,0
2023-05-05 19:44:42,1683330283,18.3,22.1,97800,1.00,2.00,4.00,4.00,0.0147,0
2023-05-05 19:49:14,1683330554,18.0,22.4,97800,1.00,3.00,4.00,4.00,0.0165,0
2023-05-05 19:54:42,1683330883,17.7,22.8,97800,2.00,2.00,4.00,4.00,0.0163,0
2023-05-05 19:59:48,1683331189,17.4,23.3,97800,1.00,3.00,6.00,7.00,0.0132,0
2023-05-05 20:04:59,1683331500,17.2,23.5,97800,1e-7,1.00,3.00,3.00,0.0121,0
2023-05-05 20:09:50,1683331791,17.0,23.8,97800,2.00,2.00,3.00,4.00,0.0132,0
2023-05-05 20:14:41,1683332082,16.8,24.0,97800,1.00,5.00,9.00,10.0,0.0100,0
2023-05-05 20:19:51,1683332392,16.6,24.4,97800,1.00,2.00,4.00,4.00,0.0128,0
2023-05-05 20:24:43,1683332684,16.4,24.8,97800,1.00,4.00,8.00,9.00,0.0158,0
2023-05-05 20:29:42,1683332982,16.1,25.0,97800,1.00,2.00,3.00,4.00,0.0107,0
2023-05-05 20:34:52,1683333293,15.9,25.3,97800,1.00,4.00,7.00,9.00,0.0159,0
2023-05-05 20:37:09,1683333429,15.8,25.8,97800,1.00,4.00,7.00,8.00,0.0137,0
2023-05-05 20:44:52,1683333893,15.6,26.1,97800,1.00,4.00,7.00,8.00,0.0373,0
2023-05-05 20:49:47,1683334187,15.4,26.2,97800,1.00,3.00,6.00,7.00,0.0268,0
2023-05-05 20:54:57,1683334498,15.3,26.5,97800,1.00,3.00,6.00,7.00,0.0267,0
2023-05-05 20:59:53,1683334794,15.2,26.8,97800,1.00,4.00,6.00,7.00,0.0144,0
2023-05-05 21:04:26,1683335067,15.0,27.1,97800,1.00,4.00,7.00,8.00,0.0165,0
2023-05-05 21:09:57,1683335397,14.9,27.3,97800,1.00,2.00,4.00,4.00,0.0121,0
2023-05-05 21:14:56,1683335697,14.7,27.6,97800,1.00,4.00,5.00,6.00,0.0117,0
2023-05-05 21:19:49,1683335989,14.6,27.8,97800,1.00,3.00,6.00,7.00,0.0208,0
2023-05-05 21:24:42,1683336283,14.5,27.9,97800,1e-7,2.00,3.00,4.00,0.0150,0
2023-05-05 21:28:17,1683336497,14.5,28.2,97800,2.00,3.00,6.00,7.00,0.0118,0
2023-05-05 21:34:52,1683336893,14.4,28.4,97800,2.00,6.00,9.00,11.0,0.0264,0
2023-05-05 21:39:52,1683337192,14.3,28.7,97800,1.00,5.00,8.00,10.0,0.0341,0
2023-05-05 21:44:50,1683337491,14.2,29.0,97800,1.00,4.00,7.00,9.00,0.0199,0
2023-05-05 21:49:43,1683337784,14.0,29.3,97800,1.00,2.00,4.00,4.00,0.0185,0
2023-05-05 21:54:58,1683338098,13.9,29.5,97800,1.00,3.00,5.00,7.00,0.0196,0
2023-05-05 21:59:51,1683338391,13.7,29.9,97800,1.00,4.00,7.00,9.00,0.0225,0
2023-05-05 22:04:43,1683338684,13.6,30.2,97800,1.00,4.00,7.00,8.00,0.0225,0
2023-05-05 22:09:44,1683338985,13.4,30.6,97800,1.00,2.00,3.00,3.00,0.0129,0
2023-05-05 22:14:56,1683339297,13.2,30.8,97800,1.00,4.00,6.00,7.00,0.0137,0
2023-05-05 22:19:50,1683339591,13.1,31.1,97800,2.00,3.00,4.00,5.00,0.0137,0
2023-05-05 22:24:52,1683339893,13.0,31.3,97800,1.00,2.00,3.00,4.00,0.0122,0
2023-05-05 22:29:45,1683340185,12.9,31.6,97800,1e-7,2.00,3.00,4.00,0.0126,0
2023-05-05 22:34:42,1683340483,12.7,31.8,97800,1.00,5.00,8.00,9.00,0.0134,0
2023-05-05 22:39:55,1683340796,12.6,32.1,97800,1.00,2.00,4.00,4.00,0.0187,0
2023-05-05 22:44:57,1683341098,12.5,32.3,97800,1.00,3.00,5.00,5.00,0.0182,0
2023-05-05 22:49:59,1683341400,12.4,32.7,97800,2.00,2.00,3.00,4.00,0.0145,0
2023-05-05 22:54:52,1683341693,12.3,33.0,97800,1.00,4.00,7.00,9.00,0.0133,0
2023-05-05 22:59:53,1683341993,12.2,33.5,97800,3.00,6.00,9.00,10.0,0.0211,0
2023-05-05 23:04:48,1683342288,12.1,33.4,97800,1.00,5.00,9.00,11.0,0.0205,0
2023-05-05 23:09:42,1683342583,12.0,33.7,97793,1e-7,2.00,3.00,4.00,0.0159,0
2023-05-05 23:14:55,1683342896,12.0,33.7,97800,1.00,6.00,9.00,11.0,0.0220,0
2023-05-05 23:19:50,1683343191,11.9,33.9,97800,1e-7,2.00,4.00,5.00,0.0157,0
2023-05-05 23:24:44,1683343484,11.8,34.1,97800,2.00,2.00,4.00,4.00,0.00947,0
2023-05-05 23:29:45,1683343786,11.8,34.3,97800,2.00,4.00,7.00,9.00,0.0134,0
2023-05-05 23:34:47,1683344087,11.7,34.3,97800,1e-7,2.00,4.00,4.00,0.0149,0
2023-05-05 23:39:48,1683344389,11.7,34.5,97800,1.00,2.00,4.00,4.00,0.0316,0
2023-05-05 23:44:42,1683344682,11.6,34.7,97800,1.00,3.00,5.00,6.00,0.0294,0
2023-05-05 23:49:57,1683344997,11.6,34.7,97800,1.00,6.00,10.0,12.0,0.0207,0
2023-05-05 23:54:55,1683345295,11.5,34.8,97800,1.00,5.00,8.00,10.0,0.0229,0
2023-05-05 23:59:30,1683345571,11.5,35.0,97800,1.00,2.00,4.00,5.00,0.0229,0
2023-05-06 00:09:54,1683346195,11.3,35.0,97800,2.00,3.00,6.00,7.00,0.0186,0
2023-05-06 00:14:50,1683346490,11.3,35.3,97793,1e-7,4.00,6.00,8.00,0.0143,0
2023-05-06 00:19:44,1683346784,11.2,35.5,97800,1.00,3.00,6.00,7.00,0.0114,0
2023-05-06 00:24:59,1683347099,11.1,35.7,97800,1e-7,3.00,6.00,7.00,0.0137,0
2023-05-06 00:29:34,1683347375,11.0,35.9,97771,1.00,2.00,4.00,4.00,0.0125,0
2023-05-06 00:34:47,1683347687,10.9,36.0,97708,1e-7,2.00,4.00,4.00,0.0134,0
2023-05-06 00:39:42,1683347983,10.8,36.1,97773,1.00,2.00,4.00,5.00,0.0117,0
2023-05-06 00:43:19,1683348199,10.8,36.1,97800,2.00,2.00,4.00,5.00,0.0109,0
2023-05-06 00:49:42,1683348583,10.9,36.1,97714,1e-7,2.00,4.00,5.00,0.0109,0
2023-05-06 00:54:58,1683348898,10.8,36.1,97700,1.00,4.00,6.00,7.00,0.0112,0
2023-05-06 00:59:53,1683349194,10.8,36.1,97700,2.00,2.00,4.00,4.00,0.0131,0
2023-05-06 01:04:48,1683349488,10.8,36.2,97700,1.00,8.00,14.0,17.0,0.0214,0
2023-05-06 01:09:42,1683349782,10.7,36.4,97700,1.00,2.00,3.00,4.00,0.0215,0
2023-05-06 01:14:56,1683350097,10.6,36.4,97700,1.00,4.00,6.00,7.00,0.0282,0
2023-05-06 01:19:59,1683350399,10.5,36.5,97700,1.00,3.00,4.00,5.00,0.0202,0
2023-05-06 01:24:53,1683350694,10.4,36.6,97700,3.00,7.00,11.0,13.0,0.0153,0
2023-05-06 01:29:49,1683350990,10.4,36.7,97700,1.00,3.00,4.00,4.00,0.0212,0
2023-05-06 01:32:27,1683351147,10.4,37.0,97700,2.00,2.00,2.00,2.00,0.0193,0
2023-05-06 01:39:46,1683351586,10.3,37.0,97700,2.00,2.00,4.00,4.00,0.0274,0
2023-05-06 01:44:42,1683351882,10.2,37.2,97700,1e-7,2.00,4.00,4.00,0.0172,0
2023-05-06 01:49:38,1683352179,10.1,37.3,97700,2.00,5.00,7.00,9.00,0.00995,0
2023-05-06 01:54:43,1683352483,10.1,37.6,97700,1.00,2.00,4.00,4.00,0.0114,0
2023-05-06 01:59:59,1683352799,10.0,37.6,97700,2.00,2.00,4.00,5.00,0.0147,0
2023-05-06 02:04:55,1683353095,10.0,37.8,97700,1.00,4.00,7.00,9.00,0.0155,0
2023-05-06 02:09:40,1683353381,10.1,37.7,97700,1.00,3.00,6.00,7.00,0.0137,0
2023-05-06 02:14:36,1683353677,10.2,37.6,97700,1.00,2.00,4.00,4.00,0.0155,0
2023-05-06 02:39:45,1683355185,11.0,36.2,97700,2.00,3.00,6.00,7.00,,
2023-05-06 02:44:41,1683355481,11.0,36.2,97700,1.00,3.00,6.00,7.00,,
2023-05-06 02:49:51,1683355792,11.0,36.1,97700,1.00,2.00,4.00,4.00,,
2023-05-06 02:54:45,1683356086,11.0,36.1,97700,1.00,2.00,4.00,4.00,0.0201,0
2023-05-06 02:59:45,1683356386,11.2,35.9,97700,1.00,2.00,4.00,5.00,0.0140,0
2023-05-06 03:04:48,1683356689,11.3,35.7,97700,2.00,2.00,4.00,4.00,0.0102,0
2023-05-06 03:09:43,1683356984,11.5,35.4,97700,1.00,2.00,4.00,5.00,0.0102,0
2023-05-06 03:14:58,1683357299,11.7,35.2,97700,1.00,3.00,4.00,4.00,0.0103,0
2023-05-06 03:19:41,1683357581,11.9,34.9,97700,2.00,3.00,4.00,5.00,0.0101,0
2023-05-06 03:24:55,1683357896,12.0,34.6,97700,2.00,2.00,3.00,4.00,0.0105,0
2023-05-06 03:29:49,1683358190,12.1,34.4,97700,2.00,2.00,3.00,4.00,0.0105,0
2023-05-06 03:34:43,1683358483,12.1,34.4,97700,1.00,2.00,4.00,5.00,0.00995,0
2023-05-06 03:39:57,1683358798,12.1,34.2,97700,4.00,5.00,5.00,6.00,0.00995,0
2023-05-06 03:42:34,1683358954,12.0,34.3,97700,1.00,2.00,3.00,4.00,0.0118,0
2023-05-06 04:04:40,1683360280,11.7,34.7,97700,1e-7,1e-7,1e-7,1e-7,,
2023-05-06 04:09:07,1683360547,11.7,34.7,97700,1.00,5.00,9.00,11.0,,
2023-05-06 04:14:49,1683360890,11.5,34.9,97700,1.00,2.00,4.00,4.00,,
2023-05-06 04:19:50,1683361191,11.3,35.2,97700,1.00,4.00,7.00,8.00,0.00803,0
2023-05-06 04:24:46,1683361486,11.0,35.4,97700,1.00,2.00,4.00,4.00,0.0122,0
2023-05-06 04:29:59,1683361800,10.9,35.8,97700,1.00,2.00,3.00,4.00,0.0154,0
2023-05-06 04:34:42,1683362082,10.8,36.0,97700,1e-7,2.00,3.00,4.00,0.0151,0
2023-05-06 04:39:42,1683362383,10.7,36.1,97700,1.00,2.00,3.00,4.00,0.00995,0
2023-05-06 04:44:40,1683362680,10.7,36.2,97700,1.00,3.00,4.00,5.00,0.0114,0
2023-05-06 04:49:47,1683362987,10.7,36.2,97700,2.00,7.00,12.0,14.0,0.0368,0
2023-05-06 04:54:44,1683363285,10.8,36.1,97700,2.00,3.00,3.00,3.00,0.0194,0
2023-05-06 04:59:54,1683363594,10.9,36.1,97700,1.00,5.00,8.00,10.0,0.0492,0
2023-05-06 05:04:50,1683363890,10.9,35.9,97700,2.00,3.00,4.00,5.00,0.0174,0
2023-05-06 05:09:44,1683364185,10.9,36.0,97700,1.00,4.00,8.00,9.00,0.0139,0
2023-05-06 05:14:57,1683364498,10.9,35.9,97700,1.00,4.00,7.00,9.00,0.0210,0
2023-05-06 05:19:59,1683364799,11.0,35.9,97700,1.00,7.00,11.0,14.0,0.0210,0
2023-05-06 05:24:53,1683365093,11.0,36.0,97700,1.00,2.00,3.00,4.00,0.00987,0
2023-05-06 05:29:48,1683365389,10.9,36.0,97700,1.00,4.00,7.00,8.00,0.0278,0
2023-05-06 05:34:44,1683365684,10.7,36.3,97700,1.00,2.00,4.00,5.00,0.0167,0
2023-05-06 05:39:44,1683365985,10.6,36.6,97700,1.00,3.00,6.00,7.00,0.0107,0
2023-05-06 09:34:57,1683380098,29.5,16.0,97700,1.00,2.00,3.00,3.00,,
2023-05-06 09:38:41,1683380322,29.9,15.7,97700,2.00,2.00,4.00,5.00,,
2023-05-06 09:51:52,1683381113,30.6,14.9,97700,1e-7,2.00,3.00,4.00,,
2023-05-06 10:09:53,1683382194,30.6,14.7,97700,2.00,2.00,4.00,4.00,,
2023-05-06 10:14:51,1683382492,31.2,14.2,97700,2.00,3.00,4.00,5.00,0.0103,0
2023-05-06 10:15:47,1683382548,31.3,13.6,97700,1e-7,2.00,3.00,3.00,0.0100,0
2023-05-06 10:24:43,1683383083,31.8,13.0,97600,1.00,4.00,7.00,8.00,0.00995,0
2023-05-06 10:29:42,1683383382,31.7,12.9,97600,1.00,3.00,6.00,7.00,0.0116,0
2023-05-06 10:33:25,1683383605,31.2,12.8,97600,1.00,2.00,3.00,4.00,0.0125,0
2023-05-06 10:39:42,1683383983,31.6,12.9,97600,3.00,8.00,13.0,15.0,0.0159,0
2023-05-06 10:44:59,1683384300,31.9,12.9,97600,1.00,3.00,6.00,7.00,0.0172,0
2023-05-06 10:49:57,1683384597,31.9,12.7,97600,2.00,3.00,5.00,6.00,0.0213,0
2023-05-06 10:50:15,1683384616,31.8,12.6,97600,1e-7,1e-7,1e-7,1e-7,0.00916,0
2023-05-06 10:59:45,1683385185,32.4,12.7,97600,1.00,2.00,3.00,4.00,0.0125,0
2023-05-06 11:04:43,1683385483,32.5,12.2,97600,1.00,3.00,4.00,4.00,0.0138,0
2023-05-06 11:06:35,1683385595,32.6,11.5,97600,1.00,3.00,4.00,5.00,0.0100,0
2023-05-06 11:14:51,1683386092,32.8,11.7,97600,1.00,3.00,4.00,4.00,0.0104,0
2023-05-06 11:19:42,1683386382,33.1,11.4,97600,1.00,2.00,4.00,5.00,0.0108,0
2023-05-06 11:24:03,1683386643,33.4,10.4,97600,2.00,3.00,4.00,5.00,0.0108,0
2023-05-06 11:34:44,1683387284,33.6,9.92,97600,2.00,3.00,5.00,6.00,0.0101,0
2023-05-06 11:39:44,1683387585,33.7,9.86,97600,1.00,2.00,3.00,4.00,0.00995,0
2023-05-06 11:40:40,1683387641,33.6,9.67,97600,1.00,3.00,5.00,6.00,0.00886,0
2023-05-06 11:49:49,1683388189,33.6,9.87,97600,1.00,2.00,3.00,4.00,0.0105,0
2023-05-06 11:54:10,1683388450,33.5,10.3,97600,1.00,2.00,3.00,4.00,0.0110,0
2023-05-06 11:57:54,1683388675,33.6,10.2,97600,1.00,4.00,7.00,9.00,0.0113,0
2023-05-06 12:04:50,1683389090,33.4,10.3,97500,1.00,2.00,3.00,3.00,0.0126,0
2023-05-06 12:09:48,1683389389,33.6,9.98,97500,1.00,2.00,3.00,4.00,0.0179,0
2023-05-06 12:14:27,1683389668,33.6,9.64,97500,1.00,2.00,4.00,4.00,0.0172,0
2023-05-06 12:24:54,1683390295,34.1,9.61,97500,2.00,2.00,3.00,3.00,0.0157,0
2023-05-06 12:29:50,1683390590,34.4,9.66,97500,1.00,4.00,7.00,8.00,0.0155,0
2023-05-06 12:31:23,1683390684,34.4,9.50,97500,1e-7,1e-7,1e-7,1e-7,0.0138,0
2023-05-06 12:39:43,1683391183,34.4,9.47,97500,1e-7,2.00,4.00,4.00,0.0138,0
2023-05-06 12:44:59,1683391500,34.3,9.57,97500,1.00,2.00,3.00,4.00,0.0173,0
2023-05-06 12:47:47,1683391667,34.3,9.78,97500,1.00,2.00,4.00,4.00,0.00995,0
2023-05-06 12:59:52,1683392393,34.1,9.71,97500,2.00,2.00,3.00,3.00,0.00995,0
2023-05-06 13:04:49,1683392690,34.1,9.35,97500,2.00,2.00,4.00,5.00,0.00995,0
2023-05-06 13:05:54,1683392754,34.2,9.00,97500,1.00,3.00,5.00,6.00,0.00995,0
2023-05-06 13:14:53,1683393294,34.0,9.34,97500,1.00,3.00,6.00,7.00,0.0114,0
2023-05-06 13:19:50,1683393591,34.0,9.74,97500,2.00,3.00,6.00,7.00,0.0114,0
2023-05-06 13:23:34,1683393814,34.1,9.45,97500,1.00,5.00,7.00,9.00,0.0186,0
2023-05-06 13:29:55,1683394196,33.9,9.60,97500,1.00,2.00,2.00,2.00,0.0186,0
2023-05-06 13:34:56,1683394497,34.0,9.74,97500,2.00,2.00,3.00,3.00,0.0248,0
2023-05-06 13:39:54,1683394794,33.9,9.80,97500,2.00,4.00,7.00,8.00,0.0248,0
2023-05-06 13:40:12,1683394813,33.9,9.95,97500,1e-7,1e-7,1.00,1.00,0.00996,0
2023-05-06 13:49:48,1683395388,33.4,11.0,97500,1e-7,2.00,4.00,4.00,0.0108,0
2023-05-06 13:54:46,1683395686,33.0,10.4,97500,1.00,2.00,3.00,3.00,0.0119,0
2023-05-06 13:56:00,1683395761,32.7,10.3,97500,1e-7,2.00,4.00,5.00,0.0111,0
2023-05-06 14:09:58,1683396599,32.5,9.83,97400,1.00,1.00,3.00,3.00,0.0104,0
2023-05-06 14:13:24,1683396804,32.4,10.4,97400,1e-7,4.00,7.00,9.00,0.0102,0
2023-05-06 14:24:49,1683397490,32.4,10.2,97400,1e-7,2.00,3.00,3.00,0.0107,0
2023-05-06 14:29:48,1683397788,32.5,10.1,97400,1.00,4.00,7.00,9.00,0.0171,0
2023-05-06 14:31:39,1683397900,32.8,10.1,97400,1.00,3.00,4.00,4.00,0.00995,0
2023-05-06 14:39:49,1683398390,33.0,9.94,97400,1.00,6.00,10.0,12.0,0.0199,0
2023-05-06 14:44:48,1683398688,33.0,9.46,97400,1.00,3.00,4.00,4.00,0.0233,0
2023-05-06 14:48:31,1683398912,32.8,9.87,97400,2.00,7.00,11.0,13.0,0.0304,0
2023-05-06 14:59:53,1683399593,33.1,9.96,97400,1.00,2.00,4.00,5.00,0.0245,0
2023-05-06 15:04:59,1683399900,33.0,9.67,97400,2.00,3.00,4.00,4.00,0.0245,0
2023-05-06 15:05:54,1683399955,32.8,9.78,97400,1.00,3.00,5.00,5.00,0.0177,0
2023-05-06 15:14:59,1683400499,32.8,9.78,97400,1.00,2.00,4.00,5.00,0.0177,0
2023-05-06 15:19:58,1683400798,32.8,9.97,97400,2.00,2.00,2.00,3.00,0.0110,0
2023-05-06 15:21:50,1683400910,32.8,9.69,97400,2.00,2.00,3.00,4.00,0.00966,0
2023-05-06 15:34:43,1683401684,32.3,10.3,97300,1e-7,1.00,2.00,3.00,0.0116,0
2023-05-06 15:38:54,1683401935,32.3,10.3,97300,1.00,3.00,6.00,7.00,0.0116,0
2023-05-06 15:54:27,1683402867,31.8,10.1,97300,2.00,2.00,3.00,4.00,0.0108,0
2023-05-06 15:55:23,1683402924,31.8,9.93,97300,1e-7,1.00,1.00,1.00,0.0107,0
2023-05-06 16:14:18,1683404058,31.8,10.2,97300,2.00,4.00,5.00,6.00,0.0104,0
2023-05-06 16:24:41,1683404681,32.5,10.2,97300,1.00,3.00,4.00,5.00,0.0109,0
2023-05-06 16:29:59,1683404999,32.8,10.0,97300,1.00,2.00,3.00,3.00,0.0119,0
2023-05-06 16:31:13,1683405073,32.9,10.0,97300,1.00,3.00,4.00,5.00,0.0109,0
2023-05-06 16:39:50,1683405590,32.8,9.74,97300,2.00,3.00,5.00,6.00,0.0102,0
2023-05-06 16:44:48,1683405889,32.8,9.74,97300,2.00,2.00,3.00,4.00,0.0113,0
2023-05-06 16:49:53,1683406194,32.6,9.73,97300,1.00,2.00,4.00,4.00,0.0119,0
2023-05-06 16:54:53,1683406493,32.0,9.73,97300,1.00,2.00,4.00,4.00,0.0119,0
2023-05-06 16:59:53,1683406793,31.3,9.90,97300,2.00,3.00,6.00,7.00,0.0117,0
2023-05-06 17:03:08,1683406988,31.0,10.5,97300,1.00,2.00,3.00,4.00,0.0121,0
2023-05-06 17:19:46,1683407986,31.7,10.5,97200,1.00,2.00,4.00,4.00,0.0134,0
2023-05-06 17:21:20,1683408080,31.6,10.5,97200,3.00,5.00,7.00,7.00,0.0124,0
2023-05-06 17:34:56,1683408897,31.4,10.7,97200,2.00,2.00,3.00,3.00,0.0118,0
2023-05-06 17:39:56,1683409196,31.4,10.7,97200,2.00,2.00,3.00,4.00,0.0158,0
2023-05-06 17:44:55,1683409496,31.2,10.6,97200,1.00,5.00,8.00,10.0,0.0111,0
2023-05-06 17:49:55,1683409796,30.9,10.6,97200,4.00,4.00,4.00,4.00,0.0310,0
2023-05-06 17:54:41,1683410081,30.7,10.7,97200,1.00,2.00,4.00,4.00,0.0265,0
2023-05-06 17:59:49,1683410389,30.5,10.9,97200,1.00,2.00,4.00,4.00,0.0317,0
2023-05-06 18:04:49,1683410689,30.3,10.9,97200,2.00,4.00,6.00,7.00,0.0105,0
2023-05-06 18:09:57,1683410998,30.1,11.0,97200,1.00,3.00,4.00,4.00,0.0112,0
2023-05-06 18:11:31,1683411092,30.0,11.3,97200,1.00,4.00,6.00,8.00,0.0128,0
2023-05-06 18:24:59,1683411900,29.1,11.2,97200,1.00,2.00,3.00,3.00,0.0116,0
2023-05-06 18:29:39,1683412180,28.9,11.5,97200,1.00,3.00,4.00,5.00,0.0116,0
2023-05-06 18:34:41,1683412482,28.5,11.8,97200,3.00,3.00,4.00,4.00,0.0149,0
2023-05-06 18:39:48,1683412788,28.0,12.0,97200,2.00,4.00,6.00,7.00,0.0149,0
2023-05-06 18:44:50,1683413091,27.6,12.2,97200,2.00,4.00,7.00,9.00,0.0145,0
2023-05-06 18:49:41,1683413382,27.2,12.4,97200,1.00,2.00,3.00,4.00,0.00862,0
2023-05-06 18:54:52,1683413693,26.7,12.8,97200,2.00,3.00,6.00,7.00,0.0130,0
2023-05-06 18:59:55,1683413996,26.2,13.1,97200,1.00,3.00,6.00,7.00,0.0119,0
2023-05-06 19:04:59,1683414300,25.7,13.4,97200,2.00,3.00,4.00,5.00,0.0136,0
2023-05-06 19:09:45,1683414585,25.3,13.7,97200,1.00,2.00,4.00,5.00,0.0172,0
2023-05-06 19:14:49,1683414889,24.9,14.1,97200,1.00,4.00,6.00,7.00,0.0172,0
2023-05-06 19:19:53,1683415194,24.5,14.7,97200,1.00,2.00,4.00,5.00,0.0126,0
2023-05-06 19:23:42,1683415423,24.1,14.8,97200,4.00,5.00,5.00,6.00,0.0122,0
2023-05-06 19:39:50,1683416391,22.8,15.9,97200,1.00,1.00,1.00,1.00,0.0148,0
2023-05-06 19:44:45,1683416685,22.5,16.0,97200,2.00,3.00,4.00,4.00,0.0148,0
2023-05-06 19:49:51,1683416991,22.2,16.2,97200,1.00,2.00,3.00,4.00,0.0148,0
2023-05-06 19:54:45,1683417286,21.9,16.6,97200,2.00,4.00,5.00,6.00,0.0116,0
2023-05-06 19:59:54,1683417595,21.6,17.2,97200,1.00,3.00,6.00,7.00,0.0106,0
2023-05-06 20:04:43,1683417884,21.2,17.2,97200,2.00,5.00,8.00,9.00,0.0156,0
2023-05-06 20:07:25,1683418045,21.0,17.5,97200,1.00,1.00,2.00,2.00,0.0216,0
2023-05-06 20:24:49,1683419089,20.1,18.2,97200,2.00,2.00,3.00,4.00,0.0151,0
2023-05-06 20:29:19,1683419359,19.8,18.7,97200,2.00,3.00,3.00,4.00,0.0271,0
2023-05-06 20:34:46,1683419687,19.5,19.1,97200,2.00,3.00,4.00,5.00,0.0126,0
2023-05-06 20:39:55,1683419996,19.2,19.3,97200,2.00,3.00,6.00,7.00,0.0131,0
2023-05-06 20:44:43,1683420284,19.0,19.5,97200,1.00,2.00,3.00,3.00,0.0124,0
2023-05-06 20:49:53,1683420593,18.8,19.8,97200,2.00,7.00,12.0,14.0,0.0137,0
2023-05-06 20:54:24,1683420864,18.6,20.1,97200,2.00,4.00,6.00,7.00,0.0218,0
2023-05-06 20:59:55,1683421196,18.4,20.3,97200,3.00,4.00,6.00,6.00,0.0211,0
2023-05-06 21:04:54,1683421494,18.3,20.5,97200,2.00,2.00,3.00,4.00,0.0148,0
2023-05-06 21:09:44,1683421785,18.1,20.9,97200,2.00,4.00,6.00,7.00,0.0139,0
2023-05-06 21:14:54,1683422094,18.0,21.1,97200,1.00,3.00,6.00,7.00,0.0114,0
2023-05-06 21:19:42,1683422383,17.9,21.4,97200,1.00,3.00,6.00,7.00,0.0107,0
2023-05-06 21:24:56,1683422696,17.8,21.5,97200,1.00,4.00,8.00,9.00,0.0205,0
2023-05-06 21:29:47,1683422987,17.7,21.6,97200,1.00,3.00,5.00,7.00,0.0174,0
2023-05-06 21:34:57,1683423297,17.6,21.7,97200,3.00,6.00,8.00,9.00,0.0186,0
2023-05-06 21:38:11,1683423491,17.5,21.8,97200,2.00,3.00,3.00,4.00,0.0162,0
2023-05-06 21:44:44,1683423885,17.3,22.2,97200,1.00,2.00,4.00,5.00,0.0258,0
2023-05-06 21:49:55,1683424195,17.2,22.4,97200,2.00,4.00,8.00,9.00,0.0251,0
2023-05-06 21:54:46,1683424487,17.0,22.8,97200,2.00,2.00,3.00,4.00,0.0182,0
2023-05-06 21:59:45,1683424785,16.9,22.9,97200,2.00,2.00,4.00,4.00,0.0141,0
2023-05-06 22:04:42,1683425083,16.7,23.5,97200,2.00,4.00,5.00,6.00,0.0126,0
2023-05-06 22:09:34,1683425374,16.6,23.6,97200,2.00,3.00,6.00,7.00,0.0166,0
2023-05-06 22:13:45,1683425626,16.4,23.7,97200,2.00,4.00,7.00,9.00,0.0134,0
2023-05-06 22:19:58,1683425999,16.3,24.1,97200,1.00,2.00,3.00,3.00,0.0177,0
2023-05-06 22:24:52,1683426292,16.2,24.0,97200,2.00,5.00,7.00,9.00,0.0341,0
2023-05-06 22:29:43,1683426584,16.1,24.1,97200,2.00,5.00,9.00,11.0,0.0496,0
2023-05-06 22:34:54,1683426894,16.1,24.0,97200,2.00,3.00,6.00,7.00,0.0496,0
2023-05-06 22:39:46,1683427186,16.0,24.4,97200,2.00,2.00,3.00,3.00,0.0321,0
2023-05-06 22:44:56,1683427496,15.9,24.4,97200,1.00,2.00,3.00,4.00,0.0167,0
2023-05-06 22:49:54,1683427795,15.8,24.6,97200,2.00,4.00,6.00,8.00,0.0133,0
2023-05-06 22:54:46,1683428087,15.7,24.9,97200,1.00,5.00,8.00,10.0,0.0150,0
2023-05-06 22:59:57,1683428397,15.6,25.1,97200,2.00,7.00,11.0,13.0,0.0160,0
2023-05-06 23:04:58,1683428699,15.5,25.0,97200,1.00,2.00,4.00,5.00,0.0156,0
2023-05-06 23:09:58,1683428999,15.3,25.7,97200,2.00,5.00,7.00,8.00,0.0208,0
2023-05-06 23:14:31,1683429272,15.2,25.8,97200,1.00,2.00,3.00,3.00,0.0182,0
2023-05-06 23:19:42,1683429582,15.1,25.8,97200,1.00,4.00,8.00,10.0,0.0209,0
2023-05-06 23:24:54,1683429894,15.0,26.0,97200,2.00,5.00,8.00,10.0,0.0263,0
2023-05-06 23:29:47,1683430187,15.0,26.0,97200,2.00,4.00,6.00,7.00,0.0366,0
2023-05-06 23:34:59,1683430499,14.9,26.1,97200,2.00,2.00,3.00,4.00,0.0139,0
2023-05-06 23:39:58,1683430799,14.8,26.2,97200,2.00,4.00,6.00,7.00,0.0115,0
2023-05-06 23:44:51,1683431092,14.8,26.2,97200,1.00,3.00,5.00,6.00,0.0122,0
2023-05-06 23:49:42,1683431382,14.7,26.7,97200,1.00,2.00,4.00,4.00,0.0120,0
2023-05-06 23:54:49,1683431690,14.6,27.0,97200,4.00,4.00,4.00,5.00,0.0128,0
2023-05-06 23:59:41,1683431982,14.4,27.2,97200,2.00,5.00,8.00,10.0,0.0108,0
2023-05-07 00:04:54,1683432294,14.2,27.6,97200,2.00,5.00,8.00,10.0,0.0119,0
2023-05-07 00:09:48,1683432589,14.0,27.9,97200,1.00,3.00,4.00,4.00,0.0146,0
2023-05-07 00:14:42,1683432883,13.8,28.0,97200,1.00,3.00,5.00,6.00,0.0112,0
2023-05-07 00:19:56,1683433196,13.7,28.1,97200,1.00,4.00,6.00,8.00,0.0108,0
2023-05-07 00:24:48,1683433488,13.6,28.3,97200,2.00,4.00,6.00,7.00,0.0111,0
2023-05-07 00:29:40,1683433781,13.5,28.8,97200,2.00,5.00,8.00,9.00,0.0136,0
2023-05-07 00:34:54,1683434094,13.4,28.9,97200,1.00,4.00,7.00,8.00,0.0251,0
2023-05-07 00:37:11,1683434231,13.3,28.9,97200,2.00,4.00,5.00,6.00,0.0142,0
2023-05-07 00:59:57,1683435597,12.7,29.5,97200,1.00,3.00,5.00,6.00,,
2023-05-07 01:04:50,1683435890,12.7,29.6,97200,1.00,2.00,3.00,3.00,,
2023-05-07 01:09:44,1683436185,12.7,29.9,97200,2.00,3.00,5.00,5.00,,
2023-05-07 01:14:57,1683436497,12.6,29.9,97200,1.00,7.00,11.0,14.0,0.0222,0
2023-05-07 01:19:49,1683436789,12.6,30.0,97200,1.00,2.00,3.00,4.00,0.0209,0
2023-05-07 01:24:42,1683437082,12.6,30.0,97200,4.00,4.00,4.00,4.00,0.0270,0
2023-05-07 01:29:56,1683437396,12.6,30.0,97200,2.00,2.00,3.00,4.00,0.0155,0
2023-05-07 01:34:55,1683437696,12.6,30.1,97200,2.00,6.00,10.0,12.0,0.0192,0
2023-05-07 01:38:50,1683437930,12.5,30.0,97190,2.00,5.00,8.00,10.0,0.0184,0
2023-05-07 01:44:46,1683438286,12.4,30.2,97185,1.00,2.00,4.00,4.00,0.0279,0
2023-05-07 01:49:40,1683438581,12.4,30.4,97200,1.00,4.00,6.00,7.00,0.0521,0
2023-05-07 01:54:59,1683438899,12.3,30.6,97193,2.00,6.00,11.0,13.0,0.0251,0
2023-05-07 01:58:38,1683439118,12.2,30.7,97200,2.00,4.00,5.00,6.00,0.0207,0
2023-05-07 02:04:53,1683439494,12.1,30.8,97100,1.00,3.00,5.00,6.00,0.0198,0
2023-05-07 02:09:55,1683439795,12.0,30.8,97100,1.00,4.00,6.00,7.00,0.0216,0
2023-05-07 02:14:50,1683440090,12.0,30.8,97100,3.00,4.00,5.00,5.00,0.0188,0
2023-05-07 02:19:45,1683440385,12.0,30.8,97100,2.00,3.00,6.00,7.00,0.0135,0
2023-05-07 02:24:51,1683440692,12.0,30.9,97100,1.00,3.00,4.00,5.00,0.0128,0
2023-05-07 02:29:46,1683440987,12.0,30.9,97100,2.00,2.00,3.00,4.00,0.0144,0
2023-05-07 02:34:41,1683441281,12.0,30.8,97115,2.00,4.00,7.00,9.00,0.0100,0
2023-05-07 02:39:55,1683441596,12.0,31.0,97200,4.00,4.00,7.00,9.00,0.0133,0
2023-05-07 02:44:56,1683441897,12.0,31.0,97200,2.00,2.00,4.00,4.00,0.0218,0
2023-05-07 02:49:57,1683442197,12.0,31.0,97185,2.00,7.00,12.0,15.0,0.0230,0
2023-05-07 02:54:52,1683442492,12.0,31.0,97120,2.00,6.00,10.0,12.0,0.0189,0
2023-05-07 02:59:52,1683442793,12.0,31.1,97100,2.00,4.00,7.00,9.00,0.0156,0
2023-05-07 03:04:54,1683443095,12.0,31.0,97100,2.00,3.00,6.00,7.00,0.0136,0
2023-05-07 03:09:49,1683443390,11.9,31.0,97100,1.00,3.00,5.00,7.00,0.0106,0
2023-05-07 03:14:43,1683443684,11.9,31.0,97100,2.00,3.00,5.00,6.00,0.0174,0
2023-05-07 03:19:45,1683443986,11.8,31.2,97100,4.00,4.00,7.00,9.00,0.0174,0
2023-05-07 03:24:40,1683444281,11.8,31.2,97100,2.00,4.00,7.00,9.00,0.0178,0
2023-05-07 03:29:54,1683444594,11.8,31.2,97100,2.00,5.00,8.00,9.00,0.0275,0
2023-05-07 03:34:49,1683444889,11.7,31.3,97100,2.00,4.00,5.00,6.00,0.0167,0
2023-05-07 03:39:43,1683445184,11.7,31.3,97100,2.00,2.00,3.00,4.00,0.0167,0
2023-05-07 03:44:43,1683445483,11.7,31.3,97100,2.00,2.00,3.00,3.00,0.0250,0
2023-05-07 03:49:58,1683445798,11.6,31.4,97100,2.00,4.00,6.00,7.00,0.0250,0
2023-05-07 03:54:40,1683446081,11.5,31.5,97100,1.00,3.00,5.00,7.00,0.0130,0
2023-05-07 03:59:54,1683446395,11.4,31.7,97100,2.00,3.00,4.00,5.00,0.0130,0
2023-05-07 04:04:56,1683446696,11.3,31.8,97100,2.00,4.00,7.00,8.00,0.0140,0
2023-05-07 04:09:58,1683446998,11.2,32.0,97100,1.00,4.00,6.00,7.00,0.0140,0
2023-05-07 04:14:59,1683447300,11.1,32.1,97100,1.00,2.00,4.00,5.00,0.0170,0
2023-05-07 04:19:55,1683447596,11.0,32.4,97100,4.00,4.00,4.00,5.00,0.0217,0
2023-05-07 04:24:51,1683447891,10.9,32.5,97100,1.00,4.00,5.00,6.00,0.0131,0
2023-05-07 04:29:27,1683448167,10.8,32.8,97100,1.00,8.00,14.0,17.0,0.0176,0
2023-05-07 04:34:47,1683448488,10.7,32.8,97100,2.00,4.00,5.00,6.00,0.0356,0
2023-05-07 04:39:43,1683448783,10.6,32.9,97100,2.00,2.00,3.00,4.00,0.0382,0
2023-05-07 04:44:57,1683449097,10.6,32.9,97100,1.00,3.00,5.00,6.00,0.0461,0
2023-05-07 04:49:58,1683449399,10.6,33.1,97100,2.00,5.00,9.00,11.0,0.0215,0
2023-05-07 04:54:54,1683449695,10.5,33.0,97100,2.00,3.00,5.00,6.00,0.0215,0
2023-05-07 04:59:48,1683449988,10.5,33.3,97100,1.00,3.00,6.00,7.00,0.0150,0
2023-05-07 05:04:42,1683450283,10.5,33.3,97100,1.00,4.00,7.00,9.00,0.0144,0
2023-05-07 05:09:57,1683450597,10.4,33.3,97100,2.00,3.00,6.00,7.00,0.0130,0
2023-05-07 05:14:59,1683450900,10.4,33.3,97100,2.00,2.00,3.00,4.00,0.0127,0
2023-05-07 05:19:54,1683451194,10.4,33.4,97100,2.00,4.00,5.00,6.00,0.00968,0
2023-05-07 05:24:56,1683451496,10.4,33.4,97100,1.00,2.00,4.00,4.00,0.0108,0
2023-05-07 05:29:52,1683451792,10.4,33.3,97100,1.00,4.00,6.00,7.00,0.0119,0
2023-05-07 05:34:57,1683452097,10.5,33.4,97100,1.00,4.00,7.00,8.00,0.0130,0
2023-05-07 05:35:56,1683452156,10.5,33.4,97100,1.00,1.00,2.00,2.00,0.0122,0
2023-05-07 09:29:51,1683466191,25.7,15.2,96891,1.00,5.00,9.00,11.0,,
2023-05-07 09:31:06,1683466266,25.9,15.2,96825,1e-7,1e-7,1e-7,1e-7,,
2023-05-07 09:44:49,1683467090,27.4,14.3,96800,1.00,2.00,3.00,4.00,,
2023-05-07 09:49:31,1683467372,28.0,14.1,96800,1.00,2.00,3.00,3.00,,
2023-05-07 09:59:55,1683467996,28.8,13.4,96800,1.00,3.00,5.00,6.00,,
2023-05-07 10:04:46,1683468286,28.9,13.2,96800,2.00,5.00,7.00,9.00,0.0239,0
2023-05-07 10:07:43,1683468463,29.2,13.3,96800,1.00,1.00,3.00,3.00,0.0264,0
2023-05-07 10:14:42,1683468883,29.2,12.7,96800,1.00,2.00,3.00,3.00,0.0258,0
2023-05-07 10:19:49,1683469190,29.0,12.9,96800,1.00,4.00,6.00,7.00,0.0184,0
2023-05-07 10:24:37,1683469477,29.0,13.0,96800,1.00,3.00,6.00,7.00,0.0153,0
2023-05-07 10:34:45,1683470085,29.0,12.8,96800,1.00,2.00,4.00,4.00,0.0127,0
2023-05-07 10:39:08,1683470348,28.8,13.2,96800,1.00,3.00,5.00,7.00,0.0177,0
2023-05-07 10:41:38,1683470499,28.9,12.9,96800,2.00,2.00,3.00,3.00,0.00986,0
2023-05-07 10:49:45,1683470985,29.3,12.7,96800,1.00,2.00,3.00,3.00,0.0101,0
2023-05-07 10:54:45,1683471285,29.2,12.9,96800,1e-7,2.00,4.00,4.00,0.0182,0
2023-05-07 10:59:07,1683471548,29.0,12.9,96800,1.00,9.00,15.0,19.0,0.0230,0
2023-05-07 11:09:52,1683472193,28.4,13.1,96800,1.00,2.00,4.00,5.00,0.0261,0
2023-05-07 11:14:53,1683472494,28.1,13.2,96800,1e-7,2.00,4.00,4.00,0.0248,0
2023-05-07 11:15:50,1683472550,28.2,13.3,96800,1.00,2.00,3.00,4.00,0.0177,0
2023-05-07 11:24:43,1683473084,29.0,13.0,96800,1.00,4.00,7.00,9.00,0.0177,0
2023-05-07 11:29:52,1683473392,29.1,12.3,96800,1.00,2.00,4.00,4.00,0.0215,0
2023-05-07 11:33:18,1683473599,29.3,12.5,96755,1.00,4.00,6.00,8.00,0.0155,0
2023-05-07 11:44:55,1683474295,30.5,11.8,96700,1.00,2.00,4.00,4.00,0.0134,0
2023-05-07 11:49:21,1683474561,30.7,11.8,96700,1.00,2.00,3.00,3.00,0.0110,0
2023-05-07 11:59:42,1683475182,29.8,11.7,96700,1e-7,2.00,4.00,4.00,0.0111,0
2023-05-07 12:04:50,1683475490,29.6,11.7,96700,1e-7,3.00,5.00,6.00,0.0121,0
2023-05-07 12:06:05,1683475566,29.7,11.7,96700,1.00,2.00,3.00,3.00,0.0121,0
2023-05-07 12:19:56,1683476397,28.9,11.8,96700,1e-7,1e-7,1e-7,1e-7,0.0116,0
2023-05-07 12:24:56,1683476697,28.9,11.8,96700,1.00,2.00,3.00,4.00,0.0122,0
2023-05-07 12:34:46,1683477286,29.6,11.5,96700,1e-7,1.00,1.00,1.00,0.0122,0
2023-05-07 12:39:46,1683477587,29.9,11.1,96700,1.00,2.00,4.00,4.00,0.0100,0
2023-05-07 12:41:20,1683477681,30.1,11.3,96700,1e-7,1.00,1.00,2.00,0.00995,0
2023-05-07 12:49:55,1683478195,30.5,10.7,96613,1.00,2.00,3.00,3.00,0.00995,0
2023-05-07 12:54:44,1683478484,30.2,11.2,96600,2.00,3.00,4.00,5.00,0.00995,0
2023-05-07 12:58:29,1683478709,30.2,11.4,96600,1.00,2.00,4.00,4.00,0.0112,0
2023-05-07 13:04:50,1683479091,30.3,10.4,96600,1e-7,1.00,3.00,3.00,0.0112,0
2023-05-07 13:09:51,1683479391,29.7,10.8,96600,1.00,2.00,4.00,5.00,0.0105,0
2023-05-07 13:14:42,1683479682,29.3,11.7,96600,1e-7,2.00,3.00,4.00,0.0105,0
2023-05-07 13:16:15,1683479776,29.3,11.5,96600,1.00,2.00,4.00,4.00,0.0101,0
2023-05-07 13:24:07,1683480248,29.6,11.7,96600,1.00,5.00,9.00,11.0,0.0103,0
2023-05-07 13:29:53,1683480594,29.9,11.2,96600,1e-7,2.00,4.00,4.00,0.0173,0
2023-05-07 13:33:01,1683480781,29.8,11.1,96600,2.00,2.00,4.00,4.00,0.0167,0
2023-05-07 13:39:58,1683481199,29.4,11.4,96600,1e-7,2.00,3.00,4.00,0.00979,0
2023-05-07 13:44:40,1683481481,29.2,11.2,96600,2.00,2.00,3.00,4.00,0.00995,0
2023-05-07 13:49:21,1683481762,28.8,11.5,96600,1.00,4.00,6.00,7.00,0.00995,0
2023-05-07 14:04:43,1683482684,27.5,12.4,96525,2.00,3.00,6.00,7.00,0.00982,0
2023-05-07 14:07:32,1683482853,27.3,12.5,96500,1e-7,2.00,3.00,4.00,0.0159,0
2023-05-07 14:14:50,1683483291,27.5,13.0,96500,2.00,2.00,2.00,2.00,0.0142,0
2023-05-07 14:19:52,1683483592,28.0,12.4,96500,1.00,2.00,3.00,4.00,0.0202,0
2023-05-07 14:24:34,1683483874,28.4,12.0,96500,1.00,4.00,7.00,8.00,0.0166,0
2023-05-07 14:34:14,1683484454,28.6,12.5,96500,1e-7,1.00,2.00,2.00,0.0166,0
2023-05-07 14:39:53,1683484793,28.8,12.3,96500,1.00,2.00,4.00,4.00,0.0135,0
2023-05-07 14:41:45,1683484906,28.9,12.1,96500,1.00,2.00,4.00,4.00,0.0104,0
2023-05-07 14:49:53,1683485393,28.0,12.7,96500,1e-7,1e-7,1e-7,1e-7,0.00995,0
2023-05-07 14:54:45,1683485685,28.0,12.6,96500,1.00,2.00,4.00,5.00,0.0102,0
2023-05-07 14:57:34,1683485855,28.1,12.9,96500,1.00,4.00,5.00,6.00,0.0103,0
2023-05-07 15:04:43,1683486283,28.5,12.6,96500,2.00,2.00,3.00,4.00,0.00995,0
2023-05-07 15:09:45,1683486585,28.4,12.1,96456,1.00,2.00,4.00,4.00,0.0119,0
2023-05-07 15:14:47,1683486887,28.0,12.3,96400,2.00,9.00,15.0,18.0,0.0124,0
2023-05-07 15:16:02,1683486962,27.7,12.8,96400,1e-7,1.00,1.00,1.00,0.0124,0
2023-05-07 15:24:56,1683487497,27.5,13.2,96400,1e-7,2.00,3.00,3.00,0.00753,0
2023-05-07 15:29:58,1683487799,27.8,12.9,96400,2.00,4.00,6.00,8.00,0.0223,0
2023-05-07 15:31:33,1683487893,27.9,12.8,96400,1.00,2.00,4.00,4.00,0.0125,0
2023-05-07 15:39:56,1683488397,28.4,12.6,96400,1e-7,2.00,3.00,3.00,0.0147,0
2023-05-07 15:44:49,1683488689,28.5,12.5,96400,1.00,2.00,4.00,4.00,0.0160,0
2023-05-07 15:48:35,1683488916,28.5,12.1,96400,1.00,2.00,3.00,4.00,0.0129,0
2023-05-07 15:59:44,1683489584,27.8,12.7,96400,1.00,3.00,6.00,7.00,0.0128,0
2023-05-07 16:04:46,1683489886,27.8,12.7,96400,1.00,8.00,14.0,17.0,0.0164,0
2023-05-07 16:07:39,1683490059,27.6,12.8,96400,1.00,4.00,7.00,8.00,0.0162,0
2023-05-07 16:14:41,1683490481,27.3,13.2,96400,1.00,1.00,1.00,2.00,0.0156,0
2023-05-07 16:19:48,1683490789,27.5,13.5,96400,1.00,3.00,4.00,4.00,0.0162,0
2023-05-07 16:24:50,1683491090,27.9,12.3,96400,3.00,5.00,7.00,9.00,0.0130,0
2023-05-07 16:29:53,1683491394,27.7,12.3,96400,1e-7,1e-7,1e-7,1e-7,0.0108,0
2023-05-07 16:34:58,1683491698,27.5,12.7,96369,1.00,3.00,6.00,7.00,0.0138,0
2023-05-07 16:39:41,1683491982,27.0,13.0,96333,2.00,3.00,6.00,7.00,0.0128,0
2023-05-07 16:40:19,1683492020,26.8,13.2,96300,1.00,1.00,1.00,1.00,0.0100,0
2023-05-07 16:49:55,1683492595,26.8,13.5,96300,1e-7,2.00,3.00,4.00,0.0114,0
2023-05-07 16:54:57,1683492898,26.6,13.4,96300,2.00,4.00,6.00,7.00,0.0151,0
2023-05-07 16:57:48,1683493068,26.6,13.5,96300,1.00,3.00,6.00,7.00,0.0151,0
2023-05-07 17:04:58,1683493499,26.9,13.5,96300,1.00,2.00,3.00,4.00,0.0162,0
2023-05-07 17:09:42,1683493782,27.0,13.4,96300,2.00,4.00,6.00,7.00,0.0179,0
2023-05-07 17:14:44,1683494085,27.1,13.0,96300,1.00,2.00,4.00,5.00,0.0179,0
2023-05-07 17:16:18,1683494179,27.0,13.1,96300,1e-7,1e-7,1.00,1.00,0.0110,0
2023-05-07 17:24:44,1683494685,26.7,13.0,96300,1.00,1.00,1.00,1.00,0.0140,0
2023-05-07 17:29:52,1683494993,26.5,13.1,96300,1.00,2.00,3.00,4.00,0.0140,0
2023-05-07 17:34:58,1683495299,25.9,13.1,96300,1.00,1.00,3.00,3.00,0.0123,0
2023-05-07 17:39:52,1683495592,25.4,13.5,96300,2.00,5.00,8.00,9.00,0.0141,0
2023-05-07 17:44:56,1683495897,25.3,13.4,96300,2.00,6.00,9.00,11.0,0.0216,0
2023-05-07 17:49:41,1683496181,25.3,13.5,96300,1.00,3.00,5.00,6.00,0.0184,0
2023-05-07 17:54:45,1683496485,25.2,13.9,96300,1.00,3.00,6.00,7.00,0.0151,0
2023-05-07 17:59:56,1683496797,25.2,14.1,96300,1.00,2.00,3.00,4.00,0.0144,0
2023-05-07 18:04:49,1683497089,25.2,14.1,96300,2.00,3.00,6.00,7.00,0.0118,0
2023-05-07 18:09:53,1683497393,25.2,13.9,96300,1.00,2.00,4.00,5.00,0.0123,0
2023-05-07 18:14:47,1683497687,25.2,14.0,96300,4.00,4.00,5.00,6.00,0.0125,0
2023-05-07 18:19:51,1683497991,25.1,13.7,96300,1.00,3.00,4.00,5.00,0.0144,0
2023-05-07 18:24:55,1683498295,24.8,13.9,96300,1.00,3.00,6.00,7.00,0.0102,0
2023-05-07 18:29:41,1683498581,24.4,14.1,96300,2.00,4.00,6.00,7.00,0.0131,0
2023-05-07 18:34:46,1683498886,24.0,14.4,96300,2.00,3.00,6.00,7.00,0.0107,0
2023-05-07 18:39:50,1683499191,23.7,14.7,96300,1e-7,4.00,7.00,8.00,0.0160,0
2023-05-07 18:44:37,1683499477,23.4,15.0,96300,1.00,3.00,4.00,4.00,0.0128,0
2023-05-07 18:49:50,1683499791,23.1,15.0,96300,1.00,4.00,6.00,7.00,0.0196,0
2023-05-07 18:54:56,1683500096,22.7,15.3,96300,2.00,2.00,3.00,3.00,0.0115,0
2023-05-07 18:59:43,1683500383,22.4,15.6,96300,1.00,3.00,5.00,7.00,0.0115,0
2023-05-07 19:04:49,1683500689,22.0,15.9,96300,1.00,4.00,6.00,7.00,0.0124,0
2023-05-07 19:09:56,1683500996,21.6,16.0,96300,1.00,6.00,10.0,12.0,0.0145,0
2023-05-07 19:14:43,1683501284,21.3,16.3,96300,2.00,3.00,4.00,4.00,0.0145,0
2023-05-07 19:19:51,1683501591,21.0,16.8,96300,1.00,5.00,8.00,10.0,0.0123,0
2023-05-07 19:24:58,1683501899,20.6,17.0,96300,2.00,3.00,6.00,7.00,0.0111,0
2023-05-07 19:29:47,1683502187,20.3,17.3,96300,1.00,4.00,7.00,9.00,0.0133,0
2023-05-07 19:34:21,1683502462,20.0,17.7,96300,1.00,2.00,4.00,4.00,0.0165,0
2023-05-07 19:39:49,1683502789,19.7,17.7,96300,1.00,2.00,4.00,4.00,0.0228,0
2023-05-07 19:42:23,1683502944,19.5,18.0,96300,1.00,2.00,4.00,4.00,0.0104,0
2023-05-07 19:59:51,1683503991,18.7,18.6,96300,2.00,3.00,5.00,6.00,0.0123,0
2023-05-07 20:04:59,1683504299,18.4,19.0,96300,1.00,5.00,9.00,11.0,0.0120,0
2023-05-07 20:09:49,1683504590,18.1,19.3,96300,1.00,2.00,4.00,5.00,0.0138,0
2023-05-07 20:14:59,1683504900,17.8,19.6,96300,1.00,4.00,7.00,9.00,0.0135,0
2023-05-07 20:19:49,1683505189,17.5,19.7,96300,1.00,2.00,3.00,4.00,0.0207,0
2023-05-07 20:24:59,1683505500,17.3,19.9,96300,1.00,4.00,6.00,7.00,0.0100,0
2023-05-07 20:29:46,1683505787,17.1,19.9,96300,1.00,2.00,3.00,4.00,0.0133,0
2023-05-07 20:34:57,1683506098,16.9,20.2,96300,1.00,5.00,8.00,10.0,0.0173,0
2023-05-07 20:39:49,1683506390,16.8,20.2,96300,1.00,2.00,4.00,5.00,0.0119,0
2023-05-07 20:44:41,1683506681,16.6,20.4,96300,1.00,3.00,6.00,7.00,0.0161,0
2023-05-07 20:49:57,1683506998,16.5,20.4,96300,1.00,4.00,7.00,8.00,0.0131,0
2023-05-07 20:54:49,1683507289,16.4,20.6,96300,1.00,12.0,20.0,24.0,0.00959,0
2023-05-07 20:59:41,1683507581,16.4,20.8,96300,2.00,3.00,6.00,7.00,0.0356,0
2023-05-07 21:04:52,1683507892,16.3,20.9,96300,2.00,6.00,11.0,13.0,0.0370,0
2023-05-07 21:09:43,1683508184,16.1,20.8,96300,1e-7,1.00,1.00,1.00,0.0142,0
2023-05-07 21:14:07,1683508448,15.9,21.1,96300,1.00,4.00,7.00,9.00,0.0292,0
2023-05-07 21:17:57,1683508678,15.8,21.3,96300,1e-7,2.00,4.00,5.00,0.0292,0
2023-05-07 21:24:58,1683509098,15.5,21.5,96300,1.00,2.00,3.00,4.00,0.0150,0
2023-05-07 21:29:49,1683509390,15.4,21.8,96300,1.00,3.00,6.00,7.00,0.00990,0
2023-05-07 21:34:41,1683509681,15.3,21.9,96300,1.00,3.00,4.00,5.00,0.0155,0
2023-05-07 21:39:51,1683509991,15.2,22.0,96300,1.00,2.00,3.00,3.00,0.0142,0
2023-05-07 21:44:43,1683510284,15.0,22.3,96300,3.00,9.00,16.0,19.0,0.0146,0
2023-05-07 21:49:42,1683510583,14.9,22.7,96300,2.00,6.00,9.00,11.0,0.0382,0
2023-05-07 21:54:42,1683510882,14.7,22.7,96300,2.00,4.00,7.00,9.00,0.0379,0
2023-05-07 21:59:54,1683511195,14.6,23.0,96300,2.00,4.00,7.00,8.00,0.0283,0
2023-05-07 22:04:08,1683511448,14.5,23.1,96300,1.00,4.00,6.00,7.00,0.0130,0
2023-05-07 22:09:59,1683511800,14.3,23.1,96300,1.00,2.00,4.00,5.00,0.0233,0
2023-05-07 22:14:51,1683512091,14.2,23.4,96300,1.00,2.00,4.00,5.00,0.0169,0
2023-05-07 22:19:44,1683512384,14.1,23.7,96300,1e-7,1.00,3.00,3.00,0.00995,0
2023-05-07 22:24:55,1683512696,14.0,23.8,96300,1.00,3.00,5.00,6.00,0.0109,0
2023-05-07 22:29:49,1683512990,13.9,24.0,96300,1.00,5.00,8.00,10.0,0.0228,0
2023-05-07 22:34:42,1683513282,13.8,24.3,96300,1e-7,3.00,6.00,7.00,0.0260,0
2023-05-07 22:39:42,1683513582,13.7,24.3,96300,3.00,7.00,11.0,13.0,0.0139,0
2023-05-07 22:44:36,1683513876,13.7,24.4,96300,1.00,2.00,3.00,4.00,0.0139,0
2023-05-07 22:49:59,1683514199,13.6,24.5,96300,1.00,2.00,3.00,4.00,0.0236,0
2023-05-07 22:54:52,1683514493,13.6,24.8,96300,1.00,2.00,4.00,5.00,0.0155,0
2023-05-07 22:59:46,1683514787,13.6,24.9,96300,2.00,6.00,10.0,12.0,0.0275,0
2023-05-07 23:04:40,1683515080,13.5,24.9,96300,1.00,4.00,7.00,9.00,0.0234,0
2023-05-07 23:09:53,1683515394,13.5,24.9,96300,1.00,4.00,7.00,9.00,0.0128,0
2023-05-07 23:14:47,1683515688,13.6,25.5,96300,2.00,3.00,6.00,7.00,0.0131,0
2023-05-07 23:19:48,1683515988,13.6,25.4,96300,1.00,5.00,8.00,10.0,0.0112,0
2023-05-07 23:24:43,1683516284,13.5,25.2,96300,2.00,3.00,6.00,7.00,0.0134,0
2023-05-07 23:29:56,1683516596,13.3,25.0,96300,1.00,2.00,2.00,2.00,0.0120,0
2023-05-07 23:34:46,1683516886,13.2,25.2,96300,1.00,4.00,6.00,7.00,0.0127,0
2023-05-07 23:39:27,1683517168,13.1,25.4,96300,1.00,3.00,6.00,7.00,0.0156,0
2023-05-07 23:44:59,1683517500,13.0,25.7,96300,2.00,7.00,10.0,12.0,0.0168,0
2023-05-07 23:49:41,1683517782,12.9,25.6,96300,2.00,3.00,4.00,5.00,0.0122,0
2023-05-07 23:54:54,1683518095,12.8,25.7,96300,1.00,4.00,7.00,9.00,0.0156,0
2023-05-07 23:59:48,1683518389,12.8,25.7,96300,1.00,3.00,4.00,4.00,0.0138,0
2023-05-08 00:04:23,1683518664,12.8,25.9,96300,1.00,2.00,4.00,5.00,0.0106,0
2023-05-08 00:09:55,1683518996,12.9,25.8,96300,2.00,4.00,6.00,8.00,0.0177,0
2023-05-08 00:14:57,1683519297,12.8,25.7,96300,2.00,8.00,14.0,17.0,0.0177,0
2023-05-08 00:19:19,1683519559,12.8,25.8,96300,1.00,4.00,6.00,7.00,0.0177,0
2023-05-08 00:24:51,1683519892,12.7,26.0,96300,1.00,2.00,4.00,4.00,0.0480,0
2023-05-08 00:29:44,1683520185,12.6,25.8,96300,2.00,5.00,8.00,9.00,0.0480,0
2023-05-08 00:34:58,1683520499,12.4,25.9,96300,2.00,3.00,5.00,6.00,0.0150,0
2023-05-08 00:39:53,1683520794,12.3,26.1,96300,1.00,4.00,6.00,7.00,0.0112,0
2023-05-08 00:44:55,1683521095,12.1,26.3,96300,2.00,2.00,4.00,4.00,0.0162,0
2023-05-08 00:49:50,1683521390,12.0,26.6,96300,2.00,4.00,6.00,7.00,0.0114,0
2023-05-08 00:54:45,1683521685,11.8,26.6,96300,2.00,4.00,6.00,8.00,0.0135,0
2023-05-08 00:59:59,1683522000,11.7,26.7,96300,1.00,4.00,7.00,8.00,0.0120,0
2023-05-08 01:04:55,1683522295,11.6,26.9,96300,1.00,4.00,7.00,9.00,0.0134,0
2023-05-08 01:09:58,1683522598,11.4,26.9,96300,2.00,4.00,7.00,9.00,0.0118,0
2023-05-08 01:14:34,1683522874,11.3,26.8,96300,1.00,1.00,2.00,3.00,0.0131,0
2023-05-08 01:19:57,1683523197,11.2,26.9,96300,1.00,2.00,4.00,4.00,0.0106,0
2023-05-08 01:24:13,1683523453,11.2,26.9,96300,1.00,2.00,3.00,3.00,0.0103,0
2023-05-08 01:29:46,1683523786,11.0,27.0,96300,2.00,3.00,6.00,7.00,0.00995,0
2023-05-08 01:34:48,1683524088,10.9,27.2,96300,2.00,4.00,7.00,8.00,0.0177,0
2023-05-08 01:39:44,1683524384,10.8,27.1,96300,1.00,2.00,3.00,4.00,0.0177,0
2023-05-08 01:44:57,1683524697,10.7,27.2,96300,2.00,3.00,4.00,4.00,0.0152,0
2023-05-08 01:49:51,1683524991,10.5,27.4,96300,1.00,5.00,9.00,10.0,0.0144,0
2023-05-08 01:54:47,1683525287,10.4,27.4,96300,4.00,6.00,9.00,10.0,0.0250,0
2023-05-08 01:59:43,1683525583,10.3,27.4,96300,2.00,5.00,8.00,10.0,0.0284,0
2023-05-08 02:04:58,1683525898,10.3,27.5,96300,2.00,2.00,3.00,4.00,0.0150,0
2023-05-08 02:09:52,1683526193,10.2,27.6,96300,1.00,8.00,15.0,18.0,0.0123,0
2023-05-08 02:14:49,1683526489,10.0,27.5,96300,1.00,5.00,9.00,10.0,0.0244,0
2023-05-08 02:19:52,1683526792,9.95,27.6,96300,1.00,1.00,3.00,3.00,0.0165,0
2023-05-08 02:24:55,1683527095,9.87,27.7,96300,1.00,4.00,6.00,7.00,0.0516,0
2023-05-08 02:29:51,1683527392,9.78,27.7,96300,2.00,3.00,6.00,7.00,0.0341,0
2023-05-08 02:31:30,1683527491,9.72,27.7,96300,2.00,2.00,3.00,4.00,0.0237,0
2023-05-08 02:44:56,1683528297,9.48,27.6,96300,2.00,7.00,12.0,14.0,0.0132,0
2023-05-08 02:49:51,1683528592,9.43,27.7,96300,1.00,3.00,5.00,6.00,0.0174,0
2023-05-08 02:54:46,1683528887,9.33,27.8,96300,1.00,2.00,3.00,4.00,0.0202,0
2023-05-08 02:59:43,1683529183,9.24,27.8,96300,1.00,4.00,6.00,7.00,0.0275,0
2023-05-08 03:04:48,1683529488,9.15,27.9,96300,2.00,7.00,11.0,14.0,0.0275,0
2023-05-08 03:09:47,1683529787,9.08,27.9,96300,1.00,2.00,3.00,4.00,0.0388,0
2023-05-08 03:14:44,1683530084,9.00,27.9,96300,1.00,5.00,8.00,10.0,0.0225,0
2023-05-08 03:19:41,1683530381,8.92,28.0,96300,1.00,4.00,6.00,7.00,0.0115,0
2023-05-08 03:21:20,1683530480,8.88,28.0,96300,1e-7,1.00,3.00,3.00,0.00956,0
2023-05-08 03:34:46,1683531287,8.73,28.1,96300,1.00,2.00,3.00,4.00,0.0105,0
2023-05-08 03:39:42,1683531582,8.66,28.2,96300,1.00,4.00,7.00,9.00,0.0135,0
2023-05-08 03:44:46,1683531887,8.55,28.3,96300,2.00,3.00,6.00,7.00,0.0105,0
2023-05-08 03:49:44,1683532184,8.45,28.3,96300,2.00,2.00,3.00,3.00,0.0249,0
2023-05-08 03:54:50,1683532490,8.31,28.3,96300,1.00,2.00,4.00,5.00,0.0307,0
2023-05-08 03:59:54,1683532795,8.21,28.4,96300,2.00,3.00,4.00,4.00,0.0233,0
2023-05-08 04:04:50,1683533090,8.12,28.5,96300,1e-7,2.00,4.00,4.00,0.00992,0
2023-05-08 04:09:48,1683533388,8.03,28.6,96300,1.00,5.00,8.00,10.0,0.0101,0
2023-05-08 04:14:45,1683533686,7.95,28.7,96300,2.00,4.00,6.00,8.00,0.0158,0
2023-05-08 04:19:41,1683533982,7.88,28.8,96300,1.00,3.00,5.00,6.00,0.0162,0
2023-05-08 04:24:59,1683534300,7.83,28.9,96300,1.00,3.00,4.00,5.00,0.00991,0
2023-05-08 04:29:55,1683534596,7.81,29.1,96300,1.00,3.00,5.00,6.00,0.0113,0
2023-05-08 04:34:51,1683534892,7.77,29.1,96300,3.00,5.00,7.00,8.00,0.0296,0
2023-05-08 04:39:55,1683535195,7.76,29.1,96300,3.00,4.00,6.00,7.00,0.0322,0
2023-05-08 04:44:52,1683535492,7.73,29.1,96300,1.00,3.00,6.00,7.00,0.0266,0
2023-05-08 04:49:48,1683535788,7.70,29.1,96300,1.00,5.00,8.00,10.0,0.0266,0
2023-05-08 04:54:46,1683536086,7.62,29.1,96300,1.00,3.00,5.00,6.00,0.0251,0
2023-05-08 04:59:50,1683536390,7.52,29.4,96300,1.00,4.00,7.00,8.00,0.0264,0
2023-05-08 05:04:48,1683536689,7.42,29.4,96300,1.00,6.00,9.00,11.0,0.0218,0
2023-05-08 05:09:45,1683536986,7.31,29.4,96300,2.00,2.00,3.00,4.00,0.0130,0
2023-05-08 05:14:50,1683537290,7.20,29.6,96300,1.00,3.00,5.00,7.00,0.0147,0
2023-05-08 05:19:55,1683537596,7.06,29.9,96300,1.00,2.00,4.00,5.00,0.0121,0
2023-05-08 05:24:54,1683537894,6.92,30.2,96300,2.00,2.00,4.00,5.00,0.0132,0
2023-05-08 05:29:40,1683538180,6.80,30.5,96300,1.00,3.00,4.00,5.00,0.0132,0
2023-05-08 05:31:59,1683538320,6.70,30.6,96300,2.00,2.00,4.00,4.00,0.0100,0
2023-05-08 09:24:57,1683552298,20.3,15.4,96600,1e-7,2.00,4.00,5.00,,
2023-05-08 09:29:44,1683552584,20.6,14.5,96569,1e-7,4.00,7.00,9.00,,
2023-05-08 09:44:43,1683553484,19.9,14.6,96600,1e-7,2.00,4.00,4.00,,
2023-05-08 09:45:22,1683553522,20.0,14.9,96600,1e-7,1e-7,1e-7,1e-7,,
2023-05-08 10:04:37,1683554677,21.8,12.2,96600,1.00,4.00,7.00,9.00,,
2023-05-08 10:14:49,1683555290,21.7,12.5,96600,1.00,4.00,7.00,8.00,0.0189,0
2023-05-08 10:19:53,1683555594,22.3,12.2,96600,1e-7,2.00,3.00,3.00,0.0139,0
2023-05-08 10:22:25,1683555746,22.7,11.9,96600,1.00,1.00,2.00,2.00,0.0280,0
2023-05-08 10:34:58,1683556499,23.0,11.7,96600,1.00,2.00,4.00,5.00,0.0280,0
2023-05-08 10:39:44,1683556784,22.3,11.8,96600,1.00,2.00,4.00,4.00,0.0103,0
2023-05-08 10:49:59,1683557400,22.5,12.6,96523,1.00,2.00,4.00,5.00,0.0102,0
2023-05-08 10:54:52,1683557693,23.4,11.8,96593,1.00,4.00,8.00,9.00,0.0168,0
2023-05-08 10:57:24,1683557844,23.5,10.9,96600,1e-7,4.00,8.00,9.00,0.0241,0
2023-05-08 11:09:58,1683558599,23.8,10.7,96500,1.00,4.00,7.00,9.00,0.0272,0
2023-05-08 11:14:42,1683558883,24.0,10.6,96513,1.00,1.00,2.00,2.00,0.0217,0
2023-05-08 11:24:55,1683559495,23.0,11.1,96500,1.00,4.00,7.00,9.00,0.0148,0
2023-05-08 11:29:41,1683559781,22.8,11.4,96500,1.00,2.00,3.00,4.00,0.0180,0
2023-05-08 11:31:53,1683559914,23.1,11.2,96500,1e-7,2.00,3.00,4.00,0.0180,0
2023-05-08 11:39:51,1683560392,23.5,10.3,96500,1e-7,1.00,3.00,3.00,0.0172,0
2023-05-08 11:44:41,1683560682,23.7,10.8,96500,2.00,2.00,3.00,3.00,0.0183,0
2023-05-08 11:45:00,1683560701,23.9,10.9,96500,1e-7,1e-7,1.00,1.00,0.00995,0
2023-05-08 11:59:59,1683561600,23.5,10.8,96500,1.00,2.00,4.00,4.00,0.00995,0
2023-05-08 12:04:49,1683561889,22.9,11.2,96500,1.00,2.00,3.00,4.00,0.00995,0
2023-05-08 12:06:04,1683561965,23.0,11.1,96500,1.00,1.00,3.00,3.00,0.00995,0
2023-05-08 12:14:48,1683562488,24.4,11.1,96500,1e-7,2.00,3.00,4.00,0.00995,0
2023-05-08 12:19:52,1683562792,24.8,10.2,96519,1.00,4.00,7.00,9.00,0.00995,0
2023-05-08 12:22:05,1683562925,24.6,10.5,96543,1.00,1.00,1.00,1.00,0.00995,0
2023-05-08 12:29:43,1683563384,24.5,10.00,96600,1e-7,2.00,4.00,4.00,0.00806,0
2023-05-08 12:34:48,1683563688,24.2,10.1,96500,2.00,3.00,6.00,7.00,0.0240,0
2023-05-08 12:39:52,1683563993,23.1,10.6,96519,1e-7,2.00,4.00,4.00,0.0129,0
2023-05-08 12:40:30,1683564030,22.2,11.2,96600,1e-7,1e-7,1e-7,1e-7,0.0114,0
2023-05-08 12:49:49,1683564590,22.2,11.8,96518,1.00,2.00,3.00,4.00,0.0148,0
2023-05-08 12:54:54,1683564894,22.6,11.5,96500,1.00,2.00,3.00,4.00,0.0117,0
2023-05-08 12:55:51,1683564952,22.9,11.4,96500,1.00,1.00,3.00,3.00,0.00995,0
2023-05-08 13:09:48,1683565788,23.8,10.9,96575,1.00,2.00,4.00,4.00,0.00995,0
2023-05-08 13:13:17,1683565998,23.5,10.7,96500,2.00,11.0,18.0,22.0,0.0289,0
2023-05-08 13:24:47,1683566688,22.4,11.7,96500,1.00,3.00,6.00,7.00,0.0300,0
2023-05-08 13:29:52,1683566993,23.1,11.4,96500,1.00,4.00,7.00,8.00,0.0207,0
2023-05-08 13:30:30,1683567031,23.4,11.3,96500,1e-7,1e-7,1e-7,1e-7,0.00531,0
2023-05-08 13:44:45,1683567885,22.8,11.1,96500,1.00,2.00,4.00,4.00,0.0118,0
2023-05-08 13:48:14,1683568095,22.5,11.0,96556,1e-7,2.00,4.00,4.00,0.0165,0
2023-05-08 13:54:54,1683568495,21.5,11.3,96550,1e-7,1.00,3.00,3.00,0.0165,0
2023-05-08 13:59:41,1683568782,21.0,11.7,96573,1.00,2.00,4.00,4.00,0.0165,0
2023-05-08 14:04:55,1683569095,20.6,12.2,96600,2.00,3.00,4.00,5.00,0.0103,0
2023-05-08 14:06:30,1683569191,20.7,12.3,96600,3.00,3.00,3.00,3.00,0.0101,0
2023-05-08 14:14:44,1683569685,20.7,12.5,96600,1e-7,1e-7,1e-7,1e-7,0.0100,0
2023-05-08 14:19:53,1683569994,21.1,12.3,96600,1.00,3.00,6.00,7.00,0.0108,0
2023-05-08 14:24:02,1683570242,21.1,11.7,96600,1.00,3.00,6.00,7.00,0.0164,0
2023-05-08 14:34:48,1683570889,20.4,12.5,96600,1.00,2.00,3.00,4.00,0.0150,0
2023-05-08 14:38:46,1683571127,20.5,12.3,96600,1e-7,1.00,1.00,1.00,0.0172,0
2023-05-08 14:54:42,1683572082,19.8,12.4,96600,1.00,2.00,4.00,4.00,0.0145,0
2023-05-08 14:55:59,1683572159,19.6,12.5,96600,1.00,1.00,2.00,2.00,0.00989,0
2023-05-08 15:09:44,1683572985,20.2,12.5,96550,1.00,2.00,2.00,2.00,0.00982,0
2023-05-08 15:14:52,1683573292,20.1,12.4,96588,1.00,4.00,7.00,9.00,0.0193,0
2023-05-08 15:15:48,1683573349,20.0,12.4,96600,1e-7,2.00,3.00,4.00,0.0137,0
2023-05-08 15:24:58,1683573898,20.4,12.6,96550,1e-7,2.00,4.00,4.00,0.0121,0
2023-05-08 15:29:45,1683574186,20.6,12.4,96507,1.00,4.00,6.00,7.00,0.0160,0
2023-05-08 15:32:38,1683574358,20.8,11.9,96500,1.00,2.00,3.00,3.00,0.0119,0
2023-05-08 15:39:43,1683574783,20.1,11.8,96500,1.00,2.00,4.00,5.00,0.0123,0
2023-05-08 15:44:50,1683575090,19.8,12.1,96500,2.00,4.00,5.00,6.00,0.0105,0
2023-05-08 15:49:39,1683575379,19.4,12.4,96560,2.00,2.00,3.00,4.00,0.0121,0
2023-05-08 15:59:59,1683575999,18.4,12.8,96538,2.00,3.00,6.00,7.00,0.0137,0
2023-05-08 16:04:55,1683576296,18.1,13.0,96573,3.00,3.00,4.00,4.00,0.0128,0
2023-05-08 16:06:12,1683576373,18.0,13.1,96550,1e-7,3.00,6.00,7.00,0.0135,0
2023-05-08 16:14:55,1683576895,18.0,13.0,96500,1e-7,2.00,3.00,3.00,0.0133,0
2023-05-08 16:19:06,1683577146,17.9,13.1,96500,1.00,3.00,6.00,7.00,0.00995,0
2023-05-08 16:24:59,1683577500,18.0,13.3,96500,1.00,3.00,6.00,7.00,0.0145,0
2023-05-08 16:34:02,1683578043,19.1,12.6,96500,1e-7,3.00,6.00,7.00,0.0116,0
2023-05-08 16:39:49,1683578390,19.2,12.0,96500,1.00,5.00,8.00,10.0,0.0117,0
2023-05-08 16:42:23,1683578543,19.1,12.1,96500,1.00,6.00,11.0,13.0,0.0100,0
2023-05-08 16:49:48,1683578989,19.4,11.8,96500,1.00,4.00,7.00,9.00,0.0199,0
2023-05-08 16:54:56,1683579297,19.4,12.0,96500,2.00,5.00,8.00,10.0,0.0308,0
2023-05-08 16:57:30,1683579451,19.3,12.4,96500,1.00,2.00,3.00,4.00,0.0426,0
2023-05-08 17:14:44,1683580484,21.1,12.4,96500,1.00,5.00,8.00,9.00,0.0426,0
2023-05-08 17:15:03,1683580504,21.3,12.2,96500,1e-7,2.00,4.00,4.00,0.00955,0
2023-05-08 17:24:44,1683581085,20.7,11.9,96500,1.00,6.00,11.0,14.0,0.0138,0
2023-05-08 17:29:52,1683581392,20.3,11.8,96506,2.00,3.00,4.00,5.00,0.0173,0
2023-05-08 17:34:08,1683581649,20.2,11.8,96554,2.00,3.00,6.00,7.00,0.0341,0
2023-05-08 17:39:58,1683581998,20.4,12.3,96500,1e-7,1e-7,1.00,1.00,0.0239,0
2023-05-08 17:44:52,1683582293,20.6,12.1,96580,1.00,3.00,5.00,6.00,0.0239,0
2023-05-08 17:49:59,1683582599,20.6,12.2,96600,1.00,4.00,6.00,7.00,0.0192,0
2023-05-08 17:59:54,1683583194,20.7,12.0,96600,1.00,3.00,4.00,4.00,0.0125,0
2023-05-08 18:04:48,1683583488,20.2,11.8,96600,1.00,4.00,7.00,9.00,0.0123,0
2023-05-08 18:09:56,1683583797,19.3,11.9,96600,1.00,2.00,4.00,4.00,0.0103,0
2023-05-08 18:14:45,1683584086,18.4,12.3,96600,2.00,3.00,6.00,7.00,0.0117,0
2023-05-08 18:19:54,1683584395,17.9,12.5,96600,1e-7,2.00,3.00,4.00,0.0110,0
2023-05-08 18:24:45,1683584685,17.7,12.5,96600,1.00,2.00,4.00,4.00,0.0175,0
2023-05-08 18:29:54,1683584994,17.4,12.7,96600,1.00,4.00,7.00,8.00,0.0136,0
2023-05-08 18:34:43,1683585284,17.3,12.8,96600,1e-7,3.00,6.00,7.00,0.0292,0
2023-05-08 18:39:53,1683585594,17.0,12.9,96600,2.00,2.00,3.00,4.00,0.0235,0
2023-05-08 18:44:51,1683585891,16.7,13.1,96600,1.00,3.00,6.00,7.00,0.0197,0
2023-05-08 18:49:42,1683586182,16.3,13.2,96600,1.00,8.00,14.0,17.0,0.0304,0
2023-05-08 18:54:53,1683586493,15.8,13.4,96600,1.00,4.00,6.00,7.00,0.0188,0
2023-05-08 18:59:51,1683586791,15.4,13.5,96660,1.00,4.00,7.00,9.00,0.0215,0
2023-05-08 19:04:50,1683587091,15.0,13.8,96694,2.00,5.00,7.00,9.00,0.0197,0
2023-05-08 19:09:22,1683587363,14.8,14.0,96700,1e-7,4.00,7.00,9.00,0.0257,0
2023-05-08 19:14:53,1683587693,14.4,14.3,96700,1.00,2.00,3.00,4.00,0.0354,0
2023-05-08 19:19:45,1683587986,14.1,14.6,96700,1.00,2.00,4.00,5.00,0.0340,0
2023-05-08 19:24:43,1683588284,13.8,14.9,96700,1.00,4.00,8.00,9.00,0.00834,0
2023-05-08 19:29:55,1683588595,13.4,15.0,96700,1.00,5.00,9.00,10.0,0.0167,0
2023-05-08 19:34:49,1683588889,13.1,15.2,96700,1.00,2.00,4.00,5.00,0.0125,0
2023-05-08 19:39:43,1683589183,12.7,15.4,96700,2.00,5.00,8.00,9.00,0.0134,0
2023-05-08 19:44:56,1683589497,12.4,15.8,96700,1.00,2.00,4.00,4.00,0.0114,0
2023-05-08 19:49:50,1683589790,12.1,16.0,96700,3.00,4.00,5.00,5.00,0.0173,0
2023-05-08 19:54:53,1683590094,11.8,16.2,96700,2.00,4.00,7.00,9.00,0.0340,0
2023-05-08 19:59:53,1683590393,11.5,16.4,96700,1.00,3.00,4.00,5.00,0.0313,0
2023-05-08 20:04:48,1683590688,11.2,16.6,96700,2.00,6.00,11.0,14.0,0.0165,0
2023-05-08 20:09:43,1683590983,11.0,16.5,96700,1.00,2.00,4.00,4.00,0.0110,0
2023-05-08 20:14:58,1683591299,10.8,16.6,96700,1.00,5.00,8.00,10.0,0.0226,0
2023-05-08 20:19:54,1683591594,10.6,16.6,96733,1e-7,4.00,7.00,8.00,0.0219,0
2023-05-08 20:24:52,1683591893,10.4,16.8,96800,3.00,4.00,5.00,6.00,0.0216,0
2023-05-08 20:29:46,1683592187,10.1,16.9,96800,2.00,2.00,3.00,4.00,0.0237,0
2023-05-08 20:34:42,1683592483,9.96,17.3,96800,1.00,2.00,4.00,4.00,0.0170,0
2023-05-08 20:39:57,1683592797,9.75,17.3,96800,1.00,3.00,6.00,7.00,0.0119,0
2023-05-08 20:44:40,1683593081,9.55,17.7,96800,3.00,4.00,5.00,6.00,0.0123,0
2023-05-08 20:49:59,1683593400,9.42,17.7,96800,1.00,2.00,3.00,4.00,0.00995,0
2023-05-08 20:54:16,1683593657,9.36,18.1,96800,1.00,4.00,8.00,9.00,0.0140,0
2023-05-08 20:59:51,1683593991,9.28,18.1,96800,1.00,9.00,15.0,18.0,0.0232,0
2023-05-08 21:04:49,1683594290,9.16,18.2,96800,1e-7,2.00,4.00,4.00,0.0337,0
2023-05-08 21:09:46,1683594586,9.07,18.4,96800,1.00,4.00,7.00,8.00,0.0337,0
2023-05-08 21:14:43,1683594883,8.95,18.6,96800,1.00,2.00,4.00,5.00,0.0245,0
2023-05-08 21:19:40,1683595181,8.83,18.8,96800,1.00,3.00,5.00,6.00,0.0150,0
2023-05-08 21:24:44,1683595484,8.69,18.9,96800,1.00,3.00,6.00,7.00,0.0107,0
2023-05-08 21:29:47,1683595788,8.54,19.1,96800,1.00,2.00,4.00,4.00,0.0107,0
2023-05-08 21:34:43,1683596083,8.40,19.3,96800,2.00,6.00,10.0,11.0,0.0164,0
2023-05-08 21:39:40,1683596381,8.28,19.5,96853,1.00,2.00,4.00,4.00,0.0135,0
2023-05-08 21:44:56,1683596696,8.15,19.6,96900,2.00,3.00,6.00,7.00,0.0185,0
2023-05-08 21:49:52,1683596993,8.03,20.0,96900,1e-7,2.00,4.00,4.00,0.0139,0
2023-05-08 21:54:57,1683597297,7.96,20.1,96900,1.00,3.00,5.00,6.00,0.0127,0
2023-05-08 21:59:54,1683597595,7.89,20.3,96900,1e-7,2.00,4.00,4.00,0.0130,0
2023-05-08 22:04:52,1683597893,7.86,20.5,96900,1.00,1.00,3.00,3.00,0.0115,0
2023-05-08 22:09:49,1683598189,7.90,20.9,96900,1.00,2.00,4.00,4.00,0.0115,0
2023-05-08 22:14:50,1683598491,7.94,21.1,96900,1.00,2.00,3.00,4.00,0.00995,0
2023-05-08 22:29:18,1683599358,7.74,21.7,96900,1e-7,2.00,4.00,4.00,0.00995,0
2023-05-08 22:34:53,1683599694,7.78,22.1,96900,1.00,4.00,8.00,9.00,0.0175,0
2023-05-08 22:39:51,1683599992,7.87,22.2,96900,1.00,2.00,3.00,4.00,0.0162,0
2023-05-08 22:44:49,1683600290,7.89,22.1,96900,1e-7,2.00,4.00,4.00,0.0183,0
2023-05-08 22:49:45,1683600586,7.80,22.2,96900,1.00,5.00,9.00,10.0,0.0172,0
2023-05-08 22:54:43,1683600884,7.69,22.4,96900,1.00,3.00,6.00,7.00,0.0172,0
2023-05-08 22:59:58,1683601199,7.54,22.2,96900,1.00,3.00,6.00,7.00,0.0149,0
2023-05-08 23:04:56,1683601497,7.39,22.5,96900,1e-7,2.00,4.00,4.00,0.0135,0
2023-05-08 23:09:55,1683601795,7.26,22.7,96900,1.00,5.00,7.00,9.00,0.0167,0
2023-05-08 23:14:41,1683602081,7.18,22.8,96900,1.00,4.00,7.00,9.00,0.0272,0
2023-05-08 23:19:59,1683602400,7.10,22.9,96900,1e-7,2.00,4.00,4.00,0.0272,0
2023-05-08 23:24:54,1683602695,7.04,23.0,96900,1.00,4.00,7.00,9.00,0.0315,0
2023-05-08 23:29:40,1683602981,6.96,23.0,96900,1e-7,2.00,4.00,5.00,0.0211,0
2023-05-08 23:34:46,1683603286,6.90,23.2,96900,1.00,2.00,4.00,4.00,0.0211,0
2023-05-08 23:39:51,1683603591,6.84,23.5,96900,1.00,5.00,9.00,11.0,0.0185,0
2023-05-08 23:44:47,1683603888,6.76,23.6,96900,1.00,2.00,4.00,4.00,0.0169,0
2023-05-08 23:49:50,1683604190,6.65,23.8,96900,1e-7,2.00,3.00,4.00,0.0105,0
2023-05-08 23:54:52,1683604492,6.57,23.9,96900,1.00,2.00,4.00,5.00,0.0106,0
2023-05-08 23:59:51,1683604791,6.47,24.0,96900,1.00,7.00,12.0,14.0,0.0149,0
2023-05-09 00:04:56,1683605096,6.38,24.2,96900,1.00,3.00,4.00,5.00,0.0176,0
2023-05-09 00:09:55,1683605396,6.30,24.3,96900,1.00,4.00,6.00,7.00,0.0170,0
2023-05-09 00:14:13,1683605653,6.23,24.5,96900,1.00,3.00,6.00,7.00,0.0154,0
2023-05-09 00:19:50,1683605990,6.13,24.7,96900,1.00,2.00,3.00,4.00,0.0239,0
2023-05-09 00:24:49,1683606290,6.05,24.9,96900,1.00,4.00,6.00,7.00,0.0247,0
2023-05-09 00:29:49,1683606589,5.97,25.1,96900,1.00,2.00,4.00,5.00,0.0144,0
2023-05-09 00:34:48,1683606888,5.88,25.5,96900,1.00,3.00,5.00,6.00,0.0109,0
2023-05-09 00:39:47,1683607188,5.79,25.6,96900,1.00,4.00,7.00,9.00,0.0135,0
2023-05-09 00:44:54,1683607495,5.68,25.8,96900,1.00,3.00,5.00,6.00,0.0168,0
2023-05-09 00:49:54,1683607794,5.58,26.0,96900,1.00,2.00,4.00,5.00,0.0152,0
2023-05-09 00:54:54,1683608094,5.47,26.3,96900,1.00,5.00,8.00,10.0,0.0132,0
2023-05-09 00:59:52,1683608392,5.39,26.2,96900,1.00,2.00,4.00,4.00,0.0127,0
2023-05-09 01:04:52,1683608692,5.32,26.2,96900,1.00,4.00,7.00,9.00,0.0134,0
2023-05-09 01:06:52,1683608812,5.30,26.3,96900,1e-7,1.00,3.00,3.00,0.0122,0
2023-05-09 01:14:40,1683609280,5.28,26.4,96900,2.00,4.00,7.00,8.00,0.0155,0
2023-05-09 01:19:58,1683609598,5.28,26.5,96900,1.00,7.00,12.0,14.0,0.0185,0
2023-05-09 01:24:56,1683609896,5.23,26.6,96900,1.00,4.00,8.00,9.00,0.0185,0
2023-05-09 01:29:57,1683610197,5.20,26.8,96900,2.00,3.00,6.00,7.00,0.0187,0
2023-05-09 01:34:44,1683610484,5.13,27.3,96900,1.00,2.00,3.00,4.00,0.0274,0
2023-05-09 01:39:44,1683610784,5.02,27.5,96900,2.00,2.00,3.00,4.00,0.0286,0
2023-05-09 01:44:44,1683611084,4.89,27.8,96900,3.00,4.00,4.00,5.00,0.0117,0
2023-05-09 01:49:44,1683611384,4.77,27.7,96900,1e-7,2.00,4.00,4.00,0.0118,0
2023-05-09 01:54:47,1683611687,4.66,27.9,96900,2.00,2.00,2.00,2.00,0.0124,0
2023-05-09 01:59:47,1683611988,4.57,28.2,96900,2.00,2.00,3.00,4.00,0.0120,0
2023-05-09 02:04:49,1683612289,4.47,28.2,96900,1e-7,4.00,6.00,7.00,0.0155,0
2023-05-09 02:09:45,1683612586,4.43,28.3,96900,1e-7,2.00,4.00,5.00,0.0134,0
2023-05-09 02:14:44,1683612884,4.43,28.5,96900,1.00,2.00,3.00,4.00,0.0129,0
2023-05-09 02:19:44,1683613185,4.44,28.6,96900,1.00,2.00,4.00,5.00,0.0145,0
2023-05-09 02:24:45,1683613485,4.42,28.9,96900,1.00,3.00,6.00,7.00,0.0125,0
2023-05-09 02:29:50,1683613791,4.36,29.0,96900,2.00,3.00,6.00,7.00,0.0125,0
2023-05-09 02:34:49,1683614089,4.28,29.2,96900,1.00,4.00,7.00,9.00,0.0130,0
2023-05-09 02:39:47,1683614388,4.19,29.3,96900,1.00,2.00,4.00,4.00,0.0130,0
2023-05-09 02:44:50,1683614690,4.09,29.4,96900,2.00,3.00,5.00,6.00,0.0119,0
2023-05-09 02:49:51,1683614991,3.97,29.6,96900,2.00,4.00,7.00,9.00,0.0112,0
2023-05-09 02:54:51,1683615292,3.86,30.0,96900,2.00,2.00,4.00,4.00,0.00986,0
2023-05-09 02:59:41,1683615582,3.75,30.1,96900,1.00,3.00,4.00,4.00,0.0153,0
2023-05-09 03:04:40,1683615880,3.64,30.3,96900,1e-7,3.00,5.00,6.00,0.0120,0
2023-05-09 03:09:59,1683616199,3.55,30.4,96900,1.00,3.00,6.00,7.00,0.0156,0
2023-05-09 03:14:46,1683616486,3.48,30.8,96900,1.00,7.00,12.0,14.0,0.0156,0
2023-05-09 03:19:45,1683616785,3.39,31.0,96900,2.00,4.00,6.00,7.00,0.0140,0
2023-05-09 03:24:57,1683617098,3.32,31.1,96900,1.00,3.00,5.00,6.00,0.0199,0
2023-05-09 03:29:58,1683617399,3.27,31.2,96913,1.00,2.00,4.00,5.00,0.0204,0
2023-05-09 03:34:37,1683617678,3.26,31.5,96942,1.00,2.00,3.00,4.00,0.0207,0
2023-05-09 03:39:54,1683617995,3.26,31.3,96900,1e-7,1.00,3.00,3.00,0.00945,0
2023-05-09 03:44:22,1683618262,3.26,31.3,96986,1.00,3.00,5.00,6.00,0.0112,0
2023-05-09 03:49:59,1683618599,3.31,31.3,96985,2.00,9.00,15.0,18.0,0.0114,0
2023-05-09 03:50:39,1683618639,3.34,31.3,96950,1e-7,1.00,3.00,3.00,0.0114,0
2023-05-09 03:59:53,1683619194,3.41,31.2,97000,1e-7,2.00,4.00,5.00,0.0123,0
2023-05-09 04:04:52,1683619493,3.43,31.2,97000,3.00,4.00,7.00,9.00,0.0359,0
2023-05-09 04:09:58,1683619798,3.46,31.2,97000,1.00,2.00,4.00,4.00,0.0359,0
2023-05-09 04:14:44,1683620085,3.46,31.3,97000,1.00,8.00,13.0,16.0,0.0168,0
2023-05-09 04:19:44,1683620384,3.47,31.6,97000,1.00,2.00,4.00,5.00,0.0169,0
2023-05-09 04:24:43,1683620684,3.47,31.9,97000,2.00,3.00,4.00,5.00,0.0254,0
2023-05-09 04:29:50,1683620991,3.41,31.8,97000,1.00,3.00,6.00,7.00,0.0327,0
2023-05-09 04:34:32,1683621272,3.30,31.9,97000,2.00,4.00,7.00,8.00,0.0238,0
2023-05-09 04:39:55,1683621596,3.20,32.1,97000,1.00,4.00,7.00,9.00,0.0238,0
2023-05-09 04:44:57,1683621897,3.13,32.2,97000,3.00,5.00,7.00,9.00,0.0111,0
2023-05-09 04:49:44,1683622185,3.07,32.4,97000,1.00,7.00,11.0,13.0,0.0126,0
2023-05-09 04:54:52,1683622492,3.02,32.6,97000,1.00,2.00,4.00,5.00,0.0284,0
2023-05-09 04:59:56,1683622797,2.96,32.7,97000,1.00,3.00,4.00,5.00,0.0405,0
2023-05-09 05:04:58,1683623098,2.91,32.9,97000,1.00,4.00,7.00,9.00,0.0240,0
2023-05-09 05:09:44,1683623384,2.89,33.0,97000,1.00,2.00,3.00,4.00,0.0152,0
2023-05-09 05:14:51,1683623691,2.90,33.2,97000,1.00,5.00,8.00,10.0,0.0182,0
2023-05-09 05:17:51,1683623872,2.94,33.4,97000,1.00,3.00,5.00,5.00,0.0186,0
2023-05-09 05:24:53,1683624294,3.01,33.4,97000,2.00,4.00,8.00,9.00,0.0244,0
2023-05-09 05:29:35,1683624575,3.07,33.3,97000,1.00,4.00,6.00,7.00,0.0195,0
2023-05-09 09:24:53,1683638693,20.8,15.1,97200,1e-7,2.00,4.00,4.00,,
2023-05-09 09:29:58,1683638998,21.3,14.3,97200,1.00,2.00,4.00,5.00,,
2023-05-09 09:34:06,1683639247,21.5,14.1,97200,1e-7,2.00,3.00,3.00,,
2023-05-09 09:35:41,1683639342,21.5,13.7,97200,1e-7,1e-7,1e-7,1e-7,,
2023-05-09 09:49:59,1683640199,21.2,14.1,97200,1e-7,2.00,4.00,5.00,0.0107,0
2023-05-09 09:54:08,1683640448,21.4,13.6,97200,1e-7,2.00,4.00,4.00,0.0107,0
2023-05-09 09:59:41,1683640782,21.3,13.8,97200,1e-7,1.00,1.00,1.00,0.0102,0
2023-05-09 10:04:46,1683641086,21.6,13.1,97244,1.00,2.00,4.00,5.00,0.0102,0
2023-05-09 10:09:51,1683641391,22.0,13.1,97250,1e-7,2.00,4.00,5.00,0.0107,0
2023-05-09 10:10:29,1683641429,22.3,12.6,97300,1e-7,1.00,3.00,3.00,0.0107,0
2023-05-09 10:19:55,1683641996,23.2,12.3,97200,1.00,2.00,4.00,4.00,0.00995,0
2023-05-09 10:24:49,1683642289,23.4,12.3,97200,1e-7,2.00,3.00,4.00,0.0107,0
2023-05-09 10:25:27,1683642327,23.6,11.8,97200,1e-7,1e-7,1e-7,1e-7,0.0107,0
2023-05-09 10:39:50,1683643190,24.5,11.5,97200,1e-7,2.00,3.00,3.00,0.0103,0
2023-05-09 10:44:53,1683643494,24.2,10.6,97200,1e-7,2.00,3.00,3.00,0.00995,0
2023-05-09 10:45:31,1683643531,23.9,10.9,97200,1e-7,1.00,1.00,1.00,0.00995,0
2023-05-09 10:54:44,1683644085,23.7,11.0,97200,1.00,1.00,3.00,3.00,0.00995,0
2023-05-09 10:59:48,1683644389,23.3,11.1,97200,1e-7,2.00,4.00,4.00,0.00995,0
2023-05-09 11:02:58,1683644578,23.4,10.8,97200,1.00,1.00,1.00,1.00,0.00995,0
2023-05-09 11:09:59,1683645000,24.4,10.1,97200,1.00,2.00,4.00,5.00,0.00995,0
2023-05-09 11:14:44,1683645284,24.4,9.66,97200,2.00,2.00,3.00,3.00,0.0103,0
2023-05-09 11:19:47,1683645587,24.7,10.1,97200,1e-7,2.00,4.00,5.00,0.0103,0
2023-05-09 11:20:06,1683645606,24.9,9.99,97200,1e-7,1e-7,1e-7,1e-7,0.00995,0
2023-05-09 11:29:51,1683646191,24.6,9.79,97200,1e-7,2.00,4.00,4.00,0.00995,0
2023-05-09 11:34:54,1683646495,24.7,9.63,97200,1.00,2.00,4.00,4.00,0.0102,0
2023-05-09 11:36:10,1683646571,24.6,9.64,97200,1e-7,1.00,3.00,3.00,0.00982,0
2023-05-09 11:44:44,1683647085,24.5,9.56,97200,1e-7,2.00,3.00,3.00,0.00995,0
2023-05-09 11:49:48,1683647389,24.2,9.73,97200,2.00,2.00,4.00,4.00,0.00995,0
2023-05-09 11:53:55,1683647636,23.5,10.2,97200,1e-7,1.00,3.00,3.00,0.00995,0
2023-05-09 12:04:47,1683648288,24.2,9.53,97200,1.00,2.00,3.00,4.00,0.00995,0
2023-05-09 12:09:58,1683648598,24.1,9.88,97200,1.00,4.00,8.00,9.00,0.0178,0
2023-05-09 12:10:36,1683648636,24.2,9.77,97200,1e-7,1e-7,1e-7,1e-7,0.0178,0
2023-05-09 12:19:16,1683649156,24.7,9.98,97200,1e-7,2.00,3.00,4.00,0.0178,0
2023-05-09 12:24:57,1683649498,25.2,9.21,97200,1.00,2.00,3.00,3.00,0.0241,0
2023-05-09 12:27:10,1683649630,25.8,8.93,97200,1e-7,2.00,4.00,4.00,0.0215,0
2023-05-09 12:39:47,1683650387,24.7,9.52,97200,1e-7,1e-7,1e-7,1e-7,0.0138,0
2023-05-09 12:42:57,1683650577,24.6,9.23,97200,1e-7,2.00,4.00,4.00,0.0135,0
2023-05-09 12:54:59,1683651300,25.2,9.08,97200,1e-7,1e-7,1e-7,1e-7,0.00995,0
2023-05-09 12:59:44,1683651584,24.8,8.71,97200,1.00,2.00,3.00,3.00,0.00995,0
2023-05-09 13:02:22,1683651742,24.3,8.69,97200,1e-7,2.00,4.00,5.00,0.0101,0
2023-05-09 13:09:50,1683652191,23.8,8.92,97200,1e-7,2.00,3.00,4.00,0.0101,0
2023-05-09 13:14:54,1683652494,23.8,8.98,97200,1e-7,2.00,4.00,4.00,0.0103,0
2023-05-09 13:19:06,1683652746,23.8,8.87,97200,2.00,3.00,4.00,5.00,0.0103,0
2023-05-09 13:29:51,1683653391,24.1,8.91,97200,1.00,2.00,3.00,4.00,0.0110,0
2023-05-09 13:34:56,1683653696,24.0,9.64,97200,1.00,2.00,4.00,5.00,0.0105,0
2023-05-09 13:36:30,1683653791,24.2,9.80,97200,1e-7,2.00,4.00,4.00,0.0100,0
2023-05-09 13:44:50,1683654291,24.8,9.29,97200,2.00,2.00,3.00,4.00,0.0103,0
2023-05-09 13:49:42,1683654583,24.8,9.48,97200,1.00,2.00,4.00,4.00,0.0103,0
2023-05-09 13:52:14,1683654735,24.8,9.55,97200,1e-7,2.00,3.00,4.00,0.0101,0
2023-05-09 14:04:43,1683655484,24.6,9.10,97200,1.00,2.00,4.00,5.00,0.0103,0
2023-05-09 14:09:47,1683655788,24.2,8.89,97200,1.00,4.00,7.00,9.00,0.0102,0
2023-05-09 14:12:00,1683655920,23.8,9.20,97200,2.00,6.00,9.00,11.0,0.00288,0
2023-05-09 14:19:58,1683656398,23.3,9.86,97200,1e-7,2.00,3.00,4.00,0.0104,0
2023-05-09 14:24:52,1683656693,22.8,9.84,97200,1e-7,2.00,4.00,4.00,0.0114,0
2023-05-09 14:29:00,1683656940,22.7,10.4,97200,1.00,1.00,3.00,3.00,0.0164,0
2023-05-09 14:39:54,1683657595,23.3,10.0,97200,1.00,2.00,3.00,4.00,0.0164,0
2023-05-09 14:44:59,1683657900,23.0,10.0,97200,1.00,3.00,6.00,7.00,0.0112,0
2023-05-09 14:45:18,1683657919,22.7,10.1,97200,1e-7,1e-7,1e-7,1e-7,0.0112,0
2023-05-09 14:54:58,1683658498,22.8,10.1,97200,1.00,3.00,4.00,4.00,0.0151,0
2023-05-09 14:59:49,1683658790,22.9,10.3,97200,1e-7,1.00,3.00,3.00,0.0140,0
2023-05-09 15:03:24,1683659005,23.1,10.3,97200,2.00,2.00,3.00,4.00,0.0159,0
2023-05-09 15:09:50,1683659391,23.1,10.3,97200,1.00,1.00,1.00,1.00,0.0111,0
2023-05-09 15:14:55,1683659696,23.3,10.2,97200,5.00,8.00,10.0,11.0,0.0222,0
2023-05-09 15:19:41,1683659982,23.3,10.1,97200,1.00,2.00,4.00,4.00,0.0257,0
2023-05-09 15:29:52,1683660592,23.1,9.99,97200,2.00,2.00,4.00,5.00,0.0246,0
2023-05-09 15:34:57,1683660897,22.9,9.94,97200,1.00,3.00,4.00,5.00,0.0110,0
2023-05-09 15:37:56,1683661076,22.9,10.1,97200,1.00,2.00,3.00,3.00,0.0110,0
2023-05-09 15:44:41,1683661482,22.7,10.0,97200,1.00,2.00,3.00,3.00,0.0105,0
2023-05-09 15:49:50,1683661790,22.6,10.2,97194,1.00,2.00,4.00,5.00,0.0106,0
2023-05-09 15:53:58,1683662039,22.8,9.41,97162,2.00,3.00,6.00,7.00,0.0102,0
2023-05-09 16:04:48,1683662688,22.4,10.1,97200,1e-7,4.00,7.00,9.00,0.0106,0
2023-05-09 16:09:58,1683662999,22.5,9.87,97175,2.00,5.00,8.00,9.00,0.0255,0
2023-05-09 16:12:31,1683663151,22.6,9.74,97150,1e-7,1.00,1.00,1.00,0.0125,0
2023-05-09 16:19:59,1683663599,22.5,9.61,97200,1.00,1.00,3.00,3.00,0.0186,0
2023-05-09 16:24:45,1683663886,22.5,9.96,97200,1.00,2.00,4.00,5.00,0.0239,0
2023-05-09 16:29:51,1683664191,22.7,9.86,97200,1.00,4.00,6.00,7.00,0.0213,0
2023-05-09 16:34:54,1683664494,22.8,9.67,97100,1e-7,1.00,3.00,3.00,0.0140,0
2023-05-09 16:39:59,1683664799,22.8,9.93,97100,1.00,4.00,7.00,8.00,0.0140,0
2023-05-09 16:44:45,1683665086,23.0,10.0,97127,1.00,2.00,4.00,4.00,0.0104,0
2023-05-09 16:46:58,1683665218,23.1,10.0,97100,1.00,2.00,4.00,5.00,0.00945,0
2023-05-09 16:54:47,1683665687,23.4,8.59,97100,5.00,5.00,5.00,5.00,0.0105,0
2023-05-09 16:59:52,1683665992,23.1,8.62,97100,1.00,4.00,6.00,7.00,0.0122,0
2023-05-09 17:04:23,1683666264,22.6,9.34,97100,2.00,2.00,4.00,5.00,0.0108,0
2023-05-09 17:14:59,1683666900,22.5,9.79,97100,1.00,2.00,4.00,4.00,0.0131,0
2023-05-09 17:19:46,1683667186,22.6,9.70,97100,1.00,2.00,3.00,3.00,0.0131,0
2023-05-09 17:20:05,1683667205,22.6,9.28,97100,1e-7,1e-7,1e-7,1e-7,0.0101,0
2023-05-09 17:34:49,1683668089,22.5,10.0,97200,1e-7,1e-7,1e-7,1e-7,0.0102,0
2023-05-09 17:39:44,1683668385,22.4,9.78,97127,2.00,6.00,9.00,11.0,0.0150,0
2023-05-09 17:44:50,1683668690,22.3,9.79,97125,1.00,2.00,3.00,4.00,0.0252,0
2023-05-09 17:49:56,1683668996,22.3,9.94,97138,2.00,5.00,7.00,9.00,0.0157,0
2023-05-09 17:54:42,1683669283,22.3,9.84,97167,2.00,3.00,6.00,7.00,0.0319,0
2023-05-09 17:59:48,1683669589,22.1,9.95,97107,1.00,4.00,8.00,9.00,0.0186,0
2023-05-09 18:04:54,1683669895,21.8,9.96,97138,1.00,2.00,3.00,4.00,0.0260,0
2023-05-09 18:09:42,1683670182,21.5,9.98,97100,2.00,4.00,8.00,9.00,0.0242,0
2023-05-09 18:14:49,1683670489,21.2,10.1,97100,1.00,5.00,8.00,10.0,0.0144,0
2023-05-09 18:19:56,1683670796,20.9,10.3,97100,1.00,2.00,3.00,4.00,0.0132,0
2023-05-09 18:24:44,1683671085,20.5,10.3,97100,1.00,2.00,4.00,4.00,0.0177,0
2023-05-09 18:29:52,1683671392,20.0,10.4,97100,1.00,8.00,15.0,18.0,0.0227,0
2023-05-09 18:34:44,1683671685,19.7,10.5,97100,1.00,6.00,11.0,13.0,0.0366,0
2023-05-09 18:39:52,1683671993,19.4,10.7,97100,1.00,4.00,7.00,9.00,0.0301,0
2023-05-09 18:44:41,1683672282,19.1,10.9,97100,1.00,2.00,3.00,4.00,0.0239,0
2023-05-09 18:49:50,1683672590,18.7,11.1,97100,3.00,3.00,4.00,5.00,0.0239,0
2023-05-09 18:54:59,1683672899,18.3,11.3,97100,1.00,3.00,6.00,7.00,0.0160,0
2023-05-09 18:59:49,1683673189,17.9,11.4,97100,1.00,7.00,11.0,14.0,0.0171,0
2023-05-09 19:04:45,1683673486,17.4,11.9,97100,1.00,4.00,7.00,9.00,0.0242,0
2023-05-09 19:09:55,1683673796,17.0,11.9,97106,3.00,5.00,6.00,6.00,0.0323,0
2023-05-09 19:14:46,1683674087,16.6,11.9,97100,1.00,4.00,6.00,7.00,0.0228,0
2023-05-09 19:19:57,1683674397,16.3,12.1,97100,1.00,3.00,6.00,7.00,0.0199,0
2023-05-09 19:24:47,1683674687,16.0,12.6,97115,1.00,5.00,8.00,10.0,0.0199,0
2023-05-09 19:29:59,1683675000,15.7,12.9,97169,1.00,6.00,9.00,11.0,0.0106,0
2023-05-09 19:34:56,1683675296,15.2,13.0,97183,1.00,2.00,3.00,4.00,0.0121,0
2023-05-09 19:39:48,1683675588,15.0,13.2,97193,1.00,2.00,3.00,4.00,0.0190,0
2023-05-09 19:44:47,1683675887,14.7,13.2,97133,1.00,4.00,5.00,6.00,0.0264,0
2023-05-09 19:49:45,1683676186,14.5,13.5,97173,2.00,4.00,7.00,8.00,0.0242,0
2023-05-09 19:54:58,1683676498,14.2,13.7,97200,2.00,3.00,4.00,4.00,0.0242,0
2023-05-09 19:59:51,1683676791,13.9,13.9,97200,3.00,6.00,8.00,9.00,0.0143,0
2023-05-09 20:04:48,1683677089,13.5,13.9,97200,2.00,6.00,10.0,12.0,0.0106,0
2023-05-09 20:09:49,1683677390,13.3,14.1,97200,3.00,9.00,13.0,15.0,0.0146,0
2023-05-09 20:14:43,1683677684,13.0,14.2,97200,2.00,3.00,4.00,4.00,0.0396,0
2023-05-09 20:19:59,1683677999,12.7,14.3,97200,1.00,4.00,7.00,9.00,0.0392,0
2023-05-09 20:24:53,1683678293,12.4,14.5,97200,1.00,3.00,5.00,6.00,0.0165,0
2023-05-09 20:29:17,1683678557,12.2,14.6,97200,1.00,4.00,8.00,9.00,0.0143,0
2023-05-09 20:34:51,1683678891,12.0,14.8,97200,2.00,7.00,10.0,11.0,0.0308,0
2023-05-09 20:39:46,1683679186,11.8,14.8,97200,2.00,4.00,6.00,7.00,0.0429,0
2023-05-09 20:44:48,1683679488,11.6,15.1,97200,2.00,2.00,3.00,4.00,0.0371,0
2023-05-09 20:49:43,1683679783,11.4,15.2,97200,1.00,4.00,7.00,9.00,0.0371,0
2023-05-09 20:54:43,1683680083,11.3,15.4,97200,1.00,4.00,7.00,8.00,0.0171,0
2023-05-09 20:59:58,1683680398,11.1,15.6,97200,1.00,6.00,10.0,12.0,0.0257,0
2023-05-09 21:04:52,1683680692,10.9,15.7,97200,1.00,4.00,6.00,7.00,0.0220,0
2023-05-09 21:09:47,1683680988,10.8,15.8,97200,1.00,3.00,5.00,6.00,0.0221,0
2023-05-09 21:14:04,1683681244,10.6,15.9,97200,3.00,4.00,5.00,6.00,0.0210,0
2023-05-09 21:19:56,1683681597,10.5,16.0,97200,2.00,4.00,6.00,7.00,0.0210,0
2023-05-09 21:21:35,1683681696,10.4,16.3,97200,1e-7,2.00,4.00,4.00,0.0156,0
2023-05-09 21:34:41,1683682481,10.2,16.5,97200,1.00,1.00,2.00,2.00,0.0156,0
2023-05-09 21:39:57,1683682797,10.1,16.6,97200,2.00,5.00,9.00,10.0,0.00923,0
2023-05-09 21:44:51,1683683092,10.0,16.7,97200,4.00,6.00,8.00,8.00,0.0144,0
2023-05-09 21:49:46,1683683386,9.93,16.7,97200,1.00,4.00,7.00,9.00,0.00974,0
2023-05-09 21:54:42,1683683683,9.85,16.7,97200,1.00,4.00,7.00,9.00,0.0137,0
2023-05-09 21:59:58,1683683998,9.79,16.9,97221,1.00,3.00,5.00,7.00,0.0137,0
2023-05-09 22:04:40,1683684281,9.73,16.9,97214,2.00,2.00,4.00,5.00,0.0119,0
2023-05-09 22:09:44,1683684585,9.67,17.1,97206,2.00,3.00,4.00,5.00,0.0131,0
2023-05-09 22:14:41,1683684881,9.62,17.4,97207,2.00,6.00,10.0,12.0,0.0107,0
2023-05-09 22:19:18,1683685158,9.59,17.5,97250,1.00,2.00,3.00,4.00,0.0237,0
2023-05-09 22:24:51,1683685491,9.52,17.4,97292,1.00,4.00,7.00,9.00,0.0162,0
2023-05-09 22:29:53,1683685794,9.46,17.4,97280,1.00,2.00,4.00,5.00,0.0209,0
2023-05-09 22:34:48,1683686089,9.40,17.5,97238,1.00,4.00,7.00,8.00,0.0127,0
2023-05-09 22:39:45,1683686385,9.36,17.6,97200,2.00,3.00,5.00,6.00,0.0147,0
2023-05-09 22:42:23,1683686544,9.34,17.8,97288,1.00,3.00,4.00,4.00,0.0134,0
2023-05-09 22:54:50,1683687291,9.06,18.3,97250,1e-7,1e-7,1e-7,1e-7,0.0112,0
2023-05-09 22:59:54,1683687595,9.00,18.3,97213,5.00,7.00,8.00,9.00,0.0144,0
2023-05-09 23:04:51,1683687892,8.91,18.4,97300,1.00,4.00,7.00,9.00,0.0231,0
2023-05-09 23:09:56,1683688196,8.84,18.7,97300,2.00,4.00,6.00,7.00,0.0218,0
2023-05-09 23:14:58,1683688499,8.77,18.7,97300,2.00,3.00,4.00,5.00,0.0171,0
2023-05-09 23:19:54,1683688795,8.70,18.7,97300,2.00,7.00,11.0,13.0,0.0135,0
2023-05-09 23:24:51,1683689092,8.65,18.9,97300,2.00,3.00,5.00,6.00,0.0166,0
2023-05-09 23:29:49,1683689389,8.57,19.2,97300,1.00,5.00,8.00,10.0,0.0154,0
2023-05-09 23:34:46,1683689687,8.50,19.2,97300,2.00,4.00,7.00,8.00,0.0167,0
2023-05-09 23:39:04,1683689945,8.44,19.4,97300,1.00,6.00,10.0,12.0,0.0156,0
2023-05-09 23:44:59,1683690300,8.41,19.3,97300,2.00,5.00,8.00,10.0,0.0237,0
2023-05-09 23:49:57,1683690597,8.39,19.3,97300,2.00,3.00,4.00,5.00,0.0543,0
2023-05-09 23:54:54,1683690895,8.36,19.5,97300,2.00,2.00,4.00,4.00,0.0324,0
2023-05-09 23:59:58,1683691198,8.33,19.6,97300,1.00,4.00,7.00,9.00,0.0143,0
2023-05-10 00:04:53,1683691494,8.28,19.8,97300,3.00,3.00,4.00,5.00,0.0143,0
2023-05-10 00:09:51,1683691792,8.22,20.0,97267,1.00,2.00,3.00,4.00,0.0129,0
2023-05-10 00:14:49,1683692089,8.16,20.3,97253,1.00,2.00,3.00,4.00,0.0165,0
2023-05-10 00:19:53,1683692393,8.10,20.2,97288,2.00,2.00,4.00,4.00,0.0101,0
2023-05-10 00:24:49,1683692690,8.03,20.3,97277,2.00,3.00,6.00,7.00,0.00995,0
2023-05-10 00:29:47,1683692988,7.96,20.5,97300,2.00,5.00,8.00,9.00,0.0232,0
2023-05-10 00:34:43,1683693284,7.89,20.6,97300,4.00,4.00,6.00,7.00,0.0232,0
2023-05-10 00:39:41,1683693581,7.83,20.7,97240,2.00,6.00,10.0,12.0,0.0141,0
2023-05-10 00:44:59,1683693899,7.81,20.8,97256,2.00,4.00,7.00,8.00,0.0197,0
2023-05-10 00:59:46,1683694787,7.73,21.3,97200,1.00,3.00,5.00,7.00,0.0105,0
2023-05-10 01:04:42,1683695083,7.70,21.4,97200,2.00,4.00,7.00,8.00,0.0100,0
2023-05-10 01:09:40,1683695380,7.62,21.6,97200,2.00,5.00,9.00,11.0,0.0161,0
2023-05-10 01:14:56,1683695697,7.57,21.4,97200,1.00,4.00,7.00,8.00,0.0168,0
2023-05-10 01:19:52,1683695993,7.60,21.4,97200,1.00,2.00,4.00,4.00,0.0184,0
2023-05-10 01:24:48,1683696289,7.66,21.3,97200,2.00,3.00,5.00,6.00,0.0235,0
2023-05-10 01:29:55,1683696595,7.70,21.5,97200,1.00,3.00,5.00,6.00,0.0235,0
2023-05-10 01:34:53,1683696893,7.72,21.4,97200,2.00,3.00,5.00,6.00,0.0123,0
2023-05-10 01:39:47,1683697187,7.73,21.5,97200,2.00,2.00,3.00,4.00,0.0123,0
2023-05-10 01:44:52,1683697493,7.73,22.0,97200,1.00,6.00,9.00,11.0,0.0171,0
2023-05-10 01:49:48,1683697789,7.69,22.5,97200,1.00,3.00,4.00,5.00,0.0233,0
2023-05-10 01:54:46,1683698087,7.63,22.4,97200,1.00,2.00,4.00,5.00,0.0221,0
2023-05-10 01:59:43,1683698384,7.56,22.4,97200,2.00,4.00,6.00,7.00,0.0177,0
2023-05-10 02:04:41,1683698682,7.50,22.6,97200,2.00,4.00,7.00,8.00,0.0177,0
2023-05-10 02:09:59,1683699000,7.41,23.0,97200,2.00,4.00,7.00,9.00,0.0197,0
2023-05-10 02:14:42,1683699283,7.27,23.1,97200,2.00,4.00,7.00,8.00,0.0167,0
2023-05-10 02:19:19,1683699559,7.13,23.1,97200,2.00,4.00,6.00,7.00,0.0186,0
2023-05-10 02:24:55,1683699896,6.97,23.3,97200,1e-7,2.00,3.00,4.00,0.0186,0
2023-05-10 02:29:52,1683700192,6.92,23.3,97200,1.00,4.00,6.00,8.00,0.0166,0
2023-05-10 02:34:51,1683700491,6.87,23.5,97200,1.00,3.00,6.00,7.00,0.0123,0
2023-05-10 02:39:49,1683700790,6.80,23.6,97200,1.00,4.00,7.00,8.00,0.0126,0
2023-05-10 02:44:46,1683701086,6.73,23.9,97200,1.00,2.00,3.00,4.00,0.0115,0
2023-05-10 02:49:43,1683701383,6.68,23.9,97200,2.00,5.00,8.00,9.00,0.0174,0
2023-05-10 02:54:59,1683701700,6.62,24.2,97200,1e-7,2.00,3.00,4.00,0.0176,0
2023-05-10 02:59:45,1683701985,6.57,24.3,97200,1.00,4.00,7.00,9.00,0.0203,0
2023-05-10 03:04:50,1683702291,6.61,24.1,97200,2.00,4.00,6.00,7.00,0.0293,0
2023-05-10 03:09:58,1683702598,6.85,23.9,97200,2.00,5.00,7.00,9.00,0.0195,0
2023-05-10 03:14:54,1683702895,7.21,23.6,97200,1.00,6.00,10.0,12.0,0.0136,0
2023-05-10 03:19:57,1683703197,7.60,23.2,97200,1.00,2.00,3.00,4.00,0.0244,0
2023-05-10 03:24:14,1683703454,7.78,23.3,97200,2.00,5.00,7.00,8.00,0.0108,0
2023-05-10 03:29:53,1683703793,7.86,23.8,97200,1.00,3.00,4.00,5.00,0.0227,0
2023-05-10 03:34:57,1683704098,7.74,24.0,97200,1.00,3.00,6.00,7.00,0.0235,0
2023-05-10 03:39:55,1683704396,7.51,23.9,97200,1.00,6.00,10.0,11.0,0.0194,0
2023-05-10 03:44:54,1683704694,7.25,24.0,97200,1.00,3.00,4.00,5.00,0.0227,0
2023-05-10 03:49:50,1683704991,6.98,24.3,97200,2.00,3.00,4.00,5.00,0.0215,0
2023-05-10 03:54:49,1683705289,6.78,24.7,97200,1.00,3.00,6.00,7.00,0.0249,0
2023-05-10 03:59:44,1683705584,6.66,24.8,97200,2.00,2.00,4.00,4.00,0.0100,0
2023-05-10 04:04:58,1683705898,6.58,25.1,97200,1.00,4.00,6.00,7.00,0.0123,0
2023-05-10 04:09:55,1683706195,6.47,25.3,97200,2.00,3.00,5.00,6.00,0.0128,0
2023-05-10 04:14:52,1683706492,6.33,25.4,97200,2.00,12.0,19.0,23.0,0.0128,0
2023-05-10 04:19:51,1683706791,6.19,25.5,97200,1.00,4.00,6.00,7.00,0.0219,0
2023-05-10 04:24:48,1683707089,6.09,25.9,97200,1.00,5.00,8.00,10.0,0.0209,0
2023-05-10 04:29:47,1683707388,6.03,25.8,97200,3.00,7.00,11.0,13.0,0.0340,0
2023-05-10 04:34:53,1683707693,6.08,26.0,97200,1.00,2.00,3.00,4.00,0.0364,0
2023-05-10 04:39:11,1683707951,6.23,26.4,97200,2.00,3.00,6.00,7.00,0.0339,0
2023-05-10 04:44:27,1683708268,6.39,26.4,97200,2.00,4.00,8.00,9.00,0.0201,0
2023-05-10 04:49:44,1683708585,6.55,26.6,97200,1.00,3.00,6.00,7.00,0.0119,0
2023-05-10 04:54:41,1683708881,6.67,26.6,97200,1.00,3.00,6.00,7.00,0.0138,0
2023-05-10 04:59:41,1683709182,6.75,26.6,97200,1.00,3.00,4.00,5.00,0.0206,0
2023-05-10 05:04:20,1683709460,6.78,26.9,97200,1.00,5.00,8.00,10.0,0.0336,0
2023-05-10 05:09:56,1683709797,6.74,26.6,97200,1.00,2.00,3.00,4.00,0.0237,0
2023-05-10 05:14:23,1683710064,6.77,26.4,97200,2.00,4.00,6.00,7.00,0.0180,0
2023-05-10 05:19:40,1683710380,6.87,26.4,97200,2.00,4.00,7.00,8.00,0.0180,0
2023-05-10 05:24:16,1683710657,6.95,26.0,97200,4.00,4.00,7.00,9.00,0.0149,0
2023-05-10 05:29:53,1683710994,7.04,26.1,97200,2.00,7.00,11.0,14.0,0.0211,0
2023-05-10 05:34:56,1683711297,7.13,25.9,97200,2.00,5.00,8.00,10.0,0.0191,0
2023-05-10 05:38:15,1683711496,7.22,26.5,97200,1.00,4.00,7.00,9.00,0.0208,0
2023-05-10 09:54:48,1683726889,25.4,10.3,97200,1.00,1.00,3.00,3.00,,
2023-05-10 09:55:45,1683726945,25.4,10.3,97200,1.00,1.00,2.00,2.00,,
2023-05-10 10:04:34,1683727474,25.6,10.4,97200,1.00,2.00,4.00,4.00,,
2023-05-10 10:09:51,1683727792,26.0,10.2,97200,2.00,3.00,6.00,7.00,,
2023-05-10 10:13:19,1683727999,26.2,9.77,97200,1.00,5.00,8.00,9.00,,
2023-05-10 10:24:52,1683728693,26.2,9.82,97200,1.00,5.00,8.00,10.0,0.00701,0
2023-05-10 10:28:05,1683728885,26.4,10.0,97200,1.00,2.00,3.00,4.00,0.0196,0
2023-05-10 10:39:44,1683729584,27.3,9.22,97200,1e-7,1e-7,1e-7,1e-7,0.0162,0
2023-05-10 10:44:45,1683729885,27.4,9.41,97200,1.00,6.00,10.0,12.0,0.0133,0
2023-05-10 10:47:34,1683730055,27.7,9.36,97200,1.00,2.00,4.00,5.00,0.0143,0
2023-05-10 10:54:46,1683730486,28.2,9.03,97156,1.00,2.00,4.00,4.00,0.0173,0
2023-05-10 10:59:47,1683730787,28.4,8.38,97157,1.00,2.00,3.00,4.00,0.0202,0
2023-05-10 11:03:32,1683731013,28.4,8.60,97150,1.00,5.00,8.00,10.0,0.0198,0
2023-05-10 11:14:44,1683731684,28.9,8.52,97100,2.00,4.00,7.00,9.00,0.0315,0
2023-05-10 11:19:25,1683731966,28.9,8.57,97100,3.00,4.00,4.00,5.00,0.0347,0
2023-05-10 11:21:55,1683732115,28.3,8.57,97100,1.00,2.00,3.00,4.00,0.0105,0
2023-05-10 11:29:46,1683732586,27.8,9.43,97100,2.00,2.00,4.00,4.00,0.0136,0
2023-05-10 11:34:47,1683732888,27.8,9.56,97100,2.00,8.00,13.0,15.0,0.0127,0
2023-05-10 11:37:42,1683733063,27.7,9.51,97100,2.00,2.00,2.00,2.00,0.0127,0
2023-05-10 11:46:35,1683733595,27.4,9.61,97100,1.00,4.00,6.00,7.00,0.0119,0
2023-05-10 13:29:42,1683739782,28.9,9.20,97000,2.00,2.00,2.00,3.00,,
2023-05-10 13:34:43,1683740084,28.3,9.66,97000,1.00,4.00,7.00,9.00,,
2023-05-10 13:35:40,1683740140,28.1,10.1,97000,1.00,1.00,2.00,2.00,,
2023-05-10 13:49:49,1683740990,29.3,9.10,97000,2.00,3.00,3.00,3.00,,
2023-05-10 13:54:50,1683741290,29.3,9.32,96988,1.00,6.00,10.0,12.0,0.00823,0
2023-05-10 13:55:46,1683741346,29.4,9.50,97000,1.00,2.00,4.00,5.00,0.00823,0
2023-05-10 14:04:49,1683741890,29.4,9.48,96975,1.00,2.00,3.00,3.00,0.00817,0
2023-05-10 14:09:51,1683742192,29.4,9.21,96938,4.00,6.00,8.00,8.00,0.0259,0
2023-05-10 14:12:22,1683742342,29.0,9.39,96900,1.00,7.00,11.0,14.0,0.0106,0
2023-05-10 14:19:47,1683742788,28.6,9.56,96900,1e-7,1e-7,1e-7,1e-7,0.0237,0
2023-05-10 14:24:48,1683743089,28.7,9.40,96900,2.00,3.00,4.00,4.00,0.0376,0
2023-05-10 14:29:57,1683743398,28.9,9.30,96900,3.00,6.00,9.00,10.0,0.0376,0
2023-05-10 14:39:08,1683743949,28.2,9.21,96900,3.00,3.00,3.00,4.00,0.0248,0
2023-05-10 14:44:48,1683744288,28.1,9.40,96900,1.00,4.00,7.00,9.00,0.0140,0
2023-05-10 14:45:07,1683744307,28.2,9.39,96900,1e-7,1e-7,1.00,1.00,0.00929,0
2023-05-10 14:54:44,1683744884,28.4,9.52,96900,2.00,2.00,3.00,4.00,0.0102,0
2023-05-10 14:59:45,1683745186,28.5,9.46,96900,2.00,3.00,6.00,7.00,0.0157,0
2023-05-10 15:04:46,1683745487,28.4,9.20,96900,1.00,3.00,5.00,6.00,0.0154,0
2023-05-10 15:14:41,1683746081,28.6,9.46,96887,2.00,2.00,3.00,3.00,0.0142,0
2023-05-10 15:19:43,1683746384,28.8,9.69,96800,2.00,3.00,6.00,7.00,0.0137,0
2023-05-10 15:21:54,1683746515,29.1,9.53,96800,1.00,3.00,4.00,4.00,0.0121,0
2023-05-10 15:29:56,1683746996,29.3,9.08,96800,1.00,3.00,3.00,4.00,0.0121,0
2023-05-10 15:34:57,1683747297,29.4,9.24,96800,2.00,3.00,4.00,4.00,0.0119,0
2023-05-10 15:37:27,1683747448,29.2,9.30,96800,2.00,4.00,6.00,7.00,0.0114,0
2023-05-10 15:44:51,1683747892,29.0,9.43,96800,1e-7,2.00,3.00,4.00,0.0140,0
2023-05-10 15:49:52,1683748193,28.9,9.29,96800,3.00,5.00,7.00,8.00,0.0140,0
2023-05-10 15:54:54,1683748494,28.9,9.48,96800,2.00,4.00,6.00,7.00,0.0130,0
2023-05-10 15:56:08,1683748569,28.9,9.34,96800,1.00,2.00,3.00,4.00,0.0163,0
2023-05-10 16:04:50,1683749090,28.5,9.62,96800,2.00,2.00,4.00,4.00,0.0163,0
2023-05-10 16:09:54,1683749394,28.5,9.82,96800,3.00,7.00,10.0,11.0,0.0120,0
2023-05-10 16:12:43,1683749564,28.7,9.86,96800,2.00,3.00,6.00,7.00,0.0118,0
2023-05-10 16:24:52,1683750292,28.4,9.75,96800,1.00,3.00,5.00,6.00,0.0128,0
2023-05-10 16:28:38,1683750519,28.4,9.89,96800,2.00,2.00,4.00,4.00,0.0181,0
2023-05-10 16:34:58,1683750899,28.4,9.66,96800,1.00,1.00,1.00,1.00,0.0181,0
2023-05-10 16:39:41,1683751182,28.1,9.82,96800,2.00,4.00,8.00,9.00,0.0172,0
2023-05-10 16:44:44,1683751484,28.1,10.3,96800,1.00,1.00,2.00,2.00,0.0167,0
2023-05-10 16:45:22,1683751522,28.3,10.1,96800,2.00,2.00,2.00,2.00,0.0167,0
2023-05-10 16:59:48,1683752388,28.8,9.60,96800,2.00,4.00,5.00,6.00,0.0167,0
2023-05-10 17:03:15,1683752596,28.8,9.79,96800,2.00,6.00,10.0,12.0,0.0228,0
2023-05-10 17:09:54,1683752995,28.6,9.60,96800,2.00,4.00,6.00,7.00,0.0231,0
2023-05-10 17:14:56,1683753296,28.6,9.89,96800,2.00,3.00,6.00,7.00,0.0351,0
2023-05-10 17:19:57,1683753598,28.7,9.81,96800,2.00,4.00,7.00,8.00,0.0299,0
2023-05-10 17:24:59,1683753899,28.6,9.68,96800,3.00,5.00,7.00,8.00,0.0277,0
2023-05-10 17:29:50,1683754190,28.5,9.83,96800,1.00,3.00,5.00,6.00,0.0240,0
2023-05-10 17:34:51,1683754492,28.4,9.96,96800,2.00,5.00,6.00,7.00,0.0153,0
2023-05-10 17:37:41,1683754662,28.4,10.0,96800,2.00,2.00,3.00,4.00,0.0118,0
2023-05-10 17:44:45,1683755086,28.4,9.91,96800,2.00,3.00,3.00,4.00,0.0134,0
2023-05-10 17:49:56,1683755396,28.2,10.00,96800,3.00,5.00,6.00,7.00,0.0120,0
2023-05-10 17:54:47,1683755687,28.1,9.95,96800,2.00,5.00,8.00,10.0,0.0124,0
2023-05-10 17:59:30,1683755971,27.8,10.0,96800,2.00,7.00,11.0,13.0,0.0368,0
2023-05-10 18:04:53,1683756293,27.4,10.3,96800,3.00,5.00,7.00,9.00,0.0392,0
2023-05-10 18:09:41,1683756582,27.1,10.4,96800,2.00,3.00,6.00,7.00,0.0213,0
2023-05-10 18:14:48,1683756888,27.0,10.6,96800,3.00,4.00,6.00,7.00,0.0213,0
2023-05-10 18:19:51,1683757192,26.7,10.6,96800,1.00,6.00,11.0,13.0,0.0137,0
2023-05-10 18:24:44,1683757484,26.4,11.0,96800,3.00,4.00,6.00,7.00,0.0137,0
2023-05-10 18:29:48,1683757788,26.1,11.0,96800,3.00,6.00,8.00,9.00,0.0165,0
2023-05-10 18:34:59,1683758099,25.8,11.1,96800,2.00,6.00,10.0,12.0,0.0186,0
2023-05-10 18:39:49,1683758389,25.3,11.4,96800,1.00,3.00,4.00,5.00,0.0142,0
2023-05-10 18:44:53,1683758693,25.0,11.6,96800,2.00,5.00,9.00,10.0,0.0201,0
2023-05-10 18:49:57,1683758998,24.7,11.8,96800,2.00,4.00,5.00,6.00,0.0205,0
2023-05-10 18:54:51,1683759292,24.5,12.0,96800,2.00,3.00,4.00,5.00,0.0198,0
2023-05-10 18:59:57,1683759598,24.3,12.3,96800,4.00,9.00,13.0,15.0,0.0198,0
2023-05-10 19:04:43,1683759884,24.0,12.6,96800,2.00,4.00,6.00,8.00,0.0123,0
2023-05-10 19:09:49,1683760189,23.7,12.9,96800,2.00,3.00,6.00,7.00,0.0220,0
2023-05-10 19:14:54,1683760495,23.5,13.1,96800,1.00,4.00,6.00,7.00,0.0176,0
2023-05-10 19:19:41,1683760782,23.2,13.6,96800,3.00,4.00,7.00,9.00,0.0176,0
2023-05-10 19:24:47,1683761088,22.9,13.7,96800,2.00,4.00,7.00,8.00,0.0180,0
2023-05-10 19:29:54,1683761394,22.6,13.9,96800,2.00,4.00,5.00,6.00,0.0180,0
2023-05-10 19:34:41,1683761681,22.4,14.0,96800,2.00,2.00,3.00,3.00,0.0110,0
2023-05-10 19:39:48,1683761988,22.2,14.1,96800,3.00,7.00,11.0,13.0,0.0125,0
2023-05-10 19:44:42,1683762282,22.0,14.4,96800,1.00,2.00,2.00,3.00,0.0195,0
2023-05-10 19:49:49,1683762590,21.7,14.8,96800,5.00,6.00,10.0,12.0,0.0143,0
2023-05-10 19:54:45,1683762886,21.4,15.0,96800,3.00,5.00,8.00,9.00,0.0369,0
2023-05-10 19:59:33,1683763173,21.2,15.1,96800,2.00,5.00,7.00,9.00,0.0129,0
2023-05-10 20:04:48,1683763489,20.9,15.3,96800,3.00,3.00,5.00,6.00,0.0247,0
2023-05-10 20:09:56,1683763796,20.6,15.4,96800,2.00,4.00,7.00,8.00,0.0213,0
2023-05-10 20:14:45,1683764086,20.3,16.0,96838,3.00,3.00,3.00,3.00,0.0202,0
2023-05-10 20:19:15,1683764355,20.0,16.1,96900,2.00,3.00,4.00,5.00,0.0173,0
2023-05-10 20:24:47,1683764687,19.7,16.1,96900,3.00,6.00,7.00,8.00,0.0171,0
2023-05-10 20:29:44,1683764984,19.5,16.5,96900,2.00,7.00,12.0,14.0,0.0141,0
2023-05-10 20:34:52,1683765292,19.3,16.6,96900,4.00,6.00,7.00,8.00,0.0161,0
2023-05-10 20:39:51,1683765591,19.1,16.8,96900,2.00,3.00,4.00,5.00,0.0161,0
2023-05-10 20:44:40,1683765881,18.9,17.0,96900,2.00,4.00,6.00,7.00,0.0126,0
2023-05-10 20:49:50,1683766190,18.6,17.3,96900,2.00,3.00,5.00,6.00,0.0100,0
2023-05-10 20:54:56,1683766497,18.5,17.2,96900,2.00,4.00,6.00,7.00,0.0127,0
2023-05-10 20:59:46,1683766787,18.2,17.6,96900,2.00,7.00,11.0,14.0,0.0116,0
2023-05-10 21:04:56,1683767097,18.0,18.1,96900,2.00,3.00,6.00,7.00,0.0186,0
2023-05-10 21:09:47,1683767387,17.9,18.4,96900,3.00,8.00,14.0,17.0,0.0186,0
2023-05-10 21:14:58,1683767698,17.7,18.5,96900,1.00,5.00,9.00,10.0,0.0125,0
2023-05-10 21:19:48,1683767988,17.6,18.6,96900,3.00,4.00,5.00,6.00,0.0125,0
2023-05-10 21:24:58,1683768299,17.4,18.9,96900,4.00,5.00,5.00,5.00,0.0218,0
2023-05-10 21:29:55,1683768596,17.2,18.9,96900,2.00,3.00,6.00,7.00,0.0218,0
2023-05-10 21:34:54,1683768895,17.0,19.1,96900,3.00,4.00,5.00,5.00,0.0143,0
2023-05-10 21:39:44,1683769185,16.9,19.5,96900,2.00,4.00,8.00,9.00,0.0118,0
2023-05-10 21:44:55,1683769496,16.8,19.4,96900,2.00,2.00,4.00,5.00,0.0145,0
2023-05-10 21:49:53,1683769794,16.7,19.5,96900,2.00,5.00,7.00,8.00,0.0120,0
2023-05-10 21:54:45,1683770086,16.7,19.7,96900,2.00,3.00,3.00,4.00,0.0137,0
2023-05-10 21:59:44,1683770385,16.6,19.8,96900,3.00,3.00,4.00,5.00,0.0236,0
2023-05-10 22:04:54,1683770695,16.5,19.9,96900,1.00,4.00,6.00,7.00,0.0214,0
2023-05-10 22:07:10,1683770831,16.5,20.0,96900,1.00,5.00,7.00,9.00,0.0183,0
2023-05-10 22:19:57,1683771598,16.3,20.4,96967,2.00,2.00,2.00,2.00,0.0161,0
2023-05-10 22:24:49,1683771890,16.3,20.6,96967,2.00,3.00,5.00,6.00,0.0215,0
2023-05-10 22:29:41,1683772182,16.2,20.8,96967,2.00,5.00,8.00,10.0,0.0215,0
2023-05-10 22:34:57,1683772498,16.2,20.9,96979,2.00,4.00,6.00,7.00,0.0299,0
2023-05-10 22:39:49,1683772790,16.1,21.1,96980,3.00,7.00,10.0,12.0,0.0155,0
2023-05-10 22:44:41,1683773082,16.1,21.2,96973,1.00,3.00,4.00,5.00,0.0153,0
2023-05-10 22:49:59,1683773399,16.0,21.6,97000,3.00,4.00,4.00,5.00,0.0169,0
2023-05-10 22:54:51,1683773691,15.9,21.7,96987,2.00,3.00,5.00,6.00,0.0105,0
2023-05-10 22:59:42,1683773982,15.9,21.7,96985,2.00,4.00,6.00,7.00,0.0104,0
2023-05-10 23:04:22,1683774262,15.9,22.2,97000,2.00,7.00,12.0,14.0,0.0162,0
2023-05-10 23:09:51,1683774592,15.8,22.5,97000,2.00,5.00,8.00,9.00,0.0211,0
2023-05-10 23:12:27,1683774748,15.7,22.6,97000,2.00,2.00,3.00,3.00,0.0211,0
2023-05-10 23:19:47,1683775188,15.6,22.8,96936,1.00,6.00,10.0,12.0,0.0172,0
2023-05-10 23:24:44,1683775484,15.5,22.9,96920,1.00,1.00,3.00,3.00,0.0214,0
2023-05-10 23:29:56,1683775796,15.5,23.1,96900,2.00,4.00,8.00,9.00,0.0189,0
2023-05-10 23:34:52,1683776092,15.4,23.1,96947,2.00,5.00,8.00,10.0,0.0255,0
2023-05-10 23:39:51,1683776391,15.3,23.2,96967,2.00,3.00,5.00,6.00,0.0229,0
2023-05-10 23:44:43,1683776684,15.3,23.4,96927,2.00,3.00,5.00,6.00,0.0229,0
2023-05-10 23:49:56,1683776996,15.2,23.4,96925,4.00,5.00,6.00,6.00,0.0127,0
2023-05-10 23:54:48,1683777289,15.2,23.7,96907,2.00,4.00,6.00,7.00,0.0117,0
2023-05-10 23:59:41,1683777581,15.2,23.7,96900,1.00,3.00,5.00,6.00,0.0156,0
2023-05-11 00:04:42,1683777883,15.1,23.7,96900,3.00,3.00,5.00,6.00,0.0103,0
2023-05-11 00:09:53,1683778194,15.1,24.1,96900,2.00,3.00,4.00,5.00,0.0114,0
2023-05-11 00:14:46,1683778486,15.0,24.2,96900,3.00,5.00,7.00,9.00,0.0116,0
2023-05-11 00:17:42,1683778662,14.9,24.3,96900,1.00,7.00,12.0,14.0,0.0106,0
2023-05-11 00:24:56,1683779097,14.8,24.5,96900,2.00,3.00,4.00,5.00,0.0122,0
2023-05-11 00:29:50,1683779390,14.8,24.6,96900,2.00,10.0,17.0,20.0,0.0194,0
2023-05-11 00:34:42,1683779682,14.7,24.8,96900,2.00,5.00,7.00,8.00,0.0319,0
2023-05-11 00:39:54,1683779995,14.6,25.0,96900,2.00,4.00,6.00,6.00,0.0352,0
2023-05-11 00:44:47,1683780288,14.6,25.2,96900,2.00,3.00,5.00,6.00,0.0352,0
2023-05-11 00:49:47,1683780587,14.5,25.4,96900,2.00,2.00,3.00,3.00,0.0102,0
2023-05-11 00:54:47,1683780888,14.4,25.6,96900,2.00,2.00,3.00,4.00,0.0101,0
2023-05-11 00:59:40,1683781181,14.3,25.8,96900,1.00,4.00,7.00,8.00,0.0131,0
2023-05-11 01:04:53,1683781494,14.2,25.9,96900,2.00,5.00,8.00,10.0,0.0123,0
2023-05-11 01:09:45,1683781786,14.2,26.0,96900,2.00,3.00,4.00,4.00,0.0166,0
2023-05-11 01:14:47,1683782088,14.1,26.1,96900,1.00,3.00,5.00,7.00,0.0205,0
2023-05-11 01:19:41,1683782381,14.1,26.2,96900,2.00,3.00,5.00,5.00,0.0130,0
2023-05-11 01:24:44,1683782684,14.0,26.4,96900,3.00,3.00,6.00,7.00,0.0144,0
2023-05-11 01:29:57,1683782997,13.9,26.6,96900,2.00,5.00,9.00,11.0,0.0124,0
2023-05-11 01:34:50,1683783291,13.9,26.8,96900,2.00,7.00,11.0,14.0,0.0144,0
2023-05-11 01:39:49,1683783589,13.8,27.0,96900,2.00,6.00,8.00,9.00,0.0154,0
2023-05-11 01:44:42,1683783883,13.7,27.0,96900,2.00,3.00,4.00,4.00,0.0307,0
2023-05-11 01:49:56,1683784196,13.7,27.1,96900,3.00,5.00,7.00,8.00,0.0284,0
2023-05-11 01:54:50,1683784490,13.6,27.2,96900,3.00,4.00,5.00,6.00,0.0254,0
2023-05-11 01:59:50,1683784791,13.5,27.3,96900,2.00,5.00,7.00,8.00,0.0125,0
2023-05-11 02:04:44,1683785084,13.5,27.5,96931,1.00,2.00,3.00,3.00,0.0125,0
2023-05-11 02:09:56,1683785396,13.4,27.7,97000,2.00,4.00,7.00,8.00,0.0149,0
2023-05-11 02:14:48,1683785689,13.3,27.8,96977,4.00,8.00,13.0,16.0,0.0119,0
2023-05-11 02:19:48,1683785989,13.1,28.1,97000,2.00,4.00,7.00,8.00,0.0314,0
2023-05-11 02:24:42,1683786283,12.9,28.3,97000,2.00,4.00,6.00,7.00,0.0311,0
2023-05-11 02:29:54,1683786595,12.7,28.6,96908,2.00,5.00,7.00,9.00,0.0153,0
2023-05-11 02:34:53,1683786894,12.5,29.1,96913,2.00,4.00,5.00,6.00,0.0162,0
2023-05-11 02:39:55,1683787196,12.3,29.6,96956,4.00,5.00,7.00,8.00,0.0321,0
2023-05-11 02:44:50,1683787490,12.3,29.9,97000,3.00,3.00,4.00,4.00,0.0223,0
2023-05-11 02:49:44,1683787785,12.2,30.1,96962,2.00,7.00,12.0,14.0,0.0261,0
2023-05-11 02:54:42,1683788083,12.2,30.1,97000,1.00,3.00,5.00,5.00,0.0271,0
2023-05-11 02:59:46,1683788386,12.2,30.2,97000,2.00,6.00,10.0,12.0,0.0337,0
2023-05-11 03:04:59,1683788700,12.2,30.2,97000,1.00,7.00,12.0,14.0,0.0265,0
2023-05-11 03:09:54,1683788995,12.2,30.2,97000,2.00,4.00,5.00,6.00,0.0161,0
2023-05-11 03:14:57,1683789298,12.1,30.0,97000,1.00,3.00,4.00,4.00,0.0169,0
2023-05-11 03:19:45,1683789586,12.1,30.4,97000,2.00,4.00,5.00,7.00,0.0140,0
2023-05-11 03:24:40,1683789881,12.0,30.6,97000,3.00,6.00,9.00,10.0,0.0126,0
2023-05-11 03:29:55,1683790196,12.1,30.9,97000,2.00,6.00,9.00,11.0,0.0174,0
2023-05-11 03:34:11,1683790451,12.1,30.8,97000,1.00,3.00,5.00,7.00,0.0107,0
2023-05-11 03:39:44,1683790785,12.2,30.7,97000,1.00,2.00,3.00,4.00,0.0195,0
2023-05-11 03:44:42,1683791082,12.2,30.7,97000,2.00,2.00,3.00,3.00,0.0126,0
2023-05-11 03:49:56,1683791397,12.3,30.7,97000,2.00,6.00,9.00,11.0,0.0132,0
2023-05-11 03:54:51,1683791691,12.2,30.8,97000,2.00,4.00,7.00,9.00,0.0417,0
2023-05-11 03:59:53,1683791993,12.2,31.0,97000,2.00,6.00,9.00,11.0,0.0506,0
2023-05-11 04:04:46,1683792287,12.1,31.3,97000,1.00,3.00,4.00,5.00,0.0188,0
2023-05-11 04:09:41,1683792582,11.9,31.5,97000,2.00,3.00,4.00,5.00,0.0188,0
2023-05-11 04:14:43,1683792884,11.8,31.6,97000,2.00,3.00,6.00,7.00,0.0134,0
2023-05-11 04:19:56,1683793197,11.8,31.6,97000,2.00,3.00,6.00,7.00,0.0126,0
2023-05-11 04:24:51,1683793492,11.7,31.8,97000,2.00,3.00,4.00,5.00,0.0104,0
2023-05-11 04:29:45,1683793785,11.7,31.8,97000,2.00,3.00,3.00,4.00,0.0129,0
2023-05-11 04:34:58,1683794099,11.6,31.9,97000,3.00,4.00,5.00,5.00,0.0147,0
2023-05-11 04:39:53,1683794394,11.4,32.0,97000,2.00,5.00,8.00,9.00,0.0173,0
2023-05-11 04:44:48,1683794688,11.3,32.2,97000,2.00,3.00,4.00,5.00,0.0152,0
2023-05-11 04:49:43,1683794984,11.2,32.3,97000,2.00,4.00,6.00,8.00,0.0130,0
2023-05-11 04:54:00,1683795240,11.1,32.5,97000,2.00,4.00,7.00,9.00,0.0188,0
2023-05-11 04:59:59,1683795599,11.0,32.8,97000,2.00,4.00,6.00,7.00,0.0171,0
2023-05-11 05:04:55,1683795895,10.9,32.9,97000,3.00,5.00,7.00,8.00,0.0157,0
2023-05-11 05:09:49,1683796190,10.9,33.0,97000,2.00,6.00,8.00,9.00,0.0124,0
2023-05-11 05:14:45,1683796485,10.9,33.1,97000,2.00,3.00,6.00,7.00,0.0150,0
2023-05-11 05:19:48,1683796788,10.9,33.2,97000,3.00,10.0,15.0,17.0,0.0233,0
2023-05-11 05:24:24,1683797064,10.9,33.1,97000,2.00,2.00,3.00,4.00,0.0311,0
2023-05-11 05:29:56,1683797396,10.9,33.1,97000,2.00,3.00,4.00,4.00,0.0428,0
2023-05-11 05:34:58,1683797698,10.8,33.3,97000,1.00,4.00,7.00,8.00,0.0371,0
2023-05-11 09:59:51,1683813592,27.9,15.6,97100,5.00,8.00,11.0,12.0,,
2023-05-11 10:04:52,1683813893,28.2,15.1,97100,4.00,5.00,6.00,6.00,,
2023-05-11 10:06:26,1683813987,28.1,15.1,97100,3.00,4.00,5.00,6.00,,
2023-05-11 10:19:51,1683814791,28.8,14.5,97100,4.00,4.00,4.00,4.00,,
2023-05-11 10:24:52,1683815092,28.9,14.3,97100,5.00,5.00,5.00,5.00,0.0171,0
2023-05-11 10:25:29,1683815129,28.8,14.0,97100,3.00,3.00,4.00,4.00,0.0108,0
2023-05-11 10:34:58,1683815698,29.1,13.7,97100,3.00,4.00,5.00,6.00,0.0145,0
2023-05-11 10:39:58,1683815998,29.1,13.5,97100,6.00,7.00,8.00,9.00,0.0188,0
2023-05-11 10:42:28,1683816148,29.1,13.7,97100,4.00,5.00,6.00,7.00,0.0170,0
2023-05-11 10:49:52,1683816593,29.6,13.4,97100,4.00,5.00,5.00,5.00,0.0109,0
2023-05-11 10:54:52,1683816893,29.8,13.2,97100,4.00,6.00,6.00,7.00,0.0187,0
2023-05-11 10:58:00,1683817080,29.8,12.7,97100,5.00,7.00,8.00,9.00,0.0158,0
2023-05-11 11:09:46,1683817786,29.2,12.9,97125,4.00,5.00,6.00,6.00,0.0146,0
2023-05-11 11:14:55,1683818095,29.5,13.1,97200,4.00,5.00,5.00,6.00,0.0182,0
2023-05-11 11:15:32,1683818133,29.6,12.8,97200,3.00,4.00,5.00,6.00,0.0195,0
2023-05-11 11:24:56,1683818697,30.0,12.5,97200,5.00,6.00,6.00,6.00,0.0195,0
2023-05-11 11:29:42,1683818983,30.3,12.5,97200,4.00,6.00,8.00,10.0,0.0142,0
2023-05-11 11:32:31,1683819151,30.7,12.4,97200,3.00,5.00,6.00,7.00,0.0130,0
2023-05-11 11:44:57,1683819898,31.2,11.9,97100,7.00,8.00,9.00,9.00,0.0101,0
2023-05-11 11:49:57,1683820197,31.1,11.6,97100,7.00,7.00,7.00,7.00,0.00896,0
2023-05-11 11:50:15,1683820216,30.9,11.9,97100,2.00,3.00,3.00,3.00,0.0111,0
2023-05-11 11:59:43,1683820784,30.7,11.7,97100,3.00,5.00,7.00,7.00,0.0327,0
2023-05-11 12:04:52,1683821092,30.6,12.1,97100,4.00,5.00,7.00,7.00,0.0327,0
2023-05-11 12:07:21,1683821242,30.9,11.9,97100,8.00,8.00,8.00,8.00,0.0280,0
2023-05-11 12:14:59,1683821700,31.6,11.2,97100,5.00,7.00,8.00,8.00,0.0591,0
2023-05-11 12:19:59,1683821999,31.7,11.0,97100,7.00,10.0,14.0,16.0,0.0851,0
2023-05-11 12:22:47,1683822168,31.7,10.7,97100,4.00,5.00,5.00,6.00,0.0342,0
2023-05-11 12:34:50,1683822891,31.8,11.1,97200,8.00,9.00,10.0,11.0,0.0140,0
2023-05-11 12:39:46,1683823186,31.8,10.9,97173,9.00,11.0,13.0,14.0,0.0179,0
2023-05-11 12:41:01,1683823261,31.9,11.0,97100,2.00,3.00,4.00,4.00,0.0107,0
2023-05-11 12:54:41,1683824081,31.6,10.7,97100,5.00,5.00,5.00,5.00,0.0248,0
2023-05-11 12:59:20,1683824361,31.5,10.2,97100,5.00,6.00,8.00,8.00,0.0754,0
2023-05-11 13:14:44,1683825285,31.1,10.7,97100,4.00,5.00,8.00,10.0,0.0410,0
2023-05-11 13:16:26,1683825386,31.2,10.6,97100,3.00,4.00,6.00,6.00,0.0134,0
2023-05-11 13:24:54,1683825895,31.7,10.3,97100,1.00,3.00,4.00,5.00,0.0186,0
2023-05-11 13:29:54,1683826194,31.5,10.3,97100,2.00,3.00,5.00,5.00,0.0269,0
2023-05-11 13:31:27,1683826288,31.5,10.3,97100,2.00,2.00,2.00,3.00,0.0196,0
2023-05-11 13:39:59,1683826799,31.7,10.4,97100,1.00,3.00,6.00,7.00,0.0196,0
2023-05-11 13:44:58,1683827098,31.8,10.5,97100,3.00,3.00,4.00,5.00,0.0114,0
2023-05-11 13:48:23,1683827304,31.8,10.5,97100,2.00,2.00,2.00,3.00,0.0114,0
2023-05-11 14:04:56,1683828296,32.2,10.4,97100,4.00,5.00,6.00,7.00,0.0117,0
2023-05-11 14:06:48,1683828408,32.1,10.3,97100,2.00,2.00,3.00,4.00,0.0119,0
2023-05-11 14:14:50,1683828890,32.3,10.1,97064,1.00,5.00,9.00,11.0,0.0198,0
2023-05-11 14:19:48,1683829189,31.9,10.0,97088,2.00,3.00,5.00,7.00,0.0124,0
2023-05-11 14:23:14,1683829395,31.6,10.5,97100,2.00,4.00,7.00,8.00,0.0160,0
2023-05-11 14:34:59,1683830099,31.5,10.5,97000,1.00,2.00,3.00,4.00,0.0160,0
2023-05-11 14:39:58,1683830398,31.5,10.4,97069,2.00,3.00,6.00,7.00,0.0201,0
2023-05-11 14:49:45,1683830985,31.0,10.8,97000,3.00,5.00,7.00,7.00,0.0201,0
2023-05-11 14:53:11,1683831192,31.2,10.6,97000,2.00,3.00,4.00,4.00,0.0119,0
2023-05-11 14:58:38,1683831518,31.4,10.7,97000,3.00,8.00,13.0,15.0,0.0177,0
2023-05-11 15:04:55,1683831895,31.9,10.4,97000,2.00,2.00,2.00,2.00,0.0177,0
2023-05-11 15:09:54,1683832194,32.1,10.3,97000,2.00,3.00,4.00,4.00,0.0323,0
2023-05-11 15:14:57,1683832497,31.8,9.82,97000,3.00,3.00,4.00,5.00,0.0281,0
2023-05-11 15:15:52,1683832553,31.7,9.82,97000,1.00,3.00,3.00,4.00,0.0109,0
2023-05-11 15:24:59,1683833100,31.4,10.1,97000,2.00,2.00,2.00,3.00,0.0111,0
2023-05-11 15:29:59,1683833399,31.3,10.0,97000,4.00,5.00,9.00,10.0,0.0120,0
2023-05-11 15:33:05,1683833586,31.1,10.3,97000,2.00,2.00,3.00,4.00,0.0120,0
2023-05-11 15:39:45,1683833985,31.4,10.4,97000,1.00,1.00,1.00,1.00,0.0129,0
2023-05-11 15:44:44,1683834285,31.3,10.2,97000,3.00,4.00,5.00,6.00,0.0157,0
2023-05-11 15:49:44,1683834585,30.9,10.3,97000,2.00,3.00,4.00,4.00,0.0113,0
2023-05-11 15:59:49,1683835190,30.7,10.9,97000,2.00,3.00,4.00,4.00,0.0104,0
2023-05-11 16:04:49,1683835490,30.8,10.7,97000,3.00,5.00,7.00,7.00,0.0117,0
2023-05-11 16:07:00,1683835620,30.9,10.9,97000,1e-7,1.00,3.00,3.00,0.0119,0
2023-05-11 16:14:52,1683836092,31.0,11.1,97000,1.00,2.00,4.00,5.00,0.0153,0
2023-05-11 16:19:51,1683836392,31.2,10.9,97000,3.00,5.00,6.00,7.00,0.0153,0
2023-05-11 16:23:36,1683836616,31.3,10.8,97000,2.00,6.00,9.00,11.0,0.0176,0
2023-05-11 16:34:47,1683837288,31.5,10.5,97000,2.00,3.00,3.00,4.00,0.0176,0
2023-05-11 16:39:47,1683837587,31.4,10.5,97000,5.00,5.00,5.00,5.00,0.0114,0
2023-05-11 16:40:43,1683837643,31.4,10.7,97000,1.00,1.00,1.00,2.00,0.00953,0
2023-05-11 16:49:50,1683838191,31.7,10.4,97000,2.00,3.00,4.00,4.00,0.0110,0
2023-05-11 16:54:49,1683838490,31.9,9.92,97000,2.00,3.00,4.00,5.00,0.0134,0
2023-05-11 16:57:41,1683838661,31.7,10.2,97000,2.00,2.00,3.00,3.00,0.0123,0
2023-05-11 17:04:54,1683839095,31.7,10.3,97000,3.00,5.00,6.00,6.00,0.0101,0
2023-05-11 17:09:53,1683839394,31.9,10.2,97000,3.00,4.00,6.00,6.00,0.0287,0
2023-05-11 17:14:53,1683839693,31.9,10.1,97000,4.00,5.00,8.00,9.00,0.0287,0
2023-05-11 17:15:29,1683839730,31.8,10.6,97000,2.00,2.00,3.00,4.00,0.0106,0
2023-05-11 17:24:57,1683840298,31.6,10.5,97000,3.00,4.00,5.00,6.00,0.0133,0
2023-05-11 17:29:58,1683840599,31.6,10.5,97000,5.00,5.00,5.00,6.00,0.0173,0
2023-05-11 17:32:09,1683840729,31.6,10.7,97000,3.00,4.00,5.00,5.00,0.0104,0
2023-05-11 17:39:52,1683841192,31.1,10.5,97000,1.00,1.00,1.00,1.00,0.00952,0
2023-05-11 17:44:52,1683841492,30.9,10.4,97000,3.00,4.00,6.00,7.00,0.0105,0
2023-05-11 17:46:07,1683841567,30.6,10.7,97000,1.00,3.00,4.00,4.00,0.0105,0
2023-05-11 17:59:51,1683842391,30.2,10.8,97000,3.00,4.00,5.00,5.00,0.0143,0
2023-05-11 18:04:52,1683842692,29.8,11.0,97000,5.00,7.00,9.00,9.00,0.0157,0
2023-05-11 18:09:55,1683842995,29.6,11.3,97000,3.00,4.00,5.00,6.00,0.0238,0
2023-05-11 18:14:56,1683843297,29.4,11.2,97000,5.00,7.00,8.00,9.00,0.0168,0
2023-05-11 18:19:47,1683843587,29.0,11.4,97000,5.00,8.00,10.0,10.0,0.0175,0
2023-05-11 18:24:49,1683843889,28.6,11.5,97000,5.00,7.00,9.00,9.00,0.0183,0
2023-05-11 18:29:59,1683844200,28.1,11.9,97000,3.00,5.00,7.00,8.00,0.0124,0
2023-05-11 18:32:31,1683844351,27.9,12.0,97000,4.00,6.00,8.00,9.00,0.0118,0
2023-05-11 18:39:55,1683844795,27.5,12.4,97000,3.00,6.00,8.00,10.0,0.0359,0
2023-05-11 18:44:58,1683845098,27.2,12.4,97000,4.00,6.00,8.00,9.00,0.0359,0
2023-05-11 18:49:42,1683845383,26.9,12.9,97000,4.00,4.00,5.00,6.00,0.0258,0
2023-05-11 18:54:46,1683845686,26.6,13.1,97000,5.00,8.00,11.0,13.0,0.0258,0
2023-05-11 18:59:58,1683845998,26.3,13.5,97000,3.00,5.00,6.00,7.00,0.0185,0
2023-05-11 19:04:49,1683846289,26.0,14.0,97000,6.00,6.00,6.00,6.00,0.0242,0
2023-05-11 19:09:41,1683846581,25.6,14.3,97000,3.00,4.00,5.00,5.00,0.0225,0
2023-05-11 19:12:53,1683846773,25.3,14.5,97000,2.00,4.00,6.00,7.00,0.0204,0
2023-05-11 19:19:58,1683847198,24.9,14.7,97000,6.00,6.00,9.00,11.0,0.0191,0
2023-05-11 19:24:43,1683847483,24.5,15.1,97000,4.00,5.00,7.00,7.00,0.0355,0
2023-05-11 19:29:24,1683847764,24.1,15.4,97000,4.00,5.00,6.00,7.00,0.0355,0
2023-05-11 19:34:48,1683848088,23.8,15.5,97000,3.00,5.00,6.00,7.00,0.0223,0
2023-05-11 19:39:42,1683848383,23.4,15.8,97000,6.00,8.00,8.00,9.00,0.0223,0
2023-05-11 19:44:51,1683848692,23.1,16.2,97000,6.00,8.00,11.0,13.0,0.0279,0
2023-05-11 19:48:02,1683848883,22.9,16.4,97000,5.00,5.00,6.00,7.00,0.0225,0
2023-05-11 19:54:58,1683849298,22.6,16.7,97000,7.00,8.00,9.00,10.0,0.0193,0
2023-05-11 19:59:44,1683849585,22.3,17.0,97000,4.00,4.00,5.00,5.00,0.0208,0
2023-05-11 20:04:51,1683849892,22.0,17.3,97000,5.00,9.00,14.0,16.0,0.0198,0
2023-05-11 20:09:10,1683850150,21.8,17.5,97000,5.00,6.00,6.00,7.00,0.0329,0
2023-05-11 20:14:59,1683850499,21.6,17.7,97000,6.00,7.00,8.00,9.00,0.0348,0
2023-05-11 20:19:47,1683850788,21.4,17.9,97000,6.00,10.0,15.0,17.0,0.0401,0
2023-05-11 20:24:54,1683851095,21.3,18.1,97000,4.00,5.00,7.00,8.00,0.0401,0
2023-05-11 20:29:43,1683851383,21.2,18.3,97000,5.00,6.00,7.00,7.00,0.0356,0
2023-05-11 20:34:50,1683851691,21.0,18.6,97000,5.00,6.00,7.00,8.00,0.0299,0
2023-05-11 20:39:58,1683851999,20.9,18.8,97000,7.00,8.00,9.00,9.00,0.0163,0
2023-05-11 20:44:47,1683852287,20.8,18.9,97000,6.00,6.00,6.00,7.00,0.0125,0
2023-05-11 20:49:43,1683852583,20.8,19.1,97000,4.00,6.00,8.00,9.00,0.0125,0
2023-05-11 20:54:51,1683852891,20.7,19.0,97000,6.00,7.00,10.0,11.0,0.0136,0
2023-05-11 20:59:59,1683853199,20.7,19.4,97000,4.00,5.00,5.00,6.00,0.0191,0
2023-05-11 21:04:48,1683853488,20.6,19.4,97000,7.00,8.00,9.00,10.0,0.0186,0
2023-05-11 21:09:41,1683853781,20.5,19.8,97031,6.00,6.00,6.00,6.00,0.0266,0
2023-05-11 21:14:54,1683854094,20.4,20.1,97100,7.00,8.00,8.00,9.00,0.0334,0
2023-05-11 21:19:43,1683854383,20.2,20.1,97100,5.00,6.00,6.00,6.00,0.0334,0
2023-05-11 21:24:53,1683854693,20.2,20.3,97100,4.00,8.00,11.0,13.0,0.0135,0
2023-05-11 21:29:23,1683854963,20.1,20.2,97100,7.00,11.0,13.0,15.0,0.0213,0
2023-05-11 21:34:50,1683855290,20.1,20.5,97100,5.00,6.00,8.00,8.00,0.0196,0
2023-05-11 21:39:58,1683855599,20.0,20.8,97100,5.00,6.00,6.00,6.00,0.0196,0
2023-05-11 21:44:52,1683855892,19.9,20.8,97100,8.00,8.00,8.00,8.00,0.0339,0
2023-05-11 21:49:40,1683856181,19.7,21.0,97100,5.00,8.00,11.0,13.0,0.0124,0
2023-05-11 21:54:49,1683856490,19.5,21.2,97100,5.00,5.00,8.00,10.0,0.0132,0
2023-05-11 21:59:58,1683856798,19.4,21.5,97100,4.00,6.00,9.00,11.0,0.0150,0
2023-05-11 22:04:47,1683857088,19.3,21.7,97100,6.00,9.00,11.0,13.0,0.0144,0
2023-05-11 22:09:56,1683857396,19.2,21.9,97100,4.00,7.00,8.00,9.00,0.0171,0
2023-05-11 22:14:53,1683857694,19.2,22.0,97100,7.00,10.0,12.0,13.0,0.0239,0
2023-05-11 22:19:52,1683857992,19.1,21.9,97100,7.00,9.00,11.0,12.0,0.0450,0
2023-05-11 22:24:48,1683858289,19.0,22.3,97064,4.00,9.00,13.0,14.0,0.0418,0
2023-05-11 22:29:45,1683858586,18.9,22.3,97000,6.00,10.0,13.0,15.0,0.0418,0
2023-05-11 22:34:55,1683858895,18.9,22.5,97000,4.00,5.00,7.00,8.00,0.0257,0
2023-05-11 22:39:48,1683859189,18.9,22.7,97000,5.00,6.00,6.00,6.00,0.0253,0
2023-05-11 22:44:58,1683859499,18.8,23.0,97000,4.00,6.00,7.00,7.00,0.0253,0
2023-05-11 22:49:48,1683859789,18.8,23.2,97000,4.00,6.00,6.00,7.00,0.0123,0
2023-05-11 22:54:38,1683860078,18.7,23.4,97000,4.00,5.00,6.00,6.00,0.0140,0
2023-05-11 22:59:54,1683860394,18.6,23.4,97000,8.00,8.00,9.00,10.0,0.0148,0
2023-05-11 23:04:48,1683860689,18.5,24.0,97000,8.00,9.00,9.00,9.00,0.0600,0
2023-05-11 23:09:58,1683860998,18.5,24.1,97000,4.00,5.00,5.00,5.00,0.0531,0
2023-05-11 23:14:48,1683861289,18.4,24.3,97000,4.00,4.00,5.00,5.00,0.0531,0
2023-05-11 23:19:58,1683861599,18.3,24.4,97000,8.00,9.00,9.00,10.0,0.0326,0
2023-05-11 23:24:49,1683861889,18.3,24.6,97000,4.00,6.00,8.00,9.00,0.0475,0
2023-05-11 23:29:59,1683862199,18.2,24.6,97000,6.00,7.00,10.0,11.0,0.0148,0
2023-05-11 23:34:49,1683862490,18.2,24.8,97000,8.00,9.00,11.0,11.0,0.0149,0
2023-05-11 23:39:59,1683862800,18.2,25.0,97000,5.00,5.00,5.00,5.00,0.0149,0
2023-05-11 23:44:50,1683863091,18.2,25.2,97000,4.00,6.00,7.00,8.00,0.0376,0
2023-05-11 23:49:41,1683863381,18.2,25.4,97000,6.00,8.00,9.00,9.00,0.0290,0
2023-05-11 23:54:51,1683863691,18.3,25.5,97000,6.00,6.00,7.00,7.00,0.0298,0
2023-05-11 23:59:41,1683863981,18.3,25.8,97000,7.00,10.0,13.0,14.0,0.0305,0
2023-05-12 00:04:51,1683864291,18.2,25.9,97000,4.00,6.00,7.00,8.00,0.0390,0
2023-05-12 00:09:42,1683864582,18.2,25.9,97000,4.00,5.00,8.00,9.00,0.0489,0
2023-05-12 00:14:41,1683864882,18.2,26.3,97000,7.00,7.00,8.00,9.00,0.0453,0
2023-05-12 00:19:51,1683865192,18.1,25.9,97000,4.00,5.00,6.00,7.00,0.0208,0
2023-05-12 00:24:42,1683865482,18.1,25.1,97000,4.00,6.00,7.00,8.00,0.0172,0
2023-05-12 00:29:52,1683865793,18.1,25.0,97000,6.00,8.00,9.00,10.0,0.0261,0
2023-05-12 00:34:47,1683866087,18.0,25.0,97000,5.00,6.00,7.00,8.00,0.0203,0
2023-05-12 00:39:51,1683866392,17.9,25.1,97000,6.00,7.00,7.00,8.00,0.0345,0
2023-05-12 00:44:42,1683866683,17.9,25.1,97000,4.00,7.00,10.0,12.0,0.0203,0
2023-05-12 00:49:52,1683866993,17.9,25.3,97000,7.00,10.0,11.0,12.0,0.0131,0
2023-05-12 00:54:43,1683867284,17.9,25.0,96907,7.00,8.00,11.0,13.0,0.0268,0
2023-05-12 00:59:53,1683867594,17.9,25.2,96900,4.00,6.00,7.00,7.00,0.0275,0
2023-05-12 01:04:44,1683867885,17.9,25.4,96900,8.00,8.00,8.00,8.00,0.0249,0
2023-05-12 01:09:35,1683868176,17.9,25.6,96900,4.00,7.00,10.0,12.0,0.0203,0
2023-05-12 01:14:14,1683868454,17.8,25.6,96900,5.00,7.00,8.00,9.00,0.0203,0
2023-05-12 01:19:42,1683868783,17.7,26.4,96900,5.00,7.00,9.00,11.0,0.0171,0
2023-05-12 01:24:53,1683869093,17.6,27.3,96900,4.00,7.00,11.0,13.0,0.0198,0
2023-05-12 01:29:44,1683869384,17.4,27.6,96900,7.00,8.00,8.00,9.00,0.0222,0
2023-05-12 01:34:54,1683869695,17.2,27.7,96900,5.00,7.00,10.0,12.0,0.0134,0
2023-05-12 01:39:45,1683869986,17.1,27.3,96900,4.00,5.00,5.00,6.00,0.0169,0
2023-05-12 01:44:56,1683870296,17.1,27.3,96900,7.00,7.00,7.00,7.00,0.0197,0
2023-05-12 01:49:47,1683870588,17.2,27.7,96900,5.00,11.0,15.0,17.0,0.0348,0
2023-05-12 01:54:42,1683870883,17.3,28.4,96900,6.00,6.00,7.00,8.00,0.0348,0
2023-05-12 01:59:53,1683871193,17.3,28.5,96900,4.00,5.00,6.00,7.00,0.0383,0
2023-05-12 02:04:44,1683871484,17.2,28.5,96900,4.00,5.00,6.00,6.00,0.0334,0
2023-05-12 02:09:53,1683871794,17.3,27.9,96900,6.00,7.00,8.00,9.00,0.0352,0
2023-05-12 02:12:48,1683871969,17.3,28.4,96900,5.00,5.00,6.00,6.00,0.0352,0
2023-05-12 02:19:45,1683872386,17.3,28.2,96900,6.00,7.00,9.00,10.0,0.0212,0
2023-05-12 02:24:55,1683872696,17.3,28.3,96900,5.00,7.00,8.00,9.00,0.0132,0
2023-05-12 02:29:46,1683872987,17.2,28.7,96900,4.00,5.00,6.00,7.00,0.0135,0
2023-05-12 02:34:45,1683873286,17.1,28.5,96900,6.00,7.00,7.00,7.00,0.0178,0
2023-05-12 02:39:56,1683873596,17.0,28.1,96900,5.00,6.00,7.00,7.00,0.0143,0
2023-05-12 02:44:47,1683873888,17.0,28.0,96900,6.00,9.00,12.0,13.0,0.0200,0
2023-05-12 02:49:58,1683874198,17.0,28.2,96900,5.00,9.00,14.0,16.0,0.0429,0
2023-05-12 02:54:49,1683874490,17.0,28.1,96900,6.00,8.00,9.00,10.0,0.0249,0
2023-05-12 02:59:41,1683874781,17.0,28.0,96900,5.00,10.0,13.0,15.0,0.0622,0
2023-05-12 03:04:52,1683875092,17.1,28.1,96900,6.00,7.00,7.00,7.00,0.0344,0
2023-05-12 03:09:43,1683875384,17.2,27.9,96900,5.00,6.00,7.00,7.00,0.0127,0
2023-05-12 03:14:54,1683875695,17.2,27.6,96900,6.00,7.00,8.00,8.00,0.0127,0
2023-05-12 03:19:46,1683875987,17.3,27.5,96900,5.00,8.00,11.0,13.0,0.0123,0
2023-05-12 03:24:57,1683876297,17.4,27.1,96900,6.00,6.00,6.00,7.00,0.0367,0
2023-05-12 03:29:48,1683876589,17.4,26.9,96900,5.00,5.00,6.00,6.00,0.0490,0
2023-05-12 03:34:59,1683876899,17.5,26.8,96900,4.00,5.00,7.00,8.00,0.0493,0
2023-05-12 03:39:50,1683877190,17.6,27.0,96900,9.00,10.0,10.0,11.0,0.0135,0
2023-05-12 03:44:41,1683877482,17.6,26.9,96900,7.00,10.0,13.0,14.0,0.0277,0
2023-05-12 03:49:52,1683877792,17.7,26.9,96900,4.00,6.00,8.00,9.00,0.0348,0
2023-05-12 03:54:43,1683878083,17.7,27.1,96900,6.00,11.0,15.0,17.0,0.0305,0
2023-05-12 03:59:53,1683878394,17.8,27.2,96906,7.00,7.00,7.00,7.00,0.0271,0
2023-05-12 04:04:44,1683878685,17.7,27.9,97000,6.00,7.00,9.00,10.0,0.0279,0
2023-05-12 04:09:55,1683878995,17.6,28.0,96950,6.00,8.00,12.0,14.0,0.0236,0
2023-05-12 04:14:46,1683879286,17.6,28.2,96900,4.00,5.00,7.00,8.00,0.0236,0
2023-05-12 04:19:56,1683879597,17.5,28.3,96906,4.00,6.00,7.00,9.00,0.0116,0
2023-05-12 04:24:48,1683879888,17.5,29.0,96900,5.00,6.00,6.00,6.00,0.0125,0
2023-05-12 04:29:58,1683880199,17.4,28.7,96950,6.00,7.00,7.00,7.00,0.0236,0
2023-05-12 04:34:49,1683880490,17.3,29.0,96900,6.00,8.00,9.00,10.0,0.0189,0
2023-05-12 04:39:40,1683880781,17.2,29.5,96900,5.00,6.00,7.00,8.00,0.0252,0
2023-05-12 04:44:51,1683881092,17.1,29.8,96950,5.00,7.00,8.00,9.00,0.0224,0
2023-05-12 04:49:42,1683881383,17.1,30.2,96967,7.00,8.00,9.00,10.0,0.0213,0
2023-05-12 04:54:53,1683881694,17.0,29.9,96950,4.00,6.00,8.00,9.00,0.0157,0
2023-05-12 04:59:45,1683881985,17.0,29.4,96900,6.00,6.00,7.00,8.00,0.00938,0
2023-05-12 05:04:55,1683882296,17.0,29.0,96956,5.00,6.00,8.00,10.0,0.0265,0
2023-05-12 05:09:47,1683882587,17.0,29.1,96973,6.00,7.00,8.00,9.00,0.0252,0
2023-05-12 05:14:58,1683882898,17.1,28.9,96900,5.00,6.00,7.00,8.00,0.0296,0
2023-05-12 05:19:49,1683883189,17.2,28.8,96900,5.00,7.00,8.00,8.00,0.0305,0
2023-05-12 05:24:40,1683883481,17.2,29.2,96900,6.00,7.00,11.0,13.0,0.0200,0
2023-05-12 05:29:51,1683883791,17.3,29.6,96900,8.00,9.00,11.0,13.0,0.0133,0
2023-05-12 05:34:42,1683884082,17.4,29.6,96900,8.00,9.00,10.0,11.0,0.0190,0
2023-05-12 05:39:53,1683884393,17.4,30.1,96900,5.00,6.00,7.00,8.00,0.0199,0
2023-05-12 05:44:44,1683884684,17.5,30.5,96900,4.00,6.00,8.00,9.00,0.0245,0
2023-05-12 05:49:54,1683884995,17.5,30.7,96900,6.00,6.00,7.00,8.00,0.0371,0
2023-05-12 05:54:45,1683885286,17.5,30.4,96900,7.00,8.00,8.00,8.00,0.0176,0
2023-05-12 05:59:55,1683885596,17.6,30.5,96900,6.00,6.00,8.00,9.00,0.0198,0
2023-05-12 06:04:46,1683885887,17.7,30.8,96900,8.00,14.0,19.0,21.0,0.0207,0
2023-05-12 06:06:04,1683885964,17.8,31.0,96900,2.00,3.00,3.00,3.00,0.0479,0
2023-05-12 07:54:26,1683892467,19.7,29.9,97000,6.00,6.00,6.00,6.00,,
2023-05-12 08:18:44,1683893924,19.6,29.7,97000,2.00,3.00,4.00,5.00,,
2023-05-12 08:34:41,1683894881,19.5,30.3,97000,6.00,7.00,7.00,7.00,,
2023-05-12 08:35:00,1683894901,19.5,30.1,97000,4.00,4.00,4.00,4.00,,
2023-05-12 10:29:50,1683901790,26.2,24.1,97100,6.00,6.00,6.00,6.00,,
2023-05-12 10:34:53,1683902093,25.5,24.8,97100,4.00,5.00,6.00,6.00,0.0269,0
2023-05-12 10:39:57,1683902397,24.2,26.9,97100,4.00,6.00,8.00,9.00,0.0462,0
2023-05-12 10:44:43,1683902683,22.9,29.9,97100,3.00,3.00,3.00,3.00,0.0102,0
2023-05-12 10:49:30,1683902970,22.1,32.0,97100,4.00,11.0,17.0,21.0,0.0213,0
2023-05-12 12:04:51,1683907491,25.5,28.9,97000,2.00,2.00,3.00,4.00,,
2023-05-12 12:09:44,1683907784,25.4,29.5,97000,4.00,6.00,9.00,10.0,,
2023-05-12 12:13:50,1683908030,25.8,30.1,97000,2.00,9.00,15.0,18.0,,
2023-05-12 12:29:56,1683908996,26.1,29.4,97000,4.00,4.00,4.00,4.00,0.00903,0
2023-05-12 12:33:05,1683909186,25.3,31.9,97000,4.00,5.00,6.00,6.00,0.0302,0
2023-05-12 12:44:41,1683909882,25.4,33.0,97000,3.00,6.00,8.00,9.00,0.0199,0
2023-05-12 12:49:44,1683910184,27.0,31.4,97000,6.00,6.00,7.00,7.00,0.0249,0
2023-05-12 12:51:18,1683910278,27.8,29.8,97000,3.00,4.00,6.00,6.00,0.0231,0
2023-05-12 12:59:41,1683910782,29.3,27.8,97000,2.00,3.00,3.00,3.00,0.0171,0
2023-05-12 13:04:42,1683911082,29.7,27.6,97000,5.00,6.00,8.00,8.00,0.0309,0
2023-05-12 13:07:12,1683911232,30.2,26.3,97000,2.00,4.00,5.00,6.00,0.00845,0
2023-05-12 13:14:48,1683911689,30.8,24.6,97000,1e-7,1.00,1.00,2.00,0.0150,0
2023-05-12 13:19:48,1683911988,30.8,24.3,96925,4.00,5.00,5.00,5.00,0.0197,0
2023-05-12 13:24:47,1683912288,31.1,24.3,96900,3.00,3.00,3.00,3.00,0.0174,0
2023-05-12 13:25:06,1683912307,31.2,23.5,96900,1.00,1.00,1.00,1.00,0.0101,0
2023-05-12 13:34:39,1683912879,31.1,21.9,96900,2.00,2.00,2.00,2.00,0.0101,0
2023-05-12 13:39:53,1683913194,30.6,21.7,96900,2.00,3.00,5.00,7.00,0.0102,0
2023-05-12 13:42:42,1683913362,30.0,21.9,96900,1.00,6.00,11.0,13.0,0.0101,0
2023-05-12 13:49:42,1683913783,29.1,21.8,96900,5.00,7.00,9.00,10.0,0.0116,0
2023-05-12 13:54:44,1683914084,28.6,21.5,96900,2.00,3.00,4.00,5.00,0.0178,0
2023-05-12 13:59:16,1683914357,27.5,22.3,96900,2.00,2.00,4.00,5.00,0.0334,0
2023-05-12 14:09:42,1683914983,26.8,24.2,96900,2.00,2.00,3.00,4.00,0.0343,0
2023-05-12 14:14:44,1683915284,27.6,22.3,96900,2.00,3.00,4.00,5.00,0.0114,0
2023-05-12 14:15:22,1683915322,28.1,21.6,96900,1.00,2.00,3.00,3.00,0.0100,0
2023-05-12 14:29:47,1683916187,29.6,20.6,96900,1.00,6.00,10.0,12.0,0.0150,0
2023-05-12 14:34:27,1683916468,29.9,20.1,96900,2.00,4.00,7.00,8.00,0.0282,0
2023-05-12 14:39:50,1683916790,30.6,20.2,96900,1e-7,1e-7,1e-7,1e-7,0.0305,0
2023-05-12 14:44:50,1683917090,30.9,19.4,96900,2.00,2.00,3.00,3.00,0.0305,0
2023-05-12 14:49:50,1683917390,31.2,19.0,96900,2.00,4.00,6.00,7.00,0.0327,0
2023-05-12 15:04:54,1683918294,30.9,18.5,96900,1e-7,2.00,3.00,4.00,0.00990,0
2023-05-12 15:06:46,1683918407,31.0,18.2,96900,1.00,2.00,3.00,3.00,0.0104,0
2023-05-12 15:14:49,1683918889,30.8,17.0,96900,1.00,3.00,4.00,4.00,0.0117,0
2023-05-12 15:19:58,1683919199,30.5,18.0,96900,2.00,4.00,7.00,9.00,0.0140,0
2023-05-12 15:24:21,1683919462,30.1,18.7,96900,2.00,2.00,3.00,4.00,0.0147,0
2023-05-12 15:34:41,1683920081,30.1,17.0,96867,1.00,2.00,4.00,4.00,0.0132,0
2023-05-12 15:39:47,1683920387,30.1,17.1,96900,1.00,2.00,4.00,4.00,0.0126,0
2023-05-12 15:41:02,1683920462,29.8,17.2,96900,1.00,1.00,1.00,2.00,0.00995,0
2023-05-12 15:54:48,1683921289,28.7,17.2,96900,1.00,2.00,4.00,5.00,0.00995,0
2023-05-12 15:57:08,1683921429,28.8,17.4,96900,2.00,2.00,3.00,3.00,0.00995,0
2023-05-12 16:09:49,1683922189,29.8,16.9,96900,1.00,1.00,3.00,3.00,0.00995,0
2023-05-12 16:14:54,1683922494,29.7,16.8,96900,1.00,2.00,3.00,4.00,0.00995,0
2023-05-12 16:19:53,1683922793,29.6,16.7,96900,1.00,2.00,4.00,4.00,0.00995,0
2023-05-12 16:24:54,1683923094,29.6,16.4,96900,2.00,4.00,5.00,5.00,0.0123,0
2023-05-12 16:29:55,1683923396,29.7,16.5,96900,2.00,3.00,4.00,5.00,0.0127,0
2023-05-12 16:33:22,1683923603,29.4,16.8,96900,1.00,5.00,8.00,9.00,0.0112,0
2023-05-12 16:44:38,1683924279,28.4,17.0,96900,2.00,2.00,3.00,4.00,0.0112,0
2023-05-12 16:49:59,1683924599,28.2,17.5,96900,2.00,3.00,3.00,4.00,0.0130,0
2023-05-12 16:50:36,1683924637,28.2,17.7,96900,1.00,5.00,8.00,10.0,0.00931,0
2023-05-12 16:59:55,1683925196,28.1,18.2,96900,2.00,2.00,3.00,4.00,0.0101,0
2023-05-12 17:04:57,1683925498,28.0,18.2,96900,3.00,5.00,8.00,9.00,0.0249,0
2023-05-12 17:07:47,1683925667,28.1,18.2,96900,1.00,3.00,5.00,6.00,0.0147,0
2023-05-12 17:19:54,1683926394,28.0,18.3,96900,1.00,5.00,8.00,9.00,0.0147,0
2023-05-12 17:24:56,1683926697,27.9,18.3,96900,1.00,4.00,6.00,7.00,0.0131,0
2023-05-12 17:25:15,1683926715,28.0,18.4,96900,1e-7,1.00,1.00,2.00,0.0122,0
2023-05-12 17:34:52,1683927293,27.5,18.5,96900,1.00,5.00,7.00,9.00,0.0154,0
2023-05-12 17:39:55,1683927595,27.1,18.8,96900,2.00,2.00,3.00,4.00,0.0150,0
2023-05-12 17:42:07,1683927728,26.8,19.1,96900,2.00,2.00,3.00,4.00,0.0144,0
2023-05-12 17:49:47,1683928188,26.4,19.8,96900,2.00,2.00,3.00,3.00,0.0113,0
2023-05-12 17:54:13,1683928453,26.2,19.8,96900,2.00,2.00,3.00,4.00,0.00995,0
2023-05-12 17:58:19,1683928700,26.1,20.2,96900,1.00,1.00,3.00,3.00,0.00995,0
2023-05-12 18:14:47,1683929688,26.0,20.3,96900,3.00,6.00,8.00,9.00,0.0128,0
2023-05-12 18:19:42,1683929982,25.9,20.6,96900,2.00,3.00,5.00,6.00,0.0286,0
2023-05-12 18:24:46,1683930286,25.7,20.7,96900,3.00,6.00,8.00,9.00,0.0104,0
2023-05-12 18:29:50,1683930590,25.5,20.8,96900,2.00,5.00,8.00,10.0,0.0132,0
2023-05-12 18:34:16,1683930856,25.4,21.1,96900,4.00,7.00,10.0,11.0,0.0117,0
2023-05-12 18:39:59,1683931199,25.3,21.1,96900,3.00,4.00,5.00,5.00,0.0268,0
2023-05-12 18:44:44,1683931484,25.2,21.5,96900,2.00,2.00,3.00,4.00,0.0291,0
2023-05-12 18:49:48,1683931788,25.0,21.4,96900,2.00,4.00,5.00,6.00,0.0232,0
2023-05-12 19:09:57,1683932997,24.3,22.3,96900,1.00,2.00,3.00,4.00,,
2023-05-12 19:14:43,1683933283,24.2,22.5,96900,2.00,3.00,4.00,5.00,,
2023-05-12 19:19:48,1683933588,24.0,22.7,96900,3.00,4.00,5.00,5.00,,
2023-05-12 19:24:53,1683933894,23.9,22.8,96900,2.00,5.00,8.00,10.0,0.0119,0
2023-05-12 19:29:59,1683934200,23.7,22.9,96900,4.00,5.00,8.00,10.0,0.0200,0
2023-05-12 19:34:27,1683934467,23.6,23.1,96900,4.00,5.00,6.00,6.00,0.0200,0
2023-05-12 19:39:52,1683934792,23.4,23.2,96900,1.00,3.00,4.00,4.00,0.0237,0
2023-05-12 19:44:58,1683935098,23.3,23.3,96900,3.00,4.00,5.00,6.00,0.0237,0
2023-05-12 19:48:36,1683935316,23.2,23.5,96900,2.00,7.00,11.0,13.0,0.0142,0
2023-05-12 19:54:46,1683935687,22.9,26.0,96900,3.00,4.00,4.00,5.00,0.0161,0
2023-05-12 19:59:03,1683935944,22.4,27.0,96908,4.00,5.00,8.00,10.0,0.0212,0
2023-05-12 20:04:49,1683936290,21.7,28.3,96975,4.00,4.00,6.00,7.00,0.0163,0
2023-05-12 20:09:57,1683936597,21.3,28.2,97000,4.00,4.00,5.00,5.00,0.0163,0
2023-05-12 20:14:32,1683936873,21.1,28.8,96908,3.00,4.00,5.00,6.00,0.0111,0
2023-05-12 20:18:22,1683937103,20.9,28.8,96900,5.00,7.00,11.0,13.0,0.0111,0
2023-05-12 20:24:53,1683937494,20.7,29.0,96953,2.00,3.00,4.00,5.00,0.0220,0
2023-05-12 20:29:50,1683937790,20.6,29.1,97000,5.00,5.00,7.00,8.00,0.0182,0
2023-05-12 20:34:57,1683938098,20.5,29.7,97000,5.00,6.00,7.00,7.00,0.0169,0
2023-05-12 20:39:46,1683938387,20.4,30.2,97000,3.00,8.00,12.0,14.0,0.0164,0
2023-05-12 20:44:41,1683938681,20.3,30.6,97000,4.00,6.00,8.00,9.00,0.0207,0
2023-05-12 20:49:51,1683938991,20.1,30.9,97000,6.00,7.00,7.00,8.00,0.0143,0
2023-05-12 20:54:59,1683939299,19.8,31.1,97000,4.00,7.00,10.0,12.0,0.0287,0
2023-05-12 20:59:51,1683939591,19.6,31.3,97000,3.00,6.00,9.00,11.0,0.0294,0
2023-05-12 21:04:21,1683939862,19.3,31.6,97000,2.00,4.00,6.00,7.00,0.0377,0
2023-05-12 21:09:49,1683940190,19.0,32.1,97000,4.00,5.00,5.00,6.00,0.0299,0
2023-05-12 21:14:58,1683940498,18.8,32.7,97000,5.00,7.00,10.0,12.0,0.0227,0
2023-05-12 21:19:48,1683940788,18.5,33.1,97000,4.00,6.00,9.00,11.0,0.0280,0
2023-05-12 21:24:45,1683941086,18.2,33.4,96969,4.00,5.00,6.00,7.00,0.0275,0
2023-05-12 21:29:55,1683941396,18.0,33.9,97000,5.00,6.00,7.00,7.00,0.0264,0
2023-05-12 21:34:45,1683941685,17.8,34.4,97000,4.00,6.00,8.00,8.00,0.0162,0
2023-05-12 21:39:55,1683941996,17.6,34.9,97000,3.00,4.00,5.00,5.00,0.0124,0
2023-05-12 21:44:45,1683942285,17.6,35.3,97000,3.00,5.00,8.00,10.0,0.0109,0
2023-05-12 21:49:55,1683942596,17.7,35.2,97000,2.00,5.00,7.00,9.00,0.0110,0
2023-05-12 21:54:53,1683942894,17.8,36.2,97038,2.00,3.00,4.00,5.00,0.0184,0
2023-05-12 21:59:44,1683943185,17.8,37.0,97040,2.00,5.00,7.00,8.00,0.0176,0
2023-05-12 22:04:42,1683943483,17.8,38.0,97000,4.00,5.00,7.00,8.00,0.0246,0
2023-05-12 22:09:55,1683943795,17.6,38.2,97000,3.00,6.00,8.00,10.0,0.0260,0
2023-05-12 22:14:45,1683944086,17.5,38.0,97000,2.00,7.00,11.0,14.0,0.0156,0
2023-05-12 22:19:40,1683944381,17.3,38.3,97000,4.00,5.00,7.00,8.00,0.0160,0
2023-05-12 22:24:51,1683944691,17.1,38.2,97000,5.00,8.00,11.0,12.0,0.0257,0
2023-05-12 22:29:43,1683944983,16.9,38.4,97000,2.00,4.00,6.00,7.00,0.0609,0
2023-05-12 22:34:54,1683945294,16.6,39.0,97000,4.00,7.00,9.00,11.0,0.0228,0
2023-05-12 22:39:44,1683945585,16.4,39.2,97000,2.00,5.00,7.00,9.00,0.0182,0
2023-05-12 22:44:44,1683945884,16.2,39.3,97000,2.00,6.00,9.00,10.0,0.0208,0
2023-05-12 22:49:36,1683946176,16.0,39.4,97000,3.00,9.00,13.0,15.0,0.0225,0
2023-05-12 22:54:45,1683946486,15.9,39.4,97000,3.00,5.00,7.00,8.00,0.0154,0
2023-05-12 22:59:44,1683946785,15.8,39.3,97000,2.00,3.00,4.00,5.00,0.0154,0
2023-05-12 23:04:36,1683947077,15.7,39.5,97000,4.00,5.00,6.00,8.00,0.0252,0
2023-05-12 23:09:47,1683947388,15.6,39.2,97000,3.00,5.00,7.00,8.00,0.0247,0
2023-05-12 23:14:46,1683947687,15.6,39.3,97000,4.00,5.00,7.00,8.00,0.0230,0
2023-05-12 23:19:07,1683947947,15.5,39.3,97000,2.00,3.00,5.00,6.00,0.0118,0
2023-05-12 23:22:01,1683948122,15.5,39.1,97000,2.00,4.00,7.00,8.00,0.0184,0
2023-05-12 23:29:49,1683948590,15.4,38.9,97000,2.00,7.00,11.0,13.0,0.0121,0
2023-05-12 23:34:50,1683948890,15.3,38.6,97000,1.00,7.00,11.0,14.0,0.0347,0
2023-05-12 23:39:43,1683949183,15.3,38.5,97000,3.00,7.00,10.0,12.0,0.0352,0
2023-05-12 23:44:49,1683949489,15.1,38.2,97000,3.00,4.00,5.00,5.00,0.0185,0
2023-05-12 23:49:59,1683949800,15.0,37.9,97000,2.00,5.00,8.00,10.0,0.0161,0
2023-05-12 23:54:52,1683950093,14.8,37.4,97000,4.00,5.00,8.00,9.00,0.0162,0
2023-05-12 23:59:45,1683950385,14.7,36.9,97000,4.00,5.00,5.00,5.00,0.0126,0
2023-05-13 00:04:49,1683950689,14.6,36.4,97000,2.00,8.00,12.0,14.0,0.0126,0
2023-05-13 00:09:40,1683950981,14.5,36.0,97000,4.00,5.00,7.00,8.00,0.0175,0
2023-05-13 00:14:53,1683951294,14.4,35.7,97000,6.00,9.00,12.0,13.0,0.0268,0
2023-05-13 00:19:45,1683951585,14.4,35.8,97000,6.00,6.00,6.00,6.00,0.0169,0
2023-05-13 00:24:58,1683951898,14.2,35.5,97000,5.00,11.0,15.0,17.0,0.0172,0
2023-05-13 00:29:56,1683952196,14.1,35.6,97087,4.00,5.00,5.00,6.00,0.0405,0
2023-05-13 00:34:56,1683952496,14.0,35.7,97100,6.00,6.00,8.00,10.0,0.0520,0
2023-05-13 00:39:57,1683952797,13.8,35.6,97100,6.00,7.00,8.00,8.00,0.0254,0
2023-05-13 00:44:50,1683953091,13.7,35.8,97100,5.00,11.0,15.0,17.0,0.0165,0
2023-05-13 00:49:51,1683953391,13.6,35.8,97100,8.00,10.0,10.0,11.0,0.0663,0
2023-05-13 00:54:43,1683953684,13.5,35.4,97100,5.00,7.00,8.00,8.00,0.0162,0
2023-05-13 00:59:45,1683953985,13.3,35.1,97100,3.00,6.00,9.00,11.0,0.0152,0
2023-05-13 01:04:57,1683954298,13.1,35.1,97100,3.00,5.00,7.00,8.00,0.0519,0
2023-05-13 01:09:49,1683954590,12.9,35.0,97100,3.00,4.00,4.00,4.00,0.0440,0
2023-05-13 01:14:44,1683954884,12.8,35.0,97100,4.00,6.00,8.00,9.00,0.0174,0
2023-05-13 01:19:58,1683955198,12.6,35.1,97100,5.00,6.00,8.00,8.00,0.0178,0
2023-05-13 01:24:56,1683955496,12.4,35.1,97100,3.00,5.00,7.00,8.00,0.0322,0
2023-05-13 01:29:50,1683955791,12.3,35.3,97100,6.00,8.00,9.00,10.0,0.0246,0
2023-05-13 01:34:51,1683956092,12.1,35.4,97100,4.00,4.00,6.00,6.00,0.0306,0
2023-05-13 01:39:44,1683956385,12.0,35.6,97100,6.00,6.00,6.00,6.00,0.0147,0
2023-05-13 01:44:59,1683956699,11.9,35.5,97100,4.00,5.00,7.00,8.00,0.0125,0
2023-05-13 01:49:54,1683956994,11.8,35.6,97100,4.00,5.00,9.00,11.0,0.0120,0
2023-05-13 01:54:49,1683957289,11.7,35.6,97100,3.00,4.00,5.00,5.00,0.0144,0
2023-05-13 01:59:51,1683957591,11.6,35.9,97100,3.00,3.00,4.00,4.00,0.0277,0
2023-05-13 02:04:44,1683957885,11.5,35.9,97100,2.00,4.00,5.00,6.00,0.0277,0
2023-05-13 02:09:39,1683958180,11.4,35.6,97100,3.00,5.00,6.00,6.00,0.0163,0
2023-05-13 02:14:53,1683958493,11.3,35.3,97100,3.00,5.00,7.00,8.00,0.0148,0
2023-05-13 02:19:54,1683958794,11.3,35.4,97100,2.00,4.00,6.00,7.00,0.0124,0
2023-05-13 02:24:46,1683959087,11.2,35.4,97100,4.00,10.0,15.0,18.0,0.0281,0
2023-05-13 02:29:41,1683959382,11.1,35.3,97100,2.00,7.00,12.0,15.0,0.0483,0
2023-05-13 02:34:44,1683959684,11.0,35.0,97100,3.00,5.00,9.00,10.0,0.0425,0
2023-05-13 02:39:39,1683959980,10.9,35.3,97100,2.00,5.00,7.00,8.00,0.0370,0
2023-05-13 02:44:53,1683960293,10.8,35.2,97100,3.00,5.00,7.00,7.00,0.0156,0
2023-05-13 02:49:48,1683960588,10.7,35.3,97100,2.00,4.00,6.00,7.00,0.0266,0
2023-05-13 02:54:43,1683960883,10.6,35.3,97100,2.00,3.00,5.00,7.00,0.0126,0
2023-05-13 02:59:56,1683961197,10.6,35.3,97100,2.00,4.00,5.00,6.00,0.0138,0
2023-05-13 03:04:52,1683961493,10.5,35.6,97100,4.00,4.00,5.00,6.00,0.0143,0
2023-05-13 03:09:49,1683961789,10.4,35.9,97100,2.00,4.00,6.00,7.00,0.0118,0
2023-05-13 03:14:51,1683962091,10.3,35.5,97100,2.00,5.00,7.00,8.00,0.0134,0
2023-05-13 03:19:47,1683962387,10.2,35.7,97100,1.00,6.00,10.0,12.0,0.0134,0
2023-05-13 03:24:49,1683962689,10.2,35.8,97100,4.00,4.00,5.00,6.00,0.0156,0
2023-05-13 03:29:54,1683962994,10.1,35.9,97100,2.00,3.00,5.00,6.00,0.0214,0
2023-05-13 03:34:50,1683963291,10.1,36.0,97100,2.00,5.00,9.00,11.0,0.0214,0
2023-05-13 03:39:45,1683963586,10.0,36.0,97100,3.00,3.00,3.00,3.00,0.0245,0
2023-05-13 03:44:41,1683963882,9.94,36.1,97100,1.00,4.00,7.00,9.00,0.0166,0
2023-05-13 03:49:57,1683964198,9.89,36.3,97100,3.00,4.00,6.00,7.00,0.0141,0
2023-05-13 03:54:53,1683964494,9.85,36.5,97100,2.00,6.00,9.00,10.0,0.0103,0
2023-05-13 03:59:10,1683964751,9.85,36.5,97100,3.00,5.00,7.00,8.00,0.0184,0
2023-05-13 04:04:43,1683965083,9.83,36.5,97100,3.00,4.00,6.00,7.00,0.0164,0
2023-05-13 04:09:59,1683965399,9.81,37.0,97100,3.00,4.00,7.00,8.00,0.0204,0
2023-05-13 04:14:16,1683965656,9.81,36.8,97100,2.00,5.00,8.00,10.0,0.0156,0
2023-05-13 04:19:50,1683965990,9.77,36.7,97100,3.00,5.00,8.00,9.00,0.0157,0
2023-05-13 04:24:45,1683966286,9.75,36.6,97100,2.00,3.00,4.00,5.00,0.0140,0
2023-05-13 04:29:40,1683966581,9.71,36.9,97100,2.00,4.00,5.00,6.00,0.0201,0
2023-05-13 04:34:56,1683966897,9.71,36.8,97100,6.00,6.00,9.00,10.0,0.0278,0
2023-05-13 04:39:53,1683967193,9.69,37.1,97100,3.00,5.00,7.00,9.00,0.0398,0
2023-05-13 04:44:57,1683967498,9.68,37.2,97100,4.00,5.00,8.00,10.0,0.0398,0
2023-05-13 04:49:52,1683967793,9.63,37.2,97100,2.00,3.00,4.00,5.00,0.0364,0
2023-05-13 04:54:47,1683968087,9.61,37.7,97100,2.00,4.00,6.00,7.00,0.0353,0
2023-05-13 04:59:43,1683968384,9.59,37.4,97100,2.00,5.00,8.00,9.00,0.0158,0
2023-05-13 05:04:40,1683968680,9.53,37.3,97100,2.00,3.00,4.00,5.00,0.0136,0
2023-05-13 05:09:56,1683968996,9.44,37.4,97100,2.00,3.00,5.00,6.00,0.0125,0
2023-05-13 05:12:34,1683969155,9.37,37.4,97100,2.00,3.00,5.00,5.00,0.0111,0
2023-05-13 05:28:07,1683970087,9.11,37.9,97200,2.00,3.00,5.00,6.00,0.0101,0
2023-05-13 09:34:59,1683984900,20.9,22.8,97200,1e-7,2.00,3.00,3.00,,
2023-05-13 09:38:10,1683985090,20.9,23.4,97200,5.00,6.00,7.00,8.00,,
2023-05-13 09:44:56,1683985497,20.2,24.6,97200,2.00,3.00,4.00,5.00,,
2023-05-13 09:49:51,1683985792,19.5,25.9,97200,3.00,4.00,6.00,7.00,,
2023-05-13 09:54:59,1683986100,18.6,28.1,97200,4.00,6.00,10.0,11.0,0.0249,0
2023-05-13 09:55:56,1683986157,18.3,30.2,97200,2.00,3.00,5.00,6.00,0.0249,0
2023-05-13 10:04:56,1683986696,19.5,27.5,97200,1e-7,2.00,4.00,4.00,0.0349,0
2023-05-13 10:09:43,1683986984,20.0,26.6,97200,2.00,2.00,3.00,3.00,0.0337,0
2023-05-13 10:11:57,1683987118,20.4,25.9,97200,2.00,5.00,8.00,10.0,0.0470,0
2023-05-13 10:24:51,1683987891,20.9,25.0,97200,2.00,5.00,7.00,8.00,0.0330,0
2023-05-13 10:29:42,1683988183,21.1,24.0,97200,1.00,3.00,4.00,5.00,0.0193,0
2023-05-13 10:39:42,1683988783,19.9,26.1,97200,1e-7,1.00,2.00,3.00,0.0165,0
2023-05-13 10:44:49,1683989090,19.7,26.9,97200,2.00,2.00,4.00,5.00,0.0238,0
2023-05-13 10:46:25,1683989185,19.8,27.2,97200,2.00,4.00,5.00,6.00,0.0105,0
2023-05-13 10:54:45,1683989686,20.0,24.2,97200,2.00,4.00,7.00,8.00,0.0129,0
2023-05-13 10:59:59,1683990000,20.2,24.0,97200,1.00,3.00,4.00,5.00,0.0166,0
2023-05-13 11:04:46,1683990286,20.6,22.5,97200,2.00,2.00,4.00,5.00,0.0120,0
2023-05-13 11:05:05,1683990305,20.5,22.3,97200,1e-7,1e-7,1e-7,1e-7,0.0118,0
2023-05-13 11:14:50,1683990890,21.0,22.1,97200,2.00,3.00,5.00,6.00,0.0118,0
2023-05-13 11:19:56,1683991196,20.9,22.7,97200,2.00,2.00,4.00,4.00,0.0121,0
2023-05-13 11:20:53,1683991254,20.6,23.7,97200,1.00,1.00,1.00,1.00,0.0105,0
2023-05-13 11:34:46,1683992087,19.4,24.8,97200,1.00,3.00,6.00,7.00,0.0105,0
2023-05-13 11:38:18,1683992298,18.9,25.0,97200,2.00,3.00,4.00,5.00,0.0104,0
2023-05-13 11:54:43,1683993283,20.0,24.0,97200,1.00,4.00,7.00,9.00,0.0117,0
2023-05-13 11:56:37,1683993398,20.1,23.7,97200,1e-7,1.00,3.00,3.00,0.0108,0
2023-05-13 12:04:57,1683993897,19.9,24.8,97200,2.00,4.00,6.00,7.00,0.0141,0
2023-05-13 12:09:45,1683994185,19.2,26.2,97200,1.00,2.00,4.00,5.00,0.0128,0
2023-05-13 12:13:54,1683994434,19.2,26.3,97200,2.00,6.00,9.00,10.0,0.0152,0
2023-05-13 12:19:59,1683994800,20.1,24.8,97200,2.00,2.00,3.00,3.00,0.0152,0
2023-05-13 12:24:46,1683995087,20.5,24.0,97200,1.00,2.00,4.00,5.00,0.0201,0
2023-05-13 12:29:33,1683995373,21.3,23.0,97200,1.00,2.00,4.00,4.00,0.0201,0
2023-05-13 12:39:56,1683995996,20.9,20.7,97200,2.00,3.00,3.00,4.00,0.0201,0
2023-05-13 12:44:43,1683996284,20.3,21.3,97200,1.00,2.00,3.00,4.00,0.0103,0
2023-05-13 12:48:14,1683996495,19.9,21.4,97200,2.00,3.00,5.00,6.00,0.0109,0
2023-05-13 12:54:58,1683996899,19.6,21.6,97200,1.00,2.00,3.00,3.00,0.0112,0
2023-05-13 12:59:46,1683997187,19.5,21.8,97200,1.00,4.00,6.00,7.00,0.0114,0
2023-05-13 13:04:56,1683997496,19.0,22.6,97213,2.00,2.00,4.00,5.00,0.0110,0
2023-05-13 13:05:53,1683997553,19.0,23.1,97267,1e-7,2.00,3.00,4.00,0.00998,0
2023-05-13 13:14:52,1683998092,19.1,22.8,97300,1.00,4.00,6.00,7.00,0.0119,0
2023-05-13 13:19:41,1683998381,18.8,22.7,97300,1.00,2.00,4.00,5.00,0.0129,0
2023-05-13 13:23:12,1683998592,18.7,22.6,97300,1.00,4.00,7.00,9.00,0.0129,0
2023-05-13 13:29:57,1683998997,18.3,22.4,97300,1e-7,1.00,3.00,3.00,0.0109,0
2023-05-13 13:34:54,1683999295,18.1,22.5,97300,1e-7,3.00,6.00,7.00,0.0124,0
2023-05-13 13:39:44,1683999584,18.0,22.3,97300,1e-7,2.00,4.00,4.00,0.0188,0
2023-05-13 13:40:22,1683999622,17.9,22.3,97300,1e-7,3.00,6.00,7.00,0.0188,0
2023-05-13 13:49:48,1684000188,17.5,22.4,97300,1.00,2.00,3.00,4.00,0.0188,0
2023-05-13 13:54:59,1684000500,17.1,22.5,97300,1.00,4.00,7.00,8.00,0.0148,0
2023-05-13 13:57:15,1684000635,16.9,22.6,97300,1e-7,1e-7,1e-7,1e-7,0.0104,0
2023-05-13 14:04:44,1684001085,17.0,22.6,97300,1e-7,1e-7,1e-7,1e-7,0.0184,0
2023-05-13 14:09:54,1684001394,17.1,22.8,97300,1e-7,2.00,4.00,4.00,0.0184,0
2023-05-13 14:14:43,1684001684,17.6,22.9,97300,2.00,2.00,3.00,4.00,0.0122,0
2023-05-13 14:15:02,1684001703,18.0,22.9,97300,1e-7,1e-7,1e-7,1e-7,0.00995,0
2023-05-13 14:24:53,1684002293,18.6,20.9,97300,1e-7,1.00,3.00,3.00,0.00995,0
2023-05-13 14:29:50,1684002590,18.2,20.6,97300,1e-7,2.00,4.00,5.00,0.0101,0
2023-05-13 14:32:24,1684002744,17.7,21.2,97363,1e-7,1.00,3.00,3.00,0.0101,0
2023-05-13 14:39:57,1684003198,17.3,21.9,97400,1e-7,2.00,4.00,5.00,0.0101,0
2023-05-13 14:44:48,1684003488,17.2,22.9,97380,1e-7,2.00,3.00,4.00,0.0106,0
2023-05-13 14:48:39,1684003720,17.3,23.2,97400,1e-7,2.00,4.00,4.00,0.0106,0
2023-05-13 14:59:56,1684004397,18.2,21.7,97400,1e-7,3.00,6.00,7.00,0.0105,0
2023-05-13 15:04:45,1684004686,18.3,22.3,97373,1e-7,2.00,3.00,3.00,0.0110,0
2023-05-13 15:06:41,1684004801,18.7,21.9,97367,1e-7,2.00,4.00,4.00,0.0110,0
2023-05-13 15:14:42,1684005283,18.7,21.1,97400,1.00,1.00,3.00,3.00,0.0117,0
2023-05-13 15:19:51,1684005591,18.4,21.0,97400,1.00,2.00,4.00,5.00,0.0120,0
2023-05-13 15:24:21,1684005861,18.1,21.3,97400,1e-7,2.00,4.00,4.00,0.0100,0
2023-05-13 15:29:51,1684006191,18.2,21.1,97400,1e-7,1e-7,1e-7,1e-7,0.0100,0
2023-05-13 15:34:59,1684006500,17.9,21.0,97400,2.00,2.00,4.00,4.00,0.00995,0
2023-05-13 15:39:54,1684006794,17.5,21.2,97400,1e-7,3.00,5.00,6.00,0.00995,0
2023-05-13 15:40:32,1684006833,17.6,21.5,97400,1e-7,1.00,3.00,3.00,0.0111,0
2023-05-13 15:49:57,1684007397,18.0,21.5,97400,1.00,2.00,3.00,3.00,0.0111,0
2023-05-13 15:54:47,1684007687,17.7,21.8,97400,1e-7,4.00,8.00,9.00,0.0121,0
2023-05-13 15:58:58,1684007938,17.3,22.2,97400,1e-7,1.00,3.00,3.00,0.0121,0
2023-05-13 16:04:46,1684008286,17.3,22.5,97400,1e-7,1e-7,1e-7,1e-7,0.0180,0
2023-05-13 16:09:55,1684008595,17.2,23.3,97400,1.00,1.00,3.00,3.00,0.0211,0
2023-05-13 16:14:45,1684008885,17.1,23.1,97400,1.00,1.00,2.00,2.00,0.0141,0
2023-05-13 16:16:21,1684008981,17.1,23.1,97400,2.00,6.00,10.0,11.0,0.00995,0
2023-05-13 16:24:53,1684009493,17.5,23.4,97400,1e-7,2.00,3.00,4.00,0.0104,0
2023-05-13 16:29:42,1684009783,18.0,22.7,97400,1.00,7.00,12.0,15.0,0.0469,0
2023-05-13 16:33:33,1684010014,18.4,22.0,97400,1e-7,2.00,4.00,5.00,0.0135,0
2023-05-13 16:39:50,1684010391,18.2,20.9,97400,1e-7,3.00,6.00,7.00,0.0243,0
2023-05-13 16:44:59,1684010700,17.9,20.9,97400,1e-7,2.00,3.00,3.00,0.0213,0
2023-05-13 16:49:10,1684010951,17.9,21.0,97400,1.00,4.00,6.00,7.00,0.0122,0
2023-05-13 17:04:57,1684011897,17.8,20.2,97400,1e-7,3.00,6.00,7.00,0.0113,0
2023-05-13 17:08:10,1684012090,17.5,20.0,97400,1e-7,4.00,7.00,9.00,0.0125,0
2023-05-13 17:14:57,1684012498,16.7,20.3,97400,1e-7,1e-7,1e-7,1e-7,0.0125,0
2023-05-13 17:19:48,1684012788,16.6,20.6,97400,1.00,6.00,10.0,12.0,0.00933,0
2023-05-13 17:24:57,1684013098,16.7,20.7,97400,1.00,2.00,4.00,5.00,0.0148,0
2023-05-13 17:25:16,1684013117,17.0,20.7,97400,1e-7,1e-7,1e-7,1e-7,0.00169,0
2023-05-13 17:34:57,1684013697,17.3,20.1,97400,1.00,2.00,3.00,4.00,0.0243,0
2023-05-13 17:39:47,1684013987,17.5,19.8,97400,1.00,2.00,3.00,3.00,0.0247,0
2023-05-13 17:44:56,1684014297,17.6,19.5,97400,2.00,4.00,6.00,6.00,0.0141,0
2023-05-13 17:49:46,1684014587,17.5,19.3,97400,1.00,2.00,3.00,4.00,0.0154,0
2023-05-13 17:54:56,1684014897,17.0,19.2,97456,1e-7,4.00,7.00,9.00,0.0139,0
2023-05-13 17:59:47,1684015188,16.5,19.5,97440,1.00,5.00,8.00,10.0,0.0277,0
2023-05-13 18:04:58,1684015498,16.1,19.9,97500,1.00,2.00,4.00,5.00,0.0248,0
2023-05-13 18:09:49,1684015789,16.0,20.5,97500,1.00,2.00,3.00,4.00,0.0271,0
2023-05-13 18:14:40,1684016081,16.0,20.3,97500,1.00,2.00,3.00,4.00,0.0106,0
2023-05-13 18:19:51,1684016392,15.9,20.5,97500,1.00,2.00,4.00,4.00,0.0104,0
2023-05-13 18:24:52,1684016692,15.9,20.6,97500,1e-7,2.00,4.00,4.00,0.00995,0
2023-05-13 18:29:43,1684016984,15.7,20.6,97500,1e-7,3.00,6.00,7.00,0.00995,0
2023-05-13 18:34:54,1684017295,15.4,20.6,97500,1e-7,2.00,3.00,4.00,0.0120,0
2023-05-13 18:39:46,1684017587,15.0,20.7,97500,1.00,3.00,6.00,7.00,0.0134,0
2023-05-13 18:44:46,1684017886,14.6,20.9,97500,1.00,2.00,4.00,4.00,0.0140,0
2023-05-13 18:49:58,1684018198,14.4,21.2,97500,1.00,1.00,1.00,2.00,0.0142,0
2023-05-13 18:54:57,1684018497,14.2,21.4,97500,1e-7,4.00,7.00,8.00,0.0142,0
2023-05-13 18:59:50,1684018790,13.9,21.8,97500,1.00,2.00,4.00,4.00,0.0172,0
2023-05-13 19:04:43,1684019083,13.7,22.1,97500,1e-7,4.00,7.00,9.00,0.0265,0
2023-05-13 19:09:57,1684019397,13.5,22.3,97513,1e-7,2.00,4.00,4.00,0.0243,0
2023-05-13 19:14:50,1684019691,13.2,22.4,97600,1e-7,3.00,5.00,7.00,0.0254,0
2023-05-13 19:19:44,1684019984,13.0,22.8,97600,1.00,3.00,6.00,7.00,0.0134,0
2023-05-13 19:24:57,1684020297,12.9,22.9,97600,1.00,3.00,4.00,4.00,0.0106,0
2023-05-13 19:29:51,1684020591,12.7,23.1,97600,1.00,2.00,4.00,4.00,0.0109,0
2023-05-13 19:34:45,1684020885,12.6,23.2,97600,1.00,2.00,4.00,4.00,0.0100,0
2023-05-13 19:39:58,1684021199,12.5,23.3,97600,1e-7,2.00,4.00,4.00,0.00998,0
2023-05-13 19:44:52,1684021493,12.3,23.5,97600,1.00,4.00,6.00,8.00,0.0143,0
2023-05-13 19:49:47,1684021787,12.1,23.8,97600,1e-7,3.00,6.00,7.00,0.0197,0
2023-05-13 19:54:41,1684022082,12.0,24.0,97600,1.00,2.00,4.00,4.00,0.0222,0
2023-05-13 19:59:55,1684022396,12.0,24.1,97606,1.00,2.00,3.00,3.00,0.0130,0
2023-05-13 20:04:50,1684022691,11.9,24.2,97613,1e-7,2.00,3.00,3.00,0.00995,0
2023-05-13 20:09:45,1684022986,11.7,24.4,97680,1.00,2.00,4.00,4.00,0.00995,0
2023-05-13 20:14:40,1684023281,11.6,24.6,97660,1.00,3.00,6.00,7.00,0.0124,0
2023-05-13 20:19:55,1684023595,11.5,24.8,97700,1e-7,2.00,4.00,5.00,0.0131,0
2023-05-13 20:24:50,1684023890,11.4,25.0,97700,1.00,2.00,4.00,4.00,0.0127,0
2023-05-13 20:29:52,1684024193,11.4,25.1,97700,1e-7,2.00,4.00,4.00,0.0127,0
2023-05-13 20:34:47,1684024488,11.3,25.2,97700,1e-7,3.00,6.00,7.00,0.0166,0
2023-05-13 20:39:42,1684024783,11.3,25.5,97700,1.00,2.00,4.00,5.00,0.0166,0
2023-05-13 20:44:58,1684025098,11.2,25.5,97700,1.00,2.00,4.00,5.00,0.0148,0
2023-05-13 20:49:53,1684025394,11.1,25.5,97700,1e-7,2.00,4.00,5.00,0.0101,0
2023-05-13 20:54:49,1684025689,11.0,25.9,97700,1.00,2.00,3.00,4.00,0.0107,0
2023-05-13 20:59:44,1684025984,11.0,26.0,97700,1.00,2.00,4.00,5.00,0.0106,0
2023-05-13 21:04:59,1684026299,10.9,26.1,97700,1.00,4.00,6.00,7.00,0.0223,0
2023-05-13 21:09:54,1684026595,10.8,26.2,97700,2.00,2.00,4.00,4.00,0.0196,0
2023-05-13 21:14:50,1684026890,10.8,26.5,97700,1.00,3.00,5.00,6.00,0.0177,0
2023-05-13 21:19:45,1684027186,10.7,26.7,97700,1.00,2.00,3.00,4.00,0.0104,0
2023-05-13 21:24:41,1684027481,10.7,26.7,97700,1.00,3.00,6.00,7.00,0.0108,0
2023-05-13 21:29:56,1684027797,10.7,26.8,97700,1.00,2.00,4.00,4.00,0.0121,0
2023-05-13 21:34:52,1684028092,10.7,27.0,97700,1.00,2.00,3.00,4.00,0.0103,0
2023-05-13 21:39:48,1684028388,10.7,27.1,97700,1.00,5.00,9.00,11.0,0.0102,0
2023-05-13 21:44:43,1684028684,10.7,27.0,97700,1e-7,3.00,6.00,7.00,0.0175,0
2023-05-13 21:49:59,1684028999,10.7,27.1,97700,1e-7,3.00,6.00,7.00,0.0197,0
2023-05-13 21:54:54,1684029295,10.7,27.1,97700,1e-7,2.00,3.00,4.00,0.0191,0
2023-05-13 21:59:50,1684029591,10.7,27.3,97700,1.00,3.00,5.00,6.00,0.0135,0
2023-05-13 22:04:46,1684029886,10.6,27.4,97700,1.00,2.00,4.00,5.00,0.0127,0
2023-05-13 22:09:42,1684030182,10.6,27.3,97700,1.00,2.00,3.00,4.00,0.0105,0
2023-05-13 22:14:57,1684030498,10.6,27.4,97700,1.00,6.00,11.0,13.0,0.0105,0
2023-05-13 22:19:53,1684030794,10.5,27.6,97700,1e-7,2.00,3.00,4.00,0.0161,0
2023-05-13 22:24:49,1684031090,10.5,27.6,97700,1e-7,2.00,4.00,5.00,0.0203,0
2023-05-13 22:29:45,1684031385,10.5,27.6,97700,1e-7,2.00,3.00,4.00,0.0189,0
2023-05-13 22:34:41,1684031681,10.5,27.7,97700,1.00,2.00,4.00,5.00,0.0102,0
2023-05-13 22:39:56,1684031997,10.4,27.8,97700,1.00,3.00,4.00,4.00,0.0104,0
2023-05-13 22:44:52,1684032293,10.4,27.7,97700,2.00,2.00,2.00,2.00,0.0101,0
2023-05-13 22:49:48,1684032589,10.4,28.0,97700,1e-7,2.00,4.00,4.00,0.0102,0
2023-05-13 22:54:44,1684032885,10.4,27.8,97700,1.00,2.00,3.00,3.00,0.00995,0
2023-05-13 22:59:40,1684033181,10.4,28.1,97700,1.00,1.00,3.00,3.00,0.00995,0
2023-05-13 23:04:57,1684033497,10.4,28.0,97700,1e-7,2.00,4.00,4.00,0.00995,0
2023-05-13 23:09:53,1684033793,10.3,28.1,97700,1e-7,2.00,4.00,5.00,0.0101,0
2023-05-13 23:14:49,1684034089,10.3,28.5,97700,1e-7,2.00,4.00,4.00,0.0103,0
2023-05-13 23:19:45,1684034385,10.3,28.3,97700,1.00,1.00,1.00,2.00,0.0103,0
2023-05-13 23:24:43,1684034684,10.3,28.5,97700,1e-7,2.00,4.00,4.00,0.0103,0
2023-05-13 23:29:59,1684034999,10.3,28.4,97700,1.00,3.00,4.00,5.00,0.0110,0
2023-05-13 23:34:55,1684035296,10.3,28.5,97700,1.00,4.00,7.00,8.00,0.0119,0
2023-05-13 23:39:51,1684035592,10.3,28.6,97700,1e-7,1e-7,1e-7,1e-7,0.0119,0
2023-05-13 23:44:47,1684035888,10.2,28.7,97700,1.00,1.00,1.00,1.00,0.0182,0
2023-05-13 23:49:43,1684036184,10.2,28.9,97700,1e-7,2.00,4.00,4.00,0.0171,0
2023-05-13 23:54:59,1684036500,10.2,28.7,97700,1e-7,3.00,5.00,6.00,0.0100,0
2023-05-13 23:59:54,1684036794,10.1,29.0,97700,1e-7,2.00,4.00,4.00,0.0103,0
2023-05-14 00:04:50,1684037090,10.1,29.6,97700,1.00,2.00,4.00,4.00,0.0103,0
2023-05-14 00:09:45,1684037386,10.1,29.4,97700,1e-7,1e-7,1e-7,1e-7,0.00995,0
2023-05-14 00:14:41,1684037682,10.1,29.1,97700,1e-7,1.00,1.00,2.00,0.00995,0
2023-05-14 00:19:57,1684037998,10.1,29.3,97700,1e-7,2.00,4.00,4.00,0.00995,0
2023-05-14 00:24:53,1684038294,10.1,29.2,97700,1e-7,2.00,3.00,4.00,0.00995,0
2023-05-14 00:29:45,1684038586,10.1,29.2,97700,1e-7,2.00,4.00,4.00,0.00995,0
2023-05-14 00:34:41,1684038882,10.1,29.3,97700,1e-7,1.00,1.00,1.00,0.00995,0
2023-05-14 00:39:57,1684039198,10.0,29.5,97700,1.00,2.00,4.00,5.00,0.00995,0
2023-05-14 00:44:40,1684039481,10.0,29.5,97700,1.00,2.00,4.00,4.00,0.0101,0
2023-05-14 00:49:43,1684039784,9.97,29.5,97700,1e-7,2.00,4.00,5.00,0.0101,0
2023-05-14 00:54:59,1684040100,9.98,29.4,97700,1.00,2.00,4.00,4.00,0.0107,0
2023-05-14 00:59:55,1684040396,9.95,29.6,97700,1e-7,3.00,6.00,7.00,0.0105,0
2023-05-14 01:04:58,1684040698,9.93,29.6,97700,1e-7,4.00,6.00,7.00,0.0115,0
2023-05-14 01:09:54,1684040995,9.92,30.0,97700,1e-7,2.00,4.00,4.00,0.0115,0
2023-05-14 01:14:51,1684041291,9.88,29.9,97700,1.00,3.00,5.00,6.00,0.0111,0
2023-05-14 01:19:47,1684041587,9.87,30.2,97700,1.00,2.00,4.00,4.00,0.0112,0
2023-05-14 01:24:50,1684041890,9.83,30.2,97700,1e-7,4.00,7.00,9.00,0.0119,0
2023-05-14 01:29:53,1684042193,9.84,30.4,97700,1.00,4.00,7.00,9.00,0.0205,0
2023-05-14 01:34:47,1684042488,9.81,30.4,97700,1.00,2.00,3.00,4.00,0.0205,0
2023-05-14 01:39:44,1684042784,9.82,30.4,97700,1.00,4.00,6.00,7.00,0.0156,0
2023-05-14 01:44:40,1684043081,9.80,30.3,97700,1.00,2.00,4.00,4.00,0.0123,0
2023-05-14 01:49:56,1684043397,9.81,30.4,97700,1e-7,4.00,7.00,9.00,0.0144,0
2023-05-14 01:54:53,1684043693,9.80,30.4,97700,1.00,3.00,4.00,5.00,0.0126,0
2023-05-14 01:59:49,1684043989,9.80,30.6,97700,1.00,2.00,4.00,5.00,0.0103,0
2023-05-14 02:04:45,1684044286,9.78,30.6,97700,2.00,3.00,6.00,7.00,0.0121,0
2023-05-14 02:09:02,1684044543,9.76,30.7,97700,1.00,3.00,6.00,7.00,0.0103,0
2023-05-14 02:14:55,1684044895,9.76,30.8,97700,1.00,2.00,4.00,5.00,0.0103,0
2023-05-14 02:19:51,1684045191,9.75,30.8,97700,1.00,2.00,4.00,4.00,0.0114,0
2023-05-14 02:24:47,1684045488,9.71,31.1,97700,2.00,2.00,3.00,4.00,0.0106,0
2023-05-14 02:29:45,1684045785,9.68,31.1,97700,1.00,4.00,7.00,9.00,0.00995,0
2023-05-14 02:34:41,1684046082,9.65,31.2,97700,1e-7,3.00,6.00,7.00,0.0100,0
2023-05-14 02:39:56,1684046397,9.60,31.1,97700,1.00,4.00,7.00,9.00,0.0116,0
2023-05-14 02:44:53,1684046693,9.55,31.3,97700,1.00,4.00,6.00,7.00,0.0145,0
2023-05-14 02:49:50,1684046990,9.47,31.3,97700,1.00,4.00,7.00,9.00,0.0146,0
2023-05-14 02:54:46,1684047287,9.41,31.5,97700,1.00,6.00,11.0,13.0,0.0175,0
2023-05-14 02:59:43,1684047583,9.40,31.7,97700,1.00,2.00,4.00,5.00,0.0239,0
2023-05-14 03:04:57,1684047898,9.39,31.7,97700,2.00,2.00,4.00,5.00,0.0292,0
2023-05-14 03:09:54,1684048194,9.41,31.8,97700,2.00,6.00,9.00,11.0,0.0292,0
2023-05-14 03:14:50,1684048491,9.43,31.8,97700,2.00,3.00,6.00,7.00,0.0296,0
2023-05-14 03:19:47,1684048788,9.46,31.9,97700,1.00,2.00,4.00,5.00,0.0174,0
2023-05-14 03:24:44,1684049084,9.45,32.0,97700,1.00,4.00,7.00,8.00,0.00749,0
2023-05-14 03:29:40,1684049381,9.44,32.4,97700,1.00,4.00,6.00,7.00,0.0101,0
2023-05-14 03:34:57,1684049697,9.45,32.3,97700,1.00,6.00,10.0,12.0,0.00851,0
2023-05-14 03:39:53,1684049994,9.46,32.2,97700,3.00,12.0,18.0,22.0,0.0153,0
2023-05-14 03:44:55,1684050296,9.47,32.3,97700,2.00,2.00,4.00,5.00,0.0295,0
2023-05-14 03:49:52,1684050592,9.47,32.4,97700,1.00,2.00,4.00,5.00,0.0409,0
2023-05-14 03:54:09,1684050849,9.47,32.3,97700,1e-7,3.00,6.00,7.00,0.0304,0
2023-05-14 03:59:43,1684051184,9.44,32.6,97700,1.00,4.00,7.00,9.00,0.0254,0
2023-05-14 04:04:47,1684051488,9.46,32.9,97700,1.00,2.00,3.00,4.00,0.0270,0
2023-05-14 04:09:44,1684051784,9.41,33.2,97700,1.00,4.00,7.00,9.00,0.0318,0
2023-05-14 04:14:40,1684052081,9.39,33.0,97700,1.00,2.00,4.00,5.00,0.0163,0
2023-05-14 04:19:40,1684052381,9.35,33.3,97700,1.00,4.00,6.00,7.00,0.0163,0
2023-05-14 04:24:56,1684052697,9.30,33.0,97700,1e-7,2.00,3.00,4.00,0.0117,0
2023-05-14 04:29:51,1684052992,9.30,33.5,97700,1.00,1.00,2.00,3.00,0.0141,0
2023-05-14 04:34:56,1684053296,9.28,33.1,97662,1.00,5.00,8.00,10.0,0.0180,0
2023-05-14 04:39:53,1684053593,9.27,33.1,97640,1e-7,2.00,4.00,4.00,0.0242,0
2023-05-14 04:44:50,1684053890,9.26,33.2,97667,1e-7,2.00,4.00,5.00,0.0283,0
2023-05-14 04:49:46,1684054187,9.21,33.5,97600,1.00,4.00,6.00,7.00,0.0199,0
2023-05-14 04:54:43,1684054484,9.19,33.6,97600,1.00,2.00,4.00,4.00,0.0148,0
2023-05-14 04:59:47,1684054788,9.12,33.5,97600,1.00,3.00,5.00,6.00,0.0127,0
2023-05-14 05:04:47,1684055088,9.11,33.4,97678,1e-7,4.00,7.00,8.00,0.0138,0
2023-05-14 05:09:43,1684055383,9.10,33.7,97692,1.00,2.00,4.00,4.00,0.0213,0
2023-05-14 05:14:20,1684055661,9.08,33.4,97700,1e-7,4.00,7.00,9.00,0.0147,0
2023-05-14 05:19:55,1684055995,9.06,33.2,97700,1.00,2.00,4.00,4.00,0.0111,0
2023-05-14 05:24:51,1684056292,9.01,33.2,97700,2.00,2.00,4.00,4.00,0.0139,0
2023-05-14 05:29:48,1684056589,8.91,33.1,97700,1e-7,2.00,4.00,5.00,0.0126,0
2023-05-14 09:19:53,1684070393,19.7,18.6,97700,1e-7,1e-7,1e-7,1e-7,0.00975,0
2023-05-14 09:24:58,1684070699,19.9,18.4,97700,1.00,3.00,5.00,6.00,,
2023-05-14 09:25:55,1684070755,20.3,18.5,97700,1e-7,1e-7,1e-7,1e-7,,
2023-05-14 09:34:58,1684071299,20.7,17.2,97729,1.00,2.00,4.00,5.00,,
2023-05-14 09:39:50,1684071591,20.7,17.4,97780,1e-7,2.00,3.00,4.00,,
2023-05-14 09:43:19,1684071800,20.8,17.4,97800,1.00,2.00,3.00,4.00,0.0105,0
2023-05-14 09:54:42,1684072483,21.8,17.0,97800,1.00,2.00,3.00,4.00,0.0105,0
2023-05-14 09:59:09,1684072749,22.3,16.0,97800,1e-7,2.00,4.00,5.00,0.0104,0
2023-05-14 10:09:50,1684073390,22.3,14.7,97800,1.00,3.00,4.00,5.00,0.0102,0
2023-05-14 10:14:54,1684073695,22.4,14.2,97800,2.00,3.00,3.00,4.00,0.0102,0
2023-05-14 10:17:26,1684073846,22.5,14.0,97800,1.00,2.00,3.00,4.00,0.0101,0
2023-05-14 10:24:56,1684074296,22.9,14.1,97800,1e-7,1e-7,1e-7,1e-7,0.00969,0
2023-05-14 10:29:41,1684074581,23.0,13.9,97800,1e-7,4.00,7.00,8.00,0.0138,0
2023-05-14 10:34:51,1684074891,23.2,13.5,97800,2.00,4.00,5.00,6.00,0.0138,0
2023-05-14 10:39:57,1684075198,23.6,13.4,97800,1e-7,1e-7,1e-7,1e-7,0.0125,0
2023-05-14 10:44:41,1684075481,23.7,13.1,97800,1.00,2.00,3.00,4.00,0.0120,0
2023-05-14 10:49:45,1684075785,23.9,13.2,97800,2.00,3.00,4.00,4.00,0.0114,0
2023-05-14 10:50:46,1684075847,24.0,12.5,97800,1e-7,1.00,3.00,3.00,0.00995,0
2023-05-14 10:59:49,1684076390,24.3,12.5,97800,3.00,3.00,3.00,4.00,0.0100,0
2023-05-14 11:04:53,1684076693,24.3,12.2,97800,1.00,3.00,6.00,7.00,0.0137,0
2023-05-14 11:09:17,1684076958,24.3,12.2,97800,1.00,2.00,3.00,3.00,0.0134,0
2023-05-14 11:14:57,1684077297,24.8,11.6,97800,1e-7,1e-7,1e-7,1e-7,0.0139,0
2023-05-14 11:19:49,1684077589,24.9,12.0,97800,1.00,3.00,6.00,7.00,0.0159,0
2023-05-14 11:24:52,1684077893,24.9,11.3,97800,1.00,5.00,7.00,9.00,0.0140,0
2023-05-14 11:25:30,1684077931,24.7,11.3,97800,1e-7,1e-7,1e-7,1e-7,0.0140,0
2023-05-14 11:34:54,1684078495,24.6,11.0,97800,1.00,2.00,4.00,4.00,0.0140,0
2023-05-14 11:39:58,1684078799,24.8,11.3,97800,1.00,2.00,3.00,4.00,0.0150,0
2023-05-14 11:43:26,1684079007,24.9,11.2,97800,2.00,4.00,5.00,6.00,0.0150,0
2023-05-14 11:49:47,1684079387,25.1,11.1,97800,1e-7,1.00,1.00,2.00,0.0127,0
2023-05-14 11:54:50,1684079691,24.7,10.6,97800,2.00,4.00,6.00,8.00,0.0114,0
2023-05-14 11:59:54,1684079995,24.3,11.5,97800,1e-7,4.00,6.00,7.00,0.0151,0
2023-05-14 12:00:13,1684080013,24.4,11.1,97800,1e-7,1e-7,1e-7,1e-7,0.0151,0
2023-05-14 12:09:44,1684080585,24.8,10.7,97793,1e-7,3.00,6.00,7.00,0.0105,0
2023-05-14 12:14:48,1684080889,24.9,11.3,97800,2.00,4.00,6.00,7.00,0.0130,0
2023-05-14 12:16:42,1684081003,25.2,10.4,97800,1e-7,4.00,7.00,9.00,0.0139,0
2023-05-14 12:24:54,1684081495,25.2,10.5,97800,1.00,2.00,3.00,3.00,0.0139,0
2023-05-14 12:29:58,1684081799,25.2,10.6,97800,2.00,4.00,7.00,9.00,0.0126,0
2023-05-14 12:34:23,1684082064,25.2,10.7,97800,1.00,6.00,11.0,13.0,0.0109,0
2023-05-14 12:44:42,1684082682,25.4,10.4,97770,3.00,11.0,17.0,20.0,0.0135,0
2023-05-14 12:49:45,1684082985,25.6,10.5,97700,2.00,2.00,4.00,4.00,0.0473,0
2023-05-14 12:51:38,1684083099,25.6,10.5,97700,1e-7,3.00,5.00,6.00,0.0658,0
2023-05-14 12:59:56,1684083597,25.5,10.1,97700,1.00,4.00,6.00,7.00,0.0658,0
2023-05-14 13:04:11,1684083851,25.4,10.3,97700,1e-7,4.00,7.00,9.00,0.0205,0
2023-05-14 13:07:39,1684084060,25.4,10.5,97700,2.00,5.00,7.00,8.00,0.0173,0
2023-05-14 13:19:49,1684084789,26.1,10.3,97700,2.00,2.00,2.00,2.00,0.0242,0
2023-05-14 13:24:41,1684085081,26.2,9.90,97700,2.00,5.00,8.00,9.00,0.0298,0
2023-05-14 13:25:00,1684085100,26.2,8.63,97700,1e-7,1.00,3.00,3.00,0.0154,0
2023-05-14 13:39:58,1684085999,25.5,10.0,97700,1.00,4.00,7.00,9.00,0.0214,0
2023-05-14 13:43:27,1684086207,25.6,10.2,97700,2.00,2.00,4.00,5.00,0.0214,0
2023-05-14 13:49:49,1684086590,25.7,9.65,97700,1e-7,1e-7,1.00,1.00,0.0154,0
2023-05-14 13:54:52,1684086893,25.7,9.67,97700,2.00,3.00,4.00,4.00,0.0154,0
2023-05-14 13:59:55,1684087196,25.7,9.93,97700,2.00,3.00,6.00,7.00,0.0157,0
2023-05-14 14:00:51,1684087252,25.6,10.0,97700,1.00,2.00,4.00,5.00,0.0173,0
2023-05-14 14:09:46,1684087786,25.6,9.67,97700,1.00,2.00,4.00,5.00,0.0196,0
2023-05-14 14:14:49,1684088089,25.5,9.94,97700,1.00,3.00,5.00,6.00,0.0139,0
2023-05-14 14:17:23,1684088243,25.4,10.2,97700,1.00,2.00,3.00,4.00,0.0169,0
2023-05-14 14:29:52,1684088992,25.5,10.3,97700,2.00,3.00,5.00,6.00,0.0169,0
2023-05-14 14:34:36,1684089276,25.6,9.84,97700,1.00,3.00,6.00,7.00,0.0139,0
2023-05-14 14:44:45,1684089885,25.2,10.1,97700,2.00,3.00,6.00,7.00,0.0144,0
2023-05-14 14:49:48,1684090188,25.2,10.3,97700,1.00,2.00,4.00,4.00,0.0139,0
2023-05-14 14:51:04,1684090264,25.2,10.1,97700,1e-7,4.00,7.00,8.00,0.0139,0
2023-05-14 15:09:31,1684091372,25.1,10.3,97700,1.00,3.00,4.00,5.00,0.0119,0
2023-05-14 15:14:54,1684091694,25.1,10.3,97700,1.00,2.00,4.00,5.00,0.0122,0
2023-05-14 15:19:58,1684091998,25.1,10.4,97700,1.00,3.00,4.00,5.00,0.0131,0
2023-05-14 15:24:42,1684092283,25.2,10.5,97700,2.00,6.00,10.0,12.0,0.0303,0
2023-05-14 15:26:54,1684092415,25.3,10.1,97700,1.00,3.00,4.00,4.00,0.0303,0
2023-05-14 15:34:59,1684092899,25.2,9.89,97700,1.00,2.00,3.00,4.00,0.0185,0
2023-05-14 15:39:44,1684093184,25.1,10.1,97700,2.00,3.00,6.00,7.00,0.0380,0
2023-05-14 15:42:16,1684093336,25.0,9.88,97700,2.00,6.00,9.00,11.0,0.0195,0
2023-05-14 15:49:57,1684093798,24.8,9.49,97700,1e-7,1e-7,1e-7,1e-7,0.0121,0
2023-05-14 15:54:42,1684094083,24.5,9.79,97700,2.00,3.00,6.00,7.00,0.0134,0
2023-05-14 15:59:46,1684094387,24.3,9.94,97700,4.00,7.00,8.00,9.00,0.0137,0
2023-05-14 16:01:02,1684094462,24.3,9.46,97700,1.00,1.00,3.00,3.00,0.00973,0
2023-05-14 16:09:58,1684094998,24.4,10.6,97700,4.00,8.00,11.0,13.0,0.0150,0
2023-05-14 16:14:43,1684095284,24.6,10.3,97700,1.00,4.00,7.00,8.00,0.0188,0
2023-05-14 16:17:15,1684095436,24.8,9.89,97700,2.00,4.00,7.00,8.00,0.0183,0
2023-05-14 16:24:41,1684095881,24.9,10.9,97700,1.00,1.00,1.00,1.00,0.0240,0
2023-05-14 16:29:45,1684096185,25.0,10.3,97700,2.00,5.00,9.00,11.0,0.0296,0
2023-05-14 16:33:56,1684096436,25.1,10.2,97700,1.00,2.00,4.00,4.00,0.0126,0
2023-05-14 16:49:52,1684097392,25.4,10.2,97700,2.00,4.00,6.00,7.00,0.0119,0
2023-05-14 16:51:45,1684097506,25.4,10.2,97700,1e-7,2.00,4.00,5.00,0.0148,0
2023-05-14 16:59:50,1684097990,25.4,10.2,97700,1.00,1.00,2.00,2.00,0.0148,0
2023-05-14 17:04:54,1684098294,25.3,10.0,97700,1.00,3.00,3.00,4.00,0.0181,0
2023-05-14 17:08:41,1684098522,25.2,10.2,97700,2.00,4.00,5.00,6.00,0.0145,0
2023-05-14 17:19:53,1684099194,25.0,10.8,97700,1e-7,1e-7,1e-7,1e-7,0.0117,0
2023-05-14 17:24:57,1684099498,25.0,10.4,97700,2.00,3.00,6.00,7.00,0.0130,0
2023-05-14 17:29:43,1684099783,24.9,10.3,97700,1.00,2.00,3.00,4.00,0.0119,0
2023-05-14 17:34:47,1684100087,24.7,10.5,97700,1.00,3.00,4.00,5.00,0.0158,0
2023-05-14 17:39:51,1684100391,24.6,10.7,97700,2.00,4.00,6.00,8.00,0.0306,0
2023-05-14 17:44:55,1684100695,24.5,10.8,97700,3.00,4.00,6.00,7.00,0.0297,0
2023-05-14 17:49:47,1684100987,24.4,10.8,97700,2.00,5.00,8.00,9.00,0.0162,0
2023-05-14 17:54:51,1684101292,24.1,10.8,97700,2.00,3.00,5.00,6.00,0.0201,0
2023-05-14 17:59:57,1684101597,23.9,11.0,97700,1.00,4.00,7.00,9.00,0.0237,0
2023-05-14 18:04:04,1684101845,23.6,11.1,97700,2.00,4.00,6.00,6.00,0.0192,0
2023-05-14 18:19:45,1684102786,22.8,11.5,97700,2.00,5.00,9.00,11.0,0.0192,0
2023-05-14 18:24:51,1684103092,22.6,11.6,97700,2.00,3.00,4.00,5.00,0.0123,0
2023-05-14 18:29:57,1684103398,22.4,11.7,97700,2.00,3.00,3.00,4.00,0.0190,0
2023-05-14 18:34:46,1684103687,22.1,11.8,97700,1.00,3.00,5.00,6.00,0.0200,0
2023-05-14 18:39:53,1684103993,21.8,12.0,97700,1.00,2.00,3.00,4.00,0.0124,0
2023-05-14 18:44:41,1684104281,21.3,12.1,97700,3.00,5.00,8.00,9.00,0.0147,0
2023-05-14 18:49:48,1684104588,20.8,12.4,97700,2.00,3.00,4.00,5.00,0.0189,0
2023-05-14 18:54:55,1684104896,20.3,12.8,97700,2.00,5.00,8.00,10.0,0.0189,0
2023-05-14 18:59:44,1684105185,19.9,13.1,97700,2.00,4.00,8.00,9.00,0.0169,0
2023-05-14 19:04:52,1684105493,19.6,13.3,97700,1.00,6.00,11.0,13.0,0.0128,0
2023-05-14 19:09:41,1684105782,19.2,13.8,97700,2.00,4.00,7.00,9.00,0.0127,0
2023-05-14 19:14:12,1684106052,18.9,14.0,97700,2.00,2.00,4.00,4.00,0.0139,0
2023-05-14 19:19:58,1684106399,18.5,14.3,97700,2.00,4.00,6.00,7.00,0.0188,0
2023-05-14 19:24:48,1684106689,18.1,14.3,97700,1.00,3.00,5.00,6.00,0.0129,0
2023-05-14 19:29:58,1684106998,17.8,14.4,97700,2.00,5.00,9.00,10.0,0.0120,0
2023-05-14 19:34:48,1684107289,17.5,15.0,97700,4.00,9.00,14.0,17.0,0.0142,0
2023-05-14 19:39:58,1684107599,17.2,15.6,97700,1.00,3.00,5.00,6.00,0.0191,0
2023-05-14 19:44:49,1684107890,16.9,15.5,97733,2.00,6.00,9.00,11.0,0.0161,0
2023-05-14 19:49:47,1684108188,16.6,15.7,97700,1.00,7.00,12.0,14.0,0.0271,0
2023-05-14 19:54:58,1684108499,16.3,15.8,97700,2.00,3.00,6.00,7.00,0.0285,0
2023-05-14 19:59:50,1684108790,16.0,16.0,97700,2.00,3.00,4.00,5.00,0.0285,0
2023-05-14 20:04:42,1684109083,15.7,16.5,97700,1.00,4.00,7.00,9.00,0.0155,0
2023-05-14 20:09:57,1684109397,15.4,16.6,97700,1.00,3.00,5.00,6.00,0.0125,0
2023-05-14 20:14:48,1684109689,15.1,16.8,97700,1.00,5.00,9.00,11.0,0.0167,0
2023-05-14 20:19:48,1684109988,14.9,17.1,97700,2.00,2.00,4.00,5.00,0.0271,0
2023-05-14 20:24:41,1684110281,14.6,17.2,97700,2.00,6.00,11.0,13.0,0.0279,0
2023-05-14 20:29:53,1684110593,14.4,17.7,97700,1.00,2.00,4.00,4.00,0.0199,0
2023-05-14 20:34:47,1684110887,14.2,18.1,97700,2.00,3.00,5.00,6.00,0.0186,0
2023-05-14 20:39:40,1684111181,13.9,18.4,97787,1.00,2.00,3.00,3.00,0.0229,0
2023-05-14 20:44:56,1684111496,13.7,18.5,97800,2.00,6.00,9.00,11.0,0.0314,0
2023-05-14 20:49:49,1684111790,13.5,18.9,97800,1.00,4.00,7.00,9.00,0.0314,0
2023-05-14 20:54:43,1684112083,13.4,19.1,97800,2.00,3.00,6.00,7.00,0.0235,0
2023-05-14 20:59:44,1684112385,13.3,19.2,97740,1.00,5.00,8.00,10.0,0.0187,0
2023-05-14 21:04:41,1684112682,13.3,19.3,97800,2.00,6.00,9.00,11.0,0.0224,0
2023-05-14 21:09:53,1684112994,13.2,19.3,97743,1.00,3.00,6.00,7.00,0.0195,0
2023-05-14 21:14:48,1684113289,13.2,19.5,97700,2.00,5.00,8.00,10.0,0.0237,0
2023-05-14 21:19:42,1684113583,13.1,19.7,97700,2.00,5.00,9.00,11.0,0.0131,0
2023-05-14 21:24:59,1684113900,13.0,19.9,97700,1.00,3.00,4.00,5.00,0.0223,0
2023-05-14 21:29:53,1684114194,12.9,20.0,97700,1.00,2.00,4.00,5.00,0.0270,0
2023-05-14 21:34:55,1684114496,12.9,20.2,97733,1.00,4.00,7.00,8.00,0.0310,0
2023-05-14 21:39:58,1684114798,12.8,20.4,97754,3.00,3.00,3.00,4.00,0.0151,0
2023-05-14 21:44:52,1684115092,12.7,20.7,97700,2.00,3.00,4.00,5.00,0.0146,0
2023-05-14 21:49:50,1684115390,12.6,20.9,97706,2.00,5.00,9.00,11.0,0.0458,0
2023-05-14 21:54:51,1684115692,12.5,20.9,97700,1.00,5.00,8.00,9.00,0.0515,0
2023-05-14 21:59:44,1684115985,12.5,21.2,97708,2.00,4.00,7.00,9.00,0.0229,0
2023-05-14 22:04:59,1684116299,12.4,21.5,97700,2.00,4.00,5.00,6.00,0.0121,0
2023-05-14 22:09:59,1684116600,12.4,21.3,97700,4.00,4.00,6.00,7.00,0.0118,0
2023-05-14 22:14:54,1684116895,12.3,21.4,97700,3.00,6.00,9.00,11.0,0.0162,0
2023-05-14 22:19:47,1684117187,12.3,21.7,97700,2.00,5.00,8.00,10.0,0.0162,0
2023-05-14 22:24:40,1684117481,12.3,21.7,97700,2.00,4.00,5.00,6.00,0.0173,0
2023-05-14 22:29:53,1684117793,12.3,21.8,97700,2.00,3.00,6.00,7.00,0.0146,0
2023-05-14 22:34:52,1684118093,12.3,21.8,97700,2.00,5.00,7.00,8.00,0.0140,0
2023-05-14 22:39:51,1684118391,12.2,22.4,97700,1.00,1.00,3.00,3.00,0.0140,0
2023-05-14 22:44:44,1684118684,12.2,22.6,97700,2.00,3.00,6.00,7.00,0.0322,0
2023-05-14 22:49:58,1684118999,12.1,22.5,97700,2.00,3.00,5.00,7.00,0.0219,0
2023-05-14 22:54:57,1684119298,11.9,22.6,97700,2.00,5.00,8.00,10.0,0.0151,0
2023-05-14 22:59:52,1684119593,11.8,23.0,97700,1.00,2.00,4.00,5.00,0.0153,0
2023-05-14 23:04:47,1684119888,11.7,23.1,97700,2.00,4.00,5.00,5.00,0.0132,0
2023-05-14 23:09:42,1684120183,11.7,23.2,97700,1.00,5.00,8.00,10.0,0.0162,0
2023-05-14 23:14:57,1684120498,11.7,23.4,97700,2.00,6.00,9.00,11.0,0.0351,0
2023-05-14 23:19:52,1684120793,11.8,23.3,97700,2.00,3.00,6.00,7.00,0.0285,0
2023-05-14 23:24:48,1684121089,11.8,23.4,97700,2.00,4.00,7.00,8.00,0.0194,0
2023-05-14 23:29:54,1684121394,11.8,23.5,97700,1.00,3.00,6.00,7.00,0.0107,0
2023-05-14 23:34:55,1684121696,11.8,23.5,97700,1.00,3.00,6.00,7.00,0.0214,0
2023-05-14 23:39:51,1684121991,11.8,23.6,97700,2.00,3.00,5.00,6.00,0.0165,0
2023-05-14 23:44:46,1684122286,11.9,23.7,97700,1.00,2.00,4.00,5.00,0.0120,0
2023-05-14 23:49:41,1684122581,12.0,23.8,97693,2.00,4.00,7.00,8.00,0.0156,0
2023-05-14 23:54:59,1684122899,12.1,24.1,97700,1.00,4.00,6.00,8.00,0.0224,0
2023-05-14 23:59:55,1684123196,12.2,24.2,97667,1.00,2.00,3.00,4.00,0.0229,0
2023-05-15 00:04:50,1684123491,12.3,24.1,97680,2.00,4.00,7.00,9.00,0.0210,0
2023-05-15 00:09:50,1684123790,12.4,24.1,97615,1.00,4.00,7.00,8.00,0.0269,0
2023-05-15 00:14:43,1684124083,12.5,24.4,97600,2.00,4.00,7.00,8.00,0.0103,0
2023-05-15 00:19:44,1684124384,12.7,24.7,97600,1.00,3.00,6.00,7.00,0.0122,0
2023-05-15 00:24:52,1684124693,12.9,24.4,97600,2.00,3.00,4.00,4.00,0.0104,0
2023-05-15 00:29:40,1684124981,13.1,24.0,97600,3.00,3.00,3.00,4.00,0.00961,0
2023-05-15 00:34:54,1684125294,13.2,24.0,97600,1.00,3.00,5.00,6.00,0.0102,0
2023-05-15 00:39:55,1684125596,13.4,24.0,97600,2.00,5.00,8.00,10.0,0.0107,0
2023-05-15 00:44:56,1684125897,13.5,23.9,97600,2.00,3.00,6.00,7.00,0.0158,0
2023-05-15 00:49:50,1684126191,13.6,23.8,97600,1.00,2.00,3.00,4.00,0.0239,0
2023-05-15 00:54:40,1684126481,13.7,23.6,97600,2.00,8.00,13.0,16.0,0.0239,0
2023-05-15 00:59:52,1684126793,13.8,23.6,97600,2.00,7.00,12.0,15.0,0.0558,0
2023-05-15 01:04:45,1684127085,13.8,23.5,97600,2.00,4.00,6.00,8.00,0.0434,0
2023-05-15 01:09:58,1684127399,13.8,23.8,97600,2.00,7.00,10.0,12.0,0.0336,0
2023-05-15 01:14:52,1684127693,13.8,23.7,97600,1.00,3.00,5.00,6.00,0.0239,0
2023-05-15 01:19:44,1684127985,13.9,23.6,97600,1.00,6.00,10.0,12.0,0.0239,0
2023-05-15 01:24:58,1684128298,13.9,23.5,97575,2.00,6.00,9.00,11.0,0.0168,0
2023-05-15 01:29:59,1684128599,13.9,23.3,97567,2.00,5.00,7.00,9.00,0.0336,0
2023-05-15 01:34:52,1684128893,14.0,23.5,97500,2.00,8.00,13.0,15.0,0.0144,0
2023-05-15 01:39:51,1684129192,14.0,23.4,97500,2.00,4.00,6.00,7.00,0.0219,0
2023-05-15 01:44:06,1684129446,13.9,23.4,97500,2.00,4.00,6.00,7.00,0.0587,0
2023-05-15 01:49:57,1684129797,13.9,23.4,97500,2.00,3.00,5.00,6.00,0.0587,0
2023-05-15 01:54:59,1684130099,14.0,23.4,97500,3.00,5.00,7.00,8.00,0.0140,0
2023-05-15 01:59:51,1684130391,14.0,23.4,97500,2.00,5.00,9.00,10.0,0.0221,0
2023-05-15 02:04:24,1684130665,14.0,23.6,97500,2.00,2.00,3.00,4.00,0.0248,0
2023-05-15 02:09:55,1684130995,14.0,23.6,97500,2.00,4.00,5.00,5.00,0.0208,0
2023-05-15 02:14:55,1684131296,14.1,23.9,97500,2.00,4.00,7.00,8.00,0.0195,0
2023-05-15 02:19:48,1684131588,14.3,23.8,97500,2.00,4.00,7.00,8.00,0.0169,0
2023-05-15 02:24:41,1684131881,14.5,23.7,97500,2.00,5.00,7.00,8.00,0.0146,0
2023-05-15 02:29:54,1684132195,14.6,23.5,97500,2.00,6.00,9.00,11.0,0.0124,0
2023-05-15 02:34:52,1684132492,14.7,23.5,97500,2.00,2.00,3.00,3.00,0.0235,0
2023-05-15 02:39:45,1684132785,14.7,23.5,97500,1.00,3.00,3.00,4.00,0.0225,0
2023-05-15 02:44:56,1684133096,14.8,23.4,97500,1.00,4.00,8.00,10.0,0.0300,0
2023-05-15 02:49:49,1684133389,14.8,23.3,97500,2.00,3.00,5.00,6.00,0.0238,0
2023-05-15 02:54:42,1684133682,14.9,23.2,97500,2.00,4.00,5.00,6.00,0.0239,0
2023-05-15 02:59:50,1684133991,15.0,23.0,97500,2.00,3.00,4.00,5.00,0.0124,0
2023-05-15 03:04:42,1684134283,15.0,23.0,97500,2.00,5.00,8.00,9.00,0.0114,0
2023-05-15 03:09:53,1684134594,15.0,23.0,97500,1.00,4.00,7.00,8.00,0.0116,0
2023-05-15 03:14:53,1684134893,15.1,22.9,97500,2.00,3.00,6.00,7.00,0.0172,0
2023-05-15 03:19:48,1684135188,15.1,22.8,97500,2.00,4.00,6.00,7.00,0.0110,0
2023-05-15 03:24:59,1684135499,15.1,22.8,97500,3.00,4.00,6.00,8.00,0.0117,0
2023-05-15 03:29:52,1684135792,15.1,22.9,97493,2.00,6.00,11.0,13.0,0.0127,0
2023-05-15 03:34:44,1684136085,15.1,22.9,97500,1.00,2.00,4.00,4.00,0.0518,0
2023-05-15 03:39:57,1684136397,15.0,22.9,97500,2.00,4.00,7.00,8.00,0.0518,0
2023-05-15 03:44:52,1684136693,15.0,23.0,97492,2.00,4.00,7.00,8.00,0.0265,0
2023-05-15 03:49:41,1684136981,15.1,23.1,97480,3.00,5.00,7.00,7.00,0.0207,0
2023-05-15 03:54:52,1684137293,15.1,22.9,97500,2.00,3.00,6.00,7.00,0.0207,0
2023-05-15 03:59:25,1684137566,15.1,23.0,97500,1.00,1.00,3.00,3.00,0.0191,0
2023-05-15 04:04:57,1684137897,15.1,22.9,97487,1.00,3.00,5.00,5.00,0.0329,0
2023-05-15 04:09:55,1684138196,15.1,22.9,97400,1.00,3.00,5.00,6.00,0.0155,0
2023-05-15 04:14:47,1684138487,15.1,23.0,97400,3.00,3.00,3.00,4.00,0.0152,0
2023-05-15 04:19:43,1684138784,15.1,23.0,97400,1.00,3.00,5.00,6.00,0.0118,0
2023-05-15 04:24:43,1684139084,15.1,22.8,97400,2.00,4.00,6.00,7.00,0.0109,0
2023-05-15 04:29:54,1684139395,15.1,22.9,97400,1.00,2.00,4.00,4.00,0.0109,0
2023-05-15 04:34:47,1684139687,15.1,23.0,97400,3.00,7.00,10.0,12.0,0.0303,0
2023-05-15 04:39:59,1684139999,15.1,22.9,97400,2.00,3.00,5.00,6.00,0.0303,0
2023-05-15 04:44:52,1684140292,15.0,23.0,97400,2.00,3.00,5.00,6.00,0.0287,0
2023-05-15 04:49:43,1684140584,15.0,23.2,97400,3.00,4.00,7.00,8.00,0.0139,0
2023-05-15 04:54:17,1684140857,14.9,23.2,97400,2.00,4.00,6.00,8.00,0.0107,0
2023-05-15 04:59:46,1684141187,14.8,23.4,97400,3.00,6.00,8.00,9.00,0.0137,0
2023-05-15 05:04:58,1684141499,14.7,23.4,97400,2.00,2.00,3.00,3.00,0.0177,0
2023-05-15 05:09:55,1684141795,14.7,23.5,97400,1.00,3.00,4.00,4.00,0.0211,0
2023-05-15 05:14:47,1684142088,14.8,23.4,97400,1.00,3.00,4.00,4.00,0.0211,0
2023-05-15 05:19:47,1684142388,14.8,23.5,97400,2.00,3.00,5.00,5.00,0.0106,0
2023-05-15 05:24:58,1684142699,14.9,23.4,97400,2.00,3.00,6.00,7.00,0.0146,0
2023-05-15 05:29:51,1684142991,14.9,23.4,97400,1.00,3.00,4.00,5.00,0.0146,0
2023-05-15 05:34:43,1684143284,15.0,23.3,97400,3.00,3.00,5.00,5.00,0.0105,0
2023-05-15 05:36:01,1684143362,14.9,23.5,97400,3.00,4.00,7.00,9.00,0.0105,0
2023-05-15 07:59:47,1684151987,15.8,25.3,97200,2.00,7.00,12.0,14.0,,
2023-05-15 08:04:56,1684152296,15.7,25.3,97200,3.00,5.00,7.00,8.00,,
2023-05-15 08:07:31,1684152452,15.5,25.7,97200,2.00,4.00,6.00,7.00,,
2023-05-15 08:29:41,1684153782,16.1,25.6,97200,1.00,3.00,4.00,5.00,0.0143,0
2023-05-15 08:34:52,1684154092,16.1,25.6,97200,2.00,5.00,8.00,10.0,0.0246,0
2023-05-15 08:38:44,1684154325,16.1,25.5,97200,2.00,2.00,3.00,4.00,0.0165,0
2023-05-15 10:54:45,1684162485,22.6,17.5,96900,2.00,2.00,3.00,3.00,,
2023-05-15 10:59:49,1684162790,22.9,17.2,96900,2.00,4.00,6.00,8.00,,
2023-05-15 11:04:54,1684163095,23.0,16.6,96900,3.00,6.00,8.00,9.00,,
2023-05-15 11:06:11,1684163171,22.7,16.6,96900,3.00,3.00,3.00,3.00,0.00904,0
2023-05-15 11:19:52,1684163992,22.8,17.1,96900,2.00,3.00,4.00,4.00,0.00869,0
2023-05-15 11:23:59,1684164240,22.8,16.9,96900,2.00,4.00,6.00,7.00,0.0135,0
2023-05-15 11:29:51,1684164591,22.9,16.8,96800,2.00,3.00,5.00,6.00,0.0143,0
2023-05-15 11:34:56,1684164896,23.1,16.8,96800,2.00,4.00,6.00,7.00,0.0178,0
2023-05-15 11:39:42,1684165182,23.3,16.2,96800,3.00,5.00,8.00,10.0,0.0182,0
2023-05-15 11:41:55,1684165315,23.3,16.0,96800,1.00,4.00,6.00,7.00,0.0204,0
2023-05-15 11:49:46,1684165786,22.8,16.5,96800,1e-7,2.00,4.00,5.00,0.0204,0
2023-05-15 11:54:51,1684166092,22.7,16.7,96800,3.00,4.00,5.00,6.00,0.0204,0
2023-05-15 11:58:02,1684166283,22.6,16.9,96800,2.00,4.00,6.00,7.00,0.0204,0
2023-05-15 12:09:55,1684166996,22.1,17.8,96800,2.00,3.00,6.00,7.00,0.0175,0
2023-05-15 12:14:42,1684167283,22.1,18.0,96800,4.00,5.00,7.00,8.00,0.0127,0
2023-05-15 12:16:36,1684167397,21.8,18.1,96800,2.00,5.00,8.00,9.00,0.0201,0
2023-05-15 12:24:42,1684167883,21.7,18.1,96700,2.00,3.00,4.00,5.00,0.0281,0
2023-05-15 12:29:48,1684168189,21.7,18.2,96763,5.00,5.00,7.00,9.00,0.0287,0
2023-05-15 12:32:27,1684168348,21.5,17.9,96750,6.00,6.00,6.00,7.00,0.0155,0
2023-05-15 12:39:50,1684168790,20.8,19.6,96700,1.00,2.00,2.00,3.00,0.0103,0
2023-05-15 12:44:56,1684169097,20.7,19.2,96700,5.00,7.00,9.00,10.0,0.0147,0
2023-05-15 12:49:44,1684169385,20.7,18.7,96700,3.00,4.00,5.00,6.00,0.0288,0
2023-05-15 12:59:58,1684169999,21.1,18.3,96700,4.00,6.00,7.00,8.00,0.0214,0
2023-05-15 13:04:46,1684170286,21.2,17.9,96700,2.00,4.00,6.00,6.00,0.0161,0
2023-05-15 13:08:04,1684170485,21.3,17.7,96660,2.00,4.00,6.00,8.00,0.0153,0
2023-05-15 13:14:50,1684170891,21.5,17.5,96600,3.00,5.00,7.00,8.00,0.0153,0
2023-05-15 13:19:57,1684171197,21.4,17.6,96619,2.00,4.00,5.00,6.00,0.0117,0
2023-05-15 13:24:44,1684171485,21.3,17.9,96673,2.00,4.00,6.00,7.00,0.0212,0
2023-05-15 13:25:41,1684171542,21.1,18.2,96633,4.00,4.00,4.00,4.00,0.0155,0
2023-05-15 13:34:46,1684172086,21.0,18.6,96700,2.00,3.00,3.00,4.00,0.0155,0
2023-05-15 13:39:52,1684172393,20.8,19.3,96669,2.00,3.00,6.00,7.00,0.0121,0
2023-05-15 13:42:45,1684172565,20.4,21.2,96611,2.00,3.00,3.00,3.00,0.00985,0
2023-05-15 13:49:59,1684173000,20.1,21.0,96600,3.00,3.00,4.00,4.00,0.0138,0
2023-05-15 13:54:47,1684173288,20.1,22.4,96600,4.00,5.00,8.00,9.00,0.0138,0
2023-05-15 13:59:55,1684173595,20.3,22.8,96600,2.00,4.00,5.00,6.00,0.0258,0
2023-05-15 14:09:42,1684174183,20.7,22.1,96600,3.00,5.00,7.00,8.00,0.0142,0
2023-05-15 14:14:49,1684174490,20.6,21.8,96600,4.00,5.00,6.00,6.00,0.0138,0
2023-05-15 14:19:57,1684174797,20.3,21.8,96588,4.00,6.00,9.00,11.0,0.0107,0
2023-05-15 14:24:45,1684175086,20.1,21.9,96500,3.00,5.00,6.00,7.00,0.0153,0
2023-05-15 14:29:53,1684175393,19.7,22.1,96500,3.00,5.00,8.00,9.00,0.0158,0
2023-05-15 14:33:25,1684175605,19.6,22.1,96500,5.00,8.00,12.0,14.0,0.0109,0
2023-05-15 14:49:43,1684176583,19.9,22.2,96500,2.00,4.00,5.00,6.00,0.0115,0
2023-05-15 14:51:19,1684176680,19.9,21.8,96500,2.00,3.00,3.00,3.00,0.0201,0
2023-05-15 14:59:48,1684177189,19.7,22.7,96500,4.00,5.00,6.00,7.00,0.0201,0
2023-05-15 15:04:56,1684177497,19.6,22.5,96500,4.00,4.00,6.00,7.00,0.0156,0
2023-05-15 15:09:46,1684177787,19.6,23.0,96500,2.00,8.00,13.0,15.0,0.0139,0
2023-05-15 15:14:55,1684178095,19.5,23.6,96500,4.00,5.00,5.00,6.00,0.0155,0
2023-05-15 15:19:44,1684178385,19.4,23.4,96500,2.00,3.00,4.00,5.00,0.0166,0
2023-05-15 15:24:53,1684178693,19.4,24.1,96500,3.00,3.00,4.00,4.00,0.0166,0
2023-05-15 15:25:31,1684178732,19.3,25.3,96500,2.00,2.00,3.00,3.00,0.0102,0
2023-05-15 15:39:50,1684179591,18.6,29.8,96500,2.00,3.00,4.00,5.00,0.0102,0
2023-05-15 15:44:02,1684179843,18.0,30.3,96500,2.00,5.00,7.00,8.00,0.0102,0
2023-05-15 15:54:52,1684180493,17.6,29.8,96500,2.00,3.00,4.00,4.00,0.00999,0
2023-05-15 15:59:42,1684180783,17.5,30.0,96500,2.00,4.00,6.00,7.00,0.0121,0
2023-05-15 16:00:59,1684180860,17.5,30.8,96500,1.00,1.00,2.00,2.00,0.00995,0
2023-05-15 16:09:45,1684181386,17.5,30.3,96500,2.00,4.00,5.00,5.00,0.00968,0
2023-05-15 16:14:54,1684181694,17.7,30.2,96500,2.00,3.00,4.00,5.00,0.0150,0
2023-05-15 16:17:28,1684181849,17.8,30.4,96438,1.00,3.00,6.00,7.00,0.0114,0
2023-05-15 16:24:41,1684182281,18.4,29.0,96400,3.00,3.00,4.00,4.00,0.0124,0
2023-05-15 16:29:49,1684182590,18.5,28.0,96400,2.00,4.00,6.00,7.00,0.0161,0
2023-05-15 16:34:44,1684182884,18.9,27.7,96400,2.00,3.00,4.00,5.00,0.0161,0
2023-05-15 16:36:00,1684182960,19.1,27.1,96400,2.00,2.00,3.00,4.00,0.0146,0
2023-05-15 16:44:53,1684183493,19.4,25.2,96400,2.00,4.00,5.00,6.00,0.0161,0
2023-05-15 16:49:42,1684183782,19.4,25.1,96400,2.00,8.00,13.0,15.0,0.0190,0
2023-05-15 16:51:57,1684183917,19.3,26.0,96400,3.00,4.00,5.00,5.00,0.0190,0
2023-05-15 16:59:41,1684184382,19.0,26.7,96400,1.00,1.00,2.00,3.00,0.0157,0
2023-05-15 17:04:50,1684184690,19.0,27.0,96400,4.00,11.0,17.0,20.0,0.0307,0
2023-05-15 17:09:00,1684184941,19.2,26.6,96400,4.00,4.00,7.00,8.00,0.0552,0
2023-05-15 17:19:57,1684185597,19.8,25.5,96400,2.00,3.00,4.00,4.00,0.0435,0
2023-05-15 17:24:46,1684185886,19.8,25.3,96400,2.00,3.00,4.00,4.00,0.0528,0
2023-05-15 17:29:54,1684186195,19.8,25.2,96400,2.00,4.00,6.00,7.00,0.0224,0
2023-05-15 17:34:43,1684186484,19.6,25.8,96400,3.00,5.00,8.00,9.00,0.0253,0
2023-05-15 17:39:52,1684186792,19.2,26.9,96319,4.00,5.00,8.00,9.00,0.0253,0
2023-05-15 17:44:41,1684187082,18.9,27.4,96300,5.00,5.00,7.00,8.00,0.0113,0
2023-05-15 17:49:50,1684187390,18.7,27.7,96300,6.00,9.00,13.0,15.0,0.0212,0
2023-05-15 17:54:59,1684187699,18.4,29.7,96300,3.00,4.00,6.00,7.00,0.0257,0
2023-05-15 17:59:49,1684187989,18.1,29.6,96300,3.00,6.00,7.00,8.00,0.0446,0
2023-05-15 18:04:58,1684188299,18.1,29.4,96300,4.00,7.00,10.0,11.0,0.0446,0
2023-05-15 18:09:48,1684188589,18.2,29.0,96300,3.00,3.00,3.00,4.00,0.0311,0
2023-05-15 18:14:58,1684188898,18.4,28.6,96300,2.00,3.00,5.00,5.00,0.0287,0
2023-05-15 18:19:47,1684189188,18.7,28.4,96300,3.00,8.00,12.0,13.0,0.0253,0
2023-05-15 18:24:56,1684189496,18.8,28.0,96300,4.00,5.00,6.00,8.00,0.0254,0
2023-05-15 18:29:45,1684189786,18.8,28.1,96300,4.00,5.00,5.00,5.00,0.0254,0
2023-05-15 18:34:54,1684190095,18.7,28.2,96300,3.00,5.00,8.00,10.0,0.0142,0
2023-05-15 18:39:44,1684190384,18.8,28.3,96300,4.00,6.00,8.00,9.00,0.0104,0
2023-05-15 18:44:57,1684190697,18.7,28.4,96300,4.00,5.00,7.00,8.00,0.0172,0
2023-05-15 18:49:47,1684190987,18.8,28.5,96300,3.00,5.00,7.00,8.00,0.0213,0
2023-05-15 18:54:56,1684191296,18.7,29.1,96300,2.00,4.00,5.00,5.00,0.0213,0
2023-05-15 18:59:46,1684191586,18.6,29.3,96300,3.00,9.00,13.0,16.0,0.0125,0
2023-05-15 19:04:55,1684191896,18.5,29.1,96300,3.00,5.00,6.00,7.00,0.0164,0
2023-05-15 19:09:45,1684192185,18.4,29.4,96300,2.00,3.00,5.00,6.00,0.0185,0
2023-05-15 19:14:54,1684192495,18.3,29.3,96300,4.00,4.00,5.00,6.00,0.0113,0
2023-05-15 19:19:44,1684192785,18.2,29.5,96300,2.00,3.00,5.00,6.00,0.0126,0
2023-05-15 19:24:41,1684193082,18.1,29.5,96300,4.00,6.00,7.00,7.00,0.0115,0
2023-05-15 19:29:39,1684193379,18.0,29.7,96300,5.00,6.00,7.00,8.00,0.0193,0
2023-05-15 19:34:56,1684193696,17.9,30.0,96300,3.00,4.00,6.00,6.00,0.0193,0
2023-05-15 19:39:54,1684193995,17.8,30.2,96300,2.00,4.00,5.00,6.00,0.0166,0
2023-05-15 19:44:45,1684194285,17.6,30.7,96300,3.00,6.00,8.00,8.00,0.0124,0
2023-05-15 19:49:43,1684194584,17.5,31.4,96300,3.00,5.00,6.00,7.00,0.0142,0
2023-05-15 19:54:53,1684194894,17.4,31.6,96300,6.00,7.00,8.00,8.00,0.0104,0
2023-05-15 19:59:49,1684195189,17.2,32.2,96300,5.00,5.00,6.00,6.00,0.0143,0
2023-05-15 20:04:59,1684195500,17.0,32.9,96300,4.00,5.00,8.00,10.0,0.0143,0
2023-05-15 20:09:51,1684195791,16.9,33.0,96300,3.00,6.00,9.00,10.0,0.0246,0
2023-05-15 20:14:42,1684196083,16.7,33.4,96300,5.00,7.00,9.00,11.0,0.0201,0
2023-05-15 20:19:34,1684196374,16.6,33.9,96300,4.00,5.00,8.00,9.00,0.0193,0
2023-05-15 20:24:44,1684196684,16.4,34.2,96300,5.00,8.00,10.0,11.0,0.0281,0
2023-05-15 20:29:49,1684196990,16.3,34.2,96300,4.00,5.00,6.00,7.00,0.0358,0
2023-05-15 20:34:40,1684197281,16.2,35.6,96300,3.00,4.00,6.00,7.00,0.0403,0
2023-05-15 20:39:20,1684197560,16.0,36.2,96300,6.00,6.00,7.00,9.00,0.0199,0
2023-05-15 20:44:50,1684197890,15.8,37.0,96300,2.00,3.00,5.00,6.00,0.0275,0
2023-05-15 20:49:42,1684198182,15.7,37.2,96300,3.00,5.00,6.00,7.00,0.0275,0
2023-05-15 20:54:54,1684198494,15.5,37.2,96300,4.00,7.00,11.0,13.0,0.0284,0
2023-05-15 20:59:46,1684198786,15.4,37.6,96300,3.00,5.00,7.00,8.00,0.0150,0
2023-05-15 21:04:58,1684199098,15.4,37.6,96300,3.00,6.00,10.0,11.0,0.0189,0
2023-05-15 21:09:57,1684199398,15.3,38.3,96300,3.00,6.00,10.0,13.0,0.0171,0
2023-05-15 21:14:49,1684199689,15.3,38.6,96300,4.00,6.00,8.00,10.0,0.0171,0
2023-05-15 21:19:41,1684199981,15.3,38.7,96300,4.00,7.00,11.0,12.0,0.0190,0
2023-05-15 21:24:53,1684200293,15.3,38.9,96300,3.00,5.00,7.00,8.00,0.0199,0
2023-05-15 21:29:44,1684200584,15.2,38.8,96300,3.00,4.00,6.00,7.00,0.0269,0
2023-05-15 21:34:56,1684200896,15.2,38.7,96300,3.00,6.00,8.00,10.0,0.0318,0
2023-05-15 21:39:48,1684201189,15.2,39.0,96300,3.00,6.00,9.00,11.0,0.0331,0
2023-05-15 21:44:43,1684201483,15.2,39.1,96233,4.00,7.00,11.0,13.0,0.0440,0
2023-05-15 21:49:55,1684201795,15.2,39.2,96200,3.00,6.00,8.00,9.00,0.0675,0
2023-05-15 21:53:10,1684201990,15.1,39.1,96200,4.00,8.00,11.0,12.0,0.0242,0
2023-05-15 21:59:43,1684202384,15.0,39.2,96200,4.00,5.00,6.00,7.00,0.0242,0
2023-05-15 22:04:56,1684202696,15.0,39.2,96200,3.00,7.00,10.0,12.0,0.0304,0
2023-05-15 22:09:47,1684202988,15.0,39.1,96200,2.00,3.00,4.00,4.00,0.0285,0
2023-05-15 22:14:59,1684203300,15.1,39.1,96200,2.00,3.00,5.00,6.00,0.0210,0
2023-05-15 22:19:52,1684203592,15.2,39.1,96200,3.00,9.00,15.0,18.0,0.0221,0
2023-05-15 22:24:44,1684203885,15.2,38.9,96200,4.00,6.00,9.00,11.0,0.0554,0
2023-05-15 22:29:56,1684204197,15.3,38.6,96200,3.00,5.00,8.00,10.0,0.0249,0
2023-05-15 22:34:48,1684204488,15.2,38.6,96200,4.00,5.00,6.00,7.00,0.0199,0
2023-05-15 22:39:40,1684204781,15.2,39.0,96200,3.00,7.00,11.0,13.0,0.0177,0
2023-05-15 22:44:52,1684205093,15.1,38.8,96200,4.00,5.00,6.00,7.00,0.0374,0
2023-05-15 22:49:45,1684205385,15.1,38.7,96200,5.00,7.00,9.00,11.0,0.0345,0
2023-05-15 22:54:57,1684205698,15.1,39.2,96200,3.00,6.00,10.0,12.0,0.0345,0
2023-05-15 22:59:50,1684205990,15.0,39.1,96200,7.00,11.0,13.0,15.0,0.0263,0
2023-05-15 23:04:43,1684206283,14.9,39.1,96200,7.00,8.00,9.00,9.00,0.0257,0
2023-05-15 23:09:55,1684206595,14.9,39.1,96200,4.00,5.00,6.00,7.00,0.0287,0
2023-05-15 23:14:48,1684206888,14.8,39.3,96200,4.00,5.00,8.00,9.00,0.0215,0
2023-05-15 23:19:41,1684207181,14.8,39.3,96200,3.00,7.00,9.00,11.0,0.0227,0
2023-05-15 23:24:53,1684207494,14.8,39.4,96200,6.00,7.00,7.00,8.00,0.0144,0
2023-05-15 23:29:46,1684207786,14.7,39.6,96200,4.00,6.00,8.00,9.00,0.0180,0
2023-05-15 23:34:57,1684208098,14.7,39.6,96200,3.00,7.00,10.0,12.0,0.0237,0
2023-05-15 23:39:50,1684208390,14.6,39.6,96200,3.00,4.00,7.00,8.00,0.0234,0
2023-05-15 23:44:42,1684208683,14.5,39.5,96200,3.00,6.00,8.00,10.0,0.0159,0
2023-05-15 23:49:43,1684208983,14.4,39.7,96200,4.00,5.00,6.00,7.00,0.0182,0
2023-05-15 23:54:56,1684209296,14.2,39.8,96200,4.00,5.00,8.00,10.0,0.0175,0
2023-05-15 23:59:49,1684209590,14.0,40.0,96200,5.00,6.00,8.00,10.0,0.0348,0
2023-05-16 00:04:43,1684209883,13.9,40.2,96133,4.00,7.00,9.00,11.0,0.0235,0
2023-05-16 00:09:56,1684210196,13.8,40.5,96100,3.00,6.00,8.00,9.00,0.0110,0
2023-05-16 00:14:53,1684210493,13.6,40.6,96100,4.00,5.00,6.00,6.00,0.0166,0
2023-05-16 00:19:46,1684210787,13.5,40.7,96100,5.00,5.00,6.00,7.00,0.0154,0
2023-05-16 00:24:40,1684211081,13.3,41.2,96100,3.00,4.00,7.00,8.00,0.0103,0
2023-05-16 00:29:54,1684211394,13.3,41.5,96100,5.00,6.00,8.00,9.00,0.0136,0
2023-05-16 00:34:46,1684211687,13.2,41.7,96100,4.00,5.00,7.00,9.00,0.0162,0
2023-05-16 00:39:40,1684211981,13.3,42.2,96100,4.00,5.00,6.00,6.00,0.0132,0
2023-05-16 00:44:53,1684212294,13.4,42.3,96100,4.00,4.00,5.00,5.00,0.0188,0
2023-05-16 00:49:55,1684212595,13.5,42.1,96100,2.00,4.00,6.00,7.00,0.0166,0
2023-05-16 00:54:58,1684212898,13.6,42.5,96100,4.00,4.00,5.00,6.00,0.0116,0
2023-05-16 00:59:59,1684213199,13.7,42.0,96100,4.00,6.00,9.00,10.0,0.0119,0
2023-05-16 01:04:52,1684213493,13.7,41.9,96100,2.00,4.00,5.00,6.00,0.0165,0
2023-05-16 01:09:46,1684213786,13.7,41.8,96100,4.00,10.0,14.0,17.0,0.0325,0
2023-05-16 01:14:59,1684214100,13.7,41.7,96100,2.00,3.00,5.00,6.00,0.0300,0
2023-05-16 01:19:53,1684214393,13.7,41.8,96100,5.00,7.00,10.0,11.0,0.0167,0
2023-05-16 01:24:46,1684214687,13.7,41.6,96100,3.00,4.00,5.00,6.00,0.0159,0
2023-05-16 01:29:40,1684214981,13.6,41.5,96100,4.00,9.00,13.0,16.0,0.0264,0
2023-05-16 01:34:54,1684215294,13.5,41.5,96100,3.00,7.00,11.0,13.0,0.0530,0
2023-05-16 01:39:47,1684215588,13.4,41.6,96100,5.00,8.00,13.0,15.0,0.0257,0
2023-05-16 01:44:41,1684215882,13.4,41.7,96100,4.00,5.00,6.00,6.00,0.0376,0
2023-05-16 01:49:55,1684216195,13.3,41.9,96100,4.00,8.00,11.0,13.0,0.0495,0
2023-05-16 01:54:49,1684216489,13.2,41.9,96100,3.00,5.00,6.00,8.00,0.0518,0
2023-05-16 01:59:43,1684216783,13.2,42.1,96100,4.00,7.00,10.0,12.0,0.0518,0
2023-05-16 02:04:56,1684217097,13.2,42.2,96100,2.00,4.00,7.00,8.00,0.0215,0
2023-05-16 02:09:55,1684217395,13.3,42.2,96100,4.00,8.00,14.0,17.0,0.0126,0
2023-05-16 02:14:49,1684217689,13.4,41.8,96100,2.00,6.00,10.0,11.0,0.0188,0
2023-05-16 02:19:41,1684217982,13.4,41.6,96092,2.00,4.00,6.00,6.00,0.0318,0
2023-05-16 02:24:55,1684218295,13.5,41.5,96069,5.00,7.00,9.00,10.0,0.0213,0
2023-05-16 02:29:54,1684218594,13.4,41.1,96031,2.00,4.00,6.00,6.00,0.0199,0
2023-05-16 02:34:51,1684218891,13.4,40.7,96053,4.00,5.00,8.00,9.00,0.0125,0
2023-05-16 02:39:45,1684219185,13.4,40.7,96000,3.00,6.00,9.00,10.0,0.0142,0
2023-05-16 02:44:59,1684219499,13.3,40.6,96000,2.00,5.00,7.00,8.00,0.0117,0
2023-05-16 02:49:53,1684219793,13.2,40.5,96000,3.00,4.00,6.00,7.00,0.0228,0
2023-05-16 02:54:47,1684220087,13.1,40.5,96000,3.00,5.00,8.00,10.0,0.0246,0
2023-05-16 02:59:51,1684220392,13.1,40.4,96000,6.00,7.00,9.00,10.0,0.0170,0
2023-05-16 03:04:45,1684220686,13.0,40.5,96000,4.00,4.00,4.00,4.00,0.0214,0
2023-05-16 03:09:59,1684221000,12.9,40.4,96000,3.00,7.00,10.0,12.0,0.0346,0
2023-05-16 03:14:54,1684221294,12.9,40.5,96000,4.00,7.00,10.0,11.0,0.0407,0
2023-05-16 03:19:57,1684221597,12.8,40.3,96000,2.00,4.00,7.00,9.00,0.0462,0
2023-05-16 03:24:55,1684221895,12.8,40.0,96000,6.00,7.00,8.00,9.00,0.0254,0
2023-05-16 03:29:49,1684222190,12.7,40.0,96000,2.00,3.00,4.00,5.00,0.0187,0
2023-05-16 03:34:43,1684222484,12.6,39.8,96000,2.00,7.00,11.0,12.0,0.0158,0
2023-05-16 03:39:45,1684222786,12.5,39.4,96000,2.00,5.00,7.00,8.00,0.0146,0
2023-05-16 03:44:46,1684223087,12.4,39.4,96000,3.00,5.00,8.00,9.00,0.0177,0
2023-05-16 03:49:45,1684223386,12.3,39.4,96000,2.00,4.00,6.00,8.00,0.0167,0
2023-05-16 03:54:59,1684223700,12.3,39.4,96000,2.00,5.00,8.00,10.0,0.0165,0
2023-05-16 03:59:54,1684223995,12.2,39.5,96000,2.00,6.00,9.00,11.0,0.0265,0
2023-05-16 04:04:49,1684224289,12.2,39.3,96000,3.00,5.00,6.00,7.00,0.0265,0
2023-05-16 04:09:44,1684224584,12.1,39.5,96000,4.00,6.00,10.0,12.0,0.0225,0
2023-05-16 04:14:47,1684224888,12.0,39.4,96000,3.00,6.00,8.00,9.00,0.0209,0
2023-05-16 04:19:42,1684225183,11.9,39.7,96000,3.00,4.00,6.00,7.00,0.00835,0
2023-05-16 04:24:57,1684225497,11.8,39.9,96000,4.00,6.00,7.00,7.00,0.0208,0
2023-05-16 04:29:40,1684225780,11.7,40.1,96000,4.00,6.00,10.0,12.0,0.0257,0
2023-05-16 04:34:55,1684226095,11.7,40.2,96000,3.00,5.00,8.00,9.00,0.0300,0
2023-05-16 04:39:48,1684226389,11.6,40.5,96000,2.00,4.00,7.00,8.00,0.0172,0
2023-05-16 04:44:50,1684226691,11.6,40.6,96000,6.00,6.00,6.00,6.00,0.0172,0
2023-05-16 04:49:45,1684226986,11.6,40.6,96000,4.00,5.00,6.00,6.00,0.0164,0
2023-05-16 04:54:40,1684227281,11.5,40.8,96000,3.00,6.00,9.00,10.0,0.0145,0
2023-05-16 04:59:56,1684227596,11.5,40.7,96000,2.00,5.00,9.00,11.0,0.0127,0
2023-05-16 05:04:12,1684227852,11.5,40.8,96000,4.00,7.00,8.00,9.00,0.0145,0
2023-05-16 05:09:43,1684228184,11.4,40.9,96000,2.00,3.00,4.00,4.00,0.0168,0
2023-05-16 05:14:58,1684228498,11.3,41.1,96000,4.00,7.00,10.0,11.0,0.0277,0
2023-05-16 05:19:53,1684228794,11.3,41.3,96000,5.00,8.00,10.0,11.0,0.0425,0
2023-05-16 05:24:49,1684229089,11.2,41.5,96000,3.00,7.00,11.0,12.0,0.0411,0
2023-05-16 05:29:44,1684229384,11.2,41.6,96000,3.00,7.00,10.0,12.0,0.0261,0
2023-05-16 05:34:59,1684229699,11.3,41.8,96000,3.00,4.00,6.00,7.00,0.0241,0
2023-05-16 05:39:15,1684229955,11.3,41.9,96000,3.00,5.00,6.00,7.00,0.0209,0
2023-05-16 08:44:42,1684241083,14.4,34.8,95900,3.00,5.00,7.00,8.00,,
2023-05-16 08:49:53,1684241394,14.4,34.7,95900,2.00,4.00,6.00,7.00,,
2023-05-16 08:54:15,1684241655,14.3,34.6,95900,2.00,11.0,19.0,23.0,,
2023-05-16 08:59:45,1684241985,14.2,34.5,95900,2.00,3.00,4.00,5.00,0.00635,0
2023-05-16 09:02:01,1684242122,14.1,34.4,95900,2.00,3.00,4.00,4.00,0.0413,0
2023-05-16 12:49:52,1684255792,11.7,39.6,95700,1e-7,1e-7,1e-7,1e-7,,
2023-05-16 12:53:07,1684255988,11.7,39.9,95700,1.00,4.00,7.00,9.00,,
2023-05-16 13:04:44,1684256684,12.0,38.7,95700,2.00,3.00,4.00,4.00,,
2023-05-16 13:09:41,1684256981,11.9,38.5,95700,1e-7,2.00,4.00,4.00,,
2023-05-16 13:11:38,1684257099,11.9,38.7,95700,1.00,4.00,6.00,7.00,,
2023-05-16 13:19:55,1684257596,12.1,39.0,95700,1e-7,2.00,3.00,4.00,,
2023-05-16 13:24:52,1684257892,12.1,39.1,95700,1.00,4.00,6.00,7.00,0.00947,0
2023-05-16 13:28:08,1684258088,12.3,39.3,95700,2.00,3.00,3.00,4.00,0.0250,0
2023-05-16 13:39:42,1684258782,12.5,39.1,95700,2.00,4.00,7.00,8.00,0.0199,0
2023-05-16 13:44:42,1684259083,12.5,39.4,95700,1.00,3.00,5.00,6.00,0.0116,0
2023-05-16 13:46:01,1684259161,12.4,39.6,95700,1.00,2.00,3.00,4.00,0.0105,0
2023-05-16 13:54:41,1684259681,12.3,40.4,95700,1e-7,2.00,3.00,3.00,0.0165,0
2023-05-16 13:59:59,1684260000,12.3,40.3,95700,2.00,4.00,5.00,6.00,0.0165,0
2023-05-16 14:02:24,1684260144,12.4,40.4,95700,1.00,2.00,2.00,2.00,0.0107,0
2023-05-16 15:04:50,1684263890,13.1,35.3,95700,1.00,3.00,5.00,6.00,,
2023-05-16 15:09:41,1684264181,13.1,34.3,95700,2.00,3.00,6.00,7.00,,
2023-05-16 15:14:53,1684264493,13.1,34.0,95700,2.00,2.00,4.00,5.00,0.0126,0
2023-05-16 15:19:47,1684264787,13.0,33.7,95700,1.00,3.00,6.00,7.00,0.0189,0
2023-05-16 15:24:45,1684265086,12.9,33.4,95700,1.00,2.00,3.00,4.00,0.0142,0
2023-05-16 15:29:46,1684265387,12.9,32.8,95700,3.00,8.00,13.0,15.0,0.0312,0
2023-05-16 15:34:40,1684265681,12.5,33.1,95700,3.00,5.00,7.00,8.00,0.0272,0
2023-05-16 15:39:54,1684265995,12.3,33.3,95700,1.00,3.00,6.00,7.00,0.0305,0
2023-05-16 15:44:49,1684266289,12.1,33.5,95700,2.00,3.00,4.00,5.00,0.0205,0
2023-05-16 15:46:27,1684266387,12.1,33.6,95700,3.00,5.00,7.00,8.00,0.0129,0
2023-05-16 16:14:48,1684268089,12.3,32.8,95700,1.00,1.00,1.00,1.00,,
2023-05-16 16:19:42,1684268382,12.3,31.9,95700,2.00,7.00,11.0,13.0,,
2023-05-16 16:23:56,1684268636,12.3,30.9,95700,1.00,2.00,3.00,4.00,,
2023-05-16 16:34:54,1684269294,12.4,29.7,95700,2.00,3.00,6.00,7.00,,
2023-05-16 16:39:47,1684269588,12.4,29.5,95700,2.00,2.00,3.00,4.00,0.0105,0
2023-05-16 16:41:06,1684269666,12.3,29.4,95700,1.00,2.00,3.00,3.00,0.0108,0
2023-05-16 16:49:56,1684270197,12.4,29.9,95700,3.00,3.00,3.00,3.00,0.0136,0
2023-05-16 16:54:50,1684270491,12.5,29.6,95700,1.00,3.00,5.00,6.00,0.0140,0
2023-05-16 16:57:27,1684270647,12.6,29.2,95700,1.00,4.00,6.00,7.00,0.00995,0
2023-05-16 17:09:58,1684271399,12.8,29.2,95700,2.00,2.00,3.00,4.00,0.0142,0
2023-05-16 17:14:51,1684271692,12.9,29.2,95700,2.00,4.00,6.00,7.00,0.0113,0
2023-05-16 17:24:58,1684272298,13.0,28.8,95736,2.00,4.00,6.00,7.00,0.0144,0
2023-05-16 17:28:52,1684272532,13.0,28.6,95700,1.00,2.00,3.00,4.00,0.0218,0
2023-05-16 17:33:09,1684272790,12.9,28.4,95725,2.00,2.00,3.00,3.00,0.0110,0
2023-05-16 17:44:52,1684273493,13.0,28.1,95700,2.00,5.00,8.00,10.0,0.0183,0
2023-05-16 17:49:46,1684273786,13.0,28.0,95800,2.00,4.00,7.00,9.00,0.0122,0
2023-05-16 17:54:47,1684274087,13.0,27.9,95786,2.00,3.00,5.00,6.00,0.0140,0
2023-05-16 17:59:47,1684274388,12.9,28.1,95800,2.00,6.00,9.00,10.0,0.0140,0
2023-05-16 18:04:59,1684274700,12.7,28.2,95793,1.00,2.00,4.00,5.00,0.0189,0
2023-05-16 18:07:55,1684274875,12.6,28.6,95771,1.00,2.00,4.00,4.00,0.0203,0
2023-05-16 18:19:49,1684275589,12.5,28.9,95800,1.00,3.00,6.00,7.00,0.0217,0
2023-05-16 18:24:59,1684275900,12.5,28.7,95800,1.00,3.00,3.00,4.00,0.0186,0
2023-05-16 18:29:52,1684276192,12.4,28.4,95800,1.00,5.00,8.00,10.0,0.0134,0
2023-05-16 18:34:44,1684276485,12.4,28.3,95800,3.00,4.00,6.00,8.00,0.0196,0
2023-05-16 18:39:48,1684276789,12.4,28.1,95800,1.00,2.00,3.00,4.00,0.0123,0
2023-05-16 18:44:51,1684277091,12.4,27.6,95800,2.00,3.00,6.00,7.00,0.0125,0
2023-05-16 18:49:45,1684277385,12.3,27.6,95800,1.00,3.00,4.00,5.00,0.0126,0
2023-05-16 18:54:45,1684277685,12.2,27.6,95800,2.00,3.00,5.00,6.00,0.0137,0
2023-05-16 18:59:46,1684277986,12.1,27.7,95800,2.00,3.00,6.00,7.00,0.0164,0
2023-05-16 19:02:23,1684278143,12.0,27.7,95800,1e-7,4.00,8.00,9.00,0.0208,0
2023-05-16 19:14:47,1684278888,11.3,27.9,95800,2.00,2.00,3.00,4.00,0.0208,0
2023-05-16 19:19:41,1684279181,11.1,28.1,95800,2.00,4.00,7.00,9.00,0.0158,0
2023-05-16 19:24:54,1684279494,10.8,28.7,95800,2.00,2.00,4.00,4.00,0.0275,0
2023-05-16 19:29:50,1684279790,10.5,28.6,95800,3.00,4.00,4.00,5.00,0.0275,0
2023-05-16 19:34:45,1684280086,10.2,28.4,95800,2.00,2.00,4.00,4.00,0.0108,0
2023-05-16 19:39:59,1684280400,9.93,28.5,95800,2.00,3.00,6.00,7.00,0.0108,0
2023-05-16 19:44:22,1684280663,9.77,28.3,95800,2.00,6.00,10.0,12.0,0.0242,0
2023-05-16 19:49:54,1684280995,9.62,28.5,95800,2.00,7.00,13.0,15.0,0.0257,0
2023-05-16 19:54:51,1684281291,9.48,28.8,95800,2.00,3.00,6.00,7.00,0.0193,0
2023-05-16 19:59:47,1684281588,9.31,28.8,95853,2.00,5.00,7.00,9.00,0.0228,0
2023-05-16 20:04:42,1684281882,9.11,28.7,95885,2.00,3.00,5.00,6.00,0.0223,0
2023-05-16 20:09:58,1684282199,8.83,29.0,95881,1.00,3.00,4.00,5.00,0.0209,0
2023-05-16 20:14:43,1684282483,8.57,29.1,95875,2.00,2.00,4.00,5.00,0.0114,0
2023-05-16 20:19:58,1684282798,8.28,29.4,95850,2.00,2.00,4.00,4.00,0.0106,0
2023-05-16 20:24:42,1684283082,7.99,29.5,95800,1.00,4.00,7.00,9.00,0.0114,0
2023-05-16 20:29:59,1684283399,7.71,29.8,95800,1.00,2.00,3.00,4.00,0.0126,0
2023-05-16 20:34:15,1684283655,7.42,30.1,95800,1e-7,2.00,3.00,4.00,0.0119,0
2023-05-16 20:39:51,1684283992,7.15,30.4,95800,1.00,3.00,4.00,4.00,0.0121,0
2023-05-16 20:44:54,1684284294,6.94,30.9,95800,1.00,2.00,4.00,5.00,0.0101,0
2023-05-16 20:49:32,1684284573,6.74,30.9,95800,1.00,5.00,9.00,10.0,0.0103,0
2023-05-16 20:54:49,1684284890,6.53,31.3,95800,1.00,3.00,6.00,7.00,0.0102,0
2023-05-16 20:59:54,1684285195,6.34,31.5,95800,1.00,8.00,14.0,16.0,0.0300,0
2023-05-16 21:04:53,1684285494,6.15,31.8,95820,1.00,3.00,6.00,7.00,0.0310,0
2023-05-16 21:09:41,1684285782,5.99,31.9,95900,1.00,6.00,11.0,13.0,0.0298,0
2023-05-16 21:14:48,1684286089,5.84,32.1,95900,2.00,5.00,8.00,9.00,0.0298,0
2023-05-16 21:19:53,1684286394,5.70,32.4,95900,2.00,6.00,9.00,10.0,0.0289,0
2023-05-16 21:24:53,1684286693,5.56,32.5,95900,1.00,2.00,4.00,4.00,0.0224,0
2023-05-16 21:29:59,1684287000,5.43,33.1,95900,1e-7,3.00,6.00,7.00,0.0240,0
2023-05-16 21:34:57,1684287298,5.30,33.1,95900,2.00,6.00,9.00,11.0,0.0158,0
2023-05-16 21:39:57,1684287598,5.18,33.0,95900,1.00,5.00,8.00,9.00,0.0130,0
2023-05-16 21:44:57,1684287898,5.10,33.3,95900,1.00,5.00,9.00,11.0,0.0149,0
2023-05-16 21:49:43,1684288184,5.00,33.3,95900,2.00,4.00,6.00,7.00,0.0293,0
2023-05-16 21:54:43,1684288484,4.93,33.5,95900,1e-7,2.00,4.00,4.00,0.0202,0
2023-05-16 21:59:43,1684288784,4.87,33.7,95900,1.00,3.00,4.00,5.00,0.0208,0
2023-05-16 22:04:43,1684289084,4.81,33.8,95900,1.00,3.00,6.00,7.00,0.0138,0
2023-05-16 22:09:41,1684289382,4.73,34.1,95900,1.00,3.00,6.00,7.00,0.0133,0
2023-05-16 22:14:47,1684289687,4.63,34.2,95900,2.00,4.00,6.00,7.00,0.0191,0
2023-05-16 22:19:54,1684289995,4.54,34.3,95900,1.00,3.00,6.00,7.00,0.0254,0
2023-05-16 22:24:59,1684290299,4.46,34.6,95900,1.00,3.00,5.00,6.00,0.0250,0
2023-05-16 22:29:48,1684290588,4.40,34.5,95900,3.00,5.00,8.00,9.00,0.0130,0
2023-05-16 22:33:28,1684290809,4.38,34.6,95900,1.00,3.00,4.00,5.00,0.0155,0
2023-05-16 22:49:43,1684291784,4.32,34.8,95900,2.00,2.00,3.00,4.00,0.0188,0
2023-05-16 22:54:43,1684292084,4.32,35.0,95900,1.00,2.00,3.00,4.00,0.0270,0
2023-05-16 22:59:51,1684292391,4.32,35.0,95900,2.00,5.00,8.00,9.00,0.0240,0
2023-05-16 23:04:51,1684292692,4.40,35.1,95900,1.00,4.00,7.00,8.00,0.0240,0
2023-05-16 23:09:52,1684292992,4.42,34.9,95900,2.00,8.00,14.0,16.0,0.0242,0
2023-05-16 23:14:47,1684293288,4.46,34.9,95982,1e-7,2.00,3.00,4.00,0.0390,0
2023-05-16 23:19:26,1684293566,4.47,34.8,96000,1.00,6.00,11.0,14.0,0.0390,0
2023-05-16 23:24:44,1684293884,4.43,34.6,96000,1.00,2.00,3.00,4.00,0.0189,0
2023-05-16 23:29:44,1684294185,4.40,34.7,96000,1.00,6.00,9.00,11.0,0.0154,0
2023-05-16 23:34:51,1684294491,4.33,34.5,96000,1.00,3.00,6.00,7.00,0.0211,0
2023-05-16 23:39:50,1684294790,4.26,34.5,96000,1e-7,2.00,4.00,4.00,0.0213,0
2023-05-16 23:44:58,1684295098,4.22,34.3,96000,2.00,3.00,5.00,7.00,0.0218,0
2023-05-16 23:49:57,1684295397,4.19,34.3,96000,2.00,3.00,4.00,5.00,0.0116,0
2023-05-16 23:54:55,1684295696,4.13,34.2,96000,1.00,3.00,6.00,7.00,0.0131,0
2023-05-16 23:59:03,1684295943,4.05,34.3,96000,1.00,5.00,9.00,11.0,0.0182,0
2023-05-17 00:24:45,1684297485,3.80,34.2,96000,1.00,5.00,9.00,10.0,,
2023-05-17 00:29:43,1684297784,3.77,34.0,96000,1e-7,2.00,4.00,5.00,,
2023-05-17 00:34:42,1684298082,3.75,33.6,96000,1e-7,2.00,3.00,4.00,,
2023-05-17 00:39:42,1684298383,3.76,33.8,96000,1.00,4.00,7.00,8.00,0.0104,0
2023-05-17 00:44:43,1684298684,3.72,33.6,96000,1e-7,2.00,4.00,5.00,0.0105,0
2023-05-17 00:49:42,1684298982,3.70,33.8,96000,2.00,4.00,5.00,6.00,0.0119,0
2023-05-17 00:54:43,1684299283,3.68,33.7,96000,1.00,6.00,11.0,14.0,0.00937,0
2023-05-17 00:59:52,1684299593,3.62,33.3,96000,1e-7,2.00,4.00,5.00,0.0129,0
2023-05-17 01:04:13,1684299854,3.62,33.6,96000,1.00,3.00,6.00,7.00,0.0182,0
2023-05-17 01:09:50,1684300191,3.65,33.6,96000,1.00,4.00,7.00,9.00,0.0153,0
2023-05-17 01:14:15,1684300455,3.66,33.5,96000,2.00,4.00,8.00,9.00,0.0145,0
2023-05-17 01:19:57,1684300798,3.68,33.3,96000,1e-7,1.00,3.00,3.00,0.0144,0
2023-05-17 01:24:58,1684301099,3.66,33.2,96000,1.00,4.00,7.00,8.00,0.0130,0
2023-05-17 01:29:43,1684301384,3.69,33.4,96000,1.00,3.00,5.00,5.00,0.0169,0
2023-05-17 01:34:04,1684301645,3.75,33.2,96000,1.00,2.00,4.00,5.00,0.0169,0
2023-05-17 01:39:43,1684301983,3.78,33.1,96000,1.00,7.00,11.0,14.0,0.0135,0
2023-05-17 01:44:47,1684302287,3.80,33.1,96000,2.00,2.00,3.00,4.00,0.0220,0
2023-05-17 01:49:54,1684302594,3.82,33.0,96000,1.00,3.00,5.00,6.00,0.0157,0
2023-05-17 01:54:41,1684302881,3.82,32.9,96000,1.00,4.00,7.00,8.00,0.0155,0
2023-05-17 01:59:45,1684303186,3.77,32.9,96000,1.00,8.00,14.0,17.0,0.0232,0
2023-05-17 02:04:52,1684303492,3.72,32.8,96000,3.00,5.00,7.00,8.00,0.0281,0
2023-05-17 02:09:51,1684303791,3.70,32.8,96000,1e-7,3.00,6.00,7.00,0.0415,0
2023-05-17 02:14:49,1684304090,3.73,32.8,96000,1.00,2.00,3.00,3.00,0.0366,0
2023-05-17 02:19:48,1684304388,3.78,32.8,96000,1.00,3.00,6.00,7.00,0.0189,0
2023-05-17 02:24:48,1684304689,3.79,32.7,96000,1.00,3.00,5.00,6.00,0.0107,0
2023-05-17 02:29:55,1684304996,3.79,32.6,96000,1.00,2.00,3.00,4.00,0.0146,0
2023-05-17 02:34:56,1684305296,3.82,32.5,96000,1.00,4.00,6.00,7.00,0.0144,0
2023-05-17 02:39:55,1684305596,3.86,32.5,96015,1.00,2.00,4.00,5.00,0.0131,0
2023-05-17 02:44:39,1684305880,3.88,32.5,96000,1.00,2.00,3.00,3.00,0.0135,0
2023-05-17 02:49:40,1684306181,3.88,32.5,96000,1.00,8.00,14.0,17.0,0.0140,0
2023-05-17 02:54:55,1684306496,3.89,32.5,96000,2.00,2.00,4.00,4.00,0.0285,0
2023-05-17 02:59:56,1684306797,3.88,32.4,96007,1.00,4.00,7.00,9.00,0.0285,0
2023-05-17 03:04:58,1684307099,3.86,32.5,96013,1.00,4.00,6.00,7.00,0.0172,0
2023-05-17 03:09:42,1684307382,3.83,32.6,96093,1e-7,4.00,7.00,9.00,0.0120,0
2023-05-17 03:14:43,1684307684,3.82,32.8,96100,2.00,3.00,4.00,5.00,0.0122,0
2023-05-17 03:19:04,1684307944,3.81,32.8,96100,1e-7,2.00,4.00,5.00,0.0132,0
2023-05-17 03:24:50,1684308290,3.79,32.7,96100,1e-7,2.00,3.00,4.00,0.0135,0
2023-05-17 03:29:48,1684308589,3.78,32.9,96100,1e-7,4.00,7.00,9.00,0.0173,0
2023-05-17 03:34:47,1684308887,3.77,33.0,96100,1e-7,2.00,4.00,4.00,0.0130,0
2023-05-17 03:39:49,1684309190,3.78,33.1,96100,2.00,6.00,10.0,12.0,0.0139,0
2023-05-17 03:44:48,1684309488,3.82,33.1,96100,1.00,3.00,6.00,7.00,0.0220,0
2023-05-17 03:49:49,1684309789,3.85,33.2,96100,1e-7,2.00,4.00,4.00,0.0121,0
2023-05-17 03:54:49,1684310090,3.88,33.5,96100,1.00,2.00,4.00,4.00,0.0111,0
2023-05-17 03:59:48,1684310389,3.92,33.6,96100,1.00,2.00,3.00,4.00,0.0102,0
2023-05-17 04:04:50,1684310691,3.98,33.7,96100,1e-7,2.00,3.00,4.00,0.00995,0
2023-05-17 04:09:51,1684310992,4.01,33.7,96100,2.00,3.00,6.00,7.00,0.0116,0
2023-05-17 04:14:52,1684311292,4.04,33.9,96100,1.00,2.00,4.00,4.00,0.0145,0
2023-05-17 04:19:50,1684311591,4.07,33.9,96100,1.00,2.00,3.00,4.00,0.0108,0
2023-05-17 04:24:51,1684311891,4.08,34.2,96100,1e-7,2.00,3.00,4.00,0.0108,0
2023-05-17 04:29:49,1684312190,4.07,34.0,96100,1.00,4.00,6.00,7.00,0.00995,0
2023-05-17 04:34:50,1684312490,4.10,34.1,96100,2.00,2.00,4.00,5.00,0.0110,0
2023-05-17 04:39:30,1684312771,4.12,34.1,96100,3.00,5.00,7.00,8.00,0.0121,0
2023-05-17 04:54:43,1684313684,4.09,34.1,96110,1e-7,1.00,1.00,1.00,0.0165,0
2023-05-17 04:59:12,1684313953,4.08,33.9,96192,1.00,2.00,3.00,4.00,0.0218,0
2023-05-17 05:04:51,1684314291,4.05,33.9,96200,1.00,2.00,4.00,4.00,0.0218,0
2023-05-17 05:09:55,1684314596,4.06,34.0,96200,2.00,3.00,4.00,4.00,0.0112,0
2023-05-17 05:14:42,1684314883,4.05,33.9,96200,1e-7,2.00,4.00,5.00,0.00995,0
2023-05-17 05:19:58,1684315199,4.05,33.8,96200,1e-7,2.00,3.00,4.00,0.00995,0
2023-05-17 05:24:45,1684315485,4.04,33.9,96200,1e-7,2.00,4.00,4.00,0.0102,0
2023-05-17 05:29:24,1684315764,4.05,33.6,96200,1e-7,2.00,4.00,4.00,0.0103,0
2023-05-17 05:33:21,1684316002,4.06,33.5,96200,1e-7,1e-7,1.00,1.00,0.0101,0
2023-05-17 09:39:45,1684330785,13.8,18.5,96400,1e-7,2.00,4.00,4.00,0.00995,0
2023-05-17 09:44:55,1684331095,13.7,18.2,96400,1.00,2.00,3.00,4.00,,
2023-05-17 09:49:45,1684331386,13.7,18.3,96400,1e-7,2.00,3.00,4.00,,
2023-05-17 09:54:56,1684331696,13.8,18.3,96400,1e-7,1e-7,1e-7,1e-7,0.00995,0
2023-05-17 10:09:58,1684332598,12.1,18.7,96400,1e-7,1.00,3.00,3.00,0.00995,0
2023-05-17 10:11:55,1684332715,11.9,19.1,96400,1.00,6.00,11.0,13.0,0.0152,0
2023-05-17 10:19:56,1684333197,11.4,19.6,96400,1.00,2.00,3.00,4.00,0.0204,0
2023-05-17 10:24:50,1684333490,11.4,19.9,96427,1e-7,1e-7,1e-7,1e-7,0.0204,0
2023-05-17 10:29:43,1684333784,11.5,20.1,96453,1.00,2.00,3.00,4.00,0.0204,0
2023-05-17 10:30:42,1684333842,11.5,20.1,96400,1e-7,1e-7,1e-7,1e-7,0.00995,0
2023-05-17 10:39:59,1684334400,12.6,20.7,96440,1e-7,2.00,4.00,4.00,0.00995,0
2023-05-17 10:44:51,1684334692,13.6,19.8,96433,1.00,8.00,13.0,15.0,0.0144,0
2023-05-17 10:48:05,1684334886,14.2,18.0,96430,1e-7,1.00,1.00,2.00,0.0254,0
2023-05-17 10:54:55,1684335295,13.5,18.1,96500,1e-7,1e-7,1e-7,1e-7,0.0168,0
2023-05-17 10:59:47,1684335588,13.1,18.8,96500,1.00,1.00,3.00,3.00,0.0336,0
2023-05-17 11:04:40,1684335880,12.6,19.5,96500,1e-7,2.00,4.00,5.00,0.0231,0
2023-05-17 11:14:53,1684336493,14.3,19.4,96500,1e-7,4.00,7.00,9.00,0.0128,0
2023-05-17 11:19:44,1684336784,15.0,18.3,96500,1e-7,2.00,4.00,5.00,0.0128,0
2023-05-17 11:21:59,1684336920,15.5,17.7,96500,1.00,2.00,3.00,3.00,0.0128,0
2023-05-17 11:34:42,1684337682,16.8,16.3,96500,1.00,2.00,4.00,4.00,0.0128,0
2023-05-17 11:39:12,1684337952,16.5,16.3,96500,1.00,6.00,11.0,13.0,0.0102,0
2023-05-17 11:49:45,1684338586,15.0,17.7,96500,1e-7,2.00,4.00,5.00,0.0173,0
2023-05-17 11:54:43,1684338883,15.2,17.2,96513,1e-7,2.00,3.00,3.00,0.0171,0
2023-05-17 11:57:56,1684339076,15.2,17.6,96570,1.00,1.00,1.00,1.00,0.0171,0
2023-05-17 12:09:45,1684339785,14.7,18.1,96513,1e-7,3.00,5.00,6.00,0.0166,0
2023-05-17 12:14:55,1684340095,14.7,18.6,96500,1.00,2.00,4.00,5.00,0.0116,0
2023-05-17 12:15:14,1684340115,14.9,19.1,96500,1e-7,1e-7,1e-7,1e-7,0.0116,0
2023-05-17 12:24:55,1684340695,15.7,17.9,96500,1e-7,2.00,4.00,5.00,0.0116,0
2023-05-17 12:29:45,1684340986,16.0,18.4,96500,1e-7,2.00,4.00,4.00,0.0117,0
2023-05-17 12:32:07,1684341127,16.6,17.3,96500,1e-7,1.00,1.00,2.00,0.0106,0
2023-05-17 12:39:42,1684341582,17.4,16.0,96500,1e-7,1e-7,1e-7,1e-7,0.0103,0
2023-05-17 12:44:50,1684341891,17.4,16.0,96519,1.00,2.00,3.00,4.00,0.00995,0
2023-05-17 12:48:03,1684342084,16.8,16.6,96600,1e-7,1e-7,1e-7,1e-7,0.00995,0
2023-05-17 12:54:57,1684342498,14.2,20.2,96600,1e-7,1e-7,1e-7,1e-7,0.00995,0
2023-05-17 12:59:47,1684342788,14.2,19.9,96600,1e-7,1.00,3.00,3.00,0.00995,0
2023-05-17 13:04:58,1684343099,14.1,19.4,96594,1e-7,4.00,7.00,9.00,0.0150,0
2023-05-17 13:07:14,1684343234,14.5,19.7,96500,1e-7,1.00,3.00,3.00,0.0150,0
2023-05-17 13:14:58,1684343699,15.8,16.3,96500,1.00,1.00,1.00,1.00,0.0139,0
2023-05-17 13:19:49,1684343989,15.9,15.9,96547,1e-7,1e-7,1e-7,1e-7,0.0142,0
2023-05-17 13:23:21,1684344202,16.2,15.5,96509,1e-7,2.00,4.00,5.00,0.0136,0
2023-05-17 13:39:43,1684345183,16.4,15.0,96500,1.00,2.00,4.00,4.00,0.0103,0
2023-05-17 13:41:19,1684345280,16.3,15.3,96580,1e-7,1e-7,1e-7,1e-7,0.0103,0
2023-05-17 13:49:58,1684345799,14.4,18.8,96662,1e-7,2.00,3.00,4.00,0.0103,0
2023-05-17 13:54:51,1684346092,12.9,20.8,96627,1e-7,2.00,3.00,4.00,0.0103,0
2023-05-17 13:57:47,1684346268,11.7,22.1,96600,1e-7,1e-7,1e-7,1e-7,0.00995,0
2023-05-17 14:09:48,1684346988,11.6,26.3,96600,1e-7,1e-7,1e-7,1e-7,0.00995,0
2023-05-17 14:14:41,1684347281,12.2,25.1,96600,1e-7,2.00,4.00,5.00,0.0102,0
2023-05-17 14:15:20,1684347320,12.5,24.3,96600,1e-7,1.00,3.00,3.00,0.0102,0
2023-05-17 14:24:47,1684347888,13.7,21.7,96600,1e-7,1e-7,1e-7,1e-7,0.0105,0
2023-05-17 14:29:59,1684348200,12.9,22.4,96600,1e-7,4.00,8.00,9.00,0.0105,0
2023-05-17 14:34:13,1684348454,12.3,23.3,96600,1e-7,1.00,3.00,3.00,0.0121,0
2023-05-17 14:39:46,1684348786,12.9,21.9,96600,1e-7,1.00,3.00,3.00,0.0121,0
2023-05-17 14:44:58,1684349098,13.1,21.6,96600,1.00,2.00,3.00,3.00,0.0138,0
2023-05-17 14:49:51,1684349392,13.6,21.0,96600,1e-7,2.00,4.00,5.00,0.0121,0
2023-05-17 14:51:28,1684349489,13.8,20.7,96600,1e-7,1e-7,1e-7,1e-7,0.0100,0
2023-05-17 14:59:45,1684349986,13.9,20.4,96600,1e-7,1e-7,1e-7,1e-7,0.00982,0
2023-05-17 15:04:57,1684350297,14.3,19.5,96600,1e-7,2.00,3.00,4.00,0.0101,0
2023-05-17 15:08:30,1684350511,14.6,19.3,96600,1.00,4.00,7.00,8.00,0.0125,0
2023-05-17 15:14:41,1684350881,14.5,19.5,96700,1e-7,1e-7,1e-7,1e-7,0.0125,0
2023-05-17 15:19:52,1684351193,14.3,20.2,96619,2.00,2.00,3.00,4.00,0.0121,0
2023-05-17 15:24:44,1684351485,14.2,20.1,96600,1e-7,4.00,8.00,9.00,0.0117,0
2023-05-17 15:25:23,1684351524,14.3,20.1,96600,1e-7,1e-7,1e-7,1e-7,0.0117,0
2023-05-17 15:34:54,1684352094,14.9,19.7,96600,1e-7,2.00,4.00,4.00,0.0118,0
2023-05-17 15:39:45,1684352386,15.3,17.8,96600,1e-7,1.00,3.00,3.00,0.0128,0
2023-05-17 15:43:38,1684352618,15.2,16.8,96600,1e-7,2.00,4.00,5.00,0.0132,0
2023-05-17 15:49:48,1684352989,15.0,16.8,96600,1e-7,1.00,3.00,3.00,0.0103,0
2023-05-17 15:54:59,1684353300,14.9,16.9,96600,1.00,3.00,4.00,5.00,0.0103,0
2023-05-17 15:59:45,1684353586,14.5,17.2,96660,1e-7,1e-7,1e-7,1e-7,0.00995,0
2023-05-17 16:01:03,1684353663,14.0,17.8,96700,1e-7,2.00,3.00,4.00,0.00979,0
2023-05-17 16:09:47,1684354187,13.3,19.8,96700,1e-7,2.00,3.00,4.00,0.0101,0
2023-05-17 16:14:59,1684354499,13.6,20.1,96656,1e-7,2.00,4.00,4.00,0.0102,0
2023-05-17 16:17:54,1684354675,14.0,20.1,96600,1e-7,1e-7,1e-7,1e-7,0.0102,0
2023-05-17 16:29:43,1684355383,15.0,18.9,96700,1e-7,2.00,4.00,4.00,0.00995,0
2023-05-17 16:34:53,1684355694,15.5,18.4,96700,1.00,2.00,4.00,4.00,0.00995,0
2023-05-17 16:35:51,1684355751,15.9,18.6,96700,1e-7,1e-7,1e-7,1e-7,0.00995,0
2023-05-17 16:44:55,1684356295,16.3,17.7,96700,1e-7,2.00,3.00,4.00,0.00995,0
2023-05-17 16:49:46,1684356586,16.2,17.9,96700,1.00,4.00,5.00,6.00,0.0114,0
2023-05-17 16:52:40,1684356760,15.9,18.3,96700,1.00,2.00,3.00,4.00,0.0114,0
2023-05-17 16:59:52,1684357193,15.3,19.0,96700,1e-7,2.00,3.00,4.00,0.0114,0
2023-05-17 17:04:43,1684357484,15.0,19.6,96700,1e-7,2.00,3.00,4.00,0.0113,0
2023-05-17 17:09:54,1684357795,14.7,19.9,96700,1.00,2.00,4.00,4.00,0.0113,0
2023-05-17 17:10:33,1684357833,14.6,19.8,96700,1e-7,1e-7,1e-7,1e-7,0.00995,0
2023-05-17 17:19:59,1684358399,13.2,21.8,96800,1.00,5.00,8.00,10.0,0.0128,0
2023-05-17 17:24:52,1684358692,12.3,23.7,96800,1e-7,4.00,7.00,9.00,0.0128,0
2023-05-17 17:27:48,1684358868,11.7,25.2,96800,1e-7,4.00,7.00,8.00,0.0106,0
2023-05-17 17:39:42,1684359583,11.9,25.8,96800,1e-7,2.00,4.00,5.00,0.0138,0
2023-05-17 17:44:54,1684359895,12.1,25.5,96800,1e-7,3.00,6.00,7.00,0.0119,0
2023-05-17 17:49:48,1684360188,12.2,25.3,96800,1e-7,2.00,3.00,3.00,0.0108,0
2023-05-17 17:54:53,1684360493,12.1,24.7,96800,1.00,2.00,4.00,4.00,0.0136,0
2023-05-17 17:59:47,1684360787,11.9,24.5,96800,1e-7,4.00,7.00,8.00,0.0123,0
2023-05-17 18:04:41,1684361081,11.8,24.4,96800,1e-7,1.00,3.00,3.00,0.0134,0
2023-05-17 18:09:58,1684361398,11.8,24.0,96800,1e-7,2.00,4.00,5.00,0.0134,0
2023-05-17 18:14:52,1684361693,11.8,23.5,96800,1e-7,2.00,3.00,4.00,0.0101,0
2023-05-17 18:19:46,1684361987,11.7,23.5,96800,1e-7,2.00,4.00,5.00,0.00995,0
2023-05-17 18:24:44,1684362285,11.4,23.4,96800,1e-7,1e-7,1e-7,1e-7,0.0102,0
2023-05-17 18:29:59,1684362599,10.8,24.0,96800,1e-7,2.00,4.00,4.00,0.0102,0
2023-05-17 18:34:54,1684362895,10.5,26.2,96800,1e-7,1e-7,1e-7,1e-7,0.00995,0
2023-05-17 18:39:58,1684363199,10.0,27.6,96800,1.00,7.00,12.0,14.0,0.0143,0
2023-05-17 18:44:54,1684363495,9.57,27.8,96800,1e-7,1.00,3.00,3.00,0.0168,0
2023-05-17 18:49:50,1684363791,9.26,28.0,96800,1e-7,1e-7,1e-7,1e-7,0.0168,0
2023-05-17 18:54:47,1684364087,8.95,28.2,96800,1e-7,1.00,1.00,1.00,0.0125,0
2023-05-17 18:59:43,1684364383,8.72,27.7,96800,1e-7,2.00,4.00,4.00,0.00995,0
2023-05-17 19:04:58,1684364698,8.52,27.5,96800,1e-7,1e-7,1e-7,1e-7,0.00995,0
2023-05-17 19:09:54,1684364995,8.33,27.9,96800,1e-7,2.00,4.00,4.00,0.00995,0
2023-05-17 19:14:51,1684365292,8.13,27.9,96800,1e-7,1e-7,1e-7,1e-7,0.00995,0
2023-05-17 19:19:48,1684365589,7.94,28.2,96893,1e-7,2.00,4.00,4.00,0.00995,0
2023-05-17 19:24:46,1684365886,7.77,29.1,96900,1e-7,1e-7,1e-7,1e-7,0.00995,0
2023-05-17 19:29:43,1684366183,7.64,29.3,96900,1e-7,1.00,3.00,3.00,0.00995,0
2023-05-17 19:34:40,1684366481,7.62,29.1,96900,1e-7,1e-7,1e-7,1e-7,0.00995,0
2023-05-17 19:39:53,1684366793,7.61,29.4,96900,1.00,1.00,1.00,1.00,0.00995,0
2023-05-17 19:44:57,1684367097,7.57,30.2,96900,1e-7,1.00,3.00,3.00,0.00995,0
2023-05-17 19:49:54,1684367395,7.43,30.9,96900,1e-7,1.00,3.00,3.00,0.00995,0
2023-05-17 19:54:52,1684367693,7.18,31.8,96900,1.00,2.00,3.00,4.00,0.00995,0
2023-05-17 19:59:50,1684367991,6.85,30.8,96900,1e-7,2.00,3.00,4.00,0.00995,0
2023-05-17 20:04:49,1684368289,6.48,30.8,96900,1e-7,2.00,4.00,4.00,0.00995,0
2023-05-17 20:09:48,1684368588,6.09,31.0,96900,1.00,5.00,9.00,11.0,0.0168,0
2023-05-17 20:14:47,1684368887,5.76,31.5,96900,1e-7,2.00,3.00,4.00,0.0168,0
2023-05-17 20:19:46,1684369186,5.45,31.8,96900,1e-7,3.00,6.00,7.00,0.0129,0
2023-05-17 20:24:46,1684369486,5.14,32.2,96947,1.00,4.00,6.00,7.00,0.0145,0
2023-05-17 20:29:49,1684369789,4.84,32.5,97000,1.00,1.00,2.00,2.00,0.0147,0
2023-05-17 20:34:53,1684370093,4.59,32.6,97000,1e-7,2.00,4.00,4.00,0.0177,0
2023-05-17 20:39:53,1684370393,4.36,32.9,97000,1e-7,4.00,7.00,9.00,0.0175,0
2023-05-17 20:44:53,1684370693,4.15,33.1,97000,1.00,2.00,3.00,4.00,0.0208,0
2023-05-17 20:49:54,1684370994,3.94,33.5,97000,1e-7,2.00,3.00,4.00,0.0180,0
2023-05-17 20:54:54,1684371295,3.78,33.8,97000,1e-7,1e-7,1.00,1.00,0.0180,0
2023-05-17 20:59:52,1684371593,3.66,33.8,97000,1e-7,3.00,5.00,6.00,0.0114,0
2023-05-17 21:04:53,1684371894,3.55,33.8,97000,1e-7,2.00,4.00,4.00,0.0120,0
2023-05-17 21:09:50,1684372190,3.41,34.0,97000,1e-7,2.00,3.00,4.00,0.0106,0
2023-05-17 21:14:37,1684372478,3.30,34.1,97064,1e-7,4.00,8.00,9.00,0.0119,0
2023-05-17 21:19:56,1684372797,3.20,34.2,97100,1e-7,2.00,3.00,4.00,0.0124,0
2023-05-17 21:24:43,1684373084,3.09,34.3,97100,1.00,2.00,4.00,4.00,0.0128,0
2023-05-17 21:29:23,1684373363,2.98,34.6,97100,1.00,2.00,4.00,4.00,0.0129,0
2023-05-17 21:34:49,1684373689,2.86,34.7,97100,1e-7,2.00,4.00,4.00,0.00995,0
2023-05-17 21:39:50,1684373991,2.74,35.0,97100,1e-7,2.00,3.00,4.00,0.00995,0
2023-05-17 21:44:50,1684374291,2.64,35.1,97100,1e-7,2.00,3.00,4.00,0.00995,0
2023-05-17 21:49:40,1684374580,2.55,35.5,97100,1.00,6.00,10.0,12.0,0.00995,0
2023-05-17 21:54:42,1684374882,2.48,35.7,97100,1e-7,4.00,8.00,9.00,0.0305,0
2023-05-17 21:59:52,1684375192,2.47,36.0,97100,1.00,2.00,4.00,4.00,0.0305,0
2023-05-17 22:04:51,1684375491,2.54,36.3,97100,1.00,2.00,3.00,4.00,0.0220,0
2023-05-17 22:09:53,1684375793,2.65,36.3,97100,1e-7,2.00,4.00,5.00,0.0102,0
2023-05-17 22:14:50,1684376090,2.82,36.4,97100,1e-7,4.00,8.00,9.00,0.00995,0
2023-05-17 22:19:52,1684376392,2.98,36.3,97100,1e-7,2.00,4.00,5.00,0.0115,0
2023-05-17 22:24:53,1684376693,3.13,36.1,97100,1e-7,2.00,3.00,4.00,0.0137,0
2023-05-17 22:29:54,1684376995,3.26,36.0,97100,1.00,4.00,7.00,9.00,0.0125,0
2023-05-17 22:34:42,1684377282,3.38,35.8,97100,1e-7,4.00,7.00,8.00,0.0120,0
2023-05-17 22:39:48,1684377589,3.51,35.5,97188,1.00,6.00,11.0,13.0,0.0136,0
2023-05-17 22:44:50,1684377890,3.54,35.4,97200,1e-7,1.00,3.00,3.00,0.0136,0
2023-05-17 22:49:51,1684378191,3.58,35.1,97200,1e-7,2.00,4.00,4.00,0.0205,0
2023-05-17 22:54:24,1684378465,3.57,35.0,97200,1e-7,2.00,3.00,4.00,0.0106,0
2023-05-17 22:59:43,1684378784,3.52,34.7,97200,1.00,2.00,3.00,4.00,0.00995,0
2023-05-17 23:04:44,1684379085,3.44,34.6,97200,1.00,2.00,3.00,4.00,0.00995,0
2023-05-17 23:09:25,1684379366,3.41,34.6,97200,1e-7,2.00,4.00,4.00,0.00995,0
2023-05-17 23:14:42,1684379683,3.41,34.5,97200,1.00,6.00,11.0,13.0,0.0156,0
2023-05-17 23:19:59,1684380000,3.45,34.2,97200,1e-7,1e-7,1e-7,1e-7,0.0184,0
2023-05-17 23:24:44,1684380284,3.42,34.0,97200,1e-7,2.00,3.00,4.00,0.0266,0
2023-05-17 23:29:45,1684380586,3.33,33.7,97200,1e-7,4.00,7.00,9.00,0.0266,0
2023-05-17 23:34:52,1684380893,3.22,33.7,97200,1.00,1.00,3.00,3.00,0.0170,0
2023-05-17 23:39:54,1684381194,3.10,33.3,97200,1e-7,4.00,7.00,9.00,0.0110,0
2023-05-17 23:44:53,1684381494,2.99,33.2,97200,1e-7,1.00,3.00,3.00,0.0146,0
2023-05-17 23:49:55,1684381795,2.93,33.1,97200,1e-7,2.00,3.00,4.00,0.0123,0
2023-05-17 23:54:55,1684382095,2.87,33.0,97200,1e-7,1.00,3.00,3.00,0.0101,0
2023-05-17 23:59:56,1684382397,2.83,33.0,97200,2.00,3.00,4.00,4.00,0.00995,0
2023-05-18 00:04:44,1684382684,2.76,32.9,97200,1.00,5.00,9.00,11.0,0.0166,0
2023-05-18 00:09:43,1684382984,2.66,32.8,97200,1.00,3.00,4.00,4.00,0.0193,0
2023-05-18 00:14:45,1684383286,2.60,32.7,97200,1e-7,2.00,4.00,4.00,0.0155,0
2023-05-18 00:19:43,1684383583,2.59,32.8,97200,1.00,3.00,5.00,6.00,0.0109,0
2023-05-18 00:24:43,1684383883,2.53,32.7,97200,1.00,4.00,8.00,9.00,0.0171,0
2023-05-18 00:29:48,1684384188,2.51,32.7,97200,1e-7,1.00,3.00,3.00,0.0171,0
2023-05-18 00:34:49,1684384490,2.47,32.5,97200,1.00,6.00,11.0,14.0,0.0112,0
2023-05-18 00:39:51,1684384792,2.37,32.4,97200,1e-7,2.00,3.00,4.00,0.0143,0
2023-05-18 00:44:53,1684385094,2.32,32.7,97240,1.00,3.00,6.00,7.00,0.0160,0
2023-05-18 00:49:53,1684385393,2.27,32.9,97277,2.00,2.00,3.00,4.00,0.0160,0
2023-05-18 00:54:41,1684385682,2.22,33.0,97271,1e-7,2.00,4.00,4.00,0.0112,0
2023-05-18 00:59:43,1684385984,2.21,33.3,97280,1.00,2.00,4.00,4.00,0.0112,0
2023-05-18 01:04:49,1684386289,2.30,33.4,97300,1e-7,1.00,1.00,2.00,0.00995,0
2023-05-18 01:09:49,1684386589,2.48,33.4,97300,1.00,5.00,8.00,10.0,0.0119,0
2023-05-18 01:14:54,1684386895,2.65,33.5,97300,1e-7,2.00,4.00,5.00,0.0162,0
2023-05-18 01:19:56,1684387197,2.86,33.7,97300,1.00,2.00,3.00,4.00,0.0165,0
2023-05-18 01:24:44,1684387485,3.06,33.2,97300,1e-7,2.00,4.00,4.00,0.0165,0
2023-05-18 01:29:43,1684387784,3.23,33.1,97300,1.00,2.00,3.00,4.00,0.0100,0
2023-05-18 01:34:50,1684388091,3.40,32.9,97300,1.00,2.00,3.00,4.00,0.00995,0
2023-05-18 01:39:48,1684388388,3.59,32.5,97300,1.00,6.00,11.0,13.0,0.0173,0
2023-05-18 01:44:46,1684388686,3.77,32.2,97300,1.00,2.00,4.00,5.00,0.0304,0
2023-05-18 01:49:53,1684388993,3.92,32.2,97300,1.00,2.00,4.00,4.00,0.0302,0
2023-05-18 01:50:13,1684389013,3.99,32.1,97300,1e-7,1e-7,1e-7,1e-7,0.0184,0
2023-05-18 02:09:42,1684390182,4.38,31.4,97300,1.00,2.00,3.00,4.00,,
2023-05-18 02:14:51,1684390491,4.47,31.4,97300,1.00,4.00,7.00,9.00,,
2023-05-18 02:19:51,1684390792,4.54,31.1,97300,1.00,3.00,4.00,5.00,0.0239,0
2023-05-18 02:24:49,1684391090,4.60,30.9,97300,2.00,3.00,5.00,5.00,0.0204,0
2023-05-18 02:29:49,1684391390,4.67,31.1,97300,1e-7,2.00,4.00,4.00,0.0212,0
2023-05-18 02:34:49,1684391690,4.73,30.8,97300,1.00,2.00,3.00,3.00,0.0120,0
2023-05-18 02:37:56,1684391876,4.77,30.8,97300,1e-7,3.00,6.00,7.00,0.0105,0
2023-05-18 02:54:57,1684392898,4.84,30.5,97300,1e-7,2.00,3.00,4.00,,
2023-05-18 02:59:57,1684393197,4.86,30.4,97300,1.00,2.00,4.00,4.00,,
2023-05-18 03:04:57,1684393497,4.90,30.5,97300,1e-7,2.00,4.00,4.00,,
2023-05-18 03:09:55,1684393795,4.91,30.5,97300,1.00,2.00,3.00,4.00,0.00995,0
2023-05-18 03:14:56,1684394096,4.92,30.4,97300,1.00,7.00,12.0,15.0,0.0256,0
2023-05-18 03:17:56,1684394276,4.94,30.6,97300,1.00,2.00,4.00,5.00,0.0256,0
2023-05-18 03:24:47,1684394688,4.96,30.4,97300,1.00,5.00,8.00,10.0,0.0202,0
2023-05-18 03:29:51,1684394992,4.98,30.3,97300,1.00,2.00,4.00,4.00,0.0140,0
2023-05-18 03:34:51,1684395291,4.98,30.5,97300,2.00,2.00,4.00,4.00,0.0128,0
2023-05-18 03:39:57,1684395597,4.99,30.5,97300,1e-7,2.00,3.00,4.00,0.0126,0
2023-05-18 03:44:17,1684395857,5.02,30.3,97300,1.00,5.00,8.00,10.0,0.00995,0
2023-05-18 03:59:19,1684396760,5.04,30.2,97300,1e-7,1e-7,1e-7,1e-7,0.0105,0
2023-05-18 04:14:44,1684397685,5.07,30.2,97400,1e-7,1e-7,1e-7,1e-7,0.0105,0
2023-05-18 04:17:25,1684397845,5.07,30.4,97400,1e-7,2.00,3.00,4.00,0.0105,0
2023-05-18 04:24:41,1684398282,5.05,30.2,97400,1e-7,2.00,4.00,5.00,0.0117,0
2023-05-18 04:29:47,1684398588,5.03,30.2,97400,1.00,5.00,8.00,10.0,0.0157,0
2023-05-18 04:34:54,1684398895,5.04,30.3,97400,1.00,2.00,3.00,4.00,0.0157,0
2023-05-18 04:39:52,1684399192,5.06,30.4,97400,1.00,2.00,4.00,5.00,0.0230,0
2023-05-18 04:44:49,1684399490,5.07,30.4,97400,1e-7,2.00,3.00,3.00,0.0168,0
2023-05-18 04:48:36,1684399716,5.08,30.4,97400,1e-7,1.00,3.00,3.00,0.0103,0
2023-05-18 05:01:06,1684400466,5.18,30.4,97450,1e-7,1e-7,1e-7,1e-7,0.0101,0
2023-05-18 05:14:49,1684401289,5.21,30.8,97500,1e-7,2.00,4.00,4.00,0.0101,0
2023-05-18 05:29:50,1684402191,5.20,31.0,97500,1e-7,1e-7,1e-7,1e-7,0.0102,0
2023-05-18 05:34:50,1684402490,5.19,31.0,97500,2.00,9.00,14.0,17.0,,
2023-05-18 05:39:56,1684402797,5.17,31.1,97500,1.00,2.00,3.00,4.00,,
2023-05-18 05:44:55,1684403095,5.18,31.2,97500,1.00,2.00,4.00,4.00,0.0141,0
2023-05-18 05:45:15,1684403115,5.18,31.3,97500,1e-7,1e-7,1e-7,1e-7,0.0110,0
2023-05-18 10:19:42,1684419583,17.3,16.2,97800,1e-7,1e-7,1e-7,1e-7,0.00836,0
2023-05-18 10:24:50,1684419890,17.3,16.9,97800,1.00,4.00,7.00,8.00,,
2023-05-18 10:26:44,1684420005,17.5,17.3,97800,1e-7,2.00,3.00,4.00,,
2023-05-18 10:34:57,1684420497,17.7,16.4,97800,1e-7,2.00,3.00,3.00,,
2023-05-18 10:39:45,1684420785,18.0,16.6,97800,1.00,3.00,5.00,5.00,,
2023-05-18 10:43:54,1684421034,18.5,16.2,97800,1.00,2.00,3.00,4.00,0.0110,0
2023-05-18 10:54:58,1684421698,19.2,15.1,97800,2.00,2.00,4.00,4.00,0.0115,0
2023-05-18 10:59:53,1684421994,19.8,14.6,97800,1e-7,2.00,4.00,4.00,0.0108,0
2023-05-18 11:00:12,1684422013,20.2,14.6,97800,1e-7,1e-7,1e-7,1e-7,0.00995,0
2023-05-18 11:09:56,1684422597,20.9,14.3,97800,1e-7,3.00,6.00,7.00,0.0110,0
2023-05-18 11:14:43,1684422883,20.7,14.0,97800,1.00,2.00,3.00,4.00,0.0128,0
2023-05-18 11:17:16,1684423036,20.5,13.9,97800,1e-7,1e-7,1e-7,1e-7,0.0128,0
2023-05-18 11:29:50,1684423790,19.8,14.5,97800,1e-7,3.00,5.00,7.00,0.0148,0
2023-05-18 11:34:56,1684424097,20.1,14.6,97800,1.00,7.00,11.0,14.0,0.0290,0
2023-05-18 11:44:59,1684424699,20.8,14.9,97800,1e-7,1.00,3.00,3.00,0.0290,0
2023-05-18 11:49:46,1684424986,21.0,14.2,97800,1e-7,4.00,7.00,9.00,0.0227,0
2023-05-18 11:52:56,1684425177,20.9,14.1,97800,1.00,3.00,5.00,6.00,0.0184,0
2023-05-18 12:04:54,1684425894,21.4,14.0,97800,1.00,2.00,4.00,4.00,0.0184,0
2023-05-18 12:09:21,1684426162,21.7,13.4,97800,1.00,4.00,7.00,9.00,0.0152,0
2023-05-18 12:19:41,1684426782,21.2,12.8,97800,1.00,7.00,12.0,14.0,0.0121,0
2023-05-18 12:24:48,1684427088,20.4,13.8,97800,2.00,2.00,3.00,4.00,0.0192,0
2023-05-18 12:26:04,1684427165,20.4,14.2,97800,1e-7,2.00,3.00,4.00,0.0132,0
2023-05-18 12:34:53,1684427693,20.5,14.1,97800,1e-7,2.00,3.00,3.00,0.0209,0
2023-05-18 12:39:58,1684427999,20.9,14.1,97800,3.00,6.00,10.0,13.0,0.0237,0
2023-05-18 12:43:29,1684428209,21.6,13.6,97800,1.00,4.00,7.00,8.00,0.0167,0
2023-05-18 12:49:52,1684428593,22.6,12.8,97800,1e-7,1e-7,1e-7,1e-7,0.0165,0
2023-05-18 12:54:58,1684428898,22.4,12.9,97800,1.00,2.00,3.00,3.00,0.0162,0
2023-05-18 12:59:44,1684429185,21.6,12.6,97800,2.00,4.00,6.00,7.00,0.0178,0
2023-05-18 13:00:41,1684429242,21.2,13.1,97800,1.00,2.00,3.00,4.00,0.0104,0
2023-05-18 13:09:57,1684429798,20.4,14.2,97800,1.00,2.00,3.00,4.00,0.0104,0
2023-05-18 13:14:44,1684430085,20.7,14.2,97800,1e-7,2.00,4.00,4.00,0.0106,0
2023-05-18 13:18:53,1684430333,21.1,13.9,97800,2.00,2.00,4.00,5.00,0.0101,0
2023-05-18 13:24:59,1684430700,21.2,14.0,97800,1e-7,1e-7,1e-7,1e-7,0.00975,0
2023-05-18 13:29:53,1684430993,21.2,13.5,97800,1e-7,2.00,3.00,4.00,0.0102,0
2023-05-18 13:34:59,1684431299,20.8,13.4,97800,1.00,2.00,4.00,4.00,0.00995,0
2023-05-18 13:35:56,1684431357,20.6,13.3,97800,1e-7,2.00,3.00,4.00,0.00995,0
2023-05-18 13:44:44,1684431884,20.8,13.3,97800,1e-7,2.00,3.00,4.00,0.00995,0
2023-05-18 13:49:50,1684432190,20.6,13.7,97800,1.00,2.00,3.00,4.00,0.00995,0
2023-05-18 13:52:23,1684432344,20.7,13.8,97800,1.00,2.00,3.00,3.00,0.00995,0
2023-05-18 13:59:57,1684432797,20.6,14.0,97740,1e-7,2.00,3.00,4.00,0.00995,0
2023-05-18 14:04:44,1684433084,20.9,13.6,97773,1.00,3.00,6.00,7.00,0.0133,0
2023-05-18 14:09:50,1684433391,20.9,13.4,97775,1.00,7.00,11.0,13.0,0.0538,0
2023-05-18 14:10:47,1684433448,21.0,13.7,97800,1.00,2.00,3.00,4.00,0.0452,0
2023-05-18 14:19:44,1684433984,21.4,13.7,97792,2.00,3.00,4.00,5.00,0.0350,0
2023-05-18 14:24:50,1684434290,21.6,13.8,97800,1.00,3.00,4.00,5.00,0.0350,0
2023-05-18 14:28:00,1684434481,21.8,13.2,97800,1.00,3.00,6.00,7.00,0.0160,0
2023-05-18 14:34:43,1684434883,21.1,13.6,97717,1.00,2.00,2.00,2.00,0.0129,0
2023-05-18 14:39:49,1684435189,21.3,14.2,97725,1.00,3.00,4.00,5.00,0.0152,0
2023-05-18 14:44:55,1684435495,21.9,13.4,97744,1.00,4.00,7.00,9.00,0.0152,0
2023-05-18 14:45:14,1684435514,21.9,13.0,97700,1e-7,1e-7,1e-7,1e-7,0.0129,0
2023-05-18 14:54:51,1684436091,21.5,13.2,97757,1e-7,3.00,6.00,7.00,0.0166,0
2023-05-18 14:59:57,1684436398,21.3,12.9,97700,1.00,3.00,5.00,6.00,0.0187,0
2023-05-18 15:02:30,1684436550,21.2,13.2,97700,1.00,2.00,3.00,4.00,0.0174,0
2023-05-18 15:09:41,1684436982,21.0,13.4,97700,1e-7,1.00,3.00,3.00,0.0130,0
2023-05-18 15:14:47,1684437288,21.0,13.3,97700,1.00,2.00,4.00,4.00,0.0129,0
2023-05-18 15:18:37,1684437518,20.9,13.4,97700,1.00,5.00,9.00,10.0,0.0130,0
2023-05-18 15:29:52,1684438192,21.4,13.7,97700,1e-7,3.00,6.00,7.00,0.0130,0
2023-05-18 15:34:58,1684438499,21.5,13.5,97700,2.00,4.00,6.00,6.00,0.0295,0
2023-05-18 15:37:11,1684438632,21.8,13.0,97700,1.00,4.00,6.00,7.00,0.0204,0
2023-05-18 15:44:50,1684439090,21.7,12.9,97700,1.00,5.00,9.00,11.0,0.0273,0
2023-05-18 15:49:56,1684439397,21.7,12.8,97700,3.00,11.0,19.0,22.0,0.0273,0
2023-05-18 15:54:05,1684439645,21.7,13.2,97700,1.00,6.00,10.0,12.0,0.0372,0
2023-05-18 15:59:52,1684439993,21.8,13.6,97700,1e-7,2.00,3.00,4.00,0.0106,0
2023-05-18 16:04:58,1684440299,21.9,13.0,97700,2.00,3.00,6.00,7.00,0.0146,0
2023-05-18 16:09:45,1684440586,21.9,13.2,97700,2.00,6.00,9.00,11.0,0.0198,0
2023-05-18 16:11:39,1684440700,21.8,13.9,97700,1e-7,2.00,3.00,4.00,0.0186,0
2023-05-18 16:19:56,1684441196,21.9,14.3,97700,3.00,5.00,6.00,7.00,0.0155,0
2023-05-18 16:24:43,1684441483,21.9,14.1,97700,2.00,4.00,7.00,9.00,0.0282,0
2023-05-18 16:28:13,1684441694,21.8,14.3,97700,1e-7,4.00,7.00,9.00,0.0133,0
2023-05-18 16:34:54,1684442094,21.4,14.4,97700,1e-7,1e-7,1e-7,1e-7,0.0118,0
2023-05-18 16:39:41,1684442381,21.4,14.5,97700,2.00,4.00,6.00,7.00,0.0159,0
2023-05-18 16:44:47,1684442688,21.3,14.4,97700,2.00,5.00,9.00,10.0,0.0159,0
2023-05-18 16:59:51,1684443591,21.0,15.5,97700,1.00,4.00,7.00,8.00,0.0150,0
2023-05-18 17:02:44,1684443764,20.8,15.8,97700,1.00,2.00,3.00,4.00,0.0135,0
2023-05-18 17:09:46,1684444186,20.6,16.2,97700,1e-7,4.00,6.00,7.00,0.0122,0
2023-05-18 17:14:53,1684444493,20.4,16.2,97700,1.00,2.00,4.00,5.00,0.0133,0
2023-05-18 17:19:22,1684444762,20.2,16.5,97700,1.00,5.00,9.00,10.0,0.0122,0
2023-05-18 17:29:56,1684445397,19.6,16.6,97700,2.00,3.00,4.00,5.00,0.0168,0
2023-05-18 17:34:45,1684445685,19.7,16.8,97700,1.00,5.00,9.00,11.0,0.0189,0
2023-05-18 17:39:52,1684445993,19.7,17.0,97700,2.00,3.00,4.00,5.00,0.0187,0
2023-05-18 17:44:41,1684446282,19.6,16.7,97700,1.00,4.00,7.00,8.00,0.0187,0
2023-05-18 17:49:49,1684446590,19.3,16.8,97700,2.00,4.00,6.00,7.00,0.0215,0
2023-05-18 17:54:58,1684446898,19.0,16.7,97700,1.00,3.00,6.00,7.00,0.0290,0
2023-05-18 17:59:47,1684447188,18.5,17.2,97700,2.00,3.00,6.00,7.00,0.0266,0
2023-05-18 18:04:56,1684447497,18.3,17.6,97700,2.00,4.00,7.00,8.00,0.0130,0
2023-05-18 18:09:46,1684447786,18.3,17.8,97700,2.00,5.00,8.00,9.00,0.0346,0
2023-05-18 18:14:55,1684448095,18.0,18.0,97700,2.00,3.00,4.00,4.00,0.0301,0
2023-05-18 18:19:45,1684448385,17.7,18.6,97700,1.00,7.00,11.0,14.0,0.0285,0
2023-05-18 18:24:54,1684448695,17.3,18.8,97700,1e-7,2.00,3.00,4.00,0.0162,0
2023-05-18 18:29:45,1684448985,17.1,18.9,97700,2.00,5.00,8.00,9.00,0.0180,0
2023-05-18 18:34:55,1684449295,16.9,18.7,97700,1.00,3.00,6.00,7.00,0.0170,0
2023-05-18 18:39:46,1684449586,16.7,18.9,97700,1.00,3.00,5.00,6.00,0.0148,0
2023-05-18 18:44:56,1684449896,16.4,19.0,97700,2.00,5.00,8.00,10.0,0.0190,0
2023-05-18 18:49:47,1684450188,16.1,19.2,97700,2.00,4.00,6.00,7.00,0.0205,0
2023-05-18 18:54:58,1684450498,15.8,19.5,97700,2.00,5.00,9.00,10.0,0.0146,0
2023-05-18 18:59:50,1684450791,15.6,19.3,97700,2.00,2.00,4.00,4.00,0.0394,0
2023-05-18 19:04:42,1684451082,15.4,19.6,97700,2.00,6.00,11.0,14.0,0.0394,0
2023-05-18 19:09:54,1684451394,15.2,19.6,97700,1.00,4.00,7.00,8.00,0.0263,0
2023-05-18 19:14:46,1684451686,15.0,19.5,97713,2.00,4.00,7.00,8.00,0.0118,0
2023-05-18 19:19:57,1684451998,14.9,19.5,97744,2.00,3.00,5.00,6.00,0.0140,0
2023-05-18 19:24:50,1684452290,14.7,19.6,97800,2.00,4.00,7.00,8.00,0.0229,0
2023-05-18 19:29:42,1684452583,14.5,19.9,97800,2.00,4.00,8.00,9.00,0.0124,0
2023-05-18 19:34:55,1684452895,14.4,20.2,97800,1.00,6.00,11.0,13.0,0.0131,0
2023-05-18 19:39:48,1684453188,14.2,20.2,97800,2.00,3.00,4.00,5.00,0.0217,0
2023-05-18 19:44:40,1684453481,14.1,20.2,97800,1.00,6.00,10.0,12.0,0.0217,0
2023-05-18 19:49:53,1684453794,14.0,20.4,97800,2.00,4.00,6.00,7.00,0.0187,0
2023-05-18 19:54:46,1684454087,13.8,20.6,97800,1.00,4.00,7.00,8.00,0.0224,0
2023-05-18 19:59:59,1684454400,13.7,20.8,97800,1.00,2.00,4.00,5.00,0.0224,0
2023-05-18 20:04:53,1684454693,13.5,20.9,97800,2.00,4.00,7.00,9.00,0.0140,0
2023-05-18 20:09:46,1684454987,13.4,21.3,97800,2.00,4.00,6.00,8.00,0.0242,0
2023-05-18 20:14:40,1684455281,13.1,21.4,97800,1.00,2.00,4.00,4.00,0.0142,0
2023-05-18 20:19:54,1684455594,12.9,21.8,97800,2.00,3.00,4.00,4.00,0.0191,0
2023-05-18 20:24:48,1684455889,12.7,22.1,97800,1.00,5.00,8.00,10.0,0.0185,0
2023-05-18 20:29:42,1684456183,12.5,22.2,97800,3.00,6.00,9.00,11.0,0.0271,0
2023-05-18 20:34:56,1684456497,12.4,22.7,97800,1.00,4.00,7.00,8.00,0.0167,0
2023-05-18 20:39:51,1684456791,12.4,22.6,97800,2.00,7.00,11.0,13.0,0.0508,0
2023-05-18 20:44:45,1684457086,12.3,23.0,97800,1.00,4.00,7.00,9.00,0.0345,0
2023-05-18 20:49:59,1684457400,12.2,23.5,97800,2.00,5.00,8.00,9.00,0.0281,0
2023-05-18 20:54:54,1684457695,12.2,23.6,97800,2.00,5.00,8.00,10.0,0.0224,0
2023-05-18 20:59:49,1684457989,12.0,23.7,97800,2.00,6.00,10.0,12.0,0.0109,0
2023-05-18 21:04:44,1684458284,11.9,23.9,97800,1.00,5.00,9.00,11.0,0.0117,0
2023-05-18 21:09:59,1684458599,11.8,24.1,97800,2.00,8.00,13.0,16.0,0.0218,0
2023-05-18 21:14:54,1684458894,11.7,24.1,97800,1.00,4.00,6.00,8.00,0.0323,0
2023-05-18 21:19:57,1684459198,11.6,24.6,97800,2.00,4.00,6.00,7.00,0.0323,0
2023-05-18 21:24:41,1684459481,11.5,24.6,97800,2.00,4.00,6.00,7.00,0.0222,0
2023-05-18 21:29:56,1684459796,11.4,24.8,97800,1.00,4.00,6.00,7.00,0.0129,0
2023-05-18 21:34:51,1684460091,11.3,24.8,97800,2.00,3.00,5.00,6.00,0.0138,0
2023-05-18 21:39:45,1684460386,11.4,24.9,97800,1.00,3.00,5.00,6.00,0.0230,0
2023-05-18 21:44:19,1684460660,11.5,25.0,97800,3.00,5.00,7.00,9.00,0.0193,0
2023-05-18 21:49:32,1684460973,11.5,25.0,97800,3.00,5.00,6.00,7.00,0.0328,0
2023-05-18 21:54:45,1684461285,11.4,24.8,97800,3.00,5.00,7.00,8.00,0.0333,0
2023-05-18 21:59:59,1684461600,11.3,24.8,97800,3.00,4.00,5.00,6.00,0.0110,0
2023-05-18 22:04:57,1684461897,11.3,25.0,97800,3.00,4.00,4.00,5.00,0.0146,0
2023-05-18 22:09:50,1684462191,11.3,25.2,97800,2.00,4.00,6.00,7.00,0.0133,0
2023-05-18 22:14:45,1684462486,11.3,24.8,97800,2.00,4.00,5.00,6.00,0.0172,0
2023-05-18 22:19:47,1684462788,11.3,24.8,97800,2.00,6.00,10.0,12.0,0.0240,0
2023-05-18 22:24:47,1684463087,11.3,24.7,97800,3.00,5.00,8.00,9.00,0.0491,0
2023-05-18 22:29:42,1684463383,11.4,24.8,97800,3.00,9.00,14.0,17.0,0.0261,0
2023-05-18 22:34:56,1684463696,11.3,24.5,97800,4.00,7.00,11.0,14.0,0.0330,0
2023-05-18 22:39:51,1684463992,11.3,24.7,97800,2.00,6.00,9.00,11.0,0.0369,0
2023-05-18 22:44:45,1684464285,11.3,24.4,97800,2.00,5.00,8.00,10.0,0.0356,0
2023-05-18 22:49:58,1684464599,11.3,24.6,97800,3.00,8.00,13.0,15.0,0.0254,0
2023-05-18 22:54:53,1684464893,11.3,24.5,97800,4.00,9.00,13.0,15.0,0.0367,0
2023-05-18 22:59:47,1684465188,11.2,24.7,97800,3.00,8.00,13.0,16.0,0.130,0
2023-05-18 23:03:24,1684465405,11.2,24.7,97800,3.00,4.00,5.00,5.00,0.0379,0
2023-05-18 23:09:44,1684465785,11.2,24.7,97800,3.00,4.00,5.00,6.00,0.126,0
2023-05-18 23:14:47,1684466087,11.2,24.8,97800,2.00,3.00,4.00,4.00,0.0588,0
2023-05-18 23:19:42,1684466383,11.1,24.8,97800,1.00,3.00,5.00,6.00,0.0123,0
2023-05-18 23:24:38,1684466678,11.1,24.8,97800,1.00,4.00,6.00,8.00,0.0157,0
2023-05-18 23:29:42,1684466983,11.0,25.3,97800,3.00,3.00,3.00,3.00,0.0226,0
2023-05-18 23:34:58,1684467298,10.8,25.3,97800,3.00,4.00,5.00,7.00,0.0121,0
2023-05-18 23:39:59,1684467599,10.7,25.5,97800,2.00,6.00,9.00,10.0,0.0104,0
2023-05-18 23:44:54,1684467894,10.6,25.5,97800,2.00,6.00,10.0,12.0,0.0456,0
2023-05-18 23:49:57,1684468197,10.5,25.6,97800,3.00,4.00,5.00,7.00,0.0555,0
2023-05-18 23:54:41,1684468482,10.4,25.8,97800,3.00,8.00,13.0,15.0,0.0376,0
2023-05-18 23:59:55,1684468796,10.3,26.0,97800,5.00,6.00,9.00,11.0,0.0201,0
2023-05-19 00:04:50,1684469091,10.3,26.1,97800,2.00,5.00,7.00,8.00,0.0201,0
2023-05-19 00:09:53,1684469393,10.3,26.4,97800,2.00,2.00,3.00,4.00,0.0193,0
2023-05-19 00:14:54,1684469694,10.3,26.2,97800,2.00,7.00,11.0,13.0,0.0145,0
2023-05-19 00:19:53,1684469994,10.4,26.1,97800,2.00,6.00,10.0,12.0,0.0356,0
2023-05-19 00:24:56,1684470297,10.5,26.2,97800,2.00,5.00,8.00,10.0,0.0274,0
2023-05-19 00:29:52,1684470593,10.6,26.3,97800,3.00,12.0,19.0,23.0,0.0222,0
2023-05-19 00:34:53,1684470893,10.6,26.4,97800,2.00,3.00,5.00,6.00,0.0257,0
2023-05-19 00:39:29,1684471170,10.6,26.8,97800,2.00,4.00,7.00,8.00,0.0173,0
2023-05-19 00:44:42,1684471482,10.6,26.7,97800,2.00,3.00,5.00,5.00,0.0150,0
2023-05-19 00:49:58,1684471798,10.6,26.6,97800,2.00,4.00,5.00,5.00,0.0123,0
2023-05-19 00:54:56,1684472097,10.4,26.7,97800,3.00,5.00,7.00,8.00,0.0118,0
2023-05-19 00:59:39,1684472379,10.3,26.9,97800,2.00,5.00,8.00,10.0,0.0118,0
2023-05-19 01:04:53,1684472693,10.2,26.9,97800,2.00,5.00,7.00,8.00,0.0344,0
2023-05-19 01:09:49,1684472990,10.2,27.2,97800,3.00,3.00,4.00,4.00,0.0254,0
2023-05-19 01:14:44,1684473285,10.1,27.4,97800,1.00,4.00,6.00,7.00,0.0354,0
2023-05-19 01:19:48,1684473588,10.1,27.4,97800,2.00,7.00,10.0,12.0,0.0136,0
2023-05-19 01:24:44,1684473884,10.0,27.3,97800,3.00,6.00,10.0,11.0,0.0177,0
2023-05-19 01:29:39,1684474180,9.97,27.6,97800,1.00,2.00,3.00,4.00,0.0371,0
2023-05-19 01:34:40,1684474481,9.98,27.5,97800,4.00,5.00,7.00,8.00,0.0373,0
2023-05-19 01:39:45,1684474785,10.1,27.3,97800,2.00,3.00,6.00,7.00,0.0196,0
2023-05-19 01:44:59,1684475100,10.4,27.1,97800,4.00,4.00,5.00,6.00,0.0267,0
2023-05-19 01:48:56,1684475336,10.7,27.0,97800,2.00,5.00,7.00,8.00,0.0267,0
2023-05-19 01:54:44,1684475685,11.1,26.4,97800,1.00,3.00,6.00,7.00,0.0184,0
2023-05-19 01:59:42,1684475983,11.3,26.1,97800,1.00,6.00,11.0,13.0,0.0157,0
2023-05-19 02:04:56,1684476296,11.5,25.7,97800,2.00,2.00,3.00,4.00,0.0138,0
2023-05-19 02:09:51,1684476592,11.6,25.4,97800,2.00,7.00,11.0,13.0,0.0230,0
2023-05-19 02:14:43,1684476884,11.6,25.2,97800,2.00,6.00,9.00,11.0,0.0342,0
2023-05-19 02:19:47,1684477187,11.6,25.1,97800,3.00,5.00,6.00,7.00,0.0406,0
2023-05-19 02:24:42,1684477483,11.7,25.1,97800,3.00,4.00,5.00,5.00,0.0271,0
2023-05-19 02:29:42,1684477783,11.7,25.4,97800,1.00,4.00,6.00,7.00,0.0126,0
2023-05-19 02:34:47,1684478087,11.5,25.9,97800,2.00,4.00,5.00,6.00,0.0116,0
2023-05-19 02:39:43,1684478384,11.1,26.2,97800,3.00,4.00,7.00,9.00,0.0111,0
2023-05-19 02:44:47,1684478688,10.7,26.3,97800,3.00,10.0,16.0,19.0,0.0219,0
2023-05-19 02:49:04,1684478944,10.4,26.7,97800,6.00,7.00,9.00,10.0,0.0881,0
2023-05-19 02:54:44,1684479285,10.1,27.0,97787,2.00,8.00,14.0,16.0,0.0542,0
2023-05-19 02:59:59,1684479599,9.81,27.4,97783,1.00,7.00,11.0,13.0,0.0542,0
2023-05-19 03:04:41,1684479882,9.55,27.6,97700,4.00,5.00,5.00,6.00,0.0410,0
2023-05-19 03:09:58,1684480198,9.35,27.9,97775,3.00,6.00,8.00,9.00,0.0176,0
2023-05-19 03:14:54,1684480495,9.20,27.8,97700,1.00,6.00,10.0,12.0,0.0477,0
2023-05-19 03:19:51,1684480792,9.11,27.7,97700,3.00,6.00,10.0,11.0,0.0477,0
2023-05-19 03:24:46,1684481087,9.19,28.2,97769,1.00,4.00,7.00,8.00,0.0175,0
2023-05-19 03:29:43,1684481383,9.57,27.9,97800,3.00,5.00,7.00,9.00,0.0309,0
2023-05-19 03:34:57,1684481698,9.89,27.6,97800,2.00,5.00,7.00,8.00,0.0238,0
2023-05-19 03:39:53,1684481994,10.2,27.4,97800,2.00,5.00,7.00,8.00,0.0223,0
2023-05-19 03:44:48,1684482289,10.5,27.2,97800,1.00,3.00,3.00,4.00,0.0181,0
2023-05-19 03:49:44,1684482585,10.7,27.0,97800,2.00,4.00,5.00,6.00,0.0220,0
2023-05-19 03:54:47,1684482888,10.7,27.2,97800,2.00,3.00,5.00,6.00,0.0154,0
2023-05-19 03:59:42,1684483183,10.5,27.5,97800,3.00,12.0,20.0,24.0,0.0230,0
2023-05-19 04:04:44,1684483484,10.2,27.6,97800,1.00,2.00,3.00,3.00,0.0159,0
2023-05-19 04:09:40,1684483781,9.91,27.6,97800,2.00,8.00,13.0,15.0,0.0392,0
2023-05-19 04:14:44,1684484085,9.73,27.8,97800,2.00,3.00,4.00,5.00,0.0293,0
2023-05-19 04:19:41,1684484381,9.58,28.1,97727,3.00,5.00,7.00,9.00,0.0351,0
2023-05-19 04:24:44,1684484685,9.47,28.1,97727,2.00,3.00,4.00,5.00,0.0242,0
2023-05-19 04:29:44,1684484984,9.49,28.2,97744,4.00,5.00,5.00,6.00,0.0242,0
2023-05-19 04:34:40,1684485281,9.57,28.4,97780,2.00,3.00,5.00,5.00,0.0113,0
2023-05-19 04:39:43,1684485584,9.58,28.4,97767,2.00,3.00,4.00,4.00,0.0104,0
2023-05-19 04:44:40,1684485880,9.56,28.4,97707,3.00,6.00,11.0,13.0,0.0142,0
2023-05-19 04:49:55,1684486195,9.49,28.6,97714,2.00,6.00,11.0,13.0,0.0256,0
2023-05-19 04:54:51,1684486492,9.43,28.7,97707,2.00,3.00,4.00,5.00,0.0256,0
2023-05-19 04:59:48,1684486789,9.43,28.7,97700,1.00,3.00,4.00,5.00,0.0263,0
2023-05-19 05:04:44,1684487085,9.46,28.8,97700,2.00,5.00,8.00,9.00,0.0190,0
2023-05-19 05:09:59,1684487399,9.51,28.9,97700,3.00,5.00,7.00,8.00,0.0208,0
2023-05-19 05:14:56,1684487696,9.55,29.0,97733,4.00,9.00,13.0,15.0,0.0292,0
2023-05-19 05:19:52,1684487993,9.58,29.2,97700,2.00,6.00,10.0,11.0,0.0234,0
2023-05-19 05:24:47,1684488287,9.62,29.3,97700,1.00,4.00,7.00,8.00,0.0246,0
2023-05-19 05:27:43,1684488464,9.65,29.5,97700,1.00,7.00,12.0,15.0,0.0167,0
2023-05-19 10:14:54,1684505694,21.4,20.3,97700,1.00,1.00,1.00,1.00,,
2023-05-19 10:19:40,1684505981,21.4,20.2,97700,2.00,4.00,7.00,8.00,,
2023-05-19 10:24:46,1684506287,21.5,20.0,97700,1.00,3.00,5.00,5.00,,
2023-05-19 10:28:17,1684506497,21.6,20.0,97700,1.00,3.00,4.00,5.00,0.0149,0
2023-05-19 10:44:49,1684507490,22.8,19.4,97700,2.00,2.00,3.00,4.00,0.0149,0
2023-05-19 10:45:27,1684507528,23.0,19.3,97700,1e-7,4.00,6.00,8.00,0.00964,0
2023-05-19 10:54:41,1684508082,23.8,18.7,97700,2.00,4.00,6.00,7.00,0.0127,0
2023-05-19 10:59:45,1684508386,24.2,18.4,97700,2.00,3.00,5.00,6.00,0.0121,0
2023-05-19 11:04:10,1684508651,24.7,18.0,97700,2.00,5.00,7.00,8.00,0.0119,0
2023-05-19 11:14:45,1684509286,25.2,18.0,97700,2.00,2.00,3.00,3.00,0.0119,0
2023-05-19 11:19:49,1684509589,25.2,17.5,97700,4.00,5.00,7.00,7.00,0.0111,0
2023-05-19 11:21:04,1684509665,25.0,18.2,97700,2.00,3.00,4.00,4.00,0.00959,0
2023-05-19 11:29:47,1684510187,24.7,17.8,97700,2.00,2.00,3.00,3.00,0.0112,0
2023-05-19 11:34:51,1684510491,24.5,17.8,97650,2.00,2.00,3.00,3.00,0.0116,0
2023-05-19 11:38:19,1684510700,24.5,18.3,97600,3.00,3.00,3.00,3.00,0.0113,0
2023-05-19 11:44:41,1684511081,24.9,18.4,97600,2.00,6.00,10.0,12.0,0.0113,0
2023-05-19 11:49:45,1684511385,25.2,18.4,97600,2.00,5.00,8.00,10.0,0.0205,0
2023-05-19 11:54:29,1684511670,25.4,18.1,97600,4.00,10.0,15.0,18.0,0.0205,0
2023-05-19 12:04:58,1684512298,25.9,18.1,97600,1.00,2.00,3.00,4.00,0.0113,0
2023-05-19 12:09:42,1684512582,26.0,18.3,97600,3.00,6.00,9.00,11.0,0.0439,0
2023-05-19 12:12:50,1684512771,26.2,18.1,97600,2.00,2.00,3.00,4.00,0.00972,0
2023-05-19 12:19:51,1684513192,26.4,17.9,97600,2.00,3.00,6.00,7.00,0.0577,0
2023-05-19 12:24:54,1684513494,26.4,18.1,97600,2.00,5.00,8.00,10.0,0.0577,0
2023-05-19 12:29:56,1684513796,26.5,18.3,97600,2.00,2.00,4.00,5.00,0.0156,0
2023-05-19 12:39:45,1684514385,26.9,18.0,97600,3.00,6.00,8.00,10.0,0.0157,0
2023-05-19 12:44:47,1684514688,27.0,18.2,97600,2.00,3.00,4.00,5.00,0.0201,0
2023-05-19 12:46:59,1684514819,27.2,18.5,97600,2.00,5.00,7.00,8.00,0.0126,0
2023-05-19 12:54:45,1684515285,27.3,18.3,97600,2.00,3.00,3.00,3.00,0.00780,0
2023-05-19 12:59:47,1684515587,27.3,18.1,97600,3.00,4.00,6.00,6.00,0.0108,0
2023-05-19 13:04:10,1684515851,27.5,18.5,97514,3.00,5.00,6.00,7.00,0.0136,0
2023-05-19 13:09:52,1684516193,27.5,18.0,97500,2.00,3.00,3.00,4.00,0.0132,0
2023-05-19 13:14:54,1684516495,27.3,18.3,97500,4.00,6.00,10.0,12.0,0.0163,0.921
2023-05-19 13:19:56,1684516797,27.6,18.6,97500,3.00,6.00,8.00,10.0,0.0139,1.23
2023-05-19 13:21:30,1684516890,27.8,18.6,97500,3.00,6.00,8.00,9.00,0.0104,1.23
2023-05-19 13:29:41,1684517382,28.0,18.4,97500,3.00,3.00,5.00,5.00,0.0125,1.23
2023-05-19 13:34:43,1684517683,27.8,18.6,97500,4.00,4.00,4.00,5.00,0.0151,1.23
2023-05-19 13:38:28,1684517909,27.7,18.7,97500,2.00,6.00,8.00,9.00,0.0156,1.22
2023-05-19 13:49:58,1684518598,27.7,19.3,97500,4.00,4.00,5.00,5.00,0.0156,0
2023-05-19 13:54:22,1684518863,27.8,19.2,97500,4.00,6.00,7.00,8.00,0.0121,0
2023-05-19 14:04:53,1684519494,27.6,19.2,97500,4.00,5.00,5.00,5.00,0.0142,0
2023-05-19 14:09:56,1684519796,27.2,19.5,97444,5.00,6.00,6.00,6.00,0.0154,0
2023-05-19 14:11:30,1684519891,27.2,19.5,97500,3.00,4.00,5.00,6.00,0.0119,0
2023-05-19 14:19:52,1684520393,27.2,19.5,97400,1.00,3.00,5.00,6.00,0.0115,0
2023-05-19 14:24:54,1684520695,27.3,19.8,97400,6.00,7.00,7.00,7.00,0.0151,0
2023-05-19 14:29:56,1684520996,27.4,19.7,97400,4.00,4.00,4.00,4.00,0.0123,0
2023-05-19 14:39:43,1684521584,27.9,19.3,97400,4.00,7.00,10.0,11.0,0.0169,0
2023-05-19 14:44:45,1684521886,27.9,19.0,97400,5.00,9.00,14.0,16.0,0.0690,0
2023-05-19 14:46:57,1684522018,27.9,18.9,97400,3.00,4.00,4.00,5.00,0.0463,0
2023-05-19 14:54:55,1684522496,27.7,19.3,97400,3.00,7.00,11.0,13.0,0.0349,0
2023-05-19 14:59:57,1684522798,27.9,19.0,97400,5.00,6.00,6.00,6.00,0.0695,0
2023-05-19 15:04:21,1684523061,28.0,18.6,97400,6.00,7.00,7.00,7.00,0.0243,0
2023-05-19 15:09:44,1684523384,28.0,18.9,97400,2.00,2.00,2.00,2.00,0.0101,0
2023-05-19 15:14:46,1684523686,28.3,18.3,97400,4.00,6.00,7.00,8.00,0.0123,0
2023-05-19 15:19:47,1684523988,28.1,18.1,97400,4.00,5.00,6.00,7.00,0.0150,0
2023-05-19 15:20:06,1684524007,28.0,18.1,97400,4.00,5.00,5.00,5.00,0.0156,0
2023-05-19 15:34:44,1684524884,28.0,18.5,97300,2.00,4.00,6.00,6.00,0.0156,0
2023-05-19 15:37:15,1684525035,28.0,18.5,97363,4.00,4.00,5.00,5.00,0.0156,0
2023-05-19 15:49:43,1684525784,28.1,18.9,97300,4.00,5.00,7.00,8.00,0.0128,0
2023-05-19 15:54:45,1684526086,28.3,18.6,97300,4.00,5.00,5.00,5.00,0.0180,0
2023-05-19 15:55:04,1684526105,28.2,18.3,97300,2.00,2.00,2.00,2.00,0.0109,0
2023-05-19 16:04:45,1684526685,27.6,18.9,97300,3.00,4.00,6.00,6.00,0.0109,0
2023-05-19 16:09:47,1684526988,27.3,19.1,97300,6.00,7.00,8.00,9.00,0.0328,0
2023-05-19 16:12:19,1684527139,27.1,19.1,97300,3.00,9.00,13.0,15.0,0.0324,0
2023-05-19 16:19:52,1684527592,27.5,18.7,97300,4.00,5.00,7.00,8.00,0.0190,0
2023-05-19 16:24:54,1684527895,27.7,18.3,97300,4.00,6.00,9.00,10.0,0.0376,0
2023-05-19 16:29:56,1684528196,27.9,17.4,97300,4.00,5.00,6.00,6.00,0.0204,0
2023-05-19 16:30:14,1684528215,27.9,17.4,97300,1e-7,1e-7,1e-7,1e-7,0.0176,0
2023-05-19 16:39:45,1684528786,27.8,17.4,97300,4.00,5.00,6.00,6.00,0.0188,0
2023-05-19 16:44:48,1684529088,27.8,17.4,97300,4.00,5.00,6.00,7.00,0.0198,0
2023-05-19 16:46:03,1684529164,27.7,17.5,97300,2.00,2.00,2.00,2.00,0.0111,0
2023-05-19 16:59:43,1684529983,26.9,18.0,97300,6.00,6.00,6.00,7.00,0.0111,0
2023-05-19 17:03:49,1684530230,26.6,18.3,97300,3.00,9.00,14.0,16.0,0.0205,0
2023-05-19 17:09:51,1684530591,26.4,18.7,97300,1e-7,1e-7,1e-7,1e-7,0.0205,0
2023-05-19 17:14:53,1684530894,26.5,18.9,97300,5.00,10.0,14.0,16.0,0.0205,0
2023-05-19 17:19:56,1684531197,26.7,18.4,97300,4.00,7.00,9.00,11.0,0.0172,0
2023-05-19 17:20:15,1684531216,26.7,18.5,97300,1.00,3.00,4.00,4.00,0.0172,0
2023-05-19 17:34:50,1684532091,26.4,18.9,97300,4.00,6.00,6.00,7.00,0.0172,0
2023-05-19 17:38:52,1684532333,26.4,18.8,97208,4.00,7.00,11.0,12.0,0.0180,0
2023-05-19 17:44:53,1684532693,26.2,19.0,97200,2.00,3.00,4.00,5.00,0.0180,0
2023-05-19 17:49:56,1684532997,26.1,19.2,97200,6.00,7.00,7.00,7.00,0.0157,0
2023-05-19 17:54:41,1684533282,25.9,19.7,97200,5.00,6.00,7.00,8.00,0.0157,0
2023-05-19 17:59:45,1684533586,25.6,19.8,97200,3.00,6.00,7.00,8.00,0.0220,0
2023-05-19 18:04:49,1684533890,25.5,20.2,97200,5.00,7.00,9.00,11.0,0.0224,0
2023-05-19 18:09:53,1684534194,25.4,20.5,97200,8.00,8.00,8.00,8.00,0.0214,0
2023-05-19 18:14:57,1684534498,25.4,20.4,97200,6.00,7.00,8.00,10.0,0.0215,0
2023-05-19 18:19:42,1684534783,25.4,20.5,97200,7.00,8.00,10.0,11.0,0.0215,0
2023-05-19 18:24:46,1684535087,25.5,20.8,97200,3.00,6.00,10.0,11.0,0.0132,0
2023-05-19 18:29:12,1684535353,25.5,21.0,97200,3.00,8.00,12.0,13.0,0.0412,0
2023-05-19 18:49:51,1684536591,25.4,21.4,97200,2.00,4.00,5.00,5.00,,
2023-05-19 18:54:54,1684536895,25.4,21.4,97200,4.00,5.00,6.00,8.00,,
2023-05-19 18:59:58,1684537199,25.3,21.6,97200,5.00,8.00,12.0,14.0,,
2023-05-19 19:04:43,1684537484,25.2,21.5,97200,2.00,4.00,5.00,5.00,0.0479,0
2023-05-19 19:09:48,1684537788,25.0,21.6,97200,2.00,3.00,3.00,4.00,0.0547,0
2023-05-19 19:14:52,1684538093,24.8,21.8,97200,4.00,5.00,5.00,6.00,0.0250,0
2023-05-19 19:19:57,1684538398,24.5,22.1,97200,4.00,7.00,11.0,13.0,0.0165,0
2023-05-19 19:24:43,1684538684,24.3,22.3,97200,5.00,7.00,9.00,10.0,0.00851,0
2023-05-19 19:29:49,1684538989,24.2,22.6,97200,4.00,4.00,6.00,6.00,0.0155,0
2023-05-19 19:34:54,1684539295,24.0,22.7,97200,2.00,4.00,5.00,5.00,0.00979,0
2023-05-19 19:39:41,1684539581,23.8,23.0,97200,5.00,9.00,12.0,13.0,0.0120,0
2023-05-19 19:44:46,1684539887,23.7,23.3,97200,5.00,7.00,8.00,9.00,0.0608,0
2023-05-19 19:49:52,1684540193,23.6,23.4,97256,5.00,5.00,5.00,5.00,0.0608,0
2023-05-19 19:54:58,1684540499,23.6,23.5,97300,5.00,5.00,6.00,7.00,0.0349,0
2023-05-19 19:59:45,1684540785,23.5,23.7,97300,4.00,4.00,6.00,7.00,0.0118,0
2023-05-19 20:04:51,1684541091,23.4,24.0,97300,4.00,6.00,8.00,8.00,0.0117,0
2023-05-19 20:09:57,1684541398,23.3,24.4,97300,5.00,7.00,9.00,10.0,0.0160,0
2023-05-19 20:14:44,1684541685,23.2,24.5,97300,5.00,5.00,7.00,8.00,0.0157,0
2023-05-19 20:19:51,1684541991,23.1,24.9,97300,5.00,6.00,10.0,11.0,0.0243,0
2023-05-19 20:24:57,1684542297,23.0,24.9,97300,4.00,4.00,7.00,8.00,0.0315,0
2023-05-19 20:29:44,1684542585,22.9,25.3,97300,4.00,4.00,5.00,5.00,0.0168,0
2023-05-19 20:34:51,1684542891,22.8,25.2,97300,5.00,6.00,9.00,11.0,0.0182,0
2023-05-19 20:39:57,1684543198,22.8,25.4,97300,6.00,9.00,10.0,11.0,0.0403,0
2023-05-19 20:44:45,1684543485,22.8,25.4,97300,4.00,6.00,7.00,8.00,0.0222,0
2023-05-19 20:49:51,1684543792,22.7,25.6,97300,4.00,6.00,7.00,8.00,0.0377,0
2023-05-19 20:54:58,1684544098,22.7,25.6,97300,6.00,6.00,6.00,7.00,0.0278,0
2023-05-19 20:59:45,1684544386,22.7,25.7,97300,5.00,5.00,6.00,7.00,0.0278,0
2023-05-19 21:04:52,1684544692,22.7,26.1,97300,3.00,5.00,7.00,7.00,0.0121,0
2023-05-19 21:09:58,1684544999,22.6,26.5,97300,5.00,6.00,7.00,8.00,0.0117,0
2023-05-19 21:14:46,1684545287,22.5,26.7,97300,4.00,5.00,6.00,7.00,0.0128,0
2023-05-19 21:19:53,1684545594,22.4,26.9,97300,5.00,6.00,8.00,10.0,0.0112,0
2023-05-19 21:24:41,1684545881,22.2,27.2,97300,5.00,8.00,10.0,11.0,0.0116,0
2023-05-19 21:29:48,1684546188,22.1,27.5,97300,5.00,7.00,10.0,12.0,0.0162,0
2023-05-19 21:34:55,1684546495,22.0,27.9,97300,4.00,7.00,9.00,10.0,0.0203,0
2023-05-19 21:39:43,1684546783,21.9,28.1,97300,5.00,7.00,9.00,10.0,0.0243,0
2023-05-19 21:44:50,1684547091,21.8,28.4,97300,5.00,7.00,10.0,11.0,0.0243,0
2023-05-19 21:49:58,1684547398,21.7,28.7,97300,4.00,10.0,15.0,18.0,0.0157,0
2023-05-19 21:54:46,1684547686,21.7,29.0,97300,6.00,7.00,8.00,8.00,0.0245,0
2023-05-19 21:59:53,1684547994,21.6,29.1,97300,5.00,6.00,6.00,7.00,0.0493,0
2023-05-19 22:04:42,1684548282,21.6,29.1,97300,8.00,9.00,11.0,12.0,0.0493,0
2023-05-19 22:09:49,1684548590,21.6,29.4,97300,5.00,6.00,8.00,9.00,0.0467,0
2023-05-19 22:14:57,1684548897,21.6,29.6,97300,4.00,6.00,11.0,13.0,0.0223,0
2023-05-19 22:19:45,1684549185,21.6,29.8,97300,9.00,10.0,10.0,10.0,0.0102,0
2023-05-19 22:24:52,1684549493,21.6,30.4,97300,6.00,7.00,8.00,9.00,0.0125,0
2023-05-19 22:29:41,1684549781,21.6,30.5,97300,4.00,5.00,5.00,5.00,0.0231,0
2023-05-19 22:34:48,1684550089,21.5,30.7,97300,7.00,7.00,8.00,10.0,0.0200,0
2023-05-19 22:39:56,1684550396,21.4,30.8,97300,4.00,5.00,7.00,8.00,0.0148,0
2023-05-19 22:44:44,1684550685,21.3,31.3,97300,6.00,9.00,11.0,13.0,0.0195,0
2023-05-19 22:49:52,1684550992,21.2,31.4,97300,4.00,7.00,9.00,10.0,0.0375,0
2023-05-19 22:54:40,1684551281,21.1,31.6,97300,4.00,6.00,8.00,9.00,0.0303,0
2023-05-19 22:59:48,1684551589,21.0,32.0,97300,4.00,7.00,11.0,13.0,0.0236,0
2023-05-19 23:04:56,1684551897,21.0,32.9,97300,6.00,8.00,9.00,9.00,0.0178,0
2023-05-19 23:09:45,1684552185,21.0,33.1,97300,4.00,6.00,8.00,10.0,0.0265,0
2023-05-19 23:14:53,1684552493,21.0,32.9,97300,6.00,7.00,9.00,10.0,0.0265,0
2023-05-19 23:19:42,1684552782,20.9,32.8,97300,6.00,10.0,14.0,16.0,0.0201,0
2023-05-19 23:24:50,1684553090,20.8,32.7,97300,7.00,10.0,13.0,15.0,0.0328,0
2023-05-19 23:29:58,1684553398,20.7,33.1,97300,5.00,8.00,10.0,11.0,0.0258,0
2023-05-19 23:34:46,1684553687,20.6,33.3,97300,6.00,9.00,11.0,13.0,0.0258,0
2023-05-19 23:39:55,1684553995,20.5,33.8,97300,6.00,7.00,10.0,11.0,0.0194,0
2023-05-19 23:44:43,1684554283,20.5,34.8,97362,5.00,5.00,5.00,6.00,0.0349,0
2023-05-19 23:49:51,1684554591,20.4,35.6,97313,8.00,9.00,9.00,9.00,0.0144,0
2023-05-19 23:54:59,1684554899,20.4,35.3,97300,4.00,6.00,8.00,9.00,0.0138,0
2023-05-19 23:59:47,1684555188,20.4,36.6,97300,5.00,5.00,7.00,8.00,0.0138,0
2023-05-20 00:04:56,1684555496,20.4,36.2,97300,5.00,6.00,7.00,7.00,0.0170,0
2023-05-20 00:09:50,1684555791,20.3,36.1,97300,7.00,9.00,10.0,11.0,0.0187,0
2023-05-20 00:14:59,1684556099,20.3,35.8,97300,3.00,4.00,5.00,6.00,0.0433,0
2023-05-20 00:19:47,1684556388,20.3,36.0,97300,5.00,7.00,9.00,10.0,0.0295,0
2023-05-20 00:24:55,1684556696,20.2,35.6,97300,5.00,9.00,11.0,12.0,0.0334,0
2023-05-20 00:29:45,1684556985,20.1,35.4,97327,6.00,8.00,9.00,10.0,0.0506,0
2023-05-20 00:34:42,1684557282,20.0,35.6,97400,4.00,6.00,7.00,7.00,0.0762,0
2023-05-20 00:39:50,1684557591,19.9,35.8,97400,5.00,7.00,8.00,9.00,0.109,0
2023-05-20 00:44:59,1684557900,19.8,35.7,97400,3.00,5.00,7.00,8.00,0.0176,0
2023-05-20 00:49:48,1684558189,19.7,35.9,97400,5.00,6.00,7.00,7.00,0.0176,0
2023-05-20 00:54:57,1684558498,19.6,36.0,97400,3.00,6.00,9.00,11.0,0.0287,0
2023-05-20 00:59:54,1684558794,19.6,36.3,97400,5.00,6.00,7.00,8.00,0.0287,0
2023-05-20 01:04:43,1684559084,19.5,36.6,97400,5.00,6.00,7.00,8.00,0.0180,0
2023-05-20 01:09:52,1684559392,19.4,36.6,97400,6.00,8.00,10.0,10.0,0.0230,0
2023-05-20 01:14:41,1684559682,19.3,36.9,97400,5.00,7.00,8.00,9.00,0.0230,0
2023-05-20 01:19:50,1684559991,19.2,36.9,97400,8.00,9.00,10.0,10.0,0.0216,0
2023-05-20 01:24:40,1684560281,19.1,37.3,97400,9.00,10.0,10.0,11.0,0.0219,0
2023-05-20 01:29:50,1684560590,19.0,37.5,97400,6.00,8.00,10.0,11.0,0.0887,0
2023-05-20 01:34:59,1684560900,19.0,37.5,97400,7.00,8.00,8.00,8.00,0.0206,0
2023-05-20 01:39:49,1684561190,19.0,37.5,97400,4.00,6.00,7.00,7.00,0.0247,0
2023-05-20 01:44:43,1684561484,19.0,36.9,97400,5.00,6.00,8.00,8.00,0.0269,0
2023-05-20 01:49:41,1684561782,19.0,37.1,97400,4.00,6.00,7.00,8.00,0.0196,0
2023-05-20 01:54:51,1684562091,19.0,37.3,97400,4.00,6.00,7.00,7.00,0.0196,0
2023-05-20 01:59:41,1684562381,18.9,37.5,97400,6.00,9.00,13.0,15.0,0.0188,0
2023-05-20 02:04:50,1684562691,18.9,37.4,97400,4.00,6.00,9.00,10.0,0.0251,0
2023-05-20 02:09:40,1684562981,18.8,37.1,97400,6.00,6.00,8.00,9.00,0.0259,0
2023-05-20 02:14:50,1684563290,18.8,37.1,97400,4.00,5.00,5.00,6.00,0.0122,0
2023-05-20 02:19:59,1684563600,18.8,37.2,97400,4.00,7.00,10.0,12.0,0.0123,0
2023-05-20 02:24:57,1684563898,18.7,37.3,97400,5.00,7.00,8.00,8.00,0.0114,0
2023-05-20 02:29:48,1684564188,18.7,37.1,97400,7.00,10.0,11.0,12.0,0.0221,0
2023-05-20 02:34:57,1684564498,18.6,37.2,97400,4.00,5.00,6.00,7.00,0.0306,0
2023-05-20 02:39:48,1684564788,18.5,37.3,97400,5.00,6.00,7.00,8.00,0.0260,0
2023-05-20 02:44:57,1684565098,18.4,37.4,97400,4.00,6.00,7.00,8.00,0.0121,0
2023-05-20 02:49:47,1684565388,18.4,37.7,97400,4.00,5.00,5.00,5.00,0.0191,0
2023-05-20 02:54:57,1684565697,18.5,37.7,97400,8.00,11.0,13.0,14.0,0.0389,0
2023-05-20 02:59:47,1684565988,18.5,37.7,97400,6.00,9.00,11.0,12.0,0.0594,0
2023-05-20 03:04:57,1684566298,18.5,37.6,97400,4.00,9.00,14.0,16.0,0.0171,0
2023-05-20 03:09:47,1684566588,18.5,37.7,97400,5.00,10.0,16.0,19.0,0.0351,0
2023-05-20 03:14:57,1684566898,18.6,37.7,97400,7.00,9.00,9.00,10.0,0.0484,0
2023-05-20 03:19:48,1684567188,18.6,37.6,97400,4.00,5.00,7.00,7.00,0.0513,0
2023-05-20 03:24:58,1684567498,18.6,37.8,97400,5.00,6.00,6.00,6.00,0.0393,0
2023-05-20 03:29:48,1684567788,18.6,37.6,97400,6.00,9.00,14.0,16.0,0.0223,0
2023-05-20 03:34:58,1684568098,18.7,37.6,97400,5.00,8.00,11.0,12.0,0.0446,0
2023-05-20 03:39:48,1684568389,18.7,37.6,97400,5.00,6.00,7.00,8.00,0.0303,0
2023-05-20 03:44:58,1684568699,18.7,37.7,97400,6.00,8.00,10.0,11.0,0.0240,0
2023-05-20 03:49:49,1684568989,18.6,37.6,97400,4.00,7.00,10.0,11.0,0.0216,0
2023-05-20 03:54:58,1684569299,18.6,37.6,97400,7.00,8.00,8.00,8.00,0.0237,0
2023-05-20 03:59:49,1684569589,18.6,37.7,97400,6.00,6.00,7.00,8.00,0.0237,0
2023-05-20 04:04:59,1684569900,18.6,37.9,97400,6.00,9.00,13.0,15.0,0.0647,0
2023-05-20 04:09:50,1684570190,18.6,38.0,97400,6.00,7.00,7.00,7.00,0.0819,0
2023-05-20 04:14:59,1684570500,18.6,38.2,97400,5.00,6.00,7.00,7.00,0.0334,0
2023-05-20 04:19:41,1684570782,18.6,38.5,97400,10.0,11.0,11.0,11.0,0.0390,0
2023-05-20 04:24:51,1684571091,18.6,38.5,97400,5.00,6.00,7.00,7.00,0.0366,0
2023-05-20 04:29:41,1684571382,18.6,38.8,97400,6.00,6.00,7.00,8.00,0.0102,0
2023-05-20 04:34:51,1684571692,18.6,38.7,97400,5.00,5.00,6.00,6.00,0.0131,0
2023-05-20 04:39:41,1684571982,18.6,38.6,97400,6.00,7.00,7.00,7.00,0.0154,0
2023-05-20 04:44:51,1684572292,18.6,39.1,97400,6.00,6.00,6.00,6.00,0.0148,0
2023-05-20 04:49:42,1684572582,18.4,40.6,97420,6.00,6.00,7.00,7.00,0.0273,0
2023-05-20 04:54:52,1684572892,18.2,41.7,97400,6.00,6.00,7.00,7.00,0.0225,0
2023-05-20 04:59:43,1684573183,18.0,43.0,97400,9.00,11.0,14.0,16.0,0.0659,0
2023-05-20 05:04:53,1684573493,17.9,43.6,97444,6.00,7.00,7.00,8.00,0.0659,0
2023-05-20 05:09:44,1684573784,17.8,44.2,97467,5.00,6.00,8.00,9.00,0.0420,0
2023-05-20 05:14:54,1684574094,17.7,44.8,97475,8.00,9.00,9.00,9.00,0.0262,0
2023-05-20 05:19:45,1684574385,17.6,45.3,97427,7.00,7.00,8.00,9.00,0.0181,0
2023-05-20 05:24:55,1684574696,17.6,45.3,97469,11.0,12.0,12.0,12.0,0.0208,0
2023-05-20 05:29:45,1684574986,17.5,45.0,97477,6.00,7.00,10.0,12.0,0.0128,0
2023-05-20 05:34:55,1684575296,17.5,45.6,97500,7.00,8.00,8.00,8.00,0.0224,0
2023-05-20 05:39:46,1684575587,17.5,45.9,97500,6.00,8.00,11.0,13.0,0.0195,0
2023-05-20 05:44:45,1684575885,17.6,45.9,97500,9.00,10.0,10.0,10.0,0.0351,0
2023-05-20 05:49:55,1684576195,17.7,45.9,97500,7.00,10.0,14.0,16.0,0.0100,0
2023-05-20 05:54:46,1684576486,17.7,45.8,97500,7.00,8.00,9.00,10.0,0.0302,0
2023-05-20 05:59:44,1684576784,17.8,45.8,97500,5.00,6.00,7.00,7.00,0.0347,0
2023-05-20 06:04:54,1684577095,17.9,45.7,97500,6.00,12.0,17.0,19.0,0.0347,0
2023-05-20 06:09:45,1684577385,17.9,45.7,97500,6.00,6.00,8.00,8.00,0.0487,0
2023-05-20 06:14:45,1684577685,17.9,46.1,97500,7.00,10.0,12.0,13.0,0.0361,0
2023-05-20 06:19:55,1684577995,17.9,46.4,97500,7.00,8.00,8.00,8.00,0.0188,0
2023-05-20 06:24:46,1684578286,17.9,46.9,97500,4.00,5.00,6.00,6.00,0.0331,0
2023-05-20 06:29:20,1684578561,17.9,47.1,97500,6.00,7.00,9.00,9.00,0.0237,0
2023-05-20 06:34:29,1684578870,17.8,47.5,97500,8.00,11.0,14.0,15.0,0.131,0
2023-05-20 06:37:23,1684579044,17.8,47.2,97500,8.00,10.0,14.0,16.0,0.131,0
2023-05-20 06:44:54,1684579494,17.7,47.7,97500,12.0,12.0,14.0,15.0,0.0809,0
2023-05-20 06:49:51,1684579791,17.6,47.9,97500,8.00,10.0,11.0,11.0,0.0281,0
2023-05-20 06:54:41,1684580081,17.6,48.4,97500,8.00,10.0,12.0,13.0,0.0360,0
2023-05-20 06:59:51,1684580391,17.6,48.6,97500,12.0,15.0,17.0,18.0,0.0367,0
2023-05-20 07:02:26,1684580547,17.7,48.7,97500,6.00,8.00,12.0,14.0,0.0367,0
2023-05-20 08:33:57,1684586037,19.5,46.1,97600,5.00,6.00,7.00,7.00,,
2023-05-20 09:29:58,1684589399,22.1,40.5,97600,3.00,4.00,5.00,5.00,,
2023-05-20 09:34:45,1684589685,22.0,40.6,97600,6.00,7.00,7.00,9.00,,
2023-05-20 09:35:42,1684589743,21.8,40.3,97600,3.00,4.00,4.00,4.00,,
2023-05-20 11:14:45,1684595685,22.2,38.7,97500,5.00,6.00,7.00,8.00,,
2023-05-20 11:19:50,1684595991,22.1,38.7,97500,4.00,5.00,6.00,6.00,0.0103,0
2023-05-20 11:24:57,1684596297,21.8,38.8,97500,6.00,7.00,9.00,9.00,0.0206,0
2023-05-20 11:29:44,1684596585,21.6,39.0,97500,4.00,5.00,6.00,7.00,0.0154,0
2023-05-20 11:30:22,1684596623,21.5,39.3,97500,6.00,6.00,6.00,6.00,0.0133,0
2023-05-20 11:49:57,1684597797,21.4,39.4,97500,6.00,7.00,7.00,8.00,0.0286,0
2023-05-20 11:54:45,1684598085,21.2,39.5,97500,3.00,3.00,4.00,4.00,0.0286,0
2023-05-20 11:59:52,1684598392,21.0,39.6,97500,7.00,7.00,7.00,7.00,0.0444,0
2023-05-20 12:04:43,1684598683,20.9,39.8,97500,4.00,8.00,12.0,14.0,0.0314,0
2023-05-20 12:09:50,1684598991,20.7,39.8,97500,7.00,8.00,9.00,11.0,0.0405,0
2023-05-20 12:14:39,1684599279,20.6,40.1,97500,4.00,4.00,6.00,8.00,0.0193,0
2023-05-20 12:19:46,1684599587,20.6,40.3,97500,4.00,6.00,8.00,8.00,0.0215,0
2023-05-20 12:24:54,1684599894,20.6,40.7,97500,4.00,5.00,7.00,8.00,0.0152,0
2023-05-20 12:29:42,1684600183,20.6,40.5,97500,4.00,6.00,8.00,9.00,0.0124,0
2023-05-20 12:34:50,1684600491,20.6,40.7,97500,4.00,5.00,7.00,7.00,0.0216,0
2023-05-20 12:39:19,1684600760,20.7,40.7,97500,5.00,6.00,7.00,8.00,0.0208,0
2023-05-20 13:14:56,1684602897,21.9,39.2,97500,5.00,7.00,12.0,14.0,,
2023-05-20 13:19:44,1684603184,21.8,39.0,97453,6.00,8.00,9.00,10.0,,
2023-05-20 13:24:50,1684603491,21.7,39.3,97419,4.00,4.00,6.00,7.00,0.0633,0
2023-05-20 13:29:57,1684603798,21.7,39.4,97400,7.00,7.00,7.00,8.00,0.0735,0
2023-05-20 13:30:55,1684603855,21.8,40.3,97400,5.00,6.00,6.00,6.00,0.0193,0
2023-05-20 14:09:48,1684606189,23.2,38.2,97400,6.00,9.00,12.0,13.0,,
2023-05-20 14:14:53,1684606494,23.4,37.7,97356,6.00,7.00,8.00,9.00,,
2023-05-20 14:19:58,1684606799,23.6,37.2,97300,6.00,10.0,16.0,19.0,0.0104,0
2023-05-20 14:22:50,1684606970,23.8,37.0,97300,5.00,8.00,10.0,11.0,0.0170,0
2023-05-20 14:34:41,1684607681,24.0,36.3,97300,5.00,9.00,12.0,14.0,0.0201,0
2023-05-20 14:39:45,1684607986,24.0,36.4,97300,5.00,5.00,7.00,8.00,0.0201,0
2023-05-20 14:40:04,1684608005,23.9,36.4,97300,2.00,2.00,3.00,3.00,0.0273,0
2023-05-20 14:49:49,1684608590,23.8,36.4,97300,6.00,6.00,9.00,10.0,0.0455,0
2023-05-20 14:54:43,1684608884,23.8,36.5,97300,10.0,10.0,10.0,10.0,0.0195,0
2023-05-20 14:58:31,1684609112,23.9,36.4,97300,6.00,8.00,9.00,10.0,0.0136,0
2023-05-20 15:09:48,1684609788,24.0,36.1,97300,5.00,5.00,6.00,7.00,0.0171,0
2023-05-20 15:14:53,1684610093,24.2,36.2,97300,6.00,9.00,11.0,13.0,0.0148,0
2023-05-20 15:15:49,1684610150,24.4,35.9,97300,8.00,9.00,10.0,10.0,0.0148,0
2023-05-20 15:24:46,1684610686,24.4,35.5,97300,5.00,7.00,8.00,8.00,0.0144,0
2023-05-20 15:29:50,1684610991,24.4,35.5,97225,7.00,8.00,11.0,12.0,0.0302,0
2023-05-20 15:33:00,1684611180,24.4,35.5,97200,7.00,8.00,8.00,9.00,0.0177,0
2023-05-20 15:44:55,1684611895,24.3,35.6,97200,7.00,8.00,8.00,9.00,0.0401,0
2023-05-20 15:49:59,1684612199,24.5,35.4,97200,9.00,11.0,12.0,12.0,0.0239,0
2023-05-20 15:50:18,1684612218,24.5,35.0,97200,5.00,6.00,6.00,6.00,0.00702,0
2023-05-20 15:59:49,1684612790,24.9,35.0,97200,7.00,8.00,8.00,8.00,0.0309,0
2023-05-20 16:04:53,1684613094,25.5,34.2,97200,7.00,8.00,10.0,11.0,0.0309,0
2023-05-20 16:07:25,1684613245,25.8,33.2,97200,6.00,8.00,9.00,10.0,0.00933,0
2023-05-20 16:14:41,1684613682,25.9,32.7,97200,8.00,10.0,12.0,13.0,0.0137,0
2023-05-20 16:19:47,1684613987,26.0,32.7,97200,5.00,9.00,13.0,15.0,0.0135,0
2023-05-20 16:23:24,1684614204,25.8,32.5,97200,7.00,7.00,8.00,9.00,0.0426,0
2023-05-20 16:34:54,1684614894,25.6,33.0,97200,2.00,4.00,5.00,6.00,0.0157,0
2023-05-20 16:39:57,1684615198,25.6,32.8,97200,5.00,6.00,7.00,7.00,0.0400,0
2023-05-20 16:41:50,1684615311,25.6,32.6,97200,4.00,5.00,5.00,5.00,0.0281,0
2023-05-20 16:49:58,1684615799,25.4,32.7,97200,8.00,11.0,14.0,16.0,0.0397,0
2023-05-20 16:54:43,1684616084,25.0,32.8,97173,7.00,9.00,10.0,11.0,0.0746,0
2023-05-20 16:58:31,1684616312,24.8,33.5,97100,5.00,6.00,6.00,7.00,0.0221,0
2023-05-20 17:09:48,1684616989,24.9,34.0,97100,8.00,8.00,8.00,8.00,0.0215,0
2023-05-20 17:14:52,1684617293,25.0,33.6,97100,7.00,11.0,14.0,15.0,0.0397,0
2023-05-20 17:16:08,1684617368,25.0,33.5,97100,8.00,8.00,8.00,8.00,0.0732,0
2023-05-20 17:24:45,1684617886,25.0,33.7,97100,6.00,7.00,8.00,9.00,0.0732,0
2023-05-20 17:29:49,1684618190,25.1,33.6,97100,7.00,9.00,10.0,11.0,0.0307,0
2023-05-20 17:33:36,1684618417,25.2,33.6,97100,7.00,7.00,8.00,10.0,0.0147,0
2023-05-20 17:44:50,1684619090,25.1,33.8,97100,6.00,11.0,15.0,17.0,0.0272,0
2023-05-20 17:49:54,1684619395,25.1,33.8,97100,7.00,8.00,9.00,10.0,0.0797,0
2023-05-20 17:50:32,1684619432,25.1,33.7,97100,7.00,8.00,8.00,8.00,0.0797,0
2023-05-20 17:59:42,1684619983,25.1,33.9,97050,9.00,9.00,9.00,9.00,0.0472,0
2023-05-20 18:04:46,1684620287,25.1,33.9,97000,7.00,8.00,9.00,10.0,0.0340,0
2023-05-20 18:09:50,1684620591,25.2,33.9,97000,7.00,8.00,9.00,10.0,0.0240,0
2023-05-20 18:14:54,1684620895,25.2,33.7,97000,7.00,7.00,8.00,8.00,0.0132,0
2023-05-20 18:19:59,1684621199,25.2,33.9,97000,5.00,5.00,6.00,7.00,0.0189,0
2023-05-20 18:24:44,1684621485,25.3,34.0,97000,6.00,7.00,8.00,9.00,0.0575,0
2023-05-20 18:29:48,1684621789,25.3,33.8,97000,10.0,10.0,10.0,10.0,0.0549,0
2023-05-20 18:34:52,1684622092,25.2,33.7,97000,7.00,8.00,10.0,11.0,0.0400,0
2023-05-20 18:39:56,1684622397,25.0,34.1,97000,8.00,9.00,10.0,11.0,0.0177,0
2023-05-20 18:44:44,1684622685,24.8,34.4,97000,6.00,7.00,9.00,10.0,0.0175,0
2023-05-20 18:49:57,1684622997,24.6,34.6,97000,6.00,10.0,13.0,15.0,0.0174,0
2023-05-20 18:54:42,1684623283,24.4,34.9,97000,7.00,9.00,11.0,11.0,0.0279,0
2023-05-20 18:59:48,1684623588,24.2,35.3,97000,8.00,10.0,12.0,12.0,0.0292,0
2023-05-20 19:04:53,1684623893,24.0,35.9,97000,9.00,11.0,13.0,14.0,0.0282,0
2023-05-20 19:09:58,1684624199,23.9,36.2,96919,9.00,9.00,9.00,10.0,0.0308,0
2023-05-20 19:14:44,1684624485,23.7,36.5,96900,6.00,7.00,7.00,8.00,0.0101,0
2023-05-20 19:19:50,1684624790,23.6,36.9,96900,8.00,9.00,12.0,13.0,0.0185,0
2023-05-20 19:24:55,1684625096,23.4,37.1,96900,7.00,9.00,12.0,13.0,0.0587,0
2023-05-20 19:29:42,1684625383,23.3,37.3,96900,8.00,9.00,9.00,9.00,0.0789,0
2023-05-20 19:34:48,1684625689,23.1,37.6,96900,8.00,10.0,11.0,12.0,0.0789,0
2023-05-20 19:39:43,1684625983,22.9,37.8,96900,8.00,9.00,10.0,11.0,0.0343,0
2023-05-20 19:44:49,1684626290,22.8,38.1,96900,7.00,8.00,8.00,8.00,0.0343,0
2023-05-20 19:49:55,1684626596,22.6,38.3,96900,8.00,10.0,11.0,12.0,0.0494,0
2023-05-20 19:54:43,1684626883,22.5,38.8,96900,6.00,6.00,8.00,9.00,0.0335,0
2023-05-20 19:59:49,1684627190,22.4,39.0,96900,7.00,8.00,8.00,9.00,0.0236,0
2023-05-20 20:04:59,1684627499,22.3,39.2,96900,6.00,9.00,10.0,11.0,0.0183,0
2023-05-20 20:09:09,1684627749,22.1,39.3,96900,5.00,7.00,9.00,9.00,0.0318,0
2023-05-20 20:14:41,1684628081,21.9,39.4,96900,6.00,8.00,9.00,10.0,0.0318,0
2023-05-20 20:19:47,1684628388,21.8,39.8,96900,6.00,10.0,14.0,15.0,0.0145,0
2023-05-20 20:24:54,1684628694,21.7,40.0,96900,6.00,11.0,14.0,15.0,0.0145,0
2023-05-20 20:29:42,1684628983,21.5,40.2,96900,6.00,8.00,10.0,11.0,0.0274,0
2023-05-20 20:34:13,1684629253,21.4,40.3,96900,7.00,8.00,8.00,9.00,0.0227,0
2023-05-20 20:39:58,1684629598,21.3,40.7,96900,9.00,11.0,12.0,13.0,0.0321,0
2023-05-20 20:44:46,1684629887,21.3,40.8,96900,6.00,8.00,9.00,10.0,0.0321,0
2023-05-20 20:49:54,1684630194,21.3,40.9,96900,7.00,8.00,9.00,10.0,0.0411,0
2023-05-20 20:54:42,1684630483,21.2,40.9,96887,7.00,8.00,8.00,8.00,0.0321,0
2023-05-20 20:59:50,1684630790,21.2,41.0,96869,8.00,9.00,10.0,10.0,0.0137,0
2023-05-20 21:04:58,1684631098,21.2,40.9,96881,5.00,7.00,8.00,9.00,0.0150,0
2023-05-20 21:09:46,1684631387,21.1,40.6,96860,6.00,7.00,8.00,8.00,0.0162,0
2023-05-20 21:14:54,1684631695,21.1,40.6,96900,7.00,7.00,8.00,9.00,0.0109,0
2023-05-20 21:19:43,1684631983,21.0,41.4,96900,6.00,6.00,7.00,8.00,0.0207,0
2023-05-20 21:24:52,1684632293,20.6,42.7,96856,8.00,8.00,8.00,8.00,0.0300,0
2023-05-20 21:29:41,1684632581,20.2,44.5,96800,6.00,7.00,8.00,9.00,0.0182,0
2023-05-20 21:34:49,1684632890,19.9,45.5,96800,6.00,6.00,7.00,8.00,0.0189,0
2023-05-20 21:39:58,1684633198,19.7,46.2,96800,6.00,7.00,9.00,11.0,0.0188,0
2023-05-20 21:44:47,1684633488,19.5,46.9,96800,5.00,6.00,6.00,6.00,0.0388,0
2023-05-20 21:49:56,1684633797,19.4,47.2,96800,6.00,8.00,9.00,10.0,0.0602,0
2023-05-20 21:54:46,1684634086,19.3,47.3,96800,8.00,8.00,10.0,12.0,0.0602,0
2023-05-20 21:59:55,1684634395,19.2,47.0,96800,6.00,8.00,8.00,9.00,0.0350,0
2023-05-20 22:04:44,1684634685,19.2,47.3,96800,8.00,8.00,8.00,8.00,0.0341,0
2023-05-20 22:09:54,1684634994,19.2,47.1,96800,5.00,5.00,5.00,6.00,0.0341,0
2023-05-20 22:14:43,1684635284,19.1,46.8,96800,6.00,9.00,13.0,14.0,0.0408,0
2023-05-20 22:19:42,1684635582,19.2,46.6,96760,7.00,8.00,10.0,12.0,0.0321,0
2023-05-20 22:24:51,1684635891,19.2,46.6,96731,5.00,8.00,11.0,13.0,0.0321,0
2023-05-20 22:29:59,1684636200,19.3,46.4,96700,3.00,6.00,9.00,10.0,0.0256,0
2023-05-20 22:30:19,1684636219,19.3,46.2,96700,1e-7,1e-7,1.00,1.00,0.0215,0
2023-05-20 22:44:53,1684637093,19.0,47.3,96700,2.00,2.00,4.00,4.00,0.0376,0
2023-05-20 22:49:43,1684637383,18.9,48.1,96700,3.00,4.00,5.00,5.00,0.0564,0
2023-05-20 22:51:57,1684637518,18.9,48.7,96700,2.00,3.00,4.00,4.00,0.0564,0
2023-05-20 23:04:51,1684638292,18.7,50.2,96700,4.00,6.00,7.00,8.00,0.0167,0
2023-05-20 23:07:45,1684638466,18.7,50.2,96700,3.00,4.00,6.00,7.00,0.0199,0
2023-05-20 23:19:46,1684639186,18.6,50.7,96600,2.00,4.00,4.00,5.00,0.0160,0
2023-05-20 23:24:54,1684639495,18.6,50.8,96600,5.00,7.00,10.0,11.0,0.0155,0
2023-05-20 23:29:52,1684639792,18.6,50.8,96600,7.00,7.00,7.00,7.00,0.0119,0
2023-05-20 23:34:49,1684640090,18.6,50.7,96600,3.00,4.00,5.00,6.00,0.0139,0
2023-05-20 23:39:59,1684640399,18.5,50.9,96600,4.00,4.00,5.00,5.00,0.0152,0
2023-05-20 23:44:56,1684640697,18.5,51.1,96600,3.00,6.00,9.00,10.0,0.0178,0
2023-05-20 23:49:47,1684640987,18.5,51.0,96600,4.00,6.00,9.00,10.0,0.0449,0
2023-05-20 23:54:48,1684641288,18.5,50.9,96600,3.00,4.00,5.00,6.00,0.0385,0
2023-05-20 23:59:57,1684641598,18.5,51.0,96594,2.00,2.00,4.00,5.00,0.0587,0
2023-05-21 00:04:48,1684641888,18.5,51.1,96500,4.00,6.00,9.00,11.0,0.0587,0
2023-05-21 00:09:57,1684642198,18.5,50.8,96500,3.00,3.00,4.00,5.00,0.0205,0
2023-05-21 00:14:28,1684642468,18.4,51.0,96500,3.00,6.00,8.00,9.00,0.0172,0
2023-05-21 00:19:56,1684642796,18.4,51.1,96500,3.00,4.00,6.00,6.00,0.0143,0
2023-05-21 00:24:46,1684643087,18.3,51.2,96500,3.00,5.00,8.00,9.00,0.0143,0
2023-05-21 00:29:56,1684643397,18.2,51.3,96500,2.00,5.00,8.00,10.0,0.0133,0
2023-05-21 00:34:47,1684643687,18.1,51.4,96500,3.00,3.00,6.00,7.00,0.0127,0
2023-05-21 00:39:56,1684643996,18.0,52.1,96479,4.00,4.00,6.00,7.00,0.0121,0
2023-05-21 00:44:46,1684644286,17.9,52.2,96400,3.00,5.00,6.00,7.00,0.0139,0
2023-05-21 00:49:41,1684644581,17.9,52.5,96400,5.00,8.00,11.0,12.0,0.00898,0
2023-05-21 00:54:51,1684644891,17.8,52.8,96400,3.00,4.00,7.00,8.00,0.0120,0
2023-05-21 00:59:41,1684645182,17.8,52.8,96400,2.00,4.00,7.00,8.00,0.0120,0
2023-05-21 01:04:13,1684645453,17.8,52.8,96400,3.00,4.00,6.00,7.00,0.0167,0
2023-05-21 01:09:02,1684645743,17.7,52.9,96400,2.00,3.00,4.00,5.00,0.0180,0
2023-05-21 01:14:50,1684646091,17.7,53.0,96400,4.00,7.00,10.0,12.0,0.0151,0
2023-05-21 01:19:02,1684646343,17.7,53.3,96400,2.00,3.00,5.00,5.00,0.0202,0
2023-05-21 01:24:51,1684646691,17.7,53.5,96300,2.00,3.00,3.00,4.00,0.0202,0
2023-05-21 01:29:46,1684646987,17.7,53.3,96300,2.00,9.00,16.0,19.0,0.0372,0
2023-05-21 01:34:56,1684647297,17.7,53.5,96300,2.00,3.00,4.00,4.00,0.0347,0
2023-05-21 01:39:58,1684647599,17.6,53.7,96300,2.00,3.00,3.00,4.00,0.0384,0
2023-05-21 01:44:51,1684647892,17.7,53.9,96300,2.00,4.00,6.00,7.00,0.0258,0
2023-05-21 01:49:49,1684648189,17.7,53.9,96300,3.00,7.00,10.0,11.0,0.0110,0
2023-05-21 01:54:59,1684648499,17.7,53.8,96300,2.00,5.00,9.00,10.0,0.0260,0
2023-05-21 01:58:54,1684648734,17.7,53.9,96300,3.00,3.00,4.00,4.00,0.0264,0
2023-05-21 02:04:51,1684649092,17.7,54.0,96200,1.00,3.00,5.00,6.00,0.0254,0
2023-05-21 02:09:57,1684649397,17.7,54.0,96200,3.00,6.00,8.00,8.00,0.0132,0
2023-05-21 02:14:48,1684649688,17.6,54.1,96200,1e-7,2.00,3.00,4.00,0.0152,0
2023-05-21 02:17:42,1684649862,17.6,54.0,96200,1.00,3.00,5.00,6.00,0.0244,0
2023-05-21 02:32:05,1684650725,17.5,54.5,96200,1e-7,4.00,7.00,9.00,0.0182,0
2023-05-21 02:49:54,1684651794,17.5,54.9,96200,2.00,3.00,6.00,7.00,0.0147,0
2023-05-21 02:54:05,1684652046,17.6,55.0,96200,1.00,1.00,2.00,2.00,0.0115,0
2023-05-21 02:59:57,1684652398,17.6,54.7,96200,1.00,3.00,5.00,6.00,0.0124,0
2023-05-21 03:04:56,1684652696,17.6,54.8,96200,1.00,1.00,3.00,3.00,0.0120,0
2023-05-21 03:09:48,1684652989,17.6,54.8,96200,1e-7,1.00,2.00,2.00,0.0119,0
2023-05-21 03:12:43,1684653163,17.6,54.8,96200,2.00,2.00,3.00,3.00,0.0119,0
2023-05-21 03:19:41,1684653581,17.6,54.8,96200,1.00,3.00,6.00,7.00,0.0116,0
2023-05-21 03:20:19,1684653620,17.6,54.8,96200,1.00,1.00,1.00,1.00,0.0116,0
2023-05-21 03:29:43,1684654184,17.5,55.0,96100,2.00,3.00,5.00,6.00,0.0157,0
2023-05-21 03:34:41,1684654481,17.5,54.9,96100,3.00,3.00,3.00,3.00,0.0190,0
2023-05-21 03:38:58,1684654739,17.5,55.1,96100,2.00,3.00,6.00,7.00,0.0123,0
2023-05-21 03:44:45,1684655086,17.6,55.4,96100,1.00,2.00,3.00,4.00,0.0113,0
2023-05-21 03:49:56,1684655396,17.6,55.2,96100,1.00,2.00,3.00,4.00,0.0111,0
2023-05-21 03:53:29,1684655609,17.6,55.1,96100,1e-7,2.00,3.00,3.00,0.0147,0
2023-05-21 03:59:50,1684655991,17.6,55.3,96100,1.00,3.00,5.00,7.00,0.0147,0
2023-05-21 04:04:59,1684656299,17.6,55.3,96100,2.00,4.00,5.00,5.00,0.0120,0
2023-05-21 04:09:56,1684656596,17.6,55.1,96100,1.00,2.00,4.00,5.00,0.0115,0
2023-05-21 04:11:52,1684656713,17.5,55.2,96100,1.00,2.00,3.00,3.00,0.00917,0
2023-05-21 04:24:55,1684657496,17.5,55.5,96100,1e-7,1.00,1.00,1.00,0.0113,0
2023-05-21 04:29:54,1684657794,17.5,55.6,96100,1.00,3.00,4.00,4.00,0.0124,0
2023-05-21 04:34:44,1684658085,17.5,55.6,96100,1.00,3.00,4.00,4.00,0.0105,0
2023-05-21 04:39:54,1684658394,17.5,55.7,96057,2.00,2.00,4.00,5.00,0.0102,0
2023-05-21 04:44:15,1684658656,17.5,55.7,96000,2.00,2.00,3.00,3.00,0.0102,0
2023-05-21 04:49:58,1684658999,17.6,55.4,96000,1.00,9.00,15.0,18.0,0.0150,0
2023-05-21 04:54:57,1684659297,17.5,55.5,96000,1e-7,3.00,6.00,7.00,0.0150,0
2023-05-21 04:59:46,1684659587,17.5,55.5,96000,1e-7,3.00,6.00,7.00,0.0197,0
2023-05-21 05:04:57,1684659897,17.5,55.8,96000,1e-7,2.00,3.00,4.00,0.0186,0
2023-05-21 05:09:47,1684660187,17.5,55.6,96000,1e-7,1e-7,1e-7,1e-7,0.0141,0
2023-05-21 05:14:36,1684660477,17.5,55.5,96000,1e-7,2.00,3.00,4.00,0.0141,0
2023-05-21 05:19:52,1684660793,17.5,55.9,96000,1e-7,2.00,3.00,4.00,0.00995,0
2023-05-21 05:24:42,1684661082,17.4,55.8,96000,2.00,3.00,4.00,5.00,0.0107,0
2023-05-21 05:29:31,1684661372,17.4,56.0,96000,1.00,7.00,12.0,14.0,0.0289,0
2023-05-21 05:32:52,1684661573,17.4,56.4,96000,1.00,2.00,3.00,3.00,0.0319,0
2023-05-21 05:44:49,1684662289,17.4,57.1,96000,2.00,3.00,3.00,4.00,0.0224,0
2023-05-21 05:49:59,1684662600,17.4,56.7,96000,2.00,4.00,6.00,7.00,0.0170,0
2023-05-21 05:54:50,1684662890,17.4,56.9,96000,1.00,3.00,4.00,5.00,0.0178,0
2023-05-21 05:59:41,1684663181,17.3,57.1,96000,2.00,2.00,3.00,4.00,0.0143,0
2023-05-21 06:04:58,1684663499,17.3,56.8,96000,2.00,3.00,5.00,6.00,0.0109,0
2023-05-21 06:08:51,1684663731,17.3,57.3,96000,2.00,3.00,4.00,4.00,0.0118,0
2023-05-21 06:24:46,1684664687,17.1,57.1,96000,1.00,4.00,5.00,6.00,0.0150,0
2023-05-21 06:25:44,1684664745,17.1,56.8,96000,1.00,2.00,2.00,3.00,0.0150,0
2023-05-21 12:59:51,1684688391,25.6,35.0,96600,3.00,9.00,14.0,17.0,,
2023-05-21 13:04:53,1684688694,26.0,34.0,96600,5.00,6.00,6.00,7.00,,
2023-05-21 13:08:02,1684688883,26.4,32.9,96600,6.00,7.00,8.00,9.00,,
2023-05-21 13:26:52,1684690013,27.1,31.9,96600,4.00,9.00,13.0,15.0,,
2023-05-21 13:34:55,1684690495,27.0,30.3,96600,6.00,10.0,12.0,14.0,0.0178,0
2023-05-21 13:39:44,1684690785,27.2,26.7,96600,11.0,13.0,15.0,15.0,0.0264,0
2023-05-21 13:43:18,1684690999,26.9,26.7,96600,9.00,11.0,12.0,13.0,0.0791,0
2023-05-21 13:59:58,1684691998,26.1,28.1,96600,12.0,13.0,14.0,15.0,0.0978,0
2023-05-21 14:02:10,1684692130,26.3,25.9,96600,10.0,13.0,15.0,16.0,0.0470,0
2023-05-21 14:09:55,1684692595,26.3,26.8,96700,8.00,9.00,10.0,10.0,0.0403,0
2023-05-21 14:14:57,1684692898,26.2,26.6,96700,14.0,15.0,15.0,15.0,0.0372,0
2023-05-21 14:18:07,1684693087,25.9,27.2,96700,10.0,13.0,15.0,16.0,0.0199,0
2023-05-21 14:24:49,1684693489,26.5,26.9,96700,12.0,15.0,16.0,17.0,0.0172,0
2023-05-21 14:29:32,1684693772,26.8,25.5,96700,13.0,20.0,25.0,28.0,0.148,0
2023-05-21 14:34:53,1684694093,26.9,23.5,96700,14.0,15.0,15.0,16.0,0.297,0
2023-05-21 14:35:12,1684694112,26.8,25.1,96700,14.0,14.0,14.0,14.0,0.0790,0
2023-05-21 14:44:59,1684694700,26.5,25.6,96700,20.0,21.0,21.0,21.0,0.0349,0
2023-05-21 14:49:43,1684694984,26.6,26.4,96700,20.0,21.0,21.0,21.0,0.150,0
2023-05-21 14:53:48,1684695228,26.9,25.3,96700,18.0,20.0,20.0,20.0,0.162,0
2023-05-21 15:04:43,1684695884,26.9,23.7,96725,16.0,18.0,19.0,19.0,0.0864,0
2023-05-21 15:09:46,1684696187,26.7,24.0,96800,19.0,20.0,20.0,20.0,0.144,0
2023-05-21 15:10:05,1684696206,26.3,23.2,96800,9.00,12.0,15.0,16.0,0.0652,0
2023-05-21 15:19:57,1684696798,25.7,24.7,96800,15.0,17.0,19.0,19.0,0.0652,0
2023-05-21 15:24:42,1684697082,25.5,24.6,96800,14.0,15.0,17.0,18.0,0.0408,0
2023-05-21 15:28:10,1684697290,25.2,23.3,96800,14.0,16.0,17.0,18.0,0.0408,0
2023-05-21 15:34:51,1684697692,24.6,23.2,96800,13.0,15.0,17.0,17.0,0.0270,0
2023-05-21 15:39:55,1684697996,24.6,23.1,96800,14.0,15.0,15.0,15.0,0.109,0
2023-05-21 15:44:59,1684698299,24.9,22.7,96800,13.0,16.0,18.0,19.0,0.0444,0
2023-05-21 15:45:17,1684698318,25.1,22.1,96800,3.00,3.00,3.00,3.00,0.0317,0
2023-05-21 15:54:52,1684698893,25.7,21.5,96800,9.00,11.0,11.0,12.0,0.0634,0
2023-05-21 15:59:55,1684699196,26.0,21.0,96800,9.00,11.0,12.0,12.0,0.157,0
2023-05-21 16:01:49,1684699309,26.2,19.7,96800,7.00,7.00,7.00,7.00,0.110,0
2023-05-21 16:09:55,1684699795,26.1,22.8,96800,11.0,11.0,11.0,11.0,0.110,0
2023-05-21 16:14:47,1684700088,26.2,22.0,96860,10.0,13.0,14.0,15.0,0.0617,0
2023-05-21 16:19:30,1684700371,26.3,22.4,96900,8.00,9.00,11.0,12.0,0.0395,0
2023-05-21 16:29:42,1684700983,26.3,21.7,96900,7.00,9.00,10.0,11.0,0.0241,0
2023-05-21 16:34:45,1684701286,26.1,21.2,96900,9.00,11.0,14.0,15.0,0.0241,0
2023-05-21 16:36:22,1684701383,26.0,20.9,96900,7.00,8.00,8.00,9.00,0.0213,0
2023-05-21 16:44:43,1684701883,26.1,20.0,96900,4.00,4.00,5.00,6.00,0.0567,0
2023-05-21 16:49:45,1684702186,26.0,19.4,96900,5.00,5.00,7.00,8.00,0.0841,0
2023-05-21 16:53:33,1684702413,26.0,20.2,96900,4.00,4.00,6.00,7.00,0.0884,0
2023-05-21 17:04:44,1684703084,26.3,20.9,96900,4.00,5.00,8.00,9.00,0.0351,0
2023-05-21 17:09:46,1684703387,26.5,20.5,96913,4.00,7.00,10.0,11.0,0.0135,0
2023-05-21 17:19:54,1684703994,26.2,19.2,97000,3.00,7.00,11.0,13.0,0.0114,0
2023-05-21 17:24:46,1684704286,26.0,18.8,97000,2.00,4.00,5.00,6.00,0.0228,0
2023-05-21 17:27:26,1684704446,25.8,19.0,97000,2.00,2.00,3.00,4.00,0.0353,0
2023-05-21 17:34:41,1684704881,25.6,18.2,97000,2.00,2.00,4.00,4.00,0.0339,0
2023-05-21 17:39:47,1684705187,25.4,17.7,97000,2.00,4.00,7.00,8.00,0.0339,0
2023-05-21 17:44:51,1684705491,24.9,17.2,97000,1.00,4.00,7.00,9.00,0.0230,0
2023-05-21 17:49:45,1684705785,24.4,17.7,97000,3.00,3.00,4.00,4.00,0.0135,0
2023-05-21 17:54:50,1684706090,24.1,18.9,97000,3.00,4.00,6.00,7.00,0.0192,0
2023-05-21 17:59:43,1684706383,23.9,18.8,97000,2.00,2.00,3.00,4.00,0.0141,0
2023-05-21 18:14:48,1684707288,23.1,19.5,97075,2.00,3.00,6.00,7.00,0.0135,0
2023-05-21 18:19:54,1684707594,22.9,19.9,97100,2.00,3.00,4.00,5.00,0.0106,0
2023-05-21 18:24:50,1684707890,22.7,19.3,97100,1.00,3.00,5.00,6.00,0.0121,0
2023-05-21 18:29:55,1684708196,22.4,19.2,97100,2.00,4.00,6.00,7.00,0.0117,0
2023-05-21 18:34:42,1684708483,22.1,19.4,97100,2.00,4.00,6.00,8.00,0.0173,0
2023-05-21 18:39:49,1684708789,21.6,19.6,97100,2.00,4.00,6.00,7.00,0.0179,0
2023-05-21 18:44:55,1684709096,21.0,19.9,97100,1.00,3.00,6.00,7.00,0.0142,0
2023-05-21 18:49:43,1684709383,20.5,20.4,97100,2.00,3.00,4.00,4.00,0.0136,0
2023-05-21 18:54:51,1684709691,20.1,20.7,97100,2.00,3.00,3.00,4.00,0.0120,0
2023-05-21 18:59:58,1684709999,19.6,20.9,97106,1.00,4.00,7.00,8.00,0.0140,0
2023-05-21 19:04:47,1684710288,19.1,21.4,97167,3.00,4.00,4.00,5.00,0.0190,0
2023-05-21 19:09:56,1684710596,18.7,21.8,97200,2.00,2.00,4.00,4.00,0.0147,0
2023-05-21 19:14:53,1684710893,18.3,21.5,97200,1.00,2.00,2.00,2.00,0.0149,0
2023-05-21 19:19:43,1684711183,17.9,21.5,97200,2.00,8.00,13.0,16.0,0.0113,0
2023-05-21 19:24:59,1684711500,17.6,21.8,97200,1.00,3.00,4.00,5.00,0.0455,0
2023-05-21 19:29:50,1684711790,17.3,22.3,97200,1.00,5.00,8.00,10.0,0.0455,0
2023-05-21 19:34:41,1684712081,17.0,23.1,97200,2.00,4.00,6.00,7.00,0.0333,0
2023-05-21 19:39:51,1684712391,16.7,23.4,97200,2.00,4.00,6.00,7.00,0.0136,0
2023-05-21 19:44:50,1684712690,16.4,23.1,97200,1.00,3.00,6.00,7.00,0.0136,0
2023-05-21 19:49:41,1684712982,16.1,23.5,97200,1.00,4.00,7.00,9.00,0.0199,0
2023-05-21 19:54:52,1684713293,15.8,24.2,97263,1.00,3.00,5.00,6.00,0.0230,0
2023-05-21 19:59:45,1684713585,15.5,24.8,97300,1.00,2.00,3.00,3.00,0.0366,0
2023-05-21 20:04:56,1684713896,15.2,25.0,97300,2.00,3.00,6.00,7.00,0.0167,0
2023-05-21 20:09:56,1684714196,14.9,25.2,97300,1.00,3.00,5.00,6.00,0.0129,0
2023-05-21 20:14:57,1684714497,14.6,25.5,97300,2.00,2.00,2.00,2.00,0.0126,0
2023-05-21 20:19:48,1684714789,14.4,25.7,97300,1.00,2.00,3.00,4.00,0.0146,0
2023-05-21 20:24:41,1684715082,14.0,25.9,97300,1.00,4.00,7.00,9.00,0.0183,0
2023-05-21 20:29:54,1684715394,13.7,25.9,97300,2.00,3.00,3.00,4.00,0.0170,0
2023-05-21 20:34:52,1684715692,13.5,25.6,97300,1.00,4.00,6.00,7.00,0.0181,0
2023-05-21 20:39:52,1684715993,13.3,25.7,97393,2.00,3.00,4.00,5.00,0.0183,0
2023-05-21 20:44:46,1684716286,13.2,26.0,97400,2.00,2.00,4.00,5.00,0.0183,0
2023-05-21 20:49:48,1684716588,12.9,26.2,97400,3.00,9.00,14.0,17.0,0.0133,0
2023-05-21 20:54:40,1684716881,12.7,26.5,97400,1.00,3.00,4.00,5.00,0.0381,0
2023-05-21 20:59:53,1684717193,12.5,26.8,97400,1.00,4.00,6.00,8.00,0.0350,0
2023-05-21 21:04:47,1684717488,12.3,27.3,97400,2.00,2.00,4.00,4.00,0.0287,0
2023-05-21 21:09:42,1684717782,12.0,27.7,97407,1.00,2.00,3.00,4.00,0.0116,0
2023-05-21 21:14:56,1684718097,11.8,27.9,97494,2.00,3.00,6.00,7.00,0.0116,0
2023-05-21 21:19:51,1684718392,11.5,28.1,97500,2.00,5.00,8.00,9.00,0.0212,0
2023-05-21 21:24:46,1684718687,11.3,28.5,97500,2.00,5.00,8.00,9.00,0.0197,0
2023-05-21 21:29:42,1684718982,11.1,28.8,97500,3.00,3.00,4.00,5.00,0.0242,0
2023-05-21 21:34:57,1684719297,10.8,29.1,97500,2.00,4.00,5.00,5.00,0.0188,0
2023-05-21 21:39:52,1684719593,10.6,29.1,97500,2.00,5.00,8.00,9.00,0.0118,0
2023-05-21 21:44:48,1684719889,10.5,29.4,97500,2.00,3.00,4.00,5.00,0.0233,0
2023-05-21 21:49:44,1684720185,10.2,29.5,97500,1.00,5.00,8.00,10.0,0.0233,0
2023-05-21 21:54:41,1684720481,10.0,29.6,97500,1.00,2.00,4.00,5.00,0.0161,0
2023-05-21 21:59:55,1684720796,9.83,29.8,97529,1.00,4.00,6.00,8.00,0.0181,0
2023-05-21 22:04:51,1684721092,9.62,30.3,97600,1.00,3.00,6.00,7.00,0.0162,0
2023-05-21 22:09:49,1684721389,9.39,30.5,97600,1.00,3.00,5.00,7.00,0.0194,0
2023-05-21 22:14:45,1684721685,9.15,30.7,97600,2.00,5.00,8.00,9.00,0.0194,0
2023-05-21 22:17:23,1684721843,8.97,31.0,97600,2.00,2.00,3.00,3.00,0.0160,0
2023-05-21 22:29:50,1684722591,8.61,31.1,97600,1.00,2.00,4.00,4.00,0.0160,0
2023-05-21 22:34:47,1684722888,8.54,31.3,97600,2.00,2.00,3.00,4.00,0.0193,0
2023-05-21 22:39:50,1684723191,8.40,31.3,97600,1.00,3.00,4.00,4.00,0.0194,0
2023-05-21 22:44:48,1684723488,8.23,31.6,97620,1.00,3.00,6.00,7.00,0.0123,0
2023-05-21 22:49:43,1684723784,8.07,31.8,97692,1.00,2.00,4.00,4.00,0.0131,0
2023-05-21 22:54:41,1684724081,7.91,32.1,97700,1.00,4.00,7.00,9.00,0.0117,0
2023-05-21 22:59:56,1684724397,7.78,31.9,97700,2.00,2.00,3.00,4.00,0.0147,0
2023-05-21 23:04:41,1684724681,7.67,32.1,97700,1.00,3.00,4.00,5.00,0.0169,0
2023-05-21 23:09:58,1684724999,7.51,32.2,97700,1.00,3.00,5.00,5.00,0.0122,0
2023-05-21 23:14:57,1684725297,7.30,32.3,97700,1.00,2.00,3.00,4.00,0.0103,0
2023-05-21 23:19:55,1684725595,7.16,32.5,97700,1.00,3.00,6.00,7.00,0.0117,0
2023-05-21 23:24:51,1684725892,7.03,32.3,97700,1.00,3.00,5.00,6.00,0.0177,0
2023-05-21 23:29:49,1684726190,6.90,32.4,97700,1.00,3.00,6.00,7.00,0.0177,0
2023-05-21 23:34:48,1684726488,6.81,32.7,97700,1.00,2.00,4.00,4.00,0.0130,0
2023-05-21 23:39:46,1684726787,6.69,33.0,97700,1.00,2.00,4.00,4.00,0.0145,0
2023-05-21 23:44:53,1684727094,6.54,33.6,97700,1e-7,2.00,4.00,5.00,0.00995,0
2023-05-21 23:49:59,1684727399,6.41,33.4,97700,2.00,3.00,4.00,5.00,0.00989,0
2023-05-21 23:54:58,1684727698,6.27,33.1,97707,2.00,3.00,6.00,7.00,0.0102,0
2023-05-21 23:59:43,1684727983,6.14,33.4,97700,1.00,2.00,3.00,4.00,0.0108,0
2023-05-22 00:04:20,1684728261,5.97,33.3,97783,1.00,5.00,9.00,11.0,0.0141,0
2023-05-22 00:09:41,1684728582,5.80,33.4,97800,2.00,4.00,7.00,8.00,0.0391,0
2023-05-22 00:14:40,1684728881,5.68,33.8,97800,1.00,2.00,3.00,4.00,0.0391,0
2023-05-22 00:19:45,1684729186,5.53,33.9,97800,1.00,3.00,6.00,7.00,0.0269,0
2023-05-22 00:24:44,1684729485,5.40,34.1,97800,2.00,5.00,8.00,10.0,0.0126,0
2023-05-22 00:29:44,1684729785,5.30,34.3,97800,4.00,4.00,4.00,4.00,0.0206,0
2023-05-22 00:34:44,1684730085,5.16,34.3,97800,2.00,3.00,3.00,4.00,0.0190,0
2023-05-22 00:39:42,1684730383,5.05,34.4,97800,2.00,2.00,2.00,2.00,0.0104,0
2023-05-22 00:44:42,1684730683,4.90,34.7,97800,1.00,4.00,7.00,9.00,0.0200,0
2023-05-22 00:49:47,1684730988,4.73,34.7,97800,2.00,2.00,4.00,4.00,0.0270,0
2023-05-22 00:54:47,1684731288,4.63,35.0,97800,1.00,5.00,9.00,11.0,0.0262,0
2023-05-22 00:59:55,1684731596,4.52,34.9,97800,1.00,3.00,4.00,5.00,0.0199,0
2023-05-22 01:04:54,1684731895,4.43,35.2,97800,1.00,3.00,5.00,6.00,0.0155,0
2023-05-22 01:09:42,1684732182,4.34,35.1,97800,2.00,2.00,4.00,4.00,0.0125,0
2023-05-22 01:14:48,1684732489,4.26,35.5,97800,1.00,4.00,7.00,8.00,0.0112,0
2023-05-22 01:19:49,1684732789,4.18,35.5,97800,3.00,5.00,7.00,9.00,0.0133,0
2023-05-22 01:24:49,1684733090,4.12,35.7,97800,2.00,3.00,5.00,6.00,0.0253,0
2023-05-22 01:29:50,1684733390,4.05,35.6,97800,1.00,4.00,7.00,8.00,0.0200,0
2023-05-22 01:34:50,1684733691,4.01,35.7,97800,1.00,4.00,7.00,8.00,0.0173,0
2023-05-22 01:39:49,1684733989,3.96,35.6,97800,1.00,2.00,3.00,3.00,0.0158,0
2023-05-22 01:44:49,1684734290,3.90,35.6,97800,1.00,4.00,7.00,9.00,0.0175,0
2023-05-22 01:49:48,1684734588,3.85,35.7,97800,2.00,3.00,5.00,6.00,0.0118,0
2023-05-22 01:54:49,1684734889,3.76,35.6,97873,2.00,3.00,5.00,6.00,0.0117,0
2023-05-22 01:59:49,1684735190,3.65,36.0,97827,2.00,6.00,11.0,13.0,0.0102,0
2023-05-22 02:04:50,1684735491,3.53,36.0,97893,1.00,2.00,4.00,5.00,0.0149,0
2023-05-22 02:09:51,1684735792,3.43,36.3,97900,2.00,3.00,4.00,4.00,0.0149,0
2023-05-22 02:14:50,1684736090,3.33,36.4,97900,3.00,5.00,8.00,9.00,0.0149,0
2023-05-22 02:19:43,1684736383,3.21,36.6,97900,2.00,3.00,6.00,7.00,0.0137,0
2023-05-22 02:24:44,1684736685,3.11,36.7,97900,2.00,3.00,5.00,5.00,0.0135,0
2023-05-22 02:29:46,1684736986,3.00,36.9,97900,2.00,4.00,7.00,8.00,0.0143,0
2023-05-22 02:34:47,1684737288,2.92,37.2,97900,2.00,3.00,5.00,5.00,0.0140,0
2023-05-22 02:39:49,1684737589,2.84,37.4,97900,2.00,5.00,9.00,11.0,0.0148,0
2023-05-22 02:44:52,1684737892,2.77,37.5,97900,2.00,5.00,8.00,10.0,0.0187,0
2023-05-22 02:49:59,1684738199,2.71,37.6,97900,1.00,4.00,7.00,8.00,0.0157,0
2023-05-22 02:54:41,1684738481,2.67,37.8,97900,2.00,7.00,12.0,14.0,0.0181,0
2023-05-22 02:59:40,1684738780,2.62,37.9,97900,2.00,3.00,4.00,5.00,0.0347,0
2023-05-22 03:04:59,1684739100,2.59,37.9,97900,4.00,4.00,5.00,5.00,0.0347,0
2023-05-22 03:09:48,1684739389,2.60,37.8,97900,2.00,4.00,6.00,7.00,0.0135,0
2023-05-22 03:14:50,1684739690,2.61,37.9,97907,1.00,5.00,8.00,10.0,0.0190,0
2023-05-22 03:19:52,1684739992,2.58,37.9,97927,1.00,2.00,3.00,4.00,0.0190,0
2023-05-22 03:24:54,1684740294,2.53,38.1,97987,1.00,3.00,6.00,7.00,0.0264,0
2023-05-22 03:29:59,1684740599,2.49,38.3,97910,1.00,2.00,3.00,4.00,0.0137,0
2023-05-22 03:34:58,1684740899,2.44,38.4,97900,2.00,3.00,6.00,7.00,0.0117,0
2023-05-22 03:39:40,1684741180,2.41,38.6,97900,1.00,4.00,7.00,9.00,0.0169,0
2023-05-22 03:44:42,1684741482,2.37,38.7,97940,2.00,6.00,10.0,12.0,0.0189,0
2023-05-22 03:49:44,1684741784,2.33,38.7,98000,1.00,3.00,4.00,5.00,0.0189,0
2023-05-22 03:54:26,1684742066,2.31,38.8,98000,2.00,4.00,7.00,8.00,0.0203,0
2023-05-22 03:59:44,1684742384,2.28,38.8,98000,2.00,2.00,3.00,4.00,0.0203,0
2023-05-22 04:04:46,1684742686,2.25,39.0,98000,1.00,6.00,10.0,12.0,0.0162,0
2023-05-22 04:09:25,1684742966,2.22,39.0,98000,2.00,3.00,4.00,4.00,0.0136,0
2023-05-22 04:14:46,1684743286,2.20,39.0,98000,2.00,4.00,6.00,7.00,0.0100,0
2023-05-22 04:19:53,1684743594,2.20,39.1,98000,2.00,2.00,4.00,5.00,0.0207,0
2023-05-22 04:24:55,1684743896,2.18,39.2,98000,2.00,2.00,3.00,4.00,0.0207,0
2023-05-22 04:29:55,1684744196,2.16,39.2,98000,3.00,4.00,6.00,7.00,0.0118,0
2023-05-22 04:34:57,1684744498,2.14,39.3,98000,3.00,5.00,6.00,8.00,0.0112,0
2023-05-22 04:39:40,1684744780,2.13,39.4,98000,2.00,4.00,6.00,7.00,0.0221,0
2023-05-22 04:44:42,1684745082,2.13,39.3,98000,2.00,2.00,4.00,4.00,0.0221,0
2023-05-22 04:49:42,1684745382,2.09,39.6,98000,2.00,4.00,5.00,6.00,0.0162,0
2023-05-22 04:54:44,1684745684,2.08,39.4,98000,2.00,4.00,7.00,9.00,0.0128,0
2023-05-22 04:59:46,1684745987,2.07,39.4,98000,2.00,6.00,9.00,11.0,0.0137,0
2023-05-22 05:04:09,1684746249,2.06,39.5,98000,3.00,3.00,3.00,4.00,0.0210,0
2023-05-22 05:09:57,1684746597,2.05,39.5,98014,1.00,4.00,7.00,8.00,0.0181,0
2023-05-22 05:13:18,1684746798,2.05,39.6,98020,1.00,3.00,6.00,7.00,0.0138,0
2023-05-22 09:19:44,1684761584,18.2,20.2,98300,1.00,2.00,4.00,5.00,,
2023-05-22 09:24:50,1684761891,18.3,20.0,98300,2.00,2.00,3.00,4.00,,
2023-05-22 09:29:00,1684762140,18.4,19.1,98300,1.00,5.00,8.00,10.0,,
2023-05-22 09:44:55,1684763095,17.9,17.9,98300,1e-7,2.00,3.00,4.00,0.0103,0
2023-05-22 09:46:30,1684763191,17.8,18.8,98300,1e-7,1.00,1.00,1.00,0.0126,0
2023-05-22 09:54:57,1684763697,17.8,19.3,98300,1.00,2.00,4.00,4.00,0.0142,0
2023-05-22 09:59:44,1684763985,18.1,18.5,98300,1.00,2.00,4.00,4.00,0.0104,0
2023-05-22 10:02:18,1684764138,18.7,17.4,98300,1.00,2.00,3.00,4.00,0.00995,0
2023-05-22 10:14:53,1684764894,20.4,16.0,98300,2.00,3.00,6.00,7.00,0.00995,0
2023-05-22 10:19:59,1684765199,20.8,16.6,98300,1.00,3.00,5.00,6.00,0.0137,0
2023-05-22 10:20:18,1684765218,21.0,17.4,98300,1e-7,2.00,3.00,4.00,0.0129,0
2023-05-22 10:29:52,1684765793,21.0,17.1,98300,1.00,2.00,3.00,4.00,0.0139,0
2023-05-22 10:34:57,1684766098,21.1,17.0,98300,2.00,2.00,4.00,4.00,0.0126,0
2023-05-22 10:37:49,1684766270,21.1,17.0,98300,1.00,2.00,4.00,4.00,0.0125,0
2023-05-22 10:49:44,1684766985,21.1,15.7,98300,2.00,3.00,3.00,4.00,0.0112,0
2023-05-22 10:54:49,1684767290,21.4,14.7,98300,1.00,2.00,4.00,4.00,0.00995,0
2023-05-22 10:56:05,1684767366,21.6,16.0,98300,1.00,2.00,3.00,4.00,0.00995,0
2023-05-22 11:04:43,1684767884,21.4,15.3,98250,1.00,3.00,5.00,6.00,0.0109,0
2023-05-22 11:09:49,1684768189,21.5,15.9,98238,1.00,2.00,4.00,5.00,0.0118,0
2023-05-22 11:12:40,1684768361,21.6,15.2,98211,1.00,3.00,6.00,7.00,0.0118,0
2023-05-22 11:19:45,1684768785,21.8,15.4,98200,1.00,3.00,4.00,5.00,0.00964,0
2023-05-22 11:24:50,1684769090,21.8,15.0,98200,2.00,3.00,4.00,4.00,0.0124,0
2023-05-22 11:29:36,1684769376,21.9,16.0,98200,2.00,4.00,5.00,6.00,0.0110,0
2023-05-22 11:39:49,1684769990,21.7,15.5,98200,1.00,2.00,4.00,5.00,0.0134,0
2023-05-22 11:44:54,1684770295,21.9,15.7,98200,1.00,2.00,4.00,4.00,0.0114,0
2023-05-22 11:48:05,1684770485,22.0,15.9,98200,2.00,2.00,3.00,3.00,0.0114,0
2023-05-22 11:59:59,1684771200,22.4,15.5,98200,2.00,4.00,5.00,6.00,0.0108,0
2023-05-22 12:04:45,1684771486,22.4,15.8,98200,2.00,2.00,4.00,5.00,0.0110,0
2023-05-22 12:05:23,1684771523,22.3,15.6,98200,1.00,2.00,3.00,3.00,0.00977,0
2023-05-22 12:14:53,1684772094,22.3,15.1,98200,2.00,5.00,8.00,10.0,0.0152,0
2023-05-22 12:19:59,1684772399,22.3,15.7,98200,2.00,3.00,4.00,5.00,0.0180,0
2023-05-22 12:20:56,1684772456,22.3,15.9,98200,2.00,2.00,3.00,3.00,0.0138,0
2023-05-22 12:29:54,1684772994,22.1,16.0,98200,1.00,3.00,4.00,4.00,0.0140,0
2023-05-22 12:34:59,1684773300,22.0,15.5,98200,2.00,6.00,9.00,11.0,0.0160,0
2023-05-22 12:39:08,1684773548,21.9,15.9,98200,2.00,3.00,5.00,6.00,0.0157,0
2023-05-22 12:49:57,1684774197,21.7,15.8,98200,2.00,3.00,6.00,7.00,0.0165,0
2023-05-22 12:54:44,1684774484,21.7,15.9,98200,2.00,2.00,3.00,3.00,0.0118,0.821
2023-05-22 12:56:19,1684774580,21.8,15.1,98200,1e-7,2.00,3.00,3.00,0.0101,0.821
2023-05-22 13:04:54,1684775094,21.6,15.7,98200,1.00,3.00,6.00,7.00,0.0132,0.821
2023-05-22 13:08:43,1684775323,21.4,15.2,98200,2.00,3.00,6.00,7.00,0.0136,0.825
2023-05-22 13:12:55,1684775576,21.3,16.1,98200,1e-7,3.00,6.00,7.00,0.0162,0.830
2023-05-22 13:24:51,1684776291,21.6,15.8,98200,1e-7,1e-7,1e-7,1e-7,0.0104,0.819
2023-05-22 13:29:56,1684776597,21.8,15.8,98200,2.00,2.00,4.00,5.00,0.0140,0.813
2023-05-22 13:31:13,1684776673,22.0,15.4,98200,1.00,2.00,3.00,4.00,0.0104,0
2023-05-22 13:39:49,1684777189,22.1,16.1,98200,2.00,2.00,2.00,2.00,0.0101,0
2023-05-22 13:44:54,1684777495,22.2,16.4,98200,1.00,5.00,9.00,11.0,0.0204,0
2023-05-22 13:48:05,1684777685,22.3,16.3,98200,1.00,4.00,7.00,9.00,0.0265,0
2023-05-22 13:59:47,1684778387,22.4,15.7,98200,1.00,3.00,5.00,6.00,0.0242,0
2023-05-22 14:04:52,1684778692,22.7,16.2,98200,1.00,2.00,3.00,4.00,0.0271,0
2023-05-22 14:14:44,1684779285,22.6,16.0,98200,2.00,5.00,7.00,9.00,0.0145,0
2023-05-22 14:19:49,1684779590,22.5,15.9,98188,2.00,2.00,3.00,3.00,0.0119,0
2023-05-22 14:22:41,1684779761,22.4,16.0,98144,2.00,2.00,4.00,4.00,0.0119,0
2023-05-22 14:29:59,1684780200,22.3,14.9,98100,1e-7,4.00,6.00,8.00,0.0107,0
2023-05-22 14:34:47,1684780488,22.2,14.8,98100,1.00,3.00,6.00,7.00,0.0152,0
2023-05-22 14:39:53,1684780793,22.1,15.3,98100,3.00,3.00,3.00,3.00,0.0171,0
2023-05-22 14:49:52,1684781393,22.1,15.4,98100,2.00,4.00,6.00,7.00,0.0146,0
2023-05-22 14:54:58,1684781698,22.0,15.5,98100,2.00,3.00,3.00,4.00,0.0114,0
2023-05-22 14:57:30,1684781851,22.1,15.9,98100,1e-7,1.00,2.00,2.00,0.0114,0
2023-05-22 15:04:51,1684782291,22.3,15.7,98100,1.00,4.00,6.00,7.00,0.0133,0
2023-05-22 15:09:56,1684782596,22.4,15.7,98100,2.00,4.00,8.00,9.00,0.0310,0
2023-05-22 15:14:42,1684782882,22.4,15.5,98100,3.00,3.00,3.00,3.00,0.0310,0
2023-05-22 15:24:54,1684783495,22.5,15.2,98100,2.00,6.00,10.0,12.0,0.0291,0
2023-05-22 15:29:41,1684783781,22.7,15.3,98100,2.00,3.00,4.00,5.00,0.0212,0
2023-05-22 15:31:54,1684783914,22.7,14.9,98100,1.00,2.00,4.00,5.00,0.0174,0
2023-05-22 15:39:53,1684784394,22.6,15.2,98100,2.00,4.00,7.00,8.00,0.0152,0
2023-05-22 15:44:59,1684784699,22.7,15.4,98100,2.00,4.00,6.00,8.00,0.0177,0
2023-05-22 15:48:10,1684784890,22.6,15.2,98100,1.00,2.00,2.00,3.00,0.0105,0
2023-05-22 15:59:41,1684785581,22.8,15.5,98100,2.00,6.00,9.00,10.0,0.0158,0
2023-05-22 16:04:46,1684785887,22.9,15.5,98100,1.00,4.00,8.00,9.00,0.0140,0
2023-05-22 16:06:02,1684785963,22.9,15.4,98100,2.00,2.00,3.00,3.00,0.0118,0
2023-05-22 16:14:54,1684786495,22.8,15.3,98100,2.00,3.00,3.00,3.00,0.00990,0
2023-05-22 16:19:43,1684786784,22.7,16.3,98100,2.00,4.00,6.00,7.00,0.0119,0
2023-05-22 16:23:32,1684787012,22.7,16.5,98100,2.00,3.00,6.00,7.00,0.0122,0
2023-05-22 16:29:55,1684787395,22.8,16.2,98100,1.00,3.00,5.00,6.00,0.0153,0
2023-05-22 16:34:41,1684787681,22.8,16.2,98100,2.00,3.00,4.00,4.00,0.0153,0
2023-05-22 16:39:47,1684787988,22.7,16.5,98100,1.00,6.00,11.0,13.0,0.0137,0
2023-05-22 16:41:02,1684788063,22.7,16.5,98100,4.00,4.00,6.00,7.00,0.0127,0
2023-05-22 16:49:56,1684788597,22.6,16.4,98100,2.00,5.00,7.00,9.00,0.0165,0
2023-05-22 16:54:43,1684788883,22.7,15.9,98100,2.00,3.00,3.00,3.00,0.0165,0
2023-05-22 16:57:53,1684789074,22.7,16.3,98100,2.00,4.00,6.00,7.00,0.0185,0
2023-05-22 17:04:58,1684789499,22.8,16.0,98100,1.00,3.00,5.00,6.00,0.0136,0
2023-05-22 17:09:44,1684789785,22.7,16.5,98100,2.00,4.00,6.00,7.00,0.0157,0
2023-05-22 17:14:52,1684790092,22.7,16.3,98100,2.00,4.00,6.00,7.00,0.0157,0
2023-05-22 17:15:29,1684790130,22.8,15.7,98100,1e-7,1.00,3.00,3.00,0.0109,0
2023-05-22 17:24:44,1684790684,22.5,16.0,98100,2.00,3.00,6.00,7.00,0.0119,0
2023-05-22 17:29:49,1684790990,22.4,16.3,98100,2.00,4.00,6.00,7.00,0.0129,0
2023-05-22 17:34:58,1684791298,22.3,16.7,98100,1.00,5.00,8.00,9.00,0.0135,0
2023-05-22 17:39:44,1684791585,22.1,16.7,98100,3.00,6.00,8.00,9.00,0.0207,0
2023-05-22 17:44:50,1684791891,21.9,16.8,98100,3.00,5.00,8.00,10.0,0.0207,0
2023-05-22 17:49:56,1684792197,21.7,17.3,98100,2.00,3.00,5.00,6.00,0.0151,0
2023-05-22 17:54:44,1684792484,21.5,17.2,98100,2.00,3.00,5.00,6.00,0.0168,0
2023-05-22 17:59:50,1684792790,21.4,17.4,98100,1.00,3.00,6.00,7.00,0.0107,0
2023-05-22 18:04:56,1684793097,21.1,17.2,98100,3.00,7.00,10.0,12.0,0.0110,0
2023-05-22 18:09:44,1684793384,20.9,17.5,98100,1.00,3.00,4.00,5.00,0.0141,0
2023-05-22 18:14:51,1684793691,20.7,17.8,98100,2.00,5.00,9.00,10.0,0.0144,0
2023-05-22 18:19:58,1684793998,20.4,18.0,98100,2.00,2.00,3.00,3.00,0.0236,0
2023-05-22 18:24:46,1684794286,20.2,18.0,98100,5.00,5.00,5.00,5.00,0.0248,0
2023-05-22 18:29:53,1684794594,20.0,18.0,98100,3.00,4.00,4.00,5.00,0.0134,0
2023-05-22 18:34:42,1684794883,19.6,18.2,98100,3.00,5.00,9.00,10.0,0.0280,0
2023-05-22 18:39:58,1684795198,19.2,18.3,98100,2.00,3.00,4.00,4.00,0.0397,0
2023-05-22 18:44:55,1684795496,18.8,18.5,98100,1.00,4.00,6.00,7.00,0.0314,0
2023-05-22 18:49:45,1684795785,18.3,19.0,98100,3.00,5.00,8.00,10.0,0.0314,0
2023-05-22 18:54:54,1684796094,18.0,18.9,98100,4.00,6.00,11.0,13.0,0.0261,0
2023-05-22 18:59:44,1684796384,17.7,19.2,98100,3.00,3.00,4.00,4.00,0.0312,0
2023-05-22 19:04:54,1684796694,17.3,19.6,98100,3.00,4.00,5.00,6.00,0.0411,0
2023-05-22 19:09:44,1684796985,17.0,20.0,98100,2.00,7.00,12.0,14.0,0.0165,0
2023-05-22 19:14:54,1684797295,16.7,20.4,98100,3.00,5.00,8.00,9.00,0.0376,0
2023-05-22 19:19:45,1684797586,16.4,20.8,98100,4.00,4.00,5.00,5.00,0.0393,0
2023-05-22 19:24:56,1684797896,16.1,21.0,98100,2.00,3.00,5.00,6.00,0.0393,0
2023-05-22 19:29:47,1684798188,15.8,21.4,98100,2.00,3.00,3.00,4.00,0.0105,0
2023-05-22 19:34:58,1684798499,15.5,21.8,98100,3.00,4.00,6.00,7.00,0.0107,0
2023-05-22 19:39:50,1684798791,15.2,22.3,98100,5.00,5.00,7.00,8.00,0.0129,0
2023-05-22 19:44:43,1684799083,14.9,22.6,98100,4.00,5.00,8.00,9.00,0.0131,0
2023-05-22 19:49:54,1684799395,14.6,22.9,98100,2.00,2.00,3.00,4.00,0.0131,0
2023-05-22 19:54:47,1684799688,14.3,23.3,98100,2.00,3.00,4.00,5.00,0.0173,0
2023-05-22 19:59:59,1684800000,14.0,23.4,98100,3.00,3.00,5.00,6.00,0.0128,0
2023-05-22 20:04:40,1684800281,13.8,23.6,98100,2.00,6.00,8.00,9.00,0.0108,0
2023-05-22 20:09:52,1684800593,13.6,24.1,98143,3.00,5.00,8.00,10.0,0.0108,0
2023-05-22 20:14:46,1684800886,13.3,24.7,98187,2.00,4.00,5.00,6.00,0.0356,0
2023-05-22 20:19:59,1684801200,13.0,24.9,98131,3.00,9.00,14.0,16.0,0.0328,0
2023-05-22 20:24:41,1684801482,12.8,24.9,98200,3.00,6.00,10.0,12.0,0.0328,0
2023-05-22 20:29:54,1684801794,12.6,25.2,98200,3.00,4.00,6.00,8.00,0.0328,0
2023-05-22 20:34:48,1684802088,12.4,25.3,98200,2.00,5.00,7.00,8.00,0.0198,0
2023-05-22 20:39:42,1684802383,12.2,25.6,98200,2.00,4.00,7.00,8.00,0.0180,0
2023-05-22 20:44:57,1684802697,12.0,25.7,98200,2.00,6.00,10.0,12.0,0.0181,0
2023-05-22 20:49:51,1684802992,11.8,26.2,98200,2.00,3.00,6.00,7.00,0.0209,0
2023-05-22 20:54:46,1684803287,11.6,26.8,98200,2.00,6.00,11.0,13.0,0.0255,0
2023-05-22 20:59:41,1684803582,11.4,27.1,98200,4.00,6.00,8.00,8.00,0.0481,0
2023-05-22 21:04:58,1684803899,11.2,27.2,98200,2.00,2.00,2.00,2.00,0.0303,0
2023-05-22 21:09:53,1684804194,11.1,27.2,98200,1.00,3.00,5.00,6.00,0.0458,0
2023-05-22 21:14:49,1684804489,11.0,27.3,98200,4.00,4.00,7.00,9.00,0.0263,0
2023-05-22 21:19:44,1684804785,10.9,27.2,98200,2.00,9.00,15.0,18.0,0.0254,0
2023-05-22 21:24:40,1684805081,10.8,27.5,98200,1.00,5.00,9.00,11.0,0.0258,0
2023-05-22 21:29:56,1684805396,10.7,27.7,98200,1.00,3.00,4.00,5.00,0.0412,0
2023-05-22 21:34:52,1684805692,10.7,27.8,98200,2.00,6.00,9.00,10.0,0.0412,0
2023-05-22 21:39:47,1684805988,10.6,27.8,98200,2.00,5.00,8.00,9.00,0.0139,0
2023-05-22 21:44:43,1684806284,10.6,27.6,98200,2.00,4.00,7.00,8.00,0.0124,0
2023-05-22 21:49:59,1684806599,10.6,27.7,98200,2.00,6.00,9.00,11.0,0.0181,0
2023-05-22 21:54:55,1684806895,10.5,28.3,98200,5.00,7.00,9.00,11.0,0.0175,0
2023-05-22 21:59:51,1684807191,10.5,28.0,98200,3.00,12.0,19.0,23.0,0.0612,0
2023-05-22 22:04:47,1684807487,10.4,28.2,98200,1.00,3.00,6.00,7.00,0.0612,0
2023-05-22 22:09:43,1684807783,10.3,28.8,98200,2.00,6.00,11.0,13.0,0.0355,0
2023-05-22 22:14:57,1684808098,10.1,28.4,98200,2.00,6.00,11.0,13.0,0.0252,0
2023-05-22 22:19:41,1684808381,9.94,28.5,98200,2.00,4.00,7.00,9.00,0.0298,0
2023-05-22 22:22:59,1684808579,9.84,28.6,98200,2.00,3.00,4.00,5.00,0.0298,0
2023-05-22 22:44:45,1684809886,9.55,29.5,98200,3.00,6.00,8.00,10.0,,
2023-05-22 22:49:09,1684810149,9.56,29.7,98200,2.00,6.00,9.00,11.0,,
2023-05-22 22:54:43,1684810484,9.53,29.7,98200,2.00,3.00,5.00,6.00,,
2023-05-22 22:59:40,1684810780,9.46,30.2,98200,3.00,4.00,6.00,8.00,0.0334,0
2023-05-22 23:04:56,1684811097,9.36,30.6,98200,2.00,6.00,10.0,13.0,0.0310,0
2023-05-22 23:09:53,1684811394,9.30,30.7,98200,1.00,3.00,4.00,5.00,0.0228,0
2023-05-22 23:14:50,1684811691,9.28,30.8,98200,1.00,3.00,5.00,6.00,0.0340,0
2023-05-22 23:19:45,1684811986,9.28,30.8,98200,2.00,5.00,9.00,10.0,0.0284,0
2023-05-22 23:24:48,1684812289,9.31,30.9,98200,1.00,3.00,4.00,5.00,0.0178,0
2023-05-22 23:29:52,1684812592,9.32,31.2,98200,1.00,7.00,11.0,13.0,0.0158,0
2023-05-22 23:34:48,1684812889,9.27,30.8,98213,2.00,3.00,6.00,7.00,0.0124,0
2023-05-22 23:39:45,1684813186,9.16,30.5,98267,1.00,3.00,4.00,5.00,0.0148,0
2023-05-22 23:44:42,1684813483,9.03,30.5,98260,2.00,5.00,8.00,9.00,0.0140,0
2023-05-22 23:49:59,1684813800,8.86,30.9,98300,2.00,3.00,4.00,5.00,0.0143,0
2023-05-22 23:54:56,1684814097,8.71,31.0,98287,2.00,2.00,3.00,4.00,0.0144,0
2023-05-22 23:59:54,1684814394,8.64,31.2,98220,3.00,5.00,7.00,8.00,0.0243,0
2023-05-23 00:04:51,1684814691,8.59,31.3,98200,2.00,9.00,14.0,17.0,0.0525,0
2023-05-23 00:09:46,1684814987,8.54,31.8,98200,3.00,6.00,8.00,10.0,0.0664,0
2023-05-23 00:14:44,1684815284,8.50,31.7,98200,2.00,4.00,7.00,9.00,0.0522,0
2023-05-23 00:19:41,1684815582,8.49,31.8,98200,1.00,7.00,11.0,14.0,0.0442,0
2023-05-23 00:24:43,1684815884,8.47,31.9,98200,2.00,6.00,11.0,13.0,0.0178,0
2023-05-23 00:29:48,1684816189,8.45,31.9,98200,2.00,3.00,6.00,7.00,0.0516,0
2023-05-23 00:34:46,1684816486,8.42,32.0,98200,1.00,4.00,7.00,8.00,0.0516,0
2023-05-23 00:39:49,1684816790,8.42,32.1,98200,1.00,2.00,3.00,3.00,0.0192,0
2023-05-23 00:44:46,1684817087,8.43,31.5,98200,1.00,3.00,6.00,7.00,0.0232,0
2023-05-23 00:49:44,1684817384,8.49,31.3,98200,2.00,3.00,4.00,5.00,0.0176,0
2023-05-23 00:54:59,1684817700,8.54,31.1,98200,2.00,5.00,7.00,9.00,0.0117,0
2023-05-23 00:59:57,1684817997,8.60,31.0,98200,1.00,4.00,6.00,7.00,0.0140,0
2023-05-23 01:04:54,1684818294,8.66,31.2,98200,2.00,4.00,6.00,7.00,0.0124,0
2023-05-23 01:06:13,1684818374,8.68,31.5,98200,2.00,3.00,6.00,7.00,0.0124,0
2023-05-23 01:18:20,1684819101,8.59,32.3,98200,2.00,3.00,4.00,4.00,0.0109,0
2023-05-23 03:54:50,1684828490,6.73,37.0,98300,1.00,4.00,6.00,7.00,,
2023-05-23 03:59:48,1684828789,6.70,37.2,98293,2.00,13.0,23.0,28.0,,
2023-05-23 04:04:47,1684829088,6.67,37.5,98253,1.00,3.00,6.00,7.00,0.0442,0
2023-05-23 04:09:46,1684829387,6.62,37.5,98267,2.00,4.00,6.00,7.00,0.0443,0
2023-05-23 04:14:43,1684829683,6.60,37.4,98223,1.00,3.00,5.00,7.00,0.0241,0
2023-05-23 04:19:40,1684829980,6.61,37.6,98200,2.00,5.00,8.00,9.00,0.0195,0
2023-05-23 04:24:59,1684830300,6.64,37.8,98259,4.00,4.00,6.00,7.00,0.0195,0
2023-05-23 04:28:35,1684830515,6.67,37.6,98300,3.00,9.00,14.0,17.0,0.0200,0
2023-05-23 04:34:56,1684830896,6.66,37.6,98300,2.00,3.00,4.00,5.00,0.0235,0
2023-05-23 04:39:52,1684831193,6.62,37.4,98300,2.00,3.00,4.00,4.00,0.0235,0
2023-05-23 04:44:57,1684831498,6.56,37.5,98300,2.00,3.00,4.00,4.00,0.0247,0
2023-05-23 04:49:56,1684831797,6.51,37.2,98300,2.00,3.00,5.00,6.00,0.0106,0
2023-05-23 04:54:53,1684832094,6.53,36.9,98300,4.00,5.00,8.00,10.0,0.0176,0
2023-05-23 04:59:51,1684832391,6.60,37.2,98300,2.00,5.00,8.00,9.00,0.0133,0
2023-05-23 05:03:50,1684832630,6.64,37.9,98300,1.00,2.00,4.00,5.00,0.0116,0
2023-05-23 09:19:43,1684847984,25.5,15.6,98300,1.00,2.00,3.00,3.00,,
2023-05-23 09:24:45,1684848285,25.5,15.9,98300,1.00,4.00,5.00,6.00,,
2023-05-23 09:29:28,1684848568,25.5,15.8,98300,2.00,6.00,9.00,11.0,,
2023-05-23 09:44:48,1684849488,25.8,14.7,98300,2.00,3.00,5.00,6.00,0.0135,0
2023-05-23 09:48:15,1684849696,25.8,14.9,98300,2.00,8.00,14.0,16.0,0.0183,0
2023-05-23 09:54:54,1684850094,26.0,14.7,98225,1e-7,1.00,2.00,3.00,0.00904,0
2023-05-23 09:59:56,1684850396,26.1,14.3,98300,2.00,3.00,6.00,7.00,0.0320,0
2023-05-23 10:04:57,1684850698,26.2,13.4,98300,2.00,3.00,6.00,7.00,0.0323,0
2023-05-23 10:14:52,1684851292,26.3,13.8,98200,1.00,3.00,5.00,6.00,0.0125,0
2023-05-23 10:19:57,1684851597,26.4,13.6,98219,3.00,3.00,4.00,4.00,0.0125,0
2023-05-23 10:23:05,1684851785,26.6,13.9,98220,1.00,2.00,3.00,3.00,0.0150,0
2023-05-23 10:29:48,1684852188,27.1,13.5,98200,1e-7,1.00,2.00,2.00,0.0128,0
2023-05-23 10:34:49,1684852489,27.3,13.7,98200,2.00,9.00,14.0,17.0,0.0294,0
2023-05-23 10:39:50,1684852790,27.5,13.4,98200,2.00,4.00,5.00,5.00,0.0358,0
2023-05-23 10:40:27,1684852827,27.6,13.3,98200,1e-7,1e-7,1e-7,1e-7,0.0162,0
2023-05-23 10:49:53,1684853394,28.0,13.1,98200,2.00,7.00,11.0,13.0,0.0209,0
2023-05-23 10:54:54,1684853694,28.1,12.4,98200,1.00,2.00,3.00,3.00,0.0307,0
2023-05-23 10:56:09,1684853770,27.9,12.5,98200,1.00,3.00,6.00,7.00,0.0307,0
2023-05-23 11:04:58,1684854299,27.4,11.3,98200,1.00,4.00,7.00,9.00,0.0217,1.16
2023-05-23 11:09:41,1684854581,27.2,12.5,98200,1.00,3.00,5.00,6.00,0.0279,1.67
2023-05-23 11:13:46,1684854826,27.4,11.7,98200,1.00,2.00,4.00,4.00,0.0135,1.67
2023-05-23 11:19:48,1684855189,27.2,10.8,98200,1.00,1.00,2.00,2.00,0.0143,1.67
2023-05-23 11:24:50,1684855490,27.0,11.0,98200,2.00,2.00,4.00,4.00,0.0160,1.67
2023-05-23 11:29:53,1684855793,26.9,11.3,98200,2.00,4.00,6.00,7.00,0.0125,1.66
2023-05-23 11:44:49,1684856690,27.2,12.5,98146,1.00,3.00,4.00,4.00,0.0126,0
2023-05-23 11:47:39,1684856859,27.5,12.5,98100,1.00,2.00,3.00,4.00,0.0128,0
2023-05-23 11:54:48,1684857288,27.6,12.2,98100,1.00,2.00,4.00,4.00,0.0129,0
2023-05-23 11:59:49,1684857590,27.9,12.3,98100,1.00,2.00,3.00,3.00,0.0116,0
2023-05-23 12:04:38,1684857879,27.9,12.1,98100,8.00,9.00,10.0,10.0,0.0250,0
2023-05-23 12:19:57,1684858797,28.1,11.6,98100,4.00,5.00,6.00,7.00,0.0619,0
2023-05-23 12:23:04,1684858985,28.1,12.0,98100,2.00,2.00,3.00,4.00,0.0619,0
2023-05-23 12:29:59,1684859400,28.2,12.2,98100,1e-7,2.00,4.00,4.00,0.0254,0
2023-05-23 12:34:42,1684859682,28.2,12.1,98100,7.00,9.00,10.0,11.0,0.0525,0
2023-05-23 12:39:53,1684859993,28.1,11.1,98100,18.0,20.0,20.0,21.0,0.333,0
2023-05-23 12:40:11,1684860012,27.8,11.9,98100,2.00,2.00,2.00,2.00,0.333,0
2023-05-23 12:49:58,1684860598,28.1,12.3,98000,16.0,18.0,18.0,18.0,0.370,0
2023-05-23 12:54:59,1684860900,28.3,11.8,98000,7.00,8.00,8.00,8.00,0.230,0
2023-05-23 12:57:29,1684861050,28.4,11.3,98000,2.00,4.00,7.00,8.00,0.305,0
2023-05-23 13:04:44,1684861484,28.2,11.6,98000,39.0,42.0,43.0,43.0,0.354,0
2023-05-23 13:09:45,1684861785,28.3,11.7,98000,125,141,148,151,2.94,0
2023-05-23 13:12:34,1684861955,28.4,11.6,98000,218,236,240,242,3.80,0
2023-05-23 13:19:54,1684862394,28.2,10.8,98000,16.0,18.0,19.0,19.0,4.67,0
2023-05-23 13:24:55,1684862695,28.3,11.5,98000,67.0,74.0,76.0,77.0,5.53,0
2023-05-23 13:29:56,1684862997,28.3,11.4,98000,224,237,237,237,1.91,0
2023-05-23 13:59:56,1684864796,28.2,11.4,97956,380,411,418,421,,
2023-05-23 14:04:39,1684865079,28.1,11.2,97980,365,410,429,439,,
2023-05-23 14:14:43,1684865683,28.0,11.3,97900,611,659,670,675,,
2023-05-23 14:19:44,1684865985,28.1,11.5,97900,224,243,248,251,1.49,0
2023-05-23 14:23:11,1684866191,28.1,11.3,97900,55.0,58.0,58.0,58.0,2.35,0
2023-05-23 14:29:56,1684866596,28.2,11.8,97900,7.00,7.00,7.00,7.00,2.57,0
2023-05-23 14:34:57,1684866898,28.3,11.7,97900,41.0,44.0,44.0,44.0,6.75,0
2023-05-23 14:39:02,1684867143,28.4,11.5,97900,5.00,8.00,10.0,11.0,5.80,0
2023-05-23 14:44:54,1684867494,28.4,12.2,97900,77.0,81.0,81.0,81.0,3.74,0
2023-05-23 14:49:45,1684867785,28.5,11.7,97900,316,334,334,334,5.49,0
2023-05-23 14:54:46,1684868087,28.5,11.0,97900,150,161,163,164,6.39,0
2023-05-23 14:57:16,1684868237,28.5,10.9,97900,45.0,49.0,51.0,52.0,1.52,0
2023-05-23 15:04:57,1684868698,28.6,11.4,97900,1.00,3.00,3.00,4.00,1.00,0
2023-05-23 15:09:59,1684869000,28.6,11.1,97900,58.0,62.0,63.0,63.0,2.04,0
2023-05-23 15:13:26,1684869207,28.7,11.1,97900,220,235,237,239,1.32,0
2023-05-23 15:19:45,1684869585,28.8,11.0,97800,1e-7,1e-7,1e-7,1e-7,0.415,0
2023-05-23 15:24:46,1684869886,28.9,11.3,97800,108,115,115,116,1.08,0
2023-05-23 15:29:47,1684870187,29.2,11.6,97800,255,270,270,270,3.06,0
2023-05-23 15:30:43,1684870244,29.4,11.0,97800,60.0,65.0,66.0,66.0,0.903,0
2023-05-23 15:39:53,1684870793,29.3,10.6,97800,2.00,4.00,7.00,9.00,0.764,0
2023-05-23 15:44:54,1684871094,29.2,10.9,97800,2.00,9.00,16.0,19.0,2.91,0
2023-05-23 15:48:39,1684871320,29.2,10.6,97800,4.00,5.00,8.00,9.00,1.75,0
2023-05-23 15:54:58,1684871698,29.1,10.9,97800,128,135,135,135,0.224,0
2023-05-23 15:59:59,1684871999,29.0,10.8,97800,168,181,184,186,4.53,0
2023-05-23 16:04:41,1684872282,29.0,10.9,97800,397,433,445,450,4.66,0
2023-05-23 16:05:55,1684872356,29.1,10.9,97800,479,511,515,517,1.88,0
2023-05-23 16:14:57,1684872897,28.9,10.3,97800,7.00,9.00,9.00,10.0,2.75,0
2023-05-23 16:19:58,1684873198,28.7,10.4,97725,6.00,8.00,10.0,10.0,8.43,0
2023-05-23 16:22:28,1684873349,28.5,10.7,97700,4.00,4.00,4.00,4.00,8.43,0
2023-05-23 16:29:44,1684873784,28.3,10.9,97700,38.0,40.0,40.0,40.0,4.42,0
2023-05-23 16:34:45,1684874086,28.3,10.8,97700,19.0,22.0,24.0,25.0,1.47,0
2023-05-23 16:39:46,1684874387,28.3,10.5,97700,8.00,8.00,8.00,9.00,1.53,0
2023-05-23 16:40:05,1684874405,28.3,9.47,97700,1.00,3.00,4.00,4.00,1.53,0
2023-05-23 16:49:52,1684874992,28.0,9.99,97700,172,182,182,182,1.53,0
2023-05-23 16:54:54,1684875294,27.9,10.8,97700,458,485,485,485,8.36,0
2023-05-23 16:57:24,1684875444,27.8,10.3,97700,49.0,54.0,56.0,57.0,9.40,0
2023-05-23 17:04:58,1684875898,27.2,11.2,97700,366,387,387,387,6.26,0
2023-05-23 17:09:41,1684876182,27.1,11.5,97600,231,251,256,259,3.34,0
2023-05-23 17:14:24,1684876465,26.9,11.1,97600,72.0,79.0,81.0,82.0,5.87,0
2023-05-23 17:19:48,1684876789,26.6,11.2,97600,16.0,21.0,24.0,25.0,8.05,0
2023-05-23 17:24:51,1684877091,26.6,11.2,97600,17.0,22.0,25.0,27.0,8.05,0
2023-05-23 17:29:54,1684877394,26.6,11.4,97600,115,123,124,125,4.88,0
2023-05-23 17:31:47,1684877507,26.5,11.3,97600,36.0,39.0,39.0,39.0,1.30,0
2023-05-23 17:39:49,1684877989,26.0,11.6,97600,29.0,33.0,35.0,36.0,2.71,0
2023-05-23 17:44:52,1684878292,26.0,11.8,97600,20.0,21.0,23.0,25.0,2.90,0
2023-05-23 17:47:43,1684878463,26.1,11.5,97600,147,158,160,162,1.78,0
2023-05-23 17:54:57,1684878898,26.0,12.8,97600,121,131,134,135,1.48,0
2023-05-23 17:59:41,1684879182,26.0,12.3,97600,255,284,295,301,10.6,0
2023-05-23 18:04:45,1684879485,25.8,12.0,97600,419,450,457,460,10.6,0
2023-05-23 18:09:49,1684879789,25.8,11.7,97600,203,218,221,223,2.28,0
2023-05-23 18:14:53,1684880093,25.5,11.7,97600,872,946,967,977,1.27,0
2023-05-23 18:19:57,1684880398,25.3,12.3,97600,646,689,694,696,1.45,0
2023-05-23 18:24:42,1684880683,25.1,12.1,97600,398,432,441,445,2.55,0
2023-05-23 18:29:46,1684880987,24.8,12.0,97600,517,551,554,556,2.85,0
2023-05-23 18:34:51,1684881292,24.5,12.5,97600,331,353,356,357,2.95,0
2023-05-23 18:39:56,1684881597,24.1,12.9,97600,501,544,556,562,1.74,0
2023-05-23 18:44:43,1684881883,23.8,12.7,97500,206,225,231,234,3.26,0
2023-05-23 18:49:48,1684882189,23.5,13.0,97500,215,227,227,227,3.71,0
2023-05-23 18:54:54,1684882494,23.3,13.5,97500,1315,1420,1444,1456,2.18,0
2023-05-23 18:59:59,1684882800,23.0,13.8,97500,237,277,299,311,3.10,0
2023-05-23 19:04:46,1684883087,22.9,13.9,97500,98.0,105,107,107,4.12,0
2023-05-23 19:09:52,1684883393,22.7,14.1,97500,680,745,767,778,4.71,0
2023-05-23 19:14:59,1684883699,22.5,14.3,97500,331,355,358,360,1.30,0
2023-05-23 19:19:46,1684883986,22.3,14.6,97500,805,884,911,924,1.40,0
2023-05-23 19:24:52,1684884293,22.0,14.9,97500,861,919,934,942,1.29,0
2023-05-23 19:29:59,1684884600,21.8,15.6,97500,942,1022,1043,1054,1.56,0
2023-05-23 19:34:47,1684884888,21.6,16.2,97500,656,715,732,740,1.82,0
2023-05-23 19:39:54,1684885195,21.5,16.0,97500,559,594,597,598,1.82,0
2023-05-23 19:44:42,1684885483,21.3,16.0,97500,254,271,274,281,2.39,0
2023-05-23 19:49:50,1684885790,21.2,16.1,97500,136,145,146,146,2.38,0
2023-05-23 19:54:57,1684886098,21.0,16.4,97500,280,300,303,305,2.33,0
2023-05-23 19:59:46,1684886386,20.9,17.1,97500,362,396,406,411,3.25,0
2023-05-23 20:03:37,1684886617,20.8,16.9,97500,109,117,119,122,4.30,0
2023-05-23 20:09:49,1684886990,20.6,17.3,97500,184,197,200,201,4.30,0
2023-05-23 20:14:57,1684887298,20.4,17.7,97500,315,347,358,364,3.60,0
2023-05-23 20:19:46,1684887587,20.2,17.8,97500,299,327,335,339,3.19,0
2023-05-23 20:24:55,1684887895,20.1,18.0,97494,72.0,78.0,81.0,82.0,6.06,0
2023-05-23 20:29:44,1684888184,19.9,18.2,97427,184,197,200,201,6.06,0
2023-05-23 20:34:52,1684888493,19.7,18.7,97400,235,253,256,258,3.70,0
2023-05-23 20:39:42,1684888782,19.5,18.8,97433,76.0,88.0,95.0,98.0,6.65,0
2023-05-23 20:44:51,1684889091,19.5,18.7,97400,52.0,55.0,56.0,56.0,4.22,0
2023-05-23 20:49:40,1684889381,19.5,18.4,97400,76.0,83.0,84.0,85.0,0.797,0
2023-05-23 20:54:49,1684889690,19.6,18.4,97400,64.0,69.0,70.0,71.0,0.772,0
2023-05-23 20:59:58,1684889999,19.6,18.6,97400,73.0,80.0,83.0,85.0,2.78,0
2023-05-23 21:04:47,1684890288,19.6,18.4,97400,32.0,35.0,35.0,35.0,2.78,0
2023-05-23 21:09:56,1684890597,19.5,18.4,97400,11.0,13.0,16.0,18.0,6.72,0
2023-05-23 21:14:54,1684890894,19.4,18.7,97400,17.0,22.0,25.0,27.0,6.72,0
2023-05-23 21:19:43,1684891184,19.2,18.9,97400,10.0,12.0,12.0,13.0,0.622,0
2023-05-23 21:24:52,1684891492,19.1,19.0,97400,7.00,10.0,13.0,14.0,0.312,0
2023-05-23 21:29:45,1684891786,18.9,19.0,97400,2.00,7.00,10.0,12.0,0.291,0
2023-05-23 21:34:36,1684892076,18.8,19.4,97400,4.00,5.00,6.00,6.00,0.259,0
2023-05-23 21:39:42,1684892382,18.7,19.6,97400,3.00,6.00,9.00,11.0,0.110,0
2023-05-23 21:44:51,1684892692,18.6,19.8,97400,2.00,6.00,9.00,10.0,0.0679,0
2023-05-23 21:49:41,1684892982,18.4,19.9,97400,3.00,7.00,11.0,13.0,0.0224,0
2023-05-23 21:54:45,1684893286,18.2,20.0,97400,2.00,3.00,5.00,6.00,0.0217,0
2023-05-23 21:59:54,1684893595,18.0,20.5,97400,3.00,4.00,7.00,9.00,0.0217,0
2023-05-23 22:04:45,1684893885,17.8,20.3,97400,5.00,5.00,5.00,6.00,0.0167,0
2023-05-23 22:09:55,1684894195,17.7,20.4,97400,5.00,6.00,8.00,9.00,0.0162,0
2023-05-23 22:14:07,1684894448,17.6,20.7,97400,6.00,8.00,10.0,11.0,0.0459,0
2023-05-23 22:19:47,1684894787,17.5,21.0,97400,8.00,10.0,11.0,12.0,0.0536,0
2023-05-23 22:24:54,1684895094,17.4,20.7,97400,5.00,8.00,12.0,14.0,0.0419,0
2023-05-23 22:29:48,1684895389,17.3,20.5,97369,5.00,7.00,9.00,11.0,0.0279,0
2023-05-23 22:34:59,1684895699,17.3,20.4,97307,2.00,3.00,4.00,4.00,0.0822,0
2023-05-23 22:39:50,1684895991,17.3,20.8,97320,3.00,4.00,6.00,8.00,0.0885,0
2023-05-23 22:44:41,1684896282,17.3,20.9,97300,6.00,7.00,7.00,7.00,0.0331,0
2023-05-23 22:49:52,1684896592,17.2,20.8,97300,4.00,4.00,7.00,8.00,0.0221,0
2023-05-23 22:54:50,1684896891,17.2,20.6,97300,4.00,5.00,7.00,9.00,0.0221,0
2023-05-23 22:59:41,1684897181,17.3,20.6,97300,4.00,7.00,11.0,14.0,0.0235,0
2023-05-23 23:04:53,1684897494,17.4,20.9,97300,2.00,5.00,8.00,9.00,0.0412,0
2023-05-23 23:09:44,1684897785,17.4,20.9,97300,5.00,8.00,14.0,17.0,0.0328,0
2023-05-23 23:14:55,1684898095,17.3,20.8,97300,4.00,10.0,16.0,19.0,0.0958,0
2023-05-23 23:19:46,1684898387,17.4,20.5,97300,2.00,4.00,5.00,5.00,0.104,0
2023-05-23 23:24:56,1684898697,17.5,20.5,97300,2.00,5.00,8.00,9.00,0.101,0
2023-05-23 23:29:47,1684898988,17.8,20.4,97300,3.00,3.00,4.00,5.00,0.0249,0
2023-05-23 23:34:57,1684899298,17.9,20.4,97300,5.00,5.00,7.00,9.00,0.0102,0
2023-05-23 23:39:48,1684899589,18.1,20.2,97300,2.00,5.00,7.00,8.00,0.0124,0
2023-05-23 23:44:58,1684899899,18.3,20.0,97288,3.00,5.00,8.00,10.0,0.0331,0
2023-05-23 23:49:29,1684900170,18.4,19.7,97243,4.00,5.00,7.00,8.00,0.0259,0
2023-05-23 23:54:38,1684900479,18.4,19.7,97200,4.00,5.00,7.00,9.00,0.0387,0
2023-05-23 23:59:54,1684900794,18.3,20.1,97200,6.00,6.00,9.00,11.0,0.0172,0
2023-05-24 00:04:44,1684901085,18.2,20.5,97200,5.00,7.00,10.0,12.0,0.0173,0
2023-05-24 00:09:54,1684901395,18.0,20.6,97200,5.00,6.00,7.00,7.00,0.0203,0
2023-05-24 00:14:45,1684901686,17.8,20.7,97200,3.00,7.00,10.0,12.0,0.0358,0
2023-05-24 00:19:43,1684901984,17.7,20.9,97200,3.00,4.00,5.00,6.00,0.0241,0
2023-05-24 00:24:54,1684902294,17.6,21.2,97200,5.00,5.00,5.00,6.00,0.0292,0
2023-05-24 00:29:44,1684902585,17.4,21.4,97200,3.00,4.00,7.00,8.00,0.0164,0
2023-05-24 00:34:55,1684902895,17.3,21.8,97200,3.00,8.00,13.0,15.0,0.0123,0
2023-05-24 00:39:46,1684903186,17.1,21.7,97200,2.00,5.00,7.00,8.00,0.0195,0
2023-05-24 00:44:58,1684903498,16.9,21.7,97200,4.00,5.00,6.00,7.00,0.0268,0
2023-05-24 00:49:34,1684903775,16.8,21.8,97200,5.00,7.00,9.00,10.0,0.0171,0
2023-05-24 00:54:53,1684904093,16.7,21.8,97200,4.00,5.00,9.00,11.0,0.0256,0
2023-05-24 00:59:44,1684904385,16.8,21.8,97187,5.00,6.00,9.00,10.0,0.0175,0
2023-05-24 01:04:55,1684904696,16.8,22.1,97121,4.00,5.00,8.00,9.00,0.0339,0
2023-05-24 01:09:46,1684904986,16.8,21.8,97108,4.00,5.00,6.00,6.00,0.0448,0
2023-05-24 01:14:56,1684905297,16.8,22.0,97100,3.00,6.00,9.00,11.0,0.0514,0
2023-05-24 01:19:48,1684905588,16.8,22.1,97100,4.00,5.00,5.00,6.00,0.0120,0
2023-05-24 01:24:58,1684905899,16.8,22.2,97100,5.00,8.00,11.0,12.0,0.0301,0
2023-05-24 01:29:50,1684906191,16.9,22.1,97100,3.00,7.00,9.00,11.0,0.0321,0
2023-05-24 01:34:48,1684906489,17.0,22.1,97100,4.00,9.00,13.0,15.0,0.0321,0
2023-05-24 01:39:59,1684906800,17.0,22.2,97100,3.00,5.00,8.00,9.00,0.0315,0
2023-05-24 01:44:50,1684907091,17.0,22.3,97100,3.00,10.0,16.0,18.0,0.0344,0
2023-05-24 01:49:42,1684907382,17.1,22.4,97127,5.00,7.00,9.00,11.0,0.0773,0
2023-05-24 01:54:53,1684907693,17.2,22.5,97173,2.00,7.00,11.0,13.0,0.0542,0
2023-05-24 01:59:44,1684907985,17.4,22.7,97162,4.00,5.00,6.00,6.00,0.0427,0
2023-05-24 02:04:54,1684908295,17.6,22.4,97171,4.00,7.00,9.00,10.0,0.0159,0
2023-05-24 02:09:52,1684908593,17.8,22.4,97127,7.00,9.00,11.0,12.0,0.0155,0
2023-05-24 02:14:42,1684908883,17.8,22.3,97100,3.00,4.00,7.00,8.00,0.0155,0
2023-05-24 02:19:53,1684909193,17.9,22.6,97100,5.00,8.00,10.0,12.0,0.0196,0
2023-05-24 02:24:43,1684909484,17.9,22.7,97100,3.00,4.00,5.00,5.00,0.0262,0
2023-05-24 02:29:42,1684909783,17.8,22.5,97100,3.00,4.00,4.00,5.00,0.0206,0
2023-05-24 02:34:42,1684910083,17.9,22.8,97100,3.00,4.00,6.00,7.00,0.0150,0
2023-05-24 02:39:52,1684910393,18.0,22.8,97100,4.00,5.00,5.00,5.00,0.0108,0
2023-05-24 02:44:04,1684910645,18.1,22.9,97100,4.00,6.00,9.00,11.0,0.0189,0
2023-05-24 02:49:52,1684910993,18.1,23.3,97100,7.00,13.0,17.0,20.0,0.0663,0
2023-05-24 02:54:43,1684911283,18.0,23.3,97100,5.00,6.00,8.00,8.00,0.0464,0
2023-05-24 02:59:42,1684911582,17.9,23.2,97100,3.00,5.00,6.00,7.00,0.0516,0
2023-05-24 03:04:52,1684911892,17.7,24.1,97100,3.00,7.00,11.0,13.0,0.0126,0
2023-05-24 03:09:43,1684912183,17.5,24.0,97100,5.00,10.0,16.0,18.0,0.0491,0
2023-05-24 03:14:53,1684912494,17.2,24.3,97056,4.00,5.00,6.00,7.00,0.0624,0
2023-05-24 03:19:45,1684912785,16.9,24.8,97060,6.00,8.00,9.00,11.0,0.0641,0
2023-05-24 03:24:56,1684913096,16.6,25.2,97044,6.00,10.0,14.0,16.0,0.0444,0
2023-05-24 03:29:55,1684913395,16.4,25.4,97060,4.00,6.00,8.00,9.00,0.0298,0
2023-05-24 03:34:47,1684913687,16.1,25.7,97067,4.00,6.00,8.00,9.00,0.0646,0
2023-05-24 03:39:58,1684913998,15.9,26.0,97063,4.00,6.00,7.00,8.00,0.0186,0
2023-05-24 03:44:50,1684914291,15.7,26.4,97100,4.00,6.00,8.00,9.00,0.0186,0
2023-05-24 03:49:42,1684914583,15.5,26.6,97100,5.00,6.00,8.00,9.00,0.0139,0
2023-05-24 03:54:54,1684914895,15.3,26.6,97100,6.00,10.0,12.0,14.0,0.0120,0
2023-05-24 03:59:47,1684915187,15.1,27.2,97100,4.00,4.00,5.00,5.00,0.0569,0
2023-05-24 04:04:59,1684915500,15.0,27.7,97100,5.00,7.00,9.00,10.0,0.0530,0
2023-05-24 04:09:52,1684915792,14.8,28.0,97100,5.00,6.00,8.00,9.00,0.0333,0
2023-05-24 04:14:45,1684916085,14.8,28.5,97007,6.00,8.00,10.0,12.0,0.0137,0
2023-05-24 04:19:57,1684916397,14.8,28.6,97038,4.00,7.00,11.0,12.0,0.0162,0
2023-05-24 04:24:50,1684916690,14.9,29.0,97100,4.00,5.00,6.00,7.00,0.0441,0
2023-05-24 04:29:42,1684916983,15.1,29.5,97100,7.00,9.00,15.0,18.0,0.0555,0
2023-05-24 04:34:55,1684917295,15.2,29.5,97075,7.00,8.00,10.0,12.0,0.0624,0
2023-05-24 04:39:47,1684917588,15.3,29.6,97000,3.00,5.00,6.00,7.00,0.0289,0
2023-05-24 04:44:59,1684917899,15.4,29.7,97031,5.00,6.00,7.00,8.00,0.0298,0
2023-05-24 04:49:51,1684918192,15.5,30.0,97100,4.00,5.00,6.00,7.00,0.0151,0
2023-05-24 04:54:44,1684918484,15.6,30.3,97100,4.00,7.00,8.00,9.00,0.0118,0
2023-05-24 04:59:56,1684918796,15.7,30.3,97100,6.00,8.00,9.00,10.0,0.0233,0
2023-05-24 05:04:58,1684919098,15.8,30.7,97067,5.00,6.00,7.00,8.00,0.0266,0
2023-05-24 05:09:53,1684919394,15.9,31.0,97000,4.00,7.00,9.00,10.0,0.0548,0
2023-05-24 05:14:44,1684919685,16.0,31.4,97000,8.00,11.0,14.0,15.0,0.0496,0
2023-05-24 05:19:55,1684919995,16.0,31.5,97036,3.00,5.00,7.00,7.00,0.0379,0
2023-05-24 05:24:46,1684920286,16.0,31.7,97077,5.00,6.00,6.00,7.00,0.0379,0
2023-05-24 05:29:57,1684920597,16.0,31.9,97043,3.00,6.00,9.00,10.0,0.0159,0
2023-05-24 05:34:49,1684920889,16.0,32.7,97000,3.00,5.00,8.00,9.00,0.0184,0
2023-05-24 05:39:40,1684921181,16.0,33.2,97000,3.00,5.00,6.00,7.00,0.0230,0
2023-05-24 05:40:27,1684921227,16.0,33.5,97000,1.00,1.00,2.00,2.00,0.0230,0
2023-05-24 05:54:52,1684922093,16.0,34.4,97011,2.00,4.00,5.00,6.00,0.0230,0
2023-05-24 05:59:44,1684922385,16.1,34.6,97100,6.00,7.00,7.00,7.00,0.0188,0
2023-05-24 06:04:54,1684922695,16.1,35.0,97100,4.00,9.00,12.0,14.0,0.0186,0
2023-05-24 06:09:46,1684922987,16.2,35.3,97100,5.00,9.00,11.0,13.0,0.0325,0
2023-05-24 06:14:58,1684923298,16.2,35.9,97100,4.00,5.00,7.00,9.00,0.0270,0
2023-05-24 06:19:30,1684923570,16.2,36.7,97100,4.00,9.00,12.0,14.0,0.0223,0
2023-05-24 06:48:50,1684925331,16.0,39.9,97100,5.00,5.00,7.00,8.00,,
2023-05-24 13:04:47,1684947887,22.9,25.0,97400,1e-7,1e-7,1e-7,1e-7,,
2023-05-24 13:09:51,1684948192,22.8,25.0,97400,2.00,3.00,6.00,7.00,,
2023-05-24 13:19:53,1684948794,23.3,24.3,97400,1e-7,2.00,3.00,4.00,,
2023-05-24 13:24:57,1684949098,23.5,23.9,97400,1e-7,2.00,3.00,4.00,0.0123,0
2023-05-24 13:27:48,1684949269,23.6,23.1,97400,1e-7,2.00,4.00,4.00,0.0145,0
2023-05-24 13:39:42,1684949982,23.6,22.2,97387,1.00,4.00,7.00,8.00,0.0145,0
2023-05-24 13:44:46,1684950286,24.0,22.8,97400,2.00,2.00,4.00,4.00,0.0139,0
2023-05-24 13:45:42,1684950342,24.2,22.0,97400,1.00,5.00,8.00,10.0,0.0133,0
2023-05-24 13:54:48,1684950889,24.3,21.7,97400,1.00,1.00,2.00,2.00,0.0133,0
2023-05-24 13:59:52,1684951192,24.3,21.3,97400,1.00,3.00,6.00,7.00,0.0206,0
2023-05-24 14:01:27,1684951287,24.3,20.8,97400,1.00,2.00,4.00,5.00,0.00918,0
2023-05-24 14:09:47,1684951787,24.3,21.0,97400,1e-7,1.00,1.00,1.00,0.00758,0
2023-05-24 14:14:51,1684952091,24.4,21.0,97300,2.00,3.00,6.00,7.00,0.0133,0
2023-05-24 14:18:39,1684952319,24.4,20.4,97375,1.00,3.00,6.00,7.00,0.0203,0
2023-05-24 14:29:59,1684952999,24.1,20.1,97400,2.00,2.00,4.00,5.00,0.0203,0
2023-05-24 14:34:52,1684953292,23.6,20.4,97400,1.00,2.00,3.00,4.00,0.0197,0
2023-05-24 14:36:08,1684953368,23.4,21.0,97400,3.00,3.00,3.00,4.00,0.0121,0
2023-05-24 14:44:51,1684953891,23.1,21.0,97400,1e-7,2.00,3.00,4.00,0.0122,0
2023-05-24 14:49:56,1684954196,22.9,20.1,97400,1.00,2.00,3.00,3.00,0.0117,0
2023-05-24 14:54:03,1684954444,22.6,20.9,97400,2.00,2.00,3.00,4.00,0.00995,0
2023-05-24 15:04:45,1684955086,22.0,21.3,97400,1.00,2.00,3.00,4.00,0.00995,0
2023-05-24 15:09:51,1684955391,21.8,21.7,97400,1.00,2.00,3.00,4.00,0.00995,0
2023-05-24 15:11:45,1684955505,21.8,21.3,97400,1e-7,1.00,1.00,1.00,0.00995,0
2023-05-24 15:19:42,1684955983,21.5,21.5,97400,2.00,2.00,3.00,4.00,0.00995,0
2023-05-24 15:24:48,1684956288,21.4,21.8,97400,1.00,3.00,6.00,7.00,0.0136,0
2023-05-24 15:27:21,1684956441,21.5,21.4,97400,2.00,3.00,4.00,4.00,0.0136,0
2023-05-24 15:39:52,1684957193,21.5,22.1,97400,1.00,1.00,3.00,3.00,0.0119,0
2023-05-24 15:44:39,1684957479,21.6,21.7,97400,1e-7,4.00,7.00,9.00,0.0139,0
2023-05-24 15:54:54,1684958094,21.3,21.6,97400,2.00,5.00,8.00,10.0,0.0154,0
2023-05-24 15:59:43,1684958383,21.2,21.5,97400,1.00,3.00,6.00,7.00,0.0179,0
2023-05-24 16:00:47,1684958448,21.1,21.7,97400,1e-7,1.00,3.00,3.00,0.0144,0
2023-05-24 16:14:44,1684959285,20.9,21.9,97500,1.00,2.00,3.00,4.00,0.0126,0
2023-05-24 16:19:32,1684959572,20.9,22.1,97487,1.00,2.00,4.00,4.00,0.0265,0
2023-05-24 16:34:55,1684960496,20.7,21.8,97486,1.00,3.00,6.00,7.00,0.0137,0
2023-05-24 16:38:06,1684960687,20.6,21.6,97450,1.00,1.00,3.00,3.00,0.0104,0
2023-05-24 16:44:48,1684961089,20.2,21.8,97500,2.00,2.00,3.00,4.00,0.0115,0
2023-05-24 16:49:56,1684961396,19.9,21.8,97500,1.00,2.00,3.00,4.00,0.0109,0
2023-05-24 16:54:53,1684961693,19.7,22.0,97500,1.00,2.00,4.00,5.00,0.0100,0
2023-05-24 16:55:12,1684961712,19.6,22.2,97500,1e-7,1e-7,1e-7,1e-7,0.0100,0
2023-05-24 17:04:47,1684962288,19.4,22.5,97500,1.00,3.00,6.00,7.00,0.0112,0
2023-05-24 17:09:55,1684962596,19.3,22.5,97500,1.00,4.00,7.00,8.00,0.0120,0
2023-05-24 17:11:12,1684962673,19.2,22.4,97500,1.00,3.00,4.00,4.00,0.0103,0
2023-05-24 17:19:50,1684963191,18.8,22.6,97500,1e-7,1.00,2.00,3.00,0.0140,0
2023-05-24 17:24:58,1684963499,18.7,22.4,97500,1.00,8.00,15.0,18.0,0.0162,0
2023-05-24 17:29:47,1684963787,18.4,22.9,97500,1.00,3.00,6.00,7.00,0.0208,0
2023-05-24 17:34:54,1684964095,18.0,23.2,97500,1e-7,1e-7,1e-7,1e-7,0.0217,0
2023-05-24 17:39:44,1684964384,18.0,23.3,97500,1.00,2.00,4.00,4.00,0.0220,0
2023-05-24 17:44:53,1684964693,17.9,23.2,97500,1e-7,2.00,4.00,5.00,0.0191,0
2023-05-24 17:45:51,1684964751,17.8,23.3,97500,1e-7,1.00,3.00,3.00,0.0106,0
2023-05-24 17:54:49,1684965290,17.6,23.6,97500,1.00,2.00,4.00,4.00,0.0106,0
2023-05-24 17:59:59,1684965599,17.5,23.9,97500,1.00,2.00,4.00,4.00,0.00989,0
2023-05-24 18:04:29,1684965869,17.3,23.9,97500,1.00,4.00,6.00,7.00,0.0104,0
2023-05-24 18:09:57,1684966197,17.1,23.8,97500,1e-7,2.00,3.00,4.00,0.00577,0
2023-05-24 18:14:47,1684966487,17.1,24.2,97500,1.00,2.00,3.00,4.00,0.0134,0
2023-05-24 18:19:37,1684966778,17.1,24.5,97500,1e-7,4.00,8.00,9.00,0.0154,0
2023-05-24 18:21:52,1684966912,17.2,24.4,97500,1.00,2.00,2.00,2.00,0.0158,0
2023-05-24 18:29:45,1684967385,17.5,24.0,97500,1e-7,1e-7,1e-7,1e-7,0.0153,0
2023-05-24 18:34:54,1684967695,17.6,23.8,97500,1e-7,2.00,4.00,5.00,0.0184,0
2023-05-24 18:38:46,1684967926,17.7,24.2,97500,1.00,4.00,8.00,9.00,0.0165,0
2023-05-24 18:44:54,1684968294,17.9,23.6,97500,1e-7,1e-7,1e-7,1e-7,0.0309,0
2023-05-24 18:49:43,1684968584,17.9,23.6,97500,1.00,4.00,7.00,8.00,0.0372,0
2023-05-24 18:54:53,1684968893,17.8,23.7,97500,1e-7,2.00,4.00,5.00,0.0258,0
2023-05-24 18:55:12,1684968913,17.8,23.6,97500,1e-7,1e-7,1e-7,1e-7,0.0238,0
2023-05-24 19:04:41,1684969482,17.6,23.9,97500,1.00,2.00,3.00,3.00,0.0238,0
2023-05-24 19:09:51,1684969791,17.5,23.9,97500,1.00,6.00,9.00,11.0,0.0147,0
2023-05-24 19:14:41,1684970082,17.2,24.3,97500,1.00,2.00,3.00,4.00,0.0163,0
2023-05-24 19:19:15,1684970356,17.0,24.5,97500,1.00,2.00,3.00,4.00,0.0163,0
2023-05-24 19:24:44,1684970684,16.8,24.8,97507,1.00,2.00,4.00,4.00,0.0165,0
2023-05-24 19:29:54,1684970994,16.6,25.3,97569,1.00,2.00,4.00,5.00,0.0103,0
2023-05-24 19:34:45,1684971285,16.4,25.7,97600,1.00,2.00,3.00,4.00,0.0103,0
2023-05-24 19:39:56,1684971596,16.2,25.9,97600,1.00,4.00,7.00,8.00,0.00995,0
2023-05-24 19:44:47,1684971888,15.9,25.9,97600,1.00,2.00,3.00,4.00,0.0102,0
2023-05-24 19:49:58,1684972199,15.5,26.3,97600,1e-7,2.00,4.00,4.00,0.0119,0
2023-05-24 19:54:51,1684972491,15.1,26.9,97600,1e-7,1.00,3.00,3.00,0.00995,0
2023-05-24 19:59:43,1684972783,14.8,27.2,97600,1e-7,2.00,4.00,4.00,0.00995,0
2023-05-24 20:04:55,1684973096,14.4,27.6,97600,1.00,3.00,6.00,7.00,0.0145,0
2023-05-24 20:09:48,1684973389,14.0,28.1,97600,1.00,4.00,7.00,9.00,0.0248,0
2023-05-24 20:14:42,1684973682,13.6,28.4,97600,1e-7,2.00,4.00,5.00,0.0155,0
2023-05-24 20:19:55,1684973996,13.3,28.8,97600,1e-7,2.00,3.00,4.00,0.0194,0
2023-05-24 20:24:49,1684974290,13.0,29.2,97600,1e-7,1.00,3.00,3.00,0.0109,0
2023-05-24 20:29:45,1684974586,12.6,29.8,97600,1e-7,3.00,6.00,7.00,0.00995,0
2023-05-24 20:34:59,1684974900,12.4,30.1,97600,1e-7,2.00,3.00,4.00,0.0101,0
2023-05-24 20:39:54,1684975194,12.1,30.6,97600,1e-7,2.00,3.00,3.00,0.0101,0
2023-05-24 20:44:41,1684975482,11.8,30.9,97600,1e-7,2.00,4.00,4.00,0.0112,0
2023-05-24 20:49:57,1684975797,11.5,31.5,97600,1e-7,2.00,3.00,4.00,0.00995,0
2023-05-24 20:54:50,1684976091,11.2,31.8,97600,1e-7,1.00,1.00,2.00,0.00995,0
2023-05-24 20:57:28,1684976248,11.0,32.2,97600,1e-7,2.00,4.00,5.00,0.00995,0
2023-05-24 21:04:43,1684976684,10.7,32.7,97600,1e-7,2.00,3.00,4.00,0.00989,0
2023-05-24 21:09:42,1684976982,10.5,33.2,97600,1.00,7.00,12.0,14.0,0.0143,0
2023-05-24 21:14:43,1684977284,10.3,33.6,97600,1e-7,2.00,3.00,4.00,0.0143,0
2023-05-24 21:19:46,1684977587,10.2,33.9,97600,1.00,2.00,3.00,4.00,0.0166,0
2023-05-24 21:22:05,1684977725,10.1,34.1,97600,1.00,2.00,4.00,4.00,0.00995,0
2023-05-24 21:34:50,1684978491,9.89,35.0,97600,1e-7,2.00,3.00,4.00,0.00995,0
2023-05-24 21:39:46,1684978787,9.89,35.5,97600,1e-7,2.00,3.00,3.00,0.00995,0
2023-05-24 21:44:41,1684979081,9.92,35.6,97600,1e-7,4.00,8.00,9.00,0.00995,0
2023-05-24 21:49:57,1684979398,9.93,35.8,97600,1e-7,2.00,3.00,4.00,0.0116,0
2023-05-24 21:54:42,1684979682,9.94,35.8,97600,1e-7,4.00,8.00,9.00,0.0140,0
2023-05-24 21:59:56,1684979997,9.96,35.9,97600,1e-7,1e-7,1e-7,1e-7,0.0140,0
2023-05-24 22:04:52,1684980292,9.98,36.3,97600,1e-7,2.00,4.00,4.00,0.00995,0
2023-05-24 22:09:47,1684980587,10.0,36.4,97600,1e-7,2.00,4.00,4.00,0.00995,0
2023-05-24 22:14:43,1684980884,10.0,36.4,97600,1e-7,2.00,4.00,4.00,0.00995,0
2023-05-24 22:19:59,1684981200,9.97,36.6,97600,1.00,7.00,11.0,14.0,0.0101,0
2023-05-24 22:24:54,1684981494,9.96,36.8,97600,1e-7,3.00,6.00,7.00,0.0231,0
2023-05-24 22:29:57,1684981797,9.97,37.0,97600,1e-7,4.00,7.00,9.00,0.0157,0
2023-05-24 22:34:56,1684982097,9.98,37.1,97600,1e-7,3.00,6.00,7.00,0.0175,0
2023-05-24 22:39:53,1684982393,10.0,37.4,97600,1e-7,2.00,4.00,4.00,0.0117,0
2023-05-24 22:44:49,1684982689,10.0,37.4,97600,1.00,2.00,4.00,4.00,0.0113,0
2023-05-24 22:49:52,1684982993,10.0,37.6,97600,1.00,1.00,1.00,1.00,0.0113,0
2023-05-24 22:54:47,1684983287,10.1,37.5,97600,1e-7,2.00,3.00,3.00,0.00995,0
2023-05-24 22:59:43,1684983584,10.1,37.7,97600,1e-7,1.00,3.00,3.00,0.00995,0
2023-05-24 23:04:59,1684983900,10.1,37.7,97600,2.00,2.00,2.00,2.00,0.00995,0
2023-05-24 23:09:45,1684984185,10.1,38.0,97600,1e-7,2.00,3.00,4.00,0.00995,0
2023-05-24 23:14:48,1684984488,10.1,38.2,97600,1e-7,2.00,3.00,4.00,0.00995,0
2023-05-24 23:19:42,1684984783,10.1,38.1,97600,1e-7,3.00,6.00,7.00,0.0106,0
2023-05-24 23:24:58,1684985099,10.1,38.4,97600,1.00,2.00,4.00,5.00,0.0130,0
2023-05-24 23:29:55,1684985395,10.2,38.6,97600,1e-7,1.00,3.00,3.00,0.0122,0
2023-05-24 23:34:57,1684985697,10.2,38.7,97600,1e-7,2.00,4.00,4.00,0.0127,0
2023-05-24 23:39:13,1684985954,10.2,38.7,97600,1e-7,1.00,3.00,3.00,0.0101,0
2023-05-24 23:44:54,1684986295,10.2,38.8,97600,1e-7,2.00,4.00,4.00,0.00995,0
2023-05-24 23:49:51,1684986591,10.2,38.7,97600,1e-7,2.00,4.00,4.00,0.00995,0
2023-05-24 23:54:54,1684986894,10.1,39.1,97600,1e-7,2.00,3.00,4.00,0.00995,0
2023-05-24 23:59:56,1684987197,10.0,38.9,97600,1e-7,1e-7,1e-7,1e-7,0.00995,0
2023-05-25 00:04:53,1684987493,9.93,39.0,97600,1e-7,2.00,4.00,5.00,0.0101,0
2023-05-25 00:05:32,1684987533,9.89,39.2,97600,1e-7,1e-7,1e-7,1e-7,0.0101,0
2023-05-25 00:19:57,1684988398,9.72,39.7,97600,1e-7,1e-7,1e-7,1e-7,0.0101,0
2023-05-25 00:24:54,1684988694,9.66,39.7,97600,1e-7,4.00,7.00,9.00,0.0101,0
2023-05-25 00:29:50,1684988991,9.59,40.0,97600,1e-7,2.00,4.00,5.00,0.0147,0
2023-05-25 00:34:45,1684989286,9.54,40.2,97600,1.00,2.00,3.00,4.00,0.0147,0
2023-05-25 00:39:42,1684989582,9.48,40.4,97600,1e-7,2.00,3.00,4.00,0.0124,0
2023-05-25 00:44:57,1684989897,9.46,40.5,97600,1.00,1.00,1.00,1.00,0.0101,0
2023-05-25 00:49:52,1684990192,9.43,40.7,97600,1e-7,1e-7,1e-7,1e-7,0.00995,0
2023-05-25 00:54:55,1684990496,9.40,40.6,97600,1.00,6.00,9.00,11.0,0.0110,0
2023-05-25 00:59:52,1684990793,9.40,40.9,97600,1e-7,2.00,4.00,5.00,0.0224,0
2023-05-25 01:04:49,1684991089,9.43,40.8,97600,1e-7,2.00,4.00,5.00,0.0224,0
2023-05-25 01:09:44,1684991384,9.42,40.6,97600,1e-7,2.00,3.00,4.00,0.0207,0
2023-05-25 01:14:58,1684991699,9.43,40.7,97600,1e-7,1e-7,1e-7,1e-7,0.0100,0
2023-05-25 01:19:55,1684991996,9.45,40.8,97600,1.00,2.00,3.00,3.00,0.0101,0
2023-05-25 01:24:32,1684992272,9.45,41.0,97600,1e-7,1e-7,1e-7,1e-7,0.00995,0
2023-05-25 01:29:50,1684992590,9.45,41.0,97600,1e-7,2.00,4.00,5.00,0.00995,0
2023-05-25 01:34:46,1684992887,9.46,40.9,97600,1.00,2.00,4.00,4.00,0.0103,0
2023-05-25 01:39:43,1684993183,9.47,40.9,97600,1e-7,2.00,3.00,4.00,0.0104,0
2023-05-25 01:44:59,1684993499,9.51,40.7,97600,1e-7,1.00,3.00,3.00,0.0103,0
2023-05-25 01:49:56,1684993797,9.59,40.8,97600,1e-7,2.00,3.00,4.00,0.00995,0
2023-05-25 01:54:20,1684994060,9.65,40.7,97600,1.00,2.00,3.00,4.00,0.00995,0
2023-05-25 01:59:54,1684994395,9.78,40.4,97600,1.00,2.00,4.00,4.00,0.00995,0
2023-05-25 02:04:49,1684994690,9.93,40.6,97600,1.00,3.00,4.00,4.00,0.00998,0
2023-05-25 02:09:45,1684994986,10.1,40.1,97600,1e-7,3.00,6.00,7.00,0.0119,0
2023-05-25 02:14:40,1684995281,10.2,39.8,97600,1.00,2.00,4.00,4.00,0.0119,0
2023-05-25 02:19:44,1684995585,10.2,39.6,97600,1.00,4.00,6.00,7.00,0.0120,0
2023-05-25 02:24:40,1684995881,10.3,39.7,97600,2.00,2.00,3.00,4.00,0.0109,0
2023-05-25 02:29:56,1684996196,10.4,39.4,97600,1.00,2.00,3.00,4.00,0.0109,0
2023-05-25 02:34:52,1684996492,10.4,39.4,97600,1.00,3.00,4.00,5.00,0.00995,0
2023-05-25 02:39:46,1684996787,10.4,39.1,97600,1e-7,2.00,3.00,4.00,0.00995,0
2023-05-25 02:44:42,1684997083,10.5,39.1,97600,1.00,3.00,6.00,7.00,0.0104,0
2023-05-25 02:49:58,1684997398,10.5,39.1,97600,1.00,3.00,5.00,6.00,0.0111,0
2023-05-25 02:54:14,1684997655,10.5,39.2,97600,1.00,4.00,7.00,9.00,0.0170,0
2023-05-25 02:59:47,1684997988,10.5,39.1,97600,1.00,3.00,6.00,7.00,0.0229,0
2023-05-25 03:04:43,1684998284,10.5,39.0,97600,2.00,4.00,7.00,9.00,0.0200,0
2023-05-25 03:09:58,1684998599,10.5,39.1,97600,1.00,3.00,6.00,7.00,0.0167,0
2023-05-25 03:14:34,1684998875,10.5,38.8,97600,1.00,2.00,3.00,4.00,0.0167,0
2023-05-25 03:19:49,1684999189,10.5,38.6,97600,2.00,3.00,6.00,7.00,0.0167,0
2023-05-25 03:24:43,1684999484,10.5,38.7,97600,1.00,2.00,3.00,4.00,0.0103,0
2023-05-25 03:29:59,1684999799,10.5,38.8,97600,1.00,4.00,6.00,7.00,0.0121,0
2023-05-25 03:34:54,1685000095,10.5,38.9,97600,1.00,3.00,4.00,5.00,0.0111,0
2023-05-25 03:39:57,1685000397,10.5,38.8,97600,2.00,3.00,5.00,6.00,0.0110,0
2023-05-25 03:44:52,1685000692,10.5,38.6,97600,1.00,3.00,6.00,7.00,0.0114,0
2023-05-25 03:49:47,1685000988,10.5,38.6,97600,1.00,2.00,4.00,5.00,0.0104,0
2023-05-25 03:54:43,1685001284,10.5,38.6,97600,2.00,4.00,6.00,7.00,0.0115,0
2023-05-25 03:55:23,1685001323,10.5,38.4,97600,1.00,3.00,6.00,7.00,0.0102,0
2023-05-25 04:09:47,1685002187,10.3,38.5,97600,1e-7,2.00,4.00,5.00,0.0102,0
2023-05-25 04:14:42,1685002483,10.2,38.6,97600,2.00,4.00,6.00,7.00,0.0152,0
2023-05-25 04:19:45,1685002785,10.1,38.7,97600,1.00,2.00,3.00,4.00,0.0130,0
2023-05-25 04:24:08,1685003049,9.89,39.0,97600,1.00,6.00,10.0,12.0,0.0159,0
2023-05-25 04:29:41,1685003381,9.70,39.0,97600,1.00,2.00,4.00,5.00,0.0199,0
2023-05-25 04:34:57,1685003698,9.49,39.1,97600,1.00,3.00,4.00,5.00,0.0214,0
2023-05-25 04:39:53,1685003993,9.30,39.4,97600,1.00,3.00,6.00,7.00,0.0164,0
2023-05-25 04:44:57,1685004297,9.12,39.9,97600,1.00,3.00,6.00,7.00,0.0146,0
2023-05-25 04:49:54,1685004594,8.95,40.1,97600,1.00,6.00,10.0,11.0,0.0131,0
2023-05-25 04:54:49,1685004889,8.84,40.3,97600,1.00,4.00,6.00,7.00,0.0117,0
2023-05-25 04:59:46,1685005186,8.75,40.3,97600,2.00,3.00,4.00,4.00,0.0117,0
2023-05-25 05:04:43,1685005483,8.68,40.6,97600,1.00,2.00,3.00,3.00,0.0159,0
2023-05-25 05:09:40,1685005780,8.66,40.6,97600,1.00,4.00,6.00,7.00,0.0159,0
2023-05-25 05:14:57,1685006097,8.64,40.7,97600,1.00,3.00,6.00,7.00,0.0182,0
2023-05-25 05:19:12,1685006353,8.64,40.8,97600,2.00,3.00,4.00,5.00,0.0156,0
2023-05-25 06:28:38,1685010518,9.93,39.5,97700,2.00,2.00,3.00,4.00,,
2023-05-25 06:47:37,1685011658,11.9,37.6,97700,2.00,5.00,7.00,8.00,,
2023-05-25 09:09:49,1685020190,23.3,19.4,97800,1.00,3.00,6.00,7.00,,
2023-05-25 09:11:42,1685020303,23.4,19.5,97800,1.00,1.00,3.00,3.00,,
2023-05-25 09:19:58,1685020799,23.8,18.5,97800,1.00,2.00,4.00,4.00,,
2023-05-25 09:24:42,1685021083,23.9,18.0,97800,2.00,6.00,9.00,11.0,0.0196,0
2023-05-25 09:28:11,1685021291,23.9,18.2,97800,1.00,3.00,4.00,5.00,0.0115,0
2023-05-25 09:39:44,1685021985,24.2,17.9,97800,3.00,5.00,6.00,7.00,0.0174,0
2023-05-25 09:44:47,1685022288,24.4,17.9,97800,2.00,4.00,7.00,9.00,0.0146,0
2023-05-25 09:45:25,1685022325,24.6,17.5,97800,1e-7,1.00,1.00,2.00,0.00981,0
2023-05-25 09:54:46,1685022887,25.2,17.3,97800,1.00,3.00,4.00,5.00,0.0166,0
2023-05-25 09:59:48,1685023189,25.3,17.2,97800,1.00,3.00,6.00,7.00,0.0231,0
2023-05-25 10:02:56,1685023377,25.2,16.8,97800,1.00,2.00,4.00,4.00,0.0269,0
2023-05-25 10:09:54,1685023795,25.6,16.6,97800,1.00,1.00,1.00,1.00,0.0137,0
2023-05-25 10:14:56,1685024097,25.6,15.9,97800,2.00,3.00,5.00,7.00,0.0104,0
2023-05-25 10:19:02,1685024342,25.5,15.7,97800,4.00,5.00,5.00,5.00,0.0166,0
2023-05-25 10:34:55,1685025296,25.8,14.8,97800,1.00,3.00,5.00,7.00,0.0166,0
2023-05-25 10:37:26,1685025446,25.9,15.0,97700,2.00,2.00,4.00,5.00,0.0132,0
2023-05-25 10:44:59,1685025900,26.2,14.4,97700,1.00,2.00,4.00,5.00,0.0132,0
2023-05-25 10:49:42,1685026183,26.3,14.3,97700,1.00,2.00,3.00,3.00,0.00987,0
2023-05-25 10:54:33,1685026473,26.4,14.1,97700,1.00,3.00,6.00,7.00,0.0108,0
2023-05-25 11:04:45,1685027086,26.6,13.7,97700,2.00,5.00,7.00,8.00,0.00937,0
2023-05-25 11:09:51,1685027391,26.8,13.3,97700,2.00,4.00,6.00,7.00,0.0224,0
2023-05-25 11:10:29,1685027429,26.8,13.3,97700,1.00,1.00,1.00,1.00,0.0224,0
2023-05-25 11:19:42,1685027983,26.8,13.1,97700,2.00,2.00,3.00,3.00,0.0224,0
2023-05-25 11:24:44,1685028285,26.8,12.5,97700,2.00,7.00,12.0,14.0,0.0128,0
2023-05-25 11:26:56,1685028417,26.9,12.4,97700,2.00,5.00,8.00,10.0,0.0247,0
2023-05-25 11:34:48,1685028889,26.7,13.4,97700,1.00,1.00,1.00,1.00,0.0270,0
2023-05-25 11:39:50,1685029191,26.8,12.9,97700,2.00,4.00,6.00,7.00,0.0263,0
2023-05-25 11:44:53,1685029493,26.9,13.0,97700,2.00,2.00,3.00,3.00,0.0266,0
2023-05-25 11:45:49,1685029549,26.9,13.1,97700,1.00,2.00,3.00,3.00,0.0222,0
2023-05-25 11:54:49,1685030089,27.4,12.6,97700,1.00,4.00,7.00,9.00,0.0222,0
2023-05-25 11:59:51,1685030391,27.2,12.3,97700,2.00,4.00,6.00,8.00,0.0217,0
2023-05-25 12:02:40,1685030561,27.2,12.5,97700,2.00,6.00,10.0,11.0,0.0201,0
2023-05-25 12:09:58,1685030998,27.4,11.7,97700,3.00,3.00,3.00,3.00,0.0166,0
2023-05-25 12:14:44,1685031285,27.4,12.2,97700,2.00,3.00,6.00,7.00,0.0174,0
2023-05-25 12:19:46,1685031587,27.3,12.6,97700,3.00,6.00,8.00,9.00,0.0174,0
2023-05-25 12:20:05,1685031605,27.5,12.3,97700,1e-7,1e-7,1e-7,1e-7,0.0130,0
2023-05-25 12:29:52,1685032192,27.7,12.3,97700,2.00,7.00,11.0,14.0,0.0172,0
2023-05-25 12:34:53,1685032494,27.9,11.7,97700,2.00,3.00,5.00,7.00,0.0210,0
2023-05-25 12:37:05,1685032625,27.9,12.0,97700,1.00,2.00,3.00,4.00,0.0224,0
2023-05-25 12:44:41,1685033082,27.9,11.8,97700,2.00,3.00,5.00,5.00,0.0224,0
2023-05-25 12:49:42,1685033383,27.9,11.9,97700,2.00,2.00,3.00,4.00,0.0218,0
2023-05-25 12:54:25,1685033665,28.0,11.5,97700,1.00,4.00,5.00,6.00,0.0116,0
2023-05-25 13:04:52,1685034293,27.5,11.5,97700,1.00,1.00,2.00,3.00,0.0116,0
2023-05-25 13:09:54,1685034594,27.4,12.0,97700,1.00,5.00,8.00,10.0,0.0118,0
2023-05-25 13:10:50,1685034651,27.6,11.6,97700,2.00,2.00,2.00,2.00,0.00999,0
2023-05-25 13:19:43,1685035183,27.8,12.1,97700,2.00,2.00,2.00,2.00,0.0126,0
2023-05-25 13:24:44,1685035485,27.8,11.8,97688,4.00,6.00,7.00,8.00,0.0170,0
2023-05-25 13:27:34,1685035655,27.7,11.8,97644,1.00,3.00,4.00,5.00,0.0113,0
2023-05-25 13:39:44,1685036385,27.5,10.8,97700,2.00,2.00,2.00,3.00,0.0103,0
2023-05-25 13:44:50,1685036690,27.3,11.4,97700,1.00,3.00,5.00,6.00,0.00999,0
2023-05-25 13:45:27,1685036728,27.4,11.2,97600,1e-7,1.00,3.00,3.00,0.00904,0
2023-05-25 13:54:42,1685037282,27.2,12.0,97700,1.00,2.00,3.00,4.00,0.0129,0
2023-05-25 13:59:52,1685037593,27.4,12.1,97700,4.00,8.00,13.0,16.0,0.0150,0
2023-05-25 14:01:45,1685037706,27.5,11.7,97633,1.00,4.00,6.00,7.00,0.0472,0
2023-05-25 14:14:49,1685038489,26.5,12.4,97700,2.00,2.00,3.00,3.00,0.0607,0
2023-05-25 14:19:40,1685038781,26.4,12.4,97667,2.00,3.00,4.00,4.00,0.0515,0
2023-05-25 14:29:48,1685039389,26.9,12.3,97667,1.00,3.00,6.00,7.00,0.0585,0
2023-05-25 14:34:51,1685039691,27.1,12.2,97700,1.00,2.00,3.00,4.00,0.0259,0
2023-05-25 14:36:25,1685039785,27.3,12.4,97620,1.00,2.00,3.00,3.00,0.0110,0
2023-05-25 14:44:46,1685040286,27.5,12.7,97700,1e-7,1e-7,1.00,1.00,0.0118,0
2023-05-25 14:49:47,1685040588,27.5,12.4,97700,3.00,8.00,12.0,14.0,0.0180,0
2023-05-25 14:54:30,1685040870,27.4,12.6,97700,1.00,2.00,4.00,4.00,0.0212,0
2023-05-25 15:04:38,1685041478,27.9,12.4,97700,2.00,4.00,5.00,6.00,0.0171,0
2023-05-25 15:09:58,1685041799,28.0,12.2,97700,2.00,4.00,6.00,7.00,0.0124,0
2023-05-25 15:10:36,1685041836,27.8,12.2,97700,1.00,2.00,2.00,3.00,0.0101,0
2023-05-25 15:19:45,1685042385,27.3,11.9,97700,2.00,3.00,5.00,7.00,0.0112,0
2023-05-25 15:24:55,1685042696,26.9,12.4,97700,1.00,3.00,4.00,5.00,0.0112,0
2023-05-25 15:27:26,1685042847,26.9,12.6,97700,2.00,2.00,3.00,4.00,0.0146,0
2023-05-25 15:34:45,1685043285,26.2,12.2,97700,2.00,2.00,2.00,2.00,0.0105,0
2023-05-25 15:39:48,1685043588,25.8,12.7,97700,2.00,4.00,6.00,7.00,0.0102,0
2023-05-25 15:44:59,1685043900,25.7,13.2,97700,2.00,4.00,6.00,8.00,0.0166,0
2023-05-25 15:45:55,1685043956,26.0,13.0,97700,2.00,2.00,4.00,4.00,0.0166,0
2023-05-25 15:54:56,1685044497,26.4,13.0,97700,2.00,2.00,2.00,2.00,0.0166,0
2023-05-25 15:59:59,1685044799,26.3,12.8,97700,2.00,4.00,8.00,9.00,0.0157,0
2023-05-25 16:03:07,1685044988,26.0,12.5,97700,2.00,4.00,6.00,6.00,0.0104,0
2023-05-25 16:09:46,1685045386,25.6,12.9,97700,1.00,2.00,4.00,5.00,0.0127,0
2023-05-25 16:14:56,1685045697,25.7,13.1,97700,4.00,5.00,7.00,8.00,0.0106,0
2023-05-25 16:19:58,1685045999,26.0,12.9,97700,2.00,3.00,4.00,5.00,0.0149,0
2023-05-25 16:20:17,1685046018,26.3,12.8,97700,1.00,1.00,1.00,1.00,0.00955,0
2023-05-25 16:29:50,1685046590,26.7,12.7,97700,2.00,3.00,4.00,4.00,0.0145,0
2023-05-25 16:34:41,1685046882,27.0,12.6,97700,3.00,3.00,3.00,3.00,0.0133,0
2023-05-25 16:37:12,1685047032,27.3,12.6,97700,2.00,4.00,4.00,5.00,0.0108,0
2023-05-25 16:44:47,1685047488,27.5,12.1,97700,1e-7,4.00,7.00,9.00,0.0108,0
2023-05-25 16:49:50,1685047790,27.4,11.9,97679,2.00,3.00,4.00,4.00,0.0118,0
2023-05-25 16:53:37,1685048017,27.3,12.2,97700,4.00,6.00,7.00,7.00,0.0130,0
2023-05-25 16:59:41,1685048382,27.4,12.0,97700,1e-7,1e-7,1e-7,1e-7,0.00828,0
2023-05-25 17:04:43,1685048684,27.3,12.0,97700,2.00,6.00,9.00,11.0,0.0117,0
2023-05-25 17:09:45,1685048986,27.1,12.2,97700,2.00,3.00,3.00,4.00,0.0176,0
2023-05-25 17:10:04,1685049005,27.0,12.4,97700,2.00,3.00,3.00,3.00,0.0105,0
2023-05-25 17:24:52,1685049892,26.8,11.9,97700,2.00,4.00,5.00,6.00,0.0105,0
2023-05-25 17:27:45,1685050065,26.4,12.1,97700,1.00,2.00,4.00,4.00,0.0113,0
2023-05-25 17:34:55,1685050496,25.8,12.4,97700,2.00,2.00,3.00,3.00,0.0111,0
2023-05-25 17:39:58,1685050799,25.5,12.7,97700,2.00,4.00,6.00,7.00,0.0109,0
2023-05-25 17:44:43,1685051083,25.1,12.8,97700,1.00,3.00,4.00,5.00,0.0136,0
2023-05-25 17:45:21,1685051121,24.8,13.0,97700,1.00,1.00,1.00,1.00,0.0107,0
2023-05-25 17:54:45,1685051686,24.5,13.2,97700,2.00,6.00,11.0,13.0,0.0147,0
2023-05-25 17:59:49,1685051990,24.6,13.4,97700,1.00,2.00,4.00,4.00,0.0212,0
2023-05-25 18:02:02,1685052123,24.8,13.2,97700,2.00,5.00,8.00,10.0,0.0212,0
2023-05-25 18:09:45,1685052586,24.9,12.7,97700,1.00,2.00,3.00,4.00,0.0109,0
2023-05-25 18:14:49,1685052890,24.5,13.0,97700,3.00,3.00,5.00,6.00,0.0143,0
2023-05-25 18:19:53,1685053194,24.0,13.2,97700,3.00,4.00,6.00,7.00,0.0172,0
2023-05-25 18:24:48,1685053489,23.5,13.5,97700,1.00,3.00,4.00,5.00,0.0147,0
2023-05-25 18:29:59,1685053800,23.2,13.5,97700,2.00,4.00,7.00,9.00,0.0107,0
2023-05-25 18:34:46,1685054086,22.8,13.9,97700,2.00,2.00,3.00,4.00,0.0117,0
2023-05-25 18:39:51,1685054392,22.5,13.9,97700,3.00,3.00,5.00,5.00,0.0125,0
2023-05-25 18:44:40,1685054681,22.1,14.2,97700,3.00,4.00,6.00,7.00,0.0125,0
2023-05-25 18:49:47,1685054987,21.9,14.2,97700,3.00,5.00,9.00,10.0,0.0227,0
2023-05-25 18:54:43,1685055284,21.6,14.4,97700,2.00,5.00,8.00,9.00,0.0227,0
2023-05-25 18:59:41,1685055582,21.3,14.6,97700,1.00,5.00,7.00,9.00,0.0287,0
2023-05-25 19:04:48,1685055889,20.8,14.3,97700,2.00,4.00,5.00,6.00,0.0361,0
2023-05-25 19:09:56,1685056196,20.3,14.6,97700,2.00,3.00,5.00,6.00,0.0163,0
2023-05-25 19:14:44,1685056485,19.9,17.1,97700,2.00,3.00,3.00,4.00,0.0119,0
2023-05-25 19:19:53,1685056794,19.3,18.0,97700,2.00,3.00,4.00,5.00,0.0135,0
2023-05-25 19:24:43,1685057083,18.6,18.9,97700,1.00,4.00,7.00,8.00,0.0101,0
2023-05-25 19:29:40,1685057381,18.1,19.6,97800,2.00,3.00,3.00,4.00,0.0125,0
2023-05-25 19:34:50,1685057690,17.5,20.2,97800,1.00,6.00,10.0,12.0,0.0129,0
2023-05-25 19:39:40,1685057981,17.0,20.5,97800,1.00,3.00,6.00,7.00,0.0144,0
2023-05-25 19:44:50,1685058290,16.5,20.9,97800,2.00,5.00,7.00,8.00,0.0144,0
2023-05-25 19:49:41,1685058582,16.0,21.4,97800,1.00,4.00,7.00,8.00,0.0186,0
2023-05-25 19:54:52,1685058893,15.5,21.9,97800,2.00,7.00,11.0,13.0,0.0455,0
2023-05-25 19:59:44,1685059185,15.0,22.3,97800,1.00,4.00,5.00,6.00,0.0606,0
2023-05-25 20:04:56,1685059497,14.6,22.9,97800,2.00,6.00,11.0,13.0,0.0606,0
2023-05-25 20:09:49,1685059789,14.3,23.4,97800,1.00,3.00,6.00,7.00,0.0132,0
2023-05-25 20:14:48,1685060089,14.0,23.7,97800,1.00,3.00,4.00,4.00,0.0158,0
2023-05-25 20:19:41,1685060382,13.7,24.0,97800,2.00,4.00,6.00,7.00,0.0106,0
2023-05-25 20:24:54,1685060695,13.3,24.5,97800,2.00,4.00,6.00,7.00,0.0143,0
2023-05-25 20:29:50,1685060990,12.9,25.0,97800,1.00,3.00,6.00,7.00,0.0143,0
2023-05-25 20:34:44,1685061284,12.6,25.5,97800,3.00,4.00,6.00,7.00,0.0156,0
2023-05-25 20:39:58,1685061598,12.2,26.0,97800,2.00,6.00,10.0,12.0,0.0186,0
2023-05-25 20:44:52,1685061893,11.9,26.6,97800,1.00,4.00,6.00,7.00,0.0331,0
2023-05-25 20:49:56,1685062197,11.7,26.8,97800,3.00,9.00,14.0,17.0,0.0181,0
2023-05-25 20:54:50,1685062490,11.5,27.2,97800,2.00,2.00,4.00,4.00,0.0361,0
2023-05-25 20:59:45,1685062785,11.3,27.6,97800,2.00,5.00,7.00,8.00,0.0342,0
2023-05-25 21:04:59,1685063100,11.2,28.1,97800,2.00,9.00,14.0,17.0,0.0295,0
2023-05-25 21:09:53,1685063394,11.2,28.6,97800,1.00,3.00,4.00,5.00,0.0246,0
2023-05-25 21:14:48,1685063689,11.2,28.7,97860,2.00,3.00,4.00,5.00,0.0246,0
2023-05-25 21:19:44,1685063984,11.3,28.8,97900,2.00,5.00,8.00,10.0,0.0177,0
2023-05-25 21:24:58,1685064299,11.3,28.8,97900,1.00,6.00,11.0,13.0,0.0176,0
2023-05-25 21:29:54,1685064594,11.3,28.9,97900,1.00,4.00,6.00,8.00,0.0176,0
2023-05-25 21:34:49,1685064889,11.3,29.0,97900,3.00,5.00,9.00,11.0,0.0148,0
2023-05-25 21:39:43,1685065184,11.3,29.2,97900,2.00,6.00,10.0,12.0,0.0264,0
2023-05-25 21:44:57,1685065497,11.3,29.4,97900,2.00,5.00,8.00,10.0,0.0260,0
2023-05-25 21:49:50,1685065791,11.2,29.6,97900,2.00,4.00,7.00,9.00,0.0158,0
2023-05-25 21:54:46,1685066086,11.2,29.8,97900,2.00,7.00,12.0,14.0,0.0164,0
2023-05-25 21:59:42,1685066382,11.1,30.1,97900,2.00,2.00,4.00,4.00,0.0164,0
2023-05-25 22:04:57,1685066697,11.1,30.3,97900,2.00,7.00,11.0,13.0,0.0230,0
2023-05-25 22:09:51,1685066991,11.0,30.4,97900,1.00,3.00,6.00,7.00,0.0235,0
2023-05-25 22:14:46,1685067287,10.9,30.6,97900,2.00,2.00,3.00,3.00,0.0235,0
2023-05-25 22:19:42,1685067582,10.8,31.0,97900,1.00,4.00,6.00,7.00,0.0200,0
2023-05-25 22:24:44,1685067885,10.7,31.3,97900,2.00,4.00,7.00,9.00,0.0135,0
2023-05-25 22:29:40,1685068180,10.6,31.5,97900,2.00,3.00,5.00,5.00,0.0124,0
2023-05-25 22:34:56,1685068496,10.4,31.6,97900,2.00,4.00,6.00,8.00,0.0112,0
2023-05-25 22:39:52,1685068792,10.2,31.9,97900,2.00,2.00,4.00,5.00,0.0140,0
2023-05-25 22:44:55,1685069095,10.0,32.2,97900,1.00,5.00,9.00,11.0,0.0140,0
2023-05-25 22:49:51,1685069391,9.88,32.7,97900,1.00,5.00,9.00,11.0,0.0159,0
2023-05-25 22:54:50,1685069691,9.80,33.2,97900,3.00,5.00,6.00,7.00,0.0122,0
2023-05-25 22:59:47,1685069987,9.79,33.4,97900,1.00,2.00,3.00,4.00,0.0252,0
2023-05-25 23:04:43,1685070284,9.82,33.6,97900,2.00,3.00,4.00,4.00,0.0235,0
2023-05-25 23:09:40,1685070581,9.89,33.7,97900,1.00,6.00,11.0,13.0,0.0150,0
2023-05-25 23:14:56,1685070897,9.95,33.8,97900,1.00,3.00,4.00,5.00,0.0272,0
2023-05-25 23:19:53,1685071193,9.99,33.9,97900,2.00,2.00,3.00,4.00,0.0260,0
2023-05-25 23:24:49,1685071489,10.0,34.0,97900,4.00,4.00,6.00,7.00,0.0250,0
2023-05-25 23:29:45,1685071786,10.0,34.0,97900,1.00,3.00,6.00,7.00,0.0131,0
2023-05-25 23:34:42,1685072082,10.0,34.1,97900,3.00,11.0,17.0,20.0,0.0307,0
2023-05-25 23:39:45,1685072385,10.0,34.1,97900,1.00,3.00,6.00,7.00,0.0307,0
2023-05-25 23:44:41,1685072682,9.89,34.1,97900,2.00,3.00,4.00,5.00,0.0240,0
2023-05-25 23:49:56,1685072996,9.68,34.0,97900,2.00,5.00,8.00,9.00,0.0182,0
2023-05-25 23:54:53,1685073293,9.41,34.1,97900,2.00,5.00,8.00,10.0,0.0161,0
2023-05-25 23:59:48,1685073588,9.14,34.4,97900,2.00,3.00,5.00,6.00,0.0134,0
2023-05-26 00:04:45,1685073885,8.90,34.7,97900,2.00,5.00,7.00,9.00,0.0151,0
2023-05-26 00:09:42,1685074183,8.66,35.0,97900,1.00,4.00,7.00,9.00,0.0133,0
2023-05-26 00:14:59,1685074500,8.45,35.4,97900,3.00,5.00,9.00,10.0,0.0154,0
2023-05-26 00:19:57,1685074798,8.27,35.8,97900,1.00,5.00,8.00,9.00,0.0154,0
2023-05-26 00:24:55,1685075095,8.12,35.9,97900,3.00,7.00,10.0,12.0,0.00986,0
2023-05-26 00:29:53,1685075393,7.98,36.2,97900,1.00,3.00,4.00,5.00,0.0159,0
2023-05-26 00:34:50,1685075691,7.84,36.5,97900,1.00,3.00,6.00,7.00,0.0290,0
2023-05-26 00:39:48,1685075989,7.73,36.7,97900,2.00,4.00,6.00,7.00,0.0118,0
2023-05-26 00:44:57,1685076298,7.63,36.9,97900,3.00,5.00,9.00,11.0,0.0163,0
2023-05-26 00:49:54,1685076594,7.55,37.1,97900,3.00,7.00,10.0,12.0,0.0417,0
2023-05-26 00:54:52,1685076892,7.48,37.3,97900,2.00,3.00,3.00,4.00,0.0377,0
2023-05-26 00:59:50,1685077190,7.40,37.1,97900,2.00,4.00,6.00,8.00,0.0331,0
2023-05-26 01:04:54,1685077495,7.31,37.5,97900,2.00,6.00,10.0,12.0,0.0292,0
2023-05-26 01:09:51,1685077791,7.25,37.7,97900,1.00,3.00,4.00,5.00,0.0327,0
2023-05-26 01:14:49,1685078090,7.26,37.9,97900,2.00,3.00,5.00,6.00,0.0371,0
2023-05-26 01:19:45,1685078386,7.27,37.9,97900,1.00,3.00,6.00,7.00,0.0371,0
2023-05-26 01:24:43,1685078684,7.28,38.0,97900,2.00,4.00,7.00,8.00,0.0131,0
2023-05-26 01:29:41,1685078982,7.25,38.0,97900,2.00,5.00,8.00,10.0,0.0195,0
2023-05-26 01:34:40,1685079280,7.19,38.2,97900,1.00,7.00,11.0,14.0,0.0126,0
2023-05-26 01:39:58,1685079599,7.10,38.3,97900,2.00,7.00,11.0,13.0,0.0231,0
2023-05-26 01:43:37,1685079818,7.05,38.4,97900,2.00,2.00,4.00,4.00,0.0150,0
2023-05-26 01:49:45,1685080186,6.99,38.5,97900,2.00,3.00,5.00,5.00,0.0153,0
2023-05-26 01:54:44,1685080485,6.96,38.3,97900,2.00,4.00,6.00,7.00,0.0154,0
2023-05-26 01:59:41,1685080781,6.92,38.4,97900,2.00,4.00,8.00,9.00,0.0151,0
2023-05-26 02:04:59,1685081100,6.90,38.6,97900,2.00,4.00,7.00,8.00,0.0124,0
2023-05-26 02:09:56,1685081397,6.88,38.6,97900,4.00,4.00,6.00,7.00,0.00990,0
2023-05-26 02:14:59,1685081700,6.87,38.9,97900,1.00,4.00,6.00,7.00,0.0119,0
2023-05-26 02:19:56,1685081996,6.91,38.9,97900,1.00,4.00,6.00,7.00,0.0112,0
2023-05-26 02:24:52,1685082293,6.91,38.9,97900,3.00,4.00,5.00,6.00,0.0133,0
2023-05-26 02:29:51,1685082591,6.86,38.9,97900,2.00,5.00,8.00,9.00,0.0133,0
2023-05-26 02:34:42,1685082882,6.80,38.9,97900,1.00,2.00,4.00,5.00,0.0139,0
2023-05-26 02:39:40,1685083181,6.75,39.0,97900,4.00,7.00,10.0,13.0,0.0158,0
2023-05-26 02:44:59,1685083500,6.73,39.6,97900,1.00,3.00,6.00,7.00,0.0155,0
2023-05-26 02:49:56,1685083796,6.75,40.0,97900,2.00,6.00,11.0,13.0,0.0170,0
2023-05-26 02:54:54,1685084095,6.79,39.7,97900,2.00,4.00,7.00,8.00,0.0191,0
2023-05-26 02:59:02,1685084343,6.80,39.5,97900,3.00,4.00,6.00,6.00,0.0195,0
2023-05-26 03:04:59,1685084699,6.74,39.6,97900,2.00,5.00,7.00,8.00,0.0195,0
2023-05-26 03:09:58,1685084998,6.72,39.8,97900,1.00,3.00,4.00,5.00,0.0119,0
2023-05-26 03:14:56,1685085297,6.74,39.8,97900,1.00,2.00,4.00,5.00,0.0191,0
2023-05-26 03:19:55,1685085596,6.75,39.7,97900,2.00,4.00,7.00,9.00,0.0148,0
2023-05-26 03:23:35,1685085815,6.78,39.5,97900,2.00,8.00,12.0,14.0,0.0204,0
2023-05-26 03:29:56,1685086196,6.81,39.6,97900,2.00,2.00,3.00,4.00,0.0204,0
2023-05-26 03:34:54,1685086495,6.86,39.6,97900,2.00,5.00,8.00,10.0,0.0333,0
2023-05-26 03:39:51,1685086791,6.92,39.7,97900,1.00,4.00,7.00,9.00,0.0333,0
2023-05-26 03:44:50,1685087090,6.97,39.8,97900,2.00,6.00,9.00,10.0,0.0280,0
2023-05-26 03:49:46,1685087387,7.02,39.4,97900,2.00,4.00,7.00,9.00,0.0124,0
2023-05-26 03:54:45,1685087685,7.05,39.5,97900,1.00,8.00,13.0,15.0,0.0129,0
2023-05-26 03:59:41,1685087982,7.05,39.5,97900,2.00,5.00,7.00,8.00,0.0213,0
2023-05-26 04:04:47,1685088287,7.04,39.3,97900,2.00,3.00,4.00,4.00,0.0226,0
2023-05-26 04:09:44,1685088584,7.05,39.1,97900,4.00,4.00,6.00,7.00,0.0198,0
2023-05-26 04:14:28,1685088869,7.08,39.0,97900,2.00,4.00,7.00,9.00,0.0122,0
2023-05-26 04:19:46,1685089186,7.10,38.9,97900,2.00,4.00,6.00,7.00,0.0206,0
2023-05-26 04:24:43,1685089483,7.12,39.0,97900,1.00,4.00,7.00,9.00,0.0206,0
2023-05-26 04:27:22,1685089642,7.14,39.1,97900,1.00,2.00,4.00,4.00,0.0166,0
2023-05-26 04:34:52,1685090093,7.12,39.2,97900,2.00,5.00,8.00,10.0,0.0166,0
2023-05-26 04:39:49,1685090390,7.09,39.1,97900,1.00,6.00,10.0,12.0,0.0109,0
2023-05-26 04:44:58,1685090698,7.05,39.3,97900,3.00,8.00,13.0,16.0,0.0181,0
2023-05-26 04:49:56,1685090997,7.02,39.2,97900,1.00,4.00,7.00,9.00,0.0197,0
2023-05-26 04:54:42,1685091282,6.98,39.2,97900,1.00,3.00,6.00,7.00,0.0208,0
2023-05-26 04:59:40,1685091581,6.94,39.5,97900,2.00,6.00,9.00,11.0,0.0213,0
2023-05-26 05:04:59,1685091899,6.90,39.6,97900,1.00,7.00,12.0,14.0,0.0283,0
2023-05-26 05:09:57,1685092198,6.90,39.7,97900,2.00,4.00,6.00,7.00,0.0202,0
2023-05-26 05:14:56,1685092496,6.96,39.9,97900,2.00,4.00,7.00,8.00,0.0188,0
2023-05-26 05:16:15,1685092576,7.02,40.2,97925,2.00,2.00,3.00,3.00,0.0112,0
2023-05-26 09:14:54,1685106894,24.5,22.0,98100,1.00,1.00,1.00,2.00,,
2023-05-26 09:19:56,1685107197,24.7,21.8,98100,2.00,3.00,4.00,5.00,,
2023-05-26 09:24:59,1685107499,24.9,20.8,98100,2.00,2.00,4.00,5.00,,
2023-05-26 09:25:37,1685107537,25.2,20.8,98100,1.00,1.00,2.00,2.00,0.0102,0
2023-05-26 09:39:52,1685108392,26.0,19.7,98100,1.00,1.00,2.00,2.00,0.0102,0
2023-05-26 09:43:57,1685108637,26.1,19.7,98100,1.00,3.00,5.00,6.00,0.0108,0
2023-05-26 09:49:52,1685108993,26.1,19.6,98100,1e-7,1.00,3.00,3.00,0.0121,0
2023-05-26 09:54:54,1685109294,26.6,19.4,98100,1.00,3.00,4.00,5.00,0.0133,0
2023-05-26 09:59:55,1685109595,27.0,18.8,98100,3.00,6.00,8.00,10.0,0.0196,0
2023-05-26 10:00:32,1685109633,27.0,17.9,98100,1e-7,1e-7,1.00,1.00,0.0196,0
2023-05-26 10:09:55,1685110195,26.9,18.3,98100,1.00,2.00,3.00,4.00,0.0162,0
2023-05-26 10:14:59,1685110499,27.0,17.5,98100,2.00,3.00,6.00,7.00,0.0113,0
2023-05-26 10:17:48,1685110668,27.3,17.2,98100,2.00,3.00,4.00,5.00,0.00820,0
2023-05-26 10:24:57,1685111097,26.6,16.6,98100,1e-7,1.00,3.00,3.00,0.00826,0
2023-05-26 10:29:59,1685111399,26.4,16.5,98100,1.00,3.00,5.00,7.00,0.0118,0
2023-05-26 10:34:42,1685111683,25.8,16.9,98027,2.00,3.00,3.00,4.00,0.0121,0
2023-05-26 10:35:01,1685111702,25.4,17.1,98000,1e-7,1e-7,1e-7,1e-7,0.00953,0
2023-05-26 10:44:59,1685112299,26.0,16.9,98000,1.00,3.00,6.00,7.00,0.0124,0
2023-05-26 10:49:43,1685112583,25.7,16.7,98000,1.00,4.00,7.00,8.00,0.0124,0
2023-05-26 10:53:29,1685112810,25.2,16.6,98000,1.00,2.00,4.00,4.00,0.00948,0
2023-05-26 10:59:53,1685113193,25.3,17.0,98000,2.00,2.00,3.00,3.00,0.0177,0
2023-05-26 11:04:56,1685113496,25.9,16.8,98000,2.00,3.00,4.00,5.00,0.0177,0
2023-05-26 11:09:39,1685113780,26.5,16.6,98000,2.00,2.00,4.00,5.00,0.0111,0
2023-05-26 11:19:52,1685114393,27.4,15.6,98000,1e-7,1.00,3.00,3.00,0.0102,0
2023-05-26 11:24:54,1685114695,27.3,14.7,98000,2.00,3.00,6.00,7.00,0.0106,0
2023-05-26 11:27:43,1685114864,27.3,14.1,98000,1.00,2.00,3.00,3.00,0.0125,0
2023-05-26 11:34:57,1685115298,28.2,13.5,98000,3.00,5.00,6.00,7.00,0.0125,0
2023-05-26 11:39:58,1685115599,28.4,13.7,98000,3.00,4.00,4.00,5.00,0.0123,0
2023-05-26 11:43:44,1685115825,28.5,13.7,98000,2.00,4.00,6.00,7.00,0.0137,0
2023-05-26 11:54:53,1685116494,28.1,14.0,98000,2.00,3.00,5.00,6.00,0.0126,0
2023-05-26 11:59:54,1685116795,28.5,13.4,97963,3.00,3.00,4.00,5.00,0.0112,0
2023-05-26 12:01:47,1685116908,28.8,12.9,98000,2.00,2.00,3.00,4.00,0.0100,0
2023-05-26 12:09:45,1685117386,29.6,13.7,97900,1.00,2.00,3.00,3.00,0.0109,0
2023-05-26 12:14:45,1685117686,30.3,12.6,97900,2.00,2.00,4.00,5.00,0.0118,0
2023-05-26 12:17:53,1685117873,30.6,10.9,97900,1.00,2.00,3.00,4.00,0.0101,0
2023-05-26 12:24:50,1685118290,29.9,12.3,97900,2.00,3.00,3.00,3.00,0.0100,0
2023-05-26 12:29:50,1685118590,30.5,12.2,97900,4.00,4.00,4.00,4.00,0.0104,0
2023-05-26 12:34:49,1685118890,30.7,11.3,97900,2.00,5.00,7.00,8.00,0.0189,0
2023-05-26 12:36:22,1685118983,30.7,11.8,97900,1.00,2.00,4.00,4.00,0.0189,0
2023-05-26 12:44:50,1685119491,30.6,11.1,97900,2.00,2.00,4.00,4.00,0.0176,0
2023-05-26 12:49:49,1685119790,30.7,11.2,97900,2.00,3.00,5.00,6.00,0.0121,0
2023-05-26 12:50:27,1685119827,30.8,10.7,97900,1.00,3.00,4.00,5.00,0.00933,0
2023-05-26 13:04:55,1685120695,30.9,9.91,97900,2.00,3.00,5.00,6.00,0.00995,0
2023-05-26 13:09:07,1685120947,30.2,10.9,97900,2.00,2.00,4.00,4.00,0.0102,0.837
2023-05-26 13:24:53,1685121893,30.2,11.0,97900,1.00,4.00,5.00,6.00,0.0118,0.837
2023-05-26 13:27:40,1685122061,30.5,11.2,97900,1.00,3.00,5.00,7.00,0.0118,0.837
2023-05-26 13:34:57,1685122498,30.5,10.1,97833,1.00,5.00,8.00,10.0,0.0112,0.837
2023-05-26 13:39:57,1685122798,30.2,10.8,97875,2.00,3.00,4.00,5.00,0.0172,0.837
2023-05-26 13:44:38,1685123078,30.4,11.0,97800,3.00,5.00,6.00,7.00,0.0108,0.837
2023-05-26 13:54:44,1685123685,31.0,10.7,97800,2.00,2.00,4.00,5.00,0.0105,0
2023-05-26 13:59:44,1685123984,30.8,9.99,97800,2.00,3.00,4.00,5.00,0.0106,0
2023-05-26 14:01:36,1685124096,30.5,10.6,97800,1.00,2.00,3.00,3.00,0.0117,0
2023-05-26 14:09:51,1685124591,30.2,10.6,97800,1.00,6.00,11.0,13.0,0.0117,0
2023-05-26 14:14:51,1685124892,30.1,10.5,97800,1.00,5.00,8.00,10.0,0.0170,0
2023-05-26 14:18:17,1685125098,29.7,10.6,97800,1.00,4.00,7.00,8.00,0.0241,0
2023-05-26 14:29:47,1685125787,29.6,11.6,97800,2.00,3.00,4.00,4.00,0.0241,0
2023-05-26 14:34:50,1685126091,29.8,10.5,97800,3.00,3.00,3.00,4.00,0.0136,0
2023-05-26 14:36:04,1685126165,29.6,11.2,97800,1.00,2.00,3.00,4.00,0.0136,0
2023-05-26 14:44:47,1685126687,29.9,10.6,97800,3.00,5.00,7.00,8.00,0.0146,0
2023-05-26 14:49:47,1685126987,30.0,10.9,97800,2.00,3.00,3.00,4.00,0.0146,0
2023-05-26 14:52:54,1685127175,29.9,10.9,97800,1.00,2.00,2.00,2.00,0.0131,0
2023-05-26 14:59:59,1685127599,30.1,11.0,97800,1e-7,1.00,2.00,2.00,0.0132,0
2023-05-26 15:04:59,1685127899,30.1,11.0,97800,1.00,2.00,3.00,4.00,0.0137,0
2023-05-26 15:09:59,1685128199,30.0,10.5,97800,2.00,4.00,7.00,8.00,0.0189,0
2023-05-26 15:10:17,1685128218,29.9,10.5,97800,1.00,2.00,4.00,4.00,0.0192,0
2023-05-26 15:19:49,1685128789,30.2,11.3,97800,3.00,4.00,4.00,4.00,0.0197,0
2023-05-26 15:24:48,1685129089,30.4,10.9,97800,2.00,3.00,5.00,6.00,0.0162,0
2023-05-26 15:27:18,1685129238,30.4,10.9,97800,2.00,3.00,4.00,4.00,0.0162,0
2023-05-26 15:34:58,1685129699,30.3,9.99,97800,2.00,3.00,3.00,3.00,0.00982,0
2023-05-26 15:39:44,1685129985,30.1,10.4,97800,3.00,3.00,4.00,4.00,0.0109,0
2023-05-26 15:44:07,1685130247,30.1,10.8,97800,2.00,2.00,2.00,2.00,0.0103,0
2023-05-26 15:54:51,1685130892,30.2,9.74,97800,2.00,4.00,6.00,7.00,0.0100,0
2023-05-26 15:59:52,1685131193,30.1,10.2,97800,2.00,4.00,6.00,7.00,0.0227,0
2023-05-26 16:01:25,1685131286,30.1,10.3,97800,1.00,4.00,6.00,8.00,0.0267,0
2023-05-26 16:09:44,1685131785,30.6,10.2,97800,2.00,4.00,7.00,9.00,0.0267,0
2023-05-26 16:14:44,1685132085,30.6,10.4,97788,2.00,4.00,7.00,8.00,0.0194,0
2023-05-26 16:18:29,1685132309,30.5,10.6,97733,3.00,5.00,6.00,7.00,0.0181,0
2023-05-26 16:24:55,1685132695,30.5,10.7,97800,3.00,4.00,4.00,5.00,0.0218,0
2023-05-26 16:29:55,1685132996,30.7,10.9,97800,3.00,5.00,8.00,10.0,0.0160,0
2023-05-26 16:33:21,1685133202,30.7,10.7,97800,2.00,6.00,9.00,11.0,0.0231,0
2023-05-26 16:44:41,1685133882,30.6,10.6,97800,1.00,2.00,3.00,3.00,0.0178,0
2023-05-26 16:49:41,1685134181,30.7,11.0,97800,2.00,3.00,4.00,5.00,0.0258,0
2023-05-26 16:52:48,1685134368,31.0,9.88,97800,2.00,2.00,3.00,3.00,0.0258,0
2023-05-26 16:59:45,1685134785,30.7,10.3,97700,3.00,3.00,3.00,4.00,0.0185,0
2023-05-26 17:04:47,1685135088,30.6,10.4,97763,3.00,6.00,9.00,10.0,0.0150,0
2023-05-26 17:09:47,1685135387,30.4,10.8,97775,2.00,6.00,9.00,10.0,0.0183,0
2023-05-26 17:19:51,1685135991,30.6,10.4,97700,2.00,3.00,4.00,5.00,0.0134,0
2023-05-26 17:24:51,1685136292,30.3,10.5,97731,2.00,3.00,4.00,5.00,0.0152,0
2023-05-26 17:26:25,1685136385,29.8,10.9,97700,2.00,6.00,9.00,11.0,0.0147,0
2023-05-26 17:34:47,1685136887,28.7,11.7,97700,1.00,3.00,4.00,5.00,0.0160,0
2023-05-26 17:39:48,1685137189,28.4,11.7,97700,3.00,5.00,7.00,8.00,0.0342,0
2023-05-26 17:44:50,1685137490,28.0,11.9,97719,4.00,5.00,6.00,6.00,0.0342,0
2023-05-26 17:49:52,1685137792,27.6,12.1,97729,3.00,6.00,7.00,8.00,0.0200,0
2023-05-26 17:54:54,1685138095,27.3,12.2,97700,3.00,4.00,4.00,4.00,0.0128,0
2023-05-26 17:59:57,1685138398,26.9,12.3,97706,3.00,3.00,5.00,6.00,0.0106,0
2023-05-26 18:04:41,1685138682,26.6,12.6,97800,4.00,9.00,13.0,15.0,0.0106,0
2023-05-26 18:09:44,1685138985,26.4,12.8,97756,3.00,3.00,5.00,5.00,0.0105,0
2023-05-26 18:14:48,1685139288,26.2,12.8,97781,3.00,3.00,5.00,6.00,0.0149,0
2023-05-26 18:18:35,1685139515,26.1,13.0,97800,2.00,4.00,7.00,8.00,0.0121,0
2023-05-26 18:24:59,1685139899,26.1,13.2,97767,2.00,4.00,6.00,7.00,0.0163,0
2023-05-26 18:29:08,1685140149,26.0,13.3,97800,2.00,3.00,4.00,5.00,0.0126,0
2023-05-26 18:34:50,1685140490,25.9,13.2,97788,2.00,8.00,13.0,15.0,0.0119,0
2023-05-26 18:39:54,1685140795,25.6,13.4,97706,2.00,2.00,3.00,4.00,0.0173,0
2023-05-26 18:44:58,1685141099,25.3,13.6,97750,4.00,4.00,4.00,4.00,0.0218,0
2023-05-26 18:49:43,1685141384,25.0,13.9,97700,2.00,6.00,9.00,11.0,0.0138,0
2023-05-26 18:54:47,1685141688,24.8,14.1,97713,2.00,3.00,4.00,4.00,0.0146,0
2023-05-26 18:59:41,1685141981,24.7,14.2,97700,2.00,3.00,4.00,5.00,0.0168,0
2023-05-26 19:04:46,1685142286,24.6,14.3,97713,4.00,4.00,4.00,4.00,0.0129,0
2023-05-26 19:09:51,1685142591,24.6,14.5,97719,1.00,4.00,6.00,7.00,0.0118,0
2023-05-26 19:14:56,1685142896,24.5,14.6,97700,2.00,3.00,4.00,5.00,0.0102,0
2023-05-26 19:19:41,1685143182,24.4,14.7,97700,1.00,3.00,6.00,7.00,0.0108,0
2023-05-26 19:24:47,1685143487,24.2,14.9,97700,4.00,4.00,4.00,5.00,0.0112,0
2023-05-26 19:29:52,1685143792,24.1,15.0,97700,2.00,3.00,4.00,5.00,0.0146,0
2023-05-26 19:34:47,1685144087,23.9,15.1,97700,2.00,4.00,5.00,6.00,0.0141,0
2023-05-26 19:39:53,1685144393,23.7,15.5,97719,2.00,6.00,10.0,12.0,0.0126,0
2023-05-26 19:44:58,1685144699,23.4,15.6,97794,3.00,3.00,4.00,5.00,0.0363,0
2023-05-26 19:49:53,1685144994,23.1,16.0,97793,2.00,6.00,10.0,12.0,0.0210,0
2023-05-26 19:54:40,1685145281,22.7,16.4,97800,2.00,4.00,7.00,8.00,0.0152,0
2023-05-26 19:59:47,1685145587,22.4,16.7,97800,4.00,4.00,4.00,5.00,0.0114,0
2023-05-26 20:04:43,1685145883,22.1,16.8,97800,2.00,3.00,4.00,5.00,0.0122,0
2023-05-26 20:09:11,1685146152,21.7,17.3,97800,2.00,6.00,10.0,12.0,0.0122,0
2023-05-26 20:24:59,1685147100,20.6,18.5,97800,3.00,6.00,7.00,8.00,0.0197,0
2023-05-26 20:29:48,1685147388,20.3,19.0,97800,3.00,5.00,7.00,9.00,0.0250,0
2023-05-26 20:34:56,1685147697,20.0,19.5,97800,3.00,6.00,9.00,10.0,0.0243,0
2023-05-26 20:39:45,1685147986,19.7,19.6,97800,3.00,6.00,10.0,11.0,0.0291,0
2023-05-26 20:44:54,1685148294,19.4,20.0,97800,4.00,5.00,7.00,8.00,0.0113,0
2023-05-26 20:49:44,1685148584,19.1,20.3,97800,2.00,3.00,4.00,4.00,0.0269,0
2023-05-26 20:54:53,1685148894,18.8,20.7,97800,4.00,7.00,10.0,11.0,0.0260,0
2023-05-26 20:58:07,1685149087,18.6,21.0,97800,2.00,3.00,4.00,5.00,0.0367,0
2023-05-26 21:09:56,1685149797,18.0,21.5,97800,3.00,6.00,8.00,9.00,0.0320,0
2023-05-26 21:14:52,1685150092,17.7,22.0,97800,3.00,4.00,5.00,5.00,0.0260,0
2023-05-26 21:19:42,1685150383,17.5,22.2,97800,2.00,6.00,9.00,11.0,0.0165,0
2023-05-26 21:24:43,1685150684,17.3,22.5,97800,2.00,2.00,3.00,3.00,0.0156,0
2023-05-26 21:29:54,1685150994,17.1,22.7,97800,2.00,4.00,6.00,7.00,0.0131,0
2023-05-26 21:34:45,1685151286,16.9,23.0,97800,2.00,3.00,3.00,4.00,0.0132,0
2023-05-26 21:39:56,1685151596,16.7,23.2,97800,2.00,4.00,6.00,6.00,0.0135,0
2023-05-26 21:44:46,1685151887,16.6,23.3,97800,3.00,3.00,3.00,3.00,0.0120,0
2023-05-26 21:49:58,1685152198,16.4,23.8,97825,4.00,4.00,4.00,5.00,0.0134,0
2023-05-26 21:54:48,1685152489,16.3,24.1,97800,3.00,5.00,8.00,9.00,0.0108,0
2023-05-26 21:59:59,1685152800,16.2,24.3,97819,2.00,4.00,6.00,7.00,0.0144,0
2023-05-26 22:04:51,1685153092,16.1,24.4,97893,2.00,4.00,6.00,7.00,0.0140,0
2023-05-26 22:09:44,1685153384,15.9,24.4,97893,3.00,3.00,4.00,5.00,0.0122,0
2023-05-26 22:14:55,1685153696,15.8,24.7,97900,2.00,5.00,8.00,10.0,0.0125,0
2023-05-26 22:19:47,1685153988,15.6,24.8,97900,2.00,2.00,4.00,5.00,0.0180,0
2023-05-26 22:24:58,1685154299,15.5,25.0,97850,2.00,3.00,4.00,4.00,0.0158,0
2023-05-26 22:29:51,1685154591,15.4,24.9,97800,2.00,4.00,6.00,7.00,0.0158,0
2023-05-26 22:34:43,1685154884,15.3,25.1,97800,2.00,4.00,6.00,7.00,0.0161,0
2023-05-26 22:39:55,1685155196,15.2,25.2,97800,2.00,4.00,6.00,7.00,0.0223,0
2023-05-26 22:44:48,1685155488,15.1,25.4,97800,3.00,6.00,9.00,10.0,0.0223,0
2023-05-26 22:49:44,1685155784,15.0,25.5,97800,3.00,6.00,8.00,9.00,0.00971,0
2023-05-26 22:54:56,1685156096,14.9,25.5,97800,2.00,3.00,4.00,5.00,0.0143,0
2023-05-26 22:59:47,1685156388,14.8,25.7,97800,4.00,8.00,12.0,14.0,0.0129,0
2023-05-26 23:04:58,1685156699,14.8,25.7,97800,4.00,5.00,5.00,6.00,0.0119,0
2023-05-26 23:09:51,1685156991,14.8,25.7,97800,3.00,5.00,7.00,8.00,0.0232,0
2023-05-26 23:14:43,1685157284,14.9,25.6,97800,2.00,7.00,11.0,13.0,0.0295,0
2023-05-26 23:19:56,1685157596,14.8,25.4,97838,2.00,6.00,9.00,10.0,0.0348,0
2023-05-26 23:24:48,1685157889,14.8,25.5,97887,1.00,3.00,4.00,5.00,0.0376,0
2023-05-26 23:29:41,1685158182,14.7,25.7,97860,4.00,6.00,9.00,10.0,0.0376,0
2023-05-26 23:34:53,1685158494,14.6,25.7,97863,2.00,3.00,4.00,5.00,0.0161,0
2023-05-26 23:39:46,1685158787,14.5,25.8,97800,1.00,2.00,4.00,4.00,0.0137,0
2023-05-26 23:44:59,1685159099,14.4,26.1,97800,2.00,6.00,9.00,11.0,0.0244,0
2023-05-26 23:49:51,1685159391,14.3,26.3,97800,2.00,3.00,5.00,6.00,0.0283,0
2023-05-26 23:54:44,1685159684,14.2,27.2,97800,2.00,3.00,5.00,6.00,0.0342,0
2023-05-26 23:59:57,1685159997,14.1,27.9,97800,1.00,4.00,7.00,8.00,0.0162,0
2023-05-27 00:04:50,1685160291,14.0,28.5,97800,4.00,5.00,6.00,6.00,0.0147,0
2023-05-27 00:09:42,1685160583,13.9,28.7,97831,3.00,3.00,4.00,4.00,0.0162,0
2023-05-27 00:14:55,1685160895,13.8,28.3,97879,2.00,4.00,5.00,6.00,0.0151,0
2023-05-27 00:19:48,1685161189,13.7,28.3,97900,2.00,5.00,8.00,10.0,0.0158,0
2023-05-27 00:24:41,1685161481,13.6,28.3,97900,2.00,4.00,6.00,7.00,0.0236,0
2023-05-27 00:29:52,1685161793,13.6,28.1,97900,2.00,4.00,6.00,7.00,0.0168,0
2023-05-27 00:34:46,1685162086,13.7,28.1,97900,2.00,6.00,9.00,10.0,0.0142,0
2023-05-27 00:39:58,1685162399,13.7,28.0,97900,2.00,2.00,3.00,4.00,0.0113,0
2023-05-27 00:44:52,1685162692,13.8,28.1,97900,3.00,5.00,7.00,8.00,0.0156,0
2023-05-27 00:49:44,1685162984,13.7,27.8,97900,2.00,3.00,5.00,5.00,0.0159,0
2023-05-27 00:54:57,1685163298,13.6,28.1,97900,3.00,8.00,12.0,14.0,0.0291,0
2023-05-27 00:59:51,1685163591,13.6,28.4,97900,4.00,8.00,13.0,16.0,0.0198,0
2023-05-27 01:04:44,1685163885,13.5,28.7,97900,2.00,3.00,4.00,5.00,0.0413,0
2023-05-27 01:09:58,1685164198,13.4,28.8,97900,4.00,6.00,10.0,12.0,0.0447,0
2023-05-27 01:14:51,1685164492,13.4,29.1,97900,3.00,5.00,7.00,8.00,0.0431,0
2023-05-27 01:19:53,1685164794,13.4,29.4,97900,5.00,8.00,10.0,12.0,0.0432,0
2023-05-27 01:24:47,1685165088,13.4,29.3,97900,6.00,6.00,7.00,7.00,0.0207,0
2023-05-27 01:29:41,1685165381,13.4,29.3,97900,2.00,4.00,5.00,6.00,0.0141,0
2023-05-27 01:34:54,1685165695,13.3,29.4,97900,4.00,4.00,7.00,8.00,0.0111,0
2023-05-27 01:39:48,1685165988,13.3,29.8,97900,2.00,5.00,8.00,9.00,0.0108,0
2023-05-27 01:44:46,1685166286,13.2,29.7,97900,5.00,6.00,11.0,13.0,0.0259,0
2023-05-27 01:49:59,1685166600,13.1,30.0,97900,2.00,2.00,3.00,3.00,0.0259,0
2023-05-27 01:54:53,1685166893,13.1,30.2,97900,2.00,3.00,5.00,6.00,0.0456,0
2023-05-27 01:59:47,1685167187,13.0,30.8,97900,4.00,6.00,10.0,11.0,0.0182,0
2023-05-27 02:04:59,1685167500,13.0,31.3,97900,3.00,8.00,12.0,13.0,0.0352,0
2023-05-27 02:09:53,1685167793,12.9,31.4,97900,2.00,3.00,6.00,7.00,0.0345,0
2023-05-27 02:14:47,1685168087,12.8,31.5,97900,2.00,2.00,3.00,3.00,0.0409,0
2023-05-27 02:19:42,1685168383,12.6,31.4,97900,4.00,7.00,10.0,11.0,0.0290,0
2023-05-27 02:24:55,1685168696,12.5,31.5,97900,3.00,4.00,5.00,5.00,0.0158,0
2023-05-27 02:29:51,1685168991,12.5,31.6,97900,3.00,4.00,6.00,7.00,0.0115,0
2023-05-27 02:34:45,1685169286,12.4,31.4,97900,1.00,4.00,6.00,8.00,0.0125,0
2023-05-27 02:39:44,1685169585,12.4,31.6,97900,2.00,5.00,9.00,11.0,0.0137,0
2023-05-27 02:44:59,1685169899,12.4,31.7,97900,2.00,4.00,6.00,7.00,0.0120,0
2023-05-27 02:49:53,1685170193,12.4,31.9,97900,1.00,2.00,4.00,4.00,0.0145,0
2023-05-27 02:54:08,1685170449,12.3,31.8,97900,1.00,7.00,11.0,13.0,0.0338,0
2023-05-27 02:59:47,1685170787,12.3,31.7,97920,2.00,2.00,3.00,4.00,0.0278,0
2023-05-27 03:04:41,1685171081,12.3,31.8,97907,2.00,4.00,6.00,7.00,0.0202,0
2023-05-27 03:09:55,1685171396,12.3,31.9,97900,4.00,4.00,6.00,7.00,0.0179,0
2023-05-27 03:14:49,1685171689,12.3,32.2,97900,2.00,3.00,5.00,6.00,0.0205,0
2023-05-27 03:19:44,1685171985,12.3,32.1,97900,2.00,5.00,8.00,9.00,0.0161,0
2023-05-27 03:24:46,1685172287,12.3,32.2,97938,3.00,4.00,6.00,7.00,0.0161,0
2023-05-27 03:29:41,1685172581,12.3,32.1,97953,2.00,4.00,6.00,7.00,0.0123,0
2023-05-27 03:34:53,1685172893,12.3,32.2,98000,2.00,2.00,3.00,4.00,0.0165,0
2023-05-27 03:39:55,1685173195,12.4,32.3,98000,2.00,7.00,11.0,13.0,0.0167,0
2023-05-27 03:44:48,1685173489,12.4,32.2,98000,2.00,5.00,7.00,8.00,0.0300,0
2023-05-27 03:49:50,1685173790,12.5,32.2,98000,2.00,3.00,4.00,5.00,0.0203,0
2023-05-27 03:54:44,1685174085,12.6,32.4,98000,3.00,5.00,6.00,7.00,0.0114,0
2023-05-27 03:59:58,1685174398,12.7,32.3,98000,3.00,6.00,9.00,11.0,0.0138,0
2023-05-27 04:04:52,1685174693,12.8,32.5,98000,2.00,2.00,3.00,4.00,0.0134,0
2023-05-27 04:09:55,1685174996,12.9,32.6,98000,2.00,3.00,4.00,5.00,0.0206,0
2023-05-27 04:14:48,1685175289,13.0,32.6,98000,2.00,5.00,8.00,10.0,0.0172,0
2023-05-27 04:19:43,1685175583,13.1,32.9,98000,5.00,5.00,6.00,7.00,0.0209,0
2023-05-27 04:24:55,1685175896,13.2,32.5,98000,2.00,4.00,6.00,7.00,0.0199,0
2023-05-27 04:29:48,1685176188,13.3,32.1,98000,4.00,6.00,10.0,12.0,0.0127,0
2023-05-27 04:32:24,1685176345,13.4,32.1,98000,2.00,2.00,4.00,5.00,0.0119,0
2023-05-27 04:39:46,1685176787,13.6,31.8,98000,3.00,5.00,8.00,9.00,0.0227,0
2023-05-27 04:44:59,1685177099,13.7,31.8,98000,3.00,5.00,7.00,7.00,0.0219,0
2023-05-27 04:49:51,1685177391,13.8,31.7,98000,3.00,4.00,6.00,7.00,0.0218,0
2023-05-27 04:54:45,1685177685,14.0,32.1,98000,4.00,5.00,6.00,7.00,0.0131,0
2023-05-27 04:59:58,1685177998,14.1,32.0,98000,1.00,2.00,4.00,4.00,0.0149,0
2023-05-27 05:04:50,1685178290,14.1,32.0,98000,2.00,3.00,6.00,7.00,0.0210,0
2023-05-27 05:09:44,1685178585,14.2,32.0,98000,2.00,4.00,6.00,7.00,0.0279,0
2023-05-27 05:14:57,1685178897,14.3,31.8,98000,3.00,4.00,5.00,6.00,0.0279,0
2023-05-27 05:19:09,1685179149,14.3,31.8,98000,3.00,5.00,7.00,9.00,0.0130,0
2023-05-27 05:24:45,1685179485,14.4,31.4,98000,2.00,4.00,7.00,8.00,0.0191,0
2023-05-27 05:29:45,1685179785,14.5,31.5,98000,2.00,6.00,9.00,10.0,0.0223,0
2023-05-27 05:34:45,1685180086,14.5,31.6,98000,2.00,4.00,6.00,7.00,0.0236,0
2023-05-27 05:39:57,1685180398,14.6,31.9,98000,3.00,5.00,7.00,8.00,0.0220,0
2023-05-27 05:44:50,1685180690,14.6,32.2,98000,3.00,3.00,5.00,7.00,0.0164,0
2023-05-27 05:49:48,1685180988,14.7,32.7,98000,2.00,5.00,9.00,10.0,0.0164,0
2023-05-27 05:54:48,1685181288,14.7,32.7,98000,2.00,4.00,6.00,7.00,0.0135,0
2023-05-27 05:59:41,1685181581,14.7,32.9,98000,3.00,7.00,9.00,10.0,0.0130,0
2023-05-27 06:04:13,1685181853,14.8,32.9,98000,3.00,5.00,7.00,9.00,0.0129,0
2023-05-27 10:59:42,1685199583,31.0,16.8,98000,1e-7,1e-7,1e-7,1e-7,0.0151,0
2023-05-27 11:04:59,1685199900,31.1,16.4,98000,1.00,2.00,3.00,4.00,,
2023-05-27 11:05:18,1685199918,31.1,15.9,98000,2.00,6.00,10.0,11.0,,
2023-05-27 11:14:48,1685200488,31.0,15.4,98000,1.00,4.00,6.00,8.00,,
2023-05-27 11:19:47,1685200787,31.1,15.3,98000,2.00,3.00,4.00,5.00,0.00855,0
2023-05-27 11:22:03,1685200923,31.4,14.9,98000,2.00,3.00,4.00,5.00,0.0149,0
2023-05-27 11:29:47,1685201388,31.7,14.8,98000,1e-7,1e-7,1e-7,1e-7,0.0130,0
2023-05-27 11:34:46,1685201686,32.0,14.5,98000,2.00,4.00,7.00,9.00,0.0135,0
2023-05-27 11:38:11,1685201891,32.3,14.1,98000,3.00,3.00,3.00,3.00,0.0175,0
2023-05-27 11:44:48,1685202288,32.3,13.7,98000,1.00,2.00,2.00,2.00,0.00910,0
2023-05-27 11:49:46,1685202586,32.4,13.4,98000,4.00,8.00,14.0,17.0,0.0176,0
2023-05-27 11:54:44,1685202885,32.6,13.4,98000,2.00,4.00,6.00,8.00,0.0284,0
2023-05-27 11:55:22,1685202922,32.7,13.5,98000,2.00,3.00,4.00,5.00,0.0236,0
2023-05-27 12:04:58,1685203499,32.9,13.4,98000,1.00,4.00,7.00,8.00,0.0255,0
2023-05-27 12:09:57,1685203797,33.0,13.4,98000,2.00,5.00,8.00,10.0,0.0292,0
2023-05-27 12:13:03,1685203983,33.0,13.2,98000,4.00,7.00,9.00,10.0,0.0457,0
2023-05-27 12:19:56,1685204396,32.9,13.3,98000,3.00,4.00,5.00,5.00,0.0309,0
2023-05-27 12:24:54,1685204695,33.0,13.5,97931,5.00,6.00,7.00,8.00,0.0244,0
2023-05-27 12:29:52,1685204992,33.3,13.5,97900,4.00,4.00,4.00,5.00,0.0138,0
2023-05-27 12:39:55,1685205596,33.5,12.8,97900,2.00,3.00,4.00,5.00,0.0157,0
2023-05-27 12:44:53,1685205893,33.2,12.9,97900,3.00,4.00,4.00,4.00,0.0152,0.877
2023-05-27 12:47:40,1685206060,33.0,13.6,97900,2.00,3.00,4.00,5.00,0.0101,0.877
2023-05-27 12:54:58,1685206499,33.2,13.9,97900,1.00,1.00,1.00,1.00,0.0101,0.877
2023-05-27 12:59:56,1685206796,33.4,13.5,97900,2.00,3.00,5.00,6.00,0.0102,0.877
2023-05-27 13:04:34,1685207075,33.4,13.7,97900,5.00,10.0,13.0,15.0,0.0105,0.877
2023-05-27 13:09:53,1685207393,33.6,13.4,97900,1e-7,4.00,7.00,8.00,0.0142,0.857
2023-05-27 13:14:50,1685207691,33.9,13.4,97900,2.00,3.00,5.00,6.00,0.0239,0.675
2023-05-27 13:19:48,1685207988,33.9,13.2,97900,2.00,3.00,3.00,3.00,0.0226,0
2023-05-27 13:21:38,1685208099,33.8,13.3,97900,2.00,3.00,3.00,3.00,0.0222,0
2023-05-27 13:29:58,1685208598,33.5,13.8,97900,2.00,2.00,3.00,3.00,0.0131,0
2023-05-27 13:34:56,1685208896,33.9,14.1,97900,3.00,4.00,4.00,4.00,0.0117,0
2023-05-27 13:37:51,1685209072,34.3,14.1,97900,4.00,5.00,5.00,6.00,0.0135,0
2023-05-27 13:44:59,1685209499,34.3,13.6,97900,1.00,1.00,1.00,2.00,0.0123,0
2023-05-27 13:49:56,1685209797,34.1,13.6,97856,5.00,6.00,6.00,8.00,0.0138,0
2023-05-27 13:54:54,1685210094,34.0,14.1,97831,4.00,5.00,6.00,7.00,0.0237,0
2023-05-27 13:55:30,1685210131,34.0,13.9,97900,2.00,4.00,6.00,7.00,0.0237,0
2023-05-27 14:04:54,1685210694,33.8,14.2,97808,3.00,3.00,5.00,6.00,0.0176,0
2023-05-27 14:09:57,1685210997,33.3,14.4,97800,3.00,7.00,10.0,12.0,0.0142,0
2023-05-27 14:11:30,1685211090,32.9,15.2,97800,3.00,3.00,3.00,3.00,0.00791,0
2023-05-27 14:24:51,1685211892,32.9,15.3,97800,2.00,4.00,6.00,6.00,0.00956,0
2023-05-27 14:29:51,1685212192,33.1,15.1,97800,4.00,4.00,5.00,6.00,0.0123,0
2023-05-27 14:39:54,1685212794,33.1,15.2,97800,4.00,5.00,5.00,5.00,0.0108,0
2023-05-27 14:44:43,1685213083,32.9,15.2,97800,6.00,14.0,22.0,26.0,0.0709,0
2023-05-27 14:46:35,1685213195,32.8,15.1,97800,3.00,6.00,8.00,10.0,0.0754,0
2023-05-27 14:54:44,1685213685,32.7,15.5,97800,4.00,7.00,10.0,12.0,0.0930,0
2023-05-27 14:59:43,1685213983,32.8,15.3,97800,3.00,6.00,9.00,11.0,0.0636,0
2023-05-27 15:02:49,1685214170,33.0,15.1,97800,2.00,3.00,3.00,4.00,0.0425,0
2023-05-27 15:14:56,1685214896,33.1,15.2,97700,2.00,3.00,3.00,3.00,0.0138,0
2023-05-27 15:19:54,1685215195,33.3,14.8,97713,2.00,3.00,4.00,4.00,0.0355,0
2023-05-27 15:20:31,1685215232,33.4,14.6,97750,1.00,2.00,3.00,4.00,0.0261,0
2023-05-27 15:29:41,1685215782,33.2,14.6,97700,3.00,5.00,7.00,8.00,0.0261,0
2023-05-27 15:34:58,1685216099,33.2,14.8,97700,3.00,4.00,7.00,9.00,0.0127,0
2023-05-27 15:38:04,1685216285,33.4,14.6,97700,3.00,4.00,4.00,5.00,0.0204,0
2023-05-27 15:44:58,1685216699,33.1,14.9,97700,2.00,3.00,3.00,4.00,0.0204,0
2023-05-27 15:49:57,1685216997,33.0,15.2,97700,2.00,4.00,6.00,7.00,0.0208,0
2023-05-27 15:54:18,1685217258,33.1,15.4,97700,3.00,4.00,6.00,6.00,0.0141,0
2023-05-27 16:04:56,1685217896,33.7,15.2,97700,4.00,6.00,8.00,9.00,0.0183,0
2023-05-27 16:09:54,1685218194,34.0,14.7,97700,3.00,4.00,6.00,7.00,0.0223,0
2023-05-27 16:12:04,1685218324,34.1,14.6,97700,3.00,4.00,5.00,5.00,0.0128,0
2023-05-27 16:19:53,1685218793,34.0,14.5,97700,3.00,5.00,6.00,7.00,0.0130,0
2023-05-27 16:24:51,1685219091,34.0,14.3,97700,4.00,5.00,6.00,7.00,0.0129,0
2023-05-27 16:27:57,1685219277,33.9,14.9,97700,3.00,9.00,15.0,17.0,0.0262,0
2023-05-27 16:44:52,1685220292,33.7,14.9,97700,2.00,3.00,4.00,4.00,0.0289,0
2023-05-27 16:45:29,1685220329,33.7,15.1,97700,2.00,2.00,2.00,2.00,0.0175,0
2023-05-27 16:54:51,1685220891,34.1,14.8,97700,4.00,7.00,10.0,11.0,0.0354,0
2023-05-27 16:59:49,1685221189,34.2,14.7,97700,4.00,6.00,8.00,8.00,0.0354,0
2023-05-27 17:03:13,1685221393,34.3,14.7,97700,4.00,4.00,4.00,4.00,0.0298,0
2023-05-27 17:09:47,1685221788,34.2,14.8,97600,2.00,3.00,4.00,5.00,0.0334,0
2023-05-27 17:14:45,1685222085,34.3,14.6,97600,2.00,4.00,6.00,7.00,0.0334,0
2023-05-27 17:19:43,1685222383,34.3,14.5,97600,4.00,5.00,5.00,5.00,0.0187,0
2023-05-27 17:20:19,1685222420,34.3,14.5,97600,1.00,2.00,2.00,3.00,0.0106,0
2023-05-27 17:29:50,1685222991,34.0,14.9,97600,2.00,2.00,4.00,4.00,0.0106,0
2023-05-27 17:34:48,1685223289,33.7,15.2,97600,4.00,5.00,6.00,6.00,0.0116,0
2023-05-27 17:39:47,1685223587,33.6,15.1,97600,4.00,4.00,7.00,8.00,0.0234,0
2023-05-27 17:44:45,1685223886,33.4,15.2,97600,2.00,4.00,6.00,7.00,0.0169,0
2023-05-27 17:49:44,1685224184,33.3,15.3,97600,4.00,5.00,6.00,6.00,0.0134,0
2023-05-27 17:54:42,1685224483,33.2,15.1,97600,2.00,7.00,12.0,15.0,0.0189,0
2023-05-27 17:59:41,1685224782,33.1,15.0,97600,3.00,4.00,5.00,5.00,0.0244,0
2023-05-27 18:04:59,1685225099,32.9,15.2,97600,4.00,5.00,7.00,8.00,0.0171,0
2023-05-27 18:09:58,1685225398,32.8,15.1,97600,6.00,7.00,9.00,11.0,0.0127,0
2023-05-27 18:14:46,1685225687,32.6,15.3,97600,4.00,5.00,9.00,11.0,0.0382,0
2023-05-27 18:19:46,1685225986,32.4,15.4,97600,3.00,4.00,6.00,7.00,0.0382,0
2023-05-27 18:24:45,1685226286,32.2,15.5,97600,5.00,6.00,10.0,12.0,0.0212,0
2023-05-27 18:29:45,1685226586,32.0,15.6,97600,5.00,5.00,6.00,6.00,0.0189,0
2023-05-27 18:34:45,1685226886,31.7,15.8,97600,4.00,6.00,8.00,9.00,0.0333,0
2023-05-27 18:39:46,1685227186,31.4,15.8,97600,3.00,4.00,5.00,5.00,0.0126,0
2023-05-27 18:44:54,1685227495,31.1,16.0,97600,4.00,5.00,5.00,5.00,0.0130,0
2023-05-27 18:49:55,1685227795,30.7,16.4,97600,5.00,6.00,6.00,7.00,0.0227,0
2023-05-27 18:54:56,1685228096,30.4,16.3,97586,3.00,6.00,8.00,9.00,0.0227,0
2023-05-27 18:59:38,1685228379,30.1,17.1,97567,4.00,7.00,10.0,11.0,0.0345,0
2023-05-27 19:04:59,1685228700,29.8,17.4,97587,4.00,5.00,8.00,9.00,0.0369,0
2023-05-27 19:09:50,1685228991,29.5,17.4,97513,4.00,4.00,6.00,7.00,0.0143,0
2023-05-27 19:14:52,1685229292,29.2,18.1,97506,5.00,6.00,8.00,9.00,0.0180,0
2023-05-27 19:19:54,1685229594,28.9,18.1,97500,3.00,4.00,5.00,6.00,0.0184,0
2023-05-27 19:24:56,1685229896,28.6,18.6,97500,2.00,3.00,4.00,4.00,0.0285,0
2023-05-27 19:29:58,1685230199,28.4,18.7,97500,5.00,7.00,9.00,11.0,0.0154,0
2023-05-27 19:34:42,1685230482,28.1,18.8,97500,4.00,6.00,8.00,9.00,0.0344,0
2023-05-27 19:39:44,1685230785,27.9,19.2,97500,4.00,5.00,7.00,8.00,0.0277,0
2023-05-27 19:44:47,1685231088,27.7,19.4,97500,5.00,5.00,7.00,8.00,0.0131,0
2023-05-27 19:49:50,1685231391,27.6,19.6,97500,6.00,7.00,8.00,9.00,0.0131,0
2023-05-27 19:54:53,1685231694,27.4,19.8,97500,4.00,7.00,11.0,12.0,0.0121,0
2023-05-27 19:59:57,1685231997,27.2,19.9,97500,4.00,5.00,6.00,7.00,0.0132,0
2023-05-27 20:04:50,1685232291,27.1,20.1,97580,4.00,5.00,5.00,5.00,0.0166,0
2023-05-27 20:09:54,1685232594,27.0,20.6,97500,4.00,5.00,8.00,9.00,0.0182,0
2023-05-27 20:14:41,1685232882,26.9,20.5,97500,5.00,9.00,14.0,17.0,0.0181,0
2023-05-27 20:19:48,1685233188,26.7,20.4,97500,5.00,7.00,8.00,8.00,0.0221,0
2023-05-27 20:24:54,1685233494,26.4,20.7,97500,5.00,6.00,7.00,8.00,0.0176,0
2023-05-27 20:29:46,1685233786,26.3,20.9,97500,4.00,6.00,8.00,9.00,0.0185,0
2023-05-27 20:34:52,1685234092,26.2,21.1,97518,4.00,4.00,5.00,6.00,0.0185,0
2023-05-27 20:39:41,1685234381,26.0,21.4,97513,4.00,7.00,10.0,12.0,0.0154,0
2023-05-27 20:44:45,1685234685,25.7,21.5,97593,5.00,5.00,5.00,6.00,0.0193,0
2023-05-27 20:49:54,1685234995,25.4,22.3,97600,5.00,7.00,8.00,9.00,0.0171,0
2023-05-27 20:54:59,1685235300,25.0,22.2,97544,4.00,5.00,7.00,8.00,0.0186,0
2023-05-27 20:59:48,1685235589,24.8,22.4,97600,4.00,7.00,9.00,11.0,0.0180,0
2023-05-27 21:04:53,1685235894,24.8,22.7,97600,4.00,6.00,10.0,12.0,0.0240,0
2023-05-27 21:09:39,1685236180,24.8,22.7,97600,4.00,6.00,8.00,9.00,0.0162,0
2023-05-27 21:14:52,1685236492,24.6,22.9,97586,5.00,6.00,8.00,9.00,0.0158,0
2023-05-27 21:19:57,1685236798,24.4,23.5,97569,5.00,7.00,8.00,9.00,0.0125,0
2023-05-27 21:24:06,1685237046,24.2,24.2,97500,3.00,3.00,4.00,4.00,0.0145,0
2023-05-27 21:29:49,1685237390,23.8,24.7,97538,6.00,8.00,9.00,10.0,0.0336,0
2023-05-27 21:34:55,1685237696,23.5,25.2,97531,4.00,6.00,8.00,8.00,0.0304,0
2023-05-27 21:39:42,1685237983,23.2,25.5,97500,4.00,5.00,5.00,6.00,0.0171,0
2023-05-27 21:44:49,1685238289,23.0,25.5,97500,4.00,6.00,8.00,9.00,0.0164,0
2023-05-27 21:49:42,1685238583,22.9,25.4,97500,4.00,5.00,7.00,8.00,0.0224,0
2023-05-27 21:54:52,1685238892,22.9,25.9,97500,7.00,8.00,8.00,8.00,0.0120,0
2023-05-27 21:59:58,1685239198,22.8,26.3,97500,3.00,4.00,5.00,5.00,0.0191,0
2023-05-27 22:04:53,1685239494,22.6,26.5,97500,4.00,5.00,7.00,7.00,0.0244,0
2023-05-27 22:09:41,1685239782,22.4,26.7,97500,7.00,11.0,14.0,16.0,0.0440,0
2023-05-27 22:14:57,1685240097,22.3,27.2,97500,5.00,5.00,5.00,6.00,0.0439,0
2023-05-27 22:19:44,1685240385,22.1,27.4,97500,3.00,4.00,6.00,6.00,0.0341,0
2023-05-27 22:24:48,1685240689,22.0,27.6,97500,8.00,9.00,11.0,13.0,0.0255,0
2023-05-27 22:29:41,1685240981,21.9,28.0,97500,3.00,6.00,9.00,10.0,0.0591,0
2023-05-27 22:34:48,1685241288,21.8,28.2,97500,4.00,5.00,7.00,8.00,0.0478,0
2023-05-27 22:39:54,1685241594,21.6,28.7,97500,5.00,6.00,7.00,9.00,0.0194,0
2023-05-27 22:44:42,1685241882,21.5,28.7,97500,7.00,8.00,10.0,10.0,0.0112,0
2023-05-27 22:49:49,1685242190,21.3,28.8,97500,4.00,7.00,10.0,12.0,0.0136,0
2023-05-27 22:54:57,1685242497,21.2,29.0,97500,5.00,7.00,9.00,11.0,0.0148,0
2023-05-27 22:59:46,1685242786,21.1,29.3,97500,6.00,8.00,9.00,10.0,0.0135,0
2023-05-27 23:04:53,1685243094,21.0,29.4,97500,4.00,6.00,9.00,11.0,0.0251,0
2023-05-27 23:09:44,1685243385,20.9,29.6,97500,3.00,5.00,7.00,7.00,0.0189,0
2023-05-27 23:14:52,1685243693,20.8,29.8,97500,5.00,7.00,8.00,9.00,0.0422,0
2023-05-27 23:19:10,1685243951,20.7,29.8,97500,6.00,6.00,7.00,8.00,0.0290,0
2023-05-27 23:24:57,1685244297,20.6,30.0,97500,4.00,9.00,13.0,15.0,0.0330,0
2023-05-27 23:29:51,1685244591,20.6,30.1,97500,4.00,5.00,6.00,7.00,0.0140,0
2023-05-27 23:34:50,1685244891,20.5,30.3,97500,4.00,5.00,7.00,7.00,0.0222,0
2023-05-27 23:39:43,1685245183,20.4,30.5,97500,5.00,7.00,10.0,11.0,0.0282,0
2023-05-27 23:44:59,1685245499,20.3,30.7,97500,4.00,6.00,8.00,9.00,0.0170,0
2023-05-27 23:49:48,1685245788,20.2,30.7,97500,5.00,6.00,7.00,8.00,0.0126,0
2023-05-27 23:54:57,1685246097,20.1,30.9,97500,4.00,7.00,9.00,11.0,0.0171,0
2023-05-27 23:59:51,1685246391,20.0,31.1,97500,6.00,7.00,7.00,8.00,0.0276,0
2023-05-28 00:04:21,1685246661,19.9,31.1,97500,5.00,8.00,11.0,13.0,0.0339,0
2023-05-28 00:09:49,1685246989,19.8,31.5,97500,6.00,7.00,8.00,9.00,0.0200,0
2023-05-28 00:14:58,1685247298,19.7,31.7,97500,4.00,8.00,11.0,12.0,0.0360,0
2023-05-28 00:19:48,1685247588,19.7,31.8,97500,4.00,6.00,8.00,9.00,0.0362,0
2023-05-28 00:24:17,1685247858,19.6,32.0,97500,6.00,7.00,8.00,9.00,0.0260,0
2023-05-28 00:29:45,1685248185,19.5,32.1,97500,6.00,7.00,9.00,10.0,0.0131,0
2023-05-28 00:34:45,1685248486,19.4,32.2,97500,4.00,5.00,7.00,8.00,0.0246,0
2023-05-28 00:39:54,1685248795,19.3,32.5,97500,6.00,8.00,9.00,10.0,0.0320,0
2023-05-28 00:44:44,1685249085,19.2,32.5,97500,4.00,7.00,9.00,10.0,0.0128,0
2023-05-28 00:49:54,1685249394,19.1,32.8,97500,4.00,4.00,5.00,5.00,0.0145,0
2023-05-28 00:54:44,1685249684,19.0,33.0,97500,4.00,6.00,9.00,10.0,0.0132,0
2023-05-28 00:59:53,1685249994,18.9,33.3,97500,4.00,5.00,6.00,6.00,0.0211,0
2023-05-28 01:04:43,1685250284,18.8,33.4,97500,6.00,7.00,7.00,7.00,0.0387,0
2023-05-28 01:09:53,1685250594,18.7,33.6,97500,4.00,10.0,14.0,16.0,0.0423,0
2023-05-28 01:14:43,1685250884,18.6,33.8,97500,4.00,7.00,11.0,12.0,0.0423,0
2023-05-28 01:19:41,1685251182,18.4,34.0,97500,6.00,8.00,9.00,10.0,0.0146,0
2023-05-28 01:24:41,1685251482,18.3,34.3,97500,6.00,8.00,11.0,13.0,0.0172,0
2023-05-28 01:29:11,1685251752,18.2,34.6,97500,5.00,6.00,7.00,8.00,0.0161,0
2023-05-28 01:34:44,1685252085,18.0,34.9,97500,6.00,9.00,14.0,17.0,0.0168,0
2023-05-28 01:39:54,1685252395,17.9,34.9,97500,3.00,5.00,6.00,7.00,0.0168,0
2023-05-28 01:44:49,1685252690,17.8,35.3,97477,5.00,14.0,21.0,24.0,0.0231,0
2023-05-28 01:49:59,1685252999,17.7,35.8,97500,6.00,7.00,8.00,9.00,0.0231,0
2023-05-28 01:54:54,1685253294,17.6,35.7,97467,4.00,5.00,7.00,7.00,0.0431,0
2023-05-28 01:59:45,1685253586,17.5,36.0,97460,6.00,8.00,11.0,13.0,0.0431,0
2023-05-28 02:04:56,1685253896,17.4,36.2,97456,5.00,7.00,9.00,11.0,0.0357,0
2023-05-28 02:09:47,1685254187,17.3,36.4,97427,4.00,7.00,9.00,10.0,0.0380,0
2023-05-28 02:14:26,1685254466,17.2,36.6,97479,4.00,7.00,9.00,11.0,0.0263,0
2023-05-28 02:19:43,1685254784,17.1,36.7,97493,5.00,5.00,5.00,6.00,0.0263,0
2023-05-28 02:22:58,1685254978,17.0,36.9,97490,5.00,9.00,12.0,14.0,0.0184,0
2023-05-28 02:29:59,1685255399,16.9,37.1,97400,5.00,6.00,7.00,8.00,0.0257,0
2023-05-28 02:34:39,1685255679,16.8,37.3,97400,4.00,6.00,8.00,9.00,0.0257,0
2023-05-28 02:38:56,1685255936,16.8,37.5,97400,6.00,8.00,10.0,11.0,0.0174,0
2023-05-28 02:44:45,1685256286,16.7,37.7,97400,6.00,8.00,9.00,10.0,0.0348,0
2023-05-28 02:49:56,1685256597,16.6,37.9,97400,8.00,10.0,11.0,12.0,0.0348,0
2023-05-28 02:54:48,1685256888,16.5,38.2,97400,5.00,8.00,10.0,11.0,0.0256,0
2023-05-28 02:59:47,1685257187,16.4,38.4,97400,5.00,8.00,10.0,12.0,0.0193,0
2023-05-28 03:04:58,1685257498,16.4,38.5,97400,4.00,5.00,6.00,7.00,0.0181,0
2023-05-28 03:09:49,1685257790,16.3,38.6,97400,8.00,10.0,11.0,12.0,0.0181,0
2023-05-28 03:14:41,1685258082,16.2,38.7,97400,5.00,7.00,9.00,10.0,0.0158,0
2023-05-28 03:19:53,1685258393,16.1,39.1,97400,5.00,7.00,9.00,10.0,0.0184,0
2023-05-28 03:24:45,1685258685,16.0,39.2,97400,5.00,6.00,7.00,8.00,0.0226,0
2023-05-28 03:29:17,1685258958,15.9,39.3,97400,6.00,6.00,7.00,8.00,0.0226,0
2023-05-28 03:34:48,1685259288,15.8,39.3,97400,6.00,7.00,9.00,10.0,0.0205,0
2023-05-28 03:39:59,1685259600,15.7,39.4,97400,5.00,8.00,10.0,11.0,0.0189,0
2023-05-28 03:44:51,1685259892,15.6,39.7,97400,7.00,11.0,14.0,16.0,0.0172,0
2023-05-28 03:49:51,1685260192,15.5,40.0,97400,7.00,9.00,10.0,11.0,0.0574,0
2023-05-28 03:54:44,1685260484,15.5,40.0,97400,7.00,10.0,12.0,13.0,0.0574,0
2023-05-28 03:59:56,1685260796,15.4,40.0,97400,5.00,10.0,14.0,16.0,0.0499,0
2023-05-28 04:04:48,1685261088,15.4,40.0,97400,6.00,9.00,13.0,14.0,0.0224,0
2023-05-28 04:09:44,1685261385,15.3,40.0,97400,8.00,9.00,9.00,9.00,0.0396,0
2023-05-28 04:14:56,1685261696,15.3,40.1,97400,7.00,11.0,13.0,14.0,0.0333,0
2023-05-28 04:19:48,1685261988,15.3,40.5,97400,6.00,8.00,9.00,10.0,0.0333,0
2023-05-28 04:24:48,1685262288,15.2,40.6,97400,5.00,6.00,8.00,9.00,0.0323,0
2023-05-28 04:29:39,1685262580,15.1,40.9,97400,6.00,7.00,9.00,9.00,0.0236,0
2023-05-28 04:34:50,1685262891,15.1,40.9,97400,7.00,7.00,7.00,8.00,0.0207,0
2023-05-28 04:39:57,1685263197,15.0,41.0,97400,9.00,12.0,14.0,15.0,0.0182,0
2023-05-28 04:44:50,1685263490,14.9,41.0,97400,4.00,5.00,6.00,7.00,0.0204,0
2023-05-28 04:49:42,1685263783,14.8,41.2,97400,4.00,7.00,9.00,10.0,0.0291,0
2023-05-28 04:54:55,1685264095,14.8,41.4,97400,6.00,9.00,15.0,18.0,0.0351,0
2023-05-28 04:59:51,1685264391,14.7,41.6,97400,4.00,6.00,7.00,7.00,0.0817,0
2023-05-28 05:04:44,1685264684,14.7,41.6,97400,6.00,7.00,9.00,9.00,0.0452,0
2023-05-28 05:09:55,1685264995,14.6,41.7,97400,5.00,8.00,12.0,14.0,0.0307,0
2023-05-28 05:14:47,1685265287,14.6,42.1,97400,4.00,5.00,5.00,6.00,0.0307,0
2023-05-28 05:19:00,1685265541,14.6,42.3,97400,6.00,9.00,11.0,12.0,0.0438,0
2023-05-28 09:24:56,1685280297,32.3,21.2,97200,6.00,7.00,10.0,12.0,,
2023-05-28 09:26:10,1685280371,32.3,21.3,97200,3.00,3.00,4.00,4.00,,
2023-05-28 09:34:46,1685280887,32.6,20.7,97200,2.00,3.00,4.00,4.00,,
2023-05-28 09:39:44,1685281184,32.8,20.6,97125,6.00,8.00,9.00,9.00,,
2023-05-28 09:44:24,1685281464,33.1,20.3,97140,4.00,5.00,8.00,10.0,0.0265,0
2023-05-28 09:54:48,1685282089,33.7,20.0,97100,3.00,5.00,7.00,8.00,0.0135,0
2023-05-28 09:59:45,1685282385,33.8,19.6,97100,5.00,5.00,6.00,7.00,0.0176,0
2023-05-28 10:09:47,1685282987,34.2,18.9,97100,3.00,3.00,3.00,4.00,0.0176,0
2023-05-28 10:14:43,1685283284,34.0,18.8,97100,5.00,6.00,9.00,10.0,0.0139,0
2023-05-28 10:18:25,1685283505,34.0,18.9,97100,7.00,7.00,7.00,7.00,0.0213,0
2023-05-28 10:29:46,1685284187,34.4,19.0,97100,4.00,6.00,7.00,8.00,0.0213,0
2023-05-28 10:34:43,1685284483,34.8,18.6,97100,4.00,4.00,5.00,5.00,0.0123,0
2023-05-28 10:35:19,1685284520,35.1,18.0,97100,3.00,4.00,4.00,4.00,0.0161,0
2023-05-28 10:44:41,1685285082,35.6,15.5,97100,2.00,7.00,11.0,13.0,0.0221,0
2023-05-28 10:49:56,1685285396,35.4,15.9,97100,4.00,4.00,5.00,6.00,0.0197,2.57
2023-05-28 10:52:23,1685285544,35.2,16.4,97100,5.00,5.00,5.00,5.00,0.0185,2.57
2023-05-28 10:59:50,1685285990,35.4,16.4,97100,4.00,5.00,6.00,7.00,0.00892,2.57
2023-05-28 11:04:46,1685286287,35.7,16.1,97100,4.00,5.00,7.00,8.00,0.0158,2.57
2023-05-28 11:09:23,1685286563,36.0,16.6,97093,7.00,7.00,7.00,7.00,0.0118,2.55
2023-05-28 11:19:45,1685287186,36.5,15.4,97015,4.00,7.00,9.00,10.0,0.0119,1.13
2023-05-28 11:24:59,1685287500,36.3,15.8,97000,4.00,4.00,5.00,5.00,0.0213,0
2023-05-28 11:26:12,1685287573,36.3,15.8,97000,3.00,4.00,5.00,5.00,0.0170,0
2023-05-28 11:34:57,1685288097,36.3,15.1,97000,3.00,6.00,9.00,10.0,0.0209,0
2023-05-28 11:39:53,1685288393,36.1,14.8,97000,5.00,9.00,12.0,14.0,0.0242,0
2023-05-28 11:42:57,1685288578,35.9,14.8,97000,4.00,7.00,9.00,10.0,0.0242,0
2023-05-28 11:49:54,1685288995,35.3,15.3,97000,6.00,6.00,6.00,6.00,0.0248,0
2023-05-28 11:54:51,1685289291,35.5,15.3,97000,5.00,7.00,8.00,9.00,0.0205,0
2023-05-28 11:58:17,1685289497,35.9,14.8,97000,6.00,7.00,7.00,7.00,0.0251,0
2023-05-28 12:14:56,1685290497,35.7,15.5,97000,6.00,8.00,9.00,10.0,0.0166,0
2023-05-28 12:16:10,1685290571,36.0,15.3,97000,3.00,5.00,7.00,7.00,0.0125,0
2023-05-28 12:24:59,1685291100,36.4,15.3,96969,5.00,6.00,6.00,6.00,0.0216,0
2023-05-28 12:29:55,1685291396,37.0,14.6,97000,8.00,9.00,9.00,9.00,0.0216,0
2023-05-28 12:34:22,1685291662,37.5,14.4,97000,5.00,6.00,6.00,6.00,0.0261,0
2023-05-28 12:44:44,1685292284,37.7,14.7,96908,10.0,12.0,12.0,13.0,0.0232,0
2023-05-28 12:49:57,1685292598,38.0,14.2,96900,9.00,10.0,10.0,10.0,0.0225,0
2023-05-28 12:51:10,1685292671,38.1,14.1,96900,4.00,6.00,9.00,11.0,0.0177,0
2023-05-28 12:59:53,1685293194,37.2,14.5,96900,6.00,7.00,9.00,10.0,0.0220,0
2023-05-28 13:04:49,1685293490,37.0,14.7,96900,5.00,6.00,9.00,10.0,0.0229,0
2023-05-28 13:08:12,1685293692,37.2,14.9,96900,6.00,8.00,9.00,10.0,0.0170,0
2023-05-28 13:14:46,1685294086,37.6,14.7,96900,5.00,6.00,7.00,7.00,0.0149,0
2023-05-28 13:19:47,1685294387,37.8,14.6,96900,7.00,8.00,8.00,8.00,0.0157,0
2023-05-28 13:24:42,1685294683,37.7,14.2,96900,7.00,7.00,7.00,8.00,0.0283,0
2023-05-28 13:25:00,1685294701,37.5,14.5,96900,4.00,4.00,4.00,4.00,0.00996,0
2023-05-28 13:34:41,1685295282,36.9,15.0,96900,6.00,6.00,6.00,6.00,0.0251,0
2023-05-28 13:39:56,1685295597,36.5,15.3,96900,5.00,7.00,8.00,9.00,0.0251,0
2023-05-28 13:41:10,1685295671,36.1,15.6,96900,2.00,3.00,4.00,4.00,0.0124,0
2023-05-28 13:54:44,1685296484,35.6,16.2,96900,4.00,7.00,9.00,10.0,0.0106,0
2023-05-28 13:59:03,1685296744,35.9,16.3,96900,3.00,4.00,4.00,5.00,0.0211,0
2023-05-28 14:04:57,1685297098,37.2,15.4,96900,5.00,5.00,5.00,5.00,0.00714,0
2023-05-28 14:09:44,1685297385,37.1,15.2,96900,4.00,5.00,8.00,10.0,0.0123,0
2023-05-28 14:14:40,1685297681,37.1,14.7,96900,6.00,6.00,7.00,8.00,0.00983,0
2023-05-28 14:29:44,1685298585,37.0,14.1,96900,4.00,7.00,10.0,11.0,0.0142,0
2023-05-28 14:32:49,1685298769,36.9,13.8,96900,3.00,5.00,7.00,8.00,0.00895,0
2023-05-28 14:39:44,1685299184,36.6,12.8,96900,4.00,4.00,4.00,5.00,0.00707,0
2023-05-28 14:44:58,1685299499,36.7,13.3,96900,4.00,5.00,6.00,6.00,0.00941,0
2023-05-28 14:49:46,1685299786,36.9,12.8,96900,6.00,6.00,8.00,8.00,0.0126,0
2023-05-28 14:59:45,1685300386,37.1,12.6,96900,6.00,8.00,12.0,14.0,0.0287,0
2023-05-28 15:04:29,1685300670,37.1,12.2,96900,6.00,7.00,7.00,7.00,0.0287,0
2023-05-28 15:19:46,1685301587,37.6,11.2,96900,9.00,9.00,12.0,13.0,0.0272,0
2023-05-28 15:22:51,1685301771,37.7,10.6,96900,7.00,8.00,8.00,8.00,0.0701,0
2023-05-28 15:34:41,1685302482,37.5,9.72,96900,9.00,9.00,11.0,12.0,0.0526,0
2023-05-28 15:39:57,1685302797,37.2,9.93,96900,10.0,11.0,11.0,11.0,0.0345,0
2023-05-28 15:54:59,1685303699,36.9,8.65,96900,7.00,9.00,10.0,11.0,0.0345,0
2023-05-28 15:58:03,1685303884,36.8,8.72,96900,11.0,11.0,11.0,11.0,0.0170,0
2023-05-28 16:04:56,1685304296,36.7,8.89,96900,4.00,5.00,6.00,6.00,0.0316,0
2023-05-28 16:09:52,1685304592,36.7,7.85,96900,7.00,7.00,10.0,12.0,0.0316,0
2023-05-28 16:14:11,1685304851,36.5,8.14,96900,7.00,9.00,11.0,12.0,0.0312,0
2023-05-28 16:29:56,1685305797,36.3,8.96,96900,7.00,9.00,10.0,11.0,0.0175,0
2023-05-28 16:31:10,1685305871,36.2,9.44,96900,7.00,8.00,9.00,9.00,0.0137,0
2023-05-28 16:39:54,1685306395,36.1,8.91,96900,6.00,7.00,7.00,8.00,0.0164,0
2023-05-28 16:44:50,1685306691,36.2,8.91,96931,9.00,9.00,9.00,9.00,0.0302,0
2023-05-28 16:49:09,1685306950,36.4,8.83,96936,5.00,7.00,8.00,9.00,0.0373,0
2023-05-28 16:54:49,1685307289,36.4,8.75,96950,6.00,7.00,7.00,8.00,0.0373,0
2023-05-28 16:59:46,1685307586,36.4,8.93,97000,7.00,8.00,8.00,10.0,0.0318,0
2023-05-28 17:04:42,1685307882,36.3,8.80,97000,9.00,11.0,14.0,17.0,0.0318,0
2023-05-28 17:06:14,1685307974,36.3,9.54,97000,5.00,7.00,8.00,8.00,0.0210,0
2023-05-28 17:14:58,1685308499,36.2,8.84,97000,7.00,8.00,8.00,9.00,0.0210,0
2023-05-28 17:19:54,1685308795,36.0,8.62,97000,9.00,10.0,10.0,11.0,0.0282,0
2023-05-28 17:23:12,1685308993,35.7,8.64,97000,7.00,7.00,7.00,8.00,0.0203,0
2023-05-28 17:29:45,1685309386,35.1,8.98,97000,6.00,8.00,9.00,10.0,0.0149,0
2023-05-28 17:34:42,1685309683,34.8,9.24,97000,7.00,7.00,9.00,10.0,0.0101,0
2023-05-28 17:39:42,1685309983,34.5,10.0,97000,6.00,7.00,8.00,9.00,0.0469,0
2023-05-28 17:44:58,1685310299,34.3,10.4,97000,7.00,8.00,8.00,9.00,0.0382,0
2023-05-28 17:49:56,1685310597,34.1,10.5,97000,5.00,5.00,6.00,6.00,0.0430,0
2023-05-28 17:54:55,1685310895,33.6,10.9,97000,9.00,10.0,10.0,10.0,0.0430,0
2023-05-28 17:59:53,1685311193,33.2,11.0,97000,6.00,7.00,10.0,11.0,0.0284,0
2023-05-28 18:04:52,1685311492,32.8,11.4,97100,6.00,8.00,9.00,10.0,0.0434,0
2023-05-28 18:09:51,1685311791,32.4,11.6,97100,9.00,10.0,10.0,10.0,0.0222,0
2023-05-28 18:14:50,1685312091,31.9,12.0,97100,4.00,5.00,6.00,6.00,0.0173,0
2023-05-28 18:19:50,1685312390,31.5,12.6,97100,6.00,7.00,7.00,8.00,0.0187,0
2023-05-28 18:24:50,1685312690,31.2,12.7,97100,4.00,8.00,11.0,13.0,0.0185,0
2023-05-28 18:29:50,1685312991,30.8,12.8,97100,7.00,9.00,10.0,11.0,0.0360,0
2023-05-28 18:34:42,1685313282,30.3,13.1,97100,7.00,13.0,18.0,20.0,0.0520,0
2023-05-28 18:39:44,1685313584,29.7,13.3,97100,7.00,7.00,8.00,8.00,0.0520,0
2023-05-28 18:44:45,1685313886,28.9,13.8,97100,4.00,6.00,9.00,10.0,0.0478,0
2023-05-28 18:49:47,1685314188,28.3,14.0,97100,6.00,6.00,6.00,6.00,0.0313,0
2023-05-28 18:54:56,1685314497,27.7,14.3,97100,7.00,13.0,18.0,21.0,0.0166,0
2023-05-28 18:59:59,1685314800,27.1,14.7,97150,5.00,8.00,11.0,13.0,0.0199,0
2023-05-28 19:04:43,1685315084,26.5,14.8,97187,3.00,6.00,8.00,9.00,0.0332,0
2023-05-28 19:09:47,1685315387,26.0,15.3,97175,5.00,6.00,7.00,8.00,0.0521,0
2023-05-28 19:14:50,1685315691,25.6,15.4,97200,4.00,5.00,5.00,6.00,0.0139,0
2023-05-28 19:19:54,1685315995,25.1,15.8,97200,5.00,5.00,6.00,7.00,0.0113,0
2023-05-28 19:24:59,1685316299,24.7,16.4,97200,5.00,7.00,9.00,10.0,0.0125,0
2023-05-28 19:29:44,1685316585,24.4,16.6,97200,4.00,8.00,13.0,16.0,0.00961,0
2023-05-28 19:34:57,1685316897,23.9,16.7,97200,5.00,5.00,7.00,8.00,0.0115,0
2023-05-28 19:39:51,1685317192,23.6,17.0,97200,4.00,5.00,5.00,5.00,0.0147,0
2023-05-28 19:44:56,1685317497,23.2,17.3,97200,4.00,10.0,16.0,18.0,0.0209,0
2023-05-28 19:49:43,1685317784,22.9,17.3,97200,5.00,7.00,9.00,10.0,0.0209,0
2023-05-28 19:54:50,1685318091,22.6,17.2,97200,7.00,8.00,9.00,9.00,0.0326,0
2023-05-28 19:59:57,1685318397,22.3,17.4,97200,3.00,5.00,6.00,7.00,0.0263,0
2023-05-28 20:04:44,1685318685,21.9,17.5,97231,4.00,5.00,5.00,6.00,0.0296,0
2023-05-28 20:09:51,1685318992,21.6,17.7,97281,4.00,8.00,11.0,13.0,0.0421,0
2023-05-28 20:14:58,1685319298,21.3,18.1,97300,4.00,7.00,9.00,11.0,0.0421,0
2023-05-28 20:19:54,1685319594,21.0,18.5,97300,4.00,4.00,6.00,7.00,0.0162,0
2023-05-28 20:24:42,1685319883,20.6,18.8,97300,3.00,7.00,9.00,11.0,0.0198,0
2023-05-28 20:29:49,1685320190,20.3,18.9,97300,6.00,6.00,6.00,7.00,0.0148,0
2023-05-28 20:34:58,1685320498,19.9,19.1,97300,3.00,4.00,5.00,6.00,0.0237,0
2023-05-28 20:39:48,1685320789,19.6,19.7,97300,6.00,6.00,7.00,8.00,0.0237,0
2023-05-28 20:44:57,1685321098,19.3,19.9,97300,8.00,8.00,9.00,9.00,0.0148,0
2023-05-28 20:47:51,1685321272,19.1,19.9,97300,4.00,5.00,5.00,5.00,0.0372,0
2023-05-28 20:59:52,1685321992,18.4,21.0,97300,6.00,7.00,8.00,8.00,0.0314,0
2023-05-28 21:04:42,1685322282,18.3,21.1,97307,4.00,8.00,11.0,12.0,0.0327,0
2023-05-28 21:09:52,1685322592,18.1,21.5,97400,4.00,8.00,11.0,12.0,0.0183,0
2023-05-28 21:14:42,1685322883,17.9,21.6,97400,4.00,10.0,16.0,19.0,0.0193,0
2023-05-28 21:19:51,1685323192,17.7,21.9,97400,4.00,8.00,11.0,13.0,0.0302,0
2023-05-28 21:24:46,1685323487,17.6,22.1,97400,4.00,6.00,9.00,11.0,0.0407,0
2023-05-28 21:29:57,1685323797,17.4,22.5,97400,5.00,8.00,10.0,12.0,0.0407,0
2023-05-28 21:34:48,1685324088,17.2,22.6,97400,3.00,5.00,8.00,9.00,0.0336,0
2023-05-28 21:39:39,1685324380,17.1,22.7,97400,4.00,7.00,9.00,11.0,0.0354,0
2023-05-28 21:44:49,1685324689,16.9,23.0,97400,6.00,7.00,10.0,11.0,0.0142,0
2023-05-28 21:49:40,1685324981,16.7,23.2,97400,4.00,5.00,5.00,5.00,0.0134,0
2023-05-28 21:54:51,1685325292,16.6,23.3,97400,5.00,9.00,15.0,18.0,0.0149,0
2023-05-28 21:59:43,1685325584,16.4,23.5,97400,5.00,7.00,11.0,13.0,0.0210,0
2023-05-28 22:04:54,1685325895,16.3,23.8,97400,6.00,8.00,11.0,13.0,0.0134,0
2023-05-28 22:09:46,1685326187,16.1,23.7,97400,4.00,5.00,5.00,5.00,0.0164,0
2023-05-28 22:14:58,1685326498,16.0,24.0,97400,4.00,5.00,6.00,7.00,0.0164,0
2023-05-28 22:19:50,1685326791,15.8,24.4,97473,5.00,8.00,11.0,12.0,0.0131,0
2023-05-28 22:24:48,1685327089,15.6,24.5,97446,5.00,7.00,9.00,10.0,0.0124,0
2023-05-28 22:29:41,1685327381,15.5,24.8,97400,6.00,7.00,9.00,10.0,0.0124,0
2023-05-28 22:34:53,1685327693,15.4,24.9,97413,6.00,7.00,8.00,8.00,0.0189,0
2023-05-28 22:39:45,1685327986,15.3,25.1,97487,5.00,5.00,7.00,8.00,0.0164,0
2023-05-28 22:44:57,1685328298,15.2,25.3,97500,7.00,8.00,11.0,12.0,0.0159,0
2023-05-28 22:49:50,1685328590,15.1,25.5,97500,3.00,4.00,6.00,6.00,0.0300,0
2023-05-28 22:54:43,1685328883,15.0,25.8,97500,6.00,9.00,13.0,14.0,0.0309,0
2023-05-28 22:59:54,1685329194,14.9,26.0,97500,4.00,5.00,6.00,7.00,0.0178,0
2023-05-28 23:04:47,1685329487,14.7,26.3,97500,6.00,7.00,11.0,13.0,0.0298,0
2023-05-28 23:09:59,1685329800,14.6,26.6,97500,4.00,6.00,9.00,11.0,0.0447,0
2023-05-28 23:14:52,1685330093,14.5,26.8,97500,3.00,4.00,6.00,7.00,0.0447,0
2023-05-28 23:19:45,1685330386,14.4,26.9,97500,4.00,4.00,5.00,5.00,0.0230,0
2023-05-28 23:24:58,1685330699,14.3,27.3,97500,5.00,6.00,7.00,9.00,0.0258,0
2023-05-28 23:29:52,1685330993,14.2,27.5,97500,3.00,6.00,9.00,10.0,0.0205,0
2023-05-28 23:34:46,1685331286,14.2,27.6,97500,5.00,6.00,7.00,9.00,0.0160,0
2023-05-28 23:39:59,1685331599,14.1,27.7,97500,4.00,7.00,11.0,13.0,0.0217,0
2023-05-28 23:44:52,1685331893,14.0,28.0,97500,5.00,6.00,8.00,9.00,0.0210,0
2023-05-28 23:49:46,1685332187,13.9,28.2,97500,6.00,7.00,7.00,7.00,0.0246,0
2023-05-28 23:54:40,1685332481,13.9,28.3,97500,4.00,6.00,9.00,10.0,0.0187,0
2023-05-28 23:59:52,1685332792,13.8,28.5,97500,6.00,6.00,6.00,7.00,0.0221,0
2023-05-29 00:04:46,1685333086,13.7,28.7,97500,8.00,10.0,11.0,12.0,0.0226,0
2023-05-29 00:09:59,1685333399,13.7,28.9,97500,6.00,7.00,9.00,11.0,0.0142,0
2023-05-29 00:14:53,1685333693,13.6,29.3,97500,4.00,8.00,11.0,13.0,0.0273,0
2023-05-29 00:19:46,1685333986,13.5,29.4,97500,4.00,8.00,12.0,14.0,0.0297,0
2023-05-29 00:24:59,1685334300,13.4,29.4,97500,5.00,5.00,7.00,8.00,0.0311,0
2023-05-29 00:29:53,1685334594,13.4,29.5,97500,2.00,3.00,6.00,7.00,0.0311,0
2023-05-29 00:34:46,1685334887,13.3,29.6,97500,4.00,6.00,8.00,9.00,0.0326,0
2023-05-29 00:39:40,1685335181,13.2,29.6,97500,4.00,6.00,8.00,9.00,0.0446,0
2023-05-29 00:44:53,1685335494,13.2,29.9,97500,3.00,6.00,8.00,10.0,0.0446,0
2023-05-29 00:49:46,1685335786,13.1,30.0,97500,3.00,6.00,7.00,8.00,0.0170,0
2023-05-29 00:54:20,1685336061,13.1,30.2,97500,3.00,7.00,12.0,15.0,0.0116,0
2023-05-29 00:59:53,1685336394,13.0,30.4,97500,6.00,8.00,9.00,11.0,0.0250,0
2023-05-29 01:04:49,1685336690,12.9,30.3,97500,5.00,7.00,9.00,11.0,0.0192,0
2023-05-29 01:09:50,1685336991,12.9,30.4,97500,4.00,5.00,7.00,8.00,0.0323,0
2023-05-29 01:14:45,1685337285,12.8,30.4,97500,5.00,5.00,6.00,7.00,0.0607,0
2023-05-29 01:19:43,1685337583,12.8,30.5,97500,3.00,6.00,8.00,9.00,0.0454,0
2023-05-29 01:24:55,1685337896,12.7,30.5,97500,4.00,6.00,8.00,10.0,0.0162,0
2023-05-29 01:29:50,1685338190,12.7,30.5,97500,4.00,8.00,13.0,15.0,0.0191,0
2023-05-29 01:34:44,1685338485,12.7,30.7,97500,3.00,8.00,12.0,13.0,0.0200,0
2023-05-29 01:39:48,1685338788,12.7,30.7,97500,4.00,8.00,11.0,13.0,0.0379,0
2023-05-29 01:44:49,1685339090,12.7,30.6,97500,3.00,5.00,7.00,8.00,0.0379,0
2023-05-29 01:49:51,1685339392,12.8,30.4,97500,5.00,11.0,16.0,19.0,0.0300,0
2023-05-29 01:54:45,1685339686,12.8,30.2,97500,4.00,6.00,9.00,11.0,0.0168,0
2023-05-29 01:59:47,1685339988,12.8,30.3,97500,3.00,6.00,9.00,11.0,0.0156,0
2023-05-29 02:04:42,1685340282,12.6,30.6,97553,4.00,8.00,12.0,15.0,0.0163,0
2023-05-29 02:09:56,1685340597,12.4,31.0,97600,4.00,11.0,17.0,20.0,0.0371,0
2023-05-29 02:14:41,1685340881,12.3,31.2,97600,5.00,6.00,7.00,7.00,0.0173,0
2023-05-29 02:19:56,1685341197,12.1,31.5,97600,5.00,9.00,12.0,14.0,0.0536,0
2023-05-29 02:24:12,1685341452,12.0,31.3,97600,4.00,5.00,7.00,9.00,0.0383,0
2023-05-29 02:29:43,1685341783,12.0,31.2,97600,4.00,6.00,9.00,10.0,0.0152,0
2023-05-29 02:34:56,1685342097,12.0,31.5,97600,5.00,8.00,10.0,11.0,0.0153,0
2023-05-29 02:39:51,1685342391,12.0,31.5,97600,4.00,5.00,8.00,9.00,0.0154,0
2023-05-29 02:44:44,1685342685,12.0,31.5,97600,4.00,5.00,5.00,5.00,0.0140,0
2023-05-29 02:49:59,1685343000,11.9,31.5,97600,5.00,6.00,7.00,7.00,0.0170,0
2023-05-29 02:54:53,1685343293,11.8,31.3,97600,5.00,6.00,7.00,8.00,0.0136,0
2023-05-29 02:59:48,1685343589,11.8,31.3,97600,4.00,7.00,11.0,12.0,0.0267,0
2023-05-29 03:04:42,1685343883,11.7,31.5,97600,3.00,5.00,9.00,10.0,0.0267,0
2023-05-29 03:09:58,1685344198,11.7,31.4,97600,3.00,5.00,8.00,9.00,0.0266,0
2023-05-29 03:14:53,1685344493,11.7,31.5,97600,3.00,3.00,4.00,4.00,0.0315,0
2023-05-29 03:19:55,1685344795,11.6,31.5,97600,5.00,6.00,8.00,9.00,0.0315,0
2023-05-29 03:24:49,1685345089,11.6,31.6,97600,7.00,7.00,7.00,7.00,0.0412,0
2023-05-29 03:29:49,1685345390,11.5,31.5,97600,2.00,4.00,7.00,8.00,0.0394,0
2023-05-29 03:34:12,1685345653,11.4,31.7,97600,2.00,4.00,5.00,6.00,0.0143,0
2023-05-29 03:39:50,1685345991,11.3,31.8,97600,4.00,7.00,10.0,12.0,0.0223,0
2023-05-29 03:44:46,1685346286,11.2,31.9,97627,4.00,7.00,11.0,13.0,0.0432,0
2023-05-29 03:49:48,1685346589,11.1,32.1,97660,5.00,9.00,12.0,14.0,0.0592,0
2023-05-29 03:54:51,1685346892,11.0,32.2,97700,4.00,8.00,13.0,15.0,0.0150,0
2023-05-29 03:59:47,1685347187,10.9,32.5,97700,4.00,7.00,9.00,10.0,0.0487,0
2023-05-29 04:04:43,1685347483,10.8,32.7,97700,3.00,4.00,4.00,5.00,0.0484,0
2023-05-29 04:09:46,1685347786,10.7,32.9,97700,4.00,9.00,15.0,18.0,0.0131,0
2023-05-29 04:14:40,1685348080,10.6,33.1,97700,4.00,5.00,6.00,6.00,0.0264,0
2023-05-29 04:19:56,1685348396,10.5,33.4,97700,4.00,11.0,17.0,20.0,0.0392,0
2023-05-29 04:24:52,1685348692,10.4,33.5,97700,4.00,4.00,6.00,8.00,0.0311,0
2023-05-29 04:29:48,1685348988,10.3,33.6,97700,4.00,5.00,6.00,7.00,0.0738,0
2023-05-29 04:34:44,1685349285,10.3,33.7,97700,2.00,3.00,6.00,7.00,0.0458,0
2023-05-29 04:39:47,1685349587,10.2,33.8,97700,5.00,7.00,8.00,10.0,0.0140,0
2023-05-29 04:44:43,1685349883,10.2,33.9,97700,4.00,7.00,9.00,11.0,0.0610,0
2023-05-29 04:49:58,1685350199,10.1,34.0,97700,4.00,7.00,10.0,11.0,0.0385,0
2023-05-29 04:54:53,1685350493,10.1,34.3,97700,3.00,5.00,6.00,7.00,0.0340,0
2023-05-29 04:59:47,1685350788,10.0,34.3,97700,3.00,7.00,12.0,14.0,0.0141,0
2023-05-29 05:04:43,1685351083,10.0,34.6,97738,3.00,4.00,6.00,6.00,0.0141,0
2023-05-29 05:09:59,1685351399,9.99,34.7,97744,3.00,5.00,7.00,8.00,0.0219,0
2023-05-29 05:14:54,1685351694,10.0,34.5,97800,4.00,5.00,5.00,6.00,0.0216,0
2023-05-29 09:19:53,1685366393,26.6,15.5,98000,1.00,3.00,6.00,7.00,,
2023-05-29 09:24:54,1685366694,26.7,15.5,98000,2.00,4.00,6.00,7.00,,
2023-05-29 09:29:44,1685366984,27.0,15.1,98000,2.00,5.00,8.00,10.0,,
2023-05-29 09:33:29,1685367210,27.3,15.2,98000,2.00,4.00,6.00,7.00,0.0184,0
2023-05-29 09:49:49,1685368190,27.7,15.5,98000,2.00,10.0,18.0,21.0,0.0219,0
2023-05-29 09:54:58,1685368499,27.5,15.2,98000,1e-7,3.00,6.00,7.00,0.0139,0
2023-05-29 09:59:49,1685368790,27.3,15.4,98000,2.00,4.00,6.00,7.00,0.0341,0
2023-05-29 10:04:50,1685369090,27.5,15.4,98000,1.00,3.00,5.00,6.00,0.0341,0
2023-05-29 10:08:35,1685369315,27.7,15.0,98000,3.00,4.00,5.00,5.00,0.0131,0
2023-05-29 10:19:47,1685369987,28.7,13.9,98000,2.00,3.00,5.00,6.00,0.0128,0
2023-05-29 10:23:13,1685370193,29.0,13.8,98000,2.00,3.00,6.00,7.00,0.0129,0
2023-05-29 10:34:58,1685370898,29.3,14.2,98000,2.00,4.00,6.00,7.00,0.0113,0
2023-05-29 10:39:58,1685371198,29.4,13.5,98000,2.00,3.00,4.00,5.00,0.0113,0
2023-05-29 10:42:46,1685371366,29.5,13.5,98000,2.00,2.00,3.00,4.00,0.0149,0
2023-05-29 10:49:43,1685371783,29.7,13.7,98000,1.00,2.00,3.00,4.00,0.0149,0
2023-05-29 10:54:42,1685372083,29.7,13.4,97963,2.00,5.00,8.00,10.0,0.0117,0
2023-05-29 10:58:46,1685372326,29.6,13.5,97962,4.00,4.00,4.00,4.00,0.0174,0
2023-05-29 11:14:55,1685373296,29.8,13.5,97956,2.00,3.00,5.00,6.00,0.0185,0
2023-05-29 11:16:29,1685373389,29.9,13.6,97900,2.00,3.00,4.00,5.00,0.00969,0
2023-05-29 11:24:58,1685373899,29.8,13.6,97900,2.00,4.00,7.00,8.00,0.0180,0
2023-05-29 11:29:58,1685374198,29.7,13.8,97900,1.00,5.00,8.00,10.0,0.0253,0
2023-05-29 11:33:43,1685374423,29.8,13.5,97900,1.00,2.00,3.00,4.00,0.0266,0
2023-05-29 11:39:58,1685374799,29.7,14.0,97900,1.00,3.00,3.00,4.00,0.0192,0
2023-05-29 11:44:58,1685375099,29.8,13.5,97900,2.00,3.00,6.00,7.00,0.0226,0
2023-05-29 11:49:59,1685375399,29.8,13.9,97900,1.00,6.00,10.0,12.0,0.0148,0
2023-05-29 11:51:13,1685375474,29.8,14.1,97900,1e-7,3.00,5.00,7.00,0.0383,0
2023-05-29 11:59:51,1685375992,29.3,14.4,97900,4.00,5.00,6.00,7.00,0.0383,0
2023-05-29 12:04:52,1685376292,29.3,14.2,97900,2.00,6.00,10.0,11.0,0.0395,0
2023-05-29 12:08:18,1685376498,29.4,14.4,97900,3.00,4.00,5.00,6.00,0.0151,0
2023-05-29 12:14:55,1685376895,29.5,14.7,97900,1e-7,2.00,4.00,4.00,0.0405,0
2023-05-29 12:19:55,1685377196,29.4,14.6,97900,2.00,5.00,8.00,10.0,0.0376,0
2023-05-29 12:24:56,1685377496,29.5,14.5,97900,2.00,7.00,10.0,12.0,0.0445,0
2023-05-29 12:25:33,1685377533,29.5,14.5,97900,1.00,2.00,3.00,3.00,0.0445,0
2023-05-29 12:34:59,1685378100,29.5,14.7,97900,4.00,8.00,11.0,13.0,0.0298,0
2023-05-29 12:39:41,1685378382,29.3,14.9,97900,3.00,4.00,5.00,6.00,0.0310,0
2023-05-29 12:41:15,1685378476,29.4,14.9,97900,1.00,2.00,3.00,4.00,0.0276,0
2023-05-29 12:49:52,1685378993,29.8,14.3,97900,3.00,4.00,5.00,5.00,0.0133,0
2023-05-29 12:54:52,1685379293,29.8,14.4,97900,5.00,6.00,7.00,7.00,0.0103,0
2023-05-29 12:58:38,1685379518,29.9,14.3,97900,4.00,7.00,10.0,11.0,0.0433,0
2023-05-29 13:09:46,1685380186,30.0,14.0,97900,2.00,2.00,2.00,3.00,0.0433,0
2023-05-29 13:14:46,1685380486,30.0,14.1,97900,3.00,4.00,6.00,7.00,0.0433,0
2023-05-29 13:16:56,1685380617,30.0,14.2,97900,4.00,6.00,9.00,10.0,0.0339,0
2023-05-29 13:24:46,1685381087,30.2,14.2,97900,4.00,5.00,5.00,5.00,0.0292,0
2023-05-29 13:29:46,1685381387,30.2,14.3,97900,6.00,9.00,12.0,14.0,0.0294,0
2023-05-29 13:33:12,1685381593,30.4,14.0,97900,4.00,9.00,12.0,13.0,0.0404,0
2023-05-29 13:39:48,1685381989,30.6,14.4,97900,5.00,6.00,6.00,6.00,0.0404,0
2023-05-29 13:44:48,1685382288,30.7,14.2,97900,8.00,14.0,18.0,21.0,0.0309,0
2023-05-29 13:49:48,1685382588,30.7,14.0,97900,8.00,12.0,14.0,16.0,0.123,0
2023-05-29 13:51:02,1685382662,30.8,13.9,97900,10.0,11.0,11.0,11.0,0.123,0
2023-05-29 13:59:58,1685383199,31.1,13.8,97829,6.00,7.00,9.00,10.0,0.123,0
2023-05-29 14:04:57,1685383498,31.2,13.7,97856,13.0,15.0,16.0,17.0,0.103,0
2023-05-29 14:07:45,1685383666,31.1,13.7,97811,13.0,16.0,18.0,19.0,0.0533,0
2023-05-29 14:14:50,1685384090,30.9,13.7,97867,20.0,21.0,21.0,21.0,0.581,0
2023-05-29 14:19:49,1685384390,31.1,13.6,97800,15.0,23.0,28.0,30.0,0.575,0
2023-05-29 14:24:49,1685384689,31.1,13.8,97800,11.0,13.0,13.0,14.0,0.441,0
2023-05-29 14:25:07,1685384708,31.0,13.3,97800,9.00,11.0,13.0,14.0,0.441,0
2023-05-29 14:34:43,1685385283,30.9,13.8,97800,15.0,17.0,18.0,18.0,0.447,0
2023-05-29 14:39:42,1685385583,30.9,13.9,97800,31.0,34.0,35.0,36.0,1.38,0
2023-05-29 14:42:12,1685385732,30.7,14.0,97800,30.0,32.0,32.0,32.0,2.52,0
2023-05-29 14:49:44,1685386184,30.6,14.4,97800,16.0,17.0,17.0,17.0,2.52,0
2023-05-29 14:54:45,1685386486,30.6,14.3,97800,21.0,23.0,23.0,24.0,2.55,0
2023-05-29 14:59:07,1685386748,30.6,14.3,97800,25.0,27.0,28.0,28.0,2.54,0
2023-05-29 15:04:46,1685387086,30.6,14.4,97800,31.0,33.0,33.0,33.0,0.418,0
2023-05-29 15:09:45,1685387386,30.6,14.4,97800,30.0,32.0,33.0,33.0,1.05,0
2023-05-29 15:14:45,1685387686,30.5,14.7,97800,17.0,18.0,18.0,18.0,0.886,0
2023-05-29 15:16:37,1685387798,30.4,15.0,97800,14.0,16.0,16.0,16.0,2.11,0
2023-05-29 15:24:53,1685388293,30.2,14.9,97800,13.0,15.0,16.0,17.0,2.26,0
2023-05-29 15:29:53,1685388593,30.1,15.4,97800,10.0,11.0,14.0,15.0,1.12,0
2023-05-29 15:33:37,1685388818,30.0,15.2,97800,9.00,12.0,15.0,17.0,0.289,0
2023-05-29 15:44:43,1685389484,30.1,15.3,97800,5.00,8.00,11.0,13.0,0.128,0
2023-05-29 15:49:44,1685389784,30.1,15.2,97800,6.00,7.00,8.00,9.00,0.0839,0
2023-05-29 15:50:39,1685389840,30.1,15.5,97800,2.00,3.00,4.00,4.00,0.0575,0
2023-05-29 15:59:44,1685390385,30.1,15.2,97800,4.00,4.00,4.00,4.00,0.131,0
2023-05-29 16:04:45,1685390685,30.0,15.2,97763,3.00,4.00,6.00,7.00,0.0897,0
2023-05-29 16:06:38,1685390798,29.9,15.4,97783,2.00,3.00,5.00,6.00,0.0125,0
2023-05-29 16:14:46,1685391287,30.0,15.3,97700,3.00,4.00,6.00,6.00,0.0122,0
2023-05-29 16:19:46,1685391587,30.1,15.5,97700,2.00,5.00,9.00,11.0,0.0187,0
2023-05-29 16:23:48,1685391828,30.1,15.2,97700,4.00,5.00,7.00,8.00,0.0181,0
2023-05-29 16:34:55,1685392496,30.1,15.2,97700,4.00,6.00,7.00,8.00,0.0252,0
2023-05-29 16:39:55,1685392796,30.1,15.0,97700,4.00,4.00,5.00,6.00,0.0215,0
2023-05-29 16:40:52,1685392852,30.1,15.1,97700,2.00,3.00,4.00,4.00,0.0171,0
2023-05-29 16:49:47,1685393387,30.1,15.0,97700,2.00,3.00,6.00,7.00,0.0113,0
2023-05-29 16:54:47,1685393687,30.0,14.8,97700,3.00,4.00,7.00,9.00,0.0145,0
2023-05-29 16:59:09,1685393950,30.0,14.7,97700,2.00,3.00,5.00,6.00,0.0145,0
2023-05-29 17:04:52,1685394293,29.9,14.8,97700,1e-7,1e-7,1e-7,1e-7,0.0107,0
2023-05-29 17:09:52,1685394592,29.9,14.9,97700,3.00,8.00,13.0,16.0,0.0191,0
2023-05-29 17:14:52,1685394892,30.0,14.7,97700,2.00,3.00,5.00,7.00,0.0291,0
2023-05-29 17:15:11,1685394911,30.0,14.6,97700,1e-7,1.00,2.00,3.00,0.00933,0
2023-05-29 17:24:55,1685395496,29.7,14.8,97700,2.00,3.00,4.00,4.00,0.0332,0
2023-05-29 17:29:56,1685395796,29.4,14.7,97700,2.00,4.00,8.00,9.00,0.0145,0
2023-05-29 17:34:57,1685396097,29.0,14.8,97700,2.00,3.00,5.00,6.00,0.0124,0
2023-05-29 17:39:58,1685396398,28.6,15.0,97700,2.00,3.00,3.00,3.00,0.0102,0
2023-05-29 17:44:59,1685396700,28.3,15.2,97700,1.00,9.00,15.0,18.0,0.0112,0
2023-05-29 17:49:42,1685396983,28.0,15.1,97700,2.00,2.00,4.00,4.00,0.0200,0
2023-05-29 17:54:44,1685397285,27.7,15.3,97700,2.00,3.00,4.00,4.00,0.0200,0
2023-05-29 17:59:47,1685397587,27.4,15.4,97700,2.00,4.00,6.00,8.00,0.0144,0
2023-05-29 18:04:49,1685397890,27.1,15.5,97700,2.00,6.00,11.0,14.0,0.0330,0
2023-05-29 18:09:52,1685398193,26.7,15.6,97700,2.00,4.00,6.00,7.00,0.0330,0
2023-05-29 18:14:45,1685398486,26.4,15.7,97700,1.00,4.00,8.00,9.00,0.0179,0
2023-05-29 18:19:48,1685398789,26.0,16.0,97700,1.00,4.00,8.00,9.00,0.0136,0
2023-05-29 18:24:52,1685399093,25.8,16.1,97700,2.00,5.00,8.00,10.0,0.0166,0
2023-05-29 18:29:56,1685399396,25.6,16.3,97700,2.00,4.00,6.00,7.00,0.0263,0
2023-05-29 18:34:41,1685399681,25.3,16.5,97700,1.00,3.00,5.00,5.00,0.0290,0
2023-05-29 18:39:45,1685399986,25.0,17.0,97700,4.00,5.00,8.00,9.00,0.0188,0
2023-05-29 18:44:50,1685400290,24.6,17.3,97700,2.00,6.00,10.0,11.0,0.0143,0
2023-05-29 18:49:54,1685400595,24.1,17.7,97700,2.00,6.00,8.00,9.00,0.0108,0
2023-05-29 18:54:40,1685400881,23.7,17.9,97727,2.00,6.00,11.0,13.0,0.0134,0
2023-05-29 18:59:46,1685401187,23.3,18.1,97788,2.00,5.00,9.00,10.0,0.0184,0
2023-05-29 19:04:52,1685401492,22.9,18.4,97800,1.00,5.00,9.00,11.0,0.0187,0
2023-05-29 19:09:58,1685401799,22.6,18.8,97800,3.00,4.00,5.00,6.00,0.0241,0
2023-05-29 19:14:54,1685402095,22.3,19.0,97800,1.00,5.00,9.00,11.0,0.0184,0
2023-05-29 19:19:42,1685402382,22.0,19.3,97800,1.00,3.00,4.00,5.00,0.0108,0
2023-05-29 19:24:48,1685402689,21.7,20.0,97800,3.00,10.0,16.0,19.0,0.0280,0
2023-05-29 19:29:36,1685402977,21.4,20.7,97800,4.00,4.00,5.00,6.00,0.0543,0
2023-05-29 19:34:59,1685403299,21.1,21.4,97800,2.00,5.00,9.00,11.0,0.0503,0
2023-05-29 19:39:47,1685403587,20.7,21.6,97800,4.00,10.0,14.0,17.0,0.0518,0
2023-05-29 19:44:54,1685403895,20.4,21.8,97800,2.00,2.00,4.00,4.00,0.0556,0
2023-05-29 19:49:43,1685404184,20.0,22.2,97800,2.00,2.00,3.00,4.00,0.0598,0
2023-05-29 19:54:40,1685404481,19.7,22.3,97800,2.00,4.00,6.00,7.00,0.0167,0
2023-05-29 19:59:56,1685404797,19.3,22.5,97800,1.00,2.00,4.00,4.00,0.0116,0
2023-05-29 20:04:46,1685405086,19.0,22.8,97800,2.00,2.00,3.00,3.00,0.0118,0
2023-05-29 20:09:55,1685405396,18.6,22.9,97800,1.00,5.00,8.00,10.0,0.0126,0
2023-05-29 20:14:45,1685405686,18.3,23.0,97800,1.00,5.00,8.00,10.0,0.0268,0
2023-05-29 20:19:55,1685405996,18.0,23.2,97800,2.00,4.00,6.00,7.00,0.0253,0
2023-05-29 20:24:46,1685406286,17.7,23.5,97800,1.00,3.00,5.00,5.00,0.0155,0
2023-05-29 20:29:56,1685406596,17.5,24.3,97800,2.00,6.00,11.0,13.0,0.00804,0
2023-05-29 20:34:47,1685406887,17.2,24.2,97800,2.00,4.00,6.00,7.00,0.0119,0
2023-05-29 20:39:57,1685407198,17.0,24.4,97800,3.00,4.00,4.00,4.00,0.0278,0
2023-05-29 20:44:48,1685407488,16.8,24.2,97800,2.00,2.00,3.00,3.00,0.0126,0
2023-05-29 20:49:46,1685407787,16.6,24.4,97800,2.00,2.00,4.00,5.00,0.0122,0
2023-05-29 20:54:57,1685408098,16.5,24.6,97800,1.00,2.00,4.00,5.00,0.0103,0
2023-05-29 20:59:48,1685408388,16.3,24.9,97800,2.00,4.00,6.00,7.00,0.0131,0
2023-05-29 21:04:44,1685408685,16.2,25.0,97800,2.00,6.00,9.00,10.0,0.0120,0
2023-05-29 21:09:55,1685408996,16.0,24.6,97800,1.00,4.00,6.00,7.00,0.0128,0
2023-05-29 21:14:35,1685409276,15.9,23.9,97800,1.00,9.00,15.0,18.0,0.0129,0
2023-05-29 21:19:53,1685409594,15.8,23.4,97800,2.00,2.00,3.00,3.00,0.0158,0
2023-05-29 21:24:44,1685409885,15.7,23.3,97800,1.00,6.00,9.00,11.0,0.0223,0
2023-05-29 21:29:56,1685410197,15.7,23.4,97800,2.00,2.00,4.00,4.00,0.0193,0
2023-05-29 21:34:48,1685410489,15.6,23.6,97800,2.00,4.00,8.00,9.00,0.0176,0
2023-05-29 21:39:40,1685410781,15.5,24.1,97800,2.00,9.00,15.0,17.0,0.0416,0
2023-05-29 21:44:51,1685411092,15.4,24.2,97800,2.00,3.00,5.00,6.00,0.0294,0
2023-05-29 21:49:52,1685411392,15.4,24.3,97800,1.00,2.00,3.00,4.00,0.0396,0
2023-05-29 21:54:45,1685411685,15.3,24.1,97800,1.00,5.00,8.00,10.0,0.0165,0
2023-05-29 21:59:55,1685411996,15.3,24.2,97800,1.00,5.00,7.00,9.00,0.0158,0
2023-05-29 22:04:16,1685412257,15.2,23.9,97800,1.00,4.00,7.00,9.00,0.0199,0
2023-05-29 22:09:47,1685412588,15.2,24.1,97800,2.00,2.00,4.00,4.00,0.0199,0
2023-05-29 22:14:40,1685412881,15.2,24.3,97800,1.00,4.00,6.00,7.00,0.0200,0
2023-05-29 22:17:55,1685413076,15.1,24.5,97800,1.00,4.00,7.00,9.00,0.0200,0
2023-05-29 22:24:46,1685413487,15.0,24.2,97800,1.00,4.00,7.00,9.00,0.0129,0
2023-05-29 22:29:58,1685413799,15.0,24.5,97800,2.00,4.00,6.00,7.00,0.0129,0
2023-05-29 22:34:53,1685414094,15.0,24.5,97800,1.00,3.00,6.00,7.00,0.0129,0
2023-05-29 22:39:47,1685414388,15.0,24.7,97800,2.00,2.00,3.00,4.00,0.0103,0
2023-05-29 22:44:40,1685414681,14.9,24.5,97800,2.00,3.00,5.00,6.00,0.0113,0
2023-05-29 22:49:52,1685414993,14.9,24.3,97800,1.00,4.00,7.00,8.00,0.0145,0
2023-05-29 22:54:45,1685415286,14.9,24.4,97800,2.00,4.00,7.00,8.00,0.0182,0
2023-05-29 22:59:58,1685415599,14.9,24.9,97800,1.00,3.00,6.00,7.00,0.0259,0
2023-05-29 23:04:51,1685415892,14.9,24.9,97800,2.00,3.00,5.00,6.00,0.0166,0
2023-05-29 23:09:43,1685416184,14.8,25.1,97800,2.00,4.00,7.00,9.00,0.0166,0
2023-05-29 23:14:56,1685416497,14.7,25.1,97800,1.00,2.00,4.00,4.00,0.0178,0
2023-05-29 23:19:54,1685416794,14.6,24.9,97800,2.00,3.00,5.00,6.00,0.0128,0
2023-05-29 23:24:47,1685417087,14.6,25.4,97800,3.00,8.00,12.0,14.0,0.0234,0
2023-05-29 23:29:59,1685417400,14.6,25.5,97800,2.00,3.00,6.00,7.00,0.0265,0
2023-05-29 23:34:52,1685417693,14.5,24.8,97800,3.00,4.00,6.00,8.00,0.0163,0
2023-05-29 23:39:45,1685417986,14.5,25.5,97800,2.00,4.00,8.00,9.00,0.0163,0
2023-05-29 23:44:58,1685418298,14.4,25.6,97800,2.00,4.00,7.00,8.00,0.0133,0
2023-05-29 23:49:51,1685418592,14.4,25.9,97800,2.00,2.00,4.00,5.00,0.0161,0
2023-05-29 23:54:45,1685418885,14.3,26.3,97800,1.00,5.00,8.00,10.0,0.0262,0
2023-05-29 23:59:58,1685419198,14.2,26.1,97800,2.00,2.00,3.00,4.00,0.0164,0
2023-05-30 00:04:51,1685419492,14.1,26.0,97800,2.00,6.00,8.00,10.0,0.0164,0
2023-05-30 00:09:45,1685419786,14.0,26.0,97800,1.00,2.00,3.00,4.00,0.0128,0
2023-05-30 00:14:58,1685420099,14.0,26.1,97800,1.00,2.00,3.00,4.00,0.00918,0
2023-05-30 00:19:52,1685420392,13.9,26.4,97800,1.00,4.00,7.00,9.00,0.0108,0
2023-05-30 00:24:45,1685420686,13.9,26.6,97800,1.00,3.00,6.00,7.00,0.0103,0
2023-05-30 00:29:59,1685420999,13.8,26.8,97800,2.00,6.00,11.0,13.0,0.0111,0
2023-05-30 00:34:52,1685421293,13.7,27.4,97800,2.00,3.00,4.00,5.00,0.0126,0
2023-05-30 00:39:46,1685421587,13.6,27.4,97800,1.00,2.00,3.00,4.00,0.0305,0
2023-05-30 00:44:51,1685421892,13.5,27.4,97800,1e-7,2.00,3.00,4.00,0.0305,0
2023-05-30 00:49:52,1685422193,13.5,27.4,97800,1.00,7.00,11.0,13.0,0.0179,0
2023-05-30 00:54:46,1685422487,13.4,27.8,97800,1e-7,4.00,7.00,9.00,0.0179,0
2023-05-30 00:59:59,1685422800,13.4,27.1,97800,1e-7,3.00,6.00,7.00,0.0167,0
2023-05-30 01:04:53,1685423094,13.3,27.6,97800,1.00,3.00,6.00,7.00,0.0124,0
2023-05-30 01:09:47,1685423388,13.3,27.9,97800,1.00,6.00,9.00,11.0,0.0126,0
2023-05-30 01:14:31,1685423672,13.3,28.3,97800,1.00,5.00,8.00,9.00,0.0126,0
2023-05-30 01:19:51,1685423991,13.2,28.3,97800,2.00,2.00,3.00,4.00,0.0120,0
2023-05-30 01:24:45,1685424286,13.1,28.7,97800,1.00,4.00,6.00,7.00,0.0108,0
2023-05-30 01:29:59,1685424600,13.0,29.1,97800,1.00,3.00,6.00,7.00,0.0117,0
2023-05-30 01:34:53,1685424894,12.9,28.9,97800,2.00,5.00,8.00,10.0,0.0117,0
2023-05-30 01:37:30,1685425051,12.8,28.9,97800,1.00,4.00,8.00,9.00,0.0262,0
2023-05-30 01:54:53,1685426094,12.6,29.1,97777,1.00,2.00,3.00,3.00,0.0181,0
2023-05-30 01:59:48,1685426389,12.6,29.4,97787,1.00,5.00,8.00,10.0,0.0200,0
2023-05-30 02:04:43,1685426683,12.6,29.7,97800,2.00,3.00,5.00,6.00,0.0129,0
2023-05-30 02:09:57,1685426997,12.6,30.0,97800,1.00,3.00,4.00,5.00,0.0116,0
2023-05-30 02:14:51,1685427292,12.6,30.2,97800,2.00,6.00,9.00,11.0,0.0114,0
2023-05-30 02:19:44,1685427584,12.6,30.6,97800,4.00,4.00,7.00,9.00,0.0173,0
2023-05-30 02:24:45,1685427886,12.7,30.4,97800,1.00,2.00,4.00,4.00,0.0173,0
2023-05-30 02:29:40,1685428180,12.7,29.8,97773,1.00,3.00,4.00,5.00,0.0135,0
2023-05-30 02:34:41,1685428482,12.7,30.2,97700,1.00,2.00,3.00,4.00,0.0158,0
2023-05-30 02:39:42,1685428782,12.7,30.5,97700,2.00,4.00,6.00,7.00,0.0104,0
2023-05-30 02:44:47,1685429087,12.7,30.7,97700,2.00,7.00,12.0,14.0,0.0248,0
2023-05-30 02:49:40,1685429381,12.7,31.1,97700,2.00,2.00,3.00,4.00,0.0275,0
2023-05-30 02:54:40,1685429681,12.7,31.2,97700,1.00,2.00,3.00,4.00,0.0254,0
2023-05-30 02:59:53,1685429993,12.8,31.7,97700,3.00,4.00,7.00,8.00,0.0254,0
2023-05-30 03:04:47,1685430288,12.8,31.7,97700,2.00,4.00,7.00,8.00,0.0278,0
2023-05-30 03:09:42,1685430582,12.7,32.0,97700,2.00,5.00,7.00,8.00,0.0258,0
2023-05-30 03:12:58,1685430779,12.7,32.4,97700,2.00,2.00,2.00,2.00,0.0150,0
2023-05-30 03:19:56,1685431196,12.7,32.7,97700,2.00,4.00,6.00,7.00,0.0111,0
2023-05-30 03:24:50,1685431491,12.7,32.4,97700,3.00,6.00,8.00,9.00,0.0172,0
2023-05-30 03:29:44,1685431785,12.8,32.6,97700,2.00,6.00,9.00,11.0,0.0176,0
2023-05-30 03:34:43,1685432083,12.8,33.3,97700,4.00,5.00,8.00,10.0,0.0168,0
2023-05-30 03:39:59,1685432400,12.8,33.3,97700,2.00,2.00,3.00,3.00,0.0325,0
2023-05-30 03:44:41,1685432681,12.9,32.3,97700,2.00,3.00,5.00,7.00,0.0325,0
2023-05-30 03:49:40,1685432981,12.9,31.8,97723,2.00,3.00,5.00,5.00,0.0147,0
2023-05-30 03:54:53,1685433294,12.9,32.6,97700,3.00,8.00,13.0,16.0,0.0275,0
2023-05-30 03:59:47,1685433588,12.9,33.2,97767,4.00,5.00,6.00,7.00,0.0414,0
2023-05-30 04:04:28,1685433869,12.8,33.3,97707,2.00,4.00,7.00,9.00,0.0414,0
2023-05-30 04:19:43,1685434783,12.9,33.1,97700,1.00,2.00,4.00,5.00,0.0280,0
2023-05-30 04:24:52,1685435093,12.8,33.0,97700,2.00,2.00,3.00,3.00,0.0241,0
2023-05-30 04:29:57,1685435398,12.8,33.3,97700,2.00,4.00,6.00,8.00,0.0287,0
2023-05-30 04:34:52,1685435692,12.8,33.6,97700,4.00,6.00,7.00,7.00,0.0194,0
2023-05-30 04:39:58,1685435998,12.8,33.5,97700,3.00,4.00,6.00,7.00,0.0187,0
2023-05-30 04:44:52,1685436292,12.9,33.5,97700,3.00,4.00,5.00,6.00,0.0101,0
2023-05-30 04:49:46,1685436586,12.9,33.6,97700,2.00,4.00,7.00,8.00,0.0149,0
2023-05-30 04:54:40,1685436881,13.0,33.8,97700,2.00,3.00,6.00,7.00,0.0107,0
2023-05-30 04:59:54,1685437195,13.0,34.4,97700,2.00,4.00,7.00,8.00,0.0115,0
2023-05-30 05:04:48,1685437489,13.0,34.7,97700,1.00,4.00,7.00,9.00,0.0120,0
2023-05-30 05:09:43,1685437783,13.0,34.4,97700,3.00,3.00,6.00,7.00,0.0120,0
2023-05-30 05:10:43,1685437844,13.0,34.1,97700,2.00,4.00,6.00,6.00,0.00993,0
2023-05-30 09:24:54,1685453094,33.6,13.4,97800,2.00,4.00,5.00,6.00,,
2023-05-30 09:27:03,1685453223,33.8,13.6,97800,1.00,2.00,3.00,4.00,,
2023-05-30 09:34:51,1685453691,33.8,13.9,97800,1.00,3.00,5.00,6.00,,
2023-05-30 09:39:47,1685453987,33.7,13.6,97800,2.00,3.00,6.00,7.00,0.0105,0
2023-05-30 09:42:15,1685454136,33.7,13.6,97800,1e-7,2.00,4.00,5.00,0.0106,0
2023-05-30 09:54:52,1685454893,33.7,13.5,97800,1.00,1.00,1.00,1.00,0.0109,0
2023-05-30 09:59:49,1685455189,33.7,13.4,97800,2.00,2.00,4.00,5.00,0.0131,0
2023-05-30 10:00:44,1685455244,33.8,13.2,97800,1.00,3.00,4.00,5.00,0.0119,0
2023-05-30 10:09:49,1685455789,34.2,13.3,97800,1.00,3.00,5.00,6.00,0.0119,0
2023-05-30 10:14:45,1685456086,34.3,13.0,97800,2.00,3.00,6.00,7.00,0.0149,0
2023-05-30 10:16:18,1685456178,34.4,13.1,97800,1e-7,2.00,4.00,4.00,0.0118,0
2023-05-30 10:34:44,1685457284,34.3,13.1,97800,1.00,3.00,6.00,7.00,0.0146,0
2023-05-30 10:35:02,1685457302,34.4,12.9,97800,1e-7,4.00,7.00,9.00,0.0143,0
2023-05-30 10:44:43,1685457884,34.5,13.0,97800,1.00,2.00,4.00,4.00,0.0151,0
2023-05-30 10:49:58,1685458199,34.5,12.4,97800,2.00,7.00,12.0,14.0,0.0220,0
2023-05-30 10:52:07,1685458328,34.5,12.5,97800,1.00,2.00,4.00,4.00,0.0227,0
2023-05-30 10:59:54,1685458794,34.5,12.5,97800,1.00,3.00,5.00,7.00,0.0366,0
2023-05-30 11:04:51,1685459091,34.5,12.4,97800,2.00,4.00,7.00,9.00,0.0370,0
2023-05-30 11:08:33,1685459314,34.6,12.2,97800,1.00,1.00,2.00,2.00,0.0157,0
2023-05-30 11:19:53,1685459993,34.6,12.3,97800,1.00,3.00,6.00,7.00,0.0190,0
2023-05-30 11:24:49,1685460290,34.7,12.2,97800,1.00,3.00,5.00,7.00,0.0146,0
2023-05-30 11:26:03,1685460363,34.8,12.0,97800,1e-7,3.00,6.00,7.00,0.0103,0
2023-05-30 11:34:52,1685460892,34.8,12.1,97800,2.00,4.00,6.00,7.00,0.0151,0
2023-05-30 11:39:49,1685461189,34.7,12.0,97731,2.00,3.00,4.00,5.00,0.0134,0
2023-05-30 11:42:54,1685461374,34.7,11.9,97790,3.00,10.0,15.0,18.0,0.0134,0
2023-05-30 11:49:44,1685461784,34.5,12.2,97700,1.00,2.00,3.00,4.00,0.00908,0
2023-05-30 11:54:59,1685462100,34.6,12.0,97700,1.00,4.00,7.00,9.00,0.0225,0
2023-05-30 11:58:42,1685462323,34.5,12.0,97700,2.00,6.00,10.0,13.0,0.0215,0
2023-05-30 12:09:52,1685462993,34.5,12.2,97700,2.00,3.00,3.00,3.00,0.0215,0
2023-05-30 12:14:56,1685463297,34.4,12.5,97700,2.00,7.00,11.0,14.0,0.0180,0
2023-05-30 12:15:15,1685463315,34.4,12.7,97700,2.00,3.00,3.00,3.00,0.0102,0
2023-05-30 12:24:49,1685463890,34.3,12.8,97700,3.00,6.00,7.00,8.00,0.0272,0
2023-05-30 12:29:46,1685464187,34.4,12.5,97700,2.00,2.00,4.00,4.00,0.0445,0
2023-05-30 12:34:06,1685464446,34.3,12.3,97700,3.00,5.00,6.00,7.00,0.0232,0
2023-05-30 12:44:51,1685465091,34.2,12.8,97700,3.00,3.00,4.00,4.00,0.0161,0
2023-05-30 12:49:49,1685465389,34.1,12.5,97700,1.00,2.00,4.00,4.00,0.0161,0
2023-05-30 12:50:07,1685465408,34.0,12.8,97700,1.00,3.00,4.00,5.00,0.00900,0
2023-05-30 12:59:56,1685465997,34.3,12.7,97700,2.00,3.00,5.00,7.00,0.0125,0
2023-05-30 13:04:53,1685466294,34.5,12.3,97700,2.00,3.00,4.00,4.00,0.0112,0
2023-05-30 13:07:41,1685466461,34.6,12.3,97700,2.00,3.00,4.00,5.00,0.0110,0
2023-05-30 13:14:53,1685466894,34.7,12.0,97700,2.00,7.00,10.0,12.0,0.0130,0
2023-05-30 13:19:50,1685467191,34.8,12.0,97700,2.00,3.00,5.00,6.00,0.0186,0
2023-05-30 13:24:20,1685467460,34.7,12.1,97700,2.00,4.00,6.00,6.00,0.0185,0
2023-05-30 13:34:46,1685468087,34.7,11.9,97600,2.00,2.00,2.00,2.00,0.0102,0
2023-05-30 13:39:25,1685468365,34.5,12.1,97600,2.00,3.00,5.00,6.00,0.0132,0
2023-05-30 13:49:53,1685468993,34.8,12.5,97600,1.00,4.00,7.00,9.00,0.0132,0
2023-05-30 13:54:50,1685469290,34.9,11.9,97600,2.00,6.00,10.0,12.0,0.0243,0
2023-05-30 13:58:14,1685469494,34.6,12.1,97600,2.00,3.00,5.00,6.00,0.0243,0
2023-05-30 14:04:47,1685469888,34.7,11.7,97600,2.00,2.00,2.00,2.00,0.00855,0
2023-05-30 14:09:44,1685470185,34.6,11.9,97600,2.00,3.00,5.00,6.00,0.0240,0
2023-05-30 14:14:42,1685470482,34.6,12.0,97600,2.00,3.00,4.00,4.00,0.0143,0
2023-05-30 14:15:56,1685470556,34.6,12.0,97600,1.00,3.00,6.00,7.00,0.0109,0
2023-05-30 14:24:43,1685471083,34.6,12.3,97600,3.00,5.00,8.00,9.00,0.0246,0
2023-05-30 14:29:58,1685471399,34.7,12.1,97600,1.00,4.00,7.00,8.00,0.0283,0
2023-05-30 14:33:23,1685471603,34.7,11.9,97600,1.00,2.00,3.00,4.00,0.0258,0
2023-05-30 14:39:57,1685471998,34.8,11.9,97600,4.00,4.00,4.00,5.00,0.0258,0
2023-05-30 14:44:54,1685472295,34.6,12.0,97600,2.00,2.00,3.00,4.00,0.0189,0
2023-05-30 14:49:52,1685472592,34.6,12.1,97600,2.00,3.00,5.00,5.00,0.0112,0
2023-05-30 14:50:28,1685472629,34.6,11.8,97600,1.00,1.00,1.00,1.00,0.0103,0
2023-05-30 14:59:58,1685473198,34.7,11.9,97600,4.00,7.00,10.0,12.0,0.0139,0
2023-05-30 15:04:55,1685473496,34.6,12.0,97600,2.00,4.00,6.00,7.00,0.0318,0
2023-05-30 15:07:05,1685473626,34.6,11.9,97600,1.00,3.00,4.00,5.00,0.0165,0
2023-05-30 15:14:57,1685474098,34.5,11.8,97600,1.00,3.00,5.00,6.00,0.0162,0
2023-05-30 15:19:55,1685474395,34.5,11.5,97581,2.00,3.00,4.00,4.00,0.0280,0
2023-05-30 15:23:20,1685474600,34.4,11.2,97591,2.00,3.00,4.00,4.00,0.0138,0
2023-05-30 15:29:54,1685474994,34.2,11.2,97600,1.00,1.00,1.00,1.00,0.0118,0
2023-05-30 15:34:51,1685475292,34.3,11.0,97600,2.00,8.00,14.0,16.0,0.0247,0
2023-05-30 15:39:49,1685475589,34.4,11.0,97600,3.00,3.00,4.00,4.00,0.0555,0
2023-05-30 15:41:21,1685475682,34.5,11.3,97560,3.00,4.00,5.00,5.00,0.0115,0
2023-05-30 15:49:55,1685476196,34.4,10.3,97583,2.00,2.00,3.00,4.00,0.0244,0
2023-05-30 15:54:52,1685476493,34.5,9.91,97500,1.00,3.00,5.00,6.00,0.0244,0
2023-05-30 15:57:40,1685476660,34.5,10.2,97500,1.00,3.00,4.00,5.00,0.0118,0
2023-05-30 16:04:50,1685477091,34.6,10.6,97500,1.00,2.00,2.00,2.00,0.0107,0
2023-05-30 16:09:48,1685477388,34.6,10.6,97500,2.00,5.00,8.00,9.00,0.0109,0
2023-05-30 16:14:45,1685477686,34.7,10.7,97500,3.00,4.00,5.00,6.00,0.0101,0
2023-05-30 16:15:22,1685477722,34.8,10.8,97500,1.00,1.00,1.00,1.00,0.00856,0
2023-05-30 16:24:45,1685478285,34.7,11.1,97500,2.00,3.00,4.00,5.00,0.0107,0
2023-05-30 16:29:42,1685478582,34.7,11.1,97500,2.00,3.00,4.00,5.00,0.0130,0
2023-05-30 16:31:33,1685478694,34.7,11.2,97500,1.00,2.00,3.00,4.00,0.0102,0
2023-05-30 16:39:44,1685479185,34.5,11.3,97500,2.00,4.00,5.00,5.00,0.0102,0
2023-05-30 16:44:42,1685479482,34.3,11.5,97500,3.00,9.00,14.0,16.0,0.0229,0
2023-05-30 16:49:39,1685479779,34.0,11.6,97500,3.00,3.00,5.00,6.00,0.0229,0
2023-05-30 16:59:47,1685480387,34.0,11.4,97500,3.00,3.00,4.00,5.00,0.0323,0
2023-05-30 17:04:07,1685480648,33.9,11.6,97500,2.00,6.00,9.00,11.0,0.0273,0
2023-05-30 17:19:56,1685481596,32.9,12.4,97500,3.00,3.00,6.00,7.00,0.0429,0
2023-05-30 17:23:57,1685481838,32.8,12.4,97500,3.00,7.00,10.0,11.0,0.0375,0
2023-05-30 17:29:53,1685482194,32.4,12.8,97500,2.00,2.00,2.00,2.00,0.0384,0
2023-05-30 17:34:52,1685482493,32.3,12.7,97500,3.00,7.00,11.0,12.0,0.0549,0
2023-05-30 17:39:51,1685482792,32.2,13.0,97500,2.00,4.00,6.00,7.00,0.0549,0
2023-05-30 17:44:50,1685483091,32.1,13.1,97500,2.00,4.00,6.00,7.00,0.0191,0
2023-05-30 17:49:50,1685483391,32.0,13.1,97500,2.00,4.00,5.00,6.00,0.0129,0
2023-05-30 17:54:50,1685483690,31.8,13.3,97500,2.00,2.00,3.00,3.00,0.0224,0
2023-05-30 17:59:49,1685483990,31.6,13.3,97500,3.00,7.00,10.0,12.0,0.0194,0
2023-05-30 18:04:49,1685484290,31.3,13.2,97500,2.00,7.00,10.0,11.0,0.0386,0
2023-05-30 18:09:49,1685484590,31.0,13.3,97500,2.00,6.00,9.00,11.0,0.0181,0
2023-05-30 18:14:50,1685484890,30.7,13.3,97500,4.00,6.00,8.00,9.00,0.0144,0
2023-05-30 18:19:50,1685485191,30.5,13.2,97500,1.00,8.00,13.0,16.0,0.0246,0
2023-05-30 18:24:51,1685485492,30.2,13.3,97500,2.00,4.00,6.00,7.00,0.0167,0
2023-05-30 18:29:52,1685485793,30.0,13.4,97500,3.00,9.00,15.0,18.0,0.0186,0
2023-05-30 18:34:53,1685486094,29.8,13.3,97500,2.00,4.00,7.00,8.00,0.0197,0
2023-05-30 18:39:36,1685486376,29.5,13.6,97500,3.00,5.00,8.00,9.00,0.0222,0
2023-05-30 18:44:57,1685486697,29.1,14.1,97500,4.00,6.00,8.00,9.00,0.0632,0
2023-05-30 18:49:59,1685486999,28.8,14.4,97500,3.00,3.00,6.00,7.00,0.0632,0
2023-05-30 18:54:42,1685487282,28.4,14.7,97500,2.00,5.00,9.00,10.0,0.0496,0
2023-05-30 18:59:44,1685487585,28.0,15.0,97500,2.00,5.00,8.00,10.0,0.0266,0
2023-05-30 19:04:47,1685487887,27.6,15.7,97500,3.00,4.00,7.00,9.00,0.0173,0
2023-05-30 19:09:49,1685488190,27.3,15.9,97500,6.00,6.00,8.00,9.00,0.0144,0
2023-05-30 19:14:53,1685488493,27.0,16.6,97500,3.00,4.00,4.00,5.00,0.0231,0
2023-05-30 19:19:56,1685488796,26.7,16.9,97500,4.00,6.00,7.00,7.00,0.0212,0
2023-05-30 19:24:59,1685489100,26.4,17.3,97500,2.00,5.00,8.00,10.0,0.0145,0
2023-05-30 19:29:44,1685489385,26.2,17.4,97500,4.00,5.00,6.00,7.00,0.0173,0
2023-05-30 19:34:57,1685489697,25.9,18.0,97500,2.00,3.00,5.00,6.00,0.0172,0
2023-05-30 19:39:42,1685489982,25.6,18.6,97500,2.00,5.00,8.00,9.00,0.0147,0
2023-05-30 19:44:46,1685490286,25.3,19.0,97500,4.00,7.00,10.0,11.0,0.0175,0
2023-05-30 19:49:50,1685490591,25.0,19.5,97500,5.00,8.00,10.0,11.0,0.0406,0
2023-05-30 19:54:55,1685490896,24.7,19.5,97500,5.00,7.00,9.00,11.0,0.0227,0
2023-05-30 19:59:42,1685491182,24.5,19.8,97500,3.00,4.00,5.00,6.00,0.0153,0
2023-05-30 20:04:47,1685491488,24.2,20.1,97500,3.00,5.00,9.00,10.0,0.0166,0
2023-05-30 20:09:53,1685491793,23.9,20.4,97500,5.00,6.00,9.00,11.0,0.0178,0
2023-05-30 20:14:58,1685492099,23.7,21.3,97500,4.00,4.00,5.00,5.00,0.0216,0
2023-05-30 20:19:45,1685492386,23.4,21.1,97500,3.00,4.00,5.00,6.00,0.0298,0
2023-05-30 20:24:51,1685492692,23.2,21.3,97500,4.00,6.00,9.00,11.0,0.0351,0
2023-05-30 20:29:57,1685492998,22.9,21.5,97500,3.00,9.00,15.0,18.0,0.0314,0
2023-05-30 20:34:45,1685493285,22.7,21.5,97500,2.00,6.00,10.0,13.0,0.0230,0
2023-05-30 20:39:51,1685493592,22.5,21.3,97500,5.00,10.0,18.0,21.0,0.0230,0
2023-05-30 20:44:58,1685493898,22.4,21.3,97500,3.00,3.00,4.00,5.00,0.0745,0
2023-05-30 20:49:46,1685494186,22.3,21.7,97500,3.00,6.00,8.00,9.00,0.0731,0
2023-05-30 20:54:53,1685494493,22.0,21.5,97500,3.00,5.00,7.00,9.00,0.0451,0
2023-05-30 20:59:41,1685494781,21.8,21.5,97500,2.00,4.00,7.00,8.00,0.0236,0
2023-05-30 21:04:48,1685495089,21.6,21.7,97500,5.00,6.00,7.00,8.00,0.0153,0
2023-05-30 21:09:56,1685495396,21.4,21.7,97500,4.00,4.00,4.00,5.00,0.0123,0
2023-05-30 21:14:44,1685495685,21.3,22.0,97500,3.00,5.00,6.00,7.00,0.0133,0
2023-05-30 21:19:52,1685495993,21.1,22.5,97500,3.00,4.00,6.00,7.00,0.0131,0
2023-05-30 21:22:27,1685496148,21.0,22.8,97500,2.00,4.00,5.00,5.00,0.0115,0
2023-05-30 21:34:44,1685496885,20.6,23.4,97500,2.00,3.00,3.00,3.00,0.0102,0
2023-05-30 21:39:52,1685497193,20.5,24.0,97500,3.00,5.00,8.00,9.00,0.0118,0
2023-05-30 21:44:41,1685497482,20.4,24.2,97500,3.00,7.00,10.0,11.0,0.0358,0
2023-05-30 21:49:50,1685497790,20.2,24.1,97500,3.00,5.00,8.00,9.00,0.0302,0
2023-05-30 21:54:57,1685498098,20.2,23.8,97500,2.00,7.00,12.0,14.0,0.0251,0
2023-05-30 21:59:47,1685498387,20.1,23.8,97500,3.00,7.00,9.00,10.0,0.0125,0
2023-05-30 22:04:37,1685498678,20.1,23.9,97500,5.00,6.00,7.00,8.00,0.0211,0
2023-05-30 22:09:50,1685498990,20.0,24.2,97500,4.00,4.00,5.00,6.00,0.0211,0
2023-05-30 22:14:58,1685499298,19.8,23.7,97500,3.00,4.00,5.00,5.00,0.0204,0
2023-05-30 22:19:47,1685499588,19.8,23.4,97500,2.00,3.00,4.00,5.00,0.0196,0
2023-05-30 22:24:56,1685499897,19.7,23.4,97500,2.00,4.00,6.00,8.00,0.0124,0
2023-05-30 22:29:46,1685500187,19.6,23.4,97500,3.00,4.00,7.00,8.00,0.0131,0
2023-05-30 22:34:55,1685500496,19.6,23.7,97500,3.00,6.00,8.00,9.00,0.0118,0
2023-05-30 22:39:45,1685500785,19.5,24.0,97500,3.00,5.00,7.00,9.00,0.0193,0
2023-05-30 22:44:54,1685501094,19.5,24.4,97500,2.00,5.00,7.00,8.00,0.0176,0
2023-05-30 22:49:44,1685501384,19.5,24.7,97500,2.00,4.00,5.00,6.00,0.0137,0
2023-05-30 22:54:53,1685501693,19.5,24.7,97500,2.00,3.00,3.00,3.00,0.0206,0
2023-05-30 22:59:42,1685501983,19.5,24.9,97500,4.00,5.00,8.00,9.00,0.0206,0
2023-05-30 23:04:52,1685502292,19.5,25.0,97500,2.00,6.00,10.0,12.0,0.0285,0
2023-05-30 23:09:41,1685502582,19.6,24.9,97500,4.00,5.00,7.00,9.00,0.0112,0
2023-05-30 23:14:50,1685502891,19.6,24.8,97500,3.00,5.00,8.00,10.0,0.0145,0
2023-05-30 23:19:59,1685503200,19.7,25.0,97500,3.00,4.00,5.00,5.00,0.0145,0
2023-05-30 23:24:49,1685503489,19.8,25.2,97500,3.00,5.00,7.00,8.00,0.0246,0
2023-05-30 23:29:58,1685503798,19.9,25.5,97500,2.00,5.00,9.00,10.0,0.0204,0
2023-05-30 23:34:48,1685504088,20.0,25.3,97500,4.00,4.00,6.00,7.00,0.0153,0
2023-05-30 23:39:56,1685504397,20.1,25.4,97500,4.00,7.00,11.0,12.0,0.0203,0
2023-05-30 23:44:46,1685504686,20.2,25.6,97500,6.00,6.00,7.00,7.00,0.0212,0
2023-05-30 23:49:55,1685504995,20.2,25.8,97500,4.00,4.00,4.00,5.00,0.0140,0
2023-05-30 23:54:44,1685505285,20.3,25.7,97500,4.00,7.00,10.0,11.0,0.0107,0
2023-05-30 23:59:53,1685505593,20.3,25.8,97500,5.00,7.00,9.00,10.0,0.0112,0
2023-05-31 00:04:42,1685505883,20.4,26.0,97500,6.00,9.00,11.0,12.0,0.0165,0
2023-05-31 00:09:51,1685506191,20.4,26.5,97500,5.00,7.00,10.0,11.0,0.0256,0
2023-05-31 00:14:59,1685506500,20.3,26.5,97500,3.00,10.0,17.0,20.0,0.0287,0
2023-05-31 00:19:49,1685506789,20.4,26.4,97500,4.00,9.00,14.0,16.0,0.0173,0
2023-05-31 00:24:57,1685507098,20.5,26.7,97500,5.00,9.00,12.0,14.0,0.0164,0
2023-05-31 00:29:47,1685507387,20.5,26.8,97500,6.00,9.00,13.0,15.0,0.0188,0
2023-05-31 00:34:55,1685507695,20.5,27.3,97500,4.00,6.00,9.00,10.0,0.0188,0
2023-05-31 00:39:44,1685507985,20.5,27.5,97500,5.00,8.00,12.0,14.0,0.0169,0
2023-05-31 00:44:53,1685508293,20.5,27.7,97500,5.00,5.00,6.00,6.00,0.0433,0
2023-05-31 00:49:42,1685508582,20.5,27.8,97500,5.00,9.00,11.0,13.0,0.0288,0
2023-05-31 00:54:50,1685508891,20.6,28.2,97500,6.00,9.00,11.0,13.0,0.0235,0
2023-05-31 00:59:59,1685509199,20.6,28.5,97500,10.0,11.0,11.0,11.0,0.0119,0
2023-05-31 01:04:48,1685509488,20.7,28.8,97500,5.00,9.00,13.0,15.0,0.0118,0
2023-05-31 01:09:56,1685509797,20.7,28.9,97500,5.00,10.0,15.0,17.0,0.0483,0
2023-05-31 01:14:45,1685510086,20.7,29.1,97500,8.00,11.0,15.0,16.0,0.0627,0
2023-05-31 01:19:53,1685510394,20.7,29.1,97500,7.00,8.00,8.00,9.00,0.0305,0
2023-05-31 01:24:47,1685510687,20.7,29.5,97500,4.00,7.00,10.0,11.0,0.0419,0
2023-05-31 01:29:55,1685510996,20.7,29.6,97500,6.00,7.00,10.0,12.0,0.0384,0
2023-05-31 01:34:53,1685511294,20.7,30.0,97500,9.00,13.0,15.0,17.0,0.0315,0
2023-05-31 01:39:23,1685511564,20.8,30.1,97500,7.00,12.0,19.0,23.0,0.0430,0
2023-05-31 01:44:12,1685511853,20.9,29.9,97500,7.00,10.0,13.0,15.0,0.0205,0
2023-05-31 01:49:48,1685512189,21.0,30.1,97500,9.00,11.0,13.0,14.0,0.0185,0
2023-05-31 01:54:56,1685512497,21.0,30.2,97500,6.00,8.00,11.0,13.0,0.0363,0
2023-05-31 01:59:48,1685512789,21.0,30.4,97500,6.00,10.0,13.0,15.0,0.0391,0
2023-05-31 02:04:56,1685513096,20.9,30.5,97500,7.00,10.0,14.0,17.0,0.0245,0
2023-05-31 02:09:45,1685513385,20.8,30.6,97500,9.00,11.0,17.0,19.0,0.0449,0
2023-05-31 02:14:56,1685513696,20.7,30.7,97500,6.00,9.00,11.0,12.0,0.0443,0
2023-05-31 02:19:45,1685513986,20.6,30.6,97500,8.00,10.0,11.0,12.0,0.0692,0
2023-05-31 02:24:53,1685514293,20.5,30.8,97500,10.0,11.0,11.0,11.0,0.0263,0
2023-05-31 02:29:44,1685514584,20.4,31.2,97500,6.00,7.00,10.0,11.0,0.0340,0
2023-05-31 02:34:59,1685514900,20.4,31.3,97500,4.00,6.00,7.00,8.00,0.0275,0
2023-05-31 02:39:56,1685515197,20.3,31.6,97500,6.00,8.00,11.0,12.0,0.0125,0
2023-05-31 02:44:45,1685515486,20.2,31.7,97520,6.00,8.00,11.0,13.0,0.0174,0
2023-05-31 02:49:54,1685515794,20.1,31.8,97525,7.00,11.0,14.0,16.0,0.0184,0
2023-05-31 02:54:44,1685516085,20.0,32.3,97500,5.00,10.0,15.0,17.0,0.0184,0
2023-05-31 02:59:53,1685516394,19.9,32.5,97500,9.00,10.0,10.0,10.0,0.0149,0
2023-05-31 03:04:43,1685516683,19.7,32.4,97500,5.00,8.00,10.0,11.0,0.0168,0
2023-05-31 03:09:52,1685516992,19.6,32.5,97500,6.00,7.00,9.00,10.0,0.0215,0
2023-05-31 03:14:41,1685517282,19.4,32.5,97500,7.00,11.0,15.0,16.0,0.0155,0
2023-05-31 03:19:51,1685517591,19.3,33.0,97513,9.00,10.0,10.0,10.0,0.0199,0
2023-05-31 03:24:41,1685517881,19.2,33.5,97520,6.00,7.00,10.0,12.0,0.0214,0
2023-05-31 03:29:50,1685518190,19.0,33.8,97594,7.00,7.00,10.0,12.0,0.0361,0
2023-05-31 03:34:59,1685518499,18.9,34.1,97563,6.00,7.00,9.00,9.00,0.0361,0
2023-05-31 03:39:49,1685518789,18.7,34.4,97533,7.00,7.00,8.00,9.00,0.0351,0
2023-05-31 03:44:58,1685519099,18.6,34.5,97519,4.00,7.00,9.00,10.0,0.0245,0
2023-05-31 03:49:49,1685519389,18.4,34.7,97500,7.00,8.00,8.00,10.0,0.0191,0
2023-05-31 03:54:59,1685519699,18.2,35.3,97569,7.00,8.00,9.00,10.0,0.0243,0
2023-05-31 03:59:57,1685519998,18.1,35.6,97600,7.00,9.00,11.0,13.0,0.0182,0
2023-05-31 04:04:48,1685520288,18.0,35.9,97592,7.00,8.00,8.00,9.00,0.0158,0
2023-05-31 04:09:55,1685520596,17.9,36.2,97600,6.00,7.00,8.00,8.00,0.0213,0
2023-05-31 04:14:50,1685520890,17.9,36.6,97600,4.00,7.00,9.00,10.0,0.0170,0
2023-05-31 04:19:59,1685521199,17.9,37.1,97600,8.00,11.0,12.0,13.0,0.0242,0
2023-05-31 04:24:49,1685521489,17.9,37.6,97600,6.00,11.0,15.0,16.0,0.0407,0
2023-05-31 04:29:58,1685521798,18.0,37.7,97600,6.00,8.00,9.00,10.0,0.0407,0
2023-05-31 04:34:53,1685522094,18.0,38.1,97600,7.00,9.00,11.0,12.0,0.0183,0
2023-05-31 04:39:46,1685522387,18.0,38.0,97600,6.00,10.0,13.0,15.0,0.0208,0
2023-05-31 04:44:47,1685522687,18.0,38.0,97600,5.00,7.00,9.00,9.00,0.0370,0
2023-05-31 04:48:01,1685522881,18.0,37.9,97600,6.00,8.00,9.00,9.00,0.0546,0
2023-05-31 04:59:45,1685523585,18.0,38.1,97600,4.00,6.00,7.00,8.00,0.0402,0
2023-05-31 05:04:56,1685523897,18.1,38.2,97600,7.00,8.00,12.0,13.0,0.0166,0
2023-05-31 05:09:08,1685524148,18.1,38.3,97600,7.00,8.00,8.00,8.00,0.0355,0
2023-05-31 05:14:56,1685524497,18.2,38.4,97600,7.00,7.00,9.00,10.0,0.0278,0
2023-05-31 05:19:53,1685524793,18.3,38.5,97600,7.00,7.00,7.00,8.00,0.0278,0
2023-05-31 05:20:31,1685524832,18.3,38.5,97600,6.00,6.00,6.00,6.00,0.0146,0
2023-05-31 09:24:33,1685539474,35.3,19.6,97700,7.00,7.00,7.00,9.00,,
2023-05-31 09:34:46,1685540087,35.5,19.7,97700,6.00,9.00,11.0,13.0,,
2023-05-31 09:39:41,1685540382,35.7,19.3,97700,6.00,6.00,6.00,7.00,,
2023-05-31 09:40:00,1685540400,35.8,19.0,97700,2.00,3.00,4.00,4.00,,
2023-05-31 09:54:46,1685541286,36.3,18.6,97700,6.00,7.00,7.00,7.00,0.0397,0
2023-05-31 09:57:50,1685541470,36.4,18.4,97700,5.00,6.00,7.00,7.00,0.0397,0
2023-05-31 10:04:57,1685541898,36.6,18.2,97700,4.00,6.00,7.00,8.00,0.0123,0
2023-05-31 10:09:55,1685542196,36.6,18.0,97700,7.00,8.00,9.00,10.0,0.0302,0
2023-05-31 10:14:21,1685542461,36.8,17.8,97700,7.00,8.00,9.00,11.0,0.0664,0
2023-05-31 10:29:42,1685543382,37.2,17.4,97700,8.00,8.00,8.00,8.00,0.0602,0
2023-05-31 10:32:27,1685543547,37.2,17.5,97700,4.00,5.00,8.00,9.00,0.0602,0
2023-05-31 10:39:54,1685543994,37.4,17.2,97700,5.00,5.00,5.00,5.00,0.0380,0
2023-05-31 10:44:48,1685544289,37.5,16.8,97700,7.00,10.0,14.0,16.0,0.0124,0
2023-05-31 10:48:47,1685544528,37.7,16.8,97700,4.00,5.00,6.00,7.00,0.0187,0
2023-05-31 10:59:51,1685545191,37.9,15.8,97700,6.00,7.00,8.00,9.00,0.0235,0
2023-05-31 11:04:51,1685545492,37.9,15.5,97700,3.00,4.00,6.00,7.00,0.0330,0
2023-05-31 11:06:23,1685545583,37.9,15.0,97700,4.00,4.00,5.00,5.00,0.0187,0
2023-05-31 11:14:46,1685546086,37.9,14.7,97700,4.00,6.00,7.00,8.00,0.0173,0
2023-05-31 11:19:59,1685546400,37.9,14.8,97700,4.00,5.00,6.00,7.00,0.0175,0
2023-05-31 11:23:21,1685546602,38.0,14.7,97700,6.00,7.00,8.00,9.00,0.0175,0
2023-05-31 11:29:56,1685546997,38.3,15.0,97700,4.00,7.00,8.00,9.00,0.0121,0
2023-05-31 11:34:53,1685547294,38.3,15.1,97700,4.00,5.00,6.00,6.00,0.0172,0
2023-05-31 11:39:47,1685547588,38.4,15.3,97700,7.00,10.0,12.0,13.0,0.0140,0
2023-05-31 11:40:06,1685547606,38.5,15.2,97600,2.00,3.00,3.00,3.00,0.0191,0
2023-05-31 11:49:59,1685548200,38.4,14.9,97700,6.00,7.00,7.00,7.00,0.0202,0
2023-05-31 11:54:54,1685548495,38.3,15.1,97700,4.00,6.00,9.00,10.0,0.0202,0
2023-05-31 11:57:02,1685548623,45.9,27.2,81157,6.00,8.00,9.00,10.0,0.0135,0
2023-05-31 12:04:43,1685549084,38.4,15.1,97700,2.00,2.00,2.00,2.00,0.0107,0
2023-05-31 12:09:56,1685549397,38.6,15.1,97665,6.00,7.00,7.00,7.00,0.0227,0
2023-05-31 12:13:37,1685549617,38.6,15.0,97700,7.00,10.0,12.0,13.0,0.0302,0
2023-05-31 12:24:55,1685550295,38.1,15.1,97600,4.00,5.00,7.00,7.00,0.0302,0
2023-05-31 12:29:51,1685550591,38.0,14.9,97600,6.00,8.00,9.00,10.0,0.0183,0
2023-05-31 12:31:04,1685550664,37.9,15.1,97600,4.00,8.00,11.0,12.0,0.00988,0
2023-05-31 12:39:43,1685551183,37.8,14.8,97654,5.00,8.00,11.0,12.0,0.0284,0
2023-05-31 12:44:57,1685551498,38.1,14.7,97661,6.00,7.00,7.00,7.00,0.0340,0
2023-05-31 12:47:06,1685551627,38.3,14.2,97700,6.00,6.00,6.00,6.00,0.0340,0
2023-05-31 12:54:59,1685552099,38.0,13.6,97600,1.00,2.00,3.00,3.00,0.0196,0
2023-05-31 12:59:56,1685552396,38.0,13.9,97621,4.00,5.00,6.00,7.00,0.0134,0
2023-05-31 13:04:42,1685552683,37.9,14.1,97638,4.00,6.00,7.00,7.00,0.0136,0
2023-05-31 13:14:48,1685553288,38.0,14.3,97600,6.00,6.00,8.00,9.00,0.0126,0
2023-05-31 13:19:43,1685553583,38.0,14.5,97600,4.00,5.00,6.00,6.00,0.0188,0
2023-05-31 13:20:38,1685553639,38.0,14.6,97600,2.00,3.00,4.00,5.00,0.0115,0
2023-05-31 13:29:54,1685554194,38.1,14.6,97600,2.00,3.00,3.00,4.00,0.0115,0
2023-05-31 13:34:49,1685554489,38.1,14.6,97600,6.00,7.00,8.00,8.00,0.00904,0
2023-05-31 13:38:59,1685554740,38.3,14.6,97600,5.00,9.00,12.0,13.0,0.0213,0
2023-05-31 13:44:54,1685555094,38.3,15.3,97600,4.00,4.00,4.00,4.00,0.0233,0
2023-05-31 13:49:48,1685555389,38.6,14.9,97600,7.00,8.00,9.00,9.00,0.0306,0
2023-05-31 13:54:43,1685555684,38.7,14.7,97600,6.00,6.00,7.00,7.00,0.0156,0
2023-05-31 13:55:56,1685555756,38.8,14.6,97600,5.00,6.00,6.00,6.00,0.0105,0
2023-05-31 14:04:58,1685556299,38.6,15.1,97600,4.00,6.00,7.00,7.00,0.0106,0
2023-05-31 14:09:53,1685556594,38.6,15.1,97600,7.00,9.00,11.0,12.0,0.0275,0
2023-05-31 14:12:20,1685556741,38.5,15.1,97600,7.00,7.00,7.00,7.00,0.0275,0
2023-05-31 14:19:51,1685557191,38.4,15.1,97529,5.00,9.00,12.0,14.0,0.0233,0
2023-05-31 14:24:45,1685557486,38.4,15.2,97500,8.00,9.00,9.00,10.0,0.0167,0
2023-05-31 14:28:27,1685557707,38.5,15.0,97500,5.00,5.00,5.00,5.00,0.0230,0
2023-05-31 14:39:52,1685558393,38.3,15.2,97500,6.00,8.00,10.0,11.0,0.0367,0
2023-05-31 14:44:47,1685558688,38.2,15.0,97500,6.00,7.00,8.00,8.00,0.0157,0
2023-05-31 14:46:19,1685558780,38.1,15.0,97500,4.00,5.00,5.00,6.00,0.00786,0
2023-05-31 14:54:45,1685559286,38.0,15.3,97500,6.00,8.00,9.00,9.00,0.0239,0
2023-05-31 14:59:59,1685559599,37.9,15.2,97500,7.00,8.00,9.00,10.0,0.0162,0
2023-05-31 15:03:03,1685559784,37.9,15.2,97500,5.00,5.00,5.00,5.00,0.0156,0
2023-05-31 15:09:43,1685560183,37.8,15.4,97500,3.00,4.00,4.00,4.00,0.0156,0
2023-05-31 15:14:57,1685560497,37.8,15.3,97500,6.00,9.00,11.0,12.0,0.0203,0
2023-05-31 15:19:34,1685560775,37.8,15.0,97500,7.00,8.00,10.0,11.0,0.0366,0
2023-05-31 15:34:58,1685561699,37.9,15.3,97500,4.00,5.00,5.00,5.00,0.0366,0
2023-05-31 15:37:44,1685561864,37.9,15.1,97500,4.00,5.00,5.00,6.00,0.0506,0
2023-05-31 15:44:59,1685562299,38.0,15.2,97500,4.00,4.00,5.00,5.00,0.0477,0
2023-05-31 15:49:05,1685562546,38.1,15.1,97500,5.00,7.00,10.0,11.0,0.0398,0
2023-05-31 15:54:56,1685562897,38.2,15.1,97500,7.00,8.00,8.00,8.00,0.0345,0
2023-05-31 16:04:54,1685563494,38.4,14.7,97500,5.00,6.00,8.00,10.0,0.0349,0
2023-05-31 16:09:49,1685563789,38.3,14.8,97500,4.00,6.00,8.00,9.00,0.0179,0
2023-05-31 16:10:07,1685563808,38.3,15.1,97500,4.00,4.00,4.00,4.00,0.00653,0
2023-05-31 16:24:56,1685564696,38.5,14.7,97400,5.00,6.00,7.00,7.00,0.0142,0
2023-05-31 16:28:37,1685564918,38.6,14.5,97400,6.00,7.00,8.00,9.00,0.0104,0
2023-05-31 16:34:52,1685565293,38.4,14.3,97400,6.00,10.0,14.0,16.0,0.0461,0
2023-05-31 16:39:47,1685565588,38.4,14.5,97400,6.00,7.00,9.00,10.0,0.0461,0
2023-05-31 16:44:42,1685565883,38.4,14.4,97400,5.00,7.00,10.0,12.0,0.0237,0
2023-05-31 16:45:01,1685565901,38.4,14.2,97400,2.00,2.00,2.00,2.00,0.0237,0
2023-05-31 16:54:42,1685566483,38.3,14.5,97400,9.00,10.0,10.0,10.0,0.0237,0
2023-05-31 16:59:56,1685566796,38.2,14.5,97400,7.00,10.0,12.0,13.0,0.0168,0
2023-05-31 17:01:28,1685566889,38.2,14.6,97400,4.00,5.00,5.00,5.00,0.0143,0
2023-05-31 17:14:41,1685567682,38.2,14.9,97400,6.00,8.00,12.0,14.0,0.0211,0
2023-05-31 17:19:56,1685567997,38.2,14.7,97400,5.00,7.00,8.00,9.00,0.0108,0
2023-05-31 17:24:52,1685568292,38.1,14.8,97400,6.00,7.00,8.00,9.00,0.0173,0
2023-05-31 17:29:47,1685568588,38.1,14.7,97400,6.00,8.00,9.00,9.00,0.0138,0
2023-05-31 17:34:43,1685568883,37.9,14.9,97400,5.00,6.00,7.00,7.00,0.0147,0
2023-05-31 17:39:57,1685569197,37.8,15.0,97400,7.00,7.00,9.00,10.0,0.0170,0
2023-05-31 17:44:52,1685569493,37.7,14.9,97400,8.00,9.00,10.0,10.0,0.0243,0
2023-05-31 17:49:53,1685569794,37.4,15.2,97400,7.00,10.0,13.0,14.0,0.0363,0
2023-05-31 17:54:49,1685570090,37.1,15.5,97400,9.00,9.00,9.00,11.0,0.0363,0
2023-05-31 17:59:46,1685570386,36.9,15.4,97400,7.00,7.00,8.00,8.00,0.0307,0
2023-05-31 18:04:42,1685570683,36.5,15.6,97400,7.00,8.00,8.00,9.00,0.0244,0
2023-05-31 18:09:58,1685570998,36.1,16.0,97400,8.00,10.0,11.0,11.0,0.0238,0
2023-05-31 18:14:55,1685571295,35.8,16.2,97400,7.00,9.00,10.0,10.0,0.0341,0
2023-05-31 18:19:52,1685571593,35.5,16.4,97400,7.00,8.00,9.00,10.0,0.0167,0
2023-05-31 18:24:42,1685571882,35.4,16.6,97400,5.00,6.00,7.00,7.00,0.0167,0
2023-05-31 18:29:58,1685572198,35.2,16.8,97400,8.00,8.00,8.00,8.00,0.0180,0
2023-05-31 18:34:59,1685572500,35.0,16.9,97400,11.0,11.0,11.0,11.0,0.0162,0
2023-05-31 18:39:57,1685572798,34.6,17.2,97400,7.00,8.00,9.00,9.00,0.0484,0
2023-05-31 18:44:59,1685573099,34.1,17.4,97400,6.00,8.00,11.0,13.0,0.0309,0
2023-05-31 18:49:45,1685573385,33.7,17.8,97400,8.00,10.0,12.0,13.0,0.0276,0
2023-05-31 18:54:43,1685573684,33.4,18.0,97400,6.00,6.00,8.00,8.00,0.0380,0
2023-05-31 18:59:44,1685573984,33.1,18.3,97400,6.00,8.00,9.00,9.00,0.0270,0
2023-05-31 19:04:56,1685574297,32.7,18.8,97400,8.00,10.0,12.0,13.0,0.0432,0
2023-05-31 19:09:46,1685574587,32.5,19.1,97400,8.00,9.00,9.00,9.00,0.0354,0
2023-05-31 19:14:46,1685574887,32.2,19.4,97400,9.00,10.0,10.0,10.0,0.0137,0
2023-05-31 19:19:47,1685575187,31.9,19.7,97400,8.00,11.0,13.0,13.0,0.0361,0
2023-05-31 19:24:10,1685575450,31.7,20.1,97400,7.00,8.00,9.00,10.0,0.0380,0
2023-05-31 19:29:57,1685575798,31.4,20.4,97400,7.00,8.00,9.00,9.00,0.0317,0
2023-05-31 19:34:58,1685576098,31.1,20.6,97400,8.00,9.00,9.00,10.0,0.0404,0
2023-05-31 19:39:59,1685576399,30.9,20.8,97400,7.00,8.00,9.00,9.00,0.0387,0
2023-05-31 19:44:22,1685576663,30.8,21.4,97400,8.00,10.0,12.0,12.0,0.0201,0
2023-05-31 19:49:42,1685576983,30.5,21.8,97400,7.00,8.00,9.00,10.0,0.0239,0
2023-05-31 19:54:48,1685577289,30.3,22.1,97400,8.00,10.0,12.0,13.0,0.0241,0
2023-05-31 19:59:50,1685577590,30.0,22.6,97400,8.00,10.0,11.0,12.0,0.0135,0
2023-05-31 20:04:53,1685577894,29.6,22.9,97400,6.00,8.00,11.0,12.0,0.0412,0
2023-05-31 20:09:55,1685578196,29.4,22.9,97400,7.00,8.00,8.00,8.00,0.0585,0
2023-05-31 20:14:57,1685578498,29.2,23.6,97400,9.00,14.0,17.0,19.0,0.0336,0
2023-05-31 20:19:41,1685578781,28.9,23.7,97400,7.00,8.00,11.0,12.0,0.0319,0
2023-05-31 20:24:47,1685579087,28.7,24.1,97400,9.00,9.00,10.0,10.0,0.0138,0
2023-05-31 20:29:57,1685579397,28.4,24.6,97400,7.00,8.00,9.00,10.0,0.0191,0
2023-05-31 20:34:49,1685579689,28.1,24.9,97400,7.00,9.00,11.0,12.0,0.0191,0
2023-05-31 20:39:59,1685579999,27.8,25.3,97400,8.00,8.00,9.00,9.00,0.0178,0
2023-05-31 20:44:43,1685580283,27.5,25.8,97400,11.0,13.0,14.0,14.0,0.0152,0
2023-05-31 20:49:46,1685580587,27.2,26.1,97400,7.00,9.00,9.00,10.0,0.0152,0
2023-05-31 20:54:32,1685580872,26.9,26.4,97400,6.00,7.00,7.00,8.00,0.0161,0
2023-05-31 20:59:43,1685581184,26.6,26.8,97500,5.00,7.00,9.00,10.0,0.0479,0
2023-05-31 21:04:47,1685581488,26.5,27.1,97500,10.0,11.0,12.0,12.0,0.0479,0
2023-05-31 21:09:13,1685581754,26.3,27.3,97500,8.00,9.00,9.00,9.00,0.0663,0
2023-05-31 21:14:55,1685582096,26.1,27.6,97500,10.0,15.0,19.0,21.0,0.0377,0
2023-05-31 21:19:59,1685582400,25.9,27.8,97500,8.00,8.00,10.0,11.0,0.0476,0
2023-05-31 21:24:44,1685582685,25.8,28.2,97500,7.00,8.00,10.0,10.0,0.0225,0
2023-05-31 21:29:49,1685582990,25.6,28.5,97500,9.00,9.00,10.0,11.0,0.0637,0
2023-05-31 21:34:46,1685583287,25.5,28.8,97500,7.00,9.00,12.0,14.0,0.0354,0
2023-05-31 21:39:51,1685583591,25.4,29.2,97500,8.00,9.00,10.0,10.0,0.0204,0
2023-05-31 21:44:56,1685583897,25.2,29.5,97500,9.00,11.0,11.0,12.0,0.0275,0
2023-05-31 21:49:42,1685584183,25.1,29.8,97500,8.00,10.0,13.0,15.0,0.0853,0
2023-05-31 21:54:47,1685584487,25.1,29.9,97500,10.0,13.0,15.0,17.0,0.0853,0
2023-05-31 21:59:54,1685584795,25.0,30.1,97500,8.00,16.0,22.0,25.0,0.0179,0
2023-05-31 22:04:59,1685585100,24.9,30.2,97500,6.00,8.00,10.0,12.0,0.0602,0
2023-05-31 22:09:45,1685585386,24.8,30.5,97500,8.00,9.00,9.00,9.00,0.0630,0
2023-05-31 22:14:51,1685585691,24.8,30.9,97500,6.00,8.00,9.00,10.0,0.0413,0
2023-05-31 22:19:56,1685585996,24.7,31.2,97500,12.0,13.0,13.0,13.0,0.0137,0
2023-05-31 22:24:42,1685586283,24.6,31.2,97500,7.00,8.00,8.00,8.00,0.0286,0
2023-05-31 22:29:48,1685586588,24.5,31.2,97500,7.00,8.00,9.00,10.0,0.0455,0
2023-05-31 22:34:53,1685586894,24.4,31.3,97500,9.00,13.0,15.0,17.0,0.0526,0
2023-05-31 22:39:59,1685587199,24.3,31.4,97500,10.0,10.0,10.0,11.0,0.0596,0
2023-05-31 22:44:45,1685587486,24.3,31.5,97500,7.00,9.00,10.0,11.0,0.0212,0
2023-05-31 22:49:58,1685587798,24.2,31.7,97500,9.00,12.0,15.0,16.0,0.0212,0
2023-05-31 22:54:06,1685588047,24.1,31.9,97500,9.00,16.0,22.0,26.0,0.0207,0
2023-05-31 22:59:50,1685588391,24.0,32.1,97500,8.00,9.00,9.00,9.00,0.0614,0
2023-05-31 23:04:43,1685588684,24.0,32.5,97500,6.00,9.00,11.0,13.0,0.0614,0
2023-05-31 23:09:49,1685588989,23.9,32.7,97500,7.00,8.00,9.00,10.0,0.0625,0
2023-05-31 23:14:54,1685589295,23.8,32.6,97500,7.00,9.00,10.0,10.0,0.0483,0
2023-05-31 23:19:41,1685589582,23.7,32.6,97500,10.0,12.0,14.0,15.0,0.0111,0
2023-05-31 23:24:47,1685589888,23.7,32.6,97500,8.00,9.00,9.00,9.00,0.0221,0
2023-05-31 23:29:54,1685590194,23.7,32.4,97500,8.00,11.0,12.0,13.0,0.0142,0
2023-05-31 23:34:41,1685590481,23.7,32.2,97500,9.00,10.0,11.0,12.0,0.0142,0
2023-05-31 23:39:47,1685590787,23.7,32.4,97500,8.00,9.00,10.0,10.0,0.0399,0
2023-05-31 23:44:53,1685591093,23.6,32.5,97500,11.0,15.0,20.0,22.0,0.0399,0
2023-05-31 23:49:59,1685591400,23.6,32.5,97500,8.00,8.00,8.00,9.00,0.0685,0
2023-05-31 23:54:46,1685591687,23.5,32.7,97500,8.00,9.00,10.0,11.0,0.0946,0
2023-05-31 23:59:53,1685591993,23.5,32.7,97500,8.00,10.0,12.0,13.0,0.0578,0
2023-06-01 00:04:09,1685592250,23.5,32.8,97500,9.00,9.00,10.0,11.0,0.0163,0
2023-06-01 00:09:34,1685592575,23.4,32.9,97500,7.00,9.00,10.0,11.0,0.0320,0
2023-06-01 00:14:48,1685592889,23.4,33.0,97500,8.00,10.0,10.0,11.0,0.0161,0
2023-06-01 00:19:16,1685593157,23.4,32.9,97500,9.00,10.0,11.0,12.0,0.0422,0
2023-06-01 00:24:42,1685593483,23.4,33.3,97500,9.00,9.00,9.00,10.0,0.0413,0
2023-06-01 00:29:49,1685593789,23.3,33.2,97500,12.0,13.0,13.0,13.0,0.0387,0
2023-06-01 00:34:43,1685594084,23.3,33.3,97500,9.00,12.0,15.0,16.0,0.0364,0
2023-06-01 00:39:50,1685594390,23.3,33.3,97500,8.00,10.0,11.0,12.0,0.0420,0
2023-06-01 00:44:57,1685594697,23.2,33.3,97500,8.00,10.0,11.0,12.0,0.0312,0
2023-06-01 00:49:44,1685594984,23.2,33.2,97500,9.00,10.0,11.0,11.0,0.0400,0
2023-06-01 00:54:12,1685595253,23.2,33.2,97500,9.00,12.0,14.0,15.0,0.0425,0
2023-06-01 00:59:19,1685595559,23.3,33.5,97500,10.0,11.0,12.0,12.0,0.0389,0
2023-06-01 01:04:26,1685595866,23.3,33.4,97500,9.00,13.0,16.0,18.0,0.0197,0
2023-06-01 01:09:41,1685596182,23.2,33.4,97500,9.00,10.0,11.0,11.0,0.0277,0
2023-06-01 01:14:50,1685596490,23.1,33.4,97500,7.00,11.0,14.0,16.0,0.0277,0
2023-06-01 01:19:43,1685596784,23.1,33.2,97500,8.00,8.00,8.00,8.00,0.0157,0
2023-06-01 01:24:54,1685597094,23.0,33.4,97500,7.00,12.0,16.0,18.0,0.0179,0
2023-06-01 01:29:41,1685597381,23.0,33.6,97500,11.0,13.0,14.0,14.0,0.0198,0
2023-06-01 01:34:47,1685597688,23.0,33.9,97500,9.00,10.0,11.0,12.0,0.0290,0
2023-06-01 01:39:54,1685597994,22.9,34.6,97500,7.00,8.00,10.0,11.0,0.0232,0
2023-06-01 01:44:50,1685598291,22.7,34.8,97500,9.00,11.0,13.0,14.0,0.0349,0
2023-06-01 01:49:06,1685598547,22.6,34.9,97500,9.00,11.0,14.0,15.0,0.0387,0
2023-06-01 01:54:50,1685598891,22.5,34.7,97500,9.00,9.00,9.00,9.00,0.0362,0
2023-06-01 01:59:46,1685599186,22.5,34.6,97500,7.00,9.00,10.0,10.0,0.0452,0
2023-06-01 02:04:53,1685599493,22.5,34.7,97469,10.0,12.0,15.0,16.0,0.0307,0
2023-06-01 02:09:59,1685599800,22.4,34.8,97450,10.0,11.0,11.0,11.0,0.0850,0
2023-06-01 02:14:16,1685600057,22.4,34.8,97400,7.00,13.0,18.0,20.0,0.0850,0
2023-06-01 02:19:43,1685600383,22.4,34.5,97400,8.00,11.0,12.0,13.0,0.0269,0
2023-06-01 02:24:50,1685600690,22.4,34.4,97400,8.00,9.00,9.00,10.0,0.0306,0
2023-06-01 02:29:56,1685600997,22.4,34.2,97400,7.00,8.00,9.00,10.0,0.0274,0
2023-06-01 02:34:44,1685601285,22.4,34.3,97400,8.00,10.0,12.0,12.0,0.0352,0
2023-06-01 02:39:58,1685601599,22.4,34.4,97400,7.00,10.0,12.0,13.0,0.0161,0
2023-06-01 02:44:46,1685601886,22.4,34.9,97400,7.00,13.0,18.0,20.0,0.0214,0
2023-06-01 02:48:17,1685602098,22.4,35.0,97400,7.00,9.00,11.0,12.0,0.0187,0
2023-06-01 03:09:49,1685603389,22.1,35.5,97400,5.00,6.00,6.00,6.00,,
2023-06-01 03:14:56,1685603696,22.1,35.4,97400,9.00,13.0,16.0,18.0,,
2023-06-01 03:19:44,1685603985,22.1,35.5,97400,8.00,12.0,16.0,17.0,,
2023-06-01 03:24:51,1685604292,22.1,36.0,97400,7.00,7.00,8.00,9.00,0.0104,0
2023-06-01 03:29:55,1685604595,22.0,36.1,97400,7.00,9.00,10.0,11.0,0.0626,0
2023-06-01 03:34:43,1685604884,21.9,36.2,97400,8.00,10.0,11.0,12.0,0.0257,0
2023-06-01 03:39:51,1685605191,21.9,36.3,97400,7.00,10.0,12.0,13.0,0.0201,0
2023-06-01 03:44:58,1685605499,21.8,36.2,97400,9.00,10.0,11.0,11.0,0.0106,0
2023-06-01 03:49:46,1685605787,21.8,36.4,97400,6.00,8.00,10.0,11.0,0.0160,0
2023-06-01 03:54:54,1685606094,21.7,36.6,97400,10.0,11.0,11.0,11.0,0.0184,0
2023-06-01 03:59:43,1685606383,21.7,36.6,97400,9.00,10.0,11.0,11.0,0.0138,0
2023-06-01 04:04:50,1685606690,21.7,36.6,97400,8.00,10.0,11.0,11.0,0.0226,0
2023-06-01 04:09:57,1685606998,21.7,36.1,97400,9.00,10.0,11.0,13.0,0.0249,0
2023-06-01 04:14:45,1685607286,21.8,35.9,97400,7.00,9.00,12.0,13.0,0.0148,0
2023-06-01 04:19:53,1685607593,21.8,35.7,97400,10.0,11.0,11.0,11.0,0.0174,0
2023-06-01 04:24:41,1685607881,21.9,35.7,97400,8.00,11.0,14.0,16.0,0.0137,0
2023-06-01 04:29:48,1685608189,21.8,35.8,97400,9.00,10.0,10.0,11.0,0.0143,0
2023-06-01 04:34:56,1685608496,21.8,35.7,97400,7.00,9.00,11.0,12.0,0.0208,0
2023-06-01 04:39:44,1685608785,21.8,35.6,97400,8.00,10.0,12.0,12.0,0.0218,0
2023-06-01 04:40:03,1685608804,21.8,35.4,97400,9.00,9.00,9.00,9.00,0.0104,0
2023-06-01 04:54:56,1685609696,21.9,35.7,97400,7.00,12.0,17.0,19.0,0.0433,0
2023-06-01 04:59:44,1685609984,21.9,35.6,97400,9.00,10.0,10.0,10.0,0.0659,0
2023-06-01 05:04:32,1685610272,21.9,35.6,97409,10.0,11.0,11.0,11.0,0.0867,0
2023-06-01 05:09:58,1685610598,21.9,35.4,97500,7.00,8.00,8.00,9.00,0.0653,0
2023-06-01 05:14:46,1685610886,21.9,35.4,97500,8.00,9.00,9.00,9.00,0.0216,0
2023-06-01 05:19:48,1685611188,22.0,35.3,97500,9.00,11.0,12.0,12.0,0.0218,0
2023-06-01 05:20:26,1685611227,22.0,35.1,97500,7.00,8.00,8.00,8.00,0.0312,0
2023-06-01 09:34:56,1685626497,39.8,16.6,97543,9.00,9.00,9.00,9.00,,
2023-06-01 09:37:24,1685626644,39.8,16.6,97578,5.00,6.00,6.00,6.00,,
2023-06-01 09:49:49,1685627389,40.5,16.4,97600,7.00,7.00,7.00,7.00,,
2023-06-01 09:54:22,1685627663,40.7,16.2,97600,10.0,11.0,11.0,13.0,,
2023-06-01 10:09:57,1685628597,41.2,15.4,97600,7.00,10.0,13.0,15.0,,
2023-06-01 10:12:22,1685628743,41.3,15.4,97600,6.00,7.00,7.00,8.00,0.0485,0
2023-06-01 10:19:46,1685629186,41.4,15.5,97600,6.00,6.00,6.00,6.00,0.0435,0
2023-06-01 10:24:55,1685629496,41.6,15.6,97600,10.0,11.0,11.0,11.0,0.0790,0
2023-06-01 10:29:04,1685629744,41.9,15.6,97573,8.00,10.0,11.0,11.0,0.0620,0
2023-06-01 10:39:42,1685630382,42.0,15.8,97600,6.00,9.00,11.0,12.0,0.0620,0
2023-06-01 10:44:52,1685630692,42.0,20.8,91835,8.00,9.00,9.00,10.0,0.0201,0
2023-06-01 10:45:17,1685630718,42.0,15.9,97600,5.00,5.00,5.00,5.00,0.0201,0
2023-06-01 10:54:56,1685631296,42.3,16.0,97500,7.00,7.00,7.00,7.00,0.0374,0
2023-06-01 10:59:47,1685631588,42.3,16.2,97500,7.00,9.00,11.0,12.0,0.0584,0
2023-06-01 11:01:55,1685631715,42.5,16.2,97500,8.00,9.00,9.00,9.00,0.0334,0
2023-06-01 11:09:58,1685632198,42.6,16.4,97500,5.00,6.00,6.00,6.00,0.0309,0
2023-06-01 11:14:50,1685632490,42.5,16.4,97500,11.0,12.0,12.0,12.0,0.0256,0
2023-06-01 11:19:59,1685632799,42.8,15.9,97500,8.00,9.00,9.00,9.00,0.0280,0
2023-06-01 11:29:49,1685633390,42.6,15.9,97500,8.00,9.00,11.0,11.0,0.0128,0
2023-06-01 11:34:42,1685633683,41.3,16.4,97500,5.00,7.00,7.00,8.00,0.0204,0
2023-06-01 11:36:50,1685633810,40.6,17.3,97500,7.00,7.00,7.00,7.00,0.0170,0
2023-06-01 11:44:55,1685634295,41.5,17.0,97500,6.00,6.00,6.00,6.00,0.0197,0
2023-06-01 11:49:48,1685634589,42.0,16.6,97500,8.00,8.00,8.00,8.00,0.0187,0
2023-06-01 11:52:32,1685634753,42.5,16.1,97500,7.00,7.00,7.00,7.00,0.0141,0
2023-06-01 11:59:55,1685635196,43.2,14.8,97500,4.00,5.00,5.00,6.00,0.0150,0
2023-06-01 12:04:47,1685635487,43.1,15.1,97500,7.00,8.00,9.00,9.00,0.0165,0
2023-06-01 12:09:58,1685635799,43.6,13.6,97500,8.00,9.00,10.0,10.0,0.0489,0
2023-06-01 12:10:34,1685635835,43.8,13.6,97500,8.00,9.00,10.0,10.0,0.0300,0
2023-06-01 12:19:48,1685636388,44.2,11.4,97400,12.0,13.0,13.0,13.0,0.0209,0
2023-06-01 12:24:58,1685636699,44.5,17.3,90907,7.00,7.00,8.00,9.00,0.00912,0.887
2023-06-01 12:27:05,1685636826,44.6,11.1,97400,7.00,8.00,9.00,9.00,0.00727,0.887
2023-06-01 12:34:51,1685637292,43.6,11.0,97400,6.00,6.00,6.00,6.00,0.0150,0.887
2023-06-01 12:39:43,1685637583,42.8,11.4,97400,7.00,7.00,8.00,9.00,0.0150,0.887
2023-06-01 12:43:41,1685637821,41.7,12.0,97400,7.00,8.00,10.0,10.0,0.0130,0.887
2023-06-01 12:54:53,1685638493,40.5,13.3,97400,6.00,7.00,7.00,8.00,0.0268,0.870
2023-06-01 12:59:27,1685638768,41.3,13.0,97400,7.00,7.00,7.00,8.00,0.0376,0
2023-06-01 13:14:47,1685639687,42.9,10.9,97300,4.00,4.00,4.00,5.00,0.0241,0
2023-06-01 13:17:50,1685639871,42.7,11.2,97325,5.00,8.00,11.0,13.0,0.0133,0
2023-06-01 13:24:57,1685640298,42.9,11.4,97300,6.00,7.00,7.00,8.00,0.0161,0
2023-06-01 13:29:49,1685640590,42.5,11.7,97300,8.00,9.00,9.00,10.0,0.0456,0
2023-06-01 13:34:42,1685640883,41.9,11.9,97300,7.00,8.00,11.0,12.0,0.0301,0
2023-06-01 13:44:54,1685641495,42.2,11.6,97300,5.00,7.00,8.00,9.00,0.0344,0
2023-06-01 13:49:47,1685641787,42.5,11.6,97300,11.0,12.0,12.0,12.0,0.0336,0
2023-06-01 13:52:12,1685641932,42.7,11.6,97300,4.00,5.00,5.00,5.00,0.0278,0
2023-06-01 13:59:54,1685642394,42.8,10.8,97300,4.00,6.00,7.00,8.00,0.0348,0
2023-06-01 14:04:45,1685642686,42.9,11.4,97300,7.00,7.00,7.00,7.00,0.0381,0
2023-06-01 14:08:16,1685642896,43.2,10.9,97300,7.00,8.00,9.00,10.0,0.0188,0
2023-06-01 14:14:53,1685643293,42.3,11.1,97300,1.00,1.00,1.00,1.00,0.0188,0
2023-06-01 14:19:45,1685643585,42.2,11.4,97300,6.00,7.00,8.00,9.00,0.0188,0
2023-06-01 14:24:56,1685643896,42.4,11.7,97300,8.00,8.00,8.00,8.00,0.0124,0
2023-06-01 14:26:08,1685643968,43.0,11.1,97300,4.00,5.00,5.00,5.00,0.00994,0
2023-06-01 14:34:10,1685644451,43.1,11.2,97400,7.00,7.00,7.00,7.00,0.0232,0
2023-06-01 14:39:59,1685644799,42.3,11.4,97400,5.00,5.00,6.00,6.00,0.0232,0
2023-06-01 14:42:25,1685644945,41.3,11.8,97400,2.00,7.00,10.0,12.0,0.0348,0
2023-06-01 14:49:54,1685645395,39.7,13.3,97400,3.00,4.00,5.00,5.00,0.0348,0
2023-06-01 14:54:58,1685645698,39.0,13.7,97400,6.00,6.00,7.00,7.00,0.0233,0
2023-06-01 14:59:59,1685645999,38.0,15.3,97400,3.00,4.00,4.00,4.00,0.0168,0
2023-06-01 15:04:58,1685646299,36.4,16.7,97400,1.00,1.00,1.00,1.00,0.0167,0
2023-06-01 15:09:57,1685646598,35.8,17.1,97419,4.00,5.00,5.00,5.00,0.0185,0
2023-06-01 15:14:50,1685646890,35.0,17.8,97400,4.00,4.00,5.00,5.00,0.0110,0
2023-06-01 15:16:59,1685647020,34.3,18.8,97400,5.00,5.00,6.00,6.00,0.0102,0
2023-06-01 15:24:53,1685647493,32.5,21.3,97400,2.00,6.00,9.00,10.0,0.0146,0
2023-06-01 15:29:42,1685647783,32.0,22.2,97400,6.00,7.00,9.00,9.00,0.0283,0
2023-06-01 15:31:53,1685647914,31.4,23.4,97400,7.00,8.00,8.00,8.00,0.0176,0
2023-06-01 15:44:51,1685648691,30.3,25.8,97400,9.00,9.00,9.00,9.00,0.0291,0
2023-06-01 15:49:51,1685648992,30.3,25.9,97329,5.00,8.00,10.0,11.0,0.0705,0
2023-06-01 15:50:10,1685649011,30.2,25.7,97300,3.00,4.00,5.00,5.00,0.0219,0
2023-06-01 15:59:56,1685649597,30.3,26.3,97300,8.00,8.00,8.00,8.00,0.0204,0
2023-06-01 16:04:47,1685649887,30.3,26.0,97377,6.00,7.00,11.0,13.0,0.0173,0
2023-06-01 16:19:49,1685650789,30.7,26.1,97500,4.00,6.00,7.00,8.00,0.0127,0
2023-06-01 16:24:18,1685651058,30.7,25.9,97500,7.00,7.00,9.00,10.0,0.0134,0
2023-06-01 16:34:46,1685651686,30.6,26.4,97500,7.00,8.00,9.00,9.00,0.0122,0
2023-06-01 16:39:46,1685651987,30.6,26.8,97500,8.00,8.00,9.00,10.0,0.0317,0
2023-06-01 16:42:35,1685652156,30.6,26.7,97500,5.00,8.00,11.0,13.0,0.0317,0
2023-06-01 16:49:51,1685652591,30.5,26.8,97500,5.00,5.00,6.00,7.00,0.0218,0
2023-06-01 16:54:41,1685652881,30.4,26.9,97500,7.00,9.00,10.0,10.0,0.0424,0
2023-06-01 16:58:45,1685653126,30.4,27.5,97500,5.00,6.00,7.00,8.00,0.0424,0
2023-06-01 17:09:58,1685653798,30.7,27.2,97500,8.00,10.0,12.0,13.0,0.0147,0
2023-06-01 17:14:58,1685654099,30.9,27.1,97500,8.00,9.00,9.00,9.00,0.0253,0
2023-06-01 17:16:50,1685654210,30.9,27.1,97417,5.00,6.00,6.00,7.00,0.0160,0
2023-06-01 17:24:45,1685654685,30.8,27.3,97400,8.00,8.00,8.00,8.00,0.0132,0
2023-06-01 17:29:57,1685654998,31.0,26.8,97400,9.00,9.00,9.00,9.00,0.0239,0
2023-06-01 17:33:44,1685655224,31.3,26.8,97400,7.00,7.00,7.00,7.00,0.0239,0
2023-06-01 17:39:44,1685655584,32.3,25.3,97400,5.00,5.00,5.00,5.00,0.0100,0
2023-06-01 17:44:43,1685655883,32.7,24.7,97400,8.00,11.0,14.0,15.0,0.0212,0
2023-06-01 17:49:42,1685656183,32.9,24.2,97400,6.00,8.00,10.0,10.0,0.0239,0
2023-06-01 17:50:56,1685656257,32.9,24.2,97400,6.00,6.00,6.00,6.00,0.0138,0
2023-06-01 17:59:45,1685656786,32.6,24.4,97400,5.00,6.00,6.00,7.00,0.0161,0
2023-06-01 18:04:44,1685657085,32.5,24.6,97400,5.00,6.00,6.00,7.00,0.0276,0
2023-06-01 18:09:44,1685657384,32.5,24.2,97400,5.00,6.00,7.00,7.00,0.0303,0
2023-06-01 18:14:51,1685657692,32.4,24.3,97400,7.00,11.0,13.0,14.0,0.0272,0
2023-06-01 18:19:55,1685657996,32.3,25.4,97400,6.00,9.00,10.0,11.0,0.0291,0
2023-06-01 18:24:55,1685658295,32.1,24.9,97400,7.00,8.00,11.0,12.0,0.0239,0
2023-06-01 18:29:43,1685658584,31.8,25.4,97400,9.00,9.00,9.00,9.00,0.0220,0
2023-06-01 18:34:43,1685658884,31.5,26.7,97400,5.00,10.0,14.0,16.0,0.0215,0
2023-06-01 18:39:46,1685659187,31.2,26.9,97400,7.00,10.0,13.0,14.0,0.0238,0
2023-06-01 18:44:47,1685659487,31.0,27.3,97400,5.00,5.00,6.00,6.00,0.0289,0
2023-06-01 18:49:48,1685659788,30.7,27.8,97400,6.00,7.00,7.00,8.00,0.0379,0
2023-06-01 18:54:57,1685660097,30.3,28.4,97400,8.00,10.0,11.0,12.0,0.0342,0
2023-06-01 18:59:58,1685660398,29.9,28.7,97400,4.00,6.00,7.00,7.00,0.0296,0
2023-06-01 19:04:59,1685660700,29.6,28.6,97400,5.00,6.00,9.00,11.0,0.0340,0
2023-06-01 19:09:42,1685660982,29.2,28.6,97400,8.00,11.0,13.0,14.0,0.0391,0
2023-06-01 19:14:44,1685661284,28.9,28.9,97400,8.00,10.0,11.0,11.0,0.0363,0
2023-06-01 19:19:46,1685661586,28.5,29.6,97400,5.00,5.00,5.00,6.00,0.0250,0
2023-06-01 19:21:20,1685661681,28.3,29.8,97400,5.00,7.00,8.00,9.00,0.0135,0
2023-06-01 19:34:53,1685662493,27.6,30.2,97400,4.00,5.00,5.00,6.00,0.0131,0
2023-06-01 19:39:56,1685662796,27.4,30.5,97400,5.00,7.00,9.00,10.0,0.0207,0
2023-06-01 19:44:11,1685663051,27.1,30.5,97400,5.00,7.00,9.00,11.0,0.0169,0
2023-06-01 19:49:59,1685663400,26.9,30.8,97400,4.00,5.00,7.00,7.00,0.0117,0
2023-06-01 19:54:25,1685663666,26.6,31.5,97400,4.00,5.00,6.00,7.00,0.0253,0
2023-06-01 19:59:48,1685663988,26.4,31.9,97400,4.00,5.00,6.00,6.00,0.0231,0
2023-06-01 20:03:23,1685664204,26.2,31.9,97400,4.00,5.00,7.00,8.00,0.0169,0
2023-06-01 20:24:43,1685665484,25.7,33.6,97400,7.00,7.00,7.00,7.00,,
2023-06-01 20:29:48,1685665788,25.7,33.4,97400,4.00,5.00,7.00,8.00,,
2023-06-01 20:34:51,1685666092,25.7,33.6,97400,7.00,7.00,7.00,7.00,,
2023-06-01 20:39:55,1685666396,25.7,33.7,97400,5.00,7.00,8.00,9.00,0.0167,0
2023-06-01 20:44:59,1685666700,25.7,33.6,97400,4.00,6.00,7.00,8.00,0.0167,0
2023-06-01 20:49:45,1685666985,25.8,33.6,97400,5.00,6.00,7.00,7.00,0.0228,0
2023-06-01 20:54:50,1685667290,25.8,33.5,97400,4.00,5.00,5.00,5.00,0.0130,0
2023-06-01 20:59:54,1685667594,25.9,33.6,97400,9.00,10.0,10.0,10.0,0.0235,0
2023-06-01 21:04:58,1685667899,26.0,33.5,97400,4.00,4.00,6.00,7.00,0.0220,0
2023-06-01 21:09:44,1685668184,26.0,33.2,97400,5.00,8.00,10.0,11.0,0.0220,0
2023-06-01 21:14:48,1685668488,26.1,32.8,97400,5.00,6.00,6.00,6.00,0.0168,0
2023-06-01 21:19:52,1685668792,26.2,32.8,97400,4.00,5.00,7.00,8.00,0.00945,0
2023-06-01 21:24:45,1685669085,26.2,32.8,97400,4.00,5.00,5.00,5.00,0.0134,0
2023-06-01 21:29:30,1685669371,26.2,32.6,97400,6.00,7.00,7.00,8.00,0.0138,0
2023-06-01 21:34:56,1685669697,26.1,32.4,97400,4.00,5.00,6.00,7.00,0.0239,0
2023-06-01 21:39:44,1685669985,26.1,32.3,97400,3.00,5.00,6.00,7.00,0.0353,0
2023-06-01 21:44:57,1685670298,26.0,32.3,97400,5.00,5.00,5.00,5.00,0.0353,0
2023-06-01 21:49:49,1685670589,26.0,32.2,97400,6.00,8.00,9.00,10.0,0.0192,0
2023-06-01 21:54:53,1685670894,26.0,32.2,97400,4.00,7.00,9.00,11.0,0.0232,0
2023-06-01 21:59:47,1685671188,25.9,32.3,97400,6.00,6.00,6.00,6.00,0.0164,0
2023-06-01 22:04:51,1685671492,25.9,32.7,97400,6.00,8.00,8.00,9.00,0.0252,0
2023-06-01 22:09:56,1685671796,25.9,32.9,97400,6.00,7.00,7.00,8.00,0.0116,0
2023-06-01 22:14:41,1685672082,25.8,32.9,97400,4.00,5.00,7.00,8.00,0.0148,0
2023-06-01 22:19:46,1685672386,25.8,33.0,97369,5.00,8.00,11.0,14.0,0.0233,0
2023-06-01 22:24:31,1685672671,25.8,33.1,97367,4.00,7.00,9.00,11.0,0.0233,0
2023-06-01 22:29:23,1685672964,25.8,33.1,97338,4.00,5.00,6.00,6.00,0.0272,0
2023-06-01 22:34:10,1685673251,25.8,33.0,97300,4.00,5.00,5.00,6.00,0.0323,0
2023-06-01 22:39:53,1685673594,25.7,33.0,97300,6.00,6.00,7.00,8.00,0.0131,0
2023-06-01 22:44:58,1685673899,25.7,32.7,97300,7.00,8.00,9.00,10.0,0.0139,0
2023-06-01 22:49:44,1685674185,25.7,32.5,97300,4.00,5.00,6.00,6.00,0.0130,0
2023-06-01 22:54:48,1685674489,25.6,32.7,97300,7.00,8.00,8.00,8.00,0.0151,0
2023-06-01 22:59:41,1685674782,25.6,32.8,97300,4.00,5.00,7.00,8.00,0.0119,0
2023-06-01 23:03:11,1685674991,25.5,32.9,97300,3.00,5.00,6.00,7.00,0.0137,0
2023-06-01 23:19:51,1685675992,25.5,33.3,97400,6.00,7.00,8.00,9.00,0.0166,0
2023-06-01 23:21:27,1685676087,25.4,33.7,97400,5.00,5.00,5.00,5.00,0.0239,0
2023-06-01 23:34:57,1685676897,25.3,33.9,97400,4.00,5.00,5.00,5.00,0.0193,0
2023-06-01 23:39:43,1685677183,25.2,34.0,97400,4.00,6.00,8.00,8.00,0.0263,0
2023-06-01 23:44:47,1685677488,25.2,34.1,97400,7.00,7.00,7.00,7.00,0.0263,0
2023-06-01 23:49:25,1685677766,25.1,34.0,97400,6.00,6.00,6.00,6.00,0.0218,0
2023-06-01 23:54:41,1685678081,25.1,34.1,97400,4.00,4.00,4.00,4.00,0.0205,0
2023-06-01 23:59:52,1685678393,25.1,34.2,97378,4.00,5.00,5.00,6.00,0.0329,0
2023-06-02 00:04:57,1685678698,25.0,34.1,97381,6.00,6.00,6.00,6.00,0.0329,0
2023-06-02 00:09:46,1685678986,24.9,34.3,97300,4.00,7.00,11.0,14.0,0.0224,0
2023-06-02 00:14:51,1685679292,24.8,34.4,97300,4.00,5.00,5.00,5.00,0.0223,0
2023-06-02 00:19:57,1685679597,24.7,34.6,97300,4.00,4.00,4.00,5.00,0.0168,0
2023-06-02 00:24:42,1685679883,24.5,34.7,97300,4.00,5.00,5.00,6.00,0.0152,0
2023-06-02 00:29:48,1685680188,24.4,34.9,97300,4.00,6.00,7.00,8.00,0.0126,0
2023-06-02 00:34:56,1685680496,24.3,35.2,97300,4.00,5.00,5.00,5.00,0.0126,0
2023-06-02 00:39:11,1685680752,24.2,35.3,97300,6.00,6.00,6.00,6.00,0.0217,0
2023-06-02 00:44:56,1685681096,24.2,35.6,97300,3.00,3.00,3.00,3.00,0.0142,0
2023-06-02 00:49:43,1685681383,24.2,35.5,97300,7.00,7.00,7.00,7.00,0.0127,0
2023-06-02 00:54:48,1685681689,24.2,35.5,97300,5.00,5.00,5.00,5.00,0.0115,0
2023-06-02 00:59:54,1685681995,24.1,35.6,97300,4.00,5.00,5.00,5.00,0.0123,0
2023-06-02 01:04:22,1685682262,24.1,35.6,97300,4.00,7.00,9.00,10.0,0.0142,0
2023-06-02 01:09:46,1685682587,24.0,36.0,97300,4.00,6.00,8.00,9.00,0.0142,0
2023-06-02 01:14:52,1685682892,23.9,36.1,97300,5.00,6.00,7.00,8.00,0.0118,0
2023-06-02 01:19:39,1685683179,23.9,36.3,97300,4.00,8.00,11.0,12.0,0.0167,0
2023-06-02 01:20:41,1685683241,23.8,36.2,97300,4.00,4.00,4.00,4.00,0.0167,0
2023-06-02 01:34:51,1685684091,23.7,36.4,97300,3.00,4.00,5.00,6.00,0.0119,0
2023-06-02 01:39:57,1685684397,23.7,36.5,97300,7.00,7.00,7.00,7.00,0.0184,0
2023-06-02 01:44:45,1685684685,23.8,36.8,97300,5.00,7.00,8.00,8.00,0.0185,0
2023-06-02 01:49:51,1685684991,23.8,36.5,97300,7.00,8.00,8.00,8.00,0.0153,0
2023-06-02 01:54:46,1685685286,23.9,36.6,97293,4.00,6.00,8.00,8.00,0.0120,0
2023-06-02 01:59:52,1685685592,24.0,36.3,97243,5.00,8.00,10.0,11.0,0.0128,0
2023-06-02 02:04:58,1685685898,24.1,36.1,97200,5.00,6.00,7.00,8.00,0.0122,0
2023-06-02 02:09:44,1685686185,24.1,36.2,97200,4.00,8.00,12.0,13.0,0.0203,0
2023-06-02 02:14:58,1685686498,24.2,36.0,97200,6.00,6.00,8.00,9.00,0.0317,0
2023-06-02 02:19:51,1685686791,24.3,35.7,97200,5.00,11.0,15.0,18.0,0.0146,0
2023-06-02 02:24:18,1685687059,24.4,35.5,97200,4.00,6.00,9.00,11.0,0.0170,0
2023-06-02 02:39:42,1685687982,24.6,34.9,97200,5.00,6.00,7.00,8.00,0.0170,0
2023-06-02 02:44:47,1685688288,24.7,34.5,97200,5.00,6.00,8.00,9.00,0.0155,0
2023-06-02 02:49:53,1685688593,24.9,34.3,97200,8.00,8.00,8.00,8.00,0.0210,0
2023-06-02 02:54:41,1685688882,25.0,34.5,97200,9.00,10.0,10.0,10.0,0.0670,0
2023-06-02 02:59:46,1685689187,25.0,34.6,97200,9.00,9.00,10.0,11.0,0.0705,0
2023-06-02 03:04:59,1685689499,25.0,35.0,97200,6.00,6.00,6.00,7.00,0.0436,0
2023-06-02 03:09:46,1685689786,25.0,35.1,97200,5.00,6.00,6.00,6.00,0.0762,0
2023-06-02 03:14:51,1685690092,24.9,35.0,97200,4.00,5.00,6.00,6.00,0.0605,0
2023-06-02 03:19:46,1685690386,24.8,34.7,97200,7.00,8.00,9.00,10.0,0.0201,0
2023-06-02 03:24:59,1685690700,24.8,34.9,97200,7.00,10.0,13.0,15.0,0.0394,0
2023-06-02 03:29:46,1685690986,24.8,35.0,97200,5.00,5.00,6.00,6.00,0.0335,0
2023-06-02 03:34:59,1685691299,24.8,35.3,97200,5.00,7.00,9.00,9.00,0.0372,0
2023-06-02 03:39:45,1685691586,24.8,35.4,97200,5.00,6.00,7.00,7.00,0.0160,0
2023-06-02 03:44:51,1685691892,24.7,35.4,97200,5.00,6.00,8.00,8.00,0.0158,0
2023-06-02 03:49:57,1685692198,24.7,35.6,97200,7.00,9.00,11.0,11.0,0.0195,0
2023-06-02 03:54:43,1685692484,24.6,35.6,97200,5.00,5.00,5.00,5.00,0.0228,0
2023-06-02 03:59:30,1685692770,24.6,35.8,97200,5.00,6.00,7.00,8.00,0.0143,0
2023-06-02 04:04:54,1685693095,24.5,36.2,97200,6.00,6.00,6.00,6.00,0.0152,0
2023-06-02 04:09:48,1685693389,24.5,36.1,97200,9.00,11.0,11.0,12.0,0.0116,0
2023-06-02 04:14:54,1685693694,24.4,36.1,97200,6.00,9.00,12.0,14.0,0.0457,0
2023-06-02 04:19:46,1685693987,24.4,36.3,97200,7.00,9.00,11.0,12.0,0.0440,0
2023-06-02 04:24:51,1685694292,24.4,36.2,97200,7.00,8.00,8.00,8.00,0.0164,0
2023-06-02 04:29:57,1685694597,24.4,36.5,97200,8.00,10.0,11.0,11.0,0.0221,0
2023-06-02 04:34:46,1685694886,24.3,36.5,97200,7.00,7.00,8.00,9.00,0.0160,0
2023-06-02 04:39:50,1685695191,24.3,36.8,97200,8.00,8.00,8.00,8.00,0.0116,0
2023-06-02 04:44:58,1685695498,24.3,36.9,97200,5.00,6.00,8.00,9.00,0.0137,0
2023-06-02 04:49:44,1685695785,24.2,37.0,97200,9.00,9.00,9.00,9.00,0.0264,0
2023-06-02 04:54:55,1685696095,24.1,37.2,97200,6.00,8.00,8.00,9.00,0.0264,0
2023-06-02 04:59:41,1685696382,24.1,37.3,97200,6.00,9.00,11.0,13.0,0.0355,0
2023-06-02 05:04:47,1685696688,24.0,37.4,97200,5.00,6.00,7.00,8.00,0.0207,0
2023-06-02 05:09:53,1685696993,24.0,37.5,97200,6.00,8.00,8.00,9.00,0.0195,0
2023-06-02 05:14:48,1685697288,23.9,37.6,97200,10.0,11.0,11.0,11.0,0.0148,0
2023-06-02 05:19:42,1685697582,23.9,37.7,97200,7.00,8.00,9.00,9.00,0.0143,0
2023-06-02 05:24:47,1685697888,23.9,37.7,97200,5.00,6.00,6.00,6.00,0.0466,0
2023-06-02 05:29:59,1685698200,23.9,38.1,97200,7.00,8.00,10.0,11.0,0.0348,0
2023-06-02 05:34:46,1685698486,23.9,38.1,97200,5.00,6.00,6.00,6.00,0.0311,0
2023-06-02 05:39:59,1685698799,23.9,38.2,97200,4.00,6.00,7.00,7.00,0.0208,0
2023-06-02 05:44:45,1685699085,23.9,38.3,97200,5.00,7.00,8.00,9.00,0.0158,0
2023-06-02 05:49:51,1685699391,23.9,38.3,97200,8.00,8.00,11.0,12.0,0.0350,0
2023-06-02 05:53:02,1685699582,23.8,38.6,97200,7.00,7.00,7.00,7.00,0.0350,0
2023-06-02 05:59:54,1685699994,23.8,38.5,97200,5.00,5.00,6.00,7.00,0.0261,0
2023-06-02 06:04:41,1685700281,23.8,38.5,97200,9.00,10.0,10.0,11.0,0.0177,0
2023-06-02 06:09:47,1685700587,23.8,38.7,97200,4.00,6.00,8.00,8.00,0.0251,0
2023-06-02 06:14:57,1685700897,23.8,38.8,97244,6.00,7.00,7.00,8.00,0.0278,0
2023-06-02 06:19:44,1685701184,23.8,39.1,97240,5.00,6.00,7.00,8.00,0.0143,0
2023-06-02 06:24:49,1685701490,23.8,39.0,97238,5.00,6.00,6.00,7.00,0.00984,0
2023-06-02 06:29:55,1685701796,23.8,39.1,97300,6.00,9.00,11.0,12.0,0.0152,0
2023-06-02 06:34:42,1685702082,23.8,39.2,97300,7.00,8.00,8.00,8.00,0.0270,0
2023-06-02 06:39:56,1685702396,23.7,39.2,97300,7.00,7.00,8.00,8.00,0.0105,0
2023-06-02 06:44:43,1685702683,23.7,39.4,97300,8.00,9.00,9.00,9.00,0.0126,0
2023-06-02 06:49:49,1685702989,23.7,39.7,97300,8.00,10.0,12.0,14.0,0.0191,0
2023-06-02 06:54:55,1685703295,23.7,40.0,97300,6.00,7.00,8.00,9.00,0.0178,0
2023-06-02 06:59:49,1685703589,23.7,40.1,97300,9.00,9.00,9.00,9.00,0.0178,0
2023-06-02 07:04:42,1685703883,23.6,40.4,97300,9.00,9.00,10.0,11.0,0.0161,0
2023-06-02 07:09:57,1685704198,23.6,40.7,97331,7.00,8.00,8.00,9.00,0.0153,0
2023-06-02 07:10:54,1685704255,23.6,40.8,97300,9.00,11.0,13.0,13.0,0.0118,0
2023-06-02 11:09:52,1685718592,36.4,21.9,97400,9.00,10.0,10.0,10.0,,
2023-06-02 11:14:47,1685718888,36.1,21.8,97400,11.0,13.0,13.0,14.0,,
2023-06-02 11:18:11,1685719091,35.6,22.0,97400,9.00,9.00,9.00,9.00,,
2023-06-02 11:34:53,1685720094,32.9,23.9,97400,7.00,11.0,14.0,16.0,0.0674,0
2023-06-02 11:36:07,1685720168,32.5,24.2,97400,9.00,10.0,10.0,10.0,0.00970,0
2023-06-02 11:44:55,1685720695,31.8,25.0,97400,10.0,11.0,11.0,11.0,0.0200,0
2023-06-02 11:49:53,1685720994,31.7,25.5,97400,8.00,8.00,8.00,8.00,0.0286,0
2023-06-02 11:53:37,1685721217,31.8,25.1,97400,8.00,8.00,10.0,11.0,0.0728,0
2023-06-02 12:04:42,1685721883,31.5,25.4,97400,8.00,10.0,12.0,13.0,0.0523,0
2023-06-02 12:09:22,1685722163,31.5,25.6,97400,7.00,8.00,10.0,11.0,0.0420,0
2023-06-02 12:20:11,1685722811,30.6,26.3,97400,4.00,5.00,5.00,5.00,0.0361,0
2023-06-02 12:34:45,1685723685,30.2,26.5,97400,3.00,3.00,3.00,3.00,0.0437,0
2023-06-02 12:39:45,1685723985,29.9,27.0,97400,9.00,11.0,12.0,12.0,0.0437,0
2023-06-02 12:44:45,1685724285,29.7,27.4,97400,9.00,9.00,9.00,9.00,0.0298,0
2023-06-02 12:45:03,1685724304,30.0,27.4,97400,4.00,5.00,6.00,6.00,0.0118,0
2023-06-02 12:54:49,1685724890,31.1,26.5,97400,9.00,10.0,10.0,10.0,0.0153,0
2023-06-02 12:59:49,1685725190,30.7,26.2,97400,6.00,7.00,8.00,8.00,0.0247,0
2023-06-02 13:14:45,1685726085,28.8,28.3,97400,9.00,10.0,12.0,13.0,0.0343,0
2023-06-02 13:19:11,1685726351,28.4,29.0,97400,8.00,9.00,10.0,10.0,0.0845,0
2023-06-02 13:29:44,1685726985,29.2,29.2,97400,5.00,9.00,11.0,12.0,0.0845,0
2023-06-02 13:34:44,1685727285,30.0,28.4,97400,6.00,8.00,10.0,11.0,0.0911,0
2023-06-02 13:36:17,1685727378,30.5,28.1,97400,6.00,6.00,7.00,8.00,0.0257,0
2023-06-02 13:44:51,1685727892,31.2,26.8,97400,4.00,6.00,7.00,8.00,0.0257,0
2023-06-02 13:49:50,1685728191,31.4,26.1,97400,8.00,11.0,13.0,14.0,0.0257,0
2023-06-02 13:52:57,1685728378,31.4,25.9,97400,6.00,7.00,9.00,9.00,0.0846,0
2023-06-02 13:59:48,1685728789,31.6,25.7,97400,8.00,11.0,13.0,15.0,0.0846,0
2023-06-02 14:04:47,1685729088,31.8,25.5,97400,7.00,8.00,8.00,8.00,0.0308,0
2023-06-02 14:09:46,1685729387,32.0,25.1,97400,6.00,8.00,10.0,11.0,0.0337,0
2023-06-02 14:10:05,1685729405,32.1,25.0,97400,1.00,2.00,2.00,2.00,0.0130,0
2023-06-02 14:19:54,1685729995,31.7,25.1,97300,5.00,7.00,10.0,12.0,0.0284,0
2023-06-02 14:24:53,1685730294,31.6,24.8,97369,6.00,8.00,11.0,13.0,0.0293,0
2023-06-02 14:27:04,1685730424,31.5,25.0,97400,6.00,8.00,9.00,10.0,0.0114,0
2023-06-02 14:34:59,1685730899,31.6,25.0,97400,4.00,4.00,5.00,6.00,0.0445,0
2023-06-02 14:39:58,1685731198,31.7,24.8,97400,7.00,8.00,8.00,9.00,0.0409,0
2023-06-02 14:44:37,1685731478,31.6,24.6,97400,6.00,10.0,12.0,14.0,0.0327,0
2023-06-02 14:54:49,1685732090,31.4,24.7,97400,7.00,9.00,11.0,12.0,0.0741,0
2023-06-02 14:59:52,1685732392,31.2,24.8,97400,5.00,6.00,7.00,7.00,0.0374,0
2023-06-02 15:01:43,1685732504,30.9,24.4,97400,5.00,6.00,7.00,8.00,0.0333,0
2023-06-02 15:09:55,1685732996,30.4,25.6,97400,7.00,8.00,9.00,9.00,0.0199,0
2023-06-02 15:14:55,1685733295,30.8,25.7,97400,7.00,11.0,15.0,16.0,0.0259,0
2023-06-02 15:17:25,1685733445,31.4,25.2,97363,5.00,5.00,5.00,5.00,0.0259,0
2023-06-02 15:29:47,1685734188,30.9,25.4,97400,9.00,9.00,9.00,9.00,0.0359,0
2023-06-02 15:34:47,1685734487,31.0,25.4,97363,9.00,12.0,15.0,16.0,0.0494,0
2023-06-02 15:39:41,1685734781,30.8,25.6,97400,8.00,9.00,9.00,9.00,0.0918,0
2023-06-02 15:44:59,1685735100,30.3,26.0,97400,5.00,6.00,7.00,8.00,0.0918,0
2023-06-02 15:49:41,1685735382,29.8,26.5,97400,5.00,8.00,10.0,11.0,0.0673,0
2023-06-02 15:52:30,1685735551,29.4,26.8,97400,4.00,6.00,6.00,7.00,0.0219,0
2023-06-02 15:59:54,1685735995,28.7,28.2,97400,3.00,5.00,6.00,7.00,0.0173,0
2023-06-02 16:04:55,1685736296,28.7,28.5,97400,6.00,7.00,8.00,8.00,0.0173,0
2023-06-02 16:09:56,1685736597,28.8,28.4,97400,5.00,6.00,7.00,8.00,0.0226,0
2023-06-02 16:14:54,1685736894,28.9,28.3,97400,5.00,7.00,8.00,8.00,0.0121,0
2023-06-02 16:19:55,1685737195,28.9,28.2,97400,7.00,8.00,8.00,8.00,0.0226,0
2023-06-02 16:24:56,1685737497,28.9,28.2,97400,7.00,9.00,12.0,13.0,0.0565,0
2023-06-02 16:27:07,1685737628,28.9,28.0,97400,3.00,5.00,7.00,7.00,0.0507,0
2023-06-02 16:34:51,1685738092,28.3,28.2,97400,3.00,5.00,7.00,8.00,0.0370,0
2023-06-02 16:39:53,1685738393,28.2,28.8,97400,6.00,8.00,9.00,10.0,0.0636,0
2023-06-02 16:44:16,1685738657,28.4,29.1,97400,7.00,8.00,9.00,10.0,0.0636,0
2023-06-02 16:49:52,1685738993,28.3,28.9,97400,5.00,6.00,7.00,8.00,0.0389,0
2023-06-02 16:54:54,1685739294,28.2,29.2,97400,4.00,7.00,10.0,11.0,0.0482,0
2023-06-02 16:59:55,1685739596,28.1,29.0,97400,6.00,9.00,14.0,16.0,0.0679,0
2023-06-02 17:01:11,1685739671,28.0,29.4,97400,3.00,3.00,4.00,4.00,0.0446,0
2023-06-02 17:09:43,1685740184,27.8,29.8,97400,6.00,10.0,12.0,13.0,0.0117,0
2023-06-02 17:14:45,1685740486,27.6,29.7,97400,7.00,7.00,9.00,9.00,0.0212,0
2023-06-02 17:17:35,1685740656,27.4,29.7,97400,8.00,10.0,13.0,15.0,0.0275,0
2023-06-02 17:29:43,1685741383,26.2,31.2,97400,7.00,8.00,8.00,8.00,0.0215,0
2023-06-02 17:34:46,1685741687,25.9,31.3,97400,10.0,12.0,13.0,13.0,0.0173,0
2023-06-02 17:39:50,1685741991,25.5,31.6,97400,6.00,7.00,8.00,9.00,0.0110,0
2023-06-02 17:44:54,1685742295,25.0,31.6,97400,7.00,10.0,14.0,15.0,0.0203,0
2023-06-02 17:49:59,1685742599,24.3,32.1,97400,10.0,15.0,18.0,20.0,0.0911,0
2023-06-02 17:51:34,1685742694,23.9,32.6,97500,4.00,5.00,5.00,5.00,0.0911,0
2023-06-02 18:04:56,1685743496,23.4,34.0,97500,1.00,1.00,2.00,2.00,0.0342,0
2023-06-02 18:09:42,1685743782,23.3,34.1,97500,8.00,10.0,12.0,13.0,0.123,0
2023-06-02 18:14:47,1685744087,23.2,34.0,97500,12.0,12.0,12.0,12.0,0.125,0
2023-06-02 18:19:52,1685744393,23.0,34.0,97500,12.0,12.0,13.0,14.0,0.203,0
2023-06-02 18:24:58,1685744699,23.0,33.8,97500,13.0,17.0,23.0,26.0,0.141,0
2023-06-02 18:29:44,1685744985,22.9,33.5,97500,10.0,12.0,14.0,15.0,0.0879,0
2023-06-02 18:34:50,1685745291,22.6,33.3,97500,12.0,15.0,17.0,18.0,0.0461,0
2023-06-02 18:39:57,1685745597,22.2,33.3,97500,10.0,11.0,12.0,13.0,0.0983,0
2023-06-02 18:44:44,1685745885,21.8,33.5,97593,16.0,17.0,17.0,17.0,0.0983,0
2023-06-02 18:49:51,1685746192,21.5,34.1,97600,10.0,11.0,12.0,13.0,0.0587,0
2023-06-02 18:54:58,1685746498,21.3,34.4,97600,12.0,16.0,19.0,21.0,0.0531,0
2023-06-02 18:59:45,1685746786,21.2,34.5,97600,9.00,11.0,12.0,13.0,0.0322,0
2023-06-02 19:04:53,1685747093,21.1,34.7,97600,13.0,14.0,15.0,15.0,0.120,0
2023-06-02 19:09:41,1685747382,20.9,34.6,97600,8.00,12.0,15.0,17.0,0.176,0
2023-06-02 19:14:49,1685747689,20.7,35.0,97600,13.0,15.0,16.0,17.0,0.0779,0
2023-06-02 19:19:57,1685747997,20.5,35.0,97606,11.0,12.0,13.0,14.0,0.0209,0
2023-06-02 19:24:45,1685748286,20.4,34.8,97700,11.0,12.0,12.0,12.0,0.0351,0
2023-06-02 19:29:52,1685748593,20.3,34.7,97700,10.0,13.0,14.0,15.0,0.0294,0
2023-06-02 19:34:44,1685748884,20.0,34.6,97700,12.0,12.0,12.0,13.0,0.0192,0
2023-06-02 19:39:40,1685749181,19.8,35.1,97700,10.0,12.0,13.0,14.0,0.0783,0
2023-06-02 19:44:48,1685749488,19.5,35.1,97700,11.0,12.0,14.0,15.0,0.101,0
2023-06-02 19:49:59,1685749799,19.3,35.4,97700,13.0,14.0,14.0,14.0,0.0983,0
2023-06-02 19:54:48,1685750089,19.1,35.5,97700,9.00,10.0,13.0,14.0,0.0346,0
2023-06-02 19:59:56,1685750396,18.9,35.4,97700,13.0,15.0,16.0,17.0,0.0323,0
2023-06-02 20:04:45,1685750686,18.8,35.7,97700,10.0,11.0,14.0,16.0,0.0256,0
2023-06-02 20:09:54,1685750995,18.7,35.8,97700,14.0,14.0,15.0,16.0,0.0752,0
2023-06-02 20:14:44,1685751285,18.5,36.0,97700,13.0,13.0,13.0,14.0,0.0771,0
2023-06-02 20:19:54,1685751594,18.3,36.1,97700,12.0,14.0,17.0,18.0,0.0335,0
2023-06-02 20:24:44,1685751884,18.1,36.0,97700,15.0,16.0,17.0,18.0,0.0383,0
2023-06-02 20:29:57,1685752197,18.0,36.2,97700,16.0,20.0,23.0,25.0,0.0284,0
2023-06-02 20:34:47,1685752488,17.8,36.1,97700,19.0,21.0,23.0,23.0,0.170,0
2023-06-02 20:39:57,1685752798,17.6,35.8,97700,15.0,17.0,22.0,25.0,0.227,0
2023-06-02 20:44:48,1685753089,17.4,35.6,97733,17.0,23.0,28.0,30.0,0.0736,0
2023-06-02 20:49:59,1685753399,17.2,35.5,97800,12.0,15.0,17.0,18.0,0.166,0
2023-06-02 20:54:50,1685753690,17.1,35.4,97800,16.0,19.0,21.0,23.0,0.356,0
2023-06-02 20:59:41,1685753981,16.9,35.3,97800,12.0,15.0,17.0,18.0,0.0805,0
2023-06-02 21:04:52,1685754292,16.8,35.1,97800,9.00,12.0,14.0,15.0,0.173,0
2023-06-02 21:09:47,1685754587,16.6,35.0,97800,10.0,15.0,20.0,22.0,0.104,0
2023-06-02 21:14:58,1685754898,16.5,34.8,97800,9.00,10.0,10.0,11.0,0.0955,0
2023-06-02 21:19:49,1685755190,16.4,34.5,97800,11.0,12.0,13.0,14.0,0.0955,0
2023-06-02 21:24:41,1685755482,16.3,34.3,97800,9.00,10.0,13.0,15.0,0.0473,0
2023-06-02 21:29:52,1685755793,16.2,34.2,97800,11.0,12.0,12.0,13.0,0.0425,0
2023-06-02 21:34:44,1685756084,16.1,34.0,97800,9.00,11.0,13.0,14.0,0.0323,0
2023-06-02 21:39:44,1685756384,16.1,33.8,97800,9.00,9.00,10.0,10.0,0.0167,0
2023-06-02 21:44:55,1685756695,16.0,33.5,97800,9.00,9.00,10.0,10.0,0.0289,0
2023-06-02 21:49:47,1685756987,16.0,33.2,97800,9.00,10.0,10.0,11.0,0.0376,0
2023-06-02 21:54:59,1685757299,15.9,33.2,97800,8.00,9.00,9.00,9.00,0.0289,0
2023-06-02 21:59:51,1685757591,15.9,33.0,97800,9.00,10.0,10.0,11.0,0.0280,0
2023-06-02 22:04:43,1685757883,15.9,32.7,97800,9.00,9.00,10.0,10.0,0.0678,0
2023-06-02 22:09:55,1685758195,15.8,32.5,97800,9.00,10.0,12.0,12.0,0.0678,0
2023-06-02 22:14:08,1685758448,15.8,32.3,97800,8.00,13.0,18.0,20.0,0.0195,0
2023-06-02 22:19:57,1685758798,15.8,32.2,97800,9.00,11.0,13.0,14.0,0.0888,0
2023-06-02 22:24:56,1685759097,15.7,32.1,97800,7.00,11.0,14.0,15.0,0.0888,0
2023-06-02 22:29:48,1685759389,15.7,32.0,97800,4.00,7.00,9.00,10.0,0.0411,0
2023-06-02 22:34:21,1685759662,15.6,31.8,97800,5.00,9.00,11.0,12.0,0.0426,0
2023-06-02 22:39:59,1685760000,15.6,31.7,97800,6.00,7.00,8.00,8.00,0.0409,0
2023-06-02 22:44:32,1685760273,15.5,31.6,97800,7.00,10.0,12.0,14.0,0.0460,0
2023-06-02 22:49:44,1685760584,15.5,31.3,97800,7.00,11.0,14.0,16.0,0.138,0
2023-06-02 22:54:56,1685760897,15.5,31.1,97800,9.00,12.0,14.0,15.0,0.110,0
2023-06-02 22:59:47,1685761188,15.5,31.1,97800,8.00,10.0,11.0,11.0,0.0144,0
2023-06-02 23:04:59,1685761500,15.5,30.9,97800,6.00,11.0,16.0,19.0,0.0486,0
2023-06-02 23:09:51,1685761792,15.5,30.9,97800,8.00,11.0,12.0,12.0,0.0336,0
2023-06-02 23:14:24,1685762065,15.5,31.0,97800,10.0,10.0,11.0,11.0,0.0318,0
2023-06-02 23:19:55,1685762396,15.4,31.1,97800,5.00,8.00,11.0,12.0,0.0310,0
2023-06-02 23:24:48,1685762688,15.3,31.1,97800,7.00,9.00,12.0,14.0,0.0457,0
2023-06-02 23:29:59,1685763000,15.3,31.2,97800,8.00,12.0,14.0,15.0,0.0590,0
2023-06-02 23:34:52,1685763292,15.3,31.0,97800,10.0,12.0,14.0,15.0,0.0277,0
2023-06-02 23:39:13,1685763554,15.3,31.1,97800,9.00,9.00,11.0,12.0,0.0925,0
2023-06-02 23:44:43,1685763884,15.3,31.0,97800,12.0,14.0,15.0,17.0,0.0629,0
2023-06-02 23:49:55,1685764196,15.3,30.8,97800,17.0,19.0,20.0,21.0,0.174,0
2023-06-02 23:54:47,1685764488,15.3,30.8,97800,11.0,12.0,12.0,13.0,0.143,0
2023-06-02 23:59:59,1685764800,15.4,30.6,97800,13.0,15.0,16.0,16.0,0.143,0
2023-06-03 00:04:51,1685765091,15.4,30.6,97800,10.0,11.0,12.0,13.0,0.0342,0
2023-06-03 00:09:43,1685765384,15.4,30.5,97800,11.0,12.0,12.0,13.0,0.0492,0
2023-06-03 00:14:55,1685765695,15.4,30.5,97800,8.00,9.00,10.0,10.0,0.0519,0
2023-06-03 00:19:47,1685765988,15.3,30.5,97800,8.00,11.0,13.0,14.0,0.115,0
2023-06-03 00:24:59,1685766300,15.3,30.5,97800,7.00,8.00,9.00,9.00,0.0652,0
2023-06-03 00:29:52,1685766592,15.3,30.6,97800,8.00,9.00,9.00,10.0,0.0151,0
2023-06-03 00:34:44,1685766884,15.2,30.7,97800,7.00,8.00,11.0,13.0,0.0313,0
2023-06-03 00:39:56,1685767196,15.2,30.6,97800,5.00,7.00,9.00,10.0,0.0402,0
2023-06-03 00:44:48,1685767489,15.2,30.8,97800,5.00,6.00,9.00,10.0,0.0373,0
2023-06-03 00:49:59,1685767800,15.1,30.9,97800,4.00,7.00,9.00,10.0,0.0278,0
2023-06-03 00:54:52,1685768092,15.0,30.9,97800,6.00,10.0,15.0,18.0,0.0144,0
2023-06-03 00:59:44,1685768385,15.0,31.0,97800,5.00,7.00,8.00,9.00,0.0251,0
2023-06-03 01:04:56,1685768697,14.9,31.2,97800,5.00,8.00,11.0,12.0,0.0389,0
2023-06-03 01:09:49,1685768990,14.9,31.4,97800,4.00,6.00,9.00,10.0,0.0338,0
2023-06-03 01:14:42,1685769282,14.8,31.6,97800,6.00,9.00,13.0,15.0,0.0335,0
2023-06-03 01:19:54,1685769595,14.8,31.7,97800,3.00,5.00,7.00,8.00,0.0332,0
2023-06-03 01:24:47,1685769888,14.7,31.9,97800,5.00,7.00,9.00,10.0,0.0332,0
2023-06-03 01:29:59,1685770200,14.6,32.0,97800,6.00,6.00,6.00,6.00,0.0227,0
2023-06-03 01:34:52,1685770493,14.6,32.2,97800,4.00,8.00,11.0,13.0,0.0226,0
2023-06-03 01:39:45,1685770786,14.5,32.2,97800,5.00,9.00,11.0,13.0,0.0399,0
2023-06-03 01:44:58,1685771098,14.3,32.5,97825,4.00,7.00,9.00,11.0,0.0399,0
2023-06-03 01:49:51,1685771392,14.1,32.6,97887,5.00,8.00,12.0,14.0,0.0161,0
2023-06-03 01:54:52,1685771693,13.9,33.0,97900,4.00,6.00,10.0,11.0,0.0145,0
2023-06-03 01:59:46,1685771986,13.7,33.4,97900,5.00,5.00,6.00,6.00,0.0347,0
2023-06-03 02:04:59,1685772299,13.7,33.6,97900,4.00,8.00,12.0,14.0,0.0219,0
2023-06-03 02:09:53,1685772593,13.6,33.8,97900,4.00,8.00,12.0,14.0,0.0404,0
2023-06-03 02:14:46,1685772887,13.4,33.8,97900,6.00,7.00,9.00,10.0,0.0404,0
2023-06-03 02:19:43,1685773184,13.2,34.2,97900,5.00,6.00,6.00,7.00,0.0317,0
2023-06-03 02:24:57,1685773497,13.0,34.4,97900,6.00,7.00,8.00,9.00,0.0407,0
2023-06-03 02:29:51,1685773792,12.7,35.0,97900,5.00,7.00,9.00,10.0,0.0526,0
2023-06-03 02:34:46,1685774086,12.5,35.5,97900,6.00,8.00,9.00,10.0,0.0526,0
2023-06-03 02:39:47,1685774388,12.2,36.0,97900,6.00,10.0,14.0,15.0,0.0791,0
2023-06-03 02:44:47,1685774688,12.0,36.6,97900,5.00,8.00,10.0,12.0,0.111,0
2023-06-03 02:49:42,1685774983,12.0,37.3,97900,4.00,8.00,11.0,13.0,0.0552,0
2023-06-03 02:54:41,1685775282,12.1,37.8,97900,5.00,7.00,9.00,10.0,0.0534,0
2023-06-03 02:59:56,1685775596,12.2,37.7,97900,7.00,8.00,11.0,13.0,0.0229,0
2023-06-03 03:04:50,1685775891,12.2,37.6,97900,6.00,7.00,8.00,9.00,0.0240,0
2023-06-03 03:09:45,1685776186,12.1,38.0,97900,5.00,7.00,9.00,10.0,0.0457,0
2023-06-03 03:14:40,1685776481,12.1,38.3,97900,5.00,6.00,7.00,7.00,0.0264,0
2023-06-03 03:19:54,1685776795,12.2,38.7,97900,7.00,8.00,9.00,10.0,0.0168,0
2023-06-03 03:24:49,1685777090,12.2,38.7,97900,5.00,8.00,10.0,12.0,0.0713,0
2023-06-03 03:29:51,1685777392,12.2,38.7,97900,4.00,9.00,13.0,15.0,0.0713,0
2023-06-03 03:34:46,1685777686,12.2,38.9,97900,6.00,6.00,7.00,7.00,0.0395,0
2023-06-03 03:39:40,1685777981,12.2,39.0,97900,6.00,8.00,11.0,12.0,0.0221,0
2023-06-03 03:44:55,1685778295,12.2,39.1,97900,6.00,8.00,10.0,12.0,0.0486,0
2023-06-03 03:49:50,1685778590,12.2,39.2,97900,6.00,8.00,10.0,11.0,0.0486,0
2023-06-03 03:54:45,1685778885,12.1,39.2,97900,9.00,10.0,12.0,13.0,0.0162,0
2023-06-03 03:59:59,1685779200,11.9,39.4,97900,8.00,10.0,14.0,17.0,0.0234,0
2023-06-03 04:04:54,1685779494,11.7,39.6,97900,6.00,7.00,8.00,9.00,0.0286,0
2023-06-03 04:09:49,1685779790,11.6,39.9,97900,7.00,10.0,11.0,12.0,0.0371,0
2023-06-03 04:14:44,1685780085,11.5,40.6,97900,9.00,9.00,12.0,14.0,0.0349,0
2023-06-03 04:19:59,1685780400,11.4,40.6,97900,8.00,10.0,11.0,11.0,0.0248,0
2023-06-03 04:24:53,1685780693,11.3,40.7,97900,4.00,7.00,9.00,9.00,0.0248,0
2023-06-03 04:29:48,1685780989,11.3,40.9,97900,5.00,8.00,11.0,13.0,0.0174,0
2023-06-03 04:34:44,1685781284,11.1,41.2,97900,7.00,9.00,10.0,11.0,0.0263,0
2023-06-03 04:39:59,1685781599,11.1,41.4,97900,5.00,10.0,15.0,17.0,0.0233,0
2023-06-03 04:44:54,1685781895,11.2,41.6,97900,5.00,10.0,14.0,16.0,0.0242,0
2023-06-03 04:49:49,1685782190,11.3,41.4,97900,6.00,8.00,9.00,10.0,0.0337,0
2023-06-03 04:54:45,1685782485,11.4,41.2,97900,4.00,5.00,5.00,6.00,0.0331,0
2023-06-03 04:59:59,1685782800,11.4,41.2,97900,5.00,6.00,7.00,8.00,0.0334,0
2023-06-03 05:04:54,1685783095,11.6,41.1,97900,5.00,9.00,12.0,14.0,0.0442,0
2023-06-03 05:09:49,1685783390,11.7,41.1,97900,6.00,7.00,8.00,9.00,0.0830,0
2023-06-03 05:14:44,1685783685,11.9,40.9,97900,5.00,7.00,8.00,9.00,0.0379,0
2023-06-03 09:14:59,1685798100,22.9,20.6,98200,1.00,2.00,2.00,2.00,0.0379,0
2023-06-03 09:19:44,1685798384,23.1,20.0,98200,2.00,3.00,5.00,6.00,,
2023-06-03 09:24:48,1685798688,23.5,19.7,98200,2.00,5.00,8.00,9.00,,
2023-06-03 09:29:32,1685798973,23.7,19.9,98200,2.00,6.00,9.00,10.0,0.00630,0
2023-06-03 09:44:41,1685799881,24.8,18.5,98200,2.00,3.00,4.00,5.00,0.0120,0
2023-06-03 09:46:54,1685800014,25.0,18.4,98200,1.00,2.00,3.00,4.00,0.0118,0
2023-06-03 09:54:48,1685800488,25.4,17.9,98200,1.00,4.00,8.00,9.00,0.00982,0
2023-06-03 09:59:50,1685800791,25.6,17.4,98200,1.00,3.00,4.00,5.00,0.00965,0
2023-06-03 10:04:52,1685801093,25.7,16.7,98200,2.00,4.00,6.00,8.00,0.0168,0
2023-06-03 10:05:11,1685801111,25.7,16.5,98200,1e-7,1e-7,1e-7,1e-7,0.0110,0
2023-06-03 10:14:51,1685801691,25.8,17.6,98189,2.00,3.00,4.00,5.00,0.0114,0
2023-06-03 10:19:53,1685801994,26.0,16.8,98175,3.00,6.00,8.00,10.0,0.0129,0
2023-06-03 10:21:28,1685802088,26.2,17.0,98200,1e-7,1.00,2.00,3.00,0.0136,0
2023-06-03 10:29:47,1685802587,26.4,16.5,98114,1.00,6.00,11.0,13.0,0.0136,0
2023-06-03 10:34:49,1685802889,26.6,16.1,98100,2.00,4.00,7.00,8.00,0.0197,0
2023-06-03 10:39:31,1685803171,27.1,16.1,98100,2.00,3.00,6.00,7.00,0.0188,0
2023-06-03 10:49:44,1685803784,27.5,15.0,98200,2.00,5.00,7.00,9.00,0.0188,0
2023-06-03 10:54:45,1685804085,27.7,14.8,98194,2.00,3.00,3.00,3.00,0.0147,0
2023-06-03 10:56:38,1685804198,27.9,14.5,98150,2.00,3.00,4.00,4.00,0.0251,0
2023-06-03 11:04:53,1685804693,28.1,13.7,98175,1.00,3.00,5.00,7.00,0.0251,0
2023-06-03 11:09:54,1685804994,28.1,13.9,98106,2.00,3.00,4.00,5.00,0.0129,0
2023-06-03 11:13:39,1685805220,28.0,14.4,98100,2.00,3.00,4.00,5.00,0.0111,0
2023-06-03 11:19:58,1685805599,28.4,13.3,98100,4.00,7.00,8.00,9.00,0.0107,0
2023-06-03 11:24:59,1685805900,28.3,13.6,98100,2.00,7.00,11.0,14.0,0.0160,0
2023-06-03 11:29:42,1685806183,28.1,14.0,98100,2.00,8.00,13.0,16.0,0.0280,0
2023-06-03 11:30:56,1685806257,28.1,14.3,98100,1.00,1.00,2.00,2.00,0.0165,0
2023-06-03 11:39:47,1685806788,28.3,14.1,98100,2.00,3.00,5.00,6.00,0.0411,0
2023-06-03 11:44:49,1685807089,28.4,13.9,98100,2.00,3.00,4.00,5.00,0.0475,0
2023-06-03 11:46:23,1685807183,28.4,14.3,98100,2.00,2.00,2.00,2.00,0.0170,0
2023-06-03 11:54:58,1685807699,29.0,14.1,98100,2.00,2.00,2.00,2.00,0.00964,0
2023-06-03 11:59:59,1685807999,29.1,13.1,98100,2.00,4.00,5.00,5.00,0.0116,0
2023-06-03 12:03:07,1685808187,29.2,12.8,98100,2.00,5.00,7.00,9.00,0.0176,0
2023-06-03 12:14:56,1685808897,29.4,13.1,98100,1.00,1.00,1.00,1.00,0.0176,0
2023-06-03 12:19:56,1685809197,29.5,12.4,98100,2.00,6.00,10.0,12.0,0.0176,0
2023-06-03 12:20:53,1685809253,29.5,11.9,98100,1.00,2.00,2.00,2.00,0.00880,0
2023-06-03 12:34:55,1685810095,28.7,12.6,98100,1.00,2.00,4.00,4.00,0.0118,0
2023-06-03 12:39:18,1685810358,28.9,12.6,98100,2.00,11.0,18.0,22.0,0.0238,0
2023-06-03 12:49:42,1685810983,28.8,12.2,98100,3.00,4.00,6.00,7.00,0.0351,0
2023-06-03 12:54:44,1685811284,28.6,12.1,98100,3.00,5.00,6.00,7.00,0.0176,0
2023-06-03 12:55:21,1685811322,28.6,12.2,98100,1e-7,2.00,4.00,5.00,0.0178,0
2023-06-03 13:04:57,1685811897,28.3,11.7,98100,1.00,3.00,5.00,7.00,0.0178,0
2023-06-03 13:09:58,1685812199,28.3,11.9,98100,2.00,5.00,7.00,8.00,0.0135,0
2023-06-03 13:12:10,1685812331,28.3,12.0,98100,2.00,4.00,5.00,6.00,0.0134,0
2023-06-03 13:24:55,1685813095,28.3,11.9,98100,2.00,2.00,3.00,3.00,0.0115,0
2023-06-03 13:29:56,1685813397,28.4,11.9,98038,2.00,4.00,7.00,9.00,0.0157,0
2023-06-03 13:39:43,1685813984,29.3,11.8,98000,3.00,5.00,7.00,9.00,0.0271,0
2023-06-03 13:44:44,1685814284,29.4,12.2,98000,2.00,5.00,8.00,10.0,0.0274,0
2023-06-03 13:47:51,1685814472,29.5,11.7,98000,1.00,4.00,6.00,7.00,0.0274,0
2023-06-03 13:54:49,1685814890,29.2,12.5,98000,1.00,2.00,3.00,4.00,0.0163,0
2023-06-03 13:59:50,1685815190,28.9,11.9,98000,3.00,7.00,11.0,13.0,0.0199,0
2023-06-03 14:04:51,1685815492,28.6,12.2,98000,2.00,2.00,3.00,3.00,0.0342,0
2023-06-03 14:05:47,1685815548,28.5,12.9,98000,1e-7,1.00,1.00,1.00,0.0197,0
2023-06-03 14:14:50,1685816091,28.6,14.8,98000,3.00,4.00,6.00,8.00,0.0540,0
2023-06-03 14:19:52,1685816392,28.5,15.1,98000,2.00,7.00,11.0,13.0,0.0363,0
2023-06-03 14:22:03,1685816523,28.5,14.7,98000,2.00,4.00,6.00,7.00,0.0293,0
2023-06-03 14:29:58,1685816998,28.1,15.7,98000,2.00,3.00,5.00,6.00,0.0247,0
2023-06-03 14:34:59,1685817300,27.8,16.0,98000,2.00,7.00,11.0,13.0,0.0121,0
2023-06-03 14:37:49,1685817469,27.6,16.3,98000,2.00,3.00,5.00,5.00,0.0109,0
2023-06-03 14:49:56,1685818196,27.3,16.7,98000,2.00,4.00,6.00,7.00,0.0149,0
2023-06-03 14:54:58,1685818498,27.4,16.8,98000,2.00,2.00,4.00,4.00,0.0214,0
2023-06-03 15:09:55,1685819395,27.5,16.7,98000,2.00,2.00,3.00,3.00,0.0139,0
2023-06-03 15:13:21,1685819602,27.4,16.7,98000,2.00,5.00,7.00,8.00,0.0104,0
2023-06-03 15:19:42,1685819983,27.2,17.0,98000,1.00,2.00,3.00,3.00,0.00995,0
2023-06-03 15:24:44,1685820285,27.1,16.7,98000,2.00,5.00,8.00,9.00,0.0115,0
2023-06-03 15:29:28,1685820568,27.0,17.0,98000,3.00,5.00,8.00,10.0,0.0209,0
2023-06-03 15:39:55,1685821196,26.9,17.1,98000,2.00,8.00,14.0,16.0,0.0197,0
2023-06-03 15:44:58,1685821498,26.7,16.9,98000,2.00,6.00,10.0,13.0,0.0145,0
2023-06-03 15:46:32,1685821593,26.7,16.8,98000,1.00,3.00,4.00,4.00,0.0145,0
2023-06-03 15:54:43,1685822084,26.6,16.5,98000,2.00,5.00,8.00,10.0,0.0141,0
2023-06-03 15:59:54,1685822394,26.6,16.6,98000,2.00,4.00,6.00,7.00,0.0246,0
2023-06-03 16:04:19,1685822659,26.7,16.8,98000,3.00,4.00,6.00,7.00,0.0246,0
2023-06-03 16:14:52,1685823292,27.0,16.5,97900,3.00,4.00,5.00,5.00,0.0200,0
2023-06-03 16:19:54,1685823595,27.1,15.7,97900,3.00,6.00,8.00,9.00,0.0160,0
2023-06-03 16:21:47,1685823708,27.1,14.8,97900,2.00,3.00,4.00,4.00,0.0100,0
2023-06-03 16:29:52,1685824192,27.3,12.7,97900,1.00,2.00,2.00,3.00,0.0100,0
2023-06-03 16:34:53,1685824494,27.3,13.6,97900,2.00,6.00,9.00,11.0,0.0170,0
2023-06-03 16:37:43,1685824664,27.4,12.5,97900,3.00,4.00,5.00,6.00,0.0271,0
2023-06-03 16:44:57,1685825098,27.4,12.4,97900,3.00,5.00,8.00,9.00,0.0271,0
2023-06-03 16:49:59,1685825400,27.5,12.3,97900,2.00,5.00,8.00,10.0,0.0333,0
2023-06-03 16:54:42,1685825683,27.6,11.8,97900,2.00,6.00,10.0,12.0,0.0206,0
2023-06-03 16:56:16,1685825777,27.6,11.9,97900,1.00,2.00,3.00,4.00,0.0169,0
2023-06-03 17:04:54,1685826294,27.7,11.9,97900,2.00,5.00,9.00,10.0,0.0169,0
2023-06-03 17:09:56,1685826596,27.8,11.7,97900,2.00,7.00,11.0,14.0,0.0269,0
2023-06-03 17:13:41,1685826822,27.8,11.5,97900,4.00,5.00,6.00,7.00,0.0269,0
2023-06-03 17:19:49,1685827190,27.6,10.9,97900,3.00,5.00,7.00,8.00,0.0444,0
2023-06-03 17:24:52,1685827492,27.3,10.9,97900,3.00,5.00,6.00,7.00,0.0305,0
2023-06-03 17:29:54,1685827794,27.0,11.0,97900,8.00,9.00,10.0,11.0,0.0226,0
2023-06-03 17:34:56,1685828097,26.9,10.9,97900,3.00,5.00,7.00,7.00,0.0226,0
2023-06-03 17:39:59,1685828400,26.7,11.0,97900,5.00,7.00,8.00,9.00,0.0139,0
2023-06-03 17:44:43,1685828684,26.4,11.0,97900,4.00,5.00,6.00,6.00,0.0292,0
2023-06-03 17:49:46,1685828987,25.9,11.2,97900,6.00,9.00,11.0,13.0,0.0181,0
2023-06-03 17:54:50,1685829291,25.4,11.4,97900,8.00,10.0,12.0,12.0,0.0583,0
2023-06-03 17:59:54,1685829595,25.0,11.6,97900,8.00,9.00,11.0,11.0,0.0750,0
2023-06-03 18:04:58,1685829899,24.5,12.0,97900,10.0,12.0,13.0,14.0,0.0212,0
2023-06-03 18:09:44,1685830185,24.1,12.3,97900,9.00,9.00,9.00,9.00,0.0216,0
2023-06-03 18:14:49,1685830489,23.8,13.8,97900,4.00,6.00,9.00,10.0,0.139,0
2023-06-03 18:19:54,1685830795,23.4,14.5,97900,4.00,9.00,13.0,15.0,0.139,0
2023-06-03 18:24:41,1685831081,23.1,14.9,97927,3.00,5.00,8.00,9.00,0.0183,0
2023-06-03 18:29:46,1685831387,22.8,15.4,97975,4.00,5.00,5.00,5.00,0.0405,0
2023-06-03 18:34:52,1685831693,22.5,15.8,98000,4.00,5.00,6.00,7.00,0.0289,0
2023-06-03 18:39:49,1685831989,22.2,15.9,97993,5.00,9.00,13.0,15.0,0.0236,0
2023-06-03 18:44:55,1685832296,21.7,16.2,97963,3.00,3.00,3.00,3.00,0.0271,0
2023-06-03 18:49:43,1685832583,21.3,16.6,97933,5.00,5.00,6.00,7.00,0.0584,0
2023-06-03 18:54:50,1685832890,20.9,17.0,97975,4.00,7.00,10.0,12.0,0.0214,0
2023-06-03 18:59:57,1685833198,20.6,17.8,97994,5.00,8.00,10.0,11.0,0.0341,0
2023-06-03 19:04:45,1685833486,20.3,18.3,98000,5.00,6.00,9.00,11.0,0.0216,0
2023-06-03 19:09:43,1685833783,20.0,18.6,98000,3.00,6.00,9.00,10.0,0.0202,0
2023-06-03 19:10:21,1685833822,19.9,19.4,98000,2.00,2.00,2.00,2.00,0.0291,0
2023-06-03 19:24:53,1685834694,19.0,20.2,98000,6.00,7.00,11.0,12.0,0.0291,0
2023-06-03 19:29:44,1685834984,18.7,20.2,98000,5.00,7.00,10.0,12.0,0.0315,0
2023-06-03 19:34:53,1685835294,18.4,20.3,98000,3.00,4.00,5.00,6.00,0.0263,0
2023-06-03 19:39:43,1685835584,18.0,20.6,98000,4.00,5.00,7.00,8.00,0.0492,0
2023-06-03 19:44:53,1685835893,17.7,21.2,98000,3.00,5.00,6.00,7.00,0.0270,0
2023-06-03 19:49:44,1685836185,17.4,21.9,98000,4.00,4.00,4.00,5.00,0.0121,0
2023-06-03 19:54:55,1685836495,17.1,22.0,98000,4.00,4.00,6.00,7.00,0.0136,0
2023-06-03 19:59:46,1685836787,16.7,21.8,98000,3.00,5.00,7.00,9.00,0.0236,0
2023-06-03 20:04:56,1685837096,16.4,22.1,98000,3.00,6.00,8.00,9.00,0.0188,0
2023-06-03 20:09:47,1685837388,16.1,21.9,98000,4.00,5.00,6.00,7.00,0.0188,0
2023-06-03 20:14:46,1685837687,15.8,21.6,98000,4.00,5.00,6.00,7.00,0.0191,0
2023-06-03 20:19:50,1685837991,15.7,21.9,98000,2.00,4.00,6.00,8.00,0.0117,0
2023-06-03 20:24:50,1685838291,15.4,21.9,98000,2.00,3.00,4.00,5.00,0.0160,0
2023-06-03 20:29:48,1685838589,15.2,21.8,98000,2.00,3.00,5.00,6.00,0.0160,0
2023-06-03 20:34:41,1685838881,14.9,21.9,98000,4.00,5.00,7.00,8.00,0.0191,0
2023-06-03 20:39:41,1685839182,14.7,22.0,98000,6.00,6.00,7.00,7.00,0.0202,0
2023-06-03 20:44:59,1685839500,14.4,22.0,98000,5.00,7.00,9.00,11.0,0.0262,0
2023-06-03 20:49:53,1685839793,14.2,22.5,98000,5.00,6.00,6.00,7.00,0.0470,0
2023-06-03 20:54:55,1685840096,14.0,22.7,98000,7.00,8.00,12.0,14.0,0.0470,0
2023-06-03 20:59:51,1685840392,13.9,22.3,98000,8.00,13.0,16.0,18.0,0.0455,0
2023-06-03 21:04:45,1685840685,13.8,22.2,98000,8.00,9.00,12.0,13.0,0.0746,0
2023-06-03 21:09:58,1685840999,13.7,22.4,98000,9.00,10.0,13.0,15.0,0.0202,0
2023-06-03 21:14:52,1685841293,13.7,21.7,98000,15.0,15.0,16.0,17.0,0.288,0
2023-06-03 21:19:46,1685841586,14.0,21.4,98000,15.0,17.0,19.0,19.0,0.300,0
2023-06-03 21:24:59,1685841899,14.4,21.0,98000,21.0,25.0,28.0,29.0,0.0634,0
2023-06-03 21:29:52,1685842192,14.6,21.0,98000,18.0,19.0,19.0,19.0,0.195,0
2023-06-03 21:34:45,1685842485,14.6,20.6,98000,18.0,20.0,21.0,21.0,0.142,0
2023-06-03 21:39:57,1685842798,14.7,20.0,98000,23.0,25.0,26.0,26.0,0.352,0
2023-06-03 21:44:52,1685843092,14.7,19.8,98000,25.0,26.0,26.0,26.0,0.445,0
2023-06-03 21:49:53,1685843393,14.7,19.8,98000,25.0,27.0,28.0,29.0,0.274,0
2023-06-03 21:54:47,1685843687,14.6,19.7,98000,26.0,27.0,27.0,27.0,0.274,0
2023-06-03 21:59:54,1685843995,14.5,19.8,98000,27.0,28.0,28.0,28.0,0.0765,0
2023-06-03 22:04:48,1685844289,14.3,19.6,98000,27.0,28.0,30.0,31.0,0.144,0
2023-06-03 22:09:40,1685844581,14.2,19.4,98000,28.0,30.0,30.0,30.0,0.368,0
2023-06-03 22:14:59,1685844900,14.0,19.5,98000,19.0,22.0,27.0,29.0,0.368,0
2023-06-03 22:19:52,1685845192,13.9,19.3,98000,19.0,23.0,25.0,26.0,0.480,0
2023-06-03 22:24:45,1685845486,13.9,19.1,98000,19.0,20.0,20.0,20.0,0.190,0
2023-06-03 22:29:57,1685845798,13.8,19.2,98000,20.0,23.0,24.0,25.0,0.152,0
2023-06-03 22:34:35,1685846075,13.7,19.5,98000,18.0,21.0,23.0,24.0,0.0936,0
2023-06-03 22:39:47,1685846387,13.6,19.1,98000,18.0,19.0,19.0,19.0,0.0953,0
2023-06-03 22:44:01,1685846642,13.5,19.3,98000,17.0,18.0,20.0,21.0,0.328,0
2023-06-03 22:49:43,1685846984,13.3,19.1,98000,12.0,14.0,16.0,16.0,0.328,0
2023-06-03 22:54:44,1685847285,13.3,19.1,98000,17.0,19.0,19.0,19.0,0.146,0
2023-06-03 22:59:43,1685847584,13.2,19.1,98000,13.0,14.0,15.0,16.0,0.146,0
2023-06-03 23:04:55,1685847896,13.2,19.1,98000,12.0,13.0,13.0,13.0,0.0591,0
2023-06-03 23:09:47,1685848188,13.1,18.9,98000,12.0,14.0,16.0,18.0,0.0444,0
2023-06-03 23:14:40,1685848480,13.0,18.9,98000,10.0,11.0,12.0,13.0,0.0548,0
2023-06-03 23:19:54,1685848794,13.0,19.3,98000,12.0,14.0,16.0,17.0,0.0548,0
2023-06-03 23:24:47,1685849087,12.8,19.4,97967,11.0,13.0,14.0,14.0,0.0439,0
2023-06-03 23:29:41,1685849382,12.7,19.5,97900,11.0,13.0,14.0,14.0,0.0671,0
2023-06-03 23:34:55,1685849696,12.5,19.6,97900,9.00,13.0,16.0,18.0,0.0248,0
2023-06-03 23:39:36,1685849976,12.4,19.6,97900,9.00,12.0,15.0,16.0,0.0464,0
2023-06-03 23:44:58,1685850298,12.3,19.2,97900,8.00,12.0,15.0,17.0,0.0151,0
2023-06-03 23:49:52,1685850593,12.3,19.3,97900,7.00,8.00,10.0,12.0,0.0639,0
2023-06-03 23:54:49,1685850889,12.2,19.2,97900,8.00,11.0,13.0,14.0,0.0719,0
2023-06-03 23:59:44,1685851184,12.2,19.8,97900,10.0,12.0,15.0,17.0,0.0744,0
2023-06-04 00:04:59,1685851500,12.1,19.7,97900,9.00,10.0,11.0,12.0,0.0563,0
2023-06-04 00:09:53,1685851793,11.9,19.5,97900,9.00,13.0,17.0,19.0,0.0505,0
2023-06-04 00:14:47,1685852088,11.7,19.6,97900,8.00,10.0,12.0,13.0,0.0229,0
2023-06-04 00:19:42,1685852383,11.5,19.7,97900,7.00,11.0,14.0,16.0,0.0626,0
2023-06-04 00:24:55,1685852695,11.4,19.9,97900,7.00,9.00,10.0,11.0,0.0544,0
2023-06-04 00:29:50,1685852991,11.2,20.1,97900,7.00,14.0,20.0,22.0,0.0228,0
2023-06-04 00:34:44,1685853285,11.1,20.3,97900,9.00,10.0,11.0,12.0,0.0218,0
2023-06-04 00:39:42,1685853583,11.0,20.5,97900,8.00,10.0,12.0,13.0,0.0234,0
2023-06-04 00:44:57,1685853897,10.9,20.5,97900,6.00,9.00,11.0,13.0,0.0357,0
2023-06-04 00:49:33,1685854173,10.9,20.9,97900,8.00,9.00,10.0,11.0,0.0357,0
2023-06-04 00:54:45,1685854486,10.8,21.0,97900,9.00,10.0,12.0,13.0,0.0242,0
2023-06-04 00:59:48,1685854789,10.7,20.8,97900,7.00,10.0,11.0,12.0,0.0242,0
2023-06-04 01:04:44,1685855085,10.6,20.8,97900,5.00,7.00,9.00,11.0,0.0257,0
2023-06-04 01:09:40,1685855381,10.7,20.9,97900,9.00,12.0,14.0,15.0,0.0151,0
2023-06-04 01:14:36,1685855677,10.7,21.3,97900,7.00,8.00,9.00,11.0,0.0208,0
2023-06-04 01:19:51,1685855991,10.7,21.1,97900,9.00,9.00,10.0,11.0,0.0415,0
2023-06-04 01:24:26,1685856267,10.7,21.0,97900,6.00,8.00,11.0,12.0,0.0333,0
2023-06-04 01:29:41,1685856582,10.7,21.2,97900,5.00,6.00,8.00,9.00,0.0333,0
2023-06-04 01:34:55,1685856896,10.6,21.3,97900,6.00,8.00,13.0,15.0,0.0464,0
2023-06-04 01:39:51,1685857192,10.6,21.5,97900,6.00,9.00,13.0,14.0,0.0373,0
2023-06-04 01:42:16,1685857336,10.5,21.7,97900,5.00,6.00,6.00,6.00,0.0373,0
2023-06-04 01:49:49,1685857789,10.4,21.8,97864,4.00,9.00,12.0,14.0,0.0863,0
2023-06-04 01:54:45,1685858085,10.3,21.9,97862,6.00,8.00,9.00,10.0,0.0863,0
2023-06-04 01:59:43,1685858384,10.2,22.1,97800,4.00,5.00,5.00,5.00,0.0209,0
2023-06-04 02:04:59,1685858700,10.2,22.0,97800,5.00,5.00,7.00,8.00,0.0235,0
2023-06-04 02:09:42,1685858982,10.1,22.1,97800,3.00,7.00,9.00,10.0,0.0235,0
2023-06-04 02:14:18,1685859259,10.1,22.1,97800,4.00,6.00,8.00,10.0,0.0172,0
2023-06-04 02:19:54,1685859595,10.0,22.3,97800,4.00,4.00,4.00,5.00,0.0133,0
2023-06-04 02:24:49,1685859890,9.98,22.3,97800,3.00,5.00,7.00,8.00,0.0253,0
2023-06-04 02:29:45,1685860185,9.99,22.4,97800,3.00,3.00,4.00,5.00,0.0253,0
2023-06-04 02:34:41,1685860481,10.0,22.4,97800,3.00,5.00,7.00,8.00,0.0142,0
2023-06-04 02:39:44,1685860785,10.1,22.5,97800,4.00,5.00,9.00,11.0,0.0153,0
2023-06-04 02:44:47,1685861088,10.1,22.5,97800,4.00,5.00,5.00,5.00,0.0173,0
2023-06-04 02:49:40,1685861381,10.2,22.6,97800,3.00,5.00,9.00,11.0,0.0185,0
2023-06-04 02:54:17,1685861657,10.2,22.7,97800,2.00,6.00,9.00,11.0,0.0185,0
2023-06-04 02:58:40,1685861921,10.1,22.8,97800,4.00,10.0,14.0,17.0,0.0185,0
2023-06-04 03:04:57,1685862297,10.0,22.9,97800,2.00,3.00,4.00,5.00,0.0232,0
2023-06-04 03:09:56,1685862596,10.0,22.7,97800,2.00,5.00,8.00,9.00,0.0244,0
2023-06-04 03:14:51,1685862892,10.1,22.7,97800,2.00,4.00,6.00,6.00,0.0335,0
2023-06-04 03:19:55,1685863195,10.1,22.9,97800,2.00,2.00,4.00,4.00,0.0221,0
2023-06-04 03:24:50,1685863490,10.1,23.2,97800,5.00,7.00,9.00,10.0,0.0190,0
2023-06-04 03:29:45,1685863786,10.1,23.1,97800,4.00,6.00,9.00,10.0,0.0316,0
2023-06-04 03:34:42,1685864082,10.1,23.3,97800,3.00,8.00,11.0,13.0,0.0333,0
2023-06-04 03:39:56,1685864397,10.0,23.3,97800,2.00,3.00,6.00,7.00,0.0280,0
2023-06-04 03:44:53,1685864693,9.93,23.5,97800,2.00,4.00,6.00,7.00,0.0448,0
2023-06-04 03:49:49,1685864990,9.86,23.7,97800,3.00,5.00,8.00,10.0,0.0280,0
2023-06-04 03:54:45,1685865286,9.78,23.9,97800,3.00,4.00,5.00,6.00,0.0274,0
2023-06-04 03:59:42,1685865583,9.73,24.3,97800,2.00,5.00,9.00,10.0,0.0147,0
2023-06-04 04:04:58,1685865899,9.72,24.7,97800,3.00,5.00,6.00,7.00,0.0147,0
2023-06-04 04:09:55,1685866196,9.81,25.2,97800,2.00,3.00,5.00,6.00,0.0166,0
2023-06-04 04:14:51,1685866492,9.90,25.7,97800,2.00,6.00,10.0,12.0,0.00941,0
2023-06-04 04:19:48,1685866788,9.92,25.8,97800,2.00,4.00,7.00,9.00,0.0148,0
2023-06-04 04:24:44,1685867085,9.94,26.1,97800,3.00,6.00,8.00,9.00,0.0239,0
2023-06-04 04:29:41,1685867381,10.00,26.5,97800,2.00,2.00,2.00,2.00,0.0284,0
2023-06-04 04:34:57,1685867698,10.0,26.5,97800,2.00,3.00,4.00,4.00,0.0395,0
2023-06-04 04:39:57,1685867997,10.1,26.6,97800,3.00,6.00,9.00,10.0,0.0205,0
2023-06-04 04:44:53,1685868294,10.1,26.8,97800,1.00,3.00,5.00,6.00,0.0205,0
2023-06-04 04:49:49,1685868590,10.2,26.9,97800,2.00,4.00,6.00,7.00,0.0177,0
2023-06-04 04:54:45,1685868886,10.3,26.7,97800,1.00,5.00,8.00,10.0,0.0158,0
2023-06-04 04:59:41,1685869182,10.5,26.6,97800,2.00,2.00,4.00,5.00,0.0136,0
2023-06-04 05:04:57,1685869497,10.7,26.6,97800,2.00,5.00,8.00,10.0,0.00945,0
2023-06-04 05:09:53,1685869793,10.9,26.4,97800,2.00,5.00,9.00,11.0,0.0208,0
2023-06-04 05:14:48,1685870088,11.0,26.2,97800,1.00,5.00,8.00,10.0,0.0208,0
2023-06-04 05:15:27,1685870128,11.1,25.9,97800,1.00,3.00,4.00,4.00,0.0112,0
2023-06-04 07:14:53,1685877293,16.9,23.9,97800,2.00,9.00,16.0,19.0,,
2023-06-04 07:16:10,1685877370,16.9,24.0,97800,1e-7,2.00,4.00,5.00,,
2023-06-04 09:34:43,1685885684,24.6,18.6,97800,1.00,2.00,3.00,4.00,,
2023-06-04 09:39:47,1685885987,24.7,18.8,97800,1.00,2.00,4.00,4.00,,
2023-06-04 09:43:53,1685886234,25.1,18.7,97800,1.00,2.00,4.00,4.00,0.00995,0
2023-06-04 09:59:59,1685887200,25.9,18.4,97800,1e-7,2.00,3.00,4.00,0.00995,0
2023-06-04 10:02:11,1685887331,26.3,18.1,97800,1.00,2.00,3.00,4.00,0.00995,0
2023-06-04 10:09:54,1685887795,27.5,17.3,97800,2.00,3.00,4.00,4.00,0.00995,0
2023-06-04 10:14:55,1685888095,28.6,16.3,97800,1.00,3.00,4.00,4.00,0.0105,0
2023-06-04 10:17:25,1685888246,29.1,15.9,97800,2.00,10.0,16.0,19.0,0.0105,0
2023-06-04 10:44:51,1685889891,29.5,14.7,97800,1.00,1.00,1.00,1.00,0.0105,0
2023-06-04 10:49:51,1685890192,29.2,15.0,97800,2.00,3.00,4.00,5.00,,
2023-06-04 10:50:10,1685890211,29.0,15.2,97800,1e-7,1e-7,1e-7,1e-7,,
2023-06-04 11:02:19,1685890939,29.0,15.3,97800,1e-7,1.00,1.00,1.00,,
2023-06-04 11:19:44,1685891985,28.2,15.8,97800,2.00,8.00,13.0,16.0,,
2023-06-04 11:24:45,1685892286,28.7,15.8,97850,1.00,5.00,7.00,9.00,0.0278,0
2023-06-04 11:27:33,1685892454,29.3,15.5,97900,1.00,2.00,4.00,4.00,0.0149,0
2023-06-04 11:34:58,1685892898,29.9,15.0,97900,1.00,4.00,7.00,8.00,0.0127,0
2023-06-04 11:39:58,1685893198,29.9,14.7,97900,2.00,2.00,4.00,4.00,0.0254,0
2023-06-04 11:44:39,1685893479,29.6,14.9,97900,2.00,3.00,6.00,7.00,0.0108,0
2023-06-04 11:54:43,1685894084,28.1,15.2,97900,1e-7,4.00,7.00,9.00,0.0150,0
2023-06-04 11:59:46,1685894386,27.0,16.2,97856,3.00,4.00,6.00,7.00,0.0156,0
2023-06-04 12:01:57,1685894518,26.5,16.6,97800,1.00,5.00,7.00,9.00,0.0156,0
2023-06-04 12:09:52,1685894993,26.2,17.6,97800,2.00,2.00,4.00,4.00,0.0128,0
2023-06-04 12:14:55,1685895295,26.0,18.2,97800,1e-7,4.00,7.00,9.00,0.0133,0
2023-06-04 12:17:45,1685895466,26.2,18.8,97800,1.00,1.00,3.00,3.00,0.0143,0
2023-06-04 12:29:52,1685896193,27.8,17.6,97800,1.00,7.00,11.0,14.0,0.0210,0
2023-06-04 12:34:56,1685896496,28.0,17.2,97800,1.00,2.00,4.00,4.00,0.0254,0
2023-06-04 12:35:33,1685896534,28.1,17.2,97800,1.00,1.00,1.00,1.00,0.0254,0
2023-06-04 12:44:43,1685897084,29.2,16.6,97800,1e-7,2.00,4.00,5.00,0.0254,0
2023-06-04 12:49:44,1685897385,29.3,16.4,97800,2.00,4.00,7.00,8.00,0.0151,0
2023-06-04 12:53:10,1685897591,29.3,16.0,97800,1.00,2.00,4.00,4.00,0.0125,0
2023-06-04 12:59:53,1685897993,30.1,16.3,97700,1e-7,2.00,4.00,4.00,0.0162,0
2023-06-04 13:04:53,1685898293,30.5,15.6,97700,1e-7,4.00,7.00,8.00,0.0162,0
2023-06-04 13:09:15,1685898555,30.7,15.3,97700,4.00,4.00,8.00,9.00,0.0126,0
2023-06-04 13:24:46,1685899486,29.4,15.4,97700,1.00,4.00,7.00,8.00,0.0426,0
2023-06-04 13:27:34,1685899655,28.8,15.8,97700,1.00,4.00,7.00,9.00,0.0426,0
2023-06-04 13:34:49,1685900089,28.2,16.6,97700,1e-7,3.00,6.00,7.00,0.0269,0
2023-06-04 13:39:50,1685900391,28.1,16.9,97700,1.00,3.00,4.00,5.00,0.0269,0
2023-06-04 13:44:32,1685900673,28.4,16.8,97700,1.00,4.00,7.00,9.00,0.0137,0
2023-06-04 13:54:57,1685901298,28.6,16.4,97700,1.00,2.00,4.00,5.00,0.0181,0
2023-06-04 13:59:59,1685901599,28.4,16.5,97700,1.00,2.00,3.00,4.00,0.0238,0
2023-06-04 14:01:51,1685901712,28.4,16.8,97683,1.00,4.00,7.00,8.00,0.0265,0
2023-06-04 14:09:46,1685902186,28.8,16.6,97688,1.00,1.00,3.00,3.00,0.0210,0
2023-06-04 14:14:47,1685902487,29.0,16.3,97600,1.00,4.00,7.00,9.00,0.0211,0
2023-06-04 14:18:51,1685902731,29.1,16.3,97600,2.00,9.00,15.0,18.0,0.0151,0
2023-06-04 14:24:53,1685903093,29.1,16.1,97600,1e-7,2.00,3.00,4.00,0.0180,0
2023-06-04 14:29:54,1685903394,28.9,16.2,97600,1.00,4.00,6.00,7.00,0.0222,0
2023-06-04 14:34:55,1685903695,28.3,16.8,97619,2.00,6.00,10.0,12.0,0.0235,0
2023-06-04 14:35:51,1685903752,27.9,17.3,97700,1e-7,2.00,3.00,4.00,0.0160,0
2023-06-04 14:44:42,1685904282,27.4,18.3,97600,2.00,3.00,3.00,4.00,0.0160,0
2023-06-04 14:49:44,1685904584,27.7,18.7,97600,1.00,5.00,9.00,11.0,0.0147,0
2023-06-04 14:53:10,1685904791,28.1,18.1,97600,1.00,2.00,4.00,5.00,0.0218,0
2023-06-04 14:59:46,1685905187,28.9,17.7,97700,2.00,5.00,7.00,8.00,0.0218,0
2023-06-04 15:04:47,1685905488,29.1,17.4,97700,4.00,4.00,6.00,8.00,0.0146,0
2023-06-04 15:09:47,1685905788,29.4,17.1,97700,3.00,3.00,5.00,5.00,0.0127,0
2023-06-04 15:10:24,1685905825,29.5,16.8,97700,1.00,3.00,5.00,6.00,0.0134,0
2023-06-04 15:19:59,1685906400,29.5,17.0,97700,1.00,3.00,5.00,6.00,0.0134,0
2023-06-04 15:24:41,1685906681,29.5,16.9,97633,1.00,4.00,6.00,7.00,0.0145,0
2023-06-04 15:27:30,1685906850,29.5,16.7,97600,2.00,5.00,7.00,9.00,0.0130,0
2023-06-04 15:34:56,1685907296,29.3,16.8,97615,3.00,6.00,9.00,10.0,0.0133,0
2023-06-04 15:39:57,1685907597,29.3,16.9,97600,1.00,3.00,6.00,7.00,0.0278,0
2023-06-04 15:44:38,1685907878,29.2,16.8,97600,2.00,5.00,8.00,10.0,0.0163,0
2023-06-04 15:54:53,1685908494,28.7,17.3,97600,1.00,4.00,7.00,9.00,0.0163,0
2023-06-04 15:59:54,1685908795,28.8,17.3,97600,1.00,3.00,4.00,4.00,0.0131,0
2023-06-04 16:01:28,1685908888,28.7,17.2,97600,2.00,3.00,6.00,7.00,0.0221,0
2023-06-04 16:09:51,1685909392,28.4,17.4,97600,1.00,2.00,4.00,4.00,0.0221,0
2023-06-04 16:14:53,1685909693,28.3,17.4,97600,1.00,3.00,4.00,5.00,0.0130,0
2023-06-04 16:18:20,1685909900,28.2,17.6,97600,1.00,3.00,6.00,7.00,0.0125,0
2023-06-04 16:29:48,1685910589,27.9,18.2,97600,1.00,3.00,4.00,5.00,0.0107,0
2023-06-04 16:34:50,1685910890,28.1,18.3,97600,1.00,4.00,6.00,7.00,0.0124,0
2023-06-04 16:35:09,1685910909,28.3,18.6,97600,1e-7,1e-7,1.00,1.00,0.0121,0
2023-06-04 16:44:55,1685911495,28.7,17.9,97600,2.00,3.00,6.00,7.00,0.0188,0
2023-06-04 16:49:56,1685911797,28.9,17.7,97600,2.00,5.00,7.00,8.00,0.0173,0
2023-06-04 16:53:04,1685911984,28.9,17.6,97600,1e-7,3.00,6.00,7.00,0.0165,0
2023-06-04 16:59:42,1685912382,29.1,17.6,97600,2.00,3.00,5.00,6.00,0.0228,0
2023-06-04 17:04:42,1685912683,29.2,17.2,97600,2.00,6.00,10.0,12.0,0.0169,0
2023-06-04 17:09:06,1685912946,29.0,17.3,97600,1.00,3.00,5.00,6.00,0.0240,0
2023-06-04 17:19:57,1685913597,28.8,17.3,97600,2.00,2.00,4.00,5.00,0.0295,0
2023-06-04 17:24:58,1685913898,28.5,17.2,97600,2.00,4.00,7.00,9.00,0.0326,0
2023-06-04 17:26:51,1685914011,28.0,17.1,97600,1.00,6.00,11.0,14.0,0.0145,0
2023-06-04 17:34:59,1685914499,27.3,18.2,97600,3.00,5.00,9.00,10.0,0.0155,0
2023-06-04 17:39:42,1685914782,27.6,18.4,97600,2.00,4.00,6.00,7.00,0.0230,0
2023-06-04 17:44:44,1685915084,27.6,17.9,97600,2.00,3.00,4.00,4.00,0.0230,0
2023-06-04 17:49:46,1685915386,27.2,17.8,97600,1.00,4.00,7.00,8.00,0.0147,0
2023-06-04 17:54:48,1685915689,26.7,18.2,97600,3.00,3.00,5.00,6.00,0.0171,0
2023-06-04 17:59:52,1685915992,26.1,18.5,97600,1.00,6.00,10.0,12.0,0.0130,0
2023-06-04 18:04:55,1685916296,25.5,18.9,97600,1.00,6.00,11.0,13.0,0.0135,0
2023-06-04 18:09:41,1685916581,24.8,19.1,97600,2.00,6.00,10.0,12.0,0.0169,0
2023-06-04 18:14:45,1685916886,24.4,19.7,97600,2.00,2.00,3.00,4.00,0.0349,0
2023-06-04 18:19:50,1685917191,23.9,20.2,97600,1.00,5.00,8.00,10.0,0.0274,0
2023-06-04 18:24:56,1685917496,23.5,20.9,97600,1.00,2.00,4.00,5.00,0.0289,0
2023-06-04 18:29:42,1685917782,23.5,21.1,97600,1.00,6.00,10.0,12.0,0.0151,0
2023-06-04 18:34:47,1685918088,23.4,21.0,97600,1.00,4.00,6.00,7.00,0.0212,0
2023-06-04 18:39:53,1685918393,23.1,21.2,97600,2.00,4.00,5.00,6.00,0.0111,0
2023-06-04 18:44:59,1685918699,22.7,21.7,97600,2.00,3.00,6.00,7.00,0.0134,0
2023-06-04 18:49:45,1685918986,22.5,22.0,97600,1.00,4.00,8.00,9.00,0.0131,0
2023-06-04 18:54:52,1685919292,22.2,22.2,97600,3.00,6.00,9.00,10.0,0.0152,0
2023-06-04 18:59:58,1685919599,21.8,22.5,97600,2.00,4.00,7.00,8.00,0.0341,0
2023-06-04 19:04:46,1685919886,21.4,22.9,97600,1.00,2.00,4.00,5.00,0.0390,0
2023-06-04 19:09:53,1685920194,21.1,23.0,97600,3.00,6.00,8.00,10.0,0.0300,0
2023-06-04 19:14:41,1685920482,20.8,23.4,97600,1.00,2.00,4.00,4.00,0.0175,0
2023-06-04 19:19:49,1685920789,20.5,23.6,97600,2.00,7.00,11.0,14.0,0.0246,0
2023-06-04 19:24:57,1685921097,20.2,24.3,97600,2.00,3.00,4.00,4.00,0.0240,0
2023-06-04 19:29:46,1685921386,20.0,24.6,97600,1.00,4.00,7.00,8.00,0.0174,0
2023-06-04 19:34:54,1685921695,19.7,24.8,97600,1.00,6.00,9.00,11.0,0.0153,0
2023-06-04 19:39:43,1685921984,19.4,25.1,97600,2.00,4.00,6.00,7.00,0.0164,0
2023-06-04 19:44:52,1685922293,19.2,25.8,97600,3.00,4.00,7.00,9.00,0.0142,0
2023-06-04 19:49:42,1685922582,18.9,26.1,97600,1.00,3.00,6.00,7.00,0.0157,0
2023-06-04 19:54:51,1685922891,18.6,26.5,97600,4.00,4.00,4.00,5.00,0.0149,0
2023-06-04 19:59:41,1685923182,18.4,27.1,97600,2.00,3.00,5.00,6.00,0.0149,0
2023-06-04 20:04:51,1685923491,18.1,27.6,97600,2.00,3.00,4.00,4.00,0.0108,0
2023-06-04 20:09:59,1685923799,17.8,27.9,97600,1.00,4.00,8.00,9.00,0.0114,0
2023-06-04 20:14:49,1685924090,17.5,28.3,97600,2.00,3.00,6.00,7.00,0.0109,0
2023-06-04 20:19:52,1685924393,17.2,28.7,97600,1.00,3.00,4.00,5.00,0.0136,0
2023-06-04 20:24:42,1685924683,16.9,28.9,97593,4.00,4.00,7.00,8.00,0.0170,0
2023-06-04 20:29:53,1685924994,16.7,29.4,97581,2.00,6.00,10.0,11.0,0.0193,0
2023-06-04 20:34:45,1685925285,16.5,29.7,97553,2.00,2.00,4.00,5.00,0.0101,0
2023-06-04 20:39:56,1685925596,16.2,29.9,97569,1.00,4.00,7.00,9.00,0.0191,0
2023-06-04 20:44:48,1685925888,16.0,30.4,97560,2.00,4.00,6.00,7.00,0.0127,0
2023-06-04 20:49:59,1685926200,15.7,30.7,97556,2.00,4.00,6.00,8.00,0.0194,0
2023-06-04 20:54:52,1685926493,15.5,31.3,97500,2.00,4.00,6.00,7.00,0.0146,0
2023-06-04 20:59:45,1685926785,15.3,31.7,97520,2.00,3.00,4.00,5.00,0.0116,0
2023-06-04 21:04:43,1685927084,15.1,31.7,97533,2.00,3.00,6.00,7.00,0.0122,0
2023-06-04 21:09:49,1685927390,14.9,32.1,97600,1e-7,2.00,4.00,5.00,0.0109,0
2023-06-04 21:14:42,1685927683,14.7,32.3,97600,2.00,4.00,6.00,7.00,0.0109,0
2023-06-04 21:19:55,1685927995,14.5,32.7,97600,1.00,2.00,3.00,4.00,0.0146,0
2023-06-04 21:24:48,1685928289,14.3,32.9,97513,4.00,6.00,7.00,8.00,0.0146,0
2023-06-04 21:29:42,1685928582,14.1,33.3,97500,1.00,4.00,6.00,7.00,0.0272,0
2023-06-04 21:34:55,1685928895,14.0,33.6,97500,1.00,3.00,5.00,5.00,0.0235,0
2023-06-04 21:39:48,1685929189,13.9,33.9,97500,2.00,5.00,8.00,10.0,0.0245,0
2023-06-04 21:44:42,1685929482,13.7,34.2,97500,1.00,4.00,7.00,8.00,0.0275,0
2023-06-04 21:49:55,1685929796,13.6,34.6,97500,1.00,4.00,7.00,9.00,0.0119,0
2023-06-04 21:54:49,1685930089,13.6,34.7,97500,1.00,5.00,8.00,10.0,0.0148,0
2023-06-04 21:59:43,1685930383,13.5,34.7,97500,1e-7,2.00,4.00,4.00,0.0135,0
2023-06-04 22:04:56,1685930697,13.4,34.8,97500,1.00,2.00,4.00,4.00,0.0342,0
2023-06-04 22:09:50,1685930991,13.3,34.9,97500,1.00,3.00,5.00,6.00,0.0329,0
2023-06-04 22:14:45,1685931285,13.3,35.2,97500,1.00,4.00,8.00,9.00,0.0226,0
2023-06-04 22:19:58,1685931599,13.2,35.5,97500,2.00,3.00,5.00,6.00,0.0163,0
2023-06-04 22:24:52,1685931893,13.1,35.7,97500,2.00,3.00,5.00,6.00,0.0126,0
2023-06-04 22:29:46,1685932187,13.0,36.0,97500,2.00,3.00,4.00,5.00,0.0115,0
2023-06-04 22:34:41,1685932481,13.0,36.1,97500,2.00,3.00,3.00,3.00,0.0131,0
2023-06-04 22:39:55,1685932795,12.9,36.5,97500,2.00,6.00,10.0,13.0,0.0166,0
2023-06-04 22:44:49,1685933090,12.9,37.1,97500,2.00,4.00,6.00,7.00,0.0300,0
2023-06-04 22:49:44,1685933384,12.9,37.2,97500,1.00,3.00,4.00,4.00,0.0249,0
2023-06-04 22:54:51,1685933691,12.9,37.5,97500,2.00,3.00,4.00,4.00,0.0231,0
2023-06-04 22:59:45,1685933986,12.9,37.7,97500,2.00,3.00,5.00,6.00,0.0109,0
2023-06-04 23:04:59,1685934300,12.8,37.9,97500,1.00,6.00,10.0,12.0,0.0137,0
2023-06-04 23:09:54,1685934594,12.8,37.9,97500,1.00,3.00,4.00,4.00,0.0194,0
2023-06-04 23:14:48,1685934889,12.8,38.1,97427,2.00,6.00,9.00,11.0,0.0247,0
2023-06-04 23:19:43,1685935183,12.7,37.9,97400,2.00,7.00,11.0,14.0,0.0264,0
2023-06-04 23:24:57,1685935498,12.7,38.0,97400,1.00,4.00,8.00,9.00,0.0316,0
2023-06-04 23:29:52,1685935792,12.6,38.0,97447,1.00,6.00,10.0,12.0,0.0312,0
2023-06-04 23:34:47,1685936087,12.5,38.3,97493,2.00,4.00,7.00,9.00,0.0190,0
2023-06-04 23:39:41,1685936382,12.5,38.4,97500,2.00,5.00,7.00,9.00,0.0188,0
2023-06-04 23:44:44,1685936685,12.4,38.6,97480,1.00,7.00,11.0,13.0,0.0135,0
2023-06-04 23:49:59,1685937000,12.3,38.8,97475,3.00,7.00,11.0,13.0,0.0136,0
2023-06-04 23:54:54,1685937295,12.3,39.0,97400,1.00,3.00,5.00,6.00,0.0152,0
2023-06-04 23:59:29,1685937570,12.2,39.3,97400,2.00,6.00,11.0,13.0,0.0166,0
