2023-05-02 15:49:45,1683056986,17.2,34.2,95200,1.00,2.00,3.00,4.00,,
2023-05-02 15:54:43,1683057283,17.6,33.9,95200,1.00,3.00,5.00,6.00,,
2023-05-02 15:55:57,1683057358,17.9,33.7,95200,1e-7,1.00,1.00,1.00,,
2023-05-02 16:14:47,1683058487,19.4,31.4,95200,1e-7,1e-7,1e-7,1e-7,,
2023-05-02 16:16:38,1683058598,19.3,31.0,95200,1.00,4.00,7.00,8.00,0.00940,0
2023-05-02 16:54:38,1683060878,19.1,31.1,95200,1.00,2.00,4.00,4.00,,
2023-05-02 17:04:29,1683061470,18.7,31.2,95200,1.00,1.00,1.00,1.00,,
2023-05-02 17:09:59,1683061800,18.6,31.4,95200,2.00,5.00,8.00,9.00,,
2023-05-02 17:12:09,1683061930,18.4,31.6,95200,1.00,2.00,3.00,4.00,0.0112,0
2023-05-02 17:24:55,1683062696,18.7,31.3,95200,1e-7,4.00,7.00,8.00,0.0117,0
2023-05-02 17:29:52,1683062992,18.6,31.1,95200,1.00,2.00,4.00,4.00,0.0117,0
2023-05-02 17:30:29,1683063029,18.4,31.2,95200,1e-7,1e-7,1e-7,1e-7,0.0103,0
2023-05-02 17:54:55,1683064496,17.2,32.8,95200,2.00,6.00,10.0,11.0,,
2023-05-02 17:59:53,1683064793,17.0,33.0,95200,1.00,2.00,3.00,4.00,,
2023-05-02 18:04:51,1683065091,16.7,33.7,95250,2.00,7.00,11.0,14.0,,
2023-05-02 18:09:55,1683065395,16.4,33.9,95294,1e-7,2.00,4.00,4.00,0.0193,0
2023-05-02 18:14:53,1683065694,16.1,34.4,95300,1.00,2.00,3.00,4.00,0.0200,0
2023-05-02 18:19:52,1683065992,15.9,34.8,95300,1.00,2.00,3.00,4.00,0.0200,0
2023-05-02 18:22:02,1683066123,15.7,34.7,95300,1.00,4.00,7.00,9.00,0.00995,0
2023-05-02 18:29:46,1683066587,15.4,35.4,95300,1.00,4.00,7.00,9.00,0.0255,0
2023-05-02 18:34:55,1683066895,15.2,35.7,95300,1.00,2.00,4.00,4.00,0.0234,0
2023-05-02 18:39:54,1683067194,15.0,36.2,95300,1e-7,2.00,4.00,5.00,0.0180,0
2023-05-02 18:44:53,1683067494,14.8,36.2,95300,1e-7,1.00,3.00,3.00,0.0101,0
2023-05-02 18:49:52,1683067793,14.7,36.5,95300,1.00,5.00,9.00,11.0,0.0153,0
2023-05-02 18:54:46,1683068086,14.6,36.8,95300,1e-7,1.00,3.00,3.00,0.0194,0
2023-05-02 18:59:52,1683068392,14.5,36.9,95300,1.00,2.00,4.00,4.00,0.0194,0
2023-05-02 19:04:51,1683068691,14.4,36.8,95300,1.00,3.00,5.00,6.00,0.0155,0
2023-05-02 19:09:50,1683068991,14.4,36.9,95300,2.00,2.00,4.00,4.00,0.0115,0
2023-05-02 19:14:49,1683069290,14.3,37.2,95300,1.00,2.00,3.00,4.00,0.0112,0
2023-05-02 19:19:49,1683069589,14.3,37.6,95300,1.00,2.00,4.00,4.00,0.00995,0
2023-05-02 19:24:50,1683069891,14.2,37.9,95300,1e-7,2.00,4.00,4.00,0.00995,0
2023-05-02 19:29:50,1683070190,14.0,38.2,95338,1.00,2.00,3.00,4.00,0.00995,0
2023-05-02 19:34:49,1683070490,13.9,38.4,95313,2.00,8.00,14.0,17.0,0.0250,0
2023-05-02 19:39:49,1683070790,13.7,39.2,95400,1.00,2.00,3.00,4.00,0.0266,0
2023-05-02 19:44:49,1683071089,13.6,39.5,95400,1.00,2.00,4.00,5.00,0.0368,0
2023-05-02 19:49:49,1683071389,13.5,39.6,95400,1.00,4.00,7.00,8.00,0.0166,0
2023-05-02 19:54:49,1683071689,13.3,40.3,95400,1.00,4.00,7.00,9.00,0.0112,0
2023-05-02 19:59:49,1683071989,13.2,40.3,95400,1.00,2.00,4.00,4.00,0.0139,0
2023-05-02 20:03:15,1683072195,13.2,40.7,95400,1.00,1.00,2.00,2.00,0.0144,0
2023-05-02 20:09:59,1683072600,13.1,41.0,95400,1.00,3.00,6.00,7.00,0.0153,0
2023-05-02 20:14:41,1683072881,13.0,41.3,95400,1.00,3.00,6.00,7.00,0.0181,0
2023-05-02 20:19:41,1683073181,13.0,41.1,95400,1e-7,2.00,3.00,4.00,0.0181,0
2023-05-02 20:24:41,1683073482,12.9,41.5,95400,2.00,11.0,18.0,21.0,0.0255,0
2023-05-02 20:29:41,1683073782,12.9,41.6,95400,1.00,2.00,4.00,4.00,0.0414,0
2023-05-02 20:34:42,1683074082,12.8,42.1,95400,1.00,2.00,3.00,3.00,0.0345,0
2023-05-02 20:39:42,1683074382,12.8,42.1,95400,1e-7,1.00,2.00,3.00,0.0345,0
2023-05-02 20:44:42,1683074682,12.7,42.1,95400,1.00,3.00,5.00,6.00,0.00995,0
2023-05-02 20:49:42,1683074983,12.6,42.0,95400,1.00,3.00,6.00,7.00,0.0105,0
2023-05-02 20:54:43,1683075283,12.6,42.2,95400,1.00,2.00,4.00,4.00,0.0107,0
2023-05-02 20:59:43,1683075583,12.6,42.4,95419,1.00,3.00,4.00,5.00,0.0122,0
2023-05-02 21:04:43,1683075884,12.5,42.5,95469,1.00,4.00,6.00,6.00,0.0104,0
2023-05-02 21:09:44,1683076184,12.5,42.7,95500,1e-7,1.00,2.00,3.00,0.0123,0
2023-05-02 21:14:44,1683076485,12.5,43.1,95500,1e-7,2.00,4.00,4.00,0.0140,0
2023-05-02 21:19:44,1683076785,12.5,42.7,95500,1.00,1.00,3.00,3.00,0.0112,0
2023-05-02 21:24:45,1683077085,12.4,42.9,95500,1e-7,2.00,4.00,4.00,0.00995,0
2023-05-02 21:29:45,1683077386,12.4,42.9,95500,1.00,3.00,5.00,6.00,0.00995,0
2023-05-02 21:34:46,1683077686,12.4,43.0,95500,1.00,3.00,6.00,7.00,0.0120,0
2023-05-02 21:39:46,1683077987,12.3,43.2,95500,1.00,3.00,6.00,7.00,0.0107,0
2023-05-02 21:44:47,1683078287,12.3,43.4,95500,1.00,2.00,3.00,4.00,0.0112,0
2023-05-02 21:45:24,1683078325,12.3,43.5,95500,1e-7,2.00,3.00,4.00,0.0114,0
2023-05-02 21:59:56,1683079196,12.1,45.3,95500,1e-7,2.00,3.00,4.00,0.0114,0
2023-05-02 22:04:56,1683079497,12.1,45.3,95500,1e-7,4.00,8.00,9.00,0.0112,0
2023-05-02 22:09:57,1683079797,12.0,46.2,95500,1.00,3.00,6.00,7.00,0.0170,0
2023-05-02 22:14:58,1683080098,11.9,46.5,95500,1e-7,4.00,7.00,8.00,0.0167,0
2023-05-02 22:19:58,1683080399,11.8,46.8,95500,1.00,6.00,11.0,13.0,0.0187,0
2023-05-02 22:24:59,1683080700,11.7,47.2,95500,1.00,3.00,4.00,4.00,0.0150,0
2023-05-02 22:29:41,1683080982,11.6,47.5,95500,1e-7,4.00,7.00,9.00,0.0204,0
2023-05-02 22:34:42,1683081282,11.5,48.2,95500,1e-7,1e-7,1.00,1.00,0.00885,0
2023-05-02 22:39:43,1683081583,11.5,48.6,95500,1.00,2.00,4.00,4.00,0.0134,0
2023-05-02 22:44:44,1683081884,11.5,48.4,95500,1.00,3.00,6.00,7.00,0.0143,0
2023-05-02 22:49:55,1683082196,11.4,48.6,95500,1e-7,2.00,3.00,4.00,0.0135,0
2023-05-02 22:54:56,1683082497,11.4,48.7,95500,1.00,5.00,9.00,10.0,0.0141,0
2023-05-02 22:59:57,1683082797,11.3,48.9,95500,1e-7,1.00,3.00,3.00,0.0130,0
2023-05-02 23:04:58,1683083098,11.3,49.0,95500,1.00,2.00,3.00,4.00,0.0130,0
2023-05-02 23:09:59,1683083399,11.3,49.3,95500,2.00,5.00,7.00,9.00,0.00995,0
2023-05-02 23:14:41,1683083682,11.2,49.2,95500,1e-7,1.00,3.00,3.00,0.0104,0
2023-05-02 23:19:42,1683083983,11.2,49.4,95500,1.00,2.00,3.00,4.00,0.0160,0
2023-05-02 23:24:43,1683084284,11.2,49.1,95500,1.00,1.00,1.00,1.00,0.0128,0
2023-05-02 23:29:44,1683084585,11.1,49.0,95500,1e-7,1.00,3.00,3.00,0.00995,0
2023-05-02 23:34:45,1683084886,11.1,49.8,95500,1.00,2.00,4.00,4.00,0.00995,0
2023-05-02 23:39:46,1683085187,11.1,49.9,95500,1.00,5.00,9.00,10.0,0.0138,0
2023-05-02 23:44:48,1683085488,11.0,49.2,95500,1e-7,4.00,7.00,8.00,0.0163,0
2023-05-02 23:49:49,1683085789,11.0,49.0,95500,1.00,4.00,7.00,9.00,0.0187,0
2023-05-02 23:54:50,1683086090,10.9,48.9,95500,1.00,1.00,1.00,1.00,0.0346,0
2023-05-02 23:59:51,1683086391,10.9,48.9,95500,1.00,3.00,6.00,7.00,0.0335,0
2023-05-03 00:04:52,1683086692,10.8,49.0,95500,1.00,2.00,3.00,4.00,0.0125,0
2023-05-03 00:09:53,1683086993,10.8,49.2,95500,1e-7,2.00,3.00,4.00,0.00995,0
2023-05-03 00:14:54,1683087295,10.7,49.0,95500,1.00,2.00,4.00,4.00,0.00995,0
2023-05-03 00:19:55,1683087596,10.7,49.3,95500,1e-7,2.00,4.00,4.00,0.00995,0
2023-05-03 00:24:56,1683087897,10.7,49.7,95500,1.00,3.00,4.00,5.00,0.0101,0
2023-05-03 00:29:58,1683088198,10.6,49.4,95500,1e-7,1.00,3.00,3.00,0.0103,0
2023-05-03 00:34:59,1683088499,10.6,49.4,95500,1e-7,2.00,4.00,4.00,0.0105,0
2023-05-03 00:39:41,1683088782,10.6,49.3,95500,1.00,1.00,1.00,1.00,0.00995,0
2023-05-03 00:44:43,1683089083,10.5,50.2,95500,1e-7,4.00,7.00,8.00,0.0147,0
2023-05-03 00:49:44,1683089384,10.5,49.7,95500,1.00,2.00,3.00,4.00,0.0157,0
2023-05-03 00:54:45,1683089685,10.5,49.5,95500,1.00,2.00,4.00,5.00,0.0143,0
2023-05-03 00:59:46,1683089987,10.5,50.0,95500,1.00,1.00,3.00,3.00,0.0101,0
2023-05-03 01:04:47,1683090288,10.5,49.7,95500,1.00,2.00,4.00,4.00,0.0101,0
2023-05-03 01:09:49,1683090589,10.5,49.7,95500,1.00,3.00,6.00,7.00,0.00995,0
2023-05-03 01:14:50,1683090890,10.4,49.7,95500,1e-7,1.00,3.00,3.00,0.0103,0
2023-05-03 01:19:51,1683091192,10.4,50.0,95500,1.00,1.00,3.00,3.00,0.0118,0
2023-05-03 01:24:52,1683091493,10.3,50.1,95500,1.00,2.00,3.00,4.00,0.0111,0
2023-05-03 01:29:54,1683091794,10.3,50.0,95500,1.00,1.00,3.00,3.00,0.00995,0
2023-05-03 01:32:24,1683091945,10.3,50.1,95500,1e-7,1e-7,1e-7,1e-7,0.00995,0
2023-05-03 01:39:50,1683092391,10.2,49.8,95500,1.00,1.00,3.00,3.00,0.00995,0
2023-05-03 01:44:52,1683092692,10.2,49.7,95500,1e-7,2.00,4.00,5.00,0.0102,0
2023-05-03 01:49:53,1683092994,10.1,49.6,95500,1.00,3.00,4.00,5.00,0.0103,0
2023-05-03 01:54:54,1683093294,10.1,49.7,95500,1.00,2.00,3.00,4.00,0.0101,0
2023-05-03 01:59:48,1683093589,10.1,49.4,95500,1e-7,1.00,3.00,3.00,0.0102,0
2023-05-03 02:04:50,1683093890,10.1,49.4,95500,1e-7,2.00,4.00,4.00,0.0102,0
2023-05-03 02:09:51,1683094192,10.1,49.5,95500,1e-7,1e-7,1e-7,1e-7,0.00995,0
2023-05-03 02:14:52,1683094493,10.0,49.4,95500,1.00,2.00,4.00,4.00,0.00995,0
2023-05-03 02:19:54,1683094794,10.0,49.3,95538,1e-7,1.00,1.00,1.00,0.00995,0
2023-05-03 02:24:55,1683095096,9.99,49.2,95500,1.00,1.00,1.00,1.00,0.00995,0
2023-05-03 02:29:56,1683095397,9.96,49.1,95500,1e-7,2.00,3.00,4.00,0.00995,0
2023-05-03 02:34:58,1683095698,9.93,49.2,95500,1e-7,1e-7,1.00,1.00,0.00995,0
2023-05-03 02:39:59,1683096000,9.91,49.5,95500,1e-7,2.00,3.00,3.00,0.00995,0
2023-05-03 02:44:42,1683096282,9.89,49.4,95500,1.00,1.00,2.00,2.00,0.00995,0
2023-05-03 02:49:43,1683096583,9.89,49.4,95500,1e-7,2.00,3.00,4.00,0.00995,0
2023-05-03 02:54:44,1683096885,9.89,49.4,95500,1e-7,2.00,4.00,5.00,0.00995,0
2023-05-03 02:59:46,1683097186,9.88,49.5,95500,1e-7,2.00,3.00,4.00,0.0102,0
2023-05-03 03:04:47,1683097488,9.84,49.4,95500,1e-7,1.00,1.00,1.00,0.0102,0
2023-05-03 03:09:49,1683097789,9.81,49.5,95500,1e-7,1.00,3.00,3.00,0.0102,0
2023-05-03 03:14:50,1683098091,9.78,49.7,95500,1.00,1.00,2.00,3.00,0.00995,0
2023-05-03 03:19:52,1683098392,9.74,49.5,95569,1e-7,1.00,3.00,3.00,0.00995,0
2023-05-03 03:24:53,1683098694,9.72,49.4,95581,1.00,3.00,5.00,7.00,0.0106,0
2023-05-03 03:29:54,1683098995,9.70,49.0,95600,1e-7,2.00,3.00,4.00,0.0119,0
2023-05-03 03:34:56,1683099296,9.66,49.1,95600,2.00,7.00,11.0,14.0,0.0117,0
2023-05-03 03:39:47,1683099588,9.64,48.9,95600,1e-7,1e-7,1e-7,1e-7,0.0135,0
2023-05-03 03:44:49,1683099889,9.62,49.0,95600,1.00,2.00,3.00,4.00,0.0197,0
2023-05-03 03:49:50,1683100191,9.56,49.1,95600,1.00,2.00,3.00,4.00,0.0146,0
2023-05-03 03:54:57,1683100498,9.49,48.8,95600,1e-7,2.00,4.00,4.00,0.00995,0
2023-05-03 03:59:59,1683100799,9.44,49.0,95600,1e-7,1.00,2.00,3.00,0.00995,0
2023-05-03 04:04:41,1683101082,9.39,48.9,95600,1.00,4.00,7.00,9.00,0.0143,0
2023-05-03 04:09:43,1683101384,9.33,48.6,95600,1.00,3.00,6.00,7.00,0.0239,0
2023-05-03 04:14:45,1683101685,9.25,48.6,95600,1.00,2.00,3.00,4.00,0.0256,0
2023-05-03 04:19:46,1683101987,9.18,48.3,95594,1e-7,2.00,4.00,4.00,0.0136,0
2023-05-03 04:24:48,1683102288,9.15,48.2,95550,1.00,4.00,7.00,8.00,0.0188,0
2023-05-03 04:29:50,1683102590,9.14,48.2,95500,1e-7,1e-7,1e-7,1e-7,0.0264,0
2023-05-03 04:34:50,1683102891,9.14,48.2,95500,1e-7,4.00,7.00,9.00,0.0264,0
2023-05-03 04:39:52,1683103193,9.11,47.9,95500,1e-7,2.00,3.00,4.00,0.0180,0
2023-05-03 04:44:54,1683103494,9.10,47.8,95594,1e-7,1.00,3.00,3.00,0.0156,0
2023-05-03 04:49:55,1683103796,9.10,47.5,95600,1e-7,1.00,3.00,3.00,0.0127,0
2023-05-03 04:54:57,1683104098,9.10,47.4,95569,1e-7,2.00,3.00,4.00,0.00995,0
2023-05-03 04:59:59,1683104399,9.05,47.2,95563,1e-7,1.00,3.00,3.00,0.00995,0
2023-05-03 05:04:42,1683104682,9.03,47.2,95600,1.00,1.00,3.00,3.00,0.00995,0
2023-05-03 05:09:44,1683104984,9.01,47.0,95600,1e-7,1.00,2.00,3.00,0.00995,0
2023-05-03 05:14:46,1683105286,8.97,46.9,95600,1e-7,2.00,4.00,4.00,0.00995,0
2023-05-03 05:19:47,1683105588,8.96,46.9,95600,1e-7,2.00,3.00,4.00,0.00995,0
2023-05-03 05:24:49,1683105890,8.96,46.8,95600,1e-7,1.00,2.00,3.00,0.00995,0
2023-05-03 05:29:51,1683106191,8.96,46.8,95600,1e-7,2.00,3.00,4.00,0.00995,0
2023-05-03 05:34:53,1683106493,8.96,46.9,95600,1e-7,2.00,3.00,4.00,0.00995,0
2023-05-03 05:39:54,1683106795,8.97,46.4,95600,1.00,2.00,4.00,4.00,0.00995,0
2023-05-03 05:44:56,1683107096,8.97,46.5,95600,1.00,3.00,5.00,5.00,0.00995,0
2023-05-03 05:49:58,1683107398,8.96,46.4,95600,1e-7,2.00,4.00,4.00,0.0107,0
2023-05-03 05:54:21,1683107662,8.95,46.1,95600,1e-7,1e-7,1e-7,1e-7,0.0107,0
2023-05-03 05:59:41,1683107982,8.92,46.1,95600,1e-7,1e-7,1e-7,1e-7,0.0110,0
2023-05-03 06:04:43,1683108284,8.89,45.6,95600,1e-7,2.00,4.00,4.00,0.00995,0
2023-05-03 06:09:45,1683108585,8.87,45.8,95600,1e-7,1e-7,1e-7,1e-7,0.00995,0
2023-05-03 06:12:53,1683108774,8.85,45.5,95600,1e-7,1.00,3.00,3.00,0.00995,0
2023-05-03 12:19:58,1683130798,15.9,28.4,95900,1e-7,1e-7,1e-7,1e-7,,
2023-05-03 12:21:50,1683130910,15.9,28.4,95900,1e-7,1e-7,1e-7,1e-7,,
2023-05-03 12:39:47,1683131987,14.6,29.0,95900,1e-7,1.00,3.00,3.00,,
2023-05-03 12:40:24,1683132025,14.6,29.2,95900,1e-7,1e-7,1e-7,1e-7,,
2023-05-03 12:58:43,1683133124,13.7,31.1,95900,1e-7,2.00,3.00,4.00,,
2023-05-03 13:14:59,1683134100,13.3,31.6,95900,1e-7,1.00,3.00,3.00,,
2023-05-03 13:17:29,1683134250,13.2,31.9,95900,1e-7,1e-7,1e-7,1e-7,0.00995,0
2023-05-03 14:09:53,1683137393,12.7,33.5,96000,1e-7,2.00,4.00,5.00,,
2023-05-03 14:14:15,1683137655,12.7,34.1,96000,1.00,2.00,4.00,4.00,,
2023-05-03 14:29:50,1683138590,13.7,33.0,96000,1e-7,1e-7,1e-7,1e-7,,
2023-05-03 14:32:01,1683138721,13.9,32.7,96000,1e-7,1e-7,1e-7,1e-7,,
2023-05-03 14:49:56,1683139796,14.3,30.3,96000,1e-7,1e-7,1e-7,1e-7,0.00995,0
2023-05-03 14:51:29,1683139889,14.1,30.7,96000,1e-7,1.00,3.00,3.00,0.00995,0
2023-05-03 15:04:51,1683140692,13.7,31.1,96000,1e-7,1.00,3.00,3.00,0.00995,0
2023-05-03 15:09:50,1683140991,13.8,31.6,96000,1e-7,2.00,3.00,4.00,0.00995,0
2023-05-03 15:44:48,1683143089,15.8,29.1,96000,1e-7,1e-7,1e-7,1e-7,,
2023-05-03 15:45:44,1683143145,15.9,29.1,96000,1e-7,1e-7,1e-7,1e-7,,
2023-05-03 15:59:55,1683143995,15.2,29.2,96000,1e-7,1e-7,1e-7,1e-7,,
2023-05-03 16:04:58,1683144298,15.0,29.7,96000,1.00,1.00,1.00,1.00,,
2023-05-03 16:05:54,1683144354,14.6,30.0,96000,1e-7,1e-7,1e-7,1e-7,,
2023-05-03 16:39:28,1683146369,13.4,32.4,96000,1e-7,2.00,3.00,4.00,,
2023-05-03 16:59:46,1683147587,12.8,33.1,96071,1e-7,1e-7,1e-7,1e-7,0.00995,0
2023-05-03 17:04:49,1683147889,12.7,33.3,96087,1.00,2.00,4.00,4.00,0.00995,0
2023-05-03 17:09:54,1683148195,12.6,33.4,96100,1.00,2.00,3.00,3.00,0.00995,0
2023-05-03 17:14:16,1683148457,12.5,33.6,96100,1e-7,2.00,3.00,4.00,0.00995,0
2023-05-03 17:19:35,1683148776,12.3,33.7,96100,1e-7,2.00,4.00,4.00,0.00995,0
2023-05-03 17:24:41,1683149082,12.2,34.2,96100,1e-7,1.00,3.00,3.00,0.00995,0
2023-05-03 17:25:00,1683149101,12.1,34.3,96100,1e-7,1e-7,1e-7,1e-7,0.00995,0
2023-05-03 17:34:48,1683149688,12.0,34.5,96100,1e-7,1e-7,1e-7,1e-7,0.00995,0
2023-05-03 17:39:48,1683149988,12.0,34.5,96100,1.00,1.00,1.00,1.00,0.00995,0
2023-05-03 17:44:48,1683150289,12.0,34.9,96100,1e-7,1.00,3.00,3.00,0.00995,0
2023-05-03 17:49:49,1683150589,11.9,35.2,96100,1.00,1.00,3.00,3.00,0.00995,0
2023-05-03 17:54:49,1683150889,11.7,35.3,96100,1e-7,2.00,4.00,4.00,0.00995,0
2023-05-03 17:59:49,1683151190,11.6,35.7,96100,1e-7,1.00,3.00,3.00,0.00995,0
2023-05-03 18:04:49,1683151490,11.5,36.2,96100,1e-7,2.00,4.00,4.00,0.00995,0
2023-05-03 18:09:49,1683151790,11.4,36.2,96164,1e-7,1e-7,1e-7,1e-7,0.00995,0
2023-05-03 18:14:59,1683152099,11.3,36.3,96200,1e-7,1e-7,1e-7,1e-7,0.00995,0
2023-05-03 18:19:59,1683152400,11.2,36.6,96200,1e-7,2.00,3.00,4.00,0.00995,0
2023-05-03 18:24:41,1683152682,11.0,37.5,96200,1e-7,1e-7,1e-7,1e-7,0.00995,0
2023-05-03 18:29:42,1683152983,10.9,37.4,96200,1.00,3.00,6.00,7.00,0.00995,0
2023-05-03 18:34:43,1683153283,10.7,37.7,96200,1e-7,1e-7,1e-7,1e-7,0.0114,0
2023-05-03 18:39:50,1683153590,10.6,37.6,96200,1e-7,1e-7,1e-7,1e-7,0.0114,0
2023-05-03 18:44:51,1683153891,10.5,37.9,96200,1e-7,2.00,4.00,4.00,0.0107,0
2023-05-03 18:49:52,1683154192,10.4,38.8,96200,1e-7,2.00,3.00,4.00,0.00995,0
2023-05-03 18:51:45,1683154305,10.4,38.9,96200,1e-7,2.00,4.00,4.00,0.00995,0
2023-05-03 18:59:42,1683154783,10.3,39.1,96200,1.00,1.00,3.00,3.00,0.00995,0
2023-05-03 19:04:44,1683155084,10.2,39.0,96200,1e-7,1e-7,1e-7,1e-7,0.00995,0
2023-05-03 19:09:45,1683155385,10.2,39.1,96200,1.00,1.00,1.00,1.00,0.00995,0
2023-05-03 19:14:46,1683155687,10.2,39.3,96200,1e-7,1e-7,1e-7,1e-7,0.00995,0
2023-05-03 19:19:47,1683155988,10.1,39.5,96200,1e-7,1.00,1.00,2.00,0.00995,0
2023-05-03 19:24:48,1683156289,10.1,39.6,96200,1e-7,2.00,4.00,4.00,0.00995,0
2023-05-03 19:26:03,1683156364,10.0,39.6,96200,1e-7,1e-7,1e-7,1e-7,0.00995,0
2023-05-03 19:44:53,1683157494,9.86,40.4,96300,1e-7,4.00,7.00,8.00,,
2023-05-03 19:49:45,1683157785,9.83,40.4,96300,1.00,3.00,5.00,5.00,,
2023-05-03 19:54:53,1683158094,9.78,40.9,96300,1e-7,2.00,4.00,4.00,,
2023-05-03 19:59:54,1683158395,9.74,40.8,96300,1e-7,1.00,2.00,3.00,0.0114,0
2023-05-03 20:04:56,1683158696,9.69,40.9,96300,1e-7,1e-7,1.00,1.00,0.0109,0
2023-05-03 20:09:57,1683158998,9.65,41.4,96300,1.00,2.00,4.00,4.00,0.00995,0
2023-05-03 20:14:59,1683159299,9.60,41.5,96300,2.00,13.0,22.0,26.0,0.0422,0
2023-05-03 20:19:41,1683159582,9.57,41.4,96300,1e-7,4.00,7.00,8.00,0.0308,0
2023-05-03 20:24:43,1683159883,9.53,41.5,96300,1.00,3.00,5.00,7.00,0.0399,0
2023-05-03 20:29:58,1683160198,9.50,41.5,96300,1.00,2.00,4.00,4.00,0.0399,0
2023-05-03 20:34:59,1683160500,9.47,41.9,96300,1.00,4.00,6.00,7.00,0.0129,0
2023-05-03 20:39:42,1683160782,9.45,41.7,96300,1.00,9.00,16.0,19.0,0.0196,0
2023-05-03 20:44:43,1683161084,9.41,42.1,96300,1e-7,2.00,4.00,4.00,0.0356,0
2023-05-03 20:49:45,1683161385,9.38,42.4,96300,1.00,2.00,4.00,4.00,0.0360,0
2023-05-03 20:54:46,1683161687,9.34,42.5,96300,1.00,2.00,3.00,4.00,0.0316,0
2023-05-03 20:58:14,1683161894,9.30,42.8,96300,1e-7,1e-7,1e-7,1e-7,0.00995,0
2023-05-03 21:14:59,1683162899,8.99,42.9,96300,1e-7,2.00,4.00,5.00,0.00995,0
2023-05-03 21:18:48,1683163129,8.93,43.3,96300,1.00,3.00,6.00,7.00,0.0120,0
2023-05-03 21:24:46,1683163486,8.81,43.4,96300,1.00,2.00,3.00,4.00,0.0128,0
2023-05-03 21:29:47,1683163788,8.77,43.4,96300,1e-7,2.00,4.00,4.00,0.0128,0
2023-05-03 21:34:49,1683164090,8.72,43.7,96300,1.00,1.00,3.00,3.00,0.0119,0
2023-05-03 21:39:51,1683164392,8.72,43.9,96319,1.00,3.00,6.00,7.00,0.0110,0
2023-05-03 21:44:53,1683164693,8.75,44.1,96400,1.00,2.00,4.00,4.00,0.0110,0
2023-05-03 21:49:55,1683164995,8.75,44.1,96400,1e-7,2.00,4.00,4.00,0.0106,0
2023-05-03 21:54:56,1683165297,8.77,44.3,96400,1.00,4.00,8.00,9.00,0.0133,0
2023-05-03 21:59:58,1683165599,8.77,44.5,96400,1.00,3.00,6.00,7.00,0.0157,0
2023-05-03 22:04:41,1683165882,8.78,44.2,96400,1.00,4.00,7.00,8.00,0.0225,0
2023-05-03 22:09:43,1683166183,8.79,44.3,96400,1.00,2.00,3.00,4.00,0.0165,0
2023-05-03 22:14:45,1683166485,8.78,44.2,96400,1.00,3.00,4.00,5.00,0.0169,0
2023-05-03 22:19:46,1683166787,8.80,44.1,96400,1.00,4.00,7.00,8.00,0.0151,0
2023-05-03 22:24:47,1683167088,8.81,44.1,96400,1.00,2.00,4.00,5.00,0.0164,0
2023-05-03 22:29:49,1683167389,8.77,44.2,96400,1.00,3.00,4.00,4.00,0.0162,0
2023-05-03 22:34:51,1683167691,8.74,44.4,96400,1.00,3.00,6.00,7.00,0.0175,0
2023-05-03 22:39:52,1683167993,8.73,44.5,96400,1.00,2.00,4.00,5.00,0.0161,0
2023-05-03 22:44:54,1683168294,8.72,44.7,96400,1.00,2.00,3.00,4.00,0.0120,0
2023-05-03 22:49:55,1683168596,8.71,44.0,96400,1e-7,2.00,4.00,4.00,0.0120,0
2023-05-03 22:54:57,1683168898,8.71,43.7,96400,1.00,2.00,4.00,4.00,0.0104,0
2023-05-03 22:59:59,1683169199,8.67,43.7,96400,1.00,5.00,8.00,10.0,0.0194,0
2023-05-03 23:04:42,1683169482,8.64,43.8,96400,1.00,2.00,4.00,4.00,0.0316,0
2023-05-03 23:09:44,1683169784,8.63,43.8,96400,1e-7,2.00,4.00,4.00,0.0330,0
2023-05-03 23:14:45,1683170086,8.64,43.6,96400,1e-7,2.00,4.00,4.00,0.0219,0
2023-05-03 23:19:47,1683170388,8.62,43.4,96400,2.00,3.00,4.00,4.00,0.00995,0
2023-05-03 23:24:49,1683170690,8.60,43.7,96400,1.00,6.00,11.0,13.0,0.00995,0
2023-05-03 23:29:51,1683170991,8.59,43.9,96400,1e-7,4.00,7.00,9.00,0.00876,0
2023-05-03 23:34:54,1683171294,8.57,43.7,96400,1e-7,2.00,4.00,4.00,0.0111,0
2023-05-03 23:38:21,1683171502,8.56,43.8,96400,1.00,2.00,3.00,4.00,0.0120,0
2023-05-03 23:44:42,1683171883,8.52,43.7,96400,1e-7,2.00,3.00,4.00,0.0119,0
2023-05-03 23:49:44,1683172185,8.47,43.7,96400,1e-7,2.00,4.00,4.00,0.00995,0
2023-05-03 23:54:46,1683172486,8.43,43.6,96400,1e-7,2.00,3.00,4.00,0.00995,0
2023-05-03 23:59:47,1683172788,8.39,43.6,96400,1.00,5.00,8.00,9.00,0.0160,0
2023-05-04 00:04:55,1683173095,8.35,43.6,96400,1.00,1.00,1.00,1.00,0.0193,0
2023-05-04 00:09:57,1683173397,8.32,43.6,96400,1.00,4.00,7.00,9.00,0.0169,0
2023-05-04 00:14:59,1683173699,8.29,43.5,96400,1.00,3.00,5.00,6.00,0.0119,0
2023-05-04 00:15:18,1683173718,8.29,43.3,96400,1e-7,1e-7,1e-7,1e-7,0.0119,0
2023-05-04 00:24:46,1683174286,8.22,42.5,96400,1e-7,1.00,1.00,2.00,0.0127,0
2023-05-04 00:29:48,1683174589,8.21,43.1,96400,1e-7,2.00,3.00,4.00,0.0143,0
2023-05-04 00:34:50,1683174891,8.20,43.0,96400,1.00,3.00,5.00,7.00,0.0118,0
2023-05-04 00:39:52,1683175193,8.19,43.3,96400,1.00,5.00,9.00,11.0,0.0102,0
2023-05-04 00:44:54,1683175495,8.20,43.6,96400,1e-7,1.00,3.00,3.00,0.0103,0
2023-05-04 00:49:56,1683175797,8.22,43.6,96400,1.00,2.00,3.00,4.00,0.0114,0
2023-05-04 00:54:59,1683176099,8.22,43.7,96400,1.00,2.00,3.00,4.00,0.0102,0
2023-05-04 00:59:42,1683176382,8.22,43.3,96400,1.00,4.00,6.00,7.00,0.00995,0
2023-05-04 01:04:44,1683176684,8.22,43.7,96400,1e-7,2.00,3.00,4.00,0.0117,0
2023-05-04 01:09:46,1683176987,8.24,43.7,96400,1e-7,2.00,3.00,3.00,0.0128,0
2023-05-04 01:14:48,1683177289,8.23,43.0,96400,1e-7,1.00,3.00,3.00,0.0128,0
2023-05-04 01:19:48,1683177589,8.22,43.6,96400,1e-7,2.00,3.00,4.00,0.00995,0
2023-05-04 01:24:50,1683177891,8.23,43.8,96400,1e-7,2.00,4.00,5.00,0.0100,0
2023-05-04 01:29:15,1683178155,8.22,44.0,96400,1e-7,2.00,3.00,4.00,0.0101,0
2023-05-04 01:34:45,1683178485,8.18,44.2,96400,1e-7,2.00,4.00,4.00,0.0101,0
2023-05-04 01:39:47,1683178787,8.16,44.5,96400,1e-7,2.00,4.00,4.00,0.0101,0
2023-05-04 01:44:49,1683179090,8.15,44.7,96400,1.00,2.00,4.00,4.00,0.00995,0
2023-05-04 01:49:51,1683179392,8.12,44.7,96400,1.00,2.00,3.00,4.00,0.00995,0
2023-05-04 01:52:23,1683179543,8.10,44.9,96400,1e-7,1e-7,1e-7,1e-7,0.00995,0
2023-05-04 01:59:48,1683179988,8.04,44.9,96400,1e-7,2.00,3.00,4.00,0.00995,0
2023-05-04 02:04:50,1683180291,7.98,45.4,96400,1e-7,2.00,3.00,4.00,0.00995,0
2023-05-04 02:09:52,1683180593,7.94,45.5,96400,1.00,3.00,6.00,7.00,0.0121,0
2023-05-04 02:10:11,1683180612,7.95,45.4,96400,1e-7,1.00,3.00,3.00,0.0121,0
2023-05-04 02:24:59,1683181499,7.95,45.5,96500,1e-7,1e-7,1e-7,1e-7,0.0107,0
2023-05-04 02:29:59,1683181800,7.94,45.5,96500,1e-7,2.00,4.00,4.00,0.0128,0
2023-05-04 02:34:43,1683182083,7.95,45.2,96500,1e-7,1e-7,1e-7,1e-7,0.0135,0
2023-05-04 02:39:47,1683182388,7.97,45.0,96500,1e-7,1e-7,1e-7,1e-7,0.0128,0
2023-05-04 02:44:50,1683182690,8.00,45.2,96500,1e-7,1e-7,1e-7,1e-7,0.00995,0
2023-05-04 02:49:52,1683182992,8.01,45.1,96500,1e-7,1e-7,1e-7,1e-7,0.00995,0
2023-05-04 02:54:54,1683183295,8.03,45.2,96500,1e-7,1e-7,1e-7,1e-7,0.00995,0
2023-05-04 02:59:57,1683183597,8.04,45.2,96500,1.00,3.00,6.00,7.00,0.0114,0
2023-05-04 03:04:59,1683183899,8.05,45.1,96500,1e-7,1e-7,1e-7,1e-7,0.0114,0
2023-05-04 03:09:42,1683184183,8.05,44.9,96500,1e-7,1e-7,1e-7,1e-7,0.0114,0
2023-05-04 03:14:45,1683184485,8.06,45.1,96500,1e-7,2.00,3.00,4.00,0.00995,0
2023-05-04 03:19:47,1683184787,8.07,44.9,96500,1e-7,2.00,4.00,5.00,0.0101,0
2023-05-04 03:24:49,1683185090,8.08,45.2,96500,1e-7,1e-7,1e-7,1e-7,0.0101,0
2023-05-04 03:29:52,1683185392,8.10,45.0,96500,1e-7,1e-7,1e-7,1e-7,0.0100,0
2023-05-04 03:34:54,1683185694,8.13,45.1,96500,1e-7,1e-7,1e-7,1e-7,0.00995,0
2023-05-04 03:39:56,1683185997,8.13,45.1,96500,1e-7,1e-7,1e-7,1e-7,0.00995,0
2023-05-04 03:44:58,1683186299,8.14,44.8,96500,1e-7,2.00,4.00,4.00,0.00995,0
2023-05-04 03:49:42,1683186582,8.15,45.0,96500,1e-7,2.00,3.00,4.00,0.00995,0
2023-05-04 03:54:44,1683186885,8.15,45.3,96500,1e-7,1e-7,1e-7,1e-7,0.00995,0
2023-05-04 03:59:46,1683187187,8.16,44.9,96500,1e-7,2.00,3.00,4.00,0.00995,0
2023-05-04 04:04:49,1683187489,8.17,44.8,96500,1e-7,1e-7,1e-7,1e-7,0.00995,0
2023-05-04 04:09:51,1683187791,8.18,44.9,96500,1e-7,1e-7,1e-7,1e-7,0.00995,0
2023-05-04 04:14:53,1683188094,8.18,44.7,96500,1e-7,1e-7,1e-7,1e-7,0.00995,0
2023-05-04 04:19:55,1683188396,8.18,45.0,96500,1e-7,1e-7,1e-7,1e-7,0.00995,0
2023-05-04 04:24:58,1683188698,8.18,44.9,96500,1e-7,1e-7,1e-7,1e-7,0.00995,0
2023-05-04 04:29:41,1683188981,8.20,44.8,96500,1e-7,1e-7,1e-7,1e-7,0.00995,0
2023-05-04 04:34:43,1683189284,8.20,44.8,96500,1e-7,2.00,3.00,4.00,0.00995,0
2023-05-04 04:39:45,1683189586,8.20,44.8,96500,1e-7,1e-7,1e-7,1e-7,0.00995,0
2023-05-04 04:44:47,1683189888,8.19,45.2,96500,1e-7,2.00,3.00,4.00,0.00995,0
2023-05-04 04:49:50,1683190190,8.16,45.4,96500,1.00,1.00,1.00,1.00,0.00995,0
2023-05-04 04:54:52,1683190492,8.14,45.4,96500,1e-7,2.00,4.00,4.00,0.00995,0
2023-05-04 04:59:54,1683190795,8.12,45.6,96500,1e-7,1e-7,1e-7,1e-7,0.00995,0
2023-05-04 05:04:56,1683191097,8.11,45.9,96525,1e-7,1.00,3.00,3.00,0.00995,0
2023-05-04 05:09:59,1683191399,8.10,45.8,96600,1e-7,1e-7,1e-7,1e-7,0.00995,0
2023-05-04 05:14:03,1683191644,8.10,46.0,96600,1e-7,1e-7,1e-7,1e-7,0.00995,0
2023-05-04 05:19:48,1683191988,8.11,46.1,96600,1e-7,1e-7,1e-7,1e-7,0.00995,0
2023-05-04 05:24:50,1683192291,8.12,46.1,96600,1e-7,2.00,4.00,4.00,0.00995,0
2023-05-04 05:29:52,1683192593,8.12,46.2,96600,1e-7,2.00,3.00,4.00,0.00995,0
2023-05-04 05:34:49,1683192890,8.10,46.2,96600,1e-7,1e-7,1e-7,1e-7,0.00995,0
2023-05-04 05:39:52,1683193192,8.12,46.2,96600,1e-7,1e-7,1e-7,1e-7,0.00995,0
2023-05-04 05:44:54,1683193494,8.12,46.6,96600,1e-7,1e-7,1e-7,1e-7,0.00995,0
2023-05-04 05:49:56,1683193797,8.12,46.6,96600,1e-7,1e-7,1e-7,1e-7,0.00995,0
2023-05-04 05:54:58,1683194099,8.12,46.4,96600,1e-7,1.00,3.00,3.00,0.00995,0
2023-05-04 05:59:42,1683194382,8.14,46.7,96600,1e-7,1e-7,1e-7,1e-7,0.00995,0
2023-05-04 06:04:44,1683194684,8.15,46.2,96600,1.00,2.00,4.00,4.00,0.00995,0
2023-05-04 06:09:45,1683194985,8.17,46.8,96600,1e-7,1e-7,1e-7,1e-7,0.00995,0
2023-05-04 06:10:42,1683195042,8.18,46.5,96600,1e-7,1e-7,1e-7,1e-7,0.00995,0
2023-05-04 11:59:47,1683215988,18.3,29.8,96900,1e-7,2.00,3.00,4.00,,
2023-05-04 12:04:44,1683216285,18.3,29.5,96900,1.00,2.00,3.00,3.00,,
2023-05-04 12:07:31,1683216452,18.3,29.7,96900,1e-7,2.00,4.00,4.00,,
2023-05-04 12:14:28,1683216869,18.2,29.3,96900,1e-7,1.00,3.00,3.00,,
2023-05-04 12:39:48,1683218388,17.6,30.0,96900,1e-7,1.00,3.00,3.00,0.00995,0
2023-05-04 12:44:45,1683218686,17.3,30.0,96900,1e-7,2.00,4.00,4.00,0.00995,0
2023-05-04 12:49:46,1683218986,17.0,30.4,96900,1e-7,2.00,4.00,4.00,0.00995,0
2023-05-04 12:54:43,1683219284,16.8,30.8,96900,1e-7,2.00,3.00,4.00,0.00995,0
2023-05-04 12:59:41,1683219582,16.7,30.8,96900,1e-7,1.00,3.00,3.00,0.00995,0
2023-05-04 13:04:58,1683219898,16.5,31.0,96900,1e-7,1e-7,1e-7,1e-7,0.00995,0
2023-05-04 13:08:04,1683220085,16.5,30.8,96900,1e-7,2.00,4.00,4.00,0.00995,0
2023-05-04 13:39:49,1683221989,16.4,31.2,96900,1e-7,1e-7,1e-7,1e-7,,
2023-05-04 13:44:53,1683222293,16.5,30.9,96900,1e-7,2.00,4.00,4.00,,
2023-05-04 13:47:40,1683222461,16.6,31.0,96900,1e-7,2.00,4.00,4.00,,
2023-05-04 14:04:52,1683223493,17.3,31.1,96910,1e-7,1.00,2.00,3.00,0.00995,0
2023-05-04 14:07:57,1683223678,17.6,31.0,96910,1e-7,1e-7,1e-7,1e-7,0.00995,0
2023-05-04 14:14:53,1683224094,18.1,30.2,97000,1e-7,1e-7,1e-7,1e-7,0.00995,0
2023-05-04 14:19:51,1683224391,18.1,30.0,97000,1e-7,1.00,3.00,3.00,0.00995,0
2023-05-04 14:24:02,1683224642,18.0,30.1,97000,1e-7,1.00,3.00,3.00,0.00995,0
2023-05-04 14:39:53,1683225594,19.4,29.8,96938,1e-7,2.00,4.00,4.00,0.00995,0
2023-05-04 14:43:36,1683225817,19.3,30.0,96975,1e-7,1e-7,1e-7,1e-7,0.00995,0
2023-05-04 14:59:52,1683226793,18.4,29.3,97000,1e-7,1.00,1.00,1.00,0.00995,0
2023-05-04 15:02:40,1683226960,18.3,29.3,97000,1.00,1.00,3.00,3.00,0.00995,0
2023-05-04 15:19:53,1683227994,17.9,30.1,97000,1e-7,2.00,3.00,4.00,0.00995,0
2023-05-04 15:20:49,1683228049,17.9,30.3,97000,1e-7,1.00,3.00,3.00,0.00995,0
2023-05-04 15:34:51,1683228892,19.0,29.0,97000,1e-7,1e-7,1e-7,1e-7,0.00995,0
2023-05-04 15:37:01,1683229022,19.1,28.8,96971,1e-7,1e-7,1e-7,1e-7,0.00995,0
2023-05-04 15:49:41,1683229782,18.3,30.5,97000,1e-7,1e-7,1e-7,1e-7,0.00995,0
2023-05-04 15:54:56,1683230097,18.3,30.8,97000,1e-7,2.00,3.00,4.00,0.00995,0
2023-05-04 15:58:26,1683230306,18.5,30.6,97000,1e-7,1e-7,1.00,1.00,0.00995,0
2023-05-04 16:14:54,1683231294,20.4,28.7,96900,1e-7,1e-7,1e-7,1e-7,0.00995,0
2023-05-04 16:19:54,1683231595,20.4,28.0,96900,1e-7,1e-7,1e-7,1e-7,0.00995,0
2023-05-04 16:24:51,1683231891,20.0,27.5,96944,1.00,1.00,1.00,1.00,0.00995,0
2023-05-04 16:29:47,1683232188,19.5,27.0,97000,1e-7,1.00,3.00,3.00,0.00995,0
2023-05-04 16:34:52,1683232493,19.1,27.3,97000,1e-7,4.00,7.00,9.00,0.0136,0
2023-05-04 16:35:29,1683232530,18.9,27.1,97000,1e-7,1e-7,1.00,1.00,0.0136,0
2023-05-04 17:24:55,1683235496,19.3,26.7,97000,1e-7,2.00,4.00,4.00,,
2023-05-04 17:29:52,1683235793,18.9,26.9,97000,1e-7,2.00,3.00,4.00,,
2023-05-04 17:34:49,1683236089,18.3,27.7,97000,1e-7,1.00,3.00,3.00,,
2023-05-04 17:35:44,1683236145,18.0,27.9,97000,1e-7,1e-7,1e-7,1e-7,,
2023-05-04 17:59:45,1683237585,16.9,29.7,97100,1.00,1.00,1.00,1.00,,
2023-05-04 18:04:43,1683237883,16.6,30.0,97100,1e-7,4.00,7.00,9.00,,
2023-05-04 18:09:41,1683238182,16.2,31.1,97100,1e-7,2.00,4.00,4.00,0.0108,0
2023-05-04 18:14:58,1683238499,15.9,31.3,97100,1e-7,2.00,3.00,4.00,0.0108,0
2023-05-04 18:15:53,1683238554,15.8,31.4,97100,1e-7,1e-7,1e-7,1e-7,0.00995,0
2023-05-04 18:20:33,1683238833,15.7,31.3,97100,1e-7,1e-7,1e-7,1e-7,0.00995,0
2023-05-04 18:49:59,1683240600,15.9,31.5,97100,1e-7,1e-7,1e-7,1e-7,,
2023-05-04 18:54:58,1683240898,15.7,31.7,97100,1e-7,1e-7,1e-7,1e-7,,
2023-05-04 18:58:24,1683241104,15.5,31.9,97100,1e-7,1e-7,1e-7,1e-7,,
2023-05-04 19:09:49,1683241789,14.8,32.8,97200,1e-7,1e-7,1e-7,1e-7,0.00995,0
2023-05-04 19:14:47,1683242088,14.7,32.9,97200,1.00,3.00,5.00,6.00,0.0108,0
2023-05-04 19:19:46,1683242387,14.5,33.4,97200,1e-7,1e-7,1e-7,1e-7,0.0108,0
2023-05-04 19:21:01,1683242462,14.4,33.6,97200,1e-7,1e-7,1e-7,1e-7,0.0108,0
2023-05-04 19:29:57,1683242998,14.2,34.2,97200,1e-7,1e-7,1e-7,1e-7,0.0108,0
2023-05-04 19:34:57,1683243297,14.0,34.2,97200,1e-7,1e-7,1e-7,1e-7,0.00995,0
2023-05-04 19:39:56,1683243597,13.8,34.3,97200,1e-7,1e-7,1e-7,1e-7,0.00995,0
2023-05-04 19:44:56,1683243896,13.6,34.7,97200,1e-7,2.00,4.00,4.00,0.00995,0
2023-05-04 19:48:03,1683244083,13.5,35.0,97200,1e-7,1.00,3.00,3.00,0.00995,0
2023-05-04 19:54:44,1683244484,13.3,35.2,97200,1e-7,1e-7,1e-7,1e-7,0.00995,0
2023-05-04 19:59:44,1683244784,13.1,35.2,97200,1e-7,1e-7,1e-7,1e-7,0.00995,0
2023-05-04 20:04:43,1683245083,12.8,35.4,97200,1e-7,1e-7,1e-7,1e-7,0.00995,0
2023-05-04 20:05:01,1683245102,12.6,35.5,97200,1e-7,1e-7,1e-7,1e-7,0.00995,0
2023-05-04 20:19:41,1683245982,12.0,36.5,97236,1e-7,1e-7,1e-7,1e-7,0.00995,0
2023-05-04 20:24:59,1683246299,11.7,36.8,97300,1e-7,1e-7,1e-7,1e-7,0.00995,0
2023-05-04 20:29:59,1683246600,11.5,37.0,97300,1e-7,1e-7,1e-7,1e-7,0.00995,0
2023-05-04 20:34:41,1683246881,11.4,37.5,97300,1e-7,1e-7,1e-7,1e-7,0.00995,0
2023-05-04 20:39:46,1683247186,11.2,37.7,97300,1e-7,1e-7,1e-7,1e-7,0.00995,0
2023-05-04 20:42:34,1683247354,11.1,37.7,97300,1e-7,1e-7,1e-7,1e-7,0.00995,0
2023-05-04 20:49:43,1683247784,11.0,38.0,97300,1e-7,1e-7,1e-7,1e-7,0.00995,0
2023-05-04 20:54:44,1683248085,10.8,37.7,97300,1e-7,1e-7,1e-7,1e-7,0.00995,0
2023-05-04 20:59:46,1683248386,10.7,38.6,97300,1e-7,1e-7,1e-7,1e-7,0.00995,0
2023-05-04 21:04:55,1683248696,10.6,38.3,97300,1e-7,1e-7,1e-7,1e-7,0.00995,0
2023-05-04 21:09:56,1683248997,10.4,38.9,97300,1e-7,1e-7,1e-7,1e-7,0.00995,0
2023-05-04 21:14:57,1683249298,10.3,39.1,97300,1e-7,1e-7,1e-7,1e-7,0.00995,0
2023-05-04 21:19:58,1683249599,10.2,39.5,97300,1e-7,1e-7,1e-7,1e-7,0.00995,0
2023-05-04 21:24:58,1683249899,10.1,39.8,97300,1e-7,1e-7,1e-7,1e-7,0.00995,0
2023-05-04 21:29:41,1683250181,10.0,39.9,97300,1e-7,1e-7,1e-7,1e-7,0.00995,0
2023-05-04 21:34:41,1683250481,10.0,40.3,97300,1e-7,2.00,4.00,4.00,0.00995,0
2023-05-04 21:39:45,1683250785,10.1,40.6,97300,1e-7,1e-7,1e-7,1e-7,0.00995,0
2023-05-04 21:44:45,1683251086,10.1,41.0,97300,1e-7,2.00,4.00,4.00,0.00995,0
2023-05-04 21:49:45,1683251385,10.1,41.5,97300,1e-7,2.00,3.00,4.00,0.00995,0
2023-05-04 21:50:59,1683251459,10.2,41.8,97300,1e-7,1e-7,1e-7,1e-7,0.00995,0
2023-05-04 22:14:43,1683252884,10.3,42.7,97300,1e-7,1e-7,1e-7,1e-7,,
2023-05-04 22:19:44,1683253184,10.3,42.8,97300,1e-7,1e-7,1e-7,1e-7,,
2023-05-04 22:24:45,1683253485,10.3,42.9,97300,1.00,2.00,3.00,4.00,,
2023-05-04 22:29:26,1683253767,10.3,43.0,97300,1.00,1.00,1.00,1.00,0.00995,0
2023-05-04 22:34:45,1683254086,10.3,43.3,97300,1e-7,1e-7,1e-7,1e-7,0.00995,0
2023-05-04 22:37:35,1683254255,10.3,43.4,97300,1e-7,1.00,2.00,3.00,0.00995,0
2023-05-04 22:44:42,1683254682,10.3,43.6,97400,1e-7,2.00,4.00,4.00,0.00995,0
2023-05-04 22:49:44,1683254984,10.3,43.5,97400,1.00,4.00,7.00,9.00,0.00995,0
2023-05-04 22:54:45,1683255286,10.3,43.7,97400,1e-7,4.00,7.00,8.00,0.0186,0
2023-05-04 22:59:48,1683255588,10.3,42.8,97400,1e-7,4.00,7.00,8.00,0.0105,0
2023-05-04 23:04:48,1683255889,10.3,44.1,97400,1e-7,1e-7,1e-7,1e-7,0.0146,0
2023-05-04 23:05:45,1683255945,10.3,43.7,97400,1e-7,1e-7,1e-7,1e-7,0.0111,0
2023-05-04 23:19:51,1683256791,10.4,43.8,97400,1e-7,1e-7,1e-7,1e-7,0.0111,0
2023-05-04 23:24:52,1683257092,10.4,43.4,97400,1.00,1.00,2.00,2.00,0.0111,0
2023-05-04 23:28:57,1683257337,10.5,43.9,97400,1e-7,2.00,3.00,4.00,0.00995,0
2023-05-04 23:34:59,1683257700,10.5,43.8,97400,1e-7,1.00,3.00,3.00,0.00995,0
2023-05-04 23:39:42,1683257982,10.6,44.2,97400,1e-7,2.00,4.00,4.00,0.00995,0
2023-05-04 23:44:43,1683258283,10.6,43.9,97400,1e-7,1e-7,1e-7,1e-7,0.00995,0
2023-05-04 23:48:10,1683258490,10.6,43.9,97400,1e-7,1e-7,1e-7,1e-7,0.00995,0
2023-05-05 00:04:50,1683259490,10.8,43.8,97400,1e-7,2.00,4.00,4.00,0.00995,0
2023-05-05 00:09:51,1683259791,10.8,43.2,97400,1e-7,1e-7,1e-7,1e-7,0.00995,0
2023-05-05 00:14:52,1683260093,10.8,43.0,97400,1e-7,2.00,3.00,4.00,0.00995,0
2023-05-05 00:19:53,1683260394,10.8,43.1,97400,1e-7,1.00,3.00,3.00,0.00995,0
2023-05-05 00:24:54,1683260695,10.8,43.5,97400,1e-7,1e-7,1e-7,1e-7,0.00995,0
2023-05-05 00:29:55,1683260995,10.7,43.5,97400,1e-7,1e-7,1e-7,1e-7,0.00995,0
2023-05-05 00:34:44,1683261285,10.7,43.4,97400,1.00,1.00,1.00,1.00,0.00995,0
2023-05-05 00:39:45,1683261585,10.6,43.3,97400,1e-7,2.00,3.00,4.00,0.00995,0
2023-05-05 00:44:46,1683261887,10.5,43.2,97400,1e-7,2.00,4.00,5.00,0.0100,0
2023-05-05 00:49:50,1683262191,10.4,43.1,97400,1e-7,1e-7,1e-7,1e-7,0.0100,0
2023-05-05 00:54:52,1683262492,10.2,43.0,97400,1e-7,1e-7,1e-7,1e-7,0.0101,0
2023-05-05 00:59:53,1683262794,10.1,43.0,97400,1e-7,1.00,3.00,3.00,0.0100,0
2023-05-05 01:04:55,1683263095,9.93,43.4,97481,1.00,1.00,2.00,2.00,0.00995,0
2023-05-05 01:09:57,1683263397,9.81,43.7,97500,1e-7,1e-7,1e-7,1e-7,0.00995,0
2023-05-05 01:14:58,1683263699,9.71,43.9,97500,1e-7,1e-7,1e-7,1e-7,0.00995,0
2023-05-05 01:19:41,1683263981,9.64,44.0,97500,1e-7,1e-7,1e-7,1e-7,0.00995,0
2023-05-05 01:24:43,1683264283,9.57,43.9,97500,1e-7,1e-7,1e-7,1e-7,0.00995,0
2023-05-05 01:29:44,1683264584,9.49,44.0,97500,1e-7,1e-7,1e-7,1e-7,0.00995,0
2023-05-05 01:34:44,1683264885,9.39,44.1,97500,1e-7,1.00,3.00,3.00,0.00995,0
2023-05-05 01:39:46,1683265186,9.28,44.2,97500,1e-7,1e-7,1e-7,1e-7,0.00995,0
2023-05-05 01:43:12,1683265393,9.19,44.3,97500,1e-7,1e-7,1e-7,1e-7,0.00995,0
2023-05-05 01:59:57,1683266397,8.97,44.6,97500,1e-7,1e-7,1e-7,1e-7,0.00995,0
2023-05-05 02:04:59,1683266699,8.91,45.0,97500,1e-7,1e-7,1e-7,1e-7,0.00995,0
2023-05-05 02:09:42,1683266982,8.83,45.0,97500,1e-7,1e-7,1e-7,1e-7,0.00995,0
2023-05-05 02:14:43,1683267284,8.75,45.3,97500,1e-7,1.00,3.00,3.00,0.00995,0
2023-05-05 02:19:46,1683267586,8.72,46.0,97500,1e-7,1e-7,1e-7,1e-7,0.00995,0
2023-05-05 02:24:47,1683267887,8.70,46.1,97500,1e-7,1e-7,1e-7,1e-7,0.00995,0
2023-05-05 02:29:49,1683268189,8.67,46.6,97500,1e-7,1e-7,1e-7,1e-7,0.00995,0
2023-05-05 02:34:51,1683268491,8.64,47.1,97500,1e-7,2.00,3.00,4.00,0.00995,0
2023-05-05 02:39:53,1683268794,8.61,47.6,97500,1e-7,1e-7,1e-7,1e-7,0.00995,0
2023-05-05 02:44:55,1683269096,8.60,48.2,97500,1e-7,2.00,3.00,4.00,0.00995,0
2023-05-05 02:49:57,1683269398,8.59,48.8,97500,1.00,3.00,5.00,6.00,0.0108,0
2023-05-05 02:54:59,1683269700,8.59,48.4,97500,1.00,3.00,5.00,7.00,0.0119,0
2023-05-05 02:59:42,1683269983,8.62,48.8,97500,1e-7,1.00,3.00,3.00,0.0119,0
2023-05-05 03:04:44,1683270285,8.64,48.7,97500,1e-7,1e-7,1e-7,1e-7,0.0119,0
2023-05-05 03:09:46,1683270587,8.64,48.9,97500,1e-7,1e-7,1e-7,1e-7,0.0111,0
2023-05-05 03:14:41,1683270882,8.65,48.6,97500,1e-7,1e-7,1e-7,1e-7,0.00995,0
2023-05-05 03:19:43,1683271184,8.65,48.8,97500,1e-7,4.00,7.00,8.00,0.00995,0
2023-05-05 03:24:46,1683271486,8.63,48.4,97500,1e-7,1e-7,1e-7,1e-7,0.0111,0
2023-05-05 03:29:48,1683271788,8.55,47.7,97500,1e-7,1.00,3.00,3.00,0.0111,0
2023-05-05 03:34:50,1683272090,8.47,47.6,97500,1e-7,1e-7,1e-7,1e-7,0.0101,0
2023-05-05 03:38:17,1683272297,8.41,47.4,97500,1e-7,1e-7,1e-7,1e-7,0.00995,0
2023-05-05 03:44:58,1683272698,8.34,47.3,97500,1e-7,1e-7,1e-7,1e-7,0.00995,0
2023-05-05 03:46:13,1683272774,8.31,47.2,97500,1e-7,1e-7,1e-7,1e-7,0.00995,0
2023-05-05 04:04:49,1683273889,8.34,47.6,97500,1e-7,1e-7,1e-7,1e-7,0.00995,0
2023-05-05 04:08:34,1683274115,8.40,48.0,97500,1e-7,1e-7,1e-7,1e-7,0.00995,0
2023-05-05 04:14:43,1683274483,8.49,47.9,97500,1e-7,1e-7,1e-7,1e-7,0.00995,0
2023-05-05 04:19:45,1683274785,8.56,48.2,97500,1e-7,1.00,3.00,3.00,0.00995,0
2023-05-05 04:20:41,1683274842,8.61,48.1,97500,1e-7,1e-7,1e-7,1e-7,0.00995,0
2023-05-05 04:34:57,1683275697,8.85,48.0,97600,1e-7,1e-7,1e-7,1e-7,0.00995,0
2023-05-05 04:39:20,1683275961,8.88,48.0,97600,1e-7,1e-7,1e-7,1e-7,0.00995,0
2023-05-05 04:44:59,1683276300,8.92,47.9,97600,1e-7,1e-7,1e-7,1e-7,0.00995,0
2023-05-05 04:48:26,1683276506,8.96,47.7,97600,1.00,1.00,1.00,1.00,0.00995,0
2023-05-05 04:54:43,1683276884,9.01,47.5,97600,1e-7,2.00,4.00,4.00,0.00995,0
2023-05-05 04:58:29,1683277109,9.03,47.4,97600,1e-7,2.00,4.00,4.00,0.00995,0
2023-05-05 05:14:44,1683278085,9.07,47.0,97600,1e-7,1e-7,1e-7,1e-7,,
2023-05-05 05:19:46,1683278387,9.08,47.0,97600,1e-7,1e-7,1e-7,1e-7,,
2023-05-05 05:24:48,1683278689,9.10,46.9,97600,1e-7,1e-7,1e-7,1e-7,,
2023-05-05 05:29:50,1683278991,9.16,46.8,97600,1e-7,4.00,7.00,9.00,0.0113,0
2023-05-05 05:34:52,1683279293,9.20,46.8,97600,1e-7,1e-7,1e-7,1e-7,0.0113,0
2023-05-05 05:39:53,1683279594,9.24,46.5,97600,1e-7,1e-7,1e-7,1e-7,0.0113,0
2023-05-05 05:44:55,1683279896,9.27,46.7,97600,1e-7,4.00,8.00,9.00,0.0129,0
2023-05-05 05:45:52,1683279952,9.29,46.6,97600,1e-7,1e-7,1e-7,1e-7,0.0129,0
2023-05-05 12:14:45,1683303286,21.6,26.3,97600,1e-7,1e-7,1e-7,1e-7,,
2023-05-05 12:19:41,1683303582,21.4,26.0,97600,1e-7,2.00,4.00,4.00,,
2023-05-05 12:20:18,1683303619,21.3,26.0,97600,1e-7,1e-7,1e-7,1e-7,,
2023-05-05 13:26:29,1683307590,23.1,24.1,97500,1e-7,1e-7,1e-7,1e-7,,
2023-05-05 14:29:45,1683311385,25.0,19.2,97500,1e-7,2.00,3.00,4.00,,
2023-05-05 14:30:40,1683311441,24.9,19.2,97500,1e-7,1.00,3.00,3.00,,
2023-05-05 14:39:48,1683311989,24.6,19.0,97400,1e-7,1e-7,1e-7,1e-7,,
2023-05-05 14:44:24,1683312264,24.3,18.3,97400,1.00,2.00,4.00,4.00,0.00995,1.59
2023-05-05 14:49:42,1683312582,23.4,18.6,97400,1.00,1.00,2.00,2.00,0.00995,1.59
2023-05-05 14:50:37,1683312637,23.1,18.8,97433,1e-7,1.00,3.00,3.00,0.00995,1.59
2023-05-05 14:59:56,1683313196,22.8,19.8,97400,1e-7,1e-7,1e-7,1e-7,0.00995,1.59
2023-05-05 15:01:28,1683313289,23.1,19.9,97400,2.00,2.00,2.00,3.00,0.00995,1.59
2023-05-05 15:24:43,1683314684,23.2,18.1,97400,1.00,4.00,7.00,8.00,,
2023-05-05 15:39:37,1683315578,23.7,17.8,97400,1e-7,1e-7,1.00,1.00,,
2023-05-05 15:44:45,1683315885,23.5,17.8,97400,1e-7,2.00,3.00,4.00,,
2023-05-05 15:59:57,1683316798,23.0,18.3,97400,1e-7,2.00,4.00,4.00,,
2023-05-05 16:01:48,1683316908,23.1,18.3,97400,1e-7,1e-7,1e-7,1e-7,,
2023-05-05 16:14:51,1683317692,23.5,17.1,97400,1e-7,4.00,8.00,9.00,0.0121,0
2023-05-05 16:19:46,1683317987,23.1,17.2,97400,1.00,1.00,3.00,3.00,0.0136,0
2023-05-05 16:20:42,1683318042,22.9,17.8,97400,1.00,2.00,3.00,4.00,0.0122,0
2023-05-05 16:29:43,1683318584,23.1,18.2,97400,1e-7,1e-7,1e-7,1e-7,0.00955,0
2023-05-05 16:34:52,1683318893,23.4,18.0,97400,1.00,2.00,4.00,4.00,0.00995,0
2023-05-05 16:37:20,1683319040,23.7,17.7,97400,1e-7,2.00,4.00,4.00,0.00995,0
2023-05-05 16:49:48,1683319788,23.5,16.7,97400,1.00,1.00,2.00,3.00,0.00995,0
2023-05-05 16:54:51,1683320091,23.1,16.9,97400,1.00,2.00,4.00,4.00,0.00995,0
2023-05-05 16:58:13,1683320294,22.3,17.4,97400,1.00,9.00,15.0,17.0,0.0206,0
2023-05-05 17:04:56,1683320697,21.5,18.4,97400,1e-7,2.00,4.00,4.00,0.0251,0
2023-05-05 17:09:53,1683320993,21.4,18.9,97400,1.00,3.00,4.00,5.00,0.0236,0
2023-05-05 17:14:48,1683321289,21.9,19.0,97400,1.00,3.00,6.00,7.00,0.0164,0
2023-05-05 17:19:06,1683321546,22.5,19.0,97400,1.00,1.00,3.00,3.00,0.0104,0
2023-05-05 17:24:57,1683321898,23.0,18.1,97400,1.00,2.00,4.00,4.00,0.0140,0
2023-05-05 17:29:52,1683322193,22.6,18.0,97400,1.00,3.00,6.00,7.00,0.0114,0
2023-05-05 17:34:30,1683322470,22.1,18.4,97400,1.00,2.00,4.00,4.00,0.0124,0
2023-05-05 18:24:56,1683325497,23.2,17.2,97300,1.00,2.00,3.00,4.00,,
2023-05-05 18:29:51,1683325792,23.3,17.1,97400,1.00,7.00,12.0,14.0,,
2023-05-05 18:34:45,1683326086,23.0,17.2,97381,1.00,4.00,7.00,9.00,0.00900,0
2023-05-05 18:39:44,1683326385,22.3,17.4,97400,1.00,1.00,1.00,1.00,0.0257,0
2023-05-05 18:44:59,1683326699,21.8,17.8,97400,1.00,4.00,7.00,9.00,0.0258,0
2023-05-05 18:49:55,1683326995,21.3,18.2,97400,1.00,3.00,6.00,7.00,0.0182,0
2023-05-05 18:54:51,1683327292,21.0,18.6,97400,1.00,3.00,5.00,6.00,0.0182,0
2023-05-05 18:58:52,1683327532,20.7,18.9,97400,1e-7,4.00,7.00,8.00,0.0132,0
2023-05-05 19:04:49,1683327890,20.3,19.3,97400,1.00,2.00,4.00,4.00,0.0104,0
2023-05-05 19:09:46,1683328187,20.2,19.5,97400,3.00,4.00,7.00,9.00,0.0128,0
2023-05-05 19:14:12,1683328453,20.0,19.9,97400,1.00,4.00,7.00,8.00,0.0235,0
2023-05-05 19:19:44,1683328785,19.7,20.1,97400,1.00,3.00,6.00,7.00,0.0123,0
2023-05-05 19:24:42,1683329082,19.6,20.2,97400,1.00,2.00,4.00,4.00,0.0188,0
2023-05-05 19:29:01,1683329341,19.5,20.2,97400,1.00,2.00,4.00,4.00,0.0153,0
2023-05-05 19:34:51,1683329691,19.2,20.5,97400,1.00,2.00,4.00,4.00,0.0133,0
2023-05-05 19:37:00,1683329820,19.2,20.7,97400,1.00,5.00,9.00,10.0,0.0166,0
2023-05-05 19:44:44,1683330284,18.9,20.9,97400,1.00,2.00,4.00,4.00,0.0181,0
2023-05-05 19:49:20,1683330561,18.8,21.0,97400,1e-7,2.00,4.00,4.00,0.0167,0
2023-05-05 19:54:55,1683330896,18.5,21.2,97400,1e-7,2.00,4.00,4.00,0.0175,0
2023-05-05 19:56:27,1683330988,18.4,21.4,97400,1e-7,1e-7,1e-7,1e-7,0.0108,0
2023-05-05 20:00:26,1683331226,18.1,21.6,97400,1e-7,1e-7,1e-7,1e-7,0.00995,0
2023-05-05 20:14:54,1683332095,17.5,22.2,97400,1e-7,2.00,3.00,4.00,0.00995,0
2023-05-05 20:19:51,1683332391,17.2,22.5,97400,1e-7,1e-7,1e-7,1e-7,0.00995,0
2023-05-05 20:24:48,1683332689,16.9,22.9,97400,1.00,1.00,2.00,2.00,0.00995,0
2023-05-05 20:25:25,1683332726,16.8,23.0,97400,1e-7,1e-7,1e-7,1e-7,0.00995,0
2023-05-05 20:49:56,1683334197,15.7,24.3,97400,1e-7,1e-7,1e-7,1e-7,,
2023-05-05 20:54:42,1683334483,15.5,24.3,97400,1e-7,1e-7,1e-7,1e-7,,
2023-05-05 20:59:40,1683334781,15.4,24.6,97400,1e-7,1e-7,1e-7,1e-7,,
2023-05-05 21:14:31,1683335671,15.0,25.3,97400,1e-7,1.00,3.00,3.00,0.00995,0
2023-05-05 21:19:48,1683335988,15.0,25.6,97400,1e-7,1e-7,1e-7,1e-7,0.00995,0
2023-05-05 21:24:08,1683336248,14.9,26.0,97400,1e-7,1e-7,1e-7,1e-7,0.00995,0
2023-05-05 21:34:54,1683336895,14.9,26.4,97400,1e-7,1e-7,1e-7,1e-7,0.00995,0
2023-05-05 21:39:58,1683337199,14.9,26.3,97400,1e-7,1e-7,1e-7,1e-7,0.00995,0
2023-05-05 21:44:57,1683337498,14.8,26.3,97400,1e-7,1e-7,1e-7,1e-7,0.00995,0
2023-05-05 21:49:46,1683337786,14.7,26.5,97400,1e-7,1e-7,1e-7,1e-7,0.00995,0
2023-05-05 21:54:43,1683338084,14.6,26.5,97400,2.00,7.00,11.0,14.0,0.0154,0
2023-05-05 21:59:41,1683338382,14.5,26.5,97400,1e-7,1.00,3.00,3.00,0.0172,0
2023-05-05 22:04:44,1683338685,14.4,26.6,97400,1e-7,1e-7,1e-7,1e-7,0.0172,0
2023-05-05 22:09:42,1683338982,14.3,27.1,97400,1e-7,1e-7,1e-7,1e-7,0.0172,0
2023-05-05 22:14:46,1683339286,14.2,27.4,97400,1e-7,2.00,4.00,5.00,0.00995,0
2023-05-05 22:15:23,1683339324,14.1,27.3,97400,1e-7,1e-7,1e-7,1e-7,0.0100,0
2023-05-05 22:29:48,1683340189,13.8,28.1,97400,1e-7,1e-7,1e-7,1e-7,0.0100,0
2023-05-05 22:34:48,1683340489,13.8,28.1,97400,1e-7,2.00,3.00,4.00,0.0101,0
2023-05-05 22:39:46,1683340786,13.9,28.0,97400,1.00,2.00,4.00,4.00,0.0101,0
2023-05-05 22:42:34,1683340954,14.1,28.1,97400,1e-7,1e-7,1e-7,1e-7,0.00995,0
2023-05-05 23:09:51,1683342591,13.8,28.8,97400,1e-7,1e-7,1e-7,1e-7,,
2023-05-05 23:10:28,1683342628,13.8,28.8,97400,1e-7,1e-7,1e-7,1e-7,,
2023-05-05 23:54:51,1683345291,13.4,29.5,97400,1e-7,1.00,3.00,3.00,,
2023-05-05 23:56:25,1683345385,13.4,29.5,97400,1e-7,1e-7,1e-7,1e-7,,
2023-05-06 00:09:45,1683346185,13.4,29.5,97400,1e-7,1e-7,1e-7,1e-7,,
2023-05-06 00:13:09,1683346390,13.4,29.6,97400,1e-7,2.00,3.00,4.00,,
2023-05-06 00:19:51,1683346792,13.2,29.7,97400,1e-7,1e-7,1e-7,1e-7,,
2023-05-06 00:22:39,1683346960,13.2,29.7,97400,1e-7,1e-7,1e-7,1e-7,0.00995,0
2023-05-06 00:29:57,1683347397,13.2,30.0,97400,1.00,3.00,6.00,7.00,0.00995,0
2023-05-06 00:30:53,1683347454,13.2,30.1,97400,1.00,1.00,1.00,1.00,0.0121,0
2023-05-06 00:39:57,1683347998,13.3,30.6,97400,1.00,2.00,4.00,4.00,0.0160,0
2023-05-06 00:43:24,1683348204,13.3,30.0,97400,1e-7,1.00,2.00,3.00,0.0160,0
2023-05-06 00:54:41,1683348882,13.4,30.2,97400,1.00,2.00,3.00,4.00,0.0153,0
2023-05-06 00:59:41,1683349182,13.4,30.1,97400,1e-7,1.00,3.00,3.00,0.0146,0
2023-05-06 01:04:41,1683349481,13.5,30.3,97400,1e-7,2.00,4.00,4.00,0.00995,0
2023-05-06 01:09:48,1683349789,13.5,30.2,97390,1e-7,1.00,3.00,3.00,0.00995,0
2023-05-06 01:13:14,1683349995,13.5,30.2,97309,1e-7,1e-7,1e-7,1e-7,0.00995,0
2023-05-06 01:19:51,1683350391,13.5,30.3,97355,1e-7,1e-7,1e-7,1e-7,0.00995,0
2023-05-06 01:24:50,1683350691,13.4,30.4,97300,1e-7,2.00,3.00,4.00,0.00995,0
2023-05-06 01:29:50,1683350991,13.4,30.2,97300,1.00,1.00,3.00,3.00,0.00995,0
2023-05-06 01:34:50,1683351291,13.4,30.1,97300,1.00,2.00,3.00,4.00,0.00995,0
2023-05-06 01:39:51,1683351591,13.5,30.2,97300,1.00,3.00,5.00,6.00,0.0117,0
2023-05-06 01:44:51,1683351891,13.5,29.9,97300,1.00,4.00,7.00,9.00,0.0160,0
2023-05-06 01:49:51,1683352191,13.6,30.3,97300,1.00,3.00,6.00,7.00,0.0164,0
2023-05-06 01:54:50,1683352491,13.7,29.9,97300,1.00,2.00,4.00,4.00,0.0246,0
2023-05-06 01:59:50,1683352791,13.7,29.9,97300,1.00,2.00,4.00,4.00,0.0246,0
2023-05-06 02:04:50,1683353091,13.8,30.1,97300,1.00,4.00,7.00,9.00,0.00995,0
2023-05-06 02:09:50,1683353391,13.8,29.9,97300,5.00,19.0,31.0,36.0,0.0506,0
2023-05-06 02:11:04,1683353465,13.8,30.0,97300,1.00,1.00,2.00,3.00,0.0541,0
2023-05-06 02:19:42,1683353983,13.9,30.2,97300,1e-7,1.00,1.00,2.00,0.0687,0
2023-05-06 02:24:42,1683354283,13.9,30.2,97300,1.00,2.00,3.00,4.00,0.0757,0
2023-05-06 02:29:42,1683354583,13.8,30.3,97300,1.00,3.00,5.00,6.00,0.0639,0
2023-05-06 02:34:42,1683354882,13.8,30.2,97300,1.00,2.00,3.00,3.00,0.0136,0
2023-05-06 02:39:42,1683355182,13.8,30.2,97300,1.00,3.00,6.00,7.00,0.0134,0
2023-05-06 02:44:42,1683355482,13.8,30.2,97300,1.00,3.00,6.00,7.00,0.0125,0
2023-05-06 02:49:42,1683355782,13.8,30.5,97300,1.00,3.00,5.00,7.00,0.0151,0
2023-05-06 02:54:42,1683356082,13.9,30.5,97300,2.00,7.00,12.0,14.0,0.0152,0
2023-05-06 02:59:41,1683356382,13.9,30.4,97300,2.00,8.00,13.0,15.0,0.0234,0
2023-05-06 03:04:41,1683356682,13.9,30.4,97300,1.00,3.00,6.00,7.00,0.0199,0
2023-05-06 03:07:48,1683356868,13.8,30.4,97300,1e-7,2.00,3.00,4.00,0.0192,0
2023-05-06 03:14:54,1683357294,13.7,30.5,97300,1.00,3.00,5.00,6.00,0.0179,0
2023-05-06 03:19:53,1683357594,13.6,30.7,97300,1.00,5.00,9.00,10.0,0.0205,0
2023-05-06 03:24:53,1683357894,13.5,30.7,97300,1e-7,1.00,1.00,2.00,0.0272,0
2023-05-06 03:29:53,1683358194,13.4,30.8,97300,1e-7,4.00,7.00,8.00,0.0279,0
2023-05-06 03:34:54,1683358494,13.3,30.9,97300,1e-7,2.00,4.00,4.00,0.0137,0
2023-05-06 03:39:54,1683358794,13.1,31.0,97300,1e-7,1.00,3.00,3.00,0.0145,0
2023-05-06 03:41:09,1683358869,13.1,31.1,97300,1.00,1.00,3.00,3.00,0.0144,0
2023-05-06 03:59:57,1683359998,12.9,31.2,97300,1e-7,1e-7,1e-7,1e-7,,
2023-05-06 04:04:58,1683360298,12.9,31.4,97300,1e-7,2.00,3.00,4.00,,
2023-05-06 04:09:57,1683360598,12.9,31.4,97300,2.00,3.00,6.00,7.00,,
2023-05-06 04:14:43,1683360884,12.9,31.5,97300,1e-7,2.00,3.00,4.00,0.0155,0
2023-05-06 04:19:43,1683361184,12.9,31.6,97300,1.00,6.00,11.0,13.0,0.0168,0
2023-05-06 04:24:44,1683361484,12.9,31.6,97300,1.00,4.00,6.00,7.00,0.0160,0
2023-05-06 04:27:32,1683361652,12.9,31.6,97300,1e-7,2.00,3.00,4.00,0.0264,0
2023-05-06 04:34:49,1683362090,12.9,31.6,97300,1e-7,2.00,3.00,4.00,0.0264,0
2023-05-06 04:39:49,1683362390,12.9,31.5,97300,1.00,2.00,4.00,4.00,0.0264,0
2023-05-06 04:44:50,1683362690,12.9,31.6,97300,1.00,2.00,4.00,4.00,0.0113,0
2023-05-06 04:49:50,1683362990,12.9,31.6,97300,1e-7,2.00,4.00,4.00,0.00995,0
2023-05-06 04:54:50,1683363291,12.9,31.8,97300,1.00,3.00,5.00,6.00,0.00995,0
2023-05-06 04:58:36,1683363516,12.8,31.7,97300,1e-7,2.00,3.00,4.00,0.0109,0
2023-05-06 05:09:55,1683364196,12.7,32.0,97300,1.00,2.00,3.00,4.00,0.0117,0
2023-05-06 05:14:55,1683364496,12.7,32.0,97300,1e-7,2.00,3.00,4.00,0.0117,0
2023-05-06 05:19:56,1683364796,12.7,32.1,97300,1.00,3.00,6.00,7.00,0.00995,0
2023-05-06 05:24:56,1683365097,12.6,32.2,97300,1.00,2.00,4.00,4.00,0.0121,0
2023-05-06 05:29:46,1683365386,12.6,32.1,97300,1e-7,2.00,3.00,4.00,0.0113,0
2023-05-06 05:34:46,1683365687,12.6,32.1,97300,1e-7,2.00,3.00,4.00,0.0120,0
2023-05-06 05:39:46,1683365987,12.5,32.1,97300,1e-7,2.00,4.00,4.00,0.00995,0
2023-05-06 05:44:46,1683366286,12.4,32.4,97300,1e-7,2.00,4.00,4.00,0.00995,0
2023-05-06 05:49:46,1683366587,12.5,32.6,97300,1e-7,1.00,3.00,3.00,0.00995,0
2023-05-06 05:50:43,1683366643,12.5,32.5,97300,1e-7,1e-7,1e-7,1e-7,0.00995,0
2023-05-06 12:09:47,1683389388,26.4,13.9,97100,1.00,4.00,7.00,9.00,,
2023-05-06 12:13:46,1683389627,26.3,13.7,97100,1.00,2.00,4.00,4.00,,
2023-05-06 12:34:41,1683390882,26.4,13.9,97100,1.00,3.00,6.00,7.00,,
2023-05-06 12:39:16,1683391157,26.5,13.6,97080,4.00,6.00,6.00,7.00,0.0128,0
2023-05-06 12:47:17,1683391638,26.5,13.8,97100,2.00,6.00,9.00,11.0,0.0217,0
2023-05-06 12:54:59,1683392100,26.7,13.7,97020,4.00,5.00,8.00,9.00,0.0217,0
2023-05-06 12:57:08,1683392228,26.8,13.7,97071,1.00,5.00,7.00,9.00,0.0215,0
2023-05-06 13:14:50,1683393290,27.0,13.3,97000,2.00,12.0,20.0,24.0,0.0183,0
2023-05-06 13:15:27,1683393327,27.0,13.2,97000,1.00,3.00,6.00,7.00,,
2023-05-06 13:29:43,1683394184,26.9,13.3,97000,1e-7,1.00,1.00,1.00,,
2023-05-06 13:34:54,1683394495,27.0,13.2,97000,2.00,2.00,4.00,4.00,,
2023-05-06 13:35:12,1683394513,27.0,13.0,97000,1.00,1.00,2.00,2.00,,
2023-05-06 13:44:47,1683395088,27.1,13.3,97000,1.00,2.00,3.00,4.00,,
2023-05-06 13:47:51,1683395271,27.1,13.6,97000,1.00,2.00,3.00,4.00,0.0387,0
2023-05-06 13:53:52,1683395633,27.4,13.6,97000,1.00,3.00,5.00,6.00,0.00995,0
2023-05-06 14:04:52,1683396292,26.9,13.2,97000,2.00,3.00,4.00,5.00,0.0128,0
2023-05-06 14:09:45,1683396585,26.9,13.2,97000,1.00,2.00,3.00,4.00,0.0128,0
2023-05-06 14:12:11,1683396732,27.0,13.7,97000,1.00,2.00,3.00,4.00,0.00989,0
2023-05-06 14:24:45,1683397485,27.5,12.9,97000,1.00,4.00,5.00,6.00,0.0107,0
2023-05-06 14:29:00,1683397741,27.5,12.5,97000,1.00,3.00,4.00,4.00,0.0115,0
2023-05-06 14:39:54,1683398395,27.6,12.5,96964,1.00,2.00,3.00,4.00,0.0141,0
2023-05-06 14:44:58,1683398699,27.5,12.5,96989,1.00,2.00,3.00,4.00,0.0115,0
2023-05-06 14:48:02,1683398882,27.5,12.7,97000,1.00,2.00,3.00,4.00,0.00995,0
2023-05-06 14:59:52,1683399592,27.9,12.3,96900,1.00,6.00,10.0,12.0,0.0123,0
2023-05-06 15:14:55,1683400496,27.8,11.9,96900,1.00,2.00,3.00,3.00,0.00655,0
2023-05-06 15:19:45,1683400786,27.8,12.0,96900,1e-7,2.00,3.00,4.00,0.0161,0
2023-05-06 15:24:57,1683401097,28.1,12.2,96900,1.00,2.00,4.00,5.00,0.0161,0
2023-05-06 15:34:56,1683401696,27.7,11.9,96900,1.00,1.00,3.00,3.00,0.0103,0
2023-05-06 15:39:45,1683401985,27.4,12.0,96900,1e-7,1.00,2.00,3.00,0.0109,0
2023-05-06 15:44:38,1683402278,27.4,12.2,96900,2.00,5.00,8.00,9.00,0.0107,0
2023-05-06 15:49:54,1683402594,27.2,12.5,96900,1e-7,1.00,1.00,2.00,0.0101,0
2023-05-06 15:54:46,1683402887,27.2,12.6,96900,1.00,2.00,3.00,4.00,0.0123,0
2023-05-06 15:59:58,1683403198,27.3,12.6,96900,1.00,1.00,2.00,2.00,0.0142,0
2023-05-06 16:03:00,1683403381,27.4,12.3,96900,1.00,4.00,6.00,7.00,0.0198,0
2023-05-06 16:11:47,1683403908,27.2,12.1,96900,1.00,1.00,1.00,1.00,0.0120,0
2023-05-06 16:19:41,1683404382,27.2,12.0,96900,1.00,4.00,7.00,8.00,0.0292,0
2023-05-06 16:20:54,1683404455,27.2,12.2,96900,1.00,2.00,3.00,3.00,0.0283,0
2023-05-06 16:29:57,1683404997,27.4,12.3,96900,1.00,3.00,6.00,7.00,0.0110,0
2023-05-06 16:34:13,1683405254,27.6,12.1,96893,1e-7,2.00,4.00,4.00,0.0118,0
2023-05-06 16:49:54,1683406194,27.9,11.8,96850,1.00,2.00,3.00,4.00,0.0173,0
2023-05-06 16:54:47,1683406487,28.0,11.5,96800,2.00,3.00,6.00,7.00,0.0134,0
2023-05-06 16:59:58,1683406799,27.9,11.4,96800,1.00,6.00,9.00,11.0,0.0240,0
2023-05-06 17:04:56,1683407097,27.6,11.4,96800,1.00,3.00,6.00,7.00,0.0146,0
2023-05-06 17:09:49,1683407390,27.3,11.7,96800,1.00,2.00,3.00,4.00,0.0173,0
2023-05-06 17:14:43,1683407683,27.5,11.8,96800,1.00,3.00,6.00,7.00,0.0316,0
2023-05-06 17:15:38,1683407738,27.7,11.8,96800,1.00,2.00,3.00,4.00,0.00995,0
2023-05-06 17:44:49,1683409489,28.3,11.5,96800,1.00,4.00,7.00,9.00,,
2023-05-06 17:49:47,1683409788,28.4,11.6,96800,1.00,3.00,6.00,7.00,,
2023-05-06 17:53:44,1683410025,28.5,11.6,96800,1.00,2.00,3.00,4.00,,
2023-05-06 18:09:49,1683410990,28.3,11.4,96800,1.00,3.00,6.00,7.00,0.0178,0
2023-05-06 18:14:42,1683411283,28.3,11.4,96800,1.00,3.00,5.00,6.00,0.0132,0
2023-05-06 18:19:53,1683411594,28.2,11.3,96800,1.00,3.00,5.00,5.00,0.0132,0
2023-05-06 18:20:30,1683411631,28.2,11.3,96800,1e-7,1.00,3.00,3.00,0.0102,0
2023-05-06 18:34:45,1683412486,27.3,11.6,96800,2.00,2.00,4.00,4.00,0.0105,0
2023-05-06 18:38:44,1683412725,26.8,11.8,96800,1.00,2.00,4.00,4.00,0.0109,0
2023-05-06 18:54:42,1683413683,25.4,12.8,96800,1.00,3.00,6.00,7.00,0.0122,0
2023-05-06 18:59:55,1683413995,25.1,13.0,96800,2.00,5.00,7.00,8.00,0.0122,0
2023-05-06 19:04:50,1683414291,24.7,13.2,96800,1.00,4.00,6.00,8.00,0.0127,0
2023-05-06 19:06:59,1683414420,24.5,13.5,96800,1.00,2.00,3.00,3.00,0.0104,0
2023-05-06 19:24:43,1683415483,23.8,14.2,96800,1e-7,2.00,4.00,4.00,,
2023-05-06 19:29:57,1683415797,23.7,14.3,96800,1.00,2.00,4.00,4.00,,
2023-05-06 19:34:52,1683416092,23.5,14.6,96800,1.00,5.00,8.00,10.0,,
2023-05-06 19:39:48,1683416388,23.3,14.8,96800,1.00,5.00,9.00,10.0,0.0244,0
2023-05-06 19:44:44,1683416684,23.1,15.1,96800,2.00,2.00,3.00,4.00,0.0403,0
2023-05-06 19:49:58,1683416999,22.9,15.1,96800,1.00,2.00,4.00,4.00,0.0349,0
2023-05-06 19:54:54,1683417295,22.6,15.3,96800,2.00,4.00,5.00,6.00,0.0109,0
2023-05-06 19:59:50,1683417591,22.4,15.5,96800,1.00,2.00,3.00,3.00,0.0139,0
2023-05-06 20:04:47,1683417887,22.2,15.6,96800,1.00,3.00,5.00,7.00,0.0126,0
2023-05-06 20:09:43,1683418184,22.0,15.9,96800,1.00,2.00,4.00,4.00,0.0126,0
2023-05-06 20:14:58,1683418499,21.8,16.3,96800,1.00,2.00,4.00,4.00,0.0110,0
2023-05-06 20:19:55,1683418795,21.6,16.3,96800,1.00,3.00,5.00,6.00,0.0114,0
2023-05-06 20:24:51,1683419092,21.4,16.4,96800,1.00,2.00,4.00,4.00,0.0148,0
2023-05-06 20:29:48,1683419389,21.2,16.4,96800,2.00,6.00,9.00,10.0,0.0190,0
2023-05-06 20:34:45,1683419686,20.9,16.6,96825,1.00,2.00,3.00,4.00,0.0190,0
2023-05-06 20:39:42,1683419983,20.7,16.8,96900,1.00,2.00,4.00,4.00,0.0151,0
2023-05-06 20:44:58,1683420298,20.5,16.9,96900,2.00,6.00,9.00,11.0,0.00995,0
2023-05-06 20:49:55,1683420596,20.3,17.2,96900,1.00,3.00,6.00,7.00,0.0172,0
2023-05-06 20:54:52,1683420893,20.1,17.4,96900,1.00,4.00,7.00,8.00,0.0226,0
2023-05-06 20:59:50,1683421190,20.0,17.5,96900,1.00,2.00,4.00,4.00,0.0146,0
2023-05-06 21:04:47,1683421488,19.8,17.8,96900,1e-7,1e-7,1e-7,1e-7,0.0179,0
2023-05-06 21:09:45,1683421786,19.6,17.9,96900,1.00,3.00,4.00,5.00,0.0165,0
2023-05-06 21:14:43,1683422083,19.4,18.2,96900,1.00,1.00,3.00,3.00,0.0105,0
2023-05-06 21:19:59,1683422399,19.2,18.4,96900,1.00,2.00,3.00,4.00,0.0102,0
2023-05-06 21:24:56,1683422697,19.0,18.6,96900,1.00,1.00,3.00,3.00,0.0102,0
2023-05-06 21:29:54,1683422994,18.8,18.8,96900,1.00,2.00,4.00,4.00,0.00995,0
2023-05-06 21:34:52,1683423292,18.6,18.9,96900,1.00,4.00,6.00,7.00,0.0125,0
2023-05-06 21:39:50,1683423590,18.5,19.1,96900,1.00,3.00,5.00,6.00,0.0133,0
2023-05-06 21:44:48,1683423889,18.3,19.3,96900,1e-7,2.00,4.00,4.00,0.0125,0
2023-05-06 21:49:46,1683424187,18.2,19.5,96900,1e-7,2.00,4.00,4.00,0.0124,0
2023-05-06 21:54:45,1683424485,18.0,19.6,96900,1.00,3.00,6.00,7.00,0.0108,0
2023-05-06 21:59:43,1683424784,17.8,19.8,96900,1e-7,1.00,3.00,3.00,0.0107,0
2023-05-06 22:04:41,1683425082,17.7,20.1,96900,1e-7,2.00,3.00,4.00,0.0128,0
2023-05-06 22:09:59,1683425399,17.5,20.4,96900,1e-7,2.00,3.00,4.00,0.00995,0
2023-05-06 22:14:57,1683425698,17.4,20.7,96900,1.00,2.00,3.00,3.00,0.00995,0
2023-05-06 22:19:56,1683425996,17.3,20.9,96900,1.00,2.00,4.00,4.00,0.00995,0
2023-05-06 22:24:55,1683426295,17.2,21.1,96900,1e-7,1e-7,1e-7,1e-7,0.00995,0
2023-05-06 22:29:53,1683426594,17.1,21.4,96900,1.00,1.00,3.00,3.00,0.00995,0
2023-05-06 22:34:52,1683426893,17.0,21.4,96900,1e-7,2.00,3.00,4.00,0.00995,0
2023-05-06 22:39:51,1683427191,17.0,21.6,96900,1e-7,4.00,7.00,8.00,0.0158,0
2023-05-06 22:44:50,1683427490,16.9,21.9,96888,1e-7,2.00,3.00,4.00,0.0158,0
2023-05-06 22:49:49,1683427789,16.9,21.9,96856,1e-7,2.00,4.00,5.00,0.0158,0
2023-05-06 22:54:48,1683428088,16.8,21.9,96819,1e-7,1.00,3.00,3.00,0.0113,0
2023-05-06 22:59:47,1683428387,16.7,22.0,96800,1e-7,1.00,3.00,3.00,0.0102,0
2023-05-06 23:04:45,1683428686,16.7,22.1,96856,1e-7,2.00,3.00,4.00,0.00995,0
2023-05-06 23:09:44,1683428985,16.6,22.4,96863,1e-7,2.00,3.00,4.00,0.00995,0
2023-05-06 23:14:43,1683429284,16.5,22.3,96844,1e-7,2.00,4.00,4.00,0.00995,0
2023-05-06 23:19:42,1683429583,16.4,22.5,96800,1e-7,2.00,4.00,4.00,0.00995,0
2023-05-06 23:23:06,1683429786,16.3,22.6,96800,1e-7,2.00,3.00,4.00,0.00995,0
2023-05-06 23:29:43,1683430184,16.1,22.8,96850,1.00,2.00,3.00,4.00,0.00995,0
2023-05-06 23:34:42,1683430483,16.0,23.1,96825,1.00,3.00,6.00,7.00,0.0106,0
2023-05-06 23:39:42,1683430782,15.9,23.3,96850,1.00,1.00,3.00,3.00,0.0124,0
2023-05-06 23:44:41,1683431081,15.8,23.5,96856,1e-7,1.00,3.00,3.00,0.0110,0
2023-05-06 23:49:59,1683431399,15.7,23.6,96812,1.00,1.00,3.00,3.00,0.00995,0
2023-05-06 23:54:58,1683431699,15.6,23.7,96800,1.00,1.00,2.00,2.00,0.00995,0
2023-05-06 23:59:58,1683431998,15.6,23.8,96800,1e-7,2.00,3.00,4.00,0.00995,0
2023-05-07 00:04:57,1683432298,15.5,23.8,96800,1e-7,1.00,3.00,3.00,0.00995,0
2023-05-07 00:09:57,1683432597,15.4,24.1,96800,1e-7,2.00,3.00,4.00,0.00995,0
2023-05-07 00:14:56,1683432897,15.3,24.2,96800,1.00,3.00,6.00,7.00,0.0136,0
2023-05-07 00:19:56,1683433196,15.2,24.4,96800,1.00,2.00,4.00,4.00,0.0136,0
2023-05-07 00:24:55,1683433496,15.1,24.6,96800,1e-7,2.00,3.00,4.00,0.0136,0
2023-05-07 00:29:55,1683433795,15.0,24.6,96800,1.00,1.00,1.00,1.00,0.0114,0
2023-05-07 00:34:54,1683434095,15.0,24.7,96800,1.00,3.00,6.00,7.00,0.0128,0
2023-05-07 00:39:54,1683434394,14.9,24.8,96800,1.00,1.00,3.00,3.00,0.0136,0
2023-05-07 00:44:54,1683434694,14.8,24.9,96800,1.00,2.00,3.00,4.00,0.0133,0
2023-05-07 00:49:53,1683434994,14.8,25.0,96800,1.00,3.00,5.00,6.00,0.0138,0
2023-05-07 00:54:53,1683435293,14.9,24.8,96800,1.00,4.00,8.00,9.00,0.0182,0
2023-05-07 00:59:52,1683435593,15.0,24.7,96800,1.00,2.00,3.00,4.00,0.0193,0
2023-05-07 01:04:52,1683435892,15.2,24.6,96800,2.00,3.00,5.00,6.00,0.0255,0
2023-05-07 01:09:51,1683436192,15.2,24.6,96800,2.00,4.00,8.00,9.00,0.0319,0
2023-05-07 01:14:51,1683436491,15.3,24.6,96800,1.00,4.00,6.00,7.00,0.0319,0
2023-05-07 01:19:50,1683436791,15.3,24.4,96800,1.00,4.00,7.00,8.00,0.0229,0
2023-05-07 01:24:50,1683437090,15.2,24.6,96800,1.00,2.00,3.00,4.00,0.0154,0
2023-05-07 01:29:49,1683437390,15.0,24.6,96800,1.00,3.00,6.00,7.00,0.0131,0
2023-05-07 01:34:49,1683437689,14.9,24.8,96800,1.00,2.00,4.00,4.00,0.0139,0
2023-05-07 01:39:48,1683437989,14.7,24.9,96800,3.00,4.00,6.00,7.00,0.0117,0
2023-05-07 01:44:48,1683438288,14.6,25.0,96800,1.00,3.00,6.00,7.00,0.0119,0
2023-05-07 01:49:48,1683438588,14.6,25.0,96800,1.00,2.00,4.00,4.00,0.0119,0
2023-05-07 01:54:47,1683438888,14.6,25.3,96800,1.00,2.00,3.00,4.00,0.0139,0
2023-05-07 01:59:47,1683439188,14.6,25.2,96800,2.00,4.00,7.00,9.00,0.0145,0
2023-05-07 02:04:47,1683439487,14.5,25.2,96800,2.00,3.00,5.00,6.00,0.0145,0
2023-05-07 02:09:46,1683439787,14.5,25.4,96800,2.00,3.00,5.00,5.00,0.0133,0
2023-05-07 02:14:46,1683440087,14.5,25.2,96800,1.00,4.00,7.00,8.00,0.0115,0
2023-05-07 02:19:46,1683440387,14.4,25.3,96800,1.00,2.00,4.00,4.00,0.0139,0
2023-05-07 02:24:46,1683440686,14.4,25.3,96800,1.00,2.00,3.00,4.00,0.0138,0
2023-05-07 02:29:46,1683440986,14.4,25.3,96800,1.00,2.00,3.00,4.00,0.0138,0
2023-05-07 02:34:45,1683441286,14.4,25.3,96800,1.00,2.00,3.00,4.00,0.00995,0
2023-05-07 02:39:45,1683441586,14.4,25.3,96800,1.00,4.00,6.00,8.00,0.0143,0
2023-05-07 02:44:45,1683441886,14.3,25.3,96800,1.00,2.00,3.00,4.00,0.0136,0
2023-05-07 02:49:45,1683442185,14.2,25.5,96800,1.00,2.00,3.00,3.00,0.0138,0
2023-05-07 02:54:45,1683442485,14.1,25.9,96800,1.00,1.00,2.00,3.00,0.00995,0
2023-05-07 02:59:45,1683442785,14.1,25.9,96800,1.00,2.00,4.00,4.00,0.00995,0
2023-05-07 03:04:45,1683443085,14.1,26.1,96800,1.00,3.00,5.00,6.00,0.0126,0
2023-05-07 03:09:45,1683443385,14.1,26.2,96800,1.00,1.00,3.00,3.00,0.0113,0
2023-05-07 03:14:45,1683443685,14.1,26.3,96800,2.00,5.00,8.00,10.0,0.0133,0
2023-05-07 03:19:45,1683443985,14.1,26.1,96800,1e-7,4.00,7.00,8.00,0.0158,0
2023-05-07 03:24:45,1683444285,14.1,26.5,96800,1.00,3.00,6.00,7.00,0.0166,0
2023-05-07 03:29:45,1683444586,14.0,26.3,96800,1.00,2.00,4.00,5.00,0.0184,0
2023-05-07 03:34:45,1683444886,13.9,26.6,96800,1.00,1.00,3.00,3.00,0.0140,0
2023-05-07 03:39:45,1683445186,13.8,26.6,96800,1.00,4.00,7.00,8.00,0.0142,0
2023-05-07 03:44:45,1683445486,13.7,26.6,96800,1.00,2.00,3.00,4.00,0.0142,0
2023-05-07 03:49:46,1683445786,13.7,26.9,96800,1.00,2.00,3.00,4.00,0.0127,0
2023-05-07 03:54:46,1683446086,13.6,27.0,96800,1.00,6.00,11.0,13.0,0.0201,0
2023-05-07 03:59:46,1683446386,13.5,27.1,96800,2.00,7.00,11.0,13.0,0.0455,0
2023-05-07 04:04:46,1683446687,13.4,27.3,96800,1.00,2.00,3.00,4.00,0.0310,0
2023-05-07 04:09:47,1683446987,13.4,27.5,96800,1e-7,2.00,4.00,4.00,0.0261,0
2023-05-07 04:14:47,1683447287,13.3,27.6,96800,1e-7,2.00,3.00,4.00,0.00995,0
2023-05-07 04:19:47,1683447588,13.2,27.7,96800,3.00,4.00,4.00,5.00,0.0103,0
2023-05-07 04:24:47,1683447888,13.2,27.8,96800,1.00,1.00,3.00,3.00,0.0124,0
2023-05-07 04:29:48,1683448188,13.1,27.8,96756,1.00,2.00,4.00,5.00,0.0117,0
2023-05-07 04:34:48,1683448488,13.1,27.8,96700,1.00,2.00,3.00,4.00,0.0105,0
2023-05-07 04:39:48,1683448789,13.0,27.8,96700,1e-7,2.00,4.00,4.00,0.0106,0
2023-05-07 04:44:49,1683449089,13.0,27.7,96700,1.00,2.00,3.00,4.00,0.00995,0
2023-05-07 04:49:49,1683449389,13.0,27.8,96700,1.00,4.00,8.00,9.00,0.0131,0
2023-05-07 04:54:49,1683449690,13.0,27.7,96700,1e-7,4.00,7.00,8.00,0.0169,0
2023-05-07 04:59:50,1683449990,12.9,28.0,96700,1.00,4.00,7.00,9.00,0.0209,0
2023-05-07 05:04:50,1683450291,12.9,27.9,96700,1.00,2.00,3.00,4.00,0.0215,0
2023-05-07 05:09:51,1683450591,12.8,28.3,96700,1.00,2.00,3.00,4.00,0.0215,0
2023-05-07 05:14:51,1683450892,12.6,28.5,96700,1.00,3.00,6.00,7.00,0.0141,0
2023-05-07 05:19:52,1683451192,12.5,28.7,96700,1e-7,2.00,4.00,4.00,0.0142,0
2023-05-07 05:24:51,1683451492,12.4,28.8,96700,1.00,1.00,3.00,3.00,0.0131,0
2023-05-07 05:29:52,1683451793,12.4,28.7,96700,1e-7,2.00,4.00,4.00,0.00995,0
2023-05-07 05:34:53,1683452093,12.3,28.9,96700,1.00,6.00,10.0,12.0,0.0154,0
2023-05-07 05:39:53,1683452394,12.3,28.6,96700,1e-7,2.00,4.00,4.00,0.0187,0
2023-05-07 05:44:54,1683452694,12.2,28.7,96700,1.00,3.00,4.00,5.00,0.0116,0
2023-05-07 05:49:55,1683452995,12.1,28.8,96700,1.00,2.00,4.00,5.00,0.0110,0
2023-05-07 05:53:21,1683453202,12.1,28.9,96700,1e-7,1.00,3.00,3.00,0.0101,0
2023-05-07 12:16:43,1683476204,24.2,16.3,96300,1e-7,1e-7,1e-7,1e-7,0.0101,0
2023-05-07 12:34:48,1683477288,24.3,15.2,96300,1e-7,1e-7,1e-7,1e-7,,
2023-05-07 12:35:25,1683477325,24.3,15.3,96300,1e-7,1.00,3.00,3.00,,
2023-05-07 12:44:43,1683477883,24.4,15.3,96200,1.00,7.00,12.0,14.0,,
2023-05-07 12:49:56,1683478197,24.5,15.0,96200,2.00,6.00,9.00,11.0,,
2023-05-07 12:54:51,1683478491,24.5,15.3,96200,3.00,4.00,4.00,5.00,0.0226,0
2023-05-07 12:55:09,1683478509,24.5,15.5,96200,1e-7,1e-7,1e-7,1e-7,0.0226,0
2023-05-07 13:04:56,1683479096,24.7,15.4,96200,1.00,2.00,3.00,4.00,0.0263,0
2023-05-07 13:09:50,1683479391,24.8,15.3,96200,1.00,6.00,10.0,12.0,0.0341,0
2023-05-07 13:12:18,1683479538,24.8,15.1,96200,1.00,2.00,4.00,4.00,0.0218,0
2023-05-07 13:24:53,1683480293,25.5,15.0,96200,1e-7,1e-7,1e-7,1e-7,0.0245,0
2023-05-07 13:29:47,1683480588,25.5,14.6,96200,4.00,15.0,24.0,28.0,0.0247,0
2023-05-07 13:32:14,1683480734,25.6,14.6,96200,1.00,2.00,4.00,5.00,0.0120,0
2023-05-07 13:39:54,1683481194,25.5,14.1,96200,1.00,1.00,2.00,2.00,0.0117,0
2023-05-07 13:44:48,1683481489,25.5,13.9,96200,1.00,4.00,7.00,8.00,0.0340,0
2023-05-07 13:49:24,1683481765,25.3,13.6,96200,1.00,4.00,5.00,6.00,0.0320,0
2023-05-07 13:59:57,1683482397,25.2,14.3,96108,1.00,3.00,5.00,6.00,0.0110,0
2023-05-07 14:04:51,1683482692,25.3,14.0,96100,1.00,1.00,3.00,3.00,0.0106,0
2023-05-07 14:08:32,1683482912,25.4,14.1,96100,1.00,2.00,3.00,3.00,0.0119,0
2023-05-07 14:19:47,1683483587,25.7,14.2,96100,1.00,3.00,6.00,7.00,0.0150,0
2023-05-07 14:24:59,1683483900,25.8,14.3,96100,1.00,2.00,4.00,4.00,0.0150,0
2023-05-07 14:27:44,1683484064,25.8,14.1,96100,1.00,2.00,3.00,4.00,0.0131,0
2023-05-07 15:03:35,1683486215,26.0,13.9,96100,1.00,4.00,8.00,9.00,,
2023-05-07 15:14:45,1683486886,25.8,13.8,96000,1.00,2.00,4.00,4.00,,
2023-05-07 15:19:58,1683487198,25.6,13.7,96000,1.00,4.00,8.00,9.00,,
2023-05-07 15:21:48,1683487309,25.4,13.9,96000,1.00,2.00,4.00,4.00,,
2023-05-07 15:29:46,1683487787,25.2,14.3,96000,1.00,2.00,4.00,5.00,0.00995,0
2023-05-07 15:34:59,1683488099,25.4,14.4,96000,1.00,3.00,6.00,7.00,0.00995,0
2023-05-07 15:39:53,1683488393,25.5,14.4,96000,2.00,3.00,4.00,4.00,0.0142,0
2023-05-07 15:41:42,1683488503,25.7,14.5,96000,1.00,1.00,1.00,1.00,0.0144,0
2023-05-07 15:49:56,1683488996,25.5,13.8,96000,1e-7,1.00,3.00,3.00,0.0150,0
2023-05-07 15:54:50,1683489291,25.1,14.0,96000,1.00,4.00,7.00,8.00,0.0150,0
2023-05-07 15:59:44,1683489585,24.7,14.3,95994,1.00,3.00,5.00,6.00,0.0159,0
2023-05-07 16:00:02,1683489603,24.5,14.3,96000,1.00,1.00,1.00,1.00,0.0120,0
2023-05-07 16:09:42,1683490183,24.2,15.0,96000,1.00,2.00,3.00,4.00,0.0124,0
2023-05-07 16:13:40,1683490421,24.4,15.0,96000,1.00,2.00,4.00,5.00,0.0129,0
2023-05-07 16:18:44,1683490725,24.5,15.1,96000,1.00,2.00,3.00,3.00,0.0108,0
2023-05-07 16:29:45,1683491385,25.1,14.5,96000,1.00,4.00,6.00,7.00,0.0121,0
2023-05-07 16:34:57,1683491698,25.2,13.9,95941,1.00,2.00,3.00,3.00,0.0132,0
2023-05-07 16:35:53,1683491753,25.1,14.0,95900,1.00,3.00,5.00,6.00,0.0132,0
2023-05-07 16:44:52,1683492292,25.2,14.6,95900,1e-7,1e-7,1e-7,1e-7,0.0130,0
2023-05-07 16:49:46,1683492587,25.3,14.3,95900,2.00,5.00,7.00,8.00,0.0116,0
2023-05-07 16:54:59,1683492899,25.3,14.1,95900,3.00,4.00,6.00,7.00,0.0230,0
2023-05-07 16:55:35,1683492935,25.2,14.2,95900,1.00,1.00,2.00,2.00,0.0195,0
2023-05-07 17:04:45,1683493485,25.1,14.0,95900,1e-7,1.00,3.00,3.00,0.0215,0
2023-05-07 17:09:57,1683493798,25.2,14.1,95900,1.00,1.00,3.00,3.00,0.0271,0
2023-05-07 17:13:01,1683493981,25.1,14.1,95900,1.00,6.00,11.0,13.0,0.0169,0
2023-05-07 17:19:50,1683494391,24.9,13.9,95900,1e-7,1e-7,1e-7,1e-7,0.00738,0
2023-05-07 17:24:45,1683494685,24.8,13.9,95900,2.00,6.00,11.0,13.0,0.0318,0
2023-05-07 17:29:58,1683494998,24.8,13.8,95900,2.00,5.00,7.00,8.00,0.0432,0
2023-05-07 17:31:30,1683495090,24.8,13.9,95900,1.00,4.00,7.00,8.00,0.0179,0
2023-05-07 17:39:49,1683495590,25.1,13.7,95900,3.00,5.00,7.00,8.00,0.0280,0
2023-05-07 17:44:43,1683495884,25.1,13.6,95900,2.00,4.00,8.00,9.00,0.0128,0
2023-05-07 17:49:56,1683496196,25.1,13.7,95900,1.00,3.00,5.00,7.00,0.0441,0
2023-05-07 17:54:42,1683496482,25.1,13.5,95900,1.00,4.00,6.00,7.00,0.0232,0
2023-05-07 17:59:55,1683496795,24.6,13.4,95900,1.00,2.00,3.00,4.00,0.0187,0
2023-05-07 18:04:50,1683497090,24.2,13.9,95900,1.00,3.00,6.00,7.00,0.0129,0
2023-05-07 18:08:31,1683497311,24.2,14.3,95900,1.00,2.00,4.00,4.00,0.0118,0
2023-05-07 18:29:46,1683498586,24.1,14.0,95900,1.00,4.00,7.00,8.00,,
2023-05-07 18:34:41,1683498882,23.6,14.0,95900,1.00,3.00,5.00,6.00,,
2023-05-07 18:39:55,1683499196,23.0,14.6,95900,1.00,4.00,8.00,9.00,,
2023-05-07 18:44:51,1683499492,22.5,15.0,95900,2.00,3.00,6.00,7.00,0.0194,0
2023-05-07 18:49:47,1683499788,22.1,15.4,95900,2.00,4.00,7.00,8.00,0.0253,0
2023-05-07 18:54:44,1683500084,21.7,15.8,95900,5.00,8.00,11.0,12.0,0.0241,0
2023-05-07 18:59:59,1683500399,21.4,15.6,95900,5.00,10.0,14.0,16.0,0.0190,0
2023-05-07 19:04:55,1683500696,21.0,15.9,95900,1.00,4.00,7.00,8.00,0.0359,0
2023-05-07 19:09:52,1683500993,20.7,16.7,95900,2.00,5.00,7.00,8.00,0.0239,0
2023-05-07 19:14:49,1683501290,20.4,16.9,95900,1.00,4.00,7.00,8.00,0.0335,0
2023-05-07 19:19:46,1683501587,20.2,17.2,95900,1.00,4.00,7.00,9.00,0.0274,0
2023-05-07 19:24:43,1683501884,20.1,17.3,95900,1.00,6.00,9.00,11.0,0.0174,0
2023-05-07 19:29:59,1683502200,19.9,17.6,95900,2.00,4.00,6.00,6.00,0.0218,0
2023-05-07 19:34:57,1683502497,19.7,17.7,95900,1.00,4.00,8.00,9.00,0.0320,0
2023-05-07 19:39:54,1683502794,19.5,18.0,95900,1.00,3.00,4.00,4.00,0.0152,0
2023-05-07 19:44:52,1683503092,19.4,18.1,95900,1.00,1.00,3.00,3.00,0.0133,0
2023-05-07 19:49:50,1683503390,19.2,18.3,95900,1.00,7.00,12.0,14.0,0.0187,0
2023-05-07 19:54:47,1683503688,19.0,18.4,95900,1.00,3.00,4.00,4.00,0.0237,0
2023-05-07 19:59:45,1683503986,18.8,18.5,95900,3.00,5.00,8.00,10.0,0.0228,0
2023-05-07 20:04:43,1683504283,18.6,18.5,95900,2.00,7.00,11.0,13.0,0.0203,0
2023-05-07 20:09:59,1683504600,18.4,18.6,95900,1.00,2.00,4.00,4.00,0.0138,0
2023-05-07 20:14:57,1683504898,18.3,18.7,95900,2.00,7.00,11.0,13.0,0.0197,0
2023-05-07 20:19:55,1683505196,18.2,18.6,95900,1.00,2.00,4.00,4.00,0.0197,0
2023-05-07 20:24:53,1683505494,18.1,18.7,95900,1.00,3.00,6.00,7.00,0.0197,0
2023-05-07 20:29:52,1683505792,18.0,18.8,95900,1.00,2.00,3.00,4.00,0.0193,0
2023-05-07 20:34:50,1683506090,17.9,18.9,95900,2.00,2.00,4.00,4.00,0.0146,0
2023-05-07 20:39:48,1683506389,17.8,19.0,95900,1.00,4.00,6.00,7.00,0.0100,0
2023-05-07 20:44:47,1683506687,17.7,18.9,95994,1.00,2.00,4.00,4.00,0.0115,0
2023-05-07 20:49:45,1683506985,17.6,19.1,96000,2.00,9.00,14.0,16.0,0.0148,0
2023-05-07 20:54:43,1683507284,17.5,19.1,96000,1.00,2.00,4.00,4.00,0.0195,0
2023-05-07 20:59:42,1683507582,17.4,19.2,96000,1.00,2.00,3.00,4.00,0.0145,0
2023-05-07 21:04:59,1683507899,17.3,19.3,96000,1e-7,2.00,4.00,5.00,0.0145,0
2023-05-07 21:09:57,1683508198,17.2,19.4,96000,2.00,6.00,10.0,12.0,0.0171,0
2023-05-07 21:14:56,1683508497,17.1,19.5,96000,1.00,2.00,4.00,4.00,0.0257,0
2023-05-07 21:19:55,1683508795,16.9,19.5,96000,1.00,3.00,6.00,7.00,0.0223,0
2023-05-07 21:24:53,1683509094,16.8,19.8,96000,1e-7,2.00,4.00,4.00,0.0129,0
2023-05-07 21:29:52,1683509393,16.6,19.8,96000,1.00,3.00,6.00,7.00,0.0119,0
2023-05-07 21:34:51,1683509692,16.5,20.0,96000,1.00,2.00,3.00,4.00,0.0157,0
2023-05-07 21:39:50,1683509991,16.4,20.1,96000,1.00,3.00,6.00,7.00,0.0156,0
2023-05-07 21:44:49,1683510290,16.3,20.2,96000,1.00,3.00,5.00,6.00,0.0135,0
2023-05-07 21:49:48,1683510589,16.2,20.3,96000,1.00,3.00,4.00,4.00,0.0122,0
2023-05-07 21:54:47,1683510887,16.2,20.5,96000,1e-7,4.00,7.00,9.00,0.0143,0
2023-05-07 21:59:46,1683511187,16.1,20.3,96000,1e-7,1.00,3.00,3.00,0.0154,0
2023-05-07 22:04:45,1683511486,16.0,20.5,96000,1e-7,2.00,3.00,4.00,0.0154,0
2023-05-07 22:09:44,1683511785,15.8,20.7,96000,1e-7,1.00,3.00,3.00,0.00995,0
2023-05-07 22:14:44,1683512084,15.7,20.8,96000,1e-7,2.00,4.00,5.00,0.0102,0
2023-05-07 22:19:43,1683512383,15.5,21.2,96000,1e-7,1.00,3.00,3.00,0.0101,0
2023-05-07 22:24:42,1683512682,15.3,21.3,96000,1.00,4.00,7.00,8.00,0.0135,0
2023-05-07 22:29:41,1683512982,15.3,21.4,96000,1e-7,1.00,3.00,3.00,0.0150,0
2023-05-07 22:34:59,1683513300,15.3,21.5,96000,1e-7,2.00,4.00,4.00,0.0139,0
2023-05-07 22:39:59,1683513599,15.2,21.7,96000,1.00,1.00,3.00,3.00,0.00995,0
2023-05-07 22:44:58,1683513899,15.2,21.7,96000,2.00,2.00,4.00,4.00,0.00995,0
2023-05-07 22:49:58,1683514198,15.2,22.0,95994,1.00,2.00,4.00,5.00,0.0101,0
2023-05-07 22:54:57,1683514498,15.1,21.9,96000,1e-7,2.00,4.00,4.00,0.0104,0
2023-05-07 22:59:57,1683514797,15.1,22.0,96000,1.00,3.00,6.00,7.00,0.0103,0
2023-05-07 23:04:56,1683515097,15.2,22.0,96000,1.00,1.00,2.00,2.00,0.0127,0
2023-05-07 23:09:56,1683515396,15.2,22.3,96000,1.00,1.00,3.00,3.00,0.0127,0
2023-05-07 23:14:55,1683515696,15.2,22.0,96000,1.00,2.00,3.00,4.00,0.0121,0
2023-05-07 23:19:55,1683515995,15.2,21.9,96000,1.00,6.00,10.0,12.0,0.0246,0
2023-05-07 23:24:54,1683516295,15.1,22.1,96000,1e-7,1e-7,1e-7,1e-7,0.0299,0
2023-05-07 23:29:54,1683516594,14.9,22.3,96000,1.00,3.00,5.00,6.00,0.0349,0
2023-05-07 23:34:53,1683516894,14.8,22.4,96000,1.00,2.00,3.00,4.00,0.0161,0
2023-05-07 23:39:53,1683517193,14.6,22.5,96000,1.00,1.00,3.00,3.00,0.0112,0
2023-05-07 23:44:53,1683517493,14.5,22.6,96000,1.00,4.00,7.00,8.00,0.0151,0
2023-05-07 23:49:53,1683517793,14.4,22.7,96000,1.00,4.00,7.00,8.00,0.0189,0
2023-05-07 23:54:52,1683518093,14.3,22.8,96000,1.00,2.00,3.00,4.00,0.0168,0
2023-05-07 23:59:52,1683518393,14.3,22.9,96000,1.00,5.00,9.00,11.0,0.0130,0
2023-05-08 00:04:52,1683518693,14.3,23.1,96000,1.00,4.00,7.00,9.00,0.0278,0
2023-05-08 00:09:52,1683518992,14.3,23.1,96000,1.00,2.00,3.00,4.00,0.0176,0
2023-05-08 00:14:52,1683519292,14.3,23.0,96000,1.00,2.00,3.00,4.00,0.0155,0
2023-05-08 00:19:52,1683519592,14.2,22.9,96000,1.00,2.00,3.00,4.00,0.00995,0
2023-05-08 00:24:51,1683519892,14.1,23.1,96000,1.00,3.00,6.00,7.00,0.0105,0
2023-05-08 00:29:51,1683520192,14.0,23.0,96000,1.00,3.00,5.00,7.00,0.0122,0
2023-05-08 00:34:51,1683520492,13.8,23.1,96000,1.00,1.00,3.00,3.00,0.0133,0
2023-05-08 00:39:51,1683520792,13.7,23.2,96000,1.00,2.00,4.00,4.00,0.0139,0
2023-05-08 00:44:52,1683521092,13.6,23.2,96000,2.00,4.00,5.00,5.00,0.0114,0
2023-05-08 00:49:52,1683521392,13.4,23.3,96000,1e-7,2.00,4.00,4.00,0.0113,0
2023-05-08 00:54:52,1683521693,13.3,23.6,96000,1e-7,2.00,3.00,4.00,0.0109,0
2023-05-08 00:59:53,1683521993,13.0,23.7,96000,1e-7,5.00,8.00,10.0,0.0152,0
2023-05-08 01:04:53,1683522293,12.8,24.2,96000,1e-7,1.00,3.00,3.00,0.0185,0
2023-05-08 01:09:53,1683522594,12.6,24.6,96000,1.00,4.00,8.00,9.00,0.0193,0
2023-05-08 01:14:54,1683522894,12.7,24.4,96000,1.00,2.00,4.00,4.00,0.0231,0
2023-05-08 01:19:54,1683523195,12.7,24.6,96000,1.00,1.00,3.00,3.00,0.0167,0
2023-05-08 01:24:55,1683523495,12.6,24.6,96000,1.00,1.00,2.00,3.00,0.0186,0
2023-05-08 01:29:55,1683523796,12.5,24.7,96000,2.00,5.00,7.00,8.00,0.0106,0
2023-05-08 01:34:56,1683524097,12.4,24.7,96000,1.00,2.00,3.00,4.00,0.0184,0
2023-05-08 01:39:57,1683524397,12.3,24.8,96000,2.00,5.00,7.00,8.00,0.0116,0
2023-05-08 01:44:57,1683524698,12.2,25.0,96000,1.00,2.00,4.00,5.00,0.0140,0
2023-05-08 01:49:58,1683524999,12.0,25.1,96000,1e-7,2.00,3.00,4.00,0.0144,0
2023-05-08 01:54:59,1683525300,11.8,25.2,96000,1e-7,2.00,3.00,4.00,0.0143,0
2023-05-08 01:59:42,1683525582,11.6,25.2,95933,1.00,2.00,3.00,4.00,0.00995,0
2023-05-08 02:04:43,1683525883,11.5,25.4,95900,1e-7,4.00,8.00,9.00,0.0157,0
2023-05-08 02:09:44,1683526184,11.4,25.5,95975,1.00,2.00,3.00,4.00,0.0159,0
2023-05-08 02:14:45,1683526485,11.4,25.3,95913,3.00,5.00,6.00,7.00,0.0172,0
2023-05-08 02:19:46,1683526786,11.4,25.0,95931,1.00,2.00,4.00,4.00,0.0172,0
2023-05-08 02:24:47,1683527087,11.4,24.8,95925,1.00,3.00,4.00,5.00,0.0122,0
2023-05-08 02:29:48,1683527388,11.3,24.9,95906,1.00,2.00,3.00,4.00,0.0102,0
2023-05-08 02:34:49,1683527689,11.3,24.9,95913,1.00,2.00,4.00,4.00,0.0104,0
2023-05-08 02:39:50,1683527990,11.2,24.9,95900,1.00,3.00,6.00,7.00,0.0115,0
2023-05-08 02:44:51,1683528291,11.1,24.9,95900,1.00,4.00,7.00,9.00,0.0140,0
2023-05-08 02:49:52,1683528592,11.0,24.9,95900,2.00,3.00,5.00,6.00,0.0163,0
2023-05-08 02:54:53,1683528893,11.0,25.0,95900,1.00,4.00,7.00,9.00,0.0206,0
2023-05-08 02:59:54,1683529195,10.9,25.1,95900,1.00,3.00,5.00,6.00,0.0206,0
2023-05-08 03:04:55,1683529496,10.8,25.0,95900,1.00,2.00,3.00,4.00,0.0207,0
2023-05-08 03:09:57,1683529797,10.8,25.1,95906,1.00,2.00,4.00,5.00,0.0207,0
2023-05-08 03:14:58,1683530098,10.7,25.1,95925,1.00,2.00,4.00,4.00,0.0101,0
2023-05-08 03:19:59,1683530400,10.5,25.2,95900,1.00,4.00,7.00,8.00,0.0126,0
2023-05-08 03:24:42,1683530683,10.4,25.4,95907,1.00,2.00,4.00,5.00,0.0136,0
2023-05-08 03:29:44,1683530984,10.2,25.5,95938,1.00,2.00,4.00,5.00,0.0121,0
2023-05-08 03:34:45,1683531286,10.1,25.5,95975,1e-7,2.00,4.00,4.00,0.0110,0
2023-05-08 03:39:47,1683531587,9.93,25.7,96000,1e-7,2.00,4.00,5.00,0.0104,0
2023-05-08 03:44:49,1683531889,9.80,25.9,96000,1.00,4.00,7.00,9.00,0.0131,0
2023-05-08 03:49:50,1683532191,9.66,26.0,96000,1.00,3.00,6.00,7.00,0.0173,0
2023-05-08 03:54:52,1683532492,9.52,26.3,96000,1.00,6.00,10.0,12.0,0.0188,0
2023-05-08 03:59:54,1683532794,9.38,26.4,96000,1e-7,2.00,4.00,4.00,0.0188,0
2023-05-08 04:04:56,1683533096,9.27,26.4,96000,1e-7,2.00,3.00,4.00,0.0139,0
2023-05-08 04:09:58,1683533398,9.15,26.9,96000,1e-7,2.00,4.00,4.00,0.00995,0
2023-05-08 04:14:41,1683533681,9.01,26.9,96000,1.00,2.00,3.00,4.00,0.00995,0
2023-05-08 04:19:43,1683533983,8.88,27.0,96000,1.00,3.00,5.00,7.00,0.0125,0
2023-05-08 04:24:45,1683534286,8.74,27.3,96000,1.00,2.00,4.00,4.00,0.0134,0
2023-05-08 04:29:48,1683534588,8.65,27.5,96000,1e-7,2.00,3.00,4.00,0.0117,0
2023-05-08 04:34:50,1683534890,8.56,27.5,96000,1.00,3.00,6.00,7.00,0.0116,0
2023-05-08 04:39:52,1683535193,8.45,27.7,96000,1.00,2.00,4.00,4.00,0.0172,0
2023-05-08 04:44:55,1683535495,8.35,27.9,96000,1.00,2.00,4.00,4.00,0.0158,0
2023-05-08 04:49:57,1683535797,8.25,27.9,96000,1.00,2.00,3.00,4.00,0.0144,0
2023-05-08 04:54:59,1683536100,8.14,28.1,96000,1.00,2.00,4.00,4.00,0.00995,0
2023-05-08 04:59:43,1683536383,8.05,28.2,96000,1e-7,1.00,3.00,3.00,0.00995,0
2023-05-08 05:04:45,1683536686,7.94,28.4,96000,1e-7,1e-7,1e-7,1e-7,0.00995,0
2023-05-08 05:09:48,1683536988,7.82,28.4,96000,1e-7,1.00,3.00,3.00,0.00995,0
2023-05-08 05:14:50,1683537291,7.71,28.5,96000,1.00,2.00,3.00,4.00,0.00995,0
2023-05-08 05:19:53,1683537593,7.60,28.6,96000,1e-7,4.00,7.00,9.00,0.0111,0
2023-05-08 05:24:55,1683537896,7.44,28.4,96000,1e-7,2.00,3.00,4.00,0.0155,0
2023-05-08 05:29:58,1683538199,7.30,29.0,96000,1.00,2.00,3.00,4.00,0.0155,0
2023-05-08 05:34:42,1683538483,7.16,29.2,96000,1e-7,2.00,4.00,4.00,0.0139,0
2023-05-08 05:39:45,1683538785,7.04,29.1,96000,1.00,2.00,3.00,3.00,0.00995,0
2023-05-08 05:44:48,1683539088,6.99,29.5,96000,1e-7,2.00,3.00,4.00,0.00995,0
2023-05-08 05:47:00,1683539221,7.00,29.5,96000,1e-7,2.00,3.00,4.00,0.00995,0
2023-05-08 12:01:23,1683561683,15.8,16.3,96100,1.00,3.00,5.00,5.00,,
2023-05-08 12:19:50,1683562790,15.7,16.0,96100,1.00,4.00,5.00,6.00,,
2023-05-08 12:24:58,1683563099,15.8,16.0,96113,2.00,2.00,3.00,3.00,,
2023-05-08 12:29:57,1683563397,16.1,15.6,96100,1.00,4.00,6.00,7.00,,
2023-05-08 12:34:55,1683563696,16.1,15.3,96100,1.00,4.00,7.00,8.00,0.0117,0
2023-05-08 12:38:58,1683563938,16.0,15.5,96100,2.00,6.00,9.00,11.0,0.0144,0
2023-05-08 12:54:51,1683564892,15.6,16.3,96100,1.00,3.00,5.00,6.00,0.0109,0
2023-05-08 12:58:53,1683565134,15.8,16.0,96100,2.00,5.00,8.00,9.00,0.0152,0
2023-05-08 13:04:53,1683565494,16.3,15.5,96100,1.00,1.00,1.00,1.00,0.0102,0
2023-05-08 13:09:51,1683565792,16.4,15.2,96100,1.00,5.00,8.00,10.0,0.0127,0
2023-05-08 13:14:50,1683566090,16.5,14.8,96100,1.00,1.00,1.00,2.00,0.0127,0
2023-05-08 13:16:23,1683566184,16.6,15.1,96120,1.00,3.00,6.00,7.00,0.0228,0
2023-05-08 13:29:44,1683566985,16.3,15.4,96100,2.00,5.00,8.00,9.00,0.0278,0
2023-05-08 13:34:42,1683567283,16.5,15.2,96100,1.00,6.00,10.0,12.0,0.0367,0
2023-05-08 13:36:15,1683567375,16.6,15.1,96100,1.00,2.00,3.00,3.00,0.0215,0
2023-05-08 13:44:52,1683567892,16.7,14.6,96100,1.00,1.00,1.00,1.00,0.0162,0
2023-05-08 13:49:50,1683568190,16.7,14.6,96138,1.00,4.00,7.00,9.00,0.0415,0
2023-05-08 13:53:15,1683568395,16.8,14.4,96200,1.00,5.00,8.00,10.0,0.0226,0
2023-05-08 14:04:49,1683569089,16.4,15.1,96200,1.00,3.00,6.00,7.00,0.0318,0
2023-05-08 14:09:47,1683569388,16.4,15.0,96188,1.00,2.00,4.00,4.00,0.0318,0
2023-05-08 14:10:43,1683569444,16.4,15.0,96200,1e-7,1.00,3.00,3.00,0.0142,0
2023-05-08 14:31:17,1683570677,16.3,14.8,96200,1e-7,1e-7,1e-7,1e-7,0.0142,0
2023-05-08 14:44:43,1683571484,15.5,15.7,96200,1.00,3.00,4.00,4.00,,
2023-05-08 14:49:42,1683571782,15.6,15.3,96200,4.00,4.00,7.00,8.00,,
2023-05-08 14:50:01,1683571801,15.7,15.1,96200,1e-7,1e-7,1e-7,1e-7,,
2023-05-08 14:59:59,1683572400,15.5,15.2,96200,1.00,1.00,3.00,3.00,,
2023-05-08 15:04:58,1683572698,15.3,15.4,96200,3.00,4.00,6.00,7.00,0.0121,0
2023-05-08 15:08:05,1683572885,15.2,15.9,96200,2.00,4.00,5.00,6.00,0.0113,0
2023-05-08 15:28:40,1683574121,16.0,15.5,96200,1.00,2.00,4.00,5.00,,
2023-05-08 15:39:47,1683574787,16.7,14.8,96177,1.00,4.00,7.00,8.00,,
2023-05-08 15:44:45,1683575085,16.7,14.3,96156,2.00,3.00,4.00,4.00,,
2023-05-08 15:47:14,1683575234,16.6,14.0,96100,1.00,2.00,3.00,3.00,0.0143,0
2023-05-08 15:54:47,1683575688,15.8,14.4,96200,1.00,2.00,4.00,4.00,0.0143,0
2023-05-08 15:59:46,1683575987,15.4,14.6,96181,2.00,10.0,16.0,19.0,0.0310,0
2023-05-08 16:14:56,1683576896,15.1,15.3,96200,1.00,3.00,6.00,7.00,0.0334,0
2023-05-08 16:19:54,1683577195,15.3,15.1,96200,1.00,3.00,6.00,7.00,0.0216,0
2023-05-08 16:23:38,1683577419,15.4,14.8,96192,1.00,3.00,4.00,5.00,0.0172,0
2023-05-08 16:39:41,1683578382,16.4,14.4,96100,1.00,3.00,4.00,5.00,0.0180,0
2023-05-08 16:42:10,1683578531,16.6,13.9,96100,1.00,1.00,1.00,1.00,0.0101,0
2023-05-08 16:49:41,1683578982,16.7,13.2,96100,1.00,5.00,8.00,10.0,0.0101,0
2023-05-08 16:54:58,1683579298,16.8,13.2,96100,1.00,6.00,9.00,11.0,0.0139,0
2023-05-08 16:59:56,1683579597,16.8,13.3,96131,1.00,3.00,5.00,5.00,0.0178,0
2023-05-08 17:01:11,1683579671,16.8,13.6,96175,1.00,2.00,2.00,3.00,0.0139,0
2023-05-08 17:09:46,1683580186,17.5,13.8,96100,1.00,1.00,1.00,1.00,0.0266,0
2023-05-08 17:10:41,1683580242,17.5,13.7,96100,1e-7,1e-7,1e-7,1e-7,0.0266,0
2023-05-08 17:29:53,1683581393,16.2,13.4,96164,2.00,9.00,15.0,17.0,,
2023-05-08 17:34:51,1683581692,15.8,13.5,96163,1.00,7.00,11.0,14.0,,
2023-05-08 17:38:17,1683581897,15.6,13.7,96200,1.00,4.00,7.00,9.00,,
2023-05-08 17:44:52,1683582293,16.0,13.8,96200,1e-7,1.00,1.00,1.00,,
2023-05-08 17:49:51,1683582591,15.9,13.9,96200,1.00,9.00,15.0,17.0,0.0280,0
2023-05-08 17:54:49,1683582890,15.5,14.0,96200,2.00,9.00,14.0,17.0,0.0152,0
2023-05-08 17:59:48,1683583189,15.5,14.4,96200,1.00,6.00,11.0,13.0,0.0481,0
2023-05-08 18:01:03,1683583263,15.8,14.1,96200,1.00,2.00,3.00,4.00,0.0481,0
2023-05-08 18:24:45,1683584686,15.2,14.2,96200,1.00,4.00,8.00,9.00,,
2023-05-08 18:29:44,1683584985,15.2,13.9,96200,1.00,2.00,4.00,4.00,,
2023-05-08 18:34:43,1683585284,14.9,14.0,96200,2.00,4.00,7.00,8.00,0.0144,0
2023-05-08 18:39:43,1683585583,14.7,14.1,96213,1.00,2.00,3.00,4.00,0.0188,0
2023-05-08 18:44:42,1683585883,14.5,14.5,96231,1.00,4.00,5.00,7.00,0.0127,0
2023-05-08 18:49:42,1683586182,14.2,14.5,96200,1.00,4.00,7.00,9.00,0.0157,0
2023-05-08 18:54:41,1683586482,14.0,14.5,96238,1.00,2.00,3.00,4.00,0.0108,0
2023-05-08 18:58:07,1683586688,13.7,14.8,96300,1.00,2.00,4.00,4.00,0.0160,0
2023-05-08 19:14:54,1683587694,13.2,15.1,96300,1.00,5.00,8.00,10.0,0.0162,0
2023-05-08 19:19:54,1683587994,13.1,15.5,96300,1.00,5.00,9.00,11.0,0.0292,0
2023-05-08 19:24:54,1683588294,13.0,15.6,96300,1.00,4.00,7.00,8.00,0.0208,0
2023-05-08 19:29:54,1683588594,12.9,15.8,96300,1.00,6.00,11.0,13.0,0.0236,0
2023-05-08 19:34:54,1683588894,12.7,16.1,96325,1.00,4.00,7.00,9.00,0.0236,0
2023-05-08 19:39:54,1683589195,12.4,16.2,96375,1e-7,4.00,7.00,9.00,0.0187,0
2023-05-08 19:44:55,1683589495,12.2,16.1,96369,2.00,8.00,13.0,16.0,0.0133,0
2023-05-08 19:49:55,1683589796,12.0,16.3,96400,1.00,3.00,6.00,7.00,0.0165,0
2023-05-08 19:54:56,1683590096,11.8,16.3,96400,1.00,3.00,4.00,5.00,0.0132,0
2023-05-08 19:59:56,1683590397,11.6,16.4,96400,1.00,2.00,4.00,4.00,0.0101,0
2023-05-08 20:04:57,1683590698,11.5,16.1,96400,1.00,3.00,6.00,7.00,0.0108,0
2023-05-08 20:09:39,1683590980,11.3,16.5,96400,1.00,2.00,3.00,4.00,0.0104,0
2023-05-08 20:24:42,1683591882,11.0,16.7,96400,1.00,3.00,6.00,7.00,0.0104,0
2023-05-08 20:29:43,1683592183,10.9,16.8,96400,1.00,3.00,6.00,7.00,0.0135,0
2023-05-08 20:34:44,1683592484,10.8,17.0,96400,1.00,2.00,4.00,4.00,0.0101,0
2023-05-08 20:39:46,1683592787,10.7,17.0,96400,1.00,2.00,4.00,4.00,0.0124,0
2023-05-08 20:44:47,1683593087,10.6,17.1,96400,1.00,4.00,7.00,9.00,0.0139,0
2023-05-08 20:49:48,1683593389,10.5,17.5,96431,1.00,3.00,5.00,6.00,0.0143,0
2023-05-08 20:54:49,1683593690,10.4,17.5,96500,1.00,7.00,12.0,14.0,0.0147,0
2023-05-08 20:59:51,1683593991,10.3,17.4,96500,1.00,2.00,4.00,4.00,0.0195,0
2023-05-08 21:04:52,1683594293,10.1,17.7,96500,1.00,1.00,3.00,3.00,0.0244,0
2023-05-08 21:09:54,1683594594,9.98,17.9,96500,2.00,7.00,11.0,13.0,0.0281,0
2023-05-08 21:14:55,1683594896,9.83,18.5,96500,1e-7,1.00,3.00,3.00,0.0340,0
2023-05-08 21:19:57,1683595197,9.69,18.2,96500,1e-7,2.00,4.00,4.00,0.0399,0
2023-05-08 21:24:58,1683595499,9.58,18.8,96500,1.00,2.00,4.00,4.00,0.0107,0
2023-05-08 21:29:41,1683595782,9.47,18.6,96500,1.00,5.00,8.00,9.00,0.0106,0
2023-05-08 21:31:52,1683595913,9.39,18.4,96500,1e-7,1.00,3.00,3.00,0.0125,0
2023-05-08 21:39:56,1683596397,9.29,18.8,96500,1e-7,2.00,4.00,4.00,0.0130,0
2023-05-08 21:44:58,1683596699,9.22,19.0,96500,1.00,2.00,3.00,4.00,0.0118,0
2023-05-08 21:49:41,1683596982,9.18,19.2,96500,1.00,2.00,4.00,4.00,0.00995,0
2023-05-08 21:54:43,1683597284,9.14,19.4,96500,1.00,3.00,4.00,4.00,0.0101,0
2023-05-08 21:59:45,1683597586,9.10,19.4,96500,1.00,2.00,4.00,5.00,0.0100,0
2023-05-08 22:04:47,1683597888,9.04,19.8,96500,1.00,2.00,3.00,4.00,0.0100,0
2023-05-08 22:09:49,1683598190,8.96,19.6,96500,1e-7,1.00,3.00,3.00,0.0101,0
2023-05-08 22:14:52,1683598492,8.87,19.7,96500,1e-7,2.00,4.00,4.00,0.0102,0
2023-05-08 22:19:54,1683598794,8.76,19.9,96500,1.00,2.00,4.00,4.00,0.00995,0
2023-05-08 22:24:56,1683599097,8.64,20.0,96500,2.00,5.00,8.00,9.00,0.0143,0
2023-05-08 22:29:59,1683599399,8.55,20.3,96500,1e-7,1.00,3.00,3.00,0.0143,0
2023-05-08 22:34:42,1683599682,8.48,20.6,96553,1.00,2.00,4.00,4.00,0.0154,0
2023-05-08 22:39:44,1683599985,8.45,20.5,96500,1.00,2.00,3.00,4.00,0.00995,0
2023-05-08 22:44:46,1683600287,8.39,20.4,96594,1.00,2.00,3.00,4.00,0.00995,0
2023-05-08 22:49:49,1683600589,8.33,20.9,96506,1.00,3.00,6.00,7.00,0.00995,0
2023-05-08 22:54:51,1683600891,8.26,20.7,96500,1e-7,1e-7,1e-7,1e-7,0.0151,0
2023-05-08 22:59:53,1683601194,8.13,20.8,96506,1e-7,1e-7,1e-7,1e-7,0.0133,0
2023-05-08 23:04:56,1683601496,7.97,20.9,96550,1e-7,1.00,2.00,3.00,0.00995,0
2023-05-08 23:09:58,1683601799,7.83,21.4,96500,1e-7,1.00,3.00,3.00,0.00995,0
2023-05-08 23:14:42,1683602082,7.73,21.4,96593,1e-7,2.00,3.00,4.00,0.00995,0
2023-05-08 23:19:45,1683602385,7.66,21.7,96600,1e-7,1e-7,1e-7,1e-7,0.00995,0
2023-05-08 23:24:47,1683602688,7.60,21.8,96600,1e-7,1.00,3.00,3.00,0.00995,0
2023-05-08 23:29:50,1683602990,7.54,21.9,96600,1.00,3.00,6.00,7.00,0.0105,0
2023-05-08 23:34:53,1683603293,7.49,22.1,96600,1e-7,1e-7,1e-7,1e-7,0.0119,0
2023-05-08 23:39:55,1683603596,7.45,22.2,96600,1e-7,1.00,3.00,3.00,0.0119,0
2023-05-08 23:44:58,1683603899,7.40,22.2,96600,1e-7,1e-7,1e-7,1e-7,0.0112,0
2023-05-08 23:49:42,1683604183,7.35,22.4,96600,1e-7,1e-7,1e-7,1e-7,0.00995,0
2023-05-08 23:54:45,1683604485,7.33,22.5,96600,1.00,2.00,4.00,4.00,0.00995,0
2023-05-08 23:59:48,1683604788,7.26,22.5,96600,1e-7,1e-7,1.00,1.00,0.00995,0
2023-05-09 00:04:50,1683605091,7.14,22.7,96600,1e-7,1e-7,1e-7,1e-7,0.00995,0
2023-05-09 00:09:53,1683605394,7.01,23.0,96600,1.00,4.00,7.00,9.00,0.0109,0
2023-05-09 00:14:57,1683605697,6.89,23.1,96600,1e-7,1e-7,1e-7,1e-7,0.0113,0
2023-05-09 00:19:41,1683605981,6.78,23.3,96600,1e-7,1e-7,1e-7,1e-7,0.0113,0
2023-05-09 00:24:44,1683606284,6.68,23.4,96600,1e-7,2.00,4.00,5.00,0.0113,0
2023-05-09 00:29:47,1683606588,6.60,23.6,96600,1e-7,2.00,3.00,4.00,0.0101,0
2023-05-09 00:34:50,1683606891,6.50,23.6,96600,1e-7,2.00,3.00,4.00,0.00995,0
2023-05-09 00:39:53,1683607194,6.41,23.8,96600,1e-7,1e-7,1e-7,1e-7,0.00995,0
2023-05-09 00:44:56,1683607497,6.28,23.9,96600,1e-7,4.00,8.00,9.00,0.00995,0
2023-05-09 00:49:41,1683607781,6.13,24.0,96600,1e-7,1.00,3.00,3.00,0.0127,0
2023-05-09 00:54:44,1683608085,5.98,24.2,96600,1e-7,1e-7,1e-7,1e-7,0.0127,0
2023-05-09 00:59:48,1683608388,5.79,24.4,96600,1e-7,2.00,3.00,4.00,0.0127,0
2023-05-09 01:04:51,1683608692,5.67,24.7,96600,1e-7,1e-7,1e-7,1e-7,0.00995,0
2023-05-09 01:09:55,1683608996,5.58,25.0,96600,1e-7,1.00,3.00,3.00,0.00995,0
2023-05-09 01:14:59,1683609299,5.53,25.3,96600,1e-7,2.00,4.00,4.00,0.00995,0
2023-05-09 01:19:43,1683609584,5.50,25.6,96600,1e-7,1e-7,1e-7,1e-7,0.00995,0
2023-05-09 01:24:47,1683609888,5.45,25.5,96600,1e-7,4.00,7.00,9.00,0.0139,0
2023-05-09 01:29:51,1683610192,5.40,25.8,96600,1.00,4.00,7.00,9.00,0.0228,0
2023-05-09 01:34:55,1683610495,5.38,25.7,96600,1e-7,4.00,7.00,8.00,0.0151,0
2023-05-09 01:39:58,1683610799,5.43,26.0,96600,1.00,2.00,4.00,4.00,0.0151,0
2023-05-09 01:44:43,1683611084,5.49,26.1,96600,1.00,5.00,9.00,10.0,0.0133,0
2023-05-09 01:49:47,1683611387,5.45,26.1,96600,1.00,2.00,4.00,4.00,0.0148,0
2023-05-09 01:54:50,1683611691,5.45,26.2,96600,1.00,2.00,3.00,4.00,0.0148,0
2023-05-09 01:59:54,1683611995,5.51,26.4,96600,1.00,2.00,4.00,4.00,0.00995,0
2023-05-09 02:04:58,1683612298,5.50,26.6,96600,1.00,2.00,4.00,5.00,0.0101,0
2023-05-09 02:09:42,1683612583,5.47,26.9,96600,1e-7,1e-7,1e-7,1e-7,0.0102,0
2023-05-09 02:14:46,1683612887,5.42,27.1,96600,1e-7,2.00,3.00,4.00,0.0103,0
2023-05-09 02:19:49,1683613190,5.41,27.2,96600,1e-7,1e-7,1e-7,1e-7,0.00995,0
2023-05-09 02:24:53,1683613493,5.38,27.3,96600,1e-7,1e-7,1e-7,1e-7,0.00995,0
2023-05-09 02:29:56,1683613797,5.31,27.3,96600,1e-7,2.00,4.00,4.00,0.00995,0
2023-05-09 02:34:41,1683614082,5.22,27.3,96600,1e-7,1e-7,1e-7,1e-7,0.00995,0
2023-05-09 02:39:45,1683614386,5.10,27.5,96600,1e-7,1e-7,1e-7,1e-7,0.00995,0
2023-05-09 02:44:49,1683614690,4.98,27.5,96600,1e-7,1e-7,1e-7,1e-7,0.00995,0
2023-05-09 02:49:53,1683614994,4.83,27.7,96600,1e-7,2.00,4.00,4.00,0.00995,0
2023-05-09 02:54:57,1683615298,4.68,28.2,96600,1.00,2.00,4.00,4.00,0.00995,0
2023-05-09 02:59:42,1683615583,4.61,28.3,96600,1e-7,1e-7,1e-7,1e-7,0.00995,0
2023-05-09 03:04:46,1683615887,4.56,28.5,96600,1e-7,1e-7,1e-7,1e-7,0.00995,0
2023-05-09 03:09:50,1683616191,4.51,28.5,96600,1e-7,2.00,4.00,4.00,0.00995,0
2023-05-09 03:14:54,1683616495,4.43,28.6,96600,1e-7,2.00,4.00,4.00,0.00995,0
2023-05-09 03:19:58,1683616799,4.34,28.6,96600,1e-7,1e-7,1e-7,1e-7,0.00995,0
2023-05-09 03:24:43,1683617084,4.28,28.8,96600,1e-7,4.00,7.00,9.00,0.0129,0
2023-05-09 03:29:49,1683617389,4.23,29.0,96600,1e-7,2.00,3.00,4.00,0.0153,0
2023-05-09 03:34:53,1683617693,4.20,29.0,96600,1e-7,1e-7,1e-7,1e-7,0.0146,0
2023-05-09 03:39:56,1683617997,4.14,28.8,96600,1e-7,4.00,7.00,9.00,0.0106,0
2023-05-09 03:44:41,1683618282,4.08,29.0,96600,1e-7,1e-7,1e-7,1e-7,0.0113,0
2023-05-09 03:49:45,1683618586,4.03,29.9,96600,1.00,3.00,5.00,6.00,0.0113,0
2023-05-09 03:54:49,1683618890,4.05,29.9,96600,1e-7,2.00,4.00,4.00,0.0108,0
2023-05-09 03:59:53,1683619194,4.05,29.8,96631,1e-7,1e-7,1e-7,1e-7,0.0112,0
2023-05-09 04:04:57,1683619498,4.03,29.8,96700,1.00,6.00,11.0,13.0,0.0112,0
2023-05-09 04:08:07,1683619688,3.99,29.7,96700,1e-7,2.00,4.00,4.00,0.0184,0
2023-05-09 04:14:53,1683620094,3.95,29.7,96700,1e-7,1e-7,1e-7,1e-7,0.0184,0
2023-05-09 04:19:57,1683620398,3.92,29.8,96700,1e-7,2.00,3.00,4.00,0.0184,0
2023-05-09 04:24:43,1683620683,3.90,29.8,96700,1e-7,1e-7,1e-7,1e-7,0.0121,0
2023-05-09 04:29:47,1683620987,3.94,30.0,96700,1e-7,1e-7,1e-7,1e-7,0.00995,0
2023-05-09 04:34:50,1683621291,4.02,30.3,96700,1.00,4.00,7.00,9.00,0.0151,0
2023-05-09 04:39:54,1683621595,4.00,30.0,96700,1e-7,2.00,4.00,4.00,0.0162,0
2023-05-09 04:44:59,1683621899,3.96,30.1,96700,1e-7,1e-7,1e-7,1e-7,0.0145,0
2023-05-09 04:49:44,1683622184,3.91,30.0,96700,1e-7,1.00,1.00,2.00,0.0128,0
2023-05-09 04:54:48,1683622488,3.89,30.1,96700,1e-7,2.00,3.00,4.00,0.00995,0
2023-05-09 04:59:52,1683622793,3.86,30.1,96700,1e-7,1.00,3.00,3.00,0.00995,0
2023-05-09 05:04:57,1683623097,3.86,30.3,96700,1e-7,1e-7,1e-7,1e-7,0.00995,0
2023-05-09 05:09:42,1683623382,3.89,30.6,96700,1e-7,1e-7,1e-7,1e-7,0.00995,0
2023-05-09 05:14:46,1683623686,4.00,30.8,96700,1e-7,1e-7,1e-7,1e-7,0.00995,0
2023-05-09 05:19:54,1683623995,4.11,30.5,96700,1e-7,1.00,3.00,3.00,0.00995,0
2023-05-09 05:24:58,1683624299,4.20,30.5,96700,1e-7,2.00,3.00,4.00,0.00995,0
2023-05-09 05:29:43,1683624584,4.25,30.5,96700,1e-7,2.00,3.00,4.00,0.00995,0
2023-05-09 05:34:47,1683624888,4.27,30.6,96700,1.00,2.00,4.00,4.00,0.00995,0
2023-05-09 05:39:51,1683625192,4.29,30.7,96700,1.00,3.00,6.00,7.00,0.0133,0
2023-05-09 05:44:17,1683625458,4.32,31.0,96700,1.00,8.00,14.0,17.0,0.0132,0
2023-05-09 12:04:47,1683648288,17.5,15.3,96800,1e-7,1.00,3.00,3.00,,
2023-05-09 12:09:45,1683648585,17.6,14.8,96800,1.00,3.00,6.00,7.00,,
2023-05-09 12:14:43,1683648883,17.4,14.8,96800,1.00,3.00,6.00,7.00,0.0123,0
2023-05-09 12:30:59,1683649860,18.0,14.0,96800,1.00,1.00,1.00,2.00,,
2023-05-09 12:44:56,1683650697,18.4,13.7,96800,1e-7,5.00,8.00,9.00,,
2023-05-09 12:49:54,1683650994,18.4,13.3,96800,1.00,2.00,4.00,4.00,,
2023-05-09 12:52:04,1683651125,18.1,13.2,96800,1.00,2.00,4.00,5.00,,
2023-05-09 13:04:58,1683651899,18.3,13.4,96800,1e-7,1.00,3.00,3.00,,
2023-05-09 13:09:55,1683652196,18.3,13.4,96800,1.00,4.00,8.00,9.00,0.0148,0
2023-05-09 13:10:51,1683652252,18.3,13.7,96800,1e-7,1e-7,1e-7,1e-7,0.0112,0
2023-05-09 13:19:52,1683652792,18.5,12.9,96800,1e-7,1.00,1.00,1.00,0.0193,0
2023-05-09 13:24:49,1683653090,18.4,13.1,96800,1.00,2.00,4.00,4.00,0.0213,0
2023-05-09 13:29:28,1683653368,18.5,13.0,96800,1.00,5.00,8.00,10.0,0.0286,0
2023-05-09 13:39:55,1683653996,18.6,13.2,96800,1e-7,1.00,3.00,3.00,0.0205,0
2023-05-09 13:44:52,1683654293,18.7,12.8,96800,1.00,2.00,4.00,4.00,0.0223,0
2023-05-09 13:47:58,1683654479,18.7,12.1,96800,1e-7,2.00,4.00,4.00,0.0231,0
2023-05-09 13:59:47,1683655188,18.3,13.0,96800,1e-7,2.00,4.00,4.00,0.00995,0
2023-05-09 14:04:44,1683655485,18.4,12.7,96800,1.00,2.00,3.00,4.00,0.00995,0
2023-05-09 14:06:54,1683655615,18.4,12.6,96800,1.00,7.00,11.0,13.0,0.0126,0
2023-05-09 14:14:42,1683656083,18.6,12.5,96800,1.00,5.00,8.00,10.0,0.0125,0
2023-05-09 14:19:58,1683656399,18.6,12.3,96800,1.00,2.00,3.00,4.00,0.0215,0
2023-05-09 14:24:55,1683656696,18.5,12.4,96800,1.00,3.00,6.00,7.00,0.0154,0
2023-05-09 14:25:14,1683656715,18.5,12.6,96800,1e-7,1.00,3.00,3.00,0.0133,0
2023-05-09 14:39:43,1683657583,18.9,12.5,96800,1.00,2.00,2.00,3.00,0.0133,0
2023-05-09 14:44:02,1683657842,19.2,12.7,96800,1e-7,1.00,3.00,3.00,0.0141,0
2023-05-09 14:54:57,1683658497,18.9,12.1,96800,1e-7,2.00,4.00,4.00,0.0141,0
2023-05-09 14:59:54,1683658794,18.3,12.2,96800,1.00,1.00,3.00,3.00,0.0118,0
2023-05-09 15:02:41,1683658962,18.2,12.4,96800,1.00,2.00,4.00,4.00,0.00995,0
2023-05-09 15:14:42,1683659682,18.1,12.6,96800,1.00,2.00,3.00,4.00,0.00995,0
2023-05-09 15:19:58,1683659998,18.4,12.6,96800,1.00,6.00,11.0,13.0,0.0165,0
2023-05-09 15:22:26,1683660146,18.5,12.6,96800,1.00,2.00,4.00,4.00,0.0310,0
2023-05-09 15:29:59,1683660600,19.0,12.3,96800,1e-7,2.00,3.00,4.00,0.0310,0
2023-05-09 15:34:56,1683660897,18.9,12.2,96800,1.00,1.00,3.00,3.00,0.0411,0
2023-05-09 15:39:53,1683661194,18.8,12.0,96800,1.00,2.00,3.00,4.00,0.0269,0
2023-05-09 15:54:57,1683662097,18.6,12.5,96800,1.00,3.00,4.00,4.00,0.00995,0
2023-05-09 15:59:53,1683662394,18.7,12.4,96794,1.00,2.00,3.00,4.00,0.0101,0
2023-05-09 16:09:49,1683662990,18.8,11.9,96786,3.00,3.00,6.00,7.00,0.0101,0
2023-05-09 16:14:46,1683663287,18.7,11.8,96706,1.00,2.00,4.00,4.00,0.0140,0
2023-05-09 16:17:15,1683663435,18.7,11.7,96725,1.00,3.00,5.00,5.00,0.0116,0
2023-05-09 16:24:41,1683663881,18.7,11.9,96800,1e-7,1.00,3.00,3.00,0.0104,0
2023-05-09 16:29:57,1683664197,18.7,11.5,96729,1.00,3.00,4.00,5.00,0.0111,0
2023-05-09 16:34:54,1683664494,18.7,11.1,96706,1.00,3.00,4.00,5.00,0.0102,0
2023-05-09 16:35:49,1683664550,18.6,11.3,96800,1.00,1.00,1.00,2.00,0.0102,0
2023-05-09 16:44:57,1683665098,18.6,11.7,96700,1.00,2.00,3.00,3.00,0.0102,0
2023-05-09 16:49:54,1683665395,18.7,11.5,96719,1.00,3.00,6.00,7.00,0.0110,0
2023-05-09 16:54:51,1683665692,18.8,11.4,96769,1.00,5.00,9.00,11.0,0.0174,0
2023-05-09 16:55:09,1683665710,18.8,11.5,96800,1.00,2.00,2.00,2.00,0.0174,0
2023-05-09 17:04:53,1683666293,19.0,11.3,96780,1.00,3.00,5.00,7.00,0.0184,0
2023-05-09 17:05:11,1683666312,19.0,11.3,96700,1e-7,1.00,3.00,3.00,0.0184,0
2023-05-09 17:29:50,1683667791,19.3,10.8,96718,1.00,4.00,7.00,9.00,,
2023-05-09 17:32:55,1683667976,19.2,10.7,96800,2.00,11.0,18.0,21.0,,
2023-05-09 17:39:48,1683668389,19.4,10.9,96800,1.00,1.00,2.00,2.00,,
2023-05-09 17:44:45,1683668685,19.6,11.0,96756,2.00,3.00,6.00,7.00,0.0500,0
2023-05-09 17:49:41,1683668982,19.6,10.8,96750,1.00,3.00,5.00,5.00,0.0500,0
2023-05-09 17:51:32,1683669092,19.5,10.7,96700,1.00,2.00,3.00,4.00,0.0187,0
2023-05-09 17:59:49,1683669590,19.4,10.9,96767,1.00,1.00,1.00,2.00,0.0187,0
2023-05-09 18:04:46,1683669886,19.4,10.9,96700,3.00,4.00,4.00,4.00,0.0131,0
2023-05-09 18:09:05,1683670146,19.6,11.0,96700,2.00,5.00,7.00,9.00,0.0104,0
2023-05-09 18:19:58,1683670799,19.5,10.9,96700,1.00,3.00,5.00,7.00,0.0104,0
2023-05-09 18:24:55,1683671095,19.6,10.8,96700,1.00,4.00,7.00,8.00,0.0157,0
2023-05-09 18:29:52,1683671392,19.3,10.9,96725,2.00,7.00,10.0,11.0,0.0339,0
2023-05-09 18:34:49,1683671689,18.7,10.9,96700,1.00,5.00,8.00,9.00,0.0339,0
2023-05-09 18:39:46,1683671987,18.0,11.1,96763,1.00,4.00,7.00,8.00,0.0232,0
2023-05-09 18:44:45,1683672285,17.5,11.2,96794,1.00,4.00,8.00,9.00,0.0210,0
2023-05-09 18:49:43,1683672583,17.1,11.6,96700,3.00,4.00,5.00,6.00,0.0136,0
2023-05-09 18:54:41,1683672882,16.8,11.7,96700,1.00,2.00,4.00,5.00,0.0136,0
2023-05-09 18:59:58,1683673199,16.5,11.9,96788,1.00,2.00,3.00,4.00,0.0129,0
2023-05-09 19:04:57,1683673498,16.3,12.1,96800,1.00,4.00,7.00,9.00,0.0255,0
2023-05-09 19:09:56,1683673796,16.2,12.2,96800,2.00,5.00,7.00,9.00,0.0489,0
2023-05-09 19:14:55,1683674095,16.0,12.4,96800,2.00,3.00,6.00,7.00,0.0294,0
2023-05-09 19:19:54,1683674394,15.9,12.4,96800,1.00,3.00,6.00,7.00,0.0179,0
2023-05-09 19:24:52,1683674693,15.7,12.5,96800,1.00,3.00,5.00,6.00,0.0107,0
2023-05-09 19:29:51,1683674992,15.6,12.5,96800,1.00,4.00,7.00,8.00,0.0138,0
2023-05-09 19:34:50,1683675291,15.4,12.5,96800,2.00,4.00,5.00,6.00,0.0176,0
2023-05-09 19:39:49,1683675590,15.3,12.8,96800,1.00,4.00,8.00,9.00,0.0129,0
2023-05-09 19:44:49,1683675889,15.2,12.5,96800,1.00,3.00,5.00,6.00,0.0144,0
2023-05-09 19:49:48,1683676188,15.0,12.6,96800,3.00,6.00,7.00,8.00,0.0210,0
2023-05-09 19:54:47,1683676488,14.8,12.9,96800,2.00,6.00,8.00,9.00,0.0210,0
2023-05-09 19:59:47,1683676788,14.6,12.9,96800,1.00,3.00,6.00,7.00,0.0257,0
2023-05-09 20:04:47,1683677087,14.4,12.9,96800,1.00,4.00,7.00,9.00,0.0171,0
2023-05-09 20:09:46,1683677387,14.2,13.0,96800,1.00,2.00,3.00,4.00,0.0151,0
2023-05-09 20:14:46,1683677687,14.1,13.3,96800,2.00,4.00,5.00,6.00,0.0243,0
2023-05-09 20:19:46,1683677986,13.9,13.3,96800,1.00,4.00,5.00,6.00,0.0140,0
2023-05-09 20:24:46,1683678286,13.8,13.3,96800,1.00,2.00,4.00,4.00,0.0112,0
2023-05-09 20:29:46,1683678586,13.6,13.5,96800,1.00,5.00,8.00,9.00,0.0152,0
2023-05-09 20:34:46,1683678887,13.5,13.4,96825,1.00,4.00,8.00,9.00,0.0141,0
2023-05-09 20:39:46,1683679187,13.4,13.5,96856,1.00,3.00,6.00,7.00,0.0277,0
2023-05-09 20:44:46,1683679487,13.4,13.5,96900,1.00,5.00,8.00,10.0,0.0294,0
2023-05-09 20:49:47,1683679787,13.3,13.6,96900,1.00,3.00,5.00,7.00,0.0204,0
2023-05-09 20:53:13,1683679994,13.3,13.7,96900,1.00,3.00,4.00,4.00,0.0204,0
2023-05-09 21:14:47,1683681287,12.9,13.9,96900,1.00,2.00,3.00,4.00,,
2023-05-09 21:19:47,1683681588,12.8,14.0,96900,1.00,2.00,3.00,4.00,,
2023-05-09 21:24:48,1683681888,12.7,14.1,96900,1e-7,2.00,4.00,4.00,0.00995,0
2023-05-09 21:29:48,1683682189,12.5,14.2,96900,1.00,2.00,3.00,4.00,0.00995,0
2023-05-09 21:34:49,1683682490,12.2,14.3,96900,1.00,2.00,3.00,4.00,0.00995,0
2023-05-09 21:39:50,1683682791,11.9,14.5,96900,1e-7,1.00,3.00,3.00,0.00995,0
2023-05-09 21:44:51,1683683092,11.6,14.9,96900,1e-7,1.00,3.00,3.00,0.00995,0
2023-05-09 21:49:52,1683683393,11.4,15.1,96900,1.00,1.00,3.00,3.00,0.00995,0
2023-05-09 21:54:53,1683683694,11.2,15.5,96900,1.00,1.00,3.00,3.00,0.00995,0
2023-05-09 21:59:54,1683683995,11.0,15.3,96900,1e-7,1e-7,1e-7,1e-7,0.00995,0
2023-05-09 22:04:56,1683684296,10.8,15.9,96900,1e-7,2.00,3.00,4.00,0.00995,0
2023-05-09 22:09:57,1683684598,10.6,15.6,96900,1e-7,1.00,2.00,3.00,0.00995,0
2023-05-09 22:14:59,1683684899,10.5,15.7,96900,1e-7,1e-7,1e-7,1e-7,0.00995,0
2023-05-09 22:19:42,1683685182,10.3,15.9,96900,1e-7,2.00,3.00,4.00,0.00995,0
2023-05-09 22:24:43,1683685484,10.2,16.0,96900,1e-7,1e-7,1e-7,1e-7,0.00995,0
2023-05-09 22:29:45,1683685785,10.2,16.1,96900,1.00,9.00,16.0,19.0,0.00995,0
2023-05-09 22:34:46,1683686087,10.1,16.3,96900,1e-7,2.00,3.00,4.00,0.0218,0
2023-05-09 22:39:48,1683686389,10.0,16.4,96900,1e-7,1e-7,1e-7,1e-7,0.0221,0
2023-05-09 22:44:50,1683686690,9.93,16.5,96900,1.00,3.00,5.00,6.00,0.0231,0
2023-05-09 22:49:52,1683686992,9.87,16.6,96900,1.00,1.00,3.00,3.00,0.0115,0
2023-05-09 22:54:53,1683687294,9.80,16.8,96900,1e-7,2.00,4.00,4.00,0.0111,0
2023-05-09 22:59:55,1683687595,9.72,16.9,96900,1e-7,2.00,4.00,4.00,0.00995,0
2023-05-09 23:04:57,1683687897,9.67,17.1,96900,1.00,3.00,6.00,7.00,0.0128,0
2023-05-09 23:09:59,1683688199,9.66,17.5,96900,1.00,3.00,6.00,7.00,0.0119,0
2023-05-09 23:14:42,1683688482,9.62,17.6,96900,1e-7,1e-7,1e-7,1e-7,0.0123,0
2023-05-09 23:19:44,1683688784,9.56,17.3,96900,1e-7,1.00,3.00,3.00,0.0131,0
2023-05-09 23:24:46,1683689086,9.52,17.3,96900,1e-7,1.00,3.00,3.00,0.0114,0
2023-05-09 23:29:48,1683689388,9.48,17.2,96900,1.00,2.00,3.00,4.00,0.00995,0
2023-05-09 23:34:50,1683689690,9.43,17.4,96900,1e-7,2.00,3.00,4.00,0.00995,0
2023-05-09 23:39:52,1683689992,9.40,17.4,96900,1e-7,1e-7,1e-7,1e-7,0.00995,0
2023-05-09 23:44:54,1683690294,9.36,17.5,96900,1e-7,1e-7,1e-7,1e-7,0.00995,0
2023-05-09 23:49:56,1683690596,9.30,17.6,96900,1e-7,1e-7,1e-7,1e-7,0.00995,0
2023-05-09 23:54:58,1683690899,9.26,17.7,96900,1e-7,2.00,4.00,4.00,0.00995,0
2023-05-09 23:59:41,1683691182,9.22,17.9,96900,1e-7,1.00,2.00,3.00,0.00995,0
2023-05-10 00:04:44,1683691484,9.17,17.8,96900,1.00,2.00,4.00,4.00,0.00995,0
2023-05-10 00:09:46,1683691786,9.11,17.9,96900,1e-7,1.00,3.00,3.00,0.00995,0
2023-05-10 00:14:48,1683692088,9.05,18.2,96900,1e-7,2.00,3.00,4.00,0.00995,0
2023-05-10 00:19:50,1683692391,9.01,18.2,96900,1e-7,2.00,4.00,4.00,0.00995,0
2023-05-10 00:24:53,1683692693,8.94,18.9,96900,1.00,1.00,1.00,1.00,0.00995,0
2023-05-10 00:29:55,1683692995,8.88,18.4,96900,1e-7,2.00,4.00,4.00,0.00995,0
2023-05-10 00:34:57,1683693298,8.80,18.6,96900,1e-7,1e-7,1e-7,1e-7,0.00995,0
2023-05-10 00:39:41,1683693581,8.70,18.4,96900,1e-7,1.00,2.00,3.00,0.00995,0
2023-05-10 00:44:43,1683693883,8.61,18.5,96900,1e-7,1e-7,1e-7,1e-7,0.00995,0
2023-05-10 00:49:45,1683694186,8.54,19.0,96900,1e-7,1.00,3.00,3.00,0.00995,0
2023-05-10 00:54:48,1683694488,8.49,18.8,96900,1e-7,1e-7,1e-7,1e-7,0.00995,0
2023-05-10 00:59:50,1683694791,8.46,18.9,96900,2.00,4.00,6.00,7.00,0.0112,0
2023-05-10 01:04:53,1683695093,8.43,19.0,96900,1e-7,1.00,3.00,3.00,0.0129,0
2023-05-10 01:09:54,1683695395,8.41,18.9,96900,1.00,2.00,4.00,4.00,0.0116,0
2023-05-10 01:14:57,1683695697,8.43,19.0,96900,1e-7,2.00,3.00,4.00,0.00995,0
2023-05-10 01:19:59,1683696000,8.45,19.0,96900,1e-7,2.00,4.00,4.00,0.00995,0
2023-05-10 01:24:43,1683696283,8.47,19.2,96900,1e-7,2.00,3.00,4.00,0.00995,0
2023-05-10 01:29:45,1683696586,8.49,19.2,96900,1e-7,2.00,3.00,4.00,0.00995,0
2023-05-10 01:34:47,1683696888,8.54,19.3,96900,1e-7,1e-7,1e-7,1e-7,0.00995,0
2023-05-10 01:39:50,1683697190,8.60,19.4,96900,1e-7,2.00,3.00,4.00,0.00995,0
2023-05-10 01:44:52,1683697493,8.68,19.7,96900,1e-7,1.00,3.00,3.00,0.00995,0
2023-05-10 01:49:54,1683697795,8.76,19.3,96900,1e-7,1.00,2.00,3.00,0.00995,0
2023-05-10 01:54:57,1683698097,8.83,19.3,96900,1e-7,2.00,3.00,4.00,0.00995,0
2023-05-10 01:59:59,1683698399,8.93,19.3,96900,1e-7,2.00,3.00,4.00,0.00995,0
2023-05-10 02:04:42,1683698683,9.03,19.1,96900,1e-7,1e-7,1e-7,1e-7,0.00995,0
2023-05-10 02:09:45,1683698985,9.09,19.3,96900,1e-7,1e-7,1e-7,1e-7,0.00995,0
2023-05-10 02:14:47,1683699287,9.12,19.2,96900,1e-7,1.00,1.00,2.00,0.00995,0
2023-05-10 02:19:49,1683699590,9.13,19.1,96900,1e-7,1.00,3.00,3.00,0.00995,0
2023-05-10 02:24:51,1683699892,9.12,19.1,96900,1e-7,1e-7,1e-7,1e-7,0.00995,0
2023-05-10 02:29:53,1683700194,9.08,19.1,96900,1.00,2.00,3.00,4.00,0.00995,0
2023-05-10 02:34:56,1683700496,9.06,19.3,96900,1e-7,1e-7,1e-7,1e-7,0.00995,0
2023-05-10 02:39:58,1683700799,9.04,19.0,96900,1e-7,2.00,4.00,4.00,0.00995,0
2023-05-10 02:44:41,1683701082,9.05,19.3,96900,1e-7,2.00,3.00,4.00,0.00995,0
2023-05-10 02:49:44,1683701384,9.06,19.0,96900,1e-7,2.00,4.00,4.00,0.00995,0
2023-05-10 02:54:46,1683701686,9.03,19.3,96900,1.00,1.00,3.00,3.00,0.00995,0
2023-05-10 02:59:48,1683701989,9.00,19.4,96900,1e-7,2.00,3.00,4.00,0.00995,0
2023-05-10 03:04:50,1683702291,8.97,19.4,96900,1.00,3.00,4.00,5.00,0.0105,0
2023-05-10 03:09:53,1683702593,9.02,19.6,96900,1e-7,2.00,4.00,4.00,0.0107,0
2023-05-10 03:14:55,1683702895,9.11,19.8,96900,1e-7,1e-7,1e-7,1e-7,0.0107,0
2023-05-10 03:19:57,1683703197,9.18,19.5,96900,1.00,3.00,6.00,7.00,0.0117,0
2023-05-10 03:24:59,1683703500,9.22,19.6,96900,1e-7,2.00,4.00,5.00,0.0127,0
2023-05-10 03:29:42,1683703783,9.22,19.5,96900,1e-7,1.00,2.00,3.00,0.0119,0
2023-05-10 03:34:45,1683704085,9.19,19.5,96900,1e-7,4.00,7.00,8.00,0.0119,0
2023-05-10 03:39:47,1683704387,9.15,19.6,96900,1.00,5.00,8.00,9.00,0.0213,0
2023-05-10 03:44:49,1683704689,9.10,19.6,96900,1e-7,2.00,3.00,4.00,0.0213,0
2023-05-10 03:49:51,1683704992,9.10,19.7,96900,1.00,2.00,3.00,3.00,0.0167,0
2023-05-10 03:54:53,1683705294,9.11,19.7,96900,1.00,4.00,7.00,8.00,0.0105,0
2023-05-10 03:59:56,1683705596,9.10,19.9,96900,1e-7,1e-7,1e-7,1e-7,0.0156,0
2023-05-10 04:04:58,1683705898,9.05,19.7,96900,1.00,3.00,4.00,5.00,0.0138,0
2023-05-10 04:09:41,1683706181,9.03,19.7,96900,1.00,5.00,8.00,10.0,0.0126,0
2023-05-10 04:14:43,1683706484,9.04,19.9,96900,1e-7,2.00,4.00,4.00,0.0166,0
2023-05-10 04:19:46,1683706786,9.02,20.0,96900,1.00,1.00,3.00,3.00,0.0179,0
2023-05-10 04:24:48,1683707088,8.98,20.0,96900,1.00,7.00,12.0,14.0,0.0178,0
2023-05-10 04:29:50,1683707390,8.97,20.0,96900,1e-7,2.00,4.00,4.00,0.0187,0
2023-05-10 04:34:52,1683707692,9.00,20.3,96900,1e-7,1.00,3.00,3.00,0.0163,0
2023-05-10 04:39:54,1683707994,9.05,20.3,96900,1e-7,2.00,4.00,4.00,0.00995,0
2023-05-10 04:44:56,1683708296,9.12,20.3,96900,2.00,3.00,5.00,5.00,0.0114,0
2023-05-10 04:49:58,1683708599,9.27,20.1,96900,1.00,3.00,4.00,5.00,0.0122,0
2023-05-10 04:54:41,1683708882,9.44,20.3,96900,1e-7,2.00,3.00,4.00,0.0122,0
2023-05-10 04:59:43,1683709184,9.57,20.2,96900,1e-7,1e-7,1e-7,1e-7,0.0117,0
2023-05-10 05:04:45,1683709486,9.65,20.1,96900,1.00,2.00,3.00,4.00,0.0104,0
2023-05-10 05:09:46,1683709787,9.64,20.0,96900,1.00,3.00,6.00,7.00,0.0129,0
2023-05-10 05:14:48,1683710089,9.66,20.1,96900,1e-7,2.00,3.00,4.00,0.0132,0
2023-05-10 05:19:50,1683710391,9.68,20.2,96900,3.00,3.00,4.00,4.00,0.0132,0
2023-05-10 05:24:52,1683710693,9.70,20.1,96900,1.00,3.00,5.00,6.00,0.0112,0
2023-05-10 05:29:54,1683710995,9.75,20.0,96900,2.00,8.00,14.0,16.0,0.0415,0
2023-05-10 05:34:56,1683711296,9.82,20.1,96900,1.00,3.00,6.00,7.00,0.0305,0
2023-05-10 05:39:58,1683711598,9.92,19.8,96900,1.00,3.00,6.00,7.00,0.0305,0
2023-05-10 05:44:59,1683711900,10.0,20.0,96900,1.00,2.00,3.00,4.00,0.0172,0
2023-05-10 05:49:42,1683712182,10.1,20.0,96900,1.00,2.00,4.00,4.00,0.0176,0
2023-05-10 05:54:43,1683712484,10.2,19.9,96900,1.00,4.00,7.00,8.00,0.0178,0
2023-05-10 05:55:21,1683712521,10.3,20.0,96900,1.00,5.00,8.00,10.0,0.0122,0
2023-05-10 11:44:44,1683733484,23.9,12.7,96700,1.00,5.00,7.00,9.00,,
2023-05-10 11:49:51,1683733791,23.9,12.6,96700,1.00,1.00,3.00,3.00,,
2023-05-10 11:54:46,1683734086,24.0,12.7,96700,3.00,4.00,6.00,7.00,,
2023-05-10 11:59:59,1683734400,24.0,12.7,96700,2.00,3.00,4.00,5.00,,
2023-05-10 12:02:46,1683734566,24.0,12.5,96700,2.00,2.00,3.00,3.00,0.0135,0
2023-05-10 12:19:56,1683735597,23.8,12.7,96600,3.00,6.00,8.00,9.00,0.0213,0
2023-05-10 12:21:10,1683735670,23.8,12.9,96625,1.00,2.00,2.00,2.00,0.0213,0
2023-05-10 12:29:51,1683736192,24.2,12.8,96600,1.00,3.00,5.00,6.00,0.0132,0
2023-05-10 12:34:46,1683736487,24.3,12.6,96600,1.00,4.00,7.00,8.00,0.0219,0
2023-05-10 12:39:41,1683736782,24.2,12.5,96600,2.00,3.00,6.00,7.00,0.0134,0
2023-05-10 12:40:54,1683736855,24.2,12.5,96600,3.00,3.00,3.00,3.00,0.0123,0
2023-05-10 12:49:50,1683737391,24.6,12.8,96600,2.00,2.00,3.00,3.00,0.0130,0
2023-05-10 12:54:45,1683737685,24.7,12.3,96600,4.00,5.00,5.00,5.00,0.0145,0
2023-05-10 12:58:07,1683737888,24.9,12.4,96600,4.00,5.00,6.00,7.00,0.0114,0
2023-05-10 13:09:07,1683738547,25.2,12.1,96600,2.00,6.00,9.00,10.0,0.0104,0
2023-05-10 13:18:01,1683739082,25.5,12.1,96600,5.00,9.00,12.0,13.0,0.0161,0
2023-05-10 13:24:53,1683739493,25.8,11.7,96600,2.00,3.00,5.00,6.00,0.0249,0
2023-05-10 13:29:47,1683739787,25.8,11.7,96600,3.00,4.00,8.00,9.00,0.0311,0
2023-05-10 13:34:59,1683740099,26.0,11.7,96594,2.00,4.00,6.00,7.00,0.0180,0
2023-05-10 13:36:30,1683740191,26.2,11.0,96500,2.00,2.00,2.00,2.00,0.0160,0
2023-05-10 13:44:45,1683740686,25.4,11.0,96500,1e-7,1.00,3.00,3.00,0.0160,0
2023-05-10 13:49:58,1683740998,25.3,11.2,96512,1.00,2.00,3.00,4.00,0.0174,0
2023-05-10 13:53:57,1683741237,25.3,11.4,96500,1.00,3.00,5.00,5.00,0.0109,0
2023-05-10 14:04:45,1683741886,25.7,11.5,96500,1.00,2.00,4.00,5.00,0.0104,0
2023-05-10 14:09:45,1683742185,26.0,11.5,96500,2.00,5.00,8.00,9.00,0.0107,0
2023-05-10 14:13:25,1683742405,26.2,11.2,96500,2.00,4.00,5.00,6.00,0.00990,0
2023-05-10 14:21:20,1683742881,26.1,11.1,96500,3.00,3.00,3.00,3.00,0.0152,0
2023-05-10 14:59:42,1683745183,25.5,10.6,96500,1.00,1.00,1.00,1.00,,
2023-05-10 15:04:55,1683745495,25.6,10.6,96418,2.00,4.00,6.00,6.00,,
2023-05-10 15:07:40,1683745661,25.6,10.5,96411,1.00,3.00,4.00,4.00,,
2023-05-10 15:19:53,1683746393,25.5,10.6,96400,2.00,2.00,3.00,4.00,,
2023-05-10 15:24:47,1683746688,25.5,10.7,96400,1.00,5.00,8.00,10.0,0.0119,0
2023-05-10 15:26:19,1683746780,25.6,10.6,96400,2.00,2.00,3.00,3.00,0.0194,0
2023-05-10 15:39:45,1683747585,25.7,10.8,96400,1.00,3.00,4.00,5.00,0.0194,0
2023-05-10 15:44:39,1683747880,25.7,10.8,96400,1.00,4.00,6.00,7.00,0.0123,0
2023-05-10 15:54:52,1683748492,25.7,10.6,96400,1.00,2.00,3.00,4.00,0.0130,0
2023-05-10 15:57:56,1683748676,25.7,10.5,96400,2.00,3.00,3.00,3.00,0.0116,0
2023-05-10 16:19:51,1683749991,25.6,10.9,96400,1.00,1.00,2.00,2.00,,
2023-05-10 16:21:41,1683750102,25.5,10.9,96400,1.00,2.00,3.00,4.00,,
2023-05-10 16:34:59,1683750900,25.5,11.0,96400,2.00,4.00,6.00,7.00,,
2023-05-10 16:39:54,1683751194,25.6,11.1,96400,1.00,3.00,5.00,6.00,0.0134,0
2023-05-10 16:40:12,1683751213,25.7,11.0,96400,1e-7,1.00,1.00,2.00,0.0137,0
2023-05-10 16:49:52,1683751792,26.1,10.8,96400,1.00,1.00,1.00,1.00,0.0137,0
2023-05-10 16:54:45,1683752085,26.2,10.8,96400,1.00,3.00,5.00,5.00,0.0137,0
2023-05-10 16:58:43,1683752324,26.4,10.8,96400,2.00,5.00,7.00,9.00,0.0115,0
2023-05-10 17:14:43,1683753283,26.7,10.7,96400,1.00,7.00,11.0,13.0,0.0164,0
2023-05-10 17:17:10,1683753430,26.9,10.6,96400,1.00,2.00,4.00,4.00,0.0231,0
2023-05-10 17:49:42,1683755382,26.8,10.2,96343,1.00,3.00,6.00,7.00,,
2023-05-10 17:54:17,1683755658,26.7,10.2,96340,1.00,2.00,3.00,4.00,,
2023-05-10 18:09:54,1683756595,26.6,10.4,96400,2.00,2.00,3.00,3.00,0.00838,0
2023-05-10 18:12:39,1683756760,26.5,10.2,96389,3.00,4.00,7.00,8.00,0.0102,0
2023-05-10 18:19:43,1683757183,26.2,10.3,96400,1.00,1.00,1.00,2.00,0.0104,0
2023-05-10 18:24:55,1683757496,26.0,10.4,96400,2.00,5.00,8.00,9.00,0.0163,0
2023-05-10 18:29:50,1683757790,25.5,10.6,96400,1.00,3.00,4.00,5.00,0.0137,0
2023-05-10 18:34:44,1683758085,25.1,10.9,96400,3.00,8.00,13.0,16.0,0.0361,0
2023-05-10 18:39:58,1683758398,24.7,11.0,96400,2.00,6.00,8.00,9.00,0.0746,0
2023-05-10 18:44:53,1683758693,24.4,11.2,96400,3.00,6.00,9.00,11.0,0.0482,0
2023-05-10 18:49:48,1683758989,24.2,11.4,96400,2.00,3.00,3.00,4.00,0.0194,0
2023-05-10 18:54:44,1683759284,24.0,11.6,96400,1.00,3.00,4.00,4.00,0.0136,0
2023-05-10 18:59:58,1683759598,23.8,11.8,96400,2.00,4.00,6.00,7.00,0.0115,0
2023-05-10 19:04:53,1683759894,23.6,11.9,96400,3.00,3.00,3.00,3.00,0.0112,0
2023-05-10 19:09:49,1683760189,23.5,12.1,96400,1.00,5.00,9.00,11.0,0.0121,0
2023-05-10 19:14:45,1683760485,23.4,12.3,96400,3.00,4.00,6.00,6.00,0.0180,0
2023-05-10 19:19:59,1683760800,23.2,12.7,96400,2.00,4.00,5.00,6.00,0.0180,0
2023-05-10 19:24:55,1683761096,23.0,13.0,96400,2.00,3.00,6.00,7.00,0.0121,0
2023-05-10 19:29:51,1683761392,22.8,13.2,96400,1.00,3.00,4.00,4.00,0.0128,0
2023-05-10 19:34:47,1683761688,22.5,13.4,96400,2.00,6.00,9.00,11.0,0.0114,0
2023-05-10 19:39:44,1683761984,22.3,13.7,96400,3.00,5.00,8.00,9.00,0.0161,0
2023-05-10 19:44:59,1683762299,22.1,13.8,96418,1.00,4.00,7.00,8.00,0.0189,0
2023-05-10 19:49:55,1683762596,21.9,14.0,96500,2.00,4.00,5.00,5.00,0.0295,0
2023-05-10 19:54:52,1683762892,21.7,14.1,96500,1.00,2.00,3.00,4.00,0.0269,0
2023-05-10 19:59:48,1683763189,21.5,14.2,96500,3.00,4.00,6.00,7.00,0.0138,0
2023-05-10 20:04:45,1683763485,21.3,14.6,96500,1.00,2.00,4.00,4.00,0.0158,0
2023-05-10 20:09:41,1683763782,21.2,14.5,96500,3.00,3.00,5.00,6.00,0.0173,0
2023-05-10 20:14:57,1683764098,21.0,14.6,96500,2.00,4.00,5.00,6.00,0.0112,0
2023-05-10 20:19:54,1683764395,20.9,14.9,96500,1.00,3.00,5.00,6.00,0.0138,0
2023-05-10 20:24:51,1683764692,20.7,14.8,96500,2.00,3.00,5.00,5.00,0.0141,0
2023-05-10 20:29:48,1683764989,20.6,14.9,96500,2.00,4.00,6.00,7.00,0.0131,0
2023-05-10 20:34:46,1683765286,20.4,15.1,96500,1.00,2.00,3.00,3.00,0.0119,0
2023-05-10 20:39:43,1683765583,20.3,15.2,96500,3.00,4.00,4.00,5.00,0.0103,0
2023-05-10 20:44:59,1683765899,20.2,15.2,96500,2.00,2.00,3.00,4.00,0.0107,0
2023-05-10 20:49:56,1683766197,20.1,15.6,96500,3.00,3.00,5.00,6.00,0.0107,0
2023-05-10 20:54:53,1683766494,20.1,15.6,96500,1.00,4.00,7.00,8.00,0.0135,0
2023-05-10 20:59:51,1683766791,20.1,15.7,96500,1.00,3.00,4.00,5.00,0.0125,0
2023-05-10 21:04:48,1683767089,20.0,15.8,96500,1.00,3.00,5.00,7.00,0.0125,0
2023-05-10 21:09:46,1683767386,20.0,15.9,96500,3.00,5.00,6.00,7.00,0.0149,0
2023-05-10 21:14:43,1683767684,19.9,15.9,96519,2.00,5.00,7.00,8.00,0.0145,0
2023-05-10 21:19:41,1683767982,19.8,16.0,96506,1.00,2.00,3.00,4.00,0.0174,0
2023-05-10 21:24:57,1683768298,19.7,16.0,96559,2.00,3.00,4.00,4.00,0.0233,0
2023-05-10 21:29:55,1683768595,19.6,16.1,96600,1.00,5.00,9.00,10.0,0.0124,0
2023-05-10 21:34:53,1683768893,19.5,16.3,96600,1.00,2.00,4.00,4.00,0.0171,0
2023-05-10 21:39:50,1683769191,19.5,16.3,96600,2.00,3.00,4.00,5.00,0.0133,0
2023-05-10 21:44:48,1683769489,19.4,16.5,96600,1.00,3.00,4.00,4.00,0.0102,0
2023-05-10 21:49:46,1683769786,19.4,16.5,96600,1.00,3.00,6.00,7.00,0.0123,0
2023-05-10 21:54:44,1683770084,19.3,16.6,96600,1.00,2.00,3.00,4.00,0.0123,0
2023-05-10 21:59:42,1683770382,19.3,16.7,96600,1.00,2.00,4.00,4.00,0.0123,0
2023-05-10 22:04:58,1683770698,19.2,16.7,96600,2.00,2.00,4.00,5.00,0.0101,0
2023-05-10 22:09:56,1683770996,19.2,17.0,96600,2.00,3.00,6.00,7.00,0.0110,0
2023-05-10 22:14:53,1683771294,19.2,17.0,96600,3.00,4.00,7.00,8.00,0.0136,0
2023-05-10 22:19:51,1683771592,19.2,17.1,96600,4.00,4.00,6.00,7.00,0.0130,0
2023-05-10 22:24:49,1683771890,19.1,17.1,96600,2.00,3.00,6.00,7.00,0.0113,0
2023-05-10 22:29:47,1683772187,19.0,17.1,96600,1.00,3.00,5.00,6.00,0.0214,0
2023-05-10 22:34:45,1683772486,18.8,17.2,96600,1.00,2.00,4.00,4.00,0.0214,0
2023-05-10 22:39:43,1683772784,18.6,17.4,96600,1e-7,1.00,3.00,3.00,0.0118,0
2023-05-10 22:44:41,1683773082,18.3,17.5,96600,1.00,2.00,4.00,4.00,0.0118,0
2023-05-10 22:49:58,1683773399,18.1,17.8,96600,1e-7,2.00,4.00,4.00,0.00995,0
2023-05-10 22:54:57,1683773697,17.9,17.9,96600,1e-7,1.00,1.00,1.00,0.00995,0
2023-05-10 22:59:55,1683773996,17.7,18.1,96600,1e-7,1e-7,1e-7,1e-7,0.00995,0
2023-05-10 23:04:54,1683774294,17.6,18.2,96600,1.00,4.00,6.00,7.00,0.0112,0
2023-05-10 23:09:52,1683774593,17.4,18.3,96600,1e-7,2.00,4.00,4.00,0.0134,0
2023-05-10 23:14:51,1683774892,17.3,18.5,96600,1.00,7.00,11.0,13.0,0.0134,0
2023-05-10 23:19:50,1683775190,17.2,18.6,96600,1e-7,2.00,4.00,4.00,0.0192,0
2023-05-10 23:24:49,1683775489,17.1,18.7,96600,1e-7,2.00,4.00,4.00,0.0198,0
2023-05-10 23:29:47,1683775788,16.9,18.9,96600,1e-7,1e-7,1e-7,1e-7,0.0139,0
2023-05-10 23:34:46,1683776087,16.8,19.0,96600,1e-7,1e-7,1e-7,1e-7,0.00995,0
2023-05-10 23:39:45,1683776386,16.6,19.2,96600,1e-7,1.00,3.00,3.00,0.00995,0
2023-05-10 23:44:44,1683776685,16.6,19.3,96600,1e-7,1.00,2.00,3.00,0.00995,0
2023-05-10 23:49:43,1683776984,16.6,19.5,96600,1.00,2.00,4.00,4.00,0.00995,0
2023-05-10 23:54:42,1683777283,16.5,19.6,96600,1e-7,1e-7,1e-7,1e-7,0.00995,0
2023-05-10 23:59:41,1683777582,16.4,19.8,96600,1.00,1.00,1.00,1.00,0.00995,0
2023-05-11 00:04:58,1683777899,16.2,19.9,96600,1e-7,1.00,3.00,3.00,0.00995,0
2023-05-11 00:09:57,1683778198,16.1,19.9,96600,1e-7,1.00,2.00,3.00,0.00995,0
2023-05-11 00:14:57,1683778497,16.0,20.0,96600,1e-7,1e-7,1e-7,1e-7,0.00995,0
2023-05-11 00:19:56,1683778797,16.0,20.1,96600,1e-7,2.00,4.00,4.00,0.00995,0
2023-05-11 00:24:55,1683779096,15.9,20.5,96600,1e-7,1.00,3.00,3.00,0.00995,0
2023-05-11 00:29:55,1683779395,15.8,20.2,96600,1e-7,1e-7,1e-7,1e-7,0.00995,0
2023-05-11 00:34:54,1683779695,15.8,20.5,96600,1e-7,2.00,4.00,4.00,0.00995,0
2023-05-11 00:39:54,1683779994,15.7,20.7,96600,1e-7,1e-7,1.00,1.00,0.00995,0
2023-05-11 00:44:53,1683780294,15.7,20.9,96600,1e-7,1e-7,1e-7,1e-7,0.00995,0
2023-05-11 00:49:53,1683780593,15.6,20.9,96600,1e-7,2.00,4.00,4.00,0.00995,0
2023-05-11 00:54:52,1683780893,15.5,21.0,96600,1e-7,2.00,4.00,4.00,0.00995,0
2023-05-11 00:59:52,1683781192,15.5,21.1,96600,1.00,2.00,3.00,4.00,0.00995,0
2023-05-11 01:04:51,1683781492,15.4,21.2,96600,1e-7,1e-7,1.00,1.00,0.00995,0
2023-05-11 01:09:51,1683781792,15.4,21.3,96600,1.00,3.00,6.00,7.00,0.0111,0
2023-05-11 01:14:51,1683782091,15.4,21.3,96600,1e-7,2.00,3.00,4.00,0.0127,0
2023-05-11 01:19:50,1683782391,15.3,21.4,96600,1e-7,2.00,4.00,4.00,0.0127,0
2023-05-11 01:24:50,1683782690,15.3,21.5,96600,1.00,3.00,6.00,7.00,0.00995,0
2023-05-11 01:29:49,1683782990,15.2,21.6,96600,1e-7,1.00,3.00,3.00,0.0114,0
2023-05-11 01:34:49,1683783289,15.2,21.7,96600,1e-7,2.00,3.00,4.00,0.0121,0
2023-05-11 01:39:49,1683783589,15.1,21.8,96600,1e-7,2.00,3.00,4.00,0.0114,0
2023-05-11 01:44:48,1683783889,15.1,22.1,96600,1e-7,1.00,3.00,3.00,0.00995,0
2023-05-11 01:49:48,1683784188,15.1,22.1,96600,1e-7,2.00,3.00,4.00,0.00995,0
2023-05-11 01:54:48,1683784488,15.1,22.1,96600,1e-7,2.00,4.00,4.00,0.00995,0
2023-05-11 01:59:47,1683784788,15.1,22.1,96600,1e-7,1e-7,1e-7,1e-7,0.00995,0
2023-05-11 02:04:48,1683785088,15.0,22.3,96600,1e-7,2.00,3.00,4.00,0.00995,0
2023-05-11 02:09:47,1683785388,14.9,22.3,96600,1e-7,1e-7,1e-7,1e-7,0.00995,0
2023-05-11 02:14:47,1683785687,14.9,22.4,96600,1e-7,1e-7,1e-7,1e-7,0.00995,0
2023-05-11 02:19:47,1683785987,14.8,22.5,96600,1.00,2.00,3.00,4.00,0.00995,0
2023-05-11 02:24:47,1683786287,14.7,22.5,96600,1e-7,1e-7,1e-7,1e-7,0.00995,0
2023-05-11 02:29:47,1683786587,14.6,22.6,96600,1e-7,2.00,3.00,4.00,0.00995,0
2023-05-11 02:34:47,1683786887,14.5,22.7,96600,1e-7,2.00,3.00,4.00,0.00995,0
2023-05-11 02:39:47,1683787187,14.4,22.8,96600,1.00,1.00,3.00,3.00,0.00995,0
2023-05-11 02:44:47,1683787487,14.4,23.0,96600,1.00,2.00,4.00,5.00,0.0100,0
2023-05-11 02:49:47,1683787787,14.3,23.2,96600,1e-7,1.00,3.00,3.00,0.0101,0
2023-05-11 02:54:47,1683788087,14.3,23.2,96600,1e-7,2.00,3.00,4.00,0.0101,0
2023-05-11 02:59:47,1683788387,14.2,23.2,96600,1e-7,1e-7,1e-7,1e-7,0.0101,0
2023-05-11 03:04:47,1683788688,14.2,23.4,96600,1e-7,2.00,4.00,4.00,0.00995,0
2023-05-11 03:09:47,1683788988,14.2,23.4,96600,1e-7,2.00,4.00,4.00,0.00995,0
2023-05-11 03:14:47,1683789288,14.2,23.4,96600,1e-7,1e-7,1.00,1.00,0.00995,0
2023-05-11 03:19:47,1683789588,14.1,23.6,96600,1.00,2.00,4.00,5.00,0.0101,0
2023-05-11 03:24:48,1683789888,14.1,23.9,96600,1e-7,1e-7,1.00,1.00,0.0101,0
2023-05-11 03:29:48,1683790188,14.2,23.8,96600,1e-7,2.00,4.00,4.00,0.0102,0
2023-05-11 03:34:48,1683790488,14.2,24.1,96600,1e-7,2.00,3.00,4.00,0.00995,0
2023-05-11 03:39:48,1683790788,14.3,24.2,96600,1e-7,1.00,3.00,3.00,0.00995,0
2023-05-11 03:44:48,1683791089,14.3,24.1,96600,1.00,1.00,3.00,3.00,0.00995,0
2023-05-11 03:49:48,1683791389,14.2,24.1,96600,1e-7,1.00,3.00,3.00,0.00995,0
2023-05-11 03:54:49,1683791689,14.1,24.1,96600,1.00,2.00,4.00,4.00,0.00995,0
2023-05-11 03:59:49,1683791989,14.1,24.2,96600,1e-7,1e-7,1e-7,1e-7,0.00995,0
2023-05-11 04:04:48,1683792289,14.0,24.4,96600,1e-7,1.00,3.00,3.00,0.00995,0
2023-05-11 04:09:48,1683792589,14.0,24.6,96600,1e-7,2.00,4.00,5.00,0.0102,0
2023-05-11 04:14:49,1683792889,14.1,24.7,96600,1e-7,2.00,3.00,4.00,0.0101,0
2023-05-11 04:19:49,1683793189,14.1,24.7,96600,1e-7,1.00,3.00,3.00,0.0101,0
2023-05-11 04:24:49,1683793490,14.1,24.8,96600,1.00,2.00,3.00,4.00,0.00995,0
2023-05-11 04:29:49,1683793790,14.1,24.9,96600,1.00,2.00,3.00,4.00,0.00995,0
2023-05-11 04:34:49,1683794090,14.1,25.0,96600,1.00,3.00,5.00,7.00,0.0122,0
2023-05-11 04:39:50,1683794390,14.0,25.2,96600,1.00,1.00,2.00,3.00,0.0128,0
2023-05-11 04:44:50,1683794690,13.9,25.2,96600,1.00,2.00,4.00,4.00,0.0122,0
2023-05-11 04:49:50,1683794991,13.9,25.4,96600,1.00,2.00,3.00,3.00,0.0109,0
2023-05-11 04:54:50,1683795291,13.9,25.5,96600,1e-7,2.00,3.00,4.00,0.00995,0
2023-05-11 04:59:50,1683795591,13.8,25.6,96600,1e-7,1.00,3.00,3.00,0.00995,0
2023-05-11 05:04:51,1683795891,13.8,25.7,96600,1e-7,2.00,4.00,5.00,0.00995,0
2023-05-11 05:09:51,1683796191,13.8,25.8,96600,2.00,3.00,6.00,7.00,0.0104,0
2023-05-11 05:14:51,1683796491,13.8,25.9,96600,1.00,4.00,7.00,8.00,0.0198,0
2023-05-11 05:19:51,1683796792,13.9,25.9,96600,1.00,2.00,4.00,4.00,0.0198,0
2023-05-11 05:24:51,1683797092,13.9,25.8,96600,1.00,2.00,4.00,4.00,0.0149,0
2023-05-11 05:26:49,1683797210,13.9,25.8,96600,1.00,2.00,3.00,4.00,0.0112,0
2023-05-11 05:34:44,1683797684,13.9,26.1,96700,1.00,1.00,1.00,1.00,0.00995,0
2023-05-11 05:39:44,1683797984,13.9,26.2,96694,1.00,2.00,4.00,4.00,0.00995,0
2023-05-11 05:44:44,1683798284,14.0,26.0,96700,1.00,2.00,3.00,4.00,0.00995,0
2023-05-11 05:49:44,1683798584,14.0,26.2,96700,1.00,4.00,6.00,7.00,0.00995,0
2023-05-11 05:50:03,1683798603,14.0,26.2,96700,1e-7,1e-7,1e-7,1e-7,0.0112,0
2023-05-11 11:29:57,1683818998,24.5,17.2,96700,4.00,4.00,5.00,5.00,,
2023-05-11 11:34:52,1683819292,24.7,17.0,96700,9.00,11.0,12.0,13.0,0.0833,0
2023-05-11 11:39:47,1683819587,25.0,16.9,96700,5.00,5.00,6.00,6.00,0.0833,1.15
2023-05-11 11:40:24,1683819624,25.2,16.7,96700,2.00,3.00,4.00,4.00,0.0288,1.15
2023-05-11 12:09:47,1683821388,25.7,15.6,96700,4.00,5.00,8.00,9.00,,
2023-05-11 12:14:42,1683821682,25.7,15.6,96700,7.00,7.00,9.00,11.0,,
2023-05-11 12:17:46,1683821866,25.6,15.4,96700,9.00,11.0,12.0,12.0,,
2023-05-11 12:49:42,1683823782,25.3,14.9,96700,5.00,7.00,10.0,12.0,0.0185,0
2023-05-11 12:54:36,1683824077,25.4,15.2,96700,5.00,5.00,5.00,5.00,0.0651,0
2023-05-11 13:09:56,1683824997,25.9,14.2,96700,3.00,5.00,7.00,8.00,0.0852,0
2023-05-11 13:13:00,1683825180,26.0,14.2,96700,4.00,5.00,5.00,6.00,0.0245,0
2023-05-11 13:19:49,1683825590,26.5,14.2,96700,3.00,5.00,6.00,6.00,0.00990,0
2023-05-11 13:24:43,1683825884,26.5,13.9,96700,3.00,8.00,13.0,15.0,0.0161,0
2023-05-11 13:29:56,1683826196,26.6,13.8,96700,3.00,4.00,7.00,9.00,0.0264,0
2023-05-11 13:31:27,1683826288,26.7,13.9,96700,1.00,2.00,4.00,4.00,0.0217,0
2023-05-11 13:59:50,1683827991,27.1,12.9,96700,1.00,2.00,4.00,5.00,,
2023-05-11 14:04:44,1683828284,27.1,13.0,96700,2.00,3.00,4.00,4.00,,
2023-05-11 14:08:43,1683828523,27.2,13.2,96662,1.00,2.00,4.00,4.00,,
2023-05-11 14:19:47,1683829188,27.4,13.0,96600,1.00,2.00,4.00,4.00,,
2023-05-11 14:24:59,1683829499,27.4,13.0,96600,1.00,4.00,7.00,8.00,0.0101,0
2023-05-11 14:27:07,1683829628,27.5,13.0,96600,1.00,2.00,3.00,4.00,0.00963,0
2023-05-11 14:34:49,1683830090,27.7,12.8,96600,2.00,2.00,2.00,3.00,0.0123,0
2023-05-11 14:39:42,1683830383,27.7,12.6,96600,2.00,5.00,8.00,10.0,0.0124,0
2023-05-11 14:44:53,1683830694,27.8,12.6,96600,1.00,3.00,6.00,7.00,0.0151,0
2023-05-11 14:45:30,1683830730,27.9,12.6,96600,1e-7,2.00,3.00,4.00,0.0142,0
2023-05-11 14:54:55,1683831296,27.9,12.5,96600,1.00,2.00,3.00,3.00,0.0142,0
2023-05-11 14:59:48,1683831589,28.0,12.6,96600,2.00,3.00,4.00,4.00,0.0123,0
2023-05-11 15:04:59,1683831900,28.1,12.5,96600,1.00,2.00,3.00,4.00,0.0148,0
2023-05-11 15:05:17,1683831918,28.1,12.5,96600,1.00,2.00,3.00,3.00,0.0102,0
2023-05-11 15:14:51,1683832492,28.3,12.4,96600,2.00,5.00,8.00,9.00,0.0104,0
2023-05-11 15:19:44,1683832785,28.4,12.0,96600,1.00,2.00,3.00,4.00,0.0147,0
2023-05-11 15:23:42,1683833022,28.3,11.9,96600,1.00,2.00,3.00,4.00,0.0116,0
2023-05-11 15:34:58,1683833698,28.3,12.1,96600,1.00,5.00,8.00,9.00,0.0130,0
2023-05-11 15:49:52,1683834592,28.5,12.1,96600,1.00,2.00,3.00,3.00,0.0130,0
2023-05-11 15:54:45,1683834885,28.5,12.0,96600,2.00,3.00,3.00,4.00,0.0159,0
2023-05-11 15:59:19,1683835160,28.5,11.9,96600,1.00,3.00,4.00,4.00,0.0132,0
2023-05-11 16:09:58,1683835798,28.5,11.8,96600,3.00,3.00,3.00,3.00,0.0100,0
2023-05-11 16:14:50,1683836091,28.4,12.0,96600,2.00,3.00,4.00,4.00,0.0101,0
2023-05-11 16:17:35,1683836256,28.5,12.1,96600,2.00,4.00,7.00,8.00,0.00999,0
2023-05-11 16:24:56,1683836697,28.6,12.1,96600,1.00,2.00,3.00,3.00,0.0135,0
2023-05-11 16:29:49,1683836989,28.6,12.1,96600,1.00,4.00,7.00,8.00,0.0169,0
2023-05-11 16:34:41,1683837282,28.8,12.1,96600,2.00,5.00,8.00,10.0,0.0118,0
2023-05-11 16:36:13,1683837373,28.8,11.9,96600,1.00,2.00,3.00,3.00,0.0126,0
2023-05-11 16:49:54,1683838195,29.1,11.8,96600,2.00,5.00,7.00,9.00,0.0126,0
2023-05-11 16:54:28,1683838468,29.2,11.6,96600,1.00,3.00,4.00,4.00,0.0117,0
2023-05-11 17:04:55,1683839095,29.1,11.6,96600,3.00,4.00,6.00,7.00,0.0187,0
2023-05-11 17:09:52,1683839392,29.2,11.6,96600,3.00,3.00,5.00,5.00,0.0131,0
2023-05-11 17:14:07,1683839648,29.3,11.7,96600,4.00,4.00,5.00,6.00,0.00941,0
2023-05-11 17:24:44,1683840285,29.9,11.6,96600,3.00,5.00,9.00,10.0,0.0104,0
2023-05-11 17:39:55,1683841196,30.2,11.2,96600,1e-7,1e-7,1e-7,1e-7,0.00884,0
2023-05-11 17:44:47,1683841488,30.2,11.2,96600,2.00,4.00,7.00,8.00,,
2023-05-11 17:49:58,1683841798,30.2,11.2,96600,1.00,5.00,8.00,10.0,,
2023-05-11 17:50:52,1683841852,30.1,11.0,96600,1e-7,1.00,1.00,2.00,,
2023-05-11 17:59:49,1683842389,29.9,11.0,96600,2.00,4.00,4.00,5.00,0.0130,0
2023-05-11 18:04:59,1683842700,30.0,11.1,96600,3.00,3.00,4.00,4.00,0.0183,0
2023-05-11 18:08:02,1683842882,30.0,11.1,96600,2.00,3.00,3.00,3.00,0.0177,0
2023-05-11 18:19:51,1683843591,29.8,10.9,96600,3.00,4.00,6.00,8.00,0.0162,0
2023-05-11 18:24:43,1683843884,29.4,10.9,96600,3.00,3.00,4.00,4.00,0.0181,0
2023-05-11 18:29:54,1683844195,28.7,11.3,96600,4.00,4.00,6.00,6.00,0.0121,0
2023-05-11 18:34:48,1683844488,28.0,11.3,96600,3.00,4.00,6.00,7.00,0.0165,0
2023-05-11 18:39:42,1683844782,27.5,11.7,96600,3.00,3.00,3.00,3.00,0.0136,0
2023-05-11 18:44:54,1683845094,27.1,11.9,96600,5.00,6.00,7.00,7.00,0.0140,0
2023-05-11 18:49:48,1683845389,26.6,12.2,96600,3.00,4.00,4.00,4.00,0.0160,0
2023-05-11 18:54:42,1683845683,26.3,12.6,96600,3.00,4.00,5.00,6.00,0.0168,0
2023-05-11 18:59:55,1683845996,26.1,12.7,96600,3.00,7.00,11.0,12.0,0.0206,0
2023-05-11 19:04:50,1683846290,25.9,12.9,96600,3.00,3.00,5.00,6.00,0.0220,0
2023-05-11 19:09:45,1683846585,25.7,13.1,96600,3.00,3.00,4.00,4.00,0.0155,0
2023-05-11 19:14:58,1683846898,25.5,13.3,96600,3.00,4.00,6.00,7.00,0.0133,0
2023-05-11 19:19:53,1683847193,25.3,13.3,96600,3.00,4.00,6.00,6.00,0.0137,0
2023-05-11 19:24:48,1683847488,25.1,13.5,96600,1.00,3.00,5.00,6.00,0.0171,0
2023-05-11 19:29:43,1683847784,24.9,13.6,96600,3.00,3.00,3.00,4.00,0.0190,0
2023-05-11 19:34:56,1683848096,24.7,13.8,96600,1.00,4.00,6.00,7.00,0.0151,0
2023-05-11 19:39:51,1683848391,24.5,14.1,96600,2.00,3.00,6.00,7.00,0.0173,0
2023-05-11 19:44:46,1683848687,24.2,14.0,96600,1.00,2.00,4.00,4.00,0.0173,0
2023-05-11 19:49:42,1683848983,24.0,14.3,96600,1.00,4.00,7.00,8.00,0.0189,0
2023-05-11 19:54:56,1683849297,23.7,14.5,96600,1.00,5.00,9.00,11.0,0.0266,0
2023-05-11 19:59:52,1683849593,23.4,14.7,96600,1.00,2.00,3.00,4.00,0.0266,0
2023-05-11 20:04:48,1683849889,23.2,14.9,96600,2.00,2.00,4.00,4.00,0.0261,0
2023-05-11 20:09:44,1683850185,23.0,15.0,96600,1.00,2.00,3.00,4.00,0.0107,0
2023-05-11 20:14:59,1683850500,22.8,15.1,96600,2.00,5.00,7.00,8.00,0.00995,0
2023-05-11 20:19:55,1683850796,22.6,15.4,96600,1.00,2.00,4.00,5.00,0.0201,0
2023-05-11 20:24:52,1683851092,22.4,15.6,96600,2.00,3.00,5.00,6.00,0.0128,0
2023-05-11 20:29:49,1683851389,22.3,15.7,96625,1.00,2.00,3.00,3.00,0.0136,0
2023-05-11 20:34:45,1683851686,22.2,15.9,96700,1.00,2.00,4.00,5.00,0.0136,0
2023-05-11 20:39:42,1683851982,22.1,16.0,96700,1.00,5.00,8.00,10.0,0.0103,0
2023-05-11 20:44:57,1683852297,22.0,16.1,96700,3.00,3.00,5.00,7.00,0.0116,0
2023-05-11 20:49:54,1683852594,21.9,16.2,96700,1.00,4.00,7.00,8.00,0.0159,0
2023-05-11 20:54:50,1683852891,21.8,16.3,96700,1.00,4.00,7.00,8.00,0.0303,0
2023-05-11 20:59:47,1683853188,21.7,16.5,96700,2.00,3.00,4.00,5.00,0.0303,0
2023-05-11 21:04:44,1683853485,21.6,16.6,96700,1.00,3.00,5.00,7.00,0.0142,0
2023-05-11 21:09:41,1683853782,21.5,16.7,96700,3.00,6.00,9.00,11.0,0.0223,0
2023-05-11 21:14:57,1683854097,21.5,16.8,96700,2.00,3.00,6.00,7.00,0.0252,0
2023-05-11 21:19:54,1683854394,21.5,16.8,96700,1.00,2.00,3.00,4.00,0.0252,0
2023-05-11 21:24:51,1683854691,21.4,17.0,96700,1.00,3.00,5.00,7.00,0.0125,0
2023-05-11 21:29:48,1683854988,21.3,16.8,96700,1.00,5.00,8.00,9.00,0.0105,0
2023-05-11 21:34:45,1683855286,21.2,17.0,96700,1.00,2.00,4.00,4.00,0.0121,0
2023-05-11 21:39:42,1683855583,21.1,17.0,96700,1e-7,2.00,4.00,4.00,0.0138,0
2023-05-11 21:44:58,1683855898,20.9,17.0,96700,2.00,4.00,5.00,6.00,0.0111,0
2023-05-11 21:49:55,1683856196,20.8,17.1,96700,1.00,2.00,3.00,4.00,0.0133,0
2023-05-11 21:54:52,1683856493,20.8,17.2,96700,1.00,2.00,3.00,4.00,0.0133,0
2023-05-11 21:59:50,1683856790,20.7,17.3,96700,1.00,2.00,4.00,5.00,0.0103,0
2023-05-11 22:04:47,1683857087,20.6,17.5,96700,1.00,4.00,7.00,9.00,0.0139,0
2023-05-11 22:09:44,1683857385,20.6,17.6,96700,1.00,3.00,4.00,5.00,0.0139,0
2023-05-11 22:14:42,1683857683,20.5,17.5,96700,1.00,2.00,3.00,4.00,0.0139,0
2023-05-11 22:19:58,1683857999,20.4,17.5,96700,1.00,3.00,4.00,5.00,0.00995,0
2023-05-11 22:24:56,1683858296,20.4,17.6,96700,1.00,3.00,4.00,5.00,0.00995,0
2023-05-11 22:29:54,1683858594,20.3,17.7,96700,1.00,2.00,3.00,4.00,0.0102,0
2023-05-11 22:34:51,1683858892,20.2,17.8,96700,1.00,4.00,7.00,8.00,0.0122,0
2023-05-11 22:39:49,1683859189,20.2,17.8,96700,1.00,2.00,3.00,4.00,0.0134,0
2023-05-11 22:44:46,1683859487,20.2,18.0,96700,1.00,2.00,3.00,4.00,0.0177,0
2023-05-11 22:49:44,1683859785,20.2,17.9,96700,1.00,2.00,3.00,3.00,0.0115,0
2023-05-11 22:54:42,1683860082,20.2,18.0,96700,1.00,1.00,3.00,3.00,0.00995,0
2023-05-11 22:59:58,1683860399,20.1,18.0,96700,2.00,3.00,4.00,4.00,0.0101,0
2023-05-11 23:04:56,1683860696,20.1,18.1,96700,1.00,2.00,3.00,4.00,0.0101,0
2023-05-11 23:09:54,1683860994,20.1,18.2,96700,1.00,3.00,6.00,7.00,0.0101,0
2023-05-11 23:14:52,1683861292,20.1,18.2,96675,1.00,3.00,6.00,7.00,0.0144,0
2023-05-11 23:19:49,1683861590,20.2,18.5,96600,2.00,3.00,3.00,4.00,0.0212,0
2023-05-11 23:24:47,1683861887,20.2,18.4,96613,1.00,1.00,3.00,3.00,0.0165,0
2023-05-11 23:29:45,1683862185,20.3,18.4,96600,1.00,3.00,4.00,5.00,0.0121,0
2023-05-11 23:34:42,1683862482,20.3,18.4,96600,1.00,4.00,7.00,8.00,0.0121,0
2023-05-11 23:39:58,1683862799,20.4,18.5,96600,1e-7,2.00,3.00,4.00,0.0143,0
2023-05-11 23:44:56,1683863096,20.5,18.4,96600,1.00,2.00,3.00,4.00,0.0175,0
2023-05-11 23:49:53,1683863394,20.5,18.4,96600,2.00,5.00,8.00,10.0,0.0161,0
2023-05-11 23:54:51,1683863691,20.5,18.5,96600,1.00,5.00,8.00,9.00,0.0338,0
2023-05-11 23:59:48,1683863989,20.5,18.5,96600,1.00,4.00,6.00,6.00,0.0160,0
2023-05-12 00:04:46,1683864286,20.5,18.5,96600,2.00,6.00,8.00,9.00,0.00991,0
2023-05-12 00:09:43,1683864584,20.6,18.4,96600,1.00,3.00,6.00,7.00,0.0163,0
2023-05-12 00:14:59,1683864900,20.6,18.5,96600,1.00,4.00,7.00,8.00,0.0114,0
2023-05-12 00:19:57,1683865197,20.6,18.5,96600,1.00,3.00,5.00,5.00,0.0150,0
2023-05-12 00:24:55,1683865495,20.5,18.6,96600,1.00,4.00,7.00,9.00,0.0165,0
2023-05-12 00:29:52,1683865793,20.5,18.6,96600,1.00,3.00,5.00,6.00,0.0133,0
2023-05-12 00:34:50,1683866090,20.4,18.6,96600,1e-7,2.00,4.00,4.00,0.0133,0
2023-05-12 00:39:47,1683866388,20.3,18.7,96600,1.00,2.00,3.00,4.00,0.0111,0
2023-05-12 00:44:45,1683866685,20.1,18.8,96600,1.00,2.00,4.00,4.00,0.0113,0
2023-05-12 00:49:43,1683866983,20.0,18.8,96600,1.00,3.00,5.00,6.00,0.0140,0
2023-05-12 00:54:59,1683867299,19.9,19.0,96600,1.00,4.00,6.00,7.00,0.0210,0
2023-05-12 00:59:57,1683867597,19.8,19.1,96600,1e-7,2.00,3.00,4.00,0.0141,0
2023-05-12 01:04:54,1683867895,19.7,19.2,96600,1.00,5.00,9.00,10.0,0.0182,0
2023-05-12 01:09:52,1683868193,19.6,19.2,96600,1.00,3.00,5.00,6.00,0.0187,0
2023-05-12 01:14:50,1683868491,19.5,19.5,96600,1.00,2.00,4.00,4.00,0.0195,0
2023-05-12 01:19:48,1683868789,19.4,19.4,96600,1.00,1.00,3.00,3.00,0.0115,0
2023-05-12 01:24:46,1683869087,19.4,19.6,96600,1.00,3.00,6.00,7.00,0.0112,0
2023-05-12 01:29:44,1683869384,19.4,19.7,96600,1.00,6.00,10.0,11.0,0.0131,0
2023-05-12 01:34:42,1683869683,19.3,19.8,96600,1e-7,2.00,3.00,4.00,0.0154,0
2023-05-12 01:39:59,1683869999,19.3,19.8,96600,1.00,3.00,5.00,6.00,0.0152,0
2023-05-12 01:44:56,1683870297,19.3,19.9,96600,1.00,3.00,6.00,7.00,0.0146,0
2023-05-12 01:49:54,1683870595,19.4,19.9,96600,1.00,5.00,8.00,9.00,0.0214,0
2023-05-12 01:54:52,1683870893,19.4,19.8,96600,1.00,3.00,6.00,7.00,0.0257,0
2023-05-12 01:59:50,1683871191,19.5,19.9,96550,1.00,2.00,4.00,4.00,0.0257,0
2023-05-12 02:04:48,1683871488,19.5,20.0,96500,1.00,3.00,6.00,7.00,0.0137,0
2023-05-12 02:09:46,1683871786,19.5,20.1,96500,1.00,2.00,4.00,4.00,0.0137,0
2023-05-12 02:14:44,1683872084,19.6,20.2,96538,1.00,4.00,6.00,7.00,0.0149,0
2023-05-12 02:19:42,1683872382,19.6,20.3,96519,1.00,2.00,4.00,4.00,0.0149,0
2023-05-12 02:24:58,1683872698,19.6,20.4,96553,2.00,2.00,4.00,4.00,0.0156,0
2023-05-12 02:29:56,1683872996,19.5,20.5,96600,1.00,6.00,10.0,11.0,0.0129,0
2023-05-12 02:34:53,1683873294,19.4,20.5,96600,1.00,3.00,6.00,7.00,0.0109,0
2023-05-12 02:39:51,1683873592,19.2,20.8,96600,1e-7,2.00,4.00,4.00,0.0130,0
2023-05-12 02:44:49,1683873890,19.1,21.1,96600,1.00,6.00,10.0,12.0,0.0148,0
2023-05-12 02:49:47,1683874188,18.9,21.0,96600,1.00,4.00,6.00,7.00,0.0237,0
2023-05-12 02:54:45,1683874486,18.8,21.3,96600,2.00,3.00,3.00,4.00,0.0191,0
2023-05-12 02:59:44,1683874784,18.7,21.4,96600,1.00,2.00,3.00,4.00,0.0126,0
2023-05-12 03:04:42,1683875082,18.6,21.5,96525,1.00,3.00,6.00,7.00,0.0139,0
2023-05-12 03:09:59,1683875399,18.6,21.5,96500,1.00,6.00,10.0,12.0,0.0188,0
2023-05-12 03:14:57,1683875697,18.6,21.6,96500,1.00,3.00,5.00,6.00,0.0177,0
2023-05-12 03:19:55,1683875996,18.6,21.5,96500,2.00,4.00,6.00,6.00,0.0177,0
2023-05-12 03:24:54,1683876294,18.6,21.6,96500,3.00,3.00,3.00,4.00,0.0154,0
2023-05-12 03:29:52,1683876592,18.7,21.6,96500,2.00,4.00,5.00,6.00,0.0154,0
2023-05-12 03:34:50,1683876891,18.7,21.6,96500,1.00,5.00,7.00,9.00,0.0155,0
2023-05-12 03:39:48,1683877189,18.7,21.5,96500,1.00,4.00,6.00,7.00,0.0137,0
2023-05-12 03:44:46,1683877487,18.7,21.6,96500,1.00,3.00,5.00,7.00,0.0189,0
2023-05-12 03:49:45,1683877785,18.7,21.6,96588,1.00,5.00,8.00,9.00,0.0189,0
2023-05-12 03:54:43,1683878083,18.8,21.8,96600,2.00,2.00,3.00,4.00,0.0187,0
2023-05-12 03:59:41,1683878382,18.7,21.9,96600,2.00,2.00,3.00,4.00,0.0187,0
2023-05-12 04:04:58,1683878698,18.6,22.1,96600,2.00,3.00,4.00,5.00,0.0112,0
2023-05-12 04:09:56,1683878997,18.5,22.7,96600,2.00,2.00,4.00,4.00,0.0102,0
2023-05-12 04:14:54,1683879295,18.5,22.9,96600,1.00,2.00,4.00,4.00,0.0101,0
2023-05-12 04:19:53,1683879593,18.4,23.0,96600,1.00,4.00,7.00,8.00,0.0137,0
2023-05-12 04:24:51,1683879892,18.3,23.2,96600,1.00,3.00,5.00,6.00,0.0182,0
2023-05-12 04:29:50,1683880190,18.2,23.4,96600,1.00,4.00,7.00,8.00,0.0182,0
2023-05-12 04:34:48,1683880489,18.2,23.2,96600,1.00,4.00,7.00,9.00,0.0113,0
2023-05-12 04:39:47,1683880787,18.1,23.4,96600,1.00,3.00,4.00,4.00,0.0113,0
2023-05-12 04:44:45,1683881085,18.1,23.5,96600,2.00,3.00,5.00,6.00,0.0106,0
2023-05-12 04:49:43,1683881384,18.1,23.5,96600,1.00,4.00,6.00,7.00,0.0124,0
2023-05-12 04:54:42,1683881682,18.0,23.8,96600,1.00,4.00,7.00,9.00,0.0120,0
2023-05-12 04:59:59,1683881999,18.0,23.9,96600,2.00,2.00,3.00,4.00,0.0113,0
2023-05-12 05:04:57,1683882298,17.9,24.1,96600,1e-7,2.00,4.00,4.00,0.0129,0
2023-05-12 05:09:56,1683882596,17.9,24.0,96600,1.00,5.00,8.00,10.0,0.0154,0
2023-05-12 05:14:54,1683882895,17.7,24.3,96600,1.00,3.00,6.00,7.00,0.0137,0
2023-05-12 05:19:53,1683883193,17.7,24.5,96600,1.00,2.00,3.00,4.00,0.0110,0
2023-05-12 05:24:51,1683883492,17.7,24.6,96600,1.00,5.00,8.00,10.0,0.0132,0
2023-05-12 05:29:50,1683883791,17.7,24.6,96600,1.00,2.00,3.00,4.00,0.0185,0
2023-05-12 05:34:48,1683884088,17.7,24.8,96600,3.00,4.00,4.00,4.00,0.0185,0
2023-05-12 05:39:46,1683884387,17.7,24.9,96600,1e-7,4.00,8.00,9.00,0.0112,0
2023-05-12 05:44:45,1683884685,17.8,25.0,96600,1.00,3.00,6.00,7.00,0.0135,0
2023-05-12 05:49:43,1683884984,17.9,25.4,96600,1e-7,4.00,7.00,9.00,0.0232,0
2023-05-12 05:54:42,1683885283,18.0,25.4,96600,1.00,1.00,1.00,1.00,0.0253,0
2023-05-12 05:59:59,1683885600,18.1,25.3,96600,1.00,2.00,3.00,4.00,0.0352,0
2023-05-12 06:04:58,1683885898,18.2,25.2,96600,3.00,3.00,3.00,4.00,0.0132,0
2023-05-12 06:09:56,1683886197,18.2,25.4,96600,1.00,3.00,6.00,7.00,0.00995,0
2023-05-12 06:11:29,1683886290,18.3,25.4,96600,1.00,1.00,2.00,2.00,0.0134,0
2023-05-12 10:34:45,1683902086,23.5,26.4,96700,4.00,6.00,9.00,10.0,,
2023-05-12 10:39:59,1683902400,23.2,27.0,96700,2.00,5.00,9.00,11.0,,
2023-05-12 10:54:43,1683903284,21.8,31.8,96700,1.00,3.00,6.00,7.00,,
2023-05-12 10:55:39,1683903339,21.7,32.3,96700,1.00,1.00,2.00,2.00,,
2023-05-12 12:19:57,1683908398,25.5,28.7,96600,4.00,4.00,6.00,7.00,,
2023-05-12 12:24:52,1683908692,25.4,28.6,96600,3.00,4.00,6.00,7.00,0.0104,0
2023-05-12 12:28:14,1683908895,25.2,28.7,96600,4.00,4.00,4.00,4.00,0.0108,0
2023-05-12 12:44:47,1683909888,24.0,32.7,96600,2.00,5.00,8.00,10.0,0.0148,0
2023-05-12 12:46:38,1683909999,24.0,33.1,96600,1.00,2.00,3.00,3.00,0.0120,0
2023-05-12 12:54:42,1683910483,24.3,32.2,96600,1.00,1.00,1.00,2.00,0.0100,0
2023-05-12 12:59:56,1683910796,24.4,31.9,96600,2.00,2.00,4.00,4.00,0.0251,0
2023-05-12 13:04:51,1683911092,24.6,32.1,96600,1.00,2.00,4.00,4.00,0.0190,0
2023-05-12 13:05:28,1683911128,24.8,31.7,96600,1e-7,1.00,2.00,2.00,0.00995,0
2023-05-12 13:14:42,1683911683,25.2,30.8,96600,1.00,2.00,3.00,3.00,0.00995,0
2023-05-12 13:19:55,1683911996,25.3,30.7,96500,2.00,3.00,4.00,5.00,0.0102,0
2023-05-12 13:23:55,1683912235,25.8,30.2,96500,5.00,5.00,5.00,5.00,0.0143,0
2023-05-12 14:14:51,1683915291,27.0,25.8,96500,1.00,3.00,5.00,6.00,,
2023-05-12 14:19:44,1683915585,27.2,24.5,96500,1.00,2.00,3.00,4.00,,
2023-05-12 14:20:20,1683915621,27.3,23.8,96500,1e-7,1e-7,1e-7,1e-7,,
2023-05-12 14:29:47,1683916187,27.4,23.2,96500,1.00,4.00,8.00,9.00,,
2023-05-12 14:34:59,1683916499,27.4,23.0,96500,1.00,3.00,5.00,5.00,0.0133,0
2023-05-12 14:37:44,1683916664,27.3,23.2,96500,1.00,2.00,3.00,4.00,0.0130,0
2023-05-12 14:49:58,1683917398,27.5,23.4,96500,1.00,2.00,4.00,4.00,0.0137,0
2023-05-12 14:54:51,1683917692,27.5,23.3,96500,1e-7,4.00,8.00,9.00,0.0133,0
2023-05-12 14:57:00,1683917820,27.5,23.3,96500,2.00,7.00,11.0,13.0,0.0134,0
2023-05-12 15:04:44,1683918284,27.8,22.2,96500,1.00,3.00,4.00,5.00,0.0118,0
2023-05-12 15:09:55,1683918596,27.8,22.0,96500,1.00,2.00,3.00,4.00,0.0139,0
2023-05-12 15:14:31,1683918871,27.6,21.7,96500,1.00,4.00,7.00,8.00,0.0173,0
2023-05-12 15:24:52,1683919492,27.2,22.2,96450,1.00,1.00,1.00,2.00,0.0113,0
2023-05-12 15:29:45,1683919785,27.4,21.9,96431,2.00,2.00,3.00,4.00,0.0149,0
2023-05-12 15:34:19,1683920060,27.8,21.0,96400,1.00,2.00,4.00,4.00,0.0107,0
2023-05-12 15:39:56,1683920396,28.4,19.9,96400,1.00,2.00,3.00,4.00,0.00995,0
2023-05-12 15:41:45,1683920506,28.5,20.0,96400,1.00,3.00,4.00,4.00,0.0100,0
2023-05-12 16:24:46,1683923086,27.2,18.0,96400,3.00,3.00,4.00,4.00,,
2023-05-12 16:29:39,1683923380,26.8,18.2,96400,3.00,4.00,7.00,9.00,,
2023-05-12 16:39:46,1683923986,26.4,18.6,96500,1.00,2.00,2.00,3.00,,
2023-05-12 16:44:59,1683924299,26.2,18.8,96500,2.00,2.00,4.00,4.00,0.0132,0
2023-05-12 16:47:26,1683924447,25.9,19.2,96500,1.00,2.00,4.00,4.00,0.0132,0
2023-05-12 16:54:53,1683924893,25.7,19.9,96500,1.00,2.00,2.00,3.00,0.0101,0
2023-05-12 16:59:47,1683925188,25.8,20.0,96500,1.00,2.00,4.00,4.00,0.00995,0
2023-05-12 17:02:51,1683925372,25.7,20.0,96500,1.00,2.00,3.00,4.00,0.00995,0
2023-05-12 17:14:45,1683926085,25.5,20.5,96500,2.00,2.00,2.00,2.00,0.00995,0
2023-05-12 17:19:58,1683926398,25.4,20.5,96500,2.00,3.00,6.00,7.00,0.0116,0
2023-05-12 17:23:57,1683926637,25.3,20.8,96500,1.00,2.00,4.00,5.00,0.0148,0
2023-05-12 17:29:41,1683926982,25.3,20.9,96500,1.00,3.00,6.00,7.00,0.0135,0
2023-05-12 17:34:54,1683927295,25.3,20.8,96500,2.00,6.00,9.00,11.0,0.0145,0
2023-05-12 17:39:49,1683927590,25.2,20.9,96500,2.00,3.00,6.00,7.00,0.0187,0
2023-05-12 17:42:35,1683927756,25.1,20.9,96500,2.00,3.00,5.00,5.00,0.0187,0
2023-05-12 17:54:48,1683928489,24.6,21.6,96500,1.00,2.00,3.00,4.00,0.0142,0
2023-05-12 17:59:43,1683928784,24.6,21.8,96500,2.00,4.00,5.00,6.00,0.0175,0
2023-05-12 18:00:57,1683928858,24.7,21.9,96500,1e-7,1.00,3.00,3.00,0.0104,0
2023-05-12 18:09:55,1683929395,24.8,22.0,96500,2.00,5.00,7.00,8.00,0.0115,0
2023-05-12 18:14:50,1683929690,24.8,21.9,96500,2.00,2.00,3.00,4.00,0.0115,0
2023-05-12 18:19:45,1683929985,24.7,22.1,96500,2.00,2.00,4.00,5.00,0.0149,0
2023-05-12 18:24:58,1683930299,24.5,22.0,96500,1.00,2.00,3.00,4.00,0.00995,0
2023-05-12 18:29:54,1683930594,24.4,22.2,96500,1.00,4.00,7.00,8.00,0.0109,0
2023-05-12 18:34:49,1683930890,24.3,22.3,96500,1.00,2.00,3.00,3.00,0.0162,0
2023-05-12 18:39:45,1683931186,24.3,22.3,96500,1.00,3.00,4.00,5.00,0.0178,0
2023-05-12 18:44:59,1683931499,24.2,22.3,96500,1.00,4.00,6.00,8.00,0.0191,0
2023-05-12 18:49:54,1683931795,24.2,22.4,96500,1.00,3.00,5.00,6.00,0.0148,0
2023-05-12 18:54:50,1683932090,24.1,22.6,96500,1.00,2.00,3.00,4.00,0.0145,0
2023-05-12 18:59:46,1683932386,23.9,22.7,96500,2.00,3.00,6.00,7.00,0.0134,0
2023-05-12 19:04:41,1683932682,23.8,22.7,96500,1.00,2.00,3.00,4.00,0.0141,0
2023-05-12 19:09:56,1683932996,23.7,23.0,96500,1.00,3.00,5.00,6.00,0.0138,0
2023-05-12 19:14:52,1683933292,23.6,22.9,96500,1.00,2.00,4.00,4.00,0.0122,0
2023-05-12 19:19:48,1683933588,23.5,23.4,96500,2.00,2.00,3.00,4.00,0.0120,0
2023-05-12 19:24:43,1683933884,23.4,23.2,96500,1.00,4.00,7.00,8.00,0.0236,0
2023-05-12 19:29:58,1683934198,23.2,23.2,96500,2.00,3.00,5.00,6.00,0.0236,0
2023-05-12 19:34:54,1683934494,23.1,23.3,96500,2.00,2.00,3.00,4.00,0.0153,0
2023-05-12 19:39:50,1683934791,23.0,23.4,96500,1.00,3.00,5.00,6.00,0.0123,0
2023-05-12 19:44:46,1683935087,22.9,23.5,96500,1.00,4.00,6.00,7.00,0.0109,0
2023-05-12 19:49:43,1683935383,22.8,24.0,96500,3.00,4.00,4.00,4.00,0.0148,0
2023-05-12 19:54:57,1683935698,22.4,25.0,96500,6.00,7.00,7.00,7.00,0.0131,0
2023-05-12 19:59:54,1683935994,21.6,26.3,96500,4.00,4.00,6.00,7.00,0.0172,0
2023-05-12 20:04:51,1683936291,21.0,28.4,96556,4.00,5.00,6.00,7.00,0.0172,0
2023-05-12 20:09:48,1683936588,20.3,30.7,96519,3.00,5.00,6.00,7.00,0.0106,0
2023-05-12 20:14:45,1683936885,19.6,32.1,96563,4.00,5.00,5.00,5.00,0.0120,0
2023-05-12 20:19:43,1683937183,19.3,32.5,96500,3.00,3.00,4.00,5.00,0.0146,0
2023-05-12 20:24:59,1683937499,19.2,32.4,96576,4.00,5.00,8.00,10.0,0.0150,0
2023-05-12 20:29:56,1683937797,19.3,32.7,96600,3.00,7.00,10.0,11.0,0.0206,0
2023-05-12 20:34:54,1683938094,19.4,33.1,96600,3.00,5.00,8.00,9.00,0.0153,0
2023-05-12 20:39:52,1683938392,19.4,33.4,96600,4.00,9.00,12.0,14.0,0.0264,0
2023-05-12 20:44:49,1683938690,19.4,33.8,96600,8.00,9.00,10.0,11.0,0.0284,0
2023-05-12 20:49:47,1683938987,19.3,34.4,96600,3.00,4.00,6.00,6.00,0.0237,0
2023-05-12 20:54:45,1683939285,19.3,34.7,96600,5.00,9.00,12.0,13.0,0.0129,0
2023-05-12 20:59:43,1683939583,19.1,34.5,96600,5.00,5.00,5.00,5.00,0.0432,0
2023-05-12 21:04:59,1683939900,19.0,34.6,96600,3.00,5.00,6.00,7.00,0.0432,0
2023-05-12 21:09:57,1683940197,18.8,35.0,96600,4.00,5.00,6.00,7.00,0.0226,0
2023-05-12 21:14:55,1683940495,18.6,35.6,96600,3.00,6.00,8.00,9.00,0.0137,0
2023-05-12 21:19:53,1683940793,18.5,36.0,96600,3.00,4.00,6.00,7.00,0.0181,0
2023-05-12 21:24:51,1683941092,18.3,36.2,96600,3.00,5.00,7.00,8.00,0.0181,0
2023-05-12 21:29:49,1683941390,18.2,36.4,96600,3.00,4.00,5.00,6.00,0.0117,0
2023-05-12 21:34:47,1683941688,18.1,36.7,96600,3.00,7.00,12.0,14.0,0.0110,0
2023-05-12 21:39:46,1683941986,18.0,36.9,96600,3.00,7.00,11.0,12.0,0.0191,0
2023-05-12 21:44:44,1683942285,18.0,37.3,96600,6.00,8.00,8.00,9.00,0.0252,0
2023-05-12 21:49:42,1683942583,17.9,37.8,96600,4.00,5.00,6.00,7.00,0.0223,0
2023-05-12 21:54:59,1683942900,17.6,39.0,96682,4.00,6.00,8.00,9.00,0.0167,0
2023-05-12 21:59:58,1683943198,17.2,41.0,96700,2.00,4.00,6.00,7.00,0.0371,0
2023-05-12 22:04:56,1683943497,16.8,41.7,96625,2.00,3.00,5.00,6.00,0.0292,0
2023-05-12 22:09:55,1683943796,16.5,42.7,96600,2.00,3.00,4.00,5.00,0.0142,0
2023-05-12 22:14:54,1683944094,16.3,43.1,96600,2.00,4.00,6.00,7.00,0.0132,0
2023-05-12 22:19:53,1683944393,16.0,43.8,96600,4.00,4.00,5.00,6.00,0.0132,0
2023-05-12 22:24:52,1683944692,15.9,44.0,96600,3.00,6.00,9.00,11.0,0.0168,0
2023-05-12 22:29:51,1683944991,15.7,44.5,96600,3.00,5.00,8.00,9.00,0.0110,0
2023-05-12 22:34:50,1683945290,15.6,44.6,96600,4.00,6.00,7.00,7.00,0.0115,0
2023-05-12 22:39:49,1683945590,15.5,44.8,96600,5.00,6.00,7.00,8.00,0.0173,0
2023-05-12 22:44:48,1683945889,15.4,45.5,96600,3.00,4.00,6.00,6.00,0.0161,0
2023-05-12 22:49:48,1683946188,15.4,45.5,96600,4.00,5.00,8.00,9.00,0.0168,0
2023-05-12 22:54:47,1683946488,15.3,45.6,96600,4.00,8.00,11.0,13.0,0.0238,0
2023-05-12 22:59:46,1683946787,15.3,46.1,96600,2.00,5.00,8.00,10.0,0.0215,0
2023-05-12 23:04:46,1683947086,15.3,45.9,96600,2.00,3.00,4.00,5.00,0.0179,0
2023-05-12 23:09:45,1683947386,15.3,46.0,96600,4.00,7.00,9.00,9.00,0.0148,0
2023-05-12 23:14:45,1683947685,15.3,45.7,96600,4.00,7.00,10.0,11.0,0.0263,0
2023-05-12 23:17:33,1683947854,15.3,45.5,96600,2.00,2.00,3.00,3.00,0.0240,0
2023-05-12 23:34:57,1683948897,15.3,44.3,96600,3.00,5.00,6.00,6.00,0.0370,0
2023-05-12 23:39:56,1683949197,15.2,44.0,96600,4.00,7.00,9.00,10.0,0.0302,0
2023-05-12 23:44:56,1683949497,15.2,43.2,96600,4.00,4.00,7.00,8.00,0.0112,0
2023-05-12 23:49:56,1683949796,15.1,42.6,96600,5.00,5.00,8.00,9.00,0.0132,0
2023-05-12 23:54:55,1683950096,15.1,42.3,96600,3.00,5.00,6.00,6.00,0.0236,0
2023-05-12 23:59:55,1683950395,15.0,41.4,96600,5.00,10.0,14.0,16.0,0.0248,0
2023-05-13 00:04:54,1683950695,14.8,40.5,96600,6.00,7.00,10.0,12.0,0.0605,0
2023-05-13 00:09:54,1683950994,14.8,39.8,96600,5.00,5.00,6.00,6.00,0.0297,0
2023-05-13 00:14:54,1683951294,14.7,39.1,96600,5.00,6.00,7.00,8.00,0.0151,0
2023-05-13 00:19:53,1683951594,14.6,38.8,96600,6.00,6.00,7.00,7.00,0.0232,0
2023-05-13 00:24:53,1683951894,14.5,38.8,96600,5.00,5.00,6.00,6.00,0.0372,0
2023-05-13 00:29:53,1683952193,14.3,38.9,96600,6.00,7.00,8.00,8.00,0.0278,0
2023-05-13 00:34:53,1683952494,14.2,39.0,96631,6.00,6.00,6.00,7.00,0.0273,0
2023-05-13 00:39:53,1683952794,14.0,39.1,96631,5.00,6.00,7.00,7.00,0.0169,0
2023-05-13 00:44:53,1683953094,13.9,39.5,96600,7.00,11.0,15.0,18.0,0.0508,0
2023-05-13 00:49:53,1683953393,13.7,39.4,96638,6.00,9.00,13.0,14.0,0.0616,0
2023-05-13 00:54:53,1683953693,13.5,39.1,96700,5.00,7.00,9.00,10.0,0.0354,0
2023-05-13 00:59:53,1683953994,13.3,38.7,96700,7.00,11.0,14.0,15.0,0.0466,0
2023-05-13 01:04:53,1683954294,13.1,38.5,96694,6.00,8.00,10.0,12.0,0.0306,0
2023-05-13 01:09:54,1683954594,12.8,38.4,96700,4.00,5.00,6.00,6.00,0.0350,0
2023-05-13 01:14:54,1683954894,12.6,38.5,96700,5.00,11.0,16.0,18.0,0.0627,0
2023-05-13 01:19:54,1683955195,12.5,38.6,96700,4.00,7.00,8.00,9.00,0.0306,0
2023-05-13 01:20:32,1683955233,12.4,38.7,96700,1.00,2.00,3.00,3.00,0.0375,0
2023-05-13 01:39:41,1683956382,11.8,39.1,96700,5.00,7.00,10.0,12.0,,
2023-05-13 01:44:42,1683956683,11.7,39.1,96700,6.00,6.00,6.00,6.00,,
2023-05-13 01:49:43,1683956983,11.6,39.1,96700,4.00,6.00,10.0,11.0,,
2023-05-13 01:54:44,1683957284,11.5,39.1,96700,5.00,7.00,8.00,8.00,0.0196,0
2023-05-13 01:59:45,1683957585,11.5,39.1,96700,6.00,9.00,10.0,11.0,0.0174,0
2023-05-13 02:04:45,1683957886,11.4,38.8,96700,4.00,4.00,6.00,6.00,0.0197,0
2023-05-13 02:09:46,1683958187,11.3,38.5,96700,5.00,5.00,5.00,6.00,0.0268,0
2023-05-13 02:14:48,1683958489,11.2,38.5,96700,6.00,8.00,9.00,10.0,0.0165,0
2023-05-13 02:19:49,1683958790,11.1,38.3,96700,5.00,6.00,8.00,9.00,0.0216,0
2023-05-13 02:22:57,1683958978,11.0,38.2,96700,4.00,5.00,5.00,6.00,0.0162,0
2023-05-13 02:34:58,1683959699,10.8,38.3,96700,2.00,2.00,3.00,3.00,0.00719,0
2023-05-13 02:39:58,1683959999,10.7,38.1,96700,3.00,4.00,5.00,5.00,0.0114,0
2023-05-13 02:44:59,1683960300,10.6,38.3,96700,4.00,6.00,9.00,11.0,0.0130,0
2023-05-13 02:49:42,1683960582,10.5,38.4,96700,3.00,4.00,5.00,6.00,0.0152,0
2023-05-13 02:54:43,1683960884,10.4,38.6,96700,4.00,6.00,8.00,9.00,0.0216,0
2023-05-13 02:59:54,1683961195,10.4,38.7,96700,5.00,5.00,7.00,8.00,0.0117,0
2023-05-13 03:04:56,1683961496,10.3,38.8,96700,3.00,4.00,4.00,5.00,0.0117,0
2023-05-13 03:09:57,1683961798,10.2,38.9,96700,4.00,6.00,9.00,10.0,0.0106,0
2023-05-13 03:14:59,1683962099,10.1,39.2,96700,3.00,6.00,7.00,8.00,0.0278,0
2023-05-13 03:19:41,1683962382,10.1,39.4,96700,3.00,5.00,7.00,9.00,0.0278,0
2023-05-13 03:24:43,1683962684,9.99,39.0,96713,4.00,6.00,7.00,7.00,0.0236,0
2023-05-13 03:29:44,1683962985,9.91,39.1,96700,5.00,8.00,10.0,11.0,0.0156,0
2023-05-13 03:34:46,1683963287,9.84,39.4,96700,2.00,4.00,6.00,7.00,0.0146,0
2023-05-13 03:39:48,1683963588,9.80,39.5,96706,2.00,6.00,9.00,11.0,0.0142,0
2023-05-13 03:44:49,1683963890,9.76,39.5,96706,4.00,6.00,9.00,11.0,0.0164,0
2023-05-13 03:49:51,1683964191,9.73,39.5,96794,3.00,3.00,4.00,4.00,0.0141,0
2023-05-13 03:54:52,1683964493,9.70,39.4,96800,4.00,6.00,7.00,8.00,0.0214,0
2023-05-13 03:59:54,1683964794,9.67,39.7,96775,6.00,6.00,9.00,10.0,0.0318,0
2023-05-13 04:04:56,1683965096,9.66,40.1,96763,6.00,6.00,7.00,8.00,0.0164,0
2023-05-13 04:09:57,1683965398,9.67,39.8,96800,4.00,6.00,6.00,6.00,0.0191,0
2023-05-13 04:14:59,1683965699,9.68,39.6,96744,2.00,4.00,6.00,7.00,0.0323,0
2023-05-13 04:19:42,1683965982,9.64,39.6,96780,1.00,3.00,5.00,6.00,0.0264,0
2023-05-13 04:24:43,1683966284,9.60,39.9,96800,2.00,6.00,9.00,11.0,0.0146,0
2023-05-13 04:29:45,1683966586,9.55,39.7,96800,1.00,5.00,9.00,11.0,0.0112,0
2023-05-13 04:34:47,1683966887,9.52,39.7,96800,2.00,3.00,6.00,7.00,0.0177,0
2023-05-13 04:39:48,1683967189,9.48,40.0,96800,2.00,4.00,7.00,8.00,0.0263,0
2023-05-13 04:44:50,1683967491,9.44,39.9,96800,1.00,4.00,6.00,7.00,0.0158,0
2023-05-13 04:49:52,1683967792,9.39,39.9,96800,1.00,3.00,6.00,7.00,0.0159,0
2023-05-13 04:54:54,1683968094,9.32,40.4,96800,2.00,3.00,4.00,5.00,0.0134,0
2023-05-13 04:59:56,1683968396,9.30,40.6,96800,2.00,3.00,5.00,6.00,0.0123,0
2023-05-13 05:04:57,1683968698,9.32,40.4,96800,2.00,4.00,6.00,7.00,0.0198,0
2023-05-13 05:09:59,1683969000,9.32,40.5,96800,1.00,4.00,6.00,7.00,0.0151,0
2023-05-13 05:14:42,1683969283,9.30,40.3,96800,2.00,4.00,5.00,6.00,0.0119,0
2023-05-13 05:19:44,1683969585,9.25,40.4,96800,2.00,8.00,12.0,14.0,0.0109,0
2023-05-13 05:24:46,1683969887,9.17,40.6,96800,1e-7,4.00,8.00,9.00,0.0155,0
2023-05-13 05:29:48,1683970189,9.10,40.5,96800,1.00,2.00,4.00,4.00,0.0138,0
2023-05-13 05:34:50,1683970491,9.08,40.8,96800,2.00,7.00,11.0,13.0,0.0120,0
2023-05-13 05:39:52,1683970792,9.12,40.7,96800,1.00,6.00,9.00,11.0,0.0139,0
2023-05-13 05:40:49,1683970849,9.16,40.9,96800,1e-7,1.00,3.00,3.00,0.0132,0
2023-05-13 11:24:54,1683991495,14.9,33.1,96783,4.00,7.00,9.00,10.0,,
2023-05-13 11:28:57,1683991738,14.8,33.4,96746,3.00,7.00,11.0,13.0,,
2023-05-13 11:47:46,1683992867,12.0,39.4,96788,1.00,1.00,1.00,1.00,,
2023-05-13 12:04:59,1683993900,12.2,39.4,96800,1.00,2.00,3.00,4.00,,
2023-05-13 12:05:37,1683993937,12.3,39.4,96800,1.00,1.00,1.00,1.00,,
2023-05-13 12:24:49,1683995090,13.0,38.2,96800,1.00,2.00,3.00,3.00,,
2023-05-13 12:29:49,1683995389,13.3,37.7,96800,1.00,3.00,4.00,5.00,,
2023-05-13 12:31:03,1683995463,13.8,37.5,96800,1.00,2.00,3.00,3.00,,
2023-05-13 12:39:59,1683995999,14.2,35.2,96800,1.00,2.00,3.00,3.00,0.0103,0
2023-05-13 12:44:58,1683996299,14.2,34.2,96800,2.00,2.00,4.00,4.00,0.0112,0
2023-05-13 12:48:24,1683996504,14.0,33.2,96800,2.00,5.00,7.00,8.00,0.0138,0
2023-05-13 12:59:56,1683997196,13.9,32.1,96800,2.00,4.00,7.00,8.00,0.0235,0
2023-05-13 13:04:55,1683997495,14.1,31.9,96800,2.00,4.00,5.00,5.00,0.0235,0
2023-05-13 13:08:20,1683997700,14.0,31.8,96800,2.00,5.00,8.00,9.00,0.0202,0
2023-05-13 13:39:44,1683999585,14.7,29.2,96829,1.00,3.00,5.00,7.00,,
2023-05-13 13:44:43,1683999884,14.8,28.2,96844,1.00,3.00,6.00,7.00,,
2023-05-13 13:59:57,1684000798,13.7,28.3,96900,9.00,9.00,9.00,9.00,,
2023-05-13 14:01:31,1684000891,13.6,28.8,96900,119,127,128,128,,
2023-05-13 14:12:21,1684001542,13.5,28.1,96900,105,111,111,111,3.93,0
2023-05-13 14:29:52,1684002593,13.6,27.1,96900,39.0,43.0,44.0,44.0,,
2023-05-13 14:34:51,1684002892,13.4,26.7,96900,26.0,28.0,28.0,28.0,,
2023-05-13 14:39:51,1684003191,13.0,27.2,96900,5.00,6.00,6.00,6.00,,
2023-05-13 14:41:06,1684003266,12.9,27.8,96900,1e-7,1.00,1.00,2.00,,
2023-05-13 14:54:59,1684004099,12.9,29.3,96900,1e-7,2.00,4.00,4.00,0.761,0
2023-05-13 14:59:58,1684004399,13.1,29.3,96925,1.00,4.00,6.00,7.00,0.0472,0
2023-05-13 15:00:54,1684004454,13.3,28.9,96900,1e-7,1e-7,1e-7,1e-7,0.0130,0
2023-05-13 15:09:46,1684004986,13.7,27.7,96900,283,302,304,305,2.29,0
2023-05-13 15:14:45,1684005285,13.7,27.5,96900,281,299,301,301,13.5,0
2023-05-13 15:15:22,1684005323,13.7,27.1,97000,55.0,59.0,59.0,60.0,9.29,0
2023-05-13 15:29:54,1684006195,13.2,27.8,97000,76.0,81.0,82.0,82.0,7.03,0
2023-05-13 15:30:32,1684006232,13.4,27.5,96950,67.0,74.0,76.0,78.0,5.99,0
2023-05-13 15:54:50,1684007690,12.6,29.6,97000,225,260,278,286,,
2023-05-13 15:56:05,1684007765,12.2,29.9,97000,230,252,267,274,,
2023-05-13 16:04:50,1684008290,12.0,30.7,97000,152,165,169,171,,
2023-05-13 16:06:05,1684008365,12.0,30.8,97000,262,282,286,288,,
2023-05-13 16:28:32,1684009712,12.7,30.8,97000,184,195,195,195,,
2023-05-13 16:48:46,1684010926,13.8,25.8,97000,128,140,143,144,,
2023-05-13 16:59:47,1684011587,13.9,25.4,97000,24.0,26.0,27.0,28.0,,
2023-05-13 17:04:46,1684011886,13.9,25.5,97000,134,144,146,147,6.06,0
2023-05-13 17:09:45,1684012186,13.9,24.8,97000,23.0,24.0,24.0,24.0,6.12,0
2023-05-13 17:11:18,1684012279,14.0,24.9,97000,17.0,20.0,21.0,22.0,9.61,0
2023-05-13 17:19:46,1684012787,14.1,24.0,97000,162,176,179,181,9.61,0
2023-05-13 17:22:16,1684012936,14.1,24.2,97000,96.0,105,109,110,4.58,0
2023-05-13 17:39:54,1684013995,14.5,22.7,97000,180,200,207,211,11.6,0
2023-05-13 17:44:53,1684014294,14.5,22.3,97013,24.0,27.0,28.0,29.0,9.52,0
2023-05-13 17:48:38,1684014518,14.5,22.4,97025,63.0,67.0,67.0,68.0,11.4,0
2023-05-13 17:59:47,1684015187,14.4,23.0,97040,92.0,103,108,110,6.08,0
2023-05-13 18:01:19,1684015279,14.5,23.1,97100,69.0,75.0,76.0,76.0,2.83,0
2023-05-13 18:07:31,1684015652,14.5,22.4,97100,41.0,43.0,44.0,46.0,7.03,0
2023-05-13 18:14:55,1684016095,14.6,23.1,97100,58.0,62.0,63.0,63.0,7.03,0
2023-05-13 18:19:53,1684016394,14.8,22.9,97100,92.0,101,104,105,4.31,0
2023-05-13 18:29:56,1684016996,14.5,22.3,97100,321,347,353,355,4.31,0
2023-05-13 18:34:55,1684017296,14.0,22.3,97100,250,270,275,277,6.63,0
2023-05-13 18:39:55,1684017595,13.4,22.5,97100,141,151,152,153,6.63,0
2023-05-13 18:44:55,1684017895,13.0,23.1,97100,168,182,185,186,6.52,0
2023-05-13 18:49:55,1684018196,12.8,23.5,97100,127,136,138,138,4.20,0
2023-05-13 18:54:55,1684018496,12.6,23.9,97100,95.0,103,105,105,8.01,0
2023-05-13 18:57:25,1684018646,12.5,24.2,97100,81.0,88.0,90.0,90.0,8.01,0
2023-05-13 19:14:59,1684019700,12.4,25.0,97200,75.0,81.0,82.0,83.0,5.03,0
2023-05-13 19:19:59,1684020000,12.3,24.9,97200,67.0,72.0,72.0,73.0,3.33,0
2023-05-13 19:24:41,1684020282,12.2,25.3,97200,105,114,116,117,3.33,0
2023-05-13 19:29:42,1684020582,12.1,25.2,97200,129,136,136,136,3.98,0
2023-05-13 19:34:42,1684020883,12.1,25.3,97200,142,153,155,156,3.17,0
2023-05-13 19:39:43,1684021183,12.0,25.2,97200,133,144,147,149,3.17,0
2023-05-13 19:44:43,1684021484,11.8,25.4,97200,210,222,222,222,1.49,0
2023-05-13 19:49:44,1684021785,11.5,25.8,97225,199,216,221,223,4.85,0
2023-05-13 19:54:45,1684022085,11.4,26.2,97281,131,141,143,144,4.85,0
2023-05-13 19:58:48,1684022329,11.2,26.3,97300,160,177,183,186,2.35,0
2023-05-13 20:04:55,1684022695,11.1,26.6,97300,51.0,55.0,55.0,55.0,1.96,0
2023-05-13 20:09:56,1684022996,11.0,26.6,97300,23.0,27.0,29.0,30.0,11.7,0
2023-05-13 20:14:57,1684023297,10.9,26.5,97300,20.0,23.0,24.0,24.0,10.6,0
2023-05-13 20:19:58,1684023599,10.8,27.2,97300,15.0,17.0,18.0,19.0,4.62,0
2023-05-13 20:24:59,1684023900,10.8,27.1,97300,23.0,26.0,27.0,27.0,0.118,0
2023-05-13 20:29:41,1684024182,10.7,27.1,97300,62.0,67.0,69.0,69.0,0.769,0
2023-05-13 20:34:43,1684024483,10.7,27.4,97300,77.0,84.0,91.0,95.0,7.86,0
2023-05-13 20:39:44,1684024784,10.6,27.6,97300,72.0,78.0,80.0,81.0,7.86,0
2023-05-13 20:44:45,1684025086,10.6,27.6,97300,80.0,86.0,87.0,87.0,1.70,0
2023-05-13 20:49:45,1684025386,10.5,28.2,97300,64.0,70.0,72.0,73.0,2.37,0
2023-05-13 20:54:47,1684025687,10.5,28.0,97300,43.0,46.0,46.0,46.0,11.7,0
2023-05-13 20:59:48,1684025989,10.4,28.2,97300,39.0,43.0,46.0,48.0,11.7,0
2023-05-13 21:04:49,1684026290,10.4,28.3,97300,22.0,24.0,25.0,25.0,3.68,0
2023-05-13 21:09:50,1684026591,10.3,28.6,97300,17.0,19.0,20.0,20.0,3.00,0
2023-05-13 21:14:52,1684026892,10.3,29.3,97300,3.00,6.00,9.00,10.0,1.75,0
2023-05-13 21:19:53,1684027194,10.2,28.8,97300,7.00,12.0,17.0,19.0,1.75,0
2023-05-13 21:24:54,1684027495,10.2,29.0,97300,3.00,4.00,5.00,5.00,0.108,0
2023-05-13 21:29:56,1684027796,10.2,29.0,97300,1.00,4.00,6.00,7.00,0.126,0
2023-05-13 21:34:57,1684028098,10.2,29.1,97300,1.00,4.00,7.00,8.00,0.0517,0
2023-05-13 21:39:59,1684028399,10.2,29.3,97319,1.00,4.00,7.00,8.00,0.0116,0
2023-05-13 21:44:46,1684028687,10.2,29.3,97300,1.00,2.00,4.00,4.00,0.0114,0
2023-05-13 21:49:48,1684028988,10.1,29.2,97300,1.00,5.00,8.00,9.00,0.0118,0
2023-05-13 21:54:49,1684029290,10.1,29.5,97394,8.00,9.00,9.00,9.00,0.0329,0
2023-05-13 21:59:51,1684029591,10.1,29.4,97400,14.0,19.0,22.0,24.0,0.839,0
2023-05-13 22:04:52,1684029893,10.1,29.5,97400,28.0,35.0,39.0,41.0,2.05,0
2023-05-13 22:09:54,1684030194,10.0,29.6,97400,29.0,32.0,34.0,36.0,2.10,0
2023-05-13 22:14:55,1684030496,10.00,29.6,97400,11.0,16.0,19.0,20.0,2.31,0
2023-05-13 22:19:57,1684030797,10.0,29.6,97400,15.0,17.0,17.0,18.0,2.31,0
2023-05-13 22:24:58,1684031099,9.96,29.6,97400,15.0,18.0,19.0,20.0,0.498,0
2023-05-13 22:29:41,1684031381,9.95,29.8,97400,38.0,40.0,40.0,41.0,1.78,0
2023-05-13 22:34:42,1684031683,9.93,29.7,97400,20.0,25.0,28.0,29.0,2.84,0
2023-05-13 22:39:44,1684031984,9.93,29.8,97400,16.0,17.0,17.0,17.0,1.50,0
2023-05-13 22:44:45,1684032286,9.92,29.9,97400,16.0,19.0,21.0,21.0,1.50,0
2023-05-13 22:49:47,1684032587,9.91,30.2,97388,15.0,19.0,21.0,22.0,0.0687,0
2023-05-13 22:54:48,1684032889,9.88,30.0,97394,5.00,8.00,10.0,11.0,0.623,0
2023-05-13 22:59:50,1684033190,9.84,30.1,97363,6.00,7.00,8.00,8.00,1.04,0
2023-05-13 23:04:51,1684033492,9.81,30.1,97306,20.0,21.0,21.0,21.0,0.585,0
2023-05-13 23:09:53,1684033793,9.76,30.2,97331,21.0,29.0,34.0,36.0,1.76,0
2023-05-13 23:14:54,1684034095,9.76,30.2,97319,9.00,13.0,16.0,17.0,1.39,0
2023-05-13 23:19:56,1684034396,9.73,30.4,97344,6.00,9.00,11.0,12.0,0.935,0
2023-05-13 23:24:58,1684034698,9.73,30.3,97363,9.00,13.0,17.0,18.0,0.164,0
2023-05-13 23:29:59,1684035000,9.73,30.4,97400,5.00,6.00,7.00,7.00,0.118,0
2023-05-13 23:34:42,1684035283,9.71,30.5,97400,13.0,14.0,16.0,17.0,0.169,0
2023-05-13 23:39:44,1684035584,9.68,30.9,97313,9.00,15.0,19.0,21.0,0.272,0
2023-05-13 23:44:45,1684035886,9.64,30.7,97300,14.0,16.0,20.0,22.0,0.166,0
2023-05-13 23:49:47,1684036188,9.60,31.1,97300,6.00,9.00,12.0,14.0,0.224,0
2023-05-13 23:54:49,1684036489,9.58,30.9,97344,6.00,7.00,8.00,8.00,0.480,0
2023-05-13 23:59:51,1684036791,9.55,31.0,97400,2.00,8.00,14.0,17.0,0.513,0
2023-05-14 00:04:52,1684037093,9.53,31.2,97375,5.00,8.00,11.0,12.0,0.0865,0
2023-05-14 00:09:54,1684037395,9.49,31.2,97400,6.00,8.00,10.0,12.0,0.111,0
2023-05-14 00:14:56,1684037696,9.47,31.4,97400,7.00,8.00,10.0,11.0,0.0522,0
2023-05-14 00:19:58,1684037998,9.45,31.4,97400,4.00,5.00,7.00,8.00,0.0933,0
2023-05-14 00:24:41,1684038281,9.43,31.6,97400,3.00,6.00,8.00,9.00,0.104,0
2023-05-14 00:29:44,1684038585,9.41,31.6,97400,1.00,4.00,7.00,9.00,0.0849,0
2023-05-14 00:34:46,1684038887,9.39,31.6,97400,1.00,1.00,2.00,3.00,0.0728,0
2023-05-14 00:39:48,1684039189,9.38,31.7,97400,1.00,4.00,8.00,9.00,0.0820,0
2023-05-14 00:44:50,1684039490,9.35,31.6,97400,2.00,3.00,5.00,6.00,0.0230,0
2023-05-14 00:49:52,1684039792,9.33,31.8,97400,2.00,4.00,6.00,7.00,0.0139,0
2023-05-14 00:54:54,1684040094,9.29,31.6,97400,6.00,7.00,8.00,9.00,0.0438,0
2023-05-14 00:59:56,1684040396,9.25,32.0,97400,9.00,11.0,14.0,15.0,0.274,0
2023-05-14 01:04:58,1684040698,9.24,32.2,97363,8.00,9.00,14.0,16.0,0.188,0
2023-05-14 01:09:59,1684040999,9.18,32.3,97400,5.00,7.00,11.0,13.0,0.0395,0
2023-05-14 01:14:42,1684041282,9.17,32.8,97400,8.00,12.0,14.0,16.0,0.0450,0
2023-05-14 01:19:44,1684041584,9.15,32.9,97375,8.00,9.00,12.0,13.0,0.0282,0
2023-05-14 01:24:46,1684041886,9.12,32.8,97400,9.00,11.0,13.0,13.0,0.0381,0
2023-05-14 01:29:48,1684042188,9.11,33.1,97400,9.00,11.0,17.0,19.0,0.0895,0
2023-05-14 01:34:50,1684042490,9.09,33.1,97400,12.0,17.0,20.0,21.0,0.126,0
2023-05-14 01:39:52,1684042792,9.10,33.2,97400,6.00,9.00,11.0,12.0,0.107,0
2023-05-14 01:44:54,1684043094,9.06,33.3,97400,4.00,7.00,8.00,9.00,0.147,0
2023-05-14 01:49:56,1684043396,9.04,33.5,97400,4.00,8.00,14.0,16.0,0.151,0
2023-05-14 01:54:58,1684043698,9.03,33.4,97400,7.00,12.0,15.0,16.0,0.107,0
2023-05-14 01:59:41,1684043981,9.02,33.6,97360,7.00,8.00,9.00,10.0,0.132,0
2023-05-14 02:04:43,1684044283,9.01,33.5,97306,5.00,8.00,11.0,12.0,0.151,0
2023-05-14 02:09:45,1684044585,8.99,33.7,97300,8.00,10.0,11.0,12.0,0.128,0
2023-05-14 02:14:47,1684044887,9.00,33.8,97300,4.00,5.00,6.00,6.00,0.0917,0
2023-05-14 02:19:49,1684045189,8.99,34.0,97306,3.00,4.00,5.00,6.00,0.102,0
2023-05-14 02:24:51,1684045491,9.00,34.0,97300,2.00,5.00,8.00,10.0,0.0769,0
2023-05-14 02:29:53,1684045793,9.01,33.9,97300,2.00,2.00,4.00,4.00,0.0167,0
2023-05-14 02:34:55,1684046095,8.99,34.0,97300,2.00,4.00,6.00,7.00,0.0325,0
2023-05-14 02:39:57,1684046397,8.96,34.0,97300,1.00,4.00,7.00,8.00,0.0182,0
2023-05-14 02:44:59,1684046699,8.92,34.4,97300,5.00,10.0,14.0,16.0,0.0673,0
2023-05-14 02:49:42,1684046982,8.89,34.8,97300,3.00,5.00,6.00,7.00,0.125,0
2023-05-14 02:54:44,1684047285,8.86,34.4,97300,2.00,6.00,8.00,9.00,0.115,0
2023-05-14 02:59:47,1684047587,8.87,34.4,97300,2.00,5.00,6.00,7.00,0.115,0
2023-05-14 03:04:49,1684047889,8.86,34.4,97300,4.00,9.00,14.0,17.0,0.0179,0
2023-05-14 03:09:50,1684048191,8.85,34.5,97300,4.00,5.00,5.00,6.00,0.0179,0
2023-05-14 03:14:52,1684048493,8.84,34.5,97300,6.00,9.00,13.0,14.0,0.0257,0
2023-05-14 03:19:54,1684048795,8.82,34.9,97300,5.00,7.00,8.00,9.00,0.104,0
2023-05-14 03:24:56,1684049097,8.80,35.1,97300,1.00,5.00,9.00,11.0,0.0828,0
2023-05-14 03:29:58,1684049399,8.77,35.4,97300,3.00,5.00,8.00,9.00,0.0350,0
2023-05-14 03:34:42,1684049682,8.74,35.6,97300,5.00,8.00,11.0,13.0,0.0288,0
2023-05-14 03:39:44,1684049984,8.73,35.7,97300,6.00,8.00,9.00,10.0,0.116,0
2023-05-14 03:44:46,1684050286,8.72,35.8,97300,4.00,7.00,9.00,11.0,0.118,0
2023-05-14 03:49:48,1684050588,8.70,36.3,97300,8.00,8.00,8.00,8.00,0.114,0
2023-05-14 03:54:50,1684050890,8.68,36.3,97300,4.00,6.00,9.00,11.0,0.0507,0
2023-05-14 03:59:52,1684051192,8.66,36.3,97300,8.00,15.0,19.0,22.0,0.0186,0
2023-05-14 04:04:54,1684051494,8.65,36.2,97300,7.00,9.00,10.0,10.0,0.0608,0
2023-05-14 04:09:56,1684051796,8.64,36.4,97300,7.00,7.00,8.00,8.00,0.0900,0
2023-05-14 04:14:58,1684052098,8.61,36.8,97300,3.00,6.00,9.00,11.0,0.0305,0
2023-05-14 04:18:25,1684052306,8.55,36.8,97300,2.00,7.00,11.0,13.0,0.0246,0
2023-05-14 04:34:42,1684053283,8.37,37.2,97300,6.00,8.00,9.00,10.0,0.0375,0
2023-05-14 04:39:44,1684053585,8.35,37.4,97300,9.00,13.0,17.0,18.0,0.363,0
2023-05-14 04:44:46,1684053887,8.34,37.3,97300,7.00,10.0,14.0,15.0,0.363,0
2023-05-14 04:49:49,1684054189,8.34,37.4,97300,4.00,7.00,9.00,10.0,0.151,0
2023-05-14 04:54:51,1684054491,8.32,37.5,97300,5.00,10.0,13.0,15.0,0.209,0
2023-05-14 04:59:53,1684054793,8.32,37.5,97300,5.00,6.00,7.00,8.00,0.0919,0
2023-05-14 05:04:55,1684055095,8.30,37.5,97300,11.0,13.0,14.0,15.0,0.0438,0
2023-05-14 05:07:07,1684055228,8.29,37.4,97300,6.00,7.00,10.0,11.0,0.0680,0
2023-05-14 05:19:55,1684055995,8.29,38.1,97300,3.00,4.00,5.00,5.00,0.0680,0
2023-05-14 05:24:57,1684056297,8.26,37.5,97300,9.00,16.0,20.0,23.0,0.0680,0
2023-05-14 05:29:59,1684056599,8.23,37.7,97300,8.00,10.0,11.0,12.0,0.0780,0
2023-05-14 05:34:42,1684056883,8.16,37.4,97300,10.0,13.0,16.0,17.0,0.0709,0
2023-05-14 05:37:32,1684057053,8.09,37.5,97300,7.00,8.00,9.00,10.0,0.0296,0
2023-05-14 13:09:22,1684084163,18.6,14.1,97300,13.0,14.0,14.0,14.0,,
2023-05-14 13:29:44,1684085385,18.7,14.2,97289,13.0,16.0,17.0,18.0,,
2023-05-14 13:34:41,1684085682,18.7,13.6,97294,16.0,18.0,18.0,18.0,,
2023-05-14 13:38:05,1684085885,18.7,13.3,97300,7.00,10.0,13.0,15.0,0.0674,0
2023-05-14 13:44:41,1684086282,18.8,13.6,97300,8.00,9.00,9.00,9.00,0.0603,0
2023-05-14 14:24:59,1684088699,19.4,12.5,97300,10.0,10.0,11.0,11.0,,
2023-05-14 14:29:55,1684088996,19.5,12.4,97300,17.0,18.0,19.0,19.0,,
2023-05-14 14:32:42,1684089163,19.6,12.5,97300,10.0,11.0,12.0,13.0,,
2023-05-14 15:28:31,1684092511,20.3,12.4,97200,15.0,16.0,16.0,16.0,,
2023-05-14 15:39:45,1684093186,20.3,12.5,97253,13.0,14.0,15.0,17.0,0.196,0
2023-05-14 16:04:56,1684094697,20.3,12.1,97200,2.00,4.00,5.00,6.00,,
2023-05-14 16:07:05,1684094826,20.3,11.9,97200,1.00,3.00,4.00,5.00,,
2023-05-14 16:14:53,1684095294,20.2,12.0,97200,6.00,8.00,10.0,11.0,,
2023-05-14 16:15:49,1684095349,20.2,11.9,97200,2.00,3.00,3.00,3.00,,
2023-05-14 16:34:52,1684096493,20.3,12.4,97200,19.0,20.0,20.0,20.0,,
2023-05-14 16:39:55,1684096796,20.4,12.5,97200,23.0,26.0,27.0,28.0,2.03,0
2023-05-14 16:43:00,1684096980,20.6,12.3,97200,22.0,25.0,26.0,27.0,2.94,0
2023-05-14 16:49:52,1684097393,20.6,11.9,97200,2.00,2.00,2.00,2.00,1.75,0
2023-05-14 16:54:11,1684097652,20.6,11.8,97200,6.00,7.00,8.00,9.00,1.37,0
2023-05-14 17:12:36,1684098756,20.6,12.1,97200,6.00,8.00,10.0,10.0,,
2023-05-14 17:24:50,1684099490,20.9,12.0,97250,4.00,4.00,4.00,4.00,,
2023-05-14 17:29:46,1684099786,21.0,12.1,97256,10.0,11.0,11.0,11.0,,
2023-05-14 17:30:23,1684099823,21.0,12.1,97200,3.00,4.00,5.00,6.00,,
2023-05-14 17:54:46,1684101287,21.2,12.2,97214,5.00,5.00,6.00,6.00,,
2023-05-14 17:57:33,1684101453,21.2,11.9,97244,5.00,6.00,7.00,8.00,,
2023-05-14 18:04:59,1684101900,21.2,12.0,97250,3.00,3.00,3.00,4.00,0.0823,0
2023-05-14 18:09:36,1684102177,21.2,11.9,97260,4.00,6.00,9.00,10.0,0.0457,0
2023-05-14 18:24:57,1684103097,20.8,12.0,97300,6.00,7.00,8.00,8.00,0.0270,0
2023-05-14 18:25:52,1684103153,20.5,11.9,97300,3.00,4.00,4.00,4.00,0.0270,0
2023-05-14 19:02:39,1684105359,18.5,14.0,97300,10.0,11.0,12.0,12.0,,
2023-05-14 19:19:48,1684106389,18.0,14.7,97300,5.00,8.00,10.0,11.0,,
2023-05-14 19:24:46,1684106687,17.9,14.3,97300,3.00,4.00,5.00,5.00,,
2023-05-14 19:29:44,1684106985,17.7,14.4,97300,4.00,5.00,7.00,8.00,0.0725,0
2023-05-14 19:34:42,1684107283,17.8,14.6,97300,4.00,5.00,8.00,9.00,0.0189,0
2023-05-14 19:35:19,1684107319,17.8,14.8,97350,2.00,3.00,3.00,3.00,0.0183,0
2023-05-14 19:44:54,1684107895,17.6,14.8,97367,4.00,6.00,9.00,11.0,0.0208,0
2023-05-14 19:49:52,1684108193,17.3,14.8,97400,3.00,4.00,4.00,4.00,0.00893,0
2023-05-14 19:54:49,1684108490,17.1,15.0,97400,4.00,7.00,10.0,11.0,0.0185,0
2023-05-14 19:59:43,1684108783,16.7,15.3,97400,3.00,7.00,11.0,12.0,0.00784,0
2023-05-14 20:04:41,1684109081,16.5,15.5,97400,5.00,5.00,9.00,10.0,0.0161,0
2023-05-14 20:05:56,1684109156,16.4,15.6,97400,1.00,2.00,3.00,4.00,0.0171,0
2023-05-14 20:24:43,1684110284,15.7,16.1,97400,1.00,2.00,3.00,4.00,0.0661,0
2023-05-14 20:29:59,1684110599,15.5,16.3,97400,1.00,3.00,6.00,7.00,0.0671,0
2023-05-14 20:34:56,1684110897,15.4,16.5,97400,1.00,3.00,4.00,5.00,0.0156,0
2023-05-14 20:39:42,1684111183,15.2,16.7,97400,2.00,3.00,5.00,7.00,0.0119,0
2023-05-14 20:43:26,1684111406,15.0,16.9,97400,1.00,4.00,8.00,9.00,0.0112,0
2023-05-14 20:49:50,1684111790,14.9,17.1,97400,1.00,4.00,8.00,9.00,0.0182,0
2023-05-14 20:54:49,1684112089,14.9,17.3,97400,2.00,4.00,8.00,9.00,0.0304,0
2023-05-14 20:59:48,1684112388,14.8,17.4,97400,1.00,3.00,6.00,7.00,0.0304,0
2023-05-14 21:00:25,1684112426,14.9,17.6,97400,1.00,2.00,2.00,3.00,0.0165,0
2023-05-14 21:14:58,1684113299,14.8,17.8,97400,1.00,5.00,8.00,9.00,0.0165,0
2023-05-14 21:19:57,1684113598,14.8,17.9,97400,1.00,2.00,4.00,5.00,0.0165,0
2023-05-14 21:24:37,1684113877,14.7,18.0,97400,2.00,4.00,6.00,8.00,0.0169,0
2023-05-14 21:44:56,1684115096,14.3,18.4,97400,1.00,1.00,1.00,1.00,,
2023-05-14 21:49:54,1684115394,14.3,18.5,97400,1.00,2.00,3.00,3.00,,
2023-05-14 21:54:57,1684115698,14.2,18.6,97400,1.00,4.00,6.00,7.00,,
2023-05-14 21:57:26,1684115846,14.2,18.7,97400,1.00,2.00,3.00,3.00,,
2023-05-14 22:01:54,1684116114,14.2,18.7,97400,1.00,1.00,3.00,3.00,0.0189,0
2023-05-14 22:12:28,1684116748,14.0,19.1,97400,1e-7,2.00,4.00,4.00,0.0189,0
2023-05-14 22:24:29,1684117469,13.8,19.3,97400,1e-7,2.00,4.00,4.00,0.0128,0
2023-05-14 22:44:50,1684118691,13.5,19.9,97400,1.00,4.00,8.00,9.00,,
2023-05-14 22:49:54,1684118995,13.5,20.0,97400,1.00,4.00,7.00,8.00,,
2023-05-14 22:54:56,1684119297,13.5,20.0,97400,1.00,3.00,6.00,7.00,,
2023-05-14 22:59:56,1684119596,13.5,20.1,97400,1.00,4.00,7.00,8.00,0.0121,0
2023-05-14 23:04:44,1684119885,13.4,20.2,97350,1e-7,2.00,4.00,4.00,0.0154,0
2023-05-14 23:06:17,1684119978,13.3,20.3,97300,1e-7,2.00,4.00,4.00,0.0154,0
2023-05-14 23:19:43,1684120784,13.1,20.9,97300,1e-7,2.00,3.00,4.00,0.0182,0
2023-05-14 23:23:08,1684120988,13.0,20.8,97300,1.00,2.00,3.00,3.00,0.0182,0
2023-05-14 23:39:49,1684121990,12.8,21.3,97300,1e-7,4.00,7.00,9.00,0.0126,0
2023-05-14 23:43:34,1684122214,12.8,21.3,97300,1.00,3.00,5.00,5.00,0.0135,0
2023-05-14 23:48:58,1684122539,12.9,21.4,97300,1e-7,1.00,3.00,3.00,0.0135,0
2023-05-14 23:53:14,1684122794,13.0,21.5,97300,1.00,2.00,3.00,4.00,0.0144,0
2023-05-14 23:59:53,1684123194,13.2,21.6,97300,1.00,3.00,5.00,6.00,0.0144,0
2023-05-15 00:00:12,1684123212,13.2,21.7,97300,1e-7,1e-7,1e-7,1.00,0.0128,0
2023-05-15 00:19:53,1684124394,13.5,22.1,97300,1e-7,1e-7,1e-7,1e-7,,
2023-05-15 00:24:53,1684124693,13.5,22.3,97300,2.00,5.00,8.00,9.00,,
2023-05-15 00:25:30,1684124731,13.5,22.3,97300,1e-7,1.00,1.00,1.00,,
2023-05-15 00:44:48,1684125889,13.7,23.3,97200,1e-7,1e-7,1e-7,1e-7,,
2023-05-15 00:49:48,1684126189,13.7,23.5,97200,3.00,6.00,9.00,10.0,,
2023-05-15 00:54:48,1684126489,13.8,23.5,97200,2.00,5.00,7.00,8.00,0.00988,0
2023-05-15 00:59:48,1684126789,13.8,23.7,97200,2.00,5.00,8.00,10.0,0.0174,0
2023-05-15 01:04:49,1684127089,13.8,23.8,97200,2.00,4.00,8.00,9.00,0.0473,0
2023-05-15 01:09:49,1684127389,13.8,23.6,97200,2.00,4.00,5.00,5.00,0.0227,0
2023-05-15 01:10:45,1684127446,13.9,23.6,97200,1e-7,1.00,3.00,3.00,0.0118,0
2023-05-15 01:54:51,1684130092,14.0,24.4,97100,2.00,4.00,7.00,9.00,,
2023-05-15 01:59:51,1684130392,14.0,24.4,97100,3.00,3.00,4.00,4.00,,
2023-05-15 02:04:51,1684130691,14.0,24.3,97100,2.00,2.00,3.00,3.00,0.00884,0
2023-05-15 02:09:51,1684130991,14.1,24.3,97100,3.00,4.00,6.00,6.00,0.0125,0
2023-05-15 02:11:06,1684131066,14.1,24.5,97100,1.00,2.00,2.00,3.00,0.00972,0
2023-05-15 02:19:56,1684131596,14.3,24.7,97100,4.00,8.00,11.0,13.0,0.0124,0
2023-05-15 02:24:56,1684131896,14.3,24.7,97100,3.00,5.00,6.00,6.00,0.0237,0
2023-05-15 02:29:55,1684132196,14.4,24.9,97100,6.00,7.00,8.00,9.00,0.0237,0
2023-05-15 02:34:55,1684132495,14.4,24.8,97100,2.00,3.00,5.00,5.00,0.0152,0
2023-05-15 02:39:57,1684132797,14.5,24.7,97100,3.00,6.00,9.00,10.0,0.0172,0
2023-05-15 02:44:56,1684133097,14.6,24.6,97100,3.00,5.00,7.00,8.00,0.0159,0
2023-05-15 02:49:56,1684133396,14.6,24.9,97100,3.00,4.00,6.00,7.00,0.0154,0
2023-05-15 02:54:55,1684133696,14.7,24.6,97100,3.00,6.00,9.00,10.0,0.0204,0
2023-05-15 02:59:56,1684133996,14.8,24.4,97094,3.00,3.00,4.00,4.00,0.0198,0
2023-05-15 03:04:55,1684134296,14.8,24.3,97069,3.00,6.00,10.0,12.0,0.0254,0
2023-05-15 03:09:55,1684134595,14.8,24.2,97100,2.00,4.00,6.00,6.00,0.0217,0
2023-05-15 03:13:39,1684134820,14.8,24.1,97100,4.00,6.00,8.00,10.0,0.0166,0
2023-05-15 04:09:47,1684138187,15.2,23.9,97000,1.00,3.00,3.00,4.00,,
2023-05-15 04:12:17,1684138337,15.2,23.8,97000,3.00,9.00,14.0,16.0,,
2023-05-15 04:34:56,1684139697,15.1,23.6,97000,1.00,2.00,3.00,3.00,,
2023-05-15 04:49:37,1684140577,14.9,23.7,97000,2.00,3.00,6.00,7.00,,
2023-05-15 04:54:12,1684140853,14.8,23.8,97000,1e-7,1.00,3.00,3.00,,
2023-05-15 05:08:12,1684141693,14.7,23.9,97000,2.00,7.00,12.0,13.0,,
2023-05-15 05:12:31,1684141951,14.7,24.0,97000,1.00,2.00,3.00,4.00,,
2023-05-15 11:59:45,1684166385,21.7,19.9,96400,1.00,6.00,11.0,13.0,,
2023-05-15 12:00:22,1684166422,21.6,19.9,96400,1e-7,2.00,3.00,4.00,,
2023-05-15 12:58:27,1684169908,20.4,20.9,96300,1.00,4.00,6.00,8.00,,
2023-05-15 14:13:51,1684174431,19.8,22.2,96200,1.00,1.00,2.00,2.00,,
2023-05-15 15:44:50,1684179890,17.9,26.9,96100,3.00,5.00,8.00,9.00,0.0140,0
2023-05-15 15:58:31,1684180712,17.0,29.0,96100,2.00,4.00,6.00,7.00,0.0131,0
2023-05-15 16:21:11,1684182071,16.8,30.4,96100,1.00,3.00,4.00,5.00,,
2023-05-15 16:39:44,1684183185,18.7,26.4,96000,1.00,1.00,1.00,1.00,,
2023-05-15 16:40:59,1684183259,18.7,26.3,96000,1.00,3.00,5.00,6.00,,
2023-05-15 16:54:57,1684184097,19.1,25.6,96000,3.00,4.00,6.00,6.00,,
2023-05-15 16:57:25,1684184245,19.1,25.5,96000,2.00,3.00,4.00,4.00,,
2023-05-15 17:14:42,1684185282,19.0,26.0,96000,3.00,4.00,7.00,8.00,,
2023-05-15 17:19:54,1684185595,19.1,25.9,96000,3.00,4.00,7.00,8.00,0.0160,0
2023-05-15 17:22:23,1684185743,19.1,25.7,96000,4.00,5.00,7.00,8.00,0.0114,0
2023-05-15 17:39:53,1684186794,18.9,25.7,96000,3.00,4.00,5.00,6.00,0.0143,0
2023-05-15 17:44:51,1684187092,18.7,26.4,95994,3.00,4.00,5.00,5.00,0.0149,0
2023-05-15 17:47:57,1684187278,18.6,26.7,95970,2.00,3.00,4.00,5.00,0.0202,0
2023-05-15 17:59:52,1684187992,18.5,27.3,95900,3.00,4.00,5.00,5.00,0.0202,0
2023-05-15 18:02:02,1684188123,18.4,27.4,95900,2.00,2.00,3.00,3.00,0.0139,0
2023-05-15 18:19:49,1684189190,18.5,27.7,95900,2.00,3.00,3.00,3.00,,
2023-05-15 18:20:45,1684189246,18.6,27.7,95900,1.00,2.00,3.00,3.00,,
2023-05-15 18:39:54,1684190395,18.7,27.5,95900,2.00,2.00,3.00,3.00,,
2023-05-15 18:44:15,1684190656,18.7,27.5,95900,3.00,3.00,4.00,4.00,,
2023-05-15 19:09:52,1684192192,17.5,29.7,95900,6.00,8.00,10.0,12.0,0.0441,0
2023-05-15 19:10:48,1684192248,17.5,30.0,95900,1.00,2.00,2.00,2.00,0.0436,0
2023-05-15 19:28:35,1684193316,17.4,30.6,95900,1.00,2.00,3.00,4.00,,
2023-05-15 19:43:16,1684194197,17.0,31.9,95900,4.00,6.00,7.00,8.00,,
2023-05-15 20:04:56,1684195496,15.5,36.2,95900,2.00,3.00,3.00,3.00,,
2023-05-15 20:09:55,1684195795,15.4,36.4,95900,4.00,4.00,5.00,5.00,,
2023-05-15 20:14:54,1684196094,15.5,37.1,95900,5.00,5.00,5.00,6.00,0.0108,0
2023-05-15 20:16:46,1684196206,15.5,37.6,95900,4.00,6.00,6.00,6.00,0.0123,0
2023-05-15 20:44:58,1684197899,14.3,42.3,95900,1.00,4.00,6.00,7.00,,
2023-05-15 20:49:43,1684198183,14.2,43.1,95900,4.00,5.00,5.00,5.00,,
2023-05-15 20:54:41,1684198482,14.0,43.3,95900,5.00,6.00,6.00,7.00,,
2023-05-15 20:56:52,1684198613,14.0,43.7,95900,3.00,3.00,3.00,3.00,,
2023-05-15 21:19:49,1684199989,14.1,44.5,95900,3.00,4.00,5.00,5.00,,
2023-05-15 21:24:48,1684200289,14.1,44.7,95900,4.00,5.00,6.00,7.00,0.0206,0
2023-05-15 21:25:26,1684200326,14.2,44.7,95900,3.00,4.00,5.00,6.00,0.0102,0
2023-05-15 21:39:52,1684201192,14.3,44.3,95900,3.00,4.00,5.00,5.00,0.0130,0
2023-05-15 21:42:21,1684201342,14.4,44.4,95900,3.00,4.00,5.00,5.00,0.0130,0
2023-05-15 22:29:59,1684204199,14.9,43.5,95800,2.00,4.00,5.00,6.00,0.00729,0
2023-05-15 22:34:58,1684204499,14.9,43.3,95800,5.00,6.00,7.00,8.00,,
2023-05-15 22:39:58,1684204798,14.9,43.3,95800,4.00,8.00,12.0,14.0,,
2023-05-15 22:40:16,1684204817,14.9,43.3,95800,2.00,2.00,3.00,3.00,,
2023-05-15 23:22:17,1684207338,14.5,43.5,95800,3.00,5.00,6.00,6.00,,
2023-05-15 23:44:43,1684208683,14.3,44.0,95800,2.00,3.00,4.00,5.00,0.0194,0
2023-05-15 23:49:52,1684208993,14.2,44.0,95800,3.00,4.00,6.00,6.00,0.0556,0
2023-05-15 23:54:52,1684209293,14.2,44.1,95800,6.00,9.00,14.0,16.0,0.0681,0
2023-05-15 23:59:52,1684209592,14.2,44.4,95800,3.00,5.00,8.00,9.00,0.0681,0
2023-05-16 00:02:40,1684209761,14.1,44.2,95800,5.00,8.00,11.0,12.0,0.0353,0
2023-05-16 00:29:54,1684211395,14.1,44.1,95800,2.00,2.00,2.00,2.00,,
2023-05-16 00:31:08,1684211469,14.1,44.2,95800,3.00,3.00,3.00,4.00,,
2023-05-16 00:38:32,1684211913,14.1,44.0,95800,2.00,6.00,9.00,11.0,,
2023-05-16 01:34:58,1684215299,13.9,44.2,95700,3.00,4.00,6.00,7.00,,
2023-05-16 01:38:43,1684215524,13.8,44.3,95700,3.00,3.00,4.00,4.00,,
2023-05-16 01:53:53,1684216434,13.7,44.4,95700,1.00,1.00,1.00,1.00,,
2023-05-16 02:14:56,1684217696,13.5,44.4,95700,1.00,2.00,2.00,3.00,0.0119,0
2023-05-16 02:15:33,1684217734,13.5,44.4,95700,1.00,1.00,1.00,1.00,0.0245,0
2023-05-16 03:33:15,1684222395,12.5,44.1,95700,2.00,2.00,3.00,4.00,,
2023-05-16 03:48:15,1684223295,12.1,43.5,95600,2.00,2.00,3.00,3.00,,
2023-05-16 03:54:53,1684223694,12.1,43.5,95600,3.00,4.00,4.00,5.00,,
2023-05-16 03:56:08,1684223769,12.0,43.3,95600,1.00,3.00,4.00,4.00,,
2023-05-16 04:24:48,1684225489,11.9,42.8,95600,2.00,3.00,3.00,3.00,,
2023-05-16 04:29:49,1684225789,11.9,42.7,95600,2.00,2.00,4.00,4.00,0.0103,0
2023-05-16 04:34:49,1684226090,11.9,42.8,95600,2.00,4.00,6.00,7.00,0.0111,0
2023-05-16 04:39:49,1684226390,11.9,42.7,95600,3.00,5.00,7.00,8.00,0.0158,0
2023-05-16 04:42:38,1684226558,11.9,42.8,95600,1.00,3.00,6.00,7.00,0.0133,0
2023-05-16 04:59:53,1684227594,11.8,43.2,95600,1.00,2.00,3.00,3.00,,
2023-05-16 05:00:12,1684227613,11.8,43.1,95600,1e-7,2.00,3.00,4.00,,
2023-05-16 05:09:33,1684228174,11.7,43.4,95600,1e-7,2.00,3.00,4.00,,
2023-05-16 05:24:59,1684229100,11.6,43.6,95600,1.00,4.00,7.00,8.00,,
2023-05-16 05:29:44,1684229384,11.6,43.7,95600,1.00,2.00,2.00,2.00,,
2023-05-16 05:33:29,1684229609,11.6,44.2,95600,1.00,2.00,4.00,5.00,0.0202,0
2023-05-16 05:54:11,1684230851,11.6,43.6,95600,2.00,5.00,8.00,9.00,,
2023-05-16 14:19:42,1684261182,11.3,44.2,95300,1e-7,2.00,4.00,4.00,,
2023-05-16 15:39:18,1684265958,9.89,39.2,95346,1.00,3.00,6.00,7.00,,
2023-05-16 15:48:57,1684266537,9.42,40.3,95400,1.00,3.00,5.00,6.00,,
2023-05-16 17:29:54,1684272594,11.2,34.6,95343,1.00,2.00,3.00,4.00,0.0155,0
2023-05-16 17:30:13,1684272613,11.1,34.9,95400,1e-7,1.00,1.00,2.00,0.0118,0
2023-05-16 17:39:59,1684273200,10.9,33.9,95300,1.00,1.00,2.00,2.00,0.0118,0
2023-05-16 17:44:41,1684273481,10.9,33.2,95300,3.00,4.00,8.00,9.00,0.0193,0
2023-05-16 17:45:37,1684273538,10.8,33.1,95400,1.00,1.00,1.00,2.00,0.0234,0
2023-05-16 18:29:46,1684276187,10.1,32.6,95400,2.00,6.00,9.00,10.0,,
2023-05-16 18:34:10,1684276450,10.2,32.8,95400,1.00,4.00,6.00,7.00,,
2023-05-16 19:03:52,1684278233,10.2,31.7,95400,2.00,3.00,4.00,4.00,,
2023-05-16 19:19:54,1684279194,10.00,31.4,95400,1.00,5.00,8.00,10.0,,
2023-05-16 19:21:47,1684279307,9.85,31.4,95400,2.00,3.00,4.00,4.00,0.0102,0
2023-05-16 19:29:57,1684279798,9.43,31.4,95400,1.00,3.00,4.00,5.00,0.0164,0
2023-05-16 19:31:32,1684279893,9.36,31.3,95400,1.00,1.00,1.00,1.00,0.0176,0
2023-05-16 20:01:36,1684281696,8.77,30.5,95500,1e-7,1.00,1.00,2.00,,
2023-05-16 20:34:58,1684283698,7.62,31.5,95500,1.00,4.00,5.00,6.00,,
2023-05-16 20:38:44,1684283925,7.56,31.5,95500,1.00,3.00,5.00,6.00,,
2023-05-16 20:40:38,1684284038,7.49,31.6,95500,1e-7,1e-7,1e-7,1e-7,,
2023-05-16 20:54:46,1684284887,7.09,32.1,95500,1.00,2.00,3.00,4.00,,
2023-05-16 20:56:01,1684284961,7.02,32.2,95500,1e-7,1e-7,1e-7,1e-7,,
2023-05-16 22:54:42,1684292083,5.21,35.6,95500,1.00,1.00,1.00,1.00,,
2023-05-16 22:55:39,1684292139,5.23,35.5,95500,1e-7,4.00,7.00,8.00,0.0175,0
2023-05-16 23:24:57,1684293897,5.18,35.2,95600,1e-7,1e-7,1e-7,1e-7,0.0175,0
2023-05-16 23:27:47,1684294068,5.17,35.3,95600,3.00,4.00,6.00,7.00,,
2023-05-16 23:43:02,1684294983,4.86,35.6,95600,1.00,2.00,3.00,4.00,,
2023-05-16 23:59:52,1684295992,4.58,36.0,95600,1.00,1.00,2.00,2.00,,
2023-05-17 00:04:55,1684296296,4.54,36.1,95600,1.00,2.00,3.00,4.00,,
2023-05-17 00:09:01,1684296542,4.49,36.1,95600,2.00,3.00,6.00,7.00,0.00914,0
2023-05-17 00:14:49,1684296889,4.44,36.1,95600,1.00,3.00,4.00,5.00,0.0153,0
2023-05-17 00:15:08,1684296908,4.44,36.2,95600,1.00,3.00,5.00,6.00,0.0150,0
2023-05-17 00:29:54,1684297795,4.26,35.7,95600,1.00,2.00,4.00,4.00,0.0146,0
2023-05-17 00:34:42,1684298082,4.24,35.7,95600,2.00,9.00,15.0,17.0,0.0139,0
2023-05-17 00:39:46,1684298386,4.19,35.5,95619,1.00,4.00,6.00,7.00,0.0249,0
2023-05-17 00:44:21,1684298662,4.16,35.2,95667,1.00,2.00,4.00,4.00,0.0249,0
2023-05-17 01:04:58,1684299899,4.06,34.9,95700,2.00,6.00,9.00,10.0,,
2023-05-17 01:09:43,1684300184,4.05,34.9,95700,1.00,5.00,8.00,10.0,,
2023-05-17 01:11:56,1684300317,4.03,34.9,95643,1.00,2.00,3.00,4.00,,
2023-05-17 01:39:42,1684301983,4.00,34.8,95700,1.00,4.00,7.00,8.00,,
2023-05-17 01:44:46,1684302287,3.98,34.8,95700,1.00,3.00,6.00,7.00,0.0165,0
2023-05-17 01:45:05,1684302306,3.97,34.6,95700,1e-7,1e-7,1e-7,1e-7,0.00988,0
2023-05-17 01:59:02,1684303142,3.83,34.7,95700,1e-7,1e-7,1e-7,1e-7,0.0112,0
2023-05-17 02:14:47,1684304088,3.70,34.9,95700,1.00,2.00,4.00,4.00,0.0128,0
2023-05-17 02:17:56,1684304276,3.68,35.0,95700,1e-7,2.00,4.00,4.00,0.0153,0
2023-05-17 02:24:58,1684304698,3.60,34.9,95700,1.00,6.00,11.0,13.0,0.0151,0
2023-05-17 02:27:30,1684304850,3.59,35.0,95700,1e-7,2.00,3.00,4.00,0.0155,0
2023-05-17 02:50:27,1684306228,3.75,34.4,95700,1e-7,1e-7,1e-7,1e-7,,
2023-05-17 03:04:56,1684307097,3.74,34.5,95700,1.00,6.00,11.0,13.0,,
2023-05-17 03:06:31,1684307192,3.75,34.3,95700,1.00,3.00,5.00,5.00,,
2023-05-17 03:39:48,1684309188,3.59,35.0,95700,1e-7,1e-7,1e-7,1e-7,,
2023-05-17 03:44:52,1684309492,3.58,35.1,95700,1.00,2.00,3.00,4.00,,
2023-05-17 03:46:27,1684309587,3.59,35.1,95700,2.00,3.00,4.00,5.00,,
2023-05-17 04:09:42,1684310983,3.61,35.9,95700,1.00,3.00,4.00,4.00,,
2023-05-17 04:14:46,1684311286,3.59,36.0,95700,1.00,2.00,4.00,4.00,0.0109,0
2023-05-17 04:18:43,1684311523,3.57,36.1,95700,1.00,2.00,3.00,3.00,0.0109,0
2023-05-17 04:29:54,1684312195,3.59,36.2,95800,1e-7,1e-7,1e-7,1e-7,0.0104,0
2023-05-17 04:32:07,1684312328,3.58,36.2,95800,1.00,2.00,3.00,4.00,0.0102,0
2023-05-17 04:54:43,1684313684,3.53,36.6,95800,1.00,3.00,5.00,6.00,,
2023-05-17 04:59:47,1684313988,3.51,36.7,95800,2.00,3.00,3.00,4.00,,
2023-05-17 05:04:59,1684314300,3.50,36.5,95800,1.00,2.00,3.00,4.00,,
2023-05-17 05:09:44,1684314585,3.48,36.5,95800,1e-7,2.00,3.00,4.00,,
2023-05-17 05:12:16,1684314737,3.48,36.5,95800,1.00,4.00,8.00,9.00,0.0105,0
2023-05-17 05:34:58,1684316099,3.45,36.0,95800,1.00,2.00,3.00,4.00,,
2023-05-17 05:37:11,1684316232,3.46,35.7,95800,1.00,1.00,3.00,3.00,,
2023-05-17 11:26:50,1684337211,8.44,23.8,96100,1e-7,1e-7,1.00,1.00,,
2023-05-17 11:48:08,1684338489,9.44,21.8,96100,1e-7,2.00,3.00,4.00,,
2023-05-17 11:58:33,1684339114,9.12,22.2,96100,1e-7,1e-7,1e-7,1e-7,,
2023-05-17 12:28:58,1684340938,9.76,24.5,96100,1.00,2.00,4.00,4.00,,
2023-05-17 12:44:57,1684341897,10.9,23.1,96100,1e-7,2.00,4.00,4.00,0.00995,0
2023-05-17 12:49:18,1684342159,11.2,22.4,96100,1.00,3.00,6.00,7.00,0.0111,0
2023-05-17 12:59:53,1684342793,9.31,24.1,96160,1.00,2.00,3.00,4.00,0.0102,0
2023-05-17 13:04:42,1684343083,8.95,24.8,96200,1e-7,4.00,7.00,8.00,0.0106,0
2023-05-17 13:06:35,1684343196,8.98,25.0,96167,1e-7,2.00,3.00,4.00,0.0112,0
2023-05-17 13:19:58,1684343998,10.1,22.8,96100,1.00,4.00,8.00,9.00,0.0191,0
2023-05-17 13:23:05,1684344185,10.4,21.3,96100,1.00,2.00,4.00,4.00,0.0191,0
2023-05-17 13:26:56,1684344416,10.4,20.3,96100,1e-7,4.00,7.00,8.00,0.0185,0
2023-05-17 13:34:56,1684344897,10.4,19.7,96100,1e-7,1.00,2.00,3.00,0.0185,0
2023-05-17 13:39:41,1684345182,10.5,20.4,96100,1e-7,2.00,4.00,4.00,0.0137,0
2023-05-17 13:44:23,1684345463,10.7,20.5,96100,1.00,6.00,11.0,13.0,0.0121,0
2023-05-17 13:54:43,1684346084,8.45,30.5,96200,1.00,1.00,3.00,3.00,0.0125,0
2023-05-17 13:57:51,1684346272,7.59,30.4,96200,1.00,2.00,4.00,4.00,0.0133,0
2023-05-17 14:03:20,1684346601,6.42,30.7,96200,1e-7,1e-7,1e-7,1e-7,0.0194,0
2023-05-17 14:10:13,1684347014,5.98,32.6,96200,1e-7,1.00,3.00,3.00,0.0229,0
2023-05-17 14:39:42,1684348783,8.18,30.2,96200,1e-7,2.00,4.00,4.00,,
2023-05-17 14:41:17,1684348877,8.34,29.9,96200,1.00,1.00,2.00,2.00,,
2023-05-17 14:54:49,1684349690,9.58,27.4,96200,1e-7,2.00,4.00,4.00,,
2023-05-17 14:59:50,1684349991,9.63,26.8,96200,2.00,7.00,12.0,14.0,0.00995,0
2023-05-17 15:00:09,1684350010,9.52,26.7,96200,1e-7,1e-7,1e-7,1e-7,0.0181,0
2023-05-17 15:59:58,1684353598,10.6,21.4,96200,1e-7,1.00,3.00,3.00,,
2023-05-17 16:04:59,1684353899,10.2,22.6,96206,1.00,4.00,7.00,9.00,,
2023-05-17 16:06:32,1684353992,9.72,23.9,96300,1e-7,2.00,4.00,4.00,,
2023-05-17 16:11:33,1684354294,9.39,25.1,96300,1e-7,2.00,4.00,4.00,,
2023-05-17 16:34:25,1684355666,11.2,23.4,96269,1.00,2.00,3.00,4.00,,
2023-05-17 16:44:48,1684356289,11.5,22.2,96300,1e-7,2.00,3.00,4.00,0.0112,0
2023-05-17 16:49:48,1684356589,11.5,22.8,96300,1.00,9.00,15.0,18.0,0.0172,0
2023-05-17 16:53:14,1684356795,11.5,22.9,96300,1.00,2.00,3.00,3.00,0.0293,0
2023-05-17 17:04:52,1684357493,11.4,23.7,96300,1e-7,1e-7,1e-7,1e-7,0.0293,0
2023-05-17 17:09:52,1684357793,11.4,23.7,96300,1.00,3.00,5.00,7.00,0.0241,0
2023-05-17 17:10:30,1684357830,11.4,23.6,96300,1e-7,2.00,3.00,4.00,0.00938,0
2023-05-17 17:21:47,1684358508,10.4,25.6,96350,1e-7,1e-7,1e-7,1e-7,0.0105,0
2023-05-17 17:44:55,1684359895,7.94,35.8,96400,1e-7,2.00,4.00,4.00,,
2023-05-17 17:49:56,1684360196,8.21,35.4,96400,1.00,2.00,3.00,3.00,,
2023-05-17 17:50:15,1684360215,8.35,36.6,96400,1e-7,1e-7,1e-7,1e-7,,
2023-05-17 17:59:42,1684360782,8.85,34.4,96400,1e-7,1.00,3.00,3.00,,
2023-05-17 18:04:42,1684361083,9.18,32.9,96400,1e-7,1e-7,1e-7,1e-7,0.00995,0
2023-05-17 18:05:39,1684361139,9.40,32.7,96400,1e-7,1e-7,1e-7,1e-7,0.00995,0
2023-05-17 18:19:58,1684361998,10.1,29.0,96400,1e-7,1.00,3.00,3.00,0.00995,0
2023-05-17 18:22:28,1684362149,9.97,28.2,96400,1e-7,1e-7,1e-7,1e-7,0.00995,0
2023-05-17 18:34:33,1684362874,8.45,29.3,96400,1e-7,1e-7,1e-7,1e-7,0.00995,0
2023-05-17 18:39:42,1684363183,8.30,31.3,96400,1e-7,2.00,4.00,5.00,0.0103,0
2023-05-17 18:43:28,1684363408,8.14,31.4,96450,1e-7,2.00,3.00,4.00,0.0103,0
2023-05-17 18:49:58,1684363798,7.85,31.9,96443,1e-7,1e-7,1e-7,1e-7,0.0103,0
2023-05-17 18:54:41,1684364081,7.64,31.8,96500,1e-7,1.00,1.00,2.00,0.0103,0
2023-05-17 18:59:43,1684364383,7.53,32.0,96500,1.00,2.00,4.00,4.00,0.0103,0
2023-05-17 19:00:58,1684364459,7.54,32.1,96500,1e-7,1e-7,1e-7,1e-7,0.00995,0
2023-05-17 19:13:05,1684365186,7.57,31.2,96500,1e-7,1e-7,1e-7,1e-7,0.00995,0
2023-05-17 20:02:04,1684368125,5.97,34.2,96600,1e-7,2.00,3.00,4.00,,
2023-05-17 20:33:27,1684370007,4.44,36.2,96600,1e-7,1e-7,1e-7,1e-7,,
2023-05-17 21:39:57,1684373998,3.84,37.5,96700,1e-7,2.00,4.00,4.00,,
2023-05-17 21:43:08,1684374188,3.82,37.3,96700,1e-7,4.00,8.00,9.00,,
2023-05-17 22:39:42,1684377583,4.09,38.5,96800,1e-7,1e-7,1e-7,1e-7,,
2023-05-17 22:42:13,1684377734,4.10,37.5,96800,1e-7,1e-7,1e-7,1e-7,,
2023-05-17 22:49:53,1684378193,4.15,37.0,96800,1.00,1.00,1.00,1.00,0.0150,0
2023-05-17 22:54:57,1684378497,4.19,36.7,96800,1e-7,2.00,4.00,4.00,0.0135,0
2023-05-17 22:55:16,1684378516,4.21,36.5,96800,1e-7,4.00,7.00,8.00,0.00995,0
2023-05-17 23:09:57,1684379397,4.21,36.2,96800,1e-7,1e-7,1e-7,1e-7,0.0137,0
2023-05-17 23:14:42,1684379682,4.20,36.2,96800,1.00,2.00,3.00,4.00,0.0139,0
2023-05-17 23:19:46,1684379987,4.21,36.1,96856,1.00,3.00,6.00,7.00,0.0139,0
2023-05-17 23:22:37,1684380158,4.22,36.0,96800,1.00,2.00,3.00,4.00,0.0110,0
2023-05-17 23:29:50,1684380590,4.13,35.6,96900,1e-7,1e-7,1e-7,1e-7,0.0100,0
2023-05-17 23:34:17,1684380858,4.07,35.6,96900,1.00,4.00,6.00,7.00,0.0114,0
2023-05-17 23:54:47,1684382087,3.85,34.9,96900,1e-7,1.00,1.00,2.00,,
2023-05-17 23:59:51,1684382391,3.83,34.8,96900,1.00,2.00,4.00,4.00,,
2023-05-18 00:04:55,1684382695,3.76,34.7,96900,1.00,3.00,6.00,7.00,,
2023-05-18 00:09:59,1684382999,3.71,34.7,96900,1.00,5.00,8.00,9.00,0.0114,0
2023-05-18 00:14:44,1684383284,3.63,34.7,96900,1.00,4.00,6.00,8.00,0.0124,0
2023-05-18 00:19:48,1684383588,3.54,34.7,96900,1.00,2.00,3.00,4.00,0.0189,0
2023-05-18 00:24:52,1684383892,3.47,34.6,96900,1.00,3.00,4.00,5.00,0.0176,0
2023-05-18 00:29:56,1684384196,3.43,34.6,96900,1.00,2.00,3.00,4.00,0.0112,0
2023-05-18 00:33:44,1684384424,3.40,34.5,96900,1e-7,2.00,3.00,4.00,0.0112,0
2023-05-18 00:54:23,1684385663,3.24,34.6,96900,1e-7,1e-7,1e-7,1e-7,,
2023-05-18 01:04:58,1684386299,3.26,34.7,96900,1e-7,2.00,3.00,4.00,,
2023-05-18 01:05:55,1684386356,3.29,34.5,96900,1.00,2.00,3.00,3.00,,
2023-05-18 01:21:45,1684387306,3.55,34.2,96900,1.00,1.00,2.00,2.00,,
2023-05-18 01:54:44,1684389284,4.14,33.4,96943,1.00,3.00,5.00,7.00,,
2023-05-18 01:57:16,1684389436,4.15,33.3,96988,2.00,4.00,5.00,5.00,,
2023-05-18 02:11:13,1684390274,4.19,33.1,97000,1e-7,1e-7,1e-7,1e-7,,
2023-05-18 02:21:40,1684390901,4.23,33.1,97000,1e-7,1e-7,1e-7,1e-7,,
2023-05-18 03:53:02,1684396382,4.35,32.6,97000,1e-7,1e-7,1e-7,1e-7,,
2023-05-18 05:19:46,1684401586,4.26,33.8,97100,1e-7,2.00,4.00,4.00,,
2023-05-18 05:20:05,1684401605,4.25,33.9,97100,1e-7,1e-7,1e-7,1e-7,,
2023-05-18 11:28:00,1684423680,16.1,23.4,97400,1e-7,1.00,3.00,3.00,,
2023-05-18 12:39:27,1684427968,18.1,21.0,97400,1e-7,2.00,3.00,4.00,,
2023-05-18 13:02:04,1684429325,18.6,20.1,97400,1e-7,1.00,2.00,3.00,,
2023-05-18 13:12:40,1684429960,18.7,18.6,97400,1e-7,1.00,1.00,2.00,,
2023-05-18 13:59:48,1684432789,20.0,18.0,97300,1.00,5.00,8.00,10.0,,
2023-05-18 14:01:58,1684432918,20.0,18.2,97300,1.00,2.00,3.00,4.00,0.0166,0
2023-05-18 14:10:57,1684433458,20.2,18.4,97300,1e-7,1e-7,1e-7,1e-7,,
2023-05-21 05:47:34,1684662454,17.1,57.3,95600,2.00,2.00,2.00,2.00,,
2023-05-23 12:31:44,1684859504,25.9,16.6,97600,2.00,2.00,4.00,4.00,,
2023-06-03 12:22:55,1685809376,25.9,15.8,97700,1e-7,1.00,1.00,2.00,,
